nohup: 忽略输入
2026-05-25 21:03:48.609 | INFO     | __main__:<module>:296 - Starting MMDFL real server algorithm=DFL_MM device=cuda:0 dataset=cifar10 users=10 token_count=2 seed=1
2026-05-25 21:03:49.721 | INFO     | __main__:<module>:350 - No checkpoint restored at logs_real/mmdfl_real_server/checkpoints/dfl_mm_seed1/checkpoint.pt, starting from round 0 fresh_start=0
2026-05-25 21:03:49.721 | INFO     | __main__:<module>:352 - Token locations at start_round=0: [2, 1] waiting_clients=10
2026-05-25 21:03:49.721 | DEBUG    | utils.ConnectHandler_server:__init__:141 - server boot...
2026-05-25 21:03:49.721 | DEBUG    | utils.ConnectHandler_server:register:120 - waiting clients to connect...
2026-05-25 21:04:39.471 | DEBUG    | utils.ConnectHandler_server:register:125 - client addr:('192.0.2.121', 51710) connected
2026-05-25 21:04:39.474 | INFO     | utils.ConnectHandler_server:receive:71 - 18bytes data to be received from client#('192.0.2.121', 51710)

═════════════════════════ 数据分配最终审计 ═════════════════════════
✅ ID 0 (Nano  ) | 样本:  2000 | 类别:  5/10 | 不均衡度: 466.3
✅ ID 1 (Nano  ) | 样本:  2000 | 类别:  6/10 | 不均衡度: 235.2
✅ ID 2 (Nano  ) | 样本:  2000 | 类别:  3/10 | 不均衡度: 587.1
✅ ID 3 (Nano  ) | 样本:  2000 | 类别:  5/10 | 不均衡度: 445.1
✅ ID 4 (Nano  ) | 样本:  2000 | 类别:  5/10 | 不均衡度: 567.5
✅ ID 5 (Nano  ) | 样本:  2000 | 类别:  4/10 | 不均衡度: 539.8
✅ ID 6 (Nano  ) | 样本:  2000 | 类别:  4/10 | 不均衡度: 437.7
✅ ID 7 (Xavier) | 样本: 12000 | 类别:  5/10 | 不均衡度: 1819.2
✅ ID 8 (Xavier) | 样本: 14032 | 类别:  6/10 | 不均衡度: 1954.3
✅ ID 9 (Orin  ) | 样本:  9968 | 类别:  7/10 | 不均衡度: 1561.5
Total samples: 50000/50000
══════════════════════════════════════════════════════════════════


  0%|          | 0/18 [00:00<?, ?iteration/s]2026-05-25 21:04:39.478 | INFO     | utils.ConnectHandler_server:receive:80 - receive completed

100%|██████████| 18/18 [00:00<00:00, 36002.61iteration/s]
2026-05-25 21:04:39.479 | INFO     | utils.ConnectHandler_server:register:128 - receive msg from client#0
2026-05-25 21:04:39.479 | DEBUG    | utils.ConnectHandler_server:register:131 - client#0 registered
2026-05-25 21:04:48.823 | DEBUG    | utils.ConnectHandler_server:register:125 - client addr:('192.0.2.231', 38856) connected
2026-05-25 21:04:48.825 | INFO     | utils.ConnectHandler_server:receive:71 - 18bytes data to be received from client#('192.0.2.231', 38856)

  0%|          | 0/18 [00:00<?, ?iteration/s]2026-05-25 21:04:48.826 | INFO     | utils.ConnectHandler_server:receive:80 - receive completed

100%|██████████| 18/18 [00:00<00:00, 23689.20iteration/s]
2026-05-25 21:04:48.827 | INFO     | utils.ConnectHandler_server:register:128 - receive msg from client#2
2026-05-25 21:04:48.827 | DEBUG    | utils.ConnectHandler_server:register:131 - client#2 registered
2026-05-25 21:04:51.825 | DEBUG    | utils.ConnectHandler_server:register:125 - client addr:('192.0.2.237', 48416) connected
2026-05-25 21:04:51.828 | INFO     | utils.ConnectHandler_server:receive:71 - 18bytes data to be received from client#('192.0.2.237', 48416)

  0%|          | 0/18 [00:00<?, ?iteration/s]2026-05-25 21:04:51.830 | INFO     | utils.ConnectHandler_server:receive:80 - receive completed

100%|██████████| 18/18 [00:00<00:00, 16369.79iteration/s]
2026-05-25 21:04:51.831 | INFO     | utils.ConnectHandler_server:register:128 - receive msg from client#1
2026-05-25 21:04:51.831 | DEBUG    | utils.ConnectHandler_server:register:131 - client#1 registered
2026-05-25 21:04:56.746 | DEBUG    | utils.ConnectHandler_server:register:125 - client addr:('192.0.2.7', 36334) connected
2026-05-25 21:04:56.748 | INFO     | utils.ConnectHandler_server:receive:71 - 18bytes data to be received from client#('192.0.2.7', 36334)

  0%|          | 0/18 [00:00<?, ?iteration/s]2026-05-25 21:04:56.749 | INFO     | utils.ConnectHandler_server:receive:80 - receive completed

100%|██████████| 18/18 [00:00<00:00, 42271.82iteration/s]
2026-05-25 21:04:56.750 | INFO     | utils.ConnectHandler_server:register:128 - receive msg from client#3
2026-05-25 21:04:56.750 | DEBUG    | utils.ConnectHandler_server:register:131 - client#3 registered
2026-05-25 21:05:03.089 | DEBUG    | utils.ConnectHandler_server:register:125 - client addr:('192.0.2.161', 41072) connected
2026-05-25 21:05:03.091 | INFO     | utils.ConnectHandler_server:receive:71 - 18bytes data to be received from client#('192.0.2.161', 41072)

  0%|          | 0/18 [00:00<?, ?iteration/s]2026-05-25 21:05:03.092 | INFO     | utils.ConnectHandler_server:receive:80 - receive completed

100%|██████████| 18/18 [00:00<00:00, 42581.77iteration/s]
2026-05-25 21:05:03.093 | INFO     | utils.ConnectHandler_server:register:128 - receive msg from client#4
2026-05-25 21:05:03.093 | DEBUG    | utils.ConnectHandler_server:register:131 - client#4 registered
2026-05-25 21:05:13.583 | DEBUG    | utils.ConnectHandler_server:register:125 - client addr:('192.0.2.239', 50770) connected
2026-05-25 21:05:13.585 | INFO     | utils.ConnectHandler_server:receive:71 - 18bytes data to be received from client#('192.0.2.239', 50770)

  0%|          | 0/18 [00:00<?, ?iteration/s]2026-05-25 21:05:13.586 | INFO     | utils.ConnectHandler_server:receive:80 - receive completed

100%|██████████| 18/18 [00:00<00:00, 42605.80iteration/s]
2026-05-25 21:05:13.587 | INFO     | utils.ConnectHandler_server:register:128 - receive msg from client#5
2026-05-25 21:05:13.587 | DEBUG    | utils.ConnectHandler_server:register:131 - client#5 registered
2026-05-25 21:05:20.397 | DEBUG    | utils.ConnectHandler_server:register:125 - client addr:('192.0.2.243', 33240) connected
2026-05-25 21:05:20.400 | INFO     | utils.ConnectHandler_server:receive:71 - 18bytes data to be received from client#('192.0.2.243', 33240)

  0%|          | 0/18 [00:00<?, ?iteration/s]2026-05-25 21:05:20.401 | INFO     | utils.ConnectHandler_server:receive:80 - receive completed

100%|██████████| 18/18 [00:00<00:00, 44228.16iteration/s]
2026-05-25 21:05:20.402 | INFO     | utils.ConnectHandler_server:register:128 - receive msg from client#7
2026-05-25 21:05:20.402 | DEBUG    | utils.ConnectHandler_server:register:131 - client#7 registered
2026-05-25 21:05:21.878 | DEBUG    | utils.ConnectHandler_server:register:125 - client addr:('192.0.2.142', 35668) connected
2026-05-25 21:05:21.880 | INFO     | utils.ConnectHandler_server:receive:71 - 18bytes data to be received from client#('192.0.2.142', 35668)

  0%|          | 0/18 [00:00<?, ?iteration/s]2026-05-25 21:05:21.881 | INFO     | utils.ConnectHandler_server:receive:80 - receive completed

100%|██████████| 18/18 [00:00<00:00, 41210.41iteration/s]
2026-05-25 21:05:21.881 | INFO     | utils.ConnectHandler_server:register:128 - receive msg from client#6
2026-05-25 21:05:21.882 | DEBUG    | utils.ConnectHandler_server:register:131 - client#6 registered
2026-05-25 21:05:32.970 | DEBUG    | utils.ConnectHandler_server:register:125 - client addr:('192.0.2.198', 58836) connected
2026-05-25 21:05:32.977 | INFO     | utils.ConnectHandler_server:receive:71 - 18bytes data to be received from client#('192.0.2.198', 58836)

  0%|          | 0/18 [00:00<?, ?iteration/s]2026-05-25 21:05:32.979 | INFO     | utils.ConnectHandler_server:receive:80 - receive completed

100%|██████████| 18/18 [00:00<00:00, 16444.67iteration/s]
2026-05-25 21:05:32.980 | INFO     | utils.ConnectHandler_server:register:128 - receive msg from client#8
2026-05-25 21:05:32.980 | DEBUG    | utils.ConnectHandler_server:register:131 - client#8 registered
2026-05-25 21:05:34.728 | DEBUG    | utils.ConnectHandler_server:register:125 - client addr:('192.0.2.19', 43272) connected
2026-05-25 21:05:34.729 | INFO     | utils.ConnectHandler_server:receive:71 - 22bytes data to be received from client#('192.0.2.19', 43272)

  0%|          | 0/22 [00:00<?, ?iteration/s]2026-05-25 21:05:34.730 | INFO     | utils.ConnectHandler_server:receive:80 - receive completed

100%|██████████| 22/22 [00:00<00:00, 52788.72iteration/s]
2026-05-25 21:05:34.730 | INFO     | utils.ConnectHandler_server:register:128 - receive msg from client#9
2026-05-25 21:05:34.731 | DEBUG    | utils.ConnectHandler_server:register:131 - client#9 registered
2026-05-25 21:05:34.731 | DEBUG    | utils.ConnectHandler_server:register:135 - all clients are ready
2026-05-25 21:05:34.731 | INFO     | __main__:<module>:374 - 2026-05-25 21:05:34 ROUND=0 start token_locations=[2, 1] active_clients=[0, 1, 2, 3, 4, 5, 6, 7, 8, 9]
2026-05-25 21:05:34.756 | INFO     | utils.ConnectHandler_server:send:28 - sending data (19699823 bytes) to client#2...
2026-05-25 21:05:36.421 | INFO     | utils.ConnectHandler_server:send:34 - sending data (19699823 bytes) to client#2 completely
2026-05-25 21:05:36.421 | INFO     | __main__:<module>:418 - 2026-05-25 21:05:36 SEND round=0 token=0 cid=2 payload_mb=18.787 duration=1.676s
2026-05-25 21:05:36.442 | INFO     | utils.ConnectHandler_server:send:28 - sending data (19699822 bytes) to client#1...
2026-05-25 21:05:38.112 | INFO     | utils.ConnectHandler_server:send:34 - sending data (19699822 bytes) to client#1 completely
2026-05-25 21:05:38.112 | INFO     | __main__:<module>:418 - 2026-05-25 21:05:38 SEND round=0 token=1 cid=1 payload_mb=18.787 duration=1.680s
2026-05-25 21:07:21.523 | INFO     | utils.ConnectHandler_server:receive:71 - 19697021bytes data to be received from client#2

  0%|          | 0/19697021 [00:00<?, ?iteration/s]
  6%|▌         | 1167088/19697021 [00:00<00:01, 11665551.06iteration/s]
 12%|█▏        | 2342864/19697021 [00:00<00:01, 11713218.28iteration/s]
 18%|█▊        | 3520088/19697021 [00:00<00:01, 11731048.03iteration/s]
 24%|██▍       | 4695864/19697021 [00:00<00:01, 11736071.15iteration/s]
 30%|██▉       | 5871640/19697021 [00:00<00:01, 11738616.12iteration/s]
 36%|███▌      | 7050312/19697021 [00:00<00:01, 11742958.68iteration/s]
 42%|████▏     | 8228984/19697021 [00:00<00:00, 11753408.46iteration/s]
 48%|████▊     | 9407656/19697021 [00:00<00:00, 11753739.24iteration/s]
 54%|█████▍    | 10587776/19697021 [00:00<00:00, 11753040.52iteration/s]
 60%|█████▉    | 11769344/19697021 [00:01<00:00, 11754323.55iteration/s]
 66%|██████▌   | 12945120/19697021 [00:01<00:00, 11754015.73iteration/s]
 72%|███████▏  | 14125240/19697021 [00:01<00:00, 11748451.76iteration/s]
 78%|███████▊  | 15311152/19697021 [00:01<00:00, 11750785.02iteration/s]
 84%|████████▎ | 16495616/19697021 [00:01<00:00, 11756655.12iteration/s]
 90%|████████▉ | 17677184/19697021 [00:01<00:00, 11747981.02iteration/s]
 96%|█████████▌| 18860200/19697021 [00:01<00:00, 11758826.74iteration/s]2026-05-25 21:07:23.202 | INFO     | utils.ConnectHandler_server:receive:80 - receive completed

100%|██████████| 19697021/19697021 [00:01<00:00, 11673085.53iteration/s]
2026-05-25 21:07:23.221 | INFO     | __main__:<module>:438 - 2026-05-25 21:07:23 RECV round=0 token=0 cid=2 train_duration=97.52155995368958 battery=149168.09J
2026-05-25 21:07:23.221 | INFO     | utils.ConnectHandler_server:send:28 - sending data (59 bytes) to client#2...
2026-05-25 21:07:23.221 | INFO     | utils.ConnectHandler_server:send:34 - sending data (59 bytes) to client#2 completely
2026-05-25 21:07:53.833 | INFO     | utils.ConnectHandler_server:receive:71 - 19697033bytes data to be received from client#1

  0%|          | 0/19697033 [00:00<?, ?iteration/s]
  6%|▌         | 1167088/19697033 [00:00<00:01, 11634719.01iteration/s]
 12%|█▏        | 2345760/19697033 [00:00<00:01, 11711523.81iteration/s]
 18%|█▊        | 3521536/19697033 [00:00<00:01, 11728266.01iteration/s]
 24%|██▍       | 4700208/19697033 [00:00<00:01, 11739325.43iteration/s]
 30%|██▉       | 5875984/19697033 [00:00<00:01, 11744909.64iteration/s]
 36%|███▌      | 7053208/19697033 [00:00<00:01, 11744039.21iteration/s]
 42%|████▏     | 8234776/19697033 [00:00<00:00, 11750101.19iteration/s]
 48%|████▊     | 9416344/19697033 [00:00<00:00, 11752450.30iteration/s]
 54%|█████▍    | 10593568/19697033 [00:00<00:00, 11746109.61iteration/s]
 60%|█████▉    | 11772240/19697033 [00:01<00:00, 11745778.04iteration/s]
 66%|██████▌   | 12953808/19697033 [00:01<00:00, 11753409.05iteration/s]
 72%|███████▏  | 14138272/19697033 [00:01<00:00, 11755242.26iteration/s]
 78%|███████▊  | 15324184/19697033 [00:01<00:00, 11753493.62iteration/s]
 84%|████████▍ | 16499960/19697033 [00:01<00:00, 11752732.24iteration/s]
 90%|████████▉ | 17685872/19697033 [00:01<00:00, 11749879.12iteration/s]
 96%|█████████▌| 18873232/19697033 [00:01<00:00, 11754365.67iteration/s]2026-05-25 21:07:55.511 | INFO     | utils.ConnectHandler_server:receive:80 - receive completed

100%|██████████| 19697033/19697033 [00:01<00:00, 11678752.63iteration/s]
2026-05-25 21:07:55.529 | INFO     | __main__:<module>:438 - 2026-05-25 21:07:55 RECV round=0 token=1 cid=1 train_duration=122.89387679100037 battery=148951.65J
2026-05-25 21:07:55.529 | INFO     | utils.ConnectHandler_server:send:28 - sending data (59 bytes) to client#1...
2026-05-25 21:07:55.529 | INFO     | utils.ConnectHandler_server:send:34 - sending data (59 bytes) to client#1 completely
2026-05-25 21:07:58.556 | INFO     | __main__:<module>:552 - 2026-05-25 21:07:58 ROUND=0 end avg_acc=15.8650 best_acc=15.8650 duration=143.80s comm_mb=75.138 locations_after=[7, 0] checkpoint=logs_real/mmdfl_real_server/checkpoints/dfl_mm_seed1/checkpoint.pt
2026-05-25 21:07:58.556 | INFO     | __main__:<module>:374 - 2026-05-25 21:07:58 ROUND=1 start token_locations=[7, 0] active_clients=[0, 1, 2, 3, 4, 5, 6, 7, 8, 9]
2026-05-25 21:07:58.586 | INFO     | utils.ConnectHandler_server:send:28 - sending data (19729794 bytes) to client#7...
2026-05-25 21:08:00.236 | INFO     | utils.ConnectHandler_server:send:34 - sending data (19729794 bytes) to client#7 completely
2026-05-25 21:08:00.236 | INFO     | __main__:<module>:418 - 2026-05-25 21:08:00 SEND round=1 token=0 cid=7 payload_mb=18.816 duration=1.661s
2026-05-25 21:08:00.255 | INFO     | utils.ConnectHandler_server:send:28 - sending data (19699826 bytes) to client#0...
2026-05-25 21:08:01.903 | INFO     | utils.ConnectHandler_server:send:34 - sending data (19699826 bytes) to client#0 completely
2026-05-25 21:08:01.903 | INFO     | __main__:<module>:418 - 2026-05-25 21:08:01 SEND round=1 token=1 cid=0 payload_mb=18.787 duration=1.658s
2026-05-25 21:10:17.617 | INFO     | utils.ConnectHandler_server:receive:71 - 19697043bytes data to be received from client#0

  0%|          | 0/19697043 [00:00<?, ?iteration/s]
  6%|▌         | 1165640/19697043 [00:00<00:01, 11638319.46iteration/s]
 12%|█▏        | 2342864/19697043 [00:00<00:01, 11708240.35iteration/s]
 18%|█▊        | 3521536/19697043 [00:00<00:01, 11731942.16iteration/s]
 24%|██▍       | 4695864/19697043 [00:00<00:01, 11730076.11iteration/s]
 30%|██▉       | 5874536/19697043 [00:00<00:01, 11745340.47iteration/s]
 36%|███▌      | 7053208/19697043 [00:00<00:01, 11743109.03iteration/s]
 42%|████▏     | 8230432/19697043 [00:00<00:00, 11745354.60iteration/s]
 48%|████▊     | 9407656/19697043 [00:00<00:00, 11749007.00iteration/s]
 54%|█████▎    | 10583432/19697043 [00:00<00:00, 11751507.03iteration/s]
 60%|█████▉    | 11760656/19697043 [00:01<00:00, 11752598.79iteration/s]
 66%|██████▌   | 12942224/19697043 [00:01<00:00, 11751313.02iteration/s]
 72%|███████▏  | 14123792/19697043 [00:01<00:00, 11756919.38iteration/s]
 78%|███████▊  | 15306808/19697043 [00:01<00:00, 11751300.21iteration/s]
 84%|████████▎ | 16488376/19697043 [00:01<00:00, 11752035.17iteration/s]
 90%|████████▉ | 17665600/19697043 [00:01<00:00, 11752678.93iteration/s]
 96%|█████████▌| 18850064/19697043 [00:01<00:00, 11753462.09iteration/s]2026-05-25 21:10:19.295 | INFO     | utils.ConnectHandler_server:receive:80 - receive completed

100%|██████████| 19697043/19697043 [00:01<00:00, 11682580.10iteration/s]
2026-05-25 21:10:19.314 | INFO     | __main__:<module>:438 - 2026-05-25 21:10:19 RECV round=1 token=1 cid=0 train_duration=122.11588907241821 battery=148958.29J
2026-05-25 21:10:19.314 | INFO     | utils.ConnectHandler_server:send:28 - sending data (59 bytes) to client#0...
2026-05-25 21:10:19.315 | INFO     | utils.ConnectHandler_server:send:34 - sending data (59 bytes) to client#0 completely
2026-05-25 21:10:38.843 | INFO     | utils.ConnectHandler_server:receive:71 - 19697437bytes data to be received from client#7

  0%|          | 0/19697437 [00:00<?, ?iteration/s]
  6%|▌         | 1171432/19697437 [00:00<00:01, 11709585.14iteration/s]
 12%|█▏        | 2344312/19697437 [00:00<00:01, 11713222.39iteration/s]
 18%|█▊        | 3518640/19697437 [00:00<00:01, 11715905.62iteration/s]
 24%|██▍       | 4691520/19697437 [00:00<00:01, 11718681.91iteration/s]
 30%|██▉       | 5865848/19697437 [00:00<00:01, 11717110.66iteration/s]
 36%|███▌      | 7043072/19697437 [00:00<00:01, 11724986.68iteration/s]
 42%|████▏     | 8217400/19697437 [00:00<00:00, 11729931.21iteration/s]
 48%|████▊     | 9394624/19697437 [00:00<00:00, 11741823.97iteration/s]
 54%|█████▎    | 10570400/19697437 [00:00<00:00, 11732536.27iteration/s]
 60%|█████▉    | 11744728/19697437 [00:01<00:00, 11734756.58iteration/s]
 66%|██████▌   | 12921952/19697437 [00:01<00:00, 11742257.26iteration/s]
 72%|███████▏  | 14102072/19697437 [00:01<00:00, 11742816.47iteration/s]
 78%|███████▊  | 15287984/19697437 [00:01<00:00, 11745607.42iteration/s]
 84%|████████▎ | 16466656/19697437 [00:01<00:00, 11736899.93iteration/s]
 90%|████████▉ | 17652568/19697437 [00:01<00:00, 11729681.41iteration/s]
 96%|█████████▌| 18832688/19697437 [00:01<00:00, 11736631.02iteration/s]2026-05-25 21:10:40.523 | INFO     | utils.ConnectHandler_server:receive:80 - receive completed

100%|██████████| 19697437/19697437 [00:01<00:00, 11663933.24iteration/s]
2026-05-25 21:10:40.546 | INFO     | __main__:<module>:438 - 2026-05-25 21:10:40 RECV round=1 token=0 cid=7 train_duration=154.63458228111267 battery=147620.07J
2026-05-25 21:10:40.546 | INFO     | utils.ConnectHandler_server:send:28 - sending data (59 bytes) to client#7...
2026-05-25 21:10:40.546 | INFO     | utils.ConnectHandler_server:send:34 - sending data (59 bytes) to client#7 completely
2026-05-25 21:10:43.314 | INFO     | __main__:<module>:552 - 2026-05-25 21:10:43 ROUND=1 end avg_acc=23.0050 best_acc=23.0050 duration=164.71s comm_mb=75.167 locations_after=[8, 1] checkpoint=logs_real/mmdfl_real_server/checkpoints/dfl_mm_seed1/checkpoint.pt
2026-05-25 21:10:43.314 | INFO     | __main__:<module>:374 - 2026-05-25 21:10:43 ROUND=2 start token_locations=[8, 1] active_clients=[0, 1, 2, 3, 4, 5, 6, 7, 8, 9]
2026-05-25 21:10:43.336 | INFO     | utils.ConnectHandler_server:send:28 - sending data (19735891 bytes) to client#8...
2026-05-25 21:10:44.962 | INFO     | utils.ConnectHandler_server:send:34 - sending data (19735891 bytes) to client#8 completely
2026-05-25 21:10:44.962 | INFO     | __main__:<module>:418 - 2026-05-25 21:10:44 SEND round=2 token=0 cid=8 payload_mb=18.822 duration=1.637s
2026-05-25 21:10:44.983 | INFO     | utils.ConnectHandler_server:send:28 - sending data (19699822 bytes) to client#1...
2026-05-25 21:10:46.659 | INFO     | utils.ConnectHandler_server:send:34 - sending data (19699822 bytes) to client#1 completely
2026-05-25 21:10:46.659 | INFO     | __main__:<module>:418 - 2026-05-25 21:10:46 SEND round=2 token=1 cid=1 payload_mb=18.787 duration=1.687s
2026-05-25 21:12:37.932 | INFO     | utils.ConnectHandler_server:receive:71 - 19696965bytes data to be received from client#1

  0%|          | 0/19696965 [00:00<?, ?iteration/s]
  6%|▌         | 1168536/19696965 [00:00<00:01, 11670957.40iteration/s]
 12%|█▏        | 2344312/19696965 [00:00<00:01, 11717317.34iteration/s]
 18%|█▊        | 3521536/19696965 [00:00<00:01, 11737280.24iteration/s]
 24%|██▍       | 4695864/19696965 [00:00<00:01, 11736748.18iteration/s]
 30%|██▉       | 5877432/19696965 [00:00<00:01, 11756654.08iteration/s]
 36%|███▌      | 7056104/19696965 [00:00<00:01, 11755037.20iteration/s]
 42%|████▏     | 8236224/19696965 [00:00<00:00, 11755992.63iteration/s]
 48%|████▊     | 9416344/19696965 [00:00<00:00, 11756636.02iteration/s]
 54%|█████▍    | 10599360/19696965 [00:00<00:00, 11759948.97iteration/s]
 60%|█████▉    | 11778032/19696965 [00:01<00:00, 11759640.22iteration/s]
 66%|██████▌   | 12959600/19696965 [00:01<00:00, 11750893.79iteration/s]
 72%|███████▏  | 14139720/19696965 [00:01<00:00, 11756310.11iteration/s]
 78%|███████▊  | 15318392/19696965 [00:01<00:00, 11760511.20iteration/s]
 84%|████████▍ | 16498512/19696965 [00:01<00:00, 11756347.00iteration/s]
 90%|████████▉ | 17687320/19696965 [00:01<00:00, 11758785.24iteration/s]
 96%|█████████▌| 18877576/19696965 [00:01<00:00, 11761572.74iteration/s]2026-05-25 21:12:39.610 | INFO     | utils.ConnectHandler_server:receive:80 - receive completed

100%|██████████| 19696965/19696965 [00:01<00:00, 11683794.46iteration/s]
2026-05-25 21:12:39.628 | INFO     | __main__:<module>:438 - 2026-05-25 21:12:39 RECV round=2 token=1 cid=1 train_duration=110.24486136436462 battery=148011.21J
2026-05-25 21:12:39.629 | INFO     | utils.ConnectHandler_server:send:28 - sending data (59 bytes) to client#1...
2026-05-25 21:12:39.629 | INFO     | utils.ConnectHandler_server:send:34 - sending data (59 bytes) to client#1 completely
2026-05-25 21:14:44.991 | INFO     | utils.ConnectHandler_server:receive:71 - 19697437bytes data to be received from client#8

  0%|          | 0/19697437 [00:00<?, ?iteration/s]
  6%|▌         | 1159848/19697437 [00:00<00:01, 11596362.17iteration/s]
 12%|█▏        | 2334176/19697437 [00:00<00:01, 11673976.83iteration/s]
 18%|█▊        | 3508504/19697437 [00:00<00:01, 11694694.11iteration/s]
 24%|██▍       | 4678488/19697437 [00:00<00:01, 11669412.47iteration/s]
 30%|██▉       | 5849920/19697437 [00:00<00:01, 11685387.10iteration/s]
 36%|███▌      | 7028592/19697437 [00:00<00:01, 11708215.31iteration/s]
 42%|████▏     | 8205816/19697437 [00:00<00:00, 11720525.07iteration/s]
 48%|████▊     | 9381592/19697437 [00:00<00:00, 11723586.09iteration/s]
 54%|█████▎    | 10558816/19697437 [00:00<00:00, 11729566.71iteration/s]
 60%|█████▉    | 11740384/19697437 [00:01<00:00, 11726975.91iteration/s]
 66%|██████▌   | 12921952/19697437 [00:01<00:00, 11728346.78iteration/s]
 72%|███████▏  | 14102072/19697437 [00:01<00:00, 11736100.07iteration/s]
 78%|███████▊  | 15280744/19697437 [00:01<00:00, 11731515.92iteration/s]
 84%|████████▎ | 16465208/19697437 [00:01<00:00, 11739553.83iteration/s]
 90%|████████▉ | 17648224/19697437 [00:01<00:00, 11731423.58iteration/s]
 96%|█████████▌| 18831240/19697437 [00:01<00:00, 11720282.04iteration/s]2026-05-25 21:14:46.674 | INFO     | utils.ConnectHandler_server:receive:80 - receive completed

100%|██████████| 19697437/19697437 [00:01<00:00, 11646940.80iteration/s]
2026-05-25 21:14:46.692 | INFO     | __main__:<module>:438 - 2026-05-25 21:14:46 RECV round=2 token=0 cid=8 train_duration=233.05436325073242 battery=146413.13J
2026-05-25 21:14:46.693 | INFO     | utils.ConnectHandler_server:send:28 - sending data (59 bytes) to client#8...
2026-05-25 21:14:46.693 | INFO     | utils.ConnectHandler_server:send:34 - sending data (59 bytes) to client#8 completely
2026-05-25 21:14:49.457 | INFO     | __main__:<module>:552 - 2026-05-25 21:14:49 ROUND=2 end avg_acc=26.5750 best_acc=26.5750 duration=246.09s comm_mb=75.172 locations_after=[9, 3] checkpoint=logs_real/mmdfl_real_server/checkpoints/dfl_mm_seed1/checkpoint.pt
2026-05-25 21:14:49.457 | INFO     | __main__:<module>:374 - 2026-05-25 21:14:49 ROUND=3 start token_locations=[9, 3] active_clients=[0, 1, 2, 3, 4, 5, 6, 7, 8, 9]
2026-05-25 21:14:49.482 | INFO     | utils.ConnectHandler_server:send:28 - sending data (19723706 bytes) to client#9...
2026-05-25 21:14:51.140 | INFO     | utils.ConnectHandler_server:send:34 - sending data (19723706 bytes) to client#9 completely
2026-05-25 21:14:51.140 | INFO     | __main__:<module>:418 - 2026-05-25 21:14:51 SEND round=3 token=0 cid=9 payload_mb=18.810 duration=1.672s
2026-05-25 21:14:51.161 | INFO     | utils.ConnectHandler_server:send:28 - sending data (19699828 bytes) to client#3...
2026-05-25 21:14:52.820 | INFO     | utils.ConnectHandler_server:send:34 - sending data (19699828 bytes) to client#3 completely
2026-05-25 21:14:52.821 | INFO     | __main__:<module>:418 - 2026-05-25 21:14:52 SEND round=3 token=1 cid=3 payload_mb=18.787 duration=1.671s
2026-05-25 21:16:39.936 | INFO     | utils.ConnectHandler_server:receive:71 - 19697009bytes data to be received from client#3

  0%|          | 0/19697009 [00:00<?, ?iteration/s]
  6%|▌         | 1171432/19697009 [00:00<00:01, 11700578.26iteration/s]
 12%|█▏        | 2350104/19697009 [00:00<00:01, 11740781.10iteration/s]
 18%|█▊        | 3528776/19697009 [00:00<00:01, 11748493.67iteration/s]
 24%|██▍       | 4706000/19697009 [00:00<00:01, 11729091.51iteration/s]
 30%|██▉       | 5884672/19697009 [00:00<00:01, 11744318.66iteration/s]
 36%|███▌      | 7064792/19697009 [00:00<00:01, 11749993.19iteration/s]
 42%|████▏     | 8246360/19697009 [00:00<00:00, 11754512.61iteration/s]
 48%|████▊     | 9422136/19697009 [00:00<00:00, 11751222.95iteration/s]
 54%|█████▍    | 10606600/19697009 [00:00<00:00, 11762436.86iteration/s]
 60%|█████▉    | 11788168/19697009 [00:01<00:00, 11750054.95iteration/s]
 66%|██████▌   | 12969736/19697009 [00:01<00:00, 11749892.47iteration/s]
 72%|███████▏  | 14148408/19697009 [00:01<00:00, 11746533.82iteration/s]
 78%|███████▊  | 15324184/19697009 [00:01<00:00, 11737371.06iteration/s]
 84%|████████▍ | 16508648/19697009 [00:01<00:00, 11750812.14iteration/s]
 90%|████████▉ | 17693112/19697009 [00:01<00:00, 11752982.97iteration/s]
 96%|█████████▌| 18874680/19697009 [00:01<00:00, 11754962.03iteration/s]2026-05-25 21:16:41.614 | INFO     | utils.ConnectHandler_server:receive:80 - receive completed

100%|██████████| 19697009/19697009 [00:01<00:00, 11682467.42iteration/s]
2026-05-25 21:16:41.637 | INFO     | __main__:<module>:438 - 2026-05-25 21:16:41 RECV round=3 token=1 cid=3 train_duration=96.84860610961914 battery=149173.83J
2026-05-25 21:16:41.637 | INFO     | utils.ConnectHandler_server:send:28 - sending data (59 bytes) to client#3...
2026-05-25 21:16:41.637 | INFO     | utils.ConnectHandler_server:send:34 - sending data (59 bytes) to client#3 completely
2026-05-25 21:16:46.772 | INFO     | utils.ConnectHandler_server:receive:71 - 19694250bytes data to be received from client#9

  0%|          | 0/19694250 [00:00<?, ?iteration/s]
  6%|▌         | 1177862/19694250 [00:00<00:01, 11771474.55iteration/s]
 12%|█▏        | 2355724/19694250 [00:00<00:01, 11759821.28iteration/s]
 18%|█▊        | 3532172/19694250 [00:00<00:01, 11748674.10iteration/s]
 24%|██▍       | 4708620/19694250 [00:00<00:01, 11742436.66iteration/s]
 30%|██▉       | 5885068/19694250 [00:00<00:01, 11741840.00iteration/s]
 36%|███▌      | 7061516/19694250 [00:00<00:01, 11739248.71iteration/s]
 42%|████▏     | 8240792/19694250 [00:00<00:00, 11747485.53iteration/s]
 48%|████▊     | 9417240/19694250 [00:00<00:00, 11739093.17iteration/s]
 54%|█████▍    | 10596516/19694250 [00:00<00:00, 11739467.13iteration/s]
 60%|█████▉    | 11780034/19694250 [00:01<00:00, 11745593.62iteration/s]
 66%|██████▌   | 12956482/19694250 [00:01<00:00, 11749547.95iteration/s]
 72%|███████▏  | 14131516/19694250 [00:01<00:00, 11740250.00iteration/s]
 78%|███████▊  | 15316448/19694250 [00:01<00:00, 11746877.82iteration/s]
 84%|████████▍ | 16502794/19694250 [00:01<00:00, 11743045.07iteration/s]
 90%|████████▉ | 17677828/19694250 [00:01<00:00, 11738845.94iteration/s]
 96%|█████████▌| 18864174/19694250 [00:01<00:00, 11748224.99iteration/s]2026-05-25 21:16:48.451 | INFO     | utils.ConnectHandler_server:receive:80 - receive completed

100%|██████████| 19694250/19694250 [00:01<00:00, 11675511.47iteration/s]
2026-05-25 21:16:48.470 | INFO     | __main__:<module>:438 - 2026-05-25 21:16:48 RECV round=3 token=0 cid=9 train_duration=115.1234622001648 battery=148060.49J
2026-05-25 21:16:48.470 | INFO     | utils.ConnectHandler_server:send:28 - sending data (59 bytes) to client#9...
2026-05-25 21:16:48.470 | INFO     | utils.ConnectHandler_server:send:34 - sending data (59 bytes) to client#9 completely
2026-05-25 21:16:51.226 | INFO     | __main__:<module>:552 - 2026-05-25 21:16:51 ROUND=3 end avg_acc=25.6300 best_acc=26.5750 duration=121.72s comm_mb=75.161 locations_after=[4, 2] checkpoint=logs_real/mmdfl_real_server/checkpoints/dfl_mm_seed1/checkpoint.pt
2026-05-25 21:16:51.226 | INFO     | __main__:<module>:374 - 2026-05-25 21:16:51 ROUND=4 start token_locations=[4, 2] active_clients=[0, 1, 2, 3, 4, 5, 6, 7, 8, 9]
2026-05-25 21:16:51.250 | INFO     | utils.ConnectHandler_server:send:28 - sending data (19699828 bytes) to client#4...
2026-05-25 21:16:52.917 | INFO     | utils.ConnectHandler_server:send:34 - sending data (19699828 bytes) to client#4 completely
2026-05-25 21:16:52.917 | INFO     | __main__:<module>:418 - 2026-05-25 21:16:52 SEND round=4 token=0 cid=4 payload_mb=18.787 duration=1.682s
2026-05-25 21:16:52.938 | INFO     | utils.ConnectHandler_server:send:28 - sending data (19699823 bytes) to client#2...
2026-05-25 21:16:54.608 | INFO     | utils.ConnectHandler_server:send:34 - sending data (19699823 bytes) to client#2 completely
2026-05-25 21:16:54.608 | INFO     | __main__:<module>:418 - 2026-05-25 21:16:54 SEND round=4 token=1 cid=2 payload_mb=18.787 duration=1.680s
2026-05-25 21:18:27.871 | INFO     | utils.ConnectHandler_server:receive:71 - 19696969bytes data to be received from client#2

  0%|          | 0/19696969 [00:00<?, ?iteration/s]
  6%|▌         | 1167088/19696969 [00:00<00:01, 11648894.79iteration/s]
 12%|█▏        | 2339968/19696969 [00:00<00:01, 11693049.46iteration/s]
 18%|█▊        | 3517192/19696969 [00:00<00:01, 11728786.27iteration/s]
 24%|██▍       | 4691520/19696969 [00:00<00:01, 11710479.11iteration/s]
 30%|██▉       | 5870192/19696969 [00:00<00:01, 11729777.81iteration/s]
 36%|███▌      | 7050312/19696969 [00:00<00:01, 11738665.29iteration/s]
 42%|████▏     | 8227536/19696969 [00:00<00:00, 11744261.41iteration/s]
 48%|████▊     | 9404760/19696969 [00:00<00:00, 11750807.01iteration/s]
 54%|█████▍    | 10587776/19696969 [00:00<00:00, 11758369.57iteration/s]
 60%|█████▉    | 11769344/19696969 [00:01<00:00, 11759152.04iteration/s]
 66%|██████▌   | 12949464/19696969 [00:01<00:00, 11760770.08iteration/s]
 72%|███████▏  | 14129584/19696969 [00:01<00:00, 11761843.74iteration/s]
 78%|███████▊  | 15306808/19696969 [00:01<00:00, 11757660.31iteration/s]
 84%|████████▎ | 16486928/19696969 [00:01<00:00, 11752552.35iteration/s]
 90%|████████▉ | 17667048/19696969 [00:01<00:00, 11761677.35iteration/s]
 96%|█████████▌| 18845720/19696969 [00:01<00:00, 11756767.06iteration/s]2026-05-25 21:18:29.550 | INFO     | utils.ConnectHandler_server:receive:80 - receive completed

100%|██████████| 19696969/19696969 [00:01<00:00, 11678787.33iteration/s]
2026-05-25 21:18:29.580 | INFO     | __main__:<module>:438 - 2026-05-25 21:18:29 RECV round=4 token=1 cid=2 train_duration=92.56035327911377 battery=148378.51J
2026-05-25 21:18:29.580 | INFO     | utils.ConnectHandler_server:send:28 - sending data (59 bytes) to client#2...
2026-05-25 21:18:29.580 | INFO     | utils.ConnectHandler_server:send:34 - sending data (59 bytes) to client#2 completely
2026-05-25 21:18:32.393 | INFO     | utils.ConnectHandler_server:receive:71 - 19697017bytes data to be received from client#4

  0%|          | 0/19697017 [00:00<?, ?iteration/s]
  6%|▌         | 1169984/19697017 [00:00<00:01, 11683388.62iteration/s]
 12%|█▏        | 2347208/19697017 [00:00<00:01, 11729662.39iteration/s]
 18%|█▊        | 3522984/19697017 [00:00<00:01, 11737739.08iteration/s]
 24%|██▍       | 4700208/19697017 [00:00<00:01, 11741669.24iteration/s]
 30%|██▉       | 5878880/19697017 [00:00<00:01, 11751998.74iteration/s]
 36%|███▌      | 7057552/19697017 [00:00<00:01, 11750141.22iteration/s]
 42%|████▏     | 8237672/19697017 [00:00<00:00, 11753155.64iteration/s]
 48%|████▊     | 9419240/19697017 [00:00<00:00, 11756540.93iteration/s]
 54%|█████▍    | 10602256/19697017 [00:00<00:00, 11759297.92iteration/s]
 60%|█████▉    | 11780928/19697017 [00:01<00:00, 11758293.00iteration/s]
 66%|██████▌   | 12961048/19697017 [00:01<00:00, 11763835.17iteration/s]
 72%|███████▏  | 14141168/19697017 [00:01<00:00, 11747107.68iteration/s]
 78%|███████▊  | 15324184/19697017 [00:01<00:00, 11760117.31iteration/s]
 84%|████████▍ | 16508648/19697017 [00:01<00:00, 11757269.53iteration/s]
 90%|████████▉ | 17694560/19697017 [00:01<00:00, 11752912.00iteration/s]
 96%|█████████▌| 18880472/19697017 [00:01<00:00, 11763249.86iteration/s]2026-05-25 21:18:34.071 | INFO     | utils.ConnectHandler_server:receive:80 - receive completed

100%|██████████| 19697017/19697017 [00:01<00:00, 11686959.06iteration/s]
2026-05-25 21:18:34.092 | INFO     | __main__:<module>:438 - 2026-05-25 21:18:34 RECV round=4 token=0 cid=4 train_duration=91.84984135627747 battery=149216.47J
2026-05-25 21:18:34.092 | INFO     | utils.ConnectHandler_server:send:28 - sending data (59 bytes) to client#4...
2026-05-25 21:18:34.092 | INFO     | utils.ConnectHandler_server:send:34 - sending data (59 bytes) to client#4 completely
2026-05-25 21:18:36.802 | INFO     | __main__:<module>:552 - 2026-05-25 21:18:36 ROUND=4 end avg_acc=12.5350 best_acc=26.5750 duration=105.52s comm_mb=75.138 locations_after=[5, 5] checkpoint=logs_real/mmdfl_real_server/checkpoints/dfl_mm_seed1/checkpoint.pt
2026-05-25 21:18:36.816 | INFO     | __main__:aggregate_collided_tokens:132 - 2026-05-25 21:18:36 AGG_COLLISION cid=5 tokens=[0, 1]
2026-05-25 21:18:36.816 | INFO     | __main__:<module>:372 - 2026-05-25 21:18:36 PRE_SEND_RELOCATE round=5 {'token_id': 1, 'src': 5, 'dst': 4, 'reason': 'duplicate_or_inactive_location'}
2026-05-25 21:18:36.816 | INFO     | __main__:<module>:374 - 2026-05-25 21:18:36 ROUND=5 start token_locations=[5, 4] active_clients=[0, 1, 2, 3, 4, 5, 6, 7, 8, 9]
2026-05-25 21:18:36.842 | INFO     | utils.ConnectHandler_server:send:28 - sending data (19699823 bytes) to client#5...
2026-05-25 21:18:38.493 | INFO     | utils.ConnectHandler_server:send:34 - sending data (19699823 bytes) to client#5 completely
2026-05-25 21:18:38.493 | INFO     | __main__:<module>:418 - 2026-05-25 21:18:38 SEND round=5 token=0 cid=5 payload_mb=18.787 duration=1.667s
2026-05-25 21:18:38.514 | INFO     | utils.ConnectHandler_server:send:28 - sending data (19699828 bytes) to client#4...
2026-05-25 21:18:40.150 | INFO     | utils.ConnectHandler_server:send:34 - sending data (19699828 bytes) to client#4 completely
2026-05-25 21:18:40.150 | INFO     | __main__:<module>:418 - 2026-05-25 21:18:40 SEND round=5 token=1 cid=4 payload_mb=18.787 duration=1.647s
2026-05-25 21:20:06.518 | INFO     | utils.ConnectHandler_server:receive:71 - 19696925bytes data to be received from client#4

  0%|          | 0/19696925 [00:00<?, ?iteration/s]
  6%|▌         | 1172880/19696925 [00:00<00:01, 11725903.68iteration/s]
 12%|█▏        | 2347208/19696925 [00:00<00:01, 11729304.57iteration/s]
 18%|█▊        | 3524432/19696925 [00:00<00:01, 11744319.27iteration/s]
 24%|██▍       | 4701656/19696925 [00:00<00:01, 11741842.07iteration/s]
 30%|██▉       | 5881776/19696925 [00:00<00:01, 11750543.10iteration/s]
 36%|███▌      | 7061896/19696925 [00:00<00:01, 11751165.98iteration/s]
 42%|████▏     | 8242016/19696925 [00:00<00:00, 11760542.54iteration/s]
 48%|████▊     | 9419240/19696925 [00:00<00:00, 11755213.93iteration/s]
 54%|█████▍    | 10599360/19696925 [00:00<00:00, 11757207.84iteration/s]
 60%|█████▉    | 11782376/19696925 [00:01<00:00, 11764280.61iteration/s]
 66%|██████▌   | 12968288/19696925 [00:01<00:00, 11763312.61iteration/s]
 72%|███████▏  | 14146960/19696925 [00:01<00:00, 11760933.60iteration/s]
 78%|███████▊  | 15327080/19696925 [00:01<00:00, 11763772.36iteration/s]
 84%|████████▍ | 16504304/19696925 [00:01<00:00, 11759164.14iteration/s]
 90%|████████▉ | 17684424/19696925 [00:01<00:00, 11762481.71iteration/s]
 96%|█████████▌| 18861648/19696925 [00:01<00:00, 11758763.69iteration/s]2026-05-25 21:20:08.195 | INFO     | utils.ConnectHandler_server:receive:80 - receive completed

100%|██████████| 19696925/19696925 [00:01<00:00, 11694016.15iteration/s]
2026-05-25 21:20:08.213 | INFO     | __main__:<module>:438 - 2026-05-25 21:20:08 RECV round=5 token=1 cid=4 train_duration=85.62690114974976 battery=148486.03J
2026-05-25 21:20:08.213 | INFO     | utils.ConnectHandler_server:send:28 - sending data (59 bytes) to client#4...
2026-05-25 21:20:08.213 | INFO     | utils.ConnectHandler_server:send:34 - sending data (59 bytes) to client#4 completely
2026-05-25 21:22:00.851 | INFO     | utils.ConnectHandler_server:receive:71 - 19697035bytes data to be received from client#5

  0%|          | 0/19697035 [00:00<?, ?iteration/s]
  6%|▌         | 1174328/19697035 [00:00<00:01, 11734953.66iteration/s]
 12%|█▏        | 2351552/19697035 [00:00<00:01, 11747334.16iteration/s]
 18%|█▊        | 3528776/19697035 [00:00<00:01, 11753346.88iteration/s]
 24%|██▍       | 4704552/19697035 [00:00<00:01, 11749665.76iteration/s]
 30%|██▉       | 5881776/19697035 [00:00<00:01, 11749577.37iteration/s]
 36%|███▌      | 7064792/19697035 [00:00<00:01, 11759202.20iteration/s]
 42%|████▏     | 8242016/19697035 [00:00<00:00, 11756252.33iteration/s]
 48%|████▊     | 9419240/19697035 [00:00<00:00, 11754149.17iteration/s]
 54%|█████▍    | 10596464/19697035 [00:00<00:00, 11759405.97iteration/s]
 60%|█████▉    | 11776584/19697035 [00:01<00:00, 11754934.53iteration/s]
 66%|██████▌   | 12959600/19697035 [00:01<00:00, 11761668.43iteration/s]
 72%|███████▏  | 14138272/19697035 [00:01<00:00, 11759642.15iteration/s]
 78%|███████▊  | 15325632/19697035 [00:01<00:00, 11750167.21iteration/s]
 84%|████████▍ | 16505752/19697035 [00:01<00:00, 11756230.59iteration/s]
 90%|████████▉ | 17691664/19697035 [00:01<00:00, 11760214.45iteration/s]
 96%|█████████▌| 18871784/19697035 [00:01<00:00, 11762197.88iteration/s]2026-05-25 21:22:02.528 | INFO     | utils.ConnectHandler_server:receive:80 - receive completed

100%|██████████| 19697035/19697035 [00:01<00:00, 11687497.15iteration/s]
2026-05-25 21:22:02.547 | INFO     | __main__:<module>:438 - 2026-05-25 21:22:02 RECV round=5 token=0 cid=5 train_duration=192.50110459327698 battery=148357.87J
2026-05-25 21:22:02.547 | INFO     | utils.ConnectHandler_server:send:28 - sending data (59 bytes) to client#5...
2026-05-25 21:22:02.547 | INFO     | utils.ConnectHandler_server:send:34 - sending data (59 bytes) to client#5 completely
2026-05-25 21:22:05.265 | INFO     | __main__:<module>:552 - 2026-05-25 21:22:05 ROUND=5 end avg_acc=16.0400 best_acc=26.5750 duration=208.41s comm_mb=75.138 locations_after=[7, 9] checkpoint=logs_real/mmdfl_real_server/checkpoints/dfl_mm_seed1/checkpoint.pt
2026-05-25 21:22:05.265 | INFO     | __main__:<module>:374 - 2026-05-25 21:22:05 ROUND=6 start token_locations=[7, 9] active_clients=[0, 1, 2, 3, 4, 5, 6, 7, 8, 9]
2026-05-25 21:22:05.286 | INFO     | utils.ConnectHandler_server:send:28 - sending data (19729794 bytes) to client#7...
2026-05-25 21:22:06.920 | INFO     | utils.ConnectHandler_server:send:34 - sending data (19729794 bytes) to client#7 completely
2026-05-25 21:22:06.921 | INFO     | __main__:<module>:418 - 2026-05-25 21:22:06 SEND round=6 token=0 cid=7 payload_mb=18.816 duration=1.645s
2026-05-25 21:22:06.949 | INFO     | utils.ConnectHandler_server:send:28 - sending data (19723706 bytes) to client#9...
2026-05-25 21:22:08.612 | INFO     | utils.ConnectHandler_server:send:34 - sending data (19723706 bytes) to client#9 completely
2026-05-25 21:22:08.612 | INFO     | __main__:<module>:418 - 2026-05-25 21:22:08 SEND round=6 token=1 cid=9 payload_mb=18.810 duration=1.674s
2026-05-25 21:23:52.535 | INFO     | utils.ConnectHandler_server:receive:71 - 19697437bytes data to be received from client#7

  0%|          | 0/19697437 [00:00<?, ?iteration/s]
  6%|▌         | 1171432/19697437 [00:00<00:01, 11706460.44iteration/s]
 12%|█▏        | 2342864/19697437 [00:00<00:01, 11708577.30iteration/s]
 18%|█▊        | 3515744/19697437 [00:00<00:01, 11686372.16iteration/s]
 24%|██▍       | 4685728/19697437 [00:00<00:01, 11675755.32iteration/s]
 30%|██▉       | 5855712/19697437 [00:00<00:01, 11660784.60iteration/s]
 36%|███▌      | 7031488/19697437 [00:00<00:01, 11691573.81iteration/s]
 42%|████▏     | 8210160/19697437 [00:00<00:00, 11715796.75iteration/s]
 48%|████▊     | 9388832/19697437 [00:00<00:00, 11725502.14iteration/s]
 54%|█████▎    | 10567504/19697437 [00:00<00:00, 11732256.88iteration/s]
 60%|█████▉    | 11744728/19697437 [00:01<00:00, 11729673.15iteration/s]
 66%|██████▌   | 12921952/19697437 [00:01<00:00, 11738828.52iteration/s]
 72%|███████▏  | 14099176/19697437 [00:01<00:00, 11730455.41iteration/s]
 78%|███████▊  | 15283640/19697437 [00:01<00:00, 11729841.48iteration/s]
 84%|████████▎ | 16468104/19697437 [00:01<00:00, 11730750.39iteration/s]
 90%|████████▉ | 17645328/19697437 [00:01<00:00, 11735118.17iteration/s]
 96%|█████████▌| 18832688/19697437 [00:01<00:00, 11727547.74iteration/s]2026-05-25 21:23:54.218 | INFO     | utils.ConnectHandler_server:receive:80 - receive completed

100%|██████████| 19697437/19697437 [00:01<00:00, 11651778.29iteration/s]
2026-05-25 21:23:54.237 | INFO     | __main__:<module>:438 - 2026-05-25 21:23:54 RECV round=6 token=0 cid=7 train_duration=105.15977931022644 battery=146001.58J
2026-05-25 21:23:54.237 | INFO     | utils.ConnectHandler_server:send:28 - sending data (59 bytes) to client#7...
2026-05-25 21:23:54.237 | INFO     | utils.ConnectHandler_server:send:34 - sending data (59 bytes) to client#7 completely
2026-05-25 21:24:03.430 | INFO     | utils.ConnectHandler_server:receive:71 - 19694250bytes data to be received from client#9

  0%|          | 0/19694250 [00:00<?, ?iteration/s]
  6%|▌         | 1175034/19694250 [00:00<00:01, 11747298.36iteration/s]
 12%|█▏        | 2351482/19694250 [00:00<00:01, 11746933.97iteration/s]
 18%|█▊        | 3527930/19694250 [00:00<00:01, 11743689.15iteration/s]
 24%|██▍       | 4704378/19694250 [00:00<00:01, 11740786.88iteration/s]
 30%|██▉       | 5882240/19694250 [00:00<00:01, 11738490.83iteration/s]
 36%|███▌      | 7058688/19694250 [00:00<00:01, 11742194.27iteration/s]
 42%|████▏     | 8233722/19694250 [00:00<00:00, 11740644.47iteration/s]
 48%|████▊     | 9414412/19694250 [00:00<00:00, 11741598.35iteration/s]
 54%|█████▍    | 10592274/19694250 [00:00<00:00, 11744669.36iteration/s]
 60%|█████▉    | 11774378/19694250 [00:01<00:00, 11741034.73iteration/s]
 66%|██████▌   | 12956482/19694250 [00:01<00:00, 11742453.94iteration/s]
 72%|███████▏  | 14135758/19694250 [00:01<00:00, 11743380.45iteration/s]
 78%|███████▊  | 15320690/19694250 [00:01<00:00, 11740094.53iteration/s]
 84%|████████▍ | 16497138/19694250 [00:01<00:00, 11743457.20iteration/s]
 90%|████████▉ | 17679242/19694250 [00:01<00:00, 11743409.80iteration/s]
 96%|█████████▌| 18861346/19694250 [00:01<00:00, 11746436.25iteration/s]2026-05-25 21:24:05.108 | INFO     | utils.ConnectHandler_server:receive:80 - receive completed

100%|██████████| 19694250/19694250 [00:01<00:00, 11680224.87iteration/s]
2026-05-25 21:24:05.126 | INFO     | __main__:<module>:438 - 2026-05-25 21:24:05 RECV round=6 token=1 cid=9 train_duration=114.44083571434021 battery=146132.48J
2026-05-25 21:24:05.126 | INFO     | utils.ConnectHandler_server:send:28 - sending data (59 bytes) to client#9...
2026-05-25 21:24:05.126 | INFO     | utils.ConnectHandler_server:send:34 - sending data (59 bytes) to client#9 completely
2026-05-25 21:24:07.802 | INFO     | __main__:<module>:552 - 2026-05-25 21:24:07 ROUND=6 end avg_acc=31.6850 best_acc=31.6850 duration=122.50s comm_mb=75.189 locations_after=[8, 8] checkpoint=logs_real/mmdfl_real_server/checkpoints/dfl_mm_seed1/checkpoint.pt
2026-05-25 21:24:07.816 | INFO     | __main__:aggregate_collided_tokens:132 - 2026-05-25 21:24:07 AGG_COLLISION cid=8 tokens=[0, 1]
2026-05-25 21:24:07.816 | INFO     | __main__:<module>:372 - 2026-05-25 21:24:07 PRE_SEND_RELOCATE round=7 {'token_id': 1, 'src': 8, 'dst': 1, 'reason': 'duplicate_or_inactive_location'}
2026-05-25 21:24:07.816 | INFO     | __main__:<module>:374 - 2026-05-25 21:24:07 ROUND=7 start token_locations=[8, 1] active_clients=[0, 1, 2, 3, 4, 5, 6, 7, 8, 9]
2026-05-25 21:24:07.835 | INFO     | utils.ConnectHandler_server:send:28 - sending data (19735891 bytes) to client#8...
2026-05-25 21:24:09.455 | INFO     | utils.ConnectHandler_server:send:34 - sending data (19735891 bytes) to client#8 completely
2026-05-25 21:24:09.455 | INFO     | __main__:<module>:418 - 2026-05-25 21:24:09 SEND round=7 token=0 cid=8 payload_mb=18.822 duration=1.629s
2026-05-25 21:24:09.473 | INFO     | utils.ConnectHandler_server:send:28 - sending data (19699822 bytes) to client#1...
2026-05-25 21:24:11.154 | INFO     | utils.ConnectHandler_server:send:34 - sending data (19699822 bytes) to client#1 completely
2026-05-25 21:24:11.154 | INFO     | __main__:<module>:418 - 2026-05-25 21:24:11 SEND round=7 token=1 cid=1 payload_mb=18.787 duration=1.690s
2026-05-25 21:26:02.515 | INFO     | utils.ConnectHandler_server:receive:71 - 19696991bytes data to be received from client#1

  0%|          | 0/19696991 [00:00<?, ?iteration/s]
  6%|▌         | 1168536/19696991 [00:00<00:01, 11666623.55iteration/s]
 12%|█▏        | 2344312/19696991 [00:00<00:01, 11717166.29iteration/s]
 18%|█▊        | 3521536/19696991 [00:00<00:01, 11739687.92iteration/s]
 24%|██▍       | 4697312/19696991 [00:00<00:01, 11735164.69iteration/s]
 30%|██▉       | 5877432/19696991 [00:00<00:01, 11748061.26iteration/s]
 36%|███▌      | 7057552/19696991 [00:00<00:01, 11755108.20iteration/s]
 42%|████▏     | 8237672/19696991 [00:00<00:00, 11754696.91iteration/s]
 48%|████▊     | 9416344/19696991 [00:00<00:00, 11761721.61iteration/s]
 54%|█████▍    | 10599360/19696991 [00:00<00:00, 11761231.94iteration/s]
 60%|█████▉    | 11778032/19696991 [00:01<00:00, 11751894.96iteration/s]
 66%|██████▌   | 12961048/19696991 [00:01<00:00, 11765359.73iteration/s]
 72%|███████▏  | 14145512/19696991 [00:01<00:00, 11756325.32iteration/s]
 78%|███████▊  | 15325632/19696991 [00:01<00:00, 11756184.99iteration/s]
 84%|████████▍ | 16504304/19696991 [00:01<00:00, 11763311.93iteration/s]
 90%|████████▉ | 17685872/19696991 [00:01<00:00, 11759377.15iteration/s]
 96%|█████████▌| 18863096/19696991 [00:01<00:00, 11759168.45iteration/s]2026-05-25 21:26:04.192 | INFO     | utils.ConnectHandler_server:receive:80 - receive completed

100%|██████████| 19696991/19696991 [00:01<00:00, 11688401.99iteration/s]
2026-05-25 21:26:04.211 | INFO     | __main__:<module>:438 - 2026-05-25 21:26:04 RECV round=7 token=1 cid=1 train_duration=110.41716074943542 battery=147069.30J
2026-05-25 21:26:04.211 | INFO     | utils.ConnectHandler_server:send:28 - sending data (59 bytes) to client#1...
2026-05-25 21:26:04.211 | INFO     | utils.ConnectHandler_server:send:34 - sending data (59 bytes) to client#1 completely
2026-05-25 21:27:57.426 | INFO     | utils.ConnectHandler_server:receive:71 - 19697437bytes data to be received from client#8

  0%|          | 0/19697437 [00:00<?, ?iteration/s]
  6%|▌         | 1159848/19697437 [00:00<00:01, 11589786.91iteration/s]
 12%|█▏        | 2326936/19697437 [00:00<00:01, 11635865.46iteration/s]
 18%|█▊        | 3492576/19697437 [00:00<00:01, 11627779.83iteration/s]
 24%|██▎       | 4656768/19697437 [00:00<00:01, 11620980.74iteration/s]
 30%|██▉       | 5826752/19697437 [00:00<00:01, 11649153.38iteration/s]
 36%|███▌      | 7002528/19697437 [00:00<00:01, 11675780.67iteration/s]
 42%|████▏     | 8179752/19697437 [00:00<00:00, 11705121.56iteration/s]
 47%|████▋     | 9354080/19697437 [00:00<00:00, 11712305.65iteration/s]
 53%|█████▎    | 10537096/19697437 [00:00<00:00, 11728323.61iteration/s]
 59%|█████▉    | 11714320/19697437 [00:01<00:00, 11728882.59iteration/s]
 65%|██████▌   | 12892992/19697437 [00:01<00:00, 11737815.42iteration/s]
 71%|███████▏  | 14070216/19697437 [00:01<00:00, 11737641.42iteration/s]
 77%|███████▋  | 15250336/19697437 [00:01<00:00, 11738102.54iteration/s]
 83%|████████▎ | 16430456/19697437 [00:01<00:00, 11737648.16iteration/s]
 89%|████████▉ | 17604784/19697437 [00:01<00:00, 11728309.42iteration/s]
 95%|█████████▌| 18780560/19697437 [00:01<00:00, 11727878.46iteration/s]2026-05-25 21:27:59.111 | INFO     | utils.ConnectHandler_server:receive:80 - receive completed

100%|██████████| 19697437/19697437 [00:01<00:00, 11638900.91iteration/s]
2026-05-25 21:27:59.130 | INFO     | __main__:<module>:438 - 2026-05-25 21:27:59 RECV round=7 token=0 cid=8 train_duration=227.17069911956787 battery=142916.81J
2026-05-25 21:27:59.130 | INFO     | utils.ConnectHandler_server:send:28 - sending data (59 bytes) to client#8...
2026-05-25 21:27:59.130 | INFO     | utils.ConnectHandler_server:send:34 - sending data (59 bytes) to client#8 completely
2026-05-25 21:28:01.852 | INFO     | __main__:<module>:552 - 2026-05-25 21:28:01 ROUND=7 end avg_acc=35.6650 best_acc=35.6650 duration=233.98s comm_mb=75.172 locations_after=[7, 9] checkpoint=logs_real/mmdfl_real_server/checkpoints/dfl_mm_seed1/checkpoint.pt
2026-05-25 21:28:01.852 | INFO     | __main__:<module>:374 - 2026-05-25 21:28:01 ROUND=8 start token_locations=[7, 9] active_clients=[0, 1, 2, 3, 4, 5, 6, 7, 8, 9]
2026-05-25 21:28:01.873 | INFO     | utils.ConnectHandler_server:send:28 - sending data (19729794 bytes) to client#7...
2026-05-25 21:28:03.510 | INFO     | utils.ConnectHandler_server:send:34 - sending data (19729794 bytes) to client#7 completely
2026-05-25 21:28:03.510 | INFO     | __main__:<module>:418 - 2026-05-25 21:28:03 SEND round=8 token=0 cid=7 payload_mb=18.816 duration=1.647s
2026-05-25 21:28:03.530 | INFO     | utils.ConnectHandler_server:send:28 - sending data (19723706 bytes) to client#9...
2026-05-25 21:28:05.197 | INFO     | utils.ConnectHandler_server:send:34 - sending data (19723706 bytes) to client#9 completely
2026-05-25 21:28:05.197 | INFO     | __main__:<module>:418 - 2026-05-25 21:28:05 SEND round=8 token=1 cid=9 payload_mb=18.810 duration=1.677s
2026-05-25 21:29:55.243 | INFO     | utils.ConnectHandler_server:receive:71 - 19694250bytes data to be received from client#9

  0%|          | 0/19694250 [00:00<?, ?iteration/s]
  6%|▌         | 1177862/19694250 [00:00<00:01, 11756655.65iteration/s]
 12%|█▏        | 2354310/19694250 [00:00<00:01, 11748764.68iteration/s]
 18%|█▊        | 3529344/19694250 [00:00<00:01, 11742081.49iteration/s]
 24%|██▍       | 4705792/19694250 [00:00<00:01, 11740332.80iteration/s]
 30%|██▉       | 5885068/19694250 [00:00<00:01, 11746500.05iteration/s]
 36%|███▌      | 7064344/19694250 [00:00<00:01, 11743170.14iteration/s]
 42%|████▏     | 8246448/19694250 [00:00<00:00, 11742438.09iteration/s]
 48%|████▊     | 9422896/19694250 [00:00<00:00, 11743155.01iteration/s]
 54%|█████▍    | 10599344/19694250 [00:00<00:00, 11745093.21iteration/s]
 60%|█████▉    | 11780034/19694250 [00:01<00:00, 11735896.86iteration/s]
 66%|██████▌   | 12960724/19694250 [00:01<00:00, 11746669.92iteration/s]
 72%|███████▏  | 14145656/19694250 [00:01<00:00, 11740044.09iteration/s]
 78%|███████▊  | 15330588/19694250 [00:01<00:00, 11742945.19iteration/s]
 84%|████████▍ | 16512692/19694250 [00:01<00:00, 11742624.00iteration/s]
 90%|████████▉ | 17697624/19694250 [00:01<00:00, 11745694.31iteration/s]
 96%|█████████▌| 18885384/19694250 [00:01<00:00, 11742307.05iteration/s]2026-05-25 21:29:56.922 | INFO     | utils.ConnectHandler_server:receive:80 - receive completed

100%|██████████| 19694250/19694250 [00:01<00:00, 11678702.30iteration/s]
2026-05-25 21:29:56.940 | INFO     | __main__:<module>:438 - 2026-05-25 21:29:56 RECV round=8 token=1 cid=9 train_duration=109.64965510368347 battery=144285.19J
2026-05-25 21:29:56.940 | INFO     | utils.ConnectHandler_server:send:28 - sending data (59 bytes) to client#9...
2026-05-25 21:29:56.940 | INFO     | utils.ConnectHandler_server:send:34 - sending data (59 bytes) to client#9 completely
2026-05-25 21:30:22.112 | INFO     | utils.ConnectHandler_server:receive:71 - 19697437bytes data to be received from client#7

  0%|          | 0/19697437 [00:00<?, ?iteration/s]
  6%|▌         | 1167088/19697437 [00:00<00:01, 11666718.78iteration/s]
 12%|█▏        | 2334176/19697437 [00:00<00:01, 11667831.12iteration/s]
 18%|█▊        | 3502712/19697437 [00:00<00:01, 11657705.70iteration/s]
 24%|██▎       | 4675592/19697437 [00:00<00:01, 11645179.59iteration/s]
 30%|██▉       | 5845576/19697437 [00:00<00:01, 11655135.84iteration/s]
 36%|███▌      | 7019904/19697437 [00:00<00:01, 11682730.19iteration/s]
 42%|████▏     | 8197128/19697437 [00:00<00:00, 11705105.00iteration/s]
 48%|████▊     | 9374352/19697437 [00:00<00:00, 11722866.63iteration/s]
 54%|█████▎    | 10554472/19697437 [00:00<00:00, 11727754.37iteration/s]
 60%|█████▉    | 11733144/19697437 [00:01<00:00, 11729304.84iteration/s]
 66%|██████▌   | 12910368/19697437 [00:01<00:00, 11734302.33iteration/s]
 72%|███████▏  | 14090488/19697437 [00:01<00:00, 11730036.07iteration/s]
 78%|███████▊  | 15270608/19697437 [00:01<00:00, 11734692.15iteration/s]
 84%|████████▎ | 16453624/19697437 [00:01<00:00, 11732740.08iteration/s]
 90%|████████▉ | 17636640/19697437 [00:01<00:00, 11731617.90iteration/s]
 96%|█████████▌| 18818208/19697437 [00:01<00:00, 11732084.55iteration/s]2026-05-25 21:30:23.795 | INFO     | utils.ConnectHandler_server:receive:80 - receive completed

100%|██████████| 19697437/19697437 [00:01<00:00, 11648047.56iteration/s]
2026-05-25 21:30:23.813 | INFO     | __main__:<module>:438 - 2026-05-25 21:30:23 RECV round=8 token=0 cid=7 train_duration=138.16022205352783 battery=143875.20J
2026-05-25 21:30:23.813 | INFO     | utils.ConnectHandler_server:send:28 - sending data (59 bytes) to client#7...
2026-05-25 21:30:23.814 | INFO     | utils.ConnectHandler_server:send:34 - sending data (59 bytes) to client#7 completely
2026-05-25 21:30:26.520 | INFO     | __main__:<module>:552 - 2026-05-25 21:30:26 ROUND=8 end avg_acc=34.3150 best_acc=35.6650 duration=144.61s comm_mb=75.189 locations_after=[6, 4] checkpoint=logs_real/mmdfl_real_server/checkpoints/dfl_mm_seed1/checkpoint.pt
2026-05-25 21:30:26.521 | INFO     | __main__:<module>:374 - 2026-05-25 21:30:26 ROUND=9 start token_locations=[6, 4] active_clients=[0, 1, 2, 3, 4, 5, 6, 7, 8, 9]
2026-05-25 21:30:26.539 | INFO     | utils.ConnectHandler_server:send:28 - sending data (19699823 bytes) to client#6...
2026-05-25 21:30:28.189 | INFO     | utils.ConnectHandler_server:send:34 - sending data (19699823 bytes) to client#6 completely
2026-05-25 21:30:28.189 | INFO     | __main__:<module>:418 - 2026-05-25 21:30:28 SEND round=9 token=0 cid=6 payload_mb=18.787 duration=1.660s
2026-05-25 21:30:28.208 | INFO     | utils.ConnectHandler_server:send:28 - sending data (19699828 bytes) to client#4...
2026-05-25 21:30:29.865 | INFO     | utils.ConnectHandler_server:send:34 - sending data (19699828 bytes) to client#4 completely
2026-05-25 21:30:29.865 | INFO     | __main__:<module>:418 - 2026-05-25 21:30:29 SEND round=9 token=1 cid=4 payload_mb=18.787 duration=1.667s
2026-05-25 21:31:56.756 | INFO     | utils.ConnectHandler_server:receive:71 - 19696949bytes data to be received from client#4

  0%|          | 0/19696949 [00:00<?, ?iteration/s]
  6%|▌         | 1174328/19696949 [00:00<00:01, 11728275.38iteration/s]
 12%|█▏        | 2351552/19696949 [00:00<00:01, 11748942.23iteration/s]
 18%|█▊        | 3528776/19696949 [00:00<00:01, 11752776.70iteration/s]
 24%|██▍       | 4708896/19696949 [00:00<00:01, 11752429.26iteration/s]
 30%|██▉       | 5889016/19696949 [00:00<00:01, 11757831.19iteration/s]
 36%|███▌      | 7066240/19696949 [00:00<00:01, 11755990.05iteration/s]
 42%|████▏     | 8246360/19696949 [00:00<00:00, 11759439.72iteration/s]
 48%|████▊     | 9427928/19696949 [00:00<00:00, 11755760.64iteration/s]
 54%|█████▍    | 10605152/19696949 [00:00<00:00, 11758236.90iteration/s]
 60%|█████▉    | 11791064/19696949 [00:01<00:00, 11762003.49iteration/s]
 66%|██████▌   | 12974080/19696949 [00:01<00:00, 11760191.39iteration/s]
 72%|███████▏  | 14154200/19696949 [00:01<00:00, 11752638.08iteration/s]
 78%|███████▊  | 15338664/19696949 [00:01<00:00, 11758689.86iteration/s]
 84%|████████▍ | 16527472/19696949 [00:01<00:00, 11759427.52iteration/s]
 90%|████████▉ | 17704696/19696949 [00:01<00:00, 11760380.89iteration/s]
 96%|█████████▌| 18896400/19696949 [00:01<00:00, 11763050.09iteration/s]2026-05-25 21:31:58.434 | INFO     | utils.ConnectHandler_server:receive:80 - receive completed

100%|██████████| 19696949/19696949 [00:01<00:00, 11689382.59iteration/s]
2026-05-25 21:31:58.451 | INFO     | __main__:<module>:438 - 2026-05-25 21:31:58 RECV round=9 token=1 cid=4 train_duration=86.17743706703186 battery=147750.90J
2026-05-25 21:31:58.452 | INFO     | utils.ConnectHandler_server:send:28 - sending data (59 bytes) to client#4...
2026-05-25 21:31:58.452 | INFO     | utils.ConnectHandler_server:send:34 - sending data (59 bytes) to client#4 completely
2026-05-25 21:32:45.803 | INFO     | utils.ConnectHandler_server:receive:71 - 19697041bytes data to be received from client#6

  0%|          | 0/19697041 [00:00<?, ?iteration/s]
  6%|▌         | 1172880/19697041 [00:00<00:01, 11725568.29iteration/s]
 12%|█▏        | 2350104/19697041 [00:00<00:01, 11749499.77iteration/s]
 18%|█▊        | 3525880/19697041 [00:00<00:01, 11749426.54iteration/s]
 24%|██▍       | 4703104/19697041 [00:00<00:01, 11752175.60iteration/s]
 30%|██▉       | 5883224/19697041 [00:00<00:01, 11755000.20iteration/s]
 36%|███▌      | 7063344/19697041 [00:00<00:01, 11755787.78iteration/s]
 42%|████▏     | 8239120/19697041 [00:00<00:00, 11753179.24iteration/s]
 48%|████▊     | 9420688/19697041 [00:00<00:00, 11759424.68iteration/s]
 54%|█████▍    | 10606600/19697041 [00:00<00:00, 11761443.44iteration/s]
 60%|█████▉    | 11786720/19697041 [00:01<00:00, 11758565.58iteration/s]
 66%|██████▌   | 12969736/19697041 [00:01<00:00, 11758968.54iteration/s]
 72%|███████▏  | 14155648/19697041 [00:01<00:00, 11761416.89iteration/s]
 78%|███████▊  | 15335768/19697041 [00:01<00:00, 11753663.56iteration/s]
 84%|████████▍ | 16515888/19697041 [00:01<00:00, 11749385.16iteration/s]
 90%|████████▉ | 17704696/19697041 [00:01<00:00, 11754102.10iteration/s]
 96%|█████████▌| 18886264/19697041 [00:01<00:00, 11761874.08iteration/s]2026-05-25 21:32:47.480 | INFO     | utils.ConnectHandler_server:receive:80 - receive completed

100%|██████████| 19697041/19697041 [00:01<00:00, 11688914.56iteration/s]
2026-05-25 21:32:47.498 | INFO     | __main__:<module>:438 - 2026-05-25 21:32:47 RECV round=9 token=0 cid=6 train_duration=126.7595751285553 battery=148918.68J
2026-05-25 21:32:47.498 | INFO     | utils.ConnectHandler_server:send:28 - sending data (59 bytes) to client#6...
2026-05-25 21:32:47.498 | INFO     | utils.ConnectHandler_server:send:34 - sending data (59 bytes) to client#6 completely
2026-05-25 21:32:50.213 | INFO     | __main__:<module>:552 - 2026-05-25 21:32:50 ROUND=9 end avg_acc=20.9400 best_acc=35.6650 duration=143.63s comm_mb=75.138 locations_after=[5, 7] checkpoint=logs_real/mmdfl_real_server/checkpoints/dfl_mm_seed1/checkpoint.pt
2026-05-25 21:32:50.213 | INFO     | __main__:<module>:374 - 2026-05-25 21:32:50 ROUND=10 start token_locations=[5, 7] active_clients=[0, 1, 2, 3, 4, 5, 6, 7, 8, 9]
2026-05-25 21:32:50.234 | INFO     | utils.ConnectHandler_server:send:28 - sending data (19699823 bytes) to client#5...
2026-05-25 21:32:51.858 | INFO     | utils.ConnectHandler_server:send:34 - sending data (19699823 bytes) to client#5 completely
2026-05-25 21:32:51.858 | INFO     | __main__:<module>:418 - 2026-05-25 21:32:51 SEND round=10 token=0 cid=5 payload_mb=18.787 duration=1.635s
2026-05-25 21:32:51.879 | INFO     | utils.ConnectHandler_server:send:28 - sending data (19729794 bytes) to client#7...
2026-05-25 21:32:53.538 | INFO     | utils.ConnectHandler_server:send:34 - sending data (19729794 bytes) to client#7 completely
2026-05-25 21:32:53.538 | INFO     | __main__:<module>:418 - 2026-05-25 21:32:53 SEND round=10 token=1 cid=7 payload_mb=18.816 duration=1.670s
2026-05-25 21:34:47.978 | INFO     | utils.ConnectHandler_server:receive:71 - 19697437bytes data to be received from client#7

  0%|          | 0/19697437 [00:00<?, ?iteration/s]
  6%|▌         | 1168536/19697437 [00:00<00:01, 11684423.98iteration/s]
 12%|█▏        | 2338520/19697437 [00:00<00:01, 11689482.07iteration/s]
 18%|█▊        | 3508504/19697437 [00:00<00:01, 11656761.54iteration/s]
 24%|██▍       | 4679936/19697437 [00:00<00:01, 11665493.58iteration/s]
 30%|██▉       | 5849920/19697437 [00:00<00:01, 11675453.24iteration/s]
 36%|███▌      | 7022800/19697437 [00:00<00:01, 11684289.97iteration/s]
 42%|████▏     | 8198576/19697437 [00:00<00:00, 11699116.11iteration/s]
 48%|████▊     | 9374352/19697437 [00:00<00:00, 11705872.57iteration/s]
 54%|█████▎    | 10555920/19697437 [00:00<00:00, 11724170.67iteration/s]
 60%|█████▉    | 11731696/19697437 [00:01<00:00, 11730988.78iteration/s]
 66%|██████▌   | 12911816/19697437 [00:01<00:00, 11731813.96iteration/s]
 72%|███████▏  | 14096280/19697437 [00:01<00:00, 11736200.70iteration/s]
 78%|███████▊  | 15270608/19697437 [00:01<00:00, 11731417.34iteration/s]
 84%|████████▎ | 16449280/19697437 [00:01<00:00, 11730589.80iteration/s]
 89%|████████▉ | 17626504/19697437 [00:01<00:00, 11731694.94iteration/s]
 96%|█████████▌| 18812416/19697437 [00:01<00:00, 11728140.19iteration/s]2026-05-25 21:34:49.661 | INFO     | utils.ConnectHandler_server:receive:80 - receive completed

100%|██████████| 19697437/19697437 [00:01<00:00, 11648929.51iteration/s]
2026-05-25 21:34:49.679 | INFO     | __main__:<module>:438 - 2026-05-25 21:34:49 RECV round=10 token=1 cid=7 train_duration=113.94636702537537 battery=142121.49J
2026-05-25 21:34:49.680 | INFO     | utils.ConnectHandler_server:send:28 - sending data (59 bytes) to client#7...
2026-05-25 21:34:49.680 | INFO     | utils.ConnectHandler_server:send:34 - sending data (59 bytes) to client#7 completely
2026-05-25 21:35:37.355 | INFO     | utils.ConnectHandler_server:receive:71 - 19696955bytes data to be received from client#5

  0%|          | 0/19696955 [00:00<?, ?iteration/s]
  6%|▌         | 1171432/19696955 [00:00<00:01, 11707408.83iteration/s]
 12%|█▏        | 2348656/19696955 [00:00<00:01, 11740340.33iteration/s]
 18%|█▊        | 3525880/19696955 [00:00<00:01, 11750430.43iteration/s]
 24%|██▍       | 4703104/19696955 [00:00<00:01, 11751777.10iteration/s]
 30%|██▉       | 5880328/19696955 [00:00<00:01, 11748385.06iteration/s]
 36%|███▌      | 7060448/19696955 [00:00<00:01, 11751966.81iteration/s]
 42%|████▏     | 8243464/19696955 [00:00<00:00, 11762774.20iteration/s]
 48%|████▊     | 9426480/19696955 [00:00<00:00, 11761006.20iteration/s]
 54%|█████▍    | 10612392/19696955 [00:00<00:00, 11757714.60iteration/s]
 60%|█████▉    | 11796856/19696955 [00:01<00:00, 11757777.14iteration/s]
 66%|██████▌   | 12982768/19696955 [00:01<00:00, 11760031.86iteration/s]
 72%|███████▏  | 14162888/19696955 [00:01<00:00, 11759681.55iteration/s]
 78%|███████▊  | 15348800/19696955 [00:01<00:00, 11758846.69iteration/s]
 84%|████████▍ | 16534712/19696955 [00:01<00:00, 11756661.88iteration/s]
 90%|████████▉ | 17714832/19696955 [00:01<00:00, 11763873.06iteration/s]
 96%|█████████▌| 18906536/19696955 [00:01<00:00, 11761054.61iteration/s]2026-05-25 21:35:39.031 | INFO     | utils.ConnectHandler_server:receive:80 - receive completed

100%|██████████| 19696955/19696955 [00:01<00:00, 11694477.59iteration/s]
2026-05-25 21:35:39.049 | INFO     | __main__:<module>:438 - 2026-05-25 21:35:39 RECV round=10 token=0 cid=5 train_duration=164.82021641731262 battery=146951.87J
2026-05-25 21:35:39.049 | INFO     | utils.ConnectHandler_server:send:28 - sending data (59 bytes) to client#5...
2026-05-25 21:35:39.049 | INFO     | utils.ConnectHandler_server:send:34 - sending data (59 bytes) to client#5 completely
2026-05-25 21:35:41.738 | INFO     | __main__:<module>:552 - 2026-05-25 21:35:41 ROUND=10 end avg_acc=25.0300 best_acc=35.6650 duration=171.47s comm_mb=75.166 locations_after=[2, 6] checkpoint=logs_real/mmdfl_real_server/checkpoints/dfl_mm_seed1/checkpoint.pt
2026-05-25 21:35:41.738 | INFO     | __main__:<module>:374 - 2026-05-25 21:35:41 ROUND=11 start token_locations=[2, 6] active_clients=[0, 1, 2, 3, 4, 5, 6, 7, 8, 9]
2026-05-25 21:35:41.756 | INFO     | utils.ConnectHandler_server:send:28 - sending data (19699823 bytes) to client#2...
2026-05-25 21:35:43.386 | INFO     | utils.ConnectHandler_server:send:34 - sending data (19699823 bytes) to client#2 completely
2026-05-25 21:35:43.386 | INFO     | __main__:<module>:418 - 2026-05-25 21:35:43 SEND round=11 token=0 cid=2 payload_mb=18.787 duration=1.639s
2026-05-25 21:35:43.404 | INFO     | utils.ConnectHandler_server:send:28 - sending data (19699823 bytes) to client#6...
2026-05-25 21:35:45.083 | INFO     | utils.ConnectHandler_server:send:34 - sending data (19699823 bytes) to client#6 completely
2026-05-25 21:35:45.083 | INFO     | __main__:<module>:418 - 2026-05-25 21:35:45 SEND round=11 token=1 cid=6 payload_mb=18.787 duration=1.687s
2026-05-25 21:37:16.251 | INFO     | utils.ConnectHandler_server:receive:71 - 19696975bytes data to be received from client#2

  0%|          | 0/19696975 [00:00<?, ?iteration/s]
  6%|▌         | 1138128/19696975 [00:00<00:01, 11364004.93iteration/s]
 12%|█▏        | 2312456/19696975 [00:00<00:01, 11586893.64iteration/s]
 18%|█▊        | 3489680/19696975 [00:00<00:01, 11660639.86iteration/s]
 24%|██▎       | 4666904/19696975 [00:00<00:01, 11696011.47iteration/s]
 30%|██▉       | 5844128/19696975 [00:00<00:01, 11713416.57iteration/s]
 36%|███▌      | 7021352/19696975 [00:00<00:01, 11727442.86iteration/s]
 42%|████▏     | 8197128/19696975 [00:00<00:00, 11735427.80iteration/s]
 48%|████▊     | 9377248/19696975 [00:00<00:00, 11749134.45iteration/s]
 54%|█████▎    | 10558816/19696975 [00:00<00:00, 11750261.03iteration/s]
 60%|█████▉    | 11737488/19696975 [00:01<00:00, 11750794.19iteration/s]
 66%|██████▌   | 12914712/19696975 [00:01<00:00, 11756261.12iteration/s]
 72%|███████▏  | 14097728/19696975 [00:01<00:00, 11750866.23iteration/s]
 78%|███████▊  | 15282192/19696975 [00:01<00:00, 11755432.39iteration/s]
 84%|████████▎ | 16469552/19696975 [00:01<00:00, 11764664.80iteration/s]
 90%|████████▉ | 17655464/19696975 [00:01<00:00, 11761782.60iteration/s]
 96%|█████████▌| 18832688/19696975 [00:01<00:00, 11754666.14iteration/s]2026-05-25 21:37:17.931 | INFO     | utils.ConnectHandler_server:receive:80 - receive completed

100%|██████████| 19696975/19696975 [00:01<00:00, 11666734.83iteration/s]
2026-05-25 21:37:17.954 | INFO     | __main__:<module>:438 - 2026-05-25 21:37:17 RECV round=11 token=0 cid=2 train_duration=92.09944796562195 battery=147592.85J
2026-05-25 21:37:17.954 | INFO     | utils.ConnectHandler_server:send:28 - sending data (59 bytes) to client#2...
2026-05-25 21:37:17.954 | INFO     | utils.ConnectHandler_server:send:34 - sending data (59 bytes) to client#2 completely
2026-05-25 21:37:59.937 | INFO     | utils.ConnectHandler_server:receive:71 - 19696947bytes data to be received from client#6

  0%|          | 0/19696947 [00:00<?, ?iteration/s]
  6%|▌         | 1109168/19696947 [00:00<00:01, 11063677.26iteration/s]
 12%|█▏        | 2286392/19696947 [00:00<00:01, 11476385.48iteration/s]
 18%|█▊        | 3463616/19696947 [00:00<00:01, 11607090.90iteration/s]
 24%|██▎       | 4639392/19696947 [00:00<00:01, 11654095.91iteration/s]
 30%|██▉       | 5822408/19696947 [00:00<00:01, 11702936.14iteration/s]
 36%|███▌      | 7001080/19696947 [00:00<00:01, 11715954.23iteration/s]
 42%|████▏     | 8178304/19696947 [00:00<00:00, 11729478.19iteration/s]
 47%|████▋     | 9354080/19696947 [00:00<00:00, 11735465.06iteration/s]
 53%|█████▎    | 10537096/19696947 [00:00<00:00, 11753345.24iteration/s]
 60%|█████▉    | 11720112/19696947 [00:01<00:00, 11752583.41iteration/s]
 65%|██████▌   | 12898784/19696947 [00:01<00:00, 11750452.99iteration/s]
 71%|███████▏  | 14077456/19696947 [00:01<00:00, 11758007.88iteration/s]
 78%|███████▊  | 15266264/19696947 [00:01<00:00, 11760773.54iteration/s]
 84%|████████▎ | 16457968/19696947 [00:01<00:00, 11761811.00iteration/s]
 90%|████████▉ | 17636640/19696947 [00:01<00:00, 11752235.81iteration/s]
 96%|█████████▌| 18813864/19696947 [00:01<00:00, 11757560.60iteration/s]2026-05-25 21:38:01.619 | INFO     | utils.ConnectHandler_server:receive:80 - receive completed

100%|██████████| 19696947/19696947 [00:01<00:00, 11655359.57iteration/s]
2026-05-25 21:38:01.637 | INFO     | __main__:<module>:438 - 2026-05-25 21:38:01 RECV round=11 token=1 cid=6 train_duration=133.9662380218506 battery=147775.88J
2026-05-25 21:38:01.637 | INFO     | utils.ConnectHandler_server:send:28 - sending data (59 bytes) to client#6...
2026-05-25 21:38:01.637 | INFO     | utils.ConnectHandler_server:send:34 - sending data (59 bytes) to client#6 completely
2026-05-25 21:38:04.330 | INFO     | __main__:<module>:552 - 2026-05-25 21:38:04 ROUND=11 end avg_acc=18.8200 best_acc=35.6650 duration=142.54s comm_mb=75.138 locations_after=[3, 5] checkpoint=logs_real/mmdfl_real_server/checkpoints/dfl_mm_seed1/checkpoint.pt
2026-05-25 21:38:04.330 | INFO     | __main__:<module>:374 - 2026-05-25 21:38:04 ROUND=12 start token_locations=[3, 5] active_clients=[0, 1, 2, 3, 4, 5, 6, 7, 8, 9]
2026-05-25 21:38:04.354 | INFO     | utils.ConnectHandler_server:send:28 - sending data (19699828 bytes) to client#3...
2026-05-25 21:38:05.986 | INFO     | utils.ConnectHandler_server:send:34 - sending data (19699828 bytes) to client#3 completely
2026-05-25 21:38:05.986 | INFO     | __main__:<module>:418 - 2026-05-25 21:38:05 SEND round=12 token=0 cid=3 payload_mb=18.787 duration=1.647s
2026-05-25 21:38:06.007 | INFO     | utils.ConnectHandler_server:send:28 - sending data (19699823 bytes) to client#5...
2026-05-25 21:38:07.674 | INFO     | utils.ConnectHandler_server:send:34 - sending data (19699823 bytes) to client#5 completely
2026-05-25 21:38:07.675 | INFO     | __main__:<module>:418 - 2026-05-25 21:38:07 SEND round=12 token=1 cid=5 payload_mb=18.787 duration=1.679s
2026-05-25 21:39:31.171 | INFO     | utils.ConnectHandler_server:receive:71 - 19696963bytes data to be received from client#3

  0%|          | 0/19696963 [00:00<?, ?iteration/s]
  6%|▌         | 1165640/19696963 [00:00<00:01, 11643003.47iteration/s]
 12%|█▏        | 2342864/19696963 [00:00<00:01, 11715612.40iteration/s]
 18%|█▊        | 3518640/19696963 [00:00<00:01, 11733769.67iteration/s]
 24%|██▍       | 4695864/19696963 [00:00<00:01, 11741830.74iteration/s]
 30%|██▉       | 5873088/19696963 [00:00<00:01, 11750552.71iteration/s]
 36%|███▌      | 7051760/19696963 [00:00<00:01, 11746677.27iteration/s]
 42%|████▏     | 8231880/19696963 [00:00<00:00, 11756959.89iteration/s]
 48%|████▊     | 9412000/19696963 [00:00<00:00, 11749831.25iteration/s]
 54%|█████▍    | 10595016/19696963 [00:00<00:00, 11747153.63iteration/s]
 60%|█████▉    | 11775136/19696963 [00:01<00:00, 11756311.48iteration/s]
 66%|██████▌   | 12953808/19696963 [00:01<00:00, 11755330.83iteration/s]
 72%|███████▏  | 14133928/19696963 [00:01<00:00, 11758942.61iteration/s]
 78%|███████▊  | 15318392/19696963 [00:01<00:00, 11753991.39iteration/s]
 84%|████████▍ | 16507200/19696963 [00:01<00:00, 11761639.91iteration/s]
 90%|████████▉ | 17697456/19696963 [00:01<00:00, 11767410.02iteration/s]
 96%|█████████▌| 18881920/19696963 [00:01<00:00, 11756772.59iteration/s]2026-05-25 21:39:32.848 | INFO     | utils.ConnectHandler_server:receive:80 - receive completed

100%|██████████| 19696963/19696963 [00:01<00:00, 11689030.34iteration/s]
2026-05-25 21:39:32.877 | INFO     | __main__:<module>:438 - 2026-05-25 21:39:32 RECV round=12 token=0 cid=3 train_duration=84.44970607757568 battery=148453.43J
2026-05-25 21:39:32.877 | INFO     | utils.ConnectHandler_server:send:28 - sending data (59 bytes) to client#3...
2026-05-25 21:39:32.877 | INFO     | utils.ConnectHandler_server:send:34 - sending data (59 bytes) to client#3 completely
2026-05-25 21:40:25.097 | INFO     | utils.ConnectHandler_server:receive:71 - 19696971bytes data to be received from client#5

  0%|          | 0/19696971 [00:00<?, ?iteration/s]
  6%|▌         | 1175776/19696971 [00:00<00:01, 11730028.35iteration/s]
 12%|█▏        | 2353000/19696971 [00:00<00:01, 11749918.80iteration/s]
 18%|█▊        | 3530224/19696971 [00:00<00:01, 11753395.94iteration/s]
 24%|██▍       | 4706000/19696971 [00:00<00:01, 11748878.75iteration/s]
 30%|██▉       | 5884672/19696971 [00:00<00:01, 11741155.03iteration/s]
 36%|███▌      | 7063344/19696971 [00:00<00:01, 11749882.52iteration/s]
 42%|████▏     | 8240568/19696971 [00:00<00:00, 11752162.84iteration/s]
 48%|████▊     | 9417792/19696971 [00:00<00:00, 11753070.54iteration/s]
 54%|█████▍    | 10600808/19696971 [00:00<00:00, 11760562.04iteration/s]
 60%|█████▉    | 11782376/19696971 [00:01<00:00, 11758794.74iteration/s]
 66%|██████▌   | 12962496/19696971 [00:01<00:00, 11761454.28iteration/s]
 72%|███████▏  | 14142616/19696971 [00:01<00:00, 11759709.75iteration/s]
 78%|███████▊  | 15325632/19696971 [00:01<00:00, 11759034.26iteration/s]
 84%|████████▍ | 16505752/19696971 [00:01<00:00, 11749725.62iteration/s]
 90%|████████▉ | 17688768/19696971 [00:01<00:00, 11756066.97iteration/s]
 96%|█████████▌| 18868888/19696971 [00:01<00:00, 11752982.72iteration/s]2026-05-25 21:40:26.775 | INFO     | utils.ConnectHandler_server:receive:80 - receive completed

100%|██████████| 19696971/19696971 [00:01<00:00, 11684240.87iteration/s]
2026-05-25 21:40:26.794 | INFO     | __main__:<module>:438 - 2026-05-25 21:40:26 RECV round=12 token=1 cid=5 train_duration=136.76340198516846 battery=145785.21J
2026-05-25 21:40:26.794 | INFO     | utils.ConnectHandler_server:send:28 - sending data (59 bytes) to client#5...
2026-05-25 21:40:26.794 | INFO     | utils.ConnectHandler_server:send:34 - sending data (59 bytes) to client#5 completely
2026-05-25 21:40:29.562 | INFO     | __main__:<module>:552 - 2026-05-25 21:40:29 ROUND=12 end avg_acc=19.4350 best_acc=35.6650 duration=145.18s comm_mb=75.138 locations_after=[1, 2] checkpoint=logs_real/mmdfl_real_server/checkpoints/dfl_mm_seed1/checkpoint.pt
2026-05-25 21:40:29.562 | INFO     | __main__:<module>:374 - 2026-05-25 21:40:29 ROUND=13 start token_locations=[1, 2] active_clients=[0, 1, 2, 3, 4, 5, 6, 7, 8, 9]
2026-05-25 21:40:29.582 | INFO     | utils.ConnectHandler_server:send:28 - sending data (19699822 bytes) to client#1...
2026-05-25 21:40:31.176 | INFO     | utils.ConnectHandler_server:send:34 - sending data (19699822 bytes) to client#1 completely
2026-05-25 21:40:31.176 | INFO     | __main__:<module>:418 - 2026-05-25 21:40:31 SEND round=13 token=0 cid=1 payload_mb=18.787 duration=1.604s
2026-05-25 21:40:31.196 | INFO     | utils.ConnectHandler_server:send:28 - sending data (19699823 bytes) to client#2...
2026-05-25 21:40:32.879 | INFO     | utils.ConnectHandler_server:send:34 - sending data (19699823 bytes) to client#2 completely
2026-05-25 21:40:32.879 | INFO     | __main__:<module>:418 - 2026-05-25 21:40:32 SEND round=13 token=1 cid=2 payload_mb=18.787 duration=1.693s
2026-05-25 21:42:04.150 | INFO     | utils.ConnectHandler_server:receive:71 - 19696973bytes data to be received from client#2

  0%|          | 0/19696973 [00:00<?, ?iteration/s]
  6%|▌         | 1177224/19696973 [00:00<00:01, 11745703.47iteration/s]
 12%|█▏        | 2354448/19696973 [00:00<00:01, 11751590.42iteration/s]
 18%|█▊        | 3531672/19696973 [00:00<00:01, 11757153.77iteration/s]
 24%|██▍       | 4708896/19696973 [00:00<00:01, 11748159.64iteration/s]
 30%|██▉       | 5886120/19696973 [00:00<00:01, 11755220.92iteration/s]
 36%|███▌      | 7066240/19696973 [00:00<00:01, 11756836.92iteration/s]
 42%|████▏     | 8249256/19696973 [00:00<00:00, 11760730.57iteration/s]
 48%|████▊     | 9430824/19696973 [00:00<00:00, 11753984.61iteration/s]
 54%|█████▍    | 10615288/19696973 [00:00<00:00, 11759489.07iteration/s]
 60%|█████▉    | 11793960/19696973 [00:01<00:00, 11762141.84iteration/s]
 66%|██████▌   | 12972632/19696973 [00:01<00:00, 11754976.24iteration/s]
 72%|███████▏  | 14151304/19696973 [00:01<00:00, 11760510.01iteration/s]
 78%|███████▊  | 15334320/19696973 [00:01<00:00, 11762112.85iteration/s]
 84%|████████▍ | 16521680/19696973 [00:01<00:00, 11753879.77iteration/s]
 90%|████████▉ | 17704696/19696973 [00:01<00:00, 11767009.73iteration/s]
 96%|█████████▌| 18886264/19696973 [00:01<00:00, 11758219.67iteration/s]2026-05-25 21:42:05.828 | INFO     | utils.ConnectHandler_server:receive:80 - receive completed

100%|██████████| 19696973/19696973 [00:01<00:00, 11685157.62iteration/s]
2026-05-25 21:42:05.846 | INFO     | __main__:<module>:438 - 2026-05-25 21:42:05 RECV round=13 token=1 cid=2 train_duration=90.54067397117615 battery=146820.49J
2026-05-25 21:42:05.846 | INFO     | utils.ConnectHandler_server:send:28 - sending data (59 bytes) to client#2...
2026-05-25 21:42:05.847 | INFO     | utils.ConnectHandler_server:send:34 - sending data (59 bytes) to client#2 completely
2026-05-25 21:42:22.546 | INFO     | utils.ConnectHandler_server:receive:71 - 19696979bytes data to be received from client#1

  0%|          | 0/19696979 [00:00<?, ?iteration/s]
  6%|▌         | 1171432/19696979 [00:00<00:01, 11687135.59iteration/s]
 12%|█▏        | 2347208/19696979 [00:00<00:01, 11722815.28iteration/s]
 18%|█▊        | 3524432/19696979 [00:00<00:01, 11744910.98iteration/s]
 24%|██▍       | 4701656/19696979 [00:00<00:01, 11739000.97iteration/s]
 30%|██▉       | 5878880/19696979 [00:00<00:01, 11749099.97iteration/s]
 36%|███▌      | 7056104/19696979 [00:00<00:01, 11754289.19iteration/s]
 42%|████▏     | 8237672/19696979 [00:00<00:00, 11757772.43iteration/s]
 48%|████▊     | 9419240/19696979 [00:00<00:00, 11756056.55iteration/s]
 54%|█████▍    | 10599360/19696979 [00:00<00:00, 11759891.53iteration/s]
 60%|█████▉    | 11780928/19696979 [00:01<00:00, 11752523.27iteration/s]
 66%|██████▌   | 12959600/19696979 [00:01<00:00, 11755333.15iteration/s]
 72%|███████▏  | 14141168/19696979 [00:01<00:00, 11756739.34iteration/s]
 78%|███████▊  | 15322736/19696979 [00:01<00:00, 11761206.74iteration/s]
 84%|████████▍ | 16507200/19696979 [00:01<00:00, 11766036.87iteration/s]
 90%|████████▉ | 17684424/19696979 [00:01<00:00, 11761533.83iteration/s]
 96%|█████████▌| 18865992/19696979 [00:01<00:00, 11759048.40iteration/s]2026-05-25 21:42:24.223 | INFO     | utils.ConnectHandler_server:receive:80 - receive completed

100%|██████████| 19696979/19696979 [00:01<00:00, 11687536.68iteration/s]
2026-05-25 21:42:24.242 | INFO     | __main__:<module>:438 - 2026-05-25 21:42:24 RECV round=13 token=0 cid=1 train_duration=110.35175824165344 battery=146127.94J
2026-05-25 21:42:24.242 | INFO     | utils.ConnectHandler_server:send:28 - sending data (59 bytes) to client#1...
2026-05-25 21:42:24.242 | INFO     | utils.ConnectHandler_server:send:34 - sending data (59 bytes) to client#1 completely
2026-05-25 21:42:27.009 | INFO     | __main__:<module>:552 - 2026-05-25 21:42:26 ROUND=13 end avg_acc=25.7000 best_acc=35.6650 duration=117.40s comm_mb=75.138 locations_after=[9, 3] checkpoint=logs_real/mmdfl_real_server/checkpoints/dfl_mm_seed1/checkpoint.pt
2026-05-25 21:42:27.009 | INFO     | __main__:<module>:374 - 2026-05-25 21:42:27 ROUND=14 start token_locations=[9, 3] active_clients=[0, 1, 2, 3, 4, 5, 6, 7, 8, 9]
2026-05-25 21:42:27.032 | INFO     | utils.ConnectHandler_server:send:28 - sending data (19723706 bytes) to client#9...
2026-05-25 21:42:28.655 | INFO     | utils.ConnectHandler_server:send:34 - sending data (19723706 bytes) to client#9 completely
2026-05-25 21:42:28.655 | INFO     | __main__:<module>:418 - 2026-05-25 21:42:28 SEND round=14 token=0 cid=9 payload_mb=18.810 duration=1.636s
2026-05-25 21:42:28.676 | INFO     | utils.ConnectHandler_server:send:28 - sending data (19699828 bytes) to client#3...
2026-05-25 21:42:30.358 | INFO     | utils.ConnectHandler_server:send:34 - sending data (19699828 bytes) to client#3 completely
2026-05-25 21:42:30.358 | INFO     | __main__:<module>:418 - 2026-05-25 21:42:30 SEND round=14 token=1 cid=3 payload_mb=18.787 duration=1.693s
2026-05-25 21:43:55.198 | INFO     | utils.ConnectHandler_server:receive:71 - 19696985bytes data to be received from client#3

  0%|          | 0/19696985 [00:00<?, ?iteration/s]
  6%|▌         | 1159848/19696985 [00:00<00:01, 11587550.81iteration/s]
 12%|█▏        | 2338520/19696985 [00:00<00:01, 11688546.03iteration/s]
 18%|█▊        | 3517192/19696985 [00:00<00:01, 11720868.95iteration/s]
 24%|██▍       | 4694416/19696985 [00:00<00:01, 11731710.53iteration/s]
 30%|██▉       | 5870192/19696985 [00:00<00:01, 11738152.99iteration/s]
 36%|███▌      | 7053208/19696985 [00:00<00:01, 11753711.93iteration/s]
 42%|████▏     | 8233328/19696985 [00:00<00:00, 11754451.98iteration/s]
 48%|████▊     | 9412000/19696985 [00:00<00:00, 11751630.70iteration/s]
 54%|█████▍    | 10592120/19696985 [00:00<00:00, 11760388.87iteration/s]
 60%|█████▉    | 11770792/19696985 [00:01<00:00, 11762405.25iteration/s]
 66%|██████▌   | 12953808/19696985 [00:01<00:00, 11762408.98iteration/s]
 72%|███████▏  | 14132480/19696985 [00:01<00:00, 11752468.21iteration/s]
 78%|███████▊  | 15316944/19696985 [00:01<00:00, 11757173.36iteration/s]
 84%|████████▍ | 16502856/19696985 [00:01<00:00, 11762927.69iteration/s]
 90%|████████▉ | 17684424/19696985 [00:01<00:00, 11759769.39iteration/s]
 96%|█████████▌| 18870336/19696985 [00:01<00:00, 11763963.21iteration/s]2026-05-25 21:43:56.876 | INFO     | utils.ConnectHandler_server:receive:80 - receive completed

100%|██████████| 19696985/19696985 [00:01<00:00, 11680096.26iteration/s]
2026-05-25 21:43:56.895 | INFO     | __main__:<module>:438 - 2026-05-25 21:43:56 RECV round=14 token=1 cid=3 train_duration=84.2149121761322 battery=147735.04J
2026-05-25 21:43:56.895 | INFO     | utils.ConnectHandler_server:send:28 - sending data (59 bytes) to client#3...
2026-05-25 21:43:56.895 | INFO     | utils.ConnectHandler_server:send:34 - sending data (59 bytes) to client#3 completely
2026-05-25 21:44:19.071 | INFO     | utils.ConnectHandler_server:receive:71 - 19694250bytes data to be received from client#9

  0%|          | 0/19694250 [00:00<?, ?iteration/s]
  6%|▌         | 1177862/19694250 [00:00<00:01, 11767128.66iteration/s]
 12%|█▏        | 2357138/19694250 [00:00<00:01, 11751251.69iteration/s]
 18%|█▊        | 3533586/19694250 [00:00<00:01, 11745861.34iteration/s]
 24%|██▍       | 4710034/19694250 [00:00<00:01, 11741673.67iteration/s]
 30%|██▉       | 5889310/19694250 [00:00<00:01, 11745823.77iteration/s]
 36%|███▌      | 7068586/19694250 [00:00<00:01, 11736506.03iteration/s]
 42%|████▏     | 8245034/19694250 [00:00<00:00, 11737491.68iteration/s]
 48%|████▊     | 9421482/19694250 [00:00<00:00, 11741319.23iteration/s]
 54%|█████▍    | 10597930/19694250 [00:00<00:00, 11746216.40iteration/s]
 60%|█████▉    | 11775792/19694250 [00:01<00:00, 11744598.88iteration/s]
 66%|██████▌   | 12950826/19694250 [00:01<00:00, 11741515.32iteration/s]
 72%|███████▏  | 14128688/19694250 [00:01<00:00, 11742440.15iteration/s]
 78%|███████▊  | 15307964/19694250 [00:01<00:00, 11743766.11iteration/s]
 84%|████████▎ | 16492896/19694250 [00:01<00:00, 11740469.57iteration/s]
 90%|████████▉ | 17679242/19694250 [00:01<00:00, 11741276.44iteration/s]
 96%|█████████▌| 18864174/19694250 [00:01<00:00, 11737371.59iteration/s]2026-05-25 21:44:20.750 | INFO     | utils.ConnectHandler_server:receive:80 - receive completed

100%|██████████| 19694250/19694250 [00:01<00:00, 11675740.86iteration/s]
2026-05-25 21:44:20.768 | INFO     | __main__:<module>:438 - 2026-05-25 21:44:20 RECV round=14 token=0 cid=9 train_duration=109.96048426628113 battery=142432.67J
2026-05-25 21:44:20.768 | INFO     | utils.ConnectHandler_server:send:28 - sending data (59 bytes) to client#9...
2026-05-25 21:44:20.768 | INFO     | utils.ConnectHandler_server:send:34 - sending data (59 bytes) to client#9 completely
2026-05-25 21:44:23.536 | INFO     | __main__:<module>:552 - 2026-05-25 21:44:23 ROUND=14 end avg_acc=28.7900 best_acc=35.6650 duration=116.47s comm_mb=75.161 locations_after=[0, 1] checkpoint=logs_real/mmdfl_real_server/checkpoints/dfl_mm_seed1/checkpoint.pt
2026-05-25 21:44:23.536 | INFO     | __main__:<module>:374 - 2026-05-25 21:44:23 ROUND=15 start token_locations=[0, 1] active_clients=[0, 1, 2, 3, 4, 5, 6, 7, 8, 9]
2026-05-25 21:44:23.557 | INFO     | utils.ConnectHandler_server:send:28 - sending data (19699826 bytes) to client#0...
2026-05-25 21:44:25.168 | INFO     | utils.ConnectHandler_server:send:34 - sending data (19699826 bytes) to client#0 completely
2026-05-25 21:44:25.168 | INFO     | __main__:<module>:418 - 2026-05-25 21:44:25 SEND round=15 token=0 cid=0 payload_mb=18.787 duration=1.622s
2026-05-25 21:44:25.189 | INFO     | utils.ConnectHandler_server:send:28 - sending data (19699822 bytes) to client#1...
2026-05-25 21:44:26.855 | INFO     | utils.ConnectHandler_server:send:34 - sending data (19699822 bytes) to client#1 completely
2026-05-25 21:44:26.855 | INFO     | __main__:<module>:418 - 2026-05-25 21:44:26 SEND round=15 token=1 cid=1 payload_mb=18.787 duration=1.676s
2026-05-25 21:46:15.364 | INFO     | utils.ConnectHandler_server:receive:71 - 19696943bytes data to be received from client#0

  0%|          | 0/19696943 [00:00<?, ?iteration/s]
  6%|▌         | 1172880/19696943 [00:00<00:01, 11699272.22iteration/s]
 12%|█▏        | 2350104/19696943 [00:00<00:01, 11738489.07iteration/s]
 18%|█▊        | 3525880/19696943 [00:00<00:01, 11744757.43iteration/s]
 24%|██▍       | 4703104/19696943 [00:00<00:01, 11742361.10iteration/s]
 30%|██▉       | 5880328/19696943 [00:00<00:01, 11751059.10iteration/s]
 36%|███▌      | 7059000/19696943 [00:00<00:01, 11752706.53iteration/s]
 42%|████▏     | 8236224/19696943 [00:00<00:00, 11753525.16iteration/s]
 48%|████▊     | 9419240/19696943 [00:00<00:00, 11761686.77iteration/s]
 54%|█████▍    | 10596464/19696943 [00:00<00:00, 11760608.44iteration/s]
 60%|█████▉    | 11779480/19696943 [00:01<00:00, 11752778.31iteration/s]
 66%|██████▌   | 12965392/19696943 [00:01<00:00, 11757475.32iteration/s]
 72%|███████▏  | 14145512/19696943 [00:01<00:00, 11761221.49iteration/s]
 78%|███████▊  | 15325632/19696943 [00:01<00:00, 11757940.87iteration/s]
 84%|████████▍ | 16511544/19696943 [00:01<00:00, 11751071.47iteration/s]
 90%|████████▉ | 17696008/19696943 [00:01<00:00, 11760466.88iteration/s]
 96%|█████████▌| 18874680/19696943 [00:01<00:00, 11757458.22iteration/s]2026-05-25 21:46:17.042 | INFO     | utils.ConnectHandler_server:receive:80 - receive completed

100%|██████████| 19696943/19696943 [00:01<00:00, 11687025.92iteration/s]
2026-05-25 21:46:17.060 | INFO     | __main__:<module>:438 - 2026-05-25 21:46:17 RECV round=15 token=0 cid=0 train_duration=109.19898629188538 battery=148026.77J
2026-05-25 21:46:17.061 | INFO     | utils.ConnectHandler_server:send:28 - sending data (59 bytes) to client#0...
2026-05-25 21:46:17.061 | INFO     | utils.ConnectHandler_server:send:34 - sending data (59 bytes) to client#0 completely
2026-05-25 21:46:18.059 | INFO     | utils.ConnectHandler_server:receive:71 - 19696981bytes data to be received from client#1

  0%|          | 0/19696981 [00:00<?, ?iteration/s]
  6%|▌         | 1168536/19696981 [00:00<00:01, 11664874.25iteration/s]
 12%|█▏        | 2344312/19696981 [00:00<00:01, 11716885.55iteration/s]
 18%|█▊        | 3521536/19696981 [00:00<00:01, 11740058.69iteration/s]
 24%|██▍       | 4697312/19696981 [00:00<00:01, 11735620.48iteration/s]
 30%|██▉       | 5874536/19696981 [00:00<00:01, 11743219.58iteration/s]
 36%|███▌      | 7054656/19696981 [00:00<00:01, 11753780.46iteration/s]
 42%|████▏     | 8230432/19696981 [00:00<00:00, 11749119.50iteration/s]
 48%|████▊     | 9407656/19696981 [00:00<00:00, 11755753.39iteration/s]
 54%|█████▎    | 10584880/19696981 [00:00<00:00, 11758332.19iteration/s]
 60%|█████▉    | 11767896/19696981 [00:01<00:00, 11760599.14iteration/s]
 66%|██████▌   | 12953808/19696981 [00:01<00:00, 11760274.87iteration/s]
 72%|███████▏  | 14131032/19696981 [00:01<00:00, 11760454.57iteration/s]
 78%|███████▊  | 15318392/19696981 [00:01<00:00, 11761263.07iteration/s]
 84%|████████▍ | 16499960/19696981 [00:01<00:00, 11762224.08iteration/s]
 90%|████████▉ | 17680080/19696981 [00:01<00:00, 11761721.22iteration/s]
 96%|█████████▌| 18865992/19696981 [00:01<00:00, 11758311.89iteration/s]2026-05-25 21:46:19.736 | INFO     | utils.ConnectHandler_server:receive:80 - receive completed

100%|██████████| 19696981/19696981 [00:01<00:00, 11683627.15iteration/s]
2026-05-25 21:46:19.756 | INFO     | __main__:<module>:438 - 2026-05-25 21:46:19 RECV round=15 token=1 cid=1 train_duration=110.25127339363098 battery=145187.44J
2026-05-25 21:46:19.756 | INFO     | utils.ConnectHandler_server:send:28 - sending data (59 bytes) to client#1...
2026-05-25 21:46:19.756 | INFO     | utils.ConnectHandler_server:send:34 - sending data (59 bytes) to client#1 completely
2026-05-25 21:46:22.464 | INFO     | __main__:<module>:552 - 2026-05-25 21:46:22 ROUND=15 end avg_acc=32.7650 best_acc=35.6650 duration=118.88s comm_mb=75.138 locations_after=[1, 0] checkpoint=logs_real/mmdfl_real_server/checkpoints/dfl_mm_seed1/checkpoint.pt
2026-05-25 21:46:22.465 | INFO     | __main__:<module>:374 - 2026-05-25 21:46:22 ROUND=16 start token_locations=[1, 0] active_clients=[0, 1, 2, 3, 4, 5, 6, 7, 8, 9]
2026-05-25 21:46:22.489 | INFO     | utils.ConnectHandler_server:send:28 - sending data (19699822 bytes) to client#1...
2026-05-25 21:46:24.102 | INFO     | utils.ConnectHandler_server:send:34 - sending data (19699822 bytes) to client#1 completely
2026-05-25 21:46:24.103 | INFO     | __main__:<module>:418 - 2026-05-25 21:46:24 SEND round=16 token=0 cid=1 payload_mb=18.787 duration=1.628s
2026-05-25 21:46:24.123 | INFO     | utils.ConnectHandler_server:send:28 - sending data (19699826 bytes) to client#0...
2026-05-25 21:46:25.796 | INFO     | utils.ConnectHandler_server:send:34 - sending data (19699826 bytes) to client#0 completely
2026-05-25 21:46:25.796 | INFO     | __main__:<module>:418 - 2026-05-25 21:46:25 SEND round=16 token=1 cid=0 payload_mb=18.787 duration=1.683s
2026-05-25 21:48:14.962 | INFO     | utils.ConnectHandler_server:receive:71 - 19696965bytes data to be received from client#1

  0%|          | 0/19696965 [00:00<?, ?iteration/s]
  6%|▌         | 1169984/19696965 [00:00<00:01, 11687590.38iteration/s]
 12%|█▏        | 2347208/19696965 [00:00<00:01, 11732977.77iteration/s]
 18%|█▊        | 3524432/19696965 [00:00<00:01, 11747093.63iteration/s]
 24%|██▍       | 4700208/19696965 [00:00<00:01, 11744169.35iteration/s]
 30%|██▉       | 5877432/19696965 [00:00<00:01, 11744138.23iteration/s]
 36%|███▌      | 7057552/19696965 [00:00<00:01, 11754071.49iteration/s]
 42%|████▏     | 8234776/19696965 [00:00<00:00, 11757307.46iteration/s]
 48%|████▊     | 9412000/19696965 [00:00<00:00, 11753050.24iteration/s]
 54%|█████▍    | 10595016/19696965 [00:00<00:00, 11761807.52iteration/s]
 60%|█████▉    | 11778032/19696965 [00:01<00:00, 11499596.25iteration/s]
 66%|██████▌   | 12940776/19696965 [00:01<00:00, 11157860.25iteration/s]
 72%|███████▏  | 14103520/19696965 [00:01<00:00, 11280387.21iteration/s]
 78%|███████▊  | 15290880/19696965 [00:01<00:00, 11427776.32iteration/s]
 84%|████████▎ | 16468104/19696965 [00:01<00:00, 11520600.53iteration/s]
 90%|████████▉ | 17648224/19696965 [00:01<00:00, 11589884.03iteration/s]
 96%|█████████▌| 18837032/19696965 [00:01<00:00, 11642707.34iteration/s]2026-05-25 21:48:16.660 | INFO     | utils.ConnectHandler_server:receive:80 - receive completed

100%|██████████| 19696965/19696965 [00:01<00:00, 11545624.03iteration/s]
2026-05-25 21:48:16.686 | INFO     | __main__:<module>:438 - 2026-05-25 21:48:16 RECV round=16 token=0 cid=1 train_duration=109.86878943443298 battery=144250.21J
2026-05-25 21:48:16.686 | INFO     | utils.ConnectHandler_server:send:28 - sending data (59 bytes) to client#1...
2026-05-25 21:48:16.686 | INFO     | utils.ConnectHandler_server:send:34 - sending data (59 bytes) to client#1 completely
2026-05-25 21:48:16.686 | INFO     | utils.ConnectHandler_server:receive:71 - 19696991bytes data to be received from client#0

  0%|          | 0/19696991 [00:00<?, ?iteration/s]
  7%|▋         | 1424832/19696991 [00:00<00:01, 14213057.64iteration/s]
 14%|█▍        | 2848216/19696991 [00:00<00:01, 12654288.34iteration/s]
 21%|██        | 4126800/19696991 [00:00<00:01, 12251079.07iteration/s]
 27%|██▋       | 5357600/19696991 [00:00<00:01, 12059996.55iteration/s]
 33%|███▎      | 6571024/19696991 [00:00<00:01, 11957589.74iteration/s]
 39%|███▉      | 7771416/19696991 [00:00<00:01, 11894155.37iteration/s]
 46%|████▌     | 8964568/19696991 [00:00<00:00, 11853139.56iteration/s]
 52%|█████▏    | 10153376/19696991 [00:00<00:00, 11817928.76iteration/s]
 58%|█████▊    | 11342184/19696991 [00:00<00:00, 11800201.90iteration/s]
 64%|██████▎   | 12522304/19696991 [00:01<00:00, 11787510.44iteration/s]
 70%|██████▉   | 13709664/19696991 [00:01<00:00, 11780272.12iteration/s]
 76%|███████▌  | 14898472/19696991 [00:01<00:00, 11773512.41iteration/s]
 82%|████████▏ | 16084384/19696991 [00:01<00:00, 11776287.57iteration/s]
 88%|████████▊ | 17270296/19696991 [00:01<00:00, 11762943.87iteration/s]
 94%|█████████▎| 18450416/19696991 [00:01<00:00, 11765411.87iteration/s]
100%|█████████▉| 19630536/19696991 [00:01<00:00, 11760820.89iteration/s]2026-05-25 21:48:18.342 | INFO     | utils.ConnectHandler_server:receive:80 - receive completed

100%|██████████| 19696991/19696991 [00:01<00:00, 11837598.50iteration/s]
2026-05-25 21:48:18.365 | INFO     | __main__:<module>:438 - 2026-05-25 21:48:18 RECV round=16 token=1 cid=0 train_duration=109.15688896179199 battery=147095.61J
2026-05-25 21:48:18.365 | INFO     | utils.ConnectHandler_server:send:28 - sending data (59 bytes) to client#0...
2026-05-25 21:48:18.365 | INFO     | utils.ConnectHandler_server:send:34 - sending data (59 bytes) to client#0 completely
2026-05-25 21:48:21.055 | INFO     | __main__:<module>:552 - 2026-05-25 21:48:20 ROUND=16 end avg_acc=32.3100 best_acc=35.6650 duration=118.54s comm_mb=75.138 locations_after=[3, 1] checkpoint=logs_real/mmdfl_real_server/checkpoints/dfl_mm_seed1/checkpoint.pt
2026-05-25 21:48:21.055 | INFO     | __main__:<module>:374 - 2026-05-25 21:48:21 ROUND=17 start token_locations=[3, 1] active_clients=[0, 1, 2, 3, 4, 5, 6, 7, 8, 9]
2026-05-25 21:48:21.075 | INFO     | utils.ConnectHandler_server:send:28 - sending data (19699828 bytes) to client#3...
2026-05-25 21:48:22.664 | INFO     | utils.ConnectHandler_server:send:34 - sending data (19699828 bytes) to client#3 completely
2026-05-25 21:48:22.664 | INFO     | __main__:<module>:418 - 2026-05-25 21:48:22 SEND round=17 token=0 cid=3 payload_mb=18.787 duration=1.599s
2026-05-25 21:48:22.685 | INFO     | utils.ConnectHandler_server:send:28 - sending data (19699822 bytes) to client#1...
2026-05-25 21:48:24.351 | INFO     | utils.ConnectHandler_server:send:34 - sending data (19699822 bytes) to client#1 completely
2026-05-25 21:48:24.351 | INFO     | __main__:<module>:418 - 2026-05-25 21:48:24 SEND round=17 token=1 cid=1 payload_mb=18.787 duration=1.677s
2026-05-25 21:49:47.560 | INFO     | utils.ConnectHandler_server:receive:71 - 19696973bytes data to be received from client#3

  0%|          | 0/19696973 [00:00<?, ?iteration/s]
  6%|▌         | 1156952/19696973 [00:00<00:01, 11565670.57iteration/s]
 12%|█▏        | 2334176/19696973 [00:00<00:01, 11682650.41iteration/s]
 18%|█▊        | 3508504/19696973 [00:00<00:01, 11703861.46iteration/s]
 24%|██▍       | 4687176/19696973 [00:00<00:01, 11724703.37iteration/s]
 30%|██▉       | 5861504/19696973 [00:00<00:01, 11708952.40iteration/s]
 36%|███▌      | 7043072/19696973 [00:00<00:01, 11729800.19iteration/s]
 42%|████▏     | 8223192/19696973 [00:00<00:00, 11741954.08iteration/s]
 48%|████▊     | 9398968/19696973 [00:00<00:00, 11741856.28iteration/s]
 54%|█████▎    | 10584880/19696973 [00:00<00:00, 11753356.29iteration/s]
 60%|█████▉    | 11770792/19696973 [00:01<00:00, 11758423.47iteration/s]
 66%|██████▌   | 12950912/19696973 [00:01<00:00, 11752877.00iteration/s]
 72%|███████▏  | 14129584/19696973 [00:01<00:00, 11760224.16iteration/s]
 78%|███████▊  | 15312600/19696973 [00:01<00:00, 11751914.72iteration/s]
 84%|████████▎ | 16495616/19696973 [00:01<00:00, 11762056.17iteration/s]
 90%|████████▉ | 17684424/19696973 [00:01<00:00, 11762134.79iteration/s]
 96%|█████████▌| 18871784/19696973 [00:01<00:00, 11753060.66iteration/s]2026-05-25 21:49:49.239 | INFO     | utils.ConnectHandler_server:receive:80 - receive completed

100%|██████████| 19696973/19696973 [00:01<00:00, 11675153.77iteration/s]
2026-05-25 21:49:49.257 | INFO     | __main__:<module>:438 - 2026-05-25 21:49:49 RECV round=17 token=0 cid=3 train_duration=84.13139033317566 battery=147017.36J
2026-05-25 21:49:49.257 | INFO     | utils.ConnectHandler_server:send:28 - sending data (59 bytes) to client#3...
2026-05-25 21:49:49.258 | INFO     | utils.ConnectHandler_server:send:34 - sending data (59 bytes) to client#3 completely
2026-05-25 21:50:15.067 | INFO     | utils.ConnectHandler_server:receive:71 - 19696971bytes data to be received from client#1

  0%|          | 0/19696971 [00:00<?, ?iteration/s]
  6%|▌         | 1168536/19696971 [00:00<00:01, 11674237.71iteration/s]
 12%|█▏        | 2345760/19696971 [00:00<00:01, 11727348.89iteration/s]
 18%|█▊        | 3522984/19696971 [00:00<00:01, 11743294.19iteration/s]
 24%|██▍       | 4700208/19696971 [00:00<00:01, 11735267.29iteration/s]
 30%|██▉       | 5880328/19696971 [00:00<00:01, 11751780.15iteration/s]
 36%|███▌      | 7060448/19696971 [00:00<00:01, 11759958.25iteration/s]
 42%|████▏     | 8239120/19696971 [00:00<00:00, 11757433.20iteration/s]
 48%|████▊     | 9422136/19696971 [00:00<00:00, 11755449.02iteration/s]
 54%|█████▍    | 10602256/19696971 [00:00<00:00, 11756197.81iteration/s]
 60%|█████▉    | 11782376/19696971 [00:01<00:00, 11764358.39iteration/s]
 66%|██████▌   | 12969736/19696971 [00:01<00:00, 11758315.14iteration/s]
 72%|███████▏  | 14152752/19696971 [00:01<00:00, 11752561.42iteration/s]
 78%|███████▊  | 15335768/19696971 [00:01<00:00, 11758593.76iteration/s]
 84%|████████▍ | 16521680/19696971 [00:01<00:00, 11761986.38iteration/s]
 90%|████████▉ | 17701800/19696971 [00:01<00:00, 11755329.43iteration/s]
 96%|█████████▌| 18881920/19696971 [00:01<00:00, 11764315.29iteration/s]2026-05-25 21:50:16.744 | INFO     | utils.ConnectHandler_server:receive:80 - receive completed

100%|██████████| 19696971/19696971 [00:01<00:00, 11688512.50iteration/s]
2026-05-25 21:50:16.763 | INFO     | __main__:<module>:438 - 2026-05-25 21:50:16 RECV round=17 token=1 cid=1 train_duration=109.73495221138 battery=143314.11J
2026-05-25 21:50:16.763 | INFO     | utils.ConnectHandler_server:send:28 - sending data (59 bytes) to client#1...
2026-05-25 21:50:16.763 | INFO     | utils.ConnectHandler_server:send:34 - sending data (59 bytes) to client#1 completely
2026-05-25 21:50:19.460 | INFO     | __main__:<module>:552 - 2026-05-25 21:50:19 ROUND=17 end avg_acc=32.7500 best_acc=35.6650 duration=118.36s comm_mb=75.138 locations_after=[4, 0] checkpoint=logs_real/mmdfl_real_server/checkpoints/dfl_mm_seed1/checkpoint.pt
2026-05-25 21:50:19.460 | INFO     | __main__:<module>:374 - 2026-05-25 21:50:19 ROUND=18 start token_locations=[4, 0] active_clients=[0, 1, 2, 3, 4, 5, 6, 7, 8, 9]
2026-05-25 21:50:19.485 | INFO     | utils.ConnectHandler_server:send:28 - sending data (19699828 bytes) to client#4...
2026-05-25 21:50:21.123 | INFO     | utils.ConnectHandler_server:send:34 - sending data (19699828 bytes) to client#4 completely
2026-05-25 21:50:21.123 | INFO     | __main__:<module>:418 - 2026-05-25 21:50:21 SEND round=18 token=0 cid=4 payload_mb=18.787 duration=1.653s
2026-05-25 21:50:21.143 | INFO     | utils.ConnectHandler_server:send:28 - sending data (19699826 bytes) to client#0...
2026-05-25 21:50:22.795 | INFO     | utils.ConnectHandler_server:send:34 - sending data (19699826 bytes) to client#0 completely
2026-05-25 21:50:22.795 | INFO     | __main__:<module>:418 - 2026-05-25 21:50:22 SEND round=18 token=1 cid=0 payload_mb=18.787 duration=1.662s
2026-05-25 21:51:48.622 | INFO     | utils.ConnectHandler_server:receive:71 - 19696965bytes data to be received from client#4

  0%|          | 0/19696965 [00:00<?, ?iteration/s]
  6%|▌         | 1161296/19696965 [00:00<00:01, 11590504.68iteration/s]
 12%|█▏        | 2337072/19696965 [00:00<00:01, 11684839.29iteration/s]
 18%|█▊        | 3514296/19696965 [00:00<00:01, 11718545.10iteration/s]
 24%|██▍       | 4691520/19696965 [00:00<00:01, 11736818.51iteration/s]
 30%|██▉       | 5865848/19696965 [00:00<00:01, 11738283.81iteration/s]
 36%|███▌      | 7045968/19696965 [00:00<00:01, 11748284.66iteration/s]
 42%|████▏     | 8226088/19696965 [00:00<00:00, 11753316.12iteration/s]
 48%|████▊     | 9401864/19696965 [00:00<00:00, 11753494.14iteration/s]
 54%|█████▎    | 10581984/19696965 [00:00<00:00, 11753763.45iteration/s]
 60%|█████▉    | 11765000/19696965 [00:01<00:00, 11757286.83iteration/s]
 66%|██████▌   | 12948016/19696965 [00:01<00:00, 11761791.72iteration/s]
 72%|███████▏  | 14129584/19696965 [00:01<00:00, 11758292.83iteration/s]
 78%|███████▊  | 15306808/19696965 [00:01<00:00, 11757132.62iteration/s]
 84%|████████▎ | 16492720/19696965 [00:01<00:00, 11756414.53iteration/s]
 90%|████████▉ | 17678632/19696965 [00:01<00:00, 11762249.87iteration/s]
 96%|█████████▌| 18861648/19696965 [00:01<00:00, 11760798.13iteration/s]2026-05-25 21:51:50.300 | INFO     | utils.ConnectHandler_server:receive:80 - receive completed

100%|██████████| 19696965/19696965 [00:01<00:00, 11683311.99iteration/s]
2026-05-25 21:51:50.318 | INFO     | __main__:<module>:438 - 2026-05-25 21:51:50 RECV round=18 token=0 cid=4 train_duration=86.77022528648376 battery=147010.70J
2026-05-25 21:51:50.318 | INFO     | utils.ConnectHandler_server:send:28 - sending data (59 bytes) to client#4...
2026-05-25 21:51:50.318 | INFO     | utils.ConnectHandler_server:send:34 - sending data (59 bytes) to client#4 completely
2026-05-25 21:52:12.870 | INFO     | utils.ConnectHandler_server:receive:71 - 19696995bytes data to be received from client#0

  0%|          | 0/19696995 [00:00<?, ?iteration/s]
  6%|▌         | 1168536/19696995 [00:00<00:01, 11681026.58iteration/s]
 12%|█▏        | 2347208/19696995 [00:00<00:01, 11733949.17iteration/s]
 18%|█▊        | 3522984/19696995 [00:00<00:01, 11740337.29iteration/s]
 24%|██▍       | 4700208/19696995 [00:00<00:01, 11742203.71iteration/s]
 30%|██▉       | 5877432/19696995 [00:00<00:01, 11746601.78iteration/s]
 36%|███▌      | 7054656/19696995 [00:00<00:01, 11752192.42iteration/s]
 42%|████▏     | 8237672/19696995 [00:00<00:00, 11762713.90iteration/s]
 48%|████▊     | 9414896/19696995 [00:00<00:00, 11755552.96iteration/s]
 54%|█████▍    | 10597912/19696995 [00:00<00:00, 11758420.19iteration/s]
 60%|█████▉    | 11778032/19696995 [00:01<00:00, 11765224.13iteration/s]
 66%|██████▌   | 12956704/19696995 [00:01<00:00, 11750212.51iteration/s]
 72%|███████▏  | 14142616/19696995 [00:01<00:00, 11759041.92iteration/s]
 78%|███████▊  | 15328528/19696995 [00:01<00:00, 11756290.50iteration/s]
 84%|████████▍ | 16508648/19696995 [00:01<00:00, 11757508.59iteration/s]
 90%|████████▉ | 17694560/19696995 [00:01<00:00, 11762029.66iteration/s]
 96%|█████████▌| 18871784/19696995 [00:01<00:00, 11763000.37iteration/s]2026-05-25 21:52:14.547 | INFO     | utils.ConnectHandler_server:receive:80 - receive completed

100%|██████████| 19696995/19696995 [00:01<00:00, 11691143.49iteration/s]
2026-05-25 21:52:14.564 | INFO     | __main__:<module>:438 - 2026-05-25 21:52:14 RECV round=18 token=1 cid=0 train_duration=109.16727876663208 battery=146164.35J
2026-05-25 21:52:14.564 | INFO     | utils.ConnectHandler_server:send:28 - sending data (59 bytes) to client#0...
2026-05-25 21:52:14.564 | INFO     | utils.ConnectHandler_server:send:34 - sending data (59 bytes) to client#0 completely
2026-05-25 21:52:17.260 | INFO     | __main__:<module>:552 - 2026-05-25 21:52:17 ROUND=18 end avg_acc=27.3600 best_acc=35.6650 duration=117.75s comm_mb=75.138 locations_after=[5, 1] checkpoint=logs_real/mmdfl_real_server/checkpoints/dfl_mm_seed1/checkpoint.pt
2026-05-25 21:52:17.260 | INFO     | __main__:<module>:374 - 2026-05-25 21:52:17 ROUND=19 start token_locations=[5, 1] active_clients=[0, 1, 2, 3, 4, 5, 6, 7, 8, 9]
2026-05-25 21:52:17.278 | INFO     | utils.ConnectHandler_server:send:28 - sending data (19699823 bytes) to client#5...
2026-05-25 21:52:18.888 | INFO     | utils.ConnectHandler_server:send:34 - sending data (19699823 bytes) to client#5 completely
2026-05-25 21:52:18.889 | INFO     | __main__:<module>:418 - 2026-05-25 21:52:18 SEND round=19 token=0 cid=5 payload_mb=18.787 duration=1.620s
2026-05-25 21:52:18.907 | INFO     | utils.ConnectHandler_server:send:28 - sending data (19699822 bytes) to client#1...
2026-05-25 21:52:20.573 | INFO     | utils.ConnectHandler_server:send:34 - sending data (19699822 bytes) to client#1 completely
2026-05-25 21:52:20.573 | INFO     | __main__:<module>:418 - 2026-05-25 21:52:20 SEND round=19 token=1 cid=1 payload_mb=18.787 duration=1.676s
2026-05-25 21:54:11.377 | INFO     | utils.ConnectHandler_server:receive:71 - 19696973bytes data to be received from client#1

  0%|          | 0/19696973 [00:00<?, ?iteration/s]
  6%|▌         | 1172880/19696973 [00:00<00:01, 11700830.51iteration/s]
 12%|█▏        | 2348656/19696973 [00:00<00:01, 11731629.30iteration/s]
 18%|█▊        | 3525880/19696973 [00:00<00:01, 11746383.18iteration/s]
 24%|██▍       | 4706000/19696973 [00:00<00:01, 11751356.85iteration/s]
 30%|██▉       | 5881776/19696973 [00:00<00:01, 11752506.44iteration/s]
 36%|███▌      | 7061896/19696973 [00:00<00:01, 11754685.39iteration/s]
 42%|████▏     | 8237672/19696973 [00:00<00:00, 11755235.30iteration/s]
 48%|████▊     | 9417792/19696973 [00:00<00:00, 11760716.64iteration/s]
 54%|█████▍    | 10600808/19696973 [00:00<00:00, 11760463.27iteration/s]
 60%|█████▉    | 11783824/19696973 [00:01<00:00, 11754242.27iteration/s]
 66%|██████▌   | 12969736/19696973 [00:01<00:00, 11761620.90iteration/s]
 72%|███████▏  | 14155648/19696973 [00:01<00:00, 11757504.44iteration/s]
 78%|███████▊  | 15341560/19696973 [00:01<00:00, 11760687.16iteration/s]
 84%|████████▍ | 16521680/19696973 [00:01<00:00, 11755773.88iteration/s]
 90%|████████▉ | 17701800/19696973 [00:01<00:00, 11755170.18iteration/s]
 96%|█████████▌| 18879024/19696973 [00:01<00:00, 11760056.17iteration/s]2026-05-25 21:54:13.055 | INFO     | utils.ConnectHandler_server:receive:80 - receive completed

100%|██████████| 19696973/19696973 [00:01<00:00, 11688712.13iteration/s]
2026-05-25 21:54:13.073 | INFO     | __main__:<module>:438 - 2026-05-25 21:54:13 RECV round=19 token=1 cid=1 train_duration=109.85867476463318 battery=142376.96J
2026-05-25 21:54:13.073 | INFO     | utils.ConnectHandler_server:send:28 - sending data (59 bytes) to client#1...
2026-05-25 21:54:13.073 | INFO     | utils.ConnectHandler_server:send:34 - sending data (59 bytes) to client#1 completely
2026-05-25 21:55:02.790 | INFO     | utils.ConnectHandler_server:receive:71 - 19696981bytes data to be received from client#5

  0%|          | 0/19696981 [00:00<?, ?iteration/s]
  6%|▌         | 1174328/19696981 [00:00<00:01, 11731236.36iteration/s]
 12%|█▏        | 2351552/19696981 [00:00<00:01, 11754232.05iteration/s]
 18%|█▊        | 3528776/19696981 [00:00<00:01, 11756814.77iteration/s]
 24%|██▍       | 4706000/19696981 [00:00<00:01, 11758215.67iteration/s]
 30%|██▉       | 5883224/19696981 [00:00<00:01, 11753972.12iteration/s]
 36%|███▌      | 7061896/19696981 [00:00<00:01, 11754181.17iteration/s]
 42%|████▏     | 8239120/19696981 [00:00<00:00, 11757939.57iteration/s]
 48%|████▊     | 9416344/19696981 [00:00<00:00, 11761323.04iteration/s]
 54%|█████▍    | 10599360/19696981 [00:00<00:00, 11756186.17iteration/s]
 60%|█████▉    | 11776584/19696981 [00:01<00:00, 11755781.87iteration/s]
 66%|██████▌   | 12955256/19696981 [00:01<00:00, 11760902.63iteration/s]
 72%|███████▏  | 14139720/19696981 [00:01<00:00, 11760203.49iteration/s]
 78%|███████▊  | 15316944/19696981 [00:01<00:00, 11759421.69iteration/s]
 84%|████████▎ | 16494168/19696981 [00:01<00:00, 11761784.27iteration/s]
 90%|████████▉ | 17675736/19696981 [00:01<00:00, 11758239.95iteration/s]
 96%|█████████▌| 18861648/19696981 [00:01<00:00, 11757819.34iteration/s]2026-05-25 21:55:04.466 | INFO     | utils.ConnectHandler_server:receive:80 - receive completed

100%|██████████| 19696981/19696981 [00:01<00:00, 11694800.94iteration/s]
2026-05-25 21:55:04.485 | INFO     | __main__:<module>:438 - 2026-05-25 21:55:04 RECV round=19 token=0 cid=5 train_duration=163.20192193984985 battery=144393.02J
2026-05-25 21:55:04.485 | INFO     | utils.ConnectHandler_server:send:28 - sending data (59 bytes) to client#5...
2026-05-25 21:55:04.485 | INFO     | utils.ConnectHandler_server:send:34 - sending data (59 bytes) to client#5 completely
2026-05-25 21:55:07.195 | INFO     | __main__:<module>:552 - 2026-05-25 21:55:07 ROUND=19 end avg_acc=31.2150 best_acc=35.6650 duration=169.88s comm_mb=75.138 locations_after=[2, 3] checkpoint=logs_real/mmdfl_real_server/checkpoints/dfl_mm_seed1/checkpoint.pt
2026-05-25 21:55:07.195 | INFO     | __main__:<module>:374 - 2026-05-25 21:55:07 ROUND=20 start token_locations=[2, 3] active_clients=[0, 1, 2, 3, 4, 5, 6, 7, 8, 9]
2026-05-25 21:55:07.220 | INFO     | utils.ConnectHandler_server:send:28 - sending data (19699823 bytes) to client#2...
2026-05-25 21:55:08.824 | INFO     | utils.ConnectHandler_server:send:34 - sending data (19699823 bytes) to client#2 completely
2026-05-25 21:55:08.824 | INFO     | __main__:<module>:418 - 2026-05-25 21:55:08 SEND round=20 token=0 cid=2 payload_mb=18.787 duration=1.619s
2026-05-25 21:55:08.844 | INFO     | utils.ConnectHandler_server:send:28 - sending data (19699828 bytes) to client#3...
2026-05-25 21:55:10.487 | INFO     | utils.ConnectHandler_server:send:34 - sending data (19699828 bytes) to client#3 completely
2026-05-25 21:55:10.487 | INFO     | __main__:<module>:418 - 2026-05-25 21:55:10 SEND round=20 token=1 cid=3 payload_mb=18.787 duration=1.653s
2026-05-25 21:56:35.223 | INFO     | utils.ConnectHandler_server:receive:71 - 19696951bytes data to be received from client#3

  0%|          | 0/19696951 [00:00<?, ?iteration/s]
  6%|▌         | 1156952/19696951 [00:00<00:01, 11551656.72iteration/s]
 12%|█▏        | 2321144/19696951 [00:00<00:01, 11591484.76iteration/s]
 18%|█▊        | 3498368/19696951 [00:00<00:01, 11669999.39iteration/s]
 24%|██▎       | 4674144/19696951 [00:00<00:01, 11691944.56iteration/s]
 30%|██▉       | 5854264/19696951 [00:00<00:01, 11722320.62iteration/s]
 36%|███▌      | 7034384/19696951 [00:00<00:01, 11737572.76iteration/s]
 42%|████▏     | 8210160/19696951 [00:00<00:00, 11740712.11iteration/s]
 48%|████▊     | 9393176/19696951 [00:00<00:00, 11748814.00iteration/s]
 54%|█████▎    | 10576192/19696951 [00:00<00:00, 11752490.09iteration/s]
 60%|█████▉    | 11754864/19696951 [00:01<00:00, 11754309.23iteration/s]
 66%|██████▌   | 12937880/19696951 [00:01<00:00, 11757931.10iteration/s]
 72%|███████▏  | 14123792/19696951 [00:01<00:00, 11756676.12iteration/s]
 78%|███████▊  | 15309704/19696951 [00:01<00:00, 11762949.26iteration/s]
 84%|████████▎ | 16491272/19696951 [00:01<00:00, 11755158.54iteration/s]
 90%|████████▉ | 17681528/19696951 [00:01<00:00, 11764247.68iteration/s]
 96%|█████████▌| 18870336/19696951 [00:01<00:00, 11760567.93iteration/s]2026-05-25 21:56:36.902 | INFO     | utils.ConnectHandler_server:receive:80 - receive completed

100%|██████████| 19696951/19696951 [00:01<00:00, 11673707.12iteration/s]
2026-05-25 21:56:36.931 | INFO     | __main__:<module>:438 - 2026-05-25 21:56:36 RECV round=20 token=1 cid=3 train_duration=84.02227568626404 battery=146300.60J
2026-05-25 21:56:36.931 | INFO     | utils.ConnectHandler_server:send:28 - sending data (59 bytes) to client#3...
2026-05-25 21:56:36.931 | INFO     | utils.ConnectHandler_server:send:34 - sending data (59 bytes) to client#3 completely
2026-05-25 21:56:41.244 | INFO     | utils.ConnectHandler_server:receive:71 - 19696969bytes data to be received from client#2

  0%|          | 0/19696969 [00:00<?, ?iteration/s]
  6%|▌         | 1172880/19696969 [00:00<00:01, 11727720.70iteration/s]
 12%|█▏        | 2348656/19696969 [00:00<00:01, 11741774.11iteration/s]
 18%|█▊        | 3525880/19696969 [00:00<00:01, 11751466.93iteration/s]
 24%|██▍       | 4703104/19696969 [00:00<00:01, 11745125.91iteration/s]
 30%|██▉       | 5878880/19696969 [00:00<00:01, 11671997.60iteration/s]
 36%|███▌      | 7056104/19696969 [00:00<00:01, 11697091.31iteration/s]
 42%|████▏     | 8231880/19696969 [00:00<00:00, 11706372.11iteration/s]
 48%|████▊     | 9409104/19696969 [00:00<00:00, 11723054.72iteration/s]
 54%|█████▍    | 10590672/19696969 [00:00<00:00, 11732551.14iteration/s]
 60%|█████▉    | 11773688/19696969 [00:01<00:00, 11747694.50iteration/s]
 66%|██████▌   | 12953808/19696969 [00:01<00:00, 11753499.19iteration/s]
 72%|███████▏  | 14136824/19696969 [00:01<00:00, 11756063.13iteration/s]
 78%|███████▊  | 15318392/19696969 [00:01<00:00, 11753666.62iteration/s]
 84%|████████▍ | 16501408/19696969 [00:01<00:00, 11750603.32iteration/s]
 90%|████████▉ | 17681528/19696969 [00:01<00:00, 11754724.82iteration/s]
 96%|█████████▌| 18858752/19696969 [00:01<00:00, 11752367.07iteration/s]2026-05-25 21:56:42.923 | INFO     | utils.ConnectHandler_server:receive:80 - receive completed

100%|██████████| 19696969/19696969 [00:01<00:00, 11675903.81iteration/s]
2026-05-25 21:56:42.942 | INFO     | __main__:<module>:438 - 2026-05-25 21:56:42 RECV round=20 token=0 cid=2 train_duration=91.60318946838379 battery=146039.07J
2026-05-25 21:56:42.942 | INFO     | utils.ConnectHandler_server:send:28 - sending data (59 bytes) to client#2...
2026-05-25 21:56:42.942 | INFO     | utils.ConnectHandler_server:send:34 - sending data (59 bytes) to client#2 completely
2026-05-25 21:56:45.656 | INFO     | __main__:<module>:552 - 2026-05-25 21:56:45 ROUND=20 end avg_acc=17.3750 best_acc=35.6650 duration=98.41s comm_mb=75.138 locations_after=[1, 4] checkpoint=logs_real/mmdfl_real_server/checkpoints/dfl_mm_seed1/checkpoint.pt
2026-05-25 21:56:45.656 | INFO     | __main__:<module>:374 - 2026-05-25 21:56:45 ROUND=21 start token_locations=[1, 4] active_clients=[0, 1, 2, 3, 4, 5, 6, 7, 8, 9]
2026-05-25 21:56:45.676 | INFO     | utils.ConnectHandler_server:send:28 - sending data (19699822 bytes) to client#1...
2026-05-25 21:56:47.273 | INFO     | utils.ConnectHandler_server:send:34 - sending data (19699822 bytes) to client#1 completely
2026-05-25 21:56:47.273 | INFO     | __main__:<module>:418 - 2026-05-25 21:56:47 SEND round=21 token=0 cid=1 payload_mb=18.787 duration=1.607s
2026-05-25 21:56:47.294 | INFO     | utils.ConnectHandler_server:send:28 - sending data (19699828 bytes) to client#4...
2026-05-25 21:56:48.986 | INFO     | utils.ConnectHandler_server:send:34 - sending data (19699828 bytes) to client#4 completely
2026-05-25 21:56:48.986 | INFO     | __main__:<module>:418 - 2026-05-25 21:56:48 SEND round=21 token=1 cid=4 payload_mb=18.787 duration=1.703s
2026-05-25 21:58:16.046 | INFO     | utils.ConnectHandler_server:receive:71 - 19696967bytes data to be received from client#4

  0%|          | 0/19696967 [00:00<?, ?iteration/s]
  6%|▌         | 1175776/19696967 [00:00<00:01, 11734131.18iteration/s]
 12%|█▏        | 2353000/19696967 [00:00<00:01, 11752781.17iteration/s]
 18%|█▊        | 3530224/19696967 [00:00<00:01, 11755462.99iteration/s]
 24%|██▍       | 4706000/19696967 [00:00<00:01, 11747920.34iteration/s]
 30%|██▉       | 5883224/19696967 [00:00<00:01, 11751528.11iteration/s]
 36%|███▌      | 7060448/19696967 [00:00<00:01, 11755397.31iteration/s]
 42%|████▏     | 8239120/19696967 [00:00<00:00, 11761648.34iteration/s]
 48%|████▊     | 9416344/19696967 [00:00<00:00, 11757468.30iteration/s]
 54%|█████▍    | 10596464/19696967 [00:00<00:00, 11758075.77iteration/s]
 60%|█████▉    | 11776584/19696967 [00:01<00:00, 11753085.93iteration/s]
 66%|██████▌   | 12953808/19696967 [00:01<00:00, 11755737.83iteration/s]
 72%|███████▏  | 14131032/19696967 [00:01<00:00, 11755986.10iteration/s]
 78%|███████▊  | 15316944/19696967 [00:01<00:00, 11756933.40iteration/s]
 84%|████████▍ | 16499960/19696967 [00:01<00:00, 11756130.93iteration/s]
 90%|████████▉ | 17677184/19696967 [00:01<00:00, 11758278.87iteration/s]
 96%|█████████▌| 18865992/19696967 [00:01<00:00, 11758384.12iteration/s]2026-05-25 21:58:17.724 | INFO     | utils.ConnectHandler_server:receive:80 - receive completed

100%|██████████| 19696967/19696967 [00:01<00:00, 11687198.88iteration/s]
2026-05-25 21:58:17.742 | INFO     | __main__:<module>:438 - 2026-05-25 21:58:17 RECV round=21 token=1 cid=4 train_duration=86.34716415405273 battery=146274.12J
2026-05-25 21:58:17.742 | INFO     | utils.ConnectHandler_server:send:28 - sending data (59 bytes) to client#4...
2026-05-25 21:58:17.742 | INFO     | utils.ConnectHandler_server:send:34 - sending data (59 bytes) to client#4 completely
2026-05-25 21:58:38.440 | INFO     | utils.ConnectHandler_server:receive:71 - 19696977bytes data to be received from client#1

  0%|          | 0/19696977 [00:00<?, ?iteration/s]
  6%|▌         | 1167088/19696977 [00:00<00:01, 11651140.61iteration/s]
 12%|█▏        | 2344312/19696977 [00:00<00:01, 11717553.66iteration/s]
 18%|█▊        | 3521536/19696977 [00:00<00:01, 11737380.99iteration/s]
 24%|██▍       | 4697312/19696977 [00:00<00:01, 11740400.87iteration/s]
 30%|██▉       | 5874536/19696977 [00:00<00:01, 11743494.03iteration/s]
 36%|███▌      | 7054656/19696977 [00:00<00:01, 11754846.06iteration/s]
 42%|████▏     | 8233328/19696977 [00:00<00:00, 11756882.92iteration/s]
 48%|████▊     | 9414896/19696977 [00:00<00:00, 11755646.19iteration/s]
 54%|█████▍    | 10592120/19696977 [00:00<00:00, 11750635.27iteration/s]
 60%|█████▉    | 11770792/19696977 [00:01<00:00, 11759925.29iteration/s]
 66%|██████▌   | 12958152/19696977 [00:01<00:00, 11762486.46iteration/s]
 72%|███████▏  | 14144064/19696977 [00:01<00:00, 11761351.17iteration/s]
 78%|███████▊  | 15327080/19696977 [00:01<00:00, 11755755.47iteration/s]
 84%|████████▍ | 16505752/19696977 [00:01<00:00, 11759894.17iteration/s]
 90%|████████▉ | 17685872/19696977 [00:01<00:00, 11761835.13iteration/s]
 96%|█████████▌| 18868888/19696977 [00:01<00:00, 11756904.53iteration/s]2026-05-25 21:58:40.118 | INFO     | utils.ConnectHandler_server:receive:80 - receive completed

100%|██████████| 19696977/19696977 [00:01<00:00, 11686882.42iteration/s]
2026-05-25 21:58:40.137 | INFO     | __main__:<module>:438 - 2026-05-25 21:58:40 RECV round=21 token=0 cid=1 train_duration=110.1166570186615 battery=141437.61J
2026-05-25 21:58:40.137 | INFO     | utils.ConnectHandler_server:send:28 - sending data (59 bytes) to client#1...
2026-05-25 21:58:40.137 | INFO     | utils.ConnectHandler_server:send:34 - sending data (59 bytes) to client#1 completely
2026-05-25 21:58:42.823 | INFO     | __main__:<module>:552 - 2026-05-25 21:58:42 ROUND=21 end avg_acc=34.1800 best_acc=35.6650 duration=117.12s comm_mb=75.138 locations_after=[0, 5] checkpoint=logs_real/mmdfl_real_server/checkpoints/dfl_mm_seed1/checkpoint.pt
2026-05-25 21:58:42.823 | INFO     | __main__:<module>:374 - 2026-05-25 21:58:42 ROUND=22 start token_locations=[0, 5] active_clients=[0, 1, 2, 3, 4, 5, 6, 7, 8, 9]
2026-05-25 21:58:42.848 | INFO     | utils.ConnectHandler_server:send:28 - sending data (19699826 bytes) to client#0...
2026-05-25 21:58:44.465 | INFO     | utils.ConnectHandler_server:send:34 - sending data (19699826 bytes) to client#0 completely
2026-05-25 21:58:44.465 | INFO     | __main__:<module>:418 - 2026-05-25 21:58:44 SEND round=22 token=0 cid=0 payload_mb=18.787 duration=1.633s
2026-05-25 21:58:44.486 | INFO     | utils.ConnectHandler_server:send:28 - sending data (19699823 bytes) to client#5...
2026-05-25 21:58:46.140 | INFO     | utils.ConnectHandler_server:send:34 - sending data (19699823 bytes) to client#5 completely
2026-05-25 21:58:46.140 | INFO     | __main__:<module>:418 - 2026-05-25 21:58:46 SEND round=22 token=1 cid=5 payload_mb=18.787 duration=1.665s
2026-05-25 22:00:34.599 | INFO     | utils.ConnectHandler_server:receive:71 - 19696963bytes data to be received from client#0

  0%|          | 0/19696963 [00:00<?, ?iteration/s]
  6%|▌         | 1169984/19696963 [00:00<00:01, 11675077.49iteration/s]
 12%|█▏        | 2347208/19696963 [00:00<00:01, 11727521.62iteration/s]
 18%|█▊        | 3524432/19696963 [00:00<00:01, 11741379.10iteration/s]
 24%|██▍       | 4700208/19696963 [00:00<00:01, 11740579.68iteration/s]
 30%|██▉       | 5877432/19696963 [00:00<00:01, 11749174.82iteration/s]
 36%|███▌      | 7056104/19696963 [00:00<00:01, 11753708.61iteration/s]
 42%|████▏     | 8234776/19696963 [00:00<00:00, 11752651.73iteration/s]
 48%|████▊     | 9414896/19696963 [00:00<00:00, 11756968.20iteration/s]
 54%|█████▍    | 10592120/19696963 [00:00<00:00, 11754810.40iteration/s]
 60%|█████▉    | 11772240/19696963 [00:01<00:00, 11764289.33iteration/s]
 66%|██████▌   | 12952360/19696963 [00:01<00:00, 11761227.15iteration/s]
 72%|███████▏  | 14131032/19696963 [00:01<00:00, 11752413.73iteration/s]
 78%|███████▊  | 15318392/19696963 [00:01<00:00, 11757493.63iteration/s]
 84%|████████▍ | 16497064/19696963 [00:01<00:00, 11761998.00iteration/s]
 90%|████████▉ | 17677184/19696963 [00:01<00:00, 11761857.65iteration/s]
 96%|█████████▌| 18867440/19696963 [00:01<00:00, 11758309.10iteration/s]2026-05-25 22:00:36.277 | INFO     | utils.ConnectHandler_server:receive:80 - receive completed

100%|██████████| 19696963/19696963 [00:01<00:00, 11683148.88iteration/s]
2026-05-25 22:00:36.295 | INFO     | __main__:<module>:438 - 2026-05-25 22:00:36 RECV round=22 token=0 cid=0 train_duration=109.17806601524353 battery=145233.01J
2026-05-25 22:00:36.295 | INFO     | utils.ConnectHandler_server:send:28 - sending data (59 bytes) to client#0...
2026-05-25 22:00:36.295 | INFO     | utils.ConnectHandler_server:send:34 - sending data (59 bytes) to client#0 completely
2026-05-25 22:01:10.062 | INFO     | utils.ConnectHandler_server:receive:71 - 19696987bytes data to be received from client#5

  0%|          | 0/19696987 [00:00<?, ?iteration/s]
  6%|▌         | 1175776/19696987 [00:00<00:01, 11731535.18iteration/s]
 12%|█▏        | 2351552/19696987 [00:00<00:01, 11745209.49iteration/s]
 18%|█▊        | 3528776/19696987 [00:00<00:01, 11753611.32iteration/s]
 24%|██▍       | 4706000/19696987 [00:00<00:01, 11753756.84iteration/s]
 30%|██▉       | 5886120/19696987 [00:00<00:01, 11755374.39iteration/s]
 36%|███▌      | 7061896/19696987 [00:00<00:01, 11750167.09iteration/s]
 42%|████▏     | 8239120/19696987 [00:00<00:00, 11756014.22iteration/s]
 48%|████▊     | 9417792/19696987 [00:00<00:00, 11760005.27iteration/s]
 54%|█████▍    | 10597912/19696987 [00:00<00:00, 11760492.01iteration/s]
 60%|█████▉    | 11775136/19696987 [00:01<00:00, 11757963.93iteration/s]
 66%|██████▌   | 12958152/19696987 [00:01<00:00, 11761212.73iteration/s]
 72%|███████▏  | 14138272/19696987 [00:01<00:00, 11758861.24iteration/s]
 78%|███████▊  | 15322736/19696987 [00:01<00:00, 11756604.81iteration/s]
 84%|████████▍ | 16501408/19696987 [00:01<00:00, 11759698.53iteration/s]
 90%|████████▉ | 17690216/19696987 [00:01<00:00, 11762819.25iteration/s]
 96%|█████████▌| 18879024/19696987 [00:01<00:00, 11763170.11iteration/s]2026-05-25 22:01:11.739 | INFO     | utils.ConnectHandler_server:receive:80 - receive completed

100%|██████████| 19696987/19696987 [00:01<00:00, 11690946.83iteration/s]
2026-05-25 22:01:11.758 | INFO     | __main__:<module>:438 - 2026-05-25 22:01:11 RECV round=22 token=1 cid=5 train_duration=143.23065900802612 battery=143171.19J
2026-05-25 22:01:11.758 | INFO     | utils.ConnectHandler_server:send:28 - sending data (59 bytes) to client#5...
2026-05-25 22:01:11.758 | INFO     | utils.ConnectHandler_server:send:34 - sending data (59 bytes) to client#5 completely
2026-05-25 22:01:14.452 | INFO     | __main__:<module>:552 - 2026-05-25 22:01:14 ROUND=22 end avg_acc=23.7200 best_acc=35.6650 duration=151.58s comm_mb=75.138 locations_after=[1, 6] checkpoint=logs_real/mmdfl_real_server/checkpoints/dfl_mm_seed1/checkpoint.pt
2026-05-25 22:01:14.452 | INFO     | __main__:<module>:374 - 2026-05-25 22:01:14 ROUND=23 start token_locations=[1, 6] active_clients=[0, 1, 2, 3, 4, 5, 6, 7, 8, 9]
2026-05-25 22:01:14.472 | INFO     | utils.ConnectHandler_server:send:28 - sending data (19699822 bytes) to client#1...
2026-05-25 22:01:16.049 | INFO     | utils.ConnectHandler_server:send:34 - sending data (19699822 bytes) to client#1 completely
2026-05-25 22:01:16.049 | INFO     | __main__:<module>:418 - 2026-05-25 22:01:16 SEND round=23 token=0 cid=1 payload_mb=18.787 duration=1.587s
2026-05-25 22:01:16.070 | INFO     | utils.ConnectHandler_server:send:28 - sending data (19699823 bytes) to client#6...
2026-05-25 22:01:17.773 | INFO     | utils.ConnectHandler_server:send:34 - sending data (19699823 bytes) to client#6 completely
2026-05-25 22:01:17.773 | INFO     | __main__:<module>:418 - 2026-05-25 22:01:17 SEND round=23 token=1 cid=6 payload_mb=18.787 duration=1.714s
2026-05-25 22:02:51.574 | INFO     | utils.ConnectHandler_server:receive:71 - 19696989bytes data to be received from client#6

  0%|          | 0/19696989 [00:00<?, ?iteration/s]
  6%|▌         | 1174328/19696989 [00:00<00:01, 11727521.41iteration/s]
 12%|█▏        | 2350104/19696989 [00:00<00:01, 11743149.28iteration/s]
 18%|█▊        | 3527328/19696989 [00:00<00:01, 11752224.88iteration/s]
 24%|██▍       | 4704552/19696989 [00:00<00:01, 11744933.88iteration/s]
 30%|██▉       | 5884672/19696989 [00:00<00:01, 11760680.39iteration/s]
 36%|███▌      | 7066240/19696989 [00:00<00:01, 11742877.12iteration/s]
 42%|████▏     | 8242016/19696989 [00:00<00:00, 11740870.05iteration/s]
 48%|████▊     | 9419240/19696989 [00:00<00:00, 11748746.75iteration/s]
 54%|█████▍    | 10602256/19696989 [00:00<00:00, 11755876.55iteration/s]
 60%|█████▉    | 11780928/19696989 [00:01<00:00, 11757005.39iteration/s]
 66%|██████▌   | 12958152/19696989 [00:01<00:00, 11759863.52iteration/s]
 72%|███████▏  | 14141168/19696989 [00:01<00:00, 11762827.78iteration/s]
 78%|███████▊  | 15321288/19696989 [00:01<00:00, 11757914.80iteration/s]
 84%|████████▍ | 16504304/19696989 [00:01<00:00, 11762372.48iteration/s]
 90%|████████▉ | 17682976/19696989 [00:01<00:00, 11756735.73iteration/s]
 96%|█████████▌| 18870336/19696989 [00:01<00:00, 11757051.35iteration/s]2026-05-25 22:02:53.252 | INFO     | utils.ConnectHandler_server:receive:80 - receive completed

100%|██████████| 19696989/19696989 [00:01<00:00, 11685177.02iteration/s]
2026-05-25 22:02:53.282 | INFO     | __main__:<module>:438 - 2026-05-25 22:02:53 RECV round=23 token=1 cid=6 train_duration=93.15946698188782 battery=146981.18J
2026-05-25 22:02:53.282 | INFO     | utils.ConnectHandler_server:send:28 - sending data (59 bytes) to client#6...
2026-05-25 22:02:53.282 | INFO     | utils.ConnectHandler_server:send:34 - sending data (59 bytes) to client#6 completely
2026-05-25 22:03:07.245 | INFO     | utils.ConnectHandler_server:receive:71 - 19696953bytes data to be received from client#1

  0%|          | 0/19696953 [00:00<?, ?iteration/s]
  6%|▌         | 1167088/19696953 [00:00<00:01, 11666162.69iteration/s]
 12%|█▏        | 2344312/19696953 [00:00<00:01, 11717926.30iteration/s]
 18%|█▊        | 3522984/19696953 [00:00<00:01, 11743959.06iteration/s]
 24%|██▍       | 4703104/19696953 [00:00<00:01, 11749063.32iteration/s]
 30%|██▉       | 5880328/19696953 [00:00<00:01, 11750734.76iteration/s]
 36%|███▌      | 7057552/19696953 [00:00<00:01, 11751067.60iteration/s]
 42%|████▏     | 8239120/19696953 [00:00<00:00, 11755485.31iteration/s]
 48%|████▊     | 9420688/19696953 [00:00<00:00, 11754943.99iteration/s]
 54%|█████▍    | 10602256/19696953 [00:00<00:00, 11750325.54iteration/s]
 60%|█████▉    | 11783824/19696953 [00:01<00:00, 11764159.31iteration/s]
 66%|██████▌   | 12961048/19696953 [00:01<00:00, 11760235.43iteration/s]
 72%|███████▏  | 14139720/19696953 [00:01<00:00, 11756519.34iteration/s]
 78%|███████▊  | 15322736/19696953 [00:01<00:00, 11754960.40iteration/s]
 84%|████████▍ | 16499960/19696953 [00:01<00:00, 11755972.53iteration/s]
 90%|████████▉ | 17687320/19696953 [00:01<00:00, 11756553.45iteration/s]
 96%|█████████▌| 18877576/19696953 [00:01<00:00, 11766195.57iteration/s]2026-05-25 22:03:08.923 | INFO     | utils.ConnectHandler_server:receive:80 - receive completed

100%|██████████| 19696953/19696953 [00:01<00:00, 11685172.20iteration/s]
2026-05-25 22:03:08.942 | INFO     | __main__:<module>:438 - 2026-05-25 22:03:08 RECV round=23 token=0 cid=1 train_duration=110.14041948318481 battery=140498.06J
2026-05-25 22:03:08.942 | INFO     | utils.ConnectHandler_server:send:28 - sending data (59 bytes) to client#1...
2026-05-25 22:03:08.943 | INFO     | utils.ConnectHandler_server:send:34 - sending data (59 bytes) to client#1 completely
2026-05-25 22:03:11.642 | INFO     | __main__:<module>:552 - 2026-05-25 22:03:11 ROUND=23 end avg_acc=32.9650 best_acc=35.6650 duration=117.14s comm_mb=75.138 locations_after=[3, 7] checkpoint=logs_real/mmdfl_real_server/checkpoints/dfl_mm_seed1/checkpoint.pt
2026-05-25 22:03:11.642 | INFO     | __main__:<module>:374 - 2026-05-25 22:03:11 ROUND=24 start token_locations=[3, 7] active_clients=[0, 1, 2, 3, 4, 5, 6, 7, 8, 9]
2026-05-25 22:03:11.662 | INFO     | utils.ConnectHandler_server:send:28 - sending data (19699828 bytes) to client#3...
2026-05-25 22:03:13.260 | INFO     | utils.ConnectHandler_server:send:34 - sending data (19699828 bytes) to client#3 completely
2026-05-25 22:03:13.260 | INFO     | __main__:<module>:418 - 2026-05-25 22:03:13 SEND round=24 token=0 cid=3 payload_mb=18.787 duration=1.608s
2026-05-25 22:03:13.281 | INFO     | utils.ConnectHandler_server:send:28 - sending data (19729794 bytes) to client#7...
2026-05-25 22:03:14.977 | INFO     | utils.ConnectHandler_server:send:34 - sending data (19729794 bytes) to client#7 completely
2026-05-25 22:03:14.977 | INFO     | __main__:<module>:418 - 2026-05-25 22:03:14 SEND round=24 token=1 cid=7 payload_mb=18.816 duration=1.706s
2026-05-25 22:04:37.986 | INFO     | utils.ConnectHandler_server:receive:71 - 19696963bytes data to be received from client#3

  0%|          | 0/19696963 [00:00<?, ?iteration/s]
  6%|▌         | 1172880/19696963 [00:00<00:01, 11701971.67iteration/s]
 12%|█▏        | 2345760/19696963 [00:00<00:01, 11677934.94iteration/s]
 18%|█▊        | 3521536/19696963 [00:00<00:01, 11711416.38iteration/s]
 24%|██▍       | 4698760/19696963 [00:00<00:01, 11730588.90iteration/s]
 30%|██▉       | 5875984/19696963 [00:00<00:01, 11740915.72iteration/s]
 36%|███▌      | 7054656/19696963 [00:00<00:01, 11744901.91iteration/s]
 42%|████▏     | 8234776/19696963 [00:00<00:00, 11752636.98iteration/s]
 48%|████▊     | 9413448/19696963 [00:00<00:00, 11746516.13iteration/s]
 54%|█████▍    | 10590672/19696963 [00:00<00:00, 11751896.13iteration/s]
 60%|█████▉    | 11769344/19696963 [00:01<00:00, 11756412.89iteration/s]
 66%|██████▌   | 12952360/19696963 [00:01<00:00, 11754638.77iteration/s]
 72%|███████▏  | 14138272/19696963 [00:01<00:00, 11760872.00iteration/s]
 78%|███████▊  | 15315496/19696963 [00:01<00:00, 11760938.19iteration/s]
 84%|████████▎ | 16492720/19696963 [00:01<00:00, 11756678.19iteration/s]
 90%|████████▉ | 17681528/19696963 [00:01<00:00, 11760370.45iteration/s]
 96%|█████████▌| 18867440/19696963 [00:01<00:00, 11762956.80iteration/s]2026-05-25 22:04:39.664 | INFO     | utils.ConnectHandler_server:receive:80 - receive completed

100%|██████████| 19696963/19696963 [00:01<00:00, 11680344.13iteration/s]
2026-05-25 22:04:39.694 | INFO     | __main__:<module>:438 - 2026-05-25 22:04:39 RECV round=24 token=0 cid=3 train_duration=83.96158790588379 battery=145584.37J
2026-05-25 22:04:39.694 | INFO     | utils.ConnectHandler_server:send:28 - sending data (59 bytes) to client#3...
2026-05-25 22:04:39.694 | INFO     | utils.ConnectHandler_server:send:34 - sending data (59 bytes) to client#3 completely
2026-05-25 22:05:01.276 | INFO     | utils.ConnectHandler_server:receive:71 - 19697437bytes data to be received from client#7

  0%|          | 0/19697437 [00:00<?, ?iteration/s]
  6%|▌         | 1171432/19697437 [00:00<00:01, 11689193.12iteration/s]
 12%|█▏        | 2344312/19697437 [00:00<00:01, 11711755.17iteration/s]
 18%|█▊        | 3521536/19697437 [00:00<00:01, 11733351.39iteration/s]
 24%|██▍       | 4695864/19697437 [00:00<00:01, 11714770.88iteration/s]
 30%|██▉       | 5874536/19697437 [00:00<00:01, 11729371.79iteration/s]
 36%|███▌      | 7048864/19697437 [00:00<00:01, 11726324.48iteration/s]
 42%|████▏     | 8223192/19697437 [00:00<00:00, 11723715.22iteration/s]
 48%|████▊     | 9396072/19697437 [00:00<00:00, 11721790.65iteration/s]
 54%|█████▎    | 10580536/19697437 [00:00<00:00, 11738706.38iteration/s]
 60%|█████▉    | 11757760/19697437 [00:01<00:00, 11746339.79iteration/s]
 66%|██████▌   | 12940776/19697437 [00:01<00:00, 11746368.78iteration/s]
 72%|███████▏  | 14131032/19697437 [00:01<00:00, 11762415.42iteration/s]
 78%|███████▊  | 15318392/19697437 [00:01<00:00, 11758619.36iteration/s]
 84%|████████▍ | 16499960/19697437 [00:01<00:00, 11746209.97iteration/s]
 90%|████████▉ | 17678632/19697437 [00:01<00:00, 11745630.44iteration/s]
 96%|█████████▌| 18865992/19697437 [00:01<00:00, 11747940.78iteration/s]2026-05-25 22:05:02.956 | INFO     | utils.ConnectHandler_server:receive:80 - receive completed

100%|██████████| 19697437/19697437 [00:01<00:00, 11670692.01iteration/s]
2026-05-25 22:05:02.976 | INFO     | __main__:<module>:438 - 2026-05-25 22:05:02 RECV round=24 token=1 cid=7 train_duration=105.85885310173035 battery=140492.24J
2026-05-25 22:05:02.976 | INFO     | utils.ConnectHandler_server:send:28 - sending data (59 bytes) to client#7...
2026-05-25 22:05:02.976 | INFO     | utils.ConnectHandler_server:send:34 - sending data (59 bytes) to client#7 completely
2026-05-25 22:05:05.668 | INFO     | __main__:<module>:552 - 2026-05-25 22:05:05 ROUND=24 end avg_acc=29.9600 best_acc=35.6650 duration=113.98s comm_mb=75.167 locations_after=[8, 2] checkpoint=logs_real/mmdfl_real_server/checkpoints/dfl_mm_seed1/checkpoint.pt
2026-05-25 22:05:05.668 | INFO     | __main__:<module>:374 - 2026-05-25 22:05:05 ROUND=25 start token_locations=[8, 2] active_clients=[0, 1, 2, 3, 4, 5, 6, 7, 8, 9]
2026-05-25 22:05:05.689 | INFO     | utils.ConnectHandler_server:send:28 - sending data (19735891 bytes) to client#8...
2026-05-25 22:05:07.299 | INFO     | utils.ConnectHandler_server:send:34 - sending data (19735891 bytes) to client#8 completely
2026-05-25 22:05:07.299 | INFO     | __main__:<module>:418 - 2026-05-25 22:05:07 SEND round=25 token=0 cid=8 payload_mb=18.822 duration=1.621s
2026-05-25 22:05:07.319 | INFO     | utils.ConnectHandler_server:send:28 - sending data (19699823 bytes) to client#2...
2026-05-25 22:05:08.943 | INFO     | utils.ConnectHandler_server:send:34 - sending data (19699823 bytes) to client#2 completely
2026-05-25 22:05:08.943 | INFO     | __main__:<module>:418 - 2026-05-25 22:05:08 SEND round=25 token=1 cid=2 payload_mb=18.787 duration=1.634s
2026-05-25 22:06:40.532 | INFO     | utils.ConnectHandler_server:receive:71 - 19696961bytes data to be received from client#2

  0%|          | 0/19696961 [00:00<?, ?iteration/s]
  6%|▌         | 1175776/19696961 [00:00<00:01, 11739717.86iteration/s]
 12%|█▏        | 2351552/19696961 [00:00<00:01, 11731733.82iteration/s]
 18%|█▊        | 3530224/19696961 [00:00<00:01, 11746662.14iteration/s]
 24%|██▍       | 4707448/19696961 [00:00<00:01, 11720853.67iteration/s]
 30%|██▉       | 5886120/19696961 [00:00<00:01, 11738726.80iteration/s]
 36%|███▌      | 7063344/19696961 [00:00<00:01, 11745255.37iteration/s]
 42%|████▏     | 8243464/19696961 [00:00<00:00, 11751776.12iteration/s]
 48%|████▊     | 9423584/19696961 [00:00<00:00, 11750765.96iteration/s]
 54%|█████▍    | 10600808/19696961 [00:00<00:00, 11755719.01iteration/s]
 60%|█████▉    | 11785272/19696961 [00:01<00:00, 11756520.55iteration/s]
 66%|██████▌   | 12966840/19696961 [00:01<00:00, 11762349.12iteration/s]
 72%|███████▏  | 14151304/19696961 [00:01<00:00, 11758527.69iteration/s]
 78%|███████▊  | 15335768/19696961 [00:01<00:00, 11754771.75iteration/s]
 84%|████████▍ | 16521680/19696961 [00:01<00:00, 11762870.82iteration/s]
 90%|████████▉ | 17707592/19696961 [00:01<00:00, 11759474.40iteration/s]
 96%|█████████▌| 18893504/19696961 [00:01<00:00, 11758079.98iteration/s]2026-05-25 22:06:42.209 | INFO     | utils.ConnectHandler_server:receive:80 - receive completed

100%|██████████| 19696961/19696961 [00:01<00:00, 11689346.71iteration/s]
2026-05-25 22:06:42.239 | INFO     | __main__:<module>:438 - 2026-05-25 22:06:42 RECV round=25 token=1 cid=2 train_duration=90.82035636901855 battery=145264.33J
2026-05-25 22:06:42.239 | INFO     | utils.ConnectHandler_server:send:28 - sending data (59 bytes) to client#2...
2026-05-25 22:06:42.239 | INFO     | utils.ConnectHandler_server:send:34 - sending data (59 bytes) to client#2 completely
2026-05-25 22:08:53.881 | INFO     | utils.ConnectHandler_server:receive:71 - 19697437bytes data to be received from client#8

  0%|          | 0/19697437 [00:00<?, ?iteration/s]
  6%|▌         | 1161296/19697437 [00:00<00:01, 11596934.50iteration/s]
 12%|█▏        | 2331280/19697437 [00:00<00:01, 11653910.92iteration/s]
 18%|█▊        | 3496920/19697437 [00:00<00:01, 11638385.72iteration/s]
 24%|██▎       | 4662560/19697437 [00:00<00:01, 11640656.43iteration/s]
 30%|██▉       | 5835440/19697437 [00:00<00:01, 11668064.41iteration/s]
 36%|███▌      | 7009768/19697437 [00:00<00:01, 11680733.69iteration/s]
 42%|████▏     | 8184096/19697437 [00:00<00:00, 11696532.46iteration/s]
 48%|████▊     | 9364216/19697437 [00:00<00:00, 11713912.68iteration/s]
 54%|█████▎    | 10544336/19697437 [00:00<00:00, 11728197.47iteration/s]
 60%|█████▉    | 11724456/19697437 [00:01<00:00, 11728602.99iteration/s]
 66%|██████▌   | 12904576/19697437 [00:01<00:00, 11746064.02iteration/s]
 72%|███████▏  | 14086144/19697437 [00:01<00:00, 11742867.92iteration/s]
 77%|███████▋  | 15261920/19697437 [00:01<00:00, 11731798.86iteration/s]
 83%|████████▎ | 16442040/19697437 [00:01<00:00, 11728155.78iteration/s]
 89%|████████▉ | 17627952/19697437 [00:01<00:00, 11727386.00iteration/s]
 95%|█████████▌| 18806624/19697437 [00:01<00:00, 11726461.87iteration/s]2026-05-25 22:08:55.565 | INFO     | utils.ConnectHandler_server:receive:80 - receive completed

100%|██████████| 19697437/19697437 [00:01<00:00, 11645801.41iteration/s]
2026-05-25 22:08:55.585 | INFO     | __main__:<module>:438 - 2026-05-25 22:08:55 RECV round=25 token=0 cid=8 train_duration=225.84488534927368 battery=139440.90J
2026-05-25 22:08:55.585 | INFO     | utils.ConnectHandler_server:send:28 - sending data (59 bytes) to client#8...
2026-05-25 22:08:55.586 | INFO     | utils.ConnectHandler_server:send:34 - sending data (59 bytes) to client#8 completely
2026-05-25 22:08:58.288 | INFO     | __main__:<module>:552 - 2026-05-25 22:08:58 ROUND=25 end avg_acc=26.1000 best_acc=35.6650 duration=232.56s comm_mb=75.172 locations_after=[9, 5] checkpoint=logs_real/mmdfl_real_server/checkpoints/dfl_mm_seed1/checkpoint.pt
2026-05-25 22:08:58.288 | INFO     | __main__:<module>:374 - 2026-05-25 22:08:58 ROUND=26 start token_locations=[9, 5] active_clients=[0, 1, 2, 3, 4, 5, 6, 7, 8, 9]
2026-05-25 22:08:58.313 | INFO     | utils.ConnectHandler_server:send:28 - sending data (19723706 bytes) to client#9...
2026-05-25 22:08:59.926 | INFO     | utils.ConnectHandler_server:send:34 - sending data (19723706 bytes) to client#9 completely
2026-05-25 22:08:59.926 | INFO     | __main__:<module>:418 - 2026-05-25 22:08:59 SEND round=26 token=0 cid=9 payload_mb=18.810 duration=1.628s
2026-05-25 22:08:59.946 | INFO     | utils.ConnectHandler_server:send:28 - sending data (19699823 bytes) to client#5...
2026-05-25 22:09:01.587 | INFO     | utils.ConnectHandler_server:send:34 - sending data (19699823 bytes) to client#5 completely
2026-05-25 22:09:01.587 | INFO     | __main__:<module>:418 - 2026-05-25 22:09:01 SEND round=26 token=1 cid=5 payload_mb=18.787 duration=1.652s
2026-05-25 22:10:53.939 | INFO     | utils.ConnectHandler_server:receive:71 - 19694250bytes data to be received from client#9

  0%|          | 0/19694250 [00:00<?, ?iteration/s]
  6%|▌         | 1176448/19694250 [00:00<00:01, 11759893.02iteration/s]
 12%|█▏        | 2352896/19694250 [00:00<00:01, 11753269.23iteration/s]
 18%|█▊        | 3529344/19694250 [00:00<00:01, 11749237.13iteration/s]
 24%|██▍       | 4708620/19694250 [00:00<00:01, 11745234.22iteration/s]
 30%|██▉       | 5883654/19694250 [00:00<00:01, 11741382.30iteration/s]
 36%|███▌      | 7058688/19694250 [00:00<00:01, 11734149.97iteration/s]
 42%|████▏     | 8237964/19694250 [00:00<00:00, 11742145.57iteration/s]
 48%|████▊     | 9414412/19694250 [00:00<00:00, 11742938.67iteration/s]
 54%|█████▍    | 10593688/19694250 [00:00<00:00, 11744753.40iteration/s]
 60%|█████▉    | 11775792/19694250 [00:01<00:00, 11741281.99iteration/s]
 66%|██████▌   | 12952240/19694250 [00:01<00:00, 11744194.83iteration/s]
 72%|███████▏  | 14130102/19694250 [00:01<00:00, 11746885.93iteration/s]
 78%|███████▊  | 15307964/19694250 [00:01<00:00, 11742306.48iteration/s]
 84%|████████▎ | 16490068/19694250 [00:01<00:00, 11741916.89iteration/s]
 90%|████████▉ | 17666516/19694250 [00:01<00:00, 11742971.15iteration/s]
 96%|█████████▌| 18842964/19694250 [00:01<00:00, 11741766.80iteration/s]2026-05-25 22:10:55.618 | INFO     | utils.ConnectHandler_server:receive:80 - receive completed

100%|██████████| 19694250/19694250 [00:01<00:00, 11673364.88iteration/s]
2026-05-25 22:10:55.648 | INFO     | __main__:<module>:438 - 2026-05-25 22:10:55 RECV round=26 token=0 cid=9 train_duration=113.541907787323 battery=140519.81J
2026-05-25 22:10:55.649 | INFO     | utils.ConnectHandler_server:send:28 - sending data (59 bytes) to client#9...
2026-05-25 22:10:55.649 | INFO     | utils.ConnectHandler_server:send:34 - sending data (59 bytes) to client#9 completely
2026-05-25 22:11:29.761 | INFO     | utils.ConnectHandler_server:receive:71 - 19696975bytes data to be received from client#5

  0%|          | 0/19696975 [00:00<?, ?iteration/s]
  6%|▌         | 1175776/19696975 [00:00<00:01, 11742177.69iteration/s]
 12%|█▏        | 2351552/19696975 [00:00<00:01, 11750801.79iteration/s]
 18%|█▊        | 3528776/19696975 [00:00<00:01, 11756498.55iteration/s]
 24%|██▍       | 4708896/19696975 [00:00<00:01, 11756301.85iteration/s]
 30%|██▉       | 5886120/19696975 [00:00<00:01, 11758239.75iteration/s]
 36%|███▌      | 7066240/19696975 [00:00<00:01, 11755433.49iteration/s]
 42%|████▏     | 8244912/19696975 [00:00<00:00, 11754041.67iteration/s]
 48%|████▊     | 9420688/19696975 [00:00<00:00, 11753819.82iteration/s]
 54%|█████▍    | 10606600/19696975 [00:00<00:00, 11765801.88iteration/s]
 60%|█████▉    | 11788168/19696975 [00:01<00:00, 11762820.59iteration/s]
 66%|██████▌   | 12969736/19696975 [00:01<00:00, 11760762.47iteration/s]
 72%|███████▏  | 14149856/19696975 [00:01<00:00, 11763537.69iteration/s]
 78%|███████▊  | 15334320/19696975 [00:01<00:00, 11756667.21iteration/s]
 84%|████████▍ | 16523128/19696975 [00:01<00:00, 11760886.48iteration/s]
 90%|████████▉ | 17701800/19696975 [00:01<00:00, 11763246.95iteration/s]
 96%|█████████▌| 18890608/19696975 [00:01<00:00, 11756312.04iteration/s]2026-05-25 22:11:31.438 | INFO     | utils.ConnectHandler_server:receive:80 - receive completed

100%|██████████| 19696975/19696975 [00:01<00:00, 11692887.26iteration/s]
2026-05-25 22:11:31.458 | INFO     | __main__:<module>:438 - 2026-05-25 22:11:31 RECV round=26 token=1 cid=5 train_duration=147.49950504302979 battery=141912.94J
2026-05-25 22:11:31.458 | INFO     | utils.ConnectHandler_server:send:28 - sending data (59 bytes) to client#5...
2026-05-25 22:11:31.458 | INFO     | utils.ConnectHandler_server:send:34 - sending data (59 bytes) to client#5 completely
2026-05-25 22:11:34.235 | INFO     | __main__:<module>:552 - 2026-05-25 22:11:34 ROUND=26 end avg_acc=30.3900 best_acc=35.6650 duration=155.88s comm_mb=75.161 locations_after=[4, 8] checkpoint=logs_real/mmdfl_real_server/checkpoints/dfl_mm_seed1/checkpoint.pt
2026-05-25 22:11:34.235 | INFO     | __main__:<module>:374 - 2026-05-25 22:11:34 ROUND=27 start token_locations=[4, 8] active_clients=[0, 1, 2, 3, 4, 5, 6, 7, 8, 9]
2026-05-25 22:11:34.256 | INFO     | utils.ConnectHandler_server:send:28 - sending data (19699828 bytes) to client#4...
2026-05-25 22:11:35.877 | INFO     | utils.ConnectHandler_server:send:34 - sending data (19699828 bytes) to client#4 completely
2026-05-25 22:11:35.877 | INFO     | __main__:<module>:418 - 2026-05-25 22:11:35 SEND round=27 token=0 cid=4 payload_mb=18.787 duration=1.632s
2026-05-25 22:11:35.899 | INFO     | utils.ConnectHandler_server:send:28 - sending data (19735891 bytes) to client#8...
2026-05-25 22:11:37.536 | INFO     | utils.ConnectHandler_server:send:34 - sending data (19735891 bytes) to client#8 completely
2026-05-25 22:11:37.536 | INFO     | __main__:<module>:418 - 2026-05-25 22:11:37 SEND round=27 token=1 cid=8 payload_mb=18.822 duration=1.648s
2026-05-25 22:13:03.176 | INFO     | utils.ConnectHandler_server:receive:71 - 19696969bytes data to be received from client#4

  0%|          | 0/19696969 [00:00<?, ?iteration/s]
  6%|▌         | 1169984/19696969 [00:00<00:01, 11684362.27iteration/s]
 12%|█▏        | 2345760/19696969 [00:00<00:01, 11724200.82iteration/s]
 18%|█▊        | 3524432/19696969 [00:00<00:01, 11747550.58iteration/s]
 24%|██▍       | 4700208/19696969 [00:00<00:01, 11741255.85iteration/s]
 30%|██▉       | 5877432/19696969 [00:00<00:01, 11748456.86iteration/s]
 36%|███▌      | 7053208/19696969 [00:00<00:01, 11745817.82iteration/s]
 42%|████▏     | 8234776/19696969 [00:00<00:00, 11757790.46iteration/s]
 48%|████▊     | 9420688/19696969 [00:00<00:00, 11765796.70iteration/s]
 54%|█████▍    | 10600808/19696969 [00:00<00:00, 11752711.96iteration/s]
 60%|█████▉    | 11778032/19696969 [00:01<00:00, 11750077.44iteration/s]
 66%|██████▌   | 12963944/19696969 [00:01<00:00, 11754238.49iteration/s]
 72%|███████▏  | 14144064/19696969 [00:01<00:00, 11763308.73iteration/s]
 78%|███████▊  | 15329976/19696969 [00:01<00:00, 11760508.70iteration/s]
 84%|████████▍ | 16511544/19696969 [00:01<00:00, 11758756.93iteration/s]
 90%|████████▉ | 17697456/19696969 [00:01<00:00, 11759826.13iteration/s]
 96%|█████████▌| 18881920/19696969 [00:01<00:00, 11755764.42iteration/s]2026-05-25 22:13:04.854 | INFO     | utils.ConnectHandler_server:receive:80 - receive completed

100%|██████████| 19696969/19696969 [00:01<00:00, 11687110.79iteration/s]
2026-05-25 22:13:04.884 | INFO     | __main__:<module>:438 - 2026-05-25 22:13:04 RECV round=27 token=0 cid=4 train_duration=86.51739406585693 battery=145536.08J
2026-05-25 22:13:04.884 | INFO     | utils.ConnectHandler_server:send:28 - sending data (59 bytes) to client#4...
2026-05-25 22:13:04.884 | INFO     | utils.ConnectHandler_server:send:34 - sending data (59 bytes) to client#4 completely
2026-05-25 22:15:23.282 | INFO     | utils.ConnectHandler_server:receive:71 - 19697437bytes data to be received from client#8

  0%|          | 0/19697437 [00:00<?, ?iteration/s]
  6%|▌         | 1167088/19697437 [00:00<00:01, 11650780.11iteration/s]
 12%|█▏        | 2334176/19697437 [00:00<00:01, 11659317.35iteration/s]
 18%|█▊        | 3502712/19697437 [00:00<00:01, 11656406.42iteration/s]
 24%|██▎       | 4669800/19697437 [00:00<00:01, 11635097.85iteration/s]
 30%|██▉       | 5844128/19697437 [00:00<00:01, 11665141.55iteration/s]
 36%|███▌      | 7017008/19697437 [00:00<00:01, 11676280.26iteration/s]
 42%|████▏     | 8194232/19697437 [00:00<00:00, 11696630.58iteration/s]
 48%|████▊     | 9370008/19697437 [00:00<00:00, 11706949.14iteration/s]
 54%|█████▎    | 10553024/19697437 [00:00<00:00, 11723655.05iteration/s]
 60%|█████▉    | 11730248/19697437 [00:01<00:00, 11721949.81iteration/s]
 66%|██████▌   | 12907472/19697437 [00:01<00:00, 11735978.30iteration/s]
 72%|███████▏  | 14086144/19697437 [00:01<00:00, 11742708.55iteration/s]
 78%|███████▊  | 15270608/19697437 [00:01<00:00, 11737807.22iteration/s]
 84%|████████▎ | 16450728/19697437 [00:01<00:00, 11739486.37iteration/s]
 90%|████████▉ | 17632296/19697437 [00:01<00:00, 11739533.86iteration/s]
 96%|█████████▌| 18816760/19697437 [00:01<00:00, 11729904.22iteration/s]2026-05-25 22:15:24.966 | INFO     | utils.ConnectHandler_server:receive:80 - receive completed

100%|██████████| 19697437/19697437 [00:01<00:00, 11646376.00iteration/s]
2026-05-25 22:15:24.986 | INFO     | __main__:<module>:438 - 2026-05-25 22:15:24 RECV round=27 token=1 cid=8 train_duration=225.0665044784546 battery=135976.97J
2026-05-25 22:15:24.986 | INFO     | utils.ConnectHandler_server:send:28 - sending data (59 bytes) to client#8...
2026-05-25 22:15:24.986 | INFO     | utils.ConnectHandler_server:send:34 - sending data (59 bytes) to client#8 completely
2026-05-25 22:15:27.701 | INFO     | __main__:<module>:552 - 2026-05-25 22:15:27 ROUND=27 end avg_acc=30.3200 best_acc=35.6650 duration=233.41s comm_mb=75.172 locations_after=[7, 9] checkpoint=logs_real/mmdfl_real_server/checkpoints/dfl_mm_seed1/checkpoint.pt
2026-05-25 22:15:27.701 | INFO     | __main__:<module>:374 - 2026-05-25 22:15:27 ROUND=28 start token_locations=[7, 9] active_clients=[0, 1, 2, 3, 4, 5, 6, 7, 8, 9]
2026-05-25 22:15:27.721 | INFO     | utils.ConnectHandler_server:send:28 - sending data (19729794 bytes) to client#7...
2026-05-25 22:15:29.342 | INFO     | utils.ConnectHandler_server:send:34 - sending data (19729794 bytes) to client#7 completely
2026-05-25 22:15:29.342 | INFO     | __main__:<module>:418 - 2026-05-25 22:15:29 SEND round=28 token=0 cid=7 payload_mb=18.816 duration=1.632s
2026-05-25 22:15:29.363 | INFO     | utils.ConnectHandler_server:send:28 - sending data (19723706 bytes) to client#9...
2026-05-25 22:15:31.031 | INFO     | utils.ConnectHandler_server:send:34 - sending data (19723706 bytes) to client#9 completely
2026-05-25 22:15:31.031 | INFO     | __main__:<module>:418 - 2026-05-25 22:15:31 SEND round=28 token=1 cid=9 payload_mb=18.810 duration=1.678s
2026-05-25 22:17:22.150 | INFO     | utils.ConnectHandler_server:receive:71 - 19694250bytes data to be received from client#9

  0%|          | 0/19694250 [00:00<?, ?iteration/s]
  6%|▌         | 1179276/19694250 [00:00<00:01, 11772590.30iteration/s]
 12%|█▏        | 2358552/19694250 [00:00<00:01, 11756706.27iteration/s]
 18%|█▊        | 3536414/19694250 [00:00<00:01, 11754334.52iteration/s]
 24%|██▍       | 4712862/19694250 [00:00<00:01, 11744663.46iteration/s]
 30%|██▉       | 5887896/19694250 [00:00<00:01, 11738198.40iteration/s]
 36%|███▌      | 7068586/19694250 [00:00<00:01, 11743721.11iteration/s]
 42%|████▏     | 8243620/19694250 [00:00<00:00, 11740249.97iteration/s]
 48%|████▊     | 9425724/19694250 [00:00<00:00, 11747254.32iteration/s]
 54%|█████▍    | 10603586/19694250 [00:00<00:00, 11749125.01iteration/s]
 60%|█████▉    | 11784276/19694250 [00:01<00:00, 11731735.05iteration/s]
 66%|██████▌   | 12969208/19694250 [00:01<00:00, 11749325.28iteration/s]
 72%|███████▏  | 14148484/19694250 [00:01<00:00, 11742941.19iteration/s]
 78%|███████▊  | 15330588/19694250 [00:01<00:00, 11745201.09iteration/s]
 84%|████████▍ | 16511278/19694250 [00:01<00:00, 11751486.45iteration/s]
 90%|████████▉ | 17687726/19694250 [00:01<00:00, 11745886.71iteration/s]
 96%|█████████▌| 18868416/19694250 [00:01<00:00, 11748632.27iteration/s]2026-05-25 22:17:23.828 | INFO     | utils.ConnectHandler_server:receive:80 - receive completed

100%|██████████| 19694250/19694250 [00:01<00:00, 11678433.16iteration/s]
2026-05-25 22:17:23.858 | INFO     | __main__:<module>:438 - 2026-05-25 22:17:23 RECV round=28 token=1 cid=9 train_duration=110.71603012084961 battery=138654.55J
2026-05-25 22:17:23.858 | INFO     | utils.ConnectHandler_server:send:28 - sending data (59 bytes) to client#9...
2026-05-25 22:17:23.858 | INFO     | utils.ConnectHandler_server:send:34 - sending data (59 bytes) to client#9 completely
2026-05-25 22:17:30.950 | INFO     | utils.ConnectHandler_server:receive:71 - 19697437bytes data to be received from client#7

  0%|          | 0/19697437 [00:00<?, ?iteration/s]
  6%|▌         | 1164192/19697437 [00:00<00:01, 11628235.50iteration/s]
 12%|█▏        | 2337072/19697437 [00:00<00:01, 11671400.87iteration/s]
 18%|█▊        | 3505608/19697437 [00:00<00:01, 11676008.47iteration/s]
 24%|██▎       | 4675592/19697437 [00:00<00:01, 11673161.39iteration/s]
 30%|██▉       | 5845576/19697437 [00:00<00:01, 11673782.39iteration/s]
 36%|███▌      | 7014112/19697437 [00:00<00:01, 11664100.23iteration/s]
 42%|████▏     | 8186992/19697437 [00:00<00:00, 11672123.68iteration/s]
 48%|████▊     | 9370008/19697437 [00:00<00:00, 11699476.71iteration/s]
 54%|█████▎    | 10544336/19697437 [00:00<00:00, 11708864.09iteration/s]
 60%|█████▉    | 11725904/19697437 [00:01<00:00, 11719875.46iteration/s]
 66%|██████▌   | 12904576/19697437 [00:01<00:00, 11726201.34iteration/s]
 72%|███████▏  | 14087592/19697437 [00:01<00:00, 11735326.00iteration/s]
 78%|███████▊  | 15272056/19697437 [00:01<00:00, 11743802.14iteration/s]
 84%|████████▎ | 16459416/19697437 [00:01<00:00, 11745231.09iteration/s]
 90%|████████▉ | 17642432/19697437 [00:01<00:00, 11759332.00iteration/s]
 96%|█████████▌| 18829792/19697437 [00:01<00:00, 11756743.85iteration/s]2026-05-25 22:17:32.632 | INFO     | utils.ConnectHandler_server:receive:80 - receive completed

100%|██████████| 19697437/19697437 [00:01<00:00, 11650981.34iteration/s]
2026-05-25 22:17:32.653 | INFO     | __main__:<module>:438 - 2026-05-25 22:17:32 RECV round=28 token=0 cid=7 train_duration=121.14437055587769 battery=138627.75J
2026-05-25 22:17:32.653 | INFO     | utils.ConnectHandler_server:send:28 - sending data (59 bytes) to client#7...
2026-05-25 22:17:32.653 | INFO     | utils.ConnectHandler_server:send:34 - sending data (59 bytes) to client#7 completely
2026-05-25 22:17:35.322 | INFO     | __main__:<module>:552 - 2026-05-25 22:17:35 ROUND=28 end avg_acc=35.8550 best_acc=35.8550 duration=127.56s comm_mb=75.189 locations_after=[6, 0] checkpoint=logs_real/mmdfl_real_server/checkpoints/dfl_mm_seed1/checkpoint.pt
2026-05-25 22:17:35.322 | INFO     | __main__:<module>:374 - 2026-05-25 22:17:35 ROUND=29 start token_locations=[6, 0] active_clients=[0, 1, 2, 3, 4, 5, 6, 7, 8, 9]
2026-05-25 22:17:35.346 | INFO     | utils.ConnectHandler_server:send:28 - sending data (19699823 bytes) to client#6...
2026-05-25 22:17:36.972 | INFO     | utils.ConnectHandler_server:send:34 - sending data (19699823 bytes) to client#6 completely
2026-05-25 22:17:36.972 | INFO     | __main__:<module>:418 - 2026-05-25 22:17:36 SEND round=29 token=0 cid=6 payload_mb=18.787 duration=1.640s
2026-05-25 22:17:36.992 | INFO     | utils.ConnectHandler_server:send:28 - sending data (19699826 bytes) to client#0...
2026-05-25 22:17:38.640 | INFO     | utils.ConnectHandler_server:send:34 - sending data (19699826 bytes) to client#0 completely
2026-05-25 22:17:38.640 | INFO     | __main__:<module>:418 - 2026-05-25 22:17:38 SEND round=29 token=1 cid=0 payload_mb=18.787 duration=1.659s
2026-05-25 22:19:17.868 | INFO     | utils.ConnectHandler_server:receive:71 - 19696981bytes data to be received from client#6

  0%|          | 0/19696981 [00:00<?, ?iteration/s]
  6%|▌         | 1175776/19696981 [00:00<00:01, 11747995.92iteration/s]
 12%|█▏        | 2353000/19696981 [00:00<00:01, 11754233.47iteration/s]
 18%|█▊        | 3531672/19696981 [00:00<00:01, 11759608.71iteration/s]
 24%|██▍       | 4708896/19696981 [00:00<00:01, 11754524.76iteration/s]
 30%|██▉       | 5889016/19696981 [00:00<00:01, 11690209.52iteration/s]
 36%|███▌      | 7067688/19696981 [00:00<00:01, 11713097.51iteration/s]
 42%|████▏     | 8247808/19696981 [00:00<00:00, 11728147.92iteration/s]
 48%|████▊     | 9426480/19696981 [00:00<00:00, 11733003.74iteration/s]
 54%|█████▍    | 10606600/19696981 [00:00<00:00, 11744746.24iteration/s]
 60%|█████▉    | 11791064/19696981 [00:01<00:00, 11753917.07iteration/s]
 66%|██████▌   | 12972632/19696981 [00:01<00:00, 11744717.90iteration/s]
 72%|███████▏  | 14152752/19696981 [00:01<00:00, 11756163.04iteration/s]
 78%|███████▊  | 15338664/19696981 [00:01<00:00, 11760095.61iteration/s]
 84%|████████▍ | 16528920/19696981 [00:01<00:00, 11759166.53iteration/s]
 90%|████████▉ | 17706144/19696981 [00:01<00:00, 11756290.59iteration/s]
 96%|█████████▌| 18884816/19696981 [00:01<00:00, 11761372.70iteration/s]2026-05-25 22:19:19.546 | INFO     | utils.ConnectHandler_server:receive:80 - receive completed

100%|██████████| 19696981/19696981 [00:01<00:00, 11680120.31iteration/s]
2026-05-25 22:19:19.577 | INFO     | __main__:<module>:438 - 2026-05-25 22:19:19 RECV round=29 token=0 cid=6 train_duration=100.21554899215698 battery=146126.29J
2026-05-25 22:19:19.577 | INFO     | utils.ConnectHandler_server:send:28 - sending data (59 bytes) to client#6...
2026-05-25 22:19:19.577 | INFO     | utils.ConnectHandler_server:send:34 - sending data (59 bytes) to client#6 completely
2026-05-25 22:19:28.716 | INFO     | utils.ConnectHandler_server:receive:71 - 19696967bytes data to be received from client#0

  0%|          | 0/19696967 [00:00<?, ?iteration/s]
  6%|▌         | 1167088/19696967 [00:00<00:01, 11655745.86iteration/s]
 12%|█▏        | 2344312/19696967 [00:00<00:01, 11715341.30iteration/s]
 18%|█▊        | 3522984/19696967 [00:00<00:01, 11740023.41iteration/s]
 24%|██▍       | 4698760/19696967 [00:00<00:01, 11745764.91iteration/s]
 30%|██▉       | 5874536/19696967 [00:00<00:01, 11743472.53iteration/s]
 36%|███▌      | 7053208/19696967 [00:00<00:01, 11751429.99iteration/s]
 42%|████▏     | 8231880/19696967 [00:00<00:00, 11758354.54iteration/s]
 48%|████▊     | 9414896/19696967 [00:00<00:00, 11759687.50iteration/s]
 54%|█████▍    | 10593568/19696967 [00:00<00:00, 11756257.70iteration/s]
 60%|█████▉    | 11770792/19696967 [00:01<00:00, 11757178.01iteration/s]
 66%|██████▌   | 12955256/19696967 [00:01<00:00, 11761123.67iteration/s]
 72%|███████▏  | 14132480/19696967 [00:01<00:00, 11762041.08iteration/s]
 78%|███████▊  | 15319840/19696967 [00:01<00:00, 11762519.26iteration/s]
 84%|████████▍ | 16502856/19696967 [00:01<00:00, 11754916.31iteration/s]
 90%|████████▉ | 17681528/19696967 [00:01<00:00, 11758685.82iteration/s]
 96%|█████████▌| 18865992/19696967 [00:01<00:00, 11759125.44iteration/s]2026-05-25 22:19:30.393 | INFO     | utils.ConnectHandler_server:receive:80 - receive completed

100%|██████████| 19696967/19696967 [00:01<00:00, 11687858.60iteration/s]
2026-05-25 22:19:30.414 | INFO     | __main__:<module>:438 - 2026-05-25 22:19:30 RECV round=29 token=1 cid=0 train_duration=109.14882493019104 battery=144301.92J
2026-05-25 22:19:30.414 | INFO     | utils.ConnectHandler_server:send:28 - sending data (59 bytes) to client#0...
2026-05-25 22:19:30.414 | INFO     | utils.ConnectHandler_server:send:34 - sending data (59 bytes) to client#0 completely
2026-05-25 22:19:33.197 | INFO     | __main__:<module>:552 - 2026-05-25 22:19:33 ROUND=29 end avg_acc=27.4300 best_acc=35.8550 duration=117.82s comm_mb=75.138 locations_after=[5, 1] checkpoint=logs_real/mmdfl_real_server/checkpoints/dfl_mm_seed1/checkpoint.pt
2026-05-25 22:19:33.197 | INFO     | __main__:<module>:374 - 2026-05-25 22:19:33 ROUND=30 start token_locations=[5, 1] active_clients=[0, 1, 2, 3, 4, 5, 6, 7, 8, 9]
2026-05-25 22:19:33.221 | INFO     | utils.ConnectHandler_server:send:28 - sending data (19699823 bytes) to client#5...
2026-05-25 22:19:34.822 | INFO     | utils.ConnectHandler_server:send:34 - sending data (19699823 bytes) to client#5 completely
2026-05-25 22:19:34.822 | INFO     | __main__:<module>:418 - 2026-05-25 22:19:34 SEND round=30 token=0 cid=5 payload_mb=18.787 duration=1.615s
2026-05-25 22:19:34.843 | INFO     | utils.ConnectHandler_server:send:28 - sending data (19699822 bytes) to client#1...
2026-05-25 22:19:36.498 | INFO     | utils.ConnectHandler_server:send:34 - sending data (19699822 bytes) to client#1 completely
2026-05-25 22:19:36.499 | INFO     | __main__:<module>:418 - 2026-05-25 22:19:36 SEND round=30 token=1 cid=1 payload_mb=18.787 duration=1.666s
2026-05-25 22:21:27.675 | INFO     | utils.ConnectHandler_server:receive:71 - 19696983bytes data to be received from client#1

  0%|          | 0/19696983 [00:00<?, ?iteration/s]
  6%|▌         | 1168536/19696983 [00:00<00:01, 11681945.35iteration/s]
 12%|█▏        | 2347208/19696983 [00:00<00:01, 11727723.00iteration/s]
 18%|█▊        | 3524432/19696983 [00:00<00:01, 11745931.02iteration/s]
 24%|██▍       | 4701656/19696983 [00:00<00:01, 11742717.80iteration/s]
 30%|██▉       | 5883224/19696983 [00:00<00:01, 11754577.72iteration/s]
 36%|███▌      | 7061896/19696983 [00:00<00:01, 11752717.99iteration/s]
 42%|████▏     | 8237672/19696983 [00:00<00:00, 11754147.58iteration/s]
 48%|████▊     | 9419240/19696983 [00:00<00:00, 11754495.41iteration/s]
 54%|█████▍    | 10599360/19696983 [00:00<00:00, 11758172.62iteration/s]
 60%|█████▉    | 11778032/19696983 [00:01<00:00, 11759024.76iteration/s]
 66%|██████▌   | 12965392/19696983 [00:01<00:00, 11764502.22iteration/s]
 72%|███████▏  | 14146960/19696983 [00:01<00:00, 11763083.62iteration/s]
 78%|███████▊  | 15332872/19696983 [00:01<00:00, 11764864.19iteration/s]
 84%|████████▍ | 16521680/19696983 [00:01<00:00, 11759769.19iteration/s]
 90%|████████▉ | 17709040/19696983 [00:01<00:00, 11759897.90iteration/s]
 96%|█████████▌| 18896400/19696983 [00:01<00:00, 11759903.90iteration/s]2026-05-25 22:21:29.352 | INFO     | utils.ConnectHandler_server:receive:80 - receive completed

100%|██████████| 19696983/19696983 [00:01<00:00, 11692792.71iteration/s]
2026-05-25 22:21:29.382 | INFO     | __main__:<module>:438 - 2026-05-25 22:21:29 RECV round=30 token=1 cid=1 train_duration=110.216135263443 battery=139557.86J
2026-05-25 22:21:29.382 | INFO     | utils.ConnectHandler_server:send:28 - sending data (59 bytes) to client#1...
2026-05-25 22:21:29.382 | INFO     | utils.ConnectHandler_server:send:34 - sending data (59 bytes) to client#1 completely
2026-05-25 22:21:53.320 | INFO     | utils.ConnectHandler_server:receive:71 - 19696963bytes data to be received from client#5

  0%|          | 0/19696963 [00:00<?, ?iteration/s]
  6%|▌         | 1172880/19696963 [00:00<00:01, 11708739.70iteration/s]
 12%|█▏        | 2350104/19696963 [00:00<00:01, 11740626.73iteration/s]
 18%|█▊        | 3528776/19696963 [00:00<00:01, 11748078.74iteration/s]
 24%|██▍       | 4707448/19696963 [00:00<00:01, 11750340.34iteration/s]
 30%|██▉       | 5883224/19696963 [00:00<00:01, 11751028.71iteration/s]
 36%|███▌      | 7064792/19696963 [00:00<00:01, 11755884.26iteration/s]
 42%|████▏     | 8243464/19696963 [00:00<00:00, 11752453.85iteration/s]
 48%|████▊     | 9425032/19696963 [00:00<00:00, 11760991.20iteration/s]
 54%|█████▍    | 10609496/19696963 [00:00<00:00, 11759730.47iteration/s]
 60%|█████▉    | 11791064/19696963 [00:01<00:00, 11763462.35iteration/s]
 66%|██████▌   | 12975528/19696963 [00:01<00:00, 11755070.98iteration/s]
 72%|███████▏  | 14164336/19696963 [00:01<00:00, 11763932.39iteration/s]
 78%|███████▊  | 15347352/19696963 [00:01<00:00, 11761110.36iteration/s]
 84%|████████▍ | 16536160/19696963 [00:01<00:00, 11759517.69iteration/s]
 90%|████████▉ | 17714832/19696963 [00:01<00:00, 11756156.20iteration/s]
 96%|█████████▌| 18905088/19696963 [00:01<00:00, 11761251.54iteration/s]2026-05-25 22:21:54.997 | INFO     | utils.ConnectHandler_server:receive:80 - receive completed

100%|██████████| 19696963/19696963 [00:01<00:00, 11687322.16iteration/s]
2026-05-25 22:21:55.017 | INFO     | __main__:<module>:438 - 2026-05-25 22:21:55 RECV round=30 token=0 cid=5 train_duration=137.8040201663971 battery=140737.41J
2026-05-25 22:21:55.017 | INFO     | utils.ConnectHandler_server:send:28 - sending data (59 bytes) to client#5...
2026-05-25 22:21:55.017 | INFO     | utils.ConnectHandler_server:send:34 - sending data (59 bytes) to client#5 completely
2026-05-25 22:21:57.781 | INFO     | __main__:<module>:552 - 2026-05-25 22:21:57 ROUND=30 end avg_acc=30.3700 best_acc=35.8550 duration=144.53s comm_mb=75.138 locations_after=[2, 3] checkpoint=logs_real/mmdfl_real_server/checkpoints/dfl_mm_seed1/checkpoint.pt
2026-05-25 22:21:57.782 | INFO     | __main__:<module>:374 - 2026-05-25 22:21:57 ROUND=31 start token_locations=[2, 3] active_clients=[0, 1, 2, 3, 4, 5, 6, 7, 8, 9]
2026-05-25 22:21:57.802 | INFO     | utils.ConnectHandler_server:send:28 - sending data (19699823 bytes) to client#2...
2026-05-25 22:21:59.399 | INFO     | utils.ConnectHandler_server:send:34 - sending data (19699823 bytes) to client#2 completely
2026-05-25 22:21:59.399 | INFO     | __main__:<module>:418 - 2026-05-25 22:21:59 SEND round=31 token=0 cid=2 payload_mb=18.787 duration=1.608s
2026-05-25 22:21:59.420 | INFO     | utils.ConnectHandler_server:send:28 - sending data (19699828 bytes) to client#3...
2026-05-25 22:22:01.040 | INFO     | utils.ConnectHandler_server:send:34 - sending data (19699828 bytes) to client#3 completely
2026-05-25 22:22:01.040 | INFO     | __main__:<module>:418 - 2026-05-25 22:22:01 SEND round=31 token=1 cid=3 payload_mb=18.787 duration=1.631s
2026-05-25 22:23:25.869 | INFO     | utils.ConnectHandler_server:receive:71 - 19696965bytes data to be received from client#3

  0%|          | 0/19696965 [00:00<?, ?iteration/s]
  6%|▌         | 1161296/19696965 [00:00<00:01, 11608847.10iteration/s]
 12%|█▏        | 2328384/19696965 [00:00<00:01, 11638940.50iteration/s]
 18%|█▊        | 3507056/19696965 [00:00<00:01, 11693432.08iteration/s]
 24%|██▍       | 4682832/19696965 [00:00<00:01, 11712927.65iteration/s]
 30%|██▉       | 5860056/19696965 [00:00<00:01, 11728155.66iteration/s]
 36%|███▌      | 7041624/19696965 [00:00<00:01, 11746474.25iteration/s]
 42%|████▏     | 8220296/19696965 [00:00<00:00, 11743912.35iteration/s]
 48%|████▊     | 9401864/19696965 [00:00<00:00, 11755811.61iteration/s]
 54%|█████▎    | 10580536/19696965 [00:00<00:00, 11755201.41iteration/s]
 60%|█████▉    | 11756312/19696965 [00:01<00:00, 11753402.85iteration/s]
 66%|██████▌   | 12940776/19696965 [00:01<00:00, 11755361.99iteration/s]
 72%|███████▏  | 14126688/19696965 [00:01<00:00, 11759099.14iteration/s]
 78%|███████▊  | 15314048/19696965 [00:01<00:00, 11761567.98iteration/s]
 84%|████████▍ | 16499960/19696965 [00:01<00:00, 11757205.21iteration/s]
 90%|████████▉ | 17687320/19696965 [00:01<00:00, 11737052.46iteration/s]
 96%|█████████▌| 18868888/19696965 [00:01<00:00, 11741856.97iteration/s]2026-05-25 22:23:27.548 | INFO     | utils.ConnectHandler_server:receive:80 - receive completed

100%|██████████| 19696965/19696965 [00:01<00:00, 11677403.27iteration/s]
2026-05-25 22:23:27.578 | INFO     | __main__:<module>:438 - 2026-05-25 22:23:27 RECV round=31 token=1 cid=3 train_duration=84.10732054710388 battery=144866.89J
2026-05-25 22:23:27.578 | INFO     | utils.ConnectHandler_server:send:28 - sending data (59 bytes) to client#3...
2026-05-25 22:23:27.578 | INFO     | utils.ConnectHandler_server:send:34 - sending data (59 bytes) to client#3 completely
2026-05-25 22:23:30.713 | INFO     | utils.ConnectHandler_server:receive:71 - 19696965bytes data to be received from client#2

  0%|          | 0/19696965 [00:00<?, ?iteration/s]
  6%|▌         | 1174328/19696965 [00:00<00:01, 11712239.51iteration/s]
 12%|█▏        | 2351552/19696965 [00:00<00:01, 11747320.99iteration/s]
 18%|█▊        | 3528776/19696965 [00:00<00:01, 11753787.11iteration/s]
 24%|██▍       | 4704552/19696965 [00:00<00:01, 11700021.54iteration/s]
 30%|██▉       | 5883224/19696965 [00:00<00:01, 11727505.38iteration/s]
 36%|███▌      | 7059000/19696965 [00:00<00:01, 11732249.00iteration/s]
 42%|████▏     | 8236224/19696965 [00:00<00:00, 11734757.36iteration/s]
 48%|████▊     | 9414896/19696965 [00:00<00:00, 11745309.74iteration/s]
 54%|█████▍    | 10596464/19696965 [00:00<00:00, 11755099.49iteration/s]
 60%|█████▉    | 11779480/19696965 [00:01<00:00, 11735245.65iteration/s]
 66%|██████▌   | 12961048/19696965 [00:01<00:00, 11741822.64iteration/s]
 72%|███████▏  | 14144064/19696965 [00:01<00:00, 11754177.00iteration/s]
 78%|███████▊  | 15329976/19696965 [00:01<00:00, 11745940.61iteration/s]
 84%|████████▍ | 16517336/19696965 [00:01<00:00, 11753614.28iteration/s]
 90%|████████▉ | 17696008/19696965 [00:01<00:00, 11758509.52iteration/s]
 96%|█████████▌| 18874680/19696965 [00:01<00:00, 11752244.27iteration/s]2026-05-25 22:23:32.392 | INFO     | utils.ConnectHandler_server:receive:80 - receive completed

100%|██████████| 19696965/19696965 [00:01<00:00, 11676152.27iteration/s]
2026-05-25 22:23:32.412 | INFO     | __main__:<module>:438 - 2026-05-25 22:23:32 RECV round=31 token=0 cid=2 train_duration=90.49432039260864 battery=144492.37J
2026-05-25 22:23:32.412 | INFO     | utils.ConnectHandler_server:send:28 - sending data (59 bytes) to client#2...
2026-05-25 22:23:32.413 | INFO     | utils.ConnectHandler_server:send:34 - sending data (59 bytes) to client#2 completely
2026-05-25 22:23:35.195 | INFO     | __main__:<module>:552 - 2026-05-25 22:23:35 ROUND=31 end avg_acc=20.1750 best_acc=35.8550 duration=97.36s comm_mb=75.138 locations_after=[1, 4] checkpoint=logs_real/mmdfl_real_server/checkpoints/dfl_mm_seed1/checkpoint.pt
2026-05-25 22:23:35.195 | INFO     | __main__:<module>:374 - 2026-05-25 22:23:35 ROUND=32 start token_locations=[1, 4] active_clients=[0, 1, 2, 3, 4, 5, 6, 7, 8, 9]
2026-05-25 22:23:35.215 | INFO     | utils.ConnectHandler_server:send:28 - sending data (19699822 bytes) to client#1...
2026-05-25 22:23:36.772 | INFO     | utils.ConnectHandler_server:send:34 - sending data (19699822 bytes) to client#1 completely
2026-05-25 22:23:36.772 | INFO     | __main__:<module>:418 - 2026-05-25 22:23:36 SEND round=32 token=0 cid=1 payload_mb=18.787 duration=1.568s
2026-05-25 22:23:36.793 | INFO     | utils.ConnectHandler_server:send:28 - sending data (19699828 bytes) to client#4...
2026-05-25 22:23:38.457 | INFO     | utils.ConnectHandler_server:send:34 - sending data (19699828 bytes) to client#4 completely
2026-05-25 22:23:38.457 | INFO     | __main__:<module>:418 - 2026-05-25 22:23:38 SEND round=32 token=1 cid=4 payload_mb=18.787 duration=1.674s
2026-05-25 22:25:05.693 | INFO     | utils.ConnectHandler_server:receive:71 - 19696957bytes data to be received from client#4

  0%|          | 0/19696957 [00:00<?, ?iteration/s]
  6%|▌         | 1174328/19696957 [00:00<00:01, 11738001.92iteration/s]
 12%|█▏        | 2350104/19696957 [00:00<00:01, 11661882.15iteration/s]
 18%|█▊        | 3527328/19696957 [00:00<00:01, 11708793.70iteration/s]
 24%|██▍       | 4700208/19696957 [00:00<00:01, 11709453.45iteration/s]
 30%|██▉       | 5880328/19696957 [00:00<00:01, 11728354.63iteration/s]
 36%|███▌      | 7057552/19696957 [00:00<00:01, 11738091.34iteration/s]
 42%|████▏     | 8234776/19696957 [00:00<00:00, 11744396.12iteration/s]
 48%|████▊     | 9417792/19696957 [00:00<00:00, 11747978.66iteration/s]
 54%|█████▍    | 10595016/19696957 [00:00<00:00, 11747809.20iteration/s]
 60%|█████▉    | 11778032/19696957 [00:01<00:00, 11753749.32iteration/s]
 66%|██████▌   | 12955256/19696957 [00:01<00:00, 11755718.16iteration/s]
 72%|███████▏  | 14141168/19696957 [00:01<00:00, 11760605.40iteration/s]
 78%|███████▊  | 15324184/19696957 [00:01<00:00, 11758703.61iteration/s]
 84%|████████▍ | 16507200/19696957 [00:01<00:00, 11757795.93iteration/s]
 90%|████████▉ | 17684424/19696957 [00:01<00:00, 11760798.06iteration/s]
 96%|█████████▌| 18870336/19696957 [00:01<00:00, 11756709.66iteration/s]2026-05-25 22:25:07.372 | INFO     | utils.ConnectHandler_server:receive:80 - receive completed

100%|██████████| 19696957/19696957 [00:01<00:00, 11678009.27iteration/s]
2026-05-25 22:25:07.400 | INFO     | __main__:<module>:438 - 2026-05-25 22:25:07 RECV round=32 token=1 cid=4 train_duration=86.47775387763977 battery=144798.39J
2026-05-25 22:25:07.401 | INFO     | utils.ConnectHandler_server:send:28 - sending data (59 bytes) to client#4...
2026-05-25 22:25:07.401 | INFO     | utils.ConnectHandler_server:send:34 - sending data (59 bytes) to client#4 completely
2026-05-25 22:25:27.982 | INFO     | utils.ConnectHandler_server:receive:71 - 19696971bytes data to be received from client#1

  0%|          | 0/19696971 [00:00<?, ?iteration/s]
  6%|▌         | 1165640/19696971 [00:00<00:01, 11634248.27iteration/s]
 12%|█▏        | 2344312/19696971 [00:00<00:01, 11711482.73iteration/s]
 18%|█▊        | 3522984/19696971 [00:00<00:01, 11739743.64iteration/s]
 24%|██▍       | 4698760/19696971 [00:00<00:01, 11739832.76iteration/s]
 30%|██▉       | 5878880/19696971 [00:00<00:01, 11747777.88iteration/s]
 36%|███▌      | 7056104/19696971 [00:00<00:01, 11746188.96iteration/s]
 42%|████▏     | 8236224/19696971 [00:00<00:00, 11752259.38iteration/s]
 48%|████▊     | 9417792/19696971 [00:00<00:00, 11764716.29iteration/s]
 54%|█████▍    | 10597912/19696971 [00:00<00:00, 11762758.45iteration/s]
 60%|█████▉    | 11775136/19696971 [00:01<00:00, 11761803.79iteration/s]
 66%|██████▌   | 12952360/19696971 [00:01<00:00, 11755566.78iteration/s]
 72%|███████▏  | 14129584/19696971 [00:01<00:00, 11752660.02iteration/s]
 78%|███████▊  | 15309704/19696971 [00:01<00:00, 11764468.28iteration/s]
 84%|████████▎ | 16489824/19696971 [00:01<00:00, 11757413.94iteration/s]
 90%|████████▉ | 17672840/19696971 [00:01<00:00, 11756147.46iteration/s]
 96%|█████████▌| 18864544/19696971 [00:01<00:00, 11762163.70iteration/s]2026-05-25 22:25:29.660 | INFO     | utils.ConnectHandler_server:receive:80 - receive completed

100%|██████████| 19696971/19696971 [00:01<00:00, 11685791.12iteration/s]
2026-05-25 22:25:29.679 | INFO     | __main__:<module>:438 - 2026-05-25 22:25:29 RECV round=32 token=0 cid=1 train_duration=110.10607957839966 battery=138618.60J
2026-05-25 22:25:29.680 | INFO     | utils.ConnectHandler_server:send:28 - sending data (59 bytes) to client#1...
2026-05-25 22:25:29.680 | INFO     | utils.ConnectHandler_server:send:34 - sending data (59 bytes) to client#1 completely
2026-05-25 22:25:32.435 | INFO     | __main__:<module>:552 - 2026-05-25 22:25:32 ROUND=32 end avg_acc=38.0900 best_acc=38.0900 duration=117.19s comm_mb=75.138 locations_after=[0, 5] checkpoint=logs_real/mmdfl_real_server/checkpoints/dfl_mm_seed1/checkpoint.pt
2026-05-25 22:25:32.435 | INFO     | __main__:<module>:374 - 2026-05-25 22:25:32 ROUND=33 start token_locations=[0, 5] active_clients=[0, 1, 2, 3, 4, 5, 6, 7, 8, 9]
2026-05-25 22:25:32.455 | INFO     | utils.ConnectHandler_server:send:28 - sending data (19699826 bytes) to client#0...
2026-05-25 22:25:34.068 | INFO     | utils.ConnectHandler_server:send:34 - sending data (19699826 bytes) to client#0 completely
2026-05-25 22:25:34.068 | INFO     | __main__:<module>:418 - 2026-05-25 22:25:34 SEND round=33 token=0 cid=0 payload_mb=18.787 duration=1.624s
2026-05-25 22:25:34.088 | INFO     | utils.ConnectHandler_server:send:28 - sending data (19699823 bytes) to client#5...
2026-05-25 22:25:35.740 | INFO     | utils.ConnectHandler_server:send:34 - sending data (19699823 bytes) to client#5 completely
2026-05-25 22:25:35.740 | INFO     | __main__:<module>:418 - 2026-05-25 22:25:35 SEND round=33 token=1 cid=5 payload_mb=18.787 duration=1.661s
2026-05-25 22:27:24.175 | INFO     | utils.ConnectHandler_server:receive:71 - 19696989bytes data to be received from client#0

  0%|          | 0/19696989 [00:00<?, ?iteration/s]
  6%|▌         | 1169984/19696989 [00:00<00:01, 11680023.83iteration/s]
 12%|█▏        | 2348656/19696989 [00:00<00:01, 11728662.09iteration/s]
 18%|█▊        | 3525880/19696989 [00:00<00:01, 11742645.21iteration/s]
 24%|██▍       | 4701656/19696989 [00:00<00:01, 11740033.12iteration/s]
 30%|██▉       | 5880328/19696989 [00:00<00:01, 11751243.52iteration/s]
 36%|███▌      | 7059000/19696989 [00:00<00:01, 11754863.18iteration/s]
 42%|████▏     | 8236224/19696989 [00:00<00:00, 11757346.53iteration/s]
 48%|████▊     | 9414896/19696989 [00:00<00:00, 11757642.88iteration/s]
 54%|█████▍    | 10597912/19696989 [00:00<00:00, 11756309.07iteration/s]
 60%|█████▉    | 11776584/19696989 [00:01<00:00, 11758469.42iteration/s]
 66%|██████▌   | 12959600/19696989 [00:01<00:00, 11763237.52iteration/s]
 72%|███████▏  | 14141168/19696989 [00:01<00:00, 11757938.43iteration/s]
 78%|███████▊  | 15322736/19696989 [00:01<00:00, 11755741.96iteration/s]
 84%|████████▍ | 16508648/19696989 [00:01<00:00, 11759217.27iteration/s]
 90%|████████▉ | 17696008/19696989 [00:01<00:00, 11757951.88iteration/s]
 96%|█████████▌| 18884816/19696989 [00:01<00:00, 11767025.92iteration/s]2026-05-25 22:27:25.852 | INFO     | utils.ConnectHandler_server:receive:80 - receive completed

100%|██████████| 19696989/19696989 [00:01<00:00, 11685829.90iteration/s]
2026-05-25 22:27:25.882 | INFO     | __main__:<module>:438 - 2026-05-25 22:27:25 RECV round=33 token=0 cid=0 train_duration=109.14361572265625 battery=143370.87J
2026-05-25 22:27:25.882 | INFO     | utils.ConnectHandler_server:send:28 - sending data (59 bytes) to client#0...
2026-05-25 22:27:25.882 | INFO     | utils.ConnectHandler_server:send:34 - sending data (59 bytes) to client#0 completely
2026-05-25 22:27:45.499 | INFO     | utils.ConnectHandler_server:receive:71 - 19696967bytes data to be received from client#5

  0%|          | 0/19696967 [00:00<?, ?iteration/s]
  6%|▌         | 1172880/19696967 [00:00<00:01, 11703001.69iteration/s]
 12%|█▏        | 2353000/19696967 [00:00<00:01, 11745759.24iteration/s]
 18%|█▊        | 3528776/19696967 [00:00<00:01, 11751033.21iteration/s]
 24%|██▍       | 4704552/19696967 [00:00<00:01, 11749613.44iteration/s]
 30%|██▉       | 5883224/19696967 [00:00<00:01, 11746952.10iteration/s]
 36%|███▌      | 7060448/19696967 [00:00<00:01, 11754409.83iteration/s]
 42%|████▏     | 8236224/19696967 [00:00<00:00, 11754793.72iteration/s]
 48%|████▊     | 9414896/19696967 [00:00<00:00, 11759308.10iteration/s]
 54%|█████▍    | 10600808/19696967 [00:00<00:00, 11765272.15iteration/s]
 60%|█████▉    | 11785272/19696967 [00:01<00:00, 11751909.97iteration/s]
 66%|██████▌   | 12974080/19696967 [00:01<00:00, 11764672.13iteration/s]
 72%|███████▏  | 14155648/19696967 [00:01<00:00, 11763127.25iteration/s]
 78%|███████▊  | 15337216/19696967 [00:01<00:00, 11759766.77iteration/s]
 84%|████████▍ | 16517336/19696967 [00:01<00:00, 11759919.98iteration/s]
 90%|████████▉ | 17698904/19696967 [00:01<00:00, 11761914.74iteration/s]
 96%|█████████▌| 18889160/19696967 [00:01<00:00, 11754607.82iteration/s]2026-05-25 22:27:47.176 | INFO     | utils.ConnectHandler_server:receive:80 - receive completed

100%|██████████| 19696967/19696967 [00:01<00:00, 11690860.51iteration/s]
2026-05-25 22:27:47.197 | INFO     | __main__:<module>:438 - 2026-05-25 22:27:47 RECV round=33 token=1 cid=5 train_duration=129.10165786743164 battery=139636.10J
2026-05-25 22:27:47.197 | INFO     | utils.ConnectHandler_server:send:28 - sending data (59 bytes) to client#5...
2026-05-25 22:27:47.197 | INFO     | utils.ConnectHandler_server:send:34 - sending data (59 bytes) to client#5 completely
2026-05-25 22:27:49.972 | INFO     | __main__:<module>:552 - 2026-05-25 22:27:49 ROUND=33 end avg_acc=26.8600 best_acc=38.0900 duration=137.48s comm_mb=75.138 locations_after=[1, 2] checkpoint=logs_real/mmdfl_real_server/checkpoints/dfl_mm_seed1/checkpoint.pt
2026-05-25 22:27:49.972 | INFO     | __main__:<module>:374 - 2026-05-25 22:27:49 ROUND=34 start token_locations=[1, 2] active_clients=[0, 1, 2, 3, 4, 5, 6, 7, 8, 9]
2026-05-25 22:27:49.997 | INFO     | utils.ConnectHandler_server:send:28 - sending data (19699822 bytes) to client#1...
2026-05-25 22:27:51.565 | INFO     | utils.ConnectHandler_server:send:34 - sending data (19699822 bytes) to client#1 completely
2026-05-25 22:27:51.565 | INFO     | __main__:<module>:418 - 2026-05-25 22:27:51 SEND round=34 token=0 cid=1 payload_mb=18.787 duration=1.583s
2026-05-25 22:27:51.586 | INFO     | utils.ConnectHandler_server:send:28 - sending data (19699823 bytes) to client#2...
2026-05-25 22:27:53.211 | INFO     | utils.ConnectHandler_server:send:34 - sending data (19699823 bytes) to client#2 completely
2026-05-25 22:27:53.211 | INFO     | __main__:<module>:418 - 2026-05-25 22:27:53 SEND round=34 token=1 cid=2 payload_mb=18.787 duration=1.636s
2026-05-25 22:29:23.808 | INFO     | utils.ConnectHandler_server:receive:71 - 19696947bytes data to be received from client#2

  0%|          | 0/19696947 [00:00<?, ?iteration/s]
  6%|▌         | 1164192/19696947 [00:00<00:01, 11627543.25iteration/s]
 12%|█▏        | 2341416/19696947 [00:00<00:01, 11708469.92iteration/s]
 18%|█▊        | 3518640/19696947 [00:00<00:01, 11734502.80iteration/s]
 24%|██▍       | 4694416/19696947 [00:00<00:01, 11732172.18iteration/s]
 30%|██▉       | 5874536/19696947 [00:00<00:01, 11743165.72iteration/s]
 36%|███▌      | 7053208/19696947 [00:00<00:01, 11745568.50iteration/s]
 42%|████▏     | 8233328/19696947 [00:00<00:00, 11754125.58iteration/s]
 48%|████▊     | 9414896/19696947 [00:00<00:00, 11760334.33iteration/s]
 54%|█████▍    | 10595016/19696947 [00:00<00:00, 11758611.85iteration/s]
 60%|█████▉    | 11780928/19696947 [00:01<00:00, 11761002.80iteration/s]
 66%|██████▌   | 12961048/19696947 [00:01<00:00, 11758157.38iteration/s]
 72%|███████▏  | 14145512/19696947 [00:01<00:00, 11750124.42iteration/s]
 78%|███████▊  | 15334320/19696947 [00:01<00:00, 11757858.69iteration/s]
 84%|████████▍ | 16512992/19696947 [00:01<00:00, 11745503.39iteration/s]
 90%|████████▉ | 17703248/19696947 [00:01<00:00, 11755024.26iteration/s]
 96%|█████████▌| 18879024/19696947 [00:01<00:00, 11749808.89iteration/s]2026-05-25 22:29:25.486 | INFO     | utils.ConnectHandler_server:receive:80 - receive completed

100%|██████████| 19696947/19696947 [00:01<00:00, 11684271.25iteration/s]
2026-05-25 22:29:25.516 | INFO     | __main__:<module>:438 - 2026-05-25 22:29:25 RECV round=34 token=1 cid=2 train_duration=89.80353856086731 battery=143726.30J
2026-05-25 22:29:25.516 | INFO     | utils.ConnectHandler_server:send:28 - sending data (59 bytes) to client#2...
2026-05-25 22:29:25.516 | INFO     | utils.ConnectHandler_server:send:34 - sending data (59 bytes) to client#2 completely
2026-05-25 22:29:42.744 | INFO     | utils.ConnectHandler_server:receive:71 - 19696967bytes data to be received from client#1

  0%|          | 0/19696967 [00:00<?, ?iteration/s]
  6%|▌         | 1167088/19696967 [00:00<00:01, 11659299.38iteration/s]
 12%|█▏        | 2342864/19696967 [00:00<00:01, 11713604.05iteration/s]
 18%|█▊        | 3520088/19696967 [00:00<00:01, 11734639.35iteration/s]
 24%|██▍       | 4695864/19696967 [00:00<00:01, 11741977.20iteration/s]
 30%|██▉       | 5874536/19696967 [00:00<00:01, 11744422.78iteration/s]
 36%|███▌      | 7054656/19696967 [00:00<00:01, 11751606.04iteration/s]
 42%|████▏     | 8231880/19696967 [00:00<00:00, 11754439.29iteration/s]
 48%|████▊     | 9412000/19696967 [00:00<00:00, 11755631.55iteration/s]
 54%|█████▍    | 10592120/19696967 [00:00<00:00, 11755965.68iteration/s]
 60%|█████▉    | 11773688/19696967 [00:01<00:00, 11756835.72iteration/s]
 66%|██████▌   | 12958152/19696967 [00:01<00:00, 11763652.53iteration/s]
 72%|███████▏  | 14138272/19696967 [00:01<00:00, 11762761.37iteration/s]
 78%|███████▊  | 15315496/19696967 [00:01<00:00, 11756406.58iteration/s]
 84%|████████▍ | 16497064/19696967 [00:01<00:00, 11756525.34iteration/s]
 90%|████████▉ | 17687320/19696967 [00:01<00:00, 11766728.29iteration/s]
 96%|█████████▌| 18864544/19696967 [00:01<00:00, 11765919.87iteration/s]2026-05-25 22:29:44.422 | INFO     | utils.ConnectHandler_server:receive:80 - receive completed

100%|██████████| 19696967/19696967 [00:01<00:00, 11684208.76iteration/s]
2026-05-25 22:29:44.443 | INFO     | __main__:<module>:438 - 2026-05-25 22:29:44 RECV round=34 token=0 cid=1 train_duration=110.113046169281 battery=137679.28J
2026-05-25 22:29:44.443 | INFO     | utils.ConnectHandler_server:send:28 - sending data (59 bytes) to client#1...
2026-05-25 22:29:44.443 | INFO     | utils.ConnectHandler_server:send:34 - sending data (59 bytes) to client#1 completely
2026-05-25 22:29:47.151 | INFO     | __main__:<module>:552 - 2026-05-25 22:29:47 ROUND=34 end avg_acc=28.6250 best_acc=38.0900 duration=117.13s comm_mb=75.138 locations_after=[3, 7] checkpoint=logs_real/mmdfl_real_server/checkpoints/dfl_mm_seed1/checkpoint.pt
2026-05-25 22:29:47.151 | INFO     | __main__:<module>:374 - 2026-05-25 22:29:47 ROUND=35 start token_locations=[3, 7] active_clients=[0, 1, 2, 3, 4, 5, 6, 7, 8, 9]
2026-05-25 22:29:47.176 | INFO     | utils.ConnectHandler_server:send:28 - sending data (19699828 bytes) to client#3...
2026-05-25 22:29:48.705 | INFO     | utils.ConnectHandler_server:send:34 - sending data (19699828 bytes) to client#3 completely
2026-05-25 22:29:48.705 | INFO     | __main__:<module>:418 - 2026-05-25 22:29:48 SEND round=35 token=0 cid=3 payload_mb=18.787 duration=1.544s
2026-05-25 22:29:48.726 | INFO     | utils.ConnectHandler_server:send:28 - sending data (19729794 bytes) to client#7...
2026-05-25 22:29:50.470 | INFO     | utils.ConnectHandler_server:send:34 - sending data (19729794 bytes) to client#7 completely
2026-05-25 22:29:50.470 | INFO     | __main__:<module>:418 - 2026-05-25 22:29:50 SEND round=35 token=1 cid=7 payload_mb=18.816 duration=1.755s
2026-05-25 22:31:15.330 | INFO     | utils.ConnectHandler_server:receive:71 - 19696943bytes data to be received from client#3

  0%|          | 0/19696943 [00:00<?, ?iteration/s]
  6%|▌         | 1177224/19696943 [00:00<00:01, 11757562.33iteration/s]
 12%|█▏        | 2354448/19696943 [00:00<00:01, 11709717.81iteration/s]
 18%|█▊        | 3531672/19696943 [00:00<00:01, 11735208.38iteration/s]
 24%|██▍       | 4708896/19696943 [00:00<00:01, 11745435.01iteration/s]
 30%|██▉       | 5887568/19696943 [00:00<00:01, 11744263.80iteration/s]
 36%|███▌      | 7067688/19696943 [00:00<00:01, 11755951.83iteration/s]
 42%|████▏     | 8243464/19696943 [00:00<00:00, 11747313.29iteration/s]
 48%|████▊     | 9427928/19696943 [00:00<00:00, 11758291.22iteration/s]
 54%|█████▍    | 10610944/19696943 [00:00<00:00, 11753755.31iteration/s]
 60%|█████▉    | 11791064/19696943 [00:01<00:00, 11755327.01iteration/s]
 66%|██████▌   | 12969736/19696943 [00:01<00:00, 11760511.93iteration/s]
 72%|███████▏  | 14146960/19696943 [00:01<00:00, 11758773.92iteration/s]
 78%|███████▊  | 15325632/19696943 [00:01<00:00, 11760741.24iteration/s]
 84%|████████▍ | 16511544/19696943 [00:01<00:00, 11756045.24iteration/s]
 90%|████████▉ | 17696008/19696943 [00:01<00:00, 11762848.81iteration/s]
 96%|█████████▌| 18877576/19696943 [00:01<00:00, 11764480.63iteration/s]2026-05-25 22:31:17.007 | INFO     | utils.ConnectHandler_server:receive:80 - receive completed

100%|██████████| 19696943/19696943 [00:01<00:00, 11685891.87iteration/s]
2026-05-25 22:31:17.037 | INFO     | __main__:<module>:438 - 2026-05-25 22:31:17 RECV round=35 token=0 cid=3 train_duration=85.73091578483582 battery=144135.57J
2026-05-25 22:31:17.038 | INFO     | utils.ConnectHandler_server:send:28 - sending data (59 bytes) to client#3...
2026-05-25 22:31:17.038 | INFO     | utils.ConnectHandler_server:send:34 - sending data (59 bytes) to client#3 completely
2026-05-25 22:31:36.252 | INFO     | utils.ConnectHandler_server:receive:71 - 19697437bytes data to be received from client#7

  0%|          | 0/19697437 [00:00<?, ?iteration/s]
  6%|▌         | 1167088/19697437 [00:00<00:01, 11644599.65iteration/s]
 12%|█▏        | 2334176/19697437 [00:00<00:01, 11656131.15iteration/s]
 18%|█▊        | 3501264/19697437 [00:00<00:01, 11661381.89iteration/s]
 24%|██▎       | 4671248/19697437 [00:00<00:01, 11661279.35iteration/s]
 30%|██▉       | 5841232/19697437 [00:00<00:01, 11653576.02iteration/s]
 36%|███▌      | 7014112/19697437 [00:00<00:01, 11679039.19iteration/s]
 42%|████▏     | 8195680/19697437 [00:00<00:00, 11704466.82iteration/s]
 48%|████▊     | 9378696/19697437 [00:00<00:00, 11722737.61iteration/s]
 54%|█████▎    | 10554472/19697437 [00:00<00:00, 11727688.81iteration/s]
 60%|█████▉    | 11734592/19697437 [00:01<00:00, 11741489.36iteration/s]
 66%|██████▌   | 12910368/19697437 [00:01<00:00, 11731606.22iteration/s]
 72%|███████▏  | 14091936/19697437 [00:01<00:00, 11736591.06iteration/s]
 78%|███████▊  | 15277848/19697437 [00:01<00:00, 11739930.63iteration/s]
 84%|████████▎ | 16453624/19697437 [00:01<00:00, 11733935.63iteration/s]
 90%|████████▉ | 17635192/19697437 [00:01<00:00, 11741054.41iteration/s]
 95%|█████████▌| 18809520/19697437 [00:01<00:00, 11736059.94iteration/s]2026-05-25 22:31:37.934 | INFO     | utils.ConnectHandler_server:receive:80 - receive completed

100%|██████████| 19697437/19697437 [00:01<00:00, 11652795.57iteration/s]
2026-05-25 22:31:37.954 | INFO     | __main__:<module>:438 - 2026-05-25 22:31:37 RECV round=35 token=1 cid=7 train_duration=105.30742716789246 battery=137006.99J
2026-05-25 22:31:37.954 | INFO     | utils.ConnectHandler_server:send:28 - sending data (59 bytes) to client#7...
2026-05-25 22:31:37.954 | INFO     | utils.ConnectHandler_server:send:34 - sending data (59 bytes) to client#7 completely
2026-05-25 22:31:40.663 | INFO     | __main__:<module>:552 - 2026-05-25 22:31:40 ROUND=35 end avg_acc=31.9950 best_acc=38.0900 duration=113.45s comm_mb=75.167 locations_after=[4, 8] checkpoint=logs_real/mmdfl_real_server/checkpoints/dfl_mm_seed1/checkpoint.pt
2026-05-25 22:31:40.663 | INFO     | __main__:<module>:374 - 2026-05-25 22:31:40 ROUND=36 start token_locations=[4, 8] active_clients=[0, 1, 2, 3, 4, 5, 6, 7, 8, 9]
2026-05-25 22:31:40.683 | INFO     | utils.ConnectHandler_server:send:28 - sending data (19699828 bytes) to client#4...
2026-05-25 22:31:42.204 | INFO     | utils.ConnectHandler_server:send:34 - sending data (19699828 bytes) to client#4 completely
2026-05-25 22:31:42.205 | INFO     | __main__:<module>:418 - 2026-05-25 22:31:42 SEND round=36 token=0 cid=4 payload_mb=18.787 duration=1.532s
2026-05-25 22:31:42.226 | INFO     | utils.ConnectHandler_server:send:28 - sending data (19735891 bytes) to client#8...
2026-05-25 22:31:43.978 | INFO     | utils.ConnectHandler_server:send:34 - sending data (19735891 bytes) to client#8 completely
2026-05-25 22:31:43.978 | INFO     | __main__:<module>:418 - 2026-05-25 22:31:43 SEND round=36 token=1 cid=8 payload_mb=18.822 duration=1.763s
2026-05-25 22:33:09.119 | INFO     | utils.ConnectHandler_server:receive:71 - 19696945bytes data to be received from client#4

  0%|          | 0/19696945 [00:00<?, ?iteration/s]
  6%|▌         | 1168536/19696945 [00:00<00:01, 11680469.82iteration/s]
 12%|█▏        | 2345760/19696945 [00:00<00:01, 11729860.60iteration/s]
 18%|█▊        | 3522984/19696945 [00:00<00:01, 11747459.55iteration/s]
 24%|██▍       | 4701656/19696945 [00:00<00:01, 11746533.97iteration/s]
 30%|██▉       | 5878880/19696945 [00:00<00:01, 11746859.36iteration/s]
 36%|███▌      | 7059000/19696945 [00:00<00:01, 11758633.44iteration/s]
 42%|████▏     | 8236224/19696945 [00:00<00:00, 11752558.12iteration/s]
 48%|████▊     | 9419240/19696945 [00:00<00:00, 11754095.13iteration/s]
 54%|█████▍    | 10595016/19696945 [00:00<00:00, 11753249.00iteration/s]
 60%|█████▉    | 11780928/19696945 [00:01<00:00, 11760475.09iteration/s]
 66%|██████▌   | 12963944/19696945 [00:01<00:00, 11748916.64iteration/s]
 72%|███████▏  | 14148408/19696945 [00:01<00:00, 11752717.26iteration/s]
 78%|███████▊  | 15327080/19696945 [00:01<00:00, 11758166.39iteration/s]
 84%|████████▍ | 16511544/19696945 [00:01<00:00, 11744093.74iteration/s]
 90%|████████▉ | 17700352/19696945 [00:01<00:00, 11747918.16iteration/s]
 96%|█████████▌| 18880472/19696945 [00:01<00:00, 11753578.20iteration/s]2026-05-25 22:33:10.797 | INFO     | utils.ConnectHandler_server:receive:80 - receive completed

100%|██████████| 19696945/19696945 [00:01<00:00, 11685147.62iteration/s]
2026-05-25 22:33:10.827 | INFO     | __main__:<module>:438 - 2026-05-25 22:33:10 RECV round=36 token=0 cid=4 train_duration=85.9616231918335 battery=144065.09J
2026-05-25 22:33:10.827 | INFO     | utils.ConnectHandler_server:send:28 - sending data (59 bytes) to client#4...
2026-05-25 22:33:10.827 | INFO     | utils.ConnectHandler_server:send:34 - sending data (59 bytes) to client#4 completely
2026-05-25 22:35:29.421 | INFO     | utils.ConnectHandler_server:receive:71 - 19697437bytes data to be received from client#8

  0%|          | 0/19697437 [00:00<?, ?iteration/s]
  6%|▌         | 1158400/19697437 [00:00<00:01, 11563224.10iteration/s]
 12%|█▏        | 2324040/19697437 [00:00<00:01, 11617918.04iteration/s]
 18%|█▊        | 3489680/19697437 [00:00<00:01, 11633525.36iteration/s]
 24%|██▎       | 4653872/19697437 [00:00<00:01, 11631512.80iteration/s]
 30%|██▉       | 5825304/19697437 [00:00<00:01, 11658627.29iteration/s]
 36%|███▌      | 7002528/19697437 [00:00<00:01, 11685112.44iteration/s]
 42%|████▏     | 8182648/19697437 [00:00<00:00, 11711620.65iteration/s]
 48%|████▊     | 9359872/19697437 [00:00<00:00, 11726754.09iteration/s]
 54%|█████▎    | 10539992/19697437 [00:00<00:00, 11734784.92iteration/s]
 59%|█████▉    | 11717216/19697437 [00:01<00:00, 11736940.02iteration/s]
 65%|██████▌   | 12892992/19697437 [00:01<00:00, 11730666.63iteration/s]
 71%|███████▏  | 14070216/19697437 [00:01<00:00, 11737828.91iteration/s]
 77%|███████▋  | 15245992/19697437 [00:01<00:00, 11727869.30iteration/s]
 83%|████████▎ | 16424664/19697437 [00:01<00:00, 11727777.67iteration/s]
 89%|████████▉ | 17601888/19697437 [00:01<00:00, 11724055.01iteration/s]
 95%|█████████▌| 18774768/19697437 [00:01<00:00, 11725272.84iteration/s]2026-05-25 22:35:31.105 | INFO     | utils.ConnectHandler_server:receive:80 - receive completed

100%|██████████| 19697437/19697437 [00:01<00:00, 11641328.11iteration/s]
2026-05-25 22:35:31.125 | INFO     | __main__:<module>:438 - 2026-05-25 22:35:31 RECV round=36 token=1 cid=8 train_duration=224.7957365512848 battery=132517.21J
2026-05-25 22:35:31.125 | INFO     | utils.ConnectHandler_server:send:28 - sending data (59 bytes) to client#8...
2026-05-25 22:35:31.125 | INFO     | utils.ConnectHandler_server:send:34 - sending data (59 bytes) to client#8 completely
2026-05-25 22:35:33.827 | INFO     | __main__:<module>:552 - 2026-05-25 22:35:33 ROUND=36 end avg_acc=37.4100 best_acc=38.0900 duration=233.11s comm_mb=75.172 locations_after=[9, 9] checkpoint=logs_real/mmdfl_real_server/checkpoints/dfl_mm_seed1/checkpoint.pt
2026-05-25 22:35:33.841 | INFO     | __main__:aggregate_collided_tokens:132 - 2026-05-25 22:35:33 AGG_COLLISION cid=9 tokens=[0, 1]
2026-05-25 22:35:33.841 | INFO     | __main__:<module>:372 - 2026-05-25 22:35:33 PRE_SEND_RELOCATE round=37 {'token_id': 1, 'src': 9, 'dst': 7, 'reason': 'duplicate_or_inactive_location'}
2026-05-25 22:35:33.841 | INFO     | __main__:<module>:374 - 2026-05-25 22:35:33 ROUND=37 start token_locations=[9, 7] active_clients=[0, 1, 2, 3, 4, 5, 6, 7, 8, 9]
2026-05-25 22:35:33.862 | INFO     | utils.ConnectHandler_server:send:28 - sending data (19723706 bytes) to client#9...
2026-05-25 22:35:35.451 | INFO     | utils.ConnectHandler_server:send:34 - sending data (19723706 bytes) to client#9 completely
2026-05-25 22:35:35.452 | INFO     | __main__:<module>:418 - 2026-05-25 22:35:35 SEND round=37 token=0 cid=9 payload_mb=18.810 duration=1.600s
2026-05-25 22:35:35.472 | INFO     | utils.ConnectHandler_server:send:28 - sending data (19729794 bytes) to client#7...
2026-05-25 22:35:37.158 | INFO     | utils.ConnectHandler_server:send:34 - sending data (19729794 bytes) to client#7 completely
2026-05-25 22:35:37.158 | INFO     | __main__:<module>:418 - 2026-05-25 22:35:37 SEND round=37 token=1 cid=7 payload_mb=18.816 duration=1.696s
2026-05-25 22:37:24.973 | INFO     | utils.ConnectHandler_server:receive:71 - 19694250bytes data to be received from client#9

  0%|          | 0/19694250 [00:00<?, ?iteration/s]
  6%|▌         | 1179276/19694250 [00:00<00:01, 11775000.52iteration/s]
 12%|█▏        | 2358552/19694250 [00:00<00:01, 11757120.52iteration/s]
 18%|█▊        | 3535000/19694250 [00:00<00:01, 11749383.33iteration/s]
 24%|██▍       | 4712862/19694250 [00:00<00:01, 11749704.26iteration/s]
 30%|██▉       | 5890724/19694250 [00:00<00:01, 11743063.55iteration/s]
 36%|███▌      | 7065758/19694250 [00:00<00:01, 11736051.53iteration/s]
 42%|████▏     | 8247862/19694250 [00:00<00:00, 11748039.60iteration/s]
 48%|████▊     | 9427138/19694250 [00:00<00:00, 11743207.50iteration/s]
 54%|█████▍    | 10603586/19694250 [00:00<00:00, 11746935.73iteration/s]
 60%|█████▉    | 11782862/19694250 [00:01<00:00, 11739894.83iteration/s]
 66%|██████▌   | 12959310/19694250 [00:01<00:00, 11745419.67iteration/s]
 72%|███████▏  | 14138586/19694250 [00:01<00:00, 11744833.16iteration/s]
 78%|███████▊  | 15327760/19694250 [00:01<00:00, 11749107.31iteration/s]
 84%|████████▍ | 16512692/19694250 [00:01<00:00, 11736032.68iteration/s]
 90%|████████▉ | 17694796/19694250 [00:01<00:00, 11740675.96iteration/s]
 96%|█████████▌| 18882556/19694250 [00:01<00:00, 11738420.23iteration/s]2026-05-25 22:37:26.651 | INFO     | utils.ConnectHandler_server:receive:80 - receive completed

100%|██████████| 19694250/19694250 [00:01<00:00, 11675927.35iteration/s]
2026-05-25 22:37:26.670 | INFO     | __main__:<module>:438 - 2026-05-25 22:37:26 RECV round=37 token=0 cid=9 train_duration=109.02255725860596 battery=136817.83J
2026-05-25 22:37:26.670 | INFO     | utils.ConnectHandler_server:send:28 - sending data (59 bytes) to client#9...
2026-05-25 22:37:26.670 | INFO     | utils.ConnectHandler_server:send:34 - sending data (59 bytes) to client#9 completely
2026-05-25 22:37:49.413 | INFO     | utils.ConnectHandler_server:receive:71 - 19697437bytes data to be received from client#7

  0%|          | 0/19697437 [00:00<?, ?iteration/s]
  6%|▌         | 1164192/19697437 [00:00<00:01, 11631642.52iteration/s]
 12%|█▏        | 2329832/19697437 [00:00<00:01, 11639940.62iteration/s]
 18%|█▊        | 3496920/19697437 [00:00<00:01, 11645778.73iteration/s]
 24%|██▎       | 4662560/19697437 [00:00<00:01, 11636390.73iteration/s]
 30%|██▉       | 5831096/19697437 [00:00<00:01, 11649910.41iteration/s]
 36%|███▌      | 7006872/19697437 [00:00<00:01, 11684851.55iteration/s]
 42%|████▏     | 8188440/19697437 [00:00<00:00, 11707441.22iteration/s]
 48%|████▊     | 9368560/19697437 [00:00<00:00, 11723011.98iteration/s]
 54%|█████▎    | 10548680/19697437 [00:00<00:00, 11724585.85iteration/s]
 60%|█████▉    | 11728800/19697437 [00:01<00:00, 11727061.39iteration/s]
 66%|██████▌   | 12914712/19697437 [00:01<00:00, 11738485.97iteration/s]
 72%|███████▏  | 14091936/19697437 [00:01<00:00, 11729988.93iteration/s]
 78%|███████▊  | 15272056/19697437 [00:01<00:00, 11738998.75iteration/s]
 84%|████████▎ | 16447832/19697437 [00:01<00:00, 11732600.19iteration/s]
 90%|████████▉ | 17630848/19697437 [00:01<00:00, 11734848.39iteration/s]
 95%|█████████▌| 18808072/19697437 [00:01<00:00, 11728196.04iteration/s]2026-05-25 22:37:51.096 | INFO     | utils.ConnectHandler_server:receive:80 - receive completed

100%|██████████| 19697437/19697437 [00:01<00:00, 11647556.55iteration/s]
2026-05-25 22:37:51.114 | INFO     | __main__:<module>:438 - 2026-05-25 22:37:51 RECV round=37 token=1 cid=7 train_duration=131.81537079811096 battery=134978.26J
2026-05-25 22:37:51.114 | INFO     | utils.ConnectHandler_server:send:28 - sending data (59 bytes) to client#7...
2026-05-25 22:37:51.114 | INFO     | utils.ConnectHandler_server:send:34 - sending data (59 bytes) to client#7 completely
2026-05-25 22:37:53.873 | INFO     | __main__:<module>:552 - 2026-05-25 22:37:53 ROUND=37 end avg_acc=36.9400 best_acc=38.0900 duration=139.99s comm_mb=75.189 locations_after=[8, 6] checkpoint=logs_real/mmdfl_real_server/checkpoints/dfl_mm_seed1/checkpoint.pt
2026-05-25 22:37:53.873 | INFO     | __main__:<module>:374 - 2026-05-25 22:37:53 ROUND=38 start token_locations=[8, 6] active_clients=[0, 1, 2, 3, 4, 5, 6, 7, 8, 9]
2026-05-25 22:37:53.894 | INFO     | utils.ConnectHandler_server:send:28 - sending data (19735891 bytes) to client#8...
2026-05-25 22:37:55.463 | INFO     | utils.ConnectHandler_server:send:34 - sending data (19735891 bytes) to client#8 completely
2026-05-25 22:37:55.463 | INFO     | __main__:<module>:418 - 2026-05-25 22:37:55 SEND round=38 token=0 cid=8 payload_mb=18.822 duration=1.579s
2026-05-25 22:37:55.484 | INFO     | utils.ConnectHandler_server:send:28 - sending data (19699823 bytes) to client#6...
2026-05-25 22:37:57.210 | INFO     | utils.ConnectHandler_server:send:34 - sending data (19699823 bytes) to client#6 completely
2026-05-25 22:37:57.210 | INFO     | __main__:<module>:418 - 2026-05-25 22:37:57 SEND round=38 token=1 cid=6 payload_mb=18.787 duration=1.737s
2026-05-25 22:39:27.483 | INFO     | utils.ConnectHandler_server:receive:71 - 19696969bytes data to be received from client#6

  0%|          | 0/19696969 [00:00<?, ?iteration/s]
  6%|▌         | 1143920/19696969 [00:00<00:01, 11431797.40iteration/s]
 12%|█▏        | 2322592/19696969 [00:00<00:01, 11626246.57iteration/s]
 18%|█▊        | 3499816/19696969 [00:00<00:01, 11692683.16iteration/s]
 24%|██▎       | 4677040/19696969 [00:00<00:01, 11713269.78iteration/s]
 30%|██▉       | 5854264/19696969 [00:00<00:01, 11722587.34iteration/s]
 36%|███▌      | 7032936/19696969 [00:00<00:01, 11740015.44iteration/s]
 42%|████▏     | 8211608/19696969 [00:00<00:00, 11749361.52iteration/s]
 48%|████▊     | 9393176/19696969 [00:00<00:00, 11752660.07iteration/s]
 54%|█████▎    | 10576192/19696969 [00:00<00:00, 11753543.44iteration/s]
 60%|█████▉    | 11754864/19696969 [00:01<00:00, 11756547.12iteration/s]
 66%|██████▌   | 12936432/19696969 [00:01<00:00, 11753343.52iteration/s]
 72%|███████▏  | 14119448/19696969 [00:01<00:00, 11761261.53iteration/s]
 78%|███████▊  | 15308256/19696969 [00:01<00:00, 11760113.46iteration/s]
 84%|████████▎ | 16495616/19696969 [00:01<00:00, 11754961.38iteration/s]
 90%|████████▉ | 17684424/19696969 [00:01<00:00, 11760425.76iteration/s]
 96%|█████████▌| 18868888/19696969 [00:01<00:00, 11744863.21iteration/s]2026-05-25 22:39:29.162 | INFO     | utils.ConnectHandler_server:receive:80 - receive completed

100%|██████████| 19696969/19696969 [00:01<00:00, 11672159.19iteration/s]
2026-05-25 22:39:29.181 | INFO     | __main__:<module>:438 - 2026-05-25 22:39:29 RECV round=38 token=1 cid=6 train_duration=89.63706469535828 battery=145361.64J
2026-05-25 22:39:29.181 | INFO     | utils.ConnectHandler_server:send:28 - sending data (59 bytes) to client#6...
2026-05-25 22:39:29.181 | INFO     | utils.ConnectHandler_server:send:34 - sending data (59 bytes) to client#6 completely
2026-05-25 22:41:41.463 | INFO     | utils.ConnectHandler_server:receive:71 - 19697437bytes data to be received from client#8

  0%|          | 0/19697437 [00:00<?, ?iteration/s]
  6%|▌         | 1161296/19697437 [00:00<00:01, 11590752.91iteration/s]
 12%|█▏        | 2331280/19697437 [00:00<00:01, 11640457.54iteration/s]
 18%|█▊        | 3501264/19697437 [00:00<00:01, 11665683.19iteration/s]
 24%|██▎       | 4668352/19697437 [00:00<00:01, 11659743.18iteration/s]
 30%|██▉       | 5836888/19697437 [00:00<00:01, 11664147.08iteration/s]
 36%|███▌      | 7006872/19697437 [00:00<00:01, 11668630.28iteration/s]
 41%|████▏     | 8173960/19697437 [00:00<00:00, 11662766.68iteration/s]
 47%|████▋     | 9346840/19697437 [00:00<00:00, 11672918.79iteration/s]
 53%|█████▎    | 10518272/19697437 [00:00<00:00, 11679683.49iteration/s]
 59%|█████▉    | 11692600/19697437 [00:01<00:00, 11687824.96iteration/s]
 65%|██████▌   | 12868376/19697437 [00:01<00:00, 11681743.48iteration/s]
 71%|███████▏  | 14049944/19697437 [00:01<00:00, 11712620.45iteration/s]
 77%|███████▋  | 15225720/19697437 [00:01<00:00, 11717357.98iteration/s]
 83%|████████▎ | 16411632/19697437 [00:01<00:00, 11731348.56iteration/s]
 89%|████████▉ | 17594648/19697437 [00:01<00:00, 11740275.43iteration/s]
 95%|█████████▌| 18786352/19697437 [00:01<00:00, 11751698.63iteration/s]2026-05-25 22:41:43.148 | INFO     | utils.ConnectHandler_server:receive:80 - receive completed

100%|██████████| 19697437/19697437 [00:01<00:00, 11638020.47iteration/s]
2026-05-25 22:41:43.165 | INFO     | __main__:<module>:438 - 2026-05-25 22:41:43 RECV round=38 token=0 cid=8 train_duration=225.2328643798828 battery=129050.72J
2026-05-25 22:41:43.165 | INFO     | utils.ConnectHandler_server:send:28 - sending data (59 bytes) to client#8...
2026-05-25 22:41:43.165 | INFO     | utils.ConnectHandler_server:send:34 - sending data (59 bytes) to client#8 completely
2026-05-25 22:41:45.936 | INFO     | __main__:<module>:552 - 2026-05-25 22:41:45 ROUND=38 end avg_acc=34.0350 best_acc=38.0900 duration=232.01s comm_mb=75.172 locations_after=[7, 5] checkpoint=logs_real/mmdfl_real_server/checkpoints/dfl_mm_seed1/checkpoint.pt
2026-05-25 22:41:45.936 | INFO     | __main__:<module>:374 - 2026-05-25 22:41:45 ROUND=39 start token_locations=[7, 5] active_clients=[0, 1, 2, 3, 4, 5, 6, 7, 8, 9]
2026-05-25 22:41:45.955 | INFO     | utils.ConnectHandler_server:send:28 - sending data (19729794 bytes) to client#7...
2026-05-25 22:41:47.553 | INFO     | utils.ConnectHandler_server:send:34 - sending data (19729794 bytes) to client#7 completely
2026-05-25 22:41:47.553 | INFO     | __main__:<module>:418 - 2026-05-25 22:41:47 SEND round=39 token=0 cid=7 payload_mb=18.816 duration=1.608s
2026-05-25 22:41:47.572 | INFO     | utils.ConnectHandler_server:send:28 - sending data (19699823 bytes) to client#5...
2026-05-25 22:41:49.246 | INFO     | utils.ConnectHandler_server:send:34 - sending data (19699823 bytes) to client#5 completely
2026-05-25 22:41:49.246 | INFO     | __main__:<module>:418 - 2026-05-25 22:41:49 SEND round=39 token=1 cid=5 payload_mb=18.787 duration=1.684s
2026-05-25 22:43:53.938 | INFO     | utils.ConnectHandler_server:receive:71 - 19697437bytes data to be received from client#7

  0%|          | 0/19697437 [00:00<?, ?iteration/s]
  6%|▌         | 1167088/19697437 [00:00<00:01, 11658632.93iteration/s]
 12%|█▏        | 2335624/19697437 [00:00<00:01, 11654895.34iteration/s]
 18%|█▊        | 3502712/19697437 [00:00<00:01, 11658641.20iteration/s]
 24%|██▎       | 4671248/19697437 [00:00<00:01, 11663689.25iteration/s]
 30%|██▉       | 5848472/19697437 [00:00<00:01, 11685949.29iteration/s]
 36%|███▌      | 7021352/19697437 [00:00<00:01, 11691103.76iteration/s]
 42%|████▏     | 8198576/19697437 [00:00<00:00, 11709253.38iteration/s]
 48%|████▊     | 9375800/19697437 [00:00<00:00, 11724195.57iteration/s]
 54%|█████▎    | 10555920/19697437 [00:00<00:00, 11731482.41iteration/s]
 60%|█████▉    | 11733144/19697437 [00:01<00:00, 11738396.00iteration/s]
 66%|██████▌   | 12916160/19697437 [00:01<00:00, 11736820.31iteration/s]
 72%|███████▏  | 14096280/19697437 [00:01<00:00, 11732890.58iteration/s]
 78%|███████▊  | 15277848/19697437 [00:01<00:00, 11738615.22iteration/s]
 84%|████████▎ | 16456520/19697437 [00:01<00:00, 11737313.20iteration/s]
 90%|████████▉ | 17639536/19697437 [00:01<00:00, 11743541.50iteration/s]
 96%|█████████▌| 18825448/19697437 [00:01<00:00, 11738724.42iteration/s]2026-05-25 22:43:55.620 | INFO     | utils.ConnectHandler_server:receive:80 - receive completed

100%|██████████| 19697437/19697437 [00:01<00:00, 11653905.09iteration/s]
2026-05-25 22:43:55.638 | INFO     | __main__:<module>:438 - 2026-05-25 22:43:55 RECV round=39 token=0 cid=7 train_duration=125.8677909374237 battery=133041.07J
2026-05-25 22:43:55.638 | INFO     | utils.ConnectHandler_server:send:28 - sending data (59 bytes) to client#7...
2026-05-25 22:43:55.638 | INFO     | utils.ConnectHandler_server:send:34 - sending data (59 bytes) to client#7 completely
2026-05-25 22:44:33.388 | INFO     | utils.ConnectHandler_server:receive:71 - 19696973bytes data to be received from client#5

  0%|          | 0/19696973 [00:00<?, ?iteration/s]
  6%|▌         | 1174328/19696973 [00:00<00:01, 11723892.54iteration/s]
 12%|█▏        | 2347208/19696973 [00:00<00:01, 11721625.51iteration/s]
 18%|█▊        | 3524432/19696973 [00:00<00:01, 11736785.44iteration/s]
 24%|██▍       | 4700208/19696973 [00:00<00:01, 11743926.27iteration/s]
 30%|██▉       | 5880328/19696973 [00:00<00:01, 11753694.77iteration/s]
 36%|███▌      | 7060448/19696973 [00:00<00:01, 11749434.29iteration/s]
 42%|████▏     | 8240568/19696973 [00:00<00:00, 11755474.13iteration/s]
 48%|████▊     | 9417792/19696973 [00:00<00:00, 11759522.27iteration/s]
 54%|█████▍    | 10595016/19696973 [00:00<00:00, 11752937.38iteration/s]
 60%|█████▉    | 11780928/19696973 [00:01<00:00, 11760209.44iteration/s]
 66%|██████▌   | 12961048/19696973 [00:01<00:00, 11757699.17iteration/s]
 72%|███████▏  | 14145512/19696973 [00:01<00:00, 11764490.29iteration/s]
 78%|███████▊  | 15322736/19696973 [00:01<00:00, 11752295.81iteration/s]
 84%|████████▍ | 16502856/19696973 [00:01<00:00, 11757242.76iteration/s]
 90%|████████▉ | 17690216/19696973 [00:01<00:00, 11761296.91iteration/s]
 96%|█████████▌| 18868888/19696973 [00:01<00:00, 11757869.49iteration/s]2026-05-25 22:44:35.065 | INFO     | utils.ConnectHandler_server:receive:80 - receive completed

100%|██████████| 19696973/19696973 [00:01<00:00, 11690860.77iteration/s]
2026-05-25 22:44:35.083 | INFO     | __main__:<module>:438 - 2026-05-25 22:44:35 RECV round=39 token=1 cid=5 train_duration=163.4791133403778 battery=138241.55J
2026-05-25 22:44:35.083 | INFO     | utils.ConnectHandler_server:send:28 - sending data (59 bytes) to client#5...
2026-05-25 22:44:35.083 | INFO     | utils.ConnectHandler_server:send:34 - sending data (59 bytes) to client#5 completely
2026-05-25 22:44:37.851 | INFO     | __main__:<module>:552 - 2026-05-25 22:44:37 ROUND=39 end avg_acc=28.1150 best_acc=38.0900 duration=171.86s comm_mb=75.167 locations_after=[4, 7] checkpoint=logs_real/mmdfl_real_server/checkpoints/dfl_mm_seed1/checkpoint.pt
2026-05-25 22:44:37.851 | INFO     | __main__:<module>:374 - 2026-05-25 22:44:37 ROUND=40 start token_locations=[4, 7] active_clients=[0, 1, 2, 3, 4, 5, 6, 7, 8, 9]
2026-05-25 22:44:37.872 | INFO     | utils.ConnectHandler_server:send:28 - sending data (19699828 bytes) to client#4...
2026-05-25 22:44:39.437 | INFO     | utils.ConnectHandler_server:send:34 - sending data (19699828 bytes) to client#4 completely
2026-05-25 22:44:39.437 | INFO     | __main__:<module>:418 - 2026-05-25 22:44:39 SEND round=40 token=0 cid=4 payload_mb=18.787 duration=1.576s
2026-05-25 22:44:39.458 | INFO     | utils.ConnectHandler_server:send:28 - sending data (19729794 bytes) to client#7...
2026-05-25 22:44:41.192 | INFO     | utils.ConnectHandler_server:send:34 - sending data (19729794 bytes) to client#7 completely
2026-05-25 22:44:41.192 | INFO     | __main__:<module>:418 - 2026-05-25 22:44:41 SEND round=40 token=1 cid=7 payload_mb=18.816 duration=1.745s
2026-05-25 22:46:06.559 | INFO     | utils.ConnectHandler_server:receive:71 - 19696955bytes data to be received from client#4

  0%|          | 0/19696955 [00:00<?, ?iteration/s]
  6%|▌         | 1175776/19696955 [00:00<00:01, 11731367.73iteration/s]
 12%|█▏        | 2351552/19696955 [00:00<00:01, 11738019.93iteration/s]
 18%|█▊        | 3528776/19696955 [00:00<00:01, 11747924.64iteration/s]
 24%|██▍       | 4707448/19696955 [00:00<00:01, 11734263.82iteration/s]
 30%|██▉       | 5884672/19696955 [00:00<00:01, 11735901.32iteration/s]
 36%|███▌      | 7061896/19696955 [00:00<00:01, 11742345.36iteration/s]
 42%|████▏     | 8239120/19696955 [00:00<00:00, 11750569.30iteration/s]
 48%|████▊     | 9416344/19696955 [00:00<00:00, 11753346.79iteration/s]
 54%|█████▍    | 10600808/19696955 [00:00<00:00, 11757602.01iteration/s]
 60%|█████▉    | 11786720/19696955 [00:01<00:00, 11762770.47iteration/s]
 66%|██████▌   | 12963944/19696955 [00:01<00:00, 11759649.32iteration/s]
 72%|███████▏  | 14149856/19696955 [00:01<00:00, 11762409.79iteration/s]
 78%|███████▊  | 15338664/19696955 [00:01<00:00, 11761123.86iteration/s]
 84%|████████▍ | 16518784/19696955 [00:01<00:00, 11760505.86iteration/s]
 90%|████████▉ | 17697456/19696955 [00:01<00:00, 11755992.77iteration/s]
 96%|█████████▌| 18887712/19696955 [00:01<00:00, 11757907.91iteration/s]2026-05-25 22:46:08.236 | INFO     | utils.ConnectHandler_server:receive:80 - receive completed

100%|██████████| 19696955/19696955 [00:01<00:00, 11690034.54iteration/s]
2026-05-25 22:46:08.254 | INFO     | __main__:<module>:438 - 2026-05-25 22:46:08 RECV round=40 token=0 cid=4 train_duration=86.23589777946472 battery=143329.45J
2026-05-25 22:46:08.255 | INFO     | utils.ConnectHandler_server:send:28 - sending data (59 bytes) to client#4...
2026-05-25 22:46:08.255 | INFO     | utils.ConnectHandler_server:send:34 - sending data (59 bytes) to client#4 completely
2026-05-25 22:46:35.152 | INFO     | utils.ConnectHandler_server:receive:71 - 19697437bytes data to be received from client#7

  0%|          | 0/19697437 [00:00<?, ?iteration/s]
  6%|▌         | 1167088/19697437 [00:00<00:01, 11658577.40iteration/s]
 12%|█▏        | 2337072/19697437 [00:00<00:01, 11658444.77iteration/s]
 18%|█▊        | 3504160/19697437 [00:00<00:01, 11653629.85iteration/s]
 24%|██▎       | 4674144/19697437 [00:00<00:01, 11663608.02iteration/s]
 30%|██▉       | 5849920/19697437 [00:00<00:01, 11691475.61iteration/s]
 36%|███▌      | 7024248/19697437 [00:00<00:01, 11698718.88iteration/s]
 42%|████▏     | 8201472/19697437 [00:00<00:00, 11713944.16iteration/s]
 48%|████▊     | 9380144/19697437 [00:00<00:00, 11722174.31iteration/s]
 54%|█████▎    | 10555920/19697437 [00:00<00:00, 11731082.21iteration/s]
 60%|█████▉    | 11738936/19697437 [00:01<00:00, 11737680.32iteration/s]
 66%|██████▌   | 12916160/19697437 [00:01<00:00, 11732512.42iteration/s]
 72%|███████▏  | 14096280/19697437 [00:01<00:00, 11733291.42iteration/s]
 78%|███████▊  | 15280744/19697437 [00:01<00:00, 11727083.81iteration/s]
 84%|████████▎ | 16459416/19697437 [00:01<00:00, 11731041.91iteration/s]
 90%|████████▉ | 17646776/19697437 [00:01<00:00, 11737960.42iteration/s]
 96%|█████████▌| 18832688/19697437 [00:01<00:00, 11732412.39iteration/s]2026-05-25 22:46:36.835 | INFO     | utils.ConnectHandler_server:receive:80 - receive completed

100%|██████████| 19697437/19697437 [00:01<00:00, 11648049.21iteration/s]
2026-05-25 22:46:36.854 | INFO     | __main__:<module>:438 - 2026-05-25 22:46:36 RECV round=40 token=1 cid=7 train_duration=113.53616952896118 battery=131293.67J
2026-05-25 22:46:36.854 | INFO     | utils.ConnectHandler_server:send:28 - sending data (59 bytes) to client#7...
2026-05-25 22:46:36.854 | INFO     | utils.ConnectHandler_server:send:34 - sending data (59 bytes) to client#7 completely
2026-05-25 22:46:39.633 | INFO     | __main__:<module>:552 - 2026-05-25 22:46:39 ROUND=40 end avg_acc=32.4750 best_acc=38.0900 duration=121.73s comm_mb=75.167 locations_after=[3, 8] checkpoint=logs_real/mmdfl_real_server/checkpoints/dfl_mm_seed1/checkpoint.pt
2026-05-25 22:46:39.633 | INFO     | __main__:<module>:374 - 2026-05-25 22:46:39 ROUND=41 start token_locations=[3, 8] active_clients=[0, 1, 2, 3, 4, 5, 6, 7, 8, 9]
2026-05-25 22:46:39.654 | INFO     | utils.ConnectHandler_server:send:28 - sending data (19699828 bytes) to client#3...
2026-05-25 22:46:41.202 | INFO     | utils.ConnectHandler_server:send:34 - sending data (19699828 bytes) to client#3 completely
2026-05-25 22:46:41.202 | INFO     | __main__:<module>:418 - 2026-05-25 22:46:41 SEND round=41 token=0 cid=3 payload_mb=18.787 duration=1.559s
2026-05-25 22:46:41.223 | INFO     | utils.ConnectHandler_server:send:28 - sending data (19735891 bytes) to client#8...
2026-05-25 22:46:42.866 | INFO     | utils.ConnectHandler_server:send:34 - sending data (19735891 bytes) to client#8 completely
2026-05-25 22:46:42.866 | INFO     | __main__:<module>:418 - 2026-05-25 22:46:42 SEND round=41 token=1 cid=8 payload_mb=18.822 duration=1.654s
2026-05-25 22:48:06.199 | INFO     | utils.ConnectHandler_server:receive:71 - 19696955bytes data to be received from client#3

  0%|          | 0/19696955 [00:00<?, ?iteration/s]
  6%|▌         | 1168536/19696955 [00:00<00:01, 11672374.94iteration/s]
 12%|█▏        | 2347208/19696955 [00:00<00:01, 11723310.02iteration/s]
 18%|█▊        | 3525880/19696955 [00:00<00:01, 11739332.53iteration/s]
 24%|██▍       | 4701656/19696955 [00:00<00:01, 11737665.09iteration/s]
 30%|██▉       | 5878880/19696955 [00:00<00:01, 11748385.81iteration/s]
 36%|███▌      | 7059000/19696955 [00:00<00:01, 11756903.21iteration/s]
 42%|████▏     | 8234776/19696955 [00:00<00:00, 11752099.63iteration/s]
 48%|████▊     | 9414896/19696955 [00:00<00:00, 11759398.87iteration/s]
 54%|█████▍    | 10593568/19696955 [00:00<00:00, 11759738.99iteration/s]
 60%|█████▉    | 11779480/19696955 [00:01<00:00, 11765250.70iteration/s]
 66%|██████▌   | 12958152/19696955 [00:01<00:00, 11754994.96iteration/s]
 72%|███████▏  | 14139720/19696955 [00:01<00:00, 11757361.58iteration/s]
 78%|███████▊  | 15318392/19696955 [00:01<00:00, 11760524.74iteration/s]
 84%|████████▍ | 16497064/19696955 [00:01<00:00, 11759922.16iteration/s]
 90%|████████▉ | 17687320/19696955 [00:01<00:00, 11762105.09iteration/s]
 96%|█████████▌| 18868888/19696955 [00:01<00:00, 11752430.47iteration/s]2026-05-25 22:48:07.876 | INFO     | utils.ConnectHandler_server:receive:80 - receive completed

100%|██████████| 19696955/19696955 [00:01<00:00, 11685396.51iteration/s]
2026-05-25 22:48:07.894 | INFO     | __main__:<module>:438 - 2026-05-25 22:48:07 RECV round=41 token=0 cid=3 train_duration=84.14870095252991 battery=143417.73J
2026-05-25 22:48:07.894 | INFO     | utils.ConnectHandler_server:send:28 - sending data (59 bytes) to client#3...
2026-05-25 22:48:07.894 | INFO     | utils.ConnectHandler_server:send:34 - sending data (59 bytes) to client#3 completely
2026-05-25 22:50:28.105 | INFO     | utils.ConnectHandler_server:receive:71 - 19697437bytes data to be received from client#8

  0%|          | 0/19697437 [00:00<?, ?iteration/s]
  6%|▌         | 1158400/19697437 [00:00<00:01, 11567325.95iteration/s]
 12%|█▏        | 2329832/19697437 [00:00<00:01, 11643499.39iteration/s]
 18%|█▊        | 3496920/19697437 [00:00<00:01, 11643888.12iteration/s]
 24%|██▎       | 4669800/19697437 [00:00<00:01, 11664184.53iteration/s]
 30%|██▉       | 5838336/19697437 [00:00<00:01, 11663992.84iteration/s]
 36%|███▌      | 7021352/19697437 [00:00<00:01, 11706607.88iteration/s]
 42%|████▏     | 8197128/19697437 [00:00<00:00, 11695712.95iteration/s]
 48%|████▊     | 9371456/19697437 [00:00<00:00, 11705811.47iteration/s]
 54%|█████▎    | 10548680/19697437 [00:00<00:00, 11721253.20iteration/s]
 60%|█████▉    | 11723008/19697437 [00:01<00:00, 11723040.21iteration/s]
 65%|██████▌   | 12901680/19697437 [00:01<00:00, 11739218.15iteration/s]
 71%|███████▏  | 14083248/19697437 [00:01<00:00, 11736828.00iteration/s]
 78%|███████▊  | 15270608/19697437 [00:01<00:00, 11744299.91iteration/s]
 84%|████████▎ | 16449280/19697437 [00:01<00:00, 11747039.24iteration/s]
 89%|████████▉ | 17627952/19697437 [00:01<00:00, 11738740.90iteration/s]
 95%|█████████▌| 18806624/19697437 [00:01<00:00, 11748305.27iteration/s]2026-05-25 22:50:29.787 | INFO     | utils.ConnectHandler_server:receive:80 - receive completed

100%|██████████| 19697437/19697437 [00:01<00:00, 11655254.89iteration/s]
2026-05-25 22:50:29.806 | INFO     | __main__:<module>:438 - 2026-05-25 22:50:29 RECV round=41 token=1 cid=8 train_duration=224.540447473526 battery=125594.88J
2026-05-25 22:50:29.806 | INFO     | utils.ConnectHandler_server:send:28 - sending data (59 bytes) to client#8...
2026-05-25 22:50:29.806 | INFO     | utils.ConnectHandler_server:send:34 - sending data (59 bytes) to client#8 completely
2026-05-25 22:50:32.560 | INFO     | __main__:<module>:552 - 2026-05-25 22:50:32 ROUND=41 end avg_acc=36.2500 best_acc=38.0900 duration=232.87s comm_mb=75.172 locations_after=[2, 3] checkpoint=logs_real/mmdfl_real_server/checkpoints/dfl_mm_seed1/checkpoint.pt
2026-05-25 22:50:32.560 | INFO     | __main__:<module>:374 - 2026-05-25 22:50:32 ROUND=42 start token_locations=[2, 3] active_clients=[0, 1, 2, 3, 4, 5, 6, 7, 8, 9]
2026-05-25 22:50:32.592 | INFO     | utils.ConnectHandler_server:send:28 - sending data (19699823 bytes) to client#2...
2026-05-25 22:50:34.171 | INFO     | utils.ConnectHandler_server:send:34 - sending data (19699823 bytes) to client#2 completely
2026-05-25 22:50:34.172 | INFO     | __main__:<module>:418 - 2026-05-25 22:50:34 SEND round=42 token=0 cid=2 payload_mb=18.787 duration=1.592s
2026-05-25 22:50:34.193 | INFO     | utils.ConnectHandler_server:send:28 - sending data (19699828 bytes) to client#3...
2026-05-25 22:50:35.860 | INFO     | utils.ConnectHandler_server:send:34 - sending data (19699828 bytes) to client#3 completely
2026-05-25 22:50:35.860 | INFO     | __main__:<module>:418 - 2026-05-25 22:50:35 SEND round=42 token=1 cid=3 payload_mb=18.787 duration=1.678s
2026-05-25 22:52:00.321 | INFO     | utils.ConnectHandler_server:receive:71 - 19696943bytes data to be received from client#3

  0%|          | 0/19696943 [00:00<?, ?iteration/s]
  6%|▌         | 1172880/19696943 [00:00<00:01, 11701609.82iteration/s]
 12%|█▏        | 2345760/19696943 [00:00<00:01, 11693183.78iteration/s]
 18%|█▊        | 3521536/19696943 [00:00<00:01, 11714516.62iteration/s]
 24%|██▍       | 4698760/19696943 [00:00<00:01, 11724934.35iteration/s]
 30%|██▉       | 5875984/19696943 [00:00<00:01, 11737073.71iteration/s]
 36%|███▌      | 7056104/19696943 [00:00<00:01, 11743621.35iteration/s]
 42%|████▏     | 8233328/19696943 [00:00<00:00, 11750331.58iteration/s]
 48%|████▊     | 9413448/19696943 [00:00<00:00, 11752183.30iteration/s]
 54%|█████▍    | 10595016/19696943 [00:00<00:00, 11761597.04iteration/s]
 60%|█████▉    | 11776584/19696943 [00:01<00:00, 11756310.30iteration/s]
 66%|██████▌   | 12955256/19696943 [00:01<00:00, 11760632.26iteration/s]
 72%|███████▏  | 14133928/19696943 [00:01<00:00, 11758249.16iteration/s]
 78%|███████▊  | 15312600/19696943 [00:01<00:00, 11759358.57iteration/s]
 84%|████████▍ | 16498512/19696943 [00:01<00:00, 11759372.65iteration/s]
 90%|████████▉ | 17685872/19696943 [00:01<00:00, 11760907.04iteration/s]
 96%|█████████▌| 18873232/19696943 [00:01<00:00, 11758212.05iteration/s]2026-05-25 22:52:02.000 | INFO     | utils.ConnectHandler_server:receive:80 - receive completed

100%|██████████| 19696943/19696943 [00:01<00:00, 11679212.73iteration/s]
2026-05-25 22:52:02.018 | INFO     | __main__:<module>:438 - 2026-05-25 22:52:02 RECV round=42 token=1 cid=3 train_duration=83.78001832962036 battery=142703.05J
2026-05-25 22:52:02.018 | INFO     | utils.ConnectHandler_server:send:28 - sending data (59 bytes) to client#3...
2026-05-25 22:52:02.018 | INFO     | utils.ConnectHandler_server:send:34 - sending data (59 bytes) to client#3 completely
2026-05-25 22:52:05.345 | INFO     | utils.ConnectHandler_server:receive:71 - 19696955bytes data to be received from client#2

  0%|          | 0/19696955 [00:00<?, ?iteration/s]
  6%|▌         | 1164192/19696955 [00:00<00:01, 11630008.01iteration/s]
 12%|█▏        | 2339968/19696955 [00:00<00:01, 11695408.61iteration/s]
 18%|█▊        | 3517192/19696955 [00:00<00:01, 11718081.19iteration/s]
 24%|██▍       | 4692968/19696955 [00:00<00:01, 11720311.34iteration/s]
 30%|██▉       | 5871640/19696955 [00:00<00:01, 11736752.40iteration/s]
 36%|███▌      | 7048864/19696955 [00:00<00:01, 11747655.04iteration/s]
 42%|████▏     | 8228984/19696955 [00:00<00:00, 11736751.06iteration/s]
 48%|████▊     | 9406208/19696955 [00:00<00:00, 11746763.38iteration/s]
 54%|█████▍    | 10587776/19696955 [00:00<00:00, 11750543.62iteration/s]
 60%|█████▉    | 11773688/19696955 [00:01<00:00, 11762655.32iteration/s]
 66%|██████▌   | 12950912/19696955 [00:01<00:00, 11753747.06iteration/s]
 72%|███████▏  | 14136824/19696955 [00:01<00:00, 11755015.84iteration/s]
 78%|███████▊  | 15318392/19696955 [00:01<00:00, 11752575.10iteration/s]
 84%|████████▍ | 16504304/19696955 [00:01<00:00, 11763759.16iteration/s]
 90%|████████▉ | 17688768/19696955 [00:01<00:00, 11756344.40iteration/s]
 96%|█████████▌| 18876128/19696955 [00:01<00:00, 11754065.04iteration/s]2026-05-25 22:52:07.024 | INFO     | utils.ConnectHandler_server:receive:80 - receive completed

100%|██████████| 19696955/19696955 [00:01<00:00, 11675380.69iteration/s]
2026-05-25 22:52:07.043 | INFO     | __main__:<module>:438 - 2026-05-25 22:52:07 RECV round=42 token=0 cid=2 train_duration=90.33712768554688 battery=142955.68J
2026-05-25 22:52:07.043 | INFO     | utils.ConnectHandler_server:send:28 - sending data (59 bytes) to client#2...
2026-05-25 22:52:07.043 | INFO     | utils.ConnectHandler_server:send:34 - sending data (59 bytes) to client#2 completely
2026-05-25 22:52:09.813 | INFO     | __main__:<module>:552 - 2026-05-25 22:52:09 ROUND=42 end avg_acc=23.6250 best_acc=38.0900 duration=97.20s comm_mb=75.138 locations_after=[1, 4] checkpoint=logs_real/mmdfl_real_server/checkpoints/dfl_mm_seed1/checkpoint.pt
2026-05-25 22:52:09.813 | INFO     | __main__:<module>:374 - 2026-05-25 22:52:09 ROUND=43 start token_locations=[1, 4] active_clients=[0, 1, 2, 3, 4, 5, 6, 7, 8, 9]
2026-05-25 22:52:09.834 | INFO     | utils.ConnectHandler_server:send:28 - sending data (19699822 bytes) to client#1...
2026-05-25 22:52:11.395 | INFO     | utils.ConnectHandler_server:send:34 - sending data (19699822 bytes) to client#1 completely
2026-05-25 22:52:11.395 | INFO     | __main__:<module>:418 - 2026-05-25 22:52:11 SEND round=43 token=0 cid=1 payload_mb=18.787 duration=1.572s
2026-05-25 22:52:11.416 | INFO     | utils.ConnectHandler_server:send:28 - sending data (19699828 bytes) to client#4...
2026-05-25 22:52:13.055 | INFO     | utils.ConnectHandler_server:send:34 - sending data (19699828 bytes) to client#4 completely
2026-05-25 22:52:13.055 | INFO     | __main__:<module>:418 - 2026-05-25 22:52:13 SEND round=43 token=1 cid=4 payload_mb=18.787 duration=1.650s
2026-05-25 22:53:39.963 | INFO     | utils.ConnectHandler_server:receive:71 - 19696953bytes data to be received from client#4

  0%|          | 0/19696953 [00:00<?, ?iteration/s]
  6%|▌         | 1175776/19696953 [00:00<00:01, 11748303.78iteration/s]
 12%|█▏        | 2353000/19696953 [00:00<00:01, 11751907.01iteration/s]
 18%|█▊        | 3530224/19696953 [00:00<00:01, 11755537.52iteration/s]
 24%|██▍       | 4708896/19696953 [00:00<00:01, 11755504.07iteration/s]
 30%|██▉       | 5890464/19696953 [00:00<00:01, 11761547.81iteration/s]
 36%|███▌      | 7072032/19696953 [00:00<00:01, 11758676.56iteration/s]
 42%|████▏     | 8253600/19696953 [00:00<00:00, 11755315.08iteration/s]
 48%|████▊     | 9432272/19696953 [00:00<00:00, 11756781.41iteration/s]
 54%|█████▍    | 10609496/19696953 [00:00<00:00, 11743662.43iteration/s]
 60%|█████▉    | 11788168/19696953 [00:01<00:00, 11753738.55iteration/s]
 66%|██████▌   | 12966840/19696953 [00:01<00:00, 11751561.29iteration/s]
 72%|███████▏  | 14151304/19696953 [00:01<00:00, 11752923.31iteration/s]
 78%|███████▊  | 15332872/19696953 [00:01<00:00, 11758493.69iteration/s]
 84%|████████▍ | 16511544/19696953 [00:01<00:00, 11759820.43iteration/s]
 90%|████████▉ | 17700352/19696953 [00:01<00:00, 11764914.32iteration/s]
 96%|█████████▌| 18884816/19696953 [00:01<00:00, 11760405.70iteration/s]2026-05-25 22:53:41.640 | INFO     | utils.ConnectHandler_server:receive:80 - receive completed

100%|██████████| 19696953/19696953 [00:01<00:00, 11684894.54iteration/s]
2026-05-25 22:53:41.658 | INFO     | __main__:<module>:438 - 2026-05-25 22:53:41 RECV round=43 token=1 cid=4 train_duration=86.121009349823 battery=142594.80J
2026-05-25 22:53:41.658 | INFO     | utils.ConnectHandler_server:send:28 - sending data (59 bytes) to client#4...
2026-05-25 22:53:41.659 | INFO     | utils.ConnectHandler_server:send:34 - sending data (59 bytes) to client#4 completely
2026-05-25 22:54:02.784 | INFO     | utils.ConnectHandler_server:receive:71 - 19696963bytes data to be received from client#1

  0%|          | 0/19696963 [00:00<?, ?iteration/s]
  6%|▌         | 1167088/19696963 [00:00<00:01, 11667135.88iteration/s]
 12%|█▏        | 2341416/19696963 [00:00<00:01, 11706788.93iteration/s]
 18%|█▊        | 3518640/19696963 [00:00<00:01, 11730479.28iteration/s]
 24%|██▍       | 4697312/19696963 [00:00<00:01, 11740989.40iteration/s]
 30%|██▉       | 5877432/19696963 [00:00<00:01, 11749867.75iteration/s]
 36%|███▌      | 7054656/19696963 [00:00<00:01, 11747567.95iteration/s]
 42%|████▏     | 8233328/19696963 [00:00<00:00, 11756692.36iteration/s]
 48%|████▊     | 9414896/19696963 [00:00<00:00, 11758461.95iteration/s]
 54%|█████▍    | 10599360/19696963 [00:00<00:00, 11744334.53iteration/s]
 60%|█████▉    | 11779480/19696963 [00:01<00:00, 11754122.93iteration/s]
 66%|██████▌   | 12955256/19696963 [00:01<00:00, 11751209.61iteration/s]
 72%|███████▏  | 14138272/19696963 [00:01<00:00, 11746708.19iteration/s]
 78%|███████▊  | 15321288/19696963 [00:01<00:00, 11760800.76iteration/s]
 84%|████████▍ | 16505752/19696963 [00:01<00:00, 11758992.73iteration/s]
 90%|████████▉ | 17688768/19696963 [00:01<00:00, 11761059.40iteration/s]
 96%|█████████▌| 18865992/19696963 [00:01<00:00, 11757950.93iteration/s]2026-05-25 22:54:04.462 | INFO     | utils.ConnectHandler_server:receive:80 - receive completed

100%|██████████| 19696963/19696963 [00:01<00:00, 11682397.18iteration/s]
2026-05-25 22:54:04.481 | INFO     | __main__:<module>:438 - 2026-05-25 22:54:04 RECV round=43 token=0 cid=1 train_duration=110.30123734474182 battery=136738.36J
2026-05-25 22:54:04.481 | INFO     | utils.ConnectHandler_server:send:28 - sending data (59 bytes) to client#1...
2026-05-25 22:54:04.481 | INFO     | utils.ConnectHandler_server:send:34 - sending data (59 bytes) to client#1 completely
2026-05-25 22:54:07.261 | INFO     | __main__:<module>:552 - 2026-05-25 22:54:07 ROUND=43 end avg_acc=40.3250 best_acc=40.3250 duration=117.39s comm_mb=75.138 locations_after=[0, 9] checkpoint=logs_real/mmdfl_real_server/checkpoints/dfl_mm_seed1/checkpoint.pt
2026-05-25 22:54:07.261 | INFO     | __main__:<module>:374 - 2026-05-25 22:54:07 ROUND=44 start token_locations=[0, 9] active_clients=[0, 1, 2, 3, 4, 5, 6, 7, 8, 9]
2026-05-25 22:54:07.281 | INFO     | utils.ConnectHandler_server:send:28 - sending data (19699826 bytes) to client#0...
2026-05-25 22:54:08.890 | INFO     | utils.ConnectHandler_server:send:34 - sending data (19699826 bytes) to client#0 completely
2026-05-25 22:54:08.891 | INFO     | __main__:<module>:418 - 2026-05-25 22:54:08 SEND round=44 token=0 cid=0 payload_mb=18.787 duration=1.620s
2026-05-25 22:54:08.912 | INFO     | utils.ConnectHandler_server:send:28 - sending data (19723706 bytes) to client#9...
2026-05-25 22:54:10.565 | INFO     | utils.ConnectHandler_server:send:34 - sending data (19723706 bytes) to client#9 completely
2026-05-25 22:54:10.566 | INFO     | __main__:<module>:418 - 2026-05-25 22:54:10 SEND round=44 token=1 cid=9 payload_mb=18.810 duration=1.665s
2026-05-25 22:55:59.116 | INFO     | utils.ConnectHandler_server:receive:71 - 19696993bytes data to be received from client#0

  0%|          | 0/19696993 [00:00<?, ?iteration/s]
  6%|▌         | 1171432/19696993 [00:00<00:01, 11696929.26iteration/s]
 12%|█▏        | 2348656/19696993 [00:00<00:01, 11732937.37iteration/s]
 18%|█▊        | 3525880/19696993 [00:00<00:01, 11750172.99iteration/s]
 24%|██▍       | 4703104/19696993 [00:00<00:01, 11747346.84iteration/s]
 30%|██▉       | 5881776/19696993 [00:00<00:01, 11752965.06iteration/s]
 36%|███▌      | 7059000/19696993 [00:00<00:01, 11754832.17iteration/s]
 42%|████▏     | 8237672/19696993 [00:00<00:00, 11752310.59iteration/s]
 48%|████▊     | 9416344/19696993 [00:00<00:00, 11757282.32iteration/s]
 54%|█████▍    | 10599360/19696993 [00:00<00:00, 11753844.08iteration/s]
 60%|█████▉    | 11780928/19696993 [00:01<00:00, 11754645.31iteration/s]
 66%|██████▌   | 12958152/19696993 [00:01<00:00, 11625030.04iteration/s]
 72%|███████▏  | 14128136/19696993 [00:01<00:00, 10352173.01iteration/s]
 78%|███████▊  | 15272056/19696993 [00:01<00:00, 10628287.10iteration/s]
 84%|████████▎ | 16447832/19696993 [00:01<00:00, 10943630.22iteration/s]
 89%|████████▉ | 17627952/19696993 [00:01<00:00, 11180658.39iteration/s]
 96%|█████████▌| 18816760/19696993 [00:01<00:00, 11357482.11iteration/s]2026-05-25 22:56:00.844 | INFO     | utils.ConnectHandler_server:receive:80 - receive completed

100%|██████████| 19696993/19696993 [00:01<00:00, 11350731.64iteration/s]
2026-05-25 22:56:00.863 | INFO     | __main__:<module>:438 - 2026-05-25 22:56:00 RECV round=44 token=0 cid=0 train_duration=109.2585699558258 battery=142438.84J
2026-05-25 22:56:00.863 | INFO     | utils.ConnectHandler_server:send:28 - sending data (59 bytes) to client#0...
2026-05-25 22:56:00.863 | INFO     | utils.ConnectHandler_server:send:34 - sending data (59 bytes) to client#0 completely
2026-05-25 22:56:00.863 | INFO     | utils.ConnectHandler_server:receive:71 - 19694250bytes data to be received from client#9

  0%|          | 0/19694250 [00:00<?, ?iteration/s]
  9%|▉         | 1733564/19694250 [00:00<00:01, 17315304.04iteration/s]
 18%|█▊        | 3465714/19694250 [00:00<00:01, 13518166.66iteration/s]
 25%|██▍       | 4871230/19694250 [00:00<00:01, 12739863.27iteration/s]
 31%|███▏      | 6174938/19694250 [00:00<00:01, 12371422.67iteration/s]
 38%|███▊      | 7427742/19694250 [00:00<00:01, 12161768.81iteration/s]
 44%|████▍     | 8650852/19694250 [00:00<00:00, 12020911.89iteration/s]
 50%|█████     | 9864064/19694250 [00:00<00:00, 11941105.70iteration/s]
 56%|█████▌    | 11063136/19694250 [00:00<00:00, 11876125.00iteration/s]
 62%|██████▏   | 12260794/19694250 [00:00<00:00, 11842702.47iteration/s]
 68%|██████▊   | 13452796/19694250 [00:01<00:00, 11814041.60iteration/s]
 74%|███████▍  | 14640556/19694250 [00:01<00:00, 11780331.27iteration/s]
 80%|████████  | 15828316/19694250 [00:01<00:00, 11772853.04iteration/s]
 86%|████████▋ | 17010420/19694250 [00:01<00:00, 11761340.80iteration/s]
 92%|█████████▏| 18199594/19694250 [00:01<00:00, 11762920.25iteration/s]
 98%|█████████▊| 19384526/19694250 [00:01<00:00, 11758005.60iteration/s]2026-05-25 22:56:02.494 | INFO     | utils.ConnectHandler_server:receive:80 - receive completed

100%|██████████| 19694250/19694250 [00:01<00:00, 12016364.16iteration/s]
2026-05-25 22:56:02.514 | INFO     | __main__:<module>:438 - 2026-05-25 22:56:02 RECV round=44 token=1 cid=9 train_duration=109.1646146774292 battery=134978.71J
2026-05-25 22:56:02.514 | INFO     | utils.ConnectHandler_server:send:28 - sending data (59 bytes) to client#9...
2026-05-25 22:56:02.514 | INFO     | utils.ConnectHandler_server:send:34 - sending data (59 bytes) to client#9 completely
2026-05-25 22:56:05.300 | INFO     | __main__:<module>:552 - 2026-05-25 22:56:05 ROUND=44 end avg_acc=33.4400 best_acc=40.3250 duration=117.98s comm_mb=75.161 locations_after=[1, 4] checkpoint=logs_real/mmdfl_real_server/checkpoints/dfl_mm_seed1/checkpoint.pt
2026-05-25 22:56:05.300 | INFO     | __main__:<module>:374 - 2026-05-25 22:56:05 ROUND=45 start token_locations=[1, 4] active_clients=[0, 1, 2, 3, 4, 5, 6, 7, 8, 9]
2026-05-25 22:56:05.325 | INFO     | utils.ConnectHandler_server:send:28 - sending data (19699822 bytes) to client#1...
2026-05-25 22:56:06.884 | INFO     | utils.ConnectHandler_server:send:34 - sending data (19699822 bytes) to client#1 completely
2026-05-25 22:56:06.884 | INFO     | __main__:<module>:418 - 2026-05-25 22:56:06 SEND round=45 token=0 cid=1 payload_mb=18.787 duration=1.574s
2026-05-25 22:56:06.905 | INFO     | utils.ConnectHandler_server:send:28 - sending data (19699828 bytes) to client#4...
2026-05-25 22:56:08.549 | INFO     | utils.ConnectHandler_server:send:34 - sending data (19699828 bytes) to client#4 completely
2026-05-25 22:56:08.549 | INFO     | __main__:<module>:418 - 2026-05-25 22:56:08 SEND round=45 token=1 cid=4 payload_mb=18.787 duration=1.654s
2026-05-25 22:57:35.796 | INFO     | utils.ConnectHandler_server:receive:71 - 19696955bytes data to be received from client#4

  0%|          | 0/19696955 [00:00<?, ?iteration/s]
  6%|▌         | 1174328/19696955 [00:00<00:01, 11741919.45iteration/s]
 12%|█▏        | 2350104/19696955 [00:00<00:01, 11702060.03iteration/s]
 18%|█▊        | 3527328/19696955 [00:00<00:01, 11727807.91iteration/s]
 24%|██▍       | 4704552/19696955 [00:00<00:01, 11731885.63iteration/s]
 30%|██▉       | 5881776/19696955 [00:00<00:01, 11744983.85iteration/s]
 36%|███▌      | 7059000/19696955 [00:00<00:01, 11745703.66iteration/s]
 42%|████▏     | 8239120/19696955 [00:00<00:00, 11757684.75iteration/s]
 48%|████▊     | 9420688/19696955 [00:00<00:00, 11760161.43iteration/s]
 54%|█████▍    | 10600808/19696955 [00:00<00:00, 11762058.77iteration/s]
 60%|█████▉    | 11785272/19696955 [00:01<00:00, 11755304.55iteration/s]
 66%|██████▌   | 12962496/19696955 [00:01<00:00, 11756421.31iteration/s]
 72%|███████▏  | 14149856/19696955 [00:01<00:00, 11762062.86iteration/s]
 78%|███████▊  | 15335768/19696955 [00:01<00:00, 11754007.45iteration/s]
 84%|████████▍ | 16520232/19696955 [00:01<00:00, 11761927.01iteration/s]
 90%|████████▉ | 17700352/19696955 [00:01<00:00, 11761076.88iteration/s]
 96%|█████████▌| 18884816/19696955 [00:01<00:00, 11757818.06iteration/s]2026-05-25 22:57:37.474 | INFO     | utils.ConnectHandler_server:receive:80 - receive completed

100%|██████████| 19696955/19696955 [00:01<00:00, 11687534.01iteration/s]
2026-05-25 22:57:37.493 | INFO     | __main__:<module>:438 - 2026-05-25 22:57:37 RECV round=45 token=1 cid=4 train_duration=86.46858334541321 battery=141857.18J
2026-05-25 22:57:37.493 | INFO     | utils.ConnectHandler_server:send:28 - sending data (59 bytes) to client#4...
2026-05-25 22:57:37.493 | INFO     | utils.ConnectHandler_server:send:34 - sending data (59 bytes) to client#4 completely
2026-05-25 22:57:58.208 | INFO     | utils.ConnectHandler_server:receive:71 - 19696965bytes data to be received from client#1

  0%|          | 0/19696965 [00:00<?, ?iteration/s]
  6%|▌         | 1167088/19696965 [00:00<00:01, 11646566.71iteration/s]
 12%|█▏        | 2344312/19696965 [00:00<00:01, 11714427.38iteration/s]
 18%|█▊        | 3517192/19696965 [00:00<00:01, 11720824.67iteration/s]
 24%|██▍       | 4692968/19696965 [00:00<00:01, 11728948.68iteration/s]
 30%|██▉       | 5873088/19696965 [00:00<00:01, 11747440.40iteration/s]
 36%|███▌      | 7051760/19696965 [00:00<00:01, 11749881.86iteration/s]
 42%|████▏     | 8231880/19696965 [00:00<00:00, 11747610.40iteration/s]
 48%|████▊     | 9417792/19696965 [00:00<00:00, 11761323.00iteration/s]
 54%|█████▍    | 10599360/19696965 [00:00<00:00, 11758982.47iteration/s]
 60%|█████▉    | 11780928/19696965 [00:01<00:00, 11760479.80iteration/s]
 66%|██████▌   | 12962496/19696965 [00:01<00:00, 11763984.47iteration/s]
 72%|███████▏  | 14149856/19696965 [00:01<00:00, 11760910.72iteration/s]
 78%|███████▊  | 15328528/19696965 [00:01<00:00, 11755949.18iteration/s]
 84%|████████▍ | 16514440/19696965 [00:01<00:00, 11761785.06iteration/s]
 90%|████████▉ | 17698904/19696965 [00:01<00:00, 11757846.73iteration/s]
 96%|█████████▌| 18889160/19696965 [00:01<00:00, 11760463.95iteration/s]2026-05-25 22:57:59.885 | INFO     | utils.ConnectHandler_server:receive:80 - receive completed

100%|██████████| 19696965/19696965 [00:01<00:00, 11684402.57iteration/s]
2026-05-25 22:57:59.904 | INFO     | __main__:<module>:438 - 2026-05-25 22:57:59 RECV round=45 token=0 cid=1 train_duration=110.22931790351868 battery=135798.05J
2026-05-25 22:57:59.904 | INFO     | utils.ConnectHandler_server:send:28 - sending data (59 bytes) to client#1...
2026-05-25 22:57:59.904 | INFO     | utils.ConnectHandler_server:send:34 - sending data (59 bytes) to client#1 completely
2026-05-25 22:58:02.671 | INFO     | __main__:<module>:552 - 2026-05-25 22:58:02 ROUND=45 end avg_acc=36.3350 best_acc=40.3250 duration=117.31s comm_mb=75.138 locations_after=[3, 7] checkpoint=logs_real/mmdfl_real_server/checkpoints/dfl_mm_seed1/checkpoint.pt
2026-05-25 22:58:02.671 | INFO     | __main__:<module>:374 - 2026-05-25 22:58:02 ROUND=46 start token_locations=[3, 7] active_clients=[0, 1, 2, 3, 4, 5, 6, 7, 8, 9]
2026-05-25 22:58:02.691 | INFO     | utils.ConnectHandler_server:send:28 - sending data (19699828 bytes) to client#3...
2026-05-25 22:58:04.259 | INFO     | utils.ConnectHandler_server:send:34 - sending data (19699828 bytes) to client#3 completely
2026-05-25 22:58:04.259 | INFO     | __main__:<module>:418 - 2026-05-25 22:58:04 SEND round=46 token=0 cid=3 payload_mb=18.787 duration=1.578s
2026-05-25 22:58:04.280 | INFO     | utils.ConnectHandler_server:send:28 - sending data (19729794 bytes) to client#7...
2026-05-25 22:58:05.990 | INFO     | utils.ConnectHandler_server:send:34 - sending data (19729794 bytes) to client#7 completely
2026-05-25 22:58:05.990 | INFO     | __main__:<module>:418 - 2026-05-25 22:58:05 SEND round=46 token=1 cid=7 payload_mb=18.816 duration=1.720s
2026-05-25 22:59:28.710 | INFO     | utils.ConnectHandler_server:receive:71 - 19696967bytes data to be received from client#3

  0%|          | 0/19696967 [00:00<?, ?iteration/s]
  6%|▌         | 1172880/19696967 [00:00<00:01, 11718808.72iteration/s]
 12%|█▏        | 2345760/19696967 [00:00<00:01, 11685453.97iteration/s]
 18%|█▊        | 3522984/19696967 [00:00<00:01, 11712409.63iteration/s]
 24%|██▍       | 4698760/19696967 [00:00<00:01, 11727562.97iteration/s]
 30%|██▉       | 5874536/19696967 [00:00<00:01, 11730505.06iteration/s]
 36%|███▌      | 7057552/19696967 [00:00<00:01, 11746677.88iteration/s]
 42%|████▏     | 8237672/19696967 [00:00<00:00, 11743824.24iteration/s]
 48%|████▊     | 9419240/19696967 [00:00<00:00, 11753422.65iteration/s]
 54%|█████▍    | 10595016/19696967 [00:00<00:00, 11751065.62iteration/s]
 60%|█████▉    | 11770792/19696967 [00:01<00:00, 11751810.89iteration/s]
 66%|██████▌   | 12949464/19696967 [00:01<00:00, 11757163.11iteration/s]
 72%|███████▏  | 14126688/19696967 [00:01<00:00, 11745454.66iteration/s]
 78%|███████▊  | 15308256/19696967 [00:01<00:00, 11751806.79iteration/s]
 84%|████████▍ | 16497064/19696967 [00:01<00:00, 11756117.59iteration/s]
 90%|████████▉ | 17672840/19696967 [00:01<00:00, 11754871.98iteration/s]
 96%|█████████▌| 18863096/19696967 [00:01<00:00, 11761153.97iteration/s]2026-05-25 22:59:30.388 | INFO     | utils.ConnectHandler_server:receive:80 - receive completed

100%|██████████| 19696967/19696967 [00:01<00:00, 11682036.13iteration/s]
2026-05-25 22:59:30.407 | INFO     | __main__:<module>:438 - 2026-05-25 22:59:30 RECV round=46 token=0 cid=3 train_duration=83.64083218574524 battery=141989.55J
2026-05-25 22:59:30.407 | INFO     | utils.ConnectHandler_server:send:28 - sending data (59 bytes) to client#3...
2026-05-25 22:59:30.407 | INFO     | utils.ConnectHandler_server:send:34 - sending data (59 bytes) to client#3 completely
2026-05-25 23:00:03.079 | INFO     | utils.ConnectHandler_server:receive:71 - 19697437bytes data to be received from client#7

  0%|          | 0/19697437 [00:00<?, ?iteration/s]
  6%|▌         | 1167088/19697437 [00:00<00:01, 11638508.75iteration/s]
 12%|█▏        | 2335624/19697437 [00:00<00:01, 11648827.45iteration/s]
 18%|█▊        | 3502712/19697437 [00:00<00:01, 11639022.61iteration/s]
 24%|██▎       | 4668352/19697437 [00:00<00:01, 11636549.26iteration/s]
 30%|██▉       | 5841232/19697437 [00:00<00:01, 11658365.32iteration/s]
 36%|███▌      | 7014112/19697437 [00:00<00:01, 11677152.95iteration/s]
 42%|████▏     | 8192784/19697437 [00:00<00:00, 11700320.19iteration/s]
 48%|████▊     | 9368560/19697437 [00:00<00:00, 11716163.22iteration/s]
 54%|█████▎    | 10548680/19697437 [00:00<00:00, 11724388.42iteration/s]
 60%|█████▉    | 11728800/19697437 [00:01<00:00, 11721701.13iteration/s]
 66%|██████▌   | 12910368/19697437 [00:01<00:00, 11731698.55iteration/s]
 72%|███████▏  | 14089040/19697437 [00:01<00:00, 11743640.86iteration/s]
 77%|███████▋  | 15264816/19697437 [00:01<00:00, 11739292.43iteration/s]
 84%|████████▎ | 16449280/19697437 [00:01<00:00, 11730595.13iteration/s]
 90%|████████▉ | 17638088/19697437 [00:01<00:00, 11736153.53iteration/s]
 96%|█████████▌| 18825448/19697437 [00:01<00:00, 11733077.85iteration/s]2026-05-25 23:00:04.763 | INFO     | utils.ConnectHandler_server:receive:80 - receive completed

100%|██████████| 19697437/19697437 [00:01<00:00, 11640268.54iteration/s]
2026-05-25 23:00:04.782 | INFO     | __main__:<module>:438 - 2026-05-25 23:00:04 RECV round=46 token=1 cid=7 train_duration=116.64662885665894 battery=129498.39J
2026-05-25 23:00:04.782 | INFO     | utils.ConnectHandler_server:send:28 - sending data (59 bytes) to client#7...
2026-05-25 23:00:04.782 | INFO     | utils.ConnectHandler_server:send:34 - sending data (59 bytes) to client#7 completely
2026-05-25 23:00:07.558 | INFO     | __main__:<module>:552 - 2026-05-25 23:00:07 ROUND=46 end avg_acc=34.0650 best_acc=40.3250 duration=124.83s comm_mb=75.167 locations_after=[2, 6] checkpoint=logs_real/mmdfl_real_server/checkpoints/dfl_mm_seed1/checkpoint.pt
2026-05-25 23:00:07.559 | INFO     | __main__:<module>:374 - 2026-05-25 23:00:07 ROUND=47 start token_locations=[2, 6] active_clients=[0, 1, 2, 3, 4, 5, 6, 7, 8, 9]
2026-05-25 23:00:07.584 | INFO     | utils.ConnectHandler_server:send:28 - sending data (19699823 bytes) to client#2...
2026-05-25 23:00:09.128 | INFO     | utils.ConnectHandler_server:send:34 - sending data (19699823 bytes) to client#2 completely
2026-05-25 23:00:09.128 | INFO     | __main__:<module>:418 - 2026-05-25 23:00:09 SEND round=47 token=0 cid=2 payload_mb=18.787 duration=1.559s
2026-05-25 23:00:09.149 | INFO     | utils.ConnectHandler_server:send:28 - sending data (19699823 bytes) to client#6...
2026-05-25 23:00:10.905 | INFO     | utils.ConnectHandler_server:send:34 - sending data (19699823 bytes) to client#6 completely
2026-05-25 23:00:10.905 | INFO     | __main__:<module>:418 - 2026-05-25 23:00:10 SEND round=47 token=1 cid=6 payload_mb=18.787 duration=1.767s
2026-05-25 23:01:40.577 | INFO     | utils.ConnectHandler_server:receive:71 - 19696981bytes data to be received from client#2

  0%|          | 0/19696981 [00:00<?, ?iteration/s]
  6%|▌         | 1174328/19696981 [00:00<00:01, 11732018.75iteration/s]
 12%|█▏        | 2350104/19696981 [00:00<00:01, 11741400.14iteration/s]
 18%|█▊        | 3527328/19696981 [00:00<00:01, 11750417.29iteration/s]
 24%|██▍       | 4703104/19696981 [00:00<00:01, 11751052.74iteration/s]
 30%|██▉       | 5881776/19696981 [00:00<00:01, 11751662.76iteration/s]
 36%|███▌      | 7061896/19696981 [00:00<00:01, 11757038.63iteration/s]
 42%|████▏     | 8239120/19696981 [00:00<00:00, 11756825.55iteration/s]
 48%|████▊     | 9419240/19696981 [00:00<00:00, 11742967.77iteration/s]
 54%|█████▍    | 10597912/19696981 [00:00<00:00, 11746807.23iteration/s]
 60%|█████▉    | 11773688/19696981 [00:01<00:00, 11747863.58iteration/s]
 66%|██████▌   | 12950912/19696981 [00:01<00:00, 11746022.64iteration/s]
 72%|███████▏  | 14131032/19696981 [00:01<00:00, 11753727.60iteration/s]
 78%|███████▊  | 15311152/19696981 [00:01<00:00, 11753477.47iteration/s]
 84%|████████▍ | 16497064/19696981 [00:01<00:00, 11756623.03iteration/s]
 90%|████████▉ | 17680080/19696981 [00:01<00:00, 11764411.95iteration/s]
 96%|█████████▌| 18860200/19696981 [00:01<00:00, 11746997.61iteration/s]2026-05-25 23:01:42.260 | INFO     | utils.ConnectHandler_server:receive:80 - receive completed

100%|██████████| 19696981/19696981 [00:01<00:00, 11645618.81iteration/s]
2026-05-25 23:01:42.278 | INFO     | __main__:<module>:438 - 2026-05-25 23:01:42 RECV round=47 token=0 cid=2 train_duration=90.5265576839447 battery=142183.44J
2026-05-25 23:01:42.278 | INFO     | utils.ConnectHandler_server:send:28 - sending data (59 bytes) to client#2...
2026-05-25 23:01:42.278 | INFO     | utils.ConnectHandler_server:send:34 - sending data (59 bytes) to client#2 completely
2026-05-25 23:01:42.278 | INFO     | utils.ConnectHandler_server:receive:71 - 19696979bytes data to be received from client#6

  0%|          | 0/19696979 [00:00<?, ?iteration/s]
  6%|▋         | 1262656/19696979 [00:00<00:01, 12606164.38iteration/s]
 13%|█▎        | 2523864/19696979 [00:00<00:01, 12095521.73iteration/s]
 19%|█▉        | 3737288/19696979 [00:00<00:01, 11943052.34iteration/s]
 25%|██▌       | 4934784/19696979 [00:00<00:01, 11863138.24iteration/s]
 31%|███       | 6126488/19696979 [00:00<00:01, 11832633.16iteration/s]
 37%|███▋      | 7312400/19696979 [00:00<00:01, 11802305.45iteration/s]
 43%|████▎     | 8498312/19696979 [00:00<00:00, 11791456.94iteration/s]
 49%|████▉     | 9679880/19696979 [00:00<00:00, 11776068.21iteration/s]
 55%|█████▌    | 10862896/19696979 [00:00<00:00, 11767011.67iteration/s]
 61%|██████    | 12043016/19696979 [00:01<00:00, 11763096.58iteration/s]
 67%|██████▋   | 13223136/19696979 [00:01<00:00, 11766208.71iteration/s]
 73%|███████▎  | 14406152/19696979 [00:01<00:00, 11749299.12iteration/s]
 79%|███████▉  | 15592064/19696979 [00:01<00:00, 11754543.32iteration/s]
 85%|████████▌ | 16775080/19696979 [00:01<00:00, 11761282.65iteration/s]
 91%|█████████ | 17955200/19696979 [00:01<00:00, 11756955.72iteration/s]
 97%|█████████▋| 19141112/19696979 [00:01<00:00, 11761583.89iteration/s]2026-05-25 23:01:43.947 | INFO     | utils.ConnectHandler_server:receive:80 - receive completed

100%|██████████| 19696979/19696979 [00:01<00:00, 11739133.95iteration/s]
2026-05-25 23:01:43.965 | INFO     | __main__:<module>:438 - 2026-05-25 23:01:43 RECV round=47 token=1 cid=6 train_duration=90.65550994873047 battery=144588.31J
2026-05-25 23:01:43.966 | INFO     | utils.ConnectHandler_server:send:28 - sending data (59 bytes) to client#6...
2026-05-25 23:01:43.966 | INFO     | utils.ConnectHandler_server:send:34 - sending data (59 bytes) to client#6 completely
2026-05-25 23:01:46.670 | INFO     | __main__:<module>:552 - 2026-05-25 23:01:46 ROUND=47 end avg_acc=21.3250 best_acc=40.3250 duration=99.05s comm_mb=75.138 locations_after=[5, 7] checkpoint=logs_real/mmdfl_real_server/checkpoints/dfl_mm_seed1/checkpoint.pt
2026-05-25 23:01:46.670 | INFO     | __main__:<module>:374 - 2026-05-25 23:01:46 ROUND=48 start token_locations=[5, 7] active_clients=[0, 1, 2, 3, 4, 5, 6, 7, 8, 9]
2026-05-25 23:01:46.691 | INFO     | utils.ConnectHandler_server:send:28 - sending data (19699823 bytes) to client#5...
2026-05-25 23:01:48.294 | INFO     | utils.ConnectHandler_server:send:34 - sending data (19699823 bytes) to client#5 completely
2026-05-25 23:01:48.294 | INFO     | __main__:<module>:418 - 2026-05-25 23:01:48 SEND round=48 token=0 cid=5 payload_mb=18.787 duration=1.614s
2026-05-25 23:01:48.315 | INFO     | utils.ConnectHandler_server:send:28 - sending data (19729794 bytes) to client#7...
2026-05-25 23:01:49.985 | INFO     | utils.ConnectHandler_server:send:34 - sending data (19729794 bytes) to client#7 completely
2026-05-25 23:01:49.985 | INFO     | __main__:<module>:418 - 2026-05-25 23:01:49 SEND round=48 token=1 cid=7 payload_mb=18.816 duration=1.680s
2026-05-25 23:04:09.928 | INFO     | utils.ConnectHandler_server:receive:71 - 19697437bytes data to be received from client#7

  0%|          | 0/19697437 [00:00<?, ?iteration/s]
  6%|▌         | 1167088/19697437 [00:00<00:01, 11641968.71iteration/s]
 12%|█▏        | 2335624/19697437 [00:00<00:01, 11651818.22iteration/s]
 18%|█▊        | 3501264/19697437 [00:00<00:01, 11653190.54iteration/s]
 24%|██▎       | 4669800/19697437 [00:00<00:01, 11646628.54iteration/s]
 30%|██▉       | 5842680/19697437 [00:00<00:01, 11666853.60iteration/s]
 36%|███▌      | 7018456/19697437 [00:00<00:01, 11686763.91iteration/s]
 42%|████▏     | 8200024/19697437 [00:00<00:00, 11709707.60iteration/s]
 48%|████▊     | 9378696/19697437 [00:00<00:00, 11716037.40iteration/s]
 54%|█████▎    | 10557368/19697437 [00:00<00:00, 11728802.50iteration/s]
 60%|█████▉    | 11738936/19697437 [00:01<00:00, 11731786.77iteration/s]
 66%|██████▌   | 12917608/19697437 [00:01<00:00, 11730929.08iteration/s]
 72%|███████▏  | 14097728/19697437 [00:01<00:00, 11727542.62iteration/s]
 78%|███████▊  | 15274952/19697437 [00:01<00:00, 11738426.60iteration/s]
 84%|████████▎ | 16453624/19697437 [00:01<00:00, 11730517.15iteration/s]
 90%|████████▉ | 17640984/19697437 [00:01<00:00, 11719947.31iteration/s]
 96%|█████████▌| 18819656/19697437 [00:01<00:00, 11715540.17iteration/s]2026-05-25 23:04:11.612 | INFO     | utils.ConnectHandler_server:receive:80 - receive completed

100%|██████████| 19697437/19697437 [00:01<00:00, 11644394.73iteration/s]
2026-05-25 23:04:11.642 | INFO     | __main__:<module>:438 - 2026-05-25 23:04:11 RECV round=48 token=1 cid=7 train_duration=139.45902013778687 battery=127352.02J
2026-05-25 23:04:11.642 | INFO     | utils.ConnectHandler_server:send:28 - sending data (59 bytes) to client#7...
2026-05-25 23:04:11.642 | INFO     | utils.ConnectHandler_server:send:34 - sending data (59 bytes) to client#7 completely
2026-05-25 23:04:39.027 | INFO     | utils.ConnectHandler_server:receive:71 - 19696963bytes data to be received from client#5

  0%|          | 0/19696963 [00:00<?, ?iteration/s]
  6%|▌         | 1172880/19696963 [00:00<00:01, 11725316.77iteration/s]
 12%|█▏        | 2347208/19696963 [00:00<00:01, 11735839.29iteration/s]
 18%|█▊        | 3524432/19696963 [00:00<00:01, 11747029.80iteration/s]
 24%|██▍       | 4701656/19696963 [00:00<00:01, 11745279.99iteration/s]
 30%|██▉       | 5880328/19696963 [00:00<00:01, 11753934.69iteration/s]
 36%|███▌      | 7060448/19696963 [00:00<00:01, 11750789.17iteration/s]
 42%|████▏     | 8237672/19696963 [00:00<00:00, 11753358.08iteration/s]
 48%|████▊     | 9414896/19696963 [00:00<00:00, 11757724.47iteration/s]
 54%|█████▍    | 10595016/19696963 [00:00<00:00, 11756870.18iteration/s]
 60%|█████▉    | 11778032/19696963 [00:01<00:00, 11747048.19iteration/s]
 66%|██████▌   | 12963944/19696963 [00:01<00:00, 11756419.75iteration/s]
 72%|███████▏  | 14142616/19696963 [00:01<00:00, 11754487.89iteration/s]
 78%|███████▊  | 15328528/19696963 [00:01<00:00, 11752048.66iteration/s]
 84%|████████▍ | 16508648/19696963 [00:01<00:00, 11760046.86iteration/s]
 90%|████████▉ | 17688768/19696963 [00:01<00:00, 11755287.54iteration/s]
 96%|█████████▌| 18865992/19696963 [00:01<00:00, 11752559.08iteration/s]2026-05-25 23:04:40.705 | INFO     | utils.ConnectHandler_server:receive:80 - receive completed

100%|██████████| 19696963/19696963 [00:01<00:00, 11682707.76iteration/s]
2026-05-25 23:04:40.724 | INFO     | __main__:<module>:438 - 2026-05-25 23:04:40 RECV round=48 token=0 cid=5 train_duration=169.95678091049194 battery=136791.73J
2026-05-25 23:04:40.724 | INFO     | utils.ConnectHandler_server:send:28 - sending data (59 bytes) to client#5...
2026-05-25 23:04:40.724 | INFO     | utils.ConnectHandler_server:send:34 - sending data (59 bytes) to client#5 completely
2026-05-25 23:04:43.511 | INFO     | __main__:<module>:552 - 2026-05-25 23:04:43 ROUND=48 end avg_acc=29.3100 best_acc=40.3250 duration=176.78s comm_mb=75.166 locations_after=[4, 8] checkpoint=logs_real/mmdfl_real_server/checkpoints/dfl_mm_seed1/checkpoint.pt
2026-05-25 23:04:43.511 | INFO     | __main__:<module>:374 - 2026-05-25 23:04:43 ROUND=49 start token_locations=[4, 8] active_clients=[0, 1, 2, 3, 4, 5, 6, 7, 8, 9]
2026-05-25 23:04:43.531 | INFO     | utils.ConnectHandler_server:send:28 - sending data (19699828 bytes) to client#4...
2026-05-25 23:04:45.096 | INFO     | utils.ConnectHandler_server:send:34 - sending data (19699828 bytes) to client#4 completely
2026-05-25 23:04:45.096 | INFO     | __main__:<module>:418 - 2026-05-25 23:04:45 SEND round=49 token=0 cid=4 payload_mb=18.787 duration=1.576s
2026-05-25 23:04:45.118 | INFO     | utils.ConnectHandler_server:send:28 - sending data (19735891 bytes) to client#8...
2026-05-25 23:04:46.778 | INFO     | utils.ConnectHandler_server:send:34 - sending data (19735891 bytes) to client#8 completely
2026-05-25 23:04:46.778 | INFO     | __main__:<module>:418 - 2026-05-25 23:04:46 SEND round=49 token=1 cid=8 payload_mb=18.822 duration=1.671s
2026-05-25 23:06:12.170 | INFO     | utils.ConnectHandler_server:receive:71 - 19696945bytes data to be received from client#4

  0%|          | 0/19696945 [00:00<?, ?iteration/s]
  6%|▌         | 1175776/19696945 [00:00<00:01, 11742485.24iteration/s]
 12%|█▏        | 2351552/19696945 [00:00<00:01, 11748228.05iteration/s]
 18%|█▊        | 3528776/19696945 [00:00<00:01, 11746640.21iteration/s]
 24%|██▍       | 4704552/19696945 [00:00<00:01, 11749505.81iteration/s]
 30%|██▉       | 5883224/19696945 [00:00<00:01, 11753983.17iteration/s]
 36%|███▌      | 7061896/19696945 [00:00<00:01, 11753018.78iteration/s]
 42%|████▏     | 8242016/19696945 [00:00<00:00, 11760084.11iteration/s]
 48%|████▊     | 9422136/19696945 [00:00<00:00, 11747319.74iteration/s]
 54%|█████▍    | 10605152/19696945 [00:00<00:00, 11748872.56iteration/s]
 60%|█████▉    | 11786720/19696945 [00:01<00:00, 11748213.42iteration/s]
 66%|██████▌   | 12969736/19696945 [00:01<00:00, 11752673.89iteration/s]
 72%|███████▏  | 14154200/19696945 [00:01<00:00, 11752839.07iteration/s]
 78%|███████▊  | 15338664/19696945 [00:01<00:00, 11745317.51iteration/s]
 84%|████████▍ | 16524576/19696945 [00:01<00:00, 11760840.22iteration/s]
 90%|████████▉ | 17716280/19696945 [00:01<00:00, 11758008.49iteration/s]
 96%|█████████▌| 18906536/19696945 [00:01<00:00, 11753154.58iteration/s]2026-05-25 23:06:13.848 | INFO     | utils.ConnectHandler_server:receive:80 - receive completed

100%|██████████| 19696945/19696945 [00:01<00:00, 11686230.27iteration/s]
2026-05-25 23:06:13.867 | INFO     | __main__:<module>:438 - 2026-05-25 23:06:13 RECV round=49 token=0 cid=4 train_duration=86.13673758506775 battery=141122.39J
2026-05-25 23:06:13.867 | INFO     | utils.ConnectHandler_server:send:28 - sending data (59 bytes) to client#4...
2026-05-25 23:06:13.867 | INFO     | utils.ConnectHandler_server:send:34 - sending data (59 bytes) to client#4 completely
2026-05-25 23:08:31.801 | INFO     | utils.ConnectHandler_server:receive:71 - 19697437bytes data to be received from client#8

  0%|          | 0/19697437 [00:00<?, ?iteration/s]
  6%|▌         | 1158400/19697437 [00:00<00:01, 11574462.94iteration/s]
 12%|█▏        | 2326936/19697437 [00:00<00:01, 11624312.70iteration/s]
 18%|█▊        | 3491128/19697437 [00:00<00:01, 11627595.03iteration/s]
 24%|██▎       | 4659664/19697437 [00:00<00:01, 11641670.86iteration/s]
 30%|██▉       | 5828200/19697437 [00:00<00:01, 11654701.16iteration/s]
 36%|███▌      | 7005424/19697437 [00:00<00:01, 11686192.89iteration/s]
 42%|████▏     | 8185544/19697437 [00:00<00:00, 11704062.57iteration/s]
 48%|████▊     | 9362768/19697437 [00:00<00:00, 11724371.49iteration/s]
 54%|█████▎    | 10538544/19697437 [00:00<00:00, 11732257.47iteration/s]
 59%|█████▉    | 11717216/19697437 [00:01<00:00, 11739544.51iteration/s]
 65%|██████▌   | 12892992/19697437 [00:01<00:00, 11734529.03iteration/s]
 71%|███████▏  | 14070216/19697437 [00:01<00:00, 11735941.13iteration/s]
 77%|███████▋  | 15247440/19697437 [00:01<00:00, 11735202.99iteration/s]
 83%|████████▎ | 16424664/19697437 [00:01<00:00, 11729282.88iteration/s]
 89%|████████▉ | 17607680/19697437 [00:01<00:00, 11735188.57iteration/s]
 95%|█████████▌| 18790696/19697437 [00:01<00:00, 11736267.41iteration/s]2026-05-25 23:08:33.483 | INFO     | utils.ConnectHandler_server:receive:80 - receive completed

100%|██████████| 19697437/19697437 [00:01<00:00, 11649844.45iteration/s]
2026-05-25 23:08:33.501 | INFO     | __main__:<module>:438 - 2026-05-25 23:08:33 RECV round=49 token=1 cid=8 train_duration=224.26940035820007 battery=122143.22J
2026-05-25 23:08:33.501 | INFO     | utils.ConnectHandler_server:send:28 - sending data (59 bytes) to client#8...
2026-05-25 23:08:33.501 | INFO     | utils.ConnectHandler_server:send:34 - sending data (59 bytes) to client#8 completely
2026-05-25 23:08:36.279 | INFO     | __main__:<module>:552 - 2026-05-25 23:08:36 ROUND=49 end avg_acc=35.8300 best_acc=40.3250 duration=232.71s comm_mb=75.172 locations_after=[3, 9] checkpoint=logs_real/mmdfl_real_server/checkpoints/dfl_mm_seed1/checkpoint.pt
2026-05-25 23:08:36.279 | INFO     | __main__:<module>:374 - 2026-05-25 23:08:36 ROUND=50 start token_locations=[3, 9] active_clients=[0, 1, 2, 3, 4, 5, 6, 7, 8, 9]
2026-05-25 23:08:36.298 | INFO     | utils.ConnectHandler_server:send:28 - sending data (19699828 bytes) to client#3...
2026-05-25 23:08:37.820 | INFO     | utils.ConnectHandler_server:send:34 - sending data (19699828 bytes) to client#3 completely
2026-05-25 23:08:37.821 | INFO     | __main__:<module>:418 - 2026-05-25 23:08:37 SEND round=50 token=0 cid=3 payload_mb=18.787 duration=1.533s
2026-05-25 23:08:37.840 | INFO     | utils.ConnectHandler_server:send:28 - sending data (19723706 bytes) to client#9...
2026-05-25 23:08:39.593 | INFO     | utils.ConnectHandler_server:send:34 - sending data (19723706 bytes) to client#9 completely
2026-05-25 23:08:39.593 | INFO     | __main__:<module>:418 - 2026-05-25 23:08:39 SEND round=50 token=1 cid=9 payload_mb=18.810 duration=1.763s
2026-05-25 23:10:02.576 | INFO     | utils.ConnectHandler_server:receive:71 - 19696969bytes data to be received from client#3

  0%|          | 0/19696969 [00:00<?, ?iteration/s]
  6%|▌         | 1175776/19696969 [00:00<00:01, 11742960.57iteration/s]
 12%|█▏        | 2351552/19696969 [00:00<00:01, 11722108.29iteration/s]
 18%|█▊        | 3525880/19696969 [00:00<00:01, 11698883.36iteration/s]
 24%|██▍       | 4701656/19696969 [00:00<00:01, 11715316.58iteration/s]
 30%|██▉       | 5878880/19696969 [00:00<00:01, 11730862.93iteration/s]
 36%|███▌      | 7059000/19696969 [00:00<00:01, 11738487.67iteration/s]
 42%|████▏     | 8239120/19696969 [00:00<00:00, 11744088.60iteration/s]
 48%|████▊     | 9422136/19696969 [00:00<00:00, 11750546.17iteration/s]
 54%|█████▍    | 10603704/19696969 [00:00<00:00, 11758986.04iteration/s]
 60%|█████▉    | 11788168/19696969 [00:01<00:00, 11758293.45iteration/s]
 66%|██████▌   | 12965392/19696969 [00:01<00:00, 11750032.86iteration/s]
 72%|███████▏  | 14151304/19696969 [00:01<00:00, 11756139.03iteration/s]
 78%|███████▊  | 15334320/19696969 [00:01<00:00, 11753550.07iteration/s]
 84%|████████▍ | 16512992/19696969 [00:01<00:00, 11756415.04iteration/s]
 90%|████████▉ | 17698904/19696969 [00:01<00:00, 11760024.19iteration/s]
 96%|█████████▌| 18887712/19696969 [00:01<00:00, 11756862.88iteration/s]2026-05-25 23:10:04.254 | INFO     | utils.ConnectHandler_server:receive:80 - receive completed

100%|██████████| 19696969/19696969 [00:01<00:00, 11682081.92iteration/s]
2026-05-25 23:10:04.272 | INFO     | __main__:<module>:438 - 2026-05-25 23:10:04 RECV round=50 token=0 cid=3 train_duration=83.84750199317932 battery=141274.29J
2026-05-25 23:10:04.272 | INFO     | utils.ConnectHandler_server:send:28 - sending data (59 bytes) to client#3...
2026-05-25 23:10:04.272 | INFO     | utils.ConnectHandler_server:send:34 - sending data (59 bytes) to client#3 completely
2026-05-25 23:10:30.983 | INFO     | utils.ConnectHandler_server:receive:71 - 19694250bytes data to be received from client#9

  0%|          | 0/19694250 [00:00<?, ?iteration/s]
  6%|▌         | 1176448/19694250 [00:00<00:01, 11756782.86iteration/s]
 12%|█▏        | 2352896/19694250 [00:00<00:01, 11749175.11iteration/s]
 18%|█▊        | 3529344/19694250 [00:00<00:01, 11745570.85iteration/s]
 24%|██▍       | 4704378/19694250 [00:00<00:01, 11733047.17iteration/s]
 30%|██▉       | 5880826/19694250 [00:00<00:01, 11734386.33iteration/s]
 36%|███▌      | 7057274/19694250 [00:00<00:01, 11738440.42iteration/s]
 42%|████▏     | 8232308/19694250 [00:00<00:00, 11731571.87iteration/s]
 48%|████▊     | 9410170/19694250 [00:00<00:00, 11728451.43iteration/s]
 54%|█████▍    | 10589446/19694250 [00:00<00:00, 11738109.65iteration/s]
 60%|█████▉    | 11771550/19694250 [00:01<00:00, 11733600.75iteration/s]
 66%|██████▌   | 12953654/19694250 [00:01<00:00, 11741201.08iteration/s]
 72%|███████▏  | 14134344/19694250 [00:01<00:00, 11737756.72iteration/s]
 78%|███████▊  | 15309378/19694250 [00:01<00:00, 11729640.30iteration/s]
 84%|████████▎ | 16485826/19694250 [00:01<00:00, 11733664.06iteration/s]
 90%|████████▉ | 17665102/19694250 [00:01<00:00, 11741359.48iteration/s]
 96%|█████████▌| 18841550/19694250 [00:01<00:00, 11742487.91iteration/s]2026-05-25 23:10:32.662 | INFO     | utils.ConnectHandler_server:receive:80 - receive completed

100%|██████████| 19694250/19694250 [00:01<00:00, 11674699.60iteration/s]
2026-05-25 23:10:32.681 | INFO     | __main__:<module>:438 - 2026-05-25 23:10:32 RECV round=50 token=1 cid=9 train_duration=110.93629360198975 battery=133109.74J
2026-05-25 23:10:32.681 | INFO     | utils.ConnectHandler_server:send:28 - sending data (59 bytes) to client#9...
2026-05-25 23:10:32.681 | INFO     | utils.ConnectHandler_server:send:34 - sending data (59 bytes) to client#9 completely
2026-05-25 23:10:35.455 | INFO     | __main__:<module>:552 - 2026-05-25 23:10:35 ROUND=50 end avg_acc=37.6900 best_acc=40.3250 duration=119.12s comm_mb=75.161 locations_after=[1, 0] checkpoint=logs_real/mmdfl_real_server/checkpoints/dfl_mm_seed1/checkpoint.pt
2026-05-25 23:10:35.456 | INFO     | __main__:<module>:374 - 2026-05-25 23:10:35 ROUND=51 start token_locations=[1, 0] active_clients=[0, 1, 2, 3, 4, 5, 6, 7, 8, 9]
2026-05-25 23:10:35.476 | INFO     | utils.ConnectHandler_server:send:28 - sending data (19699822 bytes) to client#1...
2026-05-25 23:10:37.047 | INFO     | utils.ConnectHandler_server:send:34 - sending data (19699822 bytes) to client#1 completely
2026-05-25 23:10:37.047 | INFO     | __main__:<module>:418 - 2026-05-25 23:10:37 SEND round=51 token=0 cid=1 payload_mb=18.787 duration=1.581s
2026-05-25 23:10:37.068 | INFO     | utils.ConnectHandler_server:send:28 - sending data (19699826 bytes) to client#0...
2026-05-25 23:10:38.778 | INFO     | utils.ConnectHandler_server:send:34 - sending data (19699826 bytes) to client#0 completely
2026-05-25 23:10:38.778 | INFO     | __main__:<module>:418 - 2026-05-25 23:10:38 SEND round=51 token=1 cid=0 payload_mb=18.787 duration=1.721s
2026-05-25 23:12:28.502 | INFO     | utils.ConnectHandler_server:receive:71 - 19696965bytes data to be received from client#1

  0%|          | 0/19696965 [00:00<?, ?iteration/s]
  6%|▌         | 1167088/19696965 [00:00<00:01, 11652028.08iteration/s]
 12%|█▏        | 2344312/19696965 [00:00<00:01, 11719119.89iteration/s]
 18%|█▊        | 3522984/19696965 [00:00<00:01, 11737919.60iteration/s]
 24%|██▍       | 4700208/19696965 [00:00<00:01, 11747075.11iteration/s]
 30%|██▉       | 5875984/19696965 [00:00<00:01, 11701893.78iteration/s]
 36%|███▌      | 7047416/19696965 [00:00<00:01, 11409171.13iteration/s]
 42%|████▏     | 8189888/19696965 [00:00<00:01, 10014730.55iteration/s]
 47%|████▋     | 9220864/19696965 [00:00<00:01, 8298589.98iteration/s] 
 51%|█████▏    | 10111384/19696965 [00:01<00:01, 7484946.00iteration/s]
 55%|█████▌    | 10907784/19696965 [00:01<00:01, 7003005.25iteration/s]
 59%|█████▉    | 11641920/19696965 [00:01<00:01, 6685613.11iteration/s]
 63%|██████▎   | 12338408/19696965 [00:01<00:01, 6725171.25iteration/s]
 69%|██████▊   | 13517080/19696965 [00:01<00:00, 8027537.33iteration/s]
 75%|███████▍  | 14697200/19696965 [00:01<00:00, 9040627.73iteration/s]
 81%|████████  | 15881664/19696965 [00:01<00:00, 9797979.52iteration/s]
 87%|████████▋ | 17060336/19696965 [00:01<00:00, 10355957.98iteration/s]
 93%|█████████▎| 18234664/19696965 [00:01<00:00, 10754977.17iteration/s]
 99%|█████████▊| 19413336/19696965 [00:02<00:00, 11050202.76iteration/s]2026-05-25 23:12:30.572 | INFO     | utils.ConnectHandler_server:receive:80 - receive completed

100%|██████████| 19696965/19696965 [00:02<00:00, 9481403.15iteration/s] 
2026-05-25 23:12:30.590 | INFO     | __main__:<module>:438 - 2026-05-25 23:12:30 RECV round=51 token=0 cid=1 train_duration=110.34480619430542 battery=134856.75J
2026-05-25 23:12:30.590 | INFO     | utils.ConnectHandler_server:send:28 - sending data (59 bytes) to client#1...
2026-05-25 23:12:30.590 | INFO     | utils.ConnectHandler_server:send:34 - sending data (59 bytes) to client#1 completely
2026-05-25 23:12:30.590 | INFO     | utils.ConnectHandler_server:receive:71 - 19696971bytes data to be received from client#0

  0%|          | 0/19696971 [00:00<?, ?iteration/s]
 29%|██▉       | 5777520/19696971 [00:00<00:00, 57606321.60iteration/s]
 59%|█████▊    | 11539112/19696971 [00:00<00:00, 17498881.47iteration/s]
 74%|███████▍  | 14605976/19696971 [00:00<00:00, 15207106.66iteration/s]
 85%|████████▌ | 16808384/19696971 [00:01<00:00, 14205882.50iteration/s]
 94%|█████████▍| 18611144/19696971 [00:01<00:00, 13580362.50iteration/s]2026-05-25 23:12:31.875 | INFO     | utils.ConnectHandler_server:receive:80 - receive completed

100%|██████████| 19696971/19696971 [00:01<00:00, 15219494.54iteration/s]
2026-05-25 23:12:31.894 | INFO     | __main__:<module>:438 - 2026-05-25 23:12:31 RECV round=51 token=1 cid=0 train_duration=109.21975636482239 battery=141507.14J
2026-05-25 23:12:31.894 | INFO     | utils.ConnectHandler_server:send:28 - sending data (59 bytes) to client#0...
2026-05-25 23:12:31.894 | INFO     | utils.ConnectHandler_server:send:34 - sending data (59 bytes) to client#0 completely
2026-05-25 23:12:34.671 | INFO     | __main__:<module>:552 - 2026-05-25 23:12:34 ROUND=51 end avg_acc=37.6650 best_acc=40.3250 duration=119.16s comm_mb=75.138 locations_after=[2, 1] checkpoint=logs_real/mmdfl_real_server/checkpoints/dfl_mm_seed1/checkpoint.pt
2026-05-25 23:12:34.671 | INFO     | __main__:<module>:374 - 2026-05-25 23:12:34 ROUND=52 start token_locations=[2, 1] active_clients=[0, 1, 2, 3, 4, 5, 6, 7, 8, 9]
2026-05-25 23:12:34.692 | INFO     | utils.ConnectHandler_server:send:28 - sending data (19699823 bytes) to client#2...
2026-05-25 23:12:36.281 | INFO     | utils.ConnectHandler_server:send:34 - sending data (19699823 bytes) to client#2 completely
2026-05-25 23:12:36.281 | INFO     | __main__:<module>:418 - 2026-05-25 23:12:36 SEND round=52 token=0 cid=2 payload_mb=18.787 duration=1.600s
2026-05-25 23:12:36.303 | INFO     | utils.ConnectHandler_server:send:28 - sending data (19699822 bytes) to client#1...
2026-05-25 23:12:37.954 | INFO     | utils.ConnectHandler_server:send:34 - sending data (19699822 bytes) to client#1 completely
2026-05-25 23:12:37.954 | INFO     | __main__:<module>:418 - 2026-05-25 23:12:37 SEND round=52 token=1 cid=1 payload_mb=18.787 duration=1.663s
2026-05-25 23:14:06.150 | INFO     | utils.ConnectHandler_server:receive:71 - 19696965bytes data to be received from client#2

  0%|          | 0/19696965 [00:00<?, ?iteration/s]
  6%|▌         | 1161296/19696965 [00:00<00:01, 11593373.76iteration/s]
 12%|█▏        | 2338520/19696965 [00:00<00:01, 11690952.87iteration/s]
 18%|█▊        | 3517192/19696965 [00:00<00:01, 11721916.13iteration/s]
 24%|██▍       | 4695864/19696965 [00:00<00:01, 11733487.69iteration/s]
 30%|██▉       | 5871640/19696965 [00:00<00:01, 11740830.64iteration/s]
 36%|███▌      | 7050312/19696965 [00:00<00:01, 11745862.75iteration/s]
 42%|████▏     | 8226088/19696965 [00:00<00:00, 11743415.82iteration/s]
 48%|████▊     | 9406208/19696965 [00:00<00:00, 11749820.92iteration/s]
 54%|█████▎    | 10581984/19696965 [00:00<00:00, 11745720.61iteration/s]
 60%|█████▉    | 11762104/19696965 [00:01<00:00, 11751503.49iteration/s]
 66%|██████▌   | 12937880/19696965 [00:01<00:00, 11746042.85iteration/s]
 72%|███████▏  | 14116552/19696965 [00:01<00:00, 11752588.16iteration/s]
 78%|███████▊  | 15296672/19696965 [00:01<00:00, 11759375.12iteration/s]
 84%|████████▎ | 16484032/19696965 [00:01<00:00, 11749229.06iteration/s]
 90%|████████▉ | 17664152/19696965 [00:01<00:00, 11742911.91iteration/s]
 96%|█████████▌| 18845720/19696965 [00:01<00:00, 11741282.54iteration/s]2026-05-25 23:14:07.829 | INFO     | utils.ConnectHandler_server:receive:80 - receive completed

100%|██████████| 19696965/19696965 [00:01<00:00, 11670438.73iteration/s]
2026-05-25 23:14:07.849 | INFO     | __main__:<module>:438 - 2026-05-25 23:14:07 RECV round=52 token=0 cid=2 train_duration=89.01678514480591 battery=141424.08J
2026-05-25 23:14:07.849 | INFO     | utils.ConnectHandler_server:send:28 - sending data (59 bytes) to client#2...
2026-05-25 23:14:07.849 | INFO     | utils.ConnectHandler_server:send:34 - sending data (59 bytes) to client#2 completely
2026-05-25 23:14:28.696 | INFO     | utils.ConnectHandler_server:receive:71 - 19696955bytes data to be received from client#1

  0%|          | 0/19696955 [00:00<?, ?iteration/s]
  6%|▌         | 1168536/19696955 [00:00<00:01, 11657660.47iteration/s]
 12%|█▏        | 2344312/19696955 [00:00<00:01, 11715605.17iteration/s]
 18%|█▊        | 3521536/19696955 [00:00<00:01, 11734957.13iteration/s]
 24%|██▍       | 4697312/19696955 [00:00<00:01, 11739717.42iteration/s]
 30%|██▉       | 5873088/19696955 [00:00<00:01, 11744941.85iteration/s]
 36%|███▌      | 7051760/19696955 [00:00<00:01, 11751164.47iteration/s]
 42%|████▏     | 8227536/19696955 [00:00<00:00, 11752434.79iteration/s]
 48%|████▊     | 9403312/19696955 [00:00<00:00, 11753945.40iteration/s]
 54%|█████▎    | 10581984/19696955 [00:00<00:00, 11753796.10iteration/s]
 60%|█████▉    | 11757760/19696955 [00:01<00:00, 11754226.96iteration/s]
 66%|██████▌   | 12937880/19696955 [00:01<00:00, 11763981.82iteration/s]
 72%|███████▏  | 14119448/19696955 [00:01<00:00, 11756133.44iteration/s]
 78%|███████▊  | 15305360/19696955 [00:01<00:00, 11753181.89iteration/s]
 84%|████████▎ | 16488376/19696955 [00:01<00:00, 11764123.93iteration/s]
 90%|████████▉ | 17677184/19696955 [00:01<00:00, 11761560.63iteration/s]
 96%|█████████▌| 18864544/19696955 [00:01<00:00, 11755563.32iteration/s]2026-05-25 23:14:30.373 | INFO     | utils.ConnectHandler_server:receive:80 - receive completed

100%|██████████| 19696955/19696955 [00:01<00:00, 11687047.92iteration/s]
2026-05-25 23:14:30.394 | INFO     | __main__:<module>:438 - 2026-05-25 23:14:30 RECV round=52 token=1 cid=1 train_duration=109.73335933685303 battery=133920.67J
2026-05-25 23:14:30.394 | INFO     | utils.ConnectHandler_server:send:28 - sending data (59 bytes) to client#1...
2026-05-25 23:14:30.394 | INFO     | utils.ConnectHandler_server:send:34 - sending data (59 bytes) to client#1 completely
2026-05-25 23:14:33.157 | INFO     | __main__:<module>:552 - 2026-05-25 23:14:33 ROUND=52 end avg_acc=29.7850 best_acc=40.3250 duration=118.43s comm_mb=75.138 locations_after=[5, 3] checkpoint=logs_real/mmdfl_real_server/checkpoints/dfl_mm_seed1/checkpoint.pt
2026-05-25 23:14:33.157 | INFO     | __main__:<module>:374 - 2026-05-25 23:14:33 ROUND=53 start token_locations=[5, 3] active_clients=[0, 1, 2, 3, 4, 5, 6, 7, 8, 9]
2026-05-25 23:14:33.182 | INFO     | utils.ConnectHandler_server:send:28 - sending data (19699823 bytes) to client#5...
2026-05-25 23:14:34.781 | INFO     | utils.ConnectHandler_server:send:34 - sending data (19699823 bytes) to client#5 completely
2026-05-25 23:14:34.781 | INFO     | __main__:<module>:418 - 2026-05-25 23:14:34 SEND round=53 token=0 cid=5 payload_mb=18.787 duration=1.615s
2026-05-25 23:14:34.802 | INFO     | utils.ConnectHandler_server:send:28 - sending data (19699828 bytes) to client#3...
2026-05-25 23:14:36.432 | INFO     | utils.ConnectHandler_server:send:34 - sending data (19699828 bytes) to client#3 completely
2026-05-25 23:14:36.432 | INFO     | __main__:<module>:418 - 2026-05-25 23:14:36 SEND round=53 token=1 cid=3 payload_mb=18.787 duration=1.640s
2026-05-25 23:16:01.896 | INFO     | utils.ConnectHandler_server:receive:71 - 19696975bytes data to be received from client#3

  0%|          | 0/19696975 [00:00<?, ?iteration/s]
  6%|▌         | 1164192/19696975 [00:00<00:01, 11616229.89iteration/s]
 12%|█▏        | 2342864/19696975 [00:00<00:01, 11703937.16iteration/s]
 18%|█▊        | 3517192/19696975 [00:00<00:01, 11713925.92iteration/s]
 24%|██▍       | 4692968/19696975 [00:00<00:01, 11730081.16iteration/s]
 30%|██▉       | 5873088/19696975 [00:00<00:01, 11742405.96iteration/s]
 36%|███▌      | 7050312/19696975 [00:00<00:01, 11748583.86iteration/s]
 42%|████▏     | 8226088/19696975 [00:00<00:00, 11745182.70iteration/s]
 48%|████▊     | 9407656/19696975 [00:00<00:00, 11757166.35iteration/s]
 54%|█████▍    | 10587776/19696975 [00:00<00:00, 11761103.47iteration/s]
 60%|█████▉    | 11770792/19696975 [00:01<00:00, 11761087.32iteration/s]
 66%|██████▌   | 12956704/19696975 [00:01<00:00, 11762013.98iteration/s]
 72%|███████▏  | 14135376/19696975 [00:01<00:00, 11759587.77iteration/s]
 78%|███████▊  | 15314048/19696975 [00:01<00:00, 11756686.81iteration/s]
 84%|████████▍ | 16497064/19696975 [00:01<00:00, 11762138.98iteration/s]
 90%|████████▉ | 17681528/19696975 [00:01<00:00, 11751855.59iteration/s]
 96%|█████████▌| 18870336/19696975 [00:01<00:00, 11757921.38iteration/s]2026-05-25 23:16:03.575 | INFO     | utils.ConnectHandler_server:receive:80 - receive completed

100%|██████████| 19696975/19696975 [00:01<00:00, 11678170.16iteration/s]
2026-05-25 23:16:03.593 | INFO     | __main__:<module>:438 - 2026-05-25 23:16:03 RECV round=53 token=1 cid=3 train_duration=84.71469020843506 battery=140551.63J
2026-05-25 23:16:03.594 | INFO     | utils.ConnectHandler_server:send:28 - sending data (59 bytes) to client#3...
2026-05-25 23:16:03.594 | INFO     | utils.ConnectHandler_server:send:34 - sending data (59 bytes) to client#3 completely
2026-05-25 23:16:58.312 | INFO     | utils.ConnectHandler_server:receive:71 - 19696989bytes data to be received from client#5

  0%|          | 0/19696989 [00:00<?, ?iteration/s]
  6%|▌         | 1174328/19696989 [00:00<00:01, 11715387.44iteration/s]
 12%|█▏        | 2354448/19696989 [00:00<00:01, 11748440.16iteration/s]
 18%|█▊        | 3530224/19696989 [00:00<00:01, 11748045.98iteration/s]
 24%|██▍       | 4708896/19696989 [00:00<00:01, 11754968.68iteration/s]
 30%|██▉       | 5886120/19696989 [00:00<00:01, 11753926.10iteration/s]
 36%|███▌      | 7061896/19696989 [00:00<00:01, 11747717.42iteration/s]
 42%|████▏     | 8242016/19696989 [00:00<00:00, 11755858.83iteration/s]
 48%|████▊     | 9425032/19696989 [00:00<00:00, 11758361.34iteration/s]
 54%|█████▍    | 10605152/19696989 [00:00<00:00, 11759964.34iteration/s]
 60%|█████▉    | 11789616/19696989 [00:01<00:00, 11761269.55iteration/s]
 66%|██████▌   | 12975528/19696989 [00:01<00:00, 11760603.39iteration/s]
 72%|███████▏  | 14158544/19696989 [00:01<00:00, 11752534.98iteration/s]
 78%|███████▊  | 15338664/19696989 [00:01<00:00, 11759301.00iteration/s]
 84%|████████▍ | 16515888/19696989 [00:01<00:00, 11753170.90iteration/s]
 90%|████████▉ | 17696008/19696989 [00:01<00:00, 11755731.48iteration/s]
 96%|█████████▌| 18884816/19696989 [00:01<00:00, 11753857.44iteration/s]2026-05-25 23:16:59.988 | INFO     | utils.ConnectHandler_server:receive:80 - receive completed

100%|██████████| 19696989/19696989 [00:01<00:00, 11693135.54iteration/s]
2026-05-25 23:17:00.007 | INFO     | __main__:<module>:438 - 2026-05-25 23:16:59 RECV round=53 token=0 cid=5 train_duration=142.78393983840942 battery=135573.71J
2026-05-25 23:17:00.007 | INFO     | utils.ConnectHandler_server:send:28 - sending data (59 bytes) to client#5...
2026-05-25 23:17:00.007 | INFO     | utils.ConnectHandler_server:send:34 - sending data (59 bytes) to client#5 completely
2026-05-25 23:17:02.773 | INFO     | __main__:<module>:552 - 2026-05-25 23:17:02 ROUND=53 end avg_acc=26.9450 best_acc=40.3250 duration=149.56s comm_mb=75.138 locations_after=[6, 4] checkpoint=logs_real/mmdfl_real_server/checkpoints/dfl_mm_seed1/checkpoint.pt
2026-05-25 23:17:02.774 | INFO     | __main__:<module>:374 - 2026-05-25 23:17:02 ROUND=54 start token_locations=[6, 4] active_clients=[0, 1, 2, 3, 4, 5, 6, 7, 8, 9]
2026-05-25 23:17:02.798 | INFO     | utils.ConnectHandler_server:send:28 - sending data (19699823 bytes) to client#6...
2026-05-25 23:17:04.336 | INFO     | utils.ConnectHandler_server:send:34 - sending data (19699823 bytes) to client#6 completely
2026-05-25 23:17:04.336 | INFO     | __main__:<module>:418 - 2026-05-25 23:17:04 SEND round=54 token=0 cid=6 payload_mb=18.787 duration=1.553s
2026-05-25 23:17:04.357 | INFO     | utils.ConnectHandler_server:send:28 - sending data (19699828 bytes) to client#4...
2026-05-25 23:17:06.030 | INFO     | utils.ConnectHandler_server:send:34 - sending data (19699828 bytes) to client#4 completely
2026-05-25 23:17:06.030 | INFO     | __main__:<module>:418 - 2026-05-25 23:17:06 SEND round=54 token=1 cid=4 payload_mb=18.787 duration=1.683s
2026-05-25 23:18:33.112 | INFO     | utils.ConnectHandler_server:receive:71 - 19696969bytes data to be received from client#4

  0%|          | 0/19696969 [00:00<?, ?iteration/s]
  6%|▌         | 1174328/19696969 [00:00<00:01, 11716585.78iteration/s]
 12%|█▏        | 2354448/19696969 [00:00<00:01, 11748786.98iteration/s]
 18%|█▊        | 3531672/19696969 [00:00<00:01, 11750097.41iteration/s]
 24%|██▍       | 4710344/19696969 [00:00<00:01, 11753282.97iteration/s]
 30%|██▉       | 5889016/19696969 [00:00<00:01, 11752543.55iteration/s]
 36%|███▌      | 7067688/19696969 [00:00<00:01, 11749837.19iteration/s]
 42%|████▏     | 8246360/19696969 [00:00<00:00, 11754413.69iteration/s]
 48%|████▊     | 9425032/19696969 [00:00<00:00, 11755403.09iteration/s]
 54%|█████▍    | 10600808/19696969 [00:00<00:00, 11753090.22iteration/s]
 60%|█████▉    | 11779480/19696969 [00:01<00:00, 11763279.90iteration/s]
 66%|██████▌   | 12958152/19696969 [00:01<00:00, 11759974.38iteration/s]
 72%|███████▏  | 14145512/19696969 [00:01<00:00, 11759014.38iteration/s]
 78%|███████▊  | 15324184/19696969 [00:01<00:00, 11753099.64iteration/s]
 84%|████████▍ | 16508648/19696969 [00:01<00:00, 11763010.51iteration/s]
 90%|████████▉ | 17693112/19696969 [00:01<00:00, 11752507.84iteration/s]
 96%|█████████▌| 18881920/19696969 [00:01<00:00, 11761752.97iteration/s]2026-05-25 23:18:34.789 | INFO     | utils.ConnectHandler_server:receive:80 - receive completed

100%|██████████| 19696969/19696969 [00:01<00:00, 11691424.22iteration/s]
2026-05-25 23:18:34.808 | INFO     | __main__:<module>:438 - 2026-05-25 23:18:34 RECV round=54 token=1 cid=4 train_duration=86.2806830406189 battery=140386.37J
2026-05-25 23:18:34.808 | INFO     | utils.ConnectHandler_server:send:28 - sending data (59 bytes) to client#4...
2026-05-25 23:18:34.808 | INFO     | utils.ConnectHandler_server:send:34 - sending data (59 bytes) to client#4 completely
2026-05-25 23:18:37.170 | INFO     | utils.ConnectHandler_server:receive:71 - 19696975bytes data to be received from client#6

  0%|          | 0/19696975 [00:00<?, ?iteration/s]
  6%|▌         | 1167088/19696975 [00:00<00:01, 11670640.71iteration/s]
 12%|█▏        | 2341416/19696975 [00:00<00:01, 11698724.56iteration/s]
 18%|█▊        | 3517192/19696975 [00:00<00:01, 11724915.44iteration/s]
 24%|██▍       | 4695864/19696975 [00:00<00:01, 11739611.13iteration/s]
 30%|██▉       | 5870192/19696975 [00:00<00:01, 11738426.21iteration/s]
 36%|███▌      | 7051760/19696975 [00:00<00:01, 11750124.76iteration/s]
 42%|████▏     | 8231880/19696975 [00:00<00:00, 11748878.79iteration/s]
 48%|████▊     | 9412000/19696975 [00:00<00:00, 11745016.04iteration/s]
 54%|█████▍    | 10587776/19696975 [00:00<00:00, 11747587.32iteration/s]
 60%|█████▉    | 11769344/19696975 [00:01<00:00, 11750987.59iteration/s]
 66%|██████▌   | 12953808/19696975 [00:01<00:00, 11756820.53iteration/s]
 72%|███████▏  | 14129584/19696975 [00:01<00:00, 11756641.28iteration/s]
 78%|███████▊  | 15306808/19696975 [00:01<00:00, 11747888.79iteration/s]
 84%|████████▎ | 16492720/19696975 [00:01<00:00, 11751152.52iteration/s]
 90%|████████▉ | 17680080/19696975 [00:01<00:00, 11753358.63iteration/s]
 96%|█████████▌| 18868888/19696975 [00:01<00:00, 11760418.30iteration/s]2026-05-25 23:18:38.849 | INFO     | utils.ConnectHandler_server:receive:80 - receive completed

100%|██████████| 19696975/19696975 [00:01<00:00, 11674877.77iteration/s]
2026-05-25 23:18:38.870 | INFO     | __main__:<module>:438 - 2026-05-25 23:18:38 RECV round=54 token=0 cid=6 train_duration=91.97223663330078 battery=143803.74J
2026-05-25 23:18:38.870 | INFO     | utils.ConnectHandler_server:send:28 - sending data (59 bytes) to client#6...
2026-05-25 23:18:38.870 | INFO     | utils.ConnectHandler_server:send:34 - sending data (59 bytes) to client#6 completely
2026-05-25 23:18:41.629 | INFO     | __main__:<module>:552 - 2026-05-25 23:18:41 ROUND=54 end avg_acc=34.4400 best_acc=40.3250 duration=98.80s comm_mb=75.138 locations_after=[7, 9] checkpoint=logs_real/mmdfl_real_server/checkpoints/dfl_mm_seed1/checkpoint.pt
2026-05-25 23:18:41.629 | INFO     | __main__:<module>:374 - 2026-05-25 23:18:41 ROUND=55 start token_locations=[7, 9] active_clients=[0, 1, 2, 3, 4, 5, 6, 7, 8, 9]
2026-05-25 23:18:41.655 | INFO     | utils.ConnectHandler_server:send:28 - sending data (19729794 bytes) to client#7...
2026-05-25 23:18:43.262 | INFO     | utils.ConnectHandler_server:send:34 - sending data (19729794 bytes) to client#7 completely
2026-05-25 23:18:43.263 | INFO     | __main__:<module>:418 - 2026-05-25 23:18:43 SEND round=55 token=0 cid=7 payload_mb=18.816 duration=1.623s
2026-05-25 23:18:43.285 | INFO     | utils.ConnectHandler_server:send:28 - sending data (19723706 bytes) to client#9...
2026-05-25 23:18:44.949 | INFO     | utils.ConnectHandler_server:send:34 - sending data (19723706 bytes) to client#9 completely
2026-05-25 23:18:44.949 | INFO     | __main__:<module>:418 - 2026-05-25 23:18:44 SEND round=55 token=1 cid=9 payload_mb=18.810 duration=1.675s
2026-05-25 23:20:36.211 | INFO     | utils.ConnectHandler_server:receive:71 - 19694250bytes data to be received from client#9

  0%|          | 0/19694250 [00:00<?, ?iteration/s]
  6%|▌         | 1131200/19694250 [00:00<00:01, 11287574.96iteration/s]
 12%|█▏        | 2306234/19694250 [00:00<00:01, 11549390.81iteration/s]
 18%|█▊        | 3482682/19694250 [00:00<00:01, 11639932.43iteration/s]
 24%|██▎       | 4656302/19694250 [00:00<00:01, 11675434.86iteration/s]
 30%|██▉       | 5832750/19694250 [00:00<00:01, 11702618.60iteration/s]
 36%|███▌      | 7010612/19694250 [00:00<00:01, 11716769.50iteration/s]
 42%|████▏     | 8187060/19694250 [00:00<00:00, 11722833.37iteration/s]
 48%|████▊     | 9369164/19694250 [00:00<00:00, 11729972.76iteration/s]
 54%|█████▎    | 10545612/19694250 [00:00<00:00, 11734761.26iteration/s]
 60%|█████▉    | 11724888/19694250 [00:01<00:00, 11740741.32iteration/s]
 66%|██████▌   | 12901336/19694250 [00:01<00:00, 11744274.89iteration/s]
 72%|███████▏  | 14083440/19694250 [00:01<00:00, 11737904.23iteration/s]
 77%|███████▋  | 15262716/19694250 [00:01<00:00, 11741902.96iteration/s]
 83%|████████▎ | 16441992/19694250 [00:01<00:00, 11739032.47iteration/s]
 89%|████████▉ | 17624096/19694250 [00:01<00:00, 11743486.74iteration/s]
 96%|█████████▌| 18811856/19694250 [00:01<00:00, 11747249.77iteration/s]2026-05-25 23:20:37.893 | INFO     | utils.ConnectHandler_server:receive:80 - receive completed

100%|██████████| 19694250/19694250 [00:01<00:00, 11651360.46iteration/s]
2026-05-25 23:20:37.911 | INFO     | __main__:<module>:438 - 2026-05-25 23:20:37 RECV round=55 token=1 cid=9 train_duration=110.85629677772522 battery=131242.12J
2026-05-25 23:20:37.911 | INFO     | utils.ConnectHandler_server:send:28 - sending data (59 bytes) to client#9...
2026-05-25 23:20:37.912 | INFO     | utils.ConnectHandler_server:send:34 - sending data (59 bytes) to client#9 completely
2026-05-25 23:20:43.185 | INFO     | utils.ConnectHandler_server:receive:71 - 19697437bytes data to be received from client#7

  0%|          | 0/19697437 [00:00<?, ?iteration/s]
  6%|▌         | 1162744/19697437 [00:00<00:01, 11617562.74iteration/s]
 12%|█▏        | 2332728/19697437 [00:00<00:01, 11650335.96iteration/s]
 18%|█▊        | 3499816/19697437 [00:00<00:01, 11650867.99iteration/s]
 24%|██▎       | 4666904/19697437 [00:00<00:01, 11650942.78iteration/s]
 30%|██▉       | 5842680/19697437 [00:00<00:01, 11673153.39iteration/s]
 36%|███▌      | 7017008/19697437 [00:00<00:01, 11686576.54iteration/s]
 42%|████▏     | 8195680/19697437 [00:00<00:00, 11706565.76iteration/s]
 48%|████▊     | 9374352/19697437 [00:00<00:00, 11722722.28iteration/s]
 54%|█████▎    | 10557368/19697437 [00:00<00:00, 11735706.70iteration/s]
 60%|█████▉    | 11741832/19697437 [00:01<00:00, 11742847.91iteration/s]
 66%|██████▌   | 12921952/19697437 [00:01<00:00, 11732067.25iteration/s]
 72%|███████▏  | 14106416/19697437 [00:01<00:00, 11733748.88iteration/s]
 78%|███████▊  | 15289432/19697437 [00:01<00:00, 11740253.88iteration/s]
 84%|████████▎ | 16471000/19697437 [00:01<00:00, 11740901.18iteration/s]
 90%|████████▉ | 17656912/19697437 [00:01<00:00, 11733876.35iteration/s]
 96%|█████████▌| 18834136/19697437 [00:01<00:00, 11725331.65iteration/s]2026-05-25 23:20:44.869 | INFO     | utils.ConnectHandler_server:receive:80 - receive completed

100%|██████████| 19697437/19697437 [00:01<00:00, 11643884.33iteration/s]
2026-05-25 23:20:44.887 | INFO     | __main__:<module>:438 - 2026-05-25 23:20:44 RECV round=55 token=0 cid=7 train_duration=119.42368173599243 battery=125514.01J
2026-05-25 23:20:44.887 | INFO     | utils.ConnectHandler_server:send:28 - sending data (59 bytes) to client#7...
2026-05-25 23:20:44.888 | INFO     | utils.ConnectHandler_server:send:34 - sending data (59 bytes) to client#7 completely
2026-05-25 23:20:47.672 | INFO     | __main__:<module>:552 - 2026-05-25 23:20:47 ROUND=55 end avg_acc=38.1700 best_acc=40.3250 duration=125.98s comm_mb=75.189 locations_after=[8, 0] checkpoint=logs_real/mmdfl_real_server/checkpoints/dfl_mm_seed1/checkpoint.pt
2026-05-25 23:20:47.672 | INFO     | __main__:<module>:374 - 2026-05-25 23:20:47 ROUND=56 start token_locations=[8, 0] active_clients=[0, 1, 2, 3, 4, 5, 6, 7, 8, 9]
2026-05-25 23:20:47.691 | INFO     | utils.ConnectHandler_server:send:28 - sending data (19735891 bytes) to client#8...
2026-05-25 23:20:49.273 | INFO     | utils.ConnectHandler_server:send:34 - sending data (19735891 bytes) to client#8 completely
2026-05-25 23:20:49.273 | INFO     | __main__:<module>:418 - 2026-05-25 23:20:49 SEND round=56 token=0 cid=8 payload_mb=18.822 duration=1.592s
2026-05-25 23:20:49.292 | INFO     | utils.ConnectHandler_server:send:28 - sending data (19699826 bytes) to client#0...
2026-05-25 23:20:50.963 | INFO     | utils.ConnectHandler_server:send:34 - sending data (19699826 bytes) to client#0 completely
2026-05-25 23:20:50.963 | INFO     | __main__:<module>:418 - 2026-05-25 23:20:50 SEND round=56 token=1 cid=0 payload_mb=18.787 duration=1.681s
2026-05-25 23:22:41.244 | INFO     | utils.ConnectHandler_server:receive:71 - 19696967bytes data to be received from client#0

  0%|          | 0/19696967 [00:00<?, ?iteration/s]
  6%|▌         | 1171432/19696967 [00:00<00:01, 11687024.39iteration/s]
 12%|█▏        | 2350104/19696967 [00:00<00:01, 11736886.95iteration/s]
 18%|█▊        | 3527328/19696967 [00:00<00:01, 11747832.33iteration/s]
 24%|██▍       | 4704552/19696967 [00:00<00:01, 11745567.71iteration/s]
 30%|██▉       | 5883224/19696967 [00:00<00:01, 11757647.78iteration/s]
 36%|███▌      | 7063344/19696967 [00:00<00:01, 11751108.75iteration/s]
 42%|████▏     | 8246360/19696967 [00:00<00:00, 11757515.85iteration/s]
 48%|████▊     | 9425032/19696967 [00:00<00:00, 11752991.50iteration/s]
 54%|█████▍    | 10609496/19696967 [00:00<00:00, 11758155.01iteration/s]
 60%|█████▉    | 11792512/19696967 [00:01<00:00, 11762754.85iteration/s]
 66%|██████▌   | 12969736/19696967 [00:01<00:00, 11756237.15iteration/s]
 72%|███████▏  | 14149856/19696967 [00:01<00:00, 11758450.53iteration/s]
 78%|███████▊  | 15335768/19696967 [00:01<00:00, 11765173.87iteration/s]
 84%|████████▍ | 16514440/19696967 [00:01<00:00, 11762241.67iteration/s]
 90%|████████▉ | 17694560/19696967 [00:01<00:00, 11754210.29iteration/s]
 96%|█████████▌| 18873232/19696967 [00:01<00:00, 11756466.27iteration/s]2026-05-25 23:22:42.920 | INFO     | utils.ConnectHandler_server:receive:80 - receive completed

100%|██████████| 19696967/19696967 [00:01<00:00, 11691302.25iteration/s]
2026-05-25 23:22:42.938 | INFO     | __main__:<module>:438 - 2026-05-25 23:22:42 RECV round=56 token=1 cid=0 train_duration=109.26923966407776 battery=140575.02J
2026-05-25 23:22:42.938 | INFO     | utils.ConnectHandler_server:send:28 - sending data (59 bytes) to client#0...
2026-05-25 23:22:42.938 | INFO     | utils.ConnectHandler_server:send:34 - sending data (59 bytes) to client#0 completely
2026-05-25 23:24:33.725 | INFO     | utils.ConnectHandler_server:receive:71 - 19697437bytes data to be received from client#8

  0%|          | 0/19697437 [00:00<?, ?iteration/s]
  6%|▌         | 1155504/19697437 [00:00<00:01, 11542254.73iteration/s]
 12%|█▏        | 2322592/19697437 [00:00<00:01, 11605053.03iteration/s]
 18%|█▊        | 3488232/19697437 [00:00<00:01, 11615647.27iteration/s]
 24%|██▎       | 4655320/19697437 [00:00<00:01, 11629176.71iteration/s]
 30%|██▉       | 5829648/19697437 [00:00<00:01, 11656484.21iteration/s]
 36%|███▌      | 7002528/19697437 [00:00<00:01, 11679561.98iteration/s]
 42%|████▏     | 8175408/19697437 [00:00<00:00, 11695425.69iteration/s]
 47%|████▋     | 9349736/19697437 [00:00<00:00, 11709150.89iteration/s]
 53%|█████▎    | 10526960/19697437 [00:00<00:00, 11718843.71iteration/s]
 59%|█████▉    | 11707080/19697437 [00:01<00:00, 11728033.89iteration/s]
 65%|██████▌   | 12887200/19697437 [00:01<00:00, 11722477.17iteration/s]
 71%|███████▏  | 14065872/19697437 [00:01<00:00, 11736459.89iteration/s]
 77%|███████▋  | 15241648/19697437 [00:01<00:00, 11736786.25iteration/s]
 83%|████████▎ | 16418872/19697437 [00:01<00:00, 11742514.84iteration/s]
 89%|████████▉ | 17597544/19697437 [00:01<00:00, 11735428.02iteration/s]
 95%|█████████▌| 18773320/19697437 [00:01<00:00, 11737910.33iteration/s]2026-05-25 23:24:35.409 | INFO     | utils.ConnectHandler_server:receive:80 - receive completed

100%|██████████| 19697437/19697437 [00:01<00:00, 11639187.85iteration/s]
2026-05-25 23:24:35.427 | INFO     | __main__:<module>:438 - 2026-05-25 23:24:35 RECV round=56 token=0 cid=8 train_duration=223.71930193901062 battery=118700.02J
2026-05-25 23:24:35.427 | INFO     | utils.ConnectHandler_server:send:28 - sending data (59 bytes) to client#8...
2026-05-25 23:24:35.427 | INFO     | utils.ConnectHandler_server:send:34 - sending data (59 bytes) to client#8 completely
2026-05-25 23:24:38.202 | INFO     | __main__:<module>:552 - 2026-05-25 23:24:38 ROUND=56 end avg_acc=36.2550 best_acc=40.3250 duration=230.47s comm_mb=75.172 locations_after=[9, 1] checkpoint=logs_real/mmdfl_real_server/checkpoints/dfl_mm_seed1/checkpoint.pt
2026-05-25 23:24:38.202 | INFO     | __main__:<module>:374 - 2026-05-25 23:24:38 ROUND=57 start token_locations=[9, 1] active_clients=[0, 1, 2, 3, 4, 5, 6, 7, 8, 9]
2026-05-25 23:24:38.221 | INFO     | utils.ConnectHandler_server:send:28 - sending data (19723706 bytes) to client#9...
2026-05-25 23:24:39.822 | INFO     | utils.ConnectHandler_server:send:34 - sending data (19723706 bytes) to client#9 completely
2026-05-25 23:24:39.822 | INFO     | __main__:<module>:418 - 2026-05-25 23:24:39 SEND round=57 token=0 cid=9 payload_mb=18.810 duration=1.610s
2026-05-25 23:24:39.841 | INFO     | utils.ConnectHandler_server:send:28 - sending data (19699822 bytes) to client#1...
2026-05-25 23:24:41.458 | INFO     | utils.ConnectHandler_server:send:34 - sending data (19699822 bytes) to client#1 completely
2026-05-25 23:24:41.459 | INFO     | __main__:<module>:418 - 2026-05-25 23:24:41 SEND round=57 token=1 cid=1 payload_mb=18.787 duration=1.628s
2026-05-25 23:26:32.578 | INFO     | utils.ConnectHandler_server:receive:71 - 19696963bytes data to be received from client#1

  0%|          | 0/19696963 [00:00<?, ?iteration/s]
  6%|▌         | 1169984/19696963 [00:00<00:01, 11665890.66iteration/s]
 12%|█▏        | 2350104/19696963 [00:00<00:01, 11729638.67iteration/s]
 18%|█▊        | 3527328/19696963 [00:00<00:01, 11740772.88iteration/s]
 24%|██▍       | 4703104/19696963 [00:00<00:01, 11743280.18iteration/s]
 30%|██▉       | 5883224/19696963 [00:00<00:01, 11749002.60iteration/s]
 36%|███▌      | 7059000/19696963 [00:00<00:01, 11751399.17iteration/s]
 42%|████▏     | 8237672/19696963 [00:00<00:00, 11755999.45iteration/s]
 48%|████▊     | 9416344/19696963 [00:00<00:00, 11763372.88iteration/s]
 54%|█████▍    | 10595016/19696963 [00:00<00:00, 11761209.74iteration/s]
 60%|█████▉    | 11775136/19696963 [00:01<00:00, 11753747.74iteration/s]
 66%|██████▌   | 12955256/19696963 [00:01<00:00, 11757798.96iteration/s]
 72%|███████▏  | 14142616/19696963 [00:01<00:00, 11759830.00iteration/s]
 78%|███████▊  | 15324184/19696963 [00:01<00:00, 11755878.45iteration/s]
 84%|████████▍ | 16512992/19696963 [00:01<00:00, 11631102.64iteration/s]
 90%|████████▉ | 17681528/19696963 [00:01<00:00, 10471458.10iteration/s]
 95%|█████████▌| 18751600/19696963 [00:01<00:00, 10464210.19iteration/s]2026-05-25 23:26:34.314 | INFO     | utils.ConnectHandler_server:receive:80 - receive completed

100%|██████████| 19696963/19696963 [00:01<00:00, 11292765.70iteration/s]
2026-05-25 23:26:34.334 | INFO     | __main__:<module>:438 - 2026-05-25 23:26:34 RECV round=57 token=1 cid=1 train_duration=110.11915636062622 battery=132981.30J
2026-05-25 23:26:34.334 | INFO     | utils.ConnectHandler_server:send:28 - sending data (59 bytes) to client#1...
2026-05-25 23:26:34.334 | INFO     | utils.ConnectHandler_server:send:34 - sending data (59 bytes) to client#1 completely
2026-05-25 23:26:34.335 | INFO     | utils.ConnectHandler_server:receive:71 - 19694250bytes data to be received from client#9

  0%|          | 0/19694250 [00:00<?, ?iteration/s]
  9%|▉         | 1853754/19694250 [00:00<00:00, 18519719.26iteration/s]
 19%|█▉        | 3707508/19694250 [00:00<00:01, 13828060.72iteration/s]
 26%|██▌       | 5161100/19694250 [00:00<00:01, 12908378.03iteration/s]
 33%|███▎      | 6491674/19694250 [00:00<00:01, 12484095.95iteration/s]
 39%|███▉      | 7764274/19694250 [00:00<00:00, 12246055.24iteration/s]
 46%|████▌     | 9002938/19694250 [00:00<00:00, 12084102.08iteration/s]
 52%|█████▏    | 10220392/19694250 [00:00<00:00, 11973563.09iteration/s]
 58%|█████▊    | 11426534/19694250 [00:00<00:00, 11905695.02iteration/s]
 64%|██████▍   | 12621364/19694250 [00:01<00:00, 11856391.04iteration/s]
 70%|███████   | 13811952/19694250 [00:01<00:00, 11827256.41iteration/s]
 76%|███████▌  | 15002540/19694250 [00:01<00:00, 11796130.00iteration/s]
 82%|████████▏ | 16183230/19694250 [00:01<00:00, 11789012.21iteration/s]
 88%|████████▊ | 17362506/19694250 [00:01<00:00, 11770751.33iteration/s]
 94%|█████████▍| 18547438/19694250 [00:01<00:00, 11767265.05iteration/s]2026-05-25 23:26:35.954 | INFO     | utils.ConnectHandler_server:receive:80 - receive completed

100%|██████████| 19694250/19694250 [00:01<00:00, 12094624.30iteration/s]
2026-05-25 23:26:35.973 | INFO     | __main__:<module>:438 - 2026-05-25 23:26:35 RECV round=57 token=0 cid=9 train_duration=113.61955213546753 battery=129327.95J
2026-05-25 23:26:35.973 | INFO     | utils.ConnectHandler_server:send:28 - sending data (59 bytes) to client#9...
2026-05-25 23:26:35.973 | INFO     | utils.ConnectHandler_server:send:34 - sending data (59 bytes) to client#9 completely
2026-05-25 23:26:38.737 | INFO     | __main__:<module>:552 - 2026-05-25 23:26:38 ROUND=57 end avg_acc=42.6350 best_acc=42.6350 duration=120.48s comm_mb=75.161 locations_after=[4, 2] checkpoint=logs_real/mmdfl_real_server/checkpoints/dfl_mm_seed1/checkpoint.pt
2026-05-25 23:26:38.737 | INFO     | __main__:<module>:374 - 2026-05-25 23:26:38 ROUND=58 start token_locations=[4, 2] active_clients=[0, 1, 2, 3, 4, 5, 6, 7, 8, 9]
2026-05-25 23:26:38.757 | INFO     | utils.ConnectHandler_server:send:28 - sending data (19699828 bytes) to client#4...
2026-05-25 23:26:40.300 | INFO     | utils.ConnectHandler_server:send:34 - sending data (19699828 bytes) to client#4 completely
2026-05-25 23:26:40.300 | INFO     | __main__:<module>:418 - 2026-05-25 23:26:40 SEND round=58 token=0 cid=4 payload_mb=18.787 duration=1.553s
2026-05-25 23:26:40.321 | INFO     | utils.ConnectHandler_server:send:28 - sending data (19699823 bytes) to client#2...
2026-05-25 23:26:42.011 | INFO     | utils.ConnectHandler_server:send:34 - sending data (19699823 bytes) to client#2 completely
2026-05-25 23:26:42.012 | INFO     | __main__:<module>:418 - 2026-05-25 23:26:42 SEND round=58 token=1 cid=2 payload_mb=18.787 duration=1.701s
2026-05-25 23:28:07.562 | INFO     | utils.ConnectHandler_server:receive:71 - 19696961bytes data to be received from client#4

  0%|          | 0/19696961 [00:00<?, ?iteration/s]
  6%|▌         | 1174328/19696961 [00:00<00:01, 11713855.05iteration/s]
 12%|█▏        | 2351552/19696961 [00:00<00:01, 11747166.30iteration/s]
 18%|█▊        | 3528776/19696961 [00:00<00:01, 11751862.56iteration/s]
 24%|██▍       | 4706000/19696961 [00:00<00:01, 11751339.91iteration/s]
 30%|██▉       | 5883224/19696961 [00:00<00:01, 11756621.76iteration/s]
 36%|███▌      | 7063344/19696961 [00:00<00:01, 11753386.81iteration/s]
 42%|████▏     | 8240568/19696961 [00:00<00:00, 11757824.21iteration/s]
 48%|████▊     | 9420688/19696961 [00:00<00:00, 11742234.45iteration/s]
 54%|█████▍    | 10597912/19696961 [00:00<00:00, 11748843.12iteration/s]
 60%|█████▉    | 11780928/19696961 [00:01<00:00, 11751586.03iteration/s]
 66%|██████▌   | 12963944/19696961 [00:01<00:00, 11752839.21iteration/s]
 72%|███████▏  | 14144064/19696961 [00:01<00:00, 11758521.87iteration/s]
 78%|███████▊  | 15327080/19696961 [00:01<00:00, 11764093.47iteration/s]
 84%|████████▍ | 16507200/19696961 [00:01<00:00, 11756919.04iteration/s]
 90%|████████▉ | 17690216/19696961 [00:01<00:00, 11757417.50iteration/s]
 96%|█████████▌| 18870336/19696961 [00:01<00:00, 11759713.30iteration/s]2026-05-25 23:28:09.239 | INFO     | utils.ConnectHandler_server:receive:80 - receive completed

100%|██████████| 19696961/19696961 [00:01<00:00, 11684816.65iteration/s]
2026-05-25 23:28:09.257 | INFO     | __main__:<module>:438 - 2026-05-25 23:28:09 RECV round=58 token=0 cid=4 train_duration=86.36117911338806 battery=139649.67J
2026-05-25 23:28:09.257 | INFO     | utils.ConnectHandler_server:send:28 - sending data (59 bytes) to client#4...
2026-05-25 23:28:09.258 | INFO     | utils.ConnectHandler_server:send:34 - sending data (59 bytes) to client#4 completely
2026-05-25 23:28:11.659 | INFO     | utils.ConnectHandler_server:receive:71 - 19696967bytes data to be received from client#2

  0%|          | 0/19696967 [00:00<?, ?iteration/s]
  6%|▌         | 1174328/19696967 [00:00<00:01, 11730090.90iteration/s]
 12%|█▏        | 2348656/19696967 [00:00<00:01, 11717746.64iteration/s]
 18%|█▊        | 3525880/19696967 [00:00<00:01, 11736619.66iteration/s]
 24%|██▍       | 4701656/19696967 [00:00<00:01, 11741218.90iteration/s]
 30%|██▉       | 5881776/19696967 [00:00<00:01, 11747888.28iteration/s]
 36%|███▌      | 7057552/19696967 [00:00<00:01, 11750207.00iteration/s]
 42%|████▏     | 8236224/19696967 [00:00<00:00, 11757429.91iteration/s]
 48%|████▊     | 9412000/19696967 [00:00<00:00, 11751461.19iteration/s]
 54%|█████▍    | 10595016/19696967 [00:00<00:00, 11749927.24iteration/s]
 60%|█████▉    | 11776584/19696967 [00:01<00:00, 11752508.13iteration/s]
 66%|██████▌   | 12959600/19696967 [00:01<00:00, 11761355.57iteration/s]
 72%|███████▏  | 14138272/19696967 [00:01<00:00, 11755194.33iteration/s]
 78%|███████▊  | 15316944/19696967 [00:01<00:00, 11752734.95iteration/s]
 84%|████████▍ | 16505752/19696967 [00:01<00:00, 11760526.55iteration/s]
 90%|████████▉ | 17682976/19696967 [00:01<00:00, 11751258.97iteration/s]
 96%|█████████▌| 18861648/19696967 [00:01<00:00, 11748086.52iteration/s]2026-05-25 23:28:13.337 | INFO     | utils.ConnectHandler_server:receive:80 - receive completed

100%|██████████| 19696967/19696967 [00:01<00:00, 11680769.28iteration/s]
2026-05-25 23:28:13.356 | INFO     | __main__:<module>:438 - 2026-05-25 23:28:13 RECV round=58 token=1 cid=2 train_duration=88.88414549827576 battery=140665.86J
2026-05-25 23:28:13.356 | INFO     | utils.ConnectHandler_server:send:28 - sending data (59 bytes) to client#2...
2026-05-25 23:28:13.356 | INFO     | utils.ConnectHandler_server:send:34 - sending data (59 bytes) to client#2 completely
2026-05-25 23:28:16.068 | INFO     | __main__:<module>:552 - 2026-05-25 23:28:16 ROUND=58 end avg_acc=25.5150 best_acc=42.6350 duration=97.28s comm_mb=75.138 locations_after=[5, 3] checkpoint=logs_real/mmdfl_real_server/checkpoints/dfl_mm_seed1/checkpoint.pt
2026-05-25 23:28:16.068 | INFO     | __main__:<module>:374 - 2026-05-25 23:28:16 ROUND=59 start token_locations=[5, 3] active_clients=[0, 1, 2, 3, 4, 5, 6, 7, 8, 9]
2026-05-25 23:28:16.089 | INFO     | utils.ConnectHandler_server:send:28 - sending data (19699823 bytes) to client#5...
2026-05-25 23:28:17.588 | INFO     | utils.ConnectHandler_server:send:34 - sending data (19699823 bytes) to client#5 completely
2026-05-25 23:28:17.588 | INFO     | __main__:<module>:418 - 2026-05-25 23:28:17 SEND round=59 token=0 cid=5 payload_mb=18.787 duration=1.510s
2026-05-25 23:28:17.608 | INFO     | utils.ConnectHandler_server:send:28 - sending data (19699828 bytes) to client#3...
2026-05-25 23:28:19.323 | INFO     | utils.ConnectHandler_server:send:34 - sending data (19699828 bytes) to client#3 completely
2026-05-25 23:28:19.323 | INFO     | __main__:<module>:418 - 2026-05-25 23:28:19 SEND round=59 token=1 cid=3 payload_mb=18.787 duration=1.725s
2026-05-25 23:29:44.087 | INFO     | utils.ConnectHandler_server:receive:71 - 19696965bytes data to be received from client#3

  0%|          | 0/19696965 [00:00<?, ?iteration/s]
  6%|▌         | 1177224/19696965 [00:00<00:01, 11755071.10iteration/s]
 12%|█▏        | 2353000/19696965 [00:00<00:01, 11752408.57iteration/s]
 18%|█▊        | 3530224/19696965 [00:00<00:01, 11758278.65iteration/s]
 24%|██▍       | 4707448/19696965 [00:00<00:01, 11758858.24iteration/s]
 30%|██▉       | 5884672/19696965 [00:00<00:01, 11749974.31iteration/s]
 36%|███▌      | 7063344/19696965 [00:00<00:01, 11756545.90iteration/s]
 42%|████▏     | 8240568/19696965 [00:00<00:00, 11758168.39iteration/s]
 48%|████▊     | 9420688/19696965 [00:00<00:00, 11761735.27iteration/s]
 54%|█████▍    | 10597912/19696965 [00:00<00:00, 11754807.03iteration/s]
 60%|█████▉    | 11775136/19696965 [00:01<00:00, 11755061.23iteration/s]
 66%|██████▌   | 12952360/19696965 [00:01<00:00, 11755466.70iteration/s]
 72%|███████▏  | 14132480/19696965 [00:01<00:00, 11765666.79iteration/s]
 78%|███████▊  | 15318392/19696965 [00:01<00:00, 11757194.99iteration/s]
 84%|████████▎ | 16495616/19696965 [00:01<00:00, 11756478.75iteration/s]
 90%|████████▉ | 17680080/19696965 [00:01<00:00, 11758949.24iteration/s]
 96%|█████████▌| 18858752/19696965 [00:01<00:00, 11765434.12iteration/s]2026-05-25 23:29:45.764 | INFO     | utils.ConnectHandler_server:receive:80 - receive completed

100%|██████████| 19696965/19696965 [00:01<00:00, 11689238.27iteration/s]
2026-05-25 23:29:45.785 | INFO     | __main__:<module>:438 - 2026-05-25 23:29:45 RECV round=59 token=1 cid=3 train_duration=84.05902743339539 battery=139834.57J
2026-05-25 23:29:45.785 | INFO     | utils.ConnectHandler_server:send:28 - sending data (59 bytes) to client#3...
2026-05-25 23:29:45.785 | INFO     | utils.ConnectHandler_server:send:34 - sending data (59 bytes) to client#3 completely
2026-05-25 23:30:46.832 | INFO     | utils.ConnectHandler_server:receive:71 - 19696965bytes data to be received from client#5

  0%|          | 0/19696965 [00:00<?, ?iteration/s]
  6%|▌         | 1172880/19696965 [00:00<00:01, 11713005.07iteration/s]
 12%|█▏        | 2350104/19696965 [00:00<00:01, 11738868.86iteration/s]
 18%|█▊        | 3527328/19696965 [00:00<00:01, 11748260.19iteration/s]
 24%|██▍       | 4704552/19696965 [00:00<00:01, 11742847.22iteration/s]
 30%|██▉       | 5884672/19696965 [00:00<00:01, 11755337.54iteration/s]
 36%|███▌      | 7061896/19696965 [00:00<00:01, 11753734.81iteration/s]
 42%|████▏     | 8242016/19696965 [00:00<00:00, 11760803.96iteration/s]
 48%|████▊     | 9422136/19696965 [00:00<00:00, 11752706.96iteration/s]
 54%|█████▍    | 10608048/19696965 [00:00<00:00, 11765141.02iteration/s]
 60%|█████▉    | 11792512/19696965 [00:01<00:00, 11759451.96iteration/s]
 66%|██████▌   | 12969736/19696965 [00:01<00:00, 11754894.37iteration/s]
 72%|███████▏  | 14152752/19696965 [00:01<00:00, 11757269.98iteration/s]
 78%|███████▊  | 15335768/19696965 [00:01<00:00, 11762557.90iteration/s]
 84%|████████▍ | 16512992/19696965 [00:01<00:00, 11759660.54iteration/s]
 90%|████████▉ | 17700352/19696965 [00:01<00:00, 11754605.58iteration/s]
 96%|█████████▌| 18879024/19696965 [00:01<00:00, 11761814.09iteration/s]2026-05-25 23:30:48.508 | INFO     | utils.ConnectHandler_server:receive:80 - receive completed

100%|██████████| 19696965/19696965 [00:01<00:00, 11692863.12iteration/s]
2026-05-25 23:30:48.527 | INFO     | __main__:<module>:438 - 2026-05-25 23:30:48 RECV round=59 token=0 cid=5 train_duration=148.336345911026 battery=134308.33J
2026-05-25 23:30:48.527 | INFO     | utils.ConnectHandler_server:send:28 - sending data (59 bytes) to client#5...
2026-05-25 23:30:48.527 | INFO     | utils.ConnectHandler_server:send:34 - sending data (59 bytes) to client#5 completely
2026-05-25 23:30:51.220 | INFO     | __main__:<module>:552 - 2026-05-25 23:30:51 ROUND=59 end avg_acc=28.2550 best_acc=42.6350 duration=155.10s comm_mb=75.138 locations_after=[6, 8] checkpoint=logs_real/mmdfl_real_server/checkpoints/dfl_mm_seed1/checkpoint.pt
2026-05-25 23:30:51.220 | INFO     | __main__:<module>:374 - 2026-05-25 23:30:51 ROUND=60 start token_locations=[6, 8] active_clients=[0, 1, 2, 3, 4, 5, 6, 7, 8, 9]
2026-05-25 23:30:51.285 | INFO     | utils.ConnectHandler_server:send:28 - sending data (19699823 bytes) to client#6...
2026-05-25 23:30:52.855 | INFO     | utils.ConnectHandler_server:send:34 - sending data (19699823 bytes) to client#6 completely
2026-05-25 23:30:52.855 | INFO     | __main__:<module>:418 - 2026-05-25 23:30:52 SEND round=60 token=0 cid=6 payload_mb=18.787 duration=1.625s
2026-05-25 23:30:52.875 | INFO     | utils.ConnectHandler_server:send:28 - sending data (19735891 bytes) to client#8...
2026-05-25 23:30:54.567 | INFO     | utils.ConnectHandler_server:send:34 - sending data (19735891 bytes) to client#8 completely
2026-05-25 23:30:54.567 | INFO     | __main__:<module>:418 - 2026-05-25 23:30:54 SEND round=60 token=1 cid=8 payload_mb=18.822 duration=1.702s
2026-05-25 23:32:26.730 | INFO     | utils.ConnectHandler_server:receive:71 - 19696967bytes data to be received from client#6

  0%|          | 0/19696967 [00:00<?, ?iteration/s]
  6%|▌         | 1175776/19696967 [00:00<00:01, 11744051.20iteration/s]
 12%|█▏        | 2353000/19696967 [00:00<00:01, 11757038.64iteration/s]
 18%|█▊        | 3528776/19696967 [00:00<00:01, 11752602.62iteration/s]
 24%|██▍       | 4706000/19696967 [00:00<00:01, 11752859.24iteration/s]
 30%|██▉       | 5883224/19696967 [00:00<00:01, 11756938.02iteration/s]
 36%|███▌      | 7060448/19696967 [00:00<00:01, 11753115.04iteration/s]
 42%|████▏     | 8239120/19696967 [00:00<00:00, 11754355.52iteration/s]
 48%|████▊     | 9422136/19696967 [00:00<00:00, 11759963.49iteration/s]
 54%|█████▍    | 10605152/19696967 [00:00<00:00, 11760924.32iteration/s]
 60%|█████▉    | 11782376/19696967 [00:01<00:00, 11759663.77iteration/s]
 66%|██████▌   | 12966840/19696967 [00:01<00:00, 11757632.58iteration/s]
 72%|███████▏  | 14149856/19696967 [00:01<00:00, 11745397.82iteration/s]
 78%|███████▊  | 15335768/19696967 [00:01<00:00, 11758184.92iteration/s]
 84%|████████▍ | 16515888/19696967 [00:01<00:00, 11755337.08iteration/s]
 90%|████████▉ | 17704696/19696967 [00:01<00:00, 11759369.85iteration/s]
 96%|█████████▌| 18887712/19696967 [00:01<00:00, 11759087.57iteration/s]2026-05-25 23:32:28.406 | INFO     | utils.ConnectHandler_server:receive:80 - receive completed

100%|██████████| 19696967/19696967 [00:01<00:00, 11693779.56iteration/s]
2026-05-25 23:32:28.424 | INFO     | __main__:<module>:438 - 2026-05-25 23:32:28 RECV round=60 token=0 cid=6 train_duration=93.06682991981506 battery=143009.83J
2026-05-25 23:32:28.424 | INFO     | utils.ConnectHandler_server:send:28 - sending data (59 bytes) to client#6...
2026-05-25 23:32:28.424 | INFO     | utils.ConnectHandler_server:send:34 - sending data (59 bytes) to client#6 completely
2026-05-25 23:34:39.051 | INFO     | utils.ConnectHandler_server:receive:71 - 19697437bytes data to be received from client#8

  0%|          | 0/19697437 [00:00<?, ?iteration/s]
  6%|▌         | 1158400/19697437 [00:00<00:01, 11563251.62iteration/s]
 12%|█▏        | 2322592/19697437 [00:00<00:01, 11608490.83iteration/s]
 18%|█▊        | 3489680/19697437 [00:00<00:01, 11632933.19iteration/s]
 24%|██▎       | 4656768/19697437 [00:00<00:01, 11637433.66iteration/s]
 30%|██▉       | 5832544/19697437 [00:00<00:01, 11666539.34iteration/s]
 36%|███▌      | 7008320/19697437 [00:00<00:01, 11695981.37iteration/s]
 42%|████▏     | 8186992/19697437 [00:00<00:00, 11718420.02iteration/s]
 48%|████▊     | 9364216/19697437 [00:00<00:00, 11723183.72iteration/s]
 54%|█████▎    | 10538544/19697437 [00:00<00:00, 11726440.68iteration/s]
 59%|█████▉    | 11717216/19697437 [00:01<00:00, 11731103.01iteration/s]
 66%|██████▌   | 12903128/19697437 [00:01<00:00, 11744332.46iteration/s]
 71%|███████▏  | 14083248/19697437 [00:01<00:00, 11738391.90iteration/s]
 77%|███████▋  | 15263368/19697437 [00:01<00:00, 11724871.53iteration/s]
 83%|████████▎ | 16440592/19697437 [00:01<00:00, 11737800.89iteration/s]
 89%|████████▉ | 17627952/19697437 [00:01<00:00, 11726304.62iteration/s]
 95%|█████████▌| 18805176/19697437 [00:01<00:00, 11726993.92iteration/s]2026-05-25 23:34:40.734 | INFO     | utils.ConnectHandler_server:receive:80 - receive completed

100%|██████████| 19697437/19697437 [00:01<00:00, 11648016.36iteration/s]
2026-05-25 23:34:40.751 | INFO     | __main__:<module>:438 - 2026-05-25 23:34:40 RECV round=60 token=1 cid=8 train_duration=223.81671857833862 battery=115255.33J
2026-05-25 23:34:40.751 | INFO     | utils.ConnectHandler_server:send:28 - sending data (59 bytes) to client#8...
2026-05-25 23:34:40.752 | INFO     | utils.ConnectHandler_server:send:34 - sending data (59 bytes) to client#8 completely
2026-05-25 23:34:43.471 | INFO     | __main__:<module>:552 - 2026-05-25 23:34:43 ROUND=60 end avg_acc=35.3600 best_acc=42.6350 duration=232.19s comm_mb=75.172 locations_after=[7, 3] checkpoint=logs_real/mmdfl_real_server/checkpoints/dfl_mm_seed1/checkpoint.pt
2026-05-25 23:34:43.471 | INFO     | __main__:<module>:374 - 2026-05-25 23:34:43 ROUND=61 start token_locations=[7, 3] active_clients=[0, 1, 2, 3, 4, 5, 6, 7, 8, 9]
2026-05-25 23:34:43.492 | INFO     | utils.ConnectHandler_server:send:28 - sending data (19729794 bytes) to client#7...
2026-05-25 23:34:45.099 | INFO     | utils.ConnectHandler_server:send:34 - sending data (19729794 bytes) to client#7 completely
2026-05-25 23:34:45.099 | INFO     | __main__:<module>:418 - 2026-05-25 23:34:45 SEND round=61 token=0 cid=7 payload_mb=18.816 duration=1.617s
2026-05-25 23:34:45.119 | INFO     | utils.ConnectHandler_server:send:28 - sending data (19699828 bytes) to client#3...
2026-05-25 23:34:46.755 | INFO     | utils.ConnectHandler_server:send:34 - sending data (19699828 bytes) to client#3 completely
2026-05-25 23:34:46.755 | INFO     | __main__:<module>:418 - 2026-05-25 23:34:46 SEND round=61 token=1 cid=3 payload_mb=18.787 duration=1.646s
2026-05-25 23:36:11.561 | INFO     | utils.ConnectHandler_server:receive:71 - 19696947bytes data to be received from client#3

  0%|          | 0/19696947 [00:00<?, ?iteration/s]
  6%|▌         | 1174328/19696947 [00:00<00:01, 11731906.97iteration/s]
 12%|█▏        | 2351552/19696947 [00:00<00:01, 11749403.17iteration/s]
 18%|█▊        | 3528776/19696947 [00:00<00:01, 11753091.12iteration/s]
 24%|██▍       | 4704552/19696947 [00:00<00:01, 11743537.68iteration/s]
 30%|██▉       | 5887568/19696947 [00:00<00:01, 11759555.79iteration/s]
 36%|███▌      | 7064792/19696947 [00:00<00:01, 11756101.25iteration/s]
 42%|████▏     | 8243464/19696947 [00:00<00:00, 11756748.59iteration/s]
 48%|████▊     | 9426480/19696947 [00:00<00:00, 11757285.73iteration/s]
 54%|█████▍    | 10606600/19696947 [00:00<00:00, 11755269.02iteration/s]
 60%|█████▉    | 11792512/19696947 [00:01<00:00, 11763182.38iteration/s]
 66%|██████▌   | 12975528/19696947 [00:01<00:00, 11762427.13iteration/s]
 72%|███████▏  | 14152752/19696947 [00:01<00:00, 11763356.28iteration/s]
 78%|███████▊  | 15335768/19696947 [00:01<00:00, 11754803.87iteration/s]
 84%|████████▍ | 16511544/19696947 [00:01<00:00, 11752095.85iteration/s]
 90%|████████▉ | 17698904/19696947 [00:01<00:00, 11748006.61iteration/s]
 96%|█████████▌| 18879024/19696947 [00:01<00:00, 11752590.20iteration/s]2026-05-25 23:36:13.238 | INFO     | utils.ConnectHandler_server:receive:80 - receive completed

100%|██████████| 19696947/19696947 [00:01<00:00, 11693464.79iteration/s]
2026-05-25 23:36:13.257 | INFO     | __main__:<module>:438 - 2026-05-25 23:36:13 RECV round=61 token=1 cid=3 train_duration=84.11432719230652 battery=139117.03J
2026-05-25 23:36:13.257 | INFO     | utils.ConnectHandler_server:send:28 - sending data (59 bytes) to client#3...
2026-05-25 23:36:13.257 | INFO     | utils.ConnectHandler_server:send:34 - sending data (59 bytes) to client#3 completely
2026-05-25 23:37:14.149 | INFO     | utils.ConnectHandler_server:receive:71 - 19697437bytes data to be received from client#7

  0%|          | 0/19697437 [00:00<?, ?iteration/s]
  6%|▌         | 1167088/19697437 [00:00<00:01, 11642356.35iteration/s]
 12%|█▏        | 2332728/19697437 [00:00<00:01, 11645541.25iteration/s]
 18%|█▊        | 3501264/19697437 [00:00<00:01, 11657132.80iteration/s]
 24%|██▎       | 4668352/19697437 [00:00<00:01, 11657319.45iteration/s]
 30%|██▉       | 5836888/19697437 [00:00<00:01, 11664561.03iteration/s]
 36%|███▌      | 7012664/19697437 [00:00<00:01, 11681572.63iteration/s]
 42%|████▏     | 8195680/19697437 [00:00<00:00, 11714623.53iteration/s]
 48%|████▊     | 9372904/19697437 [00:00<00:00, 11726832.65iteration/s]
 54%|█████▎    | 10550128/19697437 [00:00<00:00, 11731510.38iteration/s]
 60%|█████▉    | 11727352/19697437 [00:01<00:00, 11737391.34iteration/s]
 66%|██████▌   | 12907472/19697437 [00:01<00:00, 11742238.81iteration/s]
 72%|███████▏  | 14084696/19697437 [00:01<00:00, 11738919.12iteration/s]
 77%|███████▋  | 15260472/19697437 [00:01<00:00, 11739076.27iteration/s]
 83%|████████▎ | 16446384/19697437 [00:01<00:00, 11739559.96iteration/s]
 89%|████████▉ | 17623608/19697437 [00:01<00:00, 11737350.74iteration/s]
 95%|█████████▌| 18810968/19697437 [00:01<00:00, 11734165.20iteration/s]2026-05-25 23:37:15.831 | INFO     | utils.ConnectHandler_server:receive:80 - receive completed

100%|██████████| 19697437/19697437 [00:01<00:00, 11655966.90iteration/s]
2026-05-25 23:37:15.851 | INFO     | __main__:<module>:438 - 2026-05-25 23:37:15 RECV round=61 token=0 cid=7 train_duration=148.55246448516846 battery=123227.68J
2026-05-25 23:37:15.852 | INFO     | utils.ConnectHandler_server:send:28 - sending data (59 bytes) to client#7...
2026-05-25 23:37:15.852 | INFO     | utils.ConnectHandler_server:send:34 - sending data (59 bytes) to client#7 completely
2026-05-25 23:37:18.544 | INFO     | __main__:<module>:552 - 2026-05-25 23:37:18 ROUND=61 end avg_acc=34.6100 best_acc=42.6350 duration=155.02s comm_mb=75.167 locations_after=[1, 2] checkpoint=logs_real/mmdfl_real_server/checkpoints/dfl_mm_seed1/checkpoint.pt
2026-05-25 23:37:18.544 | INFO     | __main__:<module>:374 - 2026-05-25 23:37:18 ROUND=62 start token_locations=[1, 2] active_clients=[0, 1, 2, 3, 4, 5, 6, 7, 8, 9]
2026-05-25 23:37:18.569 | INFO     | utils.ConnectHandler_server:send:28 - sending data (19699822 bytes) to client#1...
2026-05-25 23:37:20.122 | INFO     | utils.ConnectHandler_server:send:34 - sending data (19699822 bytes) to client#1 completely
2026-05-25 23:37:20.122 | INFO     | __main__:<module>:418 - 2026-05-25 23:37:20 SEND round=62 token=0 cid=1 payload_mb=18.787 duration=1.568s
2026-05-25 23:37:20.143 | INFO     | utils.ConnectHandler_server:send:28 - sending data (19699823 bytes) to client#2...
2026-05-25 23:37:21.809 | INFO     | utils.ConnectHandler_server:send:34 - sending data (19699823 bytes) to client#2 completely
2026-05-25 23:37:21.809 | INFO     | __main__:<module>:418 - 2026-05-25 23:37:21 SEND round=62 token=1 cid=2 payload_mb=18.787 duration=1.677s
2026-05-25 23:38:51.632 | INFO     | utils.ConnectHandler_server:receive:71 - 19696961bytes data to be received from client#2

  0%|          | 0/19696961 [00:00<?, ?iteration/s]
  6%|▌         | 1142472/19696961 [00:00<00:01, 11401217.91iteration/s]
 12%|█▏        | 2319696/19696961 [00:00<00:01, 11613168.88iteration/s]
 18%|█▊        | 3496920/19696961 [00:00<00:01, 11678411.77iteration/s]
 24%|██▎       | 4674144/19696961 [00:00<00:01, 11710713.89iteration/s]
 30%|██▉       | 5847024/19696961 [00:00<00:01, 11679008.41iteration/s]
 36%|███▌      | 7025696/19696961 [00:00<00:01, 11708295.01iteration/s]
 42%|████▏     | 8204368/19696961 [00:00<00:00, 11722421.03iteration/s]
 48%|████▊     | 9383040/19696961 [00:00<00:00, 11729462.44iteration/s]
 54%|█████▎    | 10560264/19696961 [00:00<00:00, 11733297.80iteration/s]
 60%|█████▉    | 11740384/19696961 [00:01<00:00, 11734362.03iteration/s]
 66%|██████▌   | 12921952/19696961 [00:01<00:00, 11733910.50iteration/s]
 72%|███████▏  | 14100624/19696961 [00:01<00:00, 11745425.47iteration/s]
 78%|███████▊  | 15279296/19696961 [00:01<00:00, 11748739.91iteration/s]
 84%|████████▎ | 16465208/19696961 [00:01<00:00, 11744532.72iteration/s]
 90%|████████▉ | 17648224/19696961 [00:01<00:00, 11753586.73iteration/s]
 96%|█████████▌| 18825448/19696961 [00:01<00:00, 11753662.73iteration/s]2026-05-25 23:38:53.313 | INFO     | utils.ConnectHandler_server:receive:80 - receive completed

100%|██████████| 19696961/19696961 [00:01<00:00, 11659929.41iteration/s]
2026-05-25 23:38:53.331 | INFO     | __main__:<module>:438 - 2026-05-25 23:38:53 RECV round=62 token=1 cid=2 train_duration=89.05217099189758 battery=139906.20J
2026-05-25 23:38:53.331 | INFO     | utils.ConnectHandler_server:send:28 - sending data (59 bytes) to client#2...
2026-05-25 23:38:53.331 | INFO     | utils.ConnectHandler_server:send:34 - sending data (59 bytes) to client#2 completely
2026-05-25 23:39:11.425 | INFO     | utils.ConnectHandler_server:receive:71 - 19696973bytes data to be received from client#1

  0%|          | 0/19696973 [00:00<?, ?iteration/s]
  6%|▌         | 1169984/19696973 [00:00<00:01, 11666944.60iteration/s]
 12%|█▏        | 2347208/19696973 [00:00<00:01, 11726238.85iteration/s]
 18%|█▊        | 3522984/19696973 [00:00<00:01, 11737076.82iteration/s]
 24%|██▍       | 4700208/19696973 [00:00<00:01, 11744237.72iteration/s]
 30%|██▉       | 5880328/19696973 [00:00<00:01, 11747589.90iteration/s]
 36%|███▌      | 7057552/19696973 [00:00<00:01, 11747822.67iteration/s]
 42%|████▏     | 8237672/19696973 [00:00<00:00, 11758780.74iteration/s]
 48%|████▊     | 9414896/19696973 [00:00<00:00, 11759783.03iteration/s]
 54%|█████▍    | 10595016/19696973 [00:00<00:00, 11756597.06iteration/s]
 60%|█████▉    | 11780928/19696973 [00:01<00:00, 11761406.58iteration/s]
 66%|██████▌   | 12958152/19696973 [00:01<00:00, 11758248.06iteration/s]
 72%|███████▏  | 14138272/19696973 [00:01<00:00, 11760658.42iteration/s]
 78%|███████▊  | 15324184/19696973 [00:01<00:00, 11756567.56iteration/s]
 84%|████████▍ | 16504304/19696973 [00:01<00:00, 11763934.57iteration/s]
 90%|████████▉ | 17690216/19696973 [00:01<00:00, 11762279.21iteration/s]
 96%|█████████▌| 18879024/19696973 [00:01<00:00, 11756777.39iteration/s]2026-05-25 23:39:13.103 | INFO     | utils.ConnectHandler_server:receive:80 - receive completed

100%|██████████| 19696973/19696973 [00:01<00:00, 11685848.51iteration/s]
2026-05-25 23:39:13.121 | INFO     | __main__:<module>:438 - 2026-05-25 23:39:13 RECV round=62 token=0 cid=1 train_duration=110.20324516296387 battery=132041.21J
2026-05-25 23:39:13.121 | INFO     | utils.ConnectHandler_server:send:28 - sending data (59 bytes) to client#1...
2026-05-25 23:39:13.121 | INFO     | utils.ConnectHandler_server:send:34 - sending data (59 bytes) to client#1 completely
2026-05-25 23:39:15.829 | INFO     | __main__:<module>:552 - 2026-05-25 23:39:15 ROUND=62 end avg_acc=30.5850 best_acc=42.6350 duration=117.23s comm_mb=75.138 locations_after=[0, 5] checkpoint=logs_real/mmdfl_real_server/checkpoints/dfl_mm_seed1/checkpoint.pt
2026-05-25 23:39:15.829 | INFO     | __main__:<module>:374 - 2026-05-25 23:39:15 ROUND=63 start token_locations=[0, 5] active_clients=[0, 1, 2, 3, 4, 5, 6, 7, 8, 9]
2026-05-25 23:39:15.849 | INFO     | utils.ConnectHandler_server:send:28 - sending data (19699826 bytes) to client#0...
2026-05-25 23:39:17.410 | INFO     | utils.ConnectHandler_server:send:34 - sending data (19699826 bytes) to client#0 completely
2026-05-25 23:39:17.411 | INFO     | __main__:<module>:418 - 2026-05-25 23:39:17 SEND round=63 token=0 cid=0 payload_mb=18.787 duration=1.572s
2026-05-25 23:39:17.431 | INFO     | utils.ConnectHandler_server:send:28 - sending data (19699823 bytes) to client#5...
2026-05-25 23:39:19.084 | INFO     | utils.ConnectHandler_server:send:34 - sending data (19699823 bytes) to client#5 completely
2026-05-25 23:39:19.085 | INFO     | __main__:<module>:418 - 2026-05-25 23:39:19 SEND round=63 token=1 cid=5 payload_mb=18.787 duration=1.664s
2026-05-25 23:41:07.713 | INFO     | utils.ConnectHandler_server:receive:71 - 19696997bytes data to be received from client#0

  0%|          | 0/19696997 [00:00<?, ?iteration/s]
  6%|▌         | 1172880/19696997 [00:00<00:01, 11700691.36iteration/s]
 12%|█▏        | 2350104/19696997 [00:00<00:01, 11740111.98iteration/s]
 18%|█▊        | 3527328/19696997 [00:00<00:01, 11748412.47iteration/s]
 24%|██▍       | 4704552/19696997 [00:00<00:01, 11750356.81iteration/s]
 30%|██▉       | 5880328/19696997 [00:00<00:01, 11748910.47iteration/s]
 36%|███▌      | 7057552/19696997 [00:00<00:01, 11748836.80iteration/s]
 42%|████▏     | 8239120/19696997 [00:00<00:00, 11753657.31iteration/s]
 48%|████▊     | 9423584/19696997 [00:00<00:00, 11763101.27iteration/s]
 54%|█████▍    | 10606600/19696997 [00:00<00:00, 11762040.24iteration/s]
 60%|█████▉    | 11789616/19696997 [00:01<00:00, 11756446.25iteration/s]
 66%|██████▌   | 12969736/19696997 [00:01<00:00, 11758795.23iteration/s]
 72%|███████▏  | 14152752/19696997 [00:01<00:00, 11757267.46iteration/s]
 78%|███████▊  | 15332872/19696997 [00:01<00:00, 11750777.05iteration/s]
 84%|████████▍ | 16524576/19696997 [00:01<00:00, 11764292.21iteration/s]
 90%|████████▉ | 17704696/19696997 [00:01<00:00, 11764672.77iteration/s]
 96%|█████████▌| 18886264/19696997 [00:01<00:00, 11762052.09iteration/s]2026-05-25 23:41:09.390 | INFO     | utils.ConnectHandler_server:receive:80 - receive completed

100%|██████████| 19696997/19696997 [00:01<00:00, 11690335.71iteration/s]
2026-05-25 23:41:09.409 | INFO     | __main__:<module>:438 - 2026-05-25 23:41:09 RECV round=63 token=0 cid=0 train_duration=109.1867949962616 battery=139643.60J
2026-05-25 23:41:09.409 | INFO     | utils.ConnectHandler_server:send:28 - sending data (59 bytes) to client#0...
2026-05-25 23:41:09.409 | INFO     | utils.ConnectHandler_server:send:34 - sending data (59 bytes) to client#0 completely
2026-05-25 23:41:33.648 | INFO     | utils.ConnectHandler_server:receive:71 - 19696967bytes data to be received from client#5

  0%|          | 0/19696967 [00:00<?, ?iteration/s]
  6%|▌         | 1175776/19696967 [00:00<00:01, 11736895.92iteration/s]
 12%|█▏        | 2353000/19696967 [00:00<00:01, 11748753.83iteration/s]
 18%|█▊        | 3530224/19696967 [00:00<00:01, 11757185.25iteration/s]
 24%|██▍       | 4708896/19696967 [00:00<00:01, 11753905.06iteration/s]
 30%|██▉       | 5887568/19696967 [00:00<00:01, 11753697.14iteration/s]
 36%|███▌      | 7064792/19696967 [00:00<00:01, 11757445.76iteration/s]
 42%|████▏     | 8247808/19696967 [00:00<00:00, 11761424.49iteration/s]
 48%|████▊     | 9429376/19696967 [00:00<00:00, 11753122.73iteration/s]
 54%|█████▍    | 10612392/19696967 [00:00<00:00, 11755325.27iteration/s]
 60%|█████▉    | 11788168/19696967 [00:01<00:00, 11753611.67iteration/s]
 66%|██████▌   | 12974080/19696967 [00:01<00:00, 11755237.27iteration/s]
 72%|███████▏  | 14157096/19696967 [00:01<00:00, 11758194.72iteration/s]
 78%|███████▊  | 15337216/19696967 [00:01<00:00, 11759940.07iteration/s]
 84%|████████▍ | 16517336/19696967 [00:01<00:00, 11761449.59iteration/s]
 90%|████████▉ | 17703248/19696967 [00:01<00:00, 11765675.55iteration/s]
 96%|█████████▌| 18883368/19696967 [00:01<00:00, 11762295.45iteration/s]2026-05-25 23:41:35.325 | INFO     | utils.ConnectHandler_server:receive:80 - receive completed

100%|██████████| 19696967/19696967 [00:01<00:00, 11690784.41iteration/s]
2026-05-25 23:41:35.343 | INFO     | __main__:<module>:438 - 2026-05-25 23:41:35 RECV round=63 token=1 cid=5 train_duration=133.787029504776 battery=133167.06J
2026-05-25 23:41:35.343 | INFO     | utils.ConnectHandler_server:send:28 - sending data (59 bytes) to client#5...
2026-05-25 23:41:35.343 | INFO     | utils.ConnectHandler_server:send:34 - sending data (59 bytes) to client#5 completely
2026-05-25 23:41:38.057 | INFO     | __main__:<module>:552 - 2026-05-25 23:41:37 ROUND=63 end avg_acc=26.3800 best_acc=42.6350 duration=142.17s comm_mb=75.138 locations_after=[9, 4] checkpoint=logs_real/mmdfl_real_server/checkpoints/dfl_mm_seed1/checkpoint.pt
2026-05-25 23:41:38.057 | INFO     | __main__:<module>:374 - 2026-05-25 23:41:38 ROUND=64 start token_locations=[9, 4] active_clients=[0, 1, 2, 3, 4, 5, 6, 7, 8, 9]
2026-05-25 23:41:38.078 | INFO     | utils.ConnectHandler_server:send:28 - sending data (19723706 bytes) to client#9...
2026-05-25 23:41:39.678 | INFO     | utils.ConnectHandler_server:send:34 - sending data (19723706 bytes) to client#9 completely
2026-05-25 23:41:39.678 | INFO     | __main__:<module>:418 - 2026-05-25 23:41:39 SEND round=64 token=0 cid=9 payload_mb=18.810 duration=1.611s
2026-05-25 23:41:39.698 | INFO     | utils.ConnectHandler_server:send:28 - sending data (19699828 bytes) to client#4...
2026-05-25 23:41:41.307 | INFO     | utils.ConnectHandler_server:send:34 - sending data (19699828 bytes) to client#4 completely
2026-05-25 23:41:41.307 | INFO     | __main__:<module>:418 - 2026-05-25 23:41:41 SEND round=64 token=1 cid=4 payload_mb=18.787 duration=1.619s
2026-05-25 23:43:08.725 | INFO     | utils.ConnectHandler_server:receive:71 - 19696949bytes data to be received from client#4

  0%|          | 0/19696949 [00:00<?, ?iteration/s]
  6%|▌         | 1172880/19696949 [00:00<00:01, 11721014.50iteration/s]
 12%|█▏        | 2350104/19696949 [00:00<00:01, 11746303.54iteration/s]
 18%|█▊        | 3525880/19696949 [00:00<00:01, 11748264.95iteration/s]
 24%|██▍       | 4703104/19696949 [00:00<00:01, 11751174.26iteration/s]
 30%|██▉       | 5878880/19696949 [00:00<00:01, 11752915.52iteration/s]
 36%|███▌      | 7057552/19696949 [00:00<00:01, 11753493.91iteration/s]
 42%|████▏     | 8242016/19696949 [00:00<00:00, 11763289.11iteration/s]
 48%|████▊     | 9419240/19696949 [00:00<00:00, 11756784.12iteration/s]
 54%|█████▍    | 10599360/19696949 [00:00<00:00, 11761459.89iteration/s]
 60%|█████▉    | 11783824/19696949 [00:01<00:00, 11756320.47iteration/s]
 66%|██████▌   | 12961048/19696949 [00:01<00:00, 11760513.98iteration/s]
 72%|███████▏  | 14144064/19696949 [00:01<00:00, 11756855.60iteration/s]
 78%|███████▊  | 15324184/19696949 [00:01<00:00, 11760217.24iteration/s]
 84%|████████▍ | 16510096/19696949 [00:01<00:00, 11757006.37iteration/s]
 90%|████████▉ | 17687320/19696949 [00:01<00:00, 11757930.77iteration/s]
 96%|█████████▌| 18873232/19696949 [00:01<00:00, 11765623.08iteration/s]2026-05-25 23:43:10.402 | INFO     | utils.ConnectHandler_server:receive:80 - receive completed

100%|██████████| 19696949/19696949 [00:01<00:00, 11693368.33iteration/s]
2026-05-25 23:43:10.420 | INFO     | __main__:<module>:438 - 2026-05-25 23:43:10 RECV round=64 token=1 cid=4 train_duration=86.63328742980957 battery=138910.64J
2026-05-25 23:43:10.420 | INFO     | utils.ConnectHandler_server:send:28 - sending data (59 bytes) to client#4...
2026-05-25 23:43:10.420 | INFO     | utils.ConnectHandler_server:send:34 - sending data (59 bytes) to client#4 completely
2026-05-25 23:43:34.119 | INFO     | utils.ConnectHandler_server:receive:71 - 19694250bytes data to be received from client#9

  0%|          | 0/19694250 [00:00<?, ?iteration/s]
  6%|▌         | 1176448/19694250 [00:00<00:01, 11753086.44iteration/s]
 12%|█▏        | 2354310/19694250 [00:00<00:01, 11753507.92iteration/s]
 18%|█▊        | 3530758/19694250 [00:00<00:01, 11747938.28iteration/s]
 24%|██▍       | 4707206/19694250 [00:00<00:01, 11743601.09iteration/s]
 30%|██▉       | 5882240/19694250 [00:00<00:01, 11742593.87iteration/s]
 36%|███▌      | 7057274/19694250 [00:00<00:01, 11737757.68iteration/s]
 42%|████▏     | 8232308/19694250 [00:00<00:00, 11741778.73iteration/s]
 48%|████▊     | 9414412/19694250 [00:00<00:00, 11748079.80iteration/s]
 54%|█████▍    | 10592274/19694250 [00:00<00:00, 11742411.44iteration/s]
 60%|█████▉    | 11771550/19694250 [00:01<00:00, 11737493.26iteration/s]
 66%|██████▌   | 12953654/19694250 [00:01<00:00, 11740186.36iteration/s]
 72%|███████▏  | 14135758/19694250 [00:01<00:00, 11742397.39iteration/s]
 78%|███████▊  | 15315034/19694250 [00:01<00:00, 11741201.70iteration/s]
 84%|████████▍ | 16494310/19694250 [00:01<00:00, 11748967.37iteration/s]
 90%|████████▉ | 17679242/19694250 [00:01<00:00, 11747144.67iteration/s]
 96%|█████████▌| 18855690/19694250 [00:01<00:00, 11746132.12iteration/s]2026-05-25 23:43:35.798 | INFO     | utils.ConnectHandler_server:receive:80 - receive completed

100%|██████████| 19694250/19694250 [00:01<00:00, 11678428.21iteration/s]
2026-05-25 23:43:35.815 | INFO     | __main__:<module>:438 - 2026-05-25 23:43:35 RECV round=64 token=0 cid=9 train_duration=113.96694111824036 battery=127407.93J
2026-05-25 23:43:35.815 | INFO     | utils.ConnectHandler_server:send:28 - sending data (59 bytes) to client#9...
2026-05-25 23:43:35.815 | INFO     | utils.ConnectHandler_server:send:34 - sending data (59 bytes) to client#9 completely
2026-05-25 23:43:38.521 | INFO     | __main__:<module>:552 - 2026-05-25 23:43:38 ROUND=64 end avg_acc=40.4000 best_acc=42.6350 duration=120.40s comm_mb=75.161 locations_after=[8, 3] checkpoint=logs_real/mmdfl_real_server/checkpoints/dfl_mm_seed1/checkpoint.pt
2026-05-25 23:43:38.521 | INFO     | __main__:<module>:374 - 2026-05-25 23:43:38 ROUND=65 start token_locations=[8, 3] active_clients=[0, 1, 2, 3, 4, 5, 6, 7, 8, 9]
2026-05-25 23:43:38.540 | INFO     | utils.ConnectHandler_server:send:28 - sending data (19735891 bytes) to client#8...
2026-05-25 23:43:40.103 | INFO     | utils.ConnectHandler_server:send:34 - sending data (19735891 bytes) to client#8 completely
2026-05-25 23:43:40.103 | INFO     | __main__:<module>:418 - 2026-05-25 23:43:40 SEND round=65 token=0 cid=8 payload_mb=18.822 duration=1.573s
2026-05-25 23:43:40.121 | INFO     | utils.ConnectHandler_server:send:28 - sending data (19699828 bytes) to client#3...
2026-05-25 23:43:41.794 | INFO     | utils.ConnectHandler_server:send:34 - sending data (19699828 bytes) to client#3 completely
2026-05-25 23:43:41.794 | INFO     | __main__:<module>:418 - 2026-05-25 23:43:41 SEND round=65 token=1 cid=3 payload_mb=18.787 duration=1.683s
2026-05-25 23:45:06.511 | INFO     | utils.ConnectHandler_server:receive:71 - 19696975bytes data to be received from client#3

  0%|          | 0/19696975 [00:00<?, ?iteration/s]
  6%|▌         | 1172880/19696975 [00:00<00:01, 11713562.86iteration/s]
 12%|█▏        | 2348656/19696975 [00:00<00:01, 11735951.20iteration/s]
 18%|█▊        | 3525880/19696975 [00:00<00:01, 11748581.34iteration/s]
 24%|██▍       | 4703104/19696975 [00:00<00:01, 11744165.59iteration/s]
 30%|██▉       | 5883224/19696975 [00:00<00:01, 11758736.37iteration/s]
 36%|███▌      | 7060448/19696975 [00:00<00:01, 11754198.52iteration/s]
 42%|████▏     | 8242016/19696975 [00:00<00:00, 11756238.47iteration/s]
 48%|████▊     | 9419240/19696975 [00:00<00:00, 11758832.27iteration/s]
 54%|█████▍    | 10596464/19696975 [00:00<00:00, 11756782.36iteration/s]
 60%|█████▉    | 11776584/19696975 [00:01<00:00, 11757542.23iteration/s]
 66%|██████▌   | 12959600/19696975 [00:01<00:00, 11760816.51iteration/s]
 72%|███████▏  | 14139720/19696975 [00:01<00:00, 11757150.19iteration/s]
 78%|███████▊  | 15319840/19696975 [00:01<00:00, 11758418.16iteration/s]
 84%|████████▍ | 16497064/19696975 [00:01<00:00, 11761141.29iteration/s]
 90%|████████▉ | 17685872/19696975 [00:01<00:00, 11758336.00iteration/s]
 96%|█████████▌| 18874680/19696975 [00:01<00:00, 11759320.52iteration/s]2026-05-25 23:45:08.189 | INFO     | utils.ConnectHandler_server:receive:80 - receive completed

100%|██████████| 19696975/19696975 [00:01<00:00, 11686102.61iteration/s]
2026-05-25 23:45:08.207 | INFO     | __main__:<module>:438 - 2026-05-25 23:45:08 RECV round=65 token=1 cid=3 train_duration=83.99410128593445 battery=138400.52J
2026-05-25 23:45:08.207 | INFO     | utils.ConnectHandler_server:send:28 - sending data (59 bytes) to client#3...
2026-05-25 23:45:08.207 | INFO     | utils.ConnectHandler_server:send:34 - sending data (59 bytes) to client#3 completely
2026-05-25 23:47:24.776 | INFO     | utils.ConnectHandler_server:receive:71 - 19697437bytes data to be received from client#8

  0%|          | 0/19697437 [00:00<?, ?iteration/s]
  6%|▌         | 1156952/19697437 [00:00<00:01, 11545692.56iteration/s]
 12%|█▏        | 2322592/19697437 [00:00<00:01, 11604749.08iteration/s]
 18%|█▊        | 3488232/19697437 [00:00<00:01, 11622644.44iteration/s]
 24%|██▎       | 4652424/19697437 [00:00<00:01, 11619226.11iteration/s]
 30%|██▉       | 5828200/19697437 [00:00<00:01, 11658168.88iteration/s]
 36%|███▌      | 7005424/19697437 [00:00<00:01, 11687150.62iteration/s]
 42%|████▏     | 8181200/19697437 [00:00<00:00, 11705284.86iteration/s]
 48%|████▊     | 9364216/19697437 [00:00<00:00, 11726528.98iteration/s]
 54%|█████▎    | 10539992/19697437 [00:00<00:00, 11723404.86iteration/s]
 60%|█████▉    | 11723008/19697437 [00:01<00:00, 11730654.74iteration/s]
 65%|██████▌   | 12897336/19697437 [00:01<00:00, 11729535.68iteration/s]
 71%|███████▏  | 14073112/19697437 [00:01<00:00, 11733409.89iteration/s]
 77%|███████▋  | 15250336/19697437 [00:01<00:00, 11733101.04iteration/s]
 83%|████████▎ | 16429008/19697437 [00:01<00:00, 11736184.99iteration/s]
 89%|████████▉ | 17617816/19697437 [00:01<00:00, 11741584.97iteration/s]
 95%|█████████▌| 18799384/19697437 [00:01<00:00, 11737190.34iteration/s]2026-05-25 23:47:26.460 | INFO     | utils.ConnectHandler_server:receive:80 - receive completed

100%|██████████| 19697437/19697437 [00:01<00:00, 11640806.50iteration/s]
2026-05-25 23:47:26.478 | INFO     | __main__:<module>:438 - 2026-05-25 23:47:26 RECV round=65 token=0 cid=8 train_duration=223.88109850883484 battery=111809.64J
2026-05-25 23:47:26.478 | INFO     | utils.ConnectHandler_server:send:28 - sending data (59 bytes) to client#8...
2026-05-25 23:47:26.478 | INFO     | utils.ConnectHandler_server:send:34 - sending data (59 bytes) to client#8 completely
2026-05-25 23:47:29.194 | INFO     | __main__:<module>:552 - 2026-05-25 23:47:29 ROUND=65 end avg_acc=37.8900 best_acc=42.6350 duration=230.61s comm_mb=75.172 locations_after=[5, 2] checkpoint=logs_real/mmdfl_real_server/checkpoints/dfl_mm_seed1/checkpoint.pt
2026-05-25 23:47:29.195 | INFO     | __main__:<module>:374 - 2026-05-25 23:47:29 ROUND=66 start token_locations=[5, 2] active_clients=[0, 1, 2, 3, 4, 5, 6, 7, 8, 9]
2026-05-25 23:47:29.215 | INFO     | utils.ConnectHandler_server:send:28 - sending data (19699823 bytes) to client#5...
2026-05-25 23:47:30.746 | INFO     | utils.ConnectHandler_server:send:34 - sending data (19699823 bytes) to client#5 completely
2026-05-25 23:47:30.746 | INFO     | __main__:<module>:418 - 2026-05-25 23:47:30 SEND round=66 token=0 cid=5 payload_mb=18.787 duration=1.542s
2026-05-25 23:47:30.767 | INFO     | utils.ConnectHandler_server:send:28 - sending data (19699823 bytes) to client#2...
2026-05-25 23:47:32.455 | INFO     | utils.ConnectHandler_server:send:34 - sending data (19699823 bytes) to client#2 completely
2026-05-25 23:47:32.456 | INFO     | __main__:<module>:418 - 2026-05-25 23:47:32 SEND round=66 token=1 cid=2 payload_mb=18.787 duration=1.700s
2026-05-25 23:49:02.405 | INFO     | utils.ConnectHandler_server:receive:71 - 19696971bytes data to be received from client#2

  0%|          | 0/19696971 [00:00<?, ?iteration/s]
  6%|▌         | 1175776/19696971 [00:00<00:01, 11733461.13iteration/s]
 12%|█▏        | 2353000/19696971 [00:00<00:01, 11752076.56iteration/s]
 18%|█▊        | 3530224/19696971 [00:00<00:01, 11757547.51iteration/s]
 24%|██▍       | 4706000/19696971 [00:00<00:01, 11747082.62iteration/s]
 30%|██▉       | 5884672/19696971 [00:00<00:01, 11750678.01iteration/s]
 36%|███▌      | 7064792/19696971 [00:00<00:01, 11755921.78iteration/s]
 42%|████▏     | 8243464/19696971 [00:00<00:00, 11749071.72iteration/s]
 48%|████▊     | 9423584/19696971 [00:00<00:00, 11752408.31iteration/s]
 54%|█████▍    | 10609496/19696971 [00:00<00:00, 11763172.03iteration/s]
 60%|█████▉    | 11791064/19696971 [00:01<00:00, 11739840.83iteration/s]
 66%|██████▌   | 12971184/19696971 [00:01<00:00, 11747847.94iteration/s]
 72%|███████▏  | 14154200/19696971 [00:01<00:00, 11746477.07iteration/s]
 78%|███████▊  | 15334320/19696971 [00:01<00:00, 11736397.76iteration/s]
 84%|████████▍ | 16511544/19696971 [00:01<00:00, 11746960.34iteration/s]
 90%|████████▉ | 17694560/19696971 [00:01<00:00, 11752758.53iteration/s]
 96%|█████████▌| 18873232/19696971 [00:01<00:00, 11752216.07iteration/s]2026-05-25 23:49:04.083 | INFO     | utils.ConnectHandler_server:receive:80 - receive completed

100%|██████████| 19696971/19696971 [00:01<00:00, 11682254.90iteration/s]
2026-05-25 23:49:04.101 | INFO     | __main__:<module>:438 - 2026-05-25 23:49:04 RECV round=66 token=1 cid=2 train_duration=89.18323159217834 battery=139145.42J
2026-05-25 23:49:04.101 | INFO     | utils.ConnectHandler_server:send:28 - sending data (59 bytes) to client#2...
2026-05-25 23:49:04.101 | INFO     | utils.ConnectHandler_server:send:34 - sending data (59 bytes) to client#2 completely
2026-05-25 23:49:44.987 | INFO     | utils.ConnectHandler_server:receive:71 - 19696961bytes data to be received from client#5

  0%|          | 0/19696961 [00:00<?, ?iteration/s]
  6%|▌         | 1174328/19696961 [00:00<00:01, 11727130.50iteration/s]
 12%|█▏        | 2348656/19696961 [00:00<00:01, 11698605.45iteration/s]
 18%|█▊        | 3525880/19696961 [00:00<00:01, 11728226.81iteration/s]
 24%|██▍       | 4700208/19696961 [00:00<00:01, 11733217.00iteration/s]
 30%|██▉       | 5874536/19696961 [00:00<00:01, 11686267.57iteration/s]
 36%|███▌      | 7048864/19696961 [00:00<00:01, 11704784.17iteration/s]
 42%|████▏     | 8228984/19696961 [00:00<00:00, 11724362.94iteration/s]
 48%|████▊     | 9409104/19696961 [00:00<00:00, 11737118.83iteration/s]
 54%|█████▍    | 10590672/19696961 [00:00<00:00, 11738240.89iteration/s]
 60%|█████▉    | 11767896/19696961 [00:01<00:00, 11743874.58iteration/s]
 66%|██████▌   | 12950912/19696961 [00:01<00:00, 11753368.37iteration/s]
 72%|███████▏  | 14128136/19696961 [00:01<00:00, 11753103.68iteration/s]
 78%|███████▊  | 15314048/19696961 [00:01<00:00, 11758375.21iteration/s]
 84%|████████▎ | 16494168/19696961 [00:01<00:00, 11763470.35iteration/s]
 90%|████████▉ | 17680080/19696961 [00:01<00:00, 11754089.46iteration/s]
 96%|█████████▌| 18868888/19696961 [00:01<00:00, 11756238.85iteration/s]2026-05-25 23:49:46.666 | INFO     | utils.ConnectHandler_server:receive:80 - receive completed

100%|██████████| 19696961/19696961 [00:01<00:00, 11674659.95iteration/s]
2026-05-25 23:49:46.684 | INFO     | __main__:<module>:438 - 2026-05-25 23:49:46 RECV round=66 token=0 cid=5 train_duration=133.3856246471405 battery=132029.21J
2026-05-25 23:49:46.684 | INFO     | utils.ConnectHandler_server:send:28 - sending data (59 bytes) to client#5...
2026-05-25 23:49:46.685 | INFO     | utils.ConnectHandler_server:send:34 - sending data (59 bytes) to client#5 completely
2026-05-25 23:49:49.405 | INFO     | __main__:<module>:552 - 2026-05-25 23:49:49 ROUND=66 end avg_acc=21.7250 best_acc=42.6350 duration=140.15s comm_mb=75.138 locations_after=[6, 1] checkpoint=logs_real/mmdfl_real_server/checkpoints/dfl_mm_seed1/checkpoint.pt
2026-05-25 23:49:49.405 | INFO     | __main__:<module>:374 - 2026-05-25 23:49:49 ROUND=67 start token_locations=[6, 1] active_clients=[0, 1, 2, 3, 4, 5, 6, 7, 8, 9]
2026-05-25 23:49:49.425 | INFO     | utils.ConnectHandler_server:send:28 - sending data (19699823 bytes) to client#6...
2026-05-25 23:49:50.999 | INFO     | utils.ConnectHandler_server:send:34 - sending data (19699823 bytes) to client#6 completely
2026-05-25 23:49:50.999 | INFO     | __main__:<module>:418 - 2026-05-25 23:49:50 SEND round=67 token=0 cid=6 payload_mb=18.787 duration=1.585s
2026-05-25 23:49:51.020 | INFO     | utils.ConnectHandler_server:send:28 - sending data (19699822 bytes) to client#1...
2026-05-25 23:49:52.676 | INFO     | utils.ConnectHandler_server:send:34 - sending data (19699822 bytes) to client#1 completely
2026-05-25 23:49:52.676 | INFO     | __main__:<module>:418 - 2026-05-25 23:49:52 SEND round=67 token=1 cid=1 payload_mb=18.787 duration=1.666s
2026-05-25 23:51:43.942 | INFO     | utils.ConnectHandler_server:receive:71 - 19696963bytes data to be received from client#1

  0%|          | 0/19696963 [00:00<?, ?iteration/s]
  6%|▌         | 1169984/19696963 [00:00<00:01, 11693104.55iteration/s]
 12%|█▏        | 2347208/19696963 [00:00<00:01, 11729486.56iteration/s]
 18%|█▊        | 3524432/19696963 [00:00<00:01, 11744274.25iteration/s]
 24%|██▍       | 4701656/19696963 [00:00<00:01, 11749664.63iteration/s]
 30%|██▉       | 5881776/19696963 [00:00<00:01, 11753284.77iteration/s]
 36%|███▌      | 7057552/19696963 [00:00<00:01, 11747000.42iteration/s]
 42%|████▏     | 8234776/19696963 [00:00<00:00, 11754540.05iteration/s]
 48%|████▊     | 9414896/19696963 [00:00<00:00, 11760920.51iteration/s]
 54%|█████▍    | 10592120/19696963 [00:00<00:00, 11760142.30iteration/s]
 60%|█████▉    | 11772240/19696963 [00:01<00:00, 11751362.07iteration/s]
 66%|██████▌   | 12959600/19696963 [00:01<00:00, 11763456.65iteration/s]
 72%|███████▏  | 14136824/19696963 [00:01<00:00, 11762049.78iteration/s]
 78%|███████▊  | 15318392/19696963 [00:01<00:00, 11760211.88iteration/s]
 84%|████████▍ | 16504304/19696963 [00:01<00:00, 11747318.27iteration/s]
 90%|████████▉ | 17693112/19696963 [00:01<00:00, 11761180.84iteration/s]
 96%|█████████▌| 18881920/19696963 [00:01<00:00, 11755631.28iteration/s]2026-05-25 23:51:45.619 | INFO     | utils.ConnectHandler_server:receive:80 - receive completed

100%|██████████| 19696963/19696963 [00:01<00:00, 11688820.31iteration/s]
2026-05-25 23:51:45.637 | INFO     | __main__:<module>:438 - 2026-05-25 23:51:45 RECV round=67 token=1 cid=1 train_duration=110.26429009437561 battery=131100.60J
2026-05-25 23:51:45.637 | INFO     | utils.ConnectHandler_server:send:28 - sending data (59 bytes) to client#1...
2026-05-25 23:51:45.637 | INFO     | utils.ConnectHandler_server:send:34 - sending data (59 bytes) to client#1 completely
2026-05-25 23:51:49.296 | INFO     | utils.ConnectHandler_server:receive:71 - 19696967bytes data to be received from client#6

  0%|          | 0/19696967 [00:00<?, ?iteration/s]
  6%|▌         | 1174328/19696967 [00:00<00:01, 11737106.85iteration/s]
 12%|█▏        | 2351552/19696967 [00:00<00:01, 11747743.95iteration/s]
 18%|█▊        | 3528776/19696967 [00:00<00:01, 11750553.78iteration/s]
 24%|██▍       | 4706000/19696967 [00:00<00:01, 11758283.57iteration/s]
 30%|██▉       | 5887568/19696967 [00:00<00:01, 11752646.10iteration/s]
 36%|███▌      | 7067688/19696967 [00:00<00:01, 11756571.23iteration/s]
 42%|████▏     | 8247808/19696967 [00:00<00:00, 11755188.33iteration/s]
 48%|████▊     | 9427928/19696967 [00:00<00:00, 11755287.17iteration/s]
 54%|█████▍    | 10608048/19696967 [00:00<00:00, 11756130.34iteration/s]
 60%|█████▉    | 11785272/19696967 [00:01<00:00, 11755821.06iteration/s]
 66%|██████▌   | 12965392/19696967 [00:01<00:00, 11760846.34iteration/s]
 72%|███████▏  | 14145512/19696967 [00:01<00:00, 11759881.50iteration/s]
 78%|███████▊  | 15328528/19696967 [00:01<00:00, 11761387.35iteration/s]
 84%|████████▍ | 16511544/19696967 [00:01<00:00, 11764929.62iteration/s]
 90%|████████▉ | 17700352/19696967 [00:01<00:00, 11762995.45iteration/s]
 96%|█████████▌| 18877576/19696967 [00:01<00:00, 11758333.78iteration/s]2026-05-25 23:51:50.973 | INFO     | utils.ConnectHandler_server:receive:80 - receive completed

100%|██████████| 19696967/19696967 [00:01<00:00, 11693097.66iteration/s]
2026-05-25 23:51:50.991 | INFO     | __main__:<module>:438 - 2026-05-25 23:51:50 RECV round=67 token=0 cid=6 train_duration=117.50474905967712 battery=142007.46J
2026-05-25 23:51:50.991 | INFO     | utils.ConnectHandler_server:send:28 - sending data (59 bytes) to client#6...
2026-05-25 23:51:50.991 | INFO     | utils.ConnectHandler_server:send:34 - sending data (59 bytes) to client#6 completely
2026-05-25 23:51:53.697 | INFO     | __main__:<module>:552 - 2026-05-25 23:51:53 ROUND=67 end avg_acc=37.4400 best_acc=42.6350 duration=124.23s comm_mb=75.138 locations_after=[7, 0] checkpoint=logs_real/mmdfl_real_server/checkpoints/dfl_mm_seed1/checkpoint.pt
2026-05-25 23:51:53.697 | INFO     | __main__:<module>:374 - 2026-05-25 23:51:53 ROUND=68 start token_locations=[7, 0] active_clients=[0, 1, 2, 3, 4, 5, 6, 7, 8, 9]
2026-05-25 23:51:53.717 | INFO     | utils.ConnectHandler_server:send:28 - sending data (19729794 bytes) to client#7...
2026-05-25 23:51:55.327 | INFO     | utils.ConnectHandler_server:send:34 - sending data (19729794 bytes) to client#7 completely
2026-05-25 23:51:55.327 | INFO     | __main__:<module>:418 - 2026-05-25 23:51:55 SEND round=68 token=0 cid=7 payload_mb=18.816 duration=1.620s
2026-05-25 23:51:55.347 | INFO     | utils.ConnectHandler_server:send:28 - sending data (19699826 bytes) to client#0...
2026-05-25 23:51:56.955 | INFO     | utils.ConnectHandler_server:send:34 - sending data (19699826 bytes) to client#0 completely
2026-05-25 23:51:56.955 | INFO     | __main__:<module>:418 - 2026-05-25 23:51:56 SEND round=68 token=1 cid=0 payload_mb=18.787 duration=1.619s
2026-05-25 23:53:47.067 | INFO     | utils.ConnectHandler_server:receive:71 - 19696983bytes data to be received from client#0

  0%|          | 0/19696983 [00:00<?, ?iteration/s]
  6%|▌         | 1169984/19696983 [00:00<00:01, 11681441.81iteration/s]
 12%|█▏        | 2347208/19696983 [00:00<00:01, 11731914.08iteration/s]
 18%|█▊        | 3522984/19696983 [00:00<00:01, 11739921.16iteration/s]
 24%|██▍       | 4700208/19696983 [00:00<00:01, 11740627.86iteration/s]
 30%|██▉       | 5877432/19696983 [00:00<00:01, 11747863.13iteration/s]
 36%|███▌      | 7057552/19696983 [00:00<00:01, 11759556.81iteration/s]
 42%|████▏     | 8237672/19696983 [00:00<00:00, 11752917.34iteration/s]
 48%|████▊     | 9417792/19696983 [00:00<00:00, 11760859.27iteration/s]
 54%|█████▍    | 10600808/19696983 [00:00<00:00, 11760246.89iteration/s]
 60%|█████▉    | 11783824/19696983 [00:01<00:00, 11757772.56iteration/s]
 66%|██████▌   | 12963944/19696983 [00:01<00:00, 11754856.45iteration/s]
 72%|███████▏  | 14141168/19696983 [00:01<00:00, 11756433.97iteration/s]
 78%|███████▊  | 15329976/19696983 [00:01<00:00, 11761857.09iteration/s]
 84%|████████▍ | 16508648/19696983 [00:01<00:00, 11747521.14iteration/s]
 90%|████████▉ | 17688768/19696983 [00:01<00:00, 11746067.89iteration/s]
 96%|█████████▌| 18870336/19696983 [00:01<00:00, 11751251.76iteration/s]2026-05-25 23:53:48.745 | INFO     | utils.ConnectHandler_server:receive:80 - receive completed

100%|██████████| 19696983/19696983 [00:01<00:00, 11684737.15iteration/s]
2026-05-25 23:53:48.764 | INFO     | __main__:<module>:438 - 2026-05-25 23:53:48 RECV round=68 token=1 cid=0 train_duration=109.12312126159668 battery=138712.72J
2026-05-25 23:53:48.764 | INFO     | utils.ConnectHandler_server:send:28 - sending data (59 bytes) to client#0...
2026-05-25 23:53:48.764 | INFO     | utils.ConnectHandler_server:send:34 - sending data (59 bytes) to client#0 completely
2026-05-25 23:54:13.772 | INFO     | utils.ConnectHandler_server:receive:71 - 19697437bytes data to be received from client#7

  0%|          | 0/19697437 [00:00<?, ?iteration/s]
  6%|▌         | 1167088/19697437 [00:00<00:01, 11653082.14iteration/s]
 12%|█▏        | 2332728/19697437 [00:00<00:01, 11652948.56iteration/s]
 18%|█▊        | 3499816/19697437 [00:00<00:01, 11656254.48iteration/s]
 24%|██▎       | 4669800/19697437 [00:00<00:01, 11654521.97iteration/s]
 30%|██▉       | 5839784/19697437 [00:00<00:01, 11667509.80iteration/s]
 36%|███▌      | 7014112/19697437 [00:00<00:01, 11687190.68iteration/s]
 42%|████▏     | 8192784/19697437 [00:00<00:00, 11709486.47iteration/s]
 48%|████▊     | 9371456/19697437 [00:00<00:00, 11716841.53iteration/s]
 54%|█████▎    | 10555920/19697437 [00:00<00:00, 11732517.70iteration/s]
 60%|█████▉    | 11733144/19697437 [00:01<00:00, 11733588.41iteration/s]
 66%|██████▌   | 12914712/19697437 [00:01<00:00, 11734311.57iteration/s]
 72%|███████▏  | 14091936/19697437 [00:01<00:00, 11739416.71iteration/s]
 78%|███████▊  | 15277848/19697437 [00:01<00:00, 11736375.80iteration/s]
 84%|████████▎ | 16460864/19697437 [00:01<00:00, 11736728.68iteration/s]
 90%|████████▉ | 17645328/19697437 [00:01<00:00, 11725174.83iteration/s]
 96%|█████████▌| 18826896/19697437 [00:01<00:00, 11721110.98iteration/s]2026-05-25 23:54:15.455 | INFO     | utils.ConnectHandler_server:receive:80 - receive completed

100%|██████████| 19697437/19697437 [00:01<00:00, 11648651.94iteration/s]
2026-05-25 23:54:15.474 | INFO     | __main__:<module>:438 - 2026-05-25 23:54:15 RECV round=68 token=0 cid=7 train_duration=137.95172572135925 battery=121104.51J
2026-05-25 23:54:15.474 | INFO     | utils.ConnectHandler_server:send:28 - sending data (59 bytes) to client#7...
2026-05-25 23:54:15.474 | INFO     | utils.ConnectHandler_server:send:34 - sending data (59 bytes) to client#7 completely
2026-05-25 23:54:18.183 | INFO     | __main__:<module>:552 - 2026-05-25 23:54:18 ROUND=68 end avg_acc=33.0600 best_acc=42.6350 duration=144.43s comm_mb=75.166 locations_after=[4, 9] checkpoint=logs_real/mmdfl_real_server/checkpoints/dfl_mm_seed1/checkpoint.pt
2026-05-25 23:54:18.183 | INFO     | __main__:<module>:374 - 2026-05-25 23:54:18 ROUND=69 start token_locations=[4, 9] active_clients=[0, 1, 2, 3, 4, 5, 6, 7, 8, 9]
2026-05-25 23:54:18.203 | INFO     | utils.ConnectHandler_server:send:28 - sending data (19699828 bytes) to client#4...
2026-05-25 23:54:19.754 | INFO     | utils.ConnectHandler_server:send:34 - sending data (19699828 bytes) to client#4 completely
2026-05-25 23:54:19.754 | INFO     | __main__:<module>:418 - 2026-05-25 23:54:19 SEND round=69 token=0 cid=4 payload_mb=18.787 duration=1.561s
2026-05-25 23:54:19.775 | INFO     | utils.ConnectHandler_server:send:28 - sending data (19723706 bytes) to client#9...
2026-05-25 23:54:21.491 | INFO     | utils.ConnectHandler_server:send:34 - sending data (19723706 bytes) to client#9 completely
2026-05-25 23:54:21.491 | INFO     | __main__:<module>:418 - 2026-05-25 23:54:21 SEND round=69 token=1 cid=9 payload_mb=18.810 duration=1.727s
2026-05-25 23:55:47.112 | INFO     | utils.ConnectHandler_server:receive:71 - 19696947bytes data to be received from client#4

  0%|          | 0/19696947 [00:00<?, ?iteration/s]
  6%|▌         | 1165640/19696947 [00:00<00:01, 11650605.67iteration/s]
 12%|█▏        | 2342864/19696947 [00:00<00:01, 11717530.36iteration/s]
 18%|█▊        | 3520088/19696947 [00:00<00:01, 11737131.19iteration/s]
 24%|██▍       | 4695864/19696947 [00:00<00:01, 11737733.47iteration/s]
 30%|██▉       | 5877432/19696947 [00:00<00:01, 11752900.87iteration/s]
 36%|███▌      | 7054656/19696947 [00:00<00:01, 11746946.17iteration/s]
 42%|████▏     | 8233328/19696947 [00:00<00:00, 11749746.22iteration/s]
 48%|████▊     | 9413448/19696947 [00:00<00:00, 11757879.77iteration/s]
 54%|█████▍    | 10592120/19696947 [00:00<00:00, 11756211.85iteration/s]
 60%|█████▉    | 11772240/19696947 [00:01<00:00, 11757354.80iteration/s]
 66%|██████▌   | 12955256/19696947 [00:01<00:00, 11761549.45iteration/s]
 72%|███████▏  | 14135376/19696947 [00:01<00:00, 11761493.21iteration/s]
 78%|███████▊  | 15314048/19696947 [00:01<00:00, 11752988.35iteration/s]
 84%|████████▎ | 16494168/19696947 [00:01<00:00, 11755542.97iteration/s]
 90%|████████▉ | 17677184/19696947 [00:01<00:00, 11757601.34iteration/s]
 96%|█████████▌| 18860200/19696947 [00:01<00:00, 11764051.97iteration/s]2026-05-25 23:55:48.789 | INFO     | utils.ConnectHandler_server:receive:80 - receive completed

100%|██████████| 19696947/19696947 [00:01<00:00, 11688236.97iteration/s]
2026-05-25 23:55:48.810 | INFO     | __main__:<module>:438 - 2026-05-25 23:55:48 RECV round=69 token=0 cid=4 train_duration=86.46826028823853 battery=138173.02J
2026-05-25 23:55:48.810 | INFO     | utils.ConnectHandler_server:send:28 - sending data (59 bytes) to client#4...
2026-05-25 23:55:48.810 | INFO     | utils.ConnectHandler_server:send:34 - sending data (59 bytes) to client#4 completely
2026-05-25 23:56:16.202 | INFO     | utils.ConnectHandler_server:receive:71 - 19694250bytes data to be received from client#9

  0%|          | 0/19694250 [00:00<?, ?iteration/s]
  6%|▌         | 1177862/19694250 [00:00<00:01, 11773690.79iteration/s]
 12%|█▏        | 2357138/19694250 [00:00<00:01, 11755752.16iteration/s]
 18%|█▊        | 3533586/19694250 [00:00<00:01, 11749212.23iteration/s]
 24%|██▍       | 4712862/19694250 [00:00<00:01, 11746698.50iteration/s]
 30%|██▉       | 5892138/19694250 [00:00<00:01, 11744525.67iteration/s]
 36%|███▌      | 7071414/19694250 [00:00<00:01, 11744127.18iteration/s]
 42%|████▏     | 8250690/19694250 [00:00<00:00, 11743555.26iteration/s]
 48%|████▊     | 9431380/19694250 [00:00<00:00, 11742852.53iteration/s]
 54%|█████▍    | 10609242/19694250 [00:00<00:00, 11739976.02iteration/s]
 60%|█████▉    | 11788518/19694250 [00:01<00:00, 11738240.00iteration/s]
 66%|██████▌   | 12970622/19694250 [00:01<00:00, 11738103.73iteration/s]
 72%|███████▏  | 14152726/19694250 [00:01<00:00, 11745785.08iteration/s]
 78%|███████▊  | 15334830/19694250 [00:01<00:00, 11739264.46iteration/s]
 84%|████████▍ | 16516934/19694250 [00:01<00:00, 11740374.65iteration/s]
 90%|████████▉ | 17691968/19694250 [00:01<00:00, 11739807.08iteration/s]
 96%|█████████▌| 18868416/19694250 [00:01<00:00, 11738396.48iteration/s]2026-05-25 23:56:17.880 | INFO     | utils.ConnectHandler_server:receive:80 - receive completed

100%|██████████| 19694250/19694250 [00:01<00:00, 11677128.95iteration/s]
2026-05-25 23:56:17.899 | INFO     | __main__:<module>:438 - 2026-05-25 23:56:17 RECV round=69 token=1 cid=9 train_duration=114.29549431800842 battery=125482.37J
2026-05-25 23:56:17.899 | INFO     | utils.ConnectHandler_server:send:28 - sending data (59 bytes) to client#9...
2026-05-25 23:56:17.899 | INFO     | utils.ConnectHandler_server:send:34 - sending data (59 bytes) to client#9 completely
2026-05-25 23:56:20.600 | INFO     | __main__:<module>:552 - 2026-05-25 23:56:20 ROUND=69 end avg_acc=38.8250 best_acc=42.6350 duration=122.36s comm_mb=75.161 locations_after=[3, 8] checkpoint=logs_real/mmdfl_real_server/checkpoints/dfl_mm_seed1/checkpoint.pt
2026-05-25 23:56:20.600 | INFO     | __main__:<module>:374 - 2026-05-25 23:56:20 ROUND=70 start token_locations=[3, 8] active_clients=[0, 1, 2, 3, 4, 5, 6, 7, 8, 9]
2026-05-25 23:56:20.620 | INFO     | utils.ConnectHandler_server:send:28 - sending data (19699828 bytes) to client#3...
2026-05-25 23:56:22.208 | INFO     | utils.ConnectHandler_server:send:34 - sending data (19699828 bytes) to client#3 completely
2026-05-25 23:56:22.208 | INFO     | __main__:<module>:418 - 2026-05-25 23:56:22 SEND round=70 token=0 cid=3 payload_mb=18.787 duration=1.598s
2026-05-25 23:56:22.229 | INFO     | utils.ConnectHandler_server:send:28 - sending data (19735891 bytes) to client#8...
2026-05-25 23:56:23.868 | INFO     | utils.ConnectHandler_server:send:34 - sending data (19735891 bytes) to client#8 completely
2026-05-25 23:56:23.868 | INFO     | __main__:<module>:418 - 2026-05-25 23:56:23 SEND round=70 token=1 cid=8 payload_mb=18.822 duration=1.649s
2026-05-25 23:57:46.884 | INFO     | utils.ConnectHandler_server:receive:71 - 19696965bytes data to be received from client#3

  0%|          | 0/19696965 [00:00<?, ?iteration/s]
  6%|▌         | 1169984/19696965 [00:00<00:01, 11684056.25iteration/s]
 12%|█▏        | 2342864/19696965 [00:00<00:01, 11707840.79iteration/s]
 18%|█▊        | 3520088/19696965 [00:00<00:01, 11731035.39iteration/s]
 24%|██▍       | 4697312/19696965 [00:00<00:01, 11742845.82iteration/s]
 30%|██▉       | 5873088/19696965 [00:00<00:01, 11745298.08iteration/s]
 36%|███▌      | 7051760/19696965 [00:00<00:01, 11751865.36iteration/s]
 42%|████▏     | 8228984/19696965 [00:00<00:00, 11750535.32iteration/s]
 48%|████▊     | 9409104/19696965 [00:00<00:00, 11752037.90iteration/s]
 54%|█████▎    | 10584880/19696965 [00:00<00:00, 11752288.18iteration/s]
 60%|█████▉    | 11762104/19696965 [00:01<00:00, 11756585.69iteration/s]
 66%|██████▌   | 12942224/19696965 [00:01<00:00, 11762384.80iteration/s]
 72%|███████▏  | 14125240/19696965 [00:01<00:00, 11762292.67iteration/s]
 78%|███████▊  | 15302464/19696965 [00:01<00:00, 11758844.78iteration/s]
 84%|████████▎ | 16479688/19696965 [00:01<00:00, 11760038.04iteration/s]
 90%|████████▉ | 17665600/19696965 [00:01<00:00, 11755344.45iteration/s]
 96%|█████████▌| 18845720/19696965 [00:01<00:00, 11758785.75iteration/s]2026-05-25 23:57:48.562 | INFO     | utils.ConnectHandler_server:receive:80 - receive completed

100%|██████████| 19696965/19696965 [00:01<00:00, 11682865.90iteration/s]
2026-05-25 23:57:48.580 | INFO     | __main__:<module>:438 - 2026-05-25 23:57:48 RECV round=70 token=0 cid=3 train_duration=83.8959128856659 battery=137684.84J
2026-05-25 23:57:48.580 | INFO     | utils.ConnectHandler_server:send:28 - sending data (59 bytes) to client#3...
2026-05-25 23:57:48.580 | INFO     | utils.ConnectHandler_server:send:34 - sending data (59 bytes) to client#3 completely
2026-05-26 00:00:09.180 | INFO     | utils.ConnectHandler_server:receive:71 - 19697437bytes data to be received from client#8

  0%|          | 0/19697437 [00:00<?, ?iteration/s]
  6%|▌         | 1156952/19697437 [00:00<00:01, 11553939.56iteration/s]
 12%|█▏        | 2322592/19697437 [00:00<00:01, 11610391.61iteration/s]
 18%|█▊        | 3486784/19697437 [00:00<00:01, 11620449.14iteration/s]
 24%|██▎       | 4652424/19697437 [00:00<00:01, 11625047.94iteration/s]
 30%|██▉       | 5826752/19697437 [00:00<00:01, 11654535.76iteration/s]
 36%|███▌      | 7002528/19697437 [00:00<00:01, 11685957.13iteration/s]
 42%|████▏     | 8182648/19697437 [00:00<00:00, 11703566.37iteration/s]
 48%|████▊     | 9362768/19697437 [00:00<00:00, 11715200.64iteration/s]
 54%|█████▎    | 10542888/19697437 [00:00<00:00, 11723343.78iteration/s]
 60%|█████▉    | 11728800/19697437 [00:01<00:00, 11740458.24iteration/s]
 66%|██████▌   | 12911816/19697437 [00:01<00:00, 11739436.31iteration/s]
 72%|███████▏  | 14093384/19697437 [00:01<00:00, 11739711.04iteration/s]
 78%|███████▊  | 15277848/19697437 [00:01<00:00, 11745054.45iteration/s]
 84%|████████▎ | 16457968/19697437 [00:01<00:00, 11738007.83iteration/s]
 90%|████████▉ | 17638088/19697437 [00:01<00:00, 11740174.82iteration/s]
 96%|█████████▌| 18822552/19697437 [00:01<00:00, 11731241.02iteration/s]2026-05-26 00:00:10.864 | INFO     | utils.ConnectHandler_server:receive:80 - receive completed

100%|██████████| 19697437/19697437 [00:01<00:00, 11642307.48iteration/s]
2026-05-26 00:00:10.882 | INFO     | __main__:<module>:438 - 2026-05-26 00:00:10 RECV round=70 token=1 cid=8 train_duration=224.60716605186462 battery=108352.78J
2026-05-26 00:00:10.882 | INFO     | utils.ConnectHandler_server:send:28 - sending data (59 bytes) to client#8...
2026-05-26 00:00:10.882 | INFO     | utils.ConnectHandler_server:send:34 - sending data (59 bytes) to client#8 completely
2026-05-26 00:00:13.557 | INFO     | __main__:<module>:552 - 2026-05-26 00:00:13 ROUND=70 end avg_acc=38.2150 best_acc=42.6350 duration=232.90s comm_mb=75.172 locations_after=[2, 7] checkpoint=logs_real/mmdfl_real_server/checkpoints/dfl_mm_seed1/checkpoint.pt
2026-05-26 00:00:13.557 | INFO     | __main__:<module>:374 - 2026-05-26 00:00:13 ROUND=71 start token_locations=[2, 7] active_clients=[0, 1, 2, 3, 4, 5, 6, 7, 8, 9]
2026-05-26 00:00:13.578 | INFO     | utils.ConnectHandler_server:send:28 - sending data (19699823 bytes) to client#2...
2026-05-26 00:00:15.162 | INFO     | utils.ConnectHandler_server:send:34 - sending data (19699823 bytes) to client#2 completely
2026-05-26 00:00:15.162 | INFO     | __main__:<module>:418 - 2026-05-26 00:00:15 SEND round=71 token=0 cid=2 payload_mb=18.787 duration=1.596s
2026-05-26 00:00:15.182 | INFO     | utils.ConnectHandler_server:send:28 - sending data (19729794 bytes) to client#7...
2026-05-26 00:00:16.877 | INFO     | utils.ConnectHandler_server:send:34 - sending data (19729794 bytes) to client#7 completely
2026-05-26 00:00:16.877 | INFO     | __main__:<module>:418 - 2026-05-26 00:00:16 SEND round=71 token=1 cid=7 payload_mb=18.816 duration=1.705s
2026-05-26 00:01:45.243 | INFO     | utils.ConnectHandler_server:receive:71 - 19696947bytes data to be received from client#2

  0%|          | 0/19696947 [00:00<?, ?iteration/s]
  6%|▌         | 1175776/19696947 [00:00<00:01, 11749927.28iteration/s]
 12%|█▏        | 2353000/19696947 [00:00<00:01, 11680840.60iteration/s]
 18%|█▊        | 3530224/19696947 [00:00<00:01, 11718298.33iteration/s]
 24%|██▍       | 4706000/19696947 [00:00<00:01, 11727356.45iteration/s]
 30%|██▉       | 5881776/19696947 [00:00<00:01, 11677304.55iteration/s]
 36%|███▌      | 7054656/19696947 [00:00<00:01, 11692516.53iteration/s]
 42%|████▏     | 8234776/19696947 [00:00<00:00, 11721367.42iteration/s]
 48%|████▊     | 9414896/19696947 [00:00<00:00, 11733625.78iteration/s]
 54%|█████▍    | 10593568/19696947 [00:00<00:00, 11737436.16iteration/s]
 60%|█████▉    | 11776584/19696947 [00:01<00:00, 11750541.65iteration/s]
 66%|██████▌   | 12956704/19696947 [00:01<00:00, 11749983.40iteration/s]
 72%|███████▏  | 14136824/19696947 [00:01<00:00, 11753036.47iteration/s]
 78%|███████▊  | 15316944/19696947 [00:01<00:00, 11755287.79iteration/s]
 84%|████████▍ | 16499960/19696947 [00:01<00:00, 11755303.39iteration/s]
 90%|████████▉ | 17685872/19696947 [00:01<00:00, 11759349.69iteration/s]
 96%|█████████▌| 18874680/19696947 [00:01<00:00, 11764278.15iteration/s]2026-05-26 00:01:46.922 | INFO     | utils.ConnectHandler_server:receive:80 - receive completed

100%|██████████| 19696947/19696947 [00:01<00:00, 11677092.20iteration/s]
2026-05-26 00:01:46.941 | INFO     | __main__:<module>:438 - 2026-05-26 00:01:46 RECV round=71 token=0 cid=2 train_duration=89.21985268592834 battery=138384.33J
2026-05-26 00:01:46.941 | INFO     | utils.ConnectHandler_server:send:28 - sending data (59 bytes) to client#2...
2026-05-26 00:01:46.941 | INFO     | utils.ConnectHandler_server:send:34 - sending data (59 bytes) to client#2 completely
2026-05-26 00:02:44.248 | INFO     | utils.ConnectHandler_server:receive:71 - 19697437bytes data to be received from client#7

  0%|          | 0/19697437 [00:00<?, ?iteration/s]
  6%|▌         | 1165640/19697437 [00:00<00:01, 11652688.30iteration/s]
 12%|█▏        | 2331280/19697437 [00:00<00:01, 11650466.86iteration/s]
 18%|█▊        | 3498368/19697437 [00:00<00:01, 11652954.44iteration/s]
 24%|██▎       | 4666904/19697437 [00:00<00:01, 11657827.18iteration/s]
 30%|██▉       | 5839784/19697437 [00:00<00:01, 11672715.05iteration/s]
 36%|███▌      | 7012664/19697437 [00:00<00:01, 11680615.50iteration/s]
 42%|████▏     | 8194232/19697437 [00:00<00:00, 11705434.51iteration/s]
 48%|████▊     | 9377248/19697437 [00:00<00:00, 11724238.00iteration/s]
 54%|█████▎    | 10557368/19697437 [00:00<00:00, 11722374.30iteration/s]
 60%|█████▉    | 11738936/19697437 [00:01<00:00, 11724372.61iteration/s]
 66%|██████▌   | 12921952/19697437 [00:01<00:00, 11730969.85iteration/s]
 72%|███████▏  | 14104968/19697437 [00:01<00:00, 11738130.77iteration/s]
 78%|███████▊  | 15286536/19697437 [00:01<00:00, 11733308.94iteration/s]
 84%|████████▎ | 16468104/19697437 [00:01<00:00, 11740412.45iteration/s]
 90%|████████▉ | 17649672/19697437 [00:01<00:00, 11736702.16iteration/s]
 96%|█████████▌| 18825448/19697437 [00:01<00:00, 11742050.24iteration/s]2026-05-26 00:02:45.931 | INFO     | utils.ConnectHandler_server:receive:80 - receive completed

100%|██████████| 19697437/19697437 [00:01<00:00, 11651010.92iteration/s]
2026-05-26 00:02:45.949 | INFO     | __main__:<module>:438 - 2026-05-26 00:02:45 RECV round=71 token=1 cid=7 train_duration=146.94188952445984 battery=118842.97J
2026-05-26 00:02:45.949 | INFO     | utils.ConnectHandler_server:send:28 - sending data (59 bytes) to client#7...
2026-05-26 00:02:45.949 | INFO     | utils.ConnectHandler_server:send:34 - sending data (59 bytes) to client#7 completely
2026-05-26 00:02:48.738 | INFO     | __main__:<module>:552 - 2026-05-26 00:02:48 ROUND=71 end avg_acc=27.7200 best_acc=42.6350 duration=155.12s comm_mb=75.166 locations_after=[5, 6] checkpoint=logs_real/mmdfl_real_server/checkpoints/dfl_mm_seed1/checkpoint.pt
2026-05-26 00:02:48.738 | INFO     | __main__:<module>:374 - 2026-05-26 00:02:48 ROUND=72 start token_locations=[5, 6] active_clients=[0, 1, 2, 3, 4, 5, 6, 7, 8, 9]
2026-05-26 00:02:48.758 | INFO     | utils.ConnectHandler_server:send:28 - sending data (19699823 bytes) to client#5...
2026-05-26 00:02:50.289 | INFO     | utils.ConnectHandler_server:send:34 - sending data (19699823 bytes) to client#5 completely
2026-05-26 00:02:50.289 | INFO     | __main__:<module>:418 - 2026-05-26 00:02:50 SEND round=72 token=0 cid=5 payload_mb=18.787 duration=1.542s
2026-05-26 00:02:50.309 | INFO     | utils.ConnectHandler_server:send:28 - sending data (19699823 bytes) to client#6...
2026-05-26 00:02:52.005 | INFO     | utils.ConnectHandler_server:send:34 - sending data (19699823 bytes) to client#6 completely
2026-05-26 00:02:52.005 | INFO     | __main__:<module>:418 - 2026-05-26 00:02:51 SEND round=72 token=1 cid=6 payload_mb=18.787 duration=1.706s
2026-05-26 00:04:25.147 | INFO     | utils.ConnectHandler_server:receive:71 - 19696959bytes data to be received from client#6

  0%|          | 0/19696959 [00:00<?, ?iteration/s]
  6%|▌         | 1172880/19696959 [00:00<00:01, 11713005.07iteration/s]
 12%|█▏        | 2345760/19696959 [00:00<00:01, 11325200.49iteration/s]
 18%|█▊        | 3515744/19696959 [00:00<00:01, 11489416.39iteration/s]
 24%|██▍       | 4691520/19696959 [00:00<00:01, 11581648.32iteration/s]
 30%|██▉       | 5854264/19696959 [00:00<00:01, 11530338.83iteration/s]
 36%|███▌      | 7031488/19696959 [00:00<00:01, 11607600.96iteration/s]
 42%|████▏     | 8213056/19696959 [00:00<00:00, 11656357.87iteration/s]
 48%|████▊     | 9391728/19696959 [00:00<00:00, 11687249.07iteration/s]
 54%|█████▎    | 10574744/19696959 [00:00<00:00, 11715274.62iteration/s]
 60%|█████▉    | 11753416/19696959 [00:01<00:00, 11724344.82iteration/s]
 66%|██████▌   | 12937880/19696959 [00:01<00:00, 11736176.38iteration/s]
 72%|███████▏  | 14122344/19696959 [00:01<00:00, 11746963.69iteration/s]
 78%|███████▊  | 15303912/19696959 [00:01<00:00, 11747680.24iteration/s]
 84%|████████▎ | 16484032/19696959 [00:01<00:00, 11752135.06iteration/s]
 90%|████████▉ | 17659808/19696959 [00:01<00:00, 11751429.52iteration/s]
 96%|█████████▌| 18842824/19696959 [00:01<00:00, 11755388.35iteration/s]2026-05-26 00:04:26.833 | INFO     | utils.ConnectHandler_server:receive:80 - receive completed

100%|██████████| 19696959/19696959 [00:01<00:00, 11620448.71iteration/s]
2026-05-26 00:04:26.857 | INFO     | __main__:<module>:438 - 2026-05-26 00:04:26 RECV round=72 token=1 cid=6 train_duration=92.41342091560364 battery=141219.12J
2026-05-26 00:04:26.857 | INFO     | utils.ConnectHandler_server:send:28 - sending data (59 bytes) to client#6...
2026-05-26 00:04:26.857 | INFO     | utils.ConnectHandler_server:send:34 - sending data (59 bytes) to client#6 completely
2026-05-26 00:05:21.525 | INFO     | utils.ConnectHandler_server:receive:71 - 19696975bytes data to be received from client#5

  0%|          | 0/19696975 [00:00<?, ?iteration/s]
  6%|▌         | 1174328/19696975 [00:00<00:01, 11718843.76iteration/s]
 12%|█▏        | 2353000/19696975 [00:00<00:01, 11742749.39iteration/s]
 18%|█▊        | 3531672/19696975 [00:00<00:01, 11752316.67iteration/s]
 24%|██▍       | 4710344/19696975 [00:00<00:01, 11756116.46iteration/s]
 30%|██▉       | 5889016/19696975 [00:00<00:01, 11751270.53iteration/s]
 36%|███▌      | 7069136/19696975 [00:00<00:01, 11750667.61iteration/s]
 42%|████▏     | 8250704/19696975 [00:00<00:00, 11760472.91iteration/s]
 48%|████▊     | 9430824/19696975 [00:00<00:00, 11752452.24iteration/s]
 54%|█████▍    | 10610944/19696975 [00:00<00:00, 11761429.13iteration/s]
 60%|█████▉    | 11789616/19696975 [00:01<00:00, 11756358.46iteration/s]
 66%|██████▌   | 12971184/19696975 [00:01<00:00, 11761272.49iteration/s]
 72%|███████▏  | 14151304/19696975 [00:01<00:00, 11761802.10iteration/s]
 78%|███████▊  | 15338664/19696975 [00:01<00:00, 11758001.81iteration/s]
 84%|████████▍ | 16527472/19696975 [00:01<00:00, 11760495.24iteration/s]
 90%|████████▉ | 17716280/19696975 [00:01<00:00, 11758337.97iteration/s]
 96%|█████████▌| 18903640/19696975 [00:01<00:00, 11756932.02iteration/s]2026-05-26 00:05:23.201 | INFO     | utils.ConnectHandler_server:receive:80 - receive completed

100%|██████████| 19696975/19696975 [00:01<00:00, 11689586.57iteration/s]
2026-05-26 00:05:23.222 | INFO     | __main__:<module>:438 - 2026-05-26 00:05:23 RECV round=72 token=0 cid=5 train_duration=150.37745547294617 battery=130746.42J
2026-05-26 00:05:23.222 | INFO     | utils.ConnectHandler_server:send:28 - sending data (59 bytes) to client#5...
2026-05-26 00:05:23.222 | INFO     | utils.ConnectHandler_server:send:34 - sending data (59 bytes) to client#5 completely
2026-05-26 00:05:25.987 | INFO     | __main__:<module>:552 - 2026-05-26 00:05:25 ROUND=72 end avg_acc=28.4000 best_acc=42.6350 duration=157.19s comm_mb=75.138 locations_after=[4, 5] checkpoint=logs_real/mmdfl_real_server/checkpoints/dfl_mm_seed1/checkpoint.pt
2026-05-26 00:05:25.987 | INFO     | __main__:<module>:374 - 2026-05-26 00:05:25 ROUND=73 start token_locations=[4, 5] active_clients=[0, 1, 2, 3, 4, 5, 6, 7, 8, 9]
2026-05-26 00:05:26.012 | INFO     | utils.ConnectHandler_server:send:28 - sending data (19699828 bytes) to client#4...
2026-05-26 00:05:27.576 | INFO     | utils.ConnectHandler_server:send:34 - sending data (19699828 bytes) to client#4 completely
2026-05-26 00:05:27.576 | INFO     | __main__:<module>:418 - 2026-05-26 00:05:27 SEND round=73 token=0 cid=4 payload_mb=18.787 duration=1.579s
2026-05-26 00:05:27.597 | INFO     | utils.ConnectHandler_server:send:28 - sending data (19699823 bytes) to client#5...
2026-05-26 00:05:29.249 | INFO     | utils.ConnectHandler_server:send:34 - sending data (19699823 bytes) to client#5 completely
2026-05-26 00:05:29.249 | INFO     | __main__:<module>:418 - 2026-05-26 00:05:29 SEND round=73 token=1 cid=5 payload_mb=18.787 duration=1.663s
2026-05-26 00:06:54.898 | INFO     | utils.ConnectHandler_server:receive:71 - 19696951bytes data to be received from client#4

  0%|          | 0/19696951 [00:00<?, ?iteration/s]
  6%|▌         | 1174328/19696951 [00:00<00:01, 11742367.33iteration/s]
 12%|█▏        | 2351552/19696951 [00:00<00:01, 11755280.04iteration/s]
 18%|█▊        | 3528776/19696951 [00:00<00:01, 11756284.28iteration/s]
 24%|██▍       | 4706000/19696951 [00:00<00:01, 11750424.61iteration/s]
 30%|██▉       | 5883224/19696951 [00:00<00:01, 11755692.81iteration/s]
 36%|███▌      | 7060448/19696951 [00:00<00:01, 11758070.60iteration/s]
 42%|████▏     | 8237672/19696951 [00:00<00:00, 11762556.67iteration/s]
 48%|████▊     | 9414896/19696951 [00:00<00:00, 11759610.66iteration/s]
 54%|█████▍    | 10597912/19696951 [00:00<00:00, 11761960.07iteration/s]
 60%|█████▉    | 11782376/19696951 [00:01<00:00, 11755682.69iteration/s]
 66%|██████▌   | 12966840/19696951 [00:01<00:00, 11753535.49iteration/s]
 72%|███████▏  | 14149856/19696951 [00:01<00:00, 11765139.50iteration/s]
 78%|███████▊  | 15328528/19696951 [00:01<00:00, 11758462.91iteration/s]
 84%|████████▍ | 16507200/19696951 [00:01<00:00, 11760760.63iteration/s]
 90%|████████▉ | 17685872/19696951 [00:01<00:00, 11752806.19iteration/s]
 96%|█████████▌| 18877576/19696951 [00:01<00:00, 11760999.84iteration/s]2026-05-26 00:06:56.576 | INFO     | utils.ConnectHandler_server:receive:80 - receive completed

100%|██████████| 19696951/19696951 [00:01<00:00, 11687837.53iteration/s]
2026-05-26 00:06:56.594 | INFO     | __main__:<module>:438 - 2026-05-26 00:06:56 RECV round=73 token=0 cid=4 train_duration=86.43466353416443 battery=137435.69J
2026-05-26 00:06:56.595 | INFO     | utils.ConnectHandler_server:send:28 - sending data (59 bytes) to client#4...
2026-05-26 00:06:56.595 | INFO     | utils.ConnectHandler_server:send:34 - sending data (59 bytes) to client#4 completely
2026-05-26 00:07:29.947 | INFO     | utils.ConnectHandler_server:receive:71 - 19696981bytes data to be received from client#5

  0%|          | 0/19696981 [00:00<?, ?iteration/s]
  6%|▌         | 1172880/19696981 [00:00<00:01, 11716464.25iteration/s]
 12%|█▏        | 2350104/19696981 [00:00<00:01, 11747948.37iteration/s]
 18%|█▊        | 3528776/19696981 [00:00<00:01, 11754432.81iteration/s]
 24%|██▍       | 4704552/19696981 [00:00<00:01, 11743489.60iteration/s]
 30%|██▉       | 5884672/19696981 [00:00<00:01, 11756587.22iteration/s]
 36%|███▌      | 7066240/19696981 [00:00<00:01, 11759472.98iteration/s]
 42%|████▏     | 8247808/19696981 [00:00<00:00, 11752553.98iteration/s]
 48%|████▊     | 9430824/19696981 [00:00<00:00, 11760700.92iteration/s]
 54%|█████▍    | 10612392/19696981 [00:00<00:00, 11758572.98iteration/s]
 60%|█████▉    | 11798304/19696981 [00:01<00:00, 11762463.41iteration/s]
 66%|██████▌   | 12982768/19696981 [00:01<00:00, 11758562.55iteration/s]
 72%|███████▏  | 14159992/19696981 [00:01<00:00, 11760662.00iteration/s]
 78%|███████▊  | 15338664/19696981 [00:01<00:00, 11754333.55iteration/s]
 84%|████████▍ | 16518784/19696981 [00:01<00:00, 11765518.89iteration/s]
 90%|████████▉ | 17703248/19696981 [00:01<00:00, 11757400.02iteration/s]
 96%|█████████▌| 18887712/19696981 [00:01<00:00, 11756607.91iteration/s]2026-05-26 00:07:31.623 | INFO     | utils.ConnectHandler_server:receive:80 - receive completed

100%|██████████| 19696981/19696981 [00:01<00:00, 11692639.27iteration/s]
2026-05-26 00:07:31.641 | INFO     | __main__:<module>:438 - 2026-05-26 00:07:31 RECV round=73 token=1 cid=5 train_duration=119.96886825561523 battery=129723.02J
2026-05-26 00:07:31.641 | INFO     | utils.ConnectHandler_server:send:28 - sending data (59 bytes) to client#5...
2026-05-26 00:07:31.641 | INFO     | utils.ConnectHandler_server:send:34 - sending data (59 bytes) to client#5 completely
2026-05-26 00:07:34.425 | INFO     | __main__:<module>:552 - 2026-05-26 00:07:34 ROUND=73 end avg_acc=30.7800 best_acc=42.6350 duration=128.38s comm_mb=75.138 locations_after=[9, 2] checkpoint=logs_real/mmdfl_real_server/checkpoints/dfl_mm_seed1/checkpoint.pt
2026-05-26 00:07:34.425 | INFO     | __main__:<module>:374 - 2026-05-26 00:07:34 ROUND=74 start token_locations=[9, 2] active_clients=[0, 1, 2, 3, 4, 5, 6, 7, 8, 9]
2026-05-26 00:07:34.445 | INFO     | utils.ConnectHandler_server:send:28 - sending data (19723706 bytes) to client#9...
2026-05-26 00:07:36.027 | INFO     | utils.ConnectHandler_server:send:34 - sending data (19723706 bytes) to client#9 completely
2026-05-26 00:07:36.027 | INFO     | __main__:<module>:418 - 2026-05-26 00:07:36 SEND round=74 token=0 cid=9 payload_mb=18.810 duration=1.592s
2026-05-26 00:07:36.046 | INFO     | utils.ConnectHandler_server:send:28 - sending data (19699823 bytes) to client#2...
2026-05-26 00:07:37.699 | INFO     | utils.ConnectHandler_server:send:34 - sending data (19699823 bytes) to client#2 completely
2026-05-26 00:07:37.699 | INFO     | __main__:<module>:418 - 2026-05-26 00:07:37 SEND round=74 token=1 cid=2 payload_mb=18.787 duration=1.662s
2026-05-26 00:09:07.037 | INFO     | utils.ConnectHandler_server:receive:71 - 19696959bytes data to be received from client#2

  0%|          | 0/19696959 [00:00<?, ?iteration/s]
  6%|▌         | 1175776/19696959 [00:00<00:01, 11742988.54iteration/s]
 12%|█▏        | 2353000/19696959 [00:00<00:01, 11750705.44iteration/s]
 18%|█▊        | 3528776/19696959 [00:00<00:01, 11747948.25iteration/s]
 24%|██▍       | 4704552/19696959 [00:00<00:01, 11749425.31iteration/s]
 30%|██▉       | 5884672/19696959 [00:00<00:01, 11752718.71iteration/s]
 36%|███▌      | 7064792/19696959 [00:00<00:01, 11754016.76iteration/s]
 42%|████▏     | 8243464/19696959 [00:00<00:00, 11755884.63iteration/s]
 48%|████▊     | 9420688/19696959 [00:00<00:00, 11755884.02iteration/s]
 54%|█████▍    | 10602256/19696959 [00:00<00:00, 11745862.79iteration/s]
 60%|█████▉    | 11780928/19696959 [00:01<00:00, 11754183.33iteration/s]
 66%|██████▌   | 12961048/19696959 [00:01<00:00, 11751714.44iteration/s]
 72%|███████▏  | 14145512/19696959 [00:01<00:00, 11755269.54iteration/s]
 78%|███████▊  | 15328528/19696959 [00:01<00:00, 11755746.87iteration/s]
 84%|████████▍ | 16517336/19696959 [00:01<00:00, 11759892.17iteration/s]
 90%|████████▉ | 17701800/19696959 [00:01<00:00, 11756132.87iteration/s]
 96%|█████████▌| 18889160/19696959 [00:01<00:00, 11747412.34iteration/s]2026-05-26 00:09:08.715 | INFO     | utils.ConnectHandler_server:receive:80 - receive completed

100%|██████████| 19696959/19696959 [00:01<00:00, 11689644.89iteration/s]
2026-05-26 00:09:08.734 | INFO     | __main__:<module>:438 - 2026-05-26 00:09:08 RECV round=74 token=1 cid=2 train_duration=88.57722854614258 battery=137628.72J
2026-05-26 00:09:08.734 | INFO     | utils.ConnectHandler_server:send:28 - sending data (59 bytes) to client#2...
2026-05-26 00:09:08.734 | INFO     | utils.ConnectHandler_server:send:34 - sending data (59 bytes) to client#2 completely
2026-05-26 00:09:29.655 | INFO     | utils.ConnectHandler_server:receive:71 - 19694250bytes data to be received from client#9

  0%|          | 0/19694250 [00:00<?, ?iteration/s]
  6%|▌         | 1176448/19694250 [00:00<00:01, 11747965.70iteration/s]
 12%|█▏        | 2351482/19694250 [00:00<00:01, 11738640.45iteration/s]
 18%|█▊        | 3527930/19694250 [00:00<00:01, 11741596.41iteration/s]
 24%|██▍       | 4704378/19694250 [00:00<00:01, 11741660.86iteration/s]
 30%|██▉       | 5880826/19694250 [00:00<00:01, 11741101.98iteration/s]
 36%|███▌      | 7060102/19694250 [00:00<00:01, 11741811.95iteration/s]
 42%|████▏     | 8239378/19694250 [00:00<00:00, 11737464.86iteration/s]
 48%|████▊     | 9415826/19694250 [00:00<00:00, 11741789.30iteration/s]
 54%|█████▍    | 10592274/19694250 [00:00<00:00, 11739990.77iteration/s]
 60%|█████▉    | 11768722/19694250 [00:01<00:00, 11747160.82iteration/s]
 66%|██████▌   | 12943756/19694250 [00:01<00:00, 11736709.30iteration/s]
 72%|███████▏  | 14128688/19694250 [00:01<00:00, 11742625.07iteration/s]
 78%|███████▊  | 15305136/19694250 [00:01<00:00, 11740994.14iteration/s]
 84%|████████▎ | 16487240/19694250 [00:01<00:00, 11739142.00iteration/s]
 90%|████████▉ | 17669344/19694250 [00:01<00:00, 11740674.10iteration/s]
 96%|█████████▌| 18855690/19694250 [00:01<00:00, 11748796.27iteration/s]2026-05-26 00:09:31.334 | INFO     | utils.ConnectHandler_server:receive:80 - receive completed

100%|██████████| 19694250/19694250 [00:01<00:00, 11677406.28iteration/s]
2026-05-26 00:09:31.354 | INFO     | __main__:<module>:438 - 2026-05-26 00:09:31 RECV round=74 token=0 cid=9 train_duration=113.09329032897949 battery=123577.06J
2026-05-26 00:09:31.354 | INFO     | utils.ConnectHandler_server:send:28 - sending data (59 bytes) to client#9...
2026-05-26 00:09:31.354 | INFO     | utils.ConnectHandler_server:send:34 - sending data (59 bytes) to client#9 completely
2026-05-26 00:09:34.060 | INFO     | __main__:<module>:552 - 2026-05-26 00:09:33 ROUND=74 end avg_acc=28.6500 best_acc=42.6350 duration=119.57s comm_mb=75.161 locations_after=[1, 3] checkpoint=logs_real/mmdfl_real_server/checkpoints/dfl_mm_seed1/checkpoint.pt
2026-05-26 00:09:34.060 | INFO     | __main__:<module>:374 - 2026-05-26 00:09:34 ROUND=75 start token_locations=[1, 3] active_clients=[0, 1, 2, 3, 4, 5, 6, 7, 8, 9]
2026-05-26 00:09:34.085 | INFO     | utils.ConnectHandler_server:send:28 - sending data (19699822 bytes) to client#1...
2026-05-26 00:09:35.652 | INFO     | utils.ConnectHandler_server:send:34 - sending data (19699822 bytes) to client#1 completely
2026-05-26 00:09:35.652 | INFO     | __main__:<module>:418 - 2026-05-26 00:09:35 SEND round=75 token=0 cid=1 payload_mb=18.787 duration=1.582s
2026-05-26 00:09:35.673 | INFO     | utils.ConnectHandler_server:send:28 - sending data (19699828 bytes) to client#3...
2026-05-26 00:09:37.319 | INFO     | utils.ConnectHandler_server:send:34 - sending data (19699828 bytes) to client#3 completely
2026-05-26 00:09:37.319 | INFO     | __main__:<module>:418 - 2026-05-26 00:09:37 SEND round=75 token=1 cid=3 payload_mb=18.787 duration=1.657s
2026-05-26 00:11:02.151 | INFO     | utils.ConnectHandler_server:receive:71 - 19696975bytes data to be received from client#3

  0%|          | 0/19696975 [00:00<?, ?iteration/s]
  6%|▌         | 1175776/19696975 [00:00<00:01, 11731897.99iteration/s]
 12%|█▏        | 2350104/19696975 [00:00<00:01, 11728963.17iteration/s]
 18%|█▊        | 3528776/19696975 [00:00<00:01, 11744088.66iteration/s]
 24%|██▍       | 4704552/19696975 [00:00<00:01, 11733576.66iteration/s]
 30%|██▉       | 5881776/19696975 [00:00<00:01, 11738683.96iteration/s]
 36%|███▌      | 7056104/19696975 [00:00<00:01, 11736904.18iteration/s]
 42%|████▏     | 8236224/19696975 [00:00<00:00, 11750355.03iteration/s]
 48%|████▊     | 9417792/19696975 [00:00<00:00, 11756833.25iteration/s]
 54%|█████▍    | 10602256/19696975 [00:00<00:00, 11758482.49iteration/s]
 60%|█████▉    | 11783824/19696975 [00:01<00:00, 11755817.04iteration/s]
 66%|██████▌   | 12966840/19696975 [00:01<00:00, 11756746.16iteration/s]
 72%|███████▏  | 14148408/19696975 [00:01<00:00, 11761821.62iteration/s]
 78%|███████▊  | 15329976/19696975 [00:01<00:00, 11759352.87iteration/s]
 84%|████████▍ | 16512992/19696975 [00:01<00:00, 11757953.92iteration/s]
 90%|████████▉ | 17693112/19696975 [00:01<00:00, 11757550.91iteration/s]
 96%|█████████▌| 18881920/19696975 [00:01<00:00, 11759971.99iteration/s]2026-05-26 00:11:03.828 | INFO     | utils.ConnectHandler_server:receive:80 - receive completed

100%|██████████| 19696975/19696975 [00:01<00:00, 11685208.39iteration/s]
2026-05-26 00:11:03.846 | INFO     | __main__:<module>:438 - 2026-05-26 00:11:03 RECV round=75 token=1 cid=3 train_duration=84.09160542488098 battery=136967.50J
2026-05-26 00:11:03.846 | INFO     | utils.ConnectHandler_server:send:28 - sending data (59 bytes) to client#3...
2026-05-26 00:11:03.846 | INFO     | utils.ConnectHandler_server:send:34 - sending data (59 bytes) to client#3 completely
2026-05-26 00:11:26.992 | INFO     | utils.ConnectHandler_server:receive:71 - 19696965bytes data to be received from client#1

  0%|          | 0/19696965 [00:00<?, ?iteration/s]
  6%|▌         | 1169984/19696965 [00:00<00:01, 11677327.83iteration/s]
 12%|█▏        | 2348656/19696965 [00:00<00:01, 11734856.51iteration/s]
 18%|█▊        | 3524432/19696965 [00:00<00:01, 11743025.37iteration/s]
 24%|██▍       | 4700208/19696965 [00:00<00:01, 11742580.23iteration/s]
 30%|██▉       | 5878880/19696965 [00:00<00:01, 11750272.66iteration/s]
 36%|███▌      | 7057552/19696965 [00:00<00:01, 11759552.37iteration/s]
 42%|████▏     | 8236224/19696965 [00:00<00:00, 11756152.52iteration/s]
 48%|████▊     | 9413448/19696965 [00:00<00:00, 11755835.06iteration/s]
 54%|█████▍    | 10592120/19696965 [00:00<00:00, 11759599.26iteration/s]
 60%|█████▉    | 11776584/19696965 [00:01<00:00, 11760829.10iteration/s]
 66%|██████▌   | 12959600/19696965 [00:01<00:00, 11753483.25iteration/s]
 72%|███████▏  | 14145512/19696965 [00:01<00:00, 11763449.33iteration/s]
 78%|███████▊  | 15322736/19696965 [00:01<00:00, 11762990.90iteration/s]
 84%|████████▍ | 16505752/19696965 [00:01<00:00, 11756849.60iteration/s]
 90%|████████▉ | 17691664/19696965 [00:01<00:00, 11760990.86iteration/s]
 96%|█████████▌| 18877576/19696965 [00:01<00:00, 11766989.29iteration/s]2026-05-26 00:11:28.669 | INFO     | utils.ConnectHandler_server:receive:80 - receive completed

100%|██████████| 19696965/19696965 [00:01<00:00, 11691550.90iteration/s]
2026-05-26 00:11:28.687 | INFO     | __main__:<module>:438 - 2026-05-26 00:11:28 RECV round=75 token=0 cid=1 train_duration=110.26431393623352 battery=130159.99J
2026-05-26 00:11:28.687 | INFO     | utils.ConnectHandler_server:send:28 - sending data (59 bytes) to client#1...
2026-05-26 00:11:28.687 | INFO     | utils.ConnectHandler_server:send:34 - sending data (59 bytes) to client#1 completely
2026-05-26 00:11:31.470 | INFO     | __main__:<module>:552 - 2026-05-26 00:11:31 ROUND=75 end avg_acc=40.4050 best_acc=42.6350 duration=117.35s comm_mb=75.138 locations_after=[0, 8] checkpoint=logs_real/mmdfl_real_server/checkpoints/dfl_mm_seed1/checkpoint.pt
2026-05-26 00:11:31.470 | INFO     | __main__:<module>:374 - 2026-05-26 00:11:31 ROUND=76 start token_locations=[0, 8] active_clients=[0, 1, 2, 3, 4, 5, 6, 7, 8, 9]
2026-05-26 00:11:31.489 | INFO     | utils.ConnectHandler_server:send:28 - sending data (19699826 bytes) to client#0...
2026-05-26 00:11:33.035 | INFO     | utils.ConnectHandler_server:send:34 - sending data (19699826 bytes) to client#0 completely
2026-05-26 00:11:33.036 | INFO     | __main__:<module>:418 - 2026-05-26 00:11:33 SEND round=76 token=0 cid=0 payload_mb=18.787 duration=1.556s
2026-05-26 00:11:33.055 | INFO     | utils.ConnectHandler_server:send:28 - sending data (19735891 bytes) to client#8...
2026-05-26 00:11:34.763 | INFO     | utils.ConnectHandler_server:send:34 - sending data (19735891 bytes) to client#8 completely
2026-05-26 00:11:34.763 | INFO     | __main__:<module>:418 - 2026-05-26 00:11:34 SEND round=76 token=1 cid=8 payload_mb=18.822 duration=1.718s
2026-05-26 00:13:23.441 | INFO     | utils.ConnectHandler_server:receive:71 - 19696981bytes data to be received from client#0

  0%|          | 0/19696981 [00:00<?, ?iteration/s]
  6%|▌         | 1164192/19696981 [00:00<00:01, 11624249.32iteration/s]
 12%|█▏        | 2342864/19696981 [00:00<00:01, 11707263.64iteration/s]
 18%|█▊        | 3515744/19696981 [00:00<00:01, 11693462.47iteration/s]
 24%|██▍       | 4692968/19696981 [00:00<00:01, 11713891.18iteration/s]
 30%|██▉       | 5870192/19696981 [00:00<00:01, 11727773.58iteration/s]
 36%|███▌      | 7050312/19696981 [00:00<00:01, 11740369.96iteration/s]
 42%|████▏     | 8233328/19696981 [00:00<00:00, 11751106.74iteration/s]
 48%|████▊     | 9410552/19696981 [00:00<00:00, 11753461.50iteration/s]
 54%|█████▍    | 10590672/19696981 [00:00<00:00, 11741526.30iteration/s]
 60%|█████▉    | 11773688/19696981 [00:01<00:00, 11748955.88iteration/s]
 66%|██████▌   | 12955256/19696981 [00:01<00:00, 11750734.17iteration/s]
 72%|███████▏  | 14131032/19696981 [00:01<00:00, 11738382.53iteration/s]
 78%|███████▊  | 15309704/19696981 [00:01<00:00, 11747476.81iteration/s]
 84%|████████▎ | 16495616/19696981 [00:01<00:00, 11756053.06iteration/s]
 90%|████████▉ | 17672840/19696981 [00:01<00:00, 11759664.67iteration/s]
 96%|█████████▌| 18860200/19696981 [00:01<00:00, 11759397.01iteration/s]2026-05-26 00:13:25.120 | INFO     | utils.ConnectHandler_server:receive:80 - receive completed

100%|██████████| 19696981/19696981 [00:01<00:00, 11678233.14iteration/s]
2026-05-26 00:13:25.138 | INFO     | __main__:<module>:438 - 2026-05-26 00:13:25 RECV round=76 token=0 cid=0 train_duration=109.28998494148254 battery=137780.43J
2026-05-26 00:13:25.138 | INFO     | utils.ConnectHandler_server:send:28 - sending data (59 bytes) to client#0...
2026-05-26 00:13:25.139 | INFO     | utils.ConnectHandler_server:send:34 - sending data (59 bytes) to client#0 completely
2026-05-26 00:15:19.407 | INFO     | utils.ConnectHandler_server:receive:71 - 19697437bytes data to be received from client#8

  0%|          | 0/19697437 [00:00<?, ?iteration/s]
  6%|▌         | 1158400/19697437 [00:00<00:01, 11558162.74iteration/s]
 12%|█▏        | 2324040/19697437 [00:00<00:01, 11614340.46iteration/s]
 18%|█▊        | 3489680/19697437 [00:00<00:01, 11627125.81iteration/s]
 24%|██▎       | 4653872/19697437 [00:00<00:01, 11630155.36iteration/s]
 30%|██▉       | 5829648/19697437 [00:00<00:01, 11670191.03iteration/s]
 36%|███▌      | 7003976/19697437 [00:00<00:01, 11682942.06iteration/s]
 42%|████▏     | 8176856/19697437 [00:00<00:00, 11695934.98iteration/s]
 48%|████▊     | 9358424/19697437 [00:00<00:00, 11718455.80iteration/s]
 53%|█████▎    | 10537096/19697437 [00:00<00:00, 11732415.19iteration/s]
 59%|█████▉    | 11712872/19697437 [00:01<00:00, 11736160.17iteration/s]
 65%|██████▌   | 12894440/19697437 [00:01<00:00, 11733508.96iteration/s]
 71%|███████▏  | 14073112/19697437 [00:01<00:00, 11736260.54iteration/s]
 77%|███████▋  | 15250336/19697437 [00:01<00:00, 11744952.76iteration/s]
 83%|████████▎ | 16436248/19697437 [00:01<00:00, 11745192.56iteration/s]
 89%|████████▉ | 17619264/19697437 [00:01<00:00, 11739400.44iteration/s]
 95%|█████████▌| 18803728/19697437 [00:01<00:00, 11739864.35iteration/s]2026-05-26 00:15:21.090 | INFO     | utils.ConnectHandler_server:receive:80 - receive completed

100%|██████████| 19697437/19697437 [00:01<00:00, 11646499.14iteration/s]
2026-05-26 00:15:21.109 | INFO     | __main__:<module>:438 - 2026-05-26 00:15:21 RECV round=76 token=1 cid=8 train_duration=224.0448739528656 battery=104904.57J
2026-05-26 00:15:21.109 | INFO     | utils.ConnectHandler_server:send:28 - sending data (59 bytes) to client#8...
2026-05-26 00:15:21.109 | INFO     | utils.ConnectHandler_server:send:34 - sending data (59 bytes) to client#8 completely
2026-05-26 00:15:23.886 | INFO     | __main__:<module>:552 - 2026-05-26 00:15:23 ROUND=76 end avg_acc=37.7050 best_acc=42.6350 duration=232.36s comm_mb=75.172 locations_after=[1, 7] checkpoint=logs_real/mmdfl_real_server/checkpoints/dfl_mm_seed1/checkpoint.pt
2026-05-26 00:15:23.886 | INFO     | __main__:<module>:374 - 2026-05-26 00:15:23 ROUND=77 start token_locations=[1, 7] active_clients=[0, 1, 2, 3, 4, 5, 6, 7, 8, 9]
2026-05-26 00:15:23.906 | INFO     | utils.ConnectHandler_server:send:28 - sending data (19699822 bytes) to client#1...
2026-05-26 00:15:25.469 | INFO     | utils.ConnectHandler_server:send:34 - sending data (19699822 bytes) to client#1 completely
2026-05-26 00:15:25.469 | INFO     | __main__:<module>:418 - 2026-05-26 00:15:25 SEND round=77 token=0 cid=1 payload_mb=18.787 duration=1.573s
2026-05-26 00:15:25.490 | INFO     | utils.ConnectHandler_server:send:28 - sending data (19729794 bytes) to client#7...
2026-05-26 00:15:27.167 | INFO     | utils.ConnectHandler_server:send:34 - sending data (19729794 bytes) to client#7 completely
2026-05-26 00:15:27.167 | INFO     | __main__:<module>:418 - 2026-05-26 00:15:27 SEND round=77 token=1 cid=7 payload_mb=18.816 duration=1.687s
2026-05-26 00:17:16.721 | INFO     | utils.ConnectHandler_server:receive:71 - 19696957bytes data to be received from client#1

  0%|          | 0/19696957 [00:00<?, ?iteration/s]
  6%|▌         | 1167088/19696957 [00:00<00:01, 11667497.39iteration/s]
 12%|█▏        | 2347208/19696957 [00:00<00:01, 11729054.13iteration/s]
 18%|█▊        | 3524432/19696957 [00:00<00:01, 11743856.64iteration/s]
 24%|██▍       | 4701656/19696957 [00:00<00:01, 11746297.04iteration/s]
 30%|██▉       | 5878880/19696957 [00:00<00:01, 11748533.03iteration/s]
 36%|███▌      | 7057552/19696957 [00:00<00:01, 11747057.36iteration/s]
 42%|████▏     | 8237672/19696957 [00:00<00:00, 11751171.83iteration/s]
 48%|████▊     | 9417792/19696957 [00:00<00:00, 11760791.16iteration/s]
 54%|█████▍    | 10596464/19696957 [00:00<00:00, 11758151.60iteration/s]
 60%|█████▉    | 11779480/19696957 [00:01<00:00, 11758600.40iteration/s]
 66%|██████▌   | 12959600/19696957 [00:01<00:00, 11762345.55iteration/s]
 72%|███████▏  | 14136824/19696957 [00:01<00:00, 11760858.48iteration/s]
 78%|███████▊  | 15325632/19696957 [00:01<00:00, 11760094.00iteration/s]
 84%|████████▍ | 16502856/19696957 [00:01<00:00, 11760402.70iteration/s]
 90%|████████▉ | 17682976/19696957 [00:01<00:00, 11756248.25iteration/s]
 96%|█████████▌| 18871784/19696957 [00:01<00:00, 11757269.47iteration/s]2026-05-26 00:17:18.398 | INFO     | utils.ConnectHandler_server:receive:80 - receive completed

100%|██████████| 19696957/19696957 [00:01<00:00, 11691895.27iteration/s]
2026-05-26 00:17:18.417 | INFO     | __main__:<module>:438 - 2026-05-26 00:17:18 RECV round=77 token=0 cid=1 train_duration=110.16754508018494 battery=129220.21J
2026-05-26 00:17:18.417 | INFO     | utils.ConnectHandler_server:send:28 - sending data (59 bytes) to client#1...
2026-05-26 00:17:18.417 | INFO     | utils.ConnectHandler_server:send:34 - sending data (59 bytes) to client#1 completely
2026-05-26 00:17:22.532 | INFO     | utils.ConnectHandler_server:receive:71 - 19697437bytes data to be received from client#7

  0%|          | 0/19697437 [00:00<?, ?iteration/s]
  6%|▌         | 1164192/19697437 [00:00<00:01, 11629897.21iteration/s]
 12%|█▏        | 2329832/19697437 [00:00<00:01, 11642222.82iteration/s]
 18%|█▊        | 3496920/19697437 [00:00<00:01, 11641132.30iteration/s]
 24%|██▎       | 4662560/19697437 [00:00<00:01, 11643840.77iteration/s]
 30%|██▉       | 5831096/19697437 [00:00<00:01, 11650017.77iteration/s]
 36%|███▌      | 7003976/19697437 [00:00<00:01, 11672743.87iteration/s]
 42%|████▏     | 8175408/19697437 [00:00<00:00, 11685635.58iteration/s]
 48%|████▊     | 9356976/19697437 [00:00<00:00, 11708343.89iteration/s]
 54%|█████▎    | 10538544/19697437 [00:00<00:00, 11721464.91iteration/s]
 59%|█████▉    | 11712872/19697437 [00:01<00:00, 11721146.71iteration/s]
 65%|██████▌   | 12885752/19697437 [00:01<00:00, 11721968.29iteration/s]
 71%|███████▏  | 14064424/19697437 [00:01<00:00, 11730180.61iteration/s]
 77%|███████▋  | 15245992/19697437 [00:01<00:00, 11729898.42iteration/s]
 83%|████████▎ | 16420320/19697437 [00:01<00:00, 11733460.69iteration/s]
 89%|████████▉ | 17594648/19697437 [00:01<00:00, 11732925.64iteration/s]
 95%|█████████▌| 18782008/19697437 [00:01<00:00, 11729008.77iteration/s]2026-05-26 00:17:24.216 | INFO     | utils.ConnectHandler_server:receive:80 - receive completed

100%|██████████| 19697437/19697437 [00:01<00:00, 11643216.46iteration/s]
2026-05-26 00:17:24.233 | INFO     | __main__:<module>:438 - 2026-05-26 00:17:24 RECV round=77 token=1 cid=7 train_duration=114.92876434326172 battery=117074.14J
2026-05-26 00:17:24.234 | INFO     | utils.ConnectHandler_server:send:28 - sending data (59 bytes) to client#7...
2026-05-26 00:17:24.234 | INFO     | utils.ConnectHandler_server:send:34 - sending data (59 bytes) to client#7 completely
2026-05-26 00:17:26.954 | INFO     | __main__:<module>:552 - 2026-05-26 00:17:26 ROUND=77 end avg_acc=41.0950 best_acc=42.6350 duration=123.01s comm_mb=75.166 locations_after=[2, 6] checkpoint=logs_real/mmdfl_real_server/checkpoints/dfl_mm_seed1/checkpoint.pt
2026-05-26 00:17:26.955 | INFO     | __main__:<module>:374 - 2026-05-26 00:17:26 ROUND=78 start token_locations=[2, 6] active_clients=[0, 1, 2, 3, 4, 5, 6, 7, 8, 9]
2026-05-26 00:17:26.974 | INFO     | utils.ConnectHandler_server:send:28 - sending data (19699823 bytes) to client#2...
2026-05-26 00:17:28.545 | INFO     | utils.ConnectHandler_server:send:34 - sending data (19699823 bytes) to client#2 completely
2026-05-26 00:17:28.545 | INFO     | __main__:<module>:418 - 2026-05-26 00:17:28 SEND round=78 token=0 cid=2 payload_mb=18.787 duration=1.581s
2026-05-26 00:17:28.564 | INFO     | utils.ConnectHandler_server:send:28 - sending data (19699823 bytes) to client#6...
2026-05-26 00:17:30.233 | INFO     | utils.ConnectHandler_server:send:34 - sending data (19699823 bytes) to client#6 completely
2026-05-26 00:17:30.234 | INFO     | __main__:<module>:418 - 2026-05-26 00:17:30 SEND round=78 token=1 cid=6 payload_mb=18.787 duration=1.679s
2026-05-26 00:18:57.724 | INFO     | utils.ConnectHandler_server:receive:71 - 19696969bytes data to be received from client#2

  0%|          | 0/19696969 [00:00<?, ?iteration/s]
  6%|▌         | 1175776/19696969 [00:00<00:01, 11733600.72iteration/s]
 12%|█▏        | 2353000/19696969 [00:00<00:01, 11752463.43iteration/s]
 18%|█▊        | 3530224/19696969 [00:00<00:01, 11757195.23iteration/s]
 24%|██▍       | 4707448/19696969 [00:00<00:01, 11749253.90iteration/s]
 30%|██▉       | 5883224/19696969 [00:00<00:01, 11615089.62iteration/s]
 36%|███▌      | 7064792/19696969 [00:00<00:01, 11666362.21iteration/s]
 42%|████▏     | 8242016/19696969 [00:00<00:00, 11692691.72iteration/s]
 48%|████▊     | 9422136/19696969 [00:00<00:00, 11714326.42iteration/s]
 54%|█████▍    | 10600808/19696969 [00:00<00:00, 11729535.93iteration/s]
 60%|█████▉    | 11783824/19696969 [00:01<00:00, 11735662.93iteration/s]
 66%|██████▌   | 12966840/19696969 [00:01<00:00, 11741799.38iteration/s]
 72%|███████▏  | 14152752/19696969 [00:01<00:00, 11747021.45iteration/s]
 78%|███████▊  | 15331424/19696969 [00:01<00:00, 11747754.22iteration/s]
 84%|████████▍ | 16520232/19696969 [00:01<00:00, 11755000.89iteration/s]
 90%|████████▉ | 17696008/19696969 [00:01<00:00, 11749705.56iteration/s]
 96%|█████████▌| 18873232/19696969 [00:01<00:00, 11754768.98iteration/s]2026-05-26 00:18:59.404 | INFO     | utils.ConnectHandler_server:receive:80 - receive completed

100%|██████████| 19696969/19696969 [00:01<00:00, 11663600.12iteration/s]
2026-05-26 00:18:59.423 | INFO     | __main__:<module>:438 - 2026-05-26 00:18:59 RECV round=78 token=0 cid=2 train_duration=88.32814621925354 battery=136875.24J
2026-05-26 00:18:59.423 | INFO     | utils.ConnectHandler_server:send:28 - sending data (59 bytes) to client#2...
2026-05-26 00:18:59.423 | INFO     | utils.ConnectHandler_server:send:34 - sending data (59 bytes) to client#2 completely
2026-05-26 00:19:04.136 | INFO     | utils.ConnectHandler_server:receive:71 - 19696975bytes data to be received from client#6

  0%|          | 0/19696975 [00:00<?, ?iteration/s]
  6%|▌         | 1167088/19696975 [00:00<00:01, 11654053.14iteration/s]
 12%|█▏        | 2344312/19696975 [00:00<00:01, 11718924.50iteration/s]
 18%|█▊        | 3520088/19696975 [00:00<00:01, 11733053.02iteration/s]
 24%|██▍       | 4697312/19696975 [00:00<00:01, 11743151.00iteration/s]
 30%|██▉       | 5871640/19696975 [00:00<00:01, 11742848.38iteration/s]
 36%|███▌      | 7048864/19696975 [00:00<00:01, 11748871.31iteration/s]
 42%|████▏     | 8231880/19696975 [00:00<00:00, 11757136.11iteration/s]
 48%|████▊     | 9409104/19696975 [00:00<00:00, 11761397.47iteration/s]
 54%|█████▍    | 10592120/19696975 [00:00<00:00, 11756448.27iteration/s]
 60%|█████▉    | 11770792/19696975 [00:01<00:00, 11753424.35iteration/s]
 66%|██████▌   | 12953808/19696975 [00:01<00:00, 11763559.18iteration/s]
 72%|███████▏  | 14135376/19696975 [00:01<00:00, 11757423.19iteration/s]
 78%|███████▊  | 15322736/19696975 [00:01<00:00, 11757261.56iteration/s]
 84%|████████▍ | 16511544/19696975 [00:01<00:00, 11764158.55iteration/s]
 90%|████████▉ | 17703248/19696975 [00:01<00:00, 11760774.58iteration/s]
 96%|█████████▌| 18889160/19696975 [00:01<00:00, 11761466.84iteration/s]2026-05-26 00:19:05.813 | INFO     | utils.ConnectHandler_server:receive:80 - receive completed

100%|██████████| 19696975/19696975 [00:01<00:00, 11684709.27iteration/s]
2026-05-26 00:19:05.832 | INFO     | __main__:<module>:438 - 2026-05-26 00:19:05 RECV round=78 token=1 cid=6 train_duration=93.17177700996399 battery=140424.32J
2026-05-26 00:19:05.832 | INFO     | utils.ConnectHandler_server:send:28 - sending data (59 bytes) to client#6...
2026-05-26 00:19:05.833 | INFO     | utils.ConnectHandler_server:send:34 - sending data (59 bytes) to client#6 completely
2026-05-26 00:19:08.540 | INFO     | __main__:<module>:552 - 2026-05-26 00:19:08 ROUND=78 end avg_acc=25.5650 best_acc=42.6350 duration=101.53s comm_mb=75.138 locations_after=[5, 7] checkpoint=logs_real/mmdfl_real_server/checkpoints/dfl_mm_seed1/checkpoint.pt
2026-05-26 00:19:08.541 | INFO     | __main__:<module>:374 - 2026-05-26 00:19:08 ROUND=79 start token_locations=[5, 7] active_clients=[0, 1, 2, 3, 4, 5, 6, 7, 8, 9]
2026-05-26 00:19:08.565 | INFO     | utils.ConnectHandler_server:send:28 - sending data (19699823 bytes) to client#5...
2026-05-26 00:19:10.098 | INFO     | utils.ConnectHandler_server:send:34 - sending data (19699823 bytes) to client#5 completely
2026-05-26 00:19:10.098 | INFO     | __main__:<module>:418 - 2026-05-26 00:19:10 SEND round=79 token=0 cid=5 payload_mb=18.787 duration=1.547s
2026-05-26 00:19:10.119 | INFO     | utils.ConnectHandler_server:send:28 - sending data (19729794 bytes) to client#7...
2026-05-26 00:19:11.852 | INFO     | utils.ConnectHandler_server:send:34 - sending data (19729794 bytes) to client#7 completely
2026-05-26 00:19:11.852 | INFO     | __main__:<module>:418 - 2026-05-26 00:19:11 SEND round=79 token=1 cid=7 payload_mb=18.816 duration=1.744s
2026-05-26 00:20:57.490 | INFO     | utils.ConnectHandler_server:receive:71 - 19697437bytes data to be received from client#7

  0%|          | 0/19697437 [00:00<?, ?iteration/s]
  6%|▌         | 1167088/19697437 [00:00<00:01, 11664856.10iteration/s]
 12%|█▏        | 2334176/19697437 [00:00<00:01, 11663401.03iteration/s]
 18%|█▊        | 3501264/19697437 [00:00<00:01, 11662390.44iteration/s]
 24%|██▎       | 4668352/19697437 [00:00<00:01, 11651132.86iteration/s]
 30%|██▉       | 5842680/19697437 [00:00<00:01, 11674814.57iteration/s]
 36%|███▌      | 7018456/19697437 [00:00<00:01, 11686124.69iteration/s]
 42%|████▏     | 8198576/19697437 [00:00<00:00, 11717928.19iteration/s]
 48%|████▊     | 9377248/19697437 [00:00<00:00, 11719477.10iteration/s]
 54%|█████▎    | 10555920/19697437 [00:00<00:00, 11731564.20iteration/s]
 60%|█████▉    | 11733144/19697437 [00:01<00:00, 11731302.99iteration/s]
 66%|██████▌   | 12910368/19697437 [00:01<00:00, 11739192.21iteration/s]
 72%|███████▏  | 14090488/19697437 [00:01<00:00, 11745669.08iteration/s]
 78%|███████▊  | 15269160/19697437 [00:01<00:00, 11732804.99iteration/s]
 84%|████████▎ | 16453624/19697437 [00:01<00:00, 11735286.54iteration/s]
 90%|████████▉ | 17642432/19697437 [00:01<00:00, 11740212.43iteration/s]
 96%|█████████▌| 18829792/19697437 [00:01<00:00, 11732113.43iteration/s]2026-05-26 00:20:59.172 | INFO     | utils.ConnectHandler_server:receive:80 - receive completed

100%|██████████| 19697437/19697437 [00:01<00:00, 11652148.04iteration/s]
2026-05-26 00:20:59.195 | INFO     | __main__:<module>:438 - 2026-05-26 00:20:59 RECV round=79 token=1 cid=7 train_duration=105.23967838287354 battery=115454.42J
2026-05-26 00:20:59.196 | INFO     | utils.ConnectHandler_server:send:28 - sending data (59 bytes) to client#7...
2026-05-26 00:20:59.196 | INFO     | utils.ConnectHandler_server:send:34 - sending data (59 bytes) to client#7 completely
2026-05-26 00:21:39.393 | INFO     | utils.ConnectHandler_server:receive:71 - 19696957bytes data to be received from client#5

  0%|          | 0/19696957 [00:00<?, ?iteration/s]
  6%|▌         | 1175776/19696957 [00:00<00:01, 11733824.06iteration/s]
 12%|█▏        | 2353000/19696957 [00:00<00:01, 11750843.69iteration/s]
 18%|█▊        | 3530224/19696957 [00:00<00:01, 11751036.72iteration/s]
 24%|██▍       | 4707448/19696957 [00:00<00:01, 11746546.43iteration/s]
 30%|██▉       | 5884672/19696957 [00:00<00:01, 11753644.06iteration/s]
 36%|███▌      | 7063344/19696957 [00:00<00:01, 11759949.53iteration/s]
 42%|████▏     | 8249256/19696957 [00:00<00:00, 11763698.84iteration/s]
 48%|████▊     | 9435168/19696957 [00:00<00:00, 11763108.94iteration/s]
 54%|█████▍    | 10612392/19696957 [00:00<00:00, 11756220.35iteration/s]
 60%|█████▉    | 11791064/19696957 [00:01<00:00, 11759294.96iteration/s]
 66%|██████▌   | 12968288/19696957 [00:01<00:00, 11755788.63iteration/s]
 72%|███████▏  | 14146960/19696957 [00:01<00:00, 11756239.14iteration/s]
 78%|███████▊  | 15329976/19696957 [00:01<00:00, 11761982.29iteration/s]
 84%|████████▍ | 16518784/19696957 [00:01<00:00, 11757705.21iteration/s]
 90%|████████▉ | 17698904/19696957 [00:01<00:00, 11763995.62iteration/s]
 96%|█████████▌| 18880472/19696957 [00:01<00:00, 11755213.58iteration/s]2026-05-26 00:21:41.070 | INFO     | utils.ConnectHandler_server:receive:80 - receive completed

100%|██████████| 19696957/19696957 [00:01<00:00, 11688474.42iteration/s]
2026-05-26 00:21:41.088 | INFO     | __main__:<module>:438 - 2026-05-26 00:21:41 RECV round=79 token=0 cid=5 train_duration=148.41802334785461 battery=128456.94J
2026-05-26 00:21:41.088 | INFO     | utils.ConnectHandler_server:send:28 - sending data (59 bytes) to client#5...
2026-05-26 00:21:41.088 | INFO     | utils.ConnectHandler_server:send:34 - sending data (59 bytes) to client#5 completely
2026-05-26 00:21:43.794 | INFO     | __main__:<module>:552 - 2026-05-26 00:21:43 ROUND=79 end avg_acc=29.6800 best_acc=42.6350 duration=155.19s comm_mb=75.167 locations_after=[4, 1] checkpoint=logs_real/mmdfl_real_server/checkpoints/dfl_mm_seed1/checkpoint.pt
2026-05-26 00:21:43.794 | INFO     | __main__:<module>:374 - 2026-05-26 00:21:43 ROUND=80 start token_locations=[4, 1] active_clients=[0, 1, 2, 3, 4, 5, 6, 7, 8, 9]
2026-05-26 00:21:43.815 | INFO     | utils.ConnectHandler_server:send:28 - sending data (19699828 bytes) to client#4...
2026-05-26 00:21:45.357 | INFO     | utils.ConnectHandler_server:send:34 - sending data (19699828 bytes) to client#4 completely
2026-05-26 00:21:45.358 | INFO     | __main__:<module>:418 - 2026-05-26 00:21:45 SEND round=80 token=0 cid=4 payload_mb=18.787 duration=1.554s
2026-05-26 00:21:45.378 | INFO     | utils.ConnectHandler_server:send:28 - sending data (19699822 bytes) to client#1...
2026-05-26 00:21:47.057 | INFO     | utils.ConnectHandler_server:send:34 - sending data (19699822 bytes) to client#1 completely
2026-05-26 00:21:47.057 | INFO     | __main__:<module>:418 - 2026-05-26 00:21:47 SEND round=80 token=1 cid=1 payload_mb=18.787 duration=1.689s
2026-05-26 00:23:12.575 | INFO     | utils.ConnectHandler_server:receive:71 - 19696951bytes data to be received from client#4

  0%|          | 0/19696951 [00:00<?, ?iteration/s]
  6%|▌         | 1168536/19696951 [00:00<00:01, 11661654.69iteration/s]
 12%|█▏        | 2345760/19696951 [00:00<00:01, 11723026.60iteration/s]
 18%|█▊        | 3522984/19696951 [00:00<00:01, 11738337.71iteration/s]
 24%|██▍       | 4698760/19696951 [00:00<00:01, 11740902.30iteration/s]
 30%|██▉       | 5877432/19696951 [00:00<00:01, 11750369.89iteration/s]
 36%|███▌      | 7054656/19696951 [00:00<00:01, 11746339.30iteration/s]
 42%|████▏     | 8239120/19696951 [00:00<00:00, 11764500.48iteration/s]
 48%|████▊     | 9416344/19696951 [00:00<00:00, 11755197.06iteration/s]
 54%|█████▍    | 10596464/19696951 [00:00<00:00, 11760910.70iteration/s]
 60%|█████▉    | 11779480/19696951 [00:01<00:00, 11757151.53iteration/s]
 66%|██████▌   | 12966840/19696951 [00:01<00:00, 11761124.76iteration/s]
 72%|███████▏  | 14149856/19696951 [00:01<00:00, 11754565.52iteration/s]
 78%|███████▊  | 15335768/19696951 [00:01<00:00, 11762252.57iteration/s]
 84%|████████▍ | 16518784/19696951 [00:01<00:00, 11750863.82iteration/s]
 90%|████████▉ | 17701800/19696951 [00:01<00:00, 11748824.35iteration/s]
 96%|█████████▌| 18879024/19696951 [00:01<00:00, 11755101.98iteration/s]2026-05-26 00:23:14.252 | INFO     | utils.ConnectHandler_server:receive:80 - receive completed

100%|██████████| 19696951/19696951 [00:01<00:00, 11687551.48iteration/s]
2026-05-26 00:23:14.275 | INFO     | __main__:<module>:438 - 2026-05-26 00:23:14 RECV round=80 token=0 cid=4 train_duration=86.31169629096985 battery=136699.41J
2026-05-26 00:23:14.275 | INFO     | utils.ConnectHandler_server:send:28 - sending data (59 bytes) to client#4...
2026-05-26 00:23:14.275 | INFO     | utils.ConnectHandler_server:send:34 - sending data (59 bytes) to client#4 completely
2026-05-26 00:23:38.183 | INFO     | utils.ConnectHandler_server:receive:71 - 19696965bytes data to be received from client#1

  0%|          | 0/19696965 [00:00<?, ?iteration/s]
  6%|▌         | 1167088/19696965 [00:00<00:01, 11667330.54iteration/s]
 12%|█▏        | 2344312/19696965 [00:00<00:01, 11724355.18iteration/s]
 18%|█▊        | 3522984/19696965 [00:00<00:01, 11746283.77iteration/s]
 24%|██▍       | 4703104/19696965 [00:00<00:01, 11748251.02iteration/s]
 30%|██▉       | 5883224/19696965 [00:00<00:01, 11753326.15iteration/s]
 36%|███▌      | 7059000/19696965 [00:00<00:01, 11749957.00iteration/s]
 42%|████▏     | 8242016/19696965 [00:00<00:00, 11757621.13iteration/s]
 48%|████▊     | 9423584/19696965 [00:00<00:00, 11760721.13iteration/s]
 54%|█████▍    | 10603704/19696965 [00:00<00:00, 11753169.49iteration/s]
 60%|█████▉    | 11783824/19696965 [00:01<00:00, 11757120.78iteration/s]
 66%|██████▌   | 12963944/19696965 [00:01<00:00, 11758120.10iteration/s]
 72%|███████▏  | 14141168/19696965 [00:01<00:00, 11749767.78iteration/s]
 78%|███████▊  | 15319840/19696965 [00:01<00:00, 11752064.13iteration/s]
 84%|████████▍ | 16501408/19696965 [00:01<00:00, 11755975.70iteration/s]
 90%|████████▉ | 17681528/19696965 [00:01<00:00, 11753610.06iteration/s]
 96%|█████████▌| 18858752/19696965 [00:01<00:00, 11757489.29iteration/s]2026-05-26 00:23:39.861 | INFO     | utils.ConnectHandler_server:receive:80 - receive completed

100%|██████████| 19696965/19696965 [00:01<00:00, 11682418.19iteration/s]
2026-05-26 00:23:39.879 | INFO     | __main__:<module>:438 - 2026-05-26 00:23:39 RECV round=80 token=1 cid=1 train_duration=110.12657427787781 battery=128280.77J
2026-05-26 00:23:39.880 | INFO     | utils.ConnectHandler_server:send:28 - sending data (59 bytes) to client#1...
2026-05-26 00:23:39.880 | INFO     | utils.ConnectHandler_server:send:34 - sending data (59 bytes) to client#1 completely
2026-05-26 00:23:42.650 | INFO     | __main__:<module>:552 - 2026-05-26 00:23:42 ROUND=80 end avg_acc=39.4050 best_acc=42.6350 duration=118.79s comm_mb=75.138 locations_after=[3, 9] checkpoint=logs_real/mmdfl_real_server/checkpoints/dfl_mm_seed1/checkpoint.pt
2026-05-26 00:23:42.650 | INFO     | __main__:<module>:374 - 2026-05-26 00:23:42 ROUND=81 start token_locations=[3, 9] active_clients=[0, 1, 2, 3, 4, 5, 6, 7, 8, 9]
2026-05-26 00:23:42.675 | INFO     | utils.ConnectHandler_server:send:28 - sending data (19699828 bytes) to client#3...
2026-05-26 00:23:44.247 | INFO     | utils.ConnectHandler_server:send:34 - sending data (19699828 bytes) to client#3 completely
2026-05-26 00:23:44.247 | INFO     | __main__:<module>:418 - 2026-05-26 00:23:44 SEND round=81 token=0 cid=3 payload_mb=18.787 duration=1.586s
2026-05-26 00:23:44.268 | INFO     | utils.ConnectHandler_server:send:28 - sending data (19723706 bytes) to client#9...
2026-05-26 00:23:45.939 | INFO     | utils.ConnectHandler_server:send:34 - sending data (19723706 bytes) to client#9 completely
2026-05-26 00:23:45.940 | INFO     | __main__:<module>:418 - 2026-05-26 00:23:45 SEND round=81 token=1 cid=9 payload_mb=18.810 duration=1.682s
2026-05-26 00:25:08.897 | INFO     | utils.ConnectHandler_server:receive:71 - 19696949bytes data to be received from client#3

  0%|          | 0/19696949 [00:00<?, ?iteration/s]
  6%|▌         | 1167088/19696949 [00:00<00:01, 11643048.63iteration/s]
 12%|█▏        | 2341416/19696949 [00:00<00:01, 11686990.59iteration/s]
 18%|█▊        | 3520088/19696949 [00:00<00:01, 11722829.07iteration/s]
 24%|██▍       | 4694416/19696949 [00:00<00:01, 11718668.94iteration/s]
 30%|██▉       | 5873088/19696949 [00:00<00:01, 11733345.52iteration/s]
 36%|███▌      | 7051760/19696949 [00:00<00:01, 11741272.08iteration/s]
 42%|████▏     | 8230432/19696949 [00:00<00:00, 11753594.57iteration/s]
 48%|████▊     | 9409104/19696949 [00:00<00:00, 11751106.89iteration/s]
 54%|█████▍    | 10590672/19696949 [00:00<00:00, 11750541.23iteration/s]
 60%|█████▉    | 11767896/19696949 [00:01<00:00, 11756407.77iteration/s]
 66%|██████▌   | 12943672/19696949 [00:01<00:00, 11749266.80iteration/s]
 72%|███████▏  | 14129584/19696949 [00:01<00:00, 11754512.07iteration/s]
 78%|███████▊  | 15306808/19696949 [00:01<00:00, 11752675.86iteration/s]
 84%|████████▎ | 16482584/19696949 [00:01<00:00, 11753637.05iteration/s]
 90%|████████▉ | 17669944/19696949 [00:01<00:00, 11760419.37iteration/s]
 96%|█████████▌| 18858752/19696949 [00:01<00:00, 11765230.57iteration/s]2026-05-26 00:25:10.575 | INFO     | utils.ConnectHandler_server:receive:80 - receive completed

100%|██████████| 19696949/19696949 [00:01<00:00, 11682185.69iteration/s]
2026-05-26 00:25:10.599 | INFO     | __main__:<module>:438 - 2026-05-26 00:25:10 RECV round=81 token=0 cid=3 train_duration=83.8414957523346 battery=136252.29J
2026-05-26 00:25:10.599 | INFO     | utils.ConnectHandler_server:send:28 - sending data (59 bytes) to client#3...
2026-05-26 00:25:10.599 | INFO     | utils.ConnectHandler_server:send:34 - sending data (59 bytes) to client#3 completely
2026-05-26 00:25:40.007 | INFO     | utils.ConnectHandler_server:receive:71 - 19694250bytes data to be received from client#9

  0%|          | 0/19694250 [00:00<?, ?iteration/s]
  6%|▌         | 1177862/19694250 [00:00<00:01, 11755704.48iteration/s]
 12%|█▏        | 2354310/19694250 [00:00<00:01, 11751696.27iteration/s]
 18%|█▊        | 3530758/19694250 [00:00<00:01, 11752113.62iteration/s]
 24%|██▍       | 4707206/19694250 [00:00<00:01, 11737886.95iteration/s]
 30%|██▉       | 5885068/19694250 [00:00<00:01, 11747817.09iteration/s]
 36%|███▌      | 7062930/19694250 [00:00<00:01, 11743686.47iteration/s]
 42%|████▏     | 8237964/19694250 [00:00<00:00, 11745550.87iteration/s]
 48%|████▊     | 9414412/19694250 [00:00<00:00, 11737602.87iteration/s]
 54%|█████▍    | 10596516/19694250 [00:00<00:00, 11744918.61iteration/s]
 60%|█████▉    | 11774378/19694250 [00:01<00:00, 11745176.57iteration/s]
 66%|██████▌   | 12952240/19694250 [00:01<00:00, 11742542.85iteration/s]
 72%|███████▏  | 14135758/19694250 [00:01<00:00, 11738731.79iteration/s]
 78%|███████▊  | 15310792/19694250 [00:01<00:00, 11739662.38iteration/s]
 84%|████████▎ | 16492896/19694250 [00:01<00:00, 11745326.90iteration/s]
 90%|████████▉ | 17667930/19694250 [00:01<00:00, 11743075.57iteration/s]
 96%|█████████▌| 18842964/19694250 [00:01<00:00, 11745252.17iteration/s]2026-05-26 00:25:41.685 | INFO     | utils.ConnectHandler_server:receive:80 - receive completed

100%|██████████| 19694250/19694250 [00:01<00:00, 11679113.45iteration/s]
2026-05-26 00:25:41.704 | INFO     | __main__:<module>:438 - 2026-05-26 00:25:41 RECV round=81 token=1 cid=9 train_duration=113.60686683654785 battery=121663.11J
2026-05-26 00:25:41.704 | INFO     | utils.ConnectHandler_server:send:28 - sending data (59 bytes) to client#9...
2026-05-26 00:25:41.704 | INFO     | utils.ConnectHandler_server:send:34 - sending data (59 bytes) to client#9 completely
2026-05-26 00:25:44.484 | INFO     | __main__:<module>:552 - 2026-05-26 00:25:44 ROUND=81 end avg_acc=39.8550 best_acc=42.6350 duration=121.77s comm_mb=75.161 locations_after=[8, 0] checkpoint=logs_real/mmdfl_real_server/checkpoints/dfl_mm_seed1/checkpoint.pt
2026-05-26 00:25:44.484 | INFO     | __main__:<module>:374 - 2026-05-26 00:25:44 ROUND=82 start token_locations=[8, 0] active_clients=[0, 1, 2, 3, 4, 5, 6, 7, 8, 9]
2026-05-26 00:25:44.505 | INFO     | utils.ConnectHandler_server:send:28 - sending data (19735891 bytes) to client#8...
2026-05-26 00:25:46.084 | INFO     | utils.ConnectHandler_server:send:34 - sending data (19735891 bytes) to client#8 completely
2026-05-26 00:25:46.084 | INFO     | __main__:<module>:418 - 2026-05-26 00:25:46 SEND round=82 token=0 cid=8 payload_mb=18.822 duration=1.590s
2026-05-26 00:25:46.105 | INFO     | utils.ConnectHandler_server:send:28 - sending data (19699826 bytes) to client#0...
2026-05-26 00:25:47.775 | INFO     | utils.ConnectHandler_server:send:34 - sending data (19699826 bytes) to client#0 completely
2026-05-26 00:25:47.775 | INFO     | __main__:<module>:418 - 2026-05-26 00:25:47 SEND round=82 token=1 cid=0 payload_mb=18.787 duration=1.681s
2026-05-26 00:27:37.845 | INFO     | utils.ConnectHandler_server:receive:71 - 19696991bytes data to be received from client#0

  0%|          | 0/19696991 [00:00<?, ?iteration/s]
  6%|▌         | 1171432/19696991 [00:00<00:01, 11688609.15iteration/s]
 12%|█▏        | 2348656/19696991 [00:00<00:01, 11733458.33iteration/s]
 18%|█▊        | 3527328/19696991 [00:00<00:01, 11743368.69iteration/s]
 24%|██▍       | 4706000/19696991 [00:00<00:01, 11749432.59iteration/s]
 30%|██▉       | 5886120/19696991 [00:00<00:01, 11749416.37iteration/s]
 36%|███▌      | 7064792/19696991 [00:00<00:01, 11752104.89iteration/s]
 42%|████▏     | 8240568/19696991 [00:00<00:00, 11753377.80iteration/s]
 48%|████▊     | 9416344/19696991 [00:00<00:00, 11754346.94iteration/s]
 54%|█████▍    | 10597912/19696991 [00:00<00:00, 11761455.22iteration/s]
 60%|█████▉    | 11782376/19696991 [00:01<00:00, 11762230.70iteration/s]
 66%|██████▌   | 12961048/19696991 [00:01<00:00, 11762167.95iteration/s]
 72%|███████▏  | 14145512/19696991 [00:01<00:00, 11760964.29iteration/s]
 78%|███████▊  | 15327080/19696991 [00:01<00:00, 11755898.50iteration/s]
 84%|████████▍ | 16511544/19696991 [00:01<00:00, 11759288.12iteration/s]
 90%|████████▉ | 17701800/19696991 [00:01<00:00, 11760316.84iteration/s]
 96%|█████████▌| 18879024/19696991 [00:01<00:00, 11761984.44iteration/s]2026-05-26 00:27:39.522 | INFO     | utils.ConnectHandler_server:receive:80 - receive completed

100%|██████████| 19696991/19696991 [00:01<00:00, 11686143.51iteration/s]
2026-05-26 00:27:39.545 | INFO     | __main__:<module>:438 - 2026-05-26 00:27:39 RECV round=82 token=1 cid=0 train_duration=109.11600303649902 battery=136849.61J
2026-05-26 00:27:39.545 | INFO     | utils.ConnectHandler_server:send:28 - sending data (59 bytes) to client#0...
2026-05-26 00:27:39.545 | INFO     | utils.ConnectHandler_server:send:34 - sending data (59 bytes) to client#0 completely
2026-05-26 00:29:34.610 | INFO     | utils.ConnectHandler_server:receive:71 - 19697437bytes data to be received from client#8

  0%|          | 0/19697437 [00:00<?, ?iteration/s]
  6%|▌         | 1159848/19697437 [00:00<00:01, 11589952.58iteration/s]
 12%|█▏        | 2328384/19697437 [00:00<00:01, 11640417.30iteration/s]
 18%|█▊        | 3494024/19697437 [00:00<00:01, 11635283.63iteration/s]
 24%|██▎       | 4659664/19697437 [00:00<00:01, 11628001.86iteration/s]
 30%|██▉       | 5831096/19697437 [00:00<00:01, 11658477.55iteration/s]
 36%|███▌      | 7008320/19697437 [00:00<00:01, 11685085.82iteration/s]
 42%|████▏     | 8186992/19697437 [00:00<00:00, 11712217.60iteration/s]
 48%|████▊     | 9367112/19697437 [00:00<00:00, 11723210.38iteration/s]
 54%|█████▎    | 10548680/19697437 [00:00<00:00, 11735801.65iteration/s]
 60%|█████▉    | 11727352/19697437 [00:01<00:00, 11737042.84iteration/s]
 66%|██████▌   | 12908920/19697437 [00:01<00:00, 11731772.19iteration/s]
 72%|███████▏  | 14089040/19697437 [00:01<00:00, 11742638.74iteration/s]
 78%|███████▊  | 15272056/19697437 [00:01<00:00, 11741301.96iteration/s]
 84%|████████▎ | 16456520/19697437 [00:01<00:00, 11736472.28iteration/s]
 90%|████████▉ | 17635192/19697437 [00:01<00:00, 11730364.64iteration/s]
 96%|█████████▌| 18813864/19697437 [00:01<00:00, 11737317.55iteration/s]2026-05-26 00:29:36.293 | INFO     | utils.ConnectHandler_server:receive:80 - receive completed

100%|██████████| 19697437/19697437 [00:01<00:00, 11643155.74iteration/s]
2026-05-26 00:29:36.312 | INFO     | __main__:<module>:438 - 2026-05-26 00:29:36 RECV round=82 token=0 cid=8 train_duration=227.78728675842285 battery=101398.77J
2026-05-26 00:29:36.313 | INFO     | utils.ConnectHandler_server:send:28 - sending data (59 bytes) to client#8...
2026-05-26 00:29:36.313 | INFO     | utils.ConnectHandler_server:send:34 - sending data (59 bytes) to client#8 completely
2026-05-26 00:29:39.100 | INFO     | __main__:<module>:552 - 2026-05-26 00:29:39 ROUND=82 end avg_acc=37.4200 best_acc=42.6350 duration=234.55s comm_mb=75.172 locations_after=[5, 1] checkpoint=logs_real/mmdfl_real_server/checkpoints/dfl_mm_seed1/checkpoint.pt
2026-05-26 00:29:39.100 | INFO     | __main__:<module>:374 - 2026-05-26 00:29:39 ROUND=83 start token_locations=[5, 1] active_clients=[0, 1, 2, 3, 4, 5, 6, 7, 8, 9]
2026-05-26 00:29:39.121 | INFO     | utils.ConnectHandler_server:send:28 - sending data (19699823 bytes) to client#5...
2026-05-26 00:29:40.654 | INFO     | utils.ConnectHandler_server:send:34 - sending data (19699823 bytes) to client#5 completely
2026-05-26 00:29:40.654 | INFO     | __main__:<module>:418 - 2026-05-26 00:29:40 SEND round=83 token=0 cid=5 payload_mb=18.787 duration=1.544s
2026-05-26 00:29:40.675 | INFO     | utils.ConnectHandler_server:send:28 - sending data (19699822 bytes) to client#1...
2026-05-26 00:29:42.365 | INFO     | utils.ConnectHandler_server:send:34 - sending data (19699822 bytes) to client#1 completely
2026-05-26 00:29:42.365 | INFO     | __main__:<module>:418 - 2026-05-26 00:29:42 SEND round=83 token=1 cid=1 payload_mb=18.787 duration=1.701s
2026-05-26 00:31:33.643 | INFO     | utils.ConnectHandler_server:receive:71 - 19696965bytes data to be received from client#1

  0%|          | 0/19696965 [00:00<?, ?iteration/s]
  6%|▌         | 1167088/19696965 [00:00<00:01, 11668554.25iteration/s]
 12%|█▏        | 2338520/19696965 [00:00<00:01, 11683420.84iteration/s]
 18%|█▊        | 3515744/19696965 [00:00<00:01, 11719546.26iteration/s]
 24%|██▍       | 4688624/19696965 [00:00<00:01, 11723102.53iteration/s]
 30%|██▉       | 5867296/19696965 [00:00<00:01, 11741628.88iteration/s]
 36%|███▌      | 7044520/19696965 [00:00<00:01, 11750578.63iteration/s]
 42%|████▏     | 8223192/19696965 [00:00<00:00, 11747272.82iteration/s]
 48%|████▊     | 9403312/19696965 [00:00<00:00, 11752529.51iteration/s]
 54%|█████▎    | 10586328/19696965 [00:00<00:00, 11754676.38iteration/s]
 60%|█████▉    | 11769344/19696965 [00:01<00:00, 11755880.91iteration/s]
 66%|██████▌   | 12952360/19696965 [00:01<00:00, 11763838.61iteration/s]
 72%|███████▏  | 14131032/19696965 [00:01<00:00, 11756660.24iteration/s]
 78%|███████▊  | 15311152/19696965 [00:01<00:00, 11762883.06iteration/s]
 84%|████████▍ | 16497064/19696965 [00:01<00:00, 11759823.33iteration/s]
 90%|████████▉ | 17682976/19696965 [00:01<00:00, 11762427.43iteration/s]
 96%|█████████▌| 18864544/19696965 [00:01<00:00, 11759375.03iteration/s]2026-05-26 00:31:35.322 | INFO     | utils.ConnectHandler_server:receive:80 - receive completed

100%|██████████| 19696965/19696965 [00:01<00:00, 11680773.05iteration/s]
2026-05-26 00:31:35.339 | INFO     | __main__:<module>:438 - 2026-05-26 00:31:35 RECV round=83 token=1 cid=1 train_duration=110.2718985080719 battery=127340.10J
2026-05-26 00:31:35.340 | INFO     | utils.ConnectHandler_server:send:28 - sending data (59 bytes) to client#1...
2026-05-26 00:31:35.340 | INFO     | utils.ConnectHandler_server:send:34 - sending data (59 bytes) to client#1 completely
2026-05-26 00:32:03.779 | INFO     | utils.ConnectHandler_server:receive:71 - 19696979bytes data to be received from client#5

  0%|          | 0/19696979 [00:00<?, ?iteration/s]
  6%|▌         | 1172880/19696979 [00:00<00:01, 11720986.58iteration/s]
 12%|█▏        | 2348656/19696979 [00:00<00:01, 11739392.58iteration/s]
 18%|█▊        | 3527328/19696979 [00:00<00:01, 11754209.06iteration/s]
 24%|██▍       | 4704552/19696979 [00:00<00:01, 11734701.00iteration/s]
 30%|██▉       | 5884672/19696979 [00:00<00:01, 11750242.01iteration/s]
 36%|███▌      | 7061896/19696979 [00:00<00:01, 11749772.84iteration/s]
 42%|████▏     | 8242016/19696979 [00:00<00:00, 11749053.27iteration/s]
 48%|████▊     | 9419240/19696979 [00:00<00:00, 11752532.96iteration/s]
 54%|█████▍    | 10602256/19696979 [00:00<00:00, 11754399.03iteration/s]
 60%|█████▉    | 11779480/19696979 [00:01<00:00, 11758325.53iteration/s]
 66%|██████▌   | 12965392/19696979 [00:01<00:00, 11761707.72iteration/s]
 72%|███████▏  | 14149856/19696979 [00:01<00:00, 11768483.57iteration/s]
 78%|███████▊  | 15332872/19696979 [00:01<00:00, 11764107.53iteration/s]
 84%|████████▍ | 16510096/19696979 [00:01<00:00, 11760161.78iteration/s]
 90%|████████▉ | 17691664/19696979 [00:01<00:00, 11765074.20iteration/s]
 96%|█████████▌| 18868888/19696979 [00:01<00:00, 11761184.82iteration/s]2026-05-26 00:32:05.457 | INFO     | utils.ConnectHandler_server:receive:80 - receive completed

100%|██████████| 19696979/19696979 [00:01<00:00, 11686505.02iteration/s]
2026-05-26 00:32:05.476 | INFO     | __main__:<module>:438 - 2026-05-26 00:32:05 RECV round=83 token=0 cid=5 train_duration=142.26734352111816 battery=127243.33J
2026-05-26 00:32:05.476 | INFO     | utils.ConnectHandler_server:send:28 - sending data (59 bytes) to client#5...
2026-05-26 00:32:05.476 | INFO     | utils.ConnectHandler_server:send:34 - sending data (59 bytes) to client#5 completely
2026-05-26 00:32:08.193 | INFO     | __main__:<module>:552 - 2026-05-26 00:32:08 ROUND=83 end avg_acc=37.5300 best_acc=42.6350 duration=149.03s comm_mb=75.138 locations_after=[2, 3] checkpoint=logs_real/mmdfl_real_server/checkpoints/dfl_mm_seed1/checkpoint.pt
2026-05-26 00:32:08.193 | INFO     | __main__:<module>:374 - 2026-05-26 00:32:08 ROUND=84 start token_locations=[2, 3] active_clients=[0, 1, 2, 3, 4, 5, 6, 7, 8, 9]
2026-05-26 00:32:08.242 | INFO     | utils.ConnectHandler_server:send:28 - sending data (19699823 bytes) to client#2...
2026-05-26 00:32:09.813 | INFO     | utils.ConnectHandler_server:send:34 - sending data (19699823 bytes) to client#2 completely
2026-05-26 00:32:09.813 | INFO     | __main__:<module>:418 - 2026-05-26 00:32:09 SEND round=84 token=0 cid=2 payload_mb=18.787 duration=1.591s
2026-05-26 00:32:09.833 | INFO     | utils.ConnectHandler_server:send:28 - sending data (19699828 bytes) to client#3...
2026-05-26 00:32:11.473 | INFO     | utils.ConnectHandler_server:send:34 - sending data (19699828 bytes) to client#3 completely
2026-05-26 00:32:11.473 | INFO     | __main__:<module>:418 - 2026-05-26 00:32:11 SEND round=84 token=1 cid=3 payload_mb=18.787 duration=1.651s
2026-05-26 00:33:35.777 | INFO     | utils.ConnectHandler_server:receive:71 - 19696961bytes data to be received from client#3

  0%|          | 0/19696961 [00:00<?, ?iteration/s]
  6%|▌         | 1164192/19696961 [00:00<00:01, 11617611.76iteration/s]
 12%|█▏        | 2332728/19696961 [00:00<00:01, 11652178.38iteration/s]
 18%|█▊        | 3502712/19696961 [00:00<00:01, 11668916.90iteration/s]
 24%|██▎       | 4672696/19696961 [00:00<00:01, 11677155.90iteration/s]
 30%|██▉       | 5852816/19696961 [00:00<00:01, 11712724.06iteration/s]
 36%|███▌      | 7032936/19696961 [00:00<00:01, 11734883.73iteration/s]
 42%|████▏     | 8211608/19696961 [00:00<00:00, 11735286.48iteration/s]
 48%|████▊     | 9388832/19696961 [00:00<00:00, 11744062.08iteration/s]
 54%|█████▎    | 10570400/19696961 [00:00<00:00, 11758040.03iteration/s]
 60%|█████▉    | 11750520/19696961 [00:01<00:00, 11752776.57iteration/s]
 66%|██████▌   | 12933536/19696961 [00:01<00:00, 11760417.36iteration/s]
 72%|███████▏  | 14113656/19696961 [00:01<00:00, 11763009.67iteration/s]
 78%|███████▊  | 15299568/19696961 [00:01<00:00, 11758304.83iteration/s]
 84%|████████▎ | 16479688/19696961 [00:01<00:00, 11763958.74iteration/s]
 90%|████████▉ | 17665600/19696961 [00:01<00:00, 11759808.29iteration/s]
 96%|█████████▌| 18848616/19696961 [00:01<00:00, 11755326.01iteration/s]2026-05-26 00:33:37.457 | INFO     | utils.ConnectHandler_server:receive:80 - receive completed

100%|██████████| 19696961/19696961 [00:01<00:00, 11664949.10iteration/s]
2026-05-26 00:33:37.476 | INFO     | __main__:<module>:438 - 2026-05-26 00:33:37 RECV round=84 token=1 cid=3 train_duration=83.558269739151 battery=135539.50J
2026-05-26 00:33:37.476 | INFO     | utils.ConnectHandler_server:send:28 - sending data (59 bytes) to client#3...
2026-05-26 00:33:37.476 | INFO     | utils.ConnectHandler_server:send:34 - sending data (59 bytes) to client#3 completely
2026-05-26 00:33:39.542 | INFO     | utils.ConnectHandler_server:receive:71 - 19696953bytes data to be received from client#2

  0%|          | 0/19696953 [00:00<?, ?iteration/s]
  6%|▌         | 1171432/19696953 [00:00<00:01, 11705818.97iteration/s]
 12%|█▏        | 2348656/19696953 [00:00<00:01, 11738960.00iteration/s]
 18%|█▊        | 3525880/19696953 [00:00<00:01, 11750497.80iteration/s]
 24%|██▍       | 4703104/19696953 [00:00<00:01, 11752370.37iteration/s]
 30%|██▉       | 5881776/19696953 [00:00<00:01, 11750437.07iteration/s]
 36%|███▌      | 7059000/19696953 [00:00<00:01, 11746670.03iteration/s]
 42%|████▏     | 8243464/19696953 [00:00<00:00, 11760723.82iteration/s]
 48%|████▊     | 9425032/19696953 [00:00<00:00, 11758130.03iteration/s]
 54%|█████▍    | 10609496/19696953 [00:00<00:00, 11735988.17iteration/s]
 60%|█████▉    | 11788168/19696953 [00:01<00:00, 11741791.22iteration/s]
 66%|██████▌   | 12968288/19696953 [00:01<00:00, 11751868.98iteration/s]
 72%|███████▏  | 14146960/19696953 [00:01<00:00, 11748052.20iteration/s]
 78%|███████▊  | 15322736/19696953 [00:01<00:00, 11748821.76iteration/s]
 84%|████████▍ | 16498512/19696953 [00:01<00:00, 11750024.50iteration/s]
 90%|████████▉ | 17681528/19696953 [00:01<00:00, 11751328.06iteration/s]
 96%|█████████▌| 18864544/19696953 [00:01<00:00, 11755603.42iteration/s]2026-05-26 00:33:41.220 | INFO     | utils.ConnectHandler_server:receive:80 - receive completed

100%|██████████| 19696953/19696953 [00:01<00:00, 11683324.70iteration/s]
2026-05-26 00:33:41.240 | INFO     | __main__:<module>:438 - 2026-05-26 00:33:41 RECV round=84 token=0 cid=2 train_duration=88.86872029304504 battery=136117.15J
2026-05-26 00:33:41.240 | INFO     | utils.ConnectHandler_server:send:28 - sending data (59 bytes) to client#2...
2026-05-26 00:33:41.240 | INFO     | utils.ConnectHandler_server:send:34 - sending data (59 bytes) to client#2 completely
2026-05-26 00:33:44.019 | INFO     | __main__:<module>:552 - 2026-05-26 00:33:43 ROUND=84 end avg_acc=26.2550 best_acc=42.6350 duration=95.76s comm_mb=75.138 locations_after=[7, 4] checkpoint=logs_real/mmdfl_real_server/checkpoints/dfl_mm_seed1/checkpoint.pt
2026-05-26 00:33:44.019 | INFO     | __main__:<module>:374 - 2026-05-26 00:33:44 ROUND=85 start token_locations=[7, 4] active_clients=[0, 1, 2, 3, 4, 5, 6, 7, 8, 9]
2026-05-26 00:33:44.044 | INFO     | utils.ConnectHandler_server:send:28 - sending data (19729794 bytes) to client#7...
2026-05-26 00:33:45.653 | INFO     | utils.ConnectHandler_server:send:34 - sending data (19729794 bytes) to client#7 completely
2026-05-26 00:33:45.653 | INFO     | __main__:<module>:418 - 2026-05-26 00:33:45 SEND round=85 token=0 cid=7 payload_mb=18.816 duration=1.624s
2026-05-26 00:33:45.673 | INFO     | utils.ConnectHandler_server:send:28 - sending data (19699828 bytes) to client#4...
2026-05-26 00:33:47.274 | INFO     | utils.ConnectHandler_server:send:34 - sending data (19699828 bytes) to client#4 completely
2026-05-26 00:33:47.274 | INFO     | __main__:<module>:418 - 2026-05-26 00:33:47 SEND round=85 token=1 cid=4 payload_mb=18.787 duration=1.611s
2026-05-26 00:35:14.284 | INFO     | utils.ConnectHandler_server:receive:71 - 19696935bytes data to be received from client#4

  0%|          | 0/19696935 [00:00<?, ?iteration/s]
  6%|▌         | 1172880/19696935 [00:00<00:01, 11716687.49iteration/s]
 12%|█▏        | 2350104/19696935 [00:00<00:01, 11743184.73iteration/s]
 18%|█▊        | 3528776/19696935 [00:00<00:01, 11751601.54iteration/s]
 24%|██▍       | 4704552/19696935 [00:00<00:01, 11753405.05iteration/s]
 30%|██▉       | 5880328/19696935 [00:00<00:01, 11754029.21iteration/s]
 36%|███▌      | 7060448/19696935 [00:00<00:01, 11755928.26iteration/s]
 42%|████▏     | 8239120/19696935 [00:00<00:00, 11755681.29iteration/s]
 48%|████▊     | 9420688/19696935 [00:00<00:00, 11758823.28iteration/s]
 54%|█████▍    | 10602256/19696935 [00:00<00:00, 11758600.08iteration/s]
 60%|█████▉    | 11785272/19696935 [00:01<00:00, 11738226.51iteration/s]
 66%|██████▌   | 12971184/19696935 [00:01<00:00, 11748815.41iteration/s]
 72%|███████▏  | 14155648/19696935 [00:01<00:00, 11754990.70iteration/s]
 78%|███████▊  | 15338664/19696935 [00:01<00:00, 11755796.57iteration/s]
 84%|████████▍ | 16523128/19696935 [00:01<00:00, 11756723.45iteration/s]
 90%|████████▉ | 17701800/19696935 [00:01<00:00, 11755148.36iteration/s]
 96%|█████████▌| 18890608/19696935 [00:01<00:00, 11759894.58iteration/s]2026-05-26 00:35:15.961 | INFO     | utils.ConnectHandler_server:receive:80 - receive completed

100%|██████████| 19696935/19696935 [00:01<00:00, 11687153.44iteration/s]
2026-05-26 00:35:15.979 | INFO     | __main__:<module>:438 - 2026-05-26 00:35:15 RECV round=85 token=1 cid=4 train_duration=86.22148370742798 battery=135963.90J
2026-05-26 00:35:15.979 | INFO     | utils.ConnectHandler_server:send:28 - sending data (59 bytes) to client#4...
2026-05-26 00:35:15.979 | INFO     | utils.ConnectHandler_server:send:34 - sending data (59 bytes) to client#4 completely
2026-05-26 00:35:36.786 | INFO     | utils.ConnectHandler_server:receive:71 - 19697437bytes data to be received from client#7

  0%|          | 0/19697437 [00:00<?, ?iteration/s]
  6%|▌         | 1162744/19697437 [00:00<00:01, 11607995.11iteration/s]
 12%|█▏        | 2332728/19697437 [00:00<00:01, 11641417.09iteration/s]
 18%|█▊        | 3498368/19697437 [00:00<00:01, 11642912.71iteration/s]
 24%|██▎       | 4665456/19697437 [00:00<00:01, 11638582.41iteration/s]
 30%|██▉       | 5841232/19697437 [00:00<00:01, 11665994.26iteration/s]
 36%|███▌      | 7014112/19697437 [00:00<00:01, 11675833.77iteration/s]
 42%|████▏     | 8197128/19697437 [00:00<00:00, 11712989.45iteration/s]
 48%|████▊     | 9368560/19697437 [00:00<00:00, 11712129.39iteration/s]
 54%|█████▎    | 10547232/19697437 [00:00<00:00, 11727316.66iteration/s]
 60%|█████▉    | 11724456/19697437 [00:01<00:00, 11721380.57iteration/s]
 66%|██████▌   | 12910368/19697437 [00:01<00:00, 11734653.85iteration/s]
 72%|███████▏  | 14091936/19697437 [00:01<00:00, 11744757.94iteration/s]
 78%|███████▊  | 15279296/19697437 [00:01<00:00, 11742513.29iteration/s]
 84%|████████▎ | 16453624/19697437 [00:01<00:00, 11739305.48iteration/s]
 89%|████████▉ | 17627952/19697437 [00:01<00:00, 11737392.44iteration/s]
 95%|█████████▌| 18809520/19697437 [00:01<00:00, 11726435.34iteration/s]2026-05-26 00:35:38.470 | INFO     | utils.ConnectHandler_server:receive:80 - receive completed

100%|██████████| 19697437/19697437 [00:01<00:00, 11646868.55iteration/s]
2026-05-26 00:35:38.488 | INFO     | __main__:<module>:438 - 2026-05-26 00:35:38 RECV round=85 token=0 cid=7 train_duration=110.68844532966614 battery=113750.85J
2026-05-26 00:35:38.488 | INFO     | utils.ConnectHandler_server:send:28 - sending data (59 bytes) to client#7...
2026-05-26 00:35:38.488 | INFO     | utils.ConnectHandler_server:send:34 - sending data (59 bytes) to client#7 completely
2026-05-26 00:35:41.251 | INFO     | __main__:<module>:552 - 2026-05-26 00:35:41 ROUND=85 end avg_acc=39.1850 best_acc=42.6350 duration=117.17s comm_mb=75.167 locations_after=[6, 9] checkpoint=logs_real/mmdfl_real_server/checkpoints/dfl_mm_seed1/checkpoint.pt
2026-05-26 00:35:41.251 | INFO     | __main__:<module>:374 - 2026-05-26 00:35:41 ROUND=86 start token_locations=[6, 9] active_clients=[0, 1, 2, 3, 4, 5, 6, 7, 8, 9]
2026-05-26 00:35:41.276 | INFO     | utils.ConnectHandler_server:send:28 - sending data (19699823 bytes) to client#6...
2026-05-26 00:35:42.847 | INFO     | utils.ConnectHandler_server:send:34 - sending data (19699823 bytes) to client#6 completely
2026-05-26 00:35:42.847 | INFO     | __main__:<module>:418 - 2026-05-26 00:35:42 SEND round=86 token=0 cid=6 payload_mb=18.787 duration=1.587s
2026-05-26 00:35:42.868 | INFO     | utils.ConnectHandler_server:send:28 - sending data (19723706 bytes) to client#9...
2026-05-26 00:35:44.536 | INFO     | utils.ConnectHandler_server:send:34 - sending data (19723706 bytes) to client#9 completely
2026-05-26 00:35:44.536 | INFO     | __main__:<module>:418 - 2026-05-26 00:35:44 SEND round=86 token=1 cid=9 payload_mb=18.810 duration=1.678s
2026-05-26 00:37:17.819 | INFO     | utils.ConnectHandler_server:receive:71 - 19696963bytes data to be received from client#6

  0%|          | 0/19696963 [00:00<?, ?iteration/s]
  6%|▌         | 1177224/19696963 [00:00<00:01, 11745843.17iteration/s]
 12%|█▏        | 2353000/19696963 [00:00<00:01, 11749165.57iteration/s]
 18%|█▊        | 3531672/19696963 [00:00<00:01, 11755219.28iteration/s]
 24%|██▍       | 4710344/19696963 [00:00<00:01, 11760967.93iteration/s]
 30%|██▉       | 5889016/19696963 [00:00<00:01, 11756062.41iteration/s]
 36%|███▌      | 7070584/19696963 [00:00<00:01, 11760865.70iteration/s]
 42%|████▏     | 8250704/19696963 [00:00<00:00, 11755565.70iteration/s]
 48%|████▊     | 9433720/19696963 [00:00<00:00, 11756470.79iteration/s]
 54%|█████▍    | 10615288/19696963 [00:00<00:00, 11761242.33iteration/s]
 60%|█████▉    | 11792512/19696963 [00:01<00:00, 11758590.12iteration/s]
 66%|██████▌   | 12974080/19696963 [00:01<00:00, 11760067.33iteration/s]
 72%|███████▏  | 14161440/19696963 [00:01<00:00, 11761896.65iteration/s]
 78%|███████▊  | 15348800/19696963 [00:01<00:00, 11761835.49iteration/s]
 84%|████████▍ | 16533264/19696963 [00:01<00:00, 11760785.85iteration/s]
 90%|████████▉ | 17720624/19696963 [00:01<00:00, 11757069.07iteration/s]
 96%|█████████▌| 18896400/19696963 [00:01<00:00, 11751911.65iteration/s]2026-05-26 00:37:19.496 | INFO     | utils.ConnectHandler_server:receive:80 - receive completed

100%|██████████| 19696963/19696963 [00:01<00:00, 11694858.13iteration/s]
2026-05-26 00:37:19.516 | INFO     | __main__:<module>:438 - 2026-05-26 00:37:19 RECV round=86 token=0 cid=6 train_duration=94.14427590370178 battery=139621.22J
2026-05-26 00:37:19.516 | INFO     | utils.ConnectHandler_server:send:28 - sending data (59 bytes) to client#6...
2026-05-26 00:37:19.516 | INFO     | utils.ConnectHandler_server:send:34 - sending data (59 bytes) to client#6 completely
2026-05-26 00:37:34.513 | INFO     | utils.ConnectHandler_server:receive:71 - 19694250bytes data to be received from client#9

  0%|          | 0/19694250 [00:00<?, ?iteration/s]
  6%|▌         | 1177862/19694250 [00:00<00:01, 11760125.92iteration/s]
 12%|█▏        | 2355724/19694250 [00:00<00:01, 11751947.40iteration/s]
 18%|█▊        | 3532172/19694250 [00:00<00:01, 11747564.30iteration/s]
 24%|██▍       | 4711448/19694250 [00:00<00:01, 11746374.09iteration/s]
 30%|██▉       | 5887896/19694250 [00:00<00:01, 11743210.56iteration/s]
 36%|███▌      | 7064344/19694250 [00:00<00:01, 11743448.72iteration/s]
 42%|████▏     | 8239378/19694250 [00:00<00:00, 11738174.67iteration/s]
 48%|████▊     | 9417240/19694250 [00:00<00:00, 11744225.70iteration/s]
 54%|█████▍    | 10596516/19694250 [00:00<00:00, 11743472.76iteration/s]
 60%|█████▉    | 11772964/19694250 [00:01<00:00, 11739134.72iteration/s]
 66%|██████▌   | 12952240/19694250 [00:01<00:00, 11743749.84iteration/s]
 72%|███████▏  | 14134344/19694250 [00:01<00:00, 11747787.76iteration/s]
 78%|███████▊  | 15317862/19694250 [00:01<00:00, 11741007.52iteration/s]
 84%|████████▍ | 16497138/19694250 [00:01<00:00, 11744029.75iteration/s]
 90%|████████▉ | 17684898/19694250 [00:01<00:00, 11743751.24iteration/s]
 96%|█████████▌| 18861346/19694250 [00:01<00:00, 11741335.13iteration/s]2026-05-26 00:37:36.192 | INFO     | utils.ConnectHandler_server:receive:80 - receive completed

100%|██████████| 19694250/19694250 [00:01<00:00, 11674194.71iteration/s]
2026-05-26 00:37:36.211 | INFO     | __main__:<module>:438 - 2026-05-26 00:37:36 RECV round=86 token=1 cid=9 train_duration=109.50639057159424 battery=119818.23J
2026-05-26 00:37:36.211 | INFO     | utils.ConnectHandler_server:send:28 - sending data (59 bytes) to client#9...
2026-05-26 00:37:36.211 | INFO     | utils.ConnectHandler_server:send:34 - sending data (59 bytes) to client#9 completely
2026-05-26 00:37:39.000 | INFO     | __main__:<module>:552 - 2026-05-26 00:37:38 ROUND=86 end avg_acc=37.3500 best_acc=42.6350 duration=117.69s comm_mb=75.161 locations_after=[5, 0] checkpoint=logs_real/mmdfl_real_server/checkpoints/dfl_mm_seed1/checkpoint.pt
2026-05-26 00:37:39.001 | INFO     | __main__:<module>:374 - 2026-05-26 00:37:38 ROUND=87 start token_locations=[5, 0] active_clients=[0, 1, 2, 3, 4, 5, 6, 7, 8, 9]
2026-05-26 00:37:39.026 | INFO     | utils.ConnectHandler_server:send:28 - sending data (19699823 bytes) to client#5...
2026-05-26 00:37:40.562 | INFO     | utils.ConnectHandler_server:send:34 - sending data (19699823 bytes) to client#5 completely
2026-05-26 00:37:40.562 | INFO     | __main__:<module>:418 - 2026-05-26 00:37:40 SEND round=87 token=0 cid=5 payload_mb=18.787 duration=1.551s
2026-05-26 00:37:40.583 | INFO     | utils.ConnectHandler_server:send:28 - sending data (19699826 bytes) to client#0...
2026-05-26 00:37:42.216 | INFO     | utils.ConnectHandler_server:send:34 - sending data (19699826 bytes) to client#0 completely
2026-05-26 00:37:42.216 | INFO     | __main__:<module>:418 - 2026-05-26 00:37:42 SEND round=87 token=1 cid=0 payload_mb=18.787 duration=1.643s
2026-05-26 00:39:32.351 | INFO     | utils.ConnectHandler_server:receive:71 - 19696973bytes data to be received from client#0

  0%|          | 0/19696973 [00:00<?, ?iteration/s]
  6%|▌         | 1168536/19696973 [00:00<00:01, 11662209.66iteration/s]
 12%|█▏        | 2345760/19696973 [00:00<00:01, 11721433.85iteration/s]
 18%|█▊        | 3522984/19696973 [00:00<00:01, 11736514.10iteration/s]
 24%|██▍       | 4700208/19696973 [00:00<00:01, 11736262.13iteration/s]
 30%|██▉       | 5881776/19696973 [00:00<00:01, 11756690.51iteration/s]
 36%|███▌      | 7061896/19696973 [00:00<00:01, 11753709.58iteration/s]
 42%|████▏     | 8243464/19696973 [00:00<00:00, 11754794.18iteration/s]
 48%|████▊     | 9423584/19696973 [00:00<00:00, 11752556.61iteration/s]
 54%|█████▍    | 10600808/19696973 [00:00<00:00, 11754546.64iteration/s]
 60%|█████▉    | 11788168/19696973 [00:01<00:00, 11764216.06iteration/s]
 66%|██████▌   | 12966840/19696973 [00:01<00:00, 11756307.48iteration/s]
 72%|███████▏  | 14145512/19696973 [00:01<00:00, 11762413.46iteration/s]
 78%|███████▊  | 15322736/19696973 [00:01<00:00, 11757973.05iteration/s]
 84%|████████▍ | 16508648/19696973 [00:01<00:00, 11753865.76iteration/s]
 90%|████████▉ | 17697456/19696973 [00:01<00:00, 11758865.79iteration/s]
 96%|█████████▌| 18880472/19696973 [00:01<00:00, 11760076.87iteration/s]2026-05-26 00:39:34.028 | INFO     | utils.ConnectHandler_server:receive:80 - receive completed

100%|██████████| 19696973/19696973 [00:01<00:00, 11683526.57iteration/s]
2026-05-26 00:39:34.047 | INFO     | __main__:<module>:438 - 2026-05-26 00:39:34 RECV round=87 token=1 cid=0 train_duration=109.11276006698608 battery=135918.82J
2026-05-26 00:39:34.047 | INFO     | utils.ConnectHandler_server:send:28 - sending data (59 bytes) to client#0...
2026-05-26 00:39:34.047 | INFO     | utils.ConnectHandler_server:send:34 - sending data (59 bytes) to client#0 completely
2026-05-26 00:39:38.563 | INFO     | utils.ConnectHandler_server:receive:71 - 19696971bytes data to be received from client#5

  0%|          | 0/19696971 [00:00<?, ?iteration/s]
  6%|▌         | 1172880/19696971 [00:00<00:01, 11702333.55iteration/s]
 12%|█▏        | 2350104/19696971 [00:00<00:01, 11737815.05iteration/s]
 18%|█▊        | 3527328/19696971 [00:00<00:01, 11748734.53iteration/s]
 24%|██▍       | 4703104/19696971 [00:00<00:01, 11743451.98iteration/s]
 30%|██▉       | 5883224/19696971 [00:00<00:01, 11748488.09iteration/s]
 36%|███▌      | 7063344/19696971 [00:00<00:01, 11754247.23iteration/s]
 42%|████▏     | 8240568/19696971 [00:00<00:00, 11757296.21iteration/s]
 48%|████▊     | 9417792/19696971 [00:00<00:00, 11759456.97iteration/s]
 54%|█████▍    | 10596464/19696971 [00:00<00:00, 11756341.42iteration/s]
 60%|█████▉    | 11779480/19696971 [00:01<00:00, 11755815.55iteration/s]
 66%|██████▌   | 12961048/19696971 [00:01<00:00, 11758715.22iteration/s]
 72%|███████▏  | 14141168/19696971 [00:01<00:00, 11764086.56iteration/s]
 78%|███████▊  | 15321288/19696971 [00:01<00:00, 11756787.03iteration/s]
 84%|████████▍ | 16505752/19696971 [00:01<00:00, 11754138.82iteration/s]
 90%|████████▉ | 17685872/19696971 [00:01<00:00, 11763265.08iteration/s]
 96%|█████████▌| 18871784/19696971 [00:01<00:00, 11755948.58iteration/s]2026-05-26 00:39:40.240 | INFO     | utils.ConnectHandler_server:receive:80 - receive completed

100%|██████████| 19696971/19696971 [00:01<00:00, 11691061.42iteration/s]
2026-05-26 00:39:40.260 | INFO     | __main__:<module>:438 - 2026-05-26 00:39:40 RECV round=87 token=0 cid=5 train_duration=117.11347723007202 battery=126244.29J
2026-05-26 00:39:40.260 | INFO     | utils.ConnectHandler_server:send:28 - sending data (59 bytes) to client#5...
2026-05-26 00:39:40.260 | INFO     | utils.ConnectHandler_server:send:34 - sending data (59 bytes) to client#5 completely
2026-05-26 00:39:43.025 | INFO     | __main__:<module>:552 - 2026-05-26 00:39:42 ROUND=87 end avg_acc=29.9900 best_acc=42.6350 duration=123.96s comm_mb=75.138 locations_after=[8, 1] checkpoint=logs_real/mmdfl_real_server/checkpoints/dfl_mm_seed1/checkpoint.pt
2026-05-26 00:39:43.026 | INFO     | __main__:<module>:374 - 2026-05-26 00:39:43 ROUND=88 start token_locations=[8, 1] active_clients=[0, 1, 2, 3, 4, 5, 6, 7, 8, 9]
2026-05-26 00:39:43.046 | INFO     | utils.ConnectHandler_server:send:28 - sending data (19735891 bytes) to client#8...
2026-05-26 00:39:44.617 | INFO     | utils.ConnectHandler_server:send:34 - sending data (19735891 bytes) to client#8 completely
2026-05-26 00:39:44.617 | INFO     | __main__:<module>:418 - 2026-05-26 00:39:44 SEND round=88 token=0 cid=8 payload_mb=18.822 duration=1.582s
2026-05-26 00:39:44.638 | INFO     | utils.ConnectHandler_server:send:28 - sending data (19699822 bytes) to client#1...
2026-05-26 00:39:46.304 | INFO     | utils.ConnectHandler_server:send:34 - sending data (19699822 bytes) to client#1 completely
2026-05-26 00:39:46.304 | INFO     | __main__:<module>:418 - 2026-05-26 00:39:46 SEND round=88 token=1 cid=1 payload_mb=18.787 duration=1.677s
2026-05-26 00:41:37.480 | INFO     | utils.ConnectHandler_server:receive:71 - 19696955bytes data to be received from client#1

  0%|          | 0/19696955 [00:00<?, ?iteration/s]
  6%|▌         | 1167088/19696955 [00:00<00:01, 11660132.55iteration/s]
 12%|█▏        | 2342864/19696955 [00:00<00:01, 11711125.73iteration/s]
 18%|█▊        | 3521536/19696955 [00:00<00:01, 11735632.64iteration/s]
 24%|██▍       | 4697312/19696955 [00:00<00:01, 11732658.13iteration/s]
 30%|██▉       | 5875984/19696955 [00:00<00:01, 11743713.66iteration/s]
 36%|███▌      | 7054656/19696955 [00:00<00:01, 11742549.40iteration/s]
 42%|████▏     | 8233328/19696955 [00:00<00:00, 11747389.08iteration/s]
 48%|████▊     | 9414896/19696955 [00:00<00:00, 11756045.99iteration/s]
 54%|█████▍    | 10599360/19696955 [00:00<00:00, 11759425.46iteration/s]
 60%|█████▉    | 11780928/19696955 [00:01<00:00, 11754815.06iteration/s]
 66%|██████▌   | 12965392/19696955 [00:01<00:00, 11756167.15iteration/s]
 72%|███████▏  | 14149856/19696955 [00:01<00:00, 11762254.49iteration/s]
 78%|███████▊  | 15334320/19696955 [00:01<00:00, 11758938.25iteration/s]
 84%|████████▍ | 16518784/19696955 [00:01<00:00, 11752920.40iteration/s]
 90%|████████▉ | 17706144/19696955 [00:01<00:00, 11762481.28iteration/s]
 96%|█████████▌| 18884816/19696955 [00:01<00:00, 11762697.10iteration/s]2026-05-26 00:41:39.158 | INFO     | utils.ConnectHandler_server:receive:80 - receive completed

100%|██████████| 19696955/19696955 [00:01<00:00, 11681720.12iteration/s]
2026-05-26 00:41:39.176 | INFO     | __main__:<module>:438 - 2026-05-26 00:41:39 RECV round=88 token=1 cid=1 train_duration=110.17915081977844 battery=126400.21J
2026-05-26 00:41:39.176 | INFO     | utils.ConnectHandler_server:send:28 - sending data (59 bytes) to client#1...
2026-05-26 00:41:39.176 | INFO     | utils.ConnectHandler_server:send:34 - sending data (59 bytes) to client#1 completely
2026-05-26 00:43:28.812 | INFO     | utils.ConnectHandler_server:receive:71 - 19697437bytes data to be received from client#8

  0%|          | 0/19697437 [00:00<?, ?iteration/s]
  6%|▌         | 1156952/19697437 [00:00<00:01, 11562887.12iteration/s]
 12%|█▏        | 2321144/19697437 [00:00<00:01, 11609128.42iteration/s]
 18%|█▊        | 3486784/19697437 [00:00<00:01, 11627956.39iteration/s]
 24%|██▎       | 4655320/19697437 [00:00<00:01, 11641612.76iteration/s]
 30%|██▉       | 5829648/19697437 [00:00<00:01, 11663954.26iteration/s]
 36%|███▌      | 7008320/19697437 [00:00<00:01, 11688773.62iteration/s]
 42%|████▏     | 8184096/19697437 [00:00<00:00, 11708465.96iteration/s]
 48%|████▊     | 9365664/19697437 [00:00<00:00, 11729822.43iteration/s]
 54%|█████▎    | 10542888/19697437 [00:00<00:00, 11738460.83iteration/s]
 59%|█████▉    | 11717216/19697437 [00:01<00:00, 11738129.54iteration/s]
 65%|██████▌   | 12895888/19697437 [00:01<00:00, 11739254.56iteration/s]
 71%|███████▏  | 14071664/19697437 [00:01<00:00, 11736685.50iteration/s]
 77%|███████▋  | 15251784/19697437 [00:01<00:00, 11733441.31iteration/s]
 83%|████████▎ | 16427560/19697437 [00:01<00:00, 11733219.86iteration/s]
 89%|████████▉ | 17613472/19697437 [00:01<00:00, 11733295.21iteration/s]
 95%|█████████▌| 18796488/19697437 [00:01<00:00, 11733722.22iteration/s]2026-05-26 00:43:30.496 | INFO     | utils.ConnectHandler_server:receive:80 - receive completed

100%|██████████| 19697437/19697437 [00:01<00:00, 11645732.47iteration/s]
2026-05-26 00:43:30.514 | INFO     | __main__:<module>:438 - 2026-05-26 00:43:30 RECV round=88 token=0 cid=8 train_duration=223.39649868011475 battery=97960.54J
2026-05-26 00:43:30.514 | INFO     | utils.ConnectHandler_server:send:28 - sending data (59 bytes) to client#8...
2026-05-26 00:43:30.514 | INFO     | utils.ConnectHandler_server:send:34 - sending data (59 bytes) to client#8 completely
2026-05-26 00:43:33.285 | INFO     | __main__:<module>:552 - 2026-05-26 00:43:33 ROUND=88 end avg_acc=42.8900 best_acc=42.8900 duration=230.19s comm_mb=75.172 locations_after=[3, 2] checkpoint=logs_real/mmdfl_real_server/checkpoints/dfl_mm_seed1/checkpoint.pt
2026-05-26 00:43:33.285 | INFO     | __main__:<module>:374 - 2026-05-26 00:43:33 ROUND=89 start token_locations=[3, 2] active_clients=[0, 1, 2, 3, 4, 5, 6, 7, 8, 9]
2026-05-26 00:43:33.306 | INFO     | utils.ConnectHandler_server:send:28 - sending data (19699828 bytes) to client#3...
2026-05-26 00:43:34.893 | INFO     | utils.ConnectHandler_server:send:34 - sending data (19699828 bytes) to client#3 completely
2026-05-26 00:43:34.893 | INFO     | __main__:<module>:418 - 2026-05-26 00:43:34 SEND round=89 token=0 cid=3 payload_mb=18.787 duration=1.598s
2026-05-26 00:43:34.914 | INFO     | utils.ConnectHandler_server:send:28 - sending data (19699823 bytes) to client#2...
2026-05-26 00:43:36.576 | INFO     | utils.ConnectHandler_server:send:34 - sending data (19699823 bytes) to client#2 completely
2026-05-26 00:43:36.577 | INFO     | __main__:<module>:418 - 2026-05-26 00:43:36 SEND round=89 token=1 cid=2 payload_mb=18.787 duration=1.673s
2026-05-26 00:44:59.395 | INFO     | utils.ConnectHandler_server:receive:71 - 19696941bytes data to be received from client#3

  0%|          | 0/19696941 [00:00<?, ?iteration/s]
  6%|▌         | 1174328/19696941 [00:00<00:01, 11739148.93iteration/s]
 12%|█▏        | 2350104/19696941 [00:00<00:01, 11709970.11iteration/s]
 18%|█▊        | 3525880/19696941 [00:00<00:01, 11729715.60iteration/s]
 24%|██▍       | 4700208/19696941 [00:00<00:01, 11734307.11iteration/s]
 30%|██▉       | 5877432/19696941 [00:00<00:01, 11744991.89iteration/s]
 36%|███▌      | 7057552/19696941 [00:00<00:01, 11751099.38iteration/s]
 42%|████▏     | 8234776/19696941 [00:00<00:00, 11748448.33iteration/s]
 48%|████▊     | 9417792/19696941 [00:00<00:00, 11760603.10iteration/s]
 54%|█████▍    | 10597912/19696941 [00:00<00:00, 11758997.21iteration/s]
 60%|█████▉    | 11780928/19696941 [00:01<00:00, 11755659.13iteration/s]
 66%|██████▌   | 12965392/19696941 [00:01<00:00, 11754269.67iteration/s]
 72%|███████▏  | 14145512/19696941 [00:01<00:00, 11765283.11iteration/s]
 78%|███████▊  | 15322736/19696941 [00:01<00:00, 11757979.50iteration/s]
 84%|████████▍ | 16511544/19696941 [00:01<00:00, 11763532.56iteration/s]
 90%|████████▉ | 17696008/19696941 [00:01<00:00, 11754296.77iteration/s]
 96%|█████████▌| 18879024/19696941 [00:01<00:00, 11757460.67iteration/s]2026-05-26 00:45:01.072 | INFO     | utils.ConnectHandler_server:receive:80 - receive completed

100%|██████████| 19696941/19696941 [00:01<00:00, 11689190.95iteration/s]
2026-05-26 00:45:01.092 | INFO     | __main__:<module>:438 - 2026-05-26 00:45:01 RECV round=89 token=0 cid=3 train_duration=83.72558736801147 battery=134825.27J
2026-05-26 00:45:01.092 | INFO     | utils.ConnectHandler_server:send:28 - sending data (59 bytes) to client#3...
2026-05-26 00:45:01.092 | INFO     | utils.ConnectHandler_server:send:34 - sending data (59 bytes) to client#3 completely
2026-05-26 00:45:06.462 | INFO     | utils.ConnectHandler_server:receive:71 - 19696965bytes data to be received from client#2

  0%|          | 0/19696965 [00:00<?, ?iteration/s]
  6%|▌         | 1169984/19696965 [00:00<00:01, 11697675.78iteration/s]
 12%|█▏        | 2344312/19696965 [00:00<00:01, 11719855.10iteration/s]
 18%|█▊        | 3518640/19696965 [00:00<00:01, 11695294.31iteration/s]
 24%|██▍       | 4694416/19696965 [00:00<00:01, 11709153.26iteration/s]
 30%|██▉       | 5874536/19696965 [00:00<00:01, 11729866.95iteration/s]
 36%|███▌      | 7053208/19696965 [00:00<00:01, 11735567.05iteration/s]
 42%|████▏     | 8230432/19696965 [00:00<00:00, 11740877.57iteration/s]
 48%|████▊     | 9410552/19696965 [00:00<00:00, 11748647.79iteration/s]
 54%|█████▍    | 10593568/19696965 [00:00<00:00, 11758715.43iteration/s]
 60%|█████▉    | 11779480/19696965 [00:01<00:00, 11756836.40iteration/s]
 66%|██████▌   | 12958152/19696965 [00:01<00:00, 11752229.69iteration/s]
 72%|███████▏  | 14135376/19696965 [00:01<00:00, 11758249.78iteration/s]
 78%|███████▊  | 15312600/19696965 [00:01<00:00, 11753782.98iteration/s]
 84%|████████▍ | 16501408/19696965 [00:01<00:00, 11760636.87iteration/s]
 90%|████████▉ | 17678632/19696965 [00:01<00:00, 11755605.47iteration/s]
 96%|█████████▌| 18858752/19696965 [00:01<00:00, 11756489.21iteration/s]2026-05-26 00:45:08.140 | INFO     | utils.ConnectHandler_server:receive:80 - receive completed

100%|██████████| 19696965/19696965 [00:01<00:00, 11678936.85iteration/s]
2026-05-26 00:45:08.159 | INFO     | __main__:<module>:438 - 2026-05-26 00:45:08 RECV round=89 token=1 cid=2 train_duration=89.12075781822205 battery=135356.90J
2026-05-26 00:45:08.159 | INFO     | utils.ConnectHandler_server:send:28 - sending data (59 bytes) to client#2...
2026-05-26 00:45:08.159 | INFO     | utils.ConnectHandler_server:send:34 - sending data (59 bytes) to client#2 completely
2026-05-26 00:45:10.930 | INFO     | __main__:<module>:552 - 2026-05-26 00:45:10 ROUND=89 end avg_acc=27.1500 best_acc=42.8900 duration=97.58s comm_mb=75.138 locations_after=[4, 7] checkpoint=logs_real/mmdfl_real_server/checkpoints/dfl_mm_seed1/checkpoint.pt
2026-05-26 00:45:10.931 | INFO     | __main__:<module>:374 - 2026-05-26 00:45:10 ROUND=90 start token_locations=[4, 7] active_clients=[0, 1, 2, 3, 4, 5, 6, 7, 8, 9]
2026-05-26 00:45:10.951 | INFO     | utils.ConnectHandler_server:send:28 - sending data (19699828 bytes) to client#4...
2026-05-26 00:45:12.502 | INFO     | utils.ConnectHandler_server:send:34 - sending data (19699828 bytes) to client#4 completely
2026-05-26 00:45:12.503 | INFO     | __main__:<module>:418 - 2026-05-26 00:45:12 SEND round=90 token=0 cid=4 payload_mb=18.787 duration=1.562s
2026-05-26 00:45:12.524 | INFO     | utils.ConnectHandler_server:send:28 - sending data (19729794 bytes) to client#7...
2026-05-26 00:45:14.250 | INFO     | utils.ConnectHandler_server:send:34 - sending data (19729794 bytes) to client#7 completely
2026-05-26 00:45:14.250 | INFO     | __main__:<module>:418 - 2026-05-26 00:45:14 SEND round=90 token=1 cid=7 payload_mb=18.816 duration=1.737s
2026-05-26 00:46:39.627 | INFO     | utils.ConnectHandler_server:receive:71 - 19696935bytes data to be received from client#4

  0%|          | 0/19696935 [00:00<?, ?iteration/s]
  6%|▌         | 1174328/19696935 [00:00<00:01, 11738085.84iteration/s]
 12%|█▏        | 2353000/19696935 [00:00<00:01, 11755536.09iteration/s]
 18%|█▊        | 3530224/19696935 [00:00<00:01, 11754377.99iteration/s]
 24%|██▍       | 4706000/19696935 [00:00<00:01, 11629219.28iteration/s]
 30%|██▉       | 5884672/19696935 [00:00<00:01, 11672866.63iteration/s]
 36%|███▌      | 7063344/19696935 [00:00<00:01, 11704390.48iteration/s]
 42%|████▏     | 8244912/19696935 [00:00<00:00, 11721636.93iteration/s]
 48%|████▊     | 9426480/19696935 [00:00<00:00, 11733790.01iteration/s]
 54%|█████▍    | 10606600/19696935 [00:00<00:00, 11742197.48iteration/s]
 60%|█████▉    | 11783824/19696935 [00:01<00:00, 11749643.21iteration/s]
 66%|██████▌   | 12961048/19696935 [00:01<00:00, 11749686.33iteration/s]
 72%|███████▏  | 14146960/19696935 [00:01<00:00, 11757543.09iteration/s]
 78%|███████▊  | 15327080/19696935 [00:01<00:00, 11752925.42iteration/s]
 84%|████████▍ | 16507200/19696935 [00:01<00:00, 11763470.08iteration/s]
 90%|████████▉ | 17688768/19696935 [00:01<00:00, 11756786.24iteration/s]
 96%|█████████▌| 18867440/19696935 [00:01<00:00, 11743842.20iteration/s]2026-05-26 00:46:41.307 | INFO     | utils.ConnectHandler_server:receive:80 - receive completed

100%|██████████| 19696935/19696935 [00:01<00:00, 11668845.11iteration/s]
2026-05-26 00:46:41.326 | INFO     | __main__:<module>:438 - 2026-05-26 00:46:41 RECV round=90 token=0 cid=4 train_duration=86.22681212425232 battery=135228.34J
2026-05-26 00:46:41.326 | INFO     | utils.ConnectHandler_server:send:28 - sending data (59 bytes) to client#4...
2026-05-26 00:46:41.326 | INFO     | utils.ConnectHandler_server:send:34 - sending data (59 bytes) to client#4 completely
2026-05-26 00:47:01.181 | INFO     | utils.ConnectHandler_server:receive:71 - 19697437bytes data to be received from client#7

  0%|          | 0/19697437 [00:00<?, ?iteration/s]
  6%|▌         | 1164192/19697437 [00:00<00:01, 11621455.09iteration/s]
 12%|█▏        | 2329832/19697437 [00:00<00:01, 11637028.40iteration/s]
 18%|█▊        | 3496920/19697437 [00:00<00:01, 11649160.52iteration/s]
 24%|██▎       | 4664008/19697437 [00:00<00:01, 11651081.74iteration/s]
 30%|██▉       | 5832544/19697437 [00:00<00:01, 11660722.95iteration/s]
 36%|███▌      | 7005424/19697437 [00:00<00:01, 11675544.40iteration/s]
 42%|████▏     | 8188440/19697437 [00:00<00:00, 11708461.58iteration/s]
 48%|████▊     | 9364216/19697437 [00:00<00:00, 11718148.83iteration/s]
 54%|█████▎    | 10544336/19697437 [00:00<00:00, 11722258.12iteration/s]
 60%|█████▉    | 11723008/19697437 [00:01<00:00, 11733078.02iteration/s]
 65%|██████▌   | 12898784/19697437 [00:01<00:00, 11737226.44iteration/s]
 71%|███████▏  | 14073112/19697437 [00:01<00:00, 11737275.08iteration/s]
 77%|███████▋  | 15250336/19697437 [00:01<00:00, 11737037.12iteration/s]
 83%|████████▎ | 16433352/19697437 [00:01<00:00, 11743129.06iteration/s]
 89%|████████▉ | 17620712/19697437 [00:01<00:00, 11735543.57iteration/s]
 95%|█████████▌| 18805176/19697437 [00:01<00:00, 11743630.44iteration/s]2026-05-26 00:47:02.864 | INFO     | utils.ConnectHandler_server:receive:80 - receive completed

100%|██████████| 19697437/19697437 [00:01<00:00, 11646262.72iteration/s]
2026-05-26 00:47:02.882 | INFO     | __main__:<module>:438 - 2026-05-26 00:47:02 RECV round=90 token=1 cid=7 train_duration=106.54671812057495 battery=112111.02J
2026-05-26 00:47:02.882 | INFO     | utils.ConnectHandler_server:send:28 - sending data (59 bytes) to client#7...
2026-05-26 00:47:02.882 | INFO     | utils.ConnectHandler_server:send:34 - sending data (59 bytes) to client#7 completely
2026-05-26 00:47:05.680 | INFO     | __main__:<module>:552 - 2026-05-26 00:47:05 ROUND=90 end avg_acc=39.3100 best_acc=42.8900 duration=114.68s comm_mb=75.167 locations_after=[9, 6] checkpoint=logs_real/mmdfl_real_server/checkpoints/dfl_mm_seed1/checkpoint.pt
2026-05-26 00:47:05.680 | INFO     | __main__:<module>:374 - 2026-05-26 00:47:05 ROUND=91 start token_locations=[9, 6] active_clients=[0, 1, 2, 3, 4, 5, 6, 7, 8, 9]
2026-05-26 00:47:05.700 | INFO     | utils.ConnectHandler_server:send:28 - sending data (19723706 bytes) to client#9...
2026-05-26 00:47:07.274 | INFO     | utils.ConnectHandler_server:send:34 - sending data (19723706 bytes) to client#9 completely
2026-05-26 00:47:07.274 | INFO     | __main__:<module>:418 - 2026-05-26 00:47:07 SEND round=91 token=0 cid=9 payload_mb=18.810 duration=1.584s
2026-05-26 00:47:07.295 | INFO     | utils.ConnectHandler_server:send:28 - sending data (19699823 bytes) to client#6...
2026-05-26 00:47:08.951 | INFO     | utils.ConnectHandler_server:send:34 - sending data (19699823 bytes) to client#6 completely
2026-05-26 00:47:08.951 | INFO     | __main__:<module>:418 - 2026-05-26 00:47:08 SEND round=91 token=1 cid=6 payload_mb=18.787 duration=1.667s
2026-05-26 00:48:44.869 | INFO     | utils.ConnectHandler_server:receive:71 - 19696963bytes data to be received from client#6

  0%|          | 0/19696963 [00:00<?, ?iteration/s]
  6%|▌         | 1156952/19696963 [00:00<00:01, 11555838.04iteration/s]
 12%|█▏        | 2337072/19696963 [00:00<00:01, 11682696.55iteration/s]
 18%|█▊        | 3514296/19696963 [00:00<00:01, 11713405.45iteration/s]
 24%|██▍       | 4690072/19696963 [00:00<00:01, 11720244.88iteration/s]
 30%|██▉       | 5867296/19696963 [00:00<00:01, 11731872.23iteration/s]
 36%|███▌      | 7045968/19696963 [00:00<00:01, 11743579.05iteration/s]
 42%|████▏     | 8226088/19696963 [00:00<00:00, 11749426.88iteration/s]
 48%|████▊     | 9404760/19696963 [00:00<00:00, 11751728.27iteration/s]
 54%|█████▎    | 10584880/19696963 [00:00<00:00, 11745793.71iteration/s]
 60%|█████▉    | 11769344/19696963 [00:01<00:00, 11749133.24iteration/s]
 66%|██████▌   | 12945120/19696963 [00:01<00:00, 11751528.95iteration/s]
 72%|███████▏  | 14123792/19696963 [00:01<00:00, 11751558.04iteration/s]
 78%|███████▊  | 15301016/19696963 [00:01<00:00, 11748592.68iteration/s]
 84%|████████▎ | 16476792/19696963 [00:01<00:00, 11750996.09iteration/s]
 90%|████████▉ | 17661256/19696963 [00:01<00:00, 11755774.94iteration/s]
 96%|█████████▌| 18847168/19696963 [00:01<00:00, 11755175.78iteration/s]2026-05-26 00:48:46.548 | INFO     | utils.ConnectHandler_server:receive:80 - receive completed

100%|██████████| 19696963/19696963 [00:01<00:00, 11677976.51iteration/s]
2026-05-26 00:48:46.572 | INFO     | __main__:<module>:438 - 2026-05-26 00:48:46 RECV round=91 token=1 cid=6 train_duration=95.18249583244324 battery=138809.27J
2026-05-26 00:48:46.572 | INFO     | utils.ConnectHandler_server:send:28 - sending data (59 bytes) to client#6...
2026-05-26 00:48:46.572 | INFO     | utils.ConnectHandler_server:send:34 - sending data (59 bytes) to client#6 completely
2026-05-26 00:48:57.492 | INFO     | utils.ConnectHandler_server:receive:71 - 19694250bytes data to be received from client#9

  0%|          | 0/19694250 [00:00<?, ?iteration/s]
  6%|▌         | 1173620/19694250 [00:00<00:01, 11722404.67iteration/s]
 12%|█▏        | 2350068/19694250 [00:00<00:01, 11741438.21iteration/s]
 18%|█▊        | 3525102/19694250 [00:00<00:01, 11743410.34iteration/s]
 24%|██▍       | 4704378/19694250 [00:00<00:01, 11738095.88iteration/s]
 30%|██▉       | 5879412/19694250 [00:00<00:01, 11738648.96iteration/s]
 36%|███▌      | 7055860/19694250 [00:00<00:01, 11741558.99iteration/s]
 42%|████▏     | 8230894/19694250 [00:00<00:00, 11737037.76iteration/s]
 48%|████▊     | 9411584/19694250 [00:00<00:00, 11743017.20iteration/s]
 54%|█████▍    | 10589446/19694250 [00:00<00:00, 11741132.53iteration/s]
 60%|█████▉    | 11765894/19694250 [00:01<00:00, 11742282.85iteration/s]
 66%|██████▌   | 12943756/19694250 [00:01<00:00, 11743730.14iteration/s]
 72%|███████▏  | 14118790/19694250 [00:01<00:00, 11743062.62iteration/s]
 78%|███████▊  | 15293824/19694250 [00:01<00:00, 11738689.11iteration/s]
 84%|████████▎ | 16474514/19694250 [00:01<00:00, 11748123.39iteration/s]
 90%|████████▉ | 17655204/19694250 [00:01<00:00, 11739139.93iteration/s]
 96%|█████████▌| 18845792/19694250 [00:01<00:00, 11747946.58iteration/s]2026-05-26 00:48:59.170 | INFO     | utils.ConnectHandler_server:receive:80 - receive completed

100%|██████████| 19694250/19694250 [00:01<00:00, 11679593.99iteration/s]
2026-05-26 00:48:59.189 | INFO     | __main__:<module>:438 - 2026-05-26 00:48:59 RECV round=91 token=0 cid=9 train_duration=109.68552303314209 battery=117970.34J
2026-05-26 00:48:59.189 | INFO     | utils.ConnectHandler_server:send:28 - sending data (59 bytes) to client#9...
2026-05-26 00:48:59.189 | INFO     | utils.ConnectHandler_server:send:34 - sending data (59 bytes) to client#9 completely
2026-05-26 00:49:01.959 | INFO     | __main__:<module>:552 - 2026-05-26 00:49:01 ROUND=91 end avg_acc=38.2150 best_acc=42.8900 duration=116.21s comm_mb=75.161 locations_after=[0, 5] checkpoint=logs_real/mmdfl_real_server/checkpoints/dfl_mm_seed1/checkpoint.pt
2026-05-26 00:49:01.959 | INFO     | __main__:<module>:374 - 2026-05-26 00:49:01 ROUND=92 start token_locations=[0, 5] active_clients=[0, 1, 2, 3, 4, 5, 6, 7, 8, 9]
2026-05-26 00:49:01.980 | INFO     | utils.ConnectHandler_server:send:28 - sending data (19699826 bytes) to client#0...
2026-05-26 00:49:03.427 | INFO     | utils.ConnectHandler_server:send:34 - sending data (19699826 bytes) to client#0 completely
2026-05-26 00:49:03.428 | INFO     | __main__:<module>:418 - 2026-05-26 00:49:03 SEND round=92 token=0 cid=0 payload_mb=18.787 duration=1.458s
2026-05-26 00:49:03.448 | INFO     | utils.ConnectHandler_server:send:28 - sending data (19699823 bytes) to client#5...
2026-05-26 00:49:05.199 | INFO     | utils.ConnectHandler_server:send:34 - sending data (19699823 bytes) to client#5 completely
2026-05-26 00:49:05.199 | INFO     | __main__:<module>:418 - 2026-05-26 00:49:05 SEND round=92 token=1 cid=5 payload_mb=18.787 duration=1.762s
2026-05-26 00:50:53.957 | INFO     | utils.ConnectHandler_server:receive:71 - 19696977bytes data to be received from client#0

  0%|          | 0/19696977 [00:00<?, ?iteration/s]
  6%|▌         | 1168536/19696977 [00:00<00:01, 11676935.62iteration/s]
 12%|█▏        | 2345760/19696977 [00:00<00:01, 11727873.17iteration/s]
 18%|█▊        | 3522984/19696977 [00:00<00:01, 11743068.47iteration/s]
 24%|██▍       | 4700208/19696977 [00:00<00:01, 11751200.80iteration/s]
 30%|██▉       | 5877432/19696977 [00:00<00:01, 11749418.33iteration/s]
 36%|███▌      | 7056104/19696977 [00:00<00:01, 11749532.34iteration/s]
 42%|████▏     | 8234776/19696977 [00:00<00:00, 11753105.11iteration/s]
 48%|████▊     | 9412000/19696977 [00:00<00:00, 11758469.99iteration/s]
 54%|█████▍    | 10590672/19696977 [00:00<00:00, 11754963.60iteration/s]
 60%|█████▉    | 11772240/19696977 [00:01<00:00, 11757740.45iteration/s]
 66%|██████▌   | 12955256/19696977 [00:01<00:00, 11755747.66iteration/s]
 72%|███████▏  | 14133928/19696977 [00:01<00:00, 11757994.91iteration/s]
 78%|███████▊  | 15319840/19696977 [00:01<00:00, 11767625.43iteration/s]
 84%|████████▍ | 16510096/19696977 [00:01<00:00, 11760849.18iteration/s]
 90%|████████▉ | 17698904/19696977 [00:01<00:00, 11759330.72iteration/s]
 96%|█████████▌| 18880472/19696977 [00:01<00:00, 11755103.19iteration/s]2026-05-26 00:50:55.634 | INFO     | utils.ConnectHandler_server:receive:80 - receive completed

100%|██████████| 19696977/19696977 [00:01<00:00, 11691650.68iteration/s]
2026-05-26 00:50:55.653 | INFO     | __main__:<module>:438 - 2026-05-26 00:50:55 RECV round=92 token=0 cid=0 train_duration=109.2371461391449 battery=134986.98J
2026-05-26 00:50:55.653 | INFO     | utils.ConnectHandler_server:send:28 - sending data (59 bytes) to client#0...
2026-05-26 00:50:55.653 | INFO     | utils.ConnectHandler_server:send:34 - sending data (59 bytes) to client#0 completely
2026-05-26 00:51:25.487 | INFO     | utils.ConnectHandler_server:receive:71 - 19696975bytes data to be received from client#5

  0%|          | 0/19696975 [00:00<?, ?iteration/s]
  6%|▌         | 1172880/19696975 [00:00<00:01, 11699439.16iteration/s]
 12%|█▏        | 2353000/19696975 [00:00<00:01, 11737963.36iteration/s]
 18%|█▊        | 3531672/19696975 [00:00<00:01, 11750171.13iteration/s]
 24%|██▍       | 4707448/19696975 [00:00<00:01, 11743410.10iteration/s]
 30%|██▉       | 5886120/19696975 [00:00<00:01, 11749134.40iteration/s]
 36%|███▌      | 7064792/19696975 [00:00<00:01, 11754258.33iteration/s]
 42%|████▏     | 8244912/19696975 [00:00<00:00, 11758018.60iteration/s]
 48%|████▊     | 9426480/19696975 [00:00<00:00, 11755397.52iteration/s]
 54%|█████▍    | 10608048/19696975 [00:00<00:00, 11758629.73iteration/s]
 60%|█████▉    | 11793960/19696975 [00:01<00:00, 11758697.65iteration/s]
 66%|██████▌   | 12978424/19696975 [00:01<00:00, 11758995.76iteration/s]
 72%|███████▏  | 14165784/19696975 [00:01<00:00, 11758921.29iteration/s]
 78%|███████▊  | 15354592/19696975 [00:01<00:00, 11766409.48iteration/s]
 84%|████████▍ | 16536160/19696975 [00:01<00:00, 11754347.64iteration/s]
 90%|████████▉ | 17714832/19696975 [00:01<00:00, 11758467.69iteration/s]
 96%|█████████▌| 18900744/19696975 [00:01<00:00, 11760569.81iteration/s]2026-05-26 00:51:27.164 | INFO     | utils.ConnectHandler_server:receive:80 - receive completed

100%|██████████| 19696975/19696975 [00:01<00:00, 11690800.74iteration/s]
2026-05-26 00:51:27.182 | INFO     | __main__:<module>:438 - 2026-05-26 00:51:27 RECV round=92 token=1 cid=5 train_duration=139.56149411201477 battery=125053.76J
2026-05-26 00:51:27.182 | INFO     | utils.ConnectHandler_server:send:28 - sending data (59 bytes) to client#5...
2026-05-26 00:51:27.182 | INFO     | utils.ConnectHandler_server:send:34 - sending data (59 bytes) to client#5 completely
2026-05-26 00:51:29.943 | INFO     | __main__:<module>:552 - 2026-05-26 00:51:29 ROUND=92 end avg_acc=29.2100 best_acc=42.8900 duration=147.92s comm_mb=75.138 locations_after=[1, 8] checkpoint=logs_real/mmdfl_real_server/checkpoints/dfl_mm_seed1/checkpoint.pt
2026-05-26 00:51:29.943 | INFO     | __main__:<module>:374 - 2026-05-26 00:51:29 ROUND=93 start token_locations=[1, 8] active_clients=[0, 1, 2, 3, 4, 5, 6, 7, 8, 9]
2026-05-26 00:51:29.964 | INFO     | utils.ConnectHandler_server:send:28 - sending data (19699822 bytes) to client#1...
2026-05-26 00:51:31.521 | INFO     | utils.ConnectHandler_server:send:34 - sending data (19699822 bytes) to client#1 completely
2026-05-26 00:51:31.521 | INFO     | __main__:<module>:418 - 2026-05-26 00:51:31 SEND round=93 token=0 cid=1 payload_mb=18.787 duration=1.568s
2026-05-26 00:51:31.543 | INFO     | utils.ConnectHandler_server:send:28 - sending data (19735891 bytes) to client#8...
2026-05-26 00:51:33.222 | INFO     | utils.ConnectHandler_server:send:34 - sending data (19735891 bytes) to client#8 completely
2026-05-26 00:51:33.222 | INFO     | __main__:<module>:418 - 2026-05-26 00:51:33 SEND round=93 token=1 cid=8 payload_mb=18.822 duration=1.690s
2026-05-26 00:53:22.898 | INFO     | utils.ConnectHandler_server:receive:71 - 19696967bytes data to be received from client#1

  0%|          | 0/19696967 [00:00<?, ?iteration/s]
  6%|▌         | 1167088/19696967 [00:00<00:01, 11661854.81iteration/s]
 12%|█▏        | 2344312/19696967 [00:00<00:01, 11721810.05iteration/s]
 18%|█▊        | 3521536/19696967 [00:00<00:01, 11741217.32iteration/s]
 24%|██▍       | 4698760/19696967 [00:00<00:01, 11748301.98iteration/s]
 30%|██▉       | 5877432/19696967 [00:00<00:01, 11746487.04iteration/s]
 36%|███▌      | 7054656/19696967 [00:00<00:01, 11748111.89iteration/s]
 42%|████▏     | 8234776/19696967 [00:00<00:00, 11757751.90iteration/s]
 48%|████▊     | 9414896/19696967 [00:00<00:00, 11756001.18iteration/s]
 54%|█████▍    | 10592120/19696967 [00:00<00:00, 11751524.65iteration/s]
 60%|█████▉    | 11773688/19696967 [00:01<00:00, 11759893.35iteration/s]
 66%|██████▌   | 12959600/19696967 [00:01<00:00, 11762947.52iteration/s]
 72%|███████▏  | 14136824/19696967 [00:01<00:00, 11757522.01iteration/s]
 78%|███████▊  | 15319840/19696967 [00:01<00:00, 11754222.65iteration/s]
 84%|████████▍ | 16502856/19696967 [00:01<00:00, 11759421.31iteration/s]
 90%|████████▉ | 17685872/19696967 [00:01<00:00, 11753778.06iteration/s]
 96%|█████████▌| 18865992/19696967 [00:01<00:00, 11766376.07iteration/s]2026-05-26 00:53:24.575 | INFO     | utils.ConnectHandler_server:receive:80 - receive completed

100%|██████████| 19696967/19696967 [00:01<00:00, 11690394.00iteration/s]
2026-05-26 00:53:24.593 | INFO     | __main__:<module>:438 - 2026-05-26 00:53:24 RECV round=93 token=0 cid=1 train_duration=110.2473692893982 battery=125459.75J
2026-05-26 00:53:24.593 | INFO     | utils.ConnectHandler_server:send:28 - sending data (59 bytes) to client#1...
2026-05-26 00:53:24.593 | INFO     | utils.ConnectHandler_server:send:34 - sending data (59 bytes) to client#1 completely
2026-05-26 00:55:17.845 | INFO     | utils.ConnectHandler_server:receive:71 - 19697437bytes data to be received from client#8

  0%|          | 0/19697437 [00:00<?, ?iteration/s]
  6%|▌         | 1158400/19697437 [00:00<00:01, 11555303.93iteration/s]
 12%|█▏        | 2326936/19697437 [00:00<00:01, 11619623.96iteration/s]
 18%|█▊        | 3496920/19697437 [00:00<00:01, 11656165.60iteration/s]
 24%|██▎       | 4664008/19697437 [00:00<00:01, 11639957.37iteration/s]
 30%|██▉       | 5839784/19697437 [00:00<00:01, 11675266.91iteration/s]
 36%|███▌      | 7019904/19697437 [00:00<00:01, 11700617.23iteration/s]
 42%|████▏     | 8200024/19697437 [00:00<00:00, 11715193.55iteration/s]
 48%|████▊     | 9381592/19697437 [00:00<00:00, 11729844.02iteration/s]
 54%|█████▎    | 10558816/19697437 [00:00<00:00, 11736792.81iteration/s]
 60%|█████▉    | 11736040/19697437 [00:01<00:00, 11739981.31iteration/s]
 66%|██████▌   | 12919056/19697437 [00:01<00:00, 11743779.67iteration/s]
 72%|███████▏  | 14100624/19697437 [00:01<00:00, 11733981.42iteration/s]
 78%|███████▊  | 15285088/19697437 [00:01<00:00, 11736422.33iteration/s]
 84%|████████▎ | 16469552/19697437 [00:01<00:00, 11735942.65iteration/s]
 90%|████████▉ | 17656912/19697437 [00:01<00:00, 11745123.74iteration/s]
 96%|█████████▌| 18834136/19697437 [00:01<00:00, 11732611.67iteration/s]2026-05-26 00:55:19.527 | INFO     | utils.ConnectHandler_server:receive:80 - receive completed

100%|██████████| 19697437/19697437 [00:01<00:00, 11651375.69iteration/s]
2026-05-26 00:55:19.546 | INFO     | __main__:<module>:438 - 2026-05-26 00:55:19 RECV round=93 token=1 cid=8 train_duration=223.93520998954773 battery=94514.02J
2026-05-26 00:55:19.546 | INFO     | utils.ConnectHandler_server:send:28 - sending data (59 bytes) to client#8...
2026-05-26 00:55:19.546 | INFO     | utils.ConnectHandler_server:send:34 - sending data (59 bytes) to client#8 completely
2026-05-26 00:55:22.336 | INFO     | __main__:<module>:552 - 2026-05-26 00:55:22 ROUND=93 end avg_acc=43.9200 best_acc=43.9200 duration=232.33s comm_mb=75.172 locations_after=[2, 3] checkpoint=logs_real/mmdfl_real_server/checkpoints/dfl_mm_seed1/checkpoint.pt
2026-05-26 00:55:22.336 | INFO     | __main__:<module>:374 - 2026-05-26 00:55:22 ROUND=94 start token_locations=[2, 3] active_clients=[0, 1, 2, 3, 4, 5, 6, 7, 8, 9]
2026-05-26 00:55:22.356 | INFO     | utils.ConnectHandler_server:send:28 - sending data (19699823 bytes) to client#2...
2026-05-26 00:55:23.925 | INFO     | utils.ConnectHandler_server:send:34 - sending data (19699823 bytes) to client#2 completely
2026-05-26 00:55:23.925 | INFO     | __main__:<module>:418 - 2026-05-26 00:55:23 SEND round=94 token=0 cid=2 payload_mb=18.787 duration=1.580s
2026-05-26 00:55:23.946 | INFO     | utils.ConnectHandler_server:send:28 - sending data (19699828 bytes) to client#3...
2026-05-26 00:55:25.607 | INFO     | utils.ConnectHandler_server:send:34 - sending data (19699828 bytes) to client#3 completely
2026-05-26 00:55:25.607 | INFO     | __main__:<module>:418 - 2026-05-26 00:55:25 SEND round=94 token=1 cid=3 payload_mb=18.787 duration=1.672s
2026-05-26 00:56:50.238 | INFO     | utils.ConnectHandler_server:receive:71 - 19696967bytes data to be received from client#3

  0%|          | 0/19696967 [00:00<?, ?iteration/s]
  6%|▌         | 1175776/19696967 [00:00<00:01, 11752531.43iteration/s]
 12%|█▏        | 2351552/19696967 [00:00<00:01, 11753305.81iteration/s]
 18%|█▊        | 3528776/19696967 [00:00<00:01, 11759369.41iteration/s]
 24%|██▍       | 4707448/19696967 [00:00<00:01, 11751789.50iteration/s]
 30%|██▉       | 5884672/19696967 [00:00<00:01, 11755979.47iteration/s]
 36%|███▌      | 7066240/19696967 [00:00<00:01, 11758911.31iteration/s]
 42%|████▏     | 8246360/19696967 [00:00<00:00, 11756524.50iteration/s]
 48%|████▊     | 9426480/19696967 [00:00<00:00, 11755735.28iteration/s]
 54%|█████▍    | 10605152/19696967 [00:00<00:00, 11757263.16iteration/s]
 60%|█████▉    | 11782376/19696967 [00:01<00:00, 11760489.97iteration/s]
 66%|██████▌   | 12962496/19696967 [00:01<00:00, 11760638.03iteration/s]
 72%|███████▏  | 14148408/19696967 [00:01<00:00, 11760898.37iteration/s]
 78%|███████▊  | 15335768/19696967 [00:01<00:00, 11755789.08iteration/s]
 84%|████████▍ | 16521680/19696967 [00:01<00:00, 11757446.23iteration/s]
 90%|████████▉ | 17707592/19696967 [00:01<00:00, 11759295.64iteration/s]
 96%|█████████▌| 18890608/19696967 [00:01<00:00, 11764720.56iteration/s]2026-05-26 00:56:51.914 | INFO     | utils.ConnectHandler_server:receive:80 - receive completed

100%|██████████| 19696967/19696967 [00:01<00:00, 11693470.04iteration/s]
2026-05-26 00:56:51.945 | INFO     | __main__:<module>:438 - 2026-05-26 00:56:51 RECV round=94 token=1 cid=3 train_duration=83.8967432975769 battery=134109.59J
2026-05-26 00:56:51.945 | INFO     | utils.ConnectHandler_server:send:28 - sending data (59 bytes) to client#3...
2026-05-26 00:56:51.945 | INFO     | utils.ConnectHandler_server:send:34 - sending data (59 bytes) to client#3 completely
2026-05-26 00:56:52.840 | INFO     | utils.ConnectHandler_server:receive:71 - 19696971bytes data to be received from client#2

  0%|          | 0/19696971 [00:00<?, ?iteration/s]
  6%|▌         | 1162744/19696971 [00:00<00:01, 11604984.30iteration/s]
 12%|█▏        | 2332728/19696971 [00:00<00:01, 11656986.72iteration/s]
 18%|█▊        | 3509952/19696971 [00:00<00:01, 11705677.00iteration/s]
 24%|██▍       | 4681384/19696971 [00:00<00:01, 11694086.54iteration/s]
 30%|██▉       | 5855712/19696971 [00:00<00:01, 11701168.01iteration/s]
 36%|███▌      | 7031488/19696971 [00:00<00:01, 11717578.86iteration/s]
 42%|████▏     | 8208712/19696971 [00:00<00:00, 11734656.43iteration/s]
 48%|████▊     | 9390280/19696971 [00:00<00:00, 11739537.38iteration/s]
 54%|█████▎    | 10567504/19696971 [00:00<00:00, 11744704.20iteration/s]
 60%|█████▉    | 11744728/19696971 [00:01<00:00, 11750242.25iteration/s]
 66%|██████▌   | 12927744/19696971 [00:01<00:00, 11752850.13iteration/s]
 72%|███████▏  | 14115104/19696971 [00:01<00:00, 11758022.11iteration/s]
 78%|███████▊  | 15292328/19696971 [00:01<00:00, 11758940.83iteration/s]
 84%|████████▎ | 16469552/19696971 [00:01<00:00, 11762748.20iteration/s]
 90%|████████▉ | 17652568/19696971 [00:01<00:00, 11756847.21iteration/s]
 96%|█████████▌| 18831240/19696971 [00:01<00:00, 11760742.03iteration/s]2026-05-26 00:56:54.519 | INFO     | utils.ConnectHandler_server:receive:80 - receive completed

100%|██████████| 19696971/19696971 [00:01<00:00, 11676910.02iteration/s]
2026-05-26 00:56:54.538 | INFO     | __main__:<module>:438 - 2026-05-26 00:56:54 RECV round=94 token=0 cid=2 train_duration=88.05847454071045 battery=134605.72J
2026-05-26 00:56:54.538 | INFO     | utils.ConnectHandler_server:send:28 - sending data (59 bytes) to client#2...
2026-05-26 00:56:54.538 | INFO     | utils.ConnectHandler_server:send:34 - sending data (59 bytes) to client#2 completely
2026-05-26 00:56:57.233 | INFO     | __main__:<module>:552 - 2026-05-26 00:56:57 ROUND=94 end avg_acc=26.4300 best_acc=43.9200 duration=94.83s comm_mb=75.138 locations_after=[7, 4] checkpoint=logs_real/mmdfl_real_server/checkpoints/dfl_mm_seed1/checkpoint.pt
2026-05-26 00:56:57.233 | INFO     | __main__:<module>:374 - 2026-05-26 00:56:57 ROUND=95 start token_locations=[7, 4] active_clients=[0, 1, 2, 3, 4, 5, 6, 7, 8, 9]
2026-05-26 00:56:57.254 | INFO     | utils.ConnectHandler_server:send:28 - sending data (19729794 bytes) to client#7...
2026-05-26 00:56:58.865 | INFO     | utils.ConnectHandler_server:send:34 - sending data (19729794 bytes) to client#7 completely
2026-05-26 00:56:58.865 | INFO     | __main__:<module>:418 - 2026-05-26 00:56:58 SEND round=95 token=0 cid=7 payload_mb=18.816 duration=1.622s
2026-05-26 00:56:58.885 | INFO     | utils.ConnectHandler_server:send:28 - sending data (19699828 bytes) to client#4...
2026-05-26 00:57:00.481 | INFO     | utils.ConnectHandler_server:send:34 - sending data (19699828 bytes) to client#4 completely
2026-05-26 00:57:00.481 | INFO     | __main__:<module>:418 - 2026-05-26 00:57:00 SEND round=95 token=1 cid=4 payload_mb=18.787 duration=1.606s
2026-05-26 00:58:27.804 | INFO     | utils.ConnectHandler_server:receive:71 - 19696929bytes data to be received from client#4

  0%|          | 0/19696929 [00:00<?, ?iteration/s]
  6%|▌         | 1175776/19696929 [00:00<00:01, 11740779.93iteration/s]
 12%|█▏        | 2353000/19696929 [00:00<00:01, 11754536.49iteration/s]
 18%|█▊        | 3528776/19696929 [00:00<00:01, 11725049.59iteration/s]
 24%|██▍       | 4706000/19696929 [00:00<00:01, 11736845.33iteration/s]
 30%|██▉       | 5886120/19696929 [00:00<00:01, 11746799.90iteration/s]
 36%|███▌      | 7064792/19696929 [00:00<00:01, 11740478.14iteration/s]
 42%|████▏     | 8244912/19696929 [00:00<00:00, 11747670.90iteration/s]
 48%|████▊     | 9422136/19696929 [00:00<00:00, 11754258.44iteration/s]
 54%|█████▍    | 10603704/19696929 [00:00<00:00, 11755709.18iteration/s]
 60%|█████▉    | 11780928/19696929 [00:01<00:00, 11755624.62iteration/s]
 66%|██████▌   | 12963944/19696929 [00:01<00:00, 11758870.77iteration/s]
 72%|███████▏  | 14141168/19696929 [00:01<00:00, 11759476.96iteration/s]
 78%|███████▊  | 15324184/19696929 [00:01<00:00, 11757898.90iteration/s]
 84%|████████▍ | 16510096/19696929 [00:01<00:00, 11764650.93iteration/s]
 90%|████████▉ | 17698904/19696929 [00:01<00:00, 11760921.08iteration/s]
 96%|█████████▌| 18887712/19696929 [00:01<00:00, 11762589.89iteration/s]2026-05-26 00:58:29.482 | INFO     | utils.ConnectHandler_server:receive:80 - receive completed

100%|██████████| 19696929/19696929 [00:01<00:00, 11689537.77iteration/s]
2026-05-26 00:58:29.500 | INFO     | __main__:<module>:438 - 2026-05-26 00:58:29 RECV round=95 token=1 cid=4 train_duration=86.53155493736267 battery=134490.18J
2026-05-26 00:58:29.500 | INFO     | utils.ConnectHandler_server:send:28 - sending data (59 bytes) to client#4...
2026-05-26 00:58:29.500 | INFO     | utils.ConnectHandler_server:send:34 - sending data (59 bytes) to client#4 completely
2026-05-26 00:58:49.157 | INFO     | utils.ConnectHandler_server:receive:71 - 19697437bytes data to be received from client#7

  0%|          | 0/19697437 [00:00<?, ?iteration/s]
  6%|▌         | 1165640/19697437 [00:00<00:01, 11636491.22iteration/s]
 12%|█▏        | 2335624/19697437 [00:00<00:01, 11669614.14iteration/s]
 18%|█▊        | 3504160/19697437 [00:00<00:01, 11673451.86iteration/s]
 24%|██▎       | 4672696/19697437 [00:00<00:01, 11662443.73iteration/s]
 30%|██▉       | 5844128/19697437 [00:00<00:01, 11677853.19iteration/s]
 36%|███▌      | 7017008/19697437 [00:00<00:01, 11691308.58iteration/s]
 42%|████▏     | 8197128/19697437 [00:00<00:00, 11707522.39iteration/s]
 48%|████▊     | 9377248/19697437 [00:00<00:00, 11718419.90iteration/s]
 54%|█████▎    | 10555920/19697437 [00:00<00:00, 11732170.68iteration/s]
 60%|█████▉    | 11733144/19697437 [00:01<00:00, 11741336.68iteration/s]
 66%|██████▌   | 12910368/19697437 [00:01<00:00, 11744314.69iteration/s]
 72%|███████▏  | 14094832/19697437 [00:01<00:00, 11747372.59iteration/s]
 78%|███████▊  | 15270608/19697437 [00:01<00:00, 11744583.87iteration/s]
 84%|████████▎ | 16447832/19697437 [00:01<00:00, 11748937.55iteration/s]
 90%|████████▉ | 17629400/19697437 [00:01<00:00, 11746414.42iteration/s]
 96%|█████████▌| 18813864/19697437 [00:01<00:00, 11743092.09iteration/s]2026-05-26 00:58:50.838 | INFO     | utils.ConnectHandler_server:receive:80 - receive completed

100%|██████████| 19697437/19697437 [00:01<00:00, 11661977.26iteration/s]
2026-05-26 00:58:50.856 | INFO     | __main__:<module>:438 - 2026-05-26 00:58:50 RECV round=95 token=0 cid=7 train_duration=109.84924983978271 battery=110420.36J
2026-05-26 00:58:50.856 | INFO     | utils.ConnectHandler_server:send:28 - sending data (59 bytes) to client#7...
2026-05-26 00:58:50.856 | INFO     | utils.ConnectHandler_server:send:34 - sending data (59 bytes) to client#7 completely
2026-05-26 00:58:53.564 | INFO     | __main__:<module>:552 - 2026-05-26 00:58:53 ROUND=95 end avg_acc=38.6950 best_acc=43.9200 duration=116.26s comm_mb=75.167 locations_after=[6, 5] checkpoint=logs_real/mmdfl_real_server/checkpoints/dfl_mm_seed1/checkpoint.pt
2026-05-26 00:58:53.564 | INFO     | __main__:<module>:374 - 2026-05-26 00:58:53 ROUND=96 start token_locations=[6, 5] active_clients=[0, 1, 2, 3, 4, 5, 6, 7, 8, 9]
2026-05-26 00:58:53.584 | INFO     | utils.ConnectHandler_server:send:28 - sending data (19699823 bytes) to client#6...
2026-05-26 00:58:55.164 | INFO     | utils.ConnectHandler_server:send:34 - sending data (19699823 bytes) to client#6 completely
2026-05-26 00:58:55.164 | INFO     | __main__:<module>:418 - 2026-05-26 00:58:55 SEND round=96 token=0 cid=6 payload_mb=18.787 duration=1.590s
2026-05-26 00:58:55.184 | INFO     | utils.ConnectHandler_server:send:28 - sending data (19699823 bytes) to client#5...
2026-05-26 00:58:56.820 | INFO     | utils.ConnectHandler_server:send:34 - sending data (19699823 bytes) to client#5 completely
2026-05-26 00:58:56.820 | INFO     | __main__:<module>:418 - 2026-05-26 00:58:56 SEND round=96 token=1 cid=5 payload_mb=18.787 duration=1.646s
2026-05-26 01:00:33.861 | INFO     | utils.ConnectHandler_server:receive:71 - 19696973bytes data to be received from client#6

  0%|          | 0/19696973 [00:00<?, ?iteration/s]
  6%|▌         | 1172880/19696973 [00:00<00:01, 11710495.65iteration/s]
 12%|█▏        | 2350104/19696973 [00:00<00:01, 11742092.30iteration/s]
 18%|█▊        | 3527328/19696973 [00:00<00:01, 11752288.08iteration/s]
 24%|██▍       | 4703104/19696973 [00:00<00:01, 11686606.25iteration/s]
 30%|██▉       | 5880328/19696973 [00:00<00:01, 11714266.33iteration/s]
 36%|███▌      | 7060448/19696973 [00:00<00:01, 11726132.63iteration/s]
 42%|████▏     | 8239120/19696973 [00:00<00:00, 11734878.02iteration/s]
 48%|████▊     | 9416344/19696973 [00:00<00:00, 11744477.41iteration/s]
 54%|█████▍    | 10592120/19696973 [00:00<00:00, 11721638.18iteration/s]
 60%|█████▉    | 11767896/19696973 [00:01<00:00, 11729790.59iteration/s]
 66%|██████▌   | 12948016/19696973 [00:01<00:00, 11743520.80iteration/s]
 72%|███████▏  | 14126688/19696973 [00:01<00:00, 11746827.20iteration/s]
 78%|███████▊  | 15306808/19696973 [00:01<00:00, 11751139.61iteration/s]
 84%|████████▎ | 16486928/19696973 [00:01<00:00, 11757098.52iteration/s]
 90%|████████▉ | 17674288/19696973 [00:01<00:00, 11748802.53iteration/s]
 96%|█████████▌| 18860200/19696973 [00:01<00:00, 11753349.15iteration/s]2026-05-26 01:00:35.540 | INFO     | utils.ConnectHandler_server:receive:80 - receive completed

100%|██████████| 19696973/19696973 [00:01<00:00, 11676411.15iteration/s]
2026-05-26 01:00:35.558 | INFO     | __main__:<module>:438 - 2026-05-26 01:00:35 RECV round=96 token=0 cid=6 train_duration=97.89623522758484 battery=137974.17J
2026-05-26 01:00:35.559 | INFO     | utils.ConnectHandler_server:send:28 - sending data (59 bytes) to client#6...
2026-05-26 01:00:35.559 | INFO     | utils.ConnectHandler_server:send:34 - sending data (59 bytes) to client#6 completely
2026-05-26 01:01:03.662 | INFO     | utils.ConnectHandler_server:receive:71 - 19696961bytes data to be received from client#5

  0%|          | 0/19696961 [00:00<?, ?iteration/s]
  6%|▌         | 1172880/19696961 [00:00<00:01, 11710523.53iteration/s]
 12%|█▏        | 2348656/19696961 [00:00<00:01, 11736620.56iteration/s]
 18%|█▊        | 3527328/19696961 [00:00<00:01, 11751167.60iteration/s]
 24%|██▍       | 4704552/19696961 [00:00<00:01, 11746635.55iteration/s]
 30%|██▉       | 5884672/19696961 [00:00<00:01, 11754956.99iteration/s]
 36%|███▌      | 7064792/19696961 [00:00<00:01, 11754229.14iteration/s]
 42%|████▏     | 8242016/19696961 [00:00<00:00, 11755774.82iteration/s]
 48%|████▊     | 9419240/19696961 [00:00<00:00, 11750699.79iteration/s]
 54%|█████▍    | 10605152/19696961 [00:00<00:00, 11762039.30iteration/s]
 60%|█████▉    | 11785272/19696961 [00:01<00:00, 11761925.92iteration/s]
 66%|██████▌   | 12965392/19696961 [00:01<00:00, 11757846.85iteration/s]
 72%|███████▏  | 14144064/19696961 [00:01<00:00, 11755674.67iteration/s]
 78%|███████▊  | 15327080/19696961 [00:01<00:00, 11757382.14iteration/s]
 84%|████████▍ | 16515888/19696961 [00:01<00:00, 11758542.40iteration/s]
 90%|████████▉ | 17704696/19696961 [00:01<00:00, 11758416.95iteration/s]
 96%|█████████▌| 18887712/19696961 [00:01<00:00, 11761966.25iteration/s]2026-05-26 01:01:05.339 | INFO     | utils.ConnectHandler_server:receive:80 - receive completed

100%|██████████| 19696961/19696961 [00:01<00:00, 11690406.98iteration/s]
2026-05-26 01:01:05.358 | INFO     | __main__:<module>:438 - 2026-05-26 01:01:05 RECV round=96 token=1 cid=5 train_duration=126.06593132019043 battery=123978.36J
2026-05-26 01:01:05.358 | INFO     | utils.ConnectHandler_server:send:28 - sending data (59 bytes) to client#5...
2026-05-26 01:01:05.358 | INFO     | utils.ConnectHandler_server:send:34 - sending data (59 bytes) to client#5 completely
2026-05-26 01:01:08.069 | INFO     | __main__:<module>:552 - 2026-05-26 01:01:07 ROUND=96 end avg_acc=30.0200 best_acc=43.9200 duration=134.44s comm_mb=75.138 locations_after=[7, 2] checkpoint=logs_real/mmdfl_real_server/checkpoints/dfl_mm_seed1/checkpoint.pt
2026-05-26 01:01:08.069 | INFO     | __main__:<module>:374 - 2026-05-26 01:01:08 ROUND=97 start token_locations=[7, 2] active_clients=[0, 1, 2, 3, 4, 5, 6, 7, 8, 9]
2026-05-26 01:01:08.094 | INFO     | utils.ConnectHandler_server:send:28 - sending data (19729794 bytes) to client#7...
2026-05-26 01:01:09.704 | INFO     | utils.ConnectHandler_server:send:34 - sending data (19729794 bytes) to client#7 completely
2026-05-26 01:01:09.704 | INFO     | __main__:<module>:418 - 2026-05-26 01:01:09 SEND round=97 token=0 cid=7 payload_mb=18.816 duration=1.625s
2026-05-26 01:01:09.724 | INFO     | utils.ConnectHandler_server:send:28 - sending data (19699823 bytes) to client#2...
2026-05-26 01:01:11.341 | INFO     | utils.ConnectHandler_server:send:34 - sending data (19699823 bytes) to client#2 completely
2026-05-26 01:01:11.342 | INFO     | __main__:<module>:418 - 2026-05-26 01:01:11 SEND round=97 token=1 cid=2 payload_mb=18.787 duration=1.628s
2026-05-26 01:02:39.171 | INFO     | utils.ConnectHandler_server:receive:71 - 19696961bytes data to be received from client#2

  0%|          | 0/19696961 [00:00<?, ?iteration/s]
  6%|▌         | 1158400/19696961 [00:00<00:01, 11559922.71iteration/s]
 12%|█▏        | 2335624/19696961 [00:00<00:01, 11675912.54iteration/s]
 18%|█▊        | 3512848/19696961 [00:00<00:01, 11718271.03iteration/s]
 24%|██▍       | 4690072/19696961 [00:00<00:01, 11728458.87iteration/s]
 30%|██▉       | 5868744/19696961 [00:00<00:01, 11734152.28iteration/s]
 36%|███▌      | 7050312/19696961 [00:00<00:01, 11745083.22iteration/s]
 42%|████▏     | 8227536/19696961 [00:00<00:00, 11749423.23iteration/s]
 48%|████▊     | 9403312/19696961 [00:00<00:00, 11748898.11iteration/s]
 54%|█████▎    | 10584880/19696961 [00:00<00:00, 11753068.03iteration/s]
 60%|█████▉    | 11767896/19696961 [00:01<00:00, 11752150.99iteration/s]
 66%|██████▌   | 12949464/19696961 [00:01<00:00, 11743890.06iteration/s]
 72%|███████▏  | 14133928/19696961 [00:01<00:00, 11744725.34iteration/s]
 78%|███████▊  | 15315496/19696961 [00:01<00:00, 11753207.93iteration/s]
 84%|████████▎ | 16494168/19696961 [00:01<00:00, 11754154.38iteration/s]
 90%|████████▉ | 17674288/19696961 [00:01<00:00, 11751364.04iteration/s]
 96%|█████████▌| 18858752/19696961 [00:01<00:00, 11756545.76iteration/s]2026-05-26 01:02:40.850 | INFO     | utils.ConnectHandler_server:receive:80 - receive completed

100%|██████████| 19696961/19696961 [00:01<00:00, 11680015.98iteration/s]
2026-05-26 01:02:40.878 | INFO     | __main__:<module>:438 - 2026-05-26 01:02:40 RECV round=97 token=1 cid=2 train_duration=87.06002521514893 battery=133863.05J
2026-05-26 01:02:40.878 | INFO     | utils.ConnectHandler_server:send:28 - sending data (59 bytes) to client#2...
2026-05-26 01:02:40.878 | INFO     | utils.ConnectHandler_server:send:34 - sending data (59 bytes) to client#2 completely
2026-05-26 01:03:23.780 | INFO     | utils.ConnectHandler_server:receive:71 - 19697437bytes data to be received from client#7

  0%|          | 0/19697437 [00:00<?, ?iteration/s]
  6%|▌         | 1164192/19697437 [00:00<00:01, 11630922.17iteration/s]
 12%|█▏        | 2334176/19697437 [00:00<00:01, 11665467.27iteration/s]
 18%|█▊        | 3501264/19697437 [00:00<00:01, 11661699.46iteration/s]
 24%|██▎       | 4671248/19697437 [00:00<00:01, 11666732.25iteration/s]
 30%|██▉       | 5844128/19697437 [00:00<00:01, 11685413.58iteration/s]
 36%|███▌      | 7018456/19697437 [00:00<00:01, 11694930.78iteration/s]
 42%|████▏     | 8195680/19697437 [00:00<00:00, 11713057.59iteration/s]
 48%|████▊     | 9375800/19697437 [00:00<00:00, 11733287.04iteration/s]
 54%|█████▎    | 10558816/19697437 [00:00<00:00, 11735869.04iteration/s]
 60%|█████▉    | 11738936/19697437 [00:01<00:00, 11741129.43iteration/s]
 66%|██████▌   | 12924848/19697437 [00:01<00:00, 11752251.78iteration/s]
 72%|███████▏  | 14103520/19697437 [00:01<00:00, 11745486.74iteration/s]
 78%|███████▊  | 15280744/19697437 [00:01<00:00, 11752197.23iteration/s]
 84%|████████▎ | 16463760/19697437 [00:01<00:00, 11755660.14iteration/s]
 90%|████████▉ | 17640984/19697437 [00:01<00:00, 11746000.80iteration/s]
 96%|█████████▌| 18821104/19697437 [00:01<00:00, 11753252.70iteration/s]2026-05-26 01:03:25.461 | INFO     | utils.ConnectHandler_server:receive:80 - receive completed

100%|██████████| 19697437/19697437 [00:01<00:00, 11661916.35iteration/s]
2026-05-26 01:03:25.484 | INFO     | __main__:<module>:438 - 2026-05-26 01:03:25 RECV round=97 token=0 cid=7 train_duration=133.64413738250732 battery=108363.49J
2026-05-26 01:03:25.484 | INFO     | utils.ConnectHandler_server:send:28 - sending data (59 bytes) to client#7...
2026-05-26 01:03:25.484 | INFO     | utils.ConnectHandler_server:send:34 - sending data (59 bytes) to client#7 completely
2026-05-26 01:03:28.251 | INFO     | __main__:<module>:552 - 2026-05-26 01:03:28 ROUND=97 end avg_acc=29.0800 best_acc=43.9200 duration=140.12s comm_mb=75.166 locations_after=[1, 3] checkpoint=logs_real/mmdfl_real_server/checkpoints/dfl_mm_seed1/checkpoint.pt
2026-05-26 01:03:28.251 | INFO     | __main__:<module>:374 - 2026-05-26 01:03:28 ROUND=98 start token_locations=[1, 3] active_clients=[0, 1, 2, 3, 4, 5, 6, 7, 8, 9]
2026-05-26 01:03:28.272 | INFO     | utils.ConnectHandler_server:send:28 - sending data (19699822 bytes) to client#1...
2026-05-26 01:03:29.833 | INFO     | utils.ConnectHandler_server:send:34 - sending data (19699822 bytes) to client#1 completely
2026-05-26 01:03:29.833 | INFO     | __main__:<module>:418 - 2026-05-26 01:03:29 SEND round=98 token=0 cid=1 payload_mb=18.787 duration=1.572s
2026-05-26 01:03:29.854 | INFO     | utils.ConnectHandler_server:send:28 - sending data (19699828 bytes) to client#3...
2026-05-26 01:03:31.512 | INFO     | utils.ConnectHandler_server:send:34 - sending data (19699828 bytes) to client#3 completely
2026-05-26 01:03:31.512 | INFO     | __main__:<module>:418 - 2026-05-26 01:03:31 SEND round=98 token=1 cid=3 payload_mb=18.787 duration=1.669s
2026-05-26 01:04:55.749 | INFO     | utils.ConnectHandler_server:receive:71 - 19696953bytes data to be received from client#3

  0%|          | 0/19696953 [00:00<?, ?iteration/s]
  6%|▌         | 1175776/19696953 [00:00<00:01, 11730670.10iteration/s]
 12%|█▏        | 2353000/19696953 [00:00<00:01, 11750628.09iteration/s]
 18%|█▊        | 3531672/19696953 [00:00<00:01, 11757470.18iteration/s]
 24%|██▍       | 4710344/19696953 [00:00<00:01, 11755105.19iteration/s]
 30%|██▉       | 5889016/19696953 [00:00<00:01, 11757661.19iteration/s]
 36%|███▌      | 7067688/19696953 [00:00<00:01, 11754552.42iteration/s]
 42%|████▏     | 8246360/19696953 [00:00<00:00, 11759555.29iteration/s]
 48%|████▊     | 9426480/19696953 [00:00<00:00, 11755441.52iteration/s]
 54%|█████▍    | 10605152/19696953 [00:00<00:00, 11756712.04iteration/s]
 60%|█████▉    | 11791064/19696953 [00:01<00:00, 11762269.72iteration/s]
 66%|██████▌   | 12975528/19696953 [00:01<00:00, 11761207.77iteration/s]
 72%|███████▏  | 14152752/19696953 [00:01<00:00, 11762991.17iteration/s]
 78%|███████▊  | 15334320/19696953 [00:01<00:00, 11760995.27iteration/s]
 84%|████████▍ | 16518784/19696953 [00:01<00:00, 11754277.47iteration/s]
 90%|████████▉ | 17697456/19696953 [00:01<00:00, 11756304.52iteration/s]
 96%|█████████▌| 18877576/19696953 [00:01<00:00, 11761264.02iteration/s]2026-05-26 01:04:57.426 | INFO     | utils.ConnectHandler_server:receive:80 - receive completed

100%|██████████| 19696953/19696953 [00:01<00:00, 11689628.10iteration/s]
2026-05-26 01:04:57.453 | INFO     | __main__:<module>:438 - 2026-05-26 01:04:57 RECV round=98 token=1 cid=3 train_duration=83.53397178649902 battery=133397.01J
2026-05-26 01:04:57.453 | INFO     | utils.ConnectHandler_server:send:28 - sending data (59 bytes) to client#3...
2026-05-26 01:04:57.453 | INFO     | utils.ConnectHandler_server:send:34 - sending data (59 bytes) to client#3 completely
2026-05-26 01:05:21.155 | INFO     | utils.ConnectHandler_server:receive:71 - 19696957bytes data to be received from client#1

  0%|          | 0/19696957 [00:00<?, ?iteration/s]
  6%|▌         | 1165640/19696957 [00:00<00:01, 11635965.02iteration/s]
 12%|█▏        | 2344312/19696957 [00:00<00:01, 11709620.59iteration/s]
 18%|█▊        | 3521536/19696957 [00:00<00:01, 11732433.72iteration/s]
 24%|██▍       | 4695864/19696957 [00:00<00:01, 11732358.18iteration/s]
 30%|██▉       | 5875984/19696957 [00:00<00:01, 11750685.60iteration/s]
 36%|███▌      | 7056104/19696957 [00:00<00:01, 11752191.66iteration/s]
 42%|████▏     | 8236224/19696957 [00:00<00:00, 11754151.07iteration/s]
 48%|████▊     | 9416344/19696957 [00:00<00:00, 11753255.32iteration/s]
 54%|█████▍    | 10596464/19696957 [00:00<00:00, 11754463.37iteration/s]
 60%|█████▉    | 11779480/19696957 [00:01<00:00, 11759681.47iteration/s]
 66%|██████▌   | 12959600/19696957 [00:01<00:00, 11758033.81iteration/s]
 72%|███████▏  | 14139720/19696957 [00:01<00:00, 11758936.23iteration/s]
 78%|███████▊  | 15318392/19696957 [00:01<00:00, 11763639.58iteration/s]
 84%|████████▍ | 16497064/19696957 [00:01<00:00, 11756574.66iteration/s]
 90%|████████▉ | 17675736/19696957 [00:01<00:00, 11756708.37iteration/s]
 96%|█████████▌| 18854408/19696957 [00:01<00:00, 11762963.18iteration/s]2026-05-26 01:05:22.832 | INFO     | utils.ConnectHandler_server:receive:80 - receive completed

100%|██████████| 19696957/19696957 [00:01<00:00, 11686372.95iteration/s]
2026-05-26 01:05:22.851 | INFO     | __main__:<module>:438 - 2026-05-26 01:05:22 RECV round=98 token=0 cid=1 train_duration=110.2203299999237 battery=124519.51J
2026-05-26 01:05:22.851 | INFO     | utils.ConnectHandler_server:send:28 - sending data (59 bytes) to client#1...
2026-05-26 01:05:22.851 | INFO     | utils.ConnectHandler_server:send:34 - sending data (59 bytes) to client#1 completely
2026-05-26 01:05:25.628 | INFO     | __main__:<module>:552 - 2026-05-26 01:05:25 ROUND=98 end avg_acc=40.0250 best_acc=43.9200 duration=117.31s comm_mb=75.138 locations_after=[9, 8] checkpoint=logs_real/mmdfl_real_server/checkpoints/dfl_mm_seed1/checkpoint.pt
2026-05-26 01:05:25.628 | INFO     | __main__:<module>:374 - 2026-05-26 01:05:25 ROUND=99 start token_locations=[9, 8] active_clients=[0, 1, 2, 3, 4, 5, 6, 7, 8, 9]
2026-05-26 01:05:25.653 | INFO     | utils.ConnectHandler_server:send:28 - sending data (19723706 bytes) to client#9...
2026-05-26 01:05:27.234 | INFO     | utils.ConnectHandler_server:send:34 - sending data (19723706 bytes) to client#9 completely
2026-05-26 01:05:27.235 | INFO     | __main__:<module>:418 - 2026-05-26 01:05:27 SEND round=99 token=0 cid=9 payload_mb=18.810 duration=1.596s
2026-05-26 01:05:27.256 | INFO     | utils.ConnectHandler_server:send:28 - sending data (19735891 bytes) to client#8...
2026-05-26 01:05:28.874 | INFO     | utils.ConnectHandler_server:send:34 - sending data (19735891 bytes) to client#8 completely
2026-05-26 01:05:28.874 | INFO     | __main__:<module>:418 - 2026-05-26 01:05:28 SEND round=99 token=1 cid=8 payload_mb=18.822 duration=1.629s
2026-05-26 01:07:19.832 | INFO     | utils.ConnectHandler_server:receive:71 - 19694250bytes data to be received from client#9

  0%|          | 0/19694250 [00:00<?, ?iteration/s]
  6%|▌         | 1177862/19694250 [00:00<00:01, 11762365.89iteration/s]
 12%|█▏        | 2354310/19694250 [00:00<00:01, 11748794.28iteration/s]
 18%|█▊        | 3532172/19694250 [00:00<00:01, 11749243.23iteration/s]
 24%|██▍       | 4707206/19694250 [00:00<00:01, 11741225.52iteration/s]
 30%|██▉       | 5886482/19694250 [00:00<00:01, 11744239.58iteration/s]
 36%|███▌      | 7062930/19694250 [00:00<00:01, 11741602.12iteration/s]
 42%|████▏     | 8239378/19694250 [00:00<00:00, 11741936.66iteration/s]
 48%|████▊     | 9417240/19694250 [00:00<00:00, 11739979.14iteration/s]
 54%|█████▍    | 10593688/19694250 [00:00<00:00, 11739584.07iteration/s]
 60%|█████▉    | 11770136/19694250 [00:01<00:00, 11744386.30iteration/s]
 66%|██████▌   | 12953654/19694250 [00:01<00:00, 11743182.11iteration/s]
 72%|███████▏  | 14135758/19694250 [00:01<00:00, 11741700.84iteration/s]
 78%|███████▊  | 15317862/19694250 [00:01<00:00, 11741662.96iteration/s]
 84%|████████▎ | 16492896/19694250 [00:01<00:00, 11740966.99iteration/s]
 90%|████████▉ | 17670758/19694250 [00:01<00:00, 11741803.46iteration/s]
 96%|█████████▌| 18855690/19694250 [00:01<00:00, 11741275.55iteration/s]2026-05-26 01:07:21.511 | INFO     | utils.ConnectHandler_server:receive:80 - receive completed

100%|██████████| 19694250/19694250 [00:01<00:00, 11675361.30iteration/s]
2026-05-26 01:07:21.538 | INFO     | __main__:<module>:438 - 2026-05-26 01:07:21 RECV round=99 token=0 cid=9 train_duration=112.06709623336792 battery=116082.32J
2026-05-26 01:07:21.538 | INFO     | utils.ConnectHandler_server:send:28 - sending data (59 bytes) to client#9...
2026-05-26 01:07:21.538 | INFO     | utils.ConnectHandler_server:send:34 - sending data (59 bytes) to client#9 completely
2026-05-26 01:09:13.279 | INFO     | utils.ConnectHandler_server:receive:71 - 19697437bytes data to be received from client#8

  0%|          | 0/19697437 [00:00<?, ?iteration/s]
  6%|▌         | 1155504/19697437 [00:00<00:01, 11536375.20iteration/s]
 12%|█▏        | 2324040/19697437 [00:00<00:01, 11607887.92iteration/s]
 18%|█▊        | 3489680/19697437 [00:00<00:01, 11619759.52iteration/s]
 24%|██▎       | 4656768/19697437 [00:00<00:01, 11639779.06iteration/s]
 30%|██▉       | 5831096/19697437 [00:00<00:01, 11667905.44iteration/s]
 36%|███▌      | 7003976/19697437 [00:00<00:01, 11687626.65iteration/s]
 42%|████▏     | 8185544/19697437 [00:00<00:00, 11709671.67iteration/s]
 48%|████▊     | 9367112/19697437 [00:00<00:00, 11729759.26iteration/s]
 54%|█████▎    | 10544336/19697437 [00:00<00:00, 11740353.41iteration/s]
 60%|█████▉    | 11723008/19697437 [00:01<00:00, 11734047.30iteration/s]
 65%|██████▌   | 12898784/19697437 [00:01<00:00, 11739001.21iteration/s]
 71%|███████▏  | 14073112/19697437 [00:01<00:00, 11739428.54iteration/s]
 77%|███████▋  | 15256128/19697437 [00:01<00:00, 11740519.23iteration/s]
 83%|████████▎ | 16436248/19697437 [00:01<00:00, 11738971.81iteration/s]
 89%|████████▉ | 17622160/19697437 [00:01<00:00, 11728358.12iteration/s]
 95%|█████████▌| 18808072/19697437 [00:01<00:00, 11728506.03iteration/s]2026-05-26 01:09:14.962 | INFO     | utils.ConnectHandler_server:receive:80 - receive completed

100%|██████████| 19697437/19697437 [00:01<00:00, 11644969.18iteration/s]
2026-05-26 01:09:14.981 | INFO     | __main__:<module>:438 - 2026-05-26 01:09:14 RECV round=99 token=1 cid=8 train_duration=223.69156694412231 battery=91071.25J
2026-05-26 01:09:14.981 | INFO     | utils.ConnectHandler_server:send:28 - sending data (59 bytes) to client#8...
2026-05-26 01:09:14.981 | INFO     | utils.ConnectHandler_server:send:34 - sending data (59 bytes) to client#8 completely
2026-05-26 01:09:17.753 | INFO     | __main__:<module>:552 - 2026-05-26 01:09:17 ROUND=99 end avg_acc=43.7200 best_acc=43.9200 duration=232.06s comm_mb=75.195 locations_after=[0, 5] checkpoint=logs_real/mmdfl_real_server/checkpoints/dfl_mm_seed1/checkpoint.pt
2026-05-26 01:09:17.753 | INFO     | utils.ConnectHandler_server:send:28 - sending data (29 bytes) to client#0...
2026-05-26 01:09:17.753 | INFO     | utils.ConnectHandler_server:send:34 - sending data (29 bytes) to client#0 completely
2026-05-26 01:09:17.753 | INFO     | utils.ConnectHandler_server:send:28 - sending data (29 bytes) to client#1...
2026-05-26 01:09:17.753 | INFO     | utils.ConnectHandler_server:send:34 - sending data (29 bytes) to client#1 completely
2026-05-26 01:09:17.753 | INFO     | utils.ConnectHandler_server:send:28 - sending data (29 bytes) to client#2...
2026-05-26 01:09:17.753 | INFO     | utils.ConnectHandler_server:send:34 - sending data (29 bytes) to client#2 completely
2026-05-26 01:09:17.753 | INFO     | utils.ConnectHandler_server:send:28 - sending data (29 bytes) to client#3...
2026-05-26 01:09:17.753 | INFO     | utils.ConnectHandler_server:send:34 - sending data (29 bytes) to client#3 completely
2026-05-26 01:09:17.753 | INFO     | utils.ConnectHandler_server:send:28 - sending data (29 bytes) to client#4...
2026-05-26 01:09:17.753 | INFO     | utils.ConnectHandler_server:send:34 - sending data (29 bytes) to client#4 completely
2026-05-26 01:09:17.753 | INFO     | utils.ConnectHandler_server:send:28 - sending data (29 bytes) to client#5...
2026-05-26 01:09:17.753 | INFO     | utils.ConnectHandler_server:send:34 - sending data (29 bytes) to client#5 completely
2026-05-26 01:09:17.753 | INFO     | utils.ConnectHandler_server:send:28 - sending data (29 bytes) to client#6...
2026-05-26 01:09:17.753 | INFO     | utils.ConnectHandler_server:send:34 - sending data (29 bytes) to client#6 completely
2026-05-26 01:09:17.753 | INFO     | utils.ConnectHandler_server:send:28 - sending data (29 bytes) to client#7...
2026-05-26 01:09:17.753 | INFO     | utils.ConnectHandler_server:send:34 - sending data (29 bytes) to client#7 completely
2026-05-26 01:09:17.753 | INFO     | utils.ConnectHandler_server:send:28 - sending data (29 bytes) to client#8...
2026-05-26 01:09:17.753 | INFO     | utils.ConnectHandler_server:send:34 - sending data (29 bytes) to client#8 completely
2026-05-26 01:09:17.753 | INFO     | utils.ConnectHandler_server:send:28 - sending data (29 bytes) to client#9...
2026-05-26 01:09:17.753 | INFO     | utils.ConnectHandler_server:send:34 - sending data (29 bytes) to client#9 completely
2026-05-26 01:09:17.776 | INFO     | __main__:<module>:586 - Saved summary to logs_real/mmdfl_real_server/summary_seed1_20260525_210348.json
