接收时间,电流,电压,功率因素,有功功率,年用电量,有功电能,无功电能,电源频率,带负载工作时间,仪表地址,日工作小时
17:48:10,0.13722,216.40,0.3957,11.7613,34.34298,3.21989,5.00341,49.97,0622:23:31,1,08
17:48:12,0.138,216.40,0.39718,11.87007,34.6606,3.21989,5.00341,49.97,0622:23:32,1,08
17:48:13,0.13764,216.30,0.39644,11.81568,34.50179,3.21989,5.00341,49.97,0622:23:33,1,08
17:48:14,0.13722,216.30,0.39652,11.77489,34.38269,3.21989,5.00341,49.97,0622:23:34,1,08
17:48:15,0.13614,216.30,0.39751,11.70691,34.18417,3.21989,5.00341,49.97,0622:23:35,1,08
17:48:16,0.13614,216.40,0.39852,11.7477,34.30328,3.21989,5.00341,49.97,0622:23:36,1,08
17:48:17,0.13547,216.50,0.4013,11.77489,34.38269,3.21989,5.00341,49.96,0622:23:37,1,08
17:48:18,0.13614,216.50,0.39945,11.77489,34.38269,3.21989,5.00341,49.96,0622:23:38,1,08
17:48:19,0.13674,216.60,0.39771,11.78849,34.42239,3.21989,5.00341,49.96,0622:23:39,1,08
17:48:22,0.13608,216.70,0.39954,11.78849,34.42239,3.21999,5.00341,49.96,0622:23:42,1,08
17:48:24,0.13668,216.60,0.39807,11.78849,34.42239,3.21999,5.00341,49.97,0622:23:44,1,08
17:48:25,0.13584,216.40,0.39824,11.70691,34.18417,3.21999,5.00341,49.97,0622:23:45,1,08
17:48:26,0.13632,216.30,0.39816,11.7477,34.30328,3.21999,5.00341,49.97,0622:23:46,1,08
17:48:27,0.13644,216.30,0.39779,11.7477,34.30328,3.21999,5.00341,49.97,0622:23:47,1,08
17:48:28,0.13753,216.30,0.39543,11.77489,34.38269,3.21999,5.00341,49.97,0622:23:48,1,08
17:48:29,0.13699,216.30,0.39679,11.7613,34.34298,3.21999,5.00341,49.99,0622:23:49,1,08
17:48:31,0.13638,216.30,0.39908,11.77489,34.38269,3.21999,5.00351,49.99,0622:23:51,1,08
17:48:32,0.1368,216.30,0.39798,11.77489,34.38269,3.21999,5.00351,49.99,0622:23:52,1,08
17:48:33,0.13753,216.10,0.39524,11.7477,34.30328,3.21999,5.00351,49.99,0622:23:53,1,08
17:48:34,0.13699,215.90,0.39752,11.7613,34.34298,3.21999,5.00351,49.99,0622:23:54,1,08
17:48:37,0.13704,215.90,0.39761,11.77489,34.38269,3.21999,5.00351,49.99,0622:23:57,1,08
17:48:38,0.13711,216.00,0.39679,11.7613,34.34298,3.21999,5.00351,49.97,0622:23:58,1,08
17:48:39,0.13711,216.20,0.39725,11.77489,34.38269,3.21999,5.00351,49.97,0622:23:59,1,08
17:48:41,0.13729,216.50,0.39616,11.77489,34.38269,3.21999,5.00351,49.97,0622:24:01,1,08
17:48:42,0.13795,216.20,0.39471,11.77489,34.38269,3.21999,5.00351,49.97,0622:24:02,1,08
17:48:43,0.13795,216.20,0.39471,11.77489,34.38269,3.21999,5.00351,49.97,0622:24:03,1,08
17:48:44,0.13818,216.00,0.39435,11.77489,34.38269,3.21999,5.00351,49.99,0622:24:04,1,08
17:48:47,0.138,216.20,0.39435,11.77489,34.38269,3.21999,5.00351,49.97,0622:24:07,1,08
17:48:48,0.13818,216.30,0.39409,11.78849,34.42239,3.21999,5.00351,49.97,0622:24:09,1,08
17:48:49,0.13818,216.30,0.39409,11.78849,34.42239,3.21999,5.00351,49.99,0622:24:09,1,08
17:48:50,0.13741,216.40,0.39534,11.7613,34.34298,3.21999,5.00361,49.99,0622:24:10,1,08
17:48:51,0.13704,216.50,0.39688,11.77489,34.38269,3.22009,5.00361,50.00,0622:24:11,1,08
17:48:52,0.13717,216.60,0.3957,11.7613,34.34298,3.22009,5.00361,50.00,0622:24:12,1,08
17:48:53,0.13692,216.60,0.39688,11.77489,34.38269,3.22009,5.00361,49.99,0622:24:13,1,08
17:48:54,0.1365,216.50,0.39834,11.77489,34.38269,3.22009,5.00361,49.99,0622:24:15,1,08
17:48:56,0.13674,216.50,0.39761,11.77489,34.38269,3.22009,5.00361,49.99,0622:24:16,1,08
17:48:58,0.1368,216.00,0.3965,11.7205,34.22387,3.22009,5.00361,49.99,0622:24:18,1,08
17:48:59,0.13692,216.20,0.39623,11.7341,34.26358,3.22009,5.00361,49.99,0622:24:20,1,08
17:49:02,0.13717,216.40,0.39652,11.77489,34.38269,3.22009,5.00361,49.97,0622:24:22,1,08
17:49:03,0.13692,216.70,0.39744,11.80208,34.46209,3.22009,5.00361,49.99,0622:24:23,1,08
17:49:04,0.13632,216.80,0.39752,11.7613,34.34298,3.22009,5.00361,49.99,0622:24:25,1,08
17:49:05,0.13674,216.90,0.39688,11.77489,34.38269,3.22009,5.00361,49.99,0622:24:26,1,08
17:49:06,0.13692,216.70,0.39597,11.7477,34.30328,3.22009,5.00361,49.99,0622:24:27,1,08
17:49:07,0.13692,216.70,0.39597,11.7477,34.30328,3.22009,5.00361,50.00,0622:24:27,1,08
17:49:08,0.13711,216.70,0.39616,11.77489,34.38269,3.22009,5.00361,50.00,0622:24:28,1,08
17:49:09,0.13687,216.70,0.39688,11.77489,34.38269,3.22009,5.00361,50.00,0622:24:29,1,08
17:49:13,0.13825,217.00,0.39221,11.77489,34.38269,3.22009,5.00371,49.99,0622:24:33,1,08
17:49:15,0.13699,216.90,0.39616,11.77489,34.38269,3.22009,5.00371,50.01,0622:24:35,1,08
17:49:17,0.1365,217.10,0.3945,11.69331,34.14447,3.22009,5.00371,50.00,0622:24:38,1,08
17:49:21,0.13644,217.10,0.39725,11.77489,34.38269,3.22019,5.00371,50.00,0622:24:41,1,08
17:49:23,0.13638,216.90,0.39752,11.7613,34.34298,3.22019,5.00371,50.01,0622:24:44,1,08
17:49:24,0.13662,216.80,0.39725,11.77489,34.38269,3.22019,5.00371,50.01,0622:24:45,1,08
17:49:25,0.13687,217.00,0.39661,11.78849,34.42239,3.22019,5.00371,50.00,0622:24:45,1,08
17:49:28,0.13644,217.00,0.39853,11.80208,34.46209,3.22019,5.00371,50.01,0622:24:49,1,08
17:49:32,0.13734,216.70,0.39452,11.7477,34.30328,3.22019,5.00382,50.00,0622:24:53,1,08
17:49:33,0.13687,216.70,0.39734,11.78849,34.42239,3.22019,5.00382,50.03,0622:24:54,1,08
17:49:34,0.13704,216.80,0.39616,11.77489,34.38269,3.22019,5.00382,50.03,0622:24:55,1,08
17:49:35,0.13687,216.70,0.39643,11.7613,34.34298,3.22019,5.00382,50.01,0622:24:56,1,08
17:49:37,0.13771,216.60,0.39426,11.7613,34.34298,3.22019,5.00382,50.03,0622:24:57,1,08
17:49:38,0.14637,216.50,0.40866,12.95782,37.83683,3.22019,5.00382,50.03,0622:24:59,1,08
17:49:39,0.13717,216.60,0.39616,11.77489,34.38269,3.22019,5.00382,50.01,0622:25:00,1,08
17:49:40,0.13746,216.80,0.39507,11.77489,34.38269,3.22019,5.00382,50.01,0622:25:01,1,08
17:49:41,0.13825,216.90,0.39257,11.77489,34.38269,3.22019,5.00382,50.01,0622:25:02,1,08
17:49:42,0.13807,217.10,0.39257,11.77489,34.38269,3.22019,5.00382,50.01,0622:25:03,1,08
17:49:44,0.13783,216.70,0.39354,11.7613,34.34298,3.22019,5.00382,50.01,0622:25:05,1,08
17:49:46,0.13717,216.70,0.39488,11.7477,34.30328,3.22019,5.00382,50.03,0622:25:07,1,08
17:49:47,0.13902,216.60,0.39666,11.95165,34.89882,3.22019,5.00382,50.01,0622:25:08,1,08
17:49:49,0.13644,216.50,0.39834,11.77489,34.38269,3.22019,5.00382,50.03,0622:25:10,1,08
17:49:50,0.1365,216.50,0.39834,11.77489,34.38269,3.22019,5.00382,50.03,0622:25:11,1,08
17:49:51,0.13674,216.60,0.39725,11.77489,34.38269,3.22019,5.00392,50.00,0622:25:12,1,08
17:49:56,0.13692,216.90,0.3957,11.7613,34.34298,3.2203,5.00392,50.00,0622:25:17,1,08
17:49:58,0.13699,216.90,0.3957,11.7613,34.34298,3.2203,5.00392,50.01,0622:25:19,1,08
17:50:00,0.13741,216.80,0.39462,11.7613,34.34298,3.2203,5.00392,50.00,0622:25:21,1,08
17:50:03,0.13711,216.90,0.3958,11.77489,34.38269,3.2203,5.00392,49.99,0622:25:24,1,08
17:50:11,0.1368,217.10,0.39616,11.77489,34.38269,3.2203,5.00392,50.00,0622:25:31,1,08
17:50:12,0.13753,217.10,0.39572,11.81568,34.50179,3.2203,5.00402,50.00,0622:25:32,1,08
17:50:13,0.13668,217.00,0.39505,11.7205,34.22387,3.2203,5.00402,50.00,0622:25:33,1,08
17:50:15,0.13638,216.80,0.39798,11.77489,34.38269,3.2203,5.00402,50.00,0622:25:35,1,08
17:50:16,0.13644,217.00,0.39807,11.78849,34.42239,3.2203,5.00402,50.01,0622:25:36,1,08
17:50:17,0.13711,217.00,0.39452,11.7477,34.30328,3.2203,5.00402,50.00,0622:25:37,1,08
17:50:18,0.13668,216.90,0.39643,11.7613,34.34298,3.2203,5.00402,50.00,0622:25:38,1,08
17:50:20,0.13692,217.00,0.39616,11.77489,34.38269,3.2203,5.00402,50.00,0622:25:40,1,08
17:50:21,0.13687,217.10,0.39616,11.77489,34.38269,3.2203,5.00402,50.00,0622:25:41,1,08
17:50:22,0.13764,217.20,0.39364,11.77489,34.38269,3.2203,5.00402,50.00,0622:25:42,1,08
17:50:26,0.13668,217.30,0.3957,11.7613,34.34298,3.2204,5.00402,50.01,0622:25:46,1,08
17:50:27,0.13729,217.30,0.39435,11.77489,34.38269,3.2204,5.00402,50.01,0622:25:47,1,08
17:50:28,0.13699,217.40,0.39553,11.78849,34.42239,3.2204,5.00402,50.01,0622:25:48,1,08
17:50:30,0.13668,217.40,0.3957,11.7613,34.34298,3.2204,5.00402,50.04,0622:25:50,1,08
17:50:31,0.13668,217.40,0.3957,11.7613,34.34298,3.2204,5.00402,50.04,0622:25:51,1,08
17:50:32,0.13759,217.40,0.39364,11.77489,34.38269,3.2204,5.00412,50.04,0622:25:52,1,08
17:50:33,0.13674,217.30,0.3957,11.7613,34.34298,3.2204,5.00412,50.03,0622:25:53,1,08
17:50:34,0.13662,217.30,0.3957,11.7613,34.34298,3.2204,5.00412,50.03,0622:25:54,1,08
17:50:35,0.13657,217.30,0.39606,11.7613,34.34298,3.2204,5.00412,50.04,0622:25:55,1,08
17:50:37,0.13717,217.20,0.39599,11.80208,34.46209,3.2204,5.00412,50.04,0622:25:57,1,08
17:50:39,0.1362,217.10,0.39752,11.7613,34.34298,3.2204,5.00412,50.03,0622:25:59,1,08
17:50:40,0.1365,217.10,0.39597,11.77489,34.38269,3.2204,5.00412,50.03,0622:26:00,1,08
17:50:41,0.13764,217.00,0.39399,11.77489,34.38269,3.2204,5.00412,50.03,0622:26:01,1,08
17:50:42,0.13674,217.00,0.39606,11.7613,34.34298,3.2204,5.00412,50.03,0622:26:02,1,08
17:50:46,0.13734,216.90,0.39416,11.7477,34.30328,3.2204,5.00412,50.00,0622:26:06,1,08
17:50:47,0.13699,216.90,0.39616,11.77489,34.38269,3.2204,5.00412,49.99,0622:26:07,1,08
17:50:48,0.13704,217.00,0.39625,11.78849,34.42239,3.2204,5.00412,49.99,0622:26:09,1,08
17:50:50,0.13662,217.20,0.39698,11.78849,34.42239,3.2204,5.00412,49.97,0622:26:10,1,08
17:50:51,0.1392,217.00,0.39514,11.93806,34.85912,3.2204,5.00412,49.99,0622:26:11,1,08
17:50:52,0.13729,216.80,0.39543,11.77489,34.38269,3.2204,5.00422,49.99,0622:26:12,1,08
17:50:54,0.13711,216.80,0.39661,11.78849,34.42239,3.2205,5.00422,49.97,0622:26:14,1,08
17:50:55,0.13746,216.80,0.39507,11.77489,34.38269,3.2205,5.00422,49.97,0622:26:15,1,08
17:50:57,0.13699,217.10,0.39625,11.78849,34.42239,3.2205,5.00422,49.97,0622:26:17,1,08
17:50:58,0.13753,217.30,0.39399,11.77489,34.38269,3.2205,5.00422,49.97,0622:26:18,1,08
17:50:59,0.13687,217.50,0.39589,11.78849,34.42239,3.2205,5.00422,49.97,0622:26:20,1,08
17:51:00,0.13687,217.50,0.39589,11.78849,34.42239,3.2205,5.00422,49.97,0622:26:20,1,08
17:51:02,0.13734,217.40,0.3949,11.80208,34.46209,3.2205,5.00422,49.97,0622:26:22,1,08
17:51:03,0.13729,217.40,0.39481,11.78849,34.42239,3.2205,5.00422,49.96,0622:26:23,1,08
17:51:06,0.13711,217.40,0.39471,11.77489,34.38269,3.2205,5.00422,49.97,0622:26:26,1,08
17:51:08,0.13729,217.60,0.39354,11.7613,34.34298,3.2205,5.00422,49.96,0622:26:28,1,08
17:51:09,0.13662,217.60,0.3958,11.77489,34.38269,3.2205,5.00422,49.96,0622:26:29,1,08
17:51:12,0.13872,217.40,0.39315,11.85647,34.6209,3.2205,5.00422,49.97,0622:26:32,1,08
17:51:13,0.13759,217.10,0.39354,11.7613,34.34298,3.2205,5.00433,49.96,0622:26:33,1,08
17:51:15,0.1368,217.00,0.39423,11.70691,34.18417,3.2205,5.00433,49.96,0622:26:36,1,08
17:51:17,0.13854,217.10,0.39702,11.95165,34.89882,3.2205,5.00433,49.96,0622:26:38,1,08
17:51:19,0.13776,217.30,0.39373,11.78849,34.42239,3.2205,5.00433,49.97,0622:26:39,1,08
17:51:21,0.16942,217.20,0.44424,16.35704,47.76255,3.2205,5.00433,49.97,0622:26:42,1,08
17:51:23,0.13788,216.70,0.39682,11.87007,34.6606,3.2206,5.00433,49.96,0622:26:44,1,08
17:51:24,0.13771,216.60,0.39572,11.81568,34.50179,3.2206,5.00433,49.96,0622:26:44,1,08
17:51:25,0.14276,216.60,0.40158,12.42754,36.28842,3.2206,5.00433,49.97,0622:26:45,1,08
17:51:26,0.14143,216.50,0.3984,12.20999,35.65317,3.2206,5.00433,49.97,0622:26:47,1,08
17:51:33,0.13711,216.50,0.39606,11.7613,34.34298,3.2206,5.00443,49.99,0622:26:54,1,08
17:51:35,0.13807,216.60,0.39409,11.78849,34.42239,3.2206,5.00443,50.00,0622:26:55,1,08
17:51:36,0.138,216.50,0.39445,11.78849,34.42239,3.2206,5.00443,50.00,0622:26:56,1,08
17:51:37,0.13734,216.60,0.39635,11.80208,34.46209,3.2206,5.00443,49.99,0622:26:58,1,08
17:51:41,0.13722,216.10,0.39551,11.7341,34.26358,3.2206,5.00443,50.01,0622:27:01,1,08
17:51:42,0.13734,216.10,0.3956,11.7477,34.30328,3.2206,5.00443,50.01,0622:27:03,1,08
17:51:43,0.13741,216.30,0.39442,11.7341,34.26358,3.2206,5.00443,50.00,0622:27:04,1,08
17:51:44,0.13771,216.60,0.39517,11.78849,34.42239,3.2206,5.00443,50.00,0622:27:05,1,08
17:51:46,0.13771,216.80,0.39308,11.7477,34.30328,3.2206,5.00443,50.00,0622:27:07,1,08
17:51:48,0.13807,216.70,0.39782,11.91086,34.77971,3.2206,5.00443,50.00,0622:27:09,1,08
17:51:49,0.13657,216.30,0.39604,11.70691,34.18417,3.2206,5.00443,50.00,0622:27:10,1,08
17:51:50,0.13776,216.40,0.39654,11.82928,34.5415,3.2206,5.00443,50.00,0622:27:11,1,08
17:51:51,0.13699,216.60,0.3956,11.7477,34.30328,3.2206,5.00443,50.01,0622:27:12,1,08
17:51:52,0.13795,216.50,0.39399,11.77489,34.38269,3.2206,5.00453,50.00,0622:27:13,1,08
17:51:53,0.13931,216.60,0.3955,11.93806,34.85912,3.2206,5.00453,50.00,0622:27:14,1,08
17:51:54,0.14032,216.80,0.39678,12.07402,35.25615,3.2207,5.00453,50.00,0622:27:15,1,08
17:51:57,0.13746,216.90,0.39471,11.77489,34.38269,3.2207,5.00453,50.01,0622:27:18,1,08
17:51:59,0.13985,216.70,0.39686,12.03323,35.13704,3.2207,5.00453,50.00,0622:27:20,1,08
17:52:02,0.13771,216.70,0.3939,11.7613,34.34298,3.2207,5.00453,50.01,0622:27:23,1,08
17:52:04,0.138,216.60,0.39409,11.78849,34.42239,3.2207,5.00453,50.00,0622:27:25,1,08
17:52:05,0.13854,216.60,0.39176,11.7613,34.34298,3.2207,5.00453,50.00,0622:27:26,1,08
17:52:07,0.13813,216.70,0.39464,11.81568,34.50179,3.2207,5.00453,50.01,0622:27:28,1,08
17:52:09,0.13788,216.90,0.39364,11.77489,34.38269,3.2207,5.00453,50.01,0622:27:29,1,08
17:52:10,0.13771,216.90,0.39354,11.7613,34.34298,3.2207,5.00453,50.01,0622:27:30,1,08
17:52:11,0.13854,216.90,0.39186,11.77489,34.38269,3.2207,5.00453,50.01,0622:27:31,1,08
17:52:12,0.13842,216.80,0.39402,11.82928,34.5415,3.2207,5.00453,50.01,0622:27:32,1,08
17:52:13,0.13825,216.80,0.39201,11.7477,34.30328,3.2207,5.00463,50.01,0622:27:33,1,08
17:52:14,0.13753,216.80,0.3938,11.7477,34.30328,3.2207,5.00463,50.01,0622:27:34,1,08
17:52:15,0.13783,216.80,0.39263,11.7341,34.26358,3.2207,5.00463,50.01,0622:27:35,1,08
17:52:18,0.13795,217.10,0.39338,11.78849,34.42239,3.2207,5.00463,50.00,0622:27:38,1,08
17:52:19,0.13753,217.10,0.39435,11.77489,34.38269,3.2207,5.00463,50.00,0622:27:39,1,08
17:52:21,0.13813,217.30,0.39221,11.77489,34.38269,3.2207,5.00463,50.01,0622:27:41,1,08
17:52:23,0.13818,216.90,0.39257,11.77489,34.38269,3.2207,5.00463,50.00,0622:27:43,1,08
17:52:24,0.13818,216.90,0.39257,11.77489,34.38269,3.2207,5.00463,50.00,0622:27:44,1,08
17:52:25,0.13849,216.80,0.3914,11.7613,34.34298,3.2208,5.00463,50.00,0622:27:45,1,08
17:52:29,0.13842,216.90,0.39095,11.7477,34.30328,3.2208,5.00463,50.00,0622:27:49,1,08
17:52:31,0.13896,216.60,0.38889,11.70691,34.18417,3.2208,5.00463,50.00,0622:27:51,1,08
17:52:32,0.13872,216.70,0.39286,11.81568,34.50179,3.2208,5.00463,50.00,0622:27:52,1,08
17:52:33,0.13872,216.70,0.3915,11.77489,34.38269,3.2208,5.00473,50.00,0622:27:53,1,08
17:52:35,0.1389,216.80,0.39125,11.78849,34.42239,3.2208,5.00473,50.01,0622:27:55,1,08
17:52:37,0.13866,216.80,0.39105,11.7613,34.34298,3.2208,5.00473,50.00,0622:27:57,1,08
17:52:38,0.1383,216.80,0.39211,11.7613,34.34298,3.2208,5.00473,50.00,0622:27:58,1,08
17:52:39,0.13825,216.90,0.39257,11.77489,34.38269,3.2208,5.00473,50.01,0622:27:59,1,08
17:52:40,0.1389,216.90,0.39044,11.77489,34.38269,3.2208,5.00473,50.01,0622:28:00,1,08
17:52:41,0.13795,216.90,0.39328,11.77489,34.38269,3.2208,5.00473,50.01,0622:28:01,1,08
17:52:43,0.13795,216.80,0.39318,11.7613,34.34298,3.2208,5.00473,50.00,0622:28:03,1,08
17:52:44,0.13837,216.70,0.39302,11.78849,34.42239,3.2208,5.00473,50.00,0622:28:04,1,08
17:52:45,0.1386,216.80,0.39195,11.78849,34.42239,3.2208,5.00473,50.00,0622:28:05,1,08
17:52:48,0.1383,216.70,0.39166,11.7477,34.30328,3.2208,5.00473,50.00,0622:28:08,1,08
17:52:49,0.13783,216.80,0.39217,11.7205,34.22387,3.2208,5.00473,50.00,0622:28:09,1,08
17:52:51,0.13729,216.80,0.39498,11.7613,34.34298,3.2208,5.00473,50.01,0622:28:11,1,08
17:52:53,0.13788,216.70,0.39354,11.7613,34.34298,3.2208,5.00483,50.00,0622:28:13,1,08
17:52:58,0.13753,216.90,0.39471,11.77489,34.38269,3.2209,5.00483,49.99,0622:28:18,1,08
17:53:00,0.13795,216.80,0.39364,11.77489,34.38269,3.2209,5.00483,50.00,0622:28:20,1,08
17:53:01,0.13783,216.80,0.39445,11.78849,34.42239,3.2209,5.00483,50.00,0622:28:21,1,08
17:53:10,0.13955,216.20,0.39595,11.95165,34.89882,3.2209,5.00483,49.97,0622:28:31,1,08
17:53:11,0.13973,216.30,0.39793,12.03323,35.13704,3.2209,5.00483,49.97,0622:28:31,1,08
17:53:12,0.13937,216.30,0.39675,11.96525,34.93852,3.2209,5.00493,49.97,0622:28:32,1,08
17:53:13,0.13973,216.40,0.39568,11.96525,34.93852,3.2209,5.00493,49.97,0622:28:33,1,08
17:53:16,0.1392,216.60,0.3972,11.97884,34.97823,3.2209,5.00493,49.97,0622:28:37,1,08
17:53:18,0.13872,216.40,0.39457,11.85647,34.6209,3.2209,5.00493,49.96,0622:28:38,1,08
17:53:19,0.13996,216.40,0.39587,11.99244,35.01793,3.2209,5.00493,49.97,0622:28:39,1,08
17:53:20,0.13937,216.40,0.39595,11.95165,34.89882,3.2209,5.00493,49.97,0622:28:40,1,08
17:53:21,0.13937,216.40,0.3964,11.96525,34.93852,3.2209,5.00493,49.96,0622:28:42,1,08
17:53:24,0.1402,216.20,0.39462,11.96525,34.93852,3.2209,5.00493,49.97,0622:28:44,1,08
17:53:26,0.1392,216.30,0.39711,11.96525,34.93852,3.221,5.00493,49.97,0622:28:46,1,08
17:53:28,0.13943,216.20,0.39585,11.93806,34.85912,3.221,5.00493,50.00,0622:28:49,1,08
17:53:29,0.13961,216.20,0.39324,11.87007,34.6606,3.221,5.00493,49.99,0622:28:49,1,08
17:53:30,0.13985,216.20,0.39523,11.95165,34.89882,3.221,5.00493,49.99,0622:28:50,1,08
17:53:31,0.13979,216.20,0.39568,11.96525,34.93852,3.221,5.00493,49.99,0622:28:51,1,08
17:53:32,0.13961,216.20,0.39604,11.96525,34.93852,3.221,5.00503,49.99,0622:28:53,1,08
17:53:35,0.13937,216.20,0.39666,11.95165,34.89882,3.221,5.00503,50.00,0622:28:55,1,08
17:53:36,0.13908,216.10,0.39738,11.95165,34.89882,3.221,5.00503,50.00,0622:28:56,1,08
17:53:39,0.14049,216.10,0.39481,11.99244,35.01793,3.221,5.00503,50.01,0622:29:00,1,08
17:53:40,0.13985,216.20,0.39533,11.96525,34.93852,3.221,5.00503,50.01,0622:29:01,1,08
17:53:43,0.13955,216.30,0.39604,11.96525,34.93852,3.221,5.00503,50.01,0622:29:04,1,08
17:53:44,0.14032,216.30,0.39391,11.96525,34.93852,3.221,5.00503,50.01,0622:29:05,1,08
17:53:45,0.13991,216.40,0.39542,11.97884,34.97823,3.221,5.00503,50.03,0622:29:06,1,08
17:53:46,0.14014,216.60,0.39436,11.97884,34.97823,3.221,5.00503,50.04,0622:29:07,1,08
17:53:48,0.14137,216.80,0.39184,12.01964,35.09734,3.221,5.00503,50.04,0622:29:09,1,08
17:53:49,0.14026,216.80,0.38829,11.81568,34.50179,3.221,5.00503,50.03,0622:29:10,1,08
17:53:51,0.17894,216.90,0.43662,16.9553,49.50948,3.221,5.00513,50.04,0622:29:12,1,08
17:53:52,0.17331,216.90,0.43456,16.34344,47.72285,3.221,5.00513,50.04,0622:29:12,1,08
17:53:54,0.17671,216.80,0.43298,16.60178,48.4772,3.2211,5.00513,50.04,0622:29:15,1,08
17:53:55,0.17652,216.80,0.43572,16.68336,48.71542,3.2211,5.00513,50.05,0622:29:16,1,08
17:53:58,0.14253,216.40,0.39824,12.29157,35.89139,3.2211,5.00513,50.04,0622:29:18,1,08
17:53:59,0.14236,216.40,0.39497,12.1692,35.53407,3.2211,5.00513,50.04,0622:29:20,1,08
17:54:00,0.14219,216.20,0.39655,12.19639,35.61347,3.2211,5.00513,50.04,0622:29:21,1,08
17:54:01,0.14131,216.20,0.39724,12.14201,35.45466,3.2211,5.00513,50.04,0622:29:22,1,08
17:54:03,0.1392,216.10,0.39386,11.85647,34.6209,3.2211,5.00513,50.05,0622:29:24,1,08
17:54:04,0.13866,216.00,0.39383,11.80208,34.46209,3.2211,5.00513,50.05,0622:29:25,1,08
17:54:05,0.13914,216.00,0.39331,11.82928,34.5415,3.2211,5.00513,50.04,0622:29:26,1,08
17:54:10,0.13837,215.90,0.39399,11.77489,34.38269,3.2211,5.00513,50.03,0622:29:30,1,08
17:54:11,0.13807,216.00,0.39471,11.77489,34.38269,3.2211,5.00524,50.03,0622:29:31,1,08
17:54:12,0.13961,216.10,0.39595,11.95165,34.89882,3.2211,5.00524,50.04,0622:29:32,1,08
17:54:16,0.13771,216.60,0.39335,11.7341,34.26358,3.2211,5.00524,50.04,0622:29:36,1,08
17:54:17,0.13771,216.60,0.39335,11.7341,34.26358,3.2211,5.00524,50.04,0622:29:37,1,08
17:54:19,0.13842,216.60,0.39302,11.78849,34.42239,3.2211,5.00524,50.01,0622:29:39,1,08
17:54:21,0.13764,216.50,0.39462,11.7613,34.34298,3.2211,5.00524,50.01,0622:29:41,1,08
17:54:22,0.13825,216.40,0.39328,11.77489,34.38269,3.2211,5.00524,50.01,0622:29:42,1,08
17:54:23,0.13825,216.40,0.39328,11.77489,34.38269,3.2211,5.00524,50.01,0622:29:43,1,08
17:54:24,0.13849,216.40,0.39292,11.77489,34.38269,3.2212,5.00524,50.03,0622:29:44,1,08
17:54:27,0.13807,216.70,0.39282,11.7613,34.34298,3.2212,5.00524,50.01,0622:29:47,1,08
17:54:28,0.13825,216.70,0.39111,11.7205,34.22387,3.2212,5.00524,50.01,0622:29:48,1,08
17:54:33,0.13854,216.40,0.39166,11.7477,34.30328,3.2212,5.00534,49.99,0622:29:53,1,08
17:54:35,0.13866,216.40,0.39221,11.77489,34.38269,3.2212,5.00534,49.99,0622:29:55,1,08
17:54:36,0.13825,216.60,0.39338,11.78849,34.42239,3.2212,5.00534,49.97,0622:29:56,1,08
17:54:37,0.13795,216.60,0.39318,11.7613,34.34298,3.2212,5.00534,49.97,0622:29:57,1,08
17:54:38,0.13884,216.60,0.39195,11.78849,34.42239,3.2212,5.00534,49.97,0622:29:58,1,08
17:54:39,0.1389,216.50,0.39205,11.80208,34.46209,3.2212,5.00534,49.97,0622:29:59,1,08
17:54:40,0.1389,216.50,0.39205,11.80208,34.46209,3.2212,5.00534,49.97,0622:30:00,1,08
17:54:41,0.138,216.60,0.39227,11.7341,34.26358,3.2212,5.00534,49.96,0622:30:01,1,08
17:54:45,0.13807,217.00,0.39383,11.80208,34.46209,3.2212,5.00534,49.96,0622:30:05,1,08
17:54:46,0.13807,217.00,0.39383,11.80208,34.46209,3.2212,5.00534,49.96,0622:30:06,1,08
17:54:47,0.13776,217.20,0.39419,11.80208,34.46209,3.2212,5.00534,49.97,0622:30:07,1,08
17:54:48,0.13795,217.10,0.39292,11.77489,34.38269,3.2212,5.00534,49.97,0622:30:08,1,08
17:54:49,0.13746,217.00,0.39517,11.78849,34.42239,3.2212,5.00534,49.96,0622:30:09,1,08
17:54:50,0.13734,216.80,0.39142,11.66612,34.06506,3.2212,5.00544,49.96,0622:30:10,1,08
17:54:52,0.13759,216.90,0.39435,11.77489,34.38269,3.2212,5.00544,49.96,0622:30:12,1,08
17:54:54,0.13788,217.00,0.39328,11.77489,34.38269,3.2212,5.00544,49.97,0622:30:14,1,08
17:54:55,0.13753,217.10,0.39399,11.77489,34.38269,3.2213,5.00544,49.97,0622:30:15,1,08
17:54:56,0.13788,217.10,0.39282,11.7613,34.34298,3.2213,5.00544,49.97,0622:30:16,1,08
17:54:57,0.13849,217.00,0.39105,11.7613,34.34298,3.2213,5.00544,49.99,0622:30:17,1,08
17:54:58,0.13849,217.00,0.39105,11.7613,34.34298,3.2213,5.00544,49.99,0622:30:18,1,08
17:55:01,0.13813,216.80,0.39338,11.78849,34.42239,3.2213,5.00544,50.00,0622:30:21,1,08
17:55:03,0.14032,216.80,0.39276,11.95165,34.89882,3.2213,5.00544,50.01,0622:30:23,1,08
17:55:04,0.13825,216.80,0.39257,11.77489,34.38269,3.2213,5.00544,50.01,0622:30:24,1,08
17:55:05,0.13825,216.90,0.39257,11.77489,34.38269,3.2213,5.00544,50.01,0622:30:25,1,08
17:55:09,0.13807,216.80,0.39237,11.7477,34.30328,3.2213,5.00544,50.03,0622:30:29,1,08
17:55:13,0.13837,216.60,0.39302,11.78849,34.42239,3.2213,5.00554,50.04,0622:30:33,1,08
17:55:14,0.13783,216.60,0.39299,11.7341,34.26358,3.2213,5.00554,50.04,0622:30:34,1,08
17:55:15,0.13813,216.50,0.39409,11.78849,34.42239,3.2213,5.00554,50.04,0622:30:36,1,08
17:55:16,0.13771,216.50,0.3938,11.7477,34.30328,3.2213,5.00554,50.04,0622:30:36,1,08
17:55:18,0.13842,216.00,0.39182,11.7205,34.22387,3.2213,5.00554,50.04,0622:30:38,1,08
17:55:20,0.13704,216.40,0.39643,11.7613,34.34298,3.2213,5.00554,50.04,0622:30:40,1,08
17:55:22,0.13741,216.40,0.39488,11.7477,34.30328,3.2213,5.00554,50.04,0622:30:42,1,08
17:55:23,0.13795,216.40,0.39399,11.77489,34.38269,3.2213,5.00554,50.04,0622:30:43,1,08
17:55:24,0.13783,216.40,0.3938,11.7477,34.30328,3.2213,5.00554,50.04,0622:30:44,1,08
17:55:25,0.13722,216.40,0.3957,11.7613,34.34298,3.2214,5.00554,50.03,0622:30:45,1,08
17:55:27,0.13771,216.40,0.39462,11.7613,34.34298,3.2214,5.00554,50.04,0622:30:48,1,08
17:55:29,0.13776,216.50,0.39344,11.7477,34.30328,3.2214,5.00554,50.03,0622:30:49,1,08
17:55:36,0.13759,216.40,0.39452,11.7477,34.30328,3.2214,5.00564,50.04,0622:30:56,1,08
17:55:37,0.13849,216.30,0.39201,11.7477,34.30328,3.2214,5.00564,50.03,0622:30:58,1,08
17:55:41,0.13753,215.50,0.39597,11.7477,34.30328,3.2214,5.00564,50.03,0622:31:01,1,08
17:55:45,0.13776,215.80,0.39625,11.78849,34.42239,3.2214,5.00564,50.03,0622:31:05,1,08
17:55:46,0.138,216.00,0.39426,11.7613,34.34298,3.2214,5.00564,50.03,0622:31:06,1,08
17:55:47,0.13842,216.00,0.39364,11.77489,34.38269,3.2214,5.00564,50.01,0622:31:07,1,08
17:55:48,0.13795,216.00,0.39462,11.7613,34.34298,3.2214,5.00564,50.01,0622:31:09,1,08
17:55:51,0.13771,215.60,0.3956,11.7477,34.30328,3.2214,5.00574,50.00,0622:31:11,1,08
17:55:54,0.13788,215.50,0.39661,11.78849,34.42239,3.2214,5.00574,50.00,0622:31:15,1,08
17:55:55,0.13818,215.50,0.39462,11.7613,34.34298,3.2214,5.00574,49.99,0622:31:16,1,08
17:55:57,0.13872,215.90,0.39338,11.78849,34.42239,3.22151,5.00574,49.97,0622:31:17,1,08
17:55:58,0.13896,215.90,0.39357,11.81568,34.50179,3.22151,5.00574,49.97,0622:31:18,1,08
17:55:59,0.138,215.90,0.39462,11.7613,34.34298,3.22151,5.00574,49.97,0622:31:20,1,08
17:56:01,0.13807,215.90,0.39426,11.7613,34.34298,3.22151,5.00574,49.97,0622:31:22,1,08
17:56:02,0.13837,216.00,0.39364,11.77489,34.38269,3.22151,5.00574,49.97,0622:31:23,1,08
17:56:05,0.13795,216.20,0.39617,11.82928,34.5415,3.22151,5.00574,49.97,0622:31:25,1,08
17:56:08,0.13764,216.40,0.39234,11.69331,34.14447,3.22151,5.00574,49.97,0622:31:28,1,08
17:56:10,0.13807,216.40,0.39399,11.77489,34.38269,3.22151,5.00574,49.99,0622:31:29,1,08
17:56:12,0.13949,216.40,0.39199,11.84288,34.5812,3.22151,5.00584,49.97,0622:31:32,1,08
17:56:13,0.13902,216.40,0.3916,11.78849,34.42239,3.22151,5.00584,49.97,0622:31:33,1,08
17:56:15,0.13825,216.40,0.39328,11.77489,34.38269,3.22151,5.00584,49.97,0622:31:34,1,08
17:56:18,0.13753,216.40,0.39178,11.66612,34.06506,3.22151,5.00584,49.97,0622:31:38,1,08
17:56:20,0.1383,216.40,0.39373,11.78849,34.42239,3.22151,5.00584,49.99,0622:31:40,1,08
17:56:22,0.13741,216.60,0.39498,11.7613,34.34298,3.22151,5.00584,49.97,0622:31:42,1,08
17:56:24,0.13818,216.20,0.39354,11.7613,34.34298,3.22151,5.00584,49.99,0622:31:44,1,08
17:56:27,0.13837,215.80,0.39354,11.7613,34.34298,3.22151,5.00584,49.97,0622:31:47,1,08
17:56:28,0.13783,215.80,0.39671,11.80208,34.46209,3.22161,5.00584,49.99,0622:31:48,1,08
17:56:30,0.1368,215.90,0.39512,11.67971,34.10476,3.22161,5.00584,49.99,0622:31:50,1,08
17:56:32,0.13729,215.70,0.39669,11.7477,34.30328,3.22161,5.00595,49.99,0622:31:52,1,08
17:56:33,0.13729,215.70,0.39669,11.7477,34.30328,3.22161,5.00595,49.99,0622:31:53,1,08
17:56:34,0.13704,215.60,0.39788,11.7613,34.34298,3.22161,5.00595,50.00,0622:31:54,1,08
17:56:38,0.13759,215.80,0.39744,11.80208,34.46209,3.22161,5.00595,49.99,0622:31:58,1,08
17:56:40,0.13783,216.10,0.39599,11.80208,34.46209,3.22161,5.00595,50.00,0622:32:00,1,08
17:56:45,0.13788,216.40,0.3939,11.7613,34.34298,3.22161,5.00595,50.01,0622:32:05,1,08
17:56:46,0.13788,216.50,0.39481,11.78849,34.42239,3.22161,5.00595,50.01,0622:32:06,1,08
17:56:47,0.13771,216.50,0.39471,11.77489,34.38269,3.22161,5.00595,50.03,0622:32:07,1,08
17:56:49,0.13711,216.70,0.3957,11.7613,34.34298,3.22161,5.00595,50.04,0622:32:09,1,08
17:56:51,0.13771,216.80,0.39399,11.77489,34.38269,3.22161,5.00595,50.03,0622:32:11,1,08
17:56:52,0.13722,217.00,0.39498,11.7613,34.34298,3.22161,5.00605,50.03,0622:32:12,1,08
17:56:53,0.13699,217.00,0.39534,11.7613,34.34298,3.22161,5.00605,50.03,0622:32:13,1,08
17:56:54,0.13753,216.90,0.39471,11.77489,34.38269,3.22161,5.00605,50.03,0622:32:14,1,08
17:56:55,0.13854,216.80,0.39276,11.80208,34.46209,3.22161,5.00605,50.03,0622:32:15,1,08
17:56:58,0.13753,217.10,0.3939,11.7613,34.34298,3.22171,5.00605,50.03,0622:32:18,1,08
17:57:01,0.13741,217.20,0.39435,11.77489,34.38269,3.22171,5.00605,50.01,0622:32:21,1,08
17:57:04,0.13687,217.00,0.39478,11.7341,34.26358,3.22171,5.00605,50.00,0622:32:24,1,08
17:57:05,0.138,217.10,0.39292,11.77489,34.38269,3.22171,5.00605,50.00,0622:32:25,1,08
17:57:08,0.13818,217.10,0.39674,11.91086,34.77971,3.22171,5.00605,50.00,0622:32:28,1,08
17:57:10,0.14067,217.20,0.39591,12.10122,35.33555,3.22171,5.00605,49.99,0622:32:30,1,08
17:57:12,0.14114,217.20,0.39761,12.19639,35.61347,3.22171,5.00615,50.00,0622:32:32,1,08
17:57:13,0.14131,217.20,0.39725,12.19639,35.61347,3.22171,5.00615,49.97,0622:32:33,1,08
17:57:15,0.14137,217.00,0.39681,12.1828,35.57377,3.22171,5.00615,50.00,0622:32:35,1,08
17:57:18,0.14008,216.90,0.39803,12.10122,35.33555,3.22171,5.00615,49.99,0622:32:38,1,08
17:57:19,0.14014,216.80,0.40027,12.1692,35.53407,3.22171,5.00615,49.99,0622:32:39,1,08
17:57:20,0.14114,216.80,0.39831,12.19639,35.61347,3.22171,5.00615,49.99,0622:32:40,1,08
17:57:22,0.14026,216.80,0.39937,12.14201,35.45466,3.22171,5.00615,49.97,0622:32:42,1,08
17:57:24,0.14061,216.70,0.3983,12.14201,35.45466,3.22171,5.00615,49.99,0622:32:44,1,08
17:57:25,0.14108,216.80,0.39698,12.1556,35.49436,3.22171,5.00615,49.97,0622:32:45,1,08
17:57:26,0.14137,217.00,0.39637,12.1692,35.53407,3.22171,5.00615,49.97,0622:32:46,1,08
17:57:27,0.14026,217.00,0.39911,12.1556,35.49436,3.22171,5.00615,49.99,0622:32:47,1,08
17:57:28,0.13973,217.00,0.40009,12.14201,35.45466,3.22181,5.00615,49.99,0622:32:48,1,08
17:57:29,0.14008,216.90,0.39982,12.1556,35.49436,3.22181,5.00615,50.00,0622:32:49,1,08
17:57:31,0.1402,216.90,0.39946,12.1556,35.49436,3.22181,5.00625,49.97,0622:32:51,1,08
17:57:32,0.14061,216.80,0.3984,12.1556,35.49436,3.22181,5.00625,49.97,0622:32:53,1,08
17:57:34,0.14155,216.60,0.39495,12.11481,35.37526,3.22181,5.00625,49.99,0622:32:54,1,08
17:57:35,0.14056,216.60,0.39598,12.06043,35.21645,3.22181,5.00625,50.00,0622:32:55,1,08
17:57:36,0.14084,216.90,0.39902,12.19639,35.61347,3.22181,5.00625,50.00,0622:32:56,1,08
17:57:37,0.14061,217.00,0.3984,12.1556,35.49436,3.22181,5.00625,49.99,0622:32:57,1,08
17:57:39,0.14096,217.00,0.39733,12.1556,35.49436,3.22181,5.00625,49.99,0622:32:59,1,08
17:57:40,0.14061,217.00,0.39804,12.1556,35.49436,3.22181,5.00625,49.99,0622:33:00,1,08
17:57:43,0.14037,217.20,0.39795,12.14201,35.45466,3.22181,5.00625,49.99,0622:33:04,1,08
17:57:45,0.14084,217.20,0.39778,12.1692,35.53407,3.22181,5.00625,49.99,0622:33:05,1,08
17:57:48,0.14049,217.00,0.3984,12.1556,35.49436,3.22181,5.00625,49.97,0622:33:08,1,08
17:57:49,0.14037,216.90,0.39554,12.04683,35.17673,3.22181,5.00625,49.97,0622:33:10,1,08
17:57:51,0.14079,216.80,0.39849,12.1692,35.53407,3.22181,5.00635,49.96,0622:33:11,1,08
17:57:52,0.14137,216.80,0.39628,12.1556,35.49436,3.22181,5.00635,49.96,0622:33:12,1,08
17:57:54,0.1416,217.00,0.39513,12.14201,35.45466,3.22181,5.00635,49.96,0622:33:14,1,08
17:57:55,0.14103,217.00,0.39654,12.14201,35.45466,3.22181,5.00635,49.96,0622:33:16,1,08
17:57:56,0.14149,217.00,0.39548,12.14201,35.45466,3.22181,5.00635,49.96,0622:33:17,1,08
17:57:59,0.14096,216.70,0.39724,12.14201,35.45466,3.22191,5.00635,49.96,0622:33:19,1,08
17:58:05,0.1412,217.10,0.39628,12.1556,35.49436,3.22191,5.00635,49.97,0622:33:24,1,08
17:58:07,0.14108,217.00,0.39707,12.1692,35.53407,3.22191,5.00635,49.96,0622:33:27,1,08
17:58:10,0.13764,216.70,0.3939,11.7613,34.34298,3.22191,5.00635,49.97,0622:33:30,1,08
17:58:11,0.13764,216.70,0.3939,11.7613,34.34298,3.22191,5.00635,49.97,0622:33:30,1,08
17:58:14,0.13771,216.60,0.39517,11.78849,34.42239,3.22191,5.00645,49.96,0622:33:34,1,08
17:58:16,0.13783,216.90,0.39455,11.80208,34.46209,3.22191,5.00645,49.97,0622:33:36,1,08
17:58:17,0.13783,216.90,0.39455,11.80208,34.46209,3.22191,5.00645,49.97,0622:33:36,1,08
17:58:18,0.13759,216.90,0.39481,11.78849,34.42239,3.22191,5.00645,49.97,0622:33:38,1,08
17:58:19,0.13734,216.80,0.39498,11.7613,34.34298,3.22191,5.00645,49.96,0622:33:39,1,08
17:58:20,0.13818,216.60,0.39192,11.7341,34.26358,3.22191,5.00645,49.96,0622:33:40,1,08
17:58:21,0.1383,216.60,0.39292,11.77489,34.38269,3.22191,5.00645,49.97,0622:33:41,1,08
17:58:22,0.1383,216.60,0.39292,11.77489,34.38269,3.22191,5.00645,49.97,0622:33:41,1,08
17:58:23,0.13813,216.60,0.39237,11.7477,34.30328,3.22191,5.00645,49.97,0622:33:43,1,08
17:58:26,0.13687,216.70,0.39734,11.78849,34.42239,3.22191,5.00645,49.97,0622:33:46,1,08
17:58:27,0.1365,216.80,0.39761,11.77489,34.38269,3.22191,5.00645,49.97,0622:33:47,1,08
17:58:30,0.13741,216.80,0.39599,11.80208,34.46209,3.22201,5.00645,49.97,0622:33:50,1,08
17:58:34,0.13626,217.10,0.39807,11.78849,34.42239,3.22201,5.00656,49.99,0622:33:54,1,08
17:58:35,0.13674,217.10,0.39606,11.7613,34.34298,3.22201,5.00656,49.99,0622:33:55,1,08
17:58:39,0.13771,217.10,0.39409,11.78849,34.42239,3.22201,5.00656,50.00,0622:33:59,1,08
17:58:41,0.13746,217.20,0.39435,11.77489,34.38269,3.22201,5.00656,50.00,0622:34:01,1,08
17:58:43,0.13764,217.40,0.39328,11.77489,34.38269,3.22201,5.00656,49.99,0622:34:03,1,08
17:58:44,0.13788,217.30,0.39247,11.7613,34.34298,3.22201,5.00656,49.99,0622:34:04,1,08
17:58:46,0.13764,217.30,0.39364,11.77489,34.38269,3.22201,5.00656,50.00,0622:34:06,1,08
17:58:47,0.13717,217.20,0.39462,11.7613,34.34298,3.22201,5.00656,50.00,0622:34:07,1,08
17:58:48,0.13722,217.10,0.39553,11.78849,34.42239,3.22201,5.00656,50.00,0622:34:08,1,08
17:58:49,0.13722,217.20,0.39517,11.78849,34.42239,3.22201,5.00656,50.01,0622:34:09,1,08
17:58:50,0.13626,217.30,0.39715,11.7613,34.34298,3.22201,5.00656,50.01,0622:34:10,1,08
17:58:53,0.13644,217.00,0.39761,11.77489,34.38269,3.22201,5.00666,50.00,0622:34:13,1,08
17:58:54,0.1365,216.90,0.39715,11.7613,34.34298,3.22201,5.00666,50.00,0622:34:14,1,08
17:58:57,0.13602,217.10,0.39834,11.77489,34.38269,3.22201,5.00666,50.01,0622:34:17,1,08
17:58:58,0.13638,217.30,0.39679,11.7613,34.34298,3.22201,5.00666,50.01,0622:34:18,1,08
17:59:00,0.13626,217.20,0.39761,11.77489,34.38269,3.22211,5.00666,50.03,0622:34:20,1,08
17:59:01,0.13626,217.20,0.39715,11.7613,34.34298,3.22211,5.00666,50.01,0622:34:21,1,08
17:59:02,0.1362,217.20,0.39715,11.7613,34.34298,3.22211,5.00666,50.01,0622:34:22,1,08
17:59:05,0.13614,217.60,0.39771,11.78849,34.42239,3.22211,5.00666,50.04,0622:34:25,1,08
17:59:07,0.13584,217.60,0.39752,11.7613,34.34298,3.22211,5.00666,50.04,0622:34:27,1,08
17:59:10,0.13595,217.40,0.39752,11.7613,34.34298,3.22211,5.00666,50.05,0622:34:30,1,08
17:59:12,0.13614,217.30,0.39844,11.78849,34.42239,3.22211,5.00676,50.04,0622:34:32,1,08
17:59:13,0.13632,217.40,0.39633,11.7477,34.30328,3.22211,5.00676,50.03,0622:34:33,1,08
17:59:14,0.13711,217.40,0.39973,11.92446,34.81942,3.22211,5.00676,50.03,0622:34:34,1,08
17:59:15,0.13699,217.50,0.40237,11.99244,35.01793,3.22211,5.00676,50.04,0622:34:35,1,08
17:59:16,0.13559,217.30,0.39991,11.78849,34.42239,3.22211,5.00676,50.04,0622:34:36,1,08
17:59:18,0.13668,217.20,0.39652,11.77489,34.38269,3.22211,5.00676,50.04,0622:34:38,1,08
17:59:21,0.13626,217.20,0.39669,11.7477,34.30328,3.22211,5.00676,50.03,0622:34:41,1,08
17:59:23,0.13674,217.10,0.3956,11.7477,34.30328,3.22211,5.00676,50.03,0622:34:43,1,08
17:59:24,0.13602,217.10,0.39742,11.7477,34.30328,3.22211,5.00676,50.03,0622:34:44,1,08
17:59:29,0.1362,217.00,0.39798,11.77489,34.38269,3.22211,5.00676,50.00,0622:34:49,1,08
17:59:33,0.13668,216.80,0.39495,11.70691,34.18417,3.22221,5.00686,49.99,0622:34:53,1,08
17:59:34,0.1365,216.80,0.39715,11.7613,34.34298,3.22221,5.00686,49.99,0622:34:54,1,08
17:59:35,0.13595,216.90,0.39908,11.77489,34.38269,3.22221,5.00686,49.99,0622:34:55,1,08
17:59:36,0.13626,217.10,0.39798,11.77489,34.38269,3.22221,5.00686,49.99,0622:34:56,1,08
17:59:38,0.13668,217.20,0.39744,11.80208,34.46209,3.22221,5.00686,49.97,0622:34:58,1,08
17:59:39,0.13662,217.20,0.39744,11.80208,34.46209,3.22221,5.00686,49.97,0622:34:59,1,08
17:59:42,0.13632,217.00,0.39476,11.67971,34.10476,3.22221,5.00686,49.97,0622:35:02,1,08
17:59:44,0.13668,217.20,0.39652,11.77489,34.38269,3.22221,5.00686,49.99,0622:35:04,1,08
17:59:46,0.13699,217.20,0.39406,11.7341,34.26358,3.22221,5.00686,49.97,0622:35:06,1,08
17:59:51,0.13638,217.20,0.39862,11.81568,34.50179,3.22221,5.00686,49.97,0622:35:12,1,08
17:59:53,0.13644,217.10,0.39312,11.65252,34.02536,3.22221,5.00696,49.97,0622:35:13,1,08
17:59:54,0.13668,217.10,0.39652,11.77489,34.38269,3.22221,5.00696,49.97,0622:35:14,1,08
17:59:55,0.1368,217.20,0.39661,11.78849,34.42239,3.22221,5.00696,49.99,0622:35:15,1,08
17:59:57,0.13722,217.30,0.39517,11.78849,34.42239,3.22221,5.00696,49.99,0622:35:18,1,08
17:59:58,0.13764,217.30,0.39328,11.77489,34.38269,3.22221,5.00696,49.99,0622:35:18,1,08
17:59:59,0.13704,217.40,0.39507,11.77489,34.38269,3.22221,5.00696,49.97,0622:35:19,1,08
18:00:01,0.1368,217.40,0.39625,11.78849,34.42239,3.22231,5.00696,49.99,0622:35:21,1,08
18:00:02,0.13668,217.30,0.3957,11.7613,34.34298,3.22231,5.00696,49.97,0622:35:23,1,08
18:00:03,0.13553,217.20,0.39612,11.66612,34.06506,3.22231,5.00696,49.97,0622:35:24,1,08
18:00:05,0.13553,217.20,0.39612,11.66612,34.06506,3.22231,5.00696,49.97,0622:35:24,1,08
18:00:06,0.13657,217.30,0.39652,11.77489,34.38269,3.22231,5.00696,49.97,0622:35:25,1,08
18:00:07,0.13674,217.30,0.39753,11.81568,34.50179,3.22231,5.00696,49.97,0622:35:26,1,08
18:00:08,0.13783,217.40,0.39701,11.89726,34.74001,3.22231,5.00696,50.00,0622:35:28,1,08
18:00:09,0.13704,217.60,0.3979,11.87007,34.6606,3.22231,5.00696,49.99,0622:35:29,1,08
18:00:10,0.13692,217.70,0.39699,11.84288,34.5812,3.22231,5.00696,49.99,0622:35:30,1,08
18:00:11,0.13692,217.70,0.39699,11.84288,34.5812,3.22231,5.00696,49.99,0622:35:30,1,08
18:00:12,0.13771,217.70,0.39665,11.89726,34.74001,3.22231,5.00696,49.99,0622:35:31,1,08
18:00:13,0.13722,217.70,0.39354,11.7613,34.34298,3.22231,5.00696,49.99,0622:35:32,1,08
18:00:14,0.13644,217.70,0.39661,11.78849,34.42239,3.22231,5.00706,50.00,0622:35:34,1,08
18:00:15,0.13644,217.80,0.39661,11.78849,34.42239,3.22231,5.00706,50.00,0622:35:35,1,08
18:00:17,0.13717,217.70,0.39308,11.7477,34.30328,3.22231,5.00706,50.00,0622:35:36,1,08
18:00:19,0.14392,217.60,0.40582,12.71308,37.12218,3.22231,5.00706,50.00,0622:35:39,1,08
18:00:20,0.13644,217.60,0.3956,11.7477,34.30328,3.22231,5.00706,50.01,0622:35:40,1,08
18:00:22,0.13687,217.70,0.39553,11.78849,34.42239,3.22231,5.00706,50.01,0622:35:41,1,08
18:00:23,0.13687,217.80,0.39426,11.7613,34.34298,3.22231,5.00706,50.01,0622:35:42,1,08
18:00:25,0.13638,217.50,0.39688,11.77489,34.38269,3.22231,5.00706,50.04,0622:35:45,1,08
18:00:26,0.13687,217.40,0.39498,11.7613,34.34298,3.22231,5.00706,50.04,0622:35:46,1,08
18:00:28,0.13704,217.40,0.39462,11.7613,34.34298,3.22231,5.00706,50.04,0622:35:47,1,08
18:00:29,0.13657,217.40,0.39652,11.77489,34.38269,3.22231,5.00706,50.04,0622:35:48,1,08
18:00:31,0.1362,217.00,0.39788,11.7613,34.34298,3.22231,5.00706,50.04,0622:35:51,1,08
18:00:32,0.13711,217.10,0.39543,11.77489,34.38269,3.22241,5.00706,50.04,0622:35:52,1,08
18:00:34,0.1362,217.10,0.39752,11.7613,34.34298,3.22241,5.00716,50.05,0622:35:53,1,08
18:00:35,0.13608,217.10,0.39788,11.7613,34.34298,3.22241,5.00716,50.04,0622:35:55,1,08
18:00:36,0.1362,217.40,0.39807,11.78849,34.42239,3.22241,5.00716,50.04,0622:35:56,1,08
18:00:38,0.1365,217.70,0.3958,11.77489,34.38269,3.22241,5.00716,50.04,0622:35:58,1,08
18:00:43,0.13674,217.80,0.3969,11.82928,34.5415,3.22241,5.00716,50.04,0622:36:03,1,08
18:00:44,0.13632,217.90,0.3957,11.7613,34.34298,3.22241,5.00716,50.04,0622:36:04,1,08
18:00:45,0.13638,217.90,0.3958,11.77489,34.38269,3.22241,5.00716,50.04,0622:36:05,1,08
18:00:46,0.13638,217.90,0.3958,11.77489,34.38269,3.22241,5.00716,50.04,0622:36:06,1,08
18:00:49,0.13687,217.50,0.39498,11.7613,34.34298,3.22241,5.00716,50.05,0622:36:09,1,08
18:00:51,0.13692,217.70,0.39471,11.77489,34.38269,3.22241,5.00716,50.04,0622:36:11,1,08
18:00:52,0.13692,217.70,0.39471,11.77489,34.38269,3.22241,5.00716,50.04,0622:36:12,1,08
18:00:53,0.1368,217.80,0.39644,11.81568,34.50179,3.22241,5.00716,50.05,0622:36:13,1,08
18:00:55,0.13902,217.80,0.40171,12.1692,35.53407,3.22241,5.00727,50.04,0622:36:15,1,08
18:00:56,0.13632,217.60,0.39606,11.7613,34.34298,3.22241,5.00727,50.04,0622:36:16,1,08
18:00:57,0.13699,217.60,0.39745,11.85647,34.6209,3.22241,5.00727,50.05,0622:36:17,1,08
18:00:59,0.1362,217.70,0.39688,11.77489,34.38269,3.22241,5.00727,50.04,0622:36:19,1,08
18:01:00,0.13771,217.60,0.40018,11.99244,35.01793,3.22241,5.00727,50.04,0622:36:20,1,08
18:01:02,0.13985,217.40,0.4008,12.19639,35.61347,3.22252,5.00727,50.04,0622:36:22,1,08
18:01:04,0.1389,217.10,0.4027,12.1556,35.49436,3.22252,5.00727,50.03,0622:36:24,1,08
18:01:05,0.13931,217.20,0.40207,12.1692,35.53407,3.22252,5.00727,50.04,0622:36:25,1,08
18:01:07,0.13943,217.30,0.40179,12.1828,35.57377,3.22252,5.00727,50.03,0622:36:27,1,08
18:01:10,0.13872,217.80,0.40153,12.14201,35.45466,3.22252,5.00727,50.03,0622:36:30,1,08
18:01:11,0.13961,217.80,0.39991,12.1692,35.53407,3.22252,5.00727,50.01,0622:36:31,1,08
18:01:12,0.13614,217.90,0.39688,11.77489,34.38269,3.22252,5.00727,50.01,0622:36:32,1,08
18:01:13,0.13626,217.80,0.39606,11.7613,34.34298,3.22252,5.00727,50.01,0622:36:33,1,08
18:01:14,0.13535,217.70,0.39714,11.70691,34.18417,3.22252,5.00737,50.01,0622:36:34,1,08
18:01:15,0.1368,217.50,0.39726,11.82928,34.5415,3.22252,5.00737,50.03,0622:36:35,1,08
18:01:17,0.13692,217.50,0.39462,11.7613,34.34298,3.22252,5.00737,50.01,0622:36:37,1,08
18:01:20,0.13734,217.70,0.39773,11.89726,34.74001,3.22252,5.00737,50.03,0622:36:40,1,08
18:01:21,0.13842,217.50,0.39666,11.95165,34.89882,3.22252,5.00737,50.01,0622:36:41,1,08
18:01:22,0.13687,217.50,0.39498,11.7613,34.34298,3.22252,5.00737,50.01,0622:36:42,1,08
18:01:23,0.13699,217.30,0.39452,11.7477,34.30328,3.22252,5.00737,50.01,0622:36:43,1,08
18:01:25,0.1368,217.20,0.39616,11.77489,34.38269,3.22252,5.00737,50.03,0622:36:45,1,08
18:01:27,0.13662,217.30,0.39616,11.77489,34.38269,3.22252,5.00737,50.01,0622:36:47,1,08
18:01:28,0.13704,217.40,0.39507,11.77489,34.38269,3.22252,5.00737,50.01,0622:36:48,1,08
18:01:29,0.13711,217.20,0.39416,11.7477,34.30328,3.22252,5.00737,50.01,0622:36:49,1,08
18:01:31,0.13722,217.10,0.39507,11.77489,34.38269,3.22252,5.00737,50.03,0622:36:51,1,08
18:01:32,0.13692,217.20,0.39488,11.7477,34.30328,3.22262,5.00737,50.03,0622:36:52,1,08
18:01:33,0.1365,217.50,0.39799,11.82928,34.5415,3.22262,5.00737,50.01,0622:36:53,1,08
18:01:36,0.1368,217.60,0.39498,11.7613,34.34298,3.22262,5.00747,50.00,0622:36:56,1,08
18:01:38,0.1362,217.50,0.39725,11.77489,34.38269,3.22262,5.00747,49.99,0622:36:58,1,08
18:01:39,0.13608,217.40,0.39761,11.77489,34.38269,3.22262,5.00747,50.00,0622:36:59,1,08
18:01:40,0.13632,217.40,0.39734,11.78849,34.42239,3.22262,5.00747,50.00,0622:37:00,1,08
18:01:42,0.13632,217.50,0.39551,11.7341,34.26358,3.22262,5.00747,49.99,0622:37:02,1,08
18:01:43,0.13699,217.40,0.39507,11.77489,34.38269,3.22262,5.00747,49.99,0622:37:03,1,08
18:01:44,0.1365,217.50,0.39652,11.77489,34.38269,3.22262,5.00747,49.99,0622:37:04,1,08
18:01:45,0.13704,217.60,0.39517,11.78849,34.42239,3.22262,5.00747,49.99,0622:37:05,1,08
18:01:53,0.16936,218.00,0.44886,16.58819,48.4375,3.22262,5.00747,49.97,0622:37:13,1,08
18:01:55,0.16999,218.10,0.44905,16.65617,48.63601,3.22262,5.00757,49.97,0622:37:15,1,08
18:01:56,0.17731,218.10,0.45573,17.63515,51.49463,3.22262,5.00757,49.97,0622:37:16,1,08
18:01:57,0.17417,218.10,0.45815,17.41759,50.85937,3.22262,5.00757,49.97,0622:37:17,1,08
18:01:58,0.17436,218.00,0.45961,17.48558,51.05788,3.22272,5.00757,49.97,0622:37:18,1,08
18:02:00,0.17441,217.90,0.45815,17.41759,50.85937,3.22272,5.00757,49.97,0622:37:20,1,08
18:02:01,0.17614,217.70,0.45712,17.53996,51.2167,3.22272,5.00757,49.99,0622:37:21,1,08
18:02:03,0.18222,218.00,0.4723,18.77728,54.82965,3.22272,5.00757,49.97,0622:37:24,1,08
18:02:04,0.18222,218.00,0.4723,18.77728,54.82965,3.22272,5.00757,49.97,0622:37:24,1,08
18:02:08,0.1825,218.10,0.47235,18.81807,54.94876,3.22272,5.00757,49.97,0622:37:27,1,08
18:02:10,0.18344,217.70,0.47143,18.84526,55.02818,3.22272,5.00757,49.99,0622:37:30,1,08
18:02:11,0.18344,217.70,0.47143,18.84526,55.02818,3.22272,5.00757,49.99,0622:37:30,1,08
18:02:12,0.18586,217.70,0.47079,19.06281,55.66342,3.22272,5.00768,49.96,0622:37:31,1,08
18:02:13,0.18461,217.80,0.4716,18.96764,55.3855,3.22272,5.00768,49.96,0622:37:32,1,08
18:02:15,0.18371,218.00,0.46777,18.75009,54.75026,3.22272,5.00768,49.97,0622:37:35,1,08
18:02:16,0.1851,218.00,0.47104,19.02202,55.54431,3.22272,5.00768,49.97,0622:37:36,1,08
18:02:18,0.18452,218.10,0.46826,18.85886,55.06787,3.22282,5.00768,50.00,0622:37:37,1,08
18:02:22,0.18448,217.90,0.47025,18.91325,55.22669,3.22282,5.00768,50.00,0622:37:42,1,08
18:02:23,0.18448,217.90,0.47025,18.91325,55.22669,3.22282,5.00768,50.00,0622:37:42,1,08
18:02:25,0.18802,217.90,0.46583,19.09001,55.74282,3.22282,5.00768,50.00,0622:37:44,1,08
18:02:29,0.18309,217.90,0.4673,18.65491,54.47233,3.22282,5.00778,50.00,0622:37:48,1,08
18:02:32,0.19274,217.80,0.47282,19.86503,58.00589,3.22282,5.00778,50.00,0622:37:52,1,08
18:02:33,0.20256,217.70,0.48121,21.23832,62.01588,3.22282,5.00778,49.99,0622:37:53,1,08
18:02:34,0.20695,217.60,0.48612,21.90456,63.96132,3.22282,5.00778,49.99,0622:37:54,1,08
18:02:35,0.20695,217.60,0.48612,21.90456,63.96132,3.22282,5.00778,49.99,0622:37:54,1,08
18:02:37,0.20563,218.00,0.48454,21.7278,63.44518,3.22292,5.00778,49.97,0622:37:57,1,08
18:02:38,0.20354,218.00,0.485,21.53745,62.88935,3.22292,5.00778,49.97,0622:37:58,1,08
18:02:39,0.20462,218.00,0.48477,21.64622,63.20696,3.22292,5.00778,49.97,0622:37:59,1,08
18:02:40,0.20571,218.10,0.48153,21.61903,63.12756,3.22292,5.00778,49.97,0622:38:00,1,08
18:02:42,0.20571,218.00,0.48546,21.79579,63.6437,3.22292,5.00778,49.96,0622:38:02,1,08
18:02:44,0.20321,218.10,0.48283,21.41507,62.53202,3.22292,5.00778,49.97,0622:38:04,1,08
18:02:45,0.20442,218.20,0.48234,21.53745,62.88935,3.22292,5.00788,49.96,0622:38:05,1,08
18:02:47,0.20523,218.40,0.48605,21.79579,63.6437,3.22292,5.00788,49.97,0622:38:06,1,08
18:02:50,0.20583,218.30,0.48215,21.67341,63.28637,3.22292,5.00788,49.95,0622:38:10,1,08
18:02:52,0.2041,218.20,0.48475,21.60543,63.08785,3.22292,5.00788,49.97,0622:38:11,1,08
18:02:56,0.20414,217.80,0.48472,21.56464,62.96875,3.22302,5.00788,49.97,0622:38:16,1,08
18:02:58,0.20313,217.70,0.48556,21.48306,62.73053,3.22302,5.00788,49.97,0622:38:18,1,08
18:02:59,0.20337,217.80,0.48497,21.49665,62.77023,3.22302,5.00788,49.96,0622:38:19,1,08
18:03:00,0.20711,217.80,0.48584,21.93176,64.04073,3.22302,5.00788,49.96,0622:38:20,1,08
18:03:01,0.20579,217.80,0.48726,21.85017,63.80251,3.22302,5.00798,49.97,0622:38:21,1,08
18:03:02,0.20491,217.80,0.48721,21.75499,63.52458,3.22302,5.00798,49.97,0622:38:22,1,08
18:03:05,0.20458,217.50,0.48228,21.46946,62.69083,3.22302,5.00798,49.96,0622:38:25,1,08
18:03:06,0.20446,217.60,0.48596,21.64622,63.20696,3.22302,5.00798,49.96,0622:38:26,1,08
18:03:07,0.20515,217.80,0.48601,21.7278,63.44518,3.22302,5.00798,49.97,0622:38:27,1,08
18:03:12,0.20551,218.10,0.48454,21.7278,63.44518,3.22313,5.00798,49.97,0622:38:32,1,08
18:03:13,0.20739,218.20,0.48649,22.02694,64.31866,3.22313,5.00798,49.97,0622:38:33,1,08
18:03:14,0.20615,218.10,0.48489,21.82298,63.72311,3.22313,5.00798,49.97,0622:38:34,1,08
18:03:15,0.20643,218.20,0.4831,21.76859,63.56429,3.22313,5.00798,49.99,0622:38:35,1,08
18:03:16,0.20483,218.20,0.48449,21.65982,63.24667,3.22313,5.00798,49.99,0622:38:36,1,08
18:03:17,0.2039,218.20,0.48259,21.48306,62.73053,3.22313,5.00808,49.99,0622:38:37,1,08
18:03:18,0.23085,218.30,0.49056,24.73271,72.21951,3.22313,5.00808,49.99,0622:38:38,1,08
18:03:19,0.2413,218.30,0.49587,26.13319,76.30891,3.22313,5.00808,50.00,0622:38:39,1,08
18:03:20,0.24318,218.30,0.49514,26.29635,76.78535,3.22313,5.00808,50.00,0622:38:40,1,08
18:03:23,0.24233,218.30,0.49153,26.02441,75.99129,3.22313,5.00808,49.99,0622:38:43,1,08
18:03:24,0.24321,218.30,0.49514,26.30995,76.82505,3.22313,5.00808,49.99,0622:38:44,1,08
18:03:27,0.24399,218.30,0.4949,26.37793,77.02356,3.22323,5.00808,49.99,0622:38:47,1,08
18:03:35,0.28458,218.00,0.49431,30.68814,89.60938,3.22323,5.00819,50.00,0622:38:55,1,08
18:03:36,0.28666,218.00,0.49587,31.00087,90.52254,3.22323,5.00819,50.00,0622:38:56,1,08
18:03:38,0.28453,217.80,0.49474,30.68814,89.60938,3.22333,5.00819,50.00,0622:38:58,1,08
18:03:40,0.28687,217.60,0.49521,30.93288,90.32403,3.22333,5.00819,49.99,0622:39:00,1,08
18:03:41,0.28781,217.40,0.49348,30.89209,90.20492,3.22333,5.00819,49.99,0622:39:01,1,08
18:03:42,0.28626,217.40,0.49607,30.89209,90.20492,3.22333,5.00829,49.99,0622:39:02,1,08
18:03:43,0.28683,217.40,0.49477,30.8785,90.16521,3.22333,5.00829,49.99,0622:39:03,1,08
18:03:45,0.29425,217.80,0.4964,31.84388,92.98412,3.22333,5.00829,49.97,0622:39:05,1,08
18:03:47,0.29237,218.00,0.4951,31.58554,92.22977,3.22333,5.00829,49.97,0622:39:07,1,08
18:03:49,0.29237,217.90,0.49744,31.7079,92.58708,3.22333,5.00829,49.96,0622:39:09,1,08
18:03:50,0.29143,217.90,0.49487,31.44956,91.83273,3.22343,5.00829,49.96,0622:39:10,1,08
18:03:53,0.29188,217.90,0.49402,31.43597,91.79304,3.22343,5.00829,49.97,0622:39:13,1,08
18:03:56,0.29481,218.20,0.49578,31.91186,93.18262,3.22343,5.00839,49.96,0622:39:16,1,08
18:03:58,0.29123,218.00,0.49572,31.49035,91.95184,3.22343,5.00839,49.96,0622:39:18,1,08
18:03:59,0.29112,218.00,0.49593,31.50395,91.99154,3.22343,5.00839,49.95,0622:39:19,1,08
18:04:00,0.29318,218.10,0.49618,31.7487,92.70619,3.22343,5.00839,49.95,0622:39:20,1,08
18:04:02,0.29081,218.00,0.49378,31.3272,91.47542,3.22354,5.00839,49.96,0622:39:22,1,08
18:04:03,0.28987,218.10,0.49828,31.51755,92.03124,3.22354,5.00839,49.96,0622:39:23,1,08
18:04:04,0.28987,218.10,0.49828,31.51755,92.03124,3.22354,5.00839,49.96,0622:39:24,1,08
18:04:05,0.2936,218.20,0.49576,31.78949,92.82531,3.22354,5.0085,49.97,0622:39:25,1,08
18:04:06,0.29481,218.20,0.49514,31.88467,93.10323,3.22354,5.0085,49.97,0622:39:26,1,08
18:04:08,0.29109,218.40,0.49572,31.53115,92.07095,3.22354,5.0085,49.95,0622:39:27,1,08
18:04:10,0.29363,218.40,0.49492,31.76229,92.7459,3.22354,5.0085,49.96,0622:39:30,1,08
18:04:11,0.29363,218.40,0.49492,31.76229,92.7459,3.22354,5.0085,49.96,0622:39:30,1,08
18:04:12,0.29148,218.40,0.4953,31.54474,92.11065,3.22354,5.0085,49.96,0622:39:31,1,08
18:04:14,0.15108,218.00,0.41419,13.65126,39.86168,3.22354,5.0085,49.96,0622:39:33,1,08
18:04:16,0.13662,218.10,0.39644,11.81568,34.50179,3.22364,5.0085,49.96,0622:39:36,1,08
18:04:18,0.13674,218.00,0.39699,11.84288,34.5812,3.22364,5.0085,49.97,0622:39:37,1,08
18:04:19,0.13662,218.10,0.3969,11.82928,34.5415,3.22364,5.0085,49.97,0622:39:38,1,08
18:04:23,0.13638,218.20,0.3968,11.81568,34.50179,3.22364,5.0086,49.97,0622:39:42,1,08
18:04:24,0.13662,218.10,0.39325,11.7205,34.22387,3.22364,5.0086,49.96,0622:39:43,1,08
18:04:25,0.13704,217.90,0.39672,11.85647,34.6209,3.22364,5.0086,49.96,0622:39:44,1,08
18:04:28,0.14248,218.10,0.40289,12.52272,36.56635,3.22364,5.0086,49.96,0622:39:48,1,08
18:04:30,0.14783,218.20,0.41365,13.35213,38.98822,3.22364,5.0086,49.99,0622:39:49,1,08
18:04:31,0.14844,218.20,0.41352,13.39292,39.10733,3.22364,5.0086,49.97,0622:39:50,1,08
18:04:32,0.14821,218.00,0.41379,13.37932,39.06762,3.22364,5.0086,49.97,0622:39:52,1,08
18:04:33,0.14849,217.90,0.41176,13.32493,38.90881,3.22364,5.0086,49.97,0622:39:53,1,08
18:04:35,0.14894,218.00,0.40871,13.27055,38.75,3.22364,5.0086,49.97,0622:39:54,1,08
18:04:37,0.1486,218.10,0.41065,13.31134,38.86911,3.22364,5.0086,49.99,0622:39:56,1,08
18:04:38,0.14943,218.10,0.41118,13.40652,39.14703,3.22364,5.0086,49.99,0622:39:58,1,08
18:04:40,0.14938,218.20,0.41243,13.44731,39.26614,3.22364,5.0087,49.99,0622:40:00,1,08
18:04:41,0.14938,218.20,0.41243,13.44731,39.26614,3.22364,5.0087,49.99,0622:40:00,1,08
18:04:44,0.17912,218.30,0.46386,18.15182,53.00333,3.22374,5.0087,50.00,0622:40:04,1,08
18:04:46,0.17861,218.40,0.46414,18.12463,52.92392,3.22374,5.0087,50.03,0622:40:06,1,08
18:04:47,0.17925,218.40,0.46495,18.21981,53.20185,3.22374,5.0087,50.03,0622:40:06,1,08
18:04:49,0.17866,218.40,0.46274,18.07024,52.76511,3.22374,5.0087,50.04,0622:40:09,1,08
18:04:53,0.17852,218.00,0.46543,18.12463,52.92392,3.22374,5.0087,50.04,0622:40:12,1,08
18:04:55,0.17768,217.60,0.46662,18.05664,52.7254,3.22374,5.0087,50.03,0622:40:15,1,08
18:04:56,0.17848,217.50,0.46431,18.04305,52.6857,3.22374,5.0087,50.03,0622:40:16,1,08
18:05:00,0.17889,217.70,0.4686,18.2606,53.32095,3.22374,5.0088,50.03,0622:40:20,1,08
18:05:01,0.17852,217.70,0.46643,18.13823,52.96363,3.22374,5.0088,50.04,0622:40:21,1,08
18:05:02,0.17783,217.80,0.46386,17.97507,52.48719,3.22374,5.0088,50.04,0622:40:22,1,08
18:05:04,0.17958,217.90,0.46493,18.20621,53.16214,3.22384,5.0088,50.04,0622:40:24,1,08
18:05:05,0.17829,217.70,0.46429,18.02945,52.646,3.22384,5.0088,50.03,0622:40:24,1,08
18:05:10,0.17879,217.90,0.4686,18.2606,53.32095,3.22384,5.0088,50.04,0622:40:30,1,08
18:05:11,0.17899,217.70,0.46548,18.15182,53.00333,3.22384,5.0088,50.03,0622:40:30,1,08
18:05:12,0.18272,217.60,0.46377,18.45096,53.87679,3.22384,5.0088,50.03,0622:40:32,1,08
18:05:15,0.18177,217.90,0.46603,18.46455,53.91649,3.22384,5.00891,50.00,0622:40:35,1,08
18:05:19,0.18304,217.70,0.46726,18.62771,54.39293,3.22384,5.00891,49.99,0622:40:39,1,08
18:05:20,0.18313,217.70,0.46796,18.6685,54.51204,3.22384,5.00891,49.99,0622:40:40,1,08
18:05:21,0.18344,217.70,0.4646,18.55973,54.19442,3.22384,5.00891,49.97,0622:40:41,1,08
18:05:22,0.1829,217.80,0.46385,18.49175,53.9959,3.22394,5.00891,49.97,0622:40:42,1,08
18:05:24,0.1829,217.80,0.46862,18.6821,54.55175,3.22394,5.00891,49.96,0622:40:44,1,08
18:05:29,0.18254,218.20,0.46724,18.61412,54.35322,3.22394,5.00891,49.96,0622:40:49,1,08
18:05:30,0.1824,218.60,0.46523,18.55973,54.19442,3.22394,5.00891,49.96,0622:40:50,1,08
18:05:31,0.18245,218.20,0.46519,18.53254,54.11501,3.22394,5.00891,49.96,0622:40:51,1,08
18:05:33,0.18532,217.80,0.467,18.85886,55.06787,3.22394,5.00901,49.95,0622:40:53,1,08
18:05:34,0.18222,217.60,0.46676,18.51894,54.07531,3.22394,5.00901,49.95,0622:40:54,1,08
18:05:36,0.18376,217.40,0.46667,18.65491,54.47233,3.22394,5.00901,49.96,0622:40:56,1,08
18:05:37,0.18358,217.40,0.46801,18.6957,54.59145,3.22394,5.00901,49.97,0622:40:57,1,08
18:05:38,0.18331,217.50,0.46285,18.46455,53.91649,3.22394,5.00901,49.97,0622:40:58,1,08
18:05:39,0.18254,217.70,0.46648,18.54613,54.15471,3.22394,5.00901,49.96,0622:40:59,1,08
18:05:40,0.18336,217.90,0.46701,18.6685,54.51204,3.22394,5.00901,49.96,0622:41:00,1,08
18:05:42,0.18245,218.00,0.46651,18.55973,54.19442,3.22404,5.00901,49.97,0622:41:02,1,08
18:05:45,0.1829,217.50,0.46755,18.61412,54.35322,3.22404,5.00901,49.96,0622:41:05,1,08
18:05:47,0.18326,217.60,0.46489,18.54613,54.15471,3.22404,5.00901,49.96,0622:41:07,1,08
18:05:48,0.18326,217.60,0.46489,18.54613,54.15471,3.22404,5.00901,49.96,0622:41:08,1,08
18:05:49,0.18349,217.70,0.46735,18.6821,54.55175,3.22404,5.00911,49.95,0622:41:09,1,08
18:05:50,0.18286,217.60,0.46926,18.6821,54.55175,3.22404,5.00911,49.95,0622:41:10,1,08
18:05:52,0.18363,217.60,0.46497,18.58692,54.27382,3.22404,5.00911,49.96,0622:41:12,1,08
18:05:55,0.18267,217.50,0.46751,18.58692,54.27382,3.22404,5.00911,49.96,0622:41:15,1,08
18:05:56,0.18237,217.40,0.46744,18.54613,54.15471,3.22404,5.00911,49.96,0622:41:16,1,08
18:05:57,0.18295,217.40,0.46585,18.54613,54.15471,3.22404,5.00911,49.96,0622:41:17,1,08
18:05:58,0.18429,217.50,0.46576,18.6821,54.55175,3.22404,5.00911,49.96,0622:41:18,1,08
18:05:59,0.18417,217.30,0.46266,18.53254,54.11501,3.22404,5.00911,49.96,0622:41:19,1,08
18:06:02,0.18322,217.20,0.46689,18.60052,54.31353,3.22415,5.00911,49.96,0622:41:22,1,08
18:06:04,0.18159,217.30,0.46625,18.41016,53.75768,3.22415,5.00911,49.96,0622:41:23,1,08
18:06:05,0.18232,217.30,0.46674,18.50534,54.0356,3.22415,5.00911,49.96,0622:41:24,1,08
18:06:08,0.18429,217.40,0.46472,18.62771,54.39293,3.22415,5.00921,49.97,0622:41:27,1,08
18:06:10,0.18227,217.50,0.46776,18.54613,54.15471,3.22415,5.00921,49.96,0622:41:29,1,08
18:06:11,0.1851,217.30,0.46892,18.87246,55.10758,3.22415,5.00921,49.96,0622:41:30,1,08
18:06:13,0.17879,217.20,0.46711,18.15182,53.00333,3.22415,5.00921,49.96,0622:41:32,1,08
18:06:14,0.17963,217.20,0.4662,18.19262,53.12244,3.22415,5.00921,49.97,0622:41:33,1,08
18:06:15,0.17829,217.20,0.46772,18.12463,52.92392,3.22415,5.00921,49.97,0622:41:34,1,08
18:06:21,0.17912,217.90,0.46866,18.30139,53.44006,3.22415,5.00921,49.96,0622:41:40,1,08
18:06:23,0.17787,217.90,0.46704,18.11103,52.88422,3.22425,5.00921,49.97,0622:41:42,1,08
18:06:24,0.17879,217.70,0.46473,18.09744,52.84452,3.22425,5.00931,49.97,0622:41:44,1,08
18:06:27,0.17907,217.90,0.46274,18.07024,52.76511,3.22425,5.00931,49.99,0622:41:46,1,08
18:06:29,0.17948,217.90,0.46664,18.2606,53.32095,3.22425,5.00931,49.99,0622:41:48,1,08
18:06:30,0.17838,217.90,0.46643,18.13823,52.96363,3.22425,5.00931,49.99,0622:41:50,1,08
18:06:31,0.17838,217.90,0.46643,18.13823,52.96363,3.22425,5.00931,49.99,0622:41:50,1,08
18:06:33,0.18009,217.70,0.46671,18.30139,53.44006,3.22425,5.00931,49.99,0622:41:52,1,08
18:06:35,0.17871,217.60,0.46855,18.23341,53.24155,3.22425,5.00931,49.99,0622:41:55,1,08
18:06:36,0.18027,217.70,0.46884,18.41016,53.75768,3.22425,5.00931,49.99,0622:41:56,1,08
18:06:37,0.18045,217.70,0.46438,18.2606,53.32095,3.22425,5.00931,49.99,0622:41:56,1,08
18:06:38,0.17843,217.70,0.46746,18.16542,53.04303,3.22425,5.00931,49.99,0622:41:57,1,08
18:06:40,0.17806,217.50,0.46807,18.13823,52.96363,3.22425,5.00931,49.99,0622:42:00,1,08
18:06:41,0.1793,217.40,0.46862,18.2742,53.36066,3.22425,5.00931,50.00,0622:42:01,1,08
18:06:45,0.17958,217.40,0.46866,18.30139,53.44006,3.22435,5.00941,49.99,0622:42:04,1,08
18:06:47,0.17958,217.20,0.46341,18.08384,52.80481,3.22435,5.00941,50.00,0622:42:07,1,08
18:06:48,0.17995,217.00,0.46834,18.30139,53.44006,3.22435,5.00941,50.00,0622:42:08,1,08
18:06:52,0.18072,216.40,0.4663,18.247,53.28125,3.22435,5.00941,49.99,0622:42:12,1,08
18:06:53,0.17968,216.80,0.4686,18.2606,53.32095,3.22435,5.00941,49.99,0622:42:13,1,08
18:06:54,0.17917,216.90,0.46783,18.19262,53.12244,3.22435,5.00941,49.99,0622:42:14,1,08
18:06:56,0.17768,217.10,0.46937,18.12463,52.92392,3.22435,5.00941,49.97,0622:42:15,1,08
18:06:58,0.17902,217.10,0.47028,18.28779,53.40036,3.22435,5.00941,49.99,0622:42:18,1,08
18:06:59,0.17948,217.10,0.46827,18.2606,53.32095,3.22435,5.00952,49.97,0622:42:19,1,08
18:07:00,0.17894,217.00,0.46571,18.09744,52.84452,3.22435,5.00952,49.97,0622:42:20,1,08
18:07:02,0.1805,217.00,0.46461,18.20621,53.16214,3.22445,5.00952,49.99,0622:42:21,1,08
18:07:03,0.17958,217.00,0.46653,18.19262,53.12244,3.22445,5.00952,49.97,0622:42:23,1,08
18:07:04,0.1781,217.10,0.46521,18.00226,52.5666,3.22445,5.00952,49.97,0622:42:24,1,08
18:07:07,0.18041,217.00,0.46565,18.247,53.28125,3.22445,5.00952,49.99,0622:42:26,1,08
18:07:10,0.17879,217.10,0.47026,18.2742,53.36066,3.22445,5.00952,49.97,0622:42:30,1,08
18:07:13,0.17703,217.20,0.47032,18.09744,52.84452,3.22445,5.00952,49.97,0622:42:32,1,08
18:07:19,0.1776,217.40,0.47291,18.2742,53.36066,3.22445,5.00962,49.99,0622:42:39,1,08
18:07:20,0.1769,217.40,0.47208,18.16542,53.04303,3.22445,5.00962,49.99,0622:42:40,1,08
18:07:23,0.17755,217.10,0.4725,18.21981,53.20185,3.22455,5.00962,50.00,0622:42:43,1,08
18:07:24,0.17699,217.00,0.47169,18.12463,52.92392,3.22455,5.00962,50.00,0622:42:44,1,08
18:07:25,0.17661,217.00,0.47199,18.09744,52.84452,3.22455,5.00962,50.01,0622:42:45,1,08
18:07:26,0.17801,217.10,0.46976,18.16542,53.04303,3.22455,5.00962,50.01,0622:42:46,1,08
18:07:27,0.17843,217.30,0.47195,18.30139,53.44006,3.22455,5.00962,50.01,0622:42:47,1,08
18:07:28,0.17727,217.30,0.47071,18.13823,52.96363,3.22455,5.00962,50.01,0622:42:48,1,08
18:07:30,0.17741,217.10,0.47071,18.13823,52.96363,3.22455,5.00962,50.01,0622:42:50,1,08
18:07:32,0.17866,217.00,0.46987,18.23341,53.24155,3.22455,5.00962,50.01,0622:42:52,1,08
18:07:33,0.17801,216.80,0.46796,18.07024,52.76511,3.22455,5.00962,50.00,0622:42:53,1,08
18:07:36,0.17958,216.40,0.46853,18.21981,53.20185,3.22455,5.00972,50.01,0622:42:56,1,08
18:07:38,0.17768,216.50,0.4714,18.15182,53.00333,3.22455,5.00972,50.01,0622:42:58,1,08
18:07:40,0.18091,216.70,0.47367,18.58692,54.27382,3.22455,5.00972,50.00,0622:43:00,1,08
18:07:41,0.1781,216.80,0.46974,18.15182,53.00333,3.22465,5.00972,50.00,0622:43:01,1,08
18:07:42,0.1781,216.80,0.46974,18.15182,53.00333,3.22465,5.00972,50.00,0622:43:02,1,08
18:07:44,0.17833,216.80,0.47119,18.23341,53.24155,3.22465,5.00972,49.99,0622:43:04,1,08
18:07:46,0.17745,216.80,0.47034,18.11103,52.88422,3.22465,5.00972,49.99,0622:43:06,1,08
18:07:48,0.17755,216.80,0.47246,18.19262,53.12244,3.22465,5.00972,49.97,0622:43:08,1,08
18:07:49,0.17824,216.80,0.47117,18.21981,53.20185,3.22465,5.00972,49.97,0622:43:09,1,08
18:07:50,0.17787,217.00,0.46972,18.13823,52.96363,3.22465,5.00972,49.97,0622:43:10,1,08
18:07:51,0.17945,217.00,0.46511,18.12463,52.92392,3.22465,5.00972,49.97,0622:43:11,1,08
18:07:52,0.1745,216.90,0.48062,18.20621,53.16214,3.22465,5.00982,49.97,0622:43:12,1,08
18:07:53,0.1745,216.90,0.48062,18.20621,53.16214,3.22465,5.00982,49.96,0622:43:13,1,08
18:07:55,0.17298,216.70,0.47933,17.97507,52.48719,3.22465,5.00982,49.96,0622:43:15,1,08
18:07:56,0.17783,216.70,0.47567,18.34218,53.55917,3.22465,5.00982,49.96,0622:43:16,1,08
18:07:58,0.17764,217.10,0.47181,18.20621,53.16214,3.22465,5.00982,49.95,0622:43:18,1,08
18:08:00,0.17889,217.20,0.47133,18.32858,53.51946,3.22465,5.00982,49.96,0622:43:20,1,08
18:08:01,0.17852,217.30,0.46744,18.15182,53.00333,3.22475,5.00982,49.95,0622:43:21,1,08
18:08:03,0.17596,217.30,0.47299,18.09744,52.84452,3.22475,5.00982,49.95,0622:43:22,1,08
18:08:04,0.17666,217.20,0.47557,18.2606,53.32095,3.22475,5.00982,49.96,0622:43:23,1,08
18:08:09,0.1782,217.10,0.4684,18.13823,52.96363,3.22475,5.00982,49.96,0622:43:28,1,08
18:08:10,0.17875,217.20,0.46814,18.17902,53.08273,3.22475,5.00982,49.96,0622:43:29,1,08
18:08:11,0.18164,217.10,0.46692,18.42376,53.79739,3.22475,5.00992,49.96,0622:43:30,1,08
18:08:12,0.17871,217.50,0.47028,18.28779,53.40036,3.22475,5.00992,49.96,0622:43:31,1,08
18:08:13,0.17871,217.50,0.47028,18.28779,53.40036,3.22475,5.00992,49.96,0622:43:32,1,08
18:08:14,0.1781,217.50,0.46809,18.15182,53.00333,3.22475,5.00992,49.97,0622:43:33,1,08
18:08:15,0.17879,217.60,0.46788,18.21981,53.20185,3.22475,5.00992,49.97,0622:43:34,1,08
18:08:16,0.17925,217.70,0.46623,18.20621,53.16214,3.22475,5.00992,49.96,0622:43:35,1,08
18:08:17,0.17773,217.80,0.46735,18.09744,52.84452,3.22475,5.00992,49.96,0622:43:36,1,08
18:08:18,0.17801,217.90,0.46776,18.15182,53.00333,3.22475,5.00992,49.96,0622:43:37,1,08
18:08:19,0.17801,217.90,0.46776,18.15182,53.00333,3.22475,5.00992,49.96,0622:43:38,1,08
18:08:20,0.17829,218.00,0.46783,18.19262,53.12244,3.22475,5.00992,49.96,0622:43:39,1,08
18:08:21,0.17907,217.90,0.46483,18.15182,53.00333,3.22485,5.00992,49.96,0622:43:40,1,08
18:08:22,0.17852,218.00,0.46753,18.20621,53.16214,3.22485,5.00992,49.96,0622:43:41,1,08
18:08:23,0.17884,217.80,0.46964,18.30139,53.44006,3.22485,5.00992,49.97,0622:43:42,1,08
18:08:25,0.17866,217.70,0.4682,18.21981,53.20185,3.22485,5.00992,49.97,0622:43:44,1,08
18:08:26,0.17963,217.60,0.46421,18.16542,53.04303,3.22485,5.00992,49.97,0622:43:45,1,08
18:08:27,0.17577,217.70,0.46307,17.73032,51.77254,3.22485,5.00992,49.97,0622:43:46,1,08
18:08:30,0.13614,217.30,0.39982,11.82928,34.5415,3.22485,5.01002,49.99,0622:43:50,1,08
18:08:32,0.13565,217.20,0.40083,11.81568,34.50179,3.22485,5.01002,49.99,0622:43:51,1,08
18:08:33,0.13541,217.20,0.40157,11.81568,34.50179,3.22485,5.01002,49.99,0622:43:52,1,08
18:08:34,0.13608,217.40,0.40028,11.84288,34.5812,3.22485,5.01002,50.00,0622:43:53,1,08
18:08:35,0.1365,217.40,0.39744,11.80208,34.46209,3.22485,5.01002,50.01,0622:43:54,1,08
18:08:36,0.13692,217.50,0.39772,11.84288,34.5812,3.22485,5.01002,50.01,0622:43:56,1,08
18:08:38,0.13632,217.50,0.39872,11.82928,34.5415,3.22485,5.01002,50.01,0622:43:57,1,08
18:08:43,0.13914,217.80,0.40314,12.22359,35.69288,3.22485,5.01002,50.01,0622:44:02,1,08
18:08:44,0.13914,217.70,0.4,12.12841,35.41496,3.22485,5.01002,50.03,0622:44:03,1,08
18:08:45,0.1365,217.80,0.39671,11.80208,34.46209,3.22485,5.01002,50.03,0622:44:04,1,08
18:08:47,0.13668,217.90,0.39644,11.81568,34.50179,3.22485,5.01002,50.03,0622:44:07,1,08
18:08:49,0.13572,218.00,0.39945,11.82928,34.5415,3.22495,5.01012,50.03,0622:44:08,1,08
18:08:51,0.13553,218.10,0.40018,11.82928,34.5415,3.22495,5.01012,50.03,0622:44:10,1,08
18:08:53,0.13602,218.00,0.40009,11.87007,34.6606,3.22495,5.01012,50.03,0622:44:13,1,08
18:08:55,0.13657,218.00,0.3968,11.81568,34.50179,3.22495,5.01012,50.03,0622:44:14,1,08
18:08:57,0.1365,218.00,0.39772,11.84288,34.5812,3.22495,5.01012,50.01,0622:44:16,1,08
18:08:58,0.13602,218.00,0.3978,11.80208,34.46209,3.22495,5.01012,50.01,0622:44:18,1,08
18:09:01,0.13565,218.20,0.39899,11.81568,34.50179,3.22495,5.01012,50.01,0622:44:20,1,08
18:09:02,0.13572,218.10,0.39853,11.80208,34.46209,3.22495,5.01012,50.01,0622:44:21,1,08
18:09:04,0.13553,218.00,0.3988,11.78849,34.42239,3.22495,5.01012,50.00,0622:44:24,1,08
18:09:05,0.13657,217.90,0.39772,11.84288,34.5812,3.22495,5.01012,50.00,0622:44:25,1,08
18:09:07,0.13565,218.30,0.39991,11.84288,34.5812,3.22495,5.01012,50.00,0622:44:26,1,08
18:09:08,0.13577,218.30,0.39908,11.82928,34.5415,3.22495,5.01012,50.00,0622:44:27,1,08
18:09:09,0.13584,218.30,0.39872,11.82928,34.5415,3.22495,5.01022,50.00,0622:44:29,1,08
18:09:11,0.13572,218.30,0.40138,11.89726,34.74001,3.22495,5.01022,49.99,0622:44:31,1,08
18:09:12,0.13908,218.30,0.40555,12.31877,35.9708,3.22495,5.01022,49.99,0622:44:32,1,08
18:09:14,0.1368,218.30,0.40173,12.00604,35.05763,3.22495,5.01022,50.00,0622:44:33,1,08
18:09:15,0.13813,218.30,0.39865,12.03323,35.13704,3.22495,5.01022,50.00,0622:44:35,1,08
18:09:16,0.13741,218.20,0.39937,11.97884,34.97823,3.22495,5.01022,50.00,0622:44:36,1,08
18:09:18,0.13741,218.10,0.39937,11.97884,34.97823,3.22505,5.01022,50.00,0622:44:38,1,08
18:09:21,0.13771,218.10,0.39955,12.00604,35.05763,3.22505,5.01022,50.01,0622:44:41,1,08
18:09:25,0.13753,218.00,0.39982,11.99244,35.01793,3.22505,5.01022,49.99,0622:44:44,1,08
18:09:26,0.13687,218.00,0.40209,12.00604,35.05763,3.22505,5.01022,49.99,0622:44:46,1,08
18:09:27,0.13704,218.00,0.40173,12.00604,35.05763,3.22505,5.01022,49.99,0622:44:47,1,08
18:09:29,0.13668,217.90,0.40237,11.99244,35.01793,3.22505,5.01033,49.99,0622:44:49,1,08
18:09:31,0.13699,218.10,0.40218,12.01964,35.09734,3.22505,5.01033,49.99,0622:44:51,1,08
18:09:32,0.13711,218.10,0.40273,12.04683,35.17673,3.22505,5.01033,49.99,0622:44:52,1,08
18:09:33,0.13662,218.00,0.40192,11.97884,34.97823,3.22505,5.01033,49.97,0622:44:53,1,08
18:09:34,0.13699,218.00,0.40264,12.03323,35.13704,3.22505,5.01033,49.97,0622:44:54,1,08
18:09:36,0.13734,217.80,0.40091,11.99244,35.01793,3.22505,5.01033,49.99,0622:44:56,1,08
18:09:37,0.13734,217.80,0.40091,11.99244,35.01793,3.22505,5.01033,49.97,0622:44:57,1,08
18:09:38,0.13741,217.60,0.40182,12.01964,35.09734,3.22505,5.01033,49.97,0622:44:58,1,08
18:09:39,0.13717,217.50,0.40209,12.00604,35.05763,3.22505,5.01033,49.97,0622:44:59,1,08
18:09:40,0.13776,217.50,0.39973,11.97884,34.97823,3.22505,5.01033,49.97,0622:45:00,1,08
18:09:42,0.13644,217.60,0.40385,11.99244,35.01793,3.22505,5.01033,49.97,0622:45:02,1,08
18:09:43,0.13644,217.60,0.40385,11.99244,35.01793,3.22505,5.01033,49.97,0622:45:03,1,08
18:09:45,0.13902,217.60,0.40431,12.23718,35.73258,3.22505,5.01033,49.97,0622:45:05,1,08
18:09:47,0.13602,217.80,0.40459,11.99244,35.01793,3.22505,5.01033,49.97,0622:45:07,1,08
18:09:48,0.13657,217.80,0.40402,12.01964,35.09734,3.22515,5.01033,49.97,0622:45:08,1,08
18:09:50,0.13644,217.70,0.40393,12.00604,35.05763,3.22515,5.01043,49.96,0622:45:10,1,08
18:09:54,0.1359,218.00,0.40367,11.96525,34.93852,3.22515,5.01043,49.97,0622:45:14,1,08
18:09:58,0.138,218.00,0.39837,11.99244,35.01793,3.22515,5.01043,49.97,0622:45:18,1,08
18:09:59,0.13818,217.90,0.39937,12.03323,35.13704,3.22515,5.01043,49.97,0622:45:19,1,08
18:10:00,0.13818,217.90,0.39937,12.03323,35.13704,3.22515,5.01043,49.97,0622:45:20,1,08
18:10:01,0.13577,217.90,0.3989,11.80208,34.46209,3.22515,5.01043,49.97,0622:45:21,1,08
18:10:04,0.13584,217.60,0.39972,11.81568,34.50179,3.22515,5.01043,49.97,0622:45:23,1,08
18:10:07,0.13474,217.80,0.40278,11.82928,34.5415,3.22515,5.01043,49.99,0622:45:26,1,08
18:10:10,0.13455,217.80,0.40167,11.77489,34.38269,3.22515,5.01053,49.99,0622:45:29,1,08
18:10:11,0.13474,217.90,0.40324,11.84288,34.5812,3.22515,5.01053,49.99,0622:45:30,1,08
18:10:12,0.13813,218.10,0.40569,12.22359,35.69288,3.22515,5.01053,49.99,0622:45:31,1,08
18:10:13,0.13813,218.10,0.40569,12.22359,35.69288,3.22515,5.01053,49.99,0622:45:32,1,08
18:10:14,0.13522,218.20,0.40055,11.82928,34.5415,3.22515,5.01053,50.00,0622:45:33,1,08
18:10:16,0.13455,218.20,0.4037,11.85647,34.6209,3.22515,5.01053,50.01,0622:45:35,1,08
18:10:17,0.13517,218.10,0.40046,11.81568,34.50179,3.22515,5.01053,50.01,0622:45:36,1,08
18:10:18,0.13541,217.90,0.4,11.80208,34.46209,3.22515,5.01053,50.01,0622:45:37,1,08
18:10:19,0.13541,217.90,0.4,11.80208,34.46209,3.22525,5.01053,50.01,0622:45:38,1,08
18:10:21,0.13511,217.40,0.40102,11.78849,34.42239,3.22525,5.01053,50.01,0622:45:40,1,08
18:10:22,0.13522,217.30,0.40148,11.80208,34.46209,3.22525,5.01053,50.01,0622:45:41,1,08
18:10:24,0.1359,217.40,0.39926,11.80208,34.46209,3.22525,5.01053,50.03,0622:45:43,1,08
18:10:25,0.1359,217.40,0.39926,11.80208,34.46209,3.22525,5.01053,50.03,0622:45:44,1,08
18:10:26,0.13474,217.60,0.40083,11.7613,34.34298,3.22525,5.01053,50.03,0622:45:45,1,08
18:10:29,0.13565,217.70,0.39926,11.80208,34.46209,3.22525,5.01053,50.01,0622:45:48,1,08
18:10:32,0.13498,217.60,0.40185,11.80208,34.46209,3.22525,5.01063,50.00,0622:45:51,1,08
18:10:34,0.13577,217.50,0.40009,11.81568,34.50179,3.22525,5.01063,49.99,0622:45:53,1,08
18:10:35,0.13498,217.40,0.40093,11.77489,34.38269,3.22525,5.01063,49.99,0622:45:54,1,08
18:10:36,0.13535,217.40,0.4012,11.81568,34.50179,3.22525,5.01063,49.99,0622:45:55,1,08
18:10:37,0.13468,217.50,0.4026,11.80208,34.46209,3.22525,5.01063,49.99,0622:45:56,1,08
18:10:39,0.13547,217.20,0.40111,11.80208,34.46209,3.22525,5.01063,49.99,0622:45:58,1,08
18:10:41,0.13498,217.10,0.40352,11.82928,34.5415,3.22525,5.01063,49.96,0622:46:00,1,08
18:10:43,0.13412,217.20,0.40159,11.70691,34.18417,3.22525,5.01063,49.96,0622:46:02,1,08
18:10:45,0.13474,217.30,0.40436,11.84288,34.5812,3.22525,5.01063,49.96,0622:46:04,1,08
18:10:51,0.13486,217.70,0.40185,11.80208,34.46209,3.22535,5.01073,49.96,0622:46:10,1,08
18:10:56,0.13595,217.60,0.3989,11.80208,34.46209,3.22535,5.01073,49.96,0622:46:15,1,08
18:10:57,0.13595,217.60,0.39853,11.80208,34.46209,3.22535,5.01073,49.96,0622:46:16,1,08
18:10:58,0.13657,217.70,0.39991,11.89726,34.74001,3.22535,5.01073,49.96,0622:46:17,1,08
18:11:02,0.13535,217.90,0.40046,11.81568,34.50179,3.22535,5.01073,49.96,0622:46:21,1,08
18:11:04,0.13584,217.70,0.39982,11.82928,34.5415,3.22535,5.01073,49.96,0622:46:24,1,08
18:11:07,0.13455,217.50,0.40344,11.81568,34.50179,3.22535,5.01073,49.97,0622:46:26,1,08
18:11:09,0.13608,217.40,0.39807,11.78849,34.42239,3.22535,5.01073,49.97,0622:46:28,1,08
18:11:11,0.1348,217.80,0.40231,11.81568,34.50179,3.22535,5.01083,49.97,0622:46:31,1,08
18:11:12,0.1359,217.70,0.40129,11.88367,34.70031,3.22535,5.01083,49.97,0622:46:31,1,08
18:11:13,0.13511,217.60,0.40203,11.82928,34.5415,3.22535,5.01083,49.97,0622:46:32,1,08
18:11:14,0.13565,217.80,0.39972,11.81568,34.50179,3.22535,5.01083,49.97,0622:46:33,1,08
18:11:15,0.1348,217.80,0.40231,11.81568,34.50179,3.22535,5.01083,49.97,0622:46:35,1,08
18:11:16,0.13517,217.80,0.40166,11.82928,34.5415,3.22535,5.01083,49.97,0622:46:36,1,08
18:11:17,0.13522,217.90,0.40083,11.81568,34.50179,3.22535,5.01083,49.99,0622:46:37,1,08
18:11:19,0.13498,218.00,0.40111,11.80208,34.46209,3.22535,5.01083,49.99,0622:46:38,1,08
18:11:23,0.13529,217.90,0.39862,11.7613,34.34298,3.22546,5.01083,50.00,0622:46:43,1,08
18:11:24,0.13522,217.90,0.40083,11.81568,34.50179,3.22546,5.01083,50.00,0622:46:43,1,08
18:11:25,0.13425,218.00,0.4039,11.82928,34.5415,3.22546,5.01083,50.01,0622:46:44,1,08
18:11:26,0.13468,218.00,0.40278,11.82928,34.5415,3.22546,5.01083,50.01,0622:46:46,1,08
18:11:27,0.13474,217.80,0.40278,11.82928,34.5415,3.22546,5.01083,50.01,0622:46:47,1,08
18:11:30,0.13461,217.70,0.40121,11.7613,34.34298,3.22546,5.01083,50.05,0622:46:49,1,08
18:11:31,0.13437,217.40,0.40233,11.7613,34.34298,3.22546,5.01083,50.04,0622:46:51,1,08
18:11:32,0.13492,217.30,0.40222,11.80208,34.46209,3.22546,5.01093,50.04,0622:46:52,1,08
18:11:33,0.13553,217.20,0.39982,11.77489,34.38269,3.22546,5.01093,50.04,0622:46:53,1,08
18:11:35,0.13522,216.90,0.40185,11.80208,34.46209,3.22546,5.01093,50.03,0622:46:55,1,08
18:11:36,0.13529,216.90,0.40185,11.80208,34.46209,3.22546,5.01093,50.03,0622:46:55,1,08
18:11:38,0.13584,217.10,0.39908,11.77489,34.38269,3.22546,5.01093,50.03,0622:46:58,1,08
18:11:39,0.13553,217.10,0.40111,11.80208,34.46209,3.22546,5.01093,50.03,0622:46:59,1,08
18:11:40,0.13498,217.00,0.40167,11.77489,34.38269,3.22546,5.01093,50.03,0622:47:00,1,08
18:11:42,0.13572,216.50,0.40102,11.78849,34.42239,3.22546,5.01093,50.01,0622:47:02,1,08
18:11:43,0.13608,216.50,0.40037,11.80208,34.46209,3.22546,5.01093,50.03,0622:47:03,1,08
18:11:44,0.13559,216.70,0.40102,11.78849,34.42239,3.22546,5.01093,50.03,0622:47:04,1,08
18:11:47,0.13626,217.20,0.39853,11.80208,34.46209,3.22546,5.01093,50.04,0622:47:07,1,08
18:11:48,0.13626,217.20,0.39853,11.80208,34.46209,3.22546,5.01093,50.04,0622:47:08,1,08
18:11:49,0.13572,217.20,0.4,11.80208,34.46209,3.22546,5.01093,50.01,0622:47:09,1,08
18:11:52,0.13657,217.50,0.39707,11.80208,34.46209,3.22556,5.01103,50.03,0622:47:12,1,08
18:11:53,0.13541,217.50,0.40037,11.80208,34.46209,3.22556,5.01103,50.01,0622:47:13,1,08
18:11:54,0.13541,217.50,0.40037,11.80208,34.46209,3.22556,5.01103,50.01,0622:47:14,1,08
18:11:56,0.13511,217.80,0.40074,11.80208,34.46209,3.22556,5.01103,50.03,0622:47:16,1,08
18:11:57,0.1362,217.60,0.39872,11.82928,34.5415,3.22556,5.01103,50.03,0622:47:17,1,08
18:11:58,0.1359,217.60,0.40028,11.84288,34.5812,3.22556,5.01103,50.03,0622:47:18,1,08
18:11:59,0.13559,217.50,0.40046,11.81568,34.50179,3.22556,5.01103,50.03,0622:47:19,1,08
18:12:02,0.13522,217.50,0.40018,11.77489,34.38269,3.22556,5.01103,50.03,0622:47:22,1,08
18:12:04,0.1359,217.50,0.40064,11.84288,34.5812,3.22556,5.01103,50.01,0622:47:24,1,08
18:12:07,0.13565,217.60,0.39963,11.80208,34.46209,3.22556,5.01103,50.03,0622:47:26,1,08
18:12:11,0.13572,217.40,0.39963,11.80208,34.46209,3.22556,5.01103,50.01,0622:47:30,1,08
18:12:13,0.13644,217.40,0.40055,11.88367,34.70031,3.22556,5.01113,50.03,0622:47:32,1,08
18:12:14,0.13614,217.30,0.39844,11.78849,34.42239,3.22556,5.01113,50.01,0622:47:33,1,08
18:12:18,0.1362,217.10,0.39798,11.77489,34.38269,3.22556,5.01113,50.03,0622:47:37,1,08
18:12:19,0.1362,217.10,0.39798,11.77489,34.38269,3.22556,5.01113,50.03,0622:47:38,1,08
18:12:22,0.13602,217.20,0.39972,11.81568,34.50179,3.22566,5.01113,50.01,0622:47:41,1,08
18:12:23,0.13602,217.20,0.39926,11.80208,34.46209,3.22566,5.01113,50.01,0622:47:42,1,08
18:12:24,0.13577,217.20,0.39954,11.78849,34.42239,3.22566,5.01113,50.01,0622:47:43,1,08
18:12:25,0.13577,216.90,0.40028,11.78849,34.42239,3.22566,5.01113,50.01,0622:47:44,1,08
18:12:26,0.13584,216.80,0.39899,11.7613,34.34298,3.22566,5.01113,50.00,0622:47:45,1,08
18:12:27,0.13608,216.60,0.39991,11.78849,34.42239,3.22566,5.01113,50.00,0622:47:46,1,08
18:12:31,0.13547,216.70,0.40139,11.78849,34.42239,3.22566,5.01113,50.00,0622:47:50,1,08
18:12:32,0.13577,216.70,0.40157,11.81568,34.50179,3.22566,5.01113,49.97,0622:47:51,1,08
18:12:33,0.13584,216.60,0.40065,11.78849,34.42239,3.22566,5.01123,49.99,0622:47:52,1,08
18:12:36,0.13614,216.30,0.40037,11.80208,34.46209,3.22566,5.01123,49.97,0622:47:55,1,08
18:12:37,0.13614,216.40,0.40037,11.80208,34.46209,3.22566,5.01123,49.97,0622:47:56,1,08
18:12:38,0.13638,216.40,0.39963,11.80208,34.46209,3.22566,5.01123,49.97,0622:47:57,1,08
18:12:39,0.13572,216.60,0.40241,11.82928,34.5415,3.22566,5.01123,49.95,0622:47:58,1,08
18:12:41,0.13602,217.10,0.40009,11.81568,34.50179,3.22566,5.01123,49.97,0622:48:00,1,08
18:12:43,0.13717,217.10,0.3968,11.81568,34.50179,3.22566,5.01123,49.97,0622:48:02,1,08
18:12:46,0.13668,217.30,0.39707,11.80208,34.46209,3.22566,5.01123,49.96,0622:48:05,1,08
18:12:47,0.13674,217.20,0.39341,11.69331,34.14447,3.22566,5.01123,49.96,0622:48:06,1,08
18:12:48,0.13746,217.20,0.39581,11.82928,34.5415,3.22566,5.01123,49.96,0622:48:08,1,08
18:12:51,0.13866,217.20,0.3926,11.82928,34.5415,3.22566,5.01123,49.95,0622:48:10,1,08
18:12:52,0.13818,217.40,0.39231,11.78849,34.42239,3.22566,5.01123,49.95,0622:48:11,1,08
18:12:53,0.13771,217.40,0.39555,11.84288,34.5812,3.22576,5.01133,49.95,0622:48:12,1,08
18:12:55,0.13996,217.40,0.39777,12.11481,35.37526,3.22576,5.01133,49.96,0622:48:14,1,08
18:12:56,0.13991,217.50,0.39955,12.1692,35.53407,3.22576,5.01133,49.96,0622:48:15,1,08
18:13:02,0.13788,217.50,0.39257,11.77489,34.38269,3.22576,5.01133,49.97,0622:48:21,1,08
18:13:07,0.13746,217.60,0.39455,11.80208,34.46209,3.22576,5.01133,49.97,0622:48:26,1,08
18:13:09,0.13759,217.60,0.39564,11.85647,34.6209,3.22576,5.01133,49.97,0622:48:28,1,08
18:13:12,0.13937,217.40,0.39596,12.00604,35.05763,3.22576,5.01133,49.99,0622:48:32,1,08
18:13:17,0.13753,217.30,0.39455,11.80208,34.46209,3.22576,5.01144,50.00,0622:48:37,1,08
18:13:22,0.13818,217.60,0.39241,11.80208,34.46209,3.22576,5.01144,50.01,0622:48:42,1,08
18:13:24,0.13692,217.50,0.39507,11.77489,34.38269,3.22586,5.01144,50.01,0622:48:44,1,08
18:13:29,0.13711,217.40,0.39507,11.77489,34.38269,3.22586,5.01144,50.03,0622:48:49,1,08
18:13:30,0.13746,217.40,0.39455,11.80208,34.46209,3.22586,5.01144,50.03,0622:48:50,1,08
18:13:31,0.13746,217.40,0.39455,11.80208,34.46209,3.22586,5.01144,50.01,0622:48:50,1,08
18:13:33,0.13699,217.50,0.39507,11.77489,34.38269,3.22586,5.01144,50.03,0622:48:53,1,08
18:13:35,0.13668,217.50,0.3958,11.77489,34.38269,3.22586,5.01154,50.03,0622:48:55,1,08
18:13:39,0.13614,217.70,0.39771,11.78849,34.42239,3.22586,5.01154,50.01,0622:48:59,1,08
18:13:40,0.13668,217.70,0.39635,11.80208,34.46209,3.22586,5.01154,50.01,0622:49:00,1,08
18:13:41,0.13722,217.60,0.39581,11.82928,34.5415,3.22586,5.01154,50.03,0622:49:01,1,08
18:13:42,0.13632,217.60,0.3978,11.80208,34.46209,3.22586,5.01154,50.03,0622:49:02,1,08
18:13:44,0.13657,217.60,0.39616,11.77489,34.38269,3.22586,5.01154,50.03,0622:49:04,1,08
18:13:47,0.13717,217.40,0.39517,11.78849,34.42239,3.22586,5.01154,50.00,0622:49:07,1,08
18:13:48,0.13674,217.30,0.39616,11.77489,34.38269,3.22586,5.01154,50.00,0622:49:08,1,08
18:13:49,0.13674,217.30,0.39616,11.77489,34.38269,3.22586,5.01154,50.00,0622:49:09,1,08
18:13:50,0.13687,217.30,0.39671,11.80208,34.46209,3.22586,5.01154,50.00,0622:49:10,1,08
18:13:51,0.13753,217.20,0.39399,11.77489,34.38269,3.22586,5.01154,50.01,0622:49:11,1,08
18:13:52,0.13753,217.20,0.39445,11.78849,34.42239,3.22586,5.01154,50.01,0622:49:12,1,08
18:13:55,0.13807,217.20,0.39393,11.81568,34.50179,3.22596,5.01164,50.00,0622:49:15,1,08
18:13:57,0.13771,217.20,0.39419,11.80208,34.46209,3.22596,5.01164,50.00,0622:49:17,1,08
18:13:58,0.13717,217.30,0.39553,11.78849,34.42239,3.22596,5.01164,50.00,0622:49:18,1,08
18:14:00,0.13699,217.30,0.39635,11.80208,34.46209,3.22596,5.01164,50.00,0622:49:20,1,08
18:14:01,0.13746,217.20,0.39481,11.78849,34.42239,3.22596,5.01164,50.00,0622:49:21,1,08
18:14:05,0.13687,217.40,0.39589,11.78849,34.42239,3.22596,5.01164,50.00,0622:49:24,1,08
18:14:06,0.13753,217.40,0.39409,11.78849,34.42239,3.22596,5.01164,49.99,0622:49:25,1,08
18:14:07,0.13753,217.40,0.39409,11.78849,34.42239,3.22596,5.01164,49.99,0622:49:26,1,08
18:14:08,0.13674,217.60,0.39498,11.7613,34.34298,3.22596,5.01164,50.00,0622:49:27,1,08
18:14:09,0.13722,217.60,0.39435,11.77489,34.38269,3.22596,5.01164,50.00,0622:49:28,1,08
18:14:10,0.13741,217.50,0.39318,11.7613,34.34298,3.22596,5.01164,49.99,0622:49:29,1,08
18:14:12,0.13771,217.40,0.39691,11.88367,34.70031,3.22596,5.01164,49.99,0622:49:31,1,08
18:14:13,0.13771,217.40,0.39691,11.88367,34.70031,3.22596,5.01164,49.99,0622:49:32,1,08
18:14:15,0.13595,217.30,0.39926,11.80208,34.46209,3.22596,5.01174,49.99,0622:49:34,1,08
18:14:16,0.13644,217.40,0.39734,11.78849,34.42239,3.22596,5.01174,49.99,0622:49:35,1,08
18:14:17,0.13584,217.50,0.39926,11.80208,34.46209,3.22596,5.01174,50.00,0622:49:36,1,08
18:14:18,0.1359,217.60,0.39936,11.81568,34.50179,3.22596,5.01174,50.00,0622:49:37,1,08
18:14:19,0.13565,217.60,0.39917,11.78849,34.42239,3.22596,5.01174,50.00,0622:49:38,1,08
18:14:24,0.1359,217.70,0.39844,11.78849,34.42239,3.22596,5.01174,49.99,0622:49:43,1,08
18:14:25,0.13565,217.70,0.3988,11.78849,34.42239,3.22596,5.01174,49.99,0622:49:44,1,08
18:14:26,0.13602,217.70,0.39771,11.78849,34.42239,3.22606,5.01174,49.99,0622:49:45,1,08
18:14:28,0.13565,217.70,0.3988,11.78849,34.42239,3.22606,5.01174,49.99,0622:49:47,1,08
18:14:29,0.13559,217.70,0.39917,11.78849,34.42239,3.22606,5.01174,49.99,0622:49:48,1,08
18:14:30,0.13572,217.60,0.39834,11.77489,34.38269,3.22606,5.01174,49.99,0622:49:49,1,08
18:14:32,0.13565,217.50,0.39871,11.77489,34.38269,3.22606,5.01174,49.99,0622:49:51,1,08
18:14:37,0.13595,217.10,0.39917,11.78849,34.42239,3.22606,5.01184,49.99,0622:49:56,1,08
18:14:38,0.13632,217.10,0.39807,11.78849,34.42239,3.22606,5.01184,50.00,0622:49:57,1,08
18:14:39,0.13584,217.20,0.39954,11.78849,34.42239,3.22606,5.01184,49.99,0622:49:58,1,08
18:14:41,0.13638,217.40,0.3978,11.80208,34.46209,3.22606,5.01184,49.99,0622:50:00,1,08
18:14:43,0.13577,217.60,0.40018,11.82928,34.5415,3.22606,5.01184,49.99,0622:50:02,1,08
18:14:45,0.13638,217.80,0.39661,11.78849,34.42239,3.22606,5.01184,50.00,0622:50:04,1,08
18:14:47,0.13577,217.40,0.39825,11.7613,34.34298,3.22606,5.01184,50.01,0622:50:06,1,08
18:14:48,0.13577,217.40,0.39963,11.80208,34.46209,3.22606,5.01184,50.01,0622:50:07,1,08
18:14:50,0.13602,217.80,0.39817,11.80208,34.46209,3.22606,5.01184,50.00,0622:50:09,1,08
18:14:52,0.13572,217.90,0.3989,11.80208,34.46209,3.22606,5.01184,50.01,0622:50:11,1,08
18:14:55,0.13602,218.00,0.39688,11.77489,34.38269,3.22606,5.01184,50.01,0622:50:14,1,08
18:14:59,0.13632,217.90,0.39844,11.84288,34.5812,3.22616,5.01194,50.03,0622:50:19,1,08
18:15:00,0.13937,218.10,0.39848,12.11481,35.37526,3.22616,5.01194,50.03,0622:50:19,1,08
18:15:03,0.13559,218.60,0.39725,11.77489,34.38269,3.22616,5.01194,50.03,0622:50:22,1,08
18:15:04,0.13572,218.50,0.3978,11.80208,34.46209,3.22616,5.01194,50.03,0622:50:24,1,08
18:15:05,0.13626,218.20,0.39534,11.7613,34.34298,3.22616,5.01194,50.04,0622:50:25,1,08
18:15:07,0.13535,218.10,0.39871,11.77489,34.38269,3.22616,5.01194,50.03,0622:50:26,1,08
18:15:08,0.13584,218.30,0.39826,11.81568,34.50179,3.22616,5.01194,50.03,0622:50:27,1,08
18:15:09,0.13511,218.40,0.39963,11.80208,34.46209,3.22616,5.01194,50.04,0622:50:28,1,08
18:15:10,0.13632,218.50,0.39644,11.81568,34.50179,3.22616,5.01194,50.04,0622:50:30,1,08
18:15:12,0.13662,218.60,0.40173,12.00604,35.05763,3.22616,5.01194,50.04,0622:50:31,1,08
18:15:16,0.13559,218.70,0.39734,11.78849,34.42239,3.22616,5.01205,50.04,0622:50:36,1,08
18:15:18,0.1365,218.40,0.39608,11.81568,34.50179,3.22616,5.01205,50.03,0622:50:37,1,08
18:15:19,0.13608,218.40,0.39717,11.81568,34.50179,3.22616,5.01205,50.03,0622:50:38,1,08
18:15:20,0.1365,218.30,0.39599,11.80208,34.46209,3.22616,5.01205,50.03,0622:50:39,1,08
18:15:21,0.13559,218.30,0.39853,11.80208,34.46209,3.22616,5.01205,50.03,0622:50:41,1,08
18:15:25,0.13595,218.00,0.39643,11.7613,34.34298,3.22616,5.01205,50.00,0622:50:44,1,08
18:15:27,0.13565,218.10,0.39807,11.78849,34.42239,3.22627,5.01205,50.00,0622:50:47,1,08
18:15:29,0.1359,218.20,0.39734,11.78849,34.42239,3.22627,5.01205,49.99,0622:50:48,1,08
18:15:33,0.13595,218.00,0.39826,11.81568,34.50179,3.22627,5.01205,50.00,0622:50:53,1,08
18:15:34,0.14346,218.00,0.4053,12.68588,37.04278,3.22627,5.01205,50.00,0622:50:54,1,08
18:15:38,0.18407,218.20,0.47497,19.09001,55.74282,3.22627,5.01215,49.97,0622:50:58,1,08
18:15:40,0.17364,218.10,0.46306,17.55356,51.25641,3.22627,5.01215,49.97,0622:51:00,1,08
18:15:41,0.17364,218.10,0.46306,17.55356,51.25641,3.22627,5.01215,49.96,0622:51:00,1,08
18:15:42,0.17497,217.90,0.46543,17.75752,51.85195,3.22627,5.01215,49.96,0622:51:01,1,08
18:15:45,0.20129,218.20,0.49103,21.57824,63.00845,3.22627,5.01215,49.96,0622:51:05,1,08
18:15:47,0.20174,218.20,0.49136,21.64622,63.20696,3.22627,5.01215,49.95,0622:51:07,1,08
18:15:49,0.20281,218.20,0.48986,21.68701,63.32607,3.22637,5.01215,49.96,0622:51:09,1,08
18:15:50,0.21794,218.20,0.49629,23.61777,68.96388,3.22637,5.01215,49.96,0622:51:10,1,08
18:15:51,0.21661,218.30,0.49339,23.34583,68.16983,3.22637,5.01215,49.97,0622:51:11,1,08
18:15:52,0.21566,218.30,0.49249,23.19627,67.7331,3.22637,5.01225,49.97,0622:51:12,1,08
18:15:54,0.21859,218.30,0.49516,23.64496,69.04329,3.22637,5.01225,49.96,0622:51:14,1,08
18:15:57,0.21794,218.60,0.49572,23.63136,69.00358,3.22637,5.01225,49.97,0622:51:17,1,08
18:15:59,0.21866,218.40,0.4963,23.71294,69.2418,3.22637,5.01225,49.95,0622:51:19,1,08
18:16:00,0.21866,218.40,0.4963,23.71294,69.2418,3.22637,5.01225,49.95,0622:51:20,1,08
18:16:01,0.21806,218.10,0.49457,23.53619,68.72566,3.22637,5.01225,49.96,0622:51:21,1,08
18:16:03,0.21855,218.00,0.49173,23.44101,68.44775,3.22637,5.01225,49.96,0622:51:22,1,08
18:16:08,0.21676,218.40,0.49455,23.42741,68.40804,3.22647,5.01225,49.95,0622:51:27,1,08
18:16:09,0.21971,218.30,0.4949,23.75374,69.36092,3.22647,5.01235,49.95,0622:51:28,1,08
18:16:10,0.21752,218.30,0.49514,23.53619,68.72566,3.22647,5.01235,49.96,0622:51:29,1,08
18:16:11,0.21904,218.00,0.49602,23.69935,69.2021,3.22647,5.01235,49.96,0622:51:30,1,08
18:16:13,0.21878,218.00,0.49345,23.54978,68.76537,3.22647,5.01235,49.96,0622:51:32,1,08
18:16:14,0.21919,218.10,0.49034,23.4546,68.48744,3.22647,5.01235,49.96,0622:51:33,1,08
18:16:16,0.21874,218.50,0.49318,23.59057,68.88448,3.22647,5.01235,49.97,0622:51:35,1,08
18:16:17,0.21896,218.50,0.49432,23.65856,69.08299,3.22647,5.01235,49.96,0622:51:36,1,08
18:16:19,0.21832,218.40,0.49458,23.59057,68.88448,3.22647,5.01235,49.96,0622:51:38,1,08
18:16:20,0.21821,218.20,0.49515,23.59057,68.88448,3.22657,5.01235,49.95,0622:51:39,1,08
18:16:22,0.21863,218.00,0.49487,23.60417,68.92418,3.22657,5.01235,49.96,0622:51:41,1,08
18:16:23,0.21623,218.10,0.49308,23.26425,67.9316,3.22657,5.01235,49.95,0622:51:42,1,08
18:16:24,0.21878,218.00,0.49573,23.65856,69.08299,3.22657,5.01246,49.95,0622:51:43,1,08
18:16:25,0.21635,218.20,0.49626,23.44101,68.44775,3.22657,5.01246,49.95,0622:51:44,1,08
18:16:26,0.21802,218.20,0.49686,23.65856,69.08299,3.22657,5.01246,49.96,0622:51:45,1,08
18:16:27,0.21752,218.30,0.49485,23.50899,68.64626,3.22657,5.01246,49.95,0622:51:46,1,08
18:16:28,0.21923,218.20,0.49546,23.72654,69.2815,3.22657,5.01246,49.95,0622:51:47,1,08
18:16:29,0.21703,218.10,0.49311,23.35943,68.20953,3.22657,5.01246,49.96,0622:51:48,1,08
18:16:30,0.2165,218.00,0.49424,23.34583,68.16983,3.22657,5.01246,49.96,0622:51:49,1,08
18:16:31,0.21783,217.80,0.49599,23.54978,68.76537,3.22657,5.01246,49.96,0622:51:50,1,08
18:16:34,0.25924,218.00,0.50457,28.52624,83.29662,3.22657,5.01246,49.96,0622:51:53,1,08
18:16:37,0.25796,218.30,0.50265,28.32228,82.70107,3.22667,5.01246,49.95,0622:51:56,1,08
18:16:38,0.2587,218.30,0.50265,28.40387,82.93929,3.22667,5.01256,49.96,0622:51:57,1,08
18:16:40,0.26082,218.20,0.5,28.47185,83.13781,3.22667,5.01256,49.96,0622:51:59,1,08
18:16:41,0.26028,218.40,0.49904,28.39027,82.89958,3.22667,5.01256,49.97,0622:52:00,1,08
18:16:43,0.26022,218.40,0.49928,28.39027,82.89958,3.22667,5.01256,49.97,0622:52:02,1,08
18:16:44,0.26117,218.50,0.50214,28.6758,83.73335,3.22667,5.01256,49.97,0622:52:03,1,08
18:16:45,0.26259,218.60,0.5,28.71659,83.85246,3.22667,5.01256,49.96,0622:52:04,1,08
18:16:49,0.25965,218.30,0.50024,28.37667,82.85989,3.22677,5.01256,49.97,0622:52:08,1,08
18:16:50,0.26073,218.30,0.50024,28.48545,83.1775,3.22677,5.01256,49.97,0622:52:09,1,08
18:16:54,0.25908,218.20,0.50264,28.43106,83.01869,3.22677,5.01266,49.96,0622:52:13,1,08
18:16:55,0.25832,218.30,0.50506,28.49904,83.21721,3.22677,5.01266,49.96,0622:52:14,1,08
18:16:56,0.25857,218.50,0.50601,28.60782,83.53484,3.22677,5.01266,49.96,0622:52:15,1,08
18:16:58,0.25598,218.60,0.5051,28.28149,82.58196,3.22677,5.01266,49.96,0622:52:17,1,08
18:17:02,0.28947,218.40,0.50064,31.66712,92.46799,3.22687,5.01266,49.97,0622:52:21,1,08
18:17:03,0.28881,218.20,0.50517,31.85747,93.02383,3.22687,5.01276,49.96,0622:52:22,1,08
18:17:05,0.29075,218.40,0.50321,31.96624,93.34143,3.22687,5.01276,49.97,0622:52:24,1,08
18:17:07,0.28818,218.50,0.50086,31.55834,92.15036,3.22687,5.01276,49.97,0622:52:26,1,08
18:17:09,0.2871,218.70,0.50195,31.53115,92.07095,3.22687,5.01276,49.99,0622:52:28,1,08
18:17:11,0.28718,218.70,0.50281,31.59913,92.26947,3.22687,5.01276,50.00,0622:52:30,1,08
18:17:12,0.28859,218.70,0.50387,31.83028,92.94441,3.22697,5.01276,50.00,0622:52:31,1,08
18:17:14,0.28799,218.90,0.50022,31.55834,92.15036,3.22697,5.01276,50.01,0622:52:33,1,08
18:17:16,0.28643,218.60,0.50282,31.51755,92.03124,3.22697,5.01286,50.03,0622:52:36,1,08
18:17:17,0.28643,218.60,0.50282,31.51755,92.03124,3.22697,5.01286,50.04,0622:52:36,1,08
18:17:18,0.28539,218.70,0.50414,31.49035,91.95184,3.22697,5.01286,50.04,0622:52:37,1,08
18:17:19,0.28833,218.50,0.49978,31.51755,92.03124,3.22697,5.01286,50.04,0622:52:38,1,08
18:17:21,0.29052,218.40,0.5,31.7487,92.70619,3.22697,5.01286,50.04,0622:52:41,1,08
18:17:23,0.28924,218.40,0.50323,31.80309,92.86501,3.22708,5.01286,50.04,0622:52:42,1,08
18:17:25,0.29228,218.30,0.50085,31.97984,93.38114,3.22708,5.01286,50.03,0622:52:44,1,08
18:17:26,0.29168,218.30,0.5,31.85747,93.02383,3.22708,5.01296,50.03,0622:52:46,1,08
18:17:29,0.29228,218.20,0.5,31.91186,93.18262,3.22708,5.01296,50.04,0622:52:48,1,08
18:17:31,0.29004,218.40,0.49936,31.65352,92.42827,3.22708,5.01296,50.03,0622:52:50,1,08
18:17:33,0.16512,218.30,0.44348,16.00352,46.73027,3.22708,5.01296,50.01,0622:52:53,1,08
18:17:37,0.13595,218.10,0.39963,11.85647,34.6209,3.22718,5.01296,50.03,0622:52:57,1,08
18:17:39,0.13614,218.20,0.39799,11.82928,34.5415,3.22718,5.01296,50.04,0622:52:59,1,08
18:17:41,0.13614,218.20,0.39844,11.84288,34.5812,3.22718,5.01296,50.04,0622:53:00,1,08
18:17:42,0.13657,218.10,0.39644,11.81568,34.50179,3.22718,5.01306,50.04,0622:53:01,1,08
18:17:43,0.1362,218.00,0.39835,11.82928,34.5415,3.22718,5.01306,50.01,0622:53:03,1,08
18:17:45,0.13602,218.20,0.39927,11.85647,34.6209,3.22718,5.01306,50.01,0622:53:05,1,08
18:17:47,0.13674,218.30,0.39572,11.81568,34.50179,3.22718,5.01306,50.01,0622:53:06,1,08
18:17:49,0.14534,218.50,0.4101,13.0258,38.03534,3.22718,5.01306,50.01,0622:53:09,1,08
18:17:50,0.14432,218.50,0.40647,12.82185,37.4398,3.22718,5.01306,50.01,0622:53:10,1,08
18:17:51,0.17178,218.60,0.46165,17.34961,50.66086,3.22718,5.01306,50.00,0622:53:11,1,08
18:17:52,0.17178,218.60,0.46165,17.34961,50.66086,3.22718,5.01306,50.00,0622:53:11,1,08
18:17:54,0.1776,218.60,0.46499,18.05664,52.7254,3.22718,5.01306,50.01,0622:53:14,1,08
18:17:57,0.17624,218.60,0.46827,18.05664,52.7254,3.22718,5.01306,50.01,0622:53:17,1,08
18:17:58,0.17624,218.60,0.46827,18.05664,52.7254,3.22718,5.01306,50.01,0622:53:17,1,08
18:18:00,0.1794,218.50,0.46567,18.2606,53.32095,3.22718,5.01306,50.01,0622:53:19,1,08
18:18:01,0.17736,218.40,0.46564,18.05664,52.7254,3.22718,5.01317,50.01,0622:53:20,1,08
18:18:03,0.17902,218.10,0.46797,18.2742,53.36066,3.22728,5.01317,50.01,0622:53:22,1,08
18:18:04,0.17638,218.10,0.46822,18.02945,52.646,3.22728,5.01317,50.01,0622:53:23,1,08
18:18:05,0.17764,218.00,0.46772,18.12463,52.92392,3.22728,5.01317,50.01,0622:53:24,1,08
18:18:07,0.17889,218.00,0.46376,18.09744,52.84452,3.22728,5.01317,50.03,0622:53:26,1,08
18:18:08,0.17852,218.10,0.46404,18.07024,52.76511,3.22728,5.01317,50.03,0622:53:27,1,08
18:18:10,0.17958,218.10,0.4712,18.46455,53.91649,3.22728,5.01317,50.03,0622:53:29,1,08
18:18:12,0.18326,218.20,0.46703,18.6821,54.55175,3.22728,5.01317,50.01,0622:53:31,1,08
18:18:13,0.17792,218.10,0.46849,18.19262,53.12244,3.22728,5.01317,50.01,0622:53:32,1,08
18:18:15,0.17727,218.30,0.4691,18.16542,53.04303,3.22728,5.01317,50.01,0622:53:34,1,08
18:18:20,0.17806,218.10,0.46816,18.19262,53.12244,3.22728,5.01327,50.00,0622:53:39,1,08
18:18:22,0.17866,218.00,0.46685,18.19262,53.12244,3.22738,5.01327,49.97,0622:53:41,1,08
18:18:24,0.17764,218.20,0.46599,18.07024,52.76511,3.22738,5.01327,49.99,0622:53:43,1,08
18:18:26,0.17972,218.20,0.46674,18.31499,53.47976,3.22738,5.01327,49.99,0622:53:45,1,08
18:18:28,0.17722,218.30,0.4677,18.11103,52.88422,3.22738,5.01327,49.97,0622:53:47,1,08
18:18:29,0.17778,218.40,0.46954,18.23341,53.24155,3.22738,5.01327,49.97,0622:53:48,1,08
18:18:30,0.17801,218.30,0.46923,18.247,53.28125,3.22738,5.01327,49.97,0622:53:49,1,08
18:18:33,0.17806,218.00,0.46849,18.19262,53.12244,3.22738,5.01327,49.97,0622:53:52,1,08
18:18:34,0.17731,218.00,0.4666,18.04305,52.6857,3.22738,5.01327,49.97,0622:53:53,1,08
18:18:36,0.1793,218.00,0.46801,18.30139,53.44006,3.22738,5.01337,49.96,0622:53:55,1,08
18:18:37,0.17806,218.00,0.46781,18.17902,53.08273,3.22738,5.01337,49.95,0622:53:56,1,08
18:18:41,0.17875,218.30,0.46588,18.19262,53.12244,3.22738,5.01337,49.95,0622:54:00,1,08
18:18:43,0.17792,218.20,0.46921,18.23341,53.24155,3.22748,5.01337,49.96,0622:54:02,1,08
18:18:45,0.17656,218.20,0.46648,17.97507,52.48719,3.22748,5.01337,49.95,0622:54:04,1,08
18:18:47,0.17843,218.30,0.46964,18.30139,53.44006,3.22748,5.01337,49.95,0622:54:06,1,08
18:18:50,0.17922,218.30,0.46771,18.31499,53.47976,3.22748,5.01337,49.96,0622:54:09,1,08
18:18:51,0.17848,218.30,0.46546,18.13823,52.96363,3.22748,5.01337,49.97,0622:54:10,1,08
18:18:55,0.17755,218.40,0.46811,18.16542,53.04303,3.22748,5.01347,49.96,0622:54:14,1,08
18:18:56,0.17806,218.30,0.46469,18.07024,52.76511,3.22748,5.01347,49.96,0622:54:15,1,08
18:18:58,0.17806,218.30,0.46713,18.16542,53.04303,3.22748,5.01347,49.97,0622:54:17,1,08
18:18:59,0.1769,218.20,0.46868,18.11103,52.88422,3.22748,5.01347,49.97,0622:54:18,1,08
18:19:01,0.1793,218.40,0.46634,18.2742,53.36066,3.22758,5.01347,49.97,0622:54:20,1,08
18:19:02,0.17713,218.40,0.46697,18.07024,52.76511,3.22758,5.01347,49.97,0622:54:21,1,08
18:19:03,0.17768,218.40,0.46709,18.13823,52.96363,3.22758,5.01347,49.99,0622:54:22,1,08
18:19:04,0.17838,218.30,0.46546,18.13823,52.96363,3.22758,5.01347,49.99,0622:54:23,1,08
18:19:07,0.17792,218.20,0.47026,18.2742,53.36066,3.22758,5.01347,49.99,0622:54:26,1,08
18:19:08,0.17806,218.30,0.46993,18.2742,53.36066,3.22758,5.01347,49.99,0622:54:27,1,08
18:19:09,0.17727,218.20,0.46767,18.09744,52.84452,3.22758,5.01347,49.97,0622:54:28,1,08
18:19:11,0.17861,218.10,0.46825,18.247,53.28125,3.22758,5.01357,49.97,0622:54:30,1,08
18:19:13,0.17852,217.60,0.46956,18.247,53.28125,3.22758,5.01357,49.97,0622:54:32,1,08
18:19:15,0.17824,218.00,0.46571,18.09744,52.84452,3.22758,5.01357,49.97,0622:54:35,1,08
18:19:16,0.17824,218.00,0.46571,18.09744,52.84452,3.22758,5.01357,49.97,0622:54:35,1,08
18:19:19,0.17806,218.00,0.46851,18.20621,53.16214,3.22758,5.01357,49.97,0622:54:38,1,08
18:19:22,0.17727,218.00,0.47011,18.17902,53.08273,3.22768,5.01357,49.99,0622:54:41,1,08
18:19:23,0.1781,217.80,0.47092,18.2742,53.36066,3.22768,5.01357,49.99,0622:54:42,1,08
18:19:24,0.17736,217.70,0.46868,18.11103,52.88422,3.22768,5.01357,49.99,0622:54:43,1,08
18:19:27,0.17694,217.70,0.4693,18.08384,52.80481,3.22768,5.01357,50.00,0622:54:47,1,08
18:19:28,0.17694,217.70,0.4693,18.08384,52.80481,3.22768,5.01357,50.00,0622:54:47,1,08
18:19:29,0.17852,217.80,0.46995,18.28779,53.40036,3.22768,5.01367,50.01,0622:54:48,1,08
18:19:30,0.17902,217.80,0.46655,18.20621,53.16214,3.22768,5.01367,50.01,0622:54:49,1,08
18:19:31,0.17843,217.90,0.46783,18.19262,53.12244,3.22768,5.01367,50.01,0622:54:51,1,08
18:19:32,0.17935,217.80,0.46766,18.28779,53.40036,3.22768,5.01367,50.01,0622:54:52,1,08
18:19:34,0.17806,217.90,0.46569,18.08384,52.80481,3.22768,5.01367,50.03,0622:54:53,1,08
18:19:37,0.18182,217.30,0.46733,18.47815,53.9562,3.22768,5.01367,50.03,0622:54:57,1,08
18:19:40,0.17861,217.00,0.46529,18.04305,52.6857,3.22768,5.01367,50.01,0622:54:59,1,08
18:19:41,0.17852,217.00,0.46912,18.17902,53.08273,3.22778,5.01367,50.03,0622:55:00,1,08
18:19:44,0.18072,216.90,0.46708,18.32858,53.51946,3.22778,5.01367,50.01,0622:55:04,1,08
18:19:46,0.17917,217.30,0.4672,18.20621,53.16214,3.22778,5.01377,50.01,0622:55:05,1,08
18:19:47,0.17879,217.50,0.46716,18.17902,53.08273,3.22778,5.01377,50.00,0622:55:06,1,08
18:19:48,0.17902,217.40,0.47032,18.31499,53.47976,3.22778,5.01377,50.00,0622:55:08,1,08
18:19:50,0.1781,217.40,0.46737,18.11103,52.88422,3.22778,5.01377,50.03,0622:55:10,1,08
18:19:53,0.17852,217.70,0.46538,18.09744,52.84452,3.22778,5.01377,50.01,0622:55:13,1,08
18:19:56,0.17945,217.60,0.46834,18.30139,53.44006,3.22778,5.01377,50.01,0622:55:15,1,08
18:19:57,0.17884,217.60,0.46578,18.13823,52.96363,3.22778,5.01377,50.01,0622:55:16,1,08
18:19:59,0.17953,217.50,0.46729,18.2606,53.32095,3.22778,5.01377,50.01,0622:55:17,1,08
18:20:02,0.17917,217.30,0.46546,18.13823,52.96363,3.22788,5.01377,50.00,0622:55:21,1,08
18:20:03,0.17948,217.30,0.46864,18.28779,53.40036,3.22788,5.01377,50.00,0622:55:22,1,08
18:20:04,0.17922,217.50,0.46862,18.2742,53.36066,3.22788,5.01388,50.00,0622:55:23,1,08
18:20:06,0.17856,217.60,0.46643,18.13823,52.96363,3.22788,5.01388,49.99,0622:55:25,1,08
18:20:09,0.17958,217.70,0.46699,18.2742,53.36066,3.22788,5.01388,49.97,0622:55:28,1,08
18:20:13,0.17879,217.60,0.46858,18.247,53.28125,3.22788,5.01388,49.97,0622:55:32,1,08
18:20:14,0.17848,217.70,0.46711,18.15182,53.00333,3.22788,5.01388,49.96,0622:55:33,1,08
18:20:15,0.18127,217.70,0.46694,18.43736,53.83709,3.22788,5.01388,49.96,0622:55:34,1,08
18:20:16,0.17829,217.80,0.46851,18.20621,53.16214,3.22788,5.01388,49.96,0622:55:35,1,08
18:20:17,0.1776,217.80,0.46767,18.09744,52.84452,3.22788,5.01388,49.96,0622:55:36,1,08
18:20:18,0.17852,217.90,0.46681,18.16542,53.04303,3.22788,5.01388,49.97,0622:55:37,1,08
18:20:20,0.18036,218.00,0.46406,18.2606,53.32095,3.22788,5.01388,49.96,0622:55:39,1,08
18:20:22,0.17889,218.30,0.46694,18.247,53.28125,3.22798,5.01398,49.97,0622:55:41,1,08
18:20:23,0.1793,218.20,0.46873,18.34218,53.55917,3.22798,5.01398,49.97,0622:55:42,1,08
18:20:24,0.17861,218.00,0.46476,18.11103,52.88422,3.22798,5.01398,49.96,0622:55:43,1,08
18:20:25,0.17958,217.80,0.46421,18.16542,53.04303,3.22798,5.01398,49.96,0622:55:44,1,08
18:20:26,0.17902,217.70,0.46827,18.2606,53.32095,3.22798,5.01398,49.95,0622:55:45,1,08
18:20:29,0.17972,217.70,0.4656,18.21981,53.20185,3.22798,5.01398,49.95,0622:55:48,1,08
18:20:30,0.1799,217.80,0.46741,18.32858,53.51946,3.22798,5.01398,49.96,0622:55:49,1,08
18:20:31,0.17848,217.80,0.46646,18.15182,53.00333,3.22798,5.01398,49.96,0622:55:50,1,08
18:20:32,0.17806,217.90,0.46674,18.12463,52.92392,3.22798,5.01398,49.96,0622:55:51,1,08
18:20:34,0.17968,217.80,0.46771,18.31499,53.47976,3.22798,5.01398,49.95,0622:55:53,1,08
18:20:35,0.17889,217.80,0.46581,18.15182,53.00333,3.22798,5.01398,49.95,0622:55:54,1,08
18:20:39,0.18018,217.70,0.46327,18.17902,53.08273,3.22798,5.01408,49.96,0622:55:58,1,08
18:20:42,0.17879,218.10,0.46481,18.13823,52.96363,3.22808,5.01408,49.97,0622:56:01,1,08
18:20:44,0.18155,218.00,0.46291,18.32858,53.51946,3.22808,5.01408,49.95,0622:56:03,1,08
18:20:46,0.17935,218.10,0.46386,18.15182,53.00333,3.22808,5.01408,49.96,0622:56:05,1,08
18:20:47,0.17945,218.10,0.46493,18.20621,53.16214,3.22808,5.01408,49.97,0622:56:06,1,08
18:20:49,0.18041,218.00,0.45923,18.07024,52.76511,3.22808,5.01408,49.97,0622:56:08,1,08
18:20:50,0.17968,218.00,0.46287,18.13823,52.96363,3.22808,5.01408,49.97,0622:56:09,1,08
18:20:52,0.17894,218.00,0.46553,18.17902,53.08273,3.22808,5.01408,49.97,0622:56:11,1,08
18:20:55,0.18022,218.00,0.46404,18.247,53.28125,3.22808,5.01408,49.97,0622:56:14,1,08
18:20:56,0.18031,218.00,0.46577,18.31499,53.47976,3.22808,5.01408,49.97,0622:56:15,1,08
18:20:57,0.17902,218.00,0.46379,18.11103,52.88422,3.22808,5.01418,49.99,0622:56:16,1,08
18:21:01,0.17856,218.00,0.46473,18.09744,52.84452,3.22818,5.01418,49.99,0622:56:20,1,08
18:21:04,0.18022,218.00,0.46369,18.23341,53.24155,3.22818,5.01418,49.99,0622:56:23,1,08
18:21:09,0.18036,217.90,0.46127,18.13823,52.96363,3.22818,5.01418,50.01,0622:56:28,1,08
18:21:12,0.18299,217.80,0.46489,18.54613,54.15471,3.22818,5.01418,50.00,0622:56:31,1,08
18:21:13,0.18059,217.80,0.46164,18.16542,53.04303,3.22818,5.01418,50.00,0622:56:32,1,08
18:21:15,0.17912,217.90,0.46553,18.17902,53.08273,3.22818,5.01428,50.00,0622:56:34,1,08
18:21:16,0.17856,217.80,0.46506,18.09744,52.84452,3.22818,5.01428,50.00,0622:56:35,1,08
18:21:18,0.18245,217.70,0.46683,18.55973,54.19442,3.22818,5.01428,50.00,0622:56:37,1,08
18:21:20,0.18018,217.70,0.46674,18.31499,53.47976,3.22828,5.01428,49.99,0622:56:40,1,08
18:21:21,0.18018,217.70,0.46674,18.31499,53.47976,3.22828,5.01428,50.00,0622:56:40,1,08
18:21:24,0.18132,217.50,0.46382,18.30139,53.44006,3.22828,5.01428,49.99,0622:56:43,1,08
18:21:26,0.18118,217.50,0.45966,18.12463,52.92392,3.22828,5.01428,50.00,0622:56:46,1,08
18:21:27,0.18118,217.50,0.45966,18.12463,52.92392,3.22828,5.01428,50.00,0622:56:46,1,08
18:21:28,0.18245,217.30,0.46162,18.31499,53.47976,3.22828,5.01428,50.00,0622:56:47,1,08
18:21:29,0.17968,217.20,0.46448,18.13823,52.96363,3.22828,5.01428,49.99,0622:56:48,1,08
18:21:30,0.18091,217.30,0.46577,18.31499,53.47976,3.22828,5.01428,49.99,0622:56:49,1,08
18:21:33,0.1815,217.20,0.45899,18.11103,52.88422,3.22828,5.01439,49.99,0622:56:52,1,08
18:21:34,0.18105,217.40,0.46133,18.16542,53.04303,3.22828,5.01439,49.99,0622:56:53,1,08
18:21:36,0.17912,217.30,0.46788,18.21981,53.20185,3.22828,5.01439,49.99,0622:56:55,1,08
18:21:37,0.15336,217.10,0.42245,14.07276,41.09247,3.22828,5.01439,49.99,0622:56:57,1,08
18:21:38,0.14625,217.00,0.41181,13.08019,38.19416,3.22828,5.01439,49.99,0622:56:58,1,08
18:21:40,0.13734,216.90,0.39781,11.85647,34.6209,3.22828,5.01439,49.97,0622:56:59,1,08
18:21:42,0.13783,217.00,0.39636,11.85647,34.6209,3.22838,5.01439,49.97,0622:57:02,1,08
18:21:44,0.13729,217.30,0.39754,11.87007,34.6606,3.22838,5.01439,49.97,0622:57:03,1,08
18:21:45,0.13722,217.40,0.39709,11.85647,34.6209,3.22838,5.01439,49.99,0622:57:04,1,08
18:21:46,0.13699,217.70,0.3979,11.87007,34.6606,3.22838,5.01439,49.99,0622:57:05,1,08
18:21:47,0.13967,217.60,0.39982,12.1556,35.49436,3.22838,5.01439,49.97,0622:57:07,1,08
18:21:53,0.13759,217.30,0.39636,11.85647,34.6209,3.22838,5.01449,49.96,0622:57:13,1,08
18:21:55,0.13788,217.60,0.39447,11.84288,34.5812,3.22838,5.01449,49.97,0622:57:15,1,08
18:21:56,0.13788,217.60,0.39447,11.84288,34.5812,3.22838,5.01449,49.97,0622:57:15,1,08
18:21:59,0.13764,217.40,0.396,11.85647,34.6209,3.22838,5.01449,49.97,0622:57:19,1,08
18:22:02,0.13711,217.20,0.39498,11.7613,34.34298,3.22838,5.01449,49.96,0622:57:21,1,08
18:22:04,0.13776,217.30,0.39564,11.85647,34.6209,3.22838,5.01449,49.95,0622:57:22,1,08
18:22:05,0.13783,217.40,0.39438,11.82928,34.5415,3.22838,5.01449,49.95,0622:57:24,1,08
18:22:06,0.13764,217.50,0.39564,11.85647,34.6209,3.22838,5.01449,49.96,0622:57:25,1,08
18:22:07,0.13759,217.60,0.39555,11.84288,34.5812,3.22838,5.01449,49.96,0622:57:26,1,08
18:22:08,0.13818,217.60,0.39421,11.85647,34.6209,3.22838,5.01449,49.96,0622:57:27,1,08
18:22:12,0.13813,217.40,0.39683,11.92446,34.81942,3.22848,5.01459,49.97,0622:57:31,1,08
18:22:13,0.13741,217.30,0.39572,11.81568,34.50179,3.22848,5.01459,49.97,0622:57:32,1,08
18:22:14,0.13704,217.30,0.39781,11.85647,34.6209,3.22848,5.01459,49.97,0622:57:33,1,08
18:22:16,0.13771,217.50,0.39564,11.85647,34.6209,3.22848,5.01459,49.97,0622:57:35,1,08
18:22:17,0.13734,217.60,0.39636,11.85647,34.6209,3.22848,5.01459,49.97,0622:57:36,1,08
18:22:25,0.13753,217.80,0.3961,11.87007,34.6606,3.22848,5.01459,50.01,0622:57:44,1,08
18:22:26,0.13711,217.90,0.39581,11.82928,34.5415,3.22848,5.01459,50.01,0622:57:45,1,08
18:22:28,0.13753,218.00,0.39483,11.84288,34.5812,3.22848,5.01459,50.00,0622:57:47,1,08
18:22:30,0.13717,218.10,0.396,11.85647,34.6209,3.22848,5.01459,50.00,0622:57:49,1,08
18:22:35,0.1368,218.40,0.39672,11.85647,34.6209,3.22848,5.01469,50.01,0622:57:54,1,08
18:22:39,0.1368,218.20,0.39617,11.82928,34.5415,3.22848,5.01469,50.03,0622:57:58,1,08
18:22:42,0.13753,218.00,0.39483,11.84288,34.5812,3.22858,5.01469,50.03,0622:58:01,1,08
18:22:43,0.13746,218.00,0.39474,11.82928,34.5415,3.22858,5.01469,50.03,0622:58:02,1,08
18:22:44,0.1365,218.00,0.39726,11.82928,34.5415,3.22858,5.01469,50.03,0622:58:03,1,08
18:22:45,0.13657,217.90,0.39726,11.82928,34.5415,3.22858,5.01469,50.03,0622:58:04,1,08
18:22:49,0.13668,218.00,0.39735,11.84288,34.5812,3.22858,5.01469,50.03,0622:58:08,1,08
18:22:51,0.13657,218.60,0.39709,11.85647,34.6209,3.22858,5.01469,50.03,0622:58:10,1,08
18:22:52,0.13746,218.60,0.39502,11.87007,34.6606,3.22858,5.0148,50.03,0622:58:11,1,08
18:22:53,0.13657,218.50,0.39663,11.84288,34.5812,3.22858,5.0148,50.01,0622:58:12,1,08
18:22:54,0.13644,218.30,0.3969,11.82928,34.5415,3.22858,5.0148,50.01,0622:58:13,1,08
18:22:56,0.13668,218.10,0.39745,11.85647,34.6209,3.22858,5.0148,50.00,0622:58:15,1,08
18:22:57,0.1368,218.10,0.39663,11.84288,34.5812,3.22858,5.0148,50.01,0622:58:16,1,08
18:22:59,0.13614,218.10,0.39835,11.82928,34.5415,3.22858,5.0148,50.00,0622:58:18,1,08
18:23:00,0.13644,218.00,0.39772,11.84288,34.5812,3.22858,5.0148,50.00,0622:58:19,1,08
18:23:01,0.1365,218.10,0.39817,11.85647,34.6209,3.22858,5.0148,50.01,0622:58:20,1,08
18:23:03,0.13662,218.10,0.39872,11.88367,34.70031,3.22858,5.0148,49.97,0622:58:22,1,08
18:23:04,0.13608,218.30,0.3989,11.85647,34.6209,3.22858,5.0148,49.97,0622:58:23,1,08
18:23:11,0.13632,218.30,0.39726,11.82928,34.5415,3.22858,5.0148,49.99,0622:58:30,1,08
18:23:12,0.13788,218.20,0.39566,11.91086,34.77971,3.22868,5.0149,49.99,0622:58:31,1,08
18:23:14,0.13614,218.40,0.39899,11.87007,34.6606,3.22868,5.0149,49.99,0622:58:33,1,08
18:23:16,0.1365,218.70,0.39754,11.87007,34.6606,3.22868,5.0149,49.99,0622:58:35,1,08
18:23:17,0.13722,218.60,0.39538,11.87007,34.6606,3.22868,5.0149,49.97,0622:58:36,1,08
18:23:19,0.13644,218.60,0.39745,11.85647,34.6209,3.22868,5.0149,49.97,0622:58:38,1,08
18:23:22,0.13626,218.80,0.39699,11.84288,34.5812,3.22868,5.0149,49.99,0622:58:41,1,08
18:23:24,0.13807,218.50,0.40315,12.1692,35.53407,3.22868,5.0149,49.97,0622:58:43,1,08
18:23:25,0.13878,218.50,0.40099,12.1692,35.53407,3.22868,5.0149,50.00,0622:58:44,1,08
18:23:26,0.13668,218.50,0.39809,11.89726,34.74001,3.22868,5.0149,50.00,0622:58:46,1,08
18:23:27,0.13668,218.50,0.39809,11.89726,34.74001,3.22868,5.0149,49.99,0622:58:46,1,08
18:23:28,0.13614,218.50,0.39899,11.87007,34.6606,3.22868,5.0149,49.99,0622:58:47,1,08
18:23:29,0.13644,218.40,0.39735,11.84288,34.5812,3.22868,5.0149,50.00,0622:58:48,1,08
18:23:31,0.13608,218.10,0.39789,11.81568,34.50179,3.22868,5.0149,49.99,0622:58:50,1,08
18:23:33,0.13614,218.00,0.39698,11.78849,34.42239,3.22868,5.015,50.00,0622:58:52,1,08
18:23:38,0.13668,217.90,0.39735,11.84288,34.5812,3.22868,5.015,50.00,0622:58:58,1,08
18:23:39,0.13668,217.90,0.39735,11.84288,34.5812,3.22868,5.015,50.00,0622:58:58,1,08
18:23:40,0.13692,217.90,0.39663,11.84288,34.5812,3.22868,5.015,50.00,0622:58:59,1,08
18:23:43,0.13626,218.00,0.39844,11.84288,34.5812,3.22878,5.015,50.01,0622:59:03,1,08
18:23:44,0.13644,217.80,0.39707,11.80208,34.46209,3.22878,5.015,50.01,0622:59:04,1,08
18:23:46,0.1368,217.70,0.39644,11.81568,34.50179,3.22878,5.015,50.01,0622:59:05,1,08
18:23:47,0.1368,217.60,0.39772,11.84288,34.5812,3.22878,5.015,50.01,0622:59:06,1,08
18:23:48,0.14265,217.50,0.40412,12.54991,36.64574,3.22878,5.015,50.01,0622:59:07,1,08
18:23:49,0.13687,217.30,0.39717,11.81568,34.50179,3.22878,5.015,50.03,0622:59:09,1,08
18:23:53,0.13717,217.40,0.39745,11.85647,34.6209,3.22878,5.0151,50.00,0622:59:12,1,08
18:23:54,0.13729,217.30,0.39654,11.82928,34.5415,3.22878,5.0151,50.00,0622:59:14,1,08
18:23:55,0.13746,217.40,0.39581,11.82928,34.5415,3.22878,5.0151,50.00,0622:59:15,1,08
18:23:57,0.13729,217.50,0.39617,11.82928,34.5415,3.22878,5.0151,49.99,0622:59:16,1,08
18:23:58,0.1368,217.60,0.39726,11.82928,34.5415,3.22878,5.0151,49.99,0622:59:16,1,08
18:23:59,0.13668,217.60,0.39762,11.82928,34.5415,3.22878,5.0151,49.99,0622:59:17,1,08
18:24:00,0.13692,217.70,0.39827,11.87007,34.6606,3.22878,5.0151,49.96,0622:59:19,1,08
18:24:01,0.13717,217.70,0.39672,11.85647,34.6209,3.22878,5.0151,49.96,0622:59:20,1,08
18:24:02,0.13662,217.60,0.39762,11.82928,34.5415,3.22878,5.0151,49.96,0622:59:21,1,08
18:24:04,0.1365,217.50,0.39789,11.81568,34.50179,3.22878,5.0151,49.95,0622:59:22,1,08
18:24:08,0.138,218.00,0.39341,11.84288,34.5812,3.22878,5.0151,49.97,0622:59:27,1,08
18:24:11,0.13825,218.20,0.39279,11.85647,34.6209,3.22878,5.0151,49.96,0622:59:29,1,08
18:24:12,0.13908,218.00,0.39471,11.97884,34.97823,3.22878,5.0151,49.96,0622:59:31,1,08
18:24:13,0.13776,218.20,0.39105,11.7613,34.34298,3.22888,5.0151,49.96,0622:59:32,1,08
18:24:14,0.13807,218.20,0.3935,11.85647,34.6209,3.22888,5.0152,49.95,0622:59:33,1,08
18:24:15,0.13771,218.20,0.39467,11.87007,34.6606,3.22888,5.0152,49.95,0622:59:34,1,08
18:24:16,0.13837,218.30,0.39029,11.80208,34.46209,3.22888,5.0152,49.95,0622:59:34,1,08
18:24:17,0.13759,218.20,0.39367,11.82928,34.5415,3.22888,5.0152,49.95,0622:59:36,1,08
18:24:18,0.13753,218.30,0.39447,11.84288,34.5812,3.22888,5.0152,49.96,0622:59:37,1,08
18:24:20,0.13717,218.20,0.39646,11.87007,34.6606,3.22888,5.0152,49.96,0622:59:39,1,08
18:24:21,0.13807,218.20,0.39395,11.87007,34.6606,3.22888,5.0152,49.95,0622:59:40,1,08
18:24:22,0.13674,218.10,0.39654,11.82928,34.5415,3.22888,5.0152,49.95,0622:59:41,1,08
18:24:23,0.13674,218.10,0.39335,11.7341,34.26358,3.22888,5.0152,49.95,0622:59:42,1,08
18:24:24,0.13699,218.00,0.39581,11.82928,34.5415,3.22888,5.0152,49.96,0622:59:43,1,08
18:24:26,0.13746,218.20,0.39438,11.82928,34.5415,3.22888,5.0152,49.96,0622:59:45,1,08
18:24:27,0.13979,218.30,0.3976,12.14201,35.45466,3.22888,5.0152,49.96,0622:59:46,1,08
18:24:31,0.13788,218.10,0.39421,11.85647,34.6209,3.22888,5.0152,49.96,0622:59:50,1,08
18:24:34,0.13674,217.90,0.39735,11.84288,34.5812,3.22888,5.01531,49.96,0622:59:53,1,08
18:24:35,0.13764,218.00,0.39538,11.87007,34.6606,3.22888,5.01531,49.96,0622:59:54,1,08
18:24:37,0.13759,218.10,0.39402,11.82928,34.5415,3.22888,5.01531,49.96,0622:59:56,1,08
18:24:38,0.13729,218.10,0.39519,11.84288,34.5812,3.22888,5.01531,49.96,0622:59:57,1,08
18:24:40,0.13722,218.50,0.39529,11.85647,34.6209,3.22888,5.01531,49.97,0622:59:59,1,08
18:24:41,0.13711,218.50,0.39474,11.82928,34.5415,3.22888,5.01531,49.97,0623:00:00,1,08
18:24:43,0.1365,218.50,0.39654,11.82928,34.5415,3.22888,5.01531,49.99,0623:00:02,1,08
18:24:44,0.13729,218.50,0.39538,11.87007,34.6606,3.22899,5.01531,49.99,0623:00:03,1,08
18:24:45,0.13771,218.40,0.39386,11.85647,34.6209,3.22899,5.01531,49.99,0623:00:04,1,08
18:24:46,0.1368,218.40,0.39399,11.77489,34.38269,3.22899,5.01531,49.99,0623:00:05,1,08
18:24:47,0.1368,218.30,0.39445,11.78849,34.42239,3.22899,5.01531,50.00,0623:00:06,1,08
18:24:48,0.13711,218.20,0.3951,11.82928,34.5415,3.22899,5.01531,50.00,0623:00:07,1,08
18:24:49,0.13704,218.10,0.39545,11.82928,34.5415,3.22899,5.01531,50.00,0623:00:08,1,08
18:24:51,0.13699,218.20,0.39636,11.85647,34.6209,3.22899,5.01531,50.00,0623:00:10,1,08
18:24:53,0.13687,218.30,0.39627,11.84288,34.5812,3.22899,5.01531,50.00,0623:00:12,1,08
18:24:56,0.13662,218.20,0.39654,11.82928,34.5415,3.22899,5.01541,49.99,0623:00:15,1,08
18:24:57,0.1365,218.00,0.39726,11.82928,34.5415,3.22899,5.01541,50.00,0623:00:16,1,08
18:24:58,0.1365,218.00,0.39726,11.82928,34.5415,3.22899,5.01541,50.00,0623:00:17,1,08
18:25:02,0.13734,218.10,0.39519,11.84288,34.5812,3.22899,5.01541,49.97,0623:00:21,1,08
18:25:03,0.13711,218.20,0.39555,11.84288,34.5812,3.22899,5.01541,49.97,0623:00:22,1,08
18:25:04,0.13711,218.20,0.39555,11.84288,34.5812,3.22899,5.01541,49.97,0623:00:23,1,08
18:25:07,0.13776,218.20,0.39286,11.81568,34.50179,3.22899,5.01541,49.97,0623:00:26,1,08
18:25:08,0.13722,218.30,0.39564,11.85647,34.6209,3.22899,5.01541,49.97,0623:00:27,1,08
18:25:09,0.13753,218.50,0.39457,11.85647,34.6209,3.22899,5.01541,49.96,0623:00:28,1,08
18:25:11,0.13668,218.50,0.39536,11.81568,34.50179,3.22899,5.01541,49.95,0623:00:30,1,08
18:25:12,0.13931,218.50,0.39821,12.12841,35.41496,3.22899,5.01541,49.95,0623:00:31,1,08
18:25:14,0.13914,218.60,0.39544,12.03323,35.13704,3.22909,5.01551,49.94,0623:00:33,1,08
18:25:16,0.13866,218.60,0.39821,12.07402,35.25615,3.22909,5.01551,49.95,0623:00:35,1,08
18:25:18,0.13783,218.30,0.39612,11.92446,34.81942,3.22909,5.01551,49.95,0623:00:37,1,08
18:25:19,0.1386,218.60,0.39596,12.00604,35.05763,3.22909,5.01551,49.94,0623:00:38,1,08
18:25:21,0.13795,218.60,0.39865,12.03323,35.13704,3.22909,5.01551,49.94,0623:00:40,1,08
18:25:22,0.13795,218.60,0.39865,12.03323,35.13704,3.22909,5.01551,49.94,0623:00:41,1,08
18:25:29,0.13878,218.30,0.39596,12.00604,35.05763,3.22909,5.01551,49.95,0623:00:48,1,08
18:25:30,0.13902,218.10,0.3974,12.06043,35.21645,3.22909,5.01551,49.95,0623:00:49,1,08
18:25:39,0.1386,217.20,0.39892,12.01964,35.09734,3.22909,5.01561,49.96,0623:00:59,1,08
18:25:40,0.1386,217.20,0.39892,12.01964,35.09734,3.22909,5.01561,49.96,0623:00:59,1,08
18:25:41,0.13764,217.60,0.402,12.04683,35.17673,3.22909,5.01561,49.95,0623:01:00,1,08
18:25:42,0.13753,217.70,0.40109,12.01964,35.09734,3.22909,5.01561,49.95,0623:01:01,1,08
18:25:43,0.13807,217.90,0.39973,12.03323,35.13704,3.22909,5.01561,49.96,0623:01:02,1,08
18:25:46,0.13638,217.60,0.40156,11.92446,34.81942,3.22919,5.01561,49.95,0623:01:05,1,08
18:25:48,0.13692,217.50,0.4032,12.00604,35.05763,3.22919,5.01561,49.94,0623:01:07,1,08
18:25:50,0.13746,217.50,0.40136,12.00604,35.05763,3.22919,5.01561,49.95,0623:01:10,1,08
18:25:52,0.13788,218.10,0.39919,12.00604,35.05763,3.22919,5.01561,49.94,0623:01:11,1,08
18:25:54,0.13837,218.10,0.3991,12.04683,35.17673,3.22919,5.01571,49.94,0623:01:13,1,08
18:25:55,0.13759,218.20,0.40045,12.03323,35.13704,3.22919,5.01571,49.95,0623:01:15,1,08
18:25:56,0.13759,218.20,0.40127,12.04683,35.17673,3.22919,5.01571,49.95,0623:01:16,1,08
18:25:58,0.1368,218.10,0.40027,11.95165,34.89882,3.22919,5.01571,49.94,0623:01:17,1,08
18:25:59,0.13729,218.10,0.39918,11.95165,34.89882,3.22919,5.01571,49.94,0623:01:17,1,08
18:26:00,0.13626,218.10,0.39762,11.82928,34.5415,3.22919,5.01571,49.95,0623:01:18,1,08
18:26:01,0.13584,218.20,0.39862,11.81568,34.50179,3.22919,5.01571,49.95,0623:01:19,1,08
18:26:02,0.13602,218.10,0.39744,11.80208,34.46209,3.22919,5.01571,49.95,0623:01:21,1,08
18:26:03,0.13608,218.20,0.39881,11.84288,34.5812,3.22919,5.01571,49.95,0623:01:22,1,08
18:26:05,0.13595,218.20,0.39826,11.81568,34.50179,3.22919,5.01571,49.96,0623:01:23,1,08
18:26:06,0.13584,218.20,0.39954,11.84288,34.5812,3.22919,5.01571,49.95,0623:01:24,1,08
18:26:07,0.13553,218.20,0.40165,11.88367,34.70031,3.22919,5.01571,49.95,0623:01:26,1,08
18:26:08,0.13529,218.20,0.39779,11.7477,34.30328,3.22919,5.01571,49.95,0623:01:27,1,08
18:26:12,0.13711,218.00,0.39773,11.89726,34.74001,3.22919,5.01571,49.95,0623:01:30,1,08
18:26:13,0.13632,218.00,0.3989,11.85647,34.6209,3.22919,5.01571,49.95,0623:01:32,1,08
18:26:14,0.13734,218.10,0.39474,11.82928,34.5415,3.22919,5.01581,49.96,0623:01:33,1,08
18:26:15,0.13662,218.10,0.39781,11.85647,34.6209,3.22929,5.01581,49.96,0623:01:34,1,08
18:26:16,0.13638,218.20,0.39772,11.84288,34.5812,3.22929,5.01581,49.96,0623:01:34,1,08
18:26:17,0.13626,218.10,0.39899,11.87007,34.6606,3.22929,5.01581,49.96,0623:01:35,1,08
18:26:18,0.13572,218.10,0.39578,11.7205,34.22387,3.22929,5.01581,49.94,0623:01:37,1,08
18:26:23,0.13595,218.00,0.39862,11.81568,34.50179,3.22929,5.01581,49.95,0623:01:42,1,08
18:26:24,0.13668,217.90,0.39735,11.84288,34.5812,3.22929,5.01581,49.96,0623:01:43,1,08
18:26:25,0.13584,218.10,0.39954,11.84288,34.5812,3.22929,5.01581,49.96,0623:01:44,1,08
18:26:26,0.1359,218.10,0.39917,11.84288,34.5812,3.22929,5.01581,49.95,0623:01:45,1,08
18:26:27,0.13602,218.10,0.39973,11.87007,34.6606,3.22929,5.01581,49.96,0623:01:46,1,08
18:26:30,0.13577,218.20,0.39817,11.80208,34.46209,3.22929,5.01581,49.95,0623:01:49,1,08
18:26:34,0.13711,218.50,0.39837,11.93806,34.85912,3.22929,5.01581,49.95,0623:01:52,1,08
18:26:35,0.13517,218.70,0.39982,11.82928,34.5415,3.22929,5.01591,49.95,0623:01:54,1,08
18:26:38,0.13565,218.60,0.39963,11.85647,34.6209,3.22929,5.01591,49.96,0623:01:57,1,08
18:26:44,0.1362,218.60,0.39726,11.82928,34.5415,3.22929,5.01591,49.97,0623:02:03,1,08
18:26:45,0.13522,218.60,0.39982,11.82928,34.5415,3.22939,5.01591,49.99,0623:02:04,1,08
18:26:46,0.13565,218.70,0.39789,11.81568,34.50179,3.22939,5.01591,49.99,0623:02:05,1,08
18:26:47,0.13565,218.70,0.39872,11.82928,34.5415,3.22939,5.01591,49.99,0623:02:06,1,08
18:26:48,0.13572,218.50,0.39872,11.82928,34.5415,3.22939,5.01591,49.97,0623:02:07,1,08
18:26:50,0.13535,218.60,0.39945,11.82928,34.5415,3.22939,5.01591,49.99,0623:02:09,1,08
18:26:54,0.13608,218.50,0.39762,11.82928,34.5415,3.22939,5.01591,49.99,0623:02:13,1,08
18:26:56,0.13559,218.30,0.39945,11.82928,34.5415,3.22939,5.01601,50.00,0623:02:15,1,08
18:27:01,0.13572,218.60,0.39835,11.82928,34.5415,3.22939,5.01601,49.99,0623:02:20,1,08
18:27:04,0.13614,218.70,0.39817,11.85647,34.6209,3.22939,5.01601,49.99,0623:02:23,1,08
18:27:05,0.13529,218.80,0.39899,11.81568,34.50179,3.22939,5.01601,50.00,0623:02:24,1,08
18:27:06,0.13541,218.80,0.39908,11.82928,34.5415,3.22939,5.01601,50.00,0623:02:25,1,08
18:27:10,0.1362,218.80,0.39699,11.84288,34.5812,3.22939,5.01601,50.01,0623:02:29,1,08
18:27:12,0.13674,218.80,0.39873,11.93806,34.85912,3.22939,5.01601,50.00,0623:02:31,1,08
18:27:14,0.13511,218.60,0.40009,11.81568,34.50179,3.22939,5.01601,50.01,0623:02:33,1,08
18:27:15,0.13559,218.60,0.39954,11.84288,34.5812,3.22939,5.01612,50.00,0623:02:34,1,08
18:27:16,0.13559,218.60,0.39954,11.84288,34.5812,3.22949,5.01612,50.00,0623:02:35,1,08
18:27:17,0.13559,218.50,0.39862,11.81568,34.50179,3.22949,5.01612,50.01,0623:02:36,1,08
18:27:19,0.13638,218.30,0.39599,11.80208,34.46209,3.22949,5.01612,50.00,0623:02:38,1,08
18:27:20,0.13674,218.60,0.39727,11.88367,34.70031,3.22949,5.01612,50.00,0623:02:39,1,08
18:27:21,0.13614,218.70,0.39599,11.80208,34.46209,3.22949,5.01612,49.99,0623:02:40,1,08
18:27:26,0.13584,218.40,0.39826,11.81568,34.50179,3.22949,5.01612,50.00,0623:02:45,1,08
18:27:27,0.13632,218.40,0.39772,11.84288,34.5812,3.22949,5.01612,49.99,0623:02:46,1,08
18:27:28,0.13632,218.40,0.39772,11.84288,34.5812,3.22949,5.01612,49.99,0623:02:47,1,08
18:27:29,0.1365,218.30,0.3969,11.82928,34.5415,3.22949,5.01612,49.99,0623:02:48,1,08
18:27:30,0.13595,218.30,0.39881,11.84288,34.5812,3.22949,5.01612,49.99,0623:02:49,1,08
18:27:32,0.13662,218.30,0.39608,11.81568,34.50179,3.22949,5.01612,49.97,0623:02:51,1,08
18:27:34,0.1359,218.30,0.39606,11.7613,34.34298,3.22949,5.01612,49.97,0623:02:53,1,08
18:27:35,0.13902,218.00,0.39955,12.11481,35.37526,3.22949,5.01622,49.97,0623:02:54,1,08
18:27:40,0.13547,218.10,0.39972,11.81568,34.50179,3.22949,5.01622,49.97,0623:02:59,1,08
18:27:41,0.1362,217.90,0.39789,11.81568,34.50179,3.22949,5.01622,49.96,0623:03:00,1,08
18:27:44,0.13547,218.00,0.40064,11.84288,34.5812,3.22949,5.01622,49.95,0623:03:03,1,08
18:27:45,0.13547,218.00,0.40064,11.84288,34.5812,3.22949,5.01622,49.96,0623:03:05,1,08
18:27:47,0.13687,218.10,0.39526,11.80208,34.46209,3.22959,5.01622,49.96,0623:03:06,1,08
18:27:50,0.13595,218.00,0.39862,11.81568,34.50179,3.22959,5.01622,49.95,0623:03:10,1,08
18:27:51,0.13632,218.20,0.39808,11.84288,34.5812,3.22959,5.01622,49.95,0623:03:10,1,08
18:27:52,0.13644,218.30,0.39781,11.85647,34.6209,3.22959,5.01622,49.95,0623:03:11,1,08
18:27:54,0.13572,218.40,0.39963,11.85647,34.6209,3.22959,5.01622,49.95,0623:03:13,1,08
18:27:55,0.1359,218.50,0.3989,11.85647,34.6209,3.22959,5.01632,49.96,0623:03:14,1,08
18:27:56,0.13559,218.50,0.39587,11.7341,34.26358,3.22959,5.01632,49.96,0623:03:16,1,08
18:27:59,0.13614,218.30,0.39671,11.80208,34.46209,3.22959,5.01632,49.95,0623:03:17,1,08
18:28:01,0.13614,218.20,0.39661,11.78849,34.42239,3.22959,5.01632,49.96,0623:03:19,1,08
18:28:02,0.1362,218.20,0.39707,11.80208,34.46209,3.22959,5.01632,49.96,0623:03:20,1,08
18:28:03,0.13608,218.20,0.39789,11.81568,34.50179,3.22959,5.01632,49.96,0623:03:22,1,08
18:28:05,0.1362,218.20,0.39799,11.82928,34.5415,3.22959,5.01632,49.96,0623:03:23,1,08
18:28:06,0.13626,218.30,0.39808,11.84288,34.5812,3.22959,5.01632,49.96,0623:03:24,1,08
18:28:09,0.13729,218.20,0.39701,11.89726,34.74001,3.22959,5.01632,49.96,0623:03:28,1,08
18:28:10,0.13668,218.10,0.39745,11.85647,34.6209,3.22959,5.01632,49.96,0623:03:28,1,08
18:28:11,0.13657,218.10,0.39644,11.81568,34.50179,3.22959,5.01632,49.96,0623:03:29,1,08
18:28:13,0.13559,218.20,0.39899,11.81568,34.50179,3.22959,5.01632,49.95,0623:03:32,1,08
18:28:14,0.13595,218.20,0.39917,11.84288,34.5812,3.22959,5.01632,49.97,0623:03:33,1,08
18:28:18,0.13602,218.00,0.39826,11.81568,34.50179,3.22969,5.01642,50.00,0623:03:37,1,08
18:28:19,0.13584,218.00,0.39945,11.82928,34.5415,3.22969,5.01642,50.00,0623:03:38,1,08
18:28:20,0.13595,218.10,0.39963,11.85647,34.6209,3.22969,5.01642,50.00,0623:03:39,1,08
18:28:21,0.13535,218.20,0.40018,11.82928,34.5415,3.22969,5.01642,49.99,0623:03:40,1,08
18:28:22,0.13572,218.20,0.39862,11.81568,34.50179,3.22969,5.01642,49.99,0623:03:41,1,08
18:28:23,0.13547,218.20,0.39926,11.80208,34.46209,3.22969,5.01642,49.99,0623:03:41,1,08
18:28:26,0.17958,218.00,0.47049,18.42376,53.79739,3.22969,5.01642,50.01,0623:03:45,1,08
18:28:27,0.18475,217.90,0.46995,18.92685,55.2664,3.22969,5.01642,50.01,0623:03:46,1,08
18:28:28,0.17596,217.80,0.45993,17.63515,51.49463,3.22969,5.01642,50.01,0623:03:47,1,08
18:28:29,0.17521,217.90,0.46014,17.58076,51.33581,3.22969,5.01642,50.01,0623:03:47,1,08
18:28:30,0.17521,218.00,0.46121,17.62155,51.45491,3.22969,5.01642,50.03,0623:03:48,1,08
18:28:31,0.17558,218.00,0.45739,17.51277,51.1373,3.22969,5.01642,50.03,0623:03:50,1,08
18:28:33,0.17393,217.80,0.45768,17.34961,50.66086,3.22969,5.01642,50.01,0623:03:52,1,08
18:28:35,0.17407,218.10,0.45884,17.43119,50.89908,3.22969,5.01652,50.01,0623:03:53,1,08
18:28:36,0.17483,218.10,0.46115,17.59435,51.37551,3.22969,5.01652,50.03,0623:03:55,1,08
18:28:37,0.17619,218.10,0.45721,17.58076,51.33581,3.22969,5.01652,50.03,0623:03:56,1,08
18:28:39,0.17643,217.90,0.46007,17.70313,51.69313,3.22969,5.01652,50.04,0623:03:58,1,08
18:28:43,0.24168,218.40,0.49794,26.29635,76.78535,3.2298,5.01652,50.04,0623:04:02,1,08
18:28:46,0.24223,218.30,0.49769,26.33714,76.90446,3.2298,5.01652,50.03,0623:04:05,1,08
18:28:47,0.24223,218.30,0.49769,26.33714,76.90446,3.2298,5.01652,50.03,0623:04:06,1,08
18:28:48,0.24928,218.40,0.498,27.12576,79.20722,3.2298,5.01652,50.04,0623:04:07,1,08
18:28:50,0.28961,218.50,0.49893,31.58554,92.22977,3.2298,5.01662,50.04,0623:04:09,1,08
18:28:52,0.28666,217.80,0.49652,31.02806,90.60194,3.2298,5.01662,50.03,0623:04:11,1,08
18:28:53,0.28666,217.80,0.49652,31.02806,90.60194,3.2298,5.01662,50.03,0623:04:12,1,08
18:28:54,0.28712,218.00,0.49544,31.02806,90.60194,3.2299,5.01662,50.04,0623:04:13,1,08
18:28:57,0.28646,217.90,0.49608,30.98727,90.48283,3.2299,5.01662,50.04,0623:04:16,1,08
18:28:58,0.28646,217.90,0.49608,30.98727,90.48283,3.2299,5.01662,50.04,0623:04:17,1,08
18:29:00,0.2881,218.00,0.49849,31.3272,91.47542,3.2299,5.01662,50.04,0623:04:19,1,08
18:29:01,0.2877,217.60,0.49891,31.25921,91.27689,3.2299,5.01673,50.04,0623:04:20,1,08
18:29:03,0.29098,217.50,0.50086,31.7215,92.62679,3.2299,5.01673,50.01,0623:04:22,1,08
18:29:04,0.29098,217.50,0.50086,31.7215,92.62679,3.2299,5.01673,50.01,0623:04:23,1,08
18:29:05,0.29304,217.20,0.50085,31.91186,93.18262,3.23,5.01673,50.03,0623:04:24,1,08
18:29:07,0.29141,217.30,0.50172,31.78949,92.82531,3.23,5.01673,50.01,0623:04:26,1,08
18:29:08,0.29304,217.30,0.49979,31.85747,93.02383,3.23,5.01673,50.01,0623:04:27,1,08
18:29:09,0.29075,217.40,0.49914,31.57194,92.19006,3.23,5.01673,50.00,0623:04:28,1,08
18:29:11,0.29098,217.40,0.50193,31.77589,92.7856,3.23,5.01673,50.00,0623:04:30,1,08
18:29:12,0.29313,217.40,0.50256,32.04783,93.57966,3.23,5.01673,50.00,0623:04:31,1,08
18:29:15,0.28984,217.50,0.50129,31.62633,92.34888,3.23,5.01683,49.97,0623:04:34,1,08
18:29:16,0.28984,217.50,0.50129,31.62633,92.34888,3.23,5.01683,49.97,0623:04:35,1,08
18:29:17,0.29024,217.40,0.50022,31.59913,92.26947,3.2301,5.01683,49.97,0623:04:36,1,08
18:29:18,0.29029,217.30,0.49892,31.50395,91.99154,3.2301,5.01683,49.97,0623:04:37,1,08
18:29:19,0.29188,217.40,0.49914,31.69431,92.54739,3.2301,5.01683,49.96,0623:04:38,1,08
18:29:21,0.29267,217.50,0.49893,31.78949,92.82531,3.2301,5.01683,49.95,0623:04:40,1,08
18:29:24,0.2945,217.60,0.50148,32.1566,93.89729,3.2301,5.01693,49.94,0623:04:43,1,08
18:29:26,0.29211,217.70,0.5,31.83028,92.94441,3.2301,5.01693,49.96,0623:04:45,1,08
18:29:27,0.28956,217.60,0.49935,31.49035,91.95184,3.2301,5.01693,49.95,0623:04:46,1,08
18:29:28,0.28956,217.60,0.49935,31.49035,91.95184,3.2302,5.01693,49.95,0623:04:47,1,08
18:29:31,0.29406,217.60,0.50149,32.10221,93.73847,3.2302,5.01693,49.95,0623:04:50,1,08
18:29:32,0.29129,217.70,0.5,31.7351,92.66649,3.2302,5.01693,49.95,0623:04:51,1,08
18:29:33,0.29453,217.70,0.50064,32.12941,93.81788,3.2302,5.01693,49.97,0623:04:52,1,08
18:29:34,0.29117,217.70,0.50021,31.7215,92.62679,3.2302,5.01693,49.97,0623:04:53,1,08
18:29:35,0.29177,217.50,0.50385,32.00703,93.46054,3.2302,5.01693,49.97,0623:04:54,1,08
18:29:36,0.29168,217.30,0.50064,31.7487,92.70619,3.2302,5.01703,49.97,0623:04:55,1,08
18:29:39,0.29344,217.30,0.50192,32.02063,93.50025,3.2302,5.01703,49.96,0623:04:58,1,08
18:29:44,0.29355,217.90,0.50149,32.10221,93.73847,3.23031,5.01703,49.99,0623:05:03,1,08
18:29:49,0.29324,217.50,0.50256,32.08862,93.69877,3.23031,5.01713,50.00,0623:05:08,1,08
18:29:50,0.28856,217.40,0.50411,31.65352,92.42827,3.23031,5.01713,50.00,0623:05:09,1,08
18:29:52,0.29329,217.60,0.50149,32.02063,93.50025,3.23041,5.01713,50.01,0623:05:11,1,08
18:29:55,0.28944,217.50,0.50259,31.66712,92.46799,3.23041,5.01713,50.03,0623:05:14,1,08
18:29:57,0.29408,217.60,0.50021,32.02063,93.50025,3.23041,5.01713,50.03,0623:05:15,1,08
18:29:59,0.29171,217.50,0.4985,31.65352,92.42827,3.23041,5.01713,50.00,0623:05:17,1,08
18:30:00,0.29335,217.50,0.50213,32.06142,93.61936,3.23041,5.01724,50.01,0623:05:18,1,08
18:30:01,0.29112,217.30,0.50086,31.7079,92.58708,3.23041,5.01724,50.01,0623:05:19,1,08
18:30:02,0.29433,217.10,0.50043,32.00703,93.46054,3.23041,5.01724,50.03,0623:05:20,1,08
18:30:03,0.29244,217.00,0.50235,31.91186,93.18262,3.23051,5.01724,50.03,0623:05:22,1,08
18:30:05,0.29148,217.00,0.50408,31.91186,93.18262,3.23051,5.01724,50.04,0623:05:23,1,08
18:30:07,0.29225,217.30,0.49936,31.7351,92.66649,3.23051,5.01724,50.04,0623:05:25,1,08
18:30:08,0.29332,217.40,0.49851,31.81668,92.90472,3.23051,5.01724,50.04,0623:05:26,1,08
18:30:10,0.29459,217.20,0.50212,32.1566,93.89729,3.23051,5.01724,50.03,0623:05:28,1,08
18:30:11,0.29103,217.20,0.5015,31.7215,92.62679,3.23051,5.01734,50.03,0623:05:29,1,08
18:30:12,0.29545,217.20,0.49915,32.04783,93.57966,3.23051,5.01734,50.04,0623:05:30,1,08
18:30:13,0.29402,217.10,0.50064,31.97984,93.38114,3.23051,5.01734,50.04,0623:05:31,1,08
18:30:15,0.16631,217.50,0.44628,16.15308,47.16701,3.23061,5.01734,50.04,0623:05:34,1,08
18:30:16,0.16427,217.60,0.44182,15.79957,46.13474,3.23061,5.01734,50.04,0623:05:34,1,08
18:30:17,0.13734,217.50,0.39991,11.95165,34.89882,3.23061,5.01734,50.04,0623:05:35,1,08
18:30:18,0.13687,217.50,0.4,11.91086,34.77971,3.23061,5.01734,50.03,0623:05:36,1,08
18:30:19,0.14283,217.60,0.41032,12.75387,37.24129,3.23061,5.01734,50.03,0623:05:38,1,08
18:30:23,0.13608,218.00,0.40101,11.89726,34.74001,3.23061,5.01734,50.03,0623:05:41,1,08
18:30:24,0.1359,218.20,0.40009,11.87007,34.6606,3.23061,5.01734,50.01,0623:05:42,1,08
18:30:25,0.1362,218.10,0.39844,11.84288,34.5812,3.23061,5.01734,50.01,0623:05:44,1,08
18:30:27,0.13547,217.90,0.40101,11.84288,34.5812,3.23061,5.01734,50.03,0623:05:46,1,08
18:30:29,0.13608,217.90,0.40055,11.88367,34.70031,3.23061,5.01744,50.03,0623:05:47,1,08
18:30:30,0.13602,217.90,0.39963,11.85647,34.6209,3.23061,5.01744,50.01,0623:05:48,1,08
18:30:31,0.14363,218.10,0.41059,12.86264,37.55891,3.23061,5.01744,50.01,0623:05:50,1,08
18:30:33,0.16071,218.20,0.44535,15.62281,45.6186,3.23061,5.01744,50.00,0623:05:52,1,08
18:30:35,0.17912,218.30,0.46803,18.31499,53.47976,3.23061,5.01744,50.00,0623:05:53,1,08
18:30:36,0.17745,218.30,0.46669,18.09744,52.84452,3.23061,5.01744,49.99,0623:05:55,1,08
18:30:37,0.1768,218.30,0.46972,18.13823,52.96363,3.23061,5.01744,49.99,0623:05:56,1,08
18:30:39,0.17801,218.10,0.46501,18.07024,52.76511,3.23061,5.01744,49.99,0623:05:58,1,08
18:30:40,0.17801,218.10,0.46501,18.07024,52.76511,3.23061,5.01744,49.99,0623:05:58,1,08
18:30:43,0.17713,218.00,0.46833,18.09744,52.84452,3.23071,5.01744,49.97,0623:06:02,1,08
18:30:45,0.17773,218.00,0.46669,18.09744,52.84452,3.23071,5.01744,49.99,0623:06:04,1,08
18:30:46,0.17773,218.00,0.46669,18.09744,52.84452,3.23071,5.01744,49.99,0623:06:04,1,08
18:30:47,0.17884,218.00,0.46792,18.247,53.28125,3.23071,5.01754,49.99,0623:06:06,1,08
18:30:49,0.17731,218.10,0.46803,18.11103,52.88422,3.23071,5.01754,49.96,0623:06:08,1,08
18:30:51,0.17801,218.00,0.46814,18.17902,53.08273,3.23071,5.01754,49.97,0623:06:10,1,08
18:30:52,0.17801,218.00,0.46814,18.17902,53.08273,3.23071,5.01754,49.97,0623:06:11,1,08
18:30:53,0.17745,217.80,0.468,18.09744,52.84452,3.23071,5.01754,49.96,0623:06:12,1,08
18:30:58,0.17917,218.20,0.46908,18.35578,53.59887,3.23071,5.01754,49.96,0623:06:17,1,08
18:30:59,0.17843,218.30,0.46685,18.19262,53.12244,3.23071,5.01754,49.95,0623:06:18,1,08
18:31:01,0.17852,218.10,0.46964,18.30139,53.44006,3.23082,5.01754,49.96,0623:06:20,1,08
18:31:03,0.17829,218.00,0.46713,18.16542,53.04303,3.23082,5.01754,49.96,0623:06:22,1,08
18:31:05,0.17968,218.00,0.4653,18.23341,53.24155,3.23082,5.01764,49.95,0623:06:24,1,08
18:31:08,0.17922,218.10,0.46803,18.31499,53.47976,3.23082,5.01764,49.96,0623:06:27,1,08
18:31:09,0.17922,218.10,0.46803,18.31499,53.47976,3.23082,5.01764,49.96,0623:06:28,1,08
18:31:10,0.17899,218.20,0.46486,18.16542,53.04303,3.23082,5.01764,49.96,0623:06:29,1,08
18:31:11,0.17824,218.20,0.46576,18.12463,52.92392,3.23082,5.01764,49.97,0623:06:30,1,08
18:31:13,0.17884,218.10,0.46518,18.16542,53.04303,3.23082,5.01764,49.99,0623:06:32,1,08
18:31:14,0.17899,218.00,0.46483,18.15182,53.00333,3.23082,5.01764,49.99,0623:06:33,1,08
18:31:16,0.17907,217.90,0.46866,18.30139,53.44006,3.23082,5.01764,50.00,0623:06:35,1,08
18:31:18,0.17829,218.00,0.46643,18.13823,52.96363,3.23082,5.01764,50.00,0623:06:37,1,08
18:31:20,0.17755,218.00,0.47121,18.247,53.28125,3.23092,5.01764,50.00,0623:06:39,1,08
18:31:21,0.17755,218.00,0.47121,18.247,53.28125,3.23092,5.01764,50.00,0623:06:40,1,08
18:31:22,0.17652,218.00,0.4714,18.15182,53.00333,3.23092,5.01774,50.00,0623:06:41,1,08
18:31:25,0.17699,217.80,0.46791,18.04305,52.6857,3.23092,5.01774,50.01,0623:06:44,1,08
18:31:26,0.1781,217.60,0.4702,18.23341,53.24155,3.23092,5.01774,50.01,0623:06:45,1,08
18:31:27,0.1781,217.60,0.4702,18.23341,53.24155,3.23092,5.01774,50.01,0623:06:46,1,08
18:31:30,0.17889,217.50,0.46858,18.247,53.28125,3.23092,5.01774,50.01,0623:06:49,1,08
18:31:31,0.17899,217.50,0.46962,18.28779,53.40036,3.23092,5.01774,50.01,0623:06:50,1,08
18:31:34,0.1793,217.30,0.46967,18.31499,53.47976,3.23092,5.01774,50.00,0623:06:53,1,08
18:31:36,0.17833,217.40,0.46671,18.11103,52.88422,3.23092,5.01774,50.01,0623:06:55,1,08
18:31:38,0.17889,217.50,0.46753,18.20621,53.16214,3.23092,5.01774,50.01,0623:06:57,1,08
18:31:39,0.17856,217.70,0.46643,18.13823,52.96363,3.23092,5.01785,50.00,0623:06:58,1,08
18:31:43,0.17861,217.70,0.46611,18.13823,52.96363,3.23102,5.01785,50.01,0623:07:02,1,08
18:31:44,0.17894,217.80,0.46967,18.31499,53.47976,3.23102,5.01785,50.01,0623:07:03,1,08
18:31:47,0.18031,217.30,0.47295,18.54613,54.15471,3.23102,5.01785,50.01,0623:07:06,1,08
18:31:48,0.18013,217.40,0.46808,18.34218,53.55917,3.23102,5.01785,50.01,0623:07:07,1,08
18:31:49,0.17792,217.40,0.46767,18.09744,52.84452,3.23102,5.01785,50.03,0623:07:08,1,08
18:31:50,0.17833,217.50,0.46987,18.23341,53.24155,3.23102,5.01785,50.03,0623:07:09,1,08
18:31:51,0.17838,217.60,0.47059,18.2742,53.36066,3.23102,5.01785,50.01,0623:07:10,1,08
18:31:54,0.17884,217.40,0.471,18.32858,53.51946,3.23102,5.01785,50.03,0623:07:13,1,08
18:31:55,0.17773,217.40,0.46835,18.11103,52.88422,3.23102,5.01785,50.03,0623:07:14,1,08
18:31:56,0.17768,217.40,0.46974,18.15182,53.00333,3.23102,5.01795,50.03,0623:07:15,1,08
18:31:57,0.17884,217.50,0.4703,18.30139,53.44006,3.23102,5.01795,50.01,0623:07:16,1,08
18:31:59,0.17935,217.50,0.4669,18.21981,53.20185,3.23102,5.01795,50.01,0623:07:17,1,08
18:32:02,0.17922,217.60,0.46864,18.28779,53.40036,3.23112,5.01795,50.01,0623:07:20,1,08
18:32:05,0.17861,217.70,0.46716,18.17902,53.08273,3.23112,5.01795,50.00,0623:07:23,1,08
18:32:06,0.17889,218.10,0.46866,18.30139,53.44006,3.23112,5.01795,50.01,0623:07:24,1,08
18:32:07,0.17838,218.10,0.46962,18.28779,53.40036,3.23112,5.01795,50.01,0623:07:25,1,08
18:32:08,0.17768,218.10,0.46774,18.13823,52.96363,3.23112,5.01795,50.00,0623:07:26,1,08
18:32:10,0.17917,218.10,0.46871,18.32858,53.51946,3.23112,5.01795,50.01,0623:07:28,1,08
18:32:11,0.17833,218.20,0.46788,18.21981,53.20185,3.23112,5.01795,50.01,0623:07:29,1,08
18:32:13,0.1781,218.20,0.46783,18.19262,53.12244,3.23112,5.01795,49.99,0623:07:31,1,08
18:32:16,0.17778,218.30,0.46814,18.17902,53.08273,3.23112,5.01805,49.99,0623:07:34,1,08
18:32:17,0.17745,218.20,0.46982,18.20621,53.16214,3.23112,5.01805,49.99,0623:07:35,1,08
18:32:18,0.17838,218.10,0.47032,18.31499,53.47976,3.23112,5.01805,49.99,0623:07:36,1,08
18:32:19,0.17843,218.10,0.46788,18.21981,53.20185,3.23112,5.01805,49.99,0623:07:37,1,08
18:32:20,0.17783,218.10,0.46811,18.16542,53.04303,3.23122,5.01805,49.97,0623:07:39,1,08
18:32:21,0.17773,218.20,0.46776,18.15182,53.00333,3.23122,5.01805,49.97,0623:07:39,1,08
18:32:22,0.1781,218.00,0.46851,18.20621,53.16214,3.23122,5.01805,49.97,0623:07:40,1,08
18:32:23,0.17768,218.00,0.46807,18.13823,52.96363,3.23122,5.01805,49.97,0623:07:41,1,08
18:32:26,0.17833,218.10,0.4689,18.247,53.28125,3.23122,5.01805,49.96,0623:07:45,1,08
18:32:29,0.18191,218.00,0.4647,18.43736,53.83709,3.23122,5.01805,49.96,0623:07:47,1,08
18:32:30,0.17963,217.80,0.46493,18.20621,53.16214,3.23122,5.01805,49.94,0623:07:49,1,08
18:32:32,0.17843,217.60,0.46711,18.15182,53.00333,3.23122,5.01815,49.96,0623:07:51,1,08
18:32:33,0.17935,217.40,0.46722,18.21981,53.20185,3.23122,5.01815,49.96,0623:07:51,1,08
18:32:34,0.17976,217.40,0.46453,18.16542,53.04303,3.23122,5.01815,49.95,0623:07:52,1,08
18:32:35,0.17899,217.60,0.4672,18.20621,53.16214,3.23122,5.01815,49.95,0623:07:53,1,08
18:32:37,0.17861,217.90,0.46718,18.19262,53.12244,3.23122,5.01815,49.96,0623:07:56,1,08
18:32:38,0.18045,217.90,0.4651,18.30139,53.44006,3.23122,5.01815,49.96,0623:07:57,1,08
18:32:39,0.18045,217.90,0.4651,18.30139,53.44006,3.23122,5.01815,49.96,0623:07:57,1,08
18:32:41,0.17871,217.90,0.46685,18.19262,53.12244,3.23132,5.01815,49.95,0623:07:59,1,08
18:32:42,0.17773,218.00,0.46388,17.98866,52.5269,3.23132,5.01815,49.95,0623:08:01,1,08
18:32:47,0.17999,218.10,0.46711,18.34218,53.55917,3.23132,5.01815,49.96,0623:08:05,1,08
18:32:50,0.18082,218.30,0.46972,18.55973,54.19442,3.23132,5.01825,49.97,0623:08:09,1,08
18:32:53,0.1776,218.30,0.46494,18.02945,52.646,3.23132,5.01825,49.97,0623:08:12,1,08
18:32:55,0.17768,218.30,0.46741,18.13823,52.96363,3.23132,5.01825,49.96,0623:08:14,1,08
18:32:56,0.17806,218.30,0.46678,18.15182,53.00333,3.23132,5.01825,49.96,0623:08:15,1,08
18:32:58,0.18013,218.40,0.46614,18.34218,53.55917,3.23132,5.01825,49.97,0623:08:16,1,08
18:33:01,0.17875,218.50,0.46764,18.2742,53.36066,3.23142,5.01825,49.97,0623:08:20,1,08
18:33:03,0.17922,218.50,0.46287,18.13823,52.96363,3.23142,5.01825,49.97,0623:08:21,1,08
18:33:05,0.17922,218.40,0.46771,18.31499,53.47976,3.23142,5.01825,49.99,0623:08:24,1,08
18:33:06,0.17999,218.40,0.46058,18.11103,52.88422,3.23142,5.01825,49.99,0623:08:25,1,08
18:33:09,0.17718,218.70,0.46599,18.07024,52.76511,3.23142,5.01835,49.99,0623:08:28,1,08
18:33:10,0.17718,218.70,0.46599,18.07024,52.76511,3.23142,5.01835,49.99,0623:08:29,1,08
18:33:15,0.17768,218.40,0.46884,18.20621,53.16214,3.23142,5.01835,50.00,0623:08:34,1,08
18:33:16,0.17768,218.40,0.46884,18.20621,53.16214,3.23142,5.01835,50.00,0623:08:35,1,08
18:33:17,0.18018,218.30,0.46545,18.31499,53.47976,3.23142,5.01835,50.01,0623:08:36,1,08
18:33:20,0.17861,218.40,0.46725,18.23341,53.24155,3.23152,5.01835,50.01,0623:08:39,1,08
18:33:21,0.17948,218.40,0.46602,18.2742,53.36066,3.23152,5.01835,50.01,0623:08:40,1,08
18:33:22,0.17948,218.40,0.46602,18.2742,53.36066,3.23152,5.01835,50.01,0623:08:41,1,08
18:33:23,0.17902,218.30,0.46419,18.15182,53.00333,3.23152,5.01835,50.01,0623:08:42,1,08
18:33:24,0.18004,218.30,0.46611,18.32858,53.51946,3.23152,5.01835,50.01,0623:08:43,1,08
18:33:25,0.17917,218.30,0.46664,18.2606,53.32095,3.23152,5.01846,50.01,0623:08:44,1,08
18:33:27,0.17986,218.30,0.46505,18.2742,53.36066,3.23152,5.01846,50.01,0623:08:46,1,08
18:33:28,0.1794,218.30,0.46738,18.31499,53.47976,3.23152,5.01846,50.01,0623:08:47,1,08
18:33:29,0.1781,218.30,0.46611,18.13823,52.96363,3.23152,5.01846,50.01,0623:08:48,1,08
18:33:30,0.17815,218.30,0.46716,18.17902,53.08273,3.23152,5.01846,50.01,0623:08:49,1,08
18:33:31,0.17922,218.40,0.4684,18.34218,53.55917,3.23152,5.01846,50.03,0623:08:50,1,08
18:33:33,0.17815,218.30,0.46751,18.19262,53.12244,3.23152,5.01846,50.01,0623:08:52,1,08
18:33:34,0.17871,218.30,0.46518,18.16542,53.04303,3.23152,5.01846,50.01,0623:08:53,1,08
18:33:35,0.17902,218.30,0.46592,18.21981,53.20185,3.23152,5.01846,50.03,0623:08:54,1,08
18:33:36,0.17995,218.10,0.4678,18.36937,53.63857,3.23152,5.01846,50.03,0623:08:55,1,08
18:33:37,0.18013,218.10,0.463,18.20621,53.16214,3.23152,5.01846,50.03,0623:08:56,1,08
18:33:38,0.17852,218.10,0.46683,18.17902,53.08273,3.23162,5.01846,50.03,0623:08:57,1,08
18:33:39,0.1793,218.10,0.46803,18.31499,53.47976,3.23162,5.01846,50.04,0623:08:58,1,08
18:33:40,0.17981,218.10,0.46674,18.31499,53.47976,3.23162,5.01846,50.04,0623:08:59,1,08
18:33:41,0.17945,218.10,0.46181,18.08384,52.80481,3.23162,5.01846,50.03,0623:09:00,1,08
18:33:44,0.17976,218.00,0.46706,18.31499,53.47976,3.23162,5.01856,50.03,0623:09:03,1,08
18:33:46,0.1794,217.80,0.46453,18.16542,53.04303,3.23162,5.01856,50.03,0623:09:05,1,08
18:33:49,0.17787,217.90,0.46844,18.16542,53.04303,3.23162,5.01856,50.03,0623:09:08,1,08
18:33:51,0.17824,217.90,0.46851,18.20621,53.16214,3.23162,5.01856,50.03,0623:09:10,1,08
18:33:52,0.17833,218.10,0.46716,18.17902,53.08273,3.23162,5.01856,50.03,0623:09:11,1,08
18:33:53,0.17981,218.30,0.47126,18.50534,54.0356,3.23162,5.01856,50.01,0623:09:12,1,08
18:33:55,0.18105,218.30,0.47215,18.6685,54.51204,3.23162,5.01856,50.01,0623:09:13,1,08
18:33:56,0.17948,218.30,0.47087,18.46455,53.91649,3.23162,5.01856,50.00,0623:09:14,1,08
18:33:57,0.17884,218.30,0.46797,18.2742,53.36066,3.23162,5.01856,50.00,0623:09:15,1,08
18:33:58,0.17945,218.10,0.46806,18.32858,53.51946,3.23162,5.01856,50.00,0623:09:16,1,08
18:34:01,0.17843,218.10,0.47032,18.31499,53.47976,3.23172,5.01866,49.99,0623:09:19,1,08
18:34:02,0.17884,218.00,0.46792,18.247,53.28125,3.23172,5.01866,49.99,0623:09:20,1,08
18:34:03,0.17856,217.90,0.46578,18.13823,52.96363,3.23172,5.01866,49.99,0623:09:21,1,08
18:34:04,0.17801,218.00,0.46954,18.23341,53.24155,3.23172,5.01866,49.97,0623:09:22,1,08
18:34:06,0.17838,218.10,0.46927,18.2742,53.36066,3.23172,5.01866,49.96,0623:09:24,1,08
18:34:08,0.17871,218.30,0.46829,18.2742,53.36066,3.23172,5.01866,49.97,0623:09:26,1,08
18:34:11,0.17741,218.20,0.46702,18.09744,52.84452,3.23172,5.01866,49.99,0623:09:30,1,08
18:34:13,0.18045,218.40,0.46586,18.36937,53.63857,3.23172,5.01866,49.99,0623:09:31,1,08
18:34:14,0.17917,218.60,0.46738,18.31499,53.47976,3.23172,5.01866,49.97,0623:09:32,1,08
18:34:15,0.17953,218.70,0.46851,18.41016,53.75768,3.23172,5.01866,49.97,0623:09:33,1,08
18:34:16,0.18022,218.80,0.46899,18.50534,54.0356,3.23172,5.01866,49.97,0623:09:34,1,08
18:34:19,0.16527,218.50,0.44658,16.13949,47.12731,3.23182,5.01876,49.99,0623:09:37,1,08
18:34:20,0.15195,218.30,0.4209,13.96399,40.77485,3.23182,5.01876,49.97,0623:09:38,1,08
18:34:21,0.14202,218.00,0.40694,12.6043,36.80456,3.23182,5.01876,49.97,0623:09:39,1,08
18:34:22,0.138,218.10,0.39937,12.03323,35.13704,3.23182,5.01876,50.00,0623:09:41,1,08
18:34:23,0.13699,218.40,0.40145,12.01964,35.09734,3.23182,5.01876,50.00,0623:09:41,1,08
18:34:24,0.13692,218.10,0.39945,11.93806,34.85912,3.23182,5.01876,50.00,0623:09:42,1,08
18:34:25,0.13795,218.30,0.40208,12.11481,35.37526,3.23182,5.01876,50.00,0623:09:43,1,08
18:34:26,0.1362,218.40,0.40037,11.91086,34.77971,3.23182,5.01876,50.01,0623:09:44,1,08
18:34:28,0.13572,218.30,0.40046,11.87007,34.6606,3.23182,5.01876,50.01,0623:09:47,1,08
18:34:29,0.13572,218.30,0.40046,11.87007,34.6606,3.23182,5.01876,50.01,0623:09:47,1,08
18:34:30,0.1362,218.40,0.40037,11.91086,34.77971,3.23182,5.01876,50.01,0623:09:48,1,08
18:34:32,0.13602,218.20,0.39927,11.85647,34.6209,3.23182,5.01876,50.03,0623:09:50,1,08
18:34:33,0.13504,218.20,0.40221,11.85647,34.6209,3.23182,5.01876,50.03,0623:09:52,1,08
18:34:34,0.13565,218.20,0.40083,11.87007,34.6606,3.23182,5.01876,50.03,0623:09:53,1,08
18:34:37,0.13602,218.20,0.39927,11.85647,34.6209,3.23182,5.01876,50.03,0623:09:55,1,08
18:34:38,0.13559,218.20,0.40074,11.85647,34.6209,3.23182,5.01887,50.03,0623:09:57,1,08
18:34:39,0.13614,218.30,0.39936,11.87007,34.6606,3.23182,5.01887,50.04,0623:09:58,1,08
18:34:41,0.13572,218.30,0.4,11.85647,34.6209,3.23182,5.01887,50.04,0623:09:59,1,08
18:34:42,0.13657,218.30,0.3979,11.87007,34.6606,3.23182,5.01887,50.04,0623:10:00,1,08
18:34:43,0.13565,218.20,0.39945,11.82928,34.5415,3.23182,5.01887,50.04,0623:10:01,1,08
18:34:49,0.13553,218.10,0.4011,11.85647,34.6209,3.23192,5.01887,50.04,0623:10:08,1,08
18:34:50,0.13614,218.30,0.39899,11.87007,34.6606,3.23192,5.01887,50.04,0623:10:09,1,08
18:34:51,0.13638,218.40,0.39781,11.85647,34.6209,3.23192,5.01887,50.05,0623:10:10,1,08
18:34:52,0.13638,218.40,0.39781,11.85647,34.6209,3.23192,5.01887,50.05,0623:10:10,1,08
18:34:54,0.13644,218.40,0.39836,11.88367,34.70031,3.23192,5.01887,50.03,0623:10:13,1,08
18:34:55,0.13584,218.60,0.39927,11.85647,34.6209,3.23192,5.01887,50.04,0623:10:14,1,08
18:34:56,0.13788,218.40,0.40117,12.08762,35.29585,3.23192,5.01887,50.04,0623:10:15,1,08
18:34:57,0.1365,218.40,0.40155,11.97884,34.97823,3.23192,5.01887,50.03,0623:10:16,1,08
18:35:00,0.1362,218.50,0.39954,11.89726,34.74001,3.23192,5.01897,50.01,0623:10:19,1,08
18:35:02,0.13431,218.50,0.40324,11.84288,34.5812,3.23192,5.01897,50.01,0623:10:21,1,08
18:35:03,0.13394,218.70,0.40538,11.88367,34.70031,3.23192,5.01897,50.01,0623:10:22,1,08
18:35:04,0.13394,218.70,0.40538,11.88367,34.70031,3.23192,5.01897,50.01,0623:10:22,1,08
18:35:05,0.13425,218.70,0.4037,11.85647,34.6209,3.23192,5.01897,50.01,0623:10:24,1,08
18:35:06,0.13425,218.50,0.40361,11.84288,34.5812,3.23192,5.01897,50.01,0623:10:25,1,08
18:35:09,0.13474,218.70,0.40268,11.87007,34.6606,3.23192,5.01897,49.99,0623:10:28,1,08
18:35:14,0.1348,218.60,0.40268,11.87007,34.6606,3.23192,5.01897,49.97,0623:10:33,1,08
18:35:15,0.13504,218.60,0.40239,11.88367,34.70031,3.23192,5.01897,49.97,0623:10:34,1,08
18:35:16,0.13504,218.60,0.40239,11.88367,34.70031,3.23192,5.01897,49.97,0623:10:35,1,08
18:35:19,0.13431,218.60,0.40463,11.88367,34.70031,3.23202,5.01907,49.97,0623:10:38,1,08
18:35:20,0.13443,218.60,0.40333,11.85647,34.6209,3.23202,5.01907,49.97,0623:10:39,1,08
18:35:21,0.13431,218.80,0.40426,11.88367,34.70031,3.23202,5.01907,49.96,0623:10:40,1,08
18:35:22,0.13388,218.80,0.40538,11.88367,34.70031,3.23202,5.01907,49.96,0623:10:41,1,08
18:35:23,0.13461,218.90,0.40314,11.88367,34.70031,3.23202,5.01907,49.96,0623:10:42,1,08
18:35:24,0.13431,218.70,0.40472,11.89726,34.74001,3.23202,5.01907,49.96,0623:10:43,1,08
18:35:25,0.13407,218.90,0.40417,11.87007,34.6606,3.23202,5.01907,49.95,0623:10:44,1,08
18:35:26,0.13326,218.90,0.40354,11.77489,34.38269,3.23202,5.01907,49.95,0623:10:45,1,08
18:35:27,0.13407,218.80,0.40361,11.84288,34.5812,3.23202,5.01907,49.97,0623:10:46,1,08
18:35:28,0.13388,218.80,0.40538,11.88367,34.70031,3.23202,5.01907,49.97,0623:10:47,1,08
18:35:30,0.13511,219.00,0.40165,11.88367,34.70031,3.23202,5.01907,49.96,0623:10:49,1,08
18:35:31,0.13394,218.90,0.40408,11.85647,34.6209,3.23202,5.01907,49.96,0623:10:50,1,08
18:35:37,0.13425,218.70,0.40324,11.84288,34.5812,3.23202,5.01907,49.96,0623:10:56,1,08
18:35:38,0.13486,218.70,0.40138,11.84288,34.5812,3.23202,5.01907,49.96,0623:10:57,1,08
18:35:40,0.13522,218.50,0.40064,11.84288,34.5812,3.23202,5.01917,49.96,0623:10:59,1,08
18:35:42,0.13486,218.20,0.40212,11.84288,34.5812,3.23202,5.01917,49.96,0623:11:01,1,08
18:35:46,0.13511,218.40,0.40239,11.88367,34.70031,3.23202,5.01917,49.97,0623:11:05,1,08
18:35:47,0.13504,218.40,0.40276,11.88367,34.70031,3.23202,5.01917,49.97,0623:11:06,1,08
18:35:48,0.13486,218.50,0.39945,11.77489,34.38269,3.23202,5.01917,49.97,0623:11:07,1,08
18:35:51,0.13529,218.50,0.40156,11.87007,34.6606,3.23212,5.01917,49.97,0623:11:09,1,08
18:35:52,0.13474,218.60,0.40268,11.87007,34.6606,3.23212,5.01917,49.97,0623:11:10,1,08
18:35:54,0.13461,218.70,0.40259,11.85647,34.6209,3.23212,5.01917,49.99,0623:11:12,1,08
18:35:57,0.13492,218.70,0.40055,11.82928,34.5415,3.23212,5.01917,49.97,0623:11:15,1,08
18:36:01,0.13614,218.90,0.40237,11.99244,35.01793,3.23212,5.01927,49.99,0623:11:19,1,08
18:36:04,0.13455,218.60,0.40342,11.87007,34.6606,3.23212,5.01927,50.00,0623:11:22,1,08
18:36:05,0.13529,218.60,0.40119,11.87007,34.6606,3.23212,5.01927,50.00,0623:11:23,1,08
18:36:06,0.13529,218.70,0.40037,11.85647,34.6209,3.23212,5.01927,49.99,0623:11:24,1,08
18:36:07,0.1348,218.70,0.4023,11.87007,34.6606,3.23212,5.01927,49.99,0623:11:25,1,08
18:36:08,0.13431,218.90,0.40148,11.80208,34.46209,3.23212,5.01927,49.99,0623:11:26,1,08
18:36:09,0.13461,218.70,0.40074,11.80208,34.46209,3.23212,5.01927,49.99,0623:11:27,1,08
18:36:11,0.13517,218.60,0.40018,11.82928,34.5415,3.23212,5.01927,50.00,0623:11:29,1,08
18:36:12,0.13517,218.70,0.40349,11.93806,34.85912,3.23212,5.01927,49.99,0623:11:30,1,08
18:36:13,0.13511,218.70,0.4011,11.85647,34.6209,3.23212,5.01927,49.99,0623:11:31,1,08
18:36:15,0.13522,218.70,0.40074,11.85647,34.6209,3.23212,5.01927,49.99,0623:11:33,1,08
18:36:16,0.1348,218.70,0.4023,11.87007,34.6606,3.23212,5.01927,49.99,0623:11:35,1,08
18:36:17,0.1348,218.70,0.4023,11.87007,34.6606,3.23212,5.01927,49.99,0623:11:35,1,08
18:36:18,0.13474,218.80,0.40369,11.91086,34.77971,3.23212,5.01927,49.99,0623:11:36,1,08
18:36:21,0.13498,219.00,0.39788,11.7613,34.34298,3.23222,5.01937,49.97,0623:11:39,1,08
18:36:22,0.13529,219.10,0.40009,11.87007,34.6606,3.23222,5.01937,49.97,0623:11:40,1,08
18:36:25,0.13522,218.90,0.39991,11.84288,34.5812,3.23222,5.01937,49.99,0623:11:43,1,08
18:36:26,0.13565,218.80,0.39927,11.85647,34.6209,3.23222,5.01937,49.97,0623:11:44,1,08
18:36:28,0.13584,219.00,0.39945,11.88367,34.70031,3.23222,5.01937,50.00,0623:11:46,1,08
18:36:29,0.13511,219.00,0.39945,11.82928,34.5415,3.23222,5.01937,50.00,0623:11:47,1,08
18:36:31,0.13511,218.50,0.40101,11.84288,34.5812,3.23222,5.01937,49.99,0623:11:49,1,08
18:36:34,0.13461,218.20,0.40055,11.77489,34.38269,3.23222,5.01937,50.00,0623:11:52,1,08
18:36:35,0.13529,218.30,0.40101,11.84288,34.5812,3.23222,5.01937,50.00,0623:11:53,1,08
18:36:38,0.13541,218.20,0.40018,11.82928,34.5415,3.23222,5.01937,49.99,0623:11:57,1,08
18:36:39,0.13572,218.30,0.4,11.85647,34.6209,3.23222,5.01937,50.00,0623:11:58,1,08
18:36:40,0.13572,218.30,0.4,11.85647,34.6209,3.23222,5.01937,50.00,0623:11:58,1,08
18:36:43,0.13431,218.40,0.40361,11.84288,34.5812,3.23222,5.01947,50.00,0623:12:02,1,08
18:36:47,0.13541,218.80,0.39954,11.84288,34.5812,3.23222,5.01947,50.00,0623:12:05,1,08
18:36:48,0.13687,218.80,0.39837,11.93806,34.85912,3.23222,5.01947,50.00,0623:12:06,1,08
18:36:49,0.13614,218.90,0.39827,11.87007,34.6606,3.23222,5.01947,50.00,0623:12:08,1,08
18:36:52,0.13535,219.00,0.39872,11.82928,34.5415,3.23232,5.01947,49.99,0623:12:10,1,08
18:36:53,0.13529,219.00,0.39725,11.77489,34.38269,3.23232,5.01947,49.99,0623:12:11,1,08
18:36:54,0.1362,218.80,0.3979,11.87007,34.6606,3.23232,5.01947,49.99,0623:12:13,1,08
18:36:55,0.13553,219.00,0.39927,11.85647,34.6209,3.23232,5.01947,49.99,0623:12:14,1,08
18:36:58,0.13535,218.90,0.4,11.85647,34.6209,3.23232,5.01947,49.99,0623:12:16,1,08
18:37:00,0.13541,219.10,0.40055,11.88367,34.70031,3.23232,5.01947,49.97,0623:12:19,1,08
18:37:01,0.13541,219.20,0.39927,11.85647,34.6209,3.23232,5.01947,49.97,0623:12:20,1,08
18:37:02,0.1368,219.10,0.40254,12.07402,35.25615,3.23232,5.01957,49.97,0623:12:21,1,08
18:37:04,0.13614,218.80,0.39781,11.85647,34.6209,3.23232,5.01957,49.97,0623:12:22,1,08
18:37:07,0.13492,219.10,0.40074,11.85647,34.6209,3.23232,5.01957,49.95,0623:12:26,1,08
18:37:09,0.13584,219.30,0.39781,11.85647,34.6209,3.23232,5.01957,49.96,0623:12:28,1,08
18:37:10,0.13626,218.20,0.39717,11.81568,34.50179,3.23232,5.01957,49.96,0623:12:29,1,08
18:37:13,0.13644,219.10,0.39636,11.85647,34.6209,3.23232,5.01957,49.96,0623:12:32,1,08
18:37:14,0.13614,218.90,0.39781,11.85647,34.6209,3.23232,5.01957,49.96,0623:12:33,1,08
18:37:15,0.13572,219.00,0.39854,11.85647,34.6209,3.23232,5.01957,49.97,0623:12:33,1,08
18:37:18,0.13722,218.90,0.39457,11.85647,34.6209,3.23232,5.01957,49.97,0623:12:37,1,08
18:37:21,0.1365,218.90,0.39718,11.87007,34.6606,3.23243,5.01957,49.96,0623:12:40,1,08
18:37:25,0.13565,218.30,0.39669,11.7477,34.30328,3.23243,5.01968,49.96,0623:12:44,1,08
18:37:26,0.1362,218.30,0.39808,11.84288,34.5812,3.23243,5.01968,49.96,0623:12:45,1,08
18:37:27,0.13662,218.40,0.39663,11.84288,34.5812,3.23243,5.01968,49.97,0623:12:46,1,08
18:37:28,0.13692,218.60,0.396,11.85647,34.6209,3.23243,5.01968,49.97,0623:12:47,1,08
18:37:29,0.13729,218.80,0.39502,11.87007,34.6606,3.23243,5.01968,49.97,0623:12:48,1,08
18:37:33,0.13729,218.80,0.39457,11.85647,34.6209,3.23243,5.01968,49.96,0623:12:52,1,08
18:37:34,0.1368,218.70,0.396,11.85647,34.6209,3.23243,5.01968,49.96,0623:12:53,1,08
18:37:37,0.13662,218.40,0.39709,11.85647,34.6209,3.23243,5.01968,49.99,0623:12:56,1,08
18:37:39,0.13644,218.80,0.39709,11.85647,34.6209,3.23243,5.01968,49.97,0623:12:58,1,08
18:37:41,0.13644,219.10,0.39545,11.82928,34.5415,3.23243,5.01968,49.99,0623:13:00,1,08
18:37:42,0.13704,219.00,0.39493,11.85647,34.6209,3.23243,5.01978,49.99,0623:13:01,1,08
18:37:44,0.13699,219.00,0.39493,11.85647,34.6209,3.23243,5.01978,49.99,0623:13:02,1,08
18:37:45,0.13614,219.00,0.39745,11.85647,34.6209,3.23243,5.01978,49.99,0623:13:03,1,08
18:37:46,0.13644,218.90,0.39763,11.88367,34.70031,3.23243,5.01978,49.99,0623:13:04,1,08
18:37:49,0.1365,218.70,0.39627,11.84288,34.5812,3.23243,5.01978,49.97,0623:13:07,1,08
18:37:54,0.13632,218.90,0.39754,11.87007,34.6606,3.23253,5.01978,49.99,0623:13:12,1,08
18:37:56,0.13547,219.00,0.39927,11.85647,34.6209,3.23253,5.01978,50.00,0623:13:14,1,08
18:37:57,0.13541,219.00,0.39872,11.82928,34.5415,3.23253,5.01978,50.00,0623:13:15,1,08
18:37:59,0.1359,218.90,0.3968,11.81568,34.50179,3.23253,5.01978,50.01,0623:13:17,1,08
18:38:00,0.13559,218.90,0.39835,11.82928,34.5415,3.23253,5.01978,49.99,0623:13:18,1,08
18:38:02,0.13565,218.70,0.39917,11.84288,34.5812,3.23253,5.01978,50.00,0623:13:20,1,08
18:38:05,0.13584,218.60,0.39799,11.82928,34.5415,3.23253,5.01988,49.99,0623:13:23,1,08
18:38:08,0.1359,218.70,0.39661,11.78849,34.42239,3.23253,5.01988,49.99,0623:13:26,1,08
18:38:09,0.1362,218.50,0.39726,11.82928,34.5415,3.23253,5.01988,49.99,0623:13:27,1,08
18:38:10,0.1362,218.50,0.39726,11.82928,34.5415,3.23253,5.01988,49.99,0623:13:28,1,08
18:38:12,0.1368,218.50,0.39864,11.92446,34.81942,3.23253,5.01988,49.97,0623:13:30,1,08
18:38:15,0.13602,218.60,0.39854,11.85647,34.6209,3.23253,5.01988,49.97,0623:13:33,1,08
18:38:16,0.13602,218.60,0.39854,11.85647,34.6209,3.23253,5.01988,49.97,0623:13:34,1,08
18:38:17,0.13608,218.50,0.39854,11.85647,34.6209,3.23253,5.01988,49.97,0623:13:35,1,08
18:38:20,0.13553,218.50,0.39908,11.82928,34.5415,3.23253,5.01988,49.97,0623:13:38,1,08
18:38:23,0.13504,218.70,0.40101,11.84288,34.5812,3.23263,5.01988,49.99,0623:13:41,1,08
18:38:24,0.13577,218.70,0.3989,11.85647,34.6209,3.23263,5.01998,49.97,0623:13:42,1,08
18:38:25,0.13577,218.80,0.39936,11.87007,34.6606,3.23263,5.01998,49.97,0623:13:43,1,08
18:38:26,0.13535,218.60,0.39945,11.82928,34.5415,3.23263,5.01998,49.97,0623:13:44,1,08
18:38:28,0.1359,218.40,0.3956,11.7477,34.30328,3.23263,5.01998,49.99,0623:13:46,1,08
18:38:31,0.13657,219.10,0.3951,11.82928,34.5415,3.23263,5.01998,49.97,0623:13:49,1,08
18:38:33,0.13734,219.10,0.39341,11.84288,34.5812,3.23263,5.01998,49.97,0623:13:52,1,08
18:38:34,0.13734,219.10,0.39341,11.84288,34.5812,3.23263,5.01998,49.97,0623:13:52,1,08
18:38:35,0.13764,218.90,0.3936,11.87007,34.6606,3.23263,5.01998,49.97,0623:13:53,1,08
18:38:36,0.13764,219.00,0.3936,11.87007,34.6606,3.23263,5.01998,49.96,0623:13:54,1,08
18:38:37,0.13734,218.90,0.39286,11.81568,34.50179,3.23263,5.01998,49.99,0623:13:55,1,08
18:38:38,0.13753,218.90,0.39295,11.82928,34.5415,3.23263,5.01998,49.99,0623:13:57,1,08
18:38:39,0.13753,219.00,0.3935,11.85647,34.6209,3.23263,5.01998,49.99,0623:13:58,1,08
18:38:42,0.13776,219.10,0.39199,11.84288,34.5812,3.23263,5.01998,49.97,0623:14:00,1,08
18:38:45,0.13741,218.70,0.39376,11.84288,34.5812,3.23263,5.02008,49.97,0623:14:04,1,08
18:38:46,0.13741,218.70,0.39376,11.84288,34.5812,3.23263,5.02008,49.97,0623:14:04,1,08
18:38:47,0.13699,218.70,0.39247,11.7613,34.34298,3.23263,5.02008,49.97,0623:14:05,1,08
18:38:50,0.13788,218.60,0.3927,11.84288,34.5812,3.23263,5.02008,49.99,0623:14:09,1,08
18:38:54,0.13764,218.40,0.39467,11.87007,34.6606,3.23273,5.02008,49.97,0623:14:12,1,08
18:38:58,0.13849,218.10,0.39289,11.87007,34.6606,3.23273,5.02008,49.96,0623:14:16,1,08
18:38:59,0.13795,218.30,0.3926,11.82928,34.5415,3.23273,5.02008,49.97,0623:14:17,1,08
18:39:00,0.13776,218.40,0.39341,11.84288,34.5812,3.23273,5.02008,49.97,0623:14:18,1,08
18:39:01,0.138,218.50,0.39279,11.85647,34.6209,3.23273,5.02008,49.97,0623:14:20,1,08
18:39:02,0.13788,218.40,0.39305,11.84288,34.5812,3.23273,5.02008,49.97,0623:14:21,1,08
18:39:03,0.13818,218.40,0.39324,11.87007,34.6606,3.23273,5.02018,49.97,0623:14:22,1,08
18:39:04,0.13776,218.30,0.39341,11.84288,34.5812,3.23273,5.02018,49.97,0623:14:22,1,08
18:39:05,0.13764,218.00,0.39312,11.80208,34.46209,3.23273,5.02018,49.97,0623:14:23,1,08
18:39:07,0.13878,218.00,0.39128,11.84288,34.5812,3.23273,5.02018,49.97,0623:14:26,1,08
18:39:09,0.14037,218.60,0.39593,12.1556,35.49436,3.23273,5.02018,49.97,0623:14:28,1,08
18:39:10,0.13996,218.80,0.39698,12.1556,35.49436,3.23273,5.02018,49.97,0623:14:28,1,08
18:39:12,0.13884,219.00,0.38963,11.85647,34.6209,3.23273,5.02018,49.97,0623:14:31,1,08
18:39:14,0.13771,218.80,0.39225,11.82928,34.5415,3.23273,5.02018,49.99,0623:14:33,1,08
18:39:15,0.13741,218.60,0.39502,11.87007,34.6606,3.23273,5.02018,49.99,0623:14:34,1,08
18:39:16,0.13717,218.70,0.39447,11.84288,34.5812,3.23273,5.02018,49.99,0623:14:34,1,08
18:39:17,0.13741,218.80,0.3915,11.77489,34.38269,3.23273,5.02018,49.97,0623:14:36,1,08
18:39:18,0.13722,218.90,0.39412,11.84288,34.5812,3.23273,5.02018,49.97,0623:14:37,1,08
18:39:19,0.13729,218.80,0.39321,11.81568,34.50179,3.23273,5.02018,49.99,0623:14:38,1,08
18:39:20,0.13776,218.80,0.3927,11.84288,34.5812,3.23273,5.02018,49.99,0623:14:39,1,08
18:39:25,0.13788,218.70,0.39315,11.85647,34.6209,3.23283,5.02028,49.99,0623:14:44,1,08
18:39:26,0.13818,218.70,0.39209,11.85647,34.6209,3.23283,5.02028,49.99,0623:14:45,1,08
18:39:27,0.13866,218.60,0.39103,11.85647,34.6209,3.23283,5.02028,49.99,0623:14:46,1,08
18:39:28,0.13825,218.50,0.39164,11.84288,34.5812,3.23283,5.02028,49.99,0623:14:47,1,08
18:39:30,0.13788,218.40,0.3917,11.80208,34.46209,3.23283,5.02028,49.99,0623:14:49,1,08
18:39:31,0.13825,218.30,0.39144,11.81568,34.50179,3.23283,5.02028,49.99,0623:14:50,1,08
18:39:36,0.13807,218.30,0.39225,11.82928,34.5415,3.23283,5.02028,49.97,0623:14:55,1,08
18:39:37,0.13837,218.20,0.39244,11.85647,34.6209,3.23283,5.02028,49.99,0623:14:56,1,08
18:39:39,0.13795,218.20,0.3907,11.7613,34.34298,3.23283,5.02028,49.99,0623:14:58,1,08
18:39:43,0.1383,218.50,0.39209,11.85647,34.6209,3.23283,5.02038,50.00,0623:15:02,1,08
18:39:45,0.13764,218.70,0.39305,11.84288,34.5812,3.23283,5.02038,50.00,0623:15:03,1,08
18:39:46,0.13759,218.70,0.39341,11.84288,34.5812,3.23283,5.02038,49.99,0623:15:04,1,08
18:39:47,0.13849,218.60,0.39093,11.84288,34.5812,3.23283,5.02038,49.99,0623:15:05,1,08
18:39:48,0.13854,218.40,0.39218,11.87007,34.6606,3.23283,5.02038,49.97,0623:15:06,1,08
18:39:53,0.13741,218.40,0.39447,11.84288,34.5812,3.23283,5.02038,50.00,0623:15:11,1,08
18:39:55,0.13771,218.40,0.3925,11.81568,34.50179,3.23293,5.02038,49.97,0623:15:13,1,08
18:39:57,0.1383,218.60,0.39254,11.87007,34.6606,3.23293,5.02038,49.97,0623:15:15,1,08
18:39:58,0.13764,218.60,0.39386,11.85647,34.6209,3.23293,5.02038,49.99,0623:15:16,1,08
18:40:01,0.13699,218.70,0.39338,11.78849,34.42239,3.23293,5.02038,49.97,0623:15:19,1,08
18:40:02,0.138,218.50,0.39189,11.82928,34.5415,3.23293,5.02038,49.99,0623:15:20,1,08
18:40:03,0.13687,218.60,0.39555,11.84288,34.5812,3.23293,5.02049,49.99,0623:15:21,1,08
18:40:04,0.13704,218.60,0.39474,11.82928,34.5415,3.23293,5.02049,49.97,0623:15:22,1,08
18:40:05,0.13711,218.50,0.39428,11.81568,34.50179,3.23293,5.02049,49.97,0623:15:23,1,08
18:40:06,0.13722,218.50,0.39483,11.84288,34.5812,3.23293,5.02049,49.97,0623:15:24,1,08
18:40:07,0.13771,218.60,0.39386,11.85647,34.6209,3.23293,5.02049,49.97,0623:15:25,1,08
18:40:08,0.13711,218.50,0.39519,11.84288,34.5812,3.23293,5.02049,49.97,0623:15:26,1,08
18:40:09,0.13717,218.50,0.39483,11.84288,34.5812,3.23293,5.02049,49.97,0623:15:27,1,08
18:40:11,0.13692,218.40,0.39227,11.7341,34.26358,3.23293,5.02049,49.99,0623:15:29,1,08
18:40:13,0.13854,218.50,0.39632,12.00604,35.05763,3.23293,5.02049,49.97,0623:15:31,1,08
18:40:14,0.13741,218.60,0.39412,11.84288,34.5812,3.23293,5.02049,49.97,0623:15:32,1,08
18:40:15,0.13759,218.80,0.39341,11.84288,34.5812,3.23293,5.02049,49.97,0623:15:33,1,08
18:40:16,0.13759,218.80,0.39341,11.84288,34.5812,3.23293,5.02049,49.97,0623:15:34,1,08
18:40:17,0.13818,218.70,0.39209,11.85647,34.6209,3.23293,5.02049,49.97,0623:15:35,1,08
18:40:22,0.13741,218.30,0.39176,11.7613,34.34298,3.23293,5.02049,49.97,0623:15:40,1,08
18:40:23,0.13746,218.30,0.39447,11.84288,34.5812,3.23293,5.02059,49.97,0623:15:41,1,08
18:40:25,0.13764,218.30,0.39428,11.81568,34.50179,3.23293,5.02059,49.97,0623:15:43,1,08
18:40:26,0.13818,218.30,0.39234,11.84288,34.5812,3.23304,5.02059,49.97,0623:15:44,1,08
18:40:28,0.13711,218.40,0.39519,11.84288,34.5812,3.23304,5.02059,49.97,0623:15:46,1,08
18:40:29,0.13717,218.40,0.39474,11.82928,34.5415,3.23304,5.02059,49.97,0623:15:47,1,08
18:40:31,0.13764,218.10,0.38959,11.70691,34.18417,3.23304,5.02059,49.99,0623:15:49,1,08
18:40:32,0.13759,218.10,0.39402,11.82928,34.5415,3.23304,5.02059,49.97,0623:15:50,1,08
18:40:34,0.13729,218.20,0.39564,11.85647,34.6209,3.23304,5.02059,49.97,0623:15:52,1,08
18:40:36,0.13825,218.40,0.39154,11.82928,34.5415,3.23304,5.02059,49.99,0623:15:54,1,08
18:40:37,0.13746,218.60,0.39412,11.84288,34.5812,3.23304,5.02059,49.97,0623:15:55,1,08
18:40:38,0.13771,218.60,0.39386,11.85647,34.6209,3.23304,5.02059,49.97,0623:15:56,1,08
18:40:42,0.13729,218.40,0.39211,11.7613,34.34298,3.23304,5.02069,49.99,0623:16:00,1,08
18:40:44,0.13788,218.40,0.3926,11.82928,34.5415,3.23304,5.02069,49.99,0623:16:02,1,08
18:40:45,0.13788,218.40,0.3926,11.82928,34.5415,3.23304,5.02069,49.99,0623:16:03,1,08
18:40:47,0.13734,218.30,0.39438,11.82928,34.5415,3.23304,5.02069,50.00,0623:16:05,1,08
18:40:48,0.13692,218.30,0.39545,11.82928,34.5415,3.23304,5.02069,50.01,0623:16:06,1,08
18:40:49,0.13711,218.30,0.39464,11.81568,34.50179,3.23304,5.02069,50.00,0623:16:07,1,08
18:40:50,0.13788,218.20,0.3925,11.81568,34.50179,3.23304,5.02069,50.00,0623:16:09,1,08
18:40:51,0.13788,218.20,0.3925,11.81568,34.50179,3.23304,5.02069,50.00,0623:16:09,1,08
18:40:53,0.13657,218.10,0.3969,11.82928,34.5415,3.23304,5.02069,50.01,0623:16:11,1,08
18:40:54,0.13687,218.10,0.39572,11.81568,34.50179,3.23304,5.02069,50.01,0623:16:12,1,08
18:40:55,0.13704,217.90,0.39581,11.82928,34.5415,3.23304,5.02069,49.99,0623:16:13,1,08
18:40:57,0.13729,218.00,0.39555,11.84288,34.5812,3.23314,5.02069,49.99,0623:16:15,1,08
18:40:58,0.13842,217.70,0.39946,12.04683,35.17673,3.23314,5.02069,50.00,0623:16:16,1,08
18:40:59,0.13595,217.80,0.39715,11.7613,34.34298,3.23314,5.02069,50.00,0623:16:17,1,08
18:41:00,0.13644,217.80,0.39707,11.80208,34.46209,3.23314,5.02069,50.00,0623:16:18,1,08
18:41:03,0.13692,217.90,0.39663,11.84288,34.5812,3.23314,5.02079,50.00,0623:16:21,1,08
18:41:04,0.1365,217.90,0.39717,11.81568,34.50179,3.23314,5.02079,50.00,0623:16:22,1,08
18:41:06,0.14242,217.90,0.40324,12.52272,36.56635,3.23314,5.02079,50.00,0623:16:24,1,08
18:41:07,0.18344,217.80,0.47415,18.95404,55.3458,3.23314,5.02079,50.01,0623:16:26,1,08
18:41:08,0.18563,217.90,0.47345,19.15799,55.94134,3.23314,5.02079,50.01,0623:16:27,1,08
18:41:10,0.18541,218.00,0.47209,19.09001,55.74282,3.23314,5.02079,49.99,0623:16:28,1,08
18:41:11,0.18145,218.00,0.46978,18.60052,54.31353,3.23314,5.02079,50.00,0623:16:29,1,08
18:41:13,0.17516,218.20,0.46053,17.60795,51.41521,3.23314,5.02079,50.00,0623:16:32,1,08
18:41:14,0.1769,218.20,0.45954,17.75752,51.85195,3.23314,5.02079,50.00,0623:16:32,1,08
18:41:15,0.1794,218.30,0.45593,17.86629,52.16957,3.23314,5.02079,50.00,0623:16:33,1,08
18:41:20,0.17718,218.40,0.4533,17.55356,51.25641,3.23324,5.02079,49.99,0623:16:38,1,08
18:41:23,0.1754,218.40,0.45496,17.44479,50.93878,3.23324,5.02089,50.00,0623:16:42,1,08
18:41:24,0.1753,218.30,0.45668,17.48558,51.05788,3.23324,5.02089,50.00,0623:16:43,1,08
18:41:25,0.17577,218.30,0.45326,17.404,50.81968,3.23324,5.02089,50.00,0623:16:44,1,08
18:41:27,0.1776,218.40,0.4548,17.64874,51.53432,3.23324,5.02089,50.01,0623:16:45,1,08
18:41:28,0.17591,218.30,0.45577,17.51277,51.1373,3.23324,5.02089,50.01,0623:16:47,1,08
18:41:29,0.1769,218.20,0.45669,17.63515,51.49463,3.23324,5.02089,50.00,0623:16:48,1,08
18:41:31,0.17745,218.20,0.45754,17.73032,51.77254,3.23324,5.02089,50.01,0623:16:50,1,08
18:41:33,0.1761,217.90,0.45397,17.43119,50.89908,3.23324,5.02089,50.00,0623:16:52,1,08
18:41:36,0.17652,217.80,0.4576,17.60795,51.41521,3.23324,5.02089,50.00,0623:16:55,1,08
18:41:37,0.17722,217.80,0.45845,17.70313,51.69313,3.23324,5.02089,50.00,0623:16:56,1,08
18:41:39,0.17652,218.00,0.45445,17.49917,51.09758,3.23324,5.02099,49.99,0623:16:58,1,08
18:41:41,0.17633,218.20,0.45657,17.58076,51.33581,3.23334,5.02099,49.99,0623:17:00,1,08
18:41:42,0.18095,218.10,0.46005,18.16542,53.04303,3.23334,5.02099,49.99,0623:17:01,1,08
18:41:46,0.22682,217.90,0.49203,24.3384,71.06814,3.23334,5.02099,49.99,0623:17:05,1,08
18:41:47,0.22554,217.90,0.49253,24.21603,70.71081,3.23334,5.02099,50.00,0623:17:06,1,08
18:41:50,0.22667,218.10,0.49423,24.44718,71.38577,3.23334,5.02099,49.99,0623:17:07,1,08
18:41:51,0.22641,218.10,0.49312,24.3656,71.14754,3.23334,5.02099,49.99,0623:17:09,1,08
18:41:53,0.22627,218.40,0.4934,24.39279,71.22694,3.23334,5.02099,49.99,0623:17:11,1,08
18:41:54,0.2279,218.60,0.49345,24.59674,71.82249,3.23334,5.0211,49.99,0623:17:12,1,08
18:41:56,0.25455,218.50,0.49633,27.61525,80.63653,3.23334,5.0211,49.99,0623:17:14,1,08
18:41:57,0.28117,218.40,0.49867,30.64735,89.49026,3.23344,5.0211,49.99,0623:17:15,1,08
18:42:01,0.28249,218.10,0.50044,30.90569,90.24463,3.23344,5.0211,49.99,0623:17:19,1,08
18:42:03,0.2824,218.10,0.5,30.82411,90.0064,3.23344,5.0211,49.97,0623:17:21,1,08
18:42:04,0.28496,218.20,0.50131,31.20482,91.11808,3.23344,5.0211,49.99,0623:17:22,1,08
18:42:05,0.2833,218.40,0.50285,31.13684,90.91958,3.23344,5.0211,49.99,0623:17:23,1,08
18:42:08,0.28507,218.30,0.4976,30.98727,90.48283,3.23344,5.0212,49.99,0623:17:26,1,08
18:42:09,0.28461,218.30,0.49694,30.90569,90.24463,3.23355,5.0212,49.99,0623:17:27,1,08
18:42:10,0.28432,218.30,0.5,31.05526,90.68135,3.23355,5.0212,49.99,0623:17:28,1,08
18:42:11,0.28516,218.50,0.49717,31.00087,90.52254,3.23355,5.0212,49.99,0623:17:29,1,08
18:42:12,0.28438,218.50,0.49782,31.09605,90.80047,3.23355,5.0212,49.99,0623:17:30,1,08
18:42:15,0.28519,218.60,0.50131,31.2864,91.35629,3.23355,5.0212,49.99,0623:17:33,1,08
18:42:16,0.28472,218.70,0.4976,31.01447,90.56224,3.23355,5.0212,49.99,0623:17:34,1,08
18:42:28,0.28278,219.00,0.49759,30.83771,90.0461,3.23365,5.0213,49.97,0623:17:46,1,08
18:42:30,0.28539,219.00,0.49848,31.17763,91.03867,3.23365,5.0214,49.97,0623:17:48,1,08
18:42:32,0.28692,219.00,0.49784,31.3,91.396,3.23375,5.0214,49.97,0623:17:50,1,08
18:42:35,0.28449,218.70,0.49891,31.06885,90.72105,3.23375,5.0214,49.97,0623:17:53,1,08
18:42:36,0.28304,218.80,0.50044,31.01447,90.56224,3.23375,5.0214,49.96,0623:17:54,1,08
18:42:39,0.2819,219.00,0.50286,31.06885,90.72105,3.23375,5.0214,49.96,0623:17:57,1,08
18:42:42,0.28426,219.00,0.5024,31.3,91.396,3.23375,5.0215,49.97,0623:18:00,1,08
18:42:43,0.28426,219.00,0.5024,31.3,91.396,3.23375,5.0215,49.97,0623:18:01,1,08
18:42:44,0.28064,219.00,0.5042,31.01447,90.56224,3.23385,5.0215,49.97,0623:18:02,1,08
18:42:45,0.2828,218.90,0.50549,31.31359,91.4357,3.23385,5.0215,49.97,0623:18:03,1,08
18:42:46,0.28228,219.10,0.50527,31.2728,91.31659,3.23385,5.0215,49.99,0623:18:04,1,08
18:42:47,0.28117,219.20,0.50353,31.05526,90.68135,3.23385,5.0215,49.97,0623:18:05,1,08
18:42:50,0.28222,219.20,0.5033,31.15043,90.95927,3.23385,5.0215,49.97,0623:18:08,1,08
18:42:54,0.28143,218.90,0.50243,30.97367,90.44313,3.23385,5.02161,49.97,0623:18:12,1,08
18:42:55,0.28641,218.90,0.50195,31.49035,91.95184,3.23395,5.02161,49.97,0623:18:13,1,08
18:42:56,0.28847,218.90,0.50258,31.76229,92.7459,3.23395,5.02161,49.97,0623:18:14,1,08
18:42:59,0.28904,218.80,0.50301,31.83028,92.94441,3.23395,5.02161,49.97,0623:18:17,1,08
18:43:00,0.28936,218.90,0.50107,31.76229,92.7459,3.23395,5.02161,49.97,0623:18:19,1,08
18:43:02,0.28884,218.70,0.50258,31.76229,92.7459,3.23395,5.02161,49.96,0623:18:20,1,08
18:43:04,0.28856,218.70,0.50108,31.63992,92.38858,3.23395,5.02161,49.97,0623:18:22,1,08
18:43:05,0.28924,218.90,0.50021,31.69431,92.54739,3.23395,5.02171,49.96,0623:18:23,1,08
18:43:07,0.28833,219.10,0.50258,31.76229,92.7459,3.23405,5.02171,49.96,0623:18:25,1,08
18:43:10,0.29064,219.00,0.50406,32.10221,93.73847,3.23405,5.02171,49.97,0623:18:28,1,08
18:43:14,0.13764,218.50,0.3916,11.78849,34.42239,3.23405,5.02171,49.96,0623:18:32,1,08
18:43:15,0.13818,218.50,0.39334,11.88367,34.70031,3.23405,5.02171,49.97,0623:18:33,1,08
18:43:16,0.1386,218.60,0.39193,11.88367,34.70031,3.23405,5.02171,49.97,0623:18:35,1,08
18:43:18,0.13884,219.00,0.39132,11.89726,34.74001,3.23405,5.02171,49.97,0623:18:36,1,08
18:43:19,0.13783,219.00,0.39289,11.87007,34.6606,3.23405,5.02171,49.97,0623:18:37,1,08
18:43:20,0.13973,219.10,0.39387,12.06043,35.21645,3.23405,5.02181,49.97,0623:18:38,1,08
18:43:21,0.13931,218.90,0.39483,12.04683,35.17673,3.23405,5.02181,49.97,0623:18:39,1,08
18:43:22,0.13854,218.70,0.39148,11.87007,34.6606,3.23405,5.02181,49.97,0623:18:41,1,08
18:43:28,0.15075,218.50,0.41089,13.54248,39.54406,3.23405,5.02181,49.96,0623:18:47,1,08
18:43:29,0.1626,218.60,0.43616,15.51403,45.30097,3.23415,5.02181,49.97,0623:18:48,1,08
18:43:30,0.17912,218.60,0.46391,18.17902,53.08273,3.23415,5.02181,49.97,0623:18:48,1,08
18:43:31,0.18027,218.60,0.46241,18.23341,53.24155,3.23415,5.02181,49.97,0623:18:49,1,08
18:43:33,0.17986,218.40,0.46263,18.17902,53.08273,3.23415,5.02181,49.97,0623:18:52,1,08
18:43:34,0.17871,218.20,0.46376,18.09744,52.84452,3.23415,5.02181,49.97,0623:18:53,1,08
18:43:38,0.17995,218.50,0.46372,18.247,53.28125,3.23415,5.02191,49.97,0623:18:56,1,08
18:43:39,0.1794,218.30,0.46565,18.247,53.28125,3.23415,5.02191,49.99,0623:18:58,1,08
18:43:41,0.17902,217.80,0.46481,18.13823,52.96363,3.23415,5.02191,49.97,0623:19:00,1,08
18:43:43,0.18009,217.90,0.46503,18.2606,53.32095,3.23415,5.02191,49.99,0623:19:01,1,08
18:43:45,0.1794,218.50,0.46362,18.19262,53.12244,3.23415,5.02191,49.99,0623:19:04,1,08
18:43:46,0.17986,218.60,0.4651,18.30139,53.44006,3.23415,5.02191,49.99,0623:19:05,1,08
18:43:48,0.17958,218.60,0.4609,18.11103,52.88422,3.23415,5.02191,50.00,0623:19:06,1,08
18:43:52,0.17902,218.80,0.46359,18.17902,53.08273,3.23425,5.02191,49.99,0623:19:10,1,08
18:43:54,0.17953,218.90,0.46646,18.34218,53.55917,3.23425,5.02191,50.00,0623:19:12,1,08
18:43:55,0.17884,218.90,0.46634,18.2742,53.36066,3.23425,5.02191,50.00,0623:19:12,1,08
18:43:58,0.18091,218.80,0.4636,18.35578,53.59887,3.23425,5.02201,50.00,0623:19:16,1,08
18:44:01,0.17907,218.70,0.46565,18.247,53.28125,3.23425,5.02201,49.99,0623:19:19,1,08
18:44:02,0.1793,218.70,0.46431,18.21981,53.20185,3.23425,5.02201,50.00,0623:19:20,1,08
18:44:03,0.17945,218.50,0.46015,18.05664,52.7254,3.23425,5.02201,50.00,0623:19:21,1,08
18:44:08,0.18072,218.90,0.45948,18.19262,53.12244,3.23425,5.02201,49.99,0623:19:26,1,08
18:44:11,0.18344,219.00,0.46245,18.58692,54.27382,3.23435,5.02201,49.99,0623:19:29,1,08
18:44:12,0.18072,218.80,0.46426,18.36937,53.63857,3.23435,5.02201,49.99,0623:19:30,1,08
18:44:13,0.18072,218.80,0.46426,18.36937,53.63857,3.23435,5.02201,49.99,0623:19:31,1,08
18:44:14,0.17953,218.90,0.46369,18.23341,53.24155,3.23435,5.02211,49.99,0623:19:32,1,08
18:44:17,0.18027,218.90,0.46384,18.31499,53.47976,3.23435,5.02211,49.99,0623:19:35,1,08
18:44:18,0.17848,218.90,0.46453,18.16542,53.04303,3.23435,5.02211,50.00,0623:19:36,1,08
18:44:19,0.17848,218.90,0.46453,18.16542,53.04303,3.23435,5.02211,50.00,0623:19:37,1,08
18:44:20,0.17879,218.90,0.46458,18.19262,53.12244,3.23435,5.02211,49.99,0623:19:38,1,08
18:44:22,0.17958,218.80,0.463,18.20621,53.16214,3.23435,5.02211,49.96,0623:19:40,1,08
18:44:25,0.18137,219.10,0.46717,18.57333,54.23412,3.23435,5.02211,49.96,0623:19:43,1,08
18:44:27,0.18105,218.90,0.46402,18.41016,53.75768,3.23435,5.02211,49.96,0623:19:45,1,08
18:44:28,0.17935,219.10,0.46404,18.247,53.28125,3.23435,5.02211,49.96,0623:19:46,1,08
18:44:29,0.18004,219.20,0.46522,18.36937,53.63857,3.23446,5.02211,49.96,0623:19:47,1,08
18:44:30,0.17972,219.10,0.4617,18.19262,53.12244,3.23446,5.02221,49.97,0623:19:48,1,08
18:44:32,0.17922,219.00,0.46226,18.15182,53.00333,3.23446,5.02221,49.97,0623:19:50,1,08
18:44:34,0.1794,218.60,0.46431,18.21981,53.20185,3.23446,5.02221,49.99,0623:19:52,1,08
18:44:35,0.17968,218.70,0.463,18.20621,53.16214,3.23446,5.02221,49.99,0623:19:53,1,08
18:44:36,0.18041,218.60,0.4621,18.23341,53.24155,3.23446,5.02221,49.97,0623:19:54,1,08
18:44:37,0.18041,218.60,0.4621,18.23341,53.24155,3.23446,5.02221,49.97,0623:19:55,1,08
18:44:38,0.18004,218.60,0.46305,18.23341,53.24155,3.23446,5.02221,49.96,0623:19:56,1,08
18:44:40,0.17986,218.80,0.46512,18.31499,53.47976,3.23446,5.02221,49.99,0623:19:58,1,08
18:44:44,0.17972,218.90,0.4634,18.247,53.28125,3.23446,5.02221,49.96,0623:20:02,1,08
18:44:46,0.18009,219.00,0.4635,18.30139,53.44006,3.23446,5.02221,49.97,0623:20:04,1,08
18:44:48,0.17902,219.00,0.46396,18.20621,53.16214,3.23456,5.02232,49.99,0623:20:06,1,08
18:44:49,0.17902,219.00,0.46396,18.20621,53.16214,3.23456,5.02232,49.99,0623:20:07,1,08
18:44:50,0.17889,219.10,0.46394,18.19262,53.12244,3.23456,5.02232,49.97,0623:20:08,1,08
18:44:52,0.17958,219.00,0.46372,18.247,53.28125,3.23456,5.02232,49.99,0623:20:10,1,08
18:44:53,0.18004,218.90,0.46379,18.28779,53.40036,3.23456,5.02232,49.97,0623:20:11,1,08
18:44:54,0.17875,218.90,0.46389,18.16542,53.04303,3.23456,5.02232,49.97,0623:20:12,1,08
18:44:56,0.18045,219.10,0.46289,18.31499,53.47976,3.23456,5.02232,49.97,0623:20:14,1,08
18:44:57,0.17968,219.20,0.46411,18.28779,53.40036,3.23456,5.02232,49.97,0623:20:15,1,08
18:45:00,0.17848,219.00,0.46558,18.20621,53.16214,3.23456,5.02232,49.97,0623:20:18,1,08
18:45:01,0.18031,218.80,0.46384,18.31499,53.47976,3.23456,5.02232,49.97,0623:20:19,1,08
18:45:02,0.17889,218.80,0.466,18.2606,53.32095,3.23456,5.02232,49.99,0623:20:20,1,08
18:45:03,0.17741,218.80,0.46464,18.04305,52.6857,3.23456,5.02232,49.97,0623:20:21,1,08
18:45:04,0.17801,218.80,0.4665,18.17902,53.08273,3.23456,5.02232,49.97,0623:20:22,1,08
18:45:07,0.17718,219.10,0.46676,18.13823,52.96363,3.23456,5.02242,49.99,0623:20:25,1,08
18:45:08,0.17829,219.20,0.46662,18.247,53.28125,3.23466,5.02242,50.00,0623:20:26,1,08
18:45:09,0.17801,219.30,0.46971,18.34218,53.55917,3.23466,5.02242,49.99,0623:20:27,1,08
18:45:10,0.1782,219.30,0.46592,18.21981,53.20185,3.23466,5.02242,49.99,0623:20:28,1,08
18:45:11,0.18559,219.20,0.46393,18.88605,55.14728,3.23466,5.02242,50.00,0623:20:29,1,08
18:45:14,0.17713,219.30,0.46781,18.17902,53.08273,3.23466,5.02242,50.00,0623:20:32,1,08
18:45:16,0.17889,219.10,0.46567,18.2606,53.32095,3.23466,5.02242,50.03,0623:20:34,1,08
18:45:22,0.17731,218.90,0.46569,18.08384,52.80481,3.23466,5.02252,50.01,0623:20:40,1,08
18:45:23,0.17745,218.70,0.46674,18.12463,52.92392,3.23466,5.02252,50.01,0623:20:42,1,08
18:45:24,0.17902,218.50,0.46736,18.30139,53.44006,3.23466,5.02252,50.01,0623:20:42,1,08
18:45:27,0.18164,218.60,0.46715,18.55973,54.19442,3.23466,5.02252,50.03,0623:20:45,1,08
18:45:29,0.1782,218.60,0.46615,18.16542,53.04303,3.23476,5.02252,50.01,0623:20:48,1,08
18:45:30,0.17981,218.60,0.46438,18.2606,53.32095,3.23476,5.02252,50.01,0623:20:48,1,08
18:45:31,0.18068,218.60,0.46421,18.34218,53.55917,3.23476,5.02252,50.01,0623:20:49,1,08
18:45:33,0.17843,218.60,0.46376,18.09744,52.84452,3.23476,5.02252,50.00,0623:20:51,1,08
18:45:35,0.18013,218.60,0.4648,18.31499,53.47976,3.23476,5.02252,50.00,0623:20:54,1,08
18:45:36,0.17948,218.60,0.4626,18.16542,53.04303,3.23476,5.02252,50.00,0623:20:55,1,08
18:45:37,0.17852,218.70,0.4659,18.20621,53.16214,3.23476,5.02252,50.00,0623:20:55,1,08
18:45:38,0.17866,218.90,0.46664,18.2606,53.32095,3.23476,5.02252,50.00,0623:20:56,1,08
18:45:39,0.17995,218.80,0.46653,18.38297,53.67828,3.23476,5.02252,49.99,0623:20:57,1,08
18:45:40,0.17945,218.80,0.46367,18.21981,53.20185,3.23476,5.02262,49.99,0623:20:59,1,08
18:45:41,0.17902,218.90,0.46359,18.17902,53.08273,3.23476,5.02262,49.97,0623:21:00,1,08
18:45:42,0.17902,219.00,0.46535,18.2606,53.32095,3.23476,5.02262,49.97,0623:21:01,1,08
18:45:43,0.17945,219.10,0.46717,18.38297,53.67828,3.23476,5.02262,50.00,0623:21:01,1,08
18:45:45,0.17815,219.30,0.46381,18.12463,52.92392,3.23476,5.02262,50.01,0623:21:03,1,08
18:45:46,0.17824,219.30,0.46282,18.11103,52.88422,3.23476,5.02262,50.01,0623:21:05,1,08
18:45:49,0.18159,219.20,0.46621,18.57333,54.23412,3.23486,5.02262,50.03,0623:21:07,1,08
18:45:52,0.18164,219.20,0.46621,18.57333,54.23412,3.23486,5.02262,50.03,0623:21:10,1,08
18:45:53,0.18077,219.20,0.46605,18.47815,53.9562,3.23486,5.02262,50.03,0623:21:11,1,08
18:45:55,0.18059,219.40,0.46776,18.54613,54.15471,3.23486,5.02262,50.03,0623:21:12,1,08
18:45:56,0.17848,219.40,0.46426,18.19262,53.12244,3.23486,5.02262,50.04,0623:21:13,1,08
18:45:57,0.17833,219.40,0.46354,18.15182,53.00333,3.23486,5.02262,50.04,0623:21:14,1,08
18:45:58,0.17889,219.30,0.46641,18.31499,53.47976,3.23486,5.02272,50.05,0623:21:16,1,08
18:46:00,0.17945,218.80,0.46263,18.17902,53.08273,3.23486,5.02272,50.04,0623:21:18,1,08
18:46:01,0.17945,218.80,0.46263,18.17902,53.08273,3.23486,5.02272,50.04,0623:21:18,1,08
18:46:03,0.1782,218.50,0.46685,18.19262,53.12244,3.23486,5.02272,50.06,0623:21:21,1,08
18:46:05,0.17972,218.50,0.46574,18.30139,53.44006,3.23486,5.02272,50.05,0623:21:23,1,08
18:46:06,0.17899,218.60,0.46354,18.15182,53.00333,3.23486,5.02272,50.05,0623:21:24,1,08
18:46:07,0.17899,218.60,0.46354,18.15182,53.00333,3.23486,5.02272,50.05,0623:21:24,1,08
18:46:09,0.17963,218.50,0.46676,18.32858,53.51946,3.23496,5.02272,50.05,0623:21:27,1,08
18:46:10,0.17912,218.50,0.46528,18.21981,53.20185,3.23496,5.02272,50.05,0623:21:28,1,08
18:46:11,0.18187,218.80,0.46585,18.54613,54.15471,3.23496,5.02272,50.05,0623:21:29,1,08
18:46:12,0.18187,218.80,0.46585,18.54613,54.15471,3.23496,5.02272,50.05,0623:21:29,1,08
18:46:13,0.17912,218.70,0.46773,18.32858,53.51946,3.23496,5.02272,50.05,0623:21:30,1,08
18:46:15,0.17912,218.40,0.46424,18.17902,53.08273,3.23496,5.02283,50.03,0623:21:33,1,08
18:46:16,0.17879,218.30,0.46936,18.32858,53.51946,3.23496,5.02283,50.03,0623:21:34,1,08
18:46:17,0.17792,218.20,0.46816,18.19262,53.12244,3.23496,5.02283,50.03,0623:21:35,1,08
18:46:18,0.17792,218.20,0.46816,18.19262,53.12244,3.23496,5.02283,50.01,0623:21:35,1,08
18:46:19,0.17792,218.20,0.46641,18.12463,52.92392,3.23496,5.02283,50.01,0623:21:37,1,08
18:46:21,0.1781,218.20,0.46678,18.15182,53.00333,3.23496,5.02283,50.00,0623:21:39,1,08
18:46:26,0.17917,219.10,0.46364,18.20621,53.16214,3.23496,5.02283,49.97,0623:21:44,1,08
18:46:27,0.17843,219.10,0.46942,18.36937,53.63857,3.23496,5.02283,49.97,0623:21:45,1,08
18:46:28,0.17773,219.20,0.46685,18.19262,53.12244,3.23506,5.02283,49.97,0623:21:46,1,08
18:46:29,0.1782,219.20,0.46555,18.19262,53.12244,3.23506,5.02283,49.97,0623:21:47,1,08
18:46:30,0.1782,219.20,0.46555,18.19262,53.12244,3.23506,5.02283,49.96,0623:21:48,1,08
18:46:31,0.18031,219.20,0.46564,18.42376,53.79739,3.23506,5.02283,49.96,0623:21:49,1,08
18:46:32,0.17894,219.40,0.46505,18.2742,53.36066,3.23506,5.02283,49.97,0623:21:50,1,08
18:46:34,0.1781,219.30,0.46592,18.21981,53.20185,3.23506,5.02293,49.97,0623:21:52,1,08
18:46:36,0.17986,219.40,0.46591,18.39657,53.71798,3.23506,5.02293,49.97,0623:21:54,1,08
18:46:37,0.17848,219.30,0.46806,18.32858,53.51946,3.23506,5.02293,49.97,0623:21:55,1,08
18:46:38,0.17736,219.10,0.46469,18.07024,52.76511,3.23506,5.02293,49.97,0623:21:56,1,08
18:46:40,0.17875,219.10,0.46357,18.16542,53.04303,3.23506,5.02293,49.97,0623:21:58,1,08
18:46:42,0.17796,219.10,0.46585,18.17902,53.08273,3.23506,5.02293,49.99,0623:22:00,1,08
18:46:43,0.17948,219.30,0.46515,18.32858,53.51946,3.23506,5.02293,49.99,0623:22:01,1,08
18:46:44,0.17871,219.30,0.4629,18.15182,53.00333,3.23506,5.02293,49.99,0623:22:02,1,08
18:46:48,0.17861,219.10,0.46667,18.2742,53.36066,3.23516,5.02293,49.99,0623:22:06,1,08
18:46:49,0.17948,219.20,0.46409,18.2742,53.36066,3.23516,5.02293,49.99,0623:22:07,1,08
18:46:50,0.17976,219.30,0.46586,18.36937,53.63857,3.23516,5.02303,49.99,0623:22:08,1,08
18:46:52,0.17815,219.50,0.46421,18.16542,53.04303,3.23516,5.02303,49.97,0623:22:10,1,08
18:46:54,0.18045,219.40,0.46362,18.36937,53.63857,3.23516,5.02303,49.97,0623:22:12,1,08
18:46:55,0.17884,219.40,0.46537,18.2742,53.36066,3.23516,5.02303,49.97,0623:22:13,1,08
18:46:57,0.17852,219.20,0.46319,18.13823,52.96363,3.23516,5.02303,49.99,0623:22:15,1,08
18:47:02,0.18018,219.40,0.46424,18.35578,53.59887,3.23516,5.02303,49.97,0623:22:20,1,08
18:47:03,0.17884,219.40,0.4626,18.16542,53.04303,3.23516,5.02303,49.97,0623:22:21,1,08
18:47:04,0.18091,219.40,0.45856,18.20621,53.16214,3.23516,5.02303,49.97,0623:22:22,1,08
18:47:05,0.18045,219.30,0.46429,18.38297,53.67828,3.23516,5.02303,49.99,0623:22:23,1,08
18:47:06,0.17981,219.20,0.46483,18.32858,53.51946,3.23516,5.02303,49.99,0623:22:24,1,08
18:47:07,0.17773,219.20,0.46267,18.02945,52.646,3.23526,5.02313,49.99,0623:22:25,1,08
18:47:08,0.17917,219.20,0.46298,18.19262,53.12244,3.23526,5.02313,49.97,0623:22:26,1,08
18:47:09,0.18087,219.20,0.46265,18.35578,53.59887,3.23526,5.02313,49.99,0623:22:27,1,08
18:47:10,0.17856,219.10,0.46424,18.17902,53.08273,3.23526,5.02313,49.99,0623:22:28,1,08
18:47:11,0.18313,219.20,0.4631,18.60052,54.31353,3.23526,5.02313,49.99,0623:22:29,1,08
18:47:12,0.18004,219.30,0.46352,18.31499,53.47976,3.23526,5.02313,49.99,0623:22:30,1,08
18:47:13,0.18013,219.20,0.46456,18.35578,53.59887,3.23526,5.02313,49.99,0623:22:31,1,08
18:47:14,0.17764,219.20,0.45883,17.87989,52.20927,3.23526,5.02313,49.99,0623:22:32,1,08
18:47:16,0.14363,218.90,0.40536,12.75387,37.24129,3.23526,5.02313,49.97,0623:22:34,1,08
18:47:17,0.13626,218.70,0.39553,11.78849,34.42239,3.23526,5.02313,49.99,0623:22:35,1,08
18:47:18,0.1368,218.80,0.39646,11.87007,34.6606,3.23526,5.02313,49.99,0623:22:36,1,08
18:47:20,0.13638,218.90,0.39754,11.87007,34.6606,3.23526,5.02313,49.99,0623:22:38,1,08
18:47:21,0.13638,218.80,0.39754,11.87007,34.6606,3.23526,5.02313,49.99,0623:22:39,1,08
18:47:23,0.1365,218.60,0.39754,11.87007,34.6606,3.23526,5.02313,49.99,0623:22:41,1,08
18:47:24,0.13662,218.50,0.39754,11.87007,34.6606,3.23526,5.02313,50.00,0623:22:42,1,08
18:47:25,0.13638,218.40,0.39872,11.88367,34.70031,3.23526,5.02313,50.00,0623:22:43,1,08
18:47:26,0.13614,218.40,0.39899,11.87007,34.6606,3.23526,5.02323,50.00,0623:22:44,1,08
18:47:29,0.13699,218.20,0.395,11.81568,34.50179,3.23526,5.02323,50.01,0623:22:47,1,08
18:47:30,0.13711,218.20,0.3951,11.82928,34.5415,3.23526,5.02323,50.01,0623:22:48,1,08
18:47:31,0.13741,218.40,0.39538,11.87007,34.6606,3.23526,5.02323,50.01,0623:22:49,1,08
18:47:32,0.13914,218.50,0.39535,12.01964,35.09734,3.23526,5.02323,50.01,0623:22:50,1,08
18:47:33,0.13979,218.50,0.39413,12.04683,35.17673,3.23536,5.02323,50.01,0623:22:51,1,08
18:47:34,0.13776,218.50,0.3935,11.85647,34.6209,3.23536,5.02323,50.01,0623:22:52,1,08
18:47:36,0.13746,218.50,0.39412,11.84288,34.5812,3.23536,5.02323,50.01,0623:22:54,1,08
18:47:37,0.13753,218.40,0.39457,11.85647,34.6209,3.23536,5.02323,50.00,0623:22:55,1,08
18:47:38,0.13771,218.60,0.39476,11.88367,34.70031,3.23536,5.02323,50.00,0623:22:56,1,08
18:47:39,0.13753,218.60,0.39421,11.85647,34.6209,3.23536,5.02323,50.03,0623:22:57,1,08
18:47:41,0.13687,218.60,0.396,11.85647,34.6209,3.23536,5.02323,50.01,0623:22:59,1,08
18:47:42,0.13711,218.60,0.39574,11.87007,34.6606,3.23536,5.02323,50.01,0623:23:00,1,08
18:47:47,0.13746,218.70,0.39512,11.88367,34.70031,3.23536,5.02333,50.03,0623:23:05,1,08
18:47:49,0.13759,218.50,0.39421,11.85647,34.6209,3.23536,5.02333,50.03,0623:23:06,1,08
18:47:51,0.13692,218.50,0.39691,11.88367,34.70031,3.23536,5.02333,50.05,0623:23:08,1,08
18:47:52,0.13687,218.60,0.396,11.85647,34.6209,3.23536,5.02333,50.04,0623:23:10,1,08
18:47:53,0.13764,218.60,0.39386,11.85647,34.6209,3.23536,5.02333,50.04,0623:23:11,1,08
18:47:54,0.13764,218.60,0.39386,11.85647,34.6209,3.23536,5.02333,50.05,0623:23:11,1,08
18:47:55,0.13825,218.50,0.39299,11.88367,34.70031,3.23536,5.02333,50.05,0623:23:12,1,08
18:47:56,0.138,218.60,0.39324,11.87007,34.6606,3.23536,5.02333,50.05,0623:23:13,1,08
18:47:58,0.13771,218.60,0.39431,11.87007,34.6606,3.23536,5.02333,50.04,0623:23:16,1,08
18:47:59,0.13771,218.50,0.39386,11.85647,34.6209,3.23536,5.02333,50.04,0623:23:17,1,08
18:48:00,0.13771,218.50,0.39386,11.85647,34.6209,3.23536,5.02333,50.05,0623:23:17,1,08
18:48:01,0.13741,218.40,0.39447,11.84288,34.5812,3.23536,5.02333,50.05,0623:23:18,1,08
18:48:04,0.13729,218.30,0.39665,11.89726,34.74001,3.23546,5.02333,50.04,0623:23:22,1,08
18:48:05,0.13699,218.50,0.39555,11.84288,34.5812,3.23546,5.02333,50.04,0623:23:23,1,08
18:48:06,0.13699,218.50,0.39555,11.84288,34.5812,3.23546,5.02343,50.04,0623:23:23,1,08
18:48:07,0.13704,218.40,0.39646,11.87007,34.6606,3.23546,5.02343,50.04,0623:23:24,1,08
18:48:08,0.13704,218.40,0.396,11.85647,34.6209,3.23546,5.02343,50.01,0623:23:25,1,08
18:48:11,0.13849,218.20,0.39793,12.03323,35.13704,3.23546,5.02343,50.00,0623:23:29,1,08
18:48:13,0.13896,218.40,0.39436,11.97884,34.97823,3.23546,5.02343,49.99,0623:23:30,1,08
18:48:14,0.13996,218.50,0.39467,12.07402,35.25615,3.23546,5.02343,49.99,0623:23:32,1,08
18:48:15,0.13902,218.60,0.39624,12.04683,35.17673,3.23546,5.02343,49.99,0623:23:33,1,08
18:48:16,0.1392,218.70,0.39554,12.04683,35.17673,3.23546,5.02343,49.97,0623:23:34,1,08
18:48:18,0.13931,218.80,0.39661,12.10122,35.33555,3.23546,5.02343,49.97,0623:23:35,1,08
18:48:19,0.13931,219.00,0.39492,12.06043,35.21645,3.23546,5.02343,49.97,0623:23:36,1,08
18:48:23,0.13559,218.60,0.40055,11.88367,34.70031,3.23546,5.02343,49.97,0623:23:41,1,08
18:48:24,0.13559,218.60,0.40055,11.88367,34.70031,3.23546,5.02343,49.97,0623:23:41,1,08
18:48:25,0.13517,218.60,0.40064,11.84288,34.5812,3.23546,5.02343,49.97,0623:23:43,1,08
18:48:27,0.13614,218.70,0.39909,11.88367,34.70031,3.23546,5.02354,49.97,0623:23:45,1,08
18:48:28,0.13722,218.70,0.39583,11.88367,34.70031,3.23546,5.02354,49.99,0623:23:46,1,08
18:48:31,0.13783,218.50,0.3926,11.82928,34.5415,3.23546,5.02354,49.97,0623:23:49,1,08
18:48:37,0.13795,218.60,0.39369,11.88367,34.70031,3.23556,5.02354,49.99,0623:23:55,1,08
18:48:41,0.13753,218.60,0.39421,11.85647,34.6209,3.23556,5.02354,49.99,0623:23:59,1,08
18:48:42,0.13753,218.60,0.39421,11.85647,34.6209,3.23556,5.02354,49.97,0623:24:00,1,08
18:48:43,0.13746,218.70,0.39331,11.82928,34.5415,3.23556,5.02354,49.97,0623:24:01,1,08
18:48:45,0.13722,218.80,0.39502,11.87007,34.6606,3.23556,5.02354,49.96,0623:24:03,1,08
18:48:48,0.13795,218.40,0.3936,11.87007,34.6606,3.23556,5.02364,49.96,0623:24:06,1,08
18:48:50,0.13734,218.40,0.39402,11.82928,34.5415,3.23556,5.02364,49.96,0623:24:08,1,08
18:48:52,0.13717,218.50,0.39438,11.82928,34.5415,3.23556,5.02364,49.97,0623:24:10,1,08
18:48:53,0.13734,218.60,0.39538,11.87007,34.6606,3.23556,5.02364,49.99,0623:24:11,1,08
18:48:55,0.13783,218.60,0.3936,11.87007,34.6606,3.23556,5.02364,49.99,0623:24:13,1,08
18:48:57,0.13788,218.60,0.39405,11.88367,34.70031,3.23556,5.02364,49.99,0623:24:15,1,08
18:48:58,0.13729,218.40,0.39529,11.85647,34.6209,3.23556,5.02364,49.97,0623:24:16,1,08
18:49:01,0.13776,218.40,0.39341,11.84288,34.5812,3.23556,5.02364,49.99,0623:24:19,1,08
18:49:02,0.1383,218.40,0.39154,11.82928,34.5415,3.23556,5.02364,49.99,0623:24:20,1,08
18:49:03,0.138,218.50,0.3936,11.87007,34.6606,3.23556,5.02364,50.00,0623:24:21,1,08
18:49:04,0.13753,218.60,0.39421,11.85647,34.6209,3.23556,5.02364,50.00,0623:24:22,1,08
18:49:05,0.13764,218.60,0.39386,11.85647,34.6209,3.23567,5.02364,50.00,0623:24:23,1,08
18:49:08,0.13788,218.30,0.39386,11.85647,34.6209,3.23567,5.02374,49.99,0623:24:26,1,08
18:49:09,0.13746,218.30,0.39085,11.7341,34.26358,3.23567,5.02374,49.99,0623:24:27,1,08
18:49:10,0.138,218.30,0.3935,11.85647,34.6209,3.23567,5.02374,49.99,0623:24:28,1,08
18:49:11,0.13825,218.30,0.39505,11.92446,34.81942,3.23567,5.02374,49.99,0623:24:29,1,08
18:49:12,0.13854,218.30,0.39173,11.85647,34.6209,3.23567,5.02374,49.97,0623:24:30,1,08
18:49:13,0.13837,218.40,0.39299,11.88367,34.70031,3.23567,5.02374,49.97,0623:24:31,1,08
18:49:15,0.13818,218.70,0.39299,11.88367,34.70031,3.23567,5.02374,49.99,0623:24:33,1,08
18:49:16,0.1383,218.50,0.39209,11.85647,34.6209,3.23567,5.02374,49.99,0623:24:34,1,08
18:49:17,0.1389,218.40,0.39113,11.87007,34.6606,3.23567,5.02374,49.96,0623:24:35,1,08
18:49:20,0.13776,218.70,0.39315,11.85647,34.6209,3.23567,5.02374,49.96,0623:24:38,1,08
18:49:21,0.13717,218.70,0.39483,11.84288,34.5812,3.23567,5.02374,49.97,0623:24:39,1,08
18:49:22,0.138,218.50,0.39234,11.84288,34.5812,3.23567,5.02374,49.97,0623:24:40,1,08
18:49:24,0.13813,218.50,0.39279,11.85647,34.6209,3.23567,5.02374,49.96,0623:24:42,1,08
18:49:25,0.13825,218.50,0.39209,11.85647,34.6209,3.23567,5.02384,49.99,0623:24:43,1,08
18:49:28,0.13818,218.20,0.39405,11.88367,34.70031,3.23567,5.02384,49.97,0623:24:46,1,08
18:49:29,0.13746,218.10,0.39166,11.7477,34.30328,3.23567,5.02384,49.97,0623:24:47,1,08
18:49:31,0.13842,218.20,0.39244,11.85647,34.6209,3.23567,5.02384,49.97,0623:24:49,1,08
18:49:32,0.13872,218.20,0.39093,11.84288,34.5812,3.23567,5.02384,49.97,0623:24:50,1,08
18:49:33,0.13783,218.20,0.39295,11.82928,34.5415,3.23567,5.02384,49.97,0623:24:51,1,08
18:49:35,0.13837,218.30,0.39289,11.87007,34.6606,3.23567,5.02384,49.97,0623:24:53,1,08
18:49:36,0.13807,218.30,0.3936,11.87007,34.6606,3.23577,5.02384,49.99,0623:24:54,1,08
18:49:38,0.1392,218.20,0.3966,12.04683,35.17673,3.23577,5.02384,50.00,0623:24:56,1,08
18:49:39,0.13967,218.20,0.39518,12.04683,35.17673,3.23577,5.02384,49.99,0623:24:57,1,08
18:49:40,0.14067,218.20,0.39637,12.1692,35.53407,3.23577,5.02384,49.99,0623:24:58,1,08
18:49:42,0.13849,218.20,0.39119,11.82928,34.5415,3.23577,5.02384,49.99,0623:25:00,1,08
18:49:43,0.13878,218.20,0.39004,11.81568,34.50179,3.23577,5.02384,49.99,0623:25:01,1,08
18:49:44,0.13914,217.90,0.38978,11.82928,34.5415,3.23577,5.02384,49.99,0623:25:02,1,08
18:49:45,0.13908,218.00,0.39113,11.87007,34.6606,3.23577,5.02394,49.99,0623:25:03,1,08
18:49:49,0.13872,217.70,0.39289,11.87007,34.6606,3.23577,5.02394,49.99,0623:25:06,1,08
18:49:52,0.13837,217.90,0.39134,11.80208,34.46209,3.23577,5.02394,50.00,0623:25:09,1,08
18:49:53,0.13854,218.00,0.39199,11.84288,34.5812,3.23577,5.02394,50.00,0623:25:11,1,08
18:49:58,0.13896,218.20,0.39058,11.84288,34.5812,3.23577,5.02394,50.00,0623:25:15,1,08
18:49:59,0.13937,218.00,0.38998,11.85647,34.6209,3.23577,5.02394,50.00,0623:25:17,1,08
18:50:01,0.13937,218.00,0.38998,11.85647,34.6209,3.23577,5.02394,50.00,0623:25:18,1,08
18:50:02,0.13949,217.90,0.39043,11.87007,34.6606,3.23577,5.02394,49.99,0623:25:19,1,08
18:50:03,0.13996,217.70,0.3876,11.81568,34.50179,3.23577,5.02394,49.99,0623:25:20,1,08
18:50:04,0.13949,217.70,0.38988,11.84288,34.5812,3.23577,5.02394,49.97,0623:25:22,1,08
18:50:05,0.13908,217.80,0.39138,11.85647,34.6209,3.23577,5.02404,49.97,0623:25:23,1,08
18:50:06,0.13908,217.80,0.39138,11.85647,34.6209,3.23577,5.02404,49.97,0623:25:23,1,08
18:50:07,0.13961,217.70,0.38953,11.84288,34.5812,3.23587,5.02404,49.97,0623:25:24,1,08
18:50:08,0.13908,217.80,0.39058,11.84288,34.5812,3.23587,5.02404,49.99,0623:25:25,1,08
18:50:09,0.13914,217.90,0.39148,11.87007,34.6606,3.23587,5.02404,49.99,0623:25:26,1,08
18:50:10,0.14008,217.90,0.38914,11.88367,34.70031,3.23587,5.02404,49.96,0623:25:28,1,08
18:50:12,0.14079,218.00,0.39061,11.99244,35.01793,3.23587,5.02404,49.97,0623:25:29,1,08
18:50:13,0.13896,218.00,0.38914,11.78849,34.42239,3.23587,5.02404,49.97,0623:25:30,1,08
18:50:15,0.13866,218.30,0.39093,11.84288,34.5812,3.23587,5.02404,49.97,0623:25:33,1,08
18:50:16,0.1389,218.30,0.39023,11.84288,34.5812,3.23587,5.02404,49.97,0623:25:34,1,08
18:50:17,0.13878,218.40,0.39103,11.85647,34.6209,3.23587,5.02404,49.97,0623:25:35,1,08
18:50:18,0.13878,218.40,0.39103,11.85647,34.6209,3.23587,5.02404,49.97,0623:25:35,1,08
18:50:19,0.13837,218.40,0.39209,11.85647,34.6209,3.23587,5.02404,49.97,0623:25:36,1,08
18:50:21,0.13937,218.00,0.39088,11.88367,34.70031,3.23587,5.02404,49.99,0623:25:39,1,08
18:50:23,0.13813,218.00,0.39305,11.84288,34.5812,3.23587,5.02404,49.97,0623:25:41,1,08
18:50:24,0.13813,218.00,0.39305,11.84288,34.5812,3.23587,5.02404,49.97,0623:25:41,1,08
18:50:25,0.1386,217.90,0.39154,11.82928,34.5415,3.23587,5.02414,49.97,0623:25:42,1,08
18:50:26,0.13961,218.00,0.38884,11.84288,34.5812,3.23587,5.02414,49.96,0623:25:43,1,08
18:50:28,0.13896,218.10,0.39193,11.88367,34.70031,3.23587,5.02414,49.97,0623:25:46,1,08
18:50:29,0.13795,218.20,0.39395,11.87007,34.6606,3.23587,5.02414,49.97,0623:25:47,1,08
18:50:33,0.13783,217.80,0.39493,11.85647,34.6209,3.23587,5.02414,49.96,0623:25:51,1,08
18:50:34,0.13818,217.80,0.3925,11.81568,34.50179,3.23587,5.02414,49.97,0623:25:52,1,08
18:50:35,0.13849,217.90,0.39324,11.87007,34.6606,3.23587,5.02414,49.97,0623:25:53,1,08
18:50:38,0.13866,218.00,0.39299,11.88367,34.70031,3.23597,5.02414,49.97,0623:25:56,1,08
18:50:39,0.13842,218.00,0.39324,11.87007,34.6606,3.23597,5.02414,49.97,0623:25:57,1,08
18:50:42,0.14008,217.80,0.39528,12.06043,35.21645,3.23597,5.02414,49.97,0623:25:59,1,08
18:50:44,0.13818,218.20,0.39315,11.85647,34.6209,3.23597,5.02414,49.99,0623:26:02,1,08
18:50:45,0.13813,218.50,0.39279,11.85647,34.6209,3.23597,5.02424,49.99,0623:26:03,1,08
18:50:48,0.13759,218.60,0.39286,11.81568,34.50179,3.23597,5.02424,49.97,0623:26:05,1,08
18:50:49,0.13813,218.20,0.39134,11.80208,34.46209,3.23597,5.02424,49.97,0623:26:07,1,08
18:50:51,0.13866,218.30,0.39128,11.84288,34.5812,3.23597,5.02424,49.97,0623:26:09,1,08
18:50:54,0.13783,218.40,0.3926,11.82928,34.5415,3.23597,5.02424,49.96,0623:26:12,1,08
18:50:58,0.13729,218.10,0.3961,11.87007,34.6606,3.23597,5.02424,49.96,0623:26:16,1,08
18:50:59,0.13699,218.20,0.39545,11.82928,34.5415,3.23597,5.02424,49.97,0623:26:17,1,08
18:51:00,0.13734,218.10,0.39201,11.7477,34.30328,3.23597,5.02424,49.97,0623:26:18,1,08
18:51:01,0.13837,218.20,0.39244,11.85647,34.6209,3.23597,5.02424,49.97,0623:26:19,1,08
18:51:02,0.138,218.30,0.39305,11.84288,34.5812,3.23597,5.02424,49.97,0623:26:20,1,08
18:51:08,0.13795,218.00,0.39421,11.85647,34.6209,3.23607,5.02435,49.96,0623:26:26,1,08
18:51:09,0.13764,218.30,0.39241,11.80208,34.46209,3.23607,5.02435,49.96,0623:26:27,1,08
18:51:10,0.13764,218.20,0.39276,11.80208,34.46209,3.23607,5.02435,49.97,0623:26:28,1,08
18:51:12,0.13788,218.30,0.39341,11.84288,34.5812,3.23607,5.02435,49.97,0623:26:30,1,08
18:51:17,0.13614,218.40,0.39899,11.87007,34.6606,3.23607,5.02435,49.97,0623:26:35,1,08
18:51:18,0.1362,218.30,0.39808,11.84288,34.5812,3.23607,5.02435,49.97,0623:26:36,1,08
18:51:19,0.13572,218.40,0.39633,11.7477,34.30328,3.23607,5.02435,49.97,0623:26:37,1,08
18:51:21,0.13614,218.30,0.39762,11.82928,34.5415,3.23607,5.02435,49.97,0623:26:39,1,08
18:51:22,0.13602,218.40,0.39844,11.84288,34.5812,3.23607,5.02435,49.97,0623:26:40,1,08
18:51:23,0.13608,218.40,0.39808,11.84288,34.5812,3.23607,5.02435,49.99,0623:26:41,1,08
18:51:24,0.13614,218.30,0.39762,11.82928,34.5415,3.23607,5.02435,49.99,0623:26:42,1,08
18:51:25,0.13692,218.30,0.39682,11.87007,34.6606,3.23607,5.02445,49.99,0623:26:43,1,08
18:51:28,0.13662,218.30,0.39654,11.82928,34.5415,3.23607,5.02445,49.97,0623:26:46,1,08
18:51:29,0.13692,218.30,0.39273,11.7477,34.30328,3.23607,5.02445,49.96,0623:26:47,1,08
18:51:33,0.13674,218.40,0.39581,11.82928,34.5415,3.23607,5.02445,49.97,0623:26:51,1,08
18:51:34,0.13729,218.40,0.39529,11.85647,34.6209,3.23607,5.02445,49.97,0623:26:52,1,08
18:51:36,0.13771,218.40,0.39421,11.85647,34.6209,3.23607,5.02445,49.96,0623:26:54,1,08
18:51:37,0.13818,218.30,0.39324,11.87007,34.6606,3.23607,5.02445,49.97,0623:26:55,1,08
18:51:38,0.13764,218.20,0.39231,11.78849,34.42239,3.23617,5.02445,49.97,0623:26:56,1,08
18:51:40,0.13842,218.10,0.39189,11.82928,34.5415,3.23617,5.02445,49.96,0623:26:58,1,08
18:51:41,0.13764,218.10,0.39357,11.81568,34.50179,3.23617,5.02445,49.96,0623:26:59,1,08
18:51:42,0.13788,218.10,0.39376,11.84288,34.5812,3.23617,5.02445,49.97,0623:27:00,1,08
18:51:43,0.13729,218.10,0.39519,11.84288,34.5812,3.23617,5.02445,49.96,0623:27:01,1,08
18:51:46,0.13937,218.20,0.39589,12.04683,35.17673,3.23617,5.02455,49.97,0623:27:03,1,08
18:51:49,0.13854,218.00,0.39424,11.91086,34.77971,3.23617,5.02455,49.97,0623:27:06,1,08
18:51:50,0.13717,218.00,0.39591,11.84288,34.5812,3.23617,5.02455,49.97,0623:27:07,1,08
18:51:53,0.13734,218.40,0.39438,11.82928,34.5415,3.23617,5.02455,49.97,0623:27:10,1,08
18:51:54,0.13692,218.30,0.39591,11.84288,34.5812,3.23617,5.02455,49.96,0623:27:11,1,08
18:51:55,0.13692,218.30,0.39591,11.84288,34.5812,3.23617,5.02455,49.96,0623:27:12,1,08
18:51:56,0.13692,218.20,0.39672,11.85647,34.6209,3.23617,5.02455,49.97,0623:27:13,1,08
18:51:57,0.13572,218.20,0.39991,11.84288,34.5812,3.23617,5.02455,49.97,0623:27:14,1,08
18:51:59,0.13608,218.10,0.39835,11.82928,34.5415,3.23617,5.02455,49.97,0623:27:16,1,08
18:52:00,0.13674,218.00,0.39699,11.84288,34.5812,3.23617,5.02455,49.99,0623:27:17,1,08
18:52:02,0.13626,218.10,0.39844,11.84288,34.5812,3.23617,5.02455,49.97,0623:27:19,1,08
18:52:04,0.13602,218.10,0.39789,11.81568,34.50179,3.23617,5.02455,49.97,0623:27:21,1,08
18:52:07,0.1362,218.20,0.39899,11.87007,34.6606,3.23617,5.02465,49.97,0623:27:24,1,08
18:52:08,0.13614,218.20,0.39799,11.82928,34.5415,3.23617,5.02465,49.96,0623:27:25,1,08
18:52:09,0.13608,218.10,0.39927,11.85647,34.6209,3.23617,5.02465,49.96,0623:27:26,1,08
18:52:11,0.13872,218.10,0.40566,12.27798,35.85169,3.23627,5.02465,49.97,0623:27:29,1,08
18:52:14,0.13559,218.30,0.40037,11.85647,34.6209,3.23627,5.02465,49.99,0623:27:31,1,08
18:52:15,0.13608,218.40,0.39982,11.88367,34.70031,3.23627,5.02465,49.99,0623:27:32,1,08
18:52:17,0.13553,218.20,0.39982,11.82928,34.5415,3.23627,5.02465,49.99,0623:27:35,1,08
18:52:19,0.13638,218.10,0.39534,11.7613,34.34298,3.23627,5.02465,49.99,0623:27:36,1,08
18:52:20,0.1365,218.20,0.39735,11.84288,34.5812,3.23627,5.02465,49.99,0623:27:37,1,08
18:52:22,0.1365,218.40,0.39745,11.85647,34.6209,3.23627,5.02465,49.99,0623:27:40,1,08
18:52:25,0.1362,218.10,0.3989,11.85647,34.6209,3.23627,5.02465,49.97,0623:27:42,1,08
18:52:26,0.13699,218.00,0.39718,11.87007,34.6606,3.23627,5.02475,49.97,0623:27:43,1,08
18:52:27,0.13595,218.00,0.39872,11.82928,34.5415,3.23627,5.02475,49.97,0623:27:44,1,08
18:52:29,0.1362,218.20,0.39753,11.81568,34.50179,3.23627,5.02475,49.97,0623:27:47,1,08
18:52:30,0.1362,218.20,0.39753,11.81568,34.50179,3.23627,5.02475,49.97,0623:27:47,1,08
18:52:31,0.13572,218.00,0.39991,11.84288,34.5812,3.23627,5.02475,49.97,0623:27:48,1,08
18:52:32,0.13602,218.00,0.39826,11.81568,34.50179,3.23627,5.02475,49.97,0623:27:49,1,08
18:52:33,0.1365,218.00,0.39772,11.84288,34.5812,3.23627,5.02475,49.97,0623:27:51,1,08
18:52:34,0.13741,217.70,0.39555,11.84288,34.5812,3.23627,5.02475,49.99,0623:27:52,1,08
18:52:35,0.13662,217.80,0.39772,11.84288,34.5812,3.23627,5.02475,49.99,0623:27:53,1,08
18:52:36,0.13577,217.60,0.4011,11.85647,34.6209,3.23627,5.02475,49.97,0623:27:53,1,08
18:52:38,0.1362,217.60,0.39633,11.7477,34.30328,3.23627,5.02475,49.97,0623:27:56,1,08
18:52:39,0.13668,217.70,0.39772,11.84288,34.5812,3.23627,5.02475,49.97,0623:27:57,1,08
18:52:42,0.13553,218.00,0.40064,11.84288,34.5812,3.23638,5.02475,49.97,0623:27:59,1,08
18:52:45,0.13614,218.20,0.39799,11.82928,34.5415,3.23638,5.02475,49.97,0623:28:03,1,08
18:52:46,0.13577,218.10,0.4,11.85647,34.6209,3.23638,5.02485,49.99,0623:28:04,1,08
18:52:47,0.13662,218.40,0.40118,11.97884,34.97823,3.23638,5.02485,49.99,0623:28:05,1,08
18:52:50,0.13522,218.50,0.39742,11.7477,34.30328,3.23638,5.02485,50.00,0623:28:08,1,08
18:52:51,0.13541,218.80,0.40046,11.87007,34.6606,3.23638,5.02485,50.00,0623:28:09,1,08
18:52:53,0.13547,218.80,0.39862,11.81568,34.50179,3.23638,5.02485,49.99,0623:28:10,1,08
18:52:55,0.13541,218.60,0.39899,11.81568,34.50179,3.23638,5.02485,50.00,0623:28:13,1,08
18:52:57,0.13572,218.60,0.39927,11.85647,34.6209,3.23638,5.02485,50.01,0623:28:15,1,08
18:52:58,0.13468,218.80,0.40175,11.84288,34.5812,3.23638,5.02485,50.00,0623:28:16,1,08
18:52:59,0.13517,218.80,0.40074,11.85647,34.6209,3.23638,5.02485,50.00,0623:28:16,1,08
18:53:02,0.13449,218.90,0.40259,11.85647,34.6209,3.23638,5.02485,50.03,0623:28:20,1,08
18:53:03,0.13381,219.00,0.40399,11.84288,34.5812,3.23638,5.02485,50.03,0623:28:21,1,08
18:53:04,0.13381,219.10,0.40315,11.82928,34.5415,3.23638,5.02485,50.01,0623:28:22,1,08
18:53:09,0.1348,218.70,0.40138,11.84288,34.5812,3.23638,5.02495,50.04,0623:28:27,1,08
18:53:10,0.13431,218.80,0.40241,11.82928,34.5415,3.23638,5.02495,50.04,0623:28:28,1,08
18:53:11,0.13565,218.60,0.40422,11.99244,35.01793,3.23648,5.02495,50.04,0623:28:29,1,08
18:53:12,0.13474,218.60,0.40221,11.85647,34.6209,3.23648,5.02495,50.01,0623:28:30,1,08
18:53:13,0.1348,218.60,0.40175,11.84288,34.5812,3.23648,5.02495,50.01,0623:28:31,1,08
18:53:14,0.13522,218.70,0.40028,11.84288,34.5812,3.23648,5.02495,50.03,0623:28:32,1,08
18:53:16,0.13443,218.80,0.40065,11.78849,34.42239,3.23648,5.02495,50.03,0623:28:34,1,08
18:53:18,0.13498,218.60,0.40009,11.81568,34.50179,3.23648,5.02495,50.03,0623:28:36,1,08
18:53:20,0.13511,218.70,0.40018,11.82928,34.5415,3.23648,5.02495,50.03,0623:28:38,1,08
18:53:22,0.13468,218.60,0.4012,11.81568,34.50179,3.23648,5.02495,50.00,0623:28:40,1,08
18:53:24,0.1348,218.40,0.40074,11.80208,34.46209,3.23648,5.02495,50.01,0623:28:42,1,08
18:53:26,0.13468,218.60,0.40212,11.84288,34.5812,3.23648,5.02505,50.00,0623:28:44,1,08
18:53:27,0.13443,218.70,0.4025,11.84288,34.5812,3.23648,5.02505,49.99,0623:28:45,1,08
18:53:28,0.13468,218.80,0.40129,11.82928,34.5415,3.23648,5.02505,49.99,0623:28:46,1,08
18:53:31,0.13504,218.60,0.40101,11.84288,34.5812,3.23648,5.02505,49.99,0623:28:49,1,08
18:53:33,0.13449,218.60,0.40203,11.82928,34.5415,3.23648,5.02505,49.99,0623:28:51,1,08
18:53:34,0.134,218.60,0.40352,11.82928,34.5415,3.23648,5.02505,49.99,0623:28:52,1,08
18:53:35,0.134,218.60,0.40352,11.82928,34.5415,3.23648,5.02505,49.99,0623:28:53,1,08
18:53:40,0.13437,218.50,0.40278,11.82928,34.5415,3.23648,5.02505,49.99,0623:28:58,1,08
18:53:42,0.13437,218.50,0.40278,11.82928,34.5415,3.23648,5.02505,49.99,0623:28:59,1,08
18:53:44,0.13437,218.30,0.40361,11.84288,34.5812,3.23658,5.02505,49.97,0623:29:01,1,08
18:53:46,0.13394,218.30,0.40195,11.7613,34.34298,3.23658,5.02505,49.97,0623:29:03,1,08
18:53:47,0.13431,218.50,0.40324,11.84288,34.5812,3.23658,5.02505,49.97,0623:29:04,1,08
18:53:48,0.13431,218.50,0.40324,11.84288,34.5812,3.23658,5.02516,49.97,0623:29:05,1,08
18:53:53,0.13437,218.50,0.40139,11.78849,34.42239,3.23658,5.02516,49.99,0623:29:10,1,08
18:53:55,0.13626,218.20,0.40082,11.92446,34.81942,3.23658,5.02516,49.99,0623:29:12,1,08
18:53:56,0.14899,218.50,0.42195,13.74644,40.1396,3.23658,5.02516,49.97,0623:29:13,1,08
18:53:57,0.18054,218.40,0.47381,18.6957,54.59145,3.23658,5.02516,49.97,0623:29:14,1,08
18:54:01,0.18132,218.50,0.48148,19.09001,55.74282,3.23658,5.02516,49.97,0623:29:18,1,08
18:54:02,0.18182,218.60,0.47914,19.04922,55.62371,3.23658,5.02516,49.99,0623:29:19,1,08
18:54:03,0.18299,218.60,0.47622,19.06281,55.66342,3.23658,5.02516,49.99,0623:29:20,1,08
18:54:04,0.18264,218.60,0.47754,19.07641,55.70312,3.23658,5.02516,49.97,0623:29:21,1,08
18:54:05,0.18264,218.60,0.47754,19.07641,55.70312,3.23658,5.02516,49.97,0623:29:22,1,08
18:54:06,0.18237,218.70,0.47785,19.06281,55.66342,3.23658,5.02516,49.99,0623:29:23,1,08
18:54:08,0.1824,218.80,0.47888,19.1172,55.82223,3.23668,5.02526,49.99,0623:29:25,1,08
18:54:09,0.18222,218.90,0.47716,19.03562,55.58401,3.23668,5.02526,49.99,0623:29:26,1,08
18:54:10,0.18105,218.90,0.47874,18.98123,55.42521,3.23668,5.02526,49.99,0623:29:27,1,08
18:54:11,0.18105,218.90,0.47874,18.98123,55.42521,3.23668,5.02526,49.99,0623:29:28,1,08
18:54:12,0.2125,218.60,0.49444,22.99231,67.13755,3.23668,5.02526,50.00,0623:29:29,1,08
18:54:13,0.21385,218.50,0.49738,23.25065,67.8919,3.23668,5.02526,50.00,0623:29:30,1,08
18:54:14,0.21547,218.40,0.49451,23.29144,68.01102,3.23668,5.02526,50.00,0623:29:31,1,08
18:54:15,0.2147,218.70,0.49537,23.26425,67.9316,3.23668,5.02526,50.00,0623:29:32,1,08
18:54:16,0.21489,218.80,0.49422,23.25065,67.8919,3.23668,5.02526,49.99,0623:29:34,1,08
18:54:18,0.21528,218.80,0.49394,23.29144,68.01102,3.23668,5.02526,49.97,0623:29:35,1,08
18:54:19,0.21451,218.80,0.49392,23.19627,67.7331,3.23668,5.02526,49.97,0623:29:36,1,08
18:54:23,0.23845,219.00,0.50104,26.18758,76.46773,3.23678,5.02536,49.99,0623:29:40,1,08
18:54:24,0.2345,219.00,0.50079,25.73888,75.15753,3.23678,5.02536,50.00,0623:29:41,1,08
18:54:25,0.23493,219.00,0.50185,25.83406,75.43546,3.23678,5.02536,50.00,0623:29:42,1,08
18:54:26,0.23545,219.00,0.50158,25.87485,75.55456,3.23678,5.02536,50.00,0623:29:43,1,08
18:54:27,0.23636,219.00,0.50157,25.98362,75.87218,3.23678,5.02536,50.00,0623:29:45,1,08
18:54:28,0.23475,218.80,0.50185,25.79326,75.31634,3.23678,5.02536,50.00,0623:29:46,1,08
18:54:30,0.23482,218.60,0.50106,25.73888,75.15753,3.23678,5.02536,50.01,0623:29:47,1,08
18:54:31,0.23587,218.50,0.50237,25.91564,75.67367,3.23678,5.02536,50.01,0623:29:48,1,08
18:54:34,0.23539,218.50,0.50106,25.77967,75.27664,3.23678,5.02536,50.01,0623:29:52,1,08
18:54:35,0.23517,218.60,0.50132,25.79326,75.31634,3.23678,5.02536,50.01,0623:29:52,1,08
18:54:37,0.23478,219.00,0.50423,25.94283,75.75307,3.23689,5.02546,50.01,0623:29:54,1,08
18:54:38,0.23447,218.90,0.50344,25.86125,75.51485,3.23689,5.02546,50.03,0623:29:56,1,08
18:54:42,0.23493,218.50,0.50529,25.95643,75.79278,3.23689,5.02546,50.03,0623:29:59,1,08
18:54:49,0.23566,218.70,0.50264,25.91564,75.67367,3.23689,5.02546,50.03,0623:30:07,1,08
18:54:50,0.2351,218.70,0.50132,25.79326,75.31634,3.23689,5.02546,50.01,0623:30:08,1,08
18:54:53,0.23674,218.70,0.50262,26.03801,76.03099,3.23699,5.02556,50.03,0623:30:10,1,08
18:54:54,0.23751,218.70,0.50131,26.0652,76.1104,3.23699,5.02556,50.04,0623:30:11,1,08
18:54:55,0.23734,218.90,0.50209,26.106,76.22951,3.23699,5.02556,50.04,0623:30:13,1,08
18:54:56,0.23765,218.80,0.50235,26.14678,76.34861,3.23699,5.02556,50.03,0623:30:14,1,08
18:54:57,0.23678,218.80,0.50262,26.0652,76.1104,3.23699,5.02556,50.03,0623:30:15,1,08
18:54:58,0.23549,218.90,0.50316,25.95643,75.79278,3.23699,5.02556,50.03,0623:30:16,1,08
18:54:59,0.23496,218.90,0.50211,25.83406,75.43546,3.23699,5.02556,50.03,0623:30:16,1,08
18:55:00,0.2352,218.80,0.50132,25.82046,75.39574,3.23699,5.02556,50.04,0623:30:18,1,08
18:55:02,0.28202,218.60,0.50595,31.20482,91.11808,3.23699,5.02556,50.01,0623:30:20,1,08
18:55:04,0.28105,218.60,0.50376,30.97367,90.44313,3.23709,5.02567,50.03,0623:30:22,1,08
18:55:06,0.28414,218.70,0.50284,31.2728,91.31659,3.23709,5.02567,50.01,0623:30:24,1,08
18:55:07,0.28193,218.80,0.50176,30.97367,90.44313,3.23709,5.02567,50.01,0623:30:25,1,08
18:55:09,0.28295,218.90,0.50154,31.08245,90.76075,3.23709,5.02567,50.00,0623:30:27,1,08
18:55:11,0.2853,218.80,0.50348,31.44956,91.83273,3.23709,5.02567,50.00,0623:30:29,1,08
18:55:14,0.28301,218.60,0.50176,31.06885,90.72105,3.23709,5.02567,50.00,0623:30:32,1,08
18:55:15,0.28403,218.70,0.50175,31.19122,91.07838,3.23709,5.02567,50.00,0623:30:33,1,08
18:55:16,0.28545,218.60,0.50392,31.47676,91.91213,3.23719,5.02577,50.00,0623:30:34,1,08
18:55:17,0.28301,218.60,0.50351,31.17763,91.03867,3.23719,5.02577,50.00,0623:30:35,1,08
18:55:19,0.28652,218.80,0.49978,31.35439,91.55482,3.23719,5.02577,50.00,0623:30:37,1,08
18:55:22,0.2836,218.50,0.50285,31.19122,91.07838,3.23719,5.02577,49.99,0623:30:40,1,08
18:55:30,0.28611,218.60,0.50391,31.53115,92.07095,3.23729,5.02588,49.97,0623:30:48,1,08
18:55:31,0.28161,218.50,0.50155,30.89209,90.20492,3.23729,5.02588,49.97,0623:30:49,1,08
18:55:32,0.28449,218.40,0.50481,31.39518,91.67393,3.23729,5.02588,49.97,0623:30:50,1,08
18:55:33,0.28472,218.00,0.5046,31.34079,91.51512,3.23729,5.02588,49.99,0623:30:51,1,08
18:55:34,0.28472,218.00,0.5046,31.34079,91.51512,3.23729,5.02588,49.99,0623:30:52,1,08
18:55:37,0.2828,217.90,0.50132,30.91929,90.28432,3.23729,5.02588,49.97,0623:30:54,1,08
18:55:38,0.28336,217.90,0.50528,31.23201,91.19748,3.23729,5.02588,49.96,0623:30:55,1,08
18:55:39,0.28481,218.50,0.50546,31.47676,91.91213,3.23729,5.02588,49.96,0623:30:56,1,08
18:55:41,0.2833,218.80,0.49956,30.98727,90.48283,3.23739,5.02588,49.97,0623:30:58,1,08
18:55:42,0.28444,218.70,0.50284,31.31359,91.4357,3.23739,5.02598,49.97,0623:30:59,1,08
18:55:43,0.28155,218.70,0.50353,31.02806,90.60194,3.23739,5.02598,49.97,0623:31:00,1,08
18:55:44,0.28476,218.90,0.50392,31.42237,91.75333,3.23739,5.02598,49.96,0623:31:01,1,08
18:55:47,0.28545,218.80,0.50283,31.42237,91.75333,3.23739,5.02598,49.99,0623:31:04,1,08
18:55:48,0.28263,218.60,0.50396,31.16403,90.99898,3.23739,5.02598,49.97,0623:31:05,1,08
18:55:53,0.28507,218.90,0.50544,31.55834,92.15036,3.23749,5.02598,50.00,0623:31:10,1,08
18:55:54,0.28252,218.90,0.50308,31.13684,90.91958,3.23749,5.02608,50.00,0623:31:11,1,08
18:55:55,0.1794,219.00,0.45228,17.78471,51.93135,3.23749,5.02608,50.00,0623:31:12,1,08
18:55:56,0.16326,219.00,0.45209,16.16668,47.20671,3.23749,5.02608,50.00,0623:31:13,1,08
18:55:58,0.13704,219.10,0.40814,12.26438,35.81199,3.23749,5.02608,50.00,0623:31:15,1,08
18:55:59,0.13704,219.10,0.40814,12.26438,35.81199,3.23749,5.02608,50.00,0623:31:16,1,08
18:56:00,0.13437,219.10,0.40397,11.89726,34.74001,3.23749,5.02608,50.01,0623:31:17,1,08
18:56:01,0.13437,219.20,0.40305,11.87007,34.6606,3.23749,5.02608,50.01,0623:31:18,1,08
18:56:04,0.13412,218.90,0.4037,11.85647,34.6209,3.23749,5.02608,50.05,0623:31:21,1,08
18:56:05,0.13394,218.80,0.40445,11.85647,34.6209,3.23749,5.02608,50.05,0623:31:22,1,08
18:56:07,0.13425,218.40,0.40361,11.84288,34.5812,3.23749,5.02608,50.04,0623:31:24,1,08
18:56:08,0.13431,218.30,0.40361,11.84288,34.5812,3.23749,5.02608,50.05,0623:31:25,1,08
18:56:09,0.13425,218.30,0.40445,11.85647,34.6209,3.23749,5.02608,50.05,0623:31:26,1,08
18:56:10,0.13498,218.30,0.40452,11.92446,34.81942,3.23749,5.02608,50.05,0623:31:27,1,08
18:56:13,0.16926,218.40,0.46618,17.24083,50.34323,3.23749,5.02618,50.05,0623:31:30,1,08
18:56:14,0.17591,218.50,0.47419,18.23341,53.24155,3.23759,5.02618,50.04,0623:31:31,1,08
18:56:15,0.1753,218.60,0.47234,18.11103,52.88422,3.23759,5.02618,50.04,0623:31:32,1,08
18:56:16,0.17755,218.70,0.47271,18.36937,53.63857,3.23759,5.02618,50.05,0623:31:33,1,08
18:56:18,0.17577,218.80,0.47208,18.16542,53.04303,3.23759,5.02618,50.05,0623:31:35,1,08
18:56:20,0.1768,218.80,0.47331,18.32858,53.51946,3.23759,5.02618,50.05,0623:31:37,1,08
18:56:21,0.17671,218.80,0.46978,18.17902,53.08273,3.23759,5.02618,50.05,0623:31:38,1,08
18:56:22,0.17614,218.80,0.47038,18.13823,52.96363,3.23759,5.02618,50.05,0623:31:40,1,08
18:56:23,0.17648,218.60,0.47252,18.23341,53.24155,3.23759,5.02618,50.05,0623:31:40,1,08
18:56:25,0.17624,218.40,0.47107,18.15182,53.00333,3.23759,5.02618,50.04,0623:31:42,1,08
18:56:29,0.17601,218.50,0.47173,18.15182,53.00333,3.23759,5.02618,50.06,0623:31:46,1,08
18:56:30,0.17601,218.60,0.47173,18.15182,53.00333,3.23759,5.02618,50.05,0623:31:47,1,08
18:56:31,0.17741,218.70,0.47162,18.30139,53.44006,3.23759,5.02629,50.05,0623:31:48,1,08
18:56:33,0.17563,218.60,0.47311,18.17902,53.08273,3.23759,5.02629,50.05,0623:31:51,1,08
18:56:34,0.17572,218.80,0.47314,18.20621,53.16214,3.23769,5.02629,50.04,0623:31:52,1,08
18:56:35,0.17629,218.80,0.47463,18.31499,53.47976,3.23769,5.02629,50.04,0623:31:52,1,08
18:56:36,0.17703,218.60,0.47015,18.20621,53.16214,3.23769,5.02629,50.05,0623:31:53,1,08
18:56:37,0.17572,218.70,0.47242,18.16542,53.04303,3.23769,5.02629,50.05,0623:31:54,1,08
18:56:38,0.17535,218.70,0.47449,18.20621,53.16214,3.23769,5.02629,50.04,0623:31:55,1,08
18:56:41,0.17629,218.90,0.46901,18.11103,52.88422,3.23769,5.02629,50.04,0623:31:58,1,08
18:56:42,0.17666,219.00,0.47224,18.2742,53.36066,3.23769,5.02629,50.04,0623:31:59,1,08
18:56:43,0.1769,219.00,0.47333,18.34218,53.55917,3.23769,5.02629,50.04,0623:32:00,1,08
18:56:44,0.17605,219.00,0.47146,18.19262,53.12244,3.23769,5.02629,50.03,0623:32:02,1,08
18:56:45,0.17535,218.90,0.4724,18.15182,53.00333,3.23769,5.02629,50.03,0623:32:03,1,08
18:56:46,0.17773,218.90,0.46925,18.2606,53.32095,3.23769,5.02629,50.03,0623:32:04,1,08
18:56:47,0.17833,218.70,0.46969,18.32858,53.51946,3.23769,5.02629,50.03,0623:32:04,1,08
18:56:48,0.17727,218.70,0.46879,18.17902,53.08273,3.23769,5.02639,50.01,0623:32:05,1,08
18:56:50,0.17648,218.70,0.47183,18.21981,53.20185,3.23769,5.02639,50.00,0623:32:08,1,08
18:56:51,0.17796,218.60,0.47205,18.36937,53.63857,3.23769,5.02639,50.00,0623:32:09,1,08
18:56:52,0.17661,218.60,0.47185,18.23341,53.24155,3.23769,5.02639,50.01,0623:32:10,1,08
18:56:55,0.17648,218.30,0.47285,18.23341,53.24155,3.23779,5.02639,49.99,0623:32:13,1,08
18:56:56,0.17549,218.20,0.46948,17.98866,52.5269,3.23779,5.02639,49.99,0623:32:14,1,08
18:56:59,0.17806,218.30,0.47622,18.51894,54.07531,3.23779,5.02639,49.97,0623:32:16,1,08
18:57:00,0.17806,218.50,0.47277,18.41016,53.75768,3.23779,5.02639,49.97,0623:32:17,1,08
18:57:04,0.17553,218.60,0.47167,18.11103,52.88422,3.23779,5.02639,49.97,0623:32:21,1,08
18:57:06,0.17671,218.30,0.47393,18.28779,53.40036,3.23779,5.02649,49.97,0623:32:24,1,08
18:57:07,0.17699,218.40,0.47433,18.34218,53.55917,3.23779,5.02649,49.97,0623:32:25,1,08
18:57:08,0.17591,218.60,0.47244,18.17902,53.08273,3.23779,5.02649,49.96,0623:32:26,1,08
18:57:09,0.17629,218.80,0.47181,18.20621,53.16214,3.23779,5.02649,49.97,0623:32:27,1,08
18:57:14,0.17648,218.70,0.47183,18.21981,53.20185,3.2379,5.02649,49.99,0623:32:32,1,08
18:57:15,0.17736,218.60,0.46805,18.247,53.28125,3.2379,5.02649,49.96,0623:32:33,1,08
18:57:17,0.17694,218.70,0.47051,18.21981,53.20185,3.2379,5.02649,49.96,0623:32:35,1,08
18:57:18,0.17764,218.90,0.4724,18.38297,53.67828,3.2379,5.02649,49.97,0623:32:36,1,08
18:57:19,0.17685,219.00,0.47088,18.247,53.28125,3.2379,5.02649,49.97,0623:32:37,1,08
18:57:20,0.17699,219.00,0.46844,18.16542,53.04303,3.2379,5.02649,49.97,0623:32:38,1,08
18:57:23,0.17722,219.00,0.46989,18.247,53.28125,3.2379,5.02649,49.97,0623:32:41,1,08
18:57:24,0.17671,218.80,0.47048,18.20621,53.16214,3.2379,5.02659,49.99,0623:32:42,1,08
18:57:27,0.1782,218.50,0.46476,18.11103,52.88422,3.2379,5.02659,49.99,0623:32:45,1,08
18:57:29,0.17856,218.50,0.46657,18.21981,53.20185,3.2379,5.02659,49.99,0623:32:47,1,08
18:57:30,0.18004,218.60,0.46547,18.32858,53.51946,3.2379,5.02659,50.00,0623:32:48,1,08
18:57:33,0.17852,218.70,0.47006,18.35578,53.59887,3.238,5.02659,49.99,0623:32:51,1,08
18:57:35,0.17852,218.70,0.47006,18.35578,53.59887,3.238,5.02659,49.99,0623:32:52,1,08
18:57:36,0.17866,218.70,0.46523,18.19262,53.12244,3.238,5.02659,50.00,0623:32:53,1,08
18:57:37,0.17699,218.70,0.4698,18.19262,53.12244,3.238,5.02659,50.00,0623:32:54,1,08
18:57:38,0.17731,218.40,0.47333,18.34218,53.55917,3.238,5.02659,49.99,0623:32:55,1,08
18:57:39,0.1768,218.40,0.4708,18.19262,53.12244,3.238,5.02659,49.99,0623:32:56,1,08
18:57:41,0.17741,218.30,0.46807,18.13823,52.96363,3.238,5.02659,50.00,0623:32:58,1,08
18:57:42,0.17656,218.30,0.47214,18.20621,53.16214,3.238,5.02669,49.99,0623:32:59,1,08
18:57:43,0.1768,218.50,0.47255,18.2606,53.32095,3.238,5.02669,49.99,0623:33:00,1,08
18:57:44,0.1761,218.60,0.47246,18.19262,53.12244,3.238,5.02669,50.00,0623:33:01,1,08
18:57:45,0.17676,218.60,0.47011,18.17902,53.08273,3.238,5.02669,50.00,0623:33:02,1,08
18:57:46,0.17676,218.60,0.47011,18.17902,53.08273,3.238,5.02669,50.00,0623:33:03,1,08
18:57:47,0.17666,218.70,0.4722,18.247,53.28125,3.238,5.02669,50.00,0623:33:04,1,08
18:57:48,0.1769,218.70,0.474,18.34218,53.55917,3.238,5.02669,49.99,0623:33:05,1,08
18:57:49,0.17601,218.80,0.47212,18.19262,53.12244,3.238,5.02669,49.99,0623:33:06,1,08
18:57:50,0.17722,218.90,0.47127,18.28779,53.40036,3.238,5.02669,50.00,0623:33:07,1,08
18:57:53,0.17572,218.90,0.47175,18.16542,53.04303,3.238,5.02669,50.00,0623:33:10,1,08
18:57:55,0.1768,219.10,0.47193,18.28779,53.40036,3.2381,5.02669,50.00,0623:33:12,1,08
18:57:56,0.17553,219.20,0.47173,18.15182,53.00333,3.2381,5.02669,50.00,0623:33:13,1,08
18:57:57,0.17624,219.10,0.47255,18.2606,53.32095,3.2381,5.02669,50.00,0623:33:14,1,08
18:57:58,0.17624,219.10,0.47255,18.2606,53.32095,3.2381,5.02669,50.00,0623:33:15,1,08
18:58:00,0.17727,219.00,0.46781,18.17902,53.08273,3.2381,5.02679,50.01,0623:33:17,1,08
18:58:01,0.17699,219.00,0.4716,18.28779,53.40036,3.2381,5.02679,50.01,0623:33:18,1,08
18:58:02,0.17685,219.00,0.47509,18.41016,53.75768,3.2381,5.02679,50.01,0623:33:19,1,08
18:58:03,0.17718,219.00,0.47339,18.38297,53.67828,3.2381,5.02679,50.01,0623:33:20,1,08
18:58:06,0.1769,219.10,0.47335,18.35578,53.59887,3.2381,5.02679,50.00,0623:33:23,1,08
18:58:10,0.1775,219.20,0.47172,18.36937,53.63857,3.2381,5.02679,50.01,0623:33:27,1,08
18:58:11,0.17722,219.20,0.47168,18.34218,53.55917,3.2381,5.02679,50.01,0623:33:28,1,08
18:58:12,0.1768,219.20,0.4709,18.2606,53.32095,3.2381,5.02679,50.01,0623:33:29,1,08
18:58:16,0.17638,219.50,0.47051,18.21981,53.20185,3.2382,5.02679,50.04,0623:33:33,1,08
18:58:17,0.17666,219.40,0.47195,18.30139,53.44006,3.2382,5.02679,50.04,0623:33:34,1,08
18:58:18,0.17731,219.40,0.47381,18.45096,53.87679,3.2382,5.0269,50.05,0623:33:35,1,08
18:58:19,0.17708,219.30,0.46886,18.21981,53.20185,3.2382,5.0269,50.05,0623:33:36,1,08
18:58:22,0.17648,219.40,0.47404,18.36937,53.63857,3.2382,5.0269,50.05,0623:33:39,1,08
18:58:23,0.17614,219.30,0.4722,18.247,53.28125,3.2382,5.0269,50.05,0623:33:40,1,08
18:58:26,0.17614,219.20,0.47291,18.2742,53.36066,3.2382,5.0269,50.05,0623:33:43,1,08
18:58:27,0.1754,219.30,0.47208,18.16542,53.04303,3.2382,5.0269,50.05,0623:33:44,1,08
18:58:29,0.17671,219.30,0.4709,18.2606,53.32095,3.2382,5.0269,50.04,0623:33:46,1,08
18:58:32,0.17502,219.20,0.47309,18.16542,53.04303,3.2382,5.0269,50.05,0623:33:49,1,08
18:58:35,0.17545,219.20,0.47314,18.20621,53.16214,3.2383,5.027,50.03,0623:33:52,1,08
18:58:38,0.17614,219.10,0.47324,18.2742,53.36066,3.2383,5.027,50.03,0623:33:55,1,08
18:58:39,0.17656,219.00,0.47048,18.20621,53.16214,3.2383,5.027,50.03,0623:33:56,1,08
18:58:40,0.17545,219.20,0.47208,18.16542,53.04303,3.2383,5.027,50.03,0623:33:57,1,08
18:58:42,0.1761,219.00,0.47357,18.2742,53.36066,3.2383,5.027,50.01,0623:33:59,1,08
18:58:43,0.17563,218.90,0.47208,18.16542,53.04303,3.2383,5.027,50.01,0623:34:00,1,08
18:58:46,0.17582,218.90,0.47634,18.34218,53.55917,3.2383,5.027,50.01,0623:34:03,1,08
18:58:47,0.17436,219.00,0.47651,18.20621,53.16214,3.2383,5.027,50.01,0623:34:04,1,08
18:58:48,0.17436,219.10,0.47544,18.16542,53.04303,3.2383,5.027,50.00,0623:34:05,1,08
18:58:50,0.17545,219.20,0.47668,18.34218,53.55917,3.2383,5.027,49.99,0623:34:08,1,08
18:58:51,0.17502,219.20,0.47415,18.20621,53.16214,3.2383,5.027,49.99,0623:34:08,1,08
18:58:55,0.17507,218.90,0.47518,18.21981,53.20185,3.2384,5.0271,49.96,0623:34:13,1,08
18:58:58,0.17638,219.10,0.47293,18.28779,53.40036,3.2384,5.0271,49.96,0623:34:15,1,08
18:58:59,0.17624,218.90,0.47216,18.21981,53.20185,3.2384,5.0271,49.96,0623:34:16,1,08
18:59:00,0.17497,218.70,0.47585,18.21981,53.20185,3.2384,5.0271,49.96,0623:34:18,1,08
18:59:01,0.1761,218.50,0.47493,18.28779,53.40036,3.2384,5.0271,49.96,0623:34:19,1,08
18:59:02,0.17535,218.50,0.47518,18.21981,53.20185,3.2384,5.0271,49.96,0623:34:20,1,08
18:59:03,0.17591,218.60,0.47314,18.20621,53.16214,3.2384,5.0271,49.96,0623:34:20,1,08
18:59:04,0.17553,218.60,0.4745,18.21981,53.20185,3.2384,5.0271,49.97,0623:34:21,1,08
18:59:06,0.1775,218.50,0.47968,18.61412,54.35322,3.2384,5.0271,49.96,0623:34:24,1,08
18:59:07,0.17497,218.60,0.4769,18.247,53.28125,3.2384,5.0271,49.99,0623:34:25,1,08
18:59:08,0.17591,218.50,0.47138,18.13823,52.96363,3.2384,5.0271,49.99,0623:34:25,1,08
18:59:10,0.17624,218.60,0.47638,18.36937,53.63857,3.2384,5.0271,49.97,0623:34:27,1,08
18:59:12,0.17577,218.40,0.47381,18.20621,53.16214,3.2385,5.0272,49.99,0623:34:30,1,08
18:59:13,0.17535,218.30,0.47658,18.2606,53.32095,3.2385,5.0272,49.99,0623:34:31,1,08
18:59:14,0.17535,218.30,0.47658,18.2606,53.32095,3.2385,5.0272,49.99,0623:34:31,1,08
18:59:18,0.17685,218.30,0.47326,18.28779,53.40036,3.2385,5.0272,49.97,0623:34:36,1,08
18:59:19,0.1754,218.20,0.47692,18.2606,53.32095,3.2385,5.0272,49.99,0623:34:37,1,08
18:59:21,0.17553,218.40,0.47482,18.20621,53.16214,3.2385,5.0272,49.99,0623:34:38,1,08
18:59:23,0.17806,218.50,0.47172,18.36937,53.63857,3.2385,5.0272,49.99,0623:34:41,1,08
18:59:24,0.17652,218.50,0.47181,18.20621,53.16214,3.2385,5.0272,49.99,0623:34:42,1,08
18:59:25,0.17764,218.50,0.47024,18.2606,53.32095,3.2385,5.0272,49.99,0623:34:43,1,08
18:59:26,0.17764,218.50,0.47024,18.2606,53.32095,3.2385,5.0272,49.99,0623:34:43,1,08
18:59:28,0.17666,218.60,0.47044,18.17902,53.08273,3.2385,5.0272,49.97,0623:34:46,1,08
18:59:32,0.17661,218.20,0.46685,18.00226,52.5666,3.2386,5.0273,49.97,0623:34:49,1,08
18:59:33,0.17778,218.20,0.46741,18.13823,52.96363,3.2386,5.0273,49.99,0623:34:51,1,08
18:59:36,0.17596,218.20,0.47311,18.17902,53.08273,3.2386,5.0273,49.97,0623:34:53,1,08
18:59:39,0.17764,218.60,0.47306,18.38297,53.67828,3.2386,5.0273,49.97,0623:34:56,1,08
18:59:40,0.17605,218.50,0.47314,18.20621,53.16214,3.2386,5.0273,49.97,0623:34:57,1,08
18:59:44,0.17666,217.90,0.47422,18.2606,53.32095,3.2386,5.0273,49.97,0623:35:00,1,08
18:59:46,0.17614,218.40,0.47634,18.34218,53.55917,3.2386,5.0273,49.99,0623:35:03,1,08
18:59:47,0.17633,218.50,0.47355,18.2606,53.32095,3.2386,5.0273,49.99,0623:35:04,1,08
18:59:48,0.17577,218.40,0.47381,18.20621,53.16214,3.2386,5.02741,49.97,0623:35:05,1,08
18:59:49,0.1754,218.30,0.47551,18.21981,53.20185,3.2386,5.02741,49.97,0623:35:06,1,08
18:59:50,0.1754,218.30,0.47551,18.21981,53.20185,3.2386,5.02741,49.99,0623:35:07,1,08
18:59:51,0.17587,218.40,0.47841,18.38297,53.67828,3.2386,5.02741,49.99,0623:35:08,1,08
18:59:52,0.17526,218.30,0.47053,18.01586,52.6063,3.2386,5.02741,49.97,0623:35:09,1,08
18:59:53,0.17582,218.40,0.47346,18.19262,53.12244,3.2387,5.02741,49.97,0623:35:10,1,08
18:59:54,0.17633,218.40,0.47671,18.36937,53.63857,3.2387,5.02741,49.97,0623:35:11,1,08
18:59:55,0.17563,218.40,0.47661,18.28779,53.40036,3.2387,5.02741,49.97,0623:35:12,1,08
18:59:56,0.17563,218.40,0.47661,18.28779,53.40036,3.2387,5.02741,49.97,0623:35:13,1,08
18:59:59,0.14899,218.40,0.42481,13.82802,40.37782,3.2387,5.02741,49.97,0623:35:16,1,08
19:00:00,0.13825,218.10,0.40803,12.30517,35.9311,3.2387,5.02741,49.97,0623:35:17,1,08
19:00:02,0.13529,218.00,0.39908,11.77489,34.38269,3.2387,5.02741,49.97,0623:35:19,1,08
19:00:03,0.13541,217.90,0.4023,11.87007,34.6606,3.2387,5.02741,49.97,0623:35:20,1,08
19:00:05,0.13535,218.10,0.40193,11.87007,34.6606,3.2387,5.02741,49.96,0623:35:22,1,08
19:00:06,0.13511,218.20,0.40138,11.84288,34.5812,3.2387,5.02741,49.97,0623:35:23,1,08
19:00:07,0.13626,218.40,0.39909,11.88367,34.70031,3.2387,5.02751,49.97,0623:35:24,1,08
19:00:08,0.13541,218.50,0.40358,11.95165,34.89882,3.2387,5.02751,49.96,0623:35:25,1,08
19:00:10,0.13704,218.70,0.40662,12.19639,35.61347,3.2387,5.02751,49.97,0623:35:27,1,08
19:00:14,0.13492,218.70,0.40092,11.82928,34.5415,3.2387,5.02751,49.99,0623:35:31,1,08
19:00:16,0.13492,218.70,0.40147,11.85647,34.6209,3.2387,5.02751,50.00,0623:35:33,1,08
19:00:17,0.13541,218.70,0.40092,11.88367,34.70031,3.2387,5.02751,50.00,0623:35:34,1,08
19:00:19,0.13492,218.90,0.40285,11.89726,34.74001,3.2387,5.02751,50.00,0623:35:36,1,08
19:00:20,0.13511,219.00,0.40165,11.88367,34.70031,3.2388,5.02751,50.00,0623:35:37,1,08
19:00:21,0.13522,218.90,0.40037,11.85647,34.6209,3.2388,5.02751,50.00,0623:35:38,1,08
19:00:22,0.13602,218.90,0.39863,11.87007,34.6606,3.2388,5.02751,50.01,0623:35:39,1,08
19:00:24,0.13492,218.80,0.40101,11.84288,34.5812,3.2388,5.02751,50.01,0623:35:41,1,08
19:00:25,0.13529,218.70,0.40165,11.88367,34.70031,3.2388,5.02751,50.01,0623:35:42,1,08
19:00:26,0.13461,218.60,0.40296,11.85647,34.6209,3.2388,5.02751,50.03,0623:35:43,1,08
19:00:29,0.13541,218.60,0.40037,11.85647,34.6209,3.2388,5.02761,50.03,0623:35:46,1,08
19:00:30,0.1359,218.70,0.39945,11.88367,34.70031,3.2388,5.02761,50.04,0623:35:47,1,08
19:00:32,0.13565,218.70,0.39963,11.85647,34.6209,3.2388,5.02761,50.04,0623:35:49,1,08
19:00:33,0.13468,218.50,0.40212,11.84288,34.5812,3.2388,5.02761,50.04,0623:35:50,1,08
19:00:34,0.13474,218.50,0.40259,11.85647,34.6209,3.2388,5.02761,50.03,0623:35:51,1,08
19:00:36,0.13674,218.50,0.39627,11.84288,34.5812,3.2388,5.02761,50.04,0623:35:53,1,08
19:00:38,0.13572,218.50,0.40147,11.91086,34.77971,3.2388,5.02761,50.03,0623:35:55,1,08
19:00:39,0.1359,218.40,0.40018,11.88367,34.70031,3.2388,5.02761,50.03,0623:35:56,1,08
19:00:42,0.1362,218.60,0.39863,11.87007,34.6606,3.2388,5.02761,50.04,0623:35:59,1,08
19:00:44,0.1359,218.90,0.39854,11.85647,34.6209,3.2388,5.02761,50.04,0623:36:01,1,08
19:00:45,0.1359,219.00,0.39863,11.87007,34.6606,3.2388,5.02761,50.04,0623:36:02,1,08
19:00:47,0.13644,218.90,0.39672,11.85647,34.6209,3.2388,5.02761,50.03,0623:36:04,1,08
19:00:49,0.13572,219.00,0.39854,11.85647,34.6209,3.2388,5.02771,50.04,0623:36:06,1,08
19:00:50,0.13572,219.00,0.39936,11.87007,34.6606,3.2389,5.02771,50.04,0623:36:07,1,08
19:00:51,0.13584,219.00,0.39863,11.87007,34.6606,3.2389,5.02771,50.04,0623:36:08,1,08
19:00:52,0.13614,219.00,0.39745,11.85647,34.6209,3.2389,5.02771,50.03,0623:36:09,1,08
19:00:53,0.13577,218.90,0.39899,11.87007,34.6606,3.2389,5.02771,50.03,0623:36:10,1,08
19:00:54,0.13535,218.90,0.4,11.85647,34.6209,3.2389,5.02771,50.04,0623:36:11,1,08
19:00:55,0.13825,218.80,0.40611,12.29157,35.89139,3.2389,5.02771,50.04,0623:36:12,1,08
19:00:56,0.13584,218.80,0.39936,11.87007,34.6606,3.2389,5.02771,50.03,0623:36:13,1,08
19:00:57,0.1359,218.80,0.39854,11.85647,34.6209,3.2389,5.02771,50.03,0623:36:14,1,08
19:00:58,0.13577,218.70,0.39936,11.87007,34.6606,3.2389,5.02771,50.01,0623:36:15,1,08
19:00:59,0.13608,218.80,0.39918,11.89726,34.74001,3.2389,5.02771,50.01,0623:36:16,1,08
19:01:00,0.1359,219.00,0.40091,11.93806,34.85912,3.2389,5.02771,50.00,0623:36:18,1,08
19:01:01,0.13559,219.00,0.3989,11.85647,34.6209,3.2389,5.02771,50.00,0623:36:18,1,08
19:01:02,0.13572,218.90,0.39982,11.88367,34.70031,3.2389,5.02771,50.01,0623:36:19,1,08
19:01:03,0.13522,219.00,0.40092,11.88367,34.70031,3.2389,5.02771,50.01,0623:36:20,1,08
19:01:04,0.13511,219.00,0.3989,11.80208,34.46209,3.2389,5.02771,50.01,0623:36:21,1,08
19:01:05,0.13474,218.90,0.40046,11.81568,34.50179,3.2389,5.02771,50.00,0623:36:23,1,08
19:01:06,0.13577,219.00,0.39854,11.85647,34.6209,3.2389,5.02771,50.00,0623:36:24,1,08
19:01:09,0.13577,219.10,0.39863,11.87007,34.6606,3.2389,5.02781,50.00,0623:36:26,1,08
19:01:10,0.13541,219.30,0.40018,11.88367,34.70031,3.2389,5.02781,49.99,0623:36:27,1,08
19:01:11,0.13657,219.20,0.401,12.00604,35.05763,3.2389,5.02781,50.01,0623:36:29,1,08
19:01:12,0.13535,219.20,0.40064,11.89726,34.74001,3.2389,5.02781,50.01,0623:36:30,1,08
19:01:16,0.1359,219.30,0.39827,11.87007,34.6606,3.2389,5.02781,50.01,0623:36:33,1,08
19:01:17,0.13547,219.40,0.3989,11.85647,34.6209,3.2389,5.02781,50.01,0623:36:35,1,08
19:01:20,0.13565,219.30,0.39945,11.88367,34.70031,3.239,5.02781,50.01,0623:36:37,1,08
19:01:21,0.13668,219.10,0.39564,11.85647,34.6209,3.239,5.02781,50.01,0623:36:38,1,08
19:01:22,0.13608,218.90,0.39781,11.85647,34.6209,3.239,5.02781,50.01,0623:36:40,1,08
19:01:28,0.13614,218.90,0.39827,11.87007,34.6606,3.239,5.02791,50.00,0623:36:46,1,08
19:01:30,0.13729,219.00,0.39647,11.92446,34.81942,3.239,5.02791,50.03,0623:36:48,1,08
19:01:31,0.13729,219.00,0.39647,11.92446,34.81942,3.239,5.02791,50.03,0623:36:48,1,08
19:01:32,0.13565,219.00,0.39707,11.80208,34.46209,3.239,5.02791,49.99,0623:36:49,1,08
19:01:34,0.13638,218.90,0.39982,11.93806,34.85912,3.239,5.02791,49.99,0623:36:51,1,08
19:01:37,0.13517,218.30,0.39963,11.80208,34.46209,3.239,5.02791,50.00,0623:36:54,1,08
19:01:38,0.13517,218.30,0.39963,11.80208,34.46209,3.239,5.02791,50.00,0623:36:54,1,08
19:01:41,0.13674,218.50,0.39718,11.87007,34.6606,3.239,5.02791,49.99,0623:36:58,1,08
19:01:42,0.13674,218.60,0.39636,11.85647,34.6209,3.239,5.02791,50.00,0623:36:59,1,08
19:01:45,0.13614,218.50,0.39863,11.87007,34.6606,3.239,5.02791,50.00,0623:37:02,1,08
19:01:46,0.13711,218.70,0.39619,11.88367,34.70031,3.239,5.02791,50.00,0623:37:03,1,08
19:01:47,0.13717,218.80,0.39538,11.87007,34.6606,3.239,5.02791,50.00,0623:37:04,1,08
19:01:49,0.13614,218.70,0.39909,11.88367,34.70031,3.239,5.02801,50.00,0623:37:06,1,08
19:01:50,0.13614,218.70,0.39909,11.88367,34.70031,3.239,5.02801,50.00,0623:37:06,1,08
19:01:51,0.13687,218.50,0.39636,11.85647,34.6209,3.2391,5.02801,49.99,0623:37:08,1,08
19:01:52,0.13608,218.30,0.3989,11.85647,34.6209,3.2391,5.02801,50.00,0623:37:09,1,08
19:01:53,0.13632,218.50,0.39872,11.88367,34.70031,3.2391,5.02801,50.00,0623:37:10,1,08
19:01:54,0.13626,218.60,0.39827,11.87007,34.6606,3.2391,5.02801,49.99,0623:37:11,1,08
19:01:56,0.13584,218.60,0.39799,11.82928,34.5415,3.2391,5.02801,49.99,0623:37:12,1,08
19:01:58,0.13577,218.70,0.39973,11.87007,34.6606,3.2391,5.02801,49.97,0623:37:15,1,08
19:02:00,0.13602,218.60,0.39808,11.84288,34.5812,3.2391,5.02801,49.99,0623:37:17,1,08
19:02:01,0.13614,218.70,0.39817,11.85647,34.6209,3.2391,5.02801,49.99,0623:37:18,1,08
19:02:02,0.13602,218.70,0.39863,11.87007,34.6606,3.2391,5.02801,49.99,0623:37:19,1,08
19:02:03,0.1359,218.90,0.39899,11.87007,34.6606,3.2391,5.02801,49.99,0623:37:20,1,08
19:02:04,0.13577,219.00,0.39899,11.87007,34.6606,3.2391,5.02801,49.99,0623:37:21,1,08
19:02:06,0.1362,218.70,0.39827,11.87007,34.6606,3.2391,5.02801,49.97,0623:37:23,1,08
19:02:09,0.13614,218.50,0.39772,11.84288,34.5812,3.2391,5.02801,49.99,0623:37:26,1,08
19:02:10,0.13626,218.50,0.39817,11.85647,34.6209,3.2391,5.02812,49.97,0623:37:27,1,08
19:02:11,0.13638,218.60,0.3979,11.87007,34.6606,3.2391,5.02812,49.97,0623:37:28,1,08
19:02:12,0.13565,218.70,0.40192,11.92446,34.81942,3.2391,5.02812,49.97,0623:37:29,1,08
19:02:14,0.13632,218.70,0.40064,11.95165,34.89882,3.2391,5.02812,49.97,0623:37:31,1,08
19:02:16,0.13541,218.90,0.40055,11.88367,34.70031,3.2391,5.02812,49.97,0623:37:33,1,08
19:02:17,0.1348,219.10,0.40156,11.87007,34.6606,3.2391,5.02812,49.97,0623:37:34,1,08
19:02:18,0.13547,219.00,0.39835,11.82928,34.5415,3.2391,5.02812,49.99,0623:37:35,1,08
19:02:19,0.1348,219.20,0.39926,11.80208,34.46209,3.2391,5.02812,49.99,0623:37:36,1,08
19:02:20,0.13553,219.40,0.39854,11.85647,34.6209,3.2391,5.02812,50.00,0623:37:37,1,08
19:02:21,0.13553,219.50,0.39909,11.88367,34.70031,3.2392,5.02812,50.00,0623:37:38,1,08
19:02:23,0.13498,219.60,0.40009,11.87007,34.6606,3.2392,5.02812,50.01,0623:37:40,1,08
19:02:24,0.13553,219.70,0.39772,11.84288,34.5812,3.2392,5.02812,50.03,0623:37:41,1,08
19:02:25,0.13553,219.70,0.39781,11.85647,34.6209,3.2392,5.02812,50.03,0623:37:42,1,08
19:02:27,0.1362,219.80,0.39655,11.88367,34.70031,3.2392,5.02812,50.03,0623:37:44,1,08
19:02:28,0.138,219.90,0.3974,12.06043,35.21645,3.2392,5.02812,50.04,0623:37:45,1,08
19:02:31,0.13595,219.90,0.39591,11.84288,34.5812,3.2392,5.02822,50.04,0623:37:48,1,08
19:02:32,0.13584,219.80,0.39754,11.87007,34.6606,3.2392,5.02822,50.05,0623:37:49,1,08
19:02:33,0.13632,219.70,0.39837,11.93806,34.85912,3.2392,5.02822,50.05,0623:37:50,1,08
19:02:35,0.13717,219.50,0.39305,11.84288,34.5812,3.2392,5.02822,50.05,0623:37:52,1,08
19:02:36,0.13657,219.50,0.39483,11.84288,34.5812,3.2392,5.02822,50.05,0623:37:53,1,08
19:02:38,0.1362,219.30,0.39581,11.82928,34.5415,3.2392,5.02822,50.05,0623:37:55,1,08
19:02:40,0.13704,219.30,0.39512,11.88367,34.70031,3.2392,5.02822,50.05,0623:37:57,1,08
19:02:41,0.13565,219.40,0.39817,11.85647,34.6209,3.2392,5.02822,50.05,0623:37:58,1,08
19:02:42,0.13638,219.30,0.39591,11.84288,34.5812,3.2392,5.02822,50.04,0623:37:59,1,08
19:02:45,0.13699,219.30,0.39412,11.84288,34.5812,3.2392,5.02822,50.04,0623:38:02,1,08
19:02:46,0.13614,219.30,0.39627,11.84288,34.5812,3.2392,5.02822,50.05,0623:38:03,1,08
19:02:49,0.13595,219.30,0.39699,11.84288,34.5812,3.2392,5.02822,50.04,0623:38:06,1,08
19:02:50,0.13662,219.40,0.39529,11.85647,34.6209,3.2392,5.02832,50.03,0623:38:07,1,08
19:02:53,0.13559,219.40,0.39772,11.84288,34.5812,3.2393,5.02832,50.03,0623:38:10,1,08
19:02:55,0.1365,219.40,0.39519,11.84288,34.5812,3.2393,5.02832,50.04,0623:38:12,1,08
19:02:56,0.13626,219.40,0.39636,11.85647,34.6209,3.2393,5.02832,50.03,0623:38:13,1,08
19:02:58,0.13632,219.40,0.39636,11.85647,34.6209,3.2393,5.02832,50.03,0623:38:15,1,08
19:03:00,0.13657,219.40,0.39483,11.84288,34.5812,3.2393,5.02832,50.04,0623:38:17,1,08
19:03:02,0.1362,219.50,0.39545,11.82928,34.5415,3.2393,5.02832,50.01,0623:38:19,1,08
19:03:03,0.13638,219.40,0.396,11.85647,34.6209,3.2393,5.02832,50.01,0623:38:20,1,08
19:03:04,0.13657,219.30,0.39564,11.85647,34.6209,3.2393,5.02832,50.01,0623:38:21,1,08
19:03:05,0.13704,219.20,0.39412,11.84288,34.5812,3.2393,5.02832,50.01,0623:38:22,1,08
19:03:06,0.1362,219.20,0.39709,11.85647,34.6209,3.2393,5.02832,50.00,0623:38:23,1,08
19:03:07,0.13626,219.40,0.39682,11.87007,34.6606,3.2393,5.02832,50.01,0623:38:25,1,08
19:03:08,0.13626,219.40,0.39682,11.87007,34.6606,3.2393,5.02832,50.01,0623:38:25,1,08
19:03:10,0.13626,219.30,0.39318,11.7613,34.34298,3.2393,5.02842,50.00,0623:38:27,1,08
19:03:11,0.13595,219.20,0.3979,11.87007,34.6606,3.2393,5.02842,50.00,0623:38:28,1,08
19:03:14,0.13638,219.40,0.396,11.85647,34.6209,3.2393,5.02842,50.00,0623:38:31,1,08
19:03:15,0.13692,219.50,0.39467,11.87007,34.6606,3.2393,5.02842,50.00,0623:38:32,1,08
19:03:17,0.138,219.40,0.40036,12.12841,35.41496,3.2393,5.02842,49.99,0623:38:34,1,08
19:03:18,0.13668,219.50,0.39583,11.88367,34.70031,3.2393,5.02842,49.99,0623:38:36,1,08
19:03:19,0.13668,219.50,0.39583,11.88367,34.70031,3.2393,5.02842,49.99,0623:38:36,1,08
19:03:20,0.13614,219.60,0.39682,11.87007,34.6606,3.2393,5.02842,50.00,0623:38:37,1,08
19:03:23,0.13602,219.50,0.39344,11.7477,34.30328,3.2394,5.02842,50.00,0623:38:41,1,08
19:03:24,0.13687,219.30,0.39493,11.85647,34.6209,3.2394,5.02842,50.00,0623:38:42,1,08
19:03:25,0.13687,219.30,0.39493,11.85647,34.6209,3.2394,5.02842,50.00,0623:38:42,1,08
19:03:26,0.13602,219.40,0.39709,11.85647,34.6209,3.2394,5.02842,49.99,0623:38:43,1,08
19:03:27,0.13602,219.40,0.39709,11.85647,34.6209,3.2394,5.02842,49.99,0623:38:44,1,08
19:03:28,0.13657,219.30,0.39474,11.82928,34.5415,3.2394,5.02842,49.99,0623:38:45,1,08
19:03:29,0.13638,219.30,0.39636,11.85647,34.6209,3.2394,5.02842,49.99,0623:38:47,1,08
19:03:30,0.1362,219.30,0.39718,11.87007,34.6606,3.2394,5.02852,49.99,0623:38:48,1,08
19:03:32,0.1362,219.30,0.39718,11.87007,34.6606,3.2394,5.02852,49.99,0623:38:48,1,08
19:03:33,0.1365,219.10,0.39555,11.84288,34.5812,3.2394,5.02852,49.99,0623:38:49,1,08
19:03:34,0.13729,219.10,0.39431,11.87007,34.6606,3.2394,5.02852,49.99,0623:38:50,1,08
19:03:35,0.13692,219.00,0.39574,11.87007,34.6606,3.2394,5.02852,49.99,0623:38:52,1,08
19:03:36,0.1362,218.90,0.39699,11.84288,34.5812,3.2394,5.02852,50.01,0623:38:53,1,08
19:03:37,0.1362,218.90,0.3938,11.7477,34.30328,3.2394,5.02852,50.01,0623:38:54,1,08
19:03:39,0.13704,219.00,0.39583,11.88367,34.70031,3.2394,5.02852,49.99,0623:38:55,1,08
19:03:41,0.13614,219.00,0.39699,11.84288,34.5812,3.2394,5.02852,50.00,0623:38:58,1,08
19:03:42,0.13668,218.90,0.3951,11.82928,34.5415,3.2394,5.02852,50.00,0623:38:59,1,08
19:03:44,0.13644,219.10,0.39727,11.88367,34.70031,3.2394,5.02852,50.00,0623:39:00,1,08
19:03:46,0.13614,219.10,0.39654,11.82928,34.5415,3.2394,5.02852,50.03,0623:39:03,1,08
19:03:47,0.13644,219.00,0.39672,11.85647,34.6209,3.2394,5.02852,50.03,0623:39:04,1,08
19:03:48,0.13602,219.00,0.39644,11.81568,34.50179,3.2394,5.02852,50.03,0623:39:05,1,08
19:03:49,0.13717,219.00,0.39502,11.87007,34.6606,3.2394,5.02852,50.03,0623:39:06,1,08
19:03:50,0.13559,219.00,0.39881,11.84288,34.5812,3.2394,5.02852,50.01,0623:39:06,1,08
19:03:51,0.13522,219.10,0.39954,11.84288,34.5812,3.2394,5.02852,50.01,0623:39:07,1,08
19:03:52,0.13559,219.00,0.39844,11.84288,34.5812,3.2394,5.02863,50.03,0623:39:09,1,08
19:03:54,0.13608,219.10,0.39699,11.84288,34.5812,3.23951,5.02863,50.03,0623:39:11,1,08
19:03:57,0.13565,218.90,0.40073,11.91086,34.77971,3.23951,5.02863,50.03,0623:39:14,1,08
19:04:02,0.13455,218.50,0.39834,11.7205,34.22387,3.23951,5.02863,50.04,0623:39:18,1,08
19:04:03,0.13572,218.40,0.40183,11.91086,34.77971,3.23951,5.02863,50.04,0623:39:20,1,08
19:04:05,0.13492,218.50,0.40138,11.84288,34.5812,3.23951,5.02863,50.04,0623:39:22,1,08
19:04:07,0.13498,218.60,0.40193,11.87007,34.6606,3.23951,5.02863,50.04,0623:39:24,1,08
19:04:08,0.13535,218.30,0.39926,11.80208,34.46209,3.23951,5.02863,50.04,0623:39:25,1,08
19:04:09,0.13602,218.30,0.39881,11.84288,34.5812,3.23951,5.02863,50.04,0623:39:26,1,08
19:04:10,0.13608,218.50,0.39762,11.82928,34.5415,3.23951,5.02863,50.05,0623:39:27,1,08
19:04:15,0.13535,219.00,0.40046,11.87007,34.6606,3.23951,5.02873,50.04,0623:39:32,1,08
19:04:16,0.13565,218.90,0.39844,11.84288,34.5812,3.23951,5.02873,50.05,0623:39:33,1,08
19:04:17,0.13608,218.80,0.3969,11.82928,34.5415,3.23951,5.02873,50.05,0623:39:34,1,08
19:04:20,0.13717,218.90,0.39593,11.89726,34.74001,3.23951,5.02873,50.04,0623:39:37,1,08
19:04:24,0.13595,218.70,0.39762,11.82928,34.5415,3.23961,5.02873,50.04,0623:39:41,1,08
19:04:25,0.13535,218.80,0.39954,11.84288,34.5812,3.23961,5.02873,50.04,0623:39:42,1,08
19:04:26,0.13572,218.80,0.39799,11.82928,34.5415,3.23961,5.02873,50.05,0623:39:43,1,08
19:04:27,0.13595,219.00,0.39909,11.88367,34.70031,3.23961,5.02873,50.05,0623:39:44,1,08
19:04:32,0.13614,218.80,0.39735,11.84288,34.5812,3.23961,5.02883,50.05,0623:39:49,1,08
19:04:33,0.13668,218.70,0.39545,11.82928,34.5415,3.23961,5.02883,50.05,0623:39:50,1,08
19:04:36,0.13595,218.80,0.39772,11.84288,34.5812,3.23961,5.02883,50.04,0623:39:53,1,08
19:04:38,0.13687,219.20,0.39764,11.93806,34.85912,3.23961,5.02883,50.04,0623:39:55,1,08
19:04:40,0.1359,219.30,0.39699,11.84288,34.5812,3.23961,5.02883,50.04,0623:39:57,1,08
19:04:41,0.13572,219.40,0.39726,11.82928,34.5415,3.23961,5.02883,50.04,0623:39:58,1,08
19:04:42,0.13584,219.40,0.39644,11.81568,34.50179,3.23961,5.02883,50.04,0623:39:59,1,08
19:04:44,0.13572,219.60,0.39836,11.88367,34.70031,3.23961,5.02883,50.05,0623:40:01,1,08
19:04:45,0.13553,219.70,0.4,11.91086,34.77971,3.23961,5.02883,50.05,0623:40:02,1,08
19:04:48,0.13535,219.80,0.39717,11.81568,34.50179,3.23961,5.02883,50.04,0623:40:05,1,08
19:04:53,0.13572,219.70,0.39654,11.82928,34.5415,3.23961,5.02893,50.05,0623:40:10,1,08
19:04:54,0.13535,219.70,0.39808,11.84288,34.5812,3.23971,5.02893,50.03,0623:40:11,1,08
19:04:55,0.13504,219.70,0.39835,11.82928,34.5415,3.23971,5.02893,50.03,0623:40:12,1,08
19:04:56,0.13492,219.70,0.39872,11.82928,34.5415,3.23971,5.02893,50.03,0623:40:13,1,08
19:04:57,0.13517,219.70,0.3989,11.85647,34.6209,3.23971,5.02893,50.03,0623:40:14,1,08
19:04:58,0.13517,219.70,0.39789,11.81568,34.50179,3.23971,5.02893,50.03,0623:40:15,1,08
19:04:59,0.13474,219.60,0.39945,11.82928,34.5415,3.23971,5.02893,50.03,0623:40:16,1,08
19:05:01,0.13461,219.70,0.40028,11.84288,34.5812,3.23971,5.02893,50.03,0623:40:18,1,08
19:05:02,0.13498,219.70,0.39917,11.84288,34.5812,3.23971,5.02893,50.01,0623:40:19,1,08
19:05:04,0.13504,219.70,0.39881,11.84288,34.5812,3.23971,5.02893,50.03,0623:40:21,1,08
19:05:06,0.13498,219.50,0.40046,11.87007,34.6606,3.23971,5.02893,50.03,0623:40:23,1,08
19:05:08,0.13535,219.70,0.39808,11.84288,34.5812,3.23971,5.02893,50.01,0623:40:25,1,08
19:05:12,0.13602,219.80,0.39727,11.88367,34.70031,3.23971,5.02903,50.01,0623:40:29,1,08
19:05:15,0.13492,220.00,0.39881,11.84288,34.5812,3.23971,5.02903,50.03,0623:40:32,1,08
19:05:19,0.13517,219.90,0.39854,11.85647,34.6209,3.23971,5.02903,50.04,0623:40:37,1,08
19:05:26,0.13729,219.90,0.40234,12.1556,35.49436,3.23981,5.02903,50.04,0623:40:43,1,08
19:05:29,0.13522,219.60,0.39799,11.82928,34.5415,3.23981,5.02903,50.04,0623:40:45,1,08
19:05:30,0.13511,219.70,0.39881,11.84288,34.5812,3.23981,5.02903,50.05,0623:40:46,1,08
19:05:31,0.13565,219.70,0.39781,11.85647,34.6209,3.23981,5.02903,50.05,0623:40:47,1,08
19:05:32,0.13584,219.70,0.39709,11.85647,34.6209,3.23981,5.02903,50.04,0623:40:49,1,08
19:05:37,0.13529,219.70,0.39762,11.82928,34.5415,3.23981,5.02913,50.04,0623:40:54,1,08
19:05:38,0.13504,219.70,0.39826,11.81568,34.50179,3.23981,5.02913,50.03,0623:40:55,1,08
19:05:39,0.13504,219.70,0.39826,11.81568,34.50179,3.23981,5.02913,50.03,0623:40:55,1,08
19:05:40,0.13535,219.30,0.39927,11.85647,34.6209,3.23981,5.02913,50.04,0623:40:56,1,08
19:05:41,0.13511,219.30,0.39862,11.81568,34.50179,3.23981,5.02913,50.04,0623:40:57,1,08
19:05:42,0.13504,219.40,0.39954,11.84288,34.5812,3.23981,5.02913,50.03,0623:40:58,1,08
19:05:43,0.13449,219.30,0.40092,11.82928,34.5415,3.23981,5.02913,50.03,0623:41:00,1,08
19:05:44,0.13394,219.20,0.40278,11.82928,34.5415,3.23981,5.02913,50.03,0623:41:01,1,08
19:05:45,0.13437,219.30,0.40129,11.82928,34.5415,3.23981,5.02913,50.03,0623:41:02,1,08
19:05:48,0.13437,219.30,0.40221,11.85647,34.6209,3.23981,5.02913,50.03,0623:41:04,1,08
19:05:49,0.13455,219.50,0.40156,11.87007,34.6606,3.23981,5.02913,50.03,0623:41:06,1,08
19:05:51,0.13522,219.70,0.3989,11.85647,34.6209,3.23981,5.02913,50.01,0623:41:08,1,08
19:05:52,0.13559,219.80,0.3979,11.87007,34.6606,3.23981,5.02913,50.03,0623:41:08,1,08
19:05:53,0.13486,219.90,0.39963,11.85647,34.6209,3.23981,5.02913,50.03,0623:41:09,1,08
19:05:54,0.13455,220.10,0.39945,11.82928,34.5415,3.23981,5.02923,50.03,0623:41:11,1,08
19:05:55,0.13474,220.10,0.39917,11.84288,34.5812,3.23991,5.02923,50.03,0623:41:12,1,08
19:05:59,0.13461,219.90,0.39945,11.82928,34.5415,3.23991,5.02923,50.03,0623:41:15,1,08
19:06:01,0.13498,219.70,0.39963,11.85647,34.6209,3.23991,5.02923,50.03,0623:41:18,1,08
19:06:02,0.13522,219.60,0.39799,11.82928,34.5415,3.23991,5.02923,50.03,0623:41:19,1,08
19:06:05,0.13486,219.60,0.39945,11.82928,34.5415,3.23991,5.02923,50.05,0623:41:22,1,08
19:06:07,0.1348,219.40,0.39936,11.81568,34.50179,3.23991,5.02923,50.04,0623:41:24,1,08
19:06:08,0.13412,219.30,0.40203,11.82928,34.5415,3.23991,5.02923,50.04,0623:41:25,1,08
19:06:09,0.13431,219.30,0.40212,11.84288,34.5812,3.23991,5.02923,50.04,0623:41:25,1,08
19:06:10,0.13461,219.30,0.40147,11.85647,34.6209,3.23991,5.02923,50.05,0623:41:27,1,08
19:06:11,0.1359,219.50,0.40027,11.95165,34.89882,3.23991,5.02923,50.05,0623:41:28,1,08
19:06:12,0.13644,219.50,0.39746,11.91086,34.77971,3.23991,5.02923,50.05,0623:41:29,1,08
19:06:13,0.13529,219.50,0.3989,11.85647,34.6209,3.23991,5.02923,50.05,0623:41:30,1,08
19:06:14,0.13443,219.60,0.40009,11.81568,34.50179,3.23991,5.02934,50.05,0623:41:31,1,08
19:06:15,0.13468,219.60,0.40074,11.85647,34.6209,3.23991,5.02934,50.05,0623:41:32,1,08
19:06:16,0.13486,219.60,0.39908,11.82928,34.5415,3.23991,5.02934,50.05,0623:41:33,1,08
19:06:17,0.1348,219.80,0.39908,11.82928,34.5415,3.23991,5.02934,50.05,0623:41:34,1,08
19:06:18,0.13412,219.70,0.40129,11.82928,34.5415,3.23991,5.02934,50.05,0623:41:35,1,08
19:06:19,0.13412,219.70,0.40083,11.81568,34.50179,3.23991,5.02934,50.05,0623:41:36,1,08
19:06:22,0.13504,219.10,0.39899,11.81568,34.50179,3.23991,5.02934,50.04,0623:41:39,1,08
19:06:25,0.13443,219.10,0.40175,11.84288,34.5812,3.24001,5.02934,50.04,0623:41:42,1,08
19:06:26,0.13504,219.10,0.40037,11.85647,34.6209,3.24001,5.02934,50.05,0623:41:43,1,08
19:06:27,0.13753,219.30,0.4027,12.1556,35.49436,3.24001,5.02934,50.05,0623:41:44,1,08
19:06:28,0.13437,219.40,0.40184,11.85647,34.6209,3.24001,5.02934,50.04,0623:41:45,1,08
19:06:34,0.13388,219.30,0.40324,11.84288,34.5812,3.24001,5.02944,50.03,0623:41:51,1,08
19:06:37,0.13662,219.50,0.39665,11.89726,34.74001,3.24001,5.02944,50.03,0623:41:54,1,08
19:06:40,0.18267,219.60,0.47527,19.07641,55.70312,3.24001,5.02944,50.04,0623:41:57,1,08
19:06:42,0.18105,219.50,0.47982,19.07641,55.70312,3.24001,5.02944,50.04,0623:41:59,1,08
19:06:43,0.18072,219.50,0.48151,19.1172,55.82223,3.24001,5.02944,50.03,0623:42:00,1,08
19:06:44,0.18031,219.40,0.48146,19.06281,55.66342,3.24001,5.02944,50.03,0623:42:01,1,08
19:06:47,0.1805,219.80,0.48116,19.10361,55.78253,3.24001,5.02944,50.03,0623:42:04,1,08
19:06:48,0.17958,219.60,0.48311,19.06281,55.66342,3.24001,5.02944,50.03,0623:42:05,1,08
19:06:51,0.18145,219.50,0.47885,19.09001,55.74282,3.24011,5.02944,50.03,0623:42:08,1,08
19:06:53,0.17986,219.70,0.48315,19.10361,55.78253,3.24011,5.02954,50.03,0623:42:10,1,08
19:06:55,0.21122,219.70,0.5,23.22346,67.8125,3.24011,5.02954,50.04,0623:42:12,1,08
19:06:57,0.21094,219.70,0.50234,23.30504,68.05071,3.24011,5.02954,50.04,0623:42:14,1,08
19:06:58,0.21118,219.80,0.50088,23.26425,67.9316,3.24011,5.02954,50.04,0623:42:15,1,08
19:07:00,0.21214,219.80,0.49883,23.27785,67.97131,3.24011,5.02954,50.03,0623:42:17,1,08
19:07:05,0.2123,219.80,0.4968,23.19627,67.7331,3.24021,5.02954,50.04,0623:42:22,1,08
19:07:06,0.21153,219.80,0.50088,23.30504,68.05071,3.24021,5.02954,50.04,0623:42:23,1,08
19:07:07,0.2111,219.90,0.50117,23.27785,67.97131,3.24021,5.02954,50.03,0623:42:24,1,08
19:07:08,0.2111,219.90,0.50117,23.27785,67.97131,3.24021,5.02964,50.03,0623:42:25,1,08
19:07:09,0.21086,219.90,0.50264,23.31864,68.09042,3.24021,5.02964,50.03,0623:42:26,1,08
19:07:10,0.21199,219.90,0.49942,23.29144,68.01102,3.24021,5.02964,50.04,0623:42:27,1,08
19:07:11,0.21187,219.80,0.5,23.30504,68.05071,3.24021,5.02964,50.03,0623:42:28,1,08
19:07:13,0.21184,219.80,0.5,23.29144,68.01102,3.24021,5.02964,50.03,0623:42:30,1,08
19:07:17,0.21172,219.70,0.50117,23.33223,68.13012,3.24021,5.02964,50.03,0623:42:34,1,08
19:07:21,0.21098,219.80,0.50088,23.25065,67.8919,3.24021,5.02964,50.01,0623:42:37,1,08
19:07:24,0.2109,219.80,0.50176,23.27785,67.97131,3.24032,5.02964,50.00,0623:42:40,1,08
19:07:25,0.21067,219.70,0.50264,23.27785,67.97131,3.24032,5.02974,50.00,0623:42:41,1,08
19:07:26,0.2118,219.60,0.50175,23.35943,68.20953,3.24032,5.02974,50.00,0623:42:43,1,08
19:07:27,0.2118,219.60,0.50234,23.35943,68.20953,3.24032,5.02974,50.00,0623:42:43,1,08
19:07:29,0.21176,219.60,0.50175,23.34583,68.16983,3.24032,5.02974,50.00,0623:42:45,1,08
19:07:30,0.21424,219.60,0.50231,23.65856,69.08299,3.24032,5.02974,49.99,0623:42:46,1,08
19:07:32,0.2116,219.70,0.50088,23.30504,68.05071,3.24032,5.02974,49.99,0623:42:48,1,08
19:07:33,0.21086,219.60,0.50205,23.26425,67.9316,3.24032,5.02974,50.00,0623:42:49,1,08
19:07:35,0.21145,219.60,0.50117,23.27785,67.97131,3.24032,5.02974,50.00,0623:42:51,1,08
19:07:37,0.2111,219.70,0.49941,23.18267,67.69339,3.24042,5.02974,49.99,0623:42:54,1,08
19:07:38,0.21122,219.80,0.50205,23.31864,68.09042,3.24042,5.02974,49.99,0623:42:54,1,08
19:07:39,0.21035,219.80,0.50323,23.27785,67.97131,3.24042,5.02974,49.99,0623:42:55,1,08
19:07:41,0.21195,219.70,0.5035,23.4546,68.48744,3.24042,5.02985,50.00,0623:42:57,1,08
19:07:43,0.20999,219.50,0.50265,23.18267,67.69339,3.24042,5.02985,50.00,0623:43:00,1,08
19:07:44,0.2109,219.70,0.50264,23.30504,68.05071,3.24042,5.02985,50.01,0623:43:00,1,08
19:07:45,0.21211,219.60,0.50117,23.35943,68.20953,3.24042,5.02985,50.01,0623:43:01,1,08
19:07:48,0.21129,219.40,0.50234,23.30504,68.05071,3.24042,5.02985,50.03,0623:43:05,1,08
19:07:49,0.21122,219.40,0.50264,23.30504,68.05071,3.24042,5.02985,50.03,0623:43:06,1,08
19:07:50,0.2109,219.40,0.50206,23.23705,67.8522,3.24042,5.02985,50.04,0623:43:06,1,08
19:07:52,0.21039,219.60,0.50441,23.31864,68.09042,3.24042,5.02985,50.05,0623:43:08,1,08
19:07:53,0.21102,219.50,0.50205,23.27785,67.97131,3.24052,5.02985,50.05,0623:43:10,1,08
19:07:54,0.21098,219.30,0.50235,23.26425,67.9316,3.24052,5.02985,50.05,0623:43:11,1,08
19:07:56,0.21051,219.30,0.50383,23.27785,67.97131,3.24052,5.02985,50.05,0623:43:12,1,08
19:07:58,0.21031,219.40,0.50559,23.34583,68.16983,3.24052,5.02995,50.05,0623:43:15,1,08
19:08:02,0.21191,219.40,0.50117,23.31864,68.09042,3.24052,5.02995,50.04,0623:43:18,1,08
19:08:04,0.21157,219.30,0.5,23.20986,67.77279,3.24052,5.02995,50.04,0623:43:21,1,08
19:08:05,0.21253,219.30,0.49883,23.26425,67.9316,3.24052,5.02995,50.04,0623:43:22,1,08
19:08:06,0.2116,219.40,0.49854,23.16907,67.65369,3.24052,5.02995,50.03,0623:43:23,1,08
19:08:07,0.21168,219.50,0.50029,23.26425,67.9316,3.24052,5.02995,50.03,0623:43:23,1,08
19:08:11,0.21086,219.40,0.50235,23.25065,67.8919,3.24062,5.02995,50.04,0623:43:28,1,08
19:08:13,0.21203,219.20,0.50088,23.29144,68.01102,3.24062,5.03005,50.01,0623:43:29,1,08
19:08:14,0.21218,219.10,0.5,23.26425,67.9316,3.24062,5.03005,50.03,0623:43:31,1,08
19:08:16,0.21157,219.30,0.50146,23.27785,67.97131,3.24062,5.03005,50.01,0623:43:33,1,08
19:08:17,0.21098,219.30,0.50323,23.30504,68.05071,3.24062,5.03005,50.01,0623:43:34,1,08
19:08:19,0.21153,219.30,0.50176,23.29144,68.01102,3.24062,5.03005,50.01,0623:43:35,1,08
19:08:20,0.25368,218.80,0.50979,28.32228,82.70107,3.24062,5.03005,50.00,0623:43:37,1,08
19:08:22,0.26966,219.20,0.51677,30.57936,89.29175,3.24062,5.03005,50.00,0623:43:39,1,08
19:08:23,0.26671,219.30,0.51556,30.18506,88.14037,3.24072,5.03005,50.00,0623:43:40,1,08
19:08:24,0.26797,219.40,0.51803,30.47059,88.97413,3.24072,5.03005,50.00,0623:43:41,1,08
19:08:27,0.24918,219.40,0.51168,27.99596,81.74821,3.24072,5.03015,50.01,0623:43:44,1,08
19:08:28,0.24944,219.40,0.5149,28.18632,82.30405,3.24072,5.03015,50.00,0623:43:45,1,08
19:08:29,0.24864,219.30,0.51594,28.15912,82.22464,3.24072,5.03015,50.00,0623:43:46,1,08
19:08:30,0.2504,219.00,0.51437,28.22711,82.42315,3.24072,5.03015,50.01,0623:43:47,1,08
19:08:32,0.24934,219.00,0.5122,27.98236,81.7085,3.24072,5.03015,50.00,0623:43:49,1,08
19:08:34,0.24848,218.70,0.517,28.11833,82.10553,3.24072,5.03015,50.00,0623:43:51,1,08
19:08:37,0.25198,218.80,0.51429,28.37667,82.85989,3.24082,5.03015,50.00,0623:43:54,1,08
19:08:39,0.25063,219.10,0.51311,28.19991,82.34375,3.24082,5.03015,50.00,0623:43:56,1,08
19:08:43,0.2502,219.00,0.51339,28.15912,82.22464,3.24082,5.03025,49.99,0623:44:00,1,08
19:08:45,0.2527,219.00,0.51031,28.2679,82.54227,3.24082,5.03025,50.01,0623:44:02,1,08
19:08:46,0.2496,219.00,0.51218,28.00956,81.7879,3.24082,5.03025,50.01,0623:44:03,1,08
19:08:48,0.24951,219.50,0.51737,28.34948,82.78048,3.24082,5.03025,50.01,0623:44:05,1,08
19:08:49,0.24951,219.50,0.51737,28.34948,82.78048,3.24093,5.03025,50.01,0623:44:06,1,08
19:08:51,0.24911,219.80,0.51439,28.18632,82.30405,3.24093,5.03025,50.01,0623:44:08,1,08
19:08:53,0.14916,219.60,0.42075,13.78723,40.25871,3.24093,5.03025,50.04,0623:44:10,1,08
19:08:55,0.13572,219.50,0.40009,11.92446,34.81942,3.24093,5.03035,50.04,0623:44:12,1,08
19:08:58,0.13608,219.00,0.39781,11.85647,34.6209,3.24093,5.03035,50.05,0623:44:15,1,08
19:09:00,0.13547,218.90,0.39963,11.85647,34.6209,3.24093,5.03035,50.04,0623:44:17,1,08
19:09:01,0.13547,218.90,0.39963,11.85647,34.6209,3.24093,5.03035,50.04,0623:44:18,1,08
19:09:02,0.13461,219.00,0.40138,11.84288,34.5812,3.24093,5.03035,50.04,0623:44:19,1,08
19:09:03,0.1348,218.90,0.40101,11.84288,34.5812,3.24093,5.03035,50.04,0623:44:20,1,08
19:09:04,0.13449,218.80,0.40212,11.84288,34.5812,3.24093,5.03035,50.04,0623:44:21,1,08
19:09:07,0.13547,218.80,0.4,11.85647,34.6209,3.24093,5.03035,50.04,0623:44:24,1,08
19:09:09,0.1513,218.90,0.42898,14.20873,41.4895,3.24093,5.03035,50.04,0623:44:26,1,08
19:09:12,0.17694,219.00,0.47195,18.30139,53.44006,3.24093,5.03035,50.04,0623:44:28,1,08
19:09:13,0.17619,219.10,0.46831,18.08384,52.80481,3.24093,5.03035,50.04,0623:44:29,1,08
19:09:14,0.17619,219.10,0.46831,18.08384,52.80481,3.24103,5.03035,50.04,0623:44:30,1,08
19:09:15,0.17713,219.20,0.47059,18.2742,53.36066,3.24103,5.03046,50.04,0623:44:31,1,08
19:09:17,0.17553,219.00,0.4735,18.21981,53.20185,3.24103,5.03046,50.04,0623:44:33,1,08
19:09:18,0.17619,219.30,0.47363,18.31499,53.47976,3.24103,5.03046,50.04,0623:44:34,1,08
19:09:19,0.17624,219.20,0.47044,18.17902,53.08273,3.24103,5.03046,50.04,0623:44:35,1,08
19:09:20,0.17516,219.00,0.47273,18.15182,53.00333,3.24103,5.03046,50.04,0623:44:36,1,08
19:09:21,0.17553,219.10,0.4742,18.247,53.28125,3.24103,5.03046,50.04,0623:44:37,1,08
19:09:22,0.1761,219.10,0.47394,18.30139,53.44006,3.24103,5.03046,50.04,0623:44:38,1,08
19:09:23,0.17492,219.10,0.47128,18.07024,52.76511,3.24103,5.03046,50.04,0623:44:39,1,08
19:09:26,0.17558,219.30,0.47248,18.20621,53.16214,3.24103,5.03046,50.03,0623:44:42,1,08
19:09:29,0.17516,218.90,0.46634,17.89348,52.24897,3.24103,5.03046,50.03,0623:44:45,1,08
19:09:30,0.17516,219.10,0.47203,18.12463,52.92392,3.24103,5.03046,50.01,0623:44:46,1,08
19:09:32,0.17656,219.10,0.47331,18.32858,53.51946,3.24103,5.03046,50.03,0623:44:48,1,08
19:09:33,0.17582,219.10,0.46968,18.11103,52.88422,3.24103,5.03056,50.03,0623:44:49,1,08
19:09:34,0.17643,219.10,0.46941,18.15182,53.00333,3.24113,5.03056,50.01,0623:44:50,1,08
19:09:35,0.17731,219.10,0.47168,18.34218,53.55917,3.24113,5.03056,50.01,0623:44:51,1,08
19:09:38,0.17661,219.00,0.47154,18.247,53.28125,3.24113,5.03056,50.00,0623:44:54,1,08
19:09:39,0.17778,219.00,0.47034,18.32858,53.51946,3.24113,5.03056,50.00,0623:44:55,1,08
19:09:40,0.17643,219.10,0.47082,18.20621,53.16214,3.24113,5.03056,50.00,0623:44:56,1,08
19:09:41,0.17587,219.10,0.47109,18.16542,53.04303,3.24113,5.03056,50.00,0623:44:57,1,08
19:09:42,0.17619,219.00,0.47113,18.19262,53.12244,3.24113,5.03056,50.00,0623:44:59,1,08
19:09:45,0.17568,219.00,0.47279,18.19262,53.12244,3.24113,5.03056,49.97,0623:45:01,1,08
19:09:46,0.17671,219.00,0.47402,18.35578,53.59887,3.24113,5.03056,49.99,0623:45:02,1,08
19:09:47,0.17587,219.10,0.47179,18.19262,53.12244,3.24113,5.03056,49.99,0623:45:04,1,08
19:09:48,0.17516,219.00,0.47061,18.07024,52.76511,3.24113,5.03056,49.99,0623:45:05,1,08
19:09:49,0.17661,219.10,0.47191,18.2742,53.36066,3.24113,5.03056,49.99,0623:45:05,1,08
19:09:51,0.17591,219.00,0.47355,18.2606,53.32095,3.24113,5.03066,49.99,0623:45:07,1,08
19:09:53,0.17624,219.00,0.47148,18.20621,53.16214,3.24123,5.03066,50.00,0623:45:10,1,08
19:09:54,0.17708,219.10,0.47267,18.34218,53.55917,3.24123,5.03066,49.97,0623:45:11,1,08
19:09:56,0.17601,219.10,0.47181,18.20621,53.16214,3.24123,5.03066,49.99,0623:45:12,1,08
19:09:57,0.17563,218.90,0.47208,18.16542,53.04303,3.24123,5.03066,49.99,0623:45:13,1,08
19:09:59,0.17694,218.90,0.47123,18.2606,53.32095,3.24123,5.03066,49.99,0623:45:16,1,08
19:10:01,0.17563,218.80,0.47242,18.16542,53.04303,3.24123,5.03066,49.97,0623:45:17,1,08
19:10:02,0.17629,218.80,0.47322,18.2606,53.32095,3.24123,5.03066,49.99,0623:45:18,1,08
19:10:03,0.17768,218.80,0.47203,18.35578,53.59887,3.24123,5.03066,49.99,0623:45:20,1,08
19:10:05,0.17521,218.90,0.47378,18.17902,53.08273,3.24123,5.03066,49.97,0623:45:22,1,08
19:10:06,0.17535,218.90,0.4745,18.21981,53.20185,3.24123,5.03066,50.00,0623:45:23,1,08
19:10:07,0.17671,218.90,0.474,18.34218,53.55917,3.24123,5.03066,50.00,0623:45:23,1,08
19:10:09,0.17553,219.00,0.47206,18.15182,53.00333,3.24123,5.03076,50.00,0623:45:26,1,08
19:10:11,0.17605,219.00,0.47357,18.2742,53.36066,3.24123,5.03076,50.01,0623:45:28,1,08
19:10:16,0.17549,219.40,0.47071,18.13823,52.96363,3.24133,5.03076,50.04,0623:45:33,1,08
19:10:21,0.17633,219.00,0.47255,18.2606,53.32095,3.24133,5.03076,50.04,0623:45:38,1,08
19:10:24,0.17596,219.30,0.47077,18.17902,53.08273,3.24133,5.03076,50.04,0623:45:41,1,08
19:10:25,0.17596,219.30,0.47077,18.17902,53.08273,3.24133,5.03076,50.04,0623:45:41,1,08
19:10:26,0.17652,219.40,0.47298,18.32858,53.51946,3.24133,5.03086,50.03,0623:45:43,1,08
19:10:27,0.17656,219.40,0.47298,18.32858,53.51946,3.24133,5.03086,50.03,0623:45:44,1,08
19:10:28,0.1761,219.40,0.46906,18.13823,52.96363,3.24133,5.03086,50.04,0623:45:45,1,08
19:10:29,0.18331,219.50,0.47128,18.96764,55.3855,3.24133,5.03086,50.04,0623:45:46,1,08
19:10:30,0.17648,219.60,0.4723,18.31499,53.47976,3.24133,5.03086,50.04,0623:45:47,1,08
19:10:32,0.17652,219.50,0.46704,18.11103,52.88422,3.24133,5.03086,50.04,0623:45:49,1,08
19:10:33,0.17768,219.40,0.46653,18.19262,53.12244,3.24143,5.03086,50.04,0623:45:50,1,08
19:10:36,0.17629,219.40,0.46943,18.16542,53.04303,3.24143,5.03086,50.05,0623:45:53,1,08
19:10:37,0.17629,219.40,0.46943,18.16542,53.04303,3.24143,5.03086,50.05,0623:45:54,1,08
19:10:38,0.17787,219.30,0.46969,18.32858,53.51946,3.24143,5.03086,50.05,0623:45:55,1,08
19:10:39,0.1781,219.20,0.47495,18.55973,54.19442,3.24143,5.03086,50.05,0623:45:56,1,08
19:10:40,0.17741,219.40,0.47416,18.46455,53.91649,3.24143,5.03086,50.05,0623:45:57,1,08
19:10:41,0.1768,219.50,0.46884,18.20621,53.16214,3.24143,5.03086,50.04,0623:45:58,1,08
19:10:42,0.17718,219.50,0.471,18.32858,53.51946,3.24143,5.03086,50.04,0623:45:59,1,08
19:10:43,0.17718,219.50,0.471,18.32858,53.51946,3.24143,5.03086,50.04,0623:46:00,1,08
19:10:45,0.17549,219.30,0.47246,18.19262,53.12244,3.24143,5.03096,50.03,0623:46:02,1,08
19:10:48,0.17511,219.60,0.47279,18.19262,53.12244,3.24143,5.03096,50.04,0623:46:05,1,08
19:10:49,0.17511,219.60,0.47279,18.19262,53.12244,3.24143,5.03096,50.04,0623:46:06,1,08
19:10:52,0.17648,219.60,0.47125,18.2742,53.36066,3.24153,5.03096,50.04,0623:46:09,1,08
19:10:54,0.17558,219.30,0.47212,18.19262,53.12244,3.24153,5.03096,50.05,0623:46:11,1,08
19:10:57,0.17889,219.30,0.47195,18.53254,54.11501,3.24153,5.03096,50.04,0623:46:14,1,08
19:11:02,0.17614,219.30,0.47115,18.20621,53.16214,3.24153,5.03106,50.04,0623:46:19,1,08
19:11:05,0.17727,219.50,0.46927,18.2742,53.36066,3.24153,5.03106,50.04,0623:46:22,1,08
19:11:06,0.17643,219.50,0.46982,18.20621,53.16214,3.24153,5.03106,50.04,0623:46:23,1,08
19:11:08,0.17643,219.50,0.47242,18.16542,53.04303,3.24153,5.03106,50.04,0623:46:24,1,08
19:11:11,0.17384,219.40,0.47612,18.16542,53.04303,3.24153,5.03106,50.03,0623:46:27,1,08
19:11:12,0.17624,219.50,0.47224,18.2742,53.36066,3.24153,5.03106,50.03,0623:46:28,1,08
19:11:13,0.17497,219.50,0.47523,18.2606,53.32095,3.24163,5.03106,50.03,0623:46:29,1,08
19:11:15,0.17516,219.30,0.47454,18.247,53.28125,3.24163,5.03106,50.01,0623:46:31,1,08
19:11:16,0.17455,219.50,0.47411,18.17902,53.08273,3.24163,5.03106,50.01,0623:46:32,1,08
19:11:17,0.1761,219.60,0.47119,18.23341,53.24155,3.24163,5.03106,50.01,0623:46:33,1,08
19:11:19,0.17507,219.70,0.47491,18.2742,53.36066,3.24163,5.03106,50.01,0623:46:35,1,08
19:11:20,0.17384,219.70,0.47509,18.15182,53.00333,3.24163,5.03117,50.03,0623:46:36,1,08
19:11:21,0.1753,219.60,0.47316,18.21981,53.20185,3.24163,5.03117,50.03,0623:46:37,1,08
19:11:22,0.17661,219.50,0.4723,18.31499,53.47976,3.24163,5.03117,50.01,0623:46:38,1,08
19:11:24,0.17436,219.40,0.47443,18.16542,53.04303,3.24163,5.03117,50.01,0623:46:40,1,08
19:11:25,0.17638,219.30,0.47365,18.32858,53.51946,3.24163,5.03117,50.01,0623:46:41,1,08
19:11:27,0.17643,219.40,0.47156,18.2606,53.32095,3.24163,5.03117,50.00,0623:46:43,1,08
19:11:29,0.17483,219.70,0.47381,18.20621,53.16214,3.24163,5.03117,50.01,0623:46:45,1,08
19:11:31,0.17572,219.60,0.47254,18.247,53.28125,3.24163,5.03117,50.01,0623:46:47,1,08
19:11:32,0.1754,219.60,0.47071,18.13823,52.96363,3.24163,5.03117,50.00,0623:46:48,1,08
19:11:33,0.17553,219.50,0.4732,18.247,53.28125,3.24173,5.03117,50.00,0623:46:49,1,08
19:11:36,0.17436,219.50,0.47514,18.19262,53.12244,3.24173,5.03117,50.01,0623:46:52,1,08
19:11:38,0.1754,219.50,0.47424,18.2742,53.36066,3.24173,5.03127,50.03,0623:46:54,1,08
19:11:39,0.17638,219.50,0.47439,18.38297,53.67828,3.24173,5.03127,50.03,0623:46:55,1,08
19:11:40,0.1746,219.40,0.4734,18.15182,53.00333,3.24173,5.03127,50.01,0623:46:56,1,08
19:11:43,0.17648,219.30,0.47437,18.36937,53.63857,3.24173,5.03127,50.03,0623:47:00,1,08
19:11:44,0.17526,219.30,0.47348,18.20621,53.16214,3.24173,5.03127,50.03,0623:47:00,1,08
19:11:47,0.17652,219.10,0.474,18.34218,53.55917,3.24173,5.03127,50.03,0623:47:03,1,08
19:11:48,0.1753,219.20,0.47419,18.23341,53.24155,3.24173,5.03127,50.04,0623:47:05,1,08
19:11:49,0.17473,219.20,0.47409,18.16542,53.04303,3.24173,5.03127,50.04,0623:47:06,1,08
19:11:52,0.17582,219.40,0.47287,18.247,53.28125,3.24183,5.03127,50.04,0623:47:08,1,08
19:11:53,0.17553,219.40,0.47142,18.16542,53.04303,3.24183,5.03127,50.04,0623:47:09,1,08
19:11:54,0.17422,219.40,0.47724,18.247,53.28125,3.24183,5.03127,50.04,0623:47:11,1,08
19:11:55,0.17502,219.30,0.47805,18.35578,53.59887,3.24183,5.03127,50.04,0623:47:12,1,08
19:11:56,0.17553,219.30,0.47495,18.30139,53.44006,3.24183,5.03137,50.03,0623:47:12,1,08
19:11:57,0.1754,219.50,0.47283,18.21981,53.20185,3.24183,5.03137,50.03,0623:47:13,1,08
19:11:58,0.1746,219.70,0.47519,18.23341,53.24155,3.24183,5.03137,50.04,0623:47:14,1,08
19:11:59,0.17638,219.70,0.4716,18.28779,53.40036,3.24183,5.03137,50.04,0623:47:16,1,08
19:12:00,0.17685,219.60,0.47376,18.41016,53.75768,3.24183,5.03137,50.03,0623:47:17,1,08
19:12:02,0.17478,219.50,0.47413,18.19262,53.12244,3.24183,5.03137,50.03,0623:47:18,1,08
19:12:03,0.1745,219.50,0.47409,18.16542,53.04303,3.24183,5.03137,50.03,0623:47:19,1,08
19:12:04,0.17487,219.60,0.47629,18.30139,53.44006,3.24183,5.03137,50.04,0623:47:20,1,08
19:12:05,0.17521,219.50,0.47668,18.34218,53.55917,3.24183,5.03137,50.04,0623:47:22,1,08
19:12:06,0.17601,219.60,0.47082,18.20621,53.16214,3.24183,5.03137,50.04,0623:47:23,1,08
19:12:08,0.17629,219.20,0.47574,18.39657,53.71798,3.24183,5.03137,50.04,0623:47:25,1,08
19:12:09,0.17629,219.20,0.47574,18.39657,53.71798,3.24183,5.03137,50.04,0623:47:25,1,08
19:12:10,0.17507,219.20,0.47557,18.2606,53.32095,3.24183,5.03137,50.04,0623:47:26,1,08
19:12:11,0.17638,219.20,0.47187,18.247,53.28125,3.24183,5.03137,50.04,0623:47:28,1,08
19:12:14,0.17591,219.40,0.4757,18.36937,53.63857,3.24194,5.03147,50.04,0623:47:31,1,08
19:12:15,0.17591,219.40,0.4757,18.36937,53.63857,3.24194,5.03147,50.04,0623:47:31,1,08
19:12:16,0.17652,219.20,0.47121,18.247,53.28125,3.24194,5.03147,50.04,0623:47:32,1,08
19:12:18,0.17563,219.10,0.47281,18.20621,53.16214,3.24194,5.03147,50.03,0623:47:35,1,08
19:12:19,0.17596,219.20,0.4757,18.36937,53.63857,3.24194,5.03147,50.04,0623:47:36,1,08
19:12:20,0.17661,219.30,0.47018,18.21981,53.20185,3.24194,5.03147,50.04,0623:47:37,1,08
19:12:21,0.17661,219.30,0.47018,18.21981,53.20185,3.24194,5.03147,50.04,0623:47:37,1,08
19:12:22,0.17497,219.40,0.47311,18.17902,53.08273,3.24194,5.03147,50.03,0623:47:39,1,08
19:12:24,0.17643,219.30,0.47365,18.32858,53.51946,3.24194,5.03147,50.04,0623:47:41,1,08
19:12:25,0.17648,219.30,0.47051,18.21981,53.20185,3.24194,5.03147,50.04,0623:47:42,1,08
19:12:27,0.17521,219.30,0.47525,18.2742,53.36066,3.24194,5.03147,50.04,0623:47:43,1,08
19:12:31,0.17549,218.90,0.47488,18.247,53.28125,3.24204,5.03147,50.05,0623:47:48,1,08
19:12:34,0.17619,218.90,0.47569,18.35578,53.59887,3.24204,5.03158,50.05,0623:47:51,1,08
19:12:35,0.17553,218.90,0.47454,18.247,53.28125,3.24204,5.03158,50.04,0623:47:52,1,08
19:12:37,0.17722,219.00,0.47339,18.38297,53.67828,3.24204,5.03158,50.03,0623:47:54,1,08
19:12:40,0.17591,219.30,0.47148,18.20621,53.16214,3.24204,5.03158,50.03,0623:47:57,1,08
19:12:41,0.17601,219.00,0.47426,18.28779,53.40036,3.24204,5.03158,50.03,0623:47:58,1,08
19:12:42,0.17572,219.00,0.47634,18.34218,53.55917,3.24204,5.03158,50.03,0623:47:59,1,08
19:12:43,0.17563,219.10,0.47316,18.21981,53.20185,3.24204,5.03158,50.03,0623:48:00,1,08
19:12:45,0.1776,219.00,0.47519,18.49175,53.9959,3.24204,5.03158,50.03,0623:48:02,1,08
19:12:46,0.17577,219.40,0.47604,18.36937,53.63857,3.24204,5.03158,50.03,0623:48:03,1,08
19:12:50,0.17619,219.30,0.47117,18.21981,53.20185,3.24204,5.03168,50.03,0623:48:07,1,08
19:12:51,0.17638,219.50,0.47402,18.35578,53.59887,3.24214,5.03168,50.03,0623:48:08,1,08
19:12:57,0.13553,219.20,0.3989,11.85647,34.6209,3.24214,5.03168,50.03,0623:48:14,1,08
19:13:02,0.13565,219.00,0.39936,11.87007,34.6606,3.24214,5.03168,50.03,0623:48:18,1,08
19:13:04,0.13517,218.90,0.40129,11.88367,34.70031,3.24214,5.03168,50.01,0623:48:20,1,08
19:13:08,0.13504,218.90,0.40395,11.95165,34.89882,3.24214,5.03168,50.01,0623:48:24,1,08
19:13:09,0.13522,219.00,0.40092,11.88367,34.70031,3.24214,5.03168,50.01,0623:48:25,1,08
19:13:10,0.13517,219.00,0.40083,11.87007,34.6606,3.24214,5.03168,50.01,0623:48:26,1,08
19:13:11,0.13522,219.20,0.40092,11.88367,34.70031,3.24214,5.03178,50.01,0623:48:27,1,08
19:13:12,0.13595,219.20,0.401,11.95165,34.89882,3.24214,5.03178,50.01,0623:48:28,1,08
19:13:14,0.13541,219.30,0.39982,11.88367,34.70031,3.24214,5.03178,50.01,0623:48:30,1,08
19:13:16,0.13602,219.40,0.39754,11.87007,34.6606,3.24214,5.03178,50.01,0623:48:32,1,08
19:13:19,0.13529,219.60,0.39982,11.88367,34.70031,3.24214,5.03178,50.00,0623:48:35,1,08
19:13:22,0.13541,219.60,0.39945,11.88367,34.70031,3.24224,5.03178,50.01,0623:48:38,1,08
19:13:23,0.13602,219.50,0.398,11.88367,34.70031,3.24224,5.03178,50.01,0623:48:39,1,08
19:13:24,0.13638,219.40,0.39646,11.87007,34.6606,3.24224,5.03178,50.00,0623:48:40,1,08
19:13:25,0.13638,219.40,0.39646,11.87007,34.6606,3.24224,5.03178,50.00,0623:48:41,1,08
19:13:27,0.13632,219.40,0.39727,11.88367,34.70031,3.24224,5.03178,50.00,0623:48:43,1,08
19:13:28,0.13632,219.50,0.39691,11.88367,34.70031,3.24224,5.03178,50.00,0623:48:44,1,08
19:13:31,0.13662,219.70,0.39538,11.87007,34.6606,3.24224,5.03188,50.00,0623:48:47,1,08
19:13:32,0.13626,219.60,0.39646,11.87007,34.6606,3.24224,5.03188,50.03,0623:48:48,1,08
19:13:33,0.13638,219.60,0.3961,11.87007,34.6606,3.24224,5.03188,50.03,0623:48:49,1,08
19:13:35,0.13692,219.10,0.39493,11.85647,34.6209,3.24224,5.03188,50.01,0623:48:51,1,08
19:13:36,0.13608,219.10,0.39699,11.84288,34.5812,3.24224,5.03188,50.03,0623:48:52,1,08
19:13:41,0.1359,219.50,0.3979,11.87007,34.6606,3.24224,5.03188,50.03,0623:48:57,1,08
19:13:42,0.13572,219.40,0.39735,11.84288,34.5812,3.24224,5.03188,50.03,0623:48:58,1,08
19:13:44,0.13626,219.30,0.39682,11.87007,34.6606,3.24224,5.03188,50.01,0623:49:00,1,08
19:13:46,0.13626,219.40,0.39636,11.85647,34.6209,3.24224,5.03188,50.03,0623:49:02,1,08
19:13:48,0.13771,219.40,0.40153,12.14201,35.45466,3.24224,5.03188,50.03,0623:49:04,1,08
19:13:49,0.13614,219.40,0.39809,11.89726,34.74001,3.24224,5.03188,50.03,0623:49:05,1,08
19:13:51,0.13577,219.20,0.39772,11.84288,34.5812,3.24234,5.03199,50.03,0623:49:07,1,08
19:13:52,0.13614,219.20,0.39754,11.87007,34.6606,3.24234,5.03199,50.01,0623:49:08,1,08
19:13:53,0.1362,219.30,0.39763,11.88367,34.70031,3.24234,5.03199,50.01,0623:49:09,1,08
19:13:54,0.13572,219.40,0.39863,11.87007,34.6606,3.24234,5.03199,50.01,0623:49:10,1,08
19:13:56,0.13559,219.50,0.39863,11.87007,34.6606,3.24234,5.03199,50.03,0623:49:13,1,08
19:13:57,0.13577,219.50,0.39781,11.85647,34.6209,3.24234,5.03199,50.03,0623:49:13,1,08
19:13:58,0.13608,219.50,0.39718,11.87007,34.6606,3.24234,5.03199,50.03,0623:49:14,1,08
19:13:59,0.13602,219.50,0.39709,11.85647,34.6209,3.24234,5.03199,50.03,0623:49:15,1,08
19:14:00,0.13559,219.50,0.39817,11.85647,34.6209,3.24234,5.03199,50.03,0623:49:16,1,08
19:14:03,0.13572,219.40,0.39772,11.84288,34.5812,3.24234,5.03199,50.03,0623:49:19,1,08
19:14:04,0.13657,219.40,0.39701,11.89726,34.74001,3.24234,5.03199,50.03,0623:49:20,1,08
19:14:06,0.13529,219.40,0.39973,11.87007,34.6606,3.24234,5.03199,50.01,0623:49:23,1,08
19:14:07,0.13517,219.50,0.39963,11.85647,34.6209,3.24234,5.03199,50.01,0623:49:24,1,08
19:14:08,0.1359,219.40,0.3979,11.87007,34.6606,3.24234,5.03199,50.03,0623:49:25,1,08
19:14:10,0.13565,219.40,0.39863,11.87007,34.6606,3.24234,5.03199,50.03,0623:49:26,1,08
19:14:11,0.13486,219.40,0.40074,11.85647,34.6209,3.24234,5.03209,50.03,0623:49:27,1,08
19:14:13,0.13492,219.40,0.40037,11.85647,34.6209,3.24234,5.03209,50.01,0623:49:30,1,08
19:14:14,0.13468,219.50,0.4011,11.85647,34.6209,3.24234,5.03209,50.01,0623:49:31,1,08
19:14:16,0.13468,219.50,0.40064,11.84288,34.5812,3.24234,5.03209,50.00,0623:49:32,1,08
19:14:17,0.13443,219.50,0.39954,11.78849,34.42239,3.24234,5.03209,50.00,0623:49:33,1,08
19:14:18,0.13529,219.50,0.39927,11.85647,34.6209,3.24234,5.03209,50.01,0623:49:35,1,08
19:14:20,0.13511,219.20,0.40046,11.87007,34.6606,3.24244,5.03209,49.99,0623:49:37,1,08
19:14:26,0.13468,219.80,0.40129,11.88367,34.70031,3.24244,5.03209,49.96,0623:49:43,1,08
19:14:29,0.13541,219.80,0.39954,11.89726,34.74001,3.24244,5.03209,49.96,0623:49:46,1,08
19:14:30,0.13468,219.90,0.40092,11.88367,34.70031,3.24244,5.03209,49.97,0623:49:47,1,08
19:14:32,0.13419,220.30,0.40165,11.88367,34.70031,3.24244,5.03219,49.96,0623:49:49,1,08
19:14:35,0.13419,220.30,0.40156,11.87007,34.6606,3.24244,5.03219,49.97,0623:49:52,1,08
19:14:37,0.13419,220.00,0.40193,11.87007,34.6606,3.24244,5.03219,49.97,0623:49:54,1,08
19:14:40,0.13443,220.00,0.39936,11.81568,34.50179,3.24244,5.03219,49.99,0623:49:56,1,08
19:14:41,0.13407,220.00,0.40092,11.82928,34.5415,3.24244,5.03219,49.99,0623:49:58,1,08
19:14:43,0.13522,220.00,0.39863,11.87007,34.6606,3.24244,5.03219,49.99,0623:50:00,1,08
19:14:44,0.13407,220.00,0.40184,11.85647,34.6209,3.24244,5.03219,49.99,0623:50:01,1,08
19:14:45,0.13449,220.00,0.40083,11.87007,34.6606,3.24244,5.03219,50.00,0623:50:02,1,08
19:14:46,0.13449,220.00,0.40083,11.87007,34.6606,3.24244,5.03219,50.00,0623:50:03,1,08
19:14:47,0.13492,220.00,0.39927,11.85647,34.6209,3.24244,5.03219,49.99,0623:50:04,1,08
19:14:50,0.1368,219.90,0.40379,12.1556,35.49436,3.24254,5.03219,50.01,0623:50:07,1,08
19:14:52,0.13541,220.00,0.401,11.95165,34.89882,3.24254,5.03229,50.00,0623:50:09,1,08
19:14:54,0.13419,220.30,0.40202,11.88367,34.70031,3.24254,5.03229,50.01,0623:50:11,1,08
19:14:55,0.13419,220.30,0.40064,11.84288,34.5812,3.24254,5.03229,50.03,0623:50:12,1,08
19:14:56,0.13504,220.20,0.39945,11.88367,34.70031,3.24254,5.03229,50.03,0623:50:13,1,08
19:14:57,0.13511,220.20,0.39863,11.87007,34.6606,3.24254,5.03229,50.04,0623:50:14,1,08
19:14:58,0.13547,220.10,0.39654,11.82928,34.5415,3.24254,5.03229,50.04,0623:50:15,1,08
19:15:01,0.13461,220.00,0.40092,11.88367,34.70031,3.24254,5.03229,50.04,0623:50:17,1,08
19:15:03,0.13474,220.00,0.39872,11.82928,34.5415,3.24254,5.03229,50.05,0623:50:19,1,08
19:15:05,0.13486,219.90,0.39917,11.84288,34.5812,3.24254,5.03229,50.04,0623:50:21,1,08
19:15:07,0.13474,219.40,0.39982,11.82928,34.5415,3.24254,5.03229,50.05,0623:50:23,1,08
19:15:09,0.13498,219.40,0.40037,11.85647,34.6209,3.24254,5.03229,50.05,0623:50:25,1,08
19:15:10,0.13425,219.50,0.40175,11.84288,34.5812,3.24254,5.03229,50.06,0623:50:26,1,08
19:15:11,0.13486,219.50,0.40174,11.89726,34.74001,3.24254,5.03229,50.06,0623:50:27,1,08
19:15:13,0.13529,219.90,0.39863,11.87007,34.6606,3.24254,5.03239,50.05,0623:50:29,1,08
19:15:14,0.13437,220.10,0.40165,11.88367,34.70031,3.24254,5.03239,50.05,0623:50:30,1,08
19:15:20,0.13419,220.10,0.40202,11.88367,34.70031,3.24254,5.03239,50.04,0623:50:36,1,08
19:15:22,0.1348,220.10,0.39973,11.87007,34.6606,3.24264,5.03239,50.03,0623:50:38,1,08
19:15:25,0.13529,219.90,0.39863,11.87007,34.6606,3.24264,5.03239,50.04,0623:50:41,1,08
19:15:26,0.13522,219.90,0.39808,11.84288,34.5812,3.24264,5.03239,50.03,0623:50:42,1,08
19:15:28,0.13522,219.80,0.39854,11.85647,34.6209,3.24264,5.03239,50.04,0623:50:44,1,08
19:15:30,0.13517,220.00,0.39899,11.87007,34.6606,3.24264,5.03239,50.03,0623:50:46,1,08
19:15:31,0.13517,220.00,0.39854,11.85647,34.6209,3.24264,5.03239,50.03,0623:50:47,1,08
19:15:32,0.13461,220.20,0.4,11.85647,34.6209,3.24264,5.03239,50.03,0623:50:48,1,08
19:15:33,0.13437,220.00,0.40074,11.85647,34.6209,3.24264,5.03249,50.03,0623:50:49,1,08
19:15:35,0.13468,219.90,0.40046,11.87007,34.6606,3.24264,5.03249,50.01,0623:50:51,1,08
19:15:36,0.13437,219.70,0.40101,11.84288,34.5812,3.24264,5.03249,50.01,0623:50:52,1,08
19:15:37,0.13443,219.70,0.4011,11.85647,34.6209,3.24264,5.03249,50.01,0623:50:53,1,08
19:15:39,0.13517,219.80,0.39707,11.80208,34.46209,3.24264,5.03249,50.01,0623:50:55,1,08
19:15:41,0.13449,219.50,0.40101,11.84288,34.5812,3.24264,5.03249,50.00,0623:50:57,1,08
19:15:43,0.13455,219.40,0.40101,11.84288,34.5812,3.24264,5.03249,50.00,0623:50:59,1,08
19:15:44,0.13407,219.50,0.40259,11.85647,34.6209,3.24264,5.03249,49.99,0623:51:00,1,08
19:15:46,0.13412,219.90,0.4023,11.87007,34.6606,3.24264,5.03249,49.99,0623:51:02,1,08
19:15:48,0.13369,220.00,0.4025,11.84288,34.5812,3.24264,5.03249,49.97,0623:51:04,1,08
19:15:49,0.13449,220.00,0.40129,11.88367,34.70031,3.24264,5.03249,49.97,0623:51:05,1,08
19:15:50,0.13381,220.00,0.40259,11.85647,34.6209,3.24264,5.03249,49.97,0623:51:06,1,08
19:15:52,0.13437,219.90,0.40202,11.88367,34.70031,3.24274,5.03249,49.97,0623:51:08,1,08
19:15:53,0.13547,220.10,0.40383,12.04683,35.17673,3.24274,5.03259,49.99,0623:51:10,1,08
19:15:57,0.13431,220.00,0.40478,11.96525,34.93852,3.24274,5.03259,49.99,0623:51:13,1,08
19:16:01,0.13449,220.00,0.40083,11.87007,34.6606,3.24274,5.03259,50.00,0623:51:17,1,08
19:16:03,0.13449,220.00,0.40037,11.85647,34.6209,3.24274,5.03259,50.03,0623:51:19,1,08
19:16:06,0.13357,220.40,0.40259,11.85647,34.6209,3.24274,5.03259,50.04,0623:51:22,1,08
19:16:07,0.13437,220.50,0.40046,11.87007,34.6606,3.24274,5.03259,50.04,0623:51:23,1,08
19:16:09,0.13449,220.40,0.39954,11.84288,34.5812,3.24274,5.03259,50.04,0623:51:25,1,08
19:16:11,0.13541,220.10,0.40374,12.03323,35.13704,3.24274,5.03259,50.05,0623:51:28,1,08
19:16:12,0.13541,220.10,0.40374,12.03323,35.13704,3.24274,5.03259,50.05,0623:51:28,1,08
19:16:13,0.13498,220.00,0.39982,11.88367,34.70031,3.24274,5.03269,50.05,0623:51:29,1,08
19:16:15,0.13381,220.10,0.40212,11.84288,34.5812,3.24274,5.03269,50.04,0623:51:31,1,08
19:16:16,0.13345,220.00,0.40324,11.84288,34.5812,3.24274,5.03269,50.04,0623:51:33,1,08
19:16:17,0.13431,220.00,0.4011,11.85647,34.6209,3.24274,5.03269,50.04,0623:51:34,1,08
19:16:18,0.13431,220.00,0.4011,11.85647,34.6209,3.24274,5.03269,50.04,0623:51:34,1,08
19:16:19,0.13345,220.00,0.40278,11.82928,34.5415,3.24274,5.03269,50.04,0623:51:35,1,08
19:16:20,0.13345,220.00,0.4037,11.85647,34.6209,3.24274,5.03269,50.04,0623:51:36,1,08
19:16:21,0.13381,220.10,0.40212,11.84288,34.5812,3.24284,5.03269,50.03,0623:51:38,1,08
19:16:27,0.13437,219.50,0.40092,11.82928,34.5415,3.24284,5.03269,50.05,0623:51:44,1,08
19:16:30,0.13381,219.80,0.40342,11.87007,34.6606,3.24284,5.03269,50.05,0623:51:46,1,08
19:16:32,0.13431,219.60,0.40138,11.84288,34.5812,3.24284,5.03269,50.04,0623:51:49,1,08
19:16:33,0.13407,219.70,0.40268,11.87007,34.6606,3.24284,5.03269,50.05,0623:51:50,1,08
19:16:34,0.13369,219.70,0.40287,11.84288,34.5812,3.24284,5.03279,50.05,0623:51:51,1,08
19:16:37,0.13461,219.70,0.40028,11.84288,34.5812,3.24284,5.03279,50.05,0623:51:54,1,08
19:16:38,0.13407,219.70,0.40221,11.85647,34.6209,3.24284,5.03279,50.05,0623:51:55,1,08
19:16:39,0.13407,219.80,0.40175,11.84288,34.5812,3.24284,5.03279,50.05,0623:51:56,1,08
19:16:40,0.13394,219.90,0.40212,11.84288,34.5812,3.24284,5.03279,50.05,0623:51:57,1,08
19:16:42,0.13449,220.00,0.40083,11.87007,34.6606,3.24284,5.03279,50.05,0623:51:58,1,08
19:16:44,0.13431,220.10,0.40211,11.89726,34.74001,3.24284,5.03279,50.05,0623:52:01,1,08
19:16:45,0.13431,220.20,0.40074,11.85647,34.6209,3.24284,5.03279,50.05,0623:52:02,1,08
19:16:46,0.13455,220.10,0.39954,11.84288,34.5812,3.24284,5.03279,50.05,0623:52:03,1,08
19:16:48,0.13345,219.90,0.40231,11.81568,34.50179,3.24284,5.03279,50.04,0623:52:05,1,08
19:16:50,0.13461,219.90,0.40129,11.88367,34.70031,3.24284,5.03279,50.05,0623:52:07,1,08
19:16:51,0.13431,220.10,0.40028,11.84288,34.5812,3.24284,5.03279,50.05,0623:52:08,1,08
19:16:53,0.13388,220.00,0.40259,11.85647,34.6209,3.24294,5.03279,50.04,0623:52:09,1,08
19:16:55,0.13326,219.70,0.40344,11.81568,34.50179,3.24294,5.03289,50.04,0623:52:12,1,08
19:16:56,0.13614,219.60,0.40545,12.12841,35.41496,3.24294,5.03289,50.04,0623:52:13,1,08
19:16:58,0.13412,219.60,0.40175,11.84288,34.5812,3.24294,5.03289,50.03,0623:52:15,1,08
19:17:01,0.13412,219.50,0.40259,11.85647,34.6209,3.24294,5.03289,50.04,0623:52:17,1,08
19:17:02,0.13419,219.50,0.40175,11.84288,34.5812,3.24294,5.03289,50.05,0623:52:18,1,08
19:17:03,0.13461,219.40,0.40294,11.91086,34.77971,3.24294,5.03289,50.05,0623:52:19,1,08
19:17:04,0.13369,219.60,0.40417,11.87007,34.6606,3.24294,5.03289,50.04,0623:52:20,1,08
19:17:05,0.13351,219.60,0.40315,11.82928,34.5415,3.24294,5.03289,50.04,0623:52:21,1,08
19:17:06,0.13363,219.50,0.40361,11.84288,34.5812,3.24294,5.03289,50.04,0623:52:22,1,08
19:17:09,0.13486,219.70,0.40046,11.87007,34.6606,3.24294,5.03289,50.05,0623:52:25,1,08
19:17:11,0.13492,219.70,0.40009,11.87007,34.6606,3.24294,5.03289,50.05,0623:52:27,1,08
19:17:13,0.13553,219.60,0.39863,11.87007,34.6606,3.24294,5.03289,50.04,0623:52:29,1,08
19:17:14,0.13425,219.50,0.40175,11.84288,34.5812,3.24294,5.03289,50.03,0623:52:30,1,08
19:17:15,0.13498,219.50,0.40046,11.87007,34.6606,3.24294,5.03299,50.03,0623:52:31,1,08
19:17:17,0.13529,219.70,0.39854,11.85647,34.6209,3.24294,5.03299,50.03,0623:52:33,1,08
19:17:20,0.13474,219.50,0.39982,11.82928,34.5415,3.24294,5.03299,50.04,0623:52:36,1,08
19:17:21,0.13468,219.50,0.40211,11.89726,34.74001,3.24294,5.03299,50.04,0623:52:37,1,08
19:17:22,0.13517,219.60,0.39881,11.84288,34.5812,3.24294,5.03299,50.01,0623:52:38,1,08
19:17:23,0.13443,219.70,0.40202,11.88367,34.70031,3.24304,5.03299,50.01,0623:52:39,1,08
19:17:24,0.13443,219.70,0.4011,11.85647,34.6209,3.24304,5.03299,50.01,0623:52:40,1,08
19:17:25,0.13449,219.80,0.40119,11.87007,34.6606,3.24304,5.03299,50.01,0623:52:41,1,08
19:17:26,0.13437,219.80,0.40156,11.87007,34.6606,3.24304,5.03299,50.03,0623:52:42,1,08
19:17:27,0.13455,219.80,0.40074,11.85647,34.6209,3.24304,5.03299,50.03,0623:52:43,1,08
19:17:29,0.13474,219.90,0.4055,12.01964,35.09734,3.24304,5.03299,50.00,0623:52:45,1,08
19:17:30,0.13388,219.90,0.40259,11.85647,34.6209,3.24304,5.03299,50.01,0623:52:46,1,08
19:17:31,0.13407,219.90,0.40184,11.85647,34.6209,3.24304,5.03299,50.01,0623:52:47,1,08
19:17:32,0.13437,219.90,0.40018,11.82928,34.5415,3.24304,5.03299,50.01,0623:52:48,1,08
19:17:34,0.13394,219.90,0.40221,11.85647,34.6209,3.24304,5.03299,50.00,0623:52:50,1,08
19:17:36,0.13437,219.90,0.4011,11.85647,34.6209,3.24304,5.03309,50.00,0623:52:52,1,08
19:17:38,0.13492,219.80,0.39963,11.85647,34.6209,3.24304,5.03309,50.00,0623:52:54,1,08
19:17:42,0.13461,219.90,0.40083,11.87007,34.6606,3.24304,5.03309,49.99,0623:52:58,1,08
19:17:43,0.13351,220.00,0.40009,11.7613,34.34298,3.24304,5.03309,49.99,0623:52:59,1,08
19:17:44,0.13407,219.90,0.40138,11.84288,34.5812,3.24304,5.03309,49.99,0623:53:00,1,08
19:17:46,0.1348,219.80,0.39954,11.84288,34.5812,3.24304,5.03309,49.99,0623:53:02,1,08
19:17:49,0.13394,219.70,0.40212,11.84288,34.5812,3.24304,5.03309,49.99,0623:53:05,1,08
19:17:52,0.13388,219.60,0.4025,11.84288,34.5812,3.24304,5.03309,49.97,0623:53:08,1,08
19:17:53,0.13388,219.60,0.40342,11.87007,34.6606,3.24314,5.03309,49.97,0623:53:09,1,08
19:17:54,0.13376,219.70,0.40379,11.87007,34.6606,3.24314,5.03309,49.97,0623:53:10,1,08
19:17:56,0.13455,219.90,0.40129,11.88367,34.70031,3.24314,5.0332,49.96,0623:53:12,1,08
19:18:00,0.13614,220.00,0.40472,12.12841,35.41496,3.24314,5.0332,49.99,0623:53:16,1,08
19:18:02,0.13455,219.80,0.40119,11.87007,34.6606,3.24314,5.0332,49.97,0623:53:18,1,08
19:18:03,0.13363,219.80,0.40046,11.7613,34.34298,3.24314,5.0332,49.96,0623:53:19,1,08
19:18:04,0.13412,219.80,0.40184,11.85647,34.6209,3.24314,5.0332,49.96,0623:53:20,1,08
19:18:05,0.13412,219.80,0.40184,11.85647,34.6209,3.24314,5.0332,49.96,0623:53:21,1,08
19:18:06,0.13486,219.90,0.39872,11.82928,34.5415,3.24314,5.0332,49.96,0623:53:22,1,08
19:18:07,0.13437,219.80,0.40064,11.84288,34.5812,3.24314,5.0332,49.96,0623:53:23,1,08
19:18:10,0.13517,219.90,0.39936,11.87007,34.6606,3.24314,5.0332,49.97,0623:53:27,1,08
19:18:11,0.13517,219.90,0.39936,11.87007,34.6606,3.24314,5.0332,49.97,0623:53:27,1,08
19:18:12,0.13577,219.70,0.40064,11.95165,34.89882,3.24314,5.0332,49.99,0623:53:28,1,08
19:18:13,0.13431,219.50,0.39908,11.77489,34.38269,3.24314,5.0332,49.99,0623:53:29,1,08
19:18:14,0.13449,219.40,0.40193,11.87007,34.6606,3.24314,5.0332,49.97,0623:53:30,1,08
19:18:16,0.13357,219.90,0.40287,11.84288,34.5812,3.24314,5.0333,49.99,0623:53:33,1,08
19:18:17,0.13357,219.90,0.40287,11.84288,34.5812,3.24314,5.0333,49.99,0623:53:33,1,08
19:18:19,0.13307,220.10,0.40324,11.84288,34.5812,3.24314,5.0333,49.99,0623:53:35,1,08
19:18:21,0.13388,220.00,0.40221,11.85647,34.6209,3.24314,5.0333,49.97,0623:53:38,1,08
19:18:28,0.13357,219.90,0.40287,11.84288,34.5812,3.24324,5.0333,49.97,0623:53:44,1,08
19:18:30,0.13381,220.10,0.40129,11.82928,34.5415,3.24324,5.0333,49.97,0623:53:46,1,08
19:18:31,0.13357,220.10,0.40342,11.87007,34.6606,3.24324,5.0333,49.99,0623:53:47,1,08
19:18:33,0.134,219.80,0.40268,11.87007,34.6606,3.24324,5.0333,49.97,0623:53:50,1,08
19:18:34,0.134,219.80,0.40268,11.87007,34.6606,3.24324,5.0333,49.97,0623:53:50,1,08
19:18:36,0.13351,219.50,0.40074,11.7477,34.30328,3.24324,5.0333,49.99,0623:53:52,1,08
19:18:37,0.13394,219.70,0.40296,11.85647,34.6209,3.24324,5.0334,49.97,0623:53:54,1,08
19:18:38,0.134,219.80,0.40259,11.85647,34.6209,3.24324,5.0334,49.97,0623:53:55,1,08
19:18:39,0.13419,219.80,0.40092,11.82928,34.5415,3.24324,5.0334,49.99,0623:53:56,1,08
19:18:41,0.13449,219.70,0.40064,11.84288,34.5812,3.24324,5.0334,49.99,0623:53:57,1,08
19:18:43,0.13474,219.70,0.40037,11.85647,34.6209,3.24324,5.0334,49.99,0623:54:00,1,08
19:18:47,0.13412,219.70,0.40221,11.85647,34.6209,3.24324,5.0334,49.99,0623:54:03,1,08
19:18:48,0.13517,219.60,0.39927,11.85647,34.6209,3.24324,5.0334,49.99,0623:54:05,1,08
19:18:49,0.13522,219.60,0.39844,11.84288,34.5812,3.24324,5.0334,50.00,0623:54:06,1,08
19:18:51,0.13449,219.60,0.39834,11.77489,34.38269,3.24324,5.0334,50.01,0623:54:08,1,08
19:18:54,0.13492,219.20,0.40028,11.84288,34.5812,3.24334,5.0334,50.00,0623:54:11,1,08
19:18:55,0.13449,219.30,0.40046,11.81568,34.50179,3.24334,5.0334,50.00,0623:54:12,1,08
19:18:56,0.13437,219.20,0.40212,11.84288,34.5812,3.24334,5.0334,50.00,0623:54:13,1,08
19:18:59,0.13431,219.40,0.40083,11.81568,34.50179,3.24334,5.0335,50.01,0623:54:14,1,08
19:19:01,0.13535,219.40,0.39881,11.84288,34.5812,3.24334,5.0335,49.99,0623:54:17,1,08
19:19:03,0.13704,219.50,0.4028,12.11481,35.37526,3.24334,5.0335,50.00,0623:54:19,1,08
19:19:05,0.13529,219.60,0.39844,11.84288,34.5812,3.24334,5.0335,50.00,0623:54:21,1,08
19:19:06,0.13522,219.60,0.39881,11.84288,34.5812,3.24334,5.0335,50.01,0623:54:22,1,08
19:19:08,0.13504,219.60,0.39917,11.84288,34.5812,3.24334,5.0335,50.00,0623:54:24,1,08
19:19:09,0.13541,219.60,0.39762,11.82928,34.5415,3.24334,5.0335,50.00,0623:54:25,1,08
19:19:10,0.13559,219.60,0.39735,11.84288,34.5812,3.24334,5.0335,50.01,0623:54:26,1,08
19:19:12,0.13511,219.40,0.40055,11.88367,34.70031,3.24334,5.0335,50.01,0623:54:28,1,08
19:19:14,0.13522,219.10,0.39908,11.82928,34.5415,3.24334,5.0335,50.01,0623:54:30,1,08
19:19:16,0.13535,219.30,0.40064,11.89726,34.74001,3.24334,5.0335,50.01,0623:54:32,1,08
19:19:17,0.13455,219.40,0.40055,11.82928,34.5415,3.24334,5.0335,50.01,0623:54:33,1,08
19:19:18,0.13419,219.40,0.40212,11.84288,34.5812,3.24334,5.0336,50.03,0623:54:34,1,08
19:19:19,0.13425,219.30,0.4012,11.81568,34.50179,3.24334,5.0336,50.03,0623:54:35,1,08
19:19:20,0.13492,219.20,0.39982,11.82928,34.5415,3.24334,5.0336,50.03,0623:54:36,1,08
19:19:21,0.13437,219.10,0.4012,11.81568,34.50179,3.24334,5.0336,50.03,0623:54:37,1,08
19:19:24,0.1348,219.20,0.40018,11.82928,34.5415,3.24334,5.0336,50.03,0623:54:40,1,08
19:19:25,0.13541,219.10,0.39872,11.82928,34.5415,3.24345,5.0336,50.03,0623:54:41,1,08
19:19:26,0.13492,218.90,0.39926,11.80208,34.46209,3.24345,5.0336,50.04,0623:54:42,1,08
19:19:27,0.13535,218.90,0.39954,11.84288,34.5812,3.24345,5.0336,50.04,0623:54:43,1,08
19:19:28,0.13511,218.80,0.39936,11.81568,34.50179,3.24345,5.0336,50.01,0623:54:44,1,08
19:19:33,0.13541,218.50,0.39899,11.81568,34.50179,3.24345,5.0336,50.01,0623:54:49,1,08
19:19:38,0.13498,218.20,0.40166,11.82928,34.5415,3.24345,5.0337,50.01,0623:54:54,1,08
19:19:39,0.13407,218.20,0.40613,11.88367,34.70031,3.24345,5.0337,50.01,0623:54:55,1,08
19:19:41,0.13486,218.20,0.40074,11.80208,34.46209,3.24345,5.0337,50.00,0623:54:57,1,08
19:19:43,0.14131,218.30,0.4185,12.91703,37.71773,3.24345,5.0337,50.00,0623:54:59,1,08
19:19:44,0.181,218.50,0.48969,19.37554,56.57658,3.24345,5.0337,50.00,0623:55:00,1,08
19:19:45,0.17968,218.60,0.48548,19.09001,55.74282,3.24345,5.0337,50.00,0623:55:01,1,08
19:19:47,0.17815,218.50,0.48883,19.03562,55.58401,3.24345,5.0337,49.99,0623:55:03,1,08
19:19:48,0.17861,218.50,0.48816,19.06281,55.66342,3.24345,5.0337,50.00,0623:55:04,1,08
19:19:51,0.17159,219.00,0.46602,17.52637,51.17699,3.24355,5.0337,49.99,0623:55:07,1,08
19:19:52,0.17159,219.00,0.46602,17.52637,51.17699,3.24355,5.0337,49.99,0623:55:08,1,08
19:19:53,0.17063,219.00,0.46473,17.3768,50.74026,3.24355,5.0337,49.99,0623:55:09,1,08
19:19:55,0.17269,218.80,0.46978,17.75752,51.85195,3.24355,5.0337,50.00,0623:55:11,1,08
19:19:57,0.17034,218.90,0.47085,17.56716,51.2961,3.24355,5.0338,49.99,0623:55:13,1,08
19:19:59,0.17092,219.00,0.46734,17.51277,51.1373,3.24355,5.0338,49.99,0623:55:15,1,08
19:20:00,0.1725,219.20,0.46801,17.70313,51.69313,3.24355,5.0338,50.00,0623:55:16,1,08
19:20:01,0.17164,219.30,0.46715,17.59435,51.37551,3.24355,5.0338,50.00,0623:55:17,1,08
19:20:03,0.17159,219.20,0.46676,17.56716,51.2961,3.24355,5.0338,50.00,0623:55:19,1,08
19:20:04,0.17159,219.20,0.46676,17.56716,51.2961,3.24355,5.0338,50.00,0623:55:20,1,08
19:20:06,0.17364,219.10,0.46821,17.8255,52.05046,3.24355,5.0338,50.01,0623:55:22,1,08
19:20:07,0.17087,219.10,0.47095,17.63515,51.49463,3.24355,5.0338,50.01,0623:55:23,1,08
19:20:08,0.17159,218.90,0.46708,17.55356,51.25641,3.24355,5.0338,49.99,0623:55:24,1,08
19:20:09,0.17019,218.90,0.46353,17.28163,50.46235,3.24355,5.0338,50.01,0623:55:25,1,08
19:20:10,0.17019,218.90,0.46353,17.28163,50.46235,3.24355,5.0338,50.01,0623:55:26,1,08
19:20:11,0.17115,218.90,0.46773,17.53996,51.2167,3.24355,5.0338,50.01,0623:55:27,1,08
19:20:12,0.17231,218.90,0.46974,17.73032,51.77254,3.24365,5.0338,50.00,0623:55:28,1,08
19:20:13,0.17231,219.00,0.46472,17.55356,51.25641,3.24365,5.0338,50.00,0623:55:29,1,08
19:20:14,0.17164,219.10,0.46279,17.41759,50.85937,3.24365,5.0338,50.00,0623:55:30,1,08
19:20:15,0.17164,219.10,0.46279,17.41759,50.85937,3.24365,5.0339,50.00,0623:55:31,1,08
19:20:16,0.17188,219.20,0.46753,17.62155,51.45491,3.24365,5.0339,50.00,0623:55:32,1,08
19:20:18,0.17164,219.20,0.46485,17.56716,51.2961,3.24365,5.0339,49.99,0623:55:34,1,08
19:20:25,0.17168,218.80,0.46889,17.62155,51.45491,3.24365,5.0339,50.00,0623:55:41,1,08
19:20:26,0.17126,218.90,0.46664,17.49917,51.09758,3.24365,5.0339,50.00,0623:55:42,1,08
19:20:28,0.17293,219.00,0.46879,17.77111,51.89165,3.24365,5.0339,50.01,0623:55:44,1,08
19:20:30,0.18027,219.10,0.48176,19.03562,55.58401,3.24365,5.0339,50.01,0623:55:46,1,08
19:20:35,0.17976,219.20,0.47862,18.87246,55.10758,3.24375,5.034,50.03,0623:55:51,1,08
19:20:36,0.17963,219.20,0.47964,18.89965,55.18699,3.24375,5.034,50.03,0623:55:52,1,08
19:20:38,0.18145,219.80,0.47718,19.04922,55.62371,3.24375,5.034,50.03,0623:55:55,1,08
19:20:39,0.17958,220.10,0.47972,18.98123,55.42521,3.24375,5.034,50.04,0623:55:56,1,08
19:20:40,0.17958,220.10,0.47972,18.98123,55.42521,3.24375,5.034,50.04,0623:55:56,1,08
19:20:41,0.1793,220.00,0.47829,18.87246,55.10758,3.24375,5.034,50.04,0623:55:57,1,08
19:20:42,0.18072,220.00,0.47779,19.00843,55.50461,3.24375,5.034,50.03,0623:55:58,1,08
19:20:45,0.18082,219.90,0.47881,19.04922,55.62371,3.24375,5.034,50.04,0623:56:02,1,08
19:20:46,0.1799,219.80,0.4756,18.81807,54.94876,3.24375,5.034,50.04,0623:56:02,1,08
19:20:47,0.18127,219.70,0.47747,19.02202,55.54431,3.24375,5.034,50.03,0623:56:03,1,08
19:20:48,0.18114,219.60,0.47268,18.81807,54.94876,3.24375,5.034,50.03,0623:56:04,1,08
19:20:49,0.18036,219.60,0.47839,18.96764,55.3855,3.24375,5.034,50.04,0623:56:06,1,08
19:20:50,0.17899,219.60,0.47581,18.72289,54.67085,3.24375,5.03411,50.04,0623:56:07,1,08
19:20:52,0.18214,219.60,0.48064,19.23957,56.17955,3.24385,5.03411,50.01,0623:56:08,1,08
19:20:53,0.18127,219.40,0.47539,18.91325,55.22669,3.24385,5.03411,50.01,0623:56:09,1,08
19:20:55,0.18749,219.40,0.48811,20.09618,58.68084,3.24385,5.03411,49.99,0623:56:12,1,08
19:20:56,0.18863,219.50,0.48819,20.23215,59.07787,3.24385,5.03411,49.99,0623:56:13,1,08
19:20:58,0.18728,219.50,0.4848,19.94661,58.24411,3.24385,5.03411,50.00,0623:56:14,1,08
19:21:00,0.19861,219.60,0.49065,21.41507,62.53202,3.24385,5.03411,49.97,0623:56:15,1,08
19:21:03,0.2316,219.60,0.50801,25.86125,75.51485,3.24385,5.03411,49.99,0623:56:19,1,08
19:21:04,0.23096,219.60,0.50911,25.83406,75.43546,3.24385,5.03411,49.96,0623:56:20,1,08
19:21:05,0.23366,219.80,0.50661,26.03801,76.03099,3.24385,5.03411,49.96,0623:56:20,1,08
19:21:06,0.23256,219.90,0.50903,26.05161,76.07069,3.24385,5.03411,49.96,0623:56:21,1,08
19:21:07,0.231,219.90,0.50749,25.79326,75.31634,3.24385,5.03421,49.96,0623:56:23,1,08
19:21:09,0.23259,220.00,0.50823,26.02441,75.99129,3.24395,5.03421,49.97,0623:56:25,1,08
19:21:14,0.23131,220.00,0.50747,25.84765,75.47515,3.24395,5.03421,49.97,0623:56:30,1,08
19:21:15,0.23249,220.00,0.50903,26.05161,76.07069,3.24395,5.03421,49.97,0623:56:31,1,08
19:21:16,0.23338,219.80,0.50742,26.03801,76.03099,3.24395,5.03421,49.97,0623:56:32,1,08
19:21:19,0.23139,219.60,0.50749,25.80686,75.35604,3.24395,5.03421,49.97,0623:56:35,1,08
19:21:21,0.23246,219.70,0.51037,26.0924,76.1898,3.24395,5.03431,49.97,0623:56:37,1,08
19:21:22,0.23228,219.80,0.50878,25.99722,75.91188,3.24405,5.03431,49.97,0623:56:38,1,08
19:21:23,0.23157,219.90,0.50774,25.87485,75.55456,3.24405,5.03431,49.97,0623:56:38,1,08
19:21:24,0.23135,219.90,0.50908,25.91564,75.67367,3.24405,5.03431,49.97,0623:56:40,1,08
19:21:25,0.23082,219.80,0.50777,25.77967,75.27664,3.24405,5.03431,49.97,0623:56:41,1,08
19:21:26,0.23256,219.60,0.5109,26.11959,76.26921,3.24405,5.03431,49.97,0623:56:42,1,08
19:21:27,0.23107,219.70,0.50749,25.77967,75.27664,3.24405,5.03431,49.97,0623:56:43,1,08
19:21:29,0.23199,219.20,0.50882,25.88844,75.59426,3.24405,5.03431,49.99,0623:56:45,1,08
19:21:32,0.2322,219.30,0.50987,25.98362,75.87218,3.24405,5.03431,50.00,0623:56:48,1,08
19:21:36,0.23185,219.00,0.51204,26.01082,75.95158,3.24416,5.03441,49.99,0623:56:52,1,08
19:21:37,0.23206,218.90,0.51231,26.03801,76.03099,3.24416,5.03441,49.99,0623:56:53,1,08
19:21:38,0.22989,218.80,0.51297,25.82046,75.39574,3.24416,5.03441,49.99,0623:56:54,1,08
19:21:39,0.23114,218.80,0.50887,25.75248,75.19723,3.24416,5.03441,49.99,0623:56:55,1,08
19:21:40,0.2322,219.00,0.51122,26.02441,75.99129,3.24416,5.03441,50.00,0623:56:56,1,08
19:21:41,0.2322,219.00,0.51122,26.02441,75.99129,3.24416,5.03441,50.00,0623:56:57,1,08
19:21:44,0.23056,219.10,0.51076,25.82046,75.39574,3.24416,5.03441,50.00,0623:57:00,1,08
19:21:45,0.23242,219.10,0.50934,25.95643,75.79278,3.24416,5.03441,50.00,0623:57:01,1,08
19:21:47,0.23185,219.10,0.5091,25.87485,75.55456,3.24416,5.03441,50.00,0623:57:03,1,08
19:21:49,0.27177,219.30,0.51436,30.67454,89.56967,3.24416,5.03441,50.00,0623:57:05,1,08
19:21:53,0.27034,219.50,0.51832,30.76972,89.84759,3.24426,5.03451,50.00,0623:57:09,1,08
19:21:55,0.26665,219.60,0.51648,30.25304,88.33888,3.24426,5.03451,50.01,0623:57:11,1,08
19:21:56,0.26957,219.50,0.51492,30.49779,89.05354,3.24426,5.03451,50.01,0623:57:12,1,08
19:21:57,0.26878,219.50,0.51796,30.57936,89.29175,3.24426,5.03451,50.01,0623:57:13,1,08
19:22:02,0.26797,219.20,0.51735,30.40261,88.77562,3.24436,5.03451,50.03,0623:57:18,1,08
19:22:03,0.26807,219.00,0.51573,30.30743,88.49769,3.24436,5.03461,50.03,0623:57:19,1,08
19:22:04,0.26807,219.00,0.51573,30.30743,88.49769,3.24436,5.03461,50.03,0623:57:20,1,08
19:22:05,0.26988,219.00,0.51655,30.55217,89.21234,3.24436,5.03461,50.03,0623:57:21,1,08
19:22:06,0.27018,219.10,0.51606,30.57936,89.29175,3.24436,5.03461,50.01,0623:57:22,1,08
19:22:11,0.26804,219.10,0.5155,30.29383,88.45799,3.24436,5.03461,50.01,0623:57:27,1,08
19:22:12,0.26899,219.40,0.51657,30.51138,89.09324,3.24436,5.03461,50.00,0623:57:28,1,08
19:22:13,0.26831,219.50,0.51523,30.36181,88.6565,3.24436,5.03461,50.00,0623:57:29,1,08
19:22:16,0.27116,219.60,0.5162,30.75612,89.80788,3.24446,5.03471,50.00,0623:57:32,1,08
19:22:22,0.13425,218.80,0.40102,11.78849,34.42239,3.24446,5.03471,49.97,0623:57:38,1,08
19:22:25,0.13522,219.40,0.40009,11.87007,34.6606,3.24446,5.03471,49.99,0623:57:41,1,08
19:22:28,0.13504,219.50,0.40009,11.87007,34.6606,3.24446,5.03471,49.99,0623:57:44,1,08
19:22:31,0.13419,219.30,0.39889,11.7477,34.30328,3.24446,5.03471,49.97,0623:57:47,1,08
19:22:34,0.15958,219.30,0.44682,15.65,45.698,3.24446,5.03471,49.99,0623:57:50,1,08
19:22:37,0.17487,219.40,0.47519,18.23341,53.24155,3.24446,5.03481,49.99,0623:57:53,1,08
19:22:38,0.1745,219.20,0.47512,18.17902,53.08273,3.24457,5.03481,49.99,0623:57:54,1,08
19:22:39,0.1745,219.20,0.47512,18.17902,53.08273,3.24457,5.03481,49.99,0623:57:55,1,08
19:22:41,0.17591,219.20,0.47216,18.21981,53.20185,3.24457,5.03481,49.97,0623:57:57,1,08
19:22:42,0.17526,219.20,0.47417,18.21981,53.20185,3.24457,5.03481,49.97,0623:57:58,1,08
19:22:45,0.17563,219.50,0.47461,18.30139,53.44006,3.24457,5.03481,49.96,0623:58:02,1,08
19:22:47,0.17572,219.50,0.47394,18.30139,53.44006,3.24457,5.03481,49.99,0623:58:03,1,08
19:22:48,0.17478,219.60,0.4745,18.21981,53.20185,3.24457,5.03481,49.99,0623:58:04,1,08
19:22:50,0.17582,219.50,0.47254,18.247,53.28125,3.24457,5.03481,49.97,0623:58:07,1,08
19:22:55,0.17507,219.80,0.47316,18.21981,53.20185,3.24457,5.03492,49.97,0623:58:11,1,08
19:22:57,0.17699,219.80,0.47032,18.31499,53.47976,3.24457,5.03492,49.97,0623:58:13,1,08
19:22:59,0.17497,219.90,0.47458,18.2742,53.36066,3.24467,5.03492,50.00,0623:58:14,1,08
19:23:03,0.17619,219.40,0.47398,18.32858,53.51946,3.24467,5.03492,49.99,0623:58:19,1,08
19:23:04,0.17464,219.40,0.4734,18.15182,53.00333,3.24467,5.03492,50.00,0623:58:19,1,08
19:23:05,0.17483,219.30,0.47307,18.15182,53.00333,3.24467,5.03492,50.00,0623:58:20,1,08
19:23:06,0.1754,219.20,0.47314,18.20621,53.16214,3.24467,5.03492,49.97,0623:58:21,1,08
19:23:07,0.17718,219.20,0.47061,18.28779,53.40036,3.24467,5.03492,49.97,0623:58:23,1,08
19:23:09,0.17553,219.50,0.47424,18.2742,53.36066,3.24467,5.03492,49.99,0623:58:25,1,08
19:23:10,0.17492,219.50,0.47452,18.23341,53.24155,3.24467,5.03492,49.99,0623:58:25,1,08
19:23:13,0.17568,219.40,0.47532,18.32858,53.51946,3.24467,5.03502,49.99,0623:58:29,1,08
19:23:14,0.1753,219.30,0.47633,18.32858,53.51946,3.24467,5.03502,50.00,0623:58:30,1,08
19:23:16,0.1753,219.40,0.47526,18.28779,53.40036,3.24467,5.03502,50.01,0623:58:31,1,08
19:23:17,0.17568,219.40,0.47285,18.23341,53.24155,3.24467,5.03502,50.01,0623:58:32,1,08
19:23:18,0.17507,219.40,0.47558,18.2742,53.36066,3.24477,5.03502,50.00,0623:58:34,1,08
19:23:19,0.17535,219.40,0.47491,18.2742,53.36066,3.24477,5.03502,50.00,0623:58:35,1,08
19:23:24,0.17591,219.50,0.47361,18.30139,53.44006,3.24477,5.03502,50.00,0623:58:40,1,08
19:23:26,0.1753,219.50,0.47458,18.2742,53.36066,3.24477,5.03502,50.01,0623:58:42,1,08
19:23:27,0.17605,219.40,0.4715,18.21981,53.20185,3.24477,5.03502,50.01,0623:58:43,1,08
19:23:30,0.17718,219.40,0.47133,18.32858,53.51946,3.24477,5.03512,50.03,0623:58:46,1,08
19:23:31,0.17718,219.40,0.47168,18.34218,53.55917,3.24477,5.03512,50.03,0623:58:47,1,08
19:23:33,0.17436,219.40,0.47477,18.16542,53.04303,3.24477,5.03512,50.04,0623:58:49,1,08
19:23:35,0.17549,219.70,0.47532,18.32858,53.51946,3.24477,5.03512,50.03,0623:58:50,1,08
19:23:36,0.17591,219.60,0.47396,18.31499,53.47976,3.24477,5.03512,50.04,0623:58:52,1,08
19:23:38,0.17648,219.60,0.46914,18.19262,53.12244,3.24487,5.03512,50.04,0623:58:54,1,08
19:23:40,0.17558,219.20,0.47316,18.21981,53.20185,3.24487,5.03512,50.04,0623:58:55,1,08
19:23:41,0.17633,219.00,0.47467,18.34218,53.55917,3.24487,5.03512,50.04,0623:58:57,1,08
19:23:43,0.17582,218.90,0.47564,18.31499,53.47976,3.24487,5.03512,50.04,0623:58:59,1,08
19:23:44,0.17492,219.10,0.47589,18.247,53.28125,3.24487,5.03512,50.03,0623:59:00,1,08
19:23:45,0.17624,219.20,0.47255,18.2606,53.32095,3.24487,5.03512,50.03,0623:59:01,1,08
19:23:47,0.17619,219.20,0.4722,18.247,53.28125,3.24487,5.03512,50.04,0623:59:03,1,08
19:23:49,0.17619,219.40,0.47574,18.39657,53.71798,3.24487,5.03522,50.04,0623:59:05,1,08
19:23:51,0.17478,219.30,0.47518,18.21981,53.20185,3.24487,5.03522,50.05,0623:59:07,1,08
19:23:54,0.1753,219.50,0.47634,18.34218,53.55917,3.24487,5.03522,50.04,0623:59:10,1,08
19:23:59,0.17445,219.60,0.47837,18.34218,53.55917,3.24497,5.03522,50.03,0623:59:15,1,08
19:24:00,0.17492,219.70,0.47666,18.32858,53.51946,3.24497,5.03522,50.04,0623:59:16,1,08
19:24:01,0.1745,219.50,0.47482,18.20621,53.16214,3.24497,5.03522,50.04,0623:59:17,1,08
19:24:04,0.17478,219.40,0.47555,18.247,53.28125,3.24497,5.03522,50.03,0623:59:20,1,08
19:24:06,0.17545,219.50,0.47671,18.36937,53.63857,3.24497,5.03533,50.04,0623:59:22,1,08
19:24:07,0.17464,219.50,0.4773,18.30139,53.44006,3.24497,5.03533,50.04,0623:59:23,1,08
19:24:08,0.1746,219.30,0.47445,18.17902,53.08273,3.24497,5.03533,50.04,0623:59:24,1,08
19:24:10,0.17469,219.30,0.47553,18.23341,53.24155,3.24497,5.03533,50.03,0623:59:26,1,08
19:24:11,0.1754,219.30,0.47314,18.20621,53.16214,3.24497,5.03533,50.03,0623:59:27,1,08
19:24:12,0.17549,219.20,0.47703,18.35578,53.59887,3.24497,5.03533,50.03,0623:59:28,1,08
19:24:13,0.17403,219.30,0.47863,18.2742,53.36066,3.24497,5.03533,50.03,0623:59:29,1,08
19:24:14,0.17412,219.30,0.47687,18.21981,53.20185,3.24497,5.03533,50.01,0623:59:30,1,08
19:24:15,0.17563,219.40,0.47355,18.2606,53.32095,3.24497,5.03533,50.00,0623:59:31,1,08
19:24:16,0.17563,219.40,0.47355,18.2606,53.32095,3.24497,5.03533,50.00,0623:59:32,1,08
19:24:18,0.17441,219.30,0.47869,18.32858,53.51946,3.24507,5.03533,50.00,0623:59:34,1,08
19:24:19,0.17426,219.50,0.47479,18.17902,53.08273,3.24507,5.03533,49.99,0623:59:35,1,08
19:24:22,0.17422,219.70,0.47621,18.23341,53.24155,3.24507,5.03533,49.99,0623:59:38,1,08
19:24:25,0.17483,219.60,0.47592,18.2742,53.36066,3.24507,5.03543,49.97,0623:59:41,1,08
19:24:26,0.17417,219.50,0.47655,18.23341,53.24155,3.24507,5.03543,49.97,0623:59:42,1,08
19:24:27,0.17464,219.50,0.47626,18.2742,53.36066,3.24507,5.03543,49.97,0623:59:43,1,08
19:24:32,0.17487,219.50,0.47771,18.35578,53.59887,3.24507,5.03543,49.97,0623:59:48,1,08
19:24:33,0.17521,219.70,0.47422,18.2606,53.32095,3.24507,5.03543,49.97,0623:59:49,1,08
19:24:34,0.17426,219.80,0.47695,18.28779,53.40036,3.24507,5.03543,49.97,0623:59:50,1,08
19:24:37,0.17307,220.00,0.4793,18.2606,53.32095,3.24517,5.03543,49.97,0623:59:53,1,08
19:24:38,0.17336,220.00,0.47828,18.2606,53.32095,3.24517,5.03543,49.97,0623:59:54,1,08
19:24:41,0.17331,220.20,0.48113,18.36937,53.63857,3.24517,5.03543,50.00,0623:59:57,1,08
19:24:44,0.17364,220.40,0.47621,18.23341,53.24155,3.24517,5.03553,50.01,0624:00:00,1,08
19:24:45,0.17279,220.40,0.47789,18.21981,53.20185,3.24517,5.03553,50.01,0624:00:01,1,08
19:24:46,0.17288,220.30,0.47825,18.23341,53.24155,3.24517,5.03553,50.01,0624:00:02,1,08
19:24:47,0.17317,220.30,0.4797,18.31499,53.47976,3.24517,5.03553,50.01,0624:00:03,1,08
19:24:48,0.17322,220.30,0.47756,18.23341,53.24155,3.24517,5.03553,50.01,0624:00:04,1,08
19:24:51,0.17307,220.20,0.4804,18.32858,53.51946,3.24517,5.03553,50.03,0624:00:08,1,08
19:24:53,0.17274,220.20,0.47891,18.21981,53.20185,3.24517,5.03553,50.03,0624:00:08,1,08
19:24:56,0.17274,220.10,0.48034,18.2742,53.36066,3.24517,5.03553,50.04,0624:00:11,1,08
19:24:58,0.17274,220.20,0.48214,18.35578,53.59887,3.24527,5.03553,50.04,0624:00:13,1,08
19:24:59,0.17284,220.20,0.47929,18.247,53.28125,3.24527,5.03553,50.04,0624:00:14,1,08
19:25:01,0.17322,220.00,0.47825,18.23341,53.24155,3.24527,5.03563,50.04,0624:00:16,1,08
19:25:02,0.17279,219.90,0.47997,18.247,53.28125,3.24527,5.03563,50.05,0624:00:17,1,08
19:25:04,0.17393,219.90,0.48081,18.39657,53.71798,3.24527,5.03563,50.04,0624:00:19,1,08
19:25:05,0.17487,219.90,0.47809,18.39657,53.71798,3.24527,5.03563,50.04,0624:00:20,1,08
19:25:06,0.1735,220.00,0.47863,18.2742,53.36066,3.24527,5.03563,50.03,0624:00:21,1,08
19:25:08,0.1726,220.10,0.47926,18.21981,53.20185,3.24527,5.03563,50.04,0624:00:24,1,08
19:25:09,0.17331,220.10,0.47863,18.2742,53.36066,3.24527,5.03563,50.04,0624:00:25,1,08
19:25:10,0.17426,220.00,0.47768,18.32858,53.51946,3.24527,5.03563,50.04,0624:00:25,1,08
19:25:11,0.17331,220.00,0.4804,18.32858,53.51946,3.24527,5.03563,50.04,0624:00:26,1,08
19:25:13,0.1735,219.80,0.47826,18.247,53.28125,3.24527,5.03563,50.04,0624:00:29,1,08
19:25:14,0.17398,219.80,0.47619,18.21981,53.20185,3.24527,5.03563,50.03,0624:00:30,1,08
19:25:16,0.17326,219.90,0.4811,18.34218,53.55917,3.24527,5.03563,50.03,0624:00:31,1,08
19:25:19,0.17526,219.70,0.47424,18.2742,53.36066,3.24537,5.03573,50.03,0624:00:35,1,08
19:25:21,0.17629,219.70,0.47754,18.50534,54.0356,3.24537,5.03573,50.03,0624:00:37,1,08
19:25:23,0.17516,219.60,0.47597,18.31499,53.47976,3.24537,5.03573,50.03,0624:00:38,1,08
19:25:24,0.1753,219.40,0.4735,18.21981,53.20185,3.24537,5.03573,50.01,0624:00:39,1,08
19:25:25,0.1753,219.30,0.47348,18.20621,53.16214,3.24537,5.03573,50.01,0624:00:41,1,08
19:25:27,0.17648,219.30,0.47437,18.36937,53.63857,3.24537,5.03573,50.00,0624:00:43,1,08
19:25:29,0.1761,219.40,0.47222,18.2606,53.32095,3.24537,5.03573,50.00,0624:00:44,1,08
19:25:30,0.17526,219.30,0.47065,18.09744,52.84452,3.24537,5.03573,50.00,0624:00:46,1,08
19:25:31,0.17497,219.30,0.47309,18.16542,53.04303,3.24537,5.03573,50.00,0624:00:47,1,08
19:25:33,0.1761,219.40,0.47502,18.35578,53.59887,3.24537,5.03573,49.99,0624:00:49,1,08
19:25:34,0.17661,219.60,0.47267,18.34218,53.55917,3.24537,5.03573,49.99,0624:00:50,1,08
19:25:35,0.17661,219.60,0.47267,18.34218,53.55917,3.24537,5.03573,49.99,0624:00:50,1,08
19:25:36,0.17601,219.70,0.47259,18.28779,53.40036,3.24537,5.03573,49.97,0624:00:52,1,08
19:25:37,0.1768,219.60,0.47026,18.2742,53.36066,3.24548,5.03583,49.97,0624:00:53,1,08
19:25:38,0.1753,219.60,0.47389,18.2606,53.32095,3.24548,5.03583,49.96,0624:00:54,1,08
19:25:39,0.17398,219.60,0.47617,18.20621,53.16214,3.24548,5.03583,49.96,0624:00:55,1,08
19:25:41,0.17478,218.90,0.47656,18.247,53.28125,3.24548,5.03583,49.96,0624:00:56,1,08
19:25:42,0.17619,219.40,0.47646,18.43736,53.83709,3.24548,5.03583,49.96,0624:00:58,1,08
19:25:44,0.17545,220.00,0.47361,18.30139,53.44006,3.24548,5.03583,49.97,0624:01:00,1,08
19:25:46,0.1746,220.00,0.4756,18.28779,53.40036,3.24548,5.03583,49.97,0624:01:01,1,08
19:25:52,0.17492,219.30,0.47626,18.2742,53.36066,3.24548,5.03583,49.99,0624:01:07,1,08
19:25:53,0.17507,219.20,0.47734,18.32858,53.51946,3.24548,5.03583,49.99,0624:01:09,1,08
19:25:54,0.17703,219.10,0.47302,18.35578,53.59887,3.24548,5.03583,49.99,0624:01:10,1,08
19:25:55,0.17502,219.30,0.47521,18.247,53.28125,3.24548,5.03593,49.99,0624:01:11,1,08
19:25:57,0.17492,219.20,0.4759,18.2606,53.32095,3.24558,5.03593,49.97,0624:01:13,1,08
19:25:58,0.17492,219.20,0.4759,18.2606,53.32095,3.24558,5.03593,49.99,0624:01:14,1,08
19:26:01,0.17526,219.00,0.47698,18.31499,53.47976,3.24558,5.03593,49.99,0624:01:17,1,08
19:26:03,0.17629,219.10,0.47537,18.36937,53.63857,3.24558,5.03593,49.99,0624:01:19,1,08
19:26:04,0.17629,219.10,0.47537,18.36937,53.63857,3.24558,5.03593,49.99,0624:01:20,1,08
19:26:05,0.1753,219.20,0.47808,18.38297,53.67828,3.24558,5.03593,49.99,0624:01:21,1,08
19:26:07,0.1761,219.40,0.47468,18.35578,53.59887,3.24558,5.03593,49.99,0624:01:23,1,08
19:26:08,0.17685,219.40,0.47199,18.32858,53.51946,3.24558,5.03593,49.97,0624:01:24,1,08
19:26:09,0.17563,219.30,0.47601,18.34218,53.55917,3.24558,5.03593,49.99,0624:01:25,1,08
19:26:10,0.17563,219.30,0.47601,18.34218,53.55917,3.24558,5.03593,49.99,0624:01:26,1,08
19:26:11,0.17824,219.30,0.47601,18.61412,54.35322,3.24558,5.03593,49.99,0624:01:27,1,08
19:26:14,0.17526,219.10,0.47558,18.2742,53.36066,3.24558,5.03604,50.01,0624:01:30,1,08
19:26:24,0.1365,219.50,0.40653,12.1828,35.57377,3.24568,5.03604,50.03,0624:01:40,1,08
19:26:25,0.13644,219.50,0.40699,12.19639,35.61347,3.24568,5.03604,50.04,0624:01:41,1,08
19:26:26,0.13486,219.50,0.40588,12.01964,35.09734,3.24568,5.03604,50.04,0624:01:42,1,08
19:26:27,0.13431,219.40,0.40221,11.85647,34.6209,3.24568,5.03604,50.04,0624:01:43,1,08
19:26:29,0.134,219.30,0.40379,11.87007,34.6606,3.24568,5.03604,50.04,0624:01:45,1,08
19:26:30,0.13425,219.10,0.40203,11.82928,34.5415,3.24568,5.03604,50.06,0624:01:46,1,08
19:26:31,0.13369,219.00,0.40436,11.84288,34.5812,3.24568,5.03604,50.05,0624:01:47,1,08
19:26:33,0.13553,218.70,0.40009,11.87007,34.6606,3.24568,5.03614,50.04,0624:01:49,1,08
19:26:34,0.13565,218.70,0.39927,11.85647,34.6209,3.24568,5.03614,50.04,0624:01:50,1,08
19:26:36,0.13584,218.70,0.39982,11.88367,34.70031,3.24568,5.03614,50.03,0624:01:52,1,08
19:26:37,0.13614,218.80,0.39872,11.88367,34.70031,3.24568,5.03614,50.03,0624:01:53,1,08
19:26:39,0.13517,218.90,0.40119,11.87007,34.6606,3.24568,5.03614,50.04,0624:01:55,1,08
19:26:41,0.13535,218.70,0.40037,11.85647,34.6209,3.24568,5.03614,50.01,0624:01:57,1,08
19:26:42,0.13608,218.70,0.39772,11.84288,34.5812,3.24568,5.03614,50.01,0624:01:58,1,08
19:26:43,0.13547,218.90,0.40101,11.89726,34.74001,3.24568,5.03614,50.03,0624:01:59,1,08
19:26:44,0.13486,219.20,0.40074,11.85647,34.6209,3.24568,5.03614,50.03,0624:02:00,1,08
19:26:45,0.13511,219.40,0.40138,11.89726,34.74001,3.24578,5.03614,50.01,0624:02:01,1,08
19:26:47,0.13529,219.40,0.39973,11.87007,34.6606,3.24578,5.03614,50.01,0624:02:03,1,08
19:26:48,0.13498,219.40,0.40046,11.87007,34.6606,3.24578,5.03614,50.01,0624:02:04,1,08
19:26:50,0.13468,219.60,0.40257,11.91086,34.77971,3.24578,5.03614,50.00,0624:02:05,1,08
19:26:51,0.1348,219.70,0.40129,11.88367,34.70031,3.24578,5.03614,50.00,0624:02:06,1,08
19:26:53,0.1359,219.70,0.39845,11.89726,34.74001,3.24578,5.03614,50.00,0624:02:08,1,08
19:26:54,0.13584,219.70,0.39845,11.89726,34.74001,3.24578,5.03624,50.00,0624:02:09,1,08
19:26:56,0.13468,219.70,0.39899,11.81568,34.50179,3.24578,5.03624,50.00,0624:02:11,1,08
19:26:57,0.1348,219.60,0.40083,11.87007,34.6606,3.24578,5.03624,50.00,0624:02:12,1,08
19:26:59,0.13498,219.60,0.40092,11.88367,34.70031,3.24578,5.03624,50.00,0624:02:14,1,08
19:27:00,0.1348,219.70,0.39991,11.84288,34.5812,3.24578,5.03624,50.00,0624:02:15,1,08
19:27:01,0.13541,219.70,0.39945,11.88367,34.70031,3.24578,5.03624,50.00,0624:02:16,1,08
19:27:03,0.13584,219.80,0.39718,11.87007,34.6606,3.24578,5.03624,50.00,0624:02:18,1,08
19:27:04,0.13553,219.80,0.39872,11.88367,34.70031,3.24578,5.03624,49.97,0624:02:20,1,08
19:27:06,0.13492,219.50,0.40092,11.88367,34.70031,3.24578,5.03624,49.96,0624:02:21,1,08
19:27:07,0.1348,219.40,0.39982,11.82928,34.5415,3.24578,5.03624,49.96,0624:02:22,1,08
19:27:08,0.13529,219.40,0.39789,11.81568,34.50179,3.24578,5.03624,49.99,0624:02:23,1,08
19:27:10,0.13498,219.70,0.40009,11.87007,34.6606,3.24578,5.03624,49.97,0624:02:26,1,08
19:27:11,0.13529,219.80,0.39991,11.89726,34.74001,3.24578,5.03624,49.97,0624:02:26,1,08
19:27:12,0.13632,219.90,0.40118,12.03323,35.13704,3.24578,5.03624,49.97,0624:02:27,1,08
19:27:13,0.13602,219.90,0.39737,11.89726,34.74001,3.24578,5.03624,49.97,0624:02:28,1,08
19:27:14,0.13572,220.00,0.39809,11.89726,34.74001,3.24578,5.03634,49.97,0624:02:29,1,08
19:27:16,0.13517,219.90,0.39982,11.88367,34.70031,3.24588,5.03634,49.97,0624:02:31,1,08
19:27:20,0.13492,219.60,0.40092,11.88367,34.70031,3.24588,5.03634,49.96,0624:02:36,1,08
19:27:21,0.13517,219.60,0.39973,11.87007,34.6606,3.24588,5.03634,49.96,0624:02:37,1,08
19:27:24,0.13547,219.70,0.39772,11.84288,34.5812,3.24588,5.03634,49.96,0624:02:39,1,08
19:27:25,0.13498,219.60,0.40147,11.91086,34.77971,3.24588,5.03634,49.96,0624:02:40,1,08
19:27:26,0.13468,219.50,0.40165,11.88367,34.70031,3.24588,5.03634,49.96,0624:02:42,1,08
19:27:27,0.13776,219.50,0.39802,12.04683,35.17673,3.24588,5.03634,49.96,0624:02:43,1,08
19:27:29,0.13559,219.50,0.39863,11.87007,34.6606,3.24588,5.03634,49.97,0624:02:44,1,08
19:27:30,0.13504,219.60,0.39963,11.85647,34.6209,3.24588,5.03634,49.97,0624:02:45,1,08
19:27:31,0.13535,219.60,0.39899,11.87007,34.6606,3.24588,5.03634,49.97,0624:02:47,1,08
19:27:32,0.13584,219.70,0.39709,11.85647,34.6209,3.24588,5.03634,49.99,0624:02:48,1,08
19:27:33,0.13504,219.60,0.40009,11.87007,34.6606,3.24588,5.03634,49.99,0624:02:49,1,08
19:27:34,0.13504,219.60,0.40009,11.87007,34.6606,3.24588,5.03644,49.99,0624:02:49,1,08
19:27:35,0.13584,219.70,0.398,11.88367,34.70031,3.24588,5.03644,49.99,0624:02:50,1,08
19:27:36,0.1359,219.60,0.39754,11.87007,34.6606,3.24588,5.03644,50.00,0624:02:52,1,08
19:27:37,0.13602,219.50,0.39672,11.85647,34.6209,3.24588,5.03644,50.00,0624:02:53,1,08
19:27:38,0.13535,219.40,0.39936,11.87007,34.6606,3.24588,5.03644,50.00,0624:02:54,1,08
19:27:39,0.13529,219.50,0.39936,11.87007,34.6606,3.24588,5.03644,50.00,0624:02:55,1,08
19:27:40,0.13529,219.50,0.39936,11.87007,34.6606,3.24588,5.03644,50.00,0624:02:55,1,08
19:27:41,0.13517,219.40,0.39872,11.82928,34.5415,3.24588,5.03644,50.00,0624:02:56,1,08
19:27:42,0.13595,219.40,0.39608,11.81568,34.50179,3.24588,5.03644,50.01,0624:02:58,1,08
19:27:43,0.13492,219.50,0.4,11.85647,34.6209,3.24588,5.03644,50.01,0624:02:59,1,08
19:27:44,0.13547,219.50,0.39899,11.87007,34.6606,3.24588,5.03644,50.01,0624:03:00,1,08
19:27:47,0.13553,219.40,0.39854,11.85647,34.6209,3.24598,5.03644,50.01,0624:03:03,1,08
19:27:48,0.13529,219.20,0.40083,11.85647,34.6209,3.24598,5.03644,50.01,0624:03:04,1,08
19:27:49,0.13449,219.60,0.40064,11.84288,34.5812,3.24598,5.03644,50.01,0624:03:05,1,08
19:27:50,0.13504,219.60,0.40009,11.87007,34.6606,3.24598,5.03644,50.01,0624:03:06,1,08
19:27:54,0.13535,219.80,0.39854,11.85647,34.6209,3.24598,5.03654,50.03,0624:03:10,1,08
19:27:55,0.13541,219.70,0.39817,11.85647,34.6209,3.24598,5.03654,50.03,0624:03:11,1,08
19:27:59,0.13522,219.50,0.39927,11.85647,34.6209,3.24598,5.03654,50.04,0624:03:15,1,08
19:28:00,0.13547,219.50,0.39899,11.87007,34.6606,3.24598,5.03654,50.03,0624:03:16,1,08
19:28:02,0.13541,219.40,0.39844,11.84288,34.5812,3.24598,5.03654,50.04,0624:03:18,1,08
19:28:04,0.13492,219.30,0.40028,11.84288,34.5812,3.24598,5.03654,50.04,0624:03:19,1,08
19:28:05,0.13553,219.50,0.39991,11.89726,34.74001,3.24598,5.03654,50.04,0624:03:21,1,08
19:28:07,0.13553,219.60,0.39954,11.89726,34.74001,3.24598,5.03654,50.04,0624:03:23,1,08
19:28:09,0.13535,219.60,0.39854,11.85647,34.6209,3.24598,5.03654,50.04,0624:03:25,1,08
19:28:11,0.13668,219.60,0.3981,11.95165,34.89882,3.24598,5.03654,50.04,0624:03:27,1,08
19:28:13,0.13498,219.60,0.39917,11.84288,34.5812,3.24598,5.03654,50.03,0624:03:29,1,08
19:28:14,0.13498,219.60,0.39963,11.85647,34.6209,3.24598,5.03664,50.04,0624:03:30,1,08
19:28:15,0.13529,219.60,0.39844,11.84288,34.5812,3.24598,5.03664,50.03,0624:03:31,1,08
19:28:17,0.13492,219.50,0.40092,11.88367,34.70031,3.24608,5.03664,50.03,0624:03:33,1,08
19:28:19,0.13517,219.50,0.39927,11.85647,34.6209,3.24608,5.03664,50.03,0624:03:35,1,08
19:28:23,0.13522,219.60,0.39936,11.87007,34.6606,3.24608,5.03664,50.03,0624:03:39,1,08
19:28:26,0.13547,219.60,0.39863,11.87007,34.6606,3.24608,5.03664,50.03,0624:03:42,1,08
19:28:27,0.13517,219.70,0.39982,11.88367,34.70031,3.24608,5.03664,50.00,0624:03:43,1,08
19:28:28,0.13461,219.70,0.40119,11.87007,34.6606,3.24608,5.03664,50.00,0624:03:44,1,08
19:28:32,0.13412,218.90,0.40278,11.82928,34.5415,3.24608,5.03664,49.99,0624:03:48,1,08
19:28:33,0.13437,218.90,0.40342,11.87007,34.6606,3.24608,5.03664,49.99,0624:03:49,1,08
19:28:34,0.1348,219.10,0.40147,11.85647,34.6209,3.24608,5.03664,49.99,0624:03:50,1,08
19:28:36,0.13455,219.40,0.40147,11.85647,34.6209,3.24608,5.03675,49.97,0624:03:52,1,08
19:28:37,0.134,219.60,0.40351,11.88367,34.70031,3.24608,5.03675,49.96,0624:03:53,1,08
19:28:42,0.13376,219.60,0.40333,11.85647,34.6209,3.24608,5.03675,49.97,0624:03:58,1,08
19:28:45,0.13541,219.70,0.39808,11.84288,34.5812,3.24608,5.03675,49.99,0624:04:01,1,08
19:28:47,0.13602,219.60,0.39718,11.87007,34.6606,3.24618,5.03675,49.97,0624:04:02,1,08
19:28:48,0.13614,219.70,0.39773,11.89726,34.74001,3.24618,5.03675,49.99,0624:04:03,1,08
19:28:50,0.13498,219.70,0.40101,11.89726,34.74001,3.24618,5.03675,49.97,0624:04:05,1,08
19:28:53,0.13498,219.70,0.39963,11.85647,34.6209,3.24618,5.03675,49.97,0624:04:08,1,08
19:28:56,0.13541,219.70,0.39909,11.88367,34.70031,3.24618,5.03685,49.99,0624:04:11,1,08
19:28:57,0.13535,219.90,0.39817,11.85647,34.6209,3.24618,5.03685,49.99,0624:04:12,1,08
19:29:00,0.1348,219.80,0.40046,11.87007,34.6606,3.24618,5.03685,50.00,0624:04:15,1,08
19:29:01,0.13535,219.80,0.39772,11.84288,34.5812,3.24618,5.03685,50.00,0624:04:16,1,08
19:29:02,0.13498,219.80,0.39973,11.87007,34.6606,3.24618,5.03685,50.01,0624:04:17,1,08
19:29:04,0.13468,219.60,0.40028,11.84288,34.5812,3.24618,5.03685,50.01,0624:04:19,1,08
19:29:08,0.13425,219.90,0.40193,11.87007,34.6606,3.24618,5.03685,50.05,0624:04:23,1,08
19:29:09,0.13449,219.90,0.40028,11.84288,34.5812,3.24618,5.03685,50.05,0624:04:24,1,08
19:29:11,0.13504,219.80,0.39881,11.84288,34.5812,3.24618,5.03685,50.05,0624:04:26,1,08
19:29:12,0.13492,219.60,0.40092,11.88367,34.70031,3.24618,5.03685,50.05,0624:04:27,1,08
19:29:14,0.13492,219.40,0.40037,11.85647,34.6209,3.24618,5.03685,50.05,0624:04:29,1,08
19:29:15,0.13535,219.60,0.39799,11.82928,34.5415,3.24618,5.03685,50.05,0624:04:31,1,08
19:29:18,0.13535,219.40,0.3989,11.85647,34.6209,3.24628,5.03695,50.03,0624:04:33,1,08
19:29:20,0.13517,219.50,0.39963,11.85647,34.6209,3.24628,5.03695,50.04,0624:04:35,1,08
19:29:21,0.13522,219.90,0.39945,11.88367,34.70031,3.24628,5.03695,50.04,0624:04:37,1,08
19:29:23,0.13419,219.90,0.40055,11.82928,34.5415,3.24628,5.03695,50.05,0624:04:38,1,08
19:29:24,0.13461,220.00,0.39954,11.84288,34.5812,3.24628,5.03695,50.03,0624:04:39,1,08
19:29:25,0.13511,220.00,0.39899,11.87007,34.6606,3.24628,5.03695,50.03,0624:04:40,1,08
19:29:26,0.13492,220.00,0.39927,11.85647,34.6209,3.24628,5.03695,50.04,0624:04:42,1,08
19:29:27,0.13522,220.00,0.39772,11.84288,34.5812,3.24628,5.03695,50.04,0624:04:43,1,08
19:29:29,0.13535,220.00,0.39772,11.84288,34.5812,3.24628,5.03695,50.04,0624:04:44,1,08
19:29:31,0.13584,220.10,0.39636,11.85647,34.6209,3.24628,5.03695,50.03,0624:04:46,1,08
19:29:33,0.13753,220.00,0.39847,12.06043,35.21645,3.24628,5.03695,50.03,0624:04:48,1,08
19:29:36,0.13572,220.00,0.39718,11.87007,34.6606,3.24628,5.03705,50.01,0624:04:51,1,08
19:29:40,0.13529,219.80,0.39762,11.82928,34.5415,3.24628,5.03705,49.99,0624:04:55,1,08
19:29:41,0.13572,219.70,0.39745,11.85647,34.6209,3.24628,5.03705,49.99,0624:04:56,1,08
19:29:42,0.13529,219.70,0.3989,11.85647,34.6209,3.24628,5.03705,50.00,0624:04:58,1,08
19:29:43,0.13498,219.60,0.39963,11.85647,34.6209,3.24628,5.03705,50.00,0624:04:59,1,08
19:29:44,0.13522,219.60,0.3989,11.85647,34.6209,3.24628,5.03705,49.99,0624:05:00,1,08
19:29:45,0.13522,219.60,0.3989,11.85647,34.6209,3.24628,5.03705,49.99,0624:05:00,1,08
19:29:47,0.13517,219.50,0.40018,11.88367,34.70031,3.24628,5.03705,49.99,0624:05:02,1,08
19:29:48,0.13535,219.70,0.39945,11.88367,34.70031,3.24638,5.03705,49.99,0624:05:04,1,08
19:29:49,0.13572,219.80,0.39745,11.85647,34.6209,3.24638,5.03705,49.99,0624:05:05,1,08
19:29:51,0.13486,219.80,0.39688,11.77489,34.38269,3.24638,5.03705,49.99,0624:05:06,1,08
19:29:52,0.13455,219.80,0.40119,11.87007,34.6606,3.24638,5.03705,49.97,0624:05:07,1,08
19:29:53,0.13498,219.90,0.40018,11.88367,34.70031,3.24638,5.03705,49.97,0624:05:09,1,08
19:29:56,0.13474,220.10,0.39963,11.85647,34.6209,3.24638,5.03715,49.97,0624:05:12,1,08
19:29:59,0.13468,220.10,0.40092,11.88367,34.70031,3.24638,5.03715,49.97,0624:05:15,1,08
19:30:02,0.13326,219.80,0.40028,11.7341,34.26358,3.24638,5.03715,49.97,0624:05:18,1,08
19:30:03,0.13326,219.80,0.40028,11.7341,34.26358,3.24638,5.03715,49.97,0624:05:18,1,08
19:30:04,0.13369,219.60,0.4037,11.85647,34.6209,3.24638,5.03715,49.96,0624:05:20,1,08
19:30:06,0.13314,219.80,0.4039,11.82928,34.5415,3.24638,5.03715,49.97,0624:05:22,1,08
19:30:08,0.13381,219.90,0.40259,11.85647,34.6209,3.24638,5.03715,49.97,0624:05:24,1,08
19:30:09,0.13431,220.10,0.40119,11.87007,34.6606,3.24638,5.03715,49.97,0624:05:24,1,08
19:30:15,0.13338,220.00,0.4037,11.85647,34.6209,3.24638,5.03715,49.99,0624:05:31,1,08
19:30:16,0.13363,219.90,0.40287,11.84288,34.5812,3.24638,5.03715,49.99,0624:05:32,1,08
19:30:19,0.13351,219.90,0.4037,11.85647,34.6209,3.24648,5.03725,50.00,0624:05:35,1,08
19:30:20,0.13301,220.00,0.40474,11.84288,34.5812,3.24648,5.03725,50.00,0624:05:36,1,08
19:30:22,0.13257,220.20,0.40549,11.84288,34.5812,3.24648,5.03725,50.01,0624:05:38,1,08
19:30:23,0.13363,220.20,0.4025,11.84288,34.5812,3.24648,5.03725,50.04,0624:05:39,1,08
19:30:24,0.13345,220.00,0.40278,11.82928,34.5415,3.24648,5.03725,50.04,0624:05:40,1,08
19:30:25,0.1327,219.80,0.40541,11.82928,34.5415,3.24648,5.03725,50.04,0624:05:41,1,08
19:30:26,0.13326,219.80,0.40576,11.88367,34.70031,3.24648,5.03725,50.04,0624:05:42,1,08
19:30:27,0.13314,219.60,0.40381,11.81568,34.50179,3.24648,5.03725,50.04,0624:05:43,1,08
19:30:28,0.13332,219.50,0.40483,11.85647,34.6209,3.24648,5.03725,50.04,0624:05:44,1,08
19:30:29,0.13357,219.40,0.40213,11.78849,34.42239,3.24648,5.03725,50.05,0624:05:45,1,08
19:30:30,0.13425,219.30,0.40259,11.85647,34.6209,3.24648,5.03725,50.05,0624:05:46,1,08
19:30:31,0.13376,219.20,0.40361,11.84288,34.5812,3.24648,5.03725,50.04,0624:05:47,1,08
19:30:32,0.134,219.20,0.40241,11.82928,34.5415,3.24648,5.03725,50.04,0624:05:48,1,08
19:30:34,0.13419,219.30,0.40259,11.85647,34.6209,3.24648,5.03725,50.04,0624:05:50,1,08
19:30:37,0.13301,219.90,0.40474,11.84288,34.5812,3.24648,5.03725,50.04,0624:05:53,1,08
19:30:39,0.13394,219.80,0.40212,11.84288,34.5812,3.24648,5.03735,50.03,0624:05:55,1,08
19:30:40,0.13412,219.80,0.40184,11.85647,34.6209,3.24648,5.03735,50.03,0624:05:56,1,08
19:30:41,0.13381,219.80,0.40203,11.82928,34.5415,3.24648,5.03735,50.05,0624:05:57,1,08
19:30:45,0.13351,220.10,0.40564,11.92446,34.81942,3.24648,5.03735,50.04,0624:06:01,1,08
19:30:48,0.13288,220.30,0.40436,11.84288,34.5812,3.24648,5.03735,50.04,0624:06:03,1,08
19:30:49,0.13363,220.20,0.40212,11.84288,34.5812,3.24658,5.03735,50.04,0624:06:04,1,08
19:30:51,0.13264,220.20,0.40512,11.84288,34.5812,3.24658,5.03735,50.04,0624:06:06,1,08
19:30:53,0.13276,220.30,0.40474,11.84288,34.5812,3.24658,5.03735,50.04,0624:06:08,1,08
19:30:54,0.13388,220.30,0.40184,11.85647,34.6209,3.24658,5.03735,50.04,0624:06:09,1,08
19:30:56,0.13332,220.40,0.40287,11.84288,34.5812,3.24658,5.03735,50.04,0624:06:11,1,08
19:31:00,0.13351,220.30,0.40296,11.85647,34.6209,3.24658,5.03746,50.04,0624:06:15,1,08
19:31:01,0.13326,220.30,0.40324,11.84288,34.5812,3.24658,5.03746,50.04,0624:06:16,1,08
19:31:03,0.13326,220.00,0.40361,11.84288,34.5812,3.24658,5.03746,50.04,0624:06:18,1,08
19:31:04,0.134,219.90,0.40221,11.85647,34.6209,3.24658,5.03746,50.04,0624:06:19,1,08
19:31:06,0.13332,220.10,0.40361,11.84288,34.5812,3.24658,5.03746,50.04,0624:06:21,1,08
19:31:07,0.13332,220.20,0.40324,11.84288,34.5812,3.24658,5.03746,50.04,0624:06:22,1,08
19:31:08,0.13369,220.10,0.40259,11.85647,34.6209,3.24658,5.03746,50.04,0624:06:23,1,08
19:31:13,0.13376,220.10,0.40305,11.87007,34.6606,3.24658,5.03746,50.04,0624:06:28,1,08
19:31:15,0.13425,220.10,0.40202,11.88367,34.70031,3.24658,5.03746,50.04,0624:06:30,1,08
19:31:16,0.13357,220.00,0.40379,11.87007,34.6606,3.24658,5.03746,50.04,0624:06:31,1,08
19:31:19,0.13351,219.90,0.40324,11.84288,34.5812,3.24668,5.03746,50.03,0624:06:34,1,08
19:31:22,0.13388,219.90,0.40212,11.84288,34.5812,3.24668,5.03756,50.03,0624:06:37,1,08
19:31:23,0.13295,219.90,0.40427,11.82928,34.5415,3.24668,5.03756,50.03,0624:06:38,1,08
19:31:24,0.13376,219.90,0.40296,11.85647,34.6209,3.24668,5.03756,50.04,0624:06:39,1,08
19:31:25,0.13449,219.90,0.40074,11.85647,34.6209,3.24668,5.03756,50.04,0624:06:40,1,08
19:31:28,0.13363,219.80,0.40287,11.84288,34.5812,3.24668,5.03756,50.03,0624:06:43,1,08
19:31:29,0.13468,219.80,0.40037,11.85647,34.6209,3.24668,5.03756,50.03,0624:06:44,1,08
19:31:30,0.13394,219.80,0.40212,11.84288,34.5812,3.24668,5.03756,50.03,0624:06:45,1,08
19:31:31,0.13351,219.90,0.40324,11.84288,34.5812,3.24668,5.03756,50.03,0624:06:46,1,08
19:31:32,0.13351,219.90,0.40324,11.84288,34.5812,3.24668,5.03756,50.00,0624:06:47,1,08
19:31:35,0.13345,219.90,0.40361,11.84288,34.5812,3.24668,5.03756,50.01,0624:06:50,1,08
19:31:36,0.13369,219.90,0.40102,11.78849,34.42239,3.24668,5.03756,50.00,0624:06:51,1,08
19:31:37,0.13363,220.00,0.40194,11.81568,34.50179,3.24668,5.03756,50.00,0624:06:53,1,08
19:31:38,0.13363,220.00,0.40194,11.81568,34.50179,3.24668,5.03756,50.01,0624:06:53,1,08
19:31:40,0.13662,219.90,0.40489,12.1556,35.49436,3.24668,5.03756,50.00,0624:06:55,1,08
19:31:41,0.13577,219.60,0.40292,12.01964,35.09734,3.24668,5.03766,50.00,0624:06:56,1,08
19:31:42,0.13461,219.40,0.39972,11.81568,34.50179,3.24668,5.03766,50.00,0624:06:58,1,08
19:31:44,0.1348,219.50,0.40074,11.85647,34.6209,3.24668,5.03766,49.97,0624:06:59,1,08
19:31:45,0.13431,219.60,0.40138,11.84288,34.5812,3.24668,5.03766,49.97,0624:07:00,1,08
19:31:46,0.13443,219.70,0.40064,11.84288,34.5812,3.24668,5.03766,49.99,0624:07:01,1,08
19:31:47,0.13461,219.70,0.40119,11.87007,34.6606,3.24668,5.03766,49.99,0624:07:02,1,08
19:31:50,0.1348,219.50,0.40165,11.88367,34.70031,3.24678,5.03766,49.99,0624:07:06,1,08
19:31:51,0.1348,219.50,0.40165,11.88367,34.70031,3.24678,5.03766,49.99,0624:07:06,1,08
19:31:52,0.13498,219.60,0.39817,11.80208,34.46209,3.24678,5.03766,49.96,0624:07:07,1,08
19:31:53,0.13522,219.60,0.39844,11.84288,34.5812,3.24678,5.03766,49.96,0624:07:08,1,08
19:31:55,0.13486,219.60,0.39908,11.82928,34.5415,3.24678,5.03766,49.97,0624:07:11,1,08
19:31:56,0.13486,219.60,0.39908,11.82928,34.5415,3.24678,5.03766,49.97,0624:07:11,1,08
19:31:57,0.13595,219.70,0.39627,11.84288,34.5812,3.24678,5.03766,49.97,0624:07:12,1,08
19:31:58,0.13517,219.50,0.39835,11.82928,34.5415,3.24678,5.03766,49.96,0624:07:13,1,08
19:32:00,0.13547,219.70,0.39863,11.87007,34.6606,3.24678,5.03766,49.97,0624:07:16,1,08
19:32:01,0.13455,219.70,0.39706,11.7477,34.30328,3.24678,5.03776,49.97,0624:07:17,1,08
19:32:02,0.13504,219.10,0.39853,11.80208,34.46209,3.24678,5.03776,49.97,0624:07:17,1,08
19:32:03,0.13455,219.50,0.4011,11.85647,34.6209,3.24678,5.03776,49.97,0624:07:18,1,08
19:32:04,0.13498,219.60,0.40009,11.87007,34.6606,3.24678,5.03776,49.97,0624:07:20,1,08
19:32:05,0.13468,219.80,0.40037,11.85647,34.6209,3.24678,5.03776,49.97,0624:07:21,1,08
19:32:06,0.13437,219.90,0.4011,11.85647,34.6209,3.24678,5.03776,49.97,0624:07:22,1,08
19:32:07,0.13474,220.00,0.39917,11.84288,34.5812,3.24678,5.03776,49.99,0624:07:23,1,08
19:32:08,0.13492,220.00,0.39927,11.85647,34.6209,3.24678,5.03776,49.99,0624:07:23,1,08
19:32:09,0.13511,220.00,0.39945,11.88367,34.70031,3.24678,5.03776,49.99,0624:07:24,1,08
19:32:11,0.1359,220.00,0.4,11.96525,34.93852,3.24678,5.03776,50.00,0624:07:27,1,08
19:32:12,0.13511,219.80,0.39661,11.78849,34.42239,3.24678,5.03776,50.00,0624:07:28,1,08
19:32:13,0.13388,219.70,0.39926,11.7477,34.30328,3.24678,5.03776,50.00,0624:07:28,1,08
19:32:17,0.13468,219.90,0.39954,11.84288,34.5812,3.24678,5.03776,50.01,0624:07:33,1,08
19:32:18,0.13425,220.10,0.4011,11.85647,34.6209,3.24678,5.03776,50.01,0624:07:34,1,08
19:32:20,0.13443,220.10,0.40037,11.85647,34.6209,3.24688,5.03776,50.03,0624:07:35,1,08
19:32:21,0.13455,220.20,0.39954,11.84288,34.5812,3.24688,5.03776,50.03,0624:07:37,1,08
19:32:22,0.13461,220.20,0.39908,11.82928,34.5415,3.24688,5.03786,50.03,0624:07:38,1,08
19:32:26,0.13425,219.80,0.40055,11.82928,34.5415,3.24688,5.03786,50.05,0624:07:42,1,08
19:32:27,0.13431,219.90,0.40101,11.84288,34.5812,3.24688,5.03786,50.05,0624:07:43,1,08
19:32:29,0.13541,219.70,0.40494,12.04683,35.17673,3.24688,5.03786,50.05,0624:07:45,1,08
19:32:33,0.13577,219.60,0.40337,12.03323,35.13704,3.24688,5.03786,50.05,0624:07:49,1,08
19:32:35,0.13602,219.50,0.40309,12.04683,35.17673,3.24688,5.03786,50.04,0624:07:51,1,08
19:32:36,0.1365,219.50,0.40109,12.01964,35.09734,3.24688,5.03786,50.04,0624:07:52,1,08
19:32:38,0.13522,219.60,0.40522,12.03323,35.13704,3.24688,5.03786,50.05,0624:07:54,1,08
19:32:40,0.13504,219.60,0.40422,11.99244,35.01793,3.24688,5.03786,50.04,0624:07:56,1,08
19:32:41,0.13746,219.60,0.40414,12.20999,35.65317,3.24688,5.03786,50.05,0624:07:57,1,08
19:32:43,0.13535,219.40,0.4043,12.00604,35.05763,3.24688,5.03796,50.05,0624:07:59,1,08
19:32:44,0.13547,219.20,0.40393,12.00604,35.05763,3.24688,5.03796,50.04,0624:08:00,1,08
19:32:48,0.13529,219.10,0.40559,12.03323,35.13704,3.24688,5.03796,50.03,0624:08:03,1,08
19:32:52,0.13577,219.00,0.40448,12.03323,35.13704,3.24699,5.03796,50.01,0624:08:07,1,08
19:32:53,0.13584,219.00,0.40411,12.03323,35.13704,3.24699,5.03796,50.01,0624:08:08,1,08
19:32:54,0.13602,219.10,0.40374,12.03323,35.13704,3.24699,5.03796,50.01,0624:08:09,1,08
19:32:55,0.1359,219.00,0.4032,12.00604,35.05763,3.24699,5.03796,50.01,0624:08:10,1,08
19:32:56,0.1359,218.90,0.40411,12.03323,35.13704,3.24699,5.03796,50.01,0624:08:11,1,08
19:32:57,0.13632,218.90,0.40301,12.03323,35.13704,3.24699,5.03796,50.01,0624:08:12,1,08
19:32:58,0.13608,219.00,0.40465,12.06043,35.21645,3.24699,5.03796,50.00,0624:08:13,1,08
19:33:00,0.13626,219.00,0.40164,11.99244,35.01793,3.24699,5.03796,50.00,0624:08:15,1,08
19:33:01,0.1392,219.00,0.40589,12.37315,36.12961,3.24699,5.03796,50.00,0624:08:16,1,08
19:33:02,0.17783,218.90,0.4829,18.81807,54.94876,3.24699,5.03796,49.99,0624:08:17,1,08
19:33:03,0.17958,219.00,0.48791,19.19878,56.06044,3.24699,5.03807,49.99,0624:08:18,1,08
19:33:05,0.17755,219.10,0.48987,19.06281,55.66342,3.24699,5.03807,49.99,0624:08:20,1,08
19:33:06,0.17755,219.20,0.48953,19.06281,55.66342,3.24699,5.03807,49.96,0624:08:21,1,08
19:33:07,0.16976,219.10,0.47442,17.64874,51.53432,3.24699,5.03807,49.96,0624:08:22,1,08
19:33:16,0.17106,219.70,0.46602,17.52637,51.17699,3.24709,5.03807,49.99,0624:08:31,1,08
19:33:19,0.17038,219.60,0.47095,17.63515,51.49463,3.24709,5.03807,49.97,0624:08:34,1,08
19:33:21,0.17072,219.60,0.46558,17.47198,51.01818,3.24709,5.03817,49.99,0624:08:36,1,08
19:33:26,0.17111,219.50,0.46708,17.55356,51.25641,3.24709,5.03817,49.99,0624:08:41,1,08
19:33:29,0.17048,219.70,0.47315,17.73032,51.77254,3.24709,5.03817,50.00,0624:08:44,1,08
19:33:31,0.19051,219.50,0.48863,20.4497,59.71312,3.24709,5.03817,49.99,0624:08:46,1,08
19:33:34,0.20747,219.50,0.50836,23.15547,67.61398,3.24719,5.03817,50.00,0624:08:49,1,08
19:33:37,0.20807,219.40,0.50863,23.23705,67.8522,3.24719,5.03817,50.00,0624:08:52,1,08
19:33:39,0.20787,219.40,0.50983,23.26425,67.9316,3.24719,5.03827,50.00,0624:08:54,1,08
19:33:42,0.20858,219.60,0.50979,23.35943,68.20953,3.24719,5.03827,50.01,0624:08:57,1,08
19:33:43,0.20771,219.60,0.51073,23.30504,68.05071,3.24719,5.03827,50.01,0624:08:58,1,08
19:33:48,0.26416,219.60,0.51921,30.13067,87.98155,3.24719,5.03827,50.03,0624:09:03,1,08
19:33:49,0.2731,219.60,0.51926,31.16403,90.99898,3.24729,5.03827,50.03,0624:09:05,1,08
19:33:50,0.2731,219.60,0.51926,31.16403,90.99898,3.24729,5.03827,50.03,0624:09:05,1,08
19:33:51,0.27195,219.50,0.52277,31.21842,91.15778,3.24729,5.03827,50.03,0624:09:06,1,08
19:33:52,0.27152,219.50,0.51892,30.96008,90.40343,3.24729,5.03827,50.01,0624:09:07,1,08
19:33:56,0.27043,219.90,0.51965,30.91929,90.28432,3.24729,5.03837,50.03,0624:09:11,1,08
19:33:57,0.27273,219.90,0.52152,31.3,91.396,3.24729,5.03837,50.03,0624:09:12,1,08
19:33:58,0.27092,219.90,0.52053,31.02806,90.60194,3.24729,5.03837,50.03,0624:09:13,1,08
19:34:01,0.27285,219.70,0.51791,31.06885,90.72105,3.24739,5.03837,50.03,0624:09:17,1,08
19:34:02,0.275,219.80,0.51888,31.38158,91.63422,3.24739,5.03837,50.03,0624:09:17,1,08
19:34:03,0.27569,219.60,0.52087,31.55834,92.15036,3.24739,5.03837,50.03,0624:09:18,1,08
19:34:04,0.27584,219.70,0.51906,31.47676,91.91213,3.24739,5.03837,50.04,0624:09:19,1,08
19:34:06,0.27631,219.60,0.51836,31.47676,91.91213,3.24739,5.03847,50.03,0624:09:22,1,08
19:34:07,0.27604,219.60,0.5195,31.51755,92.03124,3.24739,5.03847,50.01,0624:09:23,1,08
19:34:09,0.27691,219.60,0.51787,31.51755,92.03124,3.24739,5.03847,50.01,0624:09:24,1,08
19:34:10,0.27554,219.50,0.52224,31.61273,92.30917,3.24739,5.03847,50.03,0624:09:25,1,08
19:34:11,0.27652,219.40,0.52039,31.58554,92.22977,3.24739,5.03847,50.01,0624:09:27,1,08
19:34:15,0.27496,219.30,0.52298,31.55834,92.15036,3.24749,5.03847,50.00,0624:09:30,1,08
19:34:20,0.27557,219.50,0.52179,31.58554,92.22977,3.24749,5.03858,50.00,0624:09:35,1,08
19:34:22,0.27919,219.70,0.51993,31.92546,93.22234,3.24749,5.03858,50.00,0624:09:38,1,08
19:34:23,0.27816,219.70,0.51979,31.78949,92.82531,3.24759,5.03858,49.99,0624:09:39,1,08
19:34:24,0.27733,219.70,0.51829,31.59913,92.26947,3.24759,5.03858,49.99,0624:09:40,1,08
19:34:25,0.27604,219.70,0.52307,31.7487,92.70619,3.24759,5.03858,49.99,0624:09:41,1,08
19:34:26,0.28111,219.60,0.51871,32.04783,93.57966,3.24759,5.03858,49.99,0624:09:41,1,08
19:34:28,0.27285,219.60,0.5195,31.15043,90.95927,3.24759,5.03858,49.99,0624:09:44,1,08
19:34:31,0.27412,219.50,0.51807,31.19122,91.07838,3.24759,5.03868,49.96,0624:09:47,1,08
19:34:34,0.27464,219.70,0.52162,31.49035,91.95184,3.24759,5.03868,49.97,0624:09:50,1,08
19:34:36,0.27479,219.70,0.52026,31.42237,91.75333,3.24769,5.03868,49.96,0624:09:52,1,08
19:34:37,0.27515,219.80,0.52225,31.59913,92.26947,3.24769,5.03868,49.96,0624:09:53,1,08
19:34:38,0.27581,219.90,0.52218,31.69431,92.54739,3.24769,5.03868,49.96,0624:09:53,1,08
19:34:40,0.27694,220.00,0.52297,31.88467,93.10323,3.24769,5.03868,49.97,0624:09:55,1,08
19:34:41,0.27724,219.90,0.52094,31.78949,92.82531,3.24769,5.03868,49.97,0624:09:56,1,08
19:34:42,0.2781,220.00,0.52021,31.84388,92.98412,3.24769,5.03868,49.97,0624:09:57,1,08
19:34:43,0.27599,219.90,0.52081,31.63992,92.38858,3.24769,5.03868,49.97,0624:09:58,1,08
19:34:44,0.27623,219.90,0.52259,31.76229,92.7459,3.24769,5.03878,49.97,0624:09:59,1,08
19:34:46,0.27572,220.20,0.52372,31.81668,92.90472,3.24769,5.03878,49.97,0624:10:01,1,08
19:34:52,0.27748,220.00,0.51914,31.7215,92.62679,3.2478,5.03878,49.97,0624:10:07,1,08
19:34:53,0.27565,220.20,0.51925,31.54474,92.11065,3.2478,5.03878,49.97,0624:10:08,1,08
19:34:56,0.27706,219.80,0.52007,31.7079,92.58708,3.2478,5.03878,49.99,0624:10:11,1,08
19:34:57,0.27706,219.80,0.52007,31.7079,92.58708,3.2478,5.03889,49.99,0624:10:12,1,08
19:34:58,0.27795,219.80,0.51801,31.68071,92.50768,3.2478,5.03889,49.99,0624:10:13,1,08
19:34:59,0.27709,219.80,0.51963,31.66712,92.46799,3.2479,5.03889,49.99,0624:10:14,1,08
19:35:01,0.27643,219.70,0.5217,31.7079,92.58708,3.2479,5.03889,50.00,0624:10:16,1,08
19:35:02,0.27688,219.90,0.5221,31.80309,92.86501,3.2479,5.03889,49.97,0624:10:17,1,08
19:35:03,0.27688,219.90,0.5221,31.80309,92.86501,3.2479,5.03889,49.97,0624:10:18,1,08
19:35:04,0.27952,219.80,0.51813,31.85747,93.02383,3.2479,5.03889,50.00,0624:10:19,1,08
19:35:05,0.19201,219.70,0.46265,19.53871,57.05302,3.2479,5.03889,50.00,0624:10:20,1,08
19:35:06,0.15807,219.70,0.45149,15.69079,45.81711,3.2479,5.03889,49.97,0624:10:21,1,08
19:35:07,0.13553,219.50,0.40046,11.92446,34.81942,3.2479,5.03889,49.97,0624:10:22,1,08
19:35:08,0.13504,219.50,0.40009,11.87007,34.6606,3.2479,5.03889,50.00,0624:10:23,1,08
19:35:09,0.13504,219.50,0.40009,11.87007,34.6606,3.2479,5.03889,50.00,0624:10:24,1,08
19:35:10,0.13553,219.60,0.39954,11.89726,34.74001,3.2479,5.03889,50.00,0624:10:25,1,08
19:35:11,0.13437,219.60,0.40193,11.87007,34.6606,3.2479,5.03889,50.00,0624:10:26,1,08
19:35:14,0.13547,219.80,0.39872,11.88367,34.70031,3.2479,5.03899,50.01,0624:10:29,1,08
19:35:15,0.13547,219.80,0.39872,11.88367,34.70031,3.2479,5.03899,50.01,0624:10:30,1,08
19:35:16,0.13522,219.90,0.39991,11.89726,34.74001,3.2479,5.03899,50.01,0624:10:31,1,08
19:35:19,0.13608,219.90,0.39691,11.88367,34.70031,3.248,5.03899,50.03,0624:10:34,1,08
19:35:20,0.14026,220.00,0.40396,12.46833,36.40753,3.248,5.03899,50.04,0624:10:35,1,08
19:35:21,0.14026,220.00,0.40396,12.46833,36.40753,3.248,5.03899,50.04,0624:10:36,1,08
19:35:27,0.1746,219.90,0.47488,18.247,53.28125,3.248,5.03899,50.04,0624:10:42,1,08
19:35:29,0.1753,219.70,0.4753,18.31499,53.47976,3.248,5.03899,50.04,0624:10:44,1,08
19:35:30,0.17374,219.60,0.47507,18.13823,52.96363,3.248,5.03899,50.05,0624:10:45,1,08
19:35:31,0.17464,219.40,0.47447,18.19262,53.12244,3.248,5.03909,50.05,0624:10:46,1,08
19:35:33,0.17492,219.30,0.4745,18.21981,53.20185,3.248,5.03909,50.05,0624:10:48,1,08
19:35:36,0.17497,219.40,0.47488,18.247,53.28125,3.248,5.03909,50.04,0624:10:51,1,08
19:35:37,0.17487,219.30,0.47449,18.20621,53.16214,3.248,5.03909,50.04,0624:10:52,1,08
19:35:40,0.17563,219.20,0.47599,18.32858,53.51946,3.2481,5.03909,50.04,0624:10:55,1,08
19:35:41,0.17507,219.00,0.47732,18.31499,53.47976,3.2481,5.03909,50.04,0624:10:56,1,08
19:35:44,0.17577,219.40,0.47287,18.247,53.28125,3.2481,5.03909,50.03,0624:10:59,1,08
19:35:47,0.17558,218.90,0.47666,18.32858,53.51946,3.2481,5.03909,50.00,0624:11:02,1,08
19:35:51,0.17619,219.40,0.4775,18.46455,53.91649,3.2481,5.03919,50.00,0624:11:06,1,08
19:35:53,0.17572,219.50,0.47533,18.34218,53.55917,3.2481,5.03919,50.00,0624:11:08,1,08
19:35:55,0.17455,219.40,0.47516,18.20621,53.16214,3.2481,5.03919,50.00,0624:11:10,1,08
19:35:56,0.17563,219.40,0.47391,18.2742,53.36066,3.2481,5.03919,50.00,0624:11:12,1,08
19:35:57,0.17422,219.50,0.47441,18.15182,53.00333,3.2481,5.03919,50.00,0624:11:12,1,08
19:36:00,0.17492,219.50,0.47629,18.30139,53.44006,3.2482,5.03919,50.00,0624:11:15,1,08
19:36:02,0.1754,219.40,0.47352,18.23341,53.24155,3.2482,5.03919,50.00,0624:11:18,1,08
19:36:03,0.17648,219.30,0.47086,18.23341,53.24155,3.2482,5.03919,50.00,0624:11:18,1,08
19:36:06,0.17535,219.40,0.47668,18.34218,53.55917,3.2482,5.03919,49.97,0624:11:21,1,08
19:36:07,0.17502,219.30,0.47521,18.247,53.28125,3.2482,5.03929,49.97,0624:11:23,1,08
19:36:08,0.17656,219.20,0.47296,18.31499,53.47976,3.2482,5.03929,49.97,0624:11:24,1,08
19:36:09,0.17412,219.20,0.47295,18.07024,52.76511,3.2482,5.03929,49.97,0624:11:24,1,08
19:36:11,0.17629,219.40,0.47505,18.38297,53.67828,3.2482,5.03929,49.99,0624:11:26,1,08
19:36:12,0.17553,219.60,0.47602,18.35578,53.59887,3.2482,5.03929,49.99,0624:11:28,1,08
19:36:13,0.17605,219.70,0.47435,18.35578,53.59887,3.2482,5.03929,49.97,0624:11:29,1,08
19:36:14,0.17507,219.80,0.47493,18.28779,53.40036,3.2482,5.03929,49.97,0624:11:29,1,08
19:36:16,0.17502,219.70,0.47314,18.20621,53.16214,3.2482,5.03929,49.99,0624:11:31,1,08
19:36:17,0.17516,219.60,0.47422,18.2606,53.32095,3.2482,5.03929,50.00,0624:11:32,1,08
19:36:18,0.17633,219.70,0.47404,18.36937,53.63857,3.2482,5.03929,50.00,0624:11:34,1,08
19:36:20,0.17535,219.70,0.47495,18.30139,53.44006,3.2483,5.03929,50.00,0624:11:35,1,08
19:36:24,0.17464,219.70,0.47734,18.32858,53.51946,3.2483,5.03929,50.00,0624:11:40,1,08
19:36:26,0.1745,219.80,0.47378,18.17902,53.08273,3.2483,5.03939,50.01,0624:11:41,1,08
19:36:27,0.1746,219.90,0.47452,18.23341,53.24155,3.2483,5.03939,50.04,0624:11:42,1,08
19:36:28,0.17587,219.90,0.47154,18.247,53.28125,3.2483,5.03939,50.04,0624:11:44,1,08
19:36:29,0.17568,219.80,0.47431,18.32858,53.51946,3.2483,5.03939,50.03,0624:11:45,1,08
19:36:31,0.17558,219.70,0.47465,18.32858,53.51946,3.2483,5.03939,50.05,0624:11:47,1,08
19:36:33,0.17661,219.80,0.47026,18.2742,53.36066,3.2483,5.03939,50.05,0624:11:48,1,08
19:36:37,0.17516,219.80,0.47636,18.35578,53.59887,3.2483,5.03939,50.05,0624:11:52,1,08
19:36:39,0.17572,219.70,0.47183,18.21981,53.20185,3.2483,5.03939,50.05,0624:11:53,1,08
19:36:40,0.17487,219.70,0.47348,18.20621,53.16214,3.2484,5.03939,50.05,0624:11:55,1,08
19:36:41,0.17553,219.70,0.47463,18.31499,53.47976,3.2484,5.03939,50.05,0624:11:56,1,08
19:36:43,0.17587,219.60,0.4722,18.247,53.28125,3.2484,5.03939,50.05,0624:11:58,1,08
19:36:46,0.17511,219.60,0.47456,18.2606,53.32095,3.2484,5.0395,50.03,0624:12:01,1,08
19:36:48,0.17614,219.70,0.47402,18.35578,53.59887,3.2484,5.0395,50.03,0624:12:03,1,08
19:36:51,0.17487,219.80,0.47383,18.21981,53.20185,3.2484,5.0395,50.01,0624:12:06,1,08
19:36:52,0.17492,219.70,0.47631,18.31499,53.47976,3.2484,5.0395,50.01,0624:12:07,1,08
19:36:53,0.17502,219.80,0.47244,18.17902,53.08273,3.2484,5.0395,50.01,0624:12:08,1,08
19:36:57,0.17526,219.40,0.47845,18.41016,53.75768,3.2484,5.0395,50.00,0624:12:12,1,08
19:36:58,0.17545,219.30,0.47352,18.23341,53.24155,3.2484,5.0395,50.00,0624:12:13,1,08
19:36:59,0.17441,219.30,0.47692,18.2606,53.32095,3.2485,5.0395,50.00,0624:12:14,1,08
19:37:01,0.17455,219.50,0.47589,18.247,53.28125,3.2485,5.0395,50.00,0624:12:16,1,08
19:37:02,0.17587,219.50,0.47289,18.2606,53.32095,3.2485,5.0396,49.99,0624:12:17,1,08
19:37:03,0.17587,219.50,0.47289,18.2606,53.32095,3.2485,5.0396,49.99,0624:12:18,1,08
19:37:04,0.17497,219.60,0.47454,18.247,53.28125,3.2485,5.0396,50.00,0624:12:19,1,08
19:37:06,0.17469,219.50,0.47838,18.35578,53.59887,3.2485,5.0396,49.97,0624:12:21,1,08
19:37:07,0.17545,219.40,0.47458,18.2742,53.36066,3.2485,5.0396,49.97,0624:12:22,1,08
19:37:09,0.17403,219.30,0.47721,18.21981,53.20185,3.2485,5.0396,49.97,0624:12:24,1,08
19:37:10,0.17388,219.20,0.47789,18.21981,53.20185,3.2485,5.0396,49.97,0624:12:25,1,08
19:37:12,0.17605,219.40,0.47361,18.30139,53.44006,3.2485,5.0396,49.99,0624:12:27,1,08
19:37:13,0.17426,219.60,0.47621,18.23341,53.24155,3.2485,5.0396,49.99,0624:12:28,1,08
19:37:14,0.17445,219.70,0.47589,18.247,53.28125,3.2485,5.0396,49.97,0624:12:29,1,08
19:37:16,0.17422,219.40,0.47688,18.23341,53.24155,3.2485,5.0396,49.97,0624:12:31,1,08
19:37:18,0.17614,219.30,0.47291,18.2742,53.36066,3.2485,5.0396,49.97,0624:12:33,1,08
19:37:20,0.17436,219.20,0.47653,18.21981,53.20185,3.2486,5.0397,49.97,0624:12:35,1,08
19:37:21,0.17436,219.20,0.47653,18.21981,53.20185,3.2486,5.0397,49.97,0624:12:36,1,08
19:37:22,0.17412,219.20,0.47828,18.2606,53.32095,3.2486,5.0397,49.97,0624:12:37,1,08
19:37:24,0.17455,219.20,0.47869,18.32858,53.51946,3.2486,5.0397,49.96,0624:12:39,1,08
19:37:27,0.17417,219.30,0.47758,18.247,53.28125,3.2486,5.0397,49.97,0624:12:42,1,08
19:37:28,0.1745,219.10,0.47939,18.34218,53.55917,3.2486,5.0397,49.96,0624:12:43,1,08
19:37:30,0.17403,219.10,0.47755,18.21981,53.20185,3.2486,5.0397,49.97,0624:12:45,1,08
19:37:31,0.17388,219.10,0.47682,18.17902,53.08273,3.2486,5.0397,49.97,0624:12:46,1,08
19:37:32,0.17487,219.20,0.47553,18.23341,53.24155,3.2486,5.0397,50.00,0624:12:47,1,08
19:37:34,0.17478,219.20,0.47837,18.34218,53.55917,3.2486,5.0397,50.00,0624:12:49,1,08
19:37:36,0.17483,219.00,0.47551,18.21981,53.20185,3.2486,5.0397,50.00,0624:12:51,1,08
19:37:37,0.17619,218.90,0.47393,18.28779,53.40036,3.2486,5.0397,50.00,0624:12:52,1,08
19:37:39,0.1745,218.90,0.47795,18.2742,53.36066,3.24871,5.0398,50.01,0624:12:54,1,08
19:37:40,0.17154,219.00,0.47433,17.8391,52.09016,3.24871,5.0398,50.00,0624:12:55,1,08
19:37:42,0.17502,218.90,0.47872,18.35578,53.59887,3.24871,5.0398,50.01,0624:12:57,1,08
19:37:43,0.17426,218.90,0.48006,18.32858,53.51946,3.24871,5.0398,50.01,0624:12:58,1,08
19:37:44,0.17436,218.90,0.47828,18.2606,53.32095,3.24871,5.0398,50.01,0624:12:59,1,08
19:37:45,0.17384,219.00,0.47859,18.23341,53.24155,3.24871,5.0398,50.01,0624:13:00,1,08
19:37:46,0.17483,219.00,0.47622,18.247,53.28125,3.24871,5.0398,50.04,0624:13:01,1,08
19:37:47,0.17422,218.90,0.47828,18.2606,53.32095,3.24871,5.0398,50.04,0624:13:02,1,08
19:37:50,0.17492,219.10,0.47624,18.2606,53.32095,3.24871,5.0398,50.03,0624:13:05,1,08
19:37:51,0.17545,219.00,0.47383,18.21981,53.20185,3.24871,5.0398,50.03,0624:13:06,1,08
19:37:52,0.17445,219.20,0.47619,18.21981,53.20185,3.24871,5.0398,50.04,0624:13:07,1,08
19:37:53,0.17422,219.40,0.47831,18.28779,53.40036,3.24871,5.0398,50.04,0624:13:08,1,08
19:37:54,0.17455,219.40,0.47871,18.34218,53.55917,3.24871,5.0398,50.04,0624:13:09,1,08
19:37:55,0.17436,219.40,0.47797,18.28779,53.40036,3.24871,5.0398,50.04,0624:13:10,1,08
19:37:56,0.17638,219.40,0.47507,18.39657,53.71798,3.24871,5.0399,50.04,0624:13:11,1,08
19:37:58,0.17384,219.30,0.47862,18.2606,53.32095,3.24881,5.0399,50.05,0624:13:13,1,08
19:38:00,0.17431,219.10,0.47936,18.31499,53.47976,3.24881,5.0399,50.06,0624:13:15,1,08
19:38:01,0.17629,218.90,0.47465,18.32858,53.51946,3.24881,5.0399,50.05,0624:13:16,1,08
19:38:02,0.17507,218.90,0.4773,18.30139,53.44006,3.24881,5.0399,50.05,0624:13:17,1,08
19:38:04,0.17492,218.90,0.47587,18.23341,53.24155,3.24881,5.0399,50.04,0624:13:19,1,08
19:38:05,0.17656,218.90,0.47152,18.23341,53.24155,3.24881,5.0399,50.04,0624:13:20,1,08
19:38:06,0.17666,218.80,0.47257,18.2742,53.36066,3.24881,5.0399,50.05,0624:13:21,1,08
19:38:07,0.17577,218.80,0.47774,18.38297,53.67828,3.24881,5.0399,50.04,0624:13:22,1,08
19:38:11,0.17829,218.80,0.47249,18.45096,53.87679,3.24881,5.0399,50.03,0624:13:26,1,08
19:38:12,0.17661,219.00,0.47224,18.2742,53.36066,3.24881,5.0399,50.04,0624:13:27,1,08
19:38:15,0.17572,219.10,0.47424,18.2742,53.36066,3.24881,5.04001,50.03,0624:13:30,1,08
19:38:17,0.17549,219.20,0.47526,18.28779,53.40036,3.24881,5.04001,50.01,0624:13:32,1,08
19:38:18,0.17545,219.10,0.47314,18.20621,53.16214,3.24891,5.04001,50.01,0624:13:33,1,08
19:38:25,0.17487,219.00,0.47622,18.247,53.28125,3.24891,5.04001,49.99,0624:13:41,1,08
19:38:27,0.17521,219.10,0.47735,18.34218,53.55917,3.24891,5.04001,49.99,0624:13:42,1,08
19:38:28,0.17563,219.10,0.47599,18.32858,53.51946,3.24891,5.04001,49.99,0624:13:43,1,08
19:38:31,0.17526,219.00,0.47238,18.13823,52.96363,3.24891,5.04001,49.97,0624:13:46,1,08
19:38:32,0.17601,218.90,0.4732,18.247,53.28125,3.24891,5.04001,49.96,0624:13:47,1,08
19:38:40,0.1761,218.90,0.47038,18.13823,52.96363,3.24901,5.04011,49.97,0624:13:54,1,08
19:38:41,0.17796,218.80,0.47104,18.35578,53.59887,3.24901,5.04011,49.97,0624:13:56,1,08
19:38:42,0.1782,218.90,0.47073,18.36937,53.63857,3.24901,5.04011,49.97,0624:13:57,1,08
19:38:45,0.1776,219.00,0.47065,18.31499,53.47976,3.24901,5.04011,49.97,0624:14:00,1,08
19:38:46,0.1776,219.00,0.47065,18.31499,53.47976,3.24901,5.04011,49.97,0624:14:00,1,08
19:38:47,0.17703,219.00,0.4737,18.36937,53.63857,3.24901,5.04011,49.97,0624:14:02,1,08
19:38:48,0.17661,219.00,0.4747,18.36937,53.63857,3.24901,5.04011,49.97,0624:14:03,1,08
19:38:49,0.17648,219.00,0.47187,18.247,53.28125,3.24901,5.04011,49.97,0624:14:04,1,08
19:38:50,0.17731,219.30,0.47135,18.34218,53.55917,3.24901,5.04011,49.99,0624:14:05,1,08
19:38:51,0.17638,219.60,0.47404,18.36937,53.63857,3.24901,5.04021,49.99,0624:14:06,1,08
19:38:57,0.17545,219.60,0.47461,18.30139,53.44006,3.24901,5.04021,49.99,0624:14:12,1,08
19:38:58,0.17545,219.60,0.47461,18.30139,53.44006,3.24911,5.04021,50.00,0624:14:13,1,08
19:38:59,0.1761,219.70,0.47472,18.38297,53.67828,3.24911,5.04021,50.00,0624:14:14,1,08
19:39:00,0.17745,219.70,0.47491,18.53254,54.11501,3.24911,5.04021,50.00,0624:14:15,1,08
19:39:01,0.17572,219.70,0.47324,18.2742,53.36066,3.24911,5.04021,50.00,0624:14:16,1,08
19:39:04,0.17601,219.70,0.47505,18.38297,53.67828,3.24911,5.04021,50.01,0624:14:19,1,08
19:39:05,0.17582,219.60,0.47467,18.34218,53.55917,3.24911,5.04021,50.01,0624:14:20,1,08
19:39:07,0.14346,219.50,0.41156,12.97142,37.87653,3.24911,5.04021,50.03,0624:14:22,1,08
19:39:13,0.13614,219.50,0.39763,11.88367,34.70031,3.24911,5.04031,50.03,0624:14:28,1,08
19:39:15,0.13741,219.40,0.39495,11.91086,34.77971,3.24911,5.04031,50.04,0624:14:30,1,08
19:39:17,0.13614,219.40,0.39809,11.89726,34.74001,3.24911,5.04031,50.05,0624:14:32,1,08
19:39:18,0.13687,219.40,0.39502,11.87007,34.6606,3.24911,5.04031,50.04,0624:14:33,1,08
19:39:19,0.13734,219.30,0.3935,11.85647,34.6209,3.24911,5.04031,50.04,0624:14:34,1,08
19:39:21,0.1365,219.50,0.39655,11.88367,34.70031,3.24911,5.04031,50.04,0624:14:36,1,08
19:39:22,0.1365,219.50,0.39655,11.88367,34.70031,3.24911,5.04031,50.04,0624:14:37,1,08
19:39:23,0.13699,219.30,0.39457,11.85647,34.6209,3.24911,5.04031,50.04,0624:14:38,1,08
19:39:24,0.13692,219.20,0.39538,11.87007,34.6606,3.24921,5.04031,50.05,0624:14:39,1,08
19:39:25,0.13764,219.20,0.39369,11.88367,34.70031,3.24921,5.04031,50.05,0624:14:40,1,08
19:39:27,0.13632,219.20,0.39672,11.85647,34.6209,3.24921,5.04031,50.04,0624:14:42,1,08
19:39:28,0.13692,219.10,0.39493,11.85647,34.6209,3.24921,5.04031,50.05,0624:14:43,1,08
19:39:29,0.13722,219.10,0.39467,11.87007,34.6606,3.24921,5.04041,50.05,0624:14:44,1,08
19:39:32,0.13734,218.90,0.39421,11.85647,34.6209,3.24921,5.04041,50.04,0624:14:47,1,08
19:39:33,0.13699,218.90,0.39483,11.84288,34.5812,3.24921,5.04041,50.03,0624:14:48,1,08
19:39:35,0.13746,219.00,0.39395,11.87007,34.6606,3.24921,5.04041,50.03,0624:14:50,1,08
19:39:36,0.13704,219.10,0.39547,11.88367,34.70031,3.24921,5.04041,50.03,0624:14:51,1,08
19:39:37,0.13668,219.10,0.39564,11.85647,34.6209,3.24921,5.04041,50.03,0624:14:52,1,08
19:39:38,0.13741,219.30,0.39486,11.89726,34.74001,3.24921,5.04041,50.01,0624:14:53,1,08
19:39:39,0.13674,219.40,0.39538,11.87007,34.6606,3.24921,5.04041,50.00,0624:14:54,1,08
19:39:40,0.13734,219.20,0.39305,11.84288,34.5812,3.24921,5.04041,50.00,0624:14:55,1,08
19:39:43,0.13704,218.80,0.39574,11.87007,34.6606,3.24921,5.04041,50.00,0624:14:58,1,08
19:39:44,0.13704,218.90,0.39583,11.88367,34.70031,3.24921,5.04041,49.99,0624:14:59,1,08
19:39:45,0.13692,219.00,0.39574,11.87007,34.6606,3.24921,5.04041,49.99,0624:15:00,1,08
19:39:47,0.13699,219.10,0.39538,11.87007,34.6606,3.24921,5.04041,49.99,0624:15:02,1,08
19:39:48,0.13602,219.30,0.39471,11.77489,34.38269,3.24921,5.04041,50.00,0624:15:03,1,08
19:39:49,0.1365,219.20,0.39646,11.87007,34.6606,3.24921,5.04051,50.00,0624:15:04,1,08
19:39:50,0.1368,219.10,0.39438,11.82928,34.5415,3.24921,5.04051,49.97,0624:15:05,1,08
19:39:51,0.13662,219.00,0.39646,11.87007,34.6606,3.24921,5.04051,49.96,0624:15:06,1,08
19:39:52,0.13674,219.30,0.39574,11.87007,34.6606,3.24921,5.04051,49.96,0624:15:07,1,08
19:39:53,0.13657,219.50,0.39619,11.88367,34.70031,3.24921,5.04051,49.96,0624:15:08,1,08
19:39:54,0.13577,219.50,0.39918,11.89726,34.74001,3.24931,5.04051,49.97,0624:15:09,1,08
19:39:55,0.13608,219.40,0.39763,11.88367,34.70031,3.24931,5.04051,49.96,0624:15:10,1,08
19:39:57,0.13572,219.40,0.39863,11.87007,34.6606,3.24931,5.04051,49.96,0624:15:12,1,08
19:39:58,0.13584,219.30,0.39553,11.78849,34.42239,3.24931,5.04051,49.96,0624:15:13,1,08
19:39:59,0.13644,219.40,0.39646,11.87007,34.6606,3.24931,5.04051,49.96,0624:15:14,1,08
19:40:00,0.13632,219.30,0.39636,11.85647,34.6209,3.24931,5.04051,49.97,0624:15:15,1,08
19:40:01,0.13692,219.20,0.39538,11.87007,34.6606,3.24931,5.04051,49.97,0624:15:16,1,08
19:40:02,0.13776,219.20,0.39739,12.00604,35.05763,3.24931,5.04051,49.97,0624:15:17,1,08
19:40:03,0.13717,219.20,0.40009,12.03323,35.13704,3.24931,5.04051,49.97,0624:15:18,1,08
19:40:04,0.13657,219.10,0.39737,11.89726,34.74001,3.24931,5.04051,49.96,0624:15:19,1,08
19:40:05,0.13699,219.20,0.39638,11.91086,34.77971,3.24931,5.04051,49.96,0624:15:20,1,08
19:40:08,0.13644,219.30,0.39282,11.7613,34.34298,3.24931,5.04051,49.97,0624:15:23,1,08
19:40:09,0.13764,219.30,0.39289,11.87007,34.6606,3.24931,5.04062,49.97,0624:15:24,1,08
19:40:12,0.13741,219.50,0.39414,11.89726,34.74001,3.24931,5.04062,49.99,0624:15:27,1,08
19:40:13,0.13717,219.60,0.3944,11.88367,34.70031,3.24931,5.04062,49.99,0624:15:28,1,08
19:40:15,0.13734,219.70,0.39324,11.87007,34.6606,3.24931,5.04062,49.99,0624:15:30,1,08
19:40:16,0.13764,219.60,0.39209,11.85647,34.6209,3.24931,5.04062,49.99,0624:15:31,1,08
19:40:17,0.13729,219.50,0.39405,11.88367,34.70031,3.24931,5.04062,49.99,0624:15:32,1,08
19:40:19,0.13741,219.50,0.39279,11.85647,34.6209,3.24931,5.04062,49.99,0624:15:34,1,08
19:40:20,0.13699,219.40,0.39467,11.87007,34.6606,3.24931,5.04062,49.99,0624:15:36,1,08
19:40:22,0.13674,219.30,0.39302,11.78849,34.42239,3.24931,5.04062,49.99,0624:15:37,1,08
19:40:23,0.13729,219.40,0.3944,11.88367,34.70031,3.24931,5.04062,49.99,0624:15:38,1,08
19:40:24,0.13764,219.40,0.39244,11.85647,34.6209,3.24941,5.04062,49.99,0624:15:39,1,08
19:40:25,0.13668,219.30,0.39529,11.85647,34.6209,3.24941,5.04062,50.00,0624:15:41,1,08
19:40:29,0.13729,219.20,0.39476,11.88367,34.70031,3.24941,5.04062,50.00,0624:15:43,1,08
19:40:31,0.13741,219.30,0.3927,11.84288,34.5812,3.24941,5.04072,50.00,0624:15:45,1,08
19:40:32,0.13753,219.20,0.39315,11.85647,34.6209,3.24941,5.04072,50.00,0624:15:47,1,08
19:40:33,0.13759,219.20,0.39405,11.88367,34.70031,3.24941,5.04072,50.00,0624:15:48,1,08
19:40:34,0.13704,219.20,0.39502,11.87007,34.6606,3.24941,5.04072,50.00,0624:15:48,1,08
19:40:36,0.13746,219.20,0.3936,11.87007,34.6606,3.24941,5.04072,50.00,0624:15:50,1,08
19:40:37,0.13759,219.40,0.39414,11.89726,34.74001,3.24941,5.04072,50.00,0624:15:52,1,08
19:40:39,0.13764,219.50,0.39299,11.88367,34.70031,3.24941,5.04072,50.00,0624:15:54,1,08
19:40:40,0.13764,219.50,0.39299,11.88367,34.70031,3.24941,5.04072,50.00,0624:15:54,1,08
19:40:41,0.13717,219.50,0.39395,11.87007,34.6606,3.24941,5.04072,50.00,0624:15:55,1,08
19:40:44,0.13717,219.80,0.3927,11.84288,34.5812,3.24941,5.04072,50.01,0624:15:59,1,08
19:40:51,0.13704,219.80,0.3944,11.88367,34.70031,3.24941,5.04082,50.01,0624:16:06,1,08
19:40:52,0.13704,219.80,0.3944,11.88367,34.70031,3.24941,5.04082,50.01,0624:16:06,1,08
19:40:53,0.13722,219.80,0.39324,11.87007,34.6606,3.24941,5.04082,50.01,0624:16:08,1,08
19:40:54,0.13746,219.70,0.39244,11.85647,34.6209,3.24941,5.04082,50.00,0624:16:09,1,08
19:40:55,0.13711,219.80,0.3936,11.87007,34.6606,3.24951,5.04082,50.00,0624:16:10,1,08
19:40:56,0.13734,219.80,0.39244,11.85647,34.6209,3.24951,5.04082,50.01,0624:16:11,1,08
19:40:58,0.13717,219.90,0.39369,11.88367,34.70031,3.24951,5.04082,50.00,0624:16:12,1,08
19:41:00,0.13699,219.90,0.39305,11.84288,34.5812,3.24951,5.04082,49.99,0624:16:15,1,08
19:41:02,0.13759,219.60,0.39074,11.81568,34.50179,3.24951,5.04082,50.00,0624:16:17,1,08
19:41:03,0.13788,219.70,0.39228,11.88367,34.70031,3.24951,5.04082,50.00,0624:16:18,1,08
19:41:05,0.13729,219.80,0.39369,11.88367,34.70031,3.24951,5.04082,50.00,0624:16:20,1,08
19:41:06,0.1386,219.70,0.39518,12.04683,35.17673,3.24951,5.04082,50.00,0624:16:21,1,08
19:41:08,0.13807,219.80,0.39158,11.88367,34.70031,3.24951,5.04082,50.00,0624:16:23,1,08
19:41:09,0.13854,219.80,0.38938,11.87007,34.6606,3.24951,5.04092,50.00,0624:16:24,1,08
19:41:12,0.1383,219.80,0.39132,11.89726,34.74001,3.24951,5.04092,49.99,0624:16:27,1,08
19:41:13,0.13849,219.60,0.38963,11.85647,34.6209,3.24951,5.04092,49.99,0624:16:28,1,08
19:41:16,0.13771,219.70,0.39308,11.89726,34.74001,3.24951,5.04092,49.97,0624:16:31,1,08
19:41:17,0.13753,219.60,0.39199,11.84288,34.5812,3.24951,5.04092,49.97,0624:16:32,1,08
19:41:20,0.13687,219.30,0.39538,11.87007,34.6606,3.24951,5.04092,49.99,0624:16:35,1,08
19:41:21,0.13687,219.30,0.39538,11.87007,34.6606,3.24951,5.04092,49.99,0624:16:36,1,08
19:41:23,0.13753,219.40,0.39369,11.88367,34.70031,3.24951,5.04092,50.00,0624:16:38,1,08
19:41:24,0.13692,219.50,0.39376,11.84288,34.5812,3.24951,5.04092,50.00,0624:16:39,1,08
19:41:25,0.13632,219.50,0.39646,11.87007,34.6606,3.24961,5.04092,50.00,0624:16:40,1,08
19:41:26,0.13711,219.50,0.39386,11.85647,34.6209,3.24961,5.04092,49.99,0624:16:41,1,08
19:41:28,0.13704,219.60,0.39386,11.85647,34.6209,3.24961,5.04092,49.99,0624:16:43,1,08
19:41:30,0.13717,219.60,0.39395,11.87007,34.6606,3.24961,5.04102,49.99,0624:16:45,1,08
19:41:31,0.13711,219.50,0.39431,11.87007,34.6606,3.24961,5.04102,49.99,0624:16:46,1,08
19:41:33,0.13753,219.70,0.39244,11.85647,34.6209,3.24961,5.04102,50.00,0624:16:48,1,08
19:41:35,0.13783,219.60,0.39183,11.87007,34.6606,3.24961,5.04102,49.99,0624:16:50,1,08
19:41:36,0.13746,219.70,0.39244,11.85647,34.6209,3.24961,5.04102,50.00,0624:16:51,1,08
19:41:37,0.13729,219.70,0.39279,11.85647,34.6209,3.24961,5.04102,50.00,0624:16:52,1,08
19:41:41,0.1365,219.90,0.39583,11.88367,34.70031,3.24961,5.04102,49.99,0624:16:56,1,08
19:41:42,0.13711,220.00,0.39369,11.88367,34.70031,3.24961,5.04102,49.97,0624:16:57,1,08
19:41:43,0.13783,220.00,0.39202,11.89726,34.74001,3.24961,5.04102,49.97,0624:16:58,1,08
19:41:44,0.13734,219.90,0.39334,11.88367,34.70031,3.24961,5.04102,49.97,0624:16:59,1,08
19:41:45,0.13657,220.10,0.3915,11.77489,34.38269,3.24961,5.04102,49.97,0624:17:00,1,08
19:41:46,0.13795,220.00,0.39078,11.87007,34.6606,3.24961,5.04102,49.99,0624:17:01,1,08
19:41:47,0.13734,220.00,0.39164,11.84288,34.5812,3.24961,5.04102,49.99,0624:17:02,1,08
19:41:49,0.13741,220.30,0.39183,11.87007,34.6606,3.24961,5.04112,49.97,0624:17:04,1,08
19:41:51,0.13734,220.20,0.39308,11.89726,34.74001,3.24961,5.04112,49.97,0624:17:06,1,08
19:41:52,0.13783,220.40,0.39167,11.89726,34.74001,3.24961,5.04112,49.99,0624:17:07,1,08
19:41:54,0.13687,220.40,0.39279,11.85647,34.6209,3.24961,5.04112,49.99,0624:17:09,1,08
19:41:55,0.13595,220.40,0.39338,11.78849,34.42239,3.24971,5.04112,49.97,0624:17:10,1,08
19:41:57,0.13729,220.30,0.39218,11.87007,34.6606,3.24971,5.04112,49.97,0624:17:12,1,08
19:41:59,0.13753,220.10,0.39183,11.87007,34.6606,3.24971,5.04112,49.96,0624:17:14,1,08
19:42:01,0.1368,220.10,0.39395,11.87007,34.6606,3.24971,5.04112,49.96,0624:17:16,1,08
19:42:02,0.13741,220.00,0.39254,11.87007,34.6606,3.24971,5.04112,49.96,0624:17:17,1,08
19:42:04,0.13729,219.90,0.39289,11.87007,34.6606,3.24971,5.04112,49.96,0624:17:19,1,08
19:42:07,0.13783,220.00,0.39058,11.84288,34.5812,3.24971,5.04112,49.97,0624:17:22,1,08
19:42:08,0.13849,219.90,0.39375,11.99244,35.01793,3.24971,5.04122,49.97,0624:17:23,1,08
19:42:09,0.1392,220.10,0.39663,12.1556,35.49436,3.24971,5.04122,49.97,0624:17:24,1,08
19:42:11,0.13973,220.00,0.39611,12.1828,35.57377,3.24971,5.04122,49.96,0624:17:26,1,08
19:42:13,0.13687,219.60,0.39421,11.85647,34.6209,3.24971,5.04122,49.96,0624:17:28,1,08
19:42:14,0.13662,219.40,0.39393,11.81568,34.50179,3.24971,5.04122,49.96,0624:17:29,1,08
19:42:15,0.13626,219.60,0.39419,11.80208,34.46209,3.24971,5.04122,49.96,0624:17:30,1,08
19:42:16,0.13704,219.80,0.3944,11.88367,34.70031,3.24971,5.04122,49.97,0624:17:31,1,08
19:42:17,0.13783,220.00,0.39148,11.87007,34.6606,3.24971,5.04122,49.97,0624:17:32,1,08
19:42:18,0.13722,220.20,0.39209,11.85647,34.6209,3.24971,5.04122,49.97,0624:17:33,1,08
19:42:19,0.13722,220.40,0.39308,11.89726,34.74001,3.24971,5.04122,49.97,0624:17:34,1,08
19:42:20,0.13699,220.40,0.39199,11.84288,34.5812,3.24971,5.04122,49.97,0624:17:35,1,08
19:42:21,0.1368,220.30,0.39315,11.85647,34.6209,3.24971,5.04122,49.97,0624:17:36,1,08
19:42:22,0.13746,220.10,0.39218,11.87007,34.6606,3.24971,5.04122,49.97,0624:17:37,1,08
19:42:24,0.13764,220.30,0.39193,11.88367,34.70031,3.24971,5.04122,49.97,0624:17:39,1,08
19:42:25,0.13711,220.40,0.39254,11.87007,34.6606,3.24981,5.04122,49.99,0624:17:40,1,08
19:42:33,0.13692,220.40,0.39324,11.87007,34.6606,3.24981,5.04132,49.99,0624:17:48,1,08
19:42:34,0.13692,220.40,0.39324,11.87007,34.6606,3.24981,5.04132,50.00,0624:17:48,1,08
19:42:35,0.13734,220.40,0.39138,11.85647,34.6209,3.24981,5.04132,50.00,0624:17:49,1,08
19:42:37,0.13722,220.40,0.39173,11.85647,34.6209,3.24981,5.04132,50.00,0624:17:51,1,08
19:42:38,0.13692,220.50,0.39199,11.84288,34.5812,3.24981,5.04132,50.00,0624:17:53,1,08
19:42:39,0.13692,220.50,0.39199,11.84288,34.5812,3.24981,5.04132,50.00,0624:17:53,1,08
19:42:40,0.13734,220.40,0.39183,11.87007,34.6606,3.24981,5.04132,50.01,0624:17:54,1,08
19:42:41,0.13687,220.40,0.39324,11.87007,34.6606,3.24981,5.04132,50.01,0624:17:55,1,08
19:42:42,0.1365,220.30,0.39331,11.82928,34.5415,3.24981,5.04132,50.01,0624:17:56,1,08
19:42:43,0.13565,220.20,0.39672,11.85647,34.6209,3.24981,5.04132,50.01,0624:17:58,1,08
19:42:45,0.13632,220.20,0.39493,11.85647,34.6209,3.24981,5.04132,50.03,0624:17:59,1,08
19:42:48,0.13722,220.40,0.39173,11.85647,34.6209,3.24981,5.04142,50.01,0624:18:03,1,08
19:42:49,0.13729,220.40,0.39173,11.85647,34.6209,3.24981,5.04142,50.01,0624:18:04,1,08
19:42:51,0.13711,220.40,0.39164,11.84288,34.5812,3.24981,5.04142,50.03,0624:18:05,1,08
19:42:53,0.13699,220.30,0.39234,11.84288,34.5812,3.24981,5.04142,50.03,0624:18:07,1,08
19:42:56,0.13644,220.20,0.39412,11.84288,34.5812,3.24991,5.04142,50.03,0624:18:11,1,08
19:42:57,0.13644,220.20,0.39412,11.84288,34.5812,3.24991,5.04142,50.03,0624:18:11,1,08
19:42:58,0.13584,220.10,0.39591,11.84288,34.5812,3.24991,5.04142,50.01,0624:18:12,1,08
19:43:00,0.13644,220.00,0.39493,11.85647,34.6209,3.24991,5.04142,50.00,0624:18:15,1,08
19:43:01,0.13584,220.10,0.39727,11.88367,34.70031,3.24991,5.04142,50.00,0624:18:16,1,08
19:43:02,0.13687,220.10,0.39305,11.84288,34.5812,3.24991,5.04142,50.00,0624:18:17,1,08
19:43:05,0.13565,219.70,0.39553,11.78849,34.42239,3.24991,5.04142,49.97,0624:18:20,1,08
19:43:06,0.1348,219.70,0.39908,11.82928,34.5415,3.24991,5.04142,49.97,0624:18:21,1,08
19:43:07,0.13504,219.80,0.39881,11.84288,34.5812,3.24991,5.04142,49.97,0624:18:22,1,08
19:43:08,0.14449,219.90,0.41275,13.12098,38.31327,3.24991,5.04152,49.96,0624:18:23,1,08
19:43:09,0.14449,219.90,0.41275,13.12098,38.31327,3.24991,5.04152,49.96,0624:18:23,1,08
19:43:10,0.13595,220.10,0.396,11.85647,34.6209,3.24991,5.04152,49.96,0624:18:25,1,08
19:43:16,0.13553,220.10,0.39663,11.84288,34.5812,3.24991,5.04152,49.96,0624:18:31,1,08
19:43:17,0.13565,220.20,0.39718,11.87007,34.6606,3.24991,5.04152,49.96,0624:18:32,1,08
19:43:18,0.13486,220.40,0.39844,11.84288,34.5812,3.24991,5.04152,49.97,0624:18:33,1,08
19:43:19,0.13535,220.30,0.3979,11.87007,34.6606,3.24991,5.04152,49.97,0624:18:34,1,08
19:43:20,0.13559,220.30,0.39672,11.85647,34.6209,3.24991,5.04152,49.97,0624:18:35,1,08
19:43:22,0.1362,220.20,0.39574,11.87007,34.6606,3.24991,5.04152,49.97,0624:18:37,1,08
19:43:23,0.13504,220.10,0.39799,11.82928,34.5415,3.24991,5.04152,49.97,0624:18:38,1,08
19:43:24,0.13504,220.00,0.3957,11.7613,34.34298,3.24991,5.04152,49.97,0624:18:39,1,08
19:43:25,0.13553,220.00,0.39745,11.85647,34.6209,3.24991,5.04152,49.97,0624:18:40,1,08
19:43:28,0.13632,220.00,0.39438,11.82928,34.5415,3.25001,5.04163,49.99,0624:18:43,1,08
19:43:29,0.13644,220.00,0.39502,11.87007,34.6606,3.25001,5.04163,49.99,0624:18:44,1,08
19:43:30,0.13626,220.10,0.39493,11.85647,34.6209,3.25001,5.04163,49.97,0624:18:45,1,08
19:43:31,0.13687,219.90,0.39386,11.85647,34.6209,3.25001,5.04163,49.97,0624:18:46,1,08
19:43:33,0.1362,219.60,0.396,11.85647,34.6209,3.25001,5.04163,49.97,0624:18:48,1,08
19:43:34,0.13602,219.50,0.39308,11.7477,34.30328,3.25001,5.04163,49.97,0624:18:49,1,08
19:43:36,0.13662,219.80,0.39457,11.85647,34.6209,3.25001,5.04163,49.97,0624:18:51,1,08
19:43:37,0.13572,219.80,0.39617,11.82928,34.5415,3.25001,5.04163,49.97,0624:18:52,1,08
19:43:38,0.1348,219.90,0.39963,11.85647,34.6209,3.25001,5.04163,49.97,0624:18:53,1,08
19:43:40,0.13535,220.20,0.39781,11.85647,34.6209,3.25001,5.04163,49.97,0624:18:55,1,08
19:43:42,0.13547,220.10,0.39836,11.88367,34.70031,3.25001,5.04163,49.99,0624:18:57,1,08
19:43:43,0.13577,220.10,0.39682,11.87007,34.6606,3.25001,5.04163,49.99,0624:18:58,1,08
19:43:44,0.13602,220.20,0.39655,11.88367,34.70031,3.25001,5.04163,49.99,0624:18:59,1,08
19:43:45,0.13517,220.30,0.39726,11.82928,34.5415,3.25001,5.04163,49.99,0624:19:00,1,08
19:43:46,0.13565,220.10,0.39344,11.7477,34.30328,3.25001,5.04163,49.97,0624:19:01,1,08
19:43:47,0.13608,220.10,0.39564,11.85647,34.6209,3.25001,5.04163,49.97,0624:19:02,1,08
19:43:53,0.13577,220.50,0.39564,11.85647,34.6209,3.25001,5.04173,49.99,0624:19:08,1,08
19:43:54,0.13584,220.50,0.39474,11.82928,34.5415,3.25001,5.04173,50.00,0624:19:09,1,08
19:43:57,0.13584,220.50,0.39564,11.85647,34.6209,3.25012,5.04173,50.00,0624:19:12,1,08
19:43:59,0.13608,220.30,0.39483,11.84288,34.5812,3.25012,5.04173,50.00,0624:19:14,1,08
19:44:00,0.13662,220.40,0.39395,11.87007,34.6606,3.25012,5.04173,50.01,0624:19:15,1,08
19:44:01,0.13674,220.50,0.3927,11.84288,34.5812,3.25012,5.04173,50.01,0624:19:16,1,08
19:44:02,0.13614,220.40,0.39493,11.85647,34.6209,3.25012,5.04173,50.01,0624:19:17,1,08
19:44:03,0.13614,220.30,0.39493,11.85647,34.6209,3.25012,5.04173,50.01,0624:19:18,1,08
19:44:04,0.1362,220.40,0.39447,11.84288,34.5812,3.25012,5.04173,50.03,0624:19:19,1,08
19:44:05,0.13632,220.30,0.39367,11.82928,34.5415,3.25012,5.04173,50.03,0624:19:20,1,08
19:44:07,0.1359,220.10,0.39545,11.82928,34.5415,3.25012,5.04173,50.01,0624:19:22,1,08
19:44:08,0.1362,220.10,0.39529,11.85647,34.6209,3.25012,5.04183,50.01,0624:19:23,1,08
19:44:09,0.13632,220.10,0.39493,11.85647,34.6209,3.25012,5.04183,50.01,0624:19:24,1,08
19:44:10,0.1365,220.20,0.39421,11.85647,34.6209,3.25012,5.04183,50.00,0624:19:25,1,08
19:44:11,0.1368,220.10,0.39576,11.92446,34.81942,3.25012,5.04183,50.00,0624:19:26,1,08
19:44:13,0.13614,220.20,0.39393,11.81568,34.50179,3.25012,5.04183,50.00,0624:19:28,1,08
19:44:14,0.13734,220.20,0.39443,11.93806,34.85912,3.25012,5.04183,50.00,0624:19:29,1,08
19:44:15,0.138,220.30,0.39589,12.04683,35.17673,3.25012,5.04183,50.00,0624:19:30,1,08
19:44:16,0.13632,220.30,0.39412,11.84288,34.5812,3.25012,5.04183,50.00,0624:19:31,1,08
19:44:17,0.13565,220.20,0.39581,11.82928,34.5415,3.25012,5.04183,49.99,0624:19:32,1,08
19:44:18,0.13687,219.80,0.39431,11.87007,34.6606,3.25012,5.04183,49.99,0624:19:33,1,08
19:44:19,0.13632,220.40,0.39457,11.85647,34.6209,3.25012,5.04183,49.97,0624:19:34,1,08
19:44:22,0.13608,220.50,0.39493,11.85647,34.6209,3.25012,5.04183,49.97,0624:19:37,1,08
19:44:24,0.13577,220.30,0.39545,11.82928,34.5415,3.25012,5.04183,49.97,0624:19:38,1,08
19:44:25,0.1362,220.10,0.39574,11.87007,34.6606,3.25012,5.04183,49.97,0624:19:39,1,08
19:44:28,0.1359,220.10,0.39364,11.77489,34.38269,3.25012,5.04183,49.96,0624:19:42,1,08
19:44:30,0.13638,220.20,0.39412,11.84288,34.5812,3.25022,5.04193,49.97,0624:19:44,1,08
19:44:31,0.13662,220.20,0.39295,11.82928,34.5415,3.25022,5.04193,49.97,0624:19:45,1,08
19:44:33,0.13572,219.90,0.39663,11.84288,34.5812,3.25022,5.04193,49.97,0624:19:48,1,08
19:44:35,0.13608,219.90,0.39646,11.87007,34.6606,3.25022,5.04193,49.97,0624:19:49,1,08
19:44:36,0.13638,219.90,0.39619,11.88367,34.70031,3.25022,5.04193,49.96,0624:19:50,1,08
19:44:37,0.13577,220.00,0.39399,11.77489,34.38269,3.25022,5.04193,49.96,0624:19:51,1,08
19:44:38,0.13559,220.00,0.39617,11.82928,34.5415,3.25022,5.04193,49.96,0624:19:53,1,08
19:44:40,0.13565,220.10,0.39627,11.84288,34.5812,3.25022,5.04193,49.97,0624:19:54,1,08
19:44:42,0.1362,220.20,0.39493,11.85647,34.6209,3.25022,5.04193,49.97,0624:19:56,1,08
19:44:43,0.13584,220.40,0.39646,11.87007,34.6606,3.25022,5.04193,49.97,0624:19:57,1,08
19:44:45,0.13632,220.30,0.39502,11.87007,34.6606,3.25022,5.04193,49.97,0624:19:59,1,08
19:44:46,0.1359,220.10,0.396,11.85647,34.6209,3.25022,5.04193,49.97,0624:20:00,1,08
19:44:47,0.13535,219.80,0.39224,11.67971,34.10476,3.25022,5.04193,49.97,0624:20:01,1,08
19:44:48,0.13662,219.80,0.39502,11.87007,34.6606,3.25022,5.04193,49.97,0624:20:02,1,08
19:44:50,0.13595,220.20,0.39555,11.84288,34.5812,3.25022,5.04203,49.97,0624:20:05,1,08
19:44:52,0.13595,220.40,0.39655,11.88367,34.70031,3.25022,5.04203,49.99,0624:20:06,1,08
19:44:53,0.13541,220.50,0.39718,11.87007,34.6606,3.25022,5.04203,49.99,0624:20:07,1,08
19:44:54,0.13565,220.50,0.396,11.85647,34.6209,3.25022,5.04203,49.99,0624:20:09,1,08
19:44:55,0.13572,220.40,0.39646,11.87007,34.6606,3.25022,5.04203,49.99,0624:20:10,1,08
19:44:56,0.13572,220.30,0.39636,11.85647,34.6209,3.25022,5.04203,49.99,0624:20:11,1,08
19:44:57,0.13572,220.30,0.39636,11.85647,34.6209,3.25022,5.04203,49.99,0624:20:11,1,08
19:44:58,0.13474,220.20,0.39606,11.7613,34.34298,3.25022,5.04203,49.97,0624:20:12,1,08
19:44:59,0.13541,220.20,0.39745,11.85647,34.6209,3.25032,5.04203,49.97,0624:20:13,1,08
19:45:01,0.13529,220.20,0.3969,11.82928,34.5415,3.25032,5.04203,49.97,0624:20:16,1,08
19:45:02,0.13547,220.30,0.39709,11.85647,34.6209,3.25032,5.04203,49.97,0624:20:17,1,08
19:45:04,0.13535,220.50,0.39663,11.84288,34.5812,3.25032,5.04203,49.97,0624:20:18,1,08
19:45:06,0.13498,220.20,0.39899,11.87007,34.6606,3.25032,5.04203,49.97,0624:20:21,1,08
19:45:07,0.13541,220.10,0.39827,11.87007,34.6606,3.25032,5.04203,49.97,0624:20:22,1,08
19:45:08,0.13565,220.10,0.39572,11.81568,34.50179,3.25032,5.04203,49.97,0624:20:23,1,08
19:45:09,0.13504,220.10,0.3958,11.77489,34.38269,3.25032,5.04213,49.97,0624:20:23,1,08
19:45:10,0.13522,220.20,0.39772,11.84288,34.5812,3.25032,5.04213,49.99,0624:20:24,1,08
19:45:11,0.13626,220.30,0.399,11.97884,34.97823,3.25032,5.04213,49.99,0624:20:26,1,08
19:45:13,0.13764,220.60,0.39884,12.11481,35.37526,3.25032,5.04213,49.97,0624:20:28,1,08
19:45:18,0.13926,220.70,0.40186,12.35956,36.08991,3.25032,5.04213,49.97,0624:20:33,1,08
19:45:21,0.13565,220.50,0.39555,11.84288,34.5812,3.25032,5.04213,49.97,0624:20:35,1,08
19:45:22,0.13584,220.60,0.39529,11.85647,34.6209,3.25032,5.04213,49.99,0624:20:37,1,08
19:45:23,0.13553,220.70,0.396,11.85647,34.6209,3.25032,5.04213,49.99,0624:20:38,1,08
19:45:24,0.13595,220.70,0.39447,11.84288,34.5812,3.25032,5.04213,50.00,0624:20:39,1,08
19:45:25,0.13565,220.70,0.39519,11.84288,34.5812,3.25032,5.04213,50.00,0624:20:40,1,08
19:45:27,0.13602,220.80,0.39457,11.85647,34.6209,3.25032,5.04213,50.01,0624:20:42,1,08
19:45:33,0.13529,220.40,0.39699,11.84288,34.5812,3.25042,5.04224,50.03,0624:20:48,1,08
19:45:36,0.13565,220.20,0.39672,11.85647,34.6209,3.25042,5.04224,50.03,0624:20:51,1,08
19:45:38,0.13553,220.00,0.39654,11.82928,34.5415,3.25042,5.04224,50.04,0624:20:53,1,08
19:45:39,0.13638,220.00,0.39447,11.84288,34.5812,3.25042,5.04224,50.04,0624:20:54,1,08
19:45:41,0.13572,220.00,0.39617,11.82928,34.5415,3.25042,5.04224,50.04,0624:20:56,1,08
19:45:45,0.13547,219.70,0.39635,11.80208,34.46209,3.25042,5.04224,50.04,0624:21:00,1,08
19:45:51,0.17284,219.70,0.46528,17.67593,51.61373,3.25042,5.04234,50.04,0624:21:06,1,08
19:45:53,0.1725,220.00,0.46454,17.63515,51.49463,3.25042,5.04234,50.04,0624:21:08,1,08
19:45:54,0.17398,220.10,0.45955,17.60795,51.41521,3.25042,5.04234,50.04,0624:21:09,1,08
19:45:55,0.17981,220.20,0.47083,18.65491,54.47233,3.25052,5.04234,50.03,0624:21:10,1,08
19:45:57,0.19572,220.20,0.49464,21.33349,62.2938,3.25052,5.04234,50.03,0624:21:12,1,08
19:45:59,0.19752,220.10,0.49156,21.38788,62.45261,3.25052,5.04234,50.04,0624:21:14,1,08
19:46:01,0.19631,220.00,0.49497,21.38788,62.45261,3.25052,5.04234,50.03,0624:21:16,1,08
19:46:02,0.19501,220.00,0.49335,21.18393,61.85707,3.25052,5.04234,50.03,0624:21:17,1,08
19:46:03,0.19639,220.00,0.49277,21.3063,62.21439,3.25052,5.04234,50.01,0624:21:18,1,08
19:46:04,0.19639,220.00,0.49277,21.3063,62.21439,3.25052,5.04234,50.01,0624:21:19,1,08
19:46:05,0.19538,220.00,0.49336,21.21112,61.93648,3.25052,5.04244,50.01,0624:21:20,1,08
19:46:08,0.19597,219.90,0.49433,21.31989,62.25409,3.25052,5.04244,50.01,0624:21:23,1,08
19:46:09,0.19517,220.00,0.49399,21.22472,61.97618,3.25052,5.04244,50.01,0624:21:24,1,08
19:46:13,0.19589,219.90,0.49369,21.2791,62.13499,3.25062,5.04244,50.01,0624:21:28,1,08
19:46:17,0.19902,220.10,0.49628,21.75499,63.52458,3.25062,5.04244,50.00,0624:21:31,1,08
19:46:20,0.19877,219.70,0.49222,21.51025,62.80993,3.25062,5.04244,50.00,0624:21:34,1,08
19:46:21,0.20186,219.60,0.49724,22.05413,64.39805,3.25062,5.04244,50.00,0624:21:35,1,08
19:46:23,0.19877,219.60,0.4972,21.7142,63.40548,3.25062,5.04254,49.97,0624:21:37,1,08
19:46:25,0.19757,219.90,0.49312,21.44227,62.61142,3.25062,5.04254,49.99,0624:21:39,1,08
19:46:27,0.22162,220.20,0.50084,24.46077,71.42546,3.25062,5.04254,49.97,0624:21:41,1,08
19:46:29,0.24835,220.20,0.51814,28.34948,82.78048,3.25062,5.04254,49.97,0624:21:43,1,08
19:46:30,0.24861,220.20,0.51886,28.43106,83.01869,3.25073,5.04254,49.96,0624:21:44,1,08
19:46:31,0.24931,220.20,0.51832,28.47185,83.13781,3.25073,5.04254,49.96,0624:21:45,1,08
19:46:32,0.24881,220.00,0.51837,28.39027,82.89958,3.25073,5.04254,49.96,0624:21:46,1,08
19:46:33,0.24668,219.90,0.51703,28.06395,81.94672,3.25073,5.04254,49.96,0624:21:47,1,08
19:46:35,0.24814,219.90,0.51843,28.30869,82.66137,3.25073,5.04254,49.95,0624:21:49,1,08
19:46:38,0.24884,219.90,0.52061,28.51264,83.25692,3.25073,5.04264,49.97,0624:21:52,1,08
19:46:40,0.24895,219.90,0.51936,28.44466,83.0584,3.25073,5.04264,49.97,0624:21:54,1,08
19:46:43,0.27682,219.50,0.52326,31.81668,92.90472,3.25083,5.04264,49.96,0624:21:57,1,08
19:46:45,0.2767,219.60,0.52258,31.77589,92.7856,3.25083,5.04264,49.97,0624:22:00,1,08
19:46:46,0.2767,219.60,0.52258,31.77589,92.7856,3.25083,5.04264,49.96,0624:22:00,1,08
19:46:53,0.27574,219.90,0.52465,31.83028,92.94441,3.25083,5.04275,49.97,0624:22:07,1,08
19:46:55,0.27461,219.70,0.52387,31.62633,92.34888,3.25093,5.04275,49.97,0624:22:09,1,08
19:46:56,0.27682,219.70,0.5248,31.93905,93.26203,3.25093,5.04275,49.97,0624:22:11,1,08
19:46:57,0.27565,219.70,0.52581,31.85747,93.02383,3.25093,5.04275,49.97,0624:22:12,1,08
19:46:59,0.27183,219.50,0.53484,31.93905,93.26203,3.25093,5.04275,49.99,0624:22:13,1,08
19:47:01,0.2717,219.50,0.53098,31.69431,92.54739,3.25093,5.04275,49.97,0624:22:15,1,08
19:47:02,0.27508,219.60,0.52429,31.69431,92.54739,3.25093,5.04275,49.97,0624:22:17,1,08
19:47:03,0.27449,219.60,0.52749,31.83028,92.94441,3.25093,5.04285,49.97,0624:22:18,1,08
19:47:04,0.27419,219.80,0.52705,31.78949,92.82531,3.25093,5.04285,49.99,0624:22:18,1,08
19:47:05,0.27409,219.80,0.52548,31.68071,92.50768,3.25103,5.04285,49.99,0624:22:19,1,08
19:47:07,0.27143,219.60,0.52894,31.55834,92.15036,3.25103,5.04285,49.99,0624:22:22,1,08
19:47:08,0.27064,219.50,0.52973,31.49035,91.95184,3.25103,5.04285,50.00,0624:22:23,1,08
19:47:09,0.27198,219.50,0.52981,31.65352,92.42827,3.25103,5.04285,50.00,0624:22:24,1,08
19:47:11,0.27268,219.50,0.52929,31.69431,92.54739,3.25103,5.04285,50.00,0624:22:25,1,08
19:47:13,0.27034,219.50,0.53457,31.7487,92.70619,3.25103,5.04285,50.01,0624:22:28,1,08
19:47:16,0.27422,219.70,0.52458,31.62633,92.34888,3.25103,5.04295,50.01,0624:22:30,1,08
19:47:22,0.27464,219.70,0.52545,31.7215,92.62679,3.25113,5.04295,50.01,0624:22:36,1,08
19:47:23,0.27488,219.60,0.52723,31.85747,93.02383,3.25113,5.04295,50.01,0624:22:37,1,08
19:47:24,0.27798,219.60,0.52649,32.1566,93.89729,3.25113,5.04295,50.01,0624:22:39,1,08
19:47:26,0.2764,219.40,0.52442,31.83028,92.94441,3.25113,5.04295,50.01,0624:22:41,1,08
19:47:30,0.27608,219.50,0.52578,31.88467,93.10323,3.25124,5.04305,50.01,0624:22:45,1,08
19:47:35,0.27643,219.40,0.52307,31.7487,92.70619,3.25124,5.04305,50.00,0624:22:50,1,08
19:47:36,0.27828,219.30,0.52427,32.02063,93.50025,3.25124,5.04305,50.01,0624:22:51,1,08
19:47:38,0.27424,219.10,0.52532,31.59913,92.26947,3.25124,5.04305,49.99,0624:22:53,1,08
19:47:40,0.27496,219.00,0.52504,31.63992,92.38858,3.25134,5.04305,50.00,0624:22:55,1,08
19:47:41,0.27574,218.90,0.52431,31.66712,92.46799,3.25134,5.04315,50.00,0624:22:56,1,08
19:47:42,0.27691,218.70,0.52602,31.88467,93.10323,3.25134,5.04315,49.97,0624:22:57,1,08
19:47:43,0.25318,218.70,0.50662,28.07754,81.98642,3.25134,5.04315,49.97,0624:22:58,1,08
19:47:44,0.16316,218.70,0.45011,16.0715,46.92878,3.25134,5.04315,49.99,0624:22:59,1,08
19:47:47,0.13614,218.60,0.3968,11.81568,34.50179,3.25134,5.04315,49.99,0624:23:02,1,08
19:47:49,0.13626,218.60,0.39918,11.89726,34.74001,3.25134,5.04315,49.97,0624:23:04,1,08
19:47:51,0.1362,218.70,0.39963,11.91086,34.77971,3.25134,5.04315,49.96,0624:23:06,1,08
19:47:52,0.13662,218.80,0.39864,11.92446,34.81942,3.25134,5.04315,49.96,0624:23:07,1,08
19:47:53,0.13626,218.90,0.39936,11.92446,34.81942,3.25134,5.04315,49.96,0624:23:08,1,08
19:47:55,0.13522,218.90,0.40312,11.93806,34.85912,3.25134,5.04315,49.96,0624:23:10,1,08
19:47:57,0.13668,218.80,0.39873,11.93806,34.85912,3.25134,5.04315,49.96,0624:23:12,1,08
19:48:00,0.14323,219.00,0.40771,12.79466,37.3604,3.25134,5.04325,49.96,0624:23:15,1,08
19:48:01,0.14357,219.10,0.40717,12.82185,37.4398,3.25134,5.04325,49.96,0624:23:16,1,08
19:48:02,0.17164,219.10,0.46243,17.404,50.81968,3.25144,5.04325,49.96,0624:23:17,1,08
19:48:05,0.17577,219.30,0.47639,18.38297,53.67828,3.25144,5.04325,49.95,0624:23:20,1,08
19:48:06,0.17521,219.30,0.47454,18.247,53.28125,3.25144,5.04325,49.96,0624:23:21,1,08
19:48:07,0.17699,219.20,0.46954,18.23341,53.24155,3.25144,5.04325,49.95,0624:23:22,1,08
19:48:08,0.1761,219.40,0.46765,18.08384,52.80481,3.25144,5.04325,49.95,0624:23:23,1,08
19:48:10,0.17587,219.40,0.47465,18.32858,53.51946,3.25144,5.04325,49.96,0624:23:25,1,08
19:48:16,0.17633,219.60,0.47368,18.35578,53.59887,3.25144,5.04325,49.97,0624:23:30,1,08
19:48:17,0.17633,219.60,0.47368,18.35578,53.59887,3.25144,5.04325,49.97,0624:23:31,1,08
19:48:18,0.17708,219.50,0.47133,18.32858,53.51946,3.25144,5.04325,49.97,0624:23:32,1,08
19:48:21,0.17638,219.70,0.47265,18.32858,53.51946,3.25144,5.04335,49.97,0624:23:35,1,08
19:48:22,0.17703,219.80,0.47067,18.32858,53.51946,3.25144,5.04335,49.99,0624:23:36,1,08
19:48:23,0.17703,219.80,0.47067,18.32858,53.51946,3.25154,5.04335,49.99,0624:23:37,1,08
19:48:24,0.17624,219.80,0.47193,18.28779,53.40036,3.25154,5.04335,49.99,0624:23:38,1,08
19:48:26,0.1775,219.50,0.47036,18.34218,53.55917,3.25154,5.04335,49.99,0624:23:40,1,08
19:48:28,0.17624,219.50,0.47365,18.32858,53.51946,3.25154,5.04335,50.01,0624:23:42,1,08
19:48:30,0.1761,219.60,0.47224,18.2742,53.36066,3.25154,5.04335,50.00,0624:23:44,1,08
19:48:31,0.17511,219.90,0.47142,18.16542,53.04303,3.25154,5.04335,50.00,0624:23:45,1,08
19:48:33,0.17596,219.60,0.47398,18.32858,53.51946,3.25154,5.04335,50.03,0624:23:47,1,08
19:48:38,0.17497,219.80,0.47456,18.2606,53.32095,3.25154,5.04345,50.04,0624:23:52,1,08
19:48:39,0.1753,219.80,0.47532,18.32858,53.51946,3.25154,5.04345,50.04,0624:23:53,1,08
19:48:40,0.17507,219.80,0.47352,18.23341,53.24155,3.25154,5.04345,50.05,0624:23:54,1,08
19:48:41,0.17507,219.80,0.47352,18.23341,53.24155,3.25154,5.04345,50.05,0624:23:55,1,08
19:48:42,0.1754,219.60,0.47212,18.19262,53.12244,3.25154,5.04345,50.04,0624:23:56,1,08
19:48:45,0.17596,219.90,0.47331,18.32858,53.51946,3.25164,5.04345,50.04,0624:23:59,1,08
19:48:47,0.1753,220.00,0.47252,18.23341,53.24155,3.25164,5.04345,50.04,0624:24:01,1,08
19:48:48,0.17445,220.20,0.47419,18.23341,53.24155,3.25164,5.04345,50.04,0624:24:02,1,08
19:48:49,0.17441,220.20,0.47417,18.21981,53.20185,3.25164,5.04345,50.04,0624:24:03,1,08
19:48:50,0.17497,220.20,0.47355,18.2606,53.32095,3.25164,5.04345,50.03,0624:24:04,1,08
19:48:52,0.17601,220.10,0.47439,18.38297,53.67828,3.25164,5.04345,50.03,0624:24:07,1,08
19:48:53,0.17469,220.10,0.4742,18.247,53.28125,3.25164,5.04345,50.03,0624:24:07,1,08
19:48:55,0.17464,220.00,0.47313,18.19262,53.12244,3.25164,5.04356,50.03,0624:24:09,1,08
19:48:56,0.17638,219.90,0.47197,18.31499,53.47976,3.25164,5.04356,50.03,0624:24:10,1,08
19:48:57,0.1761,219.90,0.47298,18.32858,53.51946,3.25164,5.04356,50.03,0624:24:12,1,08
19:48:58,0.1761,219.90,0.47298,18.32858,53.51946,3.25164,5.04356,50.01,0624:24:12,1,08
19:49:00,0.17521,220.00,0.47073,18.15182,53.00333,3.25164,5.04356,50.01,0624:24:14,1,08
19:49:02,0.17619,219.90,0.47195,18.30139,53.44006,3.25174,5.04356,50.00,0624:24:16,1,08
19:49:03,0.17666,219.60,0.47092,18.2742,53.36066,3.25174,5.04356,50.00,0624:24:18,1,08
19:49:05,0.1761,219.50,0.46941,18.15182,53.00333,3.25174,5.04356,50.00,0624:24:19,1,08
19:49:08,0.17568,219.90,0.4715,18.21981,53.20185,3.25174,5.04356,49.97,0624:24:23,1,08
19:49:10,0.17601,220.10,0.47123,18.2606,53.32095,3.25174,5.04356,49.96,0624:24:24,1,08
19:49:11,0.1781,220.10,0.46983,18.42376,53.79739,3.25174,5.04356,49.96,0624:24:25,1,08
19:49:12,0.17633,220.10,0.47094,18.28779,53.40036,3.25174,5.04366,49.95,0624:24:26,1,08
19:49:14,0.17577,220.00,0.47154,18.247,53.28125,3.25174,5.04366,49.96,0624:24:29,1,08
19:49:16,0.17703,220.20,0.47071,18.35578,53.59887,3.25174,5.04366,49.95,0624:24:30,1,08
19:49:17,0.17629,220.20,0.47164,18.31499,53.47976,3.25174,5.04366,49.95,0624:24:31,1,08
19:49:21,0.17731,220.10,0.46971,18.34218,53.55917,3.25174,5.04366,49.96,0624:24:36,1,08
19:49:22,0.17703,220.10,0.47106,18.36937,53.63857,3.25184,5.04366,49.96,0624:24:36,1,08
19:49:23,0.17685,219.80,0.47098,18.31499,53.47976,3.25184,5.04366,49.96,0624:24:37,1,08
19:49:26,0.17745,219.40,0.46964,18.30139,53.44006,3.25184,5.04366,49.96,0624:24:41,1,08
19:49:27,0.17685,219.50,0.47201,18.34218,53.55917,3.25184,5.04366,49.96,0624:24:42,1,08
19:49:28,0.17708,219.60,0.47065,18.31499,53.47976,3.25184,5.04366,49.97,0624:24:42,1,08
19:49:29,0.17713,219.80,0.47069,18.34218,53.55917,3.25184,5.04376,49.97,0624:24:43,1,08
19:49:31,0.17745,219.80,0.46794,18.2606,53.32095,3.25184,5.04376,49.99,0624:24:46,1,08
19:49:32,0.17708,219.80,0.46823,18.23341,53.24155,3.25184,5.04376,49.97,0624:24:47,1,08
19:49:33,0.17806,219.70,0.4684,18.34218,53.55917,3.25184,5.04376,49.97,0624:24:48,1,08
19:49:34,0.17796,219.70,0.46977,18.38297,53.67828,3.25184,5.04376,50.00,0624:24:48,1,08
19:49:35,0.17666,219.60,0.46952,18.21981,53.20185,3.25184,5.04376,50.00,0624:24:50,1,08
19:49:36,0.17643,219.40,0.46596,18.05664,52.7254,3.25184,5.04376,49.97,0624:24:51,1,08
19:49:37,0.17676,219.50,0.46954,18.23341,53.24155,3.25184,5.04376,49.97,0624:24:52,1,08
19:49:39,0.17866,219.50,0.47228,18.53254,54.11501,3.25184,5.04376,50.00,0624:24:54,1,08
19:49:43,0.17829,220.00,0.46916,18.41016,53.75768,3.25194,5.04376,50.00,0624:24:58,1,08
19:49:45,0.17907,220.00,0.47101,18.55973,54.19442,3.25194,5.04376,50.00,0624:25:00,1,08
19:49:46,0.1793,220.00,0.46866,18.50534,54.0356,3.25194,5.04376,50.00,0624:25:01,1,08
19:49:49,0.17815,219.80,0.47085,18.45096,53.87679,3.25194,5.04386,50.00,0624:25:04,1,08
19:49:50,0.17796,219.70,0.47186,18.46455,53.91649,3.25194,5.04386,50.01,0624:25:05,1,08
19:49:51,0.17745,219.70,0.47073,18.36937,53.63857,3.25194,5.04386,50.03,0624:25:06,1,08
19:49:53,0.17852,219.70,0.4702,18.45096,53.87679,3.25194,5.04386,50.03,0624:25:08,1,08
19:49:55,0.17889,219.90,0.47167,18.55973,54.19442,3.25194,5.04386,50.00,0624:25:10,1,08
19:49:56,0.17889,219.80,0.47028,18.50534,54.0356,3.25194,5.04386,50.01,0624:25:11,1,08
19:49:57,0.17856,219.70,0.4718,18.41016,53.79739,3.25194,5.04386,50.01,0624:25:12,1,08
19:49:58,0.17856,219.70,0.46916,18.41016,53.75768,3.25194,5.04386,50.01,0624:25:13,1,08
19:50:00,0.17986,219.70,0.46664,18.45096,53.87679,3.25194,5.04386,50.00,0624:25:15,1,08
19:50:01,0.17935,219.70,0.47069,18.55973,54.19442,3.25205,5.04386,50.00,0624:25:16,1,08
19:50:02,0.17778,219.70,0.47147,18.42376,53.79739,3.25205,5.04386,50.00,0624:25:17,1,08
19:50:04,0.17852,219.90,0.47057,18.47815,53.9562,3.25205,5.04396,50.00,0624:25:19,1,08
19:50:05,0.1782,220.10,0.4702,18.45096,53.87679,3.25205,5.04396,50.00,0624:25:20,1,08
19:50:06,0.17935,220.10,0.46869,18.51894,54.07531,3.25205,5.04396,50.01,0624:25:21,1,08
19:50:07,0.17783,220.10,0.46942,18.36937,53.63857,3.25205,5.04396,50.00,0624:25:22,1,08
19:50:09,0.1775,219.90,0.46866,18.30139,53.44006,3.25205,5.04396,50.00,0624:25:24,1,08
19:50:10,0.17884,219.90,0.46925,18.46455,53.91649,3.25205,5.04396,49.99,0624:25:25,1,08
19:50:11,0.18004,219.70,0.46875,18.55973,54.19442,3.25205,5.04396,49.97,0624:25:26,1,08
19:50:12,0.17755,219.80,0.47145,18.41016,53.75768,3.25205,5.04396,49.97,0624:25:27,1,08
19:50:15,0.17694,219.80,0.4689,18.247,53.28125,3.25205,5.04396,49.99,0624:25:29,1,08
19:50:18,0.17699,219.90,0.46892,18.2606,53.32095,3.25205,5.04396,49.99,0624:25:32,1,08
19:50:19,0.17731,219.80,0.47106,18.36937,53.63857,3.25205,5.04396,49.99,0624:25:33,1,08
19:50:22,0.17638,219.90,0.46882,18.19262,53.12244,3.25215,5.04396,49.99,0624:25:36,1,08
19:50:23,0.17591,220.00,0.47086,18.23341,53.24155,3.25215,5.04406,49.97,0624:25:37,1,08
19:50:24,0.17605,220.10,0.4716,18.28779,53.40036,3.25215,5.04406,49.97,0624:25:38,1,08
19:50:25,0.17661,220.10,0.47168,18.34218,53.55917,3.25215,5.04406,49.97,0624:25:39,1,08
19:50:27,0.17441,220.20,0.47452,18.23341,53.24155,3.25215,5.04406,49.97,0624:25:41,1,08
19:50:28,0.17441,220.20,0.47452,18.23341,53.24155,3.25215,5.04406,49.97,0624:25:42,1,08
19:50:29,0.1745,220.20,0.47525,18.2742,53.36066,3.25215,5.04406,49.99,0624:25:43,1,08
19:50:31,0.17619,220.20,0.47337,18.36937,53.63857,3.25215,5.04406,49.97,0624:25:45,1,08
19:50:33,0.1769,220.20,0.47418,18.47815,53.9562,3.25215,5.04406,49.97,0624:25:47,1,08
19:50:35,0.17638,220.10,0.47271,18.36937,53.63857,3.25215,5.04406,49.95,0624:25:49,1,08
19:50:36,0.17601,220.10,0.47368,18.35578,53.59887,3.25215,5.04406,49.96,0624:25:50,1,08
19:50:38,0.17483,220.00,0.47456,18.2606,53.32095,3.25215,5.04406,49.96,0624:25:52,1,08
19:50:41,0.17596,220.00,0.47437,18.36937,53.63857,3.25215,5.04417,49.96,0624:25:55,1,08
19:50:42,0.17587,220.10,0.47296,18.31499,53.47976,3.25225,5.04417,49.96,0624:25:56,1,08
19:50:47,0.17502,220.00,0.47671,18.36937,53.63857,3.25225,5.04417,49.97,0624:26:01,1,08
19:50:49,0.17322,220.00,0.47575,18.13823,52.96363,3.25225,5.04417,49.96,0624:26:03,1,08
19:50:50,0.17483,219.90,0.47208,18.16542,53.04303,3.25225,5.04417,49.96,0624:26:04,1,08
19:50:53,0.17511,220.00,0.47671,18.36937,53.63857,3.25225,5.04417,49.96,0624:26:07,1,08
19:50:54,0.17497,220.00,0.47458,18.2742,53.36066,3.25225,5.04417,49.96,0624:26:08,1,08
19:50:56,0.17331,219.50,0.47679,18.15182,53.00333,3.25225,5.04417,49.97,0624:26:10,1,08
19:50:59,0.17422,219.50,0.47726,18.2606,53.32095,3.25225,5.04427,49.97,0624:26:13,1,08
19:51:01,0.17473,219.20,0.47695,18.28779,53.40036,3.25235,5.04427,49.97,0624:26:15,1,08
19:51:03,0.17426,219.30,0.47724,18.247,53.28125,3.25235,5.04427,49.96,0624:26:18,1,08
19:51:05,0.17643,219.40,0.47226,18.28779,53.40036,3.25235,5.04427,49.96,0624:26:19,1,08
19:51:06,0.17699,219.10,0.47267,18.34218,53.55917,3.25235,5.04427,49.96,0624:26:20,1,08
19:51:09,0.17507,218.90,0.47624,18.2606,53.32095,3.25235,5.04427,49.96,0624:26:24,1,08
19:51:10,0.17558,219.20,0.47316,18.21981,53.20185,3.25235,5.04427,49.95,0624:26:24,1,08
19:51:12,0.17633,219.60,0.47754,18.50534,54.0356,3.25235,5.04427,49.97,0624:26:26,1,08
19:51:13,0.17441,219.80,0.47872,18.35578,53.59887,3.25235,5.04427,49.97,0624:26:27,1,08
19:51:15,0.17497,219.60,0.47419,18.23341,53.24155,3.25235,5.04427,49.99,0624:26:30,1,08
19:51:16,0.17436,219.70,0.47693,18.2742,53.36066,3.25235,5.04427,49.97,0624:26:30,1,08
19:51:17,0.17407,219.70,0.47726,18.2606,53.32095,3.25235,5.04437,49.97,0624:26:31,1,08
19:51:18,0.17407,220.00,0.47906,18.35578,53.59887,3.25235,5.04437,49.99,0624:26:32,1,08
19:51:19,0.17431,220.20,0.4784,18.36937,53.63857,3.25235,5.04437,49.99,0624:26:34,1,08
19:51:21,0.17364,220.30,0.47869,18.32858,53.51946,3.25245,5.04437,49.97,0624:26:35,1,08
19:51:24,0.17341,220.30,0.47829,18.2742,53.36066,3.25245,5.04437,49.99,0624:26:38,1,08
19:51:25,0.17384,220.20,0.47693,18.2742,53.36066,3.25245,5.04437,49.99,0624:26:40,1,08
19:51:26,0.1736,220.20,0.47902,18.31499,53.47976,3.25245,5.04437,49.99,0624:26:41,1,08
19:51:27,0.17436,219.90,0.47874,18.36937,53.63857,3.25245,5.04437,49.99,0624:26:42,1,08
19:51:31,0.17384,220.10,0.47727,18.2742,53.36066,3.25245,5.04437,50.00,0624:26:46,1,08
19:51:34,0.17521,219.70,0.47669,18.35578,53.59887,3.25245,5.04437,50.01,0624:26:48,1,08
19:51:37,0.17364,219.40,0.47789,18.21981,53.20185,3.25245,5.04447,50.00,0624:26:52,1,08
19:51:38,0.17364,219.30,0.47752,18.19262,53.12244,3.25245,5.04447,50.00,0624:26:53,1,08
19:51:40,0.17497,219.30,0.47663,18.30139,53.44006,3.25245,5.04447,50.00,0624:26:54,1,08
19:51:41,0.17422,219.30,0.47902,18.31499,53.47976,3.25255,5.04447,50.00,0624:26:56,1,08
19:51:42,0.17426,219.20,0.48009,18.35578,53.59887,3.25255,5.04447,49.99,0624:26:57,1,08
19:51:43,0.1745,219.40,0.478,18.31499,53.47976,3.25255,5.04447,49.99,0624:26:58,1,08
19:51:44,0.1745,219.50,0.47587,18.23341,53.24155,3.25255,5.04447,50.00,0624:26:59,1,08
19:51:48,0.13722,218.90,0.40136,12.06043,35.21645,3.25255,5.04447,49.99,0624:27:03,1,08
19:51:50,0.13602,218.90,0.39909,11.88367,34.70031,3.25255,5.04447,50.00,0624:27:05,1,08
19:51:51,0.13559,218.90,0.39927,11.85647,34.6209,3.25255,5.04447,50.00,0624:27:05,1,08
19:51:53,0.13559,219.10,0.39936,11.87007,34.6606,3.25255,5.04447,50.00,0624:27:08,1,08
19:51:55,0.13553,219.20,0.39936,11.87007,34.6606,3.25255,5.04457,49.99,0624:27:10,1,08
19:51:58,0.13504,219.00,0.40074,11.85647,34.6209,3.25255,5.04457,50.00,0624:27:13,1,08
19:52:03,0.13565,219.10,0.39982,11.88367,34.70031,3.25255,5.04457,50.00,0624:27:18,1,08
19:52:06,0.13529,219.30,0.40064,11.89726,34.74001,3.25255,5.04457,50.01,0624:27:21,1,08
19:52:07,0.13608,219.30,0.39754,11.87007,34.6606,3.25255,5.04457,49.99,0624:27:22,1,08
19:52:10,0.13657,219.40,0.39655,11.88367,34.70031,3.25265,5.04457,49.99,0624:27:24,1,08
19:52:11,0.13584,219.40,0.39827,11.87007,34.6606,3.25265,5.04457,49.99,0624:27:25,1,08
19:52:15,0.13577,219.80,0.39845,11.89726,34.74001,3.25265,5.04468,49.99,0624:27:29,1,08
19:52:18,0.13626,219.70,0.39691,11.88367,34.70031,3.25265,5.04468,50.00,0624:27:32,1,08
19:52:22,0.13559,220.00,0.39663,11.84288,34.5812,3.25265,5.04468,50.00,0624:27:36,1,08
19:52:23,0.13614,220.00,0.39564,11.85647,34.6209,3.25265,5.04468,50.00,0624:27:37,1,08
19:52:25,0.1362,219.60,0.39818,11.91086,34.77971,3.25265,5.04468,50.03,0624:27:39,1,08
19:52:26,0.13572,219.50,0.39827,11.87007,34.6606,3.25265,5.04468,50.00,0624:27:40,1,08
19:52:28,0.13608,219.50,0.39672,11.85647,34.6209,3.25265,5.04468,50.00,0624:27:42,1,08
19:52:29,0.13687,219.50,0.39502,11.87007,34.6606,3.25265,5.04468,50.00,0624:27:43,1,08
19:52:31,0.13632,219.60,0.396,11.85647,34.6209,3.25265,5.04468,49.99,0624:27:45,1,08
19:52:33,0.13584,219.50,0.3979,11.87007,34.6606,3.25265,5.04468,49.99,0624:27:47,1,08
19:52:34,0.13584,219.50,0.3979,11.87007,34.6606,3.25265,5.04468,50.00,0624:27:48,1,08
19:52:37,0.13662,219.80,0.39593,11.89726,34.74001,3.25265,5.04478,50.00,0624:27:51,1,08
19:52:39,0.13914,219.90,0.39742,12.1692,35.53407,3.25275,5.04478,50.01,0624:27:53,1,08
19:52:40,0.13842,220.00,0.4,12.1828,35.57377,3.25275,5.04478,50.01,0624:27:54,1,08
19:52:42,0.1359,220.10,0.39773,11.89726,34.74001,3.25275,5.04478,50.01,0624:27:56,1,08
19:52:43,0.13547,220.20,0.39836,11.88367,34.70031,3.25275,5.04478,50.01,0624:27:57,1,08
19:52:44,0.13602,220.20,0.3961,11.87007,34.6606,3.25275,5.04478,50.00,0624:27:58,1,08
19:52:45,0.1359,220.10,0.39682,11.87007,34.6606,3.25275,5.04478,50.00,0624:27:59,1,08
19:52:46,0.13559,220.10,0.39754,11.87007,34.6606,3.25275,5.04478,50.03,0624:28:00,1,08
19:52:47,0.13577,219.90,0.39627,11.84288,34.5812,3.25275,5.04478,50.03,0624:28:01,1,08
19:52:48,0.13584,220.00,0.39718,11.87007,34.6606,3.25275,5.04478,50.01,0624:28:02,1,08
19:52:49,0.1365,219.90,0.39538,11.87007,34.6606,3.25275,5.04478,50.01,0624:28:03,1,08
19:52:50,0.13584,219.90,0.39672,11.85647,34.6209,3.25275,5.04478,50.01,0624:28:04,1,08
19:52:54,0.13602,220.20,0.39519,11.84288,34.5812,3.25275,5.04478,50.03,0624:28:08,1,08
19:52:57,0.13517,219.70,0.39881,11.84288,34.5812,3.25275,5.04488,50.03,0624:28:11,1,08
19:52:58,0.13559,219.60,0.39781,11.85647,34.6209,3.25275,5.04488,50.01,0624:28:12,1,08
19:53:00,0.13595,219.60,0.39709,11.85647,34.6209,3.25275,5.04488,50.01,0624:28:14,1,08
19:53:01,0.13608,219.60,0.39763,11.88367,34.70031,3.25275,5.04488,50.01,0624:28:15,1,08
19:53:02,0.13535,219.60,0.39945,11.88367,34.70031,3.25275,5.04488,50.01,0624:28:16,1,08
19:53:03,0.13577,219.60,0.39927,11.91086,34.77971,3.25275,5.04488,50.01,0624:28:17,1,08
19:53:05,0.13547,219.80,0.39817,11.85647,34.6209,3.25275,5.04488,50.03,0624:28:19,1,08
19:53:06,0.13498,219.80,0.40009,11.87007,34.6606,3.25275,5.04488,50.03,0624:28:20,1,08
19:53:09,0.13572,219.80,0.39745,11.85647,34.6209,3.25285,5.04488,50.03,0624:28:23,1,08
19:53:10,0.13572,219.90,0.398,11.88367,34.70031,3.25285,5.04488,50.03,0624:28:25,1,08
19:53:12,0.13565,220.00,0.39936,11.92446,34.81942,3.25285,5.04488,50.04,0624:28:26,1,08
19:53:13,0.13584,219.90,0.39627,11.84288,34.5812,3.25285,5.04488,50.04,0624:28:27,1,08
19:53:14,0.13602,219.80,0.39682,11.87007,34.6606,3.25285,5.04488,50.03,0624:28:28,1,08
19:53:16,0.1362,219.70,0.39646,11.87007,34.6606,3.25285,5.04498,50.03,0624:28:31,1,08
19:53:19,0.13644,219.50,0.3961,11.87007,34.6606,3.25285,5.04498,50.03,0624:28:33,1,08
19:53:20,0.13595,219.80,0.39682,11.87007,34.6606,3.25285,5.04498,50.04,0624:28:34,1,08
19:53:21,0.13577,219.90,0.398,11.88367,34.70031,3.25285,5.04498,50.04,0624:28:36,1,08
19:53:22,0.13541,220.10,0.39781,11.85647,34.6209,3.25285,5.04498,50.03,0624:28:37,1,08
19:53:23,0.13572,220.00,0.3949,11.80208,34.46209,3.25285,5.04498,50.03,0624:28:37,1,08
19:53:25,0.13535,220.00,0.39498,11.7613,34.34298,3.25285,5.04498,50.04,0624:28:39,1,08
19:53:26,0.13626,219.70,0.39791,11.92446,34.81942,3.25285,5.04498,50.03,0624:28:41,1,08
19:53:27,0.13541,219.70,0.39817,11.85647,34.6209,3.25285,5.04498,50.03,0624:28:42,1,08
19:53:29,0.13572,219.60,0.39781,11.85647,34.6209,3.25285,5.04498,50.04,0624:28:43,1,08
19:53:30,0.13553,219.70,0.39817,11.85647,34.6209,3.25285,5.04498,50.04,0624:28:44,1,08
19:53:31,0.13517,219.70,0.39881,11.84288,34.5812,3.25285,5.04498,50.04,0624:28:45,1,08
19:53:32,0.13559,219.60,0.39954,11.89726,34.74001,3.25285,5.04498,50.04,0624:28:47,1,08
19:53:35,0.13565,219.40,0.39726,11.82928,34.5415,3.25285,5.04498,50.04,0624:28:49,1,08
19:53:36,0.13559,219.30,0.39808,11.84288,34.5812,3.25285,5.04508,50.04,0624:28:50,1,08
19:53:39,0.1362,219.10,0.39663,11.84288,34.5812,3.25295,5.04508,50.04,0624:28:54,1,08
19:53:40,0.13602,219.30,0.39973,11.92446,34.81942,3.25295,5.04508,50.05,0624:28:55,1,08
19:53:42,0.138,219.20,0.40117,12.14201,35.45466,3.25295,5.04508,50.03,0624:28:56,1,08
19:53:44,0.13541,219.00,0.39917,11.84288,34.5812,3.25295,5.04508,50.04,0624:28:59,1,08
19:53:45,0.13504,219.00,0.40028,11.84288,34.5812,3.25295,5.04508,50.04,0624:29:00,1,08
19:53:46,0.13517,219.00,0.40037,11.85647,34.6209,3.25295,5.04508,50.04,0624:29:01,1,08
19:53:47,0.13517,219.00,0.40037,11.85647,34.6209,3.25295,5.04508,50.04,0624:29:01,1,08
19:53:48,0.13608,219.00,0.39927,11.91086,34.77971,3.25295,5.04508,50.03,0624:29:03,1,08
19:53:50,0.13547,219.20,0.39927,11.85647,34.6209,3.25295,5.04508,50.03,0624:29:05,1,08
19:53:52,0.13687,219.30,0.39583,11.88367,34.70031,3.25295,5.04508,50.03,0624:29:07,1,08
19:53:53,0.13687,219.30,0.39583,11.88367,34.70031,3.25295,5.04508,50.03,0624:29:07,1,08
19:53:54,0.13632,219.50,0.39555,11.84288,34.5812,3.25295,5.04508,50.03,0624:29:09,1,08
19:53:56,0.13687,219.00,0.39438,11.82928,34.5415,3.25295,5.04519,50.01,0624:29:11,1,08
19:53:58,0.1362,219.10,0.39663,11.84288,34.5812,3.25295,5.04519,50.01,0624:29:13,1,08
19:54:01,0.13614,219.10,0.39699,11.84288,34.5812,3.25295,5.04519,50.01,0624:29:16,1,08
19:54:03,0.13602,219.00,0.39781,11.85647,34.6209,3.25295,5.04519,50.00,0624:29:18,1,08
19:54:07,0.13595,219.00,0.39726,11.82928,34.5415,3.25295,5.04519,50.00,0624:29:21,1,08
19:54:08,0.13662,218.80,0.39682,11.87007,34.6606,3.25295,5.04519,49.99,0624:29:22,1,08
19:54:10,0.1359,219.00,0.39909,11.88367,34.70031,3.25305,5.04519,50.00,0624:29:24,1,08
19:54:11,0.1365,219.00,0.39682,11.87007,34.6606,3.25305,5.04519,50.00,0624:29:25,1,08
19:54:12,0.1365,219.00,0.39682,11.87007,34.6606,3.25305,5.04519,50.00,0624:29:26,1,08
19:54:14,0.13722,219.10,0.39376,11.84288,34.5812,3.25305,5.04519,49.99,0624:29:28,1,08
19:54:15,0.13626,219.40,0.39455,11.80208,34.46209,3.25305,5.04519,49.99,0624:29:29,1,08
19:54:19,0.13644,219.50,0.39519,11.84288,34.5812,3.25305,5.04529,49.99,0624:29:33,1,08
19:54:20,0.13602,219.40,0.39617,11.82928,34.5415,3.25305,5.04529,49.99,0624:29:34,1,08
19:54:21,0.13614,219.30,0.39709,11.85647,34.6209,3.25305,5.04529,49.99,0624:29:35,1,08
19:54:23,0.13687,219.50,0.39457,11.85647,34.6209,3.25305,5.04529,49.97,0624:29:37,1,08
19:54:24,0.13687,219.50,0.39457,11.85647,34.6209,3.25305,5.04529,49.99,0624:29:38,1,08
19:54:25,0.13657,219.50,0.39483,11.84288,34.5812,3.25305,5.04529,49.99,0624:29:39,1,08
19:54:26,0.13746,219.40,0.39315,11.85647,34.6209,3.25305,5.04529,50.00,0624:29:40,1,08
19:54:27,0.13722,219.40,0.39395,11.87007,34.6606,3.25305,5.04529,50.00,0624:29:41,1,08
19:54:28,0.13746,219.50,0.39279,11.85647,34.6209,3.25305,5.04529,49.99,0624:29:42,1,08
19:54:30,0.13717,219.60,0.39395,11.87007,34.6606,3.25305,5.04529,50.00,0624:29:44,1,08
19:54:32,0.13729,219.60,0.39315,11.85647,34.6209,3.25305,5.04529,50.00,0624:29:46,1,08
19:54:33,0.13687,219.60,0.39421,11.85647,34.6209,3.25305,5.04529,50.00,0624:29:47,1,08
19:54:40,0.13553,219.80,0.39781,11.85647,34.6209,3.25305,5.04539,50.01,0624:29:54,1,08
19:54:42,0.13662,219.70,0.39502,11.87007,34.6606,3.25315,5.04539,50.01,0624:29:56,1,08
19:54:43,0.13668,219.70,0.39593,11.89726,34.74001,3.25315,5.04539,50.01,0624:29:57,1,08
19:54:46,0.13614,219.70,0.396,11.85647,34.6209,3.25315,5.04539,50.01,0624:30:00,1,08
19:54:47,0.13674,219.70,0.39457,11.85647,34.6209,3.25315,5.04539,50.01,0624:30:01,1,08
19:54:50,0.13644,219.60,0.39438,11.82928,34.5415,3.25315,5.04539,50.04,0624:30:04,1,08
19:54:52,0.13674,219.40,0.39447,11.84288,34.5812,3.25315,5.04539,50.03,0624:30:06,1,08
19:54:53,0.13711,219.40,0.39341,11.84288,34.5812,3.25315,5.04539,50.03,0624:30:07,1,08
19:54:55,0.13668,219.20,0.3961,11.87007,34.6606,3.25315,5.04539,50.03,0624:30:09,1,08
19:54:56,0.13632,219.20,0.39591,11.84288,34.5812,3.25315,5.04549,50.04,0624:30:10,1,08
19:54:57,0.13687,219.20,0.39447,11.84288,34.5812,3.25315,5.04549,50.04,0624:30:11,1,08
19:54:58,0.13692,219.20,0.39447,11.84288,34.5812,3.25315,5.04549,50.03,0624:30:12,1,08
19:54:59,0.1365,219.30,0.396,11.85647,34.6209,3.25315,5.04549,50.03,0624:30:13,1,08
19:55:00,0.13602,219.30,0.39663,11.84288,34.5812,3.25315,5.04549,50.03,0624:30:14,1,08
19:55:02,0.1368,219.50,0.39457,11.85647,34.6209,3.25315,5.04549,50.03,0624:30:16,1,08
19:55:04,0.13602,219.70,0.39627,11.84288,34.5812,3.25315,5.04549,50.03,0624:30:18,1,08
19:55:05,0.13614,219.60,0.39591,11.84288,34.5812,3.25315,5.04549,50.03,0624:30:19,1,08
19:55:06,0.13608,219.50,0.39581,11.82928,34.5415,3.25315,5.04549,50.03,0624:30:20,1,08
19:55:07,0.13565,219.50,0.39735,11.84288,34.5812,3.25315,5.04549,50.03,0624:30:21,1,08
19:55:08,0.13614,219.50,0.39627,11.84288,34.5812,3.25315,5.04549,50.03,0624:30:22,1,08
19:55:09,0.13577,219.40,0.39735,11.84288,34.5812,3.25315,5.04549,50.03,0624:30:23,1,08
19:55:11,0.1362,219.40,0.39627,11.84288,34.5812,3.25315,5.04549,50.01,0624:30:25,1,08
19:55:12,0.13699,219.40,0.39693,11.93806,34.85912,3.25326,5.04549,50.00,0624:30:26,1,08
19:55:17,0.13559,219.70,0.39735,11.84288,34.5812,3.25326,5.04559,50.01,0624:30:31,1,08
19:55:20,0.13517,219.70,0.39844,11.84288,34.5812,3.25326,5.04559,50.00,0624:30:34,1,08
19:55:21,0.13486,219.70,0.39954,11.84288,34.5812,3.25326,5.04559,50.00,0624:30:36,1,08
19:55:24,0.13517,219.70,0.39936,11.87007,34.6606,3.25326,5.04559,49.99,0624:30:38,1,08
19:55:25,0.13511,219.70,0.39881,11.84288,34.5812,3.25326,5.04559,49.99,0624:30:39,1,08
19:55:27,0.13559,219.70,0.39781,11.85647,34.6209,3.25326,5.04559,50.00,0624:30:42,1,08
19:55:28,0.13541,219.70,0.39899,11.87007,34.6606,3.25326,5.04559,49.99,0624:30:43,1,08
19:55:30,0.13419,219.70,0.40129,11.82928,34.5415,3.25326,5.04559,49.97,0624:30:44,1,08
19:55:31,0.1348,219.70,0.39991,11.84288,34.5812,3.25326,5.04559,49.97,0624:30:45,1,08
19:55:34,0.13565,219.20,0.39808,11.84288,34.5812,3.25326,5.04559,49.97,0624:30:49,1,08
19:55:35,0.13565,219.20,0.39808,11.84288,34.5812,3.25326,5.04559,49.97,0624:30:49,1,08
19:55:36,0.13595,219.20,0.39827,11.87007,34.6606,3.25326,5.04559,49.97,0624:30:50,1,08
19:55:37,0.13608,219.20,0.39663,11.84288,34.5812,3.25326,5.04569,49.97,0624:30:51,1,08
19:55:40,0.13522,218.90,0.39807,11.78849,34.42239,3.25326,5.04569,49.97,0624:30:55,1,08
19:55:41,0.13522,218.90,0.39807,11.78849,34.42239,3.25326,5.04569,49.97,0624:30:55,1,08
19:55:42,0.13577,218.50,0.39881,11.84288,34.5812,3.25336,5.04569,49.97,0624:30:56,1,08
19:55:44,0.13517,218.60,0.40064,11.84288,34.5812,3.25336,5.04569,49.97,0624:30:59,1,08
19:55:45,0.13437,218.50,0.40324,11.84288,34.5812,3.25336,5.04569,49.96,0624:31:00,1,08
19:55:46,0.13449,218.60,0.40481,11.91086,34.77971,3.25336,5.04569,49.96,0624:31:01,1,08
19:55:49,0.13498,217.90,0.4025,11.84288,34.5812,3.25336,5.04569,49.97,0624:31:04,1,08
19:55:52,0.13455,218.60,0.40342,11.87007,34.6606,3.25336,5.04569,49.96,0624:31:07,1,08
19:55:53,0.13455,218.60,0.40342,11.87007,34.6606,3.25336,5.04569,49.96,0624:31:07,1,08
19:55:58,0.1359,219.10,0.39918,11.89726,34.74001,3.25336,5.04579,49.96,0624:31:13,1,08
19:56:00,0.13572,219.20,0.39909,11.88367,34.70031,3.25336,5.04579,49.99,0624:31:15,1,08
19:56:03,0.13535,219.20,0.39917,11.84288,34.5812,3.25336,5.04579,49.97,0624:31:17,1,08
19:56:04,0.13553,219.10,0.3989,11.85647,34.6209,3.25336,5.04579,49.97,0624:31:18,1,08
19:56:05,0.13553,219.10,0.3989,11.85647,34.6209,3.25336,5.04579,49.97,0624:31:18,1,08
19:56:07,0.13565,219.20,0.39762,11.82928,34.5415,3.25336,5.04579,49.99,0624:31:21,1,08
19:56:08,0.13504,219.30,0.39817,11.80208,34.46209,3.25336,5.04579,50.00,0624:31:22,1,08
19:56:09,0.13529,219.30,0.39789,11.81568,34.50179,3.25336,5.04579,50.00,0624:31:23,1,08
19:56:10,0.13535,219.20,0.39789,11.81568,34.50179,3.25336,5.04579,50.00,0624:31:24,1,08
19:56:12,0.13632,219.60,0.39782,11.91086,34.77971,3.25336,5.04579,50.00,0624:31:26,1,08
19:56:13,0.13577,219.40,0.39781,11.85647,34.6209,3.25346,5.04579,50.00,0624:31:27,1,08
19:56:16,0.13626,219.60,0.396,11.85647,34.6209,3.25346,5.04579,50.01,0624:31:30,1,08
19:56:19,0.1359,219.60,0.39709,11.85647,34.6209,3.25346,5.04589,50.01,0624:31:33,1,08
19:56:23,0.13511,219.50,0.39872,11.82928,34.5415,3.25346,5.04589,50.04,0624:31:37,1,08
19:56:24,0.13577,219.40,0.3969,11.82928,34.5415,3.25346,5.04589,50.03,0624:31:38,1,08
19:56:25,0.13565,219.30,0.39762,11.82928,34.5415,3.25346,5.04589,50.03,0624:31:39,1,08
19:56:29,0.13541,219.30,0.39844,11.84288,34.5812,3.25346,5.04589,50.03,0624:31:43,1,08
19:56:30,0.13529,219.30,0.39789,11.81568,34.50179,3.25346,5.04589,50.03,0624:31:44,1,08
19:56:31,0.13565,219.30,0.3968,11.81568,34.50179,3.25346,5.04589,50.03,0624:31:45,1,08
19:56:33,0.13449,219.10,0.40129,11.82928,34.5415,3.25346,5.04589,50.01,0624:31:47,1,08
19:56:34,0.13455,219.20,0.40092,11.82928,34.5415,3.25346,5.04589,50.03,0624:31:48,1,08
19:56:35,0.13486,219.00,0.40018,11.82928,34.5415,3.25346,5.04589,50.03,0624:31:49,1,08
19:56:37,0.1348,219.50,0.40037,11.85647,34.6209,3.25346,5.04589,50.03,0624:31:51,1,08
19:56:39,0.13498,219.50,0.39862,11.81568,34.50179,3.25346,5.046,50.03,0624:31:53,1,08
19:56:40,0.13504,219.40,0.39908,11.82928,34.5415,3.25346,5.046,50.01,0624:31:54,1,08
19:56:41,0.13541,219.40,0.39844,11.84288,34.5812,3.25346,5.046,50.01,0624:31:55,1,08
19:56:43,0.13474,219.50,0.39982,11.82928,34.5415,3.25346,5.046,50.01,0624:31:57,1,08
19:56:44,0.13529,219.50,0.3989,11.85647,34.6209,3.25356,5.046,50.03,0624:31:58,1,08
19:56:45,0.13547,219.60,0.39854,11.85647,34.6209,3.25356,5.046,50.03,0624:31:59,1,08
19:56:46,0.13559,219.60,0.39635,11.80208,34.46209,3.25356,5.046,50.01,0624:32:00,1,08
19:56:47,0.13547,219.50,0.39762,11.82928,34.5415,3.25356,5.046,50.01,0624:32:01,1,08
19:56:49,0.13529,219.50,0.3989,11.85647,34.6209,3.25356,5.046,50.01,0624:32:03,1,08
19:56:50,0.13572,219.70,0.39881,11.89726,34.74001,3.25356,5.046,50.00,0624:32:04,1,08
19:56:51,0.13807,219.70,0.40054,12.1556,35.49436,3.25356,5.046,50.00,0624:32:05,1,08
19:56:52,0.13504,219.70,0.39917,11.84288,34.5812,3.25356,5.046,50.01,0624:32:06,1,08
19:56:57,0.13572,219.50,0.39781,11.85647,34.6209,3.25356,5.046,49.99,0624:32:11,1,08
19:56:59,0.13577,219.40,0.3969,11.82928,34.5415,3.25356,5.0461,50.00,0624:32:13,1,08
19:57:00,0.1362,219.40,0.39672,11.85647,34.6209,3.25356,5.0461,49.99,0624:32:14,1,08
19:57:01,0.13662,219.30,0.39393,11.81568,34.50179,3.25356,5.0461,49.99,0624:32:15,1,08
19:57:02,0.13644,219.40,0.39555,11.84288,34.5812,3.25356,5.0461,49.97,0624:32:16,1,08
19:57:03,0.13595,219.40,0.39699,11.84288,34.5812,3.25356,5.0461,49.97,0624:32:17,1,08
19:57:04,0.13602,219.50,0.39663,11.84288,34.5812,3.25356,5.0461,49.97,0624:32:18,1,08
19:57:05,0.13632,219.50,0.39555,11.84288,34.5812,3.25356,5.0461,49.97,0624:32:19,1,08
19:57:08,0.13572,219.60,0.39735,11.84288,34.5812,3.25356,5.0461,49.97,0624:32:22,1,08
19:57:09,0.1362,219.50,0.39591,11.84288,34.5812,3.25356,5.0461,49.97,0624:32:23,1,08
19:57:10,0.1362,219.50,0.39636,11.85647,34.6209,3.25356,5.0461,49.96,0624:32:24,1,08
19:57:12,0.13632,219.40,0.39682,11.87007,34.6606,3.25356,5.0461,49.96,0624:32:26,1,08
19:57:16,0.13602,219.90,0.39591,11.84288,34.5812,3.25366,5.0461,49.95,0624:32:30,1,08
19:57:18,0.1359,219.80,0.39627,11.84288,34.5812,3.25366,5.0461,49.97,0624:32:32,1,08
19:57:19,0.13632,219.70,0.39564,11.85647,34.6209,3.25366,5.0462,49.97,0624:32:33,1,08
19:57:21,0.13692,219.50,0.39467,11.87007,34.6606,3.25366,5.0462,49.97,0624:32:35,1,08
19:57:22,0.1359,219.50,0.39562,11.80208,34.46209,3.25366,5.0462,49.97,0624:32:36,1,08
19:57:23,0.13662,219.30,0.39247,11.7613,34.34298,3.25366,5.0462,49.97,0624:32:37,1,08
19:57:24,0.13662,219.10,0.396,11.85647,34.6209,3.25366,5.0462,49.97,0624:32:38,1,08
19:57:26,0.13699,219.20,0.39502,11.87007,34.6606,3.25366,5.0462,49.97,0624:32:41,1,08
19:57:27,0.13699,219.20,0.39502,11.87007,34.6606,3.25366,5.0462,49.97,0624:32:41,1,08
19:57:28,0.13657,219.40,0.39428,11.81568,34.50179,3.25366,5.0462,49.99,0624:32:42,1,08
19:57:29,0.13644,219.40,0.396,11.85647,34.6209,3.25366,5.0462,49.99,0624:32:43,1,08
19:57:30,0.13657,219.50,0.39483,11.84288,34.5812,3.25366,5.0462,49.99,0624:32:44,1,08
19:57:33,0.13626,219.30,0.39672,11.85647,34.6209,3.25366,5.0462,49.97,0624:32:47,1,08
19:57:34,0.13608,219.30,0.39617,11.82928,34.5415,3.25366,5.0462,49.99,0624:32:48,1,08
19:57:36,0.13595,218.90,0.39543,11.77489,34.38269,3.25366,5.0462,49.99,0624:32:51,1,08
19:57:37,0.13614,219.00,0.39654,11.82928,34.5415,3.25366,5.0462,50.00,0624:32:52,1,08
19:57:38,0.13595,219.20,0.39827,11.87007,34.6606,3.25366,5.0462,50.00,0624:32:53,1,08
19:57:39,0.13595,219.20,0.39827,11.87007,34.6606,3.25366,5.0463,50.00,0624:32:53,1,08
19:57:42,0.13584,218.80,0.39762,11.82928,34.5415,3.25366,5.0463,50.00,0624:32:57,1,08
19:57:45,0.13638,219.00,0.39627,11.84288,34.5812,3.25376,5.0463,50.01,0624:32:59,1,08
19:57:46,0.13584,219.30,0.39735,11.84288,34.5812,3.25376,5.0463,50.01,0624:33:00,1,08
19:57:47,0.13608,219.40,0.39718,11.87007,34.6606,3.25376,5.0463,50.01,0624:33:01,1,08
19:57:48,0.13584,219.40,0.3969,11.82928,34.5415,3.25376,5.0463,50.01,0624:33:03,1,08
19:57:49,0.13614,219.40,0.39581,11.82928,34.5415,3.25376,5.0463,50.01,0624:33:04,1,08
19:57:51,0.13584,219.20,0.39644,11.81568,34.50179,3.25376,5.0463,50.01,0624:33:05,1,08
19:57:52,0.13547,219.10,0.39881,11.84288,34.5812,3.25376,5.0463,50.03,0624:33:06,1,08
19:57:53,0.13692,219.20,0.39629,11.89726,34.74001,3.25376,5.0463,50.04,0624:33:08,1,08
19:57:54,0.13896,219.50,0.3984,12.1556,35.49436,3.25376,5.0463,50.04,0624:33:09,1,08
19:57:56,0.1362,219.60,0.39636,11.85647,34.6209,3.25376,5.0463,50.03,0624:33:11,1,08
19:57:59,0.13602,219.00,0.39644,11.81568,34.50179,3.25376,5.0464,50.03,0624:33:14,1,08
19:58:04,0.13547,218.80,0.39872,11.82928,34.5415,3.25376,5.0464,50.04,0624:33:17,1,08
19:58:06,0.13504,219.40,0.4,11.85647,34.6209,3.25376,5.0464,50.04,0624:33:20,1,08
19:58:07,0.13504,219.30,0.40037,11.85647,34.6209,3.25376,5.0464,50.04,0624:33:21,1,08
19:58:09,0.13565,219.20,0.40128,11.93806,34.85912,3.25376,5.0464,50.04,0624:33:23,1,08
19:58:11,0.13461,219.20,0.40147,11.85647,34.6209,3.25376,5.0464,50.03,0624:33:25,1,08
19:58:12,0.13626,219.30,0.40355,12.06043,35.21645,3.25376,5.0464,50.04,0624:33:26,1,08
19:58:14,0.13517,219.20,0.39862,11.81568,34.50179,3.25376,5.0464,50.03,0624:33:28,1,08
19:58:15,0.13614,219.10,0.39699,11.84288,34.5812,3.25376,5.0464,50.03,0624:33:29,1,08
19:58:19,0.17197,219.40,0.4676,17.66234,51.57403,3.25386,5.0464,50.03,0624:33:33,1,08
19:58:21,0.16863,219.80,0.47251,17.52637,51.17699,3.25386,5.04651,50.01,0624:33:35,1,08
19:58:22,0.17068,219.70,0.47136,17.67593,51.61373,3.25386,5.04651,50.03,0624:33:36,1,08
19:58:24,0.17192,219.70,0.46835,17.70313,51.69313,3.25386,5.04651,50.01,0624:33:38,1,08
19:58:26,0.1697,219.50,0.46827,17.45838,50.97848,3.25386,5.04651,50.01,0624:33:40,1,08
19:58:28,0.17096,219.90,0.46927,17.64874,51.53432,3.25386,5.04651,50.01,0624:33:42,1,08
19:58:30,0.17121,219.80,0.46751,17.60795,51.41521,3.25386,5.04651,50.03,0624:33:44,1,08
19:58:32,0.17115,219.90,0.46643,17.56716,51.2961,3.25386,5.04651,50.01,0624:33:46,1,08
19:58:33,0.17145,219.70,0.46789,17.63515,51.49463,3.25386,5.04651,50.01,0624:33:47,1,08
19:58:34,0.17288,219.70,0.46457,17.64874,51.53432,3.25386,5.04651,50.01,0624:33:48,1,08
19:58:38,0.19715,219.80,0.5,21.67341,63.28637,3.25396,5.04661,50.01,0624:33:52,1,08
19:58:39,0.19823,219.80,0.4975,21.68701,63.32607,3.25396,5.04661,50.01,0624:33:53,1,08
19:58:40,0.19576,219.90,0.49811,21.45586,62.65112,3.25396,5.04661,50.01,0624:33:54,1,08
19:58:43,0.23042,219.80,0.51556,26.13319,76.30891,3.25396,5.04661,50.00,0624:33:57,1,08
19:58:44,0.231,219.80,0.51552,26.20117,76.50742,3.25396,5.04661,50.00,0624:33:58,1,08
19:58:45,0.22974,219.90,0.51506,26.03801,76.03099,3.25396,5.04661,50.00,0624:33:59,1,08
19:58:46,0.22959,220.00,0.51938,26.24196,76.62653,3.25396,5.04661,50.00,0624:34:00,1,08
19:58:47,0.22982,220.00,0.51801,26.20117,76.50742,3.25396,5.04661,50.00,0624:34:01,1,08
19:58:48,0.22924,220.00,0.51805,26.14678,76.34861,3.25396,5.04661,50.01,0624:34:02,1,08
19:58:49,0.23131,219.90,0.51683,26.30995,76.82505,3.25396,5.04661,50.01,0624:34:03,1,08
19:58:50,0.2311,219.90,0.51791,26.33714,76.90446,3.25396,5.04661,49.99,0624:34:04,1,08
19:58:52,0.2311,220.10,0.51523,26.21477,76.54713,3.25407,5.04661,49.99,0624:34:06,1,08
19:58:53,0.24924,220.10,0.51933,28.49904,83.21721,3.25407,5.04671,49.99,0624:34:07,1,08
19:58:54,0.25043,220.10,0.51971,28.6758,83.73335,3.25407,5.04671,49.99,0624:34:08,1,08
19:58:55,0.25102,220.10,0.51845,28.66221,83.69365,3.25407,5.04671,49.99,0624:34:09,1,08
19:58:57,0.2506,220.10,0.52069,28.74379,83.93186,3.25407,5.04671,49.97,0624:34:11,1,08
19:58:58,0.24758,220.20,0.51969,28.34948,82.78048,3.25407,5.04671,49.97,0624:34:12,1,08
19:58:59,0.24822,220.20,0.51865,28.36308,82.82018,3.25407,5.04671,49.97,0624:34:13,1,08
19:59:00,0.24928,220.30,0.51732,28.43106,83.01869,3.25407,5.04671,49.99,0624:34:14,1,08
19:59:01,0.24895,220.40,0.51659,28.36308,82.82018,3.25407,5.04671,49.99,0624:34:15,1,08
19:59:04,0.24924,220.50,0.51929,28.55343,83.37602,3.25417,5.04671,50.00,0624:34:18,1,08
19:59:10,0.24655,220.40,0.52225,28.40387,82.93929,3.25417,5.04681,50.03,0624:34:24,1,08
19:59:11,0.24758,220.40,0.52266,28.53983,83.33631,3.25417,5.04681,50.03,0624:34:25,1,08
19:59:12,0.24808,220.20,0.52164,28.51264,83.25692,3.25417,5.04681,50.03,0624:34:26,1,08
19:59:13,0.24791,220.20,0.52489,28.6758,83.73335,3.25417,5.04681,50.03,0624:34:27,1,08
19:59:15,0.24782,219.80,0.52194,28.45825,83.0981,3.25417,5.04681,50.04,0624:34:29,1,08
19:59:17,0.24782,219.80,0.52121,28.40387,82.93929,3.25427,5.04681,50.04,0624:34:31,1,08
19:59:18,0.24891,219.70,0.52037,28.48545,83.1775,3.25427,5.04681,50.05,0624:34:32,1,08
19:59:21,0.25043,219.70,0.51705,28.45825,83.0981,3.25427,5.04691,50.04,0624:34:36,1,08
19:59:22,0.25043,219.70,0.51705,28.45825,83.0981,3.25427,5.04691,50.04,0624:34:36,1,08
19:59:23,0.24872,219.60,0.52065,28.45825,83.0981,3.25427,5.04691,50.04,0624:34:37,1,08
19:59:24,0.25106,219.60,0.51799,28.58062,83.45542,3.25427,5.04691,50.03,0624:34:38,1,08
19:59:25,0.25126,219.60,0.51749,28.56703,83.41573,3.25427,5.04691,50.03,0624:34:39,1,08
19:59:26,0.25109,219.50,0.51824,28.58062,83.45542,3.25427,5.04691,50.03,0624:34:40,1,08
19:59:27,0.25109,219.50,0.51824,28.58062,83.45542,3.25427,5.04691,50.03,0624:34:41,1,08
19:59:29,0.25003,219.70,0.51632,28.39027,82.89958,3.25437,5.04691,50.03,0624:34:43,1,08
19:59:30,0.25083,219.80,0.51676,28.51264,83.25692,3.25437,5.04691,50.03,0624:34:44,1,08
19:59:31,0.24814,219.70,0.5157,28.13193,82.14523,3.25437,5.04691,50.03,0624:34:45,1,08
19:59:32,0.24768,219.70,0.52048,28.33588,82.74078,3.25437,5.04691,50.03,0624:34:47,1,08
19:59:33,0.24768,219.70,0.52048,28.33588,82.74078,3.25437,5.04691,50.03,0624:34:47,1,08
19:59:34,0.24954,219.70,0.51734,28.39027,82.89958,3.25437,5.04701,50.01,0624:34:48,1,08
19:59:39,0.25089,219.80,0.51676,28.51264,83.25692,3.25437,5.04701,50.01,0624:34:53,1,08
19:59:40,0.2505,219.90,0.51653,28.47185,83.13781,3.25437,5.04701,50.04,0624:34:54,1,08
19:59:42,0.25607,220.00,0.51664,29.1245,85.04354,3.25447,5.04701,50.03,0624:34:56,1,08
19:59:48,0.27742,219.60,0.52007,31.7079,92.58708,3.25447,5.04711,50.03,0624:35:02,1,08
19:59:49,0.27861,219.50,0.51956,31.78949,92.82531,3.25447,5.04711,50.04,0624:35:04,1,08
19:59:50,0.27893,219.40,0.51976,31.83028,92.94441,3.25447,5.04711,50.04,0624:35:05,1,08
19:59:51,0.27893,219.40,0.51976,31.83028,92.94441,3.25447,5.04711,50.04,0624:35:05,1,08
19:59:52,0.27655,219.50,0.52059,31.62633,92.34888,3.25447,5.04711,50.03,0624:35:06,1,08
19:59:53,0.27981,219.60,0.51989,31.97984,93.38114,3.25457,5.04711,50.04,0624:35:07,1,08
19:59:55,0.27754,219.60,0.51806,31.59913,92.26947,3.25457,5.04711,50.03,0624:35:10,1,08
19:59:58,0.27789,219.60,0.51981,31.7487,92.70619,3.25457,5.04711,50.03,0624:35:11,1,08
20:00:03,0.27373,219.50,0.52804,31.7487,92.70619,3.25457,5.04722,50.03,0624:35:17,1,08
20:00:04,0.27373,219.50,0.52804,31.7487,92.70619,3.25457,5.04722,50.03,0624:35:17,1,08
20:00:06,0.27527,219.20,0.52793,31.87107,93.06352,3.25467,5.04722,50.01,0624:35:20,1,08
20:00:07,0.27638,219.10,0.52356,31.7215,92.62679,3.25467,5.04722,50.01,0624:35:21,1,08
20:00:10,0.27825,219.30,0.51849,31.65352,92.42827,3.25467,5.04722,50.00,0624:35:23,1,08
20:00:11,0.27754,219.30,0.51897,31.61273,92.30917,3.25467,5.04722,50.00,0624:35:25,1,08
20:00:12,0.27952,219.30,0.52129,31.96624,93.34143,3.25467,5.04722,50.00,0624:35:26,1,08
20:00:13,0.2807,219.40,0.51898,31.97984,93.38114,3.25467,5.04732,50.00,0624:35:27,1,08
20:00:14,0.17889,219.30,0.45187,17.74392,51.81224,3.25467,5.04732,49.99,0624:35:28,1,08
20:00:15,0.15797,219.40,0.43647,15.13332,44.18929,3.25467,5.04732,49.99,0624:35:29,1,08
20:00:18,0.1362,219.40,0.39955,11.95165,34.89882,3.25467,5.04732,49.96,0624:35:32,1,08
20:00:19,0.13608,219.70,0.39955,11.95165,34.89882,3.25467,5.04732,49.96,0624:35:33,1,08
20:00:22,0.13595,219.80,0.39809,11.89726,34.74001,3.25478,5.04732,49.95,0624:35:36,1,08
20:00:23,0.13565,219.80,0.39881,11.89726,34.74001,3.25478,5.04732,49.95,0624:35:37,1,08
20:00:24,0.13517,219.60,0.39606,11.7613,34.34298,3.25478,5.04732,49.95,0624:35:38,1,08
20:00:26,0.13565,219.80,0.3979,11.87007,34.6606,3.25478,5.04732,49.97,0624:35:40,1,08
20:00:28,0.13572,220.00,0.39754,11.87007,34.6606,3.25478,5.04732,49.96,0624:35:42,1,08
20:00:29,0.13529,220.10,0.39918,11.89726,34.74001,3.25478,5.04732,49.96,0624:35:43,1,08
20:00:31,0.14242,220.10,0.40937,12.83545,37.4795,3.25478,5.04732,49.97,0624:35:45,1,08
20:00:33,0.17492,220.10,0.47354,18.247,53.28125,3.25478,5.04742,49.97,0624:35:47,1,08
20:00:38,0.17582,220.20,0.47296,18.31499,53.47976,3.25478,5.04742,49.99,0624:35:52,1,08
20:00:39,0.17563,220.10,0.47468,18.35578,53.59887,3.25478,5.04742,49.99,0624:35:53,1,08
20:00:40,0.17464,220.20,0.4735,18.21981,53.20185,3.25478,5.04742,50.00,0624:35:54,1,08
20:00:42,0.17549,220.20,0.47117,18.21981,53.20185,3.25478,5.04742,50.00,0624:35:56,1,08
20:00:43,0.17516,220.40,0.47324,18.2742,53.36066,3.25478,5.04742,50.00,0624:35:57,1,08
20:00:45,0.17572,220.50,0.473,18.34218,53.55917,3.25488,5.04742,50.01,0624:35:59,1,08
20:00:46,0.17516,220.60,0.47257,18.2742,53.36066,3.25488,5.04742,50.03,0624:36:00,1,08
20:00:48,0.1746,220.40,0.47281,18.20621,53.16214,3.25488,5.04742,50.04,0624:36:02,1,08
20:00:49,0.17469,220.40,0.47389,18.2606,53.32095,3.25488,5.04742,50.04,0624:36:03,1,08
20:00:50,0.17497,220.30,0.47567,18.34218,53.55917,3.25488,5.04742,50.04,0624:36:04,1,08
20:00:52,0.17545,220.30,0.47187,18.247,53.28125,3.25488,5.04752,50.05,0624:36:06,1,08
20:00:57,0.17614,220.20,0.47197,18.31499,53.47976,3.25488,5.04752,50.05,0624:36:11,1,08
20:00:58,0.17455,220.20,0.4756,18.28779,53.40036,3.25488,5.04752,50.04,0624:36:12,1,08
20:00:59,0.17516,220.20,0.47393,18.28779,53.40036,3.25488,5.04752,50.04,0624:36:13,1,08
20:01:08,0.1754,220.30,0.47433,18.34218,53.55917,3.25498,5.04752,50.04,0624:36:22,1,08
20:01:10,0.17455,220.40,0.47244,18.17902,53.08273,3.25498,5.04763,50.05,0624:36:24,1,08
20:01:11,0.17507,220.30,0.47146,18.19262,53.12244,3.25498,5.04763,50.05,0624:36:25,1,08
20:01:12,0.17652,220.40,0.46995,18.28779,53.40036,3.25498,5.04763,50.04,0624:36:26,1,08
20:01:16,0.17516,220.30,0.47289,18.2606,53.32095,3.25498,5.04763,50.04,0624:36:30,1,08
20:01:17,0.17614,220.30,0.47164,18.31499,53.47976,3.25498,5.04763,50.04,0624:36:31,1,08
20:01:19,0.17426,220.30,0.47523,18.2606,53.32095,3.25498,5.04763,50.03,0624:36:33,1,08
20:01:21,0.17572,220.30,0.47367,18.34218,53.55917,3.25498,5.04763,50.03,0624:36:35,1,08
20:01:23,0.17473,220.30,0.47352,18.23341,53.24155,3.25498,5.04763,50.04,0624:36:37,1,08
20:01:25,0.17582,220.00,0.47331,18.32858,53.51946,3.25508,5.04763,50.03,0624:36:39,1,08
20:01:29,0.17511,220.00,0.47318,18.23341,53.24155,3.25508,5.04773,50.01,0624:36:43,1,08
20:01:30,0.17558,219.70,0.47218,18.23341,53.24155,3.25508,5.04773,50.03,0624:36:44,1,08
20:01:31,0.17582,219.80,0.47293,18.28779,53.40036,3.25508,5.04773,50.01,0624:36:45,1,08
20:01:32,0.17582,219.80,0.47293,18.28779,53.40036,3.25508,5.04773,50.01,0624:36:46,1,08
20:01:33,0.17619,219.70,0.47298,18.32858,53.51946,3.25508,5.04773,50.01,0624:36:47,1,08
20:01:35,0.17572,219.60,0.47077,18.17902,53.08273,3.25508,5.04773,50.00,0624:36:49,1,08
20:01:37,0.17492,219.60,0.47488,18.247,53.28125,3.25508,5.04773,49.99,0624:36:52,1,08
20:01:38,0.17492,219.60,0.47488,18.247,53.28125,3.25508,5.04773,49.99,0624:36:52,1,08
20:01:39,0.17549,219.60,0.47461,18.30139,53.44006,3.25508,5.04773,49.99,0624:36:53,1,08
20:01:40,0.17614,219.50,0.47435,18.35578,53.59887,3.25508,5.04773,49.99,0624:36:54,1,08
20:01:41,0.17601,219.60,0.47187,18.247,53.28125,3.25508,5.04773,49.99,0624:36:55,1,08
20:01:43,0.17535,219.40,0.47173,18.15182,53.00333,3.25508,5.04773,49.97,0624:36:58,1,08
20:01:44,0.17535,219.40,0.47173,18.15182,53.00333,3.25518,5.04773,49.97,0624:36:58,1,08
20:01:45,0.17549,219.40,0.47459,18.28779,53.40036,3.25518,5.04783,49.97,0624:36:59,1,08
20:01:46,0.17568,219.30,0.47426,18.28779,53.40036,3.25518,5.04783,49.96,0624:37:00,1,08
20:01:47,0.17511,219.30,0.47452,18.23341,53.24155,3.25518,5.04783,49.97,0624:37:01,1,08
20:01:49,0.17521,219.40,0.47454,18.247,53.28125,3.25518,5.04783,49.97,0624:37:04,1,08
20:01:50,0.17521,219.40,0.47454,18.247,53.28125,3.25518,5.04783,49.97,0624:37:04,1,08
20:01:56,0.1768,219.80,0.47063,18.30139,53.44006,3.25518,5.04783,49.97,0624:37:10,1,08
20:01:57,0.1768,219.80,0.47063,18.30139,53.44006,3.25518,5.04783,49.97,0624:37:10,1,08
20:01:58,0.17545,220.00,0.47535,18.35578,53.59887,3.25518,5.04783,49.97,0624:37:11,1,08
20:01:59,0.17572,220.00,0.47294,18.30139,53.44006,3.25518,5.04783,49.97,0624:37:12,1,08
20:02:00,0.1745,220.00,0.47417,18.21981,53.20185,3.25518,5.04783,49.99,0624:37:14,1,08
20:02:01,0.17708,219.90,0.47069,18.34218,53.55917,3.25518,5.04783,49.99,0624:37:15,1,08
20:02:02,0.17708,219.90,0.47069,18.34218,53.55917,3.25518,5.04783,49.99,0624:37:15,1,08
20:02:03,0.17545,219.70,0.47357,18.2742,53.36066,3.25518,5.04783,49.99,0624:37:16,1,08
20:02:04,0.1753,219.80,0.47179,18.19262,53.12244,3.25518,5.04793,49.99,0624:37:17,1,08
20:02:06,0.17731,219.90,0.47491,18.53254,54.11501,3.25528,5.04793,50.00,0624:37:20,1,08
20:02:07,0.17507,219.80,0.47422,18.2606,53.32095,3.25528,5.04793,50.00,0624:37:21,1,08
20:02:08,0.17469,219.80,0.47452,18.23341,53.24155,3.25528,5.04793,50.00,0624:37:21,1,08
20:02:10,0.1754,219.80,0.47567,18.34218,53.55917,3.25528,5.04793,49.99,0624:37:24,1,08
20:02:11,0.17699,219.60,0.47133,18.32858,53.51946,3.25528,5.04793,49.99,0624:37:25,1,08
20:02:12,0.17676,219.60,0.47374,18.39657,53.71798,3.25528,5.04793,50.00,0624:37:26,1,08
20:02:13,0.17605,219.60,0.47119,18.23341,53.24155,3.25528,5.04793,50.00,0624:37:27,1,08
20:02:14,0.17582,219.50,0.47148,18.20621,53.16214,3.25528,5.04793,50.01,0624:37:27,1,08
20:02:17,0.17629,219.70,0.47298,18.32858,53.51946,3.25528,5.04793,50.00,0624:37:31,1,08
20:02:18,0.17633,219.70,0.47088,18.247,53.28125,3.25528,5.04793,50.01,0624:37:32,1,08
20:02:19,0.17545,219.60,0.47177,18.17902,53.08273,3.25528,5.04793,50.01,0624:37:33,1,08
20:02:21,0.17596,219.70,0.47222,18.2606,53.32095,3.25528,5.04803,50.01,0624:37:34,1,08
20:02:22,0.17614,219.80,0.47368,18.35578,53.59887,3.25528,5.04803,50.01,0624:37:36,1,08
20:02:23,0.17591,219.70,0.47222,18.2606,53.32095,3.25528,5.04803,50.01,0624:37:37,1,08
20:02:24,0.1754,219.80,0.47252,18.23341,53.24155,3.25538,5.04803,50.03,0624:37:38,1,08
20:02:25,0.17582,219.90,0.47082,18.20621,53.16214,3.25538,5.04803,50.03,0624:37:39,1,08
20:02:27,0.17577,219.60,0.4743,18.31499,53.47976,3.25538,5.04803,50.03,0624:37:41,1,08
20:02:28,0.17945,219.60,0.4731,18.65491,54.47233,3.25538,5.04803,50.03,0624:37:42,1,08
20:02:29,0.18031,219.60,0.47083,18.65491,54.47233,3.25538,5.04803,50.03,0624:37:43,1,08
20:02:30,0.1761,219.60,0.47119,18.23341,53.24155,3.25538,5.04803,50.04,0624:37:44,1,08
20:02:32,0.1753,219.50,0.47528,18.30139,53.44006,3.25538,5.04803,50.03,0624:37:45,1,08
20:02:33,0.17492,219.50,0.477,18.32858,53.51946,3.25538,5.04803,50.03,0624:37:47,1,08
20:02:34,0.17521,219.40,0.47597,18.31499,53.47976,3.25538,5.04803,50.03,0624:37:48,1,08
20:02:36,0.1746,219.90,0.47486,18.23341,53.24155,3.25538,5.04803,50.04,0624:37:50,1,08
20:02:39,0.17478,219.90,0.47808,18.38297,53.67828,3.25538,5.04814,50.03,0624:37:53,1,08
20:02:40,0.17558,219.90,0.4757,18.36937,53.63857,3.25538,5.04814,50.04,0624:37:54,1,08
20:02:41,0.17398,220.00,0.47692,18.2606,53.32095,3.25538,5.04814,50.04,0624:37:55,1,08
20:02:42,0.17374,220.10,0.47548,18.19262,53.12244,3.25538,5.04814,50.04,0624:37:56,1,08
20:02:43,0.17369,220.10,0.47655,18.23341,53.24155,3.25538,5.04814,50.04,0624:37:57,1,08
20:02:44,0.17431,220.10,0.47734,18.32858,53.51946,3.25548,5.04814,50.03,0624:37:58,1,08
20:02:45,0.17563,220.10,0.47398,18.32858,53.51946,3.25548,5.04814,50.03,0624:37:59,1,08
20:02:46,0.17412,220.10,0.47518,18.21981,53.20185,3.25548,5.04814,50.03,0624:38:00,1,08
20:02:47,0.17549,220.30,0.47468,18.35578,53.59887,3.25548,5.04814,50.03,0624:38:01,1,08
20:02:50,0.17526,220.30,0.4722,18.247,53.28125,3.25548,5.04814,50.04,0624:38:04,1,08
20:02:51,0.17469,220.20,0.47385,18.23341,53.24155,3.25548,5.04814,50.04,0624:38:05,1,08
20:02:55,0.17487,220.40,0.47214,18.20621,53.16214,3.25548,5.04814,50.01,0624:38:09,1,08
20:02:56,0.17379,220.40,0.47518,18.21981,53.20185,3.25548,5.04814,50.04,0624:38:10,1,08
20:02:57,0.17478,220.40,0.4753,18.31499,53.47976,3.25548,5.04824,50.04,0624:38:11,1,08
20:02:58,0.17487,220.30,0.47567,18.34218,53.55917,3.25548,5.04824,50.01,0624:38:12,1,08
20:03:00,0.17558,220.20,0.47154,18.247,53.28125,3.25548,5.04824,50.01,0624:38:14,1,08
20:03:01,0.17441,220.00,0.47415,18.20621,53.16214,3.25548,5.04824,50.01,0624:38:15,1,08
20:03:05,0.17568,220.10,0.47259,18.28779,53.40036,3.25558,5.04824,50.00,0624:38:19,1,08
20:03:06,0.17417,220.20,0.47626,18.2742,53.36066,3.25558,5.04824,49.99,0624:38:20,1,08
20:03:07,0.17398,220.20,0.47447,18.19262,53.12244,3.25558,5.04824,49.99,0624:38:21,1,08
20:03:08,0.17431,220.30,0.47594,18.28779,53.40036,3.25558,5.04824,50.00,0624:38:22,1,08
20:03:09,0.17708,220.30,0.47735,18.62771,54.39293,3.25558,5.04824,50.00,0624:38:23,1,08
20:03:10,0.17768,220.10,0.47707,18.6685,54.51204,3.25558,5.04824,49.97,0624:38:24,1,08
20:03:14,0.17497,220.20,0.47602,18.35578,53.59887,3.25558,5.04824,49.97,0624:38:28,1,08
20:03:15,0.17624,220.30,0.47271,18.36937,53.63857,3.25558,5.04834,49.97,0624:38:29,1,08
20:03:17,0.17388,220.50,0.47449,18.20621,53.16214,3.25558,5.04834,49.96,0624:38:31,1,08
20:03:18,0.17455,220.60,0.47459,18.28779,53.40036,3.25558,5.04834,49.97,0624:38:32,1,08
20:03:22,0.17336,220.60,0.47299,18.09744,52.84452,3.25558,5.04834,49.95,0624:38:36,1,08
20:03:23,0.17422,220.50,0.47454,18.247,53.28125,3.25569,5.04834,49.95,0624:38:37,1,08
20:03:25,0.17473,220.50,0.47567,18.34218,53.55917,3.25569,5.04834,49.97,0624:38:39,1,08
20:03:26,0.17388,220.50,0.47553,18.23341,53.24155,3.25569,5.04834,49.97,0624:38:40,1,08
20:03:27,0.17388,220.50,0.47553,18.23341,53.24155,3.25569,5.04834,49.97,0624:38:41,1,08
20:03:30,0.17441,220.40,0.47454,18.247,53.28125,3.25569,5.04834,49.99,0624:38:44,1,08
20:03:31,0.17507,220.30,0.47498,18.32858,53.51946,3.25569,5.04834,49.99,0624:38:45,1,08
20:03:32,0.17549,220.20,0.47257,18.2742,53.61066,3.25569,5.04834,49.99,0624:38:46,1,08
20:03:36,0.17436,220.10,0.4745,18.21981,53.20185,3.25569,5.04844,49.99,0624:38:50,1,08
20:03:37,0.17666,220.00,0.47133,18.32858,53.51946,3.25569,5.04844,49.99,0624:38:51,1,08
20:03:39,0.17671,220.00,0.4717,18.35578,53.59887,3.25569,5.04844,49.99,0624:38:53,1,08
20:03:40,0.17507,219.90,0.47316,18.21981,53.20185,3.25569,5.04844,50.00,0624:38:54,1,08
20:03:42,0.17445,219.60,0.47482,18.20621,53.16214,3.25569,5.04844,49.99,0624:38:56,1,08
20:03:43,0.17587,219.60,0.47502,18.35578,53.59887,3.25579,5.04844,50.00,0624:38:57,1,08
20:03:49,0.17553,219.60,0.47567,18.34218,53.55917,3.25579,5.04844,49.99,0624:39:03,1,08
20:03:50,0.17464,219.70,0.47698,18.31499,53.47976,3.25579,5.04844,49.99,0624:39:05,1,08
20:03:51,0.17464,219.70,0.47698,18.31499,53.47976,3.25579,5.04855,49.99,0624:39:05,1,08
20:03:54,0.17473,219.80,0.47523,18.2606,53.32095,3.25579,5.04855,49.99,0624:39:07,1,08
20:03:56,0.17426,219.80,0.47906,18.35578,53.59887,3.25579,5.04855,49.96,0624:39:10,1,08
20:03:57,0.17412,219.90,0.47729,18.28779,53.40036,3.25579,5.04855,49.96,0624:39:11,1,08
20:03:59,0.17445,219.90,0.47592,18.2742,53.36066,3.25579,5.04855,49.97,0624:39:12,1,08
20:04:00,0.17502,219.90,0.47669,18.35578,53.59887,3.25579,5.04855,49.99,0624:39:13,1,08
20:04:01,0.17403,220.00,0.47977,18.38297,53.67828,3.25579,5.04855,49.99,0624:39:14,1,08
20:04:02,0.17403,220.00,0.478,18.31499,53.47976,3.25579,5.04855,49.99,0624:39:16,1,08
20:04:03,0.17269,219.80,0.47566,18.07024,52.76511,3.25589,5.04855,49.99,0624:39:17,1,08
20:04:05,0.17507,219.90,0.4774,18.38297,53.67828,3.25589,5.04855,49.97,0624:39:18,1,08
20:04:06,0.17398,220.10,0.47906,18.35578,53.59887,3.25589,5.04855,49.99,0624:39:19,1,08
20:04:08,0.1726,220.10,0.47747,18.15182,53.00333,3.25589,5.04855,49.96,0624:39:22,1,08
20:04:12,0.17643,220.10,0.48251,18.75009,54.75026,3.25589,5.04865,49.96,0624:39:25,1,08
20:04:14,0.17431,219.90,0.47661,18.28779,53.40036,3.25589,5.04865,49.97,0624:39:28,1,08
20:04:15,0.17053,219.90,0.4692,17.60795,51.41521,3.25589,5.04865,49.97,0624:39:29,1,08
20:04:16,0.14681,219.80,0.42502,13.71924,40.06019,3.25589,5.04865,49.97,0624:39:29,1,08
20:04:18,0.13449,219.70,0.40156,11.87007,34.6606,3.25589,5.04865,49.97,0624:39:32,1,08
20:04:19,0.1348,219.90,0.40147,11.91086,34.77971,3.25589,5.04865,49.97,0624:39:33,1,08
20:04:20,0.13394,220.00,0.4036,11.89726,34.74001,3.25589,5.04865,49.97,0624:39:34,1,08
20:04:21,0.13394,219.90,0.40268,11.87007,34.6606,3.25589,5.04865,49.97,0624:39:35,1,08
20:04:22,0.13425,219.90,0.40331,11.91086,34.77971,3.25589,5.04865,49.97,0624:39:35,1,08
20:04:23,0.13443,219.90,0.40165,11.88367,34.70031,3.25589,5.04865,49.97,0624:39:36,1,08
20:04:24,0.13498,219.90,0.40064,11.89726,34.74001,3.25589,5.04865,49.99,0624:39:38,1,08
20:04:25,0.13437,219.70,0.40147,11.85647,34.6209,3.25589,5.04865,49.99,0624:39:39,1,08
20:04:26,0.1348,219.40,0.40165,11.88367,34.70031,3.25589,5.04865,49.99,0624:39:40,1,08
20:04:28,0.13498,219.30,0.40174,11.89726,34.74001,3.25599,5.04865,49.99,0624:39:41,1,08
20:04:31,0.13431,219.30,0.40083,11.81568,34.50179,3.25599,5.04875,49.99,0624:39:45,1,08
20:04:33,0.13498,219.20,0.40129,11.88367,34.70031,3.25599,5.04875,49.99,0624:39:47,1,08
20:04:35,0.13577,219.20,0.4,11.91086,34.77971,3.25599,5.04875,50.00,0624:39:49,1,08
20:04:37,0.13486,219.60,0.4,11.85647,34.6209,3.25599,5.04875,49.99,0624:39:51,1,08
20:04:38,0.13614,219.60,0.405,12.11481,35.37526,3.25599,5.04875,49.99,0624:39:52,1,08
20:04:40,0.13498,220.00,0.40073,11.91086,34.77971,3.25599,5.04875,49.99,0624:39:53,1,08
20:04:41,0.13468,220.20,0.40055,11.88367,34.70031,3.25599,5.04875,49.99,0624:39:55,1,08
20:04:44,0.13486,219.80,0.39963,11.85647,34.6209,3.25599,5.04875,49.99,0624:39:58,1,08
20:04:47,0.13517,220.10,0.39991,11.89726,34.74001,3.25599,5.04875,49.97,0624:40:01,1,08
20:04:48,0.13553,220.20,0.39982,11.93806,34.85912,3.25599,5.04875,49.99,0624:40:02,1,08
20:04:54,0.13565,220.50,0.39773,11.89726,34.74001,3.25599,5.04885,49.99,0624:40:08,1,08
20:04:56,0.13535,220.50,0.39845,11.89726,34.74001,3.25599,5.04885,49.99,0624:40:10,1,08
20:04:57,0.13461,220.60,0.40018,11.88367,34.70031,3.25609,5.04885,49.99,0624:40:11,1,08
20:04:58,0.13468,220.70,0.39982,11.88367,34.70031,3.25609,5.04885,49.99,0624:40:12,1,08
20:04:59,0.13504,220.70,0.39827,11.87007,34.6606,3.25609,5.04885,49.99,0624:40:13,1,08
20:05:00,0.13455,220.60,0.39973,11.87007,34.6606,3.25609,5.04885,49.99,0624:40:14,1,08
20:05:01,0.13468,220.80,0.39945,11.88367,34.70031,3.25609,5.04885,49.99,0624:40:15,1,08
20:05:02,0.13443,220.70,0.40018,11.88367,34.70031,3.25609,5.04885,50.00,0624:40:16,1,08
20:05:03,0.13492,220.70,0.39954,11.89726,34.74001,3.25609,5.04885,50.00,0624:40:17,1,08
20:05:04,0.13492,220.70,0.39954,11.89726,34.74001,3.25609,5.04885,49.99,0624:40:18,1,08
20:05:05,0.13449,220.60,0.40018,11.88367,34.70031,3.25609,5.04885,49.99,0624:40:19,1,08
20:05:10,0.13449,220.30,0.39771,11.78849,34.42239,3.25609,5.04895,50.00,0624:40:24,1,08
20:05:11,0.13504,220.30,0.39899,11.87007,34.6606,3.25609,5.04895,50.00,0624:40:25,1,08
20:05:12,0.13547,220.10,0.40064,11.95165,34.89882,3.25609,5.04895,49.97,0624:40:26,1,08
20:05:13,0.13529,220.30,0.39918,11.89726,34.74001,3.25609,5.04895,49.97,0624:40:27,1,08
20:05:14,0.13741,220.40,0.40215,12.1828,35.57377,3.25609,5.04895,49.99,0624:40:28,1,08
20:05:15,0.13529,220.50,0.39936,11.92446,34.81942,3.25609,5.04895,49.97,0624:40:29,1,08
20:05:19,0.13461,220.20,0.40055,11.88367,34.70031,3.25609,5.04895,49.99,0624:40:33,1,08
20:05:20,0.13425,220.10,0.39972,11.81568,34.50179,3.25609,5.04895,49.96,0624:40:34,1,08
20:05:21,0.13425,220.10,0.39972,11.81568,34.50179,3.25609,5.04895,49.96,0624:40:35,1,08
20:05:22,0.13437,220.00,0.39982,11.82928,34.5415,3.25609,5.04895,49.97,0624:40:36,1,08
20:05:26,0.13461,220.50,0.40064,11.89726,34.74001,3.25609,5.04895,49.99,0624:40:40,1,08
20:05:27,0.13461,220.50,0.40064,11.89726,34.74001,3.25619,5.04895,49.99,0624:40:41,1,08
20:05:28,0.13474,220.50,0.39982,11.88367,34.70031,3.25619,5.04895,49.97,0624:40:42,1,08
20:05:30,0.13388,220.40,0.4,11.80208,34.46209,3.25619,5.04905,49.97,0624:40:44,1,08
20:05:31,0.13419,220.30,0.40018,11.82928,34.5415,3.25619,5.04905,49.97,0624:40:45,1,08
20:05:32,0.13437,220.30,0.40174,11.89726,34.74001,3.25619,5.04905,49.97,0624:40:46,1,08
20:05:35,0.13357,220.80,0.4023,11.87007,34.6606,3.25619,5.04905,49.97,0624:40:49,1,08
20:05:36,0.13419,220.80,0.40046,11.87007,34.6606,3.25619,5.04905,49.99,0624:40:50,1,08
20:05:37,0.13419,220.80,0.40092,11.88367,34.70031,3.25619,5.04905,49.96,0624:40:51,1,08
20:05:38,0.13468,220.90,0.4,11.91086,34.77971,3.25619,5.04905,49.96,0624:40:52,1,08
20:05:39,0.13468,220.90,0.4,11.91086,34.77971,3.25619,5.04905,49.96,0624:40:53,1,08
20:05:40,0.13412,220.90,0.40027,11.89726,34.74001,3.25619,5.04905,49.99,0624:40:54,1,08
20:05:43,0.13468,220.70,0.39762,11.82928,34.5415,3.25619,5.04905,49.97,0624:40:57,1,08
20:05:45,0.13419,220.70,0.40083,11.87007,34.6606,3.25619,5.04905,49.97,0624:40:59,1,08
20:05:46,0.13449,220.70,0.39973,11.87007,34.6606,3.25619,5.04905,49.99,0624:41:00,1,08
20:05:47,0.13437,220.90,0.40018,11.88367,34.70031,3.25619,5.04905,49.99,0624:41:01,1,08
20:05:50,0.13437,220.90,0.39927,11.85647,34.6209,3.25619,5.04905,49.99,0624:41:03,1,08
20:05:51,0.13449,220.80,0.3989,11.85647,34.6209,3.25619,5.04915,49.99,0624:41:05,1,08
20:05:52,0.13431,220.80,0.40009,11.87007,34.6606,3.25619,5.04915,49.99,0624:41:05,1,08
20:05:53,0.13486,220.80,0.39863,11.87007,34.6606,3.25619,5.04915,49.99,0624:41:06,1,08
20:05:54,0.13553,220.70,0.39682,11.87007,34.6606,3.25619,5.04915,49.99,0624:41:07,1,08
20:05:55,0.13541,220.60,0.39763,11.88367,34.70031,3.25619,5.04915,49.99,0624:41:08,1,08
20:05:56,0.1348,220.60,0.39854,11.85647,34.6209,3.25619,5.04915,50.00,0624:41:09,1,08
20:05:58,0.13492,220.40,0.39899,11.87007,34.6606,3.25629,5.04915,50.00,0624:41:11,1,08
20:06:00,0.13455,220.30,0.39917,11.84288,34.5812,3.25629,5.04915,50.00,0624:41:13,1,08
20:06:03,0.13565,220.50,0.39691,11.88367,34.70031,3.25629,5.04915,49.99,0624:41:17,1,08
20:06:04,0.13522,220.60,0.39754,11.87007,34.6606,3.25629,5.04915,50.00,0624:41:17,1,08
20:06:05,0.13522,220.70,0.39754,11.87007,34.6606,3.25629,5.04915,50.00,0624:41:18,1,08
20:06:06,0.13455,220.80,0.3989,11.85647,34.6209,3.25629,5.04915,50.01,0624:41:19,1,08
20:06:08,0.13504,220.90,0.39709,11.85647,34.6209,3.25629,5.04915,50.00,0624:41:22,1,08
20:06:10,0.13443,221.00,0.39844,11.84288,34.5812,3.25629,5.04915,50.00,0624:41:23,1,08
20:06:12,0.13565,220.90,0.40018,11.99244,35.01793,3.25629,5.04926,50.00,0624:41:25,1,08
20:06:13,0.13522,220.70,0.39481,11.78849,34.42239,3.25629,5.04926,50.00,0624:41:26,1,08
20:06:15,0.13486,220.70,0.39909,11.88367,34.70031,3.25629,5.04926,50.00,0624:41:29,1,08
20:06:18,0.13764,221.00,0.39768,12.10122,35.33555,3.25629,5.04926,50.00,0624:41:31,1,08
20:06:20,0.13529,221.10,0.39727,11.88367,34.70031,3.25629,5.04926,50.00,0624:41:34,1,08
20:06:23,0.13565,221.30,0.39457,11.85647,34.6209,3.25629,5.04926,49.99,0624:41:36,1,08
20:06:24,0.13535,221.50,0.39574,11.87007,34.6606,3.25629,5.04926,50.01,0624:41:37,1,08
20:06:26,0.13455,221.40,0.39781,11.85647,34.6209,3.25629,5.04926,50.01,0624:41:40,1,08
20:06:27,0.13461,221.30,0.39781,11.85647,34.6209,3.25629,5.04926,50.01,0624:41:41,1,08
20:06:28,0.13455,221.10,0.39772,11.84288,34.5812,3.25639,5.04926,50.04,0624:41:41,1,08
20:06:30,0.13455,220.90,0.39844,11.84288,34.5812,3.25639,5.04926,50.04,0624:41:44,1,08
20:06:33,0.13517,220.50,0.39973,11.92446,34.81942,3.25639,5.04936,50.04,0624:41:47,1,08
20:06:34,0.13486,220.50,0.40082,11.92446,34.81942,3.25639,5.04936,50.05,0624:41:47,1,08
20:06:35,0.134,220.70,0.40074,11.85647,34.6209,3.25639,5.04936,50.05,0624:41:48,1,08
20:06:36,0.134,220.70,0.40028,11.84288,34.5812,3.25639,5.04936,50.04,0624:41:50,1,08
20:06:37,0.13326,220.70,0.4025,11.84288,34.5812,3.25639,5.04936,50.04,0624:41:51,1,08
20:06:40,0.13437,220.30,0.39945,11.82928,34.5415,3.25639,5.04936,50.05,0624:41:53,1,08
20:06:41,0.13455,220.30,0.40055,11.88367,34.70031,3.25639,5.04936,50.05,0624:41:55,1,08
20:06:43,0.13443,220.40,0.4,11.85647,34.6209,3.25639,5.04936,50.04,0624:41:57,1,08
20:06:44,0.13449,220.50,0.40009,11.87007,34.6606,3.25639,5.04936,50.04,0624:41:58,1,08
20:06:48,0.13504,220.70,0.40009,11.92446,34.81942,3.25639,5.04936,50.04,0624:42:02,1,08
20:06:52,0.1348,220.80,0.39863,11.87007,34.6606,3.25639,5.04946,50.04,0624:42:06,1,08
20:06:53,0.13511,220.80,0.39709,11.85647,34.6209,3.25639,5.04946,50.04,0624:42:07,1,08
20:06:54,0.13504,220.70,0.39654,11.82928,34.5415,3.25639,5.04946,50.03,0624:42:08,1,08
20:06:55,0.13455,220.70,0.3989,11.85647,34.6209,3.25639,5.04946,50.03,0624:42:09,1,08
20:06:56,0.13511,220.60,0.3979,11.87007,34.6606,3.25639,5.04946,50.03,0624:42:10,1,08
20:06:57,0.13511,220.60,0.3979,11.87007,34.6606,3.25639,5.04946,50.03,0624:42:11,1,08
20:06:58,0.13449,220.60,0.39927,11.85647,34.6209,3.25649,5.04946,50.01,0624:42:12,1,08
20:06:59,0.13437,220.60,0.40009,11.87007,34.6606,3.25649,5.04946,50.01,0624:42:13,1,08
20:07:01,0.1348,220.30,0.39835,11.82928,34.5415,3.25649,5.04946,50.01,0624:42:15,1,08
20:07:02,0.13547,220.00,0.39735,11.84288,34.5812,3.25649,5.04946,50.00,0624:42:16,1,08
20:07:03,0.13547,220.00,0.39735,11.84288,34.5812,3.25649,5.04946,50.00,0624:42:17,1,08
20:07:04,0.13468,219.90,0.39991,11.84288,34.5812,3.25649,5.04946,50.00,0624:42:18,1,08
20:07:05,0.13522,220.00,0.39899,11.87007,34.6606,3.25649,5.04946,50.00,0624:42:19,1,08
20:07:08,0.13474,220.00,0.39872,11.82928,34.5415,3.25649,5.04946,49.99,0624:42:22,1,08
20:07:09,0.13474,220.00,0.39872,11.82928,34.5415,3.25649,5.04946,49.99,0624:42:23,1,08
20:07:12,0.13511,220.50,0.39872,11.88367,34.70031,3.25649,5.04956,49.96,0624:42:26,1,08
20:07:16,0.13468,220.80,0.39899,11.87007,34.6606,3.25649,5.04956,49.96,0624:42:30,1,08
20:07:19,0.13474,220.90,0.39863,11.87007,34.6606,3.25649,5.04956,49.95,0624:42:33,1,08
20:07:20,0.13644,220.90,0.40216,12.12841,35.41496,3.25649,5.04956,49.95,0624:42:34,1,08
20:07:21,0.13644,220.90,0.40216,12.12841,35.41496,3.25649,5.04956,49.95,0624:42:35,1,08
20:07:22,0.13584,220.90,0.39855,11.96525,34.93852,3.25649,5.04956,49.97,0624:42:36,1,08
20:07:23,0.13363,221.00,0.40147,11.85647,34.6209,3.25649,5.04956,49.97,0624:42:37,1,08
20:07:24,0.13388,220.90,0.40211,11.89726,34.74001,3.25649,5.04956,49.97,0624:42:38,1,08
20:07:26,0.13455,220.50,0.39973,11.87007,34.6606,3.25649,5.04956,49.97,0624:42:40,1,08
20:07:28,0.13326,220.50,0.40148,11.80208,34.46209,3.25659,5.04956,49.96,0624:42:42,1,08
20:07:29,0.13376,220.40,0.40184,11.85647,34.6209,3.25659,5.04956,49.96,0624:42:43,1,08
20:07:30,0.13326,220.40,0.40417,11.87007,34.6606,3.25659,5.04956,49.96,0624:42:44,1,08
20:07:31,0.13443,220.30,0.39954,11.84288,34.5812,3.25659,5.04956,49.97,0624:42:45,1,08
20:07:32,0.13443,220.30,0.39954,11.84288,34.5812,3.25659,5.04956,49.97,0624:42:46,1,08
20:07:34,0.13407,220.60,0.40211,11.89726,34.74001,3.25659,5.04966,49.96,0624:42:48,1,08
20:07:39,0.13431,220.60,0.40138,11.89726,34.74001,3.25659,5.04966,49.97,0624:42:53,1,08
20:07:42,0.13388,220.80,0.40119,11.87007,34.6606,3.25659,5.04966,49.97,0624:42:56,1,08
20:07:44,0.13332,220.90,0.40221,11.85647,34.6209,3.25659,5.04966,49.97,0624:42:58,1,08
20:07:47,0.13326,220.70,0.40296,11.85647,34.6209,3.25659,5.04966,49.99,0624:43:00,1,08
20:07:51,0.13326,220.40,0.40324,11.84288,34.5812,3.25659,5.04966,49.99,0624:43:04,1,08
20:07:53,0.1327,220.50,0.40436,11.84288,34.5812,3.25659,5.04966,49.99,0624:43:06,1,08
20:07:54,0.13369,220.70,0.4023,11.87007,34.6606,3.25659,5.04976,49.99,0624:43:07,1,08
20:07:55,0.13301,220.70,0.40324,11.84288,34.5812,3.25659,5.04976,49.99,0624:43:08,1,08
20:07:57,0.13376,220.90,0.40156,11.87007,34.6606,3.25659,5.04976,50.00,0624:43:10,1,08
20:07:58,0.13351,220.90,0.40276,11.88367,34.70031,3.25659,5.04976,50.00,0624:43:11,1,08
20:08:01,0.13443,221.00,0.3989,11.85647,34.6209,3.25669,5.04976,50.00,0624:43:14,1,08
20:08:05,0.13455,220.60,0.39881,11.84288,34.5812,3.25669,5.04976,50.01,0624:43:18,1,08
20:08:06,0.13394,220.50,0.40101,11.84288,34.5812,3.25669,5.04976,50.03,0624:43:19,1,08
20:08:10,0.13357,220.20,0.40203,11.82928,34.5415,3.25669,5.04976,50.03,0624:43:23,1,08
20:08:11,0.13486,220.30,0.39982,11.88367,34.70031,3.25669,5.04976,50.03,0624:43:24,1,08
20:08:14,0.13425,220.20,0.40028,11.84288,34.5812,3.25669,5.04976,50.03,0624:43:27,1,08
20:08:15,0.13455,220.30,0.4,11.85647,34.6209,3.25669,5.04986,50.03,0624:43:28,1,08
20:08:17,0.13431,220.30,0.40037,11.85647,34.6209,3.25669,5.04986,50.04,0624:43:30,1,08
20:08:21,0.13332,220.50,0.40287,11.84288,34.5812,3.25669,5.04986,50.03,0624:43:34,1,08
20:08:22,0.13407,220.50,0.40028,11.84288,34.5812,3.25669,5.04986,50.04,0624:43:35,1,08
20:08:25,0.1359,220.20,0.40599,12.1556,35.49436,3.25669,5.04986,50.01,0624:43:39,1,08
20:08:28,0.13357,220.40,0.40259,11.85647,34.6209,3.25669,5.04986,50.01,0624:43:41,1,08
20:08:29,0.13412,220.50,0.40074,11.85647,34.6209,3.25679,5.04986,50.01,0624:43:42,1,08
20:08:30,0.13431,220.60,0.4,11.85647,34.6209,3.25679,5.04986,50.01,0624:43:44,1,08
20:08:32,0.13449,220.50,0.39963,11.85647,34.6209,3.25679,5.04986,49.99,0624:43:45,1,08
20:08:33,0.13407,220.50,0.40074,11.85647,34.6209,3.25679,5.04986,49.99,0624:43:46,1,08
20:08:36,0.13455,220.70,0.39973,11.87007,34.6606,3.25679,5.04996,49.97,0624:43:50,1,08
20:08:37,0.13425,220.60,0.40092,11.88367,34.70031,3.25679,5.04996,49.97,0624:43:51,1,08
20:08:39,0.13376,220.70,0.40147,11.85647,34.6209,3.25679,5.04996,49.97,0624:43:52,1,08
20:08:40,0.13425,220.80,0.4,11.85647,34.6209,3.25679,5.04996,49.97,0624:43:53,1,08
20:08:41,0.13461,220.90,0.39808,11.84288,34.5812,3.25679,5.04996,49.97,0624:43:55,1,08
20:08:42,0.134,221.00,0.4,11.85647,34.6209,3.25679,5.04996,49.97,0624:43:56,1,08
20:08:43,0.13381,221.10,0.40083,11.87007,34.6606,3.25679,5.04996,49.97,0624:43:57,1,08
20:08:44,0.13338,221.20,0.40239,11.88367,34.70031,3.25679,5.04996,49.97,0624:43:58,1,08
20:08:46,0.13425,221.20,0.39936,11.87007,34.6606,3.25679,5.04996,49.99,0624:43:59,1,08
20:08:47,0.13381,221.20,0.40037,11.85647,34.6209,3.25679,5.04996,49.99,0624:44:01,1,08
20:08:49,0.13595,221.00,0.4009,12.04683,35.17673,3.25679,5.04996,49.97,0624:44:03,1,08
20:08:50,0.13474,221.10,0.39781,11.85647,34.6209,3.25679,5.04996,49.96,0624:44:04,1,08
20:08:51,0.13474,221.10,0.39781,11.85647,34.6209,3.25679,5.04996,49.96,0624:44:04,1,08
20:08:52,0.13461,221.20,0.39863,11.87007,34.6606,3.25679,5.04996,49.96,0624:44:06,1,08
20:08:54,0.13425,221.30,0.39936,11.87007,34.6606,3.25679,5.04996,49.96,0624:44:08,1,08
20:08:55,0.13461,221.00,0.39772,11.84288,34.5812,3.25679,5.05007,49.96,0624:44:09,1,08
20:08:56,0.13461,221.00,0.39772,11.84288,34.5812,3.25679,5.05007,49.96,0624:44:09,1,08
20:08:58,0.13295,220.90,0.39963,11.7477,34.30328,3.25679,5.05007,49.96,0624:44:12,1,08
20:08:59,0.13345,220.90,0.40184,11.85647,34.6209,3.25679,5.05007,49.96,0624:44:13,1,08
20:09:00,0.13412,221.10,0.39963,11.85647,34.6209,3.25689,5.05007,49.96,0624:44:14,1,08
20:09:01,0.13388,221.10,0.39991,11.84288,34.5812,3.25689,5.05007,49.96,0624:44:15,1,08
20:09:03,0.13351,221.10,0.40147,11.85647,34.6209,3.25689,5.05007,49.96,0624:44:17,1,08
20:09:05,0.13419,221.10,0.39973,11.87007,34.6606,3.25689,5.05007,49.97,0624:44:19,1,08
20:09:06,0.13357,221.20,0.40156,11.87007,34.6606,3.25689,5.05007,49.97,0624:44:20,1,08
20:09:12,0.13357,221.20,0.4011,11.85647,34.6209,3.25689,5.05007,49.99,0624:44:26,1,08
20:09:13,0.13357,221.20,0.40064,11.84288,34.5812,3.25689,5.05007,49.99,0624:44:27,1,08
20:09:16,0.13437,221.20,0.39854,11.85647,34.6209,3.25689,5.05017,50.01,0624:44:30,1,08
20:09:17,0.13449,221.20,0.39772,11.84288,34.5812,3.25689,5.05017,50.01,0624:44:31,1,08
20:09:18,0.13431,221.30,0.3989,11.85647,34.6209,3.25689,5.05017,50.00,0624:44:32,1,08
20:09:21,0.134,221.30,0.39872,11.82928,34.5415,3.25689,5.05017,50.00,0624:44:35,1,08
20:09:22,0.13407,221.20,0.39963,11.85647,34.6209,3.25689,5.05017,50.01,0624:44:36,1,08
20:09:24,0.13407,221.30,0.39881,11.84288,34.5812,3.25689,5.05017,50.00,0624:44:38,1,08
20:09:25,0.134,221.30,0.40009,11.87007,34.6606,3.25689,5.05017,50.01,0624:44:39,1,08
20:09:26,0.134,221.30,0.40009,11.87007,34.6606,3.25689,5.05017,50.01,0624:44:40,1,08
20:09:27,0.13425,221.00,0.40156,11.92446,34.81942,3.25689,5.05017,50.01,0624:44:41,1,08
20:09:28,0.13381,220.90,0.40119,11.87007,34.6606,3.25689,5.05017,49.99,0624:44:42,1,08
20:09:30,0.13381,220.90,0.39936,11.81568,34.50179,3.25699,5.05017,49.99,0624:44:44,1,08
20:09:31,0.13345,221.00,0.39954,11.78849,34.42239,3.25699,5.05017,49.99,0624:44:45,1,08
20:09:32,0.13345,221.00,0.39954,11.78849,34.42239,3.25699,5.05017,49.99,0624:44:46,1,08
20:09:35,0.134,220.80,0.40037,11.85647,34.6209,3.25699,5.05027,49.97,0624:44:49,1,08
20:09:38,0.13407,220.60,0.40064,11.85647,34.6209,3.25699,5.05027,49.97,0624:44:52,1,08
20:09:41,0.13376,220.30,0.39991,11.78849,34.42239,3.25699,5.05027,49.97,0624:44:55,1,08
20:09:42,0.13351,220.30,0.4025,11.84288,34.5812,3.25699,5.05027,49.97,0624:44:56,1,08
20:09:43,0.13376,220.40,0.40138,11.84288,34.5812,3.25699,5.05027,49.97,0624:44:57,1,08
20:09:44,0.134,220.40,0.40147,11.85647,34.6209,3.25699,5.05027,49.97,0624:44:58,1,08
20:09:48,0.134,220.60,0.40074,11.85647,34.6209,3.25699,5.05027,49.99,0624:45:01,1,08
20:09:51,0.13394,220.70,0.40074,11.85647,34.6209,3.25699,5.05027,50.00,0624:45:04,1,08
20:09:53,0.134,220.80,0.40129,11.88367,34.70031,3.25699,5.05027,49.99,0624:45:06,1,08
20:09:54,0.13369,221.00,0.40156,11.87007,34.6606,3.25699,5.05027,49.99,0624:45:07,1,08
20:09:55,0.13326,221.00,0.39982,11.77489,34.38269,3.25699,5.05027,49.99,0624:45:08,1,08
20:09:56,0.1327,221.00,0.40269,11.81568,34.50179,3.25699,5.05037,50.00,0624:45:09,1,08
20:09:58,0.13363,220.80,0.4023,11.87007,34.6606,3.25699,5.05037,50.00,0624:45:11,1,08
20:10:00,0.13381,220.80,0.4011,11.85647,34.6209,3.25699,5.05037,50.01,0624:45:13,1,08
20:10:03,0.13357,220.60,0.40129,11.82928,34.5415,3.25709,5.05037,50.00,0624:45:16,1,08
20:10:05,0.13443,220.60,0.40009,11.87007,34.6606,3.25709,5.05037,50.01,0624:45:18,1,08
20:10:09,0.13407,220.70,0.40028,11.84288,34.5812,3.25709,5.05037,50.01,0624:45:22,1,08
20:10:10,0.13407,220.70,0.40074,11.85647,34.6209,3.25709,5.05037,50.03,0624:45:23,1,08
20:10:12,0.13486,220.60,0.40274,11.99244,35.01793,3.25709,5.05037,50.03,0624:45:25,1,08
20:10:13,0.13345,220.50,0.40259,11.85647,34.6209,3.25709,5.05037,50.03,0624:45:26,1,08
20:10:14,0.134,220.40,0.40064,11.84288,34.5812,3.25709,5.05037,50.03,0624:45:27,1,08
20:10:19,0.13351,220.60,0.40212,11.84288,34.5812,3.25709,5.05047,50.01,0624:45:32,1,08
20:10:20,0.13407,220.40,0.40018,11.82928,34.5415,3.25709,5.05047,50.01,0624:45:33,1,08
20:10:22,0.13345,220.40,0.40342,11.87007,34.6606,3.25709,5.05047,50.00,0624:45:35,1,08
20:10:23,0.13307,220.50,0.4037,11.85647,34.6209,3.25709,5.05047,50.00,0624:45:36,1,08
20:10:24,0.13357,220.50,0.40212,11.84288,34.5812,3.25709,5.05047,50.01,0624:45:37,1,08
20:10:25,0.134,220.50,0.40064,11.84288,34.5812,3.25709,5.05047,50.01,0624:45:39,1,08
20:10:26,0.13363,220.60,0.40221,11.85647,34.6209,3.25709,5.05047,49.99,0624:45:39,1,08
20:10:27,0.13388,220.60,0.40193,11.87007,34.6606,3.25709,5.05047,49.99,0624:45:40,1,08
20:10:28,0.13388,220.80,0.40165,11.88367,34.70031,3.25709,5.05047,50.00,0624:45:41,1,08
20:10:31,0.13419,220.70,0.39908,11.82928,34.5415,3.25719,5.05047,49.99,0624:45:45,1,08
20:10:32,0.13394,220.60,0.40018,11.82928,34.5415,3.25719,5.05047,49.99,0624:45:45,1,08
20:10:33,0.13363,220.60,0.40175,11.84288,34.5812,3.25719,5.05047,49.99,0624:45:46,1,08
20:10:37,0.13326,220.90,0.40259,11.85647,34.6209,3.25719,5.05057,49.96,0624:45:51,1,08
20:10:39,0.13345,221.00,0.40184,11.85647,34.6209,3.25719,5.05057,49.97,0624:45:52,1,08
20:10:40,0.13246,221.00,0.40436,11.84288,34.5812,3.25719,5.05057,49.97,0624:45:53,1,08
20:10:41,0.13257,220.90,0.40529,11.87007,34.6606,3.25719,5.05057,49.97,0624:45:55,1,08
20:10:42,0.13307,220.80,0.40379,11.87007,34.6606,3.25719,5.05057,49.97,0624:45:56,1,08
20:10:43,0.13412,220.10,0.40055,11.82928,34.5415,3.25719,5.05057,49.97,0624:45:57,1,08
20:10:45,0.13338,220.20,0.40333,11.85647,34.6209,3.25719,5.05057,49.97,0624:45:58,1,08
20:10:46,0.13363,220.20,0.40166,11.82928,34.5415,3.25719,5.05057,49.95,0624:45:59,1,08
20:10:47,0.13369,220.30,0.40212,11.84288,34.5812,3.25719,5.05057,49.95,0624:46:01,1,08
20:10:48,0.13338,220.40,0.40296,11.85647,34.6209,3.25719,5.05057,49.96,0624:46:02,1,08
20:10:49,0.13357,220.20,0.40203,11.82928,34.5415,3.25719,5.05057,49.96,0624:46:03,1,08
20:10:50,0.13357,220.20,0.40203,11.82928,34.5415,3.25719,5.05057,49.96,0624:46:03,1,08
20:10:51,0.13363,220.00,0.40296,11.85647,34.6209,3.25719,5.05057,49.96,0624:46:04,1,08
20:10:52,0.13412,219.90,0.40092,11.82928,34.5415,3.25719,5.05057,49.97,0624:46:06,1,08
20:10:54,0.13301,219.80,0.40427,11.82928,34.5415,3.25719,5.05057,49.96,0624:46:08,1,08
20:10:56,0.13332,219.80,0.40399,11.84288,34.5812,3.25719,5.05057,49.96,0624:46:09,1,08
20:10:57,0.13314,219.80,0.40381,11.81568,34.50179,3.25719,5.05057,49.96,0624:46:10,1,08
20:10:58,0.13288,219.70,0.40503,11.82928,34.5415,3.25719,5.05067,49.97,0624:46:11,1,08
20:10:59,0.13437,219.60,0.40239,11.88367,34.70031,3.25719,5.05067,49.97,0624:46:13,1,08
20:11:01,0.13332,219.60,0.4039,11.82928,34.5415,3.25719,5.05067,49.96,0624:46:15,1,08
20:11:02,0.13332,219.60,0.4039,11.82928,34.5415,3.25729,5.05067,49.96,0624:46:15,1,08
20:11:03,0.1332,219.50,0.40149,11.7477,34.30328,3.25729,5.05067,49.96,0624:46:16,1,08
20:11:04,0.13449,219.50,0.40101,11.84288,34.5812,3.25729,5.05067,49.97,0624:46:18,1,08
20:11:05,0.134,219.50,0.4025,11.84288,34.5812,3.25729,5.05067,49.97,0624:46:19,1,08
20:11:09,0.17279,219.70,0.4728,17.96147,52.44749,3.25729,5.05067,49.96,0624:46:23,1,08
20:11:15,0.16961,219.60,0.46937,17.49917,51.09758,3.25729,5.05067,50.00,0624:46:29,1,08
20:11:19,0.17029,220.30,0.47138,17.68953,51.65343,3.25729,5.05077,49.99,0624:46:33,1,08
20:11:20,0.16965,220.20,0.47345,17.70313,51.69313,3.25729,5.05077,50.00,0624:46:34,1,08
20:11:21,0.16965,220.20,0.47345,17.70313,51.69313,3.25729,5.05077,50.00,0624:46:35,1,08
20:11:22,0.16863,220.30,0.46708,17.3632,50.70056,3.25729,5.05077,50.00,0624:46:36,1,08
20:11:25,0.16873,220.30,0.47113,17.52637,51.17699,3.2574,5.05077,50.00,0624:46:39,1,08
20:11:26,0.16873,220.30,0.47113,17.52637,51.17699,3.2574,5.05077,50.00,0624:46:40,1,08
20:11:27,0.17703,220.20,0.48117,18.76368,54.78996,3.2574,5.05077,50.00,0624:46:41,1,08
20:11:30,0.20288,220.00,0.51035,22.78836,66.54201,3.2574,5.05077,50.01,0624:46:44,1,08
20:11:32,0.20984,220.00,0.51354,23.72654,69.2815,3.2574,5.05077,50.00,0624:46:46,1,08
20:11:33,0.21031,220.00,0.51057,23.64496,69.04329,3.2574,5.05077,50.00,0624:46:47,1,08
20:11:34,0.20791,220.00,0.51307,23.4818,68.56685,3.2574,5.05087,50.01,0624:46:48,1,08
20:11:36,0.20889,219.90,0.51183,23.52259,68.68597,3.2574,5.05087,50.00,0624:46:50,1,08
20:11:37,0.20881,219.90,0.51183,23.52259,68.68597,3.2574,5.05087,49.99,0624:46:51,1,08
20:11:39,0.20866,219.90,0.51155,23.49539,68.60655,3.2574,5.05087,49.99,0624:46:53,1,08
20:11:40,0.20874,219.80,0.51481,23.63136,69.00358,3.2575,5.05087,49.99,0624:46:54,1,08
20:11:41,0.20878,219.80,0.5148,23.64496,69.04329,3.2575,5.05087,49.97,0624:46:55,1,08
20:11:47,0.20874,219.50,0.51335,23.53619,68.72566,3.2575,5.05087,49.97,0624:47:00,1,08
20:11:48,0.21039,219.30,0.50972,23.53619,68.72566,3.2575,5.05087,49.99,0624:47:01,1,08
20:11:49,0.21007,219.30,0.50914,23.4682,68.52715,3.2575,5.05087,49.99,0624:47:02,1,08
20:11:52,0.20771,219.50,0.51461,23.4682,68.52715,3.2575,5.05097,49.97,0624:47:05,1,08
20:11:53,0.20913,219.60,0.51391,23.61777,68.96388,3.2575,5.05097,49.97,0624:47:06,1,08
20:11:56,0.21027,220.00,0.51381,23.78093,69.44032,3.2576,5.05097,49.96,0624:47:09,1,08
20:11:58,0.24493,219.90,0.52195,28.13193,82.14523,3.2576,5.05097,49.97,0624:47:11,1,08
20:12:00,0.24631,219.80,0.52258,28.32228,82.70107,3.2576,5.05097,49.97,0624:47:13,1,08
20:12:04,0.24775,219.80,0.52196,28.44466,83.0584,3.2576,5.05097,49.96,0624:47:17,1,08
20:12:05,0.2496,219.80,0.5213,28.62142,83.57454,3.2576,5.05097,49.96,0624:47:18,1,08
20:12:06,0.24918,219.90,0.52108,28.56703,83.41573,3.2576,5.05108,49.96,0624:47:19,1,08
20:12:11,0.24725,219.80,0.52075,28.32228,82.70107,3.2577,5.05108,49.97,0624:47:24,1,08
20:12:12,0.24891,219.90,0.52185,28.58062,83.45542,3.2577,5.05108,49.97,0624:47:25,1,08
20:12:13,0.24828,219.80,0.52341,28.58062,83.45542,3.2577,5.05108,49.97,0624:47:26,1,08
20:12:16,0.24651,220.70,0.52198,28.41746,82.979,3.2577,5.05108,49.97,0624:47:29,1,08
20:12:17,0.24749,220.60,0.52215,28.52624,83.29662,3.2577,5.05108,49.97,0624:47:30,1,08
20:12:18,0.24604,220.60,0.52303,28.40387,82.93929,3.2577,5.05108,49.97,0624:47:31,1,08
20:12:23,0.24658,220.50,0.52374,28.49904,83.21721,3.2578,5.05118,49.97,0624:47:36,1,08
20:12:24,0.24752,220.80,0.52312,28.60782,83.53484,3.2578,5.05118,49.99,0624:47:37,1,08
20:12:25,0.24741,220.80,0.52363,28.62142,83.57454,3.2578,5.05118,49.99,0624:47:38,1,08
20:12:26,0.24731,220.70,0.52265,28.55343,83.37602,3.2578,5.05118,49.97,0624:47:39,1,08
20:12:27,0.24761,220.60,0.52214,28.53983,83.33631,3.2578,5.05118,49.97,0624:47:40,1,08
20:12:31,0.25142,220.50,0.52206,28.96134,84.56712,3.2578,5.05118,49.97,0624:47:44,1,08
20:12:32,0.25135,220.40,0.52134,28.89335,84.36859,3.2578,5.05118,49.99,0624:47:46,1,08
20:12:33,0.25581,220.20,0.52557,29.62758,86.51254,3.2578,5.05118,49.99,0624:47:46,1,08
20:12:35,0.26773,220.40,0.52441,30.96008,90.40343,3.25791,5.05128,49.97,0624:47:48,1,08
20:12:36,0.26954,220.40,0.52516,31.21842,91.15778,3.25791,5.05128,49.99,0624:47:49,1,08
20:12:38,0.26881,220.30,0.52385,31.05526,90.68135,3.25791,5.05128,49.97,0624:47:52,1,08
20:12:39,0.26881,220.30,0.52385,31.05526,90.68135,3.25791,5.05128,49.97,0624:47:52,1,08
20:12:40,0.26807,220.40,0.52507,31.04166,90.64165,3.25791,5.05128,49.97,0624:47:53,1,08
20:12:41,0.27061,220.40,0.52415,31.2864,91.35629,3.25791,5.05128,49.97,0624:47:54,1,08
20:12:43,0.2673,220.40,0.52375,30.8785,90.16521,3.25791,5.05128,49.99,0624:47:56,1,08
20:12:44,0.26975,220.80,0.52305,31.16403,90.99898,3.25791,5.05128,49.96,0624:47:58,1,08
20:12:45,0.26975,220.80,0.52305,31.16403,90.99898,3.25791,5.05128,49.96,0624:47:58,1,08
20:12:47,0.26853,221.00,0.52198,31.00087,90.52254,3.25801,5.05139,49.99,0624:48:00,1,08
20:12:48,0.26643,221.10,0.52237,30.79691,89.92699,3.25801,5.05139,49.97,0624:48:01,1,08
20:12:49,0.26702,221.20,0.52255,30.8785,90.16521,3.25801,5.05139,49.97,0624:48:03,1,08
20:12:50,0.26748,220.90,0.5223,30.89209,90.20492,3.25801,5.05139,49.97,0624:48:04,1,08
20:12:51,0.26748,220.90,0.5223,30.89209,90.20492,3.25801,5.05139,49.97,0624:48:04,1,08
20:12:52,0.2672,220.80,0.52371,30.93288,90.32403,3.25801,5.05139,49.97,0624:48:05,1,08
20:12:53,0.26782,220.80,0.52619,31.13684,90.91958,3.25801,5.05139,49.97,0624:48:06,1,08
20:12:55,0.26902,220.70,0.52403,31.13684,90.91958,3.25801,5.05139,49.99,0624:48:09,1,08
20:12:56,0.26748,220.90,0.52507,31.04166,90.64165,3.25801,5.05139,49.99,0624:48:10,1,08
20:12:58,0.26572,220.90,0.52315,30.72893,89.72849,3.25811,5.05139,49.99,0624:48:11,1,08
20:12:59,0.27322,221.00,0.52138,31.50395,91.99154,3.25811,5.05139,49.99,0624:48:12,1,08
20:13:02,0.27446,220.90,0.52129,31.62633,92.34888,3.25811,5.05149,49.99,0624:48:16,1,08
20:13:03,0.27446,220.90,0.52129,31.62633,92.34888,3.25811,5.05149,49.99,0624:48:16,1,08
20:13:05,0.27545,220.80,0.51988,31.63992,92.38858,3.25811,5.05149,49.99,0624:48:19,1,08
20:13:06,0.2755,220.80,0.52256,31.80309,92.86501,3.25811,5.05149,49.97,0624:48:20,1,08
20:13:08,0.22021,220.80,0.47596,23.15547,67.61398,3.25811,5.05149,49.97,0624:48:22,1,08
20:13:09,0.22021,220.80,0.47596,23.15547,67.61398,3.25811,5.05149,49.97,0624:48:22,1,08
20:13:10,0.16341,220.80,0.44465,16.05791,46.88909,3.25811,5.05149,49.96,0624:48:23,1,08
20:13:13,0.13553,220.50,0.40173,12.00604,35.05763,3.25821,5.05149,49.97,0624:48:27,1,08
20:13:14,0.13547,220.30,0.39845,11.89726,34.74001,3.25821,5.05149,49.97,0624:48:28,1,08
20:13:17,0.13455,220.30,0.40046,11.87007,34.6606,3.25821,5.05159,49.96,0624:48:31,1,08
20:13:19,0.13461,220.50,0.39973,11.87007,34.6606,3.25821,5.05159,49.97,0624:48:33,1,08
20:13:20,0.13529,220.50,0.39754,11.87007,34.6606,3.25821,5.05159,49.97,0624:48:34,1,08
20:13:21,0.13559,220.50,0.39727,11.88367,34.70031,3.25821,5.05159,49.96,0624:48:35,1,08
20:13:23,0.1359,220.40,0.39655,11.88367,34.70031,3.25821,5.05159,49.96,0624:48:37,1,08
20:13:25,0.14363,220.20,0.40206,12.72667,37.16188,3.25821,5.05159,49.96,0624:48:39,1,08
20:13:26,0.14943,220.30,0.41288,13.59687,39.70287,3.25821,5.05159,49.96,0624:48:40,1,08
20:13:28,0.17745,220.40,0.46838,18.32858,53.51946,3.25821,5.05159,49.96,0624:48:42,1,08
20:13:30,0.17473,220.60,0.4725,18.21981,53.20185,3.25821,5.05159,49.96,0624:48:44,1,08
20:13:32,0.17619,220.60,0.47133,18.32858,53.51946,3.25821,5.05159,49.96,0624:48:46,1,08
20:13:33,0.17577,220.40,0.47193,18.28779,53.40036,3.25821,5.05159,49.97,0624:48:47,1,08
20:13:35,0.17568,220.00,0.46871,18.12463,52.92392,3.25821,5.05169,49.97,0624:48:49,1,08
20:13:36,0.17699,220.00,0.46962,18.28779,53.40036,3.25831,5.05169,49.96,0624:48:50,1,08
20:13:39,0.17833,220.20,0.47128,18.51894,54.07531,3.25831,5.05169,49.96,0624:48:53,1,08
20:13:42,0.1768,220.40,0.46967,18.31499,53.47976,3.25831,5.05169,49.96,0624:48:56,1,08
20:13:44,0.17703,220.30,0.47073,18.36937,53.63857,3.25831,5.05169,49.96,0624:48:57,1,08
20:13:45,0.17661,220.30,0.47065,18.31499,53.47976,3.25831,5.05169,49.96,0624:48:58,1,08
20:13:46,0.1753,220.30,0.46833,18.09744,52.84452,3.25831,5.05169,49.96,0624:48:59,1,08
20:13:47,0.17713,220.20,0.46725,18.23341,53.24155,3.25831,5.05169,49.96,0624:49:00,1,08
20:13:49,0.1768,220.40,0.47036,18.34218,53.55917,3.25831,5.05169,49.96,0624:49:02,1,08
20:13:50,0.17685,220.50,0.47003,18.34218,53.55917,3.25831,5.05169,49.96,0624:49:03,1,08
20:13:53,0.17545,220.70,0.47156,18.2606,53.32095,3.25831,5.05179,49.96,0624:49:06,1,08
20:13:54,0.17605,220.60,0.46991,18.2606,53.32095,3.25831,5.05179,49.96,0624:49:07,1,08
20:13:56,0.17521,220.60,0.47257,18.2742,53.36066,3.25841,5.05179,49.96,0624:49:09,1,08
20:13:57,0.17601,220.50,0.46919,18.21981,53.20185,3.25841,5.05179,49.96,0624:49:10,1,08
20:14:02,0.17648,220.70,0.47104,18.35578,53.59887,3.25841,5.05179,49.96,0624:49:15,1,08
20:14:04,0.17545,220.60,0.47191,18.2742,53.36066,3.25841,5.05179,49.96,0624:49:17,1,08
20:14:05,0.17502,220.50,0.47113,18.19262,53.12244,3.25841,5.05179,49.96,0624:49:18,1,08
20:14:08,0.17526,220.60,0.474,18.34218,53.55917,3.25841,5.05179,49.97,0624:49:21,1,08
20:14:10,0.17441,220.60,0.47246,18.19262,53.12244,3.25841,5.05189,49.96,0624:49:23,1,08
20:14:14,0.17511,220.40,0.4757,18.36937,53.63857,3.25841,5.05189,49.97,0624:49:27,1,08
20:14:17,0.17511,220.20,0.47322,18.2606,53.32095,3.25851,5.05189,49.96,0624:49:30,1,08
20:14:21,0.17279,220.80,0.47471,18.12463,52.92392,3.25851,5.05189,49.97,0624:49:34,1,08
20:14:22,0.17492,220.70,0.47255,18.2606,53.32095,3.25851,5.05189,49.96,0624:49:35,1,08
20:14:23,0.17341,220.60,0.47726,18.2606,53.32095,3.25851,5.05189,49.96,0624:49:36,1,08
20:14:27,0.17379,220.30,0.47658,18.2606,53.32095,3.25851,5.05189,49.96,0624:49:40,1,08
20:14:30,0.17464,220.50,0.47636,18.35578,53.59887,3.25851,5.052,49.96,0624:49:43,1,08
20:14:31,0.17516,220.50,0.47537,18.36937,53.63857,3.25851,5.052,49.96,0624:49:44,1,08
20:14:33,0.17473,220.60,0.47391,18.2742,53.36066,3.25851,5.052,49.95,0624:49:46,1,08
20:14:34,0.17478,220.20,0.47069,18.12463,52.92392,3.25851,5.052,49.96,0624:49:47,1,08
20:14:35,0.17478,220.20,0.47069,18.12463,52.92392,3.25851,5.052,49.96,0624:49:48,1,08
20:14:37,0.17572,220.60,0.4737,18.36937,53.63857,3.25861,5.052,49.95,0624:49:50,1,08
20:14:40,0.17516,220.80,0.47013,18.19262,53.12244,3.25861,5.052,49.96,0624:49:54,1,08
20:14:45,0.17426,220.60,0.4703,18.08384,52.80481,3.25861,5.052,49.95,0624:49:58,1,08
20:14:47,0.17568,220.50,0.47158,18.2742,53.36066,3.25861,5.0521,49.95,0624:50:00,1,08
20:14:48,0.17587,220.60,0.47197,18.31499,53.47976,3.25861,5.0521,49.96,0624:50:01,1,08
20:14:49,0.17577,220.70,0.47267,18.34218,53.55917,3.25861,5.0521,49.96,0624:50:02,1,08
20:14:50,0.17666,220.70,0.47073,18.36937,53.63857,3.25861,5.0521,49.95,0624:50:03,1,08
20:14:51,0.17535,220.60,0.47154,18.247,53.28125,3.25861,5.0521,49.95,0624:50:04,1,08
20:14:52,0.17553,220.60,0.47193,18.28779,53.40036,3.25861,5.0521,49.96,0624:50:06,1,08
20:14:54,0.17577,220.50,0.4716,18.28779,53.40036,3.25861,5.0521,49.95,0624:50:07,1,08
20:14:57,0.17676,220.60,0.47003,18.34218,53.55917,3.25872,5.0521,49.96,0624:50:11,1,08
20:14:59,0.17587,220.80,0.47166,18.32858,53.51946,3.25872,5.0521,49.95,0624:50:12,1,08
20:15:00,0.17591,220.80,0.46956,18.247,53.28125,3.25872,5.0521,49.95,0624:50:13,1,08
20:15:01,0.17587,220.70,0.47094,18.28779,53.40036,3.25872,5.0521,49.95,0624:50:14,1,08
20:15:03,0.17633,220.40,0.47203,18.35578,53.59887,3.25872,5.0522,49.96,0624:50:17,1,08
20:15:04,0.17619,220.30,0.46919,18.21981,53.20185,3.25872,5.0522,49.94,0624:50:18,1,08
20:15:07,0.17568,220.40,0.47123,18.2606,53.32095,3.25872,5.0522,49.95,0624:50:20,1,08
20:15:08,0.17596,220.40,0.47162,18.30139,53.44006,3.25872,5.0522,49.95,0624:50:22,1,08
20:15:09,0.17629,220.40,0.47133,18.32858,53.51946,3.25872,5.0522,49.95,0624:50:23,1,08
20:15:10,0.17736,220.40,0.46975,18.36937,53.63857,3.25872,5.0522,49.95,0624:50:24,1,08
20:15:12,0.17671,219.80,0.47201,18.34218,53.55917,3.25872,5.0522,49.96,0624:50:25,1,08
20:15:14,0.17638,220.30,0.46783,18.19262,53.12244,3.25872,5.0522,49.96,0624:50:28,1,08
20:15:15,0.17778,220.30,0.46877,18.36937,53.63857,3.25882,5.0522,49.96,0624:50:29,1,08
20:15:17,0.17656,220.40,0.46997,18.30139,53.44006,3.25882,5.0522,49.95,0624:50:30,1,08
20:15:18,0.17722,220.50,0.46905,18.34218,53.55917,3.25882,5.0522,49.96,0624:50:31,1,08
20:15:19,0.1769,220.50,0.4676,18.247,53.28125,3.25882,5.0522,49.96,0624:50:33,1,08
20:15:20,0.17783,220.10,0.46667,18.2742,53.36066,3.25882,5.0522,49.95,0624:50:34,1,08
20:15:21,0.17768,220.20,0.47081,18.42376,53.79739,3.25882,5.0523,49.95,0624:50:35,1,08
20:15:22,0.17768,220.20,0.47081,18.42376,53.79739,3.25882,5.0523,49.95,0624:50:35,1,08
20:15:23,0.17643,220.10,0.46501,18.07024,52.76511,3.25882,5.0523,49.95,0624:50:36,1,08
20:15:25,0.17829,220.30,0.46471,18.2606,53.32095,3.25882,5.0523,49.96,0624:50:39,1,08
20:15:26,0.17741,220.30,0.46905,18.34218,53.55917,3.25882,5.0523,49.95,0624:50:40,1,08
20:15:28,0.17741,220.40,0.46734,18.28779,53.40036,3.25882,5.0523,49.95,0624:50:41,1,08
20:15:34,0.17815,220.20,0.46639,18.30139,53.44006,3.25882,5.0523,49.95,0624:50:47,1,08
20:15:35,0.17783,220.30,0.46602,18.2742,53.36066,3.25892,5.0523,49.95,0624:50:49,1,08
20:15:36,0.17643,220.50,0.46855,18.23341,53.24155,3.25892,5.0523,49.96,0624:50:50,1,08
20:15:38,0.17648,220.30,0.47205,18.36937,53.63857,3.25892,5.0524,49.96,0624:50:52,1,08
20:15:41,0.17624,220.10,0.47234,18.34218,53.55917,3.25892,5.0524,49.96,0624:50:55,1,08
20:15:42,0.17582,220.10,0.47156,18.2606,53.32095,3.25892,5.0524,49.96,0624:50:56,1,08
20:15:43,0.17545,220.10,0.47185,18.23341,53.24155,3.25892,5.0524,49.96,0624:50:57,1,08
20:15:45,0.17741,220.30,0.47218,18.46455,53.91649,3.25892,5.0524,49.95,0624:50:59,1,08
20:15:46,0.17614,220.30,0.47339,18.38297,53.67828,3.25892,5.0524,49.95,0624:50:59,1,08
20:15:47,0.17596,220.10,0.47439,18.38297,53.67828,3.25892,5.0524,49.95,0624:51:01,1,08
20:15:48,0.17478,220.10,0.47138,18.13823,52.96363,3.25892,5.0524,49.96,0624:51:02,1,08
20:15:49,0.17568,220.10,0.47013,18.19262,53.12244,3.25892,5.0524,49.96,0624:51:03,1,08
20:15:52,0.17577,220.20,0.47296,18.31499,53.47976,3.25892,5.0524,49.96,0624:51:05,1,08
20:15:53,0.17718,220.30,0.4704,18.36937,53.63857,3.25892,5.0524,49.96,0624:51:06,1,08
20:15:54,0.17676,220.40,0.47034,18.32858,53.51946,3.25892,5.0524,49.96,0624:51:07,1,08
20:15:56,0.17676,220.30,0.4686,18.2606,53.32095,3.25902,5.0524,49.96,0624:51:09,1,08
20:15:59,0.17764,219.80,0.46903,18.32858,53.51946,3.25902,5.0525,49.95,0624:51:12,1,08
20:16:00,0.17741,219.90,0.46794,18.2606,53.32095,3.25902,5.0525,49.95,0624:51:13,1,08
20:16:01,0.17671,220.00,0.46925,18.2606,53.32095,3.25902,5.0525,49.95,0624:51:14,1,08
20:16:04,0.17666,220.00,0.47308,18.39657,53.71798,3.25902,5.0525,49.95,0624:51:17,1,08
20:16:05,0.17783,219.90,0.46873,18.34218,53.55917,3.25902,5.0525,49.95,0624:51:18,1,08
20:16:08,0.17596,219.80,0.47013,18.19262,53.12244,3.25902,5.0525,49.96,0624:51:21,1,08
20:16:09,0.17731,219.90,0.46864,18.28779,53.40036,3.25902,5.0525,49.96,0624:51:22,1,08
20:16:10,0.17856,219.90,0.46713,18.35578,53.59887,3.25902,5.0525,49.95,0624:51:23,1,08
20:16:12,0.17848,219.90,0.47195,18.53254,54.11501,3.25902,5.0525,49.95,0624:51:25,1,08
20:16:13,0.18018,219.90,0.46571,18.46455,53.91649,3.25902,5.0525,49.95,0624:51:26,1,08
20:16:14,0.17894,219.80,0.46823,18.43736,53.83709,3.25902,5.05261,49.95,0624:51:27,1,08
20:16:16,0.17713,219.80,0.47102,18.34218,53.55917,3.25912,5.05261,49.96,0624:51:29,1,08
20:16:17,0.17843,219.80,0.47228,18.53254,54.11501,3.25912,5.05261,49.96,0624:51:30,1,08
20:16:20,0.1805,220.20,0.46409,18.45096,53.87679,3.25912,5.05261,49.95,0624:51:33,1,08
20:16:21,0.17889,220.30,0.46862,18.47815,53.9562,3.25912,5.05261,49.95,0624:51:34,1,08
20:16:22,0.17833,220.20,0.47024,18.47815,53.9562,3.25912,5.05261,49.96,0624:51:35,1,08
20:16:24,0.18027,219.90,0.46744,18.54613,54.15471,3.25912,5.05261,49.96,0624:51:37,1,08
20:16:26,0.17875,219.90,0.47026,18.49175,53.9959,3.25912,5.05261,49.95,0624:51:39,1,08
20:16:28,0.17879,220.20,0.46961,18.49175,53.9959,3.25912,5.05261,49.95,0624:51:41,1,08
20:16:29,0.17879,220.20,0.46961,18.49175,53.9959,3.25912,5.05261,49.95,0624:51:42,1,08
20:16:30,0.17999,220.10,0.46571,18.46455,53.91649,3.25912,5.05261,49.95,0624:51:43,1,08
20:16:31,0.17889,220.00,0.47099,18.54613,54.15471,3.25912,5.05261,49.95,0624:51:44,1,08
20:16:32,0.1793,219.70,0.47103,18.57333,54.23412,3.25912,5.05271,49.96,0624:51:45,1,08
20:16:33,0.17907,219.50,0.46925,18.46455,53.91649,3.25912,5.05271,49.96,0624:51:46,1,08
20:16:38,0.17958,219.90,0.47006,18.57333,54.23412,3.25922,5.05271,49.96,0624:51:51,1,08
20:16:39,0.17925,219.90,0.46632,18.45096,53.87679,3.25922,5.05271,49.96,0624:51:52,1,08
20:16:40,0.17843,219.90,0.4702,18.45096,53.87679,3.25922,5.05271,49.96,0624:51:53,1,08
20:16:41,0.17843,219.90,0.4702,18.45096,53.87679,3.25922,5.05271,49.96,0624:51:54,1,08
20:16:42,0.17852,219.80,0.46641,18.31499,53.47976,3.25922,5.05271,49.97,0624:51:55,1,08
20:16:43,0.17935,219.80,0.47037,18.55973,54.19442,3.25922,5.05271,49.97,0624:51:56,1,08
20:16:45,0.17833,220.00,0.46988,18.45096,53.87679,3.25922,5.05271,49.97,0624:51:58,1,08
20:16:46,0.17866,219.90,0.46888,18.43736,53.83709,3.25922,5.05271,49.96,0624:51:59,1,08
20:16:47,0.17866,219.90,0.46888,18.43736,53.83709,3.25922,5.05271,49.96,0624:52:00,1,08
20:16:48,0.17958,219.90,0.47281,18.6821,54.55175,3.25922,5.05271,49.97,0624:52:01,1,08
20:16:50,0.17783,219.60,0.46973,18.35578,53.59887,3.25922,5.05281,49.96,0624:52:03,1,08
20:16:52,0.17806,219.70,0.47012,18.39657,53.71798,3.25922,5.05281,49.96,0624:52:05,1,08
20:16:53,0.17806,219.70,0.47012,18.39657,53.71798,3.25922,5.05281,49.96,0624:52:06,1,08
20:16:55,0.18013,219.90,0.46845,18.57333,54.23412,3.25932,5.05281,49.96,0624:52:08,1,08
20:17:00,0.18009,220.00,0.46811,18.55973,54.19442,3.25932,5.05281,49.96,0624:52:13,1,08
20:17:01,0.17768,220.00,0.47288,18.49175,53.9959,3.25932,5.05281,49.96,0624:52:14,1,08
20:17:02,0.17638,220.00,0.47164,18.31499,53.47976,3.25932,5.05281,49.95,0624:52:15,1,08
20:17:03,0.17624,220.00,0.47162,18.30139,53.44006,3.25932,5.05281,49.95,0624:52:17,1,08
20:17:05,0.17535,219.90,0.47428,18.30139,53.44006,3.25932,5.05281,49.96,0624:52:18,1,08
20:17:06,0.17445,219.70,0.4766,18.2742,53.36066,3.25932,5.05281,49.96,0624:52:19,1,08
20:17:07,0.17431,219.80,0.47516,18.20621,53.16214,3.25932,5.05291,49.96,0624:52:20,1,08
20:17:09,0.17545,219.90,0.47393,18.28779,53.40036,3.25932,5.05291,49.96,0624:52:23,1,08
20:17:11,0.15298,219.80,0.4329,14.56225,42.52177,3.25932,5.05291,49.95,0624:52:24,1,08
20:17:12,0.13529,219.60,0.40119,11.92446,34.81942,3.25932,5.05291,49.96,0624:52:25,1,08
20:17:13,0.13565,219.80,0.39927,11.91086,34.77971,3.25932,5.05291,49.96,0624:52:26,1,08
20:17:14,0.13522,219.50,0.40018,11.88367,34.70031,3.25932,5.05291,49.95,0624:52:27,1,08
20:17:15,0.13498,219.50,0.39817,11.80208,34.46209,3.25942,5.05291,49.95,0624:52:29,1,08
20:17:16,0.13498,219.60,0.40046,11.87007,34.6606,3.25942,5.05291,49.96,0624:52:30,1,08
20:17:17,0.13498,219.60,0.40046,11.87007,34.6606,3.25942,5.05291,49.96,0624:52:30,1,08
20:17:20,0.13474,220.00,0.40055,11.88367,34.70031,3.25942,5.05291,49.96,0624:52:34,1,08
20:17:21,0.13504,219.80,0.40064,11.89726,34.74001,3.25942,5.05291,49.96,0624:52:35,1,08
20:17:22,0.13504,219.80,0.40064,11.89726,34.74001,3.25942,5.05291,49.96,0624:52:35,1,08
20:17:23,0.1348,219.80,0.39771,11.78849,34.42239,3.25942,5.05291,49.96,0624:52:36,1,08
20:17:24,0.1359,219.70,0.39754,11.87007,34.6606,3.25942,5.05291,49.95,0624:52:37,1,08
20:17:26,0.13474,219.90,0.40046,11.87007,34.6606,3.25942,5.05301,49.94,0624:52:40,1,08
20:17:27,0.13498,220.00,0.39982,11.88367,34.70031,3.25942,5.05301,49.94,0624:52:41,1,08
20:17:30,0.13535,220.10,0.39963,11.91086,34.77971,3.25942,5.05301,49.95,0624:52:43,1,08
20:17:31,0.13486,220.10,0.39927,11.85647,34.6209,3.25942,5.05301,49.95,0624:52:45,1,08
20:17:32,0.13486,220.00,0.39789,11.81568,34.50179,3.25942,5.05301,49.96,0624:52:46,1,08
20:17:33,0.13577,220.00,0.39809,11.89726,34.74001,3.25942,5.05301,49.96,0624:52:47,1,08
20:17:35,0.13468,220.00,0.40092,11.88367,34.70031,3.25942,5.05301,49.96,0624:52:48,1,08
20:17:36,0.13468,220.00,0.4,11.85647,34.6209,3.25942,5.05301,49.97,0624:52:49,1,08
20:17:37,0.13498,220.00,0.40073,11.91086,34.77971,3.25942,5.05301,49.97,0624:52:51,1,08
20:17:38,0.13511,220.10,0.39991,11.89726,34.74001,3.25942,5.05301,49.95,0624:52:52,1,08
20:17:39,0.13559,220.00,0.39936,11.92446,34.81942,3.25942,5.05301,49.95,0624:52:53,1,08
20:17:40,0.13425,219.90,0.40101,11.84288,34.5812,3.25942,5.05301,49.97,0624:52:53,1,08
20:17:41,0.13468,219.90,0.39991,11.84288,34.5812,3.25942,5.05301,49.97,0624:52:54,1,08
20:17:42,0.13443,220.10,0.40174,11.89726,34.74001,3.25942,5.05301,49.96,0624:52:56,1,08
20:17:44,0.13431,220.30,0.40083,11.87007,34.6606,3.25942,5.05301,49.97,0624:52:58,1,08
20:17:45,0.13461,220.30,0.40101,11.89726,34.74001,3.25952,5.05301,49.97,0624:52:59,1,08
20:17:47,0.13504,220.20,0.40037,11.91086,34.77971,3.25952,5.05311,49.96,0624:53:00,1,08
20:17:49,0.1348,219.90,0.39643,11.7613,34.34298,3.25952,5.05311,49.96,0624:53:03,1,08
20:17:51,0.13704,220.10,0.40225,12.14201,35.45466,3.25952,5.05311,49.96,0624:53:04,1,08
20:17:52,0.13584,220.50,0.40109,12.01964,35.09734,3.25952,5.05311,49.96,0624:53:05,1,08
20:17:54,0.13517,220.70,0.39836,11.88367,34.70031,3.25952,5.05311,49.96,0624:53:07,1,08
20:17:55,0.13449,220.60,0.40018,11.88367,34.70031,3.25952,5.05311,49.96,0624:53:08,1,08
20:17:56,0.13468,220.50,0.39982,11.88367,34.70031,3.25952,5.05311,49.96,0624:53:09,1,08
20:17:57,0.13437,220.40,0.40138,11.89726,34.74001,3.25952,5.05311,49.96,0624:53:10,1,08
20:17:58,0.13474,220.20,0.40018,11.88367,34.70031,3.25952,5.05311,49.97,0624:53:11,1,08
20:17:59,0.13486,220.10,0.39698,11.78849,34.42239,3.25952,5.05311,49.97,0624:53:11,1,08
20:18:03,0.13547,220.10,0.39881,11.89726,34.74001,3.25952,5.05311,49.96,0624:53:16,1,08
20:18:05,0.13535,219.90,0.39909,11.88367,34.70031,3.25952,5.05311,49.97,0624:53:18,1,08
20:18:06,0.13553,219.70,0.39872,11.88367,34.70031,3.25952,5.05311,49.97,0624:53:19,1,08
20:18:07,0.13522,219.70,0.39616,11.77489,34.38269,3.25952,5.05311,49.95,0624:53:20,1,08
20:18:13,0.13517,220.20,0.4,11.91086,34.77971,3.25952,5.05322,49.97,0624:53:26,1,08
20:18:14,0.13559,220.10,0.39891,11.91086,34.77971,3.25952,5.05322,49.97,0624:53:27,1,08
20:18:15,0.13425,220.00,0.39917,11.78849,34.42239,3.25952,5.05322,49.96,0624:53:28,1,08
20:18:17,0.13522,220.20,0.39918,11.89726,34.74001,3.25962,5.05322,49.97,0624:53:30,1,08
20:18:18,0.13535,220.30,0.3979,11.87007,34.6606,3.25962,5.05322,49.97,0624:53:31,1,08
20:18:19,0.13517,220.40,0.39918,11.89726,34.74001,3.25962,5.05322,49.96,0624:53:32,1,08
20:18:22,0.13419,220.50,0.40211,11.89726,34.74001,3.25962,5.05322,49.97,0624:53:35,1,08
20:18:23,0.13431,220.40,0.40174,11.89726,34.74001,3.25962,5.05322,49.97,0624:53:36,1,08
20:18:25,0.13425,220.40,0.40119,11.87007,34.6606,3.25962,5.05322,49.97,0624:53:38,1,08
20:18:28,0.13492,220.80,0.39918,11.89726,34.74001,3.25962,5.05332,49.97,0624:53:41,1,08
20:18:31,0.13394,220.70,0.40349,11.93806,34.85912,3.25962,5.05332,49.96,0624:53:44,1,08
20:18:33,0.13449,220.50,0.39917,11.84288,34.5812,3.25962,5.05332,49.96,0624:53:46,1,08
20:18:34,0.13425,220.50,0.40037,11.85647,34.6209,3.25962,5.05332,49.97,0624:53:47,1,08
20:18:41,0.13443,220.00,0.40119,11.87007,34.6606,3.25962,5.05332,49.96,0624:53:54,1,08
20:18:42,0.13443,220.00,0.40119,11.87007,34.6606,3.25962,5.05332,49.96,0624:53:55,1,08
20:18:45,0.13407,220.50,0.40119,11.87007,34.6606,3.25962,5.05332,49.95,0624:53:58,1,08
20:18:46,0.134,220.50,0.40294,11.91086,34.77971,3.25972,5.05332,49.96,0624:53:59,1,08
20:18:47,0.13394,220.40,0.40239,11.88367,34.70031,3.25972,5.05332,49.96,0624:54:00,1,08
20:18:48,0.1332,220.50,0.40093,11.77489,34.38269,3.25972,5.05342,49.96,0624:54:01,1,08
20:18:51,0.13369,220.40,0.40268,11.87007,34.6606,3.25972,5.05342,49.95,0624:54:04,1,08
20:18:52,0.13486,220.60,0.39909,11.88367,34.70031,3.25972,5.05342,49.96,0624:54:05,1,08
20:18:53,0.13547,220.70,0.40409,12.08762,35.29585,3.25972,5.05342,49.96,0624:54:06,1,08
20:18:56,0.13668,220.40,0.40478,12.19639,35.61347,3.25972,5.05342,49.96,0624:54:09,1,08
20:18:57,0.13529,220.20,0.39827,11.87007,34.6606,3.25972,5.05342,49.96,0624:54:10,1,08
20:18:59,0.13511,220.50,0.39827,11.87007,34.6606,3.25972,5.05342,49.95,0624:54:12,1,08
20:19:01,0.13486,220.50,0.39899,11.87007,34.6606,3.25972,5.05342,49.94,0624:54:14,1,08
20:19:02,0.13449,220.50,0.40101,11.89726,34.74001,3.25972,5.05342,49.95,0624:54:15,1,08
20:19:04,0.13394,220.20,0.39954,11.78849,34.42239,3.25972,5.05342,49.94,0624:54:17,1,08
20:19:06,0.13425,220.40,0.40119,11.87007,34.6606,3.25972,5.05342,49.95,0624:54:19,1,08
20:19:07,0.13425,220.40,0.40119,11.87007,34.6606,3.25972,5.05342,49.95,0624:54:20,1,08
20:19:09,0.13369,220.40,0.40314,11.88367,34.70031,3.25972,5.05352,49.96,0624:54:22,1,08
20:19:11,0.13529,220.30,0.40155,11.97884,34.97823,3.25972,5.05352,49.95,0624:54:24,1,08
20:19:12,0.13486,220.10,0.39698,11.78849,34.42239,3.25972,5.05352,49.96,0624:54:26,1,08
20:19:13,0.13486,220.10,0.39698,11.78849,34.42239,3.25972,5.05352,49.96,0624:54:26,1,08
20:19:14,0.13498,220.40,0.39863,11.87007,34.6606,3.25972,5.05352,49.95,0624:54:27,1,08
20:19:15,0.13437,220.60,0.40009,11.87007,34.6606,3.25972,5.05352,49.95,0624:54:28,1,08
20:19:21,0.13468,220.30,0.39744,11.80208,34.46209,3.25982,5.05352,49.96,0624:54:34,1,08
20:19:23,0.13492,220.20,0.39936,11.87007,34.6606,3.25982,5.05352,49.96,0624:54:37,1,08
20:19:24,0.13511,220.30,0.39954,11.89726,34.74001,3.25982,5.05352,49.95,0624:54:38,1,08
20:19:26,0.13522,219.50,0.39927,11.85647,34.6209,3.25982,5.05352,49.96,0624:54:39,1,08
20:19:27,0.13492,219.90,0.40055,11.88367,34.70031,3.25982,5.05352,49.96,0624:54:40,1,08
20:19:28,0.13388,219.90,0.40397,11.89726,34.74001,3.25982,5.05362,49.96,0624:54:42,1,08
20:19:30,0.13412,219.90,0.40276,11.88367,34.70031,3.25982,5.05362,49.96,0624:54:43,1,08
20:19:32,0.13468,220.10,0.40009,11.87007,34.6606,3.25982,5.05362,49.96,0624:54:45,1,08
20:19:33,0.13474,220.20,0.39963,11.85647,34.6209,3.25982,5.05362,49.96,0624:54:46,1,08
20:19:34,0.13443,220.20,0.40083,11.87007,34.6606,3.25982,5.05362,49.96,0624:54:48,1,08
20:19:36,0.13437,220.10,0.40211,11.89726,34.74001,3.25982,5.05362,49.96,0624:54:49,1,08
20:19:37,0.13498,220.00,0.39744,11.80208,34.46209,3.25982,5.05362,49.96,0624:54:50,1,08
20:19:38,0.13837,219.90,0.40134,12.22359,35.69288,3.25982,5.05362,49.96,0624:54:51,1,08
20:19:39,0.13657,219.90,0.39412,11.84288,34.5812,3.25982,5.05362,49.96,0624:54:53,1,08
20:19:40,0.13565,219.90,0.39754,11.87007,34.6606,3.25982,5.05362,49.95,0624:54:54,1,08
20:19:41,0.13559,220.00,0.39699,11.84288,34.5812,3.25982,5.05362,49.95,0624:54:55,1,08
20:19:42,0.13535,220.00,0.39909,11.88367,34.70031,3.25982,5.05362,49.97,0624:54:55,1,08
20:19:43,0.13541,220.10,0.39918,11.89726,34.74001,3.25982,5.05362,49.97,0624:54:56,1,08
20:19:46,0.13595,220.00,0.39464,11.81568,34.50179,3.25993,5.05362,49.96,0624:55:00,1,08
20:19:49,0.13565,220.20,0.39672,11.85647,34.6209,3.25993,5.05362,49.97,0624:55:01,1,08
20:19:51,0.13522,220.30,0.39781,11.85647,34.6209,3.25993,5.05372,49.97,0624:55:04,1,08
20:19:53,0.13553,220.30,0.39845,11.89726,34.74001,3.25993,5.05372,49.97,0624:55:06,1,08
20:19:54,0.13572,220.20,0.39773,11.89726,34.74001,3.25993,5.05372,49.97,0624:55:06,1,08
20:19:55,0.13468,220.10,0.39643,11.7613,34.34298,3.25993,5.05372,49.97,0624:55:07,1,08
20:19:56,0.13522,220.20,0.39863,11.87007,34.6606,3.25993,5.05372,49.97,0624:55:09,1,08
20:19:58,0.13626,220.40,0.39955,12.00604,35.05763,3.25993,5.05372,49.95,0624:55:11,1,08
20:19:59,0.13547,220.40,0.39718,11.87007,34.6606,3.25993,5.05372,49.96,0624:55:12,1,08
20:20:03,0.13455,220.10,0.39669,11.7477,34.30328,3.25993,5.05372,49.96,0624:55:16,1,08
20:20:04,0.13498,220.00,0.39927,11.85647,34.6209,3.25993,5.05372,49.96,0624:55:17,1,08
20:20:05,0.13504,220.00,0.39844,11.84288,34.5812,3.25993,5.05372,49.96,0624:55:18,1,08
20:20:06,0.1359,220.10,0.39682,11.87007,34.6606,3.25993,5.05372,49.96,0624:55:18,1,08
20:20:07,0.13584,220.20,0.39727,11.88367,34.70031,3.25993,5.05372,49.96,0624:55:20,1,08
20:20:08,0.13535,220.20,0.3979,11.87007,34.6606,3.25993,5.05372,49.96,0624:55:21,1,08
20:20:09,0.13559,220.10,0.39891,11.91086,34.77971,3.25993,5.05372,49.96,0624:55:22,1,08
20:20:10,0.13541,220.00,0.39827,11.87007,34.6606,3.25993,5.05382,49.96,0624:55:23,1,08
20:20:11,0.13504,219.90,0.39652,11.77489,34.38269,3.25993,5.05382,49.96,0624:55:24,1,08
20:20:12,0.1368,219.80,0.39693,11.93806,34.85912,3.25993,5.05382,49.96,0624:55:25,1,08
20:20:13,0.13541,219.90,0.39827,11.87007,34.6606,3.25993,5.05382,49.96,0624:55:26,1,08
20:20:24,0.13486,220.40,0.39899,11.87007,34.6606,3.26003,5.05382,49.96,0624:55:37,1,08
20:20:27,0.13504,220.10,0.39671,11.80208,34.46209,3.26003,5.05382,49.95,0624:55:40,1,08
20:20:28,0.13535,220.20,0.39745,11.85647,34.6209,3.26003,5.05382,49.95,0624:55:41,1,08
20:20:29,0.13535,220.20,0.39745,11.85647,34.6209,3.26003,5.05382,49.95,0624:55:42,1,08
20:20:30,0.13498,220.40,0.39909,11.88367,34.70031,3.26003,5.05393,49.95,0624:55:43,1,08
20:20:31,0.13565,220.30,0.39682,11.87007,34.6606,3.26003,5.05393,49.95,0624:55:44,1,08
20:20:33,0.13517,219.80,0.39844,11.84288,34.5812,3.26003,5.05393,49.95,0624:55:46,1,08
20:20:35,0.13577,220.00,0.39672,11.85647,34.6209,3.26003,5.05393,49.95,0624:55:48,1,08
20:20:38,0.13474,220.20,0.39973,11.87007,34.6606,3.26003,5.05393,49.94,0624:55:51,1,08
20:20:39,0.13468,220.10,0.40092,11.88367,34.70031,3.26003,5.05393,49.96,0624:55:52,1,08
20:20:40,0.13504,220.00,0.39707,11.80208,34.46209,3.26003,5.05393,49.95,0624:55:53,1,08
20:20:42,0.13498,220.00,0.39844,11.84288,34.5812,3.26003,5.05393,49.95,0624:55:55,1,08
20:20:44,0.13522,220.30,0.39827,11.87007,34.6606,3.26003,5.05393,49.95,0624:55:57,1,08
20:20:46,0.13517,220.30,0.39872,11.88367,34.70031,3.26003,5.05393,49.96,0624:55:59,1,08
20:20:47,0.13541,220.20,0.39836,11.88367,34.70031,3.26003,5.05393,49.96,0624:56:00,1,08
20:20:48,0.13541,220.20,0.39836,11.88367,34.70031,3.26013,5.05393,49.96,0624:56:01,1,08
20:20:52,0.13455,220.40,0.39963,11.85647,34.6209,3.26013,5.05403,49.96,0624:56:05,1,08
20:20:54,0.13517,220.20,0.39863,11.87007,34.6606,3.26013,5.05403,49.96,0624:56:07,1,08
20:20:55,0.13577,220.20,0.39773,11.89726,34.74001,3.26013,5.05403,49.95,0624:56:08,1,08
20:20:57,0.13511,220.10,0.39945,11.88367,34.70031,3.26013,5.05403,49.96,0624:56:10,1,08
20:21:00,0.13692,220.50,0.39919,12.06043,35.21645,3.26013,5.05403,49.96,0624:56:13,1,08
20:21:01,0.1348,220.50,0.3989,11.85647,34.6209,3.26013,5.05403,49.96,0624:56:14,1,08
20:21:03,0.13455,219.90,0.39761,11.77489,34.38269,3.26013,5.05403,49.95,0624:56:16,1,08
20:21:04,0.13498,219.70,0.39872,11.82928,34.5415,3.26013,5.05403,49.96,0624:56:17,1,08
20:21:06,0.13535,219.90,0.39817,11.85647,34.6209,3.26013,5.05403,49.96,0624:56:19,1,08
20:21:10,0.13517,219.60,0.39927,11.85647,34.6209,3.26013,5.05413,49.96,0624:56:23,1,08
20:21:12,0.13431,219.50,0.40046,11.81568,34.50179,3.26013,5.05413,49.95,0624:56:25,1,08
20:21:13,0.13529,219.60,0.39844,11.84288,34.5812,3.26013,5.05413,49.95,0624:56:26,1,08
20:21:14,0.13529,219.70,0.39936,11.87007,34.6606,3.26013,5.05413,49.95,0624:56:27,1,08
20:21:17,0.13437,219.70,0.40239,11.88367,34.70031,3.26013,5.05413,49.94,0624:56:30,1,08
20:21:18,0.13412,219.50,0.39843,11.7341,34.26358,3.26023,5.05413,49.95,0624:56:31,1,08
20:21:19,0.13425,219.60,0.40268,11.87007,34.6606,3.26023,5.05413,49.95,0624:56:32,1,08
20:21:20,0.13486,219.70,0.40046,11.87007,34.6606,3.26023,5.05413,49.96,0624:56:33,1,08
20:21:22,0.13468,220.00,0.40046,11.87007,34.6606,3.26023,5.05413,49.95,0624:56:35,1,08
20:21:23,0.13535,220.10,0.39735,11.84288,34.5812,3.26023,5.05413,49.95,0624:56:37,1,08
20:21:25,0.13565,219.70,0.39745,11.85647,34.6209,3.26023,5.05413,49.95,0624:56:38,1,08
20:21:27,0.13559,219.80,0.39745,11.85647,34.6209,3.26023,5.05413,49.95,0624:56:40,1,08
20:21:28,0.13504,219.90,0.39881,11.84288,34.5812,3.26023,5.05413,49.95,0624:56:41,1,08
20:21:30,0.13522,220.10,0.39817,11.85647,34.6209,3.26023,5.05413,49.96,0624:56:43,1,08
20:21:32,0.13553,220.00,0.39836,11.88367,34.70031,3.26023,5.05423,49.95,0624:56:45,1,08
20:21:35,0.13644,219.70,0.39438,11.82928,34.5415,3.26023,5.05423,49.95,0624:56:49,1,08
20:21:36,0.13553,219.70,0.39735,11.84288,34.5812,3.26023,5.05423,49.95,0624:56:49,1,08
20:21:38,0.13565,219.80,0.39745,11.85647,34.6209,3.26023,5.05423,49.95,0624:56:51,1,08
20:21:40,0.13602,219.80,0.39727,11.88367,34.70031,3.26023,5.05423,49.95,0624:56:54,1,08
20:21:41,0.13504,219.80,0.39973,11.87007,34.6606,3.26023,5.05423,49.95,0624:56:54,1,08
20:21:42,0.13412,219.60,0.3976,11.7205,34.22387,3.26023,5.05423,49.96,0624:56:55,1,08
20:21:43,0.13614,219.60,0.39682,11.87007,34.6606,3.26023,5.05423,49.96,0624:56:56,1,08
20:21:44,0.13626,219.80,0.3961,11.87007,34.6606,3.26023,5.05423,49.95,0624:56:57,1,08
20:21:46,0.13572,220.10,0.39672,11.85647,34.6209,3.26023,5.05423,49.96,0624:57:00,1,08
20:21:47,0.13565,220.20,0.39718,11.87007,34.6606,3.26023,5.05423,49.96,0624:57:00,1,08
20:21:48,0.13771,220.10,0.4,12.12841,35.41496,3.26023,5.05423,49.95,0624:57:01,1,08
20:21:51,0.13572,219.90,0.3939,11.7613,34.34298,3.26033,5.05423,49.96,0624:57:03,1,08
20:21:52,0.13584,219.90,0.39672,11.85647,34.6209,3.26033,5.05433,49.96,0624:57:05,1,08
20:21:54,0.13572,220.40,0.39591,11.84288,34.5812,3.26033,5.05433,49.95,0624:57:07,1,08
20:21:55,0.13595,220.50,0.39574,11.87007,34.6606,3.26033,5.05433,49.94,0624:57:07,1,08
20:21:57,0.13522,220.50,0.39836,11.88367,34.70031,3.26033,5.05433,49.95,0624:57:10,1,08
20:21:58,0.13584,220.50,0.39655,11.88367,34.70031,3.26033,5.05433,49.95,0624:57:11,1,08
20:22:00,0.1362,220.50,0.39502,11.87007,34.6606,3.26033,5.05433,49.96,0624:57:12,1,08
20:22:01,0.1359,220.40,0.39564,11.85647,34.6209,3.26033,5.05433,49.96,0624:57:13,1,08
20:22:02,0.13553,220.40,0.39581,11.82928,34.5415,3.26033,5.05433,49.96,0624:57:15,1,08
20:22:03,0.13759,220.60,0.39749,12.07402,35.25615,3.26033,5.05433,49.96,0624:57:16,1,08
20:22:06,0.13595,220.40,0.39619,11.88367,34.70031,3.26033,5.05433,49.97,0624:57:18,1,08
20:22:07,0.13535,220.40,0.39435,11.77489,34.38269,3.26033,5.05433,49.96,0624:57:19,1,08
20:22:08,0.1362,220.50,0.39457,11.85647,34.6209,3.26033,5.05433,49.96,0624:57:21,1,08
20:22:09,0.13602,220.50,0.39483,11.84288,34.5812,3.26033,5.05433,49.95,0624:57:22,1,08
20:22:10,0.13711,220.50,0.39209,11.85647,34.6209,3.26033,5.05433,49.95,0624:57:23,1,08
20:22:11,0.13662,220.50,0.39395,11.87007,34.6606,3.26033,5.05443,49.95,0624:57:24,1,08
20:22:12,0.13699,220.50,0.39649,11.97884,34.97823,3.26033,5.05443,49.95,0624:57:24,1,08
20:22:13,0.1362,220.60,0.39547,11.88367,34.70031,3.26033,5.05443,49.96,0624:57:26,1,08
20:22:18,0.13595,220.40,0.39438,11.82928,34.5415,3.26033,5.05443,49.95,0624:57:30,1,08
20:22:19,0.13553,220.50,0.39682,11.87007,34.6606,3.26033,5.05443,49.96,0624:57:32,1,08
20:22:21,0.1359,220.40,0.39701,11.89726,34.74001,3.26043,5.05443,49.96,0624:57:34,1,08
20:22:22,0.13547,220.30,0.3937,11.88367,34.70031,3.26043,5.05443,49.96,0624:57:35,1,08
20:22:29,0.13626,220.40,0.39502,11.87007,34.6606,3.26043,5.05443,49.94,0624:57:41,1,08
20:22:30,0.13668,220.30,0.3944,11.88367,34.70031,3.26043,5.05443,49.94,0624:57:43,1,08
20:22:33,0.13602,220.30,0.39574,11.87007,34.6606,3.26043,5.05453,49.95,0624:57:46,1,08
20:22:34,0.1362,220.40,0.39447,11.84288,34.5812,3.26043,5.05453,49.95,0624:57:47,1,08
20:22:35,0.1362,220.40,0.39447,11.84288,34.5812,3.26043,5.05453,49.95,0624:57:48,1,08
20:22:36,0.13595,220.30,0.39701,11.89726,34.74001,3.26043,5.05453,49.95,0624:57:49,1,08
20:22:37,0.13577,220.20,0.39636,11.85647,34.6209,3.26043,5.05453,49.95,0624:57:50,1,08
20:22:40,0.13565,220.20,0.39763,11.88367,34.70031,3.26043,5.05453,49.95,0624:57:53,1,08
20:22:41,0.13565,220.20,0.39763,11.88367,34.70031,3.26043,5.05453,49.95,0624:57:54,1,08
20:22:42,0.13553,220.30,0.39627,11.84288,34.5812,3.26043,5.05453,49.95,0624:57:55,1,08
20:22:43,0.13559,220.50,0.39636,11.85647,34.6209,3.26043,5.05453,49.95,0624:57:56,1,08
20:22:45,0.13547,220.10,0.3979,11.87007,34.6606,3.26043,5.05453,49.94,0624:57:58,1,08
20:22:46,0.13504,220.00,0.3957,11.7613,34.34298,3.26043,5.05453,49.94,0624:57:59,1,08
20:22:47,0.13504,220.00,0.3957,11.7613,34.34298,3.26043,5.05453,49.94,0624:58:00,1,08
20:22:48,0.13517,220.30,0.39863,11.87007,34.6606,3.26043,5.05453,49.94,0624:58:01,1,08
20:22:50,0.13535,220.40,0.39709,11.85647,34.6209,3.26053,5.05453,49.94,0624:58:03,1,08
20:22:51,0.13517,220.20,0.39772,11.84288,34.5812,3.26053,5.05463,49.94,0624:58:04,1,08
20:22:52,0.14049,219.90,0.40325,12.46833,36.40753,3.26053,5.05463,49.95,0624:58:05,1,08
20:22:53,0.14049,219.90,0.40325,12.46833,36.40753,3.26053,5.05463,49.95,0624:58:06,1,08
20:22:56,0.13504,220.30,0.39817,11.85647,34.6209,3.26053,5.05463,49.95,0624:58:09,1,08
20:22:58,0.13535,220.60,0.39709,11.85647,34.6209,3.26053,5.05463,49.95,0624:58:11,1,08
20:23:01,0.13369,220.20,0.39889,11.7477,34.30328,3.26053,5.05463,49.94,0624:58:14,1,08
20:23:02,0.13492,220.10,0.39844,11.84288,34.5812,3.26053,5.05463,49.95,0624:58:15,1,08
20:23:03,0.13468,220.30,0.39917,11.84288,34.5812,3.26053,5.05463,49.95,0624:58:16,1,08
20:23:05,0.1348,220.60,0.39854,11.85647,34.6209,3.26053,5.05463,49.95,0624:58:18,1,08
20:23:06,0.13559,220.60,0.40182,12.01964,35.09734,3.26053,5.05463,49.95,0624:58:19,1,08
20:23:07,0.13449,220.60,0.40018,11.88367,34.70031,3.26053,5.05463,49.95,0624:58:20,1,08
20:23:08,0.13461,220.50,0.3956,11.7477,34.30328,3.26053,5.05463,49.94,0624:58:21,1,08
20:23:10,0.13474,220.50,0.3989,11.85647,34.6209,3.26053,5.05463,49.95,0624:58:23,1,08
20:23:12,0.13529,220.60,0.39663,11.84288,34.5812,3.26053,5.05474,49.95,0624:58:25,1,08
20:23:17,0.13498,220.30,0.39899,11.87007,34.6606,3.26053,5.05474,49.96,0624:58:30,1,08
20:23:18,0.13584,220.40,0.3961,11.87007,34.6606,3.26053,5.05474,49.94,0624:58:31,1,08
20:23:19,0.13541,220.60,0.39718,11.87007,34.6606,3.26053,5.05474,49.94,0624:58:32,1,08
20:23:20,0.13468,220.60,0.39799,11.82928,34.5415,3.26063,5.05474,49.95,0624:58:33,1,08
20:23:22,0.13419,220.50,0.40037,11.85647,34.6209,3.26063,5.05474,49.95,0624:58:35,1,08
20:23:26,0.134,220.30,0.40055,11.82928,34.5415,3.26063,5.05474,49.96,0624:58:39,1,08
20:23:28,0.13492,220.60,0.39863,11.87007,34.6606,3.26063,5.05474,49.96,0624:58:41,1,08
20:23:30,0.13474,220.60,0.39899,11.87007,34.6606,3.26063,5.05474,49.96,0624:58:43,1,08
20:23:32,0.13381,220.60,0.39779,11.7477,34.30328,3.26063,5.05484,49.96,0624:58:45,1,08
20:23:33,0.13504,220.50,0.39735,11.84288,34.5812,3.26063,5.05484,49.96,0624:58:46,1,08
20:23:35,0.13468,220.40,0.39927,11.85647,34.6209,3.26063,5.05484,49.96,0624:58:48,1,08
20:23:36,0.13498,220.50,0.39863,11.87007,34.6606,3.26063,5.05484,49.95,0624:58:49,1,08
20:23:37,0.13535,220.40,0.39709,11.85647,34.6209,3.26063,5.05484,49.95,0624:58:50,1,08
20:23:38,0.13559,220.40,0.39682,11.87007,34.6606,3.26063,5.05484,49.97,0624:58:51,1,08
20:23:40,0.13388,220.30,0.39908,11.77489,34.38269,3.26063,5.05484,49.96,0624:58:54,1,08
20:23:41,0.13419,220.20,0.39972,11.81568,34.50179,3.26063,5.05484,49.96,0624:58:54,1,08
20:23:42,0.13517,220.00,0.39808,11.84288,34.5812,3.26063,5.05484,49.95,0624:58:55,1,08
20:23:43,0.13565,220.00,0.39663,11.84288,34.5812,3.26063,5.05484,49.95,0624:58:56,1,08
20:23:46,0.13468,220.40,0.39881,11.84288,34.5812,3.26063,5.05484,49.95,0624:58:58,1,08
20:23:47,0.13511,220.40,0.39863,11.87007,34.6606,3.26063,5.05484,49.96,0624:59:00,1,08
20:23:51,0.13638,220.30,0.4009,12.04683,35.17673,3.26073,5.05484,49.95,0624:59:03,1,08
20:23:52,0.13626,220.40,0.40045,12.03323,35.13704,3.26073,5.05484,49.95,0624:59:05,1,08
20:23:54,0.13699,220.50,0.39874,12.04683,35.17673,3.26073,5.05494,49.96,0624:59:07,1,08
20:23:56,0.1365,220.30,0.40054,12.04683,35.17673,3.26073,5.05494,49.96,0624:59:08,1,08
20:23:59,0.13717,219.90,0.3964,11.96525,34.93852,3.26073,5.05494,49.96,0624:59:12,1,08
20:24:00,0.13668,219.90,0.39964,12.01964,35.09734,3.26073,5.05494,49.96,0624:59:13,1,08
20:24:04,0.13668,220.00,0.40009,12.03323,35.13704,3.26073,5.05494,49.96,0624:59:17,1,08
20:24:05,0.13674,220.00,0.40063,12.06043,35.21645,3.26073,5.05494,49.96,0624:59:18,1,08
20:24:06,0.13632,220.00,0.3981,11.95165,34.89882,3.26073,5.05494,49.96,0624:59:19,1,08
20:24:07,0.13632,220.00,0.3981,11.95165,34.89882,3.26073,5.05494,49.97,0624:59:19,1,08
20:24:08,0.13687,220.00,0.39847,12.00604,35.05763,3.26073,5.05494,49.97,0624:59:20,1,08
20:24:10,0.1389,220.00,0.40391,12.34596,36.05021,3.26073,5.05494,49.96,0624:59:23,1,08
20:24:11,0.13788,220.30,0.40331,12.25078,35.77228,3.26073,5.05494,49.97,0624:59:24,1,08
20:24:12,0.13788,220.30,0.40331,12.25078,35.77228,3.26073,5.05494,49.97,0624:59:24,1,08
20:24:14,0.15922,220.40,0.43881,15.40526,44.98335,3.26073,5.05504,49.96,0624:59:27,1,08
20:24:15,0.18933,220.20,0.48598,20.27294,59.19698,3.26073,5.05504,49.97,0624:59:28,1,08
20:24:16,0.1775,220.30,0.46838,18.32858,53.51946,3.26073,5.05504,49.97,0624:59:29,1,08
20:24:17,0.18054,220.30,0.47881,19.04922,55.62371,3.26073,5.05504,49.96,0624:59:30,1,08
20:24:18,0.18118,220.20,0.47854,19.10361,55.78253,3.26083,5.05504,49.96,0624:59:31,1,08
20:24:22,0.17963,220.40,0.4825,19.1172,55.82223,3.26083,5.05504,49.96,0624:59:35,1,08
20:24:23,0.18054,220.20,0.48086,19.1308,55.86194,3.26083,5.05504,49.97,0624:59:36,1,08
20:24:25,0.17917,220.10,0.48174,19.00843,55.50461,3.26083,5.05504,49.97,0624:59:37,1,08
20:24:26,0.17917,220.10,0.48139,18.99483,55.4649,3.26083,5.05504,49.97,0624:59:39,1,08
20:24:27,0.20655,220.20,0.50179,22.82915,66.66112,3.26083,5.05504,49.96,0624:59:40,1,08
20:24:28,0.1979,220.60,0.49626,21.67341,63.28637,3.26083,5.05504,49.96,0624:59:41,1,08
20:24:30,0.21137,220.60,0.5035,23.49539,68.60655,3.26083,5.05514,49.97,0624:59:43,1,08
20:24:31,0.21137,220.60,0.5035,23.49539,68.60655,3.26083,5.05514,49.97,0624:59:44,1,08
20:24:33,0.2125,220.30,0.50377,23.60417,68.92418,3.26083,5.05514,49.96,0624:59:46,1,08
20:24:34,0.2107,220.10,0.50293,23.34583,68.16983,3.26083,5.05514,49.96,0624:59:47,1,08
20:24:36,0.2123,220.10,0.50465,23.60417,68.92418,3.26093,5.05514,49.97,0624:59:49,1,08
20:24:37,0.2123,220.10,0.50465,23.60417,68.92418,3.26093,5.05514,49.97,0624:59:50,1,08
20:24:38,0.21164,220.10,0.50146,23.37302,68.24923,3.26093,5.05514,49.97,0624:59:51,1,08
20:24:41,0.21118,220.30,0.50789,23.64496,69.04329,3.26093,5.05514,49.96,0624:59:54,1,08
20:24:47,0.21218,220.30,0.50378,23.56338,68.80507,3.26093,5.05524,49.97,0625:00:00,1,08
20:24:48,0.21203,220.20,0.50582,23.63136,69.00358,3.26093,5.05524,49.96,0625:00:01,1,08
20:24:49,0.21203,220.20,0.50582,23.63136,69.00358,3.26093,5.05524,49.96,0625:00:02,1,08
20:24:50,0.21261,220.20,0.50696,23.75374,69.36092,3.26093,5.05524,49.96,0625:00:03,1,08
20:24:51,0.21149,220.20,0.50671,23.60417,68.92418,3.26104,5.05524,49.99,0625:00:04,1,08
20:24:52,0.21389,220.20,0.50375,23.74014,69.32121,3.26104,5.05524,49.99,0625:00:05,1,08
20:24:53,0.26609,220.20,0.51832,30.38901,88.7359,3.26104,5.05524,49.97,0625:00:06,1,08
20:24:54,0.2697,220.40,0.52058,30.96008,90.40343,3.26104,5.05524,49.97,0625:00:07,1,08
20:24:55,0.2697,220.40,0.52051,31.05526,90.68135,3.26104,5.05524,49.97,0625:00:08,1,08
20:24:56,0.27082,220.50,0.51956,31.05526,90.68135,3.26104,5.05524,49.97,0625:00:09,1,08
20:24:57,0.26917,220.60,0.52174,31.00087,90.52254,3.26104,5.05524,49.99,0625:00:10,1,08
20:24:58,0.27027,220.60,0.51892,30.96008,90.40343,3.26104,5.05524,49.97,0625:00:11,1,08
20:24:59,0.27073,220.30,0.51913,30.98727,90.48283,3.26104,5.05524,49.97,0625:00:12,1,08
20:25:00,0.26562,220.30,0.51881,30.37541,88.69621,3.26104,5.05535,49.96,0625:00:13,1,08
20:25:01,0.24944,220.30,0.51409,28.2679,82.54227,3.26104,5.05535,49.96,0625:00:14,1,08
20:25:04,0.25027,220.20,0.51652,28.48545,83.1775,3.26114,5.05535,49.99,0625:00:17,1,08
20:25:05,0.25224,220.20,0.51761,28.77098,84.01127,3.26114,5.05535,49.99,0625:00:18,1,08
20:25:07,0.24997,220.30,0.51678,28.47185,83.13781,3.26114,5.05535,49.97,0625:00:20,1,08
20:25:09,0.2501,220.20,0.51529,28.40387,82.93929,3.26114,5.05535,49.96,0625:00:22,1,08
20:25:12,0.2775,220.00,0.52225,31.91186,93.18262,3.26114,5.05535,49.97,0625:00:25,1,08
20:25:15,0.27984,219.90,0.52253,32.1702,93.93697,3.26114,5.05545,49.97,0625:00:28,1,08
20:25:16,0.27697,219.80,0.52143,31.76229,92.7459,3.26124,5.05545,49.97,0625:00:29,1,08
20:25:19,0.27634,219.80,0.51969,31.58554,92.22977,3.26124,5.05545,49.96,0625:00:32,1,08
20:25:21,0.27547,219.90,0.52019,31.53115,92.07095,3.26124,5.05545,49.96,0625:00:34,1,08
20:25:24,0.27795,220.20,0.52198,31.96624,93.34143,3.26124,5.05545,49.97,0625:00:37,1,08
20:25:26,0.27557,220.20,0.51992,31.58554,92.22977,3.26124,5.05555,49.96,0625:00:39,1,08
20:25:27,0.27508,220.10,0.5193,31.46316,91.87244,3.26134,5.05555,49.96,0625:00:40,1,08
20:25:29,0.27688,219.90,0.51941,31.65352,92.42827,3.26134,5.05555,49.97,0625:00:42,1,08
20:25:30,0.27748,220.20,0.51913,31.7351,92.66649,3.26134,5.05555,49.96,0625:00:43,1,08
20:25:32,0.27679,220.10,0.51985,31.69431,92.54739,3.26134,5.05555,49.97,0625:00:45,1,08
20:25:33,0.2765,220.10,0.51875,31.59913,92.26947,3.26134,5.05555,49.97,0625:00:46,1,08
20:25:36,0.2767,219.60,0.52124,31.69431,92.54739,3.26134,5.05555,49.96,0625:00:50,1,08
20:25:41,0.27837,220.00,0.5193,31.83028,92.94441,3.26145,5.05566,49.96,0625:00:53,1,08
20:25:44,0.27857,220.10,0.52237,32.06142,93.61936,3.26145,5.05566,49.96,0625:00:56,1,08
20:25:46,0.27523,219.90,0.522,31.61273,92.30917,3.26145,5.05566,49.96,0625:00:58,1,08
20:25:47,0.27527,219.70,0.52156,31.57194,92.19006,3.26145,5.05566,49.97,0625:00:59,1,08
20:25:48,0.27599,219.80,0.51747,31.40877,91.71362,3.26145,5.05566,49.97,0625:01:01,1,08
20:25:49,0.2764,219.80,0.51901,31.55834,92.15036,3.26145,5.05566,49.96,0625:01:01,1,08
20:25:50,0.27745,219.90,0.52027,31.76229,92.7459,3.26145,5.05566,49.96,0625:01:02,1,08
20:25:51,0.27819,219.80,0.51932,31.78949,92.82531,3.26155,5.05566,49.97,0625:01:03,1,08
20:25:52,0.27769,219.90,0.52158,31.87107,93.06352,3.26155,5.05576,49.97,0625:01:04,1,08
20:25:54,0.2765,219.90,0.51899,31.58554,92.22977,3.26155,5.05576,49.96,0625:01:07,1,08
20:25:56,0.27748,219.90,0.5216,31.84388,92.98412,3.26155,5.05576,49.96,0625:01:08,1,08
20:25:57,0.2767,219.80,0.52189,31.76229,92.7459,3.26155,5.05576,49.96,0625:01:09,1,08
20:25:58,0.2767,220.00,0.52009,31.68071,92.50768,3.26155,5.05576,49.96,0625:01:10,1,08
20:25:59,0.27638,220.00,0.52213,31.76229,92.7459,3.26155,5.05576,49.96,0625:01:12,1,08
20:26:00,0.28038,219.90,0.51849,32.1702,93.93697,3.26155,5.05576,49.96,0625:01:13,1,08
20:26:01,0.27745,219.90,0.51849,31.65352,92.42827,3.26155,5.05576,49.97,0625:01:13,1,08
20:26:02,0.27873,219.90,0.52327,32.10221,93.73847,3.26155,5.05576,49.97,0625:01:14,1,08
20:26:03,0.27896,220.00,0.51926,31.88467,93.10323,3.26165,5.05576,49.96,0625:01:15,1,08
20:26:04,0.28014,220.00,0.52183,32.18379,93.97668,3.26165,5.05576,49.96,0625:01:17,1,08
20:26:05,0.27861,220.00,0.51884,31.83028,92.94441,3.26165,5.05586,49.96,0625:01:18,1,08
20:26:06,0.27685,219.80,0.52277,31.84388,92.98412,3.26165,5.05586,49.96,0625:01:19,1,08
20:26:09,0.15958,219.80,0.44191,15.51403,45.30097,3.26165,5.05586,49.97,0625:01:21,1,08
20:26:10,0.13687,220.10,0.40216,12.12841,35.41496,3.26165,5.05586,49.97,0625:01:23,1,08
20:26:11,0.13644,220.40,0.4019,12.08762,35.29585,3.26165,5.05586,49.96,0625:01:24,1,08
20:26:13,0.13449,220.30,0.40138,11.89726,34.74001,3.26165,5.05586,49.97,0625:01:25,1,08
20:26:15,0.13626,220.10,0.40217,12.07402,35.25615,3.26165,5.05586,49.96,0625:01:28,1,08
20:26:16,0.13535,220.10,0.39918,11.89726,34.74001,3.26165,5.05586,49.96,0625:01:29,1,08
20:26:18,0.13468,220.20,0.40055,11.88367,34.70031,3.26165,5.05586,49.95,0625:01:31,1,08
20:26:20,0.13437,220.20,0.40129,11.88367,34.70031,3.26165,5.05586,49.96,0625:01:32,1,08
20:26:23,0.13565,220.10,0.40346,12.04683,35.17673,3.26165,5.05597,49.96,0625:01:36,1,08
20:26:24,0.14546,220.10,0.41553,13.31134,38.86911,3.26175,5.05597,49.96,0625:01:37,1,08
20:26:25,0.14546,220.10,0.41553,13.31134,38.86911,3.26175,5.05597,49.95,0625:01:37,1,08
20:26:27,0.17572,220.30,0.47156,18.2606,53.32095,3.26175,5.05597,49.96,0625:01:40,1,08
20:26:28,0.1761,220.40,0.46919,18.21981,53.20185,3.26175,5.05597,49.96,0625:01:41,1,08
20:26:29,0.17558,220.50,0.47367,18.34218,53.55917,3.26175,5.05597,49.97,0625:01:42,1,08
20:26:30,0.17582,220.40,0.47265,18.32858,53.51946,3.26175,5.05597,49.97,0625:01:43,1,08
20:26:33,0.1754,220.70,0.47263,18.31499,53.47976,3.26175,5.05597,49.95,0625:01:46,1,08
20:26:36,0.17596,220.70,0.47096,18.30139,53.44006,3.26175,5.05597,49.96,0625:01:49,1,08
20:26:37,0.17596,220.70,0.47096,18.30139,53.44006,3.26175,5.05597,49.96,0625:01:50,1,08
20:26:39,0.17445,220.90,0.47144,18.17902,53.08273,3.26175,5.05597,49.97,0625:01:52,1,08
20:26:41,0.17638,220.90,0.47071,18.35578,53.59887,3.26175,5.05607,49.96,0625:01:54,1,08
20:26:42,0.17549,220.80,0.4737,18.36937,53.63857,3.26175,5.05607,49.97,0625:01:55,1,08
20:26:45,0.17516,220.70,0.47222,18.2606,53.32095,3.26185,5.05607,49.96,0625:01:58,1,08
20:26:46,0.17549,220.60,0.47015,18.20621,53.16214,3.26185,5.05607,49.96,0625:01:59,1,08
20:26:47,0.17558,220.60,0.47333,18.34218,53.55917,3.26185,5.05607,49.96,0625:02:00,1,08
20:26:48,0.17511,220.60,0.47257,18.2742,53.36066,3.26185,5.05607,49.96,0625:02:01,1,08
20:26:50,0.17605,220.70,0.46993,18.2742,53.36066,3.26185,5.05607,49.96,0625:02:03,1,08
20:26:51,0.17549,220.90,0.47125,18.2742,53.36066,3.26185,5.05607,49.97,0625:02:04,1,08
20:26:53,0.17601,221.00,0.47275,18.39657,53.71798,3.26185,5.05607,49.96,0625:02:06,1,08
20:26:56,0.17502,221.10,0.47156,18.2606,53.32095,3.26185,5.05607,49.99,0625:02:09,1,08
20:26:58,0.17563,221.00,0.47234,18.34218,53.55917,3.26185,5.05607,49.99,0625:02:11,1,08
20:27:01,0.17492,220.90,0.47082,18.20621,53.16214,3.26185,5.05617,50.00,0625:02:14,1,08
20:27:03,0.17511,220.90,0.47119,18.23341,53.24155,3.26185,5.05617,49.99,0625:02:16,1,08
20:27:04,0.17507,220.80,0.47328,18.30139,53.44006,3.26196,5.05617,50.00,0625:02:17,1,08
20:27:06,0.17473,220.90,0.475,18.34218,53.55917,3.26196,5.05617,50.00,0625:02:19,1,08
20:27:08,0.17436,221.10,0.47355,18.2606,53.32095,3.26196,5.05617,50.00,0625:02:21,1,08
20:27:09,0.17455,221.00,0.47148,18.20621,53.16214,3.26196,5.05617,50.01,0625:02:22,1,08
20:27:11,0.17535,220.90,0.47333,18.34218,53.55917,3.26196,5.05617,50.01,0625:02:24,1,08
20:27:12,0.17502,220.90,0.47398,18.32858,53.51946,3.26196,5.05617,50.01,0625:02:25,1,08
20:27:15,0.1754,220.60,0.47086,18.23341,53.24155,3.26196,5.05617,50.01,0625:02:28,1,08
20:27:19,0.17487,220.80,0.4715,18.21981,53.20185,3.26196,5.05627,50.00,0625:02:32,1,08
20:27:20,0.1753,220.80,0.47051,18.21981,53.20185,3.26196,5.05627,50.03,0625:02:33,1,08
20:27:21,0.1746,220.90,0.47216,18.21981,53.20185,3.26196,5.05627,50.03,0625:02:34,1,08
20:27:24,0.17676,220.50,0.46827,18.2606,53.32095,3.26206,5.05627,50.01,0625:02:37,1,08
20:27:26,0.17492,220.40,0.47216,18.21981,53.20185,3.26206,5.05627,50.00,0625:02:39,1,08
20:27:28,0.17549,220.60,0.47437,18.36937,53.63857,3.26206,5.05627,50.00,0625:02:41,1,08
20:27:30,0.1754,220.60,0.47086,18.23341,53.24155,3.26206,5.05627,50.01,0625:02:43,1,08
20:27:32,0.17441,220.50,0.47456,18.2606,53.32095,3.26206,5.05627,49.99,0625:02:45,1,08
20:27:34,0.1753,220.50,0.47398,18.32858,53.51946,3.26206,5.05637,49.97,0625:02:47,1,08
20:27:39,0.17384,221.00,0.47454,18.247,53.28125,3.26206,5.05637,49.97,0625:02:51,1,08
20:27:40,0.1746,221.00,0.47254,18.247,53.28125,3.26206,5.05637,49.97,0625:02:52,1,08
20:27:41,0.17478,220.90,0.47394,18.30139,53.44006,3.26206,5.05637,49.96,0625:02:53,1,08
20:27:42,0.17455,220.90,0.47322,18.2606,53.32095,3.26206,5.05637,49.96,0625:02:54,1,08
20:27:43,0.17455,221.00,0.47357,18.2742,53.36066,3.26206,5.05637,49.96,0625:02:55,1,08
20:27:44,0.17431,220.90,0.47248,18.20621,53.16214,3.26206,5.05637,49.96,0625:02:56,1,08
20:27:45,0.17487,221.00,0.47187,18.247,53.28125,3.26216,5.05637,49.97,0625:02:57,1,08
20:27:46,0.17502,220.90,0.47294,18.30139,53.44006,3.26216,5.05637,49.97,0625:02:58,1,08
20:27:47,0.17511,220.90,0.47435,18.35578,53.59887,3.26216,5.05637,49.95,0625:02:59,1,08
20:27:48,0.17426,221.00,0.47318,18.23341,53.24155,3.26216,5.05637,49.95,0625:03:01,1,08
20:27:49,0.17426,221.00,0.47318,18.23341,53.24155,3.26216,5.05637,49.95,0625:03:01,1,08
20:27:50,0.17497,221.00,0.47189,18.2606,53.32095,3.26216,5.05637,49.95,0625:03:02,1,08
20:27:52,0.17487,221.00,0.47433,18.34218,53.55917,3.26216,5.05637,49.95,0625:03:04,1,08
20:27:53,0.1745,221.10,0.47216,18.21981,53.20185,3.26216,5.05647,49.95,0625:03:06,1,08
20:27:56,0.17473,221.00,0.4715,18.21981,53.20185,3.26216,5.05647,49.95,0625:03:08,1,08
20:27:58,0.17563,220.90,0.47234,18.34218,53.55917,3.26216,5.05647,49.96,0625:03:10,1,08
20:27:59,0.17629,221.00,0.4686,18.2606,53.32095,3.26216,5.05647,49.96,0625:03:12,1,08
20:28:01,0.17507,220.90,0.46943,18.16542,53.04303,3.26216,5.05647,49.97,0625:03:13,1,08
20:28:02,0.17568,220.70,0.47127,18.28779,53.40036,3.26216,5.05647,49.97,0625:03:14,1,08
20:28:03,0.17619,220.60,0.47168,18.34218,53.55917,3.26216,5.05647,49.96,0625:03:15,1,08
20:28:05,0.17455,220.70,0.47285,18.23341,53.24155,3.26226,5.05647,49.97,0625:03:18,1,08
20:28:06,0.17469,220.80,0.47393,18.28779,53.40036,3.26226,5.05647,49.97,0625:03:19,1,08
20:28:07,0.17469,220.80,0.47393,18.28779,53.40036,3.26226,5.05647,49.97,0625:03:19,1,08
20:28:08,0.17526,220.80,0.47367,18.34218,53.55917,3.26226,5.05647,49.97,0625:03:20,1,08
20:28:09,0.18421,220.70,0.47493,19.32116,56.41777,3.26226,5.05647,49.99,0625:03:21,1,08
20:28:10,0.17502,220.80,0.47082,18.20621,53.16214,3.26226,5.05657,49.99,0625:03:23,1,08
20:28:12,0.17568,220.90,0.47234,18.34218,53.55917,3.26226,5.05657,49.99,0625:03:24,1,08
20:28:14,0.17582,221.00,0.47238,18.36937,53.63857,3.26226,5.05657,49.99,0625:03:26,1,08
20:28:19,0.17549,220.90,0.47337,18.36937,53.63857,3.26226,5.05657,50.01,0625:03:31,1,08
20:28:20,0.17638,220.90,0.47069,18.34218,53.55917,3.26226,5.05657,50.01,0625:03:32,1,08
20:28:21,0.17521,220.80,0.47435,18.35578,53.59887,3.26226,5.05657,50.01,0625:03:34,1,08
20:28:22,0.17568,220.80,0.47057,18.2606,53.32095,3.26226,5.05657,50.01,0625:03:35,1,08
20:28:23,0.17568,221.00,0.47234,18.34218,53.55917,3.26226,5.05657,50.01,0625:03:36,1,08
20:28:24,0.17568,221.00,0.47234,18.34218,53.55917,3.26236,5.05657,50.01,0625:03:36,1,08
20:28:25,0.17708,221.00,0.4684,18.34218,53.55917,3.26236,5.05657,50.03,0625:03:37,1,08
20:28:26,0.17393,221.00,0.47242,18.16542,53.04303,3.26236,5.05657,50.03,0625:03:39,1,08
20:28:27,0.17412,221.00,0.47352,18.23341,53.24155,3.26236,5.05657,50.01,0625:03:40,1,08
20:28:29,0.17671,220.90,0.4704,18.36937,53.63857,3.26236,5.05667,50.03,0625:03:42,1,08
20:28:32,0.17331,220.80,0.47585,18.21981,53.20185,3.26236,5.05667,50.01,0625:03:45,1,08
20:28:34,0.17545,220.80,0.47298,18.32858,53.51946,3.26236,5.05667,50.04,0625:03:47,1,08
20:28:35,0.17422,220.80,0.47668,18.34218,53.55917,3.26236,5.05667,50.03,0625:03:48,1,08
20:28:36,0.17422,220.80,0.47668,18.34218,53.55917,3.26236,5.05667,50.03,0625:03:48,1,08
20:28:37,0.17384,220.70,0.4745,18.21981,53.20185,3.26236,5.05667,50.03,0625:03:50,1,08
20:28:38,0.17374,220.60,0.47624,18.2606,53.32095,3.26236,5.05667,50.03,0625:03:51,1,08
20:28:39,0.17507,220.60,0.47326,18.28779,53.40036,3.26236,5.05667,50.01,0625:03:52,1,08
20:28:40,0.17407,220.50,0.47452,18.23341,53.24155,3.26236,5.05667,50.01,0625:03:53,1,08
20:28:42,0.17441,220.60,0.47634,18.34218,53.55917,3.26236,5.05667,50.01,0625:03:55,1,08
20:28:43,0.17455,220.70,0.47214,18.20621,53.16214,3.26236,5.05667,50.03,0625:03:56,1,08
20:28:44,0.1745,220.80,0.4732,18.247,53.28125,3.26246,5.05667,50.03,0625:03:57,1,08
20:28:45,0.17331,221.10,0.47589,18.247,53.28125,3.26246,5.05667,50.03,0625:03:58,1,08
20:28:46,0.17384,221.20,0.47703,18.35578,53.59887,3.26246,5.05678,50.04,0625:03:59,1,08
20:28:48,0.17417,221.30,0.47285,18.23341,53.24155,3.26246,5.05678,50.04,0625:04:01,1,08
20:28:52,0.17412,221.10,0.47669,18.35578,53.59887,3.26246,5.05678,50.04,0625:04:05,1,08
20:28:53,0.1754,221.10,0.47267,18.34218,53.55917,3.26246,5.05678,50.04,0625:04:06,1,08
20:28:54,0.17407,221.10,0.47316,18.21981,53.20185,3.26246,5.05678,50.04,0625:04:07,1,08
20:28:55,0.17336,221.00,0.47553,18.23341,53.24155,3.26246,5.05678,50.04,0625:04:08,1,08
20:28:56,0.17388,221.10,0.47491,18.2742,53.36066,3.26246,5.05678,50.04,0625:04:09,1,08
20:28:58,0.17549,221.10,0.47269,18.35578,53.59887,3.26246,5.05678,50.03,0625:04:11,1,08
20:29:01,0.17336,221.00,0.47482,18.20621,53.16214,3.26246,5.05678,50.03,0625:04:14,1,08
20:29:03,0.1746,221.00,0.475,18.34218,53.55917,3.26256,5.05678,50.03,0625:04:16,1,08
20:29:04,0.17417,221.00,0.47634,18.34218,53.55917,3.26256,5.05688,50.03,0625:04:17,1,08
20:29:05,0.1735,220.90,0.47766,18.31499,53.47976,3.26256,5.05688,50.03,0625:04:18,1,08
20:29:07,0.17336,220.90,0.47658,18.2606,53.32095,3.26256,5.05688,50.01,0625:04:20,1,08
20:29:09,0.17369,220.90,0.47769,18.34218,53.55917,3.26256,5.05688,50.01,0625:04:22,1,08
20:29:11,0.17403,220.70,0.47452,18.23341,53.24155,3.26256,5.05688,50.01,0625:04:24,1,08
20:29:13,0.1745,220.60,0.47387,18.247,53.28125,3.26256,5.05688,50.01,0625:04:26,1,08
20:29:14,0.17388,220.60,0.47803,18.34218,53.55917,3.26256,5.05688,50.00,0625:04:27,1,08
20:29:17,0.17431,220.90,0.47354,18.247,53.28125,3.26256,5.05688,49.97,0625:04:30,1,08
20:29:18,0.17507,220.80,0.47084,18.21981,53.20185,3.26256,5.05688,49.97,0625:04:31,1,08
20:29:19,0.17464,220.80,0.47428,18.30139,53.44006,3.26256,5.05688,49.99,0625:04:32,1,08
20:29:20,0.17469,220.70,0.47569,18.35578,53.59887,3.26256,5.05688,49.99,0625:04:33,1,08
20:29:21,0.17497,220.80,0.47539,18.38297,53.67828,3.26256,5.05688,49.99,0625:04:34,1,08
20:29:22,0.17426,220.90,0.47422,18.2606,53.32095,3.26256,5.05698,49.99,0625:04:35,1,08
20:29:23,0.1753,221.00,0.4737,18.36937,53.63857,3.26266,5.05698,49.99,0625:04:36,1,08
20:29:25,0.17553,221.00,0.47724,18.53254,54.11501,3.26266,5.05698,49.99,0625:04:38,1,08
20:29:29,0.17336,220.50,0.47619,18.21981,53.20185,3.26266,5.05698,49.99,0625:04:42,1,08
20:29:31,0.17312,220.40,0.47721,18.21981,53.20185,3.26266,5.05698,49.97,0625:04:43,1,08
20:29:32,0.17388,220.40,0.47553,18.23341,53.24155,3.26266,5.05698,49.97,0625:04:44,1,08
20:29:33,0.1754,220.40,0.4747,18.36937,53.63857,3.26266,5.05698,49.97,0625:04:45,1,08
20:29:34,0.17469,220.50,0.47671,18.36937,53.63857,3.26266,5.05698,49.97,0625:04:46,1,08
20:29:35,0.17384,220.50,0.47661,18.28779,53.40036,3.26266,5.05698,49.97,0625:04:47,1,08
20:29:37,0.17374,220.70,0.47661,18.28779,53.40036,3.26266,5.05698,49.97,0625:04:49,1,08
20:29:42,0.17317,220.80,0.47406,18.13823,52.96363,3.26266,5.05708,49.96,0625:04:54,1,08
20:29:44,0.17417,220.80,0.4742,18.247,53.28125,3.26276,5.05708,49.97,0625:04:56,1,08
20:29:48,0.17298,220.80,0.47829,18.2742,53.36066,3.26276,5.05708,49.96,0625:05:01,1,08
20:29:49,0.17298,220.80,0.47829,18.2742,53.36066,3.26276,5.05708,49.95,0625:05:01,1,08
20:29:50,0.1735,220.80,0.4766,18.2742,53.36066,3.26276,5.05708,49.95,0625:05:02,1,08
20:29:52,0.1735,220.50,0.47761,18.2742,53.36066,3.26276,5.05708,49.96,0625:05:04,1,08
20:29:54,0.1735,220.20,0.47795,18.2742,53.36066,3.26276,5.05708,49.96,0625:05:07,1,08
20:29:55,0.1735,220.20,0.47795,18.2742,53.36066,3.26276,5.05708,49.95,0625:05:07,1,08
20:29:56,0.17388,220.30,0.4766,18.2742,53.36066,3.26276,5.05708,49.95,0625:05:08,1,08
20:29:57,0.17407,220.40,0.47803,18.34218,53.55917,3.26276,5.05708,49.96,0625:05:09,1,08
20:29:58,0.17393,220.40,0.47838,18.35578,53.59887,3.26276,5.05708,49.96,0625:05:10,1,08
20:29:59,0.1735,220.30,0.47797,18.28779,53.40036,3.26276,5.05718,49.95,0625:05:12,1,08
20:30:01,0.17398,220.30,0.47589,18.247,53.28125,3.26276,5.05718,49.97,0625:05:13,1,08
20:30:05,0.17412,220.20,0.47661,18.28779,53.40036,3.26286,5.05718,49.96,0625:05:18,1,08
20:30:06,0.17412,220.20,0.47661,18.28779,53.40036,3.26286,5.05718,49.96,0625:05:18,1,08
20:30:09,0.16596,220.20,0.4628,16.91451,49.39036,3.26286,5.05718,49.96,0625:05:21,1,08
20:30:14,0.14693,219.60,0.42713,13.78723,40.25871,3.26286,5.05718,49.96,0625:05:26,1,08
20:30:15,0.14512,219.70,0.42455,13.54248,39.54406,3.26286,5.05718,49.96,0625:05:27,1,08
20:30:16,0.14073,219.70,0.41476,12.83545,37.4795,3.26286,5.05718,49.96,0625:05:29,1,08
20:30:18,0.1416,219.90,0.41623,12.97142,37.87653,3.26286,5.05728,49.96,0625:05:31,1,08
20:30:19,0.1416,219.90,0.41623,12.97142,37.87653,3.26286,5.05728,49.96,0625:05:31,1,08
20:30:20,0.13996,219.70,0.41608,12.80825,37.4001,3.26286,5.05728,49.96,0625:05:32,1,08
20:30:21,0.14003,219.90,0.41483,12.78106,37.32069,3.26286,5.05728,49.96,0625:05:33,1,08
20:30:22,0.14079,220.00,0.4144,12.83545,37.4795,3.26286,5.05728,49.96,0625:05:35,1,08
20:30:23,0.14056,220.10,0.41564,12.86264,37.55891,3.26286,5.05728,49.96,0625:05:36,1,08
20:30:24,0.13979,220.20,0.41615,12.82185,37.4398,3.26286,5.05728,49.96,0625:05:37,1,08
20:30:25,0.13979,220.20,0.41615,12.82185,37.4398,3.26286,5.05728,49.96,0625:05:37,1,08
20:30:26,0.14126,220.40,0.41747,12.99861,37.95594,3.26286,5.05728,49.96,0625:05:38,1,08
20:30:28,0.14067,220.30,0.41404,12.83545,37.4795,3.26297,5.05728,49.95,0625:05:41,1,08
20:30:30,0.1412,220.00,0.41295,12.83545,37.4795,3.26297,5.05728,49.95,0625:05:43,1,08
20:30:31,0.14056,220.00,0.41169,12.74027,37.20158,3.26297,5.05728,49.95,0625:05:43,1,08
20:30:33,0.14056,220.20,0.4144,12.83545,37.4795,3.26297,5.05728,49.96,0625:05:46,1,08
20:30:36,0.14108,220.30,0.41346,12.86264,37.55891,3.26297,5.05728,49.96,0625:05:49,1,08
20:30:37,0.14084,220.20,0.41367,12.83545,37.4795,3.26297,5.05738,49.96,0625:05:49,1,08
20:30:38,0.14032,220.20,0.41513,12.83545,37.4795,3.26297,5.05738,49.96,0625:05:51,1,08
20:30:40,0.14014,220.20,0.41454,12.79466,37.3604,3.26297,5.05738,49.96,0625:05:53,1,08
20:30:41,0.14032,220.10,0.41241,12.74027,37.20158,3.26297,5.05738,49.95,0625:05:54,1,08
20:30:42,0.14096,220.00,0.41411,12.84904,37.51921,3.26297,5.05738,49.95,0625:05:55,1,08
20:30:45,0.14067,220.30,0.41447,12.84904,37.51921,3.26297,5.05738,49.95,0625:05:58,1,08
20:30:47,0.14091,220.40,0.41295,12.83545,37.4795,3.26297,5.05738,49.96,0625:06:00,1,08
20:30:50,0.14044,220.10,0.41205,12.74027,37.20158,3.26297,5.05738,49.95,0625:06:03,1,08
20:30:51,0.14067,220.10,0.41396,12.82185,37.4398,3.26297,5.05738,49.95,0625:06:04,1,08
20:30:54,0.14008,220.50,0.41549,12.83545,37.4795,3.26297,5.05738,49.95,0625:06:07,1,08
20:30:56,0.14044,220.60,0.41447,12.84904,37.51921,3.26307,5.05738,49.94,0625:06:09,1,08
20:30:57,0.14091,220.70,0.4139,12.87624,37.59861,3.26307,5.05748,49.94,0625:06:10,1,08
20:31:02,0.14126,220.50,0.41099,12.80825,37.4001,3.26307,5.05748,49.95,0625:06:15,1,08
20:31:05,0.14067,220.70,0.41375,12.84904,37.51921,3.26307,5.05748,49.95,0625:06:18,1,08
20:31:10,0.1402,220.10,0.41322,12.75387,37.24129,3.26307,5.05748,49.94,0625:06:23,1,08
20:31:11,0.14248,220.10,0.41248,12.94422,37.79713,3.26307,5.05748,49.94,0625:06:24,1,08
20:31:14,0.14108,220.10,0.41251,12.82185,37.4398,3.26307,5.05748,49.96,0625:06:27,1,08
20:31:15,0.14149,220.20,0.41187,12.83545,37.4795,3.26307,5.05748,49.96,0625:06:28,1,08
20:31:16,0.14137,220.20,0.41179,12.82185,37.4398,3.26307,5.05758,49.96,0625:06:29,1,08
20:31:18,0.14108,220.40,0.41302,12.84904,37.51921,3.26307,5.05758,49.96,0625:06:31,1,08
20:31:19,0.14108,220.30,0.41302,12.84904,37.51921,3.26307,5.05758,49.96,0625:06:32,1,08
20:31:20,0.14103,220.20,0.41375,12.84904,37.51921,3.26307,5.05758,49.95,0625:06:33,1,08
20:31:22,0.1412,220.20,0.41084,12.78106,37.32069,3.26307,5.05758,49.96,0625:06:35,1,08
20:31:23,0.14114,220.30,0.41259,12.83545,37.4795,3.26307,5.05758,49.96,0625:06:36,1,08
20:31:26,0.14178,220.20,0.41036,12.82185,37.4398,3.26317,5.05758,49.96,0625:06:38,1,08
20:31:27,0.14213,220.10,0.40964,12.82185,37.4398,3.26317,5.05758,49.97,0625:06:39,1,08
20:31:28,0.1426,220.10,0.40866,12.83545,37.4795,3.26317,5.05758,49.97,0625:06:40,1,08
20:31:29,0.14207,220.20,0.41008,12.83545,37.4795,3.26317,5.05758,49.96,0625:06:41,1,08
20:31:31,0.14276,220.30,0.41443,13.0394,38.07505,3.26317,5.05758,49.97,0625:06:43,1,08
20:31:32,0.14184,220.20,0.41079,12.83545,37.4795,3.26317,5.05758,49.97,0625:06:44,1,08
20:31:33,0.14096,220.20,0.41331,12.83545,37.4795,3.26317,5.05758,49.96,0625:06:45,1,08
20:31:37,0.14184,219.80,0.41107,12.82185,37.4398,3.26317,5.05769,49.97,0625:06:49,1,08
20:31:38,0.14149,219.80,0.41215,12.82185,37.4398,3.26317,5.05769,49.97,0625:06:50,1,08
20:31:40,0.14108,220.00,0.41331,12.83545,37.4795,3.26317,5.05769,49.97,0625:06:52,1,08
20:31:41,0.14143,220.10,0.41187,12.83545,37.4795,3.26317,5.05769,49.99,0625:06:53,1,08
20:31:42,0.14079,220.10,0.41316,12.80825,37.4001,3.26317,5.05769,49.99,0625:06:54,1,08
20:31:43,0.14079,220.10,0.41316,12.80825,37.4001,3.26317,5.05769,49.99,0625:06:55,1,08
20:31:44,0.1412,220.10,0.41207,12.80825,37.4001,3.26317,5.05769,49.99,0625:06:56,1,08
20:31:49,0.14149,219.90,0.41223,12.83545,37.4795,3.26317,5.05769,49.99,0625:07:01,1,08
20:31:50,0.1412,219.90,0.41287,12.82185,37.4398,3.26317,5.05769,49.99,0625:07:02,1,08
20:31:51,0.14103,220.00,0.41411,12.84904,37.51921,3.26317,5.05769,49.99,0625:07:03,1,08
20:31:53,0.14067,220.20,0.41272,12.79466,37.3604,3.26327,5.05769,49.97,0625:07:05,1,08
20:31:54,0.14096,220.30,0.41251,12.82185,37.4398,3.26327,5.05769,49.97,0625:07:07,1,08
20:31:55,0.14096,220.30,0.41251,12.82185,37.4398,3.26327,5.05769,49.97,0625:07:07,1,08
20:31:57,0.14149,220.40,0.41107,12.82185,37.4398,3.26327,5.05779,49.97,0625:07:09,1,08
20:31:58,0.14096,220.30,0.41251,12.82185,37.4398,3.26327,5.05779,49.97,0625:07:10,1,08
20:31:59,0.14079,220.40,0.41287,12.82185,37.4398,3.26327,5.05779,49.97,0625:07:11,1,08
20:32:00,0.14149,220.30,0.41064,12.80825,37.4001,3.26327,5.05779,49.97,0625:07:13,1,08
20:32:02,0.1419,220.30,0.41043,12.83545,37.4795,3.26327,5.05779,49.99,0625:07:14,1,08
20:32:03,0.14143,220.40,0.41194,12.84904,37.51921,3.26327,5.05779,49.97,0625:07:15,1,08
20:32:04,0.14096,220.50,0.41295,12.83545,37.4795,3.26327,5.05779,49.97,0625:07:16,1,08
20:32:07,0.14167,220.30,0.41028,12.80825,37.4001,3.26327,5.05779,49.97,0625:07:19,1,08
20:32:10,0.14149,220.50,0.41028,12.80825,37.4001,3.26327,5.05779,49.99,0625:07:23,1,08
20:32:12,0.14172,220.50,0.4113,12.86264,37.55891,3.26327,5.05779,49.99,0625:07:24,1,08
20:32:15,0.14184,220.30,0.41079,12.83545,37.4795,3.26327,5.05779,50.00,0625:07:27,1,08
20:32:16,0.14184,220.30,0.40957,12.80825,37.4001,3.26327,5.05789,50.00,0625:07:29,1,08
20:32:17,0.14167,220.20,0.41028,12.80825,37.4001,3.26327,5.05789,49.99,0625:07:30,1,08
20:32:18,0.14167,220.20,0.41028,12.80825,37.4001,3.26327,5.05789,49.99,0625:07:30,1,08
20:32:19,0.14167,220.20,0.41115,12.83545,37.4795,3.26327,5.05789,50.00,0625:07:31,1,08
20:32:20,0.14178,220.20,0.40992,12.80825,37.4001,3.26327,5.05789,50.00,0625:07:32,1,08
20:32:21,0.14079,220.20,0.41323,12.82185,37.4398,3.26337,5.05789,50.00,0625:07:34,1,08
20:32:24,0.14056,220.10,0.41344,12.79466,37.3604,3.26337,5.05789,50.00,0625:07:36,1,08
20:32:26,0.14126,220.10,0.41259,12.83545,37.4795,3.26337,5.05789,50.01,0625:07:39,1,08
20:32:28,0.14466,220.00,0.41631,13.25695,38.7103,3.26337,5.05789,50.01,0625:07:41,1,08
20:32:30,0.14386,220.00,0.41151,13.0258,38.03534,3.26337,5.05789,50.00,0625:07:42,1,08
20:32:31,0.14311,220.10,0.41199,12.98501,37.91624,3.26337,5.05789,50.01,0625:07:43,1,08
20:32:32,0.1438,219.90,0.41452,13.12098,38.31327,3.26337,5.05789,50.01,0625:07:45,1,08
20:32:33,0.14455,219.80,0.41702,13.25695,38.7103,3.26337,5.05789,50.01,0625:07:46,1,08
20:32:34,0.14271,219.70,0.41378,12.98501,37.91624,3.26337,5.05789,50.01,0625:07:47,1,08
20:32:38,0.14357,219.80,0.41171,12.99861,37.95594,3.26337,5.05799,50.01,0625:07:51,1,08
20:32:39,0.143,219.60,0.41393,13.01221,37.99565,3.26337,5.05799,50.01,0625:07:52,1,08
20:32:42,0.14357,219.90,0.41265,13.0394,38.07505,3.26337,5.05799,50.00,0625:07:54,1,08
20:32:43,0.14253,220.00,0.41457,12.99861,37.95594,3.26337,5.05799,50.00,0625:07:55,1,08
20:32:45,0.1434,220.10,0.41171,12.99861,37.95594,3.26337,5.05799,50.00,0625:07:58,1,08
20:32:46,0.14294,220.20,0.41278,12.99861,37.95594,3.26337,5.05799,50.00,0625:07:59,1,08
20:32:47,0.14323,220.20,0.41214,13.01221,37.99565,3.26337,5.05799,50.00,0625:08:00,1,08
20:32:48,0.14294,220.20,0.41235,12.98501,37.91624,3.26337,5.05799,50.00,0625:08:00,1,08
20:32:49,0.14317,220.10,0.41199,12.98501,37.91624,3.26347,5.05799,49.99,0625:08:02,1,08
20:32:50,0.14346,220.20,0.41136,12.99861,37.95594,3.26347,5.05799,49.99,0625:08:03,1,08
20:32:51,0.143,220.20,0.41286,13.01221,37.99565,3.26347,5.05799,50.00,0625:08:04,1,08
20:32:52,0.14283,220.20,0.41271,12.98501,37.91624,3.26347,5.05799,50.00,0625:08:05,1,08
20:32:54,0.143,220.20,0.41242,12.99861,37.95594,3.26347,5.05799,50.00,0625:08:07,1,08
20:32:56,0.14334,220.30,0.41136,12.99861,37.95594,3.26347,5.05809,50.00,0625:08:09,1,08
20:32:57,0.14271,220.40,0.41357,13.01221,37.99565,3.26347,5.05809,50.01,0625:08:10,1,08
20:32:58,0.14265,220.20,0.41349,12.99861,37.95594,3.26347,5.05809,50.00,0625:08:11,1,08
20:32:59,0.14317,220.10,0.41156,12.97142,37.87653,3.26347,5.05809,50.00,0625:08:12,1,08
20:33:00,0.14334,220.00,0.41207,12.99861,37.95594,3.26347,5.05809,50.00,0625:08:13,1,08
20:33:02,0.143,219.90,0.41314,12.99861,37.95594,3.26347,5.05809,50.00,0625:08:15,1,08
20:33:03,0.1434,219.80,0.41164,12.98501,37.91624,3.26347,5.05809,50.00,0625:08:16,1,08
20:33:04,0.14363,219.80,0.41093,12.98501,37.91624,3.26347,5.05809,50.00,0625:08:17,1,08
20:33:05,0.14369,219.90,0.41187,13.0258,38.03534,3.26347,5.05809,50.00,0625:08:18,1,08
20:33:06,0.14334,220.00,0.41293,13.0258,38.03534,3.26347,5.05809,50.00,0625:08:19,1,08
20:33:09,0.1434,220.10,0.41301,13.0394,38.07505,3.26347,5.05809,49.97,0625:08:22,1,08
20:33:11,0.14346,220.20,0.41394,13.08019,38.19416,3.26347,5.05809,49.99,0625:08:24,1,08
20:33:13,0.1402,220.20,0.41373,12.78106,37.32069,3.26347,5.05809,49.99,0625:08:26,1,08
20:33:14,0.14213,220.20,0.40921,12.80825,37.4001,3.26347,5.05809,49.99,0625:08:27,1,08
20:33:15,0.14143,220.20,0.41056,12.79466,37.3604,3.26347,5.05819,49.99,0625:08:28,1,08
20:33:17,0.14126,220.20,0.41179,12.82185,37.4398,3.26357,5.05819,50.00,0625:08:30,1,08
20:33:24,0.1412,220.30,0.41171,12.80825,37.4001,3.26357,5.05819,49.99,0625:08:37,1,08
20:33:31,0.14073,220.40,0.4128,12.80825,37.4001,3.26357,5.05819,49.99,0625:08:43,1,08
20:33:32,0.13996,220.30,0.41498,12.80825,37.4001,3.26357,5.05819,49.99,0625:08:44,1,08
20:33:39,0.14096,220.20,0.41243,12.80825,37.4001,3.26357,5.05829,50.01,0625:08:51,1,08
20:33:40,0.14126,220.20,0.41128,12.79466,37.3604,3.26357,5.05829,50.01,0625:08:52,1,08
20:33:41,0.1412,220.00,0.41207,12.80825,37.4001,3.26357,5.05829,50.01,0625:08:53,1,08
20:33:42,0.14073,220.00,0.41308,12.79466,37.3604,3.26357,5.05829,50.01,0625:08:54,1,08
20:33:43,0.14073,220.00,0.41308,12.79466,37.3604,3.26357,5.05829,50.01,0625:08:55,1,08
20:33:50,0.14131,219.80,0.41251,12.82185,37.4398,3.26367,5.05829,50.00,0625:09:02,1,08
20:33:51,0.14037,219.90,0.41461,12.80825,37.4001,3.26367,5.05829,50.00,0625:09:03,1,08
20:33:52,0.14061,220.00,0.41388,12.80825,37.4001,3.26367,5.05829,50.00,0625:09:04,1,08
20:33:53,0.14202,220.00,0.40992,12.80825,37.4001,3.26367,5.05829,49.99,0625:09:05,1,08
20:33:54,0.14167,220.10,0.41064,12.80825,37.4001,3.26367,5.05829,49.99,0625:09:06,1,08
20:33:56,0.14143,220.30,0.4123,12.84904,37.51921,3.26367,5.05839,49.99,0625:09:08,1,08
20:33:57,0.14091,220.50,0.41251,12.82185,37.4398,3.26367,5.05839,50.00,0625:09:09,1,08
20:34:00,0.14091,220.70,0.41259,12.83545,37.4795,3.26367,5.05839,50.00,0625:09:13,1,08
20:34:01,0.14091,220.70,0.41259,12.83545,37.4795,3.26367,5.05839,50.01,0625:09:13,1,08
20:34:02,0.14096,220.80,0.41092,12.79466,37.3604,3.26367,5.05839,50.01,0625:09:14,1,08
20:34:03,0.14079,220.70,0.41164,12.79466,37.3604,3.26367,5.05839,50.00,0625:09:15,1,08
20:34:05,0.14073,220.50,0.412,12.79466,37.3604,3.26367,5.05839,50.03,0625:09:17,1,08
20:34:06,0.14056,220.70,0.41367,12.83545,37.4795,3.26367,5.05839,50.03,0625:09:19,1,08
20:34:08,0.14044,220.80,0.41236,12.79466,37.3604,3.26367,5.05839,50.01,0625:09:20,1,08
20:34:09,0.14026,220.40,0.41337,12.78106,37.32069,3.26367,5.05839,50.01,0625:09:21,1,08
20:34:11,0.14037,220.40,0.41696,12.90343,37.67802,3.26367,5.05839,50.01,0625:09:23,1,08
20:34:14,0.13979,220.40,0.41578,12.82185,37.4398,3.26377,5.05839,50.01,0625:09:26,1,08
20:34:16,0.14032,220.50,0.41388,12.80825,37.4001,3.26377,5.0585,50.03,0625:09:28,1,08
20:34:17,0.13985,220.50,0.41534,12.80825,37.4001,3.26377,5.0585,50.00,0625:09:30,1,08
20:34:20,0.13967,220.30,0.41564,12.79466,37.3604,3.26377,5.0585,50.01,0625:09:32,1,08
20:34:21,0.13949,220.50,0.41608,12.80825,37.4001,3.26377,5.0585,50.00,0625:09:33,1,08
20:34:22,0.13937,220.40,0.41637,12.79466,37.3604,3.26377,5.0585,50.00,0625:09:35,1,08
20:34:30,0.14037,220.30,0.41344,12.79466,37.3604,3.26377,5.0585,49.99,0625:09:43,1,08
20:34:32,0.14032,220.40,0.41388,12.80825,37.4001,3.26377,5.0585,49.99,0625:09:44,1,08
20:34:33,0.14091,220.40,0.41164,12.79466,37.3604,3.26377,5.0585,49.96,0625:09:46,1,08
20:34:35,0.14049,220.30,0.41396,12.82185,37.4398,3.26377,5.0586,49.97,0625:09:48,1,08
20:34:36,0.14091,220.20,0.41243,12.80825,37.4001,3.26377,5.0586,49.97,0625:09:49,1,08
20:34:37,0.14143,220.10,0.41179,12.82185,37.4398,3.26377,5.0586,49.97,0625:09:49,1,08
20:34:38,0.15059,220.00,0.41591,13.78723,40.25871,3.26377,5.0586,49.97,0625:09:50,1,08
20:34:39,0.14288,220.00,0.41739,13.12098,38.31327,3.26377,5.0586,49.99,0625:09:52,1,08
20:34:40,0.14334,220.10,0.4143,13.08019,38.19416,3.26377,5.0586,49.99,0625:09:53,1,08
20:34:41,0.14236,220.20,0.41457,12.99861,37.95594,3.26387,5.0586,49.97,0625:09:54,1,08
20:34:42,0.14073,220.30,0.41323,12.82185,37.4398,3.26387,5.0586,49.95,0625:09:55,1,08
20:34:44,0.14084,220.50,0.41287,12.82185,37.4398,3.26387,5.0586,49.95,0625:09:56,1,08
20:34:45,0.14126,220.50,0.41143,12.82185,37.4398,3.26387,5.0586,49.96,0625:09:58,1,08
20:34:46,0.14091,220.50,0.41207,12.80825,37.4001,3.26387,5.0586,49.96,0625:09:59,1,08
20:34:48,0.14167,220.40,0.41123,12.84904,37.51921,3.26387,5.0586,49.96,0625:10:01,1,08
20:34:50,0.14091,220.20,0.41148,12.76746,37.28099,3.26387,5.0586,49.96,0625:10:03,1,08
20:34:52,0.14126,220.00,0.41171,12.80825,37.4001,3.26387,5.0586,49.95,0625:10:05,1,08
20:34:53,0.14137,220.10,0.41048,12.78106,37.32069,3.26387,5.0586,49.95,0625:10:06,1,08
20:34:54,0.14108,220.20,0.41207,12.80825,37.4001,3.26387,5.0587,49.96,0625:10:07,1,08
20:34:55,0.14103,220.30,0.41207,12.80825,37.4001,3.26387,5.0587,49.96,0625:10:07,1,08
20:34:58,0.14126,220.50,0.41187,12.83545,37.4795,3.26387,5.0587,49.96,0625:10:11,1,08
20:34:59,0.14084,220.60,0.41382,12.86264,37.55891,3.26387,5.0587,49.96,0625:10:12,1,08
20:35:00,0.14096,220.40,0.41164,12.79466,37.3604,3.26387,5.0587,49.95,0625:10:13,1,08
20:35:01,0.14067,220.30,0.40965,12.69948,37.08248,3.26387,5.0587,49.95,0625:10:14,1,08
20:35:02,0.14114,220.10,0.4112,12.78106,37.32069,3.26387,5.0587,49.95,0625:10:15,1,08
20:35:03,0.14143,220.20,0.41143,12.82185,37.4398,3.26387,5.0587,49.94,0625:10:16,1,08
20:35:07,0.14184,220.40,0.41,12.82185,37.4398,3.26387,5.0587,49.95,0625:10:20,1,08
20:35:11,0.14155,220.20,0.41064,12.80825,37.4001,3.26397,5.0587,49.95,0625:10:24,1,08
20:35:12,0.14207,220.20,0.40921,12.80825,37.4001,3.26397,5.0587,49.95,0625:10:25,1,08
20:35:13,0.1416,220.20,0.4102,12.79466,37.3604,3.26397,5.0587,49.95,0625:10:26,1,08
20:35:14,0.14178,220.20,0.40949,12.79466,37.3604,3.26397,5.0588,49.96,0625:10:27,1,08
20:35:15,0.14167,220.20,0.40984,12.79466,37.3604,3.26397,5.0588,49.96,0625:10:28,1,08
20:35:16,0.14178,220.30,0.41036,12.82185,37.4398,3.26397,5.0588,49.95,0625:10:29,1,08
20:35:17,0.14202,220.30,0.40921,12.80825,37.4001,3.26397,5.0588,49.95,0625:10:30,1,08
20:35:20,0.14114,220.20,0.41207,12.80825,37.4001,3.26397,5.0588,49.96,0625:10:33,1,08
20:35:21,0.14108,220.10,0.41076,12.76746,37.28099,3.26397,5.0588,49.96,0625:10:34,1,08
20:35:23,0.14172,220.00,0.41064,12.80825,37.4001,3.26397,5.0588,49.96,0625:10:36,1,08
20:35:27,0.14114,220.00,0.41243,12.80825,37.4001,3.26397,5.0588,49.97,0625:10:39,1,08
20:35:30,0.14067,220.20,0.41316,12.80825,37.4001,3.26397,5.0588,49.96,0625:10:42,1,08
20:35:31,0.14067,220.20,0.41316,12.80825,37.4001,3.26397,5.0588,49.96,0625:10:43,1,08
20:35:33,0.14178,220.10,0.40984,12.79466,37.3604,3.26397,5.0588,49.96,0625:10:45,1,08
20:35:35,0.14067,220.20,0.4114,12.75387,37.24129,3.26397,5.0589,49.97,0625:10:47,1,08
20:35:36,0.14073,220.30,0.4106,12.74027,37.20158,3.26397,5.0589,49.97,0625:10:48,1,08
20:35:37,0.14073,220.30,0.4106,12.74027,37.20158,3.26397,5.0589,49.99,0625:10:49,1,08
20:35:41,0.14178,220.40,0.41391,12.94422,37.79713,3.26407,5.0589,50.00,0625:10:53,1,08
20:35:42,0.14271,220.60,0.41321,13.01221,37.99565,3.26407,5.0589,50.00,0625:10:54,1,08
20:35:43,0.14271,220.60,0.41321,13.01221,37.99565,3.26407,5.0589,49.99,0625:10:55,1,08
20:35:44,0.14084,220.50,0.4112,12.78106,37.32069,3.26407,5.0589,49.99,0625:10:56,1,08
20:35:47,0.14137,220.60,0.41064,12.80825,37.4001,3.26407,5.0589,50.00,0625:10:59,1,08
20:35:48,0.14073,220.60,0.412,12.79466,37.3604,3.26407,5.0589,50.00,0625:11:00,1,08
20:35:49,0.14073,220.60,0.412,12.79466,37.3604,3.26407,5.0589,49.97,0625:11:01,1,08
20:35:50,0.14084,220.50,0.412,12.79466,37.3604,3.26407,5.0589,49.97,0625:11:02,1,08
20:35:53,0.14108,220.20,0.41207,12.80825,37.4001,3.26407,5.0589,49.96,0625:11:05,1,08
20:35:54,0.14155,220.30,0.41151,12.83545,37.4795,3.26407,5.059,49.96,0625:11:06,1,08
20:35:56,0.14108,220.30,0.41215,12.82185,37.4398,3.26407,5.059,49.95,0625:11:08,1,08
20:35:57,0.14084,220.40,0.41025,12.74027,37.20158,3.26407,5.059,49.95,0625:11:09,1,08
20:35:58,0.14056,220.30,0.41264,12.78106,37.32069,3.26407,5.059,49.95,0625:11:10,1,08
20:35:59,0.14049,220.20,0.41344,12.79466,37.3604,3.26407,5.059,49.95,0625:11:11,1,08
20:36:00,0.14026,220.20,0.41337,12.78106,37.32069,3.26407,5.059,49.95,0625:11:12,1,08
20:36:01,0.14026,220.20,0.41337,12.78106,37.32069,3.26407,5.059,49.95,0625:11:13,1,08
20:36:06,0.13985,220.20,0.41218,12.69948,37.08248,3.26417,5.059,49.94,0625:11:19,1,08
20:36:08,0.14003,220.20,0.4149,12.79466,37.3604,3.26417,5.059,49.95,0625:11:20,1,08
20:36:09,0.13961,220.30,0.41564,12.79466,37.3604,3.26417,5.059,49.95,0625:11:21,1,08
20:36:10,0.14003,220.40,0.41461,12.80825,37.4001,3.26417,5.059,49.95,0625:11:22,1,08
20:36:12,0.14056,221.00,0.41339,12.84904,37.51921,3.26417,5.059,49.95,0625:11:25,1,08
20:36:14,0.14014,220.70,0.41388,12.80825,37.4001,3.26417,5.0591,49.96,0625:11:26,1,08
20:36:15,0.13961,220.60,0.41174,12.68588,37.04278,3.26417,5.0591,49.95,0625:11:27,1,08
20:36:16,0.14155,220.50,0.40992,12.80825,37.4001,3.26417,5.0591,49.95,0625:11:28,1,08
20:36:19,0.14149,220.70,0.40992,12.80825,37.4001,3.26417,5.0591,49.94,0625:11:31,1,08
20:36:20,0.14091,220.80,0.41135,12.80825,37.4001,3.26417,5.0591,49.94,0625:11:32,1,08
20:36:23,0.14067,220.40,0.4128,12.80825,37.4001,3.26417,5.0591,49.94,0625:11:36,1,08
20:36:24,0.14079,220.20,0.41104,12.75387,37.24129,3.26417,5.0591,49.94,0625:11:37,1,08
20:36:25,0.13973,220.20,0.41387,12.74027,37.20158,3.26417,5.0591,49.94,0625:11:37,1,08
20:36:26,0.1412,220.30,0.41171,12.80825,37.4001,3.26417,5.0591,49.94,0625:11:38,1,08
20:36:27,0.14008,220.50,0.41417,12.79466,37.3604,3.26417,5.0591,49.95,0625:11:39,1,08
20:36:28,0.14003,220.50,0.41373,12.78106,37.32069,3.26417,5.0591,49.95,0625:11:41,1,08
20:36:30,0.14014,220.70,0.41432,12.82185,37.4398,3.26417,5.0591,49.95,0625:11:43,1,08
20:36:31,0.14049,220.70,0.41323,12.82185,37.4398,3.26417,5.0591,49.95,0625:11:43,1,08
20:36:33,0.14026,220.50,0.41257,12.76746,37.28099,3.26427,5.0591,49.94,0625:11:45,1,08
20:36:34,0.13979,220.50,0.4127,12.72667,37.16188,3.26427,5.0592,49.94,0625:11:47,1,08
20:36:36,0.14026,220.40,0.41344,12.79466,37.3604,3.26427,5.0592,49.95,0625:11:49,1,08
20:36:37,0.1402,220.60,0.41388,12.80825,37.4001,3.26427,5.0592,49.95,0625:11:49,1,08
20:36:38,0.14732,220.60,0.41722,13.56968,39.62346,3.26427,5.0592,49.95,0625:11:50,1,08
20:36:40,0.1902,220.70,0.47735,20.05539,58.56173,3.26427,5.0592,49.95,0625:11:53,1,08
20:36:42,0.18758,220.60,0.48522,20.08258,58.64114,3.26427,5.0592,49.95,0625:11:54,1,08
20:36:43,0.18429,220.50,0.47692,19.38914,56.61629,3.26427,5.0592,49.96,0625:11:55,1,08
20:36:44,0.18132,220.50,0.46941,18.77728,54.82965,3.26427,5.0592,49.96,0625:11:57,1,08
20:36:47,0.17968,220.50,0.46674,18.50534,54.0356,3.26427,5.0592,49.95,0625:12:00,1,08
20:36:50,0.20027,220.40,0.49477,21.85017,63.80251,3.26427,5.0592,49.95,0625:12:03,1,08
20:36:52,0.20039,220.40,0.49662,21.94535,64.08043,3.26427,5.0593,49.96,0625:12:05,1,08
20:36:54,0.19935,220.50,0.49475,21.76859,63.56429,3.26437,5.0593,49.96,0625:12:06,1,08
20:36:55,0.20186,220.60,0.49878,22.23089,64.91419,3.26437,5.0593,49.96,0625:12:08,1,08
20:36:57,0.20133,220.70,0.49939,22.20369,64.83478,3.26437,5.0593,49.95,0625:12:10,1,08
20:36:59,0.20186,220.80,0.49878,22.24448,64.95388,3.26437,5.0593,49.96,0625:12:12,1,08
20:37:00,0.20014,220.70,0.496,21.91816,64.00102,3.26437,5.0593,49.96,0625:12:12,1,08
20:37:02,0.20146,220.50,0.49755,22.10851,64.55686,3.26437,5.0593,49.95,0625:12:15,1,08
20:37:04,0.20051,220.40,0.49692,21.97255,64.15984,3.26437,5.0593,49.96,0625:12:17,1,08
20:37:05,0.2039,220.40,0.4994,22.46203,65.58913,3.26437,5.0593,49.96,0625:12:18,1,08
20:37:06,0.20571,220.40,0.4979,22.598,65.98617,3.26437,5.0593,49.96,0625:12:19,1,08
20:37:07,0.20288,220.40,0.49939,22.35326,65.27151,3.26437,5.0593,49.96,0625:12:20,1,08
20:37:08,0.20333,220.70,0.49939,22.42124,65.47002,3.26437,5.0594,49.96,0625:12:21,1,08
20:37:10,0.22336,220.70,0.50937,25.12702,73.3709,3.26447,5.0594,49.96,0625:12:23,1,08
20:37:11,0.22377,220.70,0.51018,25.2086,73.60912,3.26447,5.0594,49.96,0625:12:24,1,08
20:37:14,0.22236,220.80,0.51134,25.12702,73.3709,3.26447,5.0594,49.96,0625:12:27,1,08
20:37:15,0.22263,220.70,0.51134,25.14062,73.4106,3.26447,5.0594,49.97,0625:12:28,1,08
20:37:16,0.22292,220.70,0.50745,24.99105,72.97387,3.26447,5.0594,49.99,0625:12:29,1,08
20:37:21,0.23489,220.60,0.51704,26.81303,78.29405,3.26447,5.0594,49.97,0625:12:34,1,08
20:37:24,0.2345,220.50,0.51682,26.74505,78.09554,3.26458,5.05951,49.99,0625:12:36,1,08
20:37:25,0.23591,220.40,0.5175,26.9354,78.65138,3.26458,5.05951,49.99,0625:12:37,1,08
20:37:28,0.23489,220.50,0.51495,26.69066,77.93673,3.26458,5.05951,49.99,0625:12:40,1,08
20:37:29,0.23636,220.40,0.51669,26.9354,78.65138,3.26458,5.05951,49.99,0625:12:41,1,08
20:37:31,0.23524,220.30,0.51652,26.78584,78.21465,3.26458,5.05951,50.00,0625:12:43,1,08
20:37:32,0.23524,220.30,0.51652,26.78584,78.21465,3.26458,5.05951,50.00,0625:12:44,1,08
20:37:33,0.23671,220.20,0.51538,26.88102,78.49257,3.26458,5.05951,49.99,0625:12:45,1,08
20:37:34,0.23654,220.10,0.51644,26.90821,78.57198,3.26458,5.05951,49.99,0625:12:46,1,08
20:37:40,0.2365,220.00,0.5162,26.86742,78.45287,3.26468,5.05961,50.00,0625:12:52,1,08
20:37:41,0.23531,219.90,0.51627,26.74505,78.09554,3.26468,5.05961,49.99,0625:12:53,1,08
20:37:42,0.23535,219.90,0.51706,26.78584,78.21465,3.26468,5.05961,49.99,0625:12:54,1,08
20:37:43,0.23789,219.90,0.5161,27.01698,78.8896,3.26468,5.05961,50.00,0625:12:55,1,08
20:37:44,0.23789,219.90,0.5161,27.01698,78.8896,3.26468,5.05961,50.00,0625:12:56,1,08
20:37:45,0.2365,219.90,0.51385,26.74505,78.09554,3.26468,5.05961,49.99,0625:12:57,1,08
20:37:46,0.2524,220.00,0.51909,28.83897,84.20979,3.26468,5.05961,49.99,0625:12:58,1,08
20:37:47,0.2559,220.10,0.51786,29.17889,85.20235,3.26468,5.05961,49.97,0625:12:59,1,08
20:37:49,0.25484,220.00,0.51818,29.07011,84.88473,3.26468,5.05961,49.97,0625:13:01,1,08
20:37:50,0.25645,219.90,0.51952,29.31486,85.59939,3.26468,5.05961,49.97,0625:13:02,1,08
20:37:52,0.27952,220.10,0.52032,32.03423,93.53996,3.26478,5.05971,49.96,0625:13:04,1,08
20:37:53,0.28176,220.20,0.52256,32.44213,94.73103,3.26478,5.05971,49.96,0625:13:05,1,08
20:37:55,0.28079,220.40,0.52108,32.26538,94.2149,3.26478,5.05971,49.96,0625:13:07,1,08
20:37:56,0.27902,220.30,0.5221,32.11581,93.77818,3.26478,5.05971,49.96,0625:13:08,1,08
20:37:57,0.27938,220.50,0.51984,32.06142,93.61936,3.26478,5.05971,49.96,0625:13:09,1,08
20:37:59,0.27931,220.50,0.52051,32.08862,93.69877,3.26478,5.05971,49.96,0625:13:11,1,08
20:38:01,0.27846,220.50,0.52235,32.08862,93.69877,3.26478,5.05971,49.97,0625:13:13,1,08
20:38:03,0.28055,220.60,0.52064,32.23818,94.13549,3.26489,5.05971,49.96,0625:13:15,1,08
20:38:04,0.27819,220.50,0.51926,31.88467,93.10323,3.26489,5.05981,49.96,0625:13:16,1,08
20:38:05,0.28032,220.60,0.52264,32.33336,94.41342,3.26489,5.05981,49.97,0625:13:17,1,08
20:38:06,0.28275,220.40,0.51918,32.38775,94.57223,3.26489,5.05981,49.97,0625:13:18,1,08
20:38:13,0.28102,220.40,0.52413,32.48293,94.85017,3.26489,5.05981,49.96,0625:13:25,1,08
20:38:14,0.27754,220.40,0.52221,31.96624,93.34143,3.26499,5.05981,49.96,0625:13:26,1,08
20:38:15,0.27765,220.40,0.52864,32.37415,94.53253,3.26499,5.05981,49.96,0625:13:27,1,08
20:38:16,0.2794,220.30,0.52472,32.31977,94.37373,3.26499,5.05981,49.96,0625:13:28,1,08
20:38:18,0.27928,220.20,0.52541,32.33336,94.41342,3.26499,5.05992,49.97,0625:13:30,1,08
20:38:19,0.27554,220.00,0.52331,31.7487,92.70619,3.26499,5.05992,49.97,0625:13:31,1,08
20:38:21,0.2776,220.20,0.52601,32.1702,93.93697,3.26499,5.05992,49.96,0625:13:33,1,08
20:38:22,0.2773,220.20,0.52491,32.08862,93.69877,3.26499,5.05992,49.96,0625:13:34,1,08
20:38:23,0.2794,220.20,0.52716,32.45573,94.77074,3.26499,5.05992,49.96,0625:13:36,1,08
20:38:24,0.27724,220.30,0.52603,32.143,93.85757,3.26499,5.05992,49.96,0625:13:36,1,08
20:38:25,0.27712,220.30,0.52781,32.25178,94.1752,3.26499,5.05992,49.96,0625:13:37,1,08
20:38:26,0.27928,220.20,0.52408,32.25178,94.1752,3.26509,5.05992,49.96,0625:13:38,1,08
20:38:27,0.27976,220.10,0.52162,32.143,93.85757,3.26509,5.05992,49.97,0625:13:39,1,08
20:38:30,0.28138,220.10,0.5226,32.38775,94.57223,3.26509,5.06002,49.96,0625:13:42,1,08
20:38:35,0.28149,220.20,0.51863,32.1702,93.93697,3.26509,5.06002,49.97,0625:13:48,1,08
20:38:36,0.28374,220.20,0.52,32.52372,94.96926,3.26509,5.06002,49.97,0625:13:48,1,08
20:38:37,0.28261,220.20,0.51834,32.27898,94.25462,3.2652,5.06002,49.97,0625:13:49,1,08
20:38:39,0.27857,220.20,0.51684,31.7215,92.62679,3.2652,5.06002,49.97,0625:13:52,1,08
20:38:42,0.14329,220.00,0.40948,12.91703,37.71773,3.2652,5.06002,49.99,0625:13:54,1,08
20:38:43,0.14242,220.10,0.41023,12.86264,37.55891,3.2652,5.06012,49.97,0625:13:55,1,08
20:38:44,0.14276,220.10,0.40917,12.86264,37.55891,3.2652,5.06012,49.97,0625:13:56,1,08
20:38:45,0.1426,220.10,0.40996,12.87624,37.59861,3.2652,5.06012,49.99,0625:13:58,1,08
20:38:46,0.14225,220.10,0.41016,12.84904,37.51921,3.2652,5.06012,49.99,0625:13:59,1,08
20:38:48,0.14195,220.10,0.41217,12.88984,37.63832,3.2652,5.06012,49.99,0625:14:00,1,08
20:38:49,0.14253,219.90,0.4098,12.84904,37.51921,3.2652,5.06012,49.99,0625:14:01,1,08
20:38:50,0.143,219.80,0.41227,12.97142,37.87653,3.2652,5.06012,49.99,0625:14:02,1,08
20:38:51,0.14334,219.80,0.41415,13.053,38.11475,3.2652,5.06012,49.99,0625:14:04,1,08
20:38:52,0.1416,219.90,0.40881,12.74027,37.20158,3.2652,5.06012,49.99,0625:14:05,1,08
20:38:53,0.14167,219.90,0.41099,12.80825,37.4001,3.2652,5.06012,50.00,0625:14:06,1,08
20:38:54,0.14195,219.90,0.41071,12.82185,37.4398,3.2652,5.06012,50.00,0625:14:06,1,08
20:38:55,0.14489,219.90,0.41596,13.25695,38.7103,3.2652,5.06012,49.99,0625:14:07,1,08
20:38:58,0.1726,220.10,0.47175,17.93427,52.36808,3.2652,5.06012,50.00,0625:14:11,1,08
20:38:59,0.17703,220.20,0.47141,18.38297,53.67828,3.2652,5.06012,50.00,0625:14:12,1,08
20:39:00,0.17469,220.20,0.47208,18.16542,53.04303,3.2653,5.06012,50.00,0625:14:12,1,08
20:39:01,0.17568,219.80,0.47396,18.31499,53.47976,3.2653,5.06012,49.99,0625:14:13,1,08
20:39:02,0.17497,219.80,0.47456,18.2606,53.32095,3.2653,5.06022,49.99,0625:14:15,1,08
20:39:03,0.17487,219.80,0.47385,18.23341,53.24155,3.2653,5.06022,50.00,0625:14:16,1,08
20:39:05,0.17545,219.80,0.47463,18.31499,53.47976,3.2653,5.06022,50.00,0625:14:18,1,08
20:39:06,0.17497,219.80,0.47385,18.23341,53.24155,3.2653,5.06022,50.00,0625:14:18,1,08
20:39:07,0.17483,219.70,0.47417,18.21981,53.20185,3.2653,5.06022,49.99,0625:14:20,1,08
20:39:09,0.17568,219.80,0.47044,18.17902,53.08273,3.2653,5.06022,49.99,0625:14:22,1,08
20:39:11,0.17596,219.90,0.47296,18.31499,53.47976,3.2653,5.06022,49.99,0625:14:23,1,08
20:39:12,0.17507,220.00,0.47389,18.2606,53.32095,3.2653,5.06022,49.99,0625:14:24,1,08
20:39:13,0.17483,220.10,0.47387,18.247,53.28125,3.2653,5.06022,49.99,0625:14:26,1,08
20:39:14,0.17619,220.20,0.47059,18.2742,53.36066,3.2653,5.06022,49.99,0625:14:27,1,08
20:39:15,0.17553,220.40,0.47435,18.35578,53.59887,3.2653,5.06022,49.97,0625:14:28,1,08
20:39:16,0.17549,220.40,0.474,18.34218,53.55917,3.2653,5.06022,49.97,0625:14:29,1,08
20:39:17,0.17572,220.30,0.47331,18.32858,53.51946,3.2653,5.06022,49.97,0625:14:29,1,08
20:39:19,0.17605,220.30,0.47127,18.28779,53.40036,3.2653,5.06022,49.97,0625:14:32,1,08
20:39:21,0.17572,220.10,0.47084,18.21981,53.20185,3.2654,5.06032,49.97,0625:14:34,1,08
20:39:22,0.17563,220.30,0.474,18.34218,53.55917,3.2654,5.06032,49.97,0625:14:35,1,08
20:39:23,0.17563,220.30,0.474,18.34218,53.55917,3.2654,5.06032,49.97,0625:14:36,1,08
20:39:24,0.17605,220.30,0.47057,18.2606,53.32095,3.2654,5.06032,49.97,0625:14:37,1,08
20:39:27,0.1753,220.40,0.47257,18.2742,53.36066,3.2654,5.06032,49.97,0625:14:39,1,08
20:39:29,0.17676,220.10,0.47207,18.38297,53.67828,3.2654,5.06032,49.96,0625:14:41,1,08
20:39:36,0.17587,219.90,0.47435,18.35578,53.59887,3.2654,5.06032,49.96,0625:14:48,1,08
20:39:38,0.17572,219.90,0.47222,18.2606,53.32095,3.2654,5.06032,49.97,0625:14:50,1,08
20:39:40,0.17624,219.30,0.47293,18.28779,53.40036,3.2655,5.06043,49.97,0625:14:52,1,08
20:39:41,0.17596,219.20,0.47216,18.21981,53.20185,3.2655,5.06043,49.96,0625:14:53,1,08
20:39:42,0.17596,219.20,0.47216,18.21981,53.20185,3.2655,5.06043,49.96,0625:14:54,1,08
20:39:45,0.17629,219.20,0.47222,18.2606,53.32095,3.2655,5.06043,49.97,0625:14:57,1,08
20:39:46,0.17587,219.30,0.47146,18.19262,53.12244,3.2655,5.06043,49.97,0625:14:58,1,08
20:39:47,0.17638,219.50,0.47263,18.31499,53.47976,3.2655,5.06043,49.97,0625:14:59,1,08
20:39:49,0.17731,219.50,0.47207,18.38297,53.67828,3.2655,5.06043,49.97,0625:15:01,1,08
20:39:51,0.17558,219.50,0.47214,18.20621,53.16214,3.2655,5.06043,49.99,0625:15:03,1,08
20:39:52,0.17545,219.50,0.47036,18.12463,52.92392,3.2655,5.06043,49.99,0625:15:04,1,08
20:39:53,0.17703,219.50,0.47203,18.35578,53.59887,3.2655,5.06043,49.99,0625:15:05,1,08
20:39:54,0.17703,219.50,0.47203,18.35578,53.59887,3.2655,5.06043,49.99,0625:15:06,1,08
20:39:55,0.17833,219.60,0.47571,18.64131,54.43263,3.2655,5.06043,49.97,0625:15:07,1,08
20:39:56,0.17745,219.60,0.47455,18.50534,54.0356,3.2655,5.06053,49.97,0625:15:08,1,08
20:39:57,0.17587,219.60,0.47185,18.23341,53.24155,3.2655,5.06053,49.97,0625:15:09,1,08
20:39:59,0.17685,219.70,0.46993,18.2742,53.36066,3.2655,5.06053,49.99,0625:15:11,1,08
20:40:00,0.17685,219.70,0.46993,18.2742,53.36066,3.2656,5.06053,49.99,0625:15:12,1,08
20:40:01,0.17713,219.70,0.47137,18.35578,53.59887,3.2656,5.06053,49.99,0625:15:13,1,08
20:40:02,0.17656,219.60,0.47092,18.2742,53.36066,3.2656,5.06053,49.99,0625:15:14,1,08
20:40:03,0.17666,219.40,0.47055,18.247,53.28125,3.2656,5.06053,49.99,0625:15:15,1,08
20:40:04,0.17629,219.40,0.47224,18.2742,53.36066,3.2656,5.06053,49.99,0625:15:16,1,08
20:40:06,0.17587,219.50,0.47289,18.2606,53.32095,3.2656,5.06053,49.99,0625:15:18,1,08
20:40:07,0.17638,219.70,0.47055,18.247,53.28125,3.2656,5.06053,49.99,0625:15:19,1,08
20:40:08,0.17685,219.70,0.46783,18.19262,53.12244,3.2656,5.06053,49.99,0625:15:20,1,08
20:40:11,0.17783,219.70,0.47182,18.43736,53.83709,3.2656,5.06053,50.01,0625:15:23,1,08
20:40:12,0.1768,219.70,0.47166,18.32858,53.51946,3.2656,5.06053,50.01,0625:15:24,1,08
20:40:13,0.17745,219.60,0.46757,18.23341,53.24155,3.2656,5.06053,50.01,0625:15:25,1,08
20:40:16,0.17638,219.70,0.47125,18.2742,53.36066,3.2656,5.06063,50.01,0625:15:28,1,08
20:40:17,0.17773,219.60,0.47006,18.35578,53.59887,3.2656,5.06063,50.01,0625:15:29,1,08
20:40:19,0.17656,219.70,0.46989,18.247,53.28125,3.2656,5.06063,50.03,0625:15:31,1,08
20:40:20,0.17605,219.80,0.47086,18.23341,53.24155,3.2657,5.06063,50.03,0625:15:32,1,08
20:40:21,0.17582,219.80,0.47046,18.19262,53.12244,3.2657,5.06063,50.01,0625:15:33,1,08
20:40:25,0.17703,219.80,0.46927,18.2742,53.36066,3.2657,5.06063,50.03,0625:15:37,1,08
20:40:26,0.17624,219.70,0.46877,18.16542,53.04303,3.2657,5.06063,50.03,0625:15:38,1,08
20:40:27,0.17601,219.70,0.47224,18.2742,53.36066,3.2657,5.06063,50.01,0625:15:39,1,08
20:40:28,0.17694,219.50,0.46886,18.21981,53.20185,3.2657,5.06063,50.01,0625:15:40,1,08
20:40:30,0.17633,219.60,0.47333,18.34218,53.55917,3.2657,5.06063,50.01,0625:15:42,1,08
20:40:33,0.17699,219.40,0.46886,18.21981,53.20185,3.2657,5.06073,50.00,0625:15:45,1,08
20:40:35,0.17633,219.50,0.47191,18.2742,53.36066,3.2657,5.06073,49.99,0625:15:48,1,08
20:40:36,0.1769,219.40,0.47199,18.32858,53.51946,3.2657,5.06073,49.99,0625:15:48,1,08
20:40:37,0.1776,219.40,0.47139,18.36937,53.63857,3.2657,5.06073,49.99,0625:15:49,1,08
20:40:38,0.17736,219.30,0.471,18.32858,53.51946,3.2657,5.06073,49.99,0625:15:50,1,08
20:40:40,0.1754,219.30,0.46961,18.07024,52.76511,3.2658,5.06073,49.96,0625:15:53,1,08
20:40:42,0.17694,219.60,0.47238,18.36937,53.63857,3.2658,5.06073,49.96,0625:15:54,1,08
20:40:43,0.17755,219.80,0.47075,18.38297,53.67828,3.2658,5.06073,49.96,0625:15:55,1,08
20:40:44,0.1761,220.10,0.47055,18.247,53.28125,3.2658,5.06073,49.96,0625:15:56,1,08
20:40:47,0.1769,219.90,0.4717,18.35578,53.59887,3.2658,5.06073,49.96,0625:16:00,1,08
20:40:50,0.17633,219.80,0.46985,18.21981,53.20185,3.2658,5.06083,49.97,0625:16:02,1,08
20:40:52,0.17755,220.40,0.4684,18.34218,53.55917,3.2658,5.06083,49.97,0625:16:05,1,08
20:40:53,0.17614,220.50,0.47166,18.32858,53.51946,3.2658,5.06083,49.96,0625:16:06,1,08
20:40:54,0.17545,220.30,0.47187,18.247,53.28125,3.2658,5.06083,49.96,0625:16:06,1,08
20:40:55,0.17516,220.30,0.47218,18.23341,53.24155,3.2658,5.06083,49.97,0625:16:07,1,08
20:40:56,0.17605,220.20,0.47302,18.35578,53.59887,3.2658,5.06083,49.97,0625:16:08,1,08
20:40:58,0.17861,220.10,0.4713,18.53254,54.11501,3.2658,5.06083,49.97,0625:16:11,1,08
20:41:01,0.17568,220.20,0.47294,18.30139,53.44006,3.2659,5.06083,49.96,0625:16:13,1,08
20:41:04,0.17521,220.30,0.47394,18.30139,53.44006,3.2659,5.06083,49.96,0625:16:17,1,08
20:41:05,0.17445,220.10,0.47308,18.39657,53.71798,3.2659,5.06083,49.96,0625:16:18,1,08
20:41:07,0.17773,220.30,0.46877,18.36937,53.63857,3.2659,5.06093,49.99,0625:16:19,1,08
20:41:08,0.17676,220.30,0.46964,18.30139,53.44006,3.2659,5.06093,49.99,0625:16:21,1,08
20:41:09,0.17563,220.20,0.47013,18.19262,53.12244,3.2659,5.06093,49.97,0625:16:22,1,08
20:41:10,0.17648,220.20,0.46993,18.2742,53.36066,3.2659,5.06093,49.97,0625:16:23,1,08
20:41:11,0.17591,220.30,0.46213,17.92068,52.32838,3.2659,5.06093,49.97,0625:16:24,1,08
20:41:12,0.17591,220.30,0.46213,17.92068,52.32838,3.2659,5.06093,49.97,0625:16:24,1,08
20:41:13,0.17736,220.30,0.46801,18.30139,53.44006,3.2659,5.06093,49.99,0625:16:26,1,08
20:41:14,0.17676,220.40,0.46897,18.28779,53.40036,3.2659,5.06093,49.99,0625:16:27,1,08
20:41:15,0.17699,220.50,0.47075,18.38297,53.67828,3.2659,5.06093,49.99,0625:16:28,1,08
20:41:17,0.1782,220.40,0.46609,18.31499,53.47976,3.2659,5.06093,49.97,0625:16:29,1,08
20:41:18,0.17643,220.20,0.46958,18.2606,53.32095,3.2659,5.06093,49.97,0625:16:31,1,08
20:41:21,0.1782,220.30,0.4678,18.36937,53.63857,3.26601,5.06093,49.97,0625:16:34,1,08
20:41:22,0.17685,220.30,0.46964,18.30139,53.44006,3.26601,5.06093,49.96,0625:16:35,1,08
20:41:27,0.17587,220.30,0.4716,18.28779,53.40036,3.26601,5.06103,49.96,0625:16:39,1,08
20:41:28,0.17624,220.40,0.47306,18.38297,53.67828,3.26601,5.06103,49.96,0625:16:40,1,08
20:41:29,0.17605,220.30,0.47127,18.28779,53.40036,3.26601,5.06103,49.97,0625:16:41,1,08
20:41:31,0.17577,220.20,0.4684,18.13823,52.96363,3.26601,5.06103,49.97,0625:16:43,1,08
20:41:32,0.17601,220.20,0.4702,18.23341,53.24155,3.26601,5.06103,49.97,0625:16:44,1,08
20:41:33,0.17643,220.60,0.47207,18.38297,53.67828,3.26601,5.06103,49.99,0625:16:45,1,08
20:41:34,0.17694,220.70,0.47008,18.36937,53.63857,3.26601,5.06103,49.99,0625:16:46,1,08
20:41:39,0.17694,220.60,0.47075,18.38297,53.67828,3.26611,5.06103,49.99,0625:16:51,1,08
20:41:40,0.17703,220.60,0.46938,18.34218,53.55917,3.26611,5.06103,49.99,0625:16:52,1,08
20:41:41,0.17685,220.50,0.46864,18.28779,53.40036,3.26611,5.06103,49.99,0625:16:53,1,08
20:41:42,0.17685,220.50,0.46864,18.28779,53.40036,3.26611,5.06113,49.99,0625:16:54,1,08
20:41:43,0.17718,220.40,0.46555,18.19262,53.12244,3.26611,5.06113,50.00,0625:16:55,1,08
20:41:44,0.1768,220.40,0.47106,18.36937,53.63857,3.26611,5.06113,50.00,0625:16:56,1,08
20:41:45,0.17652,220.40,0.47242,18.39657,53.71798,3.26611,5.06113,49.99,0625:16:57,1,08
20:41:46,0.17666,220.40,0.47102,18.34218,53.55917,3.26611,5.06113,49.99,0625:16:58,1,08
20:41:48,0.17656,220.40,0.46613,18.15182,53.00333,3.26611,5.06113,49.99,0625:17:00,1,08
20:41:51,0.17703,220.60,0.47008,18.36937,53.63857,3.26611,5.06113,50.00,0625:17:03,1,08
20:41:53,0.17601,220.70,0.46956,18.247,53.28125,3.26611,5.06113,50.00,0625:17:05,1,08
20:41:54,0.17601,220.70,0.46956,18.247,53.28125,3.26611,5.06113,50.00,0625:17:06,1,08
20:41:55,0.17596,220.80,0.46993,18.2742,53.36066,3.26611,5.06113,50.00,0625:17:07,1,08
20:41:56,0.17614,220.80,0.46995,18.28779,53.40036,3.26611,5.06113,50.00,0625:17:08,1,08
20:41:57,0.17699,220.80,0.46836,18.31499,53.47976,3.26611,5.06113,49.99,0625:17:09,1,08
20:41:59,0.17629,220.70,0.47207,18.38297,53.67828,3.26621,5.06113,50.00,0625:17:11,1,08
20:42:01,0.1768,220.80,0.46692,18.23341,53.24155,3.26621,5.06123,49.99,0625:17:13,1,08
20:42:02,0.17694,220.70,0.46764,18.2742,53.36066,3.26621,5.06123,49.99,0625:17:14,1,08
20:42:03,0.17656,220.60,0.47139,18.36937,53.63857,3.26621,5.06123,50.00,0625:17:15,1,08
20:42:05,0.17633,220.60,0.47172,18.36937,53.63857,3.26621,5.06123,50.00,0625:17:17,1,08
20:42:08,0.1754,220.40,0.47189,18.2606,53.32095,3.26621,5.06123,49.99,0625:17:20,1,08
20:42:09,0.17633,220.50,0.4696,18.2742,53.36066,3.26621,5.06123,50.00,0625:17:21,1,08
20:42:10,0.17577,220.60,0.47162,18.30139,53.44006,3.26621,5.06123,50.00,0625:17:22,1,08
20:42:12,0.17676,220.50,0.47106,18.36937,53.63857,3.26621,5.06123,49.99,0625:17:24,1,08
20:42:14,0.17558,220.70,0.4716,18.28779,53.40036,3.26621,5.06123,49.97,0625:17:26,1,08
20:42:17,0.17614,221.10,0.47244,18.41016,53.75768,3.26621,5.06134,49.96,0625:17:29,1,08
20:42:18,0.17497,221.10,0.47154,18.247,53.28125,3.26621,5.06134,49.96,0625:17:30,1,08
20:42:19,0.17526,220.90,0.47193,18.28779,53.40036,3.26631,5.06134,49.96,0625:17:31,1,08
20:42:20,0.17511,220.80,0.47259,18.28779,53.40036,3.26631,5.06134,49.96,0625:17:32,1,08
20:42:23,0.17582,221.00,0.47063,18.30139,53.44006,3.26631,5.06134,49.95,0625:17:35,1,08
20:42:24,0.17572,221.10,0.47061,18.28779,53.40036,3.26631,5.06134,49.95,0625:17:36,1,08
20:42:25,0.17507,221.20,0.47193,18.28779,53.40036,3.26631,5.06134,49.96,0625:17:37,1,08
20:42:27,0.17492,221.20,0.47296,18.31499,53.47976,3.26631,5.06134,49.96,0625:17:39,1,08
20:42:28,0.17587,221.00,0.47273,18.38297,53.67828,3.26631,5.06134,49.96,0625:17:40,1,08
20:42:30,0.17497,220.80,0.47011,18.17902,53.08273,3.26631,5.06134,49.96,0625:17:42,1,08
20:42:32,0.17572,220.60,0.47125,18.2742,53.36066,3.26631,5.06134,49.95,0625:17:44,1,08
20:42:35,0.1761,220.70,0.47308,18.39657,53.71798,3.26631,5.06144,49.96,0625:17:47,1,08
20:42:38,0.17497,220.70,0.47255,18.2606,53.32095,3.26641,5.06144,49.96,0625:17:50,1,08
20:42:39,0.17577,220.70,0.47232,18.32858,53.51946,3.26641,5.06144,49.97,0625:17:51,1,08
20:42:40,0.17582,220.60,0.47057,18.2606,53.32095,3.26641,5.06144,49.97,0625:17:53,1,08
20:42:42,0.14783,220.40,0.41576,13.55608,39.58376,3.26641,5.06144,49.97,0625:17:54,1,08
20:42:45,0.13626,220.50,0.39647,11.92446,34.81942,3.26641,5.06144,49.97,0625:17:57,1,08
20:42:48,0.13584,220.30,0.39827,11.92446,34.81942,3.26641,5.06144,49.99,0625:18:00,1,08
20:42:50,0.1359,220.20,0.39373,11.78849,34.42239,3.26641,5.06144,49.97,0625:18:02,1,08
20:42:51,0.13632,220.20,0.39638,11.91086,34.77971,3.26641,5.06144,49.97,0625:18:04,1,08
20:42:54,0.13608,220.50,0.39583,11.88367,34.70031,3.26641,5.06154,49.99,0625:18:06,1,08
20:42:55,0.1365,220.50,0.39531,11.91086,34.77971,3.26641,5.06154,49.99,0625:18:07,1,08
20:42:57,0.13559,220.70,0.39827,11.92446,34.81942,3.26641,5.06154,49.99,0625:18:10,1,08
20:42:59,0.1365,220.60,0.39531,11.91086,34.77971,3.26641,5.06154,49.97,0625:18:11,1,08
20:43:01,0.1359,220.40,0.39292,11.77489,34.38269,3.26641,5.06154,49.99,0625:18:13,1,08
20:43:02,0.13729,220.30,0.39578,11.97884,34.97823,3.26641,5.06154,49.99,0625:18:15,1,08
20:43:04,0.13632,220.30,0.39638,11.91086,34.77971,3.26641,5.06154,49.97,0625:18:16,1,08
20:43:05,0.13657,220.40,0.39486,11.89726,34.74001,3.26641,5.06154,49.99,0625:18:17,1,08
20:43:06,0.13662,220.60,0.3945,11.89726,34.74001,3.26641,5.06154,49.99,0625:18:18,1,08
20:43:08,0.13884,220.60,0.39796,12.19639,35.61347,3.26651,5.06154,49.99,0625:18:21,1,08
20:43:09,0.13704,220.40,0.39469,11.92446,34.81942,3.26651,5.06154,49.99,0625:18:22,1,08
20:43:10,0.13704,220.40,0.39469,11.92446,34.81942,3.26651,5.06154,49.99,0625:18:22,1,08
20:43:12,0.13753,220.50,0.39427,11.96525,34.93852,3.26651,5.06154,49.97,0625:18:24,1,08
20:43:13,0.1368,220.40,0.39054,11.78849,34.42239,3.26651,5.06164,49.97,0625:18:26,1,08
20:43:14,0.13717,220.60,0.39398,11.92446,34.81942,3.26651,5.06164,49.97,0625:18:27,1,08
20:43:15,0.13644,220.60,0.39486,11.89726,34.74001,3.26651,5.06164,49.97,0625:18:28,1,08
20:43:17,0.13626,220.80,0.39521,11.89726,34.74001,3.26651,5.06164,49.97,0625:18:29,1,08
20:43:19,0.13692,220.90,0.39263,11.88367,34.70031,3.26651,5.06164,49.97,0625:18:32,1,08
20:43:20,0.13608,220.80,0.39557,11.89726,34.74001,3.26651,5.06164,49.96,0625:18:33,1,08
20:43:21,0.13632,220.70,0.39566,11.91086,34.77971,3.26651,5.06164,49.96,0625:18:34,1,08
20:43:23,0.13559,220.70,0.39373,11.78849,34.42239,3.26651,5.06164,49.96,0625:18:35,1,08
20:43:25,0.1362,220.80,0.39512,11.88367,34.70031,3.26651,5.06164,49.96,0625:18:37,1,08
20:43:26,0.13687,220.80,0.39344,11.89726,34.74001,3.26651,5.06164,49.97,0625:18:38,1,08
20:43:29,0.13565,220.90,0.3971,11.91086,34.77971,3.26651,5.06164,49.99,0625:18:40,1,08
20:43:31,0.13668,221.00,0.39379,11.89726,34.74001,3.26651,5.06164,49.97,0625:18:43,1,08
20:43:33,0.13674,220.30,0.39576,11.92446,34.81942,3.26651,5.06164,49.97,0625:18:45,1,08
20:43:34,0.13614,220.60,0.39547,11.88367,34.70031,3.26651,5.06174,49.97,0625:18:46,1,08
20:43:40,0.13614,220.70,0.39638,11.91086,34.77971,3.26661,5.06174,49.97,0625:18:52,1,08
20:43:44,0.13595,220.30,0.39383,11.80208,34.46209,3.26661,5.06174,49.97,0625:18:56,1,08
20:43:46,0.13638,220.50,0.39557,11.89726,34.74001,3.26661,5.06174,49.96,0625:18:58,1,08
20:43:47,0.13638,220.50,0.39557,11.89726,34.74001,3.26661,5.06174,49.96,0625:18:59,1,08
20:43:48,0.13614,220.80,0.39647,11.92446,34.81942,3.26661,5.06174,49.96,0625:19:00,1,08
20:43:51,0.13614,220.70,0.39647,11.92446,34.81942,3.26661,5.06174,49.97,0625:19:03,1,08
20:43:53,0.13572,220.70,0.39701,11.89726,34.74001,3.26661,5.06174,49.97,0625:19:05,1,08
20:43:54,0.13614,220.70,0.39457,11.85647,34.6209,3.26661,5.06184,49.97,0625:19:06,1,08
20:43:57,0.13626,220.80,0.39476,11.88367,34.70031,3.26661,5.06184,49.99,0625:19:09,1,08
20:43:59,0.13674,220.90,0.39559,11.95165,34.89882,3.26661,5.06184,49.97,0625:19:11,1,08
20:44:01,0.13602,220.90,0.39547,11.88367,34.70031,3.26661,5.06184,49.99,0625:19:13,1,08
20:44:02,0.1359,220.80,0.39538,11.87007,34.6606,3.26661,5.06184,49.99,0625:19:14,1,08
20:44:03,0.13559,220.80,0.39646,11.87007,34.6606,3.26661,5.06184,49.99,0625:19:15,1,08
20:44:05,0.13657,220.80,0.3972,11.97884,34.97823,3.26661,5.06184,49.97,0625:19:17,1,08
20:44:07,0.13522,220.70,0.39709,11.85647,34.6209,3.26661,5.06184,49.99,0625:19:19,1,08
20:44:10,0.1365,220.60,0.39666,11.95165,34.89882,3.26671,5.06184,49.97,0625:19:22,1,08
20:44:13,0.1362,220.80,0.39521,11.89726,34.74001,3.26671,5.06194,49.97,0625:19:25,1,08
20:44:14,0.13674,220.90,0.39379,11.89726,34.74001,3.26671,5.06194,49.97,0625:19:26,1,08
20:44:17,0.1368,220.90,0.39344,11.89726,34.74001,3.26671,5.06194,49.97,0625:19:29,1,08
20:44:19,0.13687,220.80,0.39299,11.88367,34.70031,3.26671,5.06194,49.99,0625:19:31,1,08
20:44:20,0.1365,220.80,0.3945,11.89726,34.74001,3.26671,5.06194,49.99,0625:19:32,1,08
20:44:21,0.13577,220.80,0.3971,11.91086,34.77971,3.26671,5.06194,49.96,0625:19:33,1,08
20:44:25,0.13662,221.00,0.39379,11.89726,34.74001,3.26671,5.06194,49.96,0625:19:37,1,08
20:44:26,0.13608,221.00,0.39512,11.88367,34.70031,3.26671,5.06194,49.96,0625:19:38,1,08
20:44:27,0.13602,220.80,0.39457,11.85647,34.6209,3.26671,5.06194,49.96,0625:19:39,1,08
20:44:28,0.1362,220.70,0.39467,11.87007,34.6606,3.26671,5.06194,49.96,0625:19:40,1,08
20:44:29,0.1365,220.70,0.3936,11.87007,34.6606,3.26671,5.06194,49.96,0625:19:41,1,08
20:44:30,0.13644,220.80,0.3944,11.88367,34.70031,3.26671,5.06194,49.96,0625:19:42,1,08
20:44:34,0.13547,220.30,0.39526,11.80208,34.46209,3.26671,5.06204,49.96,0625:19:46,1,08
20:44:38,0.13547,220.70,0.39727,11.88367,34.70031,3.26681,5.06204,49.96,0625:19:50,1,08
20:44:39,0.13614,220.70,0.39638,11.91086,34.77971,3.26681,5.06204,49.96,0625:19:51,1,08
20:44:40,0.13608,220.70,0.39547,11.88367,34.70031,3.26681,5.06204,49.96,0625:19:52,1,08
20:44:41,0.13553,220.70,0.39827,11.92446,34.81942,3.26681,5.06204,49.96,0625:19:53,1,08
20:44:44,0.13553,220.70,0.39682,11.87007,34.6606,3.26681,5.06204,49.96,0625:19:56,1,08
20:44:45,0.13517,220.70,0.398,11.88367,34.70031,3.26681,5.06204,49.96,0625:19:57,1,08
20:44:47,0.13572,220.90,0.39619,11.88367,34.70031,3.26681,5.06204,49.95,0625:19:59,1,08
20:44:48,0.13572,220.80,0.3961,11.87007,34.6606,3.26681,5.06204,49.95,0625:20:00,1,08
20:44:49,0.13632,220.80,0.39566,11.91086,34.77971,3.26681,5.06204,49.96,0625:20:01,1,08
20:44:51,0.13565,220.70,0.39646,11.87007,34.6606,3.26681,5.06204,49.96,0625:20:04,1,08
20:44:52,0.13559,220.20,0.39663,11.84288,34.5812,3.26681,5.06204,49.96,0625:20:04,1,08
20:44:53,0.13492,219.90,0.39652,11.77489,34.38269,3.26681,5.06214,49.97,0625:20:05,1,08
20:44:56,0.13529,220.00,0.39909,11.88367,34.70031,3.26681,5.06214,49.95,0625:20:08,1,08
20:44:57,0.13541,220.10,0.39918,11.89726,34.74001,3.26681,5.06214,49.96,0625:20:10,1,08
20:45:00,0.13577,220.10,0.399,11.92446,34.81942,3.26681,5.06214,49.97,0625:20:12,1,08
20:45:01,0.13522,220.00,0.39909,11.88367,34.70031,3.26681,5.06214,49.96,0625:20:13,1,08
20:45:02,0.13511,219.80,0.40073,11.91086,34.77971,3.26681,5.06214,49.96,0625:20:15,1,08
20:45:03,0.1348,219.90,0.39688,11.77489,34.38269,3.26681,5.06214,49.97,0625:20:15,1,08
20:45:04,0.1359,220.00,0.39727,11.88367,34.70031,3.26681,5.06214,49.97,0625:20:16,1,08
20:45:05,0.13553,220.00,0.3979,11.87007,34.6606,3.26681,5.06214,49.96,0625:20:17,1,08
20:45:06,0.13572,220.00,0.39809,11.89726,34.74001,3.26681,5.06214,49.96,0625:20:18,1,08
20:45:07,0.13602,220.20,0.39655,11.88367,34.70031,3.26681,5.06214,49.97,0625:20:20,1,08
20:45:08,0.13908,220.40,0.39716,12.1828,35.57377,3.26691,5.06214,49.97,0625:20:21,1,08
20:45:09,0.13908,220.40,0.39716,12.1828,35.57377,3.26691,5.06214,49.97,0625:20:21,1,08
20:45:11,0.13949,220.30,0.39744,12.22359,35.69288,3.26691,5.06214,49.97,0625:20:23,1,08
20:45:15,0.13584,220.20,0.39727,11.88367,34.70031,3.26691,5.06224,49.96,0625:20:27,1,08
20:45:16,0.13632,220.40,0.39593,11.89726,34.74001,3.26691,5.06224,49.96,0625:20:28,1,08
20:45:17,0.13595,220.40,0.39619,11.88367,34.70031,3.26691,5.06224,49.96,0625:20:29,1,08
20:45:18,0.13638,220.50,0.39557,11.89726,34.74001,3.26691,5.06224,49.96,0625:20:31,1,08
20:45:21,0.13584,220.30,0.39464,11.81568,34.50179,3.26691,5.06224,49.96,0625:20:33,1,08
20:45:22,0.13626,220.20,0.39493,11.85647,34.6209,3.26691,5.06224,49.96,0625:20:34,1,08
20:45:23,0.13602,220.30,0.3961,11.87007,34.6606,3.26691,5.06224,49.97,0625:20:35,1,08
20:45:25,0.13547,220.50,0.39809,11.89726,34.74001,3.26691,5.06224,49.97,0625:20:37,1,08
20:45:26,0.13608,220.50,0.39583,11.88367,34.70031,3.26691,5.06224,49.97,0625:20:38,1,08
20:45:27,0.13632,220.50,0.39512,11.88367,34.70031,3.26691,5.06224,49.96,0625:20:39,1,08
20:45:28,0.13632,220.50,0.39512,11.88367,34.70031,3.26691,5.06224,49.96,0625:20:39,1,08
20:45:29,0.13614,220.50,0.39593,11.89726,34.74001,3.26691,5.06224,49.96,0625:20:40,1,08
20:45:30,0.13522,220.30,0.39735,11.84288,34.5812,3.26691,5.06224,49.97,0625:20:42,1,08
20:45:31,0.13541,220.40,0.39617,11.82928,34.5415,3.26691,5.06224,49.99,0625:20:43,1,08
20:45:32,0.13595,220.40,0.3961,11.87007,34.6606,3.26691,5.06224,49.99,0625:20:44,1,08
20:45:33,0.13595,220.40,0.3961,11.87007,34.6606,3.26691,5.06224,49.99,0625:20:44,1,08
20:45:35,0.13517,220.60,0.39699,11.84288,34.5812,3.26691,5.06235,49.97,0625:20:47,1,08
20:45:36,0.13602,220.70,0.39729,11.93806,34.85912,3.26691,5.06235,49.96,0625:20:48,1,08
20:45:38,0.13626,220.70,0.39602,11.91086,34.77971,3.26691,5.06235,49.97,0625:20:50,1,08
20:45:40,0.13553,220.40,0.39354,11.7613,34.34298,3.26701,5.06235,49.97,0625:20:51,1,08
20:45:41,0.13614,220.40,0.39583,11.88367,34.70031,3.26701,5.06235,49.96,0625:20:53,1,08
20:45:42,0.13553,220.50,0.39682,11.87007,34.6606,3.26701,5.06235,49.96,0625:20:54,1,08
20:45:45,0.13614,220.60,0.39547,11.88367,34.70031,3.26701,5.06235,49.97,0625:20:56,1,08
20:45:46,0.13614,220.30,0.39438,11.82928,34.5415,3.26701,5.06235,49.97,0625:20:58,1,08
20:45:48,0.13644,220.10,0.39593,11.89726,34.74001,3.26701,5.06235,49.99,0625:21:00,1,08
20:45:49,0.13608,220.10,0.39564,11.85647,34.6209,3.26701,5.06235,49.96,0625:21:01,1,08
20:45:50,0.13626,220.20,0.39402,11.82928,34.5415,3.26701,5.06235,49.96,0625:21:02,1,08
20:45:51,0.13638,220.20,0.39593,11.89726,34.74001,3.26701,5.06235,49.96,0625:21:03,1,08
20:45:52,0.13614,220.30,0.39574,11.87007,34.6606,3.26701,5.06235,49.97,0625:21:04,1,08
20:45:53,0.13668,220.30,0.3935,11.85647,34.6209,3.26701,5.06235,49.96,0625:21:05,1,08
20:45:54,0.13657,220.40,0.39476,11.88367,34.70031,3.26701,5.06245,49.96,0625:21:06,1,08
20:45:56,0.13614,220.40,0.39583,11.88367,34.70031,3.26701,5.06245,49.96,0625:21:08,1,08
20:45:57,0.13602,220.20,0.39701,11.89726,34.74001,3.26701,5.06245,49.96,0625:21:09,1,08
20:45:58,0.13668,220.10,0.39521,11.89726,34.74001,3.26701,5.06245,49.97,0625:21:10,1,08
20:45:59,0.13565,220.00,0.39344,11.7477,34.30328,3.26701,5.06245,49.96,0625:21:11,1,08
20:46:01,0.13553,220.20,0.39709,11.85647,34.6209,3.26701,5.06245,49.97,0625:21:13,1,08
20:46:03,0.13644,220.70,0.39531,11.91086,34.77971,3.26701,5.06245,49.96,0625:21:15,1,08
20:46:04,0.13565,220.80,0.39655,11.88367,34.70031,3.26701,5.06245,49.96,0625:21:16,1,08
20:46:06,0.13511,220.70,0.39881,11.89726,34.74001,3.26701,5.06245,49.96,0625:21:18,1,08
20:46:07,0.13443,220.70,0.40009,11.87007,34.6606,3.26701,5.06245,49.96,0625:21:19,1,08
20:46:10,0.13486,220.60,0.39909,11.88367,34.70031,3.26711,5.06245,49.97,0625:21:22,1,08
20:46:11,0.13547,220.70,0.39909,11.93806,34.85912,3.26711,5.06245,49.97,0625:21:23,1,08
20:46:12,0.1383,220.70,0.40294,12.30517,35.9311,3.26711,5.06245,49.97,0625:21:24,1,08
20:46:15,0.13529,220.80,0.40082,11.97884,34.97823,3.26711,5.06255,49.96,0625:21:27,1,08
20:46:18,0.13511,220.50,0.3969,11.82928,34.5415,3.26711,5.06255,49.97,0625:21:30,1,08
20:46:21,0.13461,220.60,0.40256,11.96525,34.93852,3.26711,5.06255,49.97,0625:21:33,1,08
20:46:22,0.13492,220.70,0.40183,11.96525,34.93852,3.26711,5.06255,49.97,0625:21:34,1,08
20:46:23,0.13504,220.90,0.40155,11.97884,34.97823,3.26711,5.06255,49.97,0625:21:35,1,08
20:46:25,0.13559,220.80,0.40054,11.99244,35.01793,3.26711,5.06255,49.97,0625:21:37,1,08
20:46:30,0.13668,220.80,0.3964,11.96525,34.93852,3.26711,5.06255,49.96,0625:21:42,1,08
20:46:31,0.1365,220.80,0.39585,11.93806,34.85912,3.26711,5.06255,49.96,0625:21:43,1,08
20:46:32,0.13692,220.90,0.39533,11.96525,34.93852,3.26711,5.06255,49.96,0625:21:44,1,08
20:46:34,0.13692,221.00,0.39488,11.95165,34.89882,3.26711,5.06255,49.95,0625:21:46,1,08
20:46:36,0.13674,221.00,0.39658,11.99244,35.01793,3.26711,5.06265,49.96,0625:21:48,1,08
20:46:37,0.13668,220.80,0.39559,11.95165,34.89882,3.26711,5.06265,49.97,0625:21:49,1,08
20:46:39,0.13553,220.40,0.39627,11.84288,34.5812,3.26711,5.06265,49.97,0625:21:51,1,08
20:46:40,0.13626,220.40,0.39819,11.96525,34.93852,3.26721,5.06265,49.97,0625:21:52,1,08
20:46:42,0.13614,220.60,0.39909,11.99244,35.01793,3.26721,5.06265,49.96,0625:21:54,1,08
20:46:43,0.1359,220.60,0.39801,11.93806,34.85912,3.26721,5.06265,49.96,0625:21:55,1,08
20:46:44,0.1359,220.50,0.39927,11.96525,34.93852,3.26721,5.06265,49.96,0625:21:56,1,08
20:46:45,0.1362,220.50,0.39819,11.96525,34.93852,3.26721,5.06265,49.97,0625:21:57,1,08
20:46:47,0.13668,220.50,0.3972,11.97884,34.97823,3.26721,5.06265,49.99,0625:21:59,1,08
20:46:50,0.13632,220.30,0.39864,11.97884,34.97823,3.26721,5.06265,49.99,0625:22:02,1,08
20:46:51,0.13638,220.40,0.39828,11.97884,34.97823,3.26721,5.06265,49.99,0625:22:03,1,08
20:46:54,0.13699,220.70,0.39344,11.89726,34.74001,3.26721,5.06265,50.00,0625:22:06,1,08
20:46:56,0.13711,220.70,0.39533,11.96525,34.93852,3.26721,5.06276,50.00,0625:22:08,1,08
20:46:58,0.13687,220.60,0.39604,11.96525,34.93852,3.26721,5.06276,50.01,0625:22:10,1,08
20:46:59,0.13687,220.80,0.39613,11.97884,34.97823,3.26721,5.06276,50.01,0625:22:11,1,08
20:47:00,0.13674,220.80,0.39604,11.96525,34.93852,3.26721,5.06276,50.01,0625:22:12,1,08
20:47:01,0.13699,220.90,0.39488,11.95165,34.89882,3.26721,5.06276,50.03,0625:22:13,1,08
20:47:02,0.13711,220.80,0.39452,11.95165,34.89882,3.26721,5.06276,50.03,0625:22:15,1,08
20:47:03,0.13711,220.80,0.39452,11.95165,34.89882,3.26721,5.06276,50.03,0625:22:15,1,08
20:47:04,0.13674,220.80,0.39559,11.95165,34.89882,3.26721,5.06276,50.03,0625:22:16,1,08
20:47:05,0.13626,220.80,0.39657,11.93806,34.85912,3.26721,5.06276,50.03,0625:22:17,1,08
20:47:08,0.13614,220.70,0.39693,11.93806,34.85912,3.26721,5.06276,50.03,0625:22:20,1,08
20:47:11,0.13711,220.80,0.39632,12.00604,35.05763,3.26731,5.06276,50.04,0625:22:23,1,08
20:47:12,0.13565,220.90,0.39529,11.85647,34.6209,3.26731,5.06276,50.04,0625:22:24,1,08
20:47:13,0.1365,220.80,0.39585,11.93806,34.85912,3.26731,5.06276,50.04,0625:22:25,1,08
20:47:18,0.13632,220.80,0.39386,11.85647,34.6209,3.26731,5.06286,50.03,0625:22:30,1,08
20:47:20,0.13547,220.80,0.395,11.81568,34.50179,3.26731,5.06286,50.01,0625:22:33,1,08
20:47:22,0.13547,220.80,0.395,11.81568,34.50179,3.26731,5.06286,50.01,0625:22:33,1,08
20:47:23,0.1362,220.70,0.39467,11.87007,34.6606,3.26731,5.06286,50.01,0625:22:34,1,08
20:47:25,0.1362,220.50,0.39412,11.84288,34.5812,3.26731,5.06286,50.00,0625:22:37,1,08
20:47:26,0.13595,220.50,0.39393,11.81568,34.50179,3.26731,5.06286,50.01,0625:22:38,1,08
20:47:27,0.13595,220.50,0.39347,11.80208,34.46209,3.26731,5.06286,50.00,0625:22:39,1,08
20:47:28,0.13595,220.50,0.39347,11.80208,34.46209,3.26731,5.06286,50.00,0625:22:39,1,08
20:47:29,0.14073,220.50,0.40018,12.42754,36.28842,3.26731,5.06286,50.00,0625:22:40,1,08
20:47:32,0.13884,220.50,0.39343,12.04683,35.17673,3.26731,5.06286,49.99,0625:22:44,1,08
20:47:34,0.13788,220.60,0.39589,12.04683,35.17673,3.26731,5.06286,49.97,0625:22:45,1,08
20:47:35,0.13776,220.50,0.39669,12.06043,35.21645,3.26731,5.06296,49.97,0625:22:46,1,08
20:47:37,0.13783,220.50,0.39758,12.08762,35.29585,3.26731,5.06296,49.96,0625:22:49,1,08
20:47:38,0.13753,220.60,0.3974,12.06043,35.21645,3.26731,5.06296,49.96,0625:22:50,1,08
20:47:39,0.13717,220.70,0.39542,11.97884,34.97823,3.26731,5.06296,49.96,0625:22:51,1,08
20:47:40,0.13717,220.80,0.39767,12.04683,35.17673,3.26731,5.06296,49.96,0625:22:51,1,08
20:47:41,0.13722,220.70,0.39776,12.06043,35.21645,3.26742,5.06296,49.96,0625:22:52,1,08
20:47:44,0.138,220.80,0.39518,12.04683,35.17673,3.26742,5.06296,49.97,0625:22:56,1,08
20:47:45,0.138,220.80,0.39518,12.04683,35.17673,3.26742,5.06296,49.97,0625:22:56,1,08
20:47:47,0.1386,220.60,0.39511,12.08762,35.29585,3.26742,5.06296,49.97,0625:22:59,1,08
20:47:53,0.13818,220.70,0.39572,12.07402,35.25615,3.26742,5.06296,49.96,0625:23:05,1,08
20:47:58,0.13759,220.50,0.39606,12.01964,35.09734,3.26742,5.06306,49.96,0625:23:10,1,08
20:48:01,0.13807,220.60,0.39554,12.04683,35.17673,3.26742,5.06306,49.96,0625:23:13,1,08
20:48:02,0.13795,220.60,0.39634,12.06043,35.21645,3.26742,5.06306,49.96,0625:23:14,1,08
20:48:03,0.13776,220.60,0.39624,12.04683,35.17673,3.26742,5.06306,49.96,0625:23:15,1,08
20:48:04,0.138,220.70,0.39554,12.04683,35.17673,3.26742,5.06306,49.96,0625:23:16,1,08
20:48:06,0.1383,220.60,0.39448,12.04683,35.17673,3.26742,5.06306,49.96,0625:23:18,1,08
20:48:08,0.13741,220.40,0.39632,12.00604,35.05763,3.26742,5.06306,49.97,0625:23:20,1,08
20:48:09,0.13783,220.40,0.39445,11.99244,35.01793,3.26742,5.06306,49.96,0625:23:21,1,08
20:48:10,0.138,220.40,0.39634,12.06043,35.21645,3.26742,5.06306,49.96,0625:23:22,1,08
20:48:13,0.1359,220.70,0.39483,11.84288,34.5812,3.26752,5.06306,49.97,0625:23:25,1,08
20:48:14,0.13657,220.70,0.3936,11.87007,34.6606,3.26752,5.06316,49.97,0625:23:26,1,08
20:48:16,0.13717,220.70,0.39228,11.88367,34.70031,3.26752,5.06316,49.96,0625:23:28,1,08
20:48:17,0.13657,220.60,0.3954,11.92446,34.81942,3.26752,5.06316,49.97,0625:23:29,1,08
20:48:18,0.13854,220.60,0.39724,12.14201,35.45466,3.26752,5.06316,49.97,0625:23:30,1,08
20:48:20,0.13614,220.60,0.39502,11.87007,34.6606,3.26752,5.06316,49.96,0625:23:32,1,08
20:48:23,0.13662,220.70,0.3936,11.87007,34.6606,3.26752,5.06316,49.97,0625:23:35,1,08
20:48:24,0.13638,220.80,0.3935,11.85647,34.6209,3.26752,5.06316,49.97,0625:23:36,1,08
20:48:28,0.1368,220.70,0.39289,11.87007,34.6606,3.26752,5.06316,49.99,0625:23:40,1,08
20:48:29,0.13638,220.70,0.39476,11.88367,34.70031,3.26752,5.06316,49.97,0625:23:41,1,08
20:48:30,0.13577,220.60,0.3961,11.87007,34.6606,3.26752,5.06316,49.97,0625:23:42,1,08
20:48:32,0.13535,220.60,0.39354,11.7613,34.34298,3.26752,5.06316,49.99,0625:23:44,1,08
20:48:33,0.13565,220.50,0.39591,11.84288,34.5812,3.26752,5.06316,49.99,0625:23:45,1,08
20:48:34,0.13572,220.50,0.396,11.85647,34.6209,3.26752,5.06326,49.99,0625:23:46,1,08
20:48:35,0.13626,220.50,0.39467,11.87007,34.6606,3.26752,5.06326,49.97,0625:23:47,1,08
20:48:37,0.13559,220.50,0.39727,11.88367,34.70031,3.26752,5.06326,49.97,0625:23:49,1,08
20:48:38,0.13572,220.60,0.39564,11.85647,34.6209,3.26752,5.06326,49.97,0625:23:50,1,08
20:48:40,0.13668,220.60,0.39315,11.85647,34.6209,3.26752,5.06326,49.97,0625:23:52,1,08
20:48:42,0.1359,220.40,0.39564,11.85647,34.6209,3.26762,5.06326,49.97,0625:23:54,1,08
20:48:43,0.13522,220.20,0.39644,11.81568,34.50179,3.26762,5.06326,49.96,0625:23:55,1,08
20:48:44,0.13522,220.20,0.39644,11.81568,34.50179,3.26762,5.06326,49.96,0625:23:56,1,08
20:48:45,0.13577,220.30,0.39636,11.85647,34.6209,3.26762,5.06326,49.96,0625:23:57,1,08
20:48:46,0.13657,220.30,0.39431,11.87007,34.6606,3.26762,5.06326,49.96,0625:23:58,1,08
20:48:47,0.13559,220.30,0.39627,11.84288,34.5812,3.26762,5.06326,49.95,0625:23:59,1,08
20:48:48,0.13657,220.30,0.39792,11.97884,34.97823,3.26762,5.06326,49.95,0625:24:00,1,08
20:48:51,0.13614,220.60,0.39593,11.89726,34.74001,3.26762,5.06326,49.96,0625:24:03,1,08
20:48:52,0.13577,220.80,0.3971,11.91086,34.77971,3.26762,5.06326,49.96,0625:24:04,1,08
20:48:53,0.13498,220.80,0.39553,11.78849,34.42239,3.26762,5.06326,49.95,0625:24:05,1,08
20:48:54,0.1359,220.70,0.39447,11.84288,34.5812,3.26762,5.06336,49.95,0625:24:06,1,08
20:48:55,0.13657,220.80,0.3936,11.87007,34.6606,3.26762,5.06336,49.96,0625:24:07,1,08
20:48:57,0.13577,220.70,0.39574,11.87007,34.6606,3.26762,5.06336,49.96,0625:24:09,1,08
20:48:58,0.13572,220.90,0.39574,11.87007,34.6606,3.26762,5.06336,49.96,0625:24:10,1,08
20:49:00,0.13577,220.50,0.39646,11.87007,34.6606,3.26762,5.06336,49.96,0625:24:12,1,08
20:49:01,0.1359,220.30,0.39746,11.91086,34.77971,3.26762,5.06336,49.95,0625:24:14,1,08
20:49:02,0.1359,220.30,0.39746,11.91086,34.77971,3.26762,5.06336,49.95,0625:24:14,1,08
20:49:03,0.13541,220.20,0.39608,11.81568,34.50179,3.26762,5.06336,49.96,0625:24:15,1,08
20:49:05,0.13565,220.40,0.39636,11.85647,34.6209,3.26762,5.06336,49.97,0625:24:17,1,08
20:49:06,0.13553,220.50,0.39636,11.85647,34.6209,3.26762,5.06336,49.97,0625:24:18,1,08
20:49:07,0.13511,220.60,0.39745,11.85647,34.6209,3.26762,5.06336,49.97,0625:24:20,1,08
20:49:08,0.13511,220.60,0.39745,11.85647,34.6209,3.26762,5.06336,49.97,0625:24:20,1,08
20:49:10,0.13547,220.50,0.39672,11.85647,34.6209,3.26762,5.06336,49.99,0625:24:21,1,08
20:49:11,0.13572,220.50,0.39782,11.91086,34.77971,3.26762,5.06336,49.99,0625:24:22,1,08
20:49:12,0.13565,220.50,0.39818,11.91086,34.77971,3.26772,5.06336,49.97,0625:24:23,1,08
20:49:13,0.13565,220.40,0.39682,11.87007,34.6606,3.26772,5.06336,49.97,0625:24:25,1,08
20:49:14,0.13461,220.30,0.39643,11.7613,34.34298,3.26772,5.06336,49.97,0625:24:26,1,08
20:49:16,0.13632,220.30,0.39502,11.87007,34.6606,3.26772,5.06346,49.97,0625:24:27,1,08
20:49:17,0.13541,220.30,0.39663,11.84288,34.5812,3.26772,5.06346,49.97,0625:24:28,1,08
20:49:18,0.13547,220.40,0.39709,11.85647,34.6209,3.26772,5.06346,49.97,0625:24:29,1,08
20:49:19,0.13553,220.50,0.39672,11.85647,34.6209,3.26772,5.06346,49.96,0625:24:31,1,08
20:49:20,0.13626,220.50,0.39638,11.91086,34.77971,3.26772,5.06346,49.96,0625:24:32,1,08
20:49:22,0.13565,220.60,0.39691,11.88367,34.70031,3.26772,5.06346,49.97,0625:24:33,1,08
20:49:24,0.13626,220.50,0.39683,11.92446,34.81942,3.26772,5.06346,49.96,0625:24:35,1,08
20:49:28,0.13572,220.10,0.39536,11.81568,34.50179,3.26772,5.06346,49.96,0625:24:39,1,08
20:49:29,0.13559,220.10,0.398,11.88367,34.70031,3.26772,5.06346,49.96,0625:24:40,1,08
20:49:32,0.13547,220.30,0.39663,11.84288,34.5812,3.26772,5.06346,49.97,0625:24:44,1,08
20:49:39,0.13759,220.20,0.40045,12.14201,35.45466,3.26772,5.06357,49.96,0625:24:51,1,08
20:49:40,0.13614,220.40,0.39538,11.87007,34.6606,3.26772,5.06357,49.96,0625:24:51,1,08
20:49:43,0.13547,220.40,0.39754,11.87007,34.6606,3.26782,5.06357,49.96,0625:24:55,1,08
20:49:44,0.13577,220.30,0.39636,11.85647,34.6209,3.26782,5.06357,49.96,0625:24:56,1,08
20:49:46,0.13559,220.20,0.39435,11.77489,34.38269,3.26782,5.06357,49.97,0625:24:57,1,08
20:49:47,0.13529,220.20,0.39644,11.81568,34.50179,3.26782,5.06357,49.97,0625:24:58,1,08
20:49:49,0.13632,220.20,0.39502,11.87007,34.6606,3.26782,5.06357,49.97,0625:25:01,1,08
20:49:51,0.13614,220.40,0.39447,11.84288,34.5812,3.26782,5.06357,49.97,0625:25:03,1,08
20:49:52,0.1365,220.40,0.39386,11.85647,34.6209,3.26782,5.06357,49.97,0625:25:03,1,08
20:49:55,0.13674,220.40,0.39405,11.88367,34.70031,3.26782,5.06357,49.99,0625:25:07,1,08
20:49:58,0.13559,220.40,0.39636,11.85647,34.6209,3.26782,5.06367,49.99,0625:25:09,1,08
20:50:02,0.17925,220.70,0.46772,18.51894,54.07531,3.26782,5.06367,50.01,0625:25:14,1,08
20:50:03,0.18168,220.70,0.47593,19.09001,55.74282,3.26782,5.06367,50.01,0625:25:14,1,08
20:50:04,0.18018,220.70,0.47881,19.04922,55.62371,3.26782,5.06367,50.01,0625:25:16,1,08
20:50:05,0.18227,220.70,0.47399,19.07641,55.70312,3.26782,5.06367,50.01,0625:25:17,1,08
20:50:09,0.18127,220.40,0.47585,19.02202,55.54431,3.26792,5.06367,50.03,0625:25:21,1,08
20:50:10,0.18277,220.30,0.47335,19.07641,55.70312,3.26792,5.06367,50.03,0625:25:22,1,08
20:50:14,0.18164,220.20,0.47554,19.03562,55.58401,3.26792,5.06377,50.03,0625:25:26,1,08
20:50:17,0.18209,220.50,0.47393,19.03562,55.58401,3.26792,5.06377,50.03,0625:25:29,1,08
20:50:19,0.18214,220.40,0.47427,19.04922,55.62371,3.26792,5.06377,50.01,0625:25:31,1,08
20:50:20,0.1794,220.40,0.46564,18.42376,53.79739,3.26792,5.06377,50.01,0625:25:32,1,08
20:50:23,0.1736,220.80,0.46028,17.64874,51.53432,3.26792,5.06377,50.03,0625:25:35,1,08
20:50:25,0.17741,220.80,0.45458,17.8255,52.05046,3.26792,5.06377,50.00,0625:25:37,1,08
20:50:29,0.17407,221.00,0.4576,17.60795,51.41521,3.26802,5.06377,50.00,0625:25:41,1,08
20:50:32,0.17231,221.20,0.46044,17.56716,51.2961,3.26802,5.06388,49.99,0625:25:44,1,08
20:50:34,0.17369,221.20,0.45686,17.56716,51.2961,3.26802,5.06388,50.00,0625:25:46,1,08
20:50:35,0.17279,221.10,0.45801,17.49917,51.09758,3.26802,5.06388,50.00,0625:25:47,1,08
20:50:36,0.17269,221.20,0.46157,17.63515,51.49463,3.26802,5.06388,50.00,0625:25:48,1,08
20:50:39,0.17345,221.20,0.45928,17.63515,51.49463,3.26802,5.06388,49.99,0625:25:51,1,08
20:50:40,0.17279,221.20,0.45839,17.52637,51.17699,3.26802,5.06388,49.99,0625:25:52,1,08
20:50:44,0.1725,220.80,0.46181,17.59435,51.37551,3.26802,5.06388,49.97,0625:25:56,1,08
20:50:45,0.1725,220.80,0.46181,17.59435,51.37551,3.26802,5.06388,49.97,0625:25:57,1,08
20:50:46,0.1725,220.70,0.4611,17.56716,51.2961,3.26802,5.06388,49.97,0625:25:58,1,08
20:50:49,0.17212,220.70,0.46135,17.52637,51.17699,3.26812,5.06398,49.96,0625:26:01,1,08
20:50:52,0.17135,220.70,0.46193,17.48558,51.05788,3.26812,5.06398,49.95,0625:26:04,1,08
20:50:54,0.17173,220.90,0.4606,17.48558,51.05788,3.26812,5.06398,49.96,0625:26:06,1,08
20:50:55,0.17298,220.90,0.46337,17.71672,51.73284,3.26812,5.06398,49.96,0625:26:07,1,08
20:50:56,0.17902,220.80,0.47627,18.83167,54.98848,3.26812,5.06398,49.96,0625:26:08,1,08
20:50:57,0.17902,220.80,0.47627,18.83167,54.98848,3.26812,5.06398,49.96,0625:26:09,1,08
20:50:59,0.18036,220.90,0.47169,18.80448,54.90907,3.26812,5.06398,49.96,0625:26:11,1,08
20:51:06,0.17948,220.80,0.47977,19.02202,55.54431,3.26812,5.06408,49.96,0625:26:18,1,08
20:51:07,0.17917,220.90,0.47802,18.92685,55.2664,3.26822,5.06408,49.96,0625:26:19,1,08
20:51:09,0.18068,220.90,0.47345,18.91325,55.22669,3.26822,5.06408,49.96,0625:26:20,1,08
20:51:10,0.18068,220.90,0.47345,18.91325,55.22669,3.26822,5.06408,49.96,0625:26:21,1,08
20:51:11,0.181,220.90,0.47588,19.04922,55.62371,3.26822,5.06408,49.96,0625:26:22,1,08
20:51:13,0.18054,220.90,0.47614,18.99483,55.4649,3.26822,5.06408,49.96,0625:26:24,1,08
20:51:16,0.18031,220.80,0.47816,19.04922,55.62371,3.26822,5.06408,49.99,0625:26:27,1,08
20:51:17,0.18041,221.00,0.47819,19.07641,55.70312,3.26822,5.06408,49.99,0625:26:28,1,08
20:51:18,0.18054,221.10,0.47549,18.99483,55.4649,3.26822,5.06408,49.96,0625:26:29,1,08
20:51:20,0.17995,221.10,0.47643,18.96764,55.3855,3.26822,5.06408,49.97,0625:26:31,1,08
20:51:21,0.18141,221.10,0.47595,19.10361,55.78253,3.26822,5.06408,49.96,0625:26:33,1,08
20:51:23,0.18087,220.90,0.47007,18.79088,54.86937,3.26822,5.06408,49.96,0625:26:34,1,08
20:51:24,0.18245,220.90,0.46999,18.95404,55.3458,3.26822,5.06408,49.97,0625:26:35,1,08
20:51:25,0.18168,220.80,0.46985,18.85886,55.06787,3.26822,5.06418,49.97,0625:26:36,1,08
20:51:27,0.18425,220.90,0.4686,19.07641,55.70312,3.26833,5.06418,49.96,0625:26:39,1,08
20:51:28,0.18091,220.90,0.47245,18.88605,55.14728,3.26833,5.06418,49.96,0625:26:39,1,08
20:51:29,0.17981,220.90,0.47093,18.72289,54.67085,3.26833,5.06418,49.96,0625:26:40,1,08
20:51:33,0.18155,220.70,0.47322,18.98123,55.42521,3.26833,5.06418,49.96,0625:26:45,1,08
20:51:34,0.18072,220.70,0.47411,18.92685,55.2664,3.26833,5.06418,49.96,0625:26:45,1,08
20:51:36,0.17995,220.80,0.47709,18.96764,55.3855,3.26833,5.06418,49.96,0625:26:47,1,08
20:51:37,0.18031,220.80,0.47816,19.04922,55.62371,3.26833,5.06418,49.96,0625:26:49,1,08
20:51:39,0.18031,220.90,0.47578,18.96764,55.3855,3.26833,5.06418,49.96,0625:26:51,1,08
20:51:40,0.17894,220.90,0.47524,18.79088,54.86937,3.26833,5.06418,49.96,0625:26:51,1,08
20:51:42,0.17986,220.70,0.4757,18.89965,55.18699,3.26833,5.06428,49.96,0625:26:53,1,08
20:51:43,0.18027,220.70,0.4737,18.85886,55.06787,3.26833,5.06428,49.96,0625:26:55,1,08
20:51:45,0.18068,220.90,0.48093,19.19878,56.06044,3.26833,5.06428,49.96,0625:26:57,1,08
20:51:48,0.18417,221.00,0.48264,19.66108,57.41035,3.26843,5.06428,49.96,0625:27:00,1,08
20:51:49,0.20965,221.00,0.50704,23.50899,68.64626,3.26843,5.06428,49.96,0625:27:01,1,08
20:51:51,0.20755,220.90,0.50919,23.35943,68.20953,3.26843,5.06428,49.96,0625:27:03,1,08
20:51:52,0.20897,220.80,0.50736,23.42741,68.40804,3.26843,5.06428,49.96,0625:27:03,1,08
20:51:55,0.20739,221.00,0.50682,23.25065,67.8919,3.26843,5.06428,49.96,0625:27:07,1,08
20:51:56,0.20795,221.10,0.50739,23.34583,68.16983,3.26843,5.06428,49.96,0625:27:08,1,08
20:51:58,0.2083,221.10,0.50531,23.29144,68.01102,3.26843,5.06428,49.97,0625:27:09,1,08
20:51:59,0.21246,221.20,0.50781,23.87611,69.71825,3.26843,5.06438,49.96,0625:27:11,1,08
20:52:04,0.21378,221.10,0.51121,24.17524,70.59169,3.26853,5.06438,49.97,0625:27:15,1,08
20:52:07,0.21401,221.20,0.51091,24.20243,70.6711,3.26853,5.06438,49.96,0625:27:19,1,08
20:52:09,0.21393,221.10,0.51063,24.16164,70.55199,3.26853,5.06438,49.96,0625:27:21,1,08
20:52:12,0.26884,221.00,0.52058,30.96008,90.40343,3.26853,5.06438,49.95,0625:27:24,1,08
20:52:14,0.26997,221.20,0.52321,31.25921,91.27689,3.26853,5.06449,49.96,0625:27:26,1,08
20:52:15,0.26884,221.20,0.5217,31.05526,90.68135,3.26853,5.06449,49.95,0625:27:27,1,08
20:52:16,0.26988,221.20,0.52435,31.3272,91.47542,3.26863,5.06449,49.95,0625:27:28,1,08
20:52:17,0.27076,221.30,0.52517,31.49035,91.95184,3.26863,5.06449,49.97,0625:27:29,1,08
20:52:26,0.26939,221.30,0.52462,31.2864,91.35629,3.26863,5.06459,49.97,0625:27:38,1,08
20:52:30,0.27089,221.40,0.52447,31.47676,91.91213,3.26873,5.06459,49.97,0625:27:42,1,08
20:52:32,0.26975,221.40,0.52457,31.35439,91.55482,3.26873,5.06459,49.96,0625:27:44,1,08
20:52:33,0.27177,221.10,0.52126,31.34079,91.51512,3.26873,5.06459,49.97,0625:27:45,1,08
20:52:35,0.26889,221.10,0.5192,30.89209,90.20492,3.26873,5.06459,49.97,0625:27:47,1,08
20:52:36,0.2724,221.10,0.52053,31.36799,91.59452,3.26873,5.06459,49.97,0625:27:48,1,08
20:52:38,0.2728,221.00,0.52118,31.44956,91.83273,3.26873,5.06459,49.99,0625:27:50,1,08
20:52:39,0.27021,221.00,0.51979,31.06885,90.72105,3.26883,5.06469,49.97,0625:27:51,1,08
20:52:40,0.27021,221.00,0.51979,31.06885,90.72105,3.26883,5.06469,49.97,0625:27:52,1,08
20:52:41,0.27134,221.10,0.52016,31.21842,91.15778,3.26883,5.06469,49.97,0625:27:53,1,08
20:52:42,0.27076,221.20,0.5211,31.23201,91.19748,3.26883,5.06469,49.97,0625:27:54,1,08
20:52:43,0.26948,221.10,0.52235,31.13684,90.91958,3.26883,5.06469,49.97,0625:27:55,1,08
20:52:44,0.2715,221.10,0.5206,31.2728,91.31659,3.26883,5.06469,49.97,0625:27:56,1,08
20:52:45,0.26994,221.10,0.52004,31.05526,90.68135,3.26883,5.06469,49.96,0625:27:57,1,08
20:52:46,0.26994,221.10,0.52004,31.05526,90.68135,3.26883,5.06469,49.96,0625:27:58,1,08
20:52:48,0.26973,221.00,0.51937,30.98727,90.48283,3.26883,5.06469,49.96,0625:28:00,1,08
20:52:49,0.24379,221.10,0.49647,26.77224,78.17495,3.26883,5.06469,49.96,0625:28:01,1,08
20:52:50,0.16189,221.10,0.44913,16.0851,46.96849,3.26883,5.06469,49.96,0625:28:02,1,08
20:52:53,0.13541,221.00,0.39782,11.91086,34.77971,3.26893,5.06479,49.96,0625:28:05,1,08
20:52:55,0.13511,220.90,0.39891,11.91086,34.77971,3.26893,5.06479,49.95,0625:28:07,1,08
20:52:56,0.13486,220.80,0.39781,11.85647,34.6209,3.26893,5.06479,49.95,0625:28:08,1,08
20:52:57,0.13511,220.80,0.3979,11.87007,34.6606,3.26893,5.06479,49.96,0625:28:09,1,08
20:52:58,0.13511,220.80,0.3979,11.87007,34.6606,3.26893,5.06479,49.96,0625:28:10,1,08
20:53:01,0.13547,220.90,0.396,11.85647,34.6209,3.26893,5.06479,49.97,0625:28:13,1,08
20:53:05,0.13486,221.20,0.40164,11.99244,35.01793,3.26893,5.06479,49.97,0625:28:17,1,08
20:53:09,0.16245,221.30,0.45234,16.26186,47.48463,3.26893,5.06479,49.96,0625:28:20,1,08
20:53:11,0.16642,221.40,0.46386,17.10487,49.94621,3.26893,5.06479,49.97,0625:28:22,1,08
20:53:12,0.1745,221.40,0.47187,18.247,53.28125,3.26893,5.06479,49.99,0625:28:23,1,08
20:53:14,0.17341,221.40,0.47665,18.31499,53.47976,3.26893,5.06489,49.99,0625:28:25,1,08
20:53:17,0.17307,221.40,0.4734,18.15182,53.00333,3.26893,5.06489,50.00,0625:28:28,1,08
20:53:18,0.17293,221.40,0.47551,18.21981,53.20185,3.26904,5.06489,50.00,0625:28:29,1,08
20:53:21,0.1726,221.60,0.47868,18.31499,53.47976,3.26904,5.06489,50.00,0625:28:32,1,08
20:53:22,0.17284,221.60,0.4748,18.19262,53.12244,3.26904,5.06489,50.03,0625:28:33,1,08
20:53:24,0.17212,221.70,0.47756,18.23341,53.24155,3.26904,5.06489,50.00,0625:28:35,1,08
20:53:26,0.17265,221.70,0.47869,18.32858,53.51946,3.26904,5.06489,50.01,0625:28:37,1,08
20:53:28,0.17197,221.70,0.47684,18.19262,53.12244,3.26904,5.06489,50.01,0625:28:40,1,08
20:53:29,0.17222,221.60,0.47721,18.21981,53.20185,3.26904,5.06489,50.01,0625:28:40,1,08
20:53:35,0.1735,221.00,0.47661,18.28779,53.40036,3.26904,5.06499,50.03,0625:28:46,1,08
20:53:37,0.17464,221.10,0.47361,18.30139,53.44006,3.26904,5.06499,50.03,0625:28:48,1,08
20:53:38,0.17326,221.20,0.47482,18.20621,53.16214,3.26914,5.06499,50.01,0625:28:49,1,08
20:53:39,0.17307,221.10,0.47656,18.247,53.28125,3.26914,5.06499,50.03,0625:28:51,1,08
20:53:40,0.17322,221.10,0.47551,18.21981,53.20185,3.26914,5.06499,50.03,0625:28:52,1,08
20:53:44,0.17293,220.70,0.47685,18.20621,53.16214,3.26914,5.06499,50.03,0625:28:56,1,08
20:53:45,0.17312,220.70,0.47724,18.247,53.28125,3.26914,5.06499,50.01,0625:28:57,1,08
20:53:46,0.17345,220.70,0.47693,18.2742,53.36066,3.26914,5.06499,50.01,0625:28:57,1,08
20:53:47,0.17426,220.60,0.47562,18.30139,53.44006,3.26914,5.06499,50.01,0625:28:58,1,08
20:53:48,0.17671,220.70,0.48014,18.73649,54.71055,3.26914,5.06499,50.00,0625:28:59,1,08
20:53:49,0.17355,220.70,0.47589,18.247,53.28125,3.26914,5.0651,49.99,0625:29:00,1,08
20:53:50,0.17331,220.70,0.4769,18.247,53.28125,3.26914,5.0651,49.99,0625:29:02,1,08
20:53:56,0.17388,220.90,0.47525,18.2742,53.36066,3.26914,5.0651,49.97,0625:29:08,1,08
20:53:57,0.1736,220.80,0.47484,18.21981,53.20185,3.26924,5.0651,49.96,0625:29:09,1,08
20:53:58,0.17288,220.80,0.47829,18.2742,53.36066,3.26924,5.0651,49.96,0625:29:09,1,08
20:53:59,0.17563,220.70,0.47722,18.51894,54.07531,3.26924,5.0651,49.96,0625:29:10,1,08
20:54:01,0.17303,220.80,0.4776,18.2606,53.32095,3.26924,5.0651,49.97,0625:29:13,1,08
20:54:02,0.17269,220.80,0.47719,18.20621,53.16214,3.26924,5.0651,49.97,0625:29:14,1,08
20:54:04,0.17241,221.00,0.47896,18.2606,53.32095,3.26924,5.0651,49.96,0625:29:15,1,08
20:54:06,0.17426,220.90,0.47671,18.36937,53.63857,3.26924,5.0651,49.96,0625:29:18,1,08
20:54:07,0.17384,220.90,0.47771,18.35578,53.59887,3.26924,5.0652,49.96,0625:29:19,1,08
20:54:08,0.17341,220.80,0.47729,18.28779,53.40036,3.26924,5.0652,49.96,0625:29:20,1,08
20:54:10,0.17226,220.70,0.4757,18.09744,52.84452,3.26924,5.0652,49.96,0625:29:21,1,08
20:54:14,0.17322,220.80,0.47761,18.2742,53.36066,3.26924,5.0652,49.97,0625:29:26,1,08
20:54:16,0.17403,220.90,0.4742,18.247,53.28125,3.26924,5.0652,49.96,0625:29:27,1,08
20:54:17,0.17336,220.90,0.47658,18.2606,53.32095,3.26934,5.0652,49.95,0625:29:29,1,08
20:54:19,0.17369,220.70,0.47732,18.31499,53.47976,3.26934,5.0652,49.96,0625:29:31,1,08
20:54:20,0.17326,220.60,0.47619,18.21981,53.20185,3.26934,5.0652,49.96,0625:29:32,1,08
20:54:21,0.17279,220.80,0.47828,18.2606,53.32095,3.26934,5.0652,49.96,0625:29:33,1,08
20:54:22,0.17279,220.80,0.47828,18.2606,53.32095,3.26934,5.0652,49.96,0625:29:34,1,08
20:54:24,0.17412,220.80,0.47597,18.31499,53.47976,3.26934,5.0652,49.96,0625:29:36,1,08
20:54:27,0.17298,220.70,0.47792,18.247,53.28125,3.26934,5.0653,49.96,0625:29:39,1,08
20:54:29,0.17312,220.70,0.47368,18.11103,52.88422,3.26934,5.0653,49.96,0625:29:41,1,08
20:54:30,0.17341,220.70,0.4755,18.20621,53.16214,3.26934,5.0653,49.96,0625:29:42,1,08
20:54:31,0.17417,220.80,0.47668,18.34218,53.55917,3.26934,5.0653,49.95,0625:29:43,1,08
20:54:32,0.17331,221.00,0.47764,18.30139,53.44006,3.26934,5.0653,49.95,0625:29:44,1,08
20:54:33,0.17303,221.00,0.4769,18.247,53.28125,3.26934,5.0653,49.95,0625:29:45,1,08
20:54:37,0.17274,220.60,0.47646,18.16542,53.04303,3.26944,5.0653,49.96,0625:29:49,1,08
20:54:39,0.17374,220.70,0.47838,18.35578,53.59887,3.26944,5.0653,49.96,0625:29:51,1,08
20:54:40,0.17374,220.70,0.47838,18.35578,53.59887,3.26944,5.0653,49.96,0625:29:52,1,08
20:54:43,0.17307,221.20,0.47798,18.30139,53.44006,3.26944,5.0654,49.95,0625:29:55,1,08
20:54:45,0.1746,221.10,0.4757,18.36937,53.63857,3.26944,5.0654,49.96,0625:29:57,1,08
20:54:46,0.1746,221.10,0.4757,18.36937,53.63857,3.26944,5.0654,49.96,0625:29:58,1,08
20:54:47,0.17441,221.00,0.47602,18.35578,53.59887,3.26944,5.0654,49.95,0625:29:59,1,08
20:54:48,0.17502,220.80,0.47152,18.23341,53.24155,3.26944,5.0654,49.95,0625:30:00,1,08
20:54:49,0.17502,220.90,0.47293,18.28779,53.40036,3.26944,5.0654,49.95,0625:30:01,1,08
20:54:54,0.17497,221.00,0.47259,18.28779,53.40036,3.26944,5.0654,49.96,0625:30:06,1,08
20:54:57,0.17341,221.10,0.47519,18.23341,53.24155,3.26954,5.0654,49.96,0625:30:09,1,08
20:54:58,0.17341,221.10,0.47519,18.23341,53.24155,3.26954,5.0654,49.96,0625:30:10,1,08
20:55:00,0.17379,221.10,0.47595,18.30139,53.44006,3.26954,5.0654,49.95,0625:30:12,1,08
20:55:01,0.17355,221.00,0.47557,18.2606,53.32095,3.26954,5.0655,49.96,0625:30:13,1,08
20:55:02,0.17445,221.00,0.47322,18.2606,53.32095,3.26954,5.0655,49.96,0625:30:14,1,08
20:55:05,0.17469,221.10,0.47361,18.30139,53.44006,3.26954,5.0655,49.95,0625:30:16,1,08
20:55:07,0.17364,221.10,0.47452,18.23341,53.24155,3.26954,5.0655,49.96,0625:30:18,1,08
20:55:08,0.17455,221.10,0.47324,18.2742,53.36066,3.26954,5.0655,49.95,0625:30:19,1,08
20:55:09,0.17393,221.30,0.47387,18.247,53.28125,3.26954,5.0655,49.95,0625:30:20,1,08
20:55:10,0.17549,221.40,0.46923,18.247,53.28125,3.26954,5.0655,49.96,0625:30:21,1,08
20:55:13,0.17516,221.30,0.47442,18.41016,53.75768,3.26954,5.0655,49.96,0625:30:24,1,08
20:55:17,0.17355,221.40,0.47419,18.23341,53.24155,3.26964,5.0655,49.95,0625:30:28,1,08
20:55:18,0.17388,221.30,0.47634,18.34218,53.55917,3.26964,5.0655,49.96,0625:30:29,1,08
20:55:20,0.17478,221.50,0.47018,18.21981,53.20185,3.26964,5.06561,49.95,0625:30:31,1,08
20:55:22,0.17364,221.60,0.47458,18.2742,53.36066,3.26964,5.06561,49.96,0625:30:33,1,08
20:55:25,0.17643,221.30,0.47042,18.38297,53.67828,3.26964,5.06561,49.94,0625:30:36,1,08
20:55:26,0.1745,221.60,0.47294,18.30139,53.44006,3.26964,5.06561,49.96,0625:30:37,1,08
20:55:29,0.17374,221.30,0.47385,18.23341,53.24155,3.26964,5.06561,49.95,0625:30:40,1,08
20:55:31,0.17445,221.50,0.47503,18.36937,53.63857,3.26964,5.06561,49.95,0625:30:42,1,08
20:55:32,0.17469,221.40,0.47294,18.30139,53.44006,3.26964,5.06561,49.95,0625:30:43,1,08
20:55:34,0.17369,221.40,0.47244,18.17902,53.08273,3.26964,5.06561,49.96,0625:30:46,1,08
20:55:38,0.1736,221.10,0.47344,18.17902,53.08273,3.26974,5.06571,49.97,0625:30:49,1,08
20:55:41,0.17643,221.40,0.47704,18.64131,54.43263,3.26974,5.06571,49.97,0625:30:52,1,08
20:55:42,0.17582,221.50,0.47348,18.45096,53.87679,3.26974,5.06571,49.97,0625:30:53,1,08
20:55:46,0.1746,221.50,0.47224,18.2742,53.36066,3.26974,5.06571,49.96,0625:30:58,1,08
20:55:49,0.17558,221.30,0.47061,18.28779,53.40036,3.26974,5.06571,49.97,0625:31:00,1,08
20:55:51,0.17422,221.30,0.47038,18.13823,52.96363,3.26974,5.06571,49.97,0625:31:03,1,08
20:55:55,0.17464,221.40,0.47257,18.2742,53.36066,3.26974,5.06571,49.99,0625:31:06,1,08
20:55:56,0.17374,221.60,0.47422,18.2606,53.32095,3.26984,5.06581,49.99,0625:31:08,1,08
20:55:57,0.17384,221.60,0.47354,18.247,53.28125,3.26984,5.06581,50.00,0625:31:09,1,08
20:56:00,0.17492,221.60,0.4737,18.36937,53.63857,3.26984,5.06581,49.99,0625:31:11,1,08
20:56:04,0.17473,221.50,0.47086,18.23341,53.24155,3.26984,5.06581,50.00,0625:31:16,1,08
20:56:05,0.17436,221.50,0.47326,18.28779,53.40036,3.26984,5.06581,50.00,0625:31:16,1,08
20:56:06,0.17455,221.60,0.47435,18.35578,53.59887,3.26984,5.06581,50.01,0625:31:17,1,08
20:56:08,0.17403,221.70,0.47183,18.21981,53.20185,3.26984,5.06581,50.03,0625:31:20,1,08
20:56:10,0.17422,221.60,0.47255,18.2606,53.32095,3.26984,5.06581,50.03,0625:31:22,1,08
20:56:11,0.17422,221.60,0.47255,18.2606,53.32095,3.26984,5.06581,50.03,0625:31:22,1,08
20:56:12,0.17521,221.50,0.47234,18.34218,53.55917,3.26984,5.06581,50.04,0625:31:23,1,08
20:56:13,0.17478,221.60,0.47193,18.28779,53.40036,3.26984,5.06591,50.04,0625:31:25,1,08
20:56:14,0.17563,221.40,0.4689,18.247,53.28125,3.26984,5.06591,50.04,0625:31:26,1,08
20:56:21,0.17384,221.40,0.47352,18.23341,53.24155,3.26995,5.06591,50.04,0625:31:33,1,08
20:56:24,0.17572,221.30,0.4724,18.38297,53.67828,3.26995,5.06591,50.03,0625:31:36,1,08
20:56:27,0.17464,221.20,0.47291,18.2742,53.36066,3.26995,5.06591,50.01,0625:31:39,1,08
20:56:28,0.17596,221.10,0.47135,18.34218,53.55917,3.26995,5.06591,50.01,0625:31:40,1,08
20:56:32,0.17384,221.40,0.47316,18.21981,53.20185,3.26995,5.06601,50.01,0625:31:44,1,08
20:56:34,0.17483,221.50,0.47368,18.35578,53.59887,3.26995,5.06601,50.00,0625:31:46,1,08
20:56:37,0.17417,221.50,0.47289,18.2606,53.32095,3.27005,5.06601,50.01,0625:31:49,1,08
20:56:38,0.17431,221.60,0.4722,18.247,53.28125,3.27005,5.06601,50.01,0625:31:50,1,08
20:56:39,0.17369,221.60,0.47422,18.2606,53.32095,3.27005,5.06601,50.01,0625:31:51,1,08
20:56:40,0.1746,221.50,0.4747,18.36937,53.63857,3.27005,5.06601,50.01,0625:31:52,1,08
20:56:42,0.17629,221.50,0.47669,18.62771,54.39293,3.27005,5.06601,50.03,0625:31:54,1,08
20:56:43,0.17516,221.20,0.46914,18.19262,53.12244,3.27005,5.06601,50.01,0625:31:55,1,08
20:56:44,0.17436,221.30,0.47218,18.23341,53.24155,3.27005,5.06601,50.01,0625:31:56,1,08
20:56:47,0.1745,221.20,0.47535,18.35578,53.59887,3.27005,5.06601,50.03,0625:31:59,1,08
20:56:49,0.17431,221.40,0.47218,18.23341,53.24155,3.27005,5.06611,50.01,0625:32:01,1,08
20:56:50,0.17412,221.50,0.47252,18.23341,53.24155,3.27005,5.06611,50.01,0625:32:02,1,08
20:56:51,0.16902,221.50,0.46154,17.29522,50.50205,3.27005,5.06611,50.01,0625:32:03,1,08
20:56:52,0.16902,221.50,0.46154,17.29522,50.50205,3.27005,5.06611,50.01,0625:32:04,1,08
20:56:53,0.14375,221.20,0.41624,13.24335,38.67059,3.27005,5.06611,50.01,0625:32:05,1,08
20:56:56,0.13419,220.90,0.40138,11.89726,34.74001,3.27005,5.06611,50.00,0625:32:08,1,08
20:56:58,0.13425,220.90,0.40101,11.89726,34.74001,3.27015,5.06611,50.01,0625:32:10,1,08
20:57:03,0.13461,221.00,0.39945,11.88367,34.70031,3.27015,5.06611,50.00,0625:32:14,1,08
20:57:05,0.13376,221.10,0.40119,11.87007,34.6606,3.27015,5.06611,50.00,0625:32:16,1,08
20:57:06,0.13363,221.10,0.40248,11.89726,34.74001,3.27015,5.06611,50.00,0625:32:17,1,08
20:57:07,0.13357,221.10,0.40248,11.89726,34.74001,3.27015,5.06611,50.00,0625:32:18,1,08
20:57:10,0.13461,221.10,0.39909,11.88367,34.70031,3.27015,5.06621,49.99,0625:32:21,1,08
20:57:11,0.13461,221.10,0.39817,11.85647,34.6209,3.27015,5.06621,49.99,0625:32:22,1,08
20:57:13,0.13486,221.10,0.3979,11.87007,34.6606,3.27015,5.06621,49.99,0625:32:24,1,08
20:57:14,0.134,221.20,0.40055,11.88367,34.70031,3.27015,5.06621,50.00,0625:32:25,1,08
20:57:15,0.13412,221.20,0.40009,11.87007,34.6606,3.27015,5.06621,50.00,0625:32:26,1,08
20:57:16,0.13376,221.20,0.40129,11.88367,34.70031,3.27015,5.06621,49.97,0625:32:27,1,08
20:57:17,0.13363,221.30,0.40165,11.88367,34.70031,3.27015,5.06621,49.97,0625:32:28,1,08
20:57:19,0.13376,221.30,0.40174,11.89726,34.74001,3.27015,5.06621,49.99,0625:32:30,1,08
20:57:24,0.13437,221.30,0.39991,11.89726,34.74001,3.27015,5.06621,49.96,0625:32:35,1,08
20:57:25,0.134,221.50,0.40064,11.89726,34.74001,3.27015,5.06621,49.96,0625:32:36,1,08
20:57:26,0.13381,221.50,0.40092,11.88367,34.70031,3.27015,5.06621,49.96,0625:32:37,1,08
20:57:27,0.134,221.50,0.40064,11.89726,34.74001,3.27015,5.06621,49.96,0625:32:38,1,08
20:57:31,0.13443,221.30,0.39945,11.88367,34.70031,3.27025,5.06631,49.96,0625:32:42,1,08
20:57:34,0.13431,221.10,0.3989,11.85647,34.6209,3.27025,5.06631,49.95,0625:32:46,1,08
20:57:35,0.13468,221.10,0.39918,11.89726,34.74001,3.27025,5.06631,49.95,0625:32:46,1,08
20:57:38,0.13461,221.40,0.39963,11.91086,34.77971,3.27025,5.06631,49.95,0625:32:49,1,08
20:57:39,0.13431,221.40,0.39991,11.89726,34.74001,3.27025,5.06631,49.95,0625:32:50,1,08
20:57:40,0.13449,221.40,0.39963,11.91086,34.77971,3.27025,5.06631,49.95,0625:32:52,1,08
20:57:44,0.13412,221.30,0.39973,11.87007,34.6606,3.27025,5.06631,49.95,0625:32:55,1,08
20:57:47,0.13376,221.40,0.40046,11.87007,34.6606,3.27025,5.06631,49.95,0625:32:59,1,08
20:57:48,0.13412,221.50,0.40119,11.92446,34.81942,3.27025,5.06631,49.95,0625:32:59,1,08
20:57:50,0.13407,221.40,0.40064,11.89726,34.74001,3.27025,5.06642,49.95,0625:33:01,1,08
20:57:51,0.13345,221.30,0.39742,11.7477,34.30328,3.27025,5.06642,49.96,0625:33:03,1,08
20:57:54,0.13381,221.40,0.40092,11.88367,34.70031,3.27025,5.06642,49.95,0625:33:05,1,08
20:57:55,0.13431,221.60,0.39863,11.87007,34.6606,3.27025,5.06642,49.96,0625:33:06,1,08
20:57:56,0.13419,221.50,0.39945,11.88367,34.70031,3.27025,5.06642,49.96,0625:33:07,1,08
20:58:02,0.13412,221.10,0.39963,11.85647,34.6209,3.27035,5.06642,49.95,0625:33:14,1,08
20:58:04,0.13394,221.30,0.40055,11.88367,34.70031,3.27035,5.06642,49.95,0625:33:16,1,08
20:58:05,0.13412,221.40,0.39982,11.88367,34.70031,3.27035,5.06642,49.96,0625:33:17,1,08
20:58:06,0.13412,221.40,0.39982,11.88367,34.70031,3.27035,5.06642,49.96,0625:33:17,1,08
20:58:07,0.13461,221.40,0.39872,11.88367,34.70031,3.27035,5.06642,49.96,0625:33:18,1,08
20:58:08,0.13504,221.40,0.39909,11.93806,34.85912,3.27035,5.06642,49.96,0625:33:20,1,08
20:58:10,0.13412,221.10,0.39734,11.78849,34.42239,3.27035,5.06652,49.96,0625:33:22,1,08
20:58:12,0.13595,221.20,0.39783,11.96525,34.93852,3.27035,5.06652,49.97,0625:33:23,1,08
20:58:13,0.13443,221.20,0.39945,11.88367,34.70031,3.27035,5.06652,49.96,0625:33:25,1,08
20:58:16,0.13498,221.20,0.39845,11.89726,34.74001,3.27035,5.06652,49.97,0625:33:28,1,08
20:58:18,0.13407,221.20,0.40101,11.89726,34.74001,3.27035,5.06652,49.96,0625:33:29,1,08
20:58:20,0.13425,220.90,0.40009,11.87007,34.6606,3.27035,5.06652,49.97,0625:33:32,1,08
20:58:21,0.13388,220.90,0.40165,11.88367,34.70031,3.27035,5.06652,49.97,0625:33:33,1,08
20:58:23,0.13363,221.00,0.40156,11.87007,34.6606,3.27035,5.06652,49.96,0625:33:35,1,08
20:58:25,0.13431,221.10,0.39936,11.87007,34.6606,3.27035,5.06652,49.97,0625:33:37,1,08
20:58:26,0.13412,221.10,0.40009,11.87007,34.6606,3.27035,5.06652,49.97,0625:33:38,1,08
20:58:28,0.13437,221.00,0.40018,11.88367,34.70031,3.27045,5.06652,49.97,0625:33:40,1,08
20:58:29,0.13443,221.00,0.39982,11.88367,34.70031,3.27045,5.06652,49.97,0625:33:41,1,08
20:58:31,0.13394,221.00,0.39807,11.78849,34.42239,3.27045,5.06662,49.97,0625:33:43,1,08
20:58:32,0.13449,220.90,0.39936,11.87007,34.6606,3.27045,5.06662,49.97,0625:33:44,1,08
20:58:34,0.13455,220.80,0.3989,11.85647,34.6209,3.27045,5.06662,49.97,0625:33:46,1,08
20:58:35,0.13468,220.90,0.39991,11.89726,34.74001,3.27045,5.06662,49.97,0625:33:47,1,08
20:58:36,0.13468,220.90,0.39991,11.89726,34.74001,3.27045,5.06662,49.97,0625:33:48,1,08
20:58:37,0.13363,221.00,0.4011,11.85647,34.6209,3.27045,5.06662,49.97,0625:33:49,1,08
20:58:39,0.13314,221.20,0.40314,11.88367,34.70031,3.27045,5.06662,49.99,0625:33:51,1,08
20:58:40,0.13326,221.20,0.40268,11.87007,34.6606,3.27045,5.06662,49.99,0625:33:52,1,08
20:58:41,0.13345,221.20,0.40239,11.88367,34.70031,3.27045,5.06662,50.00,0625:33:53,1,08
20:58:42,0.13345,221.20,0.40239,11.88367,34.70031,3.27045,5.06662,50.00,0625:33:54,1,08
20:58:47,0.13474,221.10,0.40739,12.14201,35.45466,3.27045,5.06662,50.01,0625:33:59,1,08
20:58:48,0.13474,221.10,0.4055,12.01964,35.09734,3.27045,5.06662,50.01,0625:34:00,1,08
20:58:51,0.13283,221.00,0.4037,11.85647,34.6209,3.27045,5.06672,50.05,0625:34:03,1,08
20:58:54,0.13264,221.00,0.40399,11.84288,34.5812,3.27045,5.06672,50.03,0625:34:05,1,08
20:58:55,0.13288,220.90,0.4037,11.85647,34.6209,3.27045,5.06672,50.03,0625:34:06,1,08
20:58:57,0.13288,220.70,0.40361,11.84288,34.5812,3.27045,5.06672,50.04,0625:34:08,1,08
20:58:59,0.13264,220.70,0.40529,11.87007,34.6606,3.27055,5.06672,50.04,0625:34:10,1,08
20:59:03,0.13345,220.40,0.40296,11.85647,34.6209,3.27055,5.06672,50.03,0625:34:14,1,08
20:59:06,0.13425,220.40,0.40083,11.87007,34.6606,3.27055,5.06672,50.00,0625:34:17,1,08
20:59:09,0.13264,220.60,0.40613,11.88367,34.70031,3.27055,5.06672,50.03,0625:34:20,1,08
20:59:10,0.13301,220.70,0.40417,11.87007,34.6606,3.27055,5.06672,50.01,0625:34:21,1,08
20:59:12,0.13486,220.70,0.40639,12.10122,35.33555,3.27055,5.06682,50.03,0625:34:23,1,08
20:59:13,0.134,220.60,0.40349,11.93806,34.85912,3.27055,5.06682,50.03,0625:34:24,1,08
20:59:16,0.13437,220.70,0.40192,11.92446,34.81942,3.27055,5.06682,50.03,0625:34:27,1,08
20:59:21,0.13565,220.70,0.39964,11.96525,34.93852,3.27055,5.06682,50.03,0625:34:32,1,08
20:59:22,0.13541,220.70,0.39955,11.95165,34.89882,3.27055,5.06682,50.01,0625:34:33,1,08
20:59:26,0.13492,220.60,0.40183,11.96525,34.93852,3.27055,5.06682,50.00,0625:34:37,1,08
20:59:27,0.13461,220.60,0.40256,11.96525,34.93852,3.27055,5.06682,50.00,0625:34:38,1,08
20:59:29,0.13468,220.60,0.4021,11.95165,34.89882,3.27065,5.06682,49.99,0625:34:40,1,08
20:59:30,0.13511,220.60,0.40018,11.93806,34.85912,3.27065,5.06682,49.99,0625:34:41,1,08
20:59:31,0.13468,220.70,0.40219,11.96525,34.93852,3.27065,5.06682,49.99,0625:34:42,1,08
20:59:36,0.13572,220.80,0.39973,11.97884,34.97823,3.27065,5.06692,49.97,0625:34:47,1,08
20:59:38,0.13492,220.80,0.39872,11.88367,34.70031,3.27065,5.06692,49.96,0625:34:49,1,08
20:59:42,0.13529,221.60,0.39937,11.97884,34.97823,3.27065,5.06692,49.97,0625:34:54,1,08
20:59:45,0.13511,221.50,0.40009,11.97884,34.97823,3.27065,5.06692,49.97,0625:34:56,1,08
20:59:46,0.13511,221.50,0.40009,11.97884,34.97823,3.27065,5.06692,49.97,0625:34:57,1,08
20:59:56,0.13522,221.60,0.39927,11.96525,34.93852,3.27065,5.06702,49.99,0625:35:07,1,08
20:59:57,0.13486,221.60,0.4,11.96525,34.93852,3.27065,5.06702,49.99,0625:35:08,1,08
20:59:58,0.13529,221.60,0.39937,11.97884,34.97823,3.27065,5.06702,49.99,0625:35:10,1,08
21:00:00,0.13529,221.50,0.39882,11.95165,34.89882,3.27075,5.06702,50.00,0625:35:11,1,08
21:00:01,0.1348,221.40,0.39982,11.93806,34.85912,3.27075,5.06702,50.00,0625:35:12,1,08
21:00:03,0.13369,221.40,0.39991,11.84288,34.5812,3.27075,5.06702,50.01,0625:35:14,1,08
21:00:16,0.134,221.30,0.39963,11.85647,34.6209,3.27075,5.06712,50.03,0625:35:28,1,08
21:00:17,0.13381,221.30,0.39954,11.84288,34.5812,3.27075,5.06712,50.03,0625:35:29,1,08
21:00:20,0.13412,221.20,0.39927,11.85647,34.6209,3.27075,5.06712,50.03,0625:35:31,1,08
21:00:21,0.13369,221.30,0.40119,11.87007,34.6606,3.27075,5.06712,50.03,0625:35:33,1,08
21:00:25,0.13369,221.30,0.39991,11.84288,34.5812,3.27075,5.06712,50.03,0625:35:36,1,08
21:00:26,0.13388,221.20,0.39908,11.82928,34.5415,3.27075,5.06712,50.03,0625:35:38,1,08
21:00:27,0.13369,221.20,0.40074,11.85647,34.6209,3.27075,5.06712,50.03,0625:35:39,1,08
21:00:28,0.13369,221.30,0.40074,11.85647,34.6209,3.27075,5.06712,50.03,0625:35:40,1,08
21:00:29,0.13363,221.30,0.40028,11.84288,34.5812,3.27085,5.06712,50.01,0625:35:41,1,08
21:00:30,0.13363,221.30,0.40028,11.84288,34.5812,3.27085,5.06712,50.01,0625:35:41,1,08
21:00:31,0.1332,221.40,0.40276,11.88367,34.70031,3.27085,5.06712,50.01,0625:35:43,1,08
21:00:32,0.13351,221.50,0.40119,11.87007,34.6606,3.27085,5.06712,50.01,0625:35:44,1,08
21:00:33,0.13388,221.50,0.39963,11.85647,34.6209,3.27085,5.06722,50.03,0625:35:45,1,08
21:00:34,0.13394,221.30,0.39963,11.85647,34.6209,3.27085,5.06722,50.03,0625:35:46,1,08
21:00:36,0.13376,221.30,0.39991,11.84288,34.5812,3.27085,5.06722,50.04,0625:35:48,1,08
21:00:37,0.13357,221.50,0.40119,11.87007,34.6606,3.27085,5.06722,50.04,0625:35:49,1,08
21:00:38,0.13425,221.50,0.39899,11.87007,34.6606,3.27085,5.06722,50.04,0625:35:50,1,08
21:00:39,0.13332,221.60,0.40156,11.87007,34.6606,3.27085,5.06722,50.03,0625:35:51,1,08
21:00:40,0.13394,221.70,0.3989,11.85647,34.6209,3.27085,5.06722,50.03,0625:35:52,1,08
21:00:41,0.13431,221.60,0.4,11.91086,34.77971,3.27085,5.06722,50.04,0625:35:53,1,08
21:00:43,0.13468,221.50,0.39845,11.89726,34.74001,3.27085,5.06722,50.04,0625:35:55,1,08
21:00:46,0.13431,221.40,0.39854,11.85647,34.6209,3.27085,5.06722,50.03,0625:35:58,1,08
21:00:47,0.13425,221.60,0.39863,11.87007,34.6606,3.27085,5.06722,50.03,0625:35:59,1,08
21:00:48,0.13407,221.60,0.3989,11.85647,34.6209,3.27085,5.06722,50.03,0625:36:00,1,08
21:00:51,0.13307,221.40,0.40175,11.84288,34.5812,3.27085,5.06722,50.03,0625:36:02,1,08
21:00:52,0.13345,221.20,0.40055,11.82928,34.5415,3.27085,5.06722,50.01,0625:36:03,1,08
21:00:53,0.13351,221.10,0.40055,11.82928,34.5415,3.27085,5.06722,50.01,0625:36:04,1,08
21:00:55,0.13559,221.20,0.40571,12.1692,35.53407,3.27085,5.06733,50.03,0625:36:06,1,08
21:00:56,0.13529,221.10,0.40599,12.1556,35.49436,3.27085,5.06733,50.03,0625:36:07,1,08
21:00:57,0.13407,221.10,0.40321,11.95165,34.89882,3.27085,5.06733,50.03,0625:36:08,1,08
21:00:58,0.1332,221.10,0.40259,11.85647,34.6209,3.27085,5.06733,50.03,0625:36:09,1,08
21:00:59,0.13381,221.00,0.40074,11.85647,34.6209,3.27085,5.06733,50.03,0625:36:10,1,08
21:01:00,0.13332,221.10,0.40268,11.87007,34.6606,3.27095,5.06733,50.03,0625:36:11,1,08
21:01:01,0.13307,221.10,0.4025,11.84288,34.5812,3.27095,5.06733,50.03,0625:36:12,1,08
21:01:04,0.13288,221.10,0.40287,11.84288,34.5812,3.27095,5.06733,50.01,0625:36:15,1,08
21:01:06,0.1332,221.40,0.40184,11.85647,34.6209,3.27095,5.06733,50.00,0625:36:17,1,08
21:01:07,0.13376,221.30,0.40083,11.87007,34.6606,3.27095,5.06733,50.00,0625:36:18,1,08
21:01:10,0.13376,221.40,0.40046,11.87007,34.6606,3.27095,5.06733,50.00,0625:36:21,1,08
21:01:11,0.13363,221.50,0.40129,11.88367,34.70031,3.27095,5.06733,50.00,0625:36:22,1,08
21:01:12,0.13419,221.50,0.40256,11.96525,34.93852,3.27095,5.06733,49.97,0625:36:23,1,08
21:01:14,0.13394,221.30,0.39963,11.85647,34.6209,3.27095,5.06743,49.99,0625:36:25,1,08
21:01:16,0.13307,221.40,0.39945,11.77489,34.38269,3.27095,5.06743,49.99,0625:36:27,1,08
21:01:17,0.13376,221.40,0.40046,11.87007,34.6606,3.27095,5.06743,49.97,0625:36:28,1,08
21:01:18,0.1332,221.40,0.40046,11.81568,34.50179,3.27095,5.06743,49.97,0625:36:29,1,08
21:01:20,0.13283,221.40,0.40342,11.87007,34.6606,3.27095,5.06743,49.97,0625:36:31,1,08
21:01:21,0.13314,221.40,0.4023,11.87007,34.6606,3.27095,5.06743,49.97,0625:36:32,1,08
21:01:22,0.13608,221.70,0.40676,12.27798,35.85169,3.27095,5.06743,49.99,0625:36:33,1,08
21:01:25,0.13295,221.70,0.40276,11.88367,34.70031,3.27095,5.06743,50.00,0625:36:36,1,08
21:01:26,0.13307,221.80,0.40239,11.88367,34.70031,3.27095,5.06743,50.00,0625:36:37,1,08
21:01:27,0.13351,221.80,0.40083,11.87007,34.6606,3.27095,5.06743,50.00,0625:36:38,1,08
21:01:28,0.13419,221.80,0.40046,11.92446,34.81942,3.27095,5.06743,50.00,0625:36:39,1,08
21:01:29,0.13326,221.60,0.40156,11.87007,34.6606,3.27095,5.06743,50.00,0625:36:40,1,08
21:01:30,0.13314,221.70,0.40055,11.82928,34.5415,3.27105,5.06743,50.00,0625:36:41,1,08
21:01:31,0.13239,221.70,0.40139,11.78849,34.42239,3.27105,5.06743,50.00,0625:36:42,1,08
21:01:33,0.13369,221.70,0.4,11.85647,34.6209,3.27105,5.06743,50.01,0625:36:44,1,08
21:01:34,0.13345,221.70,0.40083,11.87007,34.6606,3.27105,5.06753,50.00,0625:36:45,1,08
21:01:37,0.13332,221.90,0.40074,11.85647,34.6209,3.27105,5.06753,50.00,0625:36:48,1,08
21:01:38,0.13407,221.70,0.39799,11.82928,34.5415,3.27105,5.06753,50.01,0625:36:49,1,08
21:01:39,0.13381,221.60,0.40009,11.87007,34.6606,3.27105,5.06753,50.03,0625:36:50,1,08
21:01:41,0.13449,221.70,0.3979,11.87007,34.6606,3.27105,5.06753,50.03,0625:36:52,1,08
21:01:42,0.13431,221.70,0.39781,11.85647,34.6209,3.27105,5.06753,50.03,0625:36:53,1,08
21:01:43,0.13425,221.90,0.39781,11.85647,34.6209,3.27105,5.06753,50.03,0625:36:54,1,08
21:01:45,0.13407,221.80,0.39854,11.85647,34.6209,3.27105,5.06753,50.04,0625:36:56,1,08
21:01:46,0.13351,221.90,0.39908,11.82928,34.5415,3.27105,5.06753,50.04,0625:36:57,1,08
21:01:48,0.1332,221.70,0.4011,11.85647,34.6209,3.27105,5.06753,50.03,0625:37:00,1,08
21:01:49,0.1332,221.70,0.4011,11.85647,34.6209,3.27105,5.06753,50.03,0625:37:00,1,08
21:01:54,0.13314,221.70,0.40055,11.82928,34.5415,3.27105,5.06763,50.04,0625:37:06,1,08
21:01:55,0.13314,221.70,0.40055,11.82928,34.5415,3.27105,5.06763,50.04,0625:37:06,1,08
21:01:58,0.13455,221.50,0.40246,12.00604,35.05763,3.27105,5.06763,50.04,0625:37:09,1,08
21:01:59,0.13307,221.50,0.40184,11.85647,34.6209,3.27105,5.06763,50.03,0625:37:11,1,08
21:02:00,0.13345,221.80,0.40129,11.88367,34.70031,3.27115,5.06763,50.03,0625:37:12,1,08
21:02:01,0.13345,221.80,0.40129,11.88367,34.70031,3.27115,5.06763,50.05,0625:37:12,1,08
21:02:03,0.13276,221.90,0.40175,11.84288,34.5812,3.27115,5.06763,50.04,0625:37:14,1,08
21:02:04,0.13214,221.90,0.40361,11.84288,34.5812,3.27115,5.06763,50.04,0625:37:15,1,08
21:02:06,0.13283,221.80,0.40175,11.84288,34.5812,3.27115,5.06763,50.04,0625:37:18,1,08
21:02:07,0.13283,221.80,0.40175,11.84288,34.5812,3.27115,5.06763,50.04,0625:37:18,1,08
21:02:09,0.1327,221.90,0.40212,11.84288,34.5812,3.27115,5.06763,50.04,0625:37:20,1,08
21:02:10,0.13264,221.80,0.40111,11.80208,34.46209,3.27115,5.06763,50.04,0625:37:22,1,08
21:02:12,0.1332,221.90,0.40018,11.82928,34.5415,3.27115,5.06763,50.04,0625:37:24,1,08
21:02:13,0.1332,221.90,0.40018,11.82928,34.5415,3.27115,5.06763,50.04,0625:37:24,1,08
21:02:15,0.13314,221.70,0.40147,11.85647,34.6209,3.27115,5.06773,50.03,0625:37:26,1,08
21:02:17,0.13357,221.50,0.40037,11.85647,34.6209,3.27115,5.06773,50.04,0625:37:29,1,08
21:02:18,0.13345,221.60,0.40028,11.84288,34.5812,3.27115,5.06773,50.04,0625:37:30,1,08
21:02:19,0.13345,221.60,0.40028,11.84288,34.5812,3.27115,5.06773,50.03,0625:37:30,1,08
21:02:21,0.1332,221.40,0.40092,11.82928,34.5415,3.27115,5.06773,50.03,0625:37:33,1,08
21:02:23,0.13345,221.40,0.40156,11.87007,34.6606,3.27115,5.06773,50.01,0625:37:35,1,08
21:02:24,0.13357,221.30,0.40119,11.87007,34.6606,3.27115,5.06773,50.01,0625:37:36,1,08
21:02:25,0.13357,221.30,0.40119,11.87007,34.6606,3.27115,5.06773,50.03,0625:37:36,1,08
21:02:26,0.13363,221.60,0.39908,11.82928,34.5415,3.27115,5.06773,50.03,0625:37:37,1,08
21:02:27,0.13381,221.50,0.39963,11.85647,34.6209,3.27115,5.06773,50.03,0625:37:39,1,08
21:02:28,0.1416,221.50,0.40901,12.83545,37.4795,3.27115,5.06773,50.03,0625:37:40,1,08
21:02:31,0.13369,221.60,0.39844,11.84288,34.5812,3.27125,5.06773,50.01,0625:37:42,1,08
21:02:32,0.13326,221.70,0.40064,11.84288,34.5812,3.27125,5.06773,50.01,0625:37:44,1,08
21:02:35,0.13449,221.70,0.3979,11.87007,34.6606,3.27125,5.06783,50.01,0625:37:47,1,08
21:02:36,0.13419,221.70,0.39772,11.84288,34.5812,3.27125,5.06783,50.01,0625:37:48,1,08
21:02:37,0.13381,221.80,0.39973,11.87007,34.6606,3.27125,5.06783,50.00,0625:37:48,1,08
21:02:38,0.13314,221.80,0.4011,11.85647,34.6209,3.27125,5.06783,50.00,0625:37:50,1,08
21:02:41,0.13307,221.80,0.40055,11.82928,34.5415,3.27125,5.06783,49.99,0625:37:53,1,08
21:02:42,0.13107,221.50,0.40684,11.81568,34.50179,3.27125,5.06783,49.99,0625:37:54,1,08
21:02:44,0.13183,221.50,0.40549,11.84288,34.5812,3.27125,5.06783,49.99,0625:37:55,1,08
21:02:46,0.13183,221.50,0.40642,11.87007,34.6606,3.27125,5.06783,49.97,0625:37:57,1,08
21:02:47,0.13257,221.60,0.40379,11.87007,34.6606,3.27125,5.06783,49.97,0625:37:58,1,08
21:02:48,0.13189,221.60,0.40512,11.84288,34.5812,3.27125,5.06783,49.97,0625:37:59,1,08
21:02:49,0.13151,221.60,0.40578,11.82928,34.5415,3.27125,5.06783,49.97,0625:38:00,1,08
21:02:54,0.13443,221.70,0.39881,11.89726,34.74001,3.27125,5.06783,49.99,0625:38:05,1,08
21:03:03,0.13431,220.90,0.39963,11.85647,34.6209,3.27135,5.06793,49.97,0625:38:14,1,08
21:03:04,0.13461,220.90,0.39899,11.87007,34.6606,3.27135,5.06793,49.97,0625:38:15,1,08
21:03:07,0.13572,220.70,0.40018,11.99244,35.01793,3.27135,5.06793,49.97,0625:38:18,1,08
21:03:08,0.13443,220.80,0.39973,11.87007,34.6606,3.27135,5.06793,49.97,0625:38:19,1,08
21:03:10,0.13443,221.00,0.39936,11.87007,34.6606,3.27135,5.06793,50.00,0625:38:21,1,08
21:03:12,0.13529,220.90,0.39955,11.95165,34.89882,3.27135,5.06793,49.99,0625:38:23,1,08
21:03:13,0.13394,220.90,0.39991,11.84288,34.5812,3.27135,5.06793,50.00,0625:38:24,1,08
21:03:14,0.13461,221.00,0.39717,11.81568,34.50179,3.27135,5.06793,50.00,0625:38:25,1,08
21:03:15,0.16746,221.00,0.45738,16.9281,49.43007,3.27135,5.06793,50.00,0625:38:26,1,08
21:03:17,0.17976,221.00,0.4764,18.94044,55.3061,3.27135,5.06803,50.01,0625:38:28,1,08
21:03:18,0.1794,221.10,0.48149,19.10361,55.78253,3.27135,5.06803,50.01,0625:38:29,1,08
21:03:20,0.17815,221.30,0.48311,19.06281,55.66342,3.27135,5.06803,50.01,0625:38:31,1,08
21:03:21,0.17889,221.30,0.48111,19.04922,55.62371,3.27135,5.06803,50.01,0625:38:32,1,08
21:03:22,0.17884,221.20,0.48043,19.02202,55.54431,3.27135,5.06803,50.01,0625:38:33,1,08
21:03:23,0.17852,221.20,0.48314,19.09001,55.74282,3.27135,5.06803,50.03,0625:38:34,1,08
21:03:24,0.17907,221.30,0.48148,19.09001,55.74282,3.27135,5.06803,50.03,0625:38:35,1,08
21:03:25,0.17884,221.20,0.48249,19.10361,55.78253,3.27146,5.06803,50.03,0625:38:36,1,08
21:03:26,0.17948,221.20,0.47878,19.02202,55.54431,3.27146,5.06803,50.03,0625:38:37,1,08
21:03:28,0.1769,221.30,0.48681,19.07641,55.70312,3.27146,5.06803,50.04,0625:38:39,1,08
21:03:30,0.17713,221.40,0.48649,19.09001,55.74282,3.27146,5.06803,50.04,0625:38:41,1,08
21:03:32,0.1776,221.50,0.48514,19.09001,55.74282,3.27146,5.06803,50.05,0625:38:43,1,08
21:03:34,0.17801,221.50,0.4838,19.09001,55.74282,3.27146,5.06813,50.04,0625:38:45,1,08
21:03:35,0.1776,221.40,0.4848,19.07641,55.70312,3.27146,5.06813,50.04,0625:38:46,1,08
21:03:37,0.17745,221.30,0.48581,19.09001,55.74282,3.27146,5.06813,50.04,0625:38:48,1,08
21:03:38,0.17713,221.40,0.48683,19.10361,55.78253,3.27146,5.06813,50.05,0625:38:49,1,08
21:03:40,0.17871,221.30,0.48144,19.04922,55.62371,3.27146,5.06813,50.04,0625:38:51,1,08
21:03:41,0.18064,221.30,0.47689,19.07641,55.70312,3.27146,5.06813,50.04,0625:38:52,1,08
21:03:42,0.1781,221.20,0.4831,19.04922,55.62371,3.27146,5.06813,50.04,0625:38:53,1,08
21:03:44,0.17899,221.20,0.48113,19.06281,55.66342,3.27146,5.06813,50.04,0625:38:55,1,08
21:03:46,0.1794,221.20,0.47945,19.03562,55.58401,3.27156,5.06813,50.04,0625:38:57,1,08
21:03:47,0.17833,221.20,0.4838,19.09001,55.74282,3.27156,5.06813,50.03,0625:38:58,1,08
21:03:48,0.18013,221.30,0.47921,19.1172,55.82223,3.27156,5.06813,50.03,0625:38:59,1,08
21:03:49,0.18013,221.30,0.47921,19.1172,55.82223,3.27156,5.06813,50.03,0625:39:00,1,08
21:03:52,0.17976,221.40,0.47951,19.09001,55.74282,3.27156,5.06823,50.03,0625:39:03,1,08
21:03:55,0.16976,221.20,0.46273,17.3904,50.77996,3.27156,5.06823,50.04,0625:39:07,1,08
21:03:56,0.16976,221.20,0.46273,17.3904,50.77996,3.27156,5.06823,50.04,0625:39:07,1,08
21:03:57,0.16834,221.00,0.46567,17.33601,50.62115,3.27156,5.06823,50.03,0625:39:08,1,08
21:03:58,0.17029,220.90,0.46893,17.64874,51.53432,3.27156,5.06823,50.03,0625:39:09,1,08
21:03:59,0.17009,220.90,0.46782,17.59435,51.37551,3.27156,5.06823,50.03,0625:39:10,1,08
21:04:00,0.17019,221.00,0.4646,17.48558,51.05788,3.27156,5.06823,50.03,0625:39:11,1,08
21:04:01,0.16838,220.90,0.46784,17.404,50.81968,3.27156,5.06823,50.01,0625:39:13,1,08
21:04:04,0.17034,220.90,0.46931,17.67593,51.61373,3.27166,5.06823,50.03,0625:39:15,1,08
21:04:06,0.16902,220.90,0.4687,17.51277,51.1373,3.27166,5.06823,50.01,0625:39:18,1,08
21:04:07,0.17111,220.90,0.47017,17.78471,51.93135,3.27166,5.06823,50.03,0625:39:19,1,08
21:04:08,0.17111,220.90,0.47017,17.78471,51.93135,3.27166,5.06823,50.03,0625:39:19,1,08
21:04:10,0.19107,220.80,0.48454,20.4497,59.71312,3.27166,5.06833,50.01,0625:39:21,1,08
21:04:11,0.21428,220.80,0.51149,24.21603,70.71081,3.27166,5.06833,50.04,0625:39:22,1,08
21:04:13,0.21308,221.20,0.51096,24.09365,70.35347,3.27166,5.06833,50.04,0625:39:25,1,08
21:04:14,0.21308,221.20,0.51096,24.09365,70.35347,3.27166,5.06833,50.04,0625:39:25,1,08
21:04:16,0.22674,221.20,0.51328,25.75248,75.19723,3.27166,5.06833,50.03,0625:39:27,1,08
21:04:18,0.23931,221.20,0.51848,27.46568,80.1998,3.27166,5.06833,50.04,0625:39:30,1,08
21:04:19,0.2443,221.10,0.52189,28.19991,82.34375,3.27166,5.06833,50.03,0625:39:31,1,08
21:04:20,0.2443,221.10,0.52189,28.19991,82.34375,3.27166,5.06833,50.03,0625:39:31,1,08
21:04:24,0.24798,221.10,0.52329,28.71659,83.85246,3.27176,5.06843,50.03,0625:39:36,1,08
21:04:25,0.24881,221.30,0.52073,28.6894,83.77304,3.27176,5.06843,50.03,0625:39:37,1,08
21:04:26,0.24881,221.30,0.52073,28.6894,83.77304,3.27176,5.06843,50.03,0625:39:37,1,08
21:04:27,0.24934,221.10,0.52169,28.78458,84.05097,3.27176,5.06843,50.04,0625:39:38,1,08
21:04:28,0.24818,221.10,0.52377,28.75739,83.97157,3.27176,5.06843,50.04,0625:39:39,1,08
21:04:32,0.24944,221.10,0.52316,28.86616,84.28918,3.27176,5.06843,50.03,0625:39:43,1,08
21:04:33,0.24655,221.10,0.52268,28.51264,83.25692,3.27186,5.06843,50.04,0625:39:44,1,08
21:04:34,0.24334,221.10,0.52222,28.11833,82.10553,3.27186,5.06843,50.04,0625:39:46,1,08
21:04:35,0.24831,221.20,0.52425,28.81177,84.13037,3.27186,5.06843,50.03,0625:39:47,1,08
21:04:38,0.24822,221.20,0.52301,28.74379,83.93186,3.27186,5.06853,50.03,0625:39:49,1,08
21:04:39,0.24785,221.40,0.52402,28.77098,84.01127,3.27186,5.06853,50.03,0625:39:51,1,08
21:04:41,0.26143,221.30,0.52442,30.36181,88.6565,3.27186,5.06853,50.03,0625:39:53,1,08
21:04:42,0.26288,220.50,0.52344,30.36181,88.6565,3.27186,5.06853,50.03,0625:39:54,1,08
21:04:45,0.26054,221.00,0.52573,30.28024,88.41829,3.27186,5.06853,50.03,0625:39:55,1,08
21:04:46,0.26428,221.00,0.52652,30.76972,89.84759,3.27186,5.06853,50.01,0625:39:57,1,08
21:04:48,0.26401,220.80,0.52493,30.63375,89.45057,3.27197,5.06853,50.01,0625:39:59,1,08
21:04:50,0.26237,220.60,0.52629,30.48419,89.01383,3.27197,5.06853,50.00,0625:40:01,1,08
21:04:51,0.26363,220.80,0.52521,30.59296,89.33144,3.27197,5.06853,50.00,0625:40:02,1,08
21:04:53,0.26419,220.80,0.52562,30.68814,89.60938,3.27197,5.06864,49.99,0625:40:04,1,08
21:04:54,0.26133,220.90,0.52494,30.33462,88.5771,3.27197,5.06864,50.00,0625:40:05,1,08
21:04:55,0.26079,220.90,0.52429,30.22585,88.25948,3.27197,5.06864,50.00,0625:40:06,1,08
21:04:57,0.26422,221.10,0.52349,30.60656,89.37115,3.27197,5.06864,50.00,0625:40:08,1,08
21:05:00,0.26117,221.10,0.52659,30.4298,88.85503,3.27207,5.06864,49.99,0625:40:11,1,08
21:05:04,0.26294,221.20,0.5243,30.51138,89.09324,3.27207,5.06864,49.97,0625:40:15,1,08
21:05:06,0.26332,221.30,0.52379,30.53857,89.17264,3.27207,5.06874,49.97,0625:40:17,1,08
21:05:08,0.24822,221.30,0.52201,28.703,83.81275,3.27207,5.06874,49.99,0625:40:19,1,08
21:05:09,0.24968,221.30,0.52287,28.90695,84.40829,3.27207,5.06874,49.99,0625:40:20,1,08
21:05:12,0.24974,221.20,0.52091,28.79818,84.09068,3.27217,5.06874,49.97,0625:40:23,1,08
21:05:13,0.24954,221.10,0.52142,28.79818,84.09068,3.27217,5.06874,50.00,0625:40:24,1,08
21:05:14,0.24858,220.50,0.5233,28.703,83.81275,3.27217,5.06874,50.00,0625:40:25,1,08
21:05:17,0.25139,220.40,0.52035,28.85256,84.24949,3.27217,5.06874,49.99,0625:40:28,1,08
21:05:18,0.25003,220.30,0.52121,28.73019,83.89216,3.27217,5.06884,49.99,0625:40:29,1,08
21:05:20,0.24987,220.00,0.52027,28.62142,83.57454,3.27217,5.06884,49.97,0625:40:31,1,08
21:05:23,0.2505,220.00,0.5217,28.77098,84.01127,3.27227,5.06884,49.97,0625:40:34,1,08
21:05:24,0.24968,220.00,0.52202,28.6894,83.77304,3.27227,5.06884,49.97,0625:40:35,1,08
21:05:27,0.25214,220.10,0.52106,28.93414,84.4877,3.27227,5.06884,49.99,0625:40:38,1,08
21:05:28,0.25218,220.20,0.5203,28.92055,84.448,3.27227,5.06884,49.97,0625:40:39,1,08
21:05:31,0.25165,220.40,0.51862,28.78458,84.05097,3.27227,5.06884,50.00,0625:40:42,1,08
21:05:32,0.25165,220.40,0.51862,28.78458,84.05097,3.27227,5.06894,50.00,0625:40:43,1,08
21:05:35,0.24848,220.40,0.51712,28.33588,82.74078,3.27227,5.06894,50.01,0625:40:46,1,08
21:05:36,0.16127,220.30,0.44606,15.85395,46.29354,3.27238,5.06894,50.01,0625:40:47,1,08
21:05:37,0.13626,220.20,0.39764,11.93806,34.85912,3.27238,5.06894,50.01,0625:40:48,1,08
21:05:40,0.13468,220.20,0.40009,11.87007,34.6606,3.27238,5.06894,50.03,0625:40:51,1,08
21:05:42,0.13553,220.10,0.39973,11.92446,34.81942,3.27238,5.06894,50.03,0625:40:53,1,08
21:05:45,0.13535,220.00,0.39827,11.87007,34.6606,3.27238,5.06894,50.03,0625:40:56,1,08
21:05:46,0.1348,220.00,0.40009,11.87007,34.6606,3.27238,5.06894,50.03,0625:40:57,1,08
21:05:48,0.13437,220.10,0.40074,11.85647,34.6209,3.27238,5.06894,50.04,0625:40:59,1,08
21:05:50,0.13455,220.10,0.39991,11.84288,34.5812,3.27238,5.06894,50.04,0625:41:01,1,08
21:05:51,0.13729,220.00,0.40279,12.1692,35.53407,3.27238,5.06904,50.03,0625:41:02,1,08
21:05:52,0.1446,219.90,0.41453,13.18897,38.51178,3.27238,5.06904,50.03,0625:41:03,1,08
21:05:53,0.17326,220.00,0.47006,17.93427,52.36808,3.27238,5.06904,50.04,0625:41:04,1,08
21:05:55,0.17535,220.10,0.47324,18.2742,53.36066,3.27238,5.06904,50.03,0625:41:06,1,08
21:06:05,0.17483,220.30,0.47459,18.28779,53.40036,3.27248,5.06904,50.04,0625:41:16,1,08
21:06:07,0.17441,220.40,0.4756,18.28779,53.40036,3.27248,5.06904,50.04,0625:41:18,1,08
21:06:13,0.1754,220.70,0.47086,18.23341,53.24155,3.27248,5.06914,50.04,0625:41:24,1,08
21:06:14,0.17502,220.60,0.47291,18.2742,53.36066,3.27248,5.06914,50.04,0625:41:25,1,08
21:06:15,0.17497,220.70,0.47396,18.31499,53.47976,3.27248,5.06914,50.03,0625:41:26,1,08
21:06:17,0.17601,220.80,0.47063,18.30139,53.44006,3.27248,5.06914,50.03,0625:41:29,1,08
21:06:19,0.17436,220.70,0.47387,18.247,53.28125,3.27248,5.06914,50.04,0625:41:30,1,08
21:06:20,0.17398,220.70,0.47381,18.20621,53.16214,3.27248,5.06914,50.04,0625:41:31,1,08
21:06:22,0.17563,220.70,0.473,18.34218,53.55917,3.27258,5.06914,50.01,0625:41:34,1,08
21:06:23,0.17473,220.70,0.47322,18.2606,53.32095,3.27258,5.06914,50.03,0625:41:35,1,08
21:06:24,0.17478,220.70,0.47287,18.247,53.28125,3.27258,5.06914,50.03,0625:41:36,1,08
21:06:25,0.1745,220.70,0.47283,18.21981,53.20185,3.27258,5.06914,50.01,0625:41:36,1,08
21:06:26,0.17553,220.70,0.47125,18.2742,53.36066,3.27258,5.06914,50.01,0625:41:37,1,08
21:06:27,0.17582,220.70,0.47094,18.28779,53.40036,3.27258,5.06925,50.01,0625:41:38,1,08
21:06:28,0.17619,220.60,0.47063,18.30139,53.44006,3.27258,5.06925,50.01,0625:41:40,1,08
21:06:29,0.17516,220.60,0.47398,18.32858,53.51946,3.27258,5.06925,50.01,0625:41:41,1,08
21:06:30,0.17507,220.60,0.47361,18.30139,53.44006,3.27258,5.06925,50.01,0625:41:42,1,08
21:06:31,0.17473,220.60,0.47144,18.17902,53.08273,3.27258,5.06925,50.00,0625:41:42,1,08
21:06:32,0.17572,220.60,0.4709,18.2606,53.32095,3.27258,5.06925,50.00,0625:41:43,1,08
21:06:36,0.17605,220.60,0.47061,18.28779,53.40036,3.27258,5.06925,50.00,0625:41:47,1,08
21:06:37,0.17582,220.60,0.47127,18.28779,53.40036,3.27258,5.06925,49.97,0625:41:48,1,08
21:06:39,0.17478,220.60,0.4732,18.247,53.28125,3.27258,5.06925,49.97,0625:41:49,1,08
21:06:40,0.1746,221.30,0.47293,18.28779,53.40036,3.27258,5.06925,49.99,0625:41:51,1,08
21:06:41,0.17417,221.30,0.4725,18.21981,53.20185,3.27258,5.06925,49.99,0625:41:52,1,08
21:06:43,0.17553,221.40,0.47238,18.36937,53.63857,3.27268,5.06925,49.99,0625:41:53,1,08
21:06:44,0.17526,221.40,0.47199,18.32858,53.51946,3.27268,5.06925,49.99,0625:41:54,1,08
21:06:47,0.17417,221.60,0.47148,18.20621,53.16214,3.27268,5.06935,49.99,0625:41:58,1,08
21:06:48,0.17492,221.60,0.4716,18.28779,53.40036,3.27268,5.06935,49.97,0625:41:59,1,08
21:06:50,0.17492,221.60,0.4737,18.36937,53.63857,3.27268,5.06935,49.99,0625:42:01,1,08
21:06:53,0.17436,221.60,0.47187,18.247,53.28125,3.27268,5.06935,50.01,0625:42:04,1,08
21:06:54,0.17469,221.50,0.47402,18.35578,53.59887,3.27268,5.06935,50.01,0625:42:05,1,08
21:06:55,0.17473,221.50,0.47402,18.35578,53.59887,3.27268,5.06935,50.01,0625:42:05,1,08
21:06:56,0.17422,221.70,0.47255,18.2606,53.32095,3.27268,5.06935,50.01,0625:42:07,1,08
21:06:57,0.17417,221.50,0.47113,18.19262,53.12244,3.27268,5.06935,50.01,0625:42:08,1,08
21:06:59,0.1745,221.60,0.47259,18.28779,53.40036,3.27268,5.06935,50.04,0625:42:10,1,08
21:07:00,0.17412,221.70,0.4743,18.31499,53.47976,3.27268,5.06935,50.04,0625:42:11,1,08
21:07:01,0.17455,221.50,0.4733,18.31499,53.47976,3.27268,5.06935,50.04,0625:42:12,1,08
21:07:02,0.17426,221.40,0.47148,18.20621,53.16214,3.27278,5.06935,50.04,0625:42:13,1,08
21:07:04,0.17441,221.20,0.47218,18.23341,53.24155,3.27278,5.06945,50.04,0625:42:15,1,08
21:07:05,0.17407,221.50,0.47355,18.2606,53.32095,3.27278,5.06945,50.05,0625:42:16,1,08
21:07:06,0.17507,221.40,0.4723,18.31499,53.47976,3.27278,5.06945,50.05,0625:42:17,1,08
21:07:07,0.17497,221.30,0.47263,18.31499,53.47976,3.27278,5.06945,50.05,0625:42:18,1,08
21:07:09,0.17388,221.40,0.47281,18.20621,53.16214,3.27278,5.06945,50.04,0625:42:20,1,08
21:07:10,0.17393,221.50,0.47283,18.21981,53.20185,3.27278,5.06945,50.03,0625:42:21,1,08
21:07:11,0.17478,221.50,0.47298,18.32858,53.51946,3.27278,5.06945,50.04,0625:42:22,1,08
21:07:13,0.17619,221.40,0.47006,18.35578,53.59887,3.27278,5.06945,50.04,0625:42:24,1,08
21:07:15,0.17497,221.00,0.47013,18.19262,53.12244,3.27278,5.06945,50.03,0625:42:26,1,08
21:07:16,0.17426,221.50,0.47465,18.32858,53.51946,3.27278,5.06945,50.03,0625:42:27,1,08
21:07:17,0.17545,221.30,0.47201,18.34218,53.55917,3.27278,5.06945,50.04,0625:42:28,1,08
21:07:18,0.17345,221.50,0.47383,18.21981,53.20185,3.27278,5.06945,50.04,0625:42:29,1,08
21:07:21,0.17374,221.60,0.47528,18.30139,53.44006,3.27288,5.06955,50.03,0625:42:32,1,08
21:07:23,0.17331,221.40,0.47486,18.23341,53.24155,3.27288,5.06955,50.03,0625:42:34,1,08
21:07:24,0.17288,221.40,0.47834,18.31499,53.47976,3.27288,5.06955,50.03,0625:42:35,1,08
21:07:25,0.17288,221.40,0.47834,18.31499,53.47976,3.27288,5.06955,50.03,0625:42:36,1,08
21:07:26,0.1725,221.30,0.47687,18.21981,53.20185,3.27288,5.06955,50.03,0625:42:37,1,08
21:07:27,0.17341,221.40,0.47521,18.247,53.28125,3.27288,5.06955,50.03,0625:42:38,1,08
21:07:28,0.17322,221.30,0.47519,18.23341,53.24155,3.27288,5.06955,50.03,0625:42:39,1,08
21:07:30,0.17298,221.10,0.4769,18.247,53.28125,3.27288,5.06955,50.03,0625:42:41,1,08
21:07:31,0.17298,221.10,0.4769,18.247,53.28125,3.27288,5.06955,50.03,0625:42:42,1,08
21:07:33,0.1725,221.10,0.47648,18.17902,53.08273,3.27288,5.06955,50.01,0625:42:44,1,08
21:07:34,0.17274,221.20,0.4776,18.2606,53.32095,3.27288,5.06955,50.01,0625:42:45,1,08
21:07:35,0.17384,221.10,0.47702,18.34218,53.55917,3.27288,5.06955,50.00,0625:42:46,1,08
21:07:36,0.17384,221.10,0.47702,18.34218,53.55917,3.27288,5.06955,50.00,0625:42:47,1,08
21:07:37,0.17345,221.10,0.47519,18.23341,53.24155,3.27288,5.06955,50.01,0625:42:48,1,08
21:07:39,0.17326,221.10,0.47693,18.2742,53.36066,3.27288,5.06965,50.01,0625:42:50,1,08
21:07:40,0.17364,221.00,0.47805,18.35578,53.59887,3.27288,5.06965,50.01,0625:42:51,1,08
21:07:44,0.17293,221.00,0.47655,18.23341,53.24155,3.27298,5.06965,49.99,0625:42:55,1,08
21:07:45,0.17369,221.00,0.477,18.32858,53.51946,3.27298,5.06965,49.99,0625:42:56,1,08
21:07:48,0.17426,221.00,0.47389,18.2606,53.32095,3.27298,5.06965,49.99,0625:42:59,1,08
21:07:49,0.17388,221.00,0.47383,18.21981,53.20185,3.27298,5.06965,49.97,0625:43:00,1,08
21:07:52,0.17364,220.70,0.47872,18.35578,53.59887,3.27298,5.06965,49.97,0625:43:03,1,08
21:07:56,0.17374,220.90,0.4769,18.28779,53.40036,3.27298,5.06975,49.97,0625:43:07,1,08
21:07:57,0.17293,220.90,0.48078,18.36937,53.63857,3.27298,5.06975,49.97,0625:43:08,1,08
21:08:00,0.1736,220.90,0.47626,18.2742,53.36066,3.27308,5.06975,49.97,0625:43:11,1,08
21:08:01,0.1736,220.90,0.47626,18.2742,53.36066,3.27308,5.06975,49.96,0625:43:12,1,08
21:08:02,0.17265,220.80,0.47967,18.28779,53.40036,3.27308,5.06975,49.96,0625:43:13,1,08
21:08:03,0.17188,220.80,0.47817,18.16542,53.04303,3.27308,5.06975,49.96,0625:43:14,1,08
21:08:04,0.17303,220.80,0.47973,18.34218,53.55917,3.27308,5.06975,49.96,0625:43:15,1,08
21:08:05,0.17426,220.80,0.47634,18.34218,53.55917,3.27308,5.06975,49.96,0625:43:16,1,08
21:08:11,0.17487,221.00,0.47679,18.43736,53.83709,3.27308,5.06975,49.97,0625:43:22,1,08
21:08:12,0.17384,220.90,0.47771,18.35578,53.59887,3.27308,5.06975,49.97,0625:43:24,1,08
21:08:13,0.17398,220.90,0.47737,18.35578,53.59887,3.27308,5.06975,49.97,0625:43:24,1,08
21:08:14,0.17507,220.80,0.4782,18.49175,53.9959,3.27308,5.06985,49.97,0625:43:25,1,08
21:08:15,0.17487,220.90,0.47255,18.2606,53.32095,3.27308,5.06985,49.99,0625:43:26,1,08
21:08:17,0.17374,220.90,0.47663,18.30139,53.44006,3.27308,5.06985,49.97,0625:43:29,1,08
21:08:18,0.17403,220.90,0.47668,18.34218,53.55917,3.27308,5.06985,49.97,0625:43:30,1,08
21:08:20,0.17511,220.90,0.47437,18.36937,53.63857,3.27318,5.06985,49.99,0625:43:31,1,08
21:08:21,0.1735,221.00,0.47555,18.247,53.28125,3.27318,5.06985,50.00,0625:43:32,1,08
21:08:23,0.17379,221.10,0.47525,18.2742,53.36066,3.27318,5.06985,49.99,0625:43:35,1,08
21:08:25,0.17473,221.00,0.47502,18.35578,53.59887,3.27318,5.06985,50.00,0625:43:36,1,08
21:08:26,0.17345,221.00,0.47874,18.36937,53.63857,3.27318,5.06985,50.00,0625:43:37,1,08
21:08:27,0.17293,221.00,0.47831,18.28779,53.40036,3.27318,5.06985,50.01,0625:43:38,1,08
21:08:28,0.17303,220.90,0.4776,18.2606,53.32095,3.27318,5.06985,50.01,0625:43:40,1,08
21:08:31,0.17374,220.80,0.4759,18.2606,53.32095,3.27318,5.06985,50.00,0625:43:41,1,08
21:08:32,0.17483,220.80,0.47537,18.36937,53.63857,3.27318,5.06985,50.01,0625:43:42,1,08
21:08:33,0.17369,220.90,0.47769,18.34218,53.55917,3.27318,5.06995,50.01,0625:43:43,1,08
21:08:35,0.17303,221.00,0.47619,18.21981,53.20185,3.27318,5.06995,50.03,0625:43:46,1,08
21:08:41,0.17422,221.10,0.47424,18.2742,53.36066,3.27328,5.06995,50.03,0625:43:52,1,08
21:08:43,0.1735,221.10,0.47557,18.2606,53.32095,3.27328,5.06995,50.03,0625:43:53,1,08
21:08:44,0.17331,221.30,0.47803,18.34218,53.55917,3.27328,5.06995,50.04,0625:43:54,1,08
21:08:46,0.17407,221.40,0.47532,18.32858,53.51946,3.27328,5.06995,50.03,0625:43:57,1,08
21:08:48,0.17236,221.50,0.47721,18.21981,53.20185,3.27328,5.06995,50.03,0625:43:59,1,08
21:08:49,0.17464,221.30,0.47574,18.39657,53.71798,3.27328,5.06995,50.03,0625:43:59,1,08
21:08:50,0.17393,221.30,0.47599,18.32858,53.51946,3.27328,5.06995,50.03,0625:44:01,1,08
21:08:51,0.17436,221.40,0.47359,18.28779,53.40036,3.27328,5.07005,50.03,0625:44:02,1,08
21:08:52,0.17398,221.40,0.47461,18.30139,53.44006,3.27328,5.07005,50.03,0625:44:03,1,08
21:08:53,0.17398,221.30,0.47354,18.247,53.28125,3.27328,5.07005,50.01,0625:44:04,1,08
21:08:56,0.17483,221.20,0.47435,18.35578,53.59887,3.27328,5.07005,50.03,0625:44:07,1,08
21:08:57,0.17426,221.30,0.47569,18.35578,53.59887,3.27328,5.07005,50.03,0625:44:08,1,08
21:08:58,0.17379,221.30,0.47633,18.32858,53.51946,3.27328,5.07005,50.00,0625:44:09,1,08
21:09:00,0.17431,221.10,0.4732,18.247,53.28125,3.27328,5.07005,50.03,0625:44:10,1,08
21:09:03,0.17436,220.80,0.4753,18.31499,53.47976,3.27338,5.07005,50.01,0625:44:14,1,08
21:09:07,0.17441,221.40,0.47361,18.30139,53.44006,3.27338,5.07005,50.00,0625:44:18,1,08
21:09:08,0.1745,221.50,0.47503,18.36937,53.63857,3.27338,5.07005,49.99,0625:44:19,1,08
21:09:09,0.17407,221.50,0.47428,18.30139,53.44006,3.27338,5.07016,49.99,0625:44:20,1,08
21:09:10,0.17469,221.60,0.47123,18.2606,53.32095,3.27338,5.07016,49.99,0625:44:21,1,08
21:09:12,0.17483,221.60,0.47439,18.38297,53.67828,3.27338,5.07016,49.99,0625:44:23,1,08
21:09:13,0.17426,221.50,0.47465,18.32858,53.51946,3.27338,5.07016,49.99,0625:44:24,1,08
21:09:14,0.17417,221.60,0.4757,18.36937,53.63857,3.27338,5.07016,49.96,0625:44:25,1,08
21:09:15,0.17568,221.90,0.47141,18.38297,53.67828,3.27338,5.07016,49.97,0625:44:26,1,08
21:09:16,0.17487,222.10,0.47201,18.34218,53.55917,3.27338,5.07016,49.97,0625:44:27,1,08
21:09:18,0.17431,222.10,0.47647,18.45096,53.87679,3.27338,5.07016,49.97,0625:44:29,1,08
21:09:19,0.17398,222.00,0.47607,18.39657,53.71798,3.27338,5.07016,49.97,0625:44:30,1,08
21:09:20,0.17507,222.00,0.47133,18.32858,53.51946,3.27349,5.07016,49.96,0625:44:31,1,08
21:09:22,0.1726,221.90,0.47374,18.15182,53.00333,3.27349,5.07016,49.97,0625:44:33,1,08
21:09:24,0.1736,221.90,0.47283,18.21981,53.20185,3.27349,5.07016,49.96,0625:44:35,1,08
21:09:25,0.17487,221.90,0.47094,18.28779,53.40036,3.27349,5.07016,49.97,0625:44:36,1,08
21:09:27,0.17483,221.80,0.47372,18.38297,53.67828,3.27349,5.07026,49.97,0625:44:38,1,08
21:09:30,0.17526,221.80,0.47028,18.28779,53.40036,3.27349,5.07026,49.96,0625:44:41,1,08
21:09:33,0.17412,221.80,0.47431,18.32858,53.51946,3.27349,5.07026,49.96,0625:44:44,1,08
21:09:34,0.17545,221.80,0.47207,18.38297,53.67828,3.27349,5.07026,49.96,0625:44:45,1,08
21:09:35,0.17492,221.80,0.47199,18.32858,53.51946,3.27349,5.07026,49.96,0625:44:46,1,08
21:09:36,0.17492,221.80,0.47199,18.32858,53.51946,3.27349,5.07026,49.96,0625:44:47,1,08
21:09:37,0.14998,221.70,0.42518,14.14075,41.29098,3.27349,5.07026,49.96,0625:44:48,1,08
21:09:41,0.13449,221.40,0.39872,11.88367,34.70031,3.27359,5.07026,49.97,0625:44:52,1,08
21:09:42,0.13449,221.40,0.39872,11.88367,34.70031,3.27359,5.07026,49.97,0625:44:53,1,08
21:09:43,0.13431,221.40,0.39945,11.88367,34.70031,3.27359,5.07026,49.99,0625:44:54,1,08
21:09:45,0.13394,221.40,0.40055,11.88367,34.70031,3.27359,5.07026,50.01,0625:44:56,1,08
21:09:47,0.13326,221.50,0.40285,11.89726,34.74001,3.27359,5.07036,50.01,0625:44:58,1,08
21:09:49,0.13326,221.60,0.40285,11.89726,34.74001,3.27359,5.07036,50.01,0625:45:00,1,08
21:09:50,0.13295,221.60,0.40221,11.85647,34.6209,3.27359,5.07036,50.01,0625:45:01,1,08
21:09:53,0.13351,221.60,0.40083,11.87007,34.6606,3.27359,5.07036,50.04,0625:45:04,1,08
21:09:54,0.13351,221.60,0.40083,11.87007,34.6606,3.27359,5.07036,50.04,0625:45:05,1,08
21:09:56,0.13437,221.50,0.40091,11.93806,34.85912,3.27359,5.07036,50.03,0625:45:07,1,08
21:09:57,0.13345,221.60,0.40211,11.89726,34.74001,3.27359,5.07036,50.05,0625:45:08,1,08
21:09:59,0.13376,221.50,0.40092,11.88367,34.70031,3.27359,5.07036,50.04,0625:45:10,1,08
21:10:02,0.13381,221.50,0.40238,11.93806,34.85912,3.27359,5.07036,50.05,0625:45:13,1,08
21:10:03,0.13351,221.50,0.40257,11.91086,34.77971,3.27359,5.07036,50.03,0625:45:14,1,08
21:10:05,0.13486,221.40,0.398,11.88367,34.70031,3.27359,5.07036,50.04,0625:45:17,1,08
21:10:06,0.13474,221.40,0.398,11.88367,34.70031,3.27359,5.07046,50.04,0625:45:17,1,08
21:10:07,0.13449,221.50,0.39827,11.87007,34.6606,3.27359,5.07046,50.03,0625:45:18,1,08
21:10:10,0.13425,221.40,0.39982,11.88367,34.70031,3.27359,5.07046,50.03,0625:45:21,1,08
21:10:11,0.13511,221.40,0.40045,11.97884,34.97823,3.27369,5.07046,50.03,0625:45:23,1,08
21:10:13,0.13486,221.50,0.39809,11.89726,34.74001,3.27369,5.07046,50.01,0625:45:24,1,08
21:10:18,0.13474,221.50,0.398,11.88367,34.70031,3.27369,5.07046,50.00,0625:45:29,1,08
21:10:19,0.13431,221.50,0.39945,11.88367,34.70031,3.27369,5.07046,50.00,0625:45:30,1,08
21:10:24,0.13498,221.80,0.3961,11.87007,34.6606,3.27369,5.07046,50.00,0625:45:35,1,08
21:10:25,0.13437,221.80,0.39827,11.87007,34.6606,3.27369,5.07046,50.00,0625:45:35,1,08
21:10:27,0.13535,221.80,0.39583,11.88367,34.70031,3.27369,5.07056,50.00,0625:45:37,1,08
21:10:29,0.13577,221.60,0.39476,11.88367,34.70031,3.27369,5.07056,50.01,0625:45:40,1,08
21:10:32,0.1348,221.80,0.39773,11.89726,34.74001,3.27369,5.07056,50.01,0625:45:42,1,08
21:10:34,0.13553,221.70,0.39547,11.88367,34.70031,3.27369,5.07056,50.01,0625:45:45,1,08
21:10:36,0.13492,221.50,0.39682,11.87007,34.6606,3.27369,5.07056,50.01,0625:45:47,1,08
21:10:39,0.13553,221.30,0.39529,11.85647,34.6209,3.27369,5.07056,50.03,0625:45:50,1,08
21:10:41,0.13517,221.30,0.39646,11.87007,34.6606,3.27369,5.07056,50.00,0625:45:52,1,08
21:10:43,0.13492,221.30,0.39763,11.88367,34.70031,3.27379,5.07056,50.00,0625:45:53,1,08
21:10:44,0.13511,221.60,0.39691,11.88367,34.70031,3.27379,5.07056,50.00,0625:45:54,1,08
21:10:46,0.13443,221.60,0.39827,11.87007,34.6606,3.27379,5.07056,49.99,0625:45:57,1,08
21:10:47,0.13449,221.50,0.39872,11.88367,34.70031,3.27379,5.07066,50.00,0625:45:58,1,08
21:10:48,0.13468,221.50,0.3979,11.87007,34.6606,3.27379,5.07066,50.00,0625:45:59,1,08
21:10:49,0.13517,221.50,0.39691,11.88367,34.70031,3.27379,5.07066,50.00,0625:45:59,1,08
21:10:50,0.13511,221.40,0.39682,11.87007,34.6606,3.27379,5.07066,49.99,0625:46:00,1,08
21:10:51,0.13468,221.30,0.3979,11.87007,34.6606,3.27379,5.07066,49.99,0625:46:02,1,08
21:10:52,0.13474,221.30,0.3979,11.87007,34.6606,3.27379,5.07066,49.97,0625:46:03,1,08
21:10:54,0.13492,221.20,0.39754,11.87007,34.6606,3.27379,5.07066,49.99,0625:46:05,1,08
21:10:56,0.13674,221.20,0.40162,12.1556,35.49436,3.27379,5.07066,49.99,0625:46:07,1,08
21:10:57,0.13394,221.20,0.40046,11.87007,34.6606,3.27379,5.07066,49.99,0625:46:08,1,08
21:10:58,0.1348,221.30,0.39927,11.91086,34.77971,3.27379,5.07066,49.97,0625:46:09,1,08
21:10:59,0.13547,221.30,0.39891,11.96525,34.93852,3.27379,5.07066,49.99,0625:46:10,1,08
21:11:02,0.13529,221.40,0.39927,11.96525,34.93852,3.27379,5.07066,49.96,0625:46:13,1,08
21:11:03,0.13419,221.50,0.39616,11.77489,34.38269,3.27379,5.07066,49.97,0625:46:14,1,08
21:11:05,0.1348,221.30,0.39754,11.87007,34.6606,3.27379,5.07066,49.96,0625:46:16,1,08
21:11:06,0.13492,221.40,0.39763,11.88367,34.70031,3.27379,5.07066,49.96,0625:46:17,1,08
21:11:08,0.13541,221.40,0.39574,11.87007,34.6606,3.27379,5.07077,49.96,0625:46:19,1,08
21:11:10,0.13535,221.50,0.39891,11.96525,34.93852,3.27379,5.07077,49.96,0625:46:21,1,08
21:11:11,0.13572,221.40,0.39647,11.92446,34.81942,3.27379,5.07077,49.95,0625:46:22,1,08
21:11:13,0.13553,221.40,0.39493,11.85647,34.6209,3.27389,5.07077,49.95,0625:46:24,1,08
21:11:15,0.1348,221.50,0.39754,11.87007,34.6606,3.27389,5.07077,49.95,0625:46:26,1,08
21:11:16,0.13431,221.50,0.39863,11.87007,34.6606,3.27389,5.07077,49.95,0625:46:27,1,08
21:11:18,0.13492,221.40,0.39809,11.89726,34.74001,3.27389,5.07077,49.96,0625:46:29,1,08
21:11:22,0.13608,221.10,0.39431,11.87007,34.6606,3.27389,5.07077,49.96,0625:46:33,1,08
21:11:23,0.13668,221.20,0.39802,12.04683,35.17673,3.27389,5.07077,49.94,0625:46:34,1,08
21:11:25,0.13746,221.30,0.4008,12.19639,35.61347,3.27389,5.07077,49.95,0625:46:36,1,08
21:11:26,0.13722,221.30,0.40107,12.1828,35.57377,3.27389,5.07077,49.95,0625:46:37,1,08
21:11:27,0.13547,221.50,0.39629,11.89726,34.74001,3.27389,5.07077,49.95,0625:46:38,1,08
21:11:29,0.13461,221.40,0.39963,11.91086,34.77971,3.27389,5.07087,49.95,0625:46:40,1,08
21:11:30,0.13461,221.40,0.39918,11.89726,34.74001,3.27389,5.07087,49.95,0625:46:41,1,08
21:11:32,0.1348,221.20,0.39654,11.82928,34.5415,3.27389,5.07087,49.96,0625:46:43,1,08
21:11:33,0.13492,221.40,0.39763,11.88367,34.70031,3.27389,5.07087,49.95,0625:46:44,1,08
21:11:34,0.1348,221.50,0.39809,11.89726,34.74001,3.27389,5.07087,49.95,0625:46:45,1,08
21:11:36,0.13461,221.50,0.3979,11.87007,34.6606,3.27389,5.07087,49.97,0625:46:47,1,08
21:11:38,0.13474,221.50,0.398,11.88367,34.70031,3.27389,5.07087,49.95,0625:46:49,1,08
21:11:39,0.1348,221.50,0.398,11.88367,34.70031,3.27389,5.07087,49.96,0625:46:50,1,08
21:11:40,0.13517,221.40,0.39737,11.89726,34.74001,3.27389,5.07087,49.96,0625:46:51,1,08
21:11:41,0.13461,221.30,0.3969,11.82928,34.5415,3.27389,5.07087,49.95,0625:46:52,1,08
21:11:43,0.13541,221.30,0.39564,11.85647,34.6209,3.27399,5.07087,49.95,0625:46:54,1,08
21:11:44,0.13572,221.00,0.39538,11.87007,34.6606,3.27399,5.07087,49.95,0625:46:55,1,08
21:11:45,0.13553,221.20,0.39574,11.87007,34.6606,3.27399,5.07087,49.96,0625:46:56,1,08
21:11:46,0.13535,221.20,0.39555,11.84288,34.5812,3.27399,5.07087,49.96,0625:46:57,1,08
21:11:48,0.13474,221.00,0.39918,11.89726,34.74001,3.27399,5.07097,49.96,0625:46:59,1,08
21:11:50,0.13443,221.00,0.40027,11.89726,34.74001,3.27399,5.07097,49.96,0625:47:01,1,08
21:11:51,0.13437,221.10,0.39707,11.80208,34.46209,3.27399,5.07097,49.96,0625:47:02,1,08
21:11:52,0.13492,221.10,0.39663,11.84288,34.5812,3.27399,5.07097,49.96,0625:47:03,1,08
21:11:54,0.13455,221.20,0.39863,11.87007,34.6606,3.27399,5.07097,49.96,0625:47:05,1,08
21:11:55,0.13474,221.20,0.39836,11.88367,34.70031,3.27399,5.07097,49.96,0625:47:06,1,08
21:11:57,0.13541,221.10,0.3961,11.87007,34.6606,3.27399,5.07097,49.96,0625:47:08,1,08
21:11:59,0.13535,221.10,0.39737,11.89726,34.74001,3.27399,5.07097,49.96,0625:47:10,1,08
21:12:00,0.13517,221.10,0.39809,11.89726,34.74001,3.27399,5.07097,49.96,0625:47:11,1,08
21:12:01,0.13443,221.00,0.39707,11.80208,34.46209,3.27399,5.07097,49.96,0625:47:12,1,08
21:12:06,0.13486,221.00,0.3969,11.82928,34.5415,3.27399,5.07097,49.97,0625:47:17,1,08
21:12:09,0.13547,221.10,0.39655,11.88367,34.70031,3.27399,5.07107,49.96,0625:47:20,1,08
21:12:12,0.13498,220.90,0.39836,11.88367,34.70031,3.27409,5.07107,49.97,0625:47:24,1,08
21:12:13,0.13443,220.90,0.39835,11.82928,34.5415,3.27409,5.07107,49.99,0625:47:24,1,08
21:12:14,0.13455,220.90,0.39717,11.81568,34.50179,3.27409,5.07107,49.99,0625:47:25,1,08
21:12:15,0.13529,221.00,0.39682,11.87007,34.6606,3.27409,5.07107,49.97,0625:47:26,1,08
21:12:17,0.13565,221.00,0.39619,11.88367,34.70031,3.27409,5.07107,49.97,0625:47:28,1,08
21:12:18,0.13565,220.90,0.39619,11.88367,34.70031,3.27409,5.07107,49.97,0625:47:30,1,08
21:12:19,0.13468,221.10,0.39827,11.87007,34.6606,3.27409,5.07107,49.97,0625:47:30,1,08
21:12:22,0.13541,221.10,0.39655,11.88367,34.70031,3.27409,5.07107,49.97,0625:47:32,1,08
21:12:23,0.13565,221.10,0.39629,11.89726,34.74001,3.27409,5.07107,49.97,0625:47:33,1,08
21:12:25,0.13511,221.10,0.39718,11.87007,34.6606,3.27409,5.07107,49.97,0625:47:36,1,08
21:12:27,0.13729,220.80,0.39776,12.06043,35.21645,3.27409,5.07107,49.97,0625:47:37,1,08
21:12:28,0.1362,220.90,0.39837,11.99244,35.01793,3.27409,5.07107,49.97,0625:47:38,1,08
21:12:29,0.13474,220.90,0.3968,11.81568,34.50179,3.27409,5.07118,49.97,0625:47:39,1,08
21:12:32,0.13486,220.80,0.39817,11.85647,34.6209,3.27409,5.07118,49.97,0625:47:42,1,08
21:12:33,0.13529,220.80,0.39718,11.87007,34.6606,3.27409,5.07118,49.97,0625:47:43,1,08
21:12:34,0.13547,220.70,0.39591,11.84288,34.5812,3.27409,5.07118,49.96,0625:47:44,1,08
21:12:37,0.13541,220.60,0.39718,11.87007,34.6606,3.27409,5.07118,49.96,0625:47:48,1,08
21:12:38,0.13474,220.60,0.39936,11.87007,34.6606,3.27409,5.07118,49.96,0625:47:48,1,08
21:12:40,0.13541,220.60,0.39809,11.89726,34.74001,3.27409,5.07118,49.96,0625:47:50,1,08
21:12:42,0.13608,220.60,0.39447,11.84288,34.5812,3.27409,5.07118,49.97,0625:47:53,1,08
21:12:43,0.13559,220.50,0.39636,11.85647,34.6209,3.27419,5.07118,49.96,0625:47:54,1,08
21:12:44,0.13474,220.50,0.3989,11.85647,34.6209,3.27419,5.07118,49.96,0625:47:54,1,08
21:12:45,0.13529,220.60,0.398,11.88367,34.70031,3.27419,5.07118,49.96,0625:47:55,1,08
21:12:46,0.13504,220.70,0.39699,11.84288,34.5812,3.27419,5.07118,49.97,0625:47:57,1,08
21:12:47,0.13572,220.70,0.39564,11.85647,34.6209,3.27419,5.07118,49.97,0625:47:58,1,08
21:12:48,0.13541,220.60,0.39718,11.87007,34.6606,3.27419,5.07118,49.97,0625:47:59,1,08
21:12:49,0.13595,220.60,0.39619,11.88367,34.70031,3.27419,5.07128,49.97,0625:48:00,1,08
21:12:50,0.13595,220.60,0.39619,11.88367,34.70031,3.27419,5.07128,49.97,0625:48:00,1,08
21:12:52,0.13644,220.50,0.39431,11.87007,34.6606,3.27419,5.07128,49.97,0625:48:03,1,08
21:12:54,0.13577,220.30,0.39545,11.82928,34.5415,3.27419,5.07128,49.96,0625:48:05,1,08
21:12:55,0.13584,220.30,0.39646,11.87007,34.6606,3.27419,5.07128,49.99,0625:48:06,1,08
21:12:56,0.13584,220.30,0.39646,11.87007,34.6606,3.27419,5.07128,49.99,0625:48:06,1,08
21:12:57,0.13535,220.30,0.39699,11.84288,34.5812,3.27419,5.07128,49.99,0625:48:08,1,08
21:13:04,0.13565,220.40,0.39682,11.87007,34.6606,3.27419,5.07128,49.99,0625:48:15,1,08
21:13:05,0.13553,220.50,0.39682,11.87007,34.6606,3.27419,5.07128,50.00,0625:48:16,1,08
21:13:07,0.13511,220.50,0.39827,11.87007,34.6606,3.27419,5.07128,49.99,0625:48:18,1,08
21:13:09,0.13626,220.50,0.39774,11.95165,34.89882,3.27419,5.07128,49.99,0625:48:20,1,08
21:13:11,0.13577,220.70,0.39837,11.93806,34.85912,3.27419,5.07138,50.00,0625:48:22,1,08
21:13:14,0.13608,220.70,0.39502,11.87007,34.6606,3.27429,5.07138,50.01,0625:48:25,1,08
21:13:17,0.13553,220.60,0.39682,11.87007,34.6606,3.27429,5.07138,50.00,0625:48:28,1,08
21:13:18,0.13559,220.60,0.396,11.85647,34.6209,3.27429,5.07138,50.00,0625:48:29,1,08
21:13:20,0.13541,220.60,0.39581,11.82928,34.5415,3.27429,5.07138,50.00,0625:48:31,1,08
21:13:21,0.13584,220.50,0.39383,11.80208,34.46209,3.27429,5.07138,50.00,0625:48:32,1,08
21:13:22,0.13602,220.50,0.39529,11.85647,34.6209,3.27429,5.07138,50.00,0625:48:33,1,08
21:13:24,0.13584,220.50,0.39564,11.85647,34.6209,3.27429,5.07138,49.99,0625:48:35,1,08
21:13:25,0.13602,220.60,0.39538,11.87007,34.6606,3.27429,5.07138,50.00,0625:48:36,1,08
21:13:26,0.13602,220.60,0.39538,11.87007,34.6606,3.27429,5.07138,50.00,0625:48:37,1,08
21:13:29,0.13662,220.60,0.39856,12.01964,35.09734,3.27429,5.07138,49.99,0625:48:40,1,08
21:13:30,0.13668,220.60,0.39811,12.00604,35.05763,3.27429,5.07148,49.99,0625:48:41,1,08
21:13:32,0.1359,220.40,0.39655,11.88367,34.70031,3.27429,5.07148,49.99,0625:48:43,1,08
21:13:33,0.13572,220.40,0.39555,11.84288,34.5812,3.27429,5.07148,50.00,0625:48:44,1,08
21:13:34,0.13517,220.20,0.39817,11.85647,34.6209,3.27429,5.07148,50.00,0625:48:45,1,08
21:13:40,0.13443,220.40,0.39862,11.81568,34.50179,3.27429,5.07148,49.97,0625:48:51,1,08
21:13:41,0.13455,220.50,0.39734,11.78849,34.42239,3.27429,5.07148,49.99,0625:48:52,1,08
21:13:42,0.13455,220.50,0.39973,11.87007,34.6606,3.27429,5.07148,49.99,0625:48:53,1,08
21:13:43,0.13468,220.50,0.39844,11.84288,34.5812,3.27429,5.07148,49.99,0625:48:54,1,08
21:13:44,0.13449,220.60,0.39973,11.87007,34.6606,3.27439,5.07148,49.99,0625:48:55,1,08
21:13:45,0.13468,220.60,0.39799,11.82928,34.5415,3.27439,5.07148,49.99,0625:48:56,1,08
21:13:47,0.1348,220.60,0.39945,11.88367,34.70031,3.27439,5.07148,50.00,0625:48:58,1,08
21:13:48,0.13449,220.70,0.40064,11.89726,34.74001,3.27439,5.07148,50.00,0625:48:59,1,08
21:13:49,0.13614,220.70,0.39683,11.92446,34.81942,3.27439,5.07148,49.99,0625:49:00,1,08
21:13:50,0.13559,220.70,0.39691,11.88367,34.70031,3.27439,5.07158,49.99,0625:49:01,1,08
21:13:52,0.13522,220.70,0.39709,11.85647,34.6209,3.27439,5.07158,49.97,0625:49:03,1,08
21:13:53,0.13529,220.80,0.39672,11.85647,34.6209,3.27439,5.07158,49.99,0625:49:04,1,08
21:13:54,0.13535,220.80,0.39727,11.88367,34.70031,3.27439,5.07158,49.99,0625:49:05,1,08
21:13:55,0.13498,220.80,0.39872,11.88367,34.70031,3.27439,5.07158,49.99,0625:49:06,1,08
21:13:57,0.13517,220.60,0.3979,11.87007,34.6606,3.27439,5.07158,49.99,0625:49:08,1,08
21:14:00,0.13547,220.80,0.39555,11.84288,34.5812,3.27439,5.07158,49.97,0625:49:11,1,08
21:14:03,0.13468,220.90,0.39854,11.85647,34.6209,3.27439,5.07158,49.96,0625:49:14,1,08
21:14:04,0.13522,220.80,0.39718,11.87007,34.6606,3.27439,5.07158,49.96,0625:49:15,1,08
21:14:06,0.13474,221.00,0.39863,11.87007,34.6606,3.27439,5.07158,49.96,0625:49:17,1,08
21:14:09,0.13449,221.10,0.39534,11.7613,34.34298,3.27439,5.07158,49.97,0625:49:20,1,08
21:14:10,0.13504,221.00,0.39709,11.85647,34.6209,3.27439,5.07169,49.97,0625:49:21,1,08
21:14:12,0.13407,221.10,0.4,11.85647,34.6209,3.27439,5.07169,49.96,0625:49:23,1,08
21:14:15,0.13486,221.10,0.3979,11.87007,34.6606,3.27449,5.07169,49.96,0625:49:25,1,08
21:14:16,0.13412,221.10,0.39963,11.85647,34.6209,3.27449,5.07169,49.97,0625:49:26,1,08
21:14:18,0.13461,221.00,0.39909,11.88367,34.70031,3.27449,5.07169,49.97,0625:49:28,1,08
21:14:19,0.1348,220.90,0.39589,11.78849,34.42239,3.27449,5.07169,49.97,0625:49:30,1,08
21:14:24,0.13425,221.20,0.39936,11.87007,34.6606,3.27449,5.07169,49.97,0625:49:34,1,08
21:14:25,0.13461,221.20,0.39827,11.87007,34.6606,3.27449,5.07169,49.97,0625:49:36,1,08
21:14:26,0.13437,221.30,0.39899,11.87007,34.6606,3.27449,5.07169,49.97,0625:49:36,1,08
21:14:28,0.13449,221.20,0.39909,11.88367,34.70031,3.27449,5.07169,49.97,0625:49:38,1,08
21:14:29,0.13437,221.20,0.39808,11.84288,34.5812,3.27449,5.07169,49.97,0625:49:39,1,08
21:14:31,0.13443,221.30,0.39854,11.85647,34.6209,3.27449,5.07179,49.99,0625:49:42,1,08
21:14:32,0.13412,221.20,0.39881,11.84288,34.5812,3.27449,5.07179,49.99,0625:49:42,1,08
21:14:34,0.13535,221.50,0.40073,12.01964,35.09734,3.27449,5.07179,49.97,0625:49:44,1,08
21:14:35,0.13522,221.40,0.39564,11.85647,34.6209,3.27449,5.07179,49.97,0625:49:45,1,08
21:14:36,0.13449,221.50,0.39781,11.85647,34.6209,3.27449,5.07179,49.99,0625:49:47,1,08
21:14:38,0.13455,221.40,0.39872,11.88367,34.70031,3.27449,5.07179,49.99,0625:49:48,1,08
21:14:40,0.13517,221.20,0.39682,11.87007,34.6606,3.27449,5.07179,49.99,0625:49:50,1,08
21:14:41,0.13412,221.10,0.39551,11.7341,34.26358,3.27449,5.07179,49.99,0625:49:52,1,08
21:14:43,0.13443,221.10,0.39854,11.85647,34.6209,3.27449,5.07179,49.97,0625:49:54,1,08
21:14:45,0.13455,221.10,0.39817,11.85647,34.6209,3.27459,5.07179,49.97,0625:49:55,1,08
21:14:47,0.134,221.20,0.39954,11.84288,34.5812,3.27459,5.07179,49.99,0625:49:58,1,08
21:14:48,0.134,221.30,0.40055,11.88367,34.70031,3.27459,5.07179,49.97,0625:49:59,1,08
21:14:50,0.134,221.30,0.40009,11.87007,34.6606,3.27459,5.07179,49.99,0625:50:00,1,08
21:14:51,0.13363,221.40,0.40165,11.88367,34.70031,3.27459,5.07179,49.99,0625:50:01,1,08
21:14:52,0.13369,221.40,0.40037,11.85647,34.6209,3.27459,5.07189,49.99,0625:50:03,1,08
21:14:53,0.13345,221.40,0.39972,11.81568,34.50179,3.27459,5.07189,50.00,0625:50:04,1,08
21:14:55,0.13443,221.30,0.39817,11.85647,34.6209,3.27459,5.07189,50.00,0625:50:05,1,08
21:14:57,0.13425,221.40,0.3989,11.85647,34.6209,3.27459,5.07189,49.99,0625:50:08,1,08
21:14:58,0.13381,221.30,0.39954,11.84288,34.5812,3.27459,5.07189,50.00,0625:50:09,1,08
21:15:00,0.134,221.20,0.4,11.85647,34.6209,3.27459,5.07189,50.00,0625:50:11,1,08
21:15:02,0.13394,221.20,0.39954,11.84288,34.5812,3.27459,5.07189,50.00,0625:50:12,1,08
21:15:03,0.13419,221.20,0.39927,11.85647,34.6209,3.27459,5.07189,50.00,0625:50:14,1,08
21:15:04,0.13449,221.20,0.39772,11.84288,34.5812,3.27459,5.07189,50.01,0625:50:15,1,08
21:15:05,0.13431,221.20,0.39936,11.87007,34.6606,3.27459,5.07189,50.00,0625:50:16,1,08
21:15:06,0.13449,221.30,0.39863,11.87007,34.6606,3.27459,5.07189,50.00,0625:50:17,1,08
21:15:09,0.13443,221.30,0.39726,11.82928,34.5415,3.27459,5.07189,50.00,0625:50:20,1,08
21:15:10,0.13455,220.90,0.39717,11.81568,34.50179,3.27459,5.07189,50.00,0625:50:21,1,08
21:15:11,0.13504,221.00,0.39982,11.93806,34.85912,3.27459,5.07189,50.01,0625:50:22,1,08
21:15:12,0.13486,221.00,0.3979,11.87007,34.6606,3.27459,5.07199,50.01,0625:50:23,1,08
21:15:13,0.13486,221.00,0.3979,11.87007,34.6606,3.27459,5.07199,50.01,0625:50:23,1,08
21:15:14,0.1348,221.10,0.39699,11.84288,34.5812,3.27459,5.07199,50.00,0625:50:25,1,08
21:15:15,0.13394,221.20,0.4,11.85647,34.6209,3.27469,5.07199,50.01,0625:50:26,1,08
21:15:18,0.13486,221.20,0.40201,11.99244,35.01793,3.27469,5.07199,50.01,0625:50:29,1,08
21:15:19,0.13486,221.20,0.40201,11.99244,35.01793,3.27469,5.07199,50.01,0625:50:30,1,08
21:15:22,0.13295,221.30,0.40296,11.85647,34.6209,3.27469,5.07199,50.01,0625:50:33,1,08
21:15:25,0.13332,221.40,0.40147,11.85647,34.6209,3.27469,5.07199,50.01,0625:50:36,1,08
21:15:26,0.13314,221.50,0.40184,11.85647,34.6209,3.27469,5.07199,50.01,0625:50:37,1,08
21:15:29,0.13314,221.40,0.40175,11.84288,34.5812,3.27469,5.07199,50.01,0625:50:40,1,08
21:15:31,0.13345,221.50,0.40074,11.85647,34.6209,3.27469,5.07199,50.01,0625:50:42,1,08
21:15:32,0.1332,221.40,0.40184,11.85647,34.6209,3.27469,5.07209,50.01,0625:50:43,1,08
21:15:34,0.13314,221.50,0.40138,11.84288,34.5812,3.27469,5.07209,50.01,0625:50:45,1,08
21:15:35,0.13474,221.60,0.40264,12.03323,35.13704,3.27469,5.07209,50.00,0625:50:46,1,08
21:15:37,0.13314,221.60,0.40147,11.85647,34.6209,3.27469,5.07209,50.01,0625:50:48,1,08
21:15:39,0.13283,221.60,0.40212,11.84288,34.5812,3.27469,5.07209,50.01,0625:50:50,1,08
21:15:40,0.13288,221.50,0.40259,11.85647,34.6209,3.27469,5.07209,50.01,0625:50:51,1,08
21:15:44,0.1332,221.60,0.40193,11.87007,34.6606,3.27469,5.07209,50.01,0625:50:55,1,08
21:15:45,0.13338,221.60,0.40119,11.87007,34.6606,3.27479,5.07209,49.99,0625:50:56,1,08
21:15:48,0.13351,221.50,0.3989,11.80208,34.46209,3.27479,5.07209,50.00,0625:50:59,1,08
21:15:49,0.1332,221.40,0.39954,11.78849,34.42239,3.27479,5.07209,49.99,0625:51:00,1,08
21:15:51,0.1332,221.30,0.40138,11.84288,34.5812,3.27479,5.07209,49.99,0625:51:02,1,08
21:15:52,0.1332,221.30,0.40138,11.84288,34.5812,3.27479,5.07219,49.99,0625:51:03,1,08
21:15:53,0.13376,221.40,0.40037,11.85647,34.6209,3.27479,5.07219,49.97,0625:51:04,1,08
21:15:54,0.13338,221.40,0.4011,11.85647,34.6209,3.27479,5.07219,49.97,0625:51:05,1,08
21:15:56,0.13381,221.30,0.39954,11.84288,34.5812,3.27479,5.07219,49.96,0625:51:07,1,08
21:15:57,0.13332,221.10,0.40184,11.85647,34.6209,3.27479,5.07219,49.97,0625:51:08,1,08
21:15:58,0.1332,221.00,0.40351,11.88367,34.70031,3.27479,5.07219,49.97,0625:51:09,1,08
21:15:59,0.13351,221.10,0.40147,11.85647,34.6209,3.27479,5.07219,49.96,0625:51:10,1,08
21:16:03,0.13338,221.00,0.40138,11.84288,34.5812,3.27479,5.07219,49.97,0625:51:14,1,08
21:16:04,0.13307,221.00,0.4025,11.84288,34.5812,3.27479,5.07219,49.97,0625:51:15,1,08
21:16:05,0.13326,221.10,0.40314,11.88367,34.70031,3.27479,5.07219,49.97,0625:51:16,1,08
21:16:06,0.13332,221.20,0.4023,11.87007,34.6606,3.27479,5.07219,49.97,0625:51:17,1,08
21:16:07,0.13251,221.30,0.40454,11.87007,34.6606,3.27479,5.07219,49.97,0625:51:18,1,08
21:16:08,0.13338,221.20,0.40239,11.88367,34.70031,3.27479,5.07219,49.97,0625:51:19,1,08
21:16:09,0.13251,221.20,0.40445,11.85647,34.6209,3.27479,5.07219,49.97,0625:51:20,1,08
21:16:10,0.13283,221.10,0.39917,11.7341,34.26358,3.27479,5.07219,49.97,0625:51:21,1,08
21:16:13,0.15549,221.30,0.44076,15.17411,44.3084,3.27479,5.07229,49.97,0625:51:23,1,08
21:16:16,0.21726,221.40,0.51271,24.67832,72.06071,3.27489,5.07229,49.97,0625:51:26,1,08
21:16:18,0.24304,221.40,0.525,28.2679,82.54227,3.27489,5.07229,49.97,0625:51:28,1,08
21:16:19,0.24223,221.40,0.52154,27.98236,81.7085,3.27489,5.07229,49.97,0625:51:29,1,08
21:16:20,0.24181,221.30,0.52362,28.03675,81.86732,3.27489,5.07229,49.99,0625:51:30,1,08
21:16:22,0.24277,221.30,0.52023,27.96877,81.6688,3.27489,5.07229,49.97,0625:51:32,1,08
21:16:23,0.24412,221.20,0.5234,28.28149,82.58196,3.27489,5.07229,49.97,0625:51:33,1,08
21:16:24,0.25073,221.20,0.52107,28.92055,84.448,3.27489,5.07229,49.97,0625:51:34,1,08
21:16:25,0.2655,221.30,0.52243,30.71533,89.68877,3.27489,5.07229,49.97,0625:51:36,1,08
21:16:26,0.26985,221.30,0.52525,31.39518,91.67393,3.27489,5.07229,49.97,0625:51:36,1,08
21:16:27,0.26822,221.30,0.52471,31.17763,91.03867,3.27489,5.07229,49.97,0625:51:37,1,08
21:16:28,0.26714,221.40,0.52618,31.15043,90.95927,3.27499,5.07239,49.97,0625:51:38,1,08
21:16:29,0.26899,221.40,0.52851,31.50395,91.99154,3.27499,5.07239,49.97,0625:51:39,1,08
21:16:32,0.26924,221.40,0.52621,31.39518,91.67393,3.27499,5.07239,49.97,0625:51:42,1,08
21:16:33,0.26788,221.40,0.52886,31.39518,91.67393,3.27499,5.07239,49.97,0625:51:43,1,08
21:16:34,0.26693,221.40,0.53264,31.50395,91.99154,3.27499,5.07239,49.97,0625:51:44,1,08
21:16:35,0.26671,221.40,0.53313,31.50395,91.99154,3.27499,5.07239,49.97,0625:51:45,1,08
21:16:36,0.26758,221.40,0.53141,31.51755,92.03124,3.27499,5.07239,49.99,0625:51:47,1,08
21:16:37,0.26797,221.50,0.53136,31.55834,92.15036,3.27499,5.07239,49.99,0625:51:47,1,08
21:16:39,0.271,221.30,0.53238,31.96624,93.34143,3.27509,5.07239,49.97,0625:51:49,1,08
21:16:40,0.27122,221.40,0.53214,31.96624,93.34143,3.27509,5.07239,49.96,0625:51:50,1,08
21:16:41,0.27018,221.40,0.53294,31.89826,93.14294,3.27509,5.0725,49.96,0625:51:51,1,08
21:16:42,0.26975,221.50,0.53297,31.87107,93.06352,3.27509,5.0725,49.97,0625:51:53,1,08
21:16:44,0.26978,221.40,0.52866,31.59913,92.26947,3.27509,5.0725,49.99,0625:51:54,1,08
21:16:45,0.27,221.30,0.52707,31.50395,91.99154,3.27509,5.0725,49.99,0625:51:55,1,08
21:16:46,0.27116,221.40,0.52694,31.65352,92.42827,3.27509,5.0725,50.00,0625:51:56,1,08
21:16:48,0.27089,221.50,0.52446,31.49035,91.95184,3.27509,5.0725,49.99,0625:51:59,1,08
21:16:49,0.27089,221.50,0.52446,31.49035,91.95184,3.27509,5.0725,49.99,0625:51:59,1,08
21:16:50,0.26816,221.60,0.5231,31.09605,90.80047,3.27509,5.0725,49.97,0625:52:00,1,08
21:16:51,0.26939,221.50,0.523,31.23201,91.19748,3.27519,5.0725,49.97,0625:52:01,1,08
21:16:53,0.26942,221.50,0.52231,31.19122,91.07838,3.27519,5.0725,49.99,0625:52:04,1,08
21:16:54,0.27097,221.50,0.52559,31.55834,92.15036,3.27519,5.0726,49.99,0625:52:05,1,08
21:16:58,0.27,221.50,0.52364,31.3272,91.47542,3.27519,5.0726,49.96,0625:52:09,1,08
21:17:00,0.27034,221.50,0.52564,31.50395,91.99154,3.27519,5.0726,49.97,0625:52:11,1,08
21:17:01,0.27034,221.50,0.52564,31.50395,91.99154,3.27519,5.0726,49.97,0625:52:11,1,08
21:17:03,0.27155,221.60,0.52686,31.7351,92.66649,3.2753,5.0726,49.97,0625:52:14,1,08
21:17:04,0.27491,221.70,0.5272,32.1566,93.89729,3.2753,5.0726,49.97,0625:52:15,1,08
21:17:11,0.27104,221.70,0.52601,31.62633,92.34888,3.2753,5.0727,49.97,0625:52:22,1,08
21:17:15,0.27601,221.50,0.52356,32.03423,93.53996,3.2754,5.0727,49.96,0625:52:26,1,08
21:17:16,0.27589,221.60,0.52579,32.1566,93.89729,3.2754,5.0727,49.96,0625:52:27,1,08
21:17:17,0.27439,221.60,0.52146,31.7215,92.62679,3.2754,5.0727,49.97,0625:52:28,1,08
21:17:18,0.27364,221.40,0.51951,31.50395,91.99154,3.2754,5.0727,49.97,0625:52:29,1,08
21:17:19,0.27364,221.40,0.51951,31.50395,91.99154,3.2754,5.0728,49.97,0625:52:29,1,08
21:17:20,0.27469,221.20,0.52057,31.65352,92.42827,3.2754,5.0728,49.97,0625:52:31,1,08
21:17:21,0.27362,221.20,0.5211,31.57194,92.19006,3.2754,5.0728,49.97,0625:52:32,1,08
21:17:22,0.27454,221.30,0.51968,31.59913,92.26947,3.2754,5.0728,49.97,0625:52:33,1,08
21:17:23,0.275,221.30,0.5192,31.62633,92.34888,3.2754,5.0728,49.97,0625:52:34,1,08
21:17:24,0.2752,221.30,0.52053,31.7215,92.62679,3.2754,5.0728,49.97,0625:52:35,1,08
21:17:28,0.27565,220.90,0.51786,31.54474,92.11065,3.2755,5.0728,49.96,0625:52:39,1,08
21:17:29,0.27646,220.90,0.51802,31.66712,92.46799,3.2755,5.0728,49.96,0625:52:40,1,08
21:17:30,0.27493,220.90,0.52058,31.63992,92.38858,3.2755,5.0728,49.96,0625:52:41,1,08
21:17:32,0.27382,221.10,0.52267,31.66712,92.46799,3.2755,5.07291,49.96,0625:52:43,1,08
21:17:33,0.2756,221.20,0.52184,31.84388,92.98412,3.2755,5.07291,49.96,0625:52:44,1,08
21:17:34,0.2752,221.20,0.52232,31.81668,92.90472,3.2755,5.07291,49.96,0625:52:45,1,08
21:17:36,0.2728,221.10,0.5241,31.63992,92.38858,3.2756,5.07291,49.95,0625:52:47,1,08
21:17:39,0.277,221.00,0.5202,31.87107,93.06352,3.2756,5.07291,49.96,0625:52:50,1,08
21:17:40,0.27703,221.10,0.5193,31.83028,92.94441,3.2756,5.07291,49.96,0625:52:51,1,08
21:17:41,0.27765,221.20,0.5208,32.00703,93.46054,3.2756,5.07291,49.96,0625:52:52,1,08
21:17:42,0.27706,221.40,0.51883,31.84388,92.98412,3.2756,5.07291,49.96,0625:52:53,1,08
21:17:49,0.27685,221.20,0.5182,31.7487,92.70619,3.2757,5.07301,49.96,0625:53:00,1,08
21:17:50,0.27721,221.20,0.5175,31.76229,92.7459,3.2757,5.07301,49.96,0625:53:01,1,08
21:17:51,0.27508,221.30,0.51942,31.63992,92.38858,3.2757,5.07301,49.96,0625:53:02,1,08
21:17:52,0.2767,221.30,0.5173,31.7079,92.58708,3.2757,5.07301,49.96,0625:53:03,1,08
21:17:54,0.16427,221.10,0.44203,16.0715,46.92878,3.2757,5.07301,49.96,0625:53:05,1,08
21:17:55,0.16356,221.10,0.44365,16.05791,46.88909,3.2757,5.07301,49.96,0625:53:06,1,08
21:17:56,0.16422,221.00,0.4412,16.01712,46.76998,3.2757,5.07301,49.96,0625:53:07,1,08
21:17:59,0.16351,220.90,0.44319,16.01712,46.76998,3.2757,5.07311,49.96,0625:53:10,1,08
21:18:01,0.16311,221.00,0.44306,15.97632,46.65087,3.2757,5.07311,49.97,0625:53:12,1,08
21:18:03,0.1623,221.00,0.44583,16.00352,46.73027,3.2757,5.07311,49.97,0625:53:14,1,08
21:18:04,0.16189,221.10,0.44685,16.00352,46.73027,3.2757,5.07311,49.97,0625:53:15,1,08
21:18:06,0.16341,220.90,0.44315,16.00352,46.73027,3.27581,5.07311,49.97,0625:53:17,1,08
21:18:07,0.1625,220.90,0.44285,15.90834,46.45236,3.27581,5.07311,49.99,0625:53:18,1,08
21:18:08,0.16169,220.90,0.44521,15.90834,46.45236,3.27581,5.07311,49.99,0625:53:19,1,08
21:18:09,0.16194,220.90,0.44719,16.00352,46.73027,3.27581,5.07311,49.97,0625:53:20,1,08
21:18:11,0.16437,221.00,0.44278,16.0987,47.0082,3.27581,5.07311,49.97,0625:53:22,1,08
21:18:15,0.19389,221.10,0.45086,19.33475,56.45747,3.27581,5.07311,49.99,0625:53:25,1,08
21:18:16,0.20227,221.00,0.45623,20.40891,59.59401,3.27581,5.07321,49.99,0625:53:26,1,08
21:18:17,0.20402,220.90,0.45748,20.62645,60.22924,3.27581,5.07321,49.99,0625:53:27,1,08
21:18:18,0.21277,220.80,0.47715,22.43484,65.50974,3.27581,5.07321,49.99,0625:53:28,1,08
21:18:21,0.18661,220.80,0.46867,19.32116,56.41777,3.27581,5.07321,49.97,0625:53:31,1,08
21:18:22,0.18563,221.00,0.46918,19.25317,56.21926,3.27581,5.07321,49.99,0625:53:32,1,08
21:18:23,0.18443,221.00,0.47233,19.26677,56.25896,3.27581,5.07321,49.99,0625:53:33,1,08
21:18:24,0.18448,221.10,0.46969,19.17159,55.98104,3.27581,5.07321,49.97,0625:53:34,1,08
21:18:25,0.18421,221.10,0.47029,19.15799,55.94134,3.27581,5.07321,49.97,0625:53:35,1,08
21:18:27,0.18461,221.10,0.46937,19.17159,55.98104,3.27591,5.07321,49.97,0625:53:37,1,08
21:18:28,0.18191,221.00,0.4689,18.85886,55.06787,3.27591,5.07321,49.97,0625:53:38,1,08
21:18:29,0.18443,220.90,0.47131,19.21238,56.10015,3.27591,5.07321,49.97,0625:53:39,1,08
21:18:31,0.18546,220.90,0.4695,19.25317,56.21926,3.27591,5.07321,49.96,0625:53:41,1,08
21:18:32,0.18586,221.00,0.47024,19.33475,56.45747,3.27591,5.07321,49.96,0625:53:42,1,08
21:18:33,0.18604,221.20,0.46995,19.34835,56.49717,3.27591,5.07331,49.96,0625:53:43,1,08
21:18:36,0.18371,221.60,0.47063,19.17159,55.98104,3.27591,5.07331,49.96,0625:53:46,1,08
21:18:39,0.18322,221.50,0.47153,19.1444,55.90164,3.27591,5.07331,49.96,0625:53:49,1,08
21:18:41,0.18407,221.60,0.47002,19.18519,56.02074,3.27591,5.07331,49.96,0625:53:51,1,08
21:18:44,0.18376,221.70,0.46898,19.1172,55.82223,3.27591,5.07331,49.97,0625:53:54,1,08
21:18:45,0.18497,221.70,0.47117,19.33475,56.45747,3.27601,5.07331,49.97,0625:53:55,1,08
21:18:48,0.18299,221.60,0.47286,19.18519,56.02074,3.27601,5.07331,49.97,0625:53:58,1,08
21:18:49,0.18267,221.60,0.46946,19.02202,55.54431,3.27601,5.07331,49.97,0625:53:59,1,08
21:18:51,0.18502,222.00,0.46989,19.30756,56.37807,3.27601,5.07342,49.96,0625:54:01,1,08
21:18:52,0.18336,222.10,0.46996,19.1444,55.90164,3.27601,5.07342,49.97,0625:54:02,1,08
21:18:54,0.18309,222.00,0.47057,19.1308,55.86194,3.27601,5.07342,49.96,0625:54:04,1,08
21:18:56,0.18582,222.00,0.46739,19.29396,56.33837,3.27601,5.07342,49.97,0625:54:06,1,08
21:18:57,0.18336,221.80,0.47128,19.18519,56.02074,3.27601,5.07342,49.97,0625:54:07,1,08
21:18:59,0.18479,221.80,0.46684,19.1444,55.90164,3.27601,5.07342,49.96,0625:54:10,1,08
21:19:00,0.18479,221.80,0.46684,19.1444,55.90164,3.27601,5.07342,49.96,0625:54:10,1,08
21:19:01,0.1847,221.70,0.46682,19.1308,55.86194,3.27601,5.07342,49.96,0625:54:11,1,08
21:19:02,0.18349,221.90,0.47163,19.21238,56.10015,3.27601,5.07342,49.96,0625:54:12,1,08
21:19:03,0.18385,221.90,0.47202,19.26677,56.25896,3.27611,5.07342,49.96,0625:54:13,1,08
21:19:04,0.18434,222.00,0.47012,19.25317,56.21926,3.27611,5.07342,49.97,0625:54:15,1,08
21:19:05,0.18492,221.90,0.46854,19.23957,56.17955,3.27611,5.07342,49.96,0625:54:16,1,08
21:19:06,0.18492,221.90,0.46854,19.23957,56.17955,3.27611,5.07342,49.96,0625:54:16,1,08
21:19:09,0.18417,221.60,0.46969,19.17159,55.98104,3.27611,5.07352,49.97,0625:54:20,1,08
21:19:11,0.18657,221.60,0.46811,19.36195,56.53689,3.27611,5.07352,49.97,0625:54:22,1,08
21:19:13,0.18466,221.70,0.46813,19.17159,55.98104,3.27611,5.07352,49.97,0625:54:23,1,08
21:19:15,0.18492,221.60,0.4685,19.21238,56.10015,3.27611,5.07352,49.99,0625:54:26,1,08
21:19:16,0.18403,221.60,0.47033,19.18519,56.02074,3.27611,5.07352,49.99,0625:54:27,1,08
21:19:20,0.18502,221.40,0.46715,19.1444,55.90164,3.27611,5.07352,49.99,0625:54:31,1,08
21:19:23,0.18277,221.60,0.47181,19.1172,55.82223,3.27621,5.07352,49.99,0625:54:33,1,08
21:19:24,0.18331,221.60,0.47324,19.23957,56.17955,3.27621,5.07362,49.99,0625:54:34,1,08
21:19:25,0.18417,221.70,0.47137,19.25317,56.21926,3.27621,5.07362,50.00,0625:54:36,1,08
21:19:27,0.1829,221.50,0.47183,19.1308,55.86194,3.27621,5.07362,50.00,0625:54:38,1,08
21:19:28,0.18209,221.40,0.4737,19.10361,55.78253,3.27621,5.07362,50.00,0625:54:39,1,08
21:19:29,0.18232,221.40,0.47475,19.17159,55.98104,3.27621,5.07362,50.00,0625:54:39,1,08
21:19:31,0.18349,221.60,0.47393,19.28037,56.29867,3.27621,5.07362,50.00,0625:54:42,1,08
21:19:34,0.18267,221.60,0.47314,19.15799,55.94134,3.27621,5.07362,50.00,0625:54:45,1,08
21:19:36,0.18218,221.70,0.47409,19.15799,55.94134,3.27621,5.07362,50.00,0625:54:47,1,08
21:19:39,0.18264,221.80,0.4755,19.26677,56.25896,3.27621,5.07362,50.01,0625:54:50,1,08
21:19:40,0.18336,221.70,0.47426,19.29396,56.33837,3.27631,5.07372,50.01,0625:54:51,1,08
21:19:41,0.18164,221.80,0.47571,19.17159,55.98104,3.27631,5.07372,50.01,0625:54:51,1,08
21:19:42,0.1815,221.80,0.47502,19.1308,55.86194,3.27631,5.07372,50.03,0625:54:53,1,08
21:19:43,0.18214,221.80,0.47411,19.17159,55.98104,3.27631,5.07372,50.04,0625:54:54,1,08
21:19:44,0.182,221.70,0.47508,19.18519,56.02074,3.27631,5.07372,50.04,0625:54:55,1,08
21:19:45,0.1825,221.80,0.4728,19.1444,55.90164,3.27631,5.07372,50.04,0625:54:56,1,08
21:19:47,0.18353,221.60,0.47694,19.40274,56.65599,3.27631,5.07372,50.01,0625:54:58,1,08
21:19:48,0.18349,221.60,0.4766,19.38914,56.61629,3.27631,5.07372,50.01,0625:54:59,1,08
21:19:49,0.1824,221.60,0.47411,19.17159,55.98104,3.27631,5.07372,50.03,0625:55:00,1,08
21:19:50,0.18299,221.50,0.47218,19.15799,55.94134,3.27631,5.07372,50.03,0625:55:01,1,08
21:19:51,0.1824,221.60,0.47413,19.18519,56.02074,3.27631,5.07372,50.01,0625:55:02,1,08
21:19:52,0.18286,221.60,0.47451,19.23957,56.17955,3.27631,5.07372,50.01,0625:55:03,1,08
21:19:54,0.18282,221.60,0.47451,19.23957,56.17955,3.27631,5.07372,50.03,0625:55:05,1,08
21:19:55,0.18344,221.70,0.47027,19.1444,55.90164,3.27631,5.07372,50.01,0625:55:06,1,08
21:19:59,0.18394,221.70,0.47267,19.28037,56.29867,3.27641,5.07382,50.01,0625:55:10,1,08
21:20:01,0.18272,221.80,0.47317,19.18519,56.02074,3.27641,5.07382,50.00,0625:55:12,1,08
21:20:04,0.1815,221.80,0.4767,19.19878,56.06044,3.27641,5.07382,50.00,0625:55:15,1,08
21:20:08,0.18173,221.60,0.47301,19.06281,55.66342,3.27641,5.07382,49.99,0625:55:19,1,08
21:20:10,0.18295,221.70,0.47252,19.17159,55.98104,3.27641,5.07382,49.99,0625:55:21,1,08
21:20:13,0.18398,221.90,0.47636,19.45712,56.8148,3.27641,5.07382,49.96,0625:55:23,1,08
21:20:15,0.18497,222.10,0.47421,19.49791,56.93391,3.27641,5.07393,49.97,0625:55:25,1,08
21:20:16,0.18586,222.10,0.47136,19.47072,56.8545,3.27641,5.07393,49.99,0625:55:26,1,08
21:20:17,0.18434,222.00,0.47344,19.38914,56.61629,3.27641,5.07393,49.99,0625:55:27,1,08
21:20:18,0.18412,221.90,0.47472,19.40274,56.65599,3.27641,5.07393,49.97,0625:55:28,1,08
21:20:20,0.18439,221.80,0.47176,19.30756,56.37807,3.27651,5.07393,49.97,0625:55:30,1,08
21:20:24,0.18417,221.90,0.47438,19.38914,56.61629,3.27651,5.07393,49.97,0625:55:34,1,08
21:20:25,0.1847,221.90,0.47347,19.41633,56.69569,3.27651,5.07393,49.97,0625:55:35,1,08
21:20:27,0.18502,221.90,0.4745,19.48432,56.89421,3.27651,5.07393,49.96,0625:55:37,1,08
21:20:28,0.18488,221.80,0.47647,19.5523,57.09272,3.27651,5.07393,49.97,0625:55:38,1,08
21:20:30,0.18403,221.70,0.47102,19.22598,56.13985,3.27651,5.07393,49.97,0625:55:40,1,08
21:20:35,0.18502,221.90,0.47253,19.41633,56.69569,3.27651,5.07403,49.97,0625:55:45,1,08
21:20:36,0.18532,221.90,0.47422,19.51151,56.97362,3.27651,5.07403,49.96,0625:55:46,1,08
21:20:37,0.1847,221.90,0.4758,19.51151,56.97362,3.27661,5.07403,49.96,0625:55:47,1,08
21:20:38,0.18466,221.80,0.47611,19.51151,56.97362,3.27661,5.07403,49.96,0625:55:48,1,08
21:20:40,0.18736,221.60,0.46693,19.38914,56.61629,3.27661,5.07403,49.96,0625:55:50,1,08
21:20:41,0.18736,221.60,0.46693,19.38914,56.61629,3.27661,5.07403,49.96,0625:55:51,1,08
21:20:42,0.1867,221.60,0.46945,19.42993,56.7354,3.27661,5.07403,49.96,0625:55:52,1,08
21:20:44,0.18635,221.70,0.4714,19.49791,56.93391,3.27661,5.07403,49.97,0625:55:54,1,08
21:20:45,0.18546,221.80,0.47226,19.44353,56.7751,3.27661,5.07403,49.97,0625:55:55,1,08
21:20:47,0.18439,221.90,0.47475,19.42993,56.7354,3.27661,5.07403,49.96,0625:55:57,1,08
21:20:48,0.18439,221.90,0.47377,19.40274,56.65599,3.27661,5.07403,49.97,0625:55:58,1,08
21:20:51,0.18577,222.00,0.47594,19.63388,57.33094,3.27661,5.07413,49.97,0625:56:01,1,08
21:20:54,0.18394,222.10,0.47472,19.40274,56.65599,3.27661,5.07413,49.97,0625:56:04,1,08
21:20:56,0.18502,221.90,0.47518,19.52511,57.01332,3.27671,5.07413,49.97,0625:56:06,1,08
21:20:57,0.18488,221.90,0.47515,19.49791,56.93391,3.27671,5.07413,49.97,0625:56:07,1,08
21:20:58,0.18403,221.80,0.47537,19.41633,56.69569,3.27671,5.07413,49.96,0625:56:09,1,08
21:20:59,0.18403,221.80,0.47537,19.41633,56.69569,3.27671,5.07413,49.96,0625:56:09,1,08
21:21:02,0.18448,221.80,0.47641,19.49791,56.93391,3.27671,5.07413,49.97,0625:56:12,1,08
21:21:03,0.18475,221.90,0.47613,19.52511,57.01332,3.27671,5.07413,49.97,0625:56:13,1,08
21:21:04,0.18528,221.90,0.47191,19.41633,56.69569,3.27671,5.07413,49.97,0625:56:15,1,08
21:21:05,0.18528,221.90,0.47191,19.41633,56.69569,3.27671,5.07413,49.97,0625:56:15,1,08
21:21:06,0.18376,221.90,0.47533,19.38914,56.61629,3.27671,5.07423,49.97,0625:56:16,1,08
21:21:08,0.18421,221.60,0.47603,19.44353,56.7751,3.27671,5.07423,49.97,0625:56:18,1,08
21:21:09,0.18555,221.50,0.47156,19.38914,56.61629,3.27671,5.07423,49.99,0625:56:20,1,08
21:21:11,0.18421,221.50,0.47702,19.47072,56.8545,3.27671,5.07423,49.99,0625:56:21,1,08
21:21:12,0.18191,221.60,0.47438,19.1308,55.86194,3.27671,5.07423,49.97,0625:56:22,1,08
21:21:13,0.18222,221.50,0.47542,19.19878,56.06044,3.27671,5.07423,49.97,0625:56:23,1,08
21:21:14,0.18222,221.60,0.47409,19.15799,55.94134,3.27681,5.07423,49.97,0625:56:24,1,08
21:21:15,0.18187,221.70,0.4754,19.18519,56.02074,3.27681,5.07423,49.96,0625:56:26,1,08
21:21:17,0.18232,221.70,0.47749,19.32116,56.41777,3.27681,5.07423,49.96,0625:56:27,1,08
21:21:21,0.18109,222.00,0.47735,19.19878,56.06044,3.27681,5.07423,49.96,0625:56:32,1,08
21:21:22,0.18159,222.00,0.47741,19.25317,56.21926,3.27681,5.07423,49.96,0625:56:33,1,08
21:21:23,0.18191,222.10,0.47713,19.29396,56.33837,3.27681,5.07434,49.96,0625:56:33,1,08
21:21:25,0.18068,222.20,0.47833,19.21238,56.10015,3.27681,5.07434,49.97,0625:56:36,1,08
21:21:26,0.18082,222.20,0.47767,19.19878,56.06044,3.27681,5.07434,49.97,0625:56:37,1,08
21:21:27,0.18087,222.10,0.47801,19.21238,56.10015,3.27681,5.07434,49.96,0625:56:38,1,08
21:21:30,0.18114,221.90,0.47803,19.22598,56.13985,3.27681,5.07434,49.97,0625:56:40,1,08
21:21:31,0.18137,221.90,0.47839,19.26677,56.25896,3.27681,5.07434,49.96,0625:56:42,1,08
21:21:34,0.182,221.90,0.47409,19.15799,55.94134,3.27691,5.07434,49.96,0625:56:45,1,08
21:21:36,0.18109,222.00,0.47803,19.22598,56.13985,3.27691,5.07434,49.97,0625:56:46,1,08
21:21:39,0.18264,221.90,0.47653,19.32116,56.41777,3.27691,5.07434,49.99,0625:56:50,1,08
21:21:40,0.1851,221.70,0.46788,19.21238,56.10015,3.27691,5.07444,49.99,0625:56:51,1,08
21:21:41,0.18304,221.80,0.46888,19.04922,55.62371,3.27691,5.07444,49.99,0625:56:51,1,08
21:21:42,0.18425,221.90,0.46875,19.17159,55.98104,3.27691,5.07444,49.97,0625:56:53,1,08
21:21:43,0.18429,221.60,0.46906,19.17159,55.98104,3.27691,5.07444,49.99,0625:56:54,1,08
21:21:44,0.18295,221.90,0.47523,19.30756,56.37807,3.27691,5.07444,49.99,0625:56:55,1,08
21:21:45,0.18182,222.10,0.47645,19.25317,56.21926,3.27691,5.07444,49.99,0625:56:56,1,08
21:21:52,0.18254,222.20,0.4752,19.28037,56.29867,3.27701,5.07444,49.97,0625:57:03,1,08
21:21:53,0.18475,222.10,0.47219,19.38914,56.61629,3.27701,5.07444,50.00,0625:57:04,1,08
21:21:58,0.16184,221.70,0.43371,15.56842,45.45979,3.27701,5.07454,49.97,0625:57:09,1,08
21:21:59,0.1547,221.70,0.42195,14.48067,42.28356,3.27701,5.07454,49.99,0625:57:10,1,08
21:22:01,0.14084,221.70,0.40949,12.79466,37.3604,3.27701,5.07454,49.97,0625:57:12,1,08
21:22:02,0.14079,221.70,0.40984,12.79466,37.3604,3.27701,5.07454,49.97,0625:57:13,1,08
21:22:06,0.13996,221.70,0.41243,12.80825,37.4001,3.27701,5.07454,49.99,0625:57:17,1,08
21:22:08,0.13985,221.60,0.41316,12.80825,37.4001,3.27701,5.07454,49.97,0625:57:18,1,08
21:22:09,0.14084,221.40,0.4102,12.79466,37.3604,3.27701,5.07454,49.97,0625:57:19,1,08
21:22:11,0.13967,221.30,0.41161,12.72667,37.16188,3.27701,5.07454,49.97,0625:57:21,1,08
21:22:12,0.14143,221.30,0.41573,13.01221,37.99565,3.27701,5.07454,49.96,0625:57:22,1,08
21:22:13,0.14003,221.30,0.41228,12.78106,37.32069,3.27701,5.07454,49.96,0625:57:23,1,08
21:22:16,0.13967,221.70,0.41308,12.79466,37.3604,3.27701,5.07454,49.97,0625:57:26,1,08
21:22:17,0.13967,221.70,0.41308,12.79466,37.3604,3.27711,5.07454,49.97,0625:57:27,1,08
21:22:19,0.14049,221.90,0.41107,12.82185,37.4398,3.27711,5.07464,49.96,0625:57:29,1,08
21:22:22,0.13931,221.90,0.41337,12.78106,37.32069,3.27711,5.07464,49.96,0625:57:32,1,08
21:22:24,0.14014,221.90,0.40865,12.71308,37.12218,3.27711,5.07464,49.96,0625:57:34,1,08
21:22:26,0.13955,221.90,0.41352,12.80825,37.4001,3.27711,5.07464,49.96,0625:57:36,1,08
21:22:27,0.14014,221.90,0.41215,12.82185,37.4398,3.27711,5.07464,49.96,0625:57:37,1,08
21:22:28,0.14049,221.90,0.40976,12.78106,37.32069,3.27711,5.07464,49.97,0625:57:38,1,08
21:22:30,0.13955,221.90,0.41308,12.79466,37.3604,3.27711,5.07464,49.96,0625:57:40,1,08
21:22:31,0.13991,221.90,0.41243,12.80825,37.4001,3.27711,5.07464,49.96,0625:57:41,1,08
21:22:33,0.14079,222.00,0.41,12.82185,37.4398,3.27711,5.07464,49.97,0625:57:43,1,08
21:22:35,0.14008,222.00,0.41215,12.82185,37.4398,3.27711,5.07464,49.97,0625:57:45,1,08
21:22:36,0.14056,221.90,0.41028,12.80825,37.4001,3.27711,5.07464,49.97,0625:57:46,1,08
21:22:37,0.13955,221.80,0.41308,12.79466,37.3604,3.27711,5.07474,49.97,0625:57:47,1,08
21:22:39,0.14079,221.80,0.40949,12.79466,37.3604,3.27711,5.07474,49.97,0625:57:49,1,08
21:22:42,0.13949,221.70,0.41344,12.79466,37.3604,3.27711,5.07474,50.00,0625:57:52,1,08
21:22:46,0.13937,222.00,0.41344,12.79466,37.3604,3.27721,5.07474,49.99,0625:57:56,1,08
21:22:47,0.13937,222.00,0.41344,12.79466,37.3604,3.27721,5.07474,49.99,0625:57:57,1,08
21:22:52,0.13967,221.90,0.41272,12.79466,37.3604,3.27721,5.07474,49.99,0625:58:02,1,08
21:22:54,0.14014,221.90,0.41128,12.79466,37.3604,3.27721,5.07474,50.00,0625:58:04,1,08
21:22:55,0.1392,221.90,0.41417,12.79466,37.3604,3.27721,5.07474,50.00,0625:58:05,1,08
21:22:56,0.14044,221.90,0.415,12.94422,37.79713,3.27721,5.07474,49.99,0625:58:06,1,08
21:22:57,0.14155,221.80,0.41385,12.99861,37.95594,3.27721,5.07484,49.99,0625:58:07,1,08
21:22:58,0.13996,221.80,0.41112,12.76746,37.28099,3.27721,5.07484,50.01,0625:58:08,1,08
21:22:59,0.13996,221.80,0.41112,12.76746,37.28099,3.27721,5.07484,50.01,0625:58:09,1,08
21:23:00,0.13955,221.70,0.41169,12.74027,37.20158,3.27721,5.07484,50.00,0625:58:10,1,08
21:23:04,0.13949,221.80,0.41301,12.78106,37.32069,3.27721,5.07484,50.00,0625:58:15,1,08
21:23:05,0.13949,221.80,0.41301,12.78106,37.32069,3.27721,5.07484,50.00,0625:58:15,1,08
21:23:07,0.14096,220.40,0.40989,12.74027,37.20158,3.27721,5.07484,50.00,0625:58:17,1,08
21:23:10,0.13991,220.40,0.41446,12.78106,37.32069,3.27721,5.07484,50.00,0625:58:21,1,08
21:23:12,0.14114,220.50,0.41135,12.80825,37.4001,3.27721,5.07484,50.00,0625:58:22,1,08
21:23:16,0.14003,220.40,0.41366,12.76746,37.28099,3.27731,5.07494,50.00,0625:58:27,1,08
21:23:17,0.14014,220.40,0.41373,12.78106,37.32069,3.27731,5.07494,50.00,0625:58:27,1,08
21:23:18,0.14096,220.40,0.41076,12.76746,37.28099,3.27731,5.07494,50.00,0625:58:28,1,08
21:23:19,0.14037,220.40,0.41344,12.79466,37.3604,3.27731,5.07494,50.00,0625:58:29,1,08
21:23:20,0.13955,220.30,0.41512,12.76746,37.28099,3.27731,5.07494,50.01,0625:58:30,1,08
21:23:22,0.13985,220.20,0.41439,12.76746,37.28099,3.27731,5.07494,50.00,0625:58:33,1,08
21:23:23,0.13996,220.20,0.41446,12.78106,37.32069,3.27731,5.07494,50.00,0625:58:33,1,08
21:23:25,0.13878,220.10,0.4177,12.76746,37.28099,3.27731,5.07494,50.01,0625:58:35,1,08
21:23:26,0.13937,220.10,0.41667,12.78106,37.32069,3.27731,5.07494,50.01,0625:58:37,1,08
21:23:27,0.13931,220.10,0.41578,12.75387,37.24129,3.27731,5.07494,50.03,0625:58:38,1,08
21:23:29,0.13914,220.30,0.41622,12.76746,37.28099,3.27731,5.07494,50.03,0625:58:39,1,08
21:23:32,0.14003,220.40,0.41366,12.76746,37.28099,3.27731,5.07494,50.03,0625:58:43,1,08
21:23:41,0.13914,221.00,0.41512,12.76746,37.28099,3.27742,5.07504,50.01,0625:58:51,1,08
21:23:42,0.14008,220.90,0.41176,12.75387,37.24129,3.27742,5.07504,50.01,0625:58:52,1,08
21:23:46,0.13937,220.80,0.41608,12.80825,37.4001,3.27742,5.07504,50.00,0625:58:57,1,08
21:23:47,0.13985,220.80,0.41373,12.78106,37.32069,3.27742,5.07504,50.00,0625:58:57,1,08
21:23:50,0.1392,221.00,0.41652,12.82185,37.4398,3.27742,5.07504,49.99,0625:59:01,1,08
21:23:52,0.13955,221.00,0.41454,12.79466,37.3604,3.27742,5.07504,49.99,0625:59:03,1,08
21:23:54,0.13878,221.00,0.41755,12.80825,37.4001,3.27742,5.07504,50.00,0625:59:05,1,08
21:23:56,0.1389,220.90,0.41364,12.69948,37.08248,3.27742,5.07504,49.99,0625:59:07,1,08
21:23:57,0.13943,220.80,0.41439,12.76746,37.28099,3.27742,5.07515,49.97,0625:59:08,1,08
21:24:01,0.13926,221.00,0.41475,12.76746,37.28099,3.27742,5.07515,49.97,0625:59:12,1,08
21:24:02,0.13955,221.00,0.41454,12.79466,37.3604,3.27742,5.07515,49.97,0625:59:13,1,08
21:24:03,0.13908,220.90,0.41556,12.78106,37.32069,3.27742,5.07515,49.96,0625:59:14,1,08
21:24:05,0.13955,220.90,0.41446,12.78106,37.32069,3.27742,5.07515,49.96,0625:59:15,1,08
21:24:06,0.13902,220.90,0.41593,12.78106,37.32069,3.27742,5.07515,49.96,0625:59:16,1,08
21:24:07,0.13979,220.60,0.4141,12.78106,37.32069,3.27742,5.07515,49.96,0625:59:17,1,08
21:24:09,0.13931,220.70,0.41158,12.65869,36.96337,3.27742,5.07515,49.95,0625:59:19,1,08
21:24:10,0.14003,220.40,0.41366,12.76746,37.28099,3.27752,5.07515,49.96,0625:59:20,1,08
21:24:11,0.14014,220.30,0.41637,12.86264,37.55891,3.27752,5.07515,49.96,0625:59:21,1,08
21:24:13,0.13931,220.40,0.41593,12.78106,37.32069,3.27752,5.07515,49.96,0625:59:23,1,08
21:24:14,0.13818,220.40,0.41882,12.76746,37.28099,3.27752,5.07515,49.96,0625:59:24,1,08
21:24:17,0.13926,220.50,0.41637,12.79466,37.3604,3.27752,5.07515,49.96,0625:59:27,1,08
21:24:18,0.13849,220.50,0.41415,12.65869,36.96337,3.27752,5.07525,49.97,0625:59:28,1,08
21:24:19,0.13849,220.50,0.41415,12.65869,36.96337,3.27752,5.07525,49.97,0625:59:29,1,08
21:24:20,0.1392,220.40,0.41674,12.79466,37.3604,3.27752,5.07525,49.96,0625:59:30,1,08
21:24:21,0.13943,220.40,0.41556,12.78106,37.32069,3.27752,5.07525,49.96,0625:59:31,1,08
21:24:22,0.14026,220.60,0.41308,12.79466,37.3604,3.27752,5.07525,49.96,0625:59:32,1,08
21:24:23,0.14032,220.60,0.41308,12.79466,37.3604,3.27752,5.07525,49.96,0625:59:33,1,08
21:24:24,0.14014,220.70,0.41388,12.80825,37.4001,3.27752,5.07525,49.97,0625:59:34,1,08
21:24:25,0.14014,220.70,0.41388,12.80825,37.4001,3.27752,5.07525,49.97,0625:59:35,1,08
21:24:27,0.14126,220.70,0.4102,12.79466,37.3604,3.27752,5.07525,49.96,0625:59:37,1,08
21:24:29,0.14044,220.70,0.40965,12.69948,37.08248,3.27752,5.07525,49.97,0625:59:39,1,08
21:24:30,0.14084,220.80,0.41084,12.78106,37.32069,3.27752,5.07525,49.96,0625:59:40,1,08
21:24:32,0.14091,220.80,0.41048,12.78106,37.32069,3.27752,5.07525,49.97,0625:59:42,1,08
21:24:33,0.14114,220.90,0.40976,12.78106,37.32069,3.27752,5.07525,49.97,0625:59:43,1,08
21:24:35,0.14096,220.90,0.41048,12.78106,37.32069,3.27752,5.07525,49.97,0625:59:45,1,08
21:24:36,0.14103,220.80,0.40969,12.76746,37.28099,3.27752,5.07525,49.97,0625:59:46,1,08
21:24:41,0.14184,220.90,0.40807,12.79466,37.3604,3.27762,5.07535,49.99,0625:59:51,1,08
21:24:42,0.14096,221.00,0.41056,12.79466,37.3604,3.27762,5.07535,50.00,0625:59:52,1,08
21:24:44,0.14056,221.00,0.41164,12.79466,37.3604,3.27762,5.07535,49.99,0625:59:54,1,08
21:24:46,0.14149,221.10,0.4066,12.72667,37.16188,3.27762,5.07535,50.00,0625:59:56,1,08
21:24:51,0.14143,221.00,0.4087,12.78106,37.32069,3.27762,5.07535,49.99,0626:00:01,1,08
21:24:52,0.14084,221.10,0.41012,12.78106,37.32069,3.27762,5.07535,50.01,0626:00:02,1,08
21:24:53,0.14079,221.10,0.40969,12.76746,37.28099,3.27762,5.07535,50.01,0626:00:03,1,08
21:24:56,0.14219,221.10,0.40622,12.78106,37.32069,3.27762,5.07535,50.01,0626:00:06,1,08
21:24:58,0.14126,221.30,0.4087,12.78106,37.32069,3.27762,5.07545,50.03,0626:00:08,1,08
21:24:59,0.14096,221.20,0.40976,12.78106,37.32069,3.27762,5.07545,50.03,0626:00:09,1,08
21:25:01,0.14131,221.30,0.40783,12.75387,37.24129,3.27762,5.07545,50.01,0626:00:11,1,08
21:25:02,0.14248,221.10,0.4107,12.94422,37.79713,3.27762,5.07545,50.03,0626:00:12,1,08
21:25:04,0.14114,221.10,0.40897,12.76746,37.28099,3.27762,5.07545,50.03,0626:00:14,1,08
21:25:06,0.14131,220.80,0.40897,12.76746,37.28099,3.27772,5.07545,50.03,0626:00:17,1,08
21:25:07,0.14079,220.80,0.41084,12.78106,37.32069,3.27772,5.07545,50.03,0626:00:17,1,08
21:25:09,0.14091,220.70,0.40996,12.75387,37.24129,3.27772,5.07545,50.03,0626:00:19,1,08
21:25:10,0.14195,220.80,0.4085,12.80825,37.4001,3.27772,5.07545,50.01,0626:00:20,1,08
21:25:11,0.14271,220.80,0.40725,12.83545,37.4795,3.27772,5.07545,50.01,0626:00:21,1,08
21:25:13,0.1412,220.70,0.40969,12.76746,37.28099,3.27772,5.07545,50.01,0626:00:23,1,08
21:25:14,0.14172,220.60,0.41095,12.86264,37.55891,3.27772,5.07545,50.00,0626:00:24,1,08
21:25:17,0.14061,220.70,0.40981,12.72667,37.16188,3.27772,5.07555,49.97,0626:00:28,1,08
21:25:18,0.14056,220.80,0.40981,12.72667,37.16188,3.27772,5.07555,49.97,0626:00:29,1,08
21:25:19,0.14126,220.80,0.40897,12.76746,37.28099,3.27772,5.07555,49.97,0626:00:29,1,08
21:25:20,0.14172,220.90,0.40755,12.76746,37.28099,3.27772,5.07555,50.00,0626:00:30,1,08
21:25:22,0.14084,221.00,0.41004,12.76746,37.28099,3.27772,5.07555,49.99,0626:00:32,1,08
21:25:23,0.14061,221.00,0.41084,12.78106,37.32069,3.27772,5.07555,49.99,0626:00:34,1,08
21:25:24,0.14073,221.00,0.40996,12.75387,37.24129,3.27772,5.07555,49.99,0626:00:35,1,08
21:25:25,0.14195,220.90,0.40685,12.76746,37.28099,3.27772,5.07555,49.99,0626:00:35,1,08
21:25:26,0.14143,220.90,0.40862,12.76746,37.28099,3.27772,5.07555,50.00,0626:00:36,1,08
21:25:27,0.14155,220.80,0.40826,12.76746,37.28099,3.27772,5.07555,50.00,0626:00:37,1,08
21:25:29,0.14149,220.70,0.40862,12.76746,37.28099,3.27772,5.07555,49.99,0626:00:40,1,08
21:25:30,0.14283,220.60,0.40552,12.78106,37.32069,3.27772,5.07555,49.99,0626:00:41,1,08
21:25:32,0.14143,220.60,0.40897,12.76746,37.28099,3.27772,5.07555,49.99,0626:00:42,1,08
21:25:33,0.14137,220.70,0.40984,12.79466,37.3604,3.27772,5.07555,49.99,0626:00:43,1,08
21:25:42,0.1416,220.80,0.40826,12.76746,37.28099,3.27782,5.07565,49.97,0626:00:53,1,08
21:25:43,0.14184,220.80,0.40799,12.78106,37.32069,3.27782,5.07565,49.97,0626:00:53,1,08
21:25:44,0.14172,220.80,0.40747,12.75387,37.24129,3.27782,5.07565,49.97,0626:00:54,1,08
21:25:48,0.14108,220.80,0.41012,12.78106,37.32069,3.27782,5.07565,49.97,0626:00:59,1,08
21:25:49,0.14143,220.70,0.40862,12.76746,37.28099,3.27782,5.07565,49.99,0626:00:59,1,08
21:25:50,0.1416,220.70,0.40826,12.76746,37.28099,3.27782,5.07565,49.99,0626:01:01,1,08
21:25:53,0.14184,220.80,0.40842,12.79466,37.3604,3.27782,5.07565,49.97,0626:01:04,1,08
21:25:54,0.14253,220.90,0.4063,12.79466,37.3604,3.27782,5.07565,49.97,0626:01:05,1,08
21:25:55,0.14253,221.00,0.40509,12.76746,37.28099,3.27782,5.07565,49.99,0626:01:05,1,08
21:25:56,0.14202,220.80,0.40641,12.75387,37.24129,3.27782,5.07576,49.99,0626:01:07,1,08
21:25:57,0.14131,220.70,0.40679,12.69948,37.08248,3.27782,5.07576,49.97,0626:01:08,1,08
21:25:59,0.14236,220.70,0.4109,12.91703,37.71773,3.27782,5.07576,49.97,0626:01:09,1,08
21:26:02,0.1416,220.60,0.4087,12.78106,37.32069,3.27782,5.07576,49.99,0626:01:12,1,08
21:26:03,0.14073,220.60,0.41112,12.76746,37.28099,3.27782,5.07576,49.99,0626:01:13,1,08
21:26:04,0.14084,220.50,0.41076,12.76746,37.28099,3.27792,5.07576,49.97,0626:01:14,1,08
21:26:06,0.14271,220.60,0.41019,12.91703,37.71773,3.27792,5.07576,49.97,0626:01:16,1,08
21:26:08,0.14044,220.60,0.41228,12.78106,37.32069,3.27792,5.07576,49.99,0626:01:18,1,08
21:26:09,0.14084,220.60,0.4112,12.78106,37.32069,3.27792,5.07576,49.99,0626:01:19,1,08
21:26:10,0.14137,220.80,0.41028,12.80825,37.4001,3.27792,5.07576,49.97,0626:01:20,1,08
21:26:11,0.14061,220.80,0.41025,12.74027,37.20158,3.27792,5.07576,49.97,0626:01:21,1,08
21:26:12,0.14137,220.60,0.40941,12.78106,37.32069,3.27792,5.07576,49.99,0626:01:22,1,08
21:26:13,0.1419,220.50,0.40877,12.79466,37.3604,3.27792,5.07576,49.99,0626:01:23,1,08
21:26:14,0.1419,220.50,0.40877,12.79466,37.3604,3.27792,5.07576,49.96,0626:01:24,1,08
21:26:16,0.14167,220.50,0.40905,12.78106,37.32069,3.27792,5.07576,49.99,0626:01:26,1,08
21:26:23,0.14178,220.50,0.40826,12.76746,37.28099,3.27792,5.07586,50.00,0626:01:33,1,08
21:26:24,0.1426,220.50,0.40579,12.76746,37.28099,3.27792,5.07586,49.99,0626:01:34,1,08
21:26:27,0.14149,220.60,0.40862,12.76746,37.28099,3.27792,5.07586,49.99,0626:01:37,1,08
21:26:29,0.14155,220.70,0.40949,12.79466,37.3604,3.27792,5.07586,49.99,0626:01:39,1,08
21:26:31,0.14084,220.90,0.41048,12.78106,37.32069,3.27792,5.07586,50.00,0626:01:41,1,08
21:26:34,0.14137,220.90,0.40949,12.79466,37.3604,3.27803,5.07586,50.01,0626:01:44,1,08
21:26:35,0.14037,220.90,0.4106,12.74027,37.20158,3.27803,5.07586,50.01,0626:01:45,1,08
21:26:36,0.14067,221.00,0.40822,12.69948,37.08248,3.27803,5.07596,50.01,0626:01:46,1,08
21:26:39,0.14108,220.90,0.40889,12.75387,37.24129,3.27803,5.07596,50.01,0626:01:49,1,08
21:26:42,0.13908,221.20,0.41299,12.71308,37.12218,3.27803,5.07596,50.03,0626:01:52,1,08
21:26:43,0.13872,221.00,0.41578,12.75387,37.24129,3.27803,5.07596,50.03,0626:01:53,1,08
21:26:44,0.13872,221.00,0.41578,12.75387,37.24129,3.27803,5.07596,50.01,0626:01:54,1,08
21:26:46,0.13872,221.10,0.41667,12.78106,37.32069,3.27803,5.07596,50.04,0626:01:56,1,08
21:26:47,0.13967,221.10,0.41373,12.78106,37.32069,3.27803,5.07596,50.04,0626:01:57,1,08
21:26:50,0.14067,220.90,0.4112,12.78106,37.32069,3.27803,5.07596,50.04,0626:02:00,1,08
21:26:52,0.13996,220.90,0.41213,12.75387,37.24129,3.27803,5.07596,50.05,0626:02:02,1,08
21:26:54,0.14271,220.50,0.40674,12.80825,37.4001,3.27803,5.07596,50.04,0626:02:04,1,08
21:26:55,0.14114,220.40,0.40873,12.72667,37.16188,3.27803,5.07596,50.04,0626:02:05,1,08
21:26:56,0.14225,220.40,0.40728,12.78106,37.32069,3.27803,5.07606,50.04,0626:02:06,1,08
21:26:59,0.14323,220.40,0.40275,12.72667,37.16188,3.27803,5.07606,50.04,0626:02:09,1,08
21:27:00,0.1423,220.50,0.40598,12.74027,37.20158,3.27803,5.07606,50.04,0626:02:10,1,08
21:27:01,0.14294,220.50,0.40509,12.76746,37.28099,3.27813,5.07606,50.04,0626:02:11,1,08
21:27:03,0.14155,220.40,0.40897,12.76746,37.28099,3.27813,5.07606,50.04,0626:02:13,1,08
21:27:04,0.14213,220.40,0.40633,12.74027,37.20158,3.27813,5.07606,50.05,0626:02:14,1,08
21:27:12,0.14242,220.70,0.4109,12.91703,37.71773,3.27813,5.07606,50.03,0626:02:22,1,08
21:27:13,0.14265,220.60,0.41019,12.91703,37.71773,3.27813,5.07606,50.03,0626:02:24,1,08
21:27:14,0.14329,220.60,0.40929,12.94422,37.79713,3.27813,5.07606,50.03,0626:02:24,1,08
21:27:17,0.14265,220.60,0.41149,12.95782,37.83683,3.27813,5.07616,50.00,0626:02:27,1,08
21:27:18,0.1438,220.70,0.40668,12.91703,37.71773,3.27813,5.07616,50.00,0626:02:29,1,08
21:27:19,0.14386,220.60,0.40625,12.90343,37.67802,3.27813,5.07616,50.00,0626:02:30,1,08
21:27:21,0.14294,220.60,0.40905,12.90343,37.67802,3.27813,5.07616,50.00,0626:02:31,1,08
21:27:22,0.14375,220.40,0.40738,12.91703,37.71773,3.27813,5.07616,50.00,0626:02:32,1,08
21:27:25,0.1423,220.40,0.41075,12.88984,37.63832,3.27813,5.07616,49.99,0626:02:35,1,08
21:27:26,0.143,220.40,0.40733,12.84904,37.51921,3.27813,5.07616,49.99,0626:02:36,1,08
21:27:27,0.14392,220.40,0.40745,12.93063,37.75743,3.27813,5.07616,49.97,0626:02:37,1,08
21:27:28,0.1438,220.50,0.40788,12.94422,37.79713,3.27813,5.07616,49.97,0626:02:38,1,08
21:27:29,0.14409,220.60,0.40719,12.94422,37.79713,3.27823,5.07616,49.96,0626:02:40,1,08
21:27:30,0.14403,220.70,0.40726,12.95782,37.83683,3.27823,5.07616,49.96,0626:02:41,1,08
21:27:31,0.14375,220.90,0.40753,12.94422,37.79713,3.27823,5.07616,49.96,0626:02:42,1,08
21:27:34,0.14403,220.70,0.40419,12.84904,37.51921,3.27823,5.07616,49.95,0626:02:44,1,08
21:27:35,0.14352,220.70,0.40687,12.88984,37.63832,3.27823,5.07626,49.96,0626:02:46,1,08
21:27:38,0.14426,220.80,0.40529,12.91703,37.71773,3.27823,5.07626,49.96,0626:02:48,1,08
21:27:40,0.14352,220.90,0.40703,12.91703,37.71773,3.27823,5.07626,49.96,0626:02:50,1,08
21:27:41,0.14466,220.70,0.40468,12.93063,37.75743,3.27823,5.07626,49.95,0626:02:52,1,08
21:27:43,0.14466,220.60,0.40503,12.93063,37.75743,3.27823,5.07626,49.96,0626:02:54,1,08
21:27:46,0.14306,220.60,0.4087,12.90343,37.67802,3.27823,5.07626,49.96,0626:02:57,1,08
21:27:47,0.14403,220.70,0.40684,12.94422,37.79713,3.27823,5.07626,49.96,0626:02:58,1,08
21:27:49,0.14352,220.80,0.40823,12.94422,37.79713,3.27823,5.07626,49.96,0626:03:00,1,08
21:27:50,0.1438,220.80,0.40711,12.93063,37.75743,3.27823,5.07626,49.96,0626:03:00,1,08
21:27:51,0.14421,220.90,0.40614,12.94422,37.79713,3.27823,5.07626,49.97,0626:03:01,1,08
21:27:55,0.143,220.80,0.40878,12.91703,37.71773,3.27823,5.07636,49.97,0626:03:05,1,08
21:27:57,0.14409,220.80,0.40641,12.93063,37.75743,3.27823,5.07636,49.99,0626:03:06,1,08
21:27:58,0.14346,220.70,0.4073,12.90343,37.67802,3.27833,5.07636,49.99,0626:03:08,1,08
21:28:00,0.14398,220.70,0.40719,12.94422,37.79713,3.27833,5.07636,50.00,0626:03:10,1,08
21:28:01,0.14311,221.30,0.40773,12.91703,37.71773,3.27833,5.07636,50.00,0626:03:11,1,08
21:28:03,0.14311,221.40,0.40738,12.91703,37.71773,3.27833,5.07636,50.01,0626:03:12,1,08
21:28:04,0.14363,221.40,0.40598,12.91703,37.71773,3.27833,5.07636,50.00,0626:03:14,1,08
21:28:05,0.1426,221.30,0.40827,12.88984,37.63832,3.27833,5.07636,50.00,0626:03:15,1,08
21:28:06,0.14334,221.20,0.40738,12.91703,37.71773,3.27833,5.07636,50.03,0626:03:16,1,08
21:28:07,0.14334,221.20,0.40738,12.91703,37.71773,3.27833,5.07636,50.03,0626:03:17,1,08
21:28:08,0.14466,221.20,0.40357,12.91703,37.71773,3.27833,5.07636,50.03,0626:03:18,1,08
21:28:10,0.14202,221.20,0.40571,12.75387,37.24129,3.27833,5.07636,50.01,0626:03:20,1,08
21:28:12,0.14483,221.20,0.40585,13.01221,37.99565,3.27833,5.07636,50.03,0626:03:22,1,08
21:28:13,0.14329,221.30,0.40317,12.79466,37.3604,3.27833,5.07636,50.03,0626:03:23,1,08
21:28:14,0.14329,221.30,0.40317,12.79466,37.3604,3.27833,5.07647,50.05,0626:03:24,1,08
21:28:15,0.14248,221.50,0.40353,12.74027,37.20158,3.27833,5.07647,50.05,0626:03:25,1,08
21:28:16,0.14271,221.50,0.4037,12.76746,37.28099,3.27833,5.07647,50.04,0626:03:26,1,08
21:28:19,0.14172,221.20,0.40633,12.74027,37.20158,3.27833,5.07647,50.04,0626:03:29,1,08
21:28:21,0.14184,221.10,0.40641,12.75387,37.24129,3.27833,5.07647,50.05,0626:03:31,1,08
21:28:25,0.14178,221.00,0.40633,12.74027,37.20158,3.27843,5.07647,50.04,0626:03:35,1,08
21:28:26,0.14178,221.00,0.40633,12.74027,37.20158,3.27843,5.07647,50.03,0626:03:36,1,08
21:28:28,0.1419,221.10,0.40693,12.78106,37.32069,3.27843,5.07647,50.04,0626:03:38,1,08
21:28:31,0.14248,221.40,0.4056,12.79466,37.3604,3.27843,5.07647,50.04,0626:03:41,1,08
21:28:32,0.14248,221.40,0.4056,12.79466,37.3604,3.27843,5.07647,50.04,0626:03:42,1,08
21:28:33,0.1918,221.30,0.49104,20.8576,60.9042,3.27843,5.07657,50.04,0626:03:43,1,08
21:28:34,0.17154,221.40,0.46314,17.59435,51.37551,3.27843,5.07657,50.04,0626:03:44,1,08
21:28:37,0.1726,221.40,0.4591,17.55356,51.25641,3.27843,5.07657,50.03,0626:03:47,1,08
21:28:38,0.1726,221.40,0.4591,17.55356,51.25641,3.27843,5.07657,50.03,0626:03:48,1,08
21:28:39,0.17226,221.50,0.46546,17.77111,51.89165,3.27843,5.07657,50.03,0626:03:49,1,08
21:28:40,0.17087,221.40,0.46408,17.56716,51.2961,3.27843,5.07657,50.04,0626:03:50,1,08
21:28:43,0.16976,221.30,0.46237,17.3768,50.74026,3.27843,5.07657,50.05,0626:03:53,1,08
21:28:48,0.18123,221.60,0.48072,19.32116,56.41777,3.27853,5.07657,50.04,0626:03:58,1,08
21:28:50,0.18635,221.60,0.48783,20.16416,58.87935,3.27853,5.07657,50.05,0626:04:00,1,08
21:28:52,0.18749,221.70,0.48659,20.23215,59.07787,3.27853,5.07667,50.05,0626:04:02,1,08
21:28:54,0.18678,221.70,0.48982,20.28653,59.23668,3.27853,5.07667,50.05,0626:04:04,1,08
21:28:58,0.23281,221.80,0.50921,26.30995,76.82505,3.27853,5.07667,50.05,0626:04:08,1,08
21:28:59,0.2339,221.70,0.50629,26.26916,76.70593,3.27853,5.07667,50.05,0626:04:09,1,08
21:29:00,0.2327,221.60,0.50606,26.11959,76.26921,3.27853,5.07667,50.05,0626:04:10,1,08
21:29:03,0.2327,221.70,0.50738,26.18758,76.46773,3.27863,5.07667,50.04,0626:04:13,1,08
21:29:04,0.23213,221.70,0.50871,26.20117,76.50742,3.27863,5.07667,50.04,0626:04:14,1,08
21:29:05,0.23224,221.80,0.51081,26.33714,76.90446,3.27863,5.07667,50.04,0626:04:15,1,08
21:29:07,0.23074,221.80,0.51168,26.20117,76.50742,3.27863,5.07677,50.05,0626:04:17,1,08
21:29:10,0.23153,221.60,0.51192,26.28275,76.74564,3.27863,5.07677,50.03,0626:04:20,1,08
21:29:11,0.24591,221.70,0.51396,28.03675,81.86732,3.27863,5.07677,50.04,0626:04:21,1,08
21:29:12,0.24838,221.70,0.51603,28.44466,83.0584,3.27863,5.07677,50.04,0626:04:22,1,08
21:29:13,0.25073,221.80,0.5154,28.6758,83.73335,3.27863,5.07677,50.03,0626:04:23,1,08
21:29:14,0.25112,221.70,0.51465,28.66221,83.69365,3.27863,5.07677,50.03,0626:04:24,1,08
21:29:15,0.25221,221.70,0.51531,28.82537,84.17008,3.27863,5.07677,50.03,0626:04:25,1,08
21:29:18,0.25043,221.60,0.51396,28.53983,83.33631,3.27873,5.07677,50.04,0626:04:28,1,08
21:29:19,0.25056,221.60,0.51517,28.62142,83.57454,3.27873,5.07687,50.05,0626:04:30,1,08
21:29:21,0.24848,221.70,0.51677,28.48545,83.1775,3.27873,5.07687,50.03,0626:04:31,1,08
21:29:23,0.25066,221.60,0.51517,28.63501,83.61424,3.27873,5.07687,50.04,0626:04:33,1,08
21:29:26,0.24852,221.50,0.51703,28.48545,83.1775,3.27873,5.07687,50.04,0626:04:36,1,08
21:29:29,0.27616,221.20,0.51824,31.68071,92.50768,3.27884,5.07687,50.04,0626:04:39,1,08
21:29:32,0.27545,221.20,0.51806,31.58554,92.22977,3.27884,5.07687,50.03,0626:04:42,1,08
21:29:33,0.2767,221.20,0.51932,31.80309,92.86501,3.27884,5.07697,50.01,0626:04:43,1,08
21:29:34,0.27748,221.20,0.51926,31.89826,93.14294,3.27884,5.07697,50.01,0626:04:44,1,08
21:29:35,0.27599,221.10,0.5187,31.68071,92.50768,3.27884,5.07697,50.00,0626:04:45,1,08
21:29:36,0.27454,221.10,0.51992,31.58554,92.22977,3.27884,5.07697,50.00,0626:04:47,1,08
21:29:38,0.27439,221.20,0.51948,31.54474,92.11065,3.27884,5.07697,50.01,0626:04:48,1,08
21:29:40,0.27724,221.30,0.51949,31.89826,93.14294,3.27894,5.07697,50.01,0626:04:50,1,08
21:29:42,0.27545,221.20,0.51806,31.59913,92.26947,3.27894,5.07697,50.03,0626:04:53,1,08
21:29:43,0.27697,221.20,0.51996,31.88467,93.10323,3.27894,5.07697,50.00,0626:04:54,1,08
21:29:44,0.27697,221.20,0.51996,31.88467,93.10323,3.27894,5.07697,50.00,0626:04:54,1,08
21:29:47,0.2765,221.50,0.51841,31.77589,92.7856,3.27894,5.07708,50.03,0626:04:58,1,08
21:29:48,0.27503,221.60,0.51918,31.65352,92.42827,3.27894,5.07708,50.03,0626:04:59,1,08
21:29:51,0.2752,221.60,0.51938,31.69431,92.54739,3.27894,5.07708,50.01,0626:05:00,1,08
21:29:53,0.27664,221.70,0.51905,31.85747,93.02383,3.27904,5.07708,50.03,0626:05:03,1,08
21:29:54,0.27685,221.70,0.51948,31.91186,93.18262,3.27904,5.07708,50.01,0626:05:04,1,08
21:29:55,0.27604,221.70,0.51821,31.7351,92.66649,3.27904,5.07708,50.01,0626:05:05,1,08
21:30:00,0.27574,221.40,0.51915,31.7079,92.58708,3.27904,5.07718,50.01,0626:05:10,1,08
21:30:01,0.27508,221.30,0.51896,31.62633,92.34888,3.27904,5.07718,50.01,0626:05:11,1,08
21:30:02,0.27508,221.30,0.51896,31.62633,92.34888,3.27904,5.07718,50.03,0626:05:11,1,08
21:30:03,0.27673,221.40,0.51841,31.77589,92.7856,3.27904,5.07718,50.03,0626:05:12,1,08
21:30:05,0.27866,221.20,0.51763,31.93905,93.26203,3.27914,5.07718,50.04,0626:05:15,1,08
21:30:06,0.27619,221.00,0.51736,31.61273,92.30917,3.27914,5.07718,50.03,0626:05:16,1,08
21:30:08,0.27757,221.10,0.51528,31.63992,92.38858,3.27914,5.07718,50.03,0626:05:17,1,08
21:30:09,0.27857,220.80,0.51679,31.80309,92.86501,3.27914,5.07718,50.03,0626:05:19,1,08
21:30:11,0.2773,220.80,0.51686,31.68071,92.50768,3.27914,5.07729,50.04,0626:05:21,1,08
21:30:14,0.27822,221.00,0.51525,31.7079,92.58708,3.27914,5.07729,50.04,0626:05:23,1,08
21:30:16,0.27616,220.70,0.51806,31.59913,92.26947,3.27924,5.07729,50.04,0626:05:26,1,08
21:30:18,0.28237,221.00,0.5159,32.21099,94.05608,3.27924,5.07729,50.04,0626:05:28,1,08
21:30:19,0.27896,221.10,0.51586,31.84388,92.98412,3.27924,5.07729,50.04,0626:05:29,1,08
21:30:20,0.27896,221.10,0.51586,31.84388,92.98412,3.27924,5.07729,50.03,0626:05:30,1,08
21:30:21,0.27849,221.20,0.5172,31.88467,93.10323,3.27924,5.07729,50.03,0626:05:31,1,08
21:30:25,0.27866,220.60,0.51768,31.85747,93.02383,3.27924,5.07739,50.03,0626:05:35,1,08
21:30:26,0.27866,220.60,0.51768,31.85747,93.02383,3.27924,5.07739,50.03,0626:05:36,1,08
21:30:27,0.18559,221.10,0.45861,18.83167,54.98848,3.27934,5.07739,50.03,0626:05:37,1,08
21:30:29,0.13474,220.50,0.40348,11.99244,35.01793,3.27934,5.07739,50.04,0626:05:39,1,08
21:30:30,0.13425,220.30,0.40211,11.89726,34.74001,3.27934,5.07739,50.04,0626:05:40,1,08
21:30:31,0.13326,220.30,0.40509,11.89726,34.74001,3.27934,5.07739,50.04,0626:05:41,1,08
21:30:32,0.13326,220.30,0.40509,11.89726,34.74001,3.27934,5.07739,50.04,0626:05:42,1,08
21:30:33,0.1332,220.30,0.40463,11.88367,34.70031,3.27934,5.07739,50.04,0626:05:43,1,08
21:30:34,0.13332,220.40,0.40518,11.91086,34.77971,3.27934,5.07739,50.04,0626:05:44,1,08
21:30:35,0.13468,220.40,0.4011,11.91086,34.77971,3.27934,5.07739,50.04,0626:05:45,1,08
21:30:38,0.13301,220.50,0.40547,11.89726,34.74001,3.27934,5.07739,50.04,0626:05:48,1,08
21:30:40,0.13443,220.40,0.40275,11.93806,34.85912,3.27934,5.07739,50.03,0626:05:50,1,08
21:30:41,0.13338,220.50,0.40388,11.88367,34.70031,3.27934,5.07749,50.03,0626:05:51,1,08
21:30:42,0.13388,220.60,0.40193,11.87007,34.6606,3.27934,5.07749,50.04,0626:05:52,1,08
21:30:43,0.13455,220.60,0.40705,12.08762,35.29585,3.27934,5.07749,50.03,0626:05:53,1,08
21:30:44,0.14478,220.60,0.42128,13.4609,39.30584,3.27934,5.07749,50.03,0626:05:54,1,08
21:30:45,0.14877,220.70,0.42632,14.00478,40.89395,3.27934,5.07749,50.03,0626:05:55,1,08
21:30:46,0.17038,220.80,0.47001,17.68953,51.65343,3.27934,5.07749,50.04,0626:05:56,1,08
21:30:47,0.17455,221.00,0.47322,18.2606,53.32095,3.27934,5.07749,50.04,0626:05:57,1,08
21:30:48,0.17516,220.90,0.47331,18.32858,53.51946,3.27934,5.07749,50.03,0626:05:58,1,08
21:30:52,0.17384,221.00,0.47381,18.20621,53.16214,3.27934,5.07749,50.03,0626:06:02,1,08
21:30:53,0.17483,221.00,0.47398,18.32858,53.51946,3.27945,5.07749,50.03,0626:06:03,1,08
21:30:54,0.1754,220.90,0.47335,18.35578,53.59887,3.27945,5.07749,50.04,0626:06:04,1,08
21:30:57,0.17464,220.80,0.47252,18.23341,53.24155,3.27945,5.07749,50.04,0626:06:07,1,08
21:31:02,0.17469,221.00,0.47289,18.2606,53.32095,3.27945,5.07759,50.03,0626:06:12,1,08
21:31:04,0.17436,220.90,0.47248,18.20621,53.16214,3.27945,5.07759,50.04,0626:06:14,1,08
21:31:08,0.1745,221.00,0.47216,18.21981,53.20185,3.27945,5.07759,50.03,0626:06:18,1,08
21:31:09,0.17464,221.00,0.47077,18.17902,53.08273,3.27945,5.07759,50.03,0626:06:19,1,08
21:31:11,0.17624,221.00,0.47209,18.39657,53.71798,3.27945,5.07759,50.03,0626:06:21,1,08
21:31:13,0.17483,221.00,0.47187,18.247,53.28125,3.27955,5.07759,50.01,0626:06:23,1,08
21:31:14,0.17478,221.10,0.46976,18.16542,53.04303,3.27955,5.07759,50.01,0626:06:24,1,08
21:31:15,0.17483,221.10,0.47222,18.2606,53.32095,3.27955,5.07759,50.01,0626:06:25,1,08
21:31:16,0.17535,221.10,0.47267,18.34218,53.55917,3.27955,5.07759,50.03,0626:06:26,1,08
21:31:17,0.17516,221.10,0.47333,18.34218,53.55917,3.27955,5.07769,50.01,0626:06:27,1,08
21:31:22,0.17568,221.10,0.47306,18.38297,53.67828,3.27955,5.07769,50.00,0626:06:32,1,08
21:31:23,0.17549,221.00,0.47267,18.34218,53.55917,3.27955,5.07769,50.00,0626:06:33,1,08
21:31:28,0.17478,220.90,0.47431,18.32858,53.51946,3.27955,5.07769,49.99,0626:06:38,1,08
21:31:29,0.17614,220.90,0.47172,18.36937,53.63857,3.27955,5.07769,50.00,0626:06:39,1,08
21:31:31,0.17497,220.90,0.47468,18.35578,53.59887,3.27955,5.07769,50.01,0626:06:41,1,08
21:31:33,0.17441,220.60,0.47352,18.23341,53.24155,3.27965,5.07769,49.99,0626:06:43,1,08
21:31:34,0.17563,220.50,0.46947,18.19262,53.12244,3.27965,5.07779,49.99,0626:06:44,1,08
21:31:35,0.17464,220.50,0.47212,18.19262,53.12244,3.27965,5.07779,50.00,0626:06:45,1,08
21:31:36,0.17549,220.40,0.47294,18.30139,53.44006,3.27965,5.07779,50.00,0626:06:46,1,08
21:31:37,0.17605,220.40,0.47234,18.34218,53.55917,3.27965,5.07779,50.00,0626:06:48,1,08
21:31:39,0.17549,220.40,0.47084,18.21981,53.20185,3.27965,5.07779,49.99,0626:06:49,1,08
21:31:40,0.17507,220.40,0.47254,18.247,53.28125,3.27965,5.07779,49.99,0626:06:50,1,08
21:31:41,0.17568,220.40,0.47158,18.2742,53.36066,3.27965,5.07779,50.00,0626:06:51,1,08
21:31:44,0.17577,220.30,0.47158,18.2742,53.36066,3.27965,5.07779,49.99,0626:06:55,1,08
21:31:46,0.17577,220.30,0.47158,18.2742,53.36066,3.27965,5.07779,49.99,0626:06:55,1,08
21:31:49,0.17605,220.40,0.46989,18.247,53.28125,3.27965,5.07779,50.00,0626:06:59,1,08
21:31:50,0.17638,220.40,0.47205,18.36937,53.63857,3.27965,5.07779,49.99,0626:07:00,1,08
21:31:54,0.17676,220.60,0.46827,18.2606,53.32095,3.27975,5.07789,49.97,0626:07:03,1,08
21:31:56,0.17629,220.50,0.47168,18.34218,53.55917,3.27975,5.07789,49.99,0626:07:06,1,08
21:31:58,0.17648,220.50,0.47137,18.35578,53.59887,3.27975,5.07789,49.99,0626:07:07,1,08
21:32:01,0.17582,220.50,0.46914,18.19262,53.12244,3.27975,5.07789,50.00,0626:07:11,1,08
21:32:02,0.17587,220.50,0.47022,18.247,53.28125,3.27975,5.07789,50.00,0626:07:12,1,08
21:32:03,0.17694,220.50,0.4704,18.36937,53.63857,3.27975,5.07789,50.00,0626:07:13,1,08
21:32:05,0.17638,220.50,0.47205,18.36937,53.63857,3.27975,5.07789,50.00,0626:07:14,1,08
21:32:06,0.17558,220.50,0.47088,18.247,53.28125,3.27975,5.07789,50.01,0626:07:16,1,08
21:32:11,0.17619,220.50,0.47238,18.36937,53.63857,3.27975,5.07799,50.00,0626:07:21,1,08
21:32:12,0.17718,220.50,0.47114,18.42376,53.79739,3.27985,5.07799,50.01,0626:07:22,1,08
21:32:13,0.17661,220.50,0.46895,18.2742,53.36066,3.27985,5.07799,50.01,0626:07:23,1,08
21:32:15,0.17577,220.60,0.47127,18.28779,53.40036,3.27985,5.07799,50.03,0626:07:25,1,08
21:32:16,0.17577,220.60,0.47127,18.28779,53.40036,3.27985,5.07799,50.03,0626:07:25,1,08
21:32:18,0.17652,220.70,0.46932,18.30139,53.44006,3.27985,5.07799,50.03,0626:07:28,1,08
21:32:19,0.17629,220.70,0.47067,18.32858,53.51946,3.27985,5.07799,50.03,0626:07:29,1,08
21:32:22,0.17549,220.50,0.47191,18.2742,53.36066,3.27985,5.07799,50.04,0626:07:32,1,08
21:32:23,0.17549,220.50,0.47191,18.2742,53.36066,3.27985,5.07799,50.04,0626:07:33,1,08
21:32:24,0.17731,220.50,0.47429,18.55973,54.19442,3.27985,5.07799,50.03,0626:07:34,1,08
21:32:25,0.17768,220.50,0.47224,18.50534,54.0356,3.27985,5.07799,50.03,0626:07:35,1,08
21:32:30,0.17587,220.70,0.46989,18.247,53.28125,3.27985,5.07809,50.03,0626:07:40,1,08
21:32:32,0.17572,220.60,0.47057,18.2606,53.32095,3.27995,5.07809,50.04,0626:07:42,1,08
21:32:33,0.17596,220.60,0.47024,18.2606,53.32095,3.27995,5.07809,50.04,0626:07:43,1,08
21:32:34,0.17596,220.50,0.47269,18.35578,53.59887,3.27995,5.07809,50.04,0626:07:44,1,08
21:32:35,0.17591,220.60,0.47269,18.35578,53.59887,3.27995,5.07809,50.04,0626:07:45,1,08
21:32:36,0.17671,220.70,0.46864,18.28779,53.40036,3.27995,5.07809,50.03,0626:07:46,1,08
21:32:37,0.17633,220.60,0.4689,18.247,53.28125,3.27995,5.07809,50.03,0626:07:47,1,08
21:32:40,0.17643,220.50,0.46858,18.247,53.28125,3.27995,5.07809,50.01,0626:07:50,1,08
21:32:45,0.1746,220.60,0.47248,18.20621,53.16214,3.27995,5.07819,50.01,0626:07:55,1,08
21:32:46,0.17587,220.70,0.47094,18.28779,53.40036,3.27995,5.07819,50.01,0626:07:56,1,08
21:32:50,0.17643,220.50,0.47102,18.34218,53.55917,3.27995,5.07819,50.01,0626:08:00,1,08
21:32:52,0.17736,220.50,0.4663,18.247,53.28125,3.28005,5.07819,50.00,0626:08:02,1,08
21:32:53,0.17656,220.70,0.46932,18.30139,53.44006,3.28005,5.07819,50.00,0626:08:03,1,08
21:32:54,0.17601,220.90,0.46995,18.28779,53.40036,3.28005,5.07819,50.00,0626:08:04,1,08
21:32:55,0.17624,220.90,0.47172,18.36937,53.63857,3.28005,5.07819,49.97,0626:08:05,1,08
21:32:56,0.17596,220.80,0.47203,18.35578,53.59887,3.28005,5.07819,49.97,0626:08:06,1,08
21:32:59,0.17464,220.80,0.47111,18.17902,53.08273,3.28005,5.07819,49.99,0626:08:09,1,08
21:33:03,0.17572,220.70,0.47162,18.30139,53.44006,3.28005,5.07829,49.97,0626:08:13,1,08
21:33:04,0.17619,220.80,0.47172,18.36937,53.63857,3.28005,5.07829,49.97,0626:08:14,1,08
21:33:06,0.17643,220.80,0.46964,18.30139,53.44006,3.28005,5.07829,49.97,0626:08:16,1,08
21:33:07,0.17764,220.70,0.46674,18.31499,53.47976,3.28005,5.07829,49.96,0626:08:17,1,08
21:33:08,0.17648,220.80,0.46897,18.28779,53.40036,3.28005,5.07829,49.96,0626:08:18,1,08
21:33:09,0.17614,220.80,0.4703,18.30139,53.44006,3.28005,5.07829,49.97,0626:08:19,1,08
21:33:10,0.17577,220.80,0.46709,18.13823,52.96363,3.28005,5.07829,49.97,0626:08:20,1,08
21:33:12,0.1902,221.00,0.46733,19.64748,57.37064,3.28015,5.07829,49.97,0626:08:22,1,08
21:33:13,0.17652,221.00,0.46864,18.28779,53.40036,3.28015,5.07829,49.97,0626:08:23,1,08
21:33:14,0.17708,221.00,0.46736,18.30139,53.44006,3.28015,5.07829,49.97,0626:08:24,1,08
21:33:15,0.17601,221.00,0.46788,18.21981,53.20185,3.28015,5.07829,49.97,0626:08:25,1,08
21:33:19,0.17633,221.10,0.47176,18.39657,53.71798,3.28015,5.07829,49.99,0626:08:29,1,08
21:33:21,0.17648,221.00,0.47003,18.34218,53.55917,3.28015,5.07839,49.97,0626:08:31,1,08
21:33:22,0.17511,221.00,0.47015,18.20621,53.16214,3.28015,5.07839,49.97,0626:08:32,1,08
21:33:26,0.1769,221.10,0.47186,18.46455,53.91649,3.28015,5.07839,49.99,0626:08:36,1,08
21:33:27,0.17755,221.20,0.47336,18.60052,54.31353,3.28015,5.07839,50.00,0626:08:37,1,08
21:33:28,0.1768,221.20,0.46734,18.28779,53.40036,3.28015,5.07839,50.00,0626:08:38,1,08
21:33:29,0.1768,221.20,0.46734,18.28779,53.40036,3.28015,5.07839,50.00,0626:08:39,1,08
21:33:30,0.17516,221.20,0.4709,18.2606,53.32095,3.28015,5.07839,50.00,0626:08:40,1,08
21:33:31,0.17596,221.10,0.46858,18.247,53.28125,3.28025,5.07839,50.00,0626:08:41,1,08
21:33:33,0.17638,221.20,0.4704,18.36937,53.63857,3.28025,5.07839,50.01,0626:08:43,1,08
21:33:34,0.17563,221.10,0.47236,18.35578,53.59887,3.28025,5.07839,50.01,0626:08:45,1,08
21:33:35,0.17563,221.10,0.47236,18.35578,53.59887,3.28025,5.07839,50.04,0626:08:45,1,08
21:33:37,0.17469,221.20,0.47257,18.2742,53.36066,3.28025,5.0785,50.04,0626:08:47,1,08
21:33:38,0.17483,221.00,0.47257,18.2742,53.36066,3.28025,5.0785,50.04,0626:08:48,1,08
21:33:39,0.17656,220.70,0.47001,18.32858,53.51946,3.28025,5.0785,50.04,0626:08:49,1,08
21:33:42,0.17633,220.70,0.47172,18.36937,53.63857,3.28025,5.0785,50.03,0626:08:51,1,08
21:33:43,0.17553,220.70,0.4737,18.36937,53.63857,3.28025,5.0785,50.03,0626:08:52,1,08
21:33:44,0.17558,220.70,0.47405,18.38297,53.67828,3.28025,5.0785,50.04,0626:08:53,1,08
21:33:45,0.17487,220.90,0.47396,18.31499,53.47976,3.28025,5.0785,50.04,0626:08:54,1,08
21:33:48,0.1753,221.10,0.47125,18.2742,53.36066,3.28025,5.0785,50.04,0626:08:57,1,08
21:33:49,0.17545,221.10,0.47127,18.28779,53.40036,3.28025,5.0785,50.04,0626:08:58,1,08
21:33:51,0.17656,221.10,0.47075,18.38297,53.67828,3.28036,5.0785,50.03,0626:09:00,1,08
21:33:52,0.17545,221.00,0.47267,18.34218,53.55917,3.28036,5.0785,50.03,0626:09:02,1,08
21:33:53,0.17507,220.80,0.47187,18.247,53.28125,3.28036,5.0785,50.03,0626:09:03,1,08
21:33:54,0.17507,220.80,0.47187,18.247,53.28125,3.28036,5.0785,50.01,0626:09:03,1,08
21:33:55,0.17497,220.70,0.47255,18.2606,53.32095,3.28036,5.0785,50.01,0626:09:04,1,08
21:33:56,0.17526,220.80,0.47121,18.247,53.28125,3.28036,5.0786,50.03,0626:09:05,1,08
21:33:57,0.17553,220.80,0.4737,18.36937,53.63857,3.28036,5.0786,50.03,0626:09:07,1,08
21:34:00,0.17549,220.60,0.47296,18.31499,53.47976,3.28036,5.0786,50.01,0626:09:09,1,08
21:34:01,0.17605,220.50,0.47094,18.28779,53.40036,3.28036,5.0786,50.01,0626:09:10,1,08
21:34:03,0.17568,220.40,0.47228,18.30139,53.44006,3.28036,5.0786,50.01,0626:09:13,1,08
21:34:04,0.17545,220.50,0.47402,18.35578,53.59887,3.28036,5.0786,50.01,0626:09:14,1,08
21:34:05,0.17648,220.60,0.47174,18.38297,53.67828,3.28036,5.0786,50.01,0626:09:15,1,08
21:34:06,0.17648,220.60,0.47174,18.38297,53.67828,3.28036,5.0786,50.01,0626:09:15,1,08
21:34:11,0.17455,221.30,0.47044,18.17902,53.08273,3.28046,5.0786,50.00,0626:09:21,1,08
21:34:12,0.17455,221.30,0.47409,18.41016,53.75768,3.28046,5.0786,50.00,0626:09:21,1,08
21:34:13,0.17497,221.40,0.47439,18.38297,53.67828,3.28046,5.0787,50.00,0626:09:22,1,08
21:34:14,0.17478,221.40,0.47437,18.36937,53.63857,3.28046,5.0787,50.00,0626:09:24,1,08
21:34:16,0.1745,221.50,0.47187,18.247,53.28125,3.28046,5.0787,50.00,0626:09:26,1,08
21:34:17,0.1745,221.50,0.47187,18.247,53.28125,3.28046,5.0787,50.00,0626:09:26,1,08
21:34:19,0.17469,221.40,0.47435,18.35578,53.59887,3.28046,5.0787,50.00,0626:09:29,1,08
21:34:20,0.17577,221.40,0.47242,18.39657,53.71798,3.28046,5.0787,49.99,0626:09:30,1,08
21:34:21,0.1745,221.40,0.47431,18.32858,53.51946,3.28046,5.0787,49.99,0626:09:31,1,08
21:34:22,0.17431,221.40,0.47394,18.30139,53.44006,3.28046,5.0787,50.00,0626:09:32,1,08
21:34:25,0.17497,221.40,0.47193,18.28779,53.40036,3.28046,5.0787,49.99,0626:09:35,1,08
21:34:27,0.17492,221.40,0.47404,18.36937,53.63857,3.28046,5.0787,49.99,0626:09:37,1,08
21:34:28,0.16622,221.20,0.46046,16.9417,49.46978,3.28046,5.0787,49.99,0626:09:38,1,08
21:34:30,0.15032,221.00,0.4243,14.09996,41.17188,3.28046,5.0787,50.00,0626:09:40,1,08
21:34:31,0.14888,221.00,0.4219,13.88241,40.53663,3.28056,5.0788,50.00,0626:09:41,1,08
21:34:32,0.14681,221.00,0.4242,13.77363,40.21901,3.28056,5.0788,49.99,0626:09:42,1,08
21:34:36,0.14084,221.00,0.41266,12.84904,37.51921,3.28056,5.0788,50.00,0626:09:46,1,08
21:34:39,0.14091,221.10,0.41274,12.86264,37.55891,3.28056,5.0788,50.01,0626:09:49,1,08
21:34:40,0.14143,221.00,0.41087,12.84904,37.51921,3.28056,5.0788,50.01,0626:09:50,1,08
21:34:41,0.14044,221.00,0.41375,12.84904,37.51921,3.28056,5.0788,50.01,0626:09:51,1,08
21:34:42,0.14056,221.10,0.41302,12.84904,37.51921,3.28056,5.0788,50.01,0626:09:52,1,08
21:34:45,0.14167,221.10,0.41016,12.84904,37.51921,3.28056,5.0788,50.04,0626:09:55,1,08
21:34:46,0.1419,221.20,0.40909,12.84904,37.51921,3.28056,5.0788,50.04,0626:09:56,1,08
21:34:47,0.14149,221.20,0.41182,12.88984,37.63832,3.28056,5.0788,50.04,0626:09:57,1,08
21:34:48,0.14126,221.40,0.41043,12.83545,37.4795,3.28056,5.0788,50.04,0626:09:58,1,08
21:34:50,0.14225,221.10,0.40968,12.88984,37.63832,3.28056,5.0788,50.04,0626:10:00,1,08
21:34:52,0.14079,221.00,0.41223,12.83545,37.4795,3.28056,5.0789,50.04,0626:10:02,1,08
21:34:53,0.14091,220.90,0.41135,12.80825,37.4001,3.28056,5.0789,50.04,0626:10:03,1,08
21:34:55,0.1416,220.80,0.41087,12.84904,37.51921,3.28056,5.0789,50.04,0626:10:05,1,08
21:34:58,0.14049,221.00,0.41331,12.83545,37.4795,3.28056,5.0789,50.03,0626:10:08,1,08
21:34:59,0.1412,221.00,0.41115,12.83545,37.4795,3.28066,5.0789,50.03,0626:10:09,1,08
21:35:01,0.14049,221.30,0.41171,12.80825,37.4001,3.28066,5.0789,50.03,0626:10:11,1,08
21:35:02,0.14073,221.20,0.41179,12.82185,37.4398,3.28066,5.0789,50.03,0626:10:12,1,08
21:35:03,0.14079,221.10,0.41223,12.83545,37.4795,3.28066,5.0789,50.04,0626:10:13,1,08
21:35:05,0.14137,221.00,0.40957,12.80825,37.4001,3.28066,5.0789,50.03,0626:10:15,1,08
21:35:09,0.14084,221.20,0.4123,12.84904,37.51921,3.28066,5.0789,50.03,0626:10:19,1,08
21:35:10,0.14067,221.20,0.41135,12.80825,37.4001,3.28066,5.079,50.03,0626:10:20,1,08
21:35:12,0.14103,221.20,0.41543,12.95782,37.83683,3.28066,5.079,50.03,0626:10:22,1,08
21:35:16,0.14049,221.20,0.41346,12.86264,37.55891,3.28066,5.079,50.01,0626:10:26,1,08
21:35:18,0.1416,221.30,0.41197,12.91703,37.71773,3.28066,5.079,50.00,0626:10:28,1,08
21:35:19,0.14213,221.20,0.40882,12.86264,37.55891,3.28066,5.079,50.00,0626:10:29,1,08
21:35:20,0.14202,221.20,0.40874,12.84904,37.51921,3.28066,5.079,50.00,0626:10:30,1,08
21:35:21,0.14317,221.10,0.40601,12.86264,37.55891,3.28066,5.079,50.00,0626:10:31,1,08
21:35:22,0.14184,221.20,0.40866,12.83545,37.4795,3.28066,5.079,50.00,0626:10:32,1,08
21:35:23,0.14184,221.20,0.40866,12.83545,37.4795,3.28066,5.079,49.99,0626:10:33,1,08
21:35:25,0.14178,221.20,0.40728,12.78106,37.32069,3.28066,5.079,49.96,0626:10:35,1,08
21:35:27,0.14126,221.10,0.41123,12.84904,37.51921,3.28076,5.079,49.97,0626:10:37,1,08
21:35:28,0.14207,221.00,0.40823,12.82185,37.4398,3.28076,5.079,49.97,0626:10:38,1,08
21:35:33,0.14195,221.00,0.40988,12.86264,37.55891,3.28076,5.0791,49.97,0626:10:43,1,08
21:35:36,0.1412,220.90,0.41115,12.83545,37.4795,3.28076,5.0791,49.97,0626:10:45,1,08
21:35:39,0.14219,220.90,0.4083,12.83545,37.4795,3.28076,5.0791,49.97,0626:10:48,1,08
21:35:40,0.14084,221.00,0.41223,12.83545,37.4795,3.28076,5.0791,49.96,0626:10:49,1,08
21:35:41,0.14067,221.00,0.41259,12.83545,37.4795,3.28076,5.0791,49.96,0626:10:51,1,08
21:35:42,0.14067,221.00,0.41259,12.83545,37.4795,3.28076,5.0791,49.96,0626:10:51,1,08
21:35:44,0.14225,220.90,0.40874,12.84904,37.51921,3.28076,5.0791,49.97,0626:10:53,1,08
21:35:45,0.14103,220.90,0.4123,12.84904,37.51921,3.28076,5.0791,49.97,0626:10:54,1,08
21:35:48,0.14067,220.80,0.40901,12.71308,37.12218,3.28076,5.0791,49.97,0626:10:57,1,08
21:35:49,0.14195,220.80,0.40937,12.83545,37.4795,3.28076,5.0791,49.97,0626:10:58,1,08
21:35:51,0.14137,220.80,0.41079,12.83545,37.4795,3.28076,5.0792,49.97,0626:11:00,1,08
21:35:52,0.14137,220.80,0.41159,12.84904,37.51921,3.28076,5.0792,49.97,0626:11:02,1,08
21:35:54,0.14167,220.90,0.40964,12.82185,37.4398,3.28076,5.0792,49.96,0626:11:03,1,08
21:35:56,0.14114,220.80,0.41194,12.84904,37.51921,3.28086,5.0792,49.97,0626:11:05,1,08
21:35:59,0.1416,220.60,0.4121,12.87624,37.59861,3.28086,5.0792,49.99,0626:11:09,1,08
21:36:00,0.1416,220.60,0.4121,12.87624,37.59861,3.28086,5.0792,49.97,0626:11:09,1,08
21:36:01,0.14084,220.70,0.41128,12.79466,37.3604,3.28086,5.0792,49.97,0626:11:10,1,08
21:36:02,0.14056,220.70,0.41323,12.82185,37.4398,3.28086,5.0792,49.99,0626:11:11,1,08
21:36:03,0.14155,220.80,0.41043,12.83545,37.4795,3.28086,5.0792,49.99,0626:11:13,1,08
21:36:04,0.14079,220.80,0.41215,12.82185,37.4398,3.28086,5.0792,49.99,0626:11:14,1,08
21:36:05,0.14079,220.80,0.41302,12.84904,37.51921,3.28086,5.0792,50.00,0626:11:15,1,08
21:36:06,0.14079,220.80,0.41171,12.80825,37.4001,3.28086,5.0792,50.00,0626:11:15,1,08
21:36:07,0.14037,220.80,0.4136,12.82185,37.4398,3.28086,5.0792,50.00,0626:11:16,1,08
21:36:10,0.14073,220.80,0.41339,12.84904,37.51921,3.28086,5.07931,50.01,0626:11:20,1,08
21:36:11,0.14084,220.80,0.41302,12.84904,37.51921,3.28086,5.07931,50.03,0626:11:21,1,08
21:36:12,0.14421,220.50,0.41581,13.22976,38.63089,3.28086,5.07931,50.03,0626:11:21,1,08
21:36:13,0.14178,220.50,0.4113,12.86264,37.55891,3.28086,5.07931,50.03,0626:11:22,1,08
21:36:15,0.14114,220.50,0.41223,12.83545,37.4795,3.28086,5.07931,50.01,0626:11:25,1,08
21:36:16,0.14126,220.60,0.41187,12.83545,37.4795,3.28086,5.07931,50.03,0626:11:26,1,08
21:36:18,0.1426,220.60,0.40795,12.83545,37.4795,3.28086,5.07931,50.04,0626:11:27,1,08
21:36:21,0.14131,220.50,0.41143,12.82185,37.4398,3.28086,5.07931,50.05,0626:11:31,1,08
21:36:29,0.14137,220.60,0.41151,12.83545,37.4795,3.28096,5.07931,50.04,0626:11:39,1,08
21:36:30,0.1412,220.60,0.41143,12.82185,37.4398,3.28096,5.07941,50.04,0626:11:39,1,08
21:36:31,0.14067,220.50,0.41323,12.82185,37.4398,3.28096,5.07941,50.04,0626:11:41,1,08
21:36:33,0.14167,220.50,0.41036,12.82185,37.4398,3.28096,5.07941,50.04,0626:11:43,1,08
21:36:35,0.1412,220.70,0.41187,12.83545,37.4795,3.28096,5.07941,50.03,0626:11:45,1,08
21:36:36,0.14323,220.60,0.41445,13.10739,38.27357,3.28096,5.07941,50.03,0626:11:46,1,08
21:36:37,0.1416,220.70,0.41043,12.83545,37.4795,3.28096,5.07941,50.03,0626:11:47,1,08
21:36:40,0.14096,220.50,0.41251,12.82185,37.4398,3.28096,5.07941,50.03,0626:11:50,1,08
21:36:41,0.14067,220.30,0.41316,12.80825,37.4001,3.28096,5.07941,50.03,0626:11:51,1,08
21:36:42,0.14096,220.30,0.41287,12.82185,37.4398,3.28096,5.07941,50.03,0626:11:52,1,08
21:36:45,0.14084,220.30,0.41323,12.82185,37.4398,3.28096,5.07941,50.00,0626:11:55,1,08
21:36:46,0.14032,220.30,0.41432,12.82185,37.4398,3.28096,5.07941,50.00,0626:11:56,1,08
21:36:49,0.14044,220.50,0.41484,12.84904,37.51921,3.28096,5.07941,49.99,0626:11:59,1,08
21:36:50,0.14037,220.70,0.4136,12.82185,37.4398,3.28096,5.07951,49.99,0626:12:00,1,08
21:36:51,0.13979,220.60,0.41578,12.82185,37.4398,3.28106,5.07951,50.00,0626:12:01,1,08
21:36:53,0.13902,220.50,0.418,12.82185,37.4398,3.28106,5.07951,49.99,0626:12:03,1,08
21:36:54,0.13967,220.50,0.41483,12.78106,37.32069,3.28106,5.07951,49.99,0626:12:04,1,08
21:36:55,0.14026,220.60,0.41257,12.76746,37.28099,3.28106,5.07951,49.99,0626:12:05,1,08
21:36:57,0.14219,220.60,0.40945,12.84904,37.51921,3.28106,5.07951,49.97,0626:12:07,1,08
21:36:58,0.14091,220.70,0.41215,12.82185,37.4398,3.28106,5.07951,49.97,0626:12:08,1,08
21:36:59,0.14056,220.70,0.41367,12.83545,37.4795,3.28106,5.07951,49.99,0626:12:09,1,08
21:37:01,0.14096,220.80,0.41179,12.82185,37.4398,3.28106,5.07951,49.97,0626:12:11,1,08
21:37:04,0.13961,220.80,0.41623,12.83545,37.4795,3.28106,5.07951,49.99,0626:12:14,1,08
21:37:06,0.14003,220.70,0.41513,12.83545,37.4795,3.28106,5.07951,49.97,0626:12:16,1,08
21:37:07,0.14103,220.60,0.4131,12.86264,37.55891,3.28106,5.07951,49.97,0626:12:17,1,08
21:37:16,0.14014,220.70,0.41432,12.82185,37.4398,3.28106,5.07961,49.97,0626:12:26,1,08
21:37:18,0.14049,220.80,0.41499,12.87624,37.59861,3.28106,5.07961,49.97,0626:12:28,1,08
21:37:20,0.13908,220.90,0.41637,12.79466,37.3604,3.28116,5.07961,49.99,0626:12:30,1,08
21:37:21,0.14061,220.90,0.41295,12.83545,37.4795,3.28116,5.07961,49.97,0626:12:31,1,08
21:37:23,0.14114,220.90,0.41151,12.83545,37.4795,3.28116,5.07961,50.00,0626:12:33,1,08
21:37:24,0.14114,220.90,0.41151,12.83545,37.4795,3.28116,5.07961,50.00,0626:12:34,1,08
21:37:27,0.14155,220.80,0.40957,12.80825,37.4001,3.28116,5.07961,49.99,0626:12:36,1,08
21:37:28,0.14084,221.40,0.41282,12.87624,37.59861,3.28116,5.07961,50.01,0626:12:37,1,08
21:37:29,0.14167,221.40,0.40901,12.83545,37.4795,3.28116,5.07961,50.01,0626:12:38,1,08
21:37:31,0.14084,221.50,0.41115,12.83545,37.4795,3.28116,5.07971,50.01,0626:12:40,1,08
21:37:32,0.1419,221.40,0.4083,12.83545,37.4795,3.28116,5.07971,50.03,0626:12:41,1,08
21:37:34,0.14306,221.30,0.40429,12.80825,37.4001,3.28116,5.07971,50.04,0626:12:43,1,08
21:37:36,0.14409,221.00,0.40222,12.80825,37.4001,3.28116,5.07971,50.05,0626:12:45,1,08
21:37:37,0.14409,221.00,0.40222,12.80825,37.4001,3.28116,5.07971,50.05,0626:12:46,1,08
21:37:38,0.14283,221.00,0.40525,12.79466,37.3604,3.28116,5.07971,50.04,0626:12:47,1,08
21:37:42,0.14311,220.60,0.40577,12.82185,37.4398,3.28116,5.07971,50.05,0626:12:52,1,08
21:37:45,0.14172,220.70,0.40921,12.80825,37.4001,3.28116,5.07971,50.04,0626:12:54,1,08
21:37:46,0.1426,220.80,0.40674,12.80825,37.4001,3.28116,5.07971,50.03,0626:12:55,1,08
21:37:47,0.14137,220.80,0.41028,12.80825,37.4001,3.28116,5.07971,50.03,0626:12:56,1,08
21:37:50,0.14213,220.70,0.40815,12.80825,37.4001,3.28126,5.07981,50.04,0626:12:59,1,08
21:37:51,0.14184,220.70,0.40972,12.83545,37.4795,3.28126,5.07981,50.04,0626:13:00,1,08
21:37:52,0.14184,220.70,0.40929,12.82185,37.4398,3.28126,5.07981,50.04,0626:13:01,1,08
21:37:53,0.14114,220.80,0.4102,12.79466,37.3604,3.28126,5.07981,50.04,0626:13:03,1,08
21:37:58,0.14026,220.80,0.41352,12.80825,37.4001,3.28126,5.07981,50.03,0626:13:08,1,08
21:37:59,0.14073,220.80,0.41251,12.82185,37.4398,3.28126,5.07981,50.03,0626:13:09,1,08
21:38:00,0.14143,220.70,0.40992,12.80825,37.4001,3.28126,5.07981,50.04,0626:13:09,1,08
21:38:01,0.14195,220.60,0.40842,12.79466,37.3604,3.28126,5.07981,50.04,0626:13:10,1,08
21:38:02,0.14091,220.60,0.41128,12.79466,37.3604,3.28126,5.07981,50.04,0626:13:11,1,08
21:38:03,0.14044,220.60,0.4136,12.82185,37.4398,3.28126,5.07981,50.04,0626:13:12,1,08
21:38:05,0.14137,220.60,0.41107,12.82185,37.4398,3.28126,5.07981,50.03,0626:13:15,1,08
21:38:06,0.14184,220.70,0.40972,12.83545,37.4795,3.28126,5.07981,50.03,0626:13:15,1,08
21:38:07,0.14079,220.70,0.41251,12.82185,37.4398,3.28126,5.07981,50.03,0626:13:16,1,08
21:38:08,0.14079,220.70,0.41251,12.82185,37.4398,3.28126,5.07981,50.01,0626:13:17,1,08
21:38:14,0.14306,220.60,0.40655,12.83545,37.4795,3.28126,5.07991,50.00,0626:13:23,1,08
21:38:18,0.1416,220.90,0.40964,12.82185,37.4398,3.28136,5.07991,50.00,0626:13:27,1,08
21:38:20,0.14317,220.90,0.40593,12.84904,37.51921,3.28136,5.07991,49.99,0626:13:30,1,08
21:38:23,0.14253,220.70,0.40846,12.86264,37.55891,3.28136,5.07991,49.96,0626:13:33,1,08
21:38:24,0.14137,220.70,0.40854,12.75387,37.24129,3.28136,5.07991,49.96,0626:13:33,1,08
21:38:25,0.14213,220.50,0.40676,12.75387,37.24129,3.28136,5.07991,49.96,0626:13:35,1,08
21:38:26,0.14131,220.40,0.41143,12.82185,37.4398,3.28136,5.07991,49.97,0626:13:36,1,08
21:38:27,0.14044,220.40,0.41308,12.79466,37.3604,3.28136,5.07991,49.96,0626:13:37,1,08
21:38:29,0.13979,220.60,0.41542,12.82185,37.4398,3.28136,5.08001,49.95,0626:13:39,1,08
21:38:30,0.14067,220.80,0.41251,12.82185,37.4398,3.28136,5.08001,49.95,0626:13:39,1,08
21:38:31,0.14026,220.70,0.41484,12.84904,37.51921,3.28136,5.08001,49.95,0626:13:41,1,08
21:38:33,0.14014,220.60,0.41513,12.83545,37.4795,3.28136,5.08001,49.97,0626:13:43,1,08
21:38:34,0.13926,220.60,0.41416,12.72667,37.16188,3.28136,5.08001,49.97,0626:13:44,1,08
21:38:35,0.14084,220.60,0.4112,12.78106,37.32069,3.28136,5.08001,49.97,0626:13:45,1,08
21:38:36,0.1402,220.60,0.41432,12.82185,37.4398,3.28136,5.08001,49.97,0626:13:46,1,08
21:38:37,0.14044,220.60,0.41272,12.79466,37.3604,3.28136,5.08001,49.97,0626:13:47,1,08
21:38:38,0.14061,220.70,0.41331,12.83545,37.4795,3.28136,5.08001,49.97,0626:13:48,1,08
21:38:40,0.14283,220.80,0.40698,12.84904,37.51921,3.28136,5.08001,49.97,0626:13:50,1,08
21:38:41,0.1419,220.90,0.4098,12.84904,37.51921,3.28136,5.08001,49.96,0626:13:51,1,08
21:38:42,0.14392,220.80,0.41275,13.12098,38.31327,3.28136,5.08001,49.96,0626:13:52,1,08
21:38:43,0.14131,220.90,0.41071,12.82185,37.4398,3.28136,5.08001,49.97,0626:13:53,1,08
21:38:44,0.14103,220.60,0.41179,12.82185,37.4398,3.28146,5.08001,49.97,0626:13:54,1,08
21:38:49,0.14195,220.90,0.40988,12.86264,37.55891,3.28146,5.08011,49.97,0626:13:59,1,08
21:38:51,0.14073,220.90,0.41171,12.80825,37.4001,3.28146,5.08011,49.99,0626:14:01,1,08
21:38:52,0.14079,220.90,0.41215,12.82185,37.4398,3.28146,5.08011,49.99,0626:14:02,1,08
21:38:53,0.1412,220.90,0.41028,12.80825,37.4001,3.28146,5.08011,49.99,0626:14:03,1,08
21:39:01,0.13973,221.00,0.41461,12.80825,37.4001,3.28146,5.08011,50.01,0626:14:11,1,08
21:39:02,0.13842,220.90,0.41822,12.79466,37.3604,3.28146,5.08011,50.01,0626:14:12,1,08
21:39:05,0.1386,220.70,0.41918,12.83545,37.4795,3.28146,5.08011,50.03,0626:14:15,1,08
21:39:08,0.13866,220.80,0.41829,12.80825,37.4001,3.28146,5.08021,50.03,0626:14:18,1,08
21:39:09,0.13985,220.80,0.41461,12.80825,37.4001,3.28146,5.08021,50.01,0626:14:19,1,08
21:39:10,0.13967,220.90,0.41542,12.82185,37.4398,3.28146,5.08021,50.01,0626:14:20,1,08
21:39:11,0.13896,220.90,0.4194,12.87624,37.59861,3.28156,5.08021,50.03,0626:14:21,1,08
21:39:14,0.13967,221.10,0.41461,12.80825,37.4001,3.28156,5.08021,50.01,0626:14:24,1,08
21:39:15,0.13854,221.10,0.41748,12.79466,37.3604,3.28156,5.08021,50.04,0626:14:25,1,08
21:39:18,0.14167,221.10,0.41319,12.94422,37.79713,3.28156,5.08021,50.04,0626:14:27,1,08
21:39:19,0.14207,221.10,0.4083,12.83545,37.4795,3.28156,5.08021,50.04,0626:14:28,1,08
21:39:20,0.14207,221.10,0.4083,12.83545,37.4795,3.28156,5.08021,50.04,0626:14:29,1,08
21:39:21,0.14103,221.10,0.4102,12.79466,37.3604,3.28156,5.08021,50.04,0626:14:30,1,08
21:39:23,0.14073,220.90,0.41128,12.79466,37.3604,3.28156,5.08021,50.04,0626:14:32,1,08
21:39:24,0.14126,220.90,0.40984,12.79466,37.3604,3.28156,5.08021,50.04,0626:14:33,1,08
21:39:25,0.14044,220.80,0.41323,12.82185,37.4398,3.28156,5.08021,50.04,0626:14:34,1,08
21:39:27,0.14049,220.90,0.41243,12.80825,37.4001,3.28156,5.08021,50.03,0626:14:36,1,08
21:39:30,0.14073,220.90,0.41171,12.80825,37.4001,3.28156,5.08031,50.03,0626:14:39,1,08
21:39:31,0.14037,220.90,0.4128,12.80825,37.4001,3.28156,5.08031,50.03,0626:14:40,1,08
21:39:35,0.14056,221.00,0.41251,12.82185,37.4398,3.28156,5.08031,50.01,0626:14:44,1,08
21:39:37,0.1402,220.90,0.41316,12.80825,37.4001,3.28156,5.08031,50.04,0626:14:47,1,08
21:39:39,0.14103,221.00,0.4102,12.79466,37.3604,3.28156,5.08031,50.03,0626:14:48,1,08
21:39:41,0.14026,221.00,0.41236,12.79466,37.3604,3.28166,5.08031,50.01,0626:14:50,1,08
21:39:42,0.14049,221.00,0.41251,12.82185,37.4398,3.28166,5.08031,50.04,0626:14:51,1,08
21:39:43,0.14049,221.00,0.41251,12.82185,37.4398,3.28166,5.08031,50.04,0626:14:52,1,08
21:39:44,0.14126,221.00,0.41202,12.86264,37.55891,3.28166,5.08031,50.03,0626:14:53,1,08
21:39:46,0.1412,221.00,0.41202,12.86264,37.55891,3.28166,5.08031,50.01,0626:14:55,1,08
21:39:47,0.14091,220.90,0.41179,12.82185,37.4398,3.28166,5.08031,50.01,0626:14:56,1,08
21:39:48,0.14202,221.00,0.40779,12.80825,37.4001,3.28166,5.08041,50.03,0626:14:58,1,08
21:39:50,0.14114,221.00,0.4102,12.79466,37.3604,3.28166,5.08041,50.01,0626:14:59,1,08
21:39:52,0.14056,221.00,0.41164,12.79466,37.3604,3.28166,5.08041,50.01,0626:15:01,1,08
21:39:53,0.14137,221.00,0.40992,12.80825,37.4001,3.28166,5.08041,50.01,0626:15:02,1,08
21:39:54,0.14008,221.10,0.41308,12.79466,37.3604,3.28166,5.08041,50.01,0626:15:04,1,08
21:39:55,0.14079,221.20,0.41056,12.79466,37.3604,3.28166,5.08041,50.01,0626:15:04,1,08
21:39:56,0.14091,221.20,0.40976,12.78106,37.32069,3.28166,5.08041,50.01,0626:15:05,1,08
21:39:57,0.14073,221.20,0.41135,12.80825,37.4001,3.28166,5.08041,50.01,0626:15:06,1,08
21:39:59,0.1402,221.10,0.41236,12.79466,37.3604,3.28166,5.08041,50.01,0626:15:09,1,08
21:40:02,0.14096,221.10,0.40976,12.78106,37.32069,3.28166,5.08041,50.00,0626:15:11,1,08
21:40:03,0.14167,221.00,0.40929,12.82185,37.4398,3.28166,5.08041,50.00,0626:15:12,1,08
21:40:07,0.14126,220.90,0.40984,12.79466,37.3604,3.28166,5.08041,50.01,0626:15:16,1,08
21:40:11,0.14067,220.90,0.41295,12.83545,37.4795,3.28176,5.08052,50.00,0626:15:21,1,08
21:40:13,0.1412,221.00,0.41115,12.83545,37.4795,3.28176,5.08052,50.00,0626:15:22,1,08
21:40:14,0.14032,221.10,0.41331,12.83545,37.4795,3.28176,5.08052,49.97,0626:15:23,1,08
21:40:17,0.14032,220.90,0.41404,12.83545,37.4795,3.28176,5.08052,49.99,0626:15:27,1,08
21:40:21,0.14067,220.90,0.41251,12.82185,37.4398,3.28176,5.08052,49.96,0626:15:31,1,08
21:40:25,0.13996,221.30,0.4144,12.83545,37.4795,3.28176,5.08052,49.97,0626:15:34,1,08
21:40:27,0.14067,221.20,0.41135,12.80825,37.4001,3.28176,5.08062,49.96,0626:15:37,1,08
21:40:28,0.13985,221.00,0.41337,12.78106,37.32069,3.28176,5.08062,49.96,0626:15:38,1,08
21:40:29,0.13943,221.10,0.41358,12.75387,37.24129,3.28176,5.08062,49.99,0626:15:39,1,08
21:40:30,0.13973,221.40,0.41476,12.83545,37.4795,3.28176,5.08062,49.99,0626:15:39,1,08
21:40:31,0.13949,221.40,0.41549,12.83545,37.4795,3.28176,5.08062,49.99,0626:15:40,1,08
21:40:32,0.14044,221.50,0.41171,12.80825,37.4001,3.28176,5.08062,49.99,0626:15:42,1,08
21:40:33,0.13973,221.60,0.41396,12.82185,37.4398,3.28176,5.08062,49.97,0626:15:43,1,08
21:40:34,0.13979,221.70,0.41316,12.80825,37.4001,3.28176,5.08062,49.97,0626:15:44,1,08
21:40:35,0.13955,221.60,0.41476,12.83545,37.4795,3.28176,5.08062,49.99,0626:15:45,1,08
21:40:37,0.14026,221.50,0.41251,12.82185,37.4398,3.28186,5.08062,49.99,0626:15:47,1,08
21:40:38,0.1392,221.60,0.41542,12.82185,37.4398,3.28186,5.08062,49.99,0626:15:48,1,08
21:40:39,0.13943,221.60,0.41469,12.82185,37.4398,3.28186,5.08062,49.99,0626:15:49,1,08
21:40:40,0.14014,221.60,0.41295,12.83545,37.4795,3.28186,5.08062,49.99,0626:15:50,1,08
21:40:41,0.13961,221.50,0.41432,12.82185,37.4398,3.28186,5.08062,50.00,0626:15:51,1,08
21:40:43,0.13943,221.40,0.41417,12.79466,37.3604,3.28186,5.08062,49.99,0626:15:53,1,08
21:40:44,0.13967,221.40,0.41344,12.79466,37.3604,3.28186,5.08062,49.99,0626:15:54,1,08
21:40:49,0.13996,220.70,0.41425,12.80825,37.4001,3.28186,5.08072,50.03,0626:15:59,1,08
21:40:53,0.13908,220.60,0.41674,12.79466,37.3604,3.28186,5.08072,50.04,0626:16:03,1,08
21:40:54,0.13908,220.60,0.41674,12.79466,37.3604,3.28186,5.08072,50.04,0626:16:04,1,08
21:40:58,0.14236,220.20,0.41977,13.16177,38.43238,3.28186,5.08072,50.03,0626:16:08,1,08
21:40:59,0.13854,220.30,0.41897,12.79466,37.3604,3.28186,5.08072,50.04,0626:16:09,1,08
21:41:00,0.13854,220.30,0.41897,12.79466,37.3604,3.28186,5.08072,50.04,0626:16:10,1,08
21:41:01,0.14049,220.40,0.41396,12.82185,37.4398,3.28186,5.08072,50.03,0626:16:11,1,08
21:41:04,0.18644,220.60,0.48712,20.05539,58.56173,3.28196,5.08072,50.01,0626:16:14,1,08
21:41:05,0.18688,220.70,0.48682,20.09618,58.68084,3.28196,5.08072,50.03,0626:16:15,1,08
21:41:11,0.18912,220.70,0.47982,20.04179,58.52203,3.28196,5.08082,50.04,0626:16:20,1,08
21:41:12,0.18701,220.70,0.48452,20.001,58.40292,3.28196,5.08082,50.04,0626:16:21,1,08
21:41:15,0.18617,220.70,0.48776,20.05539,58.56173,3.28196,5.08082,50.04,0626:16:24,1,08
21:41:16,0.18749,220.70,0.48555,20.10977,58.72054,3.28196,5.08082,50.03,0626:16:25,1,08
21:41:17,0.18811,220.70,0.48331,20.08258,58.64114,3.28196,5.08082,50.03,0626:16:26,1,08
21:41:18,0.18621,220.90,0.48778,20.08258,58.64114,3.28196,5.08082,50.04,0626:16:27,1,08
21:41:22,0.25678,221.00,0.51675,29.35565,85.7185,3.28207,5.08082,50.04,0626:16:31,1,08
21:41:23,0.22809,221.10,0.51078,25.76607,75.23694,3.28207,5.08092,50.04,0626:16:32,1,08
21:41:24,0.22601,221.00,0.51007,25.49414,74.44288,3.28207,5.08092,50.03,0626:16:33,1,08
21:41:25,0.22601,221.00,0.51007,25.49414,74.44288,3.28207,5.08092,50.03,0626:16:34,1,08
21:41:26,0.22655,221.10,0.50977,25.54852,74.60169,3.28207,5.08092,50.03,0626:16:35,1,08
21:41:27,0.22732,221.00,0.51217,25.75248,75.19723,3.28207,5.08092,50.03,0626:16:36,1,08
21:41:28,0.22564,220.90,0.50872,25.37177,74.08556,3.28207,5.08092,50.01,0626:16:37,1,08
21:41:29,0.22572,220.90,0.51035,25.46694,74.36346,3.28207,5.08092,50.01,0626:16:38,1,08
21:41:31,0.22772,220.90,0.51053,25.69809,75.03842,3.28207,5.08092,50.04,0626:16:40,1,08
21:41:33,0.22935,220.80,0.50832,25.76607,75.23694,3.28207,5.08092,50.03,0626:16:42,1,08
21:41:34,0.22743,220.80,0.5092,25.58931,74.72079,3.28207,5.08092,50.03,0626:16:43,1,08
21:41:35,0.22866,220.80,0.50969,25.75248,75.19723,3.28207,5.08092,50.03,0626:16:44,1,08
21:41:36,0.22714,220.80,0.51083,25.6437,74.87961,3.28217,5.08092,50.01,0626:16:45,1,08
21:41:37,0.22779,220.80,0.50891,25.61651,74.80021,3.28217,5.08092,50.01,0626:16:46,1,08
21:41:38,0.22924,220.80,0.50725,25.68449,74.99872,3.28217,5.08102,50.01,0626:16:47,1,08
21:41:39,0.2267,220.80,0.50679,25.38536,74.12525,3.28217,5.08102,50.01,0626:16:48,1,08
21:41:41,0.22761,220.80,0.50838,25.56212,74.64139,3.28217,5.08102,50.01,0626:16:50,1,08
21:41:42,0.22754,220.80,0.50892,25.58931,74.72079,3.28217,5.08102,50.01,0626:16:51,1,08
21:41:44,0.22703,220.80,0.50868,25.50773,74.48258,3.28217,5.08102,50.00,0626:16:53,1,08
21:41:46,0.22561,220.70,0.50901,25.35817,74.04585,3.28217,5.08102,50.00,0626:16:55,1,08
21:41:48,0.22783,220.70,0.50784,25.54852,74.60169,3.28217,5.08102,50.00,0626:16:58,1,08
21:41:49,0.22572,220.70,0.50627,25.24939,73.72823,3.28217,5.08102,50.00,0626:16:58,1,08
21:41:50,0.22605,220.70,0.50626,25.27659,73.80763,3.28227,5.08102,49.99,0626:16:59,1,08
21:41:51,0.22942,220.70,0.50966,25.82046,75.39574,3.28227,5.08102,49.99,0626:17:00,1,08
21:41:54,0.24137,220.60,0.51021,27.18015,79.36604,3.28227,5.08112,49.96,0626:17:04,1,08
21:41:55,0.2427,220.60,0.51091,27.3705,79.92187,3.28227,5.08112,49.96,0626:17:04,1,08
21:41:57,0.24123,220.60,0.512,27.27533,79.64395,3.28227,5.08112,49.96,0626:17:06,1,08
21:42:02,0.24117,220.90,0.51071,27.22094,79.48514,3.28227,5.08112,49.96,0626:17:11,1,08
21:42:03,0.24212,220.90,0.51118,27.35691,79.88217,3.28227,5.08112,49.96,0626:17:12,1,08
21:42:04,0.24202,221.10,0.51041,27.32971,79.80276,3.28238,5.08112,49.95,0626:17:13,1,08
21:42:06,0.24171,220.90,0.51018,27.26173,79.60425,3.28238,5.08123,49.96,0626:17:16,1,08
21:42:08,0.24188,221.00,0.51068,27.31611,79.76305,3.28238,5.08123,49.97,0626:17:17,1,08
21:42:10,0.24011,221.00,0.51127,27.13936,79.24693,3.28238,5.08123,49.97,0626:17:20,1,08
21:42:11,0.24168,220.90,0.51145,27.32971,79.80276,3.28238,5.08123,49.97,0626:17:21,1,08
21:42:12,0.23965,221.00,0.51,27.03058,78.92931,3.28238,5.08123,49.97,0626:17:22,1,08
21:42:14,0.24151,220.90,0.51019,27.23454,79.52484,3.28238,5.08123,49.97,0626:17:23,1,08
21:42:20,0.24031,221.30,0.51354,27.32971,79.80276,3.28248,5.08123,50.01,0626:17:29,1,08
21:42:21,0.24141,221.40,0.51221,27.3841,79.96158,3.28248,5.08133,50.01,0626:17:31,1,08
21:42:22,0.24,221.40,0.51253,27.24813,79.56454,3.28248,5.08133,50.01,0626:17:32,1,08
21:42:24,0.23976,221.50,0.51126,27.16655,79.32632,3.28248,5.08133,50.03,0626:17:34,1,08
21:42:25,0.23896,221.40,0.51412,27.22094,79.48514,3.28248,5.08133,50.03,0626:17:34,1,08
21:42:26,0.2399,221.30,0.51024,27.09857,79.12782,3.28248,5.08133,50.01,0626:17:35,1,08
21:42:29,0.24051,221.10,0.50971,27.12576,79.20722,3.28248,5.08133,50.04,0626:17:39,1,08
21:42:30,0.24171,221.10,0.51017,27.28892,79.68365,3.28258,5.08133,50.04,0626:17:40,1,08
21:42:32,0.23917,221.10,0.51285,27.13936,79.24693,3.28258,5.08133,50.04,0626:17:42,1,08
21:42:33,0.23976,221.10,0.51179,27.15295,79.28663,3.28258,5.08133,50.03,0626:17:43,1,08
21:42:34,0.23862,221.20,0.51029,26.96259,78.73078,3.28258,5.08133,50.03,0626:17:44,1,08
21:42:38,0.27771,221.20,0.51681,31.77589,92.7856,3.28258,5.08143,50.04,0626:17:48,1,08
21:42:42,0.28284,221.20,0.51716,32.37415,94.53253,3.28268,5.08143,50.03,0626:17:52,1,08
21:42:46,0.28205,221.10,0.52136,32.52372,94.96926,3.28268,5.08143,50.04,0626:17:56,1,08
21:42:47,0.28505,221.30,0.51874,32.74127,95.60451,3.28268,5.08153,50.04,0626:17:57,1,08
21:42:48,0.2851,221.30,0.51787,32.70047,95.48539,3.28268,5.08153,50.04,0626:17:58,1,08
21:42:49,0.2851,221.30,0.51787,32.70047,95.48539,3.28268,5.08153,50.03,0626:17:59,1,08
21:42:51,0.28476,221.10,0.51597,32.51012,94.92956,3.28268,5.08153,50.04,0626:18:01,1,08
21:42:52,0.28365,221.00,0.51842,32.52372,94.96926,3.28268,5.08153,50.04,0626:18:02,1,08
21:42:55,0.28675,221.20,0.52206,33.13558,96.75589,3.28278,5.08153,50.03,0626:18:05,1,08
21:42:56,0.28689,221.20,0.5167,32.80925,95.80302,3.28278,5.08153,50.03,0626:18:06,1,08
21:42:57,0.28516,221.30,0.51808,32.72767,95.5648,3.28278,5.08153,50.03,0626:18:07,1,08
21:42:58,0.28533,221.30,0.51959,32.82285,95.84272,3.28278,5.08153,50.03,0626:18:08,1,08
21:42:59,0.28339,221.30,0.51928,32.5917,95.16777,3.28278,5.08164,50.03,0626:18:09,1,08
21:43:00,0.28626,221.30,0.51928,32.85004,95.16777,3.28278,5.08164,50.03,0626:18:10,1,08
21:43:01,0.28626,221.30,0.51801,32.85004,95.92213,3.28278,5.08164,50.03,0626:18:11,1,08
21:43:03,0.16868,221.10,0.45481,16.9689,49.54918,3.28278,5.08164,50.01,0626:18:13,1,08
21:43:09,0.14091,220.80,0.41572,12.94422,37.79713,3.28288,5.08164,50.03,0626:18:18,1,08
21:43:10,0.14032,220.90,0.41754,12.94422,37.79713,3.28288,5.08164,50.03,0626:18:19,1,08
21:43:11,0.13955,220.80,0.41843,12.90343,37.67802,3.28288,5.08164,50.03,0626:18:20,1,08
21:43:12,0.13991,220.80,0.41821,12.93063,37.75743,3.28288,5.08164,50.00,0626:18:21,1,08
21:43:14,0.13937,220.80,0.41696,12.83545,37.4795,3.28288,5.08164,50.03,0626:18:23,1,08
21:43:16,0.13914,221.00,0.41733,12.83545,37.4795,3.28288,5.08164,50.00,0626:18:25,1,08
21:43:18,0.13896,221.00,0.41637,12.79466,37.3604,3.28288,5.08174,50.00,0626:18:27,1,08
21:43:19,0.14276,221.10,0.41904,13.22976,38.63089,3.28288,5.08174,50.00,0626:18:28,1,08
21:43:20,0.14276,221.10,0.41904,13.22976,38.63089,3.28288,5.08174,50.00,0626:18:29,1,08
21:43:22,0.17135,221.10,0.47633,18.05664,52.7254,3.28288,5.08174,49.99,0626:18:31,1,08
21:43:24,0.17441,221.20,0.47287,18.247,53.28125,3.28288,5.08174,49.99,0626:18:33,1,08
21:43:25,0.17279,221.20,0.47582,18.19262,53.12244,3.28288,5.08174,49.99,0626:18:34,1,08
21:43:27,0.17303,221.10,0.47798,18.30139,53.44006,3.28288,5.08174,49.99,0626:18:36,1,08
21:43:28,0.17388,221.10,0.47808,18.38297,53.67828,3.28288,5.08174,49.97,0626:18:37,1,08
21:43:29,0.17379,221.00,0.47488,18.247,53.28125,3.28288,5.08174,49.97,0626:18:38,1,08
21:43:32,0.17284,221.10,0.4744,18.13823,52.96363,3.28298,5.08174,49.96,0626:18:41,1,08
21:43:34,0.17445,221.10,0.47393,18.28779,53.40036,3.28298,5.08174,49.96,0626:18:43,1,08
21:43:35,0.17322,221.30,0.47518,18.21981,53.20185,3.28298,5.08174,49.96,0626:18:44,1,08
21:43:36,0.17312,221.40,0.47624,18.2606,53.32095,3.28298,5.08184,49.96,0626:18:45,1,08
21:43:37,0.17369,221.30,0.47491,18.2742,53.36066,3.28298,5.08184,49.97,0626:18:46,1,08
21:43:38,0.17369,221.30,0.47666,18.32858,53.51946,3.28298,5.08184,49.97,0626:18:47,1,08
21:43:40,0.17398,221.40,0.47708,18.39657,53.71798,3.28298,5.08184,49.96,0626:18:49,1,08
21:43:41,0.17355,221.40,0.47489,18.2606,53.32095,3.28298,5.08184,49.96,0626:18:50,1,08
21:43:42,0.17279,221.40,0.47337,18.12463,52.92392,3.28298,5.08184,49.97,0626:18:51,1,08
21:43:43,0.17379,221.50,0.47422,18.2606,53.32095,3.28298,5.08184,49.97,0626:18:52,1,08
21:43:45,0.17374,221.40,0.47564,18.31499,53.47976,3.28298,5.08184,49.97,0626:18:54,1,08
21:43:47,0.17384,221.60,0.47671,18.36937,53.63857,3.28298,5.08184,49.96,0626:18:56,1,08
21:43:48,0.17398,221.60,0.47532,18.32858,53.51946,3.28298,5.08184,49.99,0626:18:57,1,08
21:43:51,0.17417,221.30,0.47428,18.30139,53.44006,3.28308,5.08184,49.97,0626:19:00,1,08
21:43:55,0.17393,221.30,0.47493,18.28779,53.40036,3.28308,5.08194,49.99,0626:19:05,1,08
21:43:56,0.17374,221.30,0.47456,18.2606,53.32095,3.28308,5.08194,49.99,0626:19:05,1,08
21:43:57,0.17614,221.30,0.47594,18.55973,54.19442,3.28308,5.08194,49.99,0626:19:06,1,08
21:43:58,0.17483,221.30,0.47435,18.35578,53.59887,3.28308,5.08194,49.99,0626:19:07,1,08
21:43:59,0.17422,221.30,0.47357,18.2742,53.36066,3.28308,5.08194,49.99,0626:19:08,1,08
21:44:01,0.1735,221.40,0.47454,18.247,53.28125,3.28308,5.08194,50.01,0626:19:11,1,08
21:44:02,0.17336,221.50,0.47488,18.247,53.28125,3.28308,5.08194,50.01,0626:19:11,1,08
21:44:05,0.17322,221.30,0.4773,18.30139,53.44006,3.28308,5.08194,50.04,0626:19:14,1,08
21:44:07,0.17307,221.30,0.47622,18.247,53.28125,3.28308,5.08194,50.03,0626:19:17,1,08
21:44:08,0.17369,221.30,0.47383,18.21981,53.20185,3.28308,5.08194,50.03,0626:19:17,1,08
21:44:09,0.17341,221.30,0.47592,18.2742,53.36066,3.28308,5.08194,50.03,0626:19:18,1,08
21:44:12,0.17526,221.20,0.47511,18.42376,53.79739,3.28318,5.08205,50.04,0626:19:22,1,08
21:44:14,0.17369,221.00,0.47452,18.23341,53.24155,3.28318,5.08205,50.04,0626:19:23,1,08
21:44:17,0.17422,220.90,0.47493,18.28779,53.40036,3.28318,5.08205,50.05,0626:19:27,1,08
21:44:21,0.17398,221.00,0.47456,18.2606,53.32095,3.28318,5.08205,50.05,0626:19:30,1,08
21:44:22,0.17422,221.00,0.47354,18.247,53.28125,3.28318,5.08205,50.05,0626:19:31,1,08
21:44:23,0.17483,221.10,0.47187,18.247,53.28125,3.28318,5.08205,50.05,0626:19:33,1,08
21:44:24,0.17417,221.10,0.47565,18.32858,53.51946,3.28318,5.08205,50.05,0626:19:34,1,08
21:44:29,0.17384,221.00,0.47454,18.247,53.28125,3.28328,5.08205,50.04,0626:19:39,1,08
21:44:31,0.17473,221.20,0.47468,18.35578,53.59887,3.28328,5.08215,50.03,0626:19:41,1,08
21:44:33,0.1745,221.20,0.47394,18.30139,53.44006,3.28328,5.08215,50.03,0626:19:42,1,08
21:44:34,0.17369,221.20,0.47454,18.247,53.28125,3.28328,5.08215,50.03,0626:19:44,1,08
21:44:35,0.17307,221.10,0.4755,18.20621,53.16214,3.28328,5.08215,50.03,0626:19:45,1,08
21:44:36,0.17445,221.10,0.47394,18.30139,53.44006,3.28328,5.08215,50.03,0626:19:46,1,08
21:44:37,0.17507,221.10,0.47437,18.36937,53.63857,3.28328,5.08215,50.03,0626:19:47,1,08
21:44:38,0.17507,221.10,0.47437,18.36937,53.63857,3.28328,5.08215,50.03,0626:19:47,1,08
21:44:40,0.17384,221.10,0.47383,18.21981,53.20185,3.28328,5.08215,50.01,0626:19:50,1,08
21:44:41,0.17431,221.00,0.47248,18.20621,53.16214,3.28328,5.08215,50.00,0626:19:51,1,08
21:44:42,0.17473,220.90,0.4743,18.31499,53.47976,3.28328,5.08215,50.00,0626:19:52,1,08
21:44:44,0.17441,220.80,0.47601,18.34218,53.55917,3.28328,5.08215,49.99,0626:19:53,1,08
21:44:50,0.17436,220.60,0.47739,18.36937,53.63857,3.28338,5.08225,49.97,0626:20:00,1,08
21:44:52,0.17364,220.50,0.47622,18.247,53.28125,3.28338,5.08225,49.96,0626:20:02,1,08
21:44:53,0.17445,220.60,0.47599,18.32858,53.51946,3.28338,5.08225,49.96,0626:20:03,1,08
21:44:54,0.17407,220.60,0.47735,18.34218,53.55917,3.28338,5.08225,49.96,0626:20:04,1,08
21:44:56,0.17407,220.70,0.4756,18.28779,53.40036,3.28338,5.08225,49.96,0626:20:06,1,08
21:44:59,0.17591,220.90,0.48042,18.6821,54.55175,3.28338,5.08225,49.96,0626:20:09,1,08
21:45:03,0.17426,220.70,0.4735,18.21981,53.20185,3.28338,5.08225,49.97,0626:20:12,1,08
21:45:04,0.17331,220.50,0.47617,18.20621,53.16214,3.28338,5.08225,49.97,0626:20:13,1,08
21:45:05,0.17417,220.50,0.47806,18.36937,53.63857,3.28338,5.08225,49.97,0626:20:14,1,08
21:45:08,0.17369,220.70,0.4759,18.2606,53.32095,3.28338,5.08235,49.97,0626:20:17,1,08
21:45:09,0.17369,220.70,0.4759,18.2606,53.32095,3.28338,5.08235,49.97,0626:20:18,1,08
21:45:10,0.17388,220.90,0.47558,18.2742,53.36066,3.28348,5.08235,49.97,0626:20:19,1,08
21:45:11,0.17464,220.80,0.47428,18.30139,53.44006,3.28348,5.08235,49.97,0626:20:20,1,08
21:45:12,0.17666,220.80,0.47458,18.53254,54.11501,3.28348,5.08235,49.97,0626:20:21,1,08
21:45:14,0.17492,220.70,0.475,18.34218,53.55917,3.28348,5.08235,49.99,0626:20:23,1,08
21:45:15,0.17431,220.70,0.47281,18.20621,53.16214,3.28348,5.08235,49.99,0626:20:24,1,08
21:45:16,0.17436,220.80,0.47142,18.16542,53.04303,3.28348,5.08235,49.99,0626:20:25,1,08
21:45:17,0.17393,220.80,0.47558,18.2742,53.36066,3.28348,5.08235,49.99,0626:20:26,1,08
21:45:18,0.17614,220.90,0.47659,18.54613,54.15471,3.28348,5.08235,49.99,0626:20:27,1,08
21:45:19,0.17473,221.00,0.47642,18.41016,53.75768,3.28348,5.08235,49.99,0626:20:28,1,08
21:45:20,0.17417,221.20,0.47673,18.38297,53.67828,3.28348,5.08235,50.01,0626:20:29,1,08
21:45:23,0.17355,221.10,0.47557,18.2606,53.32095,3.28348,5.08235,50.00,0626:20:32,1,08
21:45:24,0.17369,221.10,0.47629,18.30139,53.44006,3.28348,5.08235,50.01,0626:20:33,1,08
21:45:26,0.1753,221.00,0.4737,18.36937,53.63857,3.28348,5.08245,50.01,0626:20:35,1,08
21:45:31,0.17464,220.90,0.47183,18.21981,53.20185,3.28358,5.08245,50.03,0626:20:40,1,08
21:45:33,0.17183,221.00,0.47244,17.94787,52.40778,3.28358,5.08245,50.04,0626:20:42,1,08
21:45:34,0.17398,220.90,0.47737,18.35578,53.59887,3.28358,5.08245,50.05,0626:20:43,1,08
21:45:35,0.17317,220.90,0.47584,18.20621,53.16214,3.28358,5.08245,50.05,0626:20:44,1,08
21:45:36,0.17502,220.80,0.47363,18.31499,53.47976,3.28358,5.08245,50.04,0626:20:45,1,08
21:45:41,0.17516,220.60,0.47363,18.31499,53.47976,3.28358,5.08245,50.04,0626:20:50,1,08
21:45:42,0.17384,220.60,0.47838,18.35578,53.59887,3.28358,5.08245,50.04,0626:20:51,1,08
21:45:43,0.17417,220.70,0.47702,18.34218,53.55917,3.28358,5.08256,50.04,0626:20:52,1,08
21:45:44,0.17364,220.70,0.47801,18.32858,53.51946,3.28358,5.08256,50.04,0626:20:53,1,08
21:45:45,0.17426,220.70,0.47526,18.28779,53.40036,3.28358,5.08256,50.04,0626:20:54,1,08
21:45:46,0.17403,220.80,0.47383,18.21981,53.20185,3.28358,5.08256,50.04,0626:20:55,1,08
21:45:47,0.17326,220.70,0.47761,18.2742,53.36066,3.28358,5.08256,50.04,0626:20:56,1,08
21:45:49,0.17403,220.80,0.47737,18.35578,53.59887,3.28369,5.08256,50.03,0626:20:58,1,08
21:45:51,0.17511,220.90,0.4747,18.36937,53.63857,3.28369,5.08256,50.03,0626:21:00,1,08
21:45:52,0.17326,221.00,0.47693,18.2742,53.36066,3.28369,5.08256,50.04,0626:21:01,1,08
21:45:53,0.17369,220.90,0.47557,18.2606,53.32095,3.28369,5.08256,50.04,0626:21:02,1,08
21:45:54,0.17341,220.90,0.47658,18.2606,53.32095,3.28369,5.08256,50.03,0626:21:03,1,08
21:45:55,0.17445,220.90,0.47426,18.28779,53.40036,3.28369,5.08256,50.03,0626:21:04,1,08
21:45:56,0.1754,220.90,0.47368,18.35578,53.59887,3.28369,5.08256,50.03,0626:21:05,1,08
21:45:57,0.17441,220.90,0.47673,18.38297,53.67828,3.28369,5.08256,50.03,0626:21:06,1,08
21:45:59,0.17317,220.70,0.47724,18.247,53.28125,3.28369,5.08256,50.03,0626:21:08,1,08
21:46:00,0.17407,220.70,0.47489,18.2606,53.32095,3.28369,5.08256,50.04,0626:21:09,1,08
21:46:01,0.17384,220.80,0.47417,18.21981,53.20185,3.28369,5.08266,50.03,0626:21:10,1,08
21:46:04,0.17469,220.80,0.47815,18.45096,53.87679,3.28369,5.08266,50.03,0626:21:13,1,08
21:46:05,0.17464,220.70,0.47567,18.34218,53.55917,3.28369,5.08266,50.03,0626:21:14,1,08
21:46:06,0.17398,220.80,0.47523,18.2606,53.32095,3.28369,5.08266,50.01,0626:21:15,1,08
21:46:07,0.17364,220.90,0.47663,18.30139,53.44006,3.28369,5.08266,50.04,0626:21:16,1,08
21:46:09,0.17331,221.20,0.47695,18.28779,53.40036,3.28379,5.08266,50.03,0626:21:19,1,08
21:46:10,0.17526,221.10,0.47335,18.35578,53.59887,3.28379,5.08266,50.03,0626:21:19,1,08
21:46:11,0.17511,221.10,0.47472,18.38297,53.67828,3.28379,5.08266,50.04,0626:21:20,1,08
21:46:12,0.17568,221.10,0.47446,18.43736,53.83709,3.28379,5.08266,50.04,0626:21:21,1,08
21:46:18,0.17426,221.30,0.47428,18.30139,53.44006,3.28379,5.08266,50.04,0626:21:27,1,08
21:46:19,0.17502,221.20,0.47439,18.38297,53.67828,3.28379,5.08276,50.04,0626:21:28,1,08
21:46:20,0.17526,221.20,0.46985,18.21981,53.20185,3.28379,5.08276,50.04,0626:21:30,1,08
21:46:22,0.1753,221.00,0.473,18.34218,53.55917,3.28379,5.08276,50.03,0626:21:31,1,08
21:46:23,0.17412,221.00,0.47528,18.30139,53.44006,3.28379,5.08276,50.01,0626:21:32,1,08
21:46:25,0.17563,221.30,0.47028,18.28779,53.40036,3.28379,5.08276,50.03,0626:21:35,1,08
21:46:27,0.17521,221.50,0.47304,18.36937,53.63857,3.28379,5.08276,50.00,0626:21:37,1,08
21:46:29,0.17521,221.40,0.47339,18.38297,53.67828,3.28389,5.08276,50.01,0626:21:38,1,08
21:46:31,0.17469,221.50,0.47121,18.247,53.28125,3.28389,5.08276,49.99,0626:21:41,1,08
21:46:32,0.1745,221.40,0.46976,18.16542,53.04303,3.28389,5.08276,49.99,0626:21:42,1,08
21:46:33,0.17656,221.30,0.46868,18.31499,53.47976,3.28389,5.08276,50.00,0626:21:43,1,08
21:46:34,0.17656,221.30,0.46868,18.31499,53.47976,3.28389,5.08276,50.00,0626:21:43,1,08
21:46:36,0.17587,221.30,0.46962,18.28779,53.40036,3.28389,5.08286,49.97,0626:21:45,1,08
21:46:37,0.17563,221.40,0.46995,18.28779,53.40036,3.28389,5.08286,49.97,0626:21:47,1,08
21:46:38,0.17652,221.40,0.46766,18.28779,53.40036,3.28389,5.08286,49.97,0626:21:48,1,08
21:46:40,0.17731,221.60,0.46646,18.34218,53.55917,3.28389,5.08286,49.96,0626:21:49,1,08
21:46:41,0.17666,221.50,0.46979,18.39657,53.71798,3.28389,5.08286,49.96,0626:21:50,1,08
21:46:42,0.17614,221.60,0.4711,18.39657,53.71798,3.28389,5.08286,49.96,0626:21:52,1,08
21:46:43,0.17516,221.50,0.46604,18.09744,52.84452,3.28389,5.08286,49.96,0626:21:53,1,08
21:46:44,0.17614,221.60,0.46831,18.28779,53.40036,3.28389,5.08286,49.96,0626:21:54,1,08
21:46:45,0.17587,221.70,0.46899,18.30139,53.44006,3.28389,5.08286,49.96,0626:21:55,1,08
21:46:47,0.17666,221.70,0.46842,18.35578,53.59887,3.28389,5.08286,49.96,0626:21:57,1,08
21:46:50,0.17614,222.00,0.46803,18.31499,53.47976,3.28399,5.08286,49.97,0626:22:00,1,08
21:46:51,0.17624,221.80,0.46769,18.30139,53.44006,3.28399,5.08286,49.97,0626:22:01,1,08
21:46:52,0.17596,221.80,0.46866,18.30139,53.44006,3.28399,5.08286,49.97,0626:22:02,1,08
21:46:53,0.17596,221.80,0.46866,18.30139,53.44006,3.28399,5.08286,49.97,0626:22:02,1,08
21:46:54,0.17582,221.80,0.47073,18.36937,53.63857,3.28399,5.08296,49.97,0626:22:04,1,08
21:46:57,0.17502,221.90,0.47061,18.28779,53.40036,3.28399,5.08296,49.99,0626:22:07,1,08
21:46:58,0.17502,221.90,0.47061,18.28779,53.40036,3.28399,5.08296,49.99,0626:22:07,1,08
21:47:01,0.17596,221.80,0.46971,18.34218,53.55917,3.28399,5.08296,49.99,0626:22:10,1,08
21:47:03,0.17652,222.00,0.46879,18.38297,53.67828,3.28399,5.08296,49.99,0626:22:12,1,08
21:47:04,0.16829,221.90,0.45306,16.9281,49.43007,3.28399,5.08296,50.00,0626:22:13,1,08
21:47:05,0.16829,221.90,0.45306,16.9281,49.43007,3.28399,5.08296,50.00,0626:22:13,1,08
21:47:06,0.1423,221.70,0.40913,12.91703,37.71773,3.28399,5.08296,50.00,0626:22:15,1,08
21:47:07,0.13498,221.70,0.39918,11.95165,34.89882,3.28399,5.08296,50.00,0626:22:16,1,08
21:47:08,0.13437,221.80,0.39918,11.89726,34.74001,3.28399,5.08296,50.00,0626:22:17,1,08
21:47:09,0.13443,221.70,0.39881,11.89726,34.74001,3.28399,5.08296,50.00,0626:22:18,1,08
21:47:10,0.13443,221.80,0.39836,11.88367,34.70031,3.28409,5.08296,50.01,0626:22:19,1,08
21:47:11,0.13449,221.70,0.39836,11.88367,34.70031,3.28409,5.08296,50.01,0626:22:20,1,08
21:47:13,0.13468,221.90,0.39718,11.87007,34.6606,3.28409,5.08306,50.03,0626:22:22,1,08
21:47:14,0.13474,221.70,0.39809,11.89726,34.74001,3.28409,5.08306,50.03,0626:22:23,1,08
21:47:17,0.13412,221.40,0.40027,11.89726,34.74001,3.28409,5.08306,50.04,0626:22:26,1,08
21:47:18,0.13449,221.50,0.40009,11.92446,34.81942,3.28409,5.08306,50.05,0626:22:27,1,08
21:47:19,0.13474,221.60,0.398,11.88367,34.70031,3.28409,5.08306,50.05,0626:22:28,1,08
21:47:20,0.13461,221.70,0.39936,11.92446,34.81942,3.28409,5.08306,50.04,0626:22:29,1,08
21:47:21,0.13529,221.70,0.39629,11.89726,34.74001,3.28409,5.08306,50.04,0626:22:30,1,08
21:47:22,0.13468,221.70,0.39809,11.89726,34.74001,3.28409,5.08306,50.04,0626:22:31,1,08
21:47:25,0.13412,221.80,0.39954,11.89726,34.74001,3.28409,5.08306,50.04,0626:22:34,1,08
21:47:26,0.13504,221.90,0.3971,11.91086,34.77971,3.28409,5.08306,50.04,0626:22:35,1,08
21:47:27,0.13419,221.90,0.39918,11.89726,34.74001,3.28409,5.08306,50.04,0626:22:36,1,08
21:47:28,0.13608,222.00,0.39838,12.04683,35.17673,3.28409,5.08306,50.04,0626:22:37,1,08
21:47:29,0.13535,222.10,0.39964,12.01964,35.09734,3.28409,5.08306,50.04,0626:22:38,1,08
21:47:30,0.13425,222.20,0.39891,11.91086,34.77971,3.28409,5.08306,50.04,0626:22:39,1,08
21:47:34,0.13474,222.20,0.39737,11.89726,34.74001,3.28409,5.08317,50.04,0626:22:43,1,08
21:47:35,0.13431,222.20,0.39845,11.89726,34.74001,3.28409,5.08317,50.04,0626:22:44,1,08
21:47:36,0.13394,222.20,0.40046,11.92446,34.81942,3.28409,5.08317,50.04,0626:22:45,1,08
21:47:38,0.13455,222.30,0.39782,11.91086,34.77971,3.28409,5.08317,50.03,0626:22:47,1,08
21:47:39,0.13425,222.40,0.39891,11.91086,34.77971,3.28409,5.08317,50.03,0626:22:48,1,08
21:47:40,0.13461,222.50,0.39701,11.89726,34.74001,3.28419,5.08317,50.03,0626:22:49,1,08
21:47:42,0.13437,222.50,0.39773,11.89726,34.74001,3.28419,5.08317,50.04,0626:22:51,1,08
21:47:43,0.13535,222.50,0.39486,11.89726,34.74001,3.28419,5.08317,50.04,0626:22:52,1,08
21:47:44,0.13474,222.50,0.39619,11.88367,34.70031,3.28419,5.08317,50.03,0626:22:53,1,08
21:47:47,0.13345,222.40,0.40064,11.89726,34.74001,3.28419,5.08317,50.03,0626:22:56,1,08
21:47:48,0.134,222.40,0.39918,11.89726,34.74001,3.28419,5.08317,50.03,0626:22:57,1,08
21:47:49,0.13338,222.30,0.40055,11.88367,34.70031,3.28419,5.08317,50.03,0626:22:58,1,08
21:47:51,0.13369,222.40,0.40037,11.91086,34.77971,3.28419,5.08317,50.03,0626:23:00,1,08
21:47:52,0.1327,222.40,0.40239,11.88367,34.70031,3.28419,5.08317,50.03,0626:23:01,1,08
21:47:54,0.13151,222.60,0.40529,11.87007,34.6606,3.28419,5.08327,50.03,0626:23:03,1,08
21:47:56,0.13088,222.50,0.40756,11.87007,34.6606,3.28419,5.08327,50.01,0626:23:05,1,08
21:47:59,0.13145,222.30,0.40651,11.88367,34.70031,3.28419,5.08327,50.01,0626:23:08,1,08
21:48:05,0.13139,222.60,0.40613,11.88367,34.70031,3.28419,5.08327,50.03,0626:23:14,1,08
21:48:10,0.13363,222.50,0.40996,12.19639,35.61347,3.28429,5.08327,50.01,0626:23:20,1,08
21:48:11,0.13363,222.50,0.40996,12.19639,35.61347,3.28429,5.08327,50.03,0626:23:20,1,08
21:48:12,0.13425,222.40,0.40756,12.1692,35.53407,3.28429,5.08327,50.03,0626:23:21,1,08
21:48:13,0.13326,222.40,0.4078,12.08762,35.29585,3.28429,5.08327,50.04,0626:23:22,1,08
21:48:14,0.1332,222.30,0.40771,12.07402,35.25615,3.28429,5.08337,50.04,0626:23:23,1,08
21:48:15,0.13307,222.30,0.40855,12.08762,35.29585,3.28429,5.08337,50.03,0626:23:24,1,08
21:48:19,0.1327,222.40,0.4093,12.08762,35.29585,3.28429,5.08337,50.03,0626:23:28,1,08
21:48:21,0.13376,222.50,0.40594,12.08762,35.29585,3.28429,5.08337,50.01,0626:23:30,1,08
21:48:23,0.13314,222.50,0.4078,12.08762,35.29585,3.28429,5.08337,50.03,0626:23:32,1,08
21:48:25,0.13295,222.50,0.40855,12.08762,35.29585,3.28429,5.08337,50.01,0626:23:34,1,08
21:48:27,0.13345,222.30,0.40659,12.07402,35.25615,3.28429,5.08337,50.01,0626:23:37,1,08
21:48:29,0.13376,222.30,0.40539,12.06043,35.21645,3.28429,5.08337,50.03,0626:23:38,1,08
21:48:31,0.13295,222.30,0.40809,12.07402,35.25615,3.28429,5.08337,50.01,0626:23:40,1,08
21:48:33,0.13307,222.30,0.40809,12.07402,35.25615,3.28429,5.08337,50.00,0626:23:43,1,08
21:48:34,0.13276,222.20,0.40922,12.07402,35.25615,3.28429,5.08337,50.00,0626:23:44,1,08
21:48:35,0.13276,222.20,0.40922,12.07402,35.25615,3.28429,5.08347,50.01,0626:23:44,1,08
21:48:36,0.13314,222.20,0.40809,12.07402,35.25615,3.28429,5.08347,50.01,0626:23:45,1,08
21:48:38,0.13314,222.00,0.40809,12.07402,35.25615,3.28429,5.08347,50.01,0626:23:48,1,08
21:48:39,0.13419,222.00,0.40511,12.07402,35.25615,3.28439,5.08347,50.01,0626:23:49,1,08
21:48:40,0.13363,221.90,0.40605,12.04683,35.17673,3.28439,5.08347,50.01,0626:23:50,1,08
21:48:42,0.13443,221.90,0.40474,12.07402,35.25615,3.28439,5.08347,50.00,0626:23:51,1,08
21:48:47,0.13455,222.10,0.40446,12.08762,35.29585,3.28439,5.08347,49.97,0626:23:56,1,08
21:48:50,0.13437,222.50,0.40455,12.10122,35.33555,3.28439,5.08347,49.99,0626:24:00,1,08
21:48:54,0.134,222.50,0.40474,12.07402,35.25615,3.28439,5.08347,49.99,0626:24:03,1,08
21:48:58,0.13449,222.40,0.40409,12.08762,35.29585,3.28439,5.08357,49.99,0626:24:07,1,08
21:49:01,0.13407,222.40,0.4052,12.08762,35.29585,3.28439,5.08357,49.99,0626:24:10,1,08
21:49:02,0.13449,222.40,0.40455,12.10122,35.33555,3.28439,5.08357,49.99,0626:24:11,1,08
21:49:03,0.134,222.30,0.40602,12.10122,35.33555,3.28439,5.08357,49.99,0626:24:12,1,08
21:49:05,0.13345,222.30,0.40513,12.01964,35.09734,3.28439,5.08357,50.00,0626:24:14,1,08
21:49:06,0.13351,222.30,0.40476,12.01964,35.09734,3.28439,5.08357,49.99,0626:24:15,1,08
21:49:08,0.13326,222.40,0.4078,12.08762,35.29585,3.28439,5.08357,50.01,0626:24:17,1,08
21:49:09,0.13338,222.40,0.40651,12.06043,35.21645,3.28439,5.08357,50.01,0626:24:18,1,08
21:49:13,0.13394,222.60,0.40109,11.96525,34.93852,3.28449,5.08357,50.00,0626:24:22,1,08
21:49:15,0.13369,222.30,0.39899,11.87007,34.6606,3.28449,5.08357,50.01,0626:24:24,1,08
21:49:17,0.13276,222.20,0.4023,11.87007,34.6606,3.28449,5.08367,50.01,0626:24:26,1,08
21:49:18,0.13214,222.20,0.40417,11.87007,34.6606,3.28449,5.08367,50.03,0626:24:27,1,08
21:49:20,0.13381,222.30,0.40402,12.01964,35.09734,3.28449,5.08367,50.04,0626:24:29,1,08
21:49:22,0.13276,222.30,0.40285,11.89726,34.74001,3.28449,5.08367,50.04,0626:24:31,1,08
21:49:24,0.13257,222.30,0.40268,11.87007,34.6606,3.28449,5.08367,50.04,0626:24:33,1,08
21:49:25,0.13251,222.20,0.40351,11.88367,34.70031,3.28449,5.08367,50.04,0626:24:34,1,08
21:49:29,0.13257,222.10,0.40305,11.87007,34.6606,3.28449,5.08367,50.05,0626:24:38,1,08
21:49:30,0.13332,222.10,0.40129,11.88367,34.70031,3.28449,5.08367,50.05,0626:24:39,1,08
21:49:33,0.134,222.00,0.39899,11.87007,34.6606,3.28449,5.08367,50.05,0626:24:42,1,08
21:49:34,0.13381,222.20,0.40037,11.91086,34.77971,3.28449,5.08367,50.05,0626:24:43,1,08
21:49:36,0.13443,222.20,0.39718,11.87007,34.6606,3.28449,5.08367,50.05,0626:24:45,1,08
21:49:37,0.13332,222.10,0.40046,11.87007,34.6606,3.28449,5.08377,50.05,0626:24:46,1,08
21:49:38,0.13338,222.10,0.40138,11.89726,34.74001,3.28449,5.08377,50.04,0626:24:47,1,08
21:49:40,0.13314,222.00,0.40064,11.84288,34.5812,3.28459,5.08377,50.05,0626:24:49,1,08
21:49:41,0.13381,222.00,0.40027,11.89726,34.74001,3.28459,5.08377,50.04,0626:24:50,1,08
21:49:42,0.1332,222.10,0.40119,11.87007,34.6606,3.28459,5.08377,50.04,0626:24:51,1,08
21:49:45,0.13283,222.00,0.40276,11.88367,34.70031,3.28459,5.08377,50.03,0626:24:54,1,08
21:49:46,0.13351,222.00,0.4,11.85647,34.6209,3.28459,5.08377,50.03,0626:24:55,1,08
21:49:47,0.13326,221.80,0.40156,11.87007,34.6606,3.28459,5.08377,50.03,0626:24:56,1,08
21:49:50,0.13326,221.80,0.40074,11.85647,34.6209,3.28459,5.08377,50.01,0626:24:59,1,08
21:49:52,0.13351,221.90,0.40092,11.88367,34.70031,3.28459,5.08377,50.01,0626:25:01,1,08
21:49:55,0.13345,222.10,0.40138,11.89726,34.74001,3.28459,5.08377,50.01,0626:25:04,1,08
21:49:56,0.13326,222.00,0.40074,11.85647,34.6209,3.28459,5.08377,50.01,0626:25:05,1,08
21:49:59,0.13239,221.90,0.40148,11.80208,34.46209,3.28459,5.08387,50.00,0626:25:08,1,08
21:50:00,0.13351,221.80,0.4,11.85647,34.6209,3.28459,5.08387,50.00,0626:25:09,1,08
21:50:01,0.13307,221.70,0.40147,11.85647,34.6209,3.28459,5.08387,49.99,0626:25:10,1,08
21:50:03,0.1332,221.70,0.40147,11.85647,34.6209,3.28459,5.08387,49.97,0626:25:12,1,08
21:50:04,0.13332,221.70,0.40165,11.88367,34.70031,3.28459,5.08387,49.97,0626:25:13,1,08
21:50:05,0.13363,221.90,0.40101,11.89726,34.74001,3.28459,5.08387,49.96,0626:25:14,1,08
21:50:07,0.13314,222.00,0.40202,11.88367,34.70031,3.28459,5.08387,49.97,0626:25:16,1,08
21:50:08,0.13332,222.00,0.40174,11.89726,34.74001,3.28459,5.08387,49.97,0626:25:17,1,08
21:50:09,0.13363,221.80,0.40009,11.87007,34.6606,3.28459,5.08387,49.97,0626:25:18,1,08
21:50:10,0.13394,221.80,0.39982,11.88367,34.70031,3.28469,5.08387,49.97,0626:25:19,1,08
21:50:12,0.13425,221.70,0.39863,11.87007,34.6606,3.28469,5.08387,49.99,0626:25:21,1,08
21:50:13,0.13425,221.70,0.39863,11.87007,34.6606,3.28469,5.08387,49.97,0626:25:22,1,08
21:50:14,0.13419,221.80,0.39909,11.88367,34.70031,3.28469,5.08387,49.97,0626:25:23,1,08
21:50:16,0.13394,221.80,0.39936,11.87007,34.6606,3.28469,5.08387,49.99,0626:25:25,1,08
21:50:17,0.13394,221.80,0.40119,11.92446,34.81942,3.28469,5.08397,49.97,0626:25:26,1,08
21:50:19,0.13419,221.80,0.39954,11.89726,34.74001,3.28469,5.08397,49.97,0626:25:28,1,08
21:50:20,0.13407,221.70,0.39945,11.88367,34.70031,3.28469,5.08397,49.97,0626:25:29,1,08
21:50:21,0.1332,221.60,0.39917,11.78849,34.42239,3.28469,5.08397,49.97,0626:25:30,1,08
21:50:22,0.13357,221.60,0.40129,11.88367,34.70031,3.28469,5.08397,49.97,0626:25:31,1,08
21:50:23,0.13351,221.60,0.40119,11.87007,34.6606,3.28469,5.08397,49.99,0626:25:32,1,08
21:50:24,0.13425,221.70,0.39863,11.87007,34.6606,3.28469,5.08397,49.99,0626:25:34,1,08
21:50:25,0.13425,221.70,0.39863,11.87007,34.6606,3.28469,5.08397,49.99,0626:25:34,1,08
21:50:26,0.13381,221.70,0.40009,11.87007,34.6606,3.28469,5.08397,49.99,0626:25:35,1,08
21:50:27,0.13338,221.70,0.40165,11.88367,34.70031,3.28469,5.08397,49.99,0626:25:36,1,08
21:50:30,0.13288,221.70,0.40314,11.88367,34.70031,3.28469,5.08397,49.97,0626:25:40,1,08
21:50:31,0.13288,221.70,0.40314,11.88367,34.70031,3.28469,5.08397,49.99,0626:25:40,1,08
21:50:32,0.1317,221.70,0.40456,11.81568,34.50179,3.28469,5.08397,49.99,0626:25:41,1,08
21:50:35,0.13257,221.60,0.40426,11.88367,34.70031,3.28469,5.08397,49.97,0626:25:45,1,08
21:50:36,0.13257,221.60,0.40426,11.88367,34.70031,3.28469,5.08397,49.97,0626:25:45,1,08
21:50:37,0.1327,221.60,0.40342,11.87007,34.6606,3.28469,5.08407,49.99,0626:25:46,1,08
21:50:39,0.13419,221.40,0.4021,11.95165,34.89882,3.28469,5.08407,50.00,0626:25:48,1,08
21:50:40,0.13345,221.50,0.40156,11.87007,34.6606,3.28479,5.08407,50.00,0626:25:50,1,08
21:50:42,0.13345,221.50,0.40248,11.89726,34.74001,3.28479,5.08407,50.00,0626:25:51,1,08
21:50:46,0.13264,221.40,0.40417,11.87007,34.6606,3.28479,5.08407,50.00,0626:25:56,1,08
21:50:48,0.13239,221.40,0.40492,11.87007,34.6606,3.28479,5.08407,49.99,0626:25:57,1,08
21:50:50,0.13288,221.40,0.4025,11.84288,34.5812,3.28479,5.08407,50.01,0626:25:58,1,08
21:50:51,0.13101,221.30,0.40675,11.80208,34.46209,3.28479,5.08407,50.01,0626:26:00,1,08
21:50:52,0.13031,221.20,0.4114,11.87007,34.6606,3.28479,5.08407,50.03,0626:26:01,1,08
21:50:53,0.13076,221.20,0.4093,11.84288,34.5812,3.28479,5.08407,50.03,0626:26:02,1,08
21:50:56,0.13063,221.40,0.4093,11.84288,34.5812,3.28479,5.08407,50.04,0626:26:04,1,08
21:50:58,0.13095,221.20,0.40713,11.80208,34.46209,3.28479,5.08407,50.04,0626:26:07,1,08
21:50:59,0.13226,220.90,0.40605,11.87007,34.6606,3.28479,5.08418,50.04,0626:26:08,1,08
21:51:00,0.13202,221.10,0.40596,11.85647,34.6209,3.28479,5.08418,50.05,0626:26:09,1,08
21:51:02,0.13251,220.70,0.4052,11.85647,34.6209,3.28479,5.08418,50.05,0626:26:11,1,08
21:51:07,0.13288,220.70,0.40408,11.85647,34.6209,3.28479,5.08418,50.05,0626:26:15,1,08
21:51:09,0.13431,220.70,0.39917,11.84288,34.5812,3.28479,5.08418,50.04,0626:26:18,1,08
21:51:11,0.13251,220.70,0.40567,11.87007,34.6606,3.28479,5.08418,50.03,0626:26:20,1,08
21:51:13,0.13239,220.80,0.40558,11.85647,34.6209,3.28489,5.08418,50.04,0626:26:21,1,08
21:51:14,0.13301,220.80,0.40287,11.84288,34.5812,3.28489,5.08418,50.03,0626:26:23,1,08
21:51:16,0.13246,220.90,0.40483,11.85647,34.6209,3.28489,5.08418,50.04,0626:26:25,1,08
21:51:17,0.13338,221.00,0.40221,11.85647,34.6209,3.28489,5.08418,50.03,0626:26:26,1,08
21:51:19,0.13449,221.00,0.40165,11.93806,34.85912,3.28489,5.08418,50.03,0626:26:28,1,08
21:51:20,0.13338,221.00,0.40323,11.89726,34.74001,3.28489,5.08428,50.04,0626:26:29,1,08
21:51:21,0.13412,221.00,0.40183,11.91086,34.77971,3.28489,5.08428,50.04,0626:26:30,1,08
21:51:22,0.13326,221.10,0.40314,11.88367,34.70031,3.28489,5.08428,50.04,0626:26:31,1,08
21:51:23,0.13326,221.10,0.40314,11.88367,34.70031,3.28489,5.08428,50.04,0626:26:32,1,08
21:51:24,0.134,221.10,0.39954,11.84288,34.5812,3.28489,5.08428,50.04,0626:26:33,1,08
21:51:25,0.13295,221.10,0.40333,11.85647,34.6209,3.28489,5.08428,50.04,0626:26:34,1,08
21:51:27,0.13239,221.00,0.40474,11.84288,34.5812,3.28489,5.08428,50.04,0626:26:36,1,08
21:51:28,0.13264,220.90,0.40445,11.85647,34.6209,3.28489,5.08428,50.05,0626:26:37,1,08
21:51:30,0.13326,221.00,0.40212,11.84288,34.5812,3.28489,5.08428,50.05,0626:26:39,1,08
21:51:31,0.13332,220.90,0.40175,11.84288,34.5812,3.28489,5.08428,50.05,0626:26:40,1,08
21:51:32,0.13338,220.90,0.40221,11.85647,34.6209,3.28489,5.08428,50.05,0626:26:41,1,08
21:51:33,0.13388,221.00,0.40129,11.88367,34.70031,3.28489,5.08428,50.05,0626:26:42,1,08
21:51:34,0.13425,221.00,0.39927,11.85647,34.6209,3.28489,5.08428,50.05,0626:26:43,1,08
21:51:37,0.13288,221.10,0.40287,11.84288,34.5812,3.28489,5.08428,50.04,0626:26:46,1,08
21:51:38,0.13314,221.00,0.40305,11.87007,34.6606,3.28489,5.08428,50.04,0626:26:47,1,08
21:51:39,0.13357,221.00,0.40101,11.84288,34.5812,3.28489,5.08428,50.04,0626:26:48,1,08
21:51:40,0.13345,221.00,0.40184,11.85647,34.6209,3.28489,5.08438,50.04,0626:26:49,1,08
21:51:44,0.13351,221.00,0.40184,11.85647,34.6209,3.28499,5.08438,50.05,0626:26:53,1,08
21:51:45,0.13332,221.00,0.40221,11.85647,34.6209,3.28499,5.08438,50.04,0626:26:54,1,08
21:51:48,0.13388,221.10,0.40083,11.87007,34.6606,3.28499,5.08438,50.04,0626:26:57,1,08
21:51:49,0.13541,221.00,0.40191,12.03323,35.13704,3.28499,5.08438,50.04,0626:26:58,1,08
21:51:50,0.13369,221.10,0.4011,11.85647,34.6209,3.28499,5.08438,50.03,0626:26:59,1,08
21:51:55,0.13363,221.50,0.40037,11.85647,34.6209,3.28499,5.08438,50.01,0626:27:04,1,08
21:51:56,0.13326,221.50,0.40193,11.87007,34.6606,3.28499,5.08438,50.01,0626:27:05,1,08
21:51:57,0.13351,221.60,0.40119,11.87007,34.6606,3.28499,5.08438,50.01,0626:27:06,1,08
21:51:58,0.13419,221.50,0.39936,11.87007,34.6606,3.28499,5.08438,50.01,0626:27:07,1,08
21:51:59,0.13376,221.50,0.40046,11.87007,34.6606,3.28499,5.08438,50.01,0626:27:08,1,08
21:52:00,0.13376,221.50,0.40046,11.87007,34.6606,3.28499,5.08448,50.01,0626:27:09,1,08
21:52:03,0.13394,221.40,0.40009,11.87007,34.6606,3.28499,5.08448,50.00,0626:27:12,1,08
21:52:06,0.13264,221.20,0.40278,11.82928,34.5415,3.28499,5.08448,49.97,0626:27:15,1,08
21:52:07,0.1327,221.20,0.40417,11.87007,34.6606,3.28499,5.08448,49.99,0626:27:16,1,08
21:52:08,0.13345,221.30,0.40147,11.85647,34.6209,3.28499,5.08448,49.99,0626:27:17,1,08
21:52:13,0.13407,221.40,0.39973,11.87007,34.6606,3.28509,5.08448,49.96,0626:27:22,1,08
21:52:25,0.13314,221.40,0.40221,11.85647,34.6209,3.28509,5.08458,49.97,0626:27:34,1,08
21:52:26,0.13276,221.30,0.40102,11.78849,34.42239,3.28509,5.08458,49.97,0626:27:35,1,08
21:52:27,0.13351,221.20,0.4011,11.85647,34.6209,3.28509,5.08458,49.99,0626:27:36,1,08
21:52:28,0.13283,221.30,0.40287,11.84288,34.5812,3.28509,5.08458,49.99,0626:27:37,1,08
21:52:29,0.1327,221.30,0.40333,11.85647,34.6209,3.28509,5.08458,49.97,0626:27:39,1,08
21:52:30,0.1327,221.30,0.40333,11.85647,34.6209,3.28509,5.08458,49.97,0626:27:39,1,08
21:52:33,0.1332,221.50,0.4023,11.87007,34.6606,3.28509,5.08458,50.01,0626:27:42,1,08
21:52:34,0.13332,221.50,0.40147,11.85647,34.6209,3.28509,5.08458,50.01,0626:27:43,1,08
21:52:35,0.13301,221.50,0.40221,11.85647,34.6209,3.28509,5.08458,50.01,0626:27:45,1,08
21:52:38,0.13326,221.60,0.40156,11.87007,34.6606,3.28509,5.08458,50.01,0626:27:47,1,08
21:52:39,0.13314,221.70,0.40101,11.84288,34.5812,3.28509,5.08458,50.04,0626:27:48,1,08
21:52:41,0.13332,221.70,0.40156,11.87007,34.6606,3.28509,5.08468,50.04,0626:27:51,1,08
21:52:44,0.1332,221.50,0.40184,11.85647,34.6209,3.28519,5.08468,50.04,0626:27:52,1,08
21:52:53,0.13369,221.30,0.40129,11.88367,34.70031,3.28519,5.08468,50.04,0626:28:02,1,08
21:52:54,0.13332,221.40,0.40055,11.82928,34.5415,3.28519,5.08468,50.05,0626:28:03,1,08
21:52:56,0.13276,221.30,0.40287,11.84288,34.5812,3.28519,5.08468,50.04,0626:28:04,1,08
21:52:57,0.13233,221.30,0.4039,11.82928,34.5415,3.28519,5.08468,50.04,0626:28:05,1,08
21:52:59,0.13226,221.50,0.40445,11.85647,34.6209,3.28519,5.08468,50.04,0626:28:08,1,08
21:53:01,0.13233,221.60,0.40408,11.85647,34.6209,3.28519,5.08468,50.03,0626:28:09,1,08
21:53:02,0.13251,221.50,0.40324,11.84288,34.5812,3.28519,5.08478,50.04,0626:28:10,1,08
21:53:03,0.1322,221.50,0.4039,11.82928,34.5415,3.28519,5.08478,50.04,0626:28:12,1,08
21:53:04,0.1322,221.40,0.40436,11.84288,34.5812,3.28519,5.08478,50.04,0626:28:13,1,08
21:53:09,0.13189,221.20,0.40587,11.84288,34.5812,3.28519,5.08478,50.04,0626:28:18,1,08
21:53:10,0.13202,221.20,0.40512,11.84288,34.5812,3.28519,5.08478,50.05,0626:28:19,1,08
21:53:11,0.13233,221.20,0.40436,11.84288,34.5812,3.28519,5.08478,50.04,0626:28:20,1,08
21:53:13,0.13351,221.20,0.40055,11.82928,34.5415,3.28519,5.08478,50.04,0626:28:21,1,08
21:53:15,0.13239,221.30,0.40445,11.85647,34.6209,3.2853,5.08478,50.04,0626:28:24,1,08
21:53:16,0.13264,221.40,0.40324,11.84288,34.5812,3.2853,5.08478,50.03,0626:28:25,1,08
21:53:18,0.13276,221.50,0.40296,11.85647,34.6209,3.2853,5.08478,50.05,0626:28:27,1,08
21:53:20,0.13326,221.70,0.40156,11.87007,34.6606,3.2853,5.08478,50.04,0626:28:29,1,08
21:53:21,0.14455,221.50,0.41766,13.37932,39.06762,3.2853,5.08478,50.04,0626:28:30,1,08
21:53:22,0.18326,221.50,0.48193,19.57949,57.17212,3.2853,5.08488,50.03,0626:28:31,1,08
21:53:23,0.17703,221.60,0.47057,18.47815,53.9562,3.2853,5.08488,50.04,0626:28:32,1,08
21:53:24,0.17388,221.70,0.46121,17.78471,51.93135,3.2853,5.08488,50.04,0626:28:33,1,08
21:53:26,0.17284,221.70,0.46489,17.8255,52.05046,3.2853,5.08488,50.03,0626:28:35,1,08
21:53:27,0.17212,221.70,0.46439,17.73032,51.77254,3.2853,5.08488,50.03,0626:28:36,1,08
21:53:28,0.17101,221.70,0.4638,17.59435,51.37551,3.2853,5.08488,50.03,0626:28:37,1,08
21:53:30,0.16917,221.60,0.46592,17.47198,51.01818,3.2853,5.08488,50.01,0626:28:39,1,08
21:53:31,0.17009,221.50,0.46537,17.53996,51.2167,3.2853,5.08488,50.01,0626:28:40,1,08
21:53:33,0.17038,221.50,0.46472,17.55356,51.25641,3.2853,5.08488,50.03,0626:28:42,1,08
21:53:36,0.17115,221.70,0.46275,17.56716,51.2961,3.2854,5.08488,50.01,0626:28:45,1,08
21:53:39,0.17019,221.70,0.46506,17.55356,51.25641,3.2854,5.08488,50.01,0626:28:48,1,08
21:53:40,0.17057,221.60,0.46549,17.60795,51.41521,3.2854,5.08499,50.01,0626:28:49,1,08
21:53:42,0.17188,221.70,0.46041,17.55356,51.25641,3.2854,5.08499,50.01,0626:28:51,1,08
21:53:43,0.18398,221.70,0.47668,19.45712,56.8148,3.2854,5.08499,49.99,0626:28:52,1,08
21:53:44,0.19811,221.70,0.49629,21.80938,63.6834,3.2854,5.08499,49.99,0626:28:53,1,08
21:53:45,0.19823,221.60,0.4966,21.82298,63.72311,3.2854,5.08499,49.99,0626:28:54,1,08
21:53:46,0.19836,221.60,0.49876,21.93176,64.04073,3.2854,5.08499,49.99,0626:28:55,1,08
21:53:49,0.21039,221.50,0.50233,23.42741,68.40804,3.2854,5.08499,49.97,0626:28:58,1,08
21:53:52,0.21145,221.50,0.50087,23.4818,68.56685,3.2854,5.08499,49.96,0626:29:01,1,08
21:53:54,0.21074,221.50,0.50407,23.54978,68.76537,3.2855,5.08499,49.97,0626:29:03,1,08
21:53:57,0.21424,221.50,0.50487,23.97128,69.99615,3.2855,5.08509,49.95,0626:29:06,1,08
21:53:59,0.24802,221.60,0.51731,28.44466,83.0584,3.2855,5.08509,49.95,0626:29:08,1,08
21:54:04,0.24997,221.90,0.51715,28.703,83.81275,3.2855,5.08509,49.97,0626:29:13,1,08
21:54:05,0.24838,221.90,0.51553,28.43106,83.01869,3.2855,5.08509,49.96,0626:29:14,1,08
21:54:08,0.24971,221.60,0.51603,28.53983,83.33631,3.2856,5.08509,49.97,0626:29:17,1,08
21:54:09,0.24861,221.60,0.51381,28.33588,82.74078,3.2856,5.08509,49.97,0626:29:18,1,08
21:54:11,0.24934,221.80,0.51646,28.58062,83.45542,3.2856,5.08519,49.97,0626:29:20,1,08
21:54:12,0.24934,221.80,0.51646,28.58062,83.45542,3.2856,5.08519,49.97,0626:29:21,1,08
21:54:14,0.25093,221.70,0.51147,28.48545,83.1775,3.2856,5.08519,49.97,0626:29:23,1,08
21:54:16,0.2507,221.80,0.51246,28.52624,83.29662,3.2856,5.08519,49.99,0626:29:25,1,08
21:54:17,0.24968,221.80,0.51521,28.55343,83.37602,3.2856,5.08519,50.00,0626:29:26,1,08
21:54:18,0.24968,221.80,0.51521,28.55343,83.37602,3.2856,5.08519,50.00,0626:29:27,1,08
21:54:19,0.2502,221.70,0.51494,28.59422,83.49513,3.2856,5.08519,49.99,0626:29:28,1,08
21:54:21,0.24957,221.80,0.51325,28.43106,83.01869,3.2857,5.08519,50.00,0626:29:30,1,08
21:54:23,0.26174,221.80,0.51826,30.10347,87.90215,3.2857,5.08529,50.01,0626:29:32,1,08
21:54:25,0.27604,221.60,0.51821,31.7351,92.66649,3.2857,5.08529,50.01,0626:29:34,1,08
21:54:26,0.27849,221.70,0.52157,32.22459,94.09579,3.2857,5.08529,50.01,0626:29:35,1,08
21:54:27,0.27682,221.70,0.51794,31.80309,92.86501,3.2857,5.08529,50.01,0626:29:36,1,08
21:54:28,0.27535,221.60,0.5167,31.54474,92.11065,3.2857,5.08529,50.01,0626:29:37,1,08
21:54:29,0.2765,221.60,0.51996,31.88467,93.10323,3.2857,5.08529,50.04,0626:29:38,1,08
21:54:30,0.2765,221.60,0.51996,31.88467,93.10323,3.2857,5.08529,50.04,0626:29:39,1,08
21:54:31,0.27466,221.50,0.51853,31.57194,92.19006,3.2857,5.08529,50.03,0626:29:40,1,08
21:54:32,0.27485,221.50,0.51763,31.54474,92.11065,3.28581,5.08529,50.03,0626:29:41,1,08
21:54:33,0.27738,221.40,0.51947,31.92546,93.22234,3.28581,5.08529,50.04,0626:29:42,1,08
21:54:34,0.27679,221.40,0.52062,31.92546,93.22234,3.28581,5.08529,50.04,0626:29:43,1,08
21:54:37,0.27673,221.30,0.51664,31.66712,92.46799,3.28581,5.08539,50.03,0626:29:46,1,08
21:54:38,0.27652,221.30,0.51776,31.7079,92.58708,3.28581,5.08539,50.03,0626:29:47,1,08
21:54:40,0.27634,221.40,0.52132,31.91186,93.18262,3.28581,5.08539,50.03,0626:29:49,1,08
21:54:41,0.2773,221.50,0.51792,31.83028,92.94441,3.28581,5.08539,50.01,0626:29:50,1,08
21:54:43,0.27875,221.60,0.51914,32.08862,93.69877,3.28591,5.08539,50.03,0626:29:52,1,08
21:54:48,0.27634,221.60,0.51931,31.81668,92.90472,3.28591,5.08539,50.03,0626:29:57,1,08
21:54:49,0.27557,221.60,0.51914,31.7215,92.62679,3.28591,5.08539,50.03,0626:29:57,1,08
21:54:50,0.27328,221.50,0.5211,31.57194,92.19006,3.28591,5.0855,50.03,0626:29:58,1,08
21:54:51,0.27464,221.40,0.52347,31.84388,92.98412,3.28591,5.0855,50.03,0626:29:59,1,08
21:54:52,0.27328,221.30,0.52045,31.49035,91.95184,3.28591,5.0855,50.03,0626:30:00,1,08
21:54:53,0.27789,221.20,0.52122,32.06142,93.61936,3.28591,5.0855,50.03,0626:30:01,1,08
21:54:55,0.27518,221.40,0.51918,31.65352,92.42827,3.28591,5.0855,50.04,0626:30:03,1,08
21:54:56,0.27589,221.50,0.52179,31.91186,93.18262,3.28601,5.0855,50.01,0626:30:04,1,08
21:54:59,0.27419,221.50,0.51946,31.57194,92.19006,3.28601,5.0855,50.03,0626:30:08,1,08
21:55:00,0.27415,221.50,0.51991,31.59913,92.26947,3.28601,5.0855,50.01,0626:30:09,1,08
21:55:01,0.27496,221.30,0.525,31.97984,93.38114,3.28601,5.0855,50.01,0626:30:09,1,08
21:55:03,0.27464,221.20,0.52237,31.7487,92.70619,3.28601,5.0856,50.01,0626:30:11,1,08
21:55:06,0.27404,221.20,0.52196,31.66712,92.46799,3.28601,5.0856,50.00,0626:30:15,1,08
21:55:07,0.27646,221.30,0.51888,31.76229,92.7459,3.28611,5.0856,50.00,0626:30:15,1,08
21:55:08,0.27634,221.20,0.51822,31.7079,92.58708,3.28611,5.0856,50.00,0626:30:16,1,08
21:55:09,0.27807,221.30,0.51767,31.87107,93.06352,3.28611,5.0856,50.00,0626:30:17,1,08
21:55:10,0.27697,221.20,0.51707,31.7079,92.58708,3.28611,5.0856,50.00,0626:30:19,1,08
21:55:13,0.27765,221.10,0.51992,31.93905,93.26203,3.28611,5.0856,49.99,0626:30:21,1,08
21:55:14,0.27733,221.10,0.51817,31.78949,92.82531,3.28611,5.0856,49.99,0626:30:22,1,08
21:55:15,0.2784,221.10,0.52031,32.04783,93.57966,3.28611,5.0857,49.99,0626:30:24,1,08
21:55:16,0.27557,221.10,0.52051,31.7487,92.70619,3.28611,5.0857,49.99,0626:30:25,1,08
21:55:18,0.27765,221.30,0.51813,31.85747,93.02383,3.28611,5.0857,50.00,0626:30:26,1,08
21:55:20,0.16163,221.20,0.44943,16.0715,46.92878,3.28622,5.0857,49.99,0626:30:29,1,08
21:55:23,0.13381,220.90,0.40487,11.97884,34.97823,3.28622,5.0857,49.97,0626:30:32,1,08
21:55:30,0.13602,221.10,0.40425,12.1692,35.53407,3.28622,5.0857,49.95,0626:30:38,1,08
21:55:31,0.13511,221.30,0.40364,12.07402,35.25615,3.28622,5.0857,49.95,0626:30:40,1,08
21:55:32,0.13363,221.40,0.40303,11.92446,34.81942,3.28622,5.08581,49.97,0626:30:41,1,08
21:55:36,0.14517,221.40,0.4142,13.32493,38.90881,3.28622,5.08581,49.96,0626:30:44,1,08
21:55:37,0.14614,221.50,0.42149,13.65126,39.86168,3.28622,5.08581,49.96,0626:30:46,1,08
21:55:40,0.17582,221.70,0.47071,18.35578,53.59887,3.28622,5.08581,49.96,0626:30:49,1,08
21:55:44,0.17431,221.40,0.47218,18.23341,53.24155,3.28632,5.08581,49.97,0626:30:53,1,08
21:55:46,0.17568,221.40,0.47135,18.34218,53.55917,3.28632,5.08581,49.99,0626:30:55,1,08
21:55:49,0.17426,221.40,0.47077,18.17902,53.08273,3.28632,5.08581,49.99,0626:30:58,1,08
21:55:50,0.17502,221.40,0.46914,18.19262,53.12244,3.28632,5.08591,49.99,0626:30:59,1,08
21:55:51,0.17587,221.40,0.46999,18.31499,53.47976,3.28632,5.08591,50.00,0626:31:00,1,08
21:55:56,0.17473,221.60,0.46982,18.20621,53.16214,3.28632,5.08591,50.01,0626:31:05,1,08
21:55:58,0.17497,221.60,0.47407,18.39657,53.71798,3.28632,5.08591,50.00,0626:31:07,1,08
21:55:59,0.17516,221.70,0.47306,18.38297,53.67828,3.28632,5.08591,50.03,0626:31:08,1,08
21:56:00,0.17516,221.70,0.47306,18.38297,53.67828,3.28632,5.08591,50.03,0626:31:09,1,08
21:56:01,0.17502,221.60,0.47162,18.30139,53.44006,3.28632,5.08591,50.01,0626:31:10,1,08
21:56:03,0.17393,221.60,0.47355,18.2606,53.32095,3.28642,5.08591,50.01,0626:31:12,1,08
21:56:04,0.17478,221.70,0.47335,18.35578,53.59887,3.28642,5.08591,50.01,0626:31:13,1,08
21:56:08,0.1736,221.90,0.47354,18.247,53.28125,3.28642,5.08601,50.01,0626:31:17,1,08
21:56:11,0.17487,221.80,0.47512,18.43736,53.83709,3.28642,5.08601,50.04,0626:31:20,1,08
21:56:12,0.17487,221.80,0.47512,18.43736,53.83709,3.28642,5.08601,50.04,0626:31:21,1,08
21:56:13,0.17507,221.60,0.47374,18.39657,53.71798,3.28642,5.08601,50.03,0626:31:22,1,08
21:56:16,0.17364,221.60,0.47281,18.20621,53.16214,3.28642,5.08601,50.04,0626:31:25,1,08
21:56:18,0.17417,221.70,0.4715,18.21981,53.20185,3.28642,5.08601,50.03,0626:31:27,1,08
21:56:20,0.17526,221.60,0.47096,18.30139,53.44006,3.28642,5.08601,50.03,0626:31:29,1,08
21:56:21,0.17364,221.70,0.47458,18.2742,53.36066,3.28642,5.08601,50.01,0626:31:30,1,08
21:56:22,0.17393,221.60,0.47287,18.247,53.28125,3.28642,5.08601,50.01,0626:31:31,1,08
21:56:23,0.17393,221.60,0.47287,18.247,53.28125,3.28652,5.08601,50.01,0626:31:32,1,08
21:56:24,0.1736,221.60,0.47422,18.2606,53.32095,3.28652,5.08601,50.01,0626:31:33,1,08
21:56:26,0.17412,221.70,0.475,18.34218,53.55917,3.28652,5.08611,50.01,0626:31:35,1,08
21:56:27,0.17388,221.60,0.47532,18.32858,53.51946,3.28652,5.08611,50.01,0626:31:36,1,08
21:56:28,0.17384,221.60,0.47567,18.34218,53.55917,3.28652,5.08611,50.01,0626:31:37,1,08
21:56:32,0.17526,221.80,0.47622,18.51894,54.07531,3.28652,5.08611,50.01,0626:31:41,1,08
21:56:34,0.17507,221.80,0.47061,18.28779,53.40036,3.28652,5.08611,50.01,0626:31:43,1,08
21:56:35,0.17507,221.80,0.47252,18.28779,53.40036,3.28652,5.08611,50.01,0626:31:44,1,08
21:56:37,0.17422,221.90,0.47365,18.32858,53.51946,3.28652,5.08611,50.03,0626:31:46,1,08
21:56:38,0.17487,221.90,0.47199,18.32858,53.51946,3.28652,5.08611,50.03,0626:31:47,1,08
21:56:40,0.17412,221.90,0.47187,18.247,53.28125,3.28652,5.08611,50.03,0626:31:49,1,08
21:56:41,0.17407,222.10,0.47154,18.247,53.28125,3.28652,5.08611,50.03,0626:31:50,1,08
21:56:42,0.1746,222.00,0.47055,18.247,53.28125,3.28652,5.08611,50.03,0626:31:51,1,08
21:56:44,0.17558,222.00,0.47036,18.34218,53.55917,3.28662,5.08621,50.03,0626:31:53,1,08
21:56:45,0.17431,222.00,0.47367,18.34218,53.55917,3.28662,5.08621,50.03,0626:31:54,1,08
21:56:48,0.17369,222.00,0.47322,18.2606,53.32095,3.28662,5.08621,50.03,0626:31:56,1,08
21:56:49,0.17393,221.90,0.47148,18.20621,53.16214,3.28662,5.08621,50.03,0626:31:57,1,08
21:56:50,0.17469,221.90,0.47055,18.247,53.28125,3.28662,5.08621,50.00,0626:31:58,1,08
21:56:51,0.17417,221.90,0.47398,18.32858,53.51946,3.28662,5.08621,50.00,0626:31:59,1,08
21:56:53,0.17388,221.70,0.47461,18.30139,53.44006,3.28662,5.08621,50.00,0626:32:02,1,08
21:56:54,0.17398,221.60,0.47393,18.28779,53.40036,3.28662,5.08621,50.00,0626:32:02,1,08
21:56:56,0.17369,221.70,0.47389,18.2606,53.32095,3.28662,5.08621,49.99,0626:32:04,1,08
21:56:57,0.17388,221.80,0.47357,18.2742,53.36066,3.28662,5.08621,49.99,0626:32:05,1,08
21:56:58,0.17417,221.80,0.47433,18.34218,53.55917,3.28662,5.08621,49.97,0626:32:06,1,08
21:57:00,0.17487,221.70,0.47267,18.34218,53.55917,3.28662,5.08621,49.97,0626:32:08,1,08
21:57:01,0.17398,221.80,0.4743,18.31499,53.47976,3.28662,5.08621,49.97,0626:32:09,1,08
21:57:02,0.17398,221.70,0.47357,18.2742,53.36066,3.28662,5.08621,49.96,0626:32:10,1,08
21:57:03,0.17398,221.70,0.47322,18.2606,53.32095,3.28672,5.08632,49.96,0626:32:11,1,08
21:57:07,0.17293,221.70,0.47199,18.09744,52.84452,3.28672,5.08632,49.95,0626:32:15,1,08
21:57:08,0.17403,221.60,0.47533,18.34218,53.55917,3.28672,5.08632,49.95,0626:32:16,1,08
21:57:09,0.17502,221.70,0.47304,18.36937,53.63857,3.28672,5.08632,49.95,0626:32:17,1,08
21:57:10,0.17426,221.70,0.47433,18.34218,53.55917,3.28672,5.08632,49.95,0626:32:19,1,08
21:57:11,0.17398,221.80,0.47359,18.28779,53.40036,3.28672,5.08632,49.95,0626:32:20,1,08
21:57:13,0.17407,221.90,0.47396,18.31499,53.47976,3.28672,5.08632,49.95,0626:32:21,1,08
21:57:18,0.17331,221.70,0.47454,18.247,53.28125,3.28672,5.08632,49.96,0626:32:26,1,08
21:57:21,0.1735,221.70,0.47491,18.2742,53.36066,3.28672,5.08642,49.96,0626:32:30,1,08
21:57:22,0.17384,221.70,0.47673,18.38297,53.67828,3.28672,5.08642,49.97,0626:32:31,1,08
21:57:23,0.17398,221.60,0.47569,18.35578,53.59887,3.28682,5.08642,49.97,0626:32:32,1,08
21:57:24,0.17521,221.60,0.47304,18.36937,53.63857,3.28682,5.08642,49.97,0626:32:32,1,08
21:57:27,0.1726,221.40,0.47653,18.21981,53.20185,3.28682,5.08642,49.99,0626:32:36,1,08
21:57:32,0.17331,221.20,0.47449,18.20621,53.16214,3.28682,5.08642,49.99,0626:32:41,1,08
21:57:35,0.17516,221.70,0.47761,18.55973,54.19442,3.28682,5.08642,50.00,0626:32:44,1,08
21:57:36,0.17516,221.70,0.47761,18.55973,54.19442,3.28682,5.08642,50.00,0626:32:44,1,08
21:57:37,0.17426,221.70,0.47539,18.38297,53.67828,3.28682,5.08642,50.00,0626:32:45,1,08
21:57:39,0.17436,221.80,0.47189,18.2606,53.32095,3.28682,5.08652,50.00,0626:32:48,1,08
21:57:40,0.17369,221.70,0.47389,18.2606,53.32095,3.28682,5.08652,50.00,0626:32:49,1,08
21:57:42,0.17388,221.70,0.47533,18.34218,53.55917,3.28682,5.08652,50.03,0626:32:50,1,08
21:57:43,0.17469,221.80,0.47195,18.30139,53.44006,3.28692,5.08652,50.03,0626:32:52,1,08
21:57:44,0.17521,221.80,0.47028,18.28779,53.40036,3.28692,5.08652,50.03,0626:32:53,1,08
21:57:45,0.17403,221.70,0.47393,18.28779,53.40036,3.28692,5.08652,50.03,0626:32:54,1,08
21:57:46,0.17369,221.60,0.47493,18.28779,53.40036,3.28692,5.08652,50.03,0626:32:55,1,08
21:57:48,0.17483,221.60,0.4737,18.36937,53.63857,3.28692,5.08652,50.03,0626:32:56,1,08
21:57:53,0.17431,221.70,0.47222,18.2606,53.32095,3.28692,5.08652,50.04,0626:33:02,1,08
21:57:54,0.17431,221.70,0.47222,18.2606,53.32095,3.28692,5.08652,50.04,0626:33:03,1,08
21:57:55,0.17331,221.70,0.47525,18.2742,53.36066,3.28692,5.08652,50.03,0626:33:04,1,08
21:57:56,0.17317,221.70,0.47558,18.2742,53.36066,3.28692,5.08652,50.03,0626:33:05,1,08
21:57:57,0.17492,221.70,0.47337,18.36937,53.63857,3.28692,5.08662,50.03,0626:33:06,1,08
21:57:58,0.17497,221.60,0.47197,18.31499,53.47976,3.28692,5.08662,50.03,0626:33:07,1,08
21:57:59,0.1735,221.60,0.47385,18.23341,53.24155,3.28692,5.08662,50.01,0626:33:08,1,08
21:58:00,0.1735,221.60,0.47385,18.23341,53.24155,3.28692,5.08662,50.01,0626:33:09,1,08
21:58:01,0.17341,221.70,0.47385,18.23341,53.24155,3.28692,5.08662,50.01,0626:33:10,1,08
21:58:07,0.17336,222.00,0.47422,18.2606,53.32095,3.28702,5.08662,50.01,0626:33:16,1,08
21:58:09,0.1745,222.10,0.4737,18.36937,53.63857,3.28702,5.08662,50.03,0626:33:18,1,08
21:58:10,0.17407,222.10,0.47468,18.35578,53.59887,3.28702,5.08662,50.03,0626:33:19,1,08
21:58:11,0.17502,222.00,0.47413,18.43736,53.83709,3.28702,5.08662,50.01,0626:33:20,1,08
21:58:12,0.17502,222.00,0.47413,18.43736,53.83709,3.28702,5.08662,50.01,0626:33:21,1,08
21:58:14,0.1746,221.90,0.4716,18.28779,53.40036,3.28702,5.08672,50.03,0626:33:23,1,08
21:58:16,0.17407,222.00,0.47222,18.2606,53.32095,3.28702,5.08672,50.01,0626:33:25,1,08
21:58:19,0.17497,221.80,0.47269,18.35578,53.59887,3.28702,5.08672,49.99,0626:33:28,1,08
21:58:20,0.1746,221.80,0.47193,18.28779,53.40036,3.28702,5.08672,49.99,0626:33:29,1,08
21:58:21,0.1745,221.70,0.47086,18.23341,53.24155,3.28702,5.08672,50.00,0626:33:30,1,08
21:58:22,0.17487,221.70,0.46985,18.21981,53.20185,3.28713,5.08672,50.00,0626:33:31,1,08
21:58:23,0.17473,221.80,0.4702,18.23341,53.24155,3.28713,5.08672,49.97,0626:33:32,1,08
21:58:26,0.17464,221.60,0.47402,18.35578,53.59887,3.28713,5.08672,49.99,0626:33:35,1,08
21:58:30,0.17407,221.70,0.47359,18.28779,53.40036,3.28713,5.08672,49.97,0626:33:39,1,08
21:58:31,0.17455,222.00,0.47335,18.35578,53.59887,3.28713,5.08672,49.99,0626:33:40,1,08
21:58:32,0.17605,221.90,0.4694,18.35578,53.59887,3.28713,5.08682,49.99,0626:33:41,1,08
21:58:33,0.17516,221.90,0.47238,18.36937,53.63857,3.28713,5.08682,49.97,0626:33:42,1,08
21:58:34,0.17464,221.90,0.47265,18.32858,53.51946,3.28713,5.08682,49.97,0626:33:43,1,08
21:58:35,0.17445,221.90,0.47261,18.30139,53.44006,3.28713,5.08682,49.96,0626:33:44,1,08
21:58:36,0.17487,221.80,0.47267,18.34218,53.55917,3.28713,5.08682,49.96,0626:33:45,1,08
21:58:37,0.17582,221.70,0.46897,18.28779,53.40036,3.28713,5.08682,49.97,0626:33:46,1,08
21:58:38,0.17605,221.60,0.46971,18.34218,53.55917,3.28713,5.08682,49.97,0626:33:47,1,08
21:58:40,0.17708,221.60,0.47472,18.64131,54.43263,3.28713,5.08682,49.95,0626:33:49,1,08
21:58:41,0.1775,221.70,0.47099,18.54613,54.15471,3.28713,5.08682,49.94,0626:33:50,1,08
21:58:45,0.17441,222.10,0.47228,18.30139,53.44006,3.28723,5.08682,49.96,0626:33:53,1,08
21:58:48,0.17601,221.90,0.46868,18.31499,53.47976,3.28723,5.08682,49.96,0626:33:56,1,08
21:58:50,0.17455,221.90,0.47228,18.30139,53.44006,3.28723,5.08693,49.96,0626:33:58,1,08
21:58:51,0.17487,221.70,0.47232,18.32858,53.51946,3.28723,5.08693,49.96,0626:33:59,1,08
21:58:52,0.17511,221.60,0.47129,18.30139,53.44006,3.28723,5.08693,49.99,0626:34:00,1,08
21:58:53,0.17572,221.70,0.46964,18.30139,53.44006,3.28723,5.08693,49.99,0626:34:02,1,08
21:58:54,0.17445,221.90,0.47191,18.2742,53.36066,3.28723,5.08693,49.99,0626:34:02,1,08
21:58:59,0.17483,221.50,0.47404,18.36937,53.63857,3.28723,5.08693,50.00,0626:34:07,1,08
21:59:02,0.1746,221.50,0.47224,18.2742,53.36066,3.28733,5.08693,50.01,0626:34:10,1,08
21:59:03,0.17492,221.50,0.47158,18.2742,53.36066,3.28733,5.08693,50.01,0626:34:11,1,08
21:59:05,0.17492,221.50,0.47405,18.38297,53.67828,3.28733,5.08693,50.03,0626:34:13,1,08
21:59:08,0.17464,221.70,0.47088,18.247,53.28125,3.28733,5.08703,50.04,0626:34:16,1,08
21:59:10,0.17436,221.80,0.47224,18.2742,53.36066,3.28733,5.08703,50.03,0626:34:19,1,08
21:59:11,0.17407,221.80,0.47255,18.2606,53.32095,3.28733,5.08703,50.03,0626:34:19,1,08
21:59:12,0.17652,221.80,0.47014,18.41016,53.75768,3.28733,5.08703,50.04,0626:34:20,1,08
21:59:13,0.17535,221.90,0.47277,18.41016,53.75768,3.28733,5.08703,50.04,0626:34:21,1,08
21:59:15,0.17445,221.90,0.47404,18.36937,53.63857,3.28733,5.08703,50.04,0626:34:24,1,08
21:59:17,0.17497,222.00,0.47061,18.28779,53.40036,3.28733,5.08703,50.04,0626:34:25,1,08
21:59:19,0.17412,222.20,0.47226,18.28779,53.40036,3.28733,5.08703,50.04,0626:34:27,1,08
21:59:22,0.1389,221.90,0.41138,12.68588,37.04278,3.28743,5.08703,50.03,0626:34:31,1,08
21:59:23,0.13608,221.80,0.40459,12.22359,35.69288,3.28743,5.08703,50.03,0626:34:31,1,08
21:59:24,0.13474,221.80,0.40409,12.08762,35.29585,3.28743,5.08703,50.04,0626:34:32,1,08
21:59:25,0.13461,221.80,0.40446,12.08762,35.29585,3.28743,5.08703,50.04,0626:34:33,1,08
21:59:27,0.13461,221.70,0.40437,12.07402,35.25615,3.28743,5.08713,50.05,0626:34:36,1,08
21:59:29,0.13449,221.60,0.40557,12.08762,35.29585,3.28743,5.08713,50.05,0626:34:37,1,08
21:59:30,0.13419,221.70,0.40639,12.10122,35.33555,3.28743,5.08713,50.03,0626:34:38,1,08
21:59:31,0.13407,221.80,0.40585,12.07402,35.25615,3.28743,5.08713,50.04,0626:34:40,1,08
21:59:34,0.1332,221.70,0.40846,12.07402,35.25615,3.28743,5.08713,50.04,0626:34:43,1,08
21:59:35,0.13388,221.90,0.40668,12.08762,35.29585,3.28743,5.08713,50.04,0626:34:44,1,08
21:59:36,0.13388,221.90,0.40668,12.08762,35.29585,3.28743,5.08713,50.04,0626:34:44,1,08
21:59:37,0.13449,222.00,0.40446,12.08762,35.29585,3.28743,5.08713,50.04,0626:34:45,1,08
21:59:38,0.13369,221.90,0.40614,12.06043,35.21645,3.28743,5.08713,50.04,0626:34:47,1,08
21:59:39,0.13443,221.90,0.40483,12.08762,35.29585,3.28743,5.08713,50.04,0626:34:48,1,08
21:59:41,0.13632,222.00,0.40656,12.30517,35.9311,3.28743,5.08713,50.03,0626:34:50,1,08
21:59:44,0.13407,221.80,0.40585,12.07402,35.25615,3.28743,5.08713,50.03,0626:34:53,1,08
21:59:46,0.1348,221.80,0.40318,12.06043,35.21645,3.28743,5.08723,50.04,0626:34:55,1,08
21:59:47,0.13345,221.80,0.40725,12.06043,35.21645,3.28743,5.08723,50.03,0626:34:56,1,08
21:59:51,0.13419,222.00,0.40465,12.06043,35.21645,3.28743,5.08723,50.03,0626:35:00,1,08
22:00:00,0.13314,222.00,0.40846,12.07402,35.25615,3.28753,5.08723,50.03,0626:35:09,1,08
22:00:01,0.13407,222.00,0.40502,12.06043,35.21645,3.28753,5.08723,50.03,0626:35:10,1,08
22:00:02,0.13388,222.00,0.40585,12.07402,35.25615,3.28753,5.08723,50.03,0626:35:11,1,08
22:00:03,0.13407,222.00,0.40594,12.08762,35.29585,3.28753,5.08723,50.01,0626:35:12,1,08
22:00:04,0.13369,221.90,0.40605,12.04683,35.17673,3.28753,5.08723,50.01,0626:35:13,1,08
22:00:05,0.13369,221.90,0.40605,12.04683,35.17673,3.28753,5.08723,50.00,0626:35:14,1,08
22:00:09,0.13394,221.10,0.40505,12.00604,35.05763,3.28753,5.08733,50.00,0626:35:18,1,08
22:00:10,0.1348,220.40,0.40576,12.06043,35.21645,3.28753,5.08733,50.00,0626:35:19,1,08
22:00:11,0.1348,220.40,0.40576,12.06043,35.21645,3.28753,5.08733,49.97,0626:35:20,1,08
22:00:12,0.13381,220.00,0.40397,11.89726,34.74001,3.28753,5.08733,49.97,0626:35:21,1,08
22:00:16,0.13498,220.70,0.40557,12.08762,35.29585,3.28753,5.08733,49.95,0626:35:25,1,08
22:00:17,0.13498,220.70,0.40557,12.08762,35.29585,3.28753,5.08733,49.93,0626:35:26,1,08
22:00:19,0.13407,220.70,0.40542,12.00604,35.05763,3.28753,5.08733,49.94,0626:35:28,1,08
22:00:20,0.13468,220.90,0.40585,12.07402,35.25615,3.28753,5.08733,49.94,0626:35:29,1,08
22:00:25,0.13443,220.70,0.40788,12.10122,35.33555,3.28763,5.08733,49.94,0626:35:34,1,08
22:00:27,0.13381,220.50,0.40838,12.06043,35.21645,3.28763,5.08743,49.95,0626:35:36,1,08
22:00:30,0.13437,220.70,0.40697,12.07402,35.25615,3.28763,5.08743,49.96,0626:35:39,1,08
22:00:31,0.13419,220.70,0.40826,12.10122,35.33555,3.28763,5.08743,49.95,0626:35:40,1,08
22:00:33,0.13332,220.40,0.40749,11.97884,34.97823,3.28763,5.08743,49.95,0626:35:42,1,08
22:00:34,0.13407,220.40,0.408,12.06043,35.21645,3.28763,5.08743,49.95,0626:35:43,1,08
22:00:36,0.134,220.60,0.408,12.06043,35.21645,3.28763,5.08743,49.96,0626:35:45,1,08
22:00:39,0.13381,220.70,0.4093,12.08762,35.29585,3.28763,5.08743,49.96,0626:35:48,1,08
22:00:41,0.13326,220.60,0.40712,11.97884,34.97823,3.28763,5.08743,49.95,0626:35:50,1,08
22:00:42,0.13381,220.40,0.40783,12.03323,35.13704,3.28763,5.08743,49.95,0626:35:51,1,08
22:00:44,0.13376,220.50,0.40876,12.06043,35.21645,3.28763,5.08743,49.94,0626:35:52,1,08
22:00:50,0.13431,220.20,0.40855,12.08762,35.29585,3.28763,5.08753,49.94,0626:35:58,1,08
22:00:52,0.13419,220.20,0.408,12.06043,35.21645,3.28763,5.08753,49.95,0626:36:00,1,08
22:00:53,0.13443,220.20,0.40771,12.07402,35.25615,3.28773,5.08753,49.95,0626:36:01,1,08
22:00:55,0.13419,220.40,0.40717,12.04683,35.17673,3.28773,5.08753,49.94,0626:36:03,1,08
22:00:59,0.13376,219.90,0.40665,11.96525,34.93852,3.28773,5.08753,49.95,0626:36:07,1,08
22:01:01,0.13553,220.00,0.40383,12.04683,35.17673,3.28773,5.08753,49.95,0626:36:09,1,08
22:01:03,0.13461,220.10,0.40642,12.04683,35.17673,3.28773,5.08753,49.95,0626:36:11,1,08
22:01:05,0.13425,219.90,0.40838,12.06043,35.21645,3.28773,5.08753,49.94,0626:36:13,1,08
22:01:10,0.13449,220.00,0.40634,12.03323,35.13704,3.28773,5.08764,49.94,0626:36:19,1,08
22:01:11,0.13492,220.00,0.40614,12.06043,35.21645,3.28773,5.08764,49.94,0626:36:19,1,08
22:01:12,0.13492,220.00,0.40888,12.14201,35.45466,3.28773,5.08764,49.94,0626:36:20,1,08
22:01:15,0.13431,219.60,0.40553,11.96525,34.93852,3.28773,5.08764,49.95,0626:36:24,1,08
22:01:19,0.13474,219.90,0.40688,12.06043,35.21645,3.28773,5.08764,49.94,0626:36:27,1,08
22:01:20,0.1348,219.80,0.40688,12.06043,35.21645,3.28773,5.08764,49.95,0626:36:28,1,08
22:01:21,0.13455,219.90,0.40763,12.06043,35.21645,3.28773,5.08764,49.95,0626:36:30,1,08
22:01:22,0.13449,219.60,0.40616,12.00604,35.05763,3.28773,5.08764,49.95,0626:36:31,1,08
22:01:23,0.13449,219.60,0.40616,12.00604,35.05763,3.28783,5.08764,49.95,0626:36:31,1,08
22:01:25,0.13474,219.50,0.40717,12.04683,35.17673,3.28783,5.08764,49.95,0626:36:33,1,08
22:01:26,0.13455,219.50,0.408,12.06043,35.21645,3.28783,5.08764,49.95,0626:36:34,1,08
22:01:27,0.13425,219.80,0.40838,12.06043,35.21645,3.28783,5.08764,49.95,0626:36:36,1,08
22:01:31,0.134,219.50,0.40619,11.95165,34.89882,3.28783,5.08774,49.93,0626:36:39,1,08
22:01:35,0.13381,220.30,0.40829,12.04683,35.17673,3.28783,5.08774,49.94,0626:36:43,1,08
22:01:38,0.13388,220.00,0.40959,12.07402,35.25615,3.28783,5.08774,49.95,0626:36:47,1,08
22:01:44,0.13376,220.40,0.40959,12.07402,35.25615,3.28783,5.08774,49.95,0626:36:53,1,08
22:01:45,0.13412,220.30,0.40938,12.10122,35.33555,3.28783,5.08774,49.96,0626:36:54,1,08
22:01:47,0.13474,220.20,0.40376,11.97884,34.97823,3.28783,5.08774,49.96,0626:36:55,1,08
22:01:50,0.13498,220.50,0.40594,12.08762,35.29585,3.28783,5.08774,49.95,0626:36:59,1,08
22:01:51,0.13431,220.60,0.40688,12.06043,35.21645,3.28783,5.08784,49.94,0626:37:00,1,08
22:01:53,0.13407,220.50,0.40809,12.07402,35.25615,3.28793,5.08784,49.94,0626:37:01,1,08
22:01:56,0.13407,220.30,0.408,12.06043,35.21645,3.28793,5.08784,49.94,0626:37:05,1,08
22:01:58,0.13425,220.40,0.4068,12.04683,35.17673,3.28793,5.08784,49.95,0626:37:07,1,08
22:01:59,0.13425,220.40,0.4068,12.04683,35.17673,3.28793,5.08784,49.95,0626:37:07,1,08
22:02:00,0.13468,220.50,0.40705,12.08762,35.29585,3.28793,5.08784,49.95,0626:37:09,1,08
22:02:02,0.13376,220.50,0.40968,12.08762,35.29585,3.28793,5.08784,49.96,0626:37:11,1,08
22:02:04,0.13388,220.30,0.40415,11.92446,34.81942,3.28793,5.08784,49.96,0626:37:13,1,08
22:02:06,0.13381,220.20,0.40867,12.04683,35.17673,3.28793,5.08784,49.95,0626:37:15,1,08
22:02:07,0.13369,220.30,0.40913,12.06043,35.21645,3.28793,5.08784,49.95,0626:37:16,1,08
22:02:09,0.13388,220.30,0.40968,12.08762,35.29585,3.28793,5.08784,49.94,0626:37:18,1,08
22:02:10,0.13369,220.30,0.40959,12.07402,35.25615,3.28793,5.08784,49.94,0626:37:19,1,08
22:02:11,0.13369,220.30,0.40959,12.07402,35.25615,3.28793,5.08784,49.95,0626:37:20,1,08
22:02:15,0.13338,220.20,0.41027,12.06043,35.21645,3.28793,5.08794,49.95,0626:37:24,1,08
22:02:16,0.13345,220.30,0.40989,12.06043,35.21645,3.28793,5.08794,49.95,0626:37:25,1,08
22:02:17,0.13363,220.30,0.40997,12.07402,35.25615,3.28793,5.08794,49.94,0626:37:26,1,08
22:02:18,0.13338,220.20,0.41027,12.06043,35.21645,3.28793,5.08794,49.94,0626:37:27,1,08
22:02:20,0.13332,219.90,0.40871,11.99244,35.01793,3.28793,5.08794,49.95,0626:37:29,1,08
22:02:21,0.13351,219.90,0.40926,12.01964,35.09734,3.28793,5.08794,49.94,0626:37:30,1,08
22:02:24,0.13394,220.00,0.40867,12.04683,35.17673,3.28804,5.08794,49.95,0626:37:33,1,08
22:02:26,0.13351,220.00,0.40972,12.03323,35.13704,3.28804,5.08794,49.95,0626:37:35,1,08
22:02:28,0.13504,219.60,0.40788,12.10122,35.33555,3.28804,5.08794,49.96,0626:37:37,1,08
22:02:29,0.13443,219.70,0.40432,11.95165,34.89882,3.28804,5.08794,49.95,0626:37:38,1,08
22:02:30,0.13431,219.70,0.40838,12.06043,35.21645,3.28804,5.08794,49.95,0626:37:39,1,08
22:02:31,0.1348,219.70,0.4068,12.04683,35.17673,3.28804,5.08794,49.95,0626:37:40,1,08
22:02:33,0.13504,219.90,0.40614,12.06043,35.21645,3.28804,5.08804,49.94,0626:37:42,1,08
22:02:36,0.13455,219.80,0.40717,12.04683,35.17673,3.28804,5.08804,49.94,0626:37:45,1,08
22:02:37,0.13425,219.60,0.4059,11.96525,34.93852,3.28804,5.08804,49.95,0626:37:46,1,08
22:02:40,0.13461,219.80,0.4068,12.04683,35.17673,3.28804,5.08804,49.95,0626:37:49,1,08
22:02:42,0.13437,219.90,0.408,12.06043,35.21645,3.28804,5.08804,49.95,0626:37:50,1,08
22:02:43,0.13437,220.00,0.40763,12.06043,35.21645,3.28804,5.08804,49.95,0626:37:51,1,08
22:02:44,0.13443,220.00,0.40763,12.06043,35.21645,3.28804,5.08804,49.96,0626:37:52,1,08
22:02:45,0.13468,219.90,0.40725,12.06043,35.21645,3.28804,5.08804,49.96,0626:37:53,1,08
22:02:48,0.13425,219.70,0.40829,12.04683,35.17673,3.28804,5.08804,49.94,0626:37:56,1,08
22:02:49,0.13443,219.70,0.40746,12.03323,35.13704,3.28804,5.08804,49.94,0626:37:57,1,08
22:02:50,0.13388,219.60,0.40896,12.03323,35.13704,3.28804,5.08804,49.95,0626:37:58,1,08
22:02:51,0.13553,219.70,0.41142,12.25078,35.77228,3.28804,5.08804,49.95,0626:37:59,1,08
22:02:52,0.13541,219.70,0.41096,12.23718,35.73258,3.28804,5.08804,49.94,0626:38:00,1,08
22:02:53,0.13388,219.80,0.40997,12.07402,35.25615,3.28804,5.08804,49.94,0626:38:01,1,08
22:02:54,0.13449,219.70,0.40754,12.04683,35.17673,3.28814,5.08814,49.96,0626:38:02,1,08
22:02:56,0.13412,219.50,0.40674,11.97884,34.97823,3.28814,5.08814,49.96,0626:38:04,1,08
22:02:57,0.13425,219.60,0.40876,12.06043,35.21645,3.28814,5.08814,49.96,0626:38:05,1,08
22:02:58,0.13468,219.90,0.40771,12.07402,35.25615,3.28814,5.08814,49.95,0626:38:06,1,08
22:03:00,0.1348,220.00,0.40651,12.06043,35.21645,3.28814,5.08814,49.96,0626:38:08,1,08
22:03:01,0.13486,220.00,0.40659,12.07402,35.25615,3.28814,5.08814,49.96,0626:38:09,1,08
22:03:03,0.13468,219.90,0.4078,12.08762,35.29585,3.28814,5.08814,49.96,0626:38:11,1,08
22:03:04,0.13498,219.90,0.40476,12.01964,35.09734,3.28814,5.08814,49.97,0626:38:12,1,08
22:03:06,0.13394,220.20,0.40876,12.06043,35.21645,3.28814,5.08814,49.96,0626:38:14,1,08
22:03:07,0.13394,220.20,0.40829,12.04683,35.17673,3.28814,5.08814,49.96,0626:38:15,1,08
22:03:09,0.13443,220.30,0.40642,12.04683,35.17673,3.28814,5.08814,49.96,0626:38:17,1,08
22:03:10,0.13388,220.40,0.40838,12.06043,35.21645,3.28814,5.08814,49.95,0626:38:18,1,08
22:03:11,0.13407,220.50,0.40809,12.07402,35.25615,3.28814,5.08814,49.95,0626:38:19,1,08
22:03:14,0.13455,220.10,0.40321,11.95165,34.89882,3.28814,5.08814,49.96,0626:38:22,1,08
22:03:17,0.13468,220.30,0.40476,12.01964,35.09734,3.28814,5.08825,49.96,0626:38:25,1,08
22:03:18,0.13443,220.30,0.4068,12.04683,35.17673,3.28814,5.08825,49.96,0626:38:26,1,08
22:03:19,0.13437,220.10,0.40717,12.04683,35.17673,3.28814,5.08825,49.96,0626:38:27,1,08
22:03:20,0.13407,220.10,0.40884,12.07402,35.25615,3.28814,5.08825,49.96,0626:38:28,1,08
22:03:21,0.13338,220.00,0.41103,12.06043,35.21645,3.28814,5.08825,49.96,0626:38:29,1,08
22:03:22,0.13363,220.10,0.41128,12.10122,35.33555,3.28814,5.08825,49.96,0626:38:30,1,08
22:03:23,0.13455,220.10,0.40817,12.08762,35.29585,3.28814,5.08825,49.95,0626:38:32,1,08
22:03:28,0.13412,220.20,0.408,12.06043,35.21645,3.28824,5.08825,49.96,0626:38:36,1,08
22:03:29,0.13376,220.10,0.40951,12.06043,35.21645,3.28824,5.08825,49.95,0626:38:38,1,08
22:03:30,0.13376,220.10,0.40951,12.06043,35.21645,3.28824,5.08825,49.95,0626:38:38,1,08
22:03:31,0.13388,220.00,0.40951,12.06043,35.21645,3.28824,5.08825,49.95,0626:38:39,1,08
22:03:32,0.13314,220.00,0.40816,11.96525,34.93852,3.28824,5.08825,49.95,0626:38:40,1,08
22:03:33,0.13419,220.00,0.40746,12.03323,35.13704,3.28824,5.08825,49.96,0626:38:41,1,08
22:03:34,0.1348,220.20,0.40522,12.03323,35.13704,3.28824,5.08825,49.96,0626:38:43,1,08
22:03:36,0.13486,220.40,0.40676,12.10122,35.33555,3.28824,5.08835,49.96,0626:38:44,1,08
22:03:37,0.13498,220.50,0.40411,12.03323,35.13704,3.28824,5.08835,49.96,0626:38:45,1,08
22:03:40,0.13474,220.10,0.40376,11.97884,34.97823,3.28824,5.08835,49.96,0626:38:49,1,08
22:03:43,0.13431,220.10,0.40763,12.06043,35.21645,3.28824,5.08835,49.96,0626:38:51,1,08
22:03:44,0.13449,220.30,0.40688,12.06043,35.21645,3.28824,5.08835,49.96,0626:38:52,1,08
22:03:45,0.13468,220.40,0.40614,12.06043,35.21645,3.28824,5.08835,49.96,0626:38:54,1,08
22:03:46,0.13486,220.40,0.40585,12.07402,35.25615,3.28824,5.08835,49.96,0626:38:55,1,08
22:03:47,0.13425,220.50,0.40771,12.07402,35.25615,3.28824,5.08835,49.96,0626:38:56,1,08
22:03:49,0.13729,220.30,0.40925,12.38675,36.16931,3.28824,5.08835,49.96,0626:38:57,1,08
22:03:50,0.13369,220.30,0.40683,11.99244,35.01793,3.28824,5.08835,49.96,0626:38:59,1,08
22:03:52,0.13369,220.60,0.40829,12.04683,35.17673,3.28824,5.08835,49.96,0626:39:01,1,08
22:03:55,0.13674,220.70,0.40991,12.37315,36.12961,3.28834,5.08835,49.95,0626:39:04,1,08
22:03:59,0.13529,220.50,0.40801,12.1828,35.57377,3.28834,5.08845,49.96,0626:39:07,1,08
22:04:00,0.13455,220.40,0.40651,12.06043,35.21645,3.28834,5.08845,49.96,0626:39:08,1,08
22:04:01,0.1348,220.40,0.40531,12.04683,35.17673,3.28834,5.08845,49.96,0626:39:10,1,08
22:04:02,0.13486,220.50,0.40494,12.04683,35.17673,3.28834,5.08845,49.96,0626:39:11,1,08
22:04:06,0.13425,220.50,0.40634,12.03323,35.13704,3.28834,5.08845,49.97,0626:39:14,1,08
22:04:07,0.134,220.30,0.40884,12.07402,35.25615,3.28834,5.08845,49.96,0626:39:16,1,08
22:04:08,0.13474,220.40,0.40614,12.06043,35.21645,3.28834,5.08845,49.96,0626:39:17,1,08
22:04:10,0.13431,220.60,0.40413,11.97884,34.97823,3.28834,5.08845,49.96,0626:39:19,1,08
22:04:11,0.1359,220.80,0.40716,12.22359,35.69288,3.28834,5.08845,49.96,0626:39:20,1,08
22:04:12,0.13474,220.80,0.40457,12.04683,35.17673,3.28834,5.08845,49.96,0626:39:21,1,08
22:04:13,0.13455,220.80,0.40576,12.06043,35.21645,3.28834,5.08845,49.96,0626:39:22,1,08
22:04:14,0.13431,220.90,0.40614,12.06043,35.21645,3.28834,5.08845,49.96,0626:39:23,1,08
22:04:15,0.13492,221.00,0.40383,12.04683,35.17673,3.28834,5.08845,49.96,0626:39:24,1,08
22:04:18,0.13437,221.00,0.40614,12.06043,35.21645,3.28834,5.08855,49.99,0626:39:27,1,08
22:04:20,0.13394,220.80,0.40763,12.06043,35.21645,3.28834,5.08855,49.97,0626:39:29,1,08
22:04:22,0.13443,220.70,0.40522,12.03323,35.13704,3.28834,5.08855,49.99,0626:39:31,1,08
22:04:26,0.13357,220.90,0.40792,12.04683,35.17673,3.28844,5.08855,49.99,0626:39:35,1,08
22:04:27,0.13431,220.90,0.40522,12.03323,35.13704,3.28844,5.08855,50.00,0626:39:36,1,08
22:04:28,0.13455,220.80,0.40576,12.06043,35.21645,3.28844,5.08855,50.00,0626:39:37,1,08
22:04:30,0.13486,220.90,0.40374,12.03323,35.13704,3.28844,5.08855,50.00,0626:39:39,1,08
22:04:31,0.1348,220.90,0.40502,12.06043,35.21645,3.28844,5.08855,50.01,0626:39:40,1,08
22:04:33,0.13455,221.00,0.40402,12.01964,35.09734,3.28844,5.08855,50.00,0626:39:42,1,08
22:04:34,0.13461,221.00,0.40539,12.06043,35.21645,3.28844,5.08855,50.00,0626:39:43,1,08
22:04:35,0.13425,221.00,0.40559,12.03323,35.13704,3.28844,5.08855,50.01,0626:39:44,1,08
22:04:36,0.13419,220.80,0.4055,12.01964,35.09734,3.28844,5.08855,50.01,0626:39:45,1,08
22:04:40,0.13407,220.80,0.4068,12.04683,35.17673,3.28844,5.08865,50.03,0626:39:48,1,08
22:04:41,0.13474,220.80,0.40457,12.04683,35.17673,3.28844,5.08865,50.03,0626:39:49,1,08
22:04:42,0.13468,220.70,0.40494,12.04683,35.17673,3.28844,5.08865,50.01,0626:39:50,1,08
22:04:44,0.13407,220.70,0.40717,12.04683,35.17673,3.28844,5.08865,50.04,0626:39:52,1,08
22:04:45,0.13486,220.70,0.40457,12.04683,35.17673,3.28844,5.08865,50.04,0626:39:53,1,08
22:04:46,0.13443,220.50,0.40513,12.01964,35.09734,3.28844,5.08865,50.01,0626:39:54,1,08
22:04:47,0.13492,220.70,0.40457,12.04683,35.17673,3.28844,5.08865,50.01,0626:39:55,1,08
22:04:48,0.13535,220.60,0.40309,12.04683,35.17673,3.28844,5.08865,50.03,0626:39:56,1,08
22:04:49,0.13468,220.60,0.40439,12.01964,35.09734,3.28844,5.08865,50.03,0626:39:57,1,08
22:04:50,0.13504,220.60,0.4042,12.04683,35.17673,3.28844,5.08865,50.03,0626:39:58,1,08
22:04:51,0.13529,220.40,0.40337,12.03323,35.13704,3.28844,5.08865,50.03,0626:39:59,1,08
22:04:52,0.13529,220.50,0.40292,12.01964,35.09734,3.28844,5.08865,50.01,0626:40:00,1,08
22:04:53,0.13657,220.60,0.40027,12.06043,35.21645,3.28844,5.08865,50.01,0626:40:01,1,08
22:04:55,0.13577,220.60,0.402,12.04683,35.17673,3.28854,5.08865,50.01,0626:40:03,1,08
22:04:56,0.13908,220.60,0.40523,12.44114,36.32812,3.28854,5.08865,50.01,0626:40:04,1,08
22:04:59,0.13547,220.70,0.40227,12.03323,35.13704,3.28854,5.08875,50.01,0626:40:07,1,08
22:05:00,0.13517,220.70,0.40346,12.04683,35.17673,3.28854,5.08875,50.01,0626:40:08,1,08
22:05:01,0.13559,220.70,0.40236,12.04683,35.17673,3.28854,5.08875,50.01,0626:40:09,1,08
22:05:02,0.13541,220.70,0.40227,12.03323,35.13704,3.28854,5.08875,50.01,0626:40:10,1,08
22:05:09,0.13376,221.10,0.40717,12.04683,35.17673,3.28854,5.08875,50.01,0626:40:17,1,08
22:05:10,0.13381,221.00,0.40625,12.01964,35.09734,3.28854,5.08875,50.03,0626:40:18,1,08
22:05:11,0.13437,220.90,0.40568,12.04683,35.17673,3.28854,5.08875,50.03,0626:40:19,1,08
22:05:12,0.13565,220.70,0.402,12.04683,35.17673,3.28854,5.08875,50.03,0626:40:20,1,08
22:05:13,0.13565,220.70,0.402,12.04683,35.17673,3.28854,5.08875,50.03,0626:40:21,1,08
22:05:14,0.13468,220.70,0.40402,12.01964,35.09734,3.28854,5.08875,50.01,0626:40:22,1,08
22:05:16,0.13443,220.70,0.40568,12.04683,35.17673,3.28854,5.08875,50.01,0626:40:24,1,08
22:05:17,0.13474,220.70,0.40539,12.06043,35.21645,3.28854,5.08875,50.01,0626:40:25,1,08
22:05:19,0.13443,220.80,0.40522,12.03323,35.13704,3.28854,5.08885,50.01,0626:40:27,1,08
22:05:20,0.13486,220.70,0.40457,12.04683,35.17673,3.28854,5.08885,50.00,0626:40:28,1,08
22:05:21,0.13455,220.70,0.40576,12.06043,35.21645,3.28854,5.08885,50.00,0626:40:29,1,08
22:05:22,0.1348,220.60,0.40402,12.01964,35.09734,3.28854,5.08885,50.01,0626:40:30,1,08
22:05:24,0.13498,220.90,0.40337,12.03323,35.13704,3.28864,5.08885,50.00,0626:40:33,1,08
22:05:25,0.13498,220.90,0.40337,12.03323,35.13704,3.28864,5.08885,50.00,0626:40:33,1,08
22:05:26,0.13461,220.70,0.40439,12.01964,35.09734,3.28864,5.08885,50.00,0626:40:34,1,08
22:05:27,0.13511,220.70,0.40428,12.06043,35.21645,3.28864,5.08885,50.00,0626:40:35,1,08
22:05:29,0.13455,220.80,0.40485,12.03323,35.13704,3.28864,5.08885,50.00,0626:40:37,1,08
22:05:30,0.13449,220.70,0.40522,12.03323,35.13704,3.28864,5.08885,50.00,0626:40:39,1,08
22:05:31,0.13449,220.70,0.40522,12.03323,35.13704,3.28864,5.08885,50.00,0626:40:39,1,08
22:05:32,0.13535,220.70,0.40446,12.08762,35.29585,3.28864,5.08885,49.99,0626:40:40,1,08
22:05:34,0.13474,220.90,0.40502,12.06043,35.21645,3.28864,5.08885,49.99,0626:40:42,1,08
22:05:35,0.13474,220.90,0.40457,12.04683,35.17673,3.28864,5.08885,49.97,0626:40:44,1,08
22:05:36,0.13504,220.80,0.40337,12.03323,35.13704,3.28864,5.08885,49.97,0626:40:45,1,08
22:05:38,0.13492,220.80,0.40465,12.06043,35.21645,3.28864,5.08885,49.97,0626:40:46,1,08
22:05:39,0.13541,220.80,0.40273,12.04683,35.17673,3.28864,5.08895,49.97,0626:40:47,1,08
22:05:40,0.15906,220.70,0.43808,15.39166,44.94365,3.28864,5.08895,49.96,0626:40:48,1,08
22:05:42,0.17469,220.90,0.45915,17.73032,51.77254,3.28864,5.08895,49.96,0626:40:51,1,08
22:05:43,0.17469,220.90,0.45915,17.73032,51.77254,3.28864,5.08895,49.96,0626:40:51,1,08
22:05:45,0.17407,221.30,0.46298,17.85269,52.12986,3.28864,5.08895,49.96,0626:40:53,1,08
22:05:46,0.17455,221.30,0.46062,17.8119,52.01076,3.28864,5.08895,49.96,0626:40:55,1,08
22:05:47,0.1725,221.30,0.45943,17.55356,51.25641,3.28864,5.08895,49.95,0626:40:56,1,08
22:05:48,0.17345,221.30,0.46636,17.90708,52.28867,3.28864,5.08895,49.95,0626:40:57,1,08
22:05:49,0.17345,221.30,0.46636,17.90708,52.28867,3.28864,5.08895,49.95,0626:40:57,1,08
22:05:50,0.17159,221.10,0.46418,17.62155,51.45491,3.28875,5.08895,49.97,0626:40:58,1,08
22:05:52,0.17222,221.20,0.4622,17.62155,51.45491,3.28875,5.08895,49.96,0626:41:01,1,08
22:05:53,0.17222,221.20,0.46502,17.71672,51.73284,3.28875,5.08895,49.97,0626:41:02,1,08
22:05:55,0.17212,221.10,0.46393,17.66234,51.57403,3.28875,5.08895,49.97,0626:41:03,1,08
22:05:58,0.17217,221.20,0.46324,17.64874,51.53432,3.28875,5.08905,49.97,0626:41:07,1,08
22:05:59,0.17455,221.30,0.46552,17.98866,52.5269,3.28875,5.08905,50.00,0626:41:08,1,08
22:06:01,0.17398,221.20,0.46257,17.8119,52.01076,3.28875,5.08905,50.00,0626:41:09,1,08
22:06:03,0.17288,221.20,0.46517,17.79831,51.97105,3.28875,5.08905,49.99,0626:41:12,1,08
22:06:06,0.17293,221.20,0.46165,17.67593,51.61373,3.28875,5.08905,49.99,0626:41:15,1,08
22:06:07,0.17111,221.30,0.46518,17.62155,51.45491,3.28875,5.08905,50.00,0626:41:15,1,08
22:06:09,0.17217,221.20,0.46502,17.71672,51.73284,3.28875,5.08905,50.01,0626:41:18,1,08
22:06:10,0.17269,221.20,0.46337,17.71672,51.73284,3.28885,5.08905,50.01,0626:41:19,1,08
22:06:11,0.17364,221.50,0.46184,17.77111,51.89165,3.28885,5.08905,50.00,0626:41:20,1,08
22:06:16,0.17274,221.60,0.46058,17.63515,51.49463,3.28885,5.08915,50.01,0626:41:25,1,08
22:06:18,0.17226,221.50,0.46368,17.70313,51.69313,3.28885,5.08915,50.04,0626:41:27,1,08
22:06:19,0.17231,221.40,0.46368,17.70313,51.69313,3.28885,5.08915,50.03,0626:41:28,1,08
22:06:21,0.17441,220.30,0.45827,17.62155,51.45491,3.28885,5.08915,50.04,0626:41:30,1,08
22:06:23,0.1726,221.30,0.46302,17.70313,51.69313,3.28885,5.08915,50.04,0626:41:32,1,08
22:06:27,0.17203,221.40,0.46395,17.67593,51.61373,3.28885,5.08915,50.01,0626:41:36,1,08
22:06:28,0.17149,221.40,0.46135,17.52637,51.17699,3.28885,5.08915,50.01,0626:41:37,1,08
22:06:29,0.17145,221.50,0.4617,17.53996,51.2167,3.28885,5.08915,50.03,0626:41:38,1,08
22:06:31,0.19731,221.30,0.48631,21.25191,62.05558,3.28895,5.08926,50.03,0626:41:40,1,08
22:06:33,0.201,221.20,0.49694,22.10851,64.55686,3.28895,5.08926,50.03,0626:41:42,1,08
22:06:39,0.20174,220.90,0.49756,22.1901,64.79508,3.28895,5.08926,50.03,0626:41:47,1,08
22:06:40,0.20211,221.00,0.49878,22.28527,65.073,3.28895,5.08926,50.01,0626:41:48,1,08
22:06:41,0.20406,220.90,0.49427,22.29887,65.11271,3.28895,5.08926,50.01,0626:41:49,1,08
22:06:42,0.2017,220.80,0.4942,22.02694,64.31866,3.28895,5.08926,50.01,0626:41:50,1,08
22:06:43,0.20256,220.70,0.49726,22.24448,64.95388,3.28895,5.08926,50.01,0626:41:51,1,08
22:06:44,0.20219,220.70,0.49543,22.12211,64.59657,3.28895,5.08926,50.01,0626:41:52,1,08
22:06:53,0.21331,220.80,0.50548,23.82172,69.55943,3.28905,5.08936,49.99,0626:42:01,1,08
22:06:55,0.2147,220.80,0.50487,23.94409,69.91675,3.28905,5.08936,49.97,0626:42:03,1,08
22:06:56,0.21608,220.90,0.50142,23.95769,69.95645,3.28905,5.08936,49.96,0626:42:04,1,08
22:06:57,0.21528,221.10,0.50371,23.98488,70.03587,3.28905,5.08936,49.96,0626:42:05,1,08
22:06:58,0.21915,221.00,0.5028,24.37919,71.18724,3.28905,5.08936,49.96,0626:42:06,1,08
22:06:59,0.27262,221.00,0.51691,31.16403,90.99898,3.28905,5.08936,49.96,0626:42:07,1,08
22:07:00,0.27158,221.10,0.51833,31.13684,90.91958,3.28905,5.08936,49.97,0626:42:08,1,08
22:07:04,0.25279,221.10,0.51361,28.73019,83.89216,3.28915,5.08946,49.99,0626:42:12,1,08
22:07:05,0.25132,221.10,0.51369,28.56703,83.41573,3.28915,5.08946,49.99,0626:42:13,1,08
22:07:08,0.23542,221.10,0.5107,26.59548,77.65881,3.28915,5.08946,49.97,0626:42:16,1,08
22:07:10,0.24928,221.20,0.51281,28.29509,82.62167,3.28915,5.08946,49.99,0626:42:18,1,08
22:07:12,0.25361,221.20,0.51187,28.73019,83.89216,3.28915,5.08946,49.99,0626:42:20,1,08
22:07:13,0.25361,221.20,0.51187,28.73019,83.89216,3.28915,5.08946,49.99,0626:42:21,1,08
22:07:14,0.2541,221.20,0.51426,28.92055,84.448,3.28915,5.08946,50.00,0626:42:22,1,08
22:07:17,0.25201,221.20,0.51408,28.79818,84.09068,3.28926,5.08957,50.00,0626:42:25,1,08
22:07:21,0.2527,221.20,0.5141,28.75739,83.97157,3.28926,5.08957,50.03,0626:42:29,1,08
22:07:22,0.25442,221.40,0.51254,28.89335,84.36859,3.28926,5.08957,50.04,0626:42:30,1,08
22:07:24,0.2539,221.00,0.51453,28.89335,84.36859,3.28926,5.08957,50.04,0626:42:32,1,08
22:07:25,0.2539,221.00,0.51453,28.89335,84.36859,3.28926,5.08957,50.04,0626:42:33,1,08
22:07:28,0.25332,221.10,0.51334,28.77098,84.01127,3.28936,5.08957,50.04,0626:42:36,1,08
22:07:29,0.25357,220.80,0.51601,28.92055,84.448,3.28936,5.08957,50.04,0626:42:37,1,08
22:07:30,0.25345,220.80,0.51481,28.82537,84.17008,3.28936,5.08967,50.04,0626:42:38,1,08
22:07:36,0.28105,220.70,0.51883,32.21099,94.05608,3.28936,5.08967,50.04,0626:42:45,1,08
22:07:38,0.28184,220.80,0.51419,32.02063,93.50025,3.28936,5.08967,50.03,0626:42:46,1,08
22:07:41,0.27842,220.80,0.51547,31.7079,92.58708,3.28946,5.08967,50.04,0626:42:50,1,08
22:07:42,0.27919,220.60,0.51478,31.7351,92.66649,3.28946,5.08977,50.04,0626:42:51,1,08
22:07:47,0.2797,220.70,0.51805,32.00703,93.46054,3.28946,5.08977,50.04,0626:42:56,1,08
22:07:48,0.2797,220.70,0.51805,32.00703,93.46054,3.28946,5.08977,50.04,0626:42:56,1,08
22:07:49,0.27736,220.80,0.51841,31.77589,92.7856,3.28946,5.08977,50.04,0626:42:57,1,08
22:07:51,0.28131,220.70,0.51685,32.11581,93.77818,3.28956,5.08977,50.03,0626:42:59,1,08
22:07:52,0.28049,220.70,0.51602,31.96624,93.34143,3.28956,5.08977,50.03,0626:43:01,1,08
22:07:54,0.28014,220.80,0.5145,31.84388,92.98412,3.28956,5.08977,50.03,0626:43:02,1,08
22:07:57,0.27819,221.00,0.51768,31.84388,92.98412,3.28956,5.08987,50.03,0626:43:06,1,08
22:07:59,0.28088,220.80,0.51797,32.143,93.85757,3.28956,5.08987,50.03,0626:43:08,1,08
22:08:00,0.28023,220.90,0.51493,31.89826,93.14294,3.28956,5.08987,50.03,0626:43:08,1,08
22:08:05,0.13729,220.80,0.40448,12.26438,35.81199,3.28966,5.08987,50.03,0626:43:14,1,08
22:08:07,0.13553,220.80,0.40327,12.07402,35.25615,3.28966,5.08987,50.04,0626:43:15,1,08
22:08:09,0.13584,220.80,0.40217,12.07402,35.25615,3.28966,5.08987,50.04,0626:43:18,1,08
22:08:13,0.1359,220.60,0.40163,12.04683,35.17673,3.28966,5.08997,50.01,0626:43:21,1,08
22:08:14,0.13657,220.60,0.40117,12.08762,35.29585,3.28966,5.08997,50.01,0626:43:23,1,08
22:08:18,0.14265,220.80,0.41156,12.97142,37.87653,3.28966,5.08997,50.03,0626:43:26,1,08
22:08:19,0.14608,220.70,0.41863,13.50169,39.42495,3.28966,5.08997,50.01,0626:43:28,1,08
22:08:20,0.17303,220.80,0.47011,17.96147,52.44749,3.28966,5.08997,50.01,0626:43:29,1,08
22:08:24,0.17582,220.70,0.47199,18.32858,53.51946,3.28966,5.08997,50.00,0626:43:32,1,08
22:08:27,0.17355,220.70,0.47126,18.05664,52.7254,3.28966,5.08997,49.97,0626:43:36,1,08
22:08:29,0.17558,220.70,0.47195,18.30139,53.44006,3.28977,5.09007,49.99,0626:43:38,1,08
22:08:30,0.17526,220.80,0.47367,18.34218,53.55917,3.28977,5.09007,49.99,0626:43:39,1,08
22:08:31,0.17487,220.90,0.47431,18.32858,53.51946,3.28977,5.09007,49.97,0626:43:40,1,08
22:08:32,0.1745,220.90,0.47216,18.21981,53.20185,3.28977,5.09007,49.97,0626:43:41,1,08
22:08:34,0.17521,221.20,0.4709,18.2606,53.32095,3.28977,5.09007,49.97,0626:43:43,1,08
22:08:35,0.1745,221.20,0.47394,18.30139,53.44006,3.28977,5.09007,49.97,0626:43:44,1,08
22:08:39,0.17455,221.20,0.4722,18.247,53.28125,3.28977,5.09007,49.97,0626:43:47,1,08
22:08:42,0.17407,221.30,0.47214,18.20621,53.16214,3.28977,5.09007,49.99,0626:43:50,1,08
22:08:43,0.17521,221.30,0.47197,18.31499,53.47976,3.28977,5.09007,49.99,0626:43:51,1,08
22:08:45,0.17549,221.20,0.47059,18.2742,53.36066,3.28977,5.09007,49.97,0626:43:53,1,08
22:08:47,0.17502,221.10,0.47156,18.2606,53.32095,3.28977,5.09017,49.99,0626:43:55,1,08
22:08:49,0.1825,221.10,0.47037,18.99483,55.4649,3.28977,5.09017,50.00,0626:43:57,1,08
22:08:50,0.1775,221.10,0.47161,18.51894,54.07531,3.28987,5.09017,50.00,0626:43:58,1,08
22:08:51,0.17656,221.10,0.47284,18.46455,53.91649,3.28987,5.09017,50.00,0626:43:59,1,08
22:08:54,0.17619,221.20,0.47071,18.35578,53.59887,3.28987,5.09017,50.03,0626:44:02,1,08
22:08:56,0.17516,221.00,0.47368,18.35578,53.59887,3.28987,5.09017,50.04,0626:44:04,1,08
22:09:00,0.17502,220.60,0.47218,18.23341,53.24155,3.28987,5.09017,50.03,0626:44:08,1,08
22:09:01,0.17483,220.50,0.47533,18.34218,53.55917,3.28987,5.09017,50.03,0626:44:09,1,08
22:09:04,0.17497,220.50,0.47254,18.247,53.28125,3.28987,5.09017,50.03,0626:44:12,1,08
22:09:05,0.17455,220.50,0.47493,18.28779,53.40036,3.28987,5.09027,50.03,0626:44:13,1,08
22:09:08,0.17441,220.60,0.4742,18.247,53.28125,3.28987,5.09027,50.04,0626:44:16,1,08
22:09:10,0.17661,220.60,0.47838,18.65491,54.47233,3.28997,5.09027,50.03,0626:44:18,1,08
22:09:12,0.17473,220.50,0.47285,18.23341,53.24155,3.28997,5.09027,50.04,0626:44:20,1,08
22:09:14,0.17549,220.50,0.4698,18.19262,53.12244,3.28997,5.09027,50.04,0626:44:22,1,08
22:09:15,0.17469,220.60,0.47461,18.30139,53.44006,3.28997,5.09027,50.04,0626:44:23,1,08
22:09:17,0.17469,220.60,0.47355,18.2606,53.32095,3.28997,5.09027,50.04,0626:44:25,1,08
22:09:19,0.17521,220.60,0.47152,18.23341,53.24155,3.28997,5.09027,50.04,0626:44:27,1,08
22:09:20,0.17422,220.70,0.47456,18.2606,53.32095,3.28997,5.09027,50.04,0626:44:28,1,08
22:09:21,0.17455,220.70,0.47424,18.2742,53.36066,3.28997,5.09027,50.04,0626:44:29,1,08
22:09:22,0.17511,220.60,0.47398,18.32858,53.51946,3.28997,5.09027,50.05,0626:44:30,1,08
22:09:23,0.17596,220.70,0.47306,18.38297,53.67828,3.28997,5.09038,50.03,0626:44:31,1,08
22:09:24,0.17596,220.70,0.47306,18.38297,53.67828,3.28997,5.09038,50.03,0626:44:32,1,08
22:09:25,0.17483,220.70,0.47289,18.2606,53.32095,3.28997,5.09038,50.03,0626:44:33,1,08
22:09:26,0.17473,220.60,0.47391,18.2742,53.36066,3.28997,5.09038,50.04,0626:44:34,1,08
22:09:27,0.17545,220.50,0.47261,18.30139,53.44006,3.28997,5.09038,50.04,0626:44:35,1,08
22:09:28,0.1761,220.50,0.47269,18.35578,53.59887,3.28997,5.09038,50.04,0626:44:36,1,08
22:09:29,0.17487,220.50,0.47463,18.31499,53.47976,3.29007,5.09038,50.03,0626:44:37,1,08
22:09:32,0.17553,220.30,0.47119,18.23341,53.24155,3.29007,5.09038,50.01,0626:44:40,1,08
22:09:38,0.17577,220.40,0.4702,18.23341,53.24155,3.29007,5.09038,50.00,0626:44:46,1,08
22:09:39,0.17516,220.50,0.47361,18.30139,53.44006,3.29007,5.09038,50.01,0626:44:47,1,08
22:09:42,0.17563,220.40,0.47296,18.31499,53.47976,3.29007,5.09048,50.01,0626:44:50,1,08
22:09:43,0.17563,220.40,0.4698,18.19262,53.12244,3.29007,5.09048,50.01,0626:44:51,1,08
22:09:44,0.17549,220.40,0.47189,18.2606,53.32095,3.29007,5.09048,50.03,0626:44:52,1,08
22:09:45,0.17582,220.40,0.4723,18.31499,53.47976,3.29007,5.09048,50.01,0626:44:53,1,08
22:09:46,0.17591,220.50,0.47267,18.34218,53.55917,3.29007,5.09048,50.01,0626:44:54,1,08
22:09:47,0.17652,220.40,0.4717,18.35578,53.59887,3.29007,5.09048,50.01,0626:44:56,1,08
22:09:49,0.17605,220.40,0.47059,18.2742,53.36066,3.29017,5.09048,50.03,0626:44:57,1,08
22:09:51,0.17521,220.50,0.4715,18.21981,53.20185,3.29017,5.09048,50.01,0626:44:59,1,08
22:09:54,0.17629,220.40,0.47168,18.34218,53.55917,3.29017,5.09048,50.00,0626:45:02,1,08
22:09:58,0.17633,220.50,0.46853,18.21981,53.20185,3.29017,5.09058,50.01,0626:45:07,1,08
22:10:00,0.17596,220.40,0.47232,18.32858,53.51946,3.29017,5.09058,50.00,0626:45:08,1,08
22:10:02,0.17638,220.30,0.46923,18.247,53.28125,3.29017,5.09058,50.00,0626:45:10,1,08
22:10:03,0.17563,220.20,0.47084,18.21981,53.20185,3.29017,5.09058,49.99,0626:45:11,1,08
22:10:06,0.17549,220.30,0.47398,18.32858,53.51946,3.29017,5.09058,49.99,0626:45:14,1,08
22:10:07,0.17656,220.30,0.47135,18.34218,53.55917,3.29017,5.09058,49.99,0626:45:15,1,08
22:10:10,0.17553,220.20,0.47222,18.2606,53.32095,3.29027,5.09058,49.99,0626:45:19,1,08
22:10:11,0.17741,220.20,0.47286,18.47815,53.9562,3.29027,5.09058,49.99,0626:45:20,1,08
22:10:12,0.1793,220.00,0.46729,18.45096,53.87679,3.29027,5.09058,49.99,0626:45:20,1,08
22:10:13,0.1775,220.10,0.46834,18.30139,53.44006,3.29027,5.09058,49.97,0626:45:21,1,08
22:10:17,0.17755,220.30,0.46699,18.2742,53.36066,3.29027,5.09068,49.99,0626:45:26,1,08
22:10:18,0.17671,220.30,0.46892,18.2606,53.32095,3.29027,5.09068,49.99,0626:45:26,1,08
22:10:19,0.17713,220.40,0.46971,18.34218,53.55917,3.29027,5.09068,49.97,0626:45:27,1,08
22:10:21,0.17708,220.50,0.46938,18.34218,53.55917,3.29027,5.09068,50.00,0626:45:30,1,08
22:10:22,0.17768,220.40,0.46565,18.247,53.28125,3.29027,5.09068,50.00,0626:45:31,1,08
22:10:27,0.17801,220.10,0.46741,18.32858,53.51946,3.29027,5.09068,50.00,0626:45:36,1,08
22:10:29,0.17596,220.00,0.47053,18.23341,53.24155,3.29037,5.09068,50.01,0626:45:38,1,08
22:10:30,0.1754,220.10,0.4715,18.21981,53.20185,3.29037,5.09068,50.01,0626:45:38,1,08
22:10:32,0.17727,220.10,0.46899,18.30139,53.44006,3.29037,5.09068,50.01,0626:45:41,1,08
22:10:34,0.17727,219.90,0.47038,18.35578,53.59887,3.29037,5.09078,50.01,0626:45:43,1,08
22:10:35,0.17624,220.00,0.47265,18.32858,53.51946,3.29037,5.09078,50.03,0626:45:44,1,08
22:10:36,0.17685,219.90,0.47065,18.31499,53.47976,3.29037,5.09078,50.03,0626:45:44,1,08
22:10:39,0.1761,220.00,0.47018,18.21981,53.20185,3.29037,5.09078,50.01,0626:45:47,1,08
22:10:41,0.17676,219.80,0.47133,18.32858,53.51946,3.29037,5.09078,50.03,0626:45:49,1,08
22:10:42,0.17648,219.90,0.47199,18.32858,53.51946,3.29037,5.09078,50.03,0626:45:50,1,08
22:10:43,0.17773,219.90,0.46836,18.31499,53.47976,3.29037,5.09078,50.03,0626:45:51,1,08
22:10:44,0.17577,219.90,0.47117,18.21981,53.20185,3.29037,5.09078,50.01,0626:45:52,1,08
22:10:46,0.17577,220.00,0.47224,18.2742,53.36066,3.29037,5.09078,50.03,0626:45:54,1,08
22:10:49,0.17694,220.00,0.47244,18.41016,53.75768,3.29047,5.09078,50.03,0626:45:57,1,08
22:10:50,0.17638,220.00,0.47059,18.2742,53.36066,3.29047,5.09078,50.04,0626:45:58,1,08
22:10:52,0.17624,220.00,0.4695,18.20621,53.16214,3.29047,5.09088,50.04,0626:46:00,1,08
22:10:56,0.17553,220.10,0.47222,18.2606,53.32095,3.29047,5.09088,50.03,0626:46:04,1,08
22:10:59,0.17666,220.00,0.47063,18.30139,53.44006,3.29047,5.09088,50.03,0626:46:07,1,08
22:11:00,0.17601,220.00,0.47158,18.2742,53.36066,3.29047,5.09088,50.03,0626:46:08,1,08
22:11:01,0.17648,220.20,0.47273,18.38297,53.67828,3.29047,5.09088,50.03,0626:46:09,1,08
22:11:02,0.17736,220.30,0.46903,18.32858,53.51946,3.29047,5.09088,50.01,0626:46:10,1,08
22:11:03,0.17587,220.30,0.47265,18.32858,53.51946,3.29047,5.09088,50.01,0626:46:11,1,08
22:11:04,0.17553,220.30,0.47224,18.2742,53.36066,3.29047,5.09088,50.01,0626:46:12,1,08
22:11:05,0.17577,220.20,0.47121,18.247,53.28125,3.29047,5.09088,50.03,0626:46:13,1,08
22:11:07,0.17731,220.10,0.46762,18.2606,53.32095,3.29047,5.09088,50.03,0626:46:15,1,08
22:11:08,0.17591,220.20,0.47193,18.28779,53.40036,3.29057,5.09088,50.03,0626:46:16,1,08
22:11:09,0.17656,220.20,0.47135,18.34218,53.55917,3.29057,5.09098,50.03,0626:46:17,1,08
22:11:13,0.17764,220.00,0.47044,18.39657,53.71798,3.29057,5.09098,50.00,0626:46:21,1,08
22:11:16,0.17958,219.90,0.47109,18.61412,54.35322,3.29057,5.09098,50.00,0626:46:24,1,08
22:11:17,0.17824,220.00,0.47228,18.53254,54.11501,3.29057,5.09098,49.99,0626:46:25,1,08
22:11:18,0.17824,220.00,0.47228,18.53254,54.11501,3.29057,5.09098,49.99,0626:46:26,1,08
22:11:19,0.17708,220.10,0.47176,18.39657,53.71798,3.29057,5.09098,49.99,0626:46:27,1,08
22:11:20,0.1776,220.00,0.47218,18.46455,53.91649,3.29057,5.09098,49.97,0626:46:28,1,08
22:11:21,0.1782,220.00,0.46914,18.39657,53.71798,3.29057,5.09098,49.97,0626:46:29,1,08
22:11:22,0.17652,220.10,0.47166,18.32858,53.51946,3.29057,5.09098,49.97,0626:46:30,1,08
22:11:25,0.17736,220.20,0.47321,18.49175,53.9959,3.29057,5.09098,49.97,0626:46:33,1,08
22:11:26,0.17856,220.40,0.46858,18.45096,53.87679,3.29057,5.09108,49.95,0626:46:34,1,08
22:11:27,0.17685,220.30,0.47245,18.42376,53.79739,3.29057,5.09108,49.95,0626:46:35,1,08
22:11:30,0.17713,220.50,0.47182,18.43736,53.83709,3.29068,5.09108,49.95,0626:46:38,1,08
22:11:31,0.17764,220.40,0.47189,18.49175,53.9959,3.29068,5.09108,49.95,0626:46:39,1,08
22:11:32,0.17614,220.40,0.47304,18.36937,53.63857,3.29068,5.09108,49.94,0626:46:40,1,08
22:11:33,0.17619,220.50,0.47166,18.32858,53.51946,3.29068,5.09108,49.96,0626:46:41,1,08
22:11:35,0.17614,220.50,0.47306,18.38297,53.67828,3.29068,5.09108,49.96,0626:46:43,1,08
22:11:36,0.17727,220.60,0.47081,18.42376,53.79739,3.29068,5.09108,49.95,0626:46:44,1,08
22:11:37,0.17718,220.70,0.47325,18.51894,54.07531,3.29068,5.09108,49.95,0626:46:45,1,08
22:11:39,0.1768,220.70,0.47075,18.38297,53.67828,3.29068,5.09108,49.96,0626:46:47,1,08
22:11:41,0.17796,220.60,0.4678,18.36937,53.63857,3.29068,5.09108,49.96,0626:46:49,1,08
22:11:44,0.1775,220.70,0.46949,18.41016,53.75768,3.29068,5.09118,49.96,0626:46:52,1,08
22:11:45,0.17745,220.70,0.46738,18.31499,53.47976,3.29068,5.09118,49.97,0626:46:53,1,08
22:11:46,0.17661,220.70,0.47141,18.38297,53.67828,3.29068,5.09118,49.97,0626:46:54,1,08
22:11:47,0.17633,220.70,0.47242,18.39657,53.71798,3.29068,5.09118,49.97,0626:46:55,1,08
22:11:50,0.17824,220.60,0.46925,18.46455,53.91649,3.29078,5.09118,49.97,0626:46:58,1,08
22:11:51,0.17694,220.50,0.47075,18.38297,53.67828,3.29078,5.09118,49.97,0626:46:59,1,08
22:11:52,0.17638,220.50,0.47205,18.36937,53.63857,3.29078,5.09118,49.97,0626:47:01,1,08
22:11:54,0.17713,220.50,0.47286,18.47815,53.9562,3.29078,5.09118,49.99,0626:47:02,1,08
22:11:58,0.17638,220.50,0.4731,18.41016,53.75768,3.29078,5.09118,50.00,0626:47:07,1,08
22:11:59,0.17596,220.60,0.47339,18.38297,53.67828,3.29078,5.09118,49.97,0626:47:07,1,08
22:12:00,0.1776,220.60,0.47226,18.51894,54.07531,3.29078,5.09118,49.97,0626:47:08,1,08
22:12:02,0.17231,220.70,0.47248,17.97507,52.48719,3.29078,5.09128,49.99,0626:47:10,1,08
22:12:03,0.14965,220.40,0.42339,13.97758,40.81455,3.29078,5.09128,50.00,0626:47:12,1,08
22:12:05,0.13584,220.30,0.40145,12.01964,35.09734,3.29078,5.09128,49.99,0626:47:13,1,08
22:12:07,0.13486,220.30,0.40531,12.04683,35.17673,3.29078,5.09128,49.97,0626:47:15,1,08
22:12:08,0.1348,220.30,0.40522,12.03323,35.13704,3.29078,5.09128,49.97,0626:47:16,1,08
22:12:10,0.13529,220.20,0.40328,12.01964,35.09734,3.29088,5.09128,49.99,0626:47:19,1,08
22:12:11,0.13553,220.20,0.40574,12.11481,35.37526,3.29088,5.09128,50.00,0626:47:19,1,08
22:12:12,0.13369,220.30,0.40268,11.87007,34.6606,3.29088,5.09128,50.00,0626:47:20,1,08
22:12:15,0.13394,220.30,0.40101,11.84288,34.5812,3.29088,5.09128,49.99,0626:47:24,1,08
22:12:20,0.14777,220.40,0.41611,13.55608,39.58376,3.29088,5.09128,49.99,0626:47:29,1,08
22:12:21,0.13955,220.50,0.40592,12.49553,36.48693,3.29088,5.09138,50.00,0626:47:30,1,08
22:12:22,0.13474,220.50,0.40027,11.89726,34.74001,3.29088,5.09138,50.00,0626:47:30,1,08
22:12:23,0.13461,220.50,0.39973,11.87007,34.6606,3.29088,5.09138,49.99,0626:47:31,1,08
22:12:26,0.13412,220.40,0.40211,11.89726,34.74001,3.29088,5.09138,49.99,0626:47:35,1,08
22:12:27,0.13468,220.50,0.39936,11.87007,34.6606,3.29088,5.09138,49.97,0626:47:36,1,08
22:12:28,0.13443,220.40,0.4,11.85647,34.6209,3.29088,5.09138,49.97,0626:47:36,1,08
22:12:29,0.13529,220.30,0.40201,11.99244,35.01793,3.29088,5.09138,49.97,0626:47:37,1,08
22:12:31,0.13443,220.30,0.40174,11.89726,34.74001,3.29088,5.09138,49.97,0626:47:40,1,08
22:12:32,0.13474,220.20,0.40064,11.89726,34.74001,3.29088,5.09138,49.97,0626:47:41,1,08
22:12:33,0.13437,220.10,0.40257,11.91086,34.77971,3.29088,5.09138,49.97,0626:47:42,1,08
22:12:34,0.13425,220.10,0.4011,11.85647,34.6209,3.29088,5.09138,49.97,0626:47:42,1,08
22:12:35,0.13388,220.20,0.40037,11.80208,34.46209,3.29088,5.09138,49.96,0626:47:44,1,08
22:12:37,0.13412,220.30,0.40248,11.89726,34.74001,3.29088,5.09138,49.96,0626:47:45,1,08
22:12:41,0.13486,220.90,0.39963,11.91086,34.77971,3.29098,5.09138,49.96,0626:47:48,1,08
22:12:42,0.13394,220.90,0.40174,11.89726,34.74001,3.29098,5.09149,49.95,0626:47:50,1,08
22:12:43,0.13443,220.80,0.40018,11.88367,34.70031,3.29098,5.09149,49.95,0626:47:51,1,08
22:12:45,0.13376,220.60,0.39917,11.78849,34.42239,3.29098,5.09149,49.95,0626:47:53,1,08
22:12:47,0.13394,220.70,0.40165,11.88367,34.70031,3.29098,5.09149,49.95,0626:47:55,1,08
22:12:48,0.13394,220.80,0.40119,11.87007,34.6606,3.29098,5.09149,49.94,0626:47:56,1,08
22:12:50,0.13431,220.90,0.40009,11.87007,34.6606,3.29098,5.09149,49.96,0626:47:58,1,08
22:12:52,0.13437,220.80,0.40101,11.89726,34.74001,3.29098,5.09149,49.95,0626:48:00,1,08
22:12:53,0.13437,220.80,0.40101,11.89726,34.74001,3.29098,5.09149,49.95,0626:48:01,1,08
22:12:55,0.13455,220.70,0.39835,11.82928,34.5415,3.29098,5.09149,49.96,0626:48:03,1,08
22:12:56,0.13394,220.70,0.40211,11.89726,34.74001,3.29098,5.09149,49.96,0626:48:04,1,08
22:12:57,0.13394,220.80,0.40165,11.88367,34.70031,3.29098,5.09149,49.96,0626:48:05,1,08
22:12:58,0.13394,220.80,0.40165,11.88367,34.70031,3.29098,5.09149,49.96,0626:48:06,1,08
22:12:59,0.13394,220.90,0.40074,11.85647,34.6209,3.29098,5.09149,49.96,0626:48:07,1,08
22:13:01,0.13468,220.80,0.40037,11.91086,34.77971,3.29098,5.09149,49.95,0626:48:09,1,08
22:13:02,0.13431,220.70,0.40138,11.89726,34.74001,3.29098,5.09159,49.95,0626:48:10,1,08
22:13:03,0.13425,220.40,0.40129,11.88367,34.70031,3.29098,5.09159,49.95,0626:48:11,1,08
22:13:04,0.13425,220.40,0.40129,11.88367,34.70031,3.29098,5.09159,49.95,0626:48:12,1,08
22:13:05,0.134,220.30,0.39871,11.77489,34.38269,3.29098,5.09159,49.95,0626:48:13,1,08
22:13:06,0.13419,220.50,0.40165,11.88367,34.70031,3.29098,5.09159,49.95,0626:48:14,1,08
22:13:08,0.13468,220.90,0.40137,11.95165,34.89882,3.29098,5.09159,49.95,0626:48:16,1,08
22:13:09,0.13425,220.90,0.40055,11.88367,34.70031,3.29098,5.09159,49.95,0626:48:17,1,08
22:13:12,0.13486,220.90,0.4042,12.04683,35.17673,3.29108,5.09159,49.96,0626:48:20,1,08
22:13:14,0.13492,220.60,0.39909,11.88367,34.70031,3.29108,5.09159,49.96,0626:48:22,1,08
22:13:16,0.13239,220.60,0.40177,11.7341,34.26358,3.29108,5.09159,49.96,0626:48:24,1,08
22:13:17,0.13151,220.50,0.40862,11.85647,34.6209,3.29108,5.09159,49.96,0626:48:25,1,08
22:13:20,0.13295,220.60,0.40918,12.00604,35.05763,3.29108,5.09159,49.95,0626:48:28,1,08
22:13:21,0.13381,220.60,0.40976,12.10122,35.33555,3.29108,5.09159,49.96,0626:48:29,1,08
22:13:22,0.13381,220.60,0.40976,12.10122,35.33555,3.29108,5.09159,49.96,0626:48:30,1,08
22:13:24,0.1322,220.20,0.4085,11.89726,34.74001,3.29108,5.09169,49.96,0626:48:32,1,08
22:13:25,0.13295,220.30,0.40492,11.87007,34.6606,3.29108,5.09169,49.96,0626:48:33,1,08
22:13:26,0.13314,220.40,0.40463,11.88367,34.70031,3.29108,5.09169,49.96,0626:48:34,1,08
22:13:29,0.13381,220.30,0.40092,11.82928,34.5415,3.29108,5.09169,49.97,0626:48:37,1,08
22:13:32,0.13511,220.50,0.39735,11.84288,34.5812,3.29108,5.09169,49.96,0626:48:40,1,08
22:13:33,0.13559,220.40,0.39636,11.85647,34.6209,3.29108,5.09169,49.97,0626:48:41,1,08
22:13:34,0.13559,220.40,0.39636,11.85647,34.6209,3.29108,5.09169,49.97,0626:48:42,1,08
22:13:36,0.13455,220.50,0.40064,11.89726,34.74001,3.29108,5.09169,49.97,0626:48:44,1,08
22:13:37,0.13407,220.40,0.4011,11.85647,34.6209,3.29108,5.09169,49.97,0626:48:45,1,08
22:13:39,0.13449,220.30,0.40092,11.88367,34.70031,3.29108,5.09169,49.99,0626:48:47,1,08
22:13:41,0.13419,220.30,0.40064,11.84288,34.5812,3.29118,5.09169,49.99,0626:48:49,1,08
22:13:42,0.13376,220.20,0.39945,11.77489,34.38269,3.29118,5.09169,49.97,0626:48:50,1,08
22:13:44,0.13431,220.20,0.40074,11.85647,34.6209,3.29118,5.09179,49.96,0626:48:52,1,08
22:13:45,0.13425,220.20,0.40119,11.87007,34.6606,3.29118,5.09179,49.99,0626:48:53,1,08
22:13:46,0.13431,220.20,0.40119,11.87007,34.6606,3.29118,5.09179,49.99,0626:48:54,1,08
22:13:47,0.13437,220.10,0.40074,11.85647,34.6209,3.29118,5.09179,49.97,0626:48:55,1,08
22:13:48,0.13474,220.10,0.39963,11.85647,34.6209,3.29118,5.09179,49.97,0626:48:56,1,08
22:13:53,0.13486,220.20,0.40018,11.88367,34.70031,3.29118,5.09179,49.97,0626:49:01,1,08
22:13:56,0.13381,220.10,0.39991,11.78849,34.42239,3.29118,5.09179,49.96,0626:49:04,1,08
22:13:58,0.13504,220.10,0.39854,11.85647,34.6209,3.29118,5.09179,49.97,0626:49:06,1,08
22:13:59,0.13474,220.20,0.39973,11.87007,34.6606,3.29118,5.09179,49.96,0626:49:07,1,08
22:14:00,0.13468,220.30,0.39973,11.87007,34.6606,3.29118,5.09179,49.96,0626:49:08,1,08
22:14:02,0.13522,220.40,0.39827,11.87007,34.6606,3.29118,5.09179,49.96,0626:49:10,1,08
22:14:03,0.13498,220.30,0.39899,11.87007,34.6606,3.29118,5.09189,49.95,0626:49:12,1,08
22:14:04,0.1348,220.30,0.39936,11.87007,34.6606,3.29118,5.09189,49.95,0626:49:12,1,08
22:14:05,0.1348,220.20,0.40064,11.89726,34.74001,3.29118,5.09189,49.96,0626:49:13,1,08
22:14:06,0.13584,220.20,0.39682,11.87007,34.6606,3.29118,5.09189,49.96,0626:49:14,1,08
22:14:08,0.13504,220.30,0.39854,11.85647,34.6209,3.29118,5.09189,49.96,0626:49:17,1,08
22:14:09,0.13376,220.30,0.40268,11.87007,34.6606,3.29118,5.09189,49.96,0626:49:18,1,08
22:14:11,0.13522,220.30,0.401,11.95165,34.89882,3.29128,5.09189,49.96,0626:49:19,1,08
22:14:12,0.13522,220.30,0.39827,11.87007,34.6606,3.29128,5.09189,49.96,0626:49:20,1,08
22:14:13,0.13553,220.40,0.39672,11.85647,34.6209,3.29128,5.09189,49.96,0626:49:21,1,08
22:14:14,0.13492,220.40,0.39899,11.87007,34.6606,3.29128,5.09189,49.96,0626:49:23,1,08
22:14:15,0.13437,220.50,0.40046,11.87007,34.6606,3.29128,5.09189,49.96,0626:49:24,1,08
22:14:16,0.13455,220.40,0.40009,11.87007,34.6606,3.29128,5.09189,49.96,0626:49:24,1,08
22:14:18,0.13412,220.30,0.4011,11.85647,34.6209,3.29128,5.09189,49.97,0626:49:26,1,08
22:14:21,0.13381,220.10,0.40259,11.85647,34.6209,3.29128,5.09189,49.99,0626:49:30,1,08
22:14:22,0.13425,220.00,0.40018,11.82928,34.5415,3.29128,5.09189,49.99,0626:49:30,1,08
22:14:24,0.13608,220.20,0.40653,12.1828,35.57377,3.29128,5.09199,50.00,0626:49:32,1,08
22:14:28,0.13351,220.30,0.4025,11.84288,34.5812,3.29128,5.09199,49.97,0626:49:36,1,08
22:14:29,0.13357,220.30,0.40259,11.85647,34.6209,3.29128,5.09199,49.99,0626:49:37,1,08
22:14:30,0.13345,220.30,0.40342,11.87007,34.6606,3.29128,5.09199,49.99,0626:49:39,1,08
22:14:31,0.1332,220.40,0.40417,11.87007,34.6606,3.29128,5.09199,49.97,0626:49:40,1,08
22:14:32,0.13425,220.50,0.40083,11.87007,34.6606,3.29128,5.09199,49.97,0626:49:41,1,08
22:14:38,0.13431,220.50,0.40083,11.87007,34.6606,3.29128,5.09199,50.00,0626:49:46,1,08
22:14:40,0.13351,220.40,0.40305,11.87007,34.6606,3.29128,5.09199,49.97,0626:49:48,1,08
22:14:41,0.13419,220.40,0.40165,11.88367,34.70031,3.29138,5.09199,49.97,0626:49:48,1,08
22:14:44,0.1348,220.20,0.39927,11.85647,34.6209,3.29138,5.09199,49.97,0626:49:52,1,08
22:14:45,0.13443,220.30,0.40037,11.85647,34.6209,3.29138,5.09209,49.97,0626:49:53,1,08
22:14:46,0.13332,220.20,0.40185,11.80208,34.46209,3.29138,5.09209,49.99,0626:49:54,1,08
22:14:47,0.13332,220.20,0.40185,11.80208,34.46209,3.29138,5.09209,49.99,0626:49:54,1,08
22:14:49,0.13376,220.10,0.40259,11.85647,34.6209,3.29138,5.09209,49.97,0626:49:57,1,08
22:14:50,0.13394,220.20,0.4023,11.87007,34.6606,3.29138,5.09209,49.97,0626:49:58,1,08
22:14:52,0.13412,220.20,0.4011,11.85647,34.6209,3.29138,5.09209,49.96,0626:50:00,1,08
22:14:55,0.13449,220.20,0.40037,11.85647,34.6209,3.29138,5.09209,49.96,0626:50:03,1,08
22:14:56,0.13369,220.20,0.40305,11.87007,34.6606,3.29138,5.09209,49.97,0626:50:04,1,08
22:14:58,0.13388,220.10,0.40083,11.81568,34.50179,3.29138,5.09209,49.95,0626:50:06,1,08
22:14:59,0.13388,220.10,0.40083,11.81568,34.50179,3.29138,5.09209,49.95,0626:50:07,1,08
22:15:04,0.13369,220.20,0.40305,11.87007,34.6606,3.29138,5.09209,49.95,0626:50:12,1,08
22:15:06,0.13388,220.20,0.4023,11.87007,34.6606,3.29138,5.09219,49.95,0626:50:14,1,08
22:15:12,0.13529,219.90,0.40365,12.01964,35.09734,3.29148,5.09219,49.96,0626:50:20,1,08
22:15:14,0.13381,220.00,0.40166,11.82928,34.5415,3.29148,5.09219,49.96,0626:50:22,1,08
22:15:16,0.13351,220.00,0.40324,11.84288,34.5812,3.29148,5.09219,49.96,0626:50:24,1,08
22:15:17,0.13351,220.00,0.40324,11.84288,34.5812,3.29148,5.09219,49.96,0626:50:25,1,08
22:15:18,0.13357,219.90,0.40426,11.88367,34.70031,3.29148,5.09219,49.97,0626:50:26,1,08
22:15:20,0.13332,220.00,0.4013,11.77489,34.38269,3.29148,5.09219,49.97,0626:50:28,1,08
22:15:21,0.13431,220.00,0.40064,11.84288,34.5812,3.29148,5.09219,49.96,0626:50:29,1,08
22:15:22,0.13431,220.10,0.40156,11.87007,34.6606,3.29148,5.09219,49.96,0626:50:30,1,08
22:15:23,0.13431,220.10,0.40156,11.87007,34.6606,3.29148,5.09219,49.96,0626:50:31,1,08
22:15:24,0.13326,220.00,0.40408,11.85647,34.6209,3.29148,5.09219,49.96,0626:50:32,1,08
22:15:29,0.13437,219.90,0.40202,11.88367,34.70031,3.29148,5.09229,49.97,0626:50:37,1,08
22:15:30,0.13407,219.80,0.40268,11.87007,34.6606,3.29148,5.09229,49.95,0626:50:38,1,08
22:15:32,0.13332,219.60,0.40158,11.7613,34.34298,3.29148,5.09229,49.97,0626:50:40,1,08
22:15:33,0.13381,219.60,0.40333,11.85647,34.6209,3.29148,5.09229,49.95,0626:50:41,1,08
22:15:35,0.13388,219.90,0.40259,11.85647,34.6209,3.29148,5.09229,49.95,0626:50:43,1,08
22:15:38,0.13276,219.90,0.40642,11.87007,34.6606,3.29148,5.09229,49.94,0626:50:46,1,08
22:15:41,0.13412,219.80,0.40092,11.82928,34.5415,3.29148,5.09229,49.95,0626:50:49,1,08
22:15:44,0.134,219.80,0.40175,11.84288,34.5812,3.29158,5.09229,49.95,0626:50:52,1,08
22:15:45,0.13388,219.90,0.40212,11.84288,34.5812,3.29158,5.09229,49.95,0626:50:53,1,08
22:15:47,0.13283,220.00,0.40512,11.84288,34.5812,3.29158,5.0924,49.95,0626:50:55,1,08
22:15:51,0.13388,220.10,0.40268,11.87007,34.6606,3.29158,5.0924,49.96,0626:50:59,1,08
22:15:52,0.13314,220.10,0.40399,11.84288,34.5812,3.29158,5.0924,49.96,0626:51:00,1,08
22:15:53,0.13338,220.00,0.40463,11.88367,34.70031,3.29158,5.0924,49.96,0626:51:01,1,08
22:15:56,0.13283,219.90,0.40326,11.78849,34.42239,3.29158,5.0924,49.97,0626:51:04,1,08
22:15:57,0.13388,220.00,0.40268,11.87007,34.6606,3.29158,5.0924,49.99,0626:51:05,1,08
22:15:58,0.1332,220.00,0.40399,11.84288,34.5812,3.29158,5.0924,49.99,0626:51:07,1,08
22:15:59,0.13369,220.00,0.40296,11.85647,34.6209,3.29158,5.0924,49.99,0626:51:07,1,08
22:16:00,0.13369,220.10,0.4025,11.84288,34.5812,3.29158,5.0924,49.99,0626:51:08,1,08
22:16:03,0.13345,219.90,0.40324,11.84288,34.5812,3.29158,5.0924,50.01,0626:51:11,1,08
22:16:07,0.13307,219.50,0.40465,11.82928,34.5415,3.29158,5.0925,50.01,0626:51:15,1,08
22:16:09,0.13326,219.60,0.4039,11.82928,34.5415,3.29158,5.0925,50.03,0626:51:18,1,08
22:16:12,0.13363,219.50,0.405,11.88367,34.70031,3.29168,5.0925,50.01,0626:51:20,1,08
22:16:13,0.13412,219.50,0.40397,11.89726,34.74001,3.29168,5.0925,50.03,0626:51:21,1,08
22:16:14,0.13357,219.40,0.40352,11.82928,34.5415,3.29168,5.0925,50.03,0626:51:22,1,08
22:16:15,0.13431,219.30,0.40129,11.82928,34.5415,3.29168,5.0925,50.01,0626:51:24,1,08
22:16:16,0.13381,219.40,0.40324,11.84288,34.5812,3.29168,5.0925,50.01,0626:51:25,1,08
22:16:17,0.13276,219.30,0.40616,11.82928,34.5415,3.29168,5.0925,50.03,0626:51:25,1,08
22:16:18,0.13332,219.30,0.40381,11.81568,34.50179,3.29168,5.0925,50.03,0626:51:26,1,08
22:16:22,0.1332,219.60,0.40427,11.82928,34.5415,3.29168,5.0925,50.03,0626:51:31,1,08
22:16:23,0.13276,219.60,0.40587,11.84288,34.5812,3.29168,5.0925,50.00,0626:51:31,1,08
22:16:24,0.13376,219.50,0.40324,11.84288,34.5812,3.29168,5.0925,50.00,0626:51:32,1,08
22:16:26,0.13388,219.50,0.40333,11.85647,34.6209,3.29168,5.0925,50.00,0626:51:35,1,08
22:16:28,0.13381,219.50,0.40287,11.84288,34.5812,3.29168,5.0925,50.00,0626:51:36,1,08
22:16:30,0.13468,219.50,0.40487,11.97884,34.97823,3.29168,5.0926,50.00,0626:51:37,1,08
22:16:32,0.13394,219.60,0.40296,11.85647,34.6209,3.29168,5.0926,50.00,0626:51:40,1,08
22:16:33,0.134,219.70,0.40212,11.84288,34.5812,3.29168,5.0926,50.00,0626:51:41,1,08
22:16:34,0.13394,219.70,0.40166,11.82928,34.5415,3.29168,5.0926,49.97,0626:51:42,1,08
22:16:36,0.13455,219.80,0.40028,11.84288,34.5812,3.29168,5.0926,49.99,0626:51:43,1,08
22:16:37,0.13369,219.80,0.40287,11.84288,34.5812,3.29168,5.0926,49.99,0626:51:44,1,08
22:16:39,0.13431,219.80,0.40101,11.84288,34.5812,3.29168,5.0926,49.97,0626:51:47,1,08
22:16:40,0.13468,219.70,0.40037,11.85647,34.6209,3.29168,5.0926,49.97,0626:51:48,1,08
22:16:42,0.13412,219.70,0.40221,11.85647,34.6209,3.29168,5.0926,49.96,0626:51:49,1,08
22:16:43,0.13407,219.70,0.40175,11.84288,34.5812,3.29178,5.0926,49.96,0626:51:51,1,08
22:16:45,0.13425,219.60,0.40092,11.82928,34.5415,3.29178,5.0926,49.96,0626:51:53,1,08
22:16:49,0.13264,219.60,0.40578,11.82928,34.5415,3.29178,5.0926,49.96,0626:51:57,1,08
22:16:51,0.13295,219.70,0.40419,11.81568,34.50179,3.29178,5.0927,49.94,0626:51:59,1,08
22:16:52,0.13288,219.70,0.40549,11.84288,34.5812,3.29178,5.0927,49.94,0626:52:00,1,08
22:16:54,0.13326,219.60,0.40483,11.85647,34.6209,3.29178,5.0927,49.94,0626:52:02,1,08
22:17:02,0.13326,219.90,0.40492,11.87007,34.6606,3.29178,5.0927,49.95,0626:52:10,1,08
22:17:03,0.13226,219.80,0.40794,11.87007,34.6606,3.29178,5.0927,49.95,0626:52:11,1,08
22:17:05,0.13257,219.80,0.40672,11.85647,34.6209,3.29178,5.0927,49.94,0626:52:13,1,08
22:17:06,0.13326,219.70,0.40344,11.81568,34.50179,3.29178,5.0927,49.95,0626:52:14,1,08
22:17:07,0.13307,219.60,0.40465,11.82928,34.5415,3.29178,5.0927,49.95,0626:52:15,1,08
22:17:08,0.13357,219.50,0.40547,11.89726,34.74001,3.29178,5.0927,49.94,0626:52:16,1,08
22:17:10,0.13332,219.60,0.40344,11.81568,34.50179,3.29178,5.0928,49.94,0626:52:18,1,08
22:17:12,0.13511,219.60,0.40659,12.07402,35.25615,3.29178,5.0928,49.95,0626:52:20,1,08
22:17:16,0.13425,219.30,0.40859,12.03323,35.13704,3.29189,5.0928,49.96,0626:52:24,1,08
22:17:19,0.13468,219.30,0.40654,12.00604,35.05763,3.29189,5.0928,49.95,0626:52:27,1,08
22:17:21,0.13425,219.50,0.40729,12.00604,35.05763,3.29189,5.0928,49.95,0626:52:29,1,08
22:17:22,0.13443,219.40,0.40691,12.00604,35.05763,3.29189,5.0928,49.95,0626:52:30,1,08
22:17:25,0.13455,219.40,0.40654,12.00604,35.05763,3.29189,5.0928,49.96,0626:52:33,1,08
22:17:28,0.13468,219.40,0.40616,12.00604,35.05763,3.29189,5.0928,49.96,0626:52:36,1,08
22:17:29,0.134,219.50,0.40342,11.87007,34.6606,3.29189,5.0928,49.95,0626:52:37,1,08
22:17:32,0.13363,219.90,0.40703,11.96525,34.93852,3.29189,5.09291,49.95,0626:52:40,1,08
22:17:33,0.13504,219.90,0.40668,12.08762,35.29585,3.29189,5.09291,49.96,0626:52:41,1,08
22:17:35,0.13257,219.80,0.40438,11.78849,34.42239,3.29189,5.09291,49.97,0626:52:43,1,08
22:17:37,0.13233,219.60,0.40599,11.80208,34.46209,3.29189,5.09291,49.97,0626:52:45,1,08
22:17:39,0.13369,219.70,0.40417,11.87007,34.6606,3.29189,5.09291,49.96,0626:52:47,1,08
22:17:41,0.13301,219.70,0.40558,11.85647,34.6209,3.29189,5.09291,49.95,0626:52:49,1,08
22:17:43,0.13283,219.60,0.40587,11.84288,34.5812,3.29189,5.09291,49.95,0626:52:51,1,08
22:17:49,0.13357,219.60,0.40269,11.81568,34.50179,3.29199,5.09291,49.94,0626:52:57,1,08
22:17:55,0.13276,219.80,0.40223,11.7477,34.30328,3.29199,5.09301,49.95,0626:53:03,1,08
22:17:57,0.13314,219.90,0.4039,11.82928,34.5415,3.29199,5.09301,49.95,0626:53:05,1,08
22:17:59,0.13345,220.10,0.40287,11.84288,34.5812,3.29199,5.09301,49.95,0626:53:07,1,08
22:18:00,0.13276,220.10,0.40465,11.82928,34.5415,3.29199,5.09301,49.94,0626:53:08,1,08
22:18:01,0.1332,220.20,0.40361,11.84288,34.5812,3.29199,5.09301,49.96,0626:53:09,1,08
22:18:02,0.13257,220.10,0.40456,11.81568,34.50179,3.29199,5.09301,49.96,0626:53:10,1,08
22:18:04,0.13326,219.80,0.40352,11.82928,34.5415,3.29199,5.09301,49.94,0626:53:12,1,08
22:18:06,0.13314,219.80,0.40436,11.84288,34.5812,3.29199,5.09301,49.94,0626:53:14,1,08
22:18:08,0.13314,220.00,0.40306,11.81568,34.50179,3.29199,5.09301,49.95,0626:53:16,1,08
22:18:10,0.13276,220.00,0.40419,11.81568,34.50179,3.29199,5.09301,49.95,0626:53:19,1,08
22:18:12,0.13553,220.00,0.40793,12.1692,35.53407,3.29199,5.09301,49.95,0626:53:20,1,08
22:18:13,0.13584,219.90,0.40628,12.14201,35.45466,3.29199,5.09311,49.94,0626:53:21,1,08
22:18:14,0.13602,219.80,0.40545,12.12841,35.41496,3.29209,5.09311,49.94,0626:53:22,1,08
22:18:16,0.13461,219.80,0.40947,12.11481,35.37526,3.29209,5.09311,49.96,0626:53:25,1,08
22:18:20,0.13511,220.20,0.40722,12.11481,35.37526,3.29209,5.09311,49.95,0626:53:28,1,08
22:18:22,0.13419,220.20,0.41076,12.14201,35.45466,3.29209,5.09311,49.96,0626:53:31,1,08
22:18:23,0.13264,220.00,0.40774,11.89726,34.74001,3.29209,5.09311,49.95,0626:53:31,1,08
22:18:28,0.13196,219.90,0.40862,11.85647,34.6209,3.29209,5.09311,49.95,0626:53:36,1,08
22:18:29,0.13189,220.10,0.4073,11.82928,34.5415,3.29209,5.09311,49.95,0626:53:37,1,08
22:18:30,0.13189,220.10,0.4073,11.82928,34.5415,3.29209,5.09311,49.96,0626:53:37,1,08
22:18:31,0.13207,220.10,0.40739,11.84288,34.5812,3.29209,5.09311,49.96,0626:53:38,1,08
22:18:33,0.13214,220.20,0.40701,11.84288,34.5812,3.29209,5.09311,49.96,0626:53:41,1,08
22:18:34,0.13264,220.00,0.40549,11.84288,34.5812,3.29209,5.09321,49.96,0626:53:42,1,08
22:18:36,0.13326,219.70,0.40854,11.96525,34.93852,3.29209,5.09321,49.95,0626:53:43,1,08
22:18:37,0.13419,219.80,0.40829,12.04683,35.17673,3.29209,5.09321,49.95,0626:53:44,1,08
22:18:38,0.13139,219.80,0.4064,11.7477,34.30328,3.29209,5.09321,49.95,0626:53:46,1,08
22:18:40,0.13246,219.90,0.40578,11.82928,34.5415,3.29209,5.09321,49.95,0626:53:48,1,08
22:18:42,0.13183,219.90,0.40807,11.82928,34.5415,3.29209,5.09321,49.95,0626:53:49,1,08
22:18:43,0.13226,219.80,0.40654,11.82928,34.5415,3.29209,5.09321,49.95,0626:53:50,1,08
22:18:48,0.13196,219.80,0.40815,11.84288,34.5812,3.29219,5.09321,49.96,0626:53:55,1,08
22:18:52,0.13202,219.90,0.40449,11.7477,34.30328,3.29219,5.09321,49.97,0626:54:00,1,08
22:18:53,0.13226,220.00,0.40701,11.84288,34.5812,3.29219,5.09321,49.97,0626:54:01,1,08
22:18:54,0.13226,220.00,0.40701,11.84288,34.5812,3.29219,5.09321,49.99,0626:54:01,1,08
22:18:55,0.1317,219.90,0.40751,11.80208,34.46209,3.29219,5.09331,49.99,0626:54:03,1,08
22:18:56,0.13177,219.80,0.40798,11.81568,34.50179,3.29219,5.09331,49.99,0626:54:04,1,08
22:18:57,0.13189,219.70,0.4076,11.81568,34.50179,3.29219,5.09331,49.99,0626:54:05,1,08
22:18:58,0.13214,219.70,0.40777,11.84288,34.5812,3.29219,5.09331,49.99,0626:54:06,1,08
22:18:59,0.13145,219.60,0.40913,11.81568,34.50179,3.29219,5.09331,49.99,0626:54:07,1,08
22:19:01,0.13207,219.70,0.4073,11.82928,34.5415,3.29219,5.09331,49.99,0626:54:09,1,08
22:19:05,0.13145,219.60,0.4096,11.82928,34.5415,3.29219,5.09331,50.00,0626:54:13,1,08
22:19:08,0.13177,219.50,0.40883,11.82928,34.5415,3.29219,5.09331,50.00,0626:54:16,1,08
22:19:09,0.13157,219.50,0.40922,11.82928,34.5415,3.29219,5.09331,50.00,0626:54:17,1,08
22:19:13,0.13214,219.60,0.40815,11.84288,34.5812,3.29219,5.09331,49.99,0626:54:21,1,08
22:19:14,0.13151,219.50,0.41008,11.84288,34.5812,3.29219,5.09331,49.99,0626:54:22,1,08
22:19:16,0.1317,219.50,0.40828,11.80208,34.46209,3.29229,5.09341,49.97,0626:54:24,1,08
22:19:20,0.13157,219.40,0.40913,11.81568,34.50179,3.29229,5.09341,49.97,0626:54:28,1,08
22:19:21,0.13183,219.50,0.40836,11.81568,34.50179,3.29229,5.09341,49.97,0626:54:29,1,08
22:19:22,0.13239,219.60,0.40654,11.82928,34.5415,3.29229,5.09341,49.96,0626:54:30,1,08
22:19:23,0.13183,219.70,0.40892,11.84288,34.5812,3.29229,5.09341,49.95,0626:54:31,1,08
22:19:24,0.13183,219.70,0.40854,11.84288,34.5812,3.29229,5.09341,49.95,0626:54:32,1,08
22:19:27,0.13239,219.70,0.40561,11.80208,34.46209,3.29229,5.09341,49.95,0626:54:35,1,08
22:19:30,0.13177,219.40,0.40828,11.80208,34.46209,3.29229,5.09341,49.95,0626:54:38,1,08
22:19:34,0.13239,219.60,0.40692,11.82928,34.5415,3.29229,5.09341,49.96,0626:54:42,1,08
22:19:35,0.13246,219.50,0.40701,11.84288,34.5812,3.29229,5.09341,49.96,0626:54:43,1,08
22:19:36,0.13183,219.50,0.4093,11.84288,34.5812,3.29229,5.09341,49.96,0626:54:44,1,08
22:19:39,0.13541,219.30,0.40851,12.14201,35.45466,3.29229,5.09351,49.96,0626:54:47,1,08
22:19:40,0.13486,219.50,0.41001,12.14201,35.45466,3.29229,5.09351,49.96,0626:54:48,1,08
22:19:42,0.13251,219.50,0.40654,11.82928,34.5415,3.29229,5.09351,49.95,0626:54:50,1,08
22:19:43,0.13233,219.60,0.40692,11.82928,34.5415,3.29229,5.09351,49.95,0626:54:51,1,08
22:19:44,0.13246,219.50,0.40654,11.82928,34.5415,3.29229,5.09351,49.96,0626:54:52,1,08
22:19:45,0.1322,219.50,0.40824,11.85647,34.6209,3.29229,5.09351,49.95,0626:54:53,1,08
22:19:46,0.13226,219.50,0.40824,11.85647,34.6209,3.29239,5.09351,49.95,0626:54:54,1,08
22:19:47,0.13276,219.50,0.40578,11.82928,34.5415,3.29239,5.09351,49.95,0626:54:55,1,08
22:19:48,0.1312,219.60,0.4066,11.7205,34.22387,3.29239,5.09351,49.95,0626:54:56,1,08
22:19:49,0.13233,219.50,0.40692,11.82928,34.5415,3.29239,5.09351,49.95,0626:54:57,1,08
22:19:50,0.13226,219.60,0.40739,11.84288,34.5812,3.29239,5.09351,49.95,0626:54:58,1,08
22:19:51,0.13202,219.70,0.40769,11.82928,34.5415,3.29239,5.09351,49.96,0626:54:59,1,08
22:19:52,0.13276,219.70,0.40541,11.82928,34.5415,3.29239,5.09351,49.96,0626:55:00,1,08
22:19:53,0.13177,219.70,0.40845,11.82928,34.5415,3.29239,5.09351,49.95,0626:55:01,1,08
22:19:55,0.13233,219.70,0.40748,11.85647,34.6209,3.29239,5.09351,49.96,0626:55:03,1,08
22:19:56,0.1327,219.70,0.40634,11.85647,34.6209,3.29239,5.09351,49.96,0626:55:04,1,08
22:19:57,0.13295,219.60,0.40549,11.84288,34.5812,3.29239,5.09351,49.95,0626:55:05,1,08
22:19:58,0.13239,219.60,0.40701,11.84288,34.5812,3.29239,5.09362,49.95,0626:55:06,1,08
22:20:00,0.1312,219.60,0.40708,11.7341,34.26358,3.29239,5.09362,49.97,0626:55:08,1,08
22:20:02,0.13239,219.40,0.40599,11.80208,34.46209,3.29239,5.09362,49.97,0626:55:10,1,08
22:20:03,0.13239,219.30,0.4073,11.82928,34.5415,3.29239,5.09362,49.97,0626:55:11,1,08
22:20:04,0.13264,219.40,0.40616,11.82928,34.5415,3.29239,5.09362,49.97,0626:55:12,1,08
22:20:05,0.13239,219.60,0.40739,11.84288,34.5812,3.29239,5.09362,49.97,0626:55:14,1,08
22:20:08,0.13233,219.70,0.40645,11.81568,34.50179,3.29239,5.09362,49.99,0626:55:16,1,08
22:20:10,0.13226,219.60,0.40599,11.80208,34.46209,3.29239,5.09362,50.00,0626:55:18,1,08
22:20:11,0.13443,219.50,0.407,12.01964,35.09734,3.29239,5.09362,49.99,0626:55:20,1,08
22:20:13,0.13207,219.40,0.40807,11.82928,34.5415,3.29239,5.09362,49.99,0626:55:21,1,08
22:20:17,0.13357,219.30,0.40399,11.84288,34.5812,3.29249,5.09362,50.00,0626:55:26,1,08
22:20:18,0.13314,219.50,0.40465,11.82928,34.5415,3.29249,5.09362,50.00,0626:55:26,1,08
22:20:19,0.13351,219.40,0.40352,11.82928,34.5415,3.29249,5.09372,49.99,0626:55:27,1,08
22:20:20,0.13295,219.70,0.40558,11.85647,34.6209,3.29249,5.09372,49.99,0626:55:28,1,08
22:20:21,0.13307,219.70,0.40419,11.81568,34.50179,3.29249,5.09372,49.97,0626:55:29,1,08
22:20:25,0.13246,219.70,0.40663,11.84288,34.5812,3.29249,5.09372,49.97,0626:55:32,1,08
22:20:26,0.13233,219.60,0.40645,11.81568,34.50179,3.29249,5.09372,49.96,0626:55:33,1,08
22:20:28,0.13264,219.80,0.40578,11.82928,34.5415,3.29249,5.09372,49.99,0626:55:35,1,08
22:20:29,0.13239,219.80,0.40663,11.84288,34.5812,3.29249,5.09372,49.99,0626:55:37,1,08
22:20:31,0.13307,220.00,0.40436,11.84288,34.5812,3.29249,5.09372,49.97,0626:55:39,1,08
22:20:33,0.13239,219.90,0.40616,11.82928,34.5415,3.29249,5.09372,49.97,0626:55:40,1,08
22:20:34,0.1327,219.90,0.40363,11.78849,34.42239,3.29249,5.09372,49.97,0626:55:42,1,08
22:20:38,0.1332,219.50,0.40381,11.81568,34.50179,3.29249,5.09372,49.96,0626:55:45,1,08
22:20:40,0.13345,219.60,0.40306,11.81568,34.50179,3.29249,5.09372,49.95,0626:55:48,1,08
22:20:41,0.13474,219.70,0.40312,11.93806,34.85912,3.29249,5.09382,49.95,0626:55:49,1,08
22:20:42,0.13461,219.70,0.40809,12.07402,35.25615,3.29249,5.09382,49.94,0626:55:50,1,08
22:20:44,0.13239,219.70,0.40748,11.85647,34.6209,3.29249,5.09382,49.94,0626:55:51,1,08
22:20:46,0.13345,220.00,0.40278,11.82928,34.5415,3.29249,5.09382,49.94,0626:55:54,1,08
22:20:48,0.13276,220.20,0.40427,11.82928,34.5415,3.29259,5.09382,49.94,0626:55:56,1,08
22:20:49,0.13233,220.20,0.40532,11.81568,34.50179,3.29259,5.09382,49.94,0626:55:57,1,08
22:20:50,0.13233,220.20,0.40532,11.81568,34.50179,3.29259,5.09382,49.96,0626:55:57,1,08
22:20:53,0.13276,220.10,0.40465,11.82928,34.5415,3.29259,5.09382,49.95,0626:56:01,1,08
22:20:54,0.13264,219.90,0.40447,11.80208,34.46209,3.29259,5.09382,49.96,0626:56:02,1,08
22:20:55,0.13283,219.80,0.40549,11.84288,34.5812,3.29259,5.09382,49.96,0626:56:03,1,08
22:20:56,0.13283,219.80,0.40549,11.84288,34.5812,3.29259,5.09382,49.95,0626:56:03,1,08
22:20:59,0.13307,219.90,0.40436,11.84288,34.5812,3.29259,5.09382,49.97,0626:56:07,1,08
22:21:01,0.13314,219.90,0.4039,11.82928,34.5415,3.29259,5.09392,49.97,0626:56:09,1,08
22:21:02,0.13314,219.90,0.4039,11.82928,34.5415,3.29259,5.09392,49.97,0626:56:09,1,08
22:21:05,0.13246,220.00,0.40532,11.81568,34.50179,3.29259,5.09392,49.97,0626:56:13,1,08
22:21:07,0.13251,220.00,0.40578,11.82928,34.5415,3.29259,5.09392,50.00,0626:56:15,1,08
22:21:08,0.13251,220.00,0.40578,11.82928,34.5415,3.29259,5.09392,50.00,0626:56:16,1,08
22:21:09,0.13314,220.00,0.40399,11.84288,34.5812,3.29259,5.09392,50.00,0626:56:17,1,08
22:21:11,0.13345,220.00,0.40648,11.93806,34.85912,3.29259,5.09392,50.00,0626:56:19,1,08
22:21:16,0.13314,219.70,0.40381,11.81568,34.50179,3.29259,5.09392,50.01,0626:56:24,1,08
22:21:17,0.13314,219.70,0.40381,11.81568,34.50179,3.29259,5.09392,50.01,0626:56:25,1,08
22:21:21,0.13307,219.70,0.40427,11.82928,34.5415,3.2927,5.09392,50.03,0626:56:29,1,08
22:21:23,0.13295,219.60,0.4041,11.80208,34.46209,3.2927,5.09402,50.03,0626:56:31,1,08
22:21:25,0.13381,219.50,0.40194,11.81568,34.50179,3.2927,5.09402,50.03,0626:56:33,1,08
22:21:26,0.1327,219.60,0.40532,11.81568,34.50179,3.2927,5.09402,50.03,0626:56:34,1,08
22:21:28,0.1327,219.60,0.40532,11.81568,34.50179,3.2927,5.09402,50.01,0626:56:36,1,08
22:21:29,0.13326,219.40,0.40465,11.82928,34.5415,3.2927,5.09402,50.01,0626:56:37,1,08
22:21:33,0.1327,219.20,0.40607,11.81568,34.50179,3.2927,5.09402,50.00,0626:56:41,1,08
22:21:34,0.13288,219.10,0.40476,11.78849,34.42239,3.2927,5.09402,49.99,0626:56:42,1,08
22:21:35,0.13314,219.00,0.40447,11.80208,34.46209,3.2927,5.09402,49.99,0626:56:43,1,08
22:21:37,0.13251,219.00,0.40777,11.84288,34.5812,3.2927,5.09402,49.96,0626:56:45,1,08
22:21:38,0.13239,219.00,0.40862,11.85647,34.6209,3.2927,5.09402,49.96,0626:56:46,1,08
22:21:43,0.13251,219.90,0.40578,11.82928,34.5415,3.2927,5.09412,49.93,0626:56:51,1,08
22:21:49,0.13307,220.20,0.40399,11.84288,34.5812,3.2928,5.09412,49.93,0626:56:57,1,08
22:21:54,0.13283,219.70,0.4013,11.7205,34.22387,3.2928,5.09412,49.93,0626:57:02,1,08
22:21:55,0.13276,219.80,0.40503,11.82928,34.5415,3.2928,5.09412,49.93,0626:57:03,1,08
22:21:57,0.13283,220.00,0.40512,11.84288,34.5812,3.2928,5.09412,49.94,0626:57:05,1,08
22:22:03,0.13264,219.70,0.40578,11.82928,34.5415,3.2928,5.09412,49.93,0626:57:11,1,08
22:22:04,0.13295,219.80,0.40465,11.82928,34.5415,3.2928,5.09422,49.93,0626:57:12,1,08
22:22:05,0.13251,219.80,0.40532,11.81568,34.50179,3.2928,5.09422,49.94,0626:57:13,1,08
22:22:06,0.13301,219.90,0.40427,11.82928,34.5415,3.2928,5.09422,49.94,0626:57:14,1,08
22:22:07,0.13283,219.80,0.40503,11.82928,34.5415,3.2928,5.09422,49.94,0626:57:16,1,08
22:22:08,0.13288,219.70,0.4041,11.80208,34.46209,3.2928,5.09422,49.94,0626:57:16,1,08
22:22:09,0.13394,219.50,0.4025,11.84288,34.5812,3.2928,5.09422,49.95,0626:57:17,1,08
22:22:11,0.13283,219.40,0.40532,11.81568,34.50179,3.2928,5.09422,49.94,0626:57:19,1,08
22:22:12,0.13498,219.40,0.40505,12.00604,35.05763,3.2928,5.09422,49.94,0626:57:20,1,08
22:22:15,0.13492,219.60,0.40505,12.00604,35.05763,3.2928,5.09422,49.94,0626:57:23,1,08
22:22:16,0.13474,219.70,0.40634,12.03323,35.13704,3.2928,5.09422,49.94,0626:57:24,1,08
22:22:25,0.13381,219.70,0.40896,12.03323,35.13704,3.2929,5.09433,49.95,0626:57:33,1,08
22:22:26,0.13486,219.70,0.40596,12.03323,35.13704,3.2929,5.09433,49.95,0626:57:34,1,08
22:22:27,0.13486,219.70,0.40596,12.03323,35.13704,3.2929,5.09433,49.95,0626:57:34,1,08
22:22:28,0.13504,219.50,0.40559,12.03323,35.13704,3.2929,5.09433,49.94,0626:57:35,1,08
22:22:31,0.13431,219.70,0.40654,12.00604,35.05763,3.2929,5.09433,49.95,0626:57:39,1,08
22:22:37,0.13357,219.60,0.40918,12.00604,35.05763,3.2929,5.09433,49.96,0626:57:45,1,08
22:22:39,0.134,219.60,0.40674,11.97884,34.97823,3.2929,5.09433,49.96,0626:57:46,1,08
22:22:40,0.1332,219.60,0.40846,11.95165,34.89882,3.2929,5.09433,49.95,0626:57:47,1,08
22:22:41,0.13326,219.50,0.40939,11.97884,34.97823,3.2929,5.09433,49.95,0626:57:49,1,08
22:22:42,0.13307,219.50,0.41023,11.99244,35.01793,3.2929,5.09433,49.95,0626:57:50,1,08
22:22:43,0.13369,219.50,0.40787,11.97884,34.97823,3.2929,5.09433,49.95,0626:57:51,1,08
22:22:45,0.13345,219.60,0.41002,12.01964,35.09734,3.2929,5.09433,49.95,0626:57:52,1,08
22:22:46,0.13288,219.70,0.41155,12.01964,35.09734,3.2929,5.09443,49.95,0626:57:53,1,08
22:22:47,0.134,219.60,0.41182,12.12841,35.41496,3.2929,5.09443,49.95,0626:57:55,1,08
22:22:50,0.13314,219.60,0.40985,11.99244,35.01793,3.293,5.09443,49.94,0626:57:58,1,08
22:22:51,0.13314,219.60,0.40985,11.99244,35.01793,3.293,5.09443,49.94,0626:57:58,1,08
22:22:54,0.13486,219.80,0.40505,12.00604,35.05763,3.293,5.09443,49.95,0626:58:02,1,08
22:22:55,0.13522,219.80,0.40439,12.01964,35.09734,3.293,5.09443,49.95,0626:58:03,1,08
22:22:58,0.1348,219.40,0.40579,12.00604,35.05763,3.293,5.09443,49.95,0626:58:06,1,08
22:22:59,0.13461,219.40,0.40294,11.91086,34.77971,3.293,5.09443,49.95,0626:58:07,1,08
22:23:00,0.13498,219.40,0.40542,12.00604,35.05763,3.293,5.09443,49.96,0626:58:08,1,08
22:23:02,0.13504,219.40,0.40459,11.99244,35.01793,3.293,5.09443,49.96,0626:58:09,1,08
22:23:04,0.13431,219.40,0.40729,12.00604,35.05763,3.293,5.09443,49.96,0626:58:12,1,08
22:23:06,0.13449,219.40,0.40691,12.00604,35.05763,3.293,5.09443,49.97,0626:58:14,1,08
22:23:07,0.13511,219.40,0.40513,12.01964,35.09734,3.293,5.09453,49.97,0626:58:15,1,08
22:23:10,0.13498,219.50,0.4055,12.01964,35.09734,3.293,5.09453,49.97,0626:58:18,1,08
22:23:11,0.13522,219.50,0.40614,12.06043,35.21645,3.293,5.09453,49.97,0626:58:19,1,08
22:23:17,0.13351,219.60,0.40269,11.81568,34.50179,3.293,5.09453,50.01,0626:58:25,1,08
22:23:18,0.13326,219.70,0.40297,11.80208,34.46209,3.293,5.09453,50.01,0626:58:26,1,08
22:23:21,0.13326,219.80,0.40306,11.81568,34.50179,3.2931,5.09453,50.00,0626:58:29,1,08
22:23:23,0.13376,219.80,0.40157,11.81568,34.50179,3.2931,5.09453,50.03,0626:58:31,1,08
22:23:27,0.13295,219.60,0.4041,11.80208,34.46209,3.2931,5.09453,50.03,0626:58:35,1,08
22:23:33,0.13412,219.50,0.40536,11.93806,34.85912,3.2931,5.09463,50.03,0626:58:41,1,08
22:23:34,0.13394,219.90,0.40536,11.93806,34.85912,3.2931,5.09463,50.01,0626:58:42,1,08
22:23:39,0.13461,219.70,0.40211,11.89726,34.74001,3.2931,5.09463,50.00,0626:58:47,1,08
22:23:44,0.13511,219.50,0.40147,11.91086,34.77971,3.2931,5.09463,50.00,0626:58:52,1,08
22:23:45,0.13541,219.70,0.40037,11.91086,34.77971,3.2931,5.09463,50.00,0626:58:53,1,08
22:23:46,0.13584,219.60,0.39891,11.91086,34.77971,3.2931,5.09463,49.99,0626:58:54,1,08
22:23:48,0.13711,219.70,0.40433,12.1828,35.57377,3.2931,5.09473,50.00,0626:58:56,1,08
22:23:49,0.13541,219.70,0.40411,12.03323,35.13704,3.2931,5.09473,49.99,0626:58:57,1,08
22:23:50,0.13461,219.70,0.40257,11.91086,34.77971,3.2932,5.09473,49.99,0626:58:58,1,08
22:23:51,0.13595,219.70,0.40309,12.04683,35.17673,3.2932,5.09473,49.99,0626:58:59,1,08
22:23:52,0.13449,219.70,0.4011,11.85647,34.6209,3.2932,5.09473,49.97,0626:59:00,1,08
22:23:54,0.13419,219.90,0.40138,11.84288,34.5812,3.2932,5.09473,49.97,0626:59:02,1,08
22:23:55,0.13388,219.90,0.40074,11.80208,34.46209,3.2932,5.09473,49.97,0626:59:03,1,08
22:23:56,0.13443,220.00,0.40028,11.84288,34.5812,3.2932,5.09473,49.97,0626:59:04,1,08
22:23:58,0.13357,220.00,0.40194,11.81568,34.50179,3.2932,5.09473,49.96,0626:59:06,1,08
22:23:59,0.13388,220.00,0.40212,11.84288,34.5812,3.2932,5.09473,49.96,0626:59:07,1,08
22:24:00,0.13301,219.90,0.40381,11.81568,34.50179,3.2932,5.09473,49.96,0626:59:08,1,08
22:24:03,0.13338,219.70,0.40167,11.77489,34.38269,3.2932,5.09473,49.95,0626:59:11,1,08
22:24:04,0.13338,219.80,0.40306,11.81568,34.50179,3.2932,5.09473,49.95,0626:59:12,1,08
22:24:05,0.13363,219.90,0.40287,11.84288,34.5812,3.2932,5.09473,49.95,0626:59:13,1,08
22:24:06,0.134,220.00,0.39954,11.78849,34.42239,3.2932,5.09473,49.95,0626:59:14,1,08
22:24:08,0.13394,220.20,0.40138,11.84288,34.5812,3.2932,5.09483,49.95,0626:59:16,1,08
22:24:09,0.13394,220.20,0.40046,11.81568,34.50179,3.2932,5.09483,49.95,0626:59:17,1,08
22:24:10,0.134,220.10,0.40184,11.85647,34.6209,3.2932,5.09483,49.95,0626:59:18,1,08
22:24:14,0.13412,220.10,0.40101,11.84288,34.5812,3.2932,5.09483,49.96,0626:59:22,1,08
22:24:16,0.13455,220.10,0.39862,11.81568,34.50179,3.2932,5.09483,49.96,0626:59:24,1,08
22:24:17,0.13437,220.20,0.39982,11.82928,34.5415,3.2932,5.09483,49.96,0626:59:25,1,08
22:24:18,0.13412,220.10,0.40055,11.82928,34.5415,3.2932,5.09483,49.96,0626:59:26,1,08
22:24:19,0.13412,220.10,0.40101,11.84288,34.5812,3.2932,5.09483,49.97,0626:59:28,1,08
22:24:20,0.13412,220.10,0.40101,11.84288,34.5812,3.2932,5.09483,49.97,0626:59:28,1,08
22:24:21,0.13504,220.10,0.39844,11.84288,34.5812,3.2933,5.09483,49.96,0626:59:29,1,08
22:24:23,0.13357,220.00,0.3987,11.7205,34.22387,3.2933,5.09483,49.96,0626:59:30,1,08
22:24:24,0.13412,220.10,0.40009,11.81568,34.50179,3.2933,5.09483,49.96,0626:59:31,1,08
22:24:25,0.13388,220.10,0.40083,11.81568,34.50179,3.2933,5.09483,49.96,0626:59:33,1,08
22:24:28,0.13419,220.30,0.39936,11.81568,34.50179,3.2933,5.09483,49.96,0626:59:35,1,08
22:24:30,0.13381,220.30,0.40138,11.84288,34.5812,3.2933,5.09493,49.96,0626:59:37,1,08
22:24:31,0.13431,220.30,0.39936,11.81568,34.50179,3.2933,5.09493,49.96,0626:59:39,1,08
22:24:35,0.13376,220.30,0.40175,11.84288,34.5812,3.2933,5.09493,49.97,0626:59:42,1,08
22:24:36,0.13394,220.30,0.39871,11.77489,34.38269,3.2933,5.09493,49.99,0626:59:44,1,08
22:24:37,0.13351,220.40,0.4012,11.81568,34.50179,3.2933,5.09493,49.99,0626:59:45,1,08
22:24:39,0.13357,220.50,0.39991,11.78849,34.42239,3.2933,5.09493,50.00,0626:59:46,1,08
22:24:41,0.13345,220.50,0.40166,11.82928,34.5415,3.2933,5.09493,50.00,0626:59:48,1,08
22:24:44,0.13357,220.40,0.40166,11.82928,34.5415,3.2933,5.09493,50.03,0626:59:52,1,08
22:24:45,0.13357,220.40,0.40166,11.82928,34.5415,3.2933,5.09493,50.03,0626:59:52,1,08
22:24:46,0.13437,220.30,0.39807,11.78849,34.42239,3.2933,5.09493,50.04,0626:59:53,1,08
22:24:47,0.13307,220.20,0.40167,11.77489,34.38269,3.2933,5.09493,50.04,0626:59:55,1,08
22:24:49,0.13381,220.00,0.40074,11.80208,34.46209,3.2933,5.09503,50.03,0626:59:57,1,08
22:24:50,0.13381,220.00,0.40074,11.80208,34.46209,3.2933,5.09503,50.03,0626:59:57,1,08
22:24:52,0.13376,219.80,0.40157,11.81568,34.50179,3.2934,5.09503,50.04,0626:59:59,1,08
22:24:56,0.13657,219.90,0.40407,12.14201,35.45466,3.2934,5.09503,50.03,0627:00:04,1,08
22:24:57,0.13363,219.90,0.40241,11.82928,34.5415,3.2934,5.09503,50.03,0627:00:04,1,08
22:24:58,0.134,219.90,0.40083,11.81568,34.50179,3.2934,5.09503,50.03,0627:00:06,1,08
22:24:59,0.13394,220.00,0.40129,11.82928,34.5415,3.2934,5.09503,50.03,0627:00:07,1,08
22:25:00,0.13425,220.10,0.39972,11.81568,34.50179,3.2934,5.09503,50.03,0627:00:08,1,08
22:25:01,0.13437,220.10,0.3989,11.80208,34.46209,3.2934,5.09503,50.03,0627:00:09,1,08
22:25:03,0.13455,220.00,0.39899,11.81568,34.50179,3.2934,5.09503,50.01,0627:00:10,1,08
22:25:04,0.13394,220.20,0.40046,11.81568,34.50179,3.2934,5.09503,50.01,0627:00:12,1,08
22:25:06,0.13394,220.40,0.40009,11.81568,34.50179,3.2934,5.09503,50.03,0627:00:14,1,08
22:25:07,0.13338,220.50,0.40157,11.81568,34.50179,3.2934,5.09503,50.03,0627:00:15,1,08
22:25:09,0.13332,220.20,0.40185,11.80208,34.46209,3.2934,5.09503,50.03,0627:00:17,1,08
22:25:10,0.13419,220.20,0.40018,11.82928,34.5415,3.2934,5.09513,50.03,0627:00:18,1,08
22:25:13,0.13326,220.20,0.40269,11.81568,34.50179,3.2934,5.09513,50.01,0627:00:21,1,08
22:25:19,0.13338,220.30,0.40148,11.80208,34.46209,3.2934,5.09513,50.01,0627:00:27,1,08
22:25:20,0.134,220.30,0.40009,11.81568,34.50179,3.2934,5.09513,50.01,0627:00:28,1,08
22:25:25,0.13425,220.00,0.39972,11.81568,34.50179,3.2935,5.09513,49.97,0627:00:33,1,08
22:25:26,0.13369,219.90,0.40157,11.81568,34.50179,3.2935,5.09513,49.97,0627:00:34,1,08
22:25:29,0.13425,220.20,0.39982,11.82928,34.5415,3.2935,5.09513,49.97,0627:00:37,1,08
22:25:30,0.13753,220.20,0.40485,12.26438,35.81199,3.2935,5.09523,49.97,0627:00:38,1,08
22:25:31,0.13394,220.20,0.40046,11.81568,34.50179,3.2935,5.09523,49.97,0627:00:39,1,08
22:25:32,0.13369,220.10,0.40166,11.82928,34.5415,3.2935,5.09523,49.97,0627:00:40,1,08
22:25:33,0.13369,220.00,0.40111,11.80208,34.46209,3.2935,5.09523,49.97,0627:00:41,1,08
22:25:34,0.13326,219.90,0.39981,11.7205,34.22387,3.2935,5.09523,49.97,0627:00:42,1,08
22:25:35,0.13431,219.90,0.39972,11.81568,34.50179,3.2935,5.09523,49.95,0627:00:43,1,08
22:25:36,0.13351,220.00,0.40194,11.81568,34.50179,3.2935,5.09523,49.95,0627:00:44,1,08
22:25:37,0.13388,220.00,0.4012,11.81568,34.50179,3.2935,5.09523,49.96,0627:00:45,1,08
22:25:38,0.13332,220.00,0.40222,11.80208,34.46209,3.2935,5.09523,49.96,0627:00:46,1,08
22:25:39,0.13326,220.10,0.40222,11.80208,34.46209,3.2935,5.09523,49.96,0627:00:47,1,08
22:25:40,0.13486,220.30,0.39844,11.84288,34.5812,3.2935,5.09523,49.95,0627:00:48,1,08
22:25:42,0.1332,220.40,0.40278,11.82928,34.5415,3.2935,5.09523,49.95,0627:00:50,1,08
22:25:44,0.13332,220.30,0.40046,11.7613,34.34298,3.2935,5.09523,49.96,0627:00:52,1,08
22:25:46,0.13381,220.40,0.40092,11.82928,34.5415,3.2935,5.09523,49.96,0627:00:54,1,08
22:25:47,0.13431,220.30,0.39899,11.81568,34.50179,3.2935,5.09523,49.96,0627:00:55,1,08
22:25:48,0.13388,220.30,0.4,11.80208,34.46209,3.2935,5.09523,49.96,0627:00:56,1,08
22:25:51,0.13431,220.30,0.39899,11.81568,34.50179,3.2935,5.09533,49.96,0627:00:59,1,08
22:25:52,0.13455,220.30,0.39908,11.82928,34.5415,3.2935,5.09533,49.96,0627:01:00,1,08
22:25:55,0.13449,220.50,0.39872,11.82928,34.5415,3.29361,5.09533,49.97,0627:01:03,1,08
22:25:58,0.13394,220.50,0.39972,11.81568,34.50179,3.29361,5.09533,49.97,0627:01:06,1,08
22:26:01,0.13388,220.70,0.40018,11.82928,34.5415,3.29361,5.09533,49.97,0627:01:09,1,08
22:26:02,0.13301,220.60,0.40139,11.78849,34.42239,3.29361,5.09533,50.00,0627:01:10,1,08
22:26:03,0.13351,220.60,0.40129,11.82928,34.5415,3.29361,5.09533,50.00,0627:01:11,1,08
22:26:05,0.13345,220.60,0.4012,11.81568,34.50179,3.29361,5.09533,50.01,0627:01:13,1,08
22:26:06,0.13326,220.70,0.40111,11.80208,34.46209,3.29361,5.09533,50.01,0627:01:14,1,08
22:26:07,0.13326,220.70,0.40111,11.80208,34.46209,3.29361,5.09533,50.03,0627:01:15,1,08
22:26:08,0.13314,220.60,0.40231,11.81568,34.50179,3.29361,5.09533,50.03,0627:01:16,1,08
22:26:09,0.13345,220.50,0.40111,11.80208,34.46209,3.29361,5.09533,50.03,0627:01:17,1,08
22:26:10,0.134,220.60,0.40064,11.84288,34.5812,3.29361,5.09543,50.03,0627:01:18,1,08
22:26:13,0.13357,220.30,0.40028,11.78849,34.42239,3.29361,5.09543,50.04,0627:01:21,1,08
22:26:16,0.13376,220.20,0.40037,11.80208,34.46209,3.29361,5.09543,50.04,0627:01:24,1,08
22:26:18,0.13332,220.20,0.40185,11.80208,34.46209,3.29361,5.09543,50.03,0627:01:25,1,08
22:26:19,0.13369,220.30,0.40037,11.80208,34.46209,3.29361,5.09543,50.03,0627:01:27,1,08
22:26:20,0.13369,220.30,0.40037,11.80208,34.46209,3.29361,5.09543,50.04,0627:01:27,1,08
22:26:21,0.13357,220.30,0.40166,11.82928,34.5415,3.29361,5.09543,50.04,0627:01:28,1,08
22:26:22,0.13338,220.70,0.40166,11.82928,34.5415,3.29361,5.09543,50.04,0627:01:29,1,08
22:26:28,0.13369,220.90,0.39963,11.80208,34.46209,3.29371,5.09543,50.03,0627:01:35,1,08
22:26:30,0.13437,220.80,0.39826,11.81568,34.50179,3.29371,5.09543,50.04,0627:01:38,1,08
22:26:31,0.13394,220.70,0.39844,11.78849,34.42239,3.29371,5.09553,50.04,0627:01:39,1,08
22:26:35,0.13363,220.90,0.40009,11.81568,34.50179,3.29371,5.09553,50.04,0627:01:42,1,08
22:26:38,0.13314,221.00,0.40111,11.80208,34.46209,3.29371,5.09553,50.03,0627:01:45,1,08
22:26:39,0.13388,220.90,0.3989,11.80208,34.46209,3.29371,5.09553,50.03,0627:01:46,1,08
22:26:40,0.13376,221.00,0.39982,11.82928,34.5415,3.29371,5.09553,50.03,0627:01:47,1,08
22:26:41,0.13351,220.80,0.40092,11.82928,34.5415,3.29371,5.09553,50.03,0627:01:49,1,08
22:26:44,0.13276,220.80,0.40222,11.80208,34.46209,3.29371,5.09553,50.01,0627:01:51,1,08
22:26:45,0.13264,220.70,0.40297,11.80208,34.46209,3.29371,5.09553,50.01,0627:01:52,1,08
22:26:46,0.13369,220.80,0.40055,11.82928,34.5415,3.29371,5.09553,50.03,0627:01:53,1,08
22:26:50,0.13369,220.80,0.40009,11.81568,34.50179,3.29371,5.09553,50.01,0627:01:57,1,08
22:26:54,0.13443,220.60,0.39826,11.81568,34.50179,3.29371,5.09563,50.01,0627:02:02,1,08
22:26:55,0.13443,220.60,0.39826,11.81568,34.50179,3.29371,5.09563,50.01,0627:02:02,1,08
22:26:59,0.13504,220.50,0.39872,11.88367,34.70031,3.29381,5.09563,50.00,0627:02:07,1,08
22:27:00,0.1365,220.60,0.40162,12.10122,35.33555,3.29381,5.09563,50.00,0627:02:08,1,08
22:27:01,0.13419,220.60,0.39945,11.82928,34.5415,3.29381,5.09563,50.00,0627:02:08,1,08
22:27:04,0.134,220.70,0.39936,11.81568,34.50179,3.29381,5.09563,50.00,0627:02:12,1,08
22:27:05,0.134,220.70,0.39936,11.81568,34.50179,3.29381,5.09563,50.00,0627:02:13,1,08
22:27:06,0.134,220.60,0.39844,11.78849,34.42239,3.29381,5.09563,50.00,0627:02:14,1,08
22:27:11,0.13412,220.20,0.40055,11.82928,34.5415,3.29381,5.09563,49.99,0627:02:19,1,08
22:27:12,0.13431,220.10,0.40119,11.87007,34.6606,3.29381,5.09573,49.99,0627:02:20,1,08
22:27:14,0.13376,220.20,0.40129,11.82928,34.5415,3.29381,5.09573,50.00,0627:02:22,1,08
22:27:15,0.13351,220.10,0.40148,11.80208,34.46209,3.29381,5.09573,50.00,0627:02:23,1,08
22:27:20,0.13332,220.40,0.40055,11.77489,34.38269,3.29381,5.09573,50.00,0627:02:28,1,08
22:27:23,0.13369,220.40,0.40083,11.81568,34.50179,3.29381,5.09573,50.01,0627:02:31,1,08
22:27:25,0.13307,220.50,0.40278,11.82928,34.5415,3.29381,5.09573,50.01,0627:02:33,1,08
22:27:26,0.13307,220.60,0.40139,11.78849,34.42239,3.29391,5.09573,50.00,0627:02:34,1,08
22:27:27,0.13276,220.70,0.40306,11.81568,34.50179,3.29391,5.09573,50.00,0627:02:35,1,08
22:27:28,0.13332,220.70,0.40111,11.80208,34.46209,3.29391,5.09573,50.01,0627:02:36,1,08
22:27:29,0.13338,220.70,0.4012,11.81568,34.50179,3.29391,5.09573,50.01,0627:02:37,1,08
22:27:31,0.14014,220.60,0.41161,12.72667,37.16188,3.29391,5.09573,50.01,0627:02:39,1,08
22:27:32,0.13307,220.60,0.40185,11.80208,34.46209,3.29391,5.09583,50.00,0627:02:40,1,08
22:27:35,0.1332,220.50,0.40194,11.81568,34.50179,3.29391,5.09583,50.03,0627:02:43,1,08
22:27:36,0.13338,220.50,0.40111,11.80208,34.46209,3.29391,5.09583,50.03,0627:02:44,1,08
22:27:37,0.13257,220.50,0.40288,11.78849,34.42239,3.29391,5.09583,50.03,0627:02:45,1,08
22:27:38,0.13381,220.50,0.40009,11.81568,34.50179,3.29391,5.09583,50.04,0627:02:46,1,08
22:27:42,0.13357,220.40,0.40074,11.80208,34.46209,3.29391,5.09583,50.04,0627:02:50,1,08
22:27:44,0.13345,220.30,0.40111,11.80208,34.46209,3.29391,5.09583,50.01,0627:02:52,1,08
22:27:45,0.13363,220.30,0.40028,11.78849,34.42239,3.29391,5.09583,50.03,0627:02:53,1,08
22:27:48,0.13381,220.30,0.40092,11.82928,34.5415,3.29391,5.09583,50.03,0627:02:56,1,08
22:27:50,0.13351,220.50,0.4012,11.81568,34.50179,3.29391,5.09583,50.01,0627:02:58,1,08
22:27:51,0.13351,220.50,0.40074,11.80208,34.46209,3.29391,5.09583,50.03,0627:02:59,1,08
22:27:52,0.13381,220.50,0.40046,11.81568,34.50179,3.29391,5.09583,50.03,0627:03:00,1,08
22:27:53,0.13326,220.50,0.40102,11.78849,34.42239,3.29391,5.09594,50.03,0627:03:01,1,08
22:27:54,0.13363,220.40,0.40083,11.81568,34.50179,3.29391,5.09594,50.03,0627:03:02,1,08
22:27:55,0.13363,220.40,0.40083,11.81568,34.50179,3.29391,5.09594,50.03,0627:03:03,1,08
22:27:56,0.13338,220.50,0.40157,11.81568,34.50179,3.29391,5.09594,50.03,0627:03:04,1,08
22:27:57,0.13363,220.40,0.40037,11.80208,34.46209,3.29401,5.09594,50.03,0627:03:05,1,08
22:27:58,0.13363,220.40,0.39991,11.78849,34.42239,3.29401,5.09594,50.03,0627:03:06,1,08
22:28:02,0.13412,220.30,0.40156,11.87007,34.6606,3.29401,5.09594,50.01,0627:03:10,1,08
22:28:03,0.13572,220.20,0.404,12.07402,35.25615,3.29401,5.09594,50.03,0627:03:11,1,08
22:28:06,0.1348,220.30,0.39835,11.82928,34.5415,3.29401,5.09594,50.00,0627:03:14,1,08
22:28:07,0.1348,220.30,0.39835,11.82928,34.5415,3.29401,5.09594,50.00,0627:03:15,1,08
22:28:09,0.13394,220.30,0.40055,11.82928,34.5415,3.29401,5.09594,50.00,0627:03:17,1,08
22:28:11,0.13614,220.40,0.399,11.97884,34.97823,3.29401,5.09594,50.00,0627:03:19,1,08
22:28:12,0.134,220.50,0.39788,11.7613,34.34298,3.29401,5.09594,50.00,0627:03:20,1,08
22:28:13,0.134,220.50,0.39788,11.7613,34.34298,3.29401,5.09604,49.99,0627:03:21,1,08
22:28:14,0.13351,220.40,0.4012,11.81568,34.50179,3.29401,5.09604,49.99,0627:03:22,1,08
22:28:18,0.134,220.50,0.40018,11.82928,34.5415,3.29401,5.09604,49.99,0627:03:25,1,08
22:28:19,0.13431,220.20,0.39982,11.82928,34.5415,3.29401,5.09604,49.99,0627:03:26,1,08
22:28:22,0.13388,220.30,0.40092,11.82928,34.5415,3.29401,5.09604,49.97,0627:03:29,1,08
22:28:23,0.13376,220.30,0.39852,11.7477,34.30328,3.29401,5.09604,49.97,0627:03:30,1,08
22:28:24,0.13357,220.40,0.39935,11.7613,34.34298,3.29401,5.09604,49.96,0627:03:31,1,08
22:28:26,0.13388,220.20,0.4,11.80208,34.46209,3.29401,5.09604,49.99,0627:03:33,1,08
22:28:27,0.13407,220.20,0.39963,11.80208,34.46209,3.29401,5.09604,49.99,0627:03:34,1,08
22:28:28,0.13419,220.20,0.40018,11.82928,34.5415,3.29411,5.09604,49.97,0627:03:35,1,08
22:28:30,0.13388,220.20,0.40037,11.80208,34.46209,3.29411,5.09604,49.97,0627:03:37,1,08
22:28:31,0.13437,220.20,0.39899,11.81568,34.50179,3.29411,5.09604,49.97,0627:03:39,1,08
22:28:32,0.13437,220.20,0.39899,11.81568,34.50179,3.29411,5.09604,49.99,0627:03:39,1,08
22:28:35,0.13425,220.20,0.3989,11.80208,34.46209,3.29411,5.09614,49.97,0627:03:42,1,08
22:28:38,0.13504,220.10,0.39717,11.81568,34.50179,3.29411,5.09614,49.99,0627:03:45,1,08
22:28:40,0.13412,220.10,0.40055,11.82928,34.5415,3.29411,5.09614,49.99,0627:03:47,1,08
22:28:41,0.13449,220.10,0.39853,11.80208,34.46209,3.29411,5.09614,49.99,0627:03:48,1,08
22:28:42,0.13443,220.10,0.39853,11.80208,34.46209,3.29411,5.09614,50.00,0627:03:50,1,08
22:28:43,0.13388,220.20,0.40046,11.81568,34.50179,3.29411,5.09614,50.00,0627:03:51,1,08
22:28:45,0.13363,220.30,0.4012,11.81568,34.50179,3.29411,5.09614,50.01,0627:03:52,1,08
22:28:47,0.13412,220.30,0.39926,11.80208,34.46209,3.29411,5.09614,50.01,0627:03:55,1,08
22:28:48,0.13443,220.30,0.39908,11.82928,34.5415,3.29411,5.09614,50.01,0627:03:56,1,08
22:28:51,0.13449,220.20,0.39817,11.80208,34.46209,3.29411,5.09614,50.01,0627:03:58,1,08
22:28:52,0.13376,220.30,0.40037,11.80208,34.46209,3.29411,5.09614,50.01,0627:03:59,1,08
22:28:56,0.13425,220.30,0.39936,11.81568,34.50179,3.29411,5.09624,50.01,0627:04:03,1,08
22:28:58,0.13345,220.20,0.40148,11.80208,34.46209,3.29411,5.09624,50.01,0627:04:06,1,08
22:28:59,0.13376,220.10,0.40028,11.78849,34.42239,3.29421,5.09624,50.01,0627:04:07,1,08
22:29:01,0.13443,220.00,0.39844,11.78849,34.42239,3.29421,5.09624,50.03,0627:04:09,1,08
22:29:04,0.13363,220.20,0.4012,11.81568,34.50179,3.29421,5.09624,50.01,0627:04:12,1,08
22:29:06,0.13704,220.00,0.39991,12.06043,35.21645,3.29421,5.09624,50.01,0627:04:14,1,08
22:29:08,0.13449,220.10,0.39945,11.82928,34.5415,3.29421,5.09624,50.01,0627:04:15,1,08
22:29:09,0.13388,220.20,0.40083,11.81568,34.50179,3.29421,5.09624,50.01,0627:04:17,1,08
22:29:11,0.13431,220.20,0.39936,11.81568,34.50179,3.29421,5.09624,50.01,0627:04:19,1,08
22:29:12,0.13517,220.20,0.39954,11.89726,34.74001,3.29421,5.09624,50.01,0627:04:20,1,08
22:29:14,0.13437,220.20,0.39936,11.81568,34.50179,3.29421,5.09624,50.00,0627:04:21,1,08
22:29:15,0.13381,220.20,0.40037,11.80208,34.46209,3.29421,5.09634,50.00,0627:04:23,1,08
22:29:16,0.13455,220.20,0.39862,11.81568,34.50179,3.29421,5.09634,50.00,0627:04:24,1,08
22:29:17,0.134,220.20,0.39963,11.80208,34.46209,3.29421,5.09634,50.01,0627:04:25,1,08
22:29:20,0.13381,220.10,0.39991,11.78849,34.42239,3.29421,5.09634,49.99,0627:04:28,1,08
22:29:23,0.13376,220.00,0.40074,11.80208,34.46209,3.29421,5.09634,49.99,0627:04:31,1,08
22:29:24,0.13369,220.00,0.40203,11.82928,34.5415,3.29421,5.09634,49.99,0627:04:32,1,08
22:29:25,0.134,220.10,0.40046,11.81568,34.50179,3.29421,5.09634,49.99,0627:04:33,1,08
22:29:27,0.13412,220.00,0.40055,11.82928,34.5415,3.29421,5.09634,49.99,0627:04:35,1,08
22:29:28,0.13431,220.10,0.39936,11.81568,34.50179,3.29421,5.09634,49.99,0627:04:36,1,08
22:29:29,0.134,219.90,0.39991,11.78849,34.42239,3.29432,5.09634,49.99,0627:04:37,1,08
22:29:32,0.13674,220.10,0.40379,12.1556,35.49436,3.29432,5.09634,49.97,0627:04:40,1,08
22:29:33,0.13381,220.20,0.40129,11.82928,34.5415,3.29432,5.09634,49.97,0627:04:41,1,08
22:29:34,0.13412,220.10,0.39917,11.78849,34.42239,3.29432,5.09634,49.99,0627:04:42,1,08
22:29:36,0.13486,220.10,0.39881,11.84288,34.5812,3.29432,5.09644,49.99,0627:04:44,1,08
22:29:37,0.13376,220.10,0.40028,11.78849,34.42239,3.29432,5.09644,49.99,0627:04:45,1,08
22:29:38,0.13425,220.20,0.39972,11.81568,34.50179,3.29432,5.09644,50.00,0627:04:46,1,08
22:29:39,0.13419,220.20,0.39972,11.81568,34.50179,3.29432,5.09644,50.00,0627:04:47,1,08
22:29:40,0.13431,220.20,0.3989,11.80208,34.46209,3.29432,5.09644,50.00,0627:04:48,1,08
22:29:41,0.13443,220.20,0.39945,11.82928,34.5415,3.29432,5.09644,50.00,0627:04:49,1,08
22:29:43,0.13345,220.30,0.40194,11.81568,34.50179,3.29432,5.09644,50.00,0627:04:51,1,08
22:29:44,0.13369,220.30,0.40074,11.80208,34.46209,3.29432,5.09644,50.01,0627:04:52,1,08
22:29:45,0.13412,220.20,0.40009,11.81568,34.50179,3.29432,5.09644,50.01,0627:04:53,1,08
22:29:49,0.13381,220.20,0.40083,11.81568,34.50179,3.29432,5.09644,50.04,0627:04:57,1,08
22:29:50,0.13381,220.20,0.40083,11.81568,34.50179,3.29432,5.09644,50.04,0627:04:58,1,08
22:29:51,0.13351,220.20,0.40111,11.80208,34.46209,3.29432,5.09644,50.03,0627:04:59,1,08
22:29:53,0.13345,220.10,0.40102,11.78849,34.42239,3.29432,5.09644,50.03,0627:05:01,1,08
22:29:55,0.13437,220.20,0.39936,11.81568,34.50179,3.29432,5.09654,50.03,0627:05:03,1,08
22:29:57,0.134,220.20,0.40101,11.84288,34.5812,3.29432,5.09654,50.00,0627:05:05,1,08
22:30:00,0.13449,220.20,0.39725,11.77489,34.38269,3.29442,5.09654,50.01,0627:05:08,1,08
22:30:02,0.13394,220.10,0.39908,11.77489,34.38269,3.29442,5.09654,50.01,0627:05:10,1,08
22:30:04,0.13443,220.40,0.39771,11.78849,34.42239,3.29442,5.09654,50.01,0627:05:12,1,08
22:30:05,0.13474,220.40,0.39744,11.80208,34.46209,3.29442,5.09654,50.01,0627:05:13,1,08
22:30:06,0.13455,220.40,0.3978,11.80208,34.46209,3.29442,5.09654,50.01,0627:05:14,1,08
22:30:07,0.13498,220.50,0.39772,11.84288,34.5812,3.29442,5.09654,50.00,0627:05:15,1,08
22:30:08,0.13498,220.50,0.39772,11.84288,34.5812,3.29442,5.09654,50.00,0627:05:16,1,08
22:30:09,0.13704,220.40,0.39964,12.07402,35.25615,3.29442,5.09654,49.99,0627:05:17,1,08
22:30:14,0.13381,220.20,0.39852,11.7477,34.30328,3.29442,5.09654,49.97,0627:05:21,1,08
22:30:15,0.13381,220.20,0.39852,11.7477,34.30328,3.29442,5.09654,49.97,0627:05:22,1,08
22:30:16,0.134,220.10,0.39816,11.7477,34.30328,3.29442,5.09664,49.96,0627:05:23,1,08
22:30:20,0.13381,220.50,0.40092,11.82928,34.5415,3.29442,5.09664,49.94,0627:05:27,1,08
22:30:21,0.13381,220.50,0.40092,11.82928,34.5415,3.29442,5.09664,49.94,0627:05:28,1,08
22:30:22,0.13388,220.60,0.40147,11.85647,34.6209,3.29442,5.09664,49.94,0627:05:29,1,08
22:30:23,0.1332,220.50,0.39963,11.7477,34.30328,3.29442,5.09664,49.94,0627:05:30,1,08
22:30:28,0.13363,220.90,0.40009,11.81568,34.50179,3.29442,5.09664,49.95,0627:05:35,1,08
22:30:30,0.13363,220.80,0.40092,11.82928,34.5415,3.29442,5.09664,49.94,0627:05:37,1,08
22:30:31,0.13326,220.70,0.40111,11.80208,34.46209,3.29452,5.09664,49.94,0627:05:38,1,08
22:30:32,0.13326,220.60,0.3988,11.7341,34.26358,3.29452,5.09664,49.95,0627:05:39,1,08
22:30:34,0.13376,220.60,0.39917,11.78849,34.42239,3.29452,5.09664,49.94,0627:05:41,1,08
22:30:35,0.13381,220.60,0.40009,11.81568,34.50179,3.29452,5.09664,49.94,0627:05:42,1,08
22:30:36,0.13314,220.60,0.39815,11.69331,34.14447,3.29452,5.09674,49.94,0627:05:43,1,08
22:30:37,0.13407,219.80,0.40406,11.91086,34.77971,3.29452,5.09674,49.94,0627:05:44,1,08
22:30:38,0.13381,220.70,0.40018,11.82928,34.5415,3.29452,5.09674,49.95,0627:05:46,1,08
22:30:39,0.13381,220.70,0.40018,11.82928,34.5415,3.29452,5.09674,49.95,0627:05:46,1,08
22:30:40,0.13443,220.40,0.39954,11.84288,34.5812,3.29452,5.09674,49.94,0627:05:47,1,08
22:30:41,0.13345,220.40,0.39787,11.70691,34.18417,3.29452,5.09674,49.94,0627:05:48,1,08
22:30:42,0.13357,220.40,0.40028,11.78849,34.42239,3.29452,5.09674,49.94,0627:05:49,1,08
22:30:44,0.13468,220.40,0.39789,11.81568,34.50179,3.29452,5.09674,49.94,0627:05:52,1,08
22:30:45,0.13419,220.40,0.39936,11.81568,34.50179,3.29452,5.09674,49.94,0627:05:52,1,08
22:30:46,0.13449,220.30,0.39862,11.81568,34.50179,3.29452,5.09674,49.95,0627:05:53,1,08
22:30:47,0.13388,220.40,0.40009,11.81568,34.50179,3.29452,5.09674,49.95,0627:05:54,1,08
22:30:48,0.13437,220.40,0.39945,11.82928,34.5415,3.29452,5.09674,49.94,0627:05:55,1,08
22:30:49,0.13351,220.20,0.40055,11.77489,34.38269,3.29452,5.09674,49.94,0627:05:57,1,08
22:30:50,0.13351,220.10,0.40241,11.82928,34.5415,3.29452,5.09674,49.95,0627:05:58,1,08
22:30:51,0.13338,220.10,0.39769,11.67971,34.10476,3.29452,5.09674,49.95,0627:05:58,1,08
22:30:54,0.13407,220.40,0.39926,11.80208,34.46209,3.29452,5.09674,49.95,0627:06:02,1,08
22:30:56,0.13369,220.50,0.40037,11.80208,34.46209,3.29452,5.09684,49.95,0627:06:04,1,08
22:30:57,0.13326,220.50,0.40148,11.80208,34.46209,3.29452,5.09684,49.95,0627:06:04,1,08
22:30:58,0.13326,220.40,0.40241,11.82928,34.5415,3.29452,5.09684,49.96,0627:06:05,1,08
22:30:59,0.13381,220.40,0.40046,11.81568,34.50179,3.29452,5.09684,49.96,0627:06:06,1,08
22:31:00,0.13357,220.30,0.40166,11.82928,34.5415,3.29452,5.09684,49.96,0627:06:08,1,08
22:31:01,0.13394,220.30,0.39908,11.77489,34.38269,3.29452,5.09684,49.96,0627:06:09,1,08
22:31:03,0.1332,220.10,0.40222,11.80208,34.46209,3.29462,5.09684,49.96,0627:06:10,1,08
22:31:04,0.13314,220.30,0.40269,11.81568,34.50179,3.29462,5.09684,49.96,0627:06:11,1,08
22:31:05,0.13276,220.40,0.40297,11.80208,34.46209,3.29462,5.09684,49.96,0627:06:13,1,08
22:31:07,0.13301,220.30,0.40213,11.78849,34.42239,3.29462,5.09684,49.95,0627:06:15,1,08
22:31:08,0.13307,220.20,0.40352,11.82928,34.5415,3.29462,5.09684,49.95,0627:06:16,1,08
22:31:09,0.13351,220.30,0.40203,11.82928,34.5415,3.29462,5.09684,49.95,0627:06:16,1,08
22:31:10,0.13338,220.40,0.40241,11.82928,34.5415,3.29462,5.09684,49.95,0627:06:17,1,08
22:31:11,0.13338,220.20,0.40194,11.81568,34.50179,3.29462,5.09684,49.95,0627:06:19,1,08
22:31:13,0.13307,220.30,0.40306,11.81568,34.50179,3.29462,5.09684,49.95,0627:06:21,1,08
22:31:15,0.13301,220.30,0.40213,11.78849,34.42239,3.29462,5.09684,49.95,0627:06:22,1,08
22:31:16,0.13295,220.40,0.4026,11.80208,34.46209,3.29462,5.09684,49.95,0627:06:24,1,08
22:31:18,0.13307,220.50,0.40231,11.81568,34.50179,3.29462,5.09694,49.95,0627:06:26,1,08
22:31:20,0.13233,220.40,0.40447,11.80208,34.46209,3.29462,5.09694,49.95,0627:06:27,1,08
22:31:21,0.13226,220.30,0.40485,11.80208,34.46209,3.29462,5.09694,49.95,0627:06:29,1,08
22:31:22,0.13157,220.30,0.40385,11.70691,34.18417,3.29462,5.09694,49.95,0627:06:30,1,08
22:31:26,0.13264,220.60,0.40335,11.80208,34.46209,3.29462,5.09694,49.96,0627:06:33,1,08
22:31:28,0.13363,220.30,0.40028,11.78849,34.42239,3.29462,5.09694,49.95,0627:06:36,1,08
22:31:29,0.13301,220.30,0.40306,11.81568,34.50179,3.29462,5.09694,49.96,0627:06:37,1,08
22:31:30,0.1332,220.40,0.40278,11.82928,34.5415,3.29462,5.09694,49.96,0627:06:38,1,08
22:31:32,0.13295,220.40,0.40121,11.7613,34.34298,3.29462,5.09694,49.95,0627:06:40,1,08
22:31:34,0.13246,220.40,0.4041,11.80208,34.46209,3.29472,5.09694,49.95,0627:06:42,1,08
22:31:36,0.13257,220.60,0.40335,11.80208,34.46209,3.29472,5.09694,49.95,0627:06:44,1,08
22:31:38,0.13283,220.60,0.4026,11.80208,34.46209,3.29472,5.09705,49.96,0627:06:46,1,08
22:31:39,0.1327,220.60,0.40344,11.81568,34.50179,3.29472,5.09705,49.96,0627:06:47,1,08
22:31:40,0.13246,220.60,0.40419,11.81568,34.50179,3.29472,5.09705,49.95,0627:06:48,1,08
22:31:41,0.13388,220.60,0.40616,12.00604,35.05763,3.29472,5.09705,49.96,0627:06:49,1,08
22:31:44,0.16097,220.60,0.45712,16.23466,47.40522,3.29472,5.09705,49.95,0627:06:52,1,08
22:31:45,0.13233,220.50,0.40447,11.80208,34.46209,3.29472,5.09705,49.95,0627:06:53,1,08
22:31:48,0.1365,220.60,0.40659,12.25078,35.77228,3.29472,5.09705,49.95,0627:06:56,1,08
22:31:49,0.13553,220.50,0.41,12.26438,35.81199,3.29472,5.09705,49.95,0627:06:57,1,08
22:31:51,0.13559,220.40,0.40992,12.25078,35.77228,3.29472,5.09705,49.95,0627:06:59,1,08
22:31:52,0.1362,220.40,0.41078,12.33236,36.0105,3.29472,5.09705,49.95,0627:07:00,1,08
22:31:53,0.134,220.40,0.40478,11.96525,34.93852,3.29472,5.09705,49.95,0627:07:01,1,08
22:31:56,0.13226,220.70,0.40363,11.78849,34.42239,3.29472,5.09705,49.95,0627:07:04,1,08
22:31:57,0.1322,220.70,0.4041,11.80208,34.46209,3.29472,5.09705,49.94,0627:07:05,1,08
22:31:58,0.13257,220.70,0.40344,11.81568,34.50179,3.29472,5.09715,49.94,0627:07:06,1,08
22:32:00,0.13214,220.60,0.40578,11.82928,34.5415,3.29472,5.09715,49.95,0627:07:08,1,08
22:32:01,0.13226,220.70,0.4027,11.7613,34.34298,3.29472,5.09715,49.95,0627:07:09,1,08
22:32:02,0.13226,220.70,0.4027,11.7613,34.34298,3.29482,5.09715,49.95,0627:07:10,1,08
22:32:03,0.1322,220.60,0.40261,11.7477,34.30328,3.29482,5.09715,49.96,0627:07:11,1,08
22:32:04,0.13214,220.60,0.40485,11.80208,34.46209,3.29482,5.09715,49.96,0627:07:12,1,08
22:32:05,0.13226,220.70,0.4041,11.80208,34.46209,3.29482,5.09715,49.95,0627:07:13,1,08
22:32:06,0.13157,220.80,0.40599,11.80208,34.46209,3.29482,5.09715,49.95,0627:07:14,1,08
22:32:07,0.13207,220.90,0.40587,11.84288,34.5812,3.29482,5.09715,49.96,0627:07:15,1,08
22:32:10,0.13351,220.80,0.40323,11.89726,34.74001,3.29482,5.09715,49.96,0627:07:18,1,08
22:32:12,0.13449,220.70,0.40156,11.92446,34.81942,3.29482,5.09715,49.96,0627:07:19,1,08
22:32:16,0.1359,220.60,0.40435,12.12841,35.41496,3.29482,5.09715,49.95,0627:07:23,1,08
22:32:17,0.13741,220.80,0.40143,12.1828,35.57377,3.29482,5.09715,49.95,0627:07:24,1,08
22:32:18,0.13419,221.20,0.39835,11.82928,34.5415,3.29482,5.09715,49.96,0627:07:25,1,08
22:32:19,0.13338,221.20,0.40055,11.82928,34.5415,3.29482,5.09715,49.96,0627:07:26,1,08
22:32:21,0.13251,221.10,0.40306,11.81568,34.50179,3.29482,5.09725,49.95,0627:07:28,1,08
22:32:22,0.13295,221.00,0.39824,11.70691,34.18417,3.29482,5.09725,49.96,0627:07:29,1,08
22:32:24,0.13345,221.20,0.40101,11.84288,34.5812,3.29482,5.09725,49.95,0627:07:31,1,08
22:32:25,0.13283,221.30,0.40194,11.81568,34.50179,3.29482,5.09725,49.95,0627:07:32,1,08
22:32:28,0.13357,221.40,0.40257,11.91086,34.77971,3.29482,5.09725,49.96,0627:07:35,1,08
22:32:29,0.13295,221.40,0.40259,11.85647,34.6209,3.29482,5.09725,49.96,0627:07:36,1,08
22:32:30,0.13257,221.30,0.40269,11.81568,34.50179,3.29482,5.09725,49.95,0627:07:37,1,08
22:32:32,0.13207,221.20,0.40326,11.78849,34.42239,3.29482,5.09725,49.95,0627:07:39,1,08
22:32:33,0.13276,221.10,0.40278,11.82928,34.5415,3.29482,5.09725,49.95,0627:07:40,1,08
22:32:35,0.13257,221.40,0.40139,11.78849,34.42239,3.29492,5.09725,49.94,0627:07:42,1,08
22:32:36,0.13307,221.40,0.40129,11.82928,34.5415,3.29492,5.09725,49.95,0627:07:43,1,08
22:32:37,0.13307,221.40,0.39945,11.77489,34.38269,3.29492,5.09725,49.95,0627:07:44,1,08
22:32:38,0.13351,221.40,0.40018,11.82928,34.5415,3.29492,5.09725,49.94,0627:07:45,1,08
22:32:39,0.13357,221.30,0.40064,11.84288,34.5812,3.29492,5.09725,49.94,0627:07:46,1,08
22:32:40,0.14306,221.20,0.41796,13.22976,38.63089,3.29492,5.09735,49.95,0627:07:47,1,08
22:32:43,0.13264,221.20,0.40139,11.78849,34.42239,3.29492,5.09735,49.95,0627:07:51,1,08
22:32:44,0.13307,221.30,0.40166,11.82928,34.5415,3.29492,5.09735,49.94,0627:07:51,1,08
22:32:47,0.13326,221.20,0.39954,11.78849,34.42239,3.29492,5.09735,49.94,0627:07:54,1,08
22:32:48,0.1332,221.20,0.40175,11.84288,34.5812,3.29492,5.09735,49.94,0627:07:56,1,08
22:32:50,0.13283,221.20,0.39778,11.69331,34.14447,3.29492,5.09735,49.94,0627:07:57,1,08
22:32:53,0.13351,221.30,0.40018,11.82928,34.5415,3.29492,5.09735,49.94,0627:08:00,1,08
22:32:55,0.1332,221.30,0.40092,11.82928,34.5415,3.29492,5.09735,49.94,0627:08:03,1,08
22:32:56,0.13314,221.40,0.40083,11.81568,34.50179,3.29492,5.09735,49.94,0627:08:03,1,08
22:32:57,0.13332,221.20,0.40046,11.81568,34.50179,3.29492,5.09735,49.94,0627:08:04,1,08
22:32:58,0.13288,221.00,0.40241,11.82928,34.5415,3.29492,5.09735,49.94,0627:08:05,1,08
22:32:59,0.13288,221.00,0.39954,11.7341,34.26358,3.29492,5.09735,49.94,0627:08:07,1,08
22:33:01,0.13314,221.10,0.40074,11.80208,34.46209,3.29492,5.09745,49.95,0627:08:09,1,08
22:33:02,0.13345,221.10,0.40055,11.82928,34.5415,3.29492,5.09745,49.93,0627:08:09,1,08
22:33:03,0.13351,221.20,0.3988,11.78849,34.42239,3.29492,5.09745,49.93,0627:08:10,1,08
22:33:04,0.13535,221.20,0.40372,12.08762,35.29585,3.29503,5.09745,49.94,0627:08:11,1,08
22:33:06,0.1332,220.90,0.40166,11.82928,34.5415,3.29503,5.09745,49.95,0627:08:14,1,08
22:33:07,0.13276,220.80,0.40352,11.82928,34.5415,3.29503,5.09745,49.94,0627:08:15,1,08
22:33:09,0.13246,220.40,0.40084,11.70691,34.18417,3.29503,5.09745,49.94,0627:08:16,1,08
22:33:11,0.13369,220.50,0.39954,11.78849,34.42239,3.29503,5.09745,49.94,0627:08:19,1,08
22:33:14,0.13283,220.70,0.40306,11.81568,34.50179,3.29503,5.09745,49.94,0627:08:21,1,08
22:33:15,0.13264,220.90,0.40445,11.85647,34.6209,3.29503,5.09745,49.94,0627:08:22,1,08
22:33:16,0.13332,220.80,0.40166,11.82928,34.5415,3.29503,5.09745,49.93,0627:08:24,1,08
22:33:18,0.13412,220.70,0.4045,11.97884,34.97823,3.29503,5.09745,49.95,0627:08:26,1,08
22:33:19,0.13314,220.90,0.40434,11.89726,34.74001,3.29503,5.09745,49.95,0627:08:26,1,08
22:33:20,0.13233,220.80,0.40372,11.80208,34.46209,3.29503,5.09745,49.95,0627:08:27,1,08
22:33:21,0.13345,220.80,0.40037,11.80208,34.46209,3.29503,5.09755,49.95,0627:08:29,1,08
22:33:24,0.13338,220.80,0.40166,11.82928,34.5415,3.29503,5.09755,49.94,0627:08:32,1,08
22:33:26,0.13388,220.50,0.40009,11.81568,34.50179,3.29503,5.09755,49.95,0627:08:33,1,08
22:33:28,0.134,220.40,0.39926,11.80208,34.46209,3.29503,5.09755,49.94,0627:08:36,1,08
22:33:31,0.13455,220.50,0.39789,11.81568,34.50179,3.29503,5.09755,49.94,0627:08:39,1,08
22:33:32,0.13437,220.60,0.39826,11.81568,34.50179,3.29503,5.09755,49.94,0627:08:40,1,08
22:33:34,0.13407,220.60,0.40028,11.84288,34.5812,3.29503,5.09755,49.94,0627:08:42,1,08
22:33:37,0.13276,220.50,0.40297,11.80208,34.46209,3.29513,5.09755,49.94,0627:08:45,1,08
22:33:40,0.13314,220.60,0.40139,11.78849,34.42239,3.29513,5.09755,49.94,0627:08:48,1,08
22:33:41,0.13307,220.60,0.40278,11.82928,34.5415,3.29513,5.09765,49.94,0627:08:49,1,08
22:33:44,0.13246,220.50,0.40419,11.81568,34.50179,3.29513,5.09765,49.94,0627:08:52,1,08
22:33:45,0.13202,220.40,0.40467,11.77489,34.38269,3.29513,5.09765,49.94,0627:08:53,1,08
22:33:47,0.13246,220.60,0.40419,11.81568,34.50179,3.29513,5.09765,49.94,0627:08:55,1,08
22:33:50,0.13283,220.70,0.40213,11.78849,34.42239,3.29513,5.09765,49.95,0627:08:58,1,08
22:33:53,0.13276,220.50,0.40297,11.80208,34.46209,3.29513,5.09765,49.94,0627:09:01,1,08
22:33:54,0.13202,220.50,0.40243,11.7205,34.22387,3.29513,5.09765,49.94,0627:09:02,1,08
22:33:55,0.13332,220.50,0.40203,11.82928,34.5415,3.29513,5.09765,49.95,0627:09:03,1,08
22:33:56,0.13332,220.50,0.40203,11.82928,34.5415,3.29513,5.09765,49.95,0627:09:04,1,08
22:33:58,0.13233,220.80,0.40372,11.80208,34.46209,3.29513,5.09765,49.95,0627:09:06,1,08
22:33:59,0.13246,220.90,0.40427,11.82928,34.5415,3.29513,5.09765,49.94,0627:09:07,1,08
22:34:00,0.13332,220.80,0.4012,11.81568,34.50179,3.29513,5.09765,49.94,0627:09:08,1,08
22:34:02,0.13301,220.70,0.40278,11.82928,34.5415,3.29513,5.09775,49.95,0627:09:10,1,08
22:34:03,0.13251,220.50,0.40279,11.77489,34.38269,3.29513,5.09775,49.95,0627:09:11,1,08
22:34:05,0.13295,220.60,0.40222,11.80208,34.46209,3.29523,5.09775,49.95,0627:09:13,1,08
22:34:06,0.13307,220.70,0.40194,11.81568,34.50179,3.29523,5.09775,49.95,0627:09:14,1,08
22:34:08,0.13276,220.80,0.40222,11.80208,34.46209,3.29523,5.09775,49.95,0627:09:15,1,08
22:34:09,0.13276,220.80,0.40222,11.80208,34.46209,3.29523,5.09775,49.95,0627:09:16,1,08
22:34:12,0.13486,220.50,0.40402,12.01964,35.09734,3.29523,5.09775,49.95,0627:09:19,1,08
22:34:14,0.13314,220.50,0.40185,11.80208,34.46209,3.29523,5.09775,49.95,0627:09:21,1,08
22:34:15,0.13314,220.50,0.40185,11.80208,34.46209,3.29523,5.09775,49.95,0627:09:22,1,08
22:34:18,0.13369,220.70,0.40009,11.81568,34.50179,3.29523,5.09775,49.95,0627:09:25,1,08
22:34:19,0.13295,220.70,0.40185,11.80208,34.46209,3.29523,5.09775,49.95,0627:09:26,1,08
