接收时间,电流,电压,功率因素,有功功率,年用电量,有功电能,无功电能,电源频率,带负载工作时间,仪表地址,日工作小时
15:11:18,0.14126,212.60,0.39231,11.78849,34.42239,2.86169,4.50654,49.99,0595:47:43,1,08
15:11:19,0.14073,212.80,0.39383,11.80208,34.46209,2.86169,4.50654,50.00,0595:47:44,1,08
15:11:20,0.14079,212.50,0.39373,11.78849,34.42239,2.86169,4.50654,50.00,0595:47:45,1,08
15:11:21,0.14131,212.50,0.3914,11.7613,34.34298,2.86169,4.50664,49.99,0595:47:46,1,08
15:11:24,0.14131,212.80,0.39241,11.80208,34.46209,2.86169,4.50664,50.00,0595:47:49,1,08
15:11:25,0.14073,212.80,0.39111,11.7205,34.22387,2.86169,4.50664,50.01,0595:47:50,1,08
15:11:26,0.14067,212.90,0.39201,11.7477,34.30328,2.86169,4.50664,50.01,0595:47:51,1,08
15:11:27,0.14044,212.80,0.39227,11.7341,34.26358,2.86169,4.50664,50.01,0595:47:52,1,08
15:11:29,0.14167,212.90,0.39054,11.78849,34.42239,2.86179,4.50664,50.01,0595:47:54,1,08
15:11:30,0.14167,212.90,0.39054,11.78849,34.42239,2.86179,4.50664,50.01,0595:47:55,1,08
15:11:33,0.1412,213.00,0.39295,11.82928,34.5415,2.86179,4.50664,50.03,0595:47:58,1,08
15:11:35,0.14143,213.00,0.39044,11.77489,34.38269,2.86179,4.50664,50.04,0595:48:00,1,08
15:11:38,0.14096,212.70,0.39257,11.77489,34.38269,2.86179,4.50664,50.05,0595:48:02,1,08
15:11:43,0.14037,212.60,0.39344,11.7477,34.30328,2.86179,4.50674,50.04,0595:48:07,1,08
15:11:45,0.14167,212.70,0.39079,11.77489,34.38269,2.86179,4.50674,50.04,0595:48:09,1,08
15:11:46,0.14096,212.70,0.39211,11.7613,34.34298,2.86179,4.50674,50.04,0595:48:10,1,08
15:11:47,0.14061,212.90,0.39292,11.77489,34.38269,2.86179,4.50674,50.04,0595:48:11,1,08
15:11:48,0.14084,212.70,0.39338,11.78849,34.42239,2.86179,4.50674,50.03,0595:48:12,1,08
15:11:49,0.14044,212.80,0.39227,11.7341,34.26358,2.86179,4.50674,50.04,0595:48:13,1,08
15:11:50,0.14114,212.60,0.39176,11.7613,34.34298,2.86179,4.50674,50.04,0595:48:14,1,08
15:11:51,0.14096,212.80,0.39211,11.7613,34.34298,2.86179,4.50674,50.04,0595:48:15,1,08
15:11:52,0.14079,212.60,0.39282,11.7613,34.34298,2.86179,4.50674,50.04,0595:48:16,1,08
15:11:56,0.1402,212.80,0.3939,11.7613,34.34298,2.86179,4.50674,50.03,0595:48:20,1,08
15:11:57,0.14056,212.70,0.39318,11.7613,34.34298,2.86179,4.50674,50.03,0595:48:21,1,08
15:11:59,0.14008,212.60,0.39325,11.7205,34.22387,2.86179,4.50674,50.03,0595:48:23,1,08
15:12:00,0.14067,212.70,0.39328,11.77489,34.38269,2.86189,4.50674,50.03,0595:48:24,1,08
15:12:01,0.14079,212.50,0.39328,11.77489,34.38269,2.86189,4.50684,50.03,0595:48:25,1,08
15:12:02,0.14084,212.40,0.39237,11.7477,34.30328,2.86189,4.50684,50.01,0595:48:26,1,08
15:12:03,0.14091,212.30,0.39282,11.7613,34.34298,2.86189,4.50684,50.01,0595:48:27,1,08
15:12:05,0.14044,212.70,0.39445,11.78849,34.42239,2.86189,4.50684,50.01,0595:48:29,1,08
15:12:06,0.14014,212.60,0.39462,11.7613,34.34298,2.86189,4.50684,50.01,0595:48:31,1,08
15:12:07,0.1402,212.60,0.39462,11.7613,34.34298,2.86189,4.50684,50.01,0595:48:31,1,08
15:12:10,0.14044,212.50,0.39481,11.78849,34.42239,2.86189,4.50684,49.99,0595:48:34,1,08
15:12:12,0.14207,212.00,0.39486,11.89726,34.74001,2.86189,4.50684,49.99,0595:48:37,1,08
15:12:16,0.14172,212.00,0.39502,11.87007,34.6606,2.86189,4.50684,49.99,0595:48:40,1,08
15:12:17,0.14114,212.20,0.39519,11.84288,34.5812,2.86189,4.50684,49.96,0595:48:42,1,08
15:12:18,0.1416,212.30,0.39512,11.88367,34.70031,2.86189,4.50684,49.96,0595:48:43,1,08
15:12:20,0.14126,212.40,0.39583,11.88367,34.70031,2.86189,4.50684,49.96,0595:48:44,1,08
15:12:23,0.14207,212.20,0.3936,11.87007,34.6606,2.86189,4.50694,49.96,0595:48:48,1,08
15:12:25,0.14143,212.70,0.39476,11.88367,34.70031,2.86189,4.50694,49.96,0595:48:49,1,08
15:12:30,0.14143,212.50,0.39693,11.93806,34.85912,2.86189,4.50694,49.96,0595:48:55,1,08
15:12:31,0.14143,212.50,0.39693,11.93806,34.85912,2.86199,4.50694,49.96,0595:48:55,1,08
15:12:32,0.14056,212.70,0.39273,11.7477,34.30328,2.86199,4.50694,49.96,0595:48:56,1,08
15:12:35,0.14137,212.80,0.39431,11.87007,34.6606,2.86199,4.50694,49.97,0595:49:00,1,08
15:12:36,0.14143,212.80,0.39341,11.84288,34.5812,2.86199,4.50694,49.97,0595:49:01,1,08
15:12:38,0.14091,212.80,0.39574,11.87007,34.6606,2.86199,4.50694,49.96,0595:49:02,1,08
15:12:39,0.14137,213.00,0.3944,11.88367,34.70031,2.86199,4.50694,49.96,0595:49:04,1,08
15:12:40,0.14126,213.20,0.39486,11.89726,34.74001,2.86199,4.50704,49.96,0595:49:05,1,08
15:12:42,0.14044,212.80,0.39364,11.77489,34.38269,2.86199,4.50704,49.96,0595:49:07,1,08
15:12:43,0.14044,212.80,0.39364,11.77489,34.38269,2.86199,4.50704,49.96,0595:49:07,1,08
15:12:45,0.14471,212.60,0.39576,12.1828,35.57377,2.86199,4.50704,49.96,0595:49:10,1,08
15:12:46,0.14143,212.60,0.39421,11.85647,34.6209,2.86199,4.50704,49.96,0595:49:11,1,08
15:12:47,0.14103,213.10,0.39547,11.88367,34.70031,2.86199,4.50704,49.97,0595:49:12,1,08
15:12:48,0.14114,213.10,0.39467,11.87007,34.6606,2.86199,4.50704,49.97,0595:49:13,1,08
15:12:50,0.14108,213.10,0.39467,11.87007,34.6606,2.86199,4.50704,49.97,0595:49:14,1,08
15:12:52,0.14178,213.00,0.39334,11.88367,34.70031,2.86199,4.50704,49.97,0595:49:17,1,08
15:12:53,0.14126,213.00,0.39521,11.89726,34.74001,2.86199,4.50704,49.97,0595:49:18,1,08
15:12:54,0.14126,213.00,0.39431,11.87007,34.6606,2.86199,4.50704,49.97,0595:49:19,1,08
15:12:56,0.1419,213.10,0.39254,11.87007,34.6606,2.86199,4.50704,49.97,0595:49:20,1,08
15:12:57,0.14103,213.00,0.3914,11.7613,34.34298,2.86199,4.50704,49.99,0595:49:22,1,08
15:12:58,0.14131,212.80,0.39467,11.87007,34.6606,2.86199,4.50704,49.99,0595:49:23,1,08
15:13:01,0.14143,212.80,0.39386,11.85647,34.6209,2.86209,4.50715,49.99,0595:49:25,1,08
15:13:04,0.14108,213.10,0.39467,11.87007,34.6606,2.86209,4.50715,50.00,0595:49:29,1,08
15:13:05,0.14131,213.10,0.3944,11.88367,34.70031,2.86209,4.50715,49.99,0595:49:30,1,08
15:13:06,0.14126,213.10,0.3935,11.85647,34.6209,2.86209,4.50715,49.99,0595:49:31,1,08
15:13:07,0.14126,213.10,0.3935,11.85647,34.6209,2.86209,4.50715,50.00,0595:49:32,1,08
15:13:08,0.14172,213.10,0.395,11.81568,34.50179,2.86209,4.50715,50.00,0595:49:33,1,08
15:13:09,0.14014,213.20,0.39399,11.77489,34.38269,2.86209,4.50715,49.99,0595:49:34,1,08
15:13:10,0.14003,213.30,0.3949,11.80208,34.46209,2.86209,4.50715,49.99,0595:49:35,1,08
15:13:11,0.14032,213.30,0.39555,11.84288,34.5812,2.86209,4.50715,50.01,0595:49:36,1,08
15:13:12,0.13914,213.00,0.39725,11.77489,34.38269,2.86209,4.50715,50.01,0595:49:37,1,08
15:13:14,0.13996,213.10,0.3938,11.7477,34.30328,2.86209,4.50715,50.00,0595:49:39,1,08
15:13:15,0.13996,212.90,0.3937,11.7341,34.26358,2.86209,4.50715,50.00,0595:49:40,1,08
15:13:17,0.13973,212.90,0.39671,11.80208,34.46209,2.86209,4.50715,50.01,0595:49:42,1,08
15:13:20,0.13955,213.30,0.39589,11.78849,34.42239,2.86209,4.50725,50.00,0595:49:45,1,08
15:13:21,0.13979,213.10,0.39553,11.78849,34.42239,2.86209,4.50725,50.01,0595:49:46,1,08
15:13:23,0.13908,213.10,0.39643,11.7613,34.34298,2.86209,4.50725,50.01,0595:49:48,1,08
15:13:24,0.13985,213.20,0.39471,11.77489,34.38269,2.86209,4.50725,50.01,0595:49:49,1,08
15:13:25,0.13949,213.20,0.39762,11.82928,34.5415,2.86209,4.50725,50.01,0595:49:50,1,08
15:13:26,0.14032,212.90,0.39718,11.87007,34.6606,2.86209,4.50725,50.01,0595:49:51,1,08
15:13:30,0.14032,213.20,0.39691,11.88367,34.70031,2.86209,4.50725,50.01,0595:49:55,1,08
15:13:33,0.14026,213.10,0.39591,11.84288,34.5812,2.86219,4.50725,50.01,0595:49:57,1,08
15:13:34,0.14049,213.00,0.3951,11.82928,34.5415,2.86219,4.50725,50.01,0595:49:58,1,08
15:13:37,0.14061,212.80,0.39737,11.89726,34.74001,2.86219,4.50725,50.00,0595:50:01,1,08
15:13:38,0.14067,213.00,0.3961,11.87007,34.6606,2.86219,4.50725,50.01,0595:50:02,1,08
15:13:40,0.14114,212.90,0.39467,11.87007,34.6606,2.86219,4.50725,50.00,0595:50:05,1,08
15:13:41,0.14103,213.00,0.39502,11.87007,34.6606,2.86219,4.50735,49.99,0595:50:06,1,08
15:13:42,0.14037,212.80,0.39354,11.7613,34.34298,2.86219,4.50735,49.99,0595:50:07,1,08
15:13:47,0.14294,213.40,0.39929,12.1828,35.57377,2.86219,4.50735,49.96,0595:50:12,1,08
15:13:48,0.14067,213.40,0.39764,11.93806,34.85912,2.86219,4.50735,49.96,0595:50:13,1,08
15:13:52,0.13973,213.20,0.39735,11.84288,34.5812,2.86219,4.50735,49.97,0595:50:16,1,08
15:13:53,0.1402,213.00,0.39445,11.78849,34.42239,2.86219,4.50735,49.97,0595:50:17,1,08
15:13:55,0.1412,213.20,0.39486,11.89726,34.74001,2.86219,4.50735,49.97,0595:50:19,1,08
15:13:58,0.14155,213.40,0.39469,11.92446,34.81942,2.86219,4.50735,49.97,0595:50:22,1,08
15:14:00,0.14061,213.40,0.39447,11.84288,34.5812,2.86219,4.50735,49.99,0595:50:24,1,08
15:14:01,0.14056,213.10,0.39519,11.84288,34.5812,2.86219,4.50745,49.97,0595:50:25,1,08
15:14:04,0.14003,213.30,0.39672,11.85647,34.6209,2.86229,4.50745,49.97,0595:50:28,1,08
15:14:05,0.14008,213.30,0.39718,11.87007,34.6606,2.86229,4.50745,49.97,0595:50:29,1,08
15:14:08,0.14091,213.40,0.39421,11.85647,34.6209,2.86229,4.50745,49.99,0595:50:32,1,08
15:14:09,0.14108,213.50,0.3944,11.88367,34.70031,2.86229,4.50745,49.99,0595:50:33,1,08
15:14:10,0.14049,213.50,0.39574,11.87007,34.6606,2.86229,4.50745,49.99,0595:50:34,1,08
15:14:11,0.14032,213.20,0.39555,11.84288,34.5812,2.86229,4.50745,49.99,0595:50:35,1,08
15:14:12,0.14167,213.20,0.39784,12.01964,35.09734,2.86229,4.50745,50.00,0595:50:36,1,08
15:14:13,0.14014,213.00,0.3939,11.7613,34.34298,2.86229,4.50745,50.01,0595:50:38,1,08
15:14:15,0.13985,212.60,0.39442,11.7341,34.26358,2.86229,4.50745,50.01,0595:50:39,1,08
15:14:16,0.1402,212.70,0.39654,11.82928,34.5415,2.86229,4.50745,50.01,0595:50:40,1,08
15:14:17,0.13991,212.70,0.39406,11.7341,34.26358,2.86229,4.50745,50.01,0595:50:41,1,08
15:14:18,0.13991,212.60,0.3958,11.77489,34.38269,2.86229,4.50745,50.01,0595:50:42,1,08
15:14:20,0.13973,212.40,0.39744,11.80208,34.46209,2.86229,4.50745,50.03,0595:50:44,1,08
15:14:21,0.13914,212.50,0.3966,11.7341,34.26358,2.86229,4.50755,50.03,0595:50:45,1,08
15:14:23,0.13914,213.00,0.39725,11.77489,34.38269,2.86229,4.50755,50.03,0595:50:47,1,08
15:14:25,0.13949,212.90,0.39515,11.7341,34.26358,2.86229,4.50755,50.03,0595:50:50,1,08
15:14:29,0.13996,212.30,0.39478,11.7341,34.26358,2.86229,4.50755,50.03,0595:50:53,1,08
15:14:30,0.17431,212.40,0.43392,16.0715,46.92878,2.86229,4.50755,50.03,0595:50:55,1,08
15:14:32,0.15486,212.40,0.40826,13.43371,39.22643,2.86239,4.50755,50.03,0595:50:56,1,08
15:14:33,0.14294,212.30,0.39257,11.92446,34.81942,2.86239,4.50755,50.01,0595:50:57,1,08
15:14:34,0.14225,212.40,0.38984,11.78849,34.42239,2.86239,4.50755,50.01,0595:50:58,1,08
15:14:36,0.14079,212.70,0.39474,11.82928,34.5415,2.86239,4.50755,50.03,0595:51:01,1,08
15:14:39,0.14026,212.50,0.3938,11.7477,34.30328,2.86239,4.50755,50.00,0595:51:03,1,08
15:14:42,0.14026,212.60,0.39608,11.81568,34.50179,2.86239,4.50765,49.99,0595:51:07,1,08
15:14:44,0.14103,212.70,0.39257,11.77489,34.38269,2.86239,4.50765,49.99,0595:51:08,1,08
15:14:47,0.14003,212.90,0.3938,11.7477,34.30328,2.86239,4.50765,49.99,0595:51:12,1,08
15:14:52,0.14061,212.70,0.39328,11.77489,34.38269,2.86239,4.50765,49.97,0595:51:17,1,08
15:14:53,0.14079,212.80,0.39428,11.81568,34.50179,2.86239,4.50765,49.97,0595:51:18,1,08
15:14:54,0.1402,213.20,0.39364,11.77489,34.38269,2.86239,4.50765,49.97,0595:51:19,1,08
15:14:56,0.13937,213.40,0.39625,11.78849,34.42239,2.86239,4.50765,49.97,0595:51:20,1,08
15:14:57,0.1392,213.50,0.39707,11.80208,34.46209,2.86239,4.50765,49.96,0595:51:22,1,08
15:14:58,0.13931,213.50,0.39625,11.78849,34.42239,2.86239,4.50765,49.96,0595:51:23,1,08
15:14:59,0.13967,213.40,0.39462,11.7613,34.34298,2.86239,4.50765,49.97,0595:51:24,1,08
15:15:00,0.1389,213.40,0.39459,11.70691,34.18417,2.86239,4.50765,49.97,0595:51:25,1,08
15:15:01,0.13979,213.20,0.39335,11.7341,34.26358,2.86239,4.50776,49.97,0595:51:26,1,08
15:15:03,0.14003,213.20,0.39308,11.7477,34.30328,2.86249,4.50776,49.97,0595:51:28,1,08
15:15:07,0.13973,213.00,0.3968,11.81568,34.50179,2.86249,4.50776,49.96,0595:51:32,1,08
15:15:10,0.13896,213.00,0.39532,11.70691,34.18417,2.86249,4.50776,49.99,0595:51:35,1,08
15:15:11,0.14184,213.10,0.39748,12.01964,35.09734,2.86249,4.50776,49.96,0595:51:36,1,08
15:15:13,0.13967,212.90,0.39488,11.7477,34.30328,2.86249,4.50776,49.99,0595:51:38,1,08
15:15:14,0.13985,212.90,0.39507,11.77489,34.38269,2.86249,4.50776,49.99,0595:51:39,1,08
15:15:15,0.13985,213.00,0.39599,11.80208,34.46209,2.86249,4.50776,49.97,0595:51:40,1,08
15:15:16,0.13973,213.20,0.39599,11.80208,34.46209,2.86249,4.50776,49.97,0595:51:41,1,08
15:15:19,0.13973,213.10,0.39178,11.66612,34.06506,2.86249,4.50776,49.97,0595:51:44,1,08
15:15:21,0.1402,213.10,0.39399,11.77489,34.38269,2.86249,4.50786,49.96,0595:51:46,1,08
15:15:24,0.14084,212.80,0.39302,11.78849,34.42239,2.86249,4.50786,49.97,0595:51:49,1,08
15:15:26,0.14044,213.10,0.39328,11.77489,34.38269,2.86249,4.50786,49.99,0595:51:51,1,08
15:15:28,0.13996,212.90,0.39471,11.77489,34.38269,2.86249,4.50786,49.96,0595:51:53,1,08
15:15:30,0.13985,213.00,0.39279,11.70691,34.18417,2.86249,4.50786,49.96,0595:51:54,1,08
15:15:31,0.14003,213.00,0.39335,11.7341,34.26358,2.86249,4.50786,49.96,0595:51:55,1,08
15:15:36,0.14008,212.90,0.39471,11.77489,34.38269,2.86259,4.50786,49.97,0595:52:00,1,08
15:15:37,0.1402,212.60,0.39517,11.78849,34.42239,2.86259,4.50786,49.97,0595:52:01,1,08
15:15:39,0.14061,212.60,0.39545,11.82928,34.5415,2.86259,4.50786,49.97,0595:52:03,1,08
15:15:40,0.13979,212.70,0.39305,11.69331,34.14447,2.86259,4.50786,49.97,0595:52:04,1,08
15:15:41,0.14008,212.50,0.39361,11.7205,34.22387,2.86259,4.50786,49.97,0595:52:05,1,08
15:15:42,0.14008,212.60,0.39507,11.77489,34.38269,2.86259,4.50796,49.99,0595:52:06,1,08
15:15:43,0.14056,212.60,0.39354,11.7613,34.34298,2.86259,4.50796,49.99,0595:52:07,1,08
15:15:44,0.14008,212.50,0.39498,11.7613,34.34298,2.86259,4.50796,49.97,0595:52:08,1,08
15:15:46,0.14008,212.40,0.39452,11.7477,34.30328,2.86259,4.50796,49.99,0595:52:10,1,08
15:15:47,0.14084,212.70,0.39428,11.81568,34.50179,2.86259,4.50796,49.99,0595:52:11,1,08
15:15:49,0.14003,212.70,0.39553,11.78849,34.42239,2.86259,4.50796,49.97,0595:52:13,1,08
15:15:50,0.13985,212.50,0.3957,11.7613,34.34298,2.86259,4.50796,49.97,0595:52:14,1,08
15:15:52,0.1402,212.50,0.39462,11.7613,34.34298,2.86259,4.50796,49.97,0595:52:16,1,08
15:15:57,0.14061,212.80,0.39464,11.81568,34.50179,2.86259,4.50796,49.97,0595:52:21,1,08
15:15:58,0.14096,212.50,0.39247,11.7613,34.34298,2.86259,4.50796,49.96,0595:52:22,1,08
15:16:00,0.13914,212.30,0.3942,11.65252,34.02536,2.86259,4.50796,49.96,0595:52:24,1,08
15:16:01,0.14067,211.40,0.3958,11.77489,34.38269,2.86259,4.50796,49.96,0595:52:25,1,08
15:16:02,0.14044,212.50,0.39435,11.77489,34.38269,2.86259,4.50806,49.97,0595:52:26,1,08
15:16:03,0.14073,212.60,0.39373,11.78849,34.42239,2.86259,4.50806,49.97,0595:52:27,1,08
15:16:04,0.14014,212.70,0.39517,11.78849,34.42239,2.86259,4.50806,49.96,0595:52:28,1,08
15:16:05,0.13996,212.70,0.39498,11.7613,34.34298,2.86269,4.50806,49.96,0595:52:29,1,08
15:16:06,0.14014,212.70,0.39471,11.77489,34.38269,2.86269,4.50806,49.97,0595:52:30,1,08
15:16:07,0.14073,212.70,0.39373,11.78849,34.42239,2.86269,4.50806,49.97,0595:52:31,1,08
15:16:08,0.14026,212.80,0.39481,11.78849,34.42239,2.86269,4.50806,49.96,0595:52:32,1,08
15:16:10,0.14079,212.40,0.39364,11.77489,34.38269,2.86269,4.50806,49.96,0595:52:34,1,08
15:16:11,0.14014,212.50,0.39142,11.66612,34.06506,2.86269,4.50806,49.96,0595:52:35,1,08
15:16:12,0.14149,212.40,0.39241,11.80208,34.46209,2.86269,4.50806,49.96,0595:52:36,1,08
15:16:13,0.14143,212.30,0.39231,11.78849,34.42239,2.86269,4.50806,49.96,0595:52:37,1,08
15:16:17,0.14084,212.30,0.39318,11.7613,34.34298,2.86269,4.50806,49.96,0595:52:41,1,08
15:16:18,0.14096,212.20,0.39373,11.78849,34.42239,2.86269,4.50806,49.96,0595:52:42,1,08
15:16:20,0.14003,212.20,0.39204,11.65252,34.02536,2.86269,4.50806,49.95,0595:52:44,1,08
15:16:22,0.14073,212.30,0.39354,11.7613,34.34298,2.86269,4.50816,49.97,0595:52:46,1,08
15:16:25,0.14003,212.40,0.39671,11.80208,34.46209,2.86269,4.50816,49.97,0595:52:49,1,08
15:16:27,0.14049,212.30,0.39426,11.7613,34.34298,2.86269,4.50816,49.97,0595:52:51,1,08
15:16:28,0.14056,212.30,0.39526,11.80208,34.46209,2.86269,4.50816,49.97,0595:52:52,1,08
15:16:30,0.14049,212.20,0.39426,11.7613,34.34298,2.86269,4.50816,49.97,0595:52:54,1,08
15:16:34,0.14067,212.40,0.39445,11.78849,34.42239,2.86269,4.50816,49.97,0595:52:58,1,08
15:16:35,0.14026,212.50,0.39426,11.7613,34.34298,2.8628,4.50816,49.97,0595:52:59,1,08
15:16:39,0.14032,212.80,0.39481,11.78849,34.42239,2.8628,4.50816,49.97,0595:53:03,1,08
15:16:40,0.13996,212.60,0.39543,11.77489,34.38269,2.8628,4.50816,49.97,0595:53:04,1,08
15:16:44,0.14049,212.40,0.3939,11.7613,34.34298,2.8628,4.50826,49.97,0595:53:09,1,08
15:16:46,0.14014,212.30,0.39442,11.7341,34.26358,2.8628,4.50826,49.96,0595:53:10,1,08
15:16:48,0.13967,212.30,0.39826,11.81568,34.50179,2.8628,4.50826,49.96,0595:53:13,1,08
15:16:49,0.14026,212.30,0.39543,11.77489,34.38269,2.8628,4.50826,49.96,0595:53:14,1,08
15:16:51,0.13996,212.20,0.39433,11.7205,34.22387,2.8628,4.50826,49.96,0595:53:15,1,08
15:16:52,0.13955,212.20,0.39679,11.7613,34.34298,2.8628,4.50826,49.96,0595:53:16,1,08
15:16:53,0.13937,212.30,0.39761,11.77489,34.38269,2.8628,4.50826,49.96,0595:53:17,1,08
15:16:57,0.17507,212.60,0.44595,16.60178,48.4772,2.8628,4.50826,49.96,0595:53:21,1,08
15:16:58,0.16956,212.70,0.43896,15.84035,46.25384,2.8628,4.50826,49.96,0595:53:22,1,08
15:16:59,0.17614,212.70,0.45214,16.9553,49.50948,2.8628,4.50826,49.96,0595:53:24,1,08
15:17:03,0.14403,212.30,0.4,12.23718,35.73258,2.8629,4.50837,49.96,0595:53:27,1,08
15:17:06,0.1458,213.10,0.40945,12.72667,37.16188,2.8629,4.50837,49.96,0595:53:31,1,08
15:17:07,0.14143,213.00,0.39901,12.03323,35.13704,2.8629,4.50837,49.96,0595:53:32,1,08
15:17:08,0.14143,213.00,0.39901,12.03323,35.13704,2.8629,4.50837,49.96,0595:53:32,1,08
15:17:09,0.14184,212.80,0.4,12.07402,35.25615,2.8629,4.50837,49.96,0595:53:33,1,08
15:17:10,0.1412,212.80,0.39919,12.00604,35.05763,2.8629,4.50837,49.96,0595:53:34,1,08
15:17:11,0.1446,212.90,0.4038,12.44114,36.32812,2.8629,4.50837,49.96,0595:53:36,1,08
15:17:12,0.14334,213.10,0.40391,12.34596,36.05021,2.8629,4.50837,49.96,0595:53:37,1,08
15:17:18,0.1402,212.70,0.39426,11.7613,34.34298,2.8629,4.50837,49.97,0595:53:43,1,08
15:17:22,0.14008,213.30,0.39399,11.77489,34.38269,2.8629,4.50847,49.97,0595:53:47,1,08
15:17:24,0.14014,213.30,0.39364,11.77489,34.38269,2.8629,4.50847,49.97,0595:53:49,1,08
15:17:25,0.1412,213.30,0.39621,11.93806,34.85912,2.8629,4.50847,49.97,0595:53:50,1,08
15:17:26,0.14008,213.40,0.39455,11.80208,34.46209,2.8629,4.50847,49.97,0595:53:51,1,08
15:17:29,0.14494,213.10,0.39877,12.31877,35.9708,2.8629,4.50847,49.96,0595:53:53,1,08
15:17:34,0.14079,213.40,0.39321,11.81568,34.50179,2.863,4.50847,49.96,0595:53:58,1,08
15:17:35,0.14032,213.40,0.39338,11.78849,34.42239,2.863,4.50847,49.96,0595:53:59,1,08
15:17:36,0.14014,213.40,0.39455,11.80208,34.46209,2.863,4.50847,49.95,0595:54:00,1,08
15:17:37,0.14079,213.40,0.39502,11.87007,34.6606,2.863,4.50847,49.95,0595:54:01,1,08
15:17:40,0.13961,213.30,0.39279,11.70691,34.18417,2.863,4.50847,49.96,0595:54:04,1,08
15:17:44,0.14008,213.00,0.39481,11.78849,34.42239,2.863,4.50857,49.95,0595:54:08,1,08
15:17:47,0.14003,213.20,0.39162,11.69331,34.14447,2.863,4.50857,49.96,0595:54:11,1,08
15:17:48,0.14003,213.20,0.39162,11.69331,34.14447,2.863,4.50857,49.96,0595:54:12,1,08
15:17:52,0.14091,213.10,0.39231,11.78849,34.42239,2.863,4.50857,49.95,0595:54:16,1,08
15:17:54,0.1412,212.90,0.39195,11.78849,34.42239,2.863,4.50857,49.96,0595:54:18,1,08
15:17:55,0.14108,213.00,0.3914,11.7613,34.34298,2.863,4.50857,49.96,0595:54:19,1,08
15:17:58,0.14091,213.10,0.39276,11.80208,34.46209,2.863,4.50857,49.97,0595:54:22,1,08
15:18:02,0.14178,212.90,0.39019,11.78849,34.42239,2.863,4.50867,49.95,0595:54:26,1,08
15:18:04,0.14067,212.80,0.39373,11.78849,34.42239,2.8631,4.50867,49.97,0595:54:28,1,08
15:18:05,0.14049,213.00,0.39419,11.80208,34.46209,2.8631,4.50867,49.96,0595:54:29,1,08
15:18:06,0.14049,213.00,0.39419,11.80208,34.46209,2.8631,4.50867,49.96,0595:54:30,1,08
15:18:07,0.14008,212.90,0.39061,11.65252,34.02536,2.8631,4.50867,49.96,0595:54:31,1,08
15:18:08,0.14049,213.20,0.39247,11.7613,34.34298,2.8631,4.50867,49.96,0595:54:32,1,08
15:18:10,0.14067,212.60,0.39227,11.7341,34.26358,2.8631,4.50867,49.97,0595:54:34,1,08
15:18:14,0.14126,212.70,0.39231,11.78849,34.42239,2.8631,4.50867,49.96,0595:54:38,1,08
15:18:15,0.14155,212.80,0.3917,11.80208,34.46209,2.8631,4.50867,49.96,0595:54:39,1,08
15:18:16,0.14067,212.50,0.38909,11.63892,33.98566,2.8631,4.50867,49.96,0595:54:41,1,08
15:18:17,0.14091,212.60,0.39201,11.7477,34.30328,2.8631,4.50867,49.97,0595:54:42,1,08
15:18:20,0.1416,212.70,0.39215,11.81568,34.50179,2.8631,4.50877,49.97,0595:54:44,1,08
15:18:21,0.14137,212.90,0.3916,11.78849,34.42239,2.8631,4.50877,49.97,0595:54:45,1,08
15:18:22,0.14178,212.90,0.39019,11.78849,34.42239,2.8631,4.50877,49.97,0595:54:47,1,08
15:18:26,0.14114,212.50,0.39347,11.80208,34.46209,2.8631,4.50877,49.97,0595:54:50,1,08
15:18:27,0.14079,212.50,0.39101,11.70691,34.18417,2.8631,4.50877,49.97,0595:54:51,1,08
15:18:28,0.14103,212.70,0.3913,11.7477,34.30328,2.8631,4.50877,49.97,0595:54:52,1,08
15:18:32,0.14079,212.80,0.39247,11.7613,34.34298,2.8631,4.50877,49.97,0595:54:56,1,08
15:18:34,0.14096,212.60,0.39075,11.7205,34.22387,2.8631,4.50877,49.97,0595:54:59,1,08
15:18:36,0.14155,212.60,0.39115,11.77489,34.38269,2.8632,4.50877,49.97,0595:55:00,1,08
15:18:37,0.14137,212.80,0.3925,11.81568,34.50179,2.8632,4.50877,49.99,0595:55:01,1,08
15:18:38,0.14103,212.70,0.39221,11.77489,34.38269,2.8632,4.50877,49.99,0595:55:02,1,08
15:18:40,0.14079,212.80,0.39247,11.7613,34.34298,2.8632,4.50887,49.97,0595:55:05,1,08
15:18:42,0.14202,212.70,0.39064,11.80208,34.46209,2.8632,4.50887,49.99,0595:55:06,1,08
15:18:43,0.14126,212.60,0.39095,11.7477,34.30328,2.8632,4.50887,49.99,0595:55:07,1,08
15:18:46,0.14167,212.70,0.39089,11.78849,34.42239,2.8632,4.50887,49.99,0595:55:11,1,08
15:18:47,0.14167,212.90,0.39044,11.77489,34.38269,2.8632,4.50887,49.97,0595:55:12,1,08
15:18:48,0.14202,213.00,0.39084,11.82928,34.5415,2.8632,4.50887,49.97,0595:55:12,1,08
15:18:51,0.14131,212.20,0.39257,11.77489,34.38269,2.8632,4.50887,49.99,0595:55:16,1,08
15:18:52,0.14108,212.20,0.39237,11.7477,34.30328,2.8632,4.50887,49.99,0595:55:17,1,08
15:18:53,0.14143,212.20,0.3904,11.7205,34.22387,2.8632,4.50887,49.99,0595:55:18,1,08
15:18:56,0.14103,212.80,0.39085,11.7341,34.26358,2.8632,4.50887,49.99,0595:55:21,1,08
15:18:57,0.1416,212.60,0.39215,11.81568,34.50179,2.8632,4.50887,49.99,0595:55:22,1,08
15:18:59,0.14143,212.70,0.39295,11.82928,34.5415,2.8632,4.50897,49.97,0595:55:24,1,08
15:19:00,0.1412,212.70,0.39095,11.7477,34.30328,2.8632,4.50897,49.97,0595:55:24,1,08
15:19:02,0.14143,212.70,0.3925,11.81568,34.50179,2.8632,4.50897,49.99,0595:55:26,1,08
15:19:04,0.14202,212.80,0.39164,11.84288,34.5812,2.8632,4.50897,50.00,0595:55:28,1,08
15:19:05,0.14073,212.40,0.39273,11.7477,34.30328,2.8632,4.50897,50.00,0595:55:29,1,08
15:19:07,0.14032,212.30,0.39142,11.66612,34.06506,2.8633,4.50897,49.99,0595:55:31,1,08
15:19:08,0.14143,212.20,0.39221,11.77489,34.38269,2.8633,4.50897,49.97,0595:55:32,1,08
15:19:09,0.14184,212.20,0.3907,11.7613,34.34298,2.8633,4.50897,49.97,0595:55:33,1,08
15:19:10,0.14084,212.50,0.39373,11.78849,34.42239,2.8633,4.50897,49.99,0595:55:34,1,08
15:19:11,0.14114,212.60,0.39221,11.77489,34.38269,2.8633,4.50897,49.99,0595:55:35,1,08
15:19:13,0.14126,212.80,0.39105,11.7613,34.34298,2.8633,4.50897,49.97,0595:55:37,1,08
15:19:15,0.14143,212.60,0.3915,11.77489,34.38269,2.8633,4.50897,49.99,0595:55:39,1,08
15:19:16,0.14184,212.50,0.39134,11.80208,34.46209,2.8633,4.50897,49.99,0595:55:40,1,08
15:19:17,0.14131,212.50,0.39095,11.7477,34.30328,2.8633,4.50897,49.99,0595:55:41,1,08
15:19:19,0.1423,212.40,0.39388,11.91086,34.77971,2.8633,4.50897,49.97,0595:55:43,1,08
15:19:22,0.14061,212.30,0.39035,11.66612,34.06506,2.8633,4.50907,49.97,0595:55:46,1,08
15:19:23,0.1412,212.40,0.39221,11.77489,34.38269,2.8633,4.50907,49.97,0595:55:47,1,08
15:19:24,0.14056,212.40,0.39435,11.77489,34.38269,2.8633,4.50907,49.99,0595:55:48,1,08
15:19:26,0.14108,212.70,0.39221,11.77489,34.38269,2.8633,4.50907,49.96,0595:55:50,1,08
15:19:27,0.14114,212.50,0.39302,11.78849,34.42239,2.8633,4.50907,49.96,0595:55:51,1,08
15:19:28,0.1419,212.60,0.39054,11.78849,34.42239,2.8633,4.50907,49.99,0595:55:52,1,08
15:19:29,0.14079,212.40,0.39182,11.7205,34.22387,2.8633,4.50907,49.99,0595:55:53,1,08
15:19:30,0.14073,212.50,0.39364,11.77489,34.38269,2.8633,4.50907,49.97,0595:55:54,1,08
15:19:31,0.14061,212.40,0.3949,11.80208,34.46209,2.8633,4.50907,49.97,0595:55:55,1,08
15:19:33,0.14049,212.60,0.39354,11.7613,34.34298,2.8633,4.50907,49.97,0595:55:57,1,08
15:19:34,0.14073,212.70,0.39419,11.80208,34.46209,2.8633,4.50907,49.97,0595:55:58,1,08
15:19:35,0.14103,212.70,0.39266,11.78849,34.42239,2.8633,4.50907,49.97,0595:55:59,1,08
15:19:37,0.14049,212.70,0.39273,11.7477,34.30328,2.8634,4.50907,49.99,0595:56:01,1,08
15:19:38,0.14213,212.80,0.39623,11.99244,35.01793,2.8634,4.50907,49.97,0595:56:02,1,08
15:19:41,0.14061,212.80,0.39328,11.77489,34.38269,2.8634,4.50917,49.97,0595:56:05,1,08
15:19:45,0.14037,212.70,0.39299,11.7341,34.26358,2.8634,4.50917,49.97,0595:56:09,1,08
15:19:46,0.17173,212.40,0.44374,16.19387,47.28611,2.8634,4.50917,49.99,0595:56:10,1,08
15:19:47,0.18506,212.50,0.46061,18.12463,52.92392,2.8634,4.50917,49.99,0595:56:11,1,08
15:19:48,0.18009,212.80,0.4578,17.55356,51.25641,2.8634,4.50917,49.97,0595:56:12,1,08
15:19:49,0.18009,212.80,0.4578,17.55356,51.25641,2.8634,4.50917,49.97,0595:56:13,1,08
15:19:50,0.17619,213.00,0.44931,16.87372,49.27126,2.8634,4.50917,49.99,0595:56:14,1,08
15:19:52,0.17516,212.90,0.44825,16.72415,48.83453,2.8634,4.50917,50.00,0595:56:16,1,08
15:19:53,0.17441,212.90,0.44583,16.56099,48.35809,2.8634,4.50917,49.97,0595:56:17,1,08
15:19:54,0.17778,212.90,0.45474,17.21364,50.26383,2.8634,4.50917,49.97,0595:56:18,1,08
15:19:55,0.17778,212.90,0.45474,17.21364,50.26383,2.8634,4.50917,49.97,0595:56:19,1,08
15:19:57,0.18403,213.00,0.45946,18.02945,52.646,2.8634,4.50917,49.99,0595:56:21,1,08
15:20:03,0.18173,212.40,0.45704,17.64874,51.53432,2.86351,4.50927,49.97,0595:56:27,1,08
15:20:04,0.18127,212.90,0.4581,17.68953,51.65343,2.86351,4.50927,49.96,0595:56:28,1,08
15:20:05,0.18541,212.90,0.45733,18.07024,52.76511,2.86351,4.50927,49.97,0595:56:29,1,08
15:20:13,0.22495,212.60,0.49034,23.4682,68.52715,2.86351,4.50927,49.97,0595:56:37,1,08
15:20:14,0.22428,212.70,0.49259,23.50899,68.64626,2.86351,4.50938,49.97,0595:56:38,1,08
15:20:15,0.23039,212.30,0.49361,24.16164,70.55199,2.86351,4.50938,49.97,0595:56:39,1,08
15:20:16,0.23121,212.40,0.4953,24.3384,71.06814,2.86351,4.50938,49.97,0595:56:40,1,08
15:20:18,0.23203,212.90,0.4934,24.39279,71.22694,2.86361,4.50938,49.97,0595:56:43,1,08
15:20:19,0.23203,212.90,0.4934,24.39279,71.22694,2.86361,4.50938,49.97,0595:56:43,1,08
15:20:20,0.2317,213.00,0.49339,24.3656,71.14754,2.86361,4.50938,49.97,0595:56:44,1,08
15:20:22,0.23085,212.70,0.49253,24.20243,70.6711,2.86361,4.50938,49.97,0595:56:46,1,08
15:20:23,0.23063,212.80,0.49336,24.22963,70.75051,2.86361,4.50938,50.00,0595:56:47,1,08
15:20:24,0.23153,213.00,0.49201,24.28401,70.90932,2.86361,4.50938,50.00,0595:56:49,1,08
15:20:29,0.24741,212.60,0.49768,26.20117,76.50742,2.86361,4.50948,49.99,0595:56:54,1,08
15:20:30,0.24588,212.70,0.4987,26.106,76.22951,2.86361,4.50948,49.99,0595:56:55,1,08
15:20:31,0.24731,212.80,0.49974,26.32355,76.86475,2.86361,4.50948,49.99,0595:56:55,1,08
15:20:32,0.24568,212.70,0.49818,26.05161,76.07069,2.86371,4.50948,49.97,0595:56:56,1,08
15:20:33,0.24688,212.90,0.49819,26.20117,76.50742,2.86371,4.50948,49.97,0595:56:57,1,08
15:20:35,0.24463,213.00,0.49661,25.90204,75.63396,2.86371,4.50948,50.00,0595:57:00,1,08
15:20:37,0.24473,213.20,0.49792,25.99722,75.91188,2.86371,4.50948,50.00,0595:57:01,1,08
15:20:38,0.24648,213.20,0.49974,26.26916,76.70593,2.86371,4.50948,49.99,0595:57:02,1,08
15:20:42,0.24698,212.60,0.49948,26.25556,76.66624,2.86371,4.50958,50.00,0595:57:07,1,08
15:20:43,0.24718,212.50,0.49845,26.20117,76.50742,2.86371,4.50958,49.97,0595:57:07,1,08
15:20:45,0.24598,212.50,0.49818,26.0652,76.1104,2.86381,4.50958,49.99,0595:57:09,1,08
15:20:46,0.24544,212.60,0.49818,26.01082,75.95158,2.86381,4.50958,49.99,0595:57:11,1,08
15:20:48,0.245,212.70,0.50078,26.106,76.22951,2.86381,4.50958,50.00,0595:57:13,1,08
15:20:50,0.24517,212.60,0.5,26.0788,76.1501,2.86381,4.50958,49.97,0595:57:14,1,08
15:20:51,0.24731,212.60,0.49845,26.22836,76.58683,2.86381,4.50958,49.99,0595:57:15,1,08
15:20:52,0.24517,212.70,0.50026,26.106,76.22951,2.86381,4.50958,49.99,0595:57:17,1,08
15:20:54,0.24664,212.70,0.4987,26.17398,76.42802,2.86381,4.50958,49.99,0595:57:19,1,08
15:20:57,0.24914,212.70,0.49436,26.22836,76.58683,2.86381,4.50968,49.99,0595:57:22,1,08
15:21:00,0.24745,213.00,0.49639,26.17398,76.42802,2.86391,4.50968,50.00,0595:57:24,1,08
15:21:02,0.24698,213.20,0.49923,26.29635,76.78535,2.86391,4.50968,49.99,0595:57:25,1,08
15:21:04,0.24755,213.30,0.4964,26.22836,76.58683,2.86391,4.50968,49.99,0595:57:28,1,08
15:21:05,0.24782,213.30,0.49614,26.24196,76.62653,2.86391,4.50968,49.99,0595:57:29,1,08
15:21:06,0.24611,213.40,0.49586,26.05161,76.07069,2.86391,4.50968,50.01,0595:57:30,1,08
15:21:07,0.24822,213.50,0.49744,26.37793,77.02356,2.86391,4.50968,50.01,0595:57:31,1,08
15:21:08,0.24568,213.40,0.49637,26.03801,76.03099,2.86391,4.50968,50.00,0595:57:32,1,08
15:21:10,0.24991,213.60,0.4944,26.41872,77.14268,2.86391,4.50978,50.00,0595:57:34,1,08
15:21:11,0.24941,213.50,0.49847,26.56829,77.57941,2.86391,4.50978,50.00,0595:57:35,1,08
15:21:12,0.24655,213.60,0.49536,26.106,76.22951,2.86391,4.50978,50.01,0595:57:36,1,08
15:21:16,0.24557,213.90,0.49405,25.97003,75.83248,2.86401,4.50978,50.01,0595:57:40,1,08
15:21:19,0.24588,214.00,0.49432,26.02441,75.99129,2.86401,4.50978,50.01,0595:57:43,1,08
15:21:20,0.24681,214.10,0.4928,26.0652,76.1104,2.86401,4.50978,50.03,0595:57:44,1,08
15:21:21,0.25387,214.30,0.49451,26.92181,78.61168,2.86401,4.50978,50.04,0595:57:45,1,08
15:21:22,0.26612,214.10,0.49618,28.29509,82.62167,2.86401,4.50978,50.04,0595:57:46,1,08
15:21:23,0.26822,214.10,0.49479,28.43106,83.01869,2.86401,4.50988,50.03,0595:57:47,1,08
15:21:24,0.26758,213.90,0.49739,28.48545,83.1775,2.86401,4.50988,50.03,0595:57:49,1,08
15:21:26,0.26491,213.80,0.4964,28.13193,82.14523,2.86401,4.50988,50.04,0595:57:50,1,08
15:21:27,0.26733,213.90,0.49834,28.51264,83.25692,2.86411,4.50988,50.04,0595:57:51,1,08
15:21:28,0.26758,213.80,0.49644,28.41746,82.979,2.86411,4.50988,50.04,0595:57:52,1,08
15:21:29,0.26816,213.70,0.49668,28.48545,83.1775,2.86411,4.50988,50.04,0595:57:54,1,08
15:21:31,0.26742,213.80,0.49667,28.41746,82.979,2.86411,4.50988,50.04,0595:57:55,1,08
15:21:32,0.26671,213.70,0.49833,28.43106,83.01869,2.86411,4.50988,50.04,0595:57:56,1,08
15:21:35,0.26724,213.60,0.49595,28.33588,82.74078,2.86411,4.50988,50.01,0595:58:00,1,08
15:21:39,0.26878,213.50,0.49645,28.51264,83.25692,2.86421,4.50998,50.00,0595:58:03,1,08
15:21:40,0.26807,213.90,0.49526,28.41746,82.979,2.86421,4.50998,50.00,0595:58:05,1,08
15:21:41,0.2659,213.80,0.49737,28.29509,82.62167,2.86421,4.50998,50.00,0595:58:06,1,08
15:21:42,0.26628,213.80,0.49809,28.37667,82.85989,2.86421,4.50998,50.00,0595:58:06,1,08
15:21:44,0.26724,213.80,0.49667,28.39027,82.89958,2.86421,4.50998,49.99,0595:58:08,1,08
15:21:45,0.26665,213.70,0.4969,28.33588,82.74078,2.86421,4.50998,49.97,0595:58:10,1,08
15:21:47,0.26751,213.70,0.49905,28.55343,83.37602,2.86421,4.50998,49.97,0595:58:12,1,08
15:21:49,0.26506,213.70,0.49544,28.07754,81.98642,2.86421,4.51009,49.97,0595:58:13,1,08
15:21:51,0.26813,213.90,0.49692,28.52624,83.29662,2.86421,4.51009,49.97,0595:58:16,1,08
15:21:52,0.26745,214.00,0.49739,28.49904,83.21721,2.86431,4.51009,49.97,0595:58:17,1,08
15:21:53,0.26782,214.00,0.49716,28.52624,83.29662,2.86431,4.51009,49.97,0595:58:18,1,08
15:21:55,0.19077,214.00,0.44341,18.11103,52.88422,2.86431,4.51009,49.99,0595:58:19,1,08
15:21:56,0.16917,213.90,0.43313,15.67719,45.77741,2.86431,4.51009,49.99,0595:58:20,1,08
15:21:58,0.14096,214.00,0.39369,11.88367,34.70031,2.86431,4.51009,49.96,0595:58:22,1,08
15:22:00,0.14008,214.00,0.39483,11.84288,34.5812,2.86431,4.51009,49.99,0595:58:24,1,08
15:22:01,0.14014,214.10,0.39402,11.82928,34.5415,2.86431,4.51009,49.99,0595:58:24,1,08
15:22:02,0.14037,214.10,0.39376,11.84288,34.5812,2.86431,4.51009,49.99,0595:58:25,1,08
15:22:03,0.13996,214.40,0.39357,11.81568,34.50179,2.86431,4.51009,49.99,0595:58:27,1,08
15:22:05,0.14061,214.10,0.39395,11.87007,34.6606,2.86431,4.51019,49.99,0595:58:29,1,08
15:22:06,0.13979,214.00,0.39419,11.80208,34.46209,2.86431,4.51019,49.97,0595:58:30,1,08
15:22:07,0.14008,213.70,0.39428,11.81568,34.50179,2.86431,4.51019,49.97,0595:58:30,1,08
15:22:08,0.13961,213.60,0.39289,11.7205,34.22387,2.86431,4.51019,49.99,0595:58:31,1,08
15:22:09,0.14026,213.40,0.39464,11.81568,34.50179,2.86431,4.51019,49.99,0595:58:33,1,08
15:22:10,0.14008,213.50,0.395,11.81568,34.50179,2.86431,4.51019,49.99,0595:58:34,1,08
15:22:12,0.15228,213.80,0.40901,13.32493,38.90881,2.86431,4.51019,49.99,0595:58:36,1,08
15:22:14,0.15026,213.80,0.41159,13.22976,38.63089,2.86431,4.51019,49.97,0595:58:38,1,08
15:22:15,0.15293,213.80,0.41646,13.62407,39.78227,2.86431,4.51019,49.97,0595:58:39,1,08
15:22:17,0.15249,213.80,0.41201,13.43371,39.22643,2.86431,4.51019,50.00,0595:58:41,1,08
15:22:18,0.15249,213.70,0.41201,13.43371,39.22643,2.86441,4.51019,50.00,0595:58:42,1,08
15:22:22,0.15298,213.40,0.40924,13.36572,39.02792,2.86441,4.51019,50.00,0595:58:46,1,08
15:22:23,0.15293,213.40,0.41007,13.39292,39.10733,2.86441,4.51019,50.00,0595:58:47,1,08
15:22:25,0.15325,213.70,0.41162,13.4881,39.38525,2.86441,4.51029,50.00,0595:58:49,1,08
15:22:26,0.1533,213.70,0.4092,13.42011,39.18673,2.86441,4.51029,50.00,0595:58:50,1,08
15:22:29,0.18232,213.60,0.46127,17.97507,52.48719,2.86441,4.51029,50.01,0595:58:53,1,08
15:22:30,0.18232,213.60,0.46127,17.97507,52.48719,2.86441,4.51029,50.01,0595:58:54,1,08
15:22:32,0.18173,214.00,0.45737,17.79831,51.97105,2.86441,4.51029,50.01,0595:58:56,1,08
15:22:33,0.18277,213.80,0.45862,17.93427,52.36808,2.86441,4.51029,50.01,0595:58:57,1,08
15:22:36,0.18286,213.70,0.45967,17.97507,52.48719,2.86441,4.51029,50.03,0595:59:00,1,08
15:22:40,0.1824,213.90,0.45961,17.94787,52.40778,2.86451,4.51029,50.05,0595:59:04,1,08
15:22:42,0.18205,213.90,0.45953,17.90708,52.28867,2.86451,4.51039,50.04,0595:59:06,1,08
15:22:43,0.18141,213.90,0.46113,17.90708,52.28867,2.86451,4.51039,50.04,0595:59:07,1,08
15:22:46,0.1829,213.30,0.46205,18.04305,52.6857,2.86451,4.51039,50.06,0595:59:10,1,08
15:22:47,0.1829,213.30,0.46205,18.04305,52.6857,2.86451,4.51039,50.06,0595:59:11,1,08
15:22:49,0.1825,213.20,0.46261,18.00226,52.5666,2.86451,4.51039,50.05,0595:59:13,1,08
15:22:51,0.18214,213.30,0.46084,17.92068,52.32838,2.86451,4.51039,50.04,0595:59:15,1,08
15:22:52,0.18245,213.30,0.46264,18.01586,52.6063,2.86451,4.51039,50.04,0595:59:16,1,08
15:22:56,0.18295,213.60,0.46349,18.12463,52.92392,2.86451,4.51039,50.03,0595:59:20,1,08
15:22:59,0.18286,213.50,0.461,18.00226,52.5666,2.86451,4.51039,50.03,0595:59:23,1,08
15:23:00,0.18299,213.40,0.46416,18.13823,52.96363,2.86451,4.51049,50.01,0595:59:24,1,08
15:23:02,0.18461,213.30,0.45928,18.09744,52.84452,2.86462,4.51049,50.01,0595:59:26,1,08
15:23:04,0.18358,213.50,0.46498,18.23341,53.24155,2.86462,4.51049,49.99,0595:59:28,1,08
15:23:07,0.18304,213.40,0.46488,18.17902,53.08273,2.86462,4.51049,49.97,0595:59:31,1,08
15:23:08,0.18277,213.50,0.45926,17.93427,52.36808,2.86462,4.51049,49.97,0595:59:32,1,08
15:23:10,0.18237,214.00,0.46448,18.13823,52.96363,2.86462,4.51049,49.96,0595:59:34,1,08
15:23:13,0.18264,214.00,0.46106,18.02945,52.646,2.86462,4.51049,49.96,0595:59:37,1,08
15:23:15,0.1824,213.90,0.46379,18.11103,52.88422,2.86462,4.51049,49.97,0595:59:39,1,08
15:23:16,0.18222,213.90,0.46234,18.02945,52.646,2.86462,4.51049,49.97,0595:59:40,1,08
15:23:19,0.18227,214.20,0.46414,18.12463,52.92392,2.86462,4.5106,49.99,0595:59:43,1,08
15:23:21,0.18282,214.10,0.46389,18.16542,53.04303,2.86472,4.5106,49.97,0595:59:45,1,08
15:23:23,0.18282,214.00,0.46354,18.15182,53.00333,2.86472,4.5106,49.97,0595:59:47,1,08
15:23:24,0.18164,213.80,0.46186,17.94787,52.40778,2.86472,4.5106,49.97,0595:59:48,1,08
15:23:30,0.18182,213.80,0.46294,18.00226,52.5666,2.86472,4.5106,49.97,0595:59:54,1,08
15:23:31,0.18299,213.80,0.46181,18.08384,52.80481,2.86472,4.5106,49.97,0595:59:55,1,08
15:23:32,0.18421,213.70,0.46098,18.15182,53.00333,2.86472,4.5106,49.97,0595:59:56,1,08
15:23:34,0.18187,213.50,0.46466,18.05664,52.7254,2.86472,4.5106,49.97,0595:59:58,1,08
15:23:37,0.18344,213.60,0.46221,18.12463,52.92392,2.86472,4.5107,49.97,0596:00:01,1,08
15:23:38,0.18286,213.80,0.46314,18.11103,52.88422,2.86472,4.5107,49.97,0596:00:02,1,08
15:23:41,0.18232,213.70,0.46339,18.07024,52.76511,2.86482,4.5107,49.97,0596:00:05,1,08
15:23:42,0.18367,213.60,0.46258,18.15182,53.00333,2.86482,4.5107,49.97,0596:00:06,1,08
15:23:43,0.18259,213.50,0.46513,18.13823,52.96363,2.86482,4.5107,49.99,0596:00:07,1,08
15:23:46,0.18376,213.60,0.46159,18.13823,52.96363,2.86482,4.5107,49.99,0596:00:10,1,08
15:23:48,0.18758,213.80,0.46475,18.64131,54.43263,2.86482,4.5107,49.99,0596:00:12,1,08
15:23:51,0.18439,213.50,0.46377,18.2742,53.36066,2.86482,4.5107,50.00,0596:00:16,1,08
15:23:52,0.18187,213.60,0.46291,17.98866,52.5269,2.86482,4.5108,50.00,0596:00:16,1,08
15:23:54,0.18214,213.40,0.46329,18.01586,52.6063,2.86482,4.5108,49.99,0596:00:18,1,08
15:23:55,0.18425,213.40,0.46268,18.20621,53.16214,2.86482,4.5108,49.99,0596:00:19,1,08
15:23:56,0.18353,213.20,0.46146,18.07024,52.76511,2.86482,4.5108,49.99,0596:00:21,1,08
15:24:03,0.18353,213.60,0.46431,18.21981,53.20185,2.86492,4.5108,49.99,0596:00:27,1,08
15:24:06,0.18371,213.50,0.46327,18.17902,53.08273,2.86492,4.5108,49.99,0596:00:29,1,08
15:24:08,0.18443,213.60,0.4648,18.31499,53.47976,2.86492,4.5108,50.01,0596:00:32,1,08
15:24:10,0.18429,213.20,0.46473,18.2742,53.36066,2.86492,4.5108,50.01,0596:00:33,1,08
15:24:14,0.18594,213.00,0.46091,18.2742,53.36066,2.86492,4.5109,50.03,0596:00:38,1,08
15:24:21,0.18789,212.60,0.45918,18.35578,53.59887,2.86502,4.5109,50.03,0596:00:45,1,08
15:24:24,0.18519,212.40,0.46061,18.12463,52.92392,2.86502,4.5109,50.00,0596:00:47,1,08
15:24:25,0.18697,212.50,0.45964,18.2742,53.36066,2.86502,4.5109,50.00,0596:00:49,1,08
15:24:26,0.18621,212.30,0.45842,18.13823,52.96363,2.86502,4.5109,50.00,0596:00:50,1,08
15:24:29,0.18577,211.70,0.46095,18.13823,52.96363,2.86502,4.51101,49.99,0596:00:52,1,08
15:24:30,0.18758,211.50,0.45925,18.23341,53.24155,2.86502,4.51101,49.99,0596:00:54,1,08
15:24:38,0.18675,212.40,0.46196,18.32858,53.51946,2.86502,4.51101,49.96,0596:01:02,1,08
15:24:42,0.18666,212.20,0.46091,18.2742,53.36066,2.86512,4.51101,49.97,0596:01:06,1,08
15:24:43,0.18586,212.30,0.45937,18.13823,52.96363,2.86512,4.51101,49.97,0596:01:07,1,08
15:24:46,0.18639,212.30,0.45982,18.20621,53.16214,2.86512,4.51111,49.97,0596:01:10,1,08
15:24:48,0.18648,212.30,0.45916,18.19262,53.12244,2.86512,4.51111,49.97,0596:01:12,1,08
15:24:50,0.18697,212.20,0.45993,18.2606,53.32095,2.86512,4.51111,49.97,0596:01:14,1,08
15:24:57,0.18678,212.50,0.46062,18.28779,53.40036,2.86512,4.51111,49.99,0596:01:21,1,08
15:25:03,0.18798,212.20,0.45742,18.2606,53.32095,2.86522,4.51121,49.97,0596:01:27,1,08
15:25:04,0.18718,212.20,0.45999,18.28779,53.40036,2.86522,4.51121,49.97,0596:01:28,1,08
15:25:05,0.18718,212.20,0.45999,18.28779,53.40036,2.86522,4.51121,49.97,0596:01:29,1,08
15:25:06,0.18688,212.40,0.46338,18.41016,53.75768,2.86522,4.51121,49.97,0596:01:30,1,08
15:25:07,0.18644,212.40,0.45882,18.17902,53.08273,2.86522,4.51121,49.97,0596:01:31,1,08
15:25:08,0.18709,212.60,0.45628,18.16542,53.04303,2.86522,4.51121,49.97,0596:01:32,1,08
15:25:10,0.18621,212.40,0.45842,18.13823,52.96363,2.86522,4.51121,49.97,0596:01:34,1,08
15:25:11,0.18728,212.30,0.46206,18.38297,53.67828,2.86522,4.51121,49.97,0596:01:35,1,08
15:25:12,0.18586,212.30,0.45696,18.04305,52.6857,2.86522,4.51121,49.97,0596:01:36,1,08
15:25:16,0.18568,212.50,0.45902,18.12463,52.92392,2.86522,4.51121,49.97,0596:01:40,1,08
15:25:17,0.18697,212.30,0.45483,18.07024,52.76511,2.86522,4.51121,49.97,0596:01:41,1,08
15:25:18,0.18524,212.50,0.46032,18.13823,52.96363,2.86522,4.51131,49.97,0596:01:42,1,08
15:25:23,0.18488,212.90,0.46133,18.16542,53.04303,2.86532,4.51131,49.97,0596:01:47,1,08
15:25:26,0.18403,213.30,0.45983,18.05664,52.7254,2.86532,4.51131,49.99,0596:01:50,1,08
15:25:27,0.18563,213.10,0.46117,18.247,53.28125,2.86532,4.51131,49.99,0596:01:51,1,08
15:25:29,0.18398,212.90,0.46114,18.07024,52.76511,2.86532,4.51131,49.99,0596:01:53,1,08
15:25:30,0.18376,212.80,0.46247,18.09744,52.84452,2.86532,4.51131,50.00,0596:01:54,1,08
15:25:31,0.18412,212.60,0.46042,18.02945,52.646,2.86532,4.51131,50.00,0596:01:55,1,08
15:25:35,0.18506,213.10,0.46313,18.2742,53.36066,2.86532,4.51141,49.99,0596:01:59,1,08
15:25:36,0.18456,213.20,0.45891,18.07024,52.76511,2.86532,4.51141,49.99,0596:02:00,1,08
15:25:37,0.18425,213.10,0.46367,18.21981,53.20185,2.86532,4.51141,50.00,0596:02:01,1,08
15:25:38,0.18506,212.90,0.46103,18.17902,53.08273,2.86532,4.51141,50.00,0596:02:02,1,08
15:25:42,0.18683,213.10,0.46007,18.32858,53.51946,2.86542,4.51141,50.00,0596:02:06,1,08
15:25:43,0.18497,213.20,0.45727,18.04305,52.6857,2.86542,4.51141,50.00,0596:02:07,1,08
15:25:44,0.18608,213.00,0.45922,18.21981,53.20185,2.86542,4.51141,50.00,0596:02:08,1,08
15:25:46,0.18586,212.80,0.45536,18.02945,52.646,2.86542,4.51141,50.00,0596:02:10,1,08
15:25:48,0.18456,212.60,0.4581,17.98866,52.5269,2.86542,4.51141,50.00,0596:02:12,1,08
15:25:50,0.1851,212.60,0.45856,18.05664,52.7254,2.86542,4.51141,49.99,0596:02:14,1,08
15:25:52,0.18497,212.70,0.45994,18.11103,52.88422,2.86542,4.51151,50.00,0596:02:16,1,08
15:25:53,0.1855,212.80,0.45902,18.12463,52.92392,2.86542,4.51151,49.99,0596:02:17,1,08
15:25:56,0.18506,212.40,0.4575,18.00226,52.5666,2.86542,4.51151,49.97,0596:02:19,1,08
15:25:57,0.18666,212.40,0.45888,18.20621,53.16214,2.86542,4.51151,49.97,0596:02:20,1,08
15:26:01,0.18621,212.60,0.45539,18.04305,52.6857,2.86552,4.51151,49.97,0596:02:24,1,08
15:26:02,0.18666,212.80,0.46099,18.31499,53.47976,2.86552,4.51151,49.96,0596:02:25,1,08
15:26:03,0.18502,212.80,0.45753,18.01586,52.6063,2.86552,4.51151,49.96,0596:02:27,1,08
15:26:05,0.18555,213.00,0.45945,18.17902,53.08273,2.86552,4.51151,49.96,0596:02:28,1,08
15:26:06,0.18594,212.90,0.4571,18.11103,52.88422,2.86552,4.51151,49.96,0596:02:29,1,08
15:26:07,0.18625,212.80,0.46228,18.32858,53.51946,2.86552,4.51151,49.96,0596:02:30,1,08
15:26:09,0.18586,212.90,0.45742,18.11103,52.88422,2.86552,4.51151,49.96,0596:02:33,1,08
15:26:11,0.18635,213.00,0.45719,18.15182,53.00333,2.86552,4.51162,49.97,0596:02:34,1,08
15:26:12,0.18846,212.90,0.46107,18.51894,54.07531,2.86552,4.51162,49.97,0596:02:35,1,08
15:26:14,0.18723,213.00,0.45842,18.28779,53.40036,2.86552,4.51162,49.97,0596:02:38,1,08
15:26:18,0.18421,212.70,0.45767,17.93427,52.36808,2.86552,4.51162,49.99,0596:02:41,1,08
15:26:19,0.17741,212.70,0.44813,16.91451,49.39036,2.86552,4.51162,49.99,0596:02:42,1,08
15:26:23,0.1416,212.80,0.39405,11.88367,34.70031,2.86562,4.51162,49.97,0596:02:46,1,08
15:26:29,0.17638,212.70,0.45004,16.90091,49.35066,2.86562,4.51172,49.99,0596:02:52,1,08
15:26:30,0.17948,212.80,0.44875,17.14565,50.06531,2.86562,4.51172,49.97,0596:02:53,1,08
15:26:31,0.18528,213.10,0.45767,18.08384,52.80481,2.86562,4.51172,49.97,0596:02:55,1,08
15:26:32,0.18502,213.30,0.45799,18.08384,52.80481,2.86562,4.51172,49.97,0596:02:56,1,08
15:26:33,0.18586,213.10,0.46054,18.247,53.28125,2.86562,4.51172,49.97,0596:02:57,1,08
15:26:34,0.18586,213.10,0.46054,18.247,53.28125,2.86562,4.51172,49.97,0596:02:57,1,08
15:26:40,0.18705,213.00,0.45907,18.30139,53.44006,2.86562,4.51172,49.97,0596:03:03,1,08
15:26:43,0.18524,212.70,0.45897,18.09744,52.84452,2.86573,4.51172,49.97,0596:03:07,1,08
15:26:44,0.18675,212.70,0.45999,18.28779,53.40036,2.86573,4.51172,49.96,0596:03:08,1,08
15:26:46,0.18434,212.70,0.45877,18.00226,52.5666,2.86573,4.51182,49.97,0596:03:09,1,08
15:26:48,0.1867,212.90,0.46104,18.34218,53.55917,2.86573,4.51182,49.97,0596:03:12,1,08
15:26:51,0.18448,213.10,0.45954,18.07024,52.76511,2.86573,4.51182,49.96,0596:03:15,1,08
15:26:52,0.18448,213.10,0.45954,18.07024,52.76511,2.86573,4.51182,49.99,0596:03:15,1,08
15:26:54,0.18586,212.60,0.45736,18.08384,52.80481,2.86573,4.51182,49.99,0596:03:18,1,08
15:26:55,0.18604,212.50,0.46014,18.20621,53.16214,2.86573,4.51182,49.99,0596:03:19,1,08
15:26:58,0.18599,212.70,0.46257,18.31499,53.47976,2.86573,4.51182,50.00,0596:03:22,1,08
15:27:03,0.18417,212.80,0.46082,18.07024,52.76511,2.86583,4.51192,50.03,0596:03:27,1,08
15:27:05,0.18295,212.90,0.46162,17.98866,52.5269,2.86583,4.51192,50.03,0596:03:29,1,08
15:27:06,0.18555,212.90,0.46387,18.32858,53.51946,2.86583,4.51192,50.04,0596:03:30,1,08
15:27:07,0.18452,212.70,0.45879,18.01586,52.6063,2.86583,4.51192,50.04,0596:03:31,1,08
15:27:10,0.18466,212.80,0.46196,18.16542,53.04303,2.86583,4.51192,50.03,0596:03:34,1,08
15:27:12,0.1859,212.70,0.45636,18.05664,52.7254,2.86583,4.51192,50.04,0596:03:36,1,08
15:27:14,0.1867,212.90,0.46135,18.34218,53.55917,2.86583,4.51192,50.03,0596:03:38,1,08
15:27:16,0.18625,213.30,0.46067,18.31499,53.47976,2.86583,4.51192,50.03,0596:03:40,1,08
15:27:17,0.18563,213.20,0.45776,18.12463,52.92392,2.86583,4.51192,50.03,0596:03:41,1,08
15:27:20,0.18492,212.80,0.45718,18.00226,52.5666,2.86583,4.51202,50.03,0596:03:44,1,08
15:27:24,0.18488,213.10,0.4631,18.2606,53.32095,2.86593,4.51202,50.01,0596:03:48,1,08
15:27:25,0.18367,213.20,0.46114,18.07024,52.76511,2.86593,4.51202,50.01,0596:03:49,1,08
15:27:26,0.18832,213.20,0.46175,18.54613,54.15471,2.86593,4.51202,50.01,0596:03:50,1,08
15:27:28,0.1851,213.00,0.46347,18.28779,53.40036,2.86593,4.51202,50.00,0596:03:52,1,08
15:27:30,0.18532,213.30,0.46254,18.30139,53.44006,2.86593,4.51202,50.00,0596:03:54,1,08
15:27:32,0.18461,213.50,0.46345,18.2742,53.36066,2.86593,4.51202,49.99,0596:03:56,1,08
15:27:37,0.18594,213.20,0.46228,18.32858,53.51946,2.86593,4.51212,49.99,0596:04:01,1,08
15:27:41,0.18429,213.70,0.45721,18.01586,52.6063,2.86593,4.51212,49.99,0596:04:05,1,08
15:27:44,0.18434,213.30,0.46164,18.16542,53.04303,2.86603,4.51212,49.99,0596:04:08,1,08
15:27:45,0.18497,213.20,0.46106,18.19262,53.12244,2.86603,4.51212,49.97,0596:04:09,1,08
15:27:47,0.18502,213.60,0.46492,18.38297,53.67828,2.86603,4.51212,49.97,0596:04:11,1,08
15:27:50,0.18644,213.40,0.45663,18.17902,53.08273,2.86603,4.51212,49.99,0596:04:14,1,08
15:27:52,0.18488,213.40,0.4604,18.17902,53.08273,2.86603,4.51212,49.99,0596:04:16,1,08
15:27:54,0.18502,213.40,0.46318,18.30139,53.44006,2.86603,4.51222,50.00,0596:04:18,1,08
15:27:55,0.18479,213.40,0.46003,18.15182,53.00333,2.86603,4.51222,49.99,0596:04:19,1,08
15:27:56,0.18425,213.40,0.46231,18.17902,53.08273,2.86603,4.51222,49.99,0596:04:20,1,08
15:27:58,0.18403,213.70,0.4613,18.15182,53.00333,2.86603,4.51222,50.00,0596:04:22,1,08
15:27:59,0.18443,213.70,0.46034,18.15182,53.00333,2.86603,4.51222,50.00,0596:04:23,1,08
15:28:00,0.18582,213.70,0.46133,18.32858,53.51946,2.86603,4.51222,50.00,0596:04:24,1,08
15:28:03,0.18532,213.60,0.46016,18.21981,53.20185,2.86613,4.51222,50.00,0596:04:26,1,08
15:28:04,0.18608,213.50,0.46204,18.36937,53.63857,2.86613,4.51222,50.00,0596:04:27,1,08
15:28:05,0.18586,213.70,0.45585,18.11103,52.88422,2.86613,4.51222,50.00,0596:04:28,1,08
15:28:06,0.18524,213.80,0.45985,18.21981,53.20185,2.86613,4.51222,50.01,0596:04:29,1,08
15:28:08,0.1847,213.50,0.45899,18.11103,52.88422,2.86613,4.51222,50.03,0596:04:31,1,08
15:28:09,0.19458,213.20,0.45842,19.03562,55.58401,2.86613,4.51222,50.03,0596:04:32,1,08
15:28:12,0.18709,213.40,0.46086,18.41016,53.75768,2.86613,4.51232,50.01,0596:04:35,1,08
15:28:14,0.18492,213.30,0.4621,18.23341,53.24155,2.86613,4.51232,50.00,0596:04:37,1,08
15:28:17,0.18407,213.20,0.46537,18.2742,53.36066,2.86613,4.51232,50.01,0596:04:40,1,08
15:28:20,0.18483,213.40,0.46416,18.31499,53.47976,2.86613,4.51232,50.04,0596:04:43,1,08
15:28:21,0.18537,213.40,0.45948,18.19262,53.12244,2.86613,4.51232,50.04,0596:04:44,1,08
15:28:24,0.18666,213.10,0.45731,18.20621,53.16214,2.86623,4.51232,50.04,0596:04:47,1,08
15:28:25,0.18532,213.20,0.45942,18.16542,53.04303,2.86623,4.51232,50.04,0596:04:48,1,08
15:28:28,0.18537,213.20,0.46286,18.30139,53.44006,2.86623,4.51243,50.04,0596:04:52,1,08
15:28:29,0.18537,213.20,0.46286,18.30139,53.44006,2.86623,4.51243,50.04,0596:04:52,1,08
15:28:31,0.18443,213.40,0.46305,18.23341,53.24155,2.86623,4.51243,50.04,0596:04:54,1,08
15:28:32,0.18599,213.50,0.46167,18.34218,53.55917,2.86623,4.51243,50.05,0596:04:55,1,08
15:28:33,0.18586,213.70,0.45825,18.20621,53.16214,2.86623,4.51243,50.05,0596:04:57,1,08
15:28:34,0.18546,213.30,0.46257,18.31499,53.47976,2.86623,4.51243,50.04,0596:04:58,1,08
15:28:35,0.18546,213.30,0.46257,18.31499,53.47976,2.86623,4.51243,50.04,0596:04:58,1,08
15:28:36,0.18421,213.40,0.46024,18.09744,52.84452,2.86623,4.51243,50.05,0596:04:59,1,08
15:28:37,0.18448,213.10,0.46196,18.16542,53.04303,2.86623,4.51243,50.05,0596:05:00,1,08
15:28:44,0.18214,213.10,0.46639,18.11103,52.88422,2.86633,4.51253,50.03,0596:05:08,1,08
15:28:45,0.1825,213.00,0.46643,18.13823,52.96363,2.86633,4.51253,50.03,0596:05:09,1,08
15:28:46,0.18331,213.00,0.46797,18.2742,53.36066,2.86633,4.51253,50.04,0596:05:10,1,08
15:28:50,0.18376,213.00,0.46458,18.19262,53.12244,2.86633,4.51253,50.01,0596:05:14,1,08
15:28:55,0.18479,212.80,0.46579,18.32858,53.51946,2.86633,4.51253,50.01,0596:05:19,1,08
15:28:57,0.18532,213.00,0.46247,18.2606,53.32095,2.86633,4.51253,50.00,0596:05:21,1,08
15:28:59,0.18608,213.00,0.46539,18.46455,53.91649,2.86633,4.51253,50.00,0596:05:22,1,08
15:29:02,0.1834,212.90,0.45999,17.97507,52.48719,2.86643,4.51263,49.99,0596:05:26,1,08
15:29:04,0.18407,212.70,0.46461,18.20621,53.16214,2.86643,4.51263,49.97,0596:05:28,1,08
15:29:05,0.18417,212.60,0.46253,18.12463,52.92392,2.86643,4.51263,49.97,0596:05:28,1,08
15:29:06,0.18697,212.90,0.46209,18.39657,53.71798,2.86643,4.51263,49.99,0596:05:30,1,08
15:29:08,0.18394,213.10,0.46258,18.15182,53.00333,2.86643,4.51263,49.97,0596:05:32,1,08
15:29:10,0.18412,212.90,0.46429,18.20621,53.16214,2.86643,4.51263,49.99,0596:05:34,1,08
15:29:11,0.18621,212.70,0.45988,18.23341,53.24155,2.86643,4.51263,49.99,0596:05:35,1,08
15:29:13,0.18398,212.40,0.46558,18.20621,53.16214,2.86643,4.51263,49.97,0596:05:37,1,08
15:29:14,0.18425,212.40,0.46146,18.07024,52.76511,2.86643,4.51263,49.97,0596:05:38,1,08
15:29:15,0.18767,212.40,0.4608,18.38297,53.67828,2.86643,4.51263,49.99,0596:05:39,1,08
15:29:16,0.18483,212.50,0.46159,18.13823,52.96363,2.86643,4.51263,49.99,0596:05:40,1,08
15:29:18,0.1851,212.60,0.4672,18.39657,53.71798,2.86643,4.51273,49.97,0596:05:42,1,08
15:29:21,0.18635,212.10,0.4632,18.31499,53.47976,2.86653,4.51273,49.96,0596:05:45,1,08
15:29:22,0.18322,211.90,0.46186,17.94787,52.40778,2.86653,4.51273,49.96,0596:05:46,1,08
15:29:24,0.18639,212.10,0.46252,18.28779,53.40036,2.86653,4.51273,49.96,0596:05:48,1,08
15:29:27,0.18767,212.70,0.46018,18.38297,53.67828,2.86653,4.51273,49.96,0596:05:51,1,08
15:29:29,0.18577,213.00,0.46119,18.2606,53.32095,2.86653,4.51273,49.96,0596:05:53,1,08
15:29:33,0.18701,212.60,0.46582,18.53254,54.11501,2.86653,4.51273,49.97,0596:05:57,1,08
15:29:34,0.18394,212.90,0.45975,18.01586,52.6063,2.86653,4.51273,49.97,0596:05:58,1,08
15:29:35,0.18675,212.80,0.45759,18.19262,53.12244,2.86653,4.51283,49.97,0596:05:59,1,08
15:29:36,0.1874,212.90,0.45947,18.34218,53.55917,2.86653,4.51283,50.00,0596:06:00,1,08
15:29:39,0.1855,213.30,0.46326,18.34218,53.55917,2.86653,4.51283,50.00,0596:06:03,1,08
15:29:40,0.18353,212.90,0.4628,18.09744,52.84452,2.86653,4.51283,50.00,0596:06:04,1,08
15:29:41,0.18385,212.90,0.46389,18.16542,53.04303,2.86663,4.51283,50.00,0596:06:05,1,08
15:29:42,0.18532,212.80,0.4652,18.35578,53.59887,2.86663,4.51283,50.01,0596:06:06,1,08
15:29:43,0.18461,213.10,0.46268,18.20621,53.16214,2.86663,4.51283,50.01,0596:06:07,1,08
15:29:48,0.18559,213.40,0.46296,18.35578,53.59887,2.86663,4.51283,50.03,0596:06:12,1,08
15:29:51,0.18448,213.60,0.4631,18.2606,53.32095,2.86663,4.51283,50.03,0596:06:15,1,08
15:30:02,0.18353,213.70,0.46154,18.11103,52.88422,2.86673,4.51293,50.04,0596:06:25,1,08
15:30:03,0.18475,213.80,0.46318,18.30139,53.44006,2.86673,4.51293,50.04,0596:06:26,1,08
15:30:06,0.18434,213.60,0.46342,18.2606,53.32095,2.86673,4.51293,50.04,0596:06:29,1,08
15:30:09,0.18577,213.70,0.46099,18.31499,53.47976,2.86673,4.51293,50.03,0596:06:32,1,08
15:30:10,0.18367,213.60,0.46292,18.16542,53.04303,2.86673,4.51303,50.04,0596:06:33,1,08
15:30:11,0.18367,213.60,0.46292,18.16542,53.04303,2.86673,4.51303,50.04,0596:06:34,1,08
15:30:13,0.18492,213.40,0.46488,18.35578,53.59887,2.86673,4.51303,50.03,0596:06:36,1,08
15:30:24,0.13991,213.30,0.39435,11.77489,34.38269,2.86683,4.51303,50.00,0596:06:47,1,08
15:30:26,0.14032,213.00,0.39672,11.85647,34.6209,2.86683,4.51303,50.00,0596:06:49,1,08
15:30:32,0.14008,213.40,0.39636,11.85647,34.6209,2.86683,4.51313,49.99,0596:06:55,1,08
15:30:34,0.14084,213.20,0.39593,11.89726,34.74001,2.86683,4.51313,49.97,0596:06:58,1,08
15:30:35,0.14084,213.20,0.39593,11.89726,34.74001,2.86683,4.51313,49.97,0596:06:58,1,08
15:30:39,0.14014,213.30,0.39682,11.87007,34.6606,2.86683,4.51313,49.96,0596:07:03,1,08
15:30:42,0.14084,213.30,0.39367,11.82928,34.5415,2.86683,4.51313,49.96,0596:07:05,1,08
15:30:43,0.14073,213.30,0.39502,11.87007,34.6606,2.86683,4.51313,49.96,0596:07:06,1,08
15:30:46,0.14091,213.10,0.39547,11.88367,34.70031,2.86683,4.51313,49.97,0596:07:09,1,08
15:30:48,0.14079,213.10,0.39583,11.88367,34.70031,2.86683,4.51323,49.97,0596:07:11,1,08
15:30:50,0.13996,213.20,0.39663,11.84288,34.5812,2.86683,4.51323,49.97,0596:07:14,1,08
15:30:51,0.14091,213.20,0.39502,11.87007,34.6606,2.86683,4.51323,49.97,0596:07:15,1,08
15:30:52,0.14091,213.20,0.39502,11.87007,34.6606,2.86683,4.51323,49.97,0596:07:15,1,08
15:30:53,0.14067,213.30,0.39447,11.84288,34.5812,2.86683,4.51323,49.97,0596:07:16,1,08
15:30:54,0.14049,213.10,0.39655,11.88367,34.70031,2.86693,4.51323,49.97,0596:07:17,1,08
15:30:56,0.14108,212.80,0.39547,11.88367,34.70031,2.86693,4.51323,49.97,0596:07:20,1,08
15:31:00,0.14084,213.20,0.39502,11.87007,34.6606,2.86693,4.51323,49.97,0596:07:24,1,08
15:31:01,0.14037,213.20,0.396,11.85647,34.6209,2.86693,4.51323,49.97,0596:07:25,1,08
15:31:02,0.14008,213.30,0.39581,11.82928,34.5415,2.86693,4.51323,49.99,0596:07:26,1,08
15:31:03,0.14044,213.10,0.396,11.85647,34.6209,2.86693,4.51323,49.99,0596:07:27,1,08
15:31:04,0.14061,213.10,0.39574,11.87007,34.6606,2.86693,4.51323,49.99,0596:07:27,1,08
15:31:05,0.14091,213.10,0.39547,11.88367,34.70031,2.86693,4.51323,49.99,0596:07:28,1,08
15:31:07,0.14026,213.20,0.39682,11.87007,34.6606,2.86693,4.51323,50.00,0596:07:31,1,08
15:31:08,0.13991,213.20,0.39745,11.85647,34.6209,2.86693,4.51333,50.00,0596:07:32,1,08
15:31:10,0.14056,213.30,0.39393,11.81568,34.50179,2.86693,4.51333,50.01,0596:07:33,1,08
15:31:12,0.14014,213.20,0.39581,11.82928,34.5415,2.86693,4.51333,50.01,0596:07:36,1,08
15:31:14,0.14026,212.90,0.39672,11.85647,34.6209,2.86693,4.51333,50.01,0596:07:38,1,08
15:31:15,0.14061,212.90,0.3951,11.82928,34.5415,2.86693,4.51333,50.00,0596:07:39,1,08
15:31:16,0.14026,212.90,0.39672,11.85647,34.6209,2.86693,4.51333,50.00,0596:07:39,1,08
15:31:17,0.13985,213.00,0.39781,11.85647,34.6209,2.86693,4.51333,50.00,0596:07:41,1,08
15:31:18,0.13979,212.80,0.39671,11.80208,34.46209,2.86693,4.51333,50.01,0596:07:42,1,08
15:31:20,0.14049,212.80,0.39682,11.87007,34.6606,2.86693,4.51333,50.01,0596:07:44,1,08
15:31:21,0.13979,212.80,0.39635,11.80208,34.46209,2.86693,4.51333,50.00,0596:07:45,1,08
15:31:25,0.14032,213.00,0.39672,11.85647,34.6209,2.86704,4.51333,50.03,0596:07:49,1,08
15:31:27,0.14061,212.50,0.39672,11.85647,34.6209,2.86704,4.51333,50.00,0596:07:51,1,08
15:31:30,0.14014,212.60,0.3969,11.82928,34.5415,2.86704,4.51343,50.01,0596:07:54,1,08
15:31:31,0.14108,212.80,0.39638,11.91086,34.77971,2.86704,4.51343,50.01,0596:07:55,1,08
15:31:33,0.1402,212.70,0.39608,11.81568,34.50179,2.86704,4.51343,50.00,0596:07:57,1,08
15:31:34,0.14079,212.90,0.39574,11.87007,34.6606,2.86704,4.51343,50.00,0596:07:58,1,08
15:31:36,0.14026,213.00,0.39581,11.82928,34.5415,2.86704,4.51343,50.00,0596:08:00,1,08
15:31:37,0.14003,213.00,0.39654,11.82928,34.5415,2.86704,4.51343,50.00,0596:08:01,1,08
15:31:38,0.14236,212.80,0.39865,12.08762,35.29585,2.86704,4.51343,50.00,0596:08:02,1,08
15:31:41,0.14178,212.50,0.39847,12.00604,35.05763,2.86704,4.51343,49.99,0596:08:05,1,08
15:31:42,0.14056,212.50,0.39581,11.82928,34.5415,2.86704,4.51343,49.96,0596:08:06,1,08
15:31:44,0.14044,212.80,0.39682,11.87007,34.6606,2.86704,4.51343,49.97,0596:08:08,1,08
15:31:51,0.13973,213.10,0.39735,11.84288,34.5812,2.86704,4.51354,49.97,0596:08:15,1,08
15:31:52,0.14008,213.10,0.39663,11.84288,34.5812,2.86704,4.51354,49.97,0596:08:16,1,08
15:31:54,0.13955,213.20,0.39808,11.84288,34.5812,2.86704,4.51354,49.97,0596:08:18,1,08
15:31:56,0.14044,212.70,0.39809,11.89726,34.74001,2.86714,4.51354,49.96,0596:08:20,1,08
15:31:58,0.14014,212.60,0.39827,11.87007,34.6606,2.86714,4.51354,49.97,0596:08:21,1,08
15:31:59,0.14032,212.70,0.39754,11.87007,34.6606,2.86714,4.51354,49.97,0596:08:22,1,08
15:32:00,0.13955,212.80,0.39524,11.7477,34.30328,2.86714,4.51354,49.97,0596:08:23,1,08
15:32:02,0.14073,212.50,0.39636,11.85647,34.6209,2.86714,4.51354,49.97,0596:08:25,1,08
15:32:03,0.14079,212.40,0.39545,11.82928,34.5415,2.86714,4.51354,49.97,0596:08:26,1,08
15:32:07,0.13985,212.60,0.39808,11.84288,34.5812,2.86714,4.51354,49.96,0596:08:30,1,08
15:32:09,0.14026,212.50,0.39745,11.85647,34.6209,2.86714,4.51354,49.97,0596:08:32,1,08
15:32:10,0.13985,212.40,0.39661,11.78849,34.42239,2.86714,4.51364,49.97,0596:08:33,1,08
15:32:11,0.13985,212.40,0.39661,11.78849,34.42239,2.86714,4.51364,49.97,0596:08:34,1,08
15:32:14,0.13961,212.30,0.39862,11.81568,34.50179,2.86714,4.51364,50.00,0596:08:37,1,08
15:32:15,0.14032,212.50,0.39745,11.85647,34.6209,2.86714,4.51364,50.00,0596:08:38,1,08
15:32:16,0.13991,212.60,0.39817,11.85647,34.6209,2.86714,4.51364,49.99,0596:08:39,1,08
15:32:18,0.14056,212.50,0.39718,11.87007,34.6606,2.86714,4.51364,50.00,0596:08:41,1,08
15:32:19,0.13973,212.50,0.39927,11.85647,34.6209,2.86714,4.51364,50.00,0596:08:42,1,08
15:32:22,0.13985,212.20,0.39652,11.77489,34.38269,2.86714,4.51364,49.97,0596:08:45,1,08
15:32:25,0.1392,212.40,0.39982,11.82928,34.5415,2.86714,4.51364,49.99,0596:08:48,1,08
15:32:26,0.13937,212.40,0.39945,11.82928,34.5415,2.86724,4.51364,49.99,0596:08:49,1,08
15:32:27,0.13943,212.30,0.39991,11.84288,34.5812,2.86724,4.51364,49.99,0596:08:50,1,08
15:32:28,0.13943,212.30,0.39991,11.84288,34.5812,2.86724,4.51364,49.99,0596:08:51,1,08
15:32:35,0.13813,212.30,0.4013,11.77489,34.38269,2.86724,4.51374,50.00,0596:08:58,1,08
15:32:38,0.13818,212.80,0.40342,11.87007,34.6606,2.86724,4.51374,50.03,0596:09:01,1,08
15:32:44,0.13914,212.80,0.39899,11.81568,34.50179,2.86724,4.51374,50.06,0596:09:07,1,08
15:32:45,0.13967,212.80,0.39808,11.84288,34.5812,2.86724,4.51374,50.06,0596:09:09,1,08
15:32:46,0.13967,212.80,0.39808,11.84288,34.5812,2.86724,4.51374,50.05,0596:09:09,1,08
15:32:47,0.13937,212.80,0.39963,11.85647,34.6209,2.86724,4.51374,50.05,0596:09:10,1,08
15:32:54,0.13807,213.10,0.40212,11.84288,34.5812,2.86724,4.51384,50.03,0596:09:17,1,08
15:32:55,0.1386,213.10,0.40018,11.82928,34.5415,2.86724,4.51384,50.03,0596:09:18,1,08
15:32:57,0.13837,213.20,0.40138,11.84288,34.5812,2.86734,4.51384,50.04,0596:09:21,1,08
15:32:58,0.13837,213.30,0.40193,11.87007,34.6606,2.86734,4.51384,50.04,0596:09:21,1,08
15:33:02,0.13788,213.60,0.40166,11.82928,34.5415,2.86734,4.51384,50.03,0596:09:26,1,08
15:33:03,0.13807,213.50,0.40129,11.82928,34.5415,2.86734,4.51384,50.03,0596:09:27,1,08
15:33:05,0.13849,213.40,0.40064,11.84288,34.5812,2.86734,4.51384,50.04,0596:09:28,1,08
15:33:06,0.1383,213.30,0.40055,11.82928,34.5415,2.86734,4.51384,50.01,0596:09:29,1,08
15:33:08,0.1383,213.20,0.4023,11.87007,34.6606,2.86734,4.51384,50.00,0596:09:32,1,08
15:33:10,0.13849,213.10,0.40055,11.82928,34.5415,2.86734,4.51384,49.99,0596:09:33,1,08
15:33:11,0.13884,213.00,0.40349,11.93806,34.85912,2.86734,4.51394,49.99,0596:09:34,1,08
15:33:13,0.13783,212.90,0.40139,11.78849,34.42239,2.86734,4.51394,49.97,0596:09:37,1,08
15:33:14,0.13771,212.90,0.40269,11.81568,34.50179,2.86734,4.51394,49.97,0596:09:38,1,08
15:33:15,0.13849,213.10,0.40147,11.85647,34.6209,2.86734,4.51394,49.96,0596:09:39,1,08
15:33:18,0.13842,213.40,0.40156,11.87007,34.6606,2.86734,4.51394,49.96,0596:09:41,1,08
15:33:20,0.13783,213.30,0.40342,11.87007,34.6606,2.86734,4.51394,49.96,0596:09:44,1,08
15:33:21,0.13729,213.10,0.40102,11.7341,34.26358,2.86734,4.51394,49.97,0596:09:45,1,08
15:33:22,0.13795,213.00,0.40194,11.81568,34.50179,2.86734,4.51394,49.97,0596:09:45,1,08
15:33:23,0.13807,213.00,0.40203,11.82928,34.5415,2.86734,4.51394,49.97,0596:09:46,1,08
15:33:26,0.13854,213.60,0.39991,11.84288,34.5812,2.86734,4.51394,49.97,0596:09:50,1,08
15:33:27,0.14008,213.60,0.396,11.85647,34.6209,2.86744,4.51394,49.95,0596:09:51,1,08
15:33:28,0.14049,213.60,0.39538,11.87007,34.6606,2.86744,4.51394,49.95,0596:09:51,1,08
15:33:32,0.14294,213.20,0.39786,12.12841,35.41496,2.86744,4.51404,49.97,0596:09:56,1,08
15:33:35,0.14317,213.40,0.3968,12.12841,35.41496,2.86744,4.51404,49.99,0596:09:59,1,08
15:33:37,0.14265,213.60,0.39741,12.11481,35.37526,2.86744,4.51404,49.99,0596:10:01,1,08
15:33:38,0.14276,213.20,0.39777,12.11481,35.37526,2.86744,4.51404,49.99,0596:10:02,1,08
15:33:39,0.14288,213.20,0.3992,12.1692,35.53407,2.86744,4.51404,49.99,0596:10:03,1,08
15:33:41,0.1423,213.20,0.39651,12.03323,35.13704,2.86744,4.51404,49.99,0596:10:05,1,08
15:33:42,0.14242,213.20,0.39794,12.08762,35.29585,2.86744,4.51404,49.97,0596:10:06,1,08
15:33:43,0.14288,213.30,0.39786,12.12841,35.41496,2.86744,4.51404,49.97,0596:10:07,1,08
15:33:45,0.14432,213.20,0.39885,12.27798,35.85169,2.86744,4.51404,49.99,0596:10:09,1,08
15:33:47,0.14294,213.30,0.39706,12.11481,35.37526,2.86744,4.51404,49.99,0596:10:11,1,08
15:33:51,0.14037,213.20,0.39464,11.81568,34.50179,2.86744,4.51414,49.97,0596:10:15,1,08
15:33:53,0.13991,213.10,0.3938,11.7477,34.30328,2.86744,4.51414,49.97,0596:10:16,1,08
15:33:55,0.1402,213.10,0.39627,11.84288,34.5812,2.86744,4.51414,50.00,0596:10:18,1,08
15:33:56,0.14037,213.20,0.3951,11.82928,34.5415,2.86744,4.51414,49.99,0596:10:19,1,08
15:33:58,0.14294,213.30,0.3984,12.1556,35.49436,2.86754,4.51414,50.00,0596:10:21,1,08
15:34:00,0.14131,213.30,0.3963,11.95165,34.89882,2.86754,4.51414,49.99,0596:10:23,1,08
15:34:01,0.14219,213.30,0.39651,12.03323,35.13704,2.86754,4.51414,49.99,0596:10:24,1,08
15:34:02,0.14207,213.30,0.39641,12.01964,35.09734,2.86754,4.51414,49.99,0596:10:25,1,08
15:34:03,0.14265,213.20,0.39695,12.04683,35.17673,2.86754,4.51414,49.99,0596:10:26,1,08
15:34:04,0.14276,213.20,0.39554,12.04683,35.17673,2.86754,4.51414,49.99,0596:10:27,1,08
15:34:05,0.14276,213.20,0.39554,12.04683,35.17673,2.86754,4.51414,49.99,0596:10:28,1,08
15:34:08,0.14276,213.30,0.39509,12.03323,35.13704,2.86754,4.51414,49.99,0596:10:31,1,08
15:34:10,0.14114,213.20,0.39476,11.88367,34.70031,2.86754,4.51414,49.97,0596:10:33,1,08
15:34:16,0.14084,213.30,0.39412,11.84288,34.5812,2.86754,4.51424,49.99,0596:10:39,1,08
15:34:17,0.14084,213.30,0.39412,11.84288,34.5812,2.86754,4.51424,49.99,0596:10:40,1,08
15:34:19,0.14067,213.00,0.39393,11.81568,34.50179,2.86754,4.51424,49.99,0596:10:42,1,08
15:34:20,0.14096,212.90,0.39493,11.85647,34.6209,2.86754,4.51424,49.99,0596:10:43,1,08
15:34:21,0.14096,212.80,0.39393,11.81568,34.50179,2.86754,4.51424,49.99,0596:10:44,1,08
15:34:22,0.14091,212.80,0.39483,11.84288,34.5812,2.86754,4.51424,50.00,0596:10:45,1,08
15:34:25,0.14108,212.90,0.39276,11.80208,34.46209,2.86754,4.51424,49.99,0596:10:48,1,08
15:34:27,0.14084,212.80,0.39438,11.82928,34.5415,2.86754,4.51424,49.99,0596:10:50,1,08
15:34:28,0.14079,212.90,0.39483,11.84288,34.5812,2.86764,4.51424,49.97,0596:10:51,1,08
15:34:30,0.14096,213.00,0.39457,11.85647,34.6209,2.86764,4.51424,49.99,0596:10:53,1,08
15:34:31,0.14103,213.00,0.39321,11.81568,34.50179,2.86764,4.51434,49.99,0596:10:54,1,08
15:34:32,0.14091,213.10,0.39367,11.82928,34.5415,2.86764,4.51434,49.97,0596:10:55,1,08
15:34:33,0.14091,213.10,0.39412,11.84288,34.5812,2.86764,4.51434,49.97,0596:10:56,1,08
15:34:34,0.14061,213.00,0.39474,11.82928,34.5415,2.86764,4.51434,49.97,0596:10:57,1,08
15:34:35,0.14061,213.00,0.39474,11.82928,34.5415,2.86764,4.51434,49.97,0596:10:58,1,08
15:34:37,0.13967,213.00,0.39406,11.7341,34.26358,2.86764,4.51434,49.96,0596:11:00,1,08
15:34:39,0.14056,213.20,0.39474,11.82928,34.5415,2.86764,4.51434,49.97,0596:11:02,1,08
15:34:40,0.14073,213.20,0.39493,11.85647,34.6209,2.86764,4.51434,49.96,0596:11:03,1,08
15:34:42,0.14056,213.40,0.39402,11.82928,34.5415,2.86764,4.51434,49.96,0596:11:05,1,08
15:34:45,0.14103,213.50,0.3944,11.88367,34.70031,2.86764,4.51434,49.97,0596:11:08,1,08
15:34:47,0.14167,213.40,0.39337,11.93806,34.85912,2.86764,4.51434,49.96,0596:11:10,1,08
15:34:50,0.14184,213.50,0.39048,11.82928,34.5415,2.86764,4.51444,49.96,0596:11:13,1,08
15:34:51,0.14126,213.40,0.39315,11.85647,34.6209,2.86764,4.51444,49.96,0596:11:14,1,08
15:34:52,0.14079,213.50,0.39286,11.81568,34.50179,2.86764,4.51444,49.97,0596:11:16,1,08
15:34:53,0.14073,213.40,0.39367,11.82928,34.5415,2.86764,4.51444,49.97,0596:11:16,1,08
15:34:58,0.1412,212.90,0.39331,11.82928,34.5415,2.86764,4.51444,49.97,0596:11:22,1,08
15:34:59,0.14143,213.00,0.39305,11.84288,34.5812,2.86774,4.51444,49.97,0596:11:22,1,08
15:35:00,0.14143,213.00,0.39305,11.84288,34.5812,2.86774,4.51444,49.96,0596:11:23,1,08
15:35:02,0.1412,213.30,0.3935,11.85647,34.6209,2.86774,4.51444,49.97,0596:11:25,1,08
15:35:04,0.1412,213.30,0.39215,11.81568,34.50179,2.86774,4.51444,49.97,0596:11:28,1,08
15:35:06,0.14067,213.00,0.39519,11.84288,34.5812,2.86774,4.51444,49.96,0596:11:29,1,08
15:35:09,0.14003,212.90,0.39608,11.81568,34.50179,2.86774,4.51444,49.97,0596:11:33,1,08
15:35:10,0.14091,213.00,0.39447,11.84288,34.5812,2.86774,4.51454,49.95,0596:11:34,1,08
15:35:12,0.14114,213.30,0.39431,11.87007,34.6606,2.86774,4.51454,49.96,0596:11:35,1,08
15:35:13,0.14037,213.40,0.39519,11.84288,34.5812,2.86774,4.51454,49.96,0596:11:36,1,08
15:35:16,0.14044,213.10,0.396,11.85647,34.6209,2.86774,4.51454,49.96,0596:11:40,1,08
15:35:18,0.14032,213.00,0.39636,11.85647,34.6209,2.86774,4.51454,49.95,0596:11:41,1,08
15:35:19,0.14056,213.10,0.39474,11.82928,34.5415,2.86774,4.51454,49.95,0596:11:43,1,08
15:35:20,0.14032,213.30,0.3951,11.82928,34.5415,2.86774,4.51454,49.96,0596:11:44,1,08
15:35:22,0.13818,213.20,0.40129,11.82928,34.5415,2.86774,4.51454,49.97,0596:11:45,1,08
15:35:23,0.13759,213.40,0.40231,11.81568,34.50179,2.86774,4.51454,49.97,0596:11:46,1,08
15:35:25,0.13759,213.30,0.4037,11.85647,34.6209,2.86774,4.51454,49.96,0596:11:49,1,08
15:35:26,0.13795,213.20,0.4025,11.84288,34.5812,2.86774,4.51454,49.97,0596:11:50,1,08
15:35:33,0.13741,213.30,0.40352,11.82928,34.5415,2.86785,4.51465,49.96,0596:11:57,1,08
15:35:34,0.13734,213.20,0.40399,11.84288,34.5812,2.86785,4.51465,49.96,0596:11:57,1,08
15:35:36,0.13687,213.00,0.40587,11.84288,34.5812,2.86785,4.51465,49.96,0596:12:00,1,08
15:35:37,0.13657,212.90,0.4028,11.7205,34.22387,2.86785,4.51465,49.96,0596:12:01,1,08
15:35:39,0.13734,213.10,0.4039,11.82928,34.5415,2.86785,4.51465,49.97,0596:12:03,1,08
15:35:40,0.13729,213.20,0.40483,11.85647,34.6209,2.86785,4.51465,49.97,0596:12:03,1,08
15:35:42,0.13878,213.30,0.40083,11.87007,34.6606,2.86785,4.51465,49.97,0596:12:06,1,08
15:35:43,0.13872,213.30,0.40037,11.85647,34.6209,2.86785,4.51465,49.97,0596:12:07,1,08
15:35:46,0.13746,213.10,0.40399,11.84288,34.5812,2.86785,4.51465,49.97,0596:12:10,1,08
15:35:52,0.13872,212.90,0.40064,11.84288,34.5812,2.86785,4.51475,49.96,0596:12:15,1,08
15:35:53,0.13872,212.90,0.40064,11.84288,34.5812,2.86785,4.51475,49.96,0596:12:16,1,08
15:35:54,0.13872,212.80,0.40055,11.82928,34.5415,2.86785,4.51475,49.97,0596:12:17,1,08
15:35:57,0.1383,212.80,0.39907,11.84288,34.5812,2.86785,4.51475,49.95,0596:12:20,1,08
15:35:58,0.13795,212.40,0.40213,11.78849,34.42239,2.86785,4.51475,49.96,0596:12:21,1,08
15:35:59,0.13795,212.40,0.40213,11.78849,34.42239,2.86785,4.51475,49.96,0596:12:22,1,08
15:36:00,0.13818,212.50,0.40278,11.82928,34.5415,2.86785,4.51475,49.96,0596:12:23,1,08
15:36:02,0.13854,212.70,0.40129,11.82928,34.5415,2.86795,4.51475,49.96,0596:12:25,1,08
15:36:05,0.20858,212.70,0.48162,21.37428,62.41291,2.86795,4.51475,49.96,0596:12:28,1,08
15:36:06,0.22311,212.70,0.4957,23.53619,68.72566,2.86795,4.51475,49.96,0596:12:29,1,08
15:36:09,0.22355,212.50,0.49514,23.53619,68.72566,2.86795,4.51475,49.96,0596:12:32,1,08
15:36:10,0.22359,212.60,0.49543,23.56338,68.80507,2.86795,4.51485,49.96,0596:12:33,1,08
15:36:11,0.22359,212.60,0.49543,23.56338,68.80507,2.86795,4.51485,49.96,0596:12:34,1,08
15:36:14,0.20651,212.60,0.4904,21.53745,62.88935,2.86795,4.51485,49.95,0596:12:37,1,08
15:36:15,0.20623,212.50,0.48976,21.46946,62.69083,2.86795,4.51485,49.95,0596:12:38,1,08
15:36:19,0.21149,212.60,0.49184,22.12211,64.59657,2.86805,4.51485,49.94,0596:12:42,1,08
15:36:20,0.20885,212.70,0.49021,21.78219,63.60399,2.86805,4.51485,49.96,0596:12:43,1,08
15:36:21,0.21098,212.80,0.48608,21.83657,63.7628,2.86805,4.51485,49.96,0596:12:44,1,08
15:36:24,0.20787,213.00,0.49141,21.76859,63.56429,2.86805,4.51485,49.96,0596:12:47,1,08
15:36:25,0.20988,212.90,0.49027,21.91816,64.00102,2.86805,4.51485,49.96,0596:12:48,1,08
15:36:28,0.20949,213.00,0.48843,21.80938,63.6834,2.86805,4.51495,49.97,0596:12:51,1,08
15:36:32,0.20751,213.00,0.48954,21.64622,63.20696,2.86805,4.51495,49.96,0596:12:56,1,08
15:36:40,0.22352,213.10,0.49487,23.59057,68.88448,2.86815,4.51495,49.97,0596:13:03,1,08
15:36:41,0.22477,213.10,0.49461,23.71294,69.2418,2.86815,4.51505,49.97,0596:13:04,1,08
15:36:44,0.22329,213.10,0.49515,23.57698,68.84477,2.86815,4.51505,49.96,0596:13:07,1,08
15:36:46,0.22307,212.80,0.49685,23.60417,68.92418,2.86815,4.51505,49.97,0596:13:09,1,08
15:36:49,0.22203,212.90,0.49655,23.4818,68.56685,2.86815,4.51505,49.97,0596:13:12,1,08
15:36:51,0.22444,212.70,0.49516,23.65856,69.08299,2.86825,4.51505,49.96,0596:13:14,1,08
15:36:52,0.22336,212.70,0.49743,23.64496,69.04329,2.86825,4.51505,49.97,0596:13:15,1,08
15:36:53,0.22462,212.70,0.49687,23.75374,69.36092,2.86825,4.51505,49.97,0596:13:16,1,08
15:36:54,0.22462,212.70,0.49687,23.75374,69.36092,2.86825,4.51505,49.97,0596:13:17,1,08
15:36:56,0.22414,212.60,0.49373,23.54978,68.76537,2.86825,4.51505,49.96,0596:13:19,1,08
15:36:58,0.23032,212.60,0.49972,24.48797,71.50487,2.86825,4.51515,49.99,0596:13:21,1,08
15:37:00,0.23288,212.60,0.49918,24.73271,72.21951,2.86825,4.51515,49.97,0596:13:23,1,08
15:37:01,0.23217,212.70,0.5011,24.7599,72.29893,2.86825,4.51515,49.97,0596:13:24,1,08
15:37:04,0.26435,212.60,0.50169,28.22711,82.42315,2.86825,4.51515,49.97,0596:13:27,1,08
15:37:05,0.26748,212.70,0.49881,28.40387,82.93929,2.86835,4.51515,49.97,0596:13:28,1,08
15:37:07,0.26763,212.70,0.50119,28.55343,83.37602,2.86835,4.51515,49.99,0596:13:30,1,08
15:37:08,0.26705,212.60,0.50263,28.55343,83.37602,2.86835,4.51515,49.97,0596:13:31,1,08
15:37:10,0.26797,212.70,0.50286,28.6894,83.77304,2.86835,4.51526,49.99,0596:13:33,1,08
15:37:11,0.2685,212.70,0.50309,28.74379,83.93186,2.86835,4.51526,49.99,0596:13:34,1,08
15:37:15,0.26871,212.30,0.50214,28.6758,83.73335,2.86835,4.51526,49.97,0596:13:38,1,08
15:37:17,0.26615,212.50,0.50312,28.47185,83.13781,2.86845,4.51526,49.97,0596:13:40,1,08
15:37:23,0.26581,212.80,0.50649,28.66221,83.69365,2.86845,4.51536,49.99,0596:13:46,1,08
15:37:25,0.26766,212.50,0.50358,28.66221,83.69365,2.86845,4.51536,49.96,0596:13:48,1,08
15:37:26,0.26739,212.50,0.50335,28.62142,83.57454,2.86845,4.51536,49.97,0596:13:49,1,08
15:37:27,0.26572,212.50,0.50361,28.45825,83.0981,2.86845,4.51536,49.97,0596:13:50,1,08
15:37:28,0.26578,212.50,0.50409,28.48545,83.1775,2.86845,4.51536,49.96,0596:13:51,1,08
15:37:29,0.26807,212.60,0.50191,28.62142,83.57454,2.86845,4.51536,49.96,0596:13:52,1,08
15:37:30,0.26804,212.60,0.50215,28.63501,83.61424,2.86856,4.51536,49.97,0596:13:53,1,08
15:37:31,0.26677,212.60,0.50407,28.60782,83.53484,2.86856,4.51536,49.97,0596:13:54,1,08
15:37:35,0.26674,212.50,0.50336,28.55343,83.37602,2.86856,4.51536,49.97,0596:13:59,1,08
15:37:36,0.26659,212.50,0.50264,28.49904,83.21721,2.86856,4.51536,49.96,0596:13:59,1,08
15:37:37,0.26553,212.40,0.50313,28.39027,82.89958,2.86856,4.51546,49.96,0596:14:00,1,08
15:37:38,0.26702,212.40,0.50335,28.56703,83.41573,2.86856,4.51546,49.96,0596:14:01,1,08
15:37:43,0.2677,212.60,0.50263,28.62142,83.57454,2.86866,4.51546,49.97,0596:14:06,1,08
15:37:44,0.2672,212.50,0.50287,28.58062,83.45542,2.86866,4.51546,49.97,0596:14:07,1,08
15:37:48,0.2672,212.20,0.50311,28.55343,83.37602,2.86866,4.51546,49.96,0596:14:11,1,08
15:37:49,0.26924,212.20,0.50309,28.77098,84.01127,2.86866,4.51546,49.96,0596:14:12,1,08
15:37:52,0.26862,212.20,0.5031,28.6894,83.77304,2.86866,4.51557,49.97,0596:14:16,1,08
15:37:54,0.26791,212.30,0.50215,28.58062,83.45542,2.86866,4.51557,49.95,0596:14:17,1,08
15:37:55,0.26816,212.40,0.50119,28.56703,83.41573,2.86876,4.51557,49.95,0596:14:18,1,08
15:37:59,0.2697,212.60,0.50118,28.75739,83.97157,2.86876,4.51557,49.96,0596:14:23,1,08
15:38:02,0.20072,212.80,0.45738,19.5523,57.09272,2.86876,4.51557,49.96,0596:14:25,1,08
15:38:03,0.16671,212.70,0.44674,15.85395,46.29354,2.86876,4.51567,49.96,0596:14:27,1,08
15:38:05,0.13937,212.40,0.40129,11.88367,34.70031,2.86876,4.51567,49.96,0596:14:29,1,08
15:38:08,0.13926,212.50,0.40129,11.88367,34.70031,2.86876,4.51567,49.97,0596:14:31,1,08
15:38:09,0.13985,212.60,0.40037,11.91086,34.77971,2.86876,4.51567,49.97,0596:14:33,1,08
15:38:13,0.13973,212.60,0.40027,11.89726,34.74001,2.86876,4.51567,49.97,0596:14:36,1,08
15:38:15,0.14003,212.40,0.39762,11.82928,34.5415,2.86876,4.51567,49.97,0596:14:39,1,08
15:38:16,0.14126,212.40,0.399,11.97884,34.97823,2.86886,4.51567,49.97,0596:14:40,1,08
15:38:17,0.14003,212.50,0.40091,11.93806,34.85912,2.86886,4.51567,49.96,0596:14:41,1,08
15:38:20,0.14079,212.40,0.39955,11.95165,34.89882,2.86886,4.51567,49.96,0596:14:44,1,08
15:38:22,0.14096,212.10,0.39955,11.95165,34.89882,2.86886,4.51567,49.95,0596:14:46,1,08
15:38:23,0.14032,212.20,0.40237,11.99244,35.01793,2.86886,4.51577,49.95,0596:14:46,1,08
15:38:24,0.13973,212.20,0.39963,11.85647,34.6209,2.86886,4.51577,49.95,0596:14:47,1,08
15:38:25,0.14079,212.20,0.40036,11.96525,34.93852,2.86886,4.51577,49.95,0596:14:49,1,08
15:38:30,0.14131,212.30,0.39855,11.96525,34.93852,2.86886,4.51577,49.95,0596:14:52,1,08
15:38:31,0.14103,212.20,0.39964,11.96525,34.93852,2.86886,4.51577,49.96,0596:14:54,1,08
15:38:35,0.14103,212.70,0.399,11.97884,34.97823,2.86886,4.51577,49.96,0596:14:58,1,08
15:38:37,0.14067,212.80,0.39918,11.95165,34.89882,2.86886,4.51577,49.97,0596:15:00,1,08
15:38:38,0.13991,212.90,0.40192,11.97884,34.97823,2.86886,4.51577,49.96,0596:15:01,1,08
15:38:43,0.14037,212.40,0.40064,11.95165,34.89882,2.86886,4.51577,49.96,0596:15:06,1,08
15:38:46,0.14073,212.70,0.39964,11.96525,34.93852,2.86886,4.51587,49.96,0596:15:09,1,08
15:38:49,0.14414,212.70,0.40381,12.38675,36.16931,2.86896,4.51587,49.96,0596:15:12,1,08
15:38:50,0.13991,212.70,0.39863,11.87007,34.6606,2.86896,4.51587,49.95,0596:15:13,1,08
15:38:52,0.1392,212.60,0.39623,11.7341,34.26358,2.86896,4.51587,49.96,0596:15:15,1,08
15:38:53,0.14049,212.60,0.39809,11.89726,34.74001,2.86896,4.51587,49.96,0596:15:16,1,08
15:38:54,0.14049,212.60,0.39809,11.89726,34.74001,2.86896,4.51587,49.96,0596:15:17,1,08
15:38:56,0.13985,212.80,0.39909,11.88367,34.70031,2.86896,4.51587,49.96,0596:15:19,1,08
15:38:58,0.14137,212.80,0.39837,11.99244,35.01793,2.86896,4.51587,49.97,0596:15:21,1,08
15:38:59,0.14137,212.90,0.40063,12.06043,35.21645,2.86896,4.51587,49.97,0596:15:22,1,08
15:39:00,0.14137,212.90,0.40063,12.06043,35.21645,2.86896,4.51587,49.96,0596:15:23,1,08
15:39:01,0.13955,212.50,0.39872,11.82928,34.5415,2.86896,4.51587,49.96,0596:15:24,1,08
15:39:03,0.14003,212.60,0.39772,11.84288,34.5812,2.86896,4.51587,49.96,0596:15:26,1,08
15:39:04,0.13973,212.70,0.39899,11.87007,34.6606,2.86896,4.51597,49.95,0596:15:27,1,08
15:39:05,0.13967,212.90,0.39854,11.85647,34.6209,2.86896,4.51597,49.95,0596:15:28,1,08
15:39:06,0.13967,212.90,0.39854,11.85647,34.6209,2.86896,4.51597,49.96,0596:15:29,1,08
15:39:07,0.14049,212.90,0.39737,11.89726,34.74001,2.86896,4.51597,49.96,0596:15:30,1,08
15:39:08,0.13967,212.90,0.39899,11.87007,34.6606,2.86896,4.51597,49.96,0596:15:31,1,08
15:39:11,0.14056,212.60,0.39636,11.85647,34.6209,2.86896,4.51597,49.96,0596:15:34,1,08
15:39:12,0.14103,212.70,0.39846,11.95165,34.89882,2.86896,4.51597,49.97,0596:15:35,1,08
15:39:13,0.14114,212.50,0.3981,11.95165,34.89882,2.86896,4.51597,49.97,0596:15:36,1,08
15:39:16,0.14143,212.70,0.39702,11.95165,34.89882,2.86896,4.51597,49.96,0596:15:39,1,08
15:39:17,0.14207,212.70,0.39613,11.97884,34.97823,2.86906,4.51597,49.96,0596:15:40,1,08
15:39:19,0.14114,212.70,0.39764,11.93806,34.85912,2.86906,4.51597,49.97,0596:15:42,1,08
15:39:23,0.14067,212.60,0.39909,11.93806,34.85912,2.86906,4.51597,49.96,0596:15:46,1,08
15:39:24,0.14084,212.60,0.39837,11.93806,34.85912,2.86906,4.51608,49.96,0596:15:47,1,08
15:39:25,0.14091,212.70,0.39891,11.96525,34.93852,2.86906,4.51608,49.96,0596:15:48,1,08
15:39:27,0.14073,212.60,0.40009,11.97884,34.97823,2.86906,4.51608,49.96,0596:15:50,1,08
15:39:28,0.14061,212.40,0.39945,11.93806,34.85912,2.86906,4.51608,49.96,0596:15:51,1,08
15:39:29,0.14044,212.30,0.40155,11.97884,34.97823,2.86906,4.51608,49.96,0596:15:52,1,08
15:39:31,0.14026,212.50,0.40055,11.93806,34.85912,2.86906,4.51608,49.97,0596:15:54,1,08
15:39:32,0.14067,212.50,0.39864,11.92446,34.81942,2.86906,4.51608,49.96,0596:15:55,1,08
15:39:33,0.14037,212.60,0.40073,11.96525,34.93852,2.86906,4.51608,49.96,0596:15:56,1,08
15:39:34,0.13973,212.60,0.39982,11.88367,34.70031,2.86906,4.51608,49.96,0596:15:57,1,08
15:39:36,0.13955,212.60,0.39881,11.84288,34.5812,2.86906,4.51608,49.97,0596:15:59,1,08
15:39:38,0.13896,212.40,0.40239,11.88367,34.70031,2.86906,4.51608,49.96,0596:16:01,1,08
15:39:39,0.13896,212.30,0.40092,11.82928,34.5415,2.86906,4.51608,49.96,0596:16:02,1,08
15:39:40,0.13837,212.40,0.40055,11.77489,34.38269,2.86906,4.51608,49.97,0596:16:03,1,08
15:39:41,0.13949,212.30,0.39954,11.84288,34.5812,2.86906,4.51608,49.97,0596:16:04,1,08
15:39:46,0.13949,212.90,0.39982,11.88367,34.70031,2.86906,4.51618,49.97,0596:16:09,1,08
15:39:49,0.13854,212.90,0.40138,11.84288,34.5812,2.86916,4.51618,49.99,0596:16:12,1,08
15:39:52,0.1383,213.10,0.40129,11.82928,34.5415,2.86916,4.51618,49.97,0596:16:15,1,08
15:39:53,0.13872,213.00,0.39972,11.81568,34.50179,2.86916,4.51618,49.97,0596:16:16,1,08
15:39:54,0.13837,213.00,0.40221,11.85647,34.6209,2.86916,4.51618,49.97,0596:16:17,1,08
15:39:57,0.138,213.30,0.40305,11.87007,34.6606,2.86916,4.51618,49.96,0596:16:20,1,08
15:39:59,0.13753,213.10,0.40121,11.7613,34.34298,2.86916,4.51618,49.99,0596:16:22,1,08
15:40:00,0.13795,213.00,0.40241,11.82928,34.5415,2.86916,4.51618,49.99,0596:16:24,1,08
15:40:02,0.13931,212.90,0.40467,12.00604,35.05763,2.86916,4.51618,49.99,0596:16:25,1,08
15:40:03,0.14003,213.00,0.40383,12.04683,35.17673,2.86916,4.51618,49.99,0596:16:26,1,08
15:40:04,0.13842,213.30,0.40101,11.84288,34.5812,2.86916,4.51618,49.97,0596:16:27,1,08
15:40:06,0.13866,212.70,0.40092,11.82928,34.5415,2.86916,4.51628,49.97,0596:16:30,1,08
15:40:07,0.13926,213.00,0.40147,11.91086,34.77971,2.86916,4.51628,49.97,0596:16:30,1,08
15:40:08,0.13955,213.00,0.39936,11.87007,34.6606,2.86916,4.51628,49.97,0596:16:31,1,08
15:40:11,0.14032,213.00,0.40082,11.97884,34.97823,2.86916,4.51628,49.97,0596:16:35,1,08
15:40:12,0.13931,213.20,0.39982,11.88367,34.70031,2.86916,4.51628,49.97,0596:16:36,1,08
15:40:13,0.13931,213.20,0.39982,11.88367,34.70031,2.86916,4.51628,49.97,0596:16:36,1,08
15:40:15,0.13991,213.30,0.39845,11.89726,34.74001,2.86916,4.51628,49.96,0596:16:38,1,08
15:40:16,0.13908,213.30,0.39927,11.85647,34.6209,2.86916,4.51628,49.97,0596:16:40,1,08
15:40:19,0.13902,213.40,0.39881,11.84288,34.5812,2.86926,4.51628,49.97,0596:16:42,1,08
15:40:20,0.13872,213.50,0.40046,11.87007,34.6606,2.86926,4.51628,49.97,0596:16:43,1,08
15:40:21,0.13866,213.60,0.4,11.85647,34.6209,2.86926,4.51628,49.97,0596:16:44,1,08
15:40:23,0.1392,213.50,0.39854,11.85647,34.6209,2.86926,4.51628,49.97,0596:16:47,1,08
15:40:24,0.1386,213.60,0.40083,11.87007,34.6606,2.86926,4.51628,49.97,0596:16:48,1,08
15:40:25,0.1386,213.60,0.40083,11.87007,34.6606,2.86926,4.51638,49.97,0596:16:48,1,08
15:40:27,0.13878,213.70,0.40009,11.87007,34.6606,2.86926,4.51638,49.97,0596:16:49,1,08
15:40:28,0.13878,213.60,0.40009,11.87007,34.6606,2.86926,4.51638,49.97,0596:16:51,1,08
15:40:32,0.1389,213.70,0.39927,11.85647,34.6209,2.86926,4.51638,49.97,0596:16:54,1,08
15:40:33,0.13818,213.70,0.40064,11.84288,34.5812,2.86926,4.51638,49.96,0596:16:55,1,08
15:40:34,0.13878,213.70,0.39872,11.82928,34.5415,2.86926,4.51638,49.96,0596:16:57,1,08
15:40:37,0.13884,213.70,0.39927,11.85647,34.6209,2.86926,4.51638,49.96,0596:16:59,1,08
15:40:39,0.13937,213.50,0.39498,11.7613,34.34298,2.86926,4.51638,49.97,0596:17:02,1,08
15:40:40,0.13914,213.50,0.39844,11.84288,34.5812,2.86926,4.51638,49.96,0596:17:03,1,08
15:40:42,0.13949,213.60,0.39827,11.87007,34.6606,2.86926,4.51638,49.97,0596:17:05,1,08
15:40:44,0.13991,213.60,0.39627,11.84288,34.5812,2.86926,4.51638,49.97,0596:17:07,1,08
15:40:47,0.13926,213.30,0.3989,11.85647,34.6209,2.86926,4.51648,49.97,0596:17:10,1,08
15:40:49,0.1389,213.20,0.39761,11.77489,34.38269,2.86936,4.51648,49.97,0596:17:11,1,08
15:40:53,0.13955,213.40,0.39644,11.81568,34.50179,2.86936,4.51648,49.97,0596:17:16,1,08
15:40:54,0.13937,213.60,0.39863,11.87007,34.6606,2.86936,4.51648,49.96,0596:17:17,1,08
15:40:56,0.13937,213.30,0.39991,11.89726,34.74001,2.86936,4.51648,49.96,0596:17:19,1,08
15:40:58,0.14693,213.40,0.40555,12.72667,37.16188,2.86936,4.51648,49.97,0596:17:21,1,08
15:41:01,0.13878,213.60,0.40046,11.87007,34.6606,2.86936,4.51648,49.96,0596:17:24,1,08
15:41:03,0.13931,213.70,0.39817,11.85647,34.6209,2.86936,4.51648,49.97,0596:17:26,1,08
15:41:05,0.13973,213.80,0.40173,12.00604,35.05763,2.86936,4.51648,49.97,0596:17:28,1,08
15:41:07,0.13926,213.70,0.39817,11.85647,34.6209,2.86936,4.51658,49.97,0596:17:30,1,08
15:41:08,0.1383,213.60,0.39834,11.77489,34.38269,2.86936,4.51658,49.97,0596:17:31,1,08
15:41:11,0.13908,213.70,0.40082,11.92446,34.81942,2.86936,4.51658,49.96,0596:17:34,1,08
15:41:13,0.13896,213.90,0.39808,11.84288,34.5812,2.86936,4.51658,49.96,0596:17:36,1,08
15:41:14,0.13914,213.80,0.39772,11.84288,34.5812,2.86936,4.51658,49.96,0596:17:37,1,08
15:41:16,0.1383,213.70,0.40156,11.87007,34.6606,2.86936,4.51658,49.97,0596:17:39,1,08
15:41:18,0.13795,213.70,0.39899,11.7613,34.34298,2.86936,4.51658,49.97,0596:17:41,1,08
15:41:19,0.13818,213.70,0.40101,11.84288,34.5812,2.86946,4.51658,49.97,0596:17:42,1,08
15:41:21,0.1386,213.70,0.39817,11.80208,34.46209,2.86946,4.51658,49.96,0596:17:44,1,08
15:41:23,0.13825,213.80,0.4011,11.85647,34.6209,2.86946,4.51658,49.96,0596:17:46,1,08
15:41:25,0.13813,213.70,0.40101,11.84288,34.5812,2.86946,4.51658,49.97,0596:17:48,1,08
15:41:26,0.13902,213.70,0.3989,11.85647,34.6209,2.86946,4.51658,49.95,0596:17:49,1,08
15:41:28,0.13825,213.60,0.40009,11.81568,34.50179,2.86946,4.51668,49.96,0596:17:51,1,08
15:41:29,0.13825,213.60,0.40009,11.81568,34.50179,2.86946,4.51668,49.96,0596:17:52,1,08
15:41:30,0.13854,213.50,0.40028,11.84288,34.5812,2.86946,4.51668,49.96,0596:17:53,1,08
15:41:31,0.1392,213.60,0.39854,11.85647,34.6209,2.86946,4.51668,49.96,0596:17:54,1,08
15:41:32,0.13818,213.60,0.40055,11.82928,34.5415,2.86946,4.51668,49.97,0596:17:55,1,08
15:41:35,0.13837,213.60,0.40119,11.87007,34.6606,2.86946,4.51668,49.97,0596:17:58,1,08
15:41:36,0.13795,213.60,0.40314,11.88367,34.70031,2.86946,4.51668,49.97,0596:17:59,1,08
15:41:37,0.13692,213.60,0.40149,11.7477,34.30328,2.86946,4.51668,49.97,0596:18:00,1,08
15:41:38,0.13729,213.70,0.40315,11.82928,34.5415,2.86946,4.51668,50.00,0596:18:01,1,08
15:41:41,0.13741,213.60,0.40278,11.82928,34.5415,2.86946,4.51668,49.97,0596:18:04,1,08
15:41:45,0.13818,213.20,0.40129,11.82928,34.5415,2.86946,4.51668,49.96,0596:18:08,1,08
15:41:48,0.13729,213.10,0.40474,11.84288,34.5812,2.86946,4.51679,49.97,0596:18:11,1,08
15:41:49,0.13741,213.10,0.4039,11.82928,34.5415,2.86956,4.51679,49.97,0596:18:12,1,08
15:41:50,0.13753,213.00,0.40399,11.84288,34.5812,2.86956,4.51679,49.97,0596:18:13,1,08
15:41:53,0.13746,212.80,0.40427,11.82928,34.5415,2.86956,4.51679,49.99,0596:18:16,1,08
15:41:54,0.13813,212.80,0.40287,11.84288,34.5812,2.86956,4.51679,49.96,0596:18:17,1,08
15:41:55,0.13872,212.70,0.40147,11.85647,34.6209,2.86956,4.51679,49.96,0596:18:18,1,08
15:41:56,0.13849,212.80,0.40314,11.88367,34.70031,2.86956,4.51679,49.99,0596:18:19,1,08
15:41:57,0.13795,212.80,0.39954,11.7341,34.26358,2.86956,4.51679,49.99,0596:18:20,1,08
15:41:58,0.13902,212.80,0.40074,11.85647,34.6209,2.86956,4.51679,49.99,0596:18:21,1,08
15:41:59,0.13908,213.00,0.39954,11.84288,34.5812,2.86956,4.51679,49.99,0596:18:22,1,08
15:42:01,0.13973,212.90,0.39954,11.89726,34.74001,2.86956,4.51679,49.97,0596:18:24,1,08
15:42:03,0.13908,213.10,0.4,11.85647,34.6209,2.86956,4.51679,49.97,0596:18:26,1,08
15:42:04,0.13973,213.20,0.39827,11.87007,34.6606,2.86956,4.51679,49.95,0596:18:28,1,08
15:42:05,0.13902,213.20,0.4,11.85647,34.6209,2.86956,4.51679,49.95,0596:18:28,1,08
15:42:06,0.1389,213.00,0.40074,11.85647,34.6209,2.86956,4.51679,49.96,0596:18:29,1,08
15:42:07,0.13878,213.00,0.39706,11.7477,34.30328,2.86956,4.51679,49.96,0596:18:30,1,08
15:42:09,0.14236,213.20,0.40054,12.1556,35.49436,2.86956,4.51689,49.96,0596:18:32,1,08
15:42:13,0.14126,213.20,0.39892,12.01964,35.09734,2.86956,4.51689,49.96,0596:18:36,1,08
15:42:14,0.14155,213.10,0.3982,12.01964,35.09734,2.86956,4.51689,49.96,0596:18:37,1,08
15:42:15,0.14149,212.90,0.40027,12.06043,35.21645,2.86956,4.51689,49.96,0596:18:38,1,08
15:42:17,0.13908,212.70,0.3966,11.7341,34.26358,2.86956,4.51689,49.97,0596:18:40,1,08
15:42:21,0.13973,212.90,0.39762,11.82928,34.5415,2.86966,4.51689,49.97,0596:18:45,1,08
15:42:22,0.14003,212.80,0.39735,11.84288,34.5812,2.86966,4.51689,49.96,0596:18:46,1,08
15:42:25,0.13985,212.70,0.39899,11.87007,34.6606,2.86966,4.51689,49.97,0596:18:47,1,08
15:42:26,0.13996,212.80,0.39781,11.85647,34.6209,2.86966,4.51689,49.97,0596:18:48,1,08
15:42:27,0.13979,212.80,0.39671,11.80208,34.46209,2.86966,4.51689,49.97,0596:18:50,1,08
15:42:29,0.14014,212.80,0.39608,11.81568,34.50179,2.86966,4.51699,49.96,0596:18:52,1,08
15:42:30,0.14014,212.80,0.39608,11.81568,34.50179,2.86966,4.51699,49.96,0596:18:52,1,08
15:42:32,0.13991,213.00,0.39745,11.85647,34.6209,2.86966,4.51699,49.97,0596:18:54,1,08
15:42:36,0.13979,213.10,0.39781,11.85647,34.6209,2.86966,4.51699,49.97,0596:18:58,1,08
15:42:38,0.13996,212.90,0.39553,11.78849,34.42239,2.86966,4.51699,49.97,0596:19:00,1,08
15:42:39,0.14026,213.00,0.39627,11.84288,34.5812,2.86966,4.51699,49.97,0596:19:02,1,08
15:42:40,0.14026,213.30,0.39636,11.85647,34.6209,2.86966,4.51699,49.96,0596:19:03,1,08
15:42:41,0.13991,213.30,0.39572,11.81568,34.50179,2.86966,4.51699,49.96,0596:19:04,1,08
15:42:42,0.13991,213.30,0.39572,11.81568,34.50179,2.86966,4.51699,49.96,0596:19:04,1,08
15:42:44,0.13931,213.40,0.39671,11.80208,34.46209,2.86966,4.51699,49.97,0596:19:07,1,08
15:42:46,0.13926,213.10,0.39698,11.78849,34.42239,2.86966,4.51699,49.97,0596:19:09,1,08
15:42:47,0.13967,213.00,0.39589,11.78849,34.42239,2.86966,4.51699,49.97,0596:19:10,1,08
15:42:48,0.13967,213.00,0.39589,11.78849,34.42239,2.86966,4.51699,49.97,0596:19:10,1,08
15:42:50,0.13955,213.10,0.39717,11.81568,34.50179,2.86966,4.51709,49.96,0596:19:13,1,08
15:42:51,0.13967,213.20,0.39817,11.85647,34.6209,2.86977,4.51709,49.96,0596:19:14,1,08
15:42:53,0.13926,213.20,0.39844,11.84288,34.5812,2.86977,4.51709,49.97,0596:19:16,1,08
15:42:54,0.13926,213.20,0.39844,11.84288,34.5812,2.86977,4.51709,49.97,0596:19:16,1,08
15:42:56,0.1386,213.00,0.39871,11.77489,34.38269,2.86977,4.51709,49.97,0596:19:19,1,08
15:42:57,0.13955,213.00,0.39625,11.78849,34.42239,2.86977,4.51709,49.97,0596:19:20,1,08
15:42:59,0.13961,213.00,0.39762,11.82928,34.5415,2.86977,4.51709,49.99,0596:19:22,1,08
15:43:01,0.14014,212.90,0.39572,11.81568,34.50179,2.86977,4.51709,49.99,0596:19:24,1,08
15:43:05,0.14032,212.90,0.39945,11.93806,34.85912,2.86977,4.51709,49.97,0596:19:27,1,08
15:43:06,0.13914,212.60,0.39982,11.82928,34.5415,2.86977,4.51709,49.97,0596:19:29,1,08
15:43:07,0.13985,212.50,0.39844,11.84288,34.5812,2.86977,4.51709,49.97,0596:19:30,1,08
15:43:08,0.14959,212.60,0.41026,13.053,38.11475,2.86977,4.51709,49.96,0596:19:31,1,08
15:43:10,0.13931,212.70,0.39862,11.81568,34.50179,2.86977,4.51719,49.99,0596:19:33,1,08
15:43:11,0.14236,212.70,0.39946,12.10122,35.33555,2.86977,4.51719,49.99,0596:19:34,1,08
15:43:12,0.14219,212.70,0.39892,12.07402,35.25615,2.86977,4.51719,49.97,0596:19:35,1,08
15:43:16,0.14061,212.90,0.396,11.85647,34.6209,2.86977,4.51719,49.97,0596:19:39,1,08
15:43:19,0.13931,212.90,0.39963,11.85647,34.6209,2.86977,4.51719,49.97,0596:19:42,1,08
15:43:21,0.13985,212.60,0.39671,11.80208,34.46209,2.86987,4.51719,49.96,0596:19:44,1,08
15:43:22,0.13914,212.80,0.39945,11.82928,34.5415,2.86987,4.51719,49.96,0596:19:45,1,08
15:43:23,0.1389,212.80,0.40064,11.84288,34.5812,2.86987,4.51719,49.96,0596:19:46,1,08
15:43:24,0.1383,212.80,0.40166,11.82928,34.5415,2.86987,4.51719,49.96,0596:19:47,1,08
15:43:26,0.13914,212.90,0.39908,11.82928,34.5415,2.86987,4.51719,49.97,0596:19:49,1,08
15:43:27,0.1389,212.90,0.40028,11.84288,34.5812,2.86987,4.51719,49.97,0596:19:50,1,08
15:43:28,0.13842,213.00,0.40138,11.84288,34.5812,2.86987,4.51719,49.97,0596:19:51,1,08
15:43:29,0.13854,213.00,0.40147,11.85647,34.6209,2.86987,4.51729,49.97,0596:19:52,1,08
15:43:30,0.1383,213.00,0.40175,11.84288,34.5812,2.86987,4.51729,49.99,0596:19:53,1,08
15:43:31,0.13813,212.80,0.40203,11.82928,34.5415,2.86987,4.51729,49.99,0596:19:54,1,08
15:43:34,0.13884,212.80,0.40064,11.84288,34.5812,2.86987,4.51729,49.96,0596:19:56,1,08
15:43:36,0.1392,212.90,0.39954,11.84288,34.5812,2.86987,4.51729,49.96,0596:19:58,1,08
15:43:39,0.13854,213.10,0.40101,11.84288,34.5812,2.86987,4.51729,49.97,0596:20:02,1,08
15:43:41,0.13872,213.20,0.40028,11.84288,34.5812,2.86987,4.51729,50.00,0596:20:03,1,08
15:43:42,0.13818,213.20,0.40175,11.84288,34.5812,2.86987,4.51729,50.00,0596:20:04,1,08
15:43:45,0.13902,213.00,0.39991,11.84288,34.5812,2.86987,4.51729,50.00,0596:20:08,1,08
15:43:47,0.1386,213.00,0.40009,11.81568,34.50179,2.86987,4.51729,50.01,0596:20:09,1,08
15:43:48,0.13854,212.90,0.40046,11.81568,34.50179,2.86987,4.51729,50.01,0596:20:10,1,08
15:43:49,0.13961,212.80,0.39753,11.81568,34.50179,2.86987,4.51729,50.01,0596:20:12,1,08
15:43:52,0.13908,212.80,0.39853,11.80208,34.46209,2.86997,4.51739,50.03,0596:20:14,1,08
15:43:54,0.13908,212.70,0.39982,11.82928,34.5415,2.86997,4.51739,50.03,0596:20:17,1,08
15:43:55,0.13813,212.60,0.40185,11.80208,34.46209,2.86997,4.51739,50.04,0596:20:18,1,08
15:43:56,0.1392,212.40,0.39936,11.81568,34.50179,2.86997,4.51739,50.03,0596:20:19,1,08
15:43:57,0.1383,212.40,0.40102,11.78849,34.42239,2.86997,4.51739,50.03,0596:20:20,1,08
15:43:58,0.1383,212.40,0.40102,11.78849,34.42239,2.86997,4.51739,50.03,0596:20:20,1,08
15:43:59,0.13872,212.40,0.40129,11.82928,34.5415,2.86997,4.51739,50.03,0596:20:21,1,08
15:44:02,0.13878,212.50,0.40046,11.81568,34.50179,2.86997,4.51739,50.03,0596:20:25,1,08
15:44:06,0.13943,212.60,0.39872,11.82928,34.5415,2.86997,4.51739,50.03,0596:20:29,1,08
15:44:07,0.13955,212.50,0.39872,11.82928,34.5415,2.86997,4.51739,50.03,0596:20:30,1,08
15:44:08,0.14026,212.40,0.39644,11.81568,34.50179,2.86997,4.51739,50.03,0596:20:31,1,08
15:44:11,0.14143,212.60,0.39783,11.96525,34.93852,2.86997,4.51749,50.01,0596:20:34,1,08
15:44:12,0.14032,212.40,0.39562,11.80208,34.46209,2.86997,4.51749,50.01,0596:20:35,1,08
15:44:13,0.14026,212.40,0.39599,11.80208,34.46209,2.86997,4.51749,50.01,0596:20:36,1,08
15:44:14,0.1416,212.40,0.39792,11.97884,34.97823,2.86997,4.51749,50.00,0596:20:37,1,08
15:44:16,0.13866,212.30,0.4012,11.81568,34.50179,2.86997,4.51749,50.00,0596:20:38,1,08
15:44:17,0.13866,212.40,0.40083,11.81568,34.50179,2.86997,4.51749,50.01,0596:20:40,1,08
15:44:21,0.13818,212.70,0.40194,11.81568,34.50179,2.86997,4.51749,50.00,0596:20:44,1,08
15:44:22,0.13825,212.60,0.40194,11.81568,34.50179,2.86997,4.51749,50.00,0596:20:45,1,08
15:44:23,0.1383,212.50,0.40148,11.80208,34.46209,2.87007,4.51749,50.00,0596:20:46,1,08
15:44:36,0.13849,213.40,0.40064,11.84288,34.5812,2.87007,4.51759,50.00,0596:20:59,1,08
15:44:38,0.13825,213.60,0.40147,11.85647,34.6209,2.87007,4.51759,50.01,0596:21:01,1,08
15:44:39,0.13818,213.50,0.40147,11.85647,34.6209,2.87007,4.51759,50.01,0596:21:02,1,08
15:44:42,0.1386,213.30,0.39844,11.78849,34.42239,2.87007,4.51759,50.01,0596:21:05,1,08
15:44:49,0.13842,213.40,0.39972,11.81568,34.50179,2.87007,4.51759,50.03,0596:21:12,1,08
15:44:54,0.13866,213.30,0.39982,11.82928,34.5415,2.87017,4.51769,50.03,0596:21:17,1,08
15:44:55,0.13926,213.40,0.39936,11.87007,34.6606,2.87017,4.51769,50.03,0596:21:18,1,08
15:44:59,0.1383,213.50,0.39963,11.80208,34.46209,2.87017,4.51769,50.05,0596:21:22,1,08
15:45:00,0.13849,213.30,0.40064,11.84288,34.5812,2.87017,4.51769,50.04,0596:21:23,1,08
15:45:01,0.13902,213.40,0.39826,11.81568,34.50179,2.87017,4.51769,50.04,0596:21:24,1,08
15:45:06,0.13854,213.50,0.3989,11.80208,34.46209,2.87017,4.51769,50.04,0596:21:29,1,08
15:45:07,0.1386,213.50,0.39899,11.81568,34.50179,2.87017,4.51769,50.04,0596:21:30,1,08
15:45:09,0.13813,213.30,0.40083,11.81568,34.50179,2.87017,4.51769,50.04,0596:21:32,1,08
15:45:10,0.14026,213.30,0.40236,12.04683,35.17673,2.87017,4.51769,50.05,0596:21:33,1,08
15:45:14,0.13795,213.20,0.40111,11.80208,34.46209,2.87017,4.5178,50.05,0596:21:37,1,08
15:45:15,0.1386,213.30,0.40028,11.84288,34.5812,2.87017,4.5178,50.05,0596:21:38,1,08
15:45:17,0.13943,213.30,0.40174,11.95165,34.89882,2.87017,4.5178,50.05,0596:21:40,1,08
15:45:20,0.13842,213.20,0.40055,11.82928,34.5415,2.87017,4.5178,50.04,0596:21:43,1,08
15:45:23,0.13771,213.40,0.40241,11.82928,34.5415,2.87017,4.5178,50.03,0596:21:46,1,08
15:45:24,0.13746,213.30,0.40315,11.82928,34.5415,2.87027,4.5178,50.03,0596:21:47,1,08
15:45:26,0.138,213.30,0.40166,11.82928,34.5415,2.87027,4.5178,50.03,0596:21:49,1,08
15:45:29,0.13788,213.30,0.40157,11.81568,34.50179,2.87027,4.5178,50.03,0596:21:51,1,08
15:45:31,0.13795,213.10,0.40065,11.78849,34.42239,2.87027,4.5178,50.01,0596:21:53,1,08
15:45:32,0.13746,213.00,0.40344,11.81568,34.50179,2.87027,4.5179,50.01,0596:21:54,1,08
15:45:33,0.13741,213.10,0.40297,11.80208,34.46209,2.87027,4.5179,50.01,0596:21:55,1,08
15:45:35,0.13818,213.00,0.40259,11.85647,34.6209,2.87027,4.5179,50.01,0596:21:58,1,08
15:45:36,0.13818,213.00,0.40259,11.85647,34.6209,2.87027,4.5179,50.01,0596:21:58,1,08
15:45:37,0.138,212.90,0.40333,11.85647,34.6209,2.87027,4.5179,50.01,0596:21:59,1,08
15:45:39,0.13825,213.10,0.40037,11.80208,34.46209,2.87027,4.5179,50.00,0596:22:01,1,08
15:45:40,0.13783,213.10,0.40241,11.82928,34.5415,2.87027,4.5179,50.00,0596:22:03,1,08
15:45:43,0.13788,213.10,0.40194,11.81568,34.50179,2.87027,4.5179,49.99,0596:22:05,1,08
15:45:44,0.13813,213.30,0.40129,11.82928,34.5415,2.87027,4.5179,49.99,0596:22:06,1,08
15:45:50,0.13746,213.30,0.40269,11.81568,34.50179,2.87027,4.5179,49.99,0596:22:12,1,08
15:45:51,0.13717,213.30,0.40381,11.81568,34.50179,2.87027,4.5179,49.99,0596:22:13,1,08
15:45:52,0.13746,213.40,0.40361,11.84288,34.5812,2.87027,4.5179,50.00,0596:22:15,1,08
15:45:55,0.13692,213.30,0.40363,11.78849,34.42239,2.87037,4.518,50.00,0596:22:17,1,08
15:45:57,0.13776,212.90,0.40315,11.82928,34.5415,2.87037,4.518,49.99,0596:22:20,1,08
15:45:58,0.13854,213.00,0.40055,11.82928,34.5415,2.87037,4.518,49.99,0596:22:21,1,08
15:45:59,0.13849,213.20,0.4011,11.85647,34.6209,2.87037,4.518,49.99,0596:22:22,1,08
15:46:00,0.13753,213.30,0.40269,11.81568,34.50179,2.87037,4.518,49.99,0596:22:22,1,08
15:46:04,0.13764,213.20,0.40278,11.82928,34.5415,2.87037,4.518,50.01,0596:22:27,1,08
15:46:07,0.13818,213.00,0.40166,11.82928,34.5415,2.87037,4.518,50.00,0596:22:29,1,08
15:46:13,0.13818,213.00,0.40166,11.82928,34.5415,2.87037,4.518,50.00,0596:22:36,1,08
15:46:15,0.138,213.00,0.40333,11.85647,34.6209,2.87037,4.5181,50.00,0596:22:38,1,08
15:46:16,0.13764,213.00,0.40222,11.80208,34.46209,2.87037,4.5181,50.01,0596:22:39,1,08
15:46:17,0.138,213.10,0.40296,11.85647,34.6209,2.87037,4.5181,50.01,0596:22:39,1,08
15:46:18,0.13722,212.90,0.40326,11.78849,34.42239,2.87037,4.5181,50.01,0596:22:41,1,08
15:46:19,0.13741,212.90,0.40381,11.81568,34.50179,2.87037,4.5181,50.01,0596:22:42,1,08
15:46:20,0.13854,212.80,0.40507,11.95165,34.89882,2.87037,4.5181,50.00,0596:22:43,1,08
15:46:21,0.13949,212.80,0.40659,12.07402,35.25615,2.87037,4.5181,50.00,0596:22:44,1,08
15:46:22,0.13807,212.90,0.40194,11.81568,34.50179,2.87037,4.5181,50.01,0596:22:45,1,08
15:46:23,0.13746,212.80,0.40381,11.81568,34.50179,2.87037,4.5181,50.01,0596:22:45,1,08
15:46:25,0.13717,213.10,0.40372,11.80208,34.46209,2.87037,4.5181,50.01,0596:22:48,1,08
15:46:26,0.13746,213.00,0.4039,11.82928,34.5415,2.87048,4.5181,50.00,0596:22:49,1,08
15:46:27,0.13813,213.10,0.40259,11.85647,34.6209,2.87048,4.5181,50.00,0596:22:50,1,08
15:46:28,0.13741,213.20,0.40352,11.82928,34.5415,2.87048,4.5181,50.01,0596:22:51,1,08
15:46:29,0.13771,213.30,0.40287,11.84288,34.5812,2.87048,4.5181,50.01,0596:22:52,1,08
15:46:31,0.13711,213.60,0.4026,11.80208,34.46209,2.87048,4.5181,50.01,0596:22:54,1,08
15:46:34,0.13734,213.70,0.40185,11.80208,34.46209,2.87048,4.5182,50.01,0596:22:57,1,08
15:46:35,0.13741,213.60,0.40231,11.81568,34.50179,2.87048,4.5182,50.01,0596:22:58,1,08
15:46:38,0.13746,213.40,0.40269,11.81568,34.50179,2.87048,4.5182,50.01,0596:23:01,1,08
15:46:39,0.13704,213.50,0.40335,11.80208,34.46209,2.87048,4.5182,50.01,0596:23:02,1,08
15:46:41,0.13795,213.50,0.40083,11.81568,34.50179,2.87048,4.5182,50.01,0596:23:04,1,08
15:46:42,0.13741,213.60,0.40231,11.81568,34.50179,2.87048,4.5182,50.03,0596:23:05,1,08
15:46:43,0.13741,213.60,0.40278,11.82928,34.5415,2.87048,4.5182,50.03,0596:23:06,1,08
15:46:44,0.13734,213.60,0.40231,11.81568,34.50179,2.87048,4.5182,50.03,0596:23:07,1,08
15:46:45,0.13741,213.60,0.40278,11.82928,34.5415,2.87048,4.5182,50.03,0596:23:08,1,08
15:46:46,0.13741,213.70,0.40185,11.80208,34.46209,2.87048,4.5182,50.03,0596:23:09,1,08
15:46:47,0.13711,213.50,0.4039,11.82928,34.5415,2.87048,4.5182,50.03,0596:23:10,1,08
15:46:48,0.13764,213.50,0.40379,11.87007,34.6606,2.87048,4.5182,50.03,0596:23:11,1,08
15:46:50,0.138,212.70,0.40139,11.78849,34.42239,2.87048,4.5182,50.03,0596:23:13,1,08
15:46:51,0.13849,212.70,0.40037,11.80208,34.46209,2.87048,4.5182,50.03,0596:23:14,1,08
15:46:53,0.13837,212.80,0.40074,11.80208,34.46209,2.87048,4.5182,50.03,0596:23:16,1,08
15:46:55,0.13902,212.80,0.39853,11.80208,34.46209,2.87048,4.5183,50.01,0596:23:18,1,08
15:46:56,0.1392,212.80,0.39817,11.80208,34.46209,2.87058,4.5183,50.03,0596:23:19,1,08
15:46:59,0.13937,212.90,0.39698,11.78849,34.42239,2.87058,4.5183,50.01,0596:23:22,1,08
15:47:04,0.13926,213.40,0.3957,11.7613,34.34298,2.87058,4.5183,50.01,0596:23:27,1,08
15:47:06,0.13961,213.40,0.3969,11.82928,34.5415,2.87058,4.5183,50.03,0596:23:29,1,08
15:47:07,0.13943,213.60,0.3969,11.82928,34.5415,2.87058,4.5183,50.03,0596:23:30,1,08
15:47:08,0.13937,213.50,0.39817,11.85647,34.6209,2.87058,4.5183,50.03,0596:23:31,1,08
15:47:09,0.13902,213.60,0.39881,11.84288,34.5812,2.87058,4.5183,50.03,0596:23:32,1,08
15:47:10,0.14032,213.60,0.39891,11.96525,34.93852,2.87058,4.5183,50.01,0596:23:33,1,08
15:47:11,0.14032,213.60,0.39891,11.96525,34.93852,2.87058,4.5183,50.01,0596:23:34,1,08
15:47:12,0.13949,213.50,0.39781,11.85647,34.6209,2.87058,4.5183,50.04,0596:23:35,1,08
15:47:13,0.13943,213.60,0.39553,11.78849,34.42239,2.87058,4.5183,50.04,0596:23:36,1,08
15:47:14,0.1402,213.60,0.39519,11.84288,34.5812,2.87058,4.5183,50.03,0596:23:37,1,08
15:47:15,0.13996,213.60,0.39591,11.84288,34.5812,2.87058,4.51841,50.03,0596:23:38,1,08
15:47:16,0.13979,213.60,0.3949,11.80208,34.46209,2.87058,4.51841,50.04,0596:23:39,1,08
15:47:17,0.13979,213.60,0.3949,11.80208,34.46209,2.87058,4.51841,50.04,0596:23:40,1,08
15:47:18,0.14014,213.60,0.39646,11.87007,34.6606,2.87058,4.51841,50.03,0596:23:41,1,08
15:47:19,0.14056,213.60,0.39493,11.85647,34.6209,2.87058,4.51841,50.03,0596:23:42,1,08
15:47:20,0.14003,213.60,0.39545,11.82928,34.5415,2.87058,4.51841,50.01,0596:23:43,1,08
15:47:21,0.13949,213.50,0.39553,11.78849,34.42239,2.87058,4.51841,50.01,0596:23:44,1,08
15:47:24,0.14311,213.50,0.39635,12.11481,35.37526,2.87058,4.51841,50.04,0596:23:47,1,08
15:47:29,0.14026,213.40,0.39555,11.84288,34.5812,2.87068,4.51841,50.03,0596:23:51,1,08
15:47:30,0.14026,213.40,0.39555,11.84288,34.5812,2.87068,4.51841,50.03,0596:23:52,1,08
15:47:34,0.13973,213.10,0.39553,11.78849,34.42239,2.87068,4.51841,50.04,0596:23:56,1,08
15:47:36,0.13931,213.10,0.39835,11.82928,34.5415,2.87068,4.51841,50.04,0596:23:58,1,08
15:47:38,0.1383,213.20,0.40046,11.81568,34.50179,2.87068,4.51851,50.04,0596:24:00,1,08
15:47:39,0.13813,213.20,0.40074,11.80208,34.46209,2.87068,4.51851,50.01,0596:24:01,1,08
15:47:41,0.13813,213.10,0.4012,11.81568,34.50179,2.87068,4.51851,50.03,0596:24:04,1,08
15:47:42,0.13813,213.10,0.4012,11.81568,34.50179,2.87068,4.51851,50.03,0596:24:04,1,08
15:47:44,0.13795,213.20,0.40296,11.85647,34.6209,2.87068,4.51851,50.00,0596:24:06,1,08
15:47:45,0.13764,213.30,0.40185,11.80208,34.46209,2.87068,4.51851,50.01,0596:24:07,1,08
15:47:48,0.13764,213.40,0.40287,11.84288,34.5812,2.87068,4.51851,50.00,0596:24:10,1,08
15:47:49,0.13717,213.50,0.40436,11.84288,34.5812,2.87068,4.51851,50.00,0596:24:11,1,08
15:47:50,0.13776,213.20,0.40287,11.84288,34.5812,2.87068,4.51851,50.00,0596:24:12,1,08
15:47:53,0.13746,213.00,0.40158,11.7613,34.34298,2.87068,4.51851,50.00,0596:24:15,1,08
15:47:57,0.13759,213.20,0.40269,11.81568,34.50179,2.87068,4.51861,50.01,0596:24:19,1,08
15:47:58,0.13734,213.40,0.40399,11.84288,34.5812,2.87078,4.51861,49.99,0596:24:21,1,08
15:47:59,0.13729,213.20,0.40344,11.81568,34.50179,2.87078,4.51861,49.99,0596:24:22,1,08
15:48:00,0.13717,213.40,0.40344,11.81568,34.50179,2.87078,4.51861,49.99,0596:24:22,1,08
15:48:03,0.13741,213.20,0.40352,11.82928,34.5415,2.87078,4.51861,49.99,0596:24:26,1,08
15:48:04,0.13753,213.30,0.40315,11.82928,34.5415,2.87078,4.51861,49.99,0596:24:27,1,08
15:48:05,0.13764,213.30,0.40324,11.84288,34.5812,2.87078,4.51861,49.99,0596:24:28,1,08
15:48:07,0.13776,213.20,0.40194,11.81568,34.50179,2.87078,4.51861,49.99,0596:24:29,1,08
15:48:08,0.13717,213.20,0.40242,11.77489,34.38269,2.87078,4.51861,49.97,0596:24:30,1,08
15:48:09,0.13795,212.90,0.4037,11.85647,34.6209,2.87078,4.51861,49.97,0596:24:32,1,08
15:48:11,0.13902,212.70,0.40349,11.93806,34.85912,2.87078,4.51861,49.99,0596:24:34,1,08
15:48:12,0.13825,212.70,0.40111,11.80208,34.46209,2.87078,4.51861,49.97,0596:24:34,1,08
15:48:13,0.13788,212.50,0.40213,11.78849,34.42239,2.87078,4.51861,49.97,0596:24:35,1,08
15:48:14,0.13807,212.70,0.40324,11.84288,34.5812,2.87078,4.51861,49.99,0596:24:37,1,08
15:48:15,0.13776,212.70,0.40306,11.81568,34.50179,2.87078,4.51861,49.99,0596:24:38,1,08
15:48:16,0.13746,212.80,0.40381,11.81568,34.50179,2.87078,4.51861,49.97,0596:24:39,1,08
15:48:17,0.13764,212.80,0.40297,11.80208,34.46209,2.87078,4.51861,49.97,0596:24:40,1,08
15:48:18,0.13753,212.90,0.40436,11.84288,34.5812,2.87078,4.51871,49.99,0596:24:40,1,08
15:48:20,0.13795,212.90,0.40426,11.88367,34.70031,2.87078,4.51871,49.97,0596:24:43,1,08
15:48:21,0.13764,212.80,0.40213,11.78849,34.42239,2.87078,4.51871,49.97,0596:24:44,1,08
15:48:22,0.13795,212.80,0.40278,11.82928,34.5415,2.87078,4.51871,49.99,0596:24:45,1,08
15:48:24,0.13753,212.80,0.40344,11.81568,34.50179,2.87078,4.51871,49.99,0596:24:46,1,08
15:48:25,0.13741,212.80,0.40335,11.80208,34.46209,2.87078,4.51871,49.99,0596:24:48,1,08
15:48:26,0.13878,212.70,0.4047,11.95165,34.89882,2.87078,4.51871,50.00,0596:24:49,1,08
15:48:29,0.13741,212.80,0.40335,11.80208,34.46209,2.87088,4.51871,50.00,0596:24:52,1,08
15:48:37,0.13788,213.10,0.40241,11.82928,34.5415,2.87088,4.51871,50.00,0596:25:00,1,08
15:48:38,0.13753,213.10,0.40213,11.78849,34.42239,2.87088,4.51871,50.03,0596:25:01,1,08
15:48:39,0.13783,213.20,0.40194,11.81568,34.50179,2.87088,4.51882,50.03,0596:25:02,1,08
15:48:40,0.138,212.90,0.40241,11.82928,34.5415,2.87088,4.51882,50.03,0596:25:03,1,08
15:48:41,0.13753,212.90,0.40297,11.80208,34.46209,2.87088,4.51882,50.03,0596:25:04,1,08
15:48:42,0.13776,212.90,0.40269,11.81568,34.50179,2.87088,4.51882,50.03,0596:25:05,1,08
15:48:43,0.13764,212.80,0.40167,11.77489,34.38269,2.87088,4.51882,50.03,0596:25:06,1,08
15:48:46,0.13776,212.80,0.40176,11.78849,34.42239,2.87088,4.51882,50.04,0596:25:09,1,08
15:48:48,0.13771,212.70,0.40213,11.78849,34.42239,2.87088,4.51882,50.04,0596:25:11,1,08
15:48:49,0.13795,212.90,0.40278,11.82928,34.5415,2.87088,4.51882,50.04,0596:25:12,1,08
15:48:50,0.13807,212.70,0.40148,11.80208,34.46209,2.87088,4.51882,50.04,0596:25:13,1,08
15:48:51,0.1389,212.60,0.40064,11.84288,34.5812,2.87088,4.51882,50.04,0596:25:14,1,08
15:48:52,0.13849,212.40,0.40018,11.77489,34.38269,2.87088,4.51882,50.04,0596:25:15,1,08
15:48:53,0.13866,212.30,0.40212,11.84288,34.5812,2.87088,4.51882,50.04,0596:25:16,1,08
15:48:54,0.13866,212.30,0.40212,11.84288,34.5812,2.87088,4.51882,50.04,0596:25:17,1,08
15:48:55,0.13926,212.60,0.40037,11.85647,34.6209,2.87088,4.51882,50.04,0596:25:18,1,08
15:48:57,0.13914,213.00,0.3978,11.80208,34.46209,2.87088,4.51882,50.04,0596:25:20,1,08
15:48:58,0.13973,213.20,0.39553,11.78849,34.42239,2.87088,4.51882,50.03,0596:25:21,1,08
15:49:00,0.14037,213.30,0.39474,11.82928,34.5415,2.87098,4.51892,50.03,0596:25:23,1,08
15:49:01,0.1402,213.10,0.3949,11.80208,34.46209,2.87098,4.51892,50.03,0596:25:24,1,08
15:49:02,0.14044,213.10,0.39555,11.84288,34.5812,2.87098,4.51892,50.04,0596:25:25,1,08
15:49:08,0.13973,213.10,0.3968,11.81568,34.50179,2.87098,4.51892,50.01,0596:25:31,1,08
15:49:09,0.1402,213.00,0.39536,11.81568,34.50179,2.87098,4.51892,50.01,0596:25:32,1,08
15:49:10,0.14126,212.80,0.39964,12.01964,35.09734,2.87098,4.51892,50.03,0596:25:33,1,08
15:49:11,0.13943,213.00,0.39753,11.81568,34.50179,2.87098,4.51892,50.03,0596:25:34,1,08
15:49:16,0.13931,213.00,0.39698,11.78849,34.42239,2.87098,4.51892,50.00,0596:25:39,1,08
15:49:17,0.13949,212.90,0.39707,11.80208,34.46209,2.87098,4.51892,50.00,0596:25:40,1,08
15:49:18,0.13949,212.90,0.39707,11.80208,34.46209,2.87098,4.51892,50.00,0596:25:41,1,08
15:49:19,0.13996,212.90,0.39599,11.80208,34.46209,2.87098,4.51902,50.00,0596:25:42,1,08
15:49:21,0.14008,212.80,0.39745,11.85647,34.6209,2.87098,4.51902,49.99,0596:25:43,1,08
15:49:24,0.13973,212.80,0.39671,11.80208,34.46209,2.87098,4.51902,49.97,0596:25:46,1,08
15:49:25,0.13973,212.80,0.39671,11.80208,34.46209,2.87098,4.51902,49.97,0596:25:47,1,08
15:49:27,0.13961,212.90,0.39808,11.84288,34.5812,2.87098,4.51902,49.97,0596:25:49,1,08
15:49:28,0.13937,213.00,0.39515,11.7341,34.26358,2.87098,4.51902,49.97,0596:25:50,1,08
15:49:33,0.14014,213.10,0.39445,11.78849,34.42239,2.87109,4.51902,49.96,0596:25:55,1,08
15:49:34,0.13967,212.90,0.39671,11.80208,34.46209,2.87109,4.51902,49.96,0596:25:56,1,08
15:49:36,0.13991,213.00,0.3969,11.82928,34.5415,2.87109,4.51902,49.95,0596:25:58,1,08
15:49:38,0.14821,213.00,0.40706,12.86264,37.55891,2.87109,4.51902,49.95,0596:26:00,1,08
15:49:39,0.14108,212.80,0.39638,11.91086,34.77971,2.87109,4.51902,49.97,0596:26:01,1,08
15:49:40,0.14026,212.80,0.39572,11.81568,34.50179,2.87109,4.51912,49.96,0596:26:02,1,08
15:49:41,0.13996,212.80,0.39644,11.81568,34.50179,2.87109,4.51912,49.96,0596:26:03,1,08
15:49:45,0.14003,213.00,0.39745,11.85647,34.6209,2.87109,4.51912,49.96,0596:26:07,1,08
15:49:48,0.14014,213.00,0.3939,11.7613,34.34298,2.87109,4.51912,49.97,0596:26:11,1,08
15:49:49,0.14008,213.10,0.39299,11.7341,34.26358,2.87109,4.51912,49.97,0596:26:11,1,08
15:49:50,0.14091,212.70,0.39483,11.84288,34.5812,2.87109,4.51912,49.97,0596:26:12,1,08
15:49:51,0.14114,212.90,0.39367,11.82928,34.5415,2.87109,4.51912,49.97,0596:26:13,1,08
15:49:52,0.14155,212.90,0.3936,11.87007,34.6606,2.87109,4.51912,49.97,0596:26:14,1,08
15:49:54,0.14091,213.10,0.39412,11.84288,34.5812,2.87109,4.51912,49.97,0596:26:17,1,08
15:49:55,0.14056,213.10,0.39474,11.82928,34.5415,2.87109,4.51912,49.97,0596:26:17,1,08
15:50:00,0.14108,212.50,0.39347,11.80208,34.46209,2.87109,4.51922,49.96,0596:26:22,1,08
15:50:02,0.14137,212.40,0.39367,11.82928,34.5415,2.87119,4.51922,49.96,0596:26:24,1,08
15:50:03,0.14079,212.60,0.39555,11.84288,34.5812,2.87119,4.51922,49.96,0596:26:25,1,08
15:50:06,0.14079,212.90,0.39438,11.82928,34.5415,2.87119,4.51922,49.96,0596:26:28,1,08
15:50:08,0.14008,212.90,0.39562,11.80208,34.46209,2.87119,4.51922,49.97,0596:26:30,1,08
15:50:10,0.13991,212.50,0.3926,11.67971,34.10476,2.87119,4.51922,49.96,0596:26:33,1,08
15:50:12,0.14044,212.50,0.39481,11.78849,34.42239,2.87119,4.51922,49.96,0596:26:34,1,08
15:50:13,0.14084,212.60,0.39564,11.85647,34.6209,2.87119,4.51922,49.96,0596:26:35,1,08
15:50:15,0.14061,212.70,0.39464,11.81568,34.50179,2.87119,4.51922,49.96,0596:26:38,1,08
15:50:17,0.14032,212.70,0.39617,11.82928,34.5415,2.87119,4.51922,49.96,0596:26:40,1,08
15:50:21,0.14044,212.10,0.39599,11.80208,34.46209,2.87119,4.51932,49.97,0596:26:44,1,08
15:50:24,0.13979,212.00,0.39725,11.77489,34.38269,2.87119,4.51932,49.97,0596:26:46,1,08
15:50:25,0.1402,212.10,0.39717,11.81568,34.50179,2.87119,4.51932,49.97,0596:26:47,1,08
15:50:26,0.14073,212.40,0.39591,11.84288,34.5812,2.87119,4.51932,49.97,0596:26:49,1,08
15:50:27,0.13979,212.50,0.39799,11.82928,34.5415,2.87119,4.51932,49.97,0596:26:50,1,08
15:50:28,0.13961,212.60,0.39744,11.80208,34.46209,2.87119,4.51932,49.99,0596:26:51,1,08
15:50:34,0.14079,212.20,0.39672,11.85647,34.6209,2.87129,4.51932,49.99,0596:26:57,1,08
15:50:35,0.14049,212.30,0.39526,11.80208,34.46209,2.87129,4.51932,49.99,0596:26:57,1,08
15:50:36,0.14049,212.40,0.39572,11.81568,34.50179,2.87129,4.51932,49.99,0596:26:59,1,08
15:50:37,0.1402,212.60,0.39608,11.81568,34.50179,2.87129,4.51932,49.99,0596:27:00,1,08
15:50:38,0.13949,212.80,0.39835,11.82928,34.5415,2.87129,4.51932,49.99,0596:27:01,1,08
15:50:41,0.13949,212.90,0.39799,11.82928,34.5415,2.87129,4.51942,49.99,0596:27:03,1,08
15:50:43,0.13967,212.60,0.39744,11.80208,34.46209,2.87129,4.51942,49.99,0596:27:06,1,08
15:50:44,0.13996,212.30,0.39661,11.78849,34.42239,2.87129,4.51942,50.00,0596:27:07,1,08
15:50:45,0.14014,212.30,0.39488,11.7477,34.30328,2.87129,4.51942,50.00,0596:27:08,1,08
15:50:47,0.1402,212.40,0.3969,11.82928,34.5415,2.87129,4.51942,50.00,0596:27:10,1,08
15:50:48,0.13985,212.50,0.39707,11.80208,34.46209,2.87129,4.51942,50.00,0596:27:11,1,08
15:50:49,0.13996,212.50,0.39762,11.82928,34.5415,2.87129,4.51942,50.00,0596:27:12,1,08
15:50:50,0.13979,212.50,0.39661,11.78849,34.42239,2.87129,4.51942,49.99,0596:27:13,1,08
15:50:51,0.14008,212.40,0.3968,11.81568,34.50179,2.87129,4.51942,49.99,0596:27:14,1,08
15:50:52,0.13759,212.00,0.40354,11.77489,34.38269,2.87129,4.51942,50.00,0596:27:15,1,08
15:50:54,0.13854,211.90,0.4037,11.85647,34.6209,2.87129,4.51942,49.99,0596:27:17,1,08
15:50:55,0.1386,212.00,0.40194,11.81568,34.50179,2.87129,4.51942,49.99,0596:27:18,1,08
15:50:56,0.14799,212.00,0.41681,13.08019,38.19416,2.87129,4.51942,49.99,0596:27:19,1,08
15:51:03,0.17986,211.70,0.46074,17.55356,51.25641,2.87139,4.51953,49.97,0596:27:26,1,08
15:51:04,0.17986,211.70,0.46074,17.55356,51.25641,2.87139,4.51953,49.99,0596:27:27,1,08
15:51:06,0.18036,211.90,0.46088,17.62155,51.45491,2.87139,4.51953,49.97,0596:27:29,1,08
15:51:07,0.17922,211.80,0.46278,17.58076,51.33581,2.87139,4.51953,49.97,0596:27:30,1,08
15:51:08,0.17999,212.00,0.46011,17.56716,51.2961,2.87139,4.51953,49.97,0596:27:31,1,08
15:51:10,0.17963,212.30,0.46187,17.62155,51.45491,2.87139,4.51953,49.97,0596:27:33,1,08
15:51:12,0.17792,212.70,0.4648,17.59435,51.37551,2.87139,4.51953,49.97,0596:27:35,1,08
15:51:13,0.17778,212.50,0.46295,17.49917,51.09758,2.87139,4.51953,49.97,0596:27:36,1,08
15:51:15,0.1761,212.50,0.46514,17.41759,50.85937,2.87139,4.51953,49.99,0596:27:38,1,08
15:51:16,0.1761,212.50,0.46514,17.41759,50.85937,2.87139,4.51953,49.97,0596:27:39,1,08
15:51:17,0.17619,212.60,0.4648,17.41759,50.85937,2.87139,4.51953,49.97,0596:27:40,1,08
15:51:19,0.17768,212.90,0.46552,17.62155,51.45491,2.87139,4.51963,49.96,0596:27:42,1,08
15:51:20,0.17694,213.20,0.46542,17.56716,51.2961,2.87139,4.51963,49.96,0596:27:43,1,08
15:51:22,0.17666,213.10,0.46498,17.51277,51.1373,2.87149,4.51963,49.97,0596:27:45,1,08
15:51:28,0.17666,213.00,0.46426,17.48558,51.05788,2.87149,4.51963,49.97,0596:27:50,1,08
15:51:29,0.17666,213.00,0.46426,17.48558,51.05788,2.87149,4.51963,49.97,0596:27:51,1,08
15:51:31,0.17741,213.00,0.46298,17.51277,51.1373,2.87149,4.51963,49.97,0596:27:53,1,08
15:51:32,0.17727,213.10,0.46403,17.53996,51.2167,2.87149,4.51963,49.97,0596:27:54,1,08
15:51:34,0.17963,213.00,0.46555,17.8255,52.05046,2.87149,4.51963,49.97,0596:27:56,1,08
15:51:35,0.17963,213.00,0.46555,17.8255,52.05046,2.87149,4.51963,49.97,0596:27:57,1,08
15:51:37,0.17948,212.80,0.46121,17.62155,51.45491,2.87149,4.51973,49.99,0596:27:59,1,08
15:51:38,0.17899,212.90,0.46041,17.55356,51.25641,2.87149,4.51973,49.99,0596:28:00,1,08
15:51:40,0.17745,213.00,0.46118,17.44479,50.93878,2.87149,4.51973,49.97,0596:28:02,1,08
15:51:46,0.20414,212.80,0.48967,21.2791,62.13499,2.87159,4.51973,50.00,0596:28:08,1,08
15:51:47,0.20531,212.90,0.48756,21.31989,62.25409,2.87159,4.51973,50.00,0596:28:09,1,08
15:51:48,0.2043,212.90,0.48751,21.22472,61.97618,2.87159,4.51973,50.00,0596:28:10,1,08
15:51:49,0.20361,213.20,0.48622,21.11594,61.65855,2.87159,4.51973,50.01,0596:28:11,1,08
15:51:53,0.20515,213.20,0.49006,21.44227,62.61142,2.87159,4.51973,50.03,0596:28:15,1,08
15:51:55,0.20398,213.30,0.48969,21.31989,62.25409,2.87159,4.51983,50.03,0596:28:17,1,08
15:51:56,0.20571,213.10,0.48915,21.45586,62.65112,2.87159,4.51983,50.04,0596:28:18,1,08
15:51:57,0.20515,213.10,0.48788,21.34709,62.3335,2.87159,4.51983,50.04,0596:28:19,1,08
15:51:58,0.20426,213.20,0.4897,21.33349,62.2938,2.87159,4.51983,50.05,0596:28:20,1,08
15:51:59,0.20535,213.10,0.48882,21.40148,62.49231,2.87159,4.51983,50.05,0596:28:21,1,08
15:52:01,0.20503,213.20,0.48975,21.42867,62.57172,2.87169,4.51983,50.05,0596:28:23,1,08
15:52:02,0.2043,213.10,0.48814,21.26551,62.09529,2.87169,4.51983,50.05,0596:28:24,1,08
15:52:03,0.20663,212.90,0.49043,21.59183,63.04815,2.87169,4.51983,50.05,0596:28:25,1,08
15:52:06,0.20695,212.90,0.48489,21.37428,62.41291,2.87169,4.51983,50.05,0596:28:28,1,08
15:52:07,0.20607,212.90,0.48731,21.40148,62.49231,2.87169,4.51983,50.05,0596:28:29,1,08
15:52:08,0.20727,212.90,0.48861,21.57824,63.00845,2.87169,4.51983,50.04,0596:28:30,1,08
15:52:09,0.20965,212.70,0.49025,21.87737,63.88191,2.87169,4.51983,50.04,0596:28:31,1,08
15:52:11,0.21078,212.60,0.4909,22.01333,64.27894,2.87169,4.51994,50.05,0596:28:33,1,08
15:52:12,0.20866,212.70,0.49296,21.89096,63.92162,2.87169,4.51994,50.04,0596:28:34,1,08
15:52:13,0.20862,212.70,0.49418,21.94535,64.08043,2.87169,4.51994,50.04,0596:28:35,1,08
15:52:17,0.20874,212.50,0.49234,21.85017,63.80251,2.8718,4.51994,50.04,0596:28:39,1,08
15:52:18,0.20862,212.30,0.49294,21.85017,63.80251,2.8718,4.51994,50.03,0596:28:40,1,08
15:52:20,0.20937,212.40,0.4948,22.01333,64.27894,2.8718,4.51994,50.03,0596:28:42,1,08
15:52:21,0.20763,212.50,0.49291,21.75499,63.52458,2.8718,4.51994,50.03,0596:28:44,1,08
15:52:25,0.20862,212.60,0.49173,21.82298,63.72311,2.8718,4.51994,50.01,0596:28:47,1,08
15:52:26,0.20957,212.50,0.49542,22.06772,64.43776,2.8718,4.51994,50.00,0596:28:49,1,08
15:52:30,0.20976,212.70,0.49574,22.13571,64.63627,2.8718,4.52004,49.99,0596:28:52,1,08
15:52:31,0.20751,212.70,0.49784,21.98614,64.19953,2.8718,4.52004,49.99,0596:28:53,1,08
15:52:32,0.20783,212.50,0.496,21.91816,64.00102,2.8718,4.52004,50.00,0596:28:55,1,08
15:52:33,0.20815,212.50,0.49509,21.91816,64.00102,2.8719,4.52004,50.00,0596:28:56,1,08
15:52:36,0.20921,212.30,0.49817,22.14931,64.67598,2.8719,4.52004,49.96,0596:28:58,1,08
15:52:37,0.20854,212.40,0.49785,22.06772,64.43776,2.8719,4.52004,49.96,0596:29:00,1,08
15:52:38,0.20901,212.60,0.49786,22.13571,64.63627,2.8719,4.52004,49.97,0596:29:01,1,08
15:52:43,0.20763,212.30,0.49291,21.7414,63.48489,2.8719,4.52014,49.96,0596:29:06,1,08
15:52:45,0.20921,212.50,0.49603,22.06772,64.43776,2.8719,4.52014,49.96,0596:29:08,1,08
15:52:46,0.23192,212.50,0.49972,24.65113,71.9813,2.8719,4.52014,49.97,0596:29:09,1,08
15:52:48,0.23103,212.70,0.50055,24.61034,71.8622,2.8719,4.52014,49.96,0596:29:11,1,08
15:52:49,0.24581,212.80,0.50364,26.36434,76.98386,2.872,4.52014,49.96,0596:29:12,1,08
15:52:51,0.24658,212.80,0.50181,26.33714,76.90446,2.872,4.52014,49.97,0596:29:14,1,08
15:52:52,0.24664,212.50,0.5013,26.29635,76.78535,2.872,4.52014,49.97,0596:29:15,1,08
15:52:55,0.2448,212.70,0.506,26.36434,76.98386,2.872,4.52014,49.99,0596:29:18,1,08
15:52:58,0.24588,212.80,0.50519,26.44592,77.22208,2.872,4.52024,49.97,0596:29:21,1,08
15:53:01,0.24628,212.70,0.50441,26.44592,77.22208,2.872,4.52024,49.99,0596:29:24,1,08
15:53:02,0.24577,212.60,0.50416,26.35074,76.94415,2.8721,4.52024,49.99,0596:29:25,1,08
15:53:03,0.24544,212.50,0.50573,26.40512,77.10297,2.8721,4.52024,49.99,0596:29:26,1,08
15:53:04,0.24735,212.50,0.50259,26.43232,77.18237,2.8721,4.52024,49.99,0596:29:27,1,08
15:53:06,0.24681,212.60,0.50207,26.35074,76.94415,2.8721,4.52024,50.00,0596:29:29,1,08
15:53:08,0.24547,212.60,0.50312,26.26916,76.70593,2.8721,4.52024,49.97,0596:29:31,1,08
15:53:09,0.24588,212.80,0.50182,26.28275,76.74564,2.8721,4.52024,49.97,0596:29:32,1,08
15:53:12,0.24574,212.90,0.5039,26.37793,77.02356,2.8721,4.52035,49.99,0596:29:35,1,08
15:53:14,0.24601,212.90,0.50156,26.28275,76.74564,2.8721,4.52035,49.99,0596:29:37,1,08
15:53:16,0.24691,213.20,0.50336,26.5139,77.42059,2.8722,4.52035,50.00,0596:29:39,1,08
15:53:17,0.24691,213.20,0.50336,26.5139,77.42059,2.8722,4.52035,50.00,0596:29:40,1,08
15:53:18,0.24604,213.30,0.5044,26.48671,77.34119,2.8722,4.52035,49.99,0596:29:41,1,08
15:53:21,0.24466,213.00,0.50521,26.35074,76.94415,2.8722,4.52035,50.00,0596:29:44,1,08
15:53:24,0.24651,213.10,0.50233,26.40512,77.10297,2.8722,4.52035,50.01,0596:29:46,1,08
15:53:25,0.24651,213.10,0.50233,26.40512,77.10297,2.8722,4.52035,50.01,0596:29:47,1,08
15:53:26,0.24457,213.20,0.5013,26.16038,76.38831,2.8722,4.52035,50.01,0596:29:48,1,08
15:53:27,0.24702,212.90,0.50284,26.47311,77.30148,2.8722,4.52045,50.00,0596:29:49,1,08
15:53:29,0.24785,212.60,0.49794,26.25556,76.66624,2.8722,4.52045,50.00,0596:29:51,1,08
15:53:30,0.24785,212.60,0.49794,26.25556,76.66624,2.8722,4.52045,50.00,0596:29:52,1,08
15:53:31,0.24621,212.80,0.50078,26.25556,76.66624,2.8723,4.52045,49.99,0596:29:53,1,08
15:53:33,0.24615,213.00,0.50337,26.40512,77.10297,2.8723,4.52045,50.00,0596:29:55,1,08
15:53:34,0.18336,213.20,0.45552,17.8255,52.05046,2.8723,4.52045,50.00,0596:29:56,1,08
15:53:35,0.16046,213.10,0.44078,15.07893,44.03048,2.8723,4.52045,50.00,0596:29:57,1,08
15:53:36,0.16046,213.10,0.44078,15.07893,44.03048,2.8723,4.52045,50.00,0596:29:58,1,08
15:53:38,0.13813,212.90,0.40388,11.88367,34.70031,2.8723,4.52045,50.00,0596:30:00,1,08
15:53:42,0.13996,213.60,0.40364,12.07402,35.25615,2.8723,4.52045,50.01,0596:30:04,1,08
15:53:44,0.13813,213.30,0.40268,11.87007,34.6606,2.8723,4.52055,50.01,0596:30:06,1,08
15:53:45,0.13753,213.20,0.40222,11.80208,34.46209,2.8723,4.52055,50.03,0596:30:07,1,08
15:53:48,0.1383,213.00,0.40406,11.91086,34.77971,2.8723,4.52055,50.03,0596:30:10,1,08
15:53:50,0.13818,213.10,0.40305,11.87007,34.6606,2.8723,4.52055,50.01,0596:30:12,1,08
15:53:54,0.13884,212.60,0.40193,11.87007,34.6606,2.8723,4.52055,50.01,0596:30:16,1,08
15:53:56,0.13914,213.00,0.40046,11.87007,34.6606,2.8724,4.52055,50.00,0596:30:18,1,08
15:53:57,0.13776,213.30,0.40379,11.87007,34.6606,2.8724,4.52055,50.00,0596:30:19,1,08
15:53:58,0.13818,213.20,0.40314,11.88367,34.70031,2.8724,4.52055,50.00,0596:30:20,1,08
15:53:59,0.13825,213.20,0.40175,11.84288,34.5812,2.8724,4.52055,50.00,0596:30:21,1,08
15:54:03,0.13842,213.10,0.40184,11.85647,34.6209,2.8724,4.52055,50.01,0596:30:25,1,08
15:54:05,0.13842,213.20,0.40193,11.87007,34.6606,2.8724,4.52066,49.99,0596:30:27,1,08
15:54:07,0.13914,213.40,0.39881,11.84288,34.5812,2.8724,4.52066,49.99,0596:30:29,1,08
15:54:11,0.14014,213.20,0.40218,12.01964,35.09734,2.8724,4.52066,49.97,0596:30:33,1,08
15:54:13,0.13884,213.10,0.40028,11.84288,34.5812,2.8724,4.52066,49.96,0596:30:35,1,08
15:54:16,0.13878,213.40,0.40046,11.87007,34.6606,2.8724,4.52066,49.96,0596:30:38,1,08
15:54:18,0.13926,213.40,0.40073,11.91086,34.77971,2.8724,4.52066,49.97,0596:30:40,1,08
15:54:20,0.13902,213.10,0.39862,11.81568,34.50179,2.8724,4.52066,49.96,0596:30:42,1,08
15:54:23,0.13849,213.10,0.40055,11.82928,34.5415,2.8724,4.52066,49.96,0596:30:45,1,08
15:54:25,0.1392,212.90,0.40046,11.87007,34.6606,2.8724,4.52076,49.97,0596:30:47,1,08
15:54:26,0.13849,213.00,0.40046,11.81568,34.50179,2.8724,4.52076,49.96,0596:30:48,1,08
15:54:28,0.13914,213.00,0.40046,11.87007,34.6606,2.8725,4.52076,49.96,0596:30:51,1,08
15:54:29,0.13926,212.90,0.40009,11.87007,34.6606,2.8725,4.52076,49.96,0596:30:51,1,08
15:54:33,0.13842,213.00,0.39954,11.78849,34.42239,2.8725,4.52076,49.97,0596:30:56,1,08
15:54:35,0.13967,212.90,0.39854,11.85647,34.6209,2.8725,4.52076,49.96,0596:30:57,1,08
15:54:36,0.13943,212.90,0.39927,11.85647,34.6209,2.8725,4.52076,49.99,0596:30:58,1,08
15:54:37,0.13955,212.80,0.39661,11.78849,34.42239,2.8725,4.52076,49.99,0596:30:59,1,08
15:54:38,0.13985,212.90,0.39781,11.85647,34.6209,2.8725,4.52076,49.99,0596:31:01,1,08
15:54:40,0.13931,212.70,0.39954,11.84288,34.5812,2.8725,4.52076,49.99,0596:31:03,1,08
15:54:41,0.13931,212.70,0.39954,11.84288,34.5812,2.8725,4.52076,49.99,0596:31:03,1,08
15:54:42,0.13937,212.70,0.39963,11.85647,34.6209,2.8725,4.52076,49.99,0596:31:04,1,08
15:54:44,0.13943,212.60,0.40101,11.89726,34.74001,2.8725,4.52076,49.99,0596:31:07,1,08
15:54:45,0.13825,212.50,0.40148,11.80208,34.46209,2.8725,4.52086,49.99,0596:31:08,1,08
15:54:46,0.13884,212.40,0.40092,11.82928,34.5415,2.8725,4.52086,49.97,0596:31:09,1,08
15:54:47,0.13884,212.40,0.40092,11.82928,34.5415,2.8725,4.52086,49.97,0596:31:09,1,08
15:54:48,0.13854,212.30,0.40065,11.78849,34.42239,2.8725,4.52086,49.99,0596:31:10,1,08
15:54:52,0.13872,212.50,0.40092,11.82928,34.5415,2.8725,4.52086,49.99,0596:31:15,1,08
15:54:53,0.13872,212.50,0.40092,11.82928,34.5415,2.8725,4.52086,49.99,0596:31:15,1,08
15:54:55,0.13902,212.80,0.40119,11.87007,34.6606,2.8725,4.52086,49.99,0596:31:18,1,08
15:54:57,0.13896,212.60,0.39742,11.7477,34.30328,2.87261,4.52086,49.99,0596:31:20,1,08
15:55:03,0.13837,212.90,0.40083,11.81568,34.50179,2.87261,4.52086,50.00,0596:31:26,1,08
15:55:04,0.1386,213.00,0.40009,11.81568,34.50179,2.87261,4.52086,49.97,0596:31:27,1,08
15:55:05,0.1386,213.00,0.40009,11.81568,34.50179,2.87261,4.52096,49.97,0596:31:27,1,08
15:55:06,0.13837,212.90,0.40175,11.84288,34.5812,2.87261,4.52096,49.97,0596:31:29,1,08
15:55:07,0.1383,212.40,0.40148,11.80208,34.46209,2.87261,4.52096,49.97,0596:31:30,1,08
15:55:08,0.1392,212.60,0.40266,11.92446,34.81942,2.87261,4.52096,49.99,0596:31:31,1,08
15:55:09,0.1383,212.80,0.40259,11.85647,34.6209,2.87261,4.52096,49.99,0596:31:32,1,08
15:55:10,0.13854,212.80,0.40369,11.91086,34.77971,2.87261,4.52096,49.96,0596:31:33,1,08
15:55:13,0.13764,213.00,0.40176,11.78849,34.42239,2.87261,4.52096,49.97,0596:31:36,1,08
15:55:14,0.1386,213.10,0.40202,11.88367,34.70031,2.87261,4.52096,49.97,0596:31:37,1,08
15:55:16,0.13878,212.90,0.39972,11.81568,34.50179,2.87261,4.52096,49.99,0596:31:39,1,08
15:55:17,0.13878,212.90,0.39972,11.81568,34.50179,2.87261,4.52096,49.99,0596:31:40,1,08
15:55:18,0.13788,213.20,0.4025,11.84288,34.5812,2.87261,4.52096,49.96,0596:31:41,1,08
15:55:19,0.13807,213.20,0.40166,11.82928,34.5415,2.87261,4.52096,49.96,0596:31:42,1,08
15:55:23,0.13699,213.10,0.40037,11.69331,34.14447,2.87261,4.52096,49.97,0596:31:45,1,08
15:55:25,0.13788,213.00,0.40241,11.82928,34.5415,2.87261,4.52096,49.96,0596:31:47,1,08
15:55:26,0.13818,213.30,0.40175,11.84288,34.5812,2.87261,4.52096,49.96,0596:31:48,1,08
15:55:27,0.1383,213.40,0.40009,11.81568,34.50179,2.87261,4.52106,49.97,0596:31:49,1,08
15:55:30,0.13807,213.40,0.4036,11.89726,34.74001,2.87271,4.52106,49.99,0596:31:52,1,08
15:55:31,0.13783,213.10,0.40194,11.81568,34.50179,2.87271,4.52106,49.97,0596:31:53,1,08
15:55:34,0.13813,213.00,0.40111,11.80208,34.46209,2.87271,4.52106,49.96,0596:31:56,1,08
15:55:35,0.1383,213.00,0.40175,11.84288,34.5812,2.87271,4.52106,49.99,0596:31:57,1,08
15:55:36,0.13854,213.20,0.39926,11.80208,34.46209,2.87271,4.52106,49.99,0596:31:58,1,08
15:55:39,0.14061,213.10,0.3961,11.87007,34.6606,2.87271,4.52106,49.97,0596:32:01,1,08
15:55:40,0.14049,213.00,0.39737,11.89726,34.74001,2.87271,4.52106,49.96,0596:32:02,1,08
15:55:41,0.1402,212.80,0.39526,11.80208,34.46209,2.87271,4.52106,49.96,0596:32:03,1,08
15:55:42,0.14108,212.70,0.39629,11.89726,34.74001,2.87271,4.52106,49.96,0596:32:04,1,08
15:55:43,0.13955,212.50,0.39505,11.7205,34.22387,2.87271,4.52106,49.97,0596:32:05,1,08
15:55:49,0.13943,212.80,0.39881,11.84288,34.5812,2.87271,4.52116,49.97,0596:32:11,1,08
15:55:50,0.13943,212.70,0.39826,11.81568,34.50179,2.87271,4.52116,49.97,0596:32:12,1,08
15:55:51,0.13961,212.60,0.39927,11.85647,34.6209,2.87271,4.52116,49.96,0596:32:13,1,08
15:55:52,0.13937,212.40,0.39945,11.82928,34.5415,2.87271,4.52116,49.97,0596:32:14,1,08
15:55:53,0.13937,212.20,0.39844,11.78849,34.42239,2.87271,4.52116,49.97,0596:32:15,1,08
15:55:54,0.13949,212.20,0.39669,11.7477,34.30328,2.87271,4.52116,49.97,0596:32:16,1,08
15:55:57,0.13931,212.70,0.39908,11.82928,34.5415,2.87271,4.52116,49.96,0596:32:19,1,08
15:55:58,0.14003,212.80,0.39872,11.88367,34.70031,2.87271,4.52116,49.96,0596:32:20,1,08
15:55:59,0.13967,212.90,0.39808,11.84288,34.5812,2.87281,4.52116,49.96,0596:32:21,1,08
15:56:00,0.13961,212.80,0.39844,11.84288,34.5812,2.87281,4.52116,49.96,0596:32:22,1,08
15:56:01,0.14003,213.00,0.3979,11.87007,34.6606,2.87281,4.52116,49.97,0596:32:23,1,08
15:56:02,0.13967,212.70,0.39799,11.82928,34.5415,2.87281,4.52116,49.96,0596:32:24,1,08
15:56:03,0.14061,212.70,0.39555,11.84288,34.5812,2.87281,4.52116,49.96,0596:32:25,1,08
15:56:06,0.13991,212.60,0.39671,11.80208,34.46209,2.87281,4.52116,49.96,0596:32:28,1,08
15:56:08,0.14032,212.60,0.39572,11.81568,34.50179,2.87281,4.52126,49.97,0596:32:30,1,08
15:56:10,0.14008,212.50,0.3968,11.81568,34.50179,2.87281,4.52126,49.97,0596:32:32,1,08
15:56:14,0.14026,212.40,0.39735,11.84288,34.5812,2.87281,4.52126,49.99,0596:32:36,1,08
15:56:15,0.13979,212.20,0.39744,11.80208,34.46209,2.87281,4.52126,49.99,0596:32:37,1,08
15:56:18,0.13937,212.60,0.39908,11.82928,34.5415,2.87281,4.52126,49.99,0596:32:41,1,08
15:56:20,0.13979,212.50,0.39799,11.82928,34.5415,2.87281,4.52126,49.99,0596:32:43,1,08
15:56:22,0.13979,213.00,0.39954,11.89726,34.74001,2.87281,4.52126,49.99,0596:32:44,1,08
15:56:26,0.13996,213.00,0.39608,11.81568,34.50179,2.87281,4.52126,50.00,0596:32:48,1,08
15:56:29,0.13985,213.40,0.39663,11.84288,34.5812,2.87281,4.52137,50.01,0596:32:51,1,08
15:56:30,0.13967,213.40,0.3969,11.82928,34.5415,2.87291,4.52137,50.01,0596:32:52,1,08
15:56:31,0.13985,213.40,0.39572,11.81568,34.50179,2.87291,4.52137,50.01,0596:32:53,1,08
15:56:32,0.14003,213.40,0.39591,11.84288,34.5812,2.87291,4.52137,50.01,0596:32:54,1,08
15:56:33,0.1402,213.50,0.396,11.85647,34.6209,2.87291,4.52137,50.01,0596:32:55,1,08
15:56:34,0.14061,213.60,0.39186,11.77489,34.38269,2.87291,4.52137,50.01,0596:32:56,1,08
15:56:36,0.14056,213.20,0.39483,11.84288,34.5812,2.87291,4.52137,50.01,0596:32:58,1,08
15:56:37,0.14032,213.10,0.39409,11.78849,34.42239,2.87291,4.52137,50.01,0596:32:59,1,08
15:56:38,0.14032,213.00,0.39409,11.78849,34.42239,2.87291,4.52137,50.01,0596:33:00,1,08
15:56:39,0.14103,213.00,0.39502,11.87007,34.6606,2.87291,4.52137,50.01,0596:33:01,1,08
15:56:40,0.14044,213.10,0.3951,11.82928,34.5415,2.87291,4.52137,50.01,0596:33:02,1,08
15:56:41,0.1402,213.10,0.39536,11.81568,34.50179,2.87291,4.52137,50.01,0596:33:03,1,08
15:56:42,0.13996,213.10,0.39608,11.81568,34.50179,2.87291,4.52137,50.01,0596:33:04,1,08
15:56:45,0.13955,212.90,0.39661,11.78849,34.42239,2.87291,4.52137,50.00,0596:33:07,1,08
15:56:46,0.14037,212.60,0.39435,11.77489,34.38269,2.87291,4.52137,50.01,0596:33:08,1,08
15:56:47,0.14014,212.50,0.39416,11.7477,34.30328,2.87291,4.52137,50.01,0596:33:09,1,08
15:56:48,0.14091,212.50,0.396,11.85647,34.6209,2.87291,4.52147,50.00,0596:33:10,1,08
15:56:50,0.14155,212.30,0.39602,11.91086,34.77971,2.87291,4.52147,50.00,0596:33:12,1,08
15:56:53,0.14061,212.50,0.3949,11.80208,34.46209,2.87291,4.52147,50.00,0596:33:15,1,08
15:56:55,0.14067,212.70,0.396,11.85647,34.6209,2.87291,4.52147,49.99,0596:33:17,1,08
15:56:57,0.14037,212.80,0.39581,11.82928,34.5415,2.87291,4.52147,49.97,0596:33:19,1,08
15:56:58,0.14044,212.80,0.39627,11.84288,34.5812,2.87291,4.52147,49.96,0596:33:20,1,08
15:57:02,0.14014,213.20,0.39581,11.82928,34.5415,2.87301,4.52147,49.96,0596:33:24,1,08
15:57:03,0.14044,213.20,0.39428,11.81568,34.50179,2.87301,4.52147,49.96,0596:33:25,1,08
15:57:04,0.14049,213.20,0.39428,11.81568,34.50179,2.87301,4.52147,49.97,0596:33:26,1,08
15:57:07,0.14073,213.30,0.39493,11.85647,34.6209,2.87301,4.52147,49.96,0596:33:29,1,08
15:57:08,0.13967,213.30,0.3937,11.7341,34.26358,2.87301,4.52157,49.96,0596:33:30,1,08
15:57:09,0.13996,213.00,0.39517,11.78849,34.42239,2.87301,4.52157,49.96,0596:33:31,1,08
15:57:12,0.14202,212.90,0.39578,11.97884,34.97823,2.87301,4.52157,49.97,0596:33:34,1,08
15:57:16,0.13967,213.20,0.39726,11.82928,34.5415,2.87301,4.52157,49.96,0596:33:38,1,08
15:57:17,0.13991,212.90,0.39553,11.78849,34.42239,2.87301,4.52157,49.96,0596:33:40,1,08
15:57:19,0.14003,213.10,0.3939,11.7613,34.34298,2.87301,4.52157,49.97,0596:33:41,1,08
15:57:21,0.1412,212.90,0.39331,11.82928,34.5415,2.87301,4.52157,49.96,0596:33:43,1,08
15:57:24,0.14061,212.80,0.39419,11.80208,34.46209,2.87301,4.52157,49.97,0596:33:46,1,08
15:57:35,0.13955,212.90,0.39844,11.84288,34.5812,2.87311,4.52167,49.97,0596:33:58,1,08
15:57:37,0.13896,213.00,0.39853,11.80208,34.46209,2.87311,4.52167,49.99,0596:33:59,1,08
15:57:39,0.13902,213.10,0.39817,11.80208,34.46209,2.87311,4.52167,49.97,0596:34:02,1,08
15:57:41,0.13908,213.00,0.39908,11.82928,34.5415,2.87311,4.52167,50.00,0596:34:04,1,08
15:57:44,0.13854,212.90,0.40138,11.84288,34.5812,2.87311,4.52167,50.00,0596:34:06,1,08
15:57:45,0.13788,213.10,0.3987,11.7205,34.22387,2.87311,4.52167,50.00,0596:34:08,1,08
15:57:46,0.13813,213.10,0.4012,11.81568,34.50179,2.87311,4.52167,49.99,0596:34:09,1,08
15:57:47,0.13813,213.10,0.4012,11.81568,34.50179,2.87311,4.52167,49.99,0596:34:09,1,08
15:57:51,0.13849,212.90,0.40092,11.82928,34.5415,2.87311,4.52177,49.99,0596:34:14,1,08
15:57:52,0.13914,212.90,0.40092,11.88367,34.70031,2.87311,4.52177,49.97,0596:34:15,1,08
15:57:53,0.14149,212.80,0.40253,12.12841,35.41496,2.87311,4.52177,49.97,0596:34:16,1,08
15:57:57,0.13842,212.60,0.39797,11.7205,34.22387,2.87311,4.52177,49.99,0596:34:20,1,08
15:57:58,0.13937,212.70,0.39872,11.82928,34.5415,2.87311,4.52177,49.99,0596:34:21,1,08
15:57:59,0.13854,212.50,0.39889,11.7477,34.30328,2.87311,4.52177,49.99,0596:34:22,1,08
15:58:02,0.13937,212.40,0.40037,11.85647,34.6209,2.87322,4.52177,49.99,0596:34:25,1,08
15:58:04,0.13955,212.70,0.39835,11.82928,34.5415,2.87322,4.52177,49.99,0596:34:27,1,08
15:58:06,0.13937,212.70,0.39917,11.84288,34.5812,2.87322,4.52177,49.99,0596:34:28,1,08
15:58:11,0.13908,212.40,0.4011,11.85647,34.6209,2.87322,4.52187,49.99,0596:34:33,1,08
15:58:17,0.13955,212.70,0.39789,11.81568,34.50179,2.87322,4.52187,50.01,0596:34:39,1,08
15:58:21,0.1392,212.20,0.39926,11.80208,34.46209,2.87322,4.52187,50.03,0596:34:43,1,08
15:58:24,0.13926,212.60,0.39899,11.81568,34.50179,2.87322,4.52187,50.03,0596:34:46,1,08
15:58:25,0.13931,212.70,0.39908,11.82928,34.5415,2.87322,4.52187,50.03,0596:34:47,1,08
15:58:26,0.13937,212.80,0.39826,11.81568,34.50179,2.87322,4.52187,50.03,0596:34:48,1,08
15:58:27,0.1392,212.50,0.39752,11.7613,34.34298,2.87322,4.52187,50.03,0596:34:49,1,08
15:58:29,0.13985,212.20,0.39835,11.82928,34.5415,2.87322,4.52197,50.03,0596:34:51,1,08
15:58:30,0.13955,212.10,0.39761,11.77489,34.38269,2.87322,4.52197,50.03,0596:34:52,1,08
15:58:35,0.13955,212.30,0.39908,11.82928,34.5415,2.87332,4.52197,50.03,0596:34:57,1,08
15:58:38,0.13973,212.50,0.39789,11.81568,34.50179,2.87332,4.52197,50.01,0596:35:00,1,08
15:58:40,0.13902,212.20,0.4,11.80208,34.46209,2.87332,4.52197,50.01,0596:35:02,1,08
15:58:41,0.1392,212.30,0.39926,11.80208,34.46209,2.87332,4.52197,50.01,0596:35:03,1,08
15:58:42,0.13949,212.50,0.39872,11.82928,34.5415,2.87332,4.52197,50.01,0596:35:04,1,08
15:58:44,0.13908,212.70,0.3989,11.80208,34.46209,2.87332,4.52197,50.01,0596:35:06,1,08
15:58:49,0.1392,212.50,0.39982,11.82928,34.5415,2.87332,4.52197,50.03,0596:35:11,1,08
15:58:50,0.13896,212.40,0.39963,11.80208,34.46209,2.87332,4.52207,50.03,0596:35:12,1,08
15:58:52,0.13914,212.50,0.39982,11.82928,34.5415,2.87332,4.52207,50.03,0596:35:14,1,08
15:58:56,0.13937,212.30,0.4022,11.91086,34.77971,2.87332,4.52207,50.03,0596:35:18,1,08
15:58:57,0.14114,212.40,0.40163,12.04683,35.17673,2.87332,4.52207,50.01,0596:35:19,1,08
15:58:59,0.13955,212.30,0.39954,11.84288,34.5812,2.87332,4.52207,50.01,0596:35:21,1,08
15:59:00,0.1392,212.40,0.40028,11.84288,34.5812,2.87332,4.52207,50.01,0596:35:22,1,08
15:59:06,0.13872,213.00,0.40018,11.82928,34.5415,2.87342,4.52207,50.01,0596:35:28,1,08
15:59:07,0.13878,212.90,0.39926,11.80208,34.46209,2.87342,4.52207,50.01,0596:35:29,1,08
15:59:08,0.1389,212.80,0.39972,11.81568,34.50179,2.87342,4.52207,50.00,0596:35:30,1,08
15:59:09,0.13825,212.60,0.40157,11.81568,34.50179,2.87342,4.52207,50.00,0596:35:31,1,08
15:59:13,0.13926,212.50,0.39991,11.84288,34.5812,2.87342,4.52217,50.00,0596:35:35,1,08
15:59:16,0.13949,212.60,0.39734,11.78849,34.42239,2.87342,4.52217,49.99,0596:35:38,1,08
15:59:17,0.14073,212.50,0.39737,11.89726,34.74001,2.87342,4.52217,49.99,0596:35:39,1,08
15:59:19,0.1389,212.10,0.40083,11.81568,34.50179,2.87342,4.52217,49.99,0596:35:41,1,08
15:59:20,0.1389,212.10,0.40083,11.81568,34.50179,2.87342,4.52217,49.99,0596:35:42,1,08
15:59:22,0.13949,212.20,0.39991,11.84288,34.5812,2.87342,4.52217,49.97,0596:35:44,1,08
15:59:24,0.13902,213.00,0.39991,11.84288,34.5812,2.87342,4.52217,49.97,0596:35:46,1,08
15:59:26,0.13837,213.00,0.39945,11.77489,34.38269,2.87342,4.52217,49.99,0596:35:48,1,08
15:59:27,0.13884,212.90,0.39936,11.81568,34.50179,2.87342,4.52217,49.99,0596:35:49,1,08
15:59:28,0.1392,212.80,0.39954,11.84288,34.5812,2.87342,4.52217,49.99,0596:35:50,1,08
15:59:29,0.13943,212.30,0.39945,11.82928,34.5415,2.87342,4.52217,49.99,0596:35:51,1,08
15:59:31,0.13818,212.30,0.39852,11.69331,34.14447,2.87342,4.52228,49.99,0596:35:53,1,08
15:59:32,0.13842,212.50,0.40203,11.82928,34.5415,2.87342,4.52228,49.99,0596:35:54,1,08
15:59:33,0.13842,212.80,0.40175,11.84288,34.5812,2.87342,4.52228,49.99,0596:35:55,1,08
15:59:35,0.13776,212.90,0.4013,11.77489,34.38269,2.87352,4.52228,49.99,0596:35:57,1,08
15:59:36,0.1386,212.90,0.40147,11.85647,34.6209,2.87352,4.52228,50.00,0596:35:59,1,08
15:59:38,0.13818,212.50,0.40055,11.77489,34.38269,2.87352,4.52228,50.00,0596:36:00,1,08
15:59:39,0.13872,212.50,0.40184,11.85647,34.6209,2.87352,4.52228,50.00,0596:36:01,1,08
15:59:40,0.13837,212.50,0.4025,11.84288,34.5812,2.87352,4.52228,49.99,0596:36:02,1,08
15:59:44,0.13813,212.90,0.40157,11.81568,34.50179,2.87352,4.52228,50.01,0596:36:06,1,08
15:59:45,0.13813,213.00,0.40212,11.84288,34.5812,2.87352,4.52228,50.01,0596:36:07,1,08
15:59:47,0.138,212.80,0.40185,11.80208,34.46209,2.87352,4.52228,50.00,0596:36:10,1,08
15:59:49,0.13837,212.80,0.40212,11.84288,34.5812,2.87352,4.52228,50.00,0596:36:11,1,08
15:59:50,0.13813,212.70,0.40194,11.81568,34.50179,2.87352,4.52228,50.01,0596:36:12,1,08
15:59:51,0.138,213.00,0.40287,11.84288,34.5812,2.87352,4.52238,50.01,0596:36:13,1,08
15:59:52,0.13764,213.00,0.40269,11.81568,34.50179,2.87352,4.52238,50.00,0596:36:14,1,08
15:59:53,0.13813,213.10,0.40166,11.82928,34.5415,2.87352,4.52238,50.00,0596:36:16,1,08
15:59:56,0.13807,212.70,0.40241,11.82928,34.5415,2.87352,4.52238,50.00,0596:36:18,1,08
15:59:57,0.13788,212.90,0.40185,11.80208,34.46209,2.87352,4.52238,50.00,0596:36:19,1,08
15:59:59,0.13985,213.00,0.4042,12.04683,35.17673,2.87352,4.52238,50.00,0596:36:22,1,08
16:00:01,0.13783,213.00,0.40231,11.81568,34.50179,2.87352,4.52238,50.01,0596:36:23,1,08
16:00:04,0.13825,213.00,0.40037,11.80208,34.46209,2.87352,4.52238,50.01,0596:36:27,1,08
16:00:06,0.13825,212.70,0.40018,11.77489,34.38269,2.87362,4.52238,50.03,0596:36:29,1,08
16:00:08,0.1386,212.80,0.4,11.80208,34.46209,2.87362,4.52238,50.03,0596:36:29,1,08
16:00:09,0.13878,212.90,0.40064,11.84288,34.5812,2.87362,4.52238,50.04,0596:36:30,1,08
16:00:10,0.1389,213.10,0.39945,11.82928,34.5415,2.87362,4.52238,50.04,0596:36:32,1,08
16:00:13,0.13902,212.80,0.3989,11.80208,34.46209,2.87362,4.52248,50.05,0596:36:35,1,08
16:00:14,0.13878,212.80,0.39926,11.80208,34.46209,2.87362,4.52248,50.05,0596:36:35,1,08
16:00:15,0.13854,212.60,0.40037,11.80208,34.46209,2.87362,4.52248,50.05,0596:36:36,1,08
16:00:16,0.13818,212.60,0.40009,11.7613,34.34298,2.87362,4.52248,50.05,0596:36:38,1,08
16:00:17,0.13878,212.40,0.40129,11.82928,34.5415,2.87362,4.52248,50.06,0596:36:39,1,08
16:00:19,0.13961,212.70,0.4011,11.91086,34.77971,2.87362,4.52248,50.04,0596:36:41,1,08
16:00:21,0.138,212.70,0.40324,11.84288,34.5812,2.87362,4.52248,50.04,0596:36:43,1,08
16:00:24,0.1386,212.50,0.40083,11.81568,34.50179,2.87362,4.52248,50.05,0596:36:46,1,08
16:00:27,0.1386,212.50,0.39945,11.77489,34.38269,2.87362,4.52248,50.05,0596:36:48,1,08
16:00:29,0.13842,212.40,0.40065,11.78849,34.42239,2.87362,4.52248,50.05,0596:36:51,1,08
16:00:30,0.1386,212.40,0.40166,11.82928,34.5415,2.87362,4.52248,50.05,0596:36:52,1,08
16:00:32,0.1392,212.60,0.39899,11.81568,34.50179,2.87362,4.52258,50.04,0596:36:54,1,08
16:00:35,0.13872,212.70,0.39963,11.80208,34.46209,2.87362,4.52258,50.05,0596:36:57,1,08
16:00:36,0.13878,212.60,0.40046,11.81568,34.50179,2.87362,4.52258,50.05,0596:36:58,1,08
16:00:37,0.13926,212.70,0.39862,11.81568,34.50179,2.87372,4.52258,50.04,0596:36:59,1,08
16:00:38,0.13866,212.50,0.39945,11.77489,34.38269,2.87372,4.52258,50.04,0596:36:59,1,08
16:00:42,0.13872,212.90,0.40064,11.84288,34.5812,2.87372,4.52258,50.03,0596:37:04,1,08
16:00:43,0.13842,213.10,0.40092,11.82928,34.5415,2.87372,4.52258,50.03,0596:37:05,1,08
16:00:46,0.13872,213.20,0.40028,11.84288,34.5812,2.87372,4.52258,50.04,0596:37:08,1,08
16:00:47,0.13949,213.40,0.3968,11.81568,34.50179,2.87372,4.52258,50.03,0596:37:09,1,08
16:00:49,0.1383,213.00,0.40083,11.81568,34.50179,2.87372,4.52258,50.03,0596:37:11,1,08
16:00:53,0.13842,212.60,0.40166,11.82928,34.5415,2.87372,4.52268,50.05,0596:37:15,1,08
16:00:57,0.13872,212.60,0.39954,11.78849,34.42239,2.87372,4.52268,50.03,0596:37:19,1,08
16:00:59,0.13973,212.50,0.39661,11.78849,34.42239,2.87372,4.52268,50.03,0596:37:21,1,08
16:01:01,0.14003,212.30,0.39717,11.81568,34.50179,2.87372,4.52268,50.04,0596:37:23,1,08
16:01:02,0.14014,212.20,0.39899,11.87007,34.6606,2.87372,4.52268,50.04,0596:37:24,1,08
16:01:03,0.14213,212.50,0.40009,12.08762,35.29585,2.87372,4.52268,50.03,0596:37:25,1,08
16:01:07,0.13896,212.90,0.3989,11.80208,34.46209,2.87383,4.52268,50.04,0596:37:29,1,08
16:01:09,0.13955,213.10,0.39945,11.88367,34.70031,2.87383,4.52268,50.05,0596:37:31,1,08
16:01:10,0.13949,212.90,0.39835,11.82928,34.5415,2.87383,4.52268,50.04,0596:37:32,1,08
16:01:11,0.13991,212.80,0.3968,11.81568,34.50179,2.87383,4.52268,50.04,0596:37:33,1,08
16:01:13,0.13973,212.50,0.39661,11.78849,34.42239,2.87383,4.52278,50.05,0596:37:35,1,08
16:01:14,0.13973,212.50,0.39661,11.78849,34.42239,2.87383,4.52278,50.05,0596:37:36,1,08
16:01:16,0.13943,212.60,0.39725,11.77489,34.38269,2.87383,4.52278,50.03,0596:37:38,1,08
16:01:17,0.13949,212.40,0.39725,11.77489,34.38269,2.87383,4.52278,50.03,0596:37:39,1,08
16:01:18,0.1392,212.40,0.3989,11.80208,34.46209,2.87383,4.52278,50.05,0596:37:40,1,08
16:01:19,0.13985,212.40,0.39707,11.80208,34.46209,2.87383,4.52278,50.05,0596:37:41,1,08
16:01:20,0.13985,212.40,0.39707,11.80208,34.46209,2.87383,4.52278,50.04,0596:37:42,1,08
16:01:22,0.1392,212.40,0.39844,11.78849,34.42239,2.87383,4.52278,50.04,0596:37:44,1,08
16:01:26,0.13949,212.50,0.39688,11.77489,34.38269,2.87383,4.52278,50.04,0596:37:48,1,08
16:01:29,0.13943,212.60,0.3978,11.80208,34.46209,2.87383,4.52278,50.05,0596:37:51,1,08
16:01:31,0.13931,212.70,0.39771,11.78849,34.42239,2.87383,4.52278,50.05,0596:37:53,1,08
16:01:33,0.13991,212.60,0.39808,11.84288,34.5812,2.87383,4.52288,50.04,0596:37:55,1,08
16:01:34,0.13949,212.30,0.39862,11.81568,34.50179,2.87383,4.52288,50.05,0596:37:56,1,08
16:01:36,0.13884,212.40,0.39862,11.7613,34.34298,2.87383,4.52288,50.04,0596:37:58,1,08
16:01:37,0.13908,212.50,0.39972,11.81568,34.50179,2.87383,4.52288,50.04,0596:37:59,1,08
16:01:38,0.13908,212.50,0.39972,11.81568,34.50179,2.87393,4.52288,50.04,0596:38:00,1,08
16:01:41,0.13884,212.90,0.40018,11.82928,34.5415,2.87393,4.52288,50.05,0596:38:03,1,08
16:01:43,0.13914,212.70,0.39761,11.77489,34.38269,2.87393,4.52288,50.03,0596:38:06,1,08
16:01:45,0.13825,212.50,0.40287,11.84288,34.5812,2.87393,4.52288,50.04,0596:38:07,1,08
16:01:46,0.13788,212.60,0.40222,11.80208,34.46209,2.87393,4.52288,50.05,0596:38:08,1,08
16:01:47,0.13866,212.90,0.40147,11.85647,34.6209,2.87393,4.52288,50.05,0596:38:09,1,08
16:01:48,0.13807,213.00,0.40111,11.80208,34.46209,2.87393,4.52288,50.04,0596:38:10,1,08
16:01:51,0.13783,212.90,0.40231,11.81568,34.50179,2.87393,4.52288,50.05,0596:38:13,1,08
16:01:52,0.13746,213.00,0.40158,11.7613,34.34298,2.87393,4.52288,50.04,0596:38:14,1,08
16:01:53,0.13825,213.00,0.40212,11.84288,34.5812,2.87393,4.52298,50.04,0596:38:15,1,08
16:01:54,0.13795,212.90,0.40093,11.77489,34.38269,2.87393,4.52298,50.04,0596:38:17,1,08
16:01:55,0.13807,212.80,0.40148,11.80208,34.46209,2.87393,4.52298,50.04,0596:38:18,1,08
16:01:57,0.13872,212.70,0.40092,11.82928,34.5415,2.87393,4.52298,50.05,0596:38:19,1,08
16:01:58,0.13776,213.00,0.40185,11.80208,34.46209,2.87393,4.52298,50.05,0596:38:20,1,08
16:01:59,0.138,212.90,0.40102,11.78849,34.42239,2.87393,4.52298,50.05,0596:38:21,1,08
16:02:00,0.13818,212.90,0.40111,11.80208,34.46209,2.87393,4.52298,50.06,0596:38:23,1,08
16:02:01,0.13854,212.90,0.4,11.80208,34.46209,2.87393,4.52298,50.06,0596:38:24,1,08
16:02:02,0.13866,212.80,0.39954,11.78849,34.42239,2.87393,4.52298,50.05,0596:38:24,1,08
16:02:03,0.13854,212.70,0.40037,11.80208,34.46209,2.87393,4.52298,50.05,0596:38:25,1,08
16:02:04,0.13896,212.50,0.40018,11.82928,34.5415,2.87393,4.52298,50.05,0596:38:26,1,08
16:02:12,0.13926,212.20,0.4011,11.85647,34.6209,2.87403,4.52298,50.05,0596:38:34,1,08
16:02:14,0.13872,212.40,0.40037,11.80208,34.46209,2.87403,4.52308,50.05,0596:38:35,1,08
16:02:16,0.1389,212.10,0.40083,11.81568,34.50179,2.87403,4.52308,50.05,0596:38:37,1,08
16:02:17,0.13896,212.10,0.40037,11.80208,34.46209,2.87403,4.52308,50.05,0596:38:39,1,08
16:02:18,0.13849,212.00,0.40185,11.80208,34.46209,2.87403,4.52308,50.05,0596:38:40,1,08
16:02:20,0.138,211.70,0.40326,11.78849,34.42239,2.87403,4.52308,50.05,0596:38:41,1,08
16:02:22,0.13872,212.10,0.40074,11.80208,34.46209,2.87403,4.52308,50.05,0596:38:44,1,08
16:02:24,0.19223,212.20,0.49201,20.08258,58.64114,2.87403,4.52308,50.04,0596:38:46,1,08
16:02:26,0.18577,212.40,0.48072,18.98123,55.42521,2.87403,4.52308,50.04,0596:38:47,1,08
16:02:31,0.17852,211.90,0.46552,17.62155,51.45491,2.87403,4.52308,50.04,0596:38:52,1,08
16:02:32,0.17856,212.20,0.46449,17.60795,51.41521,2.87403,4.52308,50.04,0596:38:53,1,08
16:02:33,0.17778,212.20,0.4683,17.67593,51.61373,2.87403,4.52318,50.04,0596:38:55,1,08
16:02:36,0.17703,212.20,0.46273,17.3904,50.77996,2.87413,4.52318,50.03,0596:38:58,1,08
16:02:37,0.17638,212.20,0.46405,17.3768,50.74026,2.87413,4.52318,50.03,0596:38:58,1,08
16:02:38,0.17671,212.10,0.46592,17.47198,51.01818,2.87413,4.52318,50.03,0596:39:00,1,08
16:02:39,0.17833,212.40,0.46341,17.56716,51.2961,2.87413,4.52318,50.01,0596:39:01,1,08
16:02:42,0.17666,212.10,0.46265,17.34961,50.66086,2.87413,4.52318,50.00,0596:39:04,1,08
16:02:43,0.17648,212.00,0.46296,17.33601,50.62115,2.87413,4.52318,50.00,0596:39:04,1,08
16:02:44,0.17722,212.00,0.46638,17.53996,51.2167,2.87413,4.52318,50.00,0596:39:06,1,08
16:02:45,0.17694,211.90,0.46664,17.49917,51.09758,2.87413,4.52318,50.01,0596:39:07,1,08
16:02:47,0.17764,212.10,0.46573,17.55356,51.25641,2.87413,4.52318,49.99,0596:39:09,1,08
16:02:50,0.17815,212.00,0.46619,17.62155,51.45491,2.87413,4.52318,50.00,0596:39:12,1,08
16:02:52,0.17727,212.20,0.46568,17.52637,51.17699,2.87413,4.52329,49.97,0596:39:14,1,08
16:02:53,0.17619,212.10,0.46582,17.41759,50.85937,2.87413,4.52329,49.97,0596:39:15,1,08
16:02:54,0.17736,212.10,0.46604,17.53996,51.2167,2.87413,4.52329,49.97,0596:39:16,1,08
16:02:57,0.17852,212.10,0.4677,17.71672,51.73284,2.87423,4.52329,49.96,0596:39:19,1,08
16:03:03,0.17806,212.30,0.46657,17.64874,51.53432,2.87423,4.52329,49.97,0596:39:25,1,08
16:03:04,0.17722,212.30,0.4646,17.48558,51.05788,2.87423,4.52329,49.96,0596:39:26,1,08
16:03:05,0.1768,212.30,0.45945,17.25443,50.38294,2.87423,4.52329,49.96,0596:39:27,1,08
16:03:07,0.22255,212.10,0.50259,23.74014,69.32121,2.87423,4.52329,49.97,0596:39:29,1,08
16:03:10,0.24658,212.00,0.50728,26.5411,77.5,2.87423,4.52339,49.97,0596:39:32,1,08
16:03:11,0.24745,212.00,0.50751,26.63627,77.77791,2.87423,4.52339,49.97,0596:39:33,1,08
16:03:12,0.24416,212.10,0.50997,26.41872,77.14268,2.87433,4.52339,49.97,0596:39:34,1,08
16:03:13,0.24473,212.00,0.50655,26.29635,76.78535,2.87433,4.52339,49.97,0596:39:35,1,08
16:03:14,0.24473,212.00,0.50655,26.29635,76.78535,2.87433,4.52339,49.97,0596:39:36,1,08
16:03:16,0.24318,211.90,0.50633,26.106,76.22951,2.87433,4.52339,50.00,0596:39:38,1,08
16:03:18,0.25109,211.90,0.50817,27.05778,79.00871,2.87433,4.52339,49.97,0596:39:40,1,08
16:03:23,0.26341,211.40,0.51147,28.49904,83.21721,2.87433,4.52349,49.97,0596:39:45,1,08
16:03:26,0.26435,211.80,0.50971,28.55343,83.37602,2.87443,4.52349,49.97,0596:39:48,1,08
16:03:28,0.26413,211.80,0.5085,28.45825,83.0981,2.87443,4.52349,49.99,0596:39:50,1,08
16:03:29,0.26525,211.80,0.51089,28.71659,83.85246,2.87443,4.52349,49.99,0596:39:51,1,08
16:03:30,0.263,212.00,0.51145,28.53983,83.33631,2.87443,4.52349,49.99,0596:39:52,1,08
16:03:31,0.26328,212.00,0.51168,28.58062,83.45542,2.87443,4.52349,49.99,0596:39:53,1,08
16:03:32,0.26328,212.00,0.51168,28.58062,83.45542,2.87443,4.52349,49.99,0596:39:54,1,08
16:03:33,0.26356,212.10,0.50948,28.49904,83.21721,2.87443,4.52349,49.99,0596:39:55,1,08
16:03:35,0.26335,212.20,0.51021,28.53983,83.33631,2.87443,4.52349,49.99,0596:39:57,1,08
16:03:37,0.26385,212.30,0.50801,28.47185,83.13781,2.87443,4.52359,49.99,0596:39:59,1,08
16:03:38,0.26385,212.30,0.50801,28.47185,83.13781,2.87453,4.52359,49.99,0596:40:00,1,08
16:03:41,0.26562,212.40,0.50771,28.66221,83.69365,2.87453,4.52359,49.99,0596:40:03,1,08
16:03:42,0.26319,212.50,0.50947,28.52624,83.29662,2.87453,4.52359,50.00,0596:40:04,1,08
16:03:43,0.26319,212.50,0.50947,28.52624,83.29662,2.87453,4.52359,50.00,0596:40:05,1,08
16:03:45,0.26447,212.50,0.50725,28.53983,83.33631,2.87453,4.52359,50.00,0596:40:07,1,08
16:03:46,0.26447,212.50,0.50798,28.56703,83.41573,2.87453,4.52359,49.99,0596:40:08,1,08
16:03:47,0.2654,212.40,0.50868,28.6894,83.77304,2.87453,4.52359,49.99,0596:40:09,1,08
16:03:49,0.26359,212.20,0.50923,28.51264,83.25692,2.87453,4.52369,49.99,0596:40:11,1,08
16:03:50,0.26516,212.40,0.51013,28.75739,83.97157,2.87453,4.52369,49.99,0596:40:12,1,08
16:03:51,0.26475,212.60,0.50917,28.6894,83.77304,2.87463,4.52369,49.99,0596:40:13,1,08
16:03:52,0.26234,212.40,0.51097,28.49904,83.21721,2.87463,4.52369,49.97,0596:40:14,1,08
16:03:54,0.26244,212.70,0.51266,28.63501,83.61424,2.87463,4.52369,49.99,0596:40:16,1,08
16:03:57,0.26309,212.10,0.51144,28.56703,83.41573,2.87463,4.52369,49.99,0596:40:19,1,08
16:03:59,0.29609,212.20,0.50757,31.91186,93.18262,2.87463,4.52369,49.99,0596:40:21,1,08
16:04:01,0.29687,212.50,0.50689,31.99344,93.42084,2.87463,4.52369,49.99,0596:40:22,1,08
16:04:02,0.29304,212.70,0.50697,31.62633,92.34888,2.87463,4.52369,49.99,0596:40:24,1,08
16:04:03,0.29357,212.80,0.50631,31.65352,92.42827,2.87473,4.5238,49.99,0596:40:25,1,08
16:04:04,0.29757,212.90,0.50579,32.06142,93.61936,2.87473,4.5238,49.99,0596:40:26,1,08
16:04:05,0.29612,213.00,0.50732,32.02063,93.50025,2.87473,4.5238,49.99,0596:40:27,1,08
16:04:06,0.29363,212.80,0.50565,31.61273,92.30917,2.87473,4.5238,49.99,0596:40:27,1,08
16:04:09,0.29759,212.70,0.50644,32.07502,93.65907,2.87473,4.5238,49.99,0596:40:31,1,08
16:04:11,0.29751,212.70,0.50859,32.1974,94.0164,2.87473,4.5238,50.00,0596:40:33,1,08
16:04:12,0.29402,212.70,0.50761,31.76229,92.7459,2.87473,4.5238,49.99,0596:40:34,1,08
16:04:16,0.29626,212.80,0.5056,31.89826,93.14294,2.87484,4.5239,50.01,0596:40:38,1,08
16:04:18,0.29737,212.80,0.50451,31.95265,93.30173,2.87484,4.5239,49.99,0596:40:40,1,08
16:04:21,0.29492,213.00,0.50736,31.88467,93.10323,2.87484,4.5239,50.00,0596:40:43,1,08
16:04:22,0.29748,213.10,0.50429,31.99344,93.42084,2.87484,4.5239,50.00,0596:40:44,1,08
16:04:24,0.29525,213.00,0.50691,31.89826,93.14294,2.87484,4.5239,50.00,0596:40:46,1,08
16:04:25,0.29593,213.00,0.50991,32.1702,93.93697,2.87484,4.5239,50.00,0596:40:47,1,08
16:04:26,0.2938,212.80,0.50478,31.58554,92.22977,2.87494,4.524,50.00,0596:40:48,1,08
16:04:29,0.29782,213.00,0.50664,32.1566,93.89729,2.87494,4.524,50.00,0596:40:51,1,08
16:04:30,0.29273,212.90,0.50916,31.7487,92.70619,2.87494,4.524,50.00,0596:40:52,1,08
16:04:31,0.29595,213.00,0.50496,31.85747,93.02383,2.87494,4.524,50.00,0596:40:53,1,08
16:04:32,0.266,213.10,0.48466,27.49288,80.2792,2.87494,4.524,50.00,0596:40:54,1,08
16:04:33,0.16631,213.00,0.45245,16.04431,46.84938,2.87494,4.524,50.00,0596:40:55,1,08
16:04:34,0.15782,212.80,0.43927,14.75261,43.07761,2.87494,4.524,50.00,0596:40:56,1,08
16:04:35,0.13783,212.50,0.40538,11.88367,34.70031,2.87494,4.524,50.00,0596:40:57,1,08
16:04:39,0.14253,212.90,0.41308,12.53632,36.60604,2.87494,4.524,50.01,0596:41:01,1,08
16:04:42,0.17652,212.70,0.47212,17.73032,51.77254,2.87494,4.52411,50.01,0596:41:04,1,08
16:04:43,0.17848,212.60,0.47242,17.93427,52.36808,2.87504,4.52411,50.01,0596:41:05,1,08
16:04:44,0.17922,212.50,0.47074,17.93427,52.36808,2.87504,4.52411,50.00,0596:41:06,1,08
16:04:49,0.17953,212.70,0.47082,17.98866,52.5269,2.87504,4.52411,50.01,0596:41:10,1,08
16:04:50,0.18137,212.60,0.46723,18.02945,52.646,2.87504,4.52411,50.01,0596:41:11,1,08
16:04:52,0.1793,212.30,0.46966,17.89348,52.24897,2.87504,4.52411,50.00,0596:41:13,1,08
16:04:54,0.18077,212.50,0.47028,18.07024,52.76511,2.87504,4.52411,50.00,0596:41:15,1,08
16:05:01,0.17796,212.90,0.47023,17.8255,52.05046,2.87504,4.52421,49.97,0596:41:22,1,08
16:05:02,0.17899,212.70,0.47252,18.00226,52.5666,2.87504,4.52421,49.97,0596:41:24,1,08
16:05:03,0.17999,212.70,0.47339,18.13823,52.96363,2.87504,4.52421,49.99,0596:41:25,1,08
16:05:04,0.17894,212.80,0.47038,17.92068,52.32838,2.87514,4.52421,49.99,0596:41:25,1,08
16:05:06,0.17995,213.20,0.47342,18.16542,53.04303,2.87514,4.52421,49.97,0596:41:27,1,08
16:05:07,0.17884,213.30,0.46971,17.92068,52.32838,2.87514,4.52421,49.99,0596:41:28,1,08
16:05:08,0.17999,213.10,0.47271,18.13823,52.96363,2.87514,4.52421,49.99,0596:41:30,1,08
16:05:09,0.18109,213.30,0.47009,18.16542,53.04303,2.87514,4.52421,49.99,0596:41:31,1,08
16:05:11,0.17953,213.10,0.46982,17.98866,52.5269,2.87514,4.52421,49.99,0596:41:32,1,08
16:05:12,0.18127,213.20,0.47117,18.21981,53.20185,2.87514,4.52421,49.99,0596:41:33,1,08
16:05:13,0.1799,213.10,0.4713,18.08384,52.80481,2.87514,4.52421,49.99,0596:41:35,1,08
16:05:14,0.18209,212.90,0.4709,18.2606,53.32095,2.87514,4.52421,49.99,0596:41:36,1,08
16:05:15,0.18267,213.10,0.47521,18.50534,54.0356,2.87514,4.52421,49.99,0596:41:37,1,08
16:05:17,0.18118,213.20,0.4722,18.247,53.28125,2.87514,4.52421,49.97,0596:41:38,1,08
16:05:18,0.18132,212.90,0.4715,18.21981,53.20185,2.87514,4.52431,49.97,0596:41:39,1,08
16:05:19,0.18331,213.00,0.47251,18.46455,53.91649,2.87514,4.52431,49.99,0596:41:41,1,08
16:05:20,0.18091,213.00,0.47144,18.17902,53.08273,2.87514,4.52431,49.99,0596:41:42,1,08
16:05:21,0.18041,213.20,0.47173,18.15182,53.00333,2.87514,4.52431,49.99,0596:41:43,1,08
16:05:22,0.182,213.20,0.47479,18.43736,53.83709,2.87514,4.52431,49.99,0596:41:43,1,08
16:05:27,0.18127,212.90,0.47168,18.247,53.28125,2.87524,4.52431,49.97,0596:41:49,1,08
16:05:28,0.1825,212.90,0.47168,18.34218,53.55917,2.87524,4.52431,49.97,0596:41:49,1,08
16:05:29,0.1815,213.00,0.47363,18.31499,53.47976,2.87524,4.52431,49.99,0596:41:51,1,08
16:05:31,0.1815,212.90,0.47082,18.20621,53.16214,2.87524,4.52431,49.97,0596:41:53,1,08
16:05:33,0.18114,213.00,0.47252,18.23341,53.24155,2.87524,4.52431,49.97,0596:41:55,1,08
16:05:35,0.18214,213.20,0.47306,18.38297,53.67828,2.87524,4.52431,49.97,0596:41:57,1,08
16:05:37,0.18123,213.10,0.47115,18.20621,53.16214,2.87524,4.52441,49.99,0596:41:59,1,08
16:05:39,0.18309,212.70,0.47209,18.39657,53.71798,2.87524,4.52441,49.96,0596:42:00,1,08
16:05:41,0.18168,212.50,0.47361,18.30139,53.44006,2.87524,4.52441,49.96,0596:42:03,1,08
16:05:45,0.18218,213.20,0.47481,18.45096,53.87679,2.87534,4.52441,49.97,0596:42:07,1,08
16:05:46,0.18191,213.40,0.47269,18.35578,53.59887,2.87534,4.52441,49.97,0596:42:08,1,08
16:05:47,0.18168,213.20,0.46985,18.21981,53.20185,2.87534,4.52441,49.97,0596:42:09,1,08
16:05:48,0.18195,213.10,0.47267,18.34218,53.55917,2.87534,4.52441,49.97,0596:42:10,1,08
16:05:50,0.18141,213.00,0.47398,18.32858,53.51946,2.87534,4.52441,49.97,0596:42:12,1,08
16:05:51,0.18141,213.00,0.47398,18.32858,53.51946,2.87534,4.52441,49.97,0596:42:13,1,08
16:05:56,0.18259,213.20,0.46927,18.2742,53.36066,2.87534,4.52451,49.97,0596:42:18,1,08
16:05:57,0.18259,213.20,0.46927,18.2742,53.36066,2.87534,4.52451,49.97,0596:42:19,1,08
16:05:58,0.18114,213.20,0.47467,18.34218,53.55917,2.87534,4.52451,49.99,0596:42:20,1,08
16:05:59,0.1799,213.30,0.47238,18.13823,52.96363,2.87534,4.52451,49.99,0596:42:21,1,08
16:06:01,0.1815,213.40,0.47088,18.247,53.28125,2.87534,4.52451,49.99,0596:42:23,1,08
16:06:05,0.18137,213.60,0.47055,18.247,53.28125,2.87545,4.52451,49.97,0596:42:27,1,08
16:06:09,0.18036,213.30,0.4721,18.17902,53.08273,2.87545,4.52451,49.96,0596:42:31,1,08
16:06:11,0.18295,213.10,0.46934,18.31499,53.47976,2.87545,4.52461,49.97,0596:42:33,1,08
16:06:12,0.17963,213.30,0.47021,18.02945,52.646,2.87545,4.52461,49.96,0596:42:34,1,08
16:06:13,0.17968,213.40,0.47378,18.17902,53.08273,2.87545,4.52461,49.96,0596:42:35,1,08
16:06:14,0.17968,213.40,0.47378,18.17902,53.08273,2.87545,4.52461,49.97,0596:42:36,1,08
16:06:15,0.18168,213.10,0.47263,18.31499,53.47976,2.87545,4.52461,49.97,0596:42:37,1,08
16:06:16,0.17948,213.20,0.47443,18.16542,53.04303,2.87545,4.52461,49.99,0596:42:38,1,08
16:06:17,0.18232,213.00,0.47621,18.50534,54.0356,2.87545,4.52461,49.99,0596:42:39,1,08
16:06:20,0.17976,213.20,0.47199,18.09744,52.84452,2.87545,4.52461,49.97,0596:42:42,1,08
16:06:25,0.18132,214.00,0.47164,18.31499,53.47976,2.87555,4.52461,49.96,0596:42:47,1,08
16:06:26,0.18036,213.80,0.47146,18.19262,53.12244,2.87555,4.52461,49.97,0596:42:48,1,08
16:06:27,0.17999,213.70,0.47173,18.15182,53.00333,2.87555,4.52461,49.97,0596:42:49,1,08
16:06:28,0.18022,213.50,0.47246,18.19262,53.12244,2.87555,4.52471,49.99,0596:42:50,1,08
16:06:30,0.17902,213.60,0.47264,18.08384,52.80481,2.87555,4.52471,49.96,0596:42:52,1,08
16:06:33,0.17884,213.90,0.47477,18.16542,53.04303,2.87555,4.52471,49.96,0596:42:55,1,08
16:06:35,0.17976,213.90,0.47739,18.36937,53.63857,2.87555,4.52471,49.96,0596:42:57,1,08
16:06:36,0.17922,213.90,0.47555,18.247,53.28125,2.87555,4.52471,49.95,0596:42:58,1,08
16:06:37,0.17871,213.80,0.47546,18.17902,53.08273,2.87555,4.52471,49.95,0596:42:59,1,08
16:06:38,0.17875,213.90,0.47441,18.15182,53.00333,2.87555,4.52471,49.97,0596:43:00,1,08
16:06:40,0.18072,214.00,0.47294,18.30139,53.44006,2.87555,4.52471,49.97,0596:43:01,1,08
16:06:43,0.17917,214.00,0.47803,18.34218,53.55917,2.87565,4.52471,49.97,0596:43:04,1,08
16:06:46,0.1793,213.90,0.47732,18.31499,53.47976,2.87565,4.52471,49.96,0596:43:07,1,08
16:06:47,0.17953,214.00,0.47702,18.34218,53.55917,2.87565,4.52481,49.99,0596:43:08,1,08
16:06:48,0.18095,213.90,0.47647,18.45096,53.87679,2.87565,4.52481,49.99,0596:43:09,1,08
16:06:51,0.17806,213.60,0.47498,18.07024,52.76511,2.87565,4.52481,49.99,0596:43:12,1,08
16:06:55,0.17958,213.70,0.4745,18.21981,53.20185,2.87565,4.52481,49.97,0596:43:16,1,08
16:06:56,0.17866,213.70,0.47367,18.09744,52.84452,2.87565,4.52481,49.97,0596:43:18,1,08
16:06:58,0.17976,213.20,0.4766,18.2742,53.36066,2.87565,4.52481,49.97,0596:43:19,1,08
16:06:59,0.18072,213.00,0.47352,18.23341,53.24155,2.87565,4.52481,49.97,0596:43:20,1,08
16:07:00,0.17889,213.00,0.47646,18.16542,53.04303,2.87565,4.52481,49.97,0596:43:21,1,08
16:07:01,0.17935,213.00,0.47511,18.16542,53.04303,2.87565,4.52481,49.99,0596:43:23,1,08
16:07:02,0.17884,213.10,0.47504,18.11103,52.88422,2.87565,4.52481,49.99,0596:43:23,1,08
16:07:03,0.17963,213.10,0.47266,18.09744,52.84452,2.87575,4.52481,49.99,0596:43:24,1,08
16:07:09,0.17902,213.20,0.47329,18.07024,52.76511,2.87575,4.52492,49.97,0596:43:30,1,08
16:07:10,0.17948,213.10,0.4769,18.247,53.28125,2.87575,4.52492,49.97,0596:43:31,1,08
16:07:12,0.17976,212.80,0.47548,18.19262,53.12244,2.87575,4.52492,49.99,0596:43:33,1,08
16:07:13,0.1805,212.50,0.47378,18.17902,53.08273,2.87575,4.52492,49.97,0596:43:35,1,08
16:07:16,0.17815,213.00,0.47602,18.08384,52.80481,2.87575,4.52492,49.97,0596:43:37,1,08
16:07:18,0.1805,212.90,0.47277,18.17902,53.08273,2.87575,4.52492,49.97,0596:43:40,1,08
16:07:25,0.17875,212.80,0.47357,18.02945,52.646,2.87585,4.52502,49.99,0596:43:47,1,08
16:07:27,0.18013,212.80,0.4773,18.30139,53.44006,2.87585,4.52502,49.97,0596:43:48,1,08
16:07:28,0.18059,212.90,0.47173,18.15182,53.00333,2.87585,4.52502,49.97,0596:43:49,1,08
16:07:30,0.18326,212.90,0.47006,18.35578,53.59887,2.87585,4.52502,49.99,0596:43:52,1,08
16:07:31,0.18137,213.10,0.47082,18.20621,53.16214,2.87585,4.52502,49.99,0596:43:53,1,08
16:07:33,0.18237,213.30,0.4717,18.35578,53.59887,2.87585,4.52502,49.96,0596:43:54,1,08
16:07:34,0.18045,213.10,0.47244,18.17902,53.08273,2.87585,4.52502,49.96,0596:43:55,1,08
16:07:35,0.1793,213.10,0.47475,18.15182,53.00333,2.87585,4.52502,49.97,0596:43:57,1,08
16:07:36,0.18118,212.80,0.47532,18.32858,53.51946,2.87585,4.52502,49.96,0596:43:58,1,08
16:07:38,0.18031,212.70,0.47803,18.34218,53.55917,2.87585,4.52502,49.99,0596:44:00,1,08
16:07:39,0.18031,212.70,0.47803,18.34218,53.55917,2.87585,4.52502,49.99,0596:44:00,1,08
16:07:40,0.17968,212.80,0.4769,18.247,53.28125,2.87585,4.52502,49.99,0596:44:02,1,08
16:07:43,0.17866,213.20,0.47575,18.13823,52.96363,2.87595,4.52512,49.99,0596:44:05,1,08
16:07:44,0.17889,213.10,0.47755,18.21981,53.20185,2.87595,4.52512,49.99,0596:44:06,1,08
16:07:46,0.17925,212.90,0.47828,18.2606,53.32095,2.87595,4.52512,50.01,0596:44:08,1,08
16:07:47,0.18022,213.00,0.47557,18.2606,53.32095,2.87595,4.52512,50.01,0596:44:09,1,08
16:07:50,0.17963,212.60,0.4758,18.17902,53.08273,2.87595,4.52512,50.01,0596:44:12,1,08
16:07:51,0.17963,212.60,0.4758,18.17902,53.08273,2.87595,4.52512,50.01,0596:44:13,1,08
16:07:52,0.17925,212.50,0.4768,18.16542,53.04303,2.87595,4.52512,50.01,0596:44:14,1,08
16:07:53,0.17884,212.60,0.47784,18.17902,53.08273,2.87595,4.52512,50.01,0596:44:15,1,08
16:07:56,0.18009,212.80,0.47766,18.31499,53.47976,2.87595,4.52512,50.01,0596:44:17,1,08
16:07:58,0.17902,213.00,0.47755,18.21981,53.20185,2.87595,4.52512,50.00,0596:44:20,1,08
16:07:59,0.17912,213.10,0.4797,18.31499,53.47976,2.87595,4.52522,50.00,0596:44:21,1,08
16:08:04,0.17884,213.00,0.47753,18.20621,53.16214,2.87605,4.52522,50.00,0596:44:26,1,08
16:08:05,0.18114,212.80,0.47567,18.34218,53.55917,2.87605,4.52522,50.00,0596:44:27,1,08
16:08:08,0.1799,212.90,0.4766,18.2742,53.36066,2.87605,4.52522,49.99,0596:44:30,1,08
16:08:11,0.18018,213.20,0.47878,18.41016,53.75768,2.87605,4.52522,49.96,0596:44:33,1,08
16:08:14,0.17884,213.60,0.47772,18.247,53.28125,2.87605,4.52522,49.97,0596:44:36,1,08
16:08:15,0.17801,213.50,0.47639,18.11103,52.88422,2.87605,4.52522,49.97,0596:44:37,1,08
16:08:16,0.17829,213.60,0.47823,18.21981,53.20185,2.87605,4.52522,49.97,0596:44:38,1,08
16:08:17,0.18068,213.50,0.47535,18.35578,53.59887,2.87605,4.52532,49.97,0596:44:39,1,08
16:08:18,0.17856,213.50,0.47755,18.21981,53.20185,2.87605,4.52532,49.97,0596:44:40,1,08
16:08:19,0.17945,213.80,0.47378,18.17902,53.08273,2.87605,4.52532,49.97,0596:44:41,1,08
16:08:22,0.17856,213.50,0.47719,18.20621,53.16214,2.87615,4.52532,49.97,0596:44:44,1,08
16:08:24,0.18109,213.50,0.47821,18.50534,54.0356,2.87615,4.52532,49.97,0596:44:46,1,08
16:08:25,0.18036,213.60,0.47989,18.49175,53.9959,2.87615,4.52532,49.97,0596:44:47,1,08
16:08:30,0.14905,212.90,0.43536,13.82802,40.37782,2.87615,4.52532,49.96,0596:44:52,1,08
16:08:31,0.14032,212.80,0.41856,12.50912,36.52664,2.87615,4.52532,49.96,0596:44:53,1,08
16:08:34,0.13565,212.90,0.41016,11.85647,34.6209,2.87615,4.52532,49.97,0596:44:55,1,08
16:08:35,0.13602,213.10,0.40994,11.88367,34.70031,2.87615,4.52532,49.97,0596:44:56,1,08
16:08:36,0.13602,213.10,0.40909,11.87007,34.6606,2.87615,4.52532,49.97,0596:44:57,1,08
16:08:37,0.13704,213.10,0.40642,11.87007,34.6606,2.87615,4.52542,49.97,0596:44:58,1,08
16:08:38,0.13734,213.20,0.40483,11.85647,34.6209,2.87615,4.52542,49.97,0596:44:59,1,08
16:08:39,0.13878,213.20,0.40257,11.91086,34.77971,2.87615,4.52542,49.97,0596:45:00,1,08
16:08:41,0.138,213.30,0.40259,11.85647,34.6209,2.87615,4.52542,49.97,0596:45:02,1,08
16:08:42,0.13734,213.20,0.40019,11.7205,34.22387,2.87615,4.52542,49.97,0596:45:03,1,08
16:08:44,0.1383,213.20,0.4023,11.87007,34.6606,2.87615,4.52542,49.97,0596:45:05,1,08
16:08:47,0.13896,213.20,0.40229,11.92446,34.81942,2.87615,4.52542,49.99,0596:45:08,1,08
16:08:49,0.14288,213.40,0.40419,12.33236,36.0105,2.87625,4.52542,49.96,0596:45:10,1,08
16:08:51,0.13985,213.50,0.40483,12.08762,35.29585,2.87625,4.52542,49.99,0596:45:12,1,08
16:08:54,0.14032,213.70,0.40345,12.10122,35.33555,2.87625,4.52542,50.00,0596:45:15,1,08
16:08:55,0.14067,213.50,0.40136,12.06043,35.21645,2.87625,4.52542,49.99,0596:45:16,1,08
16:08:56,0.14067,213.50,0.39864,11.97884,34.97823,2.87625,4.52542,49.99,0596:45:17,1,08
16:08:59,0.14084,213.30,0.4,12.01964,35.09734,2.87625,4.52552,50.00,0596:45:20,1,08
16:09:00,0.14096,213.50,0.40154,12.08762,35.29585,2.87625,4.52552,50.00,0596:45:21,1,08
16:09:01,0.14061,213.60,0.40181,12.07402,35.25615,2.87625,4.52552,49.99,0596:45:22,1,08
16:09:04,0.14037,213.30,0.4029,12.07402,35.25615,2.87625,4.52552,49.99,0596:45:25,1,08
16:09:05,0.14026,213.40,0.40327,12.07402,35.25615,2.87625,4.52552,50.01,0596:45:26,1,08
16:09:07,0.13985,213.00,0.401,11.95165,34.89882,2.87625,4.52552,49.99,0596:45:29,1,08
16:09:08,0.14037,213.00,0.40227,12.03323,35.13704,2.87625,4.52552,49.99,0596:45:29,1,08
16:09:09,0.14049,212.90,0.40364,12.07402,35.25615,2.87625,4.52552,49.99,0596:45:30,1,08
16:09:13,0.1392,213.00,0.39963,11.85647,34.6209,2.87625,4.52552,50.00,0596:45:35,1,08
16:09:14,0.13866,213.10,0.40156,11.87007,34.6606,2.87625,4.52552,50.00,0596:45:35,1,08
16:09:15,0.1389,212.90,0.40028,11.84288,34.5812,2.87625,4.52552,50.00,0596:45:36,1,08
16:09:17,0.13878,213.00,0.40074,11.85647,34.6209,2.87625,4.52552,50.00,0596:45:38,1,08
16:09:18,0.13854,213.00,0.40147,11.85647,34.6209,2.87625,4.52563,50.00,0596:45:39,1,08
16:09:19,0.13825,213.00,0.40259,11.85647,34.6209,2.87635,4.52563,50.00,0596:45:41,1,08
16:09:20,0.13764,213.10,0.40361,11.84288,34.5812,2.87635,4.52563,50.00,0596:45:42,1,08
16:09:21,0.13764,213.10,0.40361,11.84288,34.5812,2.87635,4.52563,50.00,0596:45:42,1,08
16:09:25,0.13896,212.70,0.39972,11.81568,34.50179,2.87635,4.52563,49.99,0596:45:47,1,08
16:09:28,0.13902,212.70,0.40211,11.89726,34.74001,2.87635,4.52563,49.99,0596:45:49,1,08
16:09:34,0.13854,213.10,0.40285,11.89726,34.74001,2.87635,4.52563,49.97,0596:45:55,1,08
16:09:35,0.13872,213.20,0.39982,11.82928,34.5415,2.87635,4.52563,49.96,0596:45:57,1,08
16:09:36,0.13866,212.90,0.40147,11.85647,34.6209,2.87635,4.52563,49.97,0596:45:58,1,08
16:09:37,0.13807,212.80,0.40333,11.85647,34.6209,2.87635,4.52563,49.97,0596:45:59,1,08
16:09:39,0.13842,213.00,0.40276,11.88367,34.70031,2.87635,4.52573,49.97,0596:46:01,1,08
16:09:40,0.13842,213.00,0.40276,11.88367,34.70031,2.87635,4.52573,49.97,0596:46:01,1,08
16:09:41,0.13813,213.40,0.40221,11.85647,34.6209,2.87635,4.52573,49.97,0596:46:03,1,08
16:09:43,0.13813,212.90,0.40342,11.87007,34.6606,2.87635,4.52573,49.96,0596:46:05,1,08
16:09:46,0.13753,212.90,0.40204,11.77489,34.38269,2.87635,4.52573,49.97,0596:46:07,1,08
16:09:47,0.1383,213.10,0.40314,11.88367,34.70031,2.87635,4.52573,49.97,0596:46:08,1,08
16:09:48,0.13771,213.10,0.40269,11.81568,34.50179,2.87635,4.52573,49.97,0596:46:09,1,08
16:09:51,0.13776,213.00,0.40361,11.84288,34.5812,2.87645,4.52573,49.96,0596:46:12,1,08
16:09:53,0.13795,213.00,0.40333,11.85647,34.6209,2.87645,4.52573,49.96,0596:46:14,1,08
16:09:54,0.13729,213.00,0.4052,11.85647,34.6209,2.87645,4.52573,49.96,0596:46:15,1,08
16:09:55,0.13807,213.10,0.40166,11.82928,34.5415,2.87645,4.52573,49.96,0596:46:16,1,08
16:09:56,0.13837,213.10,0.40138,11.84288,34.5812,2.87645,4.52573,49.96,0596:46:17,1,08
16:09:57,0.13759,213.50,0.40333,11.85647,34.6209,2.87645,4.52573,49.97,0596:46:19,1,08
16:09:58,0.13813,213.20,0.40221,11.85647,34.6209,2.87645,4.52573,49.97,0596:46:19,1,08
16:09:59,0.13872,213.20,0.40074,11.85647,34.6209,2.87645,4.52573,49.96,0596:46:20,1,08
16:10:02,0.13842,213.30,0.40101,11.84288,34.5812,2.87645,4.52583,49.97,0596:46:23,1,08
16:10:03,0.13872,213.00,0.40064,11.84288,34.5812,2.87645,4.52583,49.97,0596:46:25,1,08
16:10:05,0.13926,212.90,0.40009,11.87007,34.6606,2.87645,4.52583,49.96,0596:46:26,1,08
16:10:06,0.13931,212.80,0.40055,11.88367,34.70031,2.87645,4.52583,49.96,0596:46:27,1,08
16:10:09,0.13872,213.10,0.3989,11.80208,34.46209,2.87645,4.52583,49.99,0596:46:30,1,08
16:10:11,0.13842,213.00,0.40138,11.84288,34.5812,2.87645,4.52583,50.00,0596:46:32,1,08
16:10:12,0.13931,212.90,0.40192,11.92446,34.81942,2.87645,4.52583,50.00,0596:46:33,1,08
16:10:14,0.1386,213.10,0.40018,11.82928,34.5415,2.87645,4.52583,50.00,0596:46:36,1,08
16:10:17,0.13937,213.10,0.39982,11.88367,34.70031,2.87645,4.52583,50.01,0596:46:38,1,08
16:10:18,0.13854,213.20,0.39926,11.80208,34.46209,2.87645,4.52583,50.01,0596:46:39,1,08
16:10:25,0.13854,212.50,0.40028,11.78849,34.42239,2.87656,4.52593,50.04,0596:46:47,1,08
16:10:26,0.1389,212.30,0.40092,11.82928,34.5415,2.87656,4.52593,50.04,0596:46:48,1,08
16:10:27,0.1389,212.30,0.40092,11.82928,34.5415,2.87656,4.52593,50.04,0596:46:48,1,08
16:10:28,0.13926,212.50,0.39991,11.84288,34.5812,2.87656,4.52593,50.04,0596:46:49,1,08
16:10:30,0.13961,212.20,0.40138,11.89726,34.74001,2.87656,4.52593,50.03,0596:46:52,1,08
16:10:31,0.13896,212.30,0.40092,11.82928,34.5415,2.87656,4.52593,50.03,0596:46:53,1,08
16:10:33,0.13955,212.10,0.40083,11.87007,34.6606,2.87656,4.52593,50.01,0596:46:54,1,08
16:10:34,0.13638,211.90,0.40734,11.77489,34.38269,2.87656,4.52593,50.01,0596:46:55,1,08
16:10:38,0.13662,212.20,0.40909,11.87007,34.6606,2.87656,4.52593,50.00,0596:47:00,1,08
16:10:39,0.13662,212.20,0.40909,11.87007,34.6606,2.87656,4.52593,50.00,0596:47:00,1,08
16:10:40,0.13602,212.10,0.40913,11.81568,34.50179,2.87656,4.52593,49.99,0596:47:01,1,08
16:10:46,0.1362,212.00,0.41102,11.87007,34.6606,2.87656,4.52603,49.95,0596:47:08,1,08
16:10:48,0.13674,212.50,0.40973,11.91086,34.77971,2.87656,4.52603,49.95,0596:47:10,1,08
16:10:49,0.13595,212.40,0.40969,11.84288,34.5812,2.87656,4.52603,49.95,0596:47:11,1,08
16:10:51,0.13657,212.20,0.40854,11.84288,34.5812,2.87666,4.52603,49.95,0596:47:12,1,08
16:10:52,0.13644,212.40,0.40807,11.82928,34.5415,2.87666,4.52603,49.96,0596:47:14,1,08
16:10:53,0.1368,212.60,0.40701,11.84288,34.5812,2.87666,4.52603,49.96,0596:47:15,1,08
16:10:54,0.13608,212.50,0.40836,11.81568,34.50179,2.87666,4.52603,49.95,0596:47:16,1,08
16:10:56,0.1365,212.30,0.40901,11.85647,34.6209,2.87666,4.52603,49.95,0596:47:18,1,08
16:10:57,0.13788,212.30,0.40993,12.00604,35.05763,2.87666,4.52603,49.95,0596:47:18,1,08
16:10:58,0.13795,212.10,0.41357,12.10122,35.33555,2.87666,4.52603,49.95,0596:47:20,1,08
16:11:00,0.13788,211.70,0.41108,12.00604,35.05763,2.87666,4.52603,49.95,0596:47:22,1,08
16:11:01,0.13818,211.70,0.41171,12.04683,35.17673,2.87666,4.52603,49.95,0596:47:23,1,08
16:11:02,0.13825,212.00,0.41002,12.01964,35.09734,2.87666,4.52614,49.96,0596:47:24,1,08
16:11:07,0.13837,213.20,0.40876,12.06043,35.21645,2.87666,4.52614,49.96,0596:47:29,1,08
16:11:08,0.13764,212.60,0.40854,11.96525,34.93852,2.87666,4.52614,49.96,0596:47:30,1,08
16:11:09,0.13753,212.50,0.40884,11.95165,34.89882,2.87666,4.52614,49.96,0596:47:31,1,08
16:11:11,0.13783,212.10,0.40939,11.97884,34.97823,2.87666,4.52614,49.96,0596:47:33,1,08
16:11:13,0.13644,212.40,0.40947,11.87007,34.6606,2.87666,4.52614,49.97,0596:47:35,1,08
16:11:16,0.13668,212.40,0.40777,11.84288,34.5812,2.87666,4.52614,49.95,0596:47:38,1,08
16:11:17,0.13632,212.50,0.40854,11.84288,34.5812,2.87666,4.52614,49.95,0596:47:39,1,08
16:11:18,0.13541,212.60,0.40793,11.7477,34.30328,2.87666,4.52614,49.97,0596:47:40,1,08
16:11:21,0.13608,212.50,0.40883,11.82928,34.5415,2.87666,4.52614,49.97,0596:47:42,1,08
16:11:22,0.1365,212.80,0.40645,11.81568,34.50179,2.87676,4.52614,49.97,0596:47:43,1,08
16:11:23,0.13602,212.80,0.40939,11.85647,34.6209,2.87676,4.52614,49.97,0596:47:44,1,08
16:11:24,0.13595,213.00,0.40986,11.87007,34.6606,2.87676,4.52624,49.97,0596:47:45,1,08
16:11:27,0.13668,212.90,0.40756,11.87007,34.6606,2.87676,4.52624,49.97,0596:47:48,1,08
16:11:28,0.13522,212.90,0.40699,11.7205,34.22387,2.87676,4.52624,49.97,0596:47:49,1,08
16:11:32,0.13746,213.00,0.40483,11.85647,34.6209,2.87676,4.52624,49.96,0596:47:53,1,08
16:11:33,0.13926,213.10,0.40797,12.11481,35.37526,2.87676,4.52624,49.99,0596:47:54,1,08
16:11:37,0.13734,212.80,0.40465,11.82928,34.5415,2.87676,4.52624,49.96,0596:47:58,1,08
16:11:38,0.13632,212.70,0.40534,11.7613,34.34298,2.87676,4.52624,49.96,0596:47:59,1,08
16:11:39,0.13711,212.70,0.40634,11.85647,34.6209,2.87676,4.52624,49.97,0596:48:00,1,08
16:11:41,0.13753,212.80,0.40344,11.81568,34.50179,2.87676,4.52624,49.96,0596:48:02,1,08
16:11:43,0.13734,212.80,0.40558,11.85647,34.6209,2.87676,4.52624,49.96,0596:48:04,1,08
16:11:45,0.13711,212.90,0.40689,11.88367,34.70031,2.87676,4.52634,49.96,0596:48:06,1,08
16:11:46,0.13699,212.80,0.40634,11.85647,34.6209,2.87676,4.52634,49.96,0596:48:07,1,08
16:11:48,0.13692,212.60,0.4057,11.81568,34.50179,2.87676,4.52634,49.96,0596:48:09,1,08
16:11:50,0.13692,212.80,0.40672,11.85647,34.6209,2.87676,4.52634,49.97,0596:48:11,1,08
16:11:52,0.13717,212.80,0.40549,11.84288,34.5812,2.87676,4.52634,49.96,0596:48:13,1,08
16:11:53,0.13687,212.60,0.40663,11.84288,34.5812,2.87686,4.52634,49.96,0596:48:14,1,08
16:11:54,0.13668,212.80,0.40701,11.84288,34.5812,2.87686,4.52634,49.96,0596:48:15,1,08
16:12:00,0.13662,213.00,0.40663,11.84288,34.5812,2.87686,4.52634,49.97,0596:48:21,1,08
16:12:04,0.13771,212.80,0.40445,11.85647,34.6209,2.87686,4.52634,49.96,0596:48:25,1,08
16:12:05,0.13729,212.80,0.40512,11.84288,34.5812,2.87686,4.52644,49.96,0596:48:26,1,08
16:12:06,0.13668,212.80,0.40234,11.70691,34.18417,2.87686,4.52644,49.96,0596:48:27,1,08
16:12:07,0.13657,212.70,0.40739,11.84288,34.5812,2.87686,4.52644,49.96,0596:48:28,1,08
16:12:09,0.13699,212.90,0.40587,11.84288,34.5812,2.87686,4.52644,49.97,0596:48:31,1,08
16:12:11,0.13717,213.00,0.40558,11.85647,34.6209,2.87686,4.52644,49.96,0596:48:32,1,08
16:12:12,0.13722,212.80,0.40829,11.92446,34.81942,2.87686,4.52644,49.96,0596:48:33,1,08
16:12:15,0.13657,213.10,0.40701,11.84288,34.5812,2.87686,4.52644,49.97,0596:48:37,1,08
16:12:17,0.13674,213.30,0.40634,11.85647,34.6209,2.87686,4.52644,49.96,0596:48:38,1,08
16:12:22,0.13734,213.20,0.40344,11.81568,34.50179,2.87686,4.52644,49.96,0596:48:43,1,08
16:12:23,0.13687,213.30,0.40177,11.7341,34.26358,2.87696,4.52644,49.96,0596:48:44,1,08
16:12:26,0.13753,213.40,0.40278,11.82928,34.5415,2.87696,4.52654,49.97,0596:48:48,1,08
16:12:28,0.13771,213.00,0.40315,11.82928,34.5415,2.87696,4.52654,49.97,0596:48:49,1,08
16:12:30,0.13753,213.00,0.40074,11.7477,34.30328,2.87696,4.52654,49.97,0596:48:51,1,08
16:12:32,0.1383,213.40,0.40193,11.87007,34.6606,2.87696,4.52654,49.96,0596:48:54,1,08
16:12:34,0.138,213.30,0.39982,11.77489,34.38269,2.87696,4.52654,49.96,0596:48:55,1,08
16:12:35,0.14114,213.30,0.40244,12.11481,35.37526,2.87696,4.52654,49.97,0596:48:56,1,08
16:12:37,0.138,213.20,0.40305,11.87007,34.6606,2.87696,4.52654,49.96,0596:48:59,1,08
16:12:38,0.13776,213.20,0.39963,11.7477,34.30328,2.87696,4.52654,49.97,0596:49:00,1,08
16:12:39,0.13795,213.10,0.40203,11.82928,34.5415,2.87696,4.52654,49.97,0596:49:01,1,08
16:12:45,0.13854,213.30,0.40156,11.87007,34.6606,2.87696,4.52654,49.97,0596:49:07,1,08
16:12:48,0.1386,213.00,0.39917,11.78849,34.42239,2.87696,4.52664,49.96,0596:49:10,1,08
16:12:49,0.13914,212.40,0.3988,11.78849,34.42239,2.87696,4.52664,49.96,0596:49:11,1,08
16:12:57,0.13878,212.60,0.40138,11.84288,34.5812,2.87706,4.52664,49.95,0596:49:19,1,08
16:12:58,0.13914,212.70,0.40037,11.85647,34.6209,2.87706,4.52664,49.95,0596:49:19,1,08
16:13:00,0.1386,213.20,0.40064,11.84288,34.5812,2.87706,4.52664,49.96,0596:49:22,1,08
16:13:01,0.13854,213.30,0.40064,11.84288,34.5812,2.87706,4.52664,49.96,0596:49:23,1,08
16:13:02,0.1386,213.30,0.40074,11.85647,34.6209,2.87706,4.52664,49.96,0596:49:24,1,08
16:13:04,0.13783,213.10,0.40009,11.7613,34.34298,2.87706,4.52664,49.96,0596:49:26,1,08
16:13:06,0.13783,213.40,0.4025,11.84288,34.5812,2.87706,4.52664,49.96,0596:49:28,1,08
16:13:07,0.13842,213.40,0.4011,11.85647,34.6209,2.87706,4.52674,49.96,0596:49:29,1,08
16:13:08,0.14091,213.30,0.40416,12.1556,35.49436,2.87706,4.52674,49.96,0596:49:30,1,08
16:13:09,0.13813,213.40,0.40175,11.84288,34.5812,2.87706,4.52674,49.96,0596:49:31,1,08
16:13:17,0.1383,213.50,0.40101,11.84288,34.5812,2.87706,4.52674,49.97,0596:49:38,1,08
16:13:23,0.1389,213.00,0.39945,11.82928,34.5415,2.87706,4.52674,49.96,0596:49:44,1,08
16:13:28,0.13967,213.10,0.39772,11.84288,34.5812,2.87716,4.52684,49.95,0596:49:49,1,08
16:13:38,0.13943,213.10,0.39753,11.81568,34.50179,2.87716,4.52684,49.96,0596:49:59,1,08
16:13:41,0.13967,212.90,0.39854,11.85647,34.6209,2.87716,4.52684,49.97,0596:50:02,1,08
16:13:42,0.13967,212.90,0.39854,11.85647,34.6209,2.87716,4.52684,49.97,0596:50:03,1,08
16:13:43,0.13949,212.90,0.39661,11.78849,34.42239,2.87716,4.52684,49.97,0596:50:04,1,08
16:13:46,0.13955,213.00,0.39762,11.82928,34.5415,2.87716,4.52684,49.96,0596:50:07,1,08
16:13:47,0.1402,213.00,0.39718,11.87007,34.6606,2.87716,4.52684,49.97,0596:50:08,1,08
16:13:50,0.13949,212.90,0.3989,11.85647,34.6209,2.87716,4.52694,49.96,0596:50:11,1,08
16:13:51,0.13872,213.00,0.39788,11.7613,34.34298,2.87716,4.52694,49.97,0596:50:12,1,08
16:13:52,0.13955,213.10,0.39899,11.87007,34.6606,2.87716,4.52694,49.97,0596:50:13,1,08
16:13:55,0.13884,213.00,0.39936,11.81568,34.50179,2.87716,4.52694,49.97,0596:50:16,1,08
16:13:57,0.13842,213.10,0.40092,11.82928,34.5415,2.87727,4.52694,49.96,0596:50:18,1,08
16:13:58,0.13878,213.10,0.40028,11.84288,34.5812,2.87727,4.52694,49.99,0596:50:19,1,08
16:13:59,0.13849,213.00,0.40184,11.85647,34.6209,2.87727,4.52694,49.99,0596:50:21,1,08
16:14:02,0.13926,213.20,0.39881,11.84288,34.5812,2.87727,4.52694,49.96,0596:50:23,1,08
16:14:04,0.13943,213.20,0.39762,11.82928,34.5415,2.87727,4.52694,49.97,0596:50:26,1,08
16:14:05,0.13902,213.30,0.39917,11.84288,34.5812,2.87727,4.52694,49.97,0596:50:27,1,08
16:14:07,0.13949,213.20,0.39854,11.85647,34.6209,2.87727,4.52694,49.96,0596:50:28,1,08
16:14:09,0.13813,213.10,0.39982,11.77489,34.38269,2.87727,4.52704,49.96,0596:50:30,1,08
16:14:10,0.13753,212.90,0.40019,11.7205,34.22387,2.87727,4.52704,49.97,0596:50:32,1,08
16:14:11,0.13961,212.80,0.40165,11.93806,34.85912,2.87727,4.52704,49.97,0596:50:33,1,08
16:14:12,0.13961,212.80,0.40165,11.93806,34.85912,2.87727,4.52704,49.97,0596:50:33,1,08
16:14:15,0.13866,212.80,0.40055,11.82928,34.5415,2.87727,4.52704,49.96,0596:50:37,1,08
16:14:16,0.13849,212.90,0.40138,11.84288,34.5812,2.87727,4.52704,49.96,0596:50:38,1,08
16:14:21,0.13818,212.70,0.40157,11.81568,34.50179,2.87727,4.52704,49.97,0596:50:43,1,08
16:14:22,0.13825,212.90,0.40166,11.82928,34.5415,2.87727,4.52704,49.96,0596:50:44,1,08
16:14:23,0.13818,213.00,0.40166,11.82928,34.5415,2.87727,4.52704,49.96,0596:50:45,1,08
16:14:29,0.13807,212.90,0.40194,11.81568,34.50179,2.87737,4.52715,49.95,0596:50:51,1,08
16:14:31,0.13837,213.00,0.40175,11.84288,34.5812,2.87737,4.52715,49.96,0596:50:52,1,08
16:14:34,0.1383,212.80,0.40259,11.85647,34.6209,2.87737,4.52715,49.96,0596:50:56,1,08
16:14:36,0.13866,212.80,0.39917,11.78849,34.42239,2.87737,4.52715,49.96,0596:50:57,1,08
16:14:37,0.13902,212.80,0.39982,11.82928,34.5415,2.87737,4.52715,49.96,0596:50:59,1,08
16:14:40,0.13943,213.20,0.39717,11.81568,34.50179,2.87737,4.52715,49.97,0596:51:02,1,08
16:14:41,0.14131,213.10,0.40208,12.11481,35.37526,2.87737,4.52715,49.97,0596:51:03,1,08
16:14:42,0.14008,213.00,0.40027,11.95165,34.89882,2.87737,4.52715,49.96,0596:51:03,1,08
16:14:48,0.13878,213.00,0.39972,11.81568,34.50179,2.87737,4.52715,49.99,0596:51:09,1,08
16:14:50,0.13926,213.30,0.3989,11.85647,34.6209,2.87737,4.52725,49.96,0596:51:11,1,08
16:14:51,0.13866,213.20,0.39982,11.82928,34.5415,2.87737,4.52725,49.97,0596:51:12,1,08
16:14:52,0.13866,213.00,0.40009,11.81568,34.50179,2.87737,4.52725,49.97,0596:51:13,1,08
16:14:53,0.13931,212.80,0.39826,11.81568,34.50179,2.87737,4.52725,49.96,0596:51:14,1,08
16:14:56,0.13776,212.90,0.39991,11.7341,34.26358,2.87737,4.52725,49.96,0596:51:17,1,08
16:14:57,0.13878,212.90,0.40248,11.89726,34.74001,2.87737,4.52725,49.97,0596:51:18,1,08
16:15:00,0.1392,212.90,0.40046,11.87007,34.6606,2.87747,4.52725,49.96,0596:51:21,1,08
16:15:01,0.13872,213.00,0.4011,11.85647,34.6209,2.87747,4.52725,49.97,0596:51:22,1,08
16:15:02,0.13746,213.00,0.40111,11.7477,34.30328,2.87747,4.52725,49.97,0596:51:23,1,08
16:15:04,0.13783,212.90,0.40231,11.81568,34.50179,2.87747,4.52725,49.96,0596:51:25,1,08
16:15:05,0.13896,213.00,0.39991,11.84288,34.5812,2.87747,4.52725,49.96,0596:51:26,1,08
16:15:08,0.138,213.00,0.40157,11.81568,34.50179,2.87747,4.52725,49.97,0596:51:29,1,08
16:15:09,0.13807,212.80,0.40287,11.84288,34.5812,2.87747,4.52725,49.96,0596:51:30,1,08
16:15:11,0.13717,212.70,0.40401,11.78849,34.42239,2.87747,4.52735,49.96,0596:51:32,1,08
16:15:12,0.13854,212.70,0.40314,11.88367,34.70031,2.87747,4.52735,49.96,0596:51:33,1,08
16:15:14,0.13783,212.80,0.40315,11.82928,34.5415,2.87747,4.52735,49.97,0596:51:35,1,08
16:15:18,0.13741,213.40,0.40315,11.82928,34.5415,2.87747,4.52735,49.96,0596:51:39,1,08
16:15:19,0.13704,213.20,0.40233,11.7613,34.34298,2.87747,4.52735,49.96,0596:51:40,1,08
16:15:20,0.13704,213.20,0.40233,11.7613,34.34298,2.87747,4.52735,49.96,0596:51:41,1,08
16:15:24,0.13722,213.10,0.40427,11.82928,34.5415,2.87747,4.52735,49.96,0596:51:45,1,08
16:15:25,0.13741,213.10,0.4039,11.82928,34.5415,2.87747,4.52735,49.96,0596:51:46,1,08
16:15:26,0.13741,213.10,0.4039,11.82928,34.5415,2.87747,4.52735,49.96,0596:51:47,1,08
16:15:28,0.19016,213.00,0.49329,19.9874,58.36321,2.87757,4.52735,49.97,0596:51:49,1,08
16:15:30,0.18456,212.90,0.48582,19.10361,55.78253,2.87757,4.52745,49.96,0596:51:51,1,08
16:15:31,0.19765,212.90,0.49225,20.73523,60.54687,2.87757,4.52745,49.96,0596:51:52,1,08
16:15:32,0.19765,212.90,0.49225,20.73523,60.54687,2.87757,4.52745,49.96,0596:51:53,1,08
16:15:33,0.20186,212.80,0.49494,21.26551,62.09529,2.87757,4.52745,49.96,0596:51:54,1,08
16:15:35,0.2019,212.80,0.49589,21.31989,62.25409,2.87757,4.52745,49.96,0596:51:56,1,08
16:15:36,0.20211,212.70,0.49621,21.34709,62.3335,2.87757,4.52745,49.96,0596:51:57,1,08
16:15:37,0.20162,212.60,0.49271,21.14314,61.73796,2.87757,4.52745,49.97,0596:51:58,1,08
16:15:39,0.20125,212.50,0.49777,21.2927,62.17469,2.87757,4.52745,49.96,0596:52:00,1,08
16:15:40,0.20231,212.50,0.49684,21.37428,62.41291,2.87757,4.52745,49.96,0596:52:01,1,08
16:15:41,0.2017,212.60,0.4943,21.21112,61.93648,2.87757,4.52745,49.96,0596:52:02,1,08
16:15:45,0.20511,212.50,0.49813,21.7278,63.44518,2.87767,4.52745,49.96,0596:52:06,1,08
16:15:47,0.20337,212.10,0.49464,21.34709,62.3335,2.87767,4.52755,49.97,0596:52:08,1,08
16:15:48,0.20178,212.10,0.49651,21.26551,62.09529,2.87767,4.52755,49.97,0596:52:09,1,08
16:15:49,0.203,212.20,0.5,21.55104,62.92904,2.87767,4.52755,49.95,0596:52:10,1,08
16:15:50,0.203,212.20,0.5,21.55104,62.92904,2.87767,4.52755,49.95,0596:52:11,1,08
16:15:51,0.20186,212.40,0.4962,21.2791,62.13499,2.87767,4.52755,49.97,0596:52:12,1,08
16:15:52,0.20162,212.20,0.49619,21.23832,62.01588,2.87767,4.52755,49.97,0596:52:13,1,08
16:15:54,0.20211,212.10,0.50127,21.51025,62.80993,2.87767,4.52755,49.96,0596:52:15,1,08
16:15:55,0.20174,212.20,0.49873,21.36069,62.37321,2.87767,4.52755,49.96,0596:52:17,1,08
16:15:56,0.20174,212.20,0.49873,21.36069,62.37321,2.87767,4.52755,49.96,0596:52:17,1,08
16:15:57,0.20227,212.50,0.49968,21.49665,62.77023,2.87767,4.52755,49.96,0596:52:18,1,08
16:15:58,0.20178,212.60,0.49842,21.38788,62.45261,2.87767,4.52755,49.96,0596:52:19,1,08
16:16:01,0.20195,213.30,0.49558,21.36069,62.37321,2.87767,4.52755,49.97,0596:52:23,1,08
16:16:04,0.19948,213.30,0.49681,21.15673,61.77766,2.87778,4.52766,49.96,0596:52:25,1,08
16:16:05,0.20199,213.30,0.49496,21.34709,62.3335,2.87778,4.52766,49.96,0596:52:26,1,08
16:16:06,0.20317,213.40,0.49436,21.44227,62.61142,2.87778,4.52766,49.96,0596:52:28,1,08
16:16:07,0.20174,213.40,0.4959,21.36069,62.37321,2.87778,4.52766,49.96,0596:52:29,1,08
16:16:09,0.20341,213.30,0.49655,21.55104,62.92904,2.87778,4.52766,49.97,0596:52:30,1,08
16:16:14,0.20223,212.90,0.49653,21.38788,62.45261,2.87778,4.52766,49.96,0596:52:35,1,08
16:16:15,0.2017,213.00,0.49494,21.2791,62.13499,2.87778,4.52766,49.96,0596:52:36,1,08
16:16:16,0.20373,213.00,0.49875,21.65982,63.24667,2.87778,4.52766,49.96,0596:52:37,1,08
16:16:20,0.20369,212.90,0.49311,21.40148,62.49231,2.87788,4.52766,49.96,0596:52:41,1,08
16:16:22,0.20203,212.80,0.49336,21.22472,61.97618,2.87788,4.52776,49.96,0596:52:44,1,08
16:16:25,0.2087,212.70,0.49633,22.05413,64.39805,2.87788,4.52776,49.96,0596:52:46,1,08
16:16:26,0.20691,212.90,0.49599,21.86377,63.84221,2.87788,4.52776,49.96,0596:52:47,1,08
16:16:28,0.22274,212.90,0.50372,23.9033,69.79764,2.87788,4.52776,49.96,0596:52:50,1,08
16:16:29,0.22091,212.70,0.50029,23.52259,68.68597,2.87788,4.52776,49.96,0596:52:51,1,08
16:16:31,0.22248,212.80,0.50201,23.78093,69.44032,2.87788,4.52776,49.96,0596:52:52,1,08
16:16:33,0.22902,212.80,0.50446,24.61034,71.8622,2.87788,4.52776,49.96,0596:52:55,1,08
16:16:41,0.23103,212.80,0.50608,24.89587,72.69595,2.87798,4.52786,49.97,0596:53:02,1,08
16:16:43,0.22942,213.10,0.50695,24.8007,72.41803,2.87798,4.52786,49.97,0596:53:04,1,08
16:16:47,0.24443,213.10,0.50339,26.24196,76.62653,2.87798,4.52786,49.99,0596:53:08,1,08
16:16:48,0.24449,213.10,0.5073,26.45951,77.26178,2.87798,4.52786,49.99,0596:53:09,1,08
16:16:50,0.24321,213.10,0.50708,26.29635,76.78535,2.87808,4.52786,49.97,0596:53:10,1,08
16:16:51,0.24382,213.20,0.50549,26.29635,76.78535,2.87808,4.52786,49.99,0596:53:12,1,08
16:16:53,0.24433,213.20,0.5073,26.44592,77.22208,2.87808,4.52796,49.97,0596:53:14,1,08
16:16:56,0.24403,213.10,0.50784,26.41872,77.14268,2.87808,4.52796,49.97,0596:53:17,1,08
16:16:59,0.24409,213.20,0.50862,26.48671,77.34119,2.87808,4.52796,49.97,0596:53:20,1,08
16:17:00,0.24376,213.20,0.50523,26.28275,76.74564,2.87808,4.52796,49.97,0596:53:21,1,08
16:17:01,0.24307,213.30,0.50445,26.17398,76.42802,2.87808,4.52796,49.97,0596:53:22,1,08
16:17:04,0.24233,213.10,0.50684,26.18758,76.46773,2.87818,4.52796,49.96,0596:53:25,1,08
16:17:06,0.2413,212.90,0.50106,25.76607,75.23694,2.87818,4.52806,49.96,0596:53:27,1,08
16:17:09,0.26459,213.30,0.50602,28.58062,83.45542,2.87818,4.52806,49.97,0596:53:30,1,08
16:17:10,0.26538,213.30,0.5036,28.52624,83.29662,2.87818,4.52806,49.97,0596:53:31,1,08
16:17:17,0.2655,212.90,0.50457,28.53983,83.33631,2.87828,4.52806,49.96,0596:53:38,1,08
16:17:18,0.26566,212.90,0.50649,28.66221,83.69365,2.87828,4.52806,49.96,0596:53:39,1,08
16:17:19,0.26618,213.10,0.50599,28.71659,83.85246,2.87828,4.52817,49.97,0596:53:40,1,08
16:17:20,0.26643,213.20,0.50455,28.6758,83.73335,2.87828,4.52817,49.97,0596:53:41,1,08
16:17:22,0.2655,213.20,0.50744,28.74379,83.93186,2.87828,4.52817,49.97,0596:53:43,1,08
16:17:24,0.26425,213.10,0.50507,28.45825,83.0981,2.87828,4.52817,49.96,0596:53:45,1,08
16:17:26,0.26519,213.20,0.50529,28.58062,83.45542,2.87828,4.52817,49.97,0596:53:47,1,08
16:17:27,0.26509,213.10,0.50577,28.59422,83.49513,2.87828,4.52817,49.99,0596:53:48,1,08
16:17:29,0.2668,213.20,0.50549,28.77098,84.01127,2.87838,4.52817,49.97,0596:53:50,1,08
16:17:30,0.26807,213.00,0.50405,28.79818,84.09068,2.87838,4.52817,49.97,0596:53:51,1,08
16:17:31,0.26566,212.90,0.50624,28.66221,83.69365,2.87838,4.52817,49.96,0596:53:52,1,08
16:17:32,0.26566,212.90,0.50624,28.66221,83.69365,2.87838,4.52817,49.96,0596:53:53,1,08
16:17:33,0.26634,212.80,0.50383,28.58062,83.45542,2.87838,4.52827,49.96,0596:53:54,1,08
16:17:34,0.2659,212.80,0.50529,28.56703,83.41573,2.87838,4.52827,49.96,0596:53:55,1,08
16:17:36,0.26509,212.60,0.50844,28.6758,83.73335,2.87838,4.52827,49.96,0596:53:57,1,08
16:17:37,0.2619,212.80,0.49927,27.84639,81.31147,2.87838,4.52827,49.97,0596:53:58,1,08
16:17:38,0.2619,212.80,0.49927,27.84639,81.31147,2.87838,4.52827,49.97,0596:53:59,1,08
16:17:41,0.13937,212.50,0.40183,11.91086,34.77971,2.87838,4.52827,49.97,0596:54:02,1,08
16:17:42,0.1383,212.50,0.40009,11.7613,34.34298,2.87838,4.52827,49.97,0596:54:03,1,08
16:17:45,0.13937,212.50,0.40138,11.89726,34.74001,2.87838,4.52827,49.97,0596:54:06,1,08
16:17:46,0.13902,212.30,0.40101,11.84288,34.5812,2.87838,4.52827,49.97,0596:54:07,1,08
16:17:47,0.13908,212.60,0.40211,11.89726,34.74001,2.87848,4.52827,49.96,0596:54:08,1,08
16:17:48,0.13837,212.70,0.40351,11.88367,34.70031,2.87848,4.52827,49.96,0596:54:09,1,08
16:17:53,0.13783,213.10,0.40417,11.87007,34.6606,2.87848,4.52837,49.96,0596:54:14,1,08
16:17:54,0.13849,213.10,0.40239,11.88367,34.70031,2.87848,4.52837,49.96,0596:54:15,1,08
16:18:00,0.13818,213.50,0.39723,11.7205,34.22387,2.87848,4.52837,49.95,0596:54:21,1,08
16:18:02,0.13896,213.20,0.39908,11.82928,34.5415,2.87848,4.52837,49.95,0596:54:23,1,08
16:18:04,0.13996,213.30,0.39891,11.91086,34.77971,2.87848,4.52837,49.95,0596:54:25,1,08
16:18:07,0.14003,213.30,0.39854,11.91086,34.77971,2.87848,4.52837,49.96,0596:54:29,1,08
16:18:08,0.13908,213.20,0.39917,11.84288,34.5812,2.87848,4.52837,49.96,0596:54:29,1,08
16:18:10,0.13943,213.30,0.39854,11.85647,34.6209,2.87848,4.52847,49.95,0596:54:31,1,08
16:18:12,0.13866,213.40,0.40129,11.88367,34.70031,2.87848,4.52847,49.96,0596:54:33,1,08
16:18:13,0.13866,213.70,0.40092,11.88367,34.70031,2.87848,4.52847,49.96,0596:54:35,1,08
16:18:14,0.13949,213.60,0.39827,11.87007,34.6606,2.87848,4.52847,49.96,0596:54:35,1,08
16:18:18,0.13818,213.00,0.40166,11.82928,34.5415,2.87859,4.52847,49.95,0596:54:40,1,08
16:18:22,0.13866,213.40,0.40037,11.85647,34.6209,2.87859,4.52847,49.95,0596:54:43,1,08
16:18:24,0.13866,213.10,0.40294,11.91086,34.77971,2.87859,4.52847,49.96,0596:54:46,1,08
16:18:25,0.13788,213.10,0.40055,11.77489,34.38269,2.87859,4.52847,49.96,0596:54:47,1,08
16:18:29,0.138,213.20,0.40305,11.87007,34.6606,2.87859,4.52847,49.96,0596:54:51,1,08
16:18:30,0.13825,213.10,0.40175,11.84288,34.5812,2.87859,4.52857,49.95,0596:54:52,1,08
16:18:32,0.13813,213.10,0.40305,11.87007,34.6606,2.87859,4.52857,49.95,0596:54:53,1,08
16:18:35,0.13884,213.20,0.40129,11.88367,34.70031,2.87859,4.52857,49.96,0596:54:57,1,08
16:18:38,0.13896,212.80,0.40119,11.87007,34.6606,2.87859,4.52857,49.95,0596:54:58,1,08
16:18:42,0.13884,212.80,0.40202,11.88367,34.70031,2.87859,4.52857,49.97,0596:55:03,1,08
16:18:43,0.13783,212.80,0.39991,11.7341,34.26358,2.87859,4.52857,49.96,0596:55:04,1,08
16:18:44,0.13961,212.70,0.40201,11.93806,34.85912,2.87859,4.52857,49.96,0596:55:04,1,08
16:18:45,0.1383,212.90,0.40305,11.87007,34.6606,2.87859,4.52857,49.95,0596:55:05,1,08
16:18:47,0.13854,213.10,0.40101,11.84288,34.5812,2.87859,4.52857,49.96,0596:55:08,1,08
16:18:48,0.13949,213.10,0.40037,11.91086,34.77971,2.87869,4.52857,49.96,0596:55:09,1,08
16:18:51,0.13866,213.00,0.40202,11.88367,34.70031,2.87869,4.52867,49.96,0596:55:12,1,08
16:18:54,0.14155,213.10,0.40045,12.08762,35.29585,2.87869,4.52867,49.96,0596:55:15,1,08
16:18:57,0.13943,213.20,0.40265,11.97884,34.97823,2.87869,4.52867,49.96,0596:55:18,1,08
16:18:58,0.13955,213.00,0.39936,11.87007,34.6606,2.87869,4.52867,49.96,0596:55:19,1,08
16:19:00,0.1389,213.00,0.40165,11.88367,34.70031,2.87869,4.52867,49.96,0596:55:21,1,08
16:19:02,0.13884,213.30,0.39899,11.81568,34.50179,2.87869,4.52867,49.96,0596:55:22,1,08
16:19:03,0.13967,213.30,0.39872,11.88367,34.70031,2.87869,4.52867,49.96,0596:55:24,1,08
16:19:04,0.1389,213.50,0.40101,11.89726,34.74001,2.87869,4.52867,49.96,0596:55:25,1,08
16:19:05,0.1383,213.60,0.40156,11.87007,34.6606,2.87869,4.52867,49.97,0596:55:26,1,08
16:19:08,0.13825,213.50,0.40193,11.87007,34.6606,2.87869,4.52867,49.97,0596:55:29,1,08
16:19:10,0.13842,213.20,0.40239,11.88367,34.70031,2.87869,4.52867,49.96,0596:55:31,1,08
16:19:11,0.13783,213.10,0.40055,11.77489,34.38269,2.87869,4.52877,49.96,0596:55:32,1,08
16:19:16,0.13866,212.90,0.40285,11.89726,34.74001,2.87869,4.52877,49.96,0596:55:37,1,08
16:19:17,0.13807,212.90,0.40379,11.87007,34.6606,2.87869,4.52877,49.95,0596:55:38,1,08
16:19:18,0.13764,212.90,0.40399,11.84288,34.5812,2.87879,4.52877,49.95,0596:55:39,1,08
16:19:19,0.13699,213.00,0.40401,11.78849,34.42239,2.87879,4.52877,49.96,0596:55:40,1,08
16:19:20,0.13699,213.00,0.40401,11.78849,34.42239,2.87879,4.52877,49.96,0596:55:41,1,08
16:19:21,0.13788,213.00,0.40287,11.84288,34.5812,2.87879,4.52877,49.95,0596:55:42,1,08
16:19:23,0.13795,213.20,0.40203,11.82928,34.5415,2.87879,4.52877,49.95,0596:55:44,1,08
16:19:24,0.1383,213.00,0.40268,11.87007,34.6606,2.87879,4.52877,49.95,0596:55:45,1,08
16:19:25,0.13813,213.10,0.40305,11.87007,34.6606,2.87879,4.52877,49.95,0596:55:46,1,08
16:19:26,0.13813,213.10,0.40305,11.87007,34.6606,2.87879,4.52877,49.95,0596:55:47,1,08
16:19:27,0.13759,213.10,0.40408,11.85647,34.6209,2.87879,4.52877,49.95,0596:55:48,1,08
16:19:28,0.138,213.40,0.40305,11.87007,34.6606,2.87879,4.52877,49.95,0596:55:49,1,08
16:19:29,0.13795,213.40,0.40212,11.84288,34.5812,2.87879,4.52877,49.95,0596:55:50,1,08
16:19:30,0.13837,213.40,0.40101,11.84288,34.5812,2.87879,4.52877,49.95,0596:55:51,1,08
16:19:31,0.13764,213.30,0.40324,11.84288,34.5812,2.87879,4.52877,49.95,0596:55:52,1,08
16:19:35,0.13842,213.20,0.39917,11.78849,34.42239,2.87879,4.52888,49.97,0596:55:56,1,08
16:19:45,0.13783,212.80,0.40408,11.85647,34.6209,2.87879,4.52888,49.96,0596:56:06,1,08
16:19:47,0.13753,212.90,0.40576,11.88367,34.70031,2.87879,4.52888,49.96,0596:56:08,1,08
16:19:48,0.13711,212.80,0.4068,11.87007,34.6606,2.87889,4.52888,49.96,0596:56:09,1,08
16:19:51,0.13734,212.80,0.40558,11.85647,34.6209,2.87889,4.52888,49.96,0596:56:12,1,08
16:19:52,0.13746,212.80,0.40474,11.84288,34.5812,2.87889,4.52888,49.96,0596:56:13,1,08
16:19:55,0.13674,212.70,0.40701,11.84288,34.5812,2.87889,4.52898,49.96,0596:56:16,1,08
16:19:57,0.13704,212.30,0.40841,11.88367,34.70031,2.87889,4.52898,49.96,0596:56:18,1,08
16:19:58,0.13776,212.20,0.40558,11.85647,34.6209,2.87889,4.52898,49.96,0596:56:19,1,08
16:20:04,0.21949,211.90,0.5038,23.4546,68.48744,2.87889,4.52898,49.96,0596:56:25,1,08
16:20:07,0.20235,212.10,0.49683,21.33349,62.2938,2.87889,4.52898,49.97,0596:56:29,1,08
16:20:08,0.2041,212.20,0.49718,21.53745,62.88935,2.87889,4.52898,49.97,0596:56:29,1,08
16:20:09,0.20284,212.30,0.49684,21.40148,62.49231,2.87889,4.52898,49.96,0596:56:30,1,08
16:20:10,0.20207,212.10,0.49841,21.37428,62.41291,2.87899,4.52898,49.96,0596:56:31,1,08
16:20:11,0.21547,212.00,0.4994,22.82915,66.66112,2.87899,4.52908,49.96,0596:56:32,1,08
16:20:12,0.22009,212.00,0.50582,23.61777,68.96388,2.87899,4.52908,49.96,0596:56:33,1,08
16:20:14,0.22121,212.00,0.50435,23.67216,69.1227,2.87899,4.52908,49.96,0596:56:35,1,08
16:20:15,0.22121,212.10,0.5055,23.74014,69.32121,2.87899,4.52908,49.96,0596:56:36,1,08
16:20:19,0.21998,212.30,0.50175,23.44101,68.44775,2.87899,4.52908,49.95,0596:56:41,1,08
16:20:25,0.22612,212.40,0.50736,24.37919,71.18724,2.87909,4.52908,49.96,0596:56:47,1,08
16:20:26,0.22652,212.30,0.50452,24.28401,70.90932,2.87909,4.52918,49.96,0596:56:47,1,08
16:20:27,0.22674,212.40,0.50734,24.44718,71.38577,2.87909,4.52918,49.96,0596:56:48,1,08
16:20:28,0.22837,212.60,0.50588,24.56955,71.74309,2.87909,4.52918,49.96,0596:56:49,1,08
16:20:29,0.22754,212.70,0.50561,24.48797,71.50487,2.87909,4.52918,49.95,0596:56:50,1,08
16:20:34,0.22909,212.70,0.50725,24.73271,72.21951,2.87909,4.52918,49.96,0596:56:54,1,08
16:20:35,0.22881,212.50,0.50671,24.65113,71.9813,2.87909,4.52918,49.96,0596:56:55,1,08
16:20:43,0.22952,212.60,0.50668,24.74631,72.25922,2.87919,4.52928,49.96,0596:57:04,1,08
16:20:45,0.2302,212.50,0.50778,24.85508,72.57684,2.87919,4.52928,49.96,0596:57:05,1,08
16:20:46,0.2292,212.70,0.50669,24.71911,72.17982,2.87919,4.52928,49.95,0596:57:06,1,08
16:20:47,0.22786,212.80,0.50813,24.65113,71.9813,2.87919,4.52928,49.96,0596:57:08,1,08
16:20:48,0.22826,212.80,0.5042,24.50156,71.54456,2.87919,4.52928,49.96,0596:57:09,1,08
16:20:49,0.22888,212.80,0.50558,24.65113,71.9813,2.87919,4.52928,49.97,0596:57:10,1,08
16:20:52,0.22805,212.90,0.50727,24.65113,71.9813,2.87919,4.52928,49.95,0596:57:12,1,08
16:20:53,0.24304,213.00,0.50814,26.32355,76.86475,2.87919,4.52928,49.96,0596:57:14,1,08
16:20:56,0.24348,213.30,0.50706,26.35074,76.94415,2.8793,4.52928,49.97,0596:57:17,1,08
16:20:58,0.24376,213.00,0.50654,26.32355,76.86475,2.8793,4.52938,49.96,0596:57:19,1,08
16:20:59,0.24107,213.10,0.50608,26.01082,75.95158,2.8793,4.52938,49.96,0596:57:20,1,08
16:21:01,0.24297,213.50,0.50393,26.16038,76.38831,2.8793,4.52938,49.96,0596:57:22,1,08
16:21:03,0.24392,213.50,0.50705,26.41872,77.14268,2.8793,4.52938,49.96,0596:57:23,1,08
16:21:04,0.24199,213.40,0.50579,26.14678,76.34861,2.8793,4.52938,49.96,0596:57:25,1,08
16:21:05,0.24396,213.40,0.50653,26.37793,77.02356,2.8793,4.52938,49.95,0596:57:26,1,08
16:21:06,0.24318,213.40,0.5055,26.25556,76.66624,2.8793,4.52938,49.95,0596:57:27,1,08
16:21:07,0.24273,213.40,0.50787,26.32355,76.86475,2.8793,4.52938,49.96,0596:57:28,1,08
16:21:09,0.24223,213.50,0.5021,25.98362,75.87218,2.8793,4.52938,49.95,0596:57:30,1,08
16:21:10,0.24611,213.60,0.50698,26.66347,77.85733,2.8794,4.52938,49.95,0596:57:31,1,08
16:21:13,0.24223,213.30,0.505,26.106,76.22951,2.8794,4.52949,49.96,0596:57:34,1,08
16:21:17,0.24473,213.00,0.5073,26.47311,77.30148,2.8794,4.52949,49.97,0596:57:38,1,08
16:21:18,0.24598,212.90,0.50571,26.5139,77.42059,2.8794,4.52949,49.97,0596:57:39,1,08
16:21:21,0.2447,212.80,0.50652,26.39153,77.06326,2.8794,4.52949,49.95,0596:57:42,1,08
16:21:23,0.24361,212.90,0.51021,26.48671,77.34119,2.8795,4.52949,49.96,0596:57:44,1,08
16:21:24,0.24205,213.20,0.50869,26.26916,76.70593,2.8795,4.52949,49.96,0596:57:45,1,08
16:21:28,0.24453,213.00,0.50704,26.43232,77.18237,2.8795,4.52959,49.97,0596:57:49,1,08
16:21:32,0.2428,213.30,0.50787,26.32355,76.86475,2.8795,4.52959,49.97,0596:57:53,1,08
16:21:33,0.24219,213.30,0.50842,26.28275,76.74564,2.8795,4.52959,49.96,0596:57:54,1,08
16:21:35,0.24154,213.10,0.50792,26.16038,76.38831,2.8795,4.52959,49.96,0596:57:56,1,08
16:21:36,0.24321,212.90,0.50813,26.33714,76.90446,2.8795,4.52959,49.96,0596:57:57,1,08
16:21:37,0.24358,212.70,0.50839,26.36434,76.98386,2.8796,4.52959,49.96,0596:57:58,1,08
16:21:38,0.24065,212.80,0.50717,25.98362,75.87218,2.8796,4.52959,49.96,0596:57:59,1,08
16:21:39,0.24466,212.90,0.50678,26.41872,77.14268,2.8796,4.52959,49.96,0596:58:00,1,08
16:21:40,0.24625,212.90,0.50492,26.5003,77.38089,2.8796,4.52969,49.96,0596:58:01,1,08
16:21:41,0.24379,213.10,0.50628,26.32355,76.86475,2.8796,4.52969,49.95,0596:58:02,1,08
16:21:43,0.24192,213.40,0.51132,26.41872,77.14268,2.8796,4.52969,49.96,0596:58:04,1,08
16:21:45,0.24123,213.20,0.50528,26.01082,75.95158,2.8796,4.52969,49.96,0596:58:06,1,08
16:21:46,0.24304,213.30,0.50943,26.43232,77.18237,2.8796,4.52969,49.96,0596:58:07,1,08
16:21:47,0.24089,213.30,0.51032,26.22836,76.58683,2.8796,4.52969,49.96,0596:58:08,1,08
16:21:48,0.24117,213.40,0.51214,26.37793,77.02356,2.8796,4.52969,49.96,0596:58:09,1,08
16:21:51,0.24215,213.30,0.51,26.35074,76.94415,2.8797,4.52969,49.96,0596:58:12,1,08
16:21:52,0.24246,213.20,0.50789,26.26916,76.70593,2.8797,4.52969,49.96,0596:58:13,1,08
16:21:55,0.24297,213.30,0.50629,26.25556,76.66624,2.8797,4.52979,49.95,0596:58:16,1,08
16:21:56,0.24372,213.50,0.50548,26.32355,76.86475,2.8797,4.52979,49.95,0596:58:17,1,08
16:21:57,0.24246,213.50,0.51207,26.5275,77.4603,2.8797,4.52979,49.97,0596:58:18,1,08
16:21:59,0.24352,213.10,0.50812,26.39153,77.06326,2.8797,4.52979,49.96,0596:58:20,1,08
16:22:01,0.18064,213.20,0.45907,17.68953,51.65343,2.8797,4.52979,49.95,0596:58:22,1,08
16:22:03,0.14056,213.30,0.40571,12.1692,35.53407,2.8797,4.52979,49.96,0596:58:24,1,08
16:22:04,0.1386,213.30,0.40211,11.89726,34.74001,2.8797,4.52979,49.96,0596:58:25,1,08
16:22:06,0.13818,213.10,0.40452,11.92446,34.81942,2.8797,4.52979,49.96,0596:58:27,1,08
16:22:07,0.1412,213.00,0.4028,12.11481,35.37526,2.8797,4.52979,49.96,0596:58:28,1,08
16:22:08,0.14557,212.90,0.41228,12.78106,37.32069,2.8798,4.52979,49.96,0596:58:29,1,08
16:22:10,0.17487,213.20,0.46611,17.3904,50.77996,2.8798,4.52979,49.96,0596:58:31,1,08
16:22:11,0.18109,213.20,0.46761,18.05664,52.7254,2.8798,4.52989,49.96,0596:58:32,1,08
16:22:14,0.18168,212.70,0.47117,18.21981,53.20185,2.8798,4.52989,49.96,0596:58:35,1,08
16:22:20,0.18227,212.80,0.47197,18.31499,53.47976,2.8798,4.52989,49.96,0596:58:41,1,08
16:22:21,0.1829,212.60,0.47065,18.31499,53.47976,2.8798,4.52989,49.96,0596:58:42,1,08
16:22:22,0.18004,212.50,0.46911,17.96147,52.44749,2.8798,4.52989,49.96,0596:58:43,1,08
16:22:23,0.18214,212.40,0.47294,18.30139,53.44006,2.8798,4.52989,49.96,0596:58:44,1,08
16:22:28,0.18222,213.10,0.47271,18.36937,53.63857,2.8798,4.52989,49.96,0596:58:48,1,08
16:22:32,0.18187,213.20,0.47407,18.39657,53.71798,2.8799,4.52999,49.97,0596:58:53,1,08
16:22:33,0.18187,213.20,0.47407,18.39657,53.71798,2.8799,4.52999,49.97,0596:58:53,1,08
16:22:34,0.18054,213.40,0.47073,18.15182,53.00333,2.8799,4.52999,49.97,0596:58:54,1,08
16:22:35,0.18227,213.30,0.47205,18.36937,53.63857,2.8799,4.52999,49.97,0596:58:55,1,08
16:22:39,0.18137,213.10,0.47257,18.2742,53.36066,2.8799,4.52999,49.96,0596:58:59,1,08
16:22:43,0.18082,212.60,0.47208,18.16542,53.04303,2.8799,4.52999,49.96,0596:59:04,1,08
16:22:44,0.18082,212.60,0.47208,18.16542,53.04303,2.8799,4.52999,49.96,0596:59:04,1,08
16:22:46,0.18264,212.20,0.46809,18.15182,53.00333,2.8799,4.52999,49.96,0596:59:06,1,08
16:22:47,0.18082,212.20,0.4699,18.04305,52.6857,2.8799,4.53009,49.96,0596:59:08,1,08
16:22:48,0.18282,212.20,0.47304,18.36937,53.63857,2.8799,4.53009,49.96,0596:59:09,1,08
16:22:51,0.18317,212.80,0.47073,18.36937,53.63857,2.88,4.53009,49.96,0596:59:11,1,08
16:22:52,0.18164,212.70,0.47011,18.17902,53.08273,2.88,4.53009,49.96,0596:59:12,1,08
16:22:53,0.18145,212.70,0.46972,18.13823,52.96363,2.88,4.53009,49.96,0596:59:14,1,08
16:22:54,0.181,212.90,0.4665,17.98866,52.5269,2.88,4.53009,49.96,0596:59:15,1,08
16:22:56,0.18145,212.90,0.4715,18.21981,53.20185,2.88,4.53009,49.97,0596:59:16,1,08
16:22:57,0.18218,212.90,0.47232,18.32858,53.51946,2.88,4.53009,49.96,0596:59:17,1,08
16:22:58,0.18141,213.00,0.46941,18.15182,53.00333,2.88,4.53009,49.96,0596:59:19,1,08
16:22:59,0.18299,213.30,0.47145,18.41016,53.75768,2.88,4.53009,49.96,0596:59:20,1,08
16:23:01,0.18159,213.30,0.46947,18.19262,53.12244,2.88,4.53009,49.96,0596:59:22,1,08
16:23:03,0.18145,213.40,0.47018,18.21981,53.20185,2.88,4.53009,49.96,0596:59:23,1,08
16:23:06,0.181,213.70,0.46943,18.16542,53.04303,2.88,4.53019,49.96,0596:59:27,1,08
16:23:07,0.18322,213.70,0.46981,18.41016,53.75768,2.88,4.53019,49.97,0596:59:28,1,08
16:23:08,0.18322,213.70,0.46981,18.41016,53.75768,2.88,4.53019,49.97,0596:59:28,1,08
16:23:09,0.18195,213.50,0.46746,18.16542,53.04303,2.8801,4.53019,49.97,0596:59:30,1,08
16:23:11,0.18317,213.30,0.46766,18.28779,53.40036,2.8801,4.53019,49.97,0596:59:32,1,08
16:23:13,0.18376,213.50,0.4678,18.36937,53.63857,2.8801,4.53019,49.97,0596:59:34,1,08
16:23:15,0.18114,213.60,0.47015,18.20621,53.16214,2.8801,4.53019,49.99,0596:59:36,1,08
16:23:16,0.18272,213.60,0.4718,18.42376,53.79739,2.8801,4.53019,49.99,0596:59:37,1,08
16:23:17,0.1815,213.60,0.46914,18.19262,53.12244,2.8801,4.53019,49.96,0596:59:38,1,08
16:23:18,0.18168,213.50,0.46461,18.02945,52.646,2.8801,4.53019,49.96,0596:59:39,1,08
16:23:21,0.181,213.50,0.46871,18.12463,52.92392,2.8801,4.53019,49.97,0596:59:42,1,08
16:23:22,0.18344,213.70,0.46949,18.41016,53.75768,2.8801,4.53029,49.97,0596:59:43,1,08
16:23:25,0.18272,213.40,0.47038,18.35578,53.59887,2.8801,4.53029,49.97,0596:59:46,1,08
16:23:27,0.18237,213.30,0.4682,18.21981,53.20185,2.8801,4.53029,49.96,0596:59:48,1,08
16:23:28,0.18322,213.40,0.46977,18.38297,53.67828,2.8802,4.53029,49.96,0596:59:49,1,08
16:23:29,0.18191,213.50,0.46991,18.2606,53.32095,2.8802,4.53029,49.96,0596:59:50,1,08
16:23:31,0.18264,213.50,0.47038,18.35578,53.59887,2.8802,4.53029,49.96,0596:59:52,1,08
16:23:37,0.18344,213.50,0.46947,18.39657,53.71798,2.8802,4.53029,49.95,0596:59:58,1,08
16:23:38,0.18041,213.60,0.47109,18.16542,53.04303,2.8802,4.53029,49.95,0596:59:59,1,08
16:23:43,0.18227,213.50,0.46823,18.23341,53.24155,2.8802,4.5304,49.96,0597:00:04,1,08
16:23:45,0.18087,213.70,0.47011,18.17902,53.08273,2.8802,4.5304,49.96,0597:00:06,1,08
16:23:48,0.18123,213.60,0.47193,18.28779,53.40036,2.8803,4.5304,49.95,0597:00:09,1,08
16:23:50,0.18168,213.70,0.47374,18.39657,53.71798,2.8803,4.5304,49.95,0597:00:11,1,08
16:23:51,0.18218,213.70,0.46511,18.12463,52.92392,2.8803,4.5304,49.94,0597:00:12,1,08
16:23:52,0.18267,213.90,0.46697,18.2606,53.32095,2.8803,4.5304,49.94,0597:00:13,1,08
16:23:56,0.18209,213.50,0.46888,18.23341,53.24155,2.8803,4.5304,49.95,0597:00:17,1,08
16:23:57,0.17958,213.60,0.47165,18.09744,52.84452,2.8803,4.5305,49.96,0597:00:18,1,08
16:24:01,0.18114,213.80,0.46947,18.19262,53.12244,2.8803,4.5305,49.95,0597:00:22,1,08
16:24:02,0.18159,213.80,0.47339,18.38297,53.67828,2.8803,4.5305,49.95,0597:00:23,1,08
16:24:03,0.17986,213.60,0.47277,18.17902,53.08273,2.8803,4.5305,49.95,0597:00:24,1,08
16:24:04,0.18068,213.70,0.46831,18.08384,52.80481,2.8803,4.5305,49.95,0597:00:25,1,08
16:24:07,0.18087,213.80,0.47013,18.19262,53.12244,2.8803,4.5305,49.95,0597:00:28,1,08
16:24:09,0.18227,213.70,0.47418,18.47815,53.9562,2.8804,4.5305,49.94,0597:00:30,1,08
16:24:11,0.18376,213.30,0.47538,18.64131,54.43263,2.8804,4.5305,49.95,0597:00:32,1,08
16:24:12,0.17945,213.20,0.46908,17.94787,52.40778,2.8804,4.5305,49.95,0597:00:33,1,08
16:24:13,0.181,213.10,0.47357,18.2742,53.36066,2.8804,4.5305,49.93,0597:00:34,1,08
16:24:14,0.18123,213.20,0.47539,18.38297,53.67828,2.8804,4.5306,49.93,0597:00:35,1,08
16:24:15,0.181,213.40,0.47044,18.17902,53.08273,2.8804,4.5306,49.95,0597:00:36,1,08
16:24:16,0.18027,213.40,0.4735,18.21981,53.20185,2.8804,4.5306,49.95,0597:00:37,1,08
16:24:20,0.17981,212.70,0.47193,18.05664,52.7254,2.8804,4.5306,49.95,0597:00:40,1,08
16:24:21,0.18091,212.70,0.47281,18.20621,53.16214,2.8804,4.5306,49.95,0597:00:41,1,08
16:24:22,0.17963,212.70,0.47617,18.20621,53.16214,2.8804,4.5306,49.94,0597:00:42,1,08
16:24:23,0.1793,212.90,0.47507,18.13823,52.96363,2.8804,4.5306,49.94,0597:00:43,1,08
16:24:24,0.18091,212.90,0.47706,18.38297,53.67828,2.8804,4.5306,49.94,0597:00:44,1,08
16:24:25,0.18009,212.90,0.47378,18.17902,53.08273,2.8804,4.5306,49.96,0597:00:45,1,08
16:24:26,0.17999,212.80,0.47695,18.28779,53.40036,2.8804,4.5306,49.96,0597:00:47,1,08
16:24:27,0.17999,212.80,0.47695,18.28779,53.40036,2.8804,4.5306,49.96,0597:00:47,1,08
16:24:29,0.17889,212.90,0.47539,18.12463,52.92392,2.88051,4.5306,49.95,0597:00:49,1,08
16:24:31,0.17889,213.20,0.4747,18.11103,52.88422,2.88051,4.5306,49.95,0597:00:51,1,08
16:24:33,0.18059,213.10,0.47634,18.34218,53.55917,2.88051,4.5307,49.95,0597:00:53,1,08
16:24:34,0.17935,213.10,0.47866,18.30139,53.44006,2.88051,4.5307,49.96,0597:00:54,1,08
16:24:35,0.17917,213.20,0.47333,18.09744,52.84452,2.88051,4.5307,49.96,0597:00:55,1,08
16:24:38,0.17922,213.20,0.47475,18.15182,53.00333,2.88051,4.5307,49.95,0597:00:58,1,08
16:24:39,0.18022,213.30,0.47631,18.31499,53.47976,2.88051,4.5307,49.95,0597:00:59,1,08
16:24:45,0.18109,212.90,0.47532,18.32858,53.51946,2.88051,4.5307,49.95,0597:01:05,1,08
16:24:47,0.18141,212.80,0.47606,18.38297,53.67828,2.88051,4.5307,49.97,0597:01:07,1,08
16:24:49,0.17907,213.00,0.47648,18.17902,53.08273,2.88061,4.5307,49.96,0597:01:10,1,08
16:24:51,0.17981,213.20,0.47624,18.2606,53.32095,2.88061,4.5308,49.96,0597:01:11,1,08
16:24:52,0.17884,213.10,0.47539,18.12463,52.92392,2.88061,4.5308,49.95,0597:01:12,1,08
16:24:54,0.17902,214.00,0.47409,18.16542,53.04303,2.88061,4.5308,49.97,0597:01:15,1,08
16:24:55,0.17948,214.10,0.47454,18.247,53.28125,2.88061,4.5308,49.96,0597:01:16,1,08
16:24:56,0.17948,214.10,0.47454,18.247,53.28125,2.88061,4.5308,49.96,0597:01:16,1,08
16:24:58,0.17945,214.00,0.47381,18.20621,53.16214,2.88061,4.5308,49.96,0597:01:19,1,08
16:25:00,0.17843,213.90,0.47509,18.15182,53.00333,2.88061,4.5308,49.96,0597:01:21,1,08
16:25:01,0.1799,213.80,0.47279,18.19262,53.12244,2.88061,4.5308,49.97,0597:01:22,1,08
16:25:02,0.1799,213.80,0.47279,18.19262,53.12244,2.88061,4.5308,49.97,0597:01:22,1,08
16:25:04,0.17963,214.00,0.47525,18.2742,53.36066,2.88061,4.5308,49.96,0597:01:25,1,08
16:25:05,0.17976,213.90,0.47703,18.35578,53.59887,2.88061,4.5308,49.96,0597:01:26,1,08
16:25:06,0.17871,213.90,0.47548,18.19262,53.12244,2.88061,4.5308,49.96,0597:01:27,1,08
16:25:12,0.18209,213.90,0.47383,18.46455,53.91649,2.88071,4.5309,49.96,0597:01:33,1,08
16:25:13,0.17871,213.90,0.47477,18.16542,53.04303,2.88071,4.5309,49.96,0597:01:34,1,08
16:25:14,0.17925,213.90,0.47626,18.2742,53.36066,2.88071,4.5309,49.96,0597:01:35,1,08
16:25:17,0.1793,213.80,0.47518,18.21981,53.20185,2.88071,4.5309,49.97,0597:01:38,1,08
16:25:18,0.17976,213.70,0.47594,18.28779,53.40036,2.88071,4.5309,49.97,0597:01:39,1,08
16:25:19,0.17889,213.70,0.47511,18.16542,53.04303,2.88071,4.5309,49.96,0597:01:40,1,08
16:25:20,0.17889,213.70,0.47511,18.16542,53.04303,2.88071,4.5309,49.96,0597:01:40,1,08
16:25:21,0.18036,213.70,0.47638,18.36937,53.63857,2.88071,4.5309,49.95,0597:01:42,1,08
16:25:24,0.1805,213.70,0.47711,18.42376,53.79739,2.88071,4.5309,49.96,0597:01:45,1,08
16:25:31,0.18127,213.80,0.47125,18.2742,53.36066,2.88081,4.531,49.97,0597:01:52,1,08
16:25:35,0.1793,213.70,0.47411,18.17902,53.08273,2.88081,4.531,49.96,0597:01:56,1,08
16:25:36,0.17999,213.80,0.46999,18.09744,52.84452,2.88081,4.531,49.96,0597:01:57,1,08
16:25:38,0.17972,213.70,0.47346,18.19262,53.12244,2.88081,4.531,49.97,0597:01:59,1,08
16:25:39,0.17976,213.80,0.47383,18.21981,53.20185,2.88081,4.531,49.97,0597:02:00,1,08
16:25:41,0.18027,214.00,0.47254,18.247,53.28125,2.88081,4.531,49.96,0597:02:02,1,08
16:25:45,0.1805,213.40,0.47003,18.12463,52.92392,2.88081,4.53111,49.96,0597:02:06,1,08
16:25:46,0.18091,213.50,0.47467,18.34218,53.55917,2.88081,4.53111,49.96,0597:02:07,1,08
16:25:47,0.18022,213.60,0.47283,18.21981,53.20185,2.88091,4.53111,49.97,0597:02:08,1,08
16:25:48,0.18064,213.60,0.47218,18.23341,53.24155,2.88091,4.53111,49.97,0597:02:09,1,08
16:25:49,0.18195,213.70,0.4724,18.38297,53.67828,2.88091,4.53111,49.96,0597:02:10,1,08
16:25:50,0.18182,213.70,0.46923,18.247,53.28125,2.88091,4.53111,49.96,0597:02:11,1,08
16:25:53,0.18068,213.40,0.47428,18.30139,53.44006,2.88091,4.53111,49.96,0597:02:14,1,08
16:25:56,0.18082,213.40,0.47359,18.28779,53.40036,2.88091,4.53111,49.96,0597:02:17,1,08
16:25:59,0.13783,213.40,0.40434,11.89726,34.74001,2.88091,4.53111,49.97,0597:02:20,1,08
16:26:00,0.13813,213.30,0.40406,11.91086,34.77971,2.88091,4.53111,49.97,0597:02:21,1,08
16:26:01,0.1386,213.10,0.40294,11.91086,34.77971,2.88091,4.53111,49.97,0597:02:22,1,08
16:26:02,0.13825,213.00,0.40397,11.89726,34.74001,2.88091,4.53111,49.97,0597:02:23,1,08
16:26:03,0.14202,212.80,0.41097,12.42754,36.28842,2.88091,4.53111,49.97,0597:02:24,1,08
16:26:04,0.14675,212.80,0.41601,12.99861,37.95594,2.88091,4.53121,49.97,0597:02:25,1,08
16:26:07,0.16616,213.30,0.45821,16.24826,47.44493,2.88091,4.53121,49.97,0597:02:28,1,08
16:26:09,0.18295,213.20,0.46969,18.32858,53.51946,2.88091,4.53121,49.97,0597:02:30,1,08
16:26:13,0.18195,213.00,0.4695,18.20621,53.16214,2.88101,4.53121,49.96,0597:02:34,1,08
16:26:14,0.18326,213.10,0.47077,18.39657,53.71798,2.88101,4.53121,49.96,0597:02:35,1,08
16:26:15,0.18218,213.00,0.47304,18.36937,53.63857,2.88101,4.53121,49.96,0597:02:36,1,08
16:26:18,0.18118,213.20,0.47082,18.20621,53.16214,2.88101,4.53121,49.96,0597:02:38,1,08
16:26:20,0.18295,213.40,0.4711,18.39657,53.71798,2.88101,4.53121,49.97,0597:02:40,1,08
16:26:22,0.1815,213.00,0.47084,18.21981,53.20185,2.88101,4.53121,49.96,0597:02:42,1,08
16:26:23,0.18168,213.00,0.47121,18.247,53.28125,2.88101,4.53131,49.96,0597:02:43,1,08
16:26:24,0.18118,213.10,0.47007,18.15182,53.00333,2.88101,4.53131,49.96,0597:02:44,1,08
16:26:26,0.18145,213.20,0.47402,18.35578,53.59887,2.88101,4.53131,49.97,0597:02:46,1,08
16:26:27,0.18118,213.20,0.46976,18.16542,53.04303,2.88101,4.53131,49.97,0597:02:47,1,08
16:26:28,0.18137,213.10,0.47082,18.20621,53.16214,2.88101,4.53131,49.96,0597:02:48,1,08
16:26:29,0.18326,213.10,0.47112,18.41016,53.75768,2.88101,4.53131,49.96,0597:02:49,1,08
16:26:31,0.18173,212.80,0.47013,18.19262,53.12244,2.88111,4.53131,49.96,0597:02:51,1,08
16:26:32,0.18173,212.80,0.47013,18.19262,53.12244,2.88111,4.53131,49.96,0597:02:52,1,08
16:26:33,0.18123,212.90,0.47218,18.23341,53.24155,2.88111,4.53131,49.96,0597:02:53,1,08
16:26:34,0.182,213.00,0.46914,18.19262,53.12244,2.88111,4.53131,49.95,0597:02:54,1,08
16:26:35,0.18182,213.10,0.473,18.34218,53.55917,2.88111,4.53131,49.95,0597:02:55,1,08
16:26:36,0.18068,213.30,0.47214,18.20621,53.16214,2.88111,4.53131,49.96,0597:02:56,1,08
16:26:37,0.18164,213.40,0.4723,18.31499,53.47976,2.88111,4.53131,49.97,0597:02:57,1,08
16:26:38,0.18164,213.40,0.4723,18.31499,53.47976,2.88111,4.53131,49.97,0597:02:58,1,08
16:26:39,0.1829,213.40,0.47145,18.41016,53.75768,2.88111,4.53131,49.97,0597:02:59,1,08
16:26:40,0.18045,213.40,0.47107,18.15182,53.00333,2.88111,4.53141,49.96,0597:03:00,1,08
16:26:41,0.18237,213.20,0.47065,18.31499,53.47976,2.88111,4.53141,49.96,0597:03:01,1,08
16:26:42,0.18159,213.40,0.46809,18.15182,53.00333,2.88111,4.53141,49.97,0597:03:02,1,08
16:26:47,0.18259,213.30,0.47209,18.39657,53.71798,2.88111,4.53141,49.96,0597:03:07,1,08
16:26:49,0.17958,213.20,0.47055,18.02945,52.646,2.88111,4.53141,49.97,0597:03:10,1,08
16:26:50,0.17958,213.20,0.47055,18.02945,52.646,2.88121,4.53141,49.97,0597:03:10,1,08
16:26:51,0.18145,213.20,0.47612,18.43736,53.83709,2.88121,4.53141,49.97,0597:03:11,1,08
16:26:52,0.18018,213.30,0.47383,18.21981,53.20185,2.88121,4.53141,49.97,0597:03:12,1,08
16:26:54,0.18072,213.60,0.4743,18.31499,53.47976,2.88121,4.53141,49.97,0597:03:15,1,08
16:26:57,0.18118,213.40,0.47294,18.30139,53.44006,2.88121,4.53141,49.96,0597:03:17,1,08
16:26:58,0.17879,213.30,0.47222,18.02945,52.646,2.88121,4.53151,49.96,0597:03:18,1,08
16:27:01,0.17976,213.50,0.47203,18.12463,52.92392,2.88121,4.53151,49.96,0597:03:22,1,08
16:27:02,0.17976,213.50,0.47203,18.12463,52.92392,2.88121,4.53151,49.96,0597:03:22,1,08
16:27:04,0.17912,213.80,0.47516,18.20621,53.16214,2.88121,4.53151,49.97,0597:03:24,1,08
16:27:05,0.18004,213.70,0.47458,18.2742,53.36066,2.88121,4.53151,49.97,0597:03:26,1,08
16:27:06,0.18222,213.60,0.47209,18.39657,53.71798,2.88121,4.53151,49.97,0597:03:27,1,08
16:27:07,0.17972,213.70,0.47275,18.16542,53.04303,2.88121,4.53151,49.99,0597:03:28,1,08
16:27:08,0.17972,213.70,0.47275,18.16542,53.04303,2.88121,4.53151,49.99,0597:03:28,1,08
16:27:09,0.18109,213.70,0.47507,18.39657,53.71798,2.88121,4.53151,49.99,0597:03:29,1,08
16:27:13,0.17945,213.70,0.47307,18.15182,53.00333,2.88131,4.53151,49.97,0597:03:34,1,08
16:27:14,0.1799,213.70,0.4742,18.247,53.28125,2.88131,4.53151,49.97,0597:03:34,1,08
16:27:15,0.18118,213.60,0.47577,18.42376,53.79739,2.88131,4.53151,49.97,0597:03:35,1,08
16:27:16,0.18064,213.60,0.47254,18.247,53.28125,2.88131,4.53161,49.97,0597:03:37,1,08
16:27:17,0.18041,213.50,0.47426,18.28779,53.40036,2.88131,4.53161,49.97,0597:03:38,1,08
16:27:18,0.18105,213.50,0.47785,18.47815,53.9562,2.88131,4.53161,49.97,0597:03:39,1,08
16:27:19,0.17963,213.60,0.47486,18.23341,53.24155,2.88131,4.53161,49.97,0597:03:40,1,08
16:27:20,0.17907,213.60,0.47477,18.16542,53.04303,2.88131,4.53161,49.97,0597:03:40,1,08
16:27:21,0.18123,213.70,0.47474,18.39657,53.71798,2.88131,4.53161,49.97,0597:03:41,1,08
16:27:22,0.17981,213.70,0.47525,18.2742,53.36066,2.88131,4.53161,49.97,0597:03:43,1,08
16:27:24,0.18072,213.70,0.47607,18.39657,53.71798,2.88131,4.53161,49.99,0597:03:45,1,08
16:27:27,0.18041,213.50,0.47706,18.38297,53.67828,2.88131,4.53161,49.99,0597:03:48,1,08
16:27:28,0.17976,213.60,0.47488,18.247,53.28125,2.88131,4.53161,49.99,0597:03:49,1,08
16:27:29,0.17848,213.40,0.4729,18.02945,52.646,2.88141,4.53161,49.97,0597:03:50,1,08
16:27:33,0.18013,213.80,0.47565,18.32858,53.51946,2.88141,4.53161,49.96,0597:03:54,1,08
16:27:36,0.17981,214.00,0.47528,18.30139,53.44006,2.88141,4.53172,49.96,0597:03:57,1,08
16:27:37,0.17986,213.90,0.47528,18.30139,53.44006,2.88141,4.53172,49.97,0597:03:57,1,08
16:27:38,0.17999,213.90,0.47565,18.32858,53.51946,2.88141,4.53172,49.97,0597:03:59,1,08
16:27:39,0.17894,213.80,0.47088,18.02945,52.646,2.88141,4.53172,49.97,0597:04:00,1,08
16:27:40,0.181,213.80,0.47437,18.36937,53.63857,2.88141,4.53172,49.97,0597:04:01,1,08
16:27:42,0.17968,213.70,0.47523,18.2606,53.32095,2.88141,4.53172,49.97,0597:04:03,1,08
16:27:43,0.18064,213.70,0.47537,18.36937,53.63857,2.88141,4.53172,49.97,0597:04:04,1,08
16:27:45,0.1805,213.70,0.47287,18.247,53.28125,2.88141,4.53172,49.97,0597:04:06,1,08
16:27:48,0.17945,213.60,0.47553,18.23341,53.24155,2.88141,4.53172,49.96,0597:04:09,1,08
16:27:49,0.18137,213.40,0.47437,18.36937,53.63857,2.88152,4.53172,49.97,0597:04:10,1,08
16:27:50,0.17902,213.40,0.47224,18.04305,52.6857,2.88152,4.53172,49.97,0597:04:11,1,08
16:27:51,0.18168,213.40,0.47092,18.2742,53.36066,2.88152,4.53172,49.97,0597:04:12,1,08
16:27:54,0.18127,213.50,0.47121,18.247,53.28125,2.88152,4.53182,49.97,0597:04:15,1,08
16:27:57,0.18145,213.50,0.47195,18.30139,53.44006,2.88152,4.53182,49.97,0597:04:18,1,08
16:27:58,0.18123,213.60,0.47507,18.39657,53.71798,2.88152,4.53182,49.97,0597:04:19,1,08
16:28:03,0.18132,213.60,0.47368,18.35578,53.59887,2.88152,4.53182,49.97,0597:04:24,1,08
16:28:06,0.18191,213.60,0.47236,18.35578,53.59887,2.88152,4.53182,49.96,0597:04:27,1,08
16:28:09,0.18059,213.30,0.47355,18.2606,53.32095,2.88162,4.53182,49.97,0597:04:30,1,08
16:28:11,0.17968,213.40,0.47094,18.07024,52.76511,2.88162,4.53192,49.96,0597:04:32,1,08
16:28:12,0.18087,213.60,0.47502,18.35578,53.59887,2.88162,4.53192,49.96,0597:04:33,1,08
16:28:16,0.18059,213.70,0.47465,18.32858,53.51946,2.88162,4.53192,49.97,0597:04:36,1,08
16:28:19,0.18114,213.80,0.47263,18.31499,53.47976,2.88162,4.53192,49.97,0597:04:39,1,08
16:28:20,0.18077,213.80,0.47539,18.38297,53.67828,2.88162,4.53192,49.96,0597:04:40,1,08
16:28:24,0.17922,213.60,0.47445,18.17902,53.08273,2.88162,4.53192,49.99,0597:04:44,1,08
16:28:26,0.18072,213.70,0.47607,18.39657,53.71798,2.88162,4.53192,49.96,0597:04:46,1,08
16:28:27,0.17976,213.90,0.47456,18.2606,53.32095,2.88162,4.53192,49.96,0597:04:47,1,08
16:28:29,0.17976,213.60,0.47594,18.28779,53.40036,2.88172,4.53202,49.97,0597:04:49,1,08
16:28:35,0.17875,213.90,0.4737,18.12463,52.92392,2.88172,4.53202,49.99,0597:04:55,1,08
16:28:36,0.17976,213.80,0.47419,18.23341,53.24155,2.88172,4.53202,49.99,0597:04:56,1,08
16:28:37,0.17976,213.80,0.47419,18.23341,53.24155,2.88172,4.53202,49.99,0597:04:57,1,08
16:28:38,0.18159,213.90,0.47411,18.42376,53.79739,2.88172,4.53202,49.99,0597:04:58,1,08
16:28:40,0.18018,214.00,0.47638,18.36937,53.63857,2.88172,4.53202,50.00,0597:05:00,1,08
16:28:41,0.18041,214.10,0.47396,18.31499,53.47976,2.88172,4.53202,50.00,0597:05:01,1,08
16:28:42,0.17972,213.90,0.47277,18.17902,53.08273,2.88172,4.53202,50.01,0597:05:02,1,08
16:28:43,0.17972,213.90,0.47277,18.17902,53.08273,2.88172,4.53202,50.01,0597:05:03,1,08
16:28:45,0.17871,213.80,0.47404,18.12463,52.92392,2.88172,4.53202,50.00,0597:05:05,1,08
16:28:52,0.17843,213.80,0.47828,18.2606,53.32095,2.88182,4.53213,50.01,0597:05:12,1,08
16:28:54,0.17907,213.90,0.47551,18.21981,53.20185,2.88182,4.53213,50.04,0597:05:15,1,08
16:28:57,0.17871,214.00,0.47619,18.21981,53.20185,2.88182,4.53213,50.01,0597:05:17,1,08
16:28:58,0.17824,214.00,0.47648,18.17902,53.08273,2.88182,4.53213,50.04,0597:05:18,1,08
16:28:59,0.18004,213.80,0.47671,18.36937,53.63857,2.88182,4.53213,50.03,0597:05:20,1,08
16:29:00,0.1799,213.70,0.47456,18.2606,53.32095,2.88182,4.53213,50.03,0597:05:21,1,08
16:29:02,0.18022,213.60,0.4774,18.38297,53.67828,2.88182,4.53213,50.03,0597:05:22,1,08
16:29:04,0.17884,213.60,0.47544,18.16542,53.04303,2.88182,4.53213,50.03,0597:05:25,1,08
16:29:05,0.18072,213.50,0.47641,18.39657,53.71798,2.88182,4.53223,50.00,0597:05:26,1,08
16:29:06,0.1793,213.60,0.4748,18.19262,53.12244,2.88182,4.53223,50.00,0597:05:27,1,08
16:29:09,0.17968,213.70,0.47877,18.39657,53.71798,2.88192,4.53223,50.00,0597:05:29,1,08
16:29:10,0.1793,213.40,0.47372,18.13823,52.96363,2.88192,4.53223,50.00,0597:05:31,1,08
16:29:11,0.18027,213.70,0.47602,18.35578,53.59887,2.88192,4.53223,50.01,0597:05:32,1,08
16:29:13,0.17972,213.50,0.47557,18.2606,53.32095,2.88192,4.53223,50.01,0597:05:33,1,08
16:29:14,0.1799,213.60,0.47702,18.34218,53.55917,2.88192,4.53223,50.00,0597:05:34,1,08
16:29:15,0.18141,213.60,0.47686,18.49175,53.9959,2.88192,4.53223,50.00,0597:05:35,1,08
16:29:17,0.17925,213.60,0.47587,18.23341,53.24155,2.88192,4.53223,49.99,0597:05:38,1,08
16:29:18,0.18091,213.70,0.47751,18.47815,53.9562,2.88192,4.53223,49.99,0597:05:39,1,08
16:29:19,0.17976,213.70,0.47594,18.28779,53.40036,2.88192,4.53223,49.99,0597:05:39,1,08
16:29:20,0.1805,213.70,0.47569,18.35578,53.59887,2.88192,4.53223,49.99,0597:05:40,1,08
16:29:21,0.18031,213.50,0.47812,18.42376,53.79739,2.88192,4.53223,49.97,0597:05:42,1,08
16:29:22,0.17894,213.30,0.47721,18.21981,53.20185,2.88192,4.53223,49.97,0597:05:43,1,08
16:29:23,0.18127,213.40,0.48067,18.60052,54.31353,2.88192,4.53233,49.97,0597:05:44,1,08
16:29:24,0.18277,213.50,0.4805,18.76368,54.78996,2.88192,4.53233,49.97,0597:05:45,1,08
16:29:25,0.18187,213.40,0.47934,18.61412,54.35322,2.88192,4.53233,49.97,0597:05:45,1,08
16:29:27,0.18105,213.10,0.47852,18.47815,53.9562,2.88192,4.53233,49.96,0597:05:48,1,08
16:29:28,0.17912,213.00,0.47578,18.16542,53.04303,2.88202,4.53233,49.96,0597:05:49,1,08
16:29:30,0.18155,213.10,0.47788,18.50534,54.0356,2.88202,4.53233,49.96,0597:05:51,1,08
16:29:31,0.18054,213.00,0.4742,18.247,53.28125,2.88202,4.53233,49.97,0597:05:51,1,08
16:29:32,0.18137,213.10,0.47398,18.32858,53.51946,2.88202,4.53233,49.97,0597:05:53,1,08
16:29:33,0.18155,213.10,0.47857,18.51894,54.07531,2.88202,4.53233,49.97,0597:05:54,1,08
16:29:35,0.18027,213.10,0.47629,18.30139,53.44006,2.88202,4.53233,49.99,0597:05:56,1,08
16:29:36,0.18109,213.00,0.48027,18.53254,54.11501,2.88202,4.53233,49.99,0597:05:57,1,08
16:29:37,0.18013,213.00,0.47769,18.34218,53.55917,2.88202,4.53233,49.97,0597:05:57,1,08
16:29:40,0.18018,213.30,0.47631,18.31499,53.47976,2.88202,4.53233,49.97,0597:06:01,1,08
16:29:43,0.17963,213.30,0.47589,18.247,53.28125,2.88202,4.53243,49.97,0597:06:04,1,08
16:29:45,0.18132,212.80,0.47923,18.50534,54.0356,2.88202,4.53243,49.96,0597:06:06,1,08
16:29:46,0.1805,213.10,0.47809,18.39657,53.71798,2.88202,4.53243,49.96,0597:06:07,1,08
16:29:48,0.18137,213.30,0.47577,18.42376,53.79739,2.88212,4.53243,49.97,0597:06:09,1,08
16:29:49,0.18013,213.40,0.47456,18.2606,53.32095,2.88212,4.53243,49.99,0597:06:10,1,08
16:29:50,0.18018,213.60,0.47669,18.35578,53.59887,2.88212,4.53243,49.99,0597:06:11,1,08
16:29:51,0.18045,213.70,0.47745,18.42376,53.79739,2.88212,4.53243,49.99,0597:06:12,1,08
16:29:54,0.15136,213.70,0.43151,13.96399,40.77485,2.88212,4.53243,49.97,0597:06:15,1,08
16:29:55,0.14049,213.40,0.41115,12.33236,36.0105,2.88212,4.53243,49.99,0597:06:16,1,08
16:29:57,0.13842,213.20,0.40424,11.93806,34.85912,2.88212,4.53243,49.96,0597:06:18,1,08
16:29:58,0.1726,213.20,0.46418,17.09127,49.90651,2.88212,4.53243,49.96,0597:06:19,1,08
16:30:00,0.18227,213.20,0.47937,18.64131,54.43263,2.88212,4.53253,49.96,0597:06:21,1,08
16:30:02,0.17516,213.50,0.46984,17.58076,51.33581,2.88212,4.53253,49.97,0597:06:23,1,08
16:30:03,0.1761,213.80,0.46859,17.64874,51.53432,2.88212,4.53253,49.97,0597:06:24,1,08
16:30:09,0.17412,213.60,0.47076,17.51277,51.1373,2.88212,4.53253,49.96,0597:06:29,1,08
16:30:10,0.17596,213.50,0.47467,17.8391,52.09016,2.88222,4.53253,49.97,0597:06:30,1,08
16:30:11,0.17535,213.90,0.47283,17.74392,51.81224,2.88222,4.53253,49.97,0597:06:31,1,08
16:30:12,0.1753,214.00,0.46814,17.58076,51.33581,2.88222,4.53253,49.97,0597:06:32,1,08
16:30:13,0.1753,214.00,0.46814,17.58076,51.33581,2.88222,4.53253,49.97,0597:06:33,1,08
16:30:15,0.17388,214.00,0.47115,17.53996,51.2167,2.88222,4.53253,49.99,0597:06:35,1,08
16:30:17,0.17591,214.10,0.46898,17.67593,51.61373,2.88222,4.53253,49.97,0597:06:37,1,08
16:30:18,0.17407,214.20,0.47157,17.59435,51.37551,2.88222,4.53263,49.97,0597:06:38,1,08
16:30:19,0.17407,214.20,0.47157,17.59435,51.37551,2.88222,4.53263,49.97,0597:06:39,1,08
16:30:22,0.17422,214.20,0.46868,17.49917,51.09758,2.88222,4.53263,49.99,0597:06:42,1,08
16:30:23,0.17469,214.10,0.47093,17.62155,51.45491,2.88222,4.53263,49.99,0597:06:43,1,08
16:30:25,0.17487,214.10,0.47242,17.70313,51.69313,2.88222,4.53263,49.96,0597:06:45,1,08
16:30:26,0.213,214.00,0.49463,22.55721,65.86706,2.88222,4.53263,49.99,0597:06:46,1,08
16:30:27,0.22159,213.90,0.50229,23.82172,69.55943,2.88222,4.53263,49.99,0597:06:47,1,08
16:30:28,0.22091,213.80,0.50058,23.65856,69.08299,2.88222,4.53263,49.99,0597:06:48,1,08
16:30:29,0.21137,213.70,0.49699,22.46203,65.58913,2.88232,4.53263,49.99,0597:06:49,1,08
16:30:30,0.20675,213.80,0.49692,21.97255,64.15984,2.88232,4.53263,49.97,0597:06:50,1,08
16:30:32,0.20635,213.90,0.49723,21.95895,64.12013,2.88232,4.53263,49.97,0597:06:52,1,08
16:30:33,0.20442,214.10,0.49472,21.65982,63.24667,2.88232,4.53263,49.97,0597:06:53,1,08
16:30:34,0.20735,214.30,0.49572,22.04053,64.35835,2.88232,4.53263,49.97,0597:06:54,1,08
16:30:35,0.20511,214.20,0.49412,21.7278,63.44518,2.88232,4.53274,49.97,0597:06:55,1,08
16:30:36,0.20679,214.20,0.49724,22.04053,64.35835,2.88232,4.53274,49.97,0597:06:56,1,08
16:30:37,0.20679,214.20,0.49724,22.04053,64.35835,2.88232,4.53274,49.97,0597:06:57,1,08
16:30:38,0.20691,214.10,0.49969,22.14931,64.67598,2.88232,4.53274,49.96,0597:06:58,1,08
16:30:40,0.20711,214.00,0.49663,22.02694,64.31866,2.88232,4.53274,49.96,0597:07:00,1,08
16:30:43,0.20759,213.90,0.49816,22.13571,64.63627,2.88232,4.53274,49.99,0597:07:03,1,08
16:30:44,0.20893,213.80,0.49605,22.1765,64.75539,2.88232,4.53274,49.97,0597:07:04,1,08
16:30:45,0.20826,213.60,0.49817,22.1765,64.75539,2.88232,4.53274,49.97,0597:07:05,1,08
16:30:50,0.22039,213.50,0.50173,23.63136,69.00358,2.88243,4.53274,49.96,0597:07:10,1,08
16:30:51,0.22148,213.50,0.50259,23.78093,69.44032,2.88243,4.53274,49.96,0597:07:11,1,08
16:30:52,0.22125,213.60,0.50115,23.69935,69.2021,2.88243,4.53284,49.99,0597:07:12,1,08
16:30:53,0.22181,213.60,0.50201,23.79453,69.48002,2.88243,4.53284,49.99,0597:07:13,1,08
16:30:55,0.2221,213.50,0.50229,23.83532,69.59912,2.88243,4.53284,49.99,0597:07:15,1,08
16:30:56,0.2211,213.50,0.50086,23.65856,69.08299,2.88243,4.53284,50.00,0597:07:16,1,08
16:30:57,0.22102,213.50,0.50259,23.72654,69.2815,2.88243,4.53284,50.00,0597:07:17,1,08
16:30:58,0.22073,213.40,0.50231,23.68575,69.16239,2.88243,4.53284,50.00,0597:07:18,1,08
16:30:59,0.21949,213.60,0.50319,23.60417,68.92418,2.88243,4.53284,50.00,0597:07:19,1,08
16:31:00,0.24188,213.90,0.50683,26.24196,76.62653,2.88243,4.53284,50.00,0597:07:21,1,08
16:31:01,0.24273,213.70,0.50602,26.26916,76.70593,2.88253,4.53284,50.00,0597:07:21,1,08
16:31:03,0.2448,214.00,0.50259,26.33714,76.90446,2.88253,4.53284,50.00,0597:07:23,1,08
16:31:06,0.24422,214.20,0.50442,26.40512,77.10297,2.88253,4.53294,50.03,0597:07:27,1,08
16:31:07,0.24048,214.10,0.50712,26.13319,76.30891,2.88253,4.53294,50.03,0597:07:27,1,08
16:31:08,0.24409,214.20,0.5052,26.43232,77.18237,2.88253,4.53294,50.03,0597:07:28,1,08
16:31:10,0.24311,214.30,0.50574,26.36434,76.98386,2.88253,4.53294,50.03,0597:07:30,1,08
16:31:13,0.24321,213.90,0.50757,26.43232,77.18237,2.88253,4.53294,50.03,0597:07:33,1,08
16:31:14,0.24171,213.90,0.50683,26.21477,76.54713,2.88253,4.53294,50.03,0597:07:34,1,08
16:31:15,0.24422,213.90,0.50676,26.48671,77.34119,2.88263,4.53294,50.04,0597:07:35,1,08
16:31:17,0.24291,214.00,0.50444,26.24196,76.62653,2.88263,4.53294,50.03,0597:07:38,1,08
16:31:19,0.24399,213.90,0.50729,26.5003,77.38089,2.88263,4.53294,50.03,0597:07:39,1,08
16:31:21,0.24385,213.80,0.50417,26.29635,76.78535,2.88263,4.53304,50.01,0597:07:42,1,08
16:31:25,0.24433,213.70,0.50832,26.56829,77.57941,2.88263,4.53304,50.01,0597:07:45,1,08
16:31:26,0.24436,213.90,0.50468,26.39153,77.06326,2.88263,4.53304,50.01,0597:07:46,1,08
16:31:27,0.24273,213.90,0.50549,26.26916,76.70593,2.88263,4.53304,50.01,0597:07:48,1,08
16:31:29,0.24426,214.00,0.50364,26.33714,76.90446,2.88273,4.53304,50.01,0597:07:50,1,08
16:31:32,0.24079,213.80,0.50818,26.18758,76.46773,2.88273,4.53304,50.00,0597:07:53,1,08
16:31:34,0.24294,213.90,0.5068,26.36434,76.98386,2.88273,4.53304,50.00,0597:07:55,1,08
16:31:36,0.24168,213.80,0.5113,26.44592,77.22208,2.88273,4.53315,49.99,0597:07:56,1,08
16:31:37,0.24161,213.80,0.50868,26.28275,76.74564,2.88273,4.53315,49.99,0597:07:57,1,08
16:31:42,0.24096,213.90,0.50975,26.29635,76.78535,2.88283,4.53315,49.96,0597:08:02,1,08
16:31:44,0.24382,214.10,0.50416,26.33714,76.90446,2.88283,4.53315,49.96,0597:08:05,1,08
16:31:48,0.24157,214.60,0.50839,26.37793,77.02356,2.88283,4.53315,49.95,0597:08:08,1,08
16:31:52,0.26878,214.40,0.5099,29.41003,85.8773,2.88283,4.53325,49.96,0597:08:13,1,08
16:31:54,0.26957,214.80,0.50775,29.41003,85.8773,2.88283,4.53325,49.96,0597:08:15,1,08
16:31:55,0.2696,214.70,0.50939,29.50521,86.15522,2.88293,4.53325,49.96,0597:08:16,1,08
16:31:56,0.26978,214.60,0.50774,29.42363,85.91701,2.88293,4.53325,49.96,0597:08:17,1,08
16:31:57,0.27073,214.60,0.50795,29.53241,86.23463,2.88293,4.53325,49.96,0597:08:18,1,08
16:31:58,0.27298,214.50,0.50627,29.65478,86.59195,2.88293,4.53325,49.96,0597:08:19,1,08
16:31:59,0.26905,214.40,0.504,29.09731,84.96413,2.88293,4.53325,49.96,0597:08:20,1,08
16:32:01,0.27137,214.40,0.5077,29.5732,86.35374,2.88293,4.53325,49.95,0597:08:22,1,08
16:32:05,0.28652,214.70,0.5053,31.10965,90.84017,2.88293,4.53335,49.95,0597:08:25,1,08
16:32:07,0.28649,214.70,0.50685,31.20482,91.11808,2.88293,4.53335,49.96,0597:08:27,1,08
16:32:09,0.2877,214.60,0.50484,31.19122,91.07838,2.88303,4.53335,49.94,0597:08:29,1,08
16:32:11,0.27792,214.40,0.49886,29.74996,86.86988,2.88303,4.53335,49.96,0597:08:31,1,08
16:32:12,0.27792,214.40,0.49886,29.74996,86.86988,2.88303,4.53335,49.95,0597:08:32,1,08
16:32:14,0.15906,214.50,0.449,15.32368,44.74513,2.88303,4.53335,49.97,0597:08:34,1,08
16:32:15,0.13807,214.60,0.40459,11.99244,35.01793,2.88303,4.53335,49.97,0597:08:35,1,08
16:32:16,0.13764,214.70,0.40478,11.96525,34.93852,2.88303,4.53345,49.96,0597:08:36,1,08
16:32:20,0.13711,214.60,0.40573,11.93806,34.85912,2.88303,4.53345,49.96,0597:08:40,1,08
16:32:23,0.13776,214.70,0.40257,11.91086,34.77971,2.88303,4.53345,49.97,0597:08:43,1,08
16:32:27,0.13753,214.40,0.40507,11.95165,34.89882,2.88303,4.53345,49.96,0597:08:47,1,08
16:32:29,0.14056,214.50,0.41073,12.38675,36.16931,2.88303,4.53345,49.96,0597:08:49,1,08
16:32:30,0.14056,214.50,0.41073,12.38675,36.16931,2.88303,4.53345,49.97,0597:08:50,1,08
16:32:31,0.14432,214.60,0.41308,12.79466,37.3604,2.88313,4.53345,49.97,0597:08:51,1,08
16:32:32,0.18087,214.60,0.47584,18.47815,53.9562,2.88313,4.53345,49.97,0597:08:52,1,08
16:32:33,0.17963,214.70,0.47498,18.32858,53.51946,2.88313,4.53345,49.97,0597:08:53,1,08
16:32:35,0.17968,214.50,0.47144,18.17902,53.08273,2.88313,4.53345,49.97,0597:08:55,1,08
16:32:37,0.17972,214.40,0.47355,18.2606,53.32095,2.88313,4.53355,49.97,0597:08:57,1,08
16:32:38,0.17968,214.30,0.47354,18.247,53.28125,2.88313,4.53355,49.97,0597:08:58,1,08
16:32:39,0.18045,214.20,0.47119,18.23341,53.24155,2.88313,4.53355,49.97,0597:08:59,1,08
16:32:41,0.17824,214.20,0.47224,18.04305,52.6857,2.88313,4.53355,49.97,0597:09:01,1,08
16:32:43,0.17986,214.30,0.47496,18.31499,53.47976,2.88313,4.53355,49.97,0597:09:03,1,08
16:32:45,0.18045,214.50,0.47472,18.38297,53.67828,2.88313,4.53355,49.97,0597:09:05,1,08
16:32:46,0.18004,214.50,0.47431,18.32858,53.51946,2.88313,4.53355,49.97,0597:09:06,1,08
16:32:47,0.17981,214.50,0.47322,18.2606,53.32095,2.88313,4.53355,49.96,0597:09:07,1,08
16:32:49,0.17852,214.40,0.46946,17.97507,52.48719,2.88313,4.53355,49.96,0597:09:09,1,08
16:32:50,0.17907,214.40,0.47417,18.21981,53.20185,2.88313,4.53355,49.97,0597:09:10,1,08
16:32:53,0.18059,214.20,0.46873,18.13823,52.96363,2.88323,4.53355,49.97,0597:09:13,1,08
16:32:57,0.17972,214.70,0.475,18.34218,53.55917,2.88323,4.53365,49.95,0597:09:17,1,08
16:32:58,0.18045,214.70,0.4702,18.23341,53.24155,2.88323,4.53365,49.97,0597:09:18,1,08
16:32:59,0.18018,214.80,0.47437,18.36937,53.63857,2.88323,4.53365,49.96,0597:09:19,1,08
16:33:00,0.17968,214.90,0.47535,18.35578,53.59887,2.88323,4.53365,49.96,0597:09:20,1,08
16:33:01,0.17848,214.70,0.47305,18.13823,52.96363,2.88323,4.53365,49.96,0597:09:21,1,08
16:33:02,0.17995,214.70,0.47257,18.2742,53.36066,2.88323,4.53365,49.97,0597:09:22,1,08
16:33:04,0.17902,214.80,0.47279,18.19262,53.12244,2.88323,4.53365,49.96,0597:09:24,1,08
16:33:06,0.17856,214.90,0.47273,18.15182,53.00333,2.88323,4.53365,49.97,0597:09:26,1,08
16:33:08,0.18155,214.70,0.4728,18.43736,53.83709,2.88323,4.53365,49.97,0597:09:28,1,08
16:33:11,0.18068,214.60,0.47267,18.34218,53.55917,2.88334,4.53365,49.97,0597:09:32,1,08
16:33:12,0.17935,214.40,0.4689,18.04305,52.6857,2.88334,4.53376,49.97,0597:09:32,1,08
16:33:13,0.181,214.40,0.47479,18.43736,53.83709,2.88334,4.53376,49.97,0597:09:33,1,08
16:33:14,0.17981,214.30,0.47391,18.2742,53.36066,2.88334,4.53376,49.96,0597:09:34,1,08
16:33:17,0.18087,214.20,0.47195,18.30139,53.44006,2.88334,4.53376,49.97,0597:09:38,1,08
16:33:18,0.18041,214.40,0.47576,18.41016,53.75768,2.88334,4.53376,49.97,0597:09:38,1,08
16:33:19,0.17899,214.50,0.47452,18.23341,53.24155,2.88334,4.53376,49.97,0597:09:39,1,08
16:33:20,0.17972,214.40,0.47391,18.2742,53.36066,2.88334,4.53376,49.97,0597:09:40,1,08
16:33:21,0.18027,214.40,0.47574,18.39657,53.71798,2.88334,4.53376,49.99,0597:09:41,1,08
16:33:23,0.17917,214.00,0.47449,18.20621,53.16214,2.88334,4.53376,49.99,0597:09:44,1,08
16:33:24,0.17995,214.00,0.47424,18.2742,53.36066,2.88334,4.53376,49.99,0597:09:44,1,08
16:33:25,0.17894,214.10,0.47199,18.09744,52.84452,2.88334,4.53376,49.99,0597:09:45,1,08
16:33:27,0.18059,214.00,0.47257,18.2742,53.36066,2.88334,4.53376,50.00,0597:09:48,1,08
16:33:29,0.181,214.00,0.47439,18.38297,53.67828,2.88334,4.53376,49.99,0597:09:50,1,08
16:33:33,0.18004,214.00,0.47673,18.38297,53.67828,2.88344,4.53386,50.01,0597:09:54,1,08
16:33:38,0.18004,214.00,0.47532,18.32858,53.51946,2.88344,4.53386,50.00,0597:09:58,1,08
16:33:39,0.18031,214.00,0.47711,18.42376,53.79739,2.88344,4.53386,50.00,0597:10:00,1,08
16:33:42,0.1793,213.90,0.47484,18.21981,53.20185,2.88344,4.53386,49.99,0597:10:02,1,08
16:33:43,0.17894,213.80,0.47408,18.15182,53.00333,2.88344,4.53386,50.01,0597:10:03,1,08
16:33:48,0.18072,213.70,0.47431,18.32858,53.51946,2.88344,4.53396,50.01,0597:10:08,1,08
16:33:50,0.18118,213.70,0.47156,18.2606,53.32095,2.88354,4.53396,50.01,0597:10:11,1,08
16:33:51,0.18118,213.70,0.47439,18.38297,53.67828,2.88354,4.53396,50.01,0597:10:12,1,08
16:33:52,0.17953,213.80,0.47344,18.17902,53.08273,2.88354,4.53396,50.01,0597:10:13,1,08
16:33:58,0.17968,214.20,0.47281,18.20621,53.16214,2.88354,4.53396,50.01,0597:10:19,1,08
16:33:59,0.17968,214.20,0.47281,18.20621,53.16214,2.88354,4.53396,50.03,0597:10:19,1,08
16:34:00,0.18191,214.20,0.4735,18.46455,53.91649,2.88354,4.53396,50.03,0597:10:21,1,08
16:34:01,0.18004,214.20,0.47287,18.247,53.28125,2.88354,4.53396,50.01,0597:10:22,1,08
16:34:03,0.18095,214.00,0.47544,18.42376,53.79739,2.88354,4.53396,50.03,0597:10:24,1,08
16:34:04,0.17958,214.00,0.47419,18.23341,53.24155,2.88354,4.53396,50.03,0597:10:25,1,08
16:34:06,0.17958,214.00,0.47419,18.23341,53.24155,2.88354,4.53396,50.00,0597:10:25,1,08
16:34:08,0.17976,213.80,0.47702,18.34218,53.55917,2.88354,4.53407,50.03,0597:10:28,1,08
16:34:10,0.18009,214.10,0.4771,18.41016,53.75768,2.88364,4.53407,50.01,0597:10:30,1,08
16:34:12,0.17884,214.20,0.47658,18.2606,53.32095,2.88364,4.53407,50.03,0597:10:32,1,08
16:34:16,0.1799,214.30,0.47639,18.38297,53.67828,2.88364,4.53407,50.03,0597:10:36,1,08
16:34:17,0.17879,214.40,0.47482,18.20621,53.16214,2.88364,4.53407,50.03,0597:10:37,1,08
16:34:20,0.18132,214.40,0.47378,18.42376,53.79739,2.88364,4.53407,50.01,0597:10:40,1,08
16:34:21,0.17824,214.10,0.47685,18.20621,53.16214,2.88364,4.53407,50.01,0597:10:41,1,08
16:34:24,0.17875,214.30,0.47622,18.247,53.28125,2.88364,4.53407,50.01,0597:10:44,1,08
16:34:25,0.17875,214.30,0.47553,18.23341,53.24155,2.88364,4.53417,50.01,0597:10:45,1,08
16:34:26,0.17783,214.40,0.47612,18.16542,53.04303,2.88364,4.53417,50.03,0597:10:46,1,08
16:34:30,0.17907,214.40,0.47523,18.2606,53.32095,2.88374,4.53417,50.03,0597:10:50,1,08
16:34:31,0.1799,214.30,0.4778,18.43736,53.83709,2.88374,4.53417,50.03,0597:10:51,1,08
16:34:33,0.18109,214.30,0.47094,18.28779,53.40036,2.88374,4.53417,50.01,0597:10:53,1,08
16:34:34,0.18082,214.30,0.47511,18.42376,53.79739,2.88374,4.53417,50.01,0597:10:54,1,08
16:34:36,0.1793,214.10,0.47309,18.16542,53.04303,2.88374,4.53417,50.01,0597:10:56,1,08
16:34:37,0.1805,214.20,0.47365,18.32858,53.51946,2.88374,4.53417,50.01,0597:10:57,1,08
16:34:38,0.19228,214.30,0.47263,19.48432,56.89421,2.88374,4.53417,50.01,0597:10:58,1,08
16:34:46,0.1799,214.40,0.47533,18.34218,53.55917,2.88374,4.53427,50.01,0597:11:06,1,08
16:34:47,0.18072,214.70,0.46849,18.19262,53.12244,2.88374,4.53427,50.00,0597:11:07,1,08
16:34:48,0.18018,214.70,0.47189,18.2606,53.32095,2.88374,4.53427,50.00,0597:11:08,1,08
16:34:49,0.18095,214.70,0.47308,18.39657,53.71798,2.88374,4.53427,50.00,0597:11:09,1,08
16:34:55,0.18105,214.00,0.47405,18.38297,53.67828,2.88384,4.53427,50.03,0597:11:15,1,08
16:34:57,0.18109,214.00,0.46985,18.21981,53.20185,2.88384,4.53427,50.00,0597:11:17,1,08
16:34:59,0.18064,214.00,0.47363,18.31499,53.47976,2.88384,4.53427,50.01,0597:11:19,1,08
16:35:00,0.18041,214.00,0.47183,18.21981,53.20185,2.88384,4.53427,50.01,0597:11:20,1,08
16:35:05,0.18064,213.60,0.47641,18.39657,53.71798,2.88384,4.53437,50.00,0597:11:25,1,08
16:35:06,0.17999,213.80,0.47281,18.20621,53.16214,2.88384,4.53437,50.00,0597:11:26,1,08
16:35:09,0.18068,214.00,0.47154,18.247,53.28125,2.88394,4.53437,49.99,0597:11:29,1,08
16:35:12,0.18082,213.80,0.474,18.34218,53.55917,2.88394,4.53437,49.99,0597:11:32,1,08
16:35:13,0.18173,213.90,0.4696,18.2742,53.36066,2.88394,4.53437,49.99,0597:11:33,1,08
16:35:14,0.18091,214.00,0.47368,18.35578,53.59887,2.88394,4.53437,49.99,0597:11:34,1,08
16:35:15,0.18232,214.00,0.47214,18.43736,53.83709,2.88394,4.53437,49.99,0597:11:35,1,08
16:35:16,0.17999,214.10,0.47285,18.23341,53.24155,2.88394,4.53437,49.99,0597:11:36,1,08
16:35:17,0.17976,214.10,0.47458,18.2742,53.36066,2.88394,4.53437,49.99,0597:11:38,1,08
16:35:19,0.17976,214.10,0.47281,18.20621,53.16214,2.88394,4.53448,49.99,0597:11:39,1,08
16:35:20,0.18109,214.10,0.4702,18.23341,53.24155,2.88394,4.53448,49.97,0597:11:40,1,08
16:35:21,0.18105,214.10,0.4744,18.39657,53.71798,2.88394,4.53448,49.99,0597:11:41,1,08
16:35:23,0.17972,214.30,0.47318,18.23341,53.24155,2.88394,4.53448,49.97,0597:11:44,1,08
16:35:24,0.18087,214.40,0.47372,18.38297,53.67828,2.88394,4.53448,49.97,0597:11:44,1,08
16:35:25,0.18164,214.40,0.47278,18.42376,53.79739,2.88394,4.53448,49.99,0597:11:45,1,08
16:35:26,0.17958,214.50,0.47354,18.247,53.28125,2.88394,4.53448,49.99,0597:11:46,1,08
16:35:28,0.18155,214.40,0.47346,18.43736,53.83709,2.88394,4.53448,49.99,0597:11:49,1,08
16:35:29,0.18137,214.20,0.47098,18.31499,53.47976,2.88404,4.53448,49.97,0597:11:50,1,08
16:35:32,0.18095,213.90,0.47191,18.2742,53.36066,2.88404,4.53448,49.97,0597:11:52,1,08
16:35:37,0.18018,214.10,0.47287,18.247,53.28125,2.88404,4.53458,49.96,0597:11:57,1,08
16:35:43,0.18004,213.70,0.4714,18.15182,53.00333,2.88404,4.53458,49.99,0597:12:03,1,08
16:35:44,0.18145,213.80,0.47129,18.30139,53.44006,2.88404,4.53458,49.99,0597:12:04,1,08
16:35:45,0.18145,214.10,0.47551,18.47815,53.9562,2.88404,4.53458,49.97,0597:12:06,1,08
16:35:46,0.18041,214.20,0.47293,18.28779,53.40036,2.88404,4.53458,49.97,0597:12:07,1,08
16:35:49,0.18132,214.00,0.47129,18.30139,53.44006,2.88414,4.53458,49.97,0597:12:09,1,08
16:35:51,0.18177,214.10,0.47277,18.41016,53.75768,2.88414,4.53458,49.99,0597:12:12,1,08
16:35:53,0.18282,214.30,0.46495,18.21981,53.20185,2.88414,4.53458,49.97,0597:12:13,1,08
16:35:54,0.18168,214.40,0.47104,18.35578,53.59887,2.88414,4.53468,49.97,0597:12:14,1,08
16:35:55,0.182,214.40,0.47249,18.45096,53.87679,2.88414,4.53468,49.99,0597:12:15,1,08
16:35:56,0.18036,214.30,0.47117,18.21981,53.20185,2.88414,4.53468,49.99,0597:12:17,1,08
16:35:58,0.18155,214.10,0.47028,18.28779,53.40036,2.88414,4.53468,49.99,0597:12:19,1,08
16:35:59,0.18155,214.10,0.47028,18.28779,53.40036,2.88414,4.53468,49.97,0597:12:19,1,08
16:36:00,0.17995,214.10,0.46965,18.09744,52.84452,2.88414,4.53468,49.97,0597:12:20,1,08
16:36:01,0.18182,214.00,0.47137,18.35578,53.59887,2.88414,4.53468,49.97,0597:12:22,1,08
16:36:04,0.18022,214.50,0.47433,18.34218,53.55917,2.88414,4.53468,49.99,0597:12:24,1,08
16:36:05,0.18054,214.60,0.47614,18.45096,53.87679,2.88414,4.53468,49.99,0597:12:25,1,08
16:36:06,0.18054,214.60,0.47614,18.45096,53.87679,2.88414,4.53468,49.99,0597:12:25,1,08
16:36:07,0.17899,214.60,0.47419,18.23341,53.24155,2.88414,4.53468,49.99,0597:12:26,1,08
16:36:09,0.17968,214.50,0.47285,18.23341,53.24155,2.88425,4.53468,49.99,0597:12:29,1,08
16:36:10,0.17871,214.50,0.47271,18.13823,52.96363,2.88425,4.53468,49.99,0597:12:30,1,08
16:36:11,0.18137,214.60,0.47591,18.53254,54.11501,2.88425,4.53468,49.99,0597:12:31,1,08
16:36:14,0.18064,214.60,0.47547,18.45096,53.87679,2.88425,4.53478,49.99,0597:12:34,1,08
16:36:15,0.17968,214.70,0.47287,18.247,53.28125,2.88425,4.53478,49.99,0597:12:35,1,08
16:36:16,0.17958,214.70,0.47322,18.2606,53.32095,2.88425,4.53478,49.97,0597:12:36,1,08
16:36:17,0.18173,214.70,0.47284,18.46455,53.91649,2.88425,4.53478,49.97,0597:12:37,1,08
16:36:19,0.17145,214.80,0.46125,16.99609,49.62858,2.88425,4.53478,49.99,0597:12:39,1,08
16:36:22,0.138,214.20,0.39982,11.82928,34.5415,2.88425,4.53478,50.00,0597:12:42,1,08
16:36:24,0.13866,214.50,0.40219,11.96525,34.93852,2.88425,4.53478,50.00,0597:12:44,1,08
16:36:25,0.17778,214.70,0.47189,18.02945,52.646,2.88425,4.53478,50.00,0597:12:45,1,08
16:36:26,0.18736,214.70,0.48243,19.41633,56.69569,2.88425,4.53478,50.00,0597:12:46,1,08
16:36:29,0.17783,214.70,0.46975,17.94787,52.40778,2.88425,4.53478,50.01,0597:12:49,1,08
16:36:30,0.17553,214.60,0.46934,17.68953,51.65343,2.88425,4.53478,50.01,0597:12:50,1,08
16:36:32,0.17582,214.60,0.46434,17.52637,51.17699,2.88435,4.53488,50.03,0597:12:52,1,08
16:36:34,0.17601,214.60,0.46835,17.70313,51.69313,2.88435,4.53488,50.01,0597:12:54,1,08
16:36:35,0.17601,214.60,0.46835,17.70313,51.69313,2.88435,4.53488,50.01,0597:12:55,1,08
16:36:36,0.19377,214.70,0.48498,20.19135,58.95876,2.88435,4.53488,50.04,0597:12:56,1,08
16:36:38,0.1924,214.70,0.48849,20.19135,58.95876,2.88435,4.53488,50.04,0597:12:58,1,08
16:36:39,0.19309,214.80,0.48919,20.30013,59.27638,2.88435,4.53488,50.04,0597:12:59,1,08
16:36:40,0.19364,214.70,0.49052,20.40891,59.59401,2.88435,4.53488,50.05,0597:13:00,1,08
16:36:43,0.19313,214.50,0.48917,20.27294,59.19698,2.88435,4.53488,50.05,0597:13:03,1,08
16:36:47,0.1942,214.40,0.49021,20.4225,59.63371,2.88435,4.53488,50.04,0597:13:07,1,08
16:36:49,0.19326,214.40,0.49016,20.32732,59.35579,2.88435,4.53498,50.05,0597:13:09,1,08
16:36:50,0.19492,214.50,0.48993,20.50408,59.87192,2.88445,4.53498,50.05,0597:13:10,1,08
16:36:51,0.19538,214.50,0.4906,20.57207,60.07044,2.88445,4.53498,50.05,0597:13:11,1,08
16:36:52,0.19389,214.40,0.49118,20.4361,59.67341,2.88445,4.53498,50.05,0597:13:12,1,08
16:36:54,0.19394,214.30,0.48921,20.34092,59.39548,2.88445,4.53498,50.05,0597:13:14,1,08
16:36:56,0.20108,214.30,0.49433,21.31989,62.25409,2.88445,4.53498,50.05,0597:13:16,1,08
16:36:57,0.20174,214.20,0.49686,21.48306,62.73053,2.88445,4.53498,50.04,0597:13:17,1,08
16:36:58,0.20231,214.20,0.49843,21.61903,63.12756,2.88445,4.53498,50.04,0597:13:18,1,08
16:36:59,0.20239,214.20,0.49781,21.59183,63.04815,2.88445,4.53498,50.04,0597:13:19,1,08
16:37:00,0.20092,214.10,0.49368,21.25191,62.05558,2.88445,4.53498,50.04,0597:13:20,1,08
16:37:03,0.20284,214.00,0.49843,21.64622,63.20696,2.88445,4.53498,50.04,0597:13:23,1,08
16:37:05,0.20426,214.10,0.49627,21.7142,63.40548,2.88445,4.53498,50.04,0597:13:25,1,08
16:37:06,0.20182,214.10,0.49843,21.55104,62.92904,2.88445,4.53509,50.04,0597:13:26,1,08
16:37:08,0.20256,213.60,0.4978,21.55104,62.92904,2.88455,4.53509,50.04,0597:13:28,1,08
16:37:09,0.2041,213.70,0.49782,21.7278,63.44518,2.88455,4.53509,50.04,0597:13:29,1,08
16:37:10,0.2041,213.80,0.49595,21.64622,63.20696,2.88455,4.53509,50.04,0597:13:30,1,08
16:37:17,0.203,214.30,0.49625,21.60543,63.08785,2.88455,4.53509,50.01,0597:13:37,1,08
16:37:18,0.20104,214.40,0.49527,21.36069,62.37321,2.88455,4.53509,50.01,0597:13:38,1,08
16:37:22,0.22125,214.40,0.50458,23.95769,69.95645,2.88455,4.53519,50.01,0597:13:42,1,08
16:37:23,0.22039,214.50,0.50431,23.84891,69.63883,2.88465,4.53519,50.01,0597:13:43,1,08
16:37:26,0.22091,214.60,0.50544,23.98488,70.03587,2.88465,4.53519,50.01,0597:13:46,1,08
16:37:28,0.22054,214.80,0.5043,23.9033,69.79764,2.88465,4.53519,50.01,0597:13:48,1,08
16:37:30,0.22013,214.90,0.50402,23.84891,69.63883,2.88465,4.53519,50.00,0597:13:50,1,08
16:37:31,0.22151,214.90,0.50457,24.03927,70.19467,2.88465,4.53519,49.99,0597:13:51,1,08
16:37:32,0.22069,215.00,0.50487,23.97128,69.99615,2.88465,4.53519,49.99,0597:13:52,1,08
16:37:35,0.21911,214.60,0.50347,23.68575,69.16239,2.88465,4.53519,49.99,0597:13:55,1,08
16:37:36,0.21904,214.60,0.50376,23.69935,69.2021,2.88465,4.53519,49.99,0597:13:56,1,08
16:37:37,0.2193,214.50,0.50318,23.68575,69.16239,2.88465,4.53529,49.99,0597:13:57,1,08
16:37:38,0.22006,214.30,0.5023,23.71294,69.2418,2.88476,4.53529,49.99,0597:13:58,1,08
16:37:39,0.22076,214.60,0.50459,23.9169,69.83735,2.88476,4.53529,49.99,0597:14:00,1,08
16:37:40,0.22076,214.60,0.50459,23.9169,69.83735,2.88476,4.53529,49.99,0597:14:00,1,08
16:37:43,0.22021,214.90,0.50345,23.83532,69.59912,2.88476,4.53529,50.00,0597:14:03,1,08
16:37:44,0.22006,215.00,0.50374,23.82172,69.55943,2.88476,4.53529,50.00,0597:14:05,1,08
16:37:48,0.2217,214.60,0.50371,23.98488,70.03587,2.88476,4.53529,49.99,0597:14:08,1,08
16:37:49,0.22035,214.50,0.50115,23.71294,69.2418,2.88476,4.53529,49.99,0597:14:09,1,08
16:37:52,0.22062,214.60,0.50402,23.87611,69.71825,2.88476,4.53529,49.97,0597:14:12,1,08
16:37:53,0.22322,214.90,0.50198,24.09365,70.35347,2.88476,4.53539,49.97,0597:14:13,1,08
16:37:54,0.2217,215.20,0.50313,24.01208,70.11526,2.88486,4.53539,49.97,0597:14:14,1,08
16:37:56,0.21967,215.10,0.5046,23.86251,69.67853,2.88486,4.53539,49.99,0597:14:17,1,08
16:37:57,0.21967,215.10,0.5046,23.86251,69.67853,2.88486,4.53539,49.99,0597:14:17,1,08
16:37:59,0.22024,215.10,0.5043,23.9033,69.79764,2.88486,4.53539,50.00,0597:14:19,1,08
16:38:00,0.23782,215.10,0.50239,25.71168,75.07812,2.88486,4.53539,50.00,0597:14:21,1,08
16:38:03,0.26432,215.10,0.50669,28.83897,84.20979,2.88486,4.53539,49.97,0597:14:23,1,08
16:38:05,0.26525,215.30,0.50524,28.86616,84.28918,2.88486,4.53539,50.00,0597:14:24,1,08
16:38:06,0.26428,215.30,0.50382,28.6894,83.77304,2.88486,4.53539,50.00,0597:14:25,1,08
16:38:07,0.26335,215.30,0.50455,28.62142,83.57454,2.88486,4.53539,50.00,0597:14:27,1,08
16:38:09,0.2664,215.40,0.50331,28.90695,84.40829,2.88496,4.53549,50.00,0597:14:29,1,08
16:38:10,0.2664,215.40,0.50331,28.90695,84.40829,2.88496,4.53549,50.00,0597:14:29,1,08
16:38:11,0.26503,215.30,0.5019,28.66221,83.69365,2.88496,4.53549,50.00,0597:14:30,1,08
16:38:15,0.26338,215.30,0.50407,28.60782,83.53484,2.88496,4.53549,50.01,0597:14:35,1,08
16:38:16,0.2625,215.30,0.50601,28.62142,83.57454,2.88496,4.53549,50.03,0597:14:36,1,08
16:38:17,0.2625,215.30,0.50601,28.62142,83.57454,2.88496,4.53549,50.03,0597:14:36,1,08
16:38:18,0.26385,215.20,0.50527,28.703,83.81275,2.88496,4.53549,50.03,0597:14:37,1,08
16:38:21,0.26463,215.30,0.50644,28.87976,84.3289,2.88506,4.53559,50.03,0597:14:41,1,08
16:38:22,0.26341,215.70,0.50526,28.71659,83.85246,2.88506,4.53559,50.03,0597:14:42,1,08
16:38:23,0.26341,215.70,0.50526,28.71659,83.85246,2.88506,4.53559,50.03,0597:14:42,1,08
16:38:24,0.26444,215.60,0.5062,28.87976,84.3289,2.88506,4.53559,50.03,0597:14:43,1,08
16:38:25,0.263,215.40,0.506,28.6894,83.77304,2.88506,4.53559,50.03,0597:14:45,1,08
16:38:26,0.2625,215.50,0.50672,28.6894,83.77304,2.88506,4.53559,50.03,0597:14:46,1,08
16:38:27,0.26356,215.30,0.50503,28.6894,83.77304,2.88506,4.53559,50.03,0597:14:47,1,08
16:38:28,0.26341,215.40,0.50647,28.75739,83.97157,2.88506,4.53559,50.03,0597:14:48,1,08
16:38:31,0.26171,215.30,0.50892,28.6894,83.77304,2.88506,4.53559,50.03,0597:14:51,1,08
16:38:34,0.26597,215.30,0.50403,28.87976,84.3289,2.88516,4.5357,50.01,0597:14:54,1,08
16:38:35,0.263,215.20,0.5084,28.79818,84.09068,2.88516,4.5357,50.01,0597:14:55,1,08
16:38:37,0.26328,215.20,0.50647,28.71659,83.85246,2.88516,4.5357,50.00,0597:14:57,1,08
16:38:39,0.26338,215.30,0.50575,28.703,83.81275,2.88516,4.5357,50.01,0597:14:59,1,08
16:38:42,0.16326,215.10,0.45163,15.86755,46.33324,2.88516,4.5357,50.00,0597:15:02,1,08
16:38:43,0.1412,214.90,0.40421,12.27798,35.85169,2.88516,4.5357,50.00,0597:15:03,1,08
16:38:44,0.13854,215.00,0.40192,11.97884,34.97823,2.88516,4.5357,49.99,0597:15:04,1,08
16:38:46,0.13795,215.00,0.40238,11.93806,34.85912,2.88516,4.5357,49.99,0597:15:06,1,08
16:38:47,0.13759,215.00,0.40119,11.87007,34.6606,2.88516,4.5357,49.99,0597:15:07,1,08
16:38:53,0.13818,215.50,0.40146,11.96525,34.93852,2.88526,4.5358,49.97,0597:15:13,1,08
16:38:54,0.13943,215.60,0.39873,11.99244,35.01793,2.88526,4.5358,49.96,0597:15:14,1,08
16:38:57,0.13849,215.30,0.40018,11.93806,34.85912,2.88526,4.5358,49.97,0597:15:17,1,08
16:39:00,0.13807,215.30,0.4021,11.95165,34.89882,2.88526,4.5358,49.97,0597:15:20,1,08
16:39:01,0.13854,215.20,0.40064,11.95165,34.89882,2.88526,4.5358,49.97,0597:15:21,1,08
16:39:02,0.13866,215.30,0.40073,11.96525,34.93852,2.88526,4.5358,49.97,0597:15:22,1,08
16:39:03,0.1392,215.40,0.39846,11.95165,34.89882,2.88526,4.5358,49.97,0597:15:23,1,08
16:39:04,0.13902,215.30,0.40054,11.99244,35.01793,2.88526,4.5358,49.97,0597:15:24,1,08
16:39:05,0.13825,215.20,0.40091,11.93806,34.85912,2.88526,4.5358,49.97,0597:15:25,1,08
16:39:11,0.13926,215.40,0.40118,12.03323,35.13704,2.88526,4.5359,49.97,0597:15:31,1,08
16:39:15,0.13854,215.00,0.401,11.95165,34.89882,2.88526,4.5359,49.99,0597:15:35,1,08
16:39:16,0.13878,215.10,0.39754,11.87007,34.6606,2.88526,4.5359,49.99,0597:15:36,1,08
16:39:17,0.1386,215.20,0.39973,11.92446,34.81942,2.88526,4.5359,49.99,0597:15:37,1,08
16:39:18,0.13842,215.30,0.40146,11.96525,34.93852,2.88526,4.5359,49.99,0597:15:38,1,08
16:39:19,0.13842,215.30,0.40146,11.96525,34.93852,2.88526,4.5359,49.99,0597:15:39,1,08
16:39:23,0.13825,215.50,0.40237,11.99244,35.01793,2.88536,4.5359,49.97,0597:15:43,1,08
16:39:28,0.13783,215.50,0.40165,11.93806,34.85912,2.88536,4.5359,49.99,0597:15:48,1,08
16:39:29,0.13795,215.50,0.40128,11.93806,34.85912,2.88536,4.5359,49.99,0597:15:49,1,08
16:39:33,0.13842,215.50,0.39927,11.91086,34.77971,2.88536,4.536,50.01,0597:15:53,1,08
16:39:37,0.13926,215.00,0.39882,11.95165,34.89882,2.88536,4.536,50.03,0597:15:57,1,08
16:39:39,0.13854,215.30,0.39936,11.92446,34.81942,2.88536,4.536,50.03,0597:15:59,1,08
16:39:40,0.13884,215.10,0.39854,11.91086,34.77971,2.88536,4.536,50.03,0597:16:00,1,08
16:39:42,0.13837,215.00,0.40046,11.92446,34.81942,2.88536,4.536,50.03,0597:16:02,1,08
16:39:43,0.13872,214.80,0.39963,11.91086,34.77971,2.88536,4.536,50.03,0597:16:03,1,08
16:39:44,0.13902,214.90,0.399,11.92446,34.81942,2.88536,4.536,50.03,0597:16:04,1,08
16:39:45,0.13973,215.00,0.39729,11.93806,34.85912,2.88536,4.536,50.04,0597:16:05,1,08
16:39:46,0.13854,215.10,0.39963,11.91086,34.77971,2.88536,4.536,50.04,0597:16:06,1,08
16:39:49,0.13825,215.00,0.39991,11.89726,34.74001,2.88536,4.536,50.04,0597:16:09,1,08
16:39:50,0.13837,215.00,0.40091,11.93806,34.85912,2.88536,4.536,50.04,0597:16:10,1,08
16:39:51,0.13837,215.10,0.4,11.91086,34.77971,2.88536,4.53611,50.01,0597:16:11,1,08
16:39:54,0.14073,215.10,0.4035,12.22359,35.69288,2.88547,4.53611,50.03,0597:16:14,1,08
16:39:55,0.14143,215.10,0.40259,12.25078,35.77228,2.88547,4.53611,50.01,0597:16:15,1,08
16:39:57,0.13842,215.00,0.40091,11.93806,34.85912,2.88547,4.53611,50.01,0597:16:17,1,08
16:39:58,0.13795,215.10,0.4011,11.91086,34.77971,2.88547,4.53611,50.01,0597:16:19,1,08
16:40:00,0.13795,215.10,0.4011,11.91086,34.77971,2.88547,4.53611,50.01,0597:16:19,1,08
16:40:02,0.13872,215.10,0.39982,11.93806,34.85912,2.88547,4.53611,50.00,0597:16:21,1,08
16:40:04,0.13795,215.20,0.40156,11.92446,34.81942,2.88547,4.53611,50.00,0597:16:24,1,08
16:40:05,0.13896,215.10,0.39818,11.91086,34.77971,2.88547,4.53611,50.00,0597:16:25,1,08
16:40:06,0.13896,215.10,0.39818,11.91086,34.77971,2.88547,4.53611,50.00,0597:16:25,1,08
16:40:08,0.13818,215.20,0.40037,11.91086,34.77971,2.88547,4.53611,49.99,0597:16:27,1,08
16:40:09,0.1389,215.20,0.39955,11.95165,34.89882,2.88547,4.53611,49.99,0597:16:28,1,08
16:40:10,0.1386,215.20,0.39891,11.91086,34.77971,2.88547,4.53611,49.99,0597:16:30,1,08
16:40:12,0.13837,215.30,0.40237,11.99244,35.01793,2.88547,4.53621,49.99,0597:16:31,1,08
16:40:13,0.13776,215.50,0.40156,11.92446,34.81942,2.88547,4.53621,49.99,0597:16:32,1,08
16:40:17,0.13788,215.40,0.40119,11.92446,34.81942,2.88547,4.53621,49.99,0597:16:36,1,08
16:40:18,0.13741,215.30,0.40074,11.85647,34.6209,2.88547,4.53621,49.97,0597:16:37,1,08
16:40:20,0.13849,215.20,0.39973,11.92446,34.81942,2.88547,4.53621,49.99,0597:16:40,1,08
16:40:22,0.13771,215.40,0.40055,11.88367,34.70031,2.88547,4.53621,49.99,0597:16:42,1,08
16:40:28,0.13746,214.90,0.39926,11.80208,34.46209,2.88557,4.53621,49.97,0597:16:48,1,08
16:40:29,0.1386,214.70,0.39909,11.88367,34.70031,2.88557,4.53621,49.97,0597:16:48,1,08
16:40:30,0.13896,214.60,0.40018,11.93806,34.85912,2.88557,4.53621,49.97,0597:16:49,1,08
16:40:31,0.13866,214.50,0.40037,11.91086,34.77971,2.88557,4.53621,49.97,0597:16:51,1,08
16:40:32,0.13866,214.40,0.40082,11.92446,34.81942,2.88557,4.53631,49.97,0597:16:52,1,08
16:40:33,0.13973,214.50,0.39801,11.93806,34.85912,2.88557,4.53631,49.97,0597:16:53,1,08
16:40:34,0.1389,214.50,0.39963,11.91086,34.77971,2.88557,4.53631,49.97,0597:16:54,1,08
16:40:36,0.13908,214.40,0.40018,11.93806,34.85912,2.88557,4.53631,49.99,0597:16:55,1,08
16:40:38,0.1389,214.00,0.39762,11.82928,34.5415,2.88557,4.53631,49.97,0597:16:58,1,08
16:40:39,0.13896,214.00,0.40037,11.91086,34.77971,2.88557,4.53631,49.97,0597:16:59,1,08
16:40:41,0.1392,214.00,0.40009,11.92446,34.81942,2.88557,4.53631,49.99,0597:17:00,1,08
16:40:42,0.14276,214.30,0.40489,12.38675,36.16931,2.88557,4.53631,49.99,0597:17:02,1,08
16:40:43,0.13996,214.40,0.39719,11.92446,34.81942,2.88557,4.53631,49.99,0597:17:03,1,08
16:40:44,0.13949,214.30,0.39818,11.91086,34.77971,2.88557,4.53631,49.97,0597:17:04,1,08
16:40:45,0.14044,214.30,0.39702,11.95165,34.89882,2.88557,4.53631,49.97,0597:17:05,1,08
16:40:46,0.13926,214.30,0.39936,11.92446,34.81942,2.88557,4.53631,49.99,0597:17:06,1,08
16:40:47,0.13931,214.10,0.39663,11.84288,34.5812,2.88557,4.53631,49.99,0597:17:06,1,08
16:40:49,0.13996,214.20,0.39755,11.92446,34.81942,2.88557,4.53631,49.99,0597:17:09,1,08
16:40:50,0.13955,214.30,0.39864,11.92446,34.81942,2.88557,4.53631,49.99,0597:17:10,1,08
16:40:51,0.13961,214.30,0.39827,11.92446,34.81942,2.88557,4.53631,49.99,0597:17:11,1,08
16:40:53,0.13961,214.30,0.39782,11.91086,34.77971,2.88557,4.53641,49.99,0597:17:13,1,08
16:40:54,0.13949,214.30,0.39864,11.92446,34.81942,2.88567,4.53641,49.97,0597:17:14,1,08
16:40:57,0.14149,214.30,0.39695,12.04683,35.17673,2.88567,4.53641,49.97,0597:17:17,1,08
16:40:58,0.14056,214.40,0.40036,12.07402,35.25615,2.88567,4.53641,49.97,0597:17:18,1,08
16:41:00,0.13926,214.60,0.39854,11.91086,34.77971,2.88567,4.53641,49.97,0597:17:20,1,08
16:41:01,0.13955,214.60,0.39791,11.92446,34.81942,2.88567,4.53641,49.97,0597:17:21,1,08
16:41:03,0.13908,214.70,0.39936,11.92446,34.81942,2.88567,4.53641,49.99,0597:17:23,1,08
16:41:06,0.13991,214.40,0.39719,11.92446,34.81942,2.88567,4.53641,49.96,0597:17:26,1,08
16:41:07,0.13931,214.30,0.39435,11.77489,34.38269,2.88567,4.53641,49.96,0597:17:27,1,08
16:41:09,0.13937,214.30,0.39763,11.88367,34.70031,2.88567,4.53641,49.99,0597:17:29,1,08
16:41:10,0.13949,214.30,0.39773,11.89726,34.74001,2.88567,4.53641,49.99,0597:17:30,1,08
16:41:11,0.14032,214.30,0.39747,11.96525,34.93852,2.88567,4.53641,49.99,0597:17:31,1,08
16:41:12,0.14044,214.40,0.39621,11.93806,34.85912,2.88567,4.53641,49.97,0597:17:32,1,08
16:41:14,0.13996,214.60,0.39729,11.93806,34.85912,2.88567,4.53651,50.00,0597:17:34,1,08
16:41:15,0.13967,214.50,0.39791,11.92446,34.81942,2.88567,4.53651,49.99,0597:17:35,1,08
16:41:16,0.14003,214.40,0.39674,11.91086,34.77971,2.88567,4.53651,49.99,0597:17:36,1,08
16:41:17,0.1392,214.20,0.3979,11.87007,34.6606,2.88567,4.53651,49.99,0597:17:37,1,08
16:41:18,0.13878,214.20,0.39899,11.87007,34.6606,2.88567,4.53651,49.97,0597:17:38,1,08
16:41:19,0.13926,214.30,0.39936,11.92446,34.81942,2.88567,4.53651,50.00,0597:17:39,1,08
16:41:25,0.13991,215.00,0.39657,11.93806,34.85912,2.88577,4.53651,50.01,0597:17:45,1,08
16:41:26,0.1402,215.10,0.3955,11.93806,34.85912,2.88577,4.53651,50.01,0597:17:46,1,08
16:41:27,0.13979,215.20,0.39657,11.93806,34.85912,2.88577,4.53651,50.01,0597:17:47,1,08
16:41:29,0.13949,215.10,0.39719,11.92446,34.81942,2.88577,4.53651,50.03,0597:17:49,1,08
16:41:30,0.14003,215.10,0.39531,11.91086,34.77971,2.88577,4.53651,50.03,0597:17:50,1,08
16:41:32,0.13908,215.00,0.39691,11.88367,34.70031,2.88577,4.53651,50.01,0597:17:52,1,08
16:41:33,0.1392,214.90,0.39782,11.91086,34.77971,2.88577,4.53661,50.01,0597:17:53,1,08
16:41:35,0.13996,214.80,0.39557,11.89726,34.74001,2.88577,4.53661,50.01,0597:17:55,1,08
16:41:36,0.13979,214.90,0.39593,11.89726,34.74001,2.88577,4.53661,50.01,0597:17:56,1,08
16:41:37,0.13979,214.90,0.39729,11.93806,34.85912,2.88577,4.53661,50.04,0597:17:57,1,08
16:41:38,0.14026,214.90,0.39495,11.91086,34.77971,2.88577,4.53661,50.04,0597:17:58,1,08
16:41:41,0.13973,214.70,0.39629,11.89726,34.74001,2.88577,4.53661,50.03,0597:18:01,1,08
16:41:44,0.14014,214.40,0.39512,11.88367,34.70031,2.88577,4.53661,50.04,0597:18:04,1,08
16:41:45,0.1402,214.60,0.39521,11.89726,34.74001,2.88577,4.53661,50.04,0597:18:05,1,08
16:41:46,0.1402,214.60,0.39521,11.89726,34.74001,2.88577,4.53661,50.04,0597:18:06,1,08
16:41:47,0.13979,214.50,0.39619,11.88367,34.70031,2.88577,4.53661,50.03,0597:18:07,1,08
16:41:48,0.13979,214.50,0.3971,11.91086,34.77971,2.88577,4.53661,50.03,0597:18:08,1,08
16:41:51,0.13979,214.30,0.39746,11.91086,34.77971,2.88577,4.53661,50.03,0597:18:11,1,08
16:41:52,0.13979,214.30,0.39746,11.91086,34.77971,2.88577,4.53661,50.03,0597:18:12,1,08
16:41:53,0.14037,214.30,0.39521,11.89726,34.74001,2.88577,4.53671,50.03,0597:18:13,1,08
16:41:54,0.14143,214.30,0.39282,11.91086,34.77971,2.88587,4.53671,50.03,0597:18:14,1,08
16:41:57,0.14091,214.30,0.39469,11.92446,34.81942,2.88587,4.53671,50.00,0597:18:17,1,08
16:42:00,0.13967,214.10,0.39545,11.82928,34.5415,2.88587,4.53671,50.00,0597:18:20,1,08
16:42:02,0.14014,214.00,0.39755,11.92446,34.81942,2.88587,4.53671,49.99,0597:18:21,1,08
16:42:03,0.14032,213.90,0.39538,11.87007,34.6606,2.88587,4.53671,49.99,0597:18:22,1,08
16:42:04,0.14056,214.00,0.39657,11.93806,34.85912,2.88587,4.53671,49.99,0597:18:24,1,08
16:42:05,0.14056,214.00,0.39657,11.93806,34.85912,2.88587,4.53671,49.99,0597:18:24,1,08
16:42:06,0.13967,214.10,0.39773,11.89726,34.74001,2.88587,4.53671,49.99,0597:18:25,1,08
16:42:09,0.13961,214.10,0.39864,11.92446,34.81942,2.88587,4.53671,49.97,0597:18:28,1,08
16:42:10,0.13961,214.10,0.39864,11.92446,34.81942,2.88587,4.53671,49.99,0597:18:29,1,08
16:42:11,0.14079,214.00,0.39801,11.99244,35.01793,2.88587,4.53671,49.99,0597:18:30,1,08
16:42:12,0.13961,214.00,0.39854,11.91086,34.77971,2.88587,4.53671,49.97,0597:18:31,1,08
16:42:13,0.14032,214.10,0.39638,11.91086,34.77971,2.88587,4.53681,49.97,0597:18:32,1,08
16:42:16,0.13908,214.50,0.39845,11.89726,34.74001,2.88587,4.53681,49.97,0597:18:35,1,08
16:42:18,0.13996,214.20,0.3971,11.91086,34.77971,2.88587,4.53681,49.99,0597:18:37,1,08
16:42:22,0.13902,214.20,0.39872,11.88367,34.70031,2.88587,4.53681,49.99,0597:18:41,1,08
16:42:23,0.13902,214.20,0.39963,11.91086,34.77971,2.88587,4.53681,49.99,0597:18:42,1,08
16:42:24,0.13837,214.30,0.40055,11.88367,34.70031,2.88587,4.53681,49.99,0597:18:43,1,08
16:42:26,0.13908,214.20,0.39918,11.89726,34.74001,2.88597,4.53681,49.99,0597:18:46,1,08
16:42:27,0.13973,214.10,0.39782,11.91086,34.77971,2.88597,4.53681,49.99,0597:18:47,1,08
16:42:34,0.13931,214.10,0.39927,11.91086,34.77971,2.88597,4.53692,49.97,0597:18:53,1,08
16:42:35,0.1389,214.10,0.39991,11.89726,34.74001,2.88597,4.53692,49.97,0597:18:54,1,08
16:42:36,0.13908,213.50,0.39936,11.87007,34.6606,2.88597,4.53692,49.99,0597:18:55,1,08
16:42:37,0.13985,213.90,0.39782,11.91086,34.77971,2.88597,4.53692,49.99,0597:18:57,1,08
16:42:38,0.13985,214.10,0.39827,11.92446,34.81942,2.88597,4.53692,49.99,0597:18:58,1,08
16:42:39,0.14114,214.10,0.39388,11.91086,34.77971,2.88597,4.53692,49.99,0597:18:59,1,08
16:42:41,0.14114,214.00,0.39154,11.82928,34.5415,2.88597,4.53692,50.00,0597:19:00,1,08
16:42:42,0.14126,214.00,0.39344,11.89726,34.74001,2.88597,4.53692,49.99,0597:19:01,1,08
16:42:44,0.14149,214.10,0.39273,11.89726,34.74001,2.88597,4.53692,49.99,0597:19:04,1,08
16:42:46,0.14178,214.10,0.39167,11.89726,34.74001,2.88597,4.53692,49.99,0597:19:05,1,08
16:42:47,0.14225,214.30,0.39117,11.92446,34.81942,2.88597,4.53692,49.99,0597:19:06,1,08
16:42:48,0.14149,214.30,0.39202,11.89726,34.74001,2.88597,4.53692,49.99,0597:19:08,1,08
16:42:49,0.14155,214.30,0.39113,11.87007,34.6606,2.88597,4.53692,49.99,0597:19:09,1,08
16:42:50,0.14143,214.20,0.39282,11.91086,34.77971,2.88597,4.53692,50.00,0597:19:10,1,08
16:42:54,0.14195,214.20,0.39231,11.93806,34.85912,2.88597,4.53702,50.01,0597:19:14,1,08
16:42:55,0.14213,214.30,0.39072,11.91086,34.77971,2.88607,4.53702,50.01,0597:19:15,1,08
16:42:56,0.14167,214.30,0.39078,11.87007,34.6606,2.88607,4.53702,50.00,0597:19:16,1,08
16:43:00,0.14213,214.40,0.38983,11.88367,34.70031,2.88607,4.53702,50.01,0597:19:20,1,08
16:43:03,0.14334,214.40,0.39381,12.10122,35.33555,2.88607,4.53702,50.01,0597:19:23,1,08
16:43:05,0.14167,214.40,0.39123,11.88367,34.70031,2.88607,4.53702,50.01,0597:19:25,1,08
16:43:08,0.14894,214.30,0.40503,12.93063,37.75743,2.88607,4.53702,50.03,0597:19:28,1,08
16:43:12,0.1412,214.30,0.39263,11.88367,34.70031,2.88607,4.53702,50.03,0597:19:32,1,08
16:43:13,0.14108,214.30,0.39308,11.89726,34.74001,2.88607,4.53712,50.03,0597:19:33,1,08
16:43:16,0.14067,214.60,0.39379,11.89726,34.74001,2.88607,4.53712,50.01,0597:19:36,1,08
16:43:17,0.14103,214.70,0.39363,11.92446,34.81942,2.88607,4.53712,50.01,0597:19:37,1,08
16:43:18,0.14037,214.90,0.39414,11.89726,34.74001,2.88607,4.53712,50.03,0597:19:38,1,08
16:43:20,0.14137,214.80,0.39167,11.89726,34.74001,2.88607,4.53712,50.03,0597:19:40,1,08
16:43:22,0.14103,214.40,0.39308,11.89726,34.74001,2.88607,4.53712,50.01,0597:19:42,1,08
16:43:23,0.14143,214.50,0.39247,11.91086,34.77971,2.88607,4.53712,50.01,0597:19:43,1,08
16:43:24,0.14108,214.70,0.39228,11.88367,34.70031,2.88607,4.53712,50.03,0597:19:44,1,08
16:43:27,0.14108,214.60,0.39318,11.91086,34.77971,2.88617,4.53712,50.00,0597:19:47,1,08
16:43:28,0.1412,214.60,0.39238,11.89726,34.74001,2.88617,4.53712,50.00,0597:19:48,1,08
16:43:33,0.14061,213.90,0.39014,11.7341,34.26358,2.88617,4.53722,49.97,0597:19:53,1,08
16:43:35,0.14114,213.70,0.3936,11.87007,34.6606,2.88617,4.53722,49.99,0597:19:55,1,08
16:43:37,0.14108,213.70,0.3945,11.89726,34.74001,2.88617,4.53722,49.97,0597:19:57,1,08
16:43:39,0.14149,213.70,0.39344,11.89726,34.74001,2.88617,4.53722,49.97,0597:19:59,1,08
16:43:41,0.1412,213.60,0.39505,11.92446,34.81942,2.88617,4.53722,49.97,0597:20:01,1,08
16:43:42,0.14044,213.60,0.39221,11.77489,34.38269,2.88617,4.53722,49.97,0597:20:02,1,08
16:43:43,0.14084,213.60,0.39521,11.89726,34.74001,2.88617,4.53722,49.96,0597:20:03,1,08
16:43:46,0.14253,213.80,0.39607,12.07402,35.25615,2.88617,4.53722,49.97,0597:20:06,1,08
16:43:47,0.14108,213.80,0.39324,11.87007,34.6606,2.88617,4.53722,49.95,0597:20:07,1,08
16:43:48,0.14084,213.90,0.3944,11.88367,34.70031,2.88617,4.53722,49.95,0597:20:08,1,08
16:43:50,0.14126,213.90,0.39424,11.91086,34.77971,2.88617,4.53722,49.96,0597:20:10,1,08
16:43:51,0.14108,213.70,0.3945,11.89726,34.74001,2.88617,4.53722,49.97,0597:20:11,1,08
16:43:52,0.14103,213.60,0.3935,11.85647,34.6209,2.88617,4.53732,49.97,0597:20:12,1,08
16:43:53,0.1412,213.50,0.3945,11.89726,34.74001,2.88617,4.53732,49.96,0597:20:13,1,08
16:43:56,0.14172,213.80,0.39193,11.88367,34.70031,2.88627,4.53732,49.96,0597:20:16,1,08
16:43:57,0.14137,213.90,0.39299,11.88367,34.70031,2.88627,4.53732,49.97,0597:20:17,1,08
16:43:58,0.14137,213.50,0.39379,11.89726,34.74001,2.88627,4.53732,49.97,0597:20:18,1,08
16:44:01,0.14084,213.50,0.39241,11.80208,34.46209,2.88627,4.53732,49.95,0597:20:21,1,08
16:44:05,0.14219,213.80,0.3941,11.99244,35.01793,2.88627,4.53732,49.97,0597:20:24,1,08
16:44:06,0.14323,213.90,0.39707,12.1692,35.53407,2.88627,4.53732,49.97,0597:20:25,1,08
16:44:07,0.1416,214.00,0.39238,11.89726,34.74001,2.88627,4.53732,49.97,0597:20:26,1,08
16:44:08,0.14103,214.00,0.39369,11.88367,34.70031,2.88627,4.53732,49.97,0597:20:27,1,08
16:44:09,0.14103,214.00,0.39369,11.88367,34.70031,2.88627,4.53732,49.97,0597:20:28,1,08
16:44:10,0.1412,213.70,0.39505,11.92446,34.81942,2.88627,4.53732,49.97,0597:20:29,1,08
16:44:11,0.14073,213.80,0.39521,11.89726,34.74001,2.88627,4.53732,49.97,0597:20:30,1,08
16:44:13,0.1412,213.70,0.39369,11.88367,34.70031,2.88627,4.53742,49.97,0597:20:32,1,08
16:44:16,0.14114,213.70,0.39369,11.88367,34.70031,2.88627,4.53742,49.97,0597:20:35,1,08
16:44:18,0.14079,213.80,0.3944,11.88367,34.70031,2.88627,4.53742,49.97,0597:20:37,1,08
16:44:21,0.1402,213.50,0.39419,11.80208,34.46209,2.88627,4.53742,49.97,0597:20:40,1,08
16:44:22,0.14026,213.50,0.39564,11.85647,34.6209,2.88627,4.53742,49.97,0597:20:41,1,08
16:44:23,0.14044,213.50,0.39619,11.88367,34.70031,2.88627,4.53742,49.97,0597:20:42,1,08
16:44:24,0.1402,213.60,0.39564,11.85647,34.6209,2.88627,4.53742,49.96,0597:20:43,1,08
16:44:25,0.14079,213.80,0.39431,11.87007,34.6606,2.88627,4.53742,49.96,0597:20:44,1,08
16:44:26,0.1402,213.80,0.39619,11.88367,34.70031,2.88637,4.53742,49.99,0597:20:46,1,08
16:44:27,0.14008,213.80,0.39655,11.88367,34.70031,2.88637,4.53742,49.99,0597:20:46,1,08
16:44:30,0.13937,213.50,0.39817,11.85647,34.6209,2.88637,4.53742,49.99,0597:20:49,1,08
16:44:33,0.13711,212.80,0.40689,11.88367,34.70031,2.88637,4.53752,49.99,0597:20:52,1,08
16:44:35,0.13729,213.00,0.40613,11.88367,34.70031,2.88637,4.53752,49.97,0597:20:54,1,08
16:44:36,0.13813,213.10,0.40351,11.88367,34.70031,2.88637,4.53752,49.97,0597:20:55,1,08
16:44:37,0.13788,213.30,0.40434,11.89726,34.74001,2.88637,4.53752,49.97,0597:20:57,1,08
16:44:38,0.13914,213.40,0.40018,11.88367,34.70031,2.88637,4.53752,49.99,0597:20:58,1,08
16:44:39,0.13926,213.50,0.39899,11.87007,34.6606,2.88637,4.53752,49.99,0597:20:58,1,08
16:44:40,0.13967,214.00,0.39945,11.93806,34.85912,2.88637,4.53752,50.00,0597:20:59,1,08
16:44:44,0.14003,213.90,0.39746,11.91086,34.77971,2.88637,4.53752,50.01,0597:21:03,1,08
16:44:45,0.13973,214.00,0.39682,11.87007,34.6606,2.88637,4.53752,50.01,0597:21:04,1,08
16:44:46,0.14003,214.10,0.39665,11.89726,34.74001,2.88637,4.53752,50.01,0597:21:05,1,08
16:44:47,0.13996,214.20,0.39619,11.88367,34.70031,2.88637,4.53752,50.01,0597:21:06,1,08
16:44:50,0.13979,214.10,0.39691,11.88367,34.70031,2.88637,4.53752,50.01,0597:21:09,1,08
16:44:51,0.13937,214.20,0.39754,11.87007,34.6606,2.88637,4.53752,50.01,0597:21:10,1,08
16:44:52,0.13931,214.10,0.39836,11.88367,34.70031,2.88637,4.53752,50.03,0597:21:11,1,08
16:44:53,0.13926,214.10,0.39745,11.85647,34.6209,2.88637,4.53762,50.03,0597:21:13,1,08
16:44:56,0.13914,214.10,0.39827,11.87007,34.6606,2.88647,4.53762,50.01,0597:21:15,1,08
16:44:57,0.1392,214.10,0.3979,11.87007,34.6606,2.88647,4.53762,50.01,0597:21:16,1,08
16:45:00,0.13961,214.40,0.396,11.85647,34.6209,2.88647,4.53762,50.01,0597:21:20,1,08
16:45:01,0.13837,214.50,0.39835,11.82928,34.5415,2.88647,4.53762,50.00,0597:21:21,1,08
16:45:04,0.13991,214.00,0.39691,11.88367,34.70031,2.88647,4.53762,49.99,0597:21:24,1,08
16:45:05,0.13931,213.90,0.39781,11.85647,34.6209,2.88647,4.53762,49.99,0597:21:25,1,08
16:45:06,0.13985,213.70,0.39682,11.87007,34.6606,2.88647,4.53762,50.00,0597:21:26,1,08
16:45:10,0.1419,214.10,0.40116,12.19639,35.61347,2.88647,4.53762,49.97,0597:21:30,1,08
16:45:11,0.14248,214.10,0.40196,12.26438,35.81199,2.88647,4.53762,49.97,0597:21:31,1,08
16:45:12,0.1402,214.00,0.39674,11.91086,34.77971,2.88647,4.53762,49.99,0597:21:32,1,08
16:45:13,0.13985,214.00,0.39737,11.89726,34.74001,2.88647,4.53773,49.96,0597:21:33,1,08
16:45:14,0.13926,214.00,0.39471,11.77489,34.38269,2.88647,4.53773,49.96,0597:21:33,1,08
16:45:15,0.13937,214.10,0.39845,11.89726,34.74001,2.88647,4.53773,49.96,0597:21:35,1,08
16:45:16,0.13955,214.20,0.39682,11.87007,34.6606,2.88647,4.53773,49.97,0597:21:36,1,08
16:45:17,0.13961,214.40,0.39691,11.88367,34.70031,2.88647,4.53773,49.97,0597:21:37,1,08
16:45:19,0.13949,214.60,0.39691,11.88367,34.70031,2.88647,4.53773,49.97,0597:21:39,1,08
16:45:20,0.13949,214.60,0.39691,11.88367,34.70031,2.88647,4.53773,49.97,0597:21:40,1,08
16:45:21,0.14003,214.50,0.39638,11.91086,34.77971,2.88647,4.53773,49.97,0597:21:41,1,08
16:45:24,0.13937,214.40,0.39727,11.88367,34.70031,2.88647,4.53773,49.97,0597:21:44,1,08
16:45:26,0.13967,214.30,0.396,11.85647,34.6209,2.88657,4.53773,49.97,0597:21:46,1,08
16:45:28,0.13973,214.40,0.3961,11.87007,34.6606,2.88657,4.53773,49.99,0597:21:48,1,08
16:45:29,0.13943,214.50,0.39727,11.88367,34.70031,2.88657,4.53773,49.97,0597:21:49,1,08
16:45:32,0.13914,214.30,0.3979,11.87007,34.6606,2.88657,4.53773,49.97,0597:21:52,1,08
16:45:34,0.13902,214.00,0.39863,11.87007,34.6606,2.88657,4.53783,49.97,0597:21:54,1,08
16:45:37,0.13979,214.10,0.39646,11.87007,34.6606,2.88657,4.53783,49.97,0597:21:57,1,08
16:45:39,0.14014,214.20,0.39593,11.89726,34.74001,2.88657,4.53783,49.96,0597:21:59,1,08
16:45:41,0.14003,214.20,0.39629,11.89726,34.74001,2.88657,4.53783,49.97,0597:22:01,1,08
16:45:42,0.1392,214.30,0.39426,11.7613,34.34298,2.88657,4.53783,49.97,0597:22:02,1,08
16:45:44,0.13996,214.30,0.39619,11.88367,34.70031,2.88657,4.53783,49.96,0597:22:04,1,08
16:45:45,0.13991,214.30,0.39574,11.87007,34.6606,2.88657,4.53783,49.99,0597:22:05,1,08
16:45:52,0.13908,214.60,0.39481,11.78849,34.42239,2.88657,4.53783,49.99,0597:22:12,1,08
16:45:53,0.1392,214.70,0.39718,11.87007,34.6606,2.88657,4.53793,49.97,0597:22:13,1,08
16:45:56,0.13931,214.60,0.39636,11.85647,34.6209,2.88657,4.53793,49.99,0597:22:15,1,08
16:45:59,0.13996,215.00,0.39476,11.88367,34.70031,2.88667,4.53793,49.97,0597:22:18,1,08
16:46:00,0.13943,215.10,0.39619,11.88367,34.70031,2.88667,4.53793,49.99,0597:22:19,1,08
16:46:01,0.13931,215.00,0.3961,11.87007,34.6606,2.88667,4.53793,49.99,0597:22:20,1,08
16:46:03,0.13926,214.80,0.39727,11.88367,34.70031,2.88667,4.53793,50.00,0597:22:22,1,08
16:46:06,0.13908,214.90,0.395,11.81568,34.50179,2.88667,4.53793,49.99,0597:22:25,1,08
16:46:07,0.13896,214.90,0.39718,11.87007,34.6606,2.88667,4.53793,49.99,0597:22:26,1,08
16:46:08,0.13943,214.90,0.39655,11.88367,34.70031,2.88667,4.53793,49.99,0597:22:27,1,08
16:46:09,0.1392,214.80,0.39727,11.88367,34.70031,2.88667,4.53793,49.99,0597:22:28,1,08
16:46:10,0.1392,214.90,0.396,11.85647,34.6209,2.88667,4.53793,49.99,0597:22:29,1,08
16:46:13,0.13872,214.90,0.3979,11.87007,34.6606,2.88667,4.53793,50.00,0597:22:32,1,08
16:46:16,0.13943,214.60,0.39646,11.87007,34.6606,2.88667,4.53803,50.01,0597:22:35,1,08
16:46:19,0.13926,214.50,0.39854,11.91086,34.77971,2.88667,4.53803,50.00,0597:22:38,1,08
16:46:21,0.13949,214.60,0.39701,11.89726,34.74001,2.88667,4.53803,50.01,0597:22:40,1,08
16:46:22,0.13854,214.70,0.39945,11.88367,34.70031,2.88667,4.53803,50.01,0597:22:41,1,08
16:46:24,0.13955,214.70,0.39746,11.91086,34.77971,2.88667,4.53803,50.01,0597:22:43,1,08
16:46:25,0.13926,214.70,0.39636,11.85647,34.6209,2.88667,4.53803,50.01,0597:22:44,1,08
16:46:26,0.13908,214.80,0.39627,11.84288,34.5812,2.88667,4.53803,50.01,0597:22:45,1,08
16:46:27,0.13896,214.90,0.39672,11.85647,34.6209,2.88677,4.53803,50.01,0597:22:46,1,08
16:46:28,0.1386,215.20,0.39709,11.85647,34.6209,2.88677,4.53803,50.00,0597:22:47,1,08
16:46:29,0.13884,215.30,0.39682,11.87007,34.6606,2.88677,4.53803,50.00,0597:22:48,1,08
16:46:30,0.13908,215.30,0.3961,11.87007,34.6606,2.88677,4.53803,50.01,0597:22:49,1,08
16:46:32,0.1392,215.10,0.39655,11.88367,34.70031,2.88677,4.53803,50.01,0597:22:52,1,08
16:46:33,0.13955,215.10,0.39538,11.87007,34.6606,2.88677,4.53803,50.01,0597:22:52,1,08
16:46:35,0.13662,214.90,0.4037,11.85647,34.6209,2.88677,4.53814,50.01,0597:22:54,1,08
16:46:37,0.13674,214.60,0.40231,11.81568,34.50179,2.88677,4.53814,50.03,0597:22:56,1,08
16:46:38,0.13711,214.60,0.40434,11.89726,34.74001,2.88677,4.53814,50.04,0597:22:58,1,08
16:46:41,0.13674,214.60,0.4037,11.85647,34.6209,2.88677,4.53814,50.01,0597:23:00,1,08
16:46:42,0.13741,214.50,0.40221,11.85647,34.6209,2.88677,4.53814,50.01,0597:23:01,1,08
16:46:43,0.13692,214.60,0.40287,11.84288,34.5812,2.88677,4.53814,50.01,0597:23:03,1,08
16:46:45,0.13644,214.60,0.40529,11.87007,34.6606,2.88677,4.53814,50.01,0597:23:04,1,08
16:46:47,0.13638,214.80,0.40584,11.89726,34.74001,2.88677,4.53814,50.00,0597:23:06,1,08
16:46:55,0.13644,215.30,0.40426,11.88367,34.70031,2.88677,4.53824,50.00,0597:23:15,1,08
16:47:01,0.13662,215.00,0.40241,11.82928,34.5415,2.88687,4.53824,49.99,0597:23:21,1,08
16:47:02,0.13717,215.20,0.40285,11.89726,34.74001,2.88687,4.53824,49.99,0597:23:21,1,08
16:47:04,0.13687,215.40,0.40276,11.88367,34.70031,2.88687,4.53824,49.99,0597:23:23,1,08
16:47:05,0.13704,215.50,0.40248,11.89726,34.74001,2.88687,4.53824,49.99,0597:23:25,1,08
16:47:06,0.13668,215.50,0.40314,11.88367,34.70031,2.88687,4.53824,49.96,0597:23:26,1,08
16:47:07,0.13764,215.50,0.40055,11.88367,34.70031,2.88687,4.53824,49.96,0597:23:27,1,08
16:47:09,0.13626,215.20,0.40037,11.7477,34.30328,2.88687,4.53824,49.96,0597:23:28,1,08
16:47:11,0.13632,215.40,0.40509,11.89726,34.74001,2.88687,4.53824,49.95,0597:23:31,1,08
16:47:12,0.13729,215.40,0.40349,11.93806,34.85912,2.88687,4.53824,49.97,0597:23:32,1,08
16:47:15,0.13837,215.60,0.40702,12.14201,35.45466,2.88687,4.53824,49.97,0597:23:34,1,08
16:47:16,0.13668,215.50,0.4036,11.89726,34.74001,2.88687,4.53834,49.97,0597:23:36,1,08
16:47:18,0.13687,215.40,0.40369,11.91086,34.77971,2.88687,4.53834,49.99,0597:23:38,1,08
16:47:19,0.13711,215.30,0.40239,11.88367,34.70031,2.88687,4.53834,50.00,0597:23:39,1,08
16:47:20,0.13711,215.30,0.40239,11.88367,34.70031,2.88687,4.53834,50.00,0597:23:39,1,08
16:47:22,0.13872,215.30,0.39763,11.88367,34.70031,2.88687,4.53834,49.99,0597:23:42,1,08
16:47:25,0.13759,215.40,0.40138,11.89726,34.74001,2.88687,4.53834,49.99,0597:23:44,1,08
16:47:27,0.13825,215.60,0.39836,11.88367,34.70031,2.88697,4.53834,49.99,0597:23:47,1,08
16:47:28,0.14155,215.50,0.40249,12.29157,35.89139,2.88697,4.53834,49.99,0597:23:48,1,08
16:47:32,0.13753,215.40,0.40183,11.91086,34.77971,2.88697,4.53834,50.00,0597:23:52,1,08
16:47:35,0.13741,215.40,0.39945,11.82928,34.5415,2.88697,4.53834,50.01,0597:23:55,1,08
16:47:37,0.13699,215.40,0.40138,11.84288,34.5812,2.88697,4.53844,50.01,0597:23:56,1,08
16:47:38,0.13674,215.30,0.40305,11.87007,34.6606,2.88697,4.53844,50.01,0597:23:58,1,08
16:47:40,0.13699,214.90,0.40212,11.84288,34.5812,2.88697,4.53844,50.03,0597:24:00,1,08
16:47:43,0.1365,214.80,0.40593,11.91086,34.77971,2.88697,4.53844,50.01,0597:24:03,1,08
16:47:45,0.13632,215.10,0.40454,11.87007,34.6606,2.88697,4.53844,50.05,0597:24:05,1,08
16:47:46,0.13626,214.90,0.40529,11.87007,34.6606,2.88697,4.53844,50.05,0597:24:06,1,08
16:47:50,0.13662,214.50,0.40399,11.84288,34.5812,2.88697,4.53844,50.05,0597:24:10,1,08
16:47:54,0.13734,214.80,0.40184,11.85647,34.6209,2.88697,4.53844,50.03,0597:24:14,1,08
16:47:59,0.13722,214.80,0.40268,11.87007,34.6606,2.88707,4.53854,50.04,0597:24:18,1,08
16:48:00,0.13753,214.70,0.40147,11.85647,34.6209,2.88707,4.53854,50.01,0597:24:19,1,08
16:48:01,0.13734,214.70,0.40138,11.84288,34.5812,2.88707,4.53854,50.01,0597:24:20,1,08
16:48:02,0.13704,214.60,0.40296,11.85647,34.6209,2.88707,4.53854,50.03,0597:24:21,1,08
16:48:04,0.13783,214.70,0.40083,11.87007,34.6606,2.88707,4.53854,50.00,0597:24:23,1,08
16:48:05,0.13699,214.80,0.40296,11.85647,34.6209,2.88707,4.53854,50.00,0597:24:24,1,08
16:48:06,0.13711,214.80,0.40314,11.88367,34.70031,2.88707,4.53854,49.99,0597:24:25,1,08
16:48:07,0.13711,214.80,0.40314,11.88367,34.70031,2.88707,4.53854,49.99,0597:24:26,1,08
16:48:08,0.13687,214.90,0.40111,11.80208,34.46209,2.88707,4.53854,49.97,0597:24:27,1,08
16:48:15,0.13759,215.30,0.40092,11.88367,34.70031,2.88707,4.53854,49.96,0597:24:34,1,08
16:48:16,0.13741,215.20,0.39936,11.81568,34.50179,2.88707,4.53854,49.95,0597:24:35,1,08
16:48:19,0.13807,215.30,0.39991,11.89726,34.74001,2.88707,4.53864,49.95,0597:24:38,1,08
16:48:20,0.13741,215.40,0.40083,11.87007,34.6606,2.88707,4.53864,49.96,0597:24:39,1,08
16:48:24,0.13818,215.20,0.39945,11.88367,34.70031,2.88707,4.53864,49.96,0597:24:43,1,08
16:48:25,0.138,215.10,0.39881,11.84288,34.5812,2.88707,4.53864,49.96,0597:24:44,1,08
16:48:26,0.13722,215.00,0.39862,11.7613,34.34298,2.88707,4.53864,49.96,0597:24:45,1,08
16:48:30,0.13699,215.00,0.40305,11.87007,34.6606,2.88717,4.53864,49.95,0597:24:49,1,08
16:48:33,0.138,215.00,0.39963,11.85647,34.6209,2.88717,4.53864,49.97,0597:24:52,1,08
16:48:34,0.13674,214.80,0.40379,11.87007,34.6606,2.88717,4.53864,49.96,0597:24:53,1,08
16:48:35,0.13674,214.80,0.40194,11.81568,34.50179,2.88717,4.53864,49.96,0597:24:54,1,08
16:48:39,0.13741,215.40,0.40037,11.85647,34.6209,2.88717,4.53874,49.97,0597:24:58,1,08
16:48:40,0.13729,215.40,0.40074,11.85647,34.6209,2.88717,4.53874,49.97,0597:24:59,1,08
16:48:41,0.13711,215.40,0.40101,11.84288,34.5812,2.88717,4.53874,49.97,0597:25:00,1,08
16:48:42,0.13729,215.30,0.4011,11.85647,34.6209,2.88717,4.53874,49.97,0597:25:01,1,08
16:48:44,0.13632,215.20,0.40408,11.85647,34.6209,2.88717,4.53874,49.96,0597:25:03,1,08
16:48:48,0.13657,215.20,0.40241,11.82928,34.5415,2.88717,4.53874,49.96,0597:25:08,1,08
16:48:49,0.13711,215.30,0.40193,11.87007,34.6606,2.88717,4.53874,49.96,0597:25:08,1,08
16:48:50,0.1365,215.40,0.40296,11.85647,34.6209,2.88717,4.53874,49.97,0597:25:09,1,08
16:48:51,0.1365,215.50,0.40342,11.87007,34.6606,2.88717,4.53874,49.97,0597:25:10,1,08
16:48:52,0.13692,215.40,0.40138,11.84288,34.5812,2.88717,4.53874,49.96,0597:25:11,1,08
16:48:54,0.13734,215.30,0.40211,11.89726,34.74001,2.88717,4.53874,49.97,0597:25:14,1,08
16:48:55,0.13626,215.40,0.4037,11.85647,34.6209,2.88717,4.53874,49.97,0597:25:14,1,08
16:48:56,0.13668,215.40,0.40305,11.87007,34.6606,2.88717,4.53874,49.97,0597:25:15,1,08
16:48:57,0.13608,215.50,0.4013,11.77489,34.38269,2.88717,4.53874,49.97,0597:25:16,1,08
16:48:58,0.13577,215.50,0.4052,11.85647,34.6209,2.88717,4.53874,49.97,0597:25:17,1,08
16:49:00,0.1365,215.50,0.40296,11.85647,34.6209,2.88727,4.53885,49.99,0597:25:20,1,08
16:49:01,0.13729,215.50,0.40119,11.87007,34.6606,2.88727,4.53885,49.99,0597:25:20,1,08
16:49:02,0.1365,215.40,0.40203,11.82928,34.5415,2.88727,4.53885,49.97,0597:25:21,1,08
16:49:03,0.13608,215.40,0.40445,11.85647,34.6209,2.88727,4.53885,49.97,0597:25:22,1,08
16:49:04,0.13608,215.50,0.405,11.88367,34.70031,2.88727,4.53885,49.99,0597:25:23,1,08
16:49:05,0.13584,215.70,0.40492,11.87007,34.6606,2.88727,4.53885,49.99,0597:25:25,1,08
16:49:07,0.13614,215.70,0.40379,11.87007,34.6606,2.88727,4.53885,49.97,0597:25:26,1,08
16:49:09,0.1362,215.80,0.40379,11.87007,34.6606,2.88727,4.53885,49.97,0597:25:28,1,08
16:49:10,0.13498,215.80,0.40438,11.78849,34.42239,2.88727,4.53885,49.99,0597:25:30,1,08
16:49:14,0.13632,215.70,0.40342,11.87007,34.6606,2.88727,4.53885,50.00,0597:25:33,1,08
16:49:16,0.13657,215.70,0.40221,11.85647,34.6209,2.88727,4.53885,49.99,0597:25:36,1,08
16:49:17,0.13644,215.40,0.40287,11.84288,34.5812,2.88727,4.53885,50.01,0597:25:37,1,08
16:49:19,0.13638,215.50,0.40379,11.87007,34.6606,2.88727,4.53885,50.01,0597:25:38,1,08
16:49:20,0.13741,215.60,0.40229,11.92446,34.81942,2.88727,4.53895,50.00,0597:25:39,1,08
16:49:21,0.13872,215.50,0.40455,12.10122,35.33555,2.88727,4.53895,50.00,0597:25:41,1,08
16:49:22,0.1362,215.40,0.40269,11.81568,34.50179,2.88727,4.53895,50.03,0597:25:42,1,08
16:49:23,0.13657,215.30,0.4025,11.84288,34.5812,2.88727,4.53895,50.01,0597:25:43,1,08
16:49:24,0.13699,215.30,0.40138,11.84288,34.5812,2.88727,4.53895,50.01,0597:25:44,1,08
16:49:25,0.13699,215.30,0.40138,11.84288,34.5812,2.88727,4.53895,50.01,0597:25:44,1,08
16:49:27,0.13638,215.20,0.40324,11.84288,34.5812,2.88727,4.53895,50.04,0597:25:47,1,08
16:49:28,0.1365,215.10,0.40648,11.93806,34.85912,2.88727,4.53895,50.03,0597:25:48,1,08
16:49:29,0.13776,215.20,0.40284,11.95165,34.89882,2.88737,4.53895,50.05,0597:25:49,1,08
16:49:33,0.13788,215.00,0.40192,11.92446,34.81942,2.88737,4.53895,50.03,0597:25:53,1,08
16:49:34,0.13818,214.80,0.4011,11.91086,34.77971,2.88737,4.53895,50.03,0597:25:54,1,08
16:49:36,0.13813,214.50,0.40275,11.93806,34.85912,2.88737,4.53895,50.04,0597:25:56,1,08
16:49:38,0.13878,214.50,0.40457,12.04683,35.17673,2.88737,4.53895,50.04,0597:25:58,1,08
16:49:39,0.13818,214.70,0.39973,11.87007,34.6606,2.88737,4.53895,50.04,0597:25:59,1,08
16:49:41,0.13795,214.80,0.39862,11.81568,34.50179,2.88737,4.53905,50.03,0597:26:01,1,08
16:49:43,0.13837,214.80,0.39945,11.88367,34.70031,2.88737,4.53905,50.03,0597:26:03,1,08
16:49:45,0.13783,215.20,0.39872,11.82928,34.5415,2.88737,4.53905,50.04,0597:26:05,1,08
16:49:47,0.13717,215.20,0.39963,11.80208,34.46209,2.88737,4.53905,50.03,0597:26:07,1,08
16:49:48,0.13717,215.20,0.39963,11.80208,34.46209,2.88737,4.53905,50.03,0597:26:08,1,08
16:49:50,0.13692,215.10,0.40221,11.85647,34.6209,2.88737,4.53905,50.03,0597:26:10,1,08
16:49:52,0.13711,215.20,0.40193,11.87007,34.6606,2.88737,4.53905,50.03,0597:26:11,1,08
16:49:54,0.13813,215.20,0.39808,11.84288,34.5812,2.88737,4.53905,50.04,0597:26:13,1,08
16:49:55,0.13813,215.20,0.39808,11.84288,34.5812,2.88737,4.53905,50.04,0597:26:14,1,08
16:49:59,0.1368,215.10,0.4025,11.84288,34.5812,2.88737,4.53905,50.03,0597:26:18,1,08
16:50:00,0.13687,215.10,0.40259,11.85647,34.6209,2.88747,4.53905,50.03,0597:26:19,1,08
16:50:04,0.1368,214.80,0.40241,11.82928,34.5415,2.88747,4.53915,50.01,0597:26:23,1,08
16:50:05,0.1368,214.80,0.40287,11.84288,34.5812,2.88747,4.53915,50.01,0597:26:24,1,08
16:50:08,0.13741,214.70,0.40046,11.81568,34.50179,2.88747,4.53915,50.03,0597:26:27,1,08
16:50:09,0.13668,214.90,0.40287,11.84288,34.5812,2.88747,4.53915,50.03,0597:26:28,1,08
16:50:10,0.13699,215.00,0.40221,11.85647,34.6209,2.88747,4.53915,50.04,0597:26:29,1,08
16:50:12,0.13729,215.30,0.40211,11.89726,34.74001,2.88747,4.53915,50.04,0597:26:31,1,08
16:50:14,0.13657,215.00,0.40185,11.80208,34.46209,2.88747,4.53915,50.04,0597:26:33,1,08
16:50:15,0.13687,214.90,0.4025,11.84288,34.5812,2.88747,4.53915,50.04,0597:26:34,1,08
16:50:16,0.13699,214.90,0.40259,11.85647,34.6209,2.88747,4.53915,50.04,0597:26:35,1,08
16:50:19,0.13753,214.90,0.40064,11.84288,34.5812,2.88747,4.53915,50.04,0597:26:38,1,08
16:50:20,0.1368,214.70,0.40194,11.81568,34.50179,2.88747,4.53915,50.03,0597:26:39,1,08
16:50:25,0.13926,214.80,0.40682,12.1692,35.53407,2.88747,4.53925,50.04,0597:26:44,1,08
16:50:26,0.13937,214.80,0.4069,12.1828,35.57377,2.88747,4.53925,50.01,0597:26:45,1,08
16:50:27,0.13741,214.90,0.4011,11.85647,34.6209,2.88747,4.53925,50.01,0597:26:46,1,08
16:50:28,0.1368,215.00,0.40342,11.87007,34.6606,2.88747,4.53925,50.03,0597:26:47,1,08
16:50:29,0.13584,215.10,0.40512,11.84288,34.5812,2.88747,4.53925,50.03,0597:26:48,1,08
16:50:30,0.13704,215.00,0.40129,11.82928,34.5415,2.88757,4.53925,50.03,0597:26:49,1,08
16:50:32,0.13741,214.90,0.40055,11.82928,34.5415,2.88757,4.53925,50.01,0597:26:51,1,08
16:50:34,0.13644,214.80,0.40352,11.82928,34.5415,2.88757,4.53925,50.03,0597:26:53,1,08
16:50:36,0.13704,214.80,0.40259,11.85647,34.6209,2.88757,4.53925,50.03,0597:26:55,1,08
16:50:37,0.13674,214.80,0.40287,11.84288,34.5812,2.88757,4.53925,50.03,0597:26:56,1,08
16:50:38,0.13638,215.20,0.40324,11.84288,34.5812,2.88757,4.53925,50.03,0597:26:57,1,08
16:50:39,0.13662,215.10,0.40194,11.81568,34.50179,2.88757,4.53925,50.03,0597:26:58,1,08
16:50:41,0.13771,214.80,0.39945,11.82928,34.5415,2.88757,4.53925,50.03,0597:27:00,1,08
16:50:42,0.13764,214.90,0.40028,11.84288,34.5812,2.88757,4.53925,50.04,0597:27:01,1,08
16:50:43,0.13674,214.80,0.40231,11.81568,34.50179,2.88757,4.53936,50.04,0597:27:02,1,08
16:50:48,0.13668,214.80,0.40231,11.81568,34.50179,2.88757,4.53936,50.03,0597:27:07,1,08
16:50:49,0.13674,214.70,0.40324,11.84288,34.5812,2.88757,4.53936,50.03,0597:27:08,1,08
16:50:50,0.13699,214.90,0.40212,11.84288,34.5812,2.88757,4.53936,50.03,0597:27:09,1,08
16:50:51,0.13699,214.90,0.40166,11.82928,34.5415,2.88757,4.53936,50.03,0597:27:10,1,08
16:50:52,0.13692,214.90,0.4012,11.81568,34.50179,2.88757,4.53936,50.03,0597:27:11,1,08
16:50:56,0.13746,214.80,0.40055,11.82928,34.5415,2.88757,4.53936,50.01,0597:27:15,1,08
16:50:59,0.13734,215.00,0.40147,11.85647,34.6209,2.88757,4.53936,50.01,0597:27:19,1,08
16:51:00,0.13837,215.00,0.39762,11.82928,34.5415,2.88767,4.53936,50.01,0597:27:20,1,08
16:51:02,0.13771,214.80,0.39853,11.80208,34.46209,2.88767,4.53936,50.03,0597:27:21,1,08
16:51:04,0.13753,215.00,0.40028,11.84288,34.5812,2.88767,4.53946,50.03,0597:27:23,1,08
16:51:05,0.13771,214.80,0.40028,11.84288,34.5812,2.88767,4.53946,50.04,0597:27:25,1,08
16:51:06,0.13818,214.60,0.39917,11.84288,34.5812,2.88767,4.53946,50.04,0597:27:26,1,08
16:51:07,0.13818,214.60,0.39917,11.84288,34.5812,2.88767,4.53946,50.04,0597:27:26,1,08
16:51:08,0.13854,214.60,0.39991,11.89726,34.74001,2.88767,4.53946,50.03,0597:27:27,1,08
16:51:09,0.13795,214.80,0.4,11.85647,34.6209,2.88767,4.53946,50.03,0597:27:28,1,08
16:51:10,0.13825,214.80,0.39844,11.84288,34.5812,2.88767,4.53946,50.03,0597:27:29,1,08
16:51:12,0.13771,215.20,0.40046,11.87007,34.6606,2.88767,4.53946,50.04,0597:27:32,1,08
16:51:13,0.13771,215.20,0.40046,11.87007,34.6606,2.88767,4.53946,50.04,0597:27:32,1,08
16:51:14,0.13795,215.20,0.39881,11.84288,34.5812,2.88767,4.53946,50.03,0597:27:33,1,08
16:51:17,0.13776,215.20,0.39917,11.84288,34.5812,2.88767,4.53946,50.04,0597:27:37,1,08
16:51:21,0.13734,214.80,0.40092,11.82928,34.5415,2.88767,4.53946,50.03,0597:27:41,1,08
16:51:24,0.13734,215.00,0.40101,11.84288,34.5812,2.88767,4.53956,50.03,0597:27:44,1,08
16:51:26,0.13795,214.90,0.40009,11.87007,34.6606,2.88767,4.53956,50.03,0597:27:45,1,08
16:51:28,0.13837,214.90,0.39808,11.84288,34.5812,2.88767,4.53956,50.01,0597:27:48,1,08
16:51:29,0.13771,214.90,0.39991,11.84288,34.5812,2.88767,4.53956,50.01,0597:27:49,1,08
16:51:30,0.13771,214.90,0.39899,11.81568,34.50179,2.88767,4.53956,50.01,0597:27:50,1,08
16:51:36,0.13699,214.70,0.40157,11.81568,34.50179,2.88778,4.53956,50.01,0597:27:56,1,08
16:51:37,0.13699,214.70,0.40157,11.81568,34.50179,2.88778,4.53956,50.01,0597:27:56,1,08
16:51:38,0.13741,214.70,0.40092,11.82928,34.5415,2.88778,4.53956,50.00,0597:27:58,1,08
16:51:39,0.13795,214.80,0.40046,11.87007,34.6606,2.88778,4.53956,49.99,0597:27:59,1,08
16:51:40,0.13711,214.80,0.40175,11.84288,34.5812,2.88778,4.53956,49.99,0597:28:00,1,08
16:51:41,0.13741,214.90,0.40055,11.82928,34.5415,2.88778,4.53956,50.01,0597:28:01,1,08
16:51:42,0.13849,214.90,0.39817,11.85647,34.6209,2.88778,4.53956,50.01,0597:28:02,1,08
16:51:44,0.13783,214.90,0.39908,11.82928,34.5415,2.88778,4.53956,50.01,0597:28:03,1,08
16:51:48,0.1386,215.20,0.39836,11.88367,34.70031,2.88778,4.53966,50.01,0597:28:07,1,08
16:51:52,0.138,215.10,0.39881,11.84288,34.5812,2.88778,4.53966,50.01,0597:28:11,1,08
16:51:54,0.13764,215.30,0.39862,11.81568,34.50179,2.88778,4.53966,50.03,0597:28:13,1,08
16:51:55,0.13759,215.20,0.39945,11.82928,34.5415,2.88778,4.53966,50.03,0597:28:14,1,08
16:51:56,0.13878,215.30,0.39718,11.87007,34.6606,2.88778,4.53966,50.04,0597:28:15,1,08
16:51:57,0.13854,215.20,0.39562,11.80208,34.46209,2.88778,4.53966,50.04,0597:28:16,1,08
16:51:59,0.13795,214.90,0.39826,11.81568,34.50179,2.88778,4.53966,50.03,0597:28:18,1,08
16:52:00,0.13825,215.00,0.39808,11.84288,34.5812,2.88778,4.53966,50.03,0597:28:19,1,08
16:52:01,0.13783,215.00,0.39908,11.82928,34.5415,2.88778,4.53966,50.03,0597:28:20,1,08
16:52:02,0.13842,214.80,0.39717,11.81568,34.50179,2.88778,4.53966,50.03,0597:28:21,1,08
16:52:03,0.138,214.70,0.39954,11.84288,34.5812,2.88788,4.53966,50.03,0597:28:22,1,08
16:52:04,0.138,214.80,0.39917,11.84288,34.5812,2.88788,4.53966,50.04,0597:28:23,1,08
16:52:05,0.13776,214.90,0.39945,11.82928,34.5415,2.88788,4.53976,50.04,0597:28:24,1,08
16:52:07,0.13788,214.90,0.39862,11.81568,34.50179,2.88788,4.53976,50.01,0597:28:26,1,08
16:52:09,0.13759,214.60,0.40147,11.85647,34.6209,2.88788,4.53976,50.03,0597:28:28,1,08
16:52:10,0.1368,214.60,0.40185,11.80208,34.46209,2.88788,4.53976,50.01,0597:28:29,1,08
16:52:12,0.13825,214.20,0.40183,11.91086,34.77971,2.88788,4.53976,50.00,0597:28:31,1,08
16:52:14,0.1368,214.20,0.40445,11.85647,34.6209,2.88788,4.53976,49.99,0597:28:33,1,08
16:52:15,0.13699,214.40,0.4037,11.85647,34.6209,2.88788,4.53976,49.99,0597:28:34,1,08
16:52:18,0.13674,214.80,0.40241,11.82928,34.5415,2.88788,4.53976,49.97,0597:28:37,1,08
16:52:20,0.13674,214.60,0.40315,11.82928,34.5415,2.88788,4.53976,49.97,0597:28:39,1,08
16:52:22,0.13759,214.70,0.40156,11.87007,34.6606,2.88788,4.53976,49.96,0597:28:41,1,08
16:52:23,0.13717,215.00,0.40184,11.85647,34.6209,2.88788,4.53976,49.96,0597:28:42,1,08
16:52:24,0.13825,215.10,0.39945,11.88367,34.70031,2.88788,4.53976,49.95,0597:28:43,1,08
16:52:26,0.13842,215.10,0.39772,11.84288,34.5812,2.88788,4.53986,49.96,0597:28:45,1,08
16:52:37,0.13771,215.10,0.39679,11.7613,34.34298,2.88798,4.53986,49.97,0597:28:56,1,08
16:52:38,0.13813,214.80,0.39881,11.84288,34.5812,2.88798,4.53986,49.96,0597:28:57,1,08
16:52:41,0.138,215.10,0.39927,11.85647,34.6209,2.88798,4.53986,49.97,0597:29:00,1,08
16:52:42,0.13842,214.90,0.39817,11.85647,34.6209,2.88798,4.53986,49.99,0597:29:01,1,08
16:52:45,0.13807,214.70,0.4,11.85647,34.6209,2.88798,4.53996,49.97,0597:29:04,1,08
16:52:46,0.13807,214.70,0.40046,11.87007,34.6606,2.88798,4.53996,49.99,0597:29:05,1,08
16:52:47,0.13722,214.70,0.39945,11.77489,34.38269,2.88798,4.53996,49.99,0597:29:06,1,08
16:52:48,0.13837,214.80,0.39762,11.82928,34.5415,2.88798,4.53996,49.99,0597:29:07,1,08
16:52:49,0.13837,214.80,0.39762,11.82928,34.5415,2.88798,4.53996,49.99,0597:29:08,1,08
16:52:51,0.138,214.80,0.39817,11.80208,34.46209,2.88798,4.53996,49.99,0597:29:10,1,08
16:52:54,0.13872,214.80,0.39735,11.84288,34.5812,2.88798,4.53996,50.00,0597:29:14,1,08
16:52:55,0.13872,214.80,0.39735,11.84288,34.5812,2.88798,4.53996,50.00,0597:29:14,1,08
16:52:58,0.13854,214.70,0.39762,11.82928,34.5415,2.88798,4.53996,50.00,0597:29:17,1,08
16:53:03,0.1386,214.60,0.39808,11.84288,34.5812,2.88798,4.53996,50.01,0597:29:22,1,08
16:53:04,0.13854,214.60,0.39762,11.82928,34.5415,2.88808,4.53996,50.01,0597:29:23,1,08
16:53:05,0.13837,214.60,0.39881,11.84288,34.5812,2.88808,4.54006,50.03,0597:29:24,1,08
16:53:06,0.13818,214.60,0.39872,11.82928,34.5415,2.88808,4.54006,50.03,0597:29:26,1,08
16:53:08,0.13854,214.70,0.39762,11.82928,34.5415,2.88808,4.54006,50.01,0597:29:27,1,08
16:53:12,0.13825,214.90,0.39707,11.80208,34.46209,2.88808,4.54006,50.04,0597:29:32,1,08
16:53:15,0.13854,214.60,0.39808,11.84288,34.5812,2.88808,4.54006,50.05,0597:29:34,1,08
16:53:16,0.13837,214.50,0.39835,11.82928,34.5415,2.88808,4.54006,50.05,0597:29:36,1,08
16:53:17,0.13866,214.60,0.3968,11.81568,34.50179,2.88808,4.54006,50.04,0597:29:37,1,08
16:53:18,0.13878,214.60,0.39735,11.84288,34.5812,2.88808,4.54006,50.04,0597:29:38,1,08
16:53:19,0.13878,214.60,0.39735,11.84288,34.5812,2.88808,4.54006,50.04,0597:29:38,1,08
16:53:24,0.13825,214.80,0.3989,11.85647,34.6209,2.88808,4.54006,50.04,0597:29:44,1,08
16:53:26,0.1383,214.90,0.39762,11.82928,34.5415,2.88808,4.54016,50.04,0597:29:45,1,08
16:53:27,0.1386,214.80,0.39589,11.78849,34.42239,2.88808,4.54016,50.04,0597:29:47,1,08
16:53:28,0.13872,214.60,0.3968,11.81568,34.50179,2.88808,4.54016,50.04,0597:29:48,1,08
16:53:29,0.13854,214.60,0.39717,11.81568,34.50179,2.88808,4.54016,50.04,0597:29:49,1,08
16:53:31,0.13967,214.60,0.39529,11.85647,34.6209,2.88808,4.54016,50.04,0597:29:50,1,08
16:53:32,0.14167,214.50,0.39803,12.10122,35.33555,2.88808,4.54016,50.04,0597:29:51,1,08
16:53:36,0.13926,214.30,0.39754,11.87007,34.6606,2.88818,4.54016,50.04,0597:29:56,1,08
16:53:37,0.13849,214.30,0.39872,11.82928,34.5415,2.88818,4.54016,50.04,0597:29:56,1,08
16:53:40,0.13854,214.60,0.39762,11.82928,34.5415,2.88818,4.54016,50.05,0597:30:00,1,08
16:53:42,0.1383,214.80,0.39707,11.80208,34.46209,2.88818,4.54016,50.04,0597:30:01,1,08
16:53:43,0.13788,214.80,0.39862,11.81568,34.50179,2.88818,4.54016,50.04,0597:30:02,1,08
16:53:45,0.13776,214.70,0.40028,11.84288,34.5812,2.88818,4.54016,50.03,0597:30:04,1,08
16:53:47,0.1389,214.70,0.39699,11.84288,34.5812,2.88818,4.54027,50.04,0597:30:06,1,08
16:53:48,0.13788,214.70,0.39991,11.84288,34.5812,2.88818,4.54027,50.03,0597:30:07,1,08
16:53:49,0.13842,214.60,0.3989,11.85647,34.6209,2.88818,4.54027,50.03,0597:30:08,1,08
16:53:50,0.13771,214.70,0.39982,11.82928,34.5415,2.88818,4.54027,50.03,0597:30:08,1,08
16:53:51,0.13722,214.70,0.40083,11.81568,34.50179,2.88818,4.54027,50.03,0597:30:10,1,08
16:53:52,0.13783,214.90,0.40046,11.87007,34.6606,2.88818,4.54027,50.01,0597:30:11,1,08
16:53:53,0.13734,215.20,0.4011,11.85647,34.6209,2.88818,4.54027,50.01,0597:30:12,1,08
16:53:54,0.13746,215.30,0.39945,11.82928,34.5415,2.88818,4.54027,50.03,0597:30:13,1,08
16:53:55,0.13717,215.30,0.40055,11.82928,34.5415,2.88818,4.54027,50.03,0597:30:13,1,08
16:53:56,0.13771,215.10,0.39954,11.84288,34.5812,2.88818,4.54027,50.03,0597:30:15,1,08
16:54:03,0.13741,214.30,0.40083,11.81568,34.50179,2.88818,4.54027,50.00,0597:30:22,1,08
16:54:04,0.13759,214.20,0.40175,11.84288,34.5812,2.88818,4.54027,50.00,0597:30:23,1,08
16:54:05,0.13759,214.40,0.40092,11.82928,34.5415,2.88818,4.54027,50.00,0597:30:24,1,08
16:54:07,0.13795,214.40,0.39936,11.81568,34.50179,2.88828,4.54037,49.99,0597:30:26,1,08
16:54:08,0.13759,214.40,0.40046,11.81568,34.50179,2.88828,4.54037,50.00,0597:30:27,1,08
16:54:09,0.13807,214.40,0.39991,11.84288,34.5812,2.88828,4.54037,50.00,0597:30:28,1,08
16:54:10,0.13788,214.60,0.39982,11.82928,34.5415,2.88828,4.54037,49.99,0597:30:29,1,08
16:54:11,0.13813,214.50,0.39954,11.84288,34.5812,2.88828,4.54037,49.99,0597:30:30,1,08
16:54:12,0.1389,214.50,0.40374,12.03323,35.13704,2.88828,4.54037,50.00,0597:30:31,1,08
16:54:13,0.13734,214.30,0.39982,11.77489,34.38269,2.88828,4.54037,50.00,0597:30:32,1,08
16:54:14,0.13662,214.20,0.40065,11.7341,34.26358,2.88828,4.54037,49.97,0597:30:33,1,08
16:54:18,0.13687,214.40,0.40324,11.84288,34.5812,2.88828,4.54037,49.99,0597:30:37,1,08
16:54:19,0.1365,214.40,0.40344,11.81568,34.50179,2.88828,4.54037,49.99,0597:30:38,1,08
16:54:20,0.13717,214.50,0.40166,11.82928,34.5415,2.88828,4.54037,49.97,0597:30:39,1,08
16:54:21,0.13699,214.60,0.40287,11.84288,34.5812,2.88828,4.54037,49.97,0597:30:40,1,08
16:54:23,0.13657,215.10,0.40333,11.85647,34.6209,2.88828,4.54037,49.97,0597:30:42,1,08
16:54:26,0.13668,215.00,0.40241,11.82928,34.5415,2.88828,4.54037,49.96,0597:30:45,1,08
16:54:27,0.13577,215.10,0.40177,11.7341,34.26358,2.88828,4.54037,49.96,0597:30:46,1,08
16:54:29,0.13717,215.10,0.40055,11.82928,34.5415,2.88828,4.54047,49.96,0597:30:48,1,08
16:54:31,0.13626,215.30,0.40278,11.82928,34.5415,2.88828,4.54047,49.96,0597:30:50,1,08
16:54:33,0.13644,215.10,0.40278,11.82928,34.5415,2.88828,4.54047,49.97,0597:30:52,1,08
16:54:36,0.13849,215.40,0.40528,12.10122,35.33555,2.88839,4.54047,49.99,0597:30:55,1,08
16:54:38,0.1362,215.20,0.40315,11.82928,34.5415,2.88839,4.54047,49.99,0597:30:57,1,08
16:54:39,0.13704,215.30,0.40092,11.82928,34.5415,2.88839,4.54047,49.99,0597:30:58,1,08
16:54:42,0.13614,215.30,0.40399,11.84288,34.5812,2.88839,4.54047,50.00,0597:31:01,1,08
16:54:44,0.13668,215.10,0.40065,11.78849,34.42239,2.88839,4.54047,49.99,0597:31:03,1,08
16:54:46,0.13614,215.10,0.40344,11.81568,34.50179,2.88839,4.54047,50.00,0597:31:05,1,08
16:54:47,0.13632,215.30,0.40324,11.84288,34.5812,2.88839,4.54047,50.00,0597:31:06,1,08
16:54:50,0.13602,215.30,0.40344,11.81568,34.50179,2.88839,4.54057,50.03,0597:31:09,1,08
16:54:51,0.13608,215.10,0.40297,11.80208,34.46209,2.88839,4.54057,50.03,0597:31:10,1,08
16:54:52,0.13602,215.20,0.40297,11.80208,34.46209,2.88839,4.54057,50.01,0597:31:11,1,08
16:54:53,0.13662,215.00,0.40102,11.78849,34.42239,2.88839,4.54057,50.03,0597:31:12,1,08
16:54:54,0.1359,215.00,0.40465,11.82928,34.5415,2.88839,4.54057,50.03,0597:31:13,1,08
16:54:56,0.13638,214.90,0.40352,11.82928,34.5415,2.88839,4.54057,50.03,0597:31:15,1,08
16:54:57,0.13626,215.00,0.40352,11.82928,34.5415,2.88839,4.54057,50.03,0597:31:16,1,08
16:54:58,0.13699,215.10,0.40129,11.82928,34.5415,2.88839,4.54057,50.04,0597:31:17,1,08
16:55:00,0.13626,215.30,0.40361,11.84288,34.5812,2.88839,4.54057,50.04,0597:31:19,1,08
16:55:03,0.13692,215.50,0.40055,11.82928,34.5415,2.88839,4.54057,50.03,0597:31:22,1,08
16:55:06,0.1362,215.70,0.40241,11.82928,34.5415,2.88839,4.54057,50.03,0597:31:25,1,08
16:55:07,0.1362,215.70,0.40241,11.82928,34.5415,2.88849,4.54057,50.03,0597:31:26,1,08
16:55:08,0.13717,215.50,0.39936,11.81568,34.50179,2.88849,4.54057,50.00,0597:31:27,1,08
16:55:09,0.13657,215.50,0.4012,11.81568,34.50179,2.88849,4.54067,50.00,0597:31:28,1,08
16:55:11,0.13692,215.70,0.40248,11.89726,34.74001,2.88849,4.54067,50.03,0597:31:30,1,08
16:55:14,0.1362,215.90,0.40203,11.82928,34.5415,2.88849,4.54067,50.03,0597:31:33,1,08
16:55:19,0.13572,216.00,0.40315,11.82928,34.5415,2.88849,4.54067,50.03,0597:31:38,1,08
16:55:20,0.13565,216.00,0.40445,11.85647,34.6209,2.88849,4.54067,50.03,0597:31:39,1,08
16:55:22,0.13517,215.90,0.40503,11.82928,34.5415,2.88849,4.54067,50.03,0597:31:41,1,08
16:55:24,0.13559,216.00,0.40399,11.84288,34.5812,2.88849,4.54067,50.03,0597:31:44,1,08
16:55:25,0.13559,216.00,0.40399,11.84288,34.5812,2.88849,4.54067,50.03,0597:31:44,1,08
16:55:26,0.13638,216.00,0.40221,11.85647,34.6209,2.88849,4.54067,50.03,0597:31:45,1,08
16:55:28,0.13565,216.20,0.40269,11.81568,34.50179,2.88849,4.54067,50.01,0597:31:47,1,08
16:55:29,0.1359,216.10,0.40278,11.82928,34.5415,2.88849,4.54067,50.00,0597:31:49,1,08
16:55:30,0.13553,216.00,0.40297,11.80208,34.46209,2.88849,4.54077,50.00,0597:31:50,1,08
16:55:31,0.13614,216.00,0.40203,11.82928,34.5415,2.88849,4.54077,50.00,0597:31:50,1,08
16:55:34,0.13529,215.70,0.4027,11.7613,34.34298,2.88849,4.54077,50.00,0597:31:54,1,08
16:55:35,0.1368,215.50,0.40138,11.84288,34.5812,2.88849,4.54077,49.99,0597:31:55,1,08
16:55:36,0.13595,215.40,0.4026,11.80208,34.46209,2.88849,4.54077,49.99,0597:31:56,1,08
16:55:37,0.1362,215.40,0.40361,11.84288,34.5812,2.88849,4.54077,50.00,0597:31:56,1,08
16:55:39,0.13813,215.30,0.40768,12.12841,35.41496,2.88859,4.54077,49.99,0597:31:58,1,08
16:55:42,0.13595,215.10,0.40567,11.87007,34.6606,2.88859,4.54077,49.99,0597:32:01,1,08
16:55:47,0.1362,215.30,0.40361,11.84288,34.5812,2.88859,4.54077,49.99,0597:32:06,1,08
16:55:48,0.13584,215.30,0.40381,11.81568,34.50179,2.88859,4.54077,49.99,0597:32:07,1,08
16:55:51,0.13632,215.10,0.40222,11.80208,34.46209,2.88859,4.54077,49.99,0597:32:09,1,08
16:55:52,0.13626,214.90,0.40445,11.85647,34.6209,2.88859,4.54088,49.99,0597:32:11,1,08
16:55:54,0.13729,215.30,0.39926,11.80208,34.46209,2.88859,4.54088,50.01,0597:32:13,1,08
16:55:57,0.13722,215.40,0.40018,11.82928,34.5415,2.88859,4.54088,50.00,0597:32:16,1,08
16:55:58,0.14061,215.60,0.40448,12.26438,35.81199,2.88859,4.54088,50.01,0597:32:17,1,08
16:55:59,0.14283,215.70,0.41086,12.65869,36.96337,2.88859,4.54088,50.01,0597:32:18,1,08
16:56:00,0.13638,215.60,0.40065,11.78849,34.42239,2.88859,4.54088,50.01,0597:32:19,1,08
16:56:02,0.13559,215.50,0.40372,11.80208,34.46209,2.88859,4.54088,50.04,0597:32:20,1,08
16:56:03,0.13565,215.60,0.4052,11.85647,34.6209,2.88859,4.54088,50.04,0597:32:22,1,08
16:56:05,0.13595,215.80,0.405,11.88367,34.70031,2.88859,4.54088,50.03,0597:32:24,1,08
16:56:07,0.13498,216.20,0.40549,11.84288,34.5812,2.88859,4.54088,50.04,0597:32:26,1,08
16:56:08,0.13461,216.30,0.4057,11.81568,34.50179,2.88859,4.54088,50.03,0597:32:26,1,08
16:56:09,0.13461,216.20,0.40523,11.80208,34.46209,2.88869,4.54088,50.03,0597:32:28,1,08
16:56:11,0.13461,216.00,0.40654,11.82928,34.5415,2.88869,4.54088,50.04,0597:32:30,1,08
16:56:12,0.13553,216.10,0.40761,11.93806,34.85912,2.88869,4.54098,50.04,0597:32:31,1,08
16:56:15,0.1348,216.10,0.40532,11.81568,34.50179,2.88869,4.54098,50.04,0597:32:34,1,08
16:56:16,0.13437,216.20,0.40739,11.84288,34.5812,2.88869,4.54098,50.05,0597:32:35,1,08
16:56:17,0.13455,216.20,0.40607,11.81568,34.50179,2.88869,4.54098,50.05,0597:32:36,1,08
16:56:20,0.13474,216.40,0.40541,11.82928,34.5415,2.88869,4.54098,50.05,0597:32:39,1,08
16:56:23,0.13431,216.40,0.40739,11.84288,34.5812,2.88869,4.54098,50.04,0597:32:42,1,08
16:56:25,0.13431,216.60,0.40616,11.82928,34.5415,2.88869,4.54098,50.04,0597:32:44,1,08
16:56:26,0.13517,216.60,0.40529,11.87007,34.6606,2.88869,4.54098,50.05,0597:32:45,1,08
16:56:27,0.13498,216.60,0.40613,11.88367,34.70031,2.88869,4.54098,50.05,0597:32:46,1,08
16:56:30,0.13468,216.30,0.40578,11.82928,34.5415,2.88869,4.54098,50.04,0597:32:49,1,08
16:56:33,0.13511,216.30,0.40419,11.81568,34.50179,2.88869,4.54108,50.05,0597:32:52,1,08
16:56:34,0.13553,216.40,0.40361,11.84288,34.5812,2.88869,4.54108,50.04,0597:32:53,1,08
16:56:35,0.13492,216.20,0.40541,11.82928,34.5415,2.88869,4.54108,50.04,0597:32:54,1,08
16:56:37,0.13522,216.20,0.40427,11.82928,34.5415,2.88869,4.54108,50.03,0597:32:56,1,08
16:56:39,0.13492,216.20,0.40587,11.84288,34.5812,2.88879,4.54108,50.04,0597:32:58,1,08
16:56:40,0.13504,216.30,0.40419,11.81568,34.50179,2.88879,4.54108,50.03,0597:32:59,1,08
16:56:41,0.13517,216.30,0.4052,11.85647,34.6209,2.88879,4.54108,50.03,0597:33:00,1,08
16:56:42,0.13595,216.30,0.40342,11.87007,34.6606,2.88879,4.54108,50.04,0597:33:01,1,08
16:56:43,0.13595,216.30,0.40342,11.87007,34.6606,2.88879,4.54108,50.04,0597:33:02,1,08
16:56:44,0.13504,216.30,0.40419,11.81568,34.50179,2.88879,4.54108,50.04,0597:33:03,1,08
16:56:45,0.13504,216.30,0.40512,11.84288,34.5812,2.88879,4.54108,50.04,0597:33:04,1,08
16:56:46,0.13498,216.40,0.40372,11.80208,34.46209,2.88879,4.54108,50.03,0597:33:05,1,08
16:56:48,0.13486,216.60,0.40465,11.82928,34.5415,2.88879,4.54108,50.04,0597:33:07,1,08
16:56:50,0.13486,216.60,0.40465,11.82928,34.5415,2.88879,4.54108,50.04,0597:33:09,1,08
16:56:51,0.13431,216.60,0.40607,11.81568,34.50179,2.88879,4.54108,50.04,0597:33:10,1,08
16:56:52,0.13511,216.60,0.40474,11.84288,34.5812,2.88879,4.54108,50.04,0597:33:11,1,08
16:56:53,0.13468,216.50,0.40401,11.78849,34.42239,2.88879,4.54108,50.03,0597:33:12,1,08
16:56:54,0.13517,216.50,0.40483,11.85647,34.6209,2.88879,4.54118,50.03,0597:33:13,1,08
16:56:55,0.13517,216.50,0.40483,11.85647,34.6209,2.88879,4.54118,50.03,0597:33:14,1,08
16:56:58,0.13522,216.30,0.40381,11.81568,34.50179,2.88879,4.54118,50.03,0597:33:17,1,08
16:56:59,0.13547,216.20,0.40306,11.81568,34.50179,2.88879,4.54118,50.03,0597:33:18,1,08
16:57:00,0.13572,216.30,0.40278,11.82928,34.5415,2.88879,4.54118,50.03,0597:33:19,1,08
16:57:01,0.13572,216.30,0.40278,11.82928,34.5415,2.88879,4.54118,50.03,0597:33:20,1,08
16:57:03,0.13517,216.30,0.40427,11.82928,34.5415,2.88879,4.54118,50.03,0597:33:22,1,08
16:57:04,0.13498,216.20,0.4041,11.80208,34.46209,2.88879,4.54118,50.05,0597:33:23,1,08
16:57:06,0.13486,216.20,0.40634,11.85647,34.6209,2.88879,4.54118,50.04,0597:33:25,1,08
16:57:08,0.13437,216.20,0.40692,11.82928,34.5415,2.88879,4.54118,50.04,0597:33:27,1,08
16:57:10,0.13486,216.30,0.40494,11.81568,34.50179,2.88889,4.54118,50.04,0597:33:29,1,08
16:57:11,0.13608,216.20,0.40443,11.91086,34.77971,2.88889,4.54118,50.05,0597:33:30,1,08
16:57:12,0.1348,216.20,0.40578,11.82928,34.5415,2.88889,4.54118,50.05,0597:33:31,1,08
16:57:19,0.13511,216.10,0.40549,11.84288,34.5812,2.88889,4.54128,50.05,0597:33:38,1,08
16:57:20,0.13504,216.10,0.4041,11.80208,34.46209,2.88889,4.54128,50.04,0597:33:39,1,08
16:57:22,0.13498,215.90,0.40578,11.82928,34.5415,2.88889,4.54128,50.05,0597:33:41,1,08
16:57:25,0.13517,216.10,0.40512,11.84288,34.5812,2.88889,4.54128,50.04,0597:33:44,1,08
16:57:26,0.13572,216.10,0.40408,11.85647,34.6209,2.88889,4.54128,50.04,0597:33:45,1,08
16:57:27,0.13474,216.10,0.40523,11.80208,34.46209,2.88889,4.54128,50.04,0597:33:46,1,08
16:57:29,0.13431,215.80,0.40713,11.80208,34.46209,2.88889,4.54128,50.05,0597:33:47,1,08
16:57:32,0.13529,215.50,0.40392,11.77489,34.38269,2.88889,4.54128,50.04,0597:33:51,1,08
16:57:33,0.13541,215.50,0.40503,11.82928,34.5415,2.88889,4.54128,50.04,0597:33:52,1,08
16:57:36,0.13517,215.40,0.4057,11.81568,34.50179,2.88889,4.54138,50.04,0597:33:55,1,08
16:57:37,0.13437,215.30,0.40695,11.77489,34.38269,2.88889,4.54138,50.04,0597:33:56,1,08
16:57:39,0.13572,215.10,0.40596,11.85647,34.6209,2.88889,4.54138,50.04,0597:33:58,1,08
16:57:40,0.13572,215.40,0.40419,11.81568,34.50179,2.88889,4.54138,50.04,0597:33:59,1,08
16:57:41,0.13498,215.60,0.40663,11.84288,34.5812,2.88899,4.54138,50.04,0597:33:59,1,08
16:57:44,0.1348,215.30,0.40684,11.81568,34.50179,2.88899,4.54138,50.04,0597:34:03,1,08
16:57:45,0.13764,215.20,0.40826,12.10122,35.33555,2.88899,4.54138,50.04,0597:34:04,1,08
16:57:46,0.13565,215.30,0.40736,11.89726,34.74001,2.88899,4.54138,50.04,0597:34:05,1,08
16:57:47,0.13504,215.40,0.40701,11.84288,34.5812,2.88899,4.54138,50.04,0597:34:06,1,08
16:57:48,0.13474,215.50,0.40637,11.80208,34.46209,2.88899,4.54138,50.04,0597:34:07,1,08
16:57:51,0.13504,215.50,0.4085,11.89726,34.74001,2.88899,4.54138,50.04,0597:34:10,1,08
16:57:54,0.13553,216.10,0.40399,11.84288,34.5812,2.88899,4.54138,50.03,0597:34:13,1,08
16:57:56,0.1348,216.20,0.40532,11.81568,34.50179,2.88899,4.54138,50.03,0597:34:15,1,08
16:58:02,0.13511,215.70,0.40578,11.82928,34.5415,2.88899,4.54148,50.03,0597:34:21,1,08
16:58:03,0.13461,215.70,0.40637,11.80208,34.46209,2.88899,4.54148,50.04,0597:34:22,1,08
16:58:04,0.13431,215.70,0.40666,11.78849,34.42239,2.88899,4.54148,50.04,0597:34:23,1,08
16:58:06,0.13486,215.60,0.40654,11.82928,34.5415,2.88899,4.54148,50.04,0597:34:25,1,08
16:58:07,0.13449,215.50,0.4076,11.81568,34.50179,2.88899,4.54148,50.04,0597:34:26,1,08
16:58:08,0.13547,215.50,0.40736,11.89726,34.74001,2.88899,4.54148,50.03,0597:34:27,1,08
16:58:11,0.13486,215.90,0.40616,11.82928,34.5415,2.88899,4.54148,50.04,0597:34:30,1,08
16:58:13,0.13547,216.20,0.4039,11.82928,34.5415,2.8891,4.54148,50.04,0597:34:32,1,08
16:58:14,0.13511,216.10,0.40456,11.81568,34.50179,2.8891,4.54148,50.04,0597:34:33,1,08
16:58:17,0.13492,216.20,0.4068,11.87007,34.6606,2.8891,4.54148,50.03,0597:34:36,1,08
16:58:20,0.13522,215.90,0.40503,11.82928,34.5415,2.8891,4.54159,50.03,0597:34:39,1,08
16:58:21,0.13498,215.70,0.40429,11.77489,34.38269,2.8891,4.54159,50.04,0597:34:40,1,08
16:58:22,0.13626,215.60,0.40194,11.81568,34.50179,2.8891,4.54159,50.04,0597:34:41,1,08
16:58:24,0.13511,215.60,0.40485,11.80208,34.46209,2.8891,4.54159,50.04,0597:34:43,1,08
16:58:25,0.13529,215.50,0.40532,11.81568,34.50179,2.8891,4.54159,50.03,0597:34:44,1,08
16:58:28,0.13547,215.90,0.40474,11.84288,34.5812,2.8891,4.54159,50.03,0597:34:47,1,08
16:58:33,0.13553,215.90,0.4039,11.82928,34.5415,2.8891,4.54159,50.04,0597:34:52,1,08
16:58:34,0.13517,215.90,0.40456,11.81568,34.50179,2.8891,4.54159,50.04,0597:34:53,1,08
16:58:39,0.13511,216.00,0.40456,11.81568,34.50179,2.8891,4.54169,50.04,0597:34:58,1,08
16:58:40,0.13547,216.00,0.4039,11.82928,34.5415,2.8891,4.54169,50.04,0597:34:59,1,08
16:58:41,0.13547,216.00,0.4039,11.82928,34.5415,2.8891,4.54169,50.03,0597:35:00,1,08
16:58:42,0.13553,216.00,0.40483,11.85647,34.6209,2.8892,4.54169,50.03,0597:35:01,1,08
16:58:46,0.13559,215.80,0.40251,11.78849,34.42239,2.8892,4.54169,50.03,0597:35:06,1,08
16:58:47,0.13746,215.70,0.4088,12.12841,35.41496,2.8892,4.54169,50.04,0597:35:06,1,08
16:58:48,0.13577,215.70,0.40584,11.89726,34.74001,2.8892,4.54169,50.04,0597:35:07,1,08
16:58:49,0.13474,215.80,0.40561,11.80208,34.46209,2.8892,4.54169,50.05,0597:35:08,1,08
16:58:51,0.13535,215.70,0.40456,11.81568,34.50179,2.8892,4.54169,50.05,0597:35:10,1,08
16:58:52,0.13504,215.50,0.4057,11.81568,34.50179,2.8892,4.54169,50.05,0597:35:12,1,08
16:58:53,0.13517,215.60,0.40578,11.82928,34.5415,2.8892,4.54169,50.04,0597:35:12,1,08
16:58:56,0.13547,215.90,0.4052,11.85647,34.6209,2.8892,4.54169,50.04,0597:35:15,1,08
16:58:57,0.13486,215.90,0.40476,11.78849,34.42239,2.8892,4.54169,50.04,0597:35:17,1,08
16:58:58,0.13541,216.00,0.40474,11.84288,34.5812,2.8892,4.54169,50.04,0597:35:18,1,08
16:59:01,0.13595,215.90,0.40231,11.81568,34.50179,2.8892,4.54179,50.05,0597:35:19,1,08
16:59:02,0.13541,215.80,0.40419,11.81568,34.50179,2.8892,4.54179,50.03,0597:35:20,1,08
16:59:06,0.1368,215.60,0.40323,11.89726,34.74001,2.8892,4.54179,50.03,0597:35:24,1,08
16:59:07,0.13572,215.60,0.40427,11.82928,34.5415,2.8892,4.54179,50.03,0597:35:25,1,08
16:59:08,0.13547,215.60,0.40549,11.84288,34.5812,2.8892,4.54179,50.05,0597:35:26,1,08
16:59:11,0.13602,215.40,0.40306,11.81568,34.50179,2.8892,4.54179,50.04,0597:35:30,1,08
16:59:14,0.13492,215.70,0.40616,11.82928,34.5415,2.8893,4.54179,50.04,0597:35:32,1,08
16:59:16,0.13522,215.80,0.40456,11.81568,34.50179,2.8893,4.54179,50.04,0597:35:35,1,08
16:59:18,0.13492,215.70,0.40523,11.80208,34.46209,2.8893,4.54179,50.04,0597:35:36,1,08
16:59:23,0.13541,215.50,0.40363,11.78849,34.42239,2.8893,4.54189,50.04,0597:35:42,1,08
16:59:24,0.1359,215.60,0.40352,11.82928,34.5415,2.8893,4.54189,50.05,0597:35:42,1,08
16:59:25,0.13541,215.50,0.40401,11.78849,34.42239,2.8893,4.54189,50.05,0597:35:43,1,08
16:59:28,0.13559,215.30,0.40596,11.85647,34.6209,2.8893,4.54189,50.05,0597:35:47,1,08
16:59:29,0.13602,215.50,0.40492,11.87007,34.6606,2.8893,4.54189,50.05,0597:35:48,1,08
16:59:32,0.13529,215.20,0.40429,11.77489,34.38269,2.8893,4.54189,50.05,0597:35:51,1,08
16:59:33,0.13529,215.10,0.40523,11.80208,34.46209,2.8893,4.54189,50.05,0597:35:52,1,08
16:59:34,0.13595,215.20,0.40335,11.80208,34.46209,2.8893,4.54189,50.05,0597:35:53,1,08
16:59:35,0.13522,215.20,0.40467,11.77489,34.38269,2.8893,4.54189,50.05,0597:35:54,1,08
16:59:36,0.13553,215.10,0.40447,11.80208,34.46209,2.8893,4.54189,50.04,0597:35:54,1,08
16:59:39,0.1359,214.90,0.40456,11.81568,34.50179,2.8893,4.54189,50.04,0597:35:58,1,08
16:59:40,0.13522,214.90,0.40599,11.80208,34.46209,2.8893,4.54189,50.04,0597:35:59,1,08
16:59:43,0.13535,215.20,0.40523,11.80208,34.46209,2.8893,4.54199,50.05,0597:36:02,1,08
16:59:45,0.13504,215.40,0.40561,11.80208,34.46209,2.8894,4.54199,50.05,0597:36:04,1,08
16:59:46,0.13541,215.40,0.40447,11.80208,34.46209,2.8894,4.54199,50.04,0597:36:05,1,08
16:59:48,0.13535,215.10,0.40476,11.78849,34.42239,2.8894,4.54199,50.04,0597:36:07,1,08
16:59:49,0.13626,214.90,0.40158,11.7613,34.34298,2.8894,4.54199,50.04,0597:36:08,1,08
16:59:50,0.13535,214.60,0.40552,11.78849,34.42239,2.8894,4.54199,50.04,0597:36:09,1,08
16:59:51,0.13692,214.70,0.41081,12.08762,35.29585,2.8894,4.54199,50.04,0597:36:10,1,08
16:59:52,0.13572,214.60,0.40438,11.78849,34.42239,2.8894,4.54199,50.03,0597:36:11,1,08
16:59:55,0.13511,214.90,0.40777,11.84288,34.5812,2.8894,4.54199,50.03,0597:36:14,1,08
16:59:56,0.13529,214.70,0.40645,11.81568,34.50179,2.8894,4.54199,50.04,0597:36:15,1,08
16:59:57,0.13522,214.80,0.40684,11.81568,34.50179,2.8894,4.54199,50.04,0597:36:16,1,08
17:00:00,0.13535,214.90,0.40467,11.77489,34.38269,2.8894,4.54199,50.03,0597:36:19,1,08
17:00:04,0.13602,214.80,0.40465,11.82928,34.5415,2.8894,4.54209,50.04,0597:36:23,1,08
17:00:06,0.1359,215.10,0.40419,11.81568,34.50179,2.8894,4.54209,50.04,0597:36:25,1,08
17:00:07,0.13608,215.30,0.40399,11.84288,34.5812,2.8894,4.54209,50.04,0597:36:26,1,08
17:00:09,0.1359,215.40,0.4039,11.82928,34.5415,2.8894,4.54209,50.04,0597:36:28,1,08
17:00:10,0.13614,215.70,0.40231,11.81568,34.50179,2.8894,4.54209,50.04,0597:36:29,1,08
17:00:12,0.13783,215.70,0.40128,11.93806,34.85912,2.8894,4.54209,50.04,0597:36:31,1,08
17:00:13,0.13595,215.70,0.40269,11.81568,34.50179,2.8894,4.54209,50.04,0597:36:32,1,08
17:00:14,0.13632,216.00,0.40212,11.84288,34.5812,2.8894,4.54209,50.04,0597:36:33,1,08
17:00:15,0.13632,216.10,0.40083,11.81568,34.50179,2.8895,4.54209,50.04,0597:36:34,1,08
17:00:17,0.13734,216.10,0.39789,11.81568,34.50179,2.8895,4.54209,50.04,0597:36:36,1,08
17:00:18,0.13825,216.00,0.40346,12.04683,35.17673,2.8895,4.54209,50.05,0597:36:37,1,08
17:00:21,0.1365,216.10,0.40184,11.85647,34.6209,2.8895,4.54209,50.04,0597:36:40,1,08
17:00:22,0.13638,216.10,0.40129,11.82928,34.5415,2.8895,4.54209,50.04,0597:36:41,1,08
17:00:25,0.1365,216.10,0.40046,11.81568,34.50179,2.8895,4.54219,50.04,0597:36:44,1,08
17:00:27,0.1365,216.00,0.40092,11.82928,34.5415,2.8895,4.54219,50.03,0597:36:46,1,08
17:00:28,0.1368,216.00,0.40018,11.82928,34.5415,2.8895,4.54219,50.03,0597:36:47,1,08
17:00:30,0.13662,215.90,0.39954,11.78849,34.42239,2.8895,4.54219,50.04,0597:36:49,1,08
17:00:32,0.1365,215.90,0.40083,11.81568,34.50179,2.8895,4.54219,50.04,0597:36:51,1,08
17:00:34,0.13614,215.90,0.40102,11.78849,34.42239,2.8895,4.54219,50.05,0597:36:53,1,08
17:00:38,0.13662,215.60,0.40129,11.82928,34.5415,2.8895,4.54219,50.03,0597:36:57,1,08
17:00:39,0.1362,215.80,0.40379,11.87007,34.6606,2.8895,4.54219,50.04,0597:36:58,1,08
17:00:41,0.13644,215.80,0.4012,11.81568,34.50179,2.8895,4.54219,50.03,0597:37:00,1,08
17:00:42,0.13668,215.80,0.40046,11.81568,34.50179,2.8895,4.54219,50.03,0597:37:01,1,08
17:00:43,0.13704,215.80,0.3989,11.80208,34.46209,2.8895,4.54229,50.04,0597:37:02,1,08
17:00:44,0.13711,215.70,0.40028,11.84288,34.5812,2.8895,4.54229,50.04,0597:37:03,1,08
17:00:46,0.1365,215.70,0.40074,11.80208,34.46209,2.8896,4.54229,50.05,0597:37:05,1,08
17:00:47,0.13632,215.80,0.40111,11.80208,34.46209,2.8896,4.54229,50.03,0597:37:06,1,08
17:00:49,0.13657,216.10,0.39963,11.80208,34.46209,2.8896,4.54229,50.05,0597:37:08,1,08
17:00:51,0.13602,216.20,0.40157,11.81568,34.50179,2.8896,4.54229,50.03,0597:37:10,1,08
17:00:52,0.13668,216.10,0.39972,11.81568,34.50179,2.8896,4.54229,50.03,0597:37:11,1,08
17:00:53,0.13854,216.00,0.40372,12.08762,35.29585,2.8896,4.54229,50.04,0597:37:12,1,08
17:00:56,0.13878,216.10,0.40345,12.10122,35.33555,2.8896,4.54229,50.03,0597:37:14,1,08
17:00:58,0.13674,216.00,0.3988,11.78849,34.42239,2.8896,4.54229,50.03,0597:37:16,1,08
17:00:59,0.13699,216.10,0.39945,11.82928,34.5415,2.8896,4.54229,50.03,0597:37:18,1,08
17:01:00,0.13711,216.00,0.39817,11.80208,34.46209,2.8896,4.54229,50.03,0597:37:18,1,08
17:01:01,0.13565,216.00,0.40352,11.82928,34.5415,2.8896,4.54229,50.03,0597:37:19,1,08
17:01:03,0.13595,215.80,0.40139,11.78849,34.42239,2.8896,4.54229,50.03,0597:37:21,1,08
17:01:07,0.13608,215.90,0.40148,11.80208,34.46209,2.8896,4.5424,50.03,0597:37:25,1,08
17:01:08,0.13632,215.90,0.40259,11.85647,34.6209,2.8896,4.5424,50.01,0597:37:26,1,08
17:01:14,0.13657,215.60,0.40074,11.80208,34.46209,2.8896,4.5424,50.04,0597:37:32,1,08
17:01:15,0.1365,215.50,0.40157,11.81568,34.50179,2.8896,4.5424,50.04,0597:37:33,1,08
17:01:18,0.13674,215.50,0.39991,11.78849,34.42239,2.88971,4.5424,50.03,0597:37:36,1,08
17:01:20,0.13632,215.70,0.40157,11.81568,34.50179,2.88971,4.5424,50.04,0597:37:38,1,08
17:01:21,0.13674,215.80,0.40101,11.84288,34.5812,2.88971,4.5424,50.04,0597:37:40,1,08
17:01:24,0.13734,215.70,0.39817,11.80208,34.46209,2.88971,4.5424,50.03,0597:37:42,1,08
17:01:25,0.13657,215.70,0.40129,11.82928,34.5415,2.88971,4.5425,50.03,0597:37:43,1,08
17:01:26,0.13644,215.60,0.40018,11.77489,34.38269,2.88971,4.5425,50.04,0597:37:44,1,08
17:01:27,0.1368,215.50,0.4,11.80208,34.46209,2.88971,4.5425,50.04,0597:37:46,1,08
17:01:29,0.13717,215.60,0.3989,11.80208,34.46209,2.88971,4.5425,50.04,0597:37:48,1,08
17:01:35,0.13674,215.50,0.40083,11.81568,34.50179,2.88971,4.5425,50.04,0597:37:54,1,08
17:01:37,0.1362,215.40,0.40093,11.77489,34.38269,2.88971,4.5425,50.04,0597:37:55,1,08
17:01:39,0.13608,215.50,0.40222,11.80208,34.46209,2.88971,4.5425,50.04,0597:37:58,1,08
17:01:40,0.13638,215.50,0.40157,11.81568,34.50179,2.88971,4.5425,50.04,0597:37:59,1,08
17:01:44,0.13668,215.80,0.40046,11.81568,34.50179,2.88971,4.5425,50.04,0597:38:03,1,08
17:01:48,0.13662,215.60,0.40037,11.80208,34.46209,2.88981,4.5426,50.04,0597:38:07,1,08
17:01:51,0.1365,215.50,0.40111,11.80208,34.46209,2.88981,4.5426,50.05,0597:38:10,1,08
17:01:54,0.13614,215.60,0.40231,11.81568,34.50179,2.88981,4.5426,50.04,0597:38:13,1,08
17:01:56,0.13577,215.60,0.40251,11.78849,34.42239,2.88981,4.5426,50.03,0597:38:15,1,08
17:01:58,0.13692,215.60,0.4047,11.95165,34.89882,2.88981,4.5426,50.05,0597:38:17,1,08
17:01:59,0.13584,215.60,0.4039,11.82928,34.5415,2.88981,4.5426,50.04,0597:38:18,1,08
17:02:03,0.13595,215.40,0.40251,11.78849,34.42239,2.88981,4.5426,50.04,0597:38:22,1,08
17:02:04,0.13572,215.30,0.40326,11.78849,34.42239,2.88981,4.5426,50.04,0597:38:23,1,08
17:02:05,0.1368,215.20,0.40028,11.78849,34.42239,2.88981,4.5427,50.04,0597:38:24,1,08
17:02:06,0.13632,214.90,0.40121,11.7613,34.34298,2.88981,4.5427,50.04,0597:38:25,1,08
17:02:08,0.13674,214.90,0.40194,11.81568,34.50179,2.88981,4.5427,50.04,0597:38:27,1,08
17:02:09,0.1362,215.10,0.40213,11.78849,34.42239,2.88981,4.5427,50.01,0597:38:28,1,08
17:02:13,0.13674,215.50,0.40268,11.87007,34.6606,2.88981,4.5427,50.03,0597:38:32,1,08
17:02:15,0.13692,215.30,0.40046,11.81568,34.50179,2.88981,4.5427,50.01,0597:38:34,1,08
17:02:17,0.1362,215.40,0.40269,11.81568,34.50179,2.88981,4.5427,50.03,0597:38:36,1,08
17:02:19,0.13644,215.50,0.40111,11.80208,34.46209,2.88991,4.5427,50.03,0597:38:38,1,08
17:02:20,0.13674,215.50,0.40083,11.81568,34.50179,2.88991,4.5427,50.03,0597:38:39,1,08
17:02:21,0.1368,215.50,0.40092,11.82928,34.5415,2.88991,4.5427,50.01,0597:38:40,1,08
17:02:23,0.1365,215.80,0.40129,11.82928,34.5415,2.88991,4.5427,50.03,0597:38:42,1,08
17:02:25,0.13687,216.00,0.39982,11.82928,34.5415,2.88991,4.5427,50.03,0597:38:44,1,08
17:02:26,0.13626,216.10,0.40175,11.84288,34.5812,2.88991,4.5428,50.03,0597:38:45,1,08
17:02:29,0.13711,215.70,0.39982,11.82928,34.5415,2.88991,4.5428,50.01,0597:38:48,1,08
17:02:30,0.13572,215.80,0.40251,11.78849,34.42239,2.88991,4.5428,50.01,0597:38:49,1,08
17:02:31,0.13602,215.50,0.4026,11.80208,34.46209,2.88991,4.5428,50.03,0597:38:50,1,08
17:02:32,0.1362,215.50,0.40139,11.78849,34.42239,2.88991,4.5428,50.03,0597:38:51,1,08
17:02:33,0.13662,215.50,0.40166,11.82928,34.5415,2.88991,4.5428,50.03,0597:38:52,1,08
17:02:36,0.1362,215.60,0.40185,11.80208,34.46209,2.88991,4.5428,50.04,0597:38:55,1,08
17:02:39,0.13717,215.50,0.39982,11.82928,34.5415,2.88991,4.5428,50.04,0597:38:58,1,08
17:02:40,0.13753,215.70,0.40009,11.87007,34.6606,2.88991,4.5428,50.04,0597:38:59,1,08
17:02:41,0.13692,215.80,0.40064,11.84288,34.5812,2.88991,4.5428,50.04,0597:39:00,1,08
17:02:42,0.13687,215.80,0.39926,11.80208,34.46209,2.88991,4.5428,50.04,0597:39:01,1,08
17:02:45,0.13626,215.80,0.40111,11.80208,34.46209,2.88991,4.5428,50.03,0597:39:04,1,08
17:02:46,0.13692,215.80,0.39926,11.80208,34.46209,2.88991,4.5429,50.03,0597:39:05,1,08
17:02:47,0.1365,215.80,0.40037,11.80208,34.46209,2.88991,4.5429,50.03,0597:39:06,1,08
17:02:48,0.13704,215.90,0.39899,11.81568,34.50179,2.89001,4.5429,50.03,0597:39:07,1,08
17:02:50,0.13632,215.90,0.4012,11.81568,34.50179,2.89001,4.5429,50.03,0597:39:09,1,08
17:02:53,0.13711,215.80,0.39807,11.78849,34.42239,2.89001,4.5429,50.03,0597:39:12,1,08
17:02:54,0.13638,215.80,0.40074,11.80208,34.46209,2.89001,4.5429,50.03,0597:39:13,1,08
17:02:56,0.13717,215.70,0.39853,11.80208,34.46209,2.89001,4.5429,50.04,0597:39:15,1,08
17:02:58,0.13711,215.70,0.3989,11.80208,34.46209,2.89001,4.5429,50.03,0597:39:16,1,08
17:03:02,0.13662,216.00,0.40009,11.81568,34.50179,2.89001,4.5429,50.03,0597:39:20,1,08
17:03:04,0.13662,215.90,0.39908,11.77489,34.38269,2.89001,4.5429,50.04,0597:39:22,1,08
17:03:07,0.13662,215.90,0.4,11.80208,34.46209,2.89001,4.543,50.03,0597:39:26,1,08
17:03:08,0.13741,215.90,0.39744,11.80208,34.46209,2.89001,4.543,50.04,0597:39:26,1,08
17:03:10,0.13638,215.80,0.4012,11.81568,34.50179,2.89001,4.543,50.03,0597:39:28,1,08
17:03:12,0.13795,216.10,0.40155,11.97884,34.97823,2.89001,4.543,50.03,0597:39:30,1,08
17:03:14,0.13674,216.30,0.39844,11.78849,34.42239,2.89001,4.543,50.03,0597:39:32,1,08
17:03:15,0.13704,216.30,0.39917,11.84288,34.5812,2.89001,4.543,50.03,0597:39:33,1,08
17:03:17,0.13657,216.30,0.40018,11.82928,34.5415,2.89001,4.543,50.03,0597:39:35,1,08
17:03:23,0.13717,216.00,0.39862,11.81568,34.50179,2.89011,4.543,50.03,0597:39:41,1,08
17:03:24,0.13704,216.00,0.39853,11.80208,34.46209,2.89011,4.543,50.03,0597:39:43,1,08
17:03:25,0.13657,216.00,0.40046,11.81568,34.50179,2.89011,4.543,50.03,0597:39:44,1,08
17:03:26,0.13704,215.90,0.39578,11.7205,34.22387,2.89011,4.543,50.03,0597:39:44,1,08
17:03:28,0.13722,215.90,0.39771,11.78849,34.42239,2.89011,4.5431,50.03,0597:39:46,1,08
17:03:30,0.13657,215.90,0.40046,11.81568,34.50179,2.89011,4.5431,50.04,0597:39:49,1,08
17:03:32,0.13753,215.80,0.39652,11.77489,34.38269,2.89011,4.5431,50.01,0597:39:50,1,08
17:03:33,0.13704,215.70,0.39834,11.77489,34.38269,2.89011,4.5431,50.01,0597:39:51,1,08
17:03:34,0.13734,215.50,0.39853,11.80208,34.46209,2.89011,4.5431,50.03,0597:39:52,1,08
17:03:36,0.13632,215.30,0.40093,11.77489,34.38269,2.89011,4.5431,50.03,0597:39:55,1,08
17:03:38,0.13699,215.10,0.39991,11.78849,34.42239,2.89011,4.5431,50.03,0597:39:56,1,08
17:03:40,0.13699,215.00,0.40037,11.80208,34.46209,2.89011,4.5431,50.03,0597:39:59,1,08
17:03:43,0.13657,215.10,0.40148,11.80208,34.46209,2.89011,4.5431,50.01,0597:40:02,1,08
17:03:48,0.13674,215.30,0.40028,11.78849,34.42239,2.89011,4.5432,50.01,0597:40:07,1,08
17:03:49,0.1365,215.20,0.40148,11.80208,34.46209,2.89011,4.5432,50.00,0597:40:08,1,08
17:03:50,0.1365,215.20,0.40148,11.80208,34.46209,2.89021,4.5432,50.00,0597:40:08,1,08
17:03:54,0.13764,215.80,0.39707,11.80208,34.46209,2.89021,4.5432,49.99,0597:40:13,1,08
17:03:55,0.13771,215.90,0.39762,11.82928,34.5415,2.89021,4.5432,50.00,0597:40:14,1,08
17:03:56,0.13771,215.90,0.39762,11.82928,34.5415,2.89021,4.5432,50.00,0597:40:14,1,08
17:04:00,0.13729,215.30,0.39844,11.78849,34.42239,2.89021,4.5432,49.99,0597:40:19,1,08
17:04:01,0.13729,215.30,0.39844,11.78849,34.42239,2.89021,4.5432,49.99,0597:40:19,1,08
17:04:03,0.13849,215.10,0.40511,12.07402,35.25615,2.89021,4.5432,49.99,0597:40:22,1,08
17:04:06,0.13699,215.80,0.40028,11.84288,34.5812,2.89021,4.5432,49.97,0597:40:25,1,08
17:04:10,0.13608,215.90,0.40194,11.81568,34.50179,2.89021,4.5433,49.96,0597:40:29,1,08
17:04:11,0.13734,216.10,0.4011,11.91086,34.77971,2.89021,4.5433,49.96,0597:40:30,1,08
17:04:12,0.13674,216.30,0.39936,11.81568,34.50179,2.89021,4.5433,49.96,0597:40:31,1,08
17:04:14,0.13668,216.20,0.39926,11.80208,34.46209,2.89021,4.5433,49.96,0597:40:33,1,08
17:04:15,0.13704,216.00,0.39991,11.84288,34.5812,2.89021,4.5433,49.97,0597:40:34,1,08
17:04:16,0.1368,215.80,0.40009,11.81568,34.50179,2.89021,4.5433,49.97,0597:40:35,1,08
17:04:20,0.1368,216.00,0.40018,11.82928,34.5415,2.89021,4.5433,49.96,0597:40:39,1,08
17:04:21,0.13687,216.10,0.39982,11.82928,34.5415,2.89031,4.5433,49.96,0597:40:40,1,08
17:04:23,0.13692,216.10,0.39807,11.78849,34.42239,2.89031,4.5433,49.95,0597:40:42,1,08
17:04:24,0.13734,215.80,0.39826,11.81568,34.50179,2.89031,4.5433,49.95,0597:40:43,1,08
17:04:26,0.13657,215.80,0.40083,11.81568,34.50179,2.89031,4.5433,49.96,0597:40:45,1,08
17:04:27,0.13692,215.60,0.40101,11.84288,34.5812,2.89031,4.5433,49.96,0597:40:46,1,08
17:04:28,0.13776,215.60,0.39661,11.78849,34.42239,2.89031,4.5434,49.96,0597:40:47,1,08
17:04:29,0.13674,215.50,0.39806,11.7341,34.26358,2.89031,4.5434,49.97,0597:40:48,1,08
17:04:30,0.1362,215.30,0.4013,11.77489,34.38269,2.89031,4.5434,49.97,0597:40:49,1,08
17:04:31,0.1362,215.30,0.40148,11.80208,34.46209,2.89031,4.5434,49.96,0597:40:50,1,08
17:04:33,0.13759,215.50,0.39917,11.84288,34.5812,2.89031,4.5434,49.97,0597:40:52,1,08
17:04:34,0.13668,215.60,0.39991,11.78849,34.42239,2.89031,4.5434,49.97,0597:40:53,1,08
17:04:36,0.1368,215.80,0.40009,11.81568,34.50179,2.89031,4.5434,49.97,0597:40:55,1,08
17:04:37,0.13729,215.60,0.39945,11.82928,34.5415,2.89031,4.5434,49.97,0597:40:56,1,08
17:04:39,0.13692,215.80,0.40018,11.82928,34.5415,2.89031,4.5434,49.99,0597:40:58,1,08
17:04:40,0.13692,215.90,0.40028,11.84288,34.5812,2.89031,4.5434,49.99,0597:40:59,1,08
17:04:42,0.13692,216.00,0.39706,11.7477,34.30328,2.89031,4.5434,49.99,0597:41:01,1,08
17:04:46,0.13687,216.20,0.39899,11.81568,34.50179,2.89031,4.5434,49.99,0597:41:05,1,08
17:04:48,0.13687,216.40,0.39862,11.81568,34.50179,2.89031,4.54351,50.01,0597:41:07,1,08
17:04:49,0.13717,216.30,0.39789,11.81568,34.50179,2.89031,4.54351,50.01,0597:41:08,1,08
17:04:51,0.1368,216.60,0.39908,11.82928,34.5415,2.89041,4.54351,50.03,0597:41:10,1,08
17:04:52,0.13759,216.70,0.39608,11.81568,34.50179,2.89041,4.54351,50.03,0597:41:11,1,08
17:04:53,0.13657,216.70,0.39853,11.80208,34.46209,2.89041,4.54351,50.03,0597:41:12,1,08
17:04:54,0.13687,216.70,0.39872,11.82928,34.5415,2.89041,4.54351,50.03,0597:41:13,1,08
17:04:55,0.1368,216.50,0.39817,11.80208,34.46209,2.89041,4.54351,50.03,0597:41:14,1,08
17:04:58,0.13795,216.50,0.39536,11.81568,34.50179,2.89041,4.54351,50.05,0597:41:16,1,08
17:05:03,0.13668,216.00,0.39963,11.80208,34.46209,2.89041,4.54351,50.04,0597:41:21,1,08
17:05:05,0.13657,216.30,0.40018,11.82928,34.5415,2.89041,4.54351,50.04,0597:41:23,1,08
17:05:12,0.13807,216.10,0.39936,11.92446,34.81942,2.89041,4.54361,50.04,0597:41:30,1,08
17:05:14,0.1365,216.20,0.39963,11.80208,34.46209,2.89041,4.54361,50.03,0597:41:32,1,08
17:05:15,0.13626,216.50,0.40193,11.87007,34.6606,2.89041,4.54361,50.03,0597:41:33,1,08
17:05:16,0.13638,216.50,0.39871,11.77489,34.38269,2.89041,4.54361,50.04,0597:41:34,1,08
17:05:17,0.13692,216.40,0.39908,11.82928,34.5415,2.89041,4.54361,50.04,0597:41:35,1,08
17:05:21,0.1359,216.50,0.40065,11.78849,34.42239,2.89041,4.54361,50.04,0597:41:39,1,08
17:05:25,0.13668,216.20,0.39926,11.80208,34.46209,2.89052,4.54361,50.04,0597:41:44,1,08
17:05:26,0.13722,216.00,0.3978,11.80208,34.46209,2.89052,4.54361,50.04,0597:41:44,1,08
17:05:29,0.13674,216.20,0.39936,11.81568,34.50179,2.89052,4.54361,50.03,0597:41:47,1,08
17:05:30,0.1365,216.20,0.40009,11.81568,34.50179,2.89052,4.54371,50.03,0597:41:49,1,08
17:05:31,0.13632,215.90,0.4012,11.81568,34.50179,2.89052,4.54371,50.03,0597:41:50,1,08
17:05:33,0.13644,216.00,0.40129,11.82928,34.5415,2.89052,4.54371,50.03,0597:41:51,1,08
17:05:35,0.13674,215.80,0.39963,11.80208,34.46209,2.89052,4.54371,50.00,0597:41:53,1,08
17:05:36,0.13584,215.90,0.40037,11.7477,34.30328,2.89052,4.54371,50.00,0597:41:55,1,08
17:05:41,0.13644,215.80,0.4012,11.81568,34.50179,2.89052,4.54371,49.99,0597:41:59,1,08
17:05:44,0.13638,215.70,0.40342,11.87007,34.6606,2.89052,4.54371,49.96,0597:42:02,1,08
17:05:47,0.13547,215.80,0.40009,11.70691,34.18417,2.89052,4.54371,49.96,0597:42:06,1,08
17:05:49,0.13687,216.10,0.40074,11.85647,34.6209,2.89052,4.54371,49.96,0597:42:08,1,08
17:05:51,0.13602,216.10,0.40018,11.77489,34.38269,2.89052,4.54381,49.96,0597:42:09,1,08
17:05:52,0.13602,216.30,0.40203,11.82928,34.5415,2.89052,4.54381,49.96,0597:42:10,1,08
17:05:54,0.13717,216.30,0.39917,11.84288,34.5812,2.89062,4.54381,49.97,0597:42:13,1,08
17:05:55,0.13699,216.20,0.39945,11.82928,34.5415,2.89062,4.54381,49.97,0597:42:14,1,08
17:05:56,0.13632,216.10,0.39852,11.7477,34.30328,2.89062,4.54381,49.97,0597:42:15,1,08
17:05:58,0.1365,216.10,0.39862,11.7613,34.34298,2.89062,4.54381,49.99,0597:42:16,1,08
17:05:59,0.13692,216.10,0.39789,11.82928,34.5415,2.89062,4.54381,49.99,0597:42:18,1,08
17:06:01,0.13662,216.00,0.40055,11.82928,34.5415,2.89062,4.54381,50.00,0597:42:20,1,08
17:06:03,0.13638,215.90,0.40028,11.78849,34.42239,2.89062,4.54381,50.00,0597:42:21,1,08
17:06:04,0.13746,215.90,0.39789,11.81568,34.50179,2.89062,4.54381,49.99,0597:42:23,1,08
17:06:05,0.13632,215.80,0.40111,11.80208,34.46209,2.89062,4.54381,50.00,0597:42:24,1,08
17:06:08,0.13854,215.80,0.40273,12.04683,35.17673,2.89062,4.54381,50.01,0597:42:27,1,08
17:06:09,0.13854,215.80,0.40273,12.04683,35.17673,2.89062,4.54381,50.03,0597:42:27,1,08
17:06:12,0.13687,216.20,0.39945,11.82928,34.5415,2.89062,4.54391,50.04,0597:42:31,1,08
17:06:13,0.13807,216.20,0.39572,11.81568,34.50179,2.89062,4.54391,50.05,0597:42:32,1,08
17:06:16,0.13704,215.90,0.39853,11.80208,34.46209,2.89062,4.54391,50.04,0597:42:35,1,08
17:06:17,0.13699,215.80,0.39926,11.80208,34.46209,2.89062,4.54391,50.05,0597:42:36,1,08
17:06:18,0.138,215.70,0.39635,11.80208,34.46209,2.89062,4.54391,50.05,0597:42:37,1,08
17:06:20,0.13692,215.90,0.3989,11.80208,34.46209,2.89062,4.54391,50.05,0597:42:39,1,08
17:06:27,0.13722,215.80,0.39817,11.80208,34.46209,2.89072,4.54391,50.05,0597:42:46,1,08
17:06:28,0.13674,215.80,0.39917,11.78849,34.42239,2.89072,4.54391,50.05,0597:42:47,1,08
17:06:30,0.13657,215.80,0.40037,11.80208,34.46209,2.89072,4.54401,50.04,0597:42:49,1,08
17:06:31,0.13704,215.90,0.39945,11.82928,34.5415,2.89072,4.54401,50.05,0597:42:50,1,08
17:06:32,0.13753,215.90,0.39661,11.78849,34.42239,2.89072,4.54401,50.05,0597:42:51,1,08
17:06:33,0.13687,215.80,0.39926,11.80208,34.46209,2.89072,4.54401,50.04,0597:42:52,1,08
17:06:34,0.13687,215.90,0.39972,11.81568,34.50179,2.89072,4.54401,50.04,0597:42:53,1,08
17:06:36,0.13638,215.90,0.40028,11.78849,34.42239,2.89072,4.54401,50.05,0597:42:55,1,08
17:06:37,0.13759,215.90,0.39799,11.82928,34.5415,2.89072,4.54401,50.04,0597:42:56,1,08
17:06:40,0.13704,215.90,0.39761,11.77489,34.38269,2.89072,4.54401,50.04,0597:42:59,1,08
17:06:41,0.13699,216.00,0.3989,11.80208,34.46209,2.89072,4.54401,50.05,0597:43:00,1,08
17:06:43,0.13692,215.80,0.3988,11.78849,34.42239,2.89072,4.54401,50.03,0597:43:02,1,08
17:06:44,0.13668,215.80,0.40046,11.81568,34.50179,2.89072,4.54401,50.03,0597:43:03,1,08
17:06:45,0.13687,216.10,0.40028,11.84288,34.5812,2.89072,4.54401,50.05,0597:43:04,1,08
17:06:46,0.13692,216.20,0.39853,11.80208,34.46209,2.89072,4.54401,50.05,0597:43:05,1,08
17:06:47,0.13662,216.10,0.39963,11.80208,34.46209,2.89072,4.54401,50.04,0597:43:06,1,08
17:06:48,0.14541,216.10,0.41566,13.0666,38.15446,2.89072,4.54401,50.04,0597:43:07,1,08
17:06:50,0.1362,216.10,0.40166,11.82928,34.5415,2.89072,4.54401,50.05,0597:43:09,1,08
17:06:53,0.13638,216.10,0.40221,11.85647,34.6209,2.89072,4.54411,50.04,0597:43:11,1,08
17:06:54,0.13644,216.00,0.40092,11.82928,34.5415,2.89072,4.54411,50.05,0597:43:12,1,08
17:06:58,0.1365,216.10,0.39954,11.78849,34.42239,2.89082,4.54411,50.03,0597:43:16,1,08
17:06:59,0.1365,216.00,0.40046,11.81568,34.50179,2.89082,4.54411,50.03,0597:43:17,1,08
17:07:01,0.13692,215.90,0.39972,11.81568,34.50179,2.89082,4.54411,50.03,0597:43:19,1,08
17:07:02,0.13662,215.70,0.40037,11.80208,34.46209,2.89082,4.54411,50.01,0597:43:20,1,08
17:07:03,0.13657,215.80,0.40037,11.80208,34.46209,2.89082,4.54411,50.01,0597:43:21,1,08
17:07:06,0.13638,215.70,0.3988,11.7341,34.26358,2.89082,4.54411,49.99,0597:43:24,1,08
17:07:07,0.13638,215.80,0.40028,11.78849,34.42239,2.89082,4.54411,49.99,0597:43:25,1,08
17:07:08,0.13632,215.80,0.40157,11.81568,34.50179,2.89082,4.54411,50.00,0597:43:26,1,08
17:07:09,0.13662,215.80,0.4,11.80208,34.46209,2.89082,4.54411,50.00,0597:43:27,1,08
17:07:11,0.13771,215.90,0.39717,11.81568,34.50179,2.89082,4.54411,49.97,0597:43:29,1,08
17:07:12,0.13967,216.10,0.40315,12.1692,35.53407,2.89082,4.54421,49.99,0597:43:30,1,08
17:07:17,0.13632,216.10,0.40129,11.82928,34.5415,2.89082,4.54421,49.97,0597:43:35,1,08
17:07:19,0.13608,216.00,0.40009,11.7613,34.34298,2.89082,4.54421,49.97,0597:43:37,1,08
17:07:20,0.1368,215.90,0.40009,11.81568,34.50179,2.89082,4.54421,49.97,0597:43:38,1,08
17:07:21,0.1368,215.70,0.40009,11.81568,34.50179,2.89082,4.54421,49.97,0597:43:39,1,08
17:07:23,0.13547,215.70,0.40093,11.7205,34.22387,2.89082,4.54421,49.97,0597:43:41,1,08
17:07:25,0.13662,215.40,0.40028,11.78849,34.42239,2.89082,4.54421,49.97,0597:43:43,1,08
17:07:26,0.13632,215.50,0.40287,11.84288,34.5812,2.89092,4.54421,49.97,0597:43:45,1,08
17:07:27,0.13632,215.50,0.40287,11.84288,34.5812,2.89092,4.54421,49.97,0597:43:45,1,08
17:07:30,0.13614,215.70,0.40231,11.81568,34.50179,2.89092,4.54421,49.97,0597:43:48,1,08
17:07:31,0.13492,215.50,0.40485,11.7613,34.34298,2.89092,4.54421,49.99,0597:43:49,1,08
17:07:32,0.13577,214.90,0.40363,11.78849,34.42239,2.89092,4.54431,49.99,0597:43:51,1,08
17:07:33,0.13577,214.90,0.40363,11.78849,34.42239,2.89092,4.54431,49.99,0597:43:51,1,08
17:07:35,0.13577,214.90,0.4027,11.7613,34.34298,2.89092,4.54431,50.00,0597:43:53,1,08
17:07:38,0.13626,215.10,0.40213,11.78849,34.42239,2.89092,4.54431,50.01,0597:43:57,1,08
17:07:42,0.13577,215.20,0.40372,11.80208,34.46209,2.89092,4.54431,50.00,0597:44:00,1,08
17:07:43,0.13632,215.30,0.40185,11.80208,34.46209,2.89092,4.54431,50.01,0597:44:02,1,08
17:07:45,0.13638,215.50,0.40194,11.81568,34.50179,2.89092,4.54431,50.01,0597:44:03,1,08
17:07:46,0.13565,215.70,0.40344,11.81568,34.50179,2.89092,4.54431,50.01,0597:44:04,1,08
17:07:48,0.13729,215.80,0.39817,11.80208,34.46209,2.89092,4.54431,50.01,0597:44:07,1,08
17:07:49,0.13577,215.70,0.40204,11.77489,34.38269,2.89092,4.54431,50.01,0597:44:08,1,08
17:07:51,0.13584,215.60,0.40306,11.81568,34.50179,2.89092,4.54431,50.01,0597:44:09,1,08
17:07:53,0.13614,215.60,0.40139,11.78849,34.42239,2.89092,4.54441,50.01,0597:44:11,1,08
17:07:54,0.13541,215.60,0.4041,11.80208,34.46209,2.89092,4.54441,50.01,0597:44:13,1,08
17:07:55,0.13577,215.50,0.40251,11.78849,34.42239,2.89092,4.54441,50.04,0597:44:14,1,08
17:07:57,0.1359,215.60,0.4026,11.80208,34.46209,2.89102,4.54441,50.04,0597:44:15,1,08
17:08:00,0.13722,215.50,0.40487,11.97884,34.97823,2.89102,4.54441,50.03,0597:44:19,1,08
17:08:01,0.13565,215.20,0.4027,11.7613,34.34298,2.89102,4.54441,50.04,0597:44:20,1,08
17:08:04,0.13687,215.10,0.40259,11.85647,34.6209,2.89102,4.54441,50.03,0597:44:22,1,08
17:08:05,0.1362,215.20,0.40213,11.78849,34.42239,2.89102,4.54441,50.04,0597:44:24,1,08
17:08:06,0.13644,215.20,0.40185,11.80208,34.46209,2.89102,4.54441,50.04,0597:44:25,1,08
17:08:08,0.13577,215.30,0.40474,11.84288,34.5812,2.89102,4.54441,50.04,0597:44:27,1,08
17:08:09,0.13608,215.40,0.40121,11.7613,34.34298,2.89102,4.54441,50.01,0597:44:27,1,08
17:08:10,0.1365,215.30,0.40102,11.78849,34.42239,2.89102,4.54441,50.01,0597:44:29,1,08
17:08:12,0.13657,215.30,0.40018,11.77489,34.38269,2.89102,4.54441,50.03,0597:44:31,1,08
17:08:13,0.13577,215.20,0.40372,11.80208,34.46209,2.89102,4.54441,50.03,0597:44:32,1,08
17:08:14,0.13577,215.20,0.40372,11.80208,34.46209,2.89102,4.54452,50.03,0597:44:32,1,08
17:08:15,0.13657,215.40,0.40388,11.88367,34.70031,2.89102,4.54452,50.03,0597:44:33,1,08
17:08:18,0.13565,215.30,0.40233,11.7613,34.34298,2.89102,4.54452,50.03,0597:44:37,1,08
17:08:20,0.13498,215.40,0.40514,11.78849,34.42239,2.89102,4.54452,50.03,0597:44:38,1,08
17:08:23,0.13632,215.40,0.40185,11.80208,34.46209,2.89102,4.54452,50.03,0597:44:42,1,08
17:08:24,0.13632,215.30,0.40185,11.80208,34.46209,2.89102,4.54452,50.03,0597:44:43,1,08
17:08:25,0.13644,215.30,0.40102,11.78849,34.42239,2.89102,4.54452,50.01,0597:44:44,1,08
17:08:27,0.13638,215.00,0.40083,11.7613,34.34298,2.89113,4.54452,50.03,0597:44:46,1,08
17:08:28,0.1368,215.00,0.40203,11.82928,34.5415,2.89113,4.54452,50.03,0597:44:47,1,08
17:08:31,0.13711,214.90,0.40037,11.80208,34.46209,2.89113,4.54452,50.03,0597:44:50,1,08
17:08:32,0.13626,215.00,0.40213,11.78849,34.42239,2.89113,4.54452,50.03,0597:44:51,1,08
17:08:34,0.1365,215.10,0.40139,11.78849,34.42239,2.89113,4.54452,50.03,0597:44:53,1,08
17:08:35,0.1368,214.90,0.40018,11.77489,34.38269,2.89113,4.54462,50.04,0597:44:54,1,08
17:08:36,0.13711,214.90,0.39899,11.7613,34.34298,2.89113,4.54462,50.04,0597:44:55,1,08
17:08:37,0.1368,214.80,0.40148,11.80208,34.46209,2.89113,4.54462,50.03,0597:44:56,1,08
17:08:39,0.13632,214.90,0.4026,11.80208,34.46209,2.89113,4.54462,50.03,0597:44:58,1,08
17:08:40,0.13704,214.90,0.40037,11.80208,34.46209,2.89113,4.54462,50.03,0597:44:59,1,08
17:08:41,0.13704,214.90,0.39991,11.78849,34.42239,2.89113,4.54462,50.03,0597:45:00,1,08
17:08:43,0.13662,214.90,0.40139,11.78849,34.42239,2.89113,4.54462,50.01,0597:45:02,1,08
17:08:45,0.13699,215.00,0.39991,11.78849,34.42239,2.89113,4.54462,50.01,0597:45:04,1,08
17:08:46,0.13711,215.00,0.39991,11.78849,34.42239,2.89113,4.54462,50.01,0597:45:05,1,08
17:08:47,0.13626,215.00,0.40306,11.81568,34.50179,2.89113,4.54462,50.03,0597:45:06,1,08
17:08:48,0.13662,215.10,0.40379,11.87007,34.6606,2.89113,4.54462,50.03,0597:45:07,1,08
17:08:49,0.13632,215.10,0.40222,11.80208,34.46209,2.89113,4.54462,50.01,0597:45:08,1,08
17:08:50,0.13692,215.10,0.40028,11.78849,34.42239,2.89113,4.54462,50.01,0597:45:09,1,08
17:08:54,0.13572,215.00,0.40317,11.77489,34.38269,2.89113,4.54462,50.00,0597:45:12,1,08
17:08:56,0.13668,215.00,0.40055,11.77489,34.38269,2.89113,4.54472,50.00,0597:45:14,1,08
17:08:57,0.13595,215.00,0.40326,11.78849,34.42239,2.89113,4.54472,50.00,0597:45:15,1,08
17:08:58,0.13595,215.10,0.40381,11.81568,34.50179,2.89113,4.54472,49.97,0597:45:16,1,08
17:09:00,0.1359,215.00,0.40419,11.81568,34.50179,2.89123,4.54472,49.99,0597:45:18,1,08
17:09:01,0.13572,215.10,0.40503,11.82928,34.5415,2.89123,4.54472,49.99,0597:45:19,1,08
17:09:02,0.13529,215.20,0.40476,11.78849,34.42239,2.89123,4.54472,49.97,0597:45:20,1,08
17:09:03,0.13474,215.10,0.40291,11.67971,34.10476,2.89123,4.54472,49.97,0597:45:21,1,08
17:09:05,0.13644,215.10,0.40139,11.78849,34.42239,2.89123,4.54472,49.96,0597:45:23,1,08
17:09:09,0.13577,215.70,0.40445,11.85647,34.6209,2.89123,4.54472,49.97,0597:45:27,1,08
17:09:10,0.13614,215.40,0.40269,11.81568,34.50179,2.89123,4.54472,49.97,0597:45:28,1,08
17:09:11,0.13565,215.40,0.40372,11.80208,34.46209,2.89123,4.54472,49.97,0597:45:29,1,08
17:09:12,0.13529,215.20,0.40336,11.7477,34.30328,2.89123,4.54472,49.96,0597:45:30,1,08
17:09:13,0.13595,214.90,0.40372,11.80208,34.46209,2.89123,4.54472,49.96,0597:45:31,1,08
17:09:15,0.1365,214.90,0.40315,11.82928,34.5415,2.89123,4.54472,49.97,0597:45:33,1,08
17:09:17,0.13565,215.50,0.40381,11.81568,34.50179,2.89123,4.54482,49.96,0597:45:35,1,08
17:09:19,0.13729,215.60,0.40817,12.08762,35.29585,2.89123,4.54482,49.96,0597:45:37,1,08
17:09:20,0.13517,215.50,0.40485,11.80208,34.46209,2.89123,4.54482,49.96,0597:45:38,1,08
17:09:21,0.13517,215.50,0.40485,11.80208,34.46209,2.89123,4.54482,49.96,0597:45:39,1,08
17:09:22,0.13529,215.20,0.40243,11.7205,34.22387,2.89123,4.54482,49.96,0597:45:40,1,08
17:09:25,0.13577,215.30,0.40381,11.81568,34.50179,2.89123,4.54482,49.97,0597:45:43,1,08
17:09:26,0.13602,215.50,0.40213,11.78849,34.42239,2.89123,4.54482,49.97,0597:45:44,1,08
17:09:28,0.1362,215.70,0.40194,11.81568,34.50179,2.89123,4.54482,49.97,0597:45:46,1,08
17:09:29,0.13687,215.40,0.39991,11.78849,34.42239,2.89133,4.54482,49.97,0597:45:47,1,08
17:09:34,0.13662,215.20,0.40111,11.80208,34.46209,2.89133,4.54482,49.99,0597:45:52,1,08
17:09:38,0.13565,215.80,0.40297,11.80208,34.46209,2.89133,4.54492,49.99,0597:45:57,1,08
17:09:39,0.13565,215.80,0.40297,11.80208,34.46209,2.89133,4.54492,49.99,0597:45:57,1,08
17:09:41,0.13559,215.80,0.40427,11.82928,34.5415,2.89133,4.54492,50.00,0597:45:59,1,08
17:09:43,0.13553,215.90,0.4039,11.82928,34.5415,2.89133,4.54492,50.00,0597:46:01,1,08
17:09:44,0.13511,216.00,0.40447,11.80208,34.46209,2.89133,4.54492,50.00,0597:46:03,1,08
17:09:46,0.13529,216.00,0.40419,11.81568,34.50179,2.89133,4.54492,50.01,0597:46:04,1,08
17:09:47,0.13572,216.10,0.40222,11.80208,34.46209,2.89133,4.54492,50.01,0597:46:05,1,08
17:09:50,0.13522,215.90,0.40363,11.78849,34.42239,2.89133,4.54492,50.03,0597:46:09,1,08
17:09:52,0.13522,215.80,0.40456,11.81568,34.50179,2.89133,4.54492,50.00,0597:46:10,1,08
17:09:53,0.13572,215.80,0.4026,11.80208,34.46209,2.89133,4.54492,50.03,0597:46:11,1,08
17:09:54,0.13595,215.90,0.40185,11.80208,34.46209,2.89133,4.54492,50.03,0597:46:12,1,08
17:10:00,0.13498,215.80,0.40532,11.81568,34.50179,2.89143,4.54503,50.04,0597:46:18,1,08
17:10:01,0.13638,215.80,0.4012,11.81568,34.50179,2.89143,4.54503,50.03,0597:46:20,1,08
17:10:04,0.13595,215.60,0.40176,11.78849,34.42239,2.89143,4.54503,50.03,0597:46:22,1,08
17:10:07,0.13614,215.50,0.40231,11.81568,34.50179,2.89143,4.54503,50.03,0597:46:26,1,08
17:10:09,0.13577,215.60,0.40297,11.80208,34.46209,2.89143,4.54503,50.01,0597:46:28,1,08
17:10:11,0.13729,215.40,0.40211,11.89726,34.74001,2.89143,4.54503,50.01,0597:46:29,1,08
17:10:13,0.13626,215.20,0.40222,11.80208,34.46209,2.89143,4.54503,50.00,0597:46:32,1,08
17:10:17,0.13595,215.30,0.40344,11.81568,34.50179,2.89143,4.54503,50.00,0597:46:35,1,08
17:10:19,0.13595,215.40,0.40344,11.81568,34.50179,2.89143,4.54513,49.99,0597:46:38,1,08
17:10:22,0.13602,215.40,0.40306,11.81568,34.50179,2.89143,4.54513,50.00,0597:46:40,1,08
17:10:26,0.13608,215.70,0.40231,11.81568,34.50179,2.89143,4.54513,49.99,0597:46:45,1,08
17:10:28,0.13595,215.60,0.40399,11.84288,34.5812,2.89143,4.54513,49.97,0597:46:46,1,08
17:10:29,0.13638,215.60,0.40065,11.78849,34.42239,2.89143,4.54513,49.97,0597:46:48,1,08
17:10:32,0.13614,215.50,0.40269,11.81568,34.50179,2.89153,4.54513,49.99,0597:46:51,1,08
17:10:38,0.1365,215.30,0.40194,11.81568,34.50179,2.89153,4.54513,49.96,0597:46:57,1,08
17:10:41,0.13644,215.00,0.40269,11.81568,34.50179,2.89153,4.54523,49.96,0597:47:00,1,08
17:10:42,0.1362,215.10,0.40306,11.81568,34.50179,2.89153,4.54523,49.96,0597:47:01,1,08
17:10:43,0.13632,215.00,0.40176,11.78849,34.42239,2.89153,4.54523,49.97,0597:47:02,1,08
17:10:44,0.13734,215.00,0.39926,11.80208,34.46209,2.89153,4.54523,49.97,0597:47:03,1,08
17:10:45,0.13699,215.10,0.39991,11.78849,34.42239,2.89153,4.54523,49.97,0597:47:04,1,08
17:10:50,0.13699,214.90,0.4012,11.81568,34.50179,2.89153,4.54523,49.97,0597:47:08,1,08
17:10:51,0.1362,215.00,0.39926,11.69331,34.14447,2.89153,4.54523,49.97,0597:47:09,1,08
17:10:54,0.13657,215.10,0.40102,11.78849,34.42239,2.89153,4.54523,49.97,0597:47:12,1,08
17:10:55,0.13722,215.00,0.39908,11.77489,34.38269,2.89153,4.54523,49.97,0597:47:13,1,08
17:10:56,0.13741,214.80,0.39825,11.7613,34.34298,2.89153,4.54523,49.99,0597:47:14,1,08
17:10:57,0.13699,214.80,0.40111,11.80208,34.46209,2.89153,4.54523,49.99,0597:47:15,1,08
17:10:59,0.13961,214.70,0.40662,12.19639,35.61347,2.89153,4.54523,49.99,0597:47:17,1,08
17:11:01,0.1365,214.80,0.40269,11.81568,34.50179,2.89153,4.54523,49.99,0597:47:19,1,08
17:11:02,0.13674,214.80,0.40194,11.81568,34.50179,2.89163,4.54533,49.97,0597:47:20,1,08
17:11:04,0.13687,214.70,0.40055,11.77489,34.38269,2.89163,4.54533,50.00,0597:47:22,1,08
17:11:06,0.13626,214.60,0.40242,11.77489,34.38269,2.89163,4.54533,50.00,0597:47:24,1,08
17:11:09,0.13632,215.10,0.40269,11.81568,34.50179,2.89163,4.54533,50.00,0597:47:27,1,08
17:11:11,0.13662,215.10,0.40148,11.80208,34.46209,2.89163,4.54533,50.00,0597:47:29,1,08
17:11:12,0.13741,215.10,0.40202,11.88367,34.70031,2.89163,4.54533,50.00,0597:47:30,1,08
17:11:16,0.1368,214.80,0.40194,11.81568,34.50179,2.89163,4.54533,50.01,0597:47:34,1,08
17:11:19,0.13668,215.20,0.40111,11.80208,34.46209,2.89163,4.54533,50.03,0597:47:37,1,08
17:11:22,0.1359,215.50,0.4026,11.80208,34.46209,2.89163,4.54533,50.03,0597:47:40,1,08
17:11:24,0.13771,215.30,0.40467,12.00604,35.05763,2.89163,4.54544,50.04,0597:47:42,1,08
17:11:26,0.13704,215.20,0.40369,11.91086,34.77971,2.89163,4.54544,50.04,0597:47:44,1,08
17:11:28,0.13729,215.30,0.39926,11.80208,34.46209,2.89163,4.54544,50.05,0597:47:46,1,08
17:11:29,0.13626,215.30,0.40139,11.78849,34.42239,2.89163,4.54544,50.05,0597:47:47,1,08
17:11:30,0.1362,215.30,0.4013,11.77489,34.38269,2.89163,4.54544,50.05,0597:47:48,1,08
17:11:31,0.1368,215.10,0.4012,11.81568,34.50179,2.89163,4.54544,50.04,0597:47:49,1,08
17:11:32,0.13674,215.00,0.40194,11.81568,34.50179,2.89173,4.54544,50.04,0597:47:50,1,08
17:11:33,0.1365,215.00,0.40185,11.80208,34.46209,2.89173,4.54544,50.03,0597:47:51,1,08
17:11:34,0.1365,215.00,0.40185,11.80208,34.46209,2.89173,4.54544,50.03,0597:47:52,1,08
17:11:35,0.13608,214.80,0.40279,11.77489,34.38269,2.89173,4.54544,50.03,0597:47:53,1,08
17:11:36,0.13644,214.70,0.40121,11.7613,34.34298,2.89173,4.54544,50.05,0597:47:54,1,08
17:11:37,0.13674,214.80,0.40055,11.77489,34.38269,2.89173,4.54544,50.04,0597:47:55,1,08
17:11:38,0.13632,214.70,0.40251,11.78849,34.42239,2.89173,4.54544,50.04,0597:47:56,1,08
17:11:41,0.13632,214.60,0.40288,11.78849,34.42239,2.89173,4.54544,50.03,0597:47:59,1,08
17:11:42,0.13632,214.40,0.40372,11.80208,34.46209,2.89173,4.54544,50.03,0597:48:00,1,08
17:11:43,0.13668,214.60,0.40269,11.81568,34.50179,2.89173,4.54554,50.01,0597:48:01,1,08
17:11:44,0.13657,214.80,0.40176,11.78849,34.42239,2.89173,4.54554,50.01,0597:48:02,1,08
17:11:45,0.13668,214.60,0.4013,11.77489,34.38269,2.89173,4.54554,50.01,0597:48:03,1,08
17:11:46,0.13668,214.60,0.4013,11.77489,34.38269,2.89173,4.54554,50.01,0597:48:04,1,08
17:11:47,0.13711,214.50,0.40065,11.78849,34.42239,2.89173,4.54554,50.01,0597:48:05,1,08
17:11:49,0.13662,214.30,0.40204,11.77489,34.38269,2.89173,4.54554,50.00,0597:48:07,1,08
17:11:52,0.13717,214.50,0.40111,11.80208,34.46209,2.89173,4.54554,49.99,0597:48:10,1,08
17:11:53,0.13674,214.70,0.40278,11.82928,34.5415,2.89173,4.54554,49.97,0597:48:11,1,08
17:11:54,0.13687,214.90,0.40111,11.80208,34.46209,2.89173,4.54554,49.97,0597:48:12,1,08
17:11:55,0.13764,215.00,0.39853,11.80208,34.46209,2.89173,4.54554,49.97,0597:48:13,1,08
17:11:57,0.13657,215.10,0.40102,11.78849,34.42239,2.89173,4.54554,49.97,0597:48:16,1,08
17:11:59,0.13741,214.90,0.39963,11.80208,34.46209,2.89173,4.54554,49.95,0597:48:17,1,08
17:12:00,0.13722,214.70,0.39991,11.78849,34.42239,2.89173,4.54554,49.95,0597:48:18,1,08
17:12:01,0.1362,214.60,0.40047,11.70691,34.18417,2.89173,4.54554,49.95,0597:48:19,1,08
17:12:02,0.138,214.60,0.40138,11.89726,34.74001,2.89173,4.54554,49.95,0597:48:20,1,08
17:12:03,0.13711,214.70,0.40028,11.78849,34.42239,2.89184,4.54554,49.96,0597:48:22,1,08
17:12:05,0.13837,215.00,0.39762,11.82928,34.5415,2.89184,4.54564,49.96,0597:48:23,1,08
17:12:07,0.13795,215.30,0.39799,11.82928,34.5415,2.89184,4.54564,49.96,0597:48:25,1,08
17:12:08,0.13729,215.20,0.39972,11.81568,34.50179,2.89184,4.54564,49.96,0597:48:27,1,08
17:12:09,0.13764,215.10,0.39853,11.80208,34.46209,2.89184,4.54564,49.97,0597:48:28,1,08
17:12:11,0.13884,215.20,0.399,11.92446,34.81942,2.89184,4.54564,49.96,0597:48:29,1,08
17:12:12,0.13854,215.40,0.39617,11.82928,34.5415,2.89184,4.54564,49.96,0597:48:30,1,08
17:12:14,0.13795,215.80,0.3968,11.81568,34.50179,2.89184,4.54564,49.96,0597:48:33,1,08
17:12:18,0.13734,215.80,0.39826,11.81568,34.50179,2.89184,4.54564,49.96,0597:48:36,1,08
17:12:25,0.13759,215.90,0.39616,11.77489,34.38269,2.89184,4.54574,49.97,0597:48:44,1,08
17:12:26,0.13967,215.80,0.39856,12.01964,35.09734,2.89184,4.54574,49.97,0597:48:45,1,08
17:12:27,0.14032,215.70,0.39767,12.04683,35.17673,2.89184,4.54574,49.96,0597:48:46,1,08
17:12:28,0.13783,215.70,0.39671,11.80208,34.46209,2.89184,4.54574,49.96,0597:48:47,1,08
17:12:29,0.1383,215.50,0.39608,11.81568,34.50179,2.89184,4.54574,49.97,0597:48:47,1,08
17:12:30,0.13746,215.50,0.39771,11.78849,34.42239,2.89184,4.54574,49.97,0597:48:48,1,08
17:12:31,0.138,215.40,0.39707,11.80208,34.46209,2.89184,4.54574,49.97,0597:48:50,1,08
17:12:32,0.13687,215.50,0.39585,11.67971,34.10476,2.89184,4.54574,49.97,0597:48:51,1,08
17:12:33,0.13878,215.30,0.39536,11.81568,34.50179,2.89194,4.54574,49.97,0597:48:52,1,08
17:12:34,0.1386,215.40,0.39481,11.78849,34.42239,2.89194,4.54574,49.97,0597:48:53,1,08
17:12:42,0.13699,215.90,0.39844,11.78849,34.42239,2.89194,4.54574,49.99,0597:49:01,1,08
17:12:43,0.13825,215.90,0.39572,11.81568,34.50179,2.89194,4.54574,49.99,0597:49:02,1,08
17:12:45,0.13717,215.90,0.39817,11.80208,34.46209,2.89194,4.54584,49.99,0597:49:04,1,08
17:12:47,0.13734,215.90,0.3978,11.80208,34.46209,2.89194,4.54584,50.00,0597:49:05,1,08
17:12:49,0.13759,216.00,0.39707,11.80208,34.46209,2.89194,4.54584,50.00,0597:49:07,1,08
17:12:50,0.13771,216.00,0.39772,11.84288,34.5812,2.89194,4.54584,50.00,0597:49:08,1,08
17:12:51,0.13729,216.10,0.39734,11.78849,34.42239,2.89194,4.54584,50.00,0597:49:09,1,08
17:12:52,0.13717,216.00,0.39771,11.78849,34.42239,2.89194,4.54584,49.99,0597:49:10,1,08
17:12:53,0.13795,215.90,0.39507,11.77489,34.38269,2.89194,4.54584,49.99,0597:49:11,1,08
17:12:54,0.13753,215.80,0.39606,11.7613,34.34298,2.89194,4.54584,50.01,0597:49:12,1,08
17:12:57,0.13644,215.60,0.40065,11.78849,34.42239,2.89194,4.54584,50.00,0597:49:15,1,08
17:12:59,0.13668,215.80,0.40046,11.81568,34.50179,2.89194,4.54584,50.00,0597:49:17,1,08
17:13:00,0.13668,215.60,0.39945,11.77489,34.38269,2.89194,4.54584,50.00,0597:49:18,1,08
17:13:03,0.13711,215.60,0.39926,11.80208,34.46209,2.89194,4.54584,50.00,0597:49:21,1,08
17:13:04,0.13674,215.60,0.40046,11.81568,34.50179,2.89194,4.54584,49.99,0597:49:22,1,08
17:13:05,0.13584,215.80,0.40213,11.78849,34.42239,2.89204,4.54595,49.99,0597:49:23,1,08
17:13:06,0.13584,215.80,0.40213,11.78849,34.42239,2.89204,4.54595,49.99,0597:49:24,1,08
17:13:07,0.13638,215.80,0.4012,11.81568,34.50179,2.89204,4.54595,49.99,0597:49:25,1,08
17:13:08,0.13699,215.60,0.39788,11.7613,34.34298,2.89204,4.54595,50.00,0597:49:26,1,08
17:13:10,0.13657,215.80,0.40083,11.81568,34.50179,2.89204,4.54595,49.99,0597:49:28,1,08
17:13:14,0.13608,215.50,0.39852,11.69331,34.14447,2.89204,4.54595,49.99,0597:49:32,1,08
17:13:16,0.13722,215.60,0.39936,11.81568,34.50179,2.89204,4.54595,50.00,0597:49:34,1,08
17:13:18,0.13717,215.60,0.39936,11.81568,34.50179,2.89204,4.54595,49.99,0597:49:36,1,08
17:13:21,0.13662,215.60,0.40037,11.80208,34.46209,2.89204,4.54595,49.99,0597:49:39,1,08
17:13:22,0.13704,215.50,0.40055,11.82928,34.5415,2.89204,4.54595,49.99,0597:49:40,1,08
17:13:24,0.13657,215.10,0.39917,11.7341,34.26358,2.89204,4.54595,49.99,0597:49:42,1,08
17:13:26,0.13687,215.00,0.39889,11.7477,34.30328,2.89204,4.54605,49.99,0597:49:44,1,08
17:13:28,0.13614,214.80,0.40242,11.77489,34.38269,2.89204,4.54605,49.99,0597:49:46,1,08
17:13:30,0.1386,214.60,0.40402,12.01964,35.09734,2.89204,4.54605,50.00,0597:49:48,1,08
17:13:33,0.13687,214.70,0.40148,11.80208,34.46209,2.89204,4.54605,49.99,0597:49:51,1,08
17:13:35,0.13746,214.50,0.39816,11.7477,34.30328,2.89214,4.54605,49.99,0597:49:53,1,08
17:13:37,0.13729,214.70,0.40037,11.80208,34.46209,2.89214,4.54605,49.99,0597:49:55,1,08
17:13:39,0.13692,214.60,0.40287,11.84288,34.5812,2.89214,4.54605,49.96,0597:49:57,1,08
17:13:41,0.13602,214.80,0.40047,11.70691,34.18417,2.89214,4.54605,49.95,0597:49:59,1,08
17:13:43,0.13662,214.80,0.40222,11.80208,34.46209,2.89214,4.54605,49.95,0597:50:01,1,08
17:13:44,0.13602,214.70,0.40233,11.7613,34.34298,2.89214,4.54605,49.95,0597:50:02,1,08
17:13:46,0.13668,214.80,0.40231,11.81568,34.50179,2.89214,4.54615,49.96,0597:50:04,1,08
17:13:48,0.13711,215.00,0.40092,11.82928,34.5415,2.89214,4.54615,49.95,0597:50:06,1,08
17:13:49,0.13807,215.00,0.39789,11.81568,34.50179,2.89214,4.54615,49.95,0597:50:07,1,08
17:13:50,0.1368,214.90,0.39695,11.67971,34.10476,2.89214,4.54615,49.95,0597:50:08,1,08
17:13:51,0.13687,215.00,0.40111,11.80208,34.46209,2.89214,4.54615,49.96,0597:50:09,1,08
17:13:57,0.13711,215.10,0.4,11.80208,34.46209,2.89214,4.54615,49.96,0597:50:15,1,08
17:13:58,0.13674,215.10,0.40203,11.82928,34.5415,2.89214,4.54615,49.96,0597:50:16,1,08
17:13:59,0.13753,215.00,0.39844,11.78849,34.42239,2.89214,4.54615,49.96,0597:50:18,1,08
17:14:00,0.13657,215.00,0.39815,11.69331,34.14447,2.89214,4.54615,49.96,0597:50:18,1,08
17:14:01,0.13699,214.90,0.40028,11.78849,34.42239,2.89214,4.54615,49.96,0597:50:19,1,08
17:14:03,0.13692,215.10,0.40037,11.80208,34.46209,2.89214,4.54615,49.96,0597:50:21,1,08
17:14:06,0.13638,215.10,0.4013,11.77489,34.38269,2.89224,4.54615,49.96,0597:50:24,1,08
17:14:08,0.13668,214.80,0.40185,11.80208,34.46209,2.89224,4.54625,49.97,0597:50:26,1,08
17:14:09,0.13657,214.30,0.40158,11.7613,34.34298,2.89224,4.54625,49.96,0597:50:27,1,08
17:14:11,0.13746,214.60,0.40046,11.81568,34.50179,2.89224,4.54625,49.97,0597:50:30,1,08
17:14:12,0.13699,214.80,0.4012,11.81568,34.50179,2.89224,4.54625,49.97,0597:50:30,1,08
17:14:17,0.13704,215.00,0.40037,11.80208,34.46209,2.89224,4.54625,49.96,0597:50:36,1,08
17:14:19,0.13657,214.90,0.40231,11.81568,34.50179,2.89224,4.54625,49.97,0597:50:37,1,08
17:14:21,0.13626,215.00,0.40167,11.77489,34.38269,2.89224,4.54625,49.96,0597:50:40,1,08
17:14:23,0.13741,215.00,0.39972,11.81568,34.50179,2.89224,4.54625,49.97,0597:50:42,1,08
17:14:24,0.13632,215.00,0.40213,11.78849,34.42239,2.89224,4.54625,49.97,0597:50:42,1,08
17:14:25,0.13638,215.00,0.40176,11.78849,34.42239,2.89224,4.54625,49.97,0597:50:43,1,08
17:14:26,0.13711,215.00,0.40083,11.81568,34.50179,2.89224,4.54625,49.97,0597:50:44,1,08
17:14:27,0.13674,215.20,0.40028,11.78849,34.42239,2.89224,4.54635,49.99,0597:50:46,1,08
17:14:28,0.13741,215.30,0.39936,11.81568,34.50179,2.89224,4.54635,49.99,0597:50:47,1,08
17:14:29,0.13614,215.30,0.40213,11.78849,34.42239,2.89224,4.54635,50.00,0597:50:48,1,08
17:14:30,0.13662,215.40,0.40074,11.80208,34.46209,2.89224,4.54635,50.00,0597:50:48,1,08
17:14:31,0.13657,215.30,0.40111,11.80208,34.46209,2.89224,4.54635,49.97,0597:50:49,1,08
17:14:32,0.1386,215.30,0.40209,12.00604,35.05763,2.89224,4.54635,49.97,0597:50:51,1,08
17:14:35,0.13704,214.90,0.39945,11.77489,34.38269,2.89224,4.54635,49.97,0597:50:54,1,08
17:14:36,0.13704,215.00,0.40037,11.80208,34.46209,2.89224,4.54635,49.97,0597:50:54,1,08
17:14:37,0.13764,214.90,0.3989,11.80208,34.46209,2.89234,4.54635,49.99,0597:50:55,1,08
17:14:40,0.13657,215.00,0.39954,11.7341,34.26358,2.89234,4.54635,49.99,0597:50:59,1,08
17:14:43,0.13722,214.80,0.40046,11.81568,34.50179,2.89234,4.54635,49.99,0597:51:02,1,08
17:14:44,0.1368,215.00,0.40111,11.80208,34.46209,2.89234,4.54635,49.99,0597:51:03,1,08
17:14:45,0.13704,215.20,0.40046,11.81568,34.50179,2.89234,4.54635,49.99,0597:51:04,1,08
17:14:49,0.13644,215.60,0.40203,11.82928,34.5415,2.89234,4.54645,50.00,0597:51:06,1,08
17:14:50,0.1362,215.60,0.40102,11.78849,34.42239,2.89234,4.54645,49.99,0597:51:08,1,08
17:14:51,0.1365,215.60,0.39982,11.77489,34.38269,2.89234,4.54645,49.99,0597:51:09,1,08
17:14:55,0.13674,215.30,0.4012,11.81568,34.50179,2.89234,4.54645,49.97,0597:51:13,1,08
17:14:57,0.13788,215.20,0.39826,11.81568,34.50179,2.89234,4.54645,49.97,0597:51:15,1,08
17:15:00,0.13711,215.10,0.4,11.80208,34.46209,2.89234,4.54645,49.96,0597:51:18,1,08
17:15:02,0.13741,215.20,0.3989,11.80208,34.46209,2.89234,4.54645,49.95,0597:51:20,1,08
17:15:04,0.13687,215.40,0.40046,11.81568,34.50179,2.89234,4.54645,49.95,0597:51:22,1,08
17:15:05,0.13662,215.50,0.4012,11.81568,34.50179,2.89234,4.54645,49.95,0597:51:23,1,08
17:15:07,0.13657,215.00,0.40231,11.81568,34.50179,2.89234,4.54645,49.96,0597:51:25,1,08
17:15:08,0.1365,215.10,0.39861,11.70691,34.18417,2.89244,4.54645,49.97,0597:51:26,1,08
17:15:09,0.13699,215.20,0.4,11.80208,34.46209,2.89244,4.54655,49.97,0597:51:27,1,08
17:15:11,0.13759,215.20,0.40129,11.88367,34.70031,2.89244,4.54655,49.96,0597:51:29,1,08
17:15:15,0.1368,216.00,0.40018,11.82928,34.5415,2.89244,4.54655,49.95,0597:51:33,1,08
17:15:17,0.1359,216.00,0.39907,11.7205,34.22387,2.89244,4.54655,49.95,0597:51:35,1,08
17:15:18,0.14114,216.00,0.41035,12.50912,36.52664,2.89244,4.54655,49.94,0597:51:36,1,08
17:15:19,0.14114,216.00,0.41035,12.50912,36.52664,2.89244,4.54655,49.94,0597:51:37,1,08
17:15:23,0.13662,216.20,0.40018,11.82928,34.5415,2.89244,4.54655,49.95,0597:51:41,1,08
17:15:25,0.13638,216.10,0.4,11.80208,34.46209,2.89244,4.54655,49.95,0597:51:43,1,08
17:15:29,0.13711,215.80,0.39844,11.78849,34.42239,2.89244,4.54665,49.96,0597:51:47,1,08
17:15:30,0.13711,215.80,0.39844,11.78849,34.42239,2.89244,4.54665,49.96,0597:51:48,1,08
17:15:32,0.1362,215.70,0.40148,11.80208,34.46209,2.89244,4.54665,49.97,0597:51:50,1,08
17:15:33,0.13644,215.50,0.40111,11.80208,34.46209,2.89244,4.54665,49.97,0597:51:51,1,08
17:15:37,0.13662,215.60,0.4059,11.96525,34.93852,2.89244,4.54665,49.97,0597:51:55,1,08
17:15:38,0.13608,215.30,0.4026,11.80208,34.46209,2.89244,4.54665,49.97,0597:51:56,1,08
17:15:39,0.13638,215.20,0.40185,11.80208,34.46209,2.89255,4.54665,49.97,0597:51:57,1,08
17:15:42,0.13584,215.00,0.40419,11.81568,34.50179,2.89255,4.54665,49.97,0597:52:00,1,08
17:15:44,0.1365,215.20,0.40194,11.81568,34.50179,2.89255,4.54665,49.97,0597:52:02,1,08
17:15:46,0.13584,215.90,0.40269,11.81568,34.50179,2.89255,4.54665,49.97,0597:52:04,1,08
17:15:48,0.13595,215.50,0.39981,11.7205,34.22387,2.89255,4.54665,49.97,0597:52:06,1,08
17:15:49,0.13577,215.00,0.40317,11.77489,34.38269,2.89255,4.54665,49.97,0597:52:07,1,08
17:15:50,0.13602,214.90,0.40381,11.81568,34.50179,2.89255,4.54675,49.97,0597:52:08,1,08
17:15:51,0.13541,215.10,0.40485,11.80208,34.46209,2.89255,4.54675,49.97,0597:52:09,1,08
17:15:54,0.13577,215.30,0.40419,11.81568,34.50179,2.89255,4.54675,49.97,0597:52:12,1,08
17:15:55,0.13595,215.40,0.40213,11.78849,34.42239,2.89255,4.54675,49.97,0597:52:13,1,08
17:15:56,0.13577,215.40,0.40427,11.82928,34.5415,2.89255,4.54675,49.97,0597:52:14,1,08
17:15:57,0.13668,215.40,0.40074,11.80208,34.46209,2.89255,4.54675,49.96,0597:52:15,1,08
17:15:58,0.13729,215.60,0.39899,11.81568,34.50179,2.89255,4.54675,49.96,0597:52:16,1,08
17:16:00,0.1348,215.10,0.40347,11.70691,34.18417,2.89255,4.54675,49.96,0597:52:18,1,08
17:16:02,0.13644,214.60,0.40344,11.81568,34.50179,2.89255,4.54675,49.95,0597:52:20,1,08
17:16:04,0.13517,215.20,0.40654,11.82928,34.5415,2.89255,4.54675,49.96,0597:52:22,1,08
17:16:05,0.13565,215.50,0.40465,11.82928,34.5415,2.89255,4.54675,49.95,0597:52:24,1,08
17:16:09,0.13553,215.60,0.40186,11.7477,34.30328,2.89265,4.54675,49.95,0597:52:27,1,08
17:16:10,0.13522,215.50,0.40438,11.78849,34.42239,2.89265,4.54686,49.95,0597:52:28,1,08
17:16:11,0.13692,215.50,0.40239,11.88367,34.70031,2.89265,4.54686,49.96,0597:52:30,1,08
17:16:15,0.13577,215.50,0.40297,11.80208,34.46209,2.89265,4.54686,49.95,0597:52:33,1,08
17:16:18,0.13498,215.50,0.40187,11.69331,34.14447,2.89265,4.54686,49.96,0597:52:36,1,08
17:16:22,0.13614,215.70,0.40102,11.78849,34.42239,2.89265,4.54686,49.96,0597:52:41,1,08
17:16:26,0.13644,215.60,0.40203,11.82928,34.5415,2.89265,4.54686,49.95,0597:52:44,1,08
17:16:29,0.13577,215.50,0.40297,11.80208,34.46209,2.89265,4.54686,49.96,0597:52:48,1,08
17:16:32,0.13577,215.50,0.40288,11.78849,34.42239,2.89265,4.54696,49.96,0597:52:50,1,08
17:16:33,0.13572,215.60,0.40436,11.84288,34.5812,2.89265,4.54696,49.95,0597:52:51,1,08
17:16:35,0.1359,215.50,0.40306,11.81568,34.50179,2.89265,4.54696,49.96,0597:52:54,1,08
17:16:36,0.13632,215.40,0.40324,11.84288,34.5812,2.89265,4.54696,49.96,0597:52:55,1,08
17:16:38,0.13734,215.50,0.4045,11.97884,34.97823,2.89265,4.54696,49.96,0597:52:56,1,08
17:16:39,0.13866,215.70,0.40509,12.12841,35.41496,2.89265,4.54696,49.95,0597:52:58,1,08
17:16:40,0.13926,215.90,0.40371,12.14201,35.45466,2.89275,4.54696,49.95,0597:52:59,1,08
17:16:45,0.13657,216.10,0.40101,11.84288,34.5812,2.89275,4.54696,49.95,0597:53:02,1,08
17:16:46,0.13704,216.00,0.39853,11.80208,34.46209,2.89275,4.54696,49.96,0597:53:04,1,08
17:16:48,0.13608,215.90,0.40055,11.77489,34.38269,2.89275,4.54696,49.96,0597:53:06,1,08
17:16:49,0.13553,215.90,0.40065,11.7341,34.26358,2.89275,4.54696,49.96,0597:53:07,1,08
17:16:50,0.13608,216.00,0.40194,11.81568,34.50179,2.89275,4.54696,49.96,0597:53:07,1,08
17:16:57,0.13729,215.80,0.39862,11.81568,34.50179,2.89275,4.54706,49.96,0597:53:15,1,08
17:17:00,0.13776,215.90,0.3968,11.81568,34.50179,2.89275,4.54706,49.97,0597:53:18,1,08
17:17:02,0.13729,216.00,0.3978,11.80208,34.46209,2.89275,4.54706,49.99,0597:53:20,1,08
17:17:05,0.138,216.10,0.39517,11.78849,34.42239,2.89275,4.54706,50.00,0597:53:23,1,08
17:17:06,0.13722,216.10,0.39826,11.81568,34.50179,2.89275,4.54706,50.01,0597:53:24,1,08
17:17:07,0.13692,216.20,0.39853,11.80208,34.46209,2.89275,4.54706,50.01,0597:53:25,1,08
17:17:08,0.13692,216.20,0.39853,11.80208,34.46209,2.89275,4.54706,50.03,0597:53:26,1,08
17:17:10,0.13949,216.20,0.3973,11.99244,35.01793,2.89275,4.54706,50.01,0597:53:28,1,08
17:17:12,0.13866,215.80,0.39237,11.7477,34.30328,2.89285,4.54716,50.01,0597:53:30,1,08
17:17:13,0.1386,215.70,0.39455,11.80208,34.46209,2.89285,4.54716,50.01,0597:53:31,1,08
17:17:15,0.13818,215.70,0.39553,11.78849,34.42239,2.89285,4.54716,50.03,0597:53:33,1,08
17:17:16,0.13818,215.70,0.39599,11.80208,34.46209,2.89285,4.54716,50.01,0597:53:34,1,08
17:17:17,0.13813,215.70,0.39553,11.78849,34.42239,2.89285,4.54716,50.01,0597:53:35,1,08
17:17:18,0.13825,215.80,0.39526,11.80208,34.46209,2.89285,4.54716,50.03,0597:53:36,1,08
17:17:19,0.13776,215.80,0.39671,11.80208,34.46209,2.89285,4.54716,50.03,0597:53:37,1,08
17:17:20,0.13776,215.80,0.39671,11.80208,34.46209,2.89285,4.54716,50.03,0597:53:38,1,08
17:17:27,0.13711,215.40,0.39926,11.80208,34.46209,2.89285,4.54716,50.01,0597:53:45,1,08
17:17:30,0.13657,215.40,0.40018,11.77489,34.38269,2.89285,4.54716,50.01,0597:53:48,1,08
17:17:33,0.13753,215.20,0.39807,11.78849,34.42239,2.89285,4.54726,50.00,0597:53:51,1,08
17:17:36,0.13699,215.10,0.39899,11.7613,34.34298,2.89285,4.54726,49.99,0597:53:54,1,08
17:17:37,0.13699,215.10,0.39899,11.7613,34.34298,2.89285,4.54726,49.99,0597:53:55,1,08
17:17:39,0.13776,215.10,0.39954,11.84288,34.5812,2.89285,4.54726,49.97,0597:53:57,1,08
17:17:42,0.13979,215.00,0.39693,11.93806,34.85912,2.89295,4.54726,49.95,0597:54:00,1,08
17:17:43,0.1383,215.10,0.39726,11.82928,34.5415,2.89295,4.54726,49.95,0597:54:01,1,08
17:17:45,0.13717,215.10,0.39779,11.7477,34.30328,2.89295,4.54726,49.95,0597:54:03,1,08
17:17:46,0.13783,215.20,0.3978,11.80208,34.46209,2.89295,4.54726,49.96,0597:54:04,1,08
17:17:47,0.13854,215.10,0.39654,11.82928,34.5415,2.89295,4.54726,49.96,0597:54:05,1,08
17:17:48,0.13783,215.20,0.39917,11.84288,34.5812,2.89295,4.54726,49.96,0597:54:06,1,08
17:17:49,0.13795,215.20,0.39881,11.84288,34.5812,2.89295,4.54726,49.96,0597:54:07,1,08
17:17:50,0.13704,215.10,0.3977,11.7341,34.26358,2.89295,4.54726,49.97,0597:54:08,1,08
17:17:52,0.13837,215.10,0.39589,11.78849,34.42239,2.89295,4.54726,49.96,0597:54:10,1,08
17:17:55,0.13746,215.20,0.39752,11.7613,34.34298,2.89295,4.54736,49.96,0597:54:13,1,08
17:17:57,0.13746,214.90,0.39926,11.80208,34.46209,2.89295,4.54736,49.97,0597:54:15,1,08
17:18:00,0.13662,214.60,0.39852,11.69331,34.14447,2.89295,4.54736,49.97,0597:54:18,1,08
17:18:02,0.13771,214.50,0.3988,11.78849,34.42239,2.89295,4.54736,49.97,0597:54:20,1,08
17:18:05,0.1383,214.70,0.39661,11.78849,34.42239,2.89295,4.54736,49.97,0597:54:23,1,08
17:18:06,0.13884,214.60,0.39644,11.81568,34.50179,2.89295,4.54736,49.97,0597:54:25,1,08
17:18:07,0.13788,214.40,0.39798,11.77489,34.38269,2.89295,4.54736,49.97,0597:54:25,1,08
17:18:08,0.13825,214.30,0.39862,11.81568,34.50179,2.89295,4.54736,49.97,0597:54:26,1,08
17:18:09,0.138,214.30,0.39614,11.7205,34.22387,2.89295,4.54736,49.97,0597:54:27,1,08
17:18:11,0.14003,214.60,0.39955,12.00604,35.05763,2.89295,4.54736,49.97,0597:54:29,1,08
17:18:13,0.13908,214.30,0.39881,11.89726,34.74001,2.89305,4.54746,49.97,0597:54:31,1,08
17:18:14,0.1389,214.20,0.40091,11.93806,34.85912,2.89305,4.54746,49.97,0597:54:32,1,08
17:18:15,0.14073,214.40,0.39685,11.97884,34.97823,2.89305,4.54746,49.97,0597:54:33,1,08
17:18:16,0.13961,214.80,0.39891,11.96525,34.93852,2.89305,4.54746,49.97,0597:54:34,1,08
17:18:17,0.13943,214.80,0.39882,11.95165,34.89882,2.89305,4.54746,49.99,0597:54:36,1,08
17:18:18,0.13884,214.80,0.40155,11.97884,34.97823,2.89305,4.54746,49.99,0597:54:36,1,08
17:18:21,0.13908,214.80,0.39945,11.93806,34.85912,2.89305,4.54746,49.99,0597:54:39,1,08
17:18:23,0.13884,214.70,0.39881,11.89726,34.74001,2.89305,4.54746,50.01,0597:54:42,1,08
17:18:24,0.13854,214.80,0.4,11.91086,34.77971,2.89305,4.54746,50.01,0597:54:42,1,08
17:18:26,0.13931,215.10,0.39882,11.95165,34.89882,2.89305,4.54746,50.03,0597:54:44,1,08
17:18:27,0.13973,215.30,0.39747,11.96525,34.93852,2.89305,4.54746,50.03,0597:54:45,1,08
17:18:29,0.13914,215.00,0.39918,11.95165,34.89882,2.89305,4.54746,50.04,0597:54:48,1,08
17:18:30,0.1392,215.20,0.39882,11.95165,34.89882,2.89305,4.54746,50.04,0597:54:48,1,08
17:18:35,0.1389,215.30,0.39818,11.91086,34.77971,2.89305,4.54757,50.04,0597:54:54,1,08
17:18:36,0.13872,215.30,0.399,11.92446,34.81942,2.89305,4.54757,50.04,0597:54:54,1,08
17:18:38,0.13896,215.20,0.39818,11.91086,34.77971,2.89305,4.54757,50.05,0597:54:56,1,08
17:18:41,0.13914,215.10,0.39827,11.92446,34.81942,2.89305,4.54757,50.05,0597:54:59,1,08
17:18:42,0.13872,215.10,0.39982,11.93806,34.85912,2.89305,4.54757,50.04,0597:55:00,1,08
17:18:43,0.13872,215.10,0.39982,11.93806,34.85912,2.89305,4.54757,50.04,0597:55:00,1,08
17:18:44,0.13902,215.00,0.39864,11.92446,34.81942,2.89315,4.54757,50.04,0597:55:01,1,08
17:18:45,0.14067,215.10,0.40027,12.11481,35.37526,2.89315,4.54757,50.04,0597:55:03,1,08
17:18:46,0.13967,215.10,0.40226,12.08762,35.29585,2.89315,4.54757,50.03,0597:55:04,1,08
17:18:47,0.13854,215.00,0.40009,11.92446,34.81942,2.89315,4.54757,50.03,0597:55:05,1,08
17:18:50,0.13996,214.90,0.39747,11.96525,34.93852,2.89315,4.54757,50.03,0597:55:07,1,08
17:18:51,0.13937,214.80,0.39837,11.93806,34.85912,2.89315,4.54757,50.03,0597:55:09,1,08
17:18:54,0.13931,214.70,0.39864,11.92446,34.81942,2.89315,4.54767,50.01,0597:55:12,1,08
17:18:55,0.13931,214.70,0.39864,11.92446,34.81942,2.89315,4.54767,50.01,0597:55:12,1,08
17:18:56,0.13961,214.60,0.39882,11.95165,34.89882,2.89315,4.54767,50.00,0597:55:14,1,08
17:18:58,0.14003,214.50,0.39774,11.95165,34.89882,2.89315,4.54767,49.99,0597:55:16,1,08
17:18:59,0.13949,214.50,0.39555,11.84288,34.5812,2.89315,4.54767,49.99,0597:55:17,1,08
17:19:03,0.13973,214.50,0.39801,11.93806,34.85912,2.89315,4.54767,49.99,0597:55:21,1,08
17:19:07,0.13961,215.10,0.39819,11.96525,34.93852,2.89315,4.54767,49.96,0597:55:25,1,08
17:19:08,0.13991,215.00,0.39702,11.95165,34.89882,2.89315,4.54767,49.95,0597:55:26,1,08
17:19:11,0.14114,215.00,0.39875,12.10122,35.33555,2.89315,4.54767,49.96,0597:55:29,1,08
17:19:14,0.14103,215.10,0.39785,12.07402,35.25615,2.89325,4.54767,49.97,0597:55:32,1,08
17:19:15,0.14037,215.10,0.40054,12.10122,35.33555,2.89325,4.54777,49.97,0597:55:33,1,08
17:19:18,0.14049,215.10,0.39838,12.04683,35.17673,2.89325,4.54777,49.97,0597:55:36,1,08
17:19:19,0.14049,215.10,0.39838,12.04683,35.17673,2.89325,4.54777,49.97,0597:55:37,1,08
17:19:20,0.14032,215.10,0.39919,12.06043,35.21645,2.89325,4.54777,49.97,0597:55:38,1,08
17:19:21,0.14026,215.10,0.40135,12.11481,35.37526,2.89325,4.54777,49.97,0597:55:39,1,08
17:19:22,0.14061,215.20,0.39847,12.06043,35.21645,2.89325,4.54777,49.96,0597:55:40,1,08
17:19:23,0.14091,215.10,0.39821,12.07402,35.25615,2.89325,4.54777,49.96,0597:55:41,1,08
17:19:24,0.14049,215.00,0.40009,12.08762,35.29585,2.89325,4.54777,49.96,0597:55:42,1,08
17:19:28,0.13949,214.70,0.40109,12.01964,35.09734,2.89325,4.54777,49.97,0597:55:46,1,08
17:19:29,0.14073,214.80,0.39973,12.08762,35.29585,2.89325,4.54777,49.97,0597:55:47,1,08
17:19:33,0.14067,215.00,0.39892,12.07402,35.25615,2.89325,4.54777,49.96,0597:55:51,1,08
17:19:34,0.14044,214.90,0.40045,12.08762,35.29585,2.89325,4.54787,49.97,0597:55:52,1,08
17:19:36,0.1412,214.70,0.39865,12.08762,35.29585,2.89325,4.54787,49.96,0597:55:54,1,08
17:19:46,0.13849,214.90,0.39635,11.80208,34.46209,2.89336,4.54787,49.99,0597:56:04,1,08
17:19:47,0.13943,214.70,0.39927,11.96525,34.93852,2.89336,4.54787,49.97,0597:56:05,1,08
17:19:48,0.13902,214.70,0.39982,11.93806,34.85912,2.89336,4.54787,49.97,0597:56:06,1,08
17:19:50,0.13854,214.50,0.39661,11.78849,34.42239,2.89336,4.54787,50.00,0597:56:08,1,08
17:19:51,0.13818,214.60,0.3978,11.80208,34.46209,2.89336,4.54787,50.00,0597:56:09,1,08
17:19:53,0.13813,214.80,0.39789,11.81568,34.50179,2.89336,4.54787,50.03,0597:56:11,1,08
17:19:54,0.13783,214.90,0.39725,11.77489,34.38269,2.89336,4.54797,50.03,0597:56:12,1,08
17:19:57,0.138,215.20,0.39707,11.80208,34.46209,2.89336,4.54797,50.04,0597:56:15,1,08
17:19:58,0.13776,215.10,0.39725,11.77489,34.38269,2.89336,4.54797,50.04,0597:56:16,1,08
17:20:00,0.1389,214.80,0.39435,11.77489,34.38269,2.89336,4.54797,50.06,0597:56:18,1,08
17:20:01,0.13813,214.60,0.39597,11.7477,34.30328,2.89336,4.54797,50.06,0597:56:19,1,08
17:20:02,0.13711,214.40,0.39972,11.7613,34.34298,2.89336,4.54797,50.05,0597:56:20,1,08
17:20:04,0.13866,214.50,0.39671,11.80208,34.46209,2.89336,4.54797,50.05,0597:56:22,1,08
17:20:07,0.13818,214.40,0.39771,11.78849,34.42239,2.89336,4.54797,50.06,0597:56:25,1,08
17:20:11,0.13842,214.50,0.39927,11.85647,34.6209,2.89336,4.54797,50.04,0597:56:29,1,08
17:20:12,0.13795,214.50,0.39853,11.80208,34.46209,2.89336,4.54797,50.04,0597:56:30,1,08
17:20:14,0.13884,214.70,0.39562,11.80208,34.46209,2.89346,4.54797,50.04,0597:56:32,1,08
17:20:16,0.13795,214.80,0.39771,11.78849,34.42239,2.89346,4.54807,50.04,0597:56:34,1,08
17:20:17,0.13783,214.80,0.39807,11.78849,34.42239,2.89346,4.54807,50.03,0597:56:35,1,08
17:20:18,0.13795,214.80,0.39817,11.80208,34.46209,2.89346,4.54807,50.03,0597:56:37,1,08
17:20:21,0.13807,215.10,0.39707,11.80208,34.46209,2.89346,4.54807,50.00,0597:56:39,1,08
17:20:23,0.13807,215.20,0.39661,11.78849,34.42239,2.89346,4.54807,50.00,0597:56:41,1,08
17:20:25,0.13746,215.20,0.3989,11.80208,34.46209,2.89346,4.54807,49.99,0597:56:43,1,08
17:20:26,0.13764,215.10,0.39908,11.82928,34.5415,2.89346,4.54807,49.99,0597:56:44,1,08
17:20:28,0.13788,215.10,0.39872,11.82928,34.5415,2.89346,4.54807,49.97,0597:56:46,1,08
17:20:29,0.1383,215.20,0.39635,11.80208,34.46209,2.89346,4.54807,49.99,0597:56:47,1,08
17:20:30,0.13662,215.10,0.39732,11.67971,34.10476,2.89346,4.54807,49.99,0597:56:49,1,08
17:20:31,0.13795,214.90,0.39734,11.78849,34.42239,2.89346,4.54807,49.97,0597:56:49,1,08
17:20:32,0.13807,214.80,0.39688,11.77489,34.38269,2.89346,4.54807,49.97,0597:56:50,1,08
17:20:33,0.13825,214.70,0.39744,11.80208,34.46209,2.89346,4.54807,49.97,0597:56:51,1,08
17:20:34,0.13753,214.80,0.3988,11.78849,34.42239,2.89346,4.54807,49.97,0597:56:52,1,08
17:20:35,0.13722,214.90,0.4,11.80208,34.46209,2.89346,4.54818,49.96,0597:56:54,1,08
17:20:36,0.13764,214.90,0.3989,11.80208,34.46209,2.89346,4.54818,49.96,0597:56:55,1,08
17:20:39,0.13825,214.90,0.39799,11.82928,34.5415,2.89346,4.54818,49.97,0597:56:56,1,08
17:20:42,0.13687,215.40,0.39714,11.70691,34.18417,2.89346,4.54818,49.97,0597:57:00,1,08
17:20:43,0.13807,215.50,0.3968,11.81568,34.50179,2.89346,4.54818,49.97,0597:57:01,1,08
17:20:44,0.13668,215.50,0.39991,11.78849,34.42239,2.89346,4.54818,49.99,0597:57:02,1,08
17:20:47,0.13734,215.40,0.39798,11.77489,34.38269,2.89356,4.54818,49.99,0597:57:04,1,08
17:20:49,0.13741,215.80,0.3978,11.80208,34.46209,2.89356,4.54818,49.99,0597:57:07,1,08
17:20:55,0.13711,215.80,0.39936,11.81568,34.50179,2.89356,4.54818,50.01,0597:57:13,1,08
17:20:57,0.13644,216.00,0.40037,11.80208,34.46209,2.89356,4.54828,50.01,0597:57:14,1,08
17:20:58,0.13674,215.70,0.39908,11.77489,34.38269,2.89356,4.54828,50.03,0597:57:15,1,08
17:20:59,0.13687,215.70,0.40009,11.81568,34.50179,2.89356,4.54828,50.03,0597:57:17,1,08
17:21:00,0.1359,215.70,0.40213,11.78849,34.42239,2.89356,4.54828,50.03,0597:57:18,1,08
17:21:02,0.13776,215.70,0.39753,11.81568,34.50179,2.89356,4.54828,50.04,0597:57:20,1,08
17:21:04,0.13687,215.70,0.39779,11.7477,34.30328,2.89356,4.54828,50.04,0597:57:21,1,08
17:21:05,0.13687,215.40,0.39954,11.78849,34.42239,2.89356,4.54828,50.04,0597:57:23,1,08
17:21:06,0.1362,215.40,0.40222,11.80208,34.46209,2.89356,4.54828,50.03,0597:57:24,1,08
17:21:07,0.13759,215.40,0.39771,11.78849,34.42239,2.89356,4.54828,50.03,0597:57:25,1,08
17:21:08,0.13687,215.50,0.4,11.80208,34.46209,2.89356,4.54828,50.04,0597:57:26,1,08
17:21:11,0.13837,215.70,0.39936,11.92446,34.81942,2.89356,4.54828,50.04,0597:57:29,1,08
17:21:13,0.13753,215.80,0.39744,11.80208,34.46209,2.89356,4.54828,50.03,0597:57:31,1,08
17:21:14,0.13638,215.90,0.4012,11.81568,34.50179,2.89356,4.54828,50.00,0597:57:32,1,08
17:21:16,0.13657,215.90,0.40046,11.81568,34.50179,2.89366,4.54838,50.01,0597:57:34,1,08
17:21:17,0.13711,215.70,0.39936,11.81568,34.50179,2.89366,4.54838,50.01,0597:57:35,1,08
17:21:19,0.13711,215.50,0.39926,11.80208,34.46209,2.89366,4.54838,50.00,0597:57:37,1,08
17:21:21,0.13788,215.70,0.39625,11.78849,34.42239,2.89366,4.54838,49.99,0597:57:39,1,08
17:21:25,0.13729,215.80,0.39817,11.80208,34.46209,2.89366,4.54838,49.97,0597:57:43,1,08
17:21:26,0.1368,215.90,0.39972,11.81568,34.50179,2.89366,4.54838,49.97,0597:57:44,1,08
17:21:28,0.13632,216.10,0.40129,11.82928,34.5415,2.89366,4.54838,49.97,0597:57:46,1,08
17:21:35,0.13657,215.90,0.39954,11.78849,34.42239,2.89366,4.54838,49.97,0597:57:53,1,08
17:21:38,0.13572,215.90,0.40306,11.81568,34.50179,2.89366,4.54848,49.97,0597:57:56,1,08
17:21:42,0.13529,216.00,0.40093,11.7205,34.22387,2.89366,4.54848,49.97,0597:58:00,1,08
17:21:43,0.13608,216.00,0.40111,11.80208,34.46209,2.89366,4.54848,49.99,0597:58:01,1,08
17:21:45,0.13711,216.00,0.39807,11.78849,34.42239,2.89366,4.54848,50.00,0597:58:03,1,08
17:21:48,0.1458,216.10,0.41846,13.18897,38.51178,2.89376,4.54848,49.99,0597:58:06,1,08
17:21:50,0.13602,216.10,0.40111,11.80208,34.46209,2.89376,4.54848,50.00,0597:58:08,1,08
17:21:51,0.1362,216.20,0.40166,11.82928,34.5415,2.89376,4.54848,50.00,0597:58:09,1,08
17:21:52,0.13584,216.20,0.40194,11.81568,34.50179,2.89376,4.54848,50.00,0597:58:10,1,08
17:21:59,0.1362,216.30,0.39991,11.78849,34.42239,2.89376,4.54858,50.01,0597:58:17,1,08
17:22:01,0.1365,216.20,0.39917,11.78849,34.42239,2.89376,4.54858,50.00,0597:58:19,1,08
17:22:02,0.13632,216.10,0.40037,11.80208,34.46209,2.89376,4.54858,50.00,0597:58:20,1,08
17:22:04,0.13602,216.20,0.40111,11.80208,34.46209,2.89376,4.54858,50.01,0597:58:22,1,08
17:22:08,0.13504,215.90,0.40261,11.7477,34.30328,2.89376,4.54858,50.01,0597:58:26,1,08
17:22:09,0.13547,215.90,0.40613,11.88367,34.70031,2.89376,4.54858,50.03,0597:58:27,1,08
17:22:10,0.13449,216.10,0.40552,11.78849,34.42239,2.89376,4.54858,50.03,0597:58:28,1,08
17:22:12,0.13565,216.00,0.4026,11.80208,34.46209,2.89376,4.54858,50.01,0597:58:30,1,08
17:22:13,0.13577,216.00,0.40176,11.78849,34.42239,2.89376,4.54858,50.00,0597:58:31,1,08
17:22:15,0.13517,216.20,0.40326,11.78849,34.42239,2.89376,4.54858,50.03,0597:58:33,1,08
17:22:17,0.13553,216.30,0.4026,11.80208,34.46209,2.89386,4.54868,50.03,0597:58:35,1,08
17:22:18,0.13553,216.40,0.40176,11.78849,34.42239,2.89386,4.54868,50.03,0597:58:36,1,08
17:22:19,0.13529,216.30,0.40335,11.80208,34.46209,2.89386,4.54868,50.03,0597:58:37,1,08
17:22:21,0.13535,216.30,0.40344,11.81568,34.50179,2.89386,4.54868,50.01,0597:58:39,1,08
17:22:22,0.13522,216.30,0.40335,11.80208,34.46209,2.89386,4.54868,50.01,0597:58:40,1,08
17:22:25,0.13535,215.90,0.40279,11.77489,34.38269,2.89386,4.54868,50.03,0597:58:43,1,08
17:22:27,0.13565,216.10,0.40306,11.81568,34.50179,2.89386,4.54868,50.03,0597:58:45,1,08
17:22:28,0.13529,216.10,0.40335,11.80208,34.46209,2.89386,4.54868,50.03,0597:58:46,1,08
17:22:32,0.13565,216.00,0.4026,11.80208,34.46209,2.89386,4.54868,50.01,0597:58:50,1,08
17:22:34,0.13529,216.00,0.40419,11.81568,34.50179,2.89386,4.54868,50.04,0597:58:52,1,08
17:22:36,0.13517,216.30,0.40419,11.81568,34.50179,2.89386,4.54868,50.01,0597:58:53,1,08
17:22:37,0.13511,216.30,0.40326,11.78849,34.42239,2.89386,4.54868,50.01,0597:58:54,1,08
17:22:41,0.13511,215.60,0.40485,11.80208,34.46209,2.89386,4.54878,50.03,0597:58:58,1,08
17:22:42,0.13584,215.60,0.40352,11.82928,34.5415,2.89386,4.54878,50.03,0597:58:59,1,08
17:22:43,0.13541,215.80,0.40326,11.78849,34.42239,2.89386,4.54878,50.03,0597:59:00,1,08
17:22:46,0.13498,216.00,0.40485,11.80208,34.46209,2.89386,4.54878,50.03,0597:59:03,1,08
17:22:47,0.13511,216.10,0.40456,11.81568,34.50179,2.89386,4.54878,50.03,0597:59:04,1,08
17:22:48,0.13572,216.10,0.40269,11.81568,34.50179,2.89396,4.54878,50.03,0597:59:05,1,08
17:22:49,0.13468,216.50,0.40447,11.80208,34.46209,2.89396,4.54878,50.03,0597:59:06,1,08
17:22:50,0.13517,216.40,0.40335,11.80208,34.46209,2.89396,4.54878,50.03,0597:59:08,1,08
17:22:52,0.13541,216.10,0.40195,11.7613,34.34298,2.89396,4.54878,50.03,0597:59:09,1,08
17:22:53,0.13535,215.80,0.40363,11.78849,34.42239,2.89396,4.54878,50.03,0597:59:10,1,08
17:22:54,0.13644,215.80,0.40166,11.82928,34.5415,2.89396,4.54878,50.01,0597:59:11,1,08
17:22:55,0.13541,216.00,0.40381,11.81568,34.50179,2.89396,4.54878,50.01,0597:59:13,1,08
17:22:56,0.13776,216.00,0.40228,11.97884,34.97823,2.89396,4.54878,50.01,0597:59:14,1,08
17:22:57,0.13776,216.00,0.40228,11.97884,34.97823,2.89396,4.54878,50.01,0597:59:14,1,08
17:22:58,0.13632,216.00,0.40628,11.96525,34.93852,2.89396,4.54878,50.00,0597:59:15,1,08
17:23:00,0.13572,216.30,0.40231,11.81568,34.50179,2.89396,4.54888,49.99,0597:59:18,1,08
17:23:01,0.13626,216.30,0.40175,11.84288,34.5812,2.89396,4.54888,49.99,0597:59:19,1,08
17:23:02,0.13504,216.30,0.40233,11.7613,34.34298,2.89396,4.54888,49.99,0597:59:20,1,08
17:23:03,0.13504,216.30,0.40233,11.7613,34.34298,2.89396,4.54888,49.99,0597:59:20,1,08
17:23:04,0.13498,216.30,0.40317,11.77489,34.38269,2.89396,4.54888,49.99,0597:59:21,1,08
17:23:06,0.13522,216.50,0.40344,11.81568,34.50179,2.89396,4.54888,49.99,0597:59:24,1,08
17:23:07,0.13517,216.60,0.4039,11.82928,34.5415,2.89396,4.54888,49.99,0597:59:25,1,08
17:23:10,0.13668,216.50,0.39899,11.81568,34.50179,2.89396,4.54888,49.99,0597:59:27,1,08
17:23:12,0.13602,216.60,0.40083,11.81568,34.50179,2.89396,4.54888,50.00,0597:59:30,1,08
17:23:15,0.13504,216.80,0.40344,11.81568,34.50179,2.89396,4.54888,50.00,0597:59:32,1,08
17:23:23,0.13511,216.50,0.40335,11.80208,34.46209,2.89406,4.54899,50.01,0597:59:41,1,08
17:23:26,0.13437,216.40,0.40467,11.77489,34.38269,2.89406,4.54899,50.03,0597:59:44,1,08
17:23:29,0.13522,216.30,0.40381,11.81568,34.50179,2.89406,4.54899,50.03,0597:59:47,1,08
17:23:32,0.13511,216.20,0.40419,11.81568,34.50179,2.89406,4.54899,50.04,0597:59:50,1,08
17:23:34,0.13602,216.10,0.40055,11.77489,34.38269,2.89406,4.54899,50.05,0597:59:52,1,08
17:23:35,0.13498,216.00,0.40447,11.80208,34.46209,2.89406,4.54899,50.05,0597:59:53,1,08
17:23:39,0.13602,216.00,0.40102,11.78849,34.42239,2.89406,4.54899,50.04,0597:59:57,1,08
17:23:42,0.13614,215.90,0.40102,11.78849,34.42239,2.89406,4.54909,50.04,0598:00:00,1,08
17:23:43,0.13535,215.80,0.40372,11.80208,34.46209,2.89406,4.54909,50.05,0598:00:01,1,08
17:23:44,0.13595,216.10,0.40287,11.84288,34.5812,2.89406,4.54909,50.05,0598:00:02,1,08
17:23:46,0.13468,216.50,0.40401,11.78849,34.42239,2.89406,4.54909,50.05,0598:00:04,1,08
17:23:48,0.13553,216.30,0.40445,11.85647,34.6209,2.89406,4.54909,50.04,0598:00:06,1,08
17:23:49,0.13547,216.00,0.40297,11.80208,34.46209,2.89417,4.54909,50.04,0598:00:07,1,08
17:23:52,0.13468,216.20,0.40616,11.82928,34.5415,2.89417,4.54909,50.04,0598:00:10,1,08
17:23:53,0.13553,216.00,0.40344,11.81568,34.50179,2.89417,4.54909,50.03,0598:00:11,1,08
17:23:57,0.13517,216.70,0.40306,11.81568,34.50179,2.89417,4.54909,50.03,0598:00:15,1,08
17:23:59,0.13584,216.80,0.40544,11.95165,34.89882,2.89417,4.54909,50.04,0598:00:17,1,08
17:24:01,0.13443,216.60,0.40429,11.77489,34.38269,2.89417,4.54909,50.03,0598:00:19,1,08
17:24:02,0.13449,216.20,0.40421,11.7613,34.34298,2.89417,4.54919,50.03,0598:00:20,1,08
17:24:06,0.13547,216.60,0.40463,11.88367,34.70031,2.89417,4.54919,50.01,0598:00:24,1,08
17:24:07,0.13535,216.30,0.40158,11.7613,34.34298,2.89417,4.54919,50.01,0598:00:25,1,08
17:24:10,0.1348,216.20,0.40438,11.78849,34.42239,2.89417,4.54919,50.00,0598:00:28,1,08
17:24:11,0.13584,216.10,0.40556,11.91086,34.77971,2.89417,4.54919,50.00,0598:00:29,1,08
17:24:13,0.13529,216.20,0.40381,11.81568,34.50179,2.89417,4.54919,50.00,0598:00:31,1,08
17:24:14,0.13504,216.30,0.40419,11.81568,34.50179,2.89417,4.54919,50.00,0598:00:32,1,08
17:24:18,0.13492,216.00,0.40625,11.84288,34.5812,2.89417,4.54919,49.99,0598:00:36,1,08
17:24:19,0.13498,216.10,0.40401,11.78849,34.42239,2.89417,4.54919,49.97,0598:00:37,1,08
17:24:21,0.1348,216.10,0.40438,11.78849,34.42239,2.89427,4.54919,49.99,0598:00:39,1,08
17:24:23,0.13511,216.10,0.40363,11.78849,34.42239,2.89427,4.54929,49.97,0598:00:41,1,08
17:24:24,0.13455,216.00,0.40599,11.80208,34.46209,2.89427,4.54929,49.97,0598:00:42,1,08
17:24:25,0.13535,216.10,0.40381,11.81568,34.50179,2.89427,4.54929,49.97,0598:00:43,1,08
17:24:26,0.13535,216.10,0.40381,11.81568,34.50179,2.89427,4.54929,49.97,0598:00:44,1,08
17:24:27,0.13559,216.00,0.4026,11.80208,34.46209,2.89427,4.54929,49.97,0598:00:45,1,08
17:24:30,0.1348,215.60,0.40458,11.7613,34.34298,2.89427,4.54929,49.97,0598:00:48,1,08
17:24:31,0.13535,215.50,0.40541,11.82928,34.5415,2.89427,4.54929,49.97,0598:00:49,1,08
17:24:32,0.13535,215.50,0.40541,11.82928,34.5415,2.89427,4.54929,49.97,0598:00:50,1,08
17:24:35,0.13541,215.90,0.40381,11.81568,34.50179,2.89427,4.54929,49.97,0598:00:52,1,08
17:24:37,0.13522,215.80,0.40503,11.82928,34.5415,2.89427,4.54929,49.96,0598:00:54,1,08
17:24:40,0.13431,215.80,0.40572,11.7613,34.34298,2.89427,4.54929,49.97,0598:00:57,1,08
17:24:46,0.13412,216.60,0.40599,11.80208,34.46209,2.89427,4.54939,49.99,0598:01:03,1,08
17:24:49,0.13326,216.60,0.40913,11.81568,34.50179,2.89427,4.54939,49.97,0598:01:07,1,08
17:24:51,0.13381,216.50,0.40807,11.82928,34.5415,2.89427,4.54939,49.97,0598:01:08,1,08
17:24:52,0.13301,216.60,0.4066,11.7205,34.22387,2.89437,4.54939,49.99,0598:01:09,1,08
17:24:53,0.13326,216.50,0.40952,11.81568,34.50179,2.89437,4.54939,49.99,0598:01:10,1,08
17:24:56,0.13381,216.70,0.40722,11.81568,34.50179,2.89437,4.54939,50.00,0598:01:13,1,08
17:24:58,0.13357,216.80,0.40704,11.78849,34.42239,2.89437,4.54939,50.00,0598:01:15,1,08
17:24:59,0.13376,216.90,0.40769,11.82928,34.5415,2.89437,4.54939,50.00,0598:01:16,1,08
17:25:01,0.13425,216.50,0.40645,11.81568,34.50179,2.89437,4.54939,50.01,0598:01:19,1,08
17:25:02,0.13461,216.40,0.40858,11.91086,34.77971,2.89437,4.54939,50.01,0598:01:20,1,08
17:25:03,0.13461,216.40,0.40858,11.91086,34.77971,2.89437,4.54939,50.01,0598:01:20,1,08
17:25:04,0.13351,216.60,0.40742,11.78849,34.42239,2.89437,4.54939,50.04,0598:01:21,1,08
17:25:06,0.13283,216.80,0.41029,11.81568,34.50179,2.89437,4.54949,50.03,0598:01:24,1,08
17:25:12,0.13357,216.30,0.40828,11.80208,34.46209,2.89437,4.54949,50.04,0598:01:30,1,08
17:25:14,0.13363,216.20,0.40687,11.7613,34.34298,2.89437,4.54949,50.05,0598:01:32,1,08
17:25:16,0.13301,216.00,0.4106,11.80208,34.46209,2.89437,4.54949,50.04,0598:01:33,1,08
17:25:20,0.13295,216.30,0.41021,11.80208,34.46209,2.89437,4.54949,50.05,0598:01:38,1,08
17:25:21,0.13276,216.40,0.41012,11.78849,34.42239,2.89437,4.54949,50.05,0598:01:38,1,08
17:25:22,0.13246,216.40,0.41176,11.80208,34.46209,2.89447,4.54949,50.03,0598:01:39,1,08
17:25:23,0.13288,216.30,0.41012,11.78849,34.42239,2.89447,4.54949,50.03,0598:01:41,1,08
17:25:24,0.13326,216.20,0.40896,11.78849,34.42239,2.89447,4.54949,50.04,0598:01:42,1,08
17:25:26,0.13332,216.00,0.40849,11.77489,34.38269,2.89447,4.54949,50.05,0598:01:44,1,08
17:25:27,0.13431,216.00,0.40581,11.77489,34.38269,2.89447,4.54959,50.05,0598:01:44,1,08
17:25:28,0.13419,215.80,0.40704,11.78849,34.42239,2.89447,4.54959,50.04,0598:01:46,1,08
17:25:29,0.13455,215.90,0.40599,11.80208,34.46209,2.89447,4.54959,50.04,0598:01:47,1,08
17:25:30,0.13338,216.00,0.40943,11.80208,34.46209,2.89447,4.54959,50.04,0598:01:48,1,08
17:25:31,0.1327,215.80,0.41026,11.7477,34.30328,2.89447,4.54959,50.03,0598:01:49,1,08
17:25:32,0.13314,215.70,0.41012,11.78849,34.42239,2.89447,4.54959,50.03,0598:01:50,1,08
17:25:38,0.13326,215.50,0.4106,11.80208,34.46209,2.89447,4.54959,50.01,0598:01:56,1,08
17:25:39,0.13251,215.70,0.41207,11.78849,34.42239,2.89447,4.54959,50.01,0598:01:56,1,08
17:25:41,0.13233,216.10,0.4135,11.82928,34.5415,2.89447,4.54959,50.00,0598:01:59,1,08
17:25:44,0.13239,215.80,0.41294,11.80208,34.46209,2.89447,4.54959,49.99,0598:02:02,1,08
17:25:48,0.1327,216.00,0.41129,11.78849,34.42239,2.89447,4.5497,49.97,0598:02:06,1,08
17:25:49,0.1327,216.10,0.41185,11.81568,34.50179,2.89447,4.5497,49.96,0598:02:07,1,08
17:25:54,0.13264,216.20,0.41137,11.80208,34.46209,2.89457,4.5497,49.97,0598:02:12,1,08
17:25:55,0.13239,216.10,0.41263,11.81568,34.50179,2.89457,4.5497,49.97,0598:02:13,1,08
17:25:58,0.13468,215.90,0.41636,12.11481,35.37526,2.89457,4.5497,49.96,0598:02:16,1,08
17:25:59,0.13295,216.00,0.41146,11.81568,34.50179,2.89457,4.5497,49.96,0598:02:17,1,08
17:26:01,0.13257,216.20,0.41129,11.78849,34.42239,2.89457,4.5497,49.96,0598:02:19,1,08
17:26:02,0.13264,216.20,0.41137,11.80208,34.46209,2.89457,4.5497,49.96,0598:02:20,1,08
17:26:08,0.13139,216.00,0.41571,11.80208,34.46209,2.89457,4.5497,49.97,0598:02:26,1,08
17:26:09,0.13226,216.00,0.41294,11.80208,34.46209,2.89457,4.5497,49.97,0598:02:27,1,08
17:26:12,0.13307,215.80,0.41296,11.87007,34.6606,2.89457,4.5498,49.97,0598:02:30,1,08
17:26:14,0.13295,215.70,0.41469,11.89726,34.74001,2.89457,4.5498,49.99,0598:02:32,1,08
17:26:15,0.13214,215.60,0.41698,11.88367,34.70031,2.89457,4.5498,49.97,0598:02:33,1,08
17:26:16,0.13307,215.60,0.4143,11.89726,34.74001,2.89457,4.5498,49.97,0598:02:34,1,08
17:26:20,0.13257,215.70,0.41587,11.89726,34.74001,2.89457,4.5498,49.99,0598:02:38,1,08
17:26:21,0.13345,215.80,0.41321,11.91086,34.77971,2.89457,4.5498,50.00,0598:02:39,1,08
17:26:24,0.13338,216.10,0.41368,11.92446,34.81942,2.89467,4.5498,50.01,0598:02:42,1,08
17:26:28,0.1348,216.10,0.40765,11.88367,34.70031,2.89467,4.5498,50.00,0598:02:46,1,08
17:26:29,0.13468,216.00,0.40935,11.91086,34.77971,2.89467,4.5498,50.01,0598:02:47,1,08
17:26:32,0.13455,216.20,0.40981,11.92446,34.81942,2.89467,4.5499,49.99,0598:02:49,1,08
17:26:33,0.13455,216.20,0.40981,11.92446,34.81942,2.89467,4.5499,49.99,0598:02:50,1,08
17:26:35,0.13492,216.00,0.40905,11.92446,34.81942,2.89467,4.5499,49.99,0598:02:52,1,08
17:26:36,0.13419,216.00,0.40713,11.80208,34.46209,2.89467,4.5499,49.99,0598:02:53,1,08
17:26:37,0.13504,215.90,0.40718,11.87007,34.6606,2.89467,4.5499,49.99,0598:02:54,1,08
17:26:38,0.13529,215.90,0.40791,11.92446,34.81942,2.89467,4.5499,49.99,0598:02:55,1,08
17:26:39,0.13529,215.90,0.40791,11.92446,34.81942,2.89467,4.5499,49.99,0598:02:56,1,08
17:26:41,0.13517,216.10,0.40605,11.87007,34.6606,2.89467,4.5499,50.00,0598:02:58,1,08
17:26:43,0.13461,216.40,0.40812,11.89726,34.74001,2.89467,4.5499,49.97,0598:03:00,1,08
17:26:45,0.13498,216.30,0.40736,11.89726,34.74001,2.89467,4.5499,49.97,0598:03:02,1,08
17:26:46,0.13504,216.30,0.40698,11.89726,34.74001,2.89467,4.5499,50.00,0598:03:03,1,08
17:26:47,0.13443,216.20,0.40973,11.91086,34.77971,2.89467,4.5499,50.00,0598:03:04,1,08
17:26:50,0.13425,216.20,0.4073,11.82928,34.5415,2.89467,4.5499,50.00,0598:03:08,1,08
17:26:53,0.13468,216.20,0.4085,11.89726,34.74001,2.89467,4.55,49.99,0598:03:10,1,08
17:26:55,0.13474,215.90,0.40841,11.88367,34.70031,2.89477,4.55,49.99,0598:03:12,1,08
17:26:56,0.13474,215.90,0.40841,11.88367,34.70031,2.89477,4.55,49.99,0598:03:13,1,08
17:26:57,0.13504,215.90,0.40727,11.88367,34.70031,2.89477,4.55,49.99,0598:03:14,1,08
17:27:00,0.13486,215.80,0.40756,11.87007,34.6606,2.89477,4.55,49.99,0598:03:17,1,08
17:27:02,0.13498,215.70,0.4085,11.89726,34.74001,2.89477,4.55,49.99,0598:03:19,1,08
17:27:03,0.13602,215.40,0.40445,11.85647,34.6209,2.89477,4.55,49.99,0598:03:20,1,08
17:27:05,0.13584,214.90,0.40736,11.89726,34.74001,2.89477,4.55,49.97,0598:03:22,1,08
17:27:10,0.13783,214.80,0.41093,12.1692,35.53407,2.89477,4.55,49.97,0598:03:27,1,08
17:27:11,0.13837,214.80,0.4108,12.20999,35.65317,2.89477,4.55,49.97,0598:03:28,1,08
17:27:13,0.13572,215.20,0.40372,11.80208,34.46209,2.89477,4.5501,49.99,0598:03:31,1,08
17:27:14,0.13492,215.40,0.40599,11.80208,34.46209,2.89477,4.5501,49.99,0598:03:31,1,08
17:27:16,0.1348,215.40,0.40543,11.77489,34.38269,2.89477,4.5501,50.00,0598:03:33,1,08
17:27:17,0.13455,215.30,0.40666,11.78849,34.42239,2.89477,4.5501,50.00,0598:03:35,1,08
17:27:19,0.13381,215.70,0.40819,11.78849,34.42239,2.89477,4.5501,50.01,0598:03:37,1,08
17:27:20,0.13394,215.70,0.40922,11.82928,34.5415,2.89477,4.5501,50.01,0598:03:37,1,08
17:27:23,0.13437,215.80,0.40581,11.77489,34.38269,2.89477,4.5501,50.01,0598:03:41,1,08
17:27:24,0.13369,215.60,0.40858,11.78849,34.42239,2.89487,4.5501,50.03,0598:03:42,1,08
17:27:25,0.13431,215.60,0.40704,11.78849,34.42239,2.89487,4.5501,50.03,0598:03:43,1,08
17:27:27,0.1348,215.40,0.40543,11.77489,34.38269,2.89487,4.5501,50.03,0598:03:44,1,08
17:27:28,0.13492,215.40,0.40645,11.81568,34.50179,2.89487,4.5501,50.03,0598:03:45,1,08
17:27:30,0.13345,215.40,0.40974,11.78849,34.42239,2.89487,4.5501,50.03,0598:03:48,1,08
17:27:31,0.13486,215.30,0.40543,11.77489,34.38269,2.89487,4.5501,50.03,0598:03:49,1,08
17:27:33,0.13511,215.20,0.40467,11.77489,34.38269,2.89487,4.5501,50.03,0598:03:50,1,08
17:27:34,0.13388,215.00,0.4084,11.7613,34.34298,2.89487,4.5502,50.04,0598:03:52,1,08
17:27:36,0.13437,215.20,0.40742,11.78849,34.42239,2.89487,4.5502,50.03,0598:03:54,1,08
17:27:40,0.13326,214.90,0.41034,11.7613,34.34298,2.89487,4.5502,50.05,0598:03:58,1,08
17:27:42,0.13419,214.80,0.40849,11.77489,34.38269,2.89487,4.5502,50.04,0598:04:00,1,08
17:27:44,0.13431,215.30,0.40836,11.81568,34.50179,2.89487,4.5502,50.04,0598:04:01,1,08
17:27:46,0.13363,215.50,0.40935,11.78849,34.42239,2.89487,4.5502,50.04,0598:04:04,1,08
17:27:50,0.13388,214.70,0.41154,11.82928,34.5415,2.89487,4.5502,50.04,0598:04:08,1,08
17:27:52,0.13357,214.80,0.40995,11.7613,34.34298,2.89487,4.5502,50.03,0598:04:10,1,08
17:27:55,0.13419,215.00,0.40952,11.81568,34.50179,2.89497,4.5503,50.04,0598:04:13,1,08
17:27:56,0.13431,215.30,0.40742,11.78849,34.42239,2.89497,4.5503,50.04,0598:04:14,1,08
17:27:57,0.13338,215.40,0.40965,11.77489,34.38269,2.89497,4.5503,50.04,0598:04:15,1,08
17:27:58,0.13345,215.40,0.41012,11.78849,34.42239,2.89497,4.5503,50.04,0598:04:16,1,08
17:28:00,0.13345,215.40,0.40965,11.77489,34.38269,2.89497,4.5503,50.03,0598:04:18,1,08
17:28:03,0.13443,215.10,0.40789,11.80208,34.46209,2.89497,4.5503,50.03,0598:04:21,1,08
17:28:04,0.13314,215.40,0.4109,11.78849,34.42239,2.89497,4.5503,50.03,0598:04:22,1,08
17:28:05,0.13419,215.40,0.40781,11.78849,34.42239,2.89497,4.5503,50.03,0598:04:23,1,08
17:28:06,0.13425,215.30,0.40789,11.80208,34.46209,2.89497,4.5503,50.03,0598:04:24,1,08
17:28:07,0.13541,215.40,0.4096,11.95165,34.89882,2.89497,4.5503,50.01,0598:04:25,1,08
17:28:08,0.13783,215.30,0.41346,12.27798,35.85169,2.89497,4.5503,50.01,0598:04:26,1,08
17:28:10,0.13553,215.20,0.40774,11.89726,34.74001,2.89497,4.5503,50.03,0598:04:28,1,08
17:28:11,0.13776,215.30,0.40972,12.1556,35.49436,2.89497,4.5503,50.00,0598:04:29,1,08
17:28:12,0.13425,215.40,0.40789,11.80208,34.46209,2.89497,4.5503,50.00,0598:04:30,1,08
17:28:13,0.13425,215.40,0.40789,11.80208,34.46209,2.89497,4.5503,50.00,0598:04:31,1,08
17:28:14,0.13388,215.40,0.40811,11.77489,34.38269,2.89497,4.5503,50.00,0598:04:32,1,08
17:28:15,0.13529,215.40,0.40578,11.82928,34.5415,2.89497,4.5503,50.00,0598:04:33,1,08
17:28:16,0.13381,215.50,0.40763,11.7613,34.34298,2.89497,4.5503,50.00,0598:04:34,1,08
17:28:17,0.13431,215.40,0.40789,11.80208,34.46209,2.89497,4.5504,49.99,0598:04:35,1,08
17:28:19,0.13425,215.40,0.40742,11.78849,34.42239,2.89497,4.5504,49.97,0598:04:37,1,08
17:28:21,0.13468,215.60,0.40684,11.81568,34.50179,2.89497,4.5504,49.99,0598:04:39,1,08
17:28:22,0.13468,215.60,0.40684,11.81568,34.50179,2.89497,4.5504,49.99,0598:04:40,1,08
17:28:23,0.13771,215.20,0.40917,12.12841,35.41496,2.89497,4.5504,49.99,0598:04:41,1,08
17:28:25,0.13553,215.10,0.40541,11.82928,34.5415,2.89497,4.5504,49.99,0598:04:43,1,08
17:28:26,0.13504,215.10,0.40599,11.80208,34.46209,2.89508,4.5504,49.99,0598:04:44,1,08
17:28:27,0.13455,215.20,0.40751,11.80208,34.46209,2.89508,4.5504,49.99,0598:04:45,1,08
17:28:31,0.13559,215.60,0.41032,12.00604,35.05763,2.89508,4.5504,49.99,0598:04:48,1,08
17:28:33,0.1362,215.60,0.40787,11.97884,34.97823,2.89508,4.5504,49.99,0598:04:50,1,08
17:28:34,0.13638,215.60,0.40712,11.97884,34.97823,2.89508,4.5504,49.97,0598:04:51,1,08
17:28:36,0.13608,215.70,0.40926,12.01964,35.09734,2.89508,4.5504,50.00,0598:04:53,1,08
17:28:38,0.1359,215.70,0.40871,11.99244,35.01793,2.89508,4.5504,50.00,0598:04:55,1,08
17:28:40,0.13553,216.10,0.40947,11.99244,35.01793,2.89508,4.5505,50.00,0598:04:57,1,08
17:28:44,0.13559,216.00,0.40947,11.99244,35.01793,2.89508,4.5505,50.03,0598:05:01,1,08
17:28:45,0.13602,216.10,0.40888,12.01964,35.09734,2.89508,4.5505,50.03,0598:05:02,1,08
17:28:46,0.13614,216.20,0.4072,11.99244,35.01793,2.89508,4.5505,50.04,0598:05:03,1,08
17:28:47,0.13584,216.10,0.40787,11.97884,34.97823,2.89508,4.5505,50.04,0598:05:04,1,08
17:28:48,0.13632,216.20,0.4059,11.96525,34.93852,2.89508,4.5505,50.05,0598:05:05,1,08
17:28:49,0.13559,216.10,0.4077,11.95165,34.89882,2.89508,4.5505,50.05,0598:05:06,1,08
17:28:51,0.13522,216.00,0.40884,11.95165,34.89882,2.89508,4.5505,50.05,0598:05:08,1,08
17:28:52,0.13517,216.00,0.41015,11.97884,34.97823,2.89508,4.5505,50.05,0598:05:09,1,08
17:28:53,0.13522,215.80,0.40968,11.96525,34.93852,2.89508,4.5505,50.05,0598:05:10,1,08
17:28:54,0.13461,215.80,0.41253,11.99244,35.01793,2.89508,4.5505,50.05,0598:05:11,1,08
17:28:56,0.13425,215.90,0.41237,11.96525,34.93852,2.89508,4.5505,50.04,0598:05:13,1,08
17:28:57,0.13492,216.10,0.41146,12.00604,35.05763,2.89518,4.5505,50.04,0598:05:14,1,08
17:28:59,0.13468,215.90,0.41121,11.96525,34.93852,2.89518,4.5506,50.05,0598:05:16,1,08
17:29:00,0.13498,215.90,0.40998,11.95165,34.89882,2.89518,4.5506,50.04,0598:05:17,1,08
17:29:01,0.13338,216.10,0.40943,11.80208,34.46209,2.89518,4.5506,50.04,0598:05:18,1,08
17:29:04,0.13338,216.10,0.40896,11.78849,34.42239,2.89518,4.5506,50.05,0598:05:21,1,08
17:29:05,0.13345,216.00,0.40811,11.77489,34.38269,2.89518,4.5506,50.05,0598:05:22,1,08
17:29:06,0.1332,215.90,0.41021,11.80208,34.46209,2.89518,4.5506,50.04,0598:05:23,1,08
17:29:07,0.13369,215.80,0.40866,11.80208,34.46209,2.89518,4.5506,50.04,0598:05:25,1,08
17:29:08,0.13288,215.80,0.41137,11.80208,34.46209,2.89518,4.5506,50.04,0598:05:25,1,08
17:29:09,0.13326,215.90,0.40974,11.78849,34.42239,2.89518,4.5506,50.04,0598:05:26,1,08
17:29:13,0.13326,215.90,0.41021,11.80208,34.46209,2.89518,4.5506,50.05,0598:05:31,1,08
17:29:14,0.13394,216.00,0.41259,11.93806,34.85912,2.89518,4.5506,50.05,0598:05:31,1,08
17:29:15,0.13455,216.10,0.41215,11.99244,35.01793,2.89518,4.5506,50.05,0598:05:32,1,08
17:29:16,0.13363,216.10,0.40819,11.78849,34.42239,2.89518,4.5506,50.04,0598:05:33,1,08
17:29:17,0.13419,215.90,0.40619,11.77489,34.38269,2.89518,4.5506,50.04,0598:05:34,1,08
17:29:18,0.1332,215.80,0.40926,11.77489,34.38269,2.89518,4.5506,50.04,0598:05:36,1,08
17:29:19,0.13468,215.80,0.40645,11.81568,34.50179,2.89518,4.5506,50.04,0598:05:37,1,08
17:29:20,0.13425,215.70,0.40666,11.78849,34.42239,2.89518,4.5506,50.04,0598:05:37,1,08
17:29:21,0.13431,215.80,0.40713,11.80208,34.46209,2.89518,4.55071,50.04,0598:05:38,1,08
17:29:22,0.1348,215.90,0.40476,11.78849,34.42239,2.89518,4.55071,50.03,0598:05:39,1,08
17:29:26,0.13474,216.10,0.40523,11.80208,34.46209,2.89518,4.55071,50.03,0598:05:43,1,08
17:29:30,0.13412,216.20,0.40581,11.77489,34.38269,2.89528,4.55071,50.01,0598:05:48,1,08
17:29:31,0.13511,215.90,0.40354,11.77489,34.38269,2.89528,4.55071,50.01,0598:05:49,1,08
17:29:34,0.13407,215.70,0.40742,11.78849,34.42239,2.89528,4.55071,50.01,0598:05:51,1,08
17:29:36,0.13498,215.70,0.4057,11.81568,34.50179,2.89528,4.55071,50.00,0598:05:54,1,08
17:29:39,0.13363,215.70,0.40849,11.77489,34.38269,2.89528,4.55071,50.01,0598:05:56,1,08
17:29:40,0.13419,215.80,0.40751,11.80208,34.46209,2.89528,4.55071,49.99,0598:05:58,1,08
17:29:43,0.13369,215.90,0.40819,11.78849,34.42239,2.89528,4.55081,50.01,0598:06:00,1,08
17:29:44,0.13357,215.90,0.40811,11.77489,34.38269,2.89528,4.55081,50.00,0598:06:01,1,08
17:29:46,0.134,215.70,0.40734,11.77489,34.38269,2.89528,4.55081,50.00,0598:06:04,1,08
17:29:47,0.13443,215.50,0.40666,11.78849,34.42239,2.89528,4.55081,50.00,0598:06:05,1,08
17:29:49,0.13425,215.70,0.40798,11.81568,34.50179,2.89528,4.55081,50.00,0598:06:06,1,08
17:29:50,0.13517,215.80,0.40447,11.80208,34.46209,2.89528,4.55081,50.00,0598:06:07,1,08
17:29:53,0.13376,216.10,0.40742,11.78849,34.42239,2.89528,4.55081,49.99,0598:06:11,1,08
17:29:54,0.13412,216.10,0.4076,11.81568,34.50179,2.89528,4.55081,49.99,0598:06:12,1,08
17:29:56,0.13407,216.20,0.40581,11.77489,34.38269,2.89528,4.55081,49.99,0598:06:14,1,08
17:29:59,0.1348,215.90,0.40383,11.7613,34.34298,2.89538,4.55081,49.97,0598:06:17,1,08
17:30:00,0.13443,215.80,0.40581,11.77489,34.38269,2.89538,4.55081,49.97,0598:06:18,1,08
17:30:01,0.13443,215.70,0.40581,11.77489,34.38269,2.89538,4.55081,49.97,0598:06:18,1,08
17:30:04,0.13492,215.80,0.40476,11.78849,34.42239,2.89538,4.55091,49.97,0598:06:22,1,08
17:30:05,0.13388,215.90,0.40828,11.80208,34.46209,2.89538,4.55091,49.97,0598:06:23,1,08
17:30:06,0.13425,215.80,0.40807,11.82928,34.5415,2.89538,4.55091,49.97,0598:06:24,1,08
17:30:07,0.13425,215.80,0.40807,11.82928,34.5415,2.89538,4.55091,49.97,0598:06:25,1,08
17:30:08,0.13425,215.80,0.40713,11.80208,34.46209,2.89538,4.55091,49.97,0598:06:26,1,08
17:30:09,0.1348,215.70,0.40654,11.82928,34.5415,2.89538,4.55091,49.97,0598:06:27,1,08
17:30:11,0.13577,216.20,0.40509,11.89726,34.74001,2.89538,4.55091,49.96,0598:06:29,1,08
17:30:12,0.1359,216.30,0.40758,11.99244,35.01793,2.89538,4.55091,49.96,0598:06:30,1,08
17:30:13,0.1359,216.30,0.40758,11.99244,35.01793,2.89538,4.55091,49.97,0598:06:31,1,08
17:30:15,0.13565,216.30,0.40778,11.96525,34.93852,2.89538,4.55091,50.00,0598:06:33,1,08
17:30:18,0.13461,216.30,0.4057,11.81568,34.50179,2.89538,4.55091,49.97,0598:06:36,1,08
17:30:19,0.13461,216.30,0.4057,11.81568,34.50179,2.89538,4.55091,49.99,0598:06:37,1,08
17:30:20,0.13369,216.20,0.40593,11.7341,34.26358,2.89538,4.55091,49.99,0598:06:38,1,08
17:30:21,0.13443,216.00,0.40684,11.81568,34.50179,2.89538,4.55091,50.00,0598:06:39,1,08
17:30:22,0.13474,216.00,0.4057,11.81568,34.50179,2.89538,4.55091,50.00,0598:06:40,1,08
17:30:24,0.13407,216.00,0.40704,11.78849,34.42239,2.89538,4.55101,50.00,0598:06:42,1,08
17:30:26,0.13474,215.80,0.40654,11.82928,34.5415,2.89538,4.55101,50.01,0598:06:44,1,08
17:30:28,0.13388,216.30,0.40751,11.80208,34.46209,2.89538,4.55101,50.00,0598:06:45,1,08
17:30:29,0.13388,216.50,0.4076,11.81568,34.50179,2.89548,4.55101,50.00,0598:06:46,1,08
17:30:32,0.134,216.70,0.4073,11.82928,34.5415,2.89548,4.55101,50.01,0598:06:49,1,08
17:30:36,0.13394,216.70,0.40684,11.81568,34.50179,2.89548,4.55101,50.00,0598:06:53,1,08
17:30:40,0.13486,216.60,0.40326,11.78849,34.42239,2.89548,4.55101,50.01,0598:06:57,1,08
17:30:42,0.13455,216.60,0.40485,11.80208,34.46209,2.89548,4.55101,50.01,0598:06:59,1,08
17:30:43,0.13419,216.60,0.40505,11.77489,34.38269,2.89548,4.55101,50.01,0598:07:00,1,08
17:30:44,0.13419,216.60,0.40505,11.77489,34.38269,2.89548,4.55101,50.01,0598:07:01,1,08
17:30:45,0.13449,216.60,0.40438,11.78849,34.42239,2.89548,4.55111,50.01,0598:07:02,1,08
17:30:46,0.13412,216.50,0.40684,11.81568,34.50179,2.89548,4.55111,50.01,0598:07:03,1,08
17:30:48,0.13332,216.50,0.40819,11.78849,34.42239,2.89548,4.55111,50.00,0598:07:05,1,08
17:30:49,0.13407,216.60,0.40637,11.80208,34.46209,2.89548,4.55111,50.00,0598:07:06,1,08
17:30:55,0.134,216.10,0.40751,11.80208,34.46209,2.89548,4.55111,50.01,0598:07:12,1,08
17:30:58,0.1348,216.00,0.40523,11.80208,34.46209,2.89548,4.55111,50.01,0598:07:15,1,08
17:31:00,0.13437,216.10,0.40637,11.80208,34.46209,2.89558,4.55111,50.03,0598:07:17,1,08
17:31:02,0.13431,216.20,0.40543,11.77489,34.38269,2.89558,4.55111,50.01,0598:07:19,1,08
17:31:03,0.13443,216.20,0.40645,11.81568,34.50179,2.89558,4.55111,50.01,0598:07:20,1,08
17:31:04,0.13369,216.20,0.40734,11.77489,34.38269,2.89558,4.55111,50.01,0598:07:21,1,08
17:31:06,0.13431,215.90,0.40628,11.78849,34.42239,2.89558,4.55121,50.01,0598:07:23,1,08
17:31:13,0.13443,216.60,0.4057,11.81568,34.50179,2.89558,4.55121,50.00,0598:07:31,1,08
17:31:14,0.13443,216.70,0.40438,11.78849,34.42239,2.89558,4.55121,50.00,0598:07:31,1,08
17:31:16,0.13443,216.60,0.40476,11.78849,34.42239,2.89558,4.55121,50.00,0598:07:33,1,08
17:31:17,0.13332,216.50,0.40819,11.78849,34.42239,2.89558,4.55121,50.00,0598:07:34,1,08
17:31:18,0.13369,216.40,0.40704,11.78849,34.42239,2.89558,4.55121,50.01,0598:07:35,1,08
17:31:19,0.13381,216.60,0.40713,11.80208,34.46209,2.89558,4.55121,50.00,0598:07:37,1,08
17:31:22,0.13425,216.40,0.40552,11.78849,34.42239,2.89558,4.55121,50.03,0598:07:39,1,08
17:31:23,0.13431,216.40,0.40552,11.78849,34.42239,2.89558,4.55121,50.01,0598:07:40,1,08
17:31:25,0.13437,216.10,0.4059,11.78849,34.42239,2.89558,4.55121,50.01,0598:07:43,1,08
17:31:27,0.13369,216.20,0.40781,11.78849,34.42239,2.89558,4.55131,50.01,0598:07:44,1,08
17:31:28,0.13369,216.30,0.40836,11.81568,34.50179,2.89558,4.55131,50.00,0598:07:45,1,08
17:31:29,0.13376,216.40,0.40704,11.78849,34.42239,2.89558,4.55131,50.00,0598:07:46,1,08
17:31:33,0.13461,216.00,0.40561,11.80208,34.46209,2.89568,4.55131,50.03,0598:07:50,1,08
17:31:37,0.13369,215.70,0.40952,11.81568,34.50179,2.89568,4.55131,50.03,0598:07:55,1,08
17:31:40,0.13443,215.60,0.40628,11.78849,34.42239,2.89568,4.55131,50.03,0598:07:57,1,08
17:31:41,0.13529,215.50,0.40214,11.7341,34.26358,2.89568,4.55131,50.04,0598:07:59,1,08
17:31:42,0.13492,215.40,0.40505,11.77489,34.38269,2.89568,4.55131,50.04,0598:08:00,1,08
17:31:43,0.13449,215.50,0.40713,11.80208,34.46209,2.89568,4.55131,50.01,0598:08:01,1,08
17:31:45,0.13455,215.90,0.40645,11.81568,34.50179,2.89568,4.55131,50.03,0598:08:02,1,08
17:31:48,0.13504,215.50,0.40476,11.78849,34.42239,2.89568,4.55141,50.01,0598:08:06,1,08
17:31:53,0.13419,215.70,0.40657,11.77489,34.38269,2.89568,4.55141,50.00,0598:08:11,1,08
17:31:56,0.1348,215.50,0.40552,11.78849,34.42239,2.89568,4.55141,49.99,0598:08:13,1,08
17:31:59,0.13431,215.80,0.40666,11.78849,34.42239,2.89568,4.55141,49.96,0598:08:17,1,08
17:32:00,0.13338,215.90,0.40888,11.77489,34.38269,2.89568,4.55141,49.96,0598:08:18,1,08
17:32:01,0.13412,216.00,0.4076,11.81568,34.50179,2.89578,4.55141,49.96,0598:08:19,1,08
17:32:03,0.13498,215.70,0.40429,11.77489,34.38269,2.89578,4.55141,49.95,0598:08:21,1,08
17:32:05,0.13449,215.80,0.40309,11.70691,34.18417,2.89578,4.55141,49.95,0598:08:23,1,08
17:32:07,0.13468,215.90,0.40654,11.82928,34.5415,2.89578,4.55151,49.96,0598:08:25,1,08
17:32:08,0.13468,215.90,0.40654,11.82928,34.5415,2.89578,4.55151,49.96,0598:08:25,1,08
17:32:09,0.13369,216.10,0.40828,11.80208,34.46209,2.89578,4.55151,49.96,0598:08:27,1,08
17:32:10,0.13419,216.20,0.40637,11.80208,34.46209,2.89578,4.55151,49.96,0598:08:28,1,08
17:32:11,0.1348,216.20,0.40812,11.89726,34.74001,2.89578,4.55151,49.96,0598:08:29,1,08
17:32:13,0.13388,216.20,0.40751,11.80208,34.46209,2.89578,4.55151,49.96,0598:08:31,1,08
17:32:14,0.13388,216.20,0.40751,11.80208,34.46209,2.89578,4.55151,49.96,0598:08:32,1,08
17:32:17,0.13437,216.30,0.40645,11.81568,34.50179,2.89578,4.55151,49.97,0598:08:35,1,08
17:32:18,0.13376,216.50,0.40751,11.80208,34.46209,2.89578,4.55151,49.97,0598:08:36,1,08
17:32:20,0.1332,216.40,0.40811,11.77489,34.38269,2.89578,4.55151,49.97,0598:08:38,1,08
17:32:21,0.13307,216.50,0.40849,11.77489,34.38269,2.89578,4.55151,49.99,0598:08:39,1,08
17:32:24,0.13547,216.20,0.4128,12.10122,35.33555,2.89578,4.55151,49.99,0598:08:42,1,08
17:32:25,0.13572,216.10,0.41196,12.08762,35.29585,2.89578,4.55151,50.00,0598:08:43,1,08
17:32:27,0.13572,216.10,0.41196,12.08762,35.29585,2.89578,4.55151,50.00,0598:08:44,1,08
17:32:30,0.1332,215.80,0.40926,11.77489,34.38269,2.89578,4.55161,50.03,0598:08:47,1,08
17:32:31,0.13381,215.70,0.40819,11.78849,34.42239,2.89578,4.55161,50.03,0598:08:48,1,08
17:32:34,0.13419,215.70,0.40704,11.78849,34.42239,2.89589,4.55161,50.05,0598:08:51,1,08
17:32:35,0.13517,215.50,0.40392,11.77489,34.38269,2.89589,4.55161,50.05,0598:08:52,1,08
17:32:37,0.13547,215.40,0.40363,11.78849,34.42239,2.89589,4.55161,50.04,0598:08:54,1,08
17:32:38,0.13511,215.50,0.40429,11.77489,34.38269,2.89589,4.55161,50.04,0598:08:55,1,08
17:32:40,0.13492,215.70,0.40523,11.80208,34.46209,2.89589,4.55161,50.04,0598:08:57,1,08
17:32:41,0.13577,215.70,0.40213,11.78849,34.42239,2.89589,4.55161,50.04,0598:08:58,1,08
17:32:42,0.13572,215.80,0.4039,11.82928,34.5415,2.89589,4.55161,50.03,0598:08:59,1,08
17:32:45,0.1362,215.60,0.40185,11.80208,34.46209,2.89589,4.55161,50.03,0598:09:02,1,08
17:32:46,0.13644,215.80,0.40074,11.80208,34.46209,2.89589,4.55161,50.04,0598:09:03,1,08
17:32:47,0.13529,215.90,0.40465,11.82928,34.5415,2.89589,4.55161,50.04,0598:09:04,1,08
17:32:48,0.13529,216.10,0.40288,11.78849,34.42239,2.89589,4.55161,50.03,0598:09:05,1,08
17:32:49,0.13504,216.20,0.4041,11.80208,34.46209,2.89589,4.55161,50.03,0598:09:06,1,08
17:32:50,0.13517,216.30,0.40288,11.78849,34.42239,2.89589,4.55171,50.03,0598:09:07,1,08
17:32:56,0.13461,216.10,0.40561,11.80208,34.46209,2.89589,4.55171,50.04,0598:09:13,1,08
17:32:57,0.13486,216.10,0.40392,11.77489,34.38269,2.89589,4.55171,50.04,0598:09:14,1,08
17:32:59,0.13595,215.90,0.40231,11.81568,34.50179,2.89589,4.55171,50.04,0598:09:16,1,08
17:33:00,0.13638,215.90,0.39982,11.77489,34.38269,2.89589,4.55171,50.04,0598:09:17,1,08
17:33:06,0.13498,216.10,0.40447,11.80208,34.46209,2.89599,4.55171,50.05,0598:09:23,1,08
17:33:07,0.13541,216.10,0.40288,11.78849,34.42239,2.89599,4.55171,50.04,0598:09:24,1,08
17:33:08,0.13565,216.10,0.4026,11.80208,34.46209,2.89599,4.55171,50.04,0598:09:25,1,08
17:33:11,0.13674,216.30,0.40349,11.93806,34.85912,2.89599,4.55181,50.03,0598:09:28,1,08
17:33:12,0.13517,216.30,0.40242,11.77489,34.38269,2.89599,4.55181,50.04,0598:09:29,1,08
17:33:15,0.13522,216.40,0.40381,11.81568,34.50179,2.89599,4.55181,50.04,0598:09:32,1,08
17:33:18,0.13522,216.00,0.40279,11.77489,34.38269,2.89599,4.55181,50.03,0598:09:35,1,08
17:33:20,0.13522,216.40,0.40297,11.80208,34.46209,2.89599,4.55181,50.04,0598:09:37,1,08
17:33:23,0.13614,216.50,0.40083,11.81568,34.50179,2.89599,4.55181,50.01,0598:09:40,1,08
17:33:24,0.13595,216.50,0.39935,11.7613,34.34298,2.89599,4.55181,50.01,0598:09:41,1,08
17:33:27,0.13741,216.20,0.40485,12.03323,35.13704,2.89599,4.55181,50.04,0598:09:44,1,08
17:33:29,0.13572,216.30,0.40093,11.77489,34.38269,2.89599,4.55181,50.01,0598:09:46,1,08
17:33:30,0.13572,216.20,0.40185,11.80208,34.46209,2.89599,4.55181,50.01,0598:09:47,1,08
17:33:32,0.13522,216.00,0.40372,11.80208,34.46209,2.89599,4.55191,50.03,0598:09:49,1,08
17:33:33,0.13632,216.00,0.40074,11.80208,34.46209,2.89599,4.55191,50.03,0598:09:50,1,08
17:33:34,0.13541,216.00,0.40335,11.80208,34.46209,2.89609,4.55191,50.01,0598:09:51,1,08
17:33:35,0.1359,216.00,0.40139,11.78849,34.42239,2.89609,4.55191,50.03,0598:09:52,1,08
17:33:36,0.13602,216.00,0.40102,11.78849,34.42239,2.89609,4.55191,50.03,0598:09:54,1,08
17:33:37,0.13644,215.90,0.40037,11.80208,34.46209,2.89609,4.55191,50.00,0598:09:55,1,08
17:33:38,0.13668,216.00,0.40009,11.81568,34.50179,2.89609,4.55191,50.00,0598:09:55,1,08
17:33:39,0.13608,216.30,0.40074,11.80208,34.46209,2.89609,4.55191,50.00,0598:09:56,1,08
17:33:40,0.1359,216.30,0.40148,11.80208,34.46209,2.89609,4.55191,50.00,0598:09:57,1,08
17:33:41,0.13572,216.30,0.40185,11.80208,34.46209,2.89609,4.55191,49.99,0598:09:58,1,08
17:33:44,0.13565,216.30,0.40269,11.81568,34.50179,2.89609,4.55191,49.99,0598:10:01,1,08
17:33:46,0.13517,216.60,0.40297,11.80208,34.46209,2.89609,4.55191,49.99,0598:10:03,1,08
17:33:50,0.13517,216.10,0.40233,11.7613,34.34298,2.89609,4.55191,49.97,0598:10:07,1,08
17:33:51,0.13572,215.80,0.40297,11.80208,34.46209,2.89609,4.55191,49.99,0598:10:08,1,08
17:33:52,0.13632,215.70,0.40018,11.77489,34.38269,2.89609,4.55202,49.99,0598:10:09,1,08
17:33:53,0.13577,215.70,0.4026,11.80208,34.46209,2.89609,4.55202,49.99,0598:10:11,1,08
17:33:55,0.13511,216.20,0.40372,11.80208,34.46209,2.89609,4.55202,49.99,0598:10:13,1,08
17:33:56,0.13511,216.20,0.40372,11.80208,34.46209,2.89609,4.55202,49.99,0598:10:13,1,08
17:33:57,0.13608,216.20,0.40111,11.80208,34.46209,2.89609,4.55202,50.00,0598:10:14,1,08
17:33:59,0.13577,216.20,0.40231,11.81568,34.50179,2.89609,4.55202,49.99,0598:10:17,1,08
17:34:01,0.13595,216.00,0.39907,11.7205,34.22387,2.89609,4.55202,49.99,0598:10:19,1,08
17:34:02,0.13595,216.00,0.39907,11.7205,34.22387,2.89609,4.55202,49.99,0598:10:19,1,08
17:34:03,0.13565,216.00,0.40074,11.7477,34.30328,2.89609,4.55202,49.99,0598:10:20,1,08
17:34:06,0.13662,216.30,0.39926,11.80208,34.46209,2.89619,4.55202,49.99,0598:10:24,1,08
17:34:10,0.13595,216.20,0.40194,11.81568,34.50179,2.89619,4.55202,50.00,0598:10:28,1,08
17:34:15,0.13602,216.20,0.40111,11.80208,34.46209,2.89619,4.55212,50.00,0598:10:32,1,08
17:34:16,0.13638,216.20,0.40184,11.85647,34.6209,2.89619,4.55212,50.00,0598:10:34,1,08
17:34:17,0.13498,216.20,0.4041,11.80208,34.46209,2.89619,4.55212,50.01,0598:10:35,1,08
17:34:18,0.13517,216.20,0.40372,11.80208,34.46209,2.89619,4.55212,50.01,0598:10:36,1,08
17:34:19,0.13529,216.10,0.40335,11.80208,34.46209,2.89619,4.55212,50.04,0598:10:37,1,08
17:34:20,0.13529,216.10,0.40335,11.80208,34.46209,2.89619,4.55212,50.04,0598:10:37,1,08
17:34:21,0.13608,216.20,0.40111,11.80208,34.46209,2.89619,4.55212,50.03,0598:10:39,1,08
17:34:22,0.13584,216.40,0.40055,11.77489,34.38269,2.89619,4.55212,50.03,0598:10:40,1,08
17:34:24,0.13559,216.40,0.40185,11.80208,34.46209,2.89619,4.55212,50.04,0598:10:41,1,08
17:34:26,0.13572,216.50,0.40055,11.77489,34.38269,2.89619,4.55212,50.04,0598:10:43,1,08
17:34:31,0.13461,216.60,0.40447,11.80208,34.46209,2.89619,4.55212,50.05,0598:10:48,1,08
17:34:34,0.13468,216.40,0.40392,11.77489,34.38269,2.89619,4.55212,50.04,0598:10:51,1,08
17:34:35,0.13517,216.50,0.40335,11.80208,34.46209,2.89619,4.55222,50.04,0598:10:52,1,08
17:34:36,0.13511,216.50,0.40335,11.80208,34.46209,2.89629,4.55222,50.04,0598:10:53,1,08
17:34:37,0.13425,216.50,0.40514,11.78849,34.42239,2.89629,4.55222,50.04,0598:10:54,1,08
17:34:39,0.14195,216.50,0.41645,12.80825,37.4001,2.89629,4.55222,50.04,0598:10:56,1,08
17:34:40,0.13504,216.70,0.40297,11.80208,34.46209,2.89629,4.55222,50.04,0598:10:57,1,08
17:34:42,0.13449,216.70,0.40438,11.78849,34.42239,2.89629,4.55222,50.04,0598:10:59,1,08
17:34:43,0.13449,216.70,0.40532,11.81568,34.50179,2.89629,4.55222,50.04,0598:11:00,1,08
17:34:44,0.13474,216.60,0.40363,11.78849,34.42239,2.89629,4.55222,50.04,0598:11:01,1,08
17:34:45,0.13486,216.60,0.40465,11.82928,34.5415,2.89629,4.55222,50.04,0598:11:02,1,08
17:34:47,0.13412,216.80,0.40701,11.84288,34.5812,2.89629,4.55222,50.04,0598:11:04,1,08
17:34:48,0.13381,216.70,0.40675,11.80208,34.46209,2.89629,4.55222,50.03,0598:11:05,1,08
17:34:49,0.13437,216.80,0.40485,11.80208,34.46209,2.89629,4.55222,50.03,0598:11:06,1,08
17:34:50,0.13357,216.80,0.4076,11.81568,34.50179,2.89629,4.55222,50.03,0598:11:07,1,08
17:34:51,0.13388,216.80,0.4059,11.78849,34.42239,2.89629,4.55222,50.03,0598:11:08,1,08
17:34:54,0.13449,216.90,0.40447,11.80208,34.46209,2.89629,4.55222,50.03,0598:11:11,1,08
17:34:55,0.13407,217.00,0.40561,11.80208,34.46209,2.89629,4.55232,50.03,0598:11:12,1,08
17:34:58,0.13338,217.00,0.40704,11.78849,34.42239,2.89629,4.55232,50.04,0598:11:15,1,08
17:34:59,0.13455,217.00,0.4041,11.80208,34.46209,2.89629,4.55232,50.04,0598:11:16,1,08
17:35:02,0.13338,216.90,0.40742,11.78849,34.42239,2.89629,4.55232,50.03,0598:11:19,1,08
17:35:05,0.13474,216.50,0.40354,11.77489,34.38269,2.89629,4.55232,50.04,0598:11:22,1,08
17:35:06,0.13504,216.30,0.40233,11.7613,34.34298,2.89639,4.55232,50.03,0598:11:23,1,08
17:35:07,0.13449,216.30,0.40607,11.81568,34.50179,2.89639,4.55232,50.03,0598:11:24,1,08
17:35:09,0.1348,216.30,0.40401,11.78849,34.42239,2.89639,4.55232,50.03,0598:11:26,1,08
17:35:10,0.13461,216.30,0.40523,11.80208,34.46209,2.89639,4.55232,50.01,0598:11:27,1,08
17:35:13,0.13461,216.30,0.40476,11.78849,34.42239,2.89639,4.55232,50.01,0598:11:30,1,08
17:35:14,0.13363,216.30,0.40789,11.80208,34.46209,2.89639,4.55232,50.01,0598:11:31,1,08
17:35:15,0.13381,216.40,0.40704,11.78849,34.42239,2.89639,4.55232,50.01,0598:11:32,1,08
17:35:16,0.13369,216.30,0.40695,11.77489,34.38269,2.89639,4.55242,50.01,0598:11:33,1,08
17:35:18,0.13357,216.10,0.40631,11.7341,34.26358,2.89639,4.55242,50.01,0598:11:35,1,08
17:35:19,0.13288,216.00,0.40956,11.7613,34.34298,2.89639,4.55242,49.99,0598:11:36,1,08
17:35:20,0.13295,215.90,0.41004,11.77489,34.38269,2.89639,4.55242,49.99,0598:11:37,1,08
17:35:21,0.13357,215.90,0.40952,11.81568,34.50179,2.89639,4.55242,49.99,0598:11:38,1,08
17:35:22,0.13431,216.00,0.40628,11.78849,34.42239,2.89639,4.55242,50.00,0598:11:39,1,08
17:35:25,0.13394,215.80,0.40742,11.78849,34.42239,2.89639,4.55242,49.99,0598:11:42,1,08
17:35:26,0.13419,215.80,0.40666,11.78849,34.42239,2.89639,4.55242,49.99,0598:11:43,1,08
17:35:27,0.13455,215.70,0.40496,11.7613,34.34298,2.89639,4.55242,49.99,0598:11:44,1,08
17:35:28,0.13425,215.70,0.40704,11.78849,34.42239,2.89639,4.55242,49.99,0598:11:45,1,08
17:35:29,0.13461,215.60,0.40543,11.77489,34.38269,2.89639,4.55242,49.97,0598:11:46,1,08
17:35:31,0.13431,215.70,0.40713,11.80208,34.46209,2.89639,4.55242,49.99,0598:11:48,1,08
17:35:35,0.1348,215.40,0.4073,11.82928,34.5415,2.89639,4.55242,49.96,0598:11:52,1,08
17:35:36,0.13437,215.50,0.40572,11.7613,34.34298,2.89639,4.55242,49.96,0598:11:53,1,08
17:35:37,0.13474,215.50,0.40543,11.77489,34.38269,2.89649,4.55252,49.97,0598:11:54,1,08
17:35:40,0.13486,216.00,0.40578,11.82928,34.5415,2.89649,4.55252,49.96,0598:11:57,1,08
17:35:45,0.13394,215.90,0.40742,11.78849,34.42239,2.89649,4.55252,49.97,0598:12:02,1,08
17:35:46,0.13449,215.80,0.4059,11.78849,34.42239,2.89649,4.55252,49.97,0598:12:03,1,08
17:35:49,0.13332,215.60,0.40965,11.77489,34.38269,2.89649,4.55252,49.97,0598:12:07,1,08
17:35:51,0.13419,215.70,0.40892,11.84288,34.5812,2.89649,4.55252,49.96,0598:12:08,1,08
17:35:54,0.13419,215.60,0.40836,11.81568,34.50179,2.89649,4.55252,49.95,0598:12:12,1,08
17:35:56,0.13468,215.80,0.40645,11.81568,34.50179,2.89649,4.55252,49.96,0598:12:14,1,08
17:35:57,0.13468,215.80,0.40645,11.81568,34.50179,2.89649,4.55252,49.96,0598:12:14,1,08
17:35:58,0.13412,215.70,0.40563,11.7477,34.30328,2.89649,4.55263,49.96,0598:12:15,1,08
17:35:59,0.13437,215.70,0.40675,11.80208,34.46209,2.89649,4.55263,49.96,0598:12:16,1,08
17:36:00,0.13381,215.80,0.40819,11.78849,34.42239,2.89649,4.55263,49.96,0598:12:18,1,08
17:36:02,0.13363,215.70,0.40896,11.78849,34.42239,2.89649,4.55263,49.95,0598:12:19,1,08
17:36:07,0.13431,216.20,0.40637,11.80208,34.46209,2.8966,4.55263,49.97,0598:12:25,1,08
17:36:08,0.13351,216.00,0.40763,11.7613,34.34298,2.8966,4.55263,49.97,0598:12:26,1,08
17:36:09,0.13351,216.00,0.40763,11.7613,34.34298,2.8966,4.55263,49.96,0598:12:26,1,08
17:36:13,0.13419,215.70,0.40798,11.81568,34.50179,2.8966,4.55263,49.96,0598:12:31,1,08
17:36:19,0.13492,215.80,0.4057,11.81568,34.50179,2.8966,4.55273,49.96,0598:12:37,1,08
17:36:20,0.13425,215.90,0.4076,11.81568,34.50179,2.8966,4.55273,49.96,0598:12:38,1,08
17:36:22,0.13425,215.90,0.4076,11.81568,34.50179,2.8966,4.55273,49.96,0598:12:38,1,08
17:36:25,0.134,215.80,0.40742,11.78849,34.42239,2.8966,4.55273,49.97,0598:12:42,1,08
17:36:27,0.13338,216.10,0.40811,11.77489,34.38269,2.8966,4.55273,49.96,0598:12:44,1,08
17:36:28,0.13338,216.10,0.40811,11.77489,34.38269,2.8966,4.55273,49.96,0598:12:44,1,08
17:36:37,0.13381,216.20,0.40836,11.81568,34.50179,2.8966,4.55273,49.97,0598:12:54,1,08
17:36:38,0.13431,216.40,0.40645,11.81568,34.50179,2.8966,4.55273,49.97,0598:12:55,1,08
17:36:40,0.13455,216.20,0.40607,11.81568,34.50179,2.8967,4.55273,49.97,0598:12:57,1,08
17:36:41,0.13449,216.10,0.40561,11.80208,34.46209,2.8967,4.55283,49.97,0598:12:58,1,08
17:36:42,0.13301,216.10,0.40595,11.67971,34.10476,2.8967,4.55283,49.96,0598:12:59,1,08
17:36:45,0.13407,216.30,0.40722,11.81568,34.50179,2.8967,4.55283,49.97,0598:13:02,1,08
17:36:47,0.13431,216.30,0.40599,11.80208,34.46209,2.8967,4.55283,49.96,0598:13:04,1,08
17:36:50,0.13449,216.40,0.4057,11.81568,34.50179,2.8967,4.55283,49.97,0598:13:07,1,08
17:36:54,0.13351,216.30,0.40913,11.81568,34.50179,2.8967,4.55283,49.97,0598:13:11,1,08
17:36:56,0.13388,216.40,0.40713,11.80208,34.46209,2.8967,4.55283,49.96,0598:13:13,1,08
17:36:57,0.13407,216.60,0.40637,11.80208,34.46209,2.8967,4.55283,49.96,0598:13:14,1,08
17:36:58,0.13407,216.50,0.4059,11.78849,34.42239,2.8967,4.55283,49.97,0598:13:15,1,08
17:36:59,0.13345,216.40,0.40922,11.82928,34.5415,2.8967,4.55283,49.97,0598:13:16,1,08
17:37:01,0.13394,216.20,0.40798,11.81568,34.50179,2.8967,4.55283,49.96,0598:13:18,1,08
17:37:03,0.134,216.20,0.40713,11.80208,34.46209,2.8967,4.55293,49.95,0598:13:20,1,08
17:37:04,0.13351,216.40,0.40828,11.80208,34.46209,2.8967,4.55293,49.96,0598:13:21,1,08
17:37:05,0.13449,216.40,0.40523,11.80208,34.46209,2.8967,4.55293,49.96,0598:13:22,1,08
17:37:06,0.13363,216.60,0.40704,11.78849,34.42239,2.8967,4.55293,49.97,0598:13:23,1,08
17:37:07,0.13412,216.60,0.40552,11.78849,34.42239,2.8967,4.55293,49.96,0598:13:24,1,08
17:37:10,0.13301,216.50,0.40943,11.80208,34.46209,2.8968,4.55293,49.96,0598:13:27,1,08
17:37:11,0.13394,216.40,0.41135,11.92446,34.81942,2.8968,4.55293,49.96,0598:13:28,1,08
17:37:16,0.13394,216.30,0.40666,11.78849,34.42239,2.8968,4.55293,49.97,0598:13:33,1,08
17:37:19,0.13522,216.20,0.40288,11.78849,34.42239,2.8968,4.55293,49.96,0598:13:36,1,08
17:37:21,0.13443,216.10,0.40552,11.78849,34.42239,2.8968,4.55293,49.96,0598:13:38,1,08
17:37:22,0.13419,216.00,0.40713,11.80208,34.46209,2.8968,4.55293,49.97,0598:13:39,1,08
17:37:23,0.13376,215.90,0.40443,11.67971,34.10476,2.8968,4.55303,49.97,0598:13:40,1,08
17:37:27,0.13394,216.00,0.40742,11.78849,34.42239,2.8968,4.55303,49.97,0598:13:44,1,08
17:37:28,0.13357,216.10,0.40866,11.80208,34.46209,2.8968,4.55303,49.97,0598:13:45,1,08
17:37:29,0.13357,216.20,0.40819,11.78849,34.42239,2.8968,4.55303,49.97,0598:13:46,1,08
17:37:30,0.13381,216.20,0.40742,11.78849,34.42239,2.8968,4.55303,49.97,0598:13:47,1,08
17:37:31,0.13449,216.10,0.40645,11.81568,34.50179,2.8968,4.55303,49.97,0598:13:48,1,08
17:37:33,0.13394,215.80,0.40828,11.80208,34.46209,2.8968,4.55303,49.97,0598:13:50,1,08
17:37:36,0.13419,215.90,0.40666,11.78849,34.42239,2.8968,4.55303,49.97,0598:13:53,1,08
17:37:37,0.13412,216.00,0.40572,11.7613,34.34298,2.8968,4.55303,49.99,0598:13:54,1,08
17:37:38,0.13407,215.90,0.40939,11.85647,34.6209,2.8968,4.55303,49.99,0598:13:55,1,08
17:37:40,0.13626,216.00,0.41136,12.11481,35.37526,2.8969,4.55303,49.97,0598:13:57,1,08
17:37:42,0.13388,216.30,0.40704,11.78849,34.42239,2.8969,4.55303,49.99,0598:13:59,1,08
17:37:43,0.13394,215.70,0.4064,11.7477,34.30328,2.8969,4.55313,50.00,0598:14:00,1,08
17:37:46,0.13363,216.20,0.40781,11.78849,34.42239,2.8969,4.55313,49.99,0598:14:03,1,08
17:37:47,0.13369,216.20,0.40781,11.78849,34.42239,2.8969,4.55313,49.99,0598:14:04,1,08
17:37:51,0.134,216.20,0.40666,11.78849,34.42239,2.8969,4.55313,50.00,0598:14:08,1,08
17:37:52,0.13381,216.40,0.40751,11.80208,34.46209,2.8969,4.55313,50.00,0598:14:09,1,08
17:37:53,0.13425,216.40,0.40505,11.77489,34.38269,2.8969,4.55313,50.01,0598:14:10,1,08
17:37:54,0.13437,216.40,0.40467,11.77489,34.38269,2.8969,4.55313,50.01,0598:14:11,1,08
17:37:55,0.13351,216.10,0.40772,11.77489,34.38269,2.8969,4.55313,50.03,0598:14:13,1,08
17:37:56,0.134,216.20,0.40713,11.80208,34.46209,2.8969,4.55313,50.03,0598:14:14,1,08
17:37:57,0.134,216.20,0.40713,11.80208,34.46209,2.8969,4.55313,50.03,0598:14:14,1,08
17:37:58,0.13332,216.10,0.40755,11.7477,34.30328,2.8969,4.55313,50.03,0598:14:15,1,08
17:38:00,0.13388,215.80,0.40734,11.77489,34.38269,2.8969,4.55313,50.03,0598:14:17,1,08
17:38:01,0.13338,215.90,0.40888,11.77489,34.38269,2.8969,4.55313,50.03,0598:14:19,1,08
17:38:02,0.13369,216.00,0.40772,11.77489,34.38269,2.8969,4.55313,50.03,0598:14:20,1,08
17:38:05,0.13376,216.00,0.40828,11.80208,34.46209,2.8969,4.55323,50.03,0598:14:22,1,08
17:38:06,0.13351,215.90,0.40896,11.78849,34.42239,2.8969,4.55323,50.03,0598:14:24,1,08
17:38:07,0.13376,215.90,0.40772,11.77489,34.38269,2.8969,4.55323,50.03,0598:14:25,1,08
17:38:13,0.1348,216.10,0.40532,11.81568,34.50179,2.897,4.55323,50.03,0598:14:31,1,08
17:38:15,0.13388,216.20,0.40704,11.78849,34.42239,2.897,4.55323,49.99,0598:14:32,1,08
17:38:16,0.13419,216.30,0.40543,11.77489,34.38269,2.897,4.55323,49.99,0598:14:33,1,08
17:38:20,0.13381,216.40,0.40657,11.77489,34.38269,2.897,4.55323,49.99,0598:14:37,1,08
17:38:21,0.134,216.20,0.40666,11.78849,34.42239,2.897,4.55323,49.99,0598:14:38,1,08
17:38:22,0.134,216.20,0.40666,11.78849,34.42239,2.897,4.55323,49.97,0598:14:38,1,08
17:38:23,0.13474,216.10,0.40523,11.80208,34.46209,2.897,4.55323,49.97,0598:14:39,1,08
17:38:24,0.13412,216.00,0.40713,11.80208,34.46209,2.897,4.55323,49.97,0598:14:41,1,08
17:38:25,0.13394,216.10,0.40376,11.69331,34.14447,2.897,4.55323,49.97,0598:14:42,1,08
17:38:27,0.13419,216.00,0.40581,11.77489,34.38269,2.897,4.55333,49.96,0598:14:44,1,08
17:38:28,0.13419,216.00,0.40581,11.77489,34.38269,2.897,4.55333,49.95,0598:14:44,1,08
17:38:29,0.13443,216.00,0.40496,11.7613,34.34298,2.897,4.55333,49.95,0598:14:45,1,08
17:38:30,0.13449,216.10,0.40701,11.84288,34.5812,2.897,4.55333,49.96,0598:14:47,1,08
17:38:34,0.13351,215.90,0.40896,11.78849,34.42239,2.897,4.55333,49.95,0598:14:50,1,08
17:38:35,0.13326,215.70,0.40595,11.67971,34.10476,2.897,4.55333,49.95,0598:14:52,1,08
17:38:36,0.13357,215.80,0.40943,11.80208,34.46209,2.897,4.55333,49.94,0598:14:53,1,08
17:38:37,0.134,215.80,0.40648,11.7613,34.34298,2.897,4.55333,49.94,0598:14:54,1,08
17:38:38,0.13369,216.00,0.4096,11.82928,34.5415,2.897,4.55333,49.95,0598:14:55,1,08
17:38:42,0.13717,216.00,0.40826,12.10122,35.33555,2.8971,4.55333,49.96,0598:14:59,1,08
17:38:45,0.13357,215.90,0.40669,11.7341,34.26358,2.8971,4.55333,49.96,0598:15:02,1,08
17:38:46,0.13388,215.90,0.40601,11.7477,34.30328,2.8971,4.55333,49.96,0598:15:03,1,08
17:38:47,0.13455,215.80,0.40637,11.80208,34.46209,2.8971,4.55343,49.96,0598:15:04,1,08
17:38:48,0.13522,215.80,0.40875,11.93806,34.85912,2.8971,4.55343,49.97,0598:15:05,1,08
17:38:53,0.13363,216.40,0.40789,11.80208,34.46209,2.8971,4.55343,49.97,0598:15:10,1,08
17:39:00,0.13407,216.50,0.4059,11.78849,34.42239,2.8971,4.55343,49.97,0598:15:17,1,08
17:39:02,0.1332,216.50,0.40858,11.78849,34.42239,2.8971,4.55343,49.97,0598:15:19,1,08
17:39:05,0.13376,216.40,0.40751,11.80208,34.46209,2.8971,4.55343,50.00,0598:15:22,1,08
17:39:09,0.13388,216.50,0.40619,11.77489,34.38269,2.8971,4.55353,50.01,0598:15:26,1,08
17:39:10,0.13431,216.40,0.40552,11.78849,34.42239,2.8971,4.55353,50.01,0598:15:27,1,08
17:39:11,0.13541,216.50,0.40361,11.84288,34.5812,2.8971,4.55353,50.01,0598:15:28,1,08
17:39:14,0.13468,216.70,0.4041,11.80208,34.46209,2.8972,4.55353,50.03,0598:15:31,1,08
17:39:15,0.13419,216.70,0.40514,11.78849,34.42239,2.8972,4.55353,50.03,0598:15:32,1,08
17:39:16,0.13449,216.70,0.40354,11.77489,34.38269,2.8972,4.55353,50.04,0598:15:33,1,08
17:39:19,0.13376,216.60,0.40666,11.78849,34.42239,2.8972,4.55353,50.03,0598:15:36,1,08
17:39:20,0.13498,216.60,0.40288,11.78849,34.42239,2.8972,4.55353,50.03,0598:15:37,1,08
17:39:21,0.13425,216.60,0.40467,11.77489,34.38269,2.8972,4.55353,50.03,0598:15:38,1,08
17:39:23,0.13419,216.60,0.40505,11.77489,34.38269,2.8972,4.55353,50.04,0598:15:40,1,08
17:39:24,0.13381,216.50,0.40666,11.78849,34.42239,2.8972,4.55353,50.03,0598:15:41,1,08
17:39:26,0.13492,216.50,0.40465,11.82928,34.5415,2.8972,4.55353,50.04,0598:15:43,1,08
17:39:27,0.13431,216.50,0.40607,11.81568,34.50179,2.8972,4.55353,50.04,0598:15:44,1,08
17:39:28,0.13394,216.50,0.40675,11.80208,34.46209,2.8972,4.55353,50.04,0598:15:45,1,08
17:39:29,0.134,216.50,0.4059,11.78849,34.42239,2.8972,4.55363,50.04,0598:15:46,1,08
17:39:32,0.13461,216.30,0.40476,11.78849,34.42239,2.8972,4.55363,50.03,0598:15:49,1,08
17:39:34,0.13443,216.20,0.40458,11.7613,34.34298,2.8972,4.55363,50.04,0598:15:51,1,08
17:39:39,0.13425,216.00,0.40581,11.77489,34.38269,2.8972,4.55363,50.01,0598:15:56,1,08
17:39:43,0.13443,215.90,0.40824,11.85647,34.6209,2.89731,4.55363,50.00,0598:16:00,1,08
17:39:45,0.13529,216.10,0.41217,12.06043,35.21645,2.89731,4.55363,50.00,0598:16:02,1,08
17:39:49,0.1348,215.90,0.4057,11.81568,34.50179,2.89731,4.55373,50.00,0598:16:06,1,08
17:39:51,0.1348,216.00,0.40429,11.77489,34.38269,2.89731,4.55373,49.99,0598:16:08,1,08
17:39:54,0.13498,216.00,0.40494,11.81568,34.50179,2.89731,4.55373,50.00,0598:16:11,1,08
17:39:57,0.13535,216.30,0.40297,11.80208,34.46209,2.89731,4.55373,50.00,0598:16:14,1,08
17:40:00,0.13498,216.20,0.40363,11.78849,34.42239,2.89731,4.55373,50.00,0598:16:17,1,08
17:40:04,0.13455,216.10,0.40514,11.78849,34.42239,2.89731,4.55373,50.00,0598:16:21,1,08
17:40:06,0.13431,216.30,0.40318,11.7205,34.22387,2.89731,4.55373,49.99,0598:16:23,1,08
17:40:07,0.13522,216.20,0.40279,11.77489,34.38269,2.89731,4.55373,49.99,0598:16:25,1,08
17:40:09,0.1348,216.20,0.40438,11.78849,34.42239,2.89731,4.55373,49.99,0598:16:26,1,08
17:40:10,0.13572,216.20,0.40278,11.82928,34.5415,2.89731,4.55383,49.99,0598:16:27,1,08
17:40:12,0.13498,216.30,0.4041,11.80208,34.46209,2.89731,4.55383,49.97,0598:16:30,1,08
17:40:19,0.13449,216.30,0.40561,11.80208,34.46209,2.89741,4.55383,49.97,0598:16:36,1,08
17:40:20,0.13437,216.20,0.40271,11.70691,34.18417,2.89741,4.55383,49.97,0598:16:37,1,08
17:40:21,0.13437,216.20,0.40271,11.70691,34.18417,2.89741,4.55383,49.97,0598:16:37,1,08
17:40:23,0.13443,216.20,0.40552,11.78849,34.42239,2.89741,4.55383,49.97,0598:16:39,1,08
17:40:26,0.13565,216.20,0.40176,11.78849,34.42239,2.89741,4.55383,49.97,0598:16:43,1,08
17:40:28,0.13455,215.90,0.40458,11.7613,34.34298,2.89741,4.55383,49.99,0598:16:44,1,08
17:40:29,0.13437,215.90,0.40675,11.80208,34.46209,2.89741,4.55383,49.99,0598:16:45,1,08
17:40:31,0.13511,215.80,0.40447,11.80208,34.46209,2.89741,4.55383,49.99,0598:16:48,1,08
17:40:32,0.13498,215.80,0.40485,11.80208,34.46209,2.89741,4.55394,49.97,0598:16:49,1,08
17:40:33,0.13529,216.60,0.40863,11.97884,34.97823,2.89741,4.55394,49.97,0598:16:49,1,08
17:40:35,0.13332,218.00,0.40178,11.67971,34.10476,2.89741,4.55394,49.99,0598:16:52,1,08
17:40:36,0.13437,217.90,0.40251,11.78849,34.42239,2.89741,4.55394,49.97,0598:16:53,1,08
17:40:37,0.13357,218.00,0.40523,11.80208,34.46209,2.89741,4.55394,49.97,0598:16:54,1,08
17:40:39,0.13363,218.20,0.40401,11.78849,34.42239,2.89741,4.55394,49.99,0598:16:55,1,08
17:40:40,0.13351,218.30,0.40485,11.80208,34.46209,2.89741,4.55394,49.99,0598:16:57,1,08
17:40:42,0.13345,218.30,0.40485,11.80208,34.46209,2.89741,4.55394,49.99,0598:16:59,1,08
17:40:44,0.13357,218.30,0.40494,11.81568,34.50179,2.89741,4.55394,49.99,0598:17:01,1,08
17:40:46,0.13468,218.50,0.40203,11.82928,34.5415,2.89751,4.55394,49.99,0598:17:03,1,08
17:40:47,0.13431,218.50,0.40417,11.87007,34.6606,2.89751,4.55394,49.99,0598:17:04,1,08
17:40:48,0.13602,218.20,0.40614,12.06043,35.21645,2.89751,4.55394,50.01,0598:17:05,1,08
17:40:49,0.13369,218.40,0.4027,11.7613,34.34298,2.89751,4.55394,50.01,0598:17:06,1,08
17:40:51,0.13511,218.20,0.39954,11.78849,34.42239,2.89751,4.55394,50.00,0598:17:08,1,08
17:40:52,0.13419,218.20,0.40251,11.78849,34.42239,2.89751,4.55394,50.01,0598:17:09,1,08
17:40:53,0.13431,218.00,0.40204,11.77489,34.38269,2.89751,4.55404,50.01,0598:17:10,1,08
17:40:55,0.13455,218.10,0.40185,11.80208,34.46209,2.89751,4.55404,50.01,0598:17:12,1,08
17:40:56,0.13388,218.20,0.40372,11.80208,34.46209,2.89751,4.55404,50.03,0598:17:13,1,08
17:40:58,0.1365,217.90,0.40228,11.97884,34.97823,2.89751,4.55404,50.01,0598:17:15,1,08
17:40:59,0.13412,217.90,0.40419,11.81568,34.50179,2.89751,4.55404,50.01,0598:17:16,1,08
17:41:00,0.13541,217.90,0.39954,11.78849,34.42239,2.89751,4.55404,50.00,0598:17:17,1,08
17:41:06,0.13468,217.60,0.39935,11.70691,34.18417,2.89751,4.55404,49.99,0598:17:23,1,08
17:41:07,0.13541,217.70,0.4,11.80208,34.46209,2.89751,4.55404,49.99,0598:17:24,1,08
17:41:09,0.13461,217.80,0.40222,11.80208,34.46209,2.89751,4.55404,49.99,0598:17:26,1,08
17:41:11,0.13449,218.00,0.4026,11.80208,34.46209,2.89751,4.55404,49.97,0598:17:28,1,08
17:41:12,0.13547,218.10,0.40432,11.95165,34.89882,2.89751,4.55404,49.96,0598:17:29,1,08
17:41:13,0.13461,218.10,0.40231,11.81568,34.50179,2.89751,4.55414,49.96,0598:17:30,1,08
17:41:15,0.13388,218.30,0.40233,11.7613,34.34298,2.89751,4.55414,49.96,0598:17:32,1,08
17:41:19,0.13455,218.80,0.40028,11.78849,34.42239,2.89761,4.55414,49.96,0598:17:36,1,08
17:41:20,0.13376,218.70,0.40335,11.80208,34.46209,2.89761,4.55414,49.96,0598:17:37,1,08
17:41:23,0.1348,218.20,0.40157,11.81568,34.50179,2.89761,4.55414,49.96,0598:17:40,1,08
17:41:24,0.13486,218.00,0.40203,11.82928,34.5415,2.89761,4.55414,49.95,0598:17:41,1,08
17:41:29,0.13443,218.10,0.40222,11.80208,34.46209,2.89761,4.55414,49.95,0598:17:46,1,08
17:41:32,0.1348,218.20,0.40157,11.81568,34.50179,2.89761,4.55414,49.94,0598:17:49,1,08
17:41:34,0.13412,218.10,0.40335,11.80208,34.46209,2.89761,4.55424,49.95,0598:17:51,1,08
17:41:35,0.13351,218.00,0.40196,11.70691,34.18417,2.89761,4.55424,49.95,0598:17:52,1,08
17:41:40,0.13486,218.10,0.40018,11.77489,34.38269,2.89761,4.55424,49.97,0598:17:57,1,08
17:41:41,0.13511,218.00,0.40083,11.81568,34.50179,2.89761,4.55424,49.95,0598:17:58,1,08
17:41:43,0.13431,217.90,0.40297,11.80208,34.46209,2.89761,4.55424,49.96,0598:18:00,1,08
17:41:44,0.13381,217.80,0.40159,11.70691,34.18417,2.89761,4.55424,49.96,0598:18:01,1,08
17:41:45,0.13381,217.80,0.40159,11.70691,34.18417,2.89761,4.55424,49.96,0598:18:02,1,08
17:41:46,0.13412,217.80,0.40372,11.80208,34.46209,2.89761,4.55424,49.96,0598:18:03,1,08
17:41:48,0.13351,217.80,0.40561,11.80208,34.46209,2.89771,4.55424,49.96,0598:18:05,1,08
17:41:52,0.13474,217.90,0.40324,11.84288,34.5812,2.89771,4.55424,49.96,0598:18:09,1,08
17:41:55,0.13351,217.50,0.40271,11.70691,34.18417,2.89771,4.55434,49.97,0598:18:12,1,08
17:41:56,0.13474,217.60,0.40306,11.81568,34.50179,2.89771,4.55434,49.97,0598:18:13,1,08
17:41:58,0.134,217.60,0.40447,11.80208,34.46209,2.89771,4.55434,49.96,0598:18:15,1,08
17:42:00,0.13431,217.90,0.40297,11.80208,34.46209,2.89771,4.55434,49.96,0598:18:17,1,08
17:42:03,0.13394,217.90,0.40456,11.81568,34.50179,2.89771,4.55434,49.96,0598:18:20,1,08
17:42:04,0.13412,217.90,0.40465,11.82928,34.5415,2.89771,4.55434,49.96,0598:18:21,1,08
17:42:05,0.13431,217.90,0.40019,11.7205,34.22387,2.89771,4.55434,49.96,0598:18:22,1,08
17:42:07,0.13338,218.00,0.40514,11.78849,34.42239,2.89771,4.55434,49.97,0598:18:24,1,08
17:42:09,0.13443,218.00,0.40213,11.78849,34.42239,2.89771,4.55434,49.96,0598:18:26,1,08
17:42:11,0.13468,218.10,0.40472,11.89726,34.74001,2.89771,4.55434,49.97,0598:18:28,1,08
17:42:12,0.13412,217.90,0.40326,11.78849,34.42239,2.89771,4.55434,49.97,0598:18:29,1,08
17:42:13,0.13425,217.90,0.40335,11.80208,34.46209,2.89771,4.55434,49.97,0598:18:31,1,08
17:42:16,0.13504,217.90,0.40166,11.82928,34.5415,2.89771,4.55434,49.99,0598:18:32,1,08
17:42:17,0.13376,217.90,0.40438,11.78849,34.42239,2.89771,4.55445,49.99,0598:18:33,1,08
17:42:20,0.13431,217.80,0.40242,11.77489,34.38269,2.89781,4.55445,49.99,0598:18:37,1,08
17:42:21,0.13431,217.80,0.40056,11.7205,34.22387,2.89781,4.55445,49.99,0598:18:38,1,08
17:42:22,0.13412,217.90,0.40372,11.80208,34.46209,2.89781,4.55445,50.00,0598:18:38,1,08
17:42:24,0.13394,217.80,0.40447,11.80208,34.46209,2.89781,4.55445,49.99,0598:18:40,1,08
17:42:26,0.13468,218.00,0.40278,11.82928,34.5415,2.89781,4.55445,50.00,0598:18:43,1,08
17:42:27,0.13455,217.90,0.40121,11.7613,34.34298,2.89781,4.55445,50.00,0598:18:44,1,08
17:42:28,0.13437,217.80,0.40288,11.78849,34.42239,2.89781,4.55445,50.00,0598:18:44,1,08
17:42:29,0.13394,217.80,0.40354,11.77489,34.38269,2.89781,4.55445,50.00,0598:18:45,1,08
17:42:31,0.13332,217.70,0.4059,11.78849,34.42239,2.89781,4.55445,50.00,0598:18:48,1,08
17:42:35,0.13425,217.70,0.40372,11.80208,34.46209,2.89781,4.55445,49.99,0598:18:51,1,08
17:42:36,0.13326,217.70,0.40675,11.80208,34.46209,2.89781,4.55445,49.99,0598:18:53,1,08
17:42:37,0.13357,217.60,0.40599,11.80208,34.46209,2.89781,4.55455,49.99,0598:18:54,1,08
17:42:38,0.13326,217.60,0.40722,11.81568,34.50179,2.89781,4.55455,49.99,0598:18:55,1,08
17:42:39,0.13431,217.70,0.40427,11.82928,34.5415,2.89781,4.55455,49.99,0598:18:56,1,08
17:42:40,0.13425,217.90,0.40427,11.82928,34.5415,2.89781,4.55455,49.96,0598:18:56,1,08
17:42:42,0.13314,217.80,0.4044,11.7341,34.26358,2.89781,4.55455,49.95,0598:18:59,1,08
17:42:45,0.13351,217.90,0.40514,11.78849,34.42239,2.89781,4.55455,49.96,0598:19:02,1,08
17:42:48,0.13437,217.80,0.40436,11.84288,34.5812,2.89781,4.55455,49.95,0598:19:05,1,08
17:42:49,0.13431,217.90,0.40297,11.80208,34.46209,2.89791,4.55455,49.95,0598:19:06,1,08
17:42:50,0.13307,218.00,0.403,11.69331,34.14447,2.89791,4.55455,49.96,0598:19:07,1,08
17:42:51,0.13425,218.10,0.4039,11.82928,34.5415,2.89791,4.55455,49.96,0598:19:08,1,08
17:42:52,0.13307,217.70,0.4015,11.63892,33.98566,2.89791,4.55455,49.96,0598:19:08,1,08
17:42:55,0.13614,216.50,0.41052,12.10122,35.33555,2.89791,4.55455,49.95,0598:19:12,1,08
17:42:56,0.13644,216.40,0.41022,12.11481,35.37526,2.89791,4.55455,49.96,0598:19:13,1,08
17:42:59,0.13431,216.20,0.40496,11.7613,34.34298,2.89791,4.55465,49.96,0598:19:16,1,08
17:43:00,0.13357,216.20,0.40866,11.80208,34.46209,2.89791,4.55465,49.95,0598:19:17,1,08
17:43:02,0.13363,216.20,0.40687,11.7613,34.34298,2.89791,4.55465,49.95,0598:19:19,1,08
17:43:03,0.134,215.90,0.40648,11.7613,34.34298,2.89791,4.55465,49.95,0598:19:20,1,08
17:43:05,0.13345,216.00,0.41038,11.82928,34.5415,2.89791,4.55465,49.94,0598:19:22,1,08
17:43:06,0.13363,216.00,0.40866,11.80208,34.46209,2.89791,4.55465,49.95,0598:19:23,1,08
17:43:07,0.13394,216.10,0.40423,11.70691,34.18417,2.89791,4.55465,49.95,0598:19:24,1,08
17:43:09,0.13407,216.40,0.40637,11.80208,34.46209,2.89791,4.55465,49.94,0598:19:26,1,08
17:43:10,0.13412,216.50,0.4059,11.78849,34.42239,2.89791,4.55465,49.94,0598:19:27,1,08
17:43:12,0.13455,216.40,0.4071,11.85647,34.6209,2.89791,4.55465,49.96,0598:19:29,1,08
17:43:15,0.13437,216.40,0.40607,11.81568,34.50179,2.89791,4.55465,49.95,0598:19:32,1,08
17:43:16,0.1332,216.40,0.40613,11.70691,34.18417,2.89791,4.55465,49.95,0598:19:33,1,08
17:43:17,0.13388,216.20,0.4061,11.7613,34.34298,2.89791,4.55465,49.95,0598:19:34,1,08
17:43:19,0.13394,216.20,0.40666,11.78849,34.42239,2.89801,4.55475,49.94,0598:19:36,1,08
17:43:20,0.13381,216.30,0.40704,11.78849,34.42239,2.89801,4.55475,49.95,0598:19:37,1,08
17:43:22,0.1348,216.30,0.40494,11.81568,34.50179,2.89801,4.55475,49.95,0598:19:39,1,08
17:43:25,0.13394,216.10,0.4061,11.7613,34.34298,2.89801,4.55475,49.95,0598:19:42,1,08
17:43:26,0.13455,216.20,0.40514,11.78849,34.42239,2.89801,4.55475,49.95,0598:19:43,1,08
17:43:28,0.13437,216.00,0.40543,11.77489,34.38269,2.89801,4.55475,49.95,0598:19:45,1,08
17:43:33,0.13388,215.50,0.4049,11.69331,34.14447,2.89801,4.55475,49.96,0598:19:50,1,08
17:43:34,0.13388,215.50,0.4049,11.69331,34.14447,2.89801,4.55475,49.96,0598:19:51,1,08
17:43:37,0.13363,215.60,0.40943,11.80208,34.46209,2.89801,4.55475,49.95,0598:19:54,1,08
17:43:40,0.134,216.00,0.40845,11.82928,34.5415,2.89801,4.55485,49.96,0598:19:57,1,08
17:43:41,0.13376,216.10,0.40875,11.81568,34.50179,2.89801,4.55485,49.96,0598:19:58,1,08
17:43:44,0.13332,216.10,0.40896,11.78849,34.42239,2.89801,4.55485,49.95,0598:20:01,1,08
17:43:45,0.13332,216.10,0.40896,11.78849,34.42239,2.89801,4.55485,49.95,0598:20:02,1,08
17:43:46,0.13338,216.00,0.40802,11.7613,34.34298,2.89801,4.55485,49.96,0598:20:03,1,08
17:43:47,0.13394,216.00,0.40789,11.80208,34.46209,2.89801,4.55485,49.95,0598:20:04,1,08
17:43:48,0.13376,215.80,0.40819,11.78849,34.42239,2.89801,4.55485,49.95,0598:20:05,1,08
17:43:51,0.13357,215.90,0.40858,11.78849,34.42239,2.89812,4.55485,49.96,0598:20:08,1,08
17:43:52,0.13283,215.80,0.41232,11.82928,34.5415,2.89812,4.55485,49.95,0598:20:09,1,08
17:43:53,0.13251,216.00,0.40978,11.7341,34.26358,2.89812,4.55485,49.96,0598:20:10,1,08
17:43:56,0.13626,216.10,0.40997,12.07402,35.25615,2.89812,4.55485,49.95,0598:20:13,1,08
17:43:57,0.13626,216.10,0.40997,12.07402,35.25615,2.89812,4.55485,49.95,0598:20:14,1,08
17:44:02,0.13338,216.40,0.40866,11.80208,34.46209,2.89812,4.55495,49.99,0598:20:19,1,08
17:44:03,0.13338,216.40,0.40866,11.80208,34.46209,2.89812,4.55495,49.99,0598:20:20,1,08
17:44:05,0.13357,216.40,0.40687,11.7613,34.34298,2.89812,4.55495,50.01,0598:20:22,1,08
17:44:06,0.13376,216.20,0.40742,11.78849,34.42239,2.89812,4.55495,50.01,0598:20:23,1,08
17:44:08,0.13394,216.20,0.40619,11.77489,34.38269,2.89812,4.55495,50.00,0598:20:26,1,08
17:44:11,0.13425,216.40,0.40739,11.84288,34.5812,2.89812,4.55495,50.03,0598:20:28,1,08
17:44:13,0.13326,216.50,0.40819,11.78849,34.42239,2.89812,4.55495,50.04,0598:20:30,1,08
17:44:16,0.13376,216.50,0.40657,11.77489,34.38269,2.89812,4.55495,50.03,0598:20:32,1,08
17:44:17,0.13369,216.40,0.40657,11.77489,34.38269,2.89812,4.55495,50.03,0598:20:33,1,08
17:44:18,0.13376,216.40,0.4061,11.7613,34.34298,2.89812,4.55495,50.03,0598:20:34,1,08
17:44:19,0.13381,216.10,0.40648,11.7613,34.34298,2.89812,4.55495,50.03,0598:20:35,1,08
17:44:20,0.13412,216.00,0.40572,11.7613,34.34298,2.89812,4.55495,50.04,0598:20:37,1,08
17:44:21,0.13376,216.20,0.40789,11.80208,34.46209,2.89822,4.55495,50.04,0598:20:38,1,08
17:44:25,0.13357,216.10,0.40725,11.7613,34.34298,2.89822,4.55505,50.01,0598:20:41,1,08
17:44:26,0.13412,216.10,0.40666,11.78849,34.42239,2.89822,4.55505,50.00,0598:20:43,1,08
17:44:27,0.13431,216.10,0.4059,11.78849,34.42239,2.89822,4.55505,50.00,0598:20:44,1,08
17:44:28,0.13357,216.20,0.40819,11.78849,34.42239,2.89822,4.55505,50.01,0598:20:44,1,08
17:44:31,0.13345,215.80,0.40849,11.77489,34.38269,2.89822,4.55505,50.00,0598:20:48,1,08
17:44:32,0.13338,215.90,0.4084,11.7613,34.34298,2.89822,4.55505,49.99,0598:20:49,1,08
17:44:34,0.13412,216.20,0.40675,11.80208,34.46209,2.89822,4.55505,49.99,0598:20:50,1,08
17:44:35,0.1332,216.30,0.40896,11.78849,34.42239,2.89822,4.55505,49.99,0598:20:51,1,08
17:44:37,0.134,216.30,0.40628,11.78849,34.42239,2.89822,4.55505,49.97,0598:20:54,1,08
17:44:38,0.13419,216.30,0.40684,11.81568,34.50179,2.89822,4.55505,49.97,0598:20:55,1,08
17:44:39,0.13388,216.20,0.40516,11.7341,34.26358,2.89822,4.55505,49.97,0598:20:55,1,08
17:44:41,0.13455,216.00,0.40645,11.81568,34.50179,2.89822,4.55505,49.96,0598:20:57,1,08
17:44:44,0.13449,216.50,0.40476,11.78849,34.42239,2.89822,4.55515,49.95,0598:21:01,1,08
17:44:45,0.13376,216.60,0.4076,11.81568,34.50179,2.89822,4.55515,49.95,0598:21:02,1,08
17:44:46,0.13425,216.40,0.40505,11.77489,34.38269,2.89822,4.55515,49.94,0598:21:02,1,08
17:44:47,0.13547,216.50,0.40361,11.84288,34.5812,2.89822,4.55515,49.94,0598:21:03,1,08
17:44:48,0.13388,216.40,0.40244,11.66612,34.06506,2.89822,4.55515,49.96,0598:21:05,1,08
17:44:50,0.13351,216.30,0.40687,11.7613,34.34298,2.89822,4.55515,49.96,0598:21:07,1,08
17:44:51,0.13314,216.40,0.40943,11.80208,34.46209,2.89822,4.55515,49.96,0598:21:08,1,08
17:44:54,0.13251,216.40,0.41137,11.80208,34.46209,2.89832,4.55515,49.96,0598:21:11,1,08
17:44:56,0.13257,216.20,0.41176,11.80208,34.46209,2.89832,4.55515,49.96,0598:21:13,1,08
17:44:58,0.13345,215.80,0.40708,11.7341,34.26358,2.89832,4.55515,49.95,0598:21:14,1,08
17:45:00,0.13522,215.90,0.41341,12.07402,35.25615,2.89832,4.55515,49.96,0598:21:17,1,08
17:45:02,0.13283,215.90,0.40995,11.7613,34.34298,2.89832,4.55515,49.97,0598:21:19,1,08
17:45:05,0.13276,215.70,0.41216,11.80208,34.46209,2.89832,4.55526,49.95,0598:21:22,1,08
17:45:07,0.13264,215.70,0.40836,11.69331,34.14447,2.89832,4.55526,49.96,0598:21:24,1,08
17:45:10,0.1317,215.70,0.41483,11.78849,34.42239,2.89832,4.55526,49.95,0598:21:27,1,08
17:45:16,0.1332,215.50,0.40862,11.7341,34.26358,2.89832,4.55526,49.95,0598:21:33,1,08
17:45:17,0.13455,215.30,0.40994,11.88367,34.70031,2.89832,4.55526,49.95,0598:21:34,1,08
17:45:19,0.13214,215.50,0.41412,11.80208,34.46209,2.89832,4.55526,49.95,0598:21:36,1,08
17:45:20,0.13233,215.90,0.41342,11.81568,34.50179,2.89832,4.55526,49.96,0598:21:37,1,08
17:45:22,0.13345,216.10,0.40905,11.80208,34.46209,2.89832,4.55526,49.96,0598:21:39,1,08
17:45:25,0.13246,215.10,0.40983,11.67971,34.10476,2.89842,4.55526,49.96,0598:21:42,1,08
17:45:27,0.13381,215.30,0.41085,11.84288,34.5812,2.89842,4.55536,49.95,0598:21:44,1,08
17:45:28,0.13381,215.30,0.41085,11.84288,34.5812,2.89842,4.55536,49.95,0598:21:45,1,08
17:45:29,0.13314,215.40,0.41043,11.77489,34.38269,2.89842,4.55536,49.95,0598:21:46,1,08
17:45:32,0.13202,215.20,0.41483,11.78849,34.42239,2.89842,4.55536,49.95,0598:21:49,1,08
17:45:36,0.13425,214.80,0.40811,11.77489,34.38269,2.89842,4.55536,49.96,0598:21:53,1,08
17:45:37,0.13338,214.90,0.4109,11.78849,34.42239,2.89842,4.55536,49.96,0598:21:54,1,08
17:45:38,0.13351,214.90,0.40956,11.7613,34.34298,2.89842,4.55536,49.96,0598:21:55,1,08
17:45:39,0.13388,215.00,0.40935,11.78849,34.42239,2.89842,4.55536,49.95,0598:21:56,1,08
17:45:40,0.13388,215.00,0.40935,11.78849,34.42239,2.89842,4.55536,49.95,0598:21:57,1,08
17:45:41,0.13276,214.90,0.41238,11.77489,34.38269,2.89842,4.55536,49.95,0598:21:58,1,08
17:45:43,0.13301,214.80,0.41246,11.78849,34.42239,2.89842,4.55536,49.95,0598:22:00,1,08
17:45:46,0.13369,215.00,0.41012,11.78849,34.42239,2.89842,4.55536,49.96,0598:22:03,1,08
17:45:47,0.13288,215.10,0.41151,11.7613,34.34298,2.89842,4.55536,49.96,0598:22:04,1,08
17:45:48,0.13338,215.10,0.41043,11.77489,34.38269,2.89842,4.55546,49.96,0598:22:05,1,08
17:45:50,0.13332,215.30,0.41146,11.81568,34.50179,2.89842,4.55546,49.97,0598:22:07,1,08
17:45:51,0.13332,215.30,0.41146,11.81568,34.50179,2.89842,4.55546,49.97,0598:22:08,1,08
17:45:52,0.1332,215.30,0.4109,11.78849,34.42239,2.89842,4.55546,49.97,0598:22:09,1,08
17:45:53,0.13412,215.40,0.40875,11.81568,34.50179,2.89852,4.55546,49.97,0598:22:10,1,08
17:45:54,0.13381,215.40,0.40849,11.77489,34.38269,2.89852,4.55546,49.97,0598:22:11,1,08
17:45:55,0.13301,215.40,0.40797,11.69331,34.14447,2.89852,4.55546,49.97,0598:22:12,1,08
17:45:56,0.13394,215.30,0.40763,11.7613,34.34298,2.89852,4.55546,49.97,0598:22:13,1,08
17:45:57,0.13394,215.30,0.40763,11.7613,34.34298,2.89852,4.55546,49.97,0598:22:14,1,08
17:45:58,0.13498,215.00,0.4059,11.78849,34.42239,2.89852,4.55546,49.96,0598:22:15,1,08
17:45:59,0.13437,215.00,0.40687,11.7613,34.34298,2.89852,4.55546,49.97,0598:22:16,1,08
17:46:00,0.1332,214.90,0.41026,11.7477,34.30328,2.89852,4.55546,49.97,0598:22:17,1,08
17:46:01,0.134,214.80,0.41029,11.81568,34.50179,2.89852,4.55546,49.97,0598:22:18,1,08
17:46:03,0.13595,214.70,0.40905,12.06043,35.21645,2.89852,4.55546,49.97,0598:22:20,1,08
17:46:04,0.13314,214.90,0.41112,11.7613,34.34298,2.89852,4.55546,49.97,0598:22:21,1,08
17:46:05,0.13314,214.80,0.4116,11.77489,34.38269,2.89852,4.55546,49.97,0598:22:22,1,08
17:46:06,0.13345,214.80,0.41176,11.80208,34.46209,2.89852,4.55546,49.97,0598:22:23,1,08
17:46:10,0.13283,214.50,0.41174,11.7341,34.26358,2.89852,4.55556,49.99,0598:22:27,1,08
17:46:14,0.13363,214.70,0.40995,11.7613,34.34298,2.89852,4.55556,49.99,0598:22:30,1,08
17:46:18,0.13425,215.40,0.40742,11.78849,34.42239,2.89852,4.55556,49.99,0598:22:34,1,08
17:46:19,0.1332,215.30,0.4109,11.78849,34.42239,2.89852,4.55556,49.99,0598:22:35,1,08
17:46:24,0.13338,215.20,0.41051,11.78849,34.42239,2.89852,4.55556,49.97,0598:22:40,1,08
17:46:25,0.13332,215.30,0.41146,11.81568,34.50179,2.89862,4.55556,49.97,0598:22:41,1,08
17:46:26,0.1322,215.50,0.40983,11.67971,34.10476,2.89862,4.55556,49.96,0598:22:43,1,08
17:46:27,0.13307,215.60,0.41051,11.78849,34.42239,2.89862,4.55556,49.96,0598:22:43,1,08
17:46:28,0.13363,215.80,0.40858,11.78849,34.42239,2.89862,4.55556,49.96,0598:22:44,1,08
17:46:29,0.13295,216.00,0.41051,11.78849,34.42239,2.89862,4.55556,49.96,0598:22:45,1,08
17:46:31,0.13251,216.10,0.41168,11.78849,34.42239,2.89862,4.55566,49.96,0598:22:48,1,08
17:46:32,0.1332,216.20,0.40935,11.78849,34.42239,2.89862,4.55566,49.96,0598:22:49,1,08
17:46:33,0.13357,216.20,0.40866,11.80208,34.46209,2.89862,4.55566,49.96,0598:22:49,1,08
17:46:34,0.13288,216.10,0.41098,11.80208,34.46209,2.89862,4.55566,49.95,0598:22:50,1,08
17:46:37,0.13394,216.00,0.4093,11.84288,34.5812,2.89862,4.55566,49.95,0598:22:54,1,08
17:46:40,0.13301,215.70,0.4109,11.78849,34.42239,2.89862,4.55566,49.95,0598:22:56,1,08
17:46:41,0.13288,215.60,0.41082,11.77489,34.38269,2.89862,4.55566,49.95,0598:22:57,1,08
17:46:43,0.13345,215.70,0.41076,11.82928,34.5415,2.89862,4.55566,49.96,0598:23:00,1,08
17:46:44,0.13357,215.60,0.4084,11.7613,34.34298,2.89862,4.55566,49.95,0598:23:01,1,08
17:46:45,0.13295,215.50,0.40797,11.69331,34.14447,2.89862,4.55566,49.95,0598:23:01,1,08
17:46:47,0.13381,215.50,0.40905,11.80208,34.46209,2.89862,4.55566,49.95,0598:23:03,1,08
17:46:50,0.13307,215.90,0.41107,11.81568,34.50179,2.89862,4.55566,49.95,0598:23:07,1,08
17:46:52,0.13326,215.80,0.41068,11.81568,34.50179,2.89862,4.55566,49.96,0598:23:08,1,08
17:46:53,0.13332,215.60,0.40737,11.7205,34.22387,2.89862,4.55576,49.96,0598:23:10,1,08
17:46:54,0.13332,215.60,0.40926,11.77489,34.38269,2.89862,4.55576,49.95,0598:23:11,1,08
17:46:55,0.1327,215.70,0.41121,11.77489,34.38269,2.89872,4.55576,49.95,0598:23:12,1,08
17:46:58,0.13314,215.90,0.41012,11.78849,34.42239,2.89872,4.55576,49.96,0598:23:14,1,08
17:47:02,0.13233,215.60,0.41095,11.7341,34.26358,2.89872,4.55576,49.96,0598:23:19,1,08
17:47:04,0.13307,215.70,0.41146,11.81568,34.50179,2.89872,4.55576,49.96,0598:23:21,1,08
17:47:05,0.13345,215.80,0.40935,11.78849,34.42239,2.89872,4.55576,49.96,0598:23:22,1,08
17:47:07,0.13369,215.70,0.40952,11.81568,34.50179,2.89872,4.55576,49.96,0598:23:24,1,08
17:47:08,0.13264,215.90,0.41168,11.78849,34.42239,2.89872,4.55576,49.95,0598:23:24,1,08
17:47:09,0.13196,215.80,0.41412,11.80208,34.46209,2.89872,4.55576,49.95,0598:23:25,1,08
17:47:11,0.13314,215.50,0.41098,11.80208,34.46209,2.89872,4.55576,49.95,0598:23:28,1,08
17:47:16,0.13288,216.20,0.40965,11.77489,34.38269,2.89872,4.55586,49.95,0598:23:33,1,08
17:47:19,0.13332,215.80,0.41163,11.84288,34.5812,2.89872,4.55586,49.96,0598:23:36,1,08
17:47:20,0.13332,215.80,0.41163,11.84288,34.5812,2.89872,4.55586,49.96,0598:23:36,1,08
17:47:22,0.13283,216.10,0.41098,11.80208,34.46209,2.89872,4.55586,49.95,0598:23:39,1,08
17:47:23,0.13276,216.30,0.41107,11.81568,34.50179,2.89872,4.55586,49.95,0598:23:40,1,08
17:47:24,0.13246,216.80,0.41012,11.78849,34.42239,2.89872,4.55586,49.95,0598:23:41,1,08
17:47:26,0.13183,216.90,0.41255,11.80208,34.46209,2.89882,4.55586,49.95,0598:23:43,1,08
17:47:27,0.1312,216.80,0.41491,11.80208,34.46209,2.89882,4.55586,49.95,0598:23:44,1,08
17:47:32,0.13295,216.10,0.4106,11.80208,34.46209,2.89882,4.55586,49.95,0598:23:49,1,08
17:47:33,0.13257,216.10,0.41082,11.77489,34.38269,2.89882,4.55586,49.95,0598:23:50,1,08
17:47:35,0.13233,216.40,0.41311,11.82928,34.5415,2.89882,4.55596,49.95,0598:23:52,1,08
17:47:37,0.13251,216.40,0.41137,11.80208,34.46209,2.89882,4.55596,49.95,0598:23:54,1,08
17:47:38,0.13251,216.40,0.41137,11.80208,34.46209,2.89882,4.55596,49.95,0598:23:55,1,08
17:47:39,0.13345,216.20,0.40866,11.80208,34.46209,2.89882,4.55596,49.95,0598:23:56,1,08
17:47:40,0.13226,216.00,0.40818,11.66612,34.06506,2.89882,4.55596,49.95,0598:23:57,1,08
17:47:42,0.13307,215.80,0.41107,11.81568,34.50179,2.89882,4.55596,49.96,0598:23:59,1,08
17:47:43,0.13301,216.10,0.41068,11.81568,34.50179,2.89882,4.55596,49.95,0598:24:00,1,08
17:47:44,0.13301,216.10,0.41068,11.81568,34.50179,2.89882,4.55596,49.95,0598:24:01,1,08
17:47:45,0.13226,216.50,0.41271,11.82928,34.5415,2.89882,4.55596,49.95,0598:24:02,1,08
17:47:48,0.13202,216.00,0.41325,11.78849,34.42239,2.89882,4.55596,49.95,0598:24:05,1,08
17:47:51,0.13314,216.00,0.41068,11.81568,34.50179,2.89882,4.55596,49.95,0598:24:08,1,08
17:47:54,0.13246,216.60,0.41146,11.81568,34.50179,2.89882,4.55596,49.95,0598:24:11,1,08
17:47:55,0.13151,216.60,0.4146,11.81568,34.50179,2.89882,4.55596,49.95,0598:24:12,1,08
17:47:56,0.13151,216.60,0.4146,11.81568,34.50179,2.89882,4.55596,49.95,0598:24:13,1,08
17:47:57,0.13264,216.30,0.41193,11.82928,34.5415,2.89893,4.55606,49.95,0598:24:14,1,08
17:47:59,0.13145,216.40,0.41309,11.7613,34.34298,2.89893,4.55606,49.95,0598:24:16,1,08
17:48:00,0.13145,216.50,0.41452,11.80208,34.46209,2.89893,4.55606,49.95,0598:24:17,1,08
17:48:03,0.13226,216.50,0.41224,11.81568,34.50179,2.89893,4.55606,49.96,0598:24:20,1,08
17:48:04,0.13239,216.70,0.41185,11.81568,34.50179,2.89893,4.55606,49.95,0598:24:21,1,08
17:48:05,0.13239,216.70,0.41137,11.80208,34.46209,2.89893,4.55606,49.94,0598:24:22,1,08
17:48:06,0.13239,216.70,0.41137,11.80208,34.46209,2.89893,4.55606,49.94,0598:24:23,1,08
17:48:07,0.13246,216.70,0.41098,11.80208,34.46209,2.89893,4.55606,49.95,0598:24:24,1,08
17:48:09,0.1362,217.00,0.40984,12.11481,35.37526,2.89893,4.55606,49.96,0598:24:26,1,08
17:48:12,0.13662,217.00,0.40651,12.06043,35.21645,2.89893,4.55606,49.96,0598:24:28,1,08
17:48:16,0.13535,216.80,0.40231,11.81568,34.50179,2.89893,4.55606,49.95,0598:24:32,1,08
17:48:17,0.13492,216.80,0.40381,11.81568,34.50179,2.89893,4.55606,49.95,0598:24:33,1,08
17:48:18,0.13376,216.70,0.40628,11.78849,34.42239,2.89893,4.55606,49.96,0598:24:34,1,08
17:48:19,0.13283,216.80,0.40699,11.7205,34.22387,2.89893,4.55617,49.96,0598:24:35,1,08
17:48:20,0.13264,216.90,0.41021,11.80208,34.46209,2.89893,4.55617,49.95,0598:24:36,1,08
17:48:22,0.13363,217.00,0.40675,11.80208,34.46209,2.89893,4.55617,49.96,0598:24:38,1,08
17:48:24,0.13314,217.10,0.40836,11.81568,34.50179,2.89893,4.55617,49.96,0598:24:40,1,08
17:48:25,0.13233,217.00,0.41051,11.78849,34.42239,2.89893,4.55617,49.96,0598:24:41,1,08
17:48:26,0.13295,216.90,0.40905,11.80208,34.46209,2.89893,4.55617,49.96,0598:24:42,1,08
17:48:28,0.1322,216.90,0.41185,11.81568,34.50179,2.89903,4.55617,49.97,0598:24:44,1,08
17:48:30,0.13226,217.00,0.41098,11.80208,34.46209,2.89903,4.55617,49.96,0598:24:46,1,08
17:48:33,0.13226,217.10,0.41051,11.78849,34.42239,2.89903,4.55617,49.96,0598:24:49,1,08
17:48:34,0.13276,217.20,0.40905,11.80208,34.46209,2.89903,4.55617,49.97,0598:24:50,1,08
17:48:37,0.13264,217.00,0.41029,11.81568,34.50179,2.89903,4.55617,49.96,0598:24:54,1,08
17:48:39,0.13257,216.90,0.41068,11.81568,34.50179,2.89903,4.55617,49.97,0598:24:55,1,08
17:48:40,0.13264,217.10,0.40982,11.80208,34.46209,2.89903,4.55627,49.97,0598:24:56,1,08
17:48:41,0.13288,217.30,0.40584,11.7205,34.22387,2.89903,4.55627,49.97,0598:24:57,1,08
17:48:42,0.13233,217.30,0.40879,11.7613,34.34298,2.89903,4.55627,49.97,0598:24:58,1,08
17:48:43,0.13314,217.20,0.40836,11.81568,34.50179,2.89903,4.55627,49.97,0598:25:00,1,08
17:48:45,0.13443,217.10,0.40456,11.81568,34.50179,2.89903,4.55627,49.96,0598:25:01,1,08
17:48:49,0.13338,217.50,0.40722,11.81568,34.50179,2.89903,4.55627,49.99,0598:25:06,1,08
17:48:50,0.13326,217.40,0.40619,11.77489,34.38269,2.89903,4.55627,49.97,0598:25:07,1,08
17:48:52,0.13301,217.30,0.40922,11.82928,34.5415,2.89903,4.55627,49.97,0598:25:08,1,08
17:48:53,0.13189,217.10,0.41034,11.7613,34.34298,2.89903,4.55627,49.97,0598:25:09,1,08
17:48:55,0.13338,216.90,0.40508,11.7205,34.22387,2.89903,4.55627,49.97,0598:25:12,1,08
17:48:58,0.13295,217.00,0.40905,11.80208,34.46209,2.89903,4.55627,49.97,0598:25:14,1,08
17:48:59,0.13251,216.90,0.40918,11.7613,34.34298,2.89913,4.55627,49.97,0598:25:15,1,08
17:49:08,0.13363,217.40,0.40645,11.81568,34.50179,2.89913,4.55637,49.96,0598:25:25,1,08
17:49:09,0.13363,217.40,0.40645,11.81568,34.50179,2.89913,4.55637,49.96,0598:25:25,1,08
17:49:11,0.13276,217.30,0.40858,11.78849,34.42239,2.89913,4.55637,49.96,0598:25:28,1,08
17:49:12,0.13553,217.00,0.41497,12.20999,35.65317,2.89913,4.55637,49.96,0598:25:29,1,08
17:49:13,0.13332,216.80,0.40414,11.69331,34.14447,2.89913,4.55637,49.96,0598:25:30,1,08
17:49:16,0.13345,216.90,0.40845,11.82928,34.5415,2.89913,4.55637,49.96,0598:25:33,1,08
17:49:18,0.1332,217.30,0.40751,11.80208,34.46209,2.89913,4.55637,49.96,0598:25:35,1,08
17:49:19,0.13314,217.30,0.40836,11.81568,34.50179,2.89913,4.55637,49.96,0598:25:36,1,08
17:49:20,0.13283,217.20,0.40905,11.80208,34.46209,2.89913,4.55637,49.95,0598:25:37,1,08
17:49:22,0.13257,217.20,0.41076,11.82928,34.5415,2.89913,4.55637,49.97,0598:25:39,1,08
17:49:23,0.13226,217.00,0.40767,11.70691,34.18417,2.89913,4.55647,49.97,0598:25:40,1,08
17:49:24,0.13338,217.10,0.40666,11.78849,34.42239,2.89913,4.55647,49.95,0598:25:41,1,08
17:49:26,0.1332,217.20,0.40742,11.78849,34.42239,2.89913,4.55647,49.96,0598:25:43,1,08
17:49:27,0.1332,217.20,0.40742,11.78849,34.42239,2.89913,4.55647,49.96,0598:25:44,1,08
17:49:28,0.13307,217.20,0.40875,11.81568,34.50179,2.89913,4.55647,49.96,0598:25:45,1,08
17:49:31,0.13257,216.70,0.41107,11.81568,34.50179,2.89923,4.55647,49.96,0598:25:48,1,08
17:49:32,0.13357,216.70,0.40704,11.78849,34.42239,2.89923,4.55647,49.96,0598:25:49,1,08
17:49:33,0.13357,216.70,0.40704,11.78849,34.42239,2.89923,4.55647,49.96,0598:25:50,1,08
17:49:34,0.1327,216.80,0.4069,11.70691,34.18417,2.89923,4.55647,49.96,0598:25:51,1,08
17:49:37,0.1362,216.70,0.41068,12.12841,35.41496,2.89923,4.55647,49.96,0598:25:54,1,08
17:49:39,0.13431,216.70,0.41223,12.00604,35.05763,2.89923,4.55647,49.96,0598:25:56,1,08
17:49:42,0.13332,216.90,0.40789,11.80208,34.46209,2.89923,4.55647,49.97,0598:25:59,1,08
17:49:43,0.13246,216.90,0.40965,11.77489,34.38269,2.89923,4.55647,49.97,0598:26:00,1,08
17:49:44,0.1327,216.80,0.41029,11.81568,34.50179,2.89923,4.55658,49.97,0598:26:01,1,08
17:49:45,0.13226,216.90,0.41051,11.78849,34.42239,2.89923,4.55658,49.97,0598:26:02,1,08
17:49:46,0.13276,217.00,0.40991,11.81568,34.50179,2.89923,4.55658,49.99,0598:26:03,1,08
17:49:51,0.13283,216.90,0.40849,11.77489,34.38269,2.89923,4.55658,50.01,0598:26:08,1,08
17:49:52,0.13288,216.90,0.40952,11.81568,34.50179,2.89923,4.55658,50.00,0598:26:09,1,08
17:49:55,0.1327,217.10,0.40896,11.78849,34.42239,2.89923,4.55658,49.99,0598:26:12,1,08
17:49:57,0.13251,217.20,0.40982,11.80208,34.46209,2.89923,4.55658,49.99,0598:26:14,1,08
17:49:58,0.13326,217.20,0.40704,11.78849,34.42239,2.89923,4.55658,50.00,0598:26:15,1,08
17:50:02,0.13288,216.90,0.40943,11.80208,34.46209,2.89933,4.55658,49.99,0598:26:18,1,08
17:50:05,0.1327,217.00,0.40935,11.78849,34.42239,2.89933,4.55658,49.97,0598:26:21,1,08
17:50:08,0.13326,217.10,0.40789,11.80208,34.46209,2.89933,4.55668,49.97,0598:26:24,1,08
17:50:09,0.13264,217.00,0.41029,11.81568,34.50179,2.89933,4.55668,49.97,0598:26:25,1,08
17:50:10,0.13295,217.00,0.40913,11.81568,34.50179,2.89933,4.55668,49.97,0598:26:26,1,08
17:50:13,0.13189,216.70,0.40866,11.67971,34.10476,2.89933,4.55668,49.96,0598:26:29,1,08
17:50:15,0.13486,216.90,0.41496,12.14201,35.45466,2.89933,4.55668,49.97,0598:26:31,1,08
17:50:16,0.13345,217.10,0.40854,11.84288,34.5812,2.89933,4.55668,49.95,0598:26:32,1,08
17:50:17,0.13251,217.40,0.40991,11.81568,34.50179,2.89933,4.55668,49.95,0598:26:33,1,08
17:50:18,0.13251,217.50,0.40905,11.80208,34.46209,2.89933,4.55668,49.95,0598:26:34,1,08
17:50:20,0.13351,217.60,0.40599,11.80208,34.46209,2.89933,4.55668,49.96,0598:26:36,1,08
17:50:22,0.1317,217.50,0.41082,11.77489,34.38269,2.89933,4.55668,49.95,0598:26:38,1,08
17:50:23,0.1317,217.40,0.40836,11.69331,34.14447,2.89933,4.55668,49.95,0598:26:39,1,08
17:50:24,0.13239,217.40,0.41029,11.81568,34.50179,2.89933,4.55668,49.94,0598:26:40,1,08
17:50:27,0.13183,217.60,0.41137,11.80208,34.46209,2.89933,4.55668,49.95,0598:26:43,1,08
17:50:29,0.13226,217.60,0.41029,11.81568,34.50179,2.89933,4.55678,49.95,0598:26:45,1,08
17:50:30,0.13246,217.40,0.40896,11.78849,34.42239,2.89933,4.55678,49.95,0598:26:46,1,08
17:50:31,0.13207,217.30,0.41193,11.82928,34.5415,2.89943,4.55678,49.95,0598:26:47,1,08
17:50:33,0.13183,217.30,0.41082,11.77489,34.38269,2.89943,4.55678,49.95,0598:26:49,1,08
17:50:34,0.13214,217.30,0.41098,11.80208,34.46209,2.89943,4.55678,49.96,0598:26:50,1,08
17:50:35,0.13314,217.30,0.40789,11.80208,34.46209,2.89943,4.55678,49.96,0598:26:51,1,08
17:50:39,0.13196,217.30,0.41137,11.80208,34.46209,2.89943,4.55678,49.95,0598:26:55,1,08
17:50:40,0.1322,217.20,0.41146,11.81568,34.50179,2.89943,4.55678,49.96,0598:26:56,1,08
17:50:41,0.13177,217.10,0.41263,11.81568,34.50179,2.89943,4.55678,49.96,0598:26:57,1,08
17:50:42,0.13139,216.90,0.40991,11.69331,34.14447,2.89943,4.55678,49.95,0598:26:58,1,08
17:50:43,0.13196,216.90,0.41073,11.7613,34.34298,2.89943,4.55678,49.95,0598:27:00,1,08
17:50:45,0.1322,216.90,0.40995,11.7613,34.34298,2.89943,4.55678,49.95,0598:27:01,1,08
17:50:47,0.13189,217.00,0.41216,11.80208,34.46209,2.89943,4.55678,49.95,0598:27:03,1,08
17:50:48,0.13246,217.10,0.41068,11.81568,34.50179,2.89943,4.55678,49.96,0598:27:05,1,08
17:50:49,0.13264,216.90,0.40935,11.78849,34.42239,2.89943,4.55688,49.96,0598:27:06,1,08
17:50:53,0.13202,216.50,0.41017,11.7341,34.26358,2.89943,4.55688,49.96,0598:27:10,1,08
17:50:54,0.13338,216.50,0.40819,11.78849,34.42239,2.89943,4.55688,49.95,0598:27:11,1,08
17:50:56,0.13338,216.40,0.40772,11.77489,34.38269,2.89943,4.55688,49.96,0598:27:12,1,08
17:50:57,0.13246,216.50,0.41137,11.80208,34.46209,2.89943,4.55688,49.96,0598:27:13,1,08
17:51:00,0.13214,217.00,0.41185,11.81568,34.50179,2.89943,4.55688,49.96,0598:27:17,1,08
17:51:01,0.13251,216.90,0.40918,11.7613,34.34298,2.89943,4.55688,49.96,0598:27:18,1,08
17:51:02,0.13251,216.90,0.40918,11.7613,34.34298,2.89953,4.55688,49.97,0598:27:18,1,08
17:51:04,0.1332,216.60,0.40866,11.80208,34.46209,2.89953,4.55688,49.97,0598:27:21,1,08
17:51:06,0.13189,216.80,0.41207,11.78849,34.42239,2.89953,4.55688,49.96,0598:27:23,1,08
17:51:07,0.13332,216.90,0.40836,11.81568,34.50179,2.89953,4.55688,49.96,0598:27:24,1,08
17:51:09,0.13233,216.80,0.41098,11.80208,34.46209,2.89953,4.55688,49.96,0598:27:25,1,08
17:51:11,0.13388,216.60,0.40956,11.88367,34.70031,2.89953,4.55698,49.97,0598:27:28,1,08
17:51:13,0.13202,216.70,0.41207,11.78849,34.42239,2.89953,4.55698,49.97,0598:27:30,1,08
17:51:14,0.13202,216.70,0.41207,11.78849,34.42239,2.89953,4.55698,49.96,0598:27:30,1,08
17:51:15,0.13196,216.80,0.41255,11.80208,34.46209,2.89953,4.55698,49.96,0598:27:32,1,08
17:51:17,0.13492,216.70,0.41264,12.07402,35.25615,2.89953,4.55698,49.96,0598:27:34,1,08
17:51:20,0.13207,216.90,0.41224,11.81568,34.50179,2.89953,4.55698,49.96,0598:27:36,1,08
17:51:23,0.13196,216.60,0.41151,11.7613,34.34298,2.89953,4.55698,49.97,0598:27:40,1,08
17:51:30,0.13257,216.30,0.4109,11.78849,34.42239,2.89953,4.55698,49.97,0598:27:47,1,08
17:51:32,0.13326,216.20,0.40991,11.81568,34.50179,2.89953,4.55708,49.97,0598:27:49,1,08
17:51:34,0.13345,215.90,0.40896,11.78849,34.42239,2.89964,4.55708,49.96,0598:27:51,1,08
17:51:38,0.13264,216.00,0.41224,11.81568,34.50179,2.89964,4.55708,49.97,0598:27:55,1,08
17:51:39,0.13246,216.30,0.41224,11.81568,34.50179,2.89964,4.55708,49.97,0598:27:56,1,08
17:51:40,0.13207,216.30,0.41199,11.77489,34.38269,2.89964,4.55708,49.97,0598:27:57,1,08
17:51:43,0.13251,216.10,0.41263,11.81568,34.50179,2.89964,4.55708,49.97,0598:28:00,1,08
17:51:44,0.13157,216.10,0.41109,11.69331,34.14447,2.89964,4.55708,49.97,0598:28:01,1,08
17:51:47,0.13363,215.90,0.41525,11.99244,35.01793,2.89964,4.55708,49.96,0598:28:04,1,08
17:51:48,0.13486,215.90,0.41783,12.1692,35.53407,2.89964,4.55708,49.96,0598:28:05,1,08
17:51:49,0.13381,216.10,0.41494,12.00604,35.05763,2.89964,4.55708,49.95,0598:28:06,1,08
17:51:50,0.13412,216.20,0.41378,12.00604,35.05763,2.89964,4.55708,49.95,0598:28:07,1,08
17:51:53,0.13376,216.00,0.41439,11.97884,34.97823,2.89964,4.55718,49.96,0598:28:10,1,08
17:51:56,0.13376,216.30,0.41408,11.99244,35.01793,2.89964,4.55718,49.96,0598:28:13,1,08
17:51:57,0.13407,216.50,0.41292,11.99244,35.01793,2.89964,4.55718,49.96,0598:28:14,1,08
17:51:58,0.13369,216.70,0.41463,12.01964,35.09734,2.89964,4.55718,49.96,0598:28:15,1,08
17:52:00,0.13431,216.60,0.41121,11.96525,34.93852,2.89964,4.55718,49.96,0598:28:16,1,08
17:52:01,0.13461,216.50,0.41185,12.00604,35.05763,2.89964,4.55718,49.96,0598:28:17,1,08
17:52:05,0.134,216.20,0.41323,11.97884,34.97823,2.89974,4.55718,49.96,0598:28:21,1,08
17:52:07,0.13381,216.10,0.41447,11.99244,35.01793,2.89974,4.55718,49.95,0598:28:23,1,08
17:52:08,0.13357,216.20,0.41439,11.97884,34.97823,2.89974,4.55718,49.97,0598:28:24,1,08
17:52:09,0.13351,216.70,0.41541,12.01964,35.09734,2.89974,4.55718,49.97,0598:28:25,1,08
17:52:10,0.13419,216.50,0.41253,11.99244,35.01793,2.89974,4.55718,49.96,0598:28:26,1,08
17:52:13,0.13127,216.70,0.41213,11.7341,34.26358,2.89974,4.55718,49.97,0598:28:29,1,08
17:52:14,0.1322,216.80,0.4109,11.78849,34.42239,2.89974,4.55718,49.96,0598:28:30,1,08
17:52:15,0.13264,216.80,0.40974,11.78849,34.42239,2.89974,4.55729,49.96,0598:28:31,1,08
17:52:16,0.13202,216.60,0.4116,11.77489,34.38269,2.89974,4.55729,49.97,0598:28:32,1,08
17:52:18,0.13183,216.60,0.41199,11.77489,34.38269,2.89974,4.55729,49.96,0598:28:34,1,08
17:52:19,0.13264,216.60,0.41107,11.81568,34.50179,2.89974,4.55729,49.96,0598:28:35,1,08
17:52:20,0.13239,216.60,0.41185,11.81568,34.50179,2.89974,4.55729,49.97,0598:28:36,1,08
17:52:21,0.13449,216.60,0.41465,12.08762,35.29585,2.89974,4.55729,49.97,0598:28:37,1,08
17:52:23,0.13151,216.50,0.40983,11.67971,34.10476,2.89974,4.55729,49.96,0598:28:39,1,08
17:52:24,0.13207,216.30,0.41199,11.77489,34.38269,2.89974,4.55729,49.95,0598:28:40,1,08
17:52:26,0.13202,216.40,0.41246,11.78849,34.42239,2.89974,4.55729,49.96,0598:28:42,1,08
17:52:27,0.13257,216.60,0.41098,11.80208,34.46209,2.89974,4.55729,49.96,0598:28:43,1,08
17:52:29,0.13288,216.70,0.40982,11.80208,34.46209,2.89974,4.55729,49.96,0598:28:45,1,08
17:52:33,0.13101,216.30,0.41275,11.70691,34.18417,2.89974,4.55729,49.96,0598:28:49,1,08
17:52:35,0.13207,216.40,0.41294,11.80208,34.46209,2.89984,4.55729,49.97,0598:28:51,1,08
17:52:37,0.13295,216.50,0.40982,11.80208,34.46209,2.89984,4.55739,49.96,0598:28:53,1,08
17:52:39,0.13288,216.80,0.40896,11.78849,34.42239,2.89984,4.55739,49.97,0598:28:55,1,08
17:52:41,0.13164,216.90,0.41294,11.80208,34.46209,2.89984,4.55739,49.99,0598:28:57,1,08
17:52:43,0.13157,217.10,0.41199,11.77489,34.38269,2.89984,4.55739,49.97,0598:29:00,1,08
17:52:44,0.13207,217.10,0.41185,11.81568,34.50179,2.89984,4.55739,50.01,0598:29:00,1,08
17:52:45,0.13207,217.10,0.41043,11.77489,34.38269,2.89984,4.55739,50.01,0598:29:01,1,08
17:52:49,0.13177,217.10,0.41207,11.78849,34.42239,2.89984,4.55739,50.01,0598:29:06,1,08
17:52:50,0.13177,217.10,0.41207,11.78849,34.42239,2.89984,4.55739,50.01,0598:29:06,1,08
17:52:51,0.13157,217.10,0.41246,11.78849,34.42239,2.89984,4.55739,50.01,0598:29:07,1,08
17:52:54,0.13233,217.10,0.4106,11.80208,34.46209,2.89984,4.55739,50.05,0598:29:11,1,08
17:52:55,0.13189,217.10,0.41121,11.77489,34.38269,2.89984,4.55739,50.05,0598:29:12,1,08
17:52:57,0.13133,217.00,0.41269,11.7613,34.34298,2.89984,4.55739,50.05,0598:29:13,1,08
17:52:59,0.13157,216.80,0.41238,11.77489,34.38269,2.89984,4.55749,50.05,0598:29:15,1,08
17:53:01,0.13214,216.70,0.41121,11.77489,34.38269,2.89984,4.55749,50.05,0598:29:18,1,08
17:53:02,0.13214,216.70,0.41121,11.77489,34.38269,2.89984,4.55749,50.05,0598:29:18,1,08
17:53:04,0.13233,216.50,0.41082,11.77489,34.38269,2.89984,4.55749,50.04,0598:29:20,1,08
17:53:08,0.1322,216.60,0.41129,11.78849,34.42239,2.89994,4.55749,50.04,0598:29:24,1,08
17:53:09,0.13151,216.70,0.41317,11.77489,34.38269,2.89994,4.55749,50.04,0598:29:25,1,08
17:53:10,0.13202,216.70,0.41311,11.82928,34.5415,2.89994,4.55749,50.04,0598:29:27,1,08
17:53:11,0.13295,216.90,0.4114,11.87007,34.6606,2.89994,4.55749,50.04,0598:29:28,1,08
17:53:12,0.13202,216.90,0.41082,11.77489,34.38269,2.89994,4.55749,50.04,0598:29:29,1,08
17:53:14,0.13226,216.80,0.41043,11.77489,34.38269,2.89994,4.55749,50.03,0598:29:30,1,08
17:53:15,0.13127,216.80,0.41404,11.78849,34.42239,2.89994,4.55749,50.03,0598:29:31,1,08
17:53:17,0.13276,216.50,0.40974,11.78849,34.42239,2.89994,4.55749,50.01,0598:29:34,1,08
17:53:18,0.13276,216.50,0.40974,11.78849,34.42239,2.89994,4.55749,50.00,0598:29:35,1,08
17:53:19,0.13207,216.50,0.41207,11.78849,34.42239,2.89994,4.55759,50.00,0598:29:36,1,08
17:53:20,0.13207,216.50,0.41207,11.78849,34.42239,2.89994,4.55759,49.99,0598:29:36,1,08
17:53:26,0.13412,216.30,0.41518,12.04683,35.17673,2.89994,4.55759,49.96,0598:29:42,1,08
17:53:29,0.13207,216.70,0.41216,11.80208,34.46209,2.89994,4.55759,49.95,0598:29:46,1,08
17:53:30,0.13246,216.70,0.41004,11.77489,34.38269,2.89994,4.55759,49.96,0598:29:47,1,08
17:53:32,0.13257,216.70,0.41107,11.81568,34.50179,2.89994,4.55759,49.95,0598:29:48,1,08
17:53:34,0.1327,216.50,0.40776,11.7205,34.22387,2.89994,4.55759,49.95,0598:29:51,1,08
17:53:36,0.13345,216.50,0.40781,11.78849,34.42239,2.90004,4.55759,49.96,0598:29:53,1,08
17:53:40,0.13357,216.50,0.40695,11.77489,34.38269,2.90004,4.55769,49.96,0598:29:57,1,08
17:53:41,0.13295,216.40,0.41068,11.81568,34.50179,2.90004,4.55769,49.96,0598:29:58,1,08
17:53:42,0.13332,216.20,0.40849,11.77489,34.38269,2.90004,4.55769,49.96,0598:29:59,1,08
17:53:43,0.13332,216.20,0.40802,11.7613,34.34298,2.90004,4.55769,49.97,0598:30:00,1,08
17:53:44,0.1332,216.20,0.40793,11.7477,34.30328,2.90004,4.55769,49.97,0598:30:01,1,08
17:53:45,0.13381,216.10,0.40742,11.78849,34.42239,2.90004,4.55769,49.97,0598:30:02,1,08
17:53:46,0.13326,216.40,0.40952,11.81568,34.50179,2.90004,4.55769,49.96,0598:30:03,1,08
17:53:47,0.13283,216.60,0.41029,11.81568,34.50179,2.90004,4.55769,49.96,0598:30:04,1,08
17:53:49,0.13468,216.70,0.40456,11.81568,34.50179,2.90004,4.55769,49.96,0598:30:06,1,08
17:53:53,0.13276,216.90,0.40746,11.7341,34.26358,2.90004,4.55769,49.96,0598:30:10,1,08
17:53:54,0.13376,216.80,0.40487,11.7477,34.30328,2.90004,4.55769,49.97,0598:30:11,1,08
17:53:58,0.13295,216.70,0.40802,11.7613,34.34298,2.90004,4.55769,49.96,0598:30:14,1,08
17:54:00,0.134,216.40,0.40628,11.78849,34.42239,2.90004,4.55769,49.97,0598:30:16,1,08
17:54:02,0.13338,216.20,0.40905,11.80208,34.46209,2.90004,4.55779,49.97,0598:30:18,1,08
17:54:03,0.13307,216.20,0.41068,11.81568,34.50179,2.90004,4.55779,49.97,0598:30:19,1,08
17:54:05,0.13338,216.00,0.40849,11.77489,34.38269,2.90004,4.55779,49.99,0598:30:21,1,08
17:54:06,0.1322,216.00,0.40913,11.69331,34.14447,2.90004,4.55779,50.00,0598:30:22,1,08
17:54:07,0.13226,216.10,0.41199,11.77489,34.38269,2.90014,4.55779,50.00,0598:30:23,1,08
17:54:08,0.13301,215.90,0.4087,11.7477,34.30328,2.90014,4.55779,49.99,0598:30:24,1,08
17:54:09,0.13345,215.70,0.40935,11.78849,34.42239,2.90014,4.55779,49.99,0598:30:25,1,08
17:54:10,0.13376,215.80,0.40866,11.80208,34.46209,2.90014,4.55779,49.99,0598:30:26,1,08
17:54:13,0.13332,216.20,0.40943,11.80208,34.46209,2.90014,4.55779,50.01,0598:30:29,1,08
17:54:14,0.13419,216.10,0.40581,11.77489,34.38269,2.90014,4.55779,50.01,0598:30:30,1,08
17:54:15,0.13338,216.30,0.40905,11.80208,34.46209,2.90014,4.55779,50.01,0598:30:31,1,08
17:54:16,0.13407,216.30,0.40956,11.88367,34.70031,2.90014,4.55779,50.00,0598:30:32,1,08
17:54:17,0.13363,216.40,0.40742,11.78849,34.42239,2.90014,4.55779,50.00,0598:30:33,1,08
17:54:19,0.13381,216.50,0.40619,11.77489,34.38269,2.90014,4.55779,50.01,0598:30:35,1,08
17:54:21,0.13257,216.20,0.4109,11.78849,34.42239,2.90014,4.55779,50.03,0598:30:37,1,08
17:54:27,0.13535,216.60,0.41196,12.08762,35.29585,2.90014,4.55789,50.04,0598:30:43,1,08
17:54:30,0.13301,216.80,0.40811,11.77489,34.38269,2.90014,4.55789,50.04,0598:30:46,1,08
17:54:31,0.13326,216.70,0.40819,11.78849,34.42239,2.90014,4.55789,50.04,0598:30:47,1,08
17:54:33,0.13394,216.60,0.40543,11.77489,34.38269,2.90014,4.55789,50.04,0598:30:49,1,08
17:54:37,0.13369,216.80,0.40628,11.78849,34.42239,2.90024,4.55789,50.03,0598:30:53,1,08
17:54:38,0.13345,216.90,0.40892,11.84288,34.5812,2.90024,4.55789,50.04,0598:30:55,1,08
17:54:39,0.13345,216.90,0.40892,11.84288,34.5812,2.90024,4.55789,50.04,0598:30:55,1,08
17:54:40,0.13351,217.00,0.40901,11.85647,34.6209,2.90024,4.55789,50.04,0598:30:56,1,08
17:54:42,0.1327,217.10,0.40849,11.77489,34.38269,2.90024,4.55789,50.04,0598:30:58,1,08
17:54:43,0.13264,217.00,0.40888,11.77489,34.38269,2.90024,4.55789,50.04,0598:30:59,1,08
17:54:44,0.13276,216.80,0.40888,11.77489,34.38269,2.90024,4.55789,50.04,0598:31:01,1,08
17:54:45,0.13276,216.80,0.40888,11.77489,34.38269,2.90024,4.558,50.04,0598:31:01,1,08
17:54:47,0.13351,216.90,0.40666,11.78849,34.42239,2.90024,4.558,50.04,0598:31:03,1,08
17:54:48,0.1332,216.90,0.40734,11.77489,34.38269,2.90024,4.558,50.03,0598:31:04,1,08
17:54:50,0.13246,216.90,0.40965,11.77489,34.38269,2.90024,4.558,50.04,0598:31:06,1,08
17:54:52,0.1332,216.90,0.40828,11.80208,34.46209,2.90024,4.558,50.04,0598:31:08,1,08
17:54:53,0.13283,216.80,0.40849,11.77489,34.38269,2.90024,4.558,50.04,0598:31:09,1,08
17:54:54,0.13214,217.00,0.40948,11.7477,34.30328,2.90024,4.558,50.04,0598:31:10,1,08
17:54:55,0.13307,216.90,0.40913,11.81568,34.50179,2.90024,4.558,50.04,0598:31:12,1,08
17:54:58,0.13295,217.00,0.40811,11.77489,34.38269,2.90024,4.558,50.05,0598:31:14,1,08
17:54:59,0.13239,216.90,0.40965,11.77489,34.38269,2.90024,4.558,50.05,0598:31:15,1,08
17:55:00,0.13295,216.90,0.40858,11.78849,34.42239,2.90024,4.558,50.04,0598:31:16,1,08
17:55:03,0.13283,216.90,0.40943,11.80208,34.46209,2.90024,4.558,50.04,0598:31:19,1,08
17:55:04,0.13288,216.90,0.40896,11.78849,34.42239,2.90024,4.558,50.01,0598:31:20,1,08
17:55:06,0.13326,216.80,0.40734,11.77489,34.38269,2.90024,4.5581,50.03,0598:31:22,1,08
17:55:07,0.13307,216.80,0.40905,11.80208,34.46209,2.90024,4.5581,50.03,0598:31:24,1,08
17:55:08,0.13276,216.80,0.40888,11.77489,34.38269,2.90034,4.5581,50.03,0598:31:25,1,08
17:55:09,0.13276,216.80,0.40888,11.77489,34.38269,2.90034,4.5581,50.03,0598:31:25,1,08
17:55:10,0.13264,216.80,0.40974,11.78849,34.42239,2.90034,4.5581,50.03,0598:31:26,1,08
17:55:12,0.13264,216.80,0.40926,11.77489,34.38269,2.90034,4.5581,50.01,0598:31:29,1,08
17:55:13,0.1322,216.90,0.4109,11.78849,34.42239,2.90034,4.5581,50.01,0598:31:30,1,08
17:55:14,0.13202,217.00,0.41129,11.78849,34.42239,2.90034,4.5581,50.01,0598:31:31,1,08
17:55:15,0.13202,217.00,0.41129,11.78849,34.42239,2.90034,4.5581,50.01,0598:31:31,1,08
17:55:17,0.13246,217.00,0.4106,11.80208,34.46209,2.90034,4.5581,50.01,0598:31:34,1,08
17:55:18,0.13233,217.10,0.4106,11.80208,34.46209,2.90034,4.5581,50.00,0598:31:35,1,08
17:55:19,0.13233,217.10,0.40965,11.77489,34.38269,2.90034,4.5581,50.00,0598:31:36,1,08
17:55:20,0.13288,217.30,0.40866,11.80208,34.46209,2.90034,4.5581,50.00,0598:31:37,1,08
17:55:22,0.13177,217.20,0.41216,11.80208,34.46209,2.90034,4.5581,50.01,0598:31:38,1,08
17:55:23,0.13196,217.20,0.41129,11.78849,34.42239,2.90034,4.5581,50.01,0598:31:40,1,08
17:55:24,0.13257,217.10,0.40888,11.77489,34.38269,2.90034,4.5581,50.01,0598:31:41,1,08
17:55:25,0.13276,217.10,0.40849,11.77489,34.38269,2.90034,4.5581,50.01,0598:31:42,1,08
17:55:27,0.13207,216.90,0.41034,11.7613,34.34298,2.90034,4.5581,50.00,0598:31:43,1,08
17:55:32,0.13264,216.70,0.41021,11.80208,34.46209,2.90034,4.5582,50.00,0598:31:49,1,08
17:55:33,0.13239,216.90,0.41146,11.81568,34.50179,2.90034,4.5582,50.00,0598:31:49,1,08
17:55:34,0.13257,217.00,0.40935,11.78849,34.42239,2.90034,4.5582,50.00,0598:31:51,1,08
17:55:35,0.13288,217.10,0.40905,11.80208,34.46209,2.90034,4.5582,50.00,0598:31:52,1,08
17:55:37,0.13295,217.20,0.40631,11.7341,34.26358,2.90034,4.5582,49.99,0598:31:54,1,08
17:55:38,0.13257,217.10,0.40699,11.7205,34.22387,2.90045,4.5582,49.99,0598:31:55,1,08
17:55:41,0.13288,216.70,0.40888,11.77489,34.38269,2.90045,4.5582,50.00,0598:31:58,1,08
17:55:42,0.13301,216.60,0.40849,11.77489,34.38269,2.90045,4.5582,50.00,0598:31:59,1,08
17:55:43,0.13283,216.70,0.40982,11.80208,34.46209,2.90045,4.5582,50.00,0598:32:00,1,08
17:55:44,0.13332,216.80,0.40695,11.77489,34.38269,2.90045,4.5582,50.00,0598:32:01,1,08
17:55:45,0.13301,216.90,0.40772,11.77489,34.38269,2.90045,4.5582,50.00,0598:32:02,1,08
17:55:47,0.13314,216.90,0.40772,11.77489,34.38269,2.90045,4.5582,49.99,0598:32:04,1,08
17:55:48,0.13357,216.90,0.40619,11.77489,34.38269,2.90045,4.5582,49.99,0598:32:05,1,08
17:55:50,0.13246,216.80,0.41146,11.81568,34.50179,2.90045,4.5583,49.97,0598:32:07,1,08
17:55:52,0.13233,216.70,0.40806,11.70691,34.18417,2.90045,4.5583,49.96,0598:32:09,1,08
17:55:59,0.13407,217.10,0.40756,11.87007,34.6606,2.90045,4.5583,49.96,0598:32:15,1,08
17:56:01,0.13276,217.10,0.40991,11.81568,34.50179,2.90045,4.5583,49.95,0598:32:17,1,08
17:56:03,0.13177,216.80,0.40961,11.70691,34.18417,2.90045,4.5583,49.96,0598:32:19,1,08
17:56:05,0.13283,217.00,0.40896,11.78849,34.42239,2.90045,4.5583,49.97,0598:32:21,1,08
17:56:06,0.13283,217.20,0.40952,11.81568,34.50179,2.90045,4.5583,49.95,0598:32:22,1,08
17:56:07,0.13276,217.30,0.40819,11.78849,34.42239,2.90045,4.5583,49.95,0598:32:23,1,08
17:56:08,0.13314,217.20,0.40789,11.80208,34.46209,2.90045,4.5583,49.97,0598:32:24,1,08
17:56:09,0.13332,217.20,0.40751,11.80208,34.46209,2.90045,4.5583,49.97,0598:32:25,1,08
17:56:10,0.1332,217.10,0.40836,11.81568,34.50179,2.90055,4.5583,49.97,0598:32:26,1,08
17:56:13,0.13369,217.10,0.4059,11.78849,34.42239,2.90055,4.5584,49.97,0598:32:29,1,08
17:56:14,0.13363,217.10,0.40534,11.7613,34.34298,2.90055,4.5584,49.99,0598:32:30,1,08
17:56:19,0.13314,217.50,0.40751,11.80208,34.46209,2.90055,4.5584,49.97,0598:32:35,1,08
17:56:21,0.13257,217.50,0.40905,11.80208,34.46209,2.90055,4.5584,49.99,0598:32:37,1,08
17:56:22,0.13257,217.50,0.40858,11.78849,34.42239,2.90055,4.5584,49.99,0598:32:38,1,08
17:56:23,0.13376,217.40,0.40514,11.78849,34.42239,2.90055,4.5584,49.99,0598:32:39,1,08
17:56:24,0.13276,217.30,0.40537,11.70691,34.18417,2.90055,4.5584,50.00,0598:32:40,1,08
17:56:27,0.13307,217.00,0.40637,11.80208,34.46209,2.90055,4.5584,50.00,0598:32:43,1,08
17:56:30,0.13295,217.00,0.40905,11.80208,34.46209,2.90055,4.5584,50.01,0598:32:46,1,08
17:56:31,0.13288,216.90,0.40763,11.7613,34.34298,2.90055,4.5584,50.01,0598:32:47,1,08
17:56:34,0.13357,216.50,0.41024,11.87007,34.6606,2.90055,4.55851,50.03,0598:32:50,1,08
17:56:36,0.13295,216.40,0.40888,11.77489,34.38269,2.90055,4.55851,50.03,0598:32:52,1,08
17:56:37,0.13345,216.60,0.40781,11.78849,34.42239,2.90055,4.55851,50.03,0598:32:53,1,08
17:56:38,0.13412,216.60,0.40781,11.85647,34.6209,2.90055,4.55851,50.04,0598:32:54,1,08
17:56:39,0.13381,216.90,0.40637,11.80208,34.46209,2.90055,4.55851,50.04,0598:32:55,1,08
17:56:40,0.13381,216.90,0.40637,11.80208,34.46209,2.90055,4.55851,50.03,0598:32:56,1,08
17:56:47,0.134,216.80,0.40692,11.82928,34.5415,2.90065,4.55851,50.04,0598:33:03,1,08
17:56:50,0.13431,217.10,0.40308,11.7613,34.34298,2.90065,4.55851,50.04,0598:33:06,1,08
17:56:51,0.134,217.10,0.40514,11.78849,34.42239,2.90065,4.55851,50.04,0598:33:08,1,08
17:56:53,0.13301,217.20,0.40875,11.81568,34.50179,2.90065,4.55851,50.03,0598:33:09,1,08
17:56:54,0.13295,217.40,0.40687,11.7613,34.34298,2.90065,4.55861,50.03,0598:33:10,1,08
17:56:55,0.13351,217.50,0.4059,11.78849,34.42239,2.90065,4.55861,50.03,0598:33:11,1,08
17:56:56,0.13301,217.60,0.40704,11.78849,34.42239,2.90065,4.55861,50.03,0598:33:12,1,08
17:56:59,0.13314,217.40,0.40704,11.78849,34.42239,2.90065,4.55861,50.03,0598:33:15,1,08
17:57:00,0.13363,217.40,0.40552,11.78849,34.42239,2.90065,4.55861,50.03,0598:33:16,1,08
17:57:01,0.13345,217.50,0.40684,11.81568,34.50179,2.90065,4.55861,50.03,0598:33:17,1,08
17:57:02,0.1332,217.50,0.40572,11.7613,34.34298,2.90065,4.55861,50.01,0598:33:18,1,08
17:57:05,0.13307,217.10,0.40687,11.7613,34.34298,2.90065,4.55861,50.00,0598:33:21,1,08
17:57:06,0.13295,217.00,0.40952,11.81568,34.50179,2.90065,4.55861,50.00,0598:33:22,1,08
17:57:07,0.13283,217.20,0.40952,11.81568,34.50179,2.90065,4.55861,50.00,0598:33:23,1,08
17:57:09,0.13314,217.20,0.40601,11.7477,34.30328,2.90065,4.55861,50.00,0598:33:26,1,08
17:57:12,0.13449,217.30,0.40288,11.78849,34.42239,2.90075,4.55861,49.96,0598:33:28,1,08
17:57:13,0.13381,217.60,0.40523,11.80208,34.46209,2.90075,4.55861,49.96,0598:33:29,1,08
17:57:14,0.13449,217.60,0.40251,11.78849,34.42239,2.90075,4.55871,49.96,0598:33:31,1,08
17:57:15,0.13412,217.70,0.4041,11.80208,34.46209,2.90075,4.55871,49.96,0598:33:32,1,08
17:57:16,0.13412,217.70,0.4041,11.80208,34.46209,2.90075,4.55871,49.95,0598:33:32,1,08
17:57:18,0.13233,217.70,0.40755,11.7477,34.30328,2.90075,4.55871,49.95,0598:33:34,1,08
17:57:20,0.13381,217.80,0.40438,11.78849,34.42239,2.90075,4.55871,49.96,0598:33:37,1,08
17:57:23,0.13314,217.60,0.40666,11.78849,34.42239,2.90075,4.55871,49.95,0598:33:39,1,08
17:57:24,0.13301,217.60,0.40751,11.80208,34.46209,2.90075,4.55871,49.96,0598:33:40,1,08
17:57:26,0.13288,217.50,0.40828,11.80208,34.46209,2.90075,4.55871,49.97,0598:33:43,1,08
17:57:27,0.13295,217.40,0.40828,11.80208,34.46209,2.90075,4.55871,49.95,0598:33:44,1,08
17:57:29,0.13407,217.40,0.40485,11.80208,34.46209,2.90075,4.55871,49.95,0598:33:45,1,08
17:57:31,0.13276,217.50,0.40866,11.80208,34.46209,2.90075,4.55871,49.96,0598:33:48,1,08
17:57:32,0.13276,217.60,0.40734,11.77489,34.38269,2.90075,4.55871,49.96,0598:33:49,1,08
17:57:34,0.13388,217.50,0.4057,11.81568,34.50179,2.90075,4.55871,49.96,0598:33:50,1,08
17:57:37,0.13288,217.20,0.40913,11.81568,34.50179,2.90075,4.55881,49.96,0598:33:54,1,08
17:57:38,0.13376,217.20,0.40225,11.69331,34.14447,2.90075,4.55881,49.96,0598:33:55,1,08
17:57:39,0.13332,217.20,0.40713,11.80208,34.46209,2.90075,4.55881,49.96,0598:33:56,1,08
17:57:40,0.1332,217.40,0.40704,11.78849,34.42239,2.90075,4.55881,49.96,0598:33:56,1,08
17:57:42,0.134,216.60,0.4073,11.82928,34.5415,2.90085,4.55881,49.97,0598:33:59,1,08
17:57:46,0.13246,217.20,0.41115,11.82928,34.5415,2.90085,4.55881,49.96,0598:34:02,1,08
17:57:47,0.13307,217.10,0.40781,11.78849,34.42239,2.90085,4.55881,49.96,0598:34:04,1,08
17:57:49,0.13233,217.00,0.41004,11.77489,34.38269,2.90085,4.55881,49.96,0598:34:06,1,08
17:57:53,0.1327,216.90,0.41029,11.81568,34.50179,2.90085,4.55881,49.96,0598:34:09,1,08
17:57:54,0.1327,217.30,0.40952,11.81568,34.50179,2.90085,4.55881,49.96,0598:34:10,1,08
17:57:55,0.13257,217.40,0.41038,11.82928,34.5415,2.90085,4.55881,49.97,0598:34:11,1,08
17:57:57,0.13276,217.20,0.40999,11.82928,34.5415,2.90085,4.55891,49.97,0598:34:13,1,08
17:57:59,0.13214,217.00,0.4109,11.78849,34.42239,2.90085,4.55891,49.97,0598:34:15,1,08
17:58:01,0.13246,216.80,0.40918,11.7613,34.34298,2.90085,4.55891,49.97,0598:34:17,1,08
17:58:04,0.13314,217.00,0.40828,11.80208,34.46209,2.90085,4.55891,49.97,0598:34:20,1,08
17:58:05,0.13257,217.10,0.41029,11.81568,34.50179,2.90085,4.55891,49.97,0598:34:21,1,08
17:58:06,0.13283,217.30,0.40819,11.78849,34.42239,2.90085,4.55891,49.97,0598:34:22,1,08
17:58:07,0.13307,217.30,0.40695,11.77489,34.38269,2.90085,4.55891,49.97,0598:34:23,1,08
17:58:08,0.13326,217.20,0.40751,11.80208,34.46209,2.90085,4.55891,49.99,0598:34:24,1,08
17:58:09,0.14207,217.40,0.42342,13.08019,38.19416,2.90085,4.55891,49.99,0598:34:25,1,08
17:58:11,0.1322,217.20,0.41098,11.80208,34.46209,2.90085,4.55891,49.97,0598:34:27,1,08
17:58:13,0.13251,217.10,0.40926,11.77489,34.38269,2.90095,4.55891,49.99,0598:34:29,1,08
17:58:15,0.13246,216.90,0.4106,11.80208,34.46209,2.90095,4.55891,49.99,0598:34:31,1,08
17:58:17,0.1327,217.10,0.40896,11.78849,34.42239,2.90095,4.55891,50.00,0598:34:33,1,08
17:58:18,0.1327,217.10,0.40896,11.78849,34.42239,2.90095,4.55891,50.00,0598:34:34,1,08
17:58:21,0.13233,217.00,0.41107,11.81568,34.50179,2.90095,4.55901,50.01,0598:34:37,1,08
17:58:22,0.13332,217.20,0.40751,11.80208,34.46209,2.90095,4.55901,50.01,0598:34:38,1,08
17:58:24,0.13295,217.10,0.40772,11.77489,34.38269,2.90095,4.55901,50.03,0598:34:40,1,08
17:58:25,0.13264,217.00,0.40888,11.77489,34.38269,2.90095,4.55901,50.03,0598:34:41,1,08
17:58:28,0.13202,217.50,0.41051,11.78849,34.42239,2.90095,4.55901,50.03,0598:34:44,1,08
17:58:29,0.13202,217.50,0.41051,11.78849,34.42239,2.90095,4.55901,50.03,0598:34:45,1,08
17:58:30,0.13214,217.60,0.41021,11.80208,34.46209,2.90095,4.55901,50.03,0598:34:46,1,08
17:58:31,0.1327,217.50,0.40725,11.7613,34.34298,2.90095,4.55901,50.03,0598:34:47,1,08
17:58:35,0.1322,217.10,0.40956,11.7613,34.34298,2.90095,4.55901,50.04,0598:34:51,1,08
17:58:39,0.13547,217.00,0.41035,12.07402,35.25615,2.90095,4.55901,50.04,0598:34:55,1,08
17:58:43,0.13307,217.10,0.40875,11.81568,34.50179,2.90095,4.55911,50.03,0598:34:59,1,08
17:58:45,0.13376,217.10,0.40645,11.81568,34.50179,2.90105,4.55911,50.03,0598:35:01,1,08
17:58:46,0.13351,217.20,0.40628,11.78849,34.42239,2.90105,4.55911,50.01,0598:35:02,1,08
17:58:48,0.13326,217.20,0.40704,11.78849,34.42239,2.90105,4.55911,50.03,0598:35:04,1,08
17:58:49,0.13295,217.10,0.40772,11.77489,34.38269,2.90105,4.55911,50.03,0598:35:05,1,08
17:58:50,0.13326,217.20,0.40704,11.78849,34.42239,2.90105,4.55911,50.01,0598:35:06,1,08
17:58:53,0.13345,217.10,0.40525,11.7477,34.30328,2.90105,4.55911,50.01,0598:35:09,1,08
17:58:54,0.13369,216.90,0.40581,11.77489,34.38269,2.90105,4.55911,50.01,0598:35:10,1,08
17:58:55,0.134,216.60,0.40496,11.7613,34.34298,2.90105,4.55911,50.01,0598:35:11,1,08
17:58:56,0.13326,216.60,0.40866,11.80208,34.46209,2.90105,4.55911,50.01,0598:35:12,1,08
17:58:57,0.13345,216.70,0.40789,11.80208,34.46209,2.90105,4.55911,50.01,0598:35:13,1,08
17:58:58,0.13369,216.90,0.40628,11.78849,34.42239,2.90105,4.55911,50.00,0598:35:14,1,08
17:58:59,0.13369,216.90,0.40628,11.78849,34.42239,2.90105,4.55911,50.00,0598:35:15,1,08
17:59:01,0.13376,216.70,0.40713,11.80208,34.46209,2.90105,4.55921,50.01,0598:35:17,1,08
17:59:03,0.13381,216.80,0.40675,11.80208,34.46209,2.90105,4.55921,50.01,0598:35:19,1,08
17:59:05,0.13388,217.00,0.40552,11.78849,34.42239,2.90105,4.55921,50.01,0598:35:21,1,08
17:59:07,0.13412,217.10,0.40476,11.78849,34.42239,2.90105,4.55921,50.01,0598:35:23,1,08
17:59:09,0.13357,217.20,0.40581,11.77489,34.38269,2.90105,4.55921,50.01,0598:35:25,1,08
17:59:10,0.13326,217.10,0.40657,11.77489,34.38269,2.90105,4.55921,50.03,0598:35:27,1,08
17:59:15,0.13357,217.20,0.40637,11.80208,34.46209,2.90115,4.55921,50.00,0598:35:32,1,08
17:59:16,0.13351,217.30,0.40628,11.78849,34.42239,2.90115,4.55921,50.00,0598:35:33,1,08
17:59:18,0.13394,217.30,0.40476,11.78849,34.42239,2.90115,4.55921,50.01,0598:35:34,1,08
17:59:20,0.13314,217.30,0.40742,11.78849,34.42239,2.90115,4.55921,50.00,0598:35:36,1,08
17:59:21,0.13338,217.30,0.4076,11.81568,34.50179,2.90115,4.55932,50.00,0598:35:38,1,08
17:59:22,0.13338,217.30,0.40619,11.77489,34.38269,2.90115,4.55932,50.01,0598:35:39,1,08
17:59:23,0.13363,217.30,0.40637,11.80208,34.46209,2.90115,4.55932,50.01,0598:35:39,1,08
17:59:25,0.13332,217.10,0.40704,11.78849,34.42239,2.90115,4.55932,50.00,0598:35:41,1,08
17:59:26,0.13363,217.00,0.40628,11.78849,34.42239,2.90115,4.55932,49.99,0598:35:43,1,08
17:59:27,0.13394,216.90,0.40552,11.78849,34.42239,2.90115,4.55932,49.99,0598:35:44,1,08
17:59:28,0.13394,216.90,0.40645,11.81568,34.50179,2.90115,4.55932,49.99,0598:35:45,1,08
17:59:31,0.13351,216.90,0.40751,11.80208,34.46209,2.90115,4.55932,49.99,0598:35:48,1,08
17:59:34,0.13295,216.90,0.40858,11.78849,34.42239,2.90115,4.55932,49.99,0598:35:51,1,08
17:59:43,0.13486,216.80,0.4066,11.89726,34.74001,2.90115,4.55942,49.99,0598:35:59,1,08
17:59:44,0.13449,217.00,0.40503,11.82928,34.5415,2.90115,4.55942,49.99,0598:36:00,1,08
17:59:46,0.13407,217.00,0.40429,11.77489,34.38269,2.90126,4.55942,49.99,0598:36:02,1,08
17:59:49,0.13388,216.70,0.40628,11.78849,34.42239,2.90126,4.55942,49.99,0598:36:05,1,08
17:59:52,0.13443,217.10,0.40363,11.78849,34.42239,2.90126,4.55942,49.99,0598:36:08,1,08
17:59:55,0.13381,217.10,0.40505,11.77489,34.38269,2.90126,4.55942,50.00,0598:36:11,1,08
17:59:58,0.13394,217.00,0.40552,11.78849,34.42239,2.90126,4.55942,49.99,0598:36:14,1,08
17:59:59,0.13351,217.00,0.40619,11.77489,34.38269,2.90126,4.55942,49.99,0598:36:14,1,08
18:00:00,0.13388,217.10,0.40599,11.80208,34.46209,2.90126,4.55942,49.99,0598:36:16,1,08
18:00:05,0.13407,216.60,0.40552,11.78849,34.42239,2.90126,4.55952,50.00,0598:36:21,1,08
18:00:06,0.13437,217.10,0.40401,11.78849,34.42239,2.90126,4.55952,49.99,0598:36:22,1,08
18:00:08,0.13388,217.00,0.40552,11.78849,34.42239,2.90126,4.55952,49.99,0598:36:24,1,08
18:00:09,0.13419,217.10,0.40438,11.78849,34.42239,2.90126,4.55952,49.99,0598:36:25,1,08
18:00:10,0.13529,217.20,0.40102,11.78849,34.42239,2.90126,4.55952,50.00,0598:36:26,1,08
18:00:11,0.13529,217.20,0.40102,11.78849,34.42239,2.90126,4.55952,50.00,0598:36:27,1,08
18:00:13,0.13394,217.20,0.40374,11.7477,34.30328,2.90126,4.55952,50.00,0598:36:29,1,08
18:00:18,0.13443,217.30,0.40605,11.87007,34.6606,2.90136,4.55952,50.01,0598:36:34,1,08
18:00:20,0.134,217.60,0.40354,11.77489,34.38269,2.90136,4.55952,50.03,0598:36:36,1,08
18:00:21,0.13369,217.50,0.40421,11.7613,34.34298,2.90136,4.55952,50.03,0598:36:37,1,08
18:00:23,0.13369,217.40,0.40561,11.80208,34.46209,2.90136,4.55952,50.03,0598:36:39,1,08
18:00:24,0.13357,217.40,0.40496,11.7613,34.34298,2.90136,4.55952,50.01,0598:36:40,1,08
18:00:26,0.13381,217.20,0.40552,11.78849,34.42239,2.90136,4.55962,50.03,0598:36:42,1,08
18:00:27,0.13407,217.10,0.40476,11.78849,34.42239,2.90136,4.55962,50.03,0598:36:43,1,08
18:00:28,0.13431,217.20,0.40354,11.77489,34.38269,2.90136,4.55962,50.03,0598:36:44,1,08
18:00:31,0.134,216.90,0.40654,11.82928,34.5415,2.90136,4.55962,50.01,0598:36:47,1,08
18:00:33,0.13455,216.90,0.4041,11.80208,34.46209,2.90136,4.55962,50.03,0598:36:49,1,08
18:00:34,0.13522,216.90,0.40222,11.80208,34.46209,2.90136,4.55962,50.03,0598:36:50,1,08
18:00:37,0.13407,217.30,0.40438,11.78849,34.42239,2.90136,4.55962,50.01,0598:36:53,1,08
18:00:39,0.13468,217.50,0.40297,11.80208,34.46209,2.90136,4.55962,50.03,0598:36:55,1,08
18:00:40,0.13468,217.50,0.40297,11.80208,34.46209,2.90136,4.55962,50.01,0598:36:56,1,08
18:00:42,0.13381,217.50,0.40429,11.77489,34.38269,2.90136,4.55962,50.01,0598:36:58,1,08
18:00:43,0.13461,217.30,0.40195,11.7613,34.34298,2.90136,4.55962,50.01,0598:36:59,1,08
18:00:45,0.13498,217.20,0.40492,11.87007,34.6606,2.90136,4.55972,50.01,0598:37:01,1,08
18:00:46,0.13498,217.20,0.40492,11.87007,34.6606,2.90136,4.55972,50.00,0598:37:02,1,08
18:00:47,0.13345,217.20,0.40619,11.77489,34.38269,2.90146,4.55972,50.00,0598:37:03,1,08
18:00:49,0.13301,217.20,0.4064,11.7477,34.30328,2.90146,4.55972,50.01,0598:37:05,1,08
18:00:52,0.13257,217.10,0.40982,11.80208,34.46209,2.90146,4.55972,50.01,0598:37:08,1,08
18:00:54,0.13246,217.40,0.40888,11.77489,34.38269,2.90146,4.55972,50.03,0598:37:10,1,08
18:00:55,0.1322,217.50,0.41021,11.80208,34.46209,2.90146,4.55972,50.03,0598:37:11,1,08
18:00:56,0.13226,217.50,0.40926,11.77489,34.38269,2.90146,4.55972,50.00,0598:37:12,1,08
18:00:57,0.13381,217.40,0.40514,11.78849,34.42239,2.90146,4.55972,50.00,0598:37:13,1,08
18:00:59,0.13338,217.50,0.40628,11.78849,34.42239,2.90146,4.55972,50.01,0598:37:15,1,08
18:01:02,0.13326,217.10,0.40695,11.77489,34.38269,2.90146,4.55972,50.00,0598:37:18,1,08
18:01:03,0.13357,217.90,0.40896,11.91086,34.77971,2.90146,4.55972,50.00,0598:37:19,1,08
18:01:04,0.13207,218.40,0.40905,11.80208,34.46209,2.90146,4.55972,49.99,0598:37:20,1,08
18:01:05,0.13189,218.50,0.40991,11.81568,34.50179,2.90146,4.55972,49.99,0598:37:21,1,08
18:01:06,0.13145,218.50,0.41012,11.78849,34.42239,2.90146,4.55972,49.97,0598:37:22,1,08
18:01:09,0.13239,218.50,0.4093,11.84288,34.5812,2.90146,4.55982,49.99,0598:37:26,1,08
18:01:10,0.13207,218.70,0.40922,11.82928,34.5415,2.90146,4.55982,49.99,0598:37:26,1,08
18:01:12,0.13307,218.60,0.40374,11.7477,34.30328,2.90146,4.55982,49.96,0598:37:28,1,08
18:01:17,0.13407,218.40,0.40529,11.87007,34.6606,2.90146,4.55982,49.95,0598:37:33,1,08
18:01:19,0.13357,218.20,0.40532,11.81568,34.50179,2.90156,4.55982,49.96,0598:37:35,1,08
18:01:21,0.13449,218.30,0.40278,11.82928,34.5415,2.90156,4.55982,49.95,0598:37:38,1,08
18:01:22,0.13357,218.10,0.40392,11.77489,34.38269,2.90156,4.55982,49.95,0598:37:38,1,08
18:01:23,0.13257,218.20,0.40414,11.69331,34.14447,2.90156,4.55982,49.95,0598:37:39,1,08
18:01:24,0.13314,218.00,0.4059,11.78849,34.42239,2.90156,4.55982,49.96,0598:37:40,1,08
18:01:25,0.13326,218.10,0.40599,11.80208,34.46209,2.90156,4.55982,49.96,0598:37:42,1,08
18:01:32,0.13326,218.20,0.40561,11.80208,34.46209,2.90156,4.55992,49.96,0598:37:49,1,08
18:01:34,0.13276,218.00,0.4061,11.7613,34.34298,2.90156,4.55992,49.95,0598:37:50,1,08
18:01:35,0.13332,217.90,0.40599,11.80208,34.46209,2.90156,4.55992,49.95,0598:37:51,1,08
18:01:36,0.13301,217.80,0.40572,11.7613,34.34298,2.90156,4.55992,49.96,0598:37:53,1,08
18:01:38,0.13295,217.90,0.40807,11.82928,34.5415,2.90156,4.55992,49.94,0598:37:54,1,08
18:01:40,0.13276,218.40,0.40769,11.82928,34.5415,2.90156,4.55992,49.96,0598:37:56,1,08
18:01:43,0.13276,218.70,0.4073,11.82928,34.5415,2.90156,4.55992,49.95,0598:37:59,1,08
18:01:44,0.13226,218.70,0.40789,11.80208,34.46209,2.90156,4.55992,49.96,0598:38:00,1,08
18:01:45,0.13139,218.60,0.40681,11.69331,34.14447,2.90156,4.55992,49.96,0598:38:01,1,08
18:01:48,0.134,218.80,0.4101,12.03323,35.13704,2.90156,4.55992,49.95,0598:38:04,1,08
18:01:49,0.13283,218.70,0.40879,11.88367,34.70031,2.90166,4.56002,49.97,0598:38:05,1,08
18:01:50,0.13239,218.80,0.4076,11.81568,34.50179,2.90166,4.56002,49.97,0598:38:06,1,08
18:01:55,0.13288,219.40,0.40494,11.81568,34.50179,2.90166,4.56002,50.00,0598:38:11,1,08
18:01:56,0.13288,219.40,0.40485,11.80208,34.46209,2.90166,4.56002,50.00,0598:38:12,1,08
18:01:58,0.13226,219.30,0.40628,11.78849,34.42239,2.90166,4.56002,50.03,0598:38:14,1,08
18:01:59,0.13307,219.20,0.40447,11.80208,34.46209,2.90166,4.56002,50.03,0598:38:15,1,08
18:02:01,0.13295,219.20,0.40532,11.81568,34.50179,2.90166,4.56002,50.03,0598:38:17,1,08
18:02:02,0.13246,219.30,0.40645,11.81568,34.50179,2.90166,4.56002,50.05,0598:38:18,1,08
18:02:03,0.13226,219.20,0.40534,11.7613,34.34298,2.90166,4.56002,50.05,0598:38:19,1,08
18:02:06,0.13412,219.60,0.39945,11.77489,34.38269,2.90166,4.56002,50.05,0598:38:22,1,08
18:02:07,0.13425,219.40,0.39991,11.78849,34.42239,2.90166,4.56002,50.05,0598:38:23,1,08
18:02:10,0.13468,219.10,0.40009,11.81568,34.50179,2.90166,4.56012,50.05,0598:38:26,1,08
18:02:12,0.13668,219.30,0.40118,12.03323,35.13704,2.90166,4.56012,50.05,0598:38:28,1,08
18:02:14,0.13584,219.70,0.39526,11.80208,34.46209,2.90166,4.56012,50.04,0598:38:30,1,08
18:02:16,0.13522,219.70,0.39844,11.84288,34.5812,2.90166,4.56012,50.04,0598:38:32,1,08
18:02:18,0.13517,219.60,0.39881,11.84288,34.5812,2.90166,4.56012,50.03,0598:38:34,1,08
18:02:19,0.13584,219.50,0.39608,11.81568,34.50179,2.90166,4.56012,50.03,0598:38:35,1,08
18:02:21,0.1383,219.00,0.39946,12.10122,35.33555,2.90176,4.56012,50.04,0598:38:37,1,08
18:02:23,0.13595,219.10,0.39507,11.77489,34.38269,2.90176,4.56012,50.03,0598:38:39,1,08
18:02:26,0.13535,219.30,0.39789,11.81568,34.50179,2.90176,4.56012,50.01,0598:38:42,1,08
18:02:28,0.13668,219.10,0.39791,11.92446,34.81942,2.90176,4.56012,50.04,0598:38:44,1,08
18:02:32,0.1348,219.10,0.39972,11.81568,34.50179,2.90176,4.56023,50.00,0598:38:48,1,08
18:02:33,0.13553,219.20,0.39707,11.80208,34.46209,2.90176,4.56023,50.00,0598:38:49,1,08
18:02:35,0.13632,219.40,0.395,11.81568,34.50179,2.90176,4.56023,50.01,0598:38:51,1,08
18:02:36,0.13632,219.40,0.395,11.81568,34.50179,2.90176,4.56023,50.00,0598:38:52,1,08
18:02:37,0.13584,219.50,0.39654,11.82928,34.5415,2.90176,4.56023,50.00,0598:38:53,1,08
18:02:38,0.13535,219.50,0.39753,11.81568,34.50179,2.90176,4.56023,50.00,0598:38:54,1,08
18:02:39,0.13535,219.50,0.39753,11.81568,34.50179,2.90176,4.56023,50.00,0598:38:55,1,08
18:02:41,0.1348,219.30,0.39936,11.81568,34.50179,2.90176,4.56023,49.99,0598:38:57,1,08
18:02:43,0.13559,219.40,0.39671,11.80208,34.46209,2.90176,4.56023,49.99,0598:38:59,1,08
18:02:47,0.13644,219.40,0.3951,11.82928,34.5415,2.90176,4.56023,49.97,0598:39:03,1,08
18:02:48,0.13644,219.40,0.3951,11.82928,34.5415,2.90176,4.56023,49.97,0598:39:04,1,08
18:02:49,0.13541,219.40,0.39661,11.78849,34.42239,2.90176,4.56023,49.97,0598:39:05,1,08
18:02:50,0.1368,219.40,0.40082,12.03323,35.13704,2.90186,4.56033,49.99,0598:39:06,1,08
18:02:51,0.13626,219.50,0.39864,11.92446,34.81942,2.90186,4.56033,49.99,0598:39:07,1,08
18:02:53,0.13504,219.40,0.39862,11.81568,34.50179,2.90186,4.56033,49.96,0598:39:09,1,08
18:02:54,0.13541,219.30,0.39835,11.82928,34.5415,2.90186,4.56033,49.97,0598:39:10,1,08
18:02:56,0.13572,218.90,0.39661,11.78849,34.42239,2.90186,4.56033,49.95,0598:39:12,1,08
18:02:58,0.13547,218.60,0.39862,11.81568,34.50179,2.90186,4.56033,49.96,0598:39:14,1,08
18:02:59,0.13529,218.70,0.39844,11.78849,34.42239,2.90186,4.56033,49.96,0598:39:15,1,08
18:03:00,0.13644,218.80,0.39617,11.82928,34.5415,2.90186,4.56033,49.96,0598:39:16,1,08
18:03:01,0.13674,219.00,0.39383,11.80208,34.46209,2.90186,4.56033,49.96,0598:39:17,1,08
18:03:02,0.13535,219.00,0.39872,11.82928,34.5415,2.90186,4.56033,49.94,0598:39:18,1,08
18:03:04,0.13504,218.90,0.39936,11.81568,34.50179,2.90186,4.56033,49.96,0598:39:20,1,08
18:03:06,0.13517,218.60,0.39604,11.70691,34.18417,2.90186,4.56033,49.96,0598:39:22,1,08
18:03:07,0.13511,218.70,0.39972,11.81568,34.50179,2.90186,4.56033,49.96,0598:39:23,1,08
18:03:08,0.13461,218.80,0.39991,11.78849,34.42239,2.90186,4.56033,49.97,0598:39:24,1,08
18:03:09,0.13517,218.80,0.3989,11.80208,34.46209,2.90186,4.56033,49.97,0598:39:25,1,08
18:03:11,0.13644,218.90,0.39763,11.88367,34.70031,2.90186,4.56043,49.99,0598:39:28,1,08
18:03:12,0.13504,218.90,0.40074,11.85647,34.6209,2.90186,4.56043,49.99,0598:39:28,1,08
18:03:13,0.13474,219.00,0.40147,11.85647,34.6209,2.90186,4.56043,49.99,0598:39:29,1,08
18:03:14,0.13468,218.90,0.40138,11.84288,34.5812,2.90186,4.56043,49.97,0598:39:30,1,08
18:03:15,0.13498,218.90,0.4011,11.85647,34.6209,2.90186,4.56043,49.97,0598:39:31,1,08
18:03:16,0.13517,218.70,0.39982,11.82928,34.5415,2.90186,4.56043,49.97,0598:39:33,1,08
18:03:21,0.13584,218.90,0.39854,11.85647,34.6209,2.90197,4.56043,49.96,0598:39:37,1,08
18:03:22,0.13522,219.10,0.39954,11.84288,34.5812,2.90197,4.56043,49.99,0598:39:39,1,08
18:03:23,0.13559,219.00,0.39799,11.82928,34.5415,2.90197,4.56043,49.99,0598:39:39,1,08
18:03:24,0.13547,219.00,0.39917,11.84288,34.5812,2.90197,4.56043,49.97,0598:39:40,1,08
18:03:25,0.13632,218.90,0.39617,11.82928,34.5415,2.90197,4.56043,49.97,0598:39:41,1,08
18:03:27,0.13565,218.80,0.39927,11.85647,34.6209,2.90197,4.56043,50.00,0598:39:43,1,08
18:03:30,0.1362,219.10,0.39663,11.84288,34.5812,2.90197,4.56043,50.03,0598:39:46,1,08
18:03:35,0.13522,218.60,0.39982,11.82928,34.5415,2.90197,4.56053,50.04,0598:39:51,1,08
18:03:37,0.13511,218.80,0.40018,11.82928,34.5415,2.90197,4.56053,50.05,0598:39:52,1,08
18:03:38,0.13541,218.70,0.39899,11.81568,34.50179,2.90197,4.56053,50.05,0598:39:53,1,08
18:03:40,0.13522,218.30,0.39963,11.80208,34.46209,2.90197,4.56053,50.05,0598:39:56,1,08
18:03:41,0.13437,218.10,0.40306,11.81568,34.50179,2.90197,4.56053,50.05,0598:39:57,1,08
18:03:42,0.13486,217.90,0.40287,11.84288,34.5812,2.90197,4.56053,50.04,0598:39:58,1,08
18:03:43,0.13461,217.90,0.40269,11.81568,34.50179,2.90197,4.56053,50.04,0598:39:58,1,08
18:03:45,0.13577,218.10,0.39991,11.84288,34.5812,2.90197,4.56053,50.03,0598:40:01,1,08
18:03:47,0.13419,218.60,0.40361,11.84288,34.5812,2.90197,4.56053,50.04,0598:40:03,1,08
18:03:49,0.13486,218.70,0.40138,11.84288,34.5812,2.90197,4.56053,50.03,0598:40:04,1,08
18:03:50,0.13584,218.80,0.39844,11.84288,34.5812,2.90197,4.56053,50.04,0598:40:06,1,08
18:03:51,0.1359,218.80,0.39945,11.88367,34.70031,2.90197,4.56053,50.04,0598:40:07,1,08
18:03:52,0.13511,218.80,0.40165,11.88367,34.70031,2.90207,4.56063,50.04,0598:40:08,1,08
18:03:53,0.1348,218.70,0.40092,11.82928,34.5415,2.90207,4.56063,50.04,0598:40:09,1,08
18:03:56,0.13783,218.80,0.40225,12.14201,35.45466,2.90207,4.56063,50.04,0598:40:12,1,08
18:03:57,0.13626,219.00,0.40118,11.97884,34.97823,2.90207,4.56063,50.04,0598:40:13,1,08
18:03:58,0.13437,218.90,0.40157,11.81568,34.50179,2.90207,4.56063,50.04,0598:40:14,1,08
18:03:59,0.13517,218.70,0.40064,11.84288,34.5812,2.90207,4.56063,50.04,0598:40:15,1,08
18:04:00,0.13517,218.70,0.40064,11.84288,34.5812,2.90207,4.56063,50.04,0598:40:15,1,08
18:04:04,0.13522,218.60,0.39982,11.82928,34.5415,2.90207,4.56063,50.04,0598:40:20,1,08
18:04:06,0.13492,218.90,0.4011,11.85647,34.6209,2.90207,4.56063,50.04,0598:40:21,1,08
18:04:07,0.13529,219.00,0.39954,11.84288,34.5812,2.90207,4.56063,50.04,0598:40:23,1,08
18:04:08,0.13517,219.10,0.4,11.85647,34.6209,2.90207,4.56063,50.05,0598:40:24,1,08
18:04:09,0.13553,219.10,0.39799,11.82928,34.5415,2.90207,4.56063,50.05,0598:40:25,1,08
18:04:10,0.13474,219.30,0.4011,11.85647,34.6209,2.90207,4.56063,50.04,0598:40:26,1,08
18:04:11,0.13511,219.10,0.40083,11.87007,34.6606,2.90207,4.56063,50.04,0598:40:27,1,08
18:04:12,0.13511,219.10,0.40083,11.87007,34.6606,2.90207,4.56073,50.05,0598:40:28,1,08
18:04:15,0.13535,218.70,0.39899,11.81568,34.50179,2.90207,4.56073,50.04,0598:40:31,1,08
18:04:16,0.1348,218.70,0.4,11.80208,34.46209,2.90207,4.56073,50.03,0598:40:32,1,08
18:04:17,0.13541,218.70,0.39725,11.77489,34.38269,2.90207,4.56073,50.03,0598:40:33,1,08
18:04:19,0.13717,218.80,0.39855,11.96525,34.93852,2.90207,4.56073,50.04,0598:40:35,1,08
18:04:20,0.13559,218.80,0.39835,11.82928,34.5415,2.90207,4.56073,50.00,0598:40:36,1,08
18:04:21,0.13529,218.80,0.39807,11.78849,34.42239,2.90207,4.56073,50.00,0598:40:37,1,08
18:04:22,0.13572,218.70,0.39698,11.78849,34.42239,2.90217,4.56073,50.01,0598:40:38,1,08
18:04:23,0.13577,218.70,0.39707,11.80208,34.46209,2.90217,4.56073,50.01,0598:40:39,1,08
18:04:24,0.13577,218.70,0.39707,11.80208,34.46209,2.90217,4.56073,50.00,0598:40:40,1,08
18:04:25,0.13486,218.70,0.39954,11.78849,34.42239,2.90217,4.56073,50.00,0598:40:41,1,08
18:04:26,0.13522,218.60,0.3988,11.78849,34.42239,2.90217,4.56073,50.00,0598:40:42,1,08
18:04:27,0.13638,218.70,0.39654,11.82928,34.5415,2.90217,4.56073,50.00,0598:40:43,1,08
18:04:30,0.13522,218.90,0.39899,11.81568,34.50179,2.90217,4.56073,50.00,0598:40:46,1,08
18:04:31,0.13529,218.80,0.39945,11.82928,34.5415,2.90217,4.56073,50.00,0598:40:47,1,08
18:04:32,0.13584,218.80,0.39707,11.80208,34.46209,2.90217,4.56083,50.00,0598:40:48,1,08
18:04:33,0.13517,218.80,0.39982,11.82928,34.5415,2.90217,4.56083,50.00,0598:40:49,1,08
18:04:34,0.13522,218.80,0.39899,11.81568,34.50179,2.90217,4.56083,50.00,0598:40:50,1,08
18:04:35,0.13522,218.80,0.39899,11.81568,34.50179,2.90217,4.56083,50.00,0598:40:51,1,08
18:04:37,0.13584,218.70,0.39478,11.7341,34.26358,2.90217,4.56083,49.99,0598:40:53,1,08
18:04:38,0.13644,218.80,0.40209,12.00604,35.05763,2.90217,4.56083,49.99,0598:40:54,1,08
18:04:39,0.13498,218.90,0.39926,11.80208,34.46209,2.90217,4.56083,49.99,0598:40:55,1,08
18:04:40,0.13529,219.00,0.39817,11.80208,34.46209,2.90217,4.56083,49.99,0598:40:56,1,08
18:04:41,0.13559,219.10,0.39799,11.82928,34.5415,2.90217,4.56083,49.99,0598:40:57,1,08
18:04:42,0.13522,219.10,0.39771,11.78849,34.42239,2.90217,4.56083,49.99,0598:40:58,1,08
18:04:44,0.13437,218.90,0.40065,11.78849,34.42239,2.90217,4.56083,50.00,0598:41:00,1,08
18:04:45,0.13504,218.90,0.3989,11.80208,34.46209,2.90217,4.56083,50.00,0598:41:01,1,08
18:04:49,0.13504,219.00,0.39936,11.81568,34.50179,2.90217,4.56083,50.01,0598:41:05,1,08
18:04:51,0.13517,219.20,0.39817,11.80208,34.46209,2.90217,4.56083,50.03,0598:41:07,1,08
18:04:53,0.13486,219.00,0.39926,11.80208,34.46209,2.90227,4.56093,50.01,0598:41:09,1,08
18:04:54,0.13449,218.90,0.40028,11.78849,34.42239,2.90227,4.56093,50.01,0598:41:10,1,08
18:04:58,0.13498,218.50,0.39908,11.77489,34.38269,2.90227,4.56093,50.03,0598:41:14,1,08
18:05:02,0.134,218.30,0.40288,11.78849,34.42239,2.90227,4.56093,50.04,0598:41:18,1,08
18:05:04,0.13369,218.40,0.40317,11.77489,34.38269,2.90227,4.56093,50.03,0598:41:20,1,08
18:05:06,0.134,218.30,0.40288,11.78849,34.42239,2.90227,4.56093,50.03,0598:41:22,1,08
18:05:07,0.13437,218.40,0.40176,11.78849,34.42239,2.90227,4.56093,50.03,0598:41:23,1,08
18:05:08,0.13345,218.30,0.40345,11.7613,34.34298,2.90227,4.56093,50.03,0598:41:24,1,08
18:05:09,0.134,218.20,0.40381,11.81568,34.50179,2.90227,4.56093,50.04,0598:41:25,1,08
18:05:10,0.13492,218.40,0.40129,11.82928,34.5415,2.90227,4.56093,50.04,0598:41:26,1,08
18:05:12,0.13511,218.50,0.39963,11.80208,34.46209,2.90227,4.56093,50.04,0598:41:28,1,08
18:05:16,0.13431,218.60,0.40231,11.81568,34.50179,2.90227,4.56103,50.03,0598:41:33,1,08
18:05:17,0.13522,218.50,0.3988,11.78849,34.42239,2.90227,4.56103,50.03,0598:41:33,1,08
18:05:18,0.13511,218.60,0.39972,11.81568,34.50179,2.90227,4.56103,50.04,0598:41:34,1,08
18:05:22,0.13474,218.90,0.40046,11.81568,34.50179,2.90227,4.56103,50.03,0598:41:39,1,08
18:05:23,0.1348,219.20,0.40064,11.84288,34.5812,2.90227,4.56103,50.03,0598:41:39,1,08
18:05:26,0.13486,219.40,0.3989,11.80208,34.46209,2.90237,4.56103,50.01,0598:41:42,1,08
18:05:32,0.1348,219.00,0.39917,11.78849,34.42239,2.90237,4.56103,50.01,0598:41:47,1,08
18:05:33,0.13419,218.20,0.40065,11.7341,34.26358,2.90237,4.56103,50.01,0598:41:49,1,08
18:05:36,0.13412,218.10,0.40242,11.77489,34.38269,2.90237,4.56114,50.00,0598:41:51,1,08
18:05:37,0.13431,218.10,0.40167,11.77489,34.38269,2.90237,4.56114,50.00,0598:41:52,1,08
18:05:38,0.13492,218.10,0.40074,11.80208,34.46209,2.90237,4.56114,49.97,0598:41:53,1,08
18:05:39,0.13486,218.30,0.40212,11.84288,34.5812,2.90237,4.56114,49.97,0598:41:55,1,08
18:05:41,0.1348,218.30,0.4012,11.81568,34.50179,2.90237,4.56114,49.97,0598:41:57,1,08
18:05:43,0.13443,218.40,0.40185,11.80208,34.46209,2.90237,4.56114,49.97,0598:41:58,1,08
18:05:45,0.13553,218.40,0.39761,11.77489,34.38269,2.90237,4.56114,49.97,0598:42:01,1,08
18:05:46,0.13492,218.40,0.39806,11.7341,34.26358,2.90237,4.56114,49.97,0598:42:02,1,08
18:05:49,0.13511,218.40,0.39963,11.80208,34.46209,2.90237,4.56114,49.97,0598:42:04,1,08
18:05:50,0.1359,218.40,0.39698,11.78849,34.42239,2.90237,4.56114,49.96,0598:42:05,1,08
18:05:53,0.13614,218.60,0.39726,11.82928,34.5415,2.90237,4.56114,49.96,0598:42:09,1,08
18:05:54,0.13614,218.60,0.39726,11.82928,34.5415,2.90237,4.56114,49.96,0598:42:09,1,08
18:05:55,0.13511,218.50,0.39641,11.70691,34.18417,2.90247,4.56124,49.97,0598:42:10,1,08
18:05:56,0.13553,218.50,0.39771,11.78849,34.42239,2.90247,4.56124,49.96,0598:42:12,1,08
18:05:59,0.13692,218.60,0.40191,12.03323,35.13704,2.90247,4.56124,49.96,0598:42:15,1,08
18:06:00,0.13547,218.60,0.40183,11.91086,34.77971,2.90247,4.56124,49.96,0598:42:16,1,08
18:06:03,0.13443,218.50,0.40194,11.81568,34.50179,2.90247,4.56124,49.96,0598:42:19,1,08
18:06:04,0.13345,218.50,0.40261,11.7477,34.30328,2.90247,4.56124,49.96,0598:42:20,1,08
18:06:05,0.134,218.50,0.40204,11.77489,34.38269,2.90247,4.56124,49.96,0598:42:21,1,08
18:06:06,0.13332,218.50,0.40438,11.78849,34.42239,2.90247,4.56124,49.97,0598:42:22,1,08
18:06:09,0.13498,218.60,0.39963,11.80208,34.46209,2.90247,4.56124,49.97,0598:42:25,1,08
18:06:10,0.13449,218.70,0.40065,11.78849,34.42239,2.90247,4.56124,49.97,0598:42:26,1,08
18:06:11,0.13517,218.70,0.4011,11.85647,34.6209,2.90247,4.56124,49.97,0598:42:27,1,08
18:06:13,0.13535,218.50,0.39844,11.78849,34.42239,2.90247,4.56124,49.99,0598:42:29,1,08
18:06:16,0.13517,218.80,0.39844,11.78849,34.42239,2.90247,4.56134,50.00,0598:42:32,1,08
18:06:18,0.13565,218.70,0.39789,11.81568,34.50179,2.90247,4.56134,50.00,0598:42:33,1,08
18:06:19,0.13529,218.60,0.39936,11.81568,34.50179,2.90247,4.56134,50.00,0598:42:35,1,08
18:06:20,0.13535,218.80,0.39899,11.81568,34.50179,2.90247,4.56134,50.01,0598:42:36,1,08
18:06:23,0.134,219.30,0.40148,11.80208,34.46209,2.90247,4.56134,50.00,0598:42:39,1,08
18:06:24,0.134,219.30,0.40148,11.80208,34.46209,2.90247,4.56134,50.01,0598:42:40,1,08
18:06:25,0.13425,219.40,0.40129,11.82928,34.5415,2.90247,4.56134,50.01,0598:42:41,1,08
18:06:28,0.13376,219.30,0.40176,11.78849,34.42239,2.90257,4.56134,50.04,0598:42:44,1,08
18:06:31,0.13529,219.10,0.39734,11.78849,34.42239,2.90257,4.56134,50.04,0598:42:47,1,08
18:06:32,0.13425,219.20,0.40065,11.78849,34.42239,2.90257,4.56134,50.05,0598:42:48,1,08
18:06:33,0.13437,219.00,0.40028,11.78849,34.42239,2.90257,4.56134,50.05,0598:42:49,1,08
18:06:34,0.13394,219.00,0.4013,11.77489,34.38269,2.90257,4.56134,50.05,0598:42:50,1,08
18:06:37,0.13412,219.00,0.40148,11.80208,34.46209,2.90257,4.56144,50.04,0598:42:53,1,08
18:06:38,0.134,218.90,0.40176,11.78849,34.42239,2.90257,4.56144,50.03,0598:42:54,1,08
18:06:39,0.13394,219.00,0.40176,11.78849,34.42239,2.90257,4.56144,50.03,0598:42:55,1,08
18:06:40,0.13412,218.90,0.40093,11.77489,34.38269,2.90257,4.56144,50.01,0598:42:56,1,08
18:06:44,0.13407,218.70,0.40222,11.80208,34.46209,2.90257,4.56144,50.01,0598:43:00,1,08
18:06:46,0.13381,218.90,0.40297,11.80208,34.46209,2.90257,4.56144,50.01,0598:43:02,1,08
18:06:48,0.14265,219.00,0.41652,13.0258,38.03534,2.90257,4.56144,50.00,0598:43:04,1,08
18:06:50,0.13425,218.90,0.40102,11.78849,34.42239,2.90257,4.56144,49.99,0598:43:06,1,08
18:06:54,0.13381,218.70,0.40297,11.80208,34.46209,2.90257,4.56144,49.97,0598:43:10,1,08
18:06:58,0.13295,218.50,0.40271,11.70691,34.18417,2.90267,4.56154,49.96,0598:43:14,1,08
18:07:05,0.13351,218.90,0.40419,11.81568,34.50179,2.90267,4.56154,49.95,0598:43:21,1,08
18:07:06,0.13338,218.90,0.40596,11.85647,34.6209,2.90267,4.56154,49.94,0598:43:22,1,08
18:07:08,0.13314,219.00,0.40401,11.78849,34.42239,2.90267,4.56154,49.95,0598:43:24,1,08
18:07:11,0.13345,219.10,0.40613,11.88367,34.70031,2.90267,4.56154,49.95,0598:43:27,1,08
18:07:14,0.13498,219.10,0.3989,11.80208,34.46209,2.90267,4.56154,49.94,0598:43:30,1,08
18:07:15,0.13412,219.10,0.40194,11.81568,34.50179,2.90267,4.56154,49.95,0598:43:31,1,08
18:07:17,0.13376,218.90,0.40297,11.80208,34.46209,2.90267,4.56164,49.95,0598:43:33,1,08
18:07:20,0.13449,218.70,0.40111,11.80208,34.46209,2.90267,4.56164,49.96,0598:43:36,1,08
18:07:27,0.13283,219.00,0.40654,11.82928,34.5415,2.90267,4.56164,49.99,0598:43:42,1,08
18:07:29,0.13283,218.80,0.40552,11.78849,34.42239,2.90278,4.56164,49.97,0598:43:45,1,08
18:07:31,0.13288,218.90,0.40561,11.80208,34.46209,2.90278,4.56164,49.99,0598:43:46,1,08
18:07:32,0.13295,218.80,0.40514,11.78849,34.42239,2.90278,4.56164,50.00,0598:43:47,1,08
18:07:39,0.13351,218.20,0.40438,11.78849,34.42239,2.90278,4.56174,50.01,0598:43:54,1,08
18:07:40,0.13288,218.00,0.40572,11.7613,34.34298,2.90278,4.56174,50.03,0598:43:56,1,08
18:07:48,0.13332,217.80,0.4059,11.78849,34.42239,2.90278,4.56174,50.03,0598:44:03,1,08
18:07:52,0.13381,218.10,0.4041,11.80208,34.46209,2.90278,4.56174,50.04,0598:44:08,1,08
18:07:53,0.13338,218.20,0.4057,11.81568,34.50179,2.90278,4.56174,50.04,0598:44:09,1,08
18:07:54,0.13338,218.20,0.4057,11.81568,34.50179,2.90278,4.56174,50.04,0598:44:09,1,08
18:07:55,0.1327,218.30,0.40666,11.78849,34.42239,2.90278,4.56174,50.04,0598:44:10,1,08
18:07:56,0.13283,218.30,0.40628,11.78849,34.42239,2.90278,4.56174,50.04,0598:44:12,1,08
18:07:57,0.13351,218.30,0.40401,11.78849,34.42239,2.90278,4.56174,50.04,0598:44:13,1,08
18:07:58,0.1332,218.30,0.40607,11.81568,34.50179,2.90288,4.56174,50.03,0598:44:14,1,08
18:07:59,0.1332,218.50,0.4071,11.85647,34.6209,2.90288,4.56184,50.03,0598:44:15,1,08
18:08:00,0.1332,218.50,0.4071,11.85647,34.6209,2.90288,4.56184,50.03,0598:44:15,1,08
18:08:01,0.13307,218.60,0.40654,11.82928,34.5415,2.90288,4.56184,50.03,0598:44:16,1,08
18:08:02,0.13326,218.70,0.40438,11.78849,34.42239,2.90288,4.56184,50.03,0598:44:18,1,08
18:08:03,0.13301,218.60,0.40514,11.78849,34.42239,2.90288,4.56184,50.03,0598:44:19,1,08
18:08:07,0.13437,218.50,0.40556,11.91086,34.77971,2.90288,4.56184,50.03,0598:44:23,1,08
18:08:09,0.13288,218.70,0.40505,11.77489,34.38269,2.90288,4.56184,50.03,0598:44:25,1,08
18:08:14,0.13202,219.10,0.40789,11.80208,34.46209,2.90288,4.56184,50.01,0598:44:30,1,08
18:08:16,0.13257,219.20,0.40552,11.78849,34.42239,2.90288,4.56184,50.01,0598:44:32,1,08
18:08:17,0.13246,219.10,0.40684,11.81568,34.50179,2.90288,4.56184,50.01,0598:44:33,1,08
18:08:19,0.13251,219.10,0.40684,11.81568,34.50179,2.90288,4.56184,49.99,0598:44:35,1,08
18:08:22,0.1322,219.20,0.4076,11.81568,34.50179,2.90288,4.56194,49.99,0598:44:38,1,08
18:08:24,0.13264,219.10,0.40645,11.81568,34.50179,2.90288,4.56194,49.99,0598:44:40,1,08
18:08:25,0.13196,219.00,0.40593,11.7341,34.26358,2.90288,4.56194,49.99,0598:44:41,1,08
18:08:27,0.13214,219.10,0.40751,11.80208,34.46209,2.90288,4.56194,49.99,0598:44:43,1,08
18:08:28,0.13189,219.10,0.40781,11.78849,34.42239,2.90288,4.56194,49.97,0598:44:44,1,08
18:08:29,0.13189,219.10,0.40781,11.78849,34.42239,2.90298,4.56194,49.97,0598:44:45,1,08
18:08:31,0.13307,218.80,0.40523,11.80208,34.46209,2.90298,4.56194,49.97,0598:44:47,1,08
18:08:32,0.13233,218.70,0.40657,11.77489,34.38269,2.90298,4.56194,49.97,0598:44:48,1,08
18:08:33,0.13283,218.80,0.40645,11.81568,34.50179,2.90298,4.56194,49.97,0598:44:49,1,08
18:08:35,0.13283,219.00,0.40607,11.81568,34.50179,2.90298,4.56194,49.96,0598:44:51,1,08
18:08:36,0.13239,218.90,0.40666,11.78849,34.42239,2.90298,4.56194,49.97,0598:44:52,1,08
18:08:37,0.13264,218.80,0.4059,11.78849,34.42239,2.90298,4.56194,49.97,0598:44:53,1,08
18:08:38,0.13214,218.70,0.4064,11.7477,34.30328,2.90298,4.56194,49.96,0598:44:54,1,08
18:08:40,0.1317,218.90,0.40952,11.81568,34.50179,2.90298,4.56204,49.95,0598:44:56,1,08
18:08:41,0.13088,219.00,0.41176,11.80208,34.46209,2.90298,4.56204,49.95,0598:44:57,1,08
18:08:45,0.13133,218.50,0.41051,11.78849,34.42239,2.90298,4.56204,49.97,0598:45:01,1,08
18:08:50,0.13069,218.50,0.41294,11.80208,34.46209,2.90298,4.56204,49.96,0598:45:06,1,08
18:08:51,0.13057,218.50,0.41333,11.80208,34.46209,2.90298,4.56204,49.96,0598:45:07,1,08
18:08:53,0.13107,218.70,0.41185,11.81568,34.50179,2.90298,4.56204,49.96,0598:45:09,1,08
18:08:54,0.13044,218.70,0.41238,11.77489,34.38269,2.90298,4.56204,49.96,0598:45:10,1,08
18:08:56,0.13038,218.80,0.41381,11.81568,34.50179,2.90298,4.56204,49.97,0598:45:12,1,08
18:09:05,0.12993,218.80,0.41396,11.77489,34.38269,2.90308,4.56214,50.00,0598:45:21,1,08
18:09:10,0.13233,219.20,0.41799,12.12841,35.41496,2.90308,4.56214,50.03,0598:45:26,1,08
18:09:15,0.13082,218.60,0.4116,11.77489,34.38269,2.90308,4.56214,50.04,0598:45:31,1,08
18:09:17,0.13063,218.50,0.41238,11.77489,34.38269,2.90308,4.56214,50.04,0598:45:33,1,08
18:09:18,0.13164,218.40,0.41021,11.80208,34.46209,2.90308,4.56214,50.05,0598:45:34,1,08
18:09:19,0.1305,218.50,0.41373,11.80208,34.46209,2.90308,4.56214,50.05,0598:45:35,1,08
18:09:21,0.13076,218.70,0.41255,11.80208,34.46209,2.90308,4.56214,50.05,0598:45:37,1,08
18:09:22,0.13114,218.80,0.41137,11.80208,34.46209,2.90308,4.56214,50.05,0598:45:38,1,08
18:09:26,0.13082,218.70,0.41263,11.81568,34.50179,2.90308,4.56224,50.03,0598:45:41,1,08
18:09:27,0.13063,218.80,0.41207,11.78849,34.42239,2.90308,4.56224,50.03,0598:45:42,1,08
18:09:28,0.13063,218.80,0.41302,11.81568,34.50179,2.90308,4.56224,50.03,0598:45:43,1,08
18:09:30,0.13057,218.60,0.41333,11.80208,34.46209,2.90308,4.56224,50.03,0598:45:45,1,08
18:09:32,0.13063,218.40,0.41238,11.77489,34.38269,2.90318,4.56224,50.03,0598:45:47,1,08
18:09:33,0.13101,218.40,0.41121,11.77489,34.38269,2.90318,4.56224,50.03,0598:45:48,1,08
18:09:36,0.13076,218.40,0.41389,11.82928,34.5415,2.90318,4.56224,50.03,0598:45:51,1,08
18:09:37,0.13069,218.40,0.41381,11.81568,34.50179,2.90318,4.56224,50.03,0598:45:52,1,08
18:09:38,0.13101,218.40,0.41168,11.78849,34.42239,2.90318,4.56224,50.01,0598:45:53,1,08
18:09:39,0.1305,218.30,0.41365,11.78849,34.42239,2.90318,4.56224,50.01,0598:45:54,1,08
18:09:40,0.13031,218.10,0.41396,11.77489,34.38269,2.90318,4.56224,50.01,0598:45:56,1,08
18:09:45,0.13076,218.40,0.41294,11.80208,34.46209,2.90318,4.56234,50.03,0598:46:01,1,08
18:09:46,0.13082,218.60,0.41207,11.78849,34.42239,2.90318,4.56234,50.01,0598:46:02,1,08
18:09:47,0.13082,218.60,0.41207,11.78849,34.42239,2.90318,4.56234,50.01,0598:46:02,1,08
18:09:48,0.13133,218.60,0.41051,11.78849,34.42239,2.90318,4.56234,50.01,0598:46:03,1,08
18:09:49,0.13057,218.50,0.41286,11.78849,34.42239,2.90318,4.56234,50.01,0598:46:04,1,08
18:09:52,0.13082,218.70,0.41121,11.77489,34.38269,2.90318,4.56234,50.01,0598:46:08,1,08
18:09:54,0.13063,218.80,0.41302,11.81568,34.50179,2.90318,4.56234,50.01,0598:46:09,1,08
18:09:55,0.13044,218.90,0.41333,11.80208,34.46209,2.90318,4.56234,50.01,0598:46:10,1,08
18:09:56,0.13133,218.90,0.41021,11.80208,34.46209,2.90318,4.56234,50.03,0598:46:12,1,08
18:09:57,0.13063,218.90,0.41207,11.78849,34.42239,2.90318,4.56234,50.03,0598:46:13,1,08
18:10:01,0.1312,218.60,0.41043,11.77489,34.38269,2.90318,4.56234,50.01,0598:46:16,1,08
18:10:02,0.1305,218.60,0.41277,11.77489,34.38269,2.90328,4.56234,50.01,0598:46:18,1,08
18:10:03,0.13057,218.50,0.41373,11.80208,34.46209,2.90328,4.56234,50.01,0598:46:19,1,08
18:10:04,0.13076,218.50,0.41246,11.78849,34.42239,2.90328,4.56234,50.00,0598:46:20,1,08
18:10:08,0.13063,217.90,0.415,11.81568,34.50179,2.90328,4.56245,50.01,0598:46:24,1,08
18:10:09,0.1305,217.90,0.41396,11.77489,34.38269,2.90328,4.56245,50.01,0598:46:25,1,08
18:10:12,0.13214,218.20,0.4147,11.96525,34.93852,2.90328,4.56245,50.01,0598:46:27,1,08
18:10:13,0.13025,218.20,0.41444,11.78849,34.42239,2.90328,4.56245,50.01,0598:46:29,1,08
18:10:14,0.12993,218.30,0.41611,11.80208,34.46209,2.90328,4.56245,50.00,0598:46:30,1,08
18:10:15,0.13069,218.30,0.41277,11.77489,34.38269,2.90328,4.56245,50.00,0598:46:31,1,08
18:10:17,0.13044,218.20,0.41356,11.77489,34.38269,2.90328,4.56245,50.00,0598:46:32,1,08
18:10:20,0.13157,217.90,0.41043,11.77489,34.38269,2.90328,4.56245,49.99,0598:46:36,1,08
18:10:22,0.13101,218.30,0.41207,11.78849,34.42239,2.90328,4.56245,50.00,0598:46:38,1,08
18:10:25,0.13133,218.30,0.41137,11.80208,34.46209,2.90328,4.56245,49.99,0598:46:41,1,08
18:10:29,0.13019,218.50,0.41396,11.77489,34.38269,2.90328,4.56255,50.00,0598:46:45,1,08
18:10:30,0.13069,218.40,0.41381,11.81568,34.50179,2.90328,4.56255,49.99,0598:46:46,1,08
18:10:31,0.13025,218.40,0.41491,11.80208,34.46209,2.90328,4.56255,49.99,0598:46:47,1,08
18:10:32,0.13,218.30,0.41571,11.80208,34.46209,2.90338,4.56255,49.97,0598:46:48,1,08
18:10:33,0.12974,218.40,0.41507,11.7613,34.34298,2.90338,4.56255,49.97,0598:46:49,1,08
18:10:34,0.12961,218.30,0.41354,11.70691,34.18417,2.90338,4.56255,49.99,0598:46:50,1,08
18:10:35,0.12987,218.20,0.41563,11.78849,34.42239,2.90338,4.56255,49.99,0598:46:51,1,08
18:10:39,0.12981,218.10,0.41603,11.78849,34.42239,2.90338,4.56255,49.99,0598:46:55,1,08
18:10:41,0.12923,218.20,0.41803,11.78849,34.42239,2.90338,4.56255,49.99,0598:46:57,1,08
18:10:43,0.12911,218.40,0.41811,11.80208,34.46209,2.90338,4.56255,49.97,0598:46:59,1,08
18:10:44,0.12923,218.40,0.41811,11.80208,34.46209,2.90338,4.56255,49.97,0598:47:00,1,08
18:10:46,0.12879,218.40,0.41884,11.78849,34.42239,2.90338,4.56255,49.99,0598:47:02,1,08
18:10:48,0.13057,218.40,0.41516,11.84288,34.5812,2.90338,4.56255,49.97,0598:47:04,1,08
18:10:49,0.1312,218.30,0.41176,11.80208,34.46209,2.90338,4.56255,49.97,0598:47:05,1,08
18:10:52,0.13082,218.40,0.41199,11.77489,34.38269,2.90338,4.56265,49.97,0598:47:08,1,08
18:10:53,0.13107,218.30,0.41168,11.78849,34.42239,2.90338,4.56265,49.97,0598:47:09,1,08
18:10:54,0.13101,218.30,0.41302,11.81568,34.50179,2.90338,4.56265,49.97,0598:47:10,1,08
18:10:58,0.13692,218.50,0.4178,12.50912,36.52664,2.90338,4.56265,49.97,0598:47:14,1,08
18:10:59,0.13157,218.50,0.41304,11.88367,34.70031,2.90338,4.56265,49.97,0598:47:15,1,08
18:11:00,0.13214,218.40,0.41243,11.91086,34.77971,2.90338,4.56265,49.99,0598:47:16,1,08
18:11:01,0.13214,218.50,0.41196,11.89726,34.74001,2.90338,4.56265,49.99,0598:47:17,1,08
18:11:02,0.13177,218.40,0.41313,11.89726,34.74001,2.90338,4.56265,49.97,0598:47:18,1,08
18:11:03,0.13251,218.40,0.41127,11.91086,34.77971,2.90349,4.56265,49.99,0598:47:19,1,08
18:11:05,0.13283,218.40,0.40964,11.89726,34.74001,2.90349,4.56265,49.99,0598:47:21,1,08
18:11:06,0.13202,218.50,0.41282,11.91086,34.77971,2.90349,4.56265,49.96,0598:47:22,1,08
18:11:08,0.13233,218.70,0.41174,11.92446,34.81942,2.90349,4.56265,49.99,0598:47:24,1,08
18:11:09,0.13164,218.80,0.41265,11.88367,34.70031,2.90349,4.56265,50.00,0598:47:25,1,08
18:11:10,0.13214,218.70,0.41204,11.91086,34.77971,2.90349,4.56265,50.00,0598:47:26,1,08
18:11:13,0.13114,218.70,0.4109,11.78849,34.42239,2.90349,4.56275,50.00,0598:47:29,1,08
18:11:15,0.13133,218.90,0.41627,11.96525,34.93852,2.90349,4.56275,50.01,0598:47:31,1,08
18:11:17,0.13107,218.90,0.41098,11.80208,34.46209,2.90349,4.56275,50.01,0598:47:33,1,08
18:11:18,0.13006,219.10,0.41508,11.82928,34.5415,2.90349,4.56275,50.03,0598:47:34,1,08
18:11:19,0.13031,219.10,0.41333,11.80208,34.46209,2.90349,4.56275,50.04,0598:47:35,1,08
18:11:20,0.13025,218.90,0.4123,11.7613,34.34298,2.90349,4.56275,50.04,0598:47:36,1,08
18:11:22,0.13095,218.70,0.41176,11.80208,34.46209,2.90349,4.56275,50.04,0598:47:38,1,08
18:11:24,0.13,218.60,0.41396,11.77489,34.38269,2.90349,4.56275,50.03,0598:47:40,1,08
18:11:27,0.13164,218.70,0.40888,11.77489,34.38269,2.90349,4.56275,50.03,0598:47:42,1,08
18:11:33,0.13196,219.00,0.40781,11.78849,34.42239,2.90349,4.56285,50.04,0598:47:48,1,08
18:11:34,0.13196,219.00,0.40781,11.78849,34.42239,2.90349,4.56285,50.04,0598:47:49,1,08
18:11:35,0.1322,218.90,0.40798,11.81568,34.50179,2.90359,4.56285,50.04,0598:47:50,1,08
18:11:36,0.13145,218.90,0.40926,11.77489,34.38269,2.90359,4.56285,50.04,0598:47:51,1,08
18:11:37,0.13202,218.70,0.40819,11.78849,34.42239,2.90359,4.56285,50.04,0598:47:52,1,08
18:11:40,0.13202,218.40,0.40763,11.7613,34.34298,2.90359,4.56285,50.03,0598:47:55,1,08
18:11:41,0.13207,218.30,0.40858,11.78849,34.42239,2.90359,4.56285,50.03,0598:47:56,1,08
18:11:44,0.13214,218.20,0.40999,11.82928,34.5415,2.90359,4.56285,50.03,0598:47:59,1,08
18:11:46,0.13251,218.30,0.4093,11.84288,34.5812,2.90359,4.56285,50.03,0598:48:01,1,08
18:11:50,0.13207,218.60,0.40819,11.78849,34.42239,2.90359,4.56285,50.03,0598:48:05,1,08
18:11:51,0.13226,218.70,0.40742,11.78849,34.42239,2.90359,4.56285,50.03,0598:48:07,1,08
18:11:52,0.13226,218.70,0.40742,11.78849,34.42239,2.90359,4.56285,50.03,0598:48:07,1,08
18:11:54,0.13207,219.00,0.40742,11.78849,34.42239,2.90359,4.56285,50.03,0598:48:09,1,08
18:11:56,0.13226,218.90,0.40704,11.78849,34.42239,2.90359,4.56295,50.01,0598:48:12,1,08
18:11:57,0.13189,218.80,0.40772,11.77489,34.38269,2.90359,4.56295,50.01,0598:48:13,1,08
18:11:58,0.13189,218.80,0.40772,11.77489,34.38269,2.90359,4.56295,50.01,0598:48:13,1,08
18:12:00,0.1327,218.30,0.40713,11.80208,34.46209,2.90359,4.56295,50.01,0598:48:15,1,08
18:12:04,0.1322,218.50,0.40828,11.80208,34.46209,2.90359,4.56295,50.01,0598:48:19,1,08
18:12:06,0.13307,218.70,0.40523,11.80208,34.46209,2.90369,4.56295,50.01,0598:48:21,1,08
18:12:07,0.13351,218.70,0.4041,11.80208,34.46209,2.90369,4.56295,50.01,0598:48:23,1,08
18:12:10,0.13388,218.80,0.40306,11.81568,34.50179,2.90369,4.56295,50.01,0598:48:25,1,08
18:12:11,0.13345,218.70,0.40503,11.82928,34.5415,2.90369,4.56295,50.01,0598:48:26,1,08
18:12:12,0.13295,218.60,0.40412,11.7477,34.30328,2.90369,4.56295,49.99,0598:48:28,1,08
18:12:13,0.13314,218.50,0.40523,11.80208,34.46209,2.90369,4.56295,49.99,0598:48:29,1,08
18:12:14,0.13376,218.70,0.40381,11.81568,34.50179,2.90369,4.56295,49.99,0598:48:30,1,08
18:12:18,0.13357,218.70,0.40884,11.95165,34.89882,2.90369,4.56305,49.97,0598:48:34,1,08
18:12:19,0.13394,218.70,0.4026,11.80208,34.46209,2.90369,4.56305,49.97,0598:48:35,1,08
18:12:20,0.13288,218.70,0.40645,11.81568,34.50179,2.90369,4.56305,49.97,0598:48:36,1,08
18:12:22,0.13314,218.60,0.4057,11.81568,34.50179,2.90369,4.56305,49.97,0598:48:37,1,08
18:12:24,0.13314,218.30,0.40599,11.80208,34.46209,2.90369,4.56305,49.95,0598:48:40,1,08
18:12:25,0.13288,218.10,0.40713,11.80208,34.46209,2.90369,4.56305,49.95,0598:48:41,1,08
18:12:26,0.13307,218.00,0.40628,11.78849,34.42239,2.90369,4.56305,49.96,0598:48:42,1,08
18:12:30,0.13301,218.30,0.4059,11.78849,34.42239,2.90369,4.56305,49.96,0598:48:46,1,08
18:12:33,0.13388,218.30,0.40419,11.81568,34.50179,2.90369,4.56305,49.95,0598:48:48,1,08
18:12:34,0.1327,218.40,0.4076,11.81568,34.50179,2.90369,4.56305,49.96,0598:48:50,1,08
18:12:37,0.13264,218.20,0.40516,11.7341,34.26358,2.90379,4.56315,49.96,0598:48:53,1,08
18:12:38,0.13425,218.20,0.40213,11.78849,34.42239,2.90379,4.56315,49.96,0598:48:54,1,08
18:12:39,0.1332,218.50,0.40523,11.80208,34.46209,2.90379,4.56315,49.96,0598:48:54,1,08
18:12:40,0.13301,218.70,0.40607,11.81568,34.50179,2.90379,4.56315,49.97,0598:48:56,1,08
18:12:43,0.13425,218.80,0.40148,11.80208,34.46209,2.90379,4.56315,49.96,0598:48:59,1,08
18:12:45,0.13425,218.70,0.4037,11.85647,34.6209,2.90379,4.56315,49.97,0598:49:01,1,08
18:12:46,0.13314,218.80,0.40438,11.78849,34.42239,2.90379,4.56315,49.96,0598:49:02,1,08
18:12:47,0.13449,218.90,0.40305,11.87007,34.6606,2.90379,4.56315,49.96,0598:49:03,1,08
18:12:48,0.13357,218.90,0.40056,11.7205,34.22387,2.90379,4.56315,49.97,0598:49:04,1,08
18:12:51,0.13381,219.10,0.40222,11.80208,34.46209,2.90379,4.56315,49.97,0598:49:07,1,08
18:12:53,0.13425,219.10,0.40065,11.78849,34.42239,2.90379,4.56315,49.99,0598:49:09,1,08
18:12:55,0.13407,219.10,0.40241,11.82928,34.5415,2.90379,4.56315,49.99,0598:49:11,1,08
18:12:56,0.13369,219.20,0.40213,11.78849,34.42239,2.90379,4.56315,49.99,0598:49:12,1,08
18:12:59,0.13376,219.00,0.40306,11.81568,34.50179,2.90379,4.56325,49.99,0598:49:15,1,08
18:13:00,0.13363,218.90,0.40335,11.80208,34.46209,2.90379,4.56325,49.99,0598:49:16,1,08
18:13:01,0.134,219.00,0.40185,11.80208,34.46209,2.90379,4.56325,49.99,0598:49:17,1,08
18:13:02,0.13412,219.00,0.40231,11.81568,34.50179,2.90379,4.56325,49.99,0598:49:18,1,08
18:13:04,0.13326,219.20,0.40419,11.81568,34.50179,2.90379,4.56325,50.00,0598:49:20,1,08
18:13:06,0.13376,219.20,0.4013,11.77489,34.38269,2.90389,4.56325,49.99,0598:49:22,1,08
18:13:07,0.13412,219.20,0.40157,11.81568,34.50179,2.90389,4.56325,49.99,0598:49:23,1,08
18:13:08,0.13759,219.30,0.40991,12.37315,36.12961,2.90389,4.56325,50.00,0598:49:24,1,08
18:13:09,0.13351,219.30,0.40344,11.81568,34.50179,2.90389,4.56325,50.01,0598:49:25,1,08
18:13:13,0.13363,219.00,0.40204,11.77489,34.38269,2.90389,4.56325,50.01,0598:49:29,1,08
18:13:16,0.1348,218.60,0.39945,11.77489,34.38269,2.90389,4.56325,50.03,0598:49:32,1,08
18:13:20,0.13492,218.90,0.4047,11.95165,34.89882,2.90389,4.56336,50.03,0598:49:36,1,08
18:13:21,0.13345,218.90,0.40326,11.78849,34.42239,2.90389,4.56336,50.03,0598:49:37,1,08
18:13:25,0.13443,218.60,0.40148,11.80208,34.46209,2.90389,4.56336,50.01,0598:49:41,1,08
18:13:30,0.13412,218.60,0.40176,11.78849,34.42239,2.90389,4.56336,50.03,0598:49:45,1,08
18:13:31,0.13407,218.70,0.40222,11.80208,34.46209,2.90389,4.56336,50.01,0598:49:46,1,08
18:13:32,0.13407,218.70,0.40222,11.80208,34.46209,2.90389,4.56336,50.01,0598:49:47,1,08
18:13:36,0.13468,218.70,0.40037,11.80208,34.46209,2.90389,4.56336,50.00,0598:49:51,1,08
18:13:37,0.13381,218.80,0.40297,11.80208,34.46209,2.90389,4.56336,50.00,0598:49:52,1,08
18:13:38,0.13388,218.90,0.4026,11.80208,34.46209,2.90399,4.56336,49.99,0598:49:53,1,08
18:13:42,0.13388,219.10,0.40176,11.78849,34.42239,2.90399,4.56346,49.97,0598:49:57,1,08
18:13:44,0.13474,219.10,0.40009,11.81568,34.50179,2.90399,4.56346,49.96,0598:49:59,1,08
18:13:45,0.13504,219.00,0.39936,11.81568,34.50179,2.90399,4.56346,49.96,0598:50:00,1,08
18:13:46,0.13504,219.00,0.39936,11.81568,34.50179,2.90399,4.56346,49.96,0598:50:01,1,08
18:13:47,0.13437,219.00,0.40166,11.82928,34.5415,2.90399,4.56346,49.95,0598:50:02,1,08
18:13:50,0.13449,218.90,0.4012,11.81568,34.50179,2.90399,4.56346,49.95,0598:50:05,1,08
18:13:51,0.13419,219.10,0.40157,11.81568,34.50179,2.90399,4.56346,49.95,0598:50:06,1,08
18:13:54,0.13492,219.30,0.39899,11.81568,34.50179,2.90399,4.56346,49.95,0598:50:09,1,08
18:13:56,0.13388,218.90,0.4026,11.80208,34.46209,2.90399,4.56346,49.96,0598:50:11,1,08
18:13:58,0.13394,218.70,0.39981,11.7205,34.22387,2.90399,4.56346,49.96,0598:50:13,1,08
18:13:59,0.13437,218.80,0.40111,11.80208,34.46209,2.90399,4.56346,49.96,0598:50:14,1,08
18:14:02,0.13376,218.80,0.40297,11.80208,34.46209,2.90399,4.56356,49.97,0598:50:18,1,08
18:14:03,0.13407,218.80,0.40269,11.81568,34.50179,2.90399,4.56356,49.97,0598:50:19,1,08
18:14:04,0.13407,218.80,0.40269,11.81568,34.50179,2.90399,4.56356,49.96,0598:50:19,1,08
18:14:06,0.13419,219.00,0.40148,11.80208,34.46209,2.90399,4.56356,49.97,0598:50:21,1,08
18:14:07,0.13437,219.00,0.40074,11.80208,34.46209,2.90399,4.56356,49.97,0598:50:22,1,08
18:14:08,0.13486,219.00,0.39972,11.81568,34.50179,2.90409,4.56356,49.99,0598:50:24,1,08
18:14:09,0.13443,219.20,0.40083,11.81568,34.50179,2.90409,4.56356,49.99,0598:50:25,1,08
18:14:11,0.13443,218.90,0.4012,11.81568,34.50179,2.90409,4.56356,49.99,0598:50:26,1,08
18:14:12,0.134,218.80,0.40306,11.81568,34.50179,2.90409,4.56356,49.99,0598:50:27,1,08
18:14:13,0.13431,218.70,0.40102,11.78849,34.42239,2.90409,4.56356,49.99,0598:50:29,1,08
18:14:15,0.13407,218.90,0.40231,11.81568,34.50179,2.90409,4.56356,50.00,0598:50:31,1,08
18:14:17,0.13412,219.00,0.40148,11.80208,34.46209,2.90409,4.56356,50.00,0598:50:32,1,08
18:14:18,0.13449,219.10,0.40037,11.80208,34.46209,2.90409,4.56356,50.01,0598:50:33,1,08
18:14:19,0.13425,219.10,0.40157,11.81568,34.50179,2.90409,4.56356,50.01,0598:50:35,1,08
18:14:20,0.13425,219.10,0.40111,11.80208,34.46209,2.90409,4.56366,50.00,0598:50:36,1,08
18:14:22,0.13407,219.20,0.40194,11.81568,34.50179,2.90409,4.56366,50.03,0598:50:37,1,08
18:14:25,0.1368,219.50,0.40362,12.12841,35.41496,2.90409,4.56366,50.03,0598:50:41,1,08
18:14:26,0.138,219.20,0.40476,12.25078,35.77228,2.90409,4.56366,50.03,0598:50:42,1,08
18:14:28,0.13699,219.00,0.40263,12.08762,35.29585,2.90409,4.56366,50.04,0598:50:43,1,08
18:14:29,0.13517,219.00,0.39899,11.81568,34.50179,2.90409,4.56366,50.04,0598:50:44,1,08
18:14:30,0.13412,218.90,0.40093,11.77489,34.38269,2.90409,4.56366,50.03,0598:50:46,1,08
18:14:31,0.13407,218.70,0.40176,11.78849,34.42239,2.90409,4.56366,50.03,0598:50:47,1,08
18:14:32,0.13455,218.50,0.40111,11.80208,34.46209,2.90409,4.56366,50.04,0598:50:48,1,08
18:14:34,0.134,218.10,0.40326,11.78849,34.42239,2.90409,4.56366,50.03,0598:50:49,1,08
18:14:35,0.13443,218.30,0.40315,11.82928,34.5415,2.90409,4.56366,50.03,0598:50:50,1,08
18:14:38,0.13369,218.40,0.4041,11.80208,34.46209,2.90419,4.56366,50.03,0598:50:54,1,08
18:14:39,0.1332,218.40,0.40561,11.80208,34.46209,2.90419,4.56366,50.03,0598:50:55,1,08
18:14:40,0.13345,218.60,0.40494,11.81568,34.50179,2.90419,4.56366,50.03,0598:50:55,1,08
18:14:41,0.13363,218.60,0.40326,11.78849,34.42239,2.90419,4.56376,50.03,0598:50:57,1,08
18:14:46,0.13351,218.50,0.40447,11.80208,34.46209,2.90419,4.56376,50.01,0598:51:02,1,08
18:14:47,0.13357,218.60,0.40456,11.81568,34.50179,2.90419,4.56376,50.01,0598:51:03,1,08
18:14:48,0.13301,218.80,0.40476,11.78849,34.42239,2.90419,4.56376,50.03,0598:51:04,1,08
18:14:53,0.13363,218.60,0.40326,11.78849,34.42239,2.90419,4.56376,50.01,0598:51:09,1,08
18:14:57,0.13351,218.30,0.40392,11.77489,34.38269,2.90419,4.56376,50.01,0598:51:13,1,08
18:14:59,0.13376,218.50,0.40326,11.78849,34.42239,2.90419,4.56376,49.99,0598:51:15,1,08
18:15:00,0.134,218.50,0.40251,11.78849,34.42239,2.90419,4.56376,49.99,0598:51:16,1,08
18:15:01,0.13443,218.60,0.40148,11.80208,34.46209,2.90419,4.56376,49.99,0598:51:17,1,08
18:15:02,0.13431,218.70,0.40194,11.81568,34.50179,2.90419,4.56387,49.99,0598:51:18,1,08
18:15:07,0.13363,218.60,0.40372,11.80208,34.46209,2.90419,4.56387,49.95,0598:51:23,1,08
18:15:08,0.13412,218.90,0.40278,11.82928,34.5415,2.90419,4.56387,49.95,0598:51:24,1,08
18:15:09,0.13381,219.20,0.40222,11.80208,34.46209,2.9043,4.56387,49.95,0598:51:25,1,08
18:15:10,0.1348,219.30,0.39972,11.81568,34.50179,2.9043,4.56387,49.95,0598:51:26,1,08
18:15:11,0.13455,219.30,0.40331,11.91086,34.77971,2.9043,4.56387,49.95,0598:51:27,1,08
18:15:12,0.13443,219.40,0.40092,11.82928,34.5415,2.9043,4.56387,49.94,0598:51:28,1,08
18:15:13,0.13394,219.30,0.40278,11.82928,34.5415,2.9043,4.56387,49.94,0598:51:29,1,08
18:15:17,0.13419,219.20,0.40111,11.80208,34.46209,2.9043,4.56387,49.94,0598:51:33,1,08
18:15:19,0.13326,219.30,0.40419,11.81568,34.50179,2.9043,4.56387,49.95,0598:51:35,1,08
18:15:20,0.13332,219.30,0.40381,11.81568,34.50179,2.9043,4.56387,49.95,0598:51:36,1,08
18:15:24,0.13307,219.00,0.40392,11.77489,34.38269,2.9043,4.56397,49.95,0598:51:39,1,08
18:15:26,0.13449,219.10,0.40637,11.97884,34.97823,2.9043,4.56397,49.95,0598:51:41,1,08
18:15:27,0.13455,219.10,0.4059,11.96525,34.93852,2.9043,4.56397,49.95,0598:51:42,1,08
18:15:30,0.13381,218.90,0.40344,11.81568,34.50179,2.9043,4.56397,49.95,0598:51:45,1,08
18:15:31,0.13326,218.80,0.40447,11.80208,34.46209,2.9043,4.56397,49.95,0598:51:46,1,08
18:15:33,0.13314,218.30,0.40225,11.69331,34.14447,2.9043,4.56397,49.95,0598:51:48,1,08
18:15:35,0.13388,218.40,0.40381,11.81568,34.50179,2.9043,4.56397,49.95,0598:51:50,1,08
18:15:37,0.13407,218.70,0.40269,11.81568,34.50179,2.9043,4.56397,49.95,0598:51:52,1,08
18:15:38,0.13363,219.00,0.40251,11.78849,34.42239,2.9043,4.56397,49.95,0598:51:53,1,08
18:15:40,0.13443,218.90,0.4012,11.81568,34.50179,2.9043,4.56397,49.95,0598:51:55,1,08
18:15:41,0.13345,218.90,0.40419,11.81568,34.50179,2.9044,4.56397,49.95,0598:51:56,1,08
18:15:44,0.13468,219.20,0.39963,11.80208,34.46209,2.9044,4.56407,49.95,0598:51:59,1,08
18:15:45,0.13357,219.30,0.40204,11.77489,34.38269,2.9044,4.56407,49.95,0598:52:00,1,08
18:15:48,0.13307,218.80,0.40476,11.78849,34.42239,2.9044,4.56407,49.95,0598:52:03,1,08
18:15:53,0.1332,218.90,0.40447,11.80208,34.46209,2.9044,4.56407,49.95,0598:52:08,1,08
18:15:54,0.13257,218.90,0.4059,11.78849,34.42239,2.9044,4.56407,49.95,0598:52:09,1,08
18:15:55,0.13233,219.00,0.40572,11.7613,34.34298,2.9044,4.56407,49.95,0598:52:10,1,08
18:15:57,0.13301,219.40,0.40494,11.81568,34.50179,2.9044,4.56407,49.95,0598:52:13,1,08
18:15:58,0.13301,219.40,0.40494,11.81568,34.50179,2.9044,4.56407,49.96,0598:52:13,1,08
18:16:00,0.1327,219.40,0.40523,11.80208,34.46209,2.9044,4.56407,49.95,0598:52:15,1,08
18:16:01,0.13264,219.20,0.40561,11.80208,34.46209,2.9044,4.56407,49.95,0598:52:16,1,08
18:16:06,0.13276,219.20,0.40523,11.80208,34.46209,2.9044,4.56417,49.95,0598:52:21,1,08
18:16:07,0.13338,219.10,0.40326,11.78849,34.42239,2.9044,4.56417,49.95,0598:52:22,1,08
18:16:08,0.13301,219.20,0.40485,11.80208,34.46209,2.9044,4.56417,49.96,0598:52:24,1,08
18:16:12,0.13381,219.20,0.40361,11.84288,34.5812,2.9045,4.56417,49.96,0598:52:27,1,08
18:16:13,0.13351,219.30,0.40436,11.84288,34.5812,2.9045,4.56417,49.96,0598:52:29,1,08
18:16:14,0.13283,219.50,0.40625,11.84288,34.5812,2.9045,4.56417,49.96,0598:52:30,1,08
18:16:15,0.1327,219.40,0.40523,11.80208,34.46209,2.9045,4.56417,49.96,0598:52:30,1,08
18:16:16,0.13257,219.40,0.40234,11.70691,34.18417,2.9045,4.56417,49.96,0598:52:31,1,08
18:16:17,0.134,219.30,0.40194,11.81568,34.50179,2.9045,4.56417,49.96,0598:52:32,1,08
18:16:19,0.13301,219.20,0.40494,11.81568,34.50179,2.9045,4.56417,49.97,0598:52:35,1,08
18:16:20,0.13307,219.20,0.40447,11.80208,34.46209,2.9045,4.56417,49.96,0598:52:36,1,08
18:16:21,0.13332,219.30,0.40427,11.82928,34.5415,2.9045,4.56417,49.96,0598:52:36,1,08
18:16:23,0.1332,219.50,0.40372,11.80208,34.46209,2.9045,4.56417,49.96,0598:52:38,1,08
18:16:26,0.13338,219.20,0.40427,11.82928,34.5415,2.9045,4.56427,49.97,0598:52:42,1,08
18:16:27,0.13314,219.20,0.40363,11.78849,34.42239,2.9045,4.56427,49.97,0598:52:42,1,08
18:16:29,0.13419,219.00,0.40657,11.95165,34.89882,2.9045,4.56427,50.00,0598:52:45,1,08
18:16:32,0.13189,218.80,0.40678,11.7477,34.30328,2.9045,4.56427,49.99,0598:52:48,1,08
18:16:34,0.13257,219.00,0.40637,11.80208,34.46209,2.9045,4.56427,50.00,0598:52:49,1,08
18:16:38,0.13288,219.30,0.40392,11.77489,34.38269,2.9045,4.56427,50.01,0598:52:54,1,08
18:16:39,0.13251,219.10,0.40684,11.81568,34.50179,2.9045,4.56427,50.01,0598:52:54,1,08
18:16:40,0.13246,219.10,0.40637,11.80208,34.46209,2.9045,4.56427,50.00,0598:52:56,1,08
18:16:51,0.13307,219.50,0.40326,11.78849,34.42239,2.9046,4.56437,49.99,0598:53:07,1,08
18:16:53,0.13246,219.30,0.40645,11.81568,34.50179,2.9046,4.56437,49.97,0598:53:09,1,08
18:16:54,0.13233,219.30,0.40777,11.84288,34.5812,2.9046,4.56437,49.97,0598:53:10,1,08
18:16:55,0.13314,219.50,0.40419,11.81568,34.50179,2.9046,4.56437,49.97,0598:53:11,1,08
18:16:59,0.13233,219.60,0.40599,11.80208,34.46209,2.9046,4.56437,49.95,0598:53:15,1,08
18:17:00,0.13326,219.70,0.40436,11.84288,34.5812,2.9046,4.56437,49.96,0598:53:16,1,08
18:17:01,0.13226,219.90,0.40654,11.82928,34.5415,2.9046,4.56437,49.95,0598:53:17,1,08
18:17:02,0.13332,219.80,0.40584,11.89726,34.74001,2.9046,4.56437,49.95,0598:53:18,1,08
18:17:03,0.1327,219.70,0.40541,11.82928,34.5415,2.9046,4.56437,49.95,0598:53:19,1,08
18:17:04,0.13233,219.60,0.40599,11.80208,34.46209,2.9046,4.56437,49.95,0598:53:20,1,08
18:17:05,0.13246,219.60,0.40327,11.7341,34.26358,2.9046,4.56437,49.95,0598:53:21,1,08
18:17:06,0.13239,219.60,0.40607,11.81568,34.50179,2.9046,4.56437,49.96,0598:53:22,1,08
18:17:12,0.13369,219.60,0.40278,11.82928,34.5415,2.9047,4.56447,49.95,0598:53:28,1,08
18:17:14,0.134,219.50,0.39972,11.7613,34.34298,2.9047,4.56447,49.95,0598:53:30,1,08
18:17:19,0.13332,219.50,0.40251,11.78849,34.42239,2.9047,4.56447,49.96,0598:53:34,1,08
18:17:20,0.13295,219.40,0.40541,11.82928,34.5415,2.9047,4.56447,49.96,0598:53:35,1,08
18:17:22,0.13276,219.30,0.4057,11.81568,34.50179,2.9047,4.56447,49.96,0598:53:37,1,08
18:17:26,0.13295,219.30,0.40532,11.81568,34.50179,2.9047,4.56447,49.95,0598:53:41,1,08
18:17:27,0.13295,219.30,0.40532,11.81568,34.50179,2.9047,4.56447,49.95,0598:53:42,1,08
18:17:28,0.13246,219.30,0.40599,11.80208,34.46209,2.9047,4.56447,49.95,0598:53:43,1,08
18:17:29,0.1423,219.40,0.41819,13.0666,38.15446,2.9047,4.56458,49.96,0598:53:44,1,08
18:17:30,0.1322,219.50,0.40684,11.81568,34.50179,2.9047,4.56458,49.95,0598:53:45,1,08
18:17:31,0.13276,219.40,0.40625,11.84288,34.5812,2.9047,4.56458,49.95,0598:53:46,1,08
18:17:32,0.13407,219.30,0.40796,11.99244,35.01793,2.9047,4.56458,49.96,0598:53:47,1,08
18:17:34,0.13535,219.10,0.40422,11.99244,35.01793,2.9047,4.56458,49.95,0598:53:49,1,08
18:17:37,0.13226,219.20,0.40675,11.80208,34.46209,2.9047,4.56458,49.94,0598:53:52,1,08
18:17:38,0.13332,219.10,0.40512,11.84288,34.5812,2.9047,4.56458,49.95,0598:53:53,1,08
18:17:39,0.13332,219.10,0.40512,11.84288,34.5812,2.9047,4.56458,49.95,0598:53:54,1,08
18:17:42,0.13314,218.30,0.40692,11.82928,34.5415,2.9047,4.56458,49.95,0598:53:57,1,08
18:17:44,0.13251,218.10,0.40554,11.7341,34.26358,2.9048,4.56458,49.95,0598:53:59,1,08
18:17:45,0.13251,218.10,0.40554,11.7341,34.26358,2.9048,4.56458,49.95,0598:54:00,1,08
18:17:46,0.13307,218.40,0.40599,11.80208,34.46209,2.9048,4.56458,49.96,0598:54:01,1,08
18:17:49,0.13326,218.50,0.40616,11.82928,34.5415,2.9048,4.56458,49.95,0598:54:04,1,08
18:17:50,0.13301,218.60,0.40607,11.81568,34.50179,2.9048,4.56468,49.97,0598:54:05,1,08
18:17:51,0.13301,218.60,0.40607,11.81568,34.50179,2.9048,4.56468,49.97,0598:54:06,1,08
18:17:53,0.13338,218.60,0.40354,11.77489,34.38269,2.9048,4.56468,49.96,0598:54:08,1,08
18:17:56,0.13301,218.60,0.40561,11.80208,34.46209,2.9048,4.56468,49.97,0598:54:11,1,08
18:17:58,0.1332,218.50,0.40476,11.78849,34.42239,2.9048,4.56468,49.96,0598:54:13,1,08
18:18:00,0.13345,218.70,0.4041,11.80208,34.46209,2.9048,4.56468,49.99,0598:54:15,1,08
18:18:02,0.13288,218.60,0.40552,11.78849,34.42239,2.9048,4.56468,50.00,0598:54:17,1,08
18:18:03,0.13283,218.40,0.40675,11.80208,34.46209,2.9048,4.56468,50.00,0598:54:18,1,08
18:18:04,0.13226,218.40,0.40781,11.78849,34.42239,2.9048,4.56468,50.00,0598:54:19,1,08
18:18:05,0.13196,218.20,0.40888,11.77489,34.38269,2.9048,4.56468,50.00,0598:54:20,1,08
18:18:07,0.13246,218.10,0.40781,11.78849,34.42239,2.9048,4.56468,49.99,0598:54:23,1,08
18:18:09,0.13226,218.30,0.40913,11.81568,34.50179,2.9048,4.56468,50.00,0598:54:24,1,08
18:18:12,0.13264,218.50,0.4076,11.81568,34.50179,2.9048,4.56478,50.01,0598:54:27,1,08
18:18:18,0.13314,218.60,0.40476,11.78849,34.42239,2.9049,4.56478,50.00,0598:54:33,1,08
18:18:20,0.13357,218.50,0.40503,11.82928,34.5415,2.9049,4.56478,50.03,0598:54:36,1,08
18:18:22,0.13295,218.70,0.40514,11.78849,34.42239,2.9049,4.56478,50.03,0598:54:37,1,08
18:18:23,0.13338,218.60,0.40447,11.80208,34.46209,2.9049,4.56478,50.03,0598:54:38,1,08
18:18:26,0.13407,218.80,0.40315,11.82928,34.5415,2.9049,4.56478,50.03,0598:54:42,1,08
18:18:27,0.13314,218.90,0.40532,11.81568,34.50179,2.9049,4.56478,50.03,0598:54:42,1,08
18:18:28,0.1332,218.80,0.40438,11.78849,34.42239,2.9049,4.56478,50.03,0598:54:43,1,08
18:18:29,0.13301,218.90,0.40523,11.80208,34.46209,2.9049,4.56478,50.03,0598:54:44,1,08
18:18:31,0.1327,218.70,0.40543,11.77489,34.38269,2.9049,4.56488,50.01,0598:54:47,1,08
18:18:32,0.13257,218.50,0.40666,11.78849,34.42239,2.9049,4.56488,50.03,0598:54:48,1,08
18:18:33,0.13345,218.50,0.40587,11.84288,34.5812,2.9049,4.56488,50.03,0598:54:48,1,08
18:18:35,0.13455,219.00,0.40498,11.93806,34.85912,2.9049,4.56488,50.04,0598:54:51,1,08
18:18:36,0.13468,219.00,0.40645,11.99244,35.01793,2.9049,4.56488,50.03,0598:54:52,1,08
18:18:37,0.13301,219.00,0.40476,11.78849,34.42239,2.9049,4.56488,50.03,0598:54:53,1,08
18:18:39,0.13233,219.10,0.40675,11.80208,34.46209,2.9049,4.56488,50.03,0598:54:54,1,08
18:18:41,0.1327,219.10,0.40654,11.82928,34.5415,2.9049,4.56488,50.03,0598:54:57,1,08
18:18:42,0.1327,219.20,0.40607,11.81568,34.50179,2.9049,4.56488,50.03,0598:54:58,1,08
18:18:45,0.13301,219.40,0.40456,11.81568,34.50179,2.905,4.56488,50.01,0598:55:00,1,08
18:18:46,0.13207,219.50,0.40722,11.81568,34.50179,2.905,4.56488,50.00,0598:55:02,1,08
18:18:48,0.13246,219.30,0.40692,11.82928,34.5415,2.905,4.56488,50.00,0598:55:04,1,08
18:18:51,0.13246,219.40,0.40645,11.81568,34.50179,2.905,4.56488,49.99,0598:55:06,1,08
18:18:52,0.13226,219.50,0.40637,11.80208,34.46209,2.905,4.56498,49.97,0598:55:08,1,08
18:18:54,0.13492,219.60,0.39862,11.81568,34.50179,2.905,4.56498,49.99,0598:55:10,1,08
18:18:55,0.13376,219.60,0.40241,11.82928,34.5415,2.905,4.56498,49.99,0598:55:11,1,08
18:18:56,0.13357,219.50,0.40352,11.82928,34.5415,2.905,4.56498,49.97,0598:55:12,1,08
18:18:58,0.13326,219.50,0.40474,11.84288,34.5812,2.905,4.56498,49.96,0598:55:14,1,08
18:18:59,0.13326,219.60,0.40195,11.7613,34.34298,2.905,4.56498,49.96,0598:55:15,1,08
18:19:03,0.13351,219.20,0.4039,11.82928,34.5415,2.905,4.56498,49.95,0598:55:19,1,08
18:19:04,0.13419,219.00,0.40564,11.92446,34.81942,2.905,4.56498,49.95,0598:55:20,1,08
18:19:09,0.13394,219.40,0.40657,11.95165,34.89882,2.905,4.56498,49.94,0598:55:25,1,08
18:19:11,0.13357,219.40,0.40816,11.96525,34.93852,2.905,4.56498,49.96,0598:55:27,1,08
18:19:12,0.13301,219.50,0.40503,11.82928,34.5415,2.905,4.56498,49.95,0598:55:28,1,08
18:19:13,0.13246,219.50,0.40561,11.80208,34.46209,2.905,4.56508,49.96,0598:55:29,1,08
18:19:17,0.13239,219.50,0.40599,11.80208,34.46209,2.90511,4.56508,49.96,0598:55:32,1,08
18:19:19,0.13214,219.40,0.40722,11.81568,34.50179,2.90511,4.56508,49.99,0598:55:34,1,08
18:19:20,0.13257,219.40,0.40607,11.81568,34.50179,2.90511,4.56508,49.99,0598:55:35,1,08
18:19:22,0.13283,219.50,0.40578,11.82928,34.5415,2.90511,4.56508,49.99,0598:55:37,1,08
18:19:25,0.13257,219.20,0.40599,11.80208,34.46209,2.90511,4.56508,49.99,0598:55:40,1,08
18:19:27,0.13196,219.20,0.40836,11.81568,34.50179,2.90511,4.56508,49.99,0598:55:42,1,08
18:19:28,0.13239,219.20,0.4059,11.78849,34.42239,2.90511,4.56508,49.99,0598:55:43,1,08
18:19:29,0.13314,219.30,0.40456,11.81568,34.50179,2.90511,4.56508,50.00,0598:55:44,1,08
18:19:31,0.13338,219.30,0.40335,11.80208,34.46209,2.90511,4.56508,50.01,0598:55:46,1,08
18:19:33,0.13332,219.20,0.40326,11.78849,34.42239,2.90511,4.56508,50.03,0598:55:48,1,08
18:19:39,0.13674,218.20,0.41348,12.34596,36.05021,2.90511,4.56518,50.04,0598:55:54,1,08
18:19:41,0.13559,218.40,0.41001,12.14201,35.45466,2.90511,4.56518,50.04,0598:55:56,1,08
18:19:43,0.13363,218.20,0.4068,11.87007,34.6606,2.90511,4.56518,50.04,0598:55:58,1,08
18:19:44,0.13295,218.30,0.41011,11.91086,34.77971,2.90511,4.56518,50.04,0598:55:59,1,08
18:19:45,0.13295,218.30,0.41011,11.91086,34.77971,2.90511,4.56518,50.04,0598:56:00,1,08
18:19:47,0.13388,218.70,0.40669,11.91086,34.77971,2.90521,4.56518,50.04,0598:56:02,1,08
18:19:48,0.13301,218.80,0.40803,11.88367,34.70031,2.90521,4.56518,50.01,0598:56:03,1,08
18:19:49,0.13301,218.90,0.4085,11.89726,34.74001,2.90521,4.56518,50.01,0598:56:04,1,08
18:19:54,0.13376,219.10,0.40631,11.91086,34.77971,2.90521,4.56518,50.03,0598:56:09,1,08
18:19:57,0.13381,219.40,0.40602,11.92446,34.81942,2.90521,4.56528,50.03,0598:56:12,1,08
18:19:59,0.13381,219.40,0.40556,11.91086,34.77971,2.90521,4.56528,50.03,0598:56:14,1,08
18:20:00,0.13455,219.40,0.40285,11.89726,34.74001,2.90521,4.56528,50.03,0598:56:15,1,08
18:20:01,0.13431,219.20,0.40074,11.80208,34.46209,2.90521,4.56528,50.03,0598:56:16,1,08
18:20:02,0.134,218.80,0.40593,11.91086,34.77971,2.90521,4.56528,50.01,0598:56:18,1,08
18:20:04,0.13381,218.80,0.40576,11.88367,34.70031,2.90521,4.56528,50.01,0598:56:19,1,08
18:20:05,0.13425,218.90,0.40518,11.91086,34.77971,2.90521,4.56528,50.01,0598:56:20,1,08
18:20:06,0.13443,218.90,0.40397,11.89726,34.74001,2.90521,4.56528,50.01,0598:56:21,1,08
18:20:07,0.13437,218.80,0.40342,11.87007,34.6606,2.90521,4.56528,50.01,0598:56:22,1,08
18:20:09,0.13394,218.80,0.40584,11.89726,34.74001,2.90521,4.56528,50.01,0598:56:24,1,08
18:20:12,0.13407,218.70,0.40547,11.89726,34.74001,2.90521,4.56528,49.99,0598:56:27,1,08
18:20:14,0.13363,218.90,0.40613,11.88367,34.70031,2.90521,4.56528,49.97,0598:56:30,1,08
18:20:15,0.13407,219.00,0.40278,11.82928,34.5415,2.90521,4.56528,49.97,0598:56:30,1,08
18:20:16,0.13357,219.10,0.40576,11.88367,34.70031,2.90531,4.56538,49.96,0598:56:31,1,08
18:20:17,0.134,219.10,0.40509,11.89726,34.74001,2.90531,4.56538,49.96,0598:56:32,1,08
18:20:25,0.1332,219.20,0.4027,11.7613,34.34298,2.90531,4.56538,49.95,0598:56:41,1,08
18:20:26,0.13455,219.40,0.4047,11.95165,34.89882,2.90531,4.56538,49.94,0598:56:42,1,08
18:20:28,0.13357,219.30,0.40538,11.88367,34.70031,2.90531,4.56538,49.95,0598:56:43,1,08
18:20:29,0.13474,219.30,0.4034,11.92446,34.81942,2.90531,4.56538,49.95,0598:56:45,1,08
18:20:32,0.13431,219.00,0.40481,11.91086,34.77971,2.90531,4.56538,49.96,0598:56:48,1,08
18:20:34,0.13443,218.90,0.40166,11.82928,34.5415,2.90531,4.56538,49.95,0598:56:49,1,08
18:20:35,0.13412,219.00,0.40463,11.88367,34.70031,2.90531,4.56538,49.95,0598:56:51,1,08
18:20:40,0.13363,219.50,0.40593,11.91086,34.77971,2.90531,4.56549,49.95,0598:56:55,1,08
18:20:42,0.13541,219.60,0.40859,12.1556,35.49436,2.90531,4.56549,49.96,0598:56:58,1,08
18:20:43,0.13437,219.40,0.40369,11.91086,34.77971,2.90531,4.56549,49.96,0598:56:59,1,08
18:20:45,0.13357,219.40,0.40352,11.82928,34.5415,2.90531,4.56549,49.99,0598:57:00,1,08
18:20:46,0.13425,219.40,0.40452,11.92446,34.81942,2.90541,4.56549,49.97,0598:57:02,1,08
18:20:47,0.13407,219.40,0.40481,11.91086,34.77971,2.90541,4.56549,49.97,0598:57:03,1,08
18:20:49,0.13412,219.70,0.40406,11.91086,34.77971,2.90541,4.56549,49.97,0598:57:05,1,08
18:20:50,0.134,219.70,0.40443,11.91086,34.77971,2.90541,4.56549,49.99,0598:57:06,1,08
18:20:56,0.13474,219.50,0.40211,11.89726,34.74001,2.90541,4.56549,50.00,0598:57:12,1,08
18:20:58,0.13498,219.40,0.40229,11.92446,34.81942,2.90541,4.56559,49.99,0598:57:14,1,08
18:20:59,0.13461,219.40,0.40156,11.87007,34.6606,2.90541,4.56559,49.99,0598:57:15,1,08
18:21:03,0.13492,219.70,0.40147,11.91086,34.77971,2.90541,4.56559,50.01,0598:57:19,1,08
18:21:04,0.13449,219.70,0.40248,11.89726,34.74001,2.90541,4.56559,50.03,0598:57:20,1,08
18:21:06,0.13449,219.70,0.40294,11.91086,34.77971,2.90541,4.56559,50.03,0598:57:21,1,08
18:21:07,0.13498,219.80,0.40055,11.88367,34.70031,2.90541,4.56559,50.03,0598:57:22,1,08
18:21:09,0.13437,219.40,0.40276,11.88367,34.70031,2.90541,4.56559,50.03,0598:57:24,1,08
18:21:11,0.13455,219.50,0.40294,11.91086,34.77971,2.90541,4.56559,50.03,0598:57:26,1,08
18:21:12,0.13535,219.60,0.40256,11.96525,34.93852,2.90541,4.56559,50.03,0598:57:27,1,08
18:21:15,0.13425,219.50,0.40083,11.81568,34.50179,2.90541,4.56559,50.01,0598:57:30,1,08
18:21:16,0.13425,219.50,0.40083,11.81568,34.50179,2.90541,4.56559,50.01,0598:57:31,1,08
18:21:17,0.13449,219.50,0.39963,11.80208,34.46209,2.90551,4.56559,50.03,0598:57:32,1,08
18:21:22,0.13437,219.50,0.40046,11.81568,34.50179,2.90551,4.56569,50.01,0598:57:37,1,08
18:21:24,0.13425,219.30,0.40166,11.82928,34.5415,2.90551,4.56569,50.03,0598:57:39,1,08
18:21:25,0.13381,219.30,0.40278,11.82928,34.5415,2.90551,4.56569,50.03,0598:57:40,1,08
18:21:26,0.13461,219.20,0.40009,11.81568,34.50179,2.90551,4.56569,50.01,0598:57:41,1,08
18:21:27,0.13443,218.90,0.40018,11.77489,34.38269,2.90551,4.56569,50.01,0598:57:42,1,08
18:21:31,0.13577,218.70,0.39698,11.78849,34.42239,2.90551,4.56569,50.03,0598:57:46,1,08
18:21:32,0.13474,218.50,0.39982,11.77489,34.38269,2.90551,4.56569,50.01,0598:57:47,1,08
18:21:33,0.1348,218.60,0.40037,11.80208,34.46209,2.90551,4.56569,50.01,0598:57:48,1,08
18:21:37,0.13468,218.90,0.39954,11.78849,34.42239,2.90551,4.56569,50.01,0598:57:52,1,08
18:21:40,0.13394,218.80,0.40306,11.81568,34.50179,2.90551,4.56579,49.99,0598:57:55,1,08
18:21:41,0.13437,218.80,0.40111,11.80208,34.46209,2.90551,4.56579,49.99,0598:57:56,1,08
18:21:43,0.13443,218.90,0.40028,11.78849,34.42239,2.90551,4.56579,50.00,0598:57:58,1,08
18:21:45,0.13626,219.20,0.40082,11.97884,34.97823,2.90551,4.56579,49.99,0598:58:00,1,08
18:21:46,0.13419,219.30,0.4012,11.81568,34.50179,2.90551,4.56579,49.97,0598:58:01,1,08
18:21:48,0.13468,219.30,0.40202,11.88367,34.70031,2.90561,4.56579,49.96,0598:58:03,1,08
18:21:51,0.13363,219.20,0.4026,11.80208,34.46209,2.90561,4.56579,49.96,0598:58:06,1,08
18:21:54,0.13338,219.20,0.40427,11.82928,34.5415,2.90561,4.56579,49.94,0598:58:09,1,08
18:21:59,0.13394,219.40,0.40102,11.78849,34.42239,2.90561,4.56579,49.95,0598:58:14,1,08
18:22:01,0.13363,219.30,0.4026,11.80208,34.46209,2.90561,4.56589,49.94,0598:58:16,1,08
18:22:08,0.13338,219.10,0.40326,11.78849,34.42239,2.90561,4.56589,49.95,0598:58:23,1,08
18:22:10,0.13326,219.10,0.4041,11.80208,34.46209,2.90561,4.56589,49.94,0598:58:25,1,08
18:22:11,0.13363,219.10,0.40576,11.88367,34.70031,2.90561,4.56589,49.94,0598:58:26,1,08
18:22:17,0.134,219.10,0.40648,11.93806,34.85912,2.90561,4.56589,49.96,0598:58:32,1,08
18:22:19,0.13425,219.20,0.40342,11.87007,34.6606,2.90571,4.56589,49.95,0598:58:34,1,08
18:22:20,0.13332,219.00,0.40456,11.81568,34.50179,2.90571,4.56599,49.97,0598:58:36,1,08
18:22:21,0.13425,219.10,0.40434,11.89726,34.74001,2.90571,4.56599,49.97,0598:58:37,1,08
18:22:23,0.1348,219.10,0.40239,11.88367,34.70031,2.90571,4.56599,49.96,0598:58:38,1,08
18:22:25,0.13431,219.10,0.40443,11.91086,34.77971,2.90571,4.56599,49.96,0598:58:41,1,08
18:22:26,0.13369,219.10,0.40631,11.91086,34.77971,2.90571,4.56599,49.95,0598:58:42,1,08
18:22:27,0.13388,219.10,0.40547,11.89726,34.74001,2.90571,4.56599,49.95,0598:58:42,1,08
18:22:28,0.13517,219.10,0.40138,11.89726,34.74001,2.90571,4.56599,49.97,0598:58:43,1,08
18:22:29,0.13443,219.20,0.4036,11.89726,34.74001,2.90571,4.56599,49.97,0598:58:44,1,08
18:22:30,0.13376,219.30,0.40593,11.91086,34.77971,2.90571,4.56599,49.97,0598:58:45,1,08
18:22:32,0.13376,219.40,0.40593,11.91086,34.77971,2.90571,4.56599,49.97,0598:58:48,1,08
18:22:38,0.13425,219.60,0.40323,11.89726,34.74001,2.90571,4.56599,50.00,0598:58:54,1,08
18:22:39,0.13412,219.60,0.4036,11.89726,34.74001,2.90571,4.56599,50.00,0598:58:54,1,08
18:22:41,0.13351,219.60,0.405,11.88367,34.70031,2.90571,4.56609,50.00,0598:58:57,1,08
18:22:42,0.13455,219.60,0.40248,11.89726,34.74001,2.90571,4.56609,50.00,0598:58:58,1,08
18:22:43,0.13369,219.60,0.40509,11.89726,34.74001,2.90571,4.56609,50.00,0598:58:59,1,08
18:22:45,0.13332,219.40,0.4066,11.89726,34.74001,2.90571,4.56609,50.01,0598:59:00,1,08
18:22:46,0.13326,219.40,0.40651,11.88367,34.70031,2.90571,4.56609,50.03,0598:59:01,1,08
18:22:48,0.13511,219.30,0.4078,12.08762,35.29585,2.90581,4.56609,50.03,0598:59:04,1,08
18:22:50,0.13412,219.20,0.40481,11.91086,34.77971,2.90581,4.56609,50.03,0598:59:06,1,08
18:22:52,0.13474,219.10,0.40285,11.89726,34.74001,2.90581,4.56609,50.03,0598:59:08,1,08
18:22:53,0.13394,218.90,0.40454,11.87007,34.6606,2.90581,4.56609,50.03,0598:59:09,1,08
18:22:54,0.13407,219.00,0.40556,11.91086,34.77971,2.90581,4.56609,50.00,0598:59:10,1,08
18:22:55,0.14471,219.00,0.42967,13.62407,39.78227,2.90581,4.56609,50.01,0598:59:11,1,08
18:22:57,0.13251,219.00,0.40722,11.81568,34.50179,2.90581,4.56609,50.01,0598:59:13,1,08
18:22:58,0.1327,219.10,0.40607,11.81568,34.50179,2.90581,4.56609,50.01,0598:59:14,1,08
18:23:00,0.1332,219.00,0.40447,11.80208,34.46209,2.90581,4.56609,50.00,0598:59:16,1,08
18:23:05,0.13246,218.90,0.40628,11.78849,34.42239,2.90581,4.5662,49.99,0598:59:20,1,08
18:23:08,0.13301,218.90,0.40523,11.80208,34.46209,2.90581,4.5662,49.97,0598:59:23,1,08
18:23:09,0.1327,218.90,0.40599,11.80208,34.46209,2.90581,4.5662,49.97,0598:59:24,1,08
18:23:10,0.1327,218.90,0.40599,11.80208,34.46209,2.90581,4.5662,49.97,0598:59:25,1,08
18:23:12,0.13314,219.40,0.40465,11.82928,34.5415,2.90581,4.5662,49.95,0598:59:27,1,08
18:23:16,0.13295,219.30,0.40494,11.81568,34.50179,2.90581,4.5662,49.96,0598:59:31,1,08
18:23:17,0.13288,219.30,0.40485,11.80208,34.46209,2.90581,4.5662,49.94,0598:59:32,1,08
18:23:20,0.13283,219.40,0.40485,11.80208,34.46209,2.90591,4.5662,49.94,0598:59:35,1,08
18:23:21,0.13233,219.70,0.40607,11.81568,34.50179,2.90591,4.5662,49.94,0598:59:36,1,08
18:23:23,0.13207,219.90,0.40777,11.84288,34.5812,2.90591,4.5662,49.94,0598:59:38,1,08
18:23:24,0.1317,219.80,0.40845,11.82928,34.5415,2.90591,4.5663,49.95,0598:59:39,1,08
18:23:25,0.13314,219.60,0.40381,11.81568,34.50179,2.90591,4.5663,49.95,0598:59:40,1,08
18:23:27,0.13283,219.50,0.40447,11.80208,34.46209,2.90591,4.5663,49.95,0598:59:42,1,08
18:23:28,0.13283,219.50,0.40447,11.80208,34.46209,2.90591,4.5663,49.95,0598:59:43,1,08
18:23:31,0.13264,219.30,0.40561,11.80208,34.46209,2.90591,4.5663,49.95,0598:59:46,1,08
18:23:32,0.13251,219.00,0.40675,11.80208,34.46209,2.90591,4.5663,49.94,0598:59:47,1,08
18:23:34,0.13264,218.80,0.40684,11.81568,34.50179,2.90591,4.5663,49.95,0598:59:49,1,08
18:23:35,0.13288,218.70,0.40458,11.7613,34.34298,2.90591,4.5663,49.95,0598:59:50,1,08
18:23:37,0.13246,218.70,0.40666,11.78849,34.42239,2.90591,4.5663,49.95,0598:59:52,1,08
18:23:39,0.13239,218.70,0.40713,11.80208,34.46209,2.90591,4.5663,49.96,0598:59:54,1,08
18:23:40,0.1327,219.00,0.40645,11.81568,34.50179,2.90591,4.5663,49.95,0598:59:55,1,08
18:23:41,0.13251,218.90,0.40581,11.77489,34.38269,2.90591,4.5663,49.95,0598:59:56,1,08
18:23:42,0.13257,218.90,0.40684,11.81568,34.50179,2.90591,4.5663,49.94,0598:59:57,1,08
18:23:43,0.13276,218.80,0.40599,11.80208,34.46209,2.90591,4.5663,49.94,0598:59:58,1,08
18:23:44,0.13301,218.60,0.40607,11.81568,34.50179,2.90591,4.5664,49.96,0598:59:59,1,08
18:23:45,0.13257,218.50,0.40572,11.7613,34.34298,2.90591,4.5664,49.96,0599:00:00,1,08
18:23:49,0.13369,218.90,0.40344,11.81568,34.50179,2.90591,4.5664,49.95,0599:00:04,1,08
18:23:51,0.13437,218.80,0.40842,12.00604,35.05763,2.90601,4.5664,49.96,0599:00:06,1,08
18:23:52,0.13257,218.90,0.40675,11.80208,34.46209,2.90601,4.5664,49.96,0599:00:07,1,08
18:23:53,0.13288,218.70,0.40552,11.78849,34.42239,2.90601,4.5664,49.96,0599:00:08,1,08
18:23:54,0.13381,218.60,0.40335,11.80208,34.46209,2.90601,4.5664,49.95,0599:00:09,1,08
18:23:57,0.13301,218.70,0.40607,11.81568,34.50179,2.90601,4.5664,49.97,0599:00:12,1,08
18:23:59,0.13461,218.50,0.40481,11.91086,34.77971,2.90601,4.5664,49.96,0599:00:14,1,08
18:24:00,0.13307,218.60,0.40429,11.77489,34.38269,2.90601,4.5664,49.97,0599:00:15,1,08
18:24:03,0.13419,218.50,0.40222,11.80208,34.46209,2.90601,4.5664,49.97,0599:00:18,1,08
18:24:04,0.13345,218.60,0.4041,11.80208,34.46209,2.90601,4.5664,49.97,0599:00:19,1,08
18:24:05,0.13381,218.60,0.40288,11.78849,34.42239,2.90601,4.5665,49.97,0599:00:20,1,08
18:24:07,0.13345,218.50,0.40447,11.80208,34.46209,2.90601,4.5665,49.99,0599:00:22,1,08
18:24:13,0.13559,218.90,0.40385,11.99244,35.01793,2.90601,4.5665,49.99,0599:00:28,1,08
18:24:15,0.13517,219.00,0.40496,11.99244,35.01793,2.90601,4.5665,49.99,0599:00:31,1,08
18:24:16,0.13529,218.90,0.40505,12.00604,35.05763,2.90601,4.5665,49.99,0599:00:31,1,08
18:24:21,0.13486,218.90,0.40562,11.97884,34.97823,2.90611,4.5665,49.99,0599:00:37,1,08
18:24:23,0.13511,219.10,0.40588,12.01964,35.09734,2.90611,4.5665,49.99,0599:00:38,1,08
18:24:25,0.13498,219.10,0.40441,11.96525,34.93852,2.90611,4.5665,49.99,0599:00:40,1,08
18:24:26,0.13746,219.10,0.40659,12.25078,35.77228,2.90611,4.5666,50.00,0599:00:42,1,08
18:24:28,0.1348,218.80,0.40645,11.99244,35.01793,2.90611,4.5666,50.00,0599:00:43,1,08
18:24:32,0.13572,218.60,0.40522,12.03323,35.13704,2.90611,4.5666,50.01,0599:00:48,1,08
18:24:33,0.13474,218.40,0.40628,11.96525,34.93852,2.90611,4.5666,50.01,0599:00:49,1,08
18:24:36,0.13541,218.20,0.4057,11.99244,35.01793,2.90611,4.5666,50.00,0599:00:51,1,08
18:24:37,0.13553,218.20,0.40533,11.99244,35.01793,2.90611,4.5666,50.00,0599:00:53,1,08
18:24:38,0.13565,218.60,0.40559,12.03323,35.13704,2.90611,4.5666,49.99,0599:00:54,1,08
18:24:40,0.13486,218.90,0.407,12.01964,35.09734,2.90611,4.5666,49.97,0599:00:55,1,08
18:24:42,0.13474,218.90,0.40691,12.00604,35.05763,2.90611,4.5666,49.97,0599:00:58,1,08
18:24:45,0.13608,218.90,0.40055,11.93806,34.85912,2.90611,4.5666,49.96,0599:01:01,1,08
18:24:46,0.13608,218.90,0.40055,11.93806,34.85912,2.90611,4.5666,49.96,0599:01:01,1,08
18:24:47,0.13584,218.80,0.40302,11.97884,34.97823,2.90611,4.5667,49.96,0599:01:02,1,08
18:24:48,0.1368,218.80,0.401,12.00604,35.05763,2.90611,4.5667,49.96,0599:01:04,1,08
18:24:49,0.13662,218.90,0.40091,11.99244,35.01793,2.90611,4.5667,49.96,0599:01:05,1,08
18:24:50,0.13584,219.00,0.40311,11.99244,35.01793,2.90621,4.5667,49.97,0599:01:06,1,08
18:24:52,0.13553,219.00,0.40385,11.99244,35.01793,2.90621,4.5667,49.96,0599:01:07,1,08
18:24:54,0.13753,218.60,0.40823,12.27798,35.85169,2.90621,4.5667,49.97,0599:01:10,1,08
18:24:56,0.13535,218.70,0.40496,11.99244,35.01793,2.90621,4.5667,49.96,0599:01:12,1,08
18:24:57,0.13455,218.60,0.40712,11.97884,34.97823,2.90621,4.5667,49.95,0599:01:13,1,08
18:25:00,0.13511,218.40,0.40654,12.00604,35.05763,2.90621,4.5667,49.95,0599:01:15,1,08
18:25:02,0.13565,218.50,0.40376,11.97884,34.97823,2.90621,4.5667,49.96,0599:01:17,1,08
18:25:03,0.13559,218.60,0.40467,12.00604,35.05763,2.90621,4.5667,49.96,0599:01:18,1,08
18:25:06,0.13626,218.90,0.40109,11.96525,34.93852,2.90621,4.5667,49.96,0599:01:21,1,08
18:25:07,0.13565,218.80,0.40385,11.99244,35.01793,2.90621,4.5667,49.95,0599:01:22,1,08
18:25:08,0.13553,218.90,0.40559,12.03323,35.13704,2.90621,4.5668,49.94,0599:01:23,1,08
18:25:09,0.13565,219.00,0.40439,12.01964,35.09734,2.90621,4.5668,49.94,0599:01:24,1,08
18:25:10,0.1359,218.90,0.40274,11.99244,35.01793,2.90621,4.5668,49.95,0599:01:25,1,08
18:25:11,0.1359,218.90,0.40274,11.99244,35.01793,2.90621,4.5668,49.95,0599:01:26,1,08
18:25:12,0.13468,218.90,0.40369,11.91086,34.77971,2.90621,4.5668,49.95,0599:01:27,1,08
18:25:14,0.13455,219.00,0.40314,11.88367,34.70031,2.90621,4.5668,49.96,0599:01:29,1,08
18:25:15,0.13474,219.00,0.40239,11.88367,34.70031,2.90621,4.5668,49.96,0599:01:30,1,08
18:25:17,0.13461,219.10,0.40415,11.92446,34.81942,2.90621,4.5668,49.97,0599:01:32,1,08
18:25:19,0.13504,218.80,0.3988,11.78849,34.42239,2.90621,4.5668,49.96,0599:01:34,1,08
18:25:22,0.13425,219.00,0.40481,11.91086,34.77971,2.90631,4.5668,49.97,0599:01:37,1,08
18:25:23,0.13351,218.90,0.40372,11.80208,34.46209,2.90631,4.5668,49.97,0599:01:38,1,08
18:25:24,0.13461,218.90,0.40221,11.85647,34.6209,2.90631,4.5668,49.97,0599:01:39,1,08
18:25:25,0.13388,218.90,0.40631,11.91086,34.77971,2.90631,4.5668,49.97,0599:01:40,1,08
18:25:26,0.13345,219.00,0.40698,11.89726,34.74001,2.90631,4.5668,49.97,0599:01:41,1,08
18:25:27,0.13419,219.00,0.40426,11.88367,34.70031,2.90631,4.5668,49.97,0599:01:42,1,08
18:25:28,0.13419,218.90,0.40426,11.88367,34.70031,2.90631,4.5668,49.97,0599:01:43,1,08
18:25:29,0.13407,218.80,0.40547,11.89726,34.74001,2.90631,4.56691,49.99,0599:01:44,1,08
18:25:31,0.13376,219.00,0.40584,11.89726,34.74001,2.90631,4.56691,49.97,0599:01:46,1,08
18:25:35,0.13357,218.70,0.40744,11.91086,34.77971,2.90631,4.56691,50.01,0599:01:50,1,08
18:25:36,0.13338,218.80,0.40689,11.88367,34.70031,2.90631,4.56691,50.01,0599:01:51,1,08
18:25:37,0.13332,218.80,0.40727,11.88367,34.70031,2.90631,4.56691,50.01,0599:01:52,1,08
18:25:41,0.13369,218.80,0.40706,11.91086,34.77971,2.90631,4.56691,50.03,0599:01:56,1,08
18:25:43,0.13511,218.70,0.40386,11.93806,34.85912,2.90631,4.56691,50.03,0599:01:58,1,08
18:25:44,0.13394,218.70,0.40677,11.92446,34.81942,2.90631,4.56691,50.03,0599:01:59,1,08
18:25:45,0.13357,218.40,0.4068,11.87007,34.6606,2.90631,4.56691,50.03,0599:02:00,1,08
18:25:54,0.13425,219.40,0.40314,11.88367,34.70031,2.90641,4.56701,50.03,0599:02:09,1,08
18:25:57,0.13729,219.30,0.40433,12.1828,35.57377,2.90641,4.56701,50.01,0599:02:12,1,08
18:25:59,0.13376,219.00,0.40213,11.78849,34.42239,2.90641,4.56701,50.01,0599:02:14,1,08
18:26:00,0.134,219.00,0.40185,11.80208,34.46209,2.90641,4.56701,50.00,0599:02:15,1,08
18:26:02,0.13511,218.90,0.39844,11.78849,34.42239,2.90641,4.56701,50.01,0599:02:17,1,08
18:26:03,0.13357,218.80,0.40372,11.80208,34.46209,2.90641,4.56701,50.01,0599:02:18,1,08
18:26:04,0.13394,218.90,0.40222,11.80208,34.46209,2.90641,4.56701,50.00,0599:02:19,1,08
18:26:06,0.13369,219.00,0.40297,11.80208,34.46209,2.90641,4.56701,50.00,0599:02:21,1,08
18:26:13,0.13614,218.90,0.40155,11.97884,34.97823,2.90641,4.56711,49.99,0599:02:28,1,08
18:26:16,0.1362,219.20,0.40209,12.00604,35.05763,2.90641,4.56711,49.97,0599:02:31,1,08
18:26:18,0.13541,219.10,0.4043,12.00604,35.05763,2.90641,4.56711,49.96,0599:02:33,1,08
18:26:22,0.13529,219.10,0.40467,12.00604,35.05763,2.90652,4.56711,49.95,0599:02:37,1,08
18:26:27,0.13449,219.60,0.40055,11.82928,34.5415,2.90652,4.56711,49.95,0599:02:43,1,08
18:26:28,0.13449,219.60,0.40055,11.82928,34.5415,2.90652,4.56711,49.95,0599:02:43,1,08
18:26:31,0.13492,219.70,0.3978,11.80208,34.46209,2.90652,4.56721,49.95,0599:02:47,1,08
18:26:32,0.13449,219.60,0.39972,11.81568,34.50179,2.90652,4.56721,49.94,0599:02:48,1,08
18:26:33,0.13486,219.60,0.4,11.85647,34.6209,2.90652,4.56721,49.94,0599:02:49,1,08
18:26:34,0.13486,219.60,0.4,11.85647,34.6209,2.90652,4.56721,49.94,0599:02:49,1,08
18:26:36,0.13449,219.60,0.40009,11.81568,34.50179,2.90652,4.56721,49.95,0599:02:52,1,08
18:26:40,0.13468,218.80,0.40083,11.81568,34.50179,2.90652,4.56721,49.94,0599:02:55,1,08
18:26:42,0.13357,218.80,0.40326,11.78849,34.42239,2.90652,4.56721,49.95,0599:02:58,1,08
18:26:44,0.13498,219.00,0.39972,11.81568,34.50179,2.90652,4.56721,49.94,0599:03:00,1,08
18:26:48,0.13338,219.20,0.40009,11.70691,34.18417,2.90652,4.56721,49.95,0599:03:04,1,08
18:26:52,0.13407,219.30,0.40111,11.80208,34.46209,2.90662,4.56731,49.94,0599:03:07,1,08
18:26:55,0.13529,219.40,0.39927,11.85647,34.6209,2.90662,4.56731,49.95,0599:03:10,1,08
18:26:57,0.13474,219.20,0.39972,11.81568,34.50179,2.90662,4.56731,49.95,0599:03:12,1,08
18:26:58,0.13474,219.30,0.39788,11.7613,34.34298,2.90662,4.56731,49.96,0599:03:13,1,08
18:26:59,0.13474,219.30,0.39788,11.7613,34.34298,2.90662,4.56731,49.96,0599:03:13,1,08
18:27:01,0.13486,218.70,0.40276,11.88367,34.70031,2.90662,4.56731,49.95,0599:03:16,1,08
18:27:03,0.13425,219.20,0.40074,11.80208,34.46209,2.90662,4.56731,49.94,0599:03:18,1,08
18:27:05,0.13492,219.20,0.39936,11.81568,34.50179,2.90662,4.56731,49.95,0599:03:20,1,08
18:27:06,0.13437,219.30,0.40175,11.84288,34.5812,2.90662,4.56731,49.95,0599:03:21,1,08
18:27:09,0.13419,219.40,0.39381,11.59813,33.86655,2.90662,4.56731,49.94,0599:03:24,1,08
18:27:11,0.13565,219.40,0.39872,11.92446,34.81942,2.90662,4.56731,49.94,0599:03:26,1,08
18:27:14,0.13584,219.70,0.39572,11.81568,34.50179,2.90662,4.56741,49.95,0599:03:29,1,08
18:27:17,0.13474,219.60,0.39807,11.78849,34.42239,2.90662,4.56741,49.96,0599:03:32,1,08
18:27:23,0.13541,219.50,0.39717,11.81568,34.50179,2.90672,4.56741,49.96,0599:03:38,1,08
18:27:35,0.13394,219.20,0.40046,11.7613,34.34298,2.90672,4.56751,50.01,0599:03:50,1,08
18:27:37,0.13517,218.90,0.39807,11.78849,34.42239,2.90672,4.56751,50.03,0599:03:52,1,08
18:27:40,0.134,219.10,0.40185,11.80208,34.46209,2.90672,4.56751,50.01,0599:03:55,1,08
18:27:41,0.13314,219.00,0.40354,11.77489,34.38269,2.90672,4.56751,50.01,0599:03:56,1,08
18:27:42,0.134,218.80,0.4013,11.77489,34.38269,2.90672,4.56751,50.00,0599:03:57,1,08
18:27:43,0.13376,218.80,0.40344,11.81568,34.50179,2.90672,4.56751,50.00,0599:03:58,1,08
18:27:44,0.13295,219.10,0.40578,11.82928,34.5415,2.90672,4.56751,50.00,0599:03:59,1,08
18:27:49,0.13226,219.30,0.40675,11.80208,34.46209,2.90672,4.56751,50.01,0599:04:04,1,08
18:27:50,0.13239,219.40,0.40645,11.81568,34.50179,2.90672,4.56751,50.01,0599:04:05,1,08
18:27:54,0.13301,219.50,0.4041,11.80208,34.46209,2.90682,4.56761,50.01,0599:04:09,1,08
18:27:55,0.13326,219.50,0.40335,11.80208,34.46209,2.90682,4.56761,50.01,0599:04:10,1,08
18:27:56,0.13314,219.30,0.40317,11.77489,34.38269,2.90682,4.56761,49.97,0599:04:11,1,08
18:27:57,0.13307,218.90,0.40392,11.77489,34.38269,2.90682,4.56761,49.97,0599:04:12,1,08
18:28:03,0.13541,218.70,0.40863,12.10122,35.33555,2.90682,4.56761,49.96,0599:04:18,1,08
18:28:09,0.13455,220.00,0.40266,11.92446,34.81942,2.90682,4.56761,49.95,0599:04:24,1,08
18:28:10,0.13535,220.10,0.40055,11.93806,34.85912,2.90682,4.56761,49.95,0599:04:25,1,08
18:28:12,0.13376,220.00,0.40074,11.80208,34.46209,2.90682,4.56761,49.94,0599:04:27,1,08
18:28:13,0.13363,219.80,0.40194,11.81568,34.50179,2.90682,4.56772,49.94,0599:04:28,1,08
18:28:14,0.13314,219.50,0.40093,11.7205,34.22387,2.90682,4.56772,49.95,0599:04:29,1,08
18:28:15,0.13443,219.00,0.40028,11.78849,34.42239,2.90682,4.56772,49.95,0599:04:31,1,08
18:28:16,0.13443,219.00,0.40028,11.78849,34.42239,2.90682,4.56772,49.96,0599:04:31,1,08
18:28:17,0.134,219.00,0.40185,11.80208,34.46209,2.90682,4.56772,49.96,0599:04:32,1,08
18:28:19,0.13504,219.30,0.39862,11.81568,34.50179,2.90682,4.56772,49.95,0599:04:34,1,08
18:28:20,0.13572,219.40,0.3969,11.82928,34.5415,2.90682,4.56772,49.96,0599:04:36,1,08
18:28:25,0.13504,219.20,0.39715,11.7613,34.34298,2.90692,4.56772,49.95,0599:04:40,1,08
18:28:26,0.13461,219.00,0.40083,11.81568,34.50179,2.90692,4.56772,49.94,0599:04:42,1,08
18:28:27,0.13498,219.10,0.39936,11.81568,34.50179,2.90692,4.56772,49.94,0599:04:43,1,08
18:28:28,0.13498,219.10,0.39936,11.81568,34.50179,2.90692,4.56772,49.94,0599:04:43,1,08
18:28:29,0.13517,219.30,0.39908,11.82928,34.5415,2.90692,4.56772,49.94,0599:04:44,1,08
18:28:32,0.13455,219.30,0.40046,11.81568,34.50179,2.90692,4.56772,49.96,0599:04:48,1,08
18:28:34,0.13449,219.20,0.40046,11.81568,34.50179,2.90692,4.56782,49.96,0599:04:49,1,08
18:28:35,0.13455,219.20,0.39631,11.69331,34.14447,2.90692,4.56782,49.96,0599:04:50,1,08
18:28:36,0.13498,219.30,0.39945,11.82928,34.5415,2.90692,4.56782,49.96,0599:04:51,1,08
18:28:38,0.13511,219.00,0.39899,11.81568,34.50179,2.90692,4.56782,49.97,0599:04:54,1,08
18:28:39,0.13511,219.00,0.39899,11.81568,34.50179,2.90692,4.56782,49.97,0599:04:54,1,08
18:28:40,0.13468,219.10,0.39871,11.77489,34.38269,2.90692,4.56782,49.97,0599:04:55,1,08
18:28:44,0.13468,219.30,0.39972,11.81568,34.50179,2.90692,4.56782,49.97,0599:05:00,1,08
18:28:45,0.13468,219.30,0.39972,11.81568,34.50179,2.90692,4.56782,49.97,0599:05:00,1,08
18:28:48,0.13431,219.50,0.39816,11.7477,34.30328,2.90692,4.56782,49.99,0599:05:04,1,08
18:28:51,0.13388,219.40,0.40102,11.78849,34.42239,2.90692,4.56782,49.97,0599:05:06,1,08
18:28:53,0.13376,219.40,0.40231,11.81568,34.50179,2.90692,4.56782,49.99,0599:05:07,1,08
18:28:56,0.13412,219.40,0.40074,11.80208,34.46209,2.90702,4.56792,49.99,0599:05:11,1,08
18:28:58,0.13369,219.40,0.40176,11.78849,34.42239,2.90702,4.56792,49.99,0599:05:12,1,08
18:28:59,0.13449,219.40,0.39963,11.80208,34.46209,2.90702,4.56792,49.99,0599:05:14,1,08
18:29:00,0.13425,219.50,0.40037,11.80208,34.46209,2.90702,4.56792,49.99,0599:05:15,1,08
18:29:02,0.13394,219.40,0.40102,11.78849,34.42239,2.90702,4.56792,50.00,0599:05:17,1,08
18:29:05,0.13657,219.40,0.39665,11.89726,34.74001,2.90702,4.56792,50.01,0599:05:20,1,08
18:29:07,0.13468,219.30,0.3988,11.78849,34.42239,2.90702,4.56792,50.01,0599:05:22,1,08
18:29:08,0.13529,219.40,0.39789,11.81568,34.50179,2.90702,4.56792,50.01,0599:05:23,1,08
18:29:09,0.13381,219.50,0.40102,11.78849,34.42239,2.90702,4.56792,50.01,0599:05:24,1,08
18:29:11,0.13498,219.50,0.39954,11.84288,34.5812,2.90702,4.56792,50.01,0599:05:26,1,08
18:29:15,0.13338,219.10,0.40326,11.78849,34.42239,2.90702,4.56802,50.01,0599:05:30,1,08
18:29:17,0.13468,218.90,0.39954,11.78849,34.42239,2.90702,4.56802,50.00,0599:05:32,1,08
18:29:21,0.13419,219.00,0.40102,11.78849,34.42239,2.90702,4.56802,50.00,0599:05:36,1,08
18:29:26,0.134,218.80,0.4013,11.77489,34.38269,2.90712,4.56802,49.99,0599:05:41,1,08
18:29:29,0.13276,218.40,0.40628,11.78849,34.42239,2.90712,4.56802,49.96,0599:05:44,1,08
18:29:30,0.13301,218.50,0.40692,11.82928,34.5415,2.90712,4.56802,49.97,0599:05:45,1,08
18:29:31,0.13388,218.50,0.40242,11.77489,34.38269,2.90712,4.56802,49.97,0599:05:46,1,08
18:29:33,0.13326,218.70,0.40532,11.81568,34.50179,2.90712,4.56802,49.99,0599:05:48,1,08
18:29:34,0.13251,218.90,0.40675,11.80208,34.46209,2.90712,4.56802,49.97,0599:05:49,1,08
18:29:37,0.13288,218.90,0.40561,11.80208,34.46209,2.90712,4.56812,49.96,0599:05:52,1,08
18:29:39,0.13196,218.60,0.40528,11.69331,34.14447,2.90712,4.56812,49.97,0599:05:54,1,08
18:29:42,0.13314,218.70,0.4057,11.81568,34.50179,2.90712,4.56812,49.97,0599:05:57,1,08
18:29:43,0.13307,219.10,0.40532,11.81568,34.50179,2.90712,4.56812,49.97,0599:05:58,1,08
18:29:45,0.13307,219.40,0.4041,11.80208,34.46209,2.90712,4.56812,49.96,0599:06:00,1,08
18:29:47,0.13326,219.20,0.40372,11.80208,34.46209,2.90712,4.56812,49.96,0599:06:02,1,08
18:29:49,0.1327,219.00,0.40599,11.80208,34.46209,2.90712,4.56812,49.95,0599:06:04,1,08
18:29:50,0.13351,218.80,0.40465,11.82928,34.5415,2.90712,4.56812,49.96,0599:06:05,1,08
18:29:51,0.13394,218.80,0.39981,11.7205,34.22387,2.90712,4.56812,49.96,0599:06:06,1,08
18:29:55,0.13388,219.40,0.40194,11.81568,34.50179,2.90712,4.56812,49.95,0599:06:10,1,08
18:29:56,0.1332,219.70,0.4039,11.82928,34.5415,2.90712,4.56822,49.96,0599:06:11,1,08
18:30:00,0.13351,219.40,0.40306,11.81568,34.50179,2.90723,4.56822,49.97,0599:06:15,1,08
18:30:01,0.13307,219.40,0.40456,11.81568,34.50179,2.90723,4.56822,49.97,0599:06:16,1,08
18:30:03,0.13214,219.10,0.40376,11.69331,34.14447,2.90723,4.56822,49.97,0599:06:18,1,08
18:30:04,0.13257,219.00,0.40543,11.77489,34.38269,2.90723,4.56822,49.99,0599:06:19,1,08
18:30:07,0.13251,219.00,0.40637,11.80208,34.46209,2.90723,4.56822,49.97,0599:06:22,1,08
18:30:09,0.1348,219.30,0.40855,12.08762,35.29585,2.90723,4.56822,49.99,0599:06:24,1,08
18:30:10,0.13572,219.30,0.40685,12.11481,35.37526,2.90723,4.56822,49.99,0599:06:25,1,08
18:30:11,0.13498,219.20,0.41001,12.14201,35.45466,2.90723,4.56822,49.99,0599:06:26,1,08
18:30:15,0.13351,219.00,0.40381,11.81568,34.50179,2.90723,4.56822,50.00,0599:06:30,1,08
18:30:16,0.13425,219.00,0.40342,11.87007,34.6606,2.90723,4.56822,49.99,0599:06:31,1,08
18:30:17,0.13326,218.90,0.40401,11.78849,34.42239,2.90723,4.56832,49.99,0599:06:32,1,08
18:30:18,0.13351,218.80,0.40605,11.87007,34.6606,2.90723,4.56832,50.00,0599:06:33,1,08
18:30:19,0.134,219.10,0.40185,11.80208,34.46209,2.90723,4.56832,50.00,0599:06:34,1,08
18:30:24,0.13486,219.30,0.39936,11.81568,34.50179,2.90723,4.56832,50.03,0599:06:39,1,08
18:30:26,0.13381,219.60,0.40241,11.82928,34.5415,2.90723,4.56832,50.03,0599:06:42,1,08
18:30:29,0.13461,219.50,0.40064,11.84288,34.5812,2.90733,4.56832,50.03,0599:06:44,1,08
18:30:30,0.13407,219.60,0.4012,11.81568,34.50179,2.90733,4.56832,50.05,0599:06:45,1,08
18:30:32,0.13461,219.60,0.3989,11.80208,34.46209,2.90733,4.56832,50.01,0599:06:47,1,08
18:30:33,0.134,219.60,0.40018,11.77489,34.38269,2.90733,4.56832,50.01,0599:06:48,1,08
18:30:35,0.13407,219.50,0.40203,11.82928,34.5415,2.90733,4.56832,50.03,0599:06:50,1,08
18:30:37,0.13455,219.40,0.39917,11.78849,34.42239,2.90733,4.56832,50.03,0599:06:53,1,08
18:30:38,0.13455,219.40,0.39917,11.78849,34.42239,2.90733,4.56843,50.03,0599:06:53,1,08
18:30:40,0.13419,219.30,0.40074,11.80208,34.46209,2.90733,4.56843,50.04,0599:06:55,1,08
18:30:41,0.13357,219.50,0.40222,11.80208,34.46209,2.90733,4.56843,50.04,0599:06:57,1,08
18:30:42,0.1348,219.40,0.3989,11.80208,34.46209,2.90733,4.56843,50.04,0599:06:58,1,08
18:30:45,0.13425,219.40,0.40074,11.80208,34.46209,2.90733,4.56843,50.03,0599:07:00,1,08
18:30:46,0.13388,219.40,0.40102,11.78849,34.42239,2.90733,4.56843,50.03,0599:07:01,1,08
18:30:47,0.1348,219.40,0.3989,11.80208,34.46209,2.90733,4.56843,50.03,0599:07:03,1,08
18:30:49,0.13412,219.30,0.40065,11.78849,34.42239,2.90733,4.56843,50.04,0599:07:05,1,08
18:30:53,0.13431,219.40,0.39991,11.78849,34.42239,2.90733,4.56843,50.03,0599:07:07,1,08
18:30:54,0.13376,219.40,0.40139,11.78849,34.42239,2.90733,4.56843,50.03,0599:07:09,1,08
18:30:59,0.13431,219.10,0.40074,11.80208,34.46209,2.90743,4.56853,50.01,0599:07:14,1,08
18:31:04,0.13369,219.20,0.40167,11.77489,34.38269,2.90743,4.56853,50.00,0599:07:19,1,08
18:31:05,0.13394,219.10,0.40185,11.80208,34.46209,2.90743,4.56853,49.99,0599:07:20,1,08
18:31:06,0.13394,219.10,0.40185,11.80208,34.46209,2.90743,4.56853,49.99,0599:07:21,1,08
18:31:08,0.134,219.10,0.40185,11.80208,34.46209,2.90743,4.56853,49.97,0599:07:23,1,08
18:31:09,0.13412,219.00,0.40194,11.81568,34.50179,2.90743,4.56853,49.97,0599:07:23,1,08
18:31:12,0.13668,218.70,0.405,12.11481,35.37526,2.90743,4.56853,49.96,0599:07:27,1,08
18:31:13,0.13412,218.70,0.40222,11.80208,34.46209,2.90743,4.56853,49.96,0599:07:28,1,08
18:31:14,0.13388,218.80,0.4026,11.80208,34.46209,2.90743,4.56853,49.96,0599:07:29,1,08
18:31:16,0.13461,218.90,0.40037,11.80208,34.46209,2.90743,4.56853,49.96,0599:07:31,1,08
18:31:17,0.13449,219.00,0.40083,11.81568,34.50179,2.90743,4.56853,49.95,0599:07:32,1,08
18:31:20,0.13332,219.10,0.4014,11.7341,34.26358,2.90743,4.56863,49.97,0599:07:35,1,08
18:31:21,0.13455,219.00,0.39991,11.78849,34.42239,2.90743,4.56863,49.97,0599:07:36,1,08
18:31:24,0.13388,219.10,0.40176,11.78849,34.42239,2.90743,4.56863,49.97,0599:07:39,1,08
18:31:25,0.13388,219.20,0.40185,11.80208,34.46209,2.90743,4.56863,49.97,0599:07:40,1,08
18:31:26,0.13517,219.20,0.39908,11.82928,34.5415,2.90743,4.56863,49.96,0599:07:41,1,08
18:31:27,0.13394,219.10,0.40231,11.81568,34.50179,2.90743,4.56863,49.96,0599:07:42,1,08
18:31:28,0.134,219.10,0.40185,11.80208,34.46209,2.90743,4.56863,49.97,0599:07:43,1,08
18:31:29,0.13376,218.90,0.40436,11.84288,34.5812,2.90743,4.56863,49.97,0599:07:44,1,08
18:31:31,0.13388,218.70,0.40158,11.7613,34.34298,2.90753,4.56863,49.96,0599:07:46,1,08
18:31:32,0.13295,218.50,0.40505,11.77489,34.38269,2.90753,4.56863,49.97,0599:07:47,1,08
18:31:34,0.13376,218.60,0.40427,11.82928,34.5415,2.90753,4.56863,49.96,0599:07:49,1,08
18:31:37,0.13351,219.10,0.40335,11.80208,34.46209,2.90753,4.56863,49.99,0599:07:52,1,08
18:31:39,0.13314,219.10,0.40447,11.80208,34.46209,2.90753,4.56863,49.99,0599:07:54,1,08
18:31:42,0.13345,219.20,0.40335,11.80208,34.46209,2.90753,4.56873,49.99,0599:07:57,1,08
18:31:43,0.13338,219.30,0.40335,11.80208,34.46209,2.90753,4.56873,49.99,0599:07:58,1,08
18:31:44,0.13345,219.40,0.40297,11.80208,34.46209,2.90753,4.56873,50.00,0599:07:59,1,08
18:31:46,0.13295,218.90,0.40383,11.7613,34.34298,2.90753,4.56873,50.01,0599:08:01,1,08
18:31:48,0.13239,218.80,0.40619,11.77489,34.38269,2.90753,4.56873,50.01,0599:08:03,1,08
18:31:50,0.13345,218.50,0.40447,11.80208,34.46209,2.90753,4.56873,50.01,0599:08:05,1,08
18:31:51,0.13307,218.60,0.40514,11.78849,34.42239,2.90753,4.56873,50.01,0599:08:06,1,08
18:31:53,0.13301,218.70,0.40514,11.78849,34.42239,2.90753,4.56873,50.01,0599:08:08,1,08
18:31:55,0.1332,218.20,0.40458,11.7613,34.34298,2.90753,4.56873,50.03,0599:08:10,1,08
18:31:56,0.13369,218.20,0.40447,11.80208,34.46209,2.90753,4.56873,50.03,0599:08:11,1,08
18:31:58,0.13326,218.40,0.40523,11.80208,34.46209,2.90753,4.56873,50.03,0599:08:13,1,08
18:31:59,0.134,218.40,0.40297,11.80208,34.46209,2.90753,4.56873,50.03,0599:08:14,1,08
18:32:01,0.13381,218.70,0.40242,11.77489,34.38269,2.90763,4.56883,50.04,0599:08:16,1,08
18:32:06,0.13357,218.90,0.40335,11.80208,34.46209,2.90763,4.56883,50.03,0599:08:21,1,08
18:32:09,0.13407,219.00,0.40185,11.80208,34.46209,2.90763,4.56883,50.01,0599:08:24,1,08
18:32:11,0.13381,219.00,0.40306,11.81568,34.50179,2.90763,4.56883,50.03,0599:08:26,1,08
18:32:12,0.13443,219.00,0.40351,11.88367,34.70031,2.90763,4.56883,50.01,0599:08:27,1,08
18:32:13,0.13449,219.00,0.39991,11.78849,34.42239,2.90763,4.56883,50.01,0599:08:28,1,08
18:32:14,0.13455,219.10,0.40602,11.85647,34.6209,2.90763,4.56883,50.00,0599:08:29,1,08
18:32:15,0.13326,219.20,0.40326,11.78849,34.42239,2.90763,4.56883,50.00,0599:08:30,1,08
18:32:16,0.13326,219.20,0.40326,11.78849,34.42239,2.90763,4.56883,50.01,0599:08:31,1,08
18:32:17,0.13357,219.20,0.40297,11.80208,34.46209,2.90763,4.56883,50.01,0599:08:32,1,08
18:32:19,0.13314,219.20,0.4041,11.80208,34.46209,2.90763,4.56883,49.97,0599:08:34,1,08
18:32:20,0.13394,219.10,0.40231,11.81568,34.50179,2.90763,4.56883,49.99,0599:08:35,1,08
18:32:21,0.13394,219.10,0.40139,11.78849,34.42239,2.90763,4.56883,49.99,0599:08:36,1,08
18:32:26,0.13388,218.80,0.40121,11.7613,34.34298,2.90763,4.56893,49.96,0599:08:41,1,08
18:32:27,0.13595,218.90,0.40183,11.96525,34.93852,2.90763,4.56893,49.96,0599:08:43,1,08
18:32:29,0.13431,218.80,0.40379,11.87007,34.6606,2.90763,4.56893,49.96,0599:08:44,1,08
18:32:30,0.13394,218.70,0.40306,11.81568,34.50179,2.90763,4.56893,49.95,0599:08:45,1,08
18:32:31,0.13419,218.60,0.40176,11.78849,34.42239,2.90773,4.56893,49.95,0599:08:46,1,08
18:32:32,0.13381,218.40,0.40372,11.80208,34.46209,2.90773,4.56893,49.95,0599:08:47,1,08
18:32:33,0.13437,218.50,0.40278,11.82928,34.5415,2.90773,4.56893,49.95,0599:08:49,1,08
18:32:34,0.13437,218.50,0.40278,11.82928,34.5415,2.90773,4.56893,49.95,0599:08:49,1,08
18:32:35,0.13388,218.40,0.40427,11.82928,34.5415,2.90773,4.56893,49.95,0599:08:50,1,08
18:32:37,0.13332,218.50,0.40438,11.78849,34.42239,2.90773,4.56893,49.94,0599:08:52,1,08
18:32:39,0.13338,218.70,0.40541,11.82928,34.5415,2.90773,4.56893,49.96,0599:08:55,1,08
18:32:41,0.13301,218.90,0.40523,11.80208,34.46209,2.90773,4.56893,49.96,0599:08:56,1,08
18:32:42,0.1327,218.90,0.40599,11.80208,34.46209,2.90773,4.56893,49.96,0599:08:57,1,08
18:32:44,0.13307,218.60,0.40561,11.80208,34.46209,2.90773,4.56903,49.95,0599:09:00,1,08
18:32:45,0.13257,218.70,0.403,11.69331,34.14447,2.90773,4.56903,49.96,0599:09:01,1,08
18:32:47,0.13301,218.90,0.40523,11.80208,34.46209,2.90773,4.56903,49.96,0599:09:02,1,08
18:32:48,0.13276,218.90,0.40552,11.78849,34.42239,2.90773,4.56903,49.95,0599:09:03,1,08
18:32:50,0.13351,219.00,0.40335,11.80208,34.46209,2.90773,4.56903,49.95,0599:09:05,1,08
18:32:51,0.13326,219.20,0.40419,11.81568,34.50179,2.90773,4.56903,49.96,0599:09:06,1,08
18:32:52,0.13376,219.20,0.40176,11.78849,34.42239,2.90773,4.56903,49.95,0599:09:07,1,08
18:32:55,0.13332,219.20,0.40419,11.81568,34.50179,2.90773,4.56903,49.96,0599:09:09,1,08
18:32:56,0.13301,219.00,0.40205,11.7205,34.22387,2.90773,4.56903,49.99,0599:09:11,1,08
18:32:57,0.13295,219.00,0.40429,11.77489,34.38269,2.90773,4.56903,49.99,0599:09:12,1,08
18:33:01,0.13407,219.00,0.40185,11.80208,34.46209,2.90773,4.56903,49.97,0599:09:16,1,08
18:33:03,0.13412,219.00,0.40194,11.81568,34.50179,2.90783,4.56903,49.99,0599:09:18,1,08
18:33:04,0.13412,219.10,0.40148,11.80208,34.46209,2.90783,4.56914,50.00,0599:09:19,1,08
18:33:06,0.13492,218.80,0.39963,11.80208,34.46209,2.90783,4.56914,50.00,0599:09:20,1,08
18:33:07,0.13443,218.70,0.40111,11.80208,34.46209,2.90783,4.56914,49.99,0599:09:22,1,08
18:33:08,0.13431,218.70,0.40194,11.81568,34.50179,2.90783,4.56914,49.99,0599:09:23,1,08
18:33:13,0.13547,219.10,0.39744,11.80208,34.46209,2.90783,4.56914,50.00,0599:09:28,1,08
18:33:14,0.13547,219.20,0.39844,11.84288,34.5812,2.90783,4.56914,50.00,0599:09:29,1,08
18:33:15,0.13547,219.10,0.39652,11.77489,34.38269,2.90783,4.56914,50.00,0599:09:30,1,08
18:33:17,0.13553,218.90,0.39835,11.82928,34.5415,2.90783,4.56914,50.01,0599:09:31,1,08
18:33:19,0.13535,218.90,0.39817,11.80208,34.46209,2.90783,4.56914,50.03,0599:09:34,1,08
18:33:21,0.13498,219.00,0.39926,11.80208,34.46209,2.90783,4.56914,50.03,0599:09:36,1,08
18:33:22,0.13419,219.10,0.40102,11.78849,34.42239,2.90783,4.56914,50.03,0599:09:37,1,08
18:33:23,0.1348,219.00,0.39963,11.80208,34.46209,2.90783,4.56914,50.03,0599:09:37,1,08
18:33:24,0.13474,219.00,0.39963,11.80208,34.46209,2.90783,4.56914,50.03,0599:09:39,1,08
18:33:26,0.1348,219.10,0.40009,11.81568,34.50179,2.90783,4.56924,50.03,0599:09:41,1,08
18:33:27,0.13419,219.20,0.39972,11.7613,34.34298,2.90783,4.56924,50.03,0599:09:42,1,08
18:33:28,0.1348,219.00,0.40009,11.81568,34.50179,2.90783,4.56924,50.01,0599:09:43,1,08
18:33:29,0.13486,219.20,0.3988,11.78849,34.42239,2.90783,4.56924,50.01,0599:09:44,1,08
18:33:30,0.13522,219.00,0.39862,11.81568,34.50179,2.90783,4.56924,50.03,0599:09:45,1,08
18:33:31,0.13443,219.10,0.39945,11.77489,34.38269,2.90783,4.56924,50.03,0599:09:46,1,08
18:33:34,0.13529,218.70,0.39991,11.84288,34.5812,2.90793,4.56924,50.01,0599:09:49,1,08
18:33:36,0.13412,218.90,0.40046,11.7613,34.34298,2.90793,4.56924,50.00,0599:09:51,1,08
18:33:37,0.1348,218.50,0.40083,11.81568,34.50179,2.90793,4.56924,50.00,0599:09:52,1,08
18:33:39,0.13492,218.40,0.40129,11.82928,34.5415,2.90793,4.56924,50.00,0599:09:54,1,08
18:33:41,0.13419,218.70,0.39861,11.70691,34.18417,2.90793,4.56924,49.97,0599:09:56,1,08
18:33:42,0.13425,218.60,0.4,11.7477,34.30328,2.90793,4.56924,49.97,0599:09:57,1,08
18:33:43,0.1348,218.60,0.40037,11.80208,34.46209,2.90793,4.56924,49.97,0599:09:58,1,08
18:33:44,0.13504,218.80,0.39926,11.80208,34.46209,2.90793,4.56924,49.96,0599:09:59,1,08
18:33:45,0.13504,218.90,0.39936,11.81568,34.50179,2.90793,4.56934,49.96,0599:10:00,1,08
18:33:46,0.13492,219.00,0.39972,11.81568,34.50179,2.90793,4.56934,49.96,0599:10:01,1,08
18:33:48,0.1348,219.10,0.40018,11.82928,34.5415,2.90793,4.56934,49.95,0599:10:03,1,08
18:33:50,0.13419,219.10,0.39778,11.69331,34.14447,2.90793,4.56934,49.95,0599:10:05,1,08
18:33:51,0.13486,219.20,0.39972,11.81568,34.50179,2.90793,4.56934,49.95,0599:10:06,1,08
18:33:53,0.13474,219.40,0.39936,11.81568,34.50179,2.90793,4.56934,49.96,0599:10:08,1,08
18:33:54,0.13602,219.60,0.39672,11.85647,34.6209,2.90793,4.56934,49.97,0599:10:09,1,08
18:33:56,0.13498,219.50,0.39862,11.81568,34.50179,2.90793,4.56934,49.96,0599:10:11,1,08
18:33:57,0.1348,219.50,0.40028,11.84288,34.5812,2.90793,4.56934,49.96,0599:10:12,1,08
18:33:59,0.13511,219.10,0.39669,11.7477,34.30328,2.90793,4.56934,49.96,0599:10:14,1,08
18:34:00,0.13461,219.10,0.39908,11.77489,34.38269,2.90793,4.56934,49.97,0599:10:15,1,08
18:34:01,0.13468,219.10,0.4,11.80208,34.46209,2.90793,4.56934,49.97,0599:10:16,1,08
18:34:02,0.13492,218.90,0.3988,11.78849,34.42239,2.90793,4.56934,49.96,0599:10:17,1,08
18:34:03,0.13565,219.00,0.39707,11.80208,34.46209,2.90804,4.56934,49.96,0599:10:18,1,08
18:34:04,0.13517,219.20,0.39908,11.82928,34.5415,2.90804,4.56934,49.97,0599:10:19,1,08
18:34:05,0.13517,219.20,0.39908,11.82928,34.5415,2.90804,4.56944,49.97,0599:10:20,1,08
18:34:10,0.13474,219.00,0.40101,11.84288,34.5812,2.90804,4.56944,49.97,0599:10:25,1,08
18:34:11,0.13474,219.00,0.40101,11.84288,34.5812,2.90804,4.56944,49.97,0599:10:26,1,08
18:34:12,0.13529,219.20,0.40101,11.89726,34.74001,2.90804,4.56944,49.97,0599:10:27,1,08
18:34:14,0.1348,219.40,0.39844,11.81568,34.50179,2.90804,4.56944,49.99,0599:10:29,1,08
18:34:16,0.13468,219.50,0.3989,11.80208,34.46209,2.90804,4.56944,49.97,0599:10:31,1,08
18:34:19,0.13363,219.10,0.40251,11.78849,34.42239,2.90804,4.56944,50.00,0599:10:34,1,08
18:34:24,0.13394,219.20,0.40093,11.77489,34.38269,2.90804,4.56944,50.00,0599:10:39,1,08
18:34:27,0.13425,219.40,0.40129,11.82928,34.5415,2.90804,4.56954,50.00,0599:10:42,1,08
18:34:30,0.13431,219.50,0.40129,11.82928,34.5415,2.90804,4.56954,50.00,0599:10:45,1,08
18:34:31,0.13468,219.50,0.3989,11.80208,34.46209,2.90804,4.56954,50.00,0599:10:46,1,08
18:34:32,0.13394,219.40,0.40148,11.80208,34.46209,2.90804,4.56954,50.01,0599:10:47,1,08
18:34:33,0.13381,219.30,0.40139,11.78849,34.42239,2.90804,4.56954,50.01,0599:10:48,1,08
18:34:34,0.13369,219.30,0.4026,11.80208,34.46209,2.90814,4.56954,50.00,0599:10:49,1,08
18:34:35,0.13369,219.30,0.4026,11.80208,34.46209,2.90814,4.56954,50.00,0599:10:50,1,08
18:34:37,0.13522,219.30,0.40284,11.95165,34.89882,2.90814,4.56954,50.01,0599:10:52,1,08
18:34:38,0.13437,219.20,0.40268,11.87007,34.6606,2.90814,4.56954,50.03,0599:10:53,1,08
18:34:41,0.13425,219.10,0.40111,11.80208,34.46209,2.90814,4.56954,50.01,0599:10:56,1,08
18:34:42,0.13443,219.30,0.40138,11.84288,34.5812,2.90814,4.56954,50.04,0599:10:57,1,08
18:34:43,0.13407,219.50,0.40203,11.82928,34.5415,2.90814,4.56954,50.04,0599:10:58,1,08
18:34:48,0.1348,219.80,0.39862,11.81568,34.50179,2.90814,4.56964,50.03,0599:11:02,1,08
18:34:49,0.13388,219.70,0.40111,11.80208,34.46209,2.90814,4.56964,50.04,0599:11:03,1,08
18:34:52,0.13553,219.80,0.3969,11.82928,34.5415,2.90814,4.56964,50.04,0599:11:07,1,08
18:34:53,0.1348,219.90,0.39826,11.81568,34.50179,2.90814,4.56964,50.04,0599:11:08,1,08
18:34:54,0.13511,219.90,0.39707,11.80208,34.46209,2.90814,4.56964,50.04,0599:11:08,1,08
18:34:55,0.13468,219.90,0.39817,11.80208,34.46209,2.90814,4.56964,50.03,0599:11:09,1,08
18:34:56,0.13547,219.70,0.39589,11.78849,34.42239,2.90814,4.56964,50.03,0599:11:10,1,08
18:34:57,0.13468,219.60,0.39982,11.82928,34.5415,2.90814,4.56964,50.01,0599:11:12,1,08
18:34:58,0.13486,219.60,0.39908,11.82928,34.5415,2.90814,4.56964,50.03,0599:11:13,1,08
18:34:59,0.13492,219.70,0.39872,11.82928,34.5415,2.90814,4.56964,50.03,0599:11:14,1,08
18:35:00,0.13517,219.80,0.39753,11.81568,34.50179,2.90814,4.56964,50.03,0599:11:14,1,08
18:35:02,0.13425,219.90,0.39963,11.80208,34.46209,2.90814,4.56964,50.03,0599:11:16,1,08
18:35:04,0.13486,220.10,0.39835,11.82928,34.5415,2.90814,4.56964,50.03,0599:11:19,1,08
18:35:07,0.13517,219.90,0.39717,11.81568,34.50179,2.90824,4.56974,50.01,0599:11:21,1,08
18:35:08,0.13541,219.80,0.39635,11.80208,34.46209,2.90824,4.56974,50.01,0599:11:23,1,08
18:35:09,0.13511,219.80,0.39753,11.81568,34.50179,2.90824,4.56974,50.01,0599:11:24,1,08
18:35:10,0.13559,219.90,0.39608,11.81568,34.50179,2.90824,4.56974,50.01,0599:11:25,1,08
18:35:11,0.13547,219.80,0.3969,11.82928,34.5415,2.90824,4.56974,50.01,0599:11:26,1,08
18:35:14,0.13461,219.90,0.39945,11.82928,34.5415,2.90824,4.56974,50.00,0599:11:29,1,08
18:35:15,0.13572,220.10,0.39627,11.84288,34.5812,2.90824,4.56974,50.00,0599:11:30,1,08
18:35:16,0.13455,220.20,0.39908,11.82928,34.5415,2.90824,4.56974,49.97,0599:11:31,1,08
18:35:18,0.13461,220.10,0.39908,11.82928,34.5415,2.90824,4.56974,49.97,0599:11:32,1,08
18:35:19,0.1348,220.10,0.39826,11.81568,34.50179,2.90824,4.56974,49.99,0599:11:33,1,08
18:35:21,0.13492,220.00,0.39789,11.81568,34.50179,2.90824,4.56974,49.97,0599:11:36,1,08
18:35:22,0.13522,219.80,0.39717,11.81568,34.50179,2.90824,4.56974,49.97,0599:11:37,1,08
18:35:23,0.13461,219.80,0.39669,11.7477,34.30328,2.90824,4.56974,49.97,0599:11:38,1,08
18:35:24,0.13759,219.80,0.40027,12.11481,35.37526,2.90824,4.56974,49.97,0599:11:38,1,08
18:35:25,0.138,219.90,0.39928,12.12841,35.41496,2.90824,4.56974,49.97,0599:11:40,1,08
18:35:26,0.13764,220.00,0.40081,12.14201,35.45466,2.90824,4.56974,49.96,0599:11:41,1,08
18:35:30,0.13565,220.00,0.39663,11.84288,34.5812,2.90824,4.56984,49.96,0599:11:45,1,08
18:35:31,0.13449,219.90,0.39982,11.82928,34.5415,2.90824,4.56984,49.96,0599:11:46,1,08
18:35:33,0.13443,219.50,0.39641,11.70691,34.18417,2.90824,4.56984,49.95,0599:11:48,1,08
18:35:34,0.13529,219.60,0.39753,11.81568,34.50179,2.90824,4.56984,49.96,0599:11:49,1,08
18:35:35,0.13468,219.50,0.39926,11.80208,34.46209,2.90824,4.56984,49.96,0599:11:50,1,08
18:35:36,0.13407,219.50,0.4012,11.81568,34.50179,2.90834,4.56984,49.95,0599:11:51,1,08
18:35:40,0.13529,219.60,0.39707,11.80208,34.46209,2.90834,4.56984,49.95,0599:11:55,1,08
18:35:42,0.1348,219.10,0.39871,11.77489,34.38269,2.90834,4.56984,49.95,0599:11:57,1,08
18:35:43,0.13431,218.90,0.39834,11.7205,34.22387,2.90834,4.56984,49.95,0599:11:58,1,08
18:35:44,0.13535,219.10,0.39917,11.84288,34.5812,2.90834,4.56984,49.96,0599:11:59,1,08
18:35:45,0.1348,219.60,0.40037,11.85647,34.6209,2.90834,4.56984,49.96,0599:12:00,1,08
18:35:46,0.13449,219.80,0.39972,11.81568,34.50179,2.90834,4.56984,49.96,0599:12:01,1,08
18:35:47,0.13498,219.60,0.39734,11.78849,34.42239,2.90834,4.56994,49.96,0599:12:02,1,08
18:35:48,0.13553,219.60,0.3968,11.81568,34.50179,2.90834,4.56994,49.99,0599:12:03,1,08
18:35:49,0.13468,219.60,0.39936,11.81568,34.50179,2.90834,4.56994,49.99,0599:12:04,1,08
18:35:50,0.13443,219.70,0.39972,11.81568,34.50179,2.90834,4.56994,49.97,0599:12:05,1,08
18:35:51,0.13419,219.70,0.40037,11.80208,34.46209,2.90834,4.56994,49.97,0599:12:06,1,08
18:35:53,0.13468,219.80,0.39899,11.81568,34.50179,2.90834,4.56994,50.00,0599:12:08,1,08
18:35:55,0.13461,219.80,0.40037,11.85647,34.6209,2.90834,4.56994,49.99,0599:12:10,1,08
18:35:57,0.13455,219.60,0.39926,11.80208,34.46209,2.90834,4.56994,50.00,0599:12:12,1,08
18:35:58,0.1348,219.50,0.39945,11.82928,34.5415,2.90834,4.56994,50.01,0599:12:13,1,08
18:35:59,0.1348,219.50,0.39945,11.82928,34.5415,2.90834,4.56994,50.01,0599:12:14,1,08
18:36:00,0.13541,219.60,0.39671,11.80208,34.46209,2.90834,4.56994,50.03,0599:12:15,1,08
18:36:01,0.13474,219.50,0.39936,11.81568,34.50179,2.90834,4.56994,50.03,0599:12:16,1,08
18:36:04,0.13517,219.50,0.39744,11.80208,34.46209,2.90834,4.56994,50.04,0599:12:19,1,08
18:36:05,0.13517,219.50,0.39744,11.80208,34.46209,2.90834,4.56994,50.04,0599:12:20,1,08
18:36:07,0.1359,219.70,0.39572,11.81568,34.50179,2.90844,4.57004,50.03,0599:12:22,1,08
18:36:08,0.13535,219.70,0.39671,11.80208,34.46209,2.90844,4.57004,50.04,0599:12:23,1,08
18:36:09,0.13474,219.70,0.39807,11.78849,34.42239,2.90844,4.57004,50.04,0599:12:24,1,08
18:36:11,0.13572,219.60,0.39644,11.81568,34.50179,2.90844,4.57004,50.04,0599:12:26,1,08
18:36:19,0.13541,219.40,0.39753,11.81568,34.50179,2.90844,4.57004,50.05,0599:12:34,1,08
18:36:21,0.13522,219.70,0.39753,11.81568,34.50179,2.90844,4.57004,50.04,0599:12:36,1,08
18:36:23,0.1348,219.70,0.39725,11.77489,34.38269,2.90844,4.57004,50.04,0599:12:38,1,08
18:36:24,0.13517,219.40,0.39688,11.77489,34.38269,2.90844,4.57004,50.03,0599:12:39,1,08
18:36:28,0.1348,219.20,0.39972,11.81568,34.50179,2.90844,4.57015,50.01,0599:12:43,1,08
18:36:30,0.13572,218.90,0.39661,11.78849,34.42239,2.90844,4.57015,50.01,0599:12:45,1,08
18:36:31,0.13468,218.90,0.40092,11.82928,34.5415,2.90844,4.57015,50.01,0599:12:46,1,08
18:36:32,0.13443,218.90,0.4012,11.81568,34.50179,2.90844,4.57015,50.00,0599:12:47,1,08
18:36:33,0.13425,219.00,0.40111,11.80208,34.46209,2.90844,4.57015,50.00,0599:12:48,1,08
18:36:35,0.13394,219.10,0.40231,11.81568,34.50179,2.90844,4.57015,49.99,0599:12:50,1,08
18:36:36,0.13461,219.10,0.4,11.80208,34.46209,2.90844,4.57015,50.00,0599:12:51,1,08
18:36:37,0.13522,219.20,0.39862,11.81568,34.50179,2.90854,4.57015,50.00,0599:12:52,1,08
18:36:44,0.13437,219.00,0.39705,11.69331,34.14447,2.90854,4.57015,49.96,0599:12:58,1,08
18:36:45,0.13559,219.10,0.39844,11.84288,34.5812,2.90854,4.57015,49.96,0599:12:59,1,08
18:36:46,0.13535,219.40,0.39753,11.81568,34.50179,2.90854,4.57015,49.95,0599:13:00,1,08
18:36:47,0.13455,219.60,0.39972,11.81568,34.50179,2.90854,4.57015,49.95,0599:13:02,1,08
18:36:48,0.13541,219.50,0.39945,11.88367,34.70031,2.90854,4.57015,49.95,0599:13:02,1,08
18:36:49,0.13517,219.60,0.39927,11.85647,34.6209,2.90854,4.57025,49.95,0599:13:03,1,08
18:36:50,0.13541,219.60,0.39717,11.81568,34.50179,2.90854,4.57025,49.95,0599:13:04,1,08
18:36:52,0.13547,219.40,0.39762,11.82928,34.5415,2.90854,4.57025,49.96,0599:13:07,1,08
18:36:53,0.13468,219.50,0.3966,11.7341,34.26358,2.90854,4.57025,49.96,0599:13:08,1,08
18:36:55,0.13577,219.50,0.39608,11.81568,34.50179,2.90854,4.57025,49.97,0599:13:09,1,08
18:36:57,0.13522,219.70,0.39661,11.78849,34.42239,2.90854,4.57025,49.97,0599:13:11,1,08
18:37:00,0.13529,219.70,0.39799,11.82928,34.5415,2.90854,4.57025,49.97,0599:13:14,1,08
18:37:01,0.13455,219.60,0.40018,11.82928,34.5415,2.90854,4.57025,49.96,0599:13:15,1,08
18:37:03,0.13357,219.10,0.39926,11.69331,34.14447,2.90854,4.57025,49.97,0599:13:18,1,08
18:37:06,0.13486,219.30,0.39982,11.82928,34.5415,2.90854,4.57025,49.97,0599:13:20,1,08
18:37:08,0.13486,219.50,0.39945,11.82928,34.5415,2.90854,4.57025,49.97,0599:13:22,1,08
18:37:09,0.13529,219.70,0.39844,11.84288,34.5812,2.90865,4.57035,49.97,0599:13:24,1,08
18:37:11,0.13425,219.70,0.40092,11.82928,34.5415,2.90865,4.57035,49.96,0599:13:26,1,08
18:37:13,0.13474,219.40,0.3966,11.7341,34.26358,2.90865,4.57035,49.97,0599:13:27,1,08
18:37:14,0.13572,219.30,0.39498,11.7613,34.34298,2.90865,4.57035,49.97,0599:13:28,1,08
18:37:15,0.13492,219.20,0.39936,11.81568,34.50179,2.90865,4.57035,49.97,0599:13:30,1,08
18:37:17,0.13547,219.00,0.39652,11.77489,34.38269,2.90865,4.57035,49.96,0599:13:32,1,08
18:37:18,0.13565,219.00,0.39707,11.80208,34.46209,2.90865,4.57035,49.96,0599:13:32,1,08
18:37:20,0.13559,219.20,0.39671,11.80208,34.46209,2.90865,4.57035,49.96,0599:13:35,1,08
18:37:23,0.13577,219.10,0.39772,11.84288,34.5812,2.90865,4.57035,49.97,0599:13:38,1,08
18:37:24,0.13492,219.00,0.39742,11.7477,34.30328,2.90865,4.57035,49.97,0599:13:38,1,08
18:37:25,0.13437,218.90,0.3988,11.7341,34.26358,2.90865,4.57035,49.97,0599:13:39,1,08
18:37:27,0.13431,219.20,0.4012,11.81568,34.50179,2.90865,4.57035,49.97,0599:13:42,1,08
18:37:28,0.13522,219.30,0.39826,11.81568,34.50179,2.90865,4.57035,49.97,0599:13:43,1,08
18:37:32,0.13498,219.30,0.39807,11.78849,34.42239,2.90865,4.57045,49.99,0599:13:47,1,08
18:37:34,0.13529,219.40,0.39744,11.80208,34.46209,2.90865,4.57045,49.99,0599:13:49,1,08
18:37:38,0.13547,219.00,0.39835,11.82928,34.5415,2.90865,4.57045,49.99,0599:13:53,1,08
18:37:39,0.13522,219.20,0.39872,11.82928,34.5415,2.90875,4.57045,49.99,0599:13:54,1,08
18:37:42,0.13492,219.70,0.39734,11.78849,34.42239,2.90875,4.57045,50.00,0599:13:57,1,08
18:37:44,0.1348,219.60,0.39807,11.78849,34.42239,2.90875,4.57045,49.99,0599:13:59,1,08
18:37:45,0.13486,219.40,0.39853,11.80208,34.46209,2.90875,4.57045,49.99,0599:14:00,1,08
18:37:49,0.13431,219.20,0.39935,11.7613,34.34298,2.90875,4.57055,49.99,0599:14:04,1,08
18:37:50,0.13437,219.10,0.40074,11.80208,34.46209,2.90875,4.57055,49.97,0599:14:05,1,08
18:37:53,0.13425,219.40,0.4012,11.81568,34.50179,2.90875,4.57055,49.99,0599:14:08,1,08
18:37:54,0.13425,219.50,0.40129,11.82928,34.5415,2.90875,4.57055,49.99,0599:14:09,1,08
18:37:55,0.13461,219.30,0.39917,11.78849,34.42239,2.90875,4.57055,49.99,0599:14:10,1,08
18:37:56,0.13468,219.10,0.39963,11.80208,34.46209,2.90875,4.57055,49.97,0599:14:11,1,08
18:37:57,0.13449,219.00,0.3976,11.7205,34.22387,2.90875,4.57055,49.97,0599:14:12,1,08
18:37:58,0.13425,218.90,0.39963,11.7477,34.30328,2.90875,4.57055,49.99,0599:14:13,1,08
18:38:00,0.13443,218.80,0.40018,11.77489,34.38269,2.90875,4.57055,49.97,0599:14:15,1,08
18:38:03,0.13511,219.00,0.39945,11.82928,34.5415,2.90875,4.57055,49.97,0599:14:18,1,08
18:38:06,0.13595,219.00,0.39726,11.82928,34.5415,2.90875,4.57055,49.96,0599:14:21,1,08
18:38:07,0.13572,218.90,0.39707,11.80208,34.46209,2.90875,4.57055,49.96,0599:14:22,1,08
18:38:08,0.13511,219.00,0.39853,11.80208,34.46209,2.90875,4.57055,49.97,0599:14:23,1,08
18:38:10,0.1362,218.80,0.39562,11.80208,34.46209,2.90885,4.57065,49.96,0599:14:25,1,08
18:38:12,0.13722,218.90,0.4,12.01964,35.09734,2.90885,4.57065,49.97,0599:14:27,1,08
18:38:13,0.13674,218.70,0.40091,11.99244,35.01793,2.90885,4.57065,49.97,0599:14:28,1,08
18:38:14,0.13699,218.70,0.40064,12.00604,35.05763,2.90885,4.57065,49.97,0599:14:29,1,08
18:38:17,0.13729,218.90,0.39873,11.99244,35.01793,2.90885,4.57065,49.97,0599:14:32,1,08
18:38:20,0.13776,219.00,0.3973,11.99244,35.01793,2.90885,4.57065,49.97,0599:14:35,1,08
18:38:21,0.13776,219.20,0.39739,12.00604,35.05763,2.90885,4.57065,49.97,0599:14:36,1,08
18:38:24,0.13692,219.10,0.39946,11.99244,35.01793,2.90885,4.57065,49.96,0599:14:39,1,08
18:38:28,0.1359,219.20,0.40237,11.99244,35.01793,2.90885,4.57065,49.96,0599:14:43,1,08
18:38:29,0.1359,219.20,0.40237,11.99244,35.01793,2.90885,4.57065,49.96,0599:14:44,1,08
18:38:31,0.13662,219.20,0.40018,11.99244,35.01793,2.90885,4.57075,49.96,0599:14:46,1,08
18:38:33,0.13776,219.00,0.4,12.07402,35.25615,2.90885,4.57075,49.95,0599:14:48,1,08
18:38:37,0.13632,218.80,0.39836,11.88367,34.70031,2.90885,4.57075,49.96,0599:14:52,1,08
18:38:39,0.13813,218.90,0.39658,11.99244,35.01793,2.90885,4.57075,49.96,0599:14:54,1,08
18:38:40,0.13813,218.90,0.39658,11.99244,35.01793,2.90895,4.57075,49.96,0599:14:55,1,08
18:38:44,0.13783,219.00,0.39685,11.97884,34.97823,2.90895,4.57075,49.96,0599:14:58,1,08
18:38:45,0.13753,218.90,0.39928,12.01964,35.09734,2.90895,4.57075,49.97,0599:14:59,1,08
18:38:46,0.13674,218.80,0.40009,11.97884,34.97823,2.90895,4.57075,49.96,0599:15:00,1,08
18:38:47,0.13711,218.80,0.39991,12.00604,35.05763,2.90895,4.57075,49.96,0599:15:01,1,08
18:38:48,0.13662,218.80,0.39818,11.91086,34.77971,2.90895,4.57075,49.96,0599:15:02,1,08
18:38:50,0.13529,218.60,0.39798,11.77489,34.38269,2.90895,4.57075,49.97,0599:15:04,1,08
18:38:51,0.13511,218.70,0.39972,11.81568,34.50179,2.90895,4.57086,49.99,0599:15:05,1,08
18:38:52,0.13529,218.80,0.39899,11.81568,34.50179,2.90895,4.57086,49.99,0599:15:06,1,08
18:38:53,0.13511,218.80,0.39798,11.77489,34.38269,2.90895,4.57086,49.99,0599:15:07,1,08
18:38:56,0.13455,218.60,0.40157,11.81568,34.50179,2.90895,4.57086,49.99,0599:15:10,1,08
18:38:58,0.13486,218.40,0.39935,11.7613,34.34298,2.90895,4.57086,49.97,0599:15:13,1,08
18:39:00,0.13449,218.20,0.40185,11.80208,34.46209,2.90895,4.57086,49.97,0599:15:14,1,08
18:39:04,0.13455,218.50,0.40111,11.80208,34.46209,2.90895,4.57086,49.97,0599:15:19,1,08
18:39:05,0.13412,218.40,0.40121,11.7613,34.34298,2.90895,4.57086,49.97,0599:15:19,1,08
18:39:06,0.13425,218.20,0.40213,11.78849,34.42239,2.90895,4.57086,49.97,0599:15:20,1,08
18:39:07,0.13468,218.20,0.40102,11.78849,34.42239,2.90895,4.57086,49.99,0599:15:21,1,08
18:39:08,0.13529,218.10,0.40009,11.81568,34.50179,2.90895,4.57086,49.97,0599:15:22,1,08
18:39:09,0.13431,218.20,0.4026,11.80208,34.46209,2.90895,4.57086,49.97,0599:15:24,1,08
18:39:10,0.13407,218.30,0.40111,11.7477,34.30328,2.90895,4.57086,49.97,0599:15:25,1,08
18:39:15,0.13449,218.60,0.40111,11.80208,34.46209,2.90905,4.57096,49.97,0599:15:30,1,08
18:39:17,0.13517,218.70,0.40018,11.82928,34.5415,2.90905,4.57096,49.97,0599:15:31,1,08
18:39:18,0.13517,218.70,0.39936,11.81568,34.50179,2.90905,4.57096,49.97,0599:15:32,1,08
18:39:20,0.13437,218.80,0.39834,11.7205,34.22387,2.90905,4.57096,49.96,0599:15:35,1,08
18:39:21,0.13486,219.00,0.39926,11.80208,34.46209,2.90905,4.57096,49.96,0599:15:36,1,08
18:39:22,0.13553,219.00,0.39744,11.80208,34.46209,2.90905,4.57096,49.97,0599:15:37,1,08
18:39:23,0.13498,219.00,0.3989,11.80208,34.46209,2.90905,4.57096,49.97,0599:15:37,1,08
18:39:24,0.13504,219.00,0.39844,11.78849,34.42239,2.90905,4.57096,49.97,0599:15:38,1,08
18:39:26,0.13449,218.90,0.40028,11.78849,34.42239,2.90905,4.57096,49.96,0599:15:41,1,08
18:39:28,0.13498,218.80,0.39972,11.81568,34.50179,2.90905,4.57096,49.96,0599:15:43,1,08
18:39:29,0.13357,218.80,0.4,11.69331,34.14447,2.90905,4.57096,49.96,0599:15:43,1,08
18:39:30,0.1348,218.80,0.39954,11.78849,34.42239,2.90905,4.57096,49.97,0599:15:44,1,08
18:39:32,0.13565,219.00,0.39707,11.80208,34.46209,2.90905,4.57106,49.97,0599:15:47,1,08
18:39:33,0.13419,219.10,0.39926,11.7477,34.30328,2.90905,4.57106,49.97,0599:15:48,1,08
18:39:34,0.13474,219.00,0.40046,11.81568,34.50179,2.90905,4.57106,49.97,0599:15:49,1,08
18:39:35,0.13431,219.00,0.40203,11.82928,34.5415,2.90905,4.57106,49.97,0599:15:49,1,08
18:39:38,0.13449,219.00,0.39945,11.77489,34.38269,2.90905,4.57106,49.97,0599:15:53,1,08
18:39:41,0.13492,218.70,0.39917,11.78849,34.42239,2.90905,4.57106,49.96,0599:15:55,1,08
18:39:43,0.13517,219.00,0.39991,11.84288,34.5812,2.90915,4.57106,49.99,0599:15:58,1,08
18:39:44,0.13468,219.10,0.39963,11.80208,34.46209,2.90915,4.57106,49.97,0599:15:59,1,08
18:39:45,0.13511,219.10,0.39807,11.78849,34.42239,2.90915,4.57106,49.97,0599:16:00,1,08
18:39:46,0.13338,218.80,0.40363,11.78849,34.42239,2.90915,4.57106,49.99,0599:16:01,1,08
18:39:48,0.1332,218.60,0.40149,11.69331,34.14447,2.90915,4.57106,49.97,0599:16:03,1,08
18:39:49,0.13338,218.60,0.40401,11.78849,34.42239,2.90915,4.57106,49.97,0599:16:04,1,08
18:39:52,0.13407,219.00,0.40231,11.81568,34.50179,2.90915,4.57116,49.97,0599:16:07,1,08
18:39:55,0.13437,218.80,0.40157,11.81568,34.50179,2.90915,4.57116,49.96,0599:16:10,1,08
18:39:56,0.13474,218.70,0.40037,11.80208,34.46209,2.90915,4.57116,49.97,0599:16:11,1,08
18:39:57,0.13431,218.90,0.40065,11.78849,34.42239,2.90915,4.57116,49.97,0599:16:12,1,08
18:40:00,0.13474,219.10,0.39963,11.80208,34.46209,2.90915,4.57116,49.96,0599:16:15,1,08
18:40:02,0.134,219.00,0.40231,11.81568,34.50179,2.90915,4.57116,49.97,0599:16:17,1,08
18:40:03,0.13425,219.00,0.40157,11.81568,34.50179,2.90915,4.57116,49.97,0599:16:18,1,08
18:40:05,0.13474,218.90,0.39862,11.7613,34.34298,2.90915,4.57116,49.96,0599:16:20,1,08
18:40:06,0.13437,219.00,0.39935,11.7613,34.34298,2.90915,4.57116,49.97,0599:16:21,1,08
18:40:07,0.13437,219.20,0.40129,11.82928,34.5415,2.90915,4.57116,49.97,0599:16:22,1,08
18:40:08,0.13474,219.40,0.39844,11.78849,34.42239,2.90915,4.57116,49.96,0599:16:23,1,08
18:40:09,0.13535,219.50,0.39707,11.80208,34.46209,2.90915,4.57116,49.96,0599:16:24,1,08
18:40:10,0.13449,219.50,0.40055,11.82928,34.5415,2.90915,4.57116,49.96,0599:16:25,1,08
18:40:12,0.13504,219.50,0.40055,11.88367,34.70031,2.90915,4.57126,49.97,0599:16:27,1,08
18:40:14,0.13437,219.30,0.39806,11.7341,34.26358,2.90925,4.57126,49.96,0599:16:29,1,08
18:40:15,0.13407,219.10,0.39963,11.7477,34.30328,2.90925,4.57126,49.96,0599:16:30,1,08
18:40:16,0.13474,219.10,0.40009,11.81568,34.50179,2.90925,4.57126,49.96,0599:16:31,1,08
18:40:18,0.13492,219.20,0.39517,11.78849,34.42239,2.90925,4.57126,49.97,0599:16:33,1,08
18:40:19,0.13547,219.20,0.39744,11.80208,34.46209,2.90925,4.57126,49.97,0599:16:34,1,08
18:40:21,0.13461,219.60,0.40018,11.82928,34.5415,2.90925,4.57126,49.96,0599:16:36,1,08
18:40:22,0.13455,219.40,0.40009,11.81568,34.50179,2.90925,4.57126,49.96,0599:16:37,1,08
18:40:26,0.13407,219.10,0.40194,11.81568,34.50179,2.90925,4.57126,49.97,0599:16:41,1,08
18:40:27,0.13461,219.30,0.39963,11.80208,34.46209,2.90925,4.57126,49.97,0599:16:42,1,08
18:40:28,0.13559,219.40,0.3968,11.81568,34.50179,2.90925,4.57126,49.97,0599:16:43,1,08
18:40:29,0.13559,219.40,0.3968,11.81568,34.50179,2.90925,4.57126,49.97,0599:16:44,1,08
18:40:31,0.13486,219.20,0.40064,11.84288,34.5812,2.90925,4.57126,49.96,0599:16:46,1,08
18:40:35,0.13486,219.20,0.39936,11.81568,34.50179,2.90925,4.57136,49.97,0599:16:50,1,08
18:40:37,0.13547,219.30,0.39799,11.82928,34.5415,2.90925,4.57136,49.96,0599:16:52,1,08
18:40:40,0.13717,219.60,0.40253,12.12841,35.41496,2.90925,4.57136,49.95,0599:16:55,1,08
18:40:41,0.13559,219.50,0.39954,11.89726,34.74001,2.90925,4.57136,49.95,0599:16:56,1,08
18:40:45,0.13388,219.40,0.40148,11.80208,34.46209,2.90936,4.57136,49.96,0599:16:59,1,08
18:40:46,0.13443,219.20,0.39991,11.78849,34.42239,2.90936,4.57136,49.96,0599:17:00,1,08
18:40:48,0.13529,219.20,0.39734,11.78849,34.42239,2.90936,4.57136,49.97,0599:17:02,1,08
18:40:49,0.13443,219.20,0.40037,11.80208,34.46209,2.90936,4.57136,49.97,0599:17:03,1,08
18:40:50,0.13468,219.30,0.40018,11.82928,34.5415,2.90936,4.57136,49.97,0599:17:04,1,08
18:40:51,0.13437,219.50,0.40138,11.84288,34.5812,2.90936,4.57136,49.96,0599:17:05,1,08
18:40:54,0.13394,219.60,0.39787,11.70691,34.18417,2.90936,4.57146,49.96,0599:17:08,1,08
18:40:56,0.13425,219.40,0.40037,11.80208,34.46209,2.90936,4.57146,49.96,0599:17:10,1,08
18:40:57,0.13492,219.30,0.39853,11.80208,34.46209,2.90936,4.57146,49.96,0599:17:11,1,08
18:40:59,0.13468,219.30,0.40064,11.84288,34.5812,2.90936,4.57146,49.97,0599:17:13,1,08
18:41:00,0.13419,219.40,0.4012,11.81568,34.50179,2.90936,4.57146,49.97,0599:17:14,1,08
18:41:01,0.13431,219.30,0.40129,11.82928,34.5415,2.90936,4.57146,49.97,0599:17:15,1,08
18:41:02,0.13504,219.30,0.39899,11.81568,34.50179,2.90936,4.57146,49.97,0599:17:16,1,08
18:41:03,0.13461,219.20,0.40009,11.81568,34.50179,2.90936,4.57146,49.97,0599:17:17,1,08
18:41:05,0.13474,219.30,0.40018,11.82928,34.5415,2.90936,4.57146,49.97,0599:17:19,1,08
18:41:06,0.13443,219.30,0.39991,11.78849,34.42239,2.90936,4.57146,49.97,0599:17:20,1,08
18:41:08,0.13504,219.20,0.39853,11.80208,34.46209,2.90936,4.57146,49.97,0599:17:22,1,08
18:41:09,0.13468,219.40,0.39972,11.81568,34.50179,2.90936,4.57146,49.97,0599:17:23,1,08
18:41:14,0.13468,219.30,0.40156,11.87007,34.6606,2.90936,4.57156,49.96,0599:17:28,1,08
18:41:15,0.13425,219.20,0.40018,11.77489,34.38269,2.90946,4.57156,49.96,0599:17:29,1,08
18:41:16,0.13517,219.00,0.40083,11.87007,34.6606,2.90946,4.57156,49.95,0599:17:31,1,08
18:41:17,0.13559,219.10,0.40027,11.89726,34.74001,2.90946,4.57156,49.95,0599:17:31,1,08
18:41:18,0.13535,219.20,0.40055,11.88367,34.70031,2.90946,4.57156,49.95,0599:17:32,1,08
18:41:19,0.13486,219.20,0.40074,11.85647,34.6209,2.90946,4.57156,49.97,0599:17:33,1,08
18:41:22,0.13572,219.40,0.39954,11.89726,34.74001,2.90946,4.57156,49.96,0599:17:36,1,08
18:41:26,0.13474,219.40,0.39706,11.7477,34.30328,2.90946,4.57156,49.96,0599:17:40,1,08
18:41:27,0.13394,219.50,0.40102,11.78849,34.42239,2.90946,4.57156,49.96,0599:17:42,1,08
18:41:28,0.13455,219.50,0.39972,11.81568,34.50179,2.90946,4.57156,49.96,0599:17:43,1,08
18:41:29,0.13394,219.60,0.40111,11.80208,34.46209,2.90946,4.57156,49.96,0599:17:43,1,08
18:41:30,0.13376,219.70,0.40148,11.80208,34.46209,2.90946,4.57156,49.96,0599:17:44,1,08
18:41:31,0.13437,219.70,0.39963,11.80208,34.46209,2.90946,4.57156,49.97,0599:17:45,1,08
18:41:32,0.13486,219.50,0.39899,11.81568,34.50179,2.90946,4.57156,49.97,0599:17:46,1,08
18:41:34,0.13443,219.30,0.40092,11.82928,34.5415,2.90946,4.57166,49.97,0599:17:49,1,08
18:41:35,0.1348,219.40,0.39936,11.81568,34.50179,2.90946,4.57166,49.97,0599:17:49,1,08
18:41:36,0.13461,219.40,0.40009,11.81568,34.50179,2.90946,4.57166,49.97,0599:17:50,1,08
18:41:37,0.13357,219.20,0.40297,11.80208,34.46209,2.90946,4.57166,49.97,0599:17:51,1,08
18:41:38,0.13431,219.10,0.40074,11.80208,34.46209,2.90946,4.57166,50.00,0599:17:53,1,08
18:41:39,0.13363,219.00,0.40065,11.7341,34.26358,2.90946,4.57166,50.00,0599:17:54,1,08
18:41:40,0.13449,219.10,0.40129,11.82928,34.5415,2.90946,4.57166,49.99,0599:17:55,1,08
18:41:41,0.13449,219.10,0.40129,11.82928,34.5415,2.90946,4.57166,49.99,0599:17:55,1,08
18:41:42,0.13692,219.20,0.40308,12.10122,35.33555,2.90946,4.57166,49.99,0599:17:56,1,08
18:41:43,0.13461,219.20,0.40147,11.85647,34.6209,2.90946,4.57166,49.99,0599:17:58,1,08
18:41:44,0.13461,219.20,0.4,11.80208,34.46209,2.90946,4.57166,49.97,0599:17:59,1,08
18:41:46,0.13394,218.80,0.40306,11.81568,34.50179,2.90956,4.57166,49.97,0599:18:01,1,08
18:41:49,0.13449,218.90,0.4012,11.81568,34.50179,2.90956,4.57166,49.97,0599:18:04,1,08
18:41:50,0.13449,218.90,0.4012,11.81568,34.50179,2.90956,4.57166,50.00,0599:18:05,1,08
18:41:54,0.13504,219.40,0.39908,11.82928,34.5415,2.90956,4.57176,49.99,0599:18:09,1,08
18:41:55,0.13492,219.40,0.39899,11.81568,34.50179,2.90956,4.57176,49.99,0599:18:10,1,08
18:41:56,0.13449,219.40,0.40009,11.81568,34.50179,2.90956,4.57176,49.99,0599:18:11,1,08
18:41:57,0.13492,219.40,0.39899,11.81568,34.50179,2.90956,4.57176,49.99,0599:18:12,1,08
18:41:59,0.13504,219.20,0.39486,11.69331,34.14447,2.90956,4.57176,49.99,0599:18:13,1,08
18:42:02,0.13437,218.80,0.40018,11.77489,34.38269,2.90956,4.57176,49.97,0599:18:17,1,08
18:42:03,0.13504,218.80,0.3988,11.78849,34.42239,2.90956,4.57176,49.97,0599:18:18,1,08
18:42:04,0.13486,218.80,0.3988,11.82928,34.42239,2.90956,4.57176,49.96,0599:18:18,1,08
18:42:05,0.13486,218.90,0.40055,11.82928,34.5415,2.90956,4.57176,49.96,0599:18:20,1,08
18:42:07,0.13522,219.20,0.39872,11.82928,34.5415,2.90956,4.57176,49.96,0599:18:22,1,08
18:42:11,0.13369,219.20,0.40028,11.7341,34.26358,2.90956,4.57176,49.95,0599:18:26,1,08
18:42:12,0.13511,219.60,0.39872,11.82928,34.5415,2.90956,4.57176,49.96,0599:18:27,1,08
18:42:13,0.13486,219.80,0.39872,11.82928,34.5415,2.90956,4.57176,49.96,0599:18:28,1,08
18:42:16,0.13535,219.90,0.3968,11.81568,34.50179,2.90966,4.57186,49.95,0599:18:31,1,08
18:42:17,0.13474,219.80,0.39908,11.82928,34.5415,2.90966,4.57186,49.95,0599:18:32,1,08
18:42:19,0.13407,219.50,0.39935,11.7613,34.34298,2.90966,4.57186,49.96,0599:18:34,1,08
18:42:20,0.13381,219.30,0.39991,11.7341,34.26358,2.90966,4.57186,49.97,0599:18:35,1,08
18:42:21,0.13522,219.40,0.39872,11.82928,34.5415,2.90966,4.57186,49.97,0599:18:36,1,08
18:42:22,0.13522,219.40,0.39872,11.82928,34.5415,2.90966,4.57186,49.96,0599:18:37,1,08
18:42:23,0.13407,219.70,0.39991,11.78849,34.42239,2.90966,4.57186,49.96,0599:18:38,1,08
18:42:24,0.13369,219.60,0.40185,11.80208,34.46209,2.90966,4.57186,49.96,0599:18:39,1,08
18:42:31,0.13492,219.60,0.39771,11.78849,34.42239,2.90966,4.57186,49.96,0599:18:46,1,08
18:42:33,0.13461,219.80,0.39945,11.82928,34.5415,2.90966,4.57186,49.96,0599:18:48,1,08
18:42:35,0.13468,219.90,0.39945,11.82928,34.5415,2.90966,4.57196,49.96,0599:18:50,1,08
18:42:36,0.13529,219.90,0.39671,11.80208,34.46209,2.90966,4.57196,49.97,0599:18:51,1,08
18:42:38,0.13449,219.80,0.39972,11.81568,34.50179,2.90966,4.57196,49.96,0599:18:53,1,08
18:42:40,0.13419,219.50,0.39806,11.7341,34.26358,2.90966,4.57196,49.97,0599:18:55,1,08
18:42:41,0.13565,219.50,0.39644,11.81568,34.50179,2.90966,4.57196,49.97,0599:18:56,1,08
18:42:45,0.13674,219.80,0.4028,12.11481,35.37526,2.90966,4.57196,49.97,0599:18:59,1,08
18:42:46,0.13474,219.90,0.39908,11.82928,34.5415,2.90966,4.57196,49.97,0599:19:00,1,08
18:42:48,0.13425,220.00,0.39972,11.81568,34.50179,2.90976,4.57196,49.96,0599:19:02,1,08
18:42:51,0.13419,219.70,0.39677,11.70691,34.18417,2.90976,4.57196,49.96,0599:19:05,1,08
18:42:52,0.134,219.50,0.40018,11.77489,34.38269,2.90976,4.57196,49.96,0599:19:06,1,08
18:42:53,0.13394,219.50,0.40111,11.80208,34.46209,2.90976,4.57196,49.96,0599:19:07,1,08
18:42:54,0.13412,219.50,0.40028,11.78849,34.42239,2.90976,4.57196,49.96,0599:19:08,1,08
18:42:56,0.13492,219.20,0.3989,11.80208,34.46209,2.90976,4.57206,49.96,0599:19:10,1,08
18:42:57,0.13443,219.30,0.40092,11.82928,34.5415,2.90976,4.57206,49.96,0599:19:11,1,08
18:43:00,0.134,219.20,0.40241,11.82928,34.5415,2.90976,4.57206,49.96,0599:19:14,1,08
18:43:02,0.13419,219.10,0.40157,11.81568,34.50179,2.90976,4.57206,49.96,0599:19:16,1,08
18:43:03,0.13431,219.20,0.40074,11.80208,34.46209,2.90976,4.57206,49.97,0599:19:17,1,08
18:43:06,0.13492,219.20,0.39982,11.82928,34.5415,2.90976,4.57206,49.97,0599:19:20,1,08
18:43:15,0.13547,219.60,0.39726,11.82928,34.5415,2.90976,4.57206,49.99,0599:19:29,1,08
18:43:20,0.13511,219.70,0.39744,11.80208,34.46209,2.90986,4.57216,50.01,0599:19:35,1,08
18:43:21,0.13412,219.60,0.40037,11.80208,34.46209,2.90986,4.57216,50.01,0599:19:35,1,08
18:43:22,0.13474,219.70,0.39853,11.80208,34.46209,2.90986,4.57216,50.01,0599:19:36,1,08
18:43:27,0.13419,219.60,0.40037,11.80208,34.46209,2.90986,4.57216,50.03,0599:19:41,1,08
18:43:34,0.13547,218.80,0.39688,11.77489,34.38269,2.90986,4.57216,50.03,0599:19:48,1,08
18:43:36,0.13407,218.60,0.40121,11.7613,34.34298,2.90986,4.57226,50.03,0599:19:50,1,08
18:43:37,0.13407,218.40,0.40158,11.7613,34.34298,2.90986,4.57226,50.03,0599:19:52,1,08
18:43:39,0.13468,218.50,0.40074,11.80208,34.46209,2.90986,4.57226,50.01,0599:19:53,1,08
18:43:40,0.13517,219.00,0.39991,11.84288,34.5812,2.90986,4.57226,50.03,0599:19:54,1,08
18:43:41,0.13474,219.30,0.39926,11.80208,34.46209,2.90986,4.57226,50.03,0599:19:55,1,08
18:43:43,0.13498,219.20,0.39752,11.7613,34.34298,2.90986,4.57226,50.01,0599:19:58,1,08
18:43:45,0.13474,219.00,0.39917,11.78849,34.42239,2.90986,4.57226,50.01,0599:19:59,1,08
18:43:46,0.13449,219.10,0.39945,11.77489,34.38269,2.90986,4.57226,50.01,0599:20:00,1,08
18:43:48,0.13771,219.10,0.4,12.07402,35.25615,2.90986,4.57226,50.01,0599:20:03,1,08
18:43:51,0.13407,219.10,0.40102,11.78849,34.42239,2.90996,4.57226,49.99,0599:20:05,1,08
18:43:52,0.13492,219.20,0.39982,11.82928,34.5415,2.90996,4.57226,49.99,0599:20:06,1,08
18:43:55,0.13511,219.30,0.39771,11.78849,34.42239,2.90996,4.57226,49.97,0599:20:10,1,08
18:43:57,0.13541,219.30,0.39789,11.81568,34.50179,2.90996,4.57236,49.96,0599:20:11,1,08
18:43:58,0.13572,219.10,0.3958,11.77489,34.38269,2.90996,4.57236,49.96,0599:20:12,1,08
18:43:59,0.13461,219.40,0.40018,11.82928,34.5415,2.90996,4.57236,49.96,0599:20:14,1,08
18:44:01,0.13431,219.60,0.40046,11.81568,34.50179,2.90996,4.57236,49.95,0599:20:16,1,08
18:44:02,0.13511,219.40,0.39872,11.82928,34.5415,2.90996,4.57236,49.96,0599:20:17,1,08
18:44:03,0.13511,219.40,0.39872,11.82928,34.5415,2.90996,4.57236,49.96,0599:20:17,1,08
18:44:05,0.13437,219.80,0.39972,11.81568,34.50179,2.90996,4.57236,49.96,0599:20:20,1,08
18:44:06,0.13461,220.00,0.39899,11.81568,34.50179,2.90996,4.57236,49.95,0599:20:21,1,08
18:44:13,0.13474,219.80,0.39771,11.78849,34.42239,2.90996,4.57236,49.95,0599:20:28,1,08
18:44:15,0.13419,219.90,0.39723,11.7205,34.22387,2.90996,4.57236,49.97,0599:20:30,1,08
18:44:19,0.13431,219.90,0.39926,11.80208,34.46209,2.91007,4.57246,49.97,0599:20:34,1,08
18:44:20,0.13431,219.90,0.39926,11.80208,34.46209,2.91007,4.57246,49.96,0599:20:35,1,08
18:44:24,0.13326,219.50,0.40102,11.7341,34.26358,2.91007,4.57246,49.96,0599:20:39,1,08
18:44:25,0.13363,219.40,0.40083,11.7613,34.34298,2.91007,4.57246,49.96,0599:20:40,1,08
18:44:26,0.13407,219.40,0.40157,11.81568,34.50179,2.91007,4.57246,49.96,0599:20:41,1,08
18:44:27,0.13407,219.60,0.40166,11.82928,34.5415,2.91007,4.57246,49.96,0599:20:42,1,08
18:44:28,0.13369,219.70,0.40194,11.81568,34.50179,2.91007,4.57246,49.96,0599:20:43,1,08
18:44:29,0.13431,219.80,0.40009,11.81568,34.50179,2.91007,4.57246,49.96,0599:20:44,1,08
18:44:31,0.13407,219.70,0.40037,11.80208,34.46209,2.91007,4.57246,49.96,0599:20:46,1,08
18:44:32,0.13412,219.60,0.40129,11.82928,34.5415,2.91007,4.57246,49.97,0599:20:47,1,08
18:44:33,0.13437,219.70,0.40055,11.82928,34.5415,2.91007,4.57246,49.97,0599:20:48,1,08
18:44:36,0.13376,219.90,0.4025,11.84288,34.5812,2.91007,4.57256,49.99,0599:20:51,1,08
18:44:39,0.13307,220.00,0.4039,11.82928,34.5415,2.91007,4.57256,50.00,0599:20:54,1,08
18:44:41,0.13351,220.00,0.40102,11.78849,34.42239,2.91007,4.57256,50.00,0599:20:55,1,08
18:44:44,0.13338,220.00,0.40222,11.80208,34.46209,2.91007,4.57256,50.01,0599:20:58,1,08
18:44:49,0.13332,219.90,0.40176,11.78849,34.42239,2.91007,4.57256,50.03,0599:21:03,1,08
18:44:51,0.13614,220.00,0.40381,12.10122,35.33555,2.91017,4.57256,50.03,0599:21:05,1,08
18:44:52,0.13407,219.90,0.40092,11.82928,34.5415,2.91017,4.57256,50.03,0599:21:06,1,08
18:44:53,0.13394,219.80,0.40074,11.80208,34.46209,2.91017,4.57256,50.03,0599:21:07,1,08
18:45:04,0.13468,219.80,0.39899,11.81568,34.50179,2.91017,4.57266,50.03,0599:21:18,1,08
18:45:05,0.1348,219.90,0.39817,11.80208,34.46209,2.91017,4.57266,50.03,0599:21:19,1,08
18:45:09,0.13419,219.50,0.39991,11.78849,34.42239,2.91017,4.57266,50.01,0599:21:23,1,08
18:45:10,0.134,219.30,0.40102,11.78849,34.42239,2.91017,4.57266,50.01,0599:21:24,1,08
18:45:11,0.13381,219.30,0.40231,11.81568,34.50179,2.91017,4.57266,50.00,0599:21:25,1,08
18:45:12,0.13412,219.40,0.40305,11.87007,34.6606,2.91017,4.57266,50.00,0599:21:26,1,08
18:45:16,0.13369,219.80,0.40194,11.81568,34.50179,2.91017,4.57266,50.00,0599:21:30,1,08
18:45:19,0.1348,219.70,0.39908,11.82928,34.5415,2.91017,4.57276,49.99,0599:21:33,1,08
18:45:20,0.13449,219.90,0.39936,11.81568,34.50179,2.91017,4.57276,49.97,0599:21:34,1,08
18:45:21,0.13394,220.00,0.40083,11.81568,34.50179,2.91017,4.57276,49.97,0599:21:35,1,08
18:45:25,0.13498,219.70,0.3978,11.80208,34.46209,2.91027,4.57276,49.97,0599:21:39,1,08
18:45:26,0.13486,219.80,0.39862,11.81568,34.50179,2.91027,4.57276,49.96,0599:21:40,1,08
18:45:28,0.13553,219.50,0.3968,11.81568,34.50179,2.91027,4.57276,49.96,0599:21:42,1,08
18:45:29,0.13468,219.50,0.39982,11.82928,34.5415,2.91027,4.57276,49.96,0599:21:43,1,08
18:45:32,0.13535,219.30,0.39744,11.80208,34.46209,2.91027,4.57276,49.96,0599:21:47,1,08
18:45:34,0.13474,219.40,0.3989,11.80208,34.46209,2.91027,4.57276,49.96,0599:21:48,1,08
18:45:36,0.134,219.30,0.40148,11.80208,34.46209,2.91027,4.57276,49.95,0599:21:50,1,08
18:45:41,0.13326,219.30,0.4014,11.7341,34.26358,2.91027,4.57287,49.96,0599:21:55,1,08
18:45:42,0.13437,219.30,0.39899,11.7613,34.34298,2.91027,4.57287,49.94,0599:21:56,1,08
18:45:46,0.13437,219.90,0.39972,11.81568,34.50179,2.91027,4.57287,49.94,0599:22:00,1,08
18:45:53,0.13288,220.10,0.40381,11.81568,34.50179,2.91037,4.57287,49.97,0599:22:07,1,08
18:45:54,0.13668,220.00,0.40108,12.07402,35.25615,2.91037,4.57287,49.96,0599:22:08,1,08
18:45:55,0.13638,220.20,0.40317,12.11481,35.37526,2.91037,4.57287,49.96,0599:22:10,1,08
18:45:56,0.13504,220.20,0.39899,11.87007,34.6606,2.91037,4.57287,49.97,0599:22:11,1,08
18:45:58,0.13443,220.20,0.39899,11.81568,34.50179,2.91037,4.57297,49.96,0599:22:12,1,08
18:45:59,0.13412,219.90,0.39816,11.7477,34.30328,2.91037,4.57297,49.96,0599:22:13,1,08
18:46:02,0.13449,219.00,0.40175,11.84288,34.5812,2.91037,4.57297,49.96,0599:22:17,1,08
18:46:03,0.134,219.10,0.40139,11.78849,34.42239,2.91037,4.57297,49.96,0599:22:18,1,08
18:46:04,0.134,219.10,0.40139,11.78849,34.42239,2.91037,4.57297,49.97,0599:22:18,1,08
18:46:07,0.1348,219.50,0.39899,11.81568,34.50179,2.91037,4.57297,49.96,0599:22:22,1,08
18:46:08,0.13443,219.60,0.39963,11.80208,34.46209,2.91037,4.57297,49.97,0599:22:23,1,08
18:46:12,0.134,219.80,0.40037,11.80208,34.46209,2.91037,4.57297,49.96,0599:22:27,1,08
18:46:16,0.13541,219.60,0.39762,11.82928,34.5415,2.91037,4.57297,49.96,0599:22:30,1,08
18:46:19,0.13437,219.30,0.40129,11.82928,34.5415,2.91037,4.57307,49.97,0599:22:34,1,08
18:46:20,0.13541,219.40,0.39707,11.80208,34.46209,2.91037,4.57307,49.96,0599:22:35,1,08
18:46:24,0.13449,219.60,0.3988,11.78849,34.42239,2.91047,4.57307,49.96,0599:22:39,1,08
18:46:25,0.13486,219.70,0.39862,11.81568,34.50179,2.91047,4.57307,49.96,0599:22:40,1,08
18:46:26,0.13412,219.70,0.40037,11.80208,34.46209,2.91047,4.57307,49.96,0599:22:41,1,08
18:46:28,0.13443,219.80,0.3988,11.78849,34.42239,2.91047,4.57307,49.96,0599:22:43,1,08
18:46:29,0.13486,219.80,0.39872,11.82928,34.5415,2.91047,4.57307,49.96,0599:22:44,1,08
18:46:31,0.13455,219.70,0.39936,11.81568,34.50179,2.91047,4.57307,49.96,0599:22:46,1,08
18:46:33,0.13461,219.70,0.3989,11.80208,34.46209,2.91047,4.57307,49.97,0599:22:48,1,08
18:46:34,0.13474,219.70,0.39899,11.81568,34.50179,2.91047,4.57307,49.97,0599:22:49,1,08
18:46:36,0.13437,219.80,0.40055,11.82928,34.5415,2.91047,4.57307,49.96,0599:22:51,1,08
18:46:37,0.13437,219.80,0.40018,11.82928,34.5415,2.91047,4.57307,49.96,0599:22:52,1,08
18:46:38,0.13419,219.60,0.39945,11.77489,34.38269,2.91047,4.57317,49.97,0599:22:53,1,08
18:46:40,0.13425,219.80,0.39963,11.80208,34.46209,2.91047,4.57317,49.97,0599:22:55,1,08
18:46:41,0.13407,220.00,0.4,11.80208,34.46209,2.91047,4.57317,49.97,0599:22:56,1,08
18:46:44,0.13425,219.80,0.39917,11.78849,34.42239,2.91047,4.57317,49.99,0599:22:58,1,08
18:46:45,0.13437,219.90,0.3988,11.78849,34.42239,2.91047,4.57317,49.97,0599:22:59,1,08
18:46:46,0.13363,219.90,0.40194,11.81568,34.50179,2.91047,4.57317,49.97,0599:23:00,1,08
18:46:48,0.13381,220.10,0.4012,11.81568,34.50179,2.91047,4.57317,49.99,0599:23:02,1,08
18:46:49,0.13419,220.10,0.39972,11.81568,34.50179,2.91047,4.57317,49.97,0599:23:03,1,08
18:46:50,0.13381,220.20,0.40083,11.81568,34.50179,2.91047,4.57317,49.97,0599:23:04,1,08
18:46:51,0.13351,220.20,0.40111,11.80208,34.46209,2.91047,4.57317,50.00,0599:23:05,1,08
18:46:52,0.13369,220.10,0.40074,11.80208,34.46209,2.91047,4.57317,50.00,0599:23:06,1,08
18:46:54,0.13461,220.20,0.3978,11.80208,34.46209,2.91057,4.57317,49.99,0599:23:08,1,08
18:46:56,0.13388,220.20,0.4,11.80208,34.46209,2.91057,4.57317,50.00,0599:23:10,1,08
18:46:58,0.13455,220.00,0.40037,11.85647,34.6209,2.91057,4.57317,50.00,0599:23:12,1,08
18:46:59,0.13412,220.00,0.39733,11.7341,34.26358,2.91057,4.57317,50.00,0599:23:13,1,08
18:47:00,0.1348,219.80,0.40138,11.89726,34.74001,2.91057,4.57327,50.00,0599:23:14,1,08
18:47:01,0.13394,219.80,0.40074,11.80208,34.46209,2.91057,4.57327,49.99,0599:23:15,1,08
18:47:02,0.13351,219.80,0.40139,11.78849,34.42239,2.91057,4.57327,49.99,0599:23:16,1,08
18:47:03,0.13376,219.80,0.40111,11.80208,34.46209,2.91057,4.57327,50.00,0599:23:17,1,08
18:47:06,0.13388,219.70,0.40111,11.80208,34.46209,2.91057,4.57327,49.99,0599:23:20,1,08
18:47:08,0.134,219.50,0.40065,11.78849,34.42239,2.91057,4.57327,49.99,0599:23:22,1,08
18:47:11,0.13363,219.80,0.40148,11.80208,34.46209,2.91057,4.57327,49.99,0599:23:25,1,08
18:47:13,0.13449,219.70,0.39972,11.81568,34.50179,2.91057,4.57327,49.99,0599:23:27,1,08
18:47:14,0.13443,219.80,0.39972,11.81568,34.50179,2.91057,4.57327,49.99,0599:23:28,1,08
18:47:15,0.13388,219.90,0.4012,11.81568,34.50179,2.91057,4.57327,49.99,0599:23:29,1,08
18:47:16,0.13357,219.70,0.40139,11.78849,34.42239,2.91057,4.57327,49.99,0599:23:30,1,08
18:47:17,0.13326,219.80,0.40204,11.77489,34.38269,2.91057,4.57327,49.99,0599:23:31,1,08
18:47:19,0.13363,219.80,0.40194,11.81568,34.50179,2.91057,4.57327,49.99,0599:23:33,1,08
18:47:20,0.13357,220.00,0.40148,11.80208,34.46209,2.91057,4.57337,49.99,0599:23:34,1,08
18:47:25,0.13363,219.60,0.40185,11.80208,34.46209,2.91067,4.57337,49.97,0599:23:39,1,08
18:47:26,0.13381,219.60,0.40102,11.78849,34.42239,2.91067,4.57337,49.99,0599:23:40,1,08
18:47:27,0.13443,219.50,0.39963,11.80208,34.46209,2.91067,4.57337,49.99,0599:23:41,1,08
18:47:30,0.13443,219.10,0.40268,11.87007,34.6606,2.91067,4.57337,49.97,0599:23:44,1,08
18:47:31,0.13357,219.20,0.40297,11.80208,34.46209,2.91067,4.57337,49.97,0599:23:45,1,08
18:47:32,0.13419,219.20,0.40157,11.81568,34.50179,2.91067,4.57337,49.97,0599:23:46,1,08
18:47:34,0.13425,219.10,0.40065,11.78849,34.42239,2.91067,4.57337,49.97,0599:23:49,1,08
18:47:36,0.13419,219.10,0.40018,11.77489,34.38269,2.91067,4.57337,49.97,0599:23:50,1,08
18:47:37,0.13369,219.00,0.39972,11.70691,34.18417,2.91067,4.57337,49.97,0599:23:51,1,08
18:47:39,0.13394,219.40,0.40194,11.81568,34.50179,2.91067,4.57337,49.96,0599:23:53,1,08
18:47:41,0.13363,219.40,0.40176,11.78849,34.42239,2.91067,4.57347,49.97,0599:23:55,1,08
18:47:42,0.134,219.50,0.40111,11.80208,34.46209,2.91067,4.57347,49.97,0599:23:56,1,08
18:47:43,0.13326,219.60,0.40297,11.80208,34.46209,2.91067,4.57347,49.96,0599:23:57,1,08
18:47:44,0.13314,219.40,0.40279,11.77489,34.38269,2.91067,4.57347,49.96,0599:23:58,1,08
18:47:45,0.13307,219.30,0.40317,11.77489,34.38269,2.91067,4.57347,49.96,0599:24:00,1,08
18:47:46,0.134,219.20,0.40185,11.80208,34.46209,2.91067,4.57347,49.96,0599:24:01,1,08
18:47:47,0.134,219.20,0.40185,11.80208,34.46209,2.91067,4.57347,49.96,0599:24:01,1,08
18:47:49,0.13376,219.00,0.40352,11.82928,34.5415,2.91067,4.57347,49.97,0599:24:03,1,08
18:47:51,0.13338,219.30,0.40242,11.77489,34.38269,2.91067,4.57347,49.96,0599:24:06,1,08
18:47:52,0.13202,219.50,0.40525,11.7477,34.30328,2.91067,4.57347,49.96,0599:24:07,1,08
18:47:54,0.13301,219.60,0.40419,11.81568,34.50179,2.91067,4.57347,49.96,0599:24:08,1,08
18:47:56,0.13301,219.70,0.40326,11.78849,34.42239,2.91077,4.57347,49.96,0599:24:11,1,08
18:47:59,0.13314,219.80,0.40344,11.81568,34.50179,2.91077,4.57347,49.96,0599:24:13,1,08
18:48:00,0.13474,219.70,0.40266,11.92446,34.81942,2.91077,4.57347,49.97,0599:24:14,1,08
18:48:02,0.13283,219.60,0.40494,11.81568,34.50179,2.91077,4.57357,49.97,0599:24:17,1,08
18:48:03,0.13288,219.60,0.40503,11.82928,34.5415,2.91077,4.57357,49.97,0599:24:18,1,08
18:48:04,0.1332,219.60,0.40335,11.80208,34.46209,2.91077,4.57357,49.97,0599:24:19,1,08
18:48:05,0.1332,219.60,0.40335,11.80208,34.46209,2.91077,4.57357,49.97,0599:24:19,1,08
18:48:06,0.13326,219.50,0.40288,11.78849,34.42239,2.91077,4.57357,49.96,0599:24:20,1,08
18:48:07,0.13351,219.50,0.4026,11.80208,34.46209,2.91077,4.57357,49.96,0599:24:22,1,08
18:48:08,0.13345,219.50,0.40213,11.78849,34.42239,2.91077,4.57357,49.96,0599:24:23,1,08
18:48:10,0.13363,219.60,0.40269,11.81568,34.50179,2.91077,4.57357,49.96,0599:24:25,1,08
18:48:12,0.13394,219.70,0.4012,11.81568,34.50179,2.91077,4.57357,49.95,0599:24:26,1,08
18:48:13,0.13449,219.80,0.39972,11.81568,34.50179,2.91077,4.57357,49.95,0599:24:28,1,08
18:48:15,0.13419,219.60,0.40037,11.80208,34.46209,2.91077,4.57357,49.96,0599:24:30,1,08
18:48:16,0.13461,219.50,0.40018,11.82928,34.5415,2.91077,4.57357,49.97,0599:24:31,1,08
18:48:18,0.13407,219.60,0.40166,11.82928,34.5415,2.91077,4.57357,49.97,0599:24:33,1,08
18:48:19,0.13437,219.70,0.40009,11.81568,34.50179,2.91077,4.57357,49.97,0599:24:34,1,08
18:48:20,0.13357,219.60,0.40222,11.80208,34.46209,2.91077,4.57357,49.97,0599:24:35,1,08
18:48:21,0.13332,219.60,0.40344,11.81568,34.50179,2.91077,4.57357,49.97,0599:24:36,1,08
18:48:23,0.13295,219.30,0.40308,11.7613,34.34298,2.91077,4.57367,49.96,0599:24:38,1,08
18:48:26,0.13264,219.30,0.40514,11.78849,34.42239,2.91088,4.57367,49.97,0599:24:41,1,08
18:48:27,0.13332,219.50,0.40344,11.81568,34.50179,2.91088,4.57367,49.97,0599:24:42,1,08
18:48:28,0.13257,219.70,0.40476,11.78849,34.42239,2.91088,4.57367,49.97,0599:24:43,1,08
18:48:30,0.13276,219.60,0.40401,11.78849,34.42239,2.91088,4.57367,49.97,0599:24:45,1,08
18:48:31,0.13257,219.60,0.40523,11.80208,34.46209,2.91088,4.57367,49.97,0599:24:46,1,08
18:48:32,0.13276,219.50,0.40438,11.78849,34.42239,2.91088,4.57367,49.97,0599:24:47,1,08
18:48:35,0.13332,219.60,0.40344,11.81568,34.50179,2.91088,4.57367,49.97,0599:24:50,1,08
18:48:36,0.13369,219.60,0.40231,11.81568,34.50179,2.91088,4.57367,49.99,0599:24:51,1,08
18:48:38,0.13461,219.70,0.39982,11.82928,34.5415,2.91088,4.57367,49.97,0599:24:53,1,08
18:48:40,0.13326,219.80,0.4026,11.80208,34.46209,2.91088,4.57367,49.97,0599:24:54,1,08
18:48:41,0.13369,220.00,0.40203,11.82928,34.5415,2.91088,4.57367,49.99,0599:24:55,1,08
18:48:42,0.1332,219.90,0.40167,11.77489,34.38269,2.91088,4.57367,49.99,0599:24:56,1,08
18:48:43,0.13326,219.90,0.40306,11.81568,34.50179,2.91088,4.57367,49.97,0599:24:57,1,08
18:48:46,0.13363,220.10,0.40203,11.82928,34.5415,2.91088,4.57378,49.99,0599:25:00,1,08
18:48:48,0.13295,219.80,0.40419,11.81568,34.50179,2.91088,4.57378,49.99,0599:25:02,1,08
18:48:52,0.1327,220.40,0.40381,11.81568,34.50179,2.91088,4.57378,49.99,0599:25:06,1,08
18:48:54,0.13338,220.30,0.40194,11.81568,34.50179,2.91088,4.57378,49.97,0599:25:08,1,08
18:48:55,0.13369,220.30,0.40083,11.81568,34.50179,2.91088,4.57378,49.97,0599:25:09,1,08
18:48:56,0.13202,220.40,0.40523,11.80208,34.46209,2.91088,4.57378,49.97,0599:25:10,1,08
18:48:58,0.13307,220.40,0.40315,11.82928,34.5415,2.91098,4.57378,49.97,0599:25:12,1,08
18:48:59,0.13233,220.40,0.40494,11.81568,34.50179,2.91098,4.57378,49.97,0599:25:13,1,08
18:49:02,0.13233,220.30,0.40447,11.80208,34.46209,2.91098,4.57378,49.97,0599:25:16,1,08
18:49:04,0.13338,220.40,0.40481,11.91086,34.77971,2.91098,4.57388,49.99,0599:25:18,1,08
18:49:07,0.13226,220.30,0.40485,11.80208,34.46209,2.91098,4.57388,50.00,0599:25:21,1,08
18:49:12,0.13332,220.10,0.40454,11.87007,34.6606,2.91098,4.57388,50.01,0599:25:26,1,08
18:49:14,0.13288,219.90,0.40372,11.80208,34.46209,2.91098,4.57388,50.03,0599:25:28,1,08
18:49:22,0.13357,219.90,0.40102,11.78849,34.42239,2.91098,4.57388,50.01,0599:25:36,1,08
18:49:23,0.1327,219.80,0.40354,11.77489,34.38269,2.91098,4.57388,50.01,0599:25:37,1,08
18:49:25,0.13314,219.70,0.40381,11.81568,34.50179,2.91098,4.57398,50.01,0599:25:39,1,08
18:49:26,0.13332,219.60,0.40297,11.80208,34.46209,2.91098,4.57398,50.01,0599:25:40,1,08
18:49:29,0.13251,219.90,0.40392,11.77489,34.38269,2.91108,4.57398,50.03,0599:25:43,1,08
18:49:36,0.13338,219.60,0.40297,11.80208,34.46209,2.91108,4.57398,50.00,0599:25:50,1,08
18:49:37,0.13257,219.60,0.40429,11.77489,34.38269,2.91108,4.57398,50.00,0599:25:51,1,08
18:49:38,0.13246,219.50,0.40505,11.77489,34.38269,2.91108,4.57398,50.00,0599:25:52,1,08
18:49:39,0.13283,219.50,0.40401,11.78849,34.42239,2.91108,4.57398,50.00,0599:25:53,1,08
18:49:40,0.13288,219.50,0.40401,11.78849,34.42239,2.91108,4.57398,50.00,0599:25:54,1,08
18:49:41,0.13226,219.40,0.4059,11.78849,34.42239,2.91108,4.57398,50.00,0599:25:56,1,08
18:49:42,0.13226,219.40,0.4059,11.78849,34.42239,2.91108,4.57398,50.00,0599:25:56,1,08
18:49:44,0.13202,219.40,0.40666,11.78849,34.42239,2.91108,4.57398,50.00,0599:25:58,1,08
18:49:46,0.13369,219.50,0.40139,11.78849,34.42239,2.91108,4.57408,49.97,0599:26:01,1,08
18:49:48,0.13307,219.40,0.40317,11.77489,34.38269,2.91108,4.57408,49.97,0599:26:02,1,08
18:49:50,0.13345,219.70,0.40269,11.81568,34.50179,2.91108,4.57408,49.96,0599:26:04,1,08
18:49:51,0.13351,220.00,0.40241,11.82928,34.5415,2.91108,4.57408,49.96,0599:26:05,1,08
18:49:52,0.13388,219.70,0.40018,11.77489,34.38269,2.91108,4.57408,49.97,0599:26:07,1,08
18:49:53,0.13345,220.10,0.40194,11.81568,34.50179,2.91108,4.57408,49.97,0599:26:08,1,08
18:49:54,0.13345,220.10,0.40194,11.81568,34.50179,2.91108,4.57408,49.96,0599:26:08,1,08
18:49:57,0.13283,219.80,0.40363,11.78849,34.42239,2.91108,4.57408,49.96,0599:26:12,1,08
18:49:59,0.13326,219.70,0.4039,11.82928,34.5415,2.91118,4.57408,49.96,0599:26:14,1,08
18:50:00,0.13326,219.70,0.4039,11.82928,34.5415,2.91118,4.57408,49.96,0599:26:14,1,08
18:50:01,0.13338,219.70,0.40306,11.81568,34.50179,2.91118,4.57408,49.96,0599:26:15,1,08
18:50:02,0.13276,219.70,0.40447,11.80208,34.46209,2.91118,4.57408,49.96,0599:26:16,1,08
18:50:05,0.13394,219.30,0.40934,12.03323,35.13704,2.91118,4.57408,49.95,0599:26:20,1,08
18:50:06,0.13369,219.10,0.40538,11.88367,34.70031,2.91118,4.57408,49.95,0599:26:20,1,08
18:50:07,0.13332,219.10,0.40419,11.81568,34.50179,2.91118,4.57418,49.95,0599:26:21,1,08
18:50:09,0.13307,219.40,0.40456,11.81568,34.50179,2.91118,4.57418,49.96,0599:26:24,1,08
18:50:11,0.13381,219.70,0.40388,11.88367,34.70031,2.91118,4.57418,49.97,0599:26:26,1,08
18:50:13,0.13338,219.90,0.40315,11.82928,34.5415,2.91118,4.57418,49.97,0599:26:27,1,08
18:50:16,0.13307,220.00,0.40251,11.78849,34.42239,2.91118,4.57418,49.99,0599:26:31,1,08
18:50:17,0.13295,219.90,0.40242,11.77489,34.38269,2.91118,4.57418,49.99,0599:26:32,1,08
18:50:18,0.1332,219.70,0.40242,11.77489,34.38269,2.91118,4.57418,49.99,0599:26:32,1,08
18:50:20,0.13202,219.60,0.40628,11.78849,34.42239,2.91118,4.57418,49.99,0599:26:35,1,08
18:50:21,0.13214,219.70,0.40684,11.81568,34.50179,2.91118,4.57418,49.99,0599:26:36,1,08
18:50:22,0.13177,219.70,0.40704,11.78849,34.42239,2.91118,4.57418,50.00,0599:26:37,1,08
18:50:25,0.1317,219.60,0.40695,11.77489,34.38269,2.91118,4.57418,50.01,0599:26:40,1,08
18:50:26,0.13196,219.60,0.4076,11.81568,34.50179,2.91118,4.57418,50.00,0599:26:41,1,08
18:50:27,0.13276,219.50,0.40438,11.78849,34.42239,2.91118,4.57428,50.00,0599:26:42,1,08
18:50:29,0.13251,219.00,0.40403,11.7341,34.26358,2.91128,4.57428,50.00,0599:26:44,1,08
18:50:31,0.1322,218.70,0.40695,11.77489,34.38269,2.91128,4.57428,50.00,0599:26:46,1,08
18:50:34,0.13376,218.60,0.40799,11.93806,34.85912,2.91128,4.57428,49.99,0599:26:49,1,08
18:50:35,0.13276,218.60,0.4059,11.78849,34.42239,2.91128,4.57428,49.99,0599:26:50,1,08
18:50:39,0.13314,218.40,0.40514,11.78849,34.42239,2.91128,4.57428,50.00,0599:26:53,1,08
18:50:40,0.13295,218.40,0.40543,11.77489,34.38269,2.91128,4.57428,50.00,0599:26:54,1,08
18:50:41,0.13314,218.50,0.40561,11.80208,34.46209,2.91128,4.57428,49.99,0599:26:55,1,08
18:50:42,0.13276,218.70,0.40637,11.80208,34.46209,2.91128,4.57428,49.99,0599:26:56,1,08
18:50:44,0.13301,219.00,0.40438,11.78849,34.42239,2.91128,4.57428,50.00,0599:26:58,1,08
18:50:46,0.13338,219.00,0.40326,11.78849,34.42239,2.91128,4.57428,50.00,0599:27:00,1,08
18:50:51,0.13376,219.10,0.40306,11.81568,34.50179,2.91128,4.57438,50.00,0599:27:05,1,08
18:50:52,0.13376,219.30,0.40176,11.78849,34.42239,2.91128,4.57438,50.00,0599:27:06,1,08
18:50:54,0.13314,219.40,0.40279,11.77489,34.38269,2.91128,4.57438,50.00,0599:27:08,1,08
18:50:56,0.13338,219.20,0.40288,11.78849,34.42239,2.91128,4.57438,50.00,0599:27:10,1,08
18:50:58,0.13288,219.30,0.40485,11.80208,34.46209,2.91128,4.57438,50.00,0599:27:12,1,08
18:50:59,0.13326,219.20,0.40326,11.78849,34.42239,2.91128,4.57438,50.00,0599:27:13,1,08
18:51:00,0.13338,219.30,0.40381,11.81568,34.50179,2.91138,4.57438,50.00,0599:27:14,1,08
18:51:05,0.13288,218.80,0.40421,11.7613,34.34298,2.91138,4.57438,50.00,0599:27:19,1,08
18:51:07,0.13369,218.60,0.40326,11.78849,34.42239,2.91138,4.57438,49.99,0599:27:21,1,08
18:51:09,0.1348,219.30,0.40855,12.08762,35.29585,2.91138,4.57438,49.99,0599:27:23,1,08
18:51:10,0.13577,219.60,0.40611,12.11481,35.37526,2.91138,4.57449,49.99,0599:27:24,1,08
18:51:11,0.13572,219.50,0.40557,12.08762,35.29585,2.91138,4.57449,49.97,0599:27:25,1,08
18:51:12,0.13376,219.70,0.40194,11.81568,34.50179,2.91138,4.57449,49.99,0599:27:26,1,08
18:51:13,0.13376,219.70,0.40194,11.81568,34.50179,2.91138,4.57449,49.99,0599:27:27,1,08
18:51:14,0.13351,219.90,0.40231,11.81568,34.50179,2.91138,4.57449,49.99,0599:27:28,1,08
18:51:15,0.1332,220.00,0.40306,11.81568,34.50179,2.91138,4.57449,49.99,0599:27:29,1,08
18:51:20,0.1332,219.70,0.40297,11.80208,34.46209,2.91138,4.57449,49.99,0599:27:34,1,08
18:51:23,0.13233,219.90,0.40429,11.77489,34.38269,2.91138,4.57449,49.99,0599:27:37,1,08
18:51:26,0.13239,219.70,0.40514,11.78849,34.42239,2.91138,4.57449,49.99,0599:27:40,1,08
18:51:27,0.13214,219.70,0.4059,11.78849,34.42239,2.91138,4.57449,49.99,0599:27:41,1,08
18:51:28,0.13177,219.50,0.40789,11.80208,34.46209,2.91138,4.57449,49.97,0599:27:42,1,08
18:51:32,0.13214,219.50,0.40628,11.78849,34.42239,2.91148,4.57459,49.99,0599:27:46,1,08
18:51:35,0.13283,219.40,0.40438,11.78849,34.42239,2.91148,4.57459,49.97,0599:27:49,1,08
18:51:36,0.13307,219.40,0.4041,11.80208,34.46209,2.91148,4.57459,49.96,0599:27:51,1,08
18:51:38,0.13295,219.30,0.40447,11.80208,34.46209,2.91148,4.57459,49.97,0599:27:52,1,08
18:51:40,0.13207,218.70,0.4064,11.7477,34.30328,2.91148,4.57459,49.95,0599:27:54,1,08
18:51:41,0.13239,218.60,0.40423,11.70691,34.18417,2.91148,4.57459,49.95,0599:27:55,1,08
18:51:42,0.13257,218.60,0.40713,11.80208,34.46209,2.91148,4.57459,49.96,0599:27:57,1,08
18:51:44,0.13183,218.80,0.40858,11.78849,34.42239,2.91148,4.57459,49.97,0599:27:58,1,08
18:51:45,0.13233,219.10,0.40675,11.80208,34.46209,2.91148,4.57459,49.97,0599:27:59,1,08
18:51:47,0.13196,219.10,0.40742,11.78849,34.42239,2.91148,4.57459,49.96,0599:28:02,1,08
18:51:49,0.13668,219.10,0.41425,12.41394,36.24872,2.91148,4.57459,49.97,0599:28:03,1,08
18:51:50,0.1322,219.00,0.40751,11.80208,34.46209,2.91148,4.57459,49.96,0599:28:04,1,08
18:51:52,0.13207,219.30,0.40525,11.7477,34.30328,2.91148,4.57469,49.96,0599:28:06,1,08
18:51:53,0.13196,219.40,0.40657,11.77489,34.38269,2.91148,4.57469,49.96,0599:28:08,1,08
18:51:55,0.13239,219.40,0.40599,11.80208,34.46209,2.91148,4.57469,49.97,0599:28:09,1,08
18:51:56,0.13189,219.40,0.40657,11.77489,34.38269,2.91148,4.57469,49.96,0599:28:10,1,08
18:52:00,0.13189,219.20,0.40695,11.77489,34.38269,2.91148,4.57469,49.96,0599:28:15,1,08
18:52:02,0.13177,218.80,0.40858,11.78849,34.42239,2.91159,4.57469,49.96,0599:28:16,1,08
18:52:05,0.1322,219.50,0.40722,11.81568,34.50179,2.91159,4.57469,49.95,0599:28:20,1,08
18:52:06,0.13226,219.50,0.4059,11.78849,34.42239,2.91159,4.57469,49.96,0599:28:21,1,08
18:52:07,0.1322,219.60,0.40637,11.80208,34.46209,2.91159,4.57469,49.96,0599:28:21,1,08
18:52:11,0.13535,219.70,0.40768,12.12841,35.41496,2.91159,4.57469,49.96,0599:28:26,1,08
18:52:12,0.13431,219.50,0.40369,11.91086,34.77971,2.91159,4.57479,49.96,0599:28:27,1,08
18:52:13,0.1332,219.30,0.4,11.69331,34.14447,2.91159,4.57479,49.96,0599:28:27,1,08
18:52:14,0.13189,219.30,0.40742,11.78849,34.42239,2.91159,4.57479,49.95,0599:28:28,1,08
18:52:17,0.13338,219.50,0.40297,11.80208,34.46209,2.91159,4.57479,49.97,0599:28:32,1,08
18:52:18,0.1327,219.50,0.40485,11.80208,34.46209,2.91159,4.57479,49.96,0599:28:33,1,08
18:52:20,0.13295,219.50,0.40456,11.81568,34.50179,2.91159,4.57479,49.96,0599:28:35,1,08
18:52:21,0.13338,219.50,0.4039,11.82928,34.5415,2.91159,4.57479,49.96,0599:28:36,1,08
18:52:22,0.13394,219.40,0.40194,11.81568,34.50179,2.91159,4.57479,49.96,0599:28:37,1,08
18:52:25,0.13307,219.00,0.40438,11.78849,34.42239,2.91159,4.57479,49.96,0599:28:39,1,08
18:52:26,0.13338,218.90,0.4041,11.80208,34.46209,2.91159,4.57479,49.97,0599:28:41,1,08
18:52:27,0.13412,218.90,0.40231,11.81568,34.50179,2.91159,4.57479,49.97,0599:28:42,1,08
18:52:28,0.1332,219.00,0.40447,11.80208,34.46209,2.91159,4.57479,49.96,0599:28:43,1,08
18:52:33,0.13363,218.80,0.40335,11.80208,34.46209,2.91169,4.57479,49.97,0599:28:47,1,08
18:52:35,0.13332,218.90,0.40456,11.81568,34.50179,2.91169,4.57489,49.97,0599:28:49,1,08
18:52:37,0.13412,218.80,0.40139,11.78849,34.42239,2.91169,4.57489,49.97,0599:28:51,1,08
18:52:40,0.13369,218.90,0.40344,11.81568,34.50179,2.91169,4.57489,49.97,0599:28:54,1,08
18:52:42,0.13455,219.30,0.40046,11.81568,34.50179,2.91169,4.57489,49.99,0599:28:56,1,08
18:52:44,0.13376,219.20,0.4013,11.77489,34.38269,2.91169,4.57489,49.97,0599:28:58,1,08
18:52:45,0.1332,219.10,0.40363,11.78849,34.42239,2.91169,4.57489,49.97,0599:28:59,1,08
18:52:46,0.13338,219.00,0.40372,11.80208,34.46209,2.91169,4.57489,49.97,0599:29:00,1,08
18:52:47,0.13437,219.10,0.4012,11.81568,34.50179,2.91169,4.57489,49.99,0599:29:01,1,08
18:52:49,0.13351,219.50,0.40306,11.81568,34.50179,2.91169,4.57489,50.00,0599:29:03,1,08
18:52:51,0.13314,219.80,0.40297,11.80208,34.46209,2.91169,4.57489,49.99,0599:29:05,1,08
18:52:53,0.1332,219.80,0.40297,11.80208,34.46209,2.91169,4.57489,50.00,0599:29:07,1,08
18:52:54,0.13369,219.80,0.40148,11.80208,34.46209,2.91169,4.57499,50.00,0599:29:08,1,08
18:52:55,0.13326,219.80,0.4026,11.80208,34.46209,2.91169,4.57499,50.01,0599:29:09,1,08
18:52:58,0.13288,219.50,0.40447,11.80208,34.46209,2.91169,4.57499,50.01,0599:29:12,1,08
18:53:01,0.13283,219.60,0.40447,11.80208,34.46209,2.91169,4.57499,50.03,0599:29:15,1,08
18:53:09,0.13251,219.70,0.40523,11.80208,34.46209,2.91179,4.57499,50.01,0599:29:23,1,08
18:53:11,0.13345,219.20,0.40288,11.78849,34.42239,2.91179,4.57499,50.00,0599:29:25,1,08
18:53:13,0.13332,219.30,0.40335,11.80208,34.46209,2.91179,4.57499,49.99,0599:29:27,1,08
18:53:16,0.13419,219.50,0.40406,11.91086,34.77971,2.91179,4.57509,49.99,0599:29:30,1,08
18:53:17,0.13251,219.50,0.40467,11.77489,34.38269,2.91179,4.57509,49.99,0599:29:31,1,08
18:53:18,0.13246,219.30,0.40599,11.80208,34.46209,2.91179,4.57509,49.97,0599:29:32,1,08
18:53:22,0.13264,219.20,0.40514,11.78849,34.42239,2.91179,4.57509,49.96,0599:29:36,1,08
18:53:23,0.13239,219.00,0.4044,11.7341,34.26358,2.91179,4.57509,49.95,0599:29:37,1,08
18:53:25,0.13276,219.20,0.4057,11.81568,34.50179,2.91179,4.57509,49.94,0599:29:39,1,08
18:53:27,0.13295,219.60,0.40503,11.82928,34.5415,2.91179,4.57509,49.94,0599:29:41,1,08
18:53:28,0.13295,219.70,0.40419,11.81568,34.50179,2.91179,4.57509,49.94,0599:29:42,1,08
18:53:29,0.13376,220.20,0.40221,11.85647,34.6209,2.91179,4.57509,49.94,0599:29:43,1,08
18:53:30,0.13288,220.30,0.40436,11.84288,34.5812,2.91179,4.57509,49.95,0599:29:44,1,08
18:53:31,0.13239,220.20,0.40541,11.82928,34.5415,2.91179,4.57509,49.95,0599:29:45,1,08
18:53:32,0.13239,220.20,0.40541,11.82928,34.5415,2.91179,4.57509,49.95,0599:29:46,1,08
18:53:34,0.13283,220.20,0.40381,11.81568,34.50179,2.91189,4.57509,49.94,0599:29:48,1,08
18:53:36,0.13251,220.30,0.4041,11.80208,34.46209,2.91189,4.57519,49.95,0599:29:50,1,08
18:53:39,0.13332,220.20,0.40231,11.81568,34.50179,2.91189,4.57519,49.96,0599:29:53,1,08
18:53:40,0.1332,220.20,0.40361,11.84288,34.5812,2.91189,4.57519,49.96,0599:29:54,1,08
18:53:42,0.13257,220.10,0.40541,11.82928,34.5415,2.91189,4.57519,49.97,0599:29:56,1,08
18:53:45,0.13381,219.80,0.40111,11.80208,34.46209,2.91189,4.57519,49.96,0599:29:59,1,08
18:53:46,0.13351,219.80,0.40231,11.81568,34.50179,2.91189,4.57519,49.97,0599:30:00,1,08
18:53:47,0.13326,219.90,0.40306,11.81568,34.50179,2.91189,4.57519,49.97,0599:30:01,1,08
18:53:52,0.1332,219.90,0.4026,11.80208,34.46209,2.91189,4.57519,49.97,0599:30:06,1,08
18:53:54,0.13332,219.90,0.40315,11.82928,34.5415,2.91189,4.57519,49.97,0599:30:09,1,08
18:53:57,0.13345,219.90,0.4013,11.77489,34.38269,2.91189,4.5753,49.96,0599:30:11,1,08
18:53:58,0.13283,219.90,0.4014,11.7341,34.26358,2.91189,4.5753,49.99,0599:30:12,1,08
18:53:59,0.13257,220.00,0.40494,11.81568,34.50179,2.91189,4.5753,49.99,0599:30:13,1,08
18:54:01,0.13251,219.80,0.40485,11.80208,34.46209,2.91189,4.5753,49.97,0599:30:16,1,08
18:54:03,0.13246,219.90,0.40485,11.80208,34.46209,2.91189,4.5753,49.99,0599:30:18,1,08
18:54:04,0.13264,220.00,0.40456,11.81568,34.50179,2.91189,4.5753,50.00,0599:30:18,1,08
18:54:05,0.13264,220.00,0.40456,11.81568,34.50179,2.91199,4.5753,50.00,0599:30:19,1,08
18:54:06,0.13283,220.00,0.40372,11.80208,34.46209,2.91199,4.5753,50.00,0599:30:21,1,08
18:54:11,0.13301,219.90,0.40567,11.87007,34.6606,2.91199,4.5753,50.03,0599:30:25,1,08
18:54:18,0.13264,219.50,0.4085,11.89726,34.74001,2.91199,4.5754,50.03,0599:30:33,1,08
18:54:19,0.13207,219.60,0.40675,11.80208,34.46209,2.91199,4.5754,50.03,0599:30:34,1,08
18:54:21,0.1327,219.80,0.40401,11.78849,34.42239,2.91199,4.5754,50.03,0599:30:36,1,08
18:54:22,0.13276,219.80,0.4041,11.80208,34.46209,2.91199,4.5754,50.01,0599:30:36,1,08
18:54:25,0.13246,219.80,0.4057,11.81568,34.50179,2.91199,4.5754,50.00,0599:30:39,1,08
18:54:26,0.13207,220.00,0.40552,11.78849,34.42239,2.91199,4.5754,50.00,0599:30:40,1,08
18:54:27,0.13301,219.80,0.40242,11.77489,34.38269,2.91199,4.5754,50.03,0599:30:41,1,08
18:54:31,0.13246,219.80,0.40523,11.80208,34.46209,2.91199,4.5754,50.01,0599:30:45,1,08
18:54:32,0.13264,219.70,0.40485,11.80208,34.46209,2.91199,4.5754,50.01,0599:30:46,1,08
18:54:36,0.13276,219.60,0.40494,11.81568,34.50179,2.91209,4.5754,50.00,0599:30:50,1,08
18:54:39,0.1322,219.80,0.40645,11.81568,34.50179,2.91209,4.5755,50.00,0599:30:53,1,08
18:54:40,0.13207,219.80,0.40637,11.80208,34.46209,2.91209,4.5755,50.00,0599:30:54,1,08
18:54:41,0.13276,219.70,0.40401,11.78849,34.42239,2.91209,4.5755,50.00,0599:30:55,1,08
18:54:50,0.13226,219.30,0.40581,11.77489,34.38269,2.91209,4.5755,49.96,0599:31:04,1,08
18:54:52,0.13207,219.40,0.40713,11.80208,34.46209,2.91209,4.5755,49.95,0599:31:06,1,08
18:54:53,0.13207,219.40,0.40713,11.80208,34.46209,2.91209,4.5755,49.95,0599:31:07,1,08
18:54:54,0.13276,219.50,0.40485,11.80208,34.46209,2.91209,4.5755,49.95,0599:31:08,1,08
18:54:56,0.13301,219.70,0.40419,11.81568,34.50179,2.91209,4.5755,49.96,0599:31:10,1,08
18:54:57,0.13189,219.90,0.40769,11.82928,34.5415,2.91209,4.5755,49.95,0599:31:11,1,08
18:54:58,0.13189,219.90,0.40769,11.82928,34.5415,2.91209,4.5755,49.95,0599:31:12,1,08
18:54:59,0.13226,220.00,0.40663,11.84288,34.5812,2.91209,4.5755,49.95,0599:31:13,1,08
18:55:00,0.13207,220.00,0.40412,11.7477,34.30328,2.91209,4.5756,49.95,0599:31:14,1,08
18:55:01,0.13183,220.10,0.40628,11.78849,34.42239,2.91209,4.5756,49.96,0599:31:15,1,08
18:55:04,0.13164,219.80,0.40657,11.77489,34.38269,2.91209,4.5756,49.96,0599:31:18,1,08
18:55:05,0.13202,220.00,0.40637,11.80208,34.46209,2.91209,4.5756,49.95,0599:31:19,1,08
18:55:06,0.13164,220.10,0.4076,11.81568,34.50179,2.91209,4.5756,49.95,0599:31:20,1,08
18:55:08,0.13239,220.10,0.40485,11.80208,34.46209,2.91219,4.5756,49.97,0599:31:22,1,08
18:55:09,0.1322,220.00,0.40607,11.81568,34.50179,2.91219,4.5756,49.97,0599:31:23,1,08
18:55:11,0.13145,220.10,0.40461,11.70691,34.18417,2.91219,4.5756,49.97,0599:31:25,1,08
18:55:12,0.13226,220.00,0.40663,11.84288,34.5812,2.91219,4.5756,49.97,0599:31:26,1,08
18:55:13,0.13183,219.90,0.40675,11.80208,34.46209,2.91219,4.5756,49.96,0599:31:27,1,08
18:55:14,0.13207,219.90,0.40543,11.77489,34.38269,2.91219,4.5756,49.97,0599:31:28,1,08
18:55:16,0.13177,219.90,0.40619,11.77489,34.38269,2.91219,4.5756,49.97,0599:31:30,1,08
18:55:17,0.13214,219.80,0.40637,11.80208,34.46209,2.91219,4.5756,49.96,0599:31:31,1,08
18:55:19,0.13189,219.80,0.40722,11.81568,34.50179,2.91219,4.5756,49.99,0599:31:33,1,08
18:55:20,0.13351,219.90,0.41019,12.04683,35.17673,2.91219,4.5757,49.97,0599:31:34,1,08
18:55:24,0.13314,219.20,0.4041,11.80208,34.46209,2.91219,4.5757,50.00,0599:31:38,1,08
18:55:25,0.13314,219.10,0.40447,11.80208,34.46209,2.91219,4.5757,50.00,0599:31:39,1,08
18:55:31,0.13345,218.40,0.40438,11.78849,34.42239,2.91219,4.5757,50.01,0599:31:45,1,08
18:55:35,0.1332,218.10,0.40552,11.78849,34.42239,2.91219,4.5757,50.01,0599:31:49,1,08
18:55:37,0.13388,218.10,0.4041,11.80208,34.46209,2.9123,4.5757,50.03,0599:31:51,1,08
18:55:40,0.13326,218.40,0.40476,11.78849,34.42239,2.9123,4.5757,50.03,0599:31:54,1,08
18:55:42,0.13425,218.30,0.40167,11.77489,34.38269,2.9123,4.5758,50.04,0599:31:56,1,08
18:55:44,0.13394,218.60,0.40251,11.78849,34.42239,2.9123,4.5758,50.04,0599:31:58,1,08
18:55:45,0.13394,218.70,0.40399,11.84288,34.5812,2.9123,4.5758,50.04,0599:31:59,1,08
18:55:48,0.13351,218.90,0.40279,11.77489,34.38269,2.9123,4.5758,50.04,0599:32:02,1,08
18:55:50,0.13307,218.80,0.40429,11.77489,34.38269,2.9123,4.5758,50.01,0599:32:04,1,08
18:55:55,0.1332,219.30,0.40372,11.80208,34.46209,2.9123,4.5758,50.01,0599:32:09,1,08
18:55:56,0.13326,219.40,0.40288,11.78849,34.42239,2.9123,4.5758,50.04,0599:32:10,1,08
18:55:57,0.13283,219.40,0.40485,11.80208,34.46209,2.9123,4.5758,50.04,0599:32:12,1,08
18:56:01,0.13314,219.60,0.40242,11.77489,34.38269,2.9123,4.5758,50.03,0599:32:15,1,08
18:56:03,0.13177,219.50,0.40648,11.7613,34.34298,2.9123,4.5759,50.01,0599:32:18,1,08
18:56:05,0.13226,219.30,0.40675,11.80208,34.46209,2.9123,4.5759,50.00,0599:32:19,1,08
18:56:12,0.13295,219.20,0.40532,11.81568,34.50179,2.9124,4.5759,49.97,0599:32:26,1,08
18:56:14,0.13246,219.30,0.40692,11.82928,34.5415,2.9124,4.5759,49.96,0599:32:29,1,08
18:56:16,0.13202,219.20,0.40516,11.7341,34.26358,2.9124,4.5759,49.96,0599:32:30,1,08
18:56:18,0.13239,219.20,0.40684,11.81568,34.50179,2.9124,4.5759,49.95,0599:32:32,1,08
18:56:20,0.13283,219.40,0.40532,11.81568,34.50179,2.9124,4.5759,49.95,0599:32:35,1,08
18:56:21,0.13226,219.60,0.40684,11.81568,34.50179,2.9124,4.5759,49.95,0599:32:36,1,08
18:56:25,0.13431,219.00,0.40804,12.00604,35.05763,2.9124,4.576,49.96,0599:32:40,1,08
18:56:27,0.13338,219.10,0.4093,11.96525,34.93852,2.9124,4.576,49.95,0599:32:41,1,08
18:56:29,0.13151,219.10,0.40896,11.78849,34.42239,2.9124,4.576,49.96,0599:32:42,1,08
18:56:30,0.13139,219.00,0.40888,11.77489,34.38269,2.9124,4.576,49.96,0599:32:44,1,08
18:56:32,0.13196,219.20,0.40836,11.81568,34.50179,2.9124,4.576,49.96,0599:32:46,1,08
18:56:33,0.13189,219.30,0.40836,11.81568,34.50179,2.9124,4.576,49.96,0599:32:47,1,08
18:56:34,0.13257,219.30,0.40654,11.82928,34.5415,2.9124,4.576,49.96,0599:32:48,1,08
18:56:35,0.1322,219.20,0.4076,11.81568,34.50179,2.9124,4.576,49.96,0599:32:48,1,08
18:56:36,0.13196,219.20,0.40554,11.7341,34.26358,2.9124,4.576,49.96,0599:32:50,1,08
18:56:37,0.13164,219.20,0.40811,11.77489,34.38269,2.9124,4.576,49.97,0599:32:51,1,08
18:56:39,0.13233,219.30,0.40637,11.80208,34.46209,2.9125,4.576,49.96,0599:32:53,1,08
18:56:40,0.1322,219.50,0.40675,11.80208,34.46209,2.9125,4.576,49.96,0599:32:54,1,08
18:56:41,0.1322,219.50,0.40675,11.80208,34.46209,2.9125,4.576,49.96,0599:32:55,1,08
18:56:42,0.13251,219.50,0.40561,11.80208,34.46209,2.9125,4.576,49.96,0599:32:56,1,08
18:56:43,0.13226,219.60,0.40684,11.81568,34.50179,2.9125,4.576,49.97,0599:32:57,1,08
18:56:45,0.13301,219.50,0.4041,11.80208,34.46209,2.9125,4.5761,49.96,0599:32:59,1,08
18:56:47,0.1322,219.30,0.40628,11.78849,34.42239,2.9125,4.5761,49.97,0599:33:01,1,08
18:56:48,0.13177,219.10,0.40819,11.78849,34.42239,2.9125,4.5761,49.97,0599:33:02,1,08
18:56:49,0.13183,219.00,0.4049,11.69331,34.14447,2.9125,4.5761,49.96,0599:33:03,1,08
18:56:51,0.13202,219.10,0.40836,11.81568,34.50179,2.9125,4.5761,49.96,0599:33:05,1,08
18:56:52,0.13202,219.10,0.40836,11.81568,34.50179,2.9125,4.5761,49.96,0599:33:06,1,08
18:56:53,0.13183,219.20,0.40828,11.80208,34.46209,2.9125,4.5761,49.97,0599:33:07,1,08
18:56:56,0.13177,219.00,0.40772,11.77489,34.38269,2.9125,4.5761,49.97,0599:33:10,1,08
18:56:59,0.13257,218.90,0.4059,11.78849,34.42239,2.9125,4.5761,49.97,0599:33:13,1,08
18:57:01,0.13151,218.80,0.40935,11.78849,34.42239,2.9125,4.5761,49.99,0599:33:15,1,08
18:57:02,0.13177,218.70,0.40991,11.81568,34.50179,2.9125,4.5761,49.99,0599:33:16,1,08
18:57:03,0.13226,218.70,0.40742,11.78849,34.42239,2.9125,4.5761,49.97,0599:33:17,1,08
18:57:05,0.13214,218.50,0.40819,11.78849,34.42239,2.9125,4.5761,49.99,0599:33:19,1,08
18:57:06,0.1317,218.50,0.40982,11.80208,34.46209,2.9125,4.5762,49.99,0599:33:20,1,08
18:57:10,0.13183,218.70,0.40905,11.80208,34.46209,2.9126,4.5762,50.00,0599:33:24,1,08
18:57:12,0.13196,218.60,0.41046,11.84288,34.5812,2.9126,4.5762,50.00,0599:33:26,1,08
18:57:13,0.13214,218.30,0.40811,11.77489,34.38269,2.9126,4.5762,50.00,0599:33:27,1,08
18:57:16,0.13139,218.70,0.41012,11.78849,34.42239,2.9126,4.5762,49.99,0599:33:30,1,08
18:57:17,0.13196,218.70,0.40913,11.81568,34.50179,2.9126,4.5762,49.99,0599:33:31,1,08
18:57:18,0.13276,219.00,0.40607,11.81568,34.50179,2.9126,4.5762,49.99,0599:33:32,1,08
18:57:20,0.13214,219.20,0.40713,11.80208,34.46209,2.9126,4.5762,49.99,0599:33:34,1,08
18:57:21,0.13196,219.30,0.40798,11.81568,34.50179,2.9126,4.5762,49.99,0599:33:35,1,08
18:57:23,0.13264,219.10,0.40722,11.81568,34.50179,2.9126,4.5762,49.97,0599:33:37,1,08
18:57:24,0.13239,219.00,0.40628,11.78849,34.42239,2.9126,4.5762,49.97,0599:33:38,1,08
18:57:26,0.13332,219.00,0.40782,11.91086,34.77971,2.9126,4.5762,49.97,0599:33:40,1,08
18:57:28,0.13412,219.10,0.40611,11.93806,34.85912,2.9126,4.57631,49.97,0599:33:42,1,08
18:57:37,0.13246,218.60,0.40751,11.80208,34.46209,2.9126,4.57631,49.97,0599:33:51,1,08
18:57:38,0.13189,218.70,0.40905,11.80208,34.46209,2.9126,4.57631,49.97,0599:33:52,1,08
18:57:42,0.13145,219.00,0.40888,11.77489,34.38269,2.9127,4.57631,49.97,0599:33:56,1,08
18:57:43,0.13196,219.00,0.40875,11.81568,34.50179,2.9127,4.57631,49.97,0599:33:57,1,08
18:57:44,0.13164,219.20,0.40905,11.80208,34.46209,2.9127,4.57631,49.99,0599:33:58,1,08
18:57:46,0.13233,219.10,0.40628,11.78849,34.42239,2.9127,4.57631,49.99,0599:34:00,1,08
18:57:47,0.13202,219.10,0.40789,11.80208,34.46209,2.9127,4.57631,49.99,0599:34:01,1,08
18:57:48,0.13207,219.10,0.40845,11.82928,34.5415,2.9127,4.57641,49.99,0599:34:02,1,08
18:57:49,0.13257,219.20,0.40645,11.81568,34.50179,2.9127,4.57641,49.99,0599:34:03,1,08
18:57:50,0.13264,219.30,0.40607,11.81568,34.50179,2.9127,4.57641,49.99,0599:34:04,1,08
18:57:51,0.13239,219.40,0.40692,11.82928,34.5415,2.9127,4.57641,49.99,0599:34:05,1,08
18:57:52,0.13183,219.50,0.40751,11.80208,34.46209,2.9127,4.57641,49.99,0599:34:06,1,08
18:57:53,0.13202,219.50,0.40713,11.80208,34.46209,2.9127,4.57641,49.99,0599:34:07,1,08
18:57:54,0.13214,219.50,0.40722,11.81568,34.50179,2.9127,4.57641,50.00,0599:34:08,1,08
18:57:55,0.13251,219.50,0.40561,11.80208,34.46209,2.9127,4.57641,50.00,0599:34:09,1,08
18:58:01,0.13288,219.30,0.40485,11.80208,34.46209,2.9127,4.57641,50.00,0599:34:15,1,08
18:58:03,0.13257,219.30,0.40561,11.80208,34.46209,2.9127,4.57641,50.01,0599:34:18,1,08
18:58:04,0.13214,219.40,0.40713,11.80208,34.46209,2.9127,4.57641,50.00,0599:34:18,1,08
18:58:05,0.13295,219.30,0.40447,11.80208,34.46209,2.9127,4.57641,50.00,0599:34:19,1,08
18:58:06,0.13246,219.30,0.40552,11.78849,34.42239,2.9127,4.57641,50.00,0599:34:20,1,08
18:58:08,0.13164,219.40,0.40969,11.84288,34.5812,2.9127,4.57651,50.01,0599:34:23,1,08
18:58:09,0.13246,219.40,0.40645,11.81568,34.50179,2.9127,4.57651,50.01,0599:34:24,1,08
18:58:12,0.13233,219.20,0.40675,11.80208,34.46209,2.9128,4.57651,50.00,0599:34:26,1,08
18:58:13,0.13239,219.10,0.40722,11.81568,34.50179,2.9128,4.57651,50.00,0599:34:27,1,08
18:58:19,0.13246,219.30,0.40552,11.78849,34.42239,2.9128,4.57651,50.00,0599:34:34,1,08
18:58:20,0.13164,219.40,0.40866,11.80208,34.46209,2.9128,4.57651,50.00,0599:34:35,1,08
18:58:21,0.13177,219.50,0.40789,11.80208,34.46209,2.9128,4.57651,50.00,0599:34:36,1,08
18:58:22,0.13183,219.50,0.40742,11.78849,34.42239,2.9128,4.57651,50.00,0599:34:36,1,08
18:58:25,0.13301,219.50,0.40363,11.78849,34.42239,2.9128,4.57651,50.00,0599:34:39,1,08
18:58:33,0.13107,220.10,0.40858,11.78849,34.42239,2.9128,4.57661,50.01,0599:34:47,1,08
18:58:36,0.13177,220.20,0.40675,11.80208,34.46209,2.9128,4.57661,50.01,0599:34:49,1,08
18:58:37,0.1317,220.20,0.40722,11.81568,34.50179,2.9128,4.57661,50.01,0599:34:51,1,08
18:58:39,0.13226,220.20,0.40523,11.80208,34.46209,2.9128,4.57661,50.01,0599:34:53,1,08
18:58:40,0.13183,220.30,0.40739,11.84288,34.5812,2.9128,4.57661,50.01,0599:34:54,1,08
18:58:45,0.13183,220.00,0.40722,11.81568,34.50179,2.9129,4.57661,50.03,0599:34:59,1,08
18:58:46,0.13157,220.10,0.40713,11.80208,34.46209,2.9129,4.57661,50.03,0599:35:00,1,08
18:58:48,0.13151,220.00,0.40742,11.78849,34.42239,2.9129,4.57661,50.03,0599:35:02,1,08
18:58:49,0.13288,219.80,0.40372,11.80208,34.46209,2.9129,4.57661,50.00,0599:35:03,1,08
18:58:50,0.13189,219.90,0.40675,11.80208,34.46209,2.9129,4.57661,50.00,0599:35:04,1,08
18:58:53,0.1327,219.90,0.4041,11.80208,34.46209,2.9129,4.57671,50.00,0599:35:07,1,08
18:58:56,0.13164,219.80,0.40798,11.81568,34.50179,2.9129,4.57671,50.01,0599:35:10,1,08
18:58:57,0.13226,219.80,0.40561,11.80208,34.46209,2.9129,4.57671,50.00,0599:35:11,1,08
18:58:58,0.13214,219.80,0.40637,11.80208,34.46209,2.9129,4.57671,49.99,0599:35:12,1,08
18:59:00,0.13196,219.80,0.40675,11.80208,34.46209,2.9129,4.57671,49.99,0599:35:14,1,08
18:59:01,0.13196,219.80,0.40769,11.82928,34.5415,2.9129,4.57671,49.99,0599:35:15,1,08
18:59:02,0.13196,219.90,0.40722,11.81568,34.50179,2.9129,4.57671,49.99,0599:35:16,1,08
18:59:03,0.13196,220.00,0.40684,11.81568,34.50179,2.9129,4.57671,49.99,0599:35:17,1,08
18:59:06,0.13127,219.90,0.40866,11.80208,34.46209,2.9129,4.57671,49.97,0599:35:20,1,08
18:59:07,0.13251,219.80,0.4057,11.81568,34.50179,2.9129,4.57671,49.97,0599:35:21,1,08
18:59:13,0.13127,219.50,0.40755,11.7477,34.30328,2.91301,4.57681,49.97,0599:35:27,1,08
18:59:14,0.13157,219.50,0.4064,11.7477,34.30328,2.91301,4.57681,49.96,0599:35:28,1,08
18:59:15,0.13196,219.50,0.40751,11.80208,34.46209,2.91301,4.57681,49.96,0599:35:29,1,08
18:59:16,0.13151,219.60,0.40866,11.80208,34.46209,2.91301,4.57681,49.95,0599:35:30,1,08
18:59:19,0.13164,220.00,0.40751,11.80208,34.46209,2.91301,4.57681,49.96,0599:35:33,1,08
18:59:20,0.13127,219.10,0.40643,11.69331,34.14447,2.91301,4.57681,49.95,0599:35:34,1,08
18:59:25,0.13157,220.00,0.40845,11.82928,34.5415,2.91301,4.57681,49.95,0599:35:39,1,08
18:59:26,0.13189,220.10,0.40684,11.81568,34.50179,2.91301,4.57681,49.96,0599:35:40,1,08
18:59:27,0.13114,220.10,0.40819,11.78849,34.42239,2.91301,4.57681,49.96,0599:35:41,1,08
18:59:29,0.13196,219.60,0.40385,11.70691,34.18417,2.91301,4.57681,49.96,0599:35:43,1,08
18:59:31,0.13276,219.40,0.40532,11.81568,34.50179,2.91301,4.57681,49.96,0599:35:45,1,08
18:59:34,0.13133,218.80,0.4087,11.7477,34.30328,2.91301,4.57691,49.96,0599:35:48,1,08
18:59:35,0.13145,218.60,0.40681,11.69331,34.14447,2.91301,4.57691,49.96,0599:35:49,1,08
18:59:36,0.13207,218.30,0.40858,11.78849,34.42239,2.91301,4.57691,49.96,0599:35:50,1,08
18:59:37,0.13214,218.30,0.40858,11.78849,34.42239,2.91301,4.57691,49.96,0599:35:51,1,08
18:59:40,0.13345,218.40,0.40438,11.78849,34.42239,2.91301,4.57691,49.96,0599:35:54,1,08
18:59:41,0.13376,218.40,0.40419,11.81568,34.50179,2.91301,4.57691,49.96,0599:35:55,1,08
18:59:45,0.13412,218.50,0.4026,11.80208,34.46209,2.91311,4.57691,49.99,0599:35:59,1,08
18:59:47,0.13345,218.70,0.40363,11.78849,34.42239,2.91311,4.57691,49.99,0599:36:01,1,08
18:59:48,0.13338,218.50,0.40438,11.78849,34.42239,2.91311,4.57691,49.99,0599:36:02,1,08
18:59:49,0.13326,218.40,0.40523,11.80208,34.46209,2.91311,4.57691,49.99,0599:36:03,1,08
18:59:51,0.13314,218.80,0.40532,11.81568,34.50179,2.91311,4.57691,50.00,0599:36:05,1,08
18:59:53,0.13394,218.90,0.40222,11.80208,34.46209,2.91311,4.57691,50.01,0599:36:07,1,08
18:59:54,0.13388,218.80,0.40204,11.77489,34.38269,2.91311,4.57701,50.03,0599:36:08,1,08
18:59:57,0.13326,218.70,0.40438,11.78849,34.42239,2.91311,4.57701,50.01,0599:36:12,1,08
18:59:58,0.13314,218.50,0.40476,11.78849,34.42239,2.91311,4.57701,50.03,0599:36:12,1,08
18:59:59,0.13345,218.50,0.40401,11.78849,34.42239,2.91311,4.57701,50.03,0599:36:13,1,08
19:00:01,0.13357,218.40,0.40401,11.78849,34.42239,2.91311,4.57701,50.01,0599:36:15,1,08
19:00:02,0.13314,218.30,0.40412,11.7477,34.30328,2.91311,4.57701,50.01,0599:36:16,1,08
19:00:05,0.13338,218.40,0.40392,11.77489,34.38269,2.91311,4.57701,50.00,0599:36:19,1,08
19:00:06,0.13345,218.50,0.40401,11.78849,34.42239,2.91311,4.57701,50.01,0599:36:20,1,08
19:00:07,0.134,218.70,0.40213,11.78849,34.42239,2.91311,4.57701,50.01,0599:36:21,1,08
19:00:12,0.13394,218.90,0.40222,11.80208,34.46209,2.91311,4.57701,50.00,0599:36:26,1,08
19:00:13,0.1348,218.80,0.39954,11.78849,34.42239,2.91311,4.57701,50.00,0599:36:28,1,08
19:00:14,0.13474,219.00,0.39917,11.78849,34.42239,2.91321,4.57711,50.00,0599:36:29,1,08
19:00:16,0.13498,219.10,0.3989,11.80208,34.46209,2.91321,4.57711,50.00,0599:36:30,1,08
19:00:18,0.13474,219.10,0.39917,11.78849,34.42239,2.91321,4.57711,50.00,0599:36:31,1,08
19:00:20,0.13412,219.20,0.40065,11.78849,34.42239,2.91321,4.57711,49.97,0599:36:33,1,08
19:00:21,0.13381,219.20,0.40269,11.81568,34.50179,2.91321,4.57711,49.97,0599:36:35,1,08
19:00:23,0.13357,219.20,0.40297,11.80208,34.46209,2.91321,4.57711,49.96,0599:36:36,1,08
19:00:27,0.13394,219.10,0.40278,11.82928,34.5415,2.91321,4.57711,49.96,0599:36:41,1,08
19:00:28,0.13381,219.00,0.40167,11.77489,34.38269,2.91321,4.57711,49.96,0599:36:42,1,08
19:00:29,0.13381,219.00,0.40167,11.77489,34.38269,2.91321,4.57711,49.95,0599:36:42,1,08
19:00:30,0.13376,219.10,0.40306,11.81568,34.50179,2.91321,4.57711,49.95,0599:36:43,1,08
19:00:31,0.13394,219.20,0.40231,11.81568,34.50179,2.91321,4.57711,49.96,0599:36:45,1,08
19:00:34,0.13202,219.30,0.40516,11.7341,34.26358,2.91321,4.57711,49.95,0599:36:48,1,08
19:00:35,0.13202,219.30,0.40516,11.7341,34.26358,2.91321,4.57711,49.96,0599:36:48,1,08
19:00:36,0.13486,219.40,0.40496,11.99244,35.01793,2.91321,4.57722,49.96,0599:36:49,1,08
19:00:37,0.13455,219.60,0.40478,11.96525,34.93852,2.91321,4.57722,49.96,0599:36:51,1,08
19:00:41,0.13338,219.50,0.40344,11.81568,34.50179,2.91321,4.57722,49.97,0599:36:54,1,08
19:00:44,0.1332,219.60,0.40288,11.78849,34.42239,2.91321,4.57722,49.97,0599:36:58,1,08
19:00:45,0.13363,219.60,0.40324,11.84288,34.5812,2.91321,4.57722,49.96,0599:36:59,1,08
19:00:48,0.134,219.60,0.40166,11.82928,34.5415,2.91331,4.57722,49.99,0599:37:02,1,08
19:00:49,0.13351,219.60,0.40222,11.80208,34.46209,2.91331,4.57722,49.99,0599:37:03,1,08
19:00:50,0.13369,219.70,0.40139,11.78849,34.42239,2.91331,4.57722,49.99,0599:37:04,1,08
19:00:54,0.13394,219.50,0.40065,11.78849,34.42239,2.91331,4.57722,50.00,0599:37:08,1,08
19:00:56,0.13357,219.50,0.4013,11.77489,34.38269,2.91331,4.57722,50.01,0599:37:10,1,08
19:00:57,0.13425,219.50,0.40037,11.80208,34.46209,2.91331,4.57732,50.01,0599:37:11,1,08
19:00:58,0.13425,219.50,0.40037,11.80208,34.46209,2.91331,4.57732,50.01,0599:37:12,1,08
19:00:59,0.13425,219.40,0.39991,11.78849,34.42239,2.91331,4.57732,50.03,0599:37:13,1,08
19:01:01,0.13381,219.30,0.40139,11.78849,34.42239,2.91331,4.57732,50.03,0599:37:15,1,08
19:01:02,0.13345,219.40,0.40297,11.80208,34.46209,2.91331,4.57732,50.01,0599:37:16,1,08
19:01:03,0.13326,219.40,0.40242,11.77489,34.38269,2.91331,4.57732,50.01,0599:37:17,1,08
19:01:08,0.13338,219.90,0.4013,11.77489,34.38269,2.91331,4.57732,50.03,0599:37:22,1,08
19:01:11,0.13559,219.70,0.40237,11.99244,35.01793,2.91331,4.57732,50.03,0599:37:25,1,08
19:01:12,0.13381,219.80,0.40203,11.82928,34.5415,2.91331,4.57732,50.03,0599:37:26,1,08
19:01:13,0.13437,219.80,0.3988,11.78849,34.42239,2.91331,4.57732,50.00,0599:37:27,1,08
19:01:16,0.13431,219.70,0.39963,11.80208,34.46209,2.91331,4.57732,50.00,0599:37:30,1,08
19:01:17,0.13461,219.70,0.3989,11.80208,34.46209,2.91341,4.57732,50.01,0599:37:31,1,08
19:01:18,0.13412,219.70,0.40037,11.80208,34.46209,2.91341,4.57742,50.00,0599:37:32,1,08
19:01:20,0.13468,219.80,0.39807,11.78849,34.42239,2.91341,4.57742,49.99,0599:37:34,1,08
19:01:22,0.13412,219.60,0.40028,11.78849,34.42239,2.91341,4.57742,49.99,0599:37:36,1,08
19:01:24,0.13381,219.20,0.40176,11.78849,34.42239,2.91341,4.57742,49.97,0599:37:38,1,08
19:01:25,0.13504,219.10,0.39761,11.77489,34.38269,2.91341,4.57742,49.97,0599:37:39,1,08
19:01:27,0.13326,219.20,0.40326,11.78849,34.42239,2.91341,4.57742,49.96,0599:37:41,1,08
19:01:28,0.13381,219.10,0.40222,11.80208,34.46209,2.91341,4.57742,49.96,0599:37:42,1,08
19:01:30,0.13431,219.40,0.39991,11.78849,34.42239,2.91341,4.57742,49.95,0599:37:44,1,08
19:01:31,0.13326,219.70,0.4039,11.82928,34.5415,2.91341,4.57742,49.95,0599:37:45,1,08
19:01:32,0.1332,219.70,0.40344,11.81568,34.50179,2.91341,4.57742,49.95,0599:37:46,1,08
19:01:33,0.13338,219.50,0.40251,11.78849,34.42239,2.91341,4.57742,49.95,0599:37:47,1,08
19:01:34,0.13363,219.40,0.40352,11.82928,34.5415,2.91341,4.57742,49.95,0599:37:48,1,08
19:01:36,0.13345,218.90,0.40233,11.7613,34.34298,2.91341,4.57742,49.96,0599:37:50,1,08
19:01:38,0.13425,219.20,0.40536,11.93806,34.85912,2.91341,4.57752,49.95,0599:37:52,1,08
19:01:39,0.13644,219.40,0.40463,12.11481,35.37526,2.91341,4.57752,49.95,0599:37:53,1,08
19:01:40,0.13614,219.50,0.40537,12.11481,35.37526,2.91341,4.57752,49.95,0599:37:54,1,08
19:01:41,0.13504,219.50,0.40467,12.00604,35.05763,2.91341,4.57752,49.95,0599:37:55,1,08
19:01:42,0.13419,219.50,0.40129,11.82928,34.5415,2.91341,4.57752,49.95,0599:37:56,1,08
19:01:43,0.13437,219.30,0.40037,11.80208,34.46209,2.91341,4.57752,49.95,0599:37:57,1,08
19:01:44,0.13468,219.20,0.40009,11.81568,34.50179,2.91341,4.57752,49.96,0599:37:58,1,08
19:01:47,0.13437,219.40,0.4,11.80208,34.46209,2.91351,4.57752,49.95,0599:38:01,1,08
19:01:48,0.13394,219.40,0.40148,11.80208,34.46209,2.91351,4.57752,49.96,0599:38:02,1,08
19:01:49,0.13511,219.60,0.39789,11.81568,34.50179,2.91351,4.57752,49.96,0599:38:03,1,08
19:01:51,0.13461,219.50,0.39972,11.81568,34.50179,2.91351,4.57752,49.95,0599:38:05,1,08
19:01:52,0.13425,219.50,0.40083,11.81568,34.50179,2.91351,4.57752,49.95,0599:38:06,1,08
19:01:54,0.1348,219.60,0.39945,11.82928,34.5415,2.91351,4.57752,49.96,0599:38:08,1,08
19:01:56,0.13437,219.40,0.39677,11.70691,34.18417,2.91351,4.57752,49.96,0599:38:10,1,08
19:01:57,0.13449,219.30,0.4,11.80208,34.46209,2.91351,4.57752,49.96,0599:38:12,1,08
19:01:59,0.13504,219.40,0.39862,11.81568,34.50179,2.91351,4.57762,49.96,0599:38:13,1,08
19:02:00,0.13431,219.20,0.39982,11.77489,34.38269,2.91351,4.57762,49.96,0599:38:14,1,08
19:02:01,0.13412,219.20,0.40065,11.78849,34.42239,2.91351,4.57762,49.96,0599:38:15,1,08
19:02:03,0.13498,219.40,0.39761,11.77489,34.38269,2.91351,4.57762,49.97,0599:38:17,1,08
19:02:04,0.13357,219.40,0.40213,11.78849,34.42239,2.91351,4.57762,49.97,0599:38:18,1,08
19:02:05,0.13357,219.50,0.4026,11.80208,34.46209,2.91351,4.57762,49.97,0599:38:19,1,08
19:02:10,0.13419,219.50,0.40028,11.78849,34.42239,2.91351,4.57762,50.00,0599:38:24,1,08
19:02:11,0.13437,219.40,0.40221,11.85647,34.6209,2.91351,4.57762,50.00,0599:38:25,1,08
19:02:12,0.13345,219.40,0.40297,11.80208,34.46209,2.91351,4.57762,50.00,0599:38:26,1,08
19:02:18,0.13388,219.50,0.40055,11.77489,34.38269,2.91351,4.57762,50.03,0599:38:31,1,08
19:02:20,0.13394,219.40,0.40102,11.78849,34.42239,2.91361,4.57773,50.04,0599:38:33,1,08
19:02:21,0.13407,219.30,0.40065,11.78849,34.42239,2.91361,4.57773,50.03,0599:38:35,1,08
19:02:22,0.13455,219.20,0.39908,11.77489,34.38269,2.91361,4.57773,50.03,0599:38:36,1,08
19:02:23,0.13455,219.20,0.39908,11.77489,34.38269,2.91361,4.57773,50.04,0599:38:36,1,08
19:02:24,0.13381,219.30,0.40139,11.78849,34.42239,2.91361,4.57773,50.04,0599:38:37,1,08
19:02:27,0.13326,219.50,0.40335,11.80208,34.46209,2.91361,4.57773,50.03,0599:38:41,1,08
19:02:29,0.13468,219.60,0.40119,11.87007,34.6606,2.91361,4.57773,50.03,0599:38:42,1,08
19:02:30,0.13419,219.80,0.40046,11.81568,34.50179,2.91361,4.57773,50.03,0599:38:43,1,08
19:02:32,0.13388,219.90,0.40028,11.78849,34.42239,2.91361,4.57773,50.03,0599:38:46,1,08
19:02:35,0.13338,219.80,0.40222,11.80208,34.46209,2.91361,4.57773,50.03,0599:38:48,1,08
19:02:37,0.13388,219.70,0.40111,11.80208,34.46209,2.91361,4.57773,50.00,0599:38:51,1,08
19:02:41,0.13357,219.60,0.40176,11.78849,34.42239,2.91361,4.57783,49.99,0599:38:54,1,08
19:02:44,0.13369,219.60,0.40185,11.80208,34.46209,2.91361,4.57783,49.97,0599:38:58,1,08
19:02:46,0.13498,219.70,0.39917,11.84288,34.5812,2.91361,4.57783,49.95,0599:39:00,1,08
19:02:48,0.13394,219.80,0.40166,11.82928,34.5415,2.91361,4.57783,49.95,0599:39:02,1,08
19:02:49,0.13369,219.70,0.40241,11.82928,34.5415,2.91372,4.57783,49.95,0599:39:03,1,08
19:02:50,0.13407,219.60,0.40028,11.78849,34.42239,2.91372,4.57783,49.95,0599:39:04,1,08
19:02:51,0.13455,219.70,0.39844,11.78849,34.42239,2.91372,4.57783,49.95,0599:39:05,1,08
19:02:53,0.13407,219.90,0.40037,11.80208,34.46209,2.91372,4.57783,49.95,0599:39:06,1,08
19:02:54,0.13369,219.80,0.40148,11.80208,34.46209,2.91372,4.57783,49.95,0599:39:08,1,08
19:02:55,0.13431,219.70,0.40009,11.81568,34.50179,2.91372,4.57783,49.95,0599:39:09,1,08
19:02:56,0.13419,219.70,0.40092,11.82928,34.5415,2.91372,4.57783,49.95,0599:39:10,1,08
19:03:02,0.13376,220.20,0.40028,11.78849,34.42239,2.91372,4.57793,49.96,0599:39:16,1,08
19:03:03,0.13419,220.10,0.39972,11.81568,34.50179,2.91372,4.57793,49.95,0599:39:17,1,08
19:03:04,0.13394,220.10,0.40046,11.81568,34.50179,2.91372,4.57793,49.95,0599:39:18,1,08
19:03:05,0.13394,220.10,0.40046,11.81568,34.50179,2.91372,4.57793,49.95,0599:39:19,1,08
19:03:06,0.13369,220.00,0.40203,11.82928,34.5415,2.91372,4.57793,49.95,0599:39:20,1,08
19:03:07,0.13388,219.90,0.40074,11.80208,34.46209,2.91372,4.57793,49.96,0599:39:21,1,08
19:03:09,0.13425,219.80,0.40055,11.82928,34.5415,2.91372,4.57793,49.95,0599:39:23,1,08
19:03:10,0.13412,219.90,0.4,11.80208,34.46209,2.91372,4.57793,49.96,0599:39:24,1,08
19:03:12,0.13376,220.00,0.40065,11.78849,34.42239,2.91372,4.57793,49.96,0599:39:26,1,08
19:03:15,0.13431,220.00,0.39972,11.81568,34.50179,2.91372,4.57793,49.96,0599:39:29,1,08
19:03:17,0.13357,219.80,0.40231,11.81568,34.50179,2.91372,4.57793,49.96,0599:39:31,1,08
19:03:18,0.13295,219.90,0.40093,11.7205,34.22387,2.91372,4.57793,49.96,0599:39:32,1,08
19:03:19,0.13388,219.80,0.40028,11.78849,34.42239,2.91372,4.57793,49.96,0599:39:33,1,08
19:03:20,0.134,219.90,0.40083,11.81568,34.50179,2.91382,4.57793,49.96,0599:39:34,1,08
19:03:21,0.13388,220.00,0.40037,11.80208,34.46209,2.91382,4.57803,49.96,0599:39:35,1,08
19:03:22,0.13376,219.90,0.40065,11.78849,34.42239,2.91382,4.57803,49.97,0599:39:36,1,08
19:03:23,0.13376,220.10,0.40166,11.82928,34.5415,2.91382,4.57803,49.97,0599:39:37,1,08
19:03:24,0.13449,220.10,0.39899,11.81568,34.50179,2.91382,4.57803,49.96,0599:39:38,1,08
19:03:28,0.13301,220.00,0.40297,11.80208,34.46209,2.91382,4.57803,49.99,0599:39:42,1,08
19:03:34,0.13307,219.50,0.40372,11.80208,34.46209,2.91382,4.57803,49.99,0599:39:48,1,08
19:03:35,0.13295,219.40,0.40401,11.78849,34.42239,2.91382,4.57803,50.00,0599:39:49,1,08
19:03:36,0.13314,219.40,0.40363,11.78849,34.42239,2.91382,4.57803,49.99,0599:39:50,1,08
19:03:39,0.13239,219.50,0.40505,11.77489,34.38269,2.91382,4.57803,50.00,0599:39:53,1,08
19:03:43,0.1332,219.50,0.40335,11.80208,34.46209,2.91382,4.57813,50.01,0599:39:57,1,08
19:03:45,0.134,219.50,0.40619,11.95165,34.89882,2.91382,4.57813,50.03,0599:39:59,1,08
19:03:50,0.13196,219.10,0.40695,11.77489,34.38269,2.91392,4.57813,50.01,0599:40:04,1,08
19:03:51,0.13239,219.00,0.40628,11.78849,34.42239,2.91392,4.57813,50.01,0599:40:05,1,08
19:03:52,0.1327,219.20,0.40561,11.80208,34.46209,2.91392,4.57813,50.01,0599:40:06,1,08
19:03:53,0.13283,219.30,0.40485,11.80208,34.46209,2.91392,4.57813,50.01,0599:40:07,1,08
19:03:54,0.13307,219.40,0.4041,11.80208,34.46209,2.91392,4.57813,50.03,0599:40:08,1,08
19:03:55,0.13283,219.40,0.40438,11.78849,34.42239,2.91392,4.57813,50.03,0599:40:09,1,08
19:03:56,0.13283,219.60,0.40447,11.80208,34.46209,2.91392,4.57813,50.03,0599:40:10,1,08
19:03:57,0.13338,219.60,0.40213,11.78849,34.42239,2.91392,4.57813,50.03,0599:40:11,1,08
19:04:01,0.13307,219.70,0.40195,11.7613,34.34298,2.91392,4.57813,50.03,0599:40:15,1,08
19:04:02,0.13381,219.40,0.40093,11.77489,34.38269,2.91392,4.57813,50.01,0599:40:16,1,08
19:04:03,0.13295,219.30,0.40447,11.80208,34.46209,2.91392,4.57823,50.01,0599:40:17,1,08
19:04:04,0.13301,219.40,0.40456,11.81568,34.50179,2.91392,4.57823,50.01,0599:40:18,1,08
19:04:06,0.13357,219.40,0.40167,11.77489,34.38269,2.91392,4.57823,50.01,0599:40:20,1,08
19:04:10,0.13345,219.60,0.4026,11.80208,34.46209,2.91392,4.57823,49.99,0599:40:24,1,08
19:04:11,0.13565,219.70,0.40146,11.96525,34.93852,2.91392,4.57823,49.99,0599:40:25,1,08
19:04:13,0.13394,219.80,0.4012,11.81568,34.50179,2.91392,4.57823,50.00,0599:40:27,1,08
19:04:17,0.13345,219.50,0.39796,11.66612,34.06506,2.91392,4.57823,49.97,0599:40:30,1,08
19:04:18,0.13381,219.40,0.40231,11.81568,34.50179,2.91392,4.57823,49.97,0599:40:31,1,08
19:04:20,0.13332,219.60,0.40297,11.80208,34.46209,2.91392,4.57823,49.95,0599:40:33,1,08
19:04:24,0.13345,219.60,0.40399,11.84288,34.5812,2.91402,4.57823,49.96,0599:40:37,1,08
19:04:25,0.13357,219.50,0.40399,11.84288,34.5812,2.91402,4.57833,49.95,0599:40:38,1,08
19:04:27,0.13443,219.20,0.40129,11.82928,34.5415,2.91402,4.57833,49.96,0599:40:41,1,08
19:04:28,0.13443,219.20,0.40129,11.82928,34.5415,2.91402,4.57833,49.96,0599:40:41,1,08
19:04:31,0.13369,219.10,0.40167,11.77489,34.38269,2.91402,4.57833,49.96,0599:40:45,1,08
19:04:32,0.13314,218.80,0.40485,11.80208,34.46209,2.91402,4.57833,49.96,0599:40:46,1,08
19:04:34,0.13332,218.70,0.40541,11.82928,34.5415,2.91402,4.57833,49.96,0599:40:47,1,08
19:04:38,0.13926,219.30,0.40925,12.50912,36.52664,2.91402,4.57833,49.96,0599:40:52,1,08
19:04:44,0.134,219.40,0.40065,11.78849,34.42239,2.91402,4.57833,49.97,0599:40:58,1,08
19:04:46,0.13431,219.40,0.39714,11.70691,34.18417,2.91402,4.57844,49.97,0599:40:59,1,08
19:04:47,0.13407,219.50,0.4012,11.81568,34.50179,2.91402,4.57844,49.97,0599:41:00,1,08
19:04:48,0.1362,219.60,0.40227,12.03323,35.13704,2.91402,4.57844,49.97,0599:41:02,1,08
19:04:51,0.13419,219.80,0.40046,11.81568,34.50179,2.91402,4.57844,49.97,0599:41:05,1,08
19:04:54,0.13431,219.70,0.40055,11.82928,34.5415,2.91412,4.57844,49.97,0599:41:08,1,08
19:04:56,0.13431,219.70,0.40138,11.84288,34.5812,2.91412,4.57844,49.99,0599:41:10,1,08
19:04:57,0.13407,219.70,0.40074,11.80208,34.46209,2.91412,4.57844,49.99,0599:41:11,1,08
19:04:59,0.13407,219.60,0.39843,11.7341,34.26358,2.91412,4.57844,49.99,0599:41:13,1,08
19:05:01,0.13332,219.60,0.40251,11.78849,34.42239,2.91412,4.57844,49.99,0599:41:15,1,08
19:05:02,0.13388,219.60,0.40157,11.81568,34.50179,2.91412,4.57844,49.99,0599:41:16,1,08
19:05:04,0.13455,219.70,0.3989,11.80208,34.46209,2.91412,4.57844,49.99,0599:41:18,1,08
19:05:06,0.13419,219.60,0.39991,11.78849,34.42239,2.91412,4.57854,50.00,0599:41:20,1,08
19:05:10,0.13381,219.80,0.40203,11.82928,34.5415,2.91412,4.57854,50.00,0599:41:24,1,08
19:05:14,0.13412,220.00,0.39917,11.78849,34.42239,2.91412,4.57854,50.04,0599:41:28,1,08
19:05:15,0.13431,219.90,0.3988,11.78849,34.42239,2.91412,4.57854,50.04,0599:41:29,1,08
19:05:16,0.13388,219.80,0.39982,11.77489,34.38269,2.91412,4.57854,50.04,0599:41:30,1,08
19:05:18,0.13474,219.60,0.39807,11.78849,34.42239,2.91412,4.57854,50.04,0599:41:32,1,08
19:05:20,0.13455,219.60,0.40018,11.82928,34.5415,2.91412,4.57854,50.04,0599:41:34,1,08
19:05:22,0.13376,219.60,0.40055,11.77489,34.38269,2.91412,4.57854,50.04,0599:41:36,1,08
19:05:23,0.13468,219.50,0.3989,11.80208,34.46209,2.91422,4.57854,50.03,0599:41:37,1,08
19:05:25,0.13332,219.50,0.40251,11.78849,34.42239,2.91422,4.57854,50.03,0599:41:39,1,08
19:05:26,0.13332,219.50,0.40251,11.78849,34.42239,2.91422,4.57864,50.03,0599:41:40,1,08
19:05:27,0.13388,219.50,0.40148,11.80208,34.46209,2.91422,4.57864,50.03,0599:41:41,1,08
19:05:29,0.13351,219.50,0.40167,11.77489,34.38269,2.91422,4.57864,50.04,0599:41:43,1,08
19:05:30,0.13338,219.70,0.4026,11.80208,34.46209,2.91422,4.57864,50.04,0599:41:44,1,08
19:05:31,0.13345,219.60,0.4026,11.80208,34.46209,2.91422,4.57864,50.04,0599:41:45,1,08
19:05:32,0.13388,219.60,0.40065,11.78849,34.42239,2.91422,4.57864,50.03,0599:41:46,1,08
19:05:35,0.13455,219.60,0.3988,11.78849,34.42239,2.91422,4.57864,50.03,0599:41:49,1,08
19:05:37,0.13584,219.40,0.39553,11.78849,34.42239,2.91422,4.57864,50.03,0599:41:51,1,08
19:05:38,0.13522,219.50,0.39881,11.84288,34.5812,2.91422,4.57864,50.03,0599:41:52,1,08
19:05:40,0.13412,219.40,0.40065,11.78849,34.42239,2.91422,4.57864,50.03,0599:41:54,1,08
19:05:41,0.1348,219.30,0.3989,11.80208,34.46209,2.91422,4.57864,50.00,0599:41:55,1,08
19:05:42,0.13504,219.30,0.39853,11.80208,34.46209,2.91422,4.57864,50.03,0599:41:56,1,08
19:05:43,0.13412,219.20,0.40111,11.80208,34.46209,2.91422,4.57864,50.03,0599:41:57,1,08
19:05:44,0.13388,219.00,0.40176,11.78849,34.42239,2.91422,4.57864,50.00,0599:41:58,1,08
19:05:51,0.13565,219.40,0.40274,11.99244,35.01793,2.91422,4.57874,49.99,0599:42:05,1,08
19:05:52,0.13407,219.70,0.4012,11.81568,34.50179,2.91422,4.57874,49.96,0599:42:06,1,08
19:05:53,0.13431,219.80,0.40055,11.82928,34.5415,2.91422,4.57874,49.96,0599:42:07,1,08
19:05:56,0.13431,220.00,0.40018,11.82928,34.5415,2.91432,4.57874,49.96,0599:42:10,1,08
19:05:57,0.13443,219.90,0.39834,11.77489,34.38269,2.91432,4.57874,49.96,0599:42:11,1,08
19:06:00,0.13357,219.40,0.4026,11.80208,34.46209,2.91432,4.57874,49.96,0599:42:14,1,08
19:06:01,0.13443,219.40,0.39908,11.77489,34.38269,2.91432,4.57874,49.96,0599:42:15,1,08
19:06:02,0.13332,219.20,0.40233,11.7613,34.34298,2.91432,4.57874,49.97,0599:42:16,1,08
19:06:06,0.13425,218.80,0.40148,11.80208,34.46209,2.91432,4.57874,49.96,0599:42:20,1,08
19:06:07,0.13394,218.70,0.40306,11.81568,34.50179,2.91432,4.57884,49.96,0599:42:21,1,08
19:06:08,0.13345,218.50,0.40261,11.7477,34.30328,2.91432,4.57884,49.96,0599:42:22,1,08
19:06:09,0.13381,218.80,0.40344,11.81568,34.50179,2.91432,4.57884,49.96,0599:42:23,1,08
19:06:10,0.13381,218.80,0.40344,11.81568,34.50179,2.91432,4.57884,49.96,0599:42:24,1,08
19:06:13,0.13381,219.30,0.40176,11.78849,34.42239,2.91432,4.57884,49.96,0599:42:27,1,08
19:06:15,0.13369,219.50,0.40278,11.82928,34.5415,2.91432,4.57884,49.96,0599:42:28,1,08
19:06:16,0.13369,219.60,0.40185,11.80208,34.46209,2.91432,4.57884,49.96,0599:42:29,1,08
19:06:17,0.13394,219.50,0.40203,11.82928,34.5415,2.91432,4.57884,49.99,0599:42:30,1,08
19:06:18,0.13307,219.40,0.4041,11.80208,34.46209,2.91432,4.57884,49.99,0599:42:31,1,08
19:06:24,0.13351,219.20,0.40297,11.80208,34.46209,2.91432,4.57884,50.00,0599:42:37,1,08
19:06:25,0.13363,219.20,0.4026,11.80208,34.46209,2.91443,4.57884,50.00,0599:42:38,1,08
19:06:28,0.13314,219.60,0.40335,11.80208,34.46209,2.91443,4.57894,50.00,0599:42:42,1,08
19:06:29,0.13314,219.60,0.40335,11.80208,34.46209,2.91443,4.57894,50.00,0599:42:42,1,08
19:06:32,0.13338,219.50,0.40297,11.80208,34.46209,2.91443,4.57894,50.01,0599:42:45,1,08
19:06:34,0.13381,219.40,0.40231,11.81568,34.50179,2.91443,4.57894,50.00,0599:42:48,1,08
19:06:35,0.13381,219.40,0.40231,11.81568,34.50179,2.91443,4.57894,50.01,0599:42:48,1,08
19:06:36,0.13351,219.60,0.40222,11.80208,34.46209,2.91443,4.57894,50.01,0599:42:49,1,08
19:06:40,0.13301,219.80,0.40288,11.78849,34.42239,2.91443,4.57894,50.01,0599:42:54,1,08
19:06:41,0.13363,219.80,0.40148,11.80208,34.46209,2.91443,4.57894,50.03,0599:42:55,1,08
19:06:48,0.1332,219.10,0.40456,11.81568,34.50179,2.91443,4.57894,50.03,0599:43:01,1,08
19:06:49,0.13369,219.10,0.40213,11.78849,34.42239,2.91443,4.57904,50.03,0599:43:02,1,08
19:06:50,0.13314,219.20,0.40456,11.81568,34.50179,2.91443,4.57904,50.03,0599:43:03,1,08
19:06:51,0.13369,219.30,0.40408,11.85647,34.6209,2.91443,4.57904,50.03,0599:43:05,1,08
19:06:52,0.13345,219.30,0.40297,11.80208,34.46209,2.91443,4.57904,50.03,0599:43:06,1,08
19:06:54,0.13449,219.20,0.40369,11.91086,34.77971,2.91443,4.57904,50.04,0599:43:07,1,08
19:06:55,0.13529,219.30,0.40788,12.10122,35.33555,2.91443,4.57904,50.03,0599:43:08,1,08
19:06:56,0.13522,219.30,0.40513,12.01964,35.09734,2.91453,4.57904,50.03,0599:43:10,1,08
19:06:57,0.13338,219.30,0.40335,11.80208,34.46209,2.91453,4.57904,50.03,0599:43:11,1,08
19:06:59,0.13338,219.20,0.40242,11.77489,34.38269,2.91453,4.57904,50.03,0599:43:13,1,08
19:07:00,0.13338,219.20,0.40242,11.77489,34.38269,2.91453,4.57904,50.03,0599:43:13,1,08
19:07:02,0.13351,219.10,0.40242,11.77489,34.38269,2.91453,4.57904,50.03,0599:43:16,1,08
19:07:04,0.13376,219.10,0.40121,11.7613,34.34298,2.91453,4.57904,50.01,0599:43:18,1,08
19:07:07,0.13351,219.30,0.40297,11.80208,34.46209,2.91453,4.57904,50.01,0599:43:21,1,08
19:07:10,0.1332,219.40,0.40279,11.77489,34.38269,2.91453,4.57915,50.01,0599:43:24,1,08
19:07:11,0.13492,219.40,0.40129,11.88367,34.70031,2.91453,4.57915,50.01,0599:43:24,1,08
19:07:12,0.13431,219.30,0.40083,11.81568,34.50179,2.91453,4.57915,50.01,0599:43:25,1,08
19:07:13,0.13461,219.30,0.39917,11.78849,34.42239,2.91453,4.57915,50.00,0599:43:27,1,08
19:07:14,0.13314,219.30,0.40363,11.78849,34.42239,2.91453,4.57915,49.99,0599:43:28,1,08
19:07:19,0.13326,219.20,0.40372,11.80208,34.46209,2.91453,4.57915,49.99,0599:43:33,1,08
19:07:23,0.13314,219.10,0.40447,11.80208,34.46209,2.91453,4.57915,49.99,0599:43:37,1,08
19:07:25,0.13345,219.10,0.40102,11.7341,34.26358,2.91453,4.57915,49.97,0599:43:39,1,08
19:07:27,0.13437,219.10,0.40074,11.80208,34.46209,2.91463,4.57915,49.97,0599:43:41,1,08
19:07:33,0.13338,219.20,0.40335,11.80208,34.46209,2.91463,4.57925,49.97,0599:43:47,1,08
19:07:35,0.13412,219.00,0.40194,11.81568,34.50179,2.91463,4.57925,49.95,0599:43:49,1,08
19:07:36,0.13357,219.00,0.39916,11.67971,34.10476,2.91463,4.57925,49.96,0599:43:50,1,08
19:07:37,0.134,219.00,0.40185,11.80208,34.46209,2.91463,4.57925,49.96,0599:43:51,1,08
19:07:38,0.13351,219.00,0.40335,11.80208,34.46209,2.91463,4.57925,49.95,0599:43:52,1,08
19:07:39,0.13376,219.00,0.40213,11.78849,34.42239,2.91463,4.57925,49.95,0599:43:53,1,08
19:07:40,0.13363,219.00,0.40251,11.78849,34.42239,2.91463,4.57925,49.96,0599:43:54,1,08
19:07:41,0.13461,219.00,0.40037,11.80208,34.46209,2.91463,4.57925,49.96,0599:43:55,1,08
19:07:42,0.13363,219.00,0.40297,11.80208,34.46209,2.91463,4.57925,49.96,0599:43:56,1,08
19:07:46,0.13381,219.10,0.39898,11.70691,34.18417,2.91463,4.57925,49.97,0599:44:00,1,08
19:07:47,0.13363,219.10,0.40251,11.78849,34.42239,2.91463,4.57925,49.97,0599:44:01,1,08
19:07:48,0.13345,218.90,0.40279,11.77489,34.38269,2.91463,4.57925,49.96,0599:44:02,1,08
19:07:49,0.13381,218.90,0.40344,11.81568,34.50179,2.91463,4.57925,49.96,0599:44:03,1,08
19:07:51,0.13412,219.10,0.40055,11.77489,34.38269,2.91463,4.57935,49.99,0599:44:05,1,08
19:07:52,0.13407,219.20,0.40194,11.81568,34.50179,2.91463,4.57935,49.99,0599:44:06,1,08
19:07:53,0.13431,219.20,0.4012,11.81568,34.50179,2.91463,4.57935,49.99,0599:44:07,1,08
19:07:54,0.13412,219.10,0.40055,11.77489,34.38269,2.91463,4.57935,49.97,0599:44:08,1,08
19:07:57,0.13595,218.90,0.4032,12.00604,35.05763,2.91473,4.57935,49.97,0599:44:11,1,08
19:07:59,0.13449,219.00,0.39945,11.77489,34.38269,2.91473,4.57935,49.97,0599:44:13,1,08
19:08:01,0.13517,219.30,0.3978,11.80208,34.46209,2.91473,4.57935,49.97,0599:44:15,1,08
19:08:03,0.13363,219.30,0.4026,11.80208,34.46209,2.91473,4.57935,49.97,0599:44:17,1,08
19:08:05,0.13455,219.50,0.39963,11.80208,34.46209,2.91473,4.57935,49.99,0599:44:19,1,08
19:08:07,0.13486,219.70,0.39862,11.81568,34.50179,2.91473,4.57935,49.99,0599:44:21,1,08
19:08:09,0.13443,219.70,0.39926,11.80208,34.46209,2.91473,4.57935,49.97,0599:44:23,1,08
19:08:10,0.1359,219.40,0.40018,11.93806,34.85912,2.91473,4.57935,49.99,0599:44:24,1,08
19:08:14,0.13602,219.20,0.40246,12.00604,35.05763,2.91473,4.57945,50.00,0599:44:27,1,08
19:08:15,0.13638,219.30,0.40136,12.00604,35.05763,2.91473,4.57945,50.00,0599:44:28,1,08
19:08:17,0.13565,219.50,0.40274,11.99244,35.01793,2.91473,4.57945,50.00,0599:44:30,1,08
19:08:20,0.1362,219.50,0.40045,11.97884,34.97823,2.91473,4.57945,50.00,0599:44:33,1,08
19:08:21,0.13602,219.40,0.40164,11.99244,35.01793,2.91473,4.57945,50.01,0599:44:34,1,08
19:08:22,0.13577,219.60,0.40109,11.96525,34.93852,2.91473,4.57945,50.01,0599:44:35,1,08
19:08:26,0.13547,219.40,0.40302,11.97884,34.97823,2.91473,4.57945,50.01,0599:44:39,1,08
19:08:27,0.1359,219.10,0.40183,11.96525,34.93852,2.91473,4.57945,50.00,0599:44:40,1,08
19:08:28,0.13565,219.10,0.40302,11.97884,34.97823,2.91483,4.57945,50.00,0599:44:41,1,08
19:08:30,0.1365,219.00,0.40136,12.00604,35.05763,2.91483,4.57945,49.99,0599:44:43,1,08
19:08:32,0.13662,218.80,0.4,11.96525,34.93852,2.91483,4.57945,49.99,0599:44:45,1,08
19:08:35,0.13626,218.50,0.401,11.95165,34.89882,2.91483,4.57955,49.99,0599:44:49,1,08
19:08:37,0.13632,218.50,0.40146,11.96525,34.93852,2.91483,4.57955,49.99,0599:44:50,1,08
19:08:39,0.13687,218.40,0.40136,12.00604,35.05763,2.91483,4.57955,49.99,0599:44:52,1,08
19:08:41,0.13668,218.90,0.40145,12.01964,35.09734,2.91483,4.57955,50.00,0599:44:55,1,08
19:08:43,0.13687,218.90,0.39927,11.96525,34.93852,2.91483,4.57955,49.99,0599:44:56,1,08
19:08:44,0.13717,218.90,0.39864,11.97884,34.97823,2.91483,4.57955,49.99,0599:44:57,1,08
19:08:47,0.13788,218.80,0.3973,11.99244,35.01793,2.91483,4.57955,49.99,0599:45:01,1,08
19:08:50,0.13572,219.20,0.3968,11.81568,34.50179,2.91483,4.57955,49.97,0599:45:03,1,08
19:08:51,0.13547,219.30,0.39799,11.82928,34.5415,2.91483,4.57955,49.96,0599:45:05,1,08
19:08:52,0.13547,219.30,0.39661,11.78849,34.42239,2.91483,4.57955,49.96,0599:45:06,1,08
19:08:53,0.13572,219.30,0.39315,11.70691,34.18417,2.91483,4.57965,49.99,0599:45:07,1,08
19:08:54,0.13572,219.30,0.39315,11.70691,34.18417,2.91483,4.57965,49.99,0599:45:07,1,08
19:08:55,0.13638,219.30,0.39455,11.80208,34.46209,2.91483,4.57965,49.97,0599:45:08,1,08
19:08:58,0.1348,219.40,0.39798,11.77489,34.38269,2.91493,4.57965,49.97,0599:45:12,1,08
19:09:01,0.13407,219.30,0.40111,11.80208,34.46209,2.91493,4.57965,49.99,0599:45:14,1,08
19:09:03,0.13511,219.20,0.39945,11.82928,34.5415,2.91493,4.57965,49.99,0599:45:17,1,08
19:09:04,0.13419,219.20,0.40111,11.80208,34.46209,2.91493,4.57965,49.96,0599:45:18,1,08
19:09:07,0.13369,218.80,0.40335,11.80208,34.46209,2.91493,4.57965,49.96,0599:45:20,1,08
19:09:08,0.13301,218.90,0.40616,11.82928,34.5415,2.91493,4.57965,49.96,0599:45:21,1,08
19:09:09,0.13351,219.10,0.40335,11.80208,34.46209,2.91493,4.57965,49.95,0599:45:23,1,08
19:09:11,0.13486,219.50,0.40496,11.99244,35.01793,2.91493,4.57965,49.95,0599:45:25,1,08
19:09:14,0.13455,219.60,0.4034,11.92446,34.81942,2.91493,4.57975,49.95,0599:45:28,1,08
19:09:15,0.13412,219.50,0.40351,11.88367,34.70031,2.91493,4.57975,49.96,0599:45:29,1,08
19:09:16,0.13363,219.40,0.40176,11.78849,34.42239,2.91493,4.57975,49.96,0599:45:30,1,08
19:09:18,0.13369,219.50,0.40417,11.87007,34.6606,2.91493,4.57975,49.95,0599:45:32,1,08
19:09:20,0.1332,219.40,0.40651,11.88367,34.70031,2.91493,4.57975,49.95,0599:45:34,1,08
19:09:25,0.13357,219.60,0.40547,11.89726,34.74001,2.91493,4.57975,49.99,0599:45:39,1,08
19:09:27,0.13363,219.60,0.40556,11.91086,34.77971,2.91493,4.57975,49.97,0599:45:41,1,08
19:09:28,0.1332,219.60,0.40567,11.87007,34.6606,2.91503,4.57975,49.99,0599:45:42,1,08
19:09:29,0.13369,219.50,0.40463,11.88367,34.70031,2.91503,4.57975,49.99,0599:45:43,1,08
19:09:30,0.13369,219.40,0.40593,11.91086,34.77971,2.91503,4.57975,50.01,0599:45:44,1,08
19:09:31,0.13443,219.40,0.40184,11.85647,34.6209,2.91503,4.57975,50.01,0599:45:45,1,08
19:09:33,0.13394,219.40,0.40426,11.88367,34.70031,2.91503,4.57975,50.01,0599:45:47,1,08
19:09:35,0.13369,219.30,0.40408,11.85647,34.6209,2.91503,4.57986,50.01,0599:45:49,1,08
19:09:36,0.13455,219.30,0.40276,11.88367,34.70031,2.91503,4.57986,50.01,0599:45:50,1,08
19:09:39,0.13419,218.90,0.40333,11.85647,34.6209,2.91503,4.57986,50.03,0599:45:53,1,08
19:09:41,0.13443,218.90,0.40342,11.87007,34.6606,2.91503,4.57986,50.03,0599:45:55,1,08
19:09:42,0.13419,218.70,0.40463,11.88367,34.70031,2.91503,4.57986,50.01,0599:45:56,1,08
19:09:43,0.13468,218.90,0.40369,11.91086,34.77971,2.91503,4.57986,50.01,0599:45:57,1,08
19:09:44,0.134,219.00,0.40463,11.88367,34.70031,2.91503,4.57986,50.03,0599:45:58,1,08
19:09:45,0.13474,219.00,0.40285,11.89726,34.74001,2.91503,4.57986,50.03,0599:45:59,1,08
19:09:46,0.13363,219.10,0.40529,11.87007,34.6606,2.91503,4.57986,50.03,0599:46:00,1,08
19:09:47,0.13332,219.10,0.40605,11.87007,34.6606,2.91503,4.57986,50.03,0599:46:01,1,08
19:09:49,0.13388,219.00,0.405,11.88367,34.70031,2.91503,4.57986,50.03,0599:46:03,1,08
19:09:50,0.13449,218.80,0.40305,11.87007,34.6606,2.91503,4.57986,50.03,0599:46:04,1,08
19:09:51,0.13419,218.60,0.40547,11.89726,34.74001,2.91503,4.57986,50.03,0599:46:05,1,08
19:09:52,0.13437,218.70,0.40518,11.91086,34.77971,2.91503,4.57986,50.01,0599:46:06,1,08
19:09:53,0.13517,218.90,0.40266,11.92446,34.81942,2.91503,4.57986,50.01,0599:46:07,1,08
19:09:54,0.13511,219.00,0.40165,11.88367,34.70031,2.91503,4.57996,50.01,0599:46:08,1,08
19:09:55,0.13559,219.00,0.40064,11.89726,34.74001,2.91503,4.57996,50.01,0599:46:09,1,08
19:09:56,0.13517,218.90,0.40119,11.87007,34.6606,2.91503,4.57996,50.01,0599:46:10,1,08
19:09:57,0.13529,219.10,0.40092,11.88367,34.70031,2.91503,4.57996,50.01,0599:46:11,1,08
19:09:58,0.13511,219.10,0.40129,11.88367,34.70031,2.91513,4.57996,50.00,0599:46:12,1,08
19:09:59,0.13449,219.20,0.40369,11.91086,34.77971,2.91513,4.57996,50.00,0599:46:13,1,08
19:10:00,0.13419,218.90,0.40379,11.87007,34.6606,2.91513,4.57996,49.99,0599:46:14,1,08
19:10:02,0.1348,218.90,0.40691,12.00604,35.05763,2.91513,4.57996,50.00,0599:46:16,1,08
19:10:04,0.13474,218.90,0.40138,11.84288,34.5812,2.91513,4.57996,50.00,0599:46:18,1,08
19:10:06,0.13492,218.90,0.40248,11.89726,34.74001,2.91513,4.57996,49.99,0599:46:20,1,08
19:10:09,0.13455,219.00,0.40314,11.88367,34.70031,2.91513,4.57996,49.97,0599:46:23,1,08
19:10:12,0.13468,218.90,0.40553,11.96525,34.93852,2.91513,4.57996,49.97,0599:46:25,1,08
19:10:17,0.13498,219.00,0.40579,12.00604,35.05763,2.91513,4.58006,49.95,0599:46:30,1,08
19:10:20,0.13492,219.00,0.40294,11.91086,34.77971,2.91513,4.58006,49.94,0599:46:33,1,08
19:10:21,0.13572,219.00,0.40393,12.00604,35.05763,2.91513,4.58006,49.95,0599:46:34,1,08
19:10:28,0.13584,219.20,0.39872,11.88367,34.70031,2.91513,4.58006,49.95,0599:46:41,1,08
19:10:29,0.13584,219.20,0.40146,11.96525,34.93852,2.91523,4.58006,49.96,0599:46:42,1,08
19:10:32,0.13565,219.30,0.40274,11.99244,35.01793,2.91523,4.58006,49.95,0599:46:45,1,08
19:10:33,0.13572,219.30,0.40274,11.99244,35.01793,2.91523,4.58006,49.95,0599:46:46,1,08
19:10:36,0.1359,219.30,0.40201,11.99244,35.01793,2.91523,4.58016,49.95,0599:46:49,1,08
19:10:40,0.13541,219.10,0.40422,11.99244,35.01793,2.91523,4.58016,49.95,0599:46:53,1,08
19:10:41,0.13547,219.10,0.4043,12.00604,35.05763,2.91523,4.58016,49.96,0599:46:54,1,08
19:10:42,0.1359,219.20,0.40328,12.01964,35.09734,2.91523,4.58016,49.96,0599:46:56,1,08
19:10:43,0.13577,219.40,0.40237,11.99244,35.01793,2.91523,4.58016,49.95,0599:46:57,1,08
19:10:44,0.13577,219.40,0.40237,11.99244,35.01793,2.91523,4.58016,49.95,0599:46:57,1,08
19:10:45,0.13455,219.30,0.40654,12.00604,35.05763,2.91523,4.58016,49.97,0599:46:58,1,08
19:10:46,0.1348,219.40,0.40579,12.00604,35.05763,2.91523,4.58016,49.97,0599:46:59,1,08
19:10:47,0.13486,219.40,0.40404,11.96525,34.93852,2.91523,4.58016,49.97,0599:47:00,1,08
19:10:49,0.13461,219.40,0.40616,12.00604,35.05763,2.91523,4.58016,49.97,0599:47:03,1,08
19:10:54,0.13608,219.50,0.40082,11.97884,34.97823,2.91523,4.58016,50.00,0599:47:08,1,08
19:10:55,0.13529,219.30,0.40339,11.97884,34.97823,2.91523,4.58016,50.00,0599:47:09,1,08
19:10:56,0.13529,219.30,0.40376,11.97884,34.97823,2.91523,4.58016,50.00,0599:47:09,1,08
19:10:57,0.1359,219.30,0.40237,11.99244,35.01793,2.91523,4.58026,50.01,0599:47:10,1,08
19:11:00,0.13314,219.60,0.40326,11.78849,34.42239,2.91533,4.58026,50.03,0599:47:14,1,08
19:11:02,0.13376,219.40,0.40046,11.7613,34.34298,2.91533,4.58026,50.03,0599:47:15,1,08
19:11:03,0.13351,219.20,0.40204,11.77489,34.38269,2.91533,4.58026,50.03,0599:47:16,1,08
19:11:05,0.13369,219.00,0.40715,11.92446,34.81942,2.91533,4.58026,50.03,0599:47:19,1,08
19:11:06,0.1348,219.10,0.40616,12.00604,35.05763,2.91533,4.58026,50.03,0599:47:20,1,08
19:11:09,0.13332,219.20,0.40233,11.7613,34.34298,2.91533,4.58026,50.03,0599:47:22,1,08
19:11:12,0.13412,219.00,0.40148,11.80208,34.46209,2.91533,4.58026,50.03,0599:47:26,1,08
19:11:13,0.13412,219.10,0.40148,11.80208,34.46209,2.91533,4.58026,50.03,0599:47:27,1,08
19:11:14,0.13407,219.20,0.40148,11.80208,34.46209,2.91533,4.58026,50.03,0599:47:27,1,08
19:11:15,0.134,219.20,0.40148,11.80208,34.46209,2.91533,4.58026,50.03,0599:47:29,1,08
19:11:17,0.13351,219.30,0.40251,11.78849,34.42239,2.91533,4.58036,50.01,0599:47:31,1,08
19:11:20,0.13407,219.30,0.40065,11.78849,34.42239,2.91533,4.58036,50.01,0599:47:33,1,08
19:11:22,0.13357,219.20,0.40204,11.77489,34.38269,2.91533,4.58036,50.00,0599:47:36,1,08
19:11:23,0.13381,219.00,0.40213,11.78849,34.42239,2.91533,4.58036,50.00,0599:47:37,1,08
19:11:26,0.13419,219.10,0.40111,11.80208,34.46209,2.91533,4.58036,49.99,0599:47:40,1,08
19:11:27,0.13345,219.20,0.40288,11.78849,34.42239,2.91533,4.58036,49.99,0599:47:41,1,08
19:11:28,0.13394,219.10,0.40185,11.80208,34.46209,2.91533,4.58036,49.96,0599:47:42,1,08
19:11:29,0.13412,219.10,0.40102,11.78849,34.42239,2.91543,4.58036,49.96,0599:47:43,1,08
19:11:30,0.13431,219.10,0.4012,11.81568,34.50179,2.91543,4.58036,49.97,0599:47:44,1,08
19:11:32,0.13369,219.00,0.40251,11.78849,34.42239,2.91543,4.58036,49.96,0599:47:46,1,08
19:11:33,0.13449,218.90,0.4012,11.81568,34.50179,2.91543,4.58036,49.96,0599:47:47,1,08
19:11:34,0.13351,218.90,0.4,11.69331,34.14447,2.91543,4.58036,49.95,0599:47:48,1,08
19:11:35,0.1348,218.90,0.39917,11.78849,34.42239,2.91543,4.58036,49.95,0599:47:49,1,08
19:11:36,0.13437,219.00,0.40111,11.80208,34.46209,2.91543,4.58036,49.95,0599:47:50,1,08
19:11:37,0.13412,219.00,0.40194,11.81568,34.50179,2.91543,4.58036,49.95,0599:47:51,1,08
19:11:38,0.13412,219.30,0.40111,11.80208,34.46209,2.91543,4.58047,49.94,0599:47:52,1,08
19:11:40,0.134,219.70,0.40074,11.80208,34.46209,2.91543,4.58047,49.94,0599:47:54,1,08
19:11:43,0.13419,219.40,0.40212,11.84288,34.5812,2.91543,4.58047,49.95,0599:47:57,1,08
19:11:44,0.13345,219.50,0.39935,11.70691,34.18417,2.91543,4.58047,49.94,0599:47:58,1,08
19:11:45,0.13437,219.30,0.39991,11.78849,34.42239,2.91543,4.58047,49.94,0599:47:59,1,08
19:11:46,0.13381,219.40,0.40139,11.78849,34.42239,2.91543,4.58047,49.95,0599:48:00,1,08
19:11:47,0.13394,219.30,0.40102,11.78849,34.42239,2.91543,4.58047,49.95,0599:48:01,1,08
19:11:49,0.13419,219.40,0.40074,11.80208,34.46209,2.91543,4.58047,49.95,0599:48:03,1,08
19:11:50,0.13431,219.50,0.40092,11.82928,34.5415,2.91543,4.58047,49.95,0599:48:04,1,08
19:11:52,0.13461,219.40,0.39972,11.81568,34.50179,2.91543,4.58047,49.95,0599:48:06,1,08
19:11:53,0.13443,219.30,0.40092,11.82928,34.5415,2.91543,4.58047,49.95,0599:48:07,1,08
19:11:54,0.13437,219.50,0.39954,11.78849,34.42239,2.91543,4.58047,49.94,0599:48:08,1,08
19:11:55,0.13437,219.50,0.39954,11.78849,34.42239,2.91543,4.58047,49.94,0599:48:09,1,08
19:11:56,0.13455,219.40,0.39917,11.78849,34.42239,2.91543,4.58047,49.95,0599:48:10,1,08
19:11:58,0.13535,219.50,0.39753,11.81568,34.50179,2.91543,4.58057,49.94,0599:48:12,1,08
19:11:59,0.13565,219.70,0.39599,11.80208,34.46209,2.91543,4.58057,49.94,0599:48:13,1,08
19:12:00,0.13511,219.70,0.39789,11.81568,34.50179,2.91553,4.58057,49.95,0599:48:14,1,08
19:12:04,0.13455,219.30,0.40046,11.81568,34.50179,2.91553,4.58057,49.95,0599:48:17,1,08
19:12:06,0.13461,219.20,0.4,11.80208,34.46209,2.91553,4.58057,49.94,0599:48:19,1,08
19:12:07,0.13461,219.20,0.39963,11.80208,34.46209,2.91553,4.58057,49.95,0599:48:20,1,08
19:12:08,0.13614,219.30,0.39891,11.91086,34.77971,2.91553,4.58057,49.95,0599:48:21,1,08
19:12:09,0.13614,219.30,0.39891,11.91086,34.77971,2.91553,4.58057,49.94,0599:48:22,1,08
19:12:11,0.13657,219.20,0.40418,12.10122,35.33555,2.91553,4.58057,49.96,0599:48:24,1,08
19:12:13,0.1362,219.30,0.39581,11.82928,34.5415,2.91553,4.58057,49.96,0599:48:26,1,08
19:12:14,0.13565,219.50,0.3969,11.82928,34.5415,2.91553,4.58057,49.96,0599:48:27,1,08
19:12:17,0.13498,219.40,0.39725,11.77489,34.38269,2.91553,4.58057,49.96,0599:48:30,1,08
19:12:19,0.13511,219.40,0.39771,11.78849,34.42239,2.91553,4.58067,49.99,0599:48:32,1,08
19:12:20,0.13553,219.40,0.39717,11.81568,34.50179,2.91553,4.58067,49.99,0599:48:33,1,08
19:12:21,0.13553,219.40,0.39717,11.81568,34.50179,2.91553,4.58067,49.97,0599:48:34,1,08
19:12:24,0.13535,220.10,0.39599,11.80208,34.46209,2.91553,4.58067,50.00,0599:48:37,1,08
19:12:27,0.13449,220.10,0.39761,11.77489,34.38269,2.91553,4.58067,50.03,0599:48:40,1,08
19:12:30,0.13431,219.70,0.39917,11.78849,34.42239,2.91553,4.58067,50.04,0599:48:43,1,08
19:12:33,0.13492,219.50,0.39899,11.81568,34.50179,2.91564,4.58067,50.03,0599:48:46,1,08
19:12:35,0.1348,219.70,0.39817,11.80208,34.46209,2.91564,4.58067,50.03,0599:48:48,1,08
19:12:36,0.13461,219.60,0.39936,11.81568,34.50179,2.91564,4.58067,50.03,0599:48:49,1,08
19:12:37,0.13517,219.70,0.39744,11.80208,34.46209,2.91564,4.58067,50.01,0599:48:51,1,08
19:12:39,0.13443,219.60,0.39871,11.77489,34.38269,2.91564,4.58067,50.04,0599:48:52,1,08
19:12:40,0.13443,219.70,0.39972,11.81568,34.50179,2.91564,4.58077,50.04,0599:48:53,1,08
19:12:43,0.13474,219.80,0.39771,11.78849,34.42239,2.91564,4.58077,50.03,0599:48:57,1,08
19:12:44,0.13517,219.80,0.39707,11.80208,34.46209,2.91564,4.58077,50.01,0599:48:58,1,08
19:12:46,0.13547,219.60,0.39625,11.78849,34.42239,2.91564,4.58077,50.01,0599:48:59,1,08
19:12:47,0.13559,219.70,0.39599,11.80208,34.46209,2.91564,4.58077,50.03,0599:49:00,1,08
19:12:49,0.13547,219.60,0.39726,11.82928,34.5415,2.91564,4.58077,50.03,0599:49:03,1,08
19:12:50,0.13511,219.70,0.39652,11.77489,34.38269,2.91564,4.58077,50.01,0599:49:04,1,08
19:12:53,0.13437,219.70,0.39917,11.78849,34.42239,2.91564,4.58077,50.01,0599:49:06,1,08
19:12:54,0.13492,219.60,0.39817,11.80208,34.46209,2.91564,4.58077,50.01,0599:49:07,1,08
19:12:56,0.13498,220.00,0.39789,11.81568,34.50179,2.91564,4.58077,50.01,0599:49:10,1,08
19:12:57,0.13443,219.90,0.39936,11.81568,34.50179,2.91564,4.58077,50.01,0599:49:11,1,08
19:12:59,0.13541,219.90,0.3968,11.81568,34.50179,2.91564,4.58077,50.00,0599:49:12,1,08
19:13:01,0.13553,219.80,0.39735,11.84288,34.5812,2.91564,4.58087,49.97,0599:49:15,1,08
19:13:05,0.13443,219.10,0.40175,11.84288,34.5812,2.91574,4.58087,49.96,0599:49:18,1,08
19:13:06,0.134,219.20,0.39917,11.7341,34.26358,2.91574,4.58087,49.95,0599:49:20,1,08
19:13:07,0.13381,219.20,0.4013,11.77489,34.38269,2.91574,4.58087,49.95,0599:49:21,1,08
19:13:09,0.134,219.90,0.40083,11.81568,34.50179,2.91574,4.58087,49.94,0599:49:22,1,08
19:13:11,0.13577,220.20,0.40136,12.00604,35.05763,2.91574,4.58087,49.95,0599:49:24,1,08
19:13:12,0.1362,220.30,0.40217,12.07402,35.25615,2.91574,4.58087,49.94,0599:49:26,1,08
19:13:13,0.13461,220.30,0.39872,11.82928,34.5415,2.91574,4.58087,49.94,0599:49:27,1,08
19:13:14,0.13437,220.10,0.39936,11.81568,34.50179,2.91574,4.58087,49.95,0599:49:28,1,08
19:13:20,0.13541,219.50,0.39753,11.81568,34.50179,2.91574,4.58097,49.96,0599:49:34,1,08
19:13:21,0.13443,219.50,0.40009,11.81568,34.50179,2.91574,4.58097,49.96,0599:49:35,1,08
19:13:23,0.13425,219.60,0.40046,11.81568,34.50179,2.91574,4.58097,49.95,0599:49:37,1,08
19:13:24,0.13425,219.50,0.40037,11.80208,34.46209,2.91574,4.58097,49.96,0599:49:38,1,08
19:13:25,0.13535,219.40,0.39835,11.82928,34.5415,2.91574,4.58097,49.96,0599:49:39,1,08
19:13:26,0.13412,219.40,0.39843,11.7341,34.26358,2.91574,4.58097,49.96,0599:49:40,1,08
19:13:29,0.13461,219.70,0.39936,11.81568,34.50179,2.91574,4.58097,49.96,0599:49:43,1,08
19:13:30,0.13468,219.60,0.39844,11.78849,34.42239,2.91574,4.58097,49.97,0599:49:44,1,08
19:13:31,0.13437,219.60,0.40009,11.81568,34.50179,2.91574,4.58097,49.97,0599:49:45,1,08
19:13:34,0.13511,219.50,0.3978,11.80208,34.46209,2.91584,4.58097,49.99,0599:49:48,1,08
19:13:36,0.13425,219.30,0.39982,11.77489,34.38269,2.91584,4.58097,49.97,0599:49:50,1,08
19:13:37,0.13474,219.10,0.39917,11.78849,34.42239,2.91584,4.58097,49.97,0599:49:51,1,08
19:13:39,0.13449,219.40,0.40009,11.81568,34.50179,2.91584,4.58097,49.99,0599:49:53,1,08
19:13:41,0.13407,219.50,0.40166,11.82928,34.5415,2.91584,4.58107,49.99,0599:49:55,1,08
19:13:42,0.134,219.60,0.4012,11.81568,34.50179,2.91584,4.58107,50.00,0599:49:56,1,08
19:13:44,0.134,219.60,0.4012,11.81568,34.50179,2.91584,4.58107,50.01,0599:49:58,1,08
19:13:46,0.13431,219.70,0.40009,11.81568,34.50179,2.91584,4.58107,50.00,0599:50:00,1,08
19:13:48,0.13394,219.80,0.4012,11.81568,34.50179,2.91584,4.58107,50.01,0599:50:02,1,08
19:13:50,0.13369,219.70,0.40194,11.81568,34.50179,2.91584,4.58107,50.03,0599:50:04,1,08
19:13:51,0.13369,219.70,0.40194,11.81568,34.50179,2.91584,4.58107,50.03,0599:50:05,1,08
19:13:52,0.13407,219.80,0.40037,11.80208,34.46209,2.91584,4.58107,50.04,0599:50:06,1,08
19:13:55,0.13407,219.70,0.39991,11.78849,34.42239,2.91584,4.58107,50.04,0599:50:09,1,08
19:13:57,0.13437,219.60,0.39963,11.80208,34.46209,2.91584,4.58107,50.03,0599:50:10,1,08
19:13:58,0.13437,219.60,0.39963,11.80208,34.46209,2.91584,4.58107,50.03,0599:50:11,1,08
19:13:59,0.13498,219.70,0.39734,11.78849,34.42239,2.91584,4.58107,50.03,0599:50:12,1,08
19:14:01,0.13357,219.60,0.40176,11.78849,34.42239,2.91584,4.58117,50.03,0599:50:14,1,08
19:14:02,0.13388,219.50,0.40102,11.78849,34.42239,2.91584,4.58117,50.03,0599:50:15,1,08
19:14:05,0.13511,219.50,0.39688,11.77489,34.38269,2.91594,4.58117,50.01,0599:50:18,1,08
19:14:11,0.13376,219.30,0.40176,11.78849,34.42239,2.91594,4.58117,50.00,0599:50:24,1,08
19:14:12,0.13388,219.00,0.40176,11.78849,34.42239,2.91594,4.58117,50.00,0599:50:25,1,08
19:14:13,0.13449,219.20,0.4,11.80208,34.46209,2.91594,4.58117,50.01,0599:50:26,1,08
19:14:14,0.13541,219.20,0.40156,11.92446,34.81942,2.91594,4.58117,50.01,0599:50:27,1,08
19:14:17,0.13437,219.50,0.4,11.80208,34.46209,2.91594,4.58117,49.99,0599:50:30,1,08
19:14:18,0.13338,219.40,0.40251,11.78849,34.42239,2.91594,4.58117,49.99,0599:50:31,1,08
19:14:19,0.13301,219.30,0.40354,11.77489,34.38269,2.91594,4.58117,49.99,0599:50:32,1,08
19:14:21,0.13363,219.30,0.40352,11.82928,34.5415,2.91594,4.58127,49.97,0599:50:34,1,08
19:14:22,0.13363,219.30,0.40352,11.82928,34.5415,2.91594,4.58127,49.97,0599:50:35,1,08
19:14:25,0.13239,219.50,0.40458,11.7613,34.34298,2.91594,4.58127,49.97,0599:50:38,1,08
19:14:27,0.134,219.70,0.40166,11.82928,34.5415,2.91594,4.58127,49.96,0599:50:40,1,08
19:14:28,0.13314,219.70,0.40335,11.80208,34.46209,2.91594,4.58127,49.96,0599:50:41,1,08
19:14:33,0.13345,219.60,0.40399,11.84288,34.5812,2.91594,4.58127,49.95,0599:50:46,1,08
19:14:35,0.13246,219.90,0.40159,11.70691,34.18417,2.91604,4.58127,49.95,0599:50:48,1,08
19:14:36,0.13288,220.00,0.40381,11.81568,34.50179,2.91604,4.58127,49.95,0599:50:49,1,08
19:14:40,0.13288,220.00,0.40419,11.81568,34.50179,2.91604,4.58127,49.95,0599:50:53,1,08
19:14:41,0.13363,219.80,0.40148,11.80208,34.46209,2.91604,4.58127,49.95,0599:50:54,1,08
19:14:43,0.13369,219.60,0.40417,11.87007,34.6606,2.91604,4.58137,49.96,0599:50:56,1,08
19:14:44,0.13332,219.60,0.40344,11.81568,34.50179,2.91604,4.58137,49.95,0599:50:58,1,08
19:14:46,0.13376,219.50,0.39861,11.70691,34.18417,2.91604,4.58137,49.95,0599:50:59,1,08
19:14:50,0.13381,219.50,0.40055,11.77489,34.38269,2.91604,4.58137,49.96,0599:51:04,1,08
19:14:54,0.134,219.40,0.40102,11.78849,34.42239,2.91604,4.58137,49.96,0599:51:07,1,08
19:14:55,0.13443,219.30,0.40092,11.82928,34.5415,2.91604,4.58137,49.96,0599:51:09,1,08
19:14:56,0.13419,219.20,0.40111,11.80208,34.46209,2.91604,4.58137,49.97,0599:51:10,1,08
19:14:57,0.13437,219.00,0.40074,11.80208,34.46209,2.91604,4.58137,49.97,0599:51:10,1,08
19:15:01,0.13351,219.20,0.40381,11.81568,34.50179,2.91604,4.58137,49.99,0599:51:15,1,08
19:15:02,0.13288,219.20,0.40392,11.77489,34.38269,2.91604,4.58137,49.99,0599:51:16,1,08
19:15:05,0.13363,219.10,0.40158,11.7613,34.34298,2.91614,4.58148,50.00,0599:51:18,1,08
19:15:08,0.13351,219.10,0.40427,11.82928,34.5415,2.91614,4.58148,50.01,0599:51:22,1,08
19:15:11,0.13369,219.10,0.40529,11.87007,34.6606,2.91614,4.58148,50.03,0599:51:25,1,08
19:15:13,0.13288,218.80,0.40467,11.77489,34.38269,2.91614,4.58148,50.03,0599:51:27,1,08
19:15:16,0.13283,218.70,0.40505,11.77489,34.38269,2.91614,4.58148,50.00,0599:51:30,1,08
19:15:22,0.13431,219.30,0.39991,11.78849,34.42239,2.91614,4.58148,50.01,0599:51:36,1,08
19:15:25,0.13461,219.00,0.39954,11.78849,34.42239,2.91614,4.58158,50.00,0599:51:39,1,08
19:15:26,0.13529,218.90,0.39817,11.80208,34.46209,2.91614,4.58158,50.01,0599:51:40,1,08
19:15:27,0.13529,218.90,0.39817,11.80208,34.46209,2.91614,4.58158,50.01,0599:51:41,1,08
19:15:28,0.13455,219.00,0.40037,11.80208,34.46209,2.91614,4.58158,50.00,0599:51:42,1,08
19:15:30,0.13541,219.10,0.39698,11.78849,34.42239,2.91614,4.58158,50.00,0599:51:44,1,08
19:15:32,0.13517,218.80,0.39844,11.78849,34.42239,2.91614,4.58158,50.00,0599:51:46,1,08
19:15:33,0.13517,218.80,0.39844,11.78849,34.42239,2.91614,4.58158,50.00,0599:51:47,1,08
19:15:34,0.13504,218.70,0.39834,11.77489,34.38269,2.91614,4.58158,50.00,0599:51:48,1,08
19:15:36,0.13541,218.90,0.39908,11.82928,34.5415,2.91624,4.58158,49.99,0599:51:50,1,08
19:15:37,0.13535,219.10,0.3978,11.80208,34.46209,2.91624,4.58158,49.99,0599:51:51,1,08
19:15:41,0.13474,218.90,0.39954,11.78849,34.42239,2.91624,4.58158,49.97,0599:51:55,1,08
19:15:43,0.13449,218.80,0.40074,11.80208,34.46209,2.91624,4.58158,49.99,0599:51:57,1,08
19:15:44,0.13553,218.90,0.39826,11.81568,34.50179,2.91624,4.58168,49.96,0599:51:58,1,08
19:15:53,0.13461,219.10,0.39954,11.78849,34.42239,2.91624,4.58168,49.96,0599:52:06,1,08
19:15:54,0.13486,219.10,0.39926,11.80208,34.46209,2.91624,4.58168,49.96,0599:52:07,1,08
19:15:55,0.1348,219.00,0.40009,11.81568,34.50179,2.91624,4.58168,49.96,0599:52:08,1,08
19:15:56,0.13455,218.70,0.40028,11.78849,34.42239,2.91624,4.58168,49.96,0599:52:09,1,08
19:16:00,0.13455,218.90,0.40028,11.78849,34.42239,2.91624,4.58168,49.95,0599:52:13,1,08
19:16:02,0.13443,219.00,0.40074,11.80208,34.46209,2.91624,4.58168,49.97,0599:52:15,1,08
19:16:03,0.13443,219.00,0.40074,11.80208,34.46209,2.91624,4.58168,49.96,0599:52:16,1,08
19:16:04,0.13425,219.00,0.40157,11.81568,34.50179,2.91624,4.58168,49.96,0599:52:17,1,08
19:16:05,0.13474,219.10,0.40009,11.81568,34.50179,2.91624,4.58178,49.97,0599:52:18,1,08
19:16:08,0.13529,219.10,0.39826,11.81568,34.50179,2.91635,4.58178,49.96,0599:52:21,1,08
19:16:11,0.13492,219.20,0.40119,11.87007,34.6606,2.91635,4.58178,49.97,0599:52:24,1,08
19:16:13,0.13511,219.10,0.39853,11.80208,34.46209,2.91635,4.58178,49.96,0599:52:26,1,08
19:16:14,0.13517,219.10,0.39862,11.81568,34.50179,2.91635,4.58178,49.96,0599:52:27,1,08
19:16:15,0.13517,219.10,0.39862,11.81568,34.50179,2.91635,4.58178,49.96,0599:52:28,1,08
19:16:18,0.13517,219.10,0.39807,11.78849,34.42239,2.91635,4.58178,49.97,0599:52:31,1,08
19:16:22,0.13559,219.10,0.39753,11.81568,34.50179,2.91635,4.58178,49.97,0599:52:35,1,08
19:16:25,0.13517,218.60,0.39834,11.77489,34.38269,2.91635,4.58188,49.97,0599:52:38,1,08
19:16:28,0.13553,218.60,0.39771,11.78849,34.42239,2.91635,4.58188,49.99,0599:52:41,1,08
19:16:33,0.13425,218.50,0.40083,11.7613,34.34298,2.91635,4.58188,50.00,0599:52:46,1,08
19:16:35,0.13461,218.70,0.40074,11.80208,34.46209,2.91635,4.58188,50.00,0599:52:48,1,08
19:16:40,0.13431,219.00,0.40065,11.78849,34.42239,2.91645,4.58188,50.00,0599:52:53,1,08
19:16:42,0.1348,219.00,0.39871,11.77489,34.38269,2.91645,4.58188,50.00,0599:52:55,1,08
19:16:44,0.1348,219.20,0.40018,11.82928,34.5415,2.91645,4.58188,50.01,0599:52:58,1,08
19:16:45,0.13443,219.30,0.40092,11.82928,34.5415,2.91645,4.58188,50.01,0599:52:58,1,08
19:16:46,0.13431,219.40,0.39945,11.77489,34.38269,2.91645,4.58198,50.01,0599:52:59,1,08
19:16:47,0.13498,219.20,0.39761,11.77489,34.38269,2.91645,4.58198,50.01,0599:53:00,1,08
19:16:48,0.1348,219.20,0.39926,11.80208,34.46209,2.91645,4.58198,50.01,0599:53:01,1,08
19:16:49,0.13419,219.10,0.39972,11.7613,34.34298,2.91645,4.58198,50.01,0599:53:02,1,08
19:16:50,0.13455,219.00,0.40037,11.80208,34.46209,2.91645,4.58198,50.01,0599:53:04,1,08
19:16:51,0.1348,219.20,0.39972,11.81568,34.50179,2.91645,4.58198,50.01,0599:53:04,1,08
19:16:54,0.13535,219.00,0.39633,11.7477,34.30328,2.91645,4.58198,50.01,0599:53:07,1,08
19:16:56,0.13541,218.50,0.39669,11.7477,34.30328,2.91645,4.58198,50.03,0599:53:10,1,08
19:16:59,0.13474,218.80,0.39954,11.78849,34.42239,2.91645,4.58198,50.01,0599:53:12,1,08
19:17:01,0.13468,218.70,0.40037,11.80208,34.46209,2.91645,4.58198,50.03,0599:53:15,1,08
19:17:02,0.13517,218.90,0.39945,11.82928,34.5415,2.91645,4.58198,50.01,0599:53:16,1,08
19:17:03,0.13443,218.90,0.4012,11.81568,34.50179,2.91645,4.58198,50.01,0599:53:16,1,08
19:17:04,0.13394,218.90,0.4013,11.77489,34.38269,2.91645,4.58198,50.01,0599:53:17,1,08
19:17:05,0.13461,218.80,0.39991,11.78849,34.42239,2.91645,4.58198,50.01,0599:53:18,1,08
19:17:13,0.13449,218.80,0.40028,11.78849,34.42239,2.91655,4.58208,50.00,0599:53:27,1,08
19:17:14,0.13376,218.90,0.40251,11.78849,34.42239,2.91655,4.58208,50.00,0599:53:28,1,08
19:17:16,0.13474,219.10,0.39917,11.78849,34.42239,2.91655,4.58208,49.99,0599:53:29,1,08
19:17:17,0.13474,219.20,0.39972,11.81568,34.50179,2.91655,4.58208,49.99,0599:53:31,1,08
19:17:18,0.134,219.30,0.40102,11.78849,34.42239,2.91655,4.58208,49.99,0599:53:32,1,08
19:17:20,0.13455,219.10,0.40037,11.80208,34.46209,2.91655,4.58208,49.97,0599:53:34,1,08
19:17:22,0.13437,219.20,0.4012,11.81568,34.50179,2.91655,4.58208,49.97,0599:53:36,1,08
19:17:24,0.13657,219.00,0.40273,12.04683,35.17673,2.91655,4.58208,49.99,0599:53:38,1,08
19:17:25,0.13626,219.10,0.40301,12.03323,35.13704,2.91655,4.58208,49.99,0599:53:39,1,08
19:17:26,0.13474,219.10,0.39963,11.80208,34.46209,2.91655,4.58218,49.97,0599:53:40,1,08
19:17:27,0.13474,219.10,0.39963,11.80208,34.46209,2.91655,4.58218,49.97,0599:53:40,1,08
19:17:28,0.1423,219.00,0.40925,12.75387,37.24129,2.91655,4.58218,49.97,0599:53:42,1,08
19:17:29,0.13734,218.90,0.40325,12.12841,35.41496,2.91655,4.58218,49.97,0599:53:43,1,08
19:17:30,0.13541,218.90,0.40101,11.89726,34.74001,2.91655,4.58218,49.99,0599:53:44,1,08
19:17:31,0.13547,218.80,0.39963,11.85647,34.6209,2.91655,4.58218,49.99,0599:53:45,1,08
19:17:34,0.13559,218.70,0.40147,11.91086,34.77971,2.91655,4.58218,49.97,0599:53:48,1,08
19:17:35,0.13517,218.60,0.40202,11.88367,34.70031,2.91655,4.58218,49.97,0599:53:49,1,08
19:17:37,0.13522,218.50,0.40248,11.89726,34.74001,2.91655,4.58218,49.97,0599:53:50,1,08
19:17:38,0.13535,218.60,0.39991,11.84288,34.5812,2.91655,4.58218,49.97,0599:53:51,1,08
19:17:39,0.13437,218.70,0.40009,11.7613,34.34298,2.91665,4.58218,49.96,0599:53:52,1,08
19:17:40,0.13437,218.70,0.40148,11.80208,34.46209,2.91665,4.58218,49.96,0599:53:53,1,08
19:17:45,0.13381,219.20,0.40222,11.80208,34.46209,2.91665,4.58218,49.96,0599:53:58,1,08
19:17:49,0.13425,219.20,0.39972,11.7613,34.34298,2.91665,4.58228,49.96,0599:54:02,1,08
19:17:51,0.13431,219.10,0.39982,11.77489,34.38269,2.91665,4.58228,49.97,0599:54:04,1,08
19:17:52,0.13419,219.20,0.40203,11.82928,34.5415,2.91665,4.58228,49.97,0599:54:05,1,08
19:17:53,0.13419,219.20,0.40203,11.82928,34.5415,2.91665,4.58228,49.97,0599:54:06,1,08
19:17:54,0.13437,219.50,0.4,11.80208,34.46209,2.91665,4.58228,49.97,0599:54:07,1,08
19:17:55,0.13381,219.60,0.40102,11.78849,34.42239,2.91665,4.58228,49.97,0599:54:08,1,08
19:17:56,0.13461,219.40,0.39917,11.78849,34.42239,2.91665,4.58228,49.97,0599:54:09,1,08
19:17:57,0.134,219.40,0.40157,11.81568,34.50179,2.91665,4.58228,49.99,0599:54:10,1,08
19:17:59,0.13376,219.30,0.40222,11.80208,34.46209,2.91665,4.58228,49.97,0599:54:12,1,08
19:18:03,0.13363,218.90,0.40335,11.80208,34.46209,2.91665,4.58228,49.99,0599:54:16,1,08
19:18:04,0.13363,218.90,0.40335,11.80208,34.46209,2.91665,4.58228,49.99,0599:54:17,1,08
19:18:05,0.13381,219.00,0.40213,11.78849,34.42239,2.91665,4.58228,50.00,0599:54:18,1,08
19:18:06,0.13412,219.30,0.40065,11.78849,34.42239,2.91665,4.58228,50.00,0599:54:19,1,08
19:18:08,0.13388,219.60,0.40065,11.78849,34.42239,2.91665,4.58239,50.00,0599:54:21,1,08
19:18:10,0.13363,219.80,0.40148,11.80208,34.46209,2.91675,4.58239,50.01,0599:54:23,1,08
19:18:11,0.13431,219.80,0.40331,11.91086,34.77971,2.91675,4.58239,50.03,0599:54:24,1,08
19:18:12,0.13326,219.80,0.4026,11.80208,34.46209,2.91675,4.58239,50.03,0599:54:25,1,08
19:18:14,0.13345,219.60,0.40121,11.7613,34.34298,2.91675,4.58239,50.01,0599:54:27,1,08
19:18:16,0.13332,219.60,0.40251,11.78849,34.42239,2.91675,4.58239,50.03,0599:54:29,1,08
19:18:17,0.13257,219.70,0.40392,11.77489,34.38269,2.91675,4.58239,50.04,0599:54:30,1,08
19:18:18,0.13295,219.80,0.40372,11.80208,34.46209,2.91675,4.58239,50.04,0599:54:31,1,08
19:18:19,0.13257,219.90,0.40401,11.78849,34.42239,2.91675,4.58239,50.03,0599:54:32,1,08
19:18:24,0.13326,219.90,0.40213,11.78849,34.42239,2.91675,4.58239,50.03,0599:54:37,1,08
19:18:25,0.13357,220.00,0.40102,11.78849,34.42239,2.91675,4.58239,50.03,0599:54:38,1,08
19:18:27,0.13614,220.10,0.40109,12.01964,35.09734,2.91675,4.58239,50.03,0599:54:40,1,08
19:18:28,0.13412,220.10,0.39917,11.78849,34.42239,2.91675,4.58239,50.03,0599:54:41,1,08
19:18:30,0.13388,220.20,0.40037,11.80208,34.46209,2.91675,4.58249,50.03,0599:54:43,1,08
19:18:31,0.13376,220.20,0.39991,11.78849,34.42239,2.91675,4.58249,50.03,0599:54:44,1,08
19:18:35,0.13376,220.10,0.40028,11.78849,34.42239,2.91675,4.58249,50.01,0599:54:48,1,08
19:18:36,0.13425,220.10,0.39972,11.81568,34.50179,2.91675,4.58249,50.01,0599:54:49,1,08
19:18:37,0.134,220.10,0.4,11.80208,34.46209,2.91675,4.58249,50.00,0599:54:50,1,08
19:18:39,0.13407,220.10,0.39917,11.78849,34.42239,2.91675,4.58249,49.99,0599:54:53,1,08
19:18:41,0.13363,220.00,0.40018,11.77489,34.38269,2.91685,4.58249,49.97,0599:54:54,1,08
19:18:43,0.13314,220.00,0.40306,11.81568,34.50179,2.91685,4.58249,49.99,0599:54:56,1,08
19:18:44,0.13376,219.90,0.40018,11.77489,34.38269,2.91685,4.58249,49.96,0599:54:57,1,08
19:18:49,0.13363,220.30,0.40074,11.80208,34.46209,2.91685,4.58259,49.95,0599:55:02,1,08
19:18:53,0.13369,220.00,0.40111,11.80208,34.46209,2.91685,4.58259,49.95,0599:55:06,1,08
19:19:00,0.13369,219.60,0.40093,11.77489,34.38269,2.91685,4.58259,49.95,0599:55:13,1,08
19:19:02,0.13376,219.70,0.40148,11.80208,34.46209,2.91685,4.58259,49.95,0599:55:16,1,08
19:19:03,0.13431,219.60,0.4,11.80208,34.46209,2.91685,4.58259,49.95,0599:55:17,1,08
19:19:04,0.13419,219.70,0.40092,11.82928,34.5415,2.91685,4.58259,49.95,0599:55:17,1,08
19:19:05,0.13431,219.70,0.39917,11.78849,34.42239,2.91685,4.58259,49.96,0599:55:18,1,08
19:19:06,0.13369,219.70,0.3987,11.7205,34.22387,2.91685,4.58259,49.96,0599:55:20,1,08
19:19:08,0.134,219.60,0.40018,11.77489,34.38269,2.91685,4.58259,49.97,0599:55:22,1,08
19:19:09,0.13381,219.80,0.40111,11.80208,34.46209,2.91685,4.58269,49.97,0599:55:23,1,08
19:19:12,0.13486,220.00,0.3978,11.80208,34.46209,2.91695,4.58269,49.99,0599:55:26,1,08
19:19:13,0.13517,219.90,0.39707,11.80208,34.46209,2.91695,4.58269,49.99,0599:55:27,1,08
19:19:14,0.13363,219.90,0.40194,11.81568,34.50179,2.91695,4.58269,49.99,0599:55:28,1,08
19:19:16,0.13376,219.90,0.40111,11.80208,34.46209,2.91695,4.58269,49.99,0599:55:29,1,08
19:19:18,0.13407,220.10,0.40009,11.81568,34.50179,2.91695,4.58269,50.00,0599:55:32,1,08
19:19:20,0.13376,220.20,0.39991,11.78849,34.42239,2.91695,4.58269,50.00,0599:55:34,1,08
19:19:21,0.13412,220.20,0.39926,11.80208,34.46209,2.91695,4.58269,50.00,0599:55:35,1,08
19:19:24,0.13394,220.30,0.39917,11.78849,34.42239,2.91695,4.58269,50.03,0599:55:38,1,08
19:19:25,0.13363,220.30,0.40074,11.80208,34.46209,2.91695,4.58269,50.03,0599:55:39,1,08
19:19:26,0.13388,220.20,0.39991,11.78849,34.42239,2.91695,4.58269,50.04,0599:55:40,1,08
19:19:27,0.13431,220.00,0.39834,11.77489,34.38269,2.91695,4.58269,50.04,0599:55:41,1,08
19:19:28,0.13431,220.00,0.39834,11.77489,34.38269,2.91695,4.58269,50.04,0599:55:41,1,08
19:19:31,0.13584,219.30,0.39416,11.7477,34.30328,2.91695,4.58279,50.04,0599:55:45,1,08
19:19:32,0.13559,219.20,0.3957,11.7613,34.34298,2.91695,4.58279,50.03,0599:55:46,1,08
19:19:33,0.13455,219.00,0.39899,11.7613,34.34298,2.91695,4.58279,50.03,0599:55:47,1,08
19:19:37,0.13468,218.80,0.39991,11.78849,34.42239,2.91695,4.58279,50.04,0599:55:50,1,08
19:19:41,0.13369,219.40,0.40176,11.78849,34.42239,2.91695,4.58279,50.03,0599:55:54,1,08
19:19:42,0.13357,219.30,0.40121,11.7613,34.34298,2.91695,4.58279,50.03,0599:55:55,1,08
19:19:45,0.13369,219.30,0.4013,11.77489,34.38269,2.91705,4.58279,50.03,0599:55:58,1,08
19:19:46,0.13431,219.30,0.39991,11.78849,34.42239,2.91705,4.58279,50.03,0599:55:59,1,08
19:19:48,0.13357,219.10,0.40158,11.7613,34.34298,2.91705,4.58279,50.01,0599:56:01,1,08
19:19:49,0.13394,218.90,0.4013,11.77489,34.38269,2.91705,4.58279,50.01,0599:56:02,1,08
19:19:51,0.13407,219.10,0.40148,11.80208,34.46209,2.91705,4.58289,50.01,0599:56:04,1,08
19:19:52,0.13412,219.10,0.40102,11.78849,34.42239,2.91705,4.58289,50.01,0599:56:05,1,08
19:19:53,0.13412,219.10,0.40102,11.78849,34.42239,2.91705,4.58289,50.00,0599:56:06,1,08
19:19:54,0.13461,219.10,0.39908,11.77489,34.38269,2.91705,4.58289,50.00,0599:56:07,1,08
19:19:55,0.13461,219.00,0.4,11.80208,34.46209,2.91705,4.58289,49.97,0599:56:08,1,08
19:19:57,0.13449,219.10,0.39991,11.78849,34.42239,2.91705,4.58289,49.96,0599:56:10,1,08
19:20:00,0.13492,219.50,0.39862,11.81568,34.50179,2.91705,4.58289,49.95,0599:56:13,1,08
19:20:02,0.13461,219.50,0.39972,11.81568,34.50179,2.91705,4.58289,49.95,0599:56:15,1,08
19:20:04,0.13394,219.90,0.39843,11.7341,34.26358,2.91705,4.58289,49.94,0599:56:17,1,08
19:20:07,0.13474,219.90,0.39679,11.7613,34.34298,2.91705,4.58289,49.94,0599:56:20,1,08
19:20:09,0.13437,220.00,0.3988,11.78849,34.42239,2.91705,4.58289,49.95,0599:56:22,1,08
19:20:10,0.13474,219.90,0.39908,11.82928,34.5415,2.91705,4.58289,49.94,0599:56:23,1,08
19:20:11,0.13535,219.90,0.39726,11.82928,34.5415,2.91705,4.58299,49.94,0599:56:24,1,08
19:20:12,0.1362,219.90,0.40018,11.99244,35.01793,2.91705,4.58299,49.94,0599:56:25,1,08
19:20:13,0.13559,219.90,0.3979,11.87007,34.6606,2.91716,4.58299,49.95,0599:56:26,1,08
19:20:15,0.13547,219.90,0.39918,11.89726,34.74001,2.91716,4.58299,49.95,0599:56:28,1,08
19:20:16,0.13577,219.90,0.39854,11.91086,34.77971,2.91716,4.58299,49.94,0599:56:29,1,08
19:20:17,0.13522,219.80,0.3989,11.85647,34.6209,2.91716,4.58299,49.94,0599:56:30,1,08
19:20:18,0.13517,219.90,0.40027,11.89726,34.74001,2.91716,4.58299,49.94,0599:56:31,1,08
19:20:20,0.13547,219.60,0.39909,11.88367,34.70031,2.91716,4.58299,49.96,0599:56:33,1,08
19:20:21,0.13584,219.60,0.39927,11.91086,34.77971,2.91716,4.58299,49.95,0599:56:34,1,08
19:20:25,0.13553,219.30,0.39844,11.84288,34.5812,2.91716,4.58299,49.95,0599:56:38,1,08
19:20:27,0.13517,219.40,0.40147,11.91086,34.77971,2.91716,4.58299,49.95,0599:56:40,1,08
19:20:29,0.13553,219.60,0.39909,11.88367,34.70031,2.91716,4.58299,49.97,0599:56:42,1,08
19:20:31,0.13559,219.40,0.39863,11.87007,34.6606,2.91716,4.58309,49.99,0599:56:44,1,08
19:20:32,0.13638,219.30,0.39918,11.95165,34.89882,2.91716,4.58309,49.99,0599:56:45,1,08
19:20:38,0.13668,219.70,0.39593,11.89726,34.74001,2.91716,4.58309,50.00,0599:56:51,1,08
19:20:41,0.1359,219.70,0.398,11.88367,34.70031,2.91716,4.58309,50.01,0599:56:54,1,08
19:20:42,0.1362,219.60,0.39818,11.91086,34.77971,2.91716,4.58309,50.01,0599:56:55,1,08
19:20:43,0.1359,219.50,0.40064,11.95165,34.89882,2.91726,4.58309,50.01,0599:56:56,1,08
19:20:44,0.13614,219.40,0.39809,11.89726,34.74001,2.91726,4.58309,50.01,0599:56:57,1,08
19:20:45,0.1359,219.40,0.39927,11.91086,34.77971,2.91726,4.58309,50.01,0599:56:59,1,08
19:20:47,0.13595,219.30,0.39745,11.85647,34.6209,2.91726,4.58309,50.01,0599:57:00,1,08
19:20:48,0.13559,219.50,0.39909,11.88367,34.70031,2.91726,4.58309,50.01,0599:57:01,1,08
19:20:49,0.13553,219.60,0.39909,11.88367,34.70031,2.91726,4.58309,50.01,0599:57:02,1,08
19:20:55,0.13541,219.40,0.39936,11.87007,34.6606,2.91726,4.58319,50.01,0599:57:08,1,08
19:20:56,0.13522,219.30,0.40055,11.88367,34.70031,2.91726,4.58319,50.00,0599:57:10,1,08
19:20:59,0.1359,219.50,0.39927,11.91086,34.77971,2.91726,4.58319,50.00,0599:57:12,1,08
19:21:00,0.13559,219.70,0.39918,11.89726,34.74001,2.91726,4.58319,50.00,0599:57:13,1,08
19:21:01,0.13547,219.70,0.39954,11.89726,34.74001,2.91726,4.58319,50.00,0599:57:14,1,08
19:21:04,0.13529,219.40,0.40018,11.88367,34.70031,2.91726,4.58319,49.97,0599:57:18,1,08
19:21:05,0.13529,219.40,0.40018,11.88367,34.70031,2.91726,4.58319,49.97,0599:57:18,1,08
19:21:06,0.13565,219.40,0.4,11.91086,34.77971,2.91726,4.58319,49.97,0599:57:19,1,08
19:21:08,0.13644,219.30,0.39737,11.89726,34.74001,2.91726,4.58319,49.96,0599:57:22,1,08
19:21:09,0.13602,219.40,0.39936,11.92446,34.81942,2.91726,4.58319,49.96,0599:57:23,1,08
19:21:11,0.13559,219.20,0.39625,11.78849,34.42239,2.91726,4.58319,49.96,0599:57:24,1,08
19:21:13,0.13553,219.20,0.39616,11.77489,34.38269,2.91736,4.5833,49.94,0599:57:27,1,08
19:21:16,0.13584,219.70,0.39572,11.81568,34.50179,2.91736,4.5833,49.94,0599:57:30,1,08
19:21:18,0.13602,219.50,0.39581,11.82928,34.5415,2.91736,4.5833,49.94,0599:57:32,1,08
19:21:23,0.13638,219.90,0.39393,11.81568,34.50179,2.91736,4.5833,49.94,0599:57:37,1,08
19:21:24,0.13584,220.00,0.3949,11.80208,34.46209,2.91736,4.5833,49.95,0599:57:38,1,08
19:21:26,0.13602,219.50,0.39481,11.78849,34.42239,2.91736,4.5833,49.95,0599:57:40,1,08
19:21:27,0.1365,219.30,0.39464,11.81568,34.50179,2.91736,4.5833,49.95,0599:57:41,1,08
19:21:28,0.13559,219.20,0.39707,11.80208,34.46209,2.91736,4.5833,49.95,0599:57:42,1,08
19:21:31,0.13553,219.00,0.39744,11.80208,34.46209,2.91736,4.5833,49.94,0599:57:44,1,08
19:21:32,0.13632,218.80,0.39517,11.78849,34.42239,2.91736,4.5833,49.94,0599:57:45,1,08
19:21:33,0.13584,218.90,0.39671,11.80208,34.46209,2.91736,4.5834,49.95,0599:57:46,1,08
19:21:35,0.13662,218.90,0.39636,11.85647,34.6209,2.91736,4.5834,49.95,0599:57:48,1,08
19:21:37,0.1365,218.80,0.39627,11.84288,34.5812,2.91736,4.5834,49.96,0599:57:50,1,08
19:21:39,0.13565,218.70,0.39826,11.81568,34.50179,2.91736,4.5834,49.95,0599:57:52,1,08
19:21:43,0.13535,218.80,0.39771,11.78849,34.42239,2.91736,4.5834,49.95,0599:57:56,1,08
19:21:48,0.14079,219.20,0.40669,12.56351,36.68545,2.91746,4.5834,49.95,0599:58:01,1,08
19:21:49,0.13884,219.10,0.40393,12.29157,35.89139,2.91746,4.5834,49.96,0599:58:02,1,08
19:21:50,0.13486,218.90,0.39503,11.66612,34.06506,2.91746,4.5834,49.96,0599:58:03,1,08
19:21:52,0.13638,219.00,0.39536,11.81568,34.50179,2.91746,4.5834,49.96,0599:58:05,1,08
19:21:54,0.13541,219.50,0.39671,11.80208,34.46209,2.91746,4.5835,49.96,0599:58:07,1,08
19:21:57,0.13595,219.40,0.39663,11.84288,34.5812,2.91746,4.5835,49.96,0599:58:10,1,08
19:22:01,0.13529,219.10,0.39404,11.67971,34.10476,2.91746,4.5835,49.96,0599:58:14,1,08
19:22:02,0.13529,218.90,0.39715,11.7613,34.34298,2.91746,4.5835,49.96,0599:58:15,1,08
19:22:06,0.13547,218.90,0.39688,11.77489,34.38269,2.91746,4.5835,49.96,0599:58:19,1,08
19:22:08,0.13529,218.80,0.39807,11.78849,34.42239,2.91746,4.5835,49.97,0599:58:21,1,08
19:22:09,0.13529,219.00,0.39862,11.81568,34.50179,2.91746,4.5835,49.99,0599:58:22,1,08
19:22:10,0.13553,219.20,0.39753,11.81568,34.50179,2.91746,4.5835,49.99,0599:58:23,1,08
19:22:11,0.13608,219.40,0.39572,11.81568,34.50179,2.91746,4.5835,49.97,0599:58:24,1,08
19:22:15,0.13722,219.40,0.39792,11.97884,34.97823,2.91756,4.5836,50.00,0599:58:28,1,08
19:22:16,0.13753,219.30,0.3973,11.99244,35.01793,2.91756,4.5836,50.00,0599:58:29,1,08
19:22:17,0.13722,219.20,0.39883,12.00604,35.05763,2.91756,4.5836,50.00,0599:58:30,1,08
19:22:18,0.13692,219.40,0.39909,11.99244,35.01793,2.91756,4.5836,50.00,0599:58:31,1,08
19:22:20,0.13668,219.20,0.40018,11.99244,35.01793,2.91756,4.5836,50.00,0599:58:33,1,08
19:22:21,0.13711,219.10,0.39819,11.96525,34.93852,2.91756,4.5836,50.01,0599:58:34,1,08
19:22:22,0.13734,219.10,0.39837,11.99244,35.01793,2.91756,4.5836,50.01,0599:58:35,1,08
19:22:23,0.1368,219.30,0.39946,11.99244,35.01793,2.91756,4.5836,50.01,0599:58:36,1,08
19:22:25,0.13674,219.30,0.39982,11.99244,35.01793,2.91756,4.5836,50.01,0599:58:38,1,08
19:22:29,0.13687,219.20,0.39855,11.96525,34.93852,2.91756,4.5836,50.01,0599:58:42,1,08
19:22:30,0.13674,219.30,0.39982,11.99244,35.01793,2.91756,4.5836,50.01,0599:58:43,1,08
19:22:31,0.13674,219.30,0.39937,11.97884,34.97823,2.91756,4.5836,50.01,0599:58:44,1,08
19:22:32,0.13632,219.20,0.40036,11.96525,34.93852,2.91756,4.5836,50.03,0599:58:45,1,08
19:22:33,0.13674,219.10,0.39927,11.96525,34.93852,2.91756,4.5837,50.03,0599:58:46,1,08
19:22:34,0.13662,219.20,0.39927,11.96525,34.93852,2.91756,4.5837,50.01,0599:58:47,1,08
19:22:43,0.13668,219.00,0.40009,11.97884,34.97823,2.91756,4.5837,50.00,0599:58:56,1,08
19:22:45,0.13711,218.90,0.40172,12.06043,35.21645,2.91766,4.5837,50.00,0599:58:58,1,08
19:22:46,0.13687,219.20,0.399,11.97884,34.97823,2.91766,4.5837,49.97,0599:59:00,1,08
19:22:47,0.13687,219.20,0.399,11.97884,34.97823,2.91766,4.5837,49.97,0599:59:00,1,08
19:22:49,0.13662,219.20,0.40064,12.00604,35.05763,2.91766,4.5837,49.97,0599:59:02,1,08
19:22:50,0.13638,219.30,0.40136,12.00604,35.05763,2.91766,4.5837,49.97,0599:59:03,1,08
19:22:51,0.13602,219.30,0.40155,11.97884,34.97823,2.91766,4.5837,49.97,0599:59:05,1,08
19:22:53,0.13668,219.40,0.40027,12.00604,35.05763,2.91766,4.5837,49.94,0599:59:06,1,08
19:22:55,0.1365,219.20,0.40145,12.01964,35.09734,2.91766,4.58381,49.95,0599:59:08,1,08
19:22:57,0.13638,219.50,0.40054,11.99244,35.01793,2.91766,4.58381,49.94,0599:59:11,1,08
19:22:58,0.13674,219.60,0.39955,12.00604,35.05763,2.91766,4.58381,49.95,0599:59:12,1,08
19:22:59,0.13674,219.60,0.39955,12.00604,35.05763,2.91766,4.58381,49.95,0599:59:12,1,08
19:23:02,0.13662,219.70,0.39946,11.99244,35.01793,2.91766,4.58381,49.95,0599:59:16,1,08
19:23:05,0.1362,219.40,0.40173,12.00604,35.05763,2.91766,4.58381,49.94,0599:59:18,1,08
19:23:10,0.13674,219.30,0.399,11.97884,34.97823,2.91766,4.58381,49.94,0599:59:24,1,08
19:23:12,0.13553,219.20,0.39982,11.88367,34.70031,2.91766,4.58381,49.95,0599:59:25,1,08
19:23:14,0.13492,219.10,0.40028,11.84288,34.5812,2.91766,4.58391,49.96,0599:59:28,1,08
19:23:15,0.13407,219.20,0.39732,11.67971,34.10476,2.91776,4.58391,49.96,0599:59:29,1,08
19:23:18,0.13455,219.20,0.40046,11.81568,34.50179,2.91776,4.58391,49.95,0599:59:32,1,08
19:23:20,0.13474,219.40,0.40028,11.84288,34.5812,2.91776,4.58391,49.94,0599:59:34,1,08
19:23:21,0.13492,219.50,0.39771,11.78849,34.42239,2.91776,4.58391,49.94,0599:59:35,1,08
19:23:22,0.13511,219.30,0.39862,11.81568,34.50179,2.91776,4.58391,49.95,0599:59:36,1,08
19:23:23,0.13511,219.30,0.39862,11.81568,34.50179,2.91776,4.58391,49.95,0599:59:36,1,08
19:23:24,0.13504,219.30,0.39945,11.82928,34.5415,2.91776,4.58391,49.95,0599:59:38,1,08
19:23:25,0.13443,219.30,0.4,11.80208,34.46209,2.91776,4.58391,49.95,0599:59:39,1,08
19:23:27,0.13388,219.40,0.39732,11.67971,34.10476,2.91776,4.58391,49.95,0599:59:40,1,08
19:23:30,0.13449,219.20,0.39899,11.7613,34.34298,2.91776,4.58391,49.96,0599:59:42,1,08
19:23:31,0.13547,219.10,0.39789,11.81568,34.50179,2.91776,4.58391,49.96,0599:59:44,1,08
19:23:32,0.13511,219.20,0.39817,11.80208,34.46209,2.91776,4.58391,49.96,0599:59:45,1,08
19:23:33,0.13553,219.20,0.39707,11.80208,34.46209,2.91776,4.58391,49.96,0599:59:46,1,08
19:23:35,0.13498,219.30,0.39899,11.81568,34.50179,2.91776,4.58401,49.97,0599:59:48,1,08
19:23:36,0.13498,219.30,0.39899,11.81568,34.50179,2.91776,4.58401,49.97,0599:59:49,1,08
19:23:37,0.13535,219.20,0.39652,11.77489,34.38269,2.91776,4.58401,49.97,0599:59:50,1,08
19:23:38,0.13535,219.20,0.39688,11.77489,34.38269,2.91776,4.58401,49.97,0599:59:51,1,08
19:23:40,0.13443,219.00,0.39982,11.77489,34.38269,2.91776,4.58401,50.00,0599:59:53,1,08
19:23:42,0.13668,218.40,0.40301,12.03323,35.13704,2.91776,4.58401,49.99,0599:59:55,1,08
19:23:43,0.13529,218.30,0.3988,11.78849,34.42239,2.91776,4.58401,50.00,0599:59:56,1,08
19:23:44,0.13511,218.20,0.39908,11.77489,34.38269,2.91776,4.58401,50.00,0599:59:57,1,08
19:23:45,0.13511,218.30,0.39954,11.78849,34.42239,2.91776,4.58401,50.01,0599:59:58,1,08
19:23:46,0.13565,218.40,0.39771,11.78849,34.42239,2.91786,4.58401,50.01,0599:59:59,1,08
19:23:47,0.13553,218.40,0.39807,11.78849,34.42239,2.91786,4.58401,50.01,0600:00:00,1,08
19:23:49,0.13559,218.30,0.39853,11.80208,34.46209,2.91786,4.58401,50.03,0600:00:02,1,08
19:23:51,0.13553,218.20,0.39844,11.78849,34.42239,2.91786,4.58401,50.03,0600:00:04,1,08
19:23:56,0.13474,218.60,0.39991,11.78849,34.42239,2.91786,4.58411,50.01,0600:00:09,1,08
19:23:57,0.13584,218.70,0.39661,11.78849,34.42239,2.91786,4.58411,50.03,0600:00:10,1,08
19:23:58,0.13535,218.70,0.39761,11.77489,34.38269,2.91786,4.58411,50.03,0600:00:11,1,08
19:24:01,0.13553,218.70,0.39688,11.77489,34.38269,2.91786,4.58411,50.01,0600:00:14,1,08
19:24:02,0.13559,218.50,0.39725,11.77489,34.38269,2.91786,4.58411,50.01,0600:00:15,1,08
19:24:05,0.13602,218.30,0.39789,11.81568,34.50179,2.91786,4.58411,50.00,0600:00:18,1,08
19:24:08,0.13553,218.20,0.39706,11.7477,34.30328,2.91786,4.58411,50.00,0600:00:21,1,08
19:24:10,0.13614,217.90,0.3956,11.7477,34.30328,2.91786,4.58411,50.01,0600:00:23,1,08
19:24:11,0.13644,217.90,0.39671,11.80208,34.46209,2.91786,4.58411,49.99,0600:00:24,1,08
19:24:17,0.1362,218.20,0.3958,11.77489,34.38269,2.91796,4.58421,49.97,0600:00:30,1,08
19:24:18,0.13632,218.20,0.39671,11.80208,34.46209,2.91796,4.58421,49.97,0600:00:31,1,08
19:24:20,0.13584,218.40,0.39734,11.78849,34.42239,2.91796,4.58421,49.96,0600:00:33,1,08
19:24:23,0.1362,218.40,0.39224,11.67971,34.10476,2.91796,4.58421,49.95,0600:00:36,1,08
19:24:25,0.13657,218.60,0.39435,11.77489,34.38269,2.91796,4.58421,49.94,0600:00:38,1,08
19:24:26,0.1365,218.50,0.39517,11.78849,34.42239,2.91796,4.58421,49.94,0600:00:39,1,08
19:24:29,0.1362,218.80,0.39872,11.88367,34.70031,2.91796,4.58421,49.95,0600:00:42,1,08
19:24:31,0.13662,219.40,0.39347,11.80208,34.46209,2.91796,4.58421,49.95,0600:00:44,1,08
19:24:33,0.13595,219.10,0.39553,11.78849,34.42239,2.91796,4.58421,49.94,0600:00:46,1,08
19:24:34,0.13632,219.20,0.39536,11.81568,34.50179,2.91796,4.58421,49.95,0600:00:47,1,08
19:24:36,0.13535,219.30,0.39698,11.78849,34.42239,2.91796,4.58431,49.95,0600:00:49,1,08
19:24:38,0.13595,219.40,0.39617,11.82928,34.5415,2.91796,4.58431,49.95,0600:00:51,1,08
19:24:40,0.13692,219.40,0.39367,11.82928,34.5415,2.91796,4.58431,49.95,0600:00:53,1,08
19:24:41,0.13541,219.50,0.39524,11.7477,34.30328,2.91796,4.58431,49.95,0600:00:55,1,08
19:24:44,0.13602,219.90,0.39636,11.85647,34.6209,2.91796,4.58431,49.95,0600:00:57,1,08
19:24:45,0.13818,220.00,0.39768,12.10122,35.33555,2.91796,4.58431,49.95,0600:00:58,1,08
19:24:49,0.13614,219.90,0.39419,11.80208,34.46209,2.91806,4.58431,49.94,0600:01:02,1,08
19:24:53,0.13668,219.80,0.39276,11.80208,34.46209,2.91806,4.58431,49.96,0600:01:07,1,08
19:24:56,0.13626,219.80,0.39338,11.78849,34.42239,2.91806,4.58442,49.97,0600:01:09,1,08
19:24:57,0.13584,219.80,0.39481,11.78849,34.42239,2.91806,4.58442,49.97,0600:01:10,1,08
19:25:00,0.13511,219.90,0.39661,11.78849,34.42239,2.91806,4.58442,49.96,0600:01:13,1,08
19:25:02,0.13492,219.70,0.39771,11.78849,34.42239,2.91806,4.58442,49.97,0600:01:15,1,08
19:25:05,0.13376,219.70,0.40102,11.78849,34.42239,2.91806,4.58442,50.00,0600:01:19,1,08
19:25:06,0.13376,219.70,0.40102,11.78849,34.42239,2.91806,4.58442,50.00,0600:01:19,1,08
19:25:07,0.13412,219.70,0.40083,11.81568,34.50179,2.91806,4.58442,50.00,0600:01:20,1,08
19:25:10,0.13486,220.00,0.39835,11.82928,34.5415,2.91806,4.58442,50.03,0600:01:24,1,08
19:25:11,0.13511,219.60,0.39881,11.84288,34.5812,2.91806,4.58442,50.03,0600:01:25,1,08
19:25:13,0.13492,219.80,0.39734,11.78849,34.42239,2.91806,4.58442,50.04,0600:01:26,1,08
19:25:15,0.13388,219.40,0.40055,11.77489,34.38269,2.91806,4.58442,50.03,0600:01:29,1,08
19:25:17,0.13455,219.30,0.39917,11.78849,34.42239,2.91806,4.58452,50.03,0600:01:31,1,08
19:25:20,0.13443,219.60,0.39963,11.80208,34.46209,2.91817,4.58452,50.03,0600:01:34,1,08
19:25:22,0.1348,219.30,0.3989,11.80208,34.46209,2.91817,4.58452,50.03,0600:01:36,1,08
19:25:23,0.13461,219.30,0.40055,11.82928,34.5415,2.91817,4.58452,50.03,0600:01:37,1,08
19:25:24,0.13461,219.30,0.40055,11.82928,34.5415,2.91817,4.58452,50.01,0600:01:37,1,08
19:25:28,0.13486,219.30,0.39844,11.78849,34.42239,2.91817,4.58452,50.03,0600:01:41,1,08
19:25:29,0.13492,219.50,0.39807,11.78849,34.42239,2.91817,4.58452,50.03,0600:01:42,1,08
19:25:31,0.13474,219.70,0.39899,11.81568,34.50179,2.91817,4.58452,50.01,0600:01:43,1,08
19:25:32,0.13474,219.60,0.39853,11.80208,34.46209,2.91817,4.58452,50.01,0600:01:45,1,08
19:25:33,0.13498,219.50,0.39679,11.7613,34.34298,2.91817,4.58452,50.04,0600:01:46,1,08
19:25:35,0.13522,219.60,0.39707,11.80208,34.46209,2.91817,4.58452,50.03,0600:01:48,1,08
19:25:40,0.13486,219.60,0.39807,11.78849,34.42239,2.91817,4.58462,50.00,0600:01:53,1,08
19:25:45,0.13474,219.60,0.39899,11.81568,34.50179,2.91817,4.58462,50.00,0600:01:58,1,08
19:25:47,0.13565,219.70,0.39781,11.85647,34.6209,2.91817,4.58462,50.01,0600:02:00,1,08
19:25:51,0.13468,219.30,0.3988,11.78849,34.42239,2.91827,4.58462,50.01,0600:02:04,1,08
19:25:54,0.13468,219.10,0.39871,11.77489,34.38269,2.91827,4.58462,50.00,0600:02:07,1,08
19:25:55,0.13504,219.10,0.39844,11.78849,34.42239,2.91827,4.58462,49.99,0600:02:08,1,08
19:25:59,0.13553,218.80,0.39872,11.82928,34.5415,2.91827,4.58472,49.97,0600:02:12,1,08
19:26:06,0.13559,219.20,0.39707,11.80208,34.46209,2.91827,4.58472,49.96,0600:02:19,1,08
19:26:09,0.13517,219.30,0.3978,11.80208,34.46209,2.91827,4.58472,49.96,0600:02:22,1,08
19:26:11,0.13559,219.50,0.39772,11.84288,34.5812,2.91827,4.58472,49.95,0600:02:24,1,08
19:26:12,0.13608,219.40,0.40027,11.95165,34.89882,2.91827,4.58472,49.97,0600:02:25,1,08
19:26:13,0.13522,219.20,0.3978,11.80208,34.46209,2.91827,4.58472,49.97,0600:02:26,1,08
19:26:19,0.1348,219.40,0.39706,11.7477,34.30328,2.91827,4.58482,49.96,0600:02:32,1,08
19:26:20,0.13541,219.20,0.39744,11.80208,34.46209,2.91837,4.58482,49.96,0600:02:33,1,08
19:26:21,0.13529,219.40,0.39789,11.81568,34.50179,2.91837,4.58482,49.97,0600:02:34,1,08
19:26:25,0.13486,219.80,0.39826,11.81568,34.50179,2.91837,4.58482,49.97,0600:02:38,1,08
19:26:26,0.13443,219.80,0.39926,11.80208,34.46209,2.91837,4.58482,49.97,0600:02:39,1,08
19:26:27,0.13486,219.80,0.39771,11.78849,34.42239,2.91837,4.58482,49.99,0600:02:40,1,08
19:26:30,0.13559,219.60,0.39543,11.77489,34.38269,2.91837,4.58482,50.01,0600:02:43,1,08
19:26:31,0.13541,219.60,0.39671,11.80208,34.46209,2.91837,4.58482,50.01,0600:02:44,1,08
19:26:34,0.13632,219.20,0.39399,11.77489,34.38269,2.91837,4.58482,50.03,0600:02:47,1,08
19:26:36,0.13572,218.70,0.39652,11.77489,34.38269,2.91837,4.58482,50.04,0600:02:49,1,08
19:26:37,0.13572,218.70,0.39652,11.77489,34.38269,2.91837,4.58482,50.04,0600:02:50,1,08
19:26:38,0.13572,218.60,0.39744,11.80208,34.46209,2.91837,4.58492,50.04,0600:02:51,1,08
19:26:40,0.13577,218.80,0.39707,11.80208,34.46209,2.91837,4.58492,50.03,0600:02:53,1,08
19:26:41,0.13577,219.20,0.39635,11.80208,34.46209,2.91837,4.58492,50.03,0600:02:54,1,08
19:26:42,0.13577,219.30,0.39599,11.80208,34.46209,2.91837,4.58492,50.03,0600:02:56,1,08
19:26:46,0.13565,219.40,0.39589,11.78849,34.42239,2.91837,4.58492,50.04,0600:02:59,1,08
19:26:47,0.13541,219.50,0.39671,11.80208,34.46209,2.91837,4.58492,50.04,0600:03:00,1,08
19:26:49,0.13572,219.60,0.39654,11.82928,34.5415,2.91837,4.58492,50.03,0600:03:02,1,08
19:26:52,0.13553,219.60,0.3968,11.81568,34.50179,2.91847,4.58492,50.03,0600:03:05,1,08
19:26:53,0.13553,220.00,0.39562,11.80208,34.46209,2.91847,4.58492,50.03,0600:03:07,1,08
19:26:54,0.13553,220.00,0.39562,11.80208,34.46209,2.91847,4.58492,50.03,0600:03:07,1,08
19:26:55,0.13504,220.00,0.39707,11.80208,34.46209,2.91847,4.58492,50.04,0600:03:08,1,08
19:26:58,0.13522,219.90,0.3958,11.77489,34.38269,2.91847,4.58502,50.03,0600:03:11,1,08
19:26:59,0.13498,219.90,0.39698,11.78849,34.42239,2.91847,4.58502,50.03,0600:03:13,1,08
19:27:03,0.13443,219.70,0.3988,11.78849,34.42239,2.91847,4.58502,50.03,0600:03:16,1,08
19:27:06,0.13461,219.40,0.39834,11.77489,34.38269,2.91847,4.58502,50.01,0600:03:19,1,08
19:27:07,0.13498,219.60,0.39872,11.82928,34.5415,2.91847,4.58502,50.01,0600:03:20,1,08
19:27:09,0.13492,219.50,0.39771,11.78849,34.42239,2.91847,4.58502,50.00,0600:03:22,1,08
19:27:11,0.13657,219.50,0.39891,11.96525,34.93852,2.91847,4.58502,49.99,0600:03:25,1,08
19:27:15,0.13504,219.60,0.39734,11.78849,34.42239,2.91847,4.58502,49.97,0600:03:29,1,08
19:27:16,0.13461,219.60,0.40018,11.82928,34.5415,2.91847,4.58502,49.97,0600:03:30,1,08
19:27:18,0.13461,219.70,0.39844,11.78849,34.42239,2.91847,4.58512,49.96,0600:03:31,1,08
19:27:19,0.13492,219.80,0.3978,11.80208,34.46209,2.91847,4.58512,49.96,0600:03:32,1,08
19:27:20,0.13504,220.00,0.39799,11.82928,34.5415,2.91847,4.58512,49.97,0600:03:34,1,08
19:27:21,0.1348,220.10,0.39917,11.84288,34.5812,2.91857,4.58512,49.97,0600:03:35,1,08
19:27:23,0.13437,220.10,0.39936,11.81568,34.50179,2.91857,4.58512,49.96,0600:03:36,1,08
19:27:24,0.13425,220.10,0.40018,11.82928,34.5415,2.91857,4.58512,49.96,0600:03:37,1,08
19:27:28,0.13449,220.00,0.39899,11.81568,34.50179,2.91857,4.58512,49.97,0600:03:41,1,08
19:27:30,0.13419,220.00,0.40009,11.81568,34.50179,2.91857,4.58512,49.97,0600:03:43,1,08
19:27:31,0.13431,220.00,0.3988,11.78849,34.42239,2.91857,4.58512,49.96,0600:03:43,1,08
19:27:33,0.13425,220.00,0.40009,11.81568,34.50179,2.91857,4.58512,49.97,0600:03:46,1,08
19:27:34,0.13449,219.80,0.3989,11.80208,34.46209,2.91857,4.58512,49.97,0600:03:47,1,08
19:27:37,0.13449,219.30,0.39723,11.7205,34.22387,2.91857,4.58512,49.97,0600:03:49,1,08
19:27:39,0.13492,219.40,0.39899,11.81568,34.50179,2.91857,4.58523,49.97,0600:03:52,1,08
19:27:43,0.13474,219.70,0.39899,11.81568,34.50179,2.91857,4.58523,49.99,0600:03:56,1,08
19:27:44,0.13449,219.90,0.3989,11.80208,34.46209,2.91857,4.58523,49.99,0600:03:57,1,08
19:27:45,0.1348,219.90,0.39826,11.81568,34.50179,2.91857,4.58523,49.99,0600:03:58,1,08
19:27:46,0.13443,219.90,0.39798,11.77489,34.38269,2.91857,4.58523,49.99,0600:03:59,1,08
19:27:47,0.13412,219.80,0.39945,11.77489,34.38269,2.91857,4.58523,50.01,0600:04:00,1,08
19:27:49,0.13376,219.60,0.40093,11.77489,34.38269,2.91857,4.58523,50.01,0600:04:02,1,08
19:27:53,0.134,219.50,0.40018,11.77489,34.38269,2.91867,4.58523,50.05,0600:04:06,1,08
19:27:54,0.13602,219.20,0.40428,12.06043,35.21645,2.91867,4.58523,50.05,0600:04:07,1,08
19:27:56,0.13753,219.10,0.40397,12.1828,35.57377,2.91867,4.58523,50.04,0600:04:09,1,08
19:27:58,0.13376,219.30,0.40222,11.80208,34.46209,2.91867,4.58523,50.04,0600:04:11,1,08
19:27:59,0.13412,219.30,0.40018,11.77489,34.38269,2.91867,4.58533,50.04,0600:04:12,1,08
19:28:01,0.13431,219.30,0.39991,11.78849,34.42239,2.91867,4.58533,50.03,0600:04:14,1,08
19:28:02,0.13425,219.10,0.40018,11.77489,34.38269,2.91867,4.58533,50.03,0600:04:15,1,08
19:28:04,0.13419,219.00,0.40102,11.78849,34.42239,2.91867,4.58533,50.04,0600:04:17,1,08
19:28:05,0.13443,219.00,0.40028,11.78849,34.42239,2.91867,4.58533,50.03,0600:04:18,1,08
19:28:08,0.13553,219.20,0.4021,11.95165,34.89882,2.91867,4.58533,50.03,0600:04:21,1,08
19:28:09,0.13443,219.50,0.40055,11.82928,34.5415,2.91867,4.58533,50.03,0600:04:22,1,08
19:28:11,0.13449,219.50,0.39963,11.80208,34.46209,2.91867,4.58533,50.03,0600:04:24,1,08
19:28:12,0.13468,219.50,0.40064,11.84288,34.5812,2.91867,4.58533,50.03,0600:04:25,1,08
19:28:13,0.13431,219.60,0.40092,11.82928,34.5415,2.91867,4.58533,50.03,0600:04:26,1,08
19:28:15,0.13412,219.80,0.4,11.80208,34.46209,2.91867,4.58533,50.03,0600:04:28,1,08
19:28:17,0.13443,219.90,0.39926,11.80208,34.46209,2.91867,4.58533,50.03,0600:04:30,1,08
19:28:18,0.13363,219.70,0.40093,11.77489,34.38269,2.91867,4.58533,50.01,0600:04:31,1,08
19:28:19,0.13412,219.60,0.39991,11.78849,34.42239,2.91867,4.58543,50.01,0600:04:32,1,08
19:28:21,0.13369,219.70,0.40194,11.81568,34.50179,2.91867,4.58543,50.03,0600:04:34,1,08
19:28:23,0.13388,219.70,0.40111,11.80208,34.46209,2.91877,4.58543,50.01,0600:04:36,1,08
19:28:24,0.13357,219.50,0.40176,11.78849,34.42239,2.91877,4.58543,50.01,0600:04:37,1,08
19:28:25,0.13419,219.50,0.40037,11.80208,34.46209,2.91877,4.58543,50.01,0600:04:38,1,08
19:28:26,0.134,219.60,0.4012,11.81568,34.50179,2.91877,4.58543,50.01,0600:04:39,1,08
19:28:27,0.13363,219.70,0.40185,11.80208,34.46209,2.91877,4.58543,50.01,0600:04:40,1,08
19:28:28,0.13437,219.70,0.39917,11.78849,34.42239,2.91877,4.58543,50.01,0600:04:41,1,08
19:28:30,0.1348,219.60,0.39853,11.80208,34.46209,2.91877,4.58543,50.00,0600:04:43,1,08
19:28:32,0.13394,219.50,0.40065,11.78849,34.42239,2.91877,4.58543,50.00,0600:04:45,1,08
19:28:33,0.13388,219.60,0.40111,11.80208,34.46209,2.91877,4.58543,49.99,0600:04:46,1,08
19:28:34,0.13443,219.80,0.39972,11.81568,34.50179,2.91877,4.58543,49.99,0600:04:47,1,08
19:28:36,0.13388,219.60,0.40111,11.80208,34.46209,2.91877,4.58543,49.97,0600:04:49,1,08
19:28:38,0.13388,219.80,0.40212,11.84288,34.5812,2.91877,4.58543,49.97,0600:04:51,1,08
19:28:39,0.13369,219.80,0.3987,11.7205,34.22387,2.91877,4.58543,49.97,0600:04:52,1,08
19:28:45,0.13363,220.10,0.40203,11.82928,34.5415,2.91877,4.58553,49.99,0600:04:58,1,08
19:28:46,0.13351,220.10,0.40148,11.80208,34.46209,2.91877,4.58553,49.97,0600:04:59,1,08
19:28:47,0.13412,220.10,0.40055,11.82928,34.5415,2.91877,4.58553,49.97,0600:05:00,1,08
19:28:49,0.13376,220.10,0.40166,11.82928,34.5415,2.91877,4.58553,49.97,0600:05:02,1,08
19:28:50,0.13376,220.10,0.40166,11.82928,34.5415,2.91877,4.58553,49.97,0600:05:03,1,08
19:28:55,0.13388,220.20,0.40092,11.82928,34.5415,2.91887,4.58553,49.97,0600:05:09,1,08
19:28:56,0.13388,220.20,0.40092,11.82928,34.5415,2.91887,4.58553,49.99,0600:05:09,1,08
19:28:57,0.13608,220.10,0.40336,12.08762,35.29585,2.91887,4.58553,49.99,0600:05:10,1,08
19:28:58,0.13425,220.10,0.3988,11.78849,34.42239,2.91887,4.58553,50.00,0600:05:11,1,08
19:29:00,0.13419,219.80,0.4,11.80208,34.46209,2.91887,4.58563,49.99,0600:05:13,1,08
19:29:04,0.13388,220.20,0.40175,11.84288,34.5812,2.91887,4.58563,50.01,0600:05:17,1,08
19:29:06,0.13369,220.20,0.4012,11.81568,34.50179,2.91887,4.58563,50.01,0600:05:20,1,08
19:29:07,0.13369,220.20,0.4012,11.81568,34.50179,2.91887,4.58563,50.01,0600:05:20,1,08
19:29:08,0.134,220.20,0.39917,11.78849,34.42239,2.91887,4.58563,50.01,0600:05:21,1,08
19:29:09,0.13381,220.00,0.39982,11.77489,34.38269,2.91887,4.58563,50.01,0600:05:22,1,08
19:29:10,0.13419,219.90,0.39954,11.78849,34.42239,2.91887,4.58563,50.01,0600:05:23,1,08
19:29:13,0.13504,219.90,0.39707,11.80208,34.46209,2.91887,4.58563,50.03,0600:05:26,1,08
19:29:15,0.13443,220.00,0.39844,11.78849,34.42239,2.91887,4.58563,50.04,0600:05:28,1,08
19:29:17,0.13431,220.00,0.3988,11.78849,34.42239,2.91887,4.58563,50.04,0600:05:31,1,08
19:29:18,0.13425,220.00,0.39972,11.81568,34.50179,2.91887,4.58563,50.04,0600:05:32,1,08
19:29:19,0.13425,220.00,0.39972,11.81568,34.50179,2.91887,4.58563,50.04,0600:05:32,1,08
19:29:20,0.13394,220.00,0.39945,11.77489,34.38269,2.91887,4.58573,50.03,0600:05:33,1,08
19:29:21,0.13407,220.10,0.39954,11.78849,34.42239,2.91887,4.58573,50.03,0600:05:34,1,08
19:29:22,0.13388,220.00,0.40037,11.80208,34.46209,2.91887,4.58573,50.03,0600:05:36,1,08
19:29:23,0.13381,220.10,0.40074,11.80208,34.46209,2.91887,4.58573,50.03,0600:05:37,1,08
19:29:24,0.13363,220.20,0.40065,11.78849,34.42239,2.91898,4.58573,50.03,0600:05:38,1,08
19:29:26,0.13351,220.10,0.40102,11.78849,34.42239,2.91898,4.58573,50.03,0600:05:38,1,08
19:29:28,0.13351,220.20,0.40148,11.80208,34.46209,2.91898,4.58573,50.03,0600:05:40,1,08
19:29:30,0.13407,220.10,0.39917,11.78849,34.42239,2.91898,4.58573,50.01,0600:05:43,1,08
19:29:31,0.13345,220.10,0.40102,11.78849,34.42239,2.91898,4.58573,50.03,0600:05:44,1,08
19:29:32,0.13419,220.00,0.39963,11.80208,34.46209,2.91898,4.58573,50.03,0600:05:44,1,08
19:29:34,0.13419,220.00,0.39963,11.80208,34.46209,2.91898,4.58573,50.01,0600:05:47,1,08
19:29:37,0.134,219.80,0.40037,11.80208,34.46209,2.91898,4.58573,50.00,0600:05:50,1,08
19:29:39,0.13363,219.70,0.40139,11.78849,34.42239,2.91898,4.58573,50.00,0600:05:51,1,08
19:29:41,0.13449,219.80,0.39926,11.80208,34.46209,2.91898,4.58583,50.00,0600:05:54,1,08
19:29:42,0.13455,219.50,0.3988,11.78849,34.42239,2.91898,4.58583,50.00,0600:05:55,1,08
19:29:43,0.13376,219.50,0.40139,11.78849,34.42239,2.91898,4.58583,50.00,0600:05:55,1,08
19:29:47,0.13425,219.30,0.40074,11.80208,34.46209,2.91898,4.58583,49.99,0600:06:00,1,08
19:29:48,0.13369,219.50,0.40176,11.78849,34.42239,2.91898,4.58583,49.99,0600:06:01,1,08
19:29:50,0.13345,219.60,0.40213,11.78849,34.42239,2.91898,4.58583,50.00,0600:06:02,1,08
19:29:53,0.13326,219.70,0.40251,11.78849,34.42239,2.91898,4.58583,49.99,0600:06:06,1,08
19:29:56,0.13468,219.50,0.3989,11.80208,34.46209,2.91908,4.58583,49.99,0600:06:09,1,08
19:29:57,0.13363,219.60,0.40185,11.80208,34.46209,2.91908,4.58583,49.97,0600:06:10,1,08
19:29:58,0.1332,219.70,0.40344,11.81568,34.50179,2.91908,4.58583,49.97,0600:06:11,1,08
19:30:00,0.13584,219.60,0.40437,12.07402,35.25615,2.91908,4.58583,49.99,0600:06:13,1,08
19:30:04,0.13369,219.40,0.40176,11.78849,34.42239,2.91908,4.58593,49.97,0600:06:17,1,08
19:30:07,0.13345,218.90,0.4014,11.7341,34.26358,2.91908,4.58593,49.99,0600:06:20,1,08
19:30:08,0.13332,218.90,0.4027,11.7613,34.34298,2.91908,4.58593,49.99,0600:06:21,1,08
19:30:09,0.13326,219.10,0.40223,11.7477,34.30328,2.91908,4.58593,49.99,0600:06:22,1,08
19:30:10,0.13437,219.20,0.4012,11.81568,34.50179,2.91908,4.58593,49.99,0600:06:23,1,08
19:30:12,0.13486,219.40,0.4022,11.91086,34.77971,2.91908,4.58593,49.99,0600:06:25,1,08
19:30:15,0.13468,219.80,0.39853,11.80208,34.46209,2.91908,4.58593,50.00,0600:06:28,1,08
19:30:16,0.13425,219.80,0.39954,11.78849,34.42239,2.91908,4.58593,50.00,0600:06:29,1,08
19:30:17,0.13431,219.70,0.39917,11.78849,34.42239,2.91908,4.58593,50.00,0600:06:30,1,08
19:30:18,0.13608,219.60,0.40036,11.96525,34.93852,2.91908,4.58593,50.01,0600:06:31,1,08
19:30:20,0.13474,219.40,0.39834,11.77489,34.38269,2.91908,4.58593,50.01,0600:06:33,1,08
19:30:21,0.13468,219.40,0.39926,11.80208,34.46209,2.91908,4.58593,50.03,0600:06:34,1,08
19:30:23,0.13455,219.40,0.39963,11.80208,34.46209,2.91908,4.58603,50.01,0600:06:36,1,08
19:30:26,0.13511,219.20,0.39908,11.82928,34.5415,2.91908,4.58603,50.01,0600:06:39,1,08
19:30:29,0.13553,219.30,0.3958,11.77489,34.38269,2.91918,4.58603,50.00,0600:06:42,1,08
19:30:32,0.13511,219.10,0.39715,11.7613,34.34298,2.91918,4.58603,50.01,0600:06:45,1,08
19:30:33,0.13492,219.10,0.39844,11.78849,34.42239,2.91918,4.58603,50.01,0600:06:46,1,08
19:30:34,0.13547,219.10,0.39698,11.78849,34.42239,2.91918,4.58603,50.01,0600:06:47,1,08
19:30:36,0.13559,219.20,0.39616,11.77489,34.38269,2.91918,4.58603,50.03,0600:06:49,1,08
19:30:38,0.13626,219.10,0.39445,11.78849,34.42239,2.91918,4.58603,50.03,0600:06:51,1,08
19:30:39,0.13807,219.10,0.39802,12.04683,35.17673,2.91918,4.58603,50.01,0600:06:52,1,08
19:30:42,0.13632,219.40,0.39409,11.78849,34.42239,2.91918,4.58613,50.01,0600:06:55,1,08
19:30:43,0.13632,219.40,0.39409,11.78849,34.42239,2.91918,4.58613,50.01,0600:06:56,1,08
19:30:44,0.13559,219.40,0.39671,11.80208,34.46209,2.91918,4.58613,50.01,0600:06:57,1,08
19:30:47,0.13504,219.60,0.3978,11.80208,34.46209,2.91918,4.58613,50.01,0600:07:00,1,08
19:30:50,0.13504,219.70,0.39744,11.80208,34.46209,2.91918,4.58613,50.00,0600:07:03,1,08
19:30:52,0.13504,219.90,0.39835,11.82928,34.5415,2.91918,4.58613,50.00,0600:07:05,1,08
19:30:53,0.13529,219.90,0.39635,11.80208,34.46209,2.91918,4.58613,50.00,0600:07:06,1,08
19:30:54,0.13517,219.80,0.39753,11.81568,34.50179,2.91918,4.58613,50.01,0600:07:07,1,08
19:30:59,0.13638,219.70,0.39347,11.80208,34.46209,2.91928,4.58613,50.01,0600:07:12,1,08
19:31:00,0.13529,219.70,0.3958,11.77489,34.38269,2.91928,4.58613,50.01,0600:07:13,1,08
19:31:02,0.13565,219.60,0.39553,11.78849,34.42239,2.91928,4.58623,50.00,0600:07:15,1,08
19:31:03,0.13788,219.50,0.39937,12.08762,35.29585,2.91928,4.58623,50.00,0600:07:16,1,08
19:31:07,0.1359,219.70,0.39526,11.80208,34.46209,2.91928,4.58623,49.99,0600:07:21,1,08
19:31:09,0.13522,219.90,0.39717,11.81568,34.50179,2.91928,4.58623,50.01,0600:07:22,1,08
19:31:13,0.13595,219.60,0.39581,11.82928,34.5415,2.91928,4.58623,50.01,0600:07:27,1,08
19:31:17,0.13461,219.90,0.39899,11.81568,34.50179,2.91928,4.58623,50.00,0600:07:30,1,08
19:31:18,0.13455,219.90,0.39844,11.78849,34.42239,2.91928,4.58623,50.00,0600:07:32,1,08
19:31:21,0.13455,219.80,0.39844,11.78849,34.42239,2.91928,4.58623,50.00,0600:07:34,1,08
19:31:24,0.13407,219.90,0.40037,11.80208,34.46209,2.91928,4.58633,50.00,0600:07:36,1,08
19:31:26,0.13468,219.90,0.39862,11.81568,34.50179,2.91928,4.58633,50.00,0600:07:39,1,08
19:31:28,0.13504,220.00,0.39707,11.80208,34.46209,2.91938,4.58633,50.00,0600:07:40,1,08
19:31:29,0.13486,219.90,0.39734,11.78849,34.42239,2.91938,4.58633,50.00,0600:07:41,1,08
19:31:34,0.13449,220.00,0.39853,11.80208,34.46209,2.91938,4.58633,50.01,0600:07:46,1,08
19:31:35,0.13394,220.00,0.39945,11.77489,34.38269,2.91938,4.58633,50.00,0600:07:47,1,08
19:31:37,0.13529,220.10,0.39599,11.80208,34.46209,2.91938,4.58633,50.01,0600:07:50,1,08
19:31:39,0.13437,220.10,0.39798,11.77489,34.38269,2.91938,4.58633,50.01,0600:07:51,1,08
19:31:40,0.13449,220.00,0.39853,11.80208,34.46209,2.91938,4.58633,50.01,0600:07:52,1,08
19:31:41,0.13474,220.00,0.39679,11.7613,34.34298,2.91938,4.58633,50.01,0600:07:54,1,08
19:31:47,0.13486,219.90,0.39688,11.77489,34.38269,2.91938,4.58644,50.01,0600:08:00,1,08
19:31:48,0.13474,219.80,0.39817,11.80208,34.46209,2.91938,4.58644,50.01,0600:08:01,1,08
19:31:49,0.13425,219.80,0.39917,11.78849,34.42239,2.91938,4.58644,49.99,0600:08:02,1,08
19:31:50,0.13443,219.90,0.39844,11.78849,34.42239,2.91938,4.58644,49.99,0600:08:03,1,08
19:31:51,0.13455,219.90,0.39807,11.78849,34.42239,2.91938,4.58644,50.00,0600:08:03,1,08
19:31:52,0.13407,220.00,0.40046,11.81568,34.50179,2.91938,4.58644,50.00,0600:08:05,1,08
19:31:53,0.13394,220.00,0.40037,11.80208,34.46209,2.91938,4.58644,49.99,0600:08:06,1,08
19:31:55,0.13307,220.10,0.40344,11.81568,34.50179,2.91938,4.58644,50.00,0600:08:08,1,08
19:31:57,0.13288,220.00,0.40335,11.80208,34.46209,2.91938,4.58644,50.00,0600:08:09,1,08
19:32:00,0.13357,219.90,0.40185,11.80208,34.46209,2.91948,4.58644,49.99,0600:08:13,1,08
19:32:02,0.13376,219.90,0.40111,11.80208,34.46209,2.91948,4.58644,49.99,0600:08:15,1,08
19:32:03,0.13288,219.90,0.40372,11.80208,34.46209,2.91948,4.58644,49.99,0600:08:16,1,08
19:32:04,0.13332,219.90,0.40176,11.78849,34.42239,2.91948,4.58654,49.99,0600:08:17,1,08
19:32:05,0.13425,220.00,0.39825,11.7613,34.34298,2.91948,4.58654,49.96,0600:08:18,1,08
19:32:07,0.134,220.10,0.40138,11.84288,34.5812,2.91948,4.58654,49.97,0600:08:20,1,08
19:32:09,0.134,219.90,0.40037,11.80208,34.46209,2.91948,4.58654,49.97,0600:08:22,1,08
19:32:11,0.13425,220.00,0.39963,11.80208,34.46209,2.91948,4.58654,49.99,0600:08:24,1,08
19:32:12,0.13449,220.10,0.4022,11.91086,34.77971,2.91948,4.58654,49.99,0600:08:25,1,08
19:32:14,0.134,220.00,0.39954,11.78849,34.42239,2.91948,4.58654,49.97,0600:08:27,1,08
19:32:15,0.13369,220.10,0.40111,11.80208,34.46209,2.91948,4.58654,49.97,0600:08:28,1,08
19:32:17,0.13338,220.20,0.40102,11.78849,34.42239,2.91948,4.58654,49.97,0600:08:30,1,08
19:32:21,0.16362,220.20,0.46189,16.64257,48.59631,2.91948,4.58654,49.99,0600:08:34,1,08
19:32:22,0.15325,220.10,0.43956,14.83419,43.31583,2.91948,4.58654,49.99,0600:08:35,1,08
19:32:26,0.13759,219.90,0.40611,12.29157,35.89139,2.91948,4.58664,50.00,0600:08:39,1,08
19:32:27,0.13759,219.90,0.40611,12.29157,35.89139,2.91948,4.58664,50.00,0600:08:40,1,08
19:32:29,0.1348,219.80,0.39771,11.78849,34.42239,2.91958,4.58664,49.99,0600:08:42,1,08
19:32:30,0.13565,219.90,0.40209,12.00604,35.05763,2.91958,4.58664,49.99,0600:08:43,1,08
19:32:31,0.13381,219.80,0.40111,11.80208,34.46209,2.91958,4.58664,49.99,0600:08:44,1,08
19:32:32,0.13381,219.80,0.40111,11.80208,34.46209,2.91958,4.58664,49.99,0600:08:45,1,08
19:32:33,0.13412,219.90,0.40092,11.82928,34.5415,2.91958,4.58664,50.00,0600:08:46,1,08
19:32:37,0.13437,219.90,0.39926,11.80208,34.46209,2.91958,4.58664,50.00,0600:08:50,1,08
19:32:39,0.13431,219.90,0.40018,11.82928,34.5415,2.91958,4.58664,50.00,0600:08:52,1,08
19:32:40,0.13357,220.20,0.40018,11.77489,34.38269,2.91958,4.58664,50.00,0600:08:53,1,08
19:32:43,0.13431,220.10,0.3989,11.80208,34.46209,2.91958,4.58664,50.01,0600:08:56,1,08
19:32:44,0.13431,220.10,0.3989,11.80208,34.46209,2.91958,4.58674,50.01,0600:08:57,1,08
19:32:45,0.13461,220.10,0.39817,11.80208,34.46209,2.91958,4.58674,50.03,0600:08:58,1,08
19:32:46,0.13431,220.10,0.3989,11.80208,34.46209,2.91958,4.58674,50.01,0600:08:59,1,08
19:32:49,0.13492,219.90,0.39698,11.78849,34.42239,2.91958,4.58674,50.04,0600:09:02,1,08
19:32:50,0.13492,219.90,0.39698,11.78849,34.42239,2.91958,4.58674,50.04,0600:09:03,1,08
19:32:51,0.13517,219.80,0.39707,11.80208,34.46209,2.91958,4.58674,50.04,0600:09:04,1,08
19:32:52,0.13602,219.80,0.39455,11.80208,34.46209,2.91958,4.58674,50.04,0600:09:05,1,08
19:32:55,0.1359,219.70,0.39526,11.80208,34.46209,2.91958,4.58674,50.04,0600:09:08,1,08
19:32:57,0.13517,219.60,0.39698,11.78849,34.42239,2.91958,4.58674,50.04,0600:09:10,1,08
19:32:58,0.13535,219.60,0.39707,11.80208,34.46209,2.91968,4.58674,50.03,0600:09:11,1,08
19:32:59,0.13492,219.80,0.39826,11.81568,34.50179,2.91968,4.58674,50.03,0600:09:12,1,08
19:33:00,0.13517,219.80,0.39799,11.82928,34.5415,2.91968,4.58674,50.03,0600:09:13,1,08
19:33:01,0.13517,219.80,0.39753,11.81568,34.50179,2.91968,4.58674,50.03,0600:09:14,1,08
19:33:03,0.13498,219.80,0.39789,11.81568,34.50179,2.91968,4.58674,50.03,0600:09:16,1,08
19:33:04,0.13498,219.50,0.39725,11.77489,34.38269,2.91968,4.58684,50.03,0600:09:17,1,08
19:33:05,0.13492,219.50,0.39862,11.81568,34.50179,2.91968,4.58684,50.03,0600:09:18,1,08
19:33:06,0.13541,219.60,0.39899,11.87007,34.6606,2.91968,4.58684,50.03,0600:09:19,1,08
19:33:07,0.13541,219.60,0.39899,11.87007,34.6606,2.91968,4.58684,50.03,0600:09:20,1,08
19:33:09,0.13771,219.80,0.40126,12.1556,35.49436,2.91968,4.58684,50.03,0600:09:22,1,08
19:33:11,0.18851,220.00,0.47837,19.85143,57.96619,2.91968,4.58684,50.03,0600:09:24,1,08
19:33:14,0.15943,220.00,0.445,15.62281,45.6186,2.91968,4.58684,50.03,0600:09:27,1,08
19:33:15,0.16427,220.10,0.45752,16.54739,48.31839,2.91968,4.58684,50.03,0600:09:28,1,08
19:33:16,0.15994,220.00,0.4444,15.65,45.698,2.91968,4.58684,50.03,0600:09:29,1,08
19:33:17,0.13468,220.30,0.39826,11.81568,34.50179,2.91968,4.58684,50.03,0600:09:30,1,08
19:33:18,0.13662,220.30,0.40154,12.08762,35.29585,2.91968,4.58684,50.01,0600:09:32,1,08
19:33:20,0.13498,220.20,0.39671,11.80208,34.46209,2.91968,4.58684,50.03,0600:09:33,1,08
19:33:21,0.13717,220.30,0.39928,12.07402,35.25615,2.91968,4.58684,50.03,0600:09:34,1,08
19:33:22,0.13896,220.20,0.40497,12.40035,36.20901,2.91968,4.58684,50.03,0600:09:35,1,08
19:33:23,0.13896,220.00,0.40267,12.31877,35.9708,2.91968,4.58694,50.03,0600:09:37,1,08
19:33:26,0.13788,220.00,0.40143,12.1828,35.57377,2.91968,4.58694,50.01,0600:09:38,1,08
19:33:27,0.13902,219.90,0.39911,12.20999,35.65317,2.91979,4.58694,50.01,0600:09:39,1,08
19:33:29,0.13644,220.00,0.40127,12.04683,35.17673,2.91979,4.58694,50.00,0600:09:41,1,08
19:33:30,0.13902,220.10,0.4032,12.34596,36.05021,2.91979,4.58694,50.00,0600:09:43,1,08
19:33:31,0.1368,220.20,0.40072,12.07402,35.25615,2.91979,4.58694,50.01,0600:09:43,1,08
19:33:32,0.13729,220.10,0.39829,12.03323,35.13704,2.91979,4.58694,50.01,0600:09:44,1,08
19:33:37,0.13376,220.20,0.39899,11.7613,34.34298,2.91979,4.58694,50.00,0600:09:49,1,08
19:33:39,0.13376,220.30,0.40037,11.80208,34.46209,2.91979,4.58694,49.99,0600:09:51,1,08
19:33:45,0.13626,220.60,0.39195,11.78849,34.42239,2.91979,4.58704,50.01,0600:09:57,1,08
19:33:47,0.13687,220.50,0.39324,11.87007,34.6606,2.91979,4.58704,50.03,0600:10:00,1,08
19:33:48,0.1362,220.40,0.39312,11.80208,34.46209,2.91979,4.58704,50.03,0600:10:01,1,08
19:33:50,0.13644,220.30,0.39241,11.80208,34.46209,2.91979,4.58704,50.03,0600:10:02,1,08
19:33:51,0.13662,220.30,0.39205,11.80208,34.46209,2.91979,4.58704,50.03,0600:10:03,1,08
19:33:54,0.13657,220.40,0.39386,11.85647,34.6209,2.91979,4.58704,50.04,0600:10:07,1,08
19:33:55,0.13674,220.40,0.39134,11.80208,34.46209,2.91979,4.58704,50.04,0600:10:07,1,08
19:33:57,0.13687,220.10,0.39134,11.80208,34.46209,2.91989,4.58704,50.04,0600:10:10,1,08
19:34:00,0.13674,220.00,0.3916,11.78849,34.42239,2.91989,4.58704,50.04,0600:10:13,1,08
19:34:01,0.13741,219.90,0.39029,11.80208,34.46209,2.91989,4.58704,50.04,0600:10:13,1,08
19:34:02,0.13741,219.80,0.38974,11.77489,34.38269,2.91989,4.58704,50.04,0600:10:14,1,08
19:34:05,0.13741,220.00,0.39029,11.80208,34.46209,2.91989,4.58714,50.03,0600:10:18,1,08
19:34:08,0.13704,220.00,0.39134,11.80208,34.46209,2.91989,4.58714,50.04,0600:10:21,1,08
19:34:12,0.13943,219.80,0.39805,12.20999,35.65317,2.91989,4.58714,50.01,0600:10:25,1,08
19:34:13,0.13668,219.60,0.39447,11.84288,34.5812,2.91989,4.58714,50.01,0600:10:25,1,08
19:34:14,0.13644,219.60,0.39383,11.80208,34.46209,2.91989,4.58714,50.01,0600:10:27,1,08
19:34:15,0.13657,219.60,0.39312,11.80208,34.46209,2.91989,4.58714,50.01,0600:10:28,1,08
19:34:16,0.1365,219.70,0.39393,11.81568,34.50179,2.91989,4.58714,49.99,0600:10:29,1,08
19:34:18,0.13626,220.00,0.39483,11.84288,34.5812,2.91989,4.58714,50.01,0600:10:31,1,08
19:34:19,0.13626,220.00,0.39483,11.84288,34.5812,2.91989,4.58714,50.01,0600:10:32,1,08
19:34:20,0.13614,220.00,0.39428,11.81568,34.50179,2.91989,4.58714,50.01,0600:10:33,1,08
19:34:22,0.13602,220.00,0.39464,11.81568,34.50179,2.91989,4.58714,49.99,0600:10:35,1,08
19:34:23,0.13614,220.10,0.39292,11.77489,34.38269,2.91989,4.58714,49.99,0600:10:36,1,08
19:34:24,0.13687,220.10,0.3917,11.80208,34.46209,2.91989,4.58724,49.99,0600:10:37,1,08
19:34:25,0.13687,220.10,0.3917,11.80208,34.46209,2.91989,4.58724,49.99,0600:10:38,1,08
19:34:29,0.13644,220.20,0.39276,11.80208,34.46209,2.91999,4.58724,49.97,0600:10:42,1,08
19:34:30,0.13674,220.20,0.3926,11.82928,34.5415,2.91999,4.58724,49.97,0600:10:43,1,08
19:34:31,0.13674,220.20,0.3926,11.82928,34.5415,2.91999,4.58724,49.97,0600:10:44,1,08
19:34:35,0.13662,219.80,0.39367,11.82928,34.5415,2.91999,4.58724,49.99,0600:10:48,1,08
19:34:40,0.13662,219.90,0.39276,11.80208,34.46209,2.91999,4.58724,50.00,0600:10:53,1,08
19:34:41,0.13674,219.80,0.39195,11.78849,34.42239,2.91999,4.58724,50.00,0600:10:54,1,08
19:34:42,0.13704,219.70,0.3917,11.80208,34.46209,2.91999,4.58724,50.00,0600:10:55,1,08
19:34:43,0.13704,219.70,0.3917,11.80208,34.46209,2.91999,4.58724,50.00,0600:10:56,1,08
19:34:44,0.13711,219.70,0.3917,11.80208,34.46209,2.91999,4.58735,50.00,0600:10:57,1,08
19:34:45,0.13614,219.80,0.39419,11.80208,34.46209,2.91999,4.58735,50.00,0600:10:58,1,08
19:34:46,0.13632,219.90,0.39347,11.80208,34.46209,2.91999,4.58735,49.99,0600:10:59,1,08
19:34:47,0.13717,219.80,0.39179,11.81568,34.50179,2.91999,4.58735,49.99,0600:11:00,1,08
19:34:48,0.1368,219.70,0.39195,11.78849,34.42239,2.91999,4.58735,50.00,0600:11:01,1,08
19:34:49,0.1368,219.70,0.39195,11.78849,34.42239,2.91999,4.58735,50.00,0600:11:02,1,08
19:34:51,0.13711,219.80,0.39134,11.80208,34.46209,2.91999,4.58735,50.00,0600:11:04,1,08
19:34:55,0.13722,219.60,0.39089,11.78849,34.42239,2.91999,4.58735,49.99,0600:11:08,1,08
19:34:57,0.13746,219.50,0.39144,11.81568,34.50179,2.91999,4.58735,50.00,0600:11:10,1,08
19:35:01,0.13692,219.50,0.3915,11.77489,34.38269,2.92009,4.58735,50.00,0600:11:14,1,08
19:35:02,0.1362,219.40,0.39445,11.78849,34.42239,2.92009,4.58735,50.01,0600:11:15,1,08
19:35:03,0.13644,219.40,0.39419,11.80208,34.46209,2.92009,4.58745,50.01,0600:11:16,1,08
19:35:07,0.1365,219.10,0.39455,11.80208,34.46209,2.92009,4.58745,50.03,0600:11:20,1,08
19:35:08,0.13602,219.20,0.39562,11.80208,34.46209,2.92009,4.58745,50.01,0600:11:21,1,08
19:35:11,0.13662,219.10,0.396,11.85647,34.6209,2.92009,4.58745,50.01,0600:11:24,1,08
19:35:13,0.13577,218.90,0.39661,11.78849,34.42239,2.92009,4.58745,50.03,0600:11:26,1,08
19:35:16,0.1362,219.30,0.39399,11.77489,34.38269,2.92009,4.58745,50.03,0600:11:29,1,08
19:35:17,0.13614,219.50,0.39445,11.78849,34.42239,2.92009,4.58745,50.03,0600:11:30,1,08
19:35:18,0.13614,219.40,0.39445,11.78849,34.42239,2.92009,4.58745,50.01,0600:11:31,1,08
19:35:19,0.13662,219.30,0.39338,11.78849,34.42239,2.92009,4.58745,50.01,0600:11:32,1,08
19:35:20,0.13644,219.30,0.39419,11.80208,34.46209,2.92009,4.58745,50.00,0600:11:33,1,08
19:35:22,0.13668,219.40,0.39438,11.82928,34.5415,2.92009,4.58745,50.00,0600:11:34,1,08
19:35:28,0.13608,219.70,0.39455,11.80208,34.46209,2.92009,4.58755,49.99,0600:11:40,1,08
19:35:30,0.1365,219.60,0.39393,11.81568,34.50179,2.92019,4.58755,49.99,0600:11:42,1,08
19:35:31,0.13565,219.50,0.39553,11.78849,34.42239,2.92019,4.58755,49.99,0600:11:43,1,08
19:35:32,0.13602,219.40,0.39481,11.78849,34.42239,2.92019,4.58755,49.99,0600:11:44,1,08
19:35:34,0.1365,219.30,0.3951,11.82928,34.5415,2.92019,4.58755,49.97,0600:11:46,1,08
19:35:37,0.13295,219.00,0.40289,11.7341,34.26358,2.92019,4.58755,49.99,0600:11:49,1,08
19:35:38,0.13295,218.80,0.4028,11.7205,34.22387,2.92019,4.58755,49.99,0600:11:50,1,08
19:35:39,0.13357,218.70,0.40372,11.80208,34.46209,2.92019,4.58755,49.99,0600:11:51,1,08
19:35:41,0.14032,218.80,0.41098,12.6179,36.84426,2.92019,4.58755,49.99,0600:11:54,1,08
19:35:44,0.18947,219.30,0.47809,19.87863,58.04559,2.92019,4.58765,49.97,0600:11:56,1,08
19:35:45,0.182,219.10,0.46864,18.6957,54.59145,2.92019,4.58765,49.97,0600:11:57,1,08
19:35:46,0.18483,219.00,0.46608,18.87246,55.10758,2.92019,4.58765,49.97,0600:11:58,1,08
19:35:47,0.18264,219.00,0.47113,18.85886,55.06787,2.92019,4.58765,49.96,0600:12:00,1,08
19:35:48,0.1799,219.00,0.46862,18.47815,53.9562,2.92019,4.58765,49.96,0600:12:01,1,08
19:35:49,0.17856,219.00,0.46664,18.2606,53.32095,2.92019,4.58765,49.96,0600:12:01,1,08
19:35:50,0.17824,219.00,0.46657,18.21981,53.20185,2.92019,4.58765,49.96,0600:12:02,1,08
19:35:52,0.18417,219.50,0.4768,19.28037,56.29867,2.92019,4.58765,49.99,0600:12:05,1,08
19:35:53,0.18286,219.60,0.47326,19.00843,55.50461,2.92029,4.58765,49.97,0600:12:06,1,08
19:35:54,0.18582,219.90,0.4764,19.48432,56.89421,2.92029,4.58765,49.99,0600:12:07,1,08
19:35:58,0.231,220.10,0.49091,24.97745,72.93417,2.92029,4.58765,49.99,0600:12:11,1,08
19:36:00,0.23312,220.40,0.49286,25.33097,73.96645,2.92029,4.58775,49.99,0600:12:13,1,08
19:36:03,0.24011,220.20,0.49589,26.24196,76.62653,2.92029,4.58775,49.99,0600:12:15,1,08
19:36:06,0.2425,220.20,0.49338,26.36434,76.98386,2.92029,4.58775,50.00,0600:12:19,1,08
19:36:10,0.24372,220.20,0.49671,26.67706,77.89703,2.9204,4.58775,50.01,0600:12:23,1,08
19:36:11,0.24107,220.30,0.49693,26.40512,77.10297,2.9204,4.58775,50.01,0600:12:24,1,08
19:36:13,0.2448,220.30,0.49547,26.74505,78.09554,2.9204,4.58775,50.01,0600:12:25,1,08
19:36:16,0.24971,220.20,0.50198,27.62885,80.67623,2.9204,4.58785,50.03,0600:12:29,1,08
19:36:17,0.25079,220.20,0.5,27.64244,80.71593,2.9204,4.58785,50.03,0600:12:30,1,08
19:36:20,0.25214,220.30,0.49633,27.60165,80.59682,2.9204,4.58785,50.05,0600:12:33,1,08
19:36:22,0.2501,220.40,0.49901,27.52007,80.3586,2.9205,4.58785,50.05,0600:12:35,1,08
19:36:23,0.25,220.10,0.49753,27.3977,80.00127,2.9205,4.58785,50.05,0600:12:36,1,08
19:36:24,0.25279,220.00,0.49731,27.68323,80.83504,2.9205,4.58785,50.04,0600:12:37,1,08
19:36:25,0.25279,220.00,0.49731,27.68323,80.83504,2.9205,4.58785,50.04,0600:12:38,1,08
19:36:30,0.25247,220.40,0.49976,27.8328,81.27177,2.9205,4.58795,50.04,0600:12:43,1,08
19:36:31,0.25247,220.40,0.49976,27.8328,81.27177,2.9205,4.58795,50.04,0600:12:44,1,08
19:36:33,0.25387,220.40,0.5,27.99596,81.74821,2.9205,4.58795,50.05,0600:12:46,1,08
19:36:34,0.25093,220.50,0.49951,27.65604,80.75563,2.9206,4.58795,50.03,0600:12:47,1,08
19:36:35,0.25565,220.40,0.49759,28.06395,81.94672,2.9206,4.58795,50.03,0600:12:48,1,08
19:36:36,0.2525,220.50,0.49902,27.8056,81.19236,2.9206,4.58795,50.04,0600:12:49,1,08
19:36:37,0.2525,220.50,0.49902,27.8056,81.19236,2.9206,4.58795,50.04,0600:12:50,1,08
19:36:40,0.26587,220.70,0.5037,29.58679,86.39344,2.9206,4.58806,50.04,0600:12:53,1,08
19:36:44,0.26742,220.70,0.50253,29.68197,86.67136,2.9206,4.58806,50.04,0600:12:57,1,08
19:36:46,0.26522,220.70,0.50418,29.53241,86.23463,2.9206,4.58806,50.03,0600:12:59,1,08
19:36:49,0.26677,220.60,0.50439,29.69557,86.71105,2.9207,4.58806,50.04,0600:13:02,1,08
19:36:51,0.27131,220.60,0.51021,30.56577,89.25204,2.9207,4.58806,50.03,0600:13:04,1,08
19:36:54,0.27917,220.60,0.51412,31.69431,92.54739,2.9207,4.58816,50.01,0600:13:07,1,08
19:36:55,0.28467,220.60,0.51536,32.38775,94.57223,2.9207,4.58816,50.01,0600:13:08,1,08
19:36:57,0.28505,220.60,0.51361,32.31977,94.37373,2.9207,4.58816,50.01,0600:13:10,1,08
19:36:58,0.28761,220.50,0.5135,32.5917,95.16777,2.9208,4.58816,50.01,0600:13:11,1,08
19:36:59,0.28672,220.50,0.51461,32.56451,95.08837,2.9208,4.58816,50.01,0600:13:12,1,08
19:37:01,0.28362,220.60,0.51412,32.18379,93.97668,2.9208,4.58816,50.00,0600:13:14,1,08
19:37:02,0.28799,220.50,0.51498,32.72767,95.5648,2.9208,4.58816,50.00,0600:13:15,1,08
19:37:03,0.31027,220.70,0.52044,35.6646,104.14062,2.9208,4.58816,50.00,0600:13:16,1,08
19:37:04,0.32768,220.60,0.52782,38.18002,111.48565,2.9208,4.58827,49.99,0600:13:17,1,08
19:37:06,0.3246,220.50,0.5281,37.8129,110.41368,2.9208,4.58827,50.00,0600:13:19,1,08
19:37:08,0.32048,220.40,0.52943,37.41859,109.26229,2.9208,4.58827,50.00,0600:13:21,1,08
19:37:12,0.32017,220.90,0.52497,37.16026,108.50795,2.9209,4.58827,50.01,0600:13:25,1,08
19:37:13,0.32107,220.90,0.52566,37.32341,108.98438,2.9209,4.58827,50.01,0600:13:26,1,08
19:37:14,0.31849,220.90,0.52664,37.09227,108.30942,2.9209,4.58827,50.01,0600:13:27,1,08
19:37:17,0.32081,220.80,0.52992,37.56816,109.69904,2.9209,4.58837,50.03,0600:13:30,1,08
19:37:20,0.32143,220.50,0.52933,37.54097,109.61962,2.92101,4.58837,50.03,0600:13:32,1,08
19:37:22,0.32135,220.50,0.5278,37.43219,109.30199,2.92101,4.58837,50.03,0600:13:34,1,08
19:37:23,0.32424,220.50,0.52832,37.79931,110.37399,2.92101,4.58837,50.04,0600:13:35,1,08
19:37:24,0.32678,220.50,0.52923,38.15282,111.40625,2.92101,4.58837,50.04,0600:13:36,1,08
19:37:28,0.32736,220.60,0.52879,38.20721,111.56506,2.92101,4.58847,50.03,0600:13:40,1,08
19:37:31,0.32541,220.30,0.53069,38.08484,111.20773,2.92111,4.58847,50.05,0600:13:43,1,08
19:37:34,0.32569,220.20,0.53088,38.09843,111.24743,2.92111,4.58847,50.04,0600:13:46,1,08
19:37:36,0.32592,220.00,0.53221,38.19361,111.52534,2.92111,4.58847,50.05,0600:13:48,1,08
19:37:37,0.32356,220.00,0.53111,37.8401,110.49308,2.92111,4.58847,50.04,0600:13:49,1,08
19:37:38,0.32533,220.00,0.53094,38.03045,111.04893,2.92111,4.58857,50.04,0600:13:50,1,08
19:37:40,0.32498,220.00,0.53193,38.05765,111.12833,2.92122,4.58857,50.04,0600:13:52,1,08
19:37:42,0.32268,220.00,0.53197,37.78571,110.33427,2.92122,4.58857,50.05,0600:13:55,1,08
19:37:44,0.32531,219.70,0.53364,38.18002,111.48565,2.92122,4.58857,50.04,0600:13:56,1,08
19:37:45,0.32501,219.90,0.53346,38.15282,111.40625,2.92122,4.58857,50.04,0600:13:57,1,08
19:37:48,0.32325,220.20,0.53225,37.92168,110.7313,2.92122,4.58857,50.04,0600:14:01,1,08
19:37:49,0.32388,220.00,0.53242,37.96247,110.85041,2.92132,4.58868,50.04,0600:14:01,1,08
19:37:55,0.20988,220.50,0.48121,22.28527,65.073,2.92132,4.58868,50.01,0600:14:08,1,08
19:37:57,0.18736,220.60,0.47666,19.71547,57.56916,2.92132,4.58868,50.00,0600:14:09,1,08
19:37:58,0.17431,220.80,0.47316,18.21981,53.20185,2.92132,4.58868,50.00,0600:14:11,1,08
19:37:59,0.1725,220.90,0.47468,18.09744,52.84452,2.92132,4.58868,50.00,0600:14:12,1,08
19:38:00,0.17265,220.80,0.47256,18.02945,52.646,2.92132,4.58868,49.99,0600:14:13,1,08
19:38:01,0.17473,220.80,0.475,18.34218,53.55917,2.92132,4.58868,49.99,0600:14:14,1,08
19:38:03,0.17288,220.80,0.47224,18.04305,52.6857,2.92142,4.58878,49.99,0600:14:15,1,08
19:38:04,0.1745,220.70,0.4753,18.31499,53.47976,2.92142,4.58878,49.97,0600:14:17,1,08
19:38:06,0.17245,220.40,0.47498,18.07024,52.76511,2.92142,4.58878,49.96,0600:14:19,1,08
19:38:08,0.17317,220.30,0.474,18.09744,52.84452,2.92142,4.58878,49.96,0600:14:21,1,08
19:38:09,0.17317,220.30,0.474,18.09744,52.84452,2.92142,4.58878,49.96,0600:14:22,1,08
19:38:10,0.17407,220.40,0.4745,18.21981,53.20185,2.92142,4.58878,49.97,0600:14:23,1,08
19:38:12,0.17455,220.80,0.47532,18.32858,53.51946,2.92142,4.58878,49.97,0600:14:25,1,08
19:38:13,0.17572,220.80,0.47269,18.35578,53.59887,2.92142,4.58878,49.97,0600:14:26,1,08
19:38:15,0.17568,220.80,0.47514,18.45096,53.87679,2.92142,4.58878,49.99,0600:14:28,1,08
19:38:16,0.17563,220.90,0.47582,18.46455,53.91649,2.92142,4.58878,49.97,0600:14:29,1,08
19:38:22,0.17288,220.90,0.47509,18.15182,53.00333,2.92152,4.58888,50.00,0600:14:35,1,08
19:38:27,0.17336,221.10,0.47555,18.247,53.28125,2.92152,4.58888,50.01,0600:14:40,1,08
19:38:28,0.17331,221.10,0.47021,18.02945,52.646,2.92152,4.58888,50.03,0600:14:41,1,08
19:38:31,0.17403,220.90,0.47526,18.28779,53.40036,2.92152,4.58888,50.03,0600:14:44,1,08
19:38:32,0.1735,220.90,0.4695,18.00226,52.5666,2.92152,4.58888,50.04,0600:14:45,1,08
19:38:33,0.17587,220.80,0.46956,18.247,53.28125,2.92152,4.58888,50.04,0600:14:46,1,08
19:38:34,0.17269,220.70,0.47327,18.05664,52.7254,2.92152,4.58888,50.04,0600:14:47,1,08
19:38:35,0.17355,220.70,0.47445,18.17902,53.08273,2.92152,4.58888,50.04,0600:14:48,1,08
19:38:38,0.17303,220.60,0.47365,18.08384,52.80481,2.92152,4.58888,50.04,0600:14:51,1,08
19:38:39,0.17331,220.60,0.47477,18.16542,53.04303,2.92152,4.58898,50.04,0600:14:52,1,08
19:38:41,0.17331,220.50,0.47404,18.12463,52.92392,2.92162,4.58898,50.03,0600:14:54,1,08
19:38:42,0.17497,220.30,0.4732,18.247,53.28125,2.92162,4.58898,50.05,0600:14:55,1,08
19:38:43,0.17269,220.30,0.4725,17.98866,52.5269,2.92162,4.58898,50.05,0600:14:56,1,08
19:38:44,0.17422,220.30,0.47663,18.30139,53.44006,2.92162,4.58898,50.04,0600:14:57,1,08
19:38:45,0.17269,220.40,0.47252,18.00226,52.5666,2.92162,4.58898,50.04,0600:14:58,1,08
19:38:47,0.17303,220.70,0.47153,18.01586,52.6063,2.92162,4.58898,50.04,0600:15:00,1,08
19:38:48,0.17412,220.60,0.47665,18.31499,53.47976,2.92162,4.58898,50.03,0600:15:01,1,08
19:38:49,0.17265,220.60,0.47395,18.05664,52.7254,2.92162,4.58898,50.03,0600:15:02,1,08
19:38:50,0.17364,220.50,0.4748,18.19262,53.12244,2.92162,4.58898,50.04,0600:15:03,1,08
19:38:51,0.17341,220.50,0.4737,18.12463,52.92392,2.92162,4.58898,50.04,0600:15:04,1,08
19:38:52,0.17431,220.50,0.47244,18.17902,53.08273,2.92162,4.58898,50.03,0600:15:05,1,08
19:38:53,0.1735,220.60,0.47443,18.16542,53.04303,2.92162,4.58898,50.03,0600:15:06,1,08
19:38:55,0.17379,220.50,0.47163,18.08384,52.80481,2.92162,4.58898,50.04,0600:15:07,1,08
19:38:57,0.17526,220.00,0.46794,18.05664,52.7254,2.92162,4.58898,50.03,0600:15:09,1,08
19:38:59,0.17303,220.10,0.47288,18.01586,52.6063,2.92162,4.58908,50.03,0600:15:11,1,08
19:39:00,0.17572,220.30,0.47331,18.32858,53.51946,2.92162,4.58908,50.03,0600:15:12,1,08
19:39:04,0.17298,220.50,0.47434,18.09744,52.84452,2.92172,4.58908,50.03,0600:15:16,1,08
19:39:10,0.17341,220.30,0.47402,18.11103,52.88422,2.92172,4.58908,50.03,0600:15:22,1,08
19:39:11,0.17455,220.20,0.47383,18.21981,53.20185,2.92172,4.58908,50.03,0600:15:23,1,08
19:39:12,0.17587,220.30,0.46877,18.16542,53.04303,2.92172,4.58908,50.03,0600:15:24,1,08
19:39:13,0.17568,220.30,0.47261,18.30139,53.44006,2.92172,4.58908,50.03,0600:15:25,1,08
19:39:14,0.17345,220.40,0.4705,18.00226,52.5666,2.92172,4.58908,50.03,0600:15:26,1,08
19:39:15,0.17535,220.40,0.47398,18.32858,53.51946,2.92172,4.58908,50.03,0600:15:27,1,08
19:39:16,0.17379,220.40,0.47019,18.01586,52.6063,2.92172,4.58919,50.03,0600:15:28,1,08
19:39:18,0.17384,220.30,0.47161,18.07024,52.76511,2.92172,4.58919,50.01,0600:15:30,1,08
19:39:21,0.1745,220.00,0.47311,18.17902,53.08273,2.92172,4.58919,50.01,0600:15:33,1,08
19:39:23,0.17369,219.90,0.47297,18.08384,52.80481,2.92182,4.58919,50.03,0600:15:35,1,08
19:39:25,0.17326,219.80,0.47252,18.00226,52.5666,2.92182,4.58919,50.03,0600:15:38,1,08
19:39:26,0.17629,219.70,0.47263,18.31499,53.47976,2.92182,4.58919,50.03,0600:15:38,1,08
19:39:29,0.1725,219.50,0.47452,17.97507,52.48719,2.92182,4.58919,50.01,0600:15:41,1,08
19:39:33,0.17255,219.50,0.47382,17.96147,52.44749,2.92182,4.58919,50.01,0600:15:45,1,08
19:39:34,0.17464,219.50,0.4766,18.2742,53.36066,2.92182,4.58929,50.01,0600:15:46,1,08
19:39:37,0.17426,219.40,0.47584,18.20621,53.16214,2.92182,4.58929,50.01,0600:15:50,1,08
19:39:45,0.17614,219.10,0.47148,18.20621,53.16214,2.92192,4.58929,50.00,0600:15:57,1,08
19:39:48,0.13541,219.10,0.40559,12.03323,35.13704,2.92192,4.58929,49.99,0600:16:01,1,08
19:39:51,0.13425,219.00,0.40342,11.87007,34.6606,2.92192,4.58929,49.99,0600:16:03,1,08
19:39:52,0.17203,219.20,0.47837,18.04305,52.6857,2.92192,4.58939,50.00,0600:16:04,1,08
19:39:53,0.20096,219.30,0.49476,21.82298,63.72311,2.92192,4.58939,50.00,0600:16:06,1,08
19:39:55,0.24808,219.40,0.49975,27.22094,79.48514,2.92192,4.58939,49.99,0600:16:08,1,08
19:39:57,0.25733,219.40,0.49856,28.15912,82.22464,2.92192,4.58939,49.99,0600:16:09,1,08
19:39:58,0.2562,219.40,0.50072,28.17272,82.26434,2.92192,4.58939,49.99,0600:16:11,1,08
19:39:59,0.25706,219.10,0.49711,28.02315,81.82761,2.92192,4.58939,49.99,0600:16:12,1,08
19:40:00,0.25675,219.00,0.49807,28.02315,81.82761,2.92203,4.58939,49.99,0600:16:13,1,08
19:40:01,0.255,218.90,0.4983,27.8328,81.27177,2.92203,4.58939,49.99,0600:16:14,1,08
19:40:03,0.25601,218.90,0.49927,27.99596,81.74821,2.92203,4.58939,49.99,0600:16:15,1,08
19:40:04,0.25571,219.00,0.49976,28.00956,81.7879,2.92203,4.58939,49.99,0600:16:17,1,08
19:40:05,0.25633,219.30,0.50169,28.21351,82.38345,2.92203,4.58939,49.99,0600:16:18,1,08
19:40:08,0.25289,219.50,0.50073,27.8192,81.23207,2.92203,4.58949,49.97,0600:16:20,1,08
19:40:09,0.2579,219.50,0.49688,28.14553,82.18494,2.92203,4.58949,49.99,0600:16:22,1,08
19:40:10,0.25665,219.60,0.50072,28.2407,82.46286,2.92203,4.58949,50.00,0600:16:23,1,08
19:40:14,0.26905,220.10,0.50344,29.83154,87.10809,2.92213,4.58949,49.99,0600:16:26,1,08
19:40:17,0.26932,219.90,0.50665,30.03549,87.70364,2.92213,4.58949,49.99,0600:16:30,1,08
19:40:18,0.26881,220.00,0.50483,29.87233,87.2272,2.92213,4.58959,50.00,0600:16:31,1,08
19:40:19,0.26674,220.00,0.50671,29.76356,86.90958,2.92213,4.58959,50.00,0600:16:32,1,08
19:40:25,0.26951,219.50,0.50138,29.68197,86.67136,2.92223,4.58959,50.00,0600:16:38,1,08
19:40:28,0.27542,219.50,0.50629,30.63375,89.45057,2.92223,4.58959,50.00,0600:16:41,1,08
19:40:29,0.28049,219.70,0.50529,31.15043,90.95927,2.92223,4.58959,50.00,0600:16:42,1,08
19:40:30,0.2802,219.70,0.50817,31.3,91.396,2.92223,4.58959,50.01,0600:16:43,1,08
19:40:31,0.2802,219.70,0.50817,31.3,91.396,2.92223,4.5897,50.01,0600:16:44,1,08
19:40:34,0.28695,219.50,0.51467,32.44213,94.73103,2.92223,4.5897,50.00,0600:16:47,1,08
19:40:36,0.28804,219.90,0.51351,32.55091,95.04866,2.92233,4.5897,50.03,0600:16:49,1,08
19:40:42,0.28944,220.10,0.51003,32.51012,94.92956,2.92233,4.5898,50.03,0600:16:55,1,08
19:40:44,0.28879,220.10,0.50983,32.42854,94.69134,2.92233,4.5898,50.03,0600:16:57,1,08
19:40:45,0.29349,220.10,0.50841,32.87724,96.00153,2.92233,4.5898,50.03,0600:16:58,1,08
19:40:48,0.29121,220.10,0.50827,32.6053,95.20748,2.92243,4.5898,50.03,0600:17:01,1,08
19:40:51,0.29064,220.20,0.50786,32.52372,94.96926,2.92243,4.5898,50.03,0600:17:04,1,08
19:40:52,0.29029,220.10,0.50723,32.44213,94.73103,2.92243,4.5898,50.01,0600:17:05,1,08
19:40:55,0.29143,220.20,0.50741,32.57811,95.12807,2.92243,4.5899,50.01,0600:17:07,1,08
19:40:59,0.29214,220.30,0.50612,32.5917,95.16777,2.92243,4.5899,50.01,0600:17:11,1,08
19:41:00,0.29228,220.40,0.50928,32.82285,95.84272,2.92254,4.5899,50.01,0600:17:12,1,08
19:41:02,0.30347,220.40,0.51483,34.45448,100.60707,2.92254,4.5899,50.01,0600:17:14,1,08
19:41:03,0.31158,220.40,0.51761,35.56942,103.86271,2.92254,4.5899,50.01,0600:17:15,1,08
19:41:05,0.30902,220.30,0.51916,35.36547,103.26717,2.92254,4.5899,50.00,0600:17:17,1,08
19:41:06,0.31083,220.30,0.51964,35.61021,103.9818,2.92254,4.59,50.00,0600:17:18,1,08
19:41:08,0.31594,220.30,0.51738,36.03171,105.2126,2.92254,4.59,50.01,0600:17:20,1,08
19:41:09,0.32457,220.20,0.52167,37.30981,108.94466,2.92254,4.59,50.00,0600:17:21,1,08
19:41:10,0.32437,220.20,0.52434,37.48658,109.46081,2.92264,4.59,50.00,0600:17:22,1,08
19:41:13,0.32182,220.00,0.52226,37.01068,108.07121,2.92264,4.59,50.01,0600:17:25,1,08
19:41:20,0.32345,219.60,0.52448,37.28262,108.86526,2.92274,4.59011,50.00,0600:17:32,1,08
19:41:21,0.32554,219.70,0.52584,37.63614,109.89753,2.92274,4.59011,50.00,0600:17:33,1,08
19:41:25,0.32294,219.50,0.52319,37.11946,108.38884,2.92274,4.59011,50.01,0600:17:37,1,08
19:41:26,0.32559,219.40,0.52453,37.50018,109.50052,2.92274,4.59011,50.01,0600:17:38,1,08
19:41:27,0.32506,219.00,0.52176,37.17385,108.54764,2.92274,4.59011,50.00,0600:17:39,1,08
19:41:28,0.32483,219.00,0.52387,37.29622,108.90496,2.92274,4.59021,50.00,0600:17:40,1,08
19:41:33,0.32617,219.10,0.52338,37.43219,109.30199,2.92285,4.59021,50.00,0600:17:45,1,08
19:41:34,0.32776,219.20,0.52194,37.52737,109.57991,2.92285,4.59021,50.00,0600:17:46,1,08
19:41:35,0.3235,219.20,0.52241,37.07867,108.26971,2.92285,4.59021,50.00,0600:17:47,1,08
19:41:36,0.3248,219.10,0.5231,37.25543,108.78585,2.92285,4.59021,50.01,0600:17:48,1,08
19:41:37,0.32635,219.00,0.523,37.405,109.2226,2.92285,4.59021,50.01,0600:17:50,1,08
19:41:38,0.32635,219.00,0.523,37.405,109.2226,2.92285,4.59021,50.01,0600:17:50,1,08
19:41:40,0.32736,218.80,0.52371,37.54097,109.61962,2.92295,4.59032,50.00,0600:17:52,1,08
19:41:42,0.32587,219.10,0.5217,37.26902,108.82555,2.92295,4.59032,50.01,0600:17:55,1,08
19:41:44,0.32919,219.10,0.52128,37.63614,109.89753,2.92295,4.59032,50.01,0600:17:56,1,08
19:41:45,0.32548,219.00,0.52115,37.18745,108.58735,2.92295,4.59032,50.00,0600:17:57,1,08
19:41:46,0.32927,219.10,0.52072,37.59535,109.77843,2.92295,4.59032,50.01,0600:17:58,1,08
19:41:49,0.18488,219.20,0.46747,18.95404,55.3458,2.92295,4.59032,50.03,0600:18:02,1,08
19:41:50,0.18488,219.20,0.46747,18.95404,55.3458,2.92295,4.59032,50.03,0600:18:02,1,08
19:41:53,0.17922,219.30,0.46404,18.247,53.28125,2.92305,4.59042,50.00,0600:18:06,1,08
19:41:54,0.17976,219.40,0.4635,18.30139,53.44006,2.92305,4.59042,50.03,0600:18:07,1,08
19:41:55,0.17718,219.30,0.46746,18.16542,53.04303,2.92305,4.59042,50.03,0600:18:08,1,08
19:41:56,0.17718,219.30,0.46746,18.16542,53.04303,2.92305,4.59042,50.03,0600:18:08,1,08
19:41:58,0.17843,219.00,0.46871,18.32858,53.51946,2.92305,4.59042,50.03,0600:18:10,1,08
19:41:59,0.17587,219.00,0.4686,18.05664,52.7254,2.92305,4.59042,50.03,0600:18:12,1,08
19:42:02,0.17614,218.80,0.46862,18.07024,52.76511,2.92305,4.59042,50.03,0600:18:14,1,08
19:42:03,0.17718,218.90,0.46601,18.08384,52.80481,2.92305,4.59042,50.03,0600:18:15,1,08
19:42:04,0.1768,218.90,0.47402,18.35578,53.59887,2.92305,4.59042,50.03,0600:18:17,1,08
19:42:05,0.17478,219.00,0.47159,18.05664,52.7254,2.92305,4.59042,50.03,0600:18:18,1,08
19:42:07,0.17483,219.00,0.47303,18.12463,52.92392,2.92305,4.59042,50.03,0600:18:20,1,08
19:42:08,0.17483,219.00,0.47303,18.12463,52.92392,2.92305,4.59052,50.03,0600:18:20,1,08
19:42:09,0.17492,218.70,0.4755,18.20621,53.16214,2.92305,4.59052,50.03,0600:18:21,1,08
19:42:10,0.17473,218.70,0.47653,18.21981,53.20185,2.92305,4.59052,50.01,0600:18:23,1,08
19:42:13,0.17619,218.40,0.47458,18.2742,53.36066,2.92315,4.59052,50.03,0600:18:26,1,08
19:42:14,0.17412,218.60,0.47537,18.11103,52.88422,2.92315,4.59052,50.03,0600:18:26,1,08
19:42:20,0.17487,218.90,0.47693,18.2742,53.36066,2.92315,4.59052,50.01,0600:18:32,1,08
19:42:21,0.17364,218.90,0.47534,18.08384,52.80481,2.92315,4.59052,50.01,0600:18:34,1,08
19:42:22,0.17676,218.90,0.47367,18.34218,53.55917,2.92315,4.59052,50.01,0600:18:35,1,08
19:42:24,0.1753,219.00,0.47663,18.30139,53.44006,2.92315,4.59052,50.00,0600:18:37,1,08
19:42:25,0.17412,219.10,0.47436,18.11103,52.88422,2.92315,4.59052,50.00,0600:18:38,1,08
19:42:26,0.17553,219.10,0.47633,18.32858,53.51946,2.92315,4.59062,50.01,0600:18:39,1,08
19:42:28,0.17596,219.10,0.47533,18.34218,53.55917,2.92315,4.59062,50.00,0600:18:41,1,08
19:42:29,0.17322,219.10,0.47385,17.98866,52.5269,2.92315,4.59062,50.00,0600:18:42,1,08
19:42:32,0.17601,218.80,0.47706,18.38297,53.67828,2.92325,4.59062,49.99,0600:18:45,1,08
19:42:37,0.17312,219.40,0.47709,18.12463,52.92392,2.92325,4.59062,49.99,0600:18:50,1,08
19:42:39,0.17226,219.20,0.47986,18.13823,52.96363,2.92325,4.59062,50.00,0600:18:52,1,08
19:42:40,0.17274,219.10,0.48169,18.247,53.28125,2.92325,4.59062,49.97,0600:18:53,1,08
19:42:41,0.17398,219.00,0.47718,18.19262,53.12244,2.92325,4.59062,49.97,0600:18:54,1,08
19:42:42,0.1725,219.00,0.4795,18.12463,52.92392,2.92325,4.59062,49.99,0600:18:55,1,08
19:42:43,0.17197,219.10,0.4816,18.15182,53.00333,2.92325,4.59062,49.99,0600:18:56,1,08
19:42:44,0.1725,219.00,0.48094,18.17902,53.08273,2.92325,4.59072,49.99,0600:18:57,1,08
19:42:46,0.17303,219.00,0.4792,18.16542,53.04303,2.92325,4.59072,49.99,0600:18:58,1,08
19:42:47,0.17568,219.10,0.47493,18.28779,53.40036,2.92325,4.59072,49.99,0600:18:59,1,08
19:42:48,0.17393,219.00,0.47646,18.16542,53.04303,2.92325,4.59072,49.99,0600:19:00,1,08
19:42:49,0.17431,219.10,0.47687,18.21981,53.20185,2.92325,4.59072,49.99,0600:19:01,1,08
19:42:52,0.17516,219.30,0.47488,18.247,53.28125,2.92335,4.59072,50.00,0600:19:04,1,08
19:42:55,0.17393,219.10,0.47504,18.11103,52.88422,2.92335,4.59072,50.00,0600:19:07,1,08
19:42:56,0.1746,219.20,0.47656,18.247,53.28125,2.92335,4.59072,50.00,0600:19:08,1,08
19:42:57,0.17412,219.10,0.47578,18.16542,53.04303,2.92335,4.59072,50.00,0600:19:09,1,08
19:42:58,0.17464,219.20,0.47905,18.34218,53.55917,2.92335,4.59072,50.00,0600:19:10,1,08
19:43:00,0.17558,219.10,0.47597,18.31499,53.47976,2.92335,4.59072,49.99,0600:19:12,1,08
19:43:01,0.17393,219.10,0.47397,18.07024,52.76511,2.92335,4.59072,50.00,0600:19:13,1,08
19:43:02,0.17521,219.10,0.47769,18.34218,53.55917,2.92335,4.59072,50.00,0600:19:14,1,08
19:43:03,0.17341,219.10,0.47604,18.09744,52.84452,2.92335,4.59082,50.00,0600:19:15,1,08
19:43:05,0.17341,219.10,0.47532,18.07024,52.76511,2.92335,4.59082,50.00,0600:19:17,1,08
19:43:06,0.17563,219.00,0.47597,18.31499,53.47976,2.92335,4.59082,50.00,0600:19:18,1,08
19:43:07,0.1735,219.00,0.47568,18.08384,52.80481,2.92335,4.59082,50.01,0600:19:19,1,08
19:43:09,0.17364,219.10,0.47536,18.09744,52.84452,2.92335,4.59082,50.00,0600:19:21,1,08
19:43:10,0.17492,219.10,0.47801,18.32858,53.51946,2.92335,4.59082,50.00,0600:19:22,1,08
19:43:11,0.17464,219.00,0.47228,18.07024,52.76511,2.92345,4.59082,50.00,0600:19:23,1,08
19:43:13,0.1736,219.10,0.47498,18.07024,52.76511,2.92345,4.59082,50.03,0600:19:25,1,08
19:43:15,0.17469,219.00,0.47337,18.12463,52.92392,2.92345,4.59082,50.03,0600:19:27,1,08
19:43:17,0.17312,219.00,0.47742,18.11103,52.88422,2.92345,4.59082,50.03,0600:19:29,1,08
19:43:18,0.17369,219.10,0.47964,18.2606,53.32095,2.92345,4.59082,50.03,0600:19:30,1,08
19:43:19,0.17374,219.20,0.47716,18.17902,53.08273,2.92345,4.59082,50.03,0600:19:31,1,08
19:43:20,0.17374,218.90,0.47713,18.15182,53.00333,2.92345,4.59082,50.03,0600:19:32,1,08
19:43:22,0.17374,218.80,0.47927,18.23341,53.24155,2.92345,4.59092,50.03,0600:19:34,1,08
19:43:23,0.17317,218.70,0.47848,18.13823,52.96363,2.92345,4.59092,50.01,0600:19:35,1,08
19:43:24,0.1736,218.80,0.47961,18.23341,53.24155,2.92345,4.59092,50.03,0600:19:36,1,08
19:43:25,0.17487,218.80,0.47621,18.23341,53.24155,2.92345,4.59092,50.03,0600:19:37,1,08
19:43:26,0.17374,218.90,0.47748,18.16542,53.04303,2.92345,4.59092,50.03,0600:19:38,1,08
19:43:27,0.17374,218.90,0.47748,18.16542,53.04303,2.92345,4.59092,50.03,0600:19:39,1,08
19:43:31,0.17384,218.80,0.4757,18.09744,52.84452,2.92356,4.59092,50.03,0600:19:43,1,08
19:43:32,0.17483,218.80,0.47797,18.28779,53.40036,2.92356,4.59092,50.01,0600:19:44,1,08
19:43:33,0.17483,218.80,0.47797,18.28779,53.40036,2.92356,4.59092,50.01,0600:19:45,1,08
19:43:34,0.17364,218.80,0.47639,18.11103,52.88422,2.92356,4.59092,50.01,0600:19:46,1,08
19:43:35,0.17614,218.80,0.47496,18.31499,53.47976,2.92356,4.59092,50.03,0600:19:47,1,08
19:43:37,0.17284,219.00,0.47846,18.12463,52.92392,2.92356,4.59092,50.03,0600:19:49,1,08
19:43:38,0.1754,219.00,0.48231,18.53254,54.11501,2.92356,4.59092,50.00,0600:19:51,1,08
19:43:41,0.17549,218.90,0.48372,18.58692,54.27382,2.92356,4.59102,50.01,0600:19:53,1,08
19:43:43,0.17412,218.80,0.47611,18.15182,53.00333,2.92356,4.59102,50.01,0600:19:56,1,08
19:43:45,0.17535,218.80,0.47697,18.30139,53.44006,2.92356,4.59102,50.00,0600:19:57,1,08
19:43:53,0.13577,218.90,0.40073,11.91086,34.77971,2.92366,4.59102,49.99,0600:20:05,1,08
19:43:54,0.13522,219.00,0.40183,11.91086,34.77971,2.92366,4.59102,49.97,0600:20:06,1,08
19:43:55,0.13522,218.70,0.40165,11.88367,34.70031,2.92366,4.59102,49.97,0600:20:08,1,08
19:43:58,0.13559,218.70,0.40101,11.89726,34.74001,2.92366,4.59102,49.96,0600:20:10,1,08
19:43:59,0.13461,218.80,0.40406,11.91086,34.77971,2.92366,4.59113,49.96,0600:20:11,1,08
19:44:04,0.13449,218.80,0.4012,11.81568,34.50179,2.92366,4.59113,49.97,0600:20:16,1,08
19:44:05,0.13468,218.90,0.40323,11.89726,34.74001,2.92366,4.59113,49.97,0600:20:17,1,08
19:44:08,0.13474,218.90,0.40369,11.91086,34.77971,2.92366,4.59113,49.96,0600:20:21,1,08
19:44:09,0.13345,219.00,0.40744,11.91086,34.77971,2.92366,4.59113,49.96,0600:20:21,1,08
19:44:10,0.13376,219.10,0.40631,11.91086,34.77971,2.92366,4.59113,49.97,0600:20:22,1,08
19:44:11,0.13504,219.00,0.40717,12.04683,35.17673,2.92366,4.59113,49.97,0600:20:24,1,08
19:44:12,0.13431,219.00,0.40573,11.93806,34.85912,2.92366,4.59113,49.95,0600:20:25,1,08
19:44:16,0.13394,219.00,0.40639,11.92446,34.81942,2.92366,4.59113,49.95,0600:20:29,1,08
19:44:17,0.13425,219.40,0.40489,11.92446,34.81942,2.92366,4.59113,49.95,0600:20:30,1,08
19:44:18,0.134,219.40,0.40527,11.92446,34.81942,2.92366,4.59113,49.96,0600:20:31,1,08
19:44:23,0.13332,219.20,0.40698,11.89726,34.74001,2.92376,4.59123,49.95,0600:20:36,1,08
19:44:27,0.13461,219.20,0.40331,11.91086,34.77971,2.92376,4.59123,49.96,0600:20:39,1,08
19:44:31,0.13332,218.90,0.40596,11.85647,34.6209,2.92376,4.59123,49.97,0600:20:44,1,08
19:44:32,0.13394,218.70,0.40492,11.87007,34.6606,2.92376,4.59123,49.97,0600:20:45,1,08
19:44:33,0.1332,218.60,0.40812,11.89726,34.74001,2.92376,4.59123,49.97,0600:20:46,1,08
19:44:35,0.13369,218.60,0.40698,11.89726,34.74001,2.92376,4.59123,49.97,0600:20:48,1,08
19:44:37,0.13468,218.50,0.40489,11.92446,34.81942,2.92376,4.59123,49.99,0600:20:50,1,08
19:44:40,0.13419,219.00,0.40472,11.89726,34.74001,2.92376,4.59123,50.01,0600:20:52,1,08
19:44:42,0.13608,219.00,0.40693,12.12841,35.41496,2.92376,4.59133,50.01,0600:20:54,1,08
19:44:44,0.13468,219.30,0.40248,11.89726,34.74001,2.92376,4.59133,50.01,0600:20:56,1,08
19:44:45,0.13345,219.40,0.40576,11.88367,34.70031,2.92376,4.59133,50.03,0600:20:57,1,08
19:44:46,0.13338,219.30,0.40567,11.87007,34.6606,2.92376,4.59133,50.03,0600:20:58,1,08
19:44:47,0.13412,219.00,0.40379,11.87007,34.6606,2.92376,4.59133,50.03,0600:20:59,1,08
19:44:49,0.13338,219.10,0.40651,11.88367,34.70031,2.92376,4.59133,50.03,0600:21:01,1,08
19:44:50,0.13363,219.10,0.40622,11.89726,34.74001,2.92376,4.59133,50.03,0600:21:02,1,08
19:44:51,0.13407,219.10,0.40518,11.91086,34.77971,2.92376,4.59133,50.03,0600:21:03,1,08
19:44:52,0.13461,219.20,0.40415,11.92446,34.81942,2.92376,4.59133,50.03,0600:21:04,1,08
19:44:56,0.13437,219.60,0.40285,11.89726,34.74001,2.92386,4.59133,50.01,0600:21:08,1,08
19:44:57,0.13443,219.60,0.40193,11.87007,34.6606,2.92386,4.59133,50.01,0600:21:09,1,08
19:45:00,0.13388,219.60,0.40518,11.91086,34.77971,2.92386,4.59133,50.01,0600:21:12,1,08
19:45:01,0.13455,219.70,0.40294,11.91086,34.77971,2.92386,4.59133,50.01,0600:21:13,1,08
19:45:03,0.13449,219.70,0.40248,11.89726,34.74001,2.92386,4.59143,50.01,0600:21:15,1,08
19:45:05,0.13388,219.50,0.40426,11.88367,34.70031,2.92386,4.59143,50.01,0600:21:17,1,08
19:45:06,0.13498,219.40,0.40092,11.88367,34.70031,2.92386,4.59143,50.01,0600:21:18,1,08
19:45:09,0.13468,219.70,0.4022,11.91086,34.77971,2.92386,4.59143,50.00,0600:21:21,1,08
19:45:10,0.13455,219.70,0.40211,11.89726,34.74001,2.92386,4.59143,50.00,0600:21:22,1,08
19:45:11,0.13449,219.70,0.40294,11.91086,34.77971,2.92386,4.59143,50.00,0600:21:23,1,08
19:45:12,0.13468,219.80,0.40496,11.99244,35.01793,2.92386,4.59143,50.00,0600:21:24,1,08
19:45:15,0.134,219.90,0.40406,11.91086,34.77971,2.92386,4.59143,49.99,0600:21:27,1,08
19:45:17,0.13338,220.00,0.40556,11.91086,34.77971,2.92386,4.59143,49.97,0600:21:29,1,08
19:45:18,0.13326,220.10,0.40639,11.92446,34.81942,2.92386,4.59143,49.97,0600:21:30,1,08
19:45:20,0.13326,219.90,0.40677,11.92446,34.81942,2.92386,4.59143,49.97,0600:21:32,1,08
19:45:21,0.13326,219.90,0.40677,11.92446,34.81942,2.92386,4.59143,49.97,0600:21:33,1,08
19:45:23,0.13189,219.80,0.41097,11.92446,34.81942,2.92396,4.59153,49.96,0600:21:35,1,08
19:45:25,0.13301,219.80,0.4066,11.89726,34.74001,2.92396,4.59153,49.95,0600:21:37,1,08
19:45:26,0.13288,219.80,0.40698,11.89726,34.74001,2.92396,4.59153,49.95,0600:21:38,1,08
19:45:27,0.13288,219.80,0.40698,11.89726,34.74001,2.92396,4.59153,49.95,0600:21:39,1,08
19:45:28,0.13314,219.90,0.40669,11.91086,34.77971,2.92396,4.59153,49.95,0600:21:40,1,08
19:45:29,0.1327,220.10,0.40744,11.91086,34.77971,2.92396,4.59153,49.96,0600:21:41,1,08
19:45:30,0.13326,220.10,0.40593,11.91086,34.77971,2.92396,4.59153,49.95,0600:21:42,1,08
19:45:33,0.1332,219.90,0.40677,11.92446,34.81942,2.92396,4.59153,49.96,0600:21:45,1,08
19:45:35,0.13233,219.80,0.40841,11.88367,34.70031,2.92396,4.59153,49.96,0600:21:47,1,08
19:45:36,0.13276,219.70,0.40727,11.88367,34.70031,2.92396,4.59153,49.95,0600:21:48,1,08
19:45:37,0.13276,219.70,0.40774,11.89726,34.74001,2.92396,4.59153,49.95,0600:21:49,1,08
19:45:42,0.13246,219.60,0.40935,11.91086,34.77971,2.92396,4.59153,49.95,0600:21:54,1,08
19:45:43,0.13246,219.50,0.40654,11.82928,34.5415,2.92396,4.59163,49.95,0600:21:56,1,08
19:45:44,0.13246,219.50,0.40654,11.82928,34.5415,2.92396,4.59163,49.95,0600:21:56,1,08
19:45:45,0.13425,219.50,0.41052,12.10122,35.33555,2.92396,4.59163,49.97,0600:21:57,1,08
19:45:46,0.13257,219.70,0.40812,11.89726,34.74001,2.92396,4.59163,49.96,0600:21:58,1,08
19:45:50,0.13257,219.70,0.40858,11.91086,34.77971,2.92396,4.59163,49.97,0600:22:02,1,08
19:45:53,0.13363,220.20,0.40536,11.93806,34.85912,2.92406,4.59163,49.99,0600:22:05,1,08
19:45:56,0.13246,220.40,0.40689,11.88367,34.70031,2.92406,4.59163,50.01,0600:22:08,1,08
19:45:58,0.13326,220.40,0.40509,11.89726,34.74001,2.92406,4.59163,50.01,0600:22:10,1,08
19:46:10,0.13283,219.80,0.40875,11.93806,34.85912,2.92406,4.59173,50.03,0600:22:22,1,08
19:46:11,0.13351,220.00,0.40842,12.00604,35.05763,2.92406,4.59173,50.03,0600:22:24,1,08
19:46:12,0.1332,219.90,0.40538,11.88367,34.70031,2.92406,4.59173,50.03,0600:22:25,1,08
19:46:16,0.13288,219.90,0.40651,11.88367,34.70031,2.92406,4.59173,50.03,0600:22:29,1,08
19:46:17,0.13288,219.80,0.40558,11.85647,34.6209,2.92406,4.59173,50.03,0600:22:30,1,08
19:46:20,0.13276,219.30,0.4085,11.89726,34.74001,2.92406,4.59173,50.03,0600:22:32,1,08
19:46:22,0.13264,219.40,0.4085,11.89726,34.74001,2.92406,4.59173,50.01,0600:22:35,1,08
19:46:26,0.13381,219.90,0.40443,11.91086,34.77971,2.92416,4.59184,50.01,0600:22:38,1,08
19:46:27,0.13257,220.20,0.40782,11.91086,34.77971,2.92416,4.59184,50.01,0600:22:40,1,08
19:46:28,0.13264,220.20,0.40736,11.89726,34.74001,2.92416,4.59184,50.01,0600:22:41,1,08
19:46:29,0.13214,220.20,0.40803,11.88367,34.70031,2.92416,4.59184,50.01,0600:22:42,1,08
19:46:30,0.13264,220.20,0.40642,11.87007,34.6606,2.92416,4.59184,50.00,0600:22:43,1,08
19:46:31,0.13276,220.20,0.40651,11.88367,34.70031,2.92416,4.59184,50.00,0600:22:44,1,08
19:46:34,0.1327,220.00,0.40782,11.91086,34.77971,2.92416,4.59184,49.99,0600:22:47,1,08
19:46:35,0.13283,220.00,0.40744,11.91086,34.77971,2.92416,4.59184,49.99,0600:22:48,1,08
19:46:36,0.13251,220.00,0.40812,11.89726,34.74001,2.92416,4.59184,50.00,0600:22:49,1,08
19:46:38,0.13202,219.90,0.40871,11.87007,34.6606,2.92416,4.59184,50.00,0600:22:50,1,08
19:46:43,0.13226,219.60,0.40645,11.81568,34.50179,2.92416,4.59184,49.97,0600:22:55,1,08
19:46:44,0.1327,219.60,0.40858,11.91086,34.77971,2.92416,4.59184,49.97,0600:22:56,1,08
19:46:46,0.13425,219.70,0.40415,11.92446,34.81942,2.92416,4.59184,49.97,0600:22:58,1,08
19:46:47,0.13419,219.80,0.40323,11.89726,34.74001,2.92416,4.59194,49.97,0600:22:59,1,08
19:46:49,0.13425,220.10,0.40846,12.07402,35.25615,2.92416,4.59194,49.97,0600:23:01,1,08
19:46:50,0.13295,220.20,0.40669,11.91086,34.77971,2.92416,4.59194,49.97,0600:23:02,1,08
19:46:52,0.13246,220.40,0.40642,11.87007,34.6606,2.92416,4.59194,49.97,0600:23:04,1,08
19:46:53,0.13295,220.20,0.40576,11.88367,34.70031,2.92416,4.59194,49.97,0600:23:05,1,08
19:46:58,0.13189,219.70,0.41041,11.89726,34.74001,2.92426,4.59194,49.96,0600:23:10,1,08
19:46:59,0.13207,219.90,0.40973,11.91086,34.77971,2.92426,4.59194,49.99,0600:23:11,1,08
19:47:00,0.13264,220.10,0.40736,11.89726,34.74001,2.92426,4.59194,49.99,0600:23:12,1,08
19:47:06,0.13207,220.20,0.40981,11.92446,34.81942,2.92426,4.59194,49.97,0600:23:18,1,08
19:47:07,0.13189,220.10,0.40918,11.88367,34.70031,2.92426,4.59204,49.99,0600:23:19,1,08
19:47:08,0.13251,220.10,0.40774,11.89726,34.74001,2.92426,4.59204,49.99,0600:23:20,1,08
19:47:10,0.13214,220.10,0.40841,11.88367,34.70031,2.92426,4.59204,49.99,0600:23:22,1,08
19:47:15,0.13127,220.10,0.41157,11.89726,34.74001,2.92426,4.59204,49.99,0600:23:27,1,08
19:47:18,0.13133,220.40,0.41033,11.88367,34.70031,2.92426,4.59204,50.01,0600:23:30,1,08
19:47:19,0.13114,220.40,0.41157,11.89726,34.74001,2.92426,4.59204,50.01,0600:23:31,1,08
19:47:20,0.13114,220.40,0.41157,11.89726,34.74001,2.92426,4.59204,50.01,0600:23:32,1,08
19:47:21,0.13095,220.40,0.41196,11.89726,34.74001,2.92426,4.59204,50.03,0600:23:33,1,08
19:47:22,0.13082,220.50,0.41235,11.89726,34.74001,2.92426,4.59204,50.03,0600:23:34,1,08
19:47:23,0.1312,220.40,0.40977,11.85647,34.6209,2.92426,4.59204,50.04,0600:23:35,1,08
19:47:26,0.13069,220.30,0.41218,11.87007,34.6606,2.92436,4.59204,50.04,0600:23:38,1,08
19:47:29,0.13151,220.00,0.41071,11.88367,34.70031,2.92436,4.59214,50.05,0600:23:41,1,08
19:47:31,0.13183,219.90,0.40862,11.85647,34.6209,2.92436,4.59214,50.03,0600:23:43,1,08
19:47:37,0.13226,219.80,0.40794,11.87007,34.6606,2.92436,4.59214,50.03,0600:23:49,1,08
19:47:40,0.13133,219.50,0.41046,11.84288,34.5812,2.92436,4.59214,50.03,0600:23:52,1,08
19:47:41,0.13101,219.20,0.41201,11.84288,34.5812,2.92436,4.59214,50.03,0600:23:53,1,08
19:47:46,0.13246,219.30,0.41066,11.93806,34.85912,2.92436,4.59214,50.03,0600:23:58,1,08
19:47:47,0.1327,219.40,0.40943,11.92446,34.81942,2.92436,4.59214,50.03,0600:23:59,1,08
19:47:48,0.1327,219.30,0.40803,11.88367,34.70031,2.92436,4.59214,50.01,0600:24:00,1,08
19:47:50,0.13338,219.20,0.41217,12.06043,35.21645,2.92436,4.59224,50.01,0600:24:03,1,08
19:47:51,0.13338,219.20,0.41217,12.06043,35.21645,2.92436,4.59224,50.01,0600:24:03,1,08
19:47:52,0.13233,219.30,0.40918,11.88367,34.70031,2.92436,4.59224,50.01,0600:24:04,1,08
19:47:53,0.1322,219.30,0.40909,11.87007,34.6606,2.92436,4.59224,50.01,0600:24:05,1,08
19:47:56,0.13338,219.30,0.40613,11.88367,34.70031,2.92446,4.59224,50.00,0600:24:09,1,08
19:48:00,0.1327,219.50,0.40756,11.87007,34.6606,2.92446,4.59224,49.99,0600:24:12,1,08
19:48:02,0.13226,219.40,0.40777,11.84288,34.5812,2.92446,4.59224,49.97,0600:24:15,1,08
19:48:05,0.1322,219.50,0.40909,11.87007,34.6606,2.92446,4.59224,49.97,0600:24:17,1,08
19:48:09,0.13164,219.40,0.41016,11.85647,34.6209,2.92446,4.59224,49.97,0600:24:22,1,08
19:48:14,0.13246,219.10,0.40871,11.87007,34.6606,2.92446,4.59234,49.96,0600:24:27,1,08
19:48:15,0.13264,219.20,0.40888,11.89726,34.74001,2.92446,4.59234,49.96,0600:24:28,1,08
19:48:16,0.13246,219.30,0.40926,11.89726,34.74001,2.92446,4.59234,49.96,0600:24:29,1,08
19:48:20,0.13332,219.10,0.40558,11.85647,34.6209,2.92446,4.59234,49.96,0600:24:33,1,08
19:48:21,0.13239,219.10,0.40862,11.85647,34.6209,2.92446,4.59234,49.96,0600:24:34,1,08
19:48:23,0.1322,219.10,0.40854,11.84288,34.5812,2.92446,4.59234,49.96,0600:24:35,1,08
19:48:29,0.13214,218.90,0.40742,11.78849,34.42239,2.92456,4.59234,49.96,0600:24:41,1,08
19:48:35,0.13295,219.10,0.40812,11.89726,34.74001,2.92456,4.59245,49.96,0600:24:47,1,08
19:48:36,0.13295,219.30,0.4082,11.91086,34.77971,2.92456,4.59245,49.96,0600:24:47,1,08
19:48:37,0.13283,219.30,0.40858,11.91086,34.77971,2.92456,4.59245,49.97,0600:24:49,1,08
19:48:45,0.13326,219.00,0.40549,11.84288,34.5812,2.92456,4.59245,50.00,0600:24:57,1,08
19:48:47,0.13251,219.20,0.40879,11.88367,34.70031,2.92456,4.59245,50.00,0600:24:59,1,08
19:48:51,0.13233,219.30,0.40918,11.88367,34.70031,2.92456,4.59245,50.01,0600:25:03,1,08
19:48:53,0.13246,219.30,0.40964,11.89726,34.74001,2.92456,4.59245,50.03,0600:25:05,1,08
19:48:55,0.13662,219.10,0.40599,12.1556,35.49436,2.92466,4.59255,50.03,0600:25:07,1,08
19:48:57,0.1359,218.80,0.40356,12.00604,35.05763,2.92466,4.59255,50.04,0600:25:09,1,08
19:48:59,0.13437,218.90,0.40388,11.88367,34.70031,2.92466,4.59255,50.03,0600:25:11,1,08
19:49:02,0.13363,219.10,0.40529,11.87007,34.6606,2.92466,4.59255,50.04,0600:25:14,1,08
19:49:03,0.13338,219.00,0.40465,11.82928,34.5415,2.92466,4.59255,50.01,0600:25:15,1,08
19:49:04,0.13419,218.90,0.40379,11.87007,34.6606,2.92466,4.59255,50.01,0600:25:16,1,08
19:49:06,0.13251,219.40,0.40786,11.85647,34.6209,2.92466,4.59255,50.03,0600:25:18,1,08
19:49:07,0.13251,219.40,0.40786,11.85647,34.6209,2.92466,4.59255,50.03,0600:25:19,1,08
19:49:08,0.13345,219.40,0.40529,11.87007,34.6606,2.92466,4.59255,50.03,0600:25:20,1,08
19:49:09,0.13338,219.40,0.40576,11.88367,34.70031,2.92466,4.59255,50.03,0600:25:21,1,08
19:49:10,0.13283,219.60,0.4068,11.87007,34.6606,2.92466,4.59255,50.01,0600:25:22,1,08
19:49:11,0.13363,219.50,0.40686,11.93806,34.85912,2.92466,4.59255,50.01,0600:25:23,1,08
19:49:13,0.13419,219.50,0.40351,11.88367,34.70031,2.92466,4.59255,50.03,0600:25:25,1,08
19:49:19,0.13425,219.20,0.40351,11.88367,34.70031,2.92466,4.59265,50.01,0600:25:31,1,08
19:49:20,0.13363,219.00,0.40483,11.85647,34.6209,2.92466,4.59265,50.01,0600:25:32,1,08
19:49:25,0.13381,218.50,0.40474,11.84288,34.5812,2.92476,4.59265,49.99,0600:25:37,1,08
19:49:26,0.13345,218.60,0.40587,11.84288,34.5812,2.92476,4.59265,49.99,0600:25:38,1,08
19:49:30,0.13338,219.00,0.40605,11.87007,34.6606,2.92476,4.59265,49.96,0600:25:42,1,08
19:49:34,0.13332,219.00,0.40456,11.81568,34.50179,2.92476,4.59265,49.96,0600:25:46,1,08
19:49:36,0.13455,218.90,0.40268,11.87007,34.6606,2.92476,4.59275,49.96,0600:25:48,1,08
19:49:38,0.13394,219.20,0.40602,11.92446,34.81942,2.92476,4.59275,49.96,0600:25:50,1,08
19:49:42,0.13363,219.50,0.405,11.88367,34.70031,2.92476,4.59275,49.96,0600:25:54,1,08
19:49:44,0.13301,219.30,0.40494,11.81568,34.50179,2.92476,4.59275,49.97,0600:25:56,1,08
19:49:48,0.13351,219.50,0.40399,11.84288,34.5812,2.92476,4.59275,49.96,0600:26:01,1,08
19:49:49,0.13381,219.60,0.40472,11.89726,34.74001,2.92476,4.59275,49.96,0600:26:01,1,08
19:49:50,0.13407,219.60,0.40397,11.89726,34.74001,2.92476,4.59275,49.97,0600:26:02,1,08
19:49:53,0.13326,219.90,0.40538,11.88367,34.70031,2.92476,4.59275,49.99,0600:26:05,1,08
19:49:55,0.13376,219.90,0.40388,11.88367,34.70031,2.92486,4.59275,49.99,0600:26:07,1,08
19:49:56,0.13461,219.80,0.40725,12.06043,35.21645,2.92486,4.59285,50.00,0600:26:08,1,08
19:49:59,0.13345,219.60,0.40445,11.85647,34.6209,2.92486,4.59285,50.01,0600:26:12,1,08
19:50:00,0.13407,219.60,0.40351,11.88367,34.70031,2.92486,4.59285,50.00,0600:26:13,1,08
19:50:02,0.1332,219.50,0.40474,11.84288,34.5812,2.92486,4.59285,50.01,0600:26:14,1,08
19:50:05,0.13376,219.70,0.40241,11.82928,34.5415,2.92486,4.59285,50.03,0600:26:18,1,08
19:50:07,0.13338,219.60,0.40445,11.85647,34.6209,2.92486,4.59285,50.03,0600:26:19,1,08
19:50:08,0.13314,219.70,0.40474,11.84288,34.5812,2.92486,4.59285,50.04,0600:26:20,1,08
19:50:09,0.13295,219.50,0.40541,11.82928,34.5415,2.92486,4.59285,50.04,0600:26:21,1,08
19:50:10,0.13394,219.40,0.40426,11.88367,34.70031,2.92486,4.59285,50.03,0600:26:23,1,08
19:50:12,0.1332,219.10,0.40503,11.82928,34.5415,2.92486,4.59285,50.05,0600:26:24,1,08
19:50:13,0.13301,218.90,0.40616,11.82928,34.5415,2.92486,4.59285,50.05,0600:26:25,1,08
19:50:15,0.13314,219.00,0.40727,11.88367,34.70031,2.92486,4.59285,50.01,0600:26:28,1,08
19:50:17,0.13257,219.20,0.40833,11.87007,34.6606,2.92486,4.59295,50.03,0600:26:30,1,08
19:50:19,0.13246,219.30,0.40692,11.82928,34.5415,2.92486,4.59295,50.04,0600:26:31,1,08
19:50:20,0.13226,219.40,0.40918,11.88367,34.70031,2.92486,4.59295,50.03,0600:26:32,1,08
19:50:22,0.13226,219.70,0.40786,11.85647,34.6209,2.92486,4.59295,50.01,0600:26:35,1,08
19:50:24,0.13239,219.70,0.40748,11.85647,34.6209,2.92496,4.59295,50.03,0600:26:37,1,08
19:50:25,0.13214,219.70,0.40824,11.85647,34.6209,2.92496,4.59295,50.03,0600:26:37,1,08
19:50:26,0.13183,219.70,0.40892,11.84288,34.5812,2.92496,4.59295,50.01,0600:26:38,1,08
19:50:27,0.13207,219.60,0.40815,11.84288,34.5812,2.92496,4.59295,50.01,0600:26:40,1,08
19:50:28,0.13226,219.60,0.40833,11.87007,34.6606,2.92496,4.59295,50.01,0600:26:41,1,08
19:50:32,0.13164,219.50,0.41063,11.87007,34.6606,2.92496,4.59295,50.00,0600:26:43,1,08
19:50:36,0.13264,219.40,0.40803,11.88367,34.70031,2.92496,4.59295,50.00,0600:26:48,1,08
19:50:37,0.1327,219.50,0.40756,11.87007,34.6606,2.92496,4.59295,49.97,0600:26:48,1,08
19:50:38,0.13326,219.60,0.4052,11.85647,34.6209,2.92496,4.59295,49.97,0600:26:49,1,08
19:50:40,0.1348,219.70,0.4,11.85647,34.6209,2.92496,4.59305,49.99,0600:26:52,1,08
19:50:44,0.13541,220.00,0.39781,11.85647,34.6209,2.92496,4.59305,49.99,0600:26:56,1,08
19:50:45,0.13535,219.90,0.39817,11.85647,34.6209,2.92496,4.59305,49.97,0600:26:57,1,08
19:50:46,0.13553,220.00,0.3979,11.87007,34.6606,2.92496,4.59305,49.97,0600:26:58,1,08
19:50:47,0.13547,219.90,0.39918,11.89726,34.74001,2.92496,4.59305,49.96,0600:26:59,1,08
19:50:48,0.13541,220.00,0.39753,11.88367,34.70031,2.92496,4.59305,49.96,0600:27:00,1,08
19:50:49,0.13511,219.90,0.39753,11.81568,34.50179,2.92496,4.59305,49.96,0600:27:00,1,08
19:50:52,0.13535,220.00,0.39827,11.87007,34.6606,2.92496,4.59305,49.97,0600:27:04,1,08
19:50:54,0.1348,219.80,0.40046,11.87007,34.6606,2.92496,4.59305,49.97,0600:27:06,1,08
19:50:55,0.1348,219.80,0.40046,11.87007,34.6606,2.92496,4.59305,49.97,0600:27:07,1,08
19:50:58,0.13522,219.70,0.39936,11.87007,34.6606,2.92506,4.59305,49.99,0600:27:10,1,08
19:50:59,0.13608,219.70,0.40364,12.07402,35.25615,2.92506,4.59315,49.97,0600:27:11,1,08
19:51:00,0.1359,219.80,0.40309,12.04683,35.17673,2.92506,4.59315,49.99,0600:27:12,1,08
19:51:01,0.1359,219.80,0.40309,12.04683,35.17673,2.92506,4.59315,49.99,0600:27:13,1,08
19:51:02,0.1348,219.80,0.39862,11.81568,34.50179,2.92506,4.59315,49.99,0600:27:14,1,08
19:51:03,0.13474,219.60,0.39844,11.78849,34.42239,2.92506,4.59315,49.97,0600:27:15,1,08
19:51:04,0.13498,219.10,0.39982,11.82928,34.5415,2.92506,4.59315,49.97,0600:27:16,1,08
19:51:05,0.13535,219.10,0.40009,11.87007,34.6606,2.92506,4.59315,49.99,0600:27:17,1,08
19:51:06,0.13547,219.20,0.39982,11.88367,34.70031,2.92506,4.59315,49.97,0600:27:18,1,08
19:51:10,0.1348,219.40,0.40028,11.84288,34.5812,2.92506,4.59315,50.00,0600:27:22,1,08
19:51:11,0.13595,219.20,0.40192,11.97884,34.97823,2.92506,4.59315,50.00,0600:27:23,1,08
19:51:12,0.13492,219.10,0.40119,11.87007,34.6606,2.92506,4.59315,50.00,0600:27:24,1,08
19:51:13,0.13492,219.10,0.40119,11.87007,34.6606,2.92506,4.59315,50.00,0600:27:25,1,08
19:51:14,0.1348,219.30,0.40119,11.87007,34.6606,2.92506,4.59315,50.00,0600:27:26,1,08
19:51:15,0.13486,219.40,0.40037,11.85647,34.6209,2.92506,4.59315,50.01,0600:27:27,1,08
19:51:17,0.1348,219.60,0.40083,11.87007,34.6606,2.92506,4.59315,50.00,0600:27:29,1,08
19:51:18,0.13529,219.60,0.39982,11.88367,34.70031,2.92506,4.59315,50.00,0600:27:30,1,08
19:51:19,0.13529,219.60,0.39982,11.88367,34.70031,2.92506,4.59326,50.00,0600:27:31,1,08
19:51:23,0.13437,219.80,0.40147,11.85647,34.6209,2.92506,4.59326,50.01,0600:27:35,1,08
19:51:24,0.13468,219.80,0.40083,11.87007,34.6606,2.92506,4.59326,50.00,0600:27:36,1,08
19:51:25,0.13468,219.80,0.40083,11.87007,34.6606,2.92506,4.59326,50.00,0600:27:37,1,08
19:51:27,0.13517,219.80,0.39936,11.87007,34.6606,2.92516,4.59326,50.01,0600:27:39,1,08
19:51:28,0.13468,219.80,0.40083,11.87007,34.6606,2.92516,4.59326,50.01,0600:27:40,1,08
19:51:29,0.13535,219.90,0.39863,11.87007,34.6606,2.92516,4.59326,50.01,0600:27:41,1,08
19:51:31,0.13541,219.80,0.39863,11.87007,34.6606,2.92516,4.59326,50.00,0600:27:43,1,08
19:51:32,0.13492,219.70,0.40055,11.88367,34.70031,2.92516,4.59326,50.03,0600:27:44,1,08
19:51:33,0.13461,219.60,0.40064,11.84288,34.5812,2.92516,4.59326,50.03,0600:27:45,1,08
19:51:35,0.13449,219.40,0.40101,11.84288,34.5812,2.92516,4.59326,50.03,0600:27:47,1,08
19:51:40,0.13437,219.60,0.40092,11.82928,34.5415,2.92516,4.59336,50.01,0600:27:52,1,08
19:51:41,0.13431,219.40,0.40221,11.85647,34.6209,2.92516,4.59336,50.01,0600:27:53,1,08
19:51:42,0.13461,219.50,0.4011,11.85647,34.6209,2.92516,4.59336,50.01,0600:27:54,1,08
19:51:43,0.13431,219.50,0.4023,11.87007,34.6606,2.92516,4.59336,50.00,0600:27:55,1,08
19:51:45,0.13492,219.70,0.40009,11.87007,34.6606,2.92516,4.59336,50.01,0600:27:57,1,08
19:51:47,0.13449,219.50,0.40101,11.84288,34.5812,2.92516,4.59336,49.99,0600:27:59,1,08
19:51:48,0.13461,219.60,0.4034,11.92446,34.81942,2.92516,4.59336,50.00,0600:28:00,1,08
19:51:49,0.13443,219.40,0.40138,11.84288,34.5812,2.92516,4.59336,50.00,0600:28:01,1,08
19:51:56,0.134,219.70,0.40212,11.84288,34.5812,2.92526,4.59336,50.01,0600:28:08,1,08
19:51:57,0.13369,219.70,0.40333,11.85647,34.6209,2.92526,4.59336,50.01,0600:28:09,1,08
19:52:00,0.13437,220.00,0.40156,11.87007,34.6606,2.92526,4.59346,50.00,0600:28:12,1,08
19:52:02,0.13541,219.90,0.40511,12.07402,35.25615,2.92526,4.59346,50.01,0600:28:14,1,08
19:52:05,0.13455,219.90,0.40074,11.85647,34.6209,2.92526,4.59346,50.01,0600:28:18,1,08
19:52:06,0.13443,219.90,0.40074,11.85647,34.6209,2.92526,4.59346,50.03,0600:28:18,1,08
19:52:07,0.13455,219.90,0.40074,11.85647,34.6209,2.92526,4.59346,50.03,0600:28:19,1,08
19:52:08,0.13449,219.90,0.40028,11.84288,34.5812,2.92526,4.59346,50.01,0600:28:20,1,08
19:52:09,0.13455,219.90,0.40037,11.85647,34.6209,2.92526,4.59346,50.01,0600:28:21,1,08
19:52:11,0.13577,219.90,0.40118,11.97884,34.97823,2.92526,4.59346,50.03,0600:28:24,1,08
19:52:12,0.13468,220.00,0.4,11.85647,34.6209,2.92526,4.59346,50.03,0600:28:24,1,08
19:52:13,0.13553,219.90,0.39745,11.85647,34.6209,2.92526,4.59346,50.03,0600:28:25,1,08
19:52:14,0.13449,219.90,0.40074,11.85647,34.6209,2.92526,4.59346,50.03,0600:28:26,1,08
19:52:15,0.13486,219.90,0.39963,11.85647,34.6209,2.92526,4.59346,50.03,0600:28:27,1,08
19:52:17,0.13474,220.00,0.40009,11.87007,34.6606,2.92526,4.59346,50.01,0600:28:30,1,08
19:52:18,0.13492,220.00,0.39973,11.87007,34.6606,2.92526,4.59346,50.01,0600:28:30,1,08
19:52:19,0.13437,220.00,0.40028,11.84288,34.5812,2.92526,4.59346,50.01,0600:28:31,1,08
19:52:23,0.13584,220.00,0.39718,11.87007,34.6606,2.92526,4.59356,50.01,0600:28:36,1,08
19:52:26,0.13565,219.80,0.39881,11.89726,34.74001,2.92536,4.59356,50.03,0600:28:38,1,08
19:52:27,0.13608,219.80,0.39773,11.89726,34.74001,2.92536,4.59356,50.03,0600:28:40,1,08
19:52:29,0.13369,219.70,0.40333,11.85647,34.6209,2.92536,4.59356,50.01,0600:28:41,1,08
19:52:30,0.13363,219.90,0.40379,11.87007,34.6606,2.92536,4.59356,50.01,0600:28:42,1,08
19:52:36,0.13326,220.00,0.40454,11.87007,34.6606,2.92536,4.59356,50.01,0600:28:48,1,08
19:52:37,0.13326,220.00,0.40454,11.87007,34.6606,2.92536,4.59356,50.01,0600:28:48,1,08
19:52:39,0.13207,220.10,0.40786,11.85647,34.6209,2.92536,4.59356,50.00,0600:28:51,1,08
19:52:40,0.13214,220.20,0.40794,11.87007,34.6606,2.92536,4.59356,50.00,0600:28:52,1,08
19:52:41,0.13189,220.10,0.40824,11.85647,34.6209,2.92536,4.59366,50.01,0600:28:53,1,08
19:52:45,0.13177,220.10,0.40862,11.85647,34.6209,2.92536,4.59366,50.00,0600:28:57,1,08
19:52:47,0.13251,219.80,0.40578,11.82928,34.5415,2.92536,4.59366,49.99,0600:28:59,1,08
19:52:48,0.13202,219.80,0.40722,11.81568,34.50179,2.92536,4.59366,49.99,0600:29:00,1,08
19:52:50,0.13202,219.80,0.40722,11.81568,34.50179,2.92536,4.59366,49.99,0600:29:02,1,08
19:52:52,0.13357,220.10,0.40333,11.85647,34.6209,2.92536,4.59366,49.99,0600:29:04,1,08
19:52:54,0.13295,220.00,0.40567,11.87007,34.6606,2.92536,4.59366,49.97,0600:29:06,1,08
19:52:59,0.1327,220.20,0.40698,11.89726,34.74001,2.92546,4.59366,49.96,0600:29:11,1,08
19:53:06,0.13431,220.80,0.40559,12.03323,35.13704,2.92546,4.59376,49.99,0600:29:18,1,08
19:53:08,0.13226,220.80,0.40512,11.84288,34.5812,2.92546,4.59376,49.99,0600:29:20,1,08
19:53:09,0.13301,220.70,0.40139,11.78849,34.42239,2.92546,4.59376,49.97,0600:29:21,1,08
19:53:10,0.13363,220.60,0.40184,11.85647,34.6209,2.92546,4.59376,49.99,0600:29:22,1,08
19:53:12,0.13332,220.40,0.40703,11.96525,34.93852,2.92546,4.59376,49.99,0600:29:24,1,08
19:53:14,0.13332,220.30,0.40657,11.95165,34.89882,2.92546,4.59376,49.99,0600:29:26,1,08
19:53:17,0.13351,220.40,0.40573,11.93806,34.85912,2.92546,4.59376,50.00,0600:29:29,1,08
19:53:19,0.13345,220.40,0.40619,11.95165,34.89882,2.92546,4.59376,50.03,0600:29:31,1,08
19:53:31,0.13388,220.40,0.40516,11.96525,34.93852,2.92556,4.59386,50.01,0600:29:43,1,08
19:53:32,0.13376,220.20,0.40498,11.93806,34.85912,2.92556,4.59386,50.03,0600:29:44,1,08
19:53:33,0.13376,220.20,0.40628,11.96525,34.93852,2.92556,4.59386,50.03,0600:29:45,1,08
19:53:34,0.13443,220.30,0.40505,12.00604,35.05763,2.92556,4.59386,50.03,0600:29:46,1,08
19:53:35,0.13276,220.30,0.40567,11.87007,34.6606,2.92556,4.59386,50.03,0600:29:47,1,08
19:53:37,0.13307,220.10,0.40352,11.82928,34.5415,2.92556,4.59386,50.03,0600:29:49,1,08
19:53:38,0.13376,220.10,0.40259,11.85647,34.6209,2.92556,4.59386,50.01,0600:29:50,1,08
19:53:40,0.13338,219.90,0.40361,11.84288,34.5812,2.92556,4.59386,50.03,0600:29:52,1,08
19:53:41,0.13357,219.90,0.40287,11.84288,34.5812,2.92556,4.59386,50.03,0600:29:53,1,08
19:53:42,0.13301,219.90,0.40427,11.82928,34.5415,2.92556,4.59386,50.01,0600:29:54,1,08
19:53:48,0.13602,219.50,0.40764,12.1828,35.57377,2.92556,4.59396,50.01,0600:30:00,1,08
19:53:50,0.13326,219.70,0.40529,11.87007,34.6606,2.92556,4.59396,50.01,0600:30:02,1,08
19:53:51,0.13345,219.70,0.40315,11.82928,34.5415,2.92556,4.59396,50.01,0600:30:03,1,08
19:53:53,0.13412,219.80,0.40138,11.84288,34.5812,2.92556,4.59396,50.00,0600:30:05,1,08
19:53:55,0.13351,219.90,0.40417,11.87007,34.6606,2.92556,4.59396,49.99,0600:30:07,1,08
19:53:57,0.13431,220.00,0.40064,11.84288,34.5812,2.92566,4.59396,50.00,0600:30:09,1,08
19:54:02,0.13419,219.40,0.40212,11.84288,34.5812,2.92566,4.59396,49.97,0600:30:14,1,08
19:54:03,0.13474,219.20,0.4011,11.85647,34.6209,2.92566,4.59396,49.97,0600:30:15,1,08
19:54:07,0.13443,218.90,0.40296,11.85647,34.6209,2.92566,4.59407,49.95,0600:30:20,1,08
19:54:08,0.13577,219.00,0.40311,11.99244,35.01793,2.92566,4.59407,49.96,0600:30:20,1,08
19:54:09,0.13657,219.20,0.40554,12.14201,35.45466,2.92566,4.59407,49.96,0600:30:21,1,08
19:54:13,0.13461,219.70,0.40074,11.85647,34.6209,2.92566,4.59407,49.96,0600:30:26,1,08
19:54:15,0.13431,219.50,0.39954,11.78849,34.42239,2.92566,4.59407,49.96,0600:30:27,1,08
19:54:16,0.13474,219.70,0.40083,11.87007,34.6606,2.92566,4.59407,49.97,0600:30:28,1,08
19:54:18,0.13461,219.80,0.40028,11.84288,34.5812,2.92566,4.59407,49.97,0600:30:31,1,08
19:54:21,0.13492,219.80,0.40009,11.87007,34.6606,2.92566,4.59407,49.99,0600:30:33,1,08
19:54:23,0.13431,219.90,0.40064,11.84288,34.5812,2.92566,4.59407,49.99,0600:30:34,1,08
19:54:25,0.13449,220.00,0.40028,11.84288,34.5812,2.92566,4.59417,49.99,0600:30:37,1,08
19:54:26,0.13425,220.10,0.40156,11.87007,34.6606,2.92566,4.59417,49.99,0600:30:38,1,08
19:54:28,0.13486,220.20,0.39936,11.87007,34.6606,2.92576,4.59417,50.01,0600:30:39,1,08
19:54:32,0.13565,220.40,0.39591,11.84288,34.5812,2.92576,4.59417,50.03,0600:30:44,1,08
19:54:35,0.134,220.30,0.40101,11.84288,34.5812,2.92576,4.59417,50.03,0600:30:46,1,08
19:54:37,0.13577,220.20,0.39727,11.88367,34.70031,2.92576,4.59417,50.03,0600:30:49,1,08
19:54:38,0.13492,220.10,0.39844,11.84288,34.5812,2.92576,4.59417,50.03,0600:30:50,1,08
19:54:39,0.13492,220.10,0.39844,11.84288,34.5812,2.92576,4.59417,50.04,0600:30:50,1,08
19:54:40,0.13626,220.10,0.39574,11.87007,34.6606,2.92576,4.59417,50.04,0600:30:51,1,08
19:54:41,0.13449,220.20,0.39954,11.84288,34.5812,2.92576,4.59417,50.03,0600:30:53,1,08
19:54:42,0.13541,220.30,0.39845,11.89726,34.74001,2.92576,4.59417,50.03,0600:30:54,1,08
19:54:44,0.13443,220.40,0.39954,11.84288,34.5812,2.92576,4.59417,50.03,0600:30:56,1,08
19:54:45,0.13443,220.40,0.39954,11.84288,34.5812,2.92576,4.59417,50.03,0600:30:56,1,08
19:54:46,0.13584,220.30,0.39555,11.84288,34.5812,2.92576,4.59427,50.03,0600:30:58,1,08
19:54:49,0.13449,220.10,0.39945,11.82928,34.5415,2.92576,4.59427,50.03,0600:31:01,1,08
19:54:50,0.13455,220.20,0.40046,11.87007,34.6606,2.92576,4.59427,50.04,0600:31:02,1,08
19:54:54,0.13461,220.20,0.39917,11.84288,34.5812,2.92576,4.59427,50.04,0600:31:06,1,08
19:54:55,0.13522,220.10,0.39726,11.82928,34.5415,2.92576,4.59427,50.04,0600:31:07,1,08
19:54:59,0.13449,220.00,0.40119,11.87007,34.6606,2.92586,4.59427,50.03,0600:31:11,1,08
19:55:01,0.13437,220.30,0.40083,11.87007,34.6606,2.92586,4.59427,50.03,0600:31:13,1,08
19:55:05,0.13468,220.40,0.39927,11.85647,34.6209,2.92586,4.59427,50.03,0600:31:17,1,08
19:55:09,0.13407,220.00,0.40184,11.85647,34.6209,2.92586,4.59437,50.01,0600:31:21,1,08
19:55:10,0.13412,220.00,0.40101,11.84288,34.5812,2.92586,4.59437,50.01,0600:31:22,1,08
19:55:11,0.13608,220.00,0.40418,12.10122,35.33555,2.92586,4.59437,50.01,0600:31:23,1,08
19:55:12,0.13608,220.10,0.40154,12.03323,35.13704,2.92586,4.59437,50.01,0600:31:24,1,08
19:55:13,0.13443,220.00,0.40119,11.87007,34.6606,2.92586,4.59437,50.01,0600:31:25,1,08
19:55:14,0.13443,220.00,0.40119,11.87007,34.6606,2.92586,4.59437,50.00,0600:31:26,1,08
19:55:15,0.13443,220.00,0.40119,11.87007,34.6606,2.92586,4.59437,50.00,0600:31:27,1,08
19:55:16,0.13412,220.20,0.40064,11.84288,34.5812,2.92586,4.59437,50.01,0600:31:28,1,08
19:55:17,0.13437,220.20,0.40129,11.88367,34.70031,2.92586,4.59437,50.01,0600:31:29,1,08
19:55:23,0.13529,220.00,0.39772,11.84288,34.5812,2.92586,4.59437,49.99,0600:31:35,1,08
19:55:25,0.1348,219.80,0.40046,11.87007,34.6606,2.92586,4.59437,50.00,0600:31:37,1,08
19:55:26,0.13412,220.00,0.40193,11.87007,34.6606,2.92586,4.59447,49.97,0600:31:38,1,08
19:55:29,0.13407,220.10,0.40184,11.85647,34.6209,2.92596,4.59447,49.97,0600:31:41,1,08
19:55:32,0.13351,219.90,0.4037,11.85647,34.6209,2.92596,4.59447,49.99,0600:31:44,1,08
19:55:33,0.13449,219.90,0.39982,11.82928,34.5415,2.92596,4.59447,49.99,0600:31:45,1,08
19:55:36,0.13449,219.70,0.40156,11.87007,34.6606,2.92596,4.59447,49.97,0600:31:48,1,08
19:55:38,0.13431,219.70,0.40147,11.85647,34.6209,2.92596,4.59447,49.96,0600:31:50,1,08
19:55:42,0.13425,219.30,0.40259,11.85647,34.6209,2.92596,4.59447,49.96,0600:31:54,1,08
19:55:44,0.13376,219.60,0.40287,11.84288,34.5812,2.92596,4.59447,49.97,0600:31:56,1,08
19:55:45,0.13407,219.70,0.40175,11.84288,34.5812,2.92596,4.59447,49.97,0600:31:57,1,08
19:55:46,0.13388,219.70,0.40296,11.85647,34.6209,2.92596,4.59457,49.95,0600:31:58,1,08
19:55:51,0.13376,219.50,0.40231,11.81568,34.50179,2.92596,4.59457,49.96,0600:32:03,1,08
19:55:53,0.13369,219.60,0.40417,11.87007,34.6606,2.92596,4.59457,49.96,0600:32:05,1,08
19:55:54,0.13381,219.70,0.40296,11.85647,34.6209,2.92596,4.59457,49.97,0600:32:06,1,08
19:55:55,0.13419,219.70,0.40138,11.84288,34.5812,2.92596,4.59457,49.97,0600:32:07,1,08
19:55:58,0.13632,219.90,0.4048,12.14201,35.45466,2.92596,4.59457,49.97,0600:32:10,1,08
19:56:00,0.13419,220.00,0.40147,11.85647,34.6209,2.92607,4.59457,50.00,0600:32:12,1,08
19:56:04,0.134,219.50,0.40203,11.82928,34.5415,2.92607,4.59457,50.00,0600:32:16,1,08
19:56:05,0.13419,219.80,0.40276,11.88367,34.70031,2.92607,4.59457,50.00,0600:32:17,1,08
19:56:09,0.13412,219.50,0.40212,11.84288,34.5812,2.92607,4.59467,50.04,0600:32:21,1,08
19:56:15,0.13584,219.30,0.40328,12.01964,35.09734,2.92607,4.59467,50.04,0600:32:27,1,08
19:56:18,0.13443,219.40,0.40323,11.89726,34.74001,2.92607,4.59467,50.04,0600:32:30,1,08
19:56:24,0.134,219.30,0.40194,11.81568,34.50179,2.92607,4.59467,50.04,0600:32:35,1,08
19:56:26,0.13449,219.00,0.40166,11.82928,34.5415,2.92607,4.59467,50.04,0600:32:38,1,08
19:56:27,0.134,218.90,0.40269,11.81568,34.50179,2.92607,4.59477,50.03,0600:32:39,1,08
19:56:33,0.1365,218.50,0.41112,12.26438,35.81199,2.92617,4.59477,50.04,0600:32:45,1,08
19:56:35,0.17708,218.40,0.48805,18.88605,55.14728,2.92617,4.59477,50.03,0600:32:46,1,08
19:56:37,0.17077,218.70,0.47271,17.66234,51.57403,2.92617,4.59477,50.03,0600:32:49,1,08
19:56:39,0.16976,218.60,0.4707,17.47198,51.01818,2.92617,4.59477,50.04,0600:32:51,1,08
19:56:41,0.17192,218.70,0.46674,17.55356,51.25641,2.92617,4.59477,50.03,0600:32:52,1,08
19:56:42,0.17087,218.70,0.47309,17.68953,51.65343,2.92617,4.59477,50.03,0600:32:54,1,08
19:56:43,0.17057,218.70,0.47014,17.55356,51.25641,2.92617,4.59477,50.01,0600:32:55,1,08
19:56:44,0.17087,218.80,0.46984,17.58076,51.33581,2.92617,4.59477,50.03,0600:32:56,1,08
19:56:47,0.1699,219.10,0.47226,17.59435,51.37551,2.92617,4.59487,50.01,0600:32:58,1,08
19:56:50,0.24171,219.30,0.50974,27.04418,78.969,2.92617,4.59487,50.03,0600:33:02,1,08
19:56:51,0.25403,219.20,0.51196,28.52624,83.29662,2.92627,4.59487,50.03,0600:33:03,1,08
19:56:52,0.25403,219.20,0.51196,28.52624,83.29662,2.92627,4.59487,50.03,0600:33:03,1,08
19:56:53,0.25793,219.10,0.5125,28.98853,84.64651,2.92627,4.59487,50.03,0600:33:05,1,08
19:56:54,0.25825,219.20,0.51392,29.1245,85.04354,2.92627,4.59487,50.03,0600:33:06,1,08
19:56:56,0.25764,219.30,0.51611,29.17889,85.20235,2.92627,4.59487,50.03,0600:33:08,1,08
19:56:58,0.2571,219.50,0.51686,29.17889,85.20235,2.92627,4.59487,50.03,0600:33:09,1,08
19:57:00,0.25889,219.40,0.51364,29.19249,85.24206,2.92627,4.59487,50.03,0600:33:12,1,08
19:57:01,0.25659,219.30,0.51498,28.98853,84.64651,2.92627,4.59497,50.01,0600:33:13,1,08
19:57:02,0.2578,219.50,0.51465,29.1381,85.08324,2.92627,4.59497,50.03,0600:33:14,1,08
19:57:04,0.25783,219.90,0.51605,29.28766,85.51997,2.92637,4.59497,50.03,0600:33:16,1,08
19:57:07,0.2579,219.90,0.51557,29.26047,85.44057,2.92637,4.59497,50.01,0600:33:19,1,08
19:57:09,0.25665,220.00,0.51708,29.21968,85.32146,2.92637,4.59497,50.03,0600:33:21,1,08
19:57:10,0.25665,220.00,0.51708,29.21968,85.32146,2.92637,4.59497,50.03,0600:33:22,1,08
19:57:12,0.25429,220.10,0.51432,28.81177,84.13037,2.92637,4.59497,50.03,0600:33:24,1,08
19:57:14,0.25155,220.20,0.51423,28.49904,83.21721,2.92637,4.59508,50.03,0600:33:26,1,08
19:57:19,0.25168,219.80,0.51621,28.58062,83.45542,2.92648,4.59508,50.01,0600:33:31,1,08
19:57:20,0.25374,219.80,0.51389,28.6758,83.73335,2.92648,4.59508,50.00,0600:33:32,1,08
19:57:21,0.25184,219.80,0.51448,28.49904,83.21721,2.92648,4.59508,50.00,0600:33:33,1,08
19:57:27,0.25046,219.60,0.51655,28.43106,83.01869,2.92648,4.59518,50.00,0600:33:39,1,08
19:57:28,0.25155,219.50,0.51575,28.49904,83.21721,2.92648,4.59518,50.01,0600:33:40,1,08
19:57:31,0.25184,219.40,0.515,28.47185,83.13781,2.92658,4.59518,50.00,0600:33:43,1,08
19:57:36,0.25256,218.90,0.51622,28.56703,83.41573,2.92658,4.59518,50.00,0600:33:48,1,08
19:57:39,0.25195,218.70,0.51628,28.45825,83.0981,2.92658,4.59518,50.00,0600:33:51,1,08
19:57:40,0.25244,218.70,0.51599,28.51264,83.25692,2.92658,4.59518,49.97,0600:33:52,1,08
19:57:42,0.25468,218.90,0.5195,28.97494,84.60681,2.92668,4.59528,49.97,0600:33:54,1,08
19:57:43,0.25882,219.10,0.51797,29.39644,85.8376,2.92668,4.59528,49.97,0600:33:55,1,08
19:57:45,0.25882,218.70,0.51776,29.32845,85.63908,2.92668,4.59528,49.99,0600:33:57,1,08
19:57:46,0.25809,219.00,0.51923,29.36924,85.75819,2.92668,4.59528,49.97,0600:33:58,1,08
19:57:47,0.25623,219.10,0.51742,29.07011,84.88473,2.92668,4.59528,49.97,0600:33:59,1,08
19:57:48,0.2586,219.00,0.51775,29.34205,85.67879,2.92668,4.59528,49.97,0600:34:00,1,08
19:57:53,0.25835,219.10,0.51992,29.45083,85.99641,2.92668,4.59528,49.97,0600:34:05,1,08
19:57:54,0.25623,219.20,0.51911,29.17889,85.20235,2.92678,4.59528,49.97,0600:34:06,1,08
19:57:55,0.2559,219.30,0.51695,29.02932,84.76562,2.92678,4.59538,49.97,0600:34:07,1,08
19:57:58,0.25684,219.50,0.51494,29.05651,84.84502,2.92678,4.59538,49.99,0600:34:10,1,08
19:58:01,0.25514,219.30,0.51943,29.08371,84.92444,2.92678,4.59538,49.99,0600:34:13,1,08
19:58:02,0.25626,219.20,0.51862,29.16529,85.16265,2.92678,4.59538,50.01,0600:34:14,1,08
19:58:04,0.25617,219.30,0.51741,29.09731,84.96413,2.92678,4.59538,50.00,0600:34:16,1,08
19:58:05,0.25575,219.40,0.51889,29.1381,85.08324,2.92678,4.59538,50.00,0600:34:17,1,08
19:58:06,0.2571,219.30,0.51928,29.30126,85.55968,2.92678,4.59538,50.01,0600:34:18,1,08
19:58:09,0.25879,219.20,0.52011,29.53241,86.23463,2.92688,4.59549,50.01,0600:34:21,1,08
19:58:10,0.25578,219.30,0.51817,29.08371,84.92444,2.92688,4.59549,50.01,0600:34:23,1,08
19:58:11,0.25733,219.40,0.51901,29.32845,85.63908,2.92688,4.59549,50.01,0600:34:23,1,08
19:58:12,0.25848,219.30,0.51894,29.43723,85.95671,2.92688,4.59549,50.03,0600:34:24,1,08
19:58:13,0.25575,219.20,0.51745,29.02932,84.76562,2.92688,4.59549,50.03,0600:34:25,1,08
19:58:15,0.25598,218.90,0.51867,29.08371,84.92444,2.92688,4.59549,50.03,0600:34:27,1,08
19:58:16,0.25895,219.10,0.51773,29.38284,85.7979,2.92688,4.59549,50.03,0600:34:29,1,08
19:58:17,0.25895,219.10,0.51773,29.38284,85.7979,2.92688,4.59549,50.03,0600:34:29,1,08
19:58:18,0.257,219.00,0.51835,29.19249,85.24206,2.92688,4.59549,50.01,0600:34:30,1,08
19:58:21,0.25478,219.20,0.51898,29.00213,84.68623,2.92699,4.59549,50.01,0600:34:32,1,08
19:58:22,0.25335,219.40,0.51638,28.71659,83.85246,2.92699,4.59549,50.01,0600:34:34,1,08
19:58:25,0.25351,219.50,0.51441,28.63501,83.61424,2.92699,4.59559,50.03,0600:34:36,1,08
19:58:26,0.25338,219.50,0.51588,28.71659,83.85246,2.92699,4.59559,50.03,0600:34:37,1,08
19:58:27,0.25335,219.50,0.51369,28.58062,83.45542,2.92699,4.59559,50.01,0600:34:38,1,08
19:58:30,0.13662,219.60,0.40399,12.12841,35.41496,2.92699,4.59559,50.01,0600:34:41,1,08
19:58:31,0.13449,219.50,0.4047,11.95165,34.89882,2.92699,4.59559,50.01,0600:34:42,1,08
19:58:32,0.13412,219.50,0.40397,11.89726,34.74001,2.92699,4.59559,50.01,0600:34:43,1,08
19:58:34,0.13474,219.20,0.40202,11.88367,34.70031,2.92699,4.59559,50.01,0600:34:46,1,08
19:58:37,0.13412,219.50,0.40443,11.91086,34.77971,2.92699,4.59559,50.01,0600:34:48,1,08
19:58:38,0.13455,219.60,0.40294,11.91086,34.77971,2.92699,4.59559,50.01,0600:34:49,1,08
19:58:39,0.13522,219.70,0.40073,11.91086,34.77971,2.92699,4.59559,50.03,0600:34:51,1,08
19:58:44,0.13498,219.90,0.39927,11.85647,34.6209,2.92709,4.59569,50.01,0600:34:56,1,08
19:58:45,0.13412,219.80,0.4023,11.87007,34.6606,2.92709,4.59569,50.03,0600:34:57,1,08
19:58:46,0.13449,219.80,0.40119,11.87007,34.6606,2.92709,4.59569,50.03,0600:34:58,1,08
19:58:50,0.13307,219.80,0.4052,11.85647,34.6209,2.92709,4.59569,50.03,0600:35:02,1,08
19:58:53,0.13443,219.80,0.40248,11.89726,34.74001,2.92709,4.59569,50.01,0600:35:04,1,08
19:58:54,0.13443,219.80,0.40156,11.87007,34.6606,2.92709,4.59569,50.01,0600:35:05,1,08
19:58:55,0.13363,219.90,0.40333,11.85647,34.6209,2.92709,4.59569,50.01,0600:35:07,1,08
19:58:56,0.13376,220.00,0.40305,11.87007,34.6606,2.92709,4.59569,50.01,0600:35:08,1,08
19:58:57,0.13412,220.00,0.40369,11.91086,34.77971,2.92709,4.59569,50.01,0600:35:09,1,08
19:58:58,0.13437,220.10,0.40165,11.88367,34.70031,2.92709,4.59569,50.01,0600:35:10,1,08
19:58:59,0.13437,220.10,0.40165,11.88367,34.70031,2.92709,4.59569,50.01,0600:35:10,1,08
19:59:00,0.13376,220.30,0.40406,11.91086,34.77971,2.92709,4.59569,50.01,0600:35:12,1,08
19:59:02,0.13425,220.50,0.40266,11.92446,34.81942,2.92709,4.59579,50.01,0600:35:14,1,08
19:59:03,0.13443,220.50,0.40138,11.89726,34.74001,2.92709,4.59579,50.01,0600:35:15,1,08
19:59:06,0.13338,220.40,0.4025,11.84288,34.5812,2.92709,4.59579,50.00,0600:35:18,1,08
19:59:08,0.13437,220.30,0.40129,11.88367,34.70031,2.92709,4.59579,50.01,0600:35:20,1,08
19:59:09,0.134,220.30,0.40239,11.88367,34.70031,2.92709,4.59579,50.01,0600:35:21,1,08
19:59:11,0.13486,220.30,0.40302,11.97884,34.97823,2.92719,4.59579,49.99,0600:35:23,1,08
19:59:12,0.13431,220.10,0.4011,11.85647,34.6209,2.92719,4.59579,49.99,0600:35:24,1,08
19:59:14,0.13307,219.80,0.40567,11.87007,34.6606,2.92719,4.59579,49.99,0600:35:26,1,08
19:59:15,0.13338,219.70,0.40445,11.85647,34.6209,2.92719,4.59579,49.99,0600:35:27,1,08
19:59:16,0.13376,219.80,0.40388,11.88367,34.70031,2.92719,4.59579,49.97,0600:35:28,1,08
19:59:17,0.13449,219.90,0.40211,11.89726,34.74001,2.92719,4.59579,49.97,0600:35:29,1,08
19:59:22,0.17999,220.10,0.48388,19.18519,56.02074,2.92719,4.5959,49.97,0600:35:34,1,08
19:59:24,0.17178,220.10,0.47124,17.8255,52.05046,2.92719,4.5959,49.97,0600:35:36,1,08
19:59:25,0.17388,220.10,0.47124,18.04305,52.6857,2.92719,4.5959,49.97,0600:35:37,1,08
19:59:30,0.16917,220.10,0.47226,17.59435,51.37551,2.92719,4.5959,49.97,0600:35:42,1,08
19:59:31,0.1714,220.20,0.46904,17.71672,51.73284,2.92719,4.5959,49.97,0600:35:43,1,08
19:59:32,0.16926,220.20,0.47155,17.58076,51.33581,2.92719,4.5959,49.99,0600:35:44,1,08
19:59:35,0.19296,220.40,0.49617,21.11594,61.65855,2.92729,4.5959,49.99,0600:35:47,1,08
19:59:37,0.19441,220.50,0.49746,21.33349,62.2938,2.92729,4.5959,49.99,0600:35:49,1,08
19:59:38,0.22091,220.50,0.50446,24.58314,71.78278,2.92729,4.5959,50.00,0600:35:50,1,08
19:59:39,0.26469,220.50,0.517,30.18506,88.14037,2.92729,4.596,50.00,0600:35:51,1,08
19:59:44,0.27626,220.20,0.52032,31.68071,92.50768,2.92729,4.596,50.03,0600:35:56,1,08
19:59:45,0.27854,220.00,0.5235,32.10221,93.73847,2.92729,4.596,50.03,0600:35:57,1,08
19:59:50,0.27712,219.40,0.52436,31.89826,93.14294,2.9274,4.596,50.03,0600:36:02,1,08
19:59:52,0.27646,219.40,0.52106,31.62633,92.34888,2.9274,4.5961,50.03,0600:36:04,1,08
19:59:54,0.27774,219.70,0.52205,31.87107,93.06352,2.9274,4.5961,50.03,0600:36:06,1,08
19:59:55,0.27733,219.70,0.52297,31.88467,93.10323,2.9274,4.5961,50.03,0600:36:07,1,08
19:59:56,0.27777,219.50,0.52117,31.80309,92.86501,2.9274,4.5961,50.03,0600:36:08,1,08
20:00:01,0.28008,219.50,0.51834,31.89826,93.14294,2.9275,4.5961,50.01,0600:36:13,1,08
20:00:03,0.27795,219.30,0.51962,31.69431,92.54739,2.9275,4.5961,50.00,0600:36:15,1,08
20:00:04,0.27893,219.30,0.51932,31.78949,92.82531,2.9275,4.5962,50.00,0600:36:16,1,08
20:00:07,0.27926,218.60,0.51869,31.69431,92.54739,2.9275,4.5962,49.97,0600:36:19,1,08
20:00:08,0.28184,219.10,0.51981,32.11581,93.77818,2.9275,4.5962,49.99,0600:36:20,1,08
20:00:10,0.27721,219.50,0.51987,31.66712,92.46799,2.9276,4.5962,50.00,0600:36:22,1,08
20:00:13,0.28079,219.20,0.51965,32.00703,93.46054,2.9276,4.5962,49.97,0600:36:25,1,08
20:00:19,0.27923,219.30,0.51753,31.7079,92.58708,2.9276,4.59631,49.96,0600:36:30,1,08
20:00:20,0.27807,219.30,0.51782,31.61273,92.30917,2.9276,4.59631,49.96,0600:36:31,1,08
20:00:22,0.28014,219.80,0.51611,31.80309,92.86501,2.9277,4.59631,49.96,0600:36:33,1,08
20:00:24,0.28079,219.90,0.51893,32.06142,93.61936,2.9277,4.59631,49.95,0600:36:35,1,08
20:00:25,0.28088,219.90,0.51717,31.95265,93.30173,2.9277,4.59631,49.95,0600:36:36,1,08
20:00:28,0.27574,219.90,0.51502,31.24561,91.23719,2.9277,4.59631,49.95,0600:36:40,1,08
20:00:29,0.27881,219.90,0.5164,31.68071,92.50768,2.9277,4.59641,49.95,0600:36:41,1,08
20:00:30,0.27881,219.90,0.5164,31.68071,92.50768,2.9277,4.59641,49.95,0600:36:41,1,08
20:00:31,0.27715,219.90,0.51605,31.47676,91.91213,2.9277,4.59641,49.96,0600:36:42,1,08
20:00:33,0.27789,220.20,0.51732,31.68071,92.50768,2.9278,4.59641,49.96,0600:36:45,1,08
20:00:35,0.27762,220.20,0.51534,31.51755,92.03124,2.9278,4.59641,49.95,0600:36:47,1,08
20:00:36,0.27762,220.20,0.51534,31.51755,92.03124,2.9278,4.59641,49.95,0600:36:47,1,08
20:00:41,0.26862,220.10,0.5154,30.49779,89.05354,2.9278,4.59641,49.99,0600:36:53,1,08
20:00:43,0.25494,220.10,0.51332,28.82537,84.17008,2.9278,4.59651,49.99,0600:36:54,1,08
20:00:45,0.25309,220.20,0.51121,28.51264,83.25692,2.92791,4.59651,50.00,0600:36:57,1,08
20:00:49,0.25263,220.00,0.51197,28.48545,83.1775,2.92791,4.59651,50.01,0600:37:00,1,08
20:00:52,0.2753,220.00,0.5175,31.36799,91.59452,2.92791,4.59651,50.01,0600:37:04,1,08
20:00:53,0.27682,220.00,0.51517,31.39518,91.67393,2.92791,4.59651,50.01,0600:37:05,1,08
20:00:55,0.27946,219.80,0.51593,31.7079,92.58708,2.92791,4.59661,50.03,0600:37:06,1,08
20:00:56,0.27801,219.70,0.5169,31.59913,92.26947,2.92791,4.59661,50.03,0600:37:08,1,08
20:01:02,0.27846,219.90,0.51775,31.7351,92.66649,2.92801,4.59661,50.03,0600:37:14,1,08
20:01:07,0.27616,220.10,0.51363,31.24561,91.23719,2.92801,4.59661,50.01,0600:37:19,1,08
20:01:08,0.27837,220.10,0.51641,31.66712,92.46799,2.92801,4.59672,50.01,0600:37:20,1,08
20:01:09,0.2778,220.10,0.51488,31.51755,92.03124,2.92811,4.59672,50.01,0600:37:21,1,08
20:01:12,0.13565,220.10,0.40255,12.01964,35.09734,2.92811,4.59672,50.03,0600:37:24,1,08
20:01:14,0.13492,220.10,0.40302,11.97884,34.97823,2.92811,4.59672,50.01,0600:37:26,1,08
20:01:15,0.13535,220.20,0.40146,11.96525,34.93852,2.92811,4.59672,50.01,0600:37:27,1,08
20:01:16,0.13577,220.10,0.40036,11.96525,34.93852,2.92811,4.59672,50.03,0600:37:28,1,08
20:01:17,0.13517,220.10,0.40228,11.97884,34.97823,2.92811,4.59672,50.03,0600:37:29,1,08
20:01:18,0.13474,220.10,0.40147,11.91086,34.77971,2.92811,4.59672,50.01,0600:37:30,1,08
20:01:19,0.13461,219.80,0.40174,11.89726,34.74001,2.92811,4.59672,50.01,0600:37:31,1,08
20:01:22,0.13492,219.70,0.40147,11.91086,34.77971,2.92811,4.59672,50.01,0600:37:34,1,08
20:01:24,0.14049,220.00,0.41117,12.71308,37.12218,2.92811,4.59672,50.03,0600:37:36,1,08
20:01:25,0.14126,220.00,0.40857,12.69948,37.08248,2.92811,4.59672,50.03,0600:37:37,1,08
20:01:28,0.17605,219.80,0.47015,18.20621,53.16214,2.92811,4.59682,50.03,0600:37:40,1,08
20:01:30,0.17718,219.80,0.4686,18.2606,53.32095,2.92811,4.59682,50.01,0600:37:42,1,08
20:01:32,0.17577,220.10,0.47015,18.20621,53.16214,2.92811,4.59682,50.01,0600:37:44,1,08
20:01:33,0.17587,220.10,0.4691,18.16542,53.04303,2.92821,4.59682,50.01,0600:37:45,1,08
20:01:39,0.17666,220.00,0.47063,18.30139,53.44006,2.92821,4.59682,50.01,0600:37:51,1,08
20:01:41,0.17652,220.00,0.47166,18.32858,53.51946,2.92821,4.59682,50.01,0600:37:53,1,08
20:01:42,0.17601,219.90,0.46945,18.17902,53.08273,2.92821,4.59682,50.00,0600:37:54,1,08
20:01:48,0.17806,219.60,0.47116,18.43736,53.83709,2.92821,4.59692,49.99,0600:38:00,1,08
20:01:52,0.17861,219.70,0.47299,18.57333,54.23412,2.92831,4.59692,49.97,0600:38:04,1,08
20:01:53,0.17976,220.20,0.46909,18.57333,54.23412,2.92831,4.59692,49.97,0600:38:05,1,08
20:01:54,0.17976,220.20,0.46909,18.57333,54.23412,2.92831,4.59692,49.96,0600:38:06,1,08
20:01:57,0.17666,219.90,0.47201,18.34218,53.55917,2.92831,4.59692,49.95,0600:38:09,1,08
20:01:58,0.1753,220.00,0.47111,18.17902,53.08273,2.92831,4.59692,49.96,0600:38:10,1,08
20:01:59,0.17722,220.10,0.47108,18.38297,53.67828,2.92831,4.59692,49.96,0600:38:11,1,08
20:02:02,0.17614,220.00,0.47195,18.30139,53.44006,2.92831,4.59702,49.95,0600:38:14,1,08
20:02:04,0.17577,220.10,0.47156,18.2606,53.32095,2.92831,4.59702,49.94,0600:38:16,1,08
20:02:05,0.17577,220.10,0.47156,18.2606,53.32095,2.92831,4.59702,49.94,0600:38:17,1,08
20:02:07,0.17587,220.20,0.47018,18.21981,53.20185,2.92831,4.59702,49.95,0600:38:19,1,08
20:02:09,0.1769,220.20,0.47034,18.32858,53.51946,2.92831,4.59702,49.96,0600:38:20,1,08
20:02:11,0.17676,219.90,0.47203,18.35578,53.59887,2.92831,4.59702,49.95,0600:38:22,1,08
20:02:12,0.17464,219.80,0.47132,18.09744,52.84452,2.92831,4.59702,49.96,0600:38:23,1,08
20:02:13,0.17464,219.80,0.47132,18.09744,52.84452,2.92842,4.59702,49.96,0600:38:24,1,08
20:02:15,0.17614,219.80,0.47368,18.35578,53.59887,2.92842,4.59702,49.96,0600:38:26,1,08
20:02:17,0.17633,220.00,0.47304,18.36937,53.63857,2.92842,4.59702,49.97,0600:38:28,1,08
20:02:19,0.1754,220.00,0.47042,18.16542,53.04303,2.92842,4.59702,49.97,0600:38:30,1,08
20:02:22,0.17487,219.50,0.47734,18.32858,53.51946,2.92842,4.59712,49.99,0600:38:33,1,08
20:02:25,0.17384,219.80,0.47475,18.15182,53.00333,2.92842,4.59712,50.01,0600:38:36,1,08
20:02:26,0.17469,219.80,0.47771,18.35578,53.59887,2.92842,4.59712,50.01,0600:38:37,1,08
20:02:27,0.17549,219.90,0.47324,18.2742,53.36066,2.92842,4.59712,50.01,0600:38:38,1,08
20:02:29,0.17388,219.60,0.47331,18.08384,52.80481,2.92842,4.59712,50.01,0600:38:41,1,08
20:02:30,0.17614,219.50,0.47259,18.28779,53.40036,2.92842,4.59712,50.03,0600:38:42,1,08
20:02:33,0.1769,219.00,0.47861,18.55973,54.19442,2.92852,4.59712,50.03,0600:38:44,1,08
20:02:35,0.17591,219.10,0.47602,18.35578,53.59887,2.92852,4.59712,50.01,0600:38:47,1,08
20:02:37,0.17558,219.20,0.4714,18.15182,53.00333,2.92852,4.59712,50.03,0600:38:48,1,08
20:02:39,0.17596,219.40,0.46866,18.09744,52.84452,2.92852,4.59723,50.04,0600:38:50,1,08
20:02:40,0.17601,219.60,0.47293,18.28779,53.40036,2.92852,4.59723,50.03,0600:38:52,1,08
20:02:41,0.17587,219.60,0.47326,18.28779,53.40036,2.92852,4.59723,50.03,0600:38:53,1,08
20:02:43,0.17521,219.50,0.47067,18.11103,52.88422,2.92852,4.59723,50.03,0600:38:54,1,08
20:02:45,0.17497,219.60,0.47348,18.20621,53.16214,2.92852,4.59723,50.03,0600:38:57,1,08
20:02:46,0.17605,219.60,0.4733,18.31499,53.47976,2.92852,4.59723,50.03,0600:38:58,1,08
20:02:49,0.17549,219.80,0.47428,18.30139,53.44006,2.92852,4.59723,50.03,0600:39:00,1,08
20:02:50,0.17473,219.90,0.47277,18.17902,53.08273,2.92852,4.59723,50.01,0600:39:01,1,08
20:02:55,0.17596,219.80,0.4733,18.31499,53.47976,2.92862,4.59723,50.01,0600:39:06,1,08
20:02:57,0.17521,219.70,0.47246,18.19262,53.12244,2.92862,4.59733,50.01,0600:39:09,1,08
20:02:58,0.1768,219.80,0.47273,18.38297,53.67828,2.92862,4.59733,50.01,0600:39:10,1,08
20:03:02,0.17572,219.80,0.47115,18.20621,53.16214,2.92862,4.59733,50.00,0600:39:14,1,08
20:03:03,0.1754,219.70,0.47109,18.16542,53.04303,2.92862,4.59733,50.00,0600:39:15,1,08
20:03:04,0.17815,219.80,0.46981,18.41016,53.75768,2.92862,4.59733,50.01,0600:39:16,1,08
20:03:06,0.17656,219.70,0.46919,18.21981,53.20185,2.92862,4.59733,50.00,0600:39:18,1,08
20:03:07,0.17741,219.70,0.47036,18.34218,53.55917,2.92862,4.59733,50.00,0600:39:19,1,08
20:03:08,0.17521,219.70,0.47034,18.11103,52.88422,2.92862,4.59733,50.00,0600:39:20,1,08
20:03:10,0.17755,219.70,0.46794,18.2606,53.32095,2.92862,4.59733,50.00,0600:39:22,1,08
20:03:11,0.17708,219.70,0.46858,18.247,53.28125,2.92862,4.59733,50.00,0600:39:23,1,08
20:03:13,0.17587,219.90,0.46978,18.17902,53.08273,2.92872,4.59743,49.99,0600:39:25,1,08
20:03:17,0.17545,219.80,0.47111,18.17902,53.08273,2.92872,4.59743,50.00,0600:39:29,1,08
20:03:19,0.17511,219.80,0.47281,18.20621,53.16214,2.92872,4.59743,49.97,0600:39:31,1,08
20:03:21,0.17577,220.20,0.47507,18.39657,53.71798,2.92872,4.59743,49.97,0600:39:33,1,08
20:03:22,0.17436,220.30,0.47275,18.16542,53.04303,2.92872,4.59743,49.97,0600:39:34,1,08
20:03:23,0.17483,220.30,0.47354,18.247,53.28125,2.92872,4.59743,49.97,0600:39:35,1,08
20:03:24,0.17629,220.30,0.47271,18.36937,53.63857,2.92872,4.59743,49.97,0600:39:36,1,08
20:03:25,0.17464,220.20,0.46926,18.05664,52.7254,2.92872,4.59743,49.97,0600:39:37,1,08
20:03:26,0.17469,220.20,0.47316,18.21981,53.20185,2.92872,4.59743,49.99,0600:39:38,1,08
20:03:28,0.17445,220.40,0.47102,18.12463,52.92392,2.92872,4.59743,49.97,0600:39:40,1,08
20:03:31,0.17511,220.30,0.47252,18.23341,53.24155,2.92872,4.59753,49.97,0600:39:43,1,08
20:03:32,0.17629,220.20,0.47374,18.39657,53.71798,2.92882,4.59753,49.97,0600:39:44,1,08
20:03:33,0.17436,220.30,0.47275,18.16542,53.04303,2.92882,4.59753,49.97,0600:39:45,1,08
20:03:38,0.17577,220.30,0.47439,18.38297,53.67828,2.92882,4.59753,49.99,0600:39:50,1,08
20:03:39,0.17624,220.20,0.46744,18.15182,53.00333,2.92882,4.59753,49.99,0600:39:51,1,08
20:03:42,0.17422,219.80,0.47374,18.15182,53.00333,2.92882,4.59753,50.00,0600:39:54,1,08
20:03:43,0.17455,220.00,0.47311,18.17902,53.08273,2.92882,4.59753,50.00,0600:39:55,1,08
20:03:45,0.17445,220.20,0.47171,18.13823,52.96363,2.92882,4.59753,50.00,0600:39:57,1,08
20:03:46,0.17483,220.20,0.47283,18.21981,53.20185,2.92882,4.59753,50.01,0600:39:58,1,08
20:03:47,0.17624,220.30,0.47341,18.39657,53.71798,2.92882,4.59753,50.01,0600:39:59,1,08
20:03:49,0.1726,220.00,0.46958,17.8391,52.09016,2.92882,4.59763,50.04,0600:40:01,1,08
20:03:52,0.17535,219.80,0.47602,18.35578,53.59887,2.92892,4.59763,50.03,0600:40:04,1,08
20:03:53,0.17596,219.60,0.47046,18.19262,53.12244,2.92892,4.59763,50.03,0600:40:05,1,08
20:03:57,0.17553,219.80,0.47394,18.30139,53.44006,2.92892,4.59763,50.01,0600:40:09,1,08
20:03:58,0.17643,219.70,0.47125,18.2742,53.36066,2.92892,4.59763,50.03,0600:40:10,1,08
20:03:59,0.17587,219.90,0.47505,18.38297,53.67828,2.92892,4.59763,50.03,0600:40:11,1,08
20:04:00,0.17478,219.90,0.47206,18.15182,53.00333,2.92892,4.59763,50.01,0600:40:12,1,08
20:04:04,0.17713,219.90,0.47244,18.41016,53.75768,2.92892,4.59763,50.01,0600:40:15,1,08
20:04:06,0.17596,220.40,0.47477,18.42376,53.79739,2.92892,4.59763,50.01,0600:40:17,1,08
20:04:07,0.17469,220.40,0.47177,18.17902,53.08273,2.92892,4.59773,50.01,0600:40:18,1,08
20:04:13,0.17492,220.30,0.47038,18.13823,52.96363,2.92902,4.59773,50.01,0600:40:25,1,08
20:04:17,0.17661,220.30,0.47207,18.38297,53.67828,2.92902,4.59773,50.01,0600:40:28,1,08
20:04:22,0.17656,219.80,0.47129,18.30139,53.44006,2.92902,4.59773,50.00,0600:40:33,1,08
20:04:23,0.17535,219.80,0.47496,18.31499,53.47976,2.92902,4.59773,50.01,0600:40:34,1,08
20:04:27,0.17671,219.50,0.46776,18.15182,53.00333,2.92902,4.59784,49.99,0600:40:38,1,08
20:04:28,0.17596,219.60,0.47011,18.17902,53.08273,2.92902,4.59784,49.97,0600:40:39,1,08
20:04:30,0.17666,219.70,0.46814,18.17902,53.08273,2.92902,4.59784,49.96,0600:40:42,1,08
20:04:31,0.1761,219.70,0.4677,18.11103,52.88422,2.92912,4.59784,49.96,0600:40:43,1,08
20:04:33,0.1769,219.60,0.46676,18.13823,52.96363,2.92912,4.59784,49.96,0600:40:44,1,08
20:04:35,0.17727,219.60,0.47034,18.32858,53.51946,2.92912,4.59784,49.95,0600:40:46,1,08
20:04:36,0.17671,219.70,0.46604,18.09744,52.84452,2.92912,4.59784,49.96,0600:40:48,1,08
20:04:37,0.17694,219.60,0.47168,18.34218,53.55917,2.92912,4.59784,49.96,0600:40:49,1,08
20:04:41,0.17875,220.10,0.47168,18.57333,54.23412,2.92912,4.59784,49.95,0600:40:53,1,08
20:04:44,0.17703,220.20,0.46688,18.20621,53.16214,2.92912,4.59794,49.94,0600:40:55,1,08
20:04:45,0.17708,220.30,0.46553,18.17902,53.08273,2.92912,4.59794,49.94,0600:40:56,1,08
20:04:46,0.17884,220.50,0.46692,18.42376,53.79739,2.92912,4.59794,49.95,0600:40:58,1,08
20:04:50,0.17703,220.80,0.46488,18.17902,53.08273,2.92912,4.59794,49.95,0600:41:01,1,08
20:04:52,0.17727,220.60,0.46664,18.2606,53.32095,2.92922,4.59794,49.97,0600:41:04,1,08
20:05:01,0.17694,220.70,0.46694,18.247,53.28125,2.92922,4.59804,49.99,0600:41:13,1,08
20:05:02,0.17497,220.50,0.47042,18.16542,53.04303,2.92922,4.59804,50.01,0600:41:13,1,08
20:05:04,0.17473,220.50,0.46968,18.11103,52.88422,2.92922,4.59804,50.01,0600:41:16,1,08
20:05:05,0.17629,220.40,0.46993,18.2742,53.36066,2.92922,4.59804,50.01,0600:41:17,1,08
20:05:07,0.1753,220.20,0.46901,18.11103,52.88422,2.92922,4.59804,50.01,0600:41:19,1,08
20:05:10,0.17633,220.20,0.46711,18.15182,53.00333,2.92922,4.59804,50.01,0600:41:22,1,08
20:05:11,0.17731,220.20,0.47147,18.42376,53.79739,2.92932,4.59804,50.01,0600:41:23,1,08
20:05:12,0.17619,220.10,0.46987,18.23341,53.24155,2.92932,4.59804,50.01,0600:41:24,1,08
20:05:13,0.17407,220.10,0.46915,17.98866,52.5269,2.92932,4.59804,50.01,0600:41:25,1,08
20:05:19,0.13657,219.80,0.39674,11.91086,34.77971,2.92932,4.59814,49.99,0600:41:31,1,08
20:05:20,0.13734,219.80,0.39424,11.91086,34.77971,2.92932,4.59814,50.00,0600:41:32,1,08
20:05:21,0.13759,219.90,0.39488,11.95165,34.89882,2.92932,4.59814,50.00,0600:41:33,1,08
20:05:23,0.13783,219.70,0.39318,11.91086,34.77971,2.92932,4.59814,50.00,0600:41:35,1,08
20:05:27,0.13717,220.00,0.39505,11.92446,34.81942,2.92932,4.59814,50.01,0600:41:39,1,08
20:05:28,0.13776,220.10,0.39427,11.96525,34.93852,2.92932,4.59814,50.03,0600:41:40,1,08
20:05:29,0.13734,220.20,0.39353,11.91086,34.77971,2.92932,4.59814,50.03,0600:41:41,1,08
20:05:30,0.13776,220.20,0.39247,11.91086,34.77971,2.92932,4.59814,50.01,0600:41:42,1,08
20:05:32,0.13741,220.10,0.39353,11.91086,34.77971,2.92932,4.59814,50.03,0600:41:44,1,08
20:05:34,0.13788,220.10,0.39158,11.88367,34.70031,2.92932,4.59814,50.03,0600:41:46,1,08
20:05:35,0.13753,220.10,0.39273,11.89726,34.74001,2.92932,4.59814,50.03,0600:41:47,1,08
20:05:36,0.13722,220.20,0.39388,11.91086,34.77971,2.92932,4.59814,50.01,0600:41:48,1,08
20:05:37,0.13711,220.10,0.39459,11.91086,34.77971,2.92932,4.59814,50.01,0600:41:49,1,08
20:05:40,0.13746,220.10,0.39353,11.91086,34.77971,2.92942,4.59824,50.01,0600:41:52,1,08
20:05:41,0.13807,220.30,0.39455,12.00604,35.05763,2.92942,4.59824,50.01,0600:41:53,1,08
20:05:42,0.1392,220.30,0.39716,12.1828,35.57377,2.92942,4.59824,50.01,0600:41:54,1,08
20:05:43,0.13771,220.30,0.39247,11.91086,34.77971,2.92942,4.59824,50.01,0600:41:55,1,08
20:05:45,0.13734,220.30,0.39353,11.91086,34.77971,2.92942,4.59824,50.00,0600:41:57,1,08
20:05:46,0.13746,220.50,0.39372,11.93806,34.85912,2.92942,4.59824,50.01,0600:41:58,1,08
20:05:47,0.13729,220.50,0.39318,11.91086,34.77971,2.92942,4.59824,50.01,0600:41:59,1,08
20:05:48,0.13741,220.60,0.39282,11.91086,34.77971,2.92942,4.59824,50.01,0600:42:00,1,08
20:05:49,0.13741,220.50,0.39238,11.89726,34.74001,2.92942,4.59824,50.01,0600:42:01,1,08
20:05:50,0.13759,220.60,0.39212,11.91086,34.77971,2.92942,4.59824,50.01,0600:42:02,1,08
20:05:51,0.13759,220.50,0.39202,11.89726,34.74001,2.92942,4.59824,50.01,0600:42:03,1,08
20:05:55,0.13692,220.50,0.39334,11.88367,34.70031,2.92942,4.59824,50.01,0600:42:07,1,08
20:05:57,0.13711,220.60,0.39398,11.92446,34.81942,2.92942,4.59824,50.01,0600:42:09,1,08
20:05:59,0.13741,220.50,0.39302,11.93806,34.85912,2.92942,4.59834,50.01,0600:42:11,1,08
20:06:01,0.13759,220.60,0.39257,11.92446,34.81942,2.92942,4.59834,50.00,0600:42:13,1,08
20:06:03,0.13849,220.50,0.39047,11.92446,34.81942,2.92942,4.59834,50.00,0600:42:15,1,08
20:06:05,0.13734,220.60,0.39238,11.89726,34.74001,2.92942,4.59834,49.99,0600:42:17,1,08
20:06:09,0.13734,220.70,0.39282,11.91086,34.77971,2.92942,4.59834,49.99,0600:42:20,1,08
20:06:12,0.13795,220.60,0.39196,11.93806,34.85912,2.92952,4.59834,49.99,0600:42:23,1,08
20:06:14,0.1383,220.60,0.39003,11.91086,34.77971,2.92952,4.59834,49.99,0600:42:25,1,08
20:06:15,0.13753,220.70,0.39257,11.92446,34.81942,2.92952,4.59834,49.97,0600:42:26,1,08
20:06:16,0.13788,220.80,0.39107,11.91086,34.77971,2.92952,4.59834,49.97,0600:42:27,1,08
20:06:17,0.13741,220.90,0.39212,11.91086,34.77971,2.92952,4.59834,49.96,0600:42:28,1,08
20:06:18,0.13776,220.90,0.39196,11.93806,34.85912,2.92952,4.59845,49.96,0600:42:29,1,08
20:06:19,0.13644,220.90,0.39495,11.91086,34.77971,2.92952,4.59845,49.96,0600:42:30,1,08
20:06:20,0.13644,220.90,0.39495,11.91086,34.77971,2.92952,4.59845,49.96,0600:42:31,1,08
20:06:21,0.13657,220.90,0.3955,11.93806,34.85912,2.92952,4.59845,49.95,0600:42:32,1,08
20:06:25,0.13674,220.80,0.39424,11.91086,34.77971,2.92952,4.59845,49.96,0600:42:37,1,08
20:06:31,0.13662,220.80,0.39369,11.88367,34.70031,2.92952,4.59845,49.95,0600:42:43,1,08
20:06:33,0.1368,220.60,0.39514,11.93806,34.85912,2.92952,4.59845,49.96,0600:42:44,1,08
20:06:34,0.1365,220.60,0.3944,11.88367,34.70031,2.92952,4.59845,49.95,0600:42:45,1,08
20:06:36,0.13704,220.70,0.39398,11.92446,34.81942,2.92952,4.59845,49.95,0600:42:48,1,08
20:06:38,0.13638,220.60,0.39521,11.89726,34.74001,2.92952,4.59855,49.95,0600:42:49,1,08
20:06:40,0.13687,220.30,0.39324,11.87007,34.6606,2.92962,4.59855,49.96,0600:42:51,1,08
20:06:45,0.13878,220.40,0.39556,12.10122,35.33555,2.92962,4.59855,49.99,0600:42:56,1,08
20:06:46,0.13668,220.30,0.3935,11.85647,34.6209,2.92962,4.59855,49.99,0600:42:57,1,08
20:06:48,0.13668,220.20,0.39702,11.95165,34.89882,2.92962,4.59855,50.00,0600:43:00,1,08
20:06:49,0.13668,220.20,0.39531,11.91086,34.77971,2.92962,4.59855,50.00,0600:43:01,1,08
20:06:50,0.13692,220.40,0.39459,11.91086,34.77971,2.92962,4.59855,50.01,0600:43:01,1,08
20:06:52,0.13687,220.40,0.39369,11.88367,34.70031,2.92962,4.59855,50.01,0600:43:04,1,08
20:06:53,0.13692,220.30,0.39414,11.89726,34.74001,2.92962,4.59855,50.01,0600:43:05,1,08
20:06:54,0.13722,220.40,0.39398,11.92446,34.81942,2.92962,4.59855,50.03,0600:43:06,1,08
20:06:55,0.13776,220.50,0.39311,11.95165,34.89882,2.92962,4.59855,50.03,0600:43:07,1,08
20:06:56,0.13734,220.50,0.39497,11.96525,34.93852,2.92962,4.59855,50.03,0600:43:07,1,08
20:06:57,0.13674,220.50,0.39405,11.88367,34.70031,2.92962,4.59855,50.03,0600:43:08,1,08
20:06:59,0.13734,220.10,0.39299,11.88367,34.70031,2.92962,4.59865,50.01,0600:43:11,1,08
20:07:00,0.13729,219.80,0.39459,11.91086,34.77971,2.92962,4.59865,50.04,0600:43:12,1,08
20:07:02,0.13717,219.80,0.39405,11.88367,34.70031,2.92962,4.59865,50.03,0600:43:13,1,08
20:07:04,0.13759,219.50,0.39379,11.89726,34.74001,2.92962,4.59865,50.03,0600:43:16,1,08
20:07:05,0.13771,219.60,0.39353,11.91086,34.77971,2.92962,4.59865,50.03,0600:43:17,1,08
20:07:10,0.13753,220.00,0.39218,11.87007,34.6606,2.92972,4.59865,50.03,0600:43:22,1,08
20:07:11,0.13783,220.00,0.39462,11.96525,34.93852,2.92972,4.59865,50.03,0600:43:23,1,08
20:07:13,0.13674,219.90,0.39467,11.87007,34.6606,2.92972,4.59865,50.01,0600:43:25,1,08
20:07:14,0.13722,220.00,0.39505,11.92446,34.81942,2.92972,4.59865,50.01,0600:43:25,1,08
20:07:15,0.13699,220.00,0.39405,11.88367,34.70031,2.92972,4.59865,50.01,0600:43:27,1,08
20:07:17,0.13486,220.10,0.40064,11.89726,34.74001,2.92972,4.59875,50.01,0600:43:29,1,08
20:07:18,0.13468,220.00,0.40092,11.88367,34.70031,2.92972,4.59875,50.03,0600:43:30,1,08
20:07:20,0.134,219.90,0.40314,11.88367,34.70031,2.92972,4.59875,50.00,0600:43:32,1,08
20:07:21,0.13431,219.90,0.40202,11.88367,34.70031,2.92972,4.59875,50.00,0600:43:33,1,08
20:07:22,0.14602,219.90,0.4221,13.55608,39.58376,2.92972,4.59875,50.01,0600:43:34,1,08
20:07:23,0.18267,219.80,0.48985,19.68827,57.48975,2.92972,4.59875,50.01,0600:43:35,1,08
20:07:24,0.17948,219.90,0.48175,19.02202,55.54431,2.92972,4.59875,50.00,0600:43:36,1,08
20:07:25,0.18132,219.90,0.48125,19.19878,56.06044,2.92972,4.59875,50.00,0600:43:37,1,08
20:07:26,0.18123,220.00,0.48194,19.22598,56.13985,2.92972,4.59875,50.00,0600:43:38,1,08
20:07:27,0.18077,219.90,0.48189,19.17159,55.98104,2.92972,4.59875,50.00,0600:43:39,1,08
20:07:28,0.18137,219.80,0.48091,19.18519,56.02074,2.92972,4.59875,50.00,0600:43:40,1,08
20:07:29,0.18222,219.80,0.47794,19.1444,55.90164,2.92972,4.59875,50.00,0600:43:41,1,08
20:07:34,0.18091,219.50,0.48323,19.19878,56.06044,2.92983,4.59875,49.99,0600:43:46,1,08
20:07:35,0.18177,219.50,0.48059,19.18519,56.02074,2.92983,4.59885,49.99,0600:43:47,1,08
20:07:36,0.1805,219.40,0.48284,19.1308,55.86194,2.92983,4.59885,49.97,0600:43:48,1,08
20:07:37,0.18137,219.40,0.48156,19.17159,55.98104,2.92983,4.59885,49.97,0600:43:49,1,08
20:07:38,0.18137,219.40,0.48156,19.17159,55.98104,2.92983,4.59885,49.97,0600:43:50,1,08
20:07:40,0.18214,219.50,0.47995,19.19878,56.06044,2.92983,4.59885,49.96,0600:43:52,1,08
20:07:43,0.21412,219.40,0.49855,23.44101,68.44775,2.92983,4.59885,49.97,0600:43:55,1,08
20:07:44,0.21412,219.40,0.49855,23.44101,68.44775,2.92983,4.59885,49.96,0600:43:56,1,08
20:07:45,0.2137,219.30,0.49797,23.35943,68.20953,2.92983,4.59885,49.96,0600:43:57,1,08
20:07:47,0.23358,219.20,0.50265,25.75248,75.19723,2.92983,4.59885,49.95,0600:43:59,1,08
20:07:58,0.25829,219.70,0.51364,29.17889,85.20235,2.92993,4.59895,49.96,0600:44:10,1,08
20:08:00,0.26149,220.10,0.51251,29.51881,86.19492,2.92993,4.59895,49.96,0600:44:11,1,08
20:08:01,0.25936,220.10,0.5119,29.23328,85.36117,2.92993,4.59895,49.97,0600:44:12,1,08
20:08:04,0.25767,219.80,0.51343,29.1109,85.00385,2.93003,4.59895,49.97,0600:44:15,1,08
20:08:05,0.25968,219.90,0.51404,29.36924,85.75819,2.93003,4.59906,49.97,0600:44:16,1,08
20:08:07,0.26051,220.10,0.51256,29.41003,85.8773,2.93003,4.59906,49.99,0600:44:18,1,08
20:08:09,0.25813,220.00,0.5122,29.1109,85.00385,2.93003,4.59906,50.00,0600:44:20,1,08
20:08:15,0.26013,219.70,0.51165,29.26047,85.44057,2.93003,4.59906,50.03,0600:44:26,1,08
20:08:16,0.26146,219.60,0.51041,29.32845,85.63908,2.93014,4.59906,50.03,0600:44:27,1,08
20:08:17,0.25882,219.70,0.51338,29.20608,85.28177,2.93014,4.59906,50.03,0600:44:28,1,08
20:08:18,0.26111,219.70,0.51374,29.49162,86.11552,2.93014,4.59916,50.04,0600:44:29,1,08
20:08:19,0.25921,219.60,0.51098,29.1109,85.00385,2.93014,4.59916,50.04,0600:44:30,1,08
20:08:20,0.26303,219.60,0.51199,29.60039,86.43314,2.93014,4.59916,50.01,0600:44:31,1,08
20:08:21,0.26303,219.60,0.51199,29.60039,86.43314,2.93014,4.59916,50.01,0600:44:32,1,08
20:08:24,0.26016,219.90,0.51116,29.27407,85.48027,2.93014,4.59916,50.01,0600:44:35,1,08
20:08:25,0.26221,220.00,0.51013,29.45083,85.99641,2.93014,4.59916,50.01,0600:44:36,1,08
20:08:26,0.25975,219.90,0.51213,29.27407,85.48027,2.93014,4.59916,50.01,0600:44:38,1,08
20:08:27,0.25975,219.90,0.51213,29.27407,85.48027,2.93014,4.59916,50.01,0600:44:38,1,08
20:08:30,0.26101,220.00,0.51349,29.50521,86.15522,2.93024,4.59916,50.01,0600:44:41,1,08
20:08:31,0.26397,220.00,0.51123,29.70917,86.75076,2.93024,4.59926,50.01,0600:44:42,1,08
20:08:32,0.28038,219.90,0.51543,31.80309,92.86501,2.93024,4.59926,50.01,0600:44:44,1,08
20:08:35,0.28155,220.30,0.51314,31.85747,93.02383,2.93024,4.59926,50.00,0600:44:46,1,08
20:08:36,0.28254,220.30,0.51571,32.12941,93.81788,2.93024,4.59926,50.00,0600:44:47,1,08
20:08:37,0.28072,220.20,0.5156,31.89826,93.14294,2.93024,4.59926,50.00,0600:44:49,1,08
20:08:38,0.28058,220.20,0.51297,31.7215,92.62679,2.93024,4.59926,50.00,0600:44:50,1,08
20:08:40,0.28322,220.20,0.51373,32.06142,93.61936,2.93034,4.59926,50.00,0600:44:51,1,08
20:08:41,0.28357,220.20,0.51349,32.08862,93.69877,2.93034,4.59926,50.00,0600:44:52,1,08
20:08:42,0.28096,220.10,0.5123,31.7079,92.58708,2.93034,4.59926,49.99,0600:44:53,1,08
20:08:43,0.28266,220.10,0.51288,31.93905,93.26203,2.93034,4.59936,49.99,0600:44:55,1,08
20:08:44,0.28421,220.20,0.51368,32.1702,93.93697,2.93034,4.59936,49.99,0600:44:56,1,08
20:08:45,0.28108,220.20,0.51163,31.69431,92.54739,2.93034,4.59936,49.99,0600:44:56,1,08
20:08:46,0.28014,220.20,0.513,31.66712,92.46799,2.93034,4.59936,49.99,0600:44:57,1,08
20:08:47,0.28257,220.20,0.51157,31.85747,93.02383,2.93034,4.59936,49.99,0600:44:58,1,08
20:08:48,0.28252,220.10,0.51289,31.92546,93.22234,2.93034,4.59936,49.96,0600:45:00,1,08
20:08:49,0.2831,220.10,0.51505,32.11581,93.77818,2.93034,4.59936,49.96,0600:45:01,1,08
20:08:53,0.28313,220.50,0.51284,32.03423,93.53996,2.93044,4.59936,49.96,0600:45:04,1,08
20:08:55,0.28161,220.40,0.51073,31.7215,92.62679,2.93044,4.59946,49.97,0600:45:07,1,08
20:08:56,0.28176,220.40,0.514,31.93905,93.26203,2.93044,4.59946,49.96,0600:45:08,1,08
20:08:57,0.28134,219.90,0.51625,31.96624,93.34143,2.93044,4.59946,49.96,0600:45:08,1,08
20:08:58,0.28228,219.80,0.51642,32.07502,93.65907,2.93044,4.59946,49.96,0600:45:09,1,08
20:08:59,0.27884,219.80,0.51596,31.65352,92.42827,2.93044,4.59946,49.96,0600:45:11,1,08
20:09:02,0.2828,220.10,0.5155,32.10221,93.73847,2.93044,4.59946,49.96,0600:45:14,1,08
20:09:03,0.28105,220.20,0.51713,32.02063,93.50025,2.93054,4.59946,49.96,0600:45:14,1,08
20:09:04,0.28134,220.20,0.51579,31.97984,93.38114,2.93054,4.59946,49.95,0600:45:15,1,08
20:09:05,0.28046,220.20,0.51474,31.81668,92.90472,2.93054,4.59946,49.95,0600:45:17,1,08
20:09:06,0.28292,220.10,0.51833,32.29257,94.29431,2.93054,4.59946,49.95,0600:45:18,1,08
20:09:07,0.28076,220.00,0.51694,31.95265,93.30173,2.93054,4.59957,49.95,0600:45:19,1,08
20:09:10,0.28093,219.90,0.51627,31.92546,93.22234,2.93054,4.59957,49.95,0600:45:22,1,08
20:09:12,0.28249,220.10,0.51595,32.10221,93.73847,2.93054,4.59957,49.95,0600:45:24,1,08
20:09:15,0.28272,220.30,0.51614,32.1702,93.93697,2.93065,4.59957,49.97,0600:45:26,1,08
20:09:21,0.13565,220.10,0.39936,11.92446,34.81942,2.93065,4.59957,50.01,0600:45:33,1,08
20:09:22,0.13541,220.10,0.39973,11.92446,34.81942,2.93065,4.59967,50.03,0600:45:34,1,08
20:09:23,0.13522,220.00,0.40174,11.95165,34.89882,2.93065,4.59967,50.03,0600:45:35,1,08
20:09:25,0.13657,220.00,0.39819,11.96525,34.93852,2.93065,4.59967,50.01,0600:45:37,1,08
20:09:26,0.13608,219.90,0.40009,11.97884,34.97823,2.93065,4.59967,50.03,0600:45:38,1,08
20:09:28,0.1359,219.90,0.39991,11.95165,34.89882,2.93065,4.59967,50.01,0600:45:40,1,08
20:09:29,0.13632,219.80,0.39846,11.95165,34.89882,2.93065,4.59967,50.01,0600:45:41,1,08
20:09:30,0.1365,219.70,0.39846,11.95165,34.89882,2.93065,4.59967,50.01,0600:45:42,1,08
20:09:35,0.13602,219.70,0.39945,11.93806,34.85912,2.93065,4.59967,50.01,0600:45:47,1,08
20:09:36,0.1362,219.80,0.39827,11.92446,34.81942,2.93065,4.59967,50.01,0600:45:48,1,08
20:09:37,0.13632,220.00,0.39891,11.96525,34.93852,2.93065,4.59967,50.01,0600:45:49,1,08
20:09:38,0.13674,220.00,0.39566,11.91086,34.77971,2.93065,4.59967,50.00,0600:45:50,1,08
20:09:40,0.13608,220.00,0.39782,11.91086,34.77971,2.93065,4.59967,50.01,0600:45:52,1,08
20:09:44,0.13553,219.90,0.39927,11.91086,34.77971,2.93075,4.59977,50.00,0600:45:56,1,08
20:09:45,0.13553,219.90,0.39927,11.91086,34.77971,2.93075,4.59977,50.00,0600:45:57,1,08
20:09:47,0.13541,220.00,0.39963,11.91086,34.77971,2.93075,4.59977,50.01,0600:45:59,1,08
20:09:48,0.13553,220.10,0.40018,11.93806,34.85912,2.93075,4.59977,50.01,0600:46:00,1,08
20:09:49,0.13529,220.10,0.39963,11.91086,34.77971,2.93075,4.59977,50.01,0600:46:01,1,08
20:09:53,0.13602,220.20,0.40018,11.99244,35.01793,2.93075,4.59977,50.03,0600:46:05,1,08
20:09:59,0.13657,219.90,0.39683,11.92446,34.81942,2.93075,4.59977,50.03,0600:46:10,1,08
20:10:02,0.1348,220.10,0.40101,11.89726,34.74001,2.93075,4.59977,50.01,0600:46:13,1,08
20:10:03,0.13577,220.00,0.39854,11.91086,34.77971,2.93075,4.59987,50.01,0600:46:14,1,08
20:10:04,0.13577,220.00,0.39854,11.91086,34.77971,2.93075,4.59987,50.01,0600:46:15,1,08
20:10:05,0.13577,220.00,0.39854,11.91086,34.77971,2.93075,4.59987,49.99,0600:46:16,1,08
20:10:06,0.13565,220.00,0.39845,11.89726,34.74001,2.93075,4.59987,49.99,0600:46:17,1,08
20:10:08,0.13692,219.80,0.39837,11.99244,35.01793,2.93075,4.59987,49.99,0600:46:19,1,08
20:10:09,0.13595,219.80,0.399,11.92446,34.81942,2.93075,4.59987,49.99,0600:46:20,1,08
20:10:11,0.13657,220.00,0.39819,11.96525,34.93852,2.93075,4.59987,49.97,0600:46:22,1,08
20:10:15,0.1365,220.00,0.39729,11.93806,34.85912,2.93085,4.59987,49.96,0600:46:26,1,08
20:10:18,0.13674,220.10,0.39756,11.97884,34.97823,2.93085,4.59987,49.95,0600:46:29,1,08
20:10:19,0.13577,220.10,0.395,11.81568,34.50179,2.93085,4.59987,49.95,0600:46:30,1,08
20:10:21,0.13722,219.90,0.3955,11.93806,34.85912,2.93085,4.59987,49.94,0600:46:33,1,08
20:10:23,0.13668,220.30,0.39621,11.93806,34.85912,2.93085,4.59998,49.95,0600:46:34,1,08
20:10:24,0.13704,220.40,0.39469,11.92446,34.81942,2.93085,4.59998,49.95,0600:46:35,1,08
20:10:27,0.1365,220.50,0.39476,11.88367,34.70031,2.93085,4.59998,49.95,0600:46:38,1,08
20:10:28,0.13704,220.60,0.39254,11.87007,34.6606,2.93085,4.59998,49.96,0600:46:40,1,08
20:10:30,0.13692,220.70,0.39388,11.91086,34.77971,2.93085,4.59998,49.96,0600:46:41,1,08
20:10:31,0.1365,220.70,0.39531,11.91086,34.77971,2.93085,4.59998,49.96,0600:46:42,1,08
20:10:33,0.13595,220.60,0.39719,11.92446,34.81942,2.93085,4.59998,49.95,0600:46:45,1,08
20:10:39,0.13717,220.40,0.39443,11.93806,34.85912,2.93085,4.59998,49.96,0600:46:51,1,08
20:10:40,0.13687,220.70,0.39424,11.91086,34.77971,2.93085,4.59998,49.95,0600:46:52,1,08
20:10:41,0.13711,220.60,0.39398,11.92446,34.81942,2.93085,4.59998,49.95,0600:46:52,1,08
20:10:42,0.13668,220.60,0.39414,11.89726,34.74001,2.93095,4.59998,49.97,0600:46:53,1,08
20:10:43,0.13734,220.70,0.39417,11.95165,34.89882,2.93095,4.60008,49.97,0600:46:54,1,08
20:10:46,0.13776,220.50,0.39132,11.89726,34.74001,2.93095,4.60008,49.99,0600:46:58,1,08
20:10:50,0.1362,220.50,0.39593,11.89726,34.74001,2.93095,4.60008,49.99,0600:47:02,1,08
20:10:51,0.13614,220.60,0.39729,11.93806,34.85912,2.93095,4.60008,49.99,0600:47:03,1,08
20:10:52,0.13517,220.50,0.39881,11.89726,34.74001,2.93095,4.60008,49.99,0600:47:03,1,08
20:10:54,0.1348,220.60,0.40037,11.91086,34.77971,2.93095,4.60008,49.99,0600:47:06,1,08
20:10:55,0.13535,220.50,0.39845,11.89726,34.74001,2.93095,4.60008,49.99,0600:47:07,1,08
20:10:58,0.13807,220.40,0.39777,12.11481,35.37526,2.93095,4.60008,50.01,0600:47:09,1,08
20:11:00,0.13608,220.50,0.3981,11.95165,34.89882,2.93095,4.60008,50.01,0600:47:12,1,08
20:11:02,0.13753,220.60,0.39785,12.07402,35.25615,2.93095,4.60018,50.01,0600:47:14,1,08
20:11:05,0.13657,220.70,0.3954,11.92446,34.81942,2.93095,4.60018,50.03,0600:47:17,1,08
20:11:06,0.13638,220.60,0.39566,11.91086,34.77971,2.93095,4.60018,50.01,0600:47:18,1,08
20:11:07,0.13595,220.50,0.39665,11.89726,34.74001,2.93095,4.60018,50.01,0600:47:19,1,08
20:11:09,0.13602,220.60,0.39719,11.92446,34.81942,2.93095,4.60018,50.03,0600:47:21,1,08
20:11:10,0.13866,220.60,0.39822,12.1828,35.57377,2.93095,4.60018,50.04,0600:47:21,1,08
20:11:13,0.13547,220.50,0.39763,11.88367,34.70031,2.93105,4.60018,50.03,0600:47:25,1,08
20:11:17,0.13692,220.60,0.39424,11.91086,34.77971,2.93105,4.60018,50.01,0600:47:29,1,08
20:11:19,0.13729,220.30,0.39263,11.88367,34.70031,2.93105,4.60018,50.01,0600:47:31,1,08
20:11:20,0.13795,220.50,0.39321,11.96525,34.93852,2.93105,4.60018,50.01,0600:47:32,1,08
20:11:24,0.1365,220.80,0.3945,11.89726,34.74001,2.93105,4.60028,50.00,0600:47:36,1,08
20:11:26,0.13687,220.80,0.39344,11.89726,34.74001,2.93105,4.60028,50.01,0600:47:38,1,08
20:11:27,0.13687,220.80,0.39344,11.89726,34.74001,2.93105,4.60028,50.01,0600:47:39,1,08
20:11:28,0.13668,220.70,0.39414,11.89726,34.74001,2.93105,4.60028,50.01,0600:47:40,1,08
20:11:30,0.1365,220.80,0.3954,11.92446,34.81942,2.93105,4.60028,49.99,0600:47:42,1,08
20:11:31,0.13632,220.80,0.39566,11.91086,34.77971,2.93105,4.60028,49.99,0600:47:43,1,08
20:11:32,0.13704,221.00,0.39363,11.92446,34.81942,2.93105,4.60028,49.97,0600:47:44,1,08
20:11:34,0.13662,221.10,0.39379,11.89726,34.74001,2.93105,4.60028,49.97,0600:47:46,1,08
20:11:35,0.13662,221.00,0.39424,11.91086,34.77971,2.93105,4.60028,49.97,0600:47:47,1,08
20:11:37,0.13674,220.60,0.39459,11.91086,34.77971,2.93105,4.60028,49.97,0600:47:49,1,08
20:11:38,0.13704,220.60,0.39344,11.89726,34.74001,2.93105,4.60028,49.97,0600:47:50,1,08
20:11:43,0.13687,219.60,0.39286,11.81568,34.50179,2.93115,4.60038,49.96,0600:47:55,1,08
20:11:46,0.13668,219.70,0.39593,11.89726,34.74001,2.93115,4.60038,49.96,0600:47:58,1,08
20:11:47,0.1368,219.70,0.39557,11.89726,34.74001,2.93115,4.60038,49.96,0600:47:59,1,08
20:11:49,0.1368,219.80,0.39602,11.91086,34.77971,2.93115,4.60038,49.96,0600:48:00,1,08
20:11:50,0.13729,219.80,0.3964,11.96525,34.93852,2.93115,4.60038,49.96,0600:48:01,1,08
20:11:51,0.13704,219.90,0.39675,11.96525,34.93852,2.93115,4.60038,49.97,0600:48:02,1,08
20:11:52,0.13687,220.00,0.39666,11.95165,34.89882,2.93115,4.60038,49.95,0600:48:03,1,08
20:11:54,0.13657,220.20,0.39376,11.84288,34.5812,2.93115,4.60038,49.95,0600:48:05,1,08
20:11:56,0.13626,220.20,0.39674,11.91086,34.77971,2.93115,4.60038,49.96,0600:48:07,1,08
20:11:57,0.13657,220.40,0.39531,11.91086,34.77971,2.93115,4.60038,49.96,0600:48:08,1,08
20:11:58,0.13657,220.40,0.39531,11.91086,34.77971,2.93115,4.60038,49.96,0600:48:09,1,08
20:11:59,0.13704,220.60,0.39478,11.93806,34.85912,2.93115,4.60038,49.96,0600:48:10,1,08
20:12:00,0.1389,220.60,0.39796,12.19639,35.61347,2.93115,4.60038,49.96,0600:48:11,1,08
20:12:01,0.13692,220.50,0.39604,11.96525,34.93852,2.93115,4.60038,49.97,0600:48:12,1,08
20:12:03,0.13668,220.30,0.39531,11.91086,34.77971,2.93115,4.60048,49.96,0600:48:14,1,08
20:12:04,0.13668,220.40,0.39585,11.93806,34.85912,2.93115,4.60048,49.97,0600:48:15,1,08
20:12:05,0.13632,220.50,0.39647,11.92446,34.81942,2.93115,4.60048,49.97,0600:48:16,1,08
20:12:06,0.13668,220.50,0.39495,11.91086,34.77971,2.93115,4.60048,49.97,0600:48:17,1,08
20:12:09,0.13632,220.60,0.39602,11.91086,34.77971,2.93115,4.60048,49.97,0600:48:20,1,08
20:12:11,0.13662,220.60,0.39585,11.93806,34.85912,2.93115,4.60048,49.99,0600:48:22,1,08
20:12:13,0.13711,220.60,0.39353,11.91086,34.77971,2.93125,4.60048,49.99,0600:48:24,1,08
20:12:14,0.13717,220.50,0.39398,11.92446,34.81942,2.93125,4.60048,50.00,0600:48:25,1,08
20:12:16,0.13687,220.60,0.39469,11.92446,34.81942,2.93125,4.60048,50.00,0600:48:27,1,08
20:12:17,0.13687,220.50,0.39369,11.88367,34.70031,2.93125,4.60048,50.00,0600:48:28,1,08
20:12:18,0.1368,220.50,0.39505,11.92446,34.81942,2.93125,4.60048,50.00,0600:48:29,1,08
20:12:21,0.13614,220.50,0.39547,11.88367,34.70031,2.93125,4.60048,50.00,0600:48:32,1,08
20:12:22,0.1362,220.50,0.39638,11.91086,34.77971,2.93125,4.60058,50.00,0600:48:33,1,08
20:12:24,0.13662,220.20,0.39476,11.88367,34.70031,2.93125,4.60058,50.01,0600:48:35,1,08
20:12:25,0.13668,220.10,0.39476,11.88367,34.70031,2.93125,4.60058,50.01,0600:48:36,1,08
20:12:28,0.13699,220.20,0.39505,11.92446,34.81942,2.93125,4.60058,50.03,0600:48:39,1,08
20:12:30,0.13626,220.20,0.39629,11.89726,34.74001,2.93125,4.60058,50.03,0600:48:41,1,08
20:12:31,0.1362,220.10,0.39574,11.87007,34.6606,2.93125,4.60058,50.03,0600:48:42,1,08
20:12:32,0.1368,220.00,0.39612,11.92446,34.81942,2.93125,4.60058,50.03,0600:48:43,1,08
20:12:33,0.1362,219.90,0.3961,11.87007,34.6606,2.93125,4.60058,50.03,0600:48:45,1,08
20:12:37,0.13657,220.10,0.39512,11.88367,34.70031,2.93125,4.60058,50.03,0600:48:48,1,08
20:12:38,0.13614,220.10,0.39701,11.89726,34.74001,2.93125,4.60058,50.01,0600:48:50,1,08
20:12:39,0.13657,220.00,0.39512,11.88367,34.70031,2.93125,4.60058,50.01,0600:48:51,1,08
20:12:40,0.13614,220.00,0.39701,11.89726,34.74001,2.93125,4.60058,50.01,0600:48:51,1,08
20:12:42,0.1368,220.30,0.39495,11.91086,34.77971,2.93125,4.60068,50.01,0600:48:53,1,08
20:12:43,0.13644,220.40,0.39602,11.91086,34.77971,2.93135,4.60068,50.01,0600:48:55,1,08
20:12:44,0.13644,220.50,0.39566,11.91086,34.77971,2.93135,4.60068,50.00,0600:48:56,1,08
20:12:45,0.13674,220.50,0.39405,11.88367,34.70031,2.93135,4.60068,50.00,0600:48:57,1,08
20:12:46,0.13717,220.50,0.39308,11.89726,34.74001,2.93135,4.60068,50.01,0600:48:57,1,08
20:12:48,0.13717,220.60,0.39353,11.91086,34.77971,2.93135,4.60068,50.01,0600:48:59,1,08
20:12:49,0.13662,220.60,0.39495,11.91086,34.77971,2.93135,4.60068,50.01,0600:49:01,1,08
20:12:50,0.13668,220.70,0.39414,11.89726,34.74001,2.93135,4.60068,49.97,0600:49:02,1,08
20:12:51,0.1368,220.60,0.39369,11.88367,34.70031,2.93135,4.60068,49.97,0600:49:03,1,08
20:12:55,0.13674,220.40,0.39495,11.91086,34.77971,2.93135,4.60068,49.99,0600:49:07,1,08
20:12:58,0.13638,220.50,0.39467,11.87007,34.6606,2.93135,4.60068,49.96,0600:49:09,1,08
20:13:02,0.13729,220.50,0.39677,12.01964,35.09734,2.93135,4.60078,49.96,0600:49:14,1,08
20:13:05,0.13644,220.50,0.39521,11.89726,34.74001,2.93135,4.60078,49.95,0600:49:17,1,08
20:13:06,0.13699,220.50,0.39424,11.91086,34.77971,2.93135,4.60078,49.96,0600:49:18,1,08
20:13:07,0.13687,220.50,0.39469,11.92446,34.81942,2.93135,4.60078,49.96,0600:49:19,1,08
20:13:08,0.13746,220.70,0.39606,12.01964,35.09734,2.93135,4.60078,49.96,0600:49:20,1,08
20:13:09,0.13746,220.70,0.39292,11.92446,34.81942,2.93135,4.60078,49.96,0600:49:21,1,08
20:13:10,0.13746,220.70,0.39292,11.92446,34.81942,2.93135,4.60078,49.96,0600:49:21,1,08
20:13:12,0.13783,220.60,0.39321,11.96525,34.93852,2.93135,4.60078,49.96,0600:49:24,1,08
20:13:14,0.13522,220.90,0.399,11.92446,34.81942,2.93145,4.60078,49.97,0600:49:26,1,08
20:13:16,0.13474,221.20,0.39881,11.89726,34.74001,2.93145,4.60078,49.96,0600:49:28,1,08
20:13:17,0.13461,221.30,0.40055,11.93806,34.85912,2.93145,4.60078,49.96,0600:49:29,1,08
20:13:19,0.13407,221.40,0.40064,11.89726,34.74001,2.93145,4.60078,49.97,0600:49:31,1,08
20:13:20,0.13461,221.00,0.39954,11.89726,34.74001,2.93145,4.60078,49.96,0600:49:32,1,08
20:13:21,0.13486,220.80,0.39918,11.89726,34.74001,2.93145,4.60088,49.96,0600:49:33,1,08
20:13:22,0.13486,220.80,0.39918,11.89726,34.74001,2.93145,4.60088,49.96,0600:49:34,1,08
20:13:24,0.13486,220.60,0.40046,11.92446,34.81942,2.93145,4.60088,49.96,0600:49:36,1,08
20:13:31,0.13283,220.80,0.40547,11.89726,34.74001,2.93145,4.60088,49.96,0600:49:43,1,08
20:13:32,0.13288,221.00,0.40602,11.92446,34.81942,2.93145,4.60088,49.96,0600:49:44,1,08
20:13:34,0.13295,221.00,0.40472,11.89726,34.74001,2.93145,4.60088,49.96,0600:49:46,1,08
20:13:35,0.13338,221.00,0.40323,11.89726,34.74001,2.93145,4.60088,49.96,0600:49:47,1,08
20:13:36,0.13431,220.70,0.40147,11.91086,34.77971,2.93145,4.60088,49.97,0600:49:48,1,08
20:13:37,0.13407,220.70,0.40211,11.89726,34.74001,2.93145,4.60088,49.97,0600:49:49,1,08
20:13:38,0.13449,220.80,0.4011,11.91086,34.77971,2.93145,4.60088,49.97,0600:49:50,1,08
20:13:49,0.13394,220.80,0.40119,11.87007,34.6606,2.93155,4.60098,50.01,0600:50:00,1,08
20:13:50,0.13437,220.70,0.40147,11.91086,34.77971,2.93155,4.60098,50.01,0600:50:01,1,08
20:13:52,0.13425,220.90,0.40055,11.88367,34.70031,2.93155,4.60098,50.03,0600:50:03,1,08
20:13:54,0.13511,221.00,0.40027,11.95165,34.89882,2.93155,4.60098,50.03,0600:50:05,1,08
20:13:55,0.13338,220.90,0.40221,11.85647,34.6209,2.93155,4.60098,50.01,0600:50:06,1,08
20:13:57,0.13369,220.70,0.40239,11.88367,34.70031,2.93155,4.60098,50.01,0600:50:08,1,08
20:13:58,0.13357,220.80,0.40369,11.91086,34.77971,2.93155,4.60098,50.03,0600:50:09,1,08
20:13:59,0.134,220.80,0.40174,11.89726,34.74001,2.93155,4.60098,50.03,0600:50:10,1,08
20:14:01,0.13314,220.90,0.40342,11.87007,34.6606,2.93155,4.60098,50.00,0600:50:12,1,08
20:14:02,0.1332,220.80,0.40481,11.91086,34.77971,2.93155,4.60108,50.01,0600:50:13,1,08
20:14:03,0.13394,220.70,0.40303,11.92446,34.81942,2.93155,4.60108,50.01,0600:50:14,1,08
20:14:05,0.13363,220.90,0.40608,11.99244,35.01793,2.93155,4.60108,50.01,0600:50:16,1,08
20:14:06,0.13565,220.80,0.40517,12.14201,35.45466,2.93155,4.60108,50.01,0600:50:17,1,08
20:14:07,0.13437,220.80,0.40064,11.89726,34.74001,2.93155,4.60108,50.01,0600:50:18,1,08
20:14:09,0.13425,220.60,0.40092,11.88367,34.70031,2.93155,4.60108,50.00,0600:50:20,1,08
20:14:12,0.13504,220.60,0.40055,11.93806,34.85912,2.93155,4.60108,49.97,0600:50:23,1,08
20:14:16,0.13461,220.40,0.40064,11.89726,34.74001,2.93165,4.60108,49.97,0600:50:28,1,08
20:14:20,0.13437,220.60,0.40101,11.89726,34.74001,2.93165,4.60108,49.96,0600:50:31,1,08
20:14:22,0.13468,220.70,0.39991,11.89726,34.74001,2.93165,4.60118,49.95,0600:50:34,1,08
20:14:23,0.13529,220.70,0.39845,11.89726,34.74001,2.93165,4.60118,49.95,0600:50:34,1,08
20:14:25,0.13449,220.50,0.40147,11.91086,34.77971,2.93165,4.60118,49.94,0600:50:36,1,08
20:14:27,0.13407,220.70,0.40174,11.89726,34.74001,2.93165,4.60118,49.94,0600:50:39,1,08
20:14:28,0.13425,220.80,0.40055,11.88367,34.70031,2.93165,4.60118,49.95,0600:50:40,1,08
20:14:30,0.13332,220.90,0.40397,11.89726,34.74001,2.93165,4.60118,49.94,0600:50:41,1,08
20:14:34,0.13357,220.50,0.40305,11.87007,34.6606,2.93165,4.60118,49.94,0600:50:45,1,08
20:14:36,0.13357,220.50,0.40406,11.91086,34.77971,2.93165,4.60118,49.95,0600:50:47,1,08
20:14:37,0.13376,220.70,0.40285,11.89726,34.74001,2.93165,4.60118,49.95,0600:50:48,1,08
20:14:38,0.13388,220.70,0.40202,11.88367,34.70031,2.93165,4.60118,49.95,0600:50:50,1,08
20:14:40,0.13381,220.80,0.40202,11.88367,34.70031,2.93165,4.60118,49.95,0600:50:51,1,08
20:14:41,0.13412,220.70,0.40266,11.92446,34.81942,2.93165,4.60118,49.95,0600:50:52,1,08
20:14:42,0.13407,220.90,0.40266,11.92446,34.81942,2.93165,4.60118,49.95,0600:50:53,1,08
20:14:44,0.13351,220.80,0.40138,11.84288,34.5812,2.93175,4.60128,49.95,0600:50:56,1,08
20:14:46,0.13425,220.60,0.40046,11.87007,34.6606,2.93175,4.60128,49.95,0600:50:57,1,08
20:14:47,0.13449,220.80,0.40018,11.88367,34.70031,2.93175,4.60128,49.95,0600:50:58,1,08
20:14:49,0.13351,220.90,0.4023,11.87007,34.6606,2.93175,4.60128,49.95,0600:51:01,1,08
20:14:50,0.13388,220.90,0.40211,11.89726,34.74001,2.93175,4.60128,49.96,0600:51:02,1,08
20:14:52,0.13449,220.80,0.40073,11.91086,34.77971,2.93175,4.60128,49.96,0600:51:03,1,08
20:14:55,0.13345,220.60,0.4012,11.81568,34.50179,2.93175,4.60128,49.96,0600:51:07,1,08
20:14:58,0.13394,220.80,0.40303,11.92446,34.81942,2.93175,4.60128,49.96,0600:51:09,1,08
20:14:59,0.13326,221.00,0.40305,11.87007,34.6606,2.93175,4.60128,49.96,0600:51:10,1,08
20:15:00,0.13369,220.90,0.40156,11.87007,34.6606,2.93175,4.60128,49.96,0600:51:12,1,08
20:15:02,0.13351,220.80,0.40369,11.91086,34.77971,2.93175,4.60128,49.96,0600:51:14,1,08
20:15:04,0.13345,220.70,0.4036,11.89726,34.74001,2.93175,4.60138,49.96,0600:51:15,1,08
20:15:05,0.13314,220.60,0.40379,11.87007,34.6606,2.93175,4.60138,49.96,0600:51:17,1,08
20:15:07,0.13338,220.40,0.40434,11.89726,34.74001,2.93175,4.60138,49.97,0600:51:19,1,08
20:15:08,0.13504,220.70,0.40702,12.14201,35.45466,2.93175,4.60138,49.97,0600:51:20,1,08
20:15:13,0.13351,220.90,0.40323,11.89726,34.74001,2.93175,4.60138,50.00,0600:51:25,1,08
20:15:16,0.13345,221.10,0.40378,11.92446,34.81942,2.93185,4.60138,50.00,0600:51:28,1,08
20:15:17,0.13332,221.20,0.40323,11.89726,34.74001,2.93185,4.60138,50.00,0600:51:29,1,08
20:15:18,0.13357,221.10,0.40294,11.91086,34.77971,2.93185,4.60138,50.03,0600:51:30,1,08
20:15:20,0.13376,221.20,0.40074,11.85647,34.6209,2.93185,4.60138,50.01,0600:51:32,1,08
20:15:21,0.13376,221.20,0.40074,11.85647,34.6209,2.93185,4.60138,50.01,0600:51:33,1,08
20:15:23,0.13357,221.20,0.40386,11.93806,34.85912,2.93185,4.60138,50.01,0600:51:35,1,08
20:15:24,0.13357,221.00,0.40239,11.88367,34.70031,2.93185,4.60148,50.01,0600:51:36,1,08
20:15:25,0.13351,221.00,0.40193,11.87007,34.6606,2.93185,4.60148,50.01,0600:51:37,1,08
20:15:26,0.13376,221.00,0.40165,11.88367,34.70031,2.93185,4.60148,50.01,0600:51:38,1,08
20:15:28,0.13388,221.10,0.40037,11.85647,34.6209,2.93185,4.60148,50.01,0600:51:40,1,08
20:15:31,0.13326,221.00,0.40305,11.87007,34.6606,2.93185,4.60148,50.00,0600:51:43,1,08
20:15:33,0.1332,220.90,0.40342,11.87007,34.6606,2.93185,4.60148,50.00,0600:51:45,1,08
20:15:36,0.13288,220.80,0.40454,11.87007,34.6606,2.93185,4.60148,50.00,0600:51:47,1,08
20:15:37,0.13314,220.80,0.40472,11.89726,34.74001,2.93185,4.60148,49.99,0600:51:48,1,08
20:15:38,0.13246,220.80,0.4052,11.85647,34.6209,2.93185,4.60148,49.99,0600:51:49,1,08
20:15:39,0.13233,220.80,0.40605,11.87007,34.6606,2.93185,4.60148,49.99,0600:51:50,1,08
20:15:41,0.1317,220.70,0.40841,11.88367,34.70031,2.93185,4.60148,49.99,0600:51:52,1,08
20:15:43,0.13226,220.70,0.40503,11.82928,34.5415,2.93185,4.60148,49.97,0600:51:54,1,08
20:15:46,0.1327,221.20,0.40463,11.88367,34.70031,2.93195,4.60159,49.94,0600:51:57,1,08
20:15:53,0.13202,221.30,0.40605,11.87007,34.6606,2.93195,4.60159,49.94,0600:52:04,1,08
20:15:54,0.1322,221.30,0.40613,11.88367,34.70031,2.93195,4.60159,49.94,0600:52:05,1,08
20:15:56,0.13214,221.00,0.40558,11.85647,34.6209,2.93195,4.60159,49.95,0600:52:07,1,08
20:15:57,0.1322,220.90,0.40689,11.88367,34.70031,2.93195,4.60159,49.95,0600:52:08,1,08
20:15:59,0.1775,220.80,0.48093,18.85886,55.06787,2.93195,4.60159,49.95,0600:52:10,1,08
20:16:04,0.19869,220.60,0.49752,21.80938,63.6834,2.93195,4.60159,49.95,0600:52:15,1,08
20:16:05,0.19973,220.50,0.49877,21.98614,64.19953,2.93195,4.60169,49.95,0600:52:16,1,08
20:16:06,0.20215,220.50,0.49695,22.1629,64.71568,2.93195,4.60169,49.95,0600:52:17,1,08
20:16:09,0.20027,220.70,0.49938,22.08132,64.47746,2.93206,4.60169,49.96,0600:52:20,1,08
20:16:10,0.19973,220.60,0.49877,21.98614,64.19953,2.93206,4.60169,49.96,0600:52:21,1,08
20:16:13,0.2017,220.90,0.49512,22.06772,64.43776,2.93206,4.60169,49.96,0600:52:24,1,08
20:16:15,0.19827,221.00,0.49628,21.75499,63.52458,2.93206,4.60169,49.95,0600:52:26,1,08
20:16:17,0.20953,220.80,0.50117,23.19627,67.7331,2.93206,4.60169,49.96,0600:52:28,1,08
20:16:18,0.21509,220.60,0.50344,23.9033,69.79764,2.93206,4.60169,49.95,0600:52:29,1,08
20:16:19,0.21234,220.60,0.50435,23.64496,69.04329,2.93206,4.60169,49.95,0600:52:30,1,08
20:16:20,0.2125,220.60,0.50638,23.75374,69.36092,2.93206,4.60169,49.95,0600:52:31,1,08
20:16:23,0.21176,221.20,0.50203,23.53619,68.72566,2.93206,4.60179,49.95,0600:52:34,1,08
20:16:24,0.21055,221.30,0.50408,23.49539,68.60655,2.93216,4.60179,49.95,0600:52:35,1,08
20:16:26,0.21078,221.20,0.50524,23.57698,68.84477,2.93216,4.60179,49.96,0600:52:37,1,08
20:16:27,0.22455,221.20,0.51013,25.34457,74.00615,2.93216,4.60179,49.96,0600:52:38,1,08
20:16:28,0.23146,221.10,0.51354,26.29635,76.78535,2.93216,4.60179,49.95,0600:52:40,1,08
20:16:31,0.23281,220.90,0.51374,26.43232,77.18237,2.93216,4.60179,49.95,0600:52:42,1,08
20:16:33,0.23224,220.80,0.51219,26.28275,76.74564,2.93216,4.60179,49.96,0600:52:45,1,08
20:16:37,0.23348,220.70,0.51266,26.43232,77.18237,2.93216,4.60189,49.96,0600:52:48,1,08
20:16:40,0.23239,220.60,0.51485,26.40512,77.10297,2.93226,4.60189,49.97,0600:52:51,1,08
20:16:43,0.23285,220.70,0.5119,26.32355,76.86475,2.93226,4.60189,49.96,0600:52:54,1,08
20:16:46,0.24954,220.60,0.51728,28.49904,83.21721,2.93226,4.60189,49.96,0600:52:57,1,08
20:16:48,0.24991,220.40,0.51801,28.55343,83.37602,2.93226,4.60189,49.97,0600:52:59,1,08
20:16:49,0.25063,220.50,0.51745,28.62142,83.57454,2.93226,4.60189,49.97,0600:53:01,1,08
20:16:50,0.25129,220.50,0.51839,28.74379,83.93186,2.93226,4.60199,49.99,0600:53:02,1,08
20:16:51,0.24948,220.70,0.5195,28.62142,83.57454,2.93236,4.60199,49.99,0600:53:03,1,08
20:16:53,0.25,220.80,0.51797,28.60782,83.53484,2.93236,4.60199,49.97,0600:53:04,1,08
20:16:55,0.25102,220.90,0.5169,28.6894,83.77304,2.93236,4.60199,49.99,0600:53:07,1,08
20:16:56,0.2505,220.90,0.51596,28.56703,83.41573,2.93236,4.60199,50.00,0600:53:08,1,08
20:16:58,0.25161,220.80,0.51663,28.73019,83.89216,2.93236,4.60199,49.99,0600:53:09,1,08
20:16:59,0.25122,220.70,0.51642,28.64861,83.65394,2.93236,4.60199,49.99,0600:53:10,1,08
20:17:00,0.25218,220.70,0.51636,28.75739,83.97157,2.93236,4.60199,49.99,0600:53:12,1,08
20:17:04,0.2502,220.80,0.51722,28.59422,83.49513,2.93246,4.60209,49.97,0600:53:15,1,08
20:17:06,0.24937,220.70,0.51778,28.51264,83.25692,2.93246,4.60209,49.97,0600:53:18,1,08
20:17:10,0.25046,219.70,0.52296,28.79818,84.09068,2.93246,4.60209,49.96,0600:53:21,1,08
20:17:11,0.24881,220.60,0.5203,28.58062,83.45542,2.93246,4.60209,49.96,0600:53:23,1,08
20:17:13,0.25076,220.50,0.51744,28.63501,83.61424,2.93246,4.60209,49.96,0600:53:25,1,08
20:17:17,0.25158,220.10,0.51938,28.78458,84.05097,2.93256,4.6022,49.95,0600:53:29,1,08
20:17:18,0.2507,220.20,0.51624,28.52624,83.29662,2.93256,4.6022,49.95,0600:53:30,1,08
20:17:20,0.25073,220.40,0.52089,28.81177,84.13037,2.93256,4.6022,49.96,0600:53:32,1,08
20:17:22,0.25014,220.40,0.51922,28.64861,83.65394,2.93256,4.6022,49.95,0600:53:34,1,08
20:17:26,0.25,220.30,0.51825,28.56703,83.41573,2.93256,4.6022,49.95,0600:53:38,1,08
20:17:28,0.25142,220.30,0.5179,28.71659,83.85246,2.93256,4.6022,49.95,0600:53:40,1,08
20:17:32,0.25504,220.80,0.51858,29.21968,85.32146,2.93267,4.6023,49.95,0600:53:43,1,08
20:17:35,0.25481,220.80,0.51908,29.21968,85.32146,2.93267,4.6023,49.96,0600:53:46,1,08
20:17:36,0.25752,220.60,0.51986,29.546,86.27433,2.93267,4.6023,49.96,0600:53:47,1,08
20:17:39,0.25623,220.40,0.5219,29.49162,86.11552,2.93267,4.6023,49.95,0600:53:50,1,08
20:17:40,0.25623,220.40,0.5219,29.49162,86.11552,2.93267,4.6023,49.95,0600:53:51,1,08
20:17:44,0.25617,220.50,0.52164,29.49162,86.11552,2.93277,4.6023,49.95,0600:53:55,1,08
20:17:45,0.25565,220.50,0.52072,29.38284,85.7979,2.93277,4.6024,49.95,0600:53:56,1,08
20:17:46,0.25448,220.50,0.52107,29.26047,85.44057,2.93277,4.6024,49.95,0600:53:57,1,08
20:17:48,0.25507,220.60,0.51981,29.26047,85.44057,2.93277,4.6024,49.94,0600:53:59,1,08
20:17:50,0.25687,220.30,0.5192,29.41003,85.8773,2.93277,4.6024,49.95,0600:54:01,1,08
20:17:54,0.14777,220.90,0.43172,14.09996,41.17188,2.93277,4.6024,49.95,0600:54:05,1,08
20:17:55,0.13301,220.70,0.4088,12.00604,35.05763,2.93277,4.6024,49.96,0600:54:06,1,08
20:17:58,0.1392,220.50,0.42117,12.93063,37.75743,2.93287,4.6024,49.95,0600:54:09,1,08
20:17:59,0.1419,220.40,0.4205,13.16177,38.43238,2.93287,4.6024,49.96,0600:54:10,1,08
20:18:00,0.16462,220.20,0.46814,16.98249,49.58889,2.93287,4.6024,49.96,0600:54:11,1,08
20:18:01,0.17326,220.30,0.47614,18.17902,53.08273,2.93287,4.6024,49.96,0600:54:12,1,08
20:18:05,0.17521,220.00,0.47602,18.35578,53.59887,2.93287,4.6025,49.97,0600:54:16,1,08
20:18:09,0.17417,220.00,0.47199,18.09744,52.84452,2.93287,4.6025,49.97,0600:54:20,1,08
20:18:10,0.1746,220.10,0.47454,18.247,53.28125,2.93287,4.6025,49.97,0600:54:21,1,08
20:18:11,0.17511,220.30,0.47676,18.41016,53.75768,2.93287,4.6025,49.97,0600:54:22,1,08
20:18:13,0.17884,220.50,0.47174,18.61412,54.35322,2.93287,4.6025,49.97,0600:54:24,1,08
20:18:14,0.17922,220.40,0.47488,18.76368,54.78996,2.93287,4.6025,49.97,0600:54:25,1,08
20:18:18,0.181,220.50,0.47854,19.10361,55.78253,2.93297,4.6025,49.97,0600:54:29,1,08
20:18:21,0.17778,220.60,0.47782,18.75009,54.75026,2.93297,4.6026,49.99,0600:54:33,1,08
20:18:22,0.17619,220.80,0.47696,18.57333,54.23412,2.93297,4.6026,49.97,0600:54:33,1,08
20:18:23,0.17773,221.00,0.47439,18.64131,54.43263,2.93297,4.6026,49.97,0600:54:34,1,08
20:18:26,0.1776,220.80,0.47436,18.61412,54.35322,2.93297,4.6026,49.97,0600:54:37,1,08
20:18:27,0.17856,221.00,0.47624,18.80448,54.90907,2.93297,4.6026,49.97,0600:54:38,1,08
20:18:29,0.17671,220.90,0.47564,18.58692,54.27382,2.93297,4.6026,49.97,0600:54:40,1,08
20:18:31,0.17764,221.00,0.47612,18.7093,54.63115,2.93297,4.6026,49.95,0600:54:42,1,08
20:18:32,0.17661,220.90,0.47596,18.57333,54.23412,2.93297,4.6026,49.97,0600:54:44,1,08
20:18:33,0.17445,220.80,0.4753,18.31499,53.47976,2.93297,4.6026,49.97,0600:54:44,1,08
20:18:34,0.17374,220.80,0.47909,18.38297,53.67828,2.93297,4.6026,49.96,0600:54:45,1,08
20:18:35,0.17226,220.70,0.47713,18.15182,53.00333,2.93297,4.6026,49.96,0600:54:46,1,08
20:18:36,0.1726,220.50,0.47786,18.19262,53.12244,2.93297,4.6026,49.95,0600:54:47,1,08
20:18:37,0.17307,220.40,0.4779,18.23341,53.24155,2.93297,4.6027,49.95,0600:54:49,1,08
20:18:39,0.17222,220.20,0.47923,18.19262,53.12244,2.93307,4.6027,49.95,0600:54:50,1,08
20:18:42,0.17236,220.80,0.47786,18.19262,53.12244,2.93307,4.6027,49.95,0600:54:53,1,08
20:18:46,0.17207,220.90,0.47391,18.02945,52.646,2.93307,4.6027,49.95,0600:54:57,1,08
20:18:48,0.17336,220.90,0.47693,18.2742,53.36066,2.93307,4.6027,49.95,0600:55:00,1,08
20:18:49,0.17212,220.80,0.47697,18.30139,53.44006,2.93307,4.6027,49.95,0600:55:01,1,08
20:18:51,0.17393,220.80,0.477,18.32858,53.51946,2.93307,4.6027,49.96,0600:55:02,1,08
20:18:53,0.17374,221.00,0.47629,18.30139,53.44006,2.93307,4.6027,49.95,0600:55:04,1,08
20:18:55,0.17288,220.90,0.47544,18.16542,53.04303,2.93307,4.60281,49.96,0600:55:07,1,08
20:18:58,0.17222,220.80,0.47605,18.11103,52.88422,2.93317,4.60281,49.95,0600:55:09,1,08
20:19:06,0.17303,221.10,0.47514,18.19262,53.12244,2.93317,4.60281,49.96,0600:55:18,1,08
20:19:07,0.17274,221.20,0.47617,18.20621,53.16214,2.93317,4.60281,49.96,0600:55:19,1,08
20:19:09,0.17403,221.30,0.47671,18.36937,53.63857,2.93317,4.60281,49.95,0600:55:20,1,08
20:19:10,0.17279,221.40,0.47584,18.20621,53.16214,2.93317,4.60281,49.95,0600:55:22,1,08
20:19:13,0.17307,221.50,0.47411,18.17902,53.08273,2.93317,4.60291,49.97,0600:55:25,1,08
20:19:14,0.17398,221.50,0.47532,18.32858,53.51946,2.93317,4.60291,49.97,0600:55:26,1,08
20:19:26,0.17492,221.40,0.47298,18.32858,53.51946,2.93328,4.60291,50.03,0600:55:37,1,08
20:19:28,0.17379,221.40,0.47352,18.23341,53.24155,2.93328,4.60291,50.03,0600:55:39,1,08
20:19:29,0.17436,221.30,0.47606,18.38297,53.67828,2.93328,4.60291,50.01,0600:55:40,1,08
20:19:30,0.17417,221.30,0.47214,18.20621,53.16214,2.93328,4.60291,50.01,0600:55:41,1,08
20:19:31,0.17322,221.30,0.4734,18.15182,53.00333,2.93328,4.60291,50.03,0600:55:42,1,08
20:19:32,0.17326,221.10,0.4748,18.19262,53.12244,2.93328,4.60301,50.01,0600:55:43,1,08
20:19:33,0.17412,221.20,0.47742,18.39657,53.71798,2.93328,4.60301,50.01,0600:55:44,1,08
20:19:35,0.17369,221.30,0.47242,18.16542,53.04303,2.93328,4.60301,50.03,0600:55:46,1,08
20:19:38,0.17374,221.10,0.47523,18.2606,53.32095,2.93338,4.60301,50.01,0600:55:49,1,08
20:19:39,0.1735,221.10,0.47592,18.2742,53.36066,2.93338,4.60301,50.01,0600:55:50,1,08
20:19:41,0.17197,221.00,0.47748,18.16542,53.04303,2.93338,4.60301,50.00,0600:55:52,1,08
20:19:44,0.17284,221.10,0.47582,18.19262,53.12244,2.93338,4.60301,49.97,0600:55:55,1,08
20:19:46,0.17355,221.10,0.47805,18.35578,53.59887,2.93338,4.60301,49.97,0600:55:57,1,08
20:19:47,0.17388,220.90,0.4756,18.28779,53.40036,2.93338,4.60301,49.97,0600:55:58,1,08
20:19:48,0.17322,220.80,0.47479,18.17902,53.08273,2.93338,4.60301,49.97,0600:55:59,1,08
20:19:51,0.17317,220.70,0.47511,18.16542,53.04303,2.93338,4.60311,49.97,0600:56:02,1,08
20:19:55,0.17269,220.60,0.47361,18.05664,52.7254,2.93338,4.60311,49.96,0600:56:06,1,08
20:19:58,0.17341,220.80,0.47516,18.20621,53.16214,2.93348,4.60311,49.94,0600:56:09,1,08
20:19:59,0.17507,220.90,0.47435,18.35578,53.59887,2.93348,4.60311,49.95,0600:56:10,1,08
20:20:01,0.17303,221.20,0.47514,18.19262,53.12244,2.93348,4.60311,49.95,0600:56:12,1,08
20:20:02,0.17336,220.90,0.47551,18.21981,53.20185,2.93348,4.60311,49.95,0600:56:13,1,08
20:20:05,0.17355,220.40,0.47441,18.15182,53.00333,2.93348,4.60311,49.94,0600:56:16,1,08
20:20:08,0.17303,220.90,0.47582,18.19262,53.12244,2.93348,4.60321,49.94,0600:56:19,1,08
20:20:09,0.17502,220.90,0.47363,18.31499,53.47976,2.93348,4.60321,49.94,0600:56:20,1,08
20:20:10,0.17355,220.80,0.47979,18.39657,53.71798,2.93348,4.60321,49.94,0600:56:21,1,08
20:20:11,0.17231,220.70,0.47713,18.15182,53.00333,2.93348,4.60321,49.96,0600:56:22,1,08
20:20:12,0.17431,220.50,0.47631,18.31499,53.47976,2.93348,4.60321,49.94,0600:56:23,1,08
20:20:15,0.17384,220.90,0.47629,18.30139,53.44006,2.93348,4.60321,49.96,0600:56:26,1,08
20:20:19,0.17203,221.00,0.4782,18.19262,53.12244,2.93358,4.60321,49.95,0600:56:30,1,08
20:20:21,0.17317,220.50,0.47972,18.32858,53.51946,2.93358,4.60321,49.95,0600:56:32,1,08
20:20:24,0.17558,220.60,0.4814,18.65491,54.47233,2.93358,4.60321,49.95,0600:56:35,1,08
20:20:25,0.17422,220.80,0.48057,18.49175,53.9959,2.93358,4.60321,49.95,0600:56:36,1,08
20:20:27,0.17369,220.80,0.47661,18.28779,53.40036,2.93358,4.60331,49.95,0600:56:39,1,08
20:20:28,0.17369,220.80,0.47661,18.28779,53.40036,2.93358,4.60331,49.96,0600:56:39,1,08
20:20:29,0.17203,220.60,0.47888,18.19262,53.12244,2.93358,4.60331,49.96,0600:56:40,1,08
20:20:30,0.17303,220.50,0.47828,18.2606,53.32095,2.93358,4.60331,49.95,0600:56:41,1,08
20:20:31,0.17236,220.40,0.47783,18.16542,53.04303,2.93358,4.60331,49.95,0600:56:42,1,08
20:20:32,0.1725,220.40,0.47784,18.17902,53.08273,2.93358,4.60331,49.95,0600:56:44,1,08
20:20:33,0.17236,220.50,0.48106,18.30139,53.44006,2.93358,4.60331,49.95,0600:56:45,1,08
20:20:35,0.17183,220.60,0.48027,18.20621,53.16214,2.93358,4.60331,49.96,0600:56:46,1,08
20:20:38,0.17226,220.40,0.4796,18.21981,53.20185,2.93368,4.60331,49.94,0600:56:50,1,08
20:20:40,0.17265,220.50,0.47786,18.19262,53.12244,2.93368,4.60331,49.95,0600:56:51,1,08
20:20:46,0.17274,220.90,0.47756,18.23341,53.24155,2.93368,4.60342,49.96,0600:56:57,1,08
20:20:50,0.17303,220.80,0.47973,18.34218,53.55917,2.93368,4.60342,49.96,0600:57:02,1,08
20:20:53,0.17212,220.70,0.47711,18.13823,52.96363,2.93368,4.60342,49.96,0600:57:04,1,08
20:20:55,0.17326,220.90,0.47514,18.19262,53.12244,2.93368,4.60342,49.96,0600:57:07,1,08
20:20:57,0.17312,220.90,0.47939,18.34218,53.55917,2.93378,4.60342,49.96,0600:57:09,1,08
20:21:00,0.17412,220.80,0.47491,18.2742,53.36066,2.93378,4.60342,49.97,0600:57:12,1,08
20:21:03,0.17197,220.80,0.47745,18.13823,52.96363,2.93378,4.60352,49.96,0600:57:14,1,08
20:21:04,0.17269,220.90,0.4797,18.31499,53.47976,2.93378,4.60352,49.96,0600:57:15,1,08
20:21:06,0.17255,220.90,0.47682,18.17902,53.08273,2.93378,4.60352,49.96,0600:57:18,1,08
20:21:08,0.17303,220.70,0.47972,18.32858,53.51946,2.93378,4.60352,49.96,0600:57:20,1,08
20:21:10,0.17265,220.80,0.47862,18.2606,53.32095,2.93378,4.60352,49.97,0600:57:21,1,08
20:21:11,0.17431,220.90,0.4813,18.54613,54.15471,2.93378,4.60352,49.97,0600:57:23,1,08
20:21:12,0.17203,220.80,0.47711,18.13823,52.96363,2.93378,4.60352,49.96,0600:57:24,1,08
20:21:15,0.17388,221.00,0.47595,18.30139,53.44006,2.93378,4.60352,49.96,0600:57:26,1,08
20:21:16,0.1714,221.00,0.48099,18.23341,53.24155,2.93388,4.60352,49.97,0600:57:28,1,08
20:21:18,0.17183,220.80,0.47994,18.21981,53.20185,2.93388,4.60352,49.96,0600:57:30,1,08
20:21:19,0.17145,220.70,0.48062,18.20621,53.16214,2.93388,4.60352,49.96,0600:57:31,1,08
20:21:21,0.17293,221.00,0.4808,18.38297,53.67828,2.93388,4.60362,49.97,0600:57:33,1,08
20:21:23,0.17192,221.00,0.47926,18.21981,53.20185,2.93388,4.60362,49.97,0600:57:34,1,08
20:21:24,0.17154,220.90,0.47993,18.20621,53.16214,2.93388,4.60362,49.97,0600:57:35,1,08
20:21:25,0.17331,220.90,0.47906,18.35578,53.59887,2.93388,4.60362,49.97,0600:57:36,1,08
20:21:26,0.17384,221.10,0.47808,18.38297,53.67828,2.93388,4.60362,49.97,0600:57:37,1,08
20:21:27,0.17398,221.20,0.48023,18.49175,53.9959,2.93388,4.60362,49.97,0600:57:38,1,08
20:21:29,0.17322,221.10,0.47977,18.38297,53.67828,2.93388,4.60362,50.00,0600:57:40,1,08
20:21:30,0.17293,221.00,0.47511,18.16542,53.04303,2.93388,4.60362,50.00,0600:57:41,1,08
20:21:31,0.17298,221.00,0.4769,18.247,53.28125,2.93388,4.60362,49.99,0600:57:42,1,08
20:21:37,0.17226,220.70,0.47856,18.20621,53.16214,2.93398,4.60362,49.97,0600:57:48,1,08
20:21:39,0.1745,220.50,0.47705,18.36937,53.63857,2.93398,4.60372,49.96,0600:57:50,1,08
20:21:40,0.1736,220.50,0.47409,18.16542,53.04303,2.93398,4.60372,49.96,0600:57:51,1,08
20:21:41,0.17245,220.50,0.47891,18.21981,53.20185,2.93398,4.60372,49.96,0600:57:52,1,08
20:21:47,0.14478,220.50,0.43313,13.82802,40.37782,2.93398,4.60372,49.95,0600:57:58,1,08
20:21:48,0.13711,220.50,0.41547,12.56351,36.68545,2.93398,4.60372,49.95,0600:57:59,1,08
20:21:50,0.13363,220.60,0.40775,12.01964,35.09734,2.93398,4.60372,49.94,0600:58:01,1,08
20:21:51,0.13431,220.40,0.40496,11.99244,35.01793,2.93398,4.60372,49.94,0600:58:02,1,08
20:21:52,0.13529,220.30,0.40648,12.11481,35.37526,2.93398,4.60372,49.94,0600:58:03,1,08
20:21:55,0.16502,220.20,0.4641,16.87372,49.27126,2.93398,4.60372,49.95,0600:58:06,1,08
20:21:59,0.17619,220.60,0.47552,18.49175,53.9959,2.93408,4.60382,49.95,0600:58:10,1,08
20:22:00,0.17478,220.70,0.47604,18.36937,53.63857,2.93408,4.60382,49.95,0600:58:11,1,08
20:22:02,0.17455,220.60,0.47848,18.43736,53.83709,2.93408,4.60382,49.94,0600:58:13,1,08
20:22:06,0.17473,220.70,0.47674,18.39657,53.71798,2.93408,4.60382,49.94,0600:58:17,1,08
20:22:07,0.17403,220.80,0.47525,18.2742,53.36066,2.93408,4.60382,49.94,0600:58:18,1,08
20:22:08,0.17469,220.80,0.47498,18.32858,53.51946,2.93408,4.60382,49.94,0600:58:19,1,08
20:22:09,0.17591,220.70,0.47586,18.49175,53.9959,2.93408,4.60382,49.94,0600:58:20,1,08
20:22:10,0.17422,220.80,0.47597,18.31499,53.47976,2.93408,4.60382,49.94,0600:58:21,1,08
20:22:11,0.17331,220.60,0.47726,18.2606,53.32095,2.93408,4.60382,49.95,0600:58:22,1,08
20:22:18,0.17516,220.50,0.47572,18.38297,53.67828,2.93408,4.60392,49.94,0600:58:29,1,08
20:22:22,0.17336,220.70,0.47763,18.28779,53.40036,2.93418,4.60392,49.94,0600:58:33,1,08
20:22:24,0.17417,220.40,0.477,18.32858,53.51946,2.93418,4.60392,49.96,0600:58:35,1,08
20:22:27,0.1745,220.50,0.47599,18.32858,53.51946,2.93418,4.60392,49.94,0600:58:38,1,08
20:22:28,0.1745,220.50,0.47599,18.32858,53.51946,2.93418,4.60392,49.94,0600:58:39,1,08
20:22:31,0.17331,220.70,0.48117,18.41016,53.75768,2.93418,4.60392,49.95,0600:58:42,1,08
20:22:32,0.17317,220.50,0.479,18.30139,53.44006,2.93418,4.60392,49.94,0600:58:43,1,08
20:22:34,0.17279,220.60,0.4804,18.32858,53.51946,2.93418,4.60402,49.95,0600:58:45,1,08
20:22:35,0.17149,220.60,0.47737,18.07024,52.76511,2.93418,4.60402,49.95,0600:58:46,1,08
20:22:38,0.17154,220.60,0.48026,18.19262,53.12244,2.93429,4.60402,49.96,0600:58:49,1,08
20:22:41,0.17226,220.80,0.48427,18.42376,53.79739,2.93429,4.60402,49.96,0600:58:52,1,08
20:22:42,0.17217,220.70,0.4789,18.20621,53.16214,2.93429,4.60402,49.96,0600:58:53,1,08
20:22:43,0.17255,220.70,0.48323,18.41016,53.75768,2.93429,4.60402,49.96,0600:58:54,1,08
20:22:44,0.1714,220.60,0.4806,18.19262,53.12244,2.93429,4.60402,49.99,0600:58:56,1,08
20:22:45,0.17159,220.70,0.48063,18.21981,53.20185,2.93429,4.60402,49.99,0600:58:57,1,08
20:22:47,0.17288,220.80,0.48078,18.36937,53.63857,2.93429,4.60402,49.97,0600:58:58,1,08
20:22:49,0.17226,220.90,0.48107,18.31499,53.47976,2.93429,4.60402,49.99,0600:59:00,1,08
20:22:52,0.1714,220.70,0.48276,18.2742,53.36066,2.93429,4.60413,49.99,0600:59:04,1,08
20:22:55,0.17222,220.90,0.48071,18.30139,53.44006,2.93429,4.60413,50.00,0600:59:06,1,08
20:22:56,0.17312,220.80,0.48188,18.43736,53.83709,2.93429,4.60413,50.01,0600:59:08,1,08
20:22:57,0.17178,221.00,0.47817,18.16542,53.04303,2.93429,4.60413,50.01,0600:59:09,1,08
20:22:58,0.17222,220.80,0.47999,18.2606,53.32095,2.93439,4.60413,50.01,0600:59:10,1,08
20:22:59,0.17222,220.80,0.47999,18.2606,53.32095,2.93439,4.60413,50.01,0600:59:10,1,08
20:23:00,0.17188,220.70,0.47779,18.13823,52.96363,2.93439,4.60413,50.03,0600:59:11,1,08
20:23:01,0.17154,220.60,0.4806,18.19262,53.12244,2.93439,4.60413,50.03,0600:59:13,1,08
20:23:02,0.1726,220.40,0.48286,18.38297,53.67828,2.93439,4.60413,50.01,0600:59:14,1,08
20:23:05,0.17173,220.50,0.48026,18.19262,53.12244,2.93439,4.60413,50.00,0600:59:16,1,08
20:23:07,0.17115,220.60,0.47984,18.12463,52.92392,2.93439,4.60413,50.01,0600:59:19,1,08
20:23:08,0.17217,220.60,0.48069,18.2742,53.36066,2.93439,4.60413,49.99,0600:59:20,1,08
20:23:11,0.17336,220.70,0.48082,18.41016,53.75768,2.93439,4.60423,49.97,0600:59:22,1,08
20:23:12,0.17245,220.60,0.48214,18.35578,53.59887,2.93439,4.60423,49.99,0600:59:24,1,08
20:23:13,0.17168,220.50,0.47954,18.16542,53.04303,2.93439,4.60423,49.99,0600:59:25,1,08
20:23:16,0.17121,220.50,0.48236,18.21981,53.20185,2.93439,4.60423,49.96,0600:59:28,1,08
20:23:17,0.17145,220.50,0.47807,18.08384,52.80481,2.93439,4.60423,49.96,0600:59:28,1,08
20:23:19,0.17226,220.50,0.48212,18.32858,53.51946,2.93449,4.60423,49.96,0600:59:30,1,08
20:23:23,0.17241,221.00,0.48217,18.38297,53.67828,2.93449,4.60423,49.94,0600:59:34,1,08
20:23:27,0.17188,221.00,0.48354,18.36937,53.63857,2.93449,4.60423,49.93,0600:59:38,1,08
20:23:28,0.17082,221.00,0.47876,18.08384,52.80481,2.93449,4.60423,49.93,0600:59:39,1,08
20:23:30,0.17336,221.00,0.48014,18.41016,53.75768,2.93449,4.60423,49.94,0600:59:41,1,08
20:23:32,0.17149,221.20,0.47994,18.21981,53.20185,2.93449,4.60433,49.93,0600:59:43,1,08
20:23:33,0.17436,221.20,0.48414,18.6821,54.55175,2.93449,4.60433,49.94,0600:59:44,1,08
20:23:34,0.17255,221.00,0.48111,18.35578,53.59887,2.93449,4.60433,49.94,0600:59:45,1,08
20:23:36,0.17303,220.70,0.47722,18.23341,53.24155,2.93449,4.60433,49.94,0600:59:47,1,08
20:23:38,0.1714,220.70,0.47953,18.15182,53.00333,2.93459,4.60433,49.95,0600:59:49,1,08
20:23:40,0.17265,220.60,0.48216,18.36937,53.63857,2.93459,4.60433,49.94,0600:59:51,1,08
20:23:41,0.17145,220.40,0.48309,18.2606,53.32095,2.93459,4.60433,49.94,0600:59:52,1,08
20:23:42,0.17043,220.40,0.48408,18.19262,53.12244,2.93459,4.60433,49.94,0600:59:53,1,08
20:23:43,0.1714,220.40,0.48597,18.36937,53.63857,2.93459,4.60433,49.95,0600:59:54,1,08
20:23:44,0.17203,220.60,0.48318,18.35578,53.59887,2.93459,4.60433,49.95,0600:59:55,1,08
20:23:45,0.17149,220.70,0.48241,18.2742,53.36066,2.93459,4.60433,49.95,0600:59:56,1,08
20:23:46,0.17072,220.70,0.48161,18.16542,53.04303,2.93459,4.60433,49.95,0600:59:57,1,08
20:23:49,0.17274,220.70,0.48076,18.34218,53.55917,2.93459,4.60443,49.94,0601:00:00,1,08
20:23:51,0.17126,220.80,0.4849,18.34218,53.55917,2.93459,4.60443,49.95,0601:00:02,1,08
20:23:53,0.17126,221.00,0.48134,18.23341,53.24155,2.93459,4.60443,49.95,0601:00:04,1,08
20:23:54,0.17379,220.70,0.48017,18.43736,53.83709,2.93459,4.60443,49.95,0601:00:05,1,08
20:23:56,0.17077,220.70,0.48198,18.17902,53.08273,2.93459,4.60443,49.95,0601:00:07,1,08
20:23:57,0.17135,220.70,0.48348,18.30139,53.44006,2.93459,4.60443,49.94,0601:00:08,1,08
20:23:58,0.17149,220.70,0.48385,18.32858,53.51946,2.93469,4.60443,49.95,0601:00:09,1,08
20:23:59,0.17231,220.80,0.47786,18.19262,53.12244,2.93469,4.60443,49.95,0601:00:10,1,08
20:24:00,0.1713,221.00,0.48349,18.31499,53.47976,2.93469,4.60443,49.95,0601:00:11,1,08
20:24:01,0.17245,221.10,0.48218,18.39657,53.71798,2.93469,4.60443,49.95,0601:00:12,1,08
20:24:02,0.17197,220.90,0.48069,18.2742,53.36066,2.93469,4.60443,49.95,0601:00:13,1,08
20:24:03,0.17217,220.90,0.47857,18.21981,53.20185,2.93469,4.60443,49.95,0601:00:14,1,08
20:24:05,0.17265,220.90,0.48147,18.36937,53.63857,2.93469,4.60443,49.95,0601:00:16,1,08
20:24:08,0.17241,221.10,0.47932,18.2742,53.36066,2.93469,4.60454,49.96,0601:00:19,1,08
20:24:14,0.17115,221.20,0.47954,18.16542,53.04303,2.93469,4.60454,49.96,0601:00:25,1,08
20:24:16,0.17053,221.30,0.48199,18.19262,53.12244,2.93469,4.60454,49.96,0601:00:27,1,08
20:24:18,0.17183,221.30,0.47927,18.23341,53.24155,2.93479,4.60454,49.96,0601:00:29,1,08
20:24:20,0.17115,221.20,0.48241,18.2742,53.36066,2.93479,4.60454,49.97,0601:00:31,1,08
20:24:22,0.1735,221.10,0.47911,18.39657,53.71798,2.93479,4.60454,49.96,0601:00:33,1,08
20:24:23,0.1735,221.10,0.47911,18.39657,53.71798,2.93479,4.60454,49.96,0601:00:34,1,08
20:24:24,0.17303,221.10,0.47514,18.19262,53.12244,2.93479,4.60454,49.97,0601:00:35,1,08
20:24:28,0.17303,221.10,0.47868,18.31499,53.47976,2.93479,4.60464,50.00,0601:00:40,1,08
20:24:29,0.17303,221.10,0.47868,18.31499,53.47976,2.93479,4.60464,50.00,0601:00:40,1,08
20:24:33,0.17111,220.80,0.48201,18.21981,53.20185,2.93479,4.60464,50.01,0601:00:44,1,08
20:24:34,0.17183,220.80,0.47958,18.20621,53.16214,2.93479,4.60464,50.00,0601:00:46,1,08
20:24:35,0.17183,220.80,0.47958,18.20621,53.16214,2.93479,4.60464,50.00,0601:00:46,1,08
20:24:37,0.17369,220.80,0.48016,18.42376,53.79739,2.93489,4.60464,49.99,0601:00:48,1,08
20:24:42,0.17279,220.70,0.47826,18.247,53.28125,2.93489,4.60464,49.99,0601:00:53,1,08
20:24:43,0.17274,220.70,0.48254,18.41016,53.75768,2.93489,4.60464,49.99,0601:00:54,1,08
20:24:44,0.17126,220.50,0.48164,18.19262,53.12244,2.93489,4.60474,49.97,0601:00:55,1,08
20:24:45,0.17135,220.40,0.48453,18.31499,53.47976,2.93489,4.60474,49.97,0601:00:57,1,08
20:24:47,0.17217,220.30,0.48066,18.247,53.28125,2.93489,4.60474,49.97,0601:00:58,1,08
20:24:48,0.17106,220.20,0.48124,18.13823,52.96363,2.93489,4.60474,49.96,0601:00:59,1,08
20:24:50,0.17087,220.30,0.48195,18.15182,53.00333,2.93489,4.60474,49.96,0601:01:01,1,08
20:24:51,0.17245,220.40,0.47999,18.2606,53.32095,2.93489,4.60474,49.96,0601:01:03,1,08
20:24:52,0.17197,220.50,0.4853,18.41016,53.75768,2.93489,4.60474,49.96,0601:01:04,1,08
20:24:54,0.17072,220.80,0.48378,18.247,53.28125,2.93489,4.60474,49.95,0601:01:05,1,08
20:24:56,0.17135,220.70,0.48203,18.23341,53.24155,2.93489,4.60474,49.94,0601:01:08,1,08
20:25:03,0.17106,220.70,0.48668,18.38297,53.67828,2.93499,4.60484,49.96,0601:01:15,1,08
20:25:05,0.17092,220.60,0.48631,18.35578,53.59887,2.93499,4.60484,49.95,0601:01:16,1,08
20:25:06,0.17077,220.60,0.48196,18.16542,53.04303,2.93499,4.60484,49.94,0601:01:17,1,08
20:25:07,0.17212,220.70,0.48426,18.41016,53.75768,2.93499,4.60484,49.94,0601:01:19,1,08
20:25:13,0.1714,220.90,0.48169,18.247,53.28125,2.93499,4.60484,49.96,0601:01:25,1,08
20:25:14,0.17307,220.70,0.48186,18.42376,53.79739,2.93499,4.60484,49.95,0601:01:26,1,08
20:25:16,0.17236,220.60,0.47784,18.17902,53.08273,2.93499,4.60484,49.95,0601:01:27,1,08
20:25:18,0.17279,220.50,0.48217,18.38297,53.67828,2.93509,4.60484,49.95,0601:01:28,1,08
20:25:19,0.1726,220.40,0.48071,18.30139,53.44006,2.93509,4.60484,49.95,0601:01:30,1,08
20:25:20,0.17265,220.50,0.47787,18.20621,53.16214,2.93509,4.60484,49.95,0601:01:31,1,08
20:25:21,0.17345,220.50,0.47798,18.30139,53.44006,2.93509,4.60484,49.95,0601:01:32,1,08
20:25:22,0.1746,220.70,0.47779,18.42376,53.79739,2.93509,4.60494,49.95,0601:01:33,1,08
20:25:23,0.17345,220.70,0.47656,18.247,53.28125,2.93509,4.60494,49.95,0601:01:34,1,08
20:25:24,0.17279,220.70,0.47755,18.21981,53.20185,2.93509,4.60494,49.95,0601:01:34,1,08
20:25:25,0.17473,220.70,0.47745,18.42376,53.79739,2.93509,4.60494,49.95,0601:01:36,1,08
20:25:26,0.17326,220.70,0.47726,18.2606,53.32095,2.93509,4.60494,49.95,0601:01:37,1,08
20:25:27,0.17226,220.80,0.47536,18.09744,52.84452,2.93509,4.60494,49.95,0601:01:38,1,08
20:25:31,0.17226,220.70,0.48106,18.30139,53.44006,2.93509,4.60494,49.96,0601:01:42,1,08
20:25:35,0.17483,220.30,0.47812,18.42376,53.79739,2.93509,4.60494,49.95,0601:01:46,1,08
20:25:39,0.17591,220.10,0.48211,18.6821,54.55175,2.93519,4.60494,49.95,0601:01:50,1,08
20:25:40,0.17549,220.30,0.4789,18.51894,54.07531,2.93519,4.60504,49.95,0601:01:51,1,08
20:25:41,0.16432,220.30,0.45908,16.62897,48.55661,2.93519,4.60504,49.95,0601:01:52,1,08
20:25:42,0.14771,220.20,0.42982,13.99118,40.85425,2.93519,4.60504,49.95,0601:01:53,1,08
20:25:43,0.13553,220.20,0.40938,12.22359,35.69288,2.93519,4.60504,49.96,0601:01:54,1,08
20:25:45,0.13207,220.10,0.40973,11.91086,34.77971,2.93519,4.60504,49.95,0601:01:56,1,08
20:25:48,0.13257,220.00,0.40867,11.92446,34.81942,2.93519,4.60504,49.96,0601:01:59,1,08
20:25:49,0.13314,220.00,0.40677,11.92446,34.81942,2.93519,4.60504,49.96,0601:02:00,1,08
20:25:52,0.13288,220.20,0.40669,11.91086,34.77971,2.93519,4.60504,49.96,0601:02:03,1,08
20:25:54,0.13345,220.40,0.40573,11.93806,34.85912,2.93519,4.60504,49.96,0601:02:05,1,08
20:25:55,0.13251,220.50,0.40837,11.93806,34.85912,2.93519,4.60504,49.96,0601:02:06,1,08
20:25:57,0.13257,220.50,0.40846,11.95165,34.89882,2.93519,4.60504,49.96,0601:02:08,1,08
20:26:01,0.13246,219.90,0.40765,11.88367,34.70031,2.93519,4.60515,49.97,0601:02:12,1,08
20:26:02,0.13288,219.60,0.40596,11.85647,34.6209,2.93519,4.60515,49.97,0601:02:13,1,08
20:26:05,0.13283,220.20,0.40706,11.91086,34.77971,2.9353,4.60515,49.99,0601:02:16,1,08
20:26:08,0.13314,220.00,0.40622,11.89726,34.74001,2.9353,4.60515,50.01,0601:02:19,1,08
20:26:09,0.13357,220.00,0.40611,11.93806,34.85912,2.9353,4.60515,50.01,0601:02:20,1,08
20:26:10,0.13288,219.90,0.40698,11.89726,34.74001,2.9353,4.60515,50.01,0601:02:21,1,08
20:26:13,0.134,220.00,0.40415,11.92446,34.81942,2.9353,4.60515,50.00,0601:02:24,1,08
20:26:14,0.13381,219.80,0.40388,11.88367,34.70031,2.9353,4.60515,50.03,0601:02:25,1,08
20:26:15,0.13369,219.90,0.40527,11.92446,34.81942,2.9353,4.60515,50.03,0601:02:26,1,08
20:26:17,0.13376,220.00,0.40397,11.89726,34.74001,2.9353,4.60515,50.01,0601:02:28,1,08
20:26:18,0.13425,220.00,0.40156,11.87007,34.6606,2.9353,4.60515,50.03,0601:02:29,1,08
20:26:22,0.13511,219.50,0.40101,11.89726,34.74001,2.9353,4.60525,50.01,0601:02:33,1,08
20:26:24,0.13474,219.60,0.40257,11.91086,34.77971,2.9353,4.60525,50.01,0601:02:35,1,08
20:26:26,0.13468,219.70,0.40257,11.91086,34.77971,2.9353,4.60525,50.00,0601:02:37,1,08
20:26:27,0.13486,219.70,0.40138,11.89726,34.74001,2.9353,4.60525,50.00,0601:02:38,1,08
20:26:28,0.13419,219.60,0.40268,11.87007,34.6606,2.9353,4.60525,50.00,0601:02:39,1,08
20:26:29,0.13419,219.60,0.40268,11.87007,34.6606,2.9353,4.60525,50.00,0601:02:40,1,08
20:26:30,0.13443,219.70,0.40294,11.91086,34.77971,2.9353,4.60525,50.00,0601:02:41,1,08
20:26:31,0.13376,219.80,0.40481,11.91086,34.77971,2.9353,4.60525,50.00,0601:02:42,1,08
20:26:34,0.13455,219.90,0.4022,11.91086,34.77971,2.9353,4.60525,50.01,0601:02:45,1,08
20:26:38,0.13486,220.10,0.40156,11.92446,34.81942,2.9354,4.60525,49.99,0601:02:49,1,08
20:26:39,0.1348,220.00,0.40055,11.88367,34.70031,2.9354,4.60525,49.99,0601:02:50,1,08
20:26:40,0.13449,220.00,0.40174,11.89726,34.74001,2.9354,4.60525,50.00,0601:02:52,1,08
20:26:42,0.13764,219.90,0.40215,12.1828,35.57377,2.9354,4.60535,49.97,0601:02:53,1,08
20:26:44,0.13419,219.70,0.40369,11.91086,34.77971,2.9354,4.60535,49.99,0601:02:55,1,08
20:26:49,0.13449,219.90,0.40165,11.88367,34.70031,2.9354,4.60535,49.97,0601:03:00,1,08
20:26:51,0.1348,220.00,0.40101,11.89726,34.74001,2.9354,4.60535,49.96,0601:03:03,1,08
20:26:52,0.1348,220.10,0.40156,11.92446,34.81942,2.9354,4.60535,49.96,0601:03:04,1,08
20:26:53,0.1348,220.10,0.40156,11.92446,34.81942,2.9354,4.60535,49.96,0601:03:04,1,08
20:26:54,0.13388,220.30,0.40461,11.93806,34.85912,2.9354,4.60535,49.95,0601:03:05,1,08
20:26:56,0.13412,220.10,0.40378,11.92446,34.81942,2.9354,4.60535,49.96,0601:03:07,1,08
20:26:58,0.13351,220.10,0.40148,11.80208,34.46209,2.9354,4.60535,49.95,0601:03:10,1,08
20:26:59,0.13351,220.10,0.40129,11.88367,34.70031,2.9354,4.60535,49.95,0601:03:10,1,08
20:27:00,0.13474,220.20,0.40156,11.92446,34.81942,2.9354,4.60535,49.95,0601:03:11,1,08
20:27:03,0.13381,220.60,0.40285,11.89726,34.74001,2.9354,4.60545,49.95,0601:03:15,1,08
20:27:04,0.13388,220.50,0.40378,11.92446,34.81942,2.9354,4.60545,49.96,0601:03:16,1,08
20:27:06,0.13431,220.40,0.40358,11.95165,34.89882,2.9355,4.60545,49.94,0601:03:17,1,08
20:27:08,0.13345,220.30,0.40194,11.81568,34.50179,2.9355,4.60545,49.95,0601:03:20,1,08
20:27:09,0.13363,220.40,0.40351,11.88367,34.70031,2.9355,4.60545,49.95,0601:03:21,1,08
20:27:11,0.13535,220.40,0.4071,12.1556,35.49436,2.9355,4.60545,49.95,0601:03:23,1,08
20:27:13,0.13332,220.50,0.40426,11.88367,34.70031,2.9355,4.60545,49.96,0601:03:24,1,08
20:27:15,0.13357,220.30,0.40388,11.88367,34.70031,2.9355,4.60545,49.96,0601:03:26,1,08
20:27:20,0.13338,220.30,0.40194,11.81568,34.50179,2.9355,4.60545,49.96,0601:03:31,1,08
20:27:23,0.13326,220.40,0.40518,11.91086,34.77971,2.9355,4.60545,49.97,0601:03:34,1,08
20:27:25,0.13381,220.20,0.40314,11.88367,34.70031,2.9355,4.60555,49.97,0601:03:35,1,08
20:27:27,0.13338,220.40,0.40481,11.91086,34.77971,2.9355,4.60555,49.99,0601:03:38,1,08
20:27:29,0.13326,220.40,0.40472,11.89726,34.74001,2.9355,4.60555,49.99,0601:03:40,1,08
20:27:31,0.13345,220.20,0.40379,11.87007,34.6606,2.9355,4.60555,50.00,0601:03:42,1,08
20:27:32,0.13257,220.10,0.40642,11.87007,34.6606,2.9355,4.60555,50.00,0601:03:43,1,08
20:27:35,0.13307,219.90,0.40622,11.89726,34.74001,2.9355,4.60555,50.03,0601:03:46,1,08
20:27:36,0.13246,220.00,0.40718,11.87007,34.6606,2.9356,4.60555,50.03,0601:03:47,1,08
20:27:40,0.13251,219.90,0.40672,11.85647,34.6209,2.9356,4.60555,50.04,0601:03:51,1,08
20:27:41,0.13246,219.90,0.4085,11.89726,34.74001,2.9356,4.60555,50.03,0601:03:52,1,08
20:27:43,0.13314,220.10,0.4077,11.95165,34.89882,2.9356,4.60555,50.03,0601:03:54,1,08
20:27:45,0.1438,220.10,0.42275,13.39292,39.10733,2.9356,4.60565,50.03,0601:03:56,1,08
20:27:49,0.17582,219.90,0.47365,18.32858,53.51946,2.9356,4.60565,50.01,0601:04:00,1,08
20:27:50,0.17407,220.00,0.4748,18.19262,53.12244,2.9356,4.60565,50.01,0601:04:01,1,08
20:27:51,0.17384,220.10,0.47479,18.17902,53.08273,2.9356,4.60565,50.04,0601:04:02,1,08
20:27:53,0.17521,220.10,0.47216,18.21981,53.20185,2.9356,4.60565,50.03,0601:04:04,1,08
20:27:58,0.17526,220.00,0.47216,18.21981,53.20185,2.9356,4.60565,50.03,0601:04:09,1,08
20:27:59,0.1761,220.10,0.47405,18.38297,53.67828,2.9357,4.60565,50.03,0601:04:10,1,08
20:28:00,0.17436,220.30,0.47381,18.20621,53.16214,2.9357,4.60565,50.03,0601:04:11,1,08
20:28:01,0.17436,220.30,0.47381,18.20621,53.16214,2.9357,4.60565,50.03,0601:04:12,1,08
20:28:04,0.17487,220.10,0.4714,18.15182,53.00333,2.9357,4.60575,50.03,0601:04:15,1,08
20:28:06,0.17445,220.30,0.47525,18.2742,53.36066,2.9357,4.60575,50.03,0601:04:17,1,08
20:28:07,0.17374,220.30,0.47374,18.15182,53.00333,2.9357,4.60575,50.03,0601:04:18,1,08
20:28:08,0.17492,220.40,0.47391,18.2742,53.36066,2.9357,4.60575,50.03,0601:04:19,1,08
20:28:09,0.17629,220.30,0.47411,18.42376,53.79739,2.9357,4.60575,50.03,0601:04:20,1,08
20:28:10,0.1745,220.40,0.47456,18.2606,53.32095,2.9357,4.60575,50.04,0601:04:21,1,08
20:28:11,0.17605,220.50,0.47619,18.49175,53.9959,2.9357,4.60575,50.04,0601:04:22,1,08
20:28:12,0.17605,220.50,0.47619,18.49175,53.9959,2.9357,4.60575,50.04,0601:04:23,1,08
20:28:13,0.17605,220.70,0.47026,18.2742,53.36066,2.9357,4.60575,50.03,0601:04:24,1,08
20:28:14,0.17407,220.80,0.47171,18.13823,52.96363,2.9357,4.60575,50.04,0601:04:25,1,08
20:28:18,0.17497,220.40,0.47533,18.34218,53.55917,2.9357,4.60575,50.01,0601:04:29,1,08
20:28:19,0.17497,220.40,0.47533,18.34218,53.55917,2.9358,4.60575,50.01,0601:04:30,1,08
20:28:20,0.17307,220.40,0.47541,18.13823,52.96363,2.9358,4.60575,50.03,0601:04:31,1,08
20:28:21,0.1735,220.30,0.47653,18.21981,53.20185,2.9358,4.60586,50.03,0601:04:32,1,08
20:28:22,0.17469,220.20,0.47244,18.17902,53.08273,2.9358,4.60586,50.01,0601:04:33,1,08
20:28:28,0.1746,220.40,0.47634,18.34218,53.55917,2.9358,4.60586,50.01,0601:04:39,1,08
20:28:29,0.17379,220.30,0.47374,18.15182,53.00333,2.9358,4.60586,50.01,0601:04:40,1,08
20:28:32,0.17643,220.30,0.46923,18.247,53.28125,2.9358,4.60586,50.01,0601:04:43,1,08
20:28:34,0.17374,220.50,0.47445,18.17902,53.08273,2.9358,4.60586,50.01,0601:04:45,1,08
20:28:35,0.17487,220.50,0.47463,18.31499,53.47976,2.9358,4.60586,50.01,0601:04:46,1,08
20:28:36,0.17587,220.60,0.47232,18.32858,53.51946,2.9358,4.60586,50.00,0601:04:47,1,08
20:28:37,0.17587,220.60,0.47232,18.32858,53.51946,2.9358,4.60586,50.00,0601:04:48,1,08
20:28:40,0.17331,220.20,0.47471,18.12463,52.92392,2.9359,4.60596,50.01,0601:04:51,1,08
20:28:41,0.17549,220.20,0.47117,18.21981,53.20185,2.9359,4.60596,50.01,0601:04:52,1,08
20:28:46,0.17652,220.50,0.47172,18.36937,53.63857,2.9359,4.60596,50.00,0601:04:57,1,08
20:28:47,0.17577,220.60,0.47512,18.43736,53.83709,2.9359,4.60596,50.00,0601:04:58,1,08
20:28:48,0.17441,220.50,0.4742,18.247,53.28125,2.9359,4.60596,50.01,0601:05:00,1,08
20:28:50,0.17445,220.40,0.47279,18.19262,53.12244,2.9359,4.60596,50.01,0601:05:01,1,08
20:28:51,0.17445,220.30,0.47277,18.17902,53.08273,2.9359,4.60596,50.01,0601:05:02,1,08
20:28:52,0.1754,220.30,0.47468,18.35578,53.59887,2.9359,4.60596,50.01,0601:05:03,1,08
20:28:53,0.17483,220.40,0.47461,18.30139,53.44006,2.9359,4.60596,50.01,0601:05:05,1,08
20:28:55,0.17507,220.60,0.47361,18.30139,53.44006,2.9359,4.60596,50.01,0601:05:06,1,08
20:28:56,0.17521,220.70,0.4747,18.36937,53.63857,2.9359,4.60596,50.01,0601:05:07,1,08
20:28:58,0.1736,220.70,0.47482,18.20621,53.16214,2.936,4.60606,50.03,0601:05:10,1,08
20:28:59,0.17473,220.60,0.47426,18.28779,53.40036,2.936,4.60606,50.03,0601:05:11,1,08
20:29:02,0.17374,220.50,0.47622,18.247,53.28125,2.936,4.60606,50.03,0601:05:13,1,08
20:29:04,0.17388,220.50,0.4759,18.2606,53.32095,2.936,4.60606,50.04,0601:05:16,1,08
20:29:06,0.17417,220.40,0.47311,18.17902,53.08273,2.936,4.60606,50.04,0601:05:17,1,08
20:29:08,0.17629,220.30,0.47201,18.34218,53.55917,2.936,4.60606,50.01,0601:05:18,1,08
20:29:10,0.17445,220.20,0.47488,18.247,53.28125,2.936,4.60606,50.03,0601:05:21,1,08
20:29:11,0.17582,220.40,0.4744,18.39657,53.71798,2.936,4.60606,50.01,0601:05:22,1,08
20:29:13,0.17403,220.50,0.4745,18.21981,53.20185,2.936,4.60606,50.03,0601:05:24,1,08
20:29:14,0.17288,220.50,0.48004,18.31499,53.47976,2.936,4.60606,50.03,0601:05:24,1,08
20:29:16,0.17293,220.80,0.4758,18.17902,53.08273,2.936,4.60616,50.03,0601:05:27,1,08
20:29:18,0.1726,220.70,0.47787,18.20621,53.16214,2.936,4.60616,50.00,0601:05:29,1,08
20:29:19,0.17364,220.60,0.47872,18.35578,53.59887,2.9361,4.60616,50.01,0601:05:30,1,08
20:29:20,0.17326,220.50,0.4776,18.2606,53.32095,2.9361,4.60616,50.01,0601:05:30,1,08
20:29:22,0.17426,219.90,0.47837,18.34218,53.55917,2.9361,4.60616,50.01,0601:05:33,1,08
20:29:27,0.17336,219.70,0.47789,18.21981,53.20185,2.9361,4.60616,50.01,0601:05:38,1,08
20:29:29,0.1746,219.70,0.47838,18.35578,53.59887,2.9361,4.60616,50.01,0601:05:40,1,08
20:29:30,0.17497,219.70,0.4742,18.247,53.28125,2.9361,4.60616,50.01,0601:05:41,1,08
20:29:31,0.17464,219.70,0.47203,18.12463,52.92392,2.9361,4.60616,50.01,0601:05:42,1,08
20:29:32,0.17445,219.80,0.47803,18.34218,53.55917,2.9361,4.60616,50.01,0601:05:42,1,08
20:29:33,0.17379,220.00,0.47868,18.31499,53.47976,2.9361,4.60616,50.01,0601:05:44,1,08
20:29:36,0.17374,220.20,0.47905,18.34218,53.55917,2.9361,4.60627,50.01,0601:05:47,1,08
20:29:37,0.17426,220.20,0.47309,18.16542,53.04303,2.9361,4.60627,50.01,0601:05:48,1,08
20:29:39,0.17521,220.40,0.47642,18.41016,53.75768,2.9362,4.60627,50.01,0601:05:50,1,08
20:29:41,0.17265,220.30,0.47714,18.16542,53.04303,2.9362,4.60627,50.03,0601:05:52,1,08
20:29:42,0.17393,220.40,0.47945,18.39657,53.71798,2.9362,4.60627,50.01,0601:05:53,1,08
20:29:43,0.1735,220.40,0.47548,18.19262,53.12244,2.9362,4.60627,50.01,0601:05:54,1,08
20:29:44,0.17412,220.50,0.47415,18.20621,53.16214,2.9362,4.60627,50.01,0601:05:55,1,08
20:29:45,0.17558,220.50,0.47367,18.34218,53.55917,2.9362,4.60627,50.00,0601:05:56,1,08
20:29:49,0.17535,220.10,0.4743,18.31499,53.47976,2.9362,4.60627,50.01,0601:06:00,1,08
20:29:51,0.17492,220.10,0.47705,18.36937,53.63857,2.9362,4.60627,50.00,0601:06:02,1,08
20:29:52,0.17492,220.00,0.47811,18.41016,53.75768,2.9362,4.60637,49.99,0601:06:03,1,08
20:29:55,0.17407,220.10,0.47837,18.34218,53.55917,2.9362,4.60637,49.97,0601:06:06,1,08
20:29:56,0.17407,220.10,0.47837,18.34218,53.55917,2.9362,4.60637,49.97,0601:06:07,1,08
20:29:59,0.17422,220.40,0.47665,18.31499,53.47976,2.9363,4.60637,49.99,0601:06:10,1,08
20:30:02,0.17312,220.40,0.47792,18.247,53.28125,2.9363,4.60637,49.99,0601:06:13,1,08
20:30:03,0.17364,220.30,0.4794,18.35578,53.59887,2.9363,4.60637,49.99,0601:06:14,1,08
20:30:04,0.17455,220.10,0.47489,18.2606,53.32095,2.9363,4.60637,50.00,0601:06:15,1,08
20:30:05,0.17341,220.20,0.47651,18.20621,53.16214,2.9363,4.60637,50.00,0601:06:16,1,08
20:30:06,0.17507,220.20,0.47673,18.38297,53.67828,2.9363,4.60637,49.97,0601:06:17,1,08
20:30:10,0.17355,220.20,0.48009,18.35578,53.59887,2.9363,4.60647,49.99,0601:06:21,1,08
20:30:11,0.17436,220.10,0.47698,18.31499,53.47976,2.9363,4.60647,49.99,0601:06:22,1,08
20:30:12,0.17388,220.10,0.47656,18.247,53.28125,2.9363,4.60647,49.99,0601:06:23,1,08
20:30:14,0.17577,220.10,0.4754,18.39657,53.71798,2.9363,4.60647,50.00,0601:06:25,1,08
20:30:17,0.1746,220.90,0.47463,18.31499,53.47976,2.9363,4.60647,49.99,0601:06:28,1,08
20:30:19,0.17379,221.00,0.47523,18.2606,53.32095,2.9364,4.60647,50.00,0601:06:30,1,08
20:30:26,0.17326,221.00,0.47409,18.16542,53.04303,2.9364,4.60647,50.01,0601:06:37,1,08
20:30:31,0.17403,220.70,0.477,18.32858,53.51946,2.9364,4.60657,50.03,0601:06:42,1,08
20:30:32,0.17403,220.70,0.477,18.32858,53.51946,2.9364,4.60657,50.01,0601:06:43,1,08
20:30:34,0.17502,220.70,0.47537,18.36937,53.63857,2.9364,4.60657,50.03,0601:06:45,1,08
20:30:35,0.17307,220.90,0.47441,18.15182,53.00333,2.9364,4.60657,50.03,0601:06:46,1,08
20:30:36,0.17393,220.90,0.47454,18.247,53.28125,2.9364,4.60657,50.01,0601:06:47,1,08
20:30:40,0.17568,220.80,0.47302,18.35578,53.59887,2.93651,4.60657,50.03,0601:06:51,1,08
20:30:41,0.17572,220.70,0.47197,18.31499,53.47976,2.93651,4.60657,50.03,0601:06:52,1,08
20:30:43,0.17469,220.60,0.4732,18.247,53.28125,2.93651,4.60657,50.03,0601:06:55,1,08
20:30:44,0.17469,220.40,0.47706,18.38297,53.67828,2.93651,4.60657,50.03,0601:06:55,1,08
20:30:46,0.17369,220.30,0.47479,18.17902,53.08273,2.93651,4.60667,50.00,0601:06:57,1,08
20:30:51,0.17393,221.00,0.47633,18.32858,53.51946,2.93651,4.60667,50.00,0601:07:02,1,08
20:30:53,0.17355,220.90,0.47945,18.39657,53.71798,2.93651,4.60667,49.99,0601:07:04,1,08
20:30:55,0.17582,220.90,0.48146,18.7093,54.63115,2.93651,4.60667,49.99,0601:07:07,1,08
20:30:59,0.17426,221.00,0.47812,18.42376,53.79739,2.93661,4.60667,50.00,0601:07:09,1,08
20:31:01,0.17369,221.00,0.4745,18.21981,53.20185,2.93661,4.60667,49.99,0601:07:12,1,08
20:31:03,0.17417,220.80,0.47703,18.35578,53.59887,2.93661,4.60667,50.00,0601:07:13,1,08
20:31:05,0.17331,221.10,0.47553,18.23341,53.24155,2.93661,4.60677,50.01,0601:07:16,1,08
20:31:07,0.17605,221.10,0.47102,18.34218,53.55917,2.93661,4.60677,50.00,0601:07:18,1,08
20:31:09,0.17455,221.20,0.47359,18.28779,53.40036,2.93661,4.60677,50.01,0601:07:19,1,08
20:31:10,0.17507,221.10,0.47474,18.39657,53.71798,2.93661,4.60677,50.01,0601:07:20,1,08
20:31:12,0.17507,221.10,0.47226,18.28779,53.40036,2.93661,4.60677,50.01,0601:07:23,1,08
20:31:14,0.17473,221.10,0.47363,18.31499,53.47976,2.93661,4.60677,50.00,0601:07:25,1,08
20:31:17,0.17492,221.00,0.4754,18.39657,53.71798,2.93661,4.60677,50.01,0601:07:28,1,08
20:31:19,0.17336,221.00,0.47482,18.20621,53.16214,2.93671,4.60677,50.01,0601:07:30,1,08
20:31:20,0.17487,221.00,0.47539,18.38297,53.67828,2.93671,4.60677,50.01,0601:07:31,1,08
20:31:24,0.17492,221.30,0.47472,18.38297,53.67828,2.93671,4.60688,50.01,0601:07:35,1,08
20:31:26,0.17526,221.30,0.46987,18.23341,53.24155,2.93671,4.60688,50.01,0601:07:37,1,08
20:31:30,0.17545,221.30,0.47304,18.36937,53.63857,2.93671,4.60688,50.03,0601:07:41,1,08
20:31:31,0.17558,221.20,0.47341,18.39657,53.71798,2.93671,4.60688,50.03,0601:07:42,1,08
20:31:32,0.17426,221.20,0.4725,18.21981,53.20185,2.93671,4.60688,50.00,0601:07:43,1,08
20:31:33,0.15724,221.10,0.44292,15.40526,44.98335,2.93671,4.60688,50.00,0601:07:44,1,08
20:31:35,0.13455,221.00,0.40311,11.99244,35.01793,2.93671,4.60688,50.01,0601:07:46,1,08
20:31:39,0.1557,221.00,0.43918,15.11972,44.14959,2.93671,4.60688,50.01,0601:07:50,1,08
20:31:40,0.23192,221.00,0.47587,24.40639,71.26665,2.93681,4.60688,50.01,0601:07:51,1,08
20:31:48,0.23604,220.80,0.48592,25.34457,74.00615,2.93681,4.60698,50.00,0601:07:59,1,08
20:31:50,0.23657,220.60,0.4823,25.19501,73.56942,2.93681,4.60698,49.99,0601:08:01,1,08
20:31:51,0.23657,220.60,0.4823,25.19501,73.56942,2.93681,4.60698,49.99,0601:08:02,1,08
20:31:52,0.23429,220.60,0.48396,25.03184,73.09298,2.93681,4.60698,50.00,0601:08:03,1,08
20:31:53,0.23078,220.70,0.48213,24.58314,71.78278,2.93681,4.60698,50.00,0601:08:04,1,08
20:31:54,0.23556,221.00,0.48133,25.23579,73.68852,2.93691,4.60708,49.99,0601:08:05,1,08
20:31:55,0.23552,221.10,0.48173,25.09982,73.29149,2.93691,4.60708,49.99,0601:08:06,1,08
20:31:58,0.23769,221.10,0.48681,25.60291,74.76051,2.93691,4.60708,49.97,0601:08:09,1,08
20:31:59,0.23814,221.10,0.48117,25.35817,74.04585,2.93691,4.60708,49.97,0601:08:10,1,08
20:32:00,0.23723,221.20,0.48446,25.43975,74.28407,2.93691,4.60708,49.99,0601:08:11,1,08
20:32:01,0.23454,221.20,0.48376,25.11342,73.33119,2.93691,4.60708,49.99,0601:08:12,1,08
20:32:02,0.23748,221.20,0.48345,25.41255,74.20466,2.93691,4.60708,49.99,0601:08:13,1,08
20:32:04,0.23996,221.40,0.47954,25.49414,74.44288,2.93691,4.60708,49.97,0601:08:15,1,08
20:32:05,0.23612,221.40,0.48415,25.33097,73.96645,2.93691,4.60708,49.97,0601:08:16,1,08
20:32:06,0.24338,221.50,0.48438,26.13319,76.30891,2.93691,4.60708,49.97,0601:08:17,1,08
20:32:10,0.24527,221.40,0.491,26.69066,77.93673,2.93702,4.60718,49.97,0601:08:21,1,08
20:32:11,0.24389,221.50,0.48937,26.28275,76.74564,2.93702,4.60718,49.97,0601:08:22,1,08
20:32:13,0.24507,221.20,0.48722,26.43232,77.18237,2.93702,4.60718,49.96,0601:08:24,1,08
20:32:14,0.24852,221.00,0.49381,27.13936,79.24693,2.93702,4.60718,49.97,0601:08:25,1,08
20:32:17,0.2526,220.80,0.48855,27.27533,79.64395,2.93702,4.60718,49.96,0601:08:28,1,08
20:32:20,0.2571,221.20,0.49546,28.18632,82.30405,2.93702,4.60729,49.97,0601:08:31,1,08
20:32:21,0.2571,221.20,0.49546,28.18632,82.30405,2.93702,4.60729,49.97,0601:08:32,1,08
20:32:23,0.25742,221.20,0.49523,28.21351,82.38345,2.93712,4.60729,49.97,0601:08:34,1,08
20:32:26,0.25729,221.10,0.49522,28.19991,82.34375,2.93712,4.60729,49.99,0601:08:37,1,08
20:32:27,0.25729,221.10,0.49522,28.19991,82.34375,2.93712,4.60729,49.99,0601:08:38,1,08
20:32:28,0.25748,221.20,0.49547,28.2407,82.46286,2.93712,4.60729,49.99,0601:08:39,1,08
20:32:29,0.25445,221.40,0.49686,28.00956,81.7879,2.93712,4.60729,49.99,0601:08:40,1,08
20:32:31,0.25623,221.30,0.49617,28.15912,82.22464,2.93712,4.60729,50.00,0601:08:42,1,08
20:32:32,0.25656,221.20,0.49545,28.13193,82.14523,2.93712,4.60729,50.01,0601:08:44,1,08
20:32:33,0.25568,221.00,0.49639,28.06395,81.94672,2.93712,4.60739,50.01,0601:08:44,1,08
20:32:34,0.257,221.00,0.49833,28.33588,82.74078,2.93712,4.60739,50.01,0601:08:45,1,08
20:32:36,0.25774,220.90,0.49475,28.19991,82.34375,2.93722,4.60739,50.03,0601:08:47,1,08
20:32:37,0.2578,221.00,0.49618,28.29509,82.62167,2.93722,4.60739,50.03,0601:08:48,1,08
20:32:38,0.25668,220.90,0.49473,28.07754,81.98642,2.93722,4.60739,50.03,0601:08:49,1,08
20:32:40,0.26051,220.80,0.49646,28.58062,83.45542,2.93722,4.60739,50.04,0601:08:51,1,08
20:32:41,0.26076,220.70,0.49528,28.52624,83.29662,2.93722,4.60739,50.04,0601:08:52,1,08
20:32:42,0.25819,220.90,0.50048,28.56703,83.41573,2.93722,4.60739,50.01,0601:08:53,1,08
20:32:44,0.25857,221.20,0.49929,28.56703,83.41573,2.93722,4.60739,50.03,0601:08:56,1,08
20:32:46,0.25813,221.30,0.49596,28.34948,82.78048,2.93722,4.60749,50.00,0601:08:57,1,08
20:32:48,0.25767,221.40,0.49857,28.45825,83.0981,2.93733,4.60749,50.03,0601:08:59,1,08
20:32:54,0.26942,221.40,0.50683,30.26664,88.37858,2.93733,4.60749,50.01,0601:09:04,1,08
20:32:55,0.26905,221.50,0.50433,30.07628,87.82274,2.93733,4.60749,50.00,0601:09:05,1,08
20:32:57,0.27027,221.40,0.50136,30.02189,87.66393,2.93733,4.60749,50.01,0601:09:08,1,08
20:33:00,0.27253,221.30,0.5018,30.28024,88.41829,2.93733,4.60759,50.00,0601:09:10,1,08
20:33:01,0.27434,221.20,0.49933,30.32103,88.5374,2.93743,4.60759,50.01,0601:09:11,1,08
20:33:03,0.26843,221.00,0.50366,29.89952,87.30659,2.93743,4.60759,50.00,0601:09:14,1,08
20:33:04,0.26942,221.10,0.50251,29.96751,87.50513,2.93743,4.60759,50.00,0601:09:15,1,08
20:33:05,0.26942,221.20,0.50433,30.07628,87.82274,2.93743,4.60759,50.00,0601:09:16,1,08
20:33:09,0.26893,221.20,0.50365,29.9947,87.58453,2.93743,4.60759,50.00,0601:09:20,1,08
20:33:10,0.26975,221.30,0.50546,30.19865,88.18007,2.93743,4.60759,50.00,0601:09:21,1,08
20:33:14,0.27183,221.20,0.50158,30.18506,88.14037,2.93753,4.6077,50.00,0601:09:25,1,08
20:33:16,0.2696,221.30,0.50319,30.04909,87.74334,2.93753,4.6077,49.97,0601:09:27,1,08
20:33:17,0.26945,221.30,0.50524,30.14426,88.02126,2.93753,4.6077,49.97,0601:09:27,1,08
20:33:19,0.26997,221.40,0.50591,30.25304,88.33888,2.93753,4.6077,49.99,0601:09:30,1,08
20:33:22,0.27027,221.50,0.50363,30.17146,88.10068,2.93753,4.6077,49.97,0601:09:33,1,08
20:33:24,0.26807,221.50,0.50435,29.96751,87.50513,2.93753,4.6078,49.97,0601:09:35,1,08
20:33:29,0.26991,221.30,0.50523,30.19865,88.18007,2.93763,4.6078,49.97,0601:09:40,1,08
20:33:30,0.27253,221.30,0.5,30.17146,88.10068,2.93763,4.6078,49.97,0601:09:41,1,08
20:33:31,0.26668,221.40,0.50529,29.85873,87.18749,2.93763,4.6078,49.97,0601:09:42,1,08
20:33:33,0.27021,221.40,0.5,29.94031,87.42572,2.93763,4.6078,49.97,0601:09:44,1,08
20:33:35,0.27235,221.20,0.49932,30.10347,87.90215,2.93763,4.6078,49.99,0601:09:46,1,08
20:33:36,0.27134,221.10,0.50294,30.19865,88.18007,2.93763,4.6079,49.99,0601:09:47,1,08
20:33:40,0.27146,221.00,0.50204,30.14426,88.02126,2.93773,4.6079,49.99,0601:09:51,1,08
20:33:42,0.27092,221.00,0.50181,30.07628,87.82274,2.93773,4.6079,49.99,0601:09:53,1,08
20:33:43,0.27604,221.10,0.50601,30.90569,90.24463,2.93773,4.6079,49.99,0601:09:54,1,08
20:33:47,0.27842,221.00,0.50729,31.23201,91.19748,2.93773,4.6079,49.99,0601:09:58,1,08
20:33:50,0.27715,221.00,0.50776,31.12324,90.87986,2.93783,4.608,50.01,0601:10:01,1,08
20:33:51,0.29295,221.10,0.51615,33.4619,97.70876,2.93783,4.608,50.01,0601:10:02,1,08
20:33:52,0.30485,221.20,0.52035,35.10713,102.51282,2.93783,4.608,50.01,0601:10:03,1,08
20:33:53,0.30485,221.20,0.52035,35.10713,102.51282,2.93783,4.608,50.01,0601:10:04,1,08
20:33:54,0.30412,221.20,0.51918,34.95756,102.07607,2.93783,4.608,50.03,0601:10:05,1,08
20:33:56,0.30543,220.90,0.52034,35.13432,102.5922,2.93783,4.608,50.01,0601:10:07,1,08
20:33:57,0.30453,221.00,0.52099,35.09352,102.4731,2.93783,4.608,50.01,0601:10:08,1,08
20:33:59,0.30331,221.00,0.52028,34.88957,101.87756,2.93783,4.608,50.04,0601:10:10,1,08
20:34:04,0.30712,220.80,0.51924,35.2295,102.87013,2.93794,4.6081,50.03,0601:10:15,1,08
20:34:06,0.30647,220.70,0.52149,35.31108,103.10836,2.93794,4.6081,50.01,0601:10:17,1,08
20:34:11,0.17521,220.80,0.47437,18.36937,53.63857,2.93804,4.6081,50.03,0601:10:22,1,08
20:34:16,0.17507,221.00,0.47331,18.32858,53.51946,2.93804,4.60821,50.00,0601:10:27,1,08
20:34:17,0.17553,221.00,0.47129,18.30139,53.44006,2.93804,4.60821,50.00,0601:10:28,1,08
20:34:20,0.17422,221.00,0.47601,18.34218,53.55917,2.93804,4.60821,49.99,0601:10:31,1,08
20:34:21,0.17455,220.90,0.47322,18.2606,53.32095,2.93804,4.60821,49.99,0601:10:32,1,08
20:34:22,0.1761,220.90,0.47207,18.38297,53.67828,2.93804,4.60821,49.97,0601:10:33,1,08
20:34:23,0.17507,220.90,0.47681,18.45096,53.87679,2.93804,4.60821,49.97,0601:10:34,1,08
20:34:24,0.1735,220.80,0.47445,18.17902,53.08273,2.93804,4.60821,49.99,0601:10:35,1,08
20:34:25,0.17384,220.70,0.47342,18.16542,53.04303,2.93804,4.60821,49.99,0601:10:36,1,08
20:34:28,0.17374,220.60,0.47624,18.2606,53.32095,2.93804,4.60821,49.96,0601:10:39,1,08
20:34:30,0.17516,220.60,0.47539,18.38297,53.67828,2.93814,4.60831,49.96,0601:10:41,1,08
20:34:31,0.17317,220.50,0.47651,18.20621,53.16214,2.93814,4.60831,49.96,0601:10:42,1,08
20:34:32,0.17469,220.60,0.47567,18.34218,53.55917,2.93814,4.60831,49.96,0601:10:43,1,08
20:34:35,0.1745,220.30,0.47491,18.2742,53.36066,2.93814,4.60831,49.96,0601:10:46,1,08
20:34:39,0.17572,220.60,0.47477,18.42376,53.79739,2.93814,4.60831,49.96,0601:10:50,1,08
20:34:41,0.17656,220.80,0.47178,18.41016,53.75768,2.93814,4.60831,49.96,0601:10:52,1,08
20:34:42,0.17445,221.00,0.47287,18.247,53.28125,2.93814,4.60831,49.96,0601:10:53,1,08
20:34:44,0.17483,221.10,0.47679,18.43736,53.83709,2.93814,4.60831,49.97,0601:10:56,1,08
20:34:45,0.17398,221.00,0.47526,18.28779,53.40036,2.93814,4.60831,49.97,0601:10:57,1,08
20:34:48,0.17483,220.70,0.47851,18.46455,53.91649,2.93814,4.60831,49.97,0601:10:58,1,08
20:34:50,0.17355,220.50,0.47337,18.12463,52.92392,2.93814,4.60841,49.96,0601:11:00,1,08
20:34:51,0.17553,220.30,0.4754,18.39657,53.71798,2.93824,4.60841,49.97,0601:11:02,1,08
20:34:52,0.17549,220.20,0.47293,18.28779,53.40036,2.93824,4.60841,49.97,0601:11:03,1,08
20:34:58,0.1745,220.60,0.4774,18.38297,53.67828,2.93824,4.60841,49.96,0601:11:09,1,08
20:34:59,0.17502,220.60,0.47783,18.46455,53.91649,2.93824,4.60841,49.96,0601:11:09,1,08
20:35:00,0.17388,220.60,0.47626,18.2742,53.36066,2.93824,4.60841,49.96,0601:11:10,1,08
20:35:03,0.1754,220.10,0.47678,18.42376,53.79739,2.93824,4.60841,49.99,0601:11:14,1,08
20:35:06,0.17685,220.40,0.47803,18.64131,54.43263,2.93824,4.60841,49.99,0601:11:16,1,08
20:35:09,0.17516,220.20,0.47921,18.49175,53.9959,2.93824,4.60851,50.01,0601:11:20,1,08
20:35:11,0.17507,220.40,0.47324,18.2742,53.36066,2.93834,4.60851,50.01,0601:11:21,1,08
20:35:12,0.17614,220.40,0.47656,18.51894,54.07531,2.93834,4.60851,50.01,0601:11:22,1,08
20:35:14,0.17326,220.50,0.47724,18.247,53.28125,2.93834,4.60851,50.01,0601:11:25,1,08
20:35:16,0.17521,220.30,0.47572,18.38297,53.67828,2.93834,4.60851,50.01,0601:11:26,1,08
20:35:17,0.17374,220.40,0.47942,18.36937,53.63857,2.93834,4.60851,50.01,0601:11:27,1,08
20:35:18,0.17331,220.30,0.47722,18.23341,53.24155,2.93834,4.60851,50.01,0601:11:29,1,08
20:35:19,0.1736,220.30,0.47832,18.30139,53.44006,2.93834,4.60851,50.03,0601:11:30,1,08
20:35:22,0.17388,220.10,0.47621,18.23341,53.24155,2.93834,4.60851,50.01,0601:11:32,1,08
20:35:24,0.17511,220.10,0.47708,18.39657,53.71798,2.93834,4.60851,50.04,0601:11:35,1,08
20:35:25,0.17502,220.00,0.47283,18.21981,53.20185,2.93834,4.60861,50.03,0601:11:36,1,08
20:35:27,0.13301,220.10,0.40808,11.95165,34.89882,2.93834,4.60861,50.01,0601:11:38,1,08
20:35:29,0.13301,220.10,0.40808,11.95165,34.89882,2.93834,4.60861,50.00,0601:11:40,1,08
20:35:30,0.13345,220.10,0.40657,11.95165,34.89882,2.93834,4.60861,50.00,0601:11:41,1,08
20:35:37,0.13332,220.70,0.40536,11.93806,34.85912,2.93844,4.60861,49.97,0601:11:48,1,08
20:35:40,0.13412,220.80,0.40404,11.96525,34.93852,2.93844,4.60861,49.99,0601:11:51,1,08
20:35:42,0.13326,220.60,0.40573,11.93806,34.85912,2.93844,4.60861,49.97,0601:11:53,1,08
20:35:43,0.13357,220.60,0.4059,11.96525,34.93852,2.93844,4.60861,49.97,0601:11:54,1,08
20:35:49,0.13394,220.50,0.40386,11.93806,34.85912,2.93844,4.60872,49.96,0601:12:00,1,08
20:35:53,0.13357,221.00,0.40424,11.93806,34.85912,2.93844,4.60872,49.95,0601:12:04,1,08
20:35:56,0.13314,220.30,0.40639,11.92446,34.81942,2.93844,4.60872,49.95,0601:12:07,1,08
20:35:57,0.13276,220.40,0.40799,11.93806,34.85912,2.93844,4.60872,49.95,0601:12:08,1,08
20:35:59,0.13314,220.50,0.40694,11.95165,34.89882,2.93844,4.60872,49.95,0601:12:10,1,08
20:36:00,0.13283,220.70,0.40816,11.96525,34.93852,2.93844,4.60872,49.95,0601:12:11,1,08
20:36:01,0.13295,220.80,0.40648,11.93806,34.85912,2.93844,4.60872,49.95,0601:12:12,1,08
20:36:02,0.13301,220.80,0.40694,11.95165,34.89882,2.93854,4.60872,49.96,0601:12:13,1,08
20:36:03,0.13295,220.70,0.40648,11.93806,34.85912,2.93854,4.60872,49.96,0601:12:14,1,08
20:36:08,0.13307,220.50,0.41111,12.07402,35.25615,2.93854,4.60882,49.97,0601:12:19,1,08
20:36:09,0.134,220.70,0.4136,12.23718,35.73258,2.93854,4.60882,49.97,0601:12:20,1,08
20:36:10,0.13492,220.90,0.4115,12.26438,35.81199,2.93854,4.60882,49.99,0601:12:21,1,08
20:36:13,0.13288,220.90,0.40926,12.01964,35.09734,2.93854,4.60882,49.99,0601:12:24,1,08
20:36:22,0.13276,221.10,0.4088,12.00604,35.05763,2.93854,4.60882,50.01,0601:12:33,1,08
20:36:25,0.13283,221.10,0.41065,12.06043,35.21645,2.93854,4.60882,50.04,0601:12:36,1,08
20:36:26,0.13345,221.00,0.40783,12.03323,35.13704,2.93854,4.60892,50.01,0601:12:37,1,08
20:36:32,0.13288,221.30,0.40896,12.03323,35.13704,2.93865,4.60892,50.03,0601:12:43,1,08
20:36:34,0.13314,221.10,0.40813,12.01964,35.09734,2.93865,4.60892,50.01,0601:12:45,1,08
20:36:35,0.13369,221.30,0.4068,12.04683,35.17673,2.93865,4.60892,50.01,0601:12:46,1,08
20:36:36,0.13388,221.20,0.40505,12.00604,35.05763,2.93865,4.60892,50.03,0601:12:47,1,08
20:36:39,0.13332,221.20,0.40691,12.00604,35.05763,2.93865,4.60892,50.01,0601:12:50,1,08
20:36:40,0.13307,221.20,0.40766,12.00604,35.05763,2.93865,4.60892,50.01,0601:12:51,1,08
20:36:41,0.13351,221.10,0.407,12.01964,35.09734,2.93865,4.60892,50.01,0601:12:52,1,08
20:36:42,0.13288,221.20,0.40981,12.04683,35.17673,2.93865,4.60892,50.03,0601:12:53,1,08
20:36:44,0.13276,221.10,0.40926,12.01964,35.09734,2.93865,4.60892,50.03,0601:12:55,1,08
20:36:45,0.13338,221.10,0.40829,12.04683,35.17673,2.93865,4.60892,50.03,0601:12:57,1,08
20:36:48,0.13326,221.10,0.40729,12.00604,35.05763,2.93865,4.60902,50.03,0601:12:58,1,08
20:36:49,0.13498,221.10,0.4112,12.27798,35.85169,2.93865,4.60902,50.01,0601:12:59,1,08
20:36:50,0.13257,221.00,0.40631,11.91086,34.77971,2.93865,4.60902,50.01,0601:13:00,1,08
20:36:52,0.13233,221.00,0.40753,11.92446,34.81942,2.93865,4.60902,50.01,0601:13:03,1,08
20:36:53,0.13189,221.00,0.40858,11.91086,34.77971,2.93865,4.60902,50.01,0601:13:03,1,08
20:36:54,0.1322,221.00,0.40791,11.92446,34.81942,2.93865,4.60902,50.01,0601:13:04,1,08
20:36:55,0.13214,220.80,0.4082,11.91086,34.77971,2.93865,4.60902,50.01,0601:13:05,1,08
20:36:57,0.13207,220.60,0.40858,11.91086,34.77971,2.93865,4.60902,50.00,0601:13:08,1,08
20:37:00,0.13246,220.50,0.40791,11.92446,34.81942,2.93865,4.60902,49.99,0601:13:10,1,08
20:37:02,0.13246,220.40,0.40782,11.91086,34.77971,2.93865,4.60902,49.97,0601:13:13,1,08
20:37:03,0.13239,220.60,0.40875,11.93806,34.85912,2.93875,4.60902,49.99,0601:13:14,1,08
20:37:04,0.13207,220.60,0.40951,11.93806,34.85912,2.93875,4.60902,49.97,0601:13:15,1,08
20:37:05,0.13276,220.50,0.40715,11.92446,34.81942,2.93875,4.60902,49.97,0601:13:15,1,08
20:37:07,0.13251,220.50,0.40791,11.92446,34.81942,2.93875,4.60902,49.96,0601:13:17,1,08
20:37:08,0.13301,220.40,0.40778,11.96525,34.93852,2.93875,4.60902,49.96,0601:13:19,1,08
20:37:09,0.13151,220.40,0.40854,11.84288,34.5812,2.93875,4.60912,49.96,0601:13:20,1,08
20:37:12,0.13535,221.00,0.41371,12.38675,36.16931,2.93875,4.60912,49.95,0601:13:22,1,08
20:37:13,0.13376,221.40,0.4068,12.04683,35.17673,2.93875,4.60912,49.95,0601:13:23,1,08
20:37:15,0.13251,221.30,0.40686,11.93806,34.85912,2.93875,4.60912,49.96,0601:13:26,1,08
20:37:19,0.13288,221.00,0.40241,11.82928,34.5415,2.93875,4.60912,49.95,0601:13:29,1,08
20:37:21,0.13326,221.00,0.40489,11.92446,34.81942,2.93875,4.60912,49.96,0601:13:32,1,08
20:37:22,0.13332,221.10,0.40415,11.92446,34.81942,2.93875,4.60912,49.95,0601:13:33,1,08
20:37:23,0.13332,221.10,0.40415,11.92446,34.81942,2.93875,4.60912,49.95,0601:13:33,1,08
20:37:24,0.13332,221.20,0.40415,11.92446,34.81942,2.93875,4.60912,49.95,0601:13:34,1,08
20:37:25,0.13376,221.00,0.40303,11.92446,34.81942,2.93875,4.60912,49.96,0601:13:36,1,08
20:37:32,0.13283,220.60,0.40677,11.92446,34.81942,2.93875,4.60922,49.96,0601:13:43,1,08
20:37:33,0.13394,220.50,0.40386,11.93806,34.85912,2.93885,4.60922,49.96,0601:13:44,1,08
20:37:34,0.13332,220.70,0.40619,11.95165,34.89882,2.93885,4.60922,49.97,0601:13:45,1,08
20:37:36,0.13295,220.80,0.40602,11.92446,34.81942,2.93885,4.60922,49.97,0601:13:47,1,08
20:37:37,0.1332,220.80,0.40573,11.93806,34.85912,2.93885,4.60922,49.99,0601:13:48,1,08
20:37:38,0.13351,220.70,0.40452,11.92446,34.81942,2.93885,4.60922,49.99,0601:13:49,1,08
20:37:39,0.13301,220.70,0.40602,11.92446,34.81942,2.93885,4.60922,49.99,0601:13:50,1,08
20:37:40,0.13276,220.70,0.40677,11.92446,34.81942,2.93885,4.60922,50.00,0601:13:51,1,08
20:37:41,0.13314,220.60,0.40564,11.92446,34.81942,2.93885,4.60922,50.00,0601:13:52,1,08
20:37:45,0.13288,221.00,0.40564,11.92446,34.81942,2.93885,4.60922,50.01,0601:13:56,1,08
20:37:47,0.13381,221.10,0.40303,11.92446,34.81942,2.93885,4.60922,50.03,0601:13:58,1,08
20:37:50,0.13276,221.00,0.40593,11.91086,34.77971,2.93885,4.60932,50.04,0601:14:01,1,08
20:37:52,0.13276,220.70,0.40631,11.91086,34.77971,2.93885,4.60932,50.04,0601:14:03,1,08
20:37:54,0.1327,220.70,0.40677,11.92446,34.81942,2.93885,4.60932,50.04,0601:14:05,1,08
20:37:57,0.13314,221.00,0.40443,11.91086,34.77971,2.93885,4.60932,50.04,0601:14:08,1,08
20:37:58,0.13276,221.00,0.40602,11.92446,34.81942,2.93885,4.60932,50.03,0601:14:09,1,08
20:37:59,0.13257,221.00,0.40631,11.91086,34.77971,2.93885,4.60932,50.03,0601:14:10,1,08
20:38:01,0.13332,221.00,0.40406,11.91086,34.77971,2.93885,4.60932,50.05,0601:14:12,1,08
20:38:02,0.13295,221.10,0.40472,11.89726,34.74001,2.93885,4.60932,50.04,0601:14:13,1,08
20:38:03,0.1327,221.10,0.40602,11.92446,34.81942,2.93895,4.60932,50.04,0601:14:14,1,08
20:38:07,0.13295,221.10,0.40527,11.92446,34.81942,2.93895,4.60932,50.03,0601:14:18,1,08
20:38:14,0.13504,221.00,0.40528,12.10122,35.33555,2.93895,4.60943,50.03,0601:14:25,1,08
20:38:17,0.13338,220.90,0.4036,11.89726,34.74001,2.93895,4.60943,50.01,0601:14:28,1,08
20:38:18,0.13283,220.90,0.40602,11.92446,34.81942,2.93895,4.60943,50.01,0601:14:29,1,08
20:38:20,0.13326,220.90,0.40489,11.92446,34.81942,2.93895,4.60943,50.01,0601:14:31,1,08
20:38:22,0.13314,221.10,0.40443,11.91086,34.77971,2.93895,4.60943,50.01,0601:14:33,1,08
20:38:24,0.13338,221.20,0.40461,11.93806,34.85912,2.93895,4.60943,50.00,0601:14:35,1,08
20:38:27,0.13314,221.00,0.40489,11.92446,34.81942,2.93895,4.60943,49.99,0601:14:38,1,08
20:38:29,0.13369,220.90,0.40331,11.91086,34.77971,2.93895,4.60943,49.99,0601:14:40,1,08
20:38:30,0.13419,221.00,0.40192,11.92446,34.81942,2.93895,4.60943,49.97,0601:14:41,1,08
20:38:32,0.13326,220.70,0.40388,11.88367,34.70031,2.93895,4.60953,49.96,0601:14:43,1,08
20:38:33,0.13314,220.80,0.40518,11.91086,34.77971,2.93905,4.60953,49.96,0601:14:44,1,08
20:38:34,0.13363,220.80,0.40378,11.92446,34.81942,2.93905,4.60953,49.96,0601:14:45,1,08
20:38:36,0.13326,220.80,0.40489,11.92446,34.81942,2.93905,4.60953,49.94,0601:14:47,1,08
20:38:37,0.1332,220.80,0.40481,11.91086,34.77971,2.93905,4.60953,49.94,0601:14:48,1,08
20:38:38,0.13314,220.90,0.40619,11.95165,34.89882,2.93905,4.60953,49.95,0601:14:49,1,08
20:38:39,0.1327,220.90,0.40639,11.92446,34.81942,2.93905,4.60953,49.95,0601:14:50,1,08
20:38:46,0.13183,221.30,0.40867,11.92446,34.81942,2.93905,4.60953,49.94,0601:14:56,1,08
20:38:49,0.1348,220.80,0.41187,12.26438,35.81199,2.93905,4.60953,49.94,0601:14:59,1,08
20:38:51,0.13202,220.70,0.40672,11.85647,34.6209,2.93905,4.60953,49.95,0601:15:01,1,08
20:38:56,0.13246,221.00,0.40761,11.93806,34.85912,2.93905,4.60963,49.95,0601:15:06,1,08
20:38:57,0.13233,221.00,0.40753,11.92446,34.81942,2.93905,4.60963,49.95,0601:15:07,1,08
20:39:01,0.13226,220.70,0.4041,11.80208,34.46209,2.93905,4.60963,49.95,0601:15:11,1,08
20:39:03,0.13276,220.60,0.40584,11.89726,34.74001,2.93905,4.60963,49.96,0601:15:13,1,08
20:39:04,0.13307,220.80,0.40611,11.93806,34.85912,2.93915,4.60963,49.96,0601:15:15,1,08
20:39:05,0.13283,220.70,0.40631,11.91086,34.77971,2.93915,4.60963,49.96,0601:15:16,1,08
20:39:06,0.13283,220.70,0.40631,11.91086,34.77971,2.93915,4.60963,49.96,0601:15:16,1,08
20:39:07,0.13233,220.60,0.40689,11.88367,34.70031,2.93915,4.60963,49.96,0601:15:17,1,08
20:39:09,0.13288,220.50,0.40677,11.92446,34.81942,2.93915,4.60963,49.97,0601:15:20,1,08
20:39:11,0.13363,220.60,0.40599,11.97884,34.97823,2.93915,4.60963,49.96,0601:15:21,1,08
20:39:12,0.13388,220.50,0.40608,11.99244,35.01793,2.93915,4.60963,49.96,0601:15:22,1,08
20:39:14,0.13363,220.60,0.40268,11.87007,34.6606,2.93915,4.60973,49.97,0601:15:25,1,08
20:39:15,0.13345,220.60,0.40489,11.92446,34.81942,2.93915,4.60973,49.97,0601:15:26,1,08
20:39:18,0.13492,220.60,0.40639,12.10122,35.33555,2.93915,4.60973,49.97,0601:15:28,1,08
20:39:22,0.13295,221.00,0.40472,11.89726,34.74001,2.93915,4.60973,49.99,0601:15:33,1,08
20:39:24,0.13326,221.00,0.40397,11.89726,34.74001,2.93915,4.60973,49.99,0601:15:34,1,08
20:39:26,0.13295,221.00,0.40518,11.91086,34.77971,2.93915,4.60973,49.99,0601:15:37,1,08
20:39:29,0.13295,221.00,0.40472,11.89726,34.74001,2.93915,4.60973,50.00,0601:15:39,1,08
20:39:30,0.13264,221.10,0.40593,11.91086,34.77971,2.93915,4.60973,50.00,0601:15:40,1,08
20:39:31,0.13239,221.10,0.40576,11.88367,34.70031,2.93915,4.60973,50.00,0601:15:42,1,08
20:39:32,0.13326,221.10,0.40406,11.91086,34.77971,2.93915,4.60973,50.00,0601:15:43,1,08
20:39:35,0.13295,221.20,0.40527,11.92446,34.81942,2.93925,4.60983,49.99,0601:15:45,1,08
20:39:38,0.13246,221.00,0.40669,11.91086,34.77971,2.93925,4.60983,50.01,0601:15:49,1,08
20:39:39,0.13283,221.00,0.40509,11.89726,34.74001,2.93925,4.60983,50.01,0601:15:50,1,08
20:39:41,0.13246,221.00,0.40529,11.87007,34.6606,2.93925,4.60983,50.01,0601:15:52,1,08
20:39:42,0.13307,220.90,0.40426,11.88367,34.70031,2.93925,4.60983,50.00,0601:15:53,1,08
20:39:43,0.13314,221.00,0.40388,11.88367,34.70031,2.93925,4.60983,50.00,0601:15:54,1,08
20:39:45,0.13351,220.90,0.40369,11.91086,34.77971,2.93925,4.60983,50.01,0601:15:56,1,08
20:39:51,0.13338,220.70,0.40397,11.89726,34.74001,2.93925,4.60983,50.00,0601:16:02,1,08
20:39:54,0.13233,221.00,0.40613,11.88367,34.70031,2.93925,4.60983,50.01,0601:16:05,1,08
20:39:55,0.13239,220.90,0.4066,11.89726,34.74001,2.93925,4.60983,50.01,0601:16:06,1,08
20:39:56,0.13288,221.00,0.40556,11.91086,34.77971,2.93925,4.60993,50.03,0601:16:07,1,08
20:40:01,0.13251,220.70,0.40613,11.88367,34.70031,2.93925,4.60993,50.00,0601:16:12,1,08
20:40:04,0.13164,220.90,0.40841,11.88367,34.70031,2.93925,4.60993,50.00,0601:16:15,1,08
20:40:06,0.13207,220.90,0.40727,11.88367,34.70031,2.93935,4.60993,50.00,0601:16:17,1,08
20:40:09,0.13189,220.70,0.4085,11.89726,34.74001,2.93935,4.60993,49.99,0601:16:20,1,08
20:40:12,0.13095,220.70,0.41204,11.91086,34.77971,2.93935,4.60993,49.99,0601:16:23,1,08
20:40:13,0.13139,220.60,0.41088,11.91086,34.77971,2.93935,4.60993,49.99,0601:16:24,1,08
20:40:15,0.13151,220.60,0.40815,11.84288,34.5812,2.93935,4.60993,49.97,0601:16:26,1,08
20:40:16,0.13139,220.60,0.40901,11.85647,34.6209,2.93935,4.60993,49.96,0601:16:27,1,08
20:40:17,0.13133,220.70,0.41088,11.91086,34.77971,2.93935,4.61004,49.96,0601:16:28,1,08
20:40:18,0.13095,220.80,0.41118,11.89726,34.74001,2.93935,4.61004,49.95,0601:16:29,1,08
20:40:20,0.13257,221.10,0.41242,12.10122,35.33555,2.93935,4.61004,49.96,0601:16:31,1,08
20:40:21,0.1322,221.20,0.4145,12.12841,35.41496,2.93935,4.61004,49.96,0601:16:32,1,08
20:40:22,0.13069,221.20,0.41212,11.92446,34.81942,2.93935,4.61004,49.95,0601:16:33,1,08
20:40:23,0.13082,221.20,0.41212,11.92446,34.81942,2.93935,4.61004,49.95,0601:16:34,1,08
20:40:29,0.13019,221.10,0.41265,11.88367,34.70031,2.93935,4.61004,49.96,0601:16:40,1,08
20:40:31,0.1305,221.00,0.41282,11.91086,34.77971,2.93935,4.61004,49.96,0601:16:42,1,08
20:40:32,0.1305,220.90,0.41329,11.92446,34.81942,2.93935,4.61004,49.95,0601:16:43,1,08
20:40:33,0.13031,220.90,0.41313,11.89726,34.74001,2.93935,4.61004,49.95,0601:16:44,1,08
20:40:36,0.13076,220.80,0.41196,11.89726,34.74001,2.93945,4.61004,49.96,0601:16:47,1,08
20:40:37,0.13019,220.80,0.41296,11.87007,34.6606,2.93945,4.61004,49.96,0601:16:48,1,08
20:40:41,0.13025,221.00,0.41313,11.89726,34.74001,2.93945,4.61014,49.96,0601:16:51,1,08
20:40:42,0.13057,221.00,0.41196,11.89726,34.74001,2.93945,4.61014,49.96,0601:16:52,1,08
20:40:46,0.13076,220.70,0.41243,11.91086,34.77971,2.93945,4.61014,49.96,0601:16:56,1,08
20:40:47,0.13063,220.80,0.41282,11.91086,34.77971,2.93945,4.61014,49.96,0601:16:57,1,08
20:40:51,0.13082,220.70,0.41102,11.87007,34.6606,2.93945,4.61014,49.97,0601:17:01,1,08
20:40:52,0.13057,220.70,0.41226,11.88367,34.70031,2.93945,4.61014,49.97,0601:17:03,1,08
20:40:53,0.13063,220.80,0.41188,11.88367,34.70031,2.93945,4.61014,49.97,0601:17:03,1,08
20:40:55,0.13076,220.90,0.41196,11.89726,34.74001,2.93945,4.61014,49.97,0601:17:05,1,08
20:40:56,0.1305,220.90,0.41188,11.88367,34.70031,2.93945,4.61014,49.97,0601:17:06,1,08
20:40:57,0.12981,220.80,0.41366,11.85647,34.6209,2.93945,4.61014,49.97,0601:17:07,1,08
20:40:58,0.12981,220.80,0.41509,11.89726,34.74001,2.93945,4.61014,49.99,0601:17:09,1,08
20:40:59,0.13937,220.90,0.42674,13.14818,38.39268,2.93945,4.61014,49.99,0601:17:09,1,08
20:41:01,0.12968,221.00,0.41509,11.89726,34.74001,2.93945,4.61024,50.00,0601:17:11,1,08
20:41:02,0.12987,220.90,0.4143,11.89726,34.74001,2.93945,4.61024,50.00,0601:17:12,1,08
20:41:03,0.12961,220.90,0.41453,11.87007,34.6606,2.93945,4.61024,50.00,0601:17:14,1,08
20:41:05,0.12961,220.90,0.41548,11.89726,34.74001,2.93945,4.61024,49.99,0601:17:15,1,08
20:41:09,0.12885,221.00,0.41698,11.88367,34.70031,2.93955,4.61024,50.01,0601:17:20,1,08
20:41:10,0.12911,221.00,0.41714,11.91086,34.77971,2.93955,4.61024,50.00,0601:17:21,1,08
20:41:11,0.12911,221.00,0.41714,11.91086,34.77971,2.93955,4.61024,50.00,0601:17:21,1,08
20:41:13,0.12961,221.00,0.41556,11.91086,34.77971,2.93955,4.61024,50.01,0601:17:23,1,08
20:41:15,0.12968,220.90,0.41461,11.88367,34.70031,2.93955,4.61024,50.00,0601:17:26,1,08
20:41:16,0.12955,221.00,0.415,11.88367,34.70031,2.93955,4.61024,50.01,0601:17:27,1,08
20:41:17,0.12955,221.00,0.415,11.88367,34.70031,2.93955,4.61024,50.01,0601:17:27,1,08
20:41:18,0.12981,221.10,0.4143,11.89726,34.74001,2.93955,4.61024,50.01,0601:17:28,1,08
20:41:19,0.13031,221.00,0.41218,11.87007,34.6606,2.93955,4.61024,50.03,0601:17:29,1,08
20:41:24,0.13226,220.80,0.41209,12.04683,35.17673,2.93955,4.61034,50.01,0601:17:34,1,08
20:41:28,0.13082,220.60,0.41149,11.88367,34.70031,2.93955,4.61034,50.03,0601:17:39,1,08
20:41:31,0.12981,220.70,0.41414,11.87007,34.6606,2.93955,4.61034,50.03,0601:17:42,1,08
20:41:34,0.13057,220.40,0.41124,11.84288,34.5812,2.93955,4.61034,50.03,0601:17:45,1,08
20:41:35,0.13057,220.40,0.41124,11.84288,34.5812,2.93955,4.61034,50.03,0601:17:45,1,08
20:41:37,0.13139,220.20,0.40977,11.85647,34.6209,2.93965,4.61034,50.00,0601:17:48,1,08
20:41:41,0.13063,220.20,0.41257,11.87007,34.6606,2.93965,4.61034,49.97,0601:17:51,1,08
20:41:43,0.13127,220.40,0.41127,11.91086,34.77971,2.93965,4.61044,49.96,0601:17:54,1,08
20:41:45,0.13101,220.70,0.41259,11.93806,34.85912,2.93965,4.61044,49.95,0601:17:56,1,08
20:41:48,0.13069,221.00,0.41157,11.89726,34.74001,2.93965,4.61044,49.94,0601:17:59,1,08
20:41:52,0.13044,221.10,0.41188,11.88367,34.70031,2.93965,4.61044,49.96,0601:18:03,1,08
20:41:54,0.13019,221.00,0.41163,11.84288,34.5812,2.93965,4.61044,49.96,0601:18:05,1,08
20:41:55,0.13019,220.80,0.41021,11.80208,34.46209,2.93965,4.61044,49.96,0601:18:06,1,08
20:41:56,0.13139,220.70,0.41003,11.89726,34.74001,2.93965,4.61044,49.96,0601:18:07,1,08
20:41:57,0.13069,220.80,0.41196,11.89726,34.74001,2.93965,4.61044,49.96,0601:18:08,1,08
20:42:01,0.13057,220.90,0.41235,11.89726,34.74001,2.93965,4.61044,49.96,0601:18:12,1,08
20:42:04,0.13019,220.50,0.41051,11.78849,34.42239,2.93965,4.61054,49.96,0601:18:15,1,08
20:42:06,0.1312,220.70,0.41033,11.88367,34.70031,2.93975,4.61054,49.95,0601:18:17,1,08
20:42:07,0.1312,220.70,0.41033,11.88367,34.70031,2.93975,4.61054,49.95,0601:18:18,1,08
20:42:08,0.13076,220.90,0.41157,11.89726,34.74001,2.93975,4.61054,49.96,0601:18:19,1,08
20:42:09,0.13101,221.00,0.4108,11.89726,34.74001,2.93975,4.61054,49.96,0601:18:20,1,08
20:42:11,0.13183,221.10,0.41091,11.97884,34.97823,2.93975,4.61054,49.96,0601:18:22,1,08
20:42:15,0.13063,220.80,0.40858,11.78849,34.42239,2.93975,4.61054,49.95,0601:18:26,1,08
20:42:17,0.13095,220.80,0.41165,11.91086,34.77971,2.93975,4.61054,49.96,0601:18:28,1,08
20:42:20,0.13151,221.10,0.40935,11.91086,34.77971,2.93975,4.61054,49.97,0601:18:31,1,08
20:42:21,0.13107,221.10,0.40994,11.88367,34.70031,2.93975,4.61054,49.97,0601:18:32,1,08
20:42:24,0.13157,220.90,0.40841,11.88367,34.70031,2.93975,4.61054,49.97,0601:18:35,1,08
20:42:27,0.13276,220.70,0.41234,12.08762,35.29585,2.93975,4.61064,49.97,0601:18:38,1,08
20:42:29,0.13157,220.60,0.40777,11.84288,34.5812,2.93975,4.61064,49.99,0601:18:40,1,08
20:42:30,0.1312,220.70,0.40798,11.81568,34.50179,2.93975,4.61064,49.99,0601:18:41,1,08
20:42:34,0.13139,220.30,0.41033,11.88367,34.70031,2.93975,4.61064,49.99,0601:18:44,1,08
20:42:35,0.13183,220.30,0.40833,11.87007,34.6606,2.93975,4.61064,49.99,0601:18:45,1,08
20:42:36,0.13127,220.30,0.41071,11.88367,34.70031,2.93985,4.61064,49.99,0601:18:46,1,08
20:42:38,0.13157,220.10,0.40986,11.87007,34.6606,2.93985,4.61064,49.99,0601:18:48,1,08
20:42:40,0.13196,220.20,0.40833,11.87007,34.6606,2.93985,4.61064,50.00,0601:18:50,1,08
20:42:41,0.13177,220.30,0.40964,11.89726,34.74001,2.93985,4.61064,49.99,0601:18:51,1,08
20:42:42,0.13196,220.30,0.40748,11.85647,34.6209,2.93985,4.61064,49.97,0601:18:52,1,08
20:42:44,0.13264,220.20,0.40651,11.88367,34.70031,2.93985,4.61064,49.97,0601:18:54,1,08
20:42:47,0.13264,220.20,0.40651,11.88367,34.70031,2.93985,4.61074,49.99,0601:18:57,1,08
20:42:48,0.13251,220.20,0.40642,11.87007,34.6606,2.93985,4.61074,49.99,0601:18:58,1,08
20:42:49,0.13295,220.10,0.40576,11.88367,34.70031,2.93985,4.61074,49.99,0601:18:59,1,08
20:42:50,0.13276,220.10,0.40651,11.88367,34.70031,2.93985,4.61074,49.99,0601:19:00,1,08
20:42:51,0.13207,220.20,0.40561,11.80208,34.46209,2.93985,4.61074,49.97,0601:19:01,1,08
20:42:53,0.13239,220.10,0.40672,11.85647,34.6209,2.93985,4.61074,49.97,0601:19:03,1,08
20:42:55,0.13214,220.50,0.40765,11.88367,34.70031,2.93985,4.61074,49.97,0601:19:06,1,08
20:42:56,0.13214,220.50,0.40765,11.88367,34.70031,2.93985,4.61074,49.97,0601:19:06,1,08
20:42:58,0.13233,220.30,0.40634,11.85647,34.6209,2.93985,4.61074,49.96,0601:19:08,1,08
20:42:59,0.13283,220.30,0.4066,11.89726,34.74001,2.93985,4.61074,49.97,0601:19:09,1,08
20:43:00,0.1327,220.30,0.40698,11.89726,34.74001,2.93985,4.61074,49.95,0601:19:11,1,08
20:43:01,0.13314,220.10,0.40538,11.88367,34.70031,2.93985,4.61074,49.95,0601:19:12,1,08
20:43:04,0.13376,220.10,0.40397,11.89726,34.74001,2.93985,4.61074,49.96,0601:19:14,1,08
20:43:05,0.13314,220.50,0.40463,11.88367,34.70031,2.93985,4.61074,49.95,0601:19:15,1,08
20:43:06,0.13233,220.70,0.40689,11.88367,34.70031,2.93995,4.61074,49.96,0601:19:17,1,08
20:43:07,0.13264,220.80,0.40529,11.87007,34.6606,2.93995,4.61085,49.96,0601:19:18,1,08
20:43:08,0.13264,220.80,0.40529,11.87007,34.6606,2.93995,4.61085,49.96,0601:19:18,1,08
20:43:10,0.13264,220.80,0.40631,11.91086,34.77971,2.93995,4.61085,49.96,0601:19:20,1,08
20:43:11,0.13357,220.30,0.40813,12.01964,35.09734,2.93995,4.61085,49.96,0601:19:21,1,08
20:43:12,0.13338,220.10,0.40509,11.89726,34.74001,2.93995,4.61085,49.96,0601:19:23,1,08
20:43:14,0.1332,220.10,0.40584,11.89726,34.74001,2.93995,4.61085,49.96,0601:19:24,1,08
20:43:17,0.17115,220.40,0.4719,17.8119,52.01076,2.93995,4.61085,49.97,0601:19:28,1,08
20:43:20,0.16951,220.40,0.47273,17.67593,51.61373,2.93995,4.61085,49.96,0601:19:30,1,08
20:43:21,0.16775,220.50,0.47171,17.45838,50.97848,2.93995,4.61085,49.96,0601:19:31,1,08
20:43:24,0.19993,220.60,0.50216,22.1629,64.71568,2.93995,4.61085,49.96,0601:19:35,1,08
20:43:26,0.19605,220.50,0.50063,21.65982,63.24667,2.93995,4.61095,49.96,0601:19:36,1,08
20:43:28,0.19474,220.30,0.50032,21.48306,62.73053,2.94005,4.61095,49.97,0601:19:39,1,08
20:43:30,0.19997,220.50,0.5037,22.21729,64.87449,2.94005,4.61095,49.96,0601:19:41,1,08
20:43:32,0.19757,220.40,0.50094,21.82298,63.72311,2.94005,4.61095,49.96,0601:19:42,1,08
20:43:33,0.19803,220.30,0.50561,22.06772,64.43776,2.94005,4.61095,49.96,0601:19:44,1,08
20:43:34,0.1966,220.40,0.50376,21.83657,63.7628,2.94005,4.61095,49.95,0601:19:45,1,08
20:43:39,0.20858,220.40,0.50798,23.37302,68.24923,2.94005,4.61095,49.95,0601:19:50,1,08
20:43:40,0.21019,220.40,0.51144,23.71294,69.2418,2.94005,4.61095,49.96,0601:19:51,1,08
20:43:41,0.21051,220.30,0.50849,23.60417,68.92418,2.94005,4.61095,49.96,0601:19:52,1,08
20:43:42,0.21114,220.40,0.5108,23.79453,69.48002,2.94005,4.61105,49.96,0601:19:53,1,08
20:43:44,0.21137,220.40,0.50992,23.76733,69.40061,2.94015,4.61105,49.96,0601:19:55,1,08
20:43:45,0.20976,220.50,0.50969,23.59057,68.88448,2.94015,4.61105,49.96,0601:19:56,1,08
20:43:46,0.21122,220.40,0.50817,23.67216,69.1227,2.94015,4.61105,49.96,0601:19:57,1,08
20:43:47,0.21055,220.50,0.50995,23.68575,69.16239,2.94015,4.61105,49.96,0601:19:58,1,08
20:43:48,0.20933,220.40,0.50766,23.44101,68.44775,2.94015,4.61105,49.97,0601:19:59,1,08
20:43:49,0.21129,220.40,0.50933,23.74014,69.32121,2.94015,4.61105,49.97,0601:20:00,1,08
20:43:54,0.21214,220.50,0.50959,23.84891,69.63883,2.94015,4.61105,49.97,0601:20:05,1,08
20:43:55,0.21102,220.40,0.50847,23.65856,69.08299,2.94015,4.61105,49.97,0601:20:06,1,08
20:43:56,0.21253,220.50,0.50899,23.86251,69.67853,2.94015,4.61105,49.99,0601:20:07,1,08
20:43:57,0.21074,220.60,0.50994,23.71294,69.2418,2.94015,4.61105,49.99,0601:20:08,1,08
20:43:58,0.2123,220.50,0.50871,23.83532,69.59912,2.94015,4.61115,49.96,0601:20:09,1,08
20:43:59,0.21176,220.40,0.5099,23.82172,69.55943,2.94026,4.61115,49.96,0601:20:10,1,08
20:44:01,0.20999,220.30,0.50823,23.52259,68.68597,2.94026,4.61115,49.99,0601:20:12,1,08
20:44:04,0.2109,220.30,0.50731,23.59057,68.88448,2.94026,4.61115,49.96,0601:20:15,1,08
20:44:05,0.2125,220.40,0.50813,23.80812,69.51972,2.94026,4.61115,49.96,0601:20:16,1,08
20:44:06,0.21094,220.30,0.50673,23.56338,68.80507,2.94026,4.61115,49.97,0601:20:17,1,08
20:44:08,0.21137,220.40,0.507,23.63136,69.00358,2.94026,4.61115,49.96,0601:20:19,1,08
20:44:09,0.2123,220.40,0.50987,23.87611,69.71825,2.94026,4.61115,49.96,0601:20:20,1,08
20:44:11,0.21265,220.60,0.50898,23.8897,69.75793,2.94026,4.61115,49.97,0601:20:22,1,08
20:44:12,0.21035,220.80,0.50585,23.50899,68.64626,2.94026,4.61115,49.96,0601:20:23,1,08
20:44:14,0.21157,220.80,0.50698,23.69935,69.2021,2.94036,4.61125,49.95,0601:20:25,1,08
20:44:15,0.21102,220.80,0.50671,23.63136,69.00358,2.94036,4.61125,49.95,0601:20:26,1,08
20:44:17,0.21832,220.80,0.5093,24.56955,71.74309,2.94036,4.61125,49.96,0601:20:28,1,08
20:44:18,0.2173,220.80,0.50822,24.39279,71.22694,2.94036,4.61125,49.96,0601:20:29,1,08
20:44:20,0.21863,220.80,0.50901,24.58314,71.78278,2.94036,4.61125,49.97,0601:20:31,1,08
20:44:26,0.22095,220.80,0.50864,24.82789,72.49744,2.94036,4.61125,49.97,0601:20:37,1,08
20:44:28,0.22035,220.80,0.50698,24.67832,72.06071,2.94036,4.61125,49.96,0601:20:39,1,08
20:44:31,0.22192,220.60,0.50861,24.90947,72.73566,2.94046,4.61135,49.95,0601:20:41,1,08
20:44:32,0.24791,220.40,0.5107,27.91438,81.50999,2.94046,4.61135,49.95,0601:20:42,1,08
20:44:33,0.25218,220.30,0.51468,28.60782,83.53484,2.94046,4.61135,49.95,0601:20:43,1,08
20:44:34,0.25099,220.20,0.51647,28.56703,83.41573,2.94046,4.61135,49.95,0601:20:44,1,08
20:44:36,0.25093,220.10,0.51476,28.44466,83.0584,2.94046,4.61135,49.95,0601:20:46,1,08
20:44:40,0.25106,220.30,0.51646,28.58062,83.45542,2.94046,4.61135,49.95,0601:20:50,1,08
20:44:41,0.25056,220.20,0.51822,28.62142,83.57454,2.94046,4.61135,49.96,0601:20:51,1,08
20:44:42,0.25096,220.40,0.51769,28.64861,83.65394,2.94046,4.61135,49.96,0601:20:52,1,08
20:44:44,0.25119,220.30,0.51547,28.53983,83.33631,2.94056,4.61146,49.96,0601:20:54,1,08
20:44:46,0.25578,220.30,0.51664,29.1245,85.04354,2.94056,4.61146,49.96,0601:20:56,1,08
20:44:47,0.25706,220.30,0.51679,29.28766,85.51997,2.94056,4.61146,49.96,0601:20:57,1,08
20:44:51,0.25835,220.30,0.51551,29.36924,85.75819,2.94056,4.61146,49.96,0601:21:01,1,08
20:44:55,0.25968,220.30,0.51425,29.43723,85.95671,2.94067,4.61146,49.97,0601:21:05,1,08
20:45:00,0.27449,220.30,0.51325,31.06885,90.72105,2.94067,4.61156,49.96,0601:21:10,1,08
20:45:01,0.27328,220.30,0.51579,31.08245,90.76075,2.94067,4.61156,49.97,0601:21:11,1,08
20:45:03,0.27183,220.20,0.5177,31.01447,90.56224,2.94067,4.61156,49.99,0601:21:13,1,08
20:45:04,0.27412,220.30,0.51485,31.10965,90.84017,2.94067,4.61156,49.99,0601:21:14,1,08
20:45:05,0.27562,220.20,0.51365,31.20482,91.11808,2.94067,4.61156,49.99,0601:21:15,1,08
20:45:06,0.2753,220.20,0.51457,31.20482,91.11808,2.94067,4.61156,49.97,0601:21:16,1,08
20:45:07,0.274,220.00,0.51578,31.10965,90.84017,2.94077,4.61156,49.97,0601:21:18,1,08
20:45:08,0.274,220.00,0.51578,31.10965,90.84017,2.94077,4.61156,49.97,0601:21:18,1,08
20:45:09,0.27518,220.10,0.51593,31.2728,91.31659,2.94077,4.61156,49.97,0601:21:19,1,08
20:45:10,0.27362,220.10,0.51512,31.04166,90.64165,2.94077,4.61166,49.97,0601:21:20,1,08
20:45:15,0.27446,220.40,0.51527,31.19122,91.07838,2.94077,4.61166,49.97,0601:21:25,1,08
20:45:17,0.16009,220.10,0.45451,16.03071,46.80968,2.94077,4.61166,49.97,0601:21:27,1,08
20:45:18,0.14195,220.20,0.42217,13.20256,38.55148,2.94077,4.61166,49.97,0601:21:29,1,08
20:45:20,0.13326,220.10,0.40686,11.93806,34.85912,2.94077,4.61166,49.97,0601:21:30,1,08
20:45:21,0.1327,220.20,0.40791,11.92446,34.81942,2.94077,4.61166,49.96,0601:21:31,1,08
20:45:22,0.13295,220.20,0.40669,11.91086,34.77971,2.94077,4.61166,49.97,0601:21:32,1,08
20:45:23,0.13431,220.20,0.40303,11.92446,34.81942,2.94087,4.61166,49.97,0601:21:34,1,08
20:45:26,0.13492,220.30,0.40073,11.91086,34.77971,2.94087,4.61176,49.96,0601:21:36,1,08
20:45:28,0.13486,220.10,0.39744,11.80208,34.46209,2.94087,4.61176,49.95,0601:21:38,1,08
20:45:30,0.13541,220.10,0.39973,11.92446,34.81942,2.94087,4.61176,49.96,0601:21:41,1,08
20:45:33,0.13565,220.30,0.39773,11.89726,34.74001,2.94087,4.61176,49.96,0601:21:43,1,08
20:45:34,0.13595,220.60,0.39891,11.96525,34.93852,2.94087,4.61176,49.96,0601:21:45,1,08
20:45:38,0.13461,220.50,0.39652,11.77489,34.38269,2.94087,4.61176,49.96,0601:21:48,1,08
20:45:39,0.13559,220.60,0.39864,11.92446,34.81942,2.94087,4.61176,49.96,0601:21:49,1,08
20:45:42,0.13553,220.60,0.39773,11.89726,34.74001,2.94087,4.61176,49.95,0601:21:53,1,08
20:45:43,0.13535,220.60,0.39763,11.88367,34.70031,2.94087,4.61176,49.95,0601:21:54,1,08
20:45:45,0.13565,220.60,0.39782,11.91086,34.77971,2.94087,4.61176,49.95,0601:21:56,1,08
20:45:46,0.13529,220.60,0.39982,11.93806,34.85912,2.94087,4.61186,49.96,0601:21:57,1,08
20:45:47,0.13559,220.50,0.39864,11.92446,34.81942,2.94087,4.61186,49.96,0601:21:58,1,08
20:45:53,0.13595,220.60,0.39719,11.92446,34.81942,2.94097,4.61186,49.96,0601:22:04,1,08
20:45:54,0.13644,220.40,0.39783,11.96525,34.93852,2.94097,4.61186,49.96,0601:22:05,1,08
20:45:56,0.13704,220.10,0.39685,11.97884,34.97823,2.94097,4.61186,49.95,0601:22:07,1,08
20:45:57,0.13704,220.00,0.39585,11.93806,34.85912,2.94097,4.61186,49.95,0601:22:08,1,08
20:45:58,0.1368,219.90,0.39386,11.85647,34.6209,2.94097,4.61186,49.96,0601:22:09,1,08
20:46:02,0.13717,220.40,0.39344,11.89726,34.74001,2.94097,4.61186,49.96,0601:22:13,1,08
20:46:03,0.13764,220.90,0.39276,11.95165,34.89882,2.94097,4.61186,49.96,0601:22:14,1,08
20:46:04,0.13632,221.00,0.39531,11.91086,34.77971,2.94097,4.61186,49.96,0601:22:15,1,08
20:46:05,0.13577,221.10,0.39638,11.91086,34.77971,2.94097,4.61196,49.96,0601:22:16,1,08
20:46:06,0.1359,221.00,0.39638,11.91086,34.77971,2.94097,4.61196,49.96,0601:22:17,1,08
20:46:07,0.13522,220.90,0.39718,11.87007,34.6606,2.94097,4.61196,49.96,0601:22:18,1,08
20:46:08,0.13443,220.90,0.39835,11.82928,34.5415,2.94097,4.61196,49.95,0601:22:19,1,08
20:46:10,0.13468,220.90,0.39945,11.88367,34.70031,2.94097,4.61196,49.96,0601:22:21,1,08
20:46:12,0.13498,220.90,0.39836,11.88367,34.70031,2.94097,4.61196,49.95,0601:22:23,1,08
20:46:16,0.13486,220.90,0.40055,11.93806,34.85912,2.94097,4.61196,49.95,0601:22:27,1,08
20:46:17,0.13492,220.90,0.39918,11.89726,34.74001,2.94097,4.61196,49.95,0601:22:28,1,08
20:46:18,0.13498,220.80,0.39781,11.85647,34.6209,2.94097,4.61196,49.95,0601:22:29,1,08
20:46:21,0.13468,220.90,0.39909,11.88367,34.70031,2.94097,4.61196,49.96,0601:22:32,1,08
20:46:22,0.13468,221.00,0.4,11.91086,34.77971,2.94097,4.61196,49.96,0601:22:33,1,08
20:46:25,0.13504,221.10,0.39845,11.89726,34.74001,2.94107,4.61196,49.96,0601:22:35,1,08
20:46:27,0.13468,221.10,0.39963,11.91086,34.77971,2.94107,4.61206,49.97,0601:22:37,1,08
20:46:28,0.13468,221.10,0.39963,11.91086,34.77971,2.94107,4.61206,49.97,0601:22:38,1,08
20:46:30,0.13486,221.00,0.3979,11.87007,34.6606,2.94107,4.61206,49.97,0601:22:40,1,08
20:46:31,0.13474,221.00,0.4,11.91086,34.77971,2.94107,4.61206,49.99,0601:22:41,1,08
20:46:33,0.13541,220.70,0.39773,11.89726,34.74001,2.94107,4.61206,49.97,0601:22:43,1,08
20:46:35,0.13595,220.70,0.39629,11.89726,34.74001,2.94107,4.61206,49.99,0601:22:45,1,08
20:46:37,0.13572,220.70,0.39655,11.88367,34.70031,2.94107,4.61206,49.96,0601:22:47,1,08
20:46:42,0.13734,220.80,0.39875,12.10122,35.33555,2.94107,4.61206,49.97,0601:22:52,1,08
20:46:44,0.13559,220.60,0.39773,11.89726,34.74001,2.94107,4.61206,49.96,0601:22:54,1,08
20:46:45,0.13559,220.60,0.39773,11.89726,34.74001,2.94107,4.61206,49.96,0601:22:55,1,08
20:46:47,0.13584,220.30,0.39691,11.88367,34.70031,2.94107,4.61217,49.96,0601:22:57,1,08
20:46:48,0.13565,220.30,0.39809,11.89726,34.74001,2.94107,4.61217,49.96,0601:22:58,1,08
20:46:49,0.13577,220.30,0.39737,11.89726,34.74001,2.94107,4.61217,49.95,0601:22:59,1,08
20:46:52,0.13602,220.50,0.39674,11.91086,34.77971,2.94107,4.61217,49.95,0601:23:02,1,08
20:46:57,0.13504,220.80,0.39699,11.84288,34.5812,2.94117,4.61217,49.95,0601:23:07,1,08
20:47:04,0.13565,220.70,0.39655,11.88367,34.70031,2.94117,4.61217,49.97,0601:23:14,1,08
20:47:05,0.13541,220.70,0.399,11.92446,34.81942,2.94117,4.61217,49.97,0601:23:15,1,08
20:47:06,0.13547,220.50,0.39763,11.88367,34.70031,2.94117,4.61217,49.96,0601:23:16,1,08
20:47:07,0.13468,220.60,0.39661,11.78849,34.42239,2.94117,4.61227,49.96,0601:23:18,1,08
20:47:08,0.13468,220.60,0.39661,11.78849,34.42239,2.94117,4.61227,49.96,0601:23:18,1,08
20:47:11,0.13704,221.00,0.39856,12.07402,35.25615,2.94117,4.61227,49.97,0601:23:21,1,08
20:47:13,0.13535,221.20,0.39691,11.88367,34.70031,2.94117,4.61227,49.96,0601:23:24,1,08
20:47:17,0.13295,220.70,0.40593,11.91086,34.77971,2.94117,4.61227,49.96,0601:23:27,1,08
20:47:20,0.1327,220.60,0.40483,11.85647,34.6209,2.94117,4.61227,49.97,0601:23:30,1,08
20:47:21,0.13338,220.70,0.40305,11.87007,34.6606,2.94117,4.61227,49.96,0601:23:31,1,08
20:47:22,0.13369,220.80,0.40378,11.92446,34.81942,2.94117,4.61227,49.97,0601:23:32,1,08
20:47:30,0.13283,220.70,0.40538,11.88367,34.70031,2.94127,4.61237,49.97,0601:23:41,1,08
20:47:32,0.13276,220.70,0.40538,11.88367,34.70031,2.94127,4.61237,49.97,0601:23:42,1,08
20:47:34,0.13264,220.50,0.40427,11.82928,34.5415,2.94127,4.61237,49.99,0601:23:45,1,08
20:47:36,0.13233,220.70,0.40698,11.89726,34.74001,2.94127,4.61237,49.99,0601:23:47,1,08
20:47:37,0.1327,220.80,0.40538,11.88367,34.70031,2.94127,4.61237,49.99,0601:23:48,1,08
20:47:38,0.13276,220.90,0.405,11.88367,34.70031,2.94127,4.61237,49.99,0601:23:48,1,08
20:47:42,0.13381,221.00,0.40855,12.08762,35.29585,2.94127,4.61237,50.00,0601:23:53,1,08
20:47:43,0.13251,221.10,0.40538,11.88367,34.70031,2.94127,4.61237,50.00,0601:23:54,1,08
20:47:46,0.13257,221.30,0.405,11.88367,34.70031,2.94127,4.61237,49.99,0601:23:57,1,08
20:47:47,0.1327,221.30,0.40417,11.87007,34.6606,2.94127,4.61237,49.99,0601:23:58,1,08
20:47:48,0.13239,221.30,0.40492,11.87007,34.6606,2.94127,4.61247,49.99,0601:23:59,1,08
20:47:51,0.13295,221.60,0.40314,11.88367,34.70031,2.94127,4.61247,50.00,0601:24:02,1,08
20:47:52,0.13314,221.60,0.40323,11.89726,34.74001,2.94127,4.61247,49.99,0601:24:03,1,08
20:47:55,0.13314,221.50,0.40369,11.91086,34.77971,2.94137,4.61247,49.99,0601:24:05,1,08
20:47:57,0.13332,221.60,0.4034,11.92446,34.81942,2.94137,4.61247,49.99,0601:24:08,1,08
20:47:58,0.13301,221.60,0.40175,11.84288,34.5812,2.94137,4.61247,50.00,0601:24:09,1,08
20:48:01,0.13295,221.50,0.40397,11.89726,34.74001,2.94137,4.61247,50.00,0601:24:12,1,08
20:48:03,0.1332,221.40,0.40323,11.89726,34.74001,2.94137,4.61247,49.99,0601:24:14,1,08
20:48:04,0.13332,221.40,0.40239,11.88367,34.70031,2.94137,4.61247,49.99,0601:24:15,1,08
20:48:05,0.13314,221.40,0.40369,11.91086,34.77971,2.94137,4.61247,49.99,0601:24:16,1,08
20:48:06,0.13283,221.40,0.40388,11.88367,34.70031,2.94137,4.61247,49.97,0601:24:17,1,08
20:48:09,0.13307,221.30,0.40129,11.82928,34.5415,2.94137,4.61258,49.97,0601:24:20,1,08
20:48:10,0.13239,221.40,0.40445,11.85647,34.6209,2.94137,4.61258,49.96,0601:24:21,1,08
20:48:14,0.13394,221.50,0.40018,11.88367,34.70031,2.94137,4.61258,49.97,0601:24:25,1,08
20:48:15,0.13307,221.60,0.40276,11.88367,34.70031,2.94137,4.61258,49.97,0601:24:26,1,08
20:48:16,0.13394,221.60,0.40018,11.88367,34.70031,2.94137,4.61258,49.96,0601:24:27,1,08
20:48:17,0.13468,221.70,0.39891,11.91086,34.77971,2.94137,4.61258,49.96,0601:24:28,1,08
20:48:22,0.13301,221.90,0.39963,11.80208,34.46209,2.94137,4.61258,49.96,0601:24:33,1,08
20:48:27,0.13381,221.90,0.39973,11.87007,34.6606,2.94147,4.61258,49.95,0601:24:37,1,08
20:48:29,0.134,221.90,0.39991,11.89726,34.74001,2.94147,4.61258,49.96,0601:24:39,1,08
20:48:30,0.13326,222.00,0.40165,11.88367,34.70031,2.94147,4.61268,49.96,0601:24:40,1,08
20:48:31,0.13338,222.00,0.40046,11.87007,34.6606,2.94147,4.61268,49.97,0601:24:41,1,08
20:48:33,0.13345,222.00,0.40092,11.88367,34.70031,2.94147,4.61268,49.97,0601:24:43,1,08
20:48:34,0.134,221.90,0.39945,11.88367,34.70031,2.94147,4.61268,49.97,0601:24:44,1,08
20:48:35,0.13351,221.90,0.40046,11.87007,34.6606,2.94147,4.61268,49.96,0601:24:45,1,08
20:48:37,0.13437,221.60,0.39954,11.89726,34.74001,2.94147,4.61268,49.97,0601:24:47,1,08
20:48:39,0.13431,221.50,0.39954,11.89726,34.74001,2.94147,4.61268,49.97,0601:24:49,1,08
20:48:41,0.13345,221.50,0.40064,11.84288,34.5812,2.94147,4.61268,49.99,0601:24:51,1,08
20:48:42,0.13394,221.40,0.39917,11.84288,34.5812,2.94147,4.61268,49.99,0601:24:52,1,08
20:48:43,0.13407,221.50,0.40027,11.89726,34.74001,2.94147,4.61268,49.97,0601:24:53,1,08
20:48:44,0.13407,221.50,0.40027,11.89726,34.74001,2.94147,4.61268,49.97,0601:24:54,1,08
20:48:45,0.13498,221.40,0.40182,12.01964,35.09734,2.94147,4.61268,49.99,0601:24:55,1,08
20:48:46,0.13486,221.40,0.40392,12.06043,35.21645,2.94147,4.61268,49.99,0601:24:56,1,08
20:48:47,0.13412,221.20,0.40064,11.89726,34.74001,2.94147,4.61268,49.97,0601:24:57,1,08
20:48:50,0.13301,221.20,0.40351,11.88367,34.70031,2.94147,4.61278,49.97,0601:25:00,1,08
20:48:53,0.13326,221.60,0.40193,11.87007,34.6606,2.94147,4.61278,49.97,0601:25:03,1,08
20:48:55,0.13307,221.60,0.4023,11.87007,34.6606,2.94157,4.61278,49.96,0601:25:05,1,08
20:48:56,0.13307,221.60,0.4023,11.87007,34.6606,2.94157,4.61278,49.96,0601:25:06,1,08
20:48:59,0.13283,221.50,0.40342,11.87007,34.6606,2.94157,4.61278,49.96,0601:25:09,1,08
20:49:01,0.13376,221.40,0.40083,11.87007,34.6606,2.94157,4.61278,49.97,0601:25:11,1,08
20:49:05,0.13288,221.40,0.40434,11.89726,34.74001,2.94157,4.61278,49.97,0601:25:15,1,08
20:49:06,0.13345,221.30,0.40156,11.87007,34.6606,2.94157,4.61278,50.00,0601:25:16,1,08
20:49:09,0.13301,221.30,0.40259,11.85647,34.6209,2.94157,4.61278,49.97,0601:25:19,1,08
20:49:10,0.13357,221.20,0.4011,11.85647,34.6209,2.94157,4.61278,49.97,0601:25:20,1,08
20:49:11,0.13486,220.90,0.40055,11.93806,34.85912,2.94157,4.61288,50.00,0601:25:21,1,08
20:49:13,0.13369,221.00,0.40202,11.88367,34.70031,2.94157,4.61288,49.99,0601:25:24,1,08
20:49:14,0.13369,221.00,0.40202,11.88367,34.70031,2.94157,4.61288,49.99,0601:25:24,1,08
20:49:17,0.1745,220.90,0.47498,18.32858,53.51946,2.94157,4.61288,49.99,0601:25:27,1,08
20:49:19,0.17963,221.10,0.48289,19.18519,56.02074,2.94157,4.61288,49.99,0601:25:30,1,08
20:49:21,0.18018,221.00,0.47952,19.10361,55.78253,2.94157,4.61288,49.97,0601:25:31,1,08
20:49:23,0.1805,220.90,0.48125,19.19878,56.06044,2.94168,4.61288,49.99,0601:25:33,1,08
20:49:25,0.17981,220.90,0.47981,19.06281,55.66342,2.94168,4.61288,49.97,0601:25:36,1,08
20:49:26,0.1799,220.70,0.47947,19.04922,55.62371,2.94168,4.61288,49.97,0601:25:36,1,08
20:49:27,0.17972,220.70,0.48115,19.09001,55.74282,2.94168,4.61288,49.97,0601:25:37,1,08
20:49:29,0.17968,220.60,0.48251,19.1308,55.86194,2.94168,4.61298,49.96,0601:25:40,1,08
20:49:30,0.18448,220.60,0.4813,19.59309,57.21183,2.94168,4.61298,49.95,0601:25:41,1,08
20:49:31,0.19339,220.70,0.49268,21.04796,61.46003,2.94168,4.61298,49.95,0601:25:42,1,08
20:49:32,0.19601,220.90,0.49686,21.52385,62.84964,2.94168,4.61298,49.95,0601:25:42,1,08
20:49:33,0.19436,221.20,0.49558,21.31989,62.25409,2.94168,4.61298,49.96,0601:25:43,1,08
20:49:35,0.19698,221.30,0.49439,21.56464,62.96875,2.94168,4.61298,49.94,0601:25:46,1,08
20:49:36,0.19589,221.30,0.49655,21.53745,62.88935,2.94168,4.61298,49.94,0601:25:47,1,08
20:49:40,0.19559,221.10,0.49403,21.37428,62.41291,2.94178,4.61298,49.95,0601:25:51,1,08
20:49:41,0.19521,221.10,0.49591,21.41507,62.53202,2.94178,4.61298,49.95,0601:25:52,1,08
20:49:44,0.23032,220.90,0.50561,25.73888,75.15753,2.94178,4.61298,49.94,0601:25:54,1,08
20:49:46,0.23266,221.20,0.51214,26.37793,77.02356,2.94178,4.61308,49.93,0601:25:57,1,08
20:49:47,0.23384,221.20,0.51156,26.47311,77.30148,2.94178,4.61308,49.93,0601:25:58,1,08
20:49:49,0.23338,221.00,0.51264,26.45951,77.26178,2.94178,4.61308,49.93,0601:26:00,1,08
20:49:52,0.23288,221.00,0.51135,26.33714,76.90446,2.94178,4.61308,49.94,0601:26:03,1,08
20:49:53,0.23167,221.10,0.51247,26.26916,76.70593,2.94178,4.61308,49.94,0601:26:04,1,08
20:49:54,0.23295,221.10,0.51003,26.28275,76.74564,2.94188,4.61308,49.95,0601:26:05,1,08
20:49:55,0.23351,221.20,0.51236,26.48671,77.34119,2.94188,4.61308,49.95,0601:26:06,1,08
20:49:57,0.2316,221.30,0.51432,26.37793,77.02356,2.94188,4.61308,49.94,0601:26:08,1,08
20:49:58,0.23085,221.40,0.51462,26.32355,76.86475,2.94188,4.61308,49.95,0601:26:09,1,08
20:49:59,0.23143,221.30,0.51432,26.36434,76.98386,2.94188,4.61308,49.95,0601:26:10,1,08
20:50:01,0.23131,221.40,0.51485,26.39153,77.06326,2.94188,4.61318,49.94,0601:26:12,1,08
20:50:02,0.23067,221.40,0.51383,26.26916,76.70593,2.94188,4.61318,49.95,0601:26:13,1,08
20:50:04,0.24103,221.40,0.51604,27.56086,80.47771,2.94188,4.61318,49.96,0601:26:15,1,08
20:50:05,0.24765,221.50,0.51759,28.40387,82.93929,2.94188,4.61318,49.96,0601:26:16,1,08
20:50:06,0.24765,221.50,0.51982,28.52624,83.29662,2.94188,4.61318,49.96,0601:26:17,1,08
20:50:07,0.24872,221.30,0.51925,28.60782,83.53484,2.94188,4.61318,49.96,0601:26:18,1,08
20:50:08,0.24768,221.20,0.51983,28.51264,83.25692,2.94199,4.61318,49.97,0601:26:19,1,08
20:50:09,0.24811,221.40,0.52152,28.66221,83.69365,2.94199,4.61318,49.97,0601:26:20,1,08
20:50:11,0.24918,221.40,0.51994,28.71659,83.85246,2.94199,4.61318,49.96,0601:26:22,1,08
20:50:12,0.24775,221.40,0.51932,28.51264,83.25692,2.94199,4.61318,49.97,0601:26:23,1,08
20:50:14,0.24738,221.40,0.52059,28.53983,83.33631,2.94199,4.61329,49.96,0601:26:25,1,08
20:50:19,0.24968,221.10,0.5187,28.66221,83.69365,2.94199,4.61329,49.96,0601:26:29,1,08
20:50:22,0.24875,220.90,0.51855,28.51264,83.25692,2.94209,4.61329,49.96,0601:26:32,1,08
20:50:25,0.24997,221.10,0.5177,28.63501,83.61424,2.94209,4.61329,49.97,0601:26:35,1,08
20:50:31,0.25027,221.30,0.51865,28.74379,83.93186,2.94209,4.61339,49.96,0601:26:41,1,08
20:50:32,0.24831,221.30,0.5183,28.49904,83.21721,2.94209,4.61339,49.96,0601:26:42,1,08
20:50:34,0.24898,221.20,0.51949,28.63501,83.61424,2.94219,4.61339,49.97,0601:26:44,1,08
20:50:35,0.24991,221.20,0.51819,28.66221,83.69365,2.94219,4.61339,49.95,0601:26:45,1,08
20:50:38,0.24944,221.10,0.51773,28.58062,83.45542,2.94219,4.61339,49.95,0601:26:48,1,08
20:50:41,0.2501,221.10,0.51867,28.703,83.81275,2.94219,4.61339,49.96,0601:26:51,1,08
20:50:42,0.24891,221.50,0.51971,28.6758,83.73335,2.94219,4.61349,49.96,0601:26:52,1,08
20:50:45,0.24898,221.50,0.51872,28.63501,83.61424,2.94219,4.61349,49.97,0601:26:55,1,08
20:50:47,0.24931,221.50,0.51919,28.6894,83.77304,2.94229,4.61349,49.95,0601:26:57,1,08
20:50:49,0.24991,221.70,0.51766,28.6894,83.77304,2.94229,4.61349,49.96,0601:26:59,1,08
20:50:50,0.2504,221.50,0.51715,28.703,83.81275,2.94229,4.61349,49.96,0601:27:00,1,08
20:50:51,0.2504,221.50,0.51715,28.703,83.81275,2.94229,4.61349,49.96,0601:27:01,1,08
20:50:58,0.24901,221.40,0.51874,28.60782,83.53484,2.94229,4.61359,49.96,0601:27:08,1,08
20:50:59,0.24957,221.50,0.51844,28.6758,83.73335,2.94239,4.61359,49.96,0601:27:09,1,08
20:51:02,0.26022,221.60,0.51791,29.88593,87.26691,2.94239,4.61359,49.95,0601:27:13,1,08
20:51:04,0.2764,221.70,0.5204,31.91186,93.18262,2.94239,4.61359,49.95,0601:27:14,1,08
20:51:06,0.27676,221.80,0.52125,32.02063,93.50025,2.94239,4.61359,49.95,0601:27:16,1,08
20:51:07,0.27652,221.80,0.52237,32.06142,93.61936,2.94239,4.61359,49.95,0601:27:17,1,08
20:51:08,0.27628,221.70,0.5193,31.83028,92.94441,2.94239,4.61359,49.95,0601:27:19,1,08
20:51:09,0.2778,221.50,0.51965,32.00703,93.46054,2.94239,4.6137,49.95,0601:27:19,1,08
20:51:10,0.27658,221.50,0.51908,31.81668,92.90472,2.94239,4.6137,49.95,0601:27:20,1,08
20:51:11,0.2767,221.40,0.5204,31.91186,93.18262,2.94249,4.6137,49.96,0601:27:21,1,08
20:51:13,0.27771,221.40,0.51989,31.99344,93.42084,2.94249,4.6137,49.95,0601:27:24,1,08
20:51:16,0.14557,221.50,0.42032,13.55608,39.58376,2.94249,4.6137,49.96,0601:27:26,1,08
20:51:17,0.13363,221.60,0.40367,11.96525,34.93852,2.94249,4.6137,49.97,0601:27:27,1,08
20:51:18,0.13357,221.60,0.40266,11.92446,34.81942,2.94249,4.6137,49.97,0601:27:28,1,08
20:51:20,0.13332,221.60,0.4034,11.92446,34.81942,2.94249,4.6137,49.97,0601:27:30,1,08
20:51:29,0.13189,221.50,0.40698,11.89726,34.74001,2.94249,4.6138,50.01,0601:27:40,1,08
20:51:30,0.13276,221.50,0.40527,11.92446,34.81942,2.94249,4.6138,50.00,0601:27:41,1,08
20:51:31,0.13251,221.40,0.405,11.88367,34.70031,2.94249,4.6138,50.00,0601:27:42,1,08
20:51:33,0.13301,221.10,0.40434,11.89726,34.74001,2.94249,4.6138,50.00,0601:27:43,1,08
20:51:34,0.13307,221.00,0.40481,11.91086,34.77971,2.94249,4.6138,50.00,0601:27:44,1,08
20:51:40,0.13431,221.00,0.40064,11.89726,34.74001,2.9426,4.6138,49.99,0601:27:50,1,08
20:51:41,0.13369,221.00,0.40202,11.88367,34.70031,2.9426,4.6138,49.99,0601:27:52,1,08
20:51:42,0.13376,221.00,0.40211,11.89726,34.74001,2.9426,4.6138,49.97,0601:27:53,1,08
20:51:47,0.13412,221.10,0.40101,11.89726,34.74001,2.9426,4.6139,49.99,0601:27:58,1,08
20:51:50,0.13437,220.90,0.39973,11.87007,34.6606,2.9426,4.6139,49.96,0601:28:01,1,08
20:51:51,0.13474,220.80,0.39954,11.89726,34.74001,2.9426,4.6139,49.96,0601:28:01,1,08
20:51:52,0.13535,220.80,0.39773,11.89726,34.74001,2.9426,4.6139,49.97,0601:28:03,1,08
20:51:56,0.13584,220.70,0.40571,12.1692,35.53407,2.9426,4.6139,49.94,0601:28:07,1,08
20:51:59,0.13474,220.90,0.40046,11.92446,34.81942,2.9426,4.6139,49.94,0601:28:10,1,08
20:52:00,0.13412,221.00,0.40138,11.89726,34.74001,2.9426,4.6139,49.95,0601:28:11,1,08
20:52:01,0.13455,221.00,0.39945,11.88367,34.70031,2.9426,4.6139,49.95,0601:28:12,1,08
20:52:02,0.13388,221.00,0.40211,11.89726,34.74001,2.9426,4.6139,49.94,0601:28:13,1,08
20:52:04,0.13425,221.00,0.40156,11.92446,34.81942,2.9426,4.6139,49.94,0601:28:15,1,08
20:52:07,0.1332,220.80,0.40111,11.80208,34.46209,2.9427,4.614,49.95,0601:28:18,1,08
20:52:08,0.13419,220.80,0.40092,11.88367,34.70031,2.9427,4.614,49.95,0601:28:19,1,08
20:52:10,0.13449,221.00,0.40073,11.91086,34.77971,2.9427,4.614,49.95,0601:28:21,1,08
20:52:19,0.13345,220.90,0.40323,11.89726,34.74001,2.9427,4.614,49.94,0601:28:29,1,08
20:52:20,0.13345,221.20,0.40285,11.89726,34.74001,2.9427,4.614,49.94,0601:28:30,1,08
20:52:21,0.13345,221.20,0.40285,11.89726,34.74001,2.9427,4.614,49.94,0601:28:31,1,08
20:52:23,0.13351,221.20,0.40294,11.91086,34.77971,2.9427,4.614,49.95,0601:28:33,1,08
20:52:24,0.13394,221.20,0.40183,11.91086,34.77971,2.9427,4.614,49.95,0601:28:35,1,08
20:52:25,0.13357,221.20,0.4034,11.92446,34.81942,2.9427,4.614,49.95,0601:28:36,1,08
20:52:26,0.13345,221.20,0.40331,11.91086,34.77971,2.9427,4.614,49.96,0601:28:37,1,08
20:52:27,0.13357,221.10,0.40101,11.84288,34.5812,2.9427,4.614,49.96,0601:28:37,1,08
20:52:31,0.13345,221.50,0.40248,11.89726,34.74001,2.9427,4.6141,49.95,0601:28:42,1,08
20:52:33,0.13455,221.50,0.39881,11.89726,34.74001,2.9427,4.6141,49.96,0601:28:43,1,08
20:52:39,0.13407,221.50,0.40119,11.92446,34.81942,2.9428,4.6141,49.95,0601:28:49,1,08
20:52:40,0.13394,221.60,0.40018,11.88367,34.70031,2.9428,4.6141,49.97,0601:28:50,1,08
20:52:41,0.13326,221.40,0.40415,11.92446,34.81942,2.9428,4.6141,49.97,0601:28:52,1,08
20:52:44,0.13376,221.40,0.40174,11.89726,34.74001,2.9428,4.6141,49.96,0601:28:54,1,08
20:52:46,0.13345,221.40,0.40248,11.89726,34.74001,2.9428,4.6141,49.96,0601:28:57,1,08
20:52:48,0.13437,221.30,0.39945,11.88367,34.70031,2.9428,4.6142,49.96,0601:28:59,1,08
20:52:49,0.13412,221.40,0.39982,11.88367,34.70031,2.9428,4.6142,49.96,0601:29:00,1,08
20:52:51,0.13394,221.70,0.4011,11.91086,34.77971,2.9428,4.6142,49.97,0601:29:01,1,08
20:52:53,0.13425,221.70,0.4,11.91086,34.77971,2.9428,4.6142,49.96,0601:29:04,1,08
20:52:54,0.13461,221.70,0.39845,11.89726,34.74001,2.9428,4.6142,49.97,0601:29:05,1,08
20:52:56,0.13486,221.60,0.40218,12.01964,35.09734,2.9428,4.6142,49.96,0601:29:07,1,08
20:52:57,0.13577,221.40,0.40099,12.06043,35.21645,2.9428,4.6142,49.96,0601:29:07,1,08
20:52:58,0.13376,221.40,0.39908,11.82928,34.5415,2.9428,4.6142,49.97,0601:29:09,1,08
20:53:00,0.13363,221.40,0.4022,11.91086,34.77971,2.9428,4.6142,49.96,0601:29:11,1,08
20:53:01,0.13412,221.50,0.39982,11.88367,34.70031,2.9428,4.6142,49.96,0601:29:12,1,08
20:53:02,0.13388,221.40,0.40055,11.88367,34.70031,2.9428,4.6142,49.99,0601:29:13,1,08
20:53:04,0.13388,221.50,0.40101,11.89726,34.74001,2.9428,4.6142,49.97,0601:29:15,1,08
20:53:08,0.13345,221.60,0.40119,11.87007,34.6606,2.9429,4.6143,49.97,0601:29:19,1,08
20:53:15,0.13381,221.90,0.40201,11.93806,34.85912,2.9429,4.6143,49.97,0601:29:25,1,08
20:53:16,0.13381,221.90,0.40201,11.93806,34.85912,2.9429,4.6143,49.97,0601:29:26,1,08
20:53:17,0.13412,221.70,0.39945,11.88367,34.70031,2.9429,4.6143,49.96,0601:29:27,1,08
20:53:18,0.13388,221.70,0.40064,11.89726,34.74001,2.9429,4.6143,49.96,0601:29:28,1,08
20:53:19,0.13412,221.60,0.39991,11.89726,34.74001,2.9429,4.6143,49.96,0601:29:29,1,08
20:53:20,0.13468,221.40,0.39881,11.89726,34.74001,2.9429,4.6143,49.96,0601:29:30,1,08
20:53:22,0.13431,221.40,0.39717,11.81568,34.50179,2.9429,4.6143,49.96,0601:29:32,1,08
20:53:24,0.13468,221.50,0.39881,11.89726,34.74001,2.9429,4.6143,49.97,0601:29:34,1,08
20:53:26,0.13504,221.50,0.39737,11.89726,34.74001,2.9429,4.6143,49.97,0601:29:36,1,08
20:53:28,0.13504,221.60,0.39782,11.91086,34.77971,2.9429,4.6143,49.97,0601:29:38,1,08
20:53:30,0.13492,221.50,0.39763,11.88367,34.70031,2.9429,4.61441,49.97,0601:29:40,1,08
20:53:31,0.1348,221.60,0.39763,11.88367,34.70031,2.9429,4.61441,49.99,0601:29:41,1,08
20:53:34,0.13455,221.50,0.39836,11.88367,34.70031,2.9429,4.61441,49.97,0601:29:44,1,08
20:53:36,0.1348,221.30,0.39845,11.89726,34.74001,2.9429,4.61441,50.00,0601:29:46,1,08
20:53:37,0.13425,221.40,0.39799,11.82928,34.5415,2.943,4.61441,49.99,0601:29:47,1,08
20:53:42,0.1348,221.20,0.3979,11.87007,34.6606,2.943,4.61441,49.99,0601:29:52,1,08
20:53:43,0.13407,221.20,0.40055,11.88367,34.70031,2.943,4.61441,50.01,0601:29:53,1,08
20:53:44,0.13461,221.30,0.39872,11.88367,34.70031,2.943,4.61441,50.01,0601:29:54,1,08
20:53:45,0.13461,221.30,0.39872,11.88367,34.70031,2.943,4.61441,50.00,0601:29:55,1,08
20:53:46,0.13455,219.80,0.40074,11.85647,34.6209,2.943,4.61441,50.00,0601:29:56,1,08
20:53:48,0.13553,219.70,0.40411,12.03323,35.13704,2.943,4.61441,50.01,0601:29:58,1,08
20:53:50,0.13504,219.70,0.40055,11.88367,34.70031,2.943,4.61451,50.01,0601:30:00,1,08
20:53:51,0.13504,219.70,0.40055,11.88367,34.70031,2.943,4.61451,50.01,0601:30:01,1,08
20:53:52,0.13474,219.70,0.40129,11.88367,34.70031,2.943,4.61451,50.01,0601:30:02,1,08
20:53:53,0.1359,219.80,0.40082,11.97884,34.97823,2.943,4.61451,50.01,0601:30:03,1,08
20:53:55,0.13734,219.80,0.40009,12.08762,35.29585,2.943,4.61451,50.01,0601:30:05,1,08
20:53:56,0.13657,219.70,0.40127,12.04683,35.17673,2.943,4.61451,50.00,0601:30:06,1,08
20:53:58,0.13595,219.30,0.40292,12.01964,35.09734,2.943,4.61451,50.00,0601:30:08,1,08
20:54:01,0.13595,219.60,0.40392,12.06043,35.21645,2.943,4.61451,50.00,0601:30:11,1,08
20:54:05,0.13577,219.40,0.40374,12.03323,35.13704,2.943,4.61451,49.99,0601:30:15,1,08
20:54:06,0.13577,219.40,0.40465,12.06043,35.21645,2.943,4.61451,50.00,0601:30:16,1,08
20:54:07,0.13565,219.30,0.40448,12.03323,35.13704,2.9431,4.61451,50.00,0601:30:17,1,08
20:54:08,0.13547,219.20,0.40531,12.04683,35.17673,2.9431,4.61451,49.97,0601:30:18,1,08
20:54:09,0.13632,219.30,0.40318,12.06043,35.21645,2.9431,4.61451,49.97,0601:30:19,1,08
20:54:10,0.13577,219.20,0.40502,12.06043,35.21645,2.9431,4.61461,49.97,0601:30:20,1,08
20:54:12,0.13419,219.50,0.40268,11.87007,34.6606,2.9431,4.61461,49.99,0601:30:22,1,08
20:54:13,0.13419,219.60,0.40268,11.87007,34.6606,2.9431,4.61461,49.99,0601:30:23,1,08
20:54:17,0.13437,219.60,0.40323,11.89726,34.74001,2.9431,4.61461,49.97,0601:30:27,1,08
20:54:19,0.13425,219.50,0.40221,11.85647,34.6209,2.9431,4.61461,49.97,0601:30:30,1,08
20:54:20,0.13419,219.40,0.40351,11.88367,34.70031,2.9431,4.61461,49.96,0601:30:31,1,08
20:54:21,0.13381,219.40,0.40463,11.88367,34.70031,2.9431,4.61461,49.96,0601:30:31,1,08
20:54:22,0.13332,219.40,0.40288,11.78849,34.42239,2.9431,4.61461,49.96,0601:30:32,1,08
20:54:23,0.13394,219.40,0.40287,11.84288,34.5812,2.9431,4.61461,49.95,0601:30:33,1,08
20:54:28,0.13431,219.70,0.40193,11.87007,34.6606,2.9431,4.61461,49.95,0601:30:38,1,08
20:54:33,0.13461,219.60,0.40165,11.88367,34.70031,2.9431,4.61471,49.96,0601:30:43,1,08
20:54:34,0.13437,219.70,0.40193,11.87007,34.6606,2.9431,4.61471,49.96,0601:30:44,1,08
20:54:35,0.13412,219.60,0.40221,11.85647,34.6209,2.9431,4.61471,49.96,0601:30:45,1,08
20:54:37,0.13388,219.80,0.40342,11.87007,34.6606,2.9432,4.61471,49.96,0601:30:48,1,08
20:54:41,0.13425,219.80,0.40285,11.89726,34.74001,2.9432,4.61471,49.95,0601:30:52,1,08
20:54:43,0.13326,219.90,0.40213,11.78849,34.42239,2.9432,4.61471,49.96,0601:30:54,1,08
20:54:44,0.13314,220.00,0.40529,11.87007,34.6606,2.9432,4.61471,49.96,0601:30:55,1,08
20:54:46,0.13332,220.00,0.40408,11.85647,34.6209,2.9432,4.61471,49.97,0601:30:56,1,08
20:54:48,0.13511,220.10,0.39899,11.87007,34.6606,2.9432,4.61471,49.97,0601:30:59,1,08
20:54:49,0.13425,219.90,0.40101,11.84288,34.5812,2.9432,4.61471,49.97,0601:31:00,1,08
20:54:52,0.134,219.60,0.40259,11.85647,34.6209,2.9432,4.61481,50.00,0601:31:03,1,08
20:54:54,0.13431,219.80,0.40193,11.87007,34.6606,2.9432,4.61481,50.00,0601:31:05,1,08
20:54:55,0.13345,219.80,0.40408,11.85647,34.6209,2.9432,4.61481,50.00,0601:31:06,1,08
20:54:56,0.13376,219.80,0.40388,11.88367,34.70031,2.9432,4.61481,50.00,0601:31:06,1,08
20:54:57,0.13369,219.70,0.40333,11.85647,34.6209,2.9432,4.61481,50.00,0601:31:08,1,08
20:55:02,0.13492,219.30,0.40404,11.96525,34.93852,2.9432,4.61481,50.03,0601:31:12,1,08
20:55:03,0.13657,219.30,0.40336,12.08762,35.29585,2.9432,4.61481,50.03,0601:31:14,1,08
20:55:06,0.13425,219.30,0.40212,11.84288,34.5812,2.9432,4.61481,50.01,0601:31:17,1,08
20:55:09,0.13468,219.30,0.40156,11.87007,34.6606,2.9433,4.61481,50.01,0601:31:20,1,08
20:55:11,0.13584,219.50,0.40155,11.97884,34.97823,2.9433,4.61481,50.03,0601:31:22,1,08
20:55:12,0.13425,219.60,0.4023,11.87007,34.6606,2.9433,4.61492,50.03,0601:31:23,1,08
20:55:13,0.13407,219.70,0.40175,11.84288,34.5812,2.9433,4.61492,50.03,0601:31:24,1,08
20:55:15,0.13407,219.70,0.40175,11.84288,34.5812,2.9433,4.61492,50.01,0601:31:25,1,08
20:55:20,0.13419,219.60,0.40268,11.87007,34.6606,2.9433,4.61492,50.01,0601:31:30,1,08
20:55:21,0.13419,219.60,0.40268,11.87007,34.6606,2.9433,4.61492,50.03,0601:31:31,1,08
20:55:22,0.13407,219.80,0.40268,11.87007,34.6606,2.9433,4.61492,50.03,0601:31:32,1,08
20:55:23,0.13326,219.90,0.40492,11.87007,34.6606,2.9433,4.61492,50.00,0601:31:33,1,08
20:55:27,0.13357,219.80,0.40417,11.87007,34.6606,2.9433,4.61492,50.01,0601:31:37,1,08
20:55:28,0.1332,219.80,0.40529,11.87007,34.6606,2.9433,4.61492,50.01,0601:31:38,1,08
20:55:29,0.13288,219.80,0.40596,11.85647,34.6209,2.9433,4.61492,50.00,0601:31:39,1,08
20:55:31,0.13363,219.70,0.40417,11.87007,34.6606,2.9433,4.61492,50.00,0601:31:41,1,08
20:55:32,0.13301,219.70,0.40512,11.84288,34.5812,2.9433,4.61492,50.00,0601:31:42,1,08
20:55:33,0.13301,219.70,0.40512,11.84288,34.5812,2.9433,4.61492,50.00,0601:31:43,1,08
20:55:34,0.13345,219.70,0.405,11.88367,34.70031,2.9433,4.61502,50.00,0601:31:44,1,08
20:55:35,0.134,219.80,0.40305,11.87007,34.6606,2.9433,4.61502,49.99,0601:31:45,1,08
20:55:39,0.13369,219.50,0.40454,11.87007,34.6606,2.9434,4.61502,49.96,0601:31:49,1,08
20:55:42,0.13419,219.60,0.40221,11.85647,34.6209,2.9434,4.61502,49.96,0601:31:52,1,08
20:55:44,0.134,219.60,0.40259,11.85647,34.6209,2.9434,4.61502,49.95,0601:31:54,1,08
20:55:46,0.13449,219.70,0.40202,11.88367,34.70031,2.9434,4.61502,49.95,0601:31:56,1,08
20:55:48,0.134,219.70,0.40305,11.87007,34.6606,2.9434,4.61502,49.94,0601:31:58,1,08
20:55:49,0.13437,219.80,0.40285,11.89726,34.74001,2.9434,4.61502,49.95,0601:31:59,1,08
20:55:51,0.13345,219.30,0.40111,11.7477,34.30328,2.9434,4.61502,49.95,0601:32:01,1,08
20:55:53,0.13449,219.30,0.40138,11.84288,34.5812,2.9434,4.61502,49.95,0601:32:03,1,08
20:55:55,0.13431,219.40,0.40175,11.84288,34.5812,2.9434,4.61512,49.96,0601:32:05,1,08
20:55:57,0.13443,219.50,0.40285,11.89726,34.74001,2.9434,4.61512,49.95,0601:32:07,1,08
20:55:59,0.13486,219.50,0.40083,11.87007,34.6606,2.9434,4.61512,49.96,0601:32:09,1,08
20:56:00,0.13437,219.60,0.40276,11.88367,34.70031,2.9434,4.61512,49.96,0601:32:10,1,08
20:56:03,0.13381,219.70,0.40055,11.77489,34.38269,2.9434,4.61512,49.97,0601:32:13,1,08
20:56:05,0.13468,219.40,0.40478,11.96525,34.93852,2.9434,4.61512,49.99,0601:32:15,1,08
20:56:06,0.13474,219.30,0.40754,12.04683,35.17673,2.9434,4.61512,49.97,0601:32:16,1,08
20:56:07,0.1332,219.30,0.40512,11.84288,34.5812,2.9434,4.61512,49.97,0601:32:17,1,08
20:56:08,0.13443,219.40,0.40276,11.88367,34.70031,2.9435,4.61512,49.99,0601:32:18,1,08
20:56:09,0.13486,219.50,0.39991,11.84288,34.5812,2.9435,4.61512,49.99,0601:32:19,1,08
20:56:12,0.15136,219.70,0.43091,14.3311,41.84682,2.9435,4.61512,50.00,0601:32:22,1,08
20:56:14,0.17545,219.60,0.47179,18.19262,53.12244,2.9435,4.61522,50.03,0601:32:25,1,08
20:56:16,0.17469,219.60,0.47449,18.20621,53.16214,2.9435,4.61522,50.03,0601:32:26,1,08
20:56:17,0.1745,219.60,0.4734,18.15182,53.00333,2.9435,4.61522,50.01,0601:32:27,1,08
20:56:19,0.17545,219.40,0.47316,18.21981,53.20185,2.9435,4.61522,50.04,0601:32:29,1,08
20:56:21,0.17511,219.00,0.47449,18.20621,53.16214,2.9435,4.61522,50.03,0601:32:31,1,08
20:56:23,0.17507,218.90,0.47163,18.08384,52.80481,2.9435,4.61522,50.03,0601:32:33,1,08
20:56:25,0.17441,219.10,0.4776,18.2606,53.32095,2.9435,4.61522,50.01,0601:32:36,1,08
20:56:26,0.17379,219.20,0.47397,18.07024,52.76511,2.9435,4.61522,50.03,0601:32:37,1,08
20:56:29,0.17521,219.30,0.46959,18.05664,52.7254,2.9435,4.61522,50.01,0601:32:39,1,08
20:56:30,0.17483,219.20,0.47234,18.11103,52.88422,2.9436,4.61522,50.00,0601:32:40,1,08
20:56:34,0.17483,219.40,0.47449,18.20621,53.16214,2.9436,4.61533,50.03,0601:32:44,1,08
20:56:35,0.17426,219.40,0.4769,18.247,53.28125,2.9436,4.61533,50.03,0601:32:45,1,08
20:56:36,0.17317,219.40,0.47568,18.08384,52.80481,2.9436,4.61533,50.01,0601:32:47,1,08
20:56:38,0.17563,219.40,0.47496,18.31499,53.47976,2.9436,4.61533,50.01,0601:32:49,1,08
20:56:40,0.17317,219.60,0.47534,18.08384,52.80481,2.9436,4.61533,50.03,0601:32:50,1,08
20:56:41,0.17407,219.60,0.47797,18.28779,53.40036,2.9436,4.61533,50.03,0601:32:51,1,08
20:56:42,0.17507,219.50,0.47313,18.19262,53.12244,2.9436,4.61533,50.00,0601:32:53,1,08
20:56:43,0.1761,219.50,0.46941,18.15182,53.00333,2.9436,4.61533,50.00,0601:32:54,1,08
20:56:44,0.17577,219.50,0.47111,18.17902,53.08273,2.9436,4.61533,50.01,0601:32:55,1,08
20:56:46,0.17661,219.40,0.46844,18.16542,53.04303,2.9436,4.61533,50.01,0601:32:56,1,08
20:56:53,0.17624,219.50,0.46875,18.15182,53.00333,2.9437,4.61543,50.01,0601:33:04,1,08
20:56:54,0.17572,219.50,0.46829,18.07024,52.76511,2.9437,4.61543,50.01,0601:33:05,1,08
20:56:55,0.17699,219.40,0.47131,18.31499,53.47976,2.9437,4.61543,50.01,0601:33:06,1,08
20:56:56,0.17441,219.40,0.47337,18.12463,52.92392,2.9437,4.61543,50.03,0601:33:07,1,08
20:56:58,0.1746,219.50,0.47163,18.08384,52.80481,2.9437,4.61543,50.03,0601:33:08,1,08
20:57:00,0.1745,219.80,0.47449,18.20621,53.16214,2.9437,4.61543,50.03,0601:33:11,1,08
20:57:02,0.1761,220.00,0.47228,18.30139,53.44006,2.9437,4.61543,50.03,0601:33:13,1,08
20:57:04,0.17412,220.00,0.47197,18.08384,52.80481,2.9437,4.61543,50.01,0601:33:15,1,08
20:57:07,0.17558,219.90,0.47431,18.32858,53.51946,2.9437,4.61543,50.01,0601:33:17,1,08
20:57:15,0.17341,219.70,0.47682,18.17902,53.08273,2.9438,4.61553,50.00,0601:33:25,1,08
20:57:16,0.17341,219.70,0.47682,18.17902,53.08273,2.9438,4.61553,50.00,0601:33:26,1,08
20:57:18,0.17417,219.60,0.47441,18.15182,53.00333,2.9438,4.61553,49.99,0601:33:28,1,08
20:57:19,0.17384,219.60,0.47722,18.23341,53.24155,2.9438,4.61553,49.99,0601:33:29,1,08
20:57:22,0.17279,219.50,0.47314,17.96147,52.44749,2.9438,4.61553,49.96,0601:33:32,1,08
20:57:25,0.1746,219.70,0.47626,18.2742,53.36066,2.9438,4.61553,49.97,0601:33:35,1,08
20:57:26,0.17455,219.70,0.47413,18.19262,53.12244,2.9438,4.61553,49.97,0601:33:36,1,08
20:57:27,0.1746,219.80,0.47203,18.12463,52.92392,2.9438,4.61563,49.96,0601:33:37,1,08
20:57:28,0.1746,219.80,0.47203,18.12463,52.92392,2.9438,4.61563,49.96,0601:33:38,1,08
20:57:30,0.17403,219.70,0.47335,18.11103,52.88422,2.9439,4.61563,49.97,0601:33:40,1,08
20:57:33,0.17431,219.70,0.47587,18.23341,53.24155,2.9439,4.61563,49.97,0601:33:43,1,08
20:57:36,0.17648,219.50,0.47263,18.31499,53.47976,2.9439,4.61563,49.97,0601:33:46,1,08
20:57:38,0.1735,219.40,0.47466,18.08384,52.80481,2.9439,4.61563,49.97,0601:33:48,1,08
20:57:39,0.17407,219.40,0.47936,18.31499,53.47976,2.9439,4.61563,49.99,0601:33:49,1,08
20:57:40,0.17407,219.40,0.47936,18.31499,53.47976,2.9439,4.61563,49.99,0601:33:50,1,08
20:57:42,0.17403,219.10,0.48004,18.31499,53.47976,2.9439,4.61563,50.00,0601:33:52,1,08
20:57:44,0.1725,219.10,0.47951,18.13823,52.96363,2.9439,4.61563,50.00,0601:33:54,1,08
20:57:46,0.17455,219.20,0.47727,18.2742,53.36066,2.9439,4.61573,50.00,0601:33:56,1,08
20:57:47,0.17355,219.20,0.47857,18.21981,53.20185,2.9439,4.61573,50.01,0601:33:57,1,08
20:57:48,0.17293,219.10,0.4774,18.09744,52.84452,2.9439,4.61573,50.01,0601:33:58,1,08
20:57:52,0.17336,219.00,0.47745,18.13823,52.96363,2.944,4.61573,50.03,0601:34:02,1,08
20:57:53,0.17422,218.90,0.4804,18.32858,53.51946,2.944,4.61573,50.01,0601:34:03,1,08
20:57:57,0.17417,218.90,0.47969,18.30139,53.44006,2.944,4.61573,50.01,0601:34:07,1,08
20:57:59,0.17274,218.90,0.47951,18.13823,52.96363,2.944,4.61573,50.03,0601:34:09,1,08
20:58:01,0.17426,219.00,0.47756,18.23341,53.24155,2.944,4.61573,50.01,0601:34:11,1,08
20:58:03,0.20337,218.90,0.47802,21.2927,62.17469,2.944,4.61583,50.01,0601:34:13,1,08
20:58:04,0.19445,218.80,0.4735,20.16416,58.87935,2.944,4.61583,50.01,0601:34:14,1,08
20:58:05,0.17703,218.90,0.4702,18.23341,53.24155,2.944,4.61583,50.01,0601:34:15,1,08
20:58:06,0.17374,219.00,0.47643,18.13823,52.96363,2.944,4.61583,50.01,0601:34:16,1,08
20:58:08,0.17497,219.00,0.48085,18.43736,53.83709,2.944,4.61583,50.01,0601:34:18,1,08
20:58:11,0.17516,218.90,0.48051,18.43736,53.83709,2.94411,4.61583,50.00,0601:34:21,1,08
20:58:12,0.17545,218.80,0.48054,18.46455,53.91649,2.94411,4.61583,49.99,0601:34:22,1,08
20:58:13,0.17279,218.70,0.47951,18.13823,52.96363,2.94411,4.61583,49.99,0601:34:23,1,08
20:58:16,0.17298,219.10,0.48099,18.23341,53.24155,2.94411,4.61583,50.00,0601:34:26,1,08
20:58:18,0.1726,219.00,0.48131,18.20621,53.16214,2.94411,4.61583,50.00,0601:34:28,1,08
20:58:19,0.17403,219.00,0.48003,18.30139,53.44006,2.94411,4.61583,50.00,0601:34:29,1,08
20:58:20,0.17455,219.10,0.47761,18.2742,53.36066,2.94411,4.61583,49.97,0601:34:30,1,08
20:58:21,0.17269,219.10,0.47665,18.04305,52.6857,2.94411,4.61594,49.97,0601:34:32,1,08
20:58:22,0.17388,219.30,0.47933,18.28779,53.40036,2.94411,4.61594,49.97,0601:34:32,1,08
20:58:23,0.17422,219.40,0.47832,18.30139,53.44006,2.94411,4.61594,49.97,0601:34:33,1,08
20:58:24,0.17322,219.50,0.47677,18.13823,52.96363,2.94411,4.61594,49.96,0601:34:34,1,08
20:58:25,0.17331,219.50,0.47679,18.15182,53.00333,2.94411,4.61594,49.96,0601:34:35,1,08
20:58:28,0.17317,219.20,0.47996,18.23341,53.24155,2.94411,4.61594,49.97,0601:34:38,1,08
20:58:29,0.17445,219.20,0.47228,18.07024,52.76511,2.94421,4.61594,49.96,0601:34:39,1,08
20:58:30,0.17483,219.20,0.47128,18.07024,52.76511,2.94421,4.61594,49.96,0601:34:40,1,08
20:58:31,0.17154,219.20,0.47688,17.94787,52.40778,2.94421,4.61594,49.96,0601:34:41,1,08
20:58:33,0.17336,219.20,0.47747,18.15182,53.00333,2.94421,4.61594,49.95,0601:34:44,1,08
20:58:34,0.17601,219.20,0.47324,18.2742,53.36066,2.94421,4.61594,49.97,0601:34:44,1,08
20:58:36,0.17326,219.30,0.47675,18.12463,52.92392,2.94421,4.61594,49.95,0601:34:46,1,08
20:58:39,0.17473,219.10,0.47587,18.23341,53.24155,2.94421,4.61604,49.96,0601:34:50,1,08
20:58:40,0.1725,218.90,0.4784,18.07024,52.76511,2.94421,4.61604,49.97,0601:34:50,1,08
20:58:42,0.17441,218.90,0.47651,18.20621,53.16214,2.94421,4.61604,49.96,0601:34:52,1,08
20:58:43,0.1754,218.90,0.47169,18.12463,52.92392,2.94421,4.61604,49.96,0601:34:54,1,08
20:58:45,0.17483,219.30,0.47342,18.16542,53.04303,2.94421,4.61604,49.95,0601:34:56,1,08
20:58:46,0.17483,219.30,0.47342,18.16542,53.04303,2.94421,4.61604,49.97,0601:34:56,1,08
20:58:52,0.1753,219.60,0.47422,18.2606,53.32095,2.94431,4.61604,49.99,0601:35:02,1,08
20:58:55,0.17364,220.00,0.48009,18.35578,53.59887,2.94431,4.61604,50.01,0601:35:06,1,08
20:58:56,0.17331,220.00,0.47541,18.13823,52.96363,2.94431,4.61604,50.01,0601:35:07,1,08
20:58:57,0.17398,219.80,0.47797,18.28779,53.40036,2.94431,4.61614,50.01,0601:35:08,1,08
20:58:58,0.17398,219.80,0.47797,18.28779,53.40036,2.94431,4.61614,50.04,0601:35:08,1,08
20:58:59,0.17331,219.60,0.47714,18.16542,53.04303,2.94431,4.61614,50.04,0601:35:10,1,08
