nohup: 忽略输入
2026-05-25 15:15:36.318 | INFO     | __main__:<module>:170 - Starting AutoRL real server device=cuda:0 dataset=cifar10 model=resnet8 beta=0.1 users=10 token_count=2 seed=1
2026-05-25 15:15:37.434 | INFO     | __main__:<module>:215 - No checkpoint restored for AutoRL at logs_real/autorl_real_server/checkpoints/autorl_dfl_mm_seed1/checkpoint.pt; fresh_start=0
2026-05-25 15:15:37.434 | INFO     | __main__:<module>:217 - Token locations at start_round=0: [2, 1] waiting_clients=10
2026-05-25 15:15:37.434 | DEBUG    | utils.ConnectHandler_server:__init__:141 - server boot...
2026-05-25 15:15:37.434 | DEBUG    | utils.ConnectHandler_server:register:120 - waiting clients to connect...
2026-05-25 15:16:21.126 | DEBUG    | utils.ConnectHandler_server:register:125 - client addr:('192.0.2.121', 51426) connected
2026-05-25 15:16:21.129 | INFO     | utils.ConnectHandler_server:receive:71 - 18bytes data to be received from client#('192.0.2.121', 51426)
Files already downloaded and verified
Files already downloaded and verified

═════════════════════════ 数据分配最终审计 ═════════════════════════
✅ ID 0 (Nano  ) | 样本:  2000 | 类别:  5/10 | 不均衡度: 466.3
✅ ID 1 (Nano  ) | 样本:  2000 | 类别:  6/10 | 不均衡度: 235.2
✅ ID 2 (Nano  ) | 样本:  2000 | 类别:  3/10 | 不均衡度: 587.1
✅ ID 3 (Nano  ) | 样本:  2000 | 类别:  5/10 | 不均衡度: 445.1
✅ ID 4 (Nano  ) | 样本:  2000 | 类别:  5/10 | 不均衡度: 567.5
✅ ID 5 (Nano  ) | 样本:  2000 | 类别:  4/10 | 不均衡度: 539.8
✅ ID 6 (Nano  ) | 样本:  2000 | 类别:  4/10 | 不均衡度: 437.7
✅ ID 7 (Xavier) | 样本: 12000 | 类别:  5/10 | 不均衡度: 1819.2
✅ ID 8 (Xavier) | 样本: 14032 | 类别:  6/10 | 不均衡度: 1954.3
✅ ID 9 (Orin  ) | 样本:  9968 | 类别:  7/10 | 不均衡度: 1561.5
Total samples: 50000/50000
══════════════════════════════════════════════════════════════════


  0%|          | 0/18 [00:00<?, ?iteration/s]2026-05-25 15:16:21.134 | INFO     | utils.ConnectHandler_server:receive:80 - receive completed

100%|██████████| 18/18 [00:00<00:00, 35279.19iteration/s]
2026-05-25 15:16:21.135 | INFO     | utils.ConnectHandler_server:register:128 - receive msg from client#0
2026-05-25 15:16:21.135 | DEBUG    | utils.ConnectHandler_server:register:131 - client#0 registered
2026-05-25 15:16:32.788 | DEBUG    | utils.ConnectHandler_server:register:125 - client addr:('192.0.2.231', 38712) connected
2026-05-25 15:16:32.790 | INFO     | utils.ConnectHandler_server:receive:71 - 18bytes data to be received from client#('192.0.2.231', 38712)

  0%|          | 0/18 [00:00<?, ?iteration/s]2026-05-25 15:16:32.791 | INFO     | utils.ConnectHandler_server:receive:80 - receive completed

100%|██████████| 18/18 [00:00<00:00, 40158.23iteration/s]
2026-05-25 15:16:32.791 | INFO     | utils.ConnectHandler_server:register:128 - receive msg from client#2
2026-05-25 15:16:32.792 | DEBUG    | utils.ConnectHandler_server:register:131 - client#2 registered
2026-05-25 15:16:33.712 | DEBUG    | utils.ConnectHandler_server:register:125 - client addr:('192.0.2.237', 48126) connected
2026-05-25 15:16:33.714 | INFO     | utils.ConnectHandler_server:receive:71 - 18bytes data to be received from client#('192.0.2.237', 48126)

  0%|          | 0/18 [00:00<?, ?iteration/s]2026-05-25 15:16:33.716 | INFO     | utils.ConnectHandler_server:receive:80 - receive completed

100%|██████████| 18/18 [00:00<00:00, 17456.06iteration/s]
2026-05-25 15:16:33.717 | INFO     | utils.ConnectHandler_server:register:128 - receive msg from client#1
2026-05-25 15:16:33.717 | DEBUG    | utils.ConnectHandler_server:register:131 - client#1 registered
2026-05-25 15:16:38.318 | DEBUG    | utils.ConnectHandler_server:register:125 - client addr:('192.0.2.7', 36190) connected
2026-05-25 15:16:38.320 | INFO     | utils.ConnectHandler_server:receive:71 - 18bytes data to be received from client#('192.0.2.7', 36190)

  0%|          | 0/18 [00:00<?, ?iteration/s]2026-05-25 15:16:38.321 | INFO     | utils.ConnectHandler_server:receive:80 - receive completed

100%|██████████| 18/18 [00:00<00:00, 40853.61iteration/s]
2026-05-25 15:16:38.322 | INFO     | utils.ConnectHandler_server:register:128 - receive msg from client#3
2026-05-25 15:16:38.322 | DEBUG    | utils.ConnectHandler_server:register:131 - client#3 registered
2026-05-25 15:16:45.818 | DEBUG    | utils.ConnectHandler_server:register:125 - client addr:('192.0.2.161', 40922) connected
2026-05-25 15:16:45.820 | INFO     | utils.ConnectHandler_server:receive:71 - 18bytes data to be received from client#('192.0.2.161', 40922)

  0%|          | 0/18 [00:00<?, ?iteration/s]2026-05-25 15:16:45.821 | INFO     | utils.ConnectHandler_server:receive:80 - receive completed

100%|██████████| 18/18 [00:00<00:00, 40611.87iteration/s]
2026-05-25 15:16:45.821 | INFO     | utils.ConnectHandler_server:register:128 - receive msg from client#4
2026-05-25 15:16:45.822 | DEBUG    | utils.ConnectHandler_server:register:131 - client#4 registered
2026-05-25 15:16:51.266 | DEBUG    | utils.ConnectHandler_server:register:125 - client addr:('192.0.2.239', 50480) connected
2026-05-25 15:16:51.268 | INFO     | utils.ConnectHandler_server:receive:71 - 18bytes data to be received from client#('192.0.2.239', 50480)

  0%|          | 0/18 [00:00<?, ?iteration/s]2026-05-25 15:16:51.269 | INFO     | utils.ConnectHandler_server:receive:80 - receive completed

100%|██████████| 18/18 [00:00<00:00, 40611.87iteration/s]
2026-05-25 15:16:51.269 | INFO     | utils.ConnectHandler_server:register:128 - receive msg from client#5
2026-05-25 15:16:51.270 | DEBUG    | utils.ConnectHandler_server:register:131 - client#5 registered
2026-05-25 15:16:59.766 | DEBUG    | utils.ConnectHandler_server:register:125 - client addr:('192.0.2.243', 33096) connected
2026-05-25 15:16:59.769 | INFO     | utils.ConnectHandler_server:receive:71 - 18bytes data to be received from client#('192.0.2.243', 33096)

  0%|          | 0/18 [00:00<?, ?iteration/s]2026-05-25 15:16:59.770 | INFO     | utils.ConnectHandler_server:receive:80 - receive completed

100%|██████████| 18/18 [00:00<00:00, 39735.51iteration/s]
2026-05-25 15:16:59.771 | INFO     | utils.ConnectHandler_server:register:128 - receive msg from client#7
2026-05-25 15:16:59.771 | DEBUG    | utils.ConnectHandler_server:register:131 - client#7 registered
2026-05-25 15:17:03.579 | DEBUG    | utils.ConnectHandler_server:register:125 - client addr:('192.0.2.142', 35518) connected
2026-05-25 15:17:03.581 | INFO     | utils.ConnectHandler_server:receive:71 - 18bytes data to be received from client#('192.0.2.142', 35518)

  0%|          | 0/18 [00:00<?, ?iteration/s]2026-05-25 15:17:03.583 | INFO     | utils.ConnectHandler_server:receive:80 - receive completed

100%|██████████| 18/18 [00:00<00:00, 40179.60iteration/s]
2026-05-25 15:17:03.583 | INFO     | utils.ConnectHandler_server:register:128 - receive msg from client#6
2026-05-25 15:17:03.584 | DEBUG    | utils.ConnectHandler_server:register:131 - client#6 registered
2026-05-25 15:17:12.546 | DEBUG    | utils.ConnectHandler_server:register:125 - client addr:('192.0.2.198', 58692) connected
2026-05-25 15:17:12.551 | INFO     | utils.ConnectHandler_server:receive:71 - 18bytes data to be received from client#('192.0.2.198', 58692)

  0%|          | 0/18 [00:00<?, ?iteration/s]2026-05-25 15:17:12.552 | INFO     | utils.ConnectHandler_server:receive:80 - receive completed

100%|██████████| 18/18 [00:00<00:00, 14806.33iteration/s]
2026-05-25 15:17:12.553 | INFO     | utils.ConnectHandler_server:register:128 - receive msg from client#8
2026-05-25 15:17:12.553 | DEBUG    | utils.ConnectHandler_server:register:131 - client#8 registered
2026-05-25 15:17:14.582 | DEBUG    | utils.ConnectHandler_server:register:125 - client addr:('192.0.2.19', 44238) connected
2026-05-25 15:17:14.583 | INFO     | utils.ConnectHandler_server:receive:71 - 22bytes data to be received from client#('192.0.2.19', 44238)

  0%|          | 0/22 [00:00<?, ?iteration/s]2026-05-25 15:17:14.584 | INFO     | utils.ConnectHandler_server:receive:80 - receive completed

100%|██████████| 22/22 [00:00<00:00, 41696.65iteration/s]
2026-05-25 15:17:14.584 | INFO     | utils.ConnectHandler_server:register:128 - receive msg from client#9
2026-05-25 15:17:14.585 | DEBUG    | utils.ConnectHandler_server:register:131 - client#9 registered
2026-05-25 15:17:14.585 | DEBUG    | utils.ConnectHandler_server:register:135 - all clients are ready
2026-05-25 15:17:14.585 | INFO     | __main__:<module>:234 - 2026-05-25 15:17:14 ROUND=0 start token_locations=[2, 1] active_clients=[0, 1, 2, 3, 4, 5, 6, 7, 8, 9]
2026-05-25 15:17:14.608 | INFO     | utils.ConnectHandler_server:send:28 - sending data (19699830 bytes) to client#2...
2026-05-25 15:17:16.279 | INFO     | utils.ConnectHandler_server:send:34 - sending data (19699830 bytes) to client#2 completely
2026-05-25 15:17:16.279 | INFO     | __main__:<module>:271 - 2026-05-25 15:17:16 SEND round=0 token=0 cid=2 payload_mb=18.787 duration=1.682s
2026-05-25 15:17:16.299 | INFO     | utils.ConnectHandler_server:send:28 - sending data (19699829 bytes) to client#1...
2026-05-25 15:17:17.952 | INFO     | utils.ConnectHandler_server:send:34 - sending data (19699829 bytes) to client#1 completely
2026-05-25 15:17:17.952 | INFO     | __main__:<module>:271 - 2026-05-25 15:17:17 SEND round=0 token=1 cid=1 payload_mb=18.787 duration=1.663s
2026-05-25 15:19:22.615 | INFO     | utils.ConnectHandler_server:receive:71 - 19697019bytes data to be received from client#2

  0%|          | 0/19697019 [00:00<?, ?iteration/s]
  6%|▌         | 1175776/19697019 [00:00<00:01, 11752307.37iteration/s]
 12%|█▏        | 2353000/19697019 [00:00<00:01, 11754641.89iteration/s]
 18%|█▊        | 3530224/19697019 [00:00<00:01, 11758443.48iteration/s]
 24%|██▍       | 4708896/19697019 [00:00<00:01, 11753726.98iteration/s]
 30%|██▉       | 5886120/19697019 [00:00<00:01, 11753797.94iteration/s]
 36%|███▌      | 7063344/19697019 [00:00<00:01, 11751605.89iteration/s]
 42%|████▏     | 8240568/19697019 [00:00<00:00, 11752235.49iteration/s]
 48%|████▊     | 9422136/19697019 [00:00<00:00, 11759174.15iteration/s]
 54%|█████▍    | 10608048/19697019 [00:00<00:00, 11758059.83iteration/s]
 60%|█████▉    | 11789616/19697019 [00:01<00:00, 11758152.97iteration/s]
 66%|██████▌   | 12968288/19697019 [00:01<00:00, 11754926.92iteration/s]
 72%|███████▏  | 14148408/19697019 [00:01<00:00, 11757198.55iteration/s]
 78%|███████▊  | 15328528/19697019 [00:01<00:00, 11760406.47iteration/s]
 84%|████████▍ | 16507200/19697019 [00:01<00:00, 11762431.82iteration/s]
 90%|████████▉ | 17687320/19697019 [00:01<00:00, 11759835.23iteration/s]
 96%|█████████▌| 18870336/19697019 [00:01<00:00, 11761143.39iteration/s]2026-05-25 15:19:24.292 | INFO     | utils.ConnectHandler_server:receive:80 - receive completed

100%|██████████| 19697019/19697019 [00:01<00:00, 11693274.17iteration/s]
2026-05-25 15:19:24.309 | INFO     | __main__:<module>:291 - 2026-05-25 15:19:24 RECV round=0 token=0 cid=2 train_duration=116.29495429992676 battery=149007.95J
2026-05-25 15:19:24.309 | INFO     | utils.ConnectHandler_server:send:28 - sending data (59 bytes) to client#2...
2026-05-25 15:19:24.309 | INFO     | utils.ConnectHandler_server:send:34 - sending data (59 bytes) to client#2 completely
2026-05-25 15:19:38.881 | INFO     | utils.ConnectHandler_server:receive:71 - 19697033bytes data to be received from client#1

  0%|          | 0/19697033 [00:00<?, ?iteration/s]
  6%|▌         | 1167088/19697033 [00:00<00:01, 11655551.59iteration/s]
 12%|█▏        | 2344312/19697033 [00:00<00:01, 11717525.75iteration/s]
 18%|█▊        | 3521536/19697033 [00:00<00:01, 11737710.46iteration/s]
 24%|██▍       | 4698760/19697033 [00:00<00:01, 11743296.49iteration/s]
 30%|██▉       | 5875984/19697033 [00:00<00:01, 11746665.50iteration/s]
 36%|███▌      | 7056104/19697033 [00:00<00:01, 11753580.70iteration/s]
 42%|████▏     | 8233328/19697033 [00:00<00:00, 11747980.11iteration/s]
 48%|████▊     | 9412000/19697033 [00:00<00:00, 11757446.10iteration/s]
 54%|█████▍    | 10595016/19697033 [00:00<00:00, 11756252.67iteration/s]
 60%|█████▉    | 11778032/19697033 [00:01<00:00, 11759710.86iteration/s]
 66%|██████▌   | 12961048/19697033 [00:01<00:00, 11753538.99iteration/s]
 72%|███████▏  | 14145512/19697033 [00:01<00:00, 11764501.96iteration/s]
 78%|███████▊  | 15322736/19697033 [00:01<00:00, 11753703.10iteration/s]
 84%|████████▍ | 16507200/19697033 [00:01<00:00, 11762678.91iteration/s]
 90%|████████▉ | 17684424/19697033 [00:01<00:00, 11762824.86iteration/s]
 96%|█████████▌| 18871784/19697033 [00:01<00:00, 11761266.13iteration/s]2026-05-25 15:19:40.560 | INFO     | utils.ConnectHandler_server:receive:80 - receive completed

100%|██████████| 19697033/19697033 [00:01<00:00, 11692693.31iteration/s]
2026-05-25 15:19:40.578 | INFO     | __main__:<module>:291 - 2026-05-25 15:19:40 RECV round=0 token=1 cid=1 train_duration=126.04603862762451 battery=148924.76J
2026-05-25 15:19:40.579 | INFO     | utils.ConnectHandler_server:send:28 - sending data (59 bytes) to client#1...
2026-05-25 15:19:40.579 | INFO     | utils.ConnectHandler_server:send:34 - sending data (59 bytes) to client#1 completely
2026-05-25 15:19:44.310 | INFO     | __main__:<module>:428 - 2026-05-25 15:19:44 ROUND=0 end avg_acc=13.7000 best_acc=13.7000 duration=149.70s comm_mb=75.138 locations_after=[7, 0] checkpoint=logs_real/autorl_real_server/checkpoints/autorl_dfl_mm_seed1/checkpoint.pt
2026-05-25 15:19:44.310 | INFO     | __main__:<module>:234 - 2026-05-25 15:19:44 ROUND=1 start token_locations=[7, 0] active_clients=[0, 1, 2, 3, 4, 5, 6, 7, 8, 9]
2026-05-25 15:19:44.350 | INFO     | utils.ConnectHandler_server:send:28 - sending data (19729801 bytes) to client#7...
2026-05-25 15:19:45.989 | INFO     | utils.ConnectHandler_server:send:34 - sending data (19729801 bytes) to client#7 completely
2026-05-25 15:19:45.990 | INFO     | __main__:<module>:271 - 2026-05-25 15:19:45 SEND round=1 token=0 cid=7 payload_mb=18.816 duration=1.661s
2026-05-25 15:19:46.031 | INFO     | utils.ConnectHandler_server:send:28 - sending data (19699833 bytes) to client#0...
2026-05-25 15:19:47.679 | INFO     | utils.ConnectHandler_server:send:34 - sending data (19699833 bytes) to client#0 completely
2026-05-25 15:19:47.680 | INFO     | __main__:<module>:271 - 2026-05-25 15:19:47 SEND round=1 token=1 cid=0 payload_mb=18.787 duration=1.669s
2026-05-25 15:21:54.251 | INFO     | utils.ConnectHandler_server:receive:71 - 19697437bytes data to be received from client#7

  0%|          | 0/19697437 [00:00<?, ?iteration/s]
  6%|▌         | 1172880/19697437 [00:00<00:01, 11719255.39iteration/s]
 12%|█▏        | 2345760/19697437 [00:00<00:01, 11723724.00iteration/s]
 18%|█▊        | 3520088/19697437 [00:00<00:01, 11714882.30iteration/s]
 24%|██▍       | 4697312/19697437 [00:00<00:01, 11696518.52iteration/s]
 30%|██▉       | 5873088/19697437 [00:00<00:01, 11695162.44iteration/s]
 36%|███▌      | 7050312/19697437 [00:00<00:01, 11710132.31iteration/s]
 42%|████▏     | 8227536/19697437 [00:00<00:00, 11714767.58iteration/s]
 48%|████▊     | 9407656/19697437 [00:00<00:00, 11730099.48iteration/s]
 54%|█████▍    | 10590672/19697437 [00:00<00:00, 11739248.69iteration/s]
 60%|█████▉    | 11767896/19697437 [00:01<00:00, 11744855.18iteration/s]
 66%|██████▌   | 12943672/19697437 [00:01<00:00, 11738502.42iteration/s]
 72%|███████▏  | 14126688/19697437 [00:01<00:00, 11736819.97iteration/s]
 78%|███████▊  | 15309704/19697437 [00:01<00:00, 11735910.02iteration/s]
 84%|████████▎ | 16491272/19697437 [00:01<00:00, 11735618.58iteration/s]
 90%|████████▉ | 17672840/19697437 [00:01<00:00, 11731360.99iteration/s]
 96%|█████████▌| 18854408/19697437 [00:01<00:00, 11733117.59iteration/s]2026-05-25 15:21:55.933 | INFO     | utils.ConnectHandler_server:receive:80 - receive completed

100%|██████████| 19697437/19697437 [00:01<00:00, 11669343.58iteration/s]
2026-05-25 15:21:55.948 | INFO     | __main__:<module>:291 - 2026-05-25 15:21:55 RECV round=1 token=0 cid=7 train_duration=124.1503975391388 battery=148089.24J
2026-05-25 15:21:55.948 | INFO     | utils.ConnectHandler_server:send:28 - sending data (59 bytes) to client#7...
2026-05-25 15:21:55.948 | INFO     | utils.ConnectHandler_server:send:34 - sending data (59 bytes) to client#7 completely
2026-05-25 15:22:05.541 | INFO     | utils.ConnectHandler_server:receive:71 - 19697059bytes data to be received from client#0

  0%|          | 0/19697059 [00:00<?, ?iteration/s]
  6%|▌         | 1167088/19697059 [00:00<00:01, 11649116.56iteration/s]
 12%|█▏        | 2344312/19697059 [00:00<00:01, 11718963.90iteration/s]
 18%|█▊        | 3521536/19697059 [00:00<00:01, 11737944.33iteration/s]
 24%|██▍       | 4697312/19697059 [00:00<00:01, 11741669.29iteration/s]
 30%|██▉       | 5877432/19697059 [00:00<00:01, 11747764.34iteration/s]
 36%|███▌      | 7053208/19697059 [00:00<00:01, 11745570.96iteration/s]
 42%|████▏     | 8233328/19697059 [00:00<00:00, 11759144.03iteration/s]
 48%|████▊     | 9414896/19697059 [00:00<00:00, 11757933.01iteration/s]
 54%|█████▍    | 10595016/19697059 [00:00<00:00, 11755092.54iteration/s]
 60%|█████▉    | 11773688/19697059 [00:01<00:00, 11752521.69iteration/s]
 66%|██████▌   | 12956704/19697059 [00:01<00:00, 11757221.62iteration/s]
 72%|███████▏  | 14135376/19697059 [00:01<00:00, 11757389.31iteration/s]
 78%|███████▊  | 15318392/19697059 [00:01<00:00, 11764508.14iteration/s]
 84%|████████▍ | 16510096/19697059 [00:01<00:00, 11764907.93iteration/s]
 90%|████████▉ | 17693112/19697059 [00:01<00:00, 11758321.05iteration/s]
 96%|█████████▌| 18881920/19697059 [00:01<00:00, 11762390.96iteration/s]2026-05-25 15:22:07.219 | INFO     | utils.ConnectHandler_server:receive:80 - receive completed

100%|██████████| 19697059/19697059 [00:01<00:00, 11697264.78iteration/s]
2026-05-25 15:22:07.235 | INFO     | __main__:<module>:291 - 2026-05-25 15:22:07 RECV round=1 token=1 cid=0 train_duration=123.41706657409668 battery=148947.19J
2026-05-25 15:22:07.235 | INFO     | utils.ConnectHandler_server:send:28 - sending data (59 bytes) to client#0...
2026-05-25 15:22:07.235 | INFO     | utils.ConnectHandler_server:send:34 - sending data (59 bytes) to client#0 completely
2026-05-25 15:22:10.040 | INFO     | __main__:<module>:428 - 2026-05-25 15:22:09 ROUND=1 end avg_acc=23.8450 best_acc=23.8450 duration=145.68s comm_mb=75.167 locations_after=[8, 9] checkpoint=logs_real/autorl_real_server/checkpoints/autorl_dfl_mm_seed1/checkpoint.pt
2026-05-25 15:22:10.040 | INFO     | __main__:<module>:234 - 2026-05-25 15:22:10 ROUND=2 start token_locations=[8, 9] active_clients=[0, 1, 2, 3, 4, 5, 6, 7, 8, 9]
2026-05-25 15:22:10.059 | INFO     | utils.ConnectHandler_server:send:28 - sending data (19735898 bytes) to client#8...
2026-05-25 15:22:11.700 | INFO     | utils.ConnectHandler_server:send:34 - sending data (19735898 bytes) to client#8 completely
2026-05-25 15:22:11.700 | INFO     | __main__:<module>:271 - 2026-05-25 15:22:11 SEND round=2 token=0 cid=8 payload_mb=18.822 duration=1.651s
2026-05-25 15:22:11.719 | INFO     | utils.ConnectHandler_server:send:28 - sending data (19723713 bytes) to client#9...
2026-05-25 15:22:13.395 | INFO     | utils.ConnectHandler_server:send:34 - sending data (19723713 bytes) to client#9 completely
2026-05-25 15:22:13.396 | INFO     | __main__:<module>:271 - 2026-05-25 15:22:13 SEND round=2 token=1 cid=9 payload_mb=18.810 duration=1.686s
2026-05-25 15:24:09.195 | INFO     | utils.ConnectHandler_server:receive:71 - 19694064bytes data to be received from client#9

  0%|          | 0/19694064 [00:00<?, ?iteration/s]
  6%|▌         | 1182104/19694064 [00:00<00:01, 11810604.39iteration/s]
 12%|█▏        | 2364208/19694064 [00:00<00:01, 11772679.72iteration/s]
 18%|█▊        | 3543484/19694064 [00:00<00:01, 11760652.62iteration/s]
 24%|██▍       | 4721346/19694064 [00:00<00:01, 11747833.69iteration/s]
 30%|██▉       | 5896380/19694064 [00:00<00:01, 11740976.92iteration/s]
 36%|███▌      | 7072828/19694064 [00:00<00:01, 11747282.04iteration/s]
 42%|████▏     | 8250690/19694064 [00:00<00:00, 11745047.39iteration/s]
 48%|████▊     | 9427138/19694064 [00:00<00:00, 11742311.91iteration/s]
 54%|█████▍    | 10602172/19694064 [00:00<00:00, 11737563.53iteration/s]
 60%|█████▉    | 11784276/19694064 [00:01<00:00, 11741440.70iteration/s]
 66%|██████▌   | 12960724/19694064 [00:01<00:00, 11745904.67iteration/s]
 72%|███████▏  | 14145656/19694064 [00:01<00:00, 11745397.72iteration/s]
 78%|███████▊  | 15330588/19694064 [00:01<00:00, 11744001.98iteration/s]
 84%|████████▍ | 16515520/19694064 [00:01<00:00, 11746352.41iteration/s]
 90%|████████▉ | 17700452/19694064 [00:01<00:00, 11745029.23iteration/s]
 96%|█████████▌| 18882556/19694064 [00:01<00:00, 11741706.38iteration/s]2026-05-25 15:24:10.873 | INFO     | utils.ConnectHandler_server:receive:80 - receive completed

100%|██████████| 19694064/19694064 [00:01<00:00, 11688672.69iteration/s]
2026-05-25 15:24:10.889 | INFO     | __main__:<module>:291 - 2026-05-25 15:24:10 RECV round=2 token=1 cid=9 train_duration=115.2715835571289 battery=148058.00J
2026-05-25 15:24:10.889 | INFO     | utils.ConnectHandler_server:send:28 - sending data (59 bytes) to client#9...
2026-05-25 15:24:10.890 | INFO     | utils.ConnectHandler_server:send:34 - sending data (59 bytes) to client#9 completely
2026-05-25 15:26:17.729 | INFO     | utils.ConnectHandler_server:receive:71 - 19697437bytes data to be received from client#8

  0%|          | 0/19697437 [00:00<?, ?iteration/s]
  6%|▌         | 1164192/19697437 [00:00<00:01, 11640737.69iteration/s]
 12%|█▏        | 2338520/19697437 [00:00<00:01, 11695385.76iteration/s]
 18%|█▊        | 3509952/19697437 [00:00<00:01, 11701359.75iteration/s]
 24%|██▍       | 4681384/19697437 [00:00<00:01, 11683513.31iteration/s]
 30%|██▉       | 5851368/19697437 [00:00<00:01, 11688864.44iteration/s]
 36%|███▌      | 7030040/19697437 [00:00<00:01, 11709503.86iteration/s]
 42%|████▏     | 8207264/19697437 [00:00<00:00, 11713996.40iteration/s]
 48%|████▊     | 9390280/19697437 [00:00<00:00, 11738328.19iteration/s]
 54%|█████▎    | 10566056/19697437 [00:00<00:00, 11743258.52iteration/s]
 60%|█████▉    | 11747624/19697437 [00:01<00:00, 11731916.02iteration/s]
 66%|██████▌   | 12929192/19697437 [00:01<00:00, 11740225.86iteration/s]
 72%|███████▏  | 14107864/19697437 [00:01<00:00, 11736042.79iteration/s]
 78%|███████▊  | 15290880/19697437 [00:01<00:00, 11732167.20iteration/s]
 84%|████████▎ | 16469552/19697437 [00:01<00:00, 11729837.78iteration/s]
 90%|████████▉ | 17645328/19697437 [00:01<00:00, 11724829.80iteration/s]
 96%|█████████▌| 18819656/19697437 [00:01<00:00, 11722872.75iteration/s]2026-05-25 15:26:19.412 | INFO     | utils.ConnectHandler_server:receive:80 - receive completed

100%|██████████| 19697437/19697437 [00:01<00:00, 11661086.75iteration/s]
2026-05-25 15:26:19.428 | INFO     | __main__:<module>:291 - 2026-05-25 15:26:19 RECV round=2 token=0 cid=8 train_duration=238.60070896148682 battery=146327.77J
2026-05-25 15:26:19.428 | INFO     | utils.ConnectHandler_server:send:28 - sending data (59 bytes) to client#8...
2026-05-25 15:26:19.428 | INFO     | utils.ConnectHandler_server:send:34 - sending data (59 bytes) to client#8 completely
2026-05-25 15:26:22.261 | INFO     | __main__:<module>:428 - 2026-05-25 15:26:22 ROUND=2 end avg_acc=20.3300 best_acc=23.8450 duration=252.17s comm_mb=75.195 locations_after=[3, 8] checkpoint=logs_real/autorl_real_server/checkpoints/autorl_dfl_mm_seed1/checkpoint.pt
2026-05-25 15:26:22.261 | INFO     | __main__:<module>:234 - 2026-05-25 15:26:22 ROUND=3 start token_locations=[3, 8] active_clients=[0, 1, 2, 3, 4, 5, 6, 7, 8, 9]
2026-05-25 15:26:22.284 | INFO     | utils.ConnectHandler_server:send:28 - sending data (19699835 bytes) to client#3...
2026-05-25 15:26:23.933 | INFO     | utils.ConnectHandler_server:send:34 - sending data (19699835 bytes) to client#3 completely
2026-05-25 15:26:23.933 | INFO     | __main__:<module>:271 - 2026-05-25 15:26:23 SEND round=3 token=0 cid=3 payload_mb=18.787 duration=1.663s
2026-05-25 15:26:23.953 | INFO     | utils.ConnectHandler_server:send:28 - sending data (19735898 bytes) to client#8...
2026-05-25 15:26:25.613 | INFO     | utils.ConnectHandler_server:send:34 - sending data (19735898 bytes) to client#8 completely
2026-05-25 15:26:25.613 | INFO     | __main__:<module>:271 - 2026-05-25 15:26:25 SEND round=3 token=1 cid=8 payload_mb=18.822 duration=1.671s
2026-05-25 15:28:15.100 | INFO     | utils.ConnectHandler_server:receive:71 - 19697017bytes data to be received from client#3

  0%|          | 0/19697017 [00:00<?, ?iteration/s]
  6%|▌         | 1174328/19697017 [00:00<00:01, 11742423.32iteration/s]
 12%|█▏        | 2351552/19697017 [00:00<00:01, 11753704.83iteration/s]
 18%|█▊        | 3528776/19697017 [00:00<00:01, 11758127.12iteration/s]
 24%|██▍       | 4708896/19697017 [00:00<00:01, 11759528.88iteration/s]
 30%|██▉       | 5889016/19697017 [00:00<00:01, 11759041.69iteration/s]
 36%|███▌      | 7066240/19697017 [00:00<00:01, 11753680.19iteration/s]
 42%|████▏     | 8244912/19697017 [00:00<00:00, 11745794.16iteration/s]
 48%|████▊     | 9420688/19697017 [00:00<00:00, 11710336.76iteration/s]
 54%|█████▍    | 10602256/19697017 [00:00<00:00, 11724508.50iteration/s]
 60%|█████▉    | 11785272/19697017 [00:01<00:00, 11739411.21iteration/s]
 66%|██████▌   | 12968288/19697017 [00:01<00:00, 11749746.39iteration/s]
 72%|███████▏  | 14149856/19697017 [00:01<00:00, 11750679.23iteration/s]
 78%|███████▊  | 15329976/19697017 [00:01<00:00, 11753185.47iteration/s]
 84%|████████▍ | 16508648/19697017 [00:01<00:00, 11749234.72iteration/s]
 90%|████████▉ | 17697456/19697017 [00:01<00:00, 11756863.80iteration/s]
 96%|█████████▌| 18873232/19697017 [00:01<00:00, 11750695.04iteration/s]2026-05-25 15:28:16.779 | INFO     | utils.ConnectHandler_server:receive:80 - receive completed

100%|██████████| 19697017/19697017 [00:01<00:00, 11686588.74iteration/s]
2026-05-25 15:28:16.805 | INFO     | __main__:<module>:291 - 2026-05-25 15:28:16 RECV round=3 token=0 cid=3 train_duration=99.30808186531067 battery=149152.85J
2026-05-25 15:28:16.805 | INFO     | utils.ConnectHandler_server:send:28 - sending data (59 bytes) to client#3...
2026-05-25 15:28:16.805 | INFO     | utils.ConnectHandler_server:send:34 - sending data (59 bytes) to client#3 completely
2026-05-25 15:30:15.021 | INFO     | utils.ConnectHandler_server:receive:71 - 19697437bytes data to be received from client#8

  0%|          | 0/19697437 [00:00<?, ?iteration/s]
  6%|▌         | 1165640/19697437 [00:00<00:01, 11634248.27iteration/s]
 12%|█▏        | 2335624/19697437 [00:00<00:01, 11671335.93iteration/s]
 18%|█▊        | 3504160/19697437 [00:00<00:01, 11648677.08iteration/s]
 24%|██▎       | 4671248/19697437 [00:00<00:01, 11640304.30iteration/s]
 30%|██▉       | 5841232/19697437 [00:00<00:01, 11654513.03iteration/s]
 36%|███▌      | 7022800/19697437 [00:00<00:01, 11694954.43iteration/s]
 42%|████▏     | 8200024/19697437 [00:00<00:00, 11710208.12iteration/s]
 48%|████▊     | 9378696/19697437 [00:00<00:00, 11720803.93iteration/s]
 54%|█████▎    | 10558816/19697437 [00:00<00:00, 11731777.62iteration/s]
 60%|█████▉    | 11734592/19697437 [00:01<00:00, 11720573.17iteration/s]
 66%|██████▌   | 12919056/19697437 [00:01<00:00, 11737304.21iteration/s]
 72%|███████▏  | 14094832/19697437 [00:01<00:00, 11735153.53iteration/s]
 78%|███████▊  | 15279296/19697437 [00:01<00:00, 11735023.69iteration/s]
 84%|████████▎ | 16465208/19697437 [00:01<00:00, 11728497.17iteration/s]
 90%|████████▉ | 17646776/19697437 [00:01<00:00, 11730155.48iteration/s]
 96%|█████████▌| 18829792/19697437 [00:01<00:00, 11729221.84iteration/s]2026-05-25 15:30:16.705 | INFO     | utils.ConnectHandler_server:receive:80 - receive completed

100%|██████████| 19697437/19697437 [00:01<00:00, 11652820.23iteration/s]
2026-05-25 15:30:16.723 | INFO     | __main__:<module>:291 - 2026-05-25 15:30:16 RECV round=3 token=1 cid=8 train_duration=228.61838150024414 battery=142809.17J
2026-05-25 15:30:16.723 | INFO     | utils.ConnectHandler_server:send:28 - sending data (59 bytes) to client#8...
2026-05-25 15:30:16.723 | INFO     | utils.ConnectHandler_server:send:34 - sending data (59 bytes) to client#8 completely
2026-05-25 15:30:19.552 | INFO     | __main__:<module>:428 - 2026-05-25 15:30:19 ROUND=3 end avg_acc=26.5950 best_acc=26.5950 duration=237.24s comm_mb=75.172 locations_after=[4, 5] checkpoint=logs_real/autorl_real_server/checkpoints/autorl_dfl_mm_seed1/checkpoint.pt
2026-05-25 15:30:19.552 | INFO     | __main__:<module>:234 - 2026-05-25 15:30:19 ROUND=4 start token_locations=[4, 5] active_clients=[0, 1, 2, 3, 4, 5, 6, 7, 8, 9]
2026-05-25 15:30:19.570 | INFO     | utils.ConnectHandler_server:send:28 - sending data (19699835 bytes) to client#4...
2026-05-25 15:30:21.242 | INFO     | utils.ConnectHandler_server:send:34 - sending data (19699835 bytes) to client#4 completely
2026-05-25 15:30:21.242 | INFO     | __main__:<module>:271 - 2026-05-25 15:30:21 SEND round=4 token=0 cid=4 payload_mb=18.787 duration=1.681s
2026-05-25 15:30:21.260 | INFO     | utils.ConnectHandler_server:send:28 - sending data (19699830 bytes) to client#5...
2026-05-25 15:30:22.905 | INFO     | utils.ConnectHandler_server:send:34 - sending data (19699830 bytes) to client#5 completely
2026-05-25 15:30:22.906 | INFO     | __main__:<module>:271 - 2026-05-25 15:30:22 SEND round=4 token=1 cid=5 payload_mb=18.787 duration=1.655s
2026-05-25 15:32:11.694 | INFO     | utils.ConnectHandler_server:receive:71 - 19697059bytes data to be received from client#4

  0%|          | 0/19697059 [00:00<?, ?iteration/s]
  6%|▋         | 1235144/19697059 [00:00<00:01, 12331694.25iteration/s]
 13%|█▎        | 2468840/19697059 [00:00<00:01, 11992535.22iteration/s]
 19%|█▊        | 3669232/19697059 [00:00<00:01, 11885178.74iteration/s]
 25%|██▍       | 4859488/19697059 [00:00<00:01, 11810924.58iteration/s]
 31%|███       | 6042504/19697059 [00:00<00:01, 11799035.06iteration/s]
 37%|███▋      | 7225520/19697059 [00:00<00:01, 11788649.63iteration/s]
 43%|████▎     | 8408536/19697059 [00:00<00:00, 11779920.20iteration/s]
 49%|████▊     | 9587208/19697059 [00:00<00:00, 11765099.61iteration/s]
 55%|█████▍    | 10767328/19697059 [00:00<00:00, 11768352.88iteration/s]
 61%|██████    | 11947448/19697059 [00:01<00:00, 11762437.27iteration/s]
 67%|██████▋   | 13127568/19697059 [00:01<00:00, 11765244.26iteration/s]
 73%|███████▎  | 14307688/19697059 [00:01<00:00, 11767999.78iteration/s]
 79%|███████▊  | 15493600/19697059 [00:01<00:00, 11766258.74iteration/s]
 85%|████████▍ | 16678064/19697059 [00:01<00:00, 11762480.82iteration/s]
 91%|█████████ | 17866872/19697059 [00:01<00:00, 11764210.08iteration/s]
 97%|█████████▋| 19055680/19697059 [00:01<00:00, 11758876.59iteration/s]2026-05-25 15:32:13.373 | INFO     | utils.ConnectHandler_server:receive:80 - receive completed

100%|██████████| 19697059/19697059 [00:01<00:00, 11736630.04iteration/s]
2026-05-25 15:32:13.388 | INFO     | __main__:<module>:291 - 2026-05-25 15:32:13 RECV round=4 token=0 cid=4 train_duration=99.93726944923401 battery=149147.49J
2026-05-25 15:32:13.388 | INFO     | utils.ConnectHandler_server:send:28 - sending data (59 bytes) to client#4...
2026-05-25 15:32:13.388 | INFO     | utils.ConnectHandler_server:send:34 - sending data (59 bytes) to client#4 completely
2026-05-25 15:33:19.399 | INFO     | utils.ConnectHandler_server:receive:71 - 19697029bytes data to be received from client#5

  0%|          | 0/19697029 [00:00<?, ?iteration/s]
  6%|▌         | 1172880/19697029 [00:00<00:01, 11708154.50iteration/s]
 12%|█▏        | 2350104/19697029 [00:00<00:01, 11744070.01iteration/s]
 18%|█▊        | 3525880/19697029 [00:00<00:01, 11747715.49iteration/s]
 24%|██▍       | 4706000/19697029 [00:00<00:01, 11754647.95iteration/s]
 30%|██▉       | 5881776/19697029 [00:00<00:01, 11746783.88iteration/s]
 36%|███▌      | 7060448/19697029 [00:00<00:01, 11748459.51iteration/s]
 42%|████▏     | 8240568/19697029 [00:00<00:00, 11755844.04iteration/s]
 48%|████▊     | 9420688/19697029 [00:00<00:00, 11755075.59iteration/s]
 54%|█████▍    | 10600808/19697029 [00:00<00:00, 11759794.91iteration/s]
 60%|█████▉    | 11779480/19697029 [00:01<00:00, 11759913.38iteration/s]
 66%|██████▌   | 12966840/19697029 [00:01<00:00, 11766374.65iteration/s]
 72%|███████▏  | 14146960/19697029 [00:01<00:00, 11762446.64iteration/s]
 78%|███████▊  | 15332872/19697029 [00:01<00:00, 11757147.80iteration/s]
 84%|████████▍ | 16511544/19697029 [00:01<00:00, 11758398.12iteration/s]
 90%|████████▉ | 17700352/19697029 [00:01<00:00, 11763145.07iteration/s]
 96%|█████████▌| 18889160/19697029 [00:01<00:00, 11761227.72iteration/s]2026-05-25 15:33:21.077 | INFO     | utils.ConnectHandler_server:receive:80 - receive completed

100%|██████████| 19697029/19697029 [00:01<00:00, 11695935.41iteration/s]
2026-05-25 15:33:21.093 | INFO     | __main__:<module>:291 - 2026-05-25 15:33:21 RECV round=4 token=1 cid=5 train_duration=165.15267062187195 battery=148591.17J
2026-05-25 15:33:21.093 | INFO     | utils.ConnectHandler_server:send:28 - sending data (59 bytes) to client#5...
2026-05-25 15:33:21.093 | INFO     | utils.ConnectHandler_server:send:34 - sending data (59 bytes) to client#5 completely
2026-05-25 15:33:23.922 | INFO     | __main__:<module>:428 - 2026-05-25 15:33:23 ROUND=4 end avg_acc=21.4050 best_acc=26.5950 duration=184.32s comm_mb=75.138 locations_after=[9, 6] checkpoint=logs_real/autorl_real_server/checkpoints/autorl_dfl_mm_seed1/checkpoint.pt
2026-05-25 15:33:23.922 | INFO     | __main__:<module>:234 - 2026-05-25 15:33:23 ROUND=5 start token_locations=[9, 6] active_clients=[0, 1, 2, 3, 4, 5, 6, 7, 8, 9]
2026-05-25 15:33:23.941 | INFO     | utils.ConnectHandler_server:send:28 - sending data (19723713 bytes) to client#9...
2026-05-25 15:33:25.591 | INFO     | utils.ConnectHandler_server:send:34 - sending data (19723713 bytes) to client#9 completely
2026-05-25 15:33:25.591 | INFO     | __main__:<module>:271 - 2026-05-25 15:33:25 SEND round=5 token=0 cid=9 payload_mb=18.810 duration=1.660s
2026-05-25 15:33:25.610 | INFO     | utils.ConnectHandler_server:send:28 - sending data (19699830 bytes) to client#6...
2026-05-25 15:33:27.260 | INFO     | utils.ConnectHandler_server:send:34 - sending data (19699830 bytes) to client#6 completely
2026-05-25 15:33:27.260 | INFO     | __main__:<module>:271 - 2026-05-25 15:33:27 SEND round=5 token=1 cid=6 payload_mb=18.787 duration=1.660s
2026-05-25 15:35:19.777 | INFO     | utils.ConnectHandler_server:receive:71 - 19694064bytes data to be received from client#9

  0%|          | 0/19694064 [00:00<?, ?iteration/s]
  6%|▌         | 1183518/19694064 [00:00<00:01, 11811114.56iteration/s]
 12%|█▏        | 2365622/19694064 [00:00<00:01, 11766664.92iteration/s]
 18%|█▊        | 3544898/19694064 [00:00<00:01, 11761901.36iteration/s]
 24%|██▍       | 4721346/19694064 [00:00<00:01, 11752946.10iteration/s]
 30%|██▉       | 5903450/19694064 [00:00<00:01, 11753373.59iteration/s]
 36%|███▌      | 7084140/19694064 [00:00<00:01, 11743331.66iteration/s]
 42%|████▏     | 8260588/19694064 [00:00<00:00, 11747223.18iteration/s]
 48%|████▊     | 9439864/19694064 [00:00<00:00, 11745262.90iteration/s]
 54%|█████▍    | 10617726/19694064 [00:00<00:00, 11746349.86iteration/s]
 60%|█████▉    | 11797002/19694064 [00:01<00:00, 11745174.81iteration/s]
 66%|██████▌   | 12977692/19694064 [00:01<00:00, 11744182.01iteration/s]
 72%|███████▏  | 14156968/19694064 [00:01<00:00, 11745889.75iteration/s]
 78%|███████▊  | 15334830/19694064 [00:01<00:00, 11747074.49iteration/s]
 84%|████████▍ | 16515520/19694064 [00:01<00:00, 11747036.37iteration/s]
 90%|████████▉ | 17700452/19694064 [00:01<00:00, 11747653.19iteration/s]
 96%|█████████▌| 18885384/19694064 [00:01<00:00, 11746499.30iteration/s]2026-05-25 15:35:21.455 | INFO     | utils.ConnectHandler_server:receive:80 - receive completed

100%|██████████| 19694064/19694064 [00:01<00:00, 11691953.49iteration/s]
2026-05-25 15:35:21.471 | INFO     | __main__:<module>:291 - 2026-05-25 15:35:21 RECV round=5 token=0 cid=9 train_duration=113.80337834358215 battery=146140.73J
2026-05-25 15:35:21.471 | INFO     | utils.ConnectHandler_server:send:28 - sending data (59 bytes) to client#9...
2026-05-25 15:35:21.471 | INFO     | utils.ConnectHandler_server:send:34 - sending data (59 bytes) to client#9 completely
2026-05-25 15:35:54.458 | INFO     | utils.ConnectHandler_server:receive:71 - 19697043bytes data to be received from client#6

  0%|          | 0/19697043 [00:00<?, ?iteration/s]
  6%|▌         | 1172880/19697043 [00:00<00:01, 11715599.26iteration/s]
 12%|█▏        | 2348656/19697043 [00:00<00:01, 11737137.03iteration/s]
 18%|█▊        | 3525880/19697043 [00:00<00:01, 11749635.42iteration/s]
 24%|██▍       | 4703104/19697043 [00:00<00:01, 11706299.26iteration/s]
 30%|██▉       | 5881776/19697043 [00:00<00:01, 11727996.01iteration/s]
 36%|███▌      | 7060448/19697043 [00:00<00:01, 11738500.66iteration/s]
 42%|████▏     | 8239120/19697043 [00:00<00:00, 11744332.48iteration/s]
 48%|████▊     | 9420688/19697043 [00:00<00:00, 11748431.01iteration/s]
 54%|█████▍    | 10597912/19697043 [00:00<00:00, 11750302.83iteration/s]
 60%|█████▉    | 11782376/19697043 [00:01<00:00, 11754865.92iteration/s]
 66%|██████▌   | 12962496/19697043 [00:01<00:00, 11752505.84iteration/s]
 72%|███████▏  | 14148408/19697043 [00:01<00:00, 11750440.85iteration/s]
 78%|███████▊  | 15334320/19697043 [00:01<00:00, 11751829.06iteration/s]
 84%|████████▍ | 16515888/19697043 [00:01<00:00, 11757342.03iteration/s]
 90%|████████▉ | 17694560/19697043 [00:01<00:00, 11755815.47iteration/s]
 96%|█████████▌| 18874680/19697043 [00:01<00:00, 11765208.16iteration/s]2026-05-25 15:35:56.136 | INFO     | utils.ConnectHandler_server:receive:80 - receive completed

100%|██████████| 19697043/19697043 [00:01<00:00, 11694680.48iteration/s]
2026-05-25 15:35:56.152 | INFO     | __main__:<module>:291 - 2026-05-25 15:35:56 RECV round=5 token=1 cid=6 train_duration=135.00082516670227 battery=148848.38J
2026-05-25 15:35:56.152 | INFO     | utils.ConnectHandler_server:send:28 - sending data (59 bytes) to client#6...
2026-05-25 15:35:56.152 | INFO     | utils.ConnectHandler_server:send:34 - sending data (59 bytes) to client#6 completely
2026-05-25 15:35:59.028 | INFO     | __main__:<module>:428 - 2026-05-25 15:35:58 ROUND=5 end avg_acc=28.3300 best_acc=28.3300 duration=155.05s comm_mb=75.161 locations_after=[0, 7] checkpoint=logs_real/autorl_real_server/checkpoints/autorl_dfl_mm_seed1/checkpoint.pt
2026-05-25 15:35:59.028 | INFO     | __main__:<module>:234 - 2026-05-25 15:35:59 ROUND=6 start token_locations=[0, 7] active_clients=[0, 1, 2, 3, 4, 5, 6, 7, 8, 9]
2026-05-25 15:35:59.046 | INFO     | utils.ConnectHandler_server:send:28 - sending data (19699833 bytes) to client#0...
2026-05-25 15:36:00.673 | INFO     | utils.ConnectHandler_server:send:34 - sending data (19699833 bytes) to client#0 completely
2026-05-25 15:36:00.673 | INFO     | __main__:<module>:271 - 2026-05-25 15:36:00 SEND round=6 token=0 cid=0 payload_mb=18.787 duration=1.637s
2026-05-25 15:36:00.693 | INFO     | utils.ConnectHandler_server:send:28 - sending data (19729801 bytes) to client#7...
2026-05-25 15:36:02.359 | INFO     | utils.ConnectHandler_server:send:34 - sending data (19729801 bytes) to client#7 completely
2026-05-25 15:36:02.359 | INFO     | __main__:<module>:271 - 2026-05-25 15:36:02 SEND round=6 token=1 cid=7 payload_mb=18.816 duration=1.676s
2026-05-25 15:37:50.239 | INFO     | utils.ConnectHandler_server:receive:71 - 19697059bytes data to be received from client#0

  0%|          | 0/19697059 [00:00<?, ?iteration/s]
  6%|▌         | 1171432/19697059 [00:00<00:01, 11693059.91iteration/s]
 12%|█▏        | 2347208/19697059 [00:00<00:01, 11729633.90iteration/s]
 18%|█▊        | 3524432/19697059 [00:00<00:01, 11746157.64iteration/s]
 24%|██▍       | 4701656/19697059 [00:00<00:01, 11741144.11iteration/s]
 30%|██▉       | 5880328/19697059 [00:00<00:01, 11757029.72iteration/s]
 36%|███▌      | 7057552/19697059 [00:00<00:01, 11760372.10iteration/s]
 42%|████▏     | 8236224/19697059 [00:00<00:00, 11751975.37iteration/s]
 48%|████▊     | 9416344/19697059 [00:00<00:00, 11756195.45iteration/s]
 54%|█████▍    | 10595016/19697059 [00:00<00:00, 11755954.53iteration/s]
 60%|█████▉    | 11772240/19697059 [00:01<00:00, 11760294.40iteration/s]
 66%|██████▌   | 12955256/19697059 [00:01<00:00, 11756652.30iteration/s]
 72%|███████▏  | 14132480/19697059 [00:01<00:00, 11760527.10iteration/s]
 78%|███████▊  | 15315496/19697059 [00:01<00:00, 11766250.37iteration/s]
 84%|████████▍ | 16504304/19697059 [00:01<00:00, 11765477.02iteration/s]
 90%|████████▉ | 17682976/19697059 [00:01<00:00, 11764346.31iteration/s]
 96%|█████████▌| 18863096/19697059 [00:01<00:00, 11759255.33iteration/s]2026-05-25 15:37:51.916 | INFO     | utils.ConnectHandler_server:receive:80 - receive completed

100%|██████████| 19697059/19697059 [00:01<00:00, 11703324.56iteration/s]
2026-05-25 15:37:51.931 | INFO     | __main__:<module>:291 - 2026-05-25 15:37:51 RECV round=6 token=0 cid=0 train_duration=108.5889995098114 battery=148020.87J
2026-05-25 15:37:51.931 | INFO     | utils.ConnectHandler_server:send:28 - sending data (59 bytes) to client#0...
2026-05-25 15:37:51.939 | INFO     | utils.ConnectHandler_server:send:34 - sending data (59 bytes) to client#0 completely
2026-05-25 15:38:00.994 | INFO     | utils.ConnectHandler_server:receive:71 - 19697437bytes data to be received from client#7

  0%|          | 0/19697437 [00:00<?, ?iteration/s]
  6%|▌         | 1172880/19697437 [00:00<00:01, 11708990.52iteration/s]
 12%|█▏        | 2345760/19697437 [00:00<00:01, 11680371.69iteration/s]
 18%|█▊        | 3514296/19697437 [00:00<00:01, 11649420.37iteration/s]
 24%|██▍       | 4679936/19697437 [00:00<00:01, 11641259.10iteration/s]
 30%|██▉       | 5855712/19697437 [00:00<00:01, 11678959.73iteration/s]
 36%|███▌      | 7027144/19697437 [00:00<00:01, 11690801.95iteration/s]
 42%|████▏     | 8205816/19697437 [00:00<00:00, 11710290.29iteration/s]
 48%|████▊     | 9380144/19697437 [00:00<00:00, 11720664.10iteration/s]
 54%|█████▎    | 10561712/19697437 [00:00<00:00, 11734612.57iteration/s]
 60%|█████▉    | 11744728/19697437 [00:01<00:00, 11737792.00iteration/s]
 66%|██████▌   | 12919056/19697437 [00:01<00:00, 11738906.67iteration/s]
 72%|███████▏  | 14103520/19697437 [00:01<00:00, 11747117.89iteration/s]
 78%|███████▊  | 15285088/19697437 [00:01<00:00, 11743304.93iteration/s]
 84%|████████▎ | 16471000/19697437 [00:01<00:00, 11743211.78iteration/s]
 90%|████████▉ | 17648224/19697437 [00:01<00:00, 11742751.68iteration/s]
 96%|█████████▌| 18837032/19697437 [00:01<00:00, 11740144.57iteration/s]2026-05-25 15:38:02.676 | INFO     | utils.ConnectHandler_server:receive:80 - receive completed

100%|██████████| 19697437/19697437 [00:01<00:00, 11667659.31iteration/s]
2026-05-25 15:38:02.692 | INFO     | __main__:<module>:291 - 2026-05-25 15:38:02 RECV round=6 token=1 cid=7 train_duration=118.17596912384033 battery=146270.43J
2026-05-25 15:38:02.692 | INFO     | utils.ConnectHandler_server:send:28 - sending data (59 bytes) to client#7...
2026-05-25 15:38:02.692 | INFO     | utils.ConnectHandler_server:send:34 - sending data (59 bytes) to client#7 completely
2026-05-25 15:38:05.502 | INFO     | __main__:<module>:428 - 2026-05-25 15:38:05 ROUND=6 end avg_acc=27.9300 best_acc=28.3300 duration=126.42s comm_mb=75.167 locations_after=[1, 4] checkpoint=logs_real/autorl_real_server/checkpoints/autorl_dfl_mm_seed1/checkpoint.pt
2026-05-25 15:38:05.502 | INFO     | __main__:<module>:234 - 2026-05-25 15:38:05 ROUND=7 start token_locations=[1, 4] active_clients=[0, 1, 2, 3, 4, 5, 6, 7, 8, 9]
2026-05-25 15:38:05.524 | INFO     | utils.ConnectHandler_server:send:28 - sending data (19699829 bytes) to client#1...
2026-05-25 15:38:07.139 | INFO     | utils.ConnectHandler_server:send:34 - sending data (19699829 bytes) to client#1 completely
2026-05-25 15:38:07.139 | INFO     | __main__:<module>:271 - 2026-05-25 15:38:07 SEND round=7 token=0 cid=1 payload_mb=18.787 duration=1.628s
2026-05-25 15:38:07.158 | INFO     | utils.ConnectHandler_server:send:28 - sending data (19699835 bytes) to client#4...
2026-05-25 15:38:08.828 | INFO     | utils.ConnectHandler_server:send:34 - sending data (19699835 bytes) to client#4 completely
2026-05-25 15:38:08.829 | INFO     | __main__:<module>:271 - 2026-05-25 15:38:08 SEND round=7 token=1 cid=4 payload_mb=18.787 duration=1.680s
2026-05-25 15:39:37.143 | INFO     | utils.ConnectHandler_server:receive:71 - 19697059bytes data to be received from client#4

  0%|          | 0/19697059 [00:00<?, ?iteration/s]
  6%|▌         | 1177224/19697059 [00:00<00:01, 11744222.79iteration/s]
 12%|█▏        | 2354448/19697059 [00:00<00:01, 11757366.36iteration/s]
 18%|█▊        | 3530224/19697059 [00:00<00:01, 11753804.44iteration/s]
 24%|██▍       | 4707448/19697059 [00:00<00:01, 11749289.79iteration/s]
 30%|██▉       | 5887568/19697059 [00:00<00:01, 11721854.21iteration/s]
 36%|███▌      | 7064792/19697059 [00:00<00:01, 11734240.11iteration/s]
 42%|████▏     | 8246360/19697059 [00:00<00:00, 11748872.28iteration/s]
 48%|████▊     | 9423584/19697059 [00:00<00:00, 11748566.62iteration/s]
 54%|█████▍    | 10605152/19697059 [00:00<00:00, 11755735.75iteration/s]
 60%|█████▉    | 11785272/19697059 [00:01<00:00, 11754119.23iteration/s]
 66%|██████▌   | 12971184/19697059 [00:01<00:00, 11760233.32iteration/s]
 72%|███████▏  | 14152752/19697059 [00:01<00:00, 11756371.05iteration/s]
 78%|███████▊  | 15338664/19697059 [00:01<00:00, 11761286.02iteration/s]
 84%|████████▍ | 16526024/19697059 [00:01<00:00, 11741247.38iteration/s]
 90%|████████▉ | 17710488/19697059 [00:01<00:00, 11747440.11iteration/s]
 96%|█████████▌| 18896400/19697059 [00:01<00:00, 11755661.21iteration/s]2026-05-25 15:39:38.821 | INFO     | utils.ConnectHandler_server:receive:80 - receive completed

100%|██████████| 19697059/19697059 [00:01<00:00, 11694007.98iteration/s]
2026-05-25 15:39:38.845 | INFO     | __main__:<module>:291 - 2026-05-25 15:39:38 RECV round=7 token=1 cid=4 train_duration=87.59496641159058 battery=148400.26J
2026-05-25 15:39:38.845 | INFO     | utils.ConnectHandler_server:send:28 - sending data (59 bytes) to client#4...
2026-05-25 15:39:38.845 | INFO     | utils.ConnectHandler_server:send:34 - sending data (59 bytes) to client#4 completely
2026-05-25 15:39:57.709 | INFO     | utils.ConnectHandler_server:receive:71 - 19696847bytes data to be received from client#1

  0%|          | 0/19696847 [00:00<?, ?iteration/s]
  6%|▌         | 1169984/19696847 [00:00<00:01, 11691405.18iteration/s]
 12%|█▏        | 2347208/19696847 [00:00<00:01, 11734571.19iteration/s]
 18%|█▊        | 3524432/19696847 [00:00<00:01, 11750593.94iteration/s]
 24%|██▍       | 4703104/19696847 [00:00<00:01, 11749654.17iteration/s]
 30%|██▉       | 5880328/19696847 [00:00<00:01, 11753373.09iteration/s]
 36%|███▌      | 7061896/19696847 [00:00<00:01, 11758305.46iteration/s]
 42%|████▏     | 8239120/19696847 [00:00<00:00, 11756919.43iteration/s]
 48%|████▊     | 9417792/19696847 [00:00<00:00, 11760264.20iteration/s]
 54%|█████▍    | 10596464/19696847 [00:00<00:00, 11751548.83iteration/s]
 60%|█████▉    | 11776584/19696847 [00:01<00:00, 11760777.48iteration/s]
 66%|██████▌   | 12953808/19696847 [00:01<00:00, 11755753.83iteration/s]
 72%|███████▏  | 14136824/19696847 [00:01<00:00, 11762895.61iteration/s]
 78%|███████▊  | 15325632/19696847 [00:01<00:00, 11761890.96iteration/s]
 84%|████████▍ | 16510096/19696847 [00:01<00:00, 11756102.46iteration/s]
 90%|████████▉ | 17696008/19696847 [00:01<00:00, 11758954.00iteration/s]
 96%|█████████▌| 18874680/19696847 [00:01<00:00, 11756644.72iteration/s]2026-05-25 15:39:59.386 | INFO     | utils.ConnectHandler_server:receive:80 - receive completed

100%|██████████| 19696847/19696847 [00:01<00:00, 11700631.11iteration/s]
2026-05-25 15:39:59.404 | INFO     | __main__:<module>:291 - 2026-05-25 15:39:59 RECV round=7 token=0 cid=1 train_duration=109.56824541091919 battery=147990.09J
2026-05-25 15:39:59.404 | INFO     | utils.ConnectHandler_server:send:28 - sending data (59 bytes) to client#1...
2026-05-25 15:39:59.405 | INFO     | utils.ConnectHandler_server:send:34 - sending data (59 bytes) to client#1 completely
2026-05-25 15:40:02.202 | INFO     | __main__:<module>:428 - 2026-05-25 15:40:02 ROUND=7 end avg_acc=26.5700 best_acc=28.3300 duration=116.65s comm_mb=75.138 locations_after=[2, 3] checkpoint=logs_real/autorl_real_server/checkpoints/autorl_dfl_mm_seed1/checkpoint.pt
2026-05-25 15:40:02.202 | INFO     | __main__:<module>:234 - 2026-05-25 15:40:02 ROUND=8 start token_locations=[2, 3] active_clients=[0, 1, 2, 3, 4, 5, 6, 7, 8, 9]
2026-05-25 15:40:02.225 | INFO     | utils.ConnectHandler_server:send:28 - sending data (19699830 bytes) to client#2...
2026-05-25 15:40:03.873 | INFO     | utils.ConnectHandler_server:send:34 - sending data (19699830 bytes) to client#2 completely
2026-05-25 15:40:03.873 | INFO     | __main__:<module>:271 - 2026-05-25 15:40:03 SEND round=8 token=0 cid=2 payload_mb=18.787 duration=1.661s
2026-05-25 15:40:03.892 | INFO     | utils.ConnectHandler_server:send:28 - sending data (19699835 bytes) to client#3...
2026-05-25 15:40:05.557 | INFO     | utils.ConnectHandler_server:send:34 - sending data (19699835 bytes) to client#3 completely
2026-05-25 15:40:05.557 | INFO     | __main__:<module>:271 - 2026-05-25 15:40:05 SEND round=8 token=1 cid=3 payload_mb=18.787 duration=1.675s
2026-05-25 15:41:31.476 | INFO     | utils.ConnectHandler_server:receive:71 - 19696935bytes data to be received from client#3

  0%|          | 0/19696935 [00:00<?, ?iteration/s]
  6%|▌         | 1177224/19696935 [00:00<00:01, 11749644.44iteration/s]
 12%|█▏        | 2354448/19696935 [00:00<00:01, 11744416.69iteration/s]
 18%|█▊        | 3531672/19696935 [00:00<00:01, 11749049.54iteration/s]
 24%|██▍       | 4707448/19696935 [00:00<00:01, 11748832.62iteration/s]
 30%|██▉       | 5887568/19696935 [00:00<00:01, 11756322.30iteration/s]
 36%|███▌      | 7067688/19696935 [00:00<00:01, 11756678.78iteration/s]
 42%|████▏     | 8244912/19696935 [00:00<00:00, 11756912.52iteration/s]
 48%|████▊     | 9422136/19696935 [00:00<00:00, 11757840.81iteration/s]
 54%|█████▍    | 10602256/19696935 [00:00<00:00, 11763588.68iteration/s]
 60%|█████▉    | 11789616/19696935 [00:01<00:00, 11764277.22iteration/s]
 66%|██████▌   | 12966840/19696935 [00:01<00:00, 11760635.22iteration/s]
 72%|███████▏  | 14146960/19696935 [00:01<00:00, 11761945.36iteration/s]
 78%|███████▊  | 15325632/19696935 [00:01<00:00, 11756796.54iteration/s]
 84%|████████▍ | 16511544/19696935 [00:01<00:00, 11765251.16iteration/s]
 90%|████████▉ | 17688768/19696935 [00:01<00:00, 11754897.62iteration/s]
 96%|█████████▌| 18879024/19696935 [00:01<00:00, 11757480.96iteration/s]2026-05-25 15:41:33.153 | INFO     | utils.ConnectHandler_server:receive:80 - receive completed

100%|██████████| 19696935/19696935 [00:01<00:00, 11701977.77iteration/s]
2026-05-25 15:41:33.169 | INFO     | __main__:<module>:291 - 2026-05-25 15:41:33 RECV round=8 token=1 cid=3 train_duration=85.24705076217651 battery=148425.65J
2026-05-25 15:41:33.169 | INFO     | utils.ConnectHandler_server:send:28 - sending data (59 bytes) to client#3...
2026-05-25 15:41:33.169 | INFO     | utils.ConnectHandler_server:send:34 - sending data (59 bytes) to client#3 completely
2026-05-25 15:41:46.651 | INFO     | utils.ConnectHandler_server:receive:71 - 19696927bytes data to be received from client#2

  0%|          | 0/19696927 [00:00<?, ?iteration/s]
  6%|▌         | 1175776/19696927 [00:00<00:01, 11732679.51iteration/s]
 12%|█▏        | 2353000/19696927 [00:00<00:01, 11750519.47iteration/s]
 18%|█▊        | 3530224/19696927 [00:00<00:01, 11758158.54iteration/s]
 24%|██▍       | 4708896/19696927 [00:00<00:01, 11747407.62iteration/s]
 30%|██▉       | 5884672/19696927 [00:00<00:01, 11740214.42iteration/s]
 36%|███▌      | 7067688/19696927 [00:00<00:01, 11756496.96iteration/s]
 42%|████▏     | 8246360/19696927 [00:00<00:00, 11747681.91iteration/s]
 48%|████▊     | 9426480/19696927 [00:00<00:00, 11753530.99iteration/s]
 54%|█████▍    | 10605152/19696927 [00:00<00:00, 11741351.02iteration/s]
 60%|█████▉    | 11788168/19696927 [00:01<00:00, 11754940.37iteration/s]
 66%|██████▌   | 12963944/19696927 [00:01<00:00, 11750717.03iteration/s]
 72%|███████▏  | 14146960/19696927 [00:01<00:00, 11757977.34iteration/s]
 78%|███████▊  | 15324184/19696927 [00:01<00:00, 11755777.78iteration/s]
 84%|████████▍ | 16510096/19696927 [00:01<00:00, 11765976.69iteration/s]
 90%|████████▉ | 17687320/19696927 [00:01<00:00, 11756740.77iteration/s]
 96%|█████████▌| 18870336/19696927 [00:01<00:00, 11759191.27iteration/s]2026-05-25 15:41:48.329 | INFO     | utils.ConnectHandler_server:receive:80 - receive completed

100%|██████████| 19696927/19696927 [00:01<00:00, 11689783.03iteration/s]
2026-05-25 15:41:48.347 | INFO     | __main__:<module>:291 - 2026-05-25 15:41:48 RECV round=8 token=0 cid=2 train_duration=102.01849102973938 battery=148137.68J
2026-05-25 15:41:48.347 | INFO     | utils.ConnectHandler_server:send:28 - sending data (59 bytes) to client#2...
2026-05-25 15:41:48.347 | INFO     | utils.ConnectHandler_server:send:34 - sending data (59 bytes) to client#2 completely
2026-05-25 15:41:51.174 | INFO     | __main__:<module>:428 - 2026-05-25 15:41:51 ROUND=8 end avg_acc=23.7650 best_acc=28.3300 duration=108.92s comm_mb=75.138 locations_after=[3, 2] checkpoint=logs_real/autorl_real_server/checkpoints/autorl_dfl_mm_seed1/checkpoint.pt
2026-05-25 15:41:51.174 | INFO     | __main__:<module>:234 - 2026-05-25 15:41:51 ROUND=9 start token_locations=[3, 2] active_clients=[0, 1, 2, 3, 4, 5, 6, 7, 8, 9]
2026-05-25 15:41:51.194 | INFO     | utils.ConnectHandler_server:send:28 - sending data (19699835 bytes) to client#3...
2026-05-25 15:41:52.847 | INFO     | utils.ConnectHandler_server:send:34 - sending data (19699835 bytes) to client#3 completely
2026-05-25 15:41:52.847 | INFO     | __main__:<module>:271 - 2026-05-25 15:41:52 SEND round=9 token=0 cid=3 payload_mb=18.787 duration=1.664s
2026-05-25 15:41:52.866 | INFO     | utils.ConnectHandler_server:send:28 - sending data (19699830 bytes) to client#2...
2026-05-25 15:41:54.532 | INFO     | utils.ConnectHandler_server:send:34 - sending data (19699830 bytes) to client#2 completely
2026-05-25 15:41:54.532 | INFO     | __main__:<module>:271 - 2026-05-25 15:41:54 SEND round=9 token=1 cid=2 payload_mb=18.787 duration=1.676s
2026-05-25 15:43:18.674 | INFO     | utils.ConnectHandler_server:receive:71 - 19696971bytes data to be received from client#3

  0%|          | 0/19696971 [00:00<?, ?iteration/s]
  6%|▌         | 1178672/19696971 [00:00<00:01, 11763228.90iteration/s]
 12%|█▏        | 2355896/19696971 [00:00<00:01, 11760802.42iteration/s]
 18%|█▊        | 3534568/19696971 [00:00<00:01, 11757655.55iteration/s]
 24%|██▍       | 4711792/19696971 [00:00<00:01, 11754393.78iteration/s]
 30%|██▉       | 5887568/19696971 [00:00<00:01, 11709611.36iteration/s]
 36%|███▌      | 7066240/19696971 [00:00<00:01, 11730293.20iteration/s]
 42%|████▏     | 8243464/19696971 [00:00<00:00, 11738498.90iteration/s]
 48%|████▊     | 9423584/19696971 [00:00<00:00, 11752350.66iteration/s]
 54%|█████▍    | 10602256/19696971 [00:00<00:00, 11745157.00iteration/s]
 60%|█████▉    | 11788168/19696971 [00:01<00:00, 11757666.29iteration/s]
 66%|██████▌   | 12965392/19696971 [00:01<00:00, 11753300.79iteration/s]
 72%|███████▏  | 14144064/19696971 [00:01<00:00, 11752018.15iteration/s]
 78%|███████▊  | 15329976/19696971 [00:01<00:00, 11756012.34iteration/s]
 84%|████████▍ | 16518784/19696971 [00:01<00:00, 11762678.40iteration/s]
 90%|████████▉ | 17706144/19696971 [00:01<00:00, 11762675.15iteration/s]
 96%|█████████▌| 18894952/19696971 [00:01<00:00, 11756332.75iteration/s]2026-05-25 15:43:20.353 | INFO     | utils.ConnectHandler_server:receive:80 - receive completed

100%|██████████| 19696971/19696971 [00:01<00:00, 11694564.90iteration/s]
2026-05-25 15:43:20.368 | INFO     | __main__:<module>:291 - 2026-05-25 15:43:20 RECV round=9 token=0 cid=3 train_duration=85.18534088134766 battery=147698.98J
2026-05-25 15:43:20.369 | INFO     | utils.ConnectHandler_server:send:28 - sending data (59 bytes) to client#3...
2026-05-25 15:43:20.369 | INFO     | utils.ConnectHandler_server:send:34 - sending data (59 bytes) to client#3 completely
2026-05-25 15:43:54.664 | INFO     | utils.ConnectHandler_server:receive:71 - 19696975bytes data to be received from client#2

  0%|          | 0/19696975 [00:00<?, ?iteration/s]
  6%|▌         | 1175776/19696975 [00:00<00:01, 11748611.65iteration/s]
 12%|█▏        | 2351552/19696975 [00:00<00:01, 11750801.79iteration/s]
 18%|█▊        | 3528776/19696975 [00:00<00:01, 11758417.42iteration/s]
 24%|██▍       | 4710344/19696975 [00:00<00:01, 11743990.84iteration/s]
 30%|██▉       | 5886120/19696975 [00:00<00:01, 11745946.42iteration/s]
 36%|███▌      | 7064792/19696975 [00:00<00:01, 11749312.03iteration/s]
 42%|████▏     | 8244912/19696975 [00:00<00:00, 11751245.13iteration/s]
 48%|████▊     | 9430824/19696975 [00:00<00:00, 11764810.95iteration/s]
 54%|█████▍    | 10613840/19696975 [00:00<00:00, 11760876.23iteration/s]
 60%|█████▉    | 11798304/19696975 [00:01<00:00, 11754591.73iteration/s]
 66%|██████▌   | 12975528/19696975 [00:01<00:00, 11758692.43iteration/s]
 72%|███████▏  | 14154200/19696975 [00:01<00:00, 11759993.82iteration/s]
 78%|███████▊  | 15343008/19696975 [00:01<00:00, 11765280.15iteration/s]
 84%|████████▍ | 16527472/19696975 [00:01<00:00, 11752384.93iteration/s]
 90%|████████▉ | 17710488/19696975 [00:01<00:00, 11758807.02iteration/s]
 96%|█████████▌| 18889160/19696975 [00:01<00:00, 11759143.21iteration/s]2026-05-25 15:43:56.342 | INFO     | utils.ConnectHandler_server:receive:80 - receive completed

100%|██████████| 19696975/19696975 [00:01<00:00, 11698457.15iteration/s]
2026-05-25 15:43:56.358 | INFO     | __main__:<module>:291 - 2026-05-25 15:43:56 RECV round=9 token=1 cid=2 train_duration=119.43695831298828 battery=147118.82J
2026-05-25 15:43:56.358 | INFO     | utils.ConnectHandler_server:send:28 - sending data (59 bytes) to client#2...
2026-05-25 15:43:56.358 | INFO     | utils.ConnectHandler_server:send:34 - sending data (59 bytes) to client#2 completely
2026-05-25 15:43:59.219 | INFO     | __main__:<module>:428 - 2026-05-25 15:43:59 ROUND=9 end avg_acc=18.9500 best_acc=28.3300 duration=127.99s comm_mb=75.138 locations_after=[4, 1] checkpoint=logs_real/autorl_real_server/checkpoints/autorl_dfl_mm_seed1/checkpoint.pt
2026-05-25 15:43:59.219 | INFO     | __main__:<module>:234 - 2026-05-25 15:43:59 ROUND=10 start token_locations=[4, 1] active_clients=[0, 1, 2, 3, 4, 5, 6, 7, 8, 9]
2026-05-25 15:43:59.238 | INFO     | utils.ConnectHandler_server:send:28 - sending data (19699835 bytes) to client#4...
2026-05-25 15:44:00.886 | INFO     | utils.ConnectHandler_server:send:34 - sending data (19699835 bytes) to client#4 completely
2026-05-25 15:44:00.886 | INFO     | __main__:<module>:271 - 2026-05-25 15:44:00 SEND round=10 token=0 cid=4 payload_mb=18.787 duration=1.658s
2026-05-25 15:44:00.905 | INFO     | utils.ConnectHandler_server:send:28 - sending data (19699829 bytes) to client#1...
2026-05-25 15:44:02.557 | INFO     | utils.ConnectHandler_server:send:34 - sending data (19699829 bytes) to client#1 completely
2026-05-25 15:44:02.557 | INFO     | __main__:<module>:271 - 2026-05-25 15:44:02 SEND round=10 token=1 cid=1 payload_mb=18.787 duration=1.662s
2026-05-25 15:45:29.057 | INFO     | utils.ConnectHandler_server:receive:71 - 19697059bytes data to be received from client#4

  0%|          | 0/19697059 [00:00<?, ?iteration/s]
  6%|▌         | 1154056/19697059 [00:00<00:01, 11540268.35iteration/s]
 12%|█▏        | 2331280/19697059 [00:00<00:01, 11674140.56iteration/s]
 18%|█▊        | 3507056/19697059 [00:00<00:01, 11710449.41iteration/s]
 24%|██▍       | 4682832/19697059 [00:00<00:01, 11725751.59iteration/s]
 30%|██▉       | 5862952/19697059 [00:00<00:01, 11737902.45iteration/s]
 36%|███▌      | 7038728/19697059 [00:00<00:01, 11739403.31iteration/s]
 42%|████▏     | 8221744/19697059 [00:00<00:00, 11749870.99iteration/s]
 48%|████▊     | 9400416/19697059 [00:00<00:00, 11758252.66iteration/s]
 54%|█████▎    | 10584880/19697059 [00:00<00:00, 11754123.66iteration/s]
 60%|█████▉    | 11767896/19697059 [00:01<00:00, 11756609.55iteration/s]
 66%|██████▌   | 12952360/19697059 [00:01<00:00, 11755850.15iteration/s]
 72%|███████▏  | 14138272/19697059 [00:01<00:00, 11755917.13iteration/s]
 78%|███████▊  | 15324184/19697059 [00:01<00:00, 11759184.62iteration/s]
 84%|████████▍ | 16508648/19697059 [00:01<00:00, 11756052.64iteration/s]
 90%|████████▉ | 17697456/19697059 [00:01<00:00, 11756545.68iteration/s]
 96%|█████████▌| 18880472/19697059 [00:01<00:00, 11766170.13iteration/s]2026-05-25 15:45:30.736 | INFO     | utils.ConnectHandler_server:receive:80 - receive completed

100%|██████████| 19697059/19697059 [00:01<00:00, 11689335.40iteration/s]
2026-05-25 15:45:30.752 | INFO     | __main__:<module>:291 - 2026-05-25 15:45:30 RECV round=10 token=0 cid=4 train_duration=87.42322754859924 battery=147654.49J
2026-05-25 15:45:30.752 | INFO     | utils.ConnectHandler_server:send:28 - sending data (59 bytes) to client#4...
2026-05-25 15:45:30.752 | INFO     | utils.ConnectHandler_server:send:34 - sending data (59 bytes) to client#4 completely
2026-05-25 15:45:52.802 | INFO     | utils.ConnectHandler_server:receive:71 - 19696953bytes data to be received from client#1

  0%|          | 0/19696953 [00:00<?, ?iteration/s]
  6%|▌         | 1172880/19696953 [00:00<00:01, 11698882.71iteration/s]
 12%|█▏        | 2350104/19696953 [00:00<00:01, 11733956.51iteration/s]
 18%|█▊        | 3525880/19696953 [00:00<00:01, 11744462.87iteration/s]
 24%|██▍       | 4701656/19696953 [00:00<00:01, 11745846.51iteration/s]
 30%|██▉       | 5878880/19696953 [00:00<00:01, 11750496.08iteration/s]
 36%|███▌      | 7060448/19696953 [00:00<00:01, 11754070.70iteration/s]
 42%|████▏     | 8244912/19696953 [00:00<00:00, 11763680.34iteration/s]
 48%|████▊     | 9422136/19696953 [00:00<00:00, 11755105.30iteration/s]
 54%|█████▍    | 10605152/19696953 [00:00<00:00, 11759315.86iteration/s]
 60%|█████▉    | 11792512/19696953 [00:01<00:00, 11761577.16iteration/s]
 66%|██████▌   | 12978424/19696953 [00:01<00:00, 11760126.50iteration/s]
 72%|███████▏  | 14162888/19696953 [00:01<00:00, 11757946.04iteration/s]
 78%|███████▊  | 15340112/19696953 [00:01<00:00, 11757923.19iteration/s]
 84%|████████▍ | 16518784/19696953 [00:01<00:00, 11759868.03iteration/s]
 90%|████████▉ | 17698904/19696953 [00:01<00:00, 11758105.20iteration/s]
 96%|█████████▌| 18890608/19696953 [00:01<00:00, 11763394.09iteration/s]2026-05-25 15:45:54.479 | INFO     | utils.ConnectHandler_server:receive:80 - receive completed

100%|██████████| 19696953/19696953 [00:01<00:00, 11700483.62iteration/s]
2026-05-25 15:45:54.496 | INFO     | __main__:<module>:291 - 2026-05-25 15:45:54 RECV round=10 token=1 cid=1 train_duration=109.29947280883789 battery=147057.71J
2026-05-25 15:45:54.496 | INFO     | utils.ConnectHandler_server:send:28 - sending data (59 bytes) to client#1...
2026-05-25 15:45:54.496 | INFO     | utils.ConnectHandler_server:send:34 - sending data (59 bytes) to client#1 completely
2026-05-25 15:45:57.295 | INFO     | __main__:<module>:428 - 2026-05-25 15:45:57 ROUND=10 end avg_acc=32.1300 best_acc=32.1300 duration=118.03s comm_mb=75.138 locations_after=[5, 0] checkpoint=logs_real/autorl_real_server/checkpoints/autorl_dfl_mm_seed1/checkpoint.pt
2026-05-25 15:45:57.295 | INFO     | __main__:<module>:234 - 2026-05-25 15:45:57 ROUND=11 start token_locations=[5, 0] active_clients=[0, 1, 2, 3, 4, 5, 6, 7, 8, 9]
2026-05-25 15:45:57.314 | INFO     | utils.ConnectHandler_server:send:28 - sending data (19699830 bytes) to client#5...
2026-05-25 15:45:58.944 | INFO     | utils.ConnectHandler_server:send:34 - sending data (19699830 bytes) to client#5 completely
2026-05-25 15:45:58.944 | INFO     | __main__:<module>:271 - 2026-05-25 15:45:58 SEND round=11 token=0 cid=5 payload_mb=18.787 duration=1.639s
2026-05-25 15:45:58.962 | INFO     | utils.ConnectHandler_server:send:28 - sending data (19699833 bytes) to client#0...
2026-05-25 15:46:00.624 | INFO     | utils.ConnectHandler_server:send:34 - sending data (19699833 bytes) to client#0 completely
2026-05-25 15:46:00.624 | INFO     | __main__:<module>:271 - 2026-05-25 15:46:00 SEND round=11 token=1 cid=0 payload_mb=18.787 duration=1.671s
2026-05-25 15:47:50.094 | INFO     | utils.ConnectHandler_server:receive:71 - 19697059bytes data to be received from client#0

  0%|          | 0/19697059 [00:00<?, ?iteration/s]
  6%|▌         | 1171432/19697059 [00:00<00:01, 11698990.25iteration/s]
 12%|█▏        | 2347208/19697059 [00:00<00:01, 11729487.62iteration/s]
 18%|█▊        | 3524432/19697059 [00:00<00:01, 11744391.54iteration/s]
 24%|██▍       | 4703104/19697059 [00:00<00:01, 11747471.48iteration/s]
 30%|██▉       | 5881776/19697059 [00:00<00:01, 11745917.07iteration/s]
 36%|███▌      | 7064792/19697059 [00:00<00:01, 11756401.63iteration/s]
 42%|████▏     | 8240568/19697059 [00:00<00:00, 11756391.23iteration/s]
 48%|████▊     | 9419240/19697059 [00:00<00:00, 11757392.29iteration/s]
 54%|█████▍    | 10596464/19697059 [00:00<00:00, 11755547.72iteration/s]
 60%|█████▉    | 11780928/19697059 [00:01<00:00, 11756445.62iteration/s]
 66%|██████▌   | 12958152/19697059 [00:01<00:00, 11759302.10iteration/s]
 72%|███████▏  | 14141168/19697059 [00:01<00:00, 11765897.60iteration/s]
 78%|███████▊  | 15328528/19697059 [00:01<00:00, 11753014.65iteration/s]
 84%|████████▍ | 16514440/19697059 [00:01<00:00, 11764380.95iteration/s]
 90%|████████▉ | 17696008/19697059 [00:01<00:00, 11755519.67iteration/s]
 96%|█████████▌| 18879024/19697059 [00:01<00:00, 11764425.72iteration/s]2026-05-25 15:47:51.772 | INFO     | utils.ConnectHandler_server:receive:80 - receive completed

100%|██████████| 19697059/19697059 [00:01<00:00, 11696772.91iteration/s]
2026-05-25 15:47:51.788 | INFO     | __main__:<module>:291 - 2026-05-25 15:47:51 RECV round=11 token=1 cid=0 train_duration=108.54659962654114 battery=147094.92J
2026-05-25 15:47:51.788 | INFO     | utils.ConnectHandler_server:send:28 - sending data (59 bytes) to client#0...
2026-05-25 15:47:51.788 | INFO     | utils.ConnectHandler_server:send:34 - sending data (59 bytes) to client#0 completely
2026-05-25 15:48:49.096 | INFO     | utils.ConnectHandler_server:receive:71 - 19696947bytes data to be received from client#5

  0%|          | 0/19696947 [00:00<?, ?iteration/s]
  6%|▌         | 1175776/19696947 [00:00<00:01, 11755529.02iteration/s]
 12%|█▏        | 2353000/19696947 [00:00<00:01, 11758241.50iteration/s]
 18%|█▊        | 3530224/19696947 [00:00<00:01, 11755898.27iteration/s]
 24%|██▍       | 4707448/19696947 [00:00<00:01, 11752312.47iteration/s]
 30%|██▉       | 5886120/19696947 [00:00<00:01, 11754938.59iteration/s]
 36%|███▌      | 7066240/19696947 [00:00<00:01, 11760473.58iteration/s]
 42%|████▏     | 8243464/19696947 [00:00<00:00, 11759632.14iteration/s]
 48%|████▊     | 9420688/19696947 [00:00<00:00, 11760987.64iteration/s]
 54%|█████▍    | 10600808/19696947 [00:00<00:00, 11761271.84iteration/s]
 60%|█████▉    | 11786720/19696947 [00:01<00:00, 11760925.74iteration/s]
 66%|██████▌   | 12963944/19696947 [00:01<00:00, 11753477.81iteration/s]
 72%|███████▏  | 14142616/19696947 [00:01<00:00, 11760802.68iteration/s]
 78%|███████▊  | 15325632/19696947 [00:01<00:00, 11757916.97iteration/s]
 84%|████████▍ | 16508648/19696947 [00:01<00:00, 11761301.58iteration/s]
 90%|████████▉ | 17696008/19696947 [00:01<00:00, 11760227.60iteration/s]
 96%|█████████▌| 18881920/19696947 [00:01<00:00, 11759904.13iteration/s]2026-05-25 15:48:50.772 | INFO     | utils.ConnectHandler_server:receive:80 - receive completed

100%|██████████| 19696947/19696947 [00:01<00:00, 11702389.35iteration/s]
2026-05-25 15:48:50.789 | INFO     | __main__:<module>:291 - 2026-05-25 15:48:50 RECV round=11 token=0 cid=5 train_duration=169.4730236530304 battery=147145.48J
2026-05-25 15:48:50.789 | INFO     | utils.ConnectHandler_server:send:28 - sending data (59 bytes) to client#5...
2026-05-25 15:48:50.789 | INFO     | utils.ConnectHandler_server:send:34 - sending data (59 bytes) to client#5 completely
2026-05-25 15:48:53.671 | INFO     | __main__:<module>:428 - 2026-05-25 15:48:53 ROUND=11 end avg_acc=22.1750 best_acc=32.1300 duration=176.32s comm_mb=75.138 locations_after=[6, 9] checkpoint=logs_real/autorl_real_server/checkpoints/autorl_dfl_mm_seed1/checkpoint.pt
2026-05-25 15:48:53.671 | INFO     | __main__:<module>:234 - 2026-05-25 15:48:53 ROUND=12 start token_locations=[6, 9] active_clients=[0, 1, 2, 3, 4, 5, 6, 7, 8, 9]
2026-05-25 15:48:53.690 | INFO     | utils.ConnectHandler_server:send:28 - sending data (19699830 bytes) to client#6...
2026-05-25 15:48:55.321 | INFO     | utils.ConnectHandler_server:send:34 - sending data (19699830 bytes) to client#6 completely
2026-05-25 15:48:55.321 | INFO     | __main__:<module>:271 - 2026-05-25 15:48:55 SEND round=12 token=0 cid=6 payload_mb=18.787 duration=1.640s
2026-05-25 15:48:55.340 | INFO     | utils.ConnectHandler_server:send:28 - sending data (19723713 bytes) to client#9...
2026-05-25 15:48:57.037 | INFO     | utils.ConnectHandler_server:send:34 - sending data (19723713 bytes) to client#9 completely
2026-05-25 15:48:57.037 | INFO     | __main__:<module>:271 - 2026-05-25 15:48:57 SEND round=12 token=1 cid=9 payload_mb=18.810 duration=1.706s
2026-05-25 15:50:43.968 | INFO     | utils.ConnectHandler_server:receive:71 - 19696949bytes data to be received from client#6

  0%|          | 0/19696949 [00:00<?, ?iteration/s]
  6%|▌         | 1177224/19696949 [00:00<00:01, 11759298.42iteration/s]
 12%|█▏        | 2355896/19696949 [00:00<00:01, 11761776.01iteration/s]
 18%|█▊        | 3533120/19696949 [00:00<00:01, 11748600.33iteration/s]
 24%|██▍       | 4710344/19696949 [00:00<00:01, 11750413.94iteration/s]
 30%|██▉       | 5889016/19696949 [00:00<00:01, 11753552.41iteration/s]
 36%|███▌      | 7064792/19696949 [00:00<00:01, 11751779.00iteration/s]
 42%|████▏     | 8247808/19696949 [00:00<00:00, 11760795.58iteration/s]
 48%|████▊     | 9426480/19696949 [00:00<00:00, 11752964.21iteration/s]
 54%|█████▍    | 10609496/19696949 [00:00<00:00, 11764099.53iteration/s]
 60%|█████▉    | 11793960/19696949 [00:01<00:00, 11756586.01iteration/s]
 66%|██████▌   | 12971184/19696949 [00:01<00:00, 11760029.77iteration/s]
 72%|███████▏  | 14151304/19696949 [00:01<00:00, 11758804.03iteration/s]
 78%|███████▊  | 15340112/19696949 [00:01<00:00, 11755618.50iteration/s]
 84%|████████▍ | 16528920/19696949 [00:01<00:00, 11760505.82iteration/s]
 90%|████████▉ | 17714832/19696949 [00:01<00:00, 11764721.54iteration/s]
 96%|█████████▌| 18893504/19696949 [00:01<00:00, 11759792.72iteration/s]2026-05-25 15:50:45.644 | INFO     | utils.ConnectHandler_server:receive:80 - receive completed

100%|██████████| 19696949/19696949 [00:01<00:00, 11703985.40iteration/s]
2026-05-25 15:50:45.660 | INFO     | __main__:<module>:291 - 2026-05-25 15:50:45 RECV round=12 token=0 cid=6 train_duration=107.6676697731018 battery=147929.92J
2026-05-25 15:50:45.660 | INFO     | utils.ConnectHandler_server:send:28 - sending data (59 bytes) to client#6...
2026-05-25 15:50:45.660 | INFO     | utils.ConnectHandler_server:send:34 - sending data (59 bytes) to client#6 completely
2026-05-25 15:50:50.486 | INFO     | utils.ConnectHandler_server:receive:71 - 19694064bytes data to be received from client#9

  0%|          | 0/19694064 [00:00<?, ?iteration/s]
  6%|▌         | 1182104/19694064 [00:00<00:01, 11795038.80iteration/s]
 12%|█▏        | 2364208/19694064 [00:00<00:01, 11764188.00iteration/s]
 18%|█▊        | 3543484/19694064 [00:00<00:01, 11756028.53iteration/s]
 24%|██▍       | 4721346/19694064 [00:00<00:01, 11742496.02iteration/s]
 30%|██▉       | 5900622/19694064 [00:00<00:01, 11747159.14iteration/s]
 36%|███▌      | 7079898/19694064 [00:00<00:01, 11743390.95iteration/s]
 42%|████▏     | 8256346/19694064 [00:00<00:00, 11740287.07iteration/s]
 48%|████▊     | 9435622/19694064 [00:00<00:00, 11742648.75iteration/s]
 54%|█████▍    | 10612070/19694064 [00:00<00:00, 11744037.66iteration/s]
 60%|█████▉    | 11788518/19694064 [00:01<00:00, 11746464.91iteration/s]
 66%|██████▌   | 12970622/19694064 [00:01<00:00, 11744460.46iteration/s]
 72%|███████▏  | 14155554/19694064 [00:01<00:00, 11742370.22iteration/s]
 78%|███████▊  | 15337658/19694064 [00:01<00:00, 11742862.94iteration/s]
 84%|████████▍ | 16514106/19694064 [00:01<00:00, 11741217.70iteration/s]
 90%|████████▉ | 17696210/19694064 [00:01<00:00, 11740167.72iteration/s]
 96%|█████████▌| 18879728/19694064 [00:01<00:00, 11740777.44iteration/s]2026-05-25 15:50:52.164 | INFO     | utils.ConnectHandler_server:receive:80 - receive completed

100%|██████████| 19694064/19694064 [00:01<00:00, 11687531.54iteration/s]
2026-05-25 15:50:52.181 | INFO     | __main__:<module>:291 - 2026-05-25 15:50:52 RECV round=12 token=1 cid=9 train_duration=113.0630578994751 battery=144235.93J
2026-05-25 15:50:52.181 | INFO     | utils.ConnectHandler_server:send:28 - sending data (59 bytes) to client#9...
2026-05-25 15:50:52.181 | INFO     | utils.ConnectHandler_server:send:34 - sending data (59 bytes) to client#9 completely
2026-05-25 15:50:55.063 | INFO     | __main__:<module>:428 - 2026-05-25 15:50:54 ROUND=12 end avg_acc=29.0950 best_acc=32.1300 duration=121.33s comm_mb=75.161 locations_after=[7, 4] checkpoint=logs_real/autorl_real_server/checkpoints/autorl_dfl_mm_seed1/checkpoint.pt
2026-05-25 15:50:55.063 | INFO     | __main__:<module>:234 - 2026-05-25 15:50:55 ROUND=13 start token_locations=[7, 4] active_clients=[0, 1, 2, 3, 4, 5, 6, 7, 8, 9]
2026-05-25 15:50:55.083 | INFO     | utils.ConnectHandler_server:send:28 - sending data (19729801 bytes) to client#7...
2026-05-25 15:50:56.717 | INFO     | utils.ConnectHandler_server:send:34 - sending data (19729801 bytes) to client#7 completely
2026-05-25 15:50:56.717 | INFO     | __main__:<module>:271 - 2026-05-25 15:50:56 SEND round=13 token=0 cid=7 payload_mb=18.816 duration=1.644s
2026-05-25 15:50:56.736 | INFO     | utils.ConnectHandler_server:send:28 - sending data (19699835 bytes) to client#4...
2026-05-25 15:50:58.404 | INFO     | utils.ConnectHandler_server:send:34 - sending data (19699835 bytes) to client#4 completely
2026-05-25 15:50:58.405 | INFO     | __main__:<module>:271 - 2026-05-25 15:50:58 SEND round=13 token=1 cid=4 payload_mb=18.787 duration=1.678s
2026-05-25 15:52:26.382 | INFO     | utils.ConnectHandler_server:receive:71 - 19697059bytes data to be received from client#4

  0%|          | 0/19697059 [00:00<?, ?iteration/s]
  6%|▌         | 1177224/19697059 [00:00<00:01, 11755798.77iteration/s]
 12%|█▏        | 2354448/19697059 [00:00<00:01, 11760641.19iteration/s]
 18%|█▊        | 3531672/19697059 [00:00<00:01, 11762893.56iteration/s]
 24%|██▍       | 4710344/19697059 [00:00<00:01, 11749275.04iteration/s]
 30%|██▉       | 5887568/19697059 [00:00<00:01, 11755014.74iteration/s]
 36%|███▌      | 7067688/19697059 [00:00<00:01, 11758621.45iteration/s]
 42%|████▏     | 8246360/19697059 [00:00<00:00, 11758618.49iteration/s]
 48%|████▊     | 9425032/19697059 [00:00<00:00, 11758723.40iteration/s]
 54%|█████▍    | 10608048/19697059 [00:00<00:00, 11757217.22iteration/s]
 60%|█████▉    | 11791064/19697059 [00:01<00:00, 11759264.56iteration/s]
 66%|██████▌   | 12972632/19697059 [00:01<00:00, 11759175.97iteration/s]
 72%|███████▏  | 14155648/19697059 [00:01<00:00, 11758312.74iteration/s]
 78%|███████▊  | 15344456/19697059 [00:01<00:00, 11761496.33iteration/s]
 84%|████████▍ | 16534712/19697059 [00:01<00:00, 11763108.86iteration/s]
 90%|████████▉ | 17717728/19697059 [00:01<00:00, 11761835.10iteration/s]
 96%|█████████▌| 18896400/19697059 [00:01<00:00, 11750465.28iteration/s]2026-05-25 15:52:28.058 | INFO     | utils.ConnectHandler_server:receive:80 - receive completed

100%|██████████| 19697059/19697059 [00:01<00:00, 11707922.05iteration/s]
2026-05-25 15:52:28.073 | INFO     | __main__:<module>:291 - 2026-05-25 15:52:28 RECV round=13 token=1 cid=4 train_duration=87.26686453819275 battery=146910.06J
2026-05-25 15:52:28.073 | INFO     | utils.ConnectHandler_server:send:28 - sending data (59 bytes) to client#4...
2026-05-25 15:52:28.073 | INFO     | utils.ConnectHandler_server:send:34 - sending data (59 bytes) to client#4 completely
2026-05-25 15:53:32.541 | INFO     | utils.ConnectHandler_server:receive:71 - 19697437bytes data to be received from client#7

  0%|          | 0/19697437 [00:00<?, ?iteration/s]
  6%|▌         | 1172880/19697437 [00:00<00:01, 11702528.42iteration/s]
 12%|█▏        | 2344312/19697437 [00:00<00:01, 11701594.77iteration/s]
 18%|█▊        | 3515744/19697437 [00:00<00:01, 11702606.51iteration/s]
 24%|██▍       | 4687176/19697437 [00:00<00:01, 11700001.99iteration/s]
 30%|██▉       | 5861504/19697437 [00:00<00:01, 11706106.18iteration/s]
 36%|███▌      | 7035832/19697437 [00:00<00:01, 11712741.04iteration/s]
 42%|████▏     | 8213056/19697437 [00:00<00:00, 11724516.04iteration/s]
 48%|████▊     | 9393176/19697437 [00:00<00:00, 11739451.45iteration/s]
 54%|█████▎    | 10571848/19697437 [00:00<00:00, 11735309.63iteration/s]
 60%|█████▉    | 11756312/19697437 [00:01<00:00, 11742258.42iteration/s]
 66%|██████▌   | 12930640/19697437 [00:01<00:00, 11742325.82iteration/s]
 72%|███████▏  | 14110760/19697437 [00:01<00:00, 11741208.84iteration/s]
 78%|███████▊  | 15295224/19697437 [00:01<00:00, 11738377.37iteration/s]
 84%|████████▎ | 16482584/19697437 [00:01<00:00, 11743608.74iteration/s]
 90%|████████▉ | 17658360/19697437 [00:01<00:00, 11734370.13iteration/s]
 96%|█████████▌| 18844272/19697437 [00:01<00:00, 11735376.93iteration/s]2026-05-25 15:53:34.222 | INFO     | utils.ConnectHandler_server:receive:80 - receive completed

100%|██████████| 19697437/19697437 [00:01<00:00, 11675839.66iteration/s]
2026-05-25 15:53:34.237 | INFO     | __main__:<module>:291 - 2026-05-25 15:53:34 RECV round=13 token=0 cid=7 train_duration=155.36174750328064 battery=143879.30J
2026-05-25 15:53:34.237 | INFO     | utils.ConnectHandler_server:send:28 - sending data (59 bytes) to client#7...
2026-05-25 15:53:34.237 | INFO     | utils.ConnectHandler_server:send:34 - sending data (59 bytes) to client#7 completely
2026-05-25 15:53:37.077 | INFO     | __main__:<module>:428 - 2026-05-25 15:53:37 ROUND=13 end avg_acc=33.4300 best_acc=33.4300 duration=161.95s comm_mb=75.167 locations_after=[1, 3] checkpoint=logs_real/autorl_real_server/checkpoints/autorl_dfl_mm_seed1/checkpoint.pt
2026-05-25 15:53:37.077 | INFO     | __main__:<module>:234 - 2026-05-25 15:53:37 ROUND=14 start token_locations=[1, 3] active_clients=[0, 1, 2, 3, 4, 5, 6, 7, 8, 9]
2026-05-25 15:53:37.094 | INFO     | utils.ConnectHandler_server:send:28 - sending data (19699829 bytes) to client#1...
2026-05-25 15:53:38.698 | INFO     | utils.ConnectHandler_server:send:34 - sending data (19699829 bytes) to client#1 completely
2026-05-25 15:53:38.698 | INFO     | __main__:<module>:271 - 2026-05-25 15:53:38 SEND round=14 token=0 cid=1 payload_mb=18.787 duration=1.612s
2026-05-25 15:53:38.714 | INFO     | utils.ConnectHandler_server:send:28 - sending data (19699835 bytes) to client#3...
2026-05-25 15:53:40.408 | INFO     | utils.ConnectHandler_server:send:34 - sending data (19699835 bytes) to client#3 completely
2026-05-25 15:53:40.408 | INFO     | __main__:<module>:271 - 2026-05-25 15:53:40 SEND round=14 token=1 cid=3 payload_mb=18.787 duration=1.702s
2026-05-25 15:55:05.843 | INFO     | utils.ConnectHandler_server:receive:71 - 19696955bytes data to be received from client#3

  0%|          | 0/19696955 [00:00<?, ?iteration/s]
  6%|▌         | 1175776/19696955 [00:00<00:01, 11743212.24iteration/s]
 12%|█▏        | 2354448/19696955 [00:00<00:01, 11760308.82iteration/s]
 18%|█▊        | 3533120/19696955 [00:00<00:01, 11751398.65iteration/s]
 24%|██▍       | 4711792/19696955 [00:00<00:01, 11756995.27iteration/s]
 30%|██▉       | 5890464/19696955 [00:00<00:01, 11755349.95iteration/s]
 36%|███▌      | 7066240/19696955 [00:00<00:01, 11750931.73iteration/s]
 42%|████▏     | 8244912/19696955 [00:00<00:00, 11754220.33iteration/s]
 48%|████▊     | 9425032/19696955 [00:00<00:00, 11749220.24iteration/s]
 54%|█████▍    | 10608048/19696955 [00:00<00:00, 11759254.79iteration/s]
 60%|█████▉    | 11792512/19696955 [00:01<00:00, 11751470.92iteration/s]
 66%|██████▌   | 12972632/19696955 [00:01<00:00, 11758568.39iteration/s]
 72%|███████▏  | 14154200/19696955 [00:01<00:00, 11762157.26iteration/s]
 78%|███████▊  | 15337216/19696955 [00:01<00:00, 11765399.47iteration/s]
 84%|████████▍ | 16521680/19696955 [00:01<00:00, 11759352.47iteration/s]
 90%|████████▉ | 17698904/19696955 [00:01<00:00, 11753078.66iteration/s]
 96%|█████████▌| 18890608/19696955 [00:01<00:00, 11758578.35iteration/s]2026-05-25 15:55:07.520 | INFO     | utils.ConnectHandler_server:receive:80 - receive completed

100%|██████████| 19696955/19696955 [00:01<00:00, 11697179.83iteration/s]
2026-05-25 15:55:07.537 | INFO     | __main__:<module>:291 - 2026-05-25 15:55:07 RECV round=14 token=1 cid=3 train_duration=84.77343010902405 battery=146975.82J
2026-05-25 15:55:07.537 | INFO     | utils.ConnectHandler_server:send:28 - sending data (59 bytes) to client#3...
2026-05-25 15:55:07.537 | INFO     | utils.ConnectHandler_server:send:34 - sending data (59 bytes) to client#3 completely
2026-05-25 15:55:29.280 | INFO     | utils.ConnectHandler_server:receive:71 - 19696905bytes data to be received from client#1

  0%|          | 0/19696905 [00:00<?, ?iteration/s]
  6%|▌         | 1171432/19696905 [00:00<00:01, 11690472.50iteration/s]
 12%|█▏        | 2348656/19696905 [00:00<00:01, 11730893.41iteration/s]
 18%|█▊        | 3524432/19696905 [00:00<00:01, 11742747.68iteration/s]
 24%|██▍       | 4703104/19696905 [00:00<00:01, 11749646.21iteration/s]
 30%|██▉       | 5878880/19696905 [00:00<00:01, 11743353.66iteration/s]
 36%|███▌      | 7060448/19696905 [00:00<00:01, 11753797.46iteration/s]
 42%|████▏     | 8243464/19696905 [00:00<00:00, 11763136.95iteration/s]
 48%|████▊     | 9422136/19696905 [00:00<00:00, 11759204.72iteration/s]
 54%|█████▍    | 10603704/19696905 [00:00<00:00, 11754523.32iteration/s]
 60%|█████▉    | 11782376/19696905 [00:01<00:00, 11758095.81iteration/s]
 66%|██████▌   | 12961048/19696905 [00:01<00:00, 11753576.50iteration/s]
 72%|███████▏  | 14146960/19696905 [00:01<00:00, 11759056.13iteration/s]
 78%|███████▊  | 15328528/19696905 [00:01<00:00, 11763868.97iteration/s]
 84%|████████▍ | 16512992/19696905 [00:01<00:00, 11761654.41iteration/s]
 90%|████████▉ | 17696008/19696905 [00:01<00:00, 11758152.74iteration/s]
 96%|█████████▌| 18883368/19696905 [00:01<00:00, 11757897.76iteration/s]2026-05-25 15:55:30.957 | INFO     | utils.ConnectHandler_server:receive:80 - receive completed

100%|██████████| 19696905/19696905 [00:01<00:00, 11703214.82iteration/s]
2026-05-25 15:55:30.972 | INFO     | __main__:<module>:291 - 2026-05-25 15:55:30 RECV round=14 token=0 cid=1 train_duration=109.57302665710449 battery=146123.00J
2026-05-25 15:55:30.972 | INFO     | utils.ConnectHandler_server:send:28 - sending data (59 bytes) to client#1...
2026-05-25 15:55:30.972 | INFO     | utils.ConnectHandler_server:send:34 - sending data (59 bytes) to client#1 completely
2026-05-25 15:55:33.888 | INFO     | __main__:<module>:428 - 2026-05-25 15:55:33 ROUND=14 end avg_acc=36.3450 best_acc=36.3450 duration=116.75s comm_mb=75.138 locations_after=[9, 2] checkpoint=logs_real/autorl_real_server/checkpoints/autorl_dfl_mm_seed1/checkpoint.pt
2026-05-25 15:55:33.888 | INFO     | __main__:<module>:234 - 2026-05-25 15:55:33 ROUND=15 start token_locations=[9, 2] active_clients=[0, 1, 2, 3, 4, 5, 6, 7, 8, 9]
2026-05-25 15:55:33.910 | INFO     | utils.ConnectHandler_server:send:28 - sending data (19723713 bytes) to client#9...
2026-05-25 15:55:35.523 | INFO     | utils.ConnectHandler_server:send:34 - sending data (19723713 bytes) to client#9 completely
2026-05-25 15:55:35.524 | INFO     | __main__:<module>:271 - 2026-05-25 15:55:35 SEND round=15 token=0 cid=9 payload_mb=18.810 duration=1.623s
2026-05-25 15:55:35.543 | INFO     | utils.ConnectHandler_server:send:28 - sending data (19699830 bytes) to client#2...
2026-05-25 15:55:37.211 | INFO     | utils.ConnectHandler_server:send:34 - sending data (19699830 bytes) to client#2 completely
2026-05-25 15:55:37.213 | INFO     | __main__:<module>:271 - 2026-05-25 15:55:37 SEND round=15 token=1 cid=2 payload_mb=18.787 duration=1.680s
2026-05-25 15:57:29.824 | INFO     | utils.ConnectHandler_server:receive:71 - 19694064bytes data to be received from client#9

  0%|          | 0/19694064 [00:00<?, ?iteration/s]
  6%|▌         | 1179276/19694064 [00:00<00:01, 11771189.47iteration/s]
 12%|█▏        | 2358552/19694064 [00:00<00:01, 11754043.93iteration/s]
 18%|█▊        | 3535000/19694064 [00:00<00:01, 11746525.70iteration/s]
 24%|██▍       | 4714276/19694064 [00:00<00:01, 11746705.08iteration/s]
 30%|██▉       | 5890724/19694064 [00:00<00:01, 11741419.98iteration/s]
 36%|███▌      | 7071414/19694064 [00:00<00:01, 11742790.06iteration/s]
 42%|████▏     | 8247862/19694064 [00:00<00:00, 11743356.90iteration/s]
 48%|████▊     | 9424310/19694064 [00:00<00:00, 11745480.43iteration/s]
 54%|█████▍    | 10599344/19694064 [00:00<00:00, 11740737.02iteration/s]
 60%|█████▉    | 11777206/19694064 [00:01<00:00, 11745667.34iteration/s]
 66%|██████▌   | 12960724/19694064 [00:01<00:00, 11747758.17iteration/s]
 72%|███████▏  | 14145656/19694064 [00:01<00:00, 11743474.39iteration/s]
 78%|███████▊  | 15323518/19694064 [00:01<00:00, 11745607.64iteration/s]
 84%|████████▍ | 16508450/19694064 [00:01<00:00, 11741630.79iteration/s]
 90%|████████▉ | 17687726/19694064 [00:01<00:00, 11739489.97iteration/s]
 96%|█████████▌| 18871244/19694064 [00:01<00:00, 11739533.74iteration/s]2026-05-25 15:57:31.503 | INFO     | utils.ConnectHandler_server:receive:80 - receive completed

100%|██████████| 19694064/19694064 [00:01<00:00, 11687462.09iteration/s]
2026-05-25 15:57:31.518 | INFO     | __main__:<module>:291 - 2026-05-25 15:57:31 RECV round=15 token=0 cid=9 train_duration=113.81734991073608 battery=142318.43J
2026-05-25 15:57:31.518 | INFO     | utils.ConnectHandler_server:send:28 - sending data (59 bytes) to client#9...
2026-05-25 15:57:31.519 | INFO     | utils.ConnectHandler_server:send:34 - sending data (59 bytes) to client#9 completely
2026-05-25 15:57:51.861 | INFO     | utils.ConnectHandler_server:receive:71 - 19696973bytes data to be received from client#2

  0%|          | 0/19696973 [00:00<?, ?iteration/s]
  6%|▌         | 1175776/19696973 [00:00<00:01, 11732484.12iteration/s]
 12%|█▏        | 2353000/19696973 [00:00<00:01, 11745997.02iteration/s]
 18%|█▊        | 3531672/19696973 [00:00<00:01, 11754901.27iteration/s]
 24%|██▍       | 4710344/19696973 [00:00<00:01, 11749579.12iteration/s]
 30%|██▉       | 5891912/19696973 [00:00<00:01, 11756971.59iteration/s]
 36%|███▌      | 7067688/19696973 [00:00<00:01, 11752479.56iteration/s]
 42%|████▏     | 8246360/19696973 [00:00<00:00, 11758452.57iteration/s]
 48%|████▊     | 9426480/19696973 [00:00<00:00, 11751301.77iteration/s]
 54%|█████▍    | 10603704/19696973 [00:00<00:00, 11750688.04iteration/s]
 60%|█████▉    | 11779480/19696973 [00:01<00:00, 11749728.61iteration/s]
 66%|██████▌   | 12959600/19696973 [00:01<00:00, 11758615.90iteration/s]
 72%|███████▏  | 14138272/19696973 [00:01<00:00, 11756640.89iteration/s]
 78%|███████▊  | 15319840/19696973 [00:01<00:00, 11763710.27iteration/s]
 84%|████████▍ | 16508648/19696973 [00:01<00:00, 11761550.63iteration/s]
 90%|████████▉ | 17690216/19696973 [00:01<00:00, 11761178.18iteration/s]
 96%|█████████▌| 18868888/19696973 [00:01<00:00, 11757760.59iteration/s]2026-05-25 15:57:53.538 | INFO     | utils.ConnectHandler_server:receive:80 - receive completed

100%|██████████| 19696973/19696973 [00:01<00:00, 11701161.69iteration/s]
2026-05-25 15:57:53.555 | INFO     | __main__:<module>:291 - 2026-05-25 15:57:53 RECV round=15 token=1 cid=2 train_duration=133.92151379585266 battery=145976.40J
2026-05-25 15:57:53.555 | INFO     | utils.ConnectHandler_server:send:28 - sending data (59 bytes) to client#2...
2026-05-25 15:57:53.555 | INFO     | utils.ConnectHandler_server:send:34 - sending data (59 bytes) to client#2 completely
2026-05-25 15:57:56.432 | INFO     | __main__:<module>:428 - 2026-05-25 15:57:56 ROUND=15 end avg_acc=24.8900 best_acc=36.3450 duration=142.49s comm_mb=75.161 locations_after=[0, 5] checkpoint=logs_real/autorl_real_server/checkpoints/autorl_dfl_mm_seed1/checkpoint.pt
2026-05-25 15:57:56.432 | INFO     | __main__:<module>:234 - 2026-05-25 15:57:56 ROUND=16 start token_locations=[0, 5] active_clients=[0, 1, 2, 3, 4, 5, 6, 7, 8, 9]
2026-05-25 15:57:56.451 | INFO     | utils.ConnectHandler_server:send:28 - sending data (19699833 bytes) to client#0...
2026-05-25 15:57:58.063 | INFO     | utils.ConnectHandler_server:send:34 - sending data (19699833 bytes) to client#0 completely
2026-05-25 15:57:58.063 | INFO     | __main__:<module>:271 - 2026-05-25 15:57:58 SEND round=16 token=0 cid=0 payload_mb=18.787 duration=1.622s
2026-05-25 15:57:58.083 | INFO     | utils.ConnectHandler_server:send:28 - sending data (19699830 bytes) to client#5...
2026-05-25 15:57:59.759 | INFO     | utils.ConnectHandler_server:send:34 - sending data (19699830 bytes) to client#5 completely
2026-05-25 15:57:59.759 | INFO     | __main__:<module>:271 - 2026-05-25 15:57:59 SEND round=16 token=1 cid=5 payload_mb=18.787 duration=1.686s
2026-05-25 15:59:47.627 | INFO     | utils.ConnectHandler_server:receive:71 - 19697059bytes data to be received from client#0

  0%|          | 0/19697059 [00:00<?, ?iteration/s]
  6%|▌         | 1167088/19697059 [00:00<00:01, 11667775.50iteration/s]
 12%|█▏        | 2344312/19697059 [00:00<00:01, 11727646.26iteration/s]
 18%|█▊        | 3521536/19697059 [00:00<00:01, 11739270.62iteration/s]
 24%|██▍       | 4698760/19697059 [00:00<00:01, 11746769.74iteration/s]
 30%|██▉       | 5874536/19697059 [00:00<00:01, 11748533.83iteration/s]
 36%|███▌      | 7051760/19697059 [00:00<00:01, 11752432.41iteration/s]
 42%|████▏     | 8233328/19697059 [00:00<00:00, 11758326.52iteration/s]
 48%|████▊     | 9410552/19697059 [00:00<00:00, 11761657.20iteration/s]
 54%|█████▍    | 10592120/19697059 [00:00<00:00, 11757757.06iteration/s]
 60%|█████▉    | 11773688/19697059 [00:01<00:00, 11754986.19iteration/s]
 66%|██████▌   | 12959600/19697059 [00:01<00:00, 11759459.13iteration/s]
 72%|███████▏  | 14139720/19697059 [00:01<00:00, 11759859.86iteration/s]
 78%|███████▊  | 15322736/19697059 [00:01<00:00, 11758513.94iteration/s]
 84%|████████▍ | 16505752/19697059 [00:01<00:00, 11754068.70iteration/s]
 90%|████████▉ | 17682976/19697059 [00:01<00:00, 11755429.75iteration/s]
 96%|█████████▌| 18860200/19697059 [00:01<00:00, 11753691.30iteration/s]2026-05-25 15:59:49.305 | INFO     | utils.ConnectHandler_server:receive:80 - receive completed

100%|██████████| 19697059/19697059 [00:01<00:00, 11693959.98iteration/s]
2026-05-25 15:59:49.321 | INFO     | __main__:<module>:291 - 2026-05-25 15:59:49 RECV round=16 token=0 cid=0 train_duration=108.55821347236633 battery=146168.86J
2026-05-25 15:59:49.322 | INFO     | utils.ConnectHandler_server:send:28 - sending data (59 bytes) to client#0...
2026-05-25 15:59:49.322 | INFO     | utils.ConnectHandler_server:send:34 - sending data (59 bytes) to client#0 completely
2026-05-25 16:00:18.850 | INFO     | utils.ConnectHandler_server:receive:71 - 19697005bytes data to be received from client#5

  0%|          | 0/19697005 [00:00<?, ?iteration/s]
  6%|▌         | 1174328/19697005 [00:00<00:01, 11721130.51iteration/s]
 12%|█▏        | 2354448/19697005 [00:00<00:01, 11754725.48iteration/s]
 18%|█▊        | 3531672/19697005 [00:00<00:01, 11751983.98iteration/s]
 24%|██▍       | 4708896/19697005 [00:00<00:01, 11743613.64iteration/s]
 30%|██▉       | 5887568/19697005 [00:00<00:01, 11755968.08iteration/s]
 36%|███▌      | 7067688/19697005 [00:00<00:01, 11754553.77iteration/s]
 42%|████▏     | 8247808/19697005 [00:00<00:00, 11761068.26iteration/s]
 48%|████▊     | 9425032/19697005 [00:00<00:00, 11760692.45iteration/s]
 54%|█████▍    | 10606600/19697005 [00:00<00:00, 11759577.83iteration/s]
 60%|█████▉    | 11788168/19697005 [00:01<00:00, 11757201.26iteration/s]
 66%|██████▌   | 12968288/19697005 [00:01<00:00, 11761083.14iteration/s]
 72%|███████▏  | 14148408/19697005 [00:01<00:00, 11763030.85iteration/s]
 78%|███████▊  | 15327080/19697005 [00:01<00:00, 11757569.86iteration/s]
 84%|████████▍ | 16515888/19697005 [00:01<00:00, 11759886.60iteration/s]
 90%|████████▉ | 17698904/19697005 [00:01<00:00, 11757145.69iteration/s]
 96%|█████████▌| 18887712/19697005 [00:01<00:00, 11759888.45iteration/s]2026-05-25 16:00:20.527 | INFO     | utils.ConnectHandler_server:receive:80 - receive completed

100%|██████████| 19697005/19697005 [00:01<00:00, 11700401.83iteration/s]
2026-05-25 16:00:20.544 | INFO     | __main__:<module>:291 - 2026-05-25 16:00:20 RECV round=16 token=1 cid=5 train_duration=138.44664907455444 battery=145964.46J
2026-05-25 16:00:20.544 | INFO     | utils.ConnectHandler_server:send:28 - sending data (59 bytes) to client#5...
2026-05-25 16:00:20.544 | INFO     | utils.ConnectHandler_server:send:34 - sending data (59 bytes) to client#5 completely
2026-05-25 16:00:23.413 | INFO     | __main__:<module>:428 - 2026-05-25 16:00:23 ROUND=16 end avg_acc=22.8750 best_acc=36.3450 duration=146.92s comm_mb=75.138 locations_after=[1, 6] checkpoint=logs_real/autorl_real_server/checkpoints/autorl_dfl_mm_seed1/checkpoint.pt
2026-05-25 16:00:23.413 | INFO     | __main__:<module>:234 - 2026-05-25 16:00:23 ROUND=17 start token_locations=[1, 6] active_clients=[0, 1, 2, 3, 4, 5, 6, 7, 8, 9]
2026-05-25 16:00:23.432 | INFO     | utils.ConnectHandler_server:send:28 - sending data (19699829 bytes) to client#1...
2026-05-25 16:00:25.058 | INFO     | utils.ConnectHandler_server:send:34 - sending data (19699829 bytes) to client#1 completely
2026-05-25 16:00:25.058 | INFO     | __main__:<module>:271 - 2026-05-25 16:00:25 SEND round=17 token=0 cid=1 payload_mb=18.787 duration=1.636s
2026-05-25 16:00:25.077 | INFO     | utils.ConnectHandler_server:send:28 - sending data (19699830 bytes) to client#6...
2026-05-25 16:00:26.755 | INFO     | utils.ConnectHandler_server:send:34 - sending data (19699830 bytes) to client#6 completely
2026-05-25 16:00:26.755 | INFO     | __main__:<module>:271 - 2026-05-25 16:00:26 SEND round=17 token=1 cid=6 payload_mb=18.787 duration=1.688s
2026-05-25 16:02:13.626 | INFO     | utils.ConnectHandler_server:receive:71 - 19696965bytes data to be received from client#6

  0%|          | 0/19696965 [00:00<?, ?iteration/s]
  6%|▌         | 1175776/19696965 [00:00<00:01, 11750151.25iteration/s]
 12%|█▏        | 2354448/19696965 [00:00<00:01, 11759939.83iteration/s]
 18%|█▊        | 3533120/19696965 [00:00<00:01, 11759576.14iteration/s]
 24%|██▍       | 4710344/19696965 [00:00<00:01, 11758471.94iteration/s]
 30%|██▉       | 5887568/19696965 [00:00<00:01, 11759698.74iteration/s]
 36%|███▌      | 7066240/19696965 [00:00<00:01, 11751454.89iteration/s]
 42%|████▏     | 8246360/19696965 [00:00<00:00, 11761489.92iteration/s]
 48%|████▊     | 9425032/19696965 [00:00<00:00, 11757207.89iteration/s]
 54%|█████▍    | 10603704/19696965 [00:00<00:00, 11753242.68iteration/s]
 60%|█████▉    | 11782376/19696965 [00:01<00:00, 11759483.64iteration/s]
 66%|██████▌   | 12966840/19696965 [00:01<00:00, 11759258.89iteration/s]
 72%|███████▏  | 14152752/19696965 [00:01<00:00, 11760771.47iteration/s]
 78%|███████▊  | 15331424/19696965 [00:01<00:00, 11761776.55iteration/s]
 84%|████████▍ | 16512992/19696965 [00:01<00:00, 11764253.48iteration/s]
 90%|████████▉ | 17697456/19696965 [00:01<00:00, 11756454.59iteration/s]
 96%|█████████▌| 18876128/19696965 [00:01<00:00, 11763043.48iteration/s]2026-05-25 16:02:15.303 | INFO     | utils.ConnectHandler_server:receive:80 - receive completed

100%|██████████| 19696965/19696965 [00:01<00:00, 11705474.12iteration/s]
2026-05-25 16:02:15.319 | INFO     | __main__:<module>:291 - 2026-05-25 16:02:15 RECV round=17 token=1 cid=6 train_duration=106.25126886367798 battery=147023.54J
2026-05-25 16:02:15.319 | INFO     | utils.ConnectHandler_server:send:28 - sending data (59 bytes) to client#6...
2026-05-25 16:02:15.319 | INFO     | utils.ConnectHandler_server:send:34 - sending data (59 bytes) to client#6 completely
2026-05-25 16:02:15.442 | INFO     | utils.ConnectHandler_server:receive:71 - 19696907bytes data to be received from client#1

  0%|          | 0/19696907 [00:00<?, ?iteration/s]
  6%|▌         | 1169984/19696907 [00:00<00:01, 11696839.31iteration/s]
 12%|█▏        | 2347208/19696907 [00:00<00:01, 11726986.14iteration/s]
 18%|█▊        | 3527328/19696907 [00:00<00:01, 11747512.30iteration/s]
 24%|██▍       | 4703104/19696907 [00:00<00:01, 11751071.74iteration/s]
 30%|██▉       | 5883224/19696907 [00:00<00:01, 11755746.97iteration/s]
 36%|███▌      | 7059000/19696907 [00:00<00:01, 11752124.18iteration/s]
 42%|████▏     | 8239120/19696907 [00:00<00:00, 11748999.01iteration/s]
 48%|████▊     | 9422136/19696907 [00:00<00:00, 11755146.43iteration/s]
 54%|█████▍    | 10603704/19696907 [00:00<00:00, 11761015.81iteration/s]
 60%|█████▉    | 11782376/19696907 [00:01<00:00, 11749067.81iteration/s]
 66%|██████▌   | 12971184/19696907 [00:01<00:00, 11761201.19iteration/s]
 72%|███████▏  | 14151304/19696907 [00:01<00:00, 11758390.58iteration/s]
 78%|███████▊  | 15340112/19696907 [00:01<00:00, 11765366.01iteration/s]
 84%|████████▍ | 16523128/19696907 [00:01<00:00, 11764863.07iteration/s]
 90%|████████▉ | 17700352/19696907 [00:01<00:00, 11758993.82iteration/s]
 96%|█████████▌| 18881920/19696907 [00:01<00:00, 11757745.53iteration/s]2026-05-25 16:02:17.119 | INFO     | utils.ConnectHandler_server:receive:80 - receive completed

100%|██████████| 19696907/19696907 [00:01<00:00, 11698511.19iteration/s]
2026-05-25 16:02:17.136 | INFO     | __main__:<module>:291 - 2026-05-25 16:02:17 RECV round=17 token=0 cid=1 train_duration=109.36420941352844 battery=145190.07J
2026-05-25 16:02:17.136 | INFO     | utils.ConnectHandler_server:send:28 - sending data (59 bytes) to client#1...
2026-05-25 16:02:17.136 | INFO     | utils.ConnectHandler_server:send:34 - sending data (59 bytes) to client#1 completely
2026-05-25 16:02:20.009 | INFO     | __main__:<module>:428 - 2026-05-25 16:02:19 ROUND=17 end avg_acc=31.0300 best_acc=36.3450 duration=116.54s comm_mb=75.138 locations_after=[3, 7] checkpoint=logs_real/autorl_real_server/checkpoints/autorl_dfl_mm_seed1/checkpoint.pt
2026-05-25 16:02:20.009 | INFO     | __main__:<module>:234 - 2026-05-25 16:02:20 ROUND=18 start token_locations=[3, 7] active_clients=[0, 1, 2, 3, 4, 5, 6, 7, 8, 9]
2026-05-25 16:02:20.028 | INFO     | utils.ConnectHandler_server:send:28 - sending data (19699835 bytes) to client#3...
2026-05-25 16:02:21.569 | INFO     | utils.ConnectHandler_server:send:34 - sending data (19699835 bytes) to client#3 completely
2026-05-25 16:02:21.569 | INFO     | __main__:<module>:271 - 2026-05-25 16:02:21 SEND round=18 token=0 cid=3 payload_mb=18.787 duration=1.551s
2026-05-25 16:02:21.588 | INFO     | utils.ConnectHandler_server:send:28 - sending data (19729801 bytes) to client#7...
2026-05-25 16:02:23.351 | INFO     | utils.ConnectHandler_server:send:34 - sending data (19729801 bytes) to client#7 completely
2026-05-25 16:02:23.351 | INFO     | __main__:<module>:271 - 2026-05-25 16:02:23 SEND round=18 token=1 cid=7 payload_mb=18.816 duration=1.773s
2026-05-25 16:03:47.838 | INFO     | utils.ConnectHandler_server:receive:71 - 19696955bytes data to be received from client#3

  0%|          | 0/19696955 [00:00<?, ?iteration/s]
  6%|▌         | 1165640/19696955 [00:00<00:01, 11655633.02iteration/s]
 12%|█▏        | 2344312/19696955 [00:00<00:01, 11725906.50iteration/s]
 18%|█▊        | 3522984/19696955 [00:00<00:01, 11740421.18iteration/s]
 24%|██▍       | 4698760/19696955 [00:00<00:01, 11745574.72iteration/s]
 30%|██▉       | 5877432/19696955 [00:00<00:01, 11749352.36iteration/s]
 36%|███▌      | 7056104/19696955 [00:00<00:01, 11749403.27iteration/s]
 42%|████▏     | 8237672/19696955 [00:00<00:00, 11751816.76iteration/s]
 48%|████▊     | 9419240/19696955 [00:00<00:00, 11759283.09iteration/s]
 54%|█████▍    | 10600808/19696955 [00:00<00:00, 11757065.20iteration/s]
 60%|█████▉    | 11780928/19696955 [00:01<00:00, 11755090.52iteration/s]
 66%|██████▌   | 12965392/19696955 [00:01<00:00, 11763319.44iteration/s]
 72%|███████▏  | 14152752/19696955 [00:01<00:00, 11756610.38iteration/s]
 78%|███████▊  | 15331424/19696955 [00:01<00:00, 11760645.75iteration/s]
 84%|████████▍ | 16520232/19696955 [00:01<00:00, 11760521.25iteration/s]
 90%|████████▉ | 17701800/19696955 [00:01<00:00, 11757116.67iteration/s]
 96%|█████████▌| 18883368/19696955 [00:01<00:00, 11758858.30iteration/s]2026-05-25 16:03:49.516 | INFO     | utils.ConnectHandler_server:receive:80 - receive completed

100%|██████████| 19696955/19696955 [00:01<00:00, 11697655.17iteration/s]
2026-05-25 16:03:49.532 | INFO     | __main__:<module>:291 - 2026-05-25 16:03:49 RECV round=18 token=0 cid=3 train_duration=85.40127515792847 battery=146247.30J
2026-05-25 16:03:49.532 | INFO     | utils.ConnectHandler_server:send:28 - sending data (59 bytes) to client#3...
2026-05-25 16:03:49.532 | INFO     | utils.ConnectHandler_server:send:34 - sending data (59 bytes) to client#3 completely
2026-05-25 16:04:31.826 | INFO     | utils.ConnectHandler_server:receive:71 - 19697437bytes data to be received from client#7

  0%|          | 0/19697437 [00:00<?, ?iteration/s]
  6%|▌         | 1171432/19697437 [00:00<00:01, 11705316.99iteration/s]
 12%|█▏        | 2344312/19697437 [00:00<00:01, 11680207.28iteration/s]
 18%|█▊        | 3514296/19697437 [00:00<00:01, 11659654.65iteration/s]
 24%|██▍       | 4681384/19697437 [00:00<00:01, 11650648.85iteration/s]
 30%|██▉       | 5857160/19697437 [00:00<00:01, 11674764.04iteration/s]
 36%|███▌      | 7031488/19697437 [00:00<00:01, 11692115.90iteration/s]
 42%|████▏     | 8208712/19697437 [00:00<00:00, 11698823.28iteration/s]
 48%|████▊     | 9387384/19697437 [00:00<00:00, 11716121.30iteration/s]
 54%|█████▎    | 10563160/19697437 [00:00<00:00, 11728099.68iteration/s]
 60%|█████▉    | 11743280/19697437 [00:01<00:00, 11727494.83iteration/s]
 66%|██████▌   | 12921952/19697437 [00:01<00:00, 11737274.73iteration/s]
 72%|███████▏  | 14099176/19697437 [00:01<00:00, 11738096.93iteration/s]
 78%|███████▊  | 15273504/19697437 [00:01<00:00, 11738990.25iteration/s]
 84%|████████▎ | 16453624/19697437 [00:01<00:00, 11729451.11iteration/s]
 90%|████████▉ | 17630848/19697437 [00:01<00:00, 11730563.64iteration/s]
 95%|█████████▌| 18809520/19697437 [00:01<00:00, 11739350.85iteration/s]2026-05-25 16:04:33.509 | INFO     | utils.ConnectHandler_server:receive:80 - receive completed

100%|██████████| 19697437/19697437 [00:01<00:00, 11658889.86iteration/s]
2026-05-25 16:04:33.524 | INFO     | __main__:<module>:291 - 2026-05-25 16:04:33 RECV round=18 token=1 cid=7 train_duration=128.04286336898804 battery=141908.63J
2026-05-25 16:04:33.524 | INFO     | utils.ConnectHandler_server:send:28 - sending data (59 bytes) to client#7...
2026-05-25 16:04:33.524 | INFO     | utils.ConnectHandler_server:send:34 - sending data (59 bytes) to client#7 completely
2026-05-25 16:04:36.347 | INFO     | __main__:<module>:428 - 2026-05-25 16:04:36 ROUND=18 end avg_acc=29.2550 best_acc=36.3450 duration=136.28s comm_mb=75.167 locations_after=[1, 8] checkpoint=logs_real/autorl_real_server/checkpoints/autorl_dfl_mm_seed1/checkpoint.pt
2026-05-25 16:04:36.347 | INFO     | __main__:<module>:234 - 2026-05-25 16:04:36 ROUND=19 start token_locations=[1, 8] active_clients=[0, 1, 2, 3, 4, 5, 6, 7, 8, 9]
2026-05-25 16:04:36.364 | INFO     | utils.ConnectHandler_server:send:28 - sending data (19699829 bytes) to client#1...
2026-05-25 16:04:37.960 | INFO     | utils.ConnectHandler_server:send:34 - sending data (19699829 bytes) to client#1 completely
2026-05-25 16:04:37.960 | INFO     | __main__:<module>:271 - 2026-05-25 16:04:37 SEND round=19 token=0 cid=1 payload_mb=18.787 duration=1.605s
2026-05-25 16:04:37.977 | INFO     | utils.ConnectHandler_server:send:28 - sending data (19735898 bytes) to client#8...
2026-05-25 16:04:39.639 | INFO     | utils.ConnectHandler_server:send:34 - sending data (19735898 bytes) to client#8 completely
2026-05-25 16:04:39.639 | INFO     | __main__:<module>:271 - 2026-05-25 16:04:39 SEND round=19 token=1 cid=8 payload_mb=18.822 duration=1.670s
2026-05-25 16:06:28.526 | INFO     | utils.ConnectHandler_server:receive:71 - 19696909bytes data to be received from client#1

  0%|          | 0/19696909 [00:00<?, ?iteration/s]
  6%|▌         | 1172880/19696909 [00:00<00:01, 11719646.26iteration/s]
 12%|█▏        | 2350104/19696909 [00:00<00:01, 11743698.11iteration/s]
 18%|█▊        | 3527328/19696909 [00:00<00:01, 11751320.73iteration/s]
 24%|██▍       | 4703104/19696909 [00:00<00:01, 11727532.03iteration/s]
 30%|██▉       | 5880328/19696909 [00:00<00:01, 11740072.41iteration/s]
 36%|███▌      | 7060448/19696909 [00:00<00:01, 11754712.35iteration/s]
 42%|████▏     | 8236224/19696909 [00:00<00:00, 11747617.87iteration/s]
 48%|████▊     | 9416344/19696909 [00:00<00:00, 11758524.44iteration/s]
 54%|█████▍    | 10595016/19696909 [00:00<00:00, 11763364.36iteration/s]
 60%|█████▉    | 11779480/19696909 [00:01<00:00, 11756148.12iteration/s]
 66%|██████▌   | 12962496/19696909 [00:01<00:00, 11759043.19iteration/s]
 72%|███████▏  | 14145512/19696909 [00:01<00:00, 11757847.00iteration/s]
 78%|███████▊  | 15328528/19696909 [00:01<00:00, 11761573.15iteration/s]
 84%|████████▍ | 16508648/19696909 [00:01<00:00, 11757346.39iteration/s]
 90%|████████▉ | 17693112/19696909 [00:01<00:00, 11752647.28iteration/s]
 96%|█████████▌| 18876128/19696909 [00:01<00:00, 11759194.71iteration/s]2026-05-25 16:06:30.204 | INFO     | utils.ConnectHandler_server:receive:80 - receive completed

100%|██████████| 19696909/19696909 [00:01<00:00, 11696097.63iteration/s]
2026-05-25 16:06:30.220 | INFO     | __main__:<module>:291 - 2026-05-25 16:06:30 RECV round=19 token=0 cid=1 train_duration=109.54930377006531 battery=144255.56J
2026-05-25 16:06:30.220 | INFO     | utils.ConnectHandler_server:send:28 - sending data (59 bytes) to client#1...
2026-05-25 16:06:30.220 | INFO     | utils.ConnectHandler_server:send:34 - sending data (59 bytes) to client#1 completely
2026-05-25 16:08:28.748 | INFO     | utils.ConnectHandler_server:receive:71 - 19697437bytes data to be received from client#8

  0%|          | 0/19697437 [00:00<?, ?iteration/s]
  6%|▌         | 1164192/19697437 [00:00<00:01, 11632529.23iteration/s]
 12%|█▏        | 2332728/19697437 [00:00<00:01, 11656640.43iteration/s]
 18%|█▊        | 3501264/19697437 [00:00<00:01, 11640405.35iteration/s]
 24%|██▎       | 4665456/19697437 [00:00<00:01, 11629272.04iteration/s]
 30%|██▉       | 5838336/19697437 [00:00<00:01, 11653050.72iteration/s]
 36%|███▌      | 7018456/19697437 [00:00<00:01, 11686509.24iteration/s]
 42%|████▏     | 8197128/19697437 [00:00<00:00, 11701864.32iteration/s]
 48%|████▊     | 9374352/19697437 [00:00<00:00, 11720435.35iteration/s]
 54%|█████▎    | 10551576/19697437 [00:00<00:00, 11732543.70iteration/s]
 60%|█████▉    | 11733144/19697437 [00:01<00:00, 11733038.11iteration/s]
 66%|██████▌   | 12908920/19697437 [00:01<00:00, 11740237.77iteration/s]
 72%|███████▏  | 14090488/19697437 [00:01<00:00, 11738233.07iteration/s]
 78%|███████▊  | 15273504/19697437 [00:01<00:00, 11732796.31iteration/s]
 84%|████████▎ | 16462312/19697437 [00:01<00:00, 11744767.42iteration/s]
 90%|████████▉ | 17649672/19697437 [00:01<00:00, 11738803.10iteration/s]
 96%|█████████▌| 18834136/19697437 [00:01<00:00, 11730265.81iteration/s]2026-05-25 16:08:30.432 | INFO     | utils.ConnectHandler_server:receive:80 - receive completed

100%|██████████| 19697437/19697437 [00:01<00:00, 11656726.70iteration/s]
2026-05-25 16:08:30.447 | INFO     | __main__:<module>:291 - 2026-05-25 16:08:30 RECV round=19 token=1 cid=8 train_duration=228.33030939102173 battery=139295.01J
2026-05-25 16:08:30.447 | INFO     | utils.ConnectHandler_server:send:28 - sending data (59 bytes) to client#8...
2026-05-25 16:08:30.447 | INFO     | utils.ConnectHandler_server:send:34 - sending data (59 bytes) to client#8 completely
2026-05-25 16:08:33.266 | INFO     | __main__:<module>:428 - 2026-05-25 16:08:33 ROUND=19 end avg_acc=38.3600 best_acc=38.3600 duration=236.85s comm_mb=75.172 locations_after=[2, 9] checkpoint=logs_real/autorl_real_server/checkpoints/autorl_dfl_mm_seed1/checkpoint.pt
2026-05-25 16:08:33.266 | INFO     | __main__:<module>:234 - 2026-05-25 16:08:33 ROUND=20 start token_locations=[2, 9] active_clients=[0, 1, 2, 3, 4, 5, 6, 7, 8, 9]
2026-05-25 16:08:33.283 | INFO     | utils.ConnectHandler_server:send:28 - sending data (19699830 bytes) to client#2...
2026-05-25 16:08:34.905 | INFO     | utils.ConnectHandler_server:send:34 - sending data (19699830 bytes) to client#2 completely
2026-05-25 16:08:34.905 | INFO     | __main__:<module>:271 - 2026-05-25 16:08:34 SEND round=20 token=0 cid=2 payload_mb=18.787 duration=1.631s
2026-05-25 16:08:34.922 | INFO     | utils.ConnectHandler_server:send:28 - sending data (19723713 bytes) to client#9...
2026-05-25 16:08:36.583 | INFO     | utils.ConnectHandler_server:send:34 - sending data (19723713 bytes) to client#9 completely
2026-05-25 16:08:36.583 | INFO     | __main__:<module>:271 - 2026-05-25 16:08:36 SEND round=20 token=1 cid=9 payload_mb=18.810 duration=1.670s
2026-05-25 16:10:32.046 | INFO     | utils.ConnectHandler_server:receive:71 - 19694064bytes data to be received from client#9

  0%|          | 0/19694064 [00:00<?, ?iteration/s]
  6%|▌         | 1177862/19694064 [00:00<00:01, 11770240.56iteration/s]
 12%|█▏        | 2357138/19694064 [00:00<00:01, 11752955.81iteration/s]
 18%|█▊        | 3533586/19694064 [00:00<00:01, 11748637.11iteration/s]
 24%|██▍       | 4710034/19694064 [00:00<00:01, 11744334.38iteration/s]
 30%|██▉       | 5886482/19694064 [00:00<00:01, 11741502.41iteration/s]
 36%|███▌      | 7062930/19694064 [00:00<00:01, 11737830.24iteration/s]
 42%|████▏     | 8240792/19694064 [00:00<00:00, 11740421.30iteration/s]
 48%|████▊     | 9415826/19694064 [00:00<00:00, 11743434.51iteration/s]
 54%|█████▍    | 10595102/19694064 [00:00<00:00, 11738661.89iteration/s]
 60%|█████▉    | 11770136/19694064 [00:01<00:00, 11735186.21iteration/s]
 66%|██████▌   | 12949412/19694064 [00:01<00:00, 11734154.99iteration/s]
 72%|███████▏  | 14128688/19694064 [00:01<00:00, 11743650.84iteration/s]
 78%|███████▊  | 15307964/19694064 [00:01<00:00, 11742555.08iteration/s]
 84%|████████▎ | 16492896/19694064 [00:01<00:00, 11743378.89iteration/s]
 90%|████████▉ | 17675000/19694064 [00:01<00:00, 11739428.64iteration/s]
 96%|█████████▌| 18864174/19694064 [00:01<00:00, 11742423.34iteration/s]2026-05-25 16:10:33.725 | INFO     | utils.ConnectHandler_server:receive:80 - receive completed

100%|██████████| 19694064/19694064 [00:01<00:00, 11687038.77iteration/s]
2026-05-25 16:10:33.741 | INFO     | __main__:<module>:291 - 2026-05-25 16:10:33 RECV round=20 token=1 cid=9 train_duration=115.0434250831604 battery=140380.27J
2026-05-25 16:10:33.741 | INFO     | utils.ConnectHandler_server:send:28 - sending data (59 bytes) to client#9...
2026-05-25 16:10:33.741 | INFO     | utils.ConnectHandler_server:send:34 - sending data (59 bytes) to client#9 completely
2026-05-25 16:10:53.020 | INFO     | utils.ConnectHandler_server:receive:71 - 19696941bytes data to be received from client#2

  0%|          | 0/19696941 [00:00<?, ?iteration/s]
  6%|▌         | 1175776/19696941 [00:00<00:01, 11743268.17iteration/s]
 12%|█▏        | 2353000/19696941 [00:00<00:01, 11756518.03iteration/s]
 18%|█▊        | 3530224/19696941 [00:00<00:01, 11760819.37iteration/s]
 24%|██▍       | 4708896/19696941 [00:00<00:01, 11746013.62iteration/s]
 30%|██▉       | 5889016/19696941 [00:00<00:01, 11753688.45iteration/s]
 36%|███▌      | 7069136/19696941 [00:00<00:01, 11761490.08iteration/s]
 42%|████▏     | 8249256/19696941 [00:00<00:00, 11756560.04iteration/s]
 48%|████▊     | 9427928/19696941 [00:00<00:00, 11762260.25iteration/s]
 54%|█████▍    | 10612392/19696941 [00:00<00:00, 11762984.92iteration/s]
 60%|█████▉    | 11793960/19696941 [00:01<00:00, 11756334.45iteration/s]
 66%|██████▌   | 12979872/19696941 [00:01<00:00, 11762755.30iteration/s]
 72%|███████▏  | 14162888/19696941 [00:01<00:00, 11762364.00iteration/s]
 78%|███████▊  | 15343008/19696941 [00:01<00:00, 11763329.94iteration/s]
 84%|████████▍ | 16523128/19696941 [00:01<00:00, 11755226.71iteration/s]
 90%|████████▉ | 17704696/19696941 [00:01<00:00, 11754389.49iteration/s]
 96%|█████████▌| 18887712/19696941 [00:01<00:00, 11765230.95iteration/s]2026-05-25 16:10:54.697 | INFO     | utils.ConnectHandler_server:receive:80 - receive completed

100%|██████████| 19696941/19696941 [00:01<00:00, 11702152.06iteration/s]
2026-05-25 16:10:54.713 | INFO     | __main__:<module>:291 - 2026-05-25 16:10:54 RECV round=20 token=0 cid=2 train_duration=137.34768772125244 battery=144804.76J
2026-05-25 16:10:54.713 | INFO     | utils.ConnectHandler_server:send:28 - sending data (59 bytes) to client#2...
2026-05-25 16:10:54.713 | INFO     | utils.ConnectHandler_server:send:34 - sending data (59 bytes) to client#2 completely
2026-05-25 16:10:57.532 | INFO     | __main__:<module>:428 - 2026-05-25 16:10:57 ROUND=20 end avg_acc=25.8300 best_acc=38.3600 duration=144.20s comm_mb=75.161 locations_after=[5, 0] checkpoint=logs_real/autorl_real_server/checkpoints/autorl_dfl_mm_seed1/checkpoint.pt
2026-05-25 16:10:57.532 | INFO     | __main__:<module>:234 - 2026-05-25 16:10:57 ROUND=21 start token_locations=[5, 0] active_clients=[0, 1, 2, 3, 4, 5, 6, 7, 8, 9]
2026-05-25 16:10:57.551 | INFO     | utils.ConnectHandler_server:send:28 - sending data (19699830 bytes) to client#5...
2026-05-25 16:10:59.189 | INFO     | utils.ConnectHandler_server:send:34 - sending data (19699830 bytes) to client#5 completely
2026-05-25 16:10:59.189 | INFO     | __main__:<module>:271 - 2026-05-25 16:10:59 SEND round=21 token=0 cid=5 payload_mb=18.787 duration=1.648s
2026-05-25 16:10:59.208 | INFO     | utils.ConnectHandler_server:send:28 - sending data (19699833 bytes) to client#0...
2026-05-25 16:11:00.803 | INFO     | utils.ConnectHandler_server:send:34 - sending data (19699833 bytes) to client#0 completely
2026-05-25 16:11:00.804 | INFO     | __main__:<module>:271 - 2026-05-25 16:11:00 SEND round=21 token=1 cid=0 payload_mb=18.787 duration=1.606s
2026-05-25 16:12:50.310 | INFO     | utils.ConnectHandler_server:receive:71 - 19697059bytes data to be received from client#0

  0%|          | 0/19697059 [00:00<?, ?iteration/s]
  6%|▌         | 1169984/19697059 [00:00<00:01, 11689455.70iteration/s]
 12%|█▏        | 2347208/19697059 [00:00<00:01, 11734801.45iteration/s]
 18%|█▊        | 3522984/19697059 [00:00<00:01, 11742628.12iteration/s]
 24%|██▍       | 4700208/19697059 [00:00<00:01, 11743368.75iteration/s]
 30%|██▉       | 5880328/19697059 [00:00<00:01, 11752418.04iteration/s]
 36%|███▌      | 7060448/19697059 [00:00<00:01, 11751423.96iteration/s]
 42%|████▏     | 8236224/19697059 [00:00<00:00, 11751300.96iteration/s]
 48%|████▊     | 9413448/19697059 [00:00<00:00, 11753800.88iteration/s]
 54%|█████▍    | 10596464/19697059 [00:00<00:00, 11762638.18iteration/s]
 60%|█████▉    | 11773688/19697059 [00:01<00:00, 11757661.18iteration/s]
 66%|██████▌   | 12956704/19697059 [00:01<00:00, 11763679.83iteration/s]
 72%|███████▏  | 14136824/19697059 [00:01<00:00, 11761835.77iteration/s]
 78%|███████▊  | 15315496/19697059 [00:01<00:00, 11755002.16iteration/s]
 84%|████████▍ | 16504304/19697059 [00:01<00:00, 11760313.00iteration/s]
 90%|████████▉ | 17684424/19697059 [00:01<00:00, 11761697.91iteration/s]
 96%|█████████▌| 18873232/19697059 [00:01<00:00, 11757047.81iteration/s]2026-05-25 16:12:51.988 | INFO     | utils.ConnectHandler_server:receive:80 - receive completed

100%|██████████| 19697059/19697059 [00:01<00:00, 11702109.45iteration/s]
2026-05-25 16:12:52.009 | INFO     | __main__:<module>:291 - 2026-05-25 16:12:51 RECV round=21 token=1 cid=0 train_duration=108.53005814552307 battery=145243.04J
2026-05-25 16:12:52.009 | INFO     | utils.ConnectHandler_server:send:28 - sending data (59 bytes) to client#0...
2026-05-25 16:12:52.009 | INFO     | utils.ConnectHandler_server:send:34 - sending data (59 bytes) to client#0 completely
2026-05-25 16:13:22.668 | INFO     | utils.ConnectHandler_server:receive:71 - 19696983bytes data to be received from client#5

  0%|          | 0/19696983 [00:00<?, ?iteration/s]
  6%|▌         | 1175776/19696983 [00:00<00:01, 11751887.28iteration/s]
 12%|█▏        | 2351552/19696983 [00:00<00:01, 11750816.61iteration/s]
 18%|█▊        | 3528776/19696983 [00:00<00:01, 11756954.29iteration/s]
 24%|██▍       | 4704552/19696983 [00:00<00:01, 11747848.09iteration/s]
 30%|██▉       | 5886120/19696983 [00:00<00:01, 11758898.89iteration/s]
 36%|███▌      | 7067688/19696983 [00:00<00:01, 11752797.63iteration/s]
 42%|████▏     | 8250704/19696983 [00:00<00:00, 11761205.85iteration/s]
 48%|████▊     | 9430824/19696983 [00:00<00:00, 11755806.43iteration/s]
 54%|█████▍    | 10613840/19696983 [00:00<00:00, 11765233.85iteration/s]
 60%|█████▉    | 11791064/19696983 [00:01<00:00, 11758573.31iteration/s]
 66%|██████▌   | 12968288/19696983 [00:01<00:00, 11760403.71iteration/s]
 72%|███████▏  | 14152752/19696983 [00:01<00:00, 11761794.24iteration/s]
 78%|███████▊  | 15332872/19696983 [00:01<00:00, 11761139.42iteration/s]
 84%|████████▍ | 16521680/19696983 [00:01<00:00, 11758861.46iteration/s]
 90%|████████▉ | 17706144/19696983 [00:01<00:00, 11756847.16iteration/s]
 96%|█████████▌| 18883368/19696983 [00:01<00:00, 11758850.09iteration/s]2026-05-25 16:13:24.345 | INFO     | utils.ConnectHandler_server:receive:80 - receive completed

100%|██████████| 19696983/19696983 [00:01<00:00, 11700895.84iteration/s]
2026-05-25 16:13:24.360 | INFO     | __main__:<module>:291 - 2026-05-25 16:13:24 RECV round=21 token=0 cid=5 train_duration=142.8003444671631 battery=144746.30J
2026-05-25 16:13:24.361 | INFO     | utils.ConnectHandler_server:send:28 - sending data (59 bytes) to client#5...
2026-05-25 16:13:24.361 | INFO     | utils.ConnectHandler_server:send:34 - sending data (59 bytes) to client#5 completely
2026-05-25 16:13:27.186 | INFO     | __main__:<module>:428 - 2026-05-25 16:13:27 ROUND=21 end avg_acc=24.5400 best_acc=38.3600 duration=149.59s comm_mb=75.138 locations_after=[4, 1] checkpoint=logs_real/autorl_real_server/checkpoints/autorl_dfl_mm_seed1/checkpoint.pt
2026-05-25 16:13:27.186 | INFO     | __main__:<module>:234 - 2026-05-25 16:13:27 ROUND=22 start token_locations=[4, 1] active_clients=[0, 1, 2, 3, 4, 5, 6, 7, 8, 9]
2026-05-25 16:13:27.208 | INFO     | utils.ConnectHandler_server:send:28 - sending data (19699835 bytes) to client#4...
2026-05-25 16:13:28.799 | INFO     | utils.ConnectHandler_server:send:34 - sending data (19699835 bytes) to client#4 completely
2026-05-25 16:13:28.800 | INFO     | __main__:<module>:271 - 2026-05-25 16:13:28 SEND round=22 token=0 cid=4 payload_mb=18.787 duration=1.605s
2026-05-25 16:13:28.816 | INFO     | utils.ConnectHandler_server:send:28 - sending data (19699829 bytes) to client#1...
2026-05-25 16:13:30.460 | INFO     | utils.ConnectHandler_server:send:34 - sending data (19699829 bytes) to client#1 completely
2026-05-25 16:13:30.460 | INFO     | __main__:<module>:271 - 2026-05-25 16:13:30 SEND round=22 token=1 cid=1 payload_mb=18.787 duration=1.652s
2026-05-25 16:14:56.955 | INFO     | utils.ConnectHandler_server:receive:71 - 19697059bytes data to be received from client#4

  0%|          | 0/19697059 [00:00<?, ?iteration/s]
  6%|▌         | 1174328/19697059 [00:00<00:01, 11741947.44iteration/s]
 12%|█▏        | 2351552/19697059 [00:00<00:01, 11759360.07iteration/s]
 18%|█▊        | 3530224/19697059 [00:00<00:01, 11755962.90iteration/s]
 24%|██▍       | 4707448/19697059 [00:00<00:01, 11755301.45iteration/s]
 30%|██▉       | 5887568/19697059 [00:00<00:01, 11758852.44iteration/s]
 36%|███▌      | 7067688/19697059 [00:00<00:01, 11759507.64iteration/s]
 42%|████▏     | 8247808/19697059 [00:00<00:00, 11749703.76iteration/s]
 48%|████▊     | 9430824/19697059 [00:00<00:00, 11760849.50iteration/s]
 54%|█████▍    | 10608048/19697059 [00:00<00:00, 11763276.60iteration/s]
 60%|█████▉    | 11791064/19697059 [00:01<00:00, 11760759.60iteration/s]
 66%|██████▌   | 12974080/19697059 [00:01<00:00, 11761318.93iteration/s]
 72%|███████▏  | 14157096/19697059 [00:01<00:00, 11755688.13iteration/s]
 78%|███████▊  | 15338664/19697059 [00:01<00:00, 11754909.83iteration/s]
 84%|████████▍ | 16518784/19697059 [00:01<00:00, 11757337.19iteration/s]
 90%|████████▉ | 17701800/19697059 [00:01<00:00, 11758735.12iteration/s]
 96%|█████████▌| 18879024/19697059 [00:01<00:00, 11756441.67iteration/s]2026-05-25 16:14:58.632 | INFO     | utils.ConnectHandler_server:receive:80 - receive completed

100%|██████████| 19697059/19697059 [00:01<00:00, 11702296.76iteration/s]
2026-05-25 16:14:58.647 | INFO     | __main__:<module>:291 - 2026-05-25 16:14:58 RECV round=22 token=0 cid=4 train_duration=87.33033037185669 battery=146165.09J
2026-05-25 16:14:58.647 | INFO     | utils.ConnectHandler_server:send:28 - sending data (59 bytes) to client#4...
2026-05-25 16:14:58.647 | INFO     | utils.ConnectHandler_server:send:34 - sending data (59 bytes) to client#4 completely
2026-05-25 16:15:20.784 | INFO     | utils.ConnectHandler_server:receive:71 - 19696903bytes data to be received from client#1

  0%|          | 0/19696903 [00:00<?, ?iteration/s]
  6%|▌         | 1172880/19696903 [00:00<00:01, 11702973.85iteration/s]
 12%|█▏        | 2350104/19696903 [00:00<00:01, 11738753.77iteration/s]
 18%|█▊        | 3527328/19696903 [00:00<00:01, 11749577.39iteration/s]
 24%|██▍       | 4704552/19696903 [00:00<00:01, 11751017.62iteration/s]
 30%|██▉       | 5883224/19696903 [00:00<00:01, 11747688.27iteration/s]
 36%|███▌      | 7060448/19696903 [00:00<00:01, 11750083.12iteration/s]
 42%|████▏     | 8239120/19696903 [00:00<00:00, 11757371.66iteration/s]
 48%|████▊     | 9416344/19696903 [00:00<00:00, 11755784.22iteration/s]
 54%|█████▍    | 10599360/19696903 [00:00<00:00, 11759637.59iteration/s]
 60%|█████▉    | 11776584/19696903 [00:01<00:00, 11760344.83iteration/s]
 66%|██████▌   | 12956704/19696903 [00:01<00:00, 11759510.31iteration/s]
 72%|███████▏  | 14133928/19696903 [00:01<00:00, 11759105.52iteration/s]
 78%|███████▊  | 15319840/19696903 [00:01<00:00, 11757150.09iteration/s]
 84%|████████▍ | 16510096/19696903 [00:01<00:00, 11766533.43iteration/s]
 90%|████████▉ | 17693112/19696903 [00:01<00:00, 11757488.97iteration/s]
 96%|█████████▌| 18876128/19696903 [00:01<00:00, 11763392.61iteration/s]2026-05-25 16:15:22.462 | INFO     | utils.ConnectHandler_server:receive:80 - receive completed

100%|██████████| 19696903/19696903 [00:01<00:00, 11696001.34iteration/s]
2026-05-25 16:15:22.478 | INFO     | __main__:<module>:291 - 2026-05-25 16:15:22 RECV round=22 token=1 cid=1 train_duration=109.32506155967712 battery=143322.96J
2026-05-25 16:15:22.478 | INFO     | utils.ConnectHandler_server:send:28 - sending data (59 bytes) to client#1...
2026-05-25 16:15:22.478 | INFO     | utils.ConnectHandler_server:send:34 - sending data (59 bytes) to client#1 completely
2026-05-25 16:15:25.377 | INFO     | __main__:<module>:428 - 2026-05-25 16:15:25 ROUND=22 end avg_acc=33.0750 best_acc=38.3600 duration=118.11s comm_mb=75.138 locations_after=[7, 3] checkpoint=logs_real/autorl_real_server/checkpoints/autorl_dfl_mm_seed1/checkpoint.pt
2026-05-25 16:15:25.377 | INFO     | __main__:<module>:234 - 2026-05-25 16:15:25 ROUND=23 start token_locations=[7, 3] active_clients=[0, 1, 2, 3, 4, 5, 6, 7, 8, 9]
2026-05-25 16:15:25.396 | INFO     | utils.ConnectHandler_server:send:28 - sending data (19729801 bytes) to client#7...
2026-05-25 16:15:27.028 | INFO     | utils.ConnectHandler_server:send:34 - sending data (19729801 bytes) to client#7 completely
2026-05-25 16:15:27.028 | INFO     | __main__:<module>:271 - 2026-05-25 16:15:27 SEND round=23 token=0 cid=7 payload_mb=18.816 duration=1.641s
2026-05-25 16:15:27.047 | INFO     | utils.ConnectHandler_server:send:28 - sending data (19699835 bytes) to client#3...
2026-05-25 16:15:28.660 | INFO     | utils.ConnectHandler_server:send:34 - sending data (19699835 bytes) to client#3 completely
2026-05-25 16:15:28.660 | INFO     | __main__:<module>:271 - 2026-05-25 16:15:28 SEND round=23 token=1 cid=3 payload_mb=18.787 duration=1.622s
2026-05-25 16:16:54.285 | INFO     | utils.ConnectHandler_server:receive:71 - 19696955bytes data to be received from client#3

  0%|          | 0/19696955 [00:00<?, ?iteration/s]
  6%|▌         | 1171432/19696955 [00:00<00:01, 11698071.07iteration/s]
 12%|█▏        | 2350104/19696955 [00:00<00:01, 11736014.45iteration/s]
 18%|█▊        | 3528776/19696955 [00:00<00:01, 11751916.03iteration/s]
 24%|██▍       | 4706000/19696955 [00:00<00:01, 11748601.42iteration/s]
 30%|██▉       | 5883224/19696955 [00:00<00:01, 11756533.70iteration/s]
 36%|███▌      | 7060448/19696955 [00:00<00:01, 11751270.29iteration/s]
 42%|████▏     | 8239120/19696955 [00:00<00:00, 11753342.48iteration/s]
 48%|████▊     | 9419240/19696955 [00:00<00:00, 11758079.96iteration/s]
 54%|█████▍    | 10600808/19696955 [00:00<00:00, 11759024.40iteration/s]
 60%|█████▉    | 11780928/19696955 [00:01<00:00, 11755192.78iteration/s]
 66%|██████▌   | 12963944/19696955 [00:01<00:00, 11761620.73iteration/s]
 72%|███████▏  | 14146960/19696955 [00:01<00:00, 11759027.34iteration/s]
 78%|███████▊  | 15331424/19696955 [00:01<00:00, 11764377.53iteration/s]
 84%|████████▍ | 16514440/19696955 [00:01<00:00, 11759572.92iteration/s]
 90%|████████▉ | 17691664/19696955 [00:01<00:00, 11758404.93iteration/s]
 96%|█████████▌| 18879024/19696955 [00:01<00:00, 11761949.91iteration/s]2026-05-25 16:16:55.961 | INFO     | utils.ConnectHandler_server:receive:80 - receive completed

100%|██████████| 19696955/19696955 [00:01<00:00, 11705292.37iteration/s]
2026-05-25 16:16:55.976 | INFO     | __main__:<module>:291 - 2026-05-25 16:16:55 RECV round=23 token=1 cid=3 train_duration=84.91629242897034 battery=145522.93J
2026-05-25 16:16:55.977 | INFO     | utils.ConnectHandler_server:send:28 - sending data (59 bytes) to client#3...
2026-05-25 16:16:55.977 | INFO     | utils.ConnectHandler_server:send:34 - sending data (59 bytes) to client#3 completely
2026-05-25 16:17:36.772 | INFO     | utils.ConnectHandler_server:receive:71 - 19697437bytes data to be received from client#7

  0%|          | 0/19697437 [00:00<?, ?iteration/s]
  6%|▌         | 1158400/19697437 [00:00<00:01, 11564572.71iteration/s]
 12%|█▏        | 2329832/19697437 [00:00<00:01, 11644363.64iteration/s]
 18%|█▊        | 3498368/19697437 [00:00<00:01, 11650387.83iteration/s]
 24%|██▎       | 4666904/19697437 [00:00<00:01, 11663920.21iteration/s]
 30%|██▉       | 5839784/19697437 [00:00<00:01, 11686700.86iteration/s]
 36%|███▌      | 7011216/19697437 [00:00<00:01, 11685912.22iteration/s]
 42%|████▏     | 8191336/19697437 [00:00<00:00, 11713327.69iteration/s]
 48%|████▊     | 9364216/19697437 [00:00<00:00, 11718224.17iteration/s]
 54%|█████▎    | 10547232/19697437 [00:00<00:00, 11733870.63iteration/s]
 60%|█████▉    | 11725904/19697437 [00:01<00:00, 11736811.76iteration/s]
 66%|██████▌   | 12907472/19697437 [00:01<00:00, 11742878.29iteration/s]
 72%|███████▏  | 14090488/19697437 [00:01<00:00, 11744717.39iteration/s]
 78%|███████▊  | 15277848/19697437 [00:01<00:00, 11750983.39iteration/s]
 84%|████████▎ | 16465208/19697437 [00:01<00:00, 11750546.41iteration/s]
 90%|████████▉ | 17651120/19697437 [00:01<00:00, 11750009.25iteration/s]
 96%|█████████▌| 18839928/19697437 [00:01<00:00, 11748045.85iteration/s]2026-05-25 16:17:38.453 | INFO     | utils.ConnectHandler_server:receive:80 - receive completed

100%|██████████| 19697437/19697437 [00:01<00:00, 11670347.45iteration/s]
2026-05-25 16:17:38.469 | INFO     | __main__:<module>:291 - 2026-05-25 16:17:38 RECV round=23 token=0 cid=7 train_duration=129.30752563476562 battery=139918.50J
2026-05-25 16:17:38.469 | INFO     | utils.ConnectHandler_server:send:28 - sending data (59 bytes) to client#7...
2026-05-25 16:17:38.469 | INFO     | utils.ConnectHandler_server:send:34 - sending data (59 bytes) to client#7 completely
2026-05-25 16:17:41.298 | INFO     | __main__:<module>:428 - 2026-05-25 16:17:41 ROUND=23 end avg_acc=29.9700 best_acc=38.3600 duration=135.86s comm_mb=75.167 locations_after=[2, 4] checkpoint=logs_real/autorl_real_server/checkpoints/autorl_dfl_mm_seed1/checkpoint.pt
2026-05-25 16:17:41.298 | INFO     | __main__:<module>:234 - 2026-05-25 16:17:41 ROUND=24 start token_locations=[2, 4] active_clients=[0, 1, 2, 3, 4, 5, 6, 7, 8, 9]
2026-05-25 16:17:41.316 | INFO     | utils.ConnectHandler_server:send:28 - sending data (19699830 bytes) to client#2...
2026-05-25 16:17:42.933 | INFO     | utils.ConnectHandler_server:send:34 - sending data (19699830 bytes) to client#2 completely
2026-05-25 16:17:42.933 | INFO     | __main__:<module>:271 - 2026-05-25 16:17:42 SEND round=24 token=0 cid=2 payload_mb=18.787 duration=1.626s
2026-05-25 16:17:42.952 | INFO     | utils.ConnectHandler_server:send:28 - sending data (19699835 bytes) to client#4...
2026-05-25 16:17:44.607 | INFO     | utils.ConnectHandler_server:send:34 - sending data (19699835 bytes) to client#4 completely
2026-05-25 16:17:44.607 | INFO     | __main__:<module>:271 - 2026-05-25 16:17:44 SEND round=24 token=1 cid=4 payload_mb=18.787 duration=1.665s
2026-05-25 16:19:12.118 | INFO     | utils.ConnectHandler_server:receive:71 - 19697059bytes data to be received from client#4

  0%|          | 0/19697059 [00:00<?, ?iteration/s]
  6%|▌         | 1177224/19697059 [00:00<00:01, 11763584.83iteration/s]
 12%|█▏        | 2354448/19697059 [00:00<00:01, 11763205.67iteration/s]
 18%|█▊        | 3531672/19697059 [00:00<00:01, 11760947.91iteration/s]
 24%|██▍       | 4710344/19697059 [00:00<00:01, 11764204.32iteration/s]
 30%|██▉       | 5891912/19697059 [00:00<00:01, 11761093.80iteration/s]
 36%|███▌      | 7070584/19697059 [00:00<00:01, 11759422.99iteration/s]
 42%|████▏     | 8252152/19697059 [00:00<00:00, 11755176.03iteration/s]
 48%|████▊     | 9433720/19697059 [00:00<00:00, 11754422.69iteration/s]
 54%|█████▍    | 10610944/19697059 [00:00<00:00, 11754450.38iteration/s]
 60%|█████▉    | 11792512/19697059 [00:01<00:00, 11757159.08iteration/s]
 66%|██████▌   | 12976976/19697059 [00:01<00:00, 11762123.55iteration/s]
 72%|███████▏  | 14165784/19697059 [00:01<00:00, 11764776.98iteration/s]
 78%|███████▊  | 15353144/19697059 [00:01<00:00, 11759489.74iteration/s]
 84%|████████▍ | 16540504/19697059 [00:01<00:00, 11761509.54iteration/s]
 90%|████████▉ | 17724968/19697059 [00:01<00:00, 11762431.76iteration/s]
 96%|█████████▌| 18906536/19697059 [00:01<00:00, 11758744.79iteration/s]2026-05-25 16:19:13.794 | INFO     | utils.ConnectHandler_server:receive:80 - receive completed

100%|██████████| 19697059/19697059 [00:01<00:00, 11704364.15iteration/s]
2026-05-25 16:19:13.810 | INFO     | __main__:<module>:291 - 2026-05-25 16:19:13 RECV round=24 token=1 cid=4 train_duration=86.77489948272705 battery=145424.86J
2026-05-25 16:19:13.810 | INFO     | utils.ConnectHandler_server:send:28 - sending data (59 bytes) to client#4...
2026-05-25 16:19:13.810 | INFO     | utils.ConnectHandler_server:send:34 - sending data (59 bytes) to client#4 completely
2026-05-25 16:19:54.878 | INFO     | utils.ConnectHandler_server:receive:71 - 19696983bytes data to be received from client#2

  0%|          | 0/19696983 [00:00<?, ?iteration/s]
  6%|▌         | 1177224/19696983 [00:00<00:01, 11758066.31iteration/s]
 12%|█▏        | 2354448/19696983 [00:00<00:01, 11760702.16iteration/s]
 18%|█▊        | 3531672/19696983 [00:00<00:01, 11762018.27iteration/s]
 24%|██▍       | 4708896/19696983 [00:00<00:01, 11733944.22iteration/s]
 30%|██▉       | 5889016/19696983 [00:00<00:01, 11743470.69iteration/s]
 36%|███▌      | 7064792/19696983 [00:00<00:01, 11744598.37iteration/s]
 42%|████▏     | 8242016/19696983 [00:00<00:00, 11748887.80iteration/s]
 48%|████▊     | 9425032/19696983 [00:00<00:00, 11760341.23iteration/s]
 54%|█████▍    | 10602256/19696983 [00:00<00:00, 11758598.88iteration/s]
 60%|█████▉    | 11785272/19696983 [00:01<00:00, 11759150.84iteration/s]
 66%|██████▌   | 12969736/19696983 [00:01<00:00, 11762317.61iteration/s]
 72%|███████▏  | 14155648/19696983 [00:01<00:00, 11762447.08iteration/s]
 78%|███████▊  | 15334320/19696983 [00:01<00:00, 11755430.78iteration/s]
 84%|████████▍ | 16511544/19696983 [00:01<00:00, 11758384.02iteration/s]
 90%|████████▉ | 17697456/19696983 [00:01<00:00, 11765557.16iteration/s]
 96%|█████████▌| 18883368/19696983 [00:01<00:00, 11759127.41iteration/s]2026-05-25 16:19:56.555 | INFO     | utils.ConnectHandler_server:receive:80 - receive completed

100%|██████████| 19696983/19696983 [00:01<00:00, 11697140.15iteration/s]
2026-05-25 16:19:56.571 | INFO     | __main__:<module>:291 - 2026-05-25 16:19:56 RECV round=24 token=0 cid=2 train_duration=131.15504384040833 battery=143685.94J
2026-05-25 16:19:56.571 | INFO     | utils.ConnectHandler_server:send:28 - sending data (59 bytes) to client#2...
2026-05-25 16:19:56.571 | INFO     | utils.ConnectHandler_server:send:34 - sending data (59 bytes) to client#2 completely
2026-05-25 16:19:59.388 | INFO     | __main__:<module>:428 - 2026-05-25 16:19:59 ROUND=24 end avg_acc=23.0150 best_acc=38.3600 duration=138.03s comm_mb=75.138 locations_after=[7, 9] checkpoint=logs_real/autorl_real_server/checkpoints/autorl_dfl_mm_seed1/checkpoint.pt
2026-05-25 16:19:59.389 | INFO     | __main__:<module>:234 - 2026-05-25 16:19:59 ROUND=25 start token_locations=[7, 9] active_clients=[0, 1, 2, 3, 4, 5, 6, 7, 8, 9]
2026-05-25 16:19:59.409 | INFO     | utils.ConnectHandler_server:send:28 - sending data (19729801 bytes) to client#7...
2026-05-25 16:20:01.015 | INFO     | utils.ConnectHandler_server:send:34 - sending data (19729801 bytes) to client#7 completely
2026-05-25 16:20:01.015 | INFO     | __main__:<module>:271 - 2026-05-25 16:20:01 SEND round=25 token=0 cid=7 payload_mb=18.816 duration=1.618s
2026-05-25 16:20:01.034 | INFO     | utils.ConnectHandler_server:send:28 - sending data (19723713 bytes) to client#9...
2026-05-25 16:20:02.731 | INFO     | utils.ConnectHandler_server:send:34 - sending data (19723713 bytes) to client#9 completely
2026-05-25 16:20:02.731 | INFO     | __main__:<module>:271 - 2026-05-25 16:20:02 SEND round=25 token=1 cid=9 payload_mb=18.810 duration=1.707s
2026-05-25 16:21:57.354 | INFO     | utils.ConnectHandler_server:receive:71 - 19694064bytes data to be received from client#9

  0%|          | 0/19694064 [00:00<?, ?iteration/s]
  6%|▌         | 1182104/19694064 [00:00<00:01, 11796133.23iteration/s]
 12%|█▏        | 2362794/19694064 [00:00<00:01, 11771786.75iteration/s]
 18%|█▊        | 3542070/19694064 [00:00<00:01, 11757383.30iteration/s]
 24%|██▍       | 4721346/19694064 [00:00<00:01, 11751248.94iteration/s]
 30%|██▉       | 5899208/19694064 [00:00<00:01, 11738861.16iteration/s]
 36%|███▌      | 7079898/19694064 [00:00<00:01, 11745838.54iteration/s]
 42%|████▏     | 8257760/19694064 [00:00<00:00, 11742063.88iteration/s]
 48%|████▊     | 9435622/19694064 [00:00<00:00, 11738435.50iteration/s]
 54%|█████▍    | 10617726/19694064 [00:00<00:00, 11740577.11iteration/s]
 60%|█████▉    | 11798416/19694064 [00:01<00:00, 11749058.66iteration/s]
 66%|██████▌   | 12977692/19694064 [00:01<00:00, 11742109.01iteration/s]
 72%|███████▏  | 14159796/19694064 [00:01<00:00, 11741362.17iteration/s]
 78%|███████▊  | 15343314/19694064 [00:01<00:00, 11742279.23iteration/s]
 84%|████████▍ | 16524004/19694064 [00:01<00:00, 11748777.71iteration/s]
 90%|████████▉ | 17713178/19694064 [00:01<00:00, 11745904.84iteration/s]
 96%|█████████▌| 18900938/19694064 [00:01<00:00, 11741887.30iteration/s]2026-05-25 16:21:59.033 | INFO     | utils.ConnectHandler_server:receive:80 - receive completed

100%|██████████| 19694064/19694064 [00:01<00:00, 11686038.46iteration/s]
2026-05-25 16:21:59.049 | INFO     | __main__:<module>:291 - 2026-05-25 16:21:59 RECV round=25 token=1 cid=9 train_duration=114.22704267501831 battery=138455.86J
2026-05-25 16:21:59.049 | INFO     | utils.ConnectHandler_server:send:28 - sending data (59 bytes) to client#9...
2026-05-25 16:21:59.049 | INFO     | utils.ConnectHandler_server:send:34 - sending data (59 bytes) to client#9 completely
2026-05-25 16:21:59.921 | INFO     | utils.ConnectHandler_server:receive:71 - 19697437bytes data to be received from client#7

  0%|          | 0/19697437 [00:00<?, ?iteration/s]
  6%|▌         | 1167088/19697437 [00:00<00:01, 11649282.90iteration/s]
 12%|█▏        | 2332728/19697437 [00:00<00:01, 11650158.50iteration/s]
 18%|█▊        | 3498368/19697437 [00:00<00:01, 11637488.12iteration/s]
 24%|██▎       | 4664008/19697437 [00:00<00:01, 11636460.50iteration/s]
 30%|██▉       | 5836888/19697437 [00:00<00:01, 11663072.60iteration/s]
 36%|███▌      | 7015560/19697437 [00:00<00:01, 11698039.48iteration/s]
 42%|████▏     | 8194232/19697437 [00:00<00:00, 11712839.07iteration/s]
 48%|████▊     | 9374352/19697437 [00:00<00:00, 11721128.74iteration/s]
 54%|█████▎    | 10550128/19697437 [00:00<00:00, 11731772.40iteration/s]
 60%|█████▉    | 11731696/19697437 [00:01<00:00, 11734906.45iteration/s]
 66%|██████▌   | 12911816/19697437 [00:01<00:00, 11746573.24iteration/s]
 72%|███████▏  | 14091936/19697437 [00:01<00:00, 11742932.15iteration/s]
 78%|███████▊  | 15277848/19697437 [00:01<00:00, 11748950.89iteration/s]
 84%|████████▎ | 16462312/19697437 [00:01<00:00, 11751696.74iteration/s]
 90%|████████▉ | 17651120/19697437 [00:01<00:00, 11750658.00iteration/s]
 96%|█████████▌| 18839928/19697437 [00:01<00:00, 11749584.63iteration/s]2026-05-25 16:22:01.603 | INFO     | utils.ConnectHandler_server:receive:80 - receive completed

100%|██████████| 19697437/19697437 [00:01<00:00, 11664707.25iteration/s]
2026-05-25 16:22:01.620 | INFO     | __main__:<module>:291 - 2026-05-25 16:22:01 RECV round=25 token=0 cid=7 train_duration=118.41456246376038 battery=138096.02J
2026-05-25 16:22:01.620 | INFO     | utils.ConnectHandler_server:send:28 - sending data (59 bytes) to client#7...
2026-05-25 16:22:01.620 | INFO     | utils.ConnectHandler_server:send:34 - sending data (59 bytes) to client#7 completely
2026-05-25 16:22:04.434 | INFO     | __main__:<module>:428 - 2026-05-25 16:22:04 ROUND=25 end avg_acc=36.3750 best_acc=38.3600 duration=124.99s comm_mb=75.189 locations_after=[6, 8] checkpoint=logs_real/autorl_real_server/checkpoints/autorl_dfl_mm_seed1/checkpoint.pt
2026-05-25 16:22:04.435 | INFO     | __main__:<module>:234 - 2026-05-25 16:22:04 ROUND=26 start token_locations=[6, 8] active_clients=[0, 1, 2, 3, 4, 5, 6, 7, 8, 9]
2026-05-25 16:22:04.454 | INFO     | utils.ConnectHandler_server:send:28 - sending data (19699830 bytes) to client#6...
2026-05-25 16:22:06.073 | INFO     | utils.ConnectHandler_server:send:34 - sending data (19699830 bytes) to client#6 completely
2026-05-25 16:22:06.073 | INFO     | __main__:<module>:271 - 2026-05-25 16:22:06 SEND round=26 token=0 cid=6 payload_mb=18.787 duration=1.629s
2026-05-25 16:22:06.092 | INFO     | utils.ConnectHandler_server:send:28 - sending data (19735898 bytes) to client#8...
2026-05-25 16:22:07.740 | INFO     | utils.ConnectHandler_server:send:34 - sending data (19735898 bytes) to client#8 completely
2026-05-25 16:22:07.740 | INFO     | __main__:<module>:271 - 2026-05-25 16:22:07 SEND round=26 token=1 cid=8 payload_mb=18.822 duration=1.658s
2026-05-25 16:23:53.916 | INFO     | utils.ConnectHandler_server:receive:71 - 19696983bytes data to be received from client#6

  0%|          | 0/19696983 [00:00<?, ?iteration/s]
  6%|▌         | 1177224/19696983 [00:00<00:01, 11753392.22iteration/s]
 12%|█▏        | 2353000/19696983 [00:00<00:01, 11751470.05iteration/s]
 18%|█▊        | 3530224/19696983 [00:00<00:01, 11756080.33iteration/s]
 24%|██▍       | 4707448/19696983 [00:00<00:01, 11747950.40iteration/s]
 30%|██▉       | 5884672/19696983 [00:00<00:01, 11746605.72iteration/s]
 36%|███▌      | 7064792/19696983 [00:00<00:01, 11751998.83iteration/s]
 42%|████▏     | 8243464/19696983 [00:00<00:00, 11754846.36iteration/s]
 48%|████▊     | 9420688/19696983 [00:00<00:00, 11750485.57iteration/s]
 54%|█████▍    | 10600808/19696983 [00:00<00:00, 11753661.51iteration/s]
 60%|█████▉    | 11786720/19696983 [00:01<00:00, 11761974.28iteration/s]
 66%|██████▌   | 12963944/19696983 [00:01<00:00, 11759052.70iteration/s]
 72%|███████▏  | 14142616/19696983 [00:01<00:00, 11756895.44iteration/s]
 78%|███████▊  | 15328528/19696983 [00:01<00:00, 11759729.47iteration/s]
 84%|████████▍ | 16505752/19696983 [00:01<00:00, 11760561.67iteration/s]
 90%|████████▉ | 17682976/19696983 [00:01<00:00, 11757375.51iteration/s]
 96%|█████████▌| 18871784/19696983 [00:01<00:00, 11762985.07iteration/s]2026-05-25 16:23:55.593 | INFO     | utils.ConnectHandler_server:receive:80 - receive completed

100%|██████████| 19696983/19696983 [00:01<00:00, 11702302.99iteration/s]
2026-05-25 16:23:55.609 | INFO     | __main__:<module>:291 - 2026-05-25 16:23:55 RECV round=26 token=0 cid=6 train_duration=107.14382076263428 battery=146109.55J
2026-05-25 16:23:55.609 | INFO     | utils.ConnectHandler_server:send:28 - sending data (59 bytes) to client#6...
2026-05-25 16:23:55.609 | INFO     | utils.ConnectHandler_server:send:34 - sending data (59 bytes) to client#6 completely
2026-05-25 16:25:55.698 | INFO     | utils.ConnectHandler_server:receive:71 - 19697437bytes data to be received from client#8

  0%|          | 0/19697437 [00:00<?, ?iteration/s]
  6%|▌         | 1165640/19697437 [00:00<00:01, 11638125.53iteration/s]
 12%|█▏        | 2331280/19697437 [00:00<00:01, 11644664.07iteration/s]
 18%|█▊        | 3496920/19697437 [00:00<00:01, 11647984.59iteration/s]
 24%|██▎       | 4668352/19697437 [00:00<00:01, 11665583.22iteration/s]
 30%|██▉       | 5841232/19697437 [00:00<00:01, 11681783.01iteration/s]
 36%|███▌      | 7018456/19697437 [00:00<00:01, 11703169.64iteration/s]
 42%|████▏     | 8198576/19697437 [00:00<00:00, 11720694.66iteration/s]
 48%|████▊     | 9377248/19697437 [00:00<00:00, 11729897.21iteration/s]
 54%|█████▎    | 10551576/19697437 [00:00<00:00, 11730324.11iteration/s]
 60%|█████▉    | 11734592/19697437 [00:01<00:00, 11738405.24iteration/s]
 66%|██████▌   | 12919056/19697437 [00:01<00:00, 11735545.43iteration/s]
 72%|███████▏  | 14100624/19697437 [00:01<00:00, 11732494.84iteration/s]
 78%|███████▊  | 15279296/19697437 [00:01<00:00, 11732949.21iteration/s]
 84%|████████▎ | 16459416/19697437 [00:01<00:00, 11728105.36iteration/s]
 90%|████████▉ | 17645328/19697437 [00:01<00:00, 11731869.57iteration/s]
 96%|█████████▌| 18831240/19697437 [00:01<00:00, 11731283.28iteration/s]2026-05-25 16:25:57.381 | INFO     | utils.ConnectHandler_server:receive:80 - receive completed

100%|██████████| 19697437/19697437 [00:01<00:00, 11663162.62iteration/s]
2026-05-25 16:25:57.397 | INFO     | __main__:<module>:291 - 2026-05-25 16:25:57 RECV round=26 token=1 cid=8 train_duration=227.15090775489807 battery=135799.00J
2026-05-25 16:25:57.397 | INFO     | utils.ConnectHandler_server:send:28 - sending data (59 bytes) to client#8...
2026-05-25 16:25:57.397 | INFO     | utils.ConnectHandler_server:send:34 - sending data (59 bytes) to client#8 completely
2026-05-25 16:26:00.204 | INFO     | __main__:<module>:428 - 2026-05-25 16:26:00 ROUND=26 end avg_acc=32.8850 best_acc=38.3600 duration=235.71s comm_mb=75.172 locations_after=[5, 8] checkpoint=logs_real/autorl_real_server/checkpoints/autorl_dfl_mm_seed1/checkpoint.pt
2026-05-25 16:26:00.204 | INFO     | __main__:<module>:234 - 2026-05-25 16:26:00 ROUND=27 start token_locations=[5, 8] active_clients=[0, 1, 2, 3, 4, 5, 6, 7, 8, 9]
2026-05-25 16:26:00.223 | INFO     | utils.ConnectHandler_server:send:28 - sending data (19699830 bytes) to client#5...
2026-05-25 16:26:01.828 | INFO     | utils.ConnectHandler_server:send:34 - sending data (19699830 bytes) to client#5 completely
2026-05-25 16:26:01.828 | INFO     | __main__:<module>:271 - 2026-05-25 16:26:01 SEND round=27 token=0 cid=5 payload_mb=18.787 duration=1.615s
2026-05-25 16:26:01.847 | INFO     | utils.ConnectHandler_server:send:28 - sending data (19735898 bytes) to client#8...
2026-05-25 16:26:03.493 | INFO     | utils.ConnectHandler_server:send:34 - sending data (19735898 bytes) to client#8 completely
2026-05-25 16:26:03.493 | INFO     | __main__:<module>:271 - 2026-05-25 16:26:03 SEND round=27 token=1 cid=8 payload_mb=18.822 duration=1.656s
2026-05-25 16:28:45.942 | INFO     | utils.ConnectHandler_server:receive:71 - 19696991bytes data to be received from client#5

  0%|          | 0/19696991 [00:00<?, ?iteration/s]
  6%|▌         | 1178672/19696991 [00:00<00:01, 11763928.69iteration/s]
 12%|█▏        | 2355896/19696991 [00:00<00:01, 11764402.15iteration/s]
 18%|█▊        | 3534568/19696991 [00:00<00:01, 11739633.41iteration/s]
 24%|██▍       | 4713240/19696991 [00:00<00:01, 11752413.71iteration/s]
 30%|██▉       | 5891912/19696991 [00:00<00:01, 11747234.28iteration/s]
 36%|███▌      | 7069136/19696991 [00:00<00:01, 11746059.02iteration/s]
 42%|████▏     | 8246360/19696991 [00:00<00:00, 11753635.76iteration/s]
 48%|████▊     | 9426480/19696991 [00:00<00:00, 11756276.48iteration/s]
 54%|█████▍    | 10603704/19696991 [00:00<00:00, 11756555.70iteration/s]
 60%|█████▉    | 11783824/19696991 [00:01<00:00, 11755668.04iteration/s]
 66%|██████▌   | 12969736/19696991 [00:01<00:00, 11759020.20iteration/s]
 72%|███████▏  | 14151304/19696991 [00:01<00:00, 11762658.78iteration/s]
 78%|███████▊  | 15328528/19696991 [00:01<00:00, 11760880.91iteration/s]
 84%|████████▍ | 16508648/19696991 [00:01<00:00, 11757465.72iteration/s]
 90%|████████▉ | 17688768/19696991 [00:01<00:00, 11759407.10iteration/s]
 96%|█████████▌| 18871784/19696991 [00:01<00:00, 11760096.13iteration/s]2026-05-25 16:28:47.619 | INFO     | utils.ConnectHandler_server:receive:80 - receive completed

100%|██████████| 19696991/19696991 [00:01<00:00, 11702440.35iteration/s]
2026-05-25 16:28:47.635 | INFO     | __main__:<module>:291 - 2026-05-25 16:28:47 RECV round=27 token=0 cid=5 train_duration=163.36880469322205 battery=143352.68J
2026-05-25 16:28:47.635 | INFO     | utils.ConnectHandler_server:send:28 - sending data (59 bytes) to client#5...
2026-05-25 16:28:47.635 | INFO     | utils.ConnectHandler_server:send:34 - sending data (59 bytes) to client#5 completely
2026-05-25 16:29:52.218 | INFO     | utils.ConnectHandler_server:receive:71 - 19697437bytes data to be received from client#8

  0%|          | 0/19697437 [00:00<?, ?iteration/s]
  6%|▌         | 1164192/19697437 [00:00<00:01, 11621123.19iteration/s]
 12%|█▏        | 2337072/19697437 [00:00<00:01, 11675962.70iteration/s]
 18%|█▊        | 3507056/19697437 [00:00<00:01, 11684713.90iteration/s]
 24%|██▎       | 4677040/19697437 [00:00<00:01, 11681466.88iteration/s]
 30%|██▉       | 5851368/19697437 [00:00<00:01, 11688580.42iteration/s]
 36%|███▌      | 7024248/19697437 [00:00<00:01, 11695527.09iteration/s]
 42%|████▏     | 8202920/19697437 [00:00<00:00, 11704749.35iteration/s]
 48%|████▊     | 9381592/19697437 [00:00<00:00, 11721160.94iteration/s]
 54%|█████▎    | 10557368/19697437 [00:00<00:00, 11721387.94iteration/s]
 60%|█████▉    | 11743280/19697437 [00:01<00:00, 11739335.53iteration/s]
 66%|██████▌   | 12921952/19697437 [00:01<00:00, 11735995.63iteration/s]
 72%|███████▏  | 14099176/19697437 [00:01<00:00, 11745190.83iteration/s]
 78%|███████▊  | 15279296/19697437 [00:01<00:00, 11748204.97iteration/s]
 84%|████████▎ | 16459416/19697437 [00:01<00:00, 11748891.19iteration/s]
 90%|████████▉ | 17643880/19697437 [00:01<00:00, 11742934.32iteration/s]
 96%|█████████▌| 18825448/19697437 [00:01<00:00, 11746955.20iteration/s]2026-05-25 16:29:53.901 | INFO     | utils.ConnectHandler_server:receive:80 - receive completed

100%|██████████| 19697437/19697437 [00:01<00:00, 11665263.94iteration/s]
2026-05-25 16:29:53.916 | INFO     | __main__:<module>:291 - 2026-05-25 16:29:53 RECV round=27 token=1 cid=8 train_duration=227.92556476593018 battery=132291.06J
2026-05-25 16:29:53.916 | INFO     | utils.ConnectHandler_server:send:28 - sending data (59 bytes) to client#8...
2026-05-25 16:29:53.916 | INFO     | utils.ConnectHandler_server:send:34 - sending data (59 bytes) to client#8 completely
2026-05-25 16:29:56.747 | INFO     | __main__:<module>:428 - 2026-05-25 16:29:56 ROUND=27 end avg_acc=34.2100 best_acc=38.3600 duration=236.49s comm_mb=75.172 locations_after=[7, 5] checkpoint=logs_real/autorl_real_server/checkpoints/autorl_dfl_mm_seed1/checkpoint.pt
2026-05-25 16:29:56.747 | INFO     | __main__:<module>:234 - 2026-05-25 16:29:56 ROUND=28 start token_locations=[7, 5] active_clients=[0, 1, 2, 3, 4, 5, 6, 7, 8, 9]
2026-05-25 16:29:56.765 | INFO     | utils.ConnectHandler_server:send:28 - sending data (19729801 bytes) to client#7...
2026-05-25 16:29:58.380 | INFO     | utils.ConnectHandler_server:send:34 - sending data (19729801 bytes) to client#7 completely
2026-05-25 16:29:58.380 | INFO     | __main__:<module>:271 - 2026-05-25 16:29:58 SEND round=28 token=0 cid=7 payload_mb=18.816 duration=1.625s
2026-05-25 16:29:58.398 | INFO     | utils.ConnectHandler_server:send:28 - sending data (19699830 bytes) to client#5...
2026-05-25 16:30:00.062 | INFO     | utils.ConnectHandler_server:send:34 - sending data (19699830 bytes) to client#5 completely
2026-05-25 16:30:00.062 | INFO     | __main__:<module>:271 - 2026-05-25 16:30:00 SEND round=28 token=1 cid=5 payload_mb=18.787 duration=1.673s
2026-05-25 16:32:10.505 | INFO     | utils.ConnectHandler_server:receive:71 - 19697437bytes data to be received from client#7

  0%|          | 0/19697437 [00:00<?, ?iteration/s]
  6%|▌         | 1171432/19697437 [00:00<00:01, 11696177.46iteration/s]
 12%|█▏        | 2341416/19697437 [00:00<00:01, 11672194.80iteration/s]
 18%|█▊        | 3509952/19697437 [00:00<00:01, 11656889.91iteration/s]
 24%|██▍       | 4678488/19697437 [00:00<00:01, 11649431.99iteration/s]
 30%|██▉       | 5854264/19697437 [00:00<00:01, 11676890.45iteration/s]
 36%|███▌      | 7032936/19697437 [00:00<00:01, 11702823.93iteration/s]
 42%|████▏     | 8211608/19697437 [00:00<00:00, 11713961.05iteration/s]
 48%|████▊     | 9394624/19697437 [00:00<00:00, 11731716.11iteration/s]
 54%|█████▎    | 10574744/19697437 [00:00<00:00, 11739315.73iteration/s]
 60%|█████▉    | 11757760/19697437 [00:01<00:00, 11742730.81iteration/s]
 66%|██████▌   | 12939328/19697437 [00:01<00:00, 11744896.39iteration/s]
 72%|███████▏  | 14122344/19697437 [00:01<00:00, 11745161.59iteration/s]
 78%|███████▊  | 15303912/19697437 [00:01<00:00, 11748423.73iteration/s]
 84%|████████▎ | 16482584/19697437 [00:01<00:00, 11742983.85iteration/s]
 90%|████████▉ | 17665600/19697437 [00:01<00:00, 11739479.10iteration/s]
 96%|█████████▌| 18854408/19697437 [00:01<00:00, 11730900.35iteration/s]2026-05-25 16:32:12.187 | INFO     | utils.ConnectHandler_server:receive:80 - receive completed

100%|██████████| 19697437/19697437 [00:01<00:00, 11669196.89iteration/s]
2026-05-25 16:32:12.202 | INFO     | __main__:<module>:291 - 2026-05-25 16:32:12 RECV round=28 token=0 cid=7 train_duration=131.63568592071533 battery=136070.05J
2026-05-25 16:32:12.202 | INFO     | utils.ConnectHandler_server:send:28 - sending data (59 bytes) to client#7...
2026-05-25 16:32:12.202 | INFO     | utils.ConnectHandler_server:send:34 - sending data (59 bytes) to client#7 completely
2026-05-25 16:32:23.246 | INFO     | utils.ConnectHandler_server:receive:71 - 19696975bytes data to be received from client#5

  0%|          | 0/19696975 [00:00<?, ?iteration/s]
  6%|▌         | 1174328/19696975 [00:00<00:01, 11716725.13iteration/s]
 12%|█▏        | 2353000/19696975 [00:00<00:01, 11748121.91iteration/s]
 18%|█▊        | 3530224/19696975 [00:00<00:01, 11750630.40iteration/s]
 24%|██▍       | 4707448/19696975 [00:00<00:01, 11748463.88iteration/s]
 30%|██▉       | 5884672/19696975 [00:00<00:01, 11747720.23iteration/s]
 36%|███▌      | 7064792/19696975 [00:00<00:01, 11751118.70iteration/s]
 42%|████▏     | 8244912/19696975 [00:00<00:00, 11760356.56iteration/s]
 48%|████▊     | 9422136/19696975 [00:00<00:00, 11754000.87iteration/s]
 54%|█████▍    | 10608048/19696975 [00:00<00:00, 11761623.81iteration/s]
 60%|█████▉    | 11791064/19696975 [00:01<00:00, 11754943.47iteration/s]
 66%|██████▌   | 12974080/19696975 [00:01<00:00, 11758572.08iteration/s]
 72%|███████▏  | 14152752/19696975 [00:01<00:00, 11755112.15iteration/s]
 78%|███████▊  | 15335768/19696975 [00:01<00:00, 11758315.69iteration/s]
 84%|████████▍ | 16523128/19696975 [00:01<00:00, 11761612.45iteration/s]
 90%|████████▉ | 17700352/19696975 [00:01<00:00, 11756930.60iteration/s]
 96%|█████████▌| 18889160/19696975 [00:01<00:00, 11763682.11iteration/s]2026-05-25 16:32:24.924 | INFO     | utils.ConnectHandler_server:receive:80 - receive completed

100%|██████████| 19696975/19696975 [00:01<00:00, 11700665.72iteration/s]
2026-05-25 16:32:24.940 | INFO     | __main__:<module>:291 - 2026-05-25 16:32:24 RECV round=28 token=1 cid=5 train_duration=142.51507997512817 battery=142136.96J
2026-05-25 16:32:24.940 | INFO     | utils.ConnectHandler_server:send:28 - sending data (59 bytes) to client#5...
2026-05-25 16:32:24.940 | INFO     | utils.ConnectHandler_server:send:34 - sending data (59 bytes) to client#5 completely
2026-05-25 16:32:27.852 | INFO     | __main__:<module>:428 - 2026-05-25 16:32:27 ROUND=28 end avg_acc=44.9750 best_acc=44.9750 duration=151.04s comm_mb=75.167 locations_after=[8, 6] checkpoint=logs_real/autorl_real_server/checkpoints/autorl_dfl_mm_seed1/checkpoint.pt
2026-05-25 16:32:27.852 | INFO     | __main__:<module>:234 - 2026-05-25 16:32:27 ROUND=29 start token_locations=[8, 6] active_clients=[0, 1, 2, 3, 4, 5, 6, 7, 8, 9]
2026-05-25 16:32:27.874 | INFO     | utils.ConnectHandler_server:send:28 - sending data (19735898 bytes) to client#8...
2026-05-25 16:32:29.461 | INFO     | utils.ConnectHandler_server:send:34 - sending data (19735898 bytes) to client#8 completely
2026-05-25 16:32:29.461 | INFO     | __main__:<module>:271 - 2026-05-25 16:32:29 SEND round=29 token=0 cid=8 payload_mb=18.822 duration=1.600s
2026-05-25 16:32:29.481 | INFO     | utils.ConnectHandler_server:send:28 - sending data (19699830 bytes) to client#6...
2026-05-25 16:32:31.191 | INFO     | utils.ConnectHandler_server:send:34 - sending data (19699830 bytes) to client#6 completely
2026-05-25 16:32:31.191 | INFO     | __main__:<module>:271 - 2026-05-25 16:32:31 SEND round=29 token=1 cid=6 payload_mb=18.787 duration=1.720s
2026-05-25 16:34:19.073 | INFO     | utils.ConnectHandler_server:receive:71 - 19696949bytes data to be received from client#6

  0%|          | 0/19696949 [00:00<?, ?iteration/s]
  6%|▌         | 1178672/19696949 [00:00<00:01, 11772192.47iteration/s]
 12%|█▏        | 2357344/19696949 [00:00<00:01, 11770708.59iteration/s]
 18%|█▊        | 3536016/19696949 [00:00<00:01, 11760338.61iteration/s]
 24%|██▍       | 4716136/19696949 [00:00<00:01, 11760467.93iteration/s]
 30%|██▉       | 5893360/19696949 [00:00<00:01, 11759320.25iteration/s]
 36%|███▌      | 7070584/19696949 [00:00<00:01, 11757020.16iteration/s]
 42%|████▏     | 8247808/19696949 [00:00<00:00, 11753237.59iteration/s]
 48%|████▊     | 9427928/19696949 [00:00<00:00, 11762639.87iteration/s]
 54%|█████▍    | 10609496/19696949 [00:00<00:00, 11756467.80iteration/s]
 60%|█████▉    | 11789616/19696949 [00:01<00:00, 11754409.60iteration/s]
 66%|██████▌   | 12975528/19696949 [00:01<00:00, 11761425.37iteration/s]
 72%|███████▏  | 14152752/19696949 [00:01<00:00, 11763823.63iteration/s]
 78%|███████▊  | 15334320/19696949 [00:01<00:00, 11757133.61iteration/s]
 84%|████████▍ | 16520232/19696949 [00:01<00:00, 11754799.36iteration/s]
 90%|████████▉ | 17703248/19696949 [00:01<00:00, 11758045.09iteration/s]
 96%|█████████▌| 18880472/19696949 [00:01<00:00, 11756673.74iteration/s]2026-05-25 16:34:20.750 | INFO     | utils.ConnectHandler_server:receive:80 - receive completed

100%|██████████| 19696949/19696949 [00:01<00:00, 11706015.26iteration/s]
2026-05-25 16:34:20.773 | INFO     | __main__:<module>:291 - 2026-05-25 16:34:20 RECV round=29 token=1 cid=6 train_duration=107.22992515563965 battery=145194.82J
2026-05-25 16:34:20.773 | INFO     | utils.ConnectHandler_server:send:28 - sending data (59 bytes) to client#6...
2026-05-25 16:34:20.773 | INFO     | utils.ConnectHandler_server:send:34 - sending data (59 bytes) to client#6 completely
2026-05-25 16:36:17.282 | INFO     | utils.ConnectHandler_server:receive:71 - 19697437bytes data to be received from client#8

  0%|          | 0/19697437 [00:00<?, ?iteration/s]
  6%|▌         | 1162744/19697437 [00:00<00:01, 11604293.96iteration/s]
 12%|█▏        | 2326936/19697437 [00:00<00:01, 11623402.00iteration/s]
 18%|█▊        | 3489680/19697437 [00:00<00:01, 11619333.26iteration/s]
 24%|██▎       | 4658216/19697437 [00:00<00:01, 11640996.10iteration/s]
 30%|██▉       | 5836888/19697437 [00:00<00:01, 11680788.71iteration/s]
 36%|███▌      | 7014112/19697437 [00:00<00:01, 11705130.49iteration/s]
 42%|████▏     | 8194232/19697437 [00:00<00:00, 11716482.73iteration/s]
 48%|████▊     | 9374352/19697437 [00:00<00:00, 11733599.43iteration/s]
 54%|█████▎    | 10557368/19697437 [00:00<00:00, 11739087.51iteration/s]
 60%|█████▉    | 11733144/19697437 [00:01<00:00, 11743443.15iteration/s]
 66%|██████▌   | 12910368/19697437 [00:01<00:00, 11750145.80iteration/s]
 72%|███████▏  | 14094832/19697437 [00:01<00:00, 11742565.64iteration/s]
 78%|███████▊  | 15280744/19697437 [00:01<00:00, 11752119.51iteration/s]
 84%|████████▎ | 16465208/19697437 [00:01<00:00, 11751357.78iteration/s]
 90%|████████▉ | 17645328/19697437 [00:01<00:00, 11755586.67iteration/s]
 96%|█████████▌| 18831240/19697437 [00:01<00:00, 11752782.23iteration/s]2026-05-25 16:36:18.964 | INFO     | utils.ConnectHandler_server:receive:80 - receive completed

100%|██████████| 19697437/19697437 [00:01<00:00, 11670238.65iteration/s]
2026-05-25 16:36:18.979 | INFO     | __main__:<module>:291 - 2026-05-25 16:36:18 RECV round=29 token=0 cid=8 train_duration=226.94013905525208 battery=128798.29J
2026-05-25 16:36:18.979 | INFO     | utils.ConnectHandler_server:send:28 - sending data (59 bytes) to client#8...
2026-05-25 16:36:18.979 | INFO     | utils.ConnectHandler_server:send:34 - sending data (59 bytes) to client#8 completely
2026-05-25 16:36:21.818 | INFO     | __main__:<module>:428 - 2026-05-25 16:36:21 ROUND=29 end avg_acc=33.9550 best_acc=44.9750 duration=233.89s comm_mb=75.172 locations_after=[3, 7] checkpoint=logs_real/autorl_real_server/checkpoints/autorl_dfl_mm_seed1/checkpoint.pt
2026-05-25 16:36:21.818 | INFO     | __main__:<module>:234 - 2026-05-25 16:36:21 ROUND=30 start token_locations=[3, 7] active_clients=[0, 1, 2, 3, 4, 5, 6, 7, 8, 9]
2026-05-25 16:36:21.835 | INFO     | utils.ConnectHandler_server:send:28 - sending data (19699835 bytes) to client#3...
2026-05-25 16:36:23.420 | INFO     | utils.ConnectHandler_server:send:34 - sending data (19699835 bytes) to client#3 completely
2026-05-25 16:36:23.420 | INFO     | __main__:<module>:271 - 2026-05-25 16:36:23 SEND round=30 token=0 cid=3 payload_mb=18.787 duration=1.594s
2026-05-25 16:36:23.437 | INFO     | utils.ConnectHandler_server:send:28 - sending data (19729801 bytes) to client#7...
2026-05-25 16:36:25.133 | INFO     | utils.ConnectHandler_server:send:34 - sending data (19729801 bytes) to client#7 completely
2026-05-25 16:36:25.133 | INFO     | __main__:<module>:271 - 2026-05-25 16:36:25 SEND round=30 token=1 cid=7 payload_mb=18.816 duration=1.705s
2026-05-25 16:37:49.319 | INFO     | utils.ConnectHandler_server:receive:71 - 19696959bytes data to be received from client#3

  0%|          | 0/19696959 [00:00<?, ?iteration/s]
  6%|▌         | 1148264/19696959 [00:00<00:01, 11463464.55iteration/s]
 12%|█▏        | 2324040/19696959 [00:00<00:01, 11630354.42iteration/s]
 18%|█▊        | 3501264/19696959 [00:00<00:01, 11691555.89iteration/s]
 24%|██▎       | 4674144/19696959 [00:00<00:01, 11692550.28iteration/s]
 30%|██▉       | 5854264/19696959 [00:00<00:01, 11724782.84iteration/s]
 36%|███▌      | 7031488/19696959 [00:00<00:01, 11735535.05iteration/s]
 42%|████▏     | 8213056/19696959 [00:00<00:00, 11743096.16iteration/s]
 48%|████▊     | 9393176/19696959 [00:00<00:00, 11747474.54iteration/s]
 54%|█████▎    | 10570400/19696959 [00:00<00:00, 11746833.85iteration/s]
 60%|█████▉    | 11753416/19696959 [00:01<00:00, 11753507.81iteration/s]
 66%|██████▌   | 12930640/19696959 [00:01<00:00, 11751959.13iteration/s]
 72%|███████▏  | 14116552/19696959 [00:01<00:00, 11756388.36iteration/s]
 78%|███████▊  | 15295224/19696959 [00:01<00:00, 11762223.16iteration/s]
 84%|████████▎ | 16481136/19696959 [00:01<00:00, 11755640.74iteration/s]
 90%|████████▉ | 17667048/19696959 [00:01<00:00, 11753756.09iteration/s]
 96%|█████████▌| 18852960/19696959 [00:01<00:00, 11759782.22iteration/s]2026-05-25 16:37:50.999 | INFO     | utils.ConnectHandler_server:receive:80 - receive completed

100%|██████████| 19696959/19696959 [00:01<00:00, 11686005.50iteration/s]
2026-05-25 16:37:51.019 | INFO     | __main__:<module>:291 - 2026-05-25 16:37:51 RECV round=30 token=0 cid=3 train_duration=85.1152822971344 battery=144796.85J
2026-05-25 16:37:51.019 | INFO     | utils.ConnectHandler_server:send:28 - sending data (59 bytes) to client#3...
2026-05-25 16:37:51.019 | INFO     | utils.ConnectHandler_server:send:34 - sending data (59 bytes) to client#3 completely
2026-05-25 16:38:39.719 | INFO     | utils.ConnectHandler_server:receive:71 - 19697437bytes data to be received from client#7

  0%|          | 0/19697437 [00:00<?, ?iteration/s]
  6%|▌         | 1167088/19697437 [00:00<00:01, 11656217.69iteration/s]
 12%|█▏        | 2334176/19697437 [00:00<00:01, 11661559.02iteration/s]
 18%|█▊        | 3501264/19697437 [00:00<00:01, 11647883.01iteration/s]
 24%|██▎       | 4666904/19697437 [00:00<00:01, 11634729.23iteration/s]
 30%|██▉       | 5841232/19697437 [00:00<00:01, 11670816.90iteration/s]
 36%|███▌      | 7015560/19697437 [00:00<00:01, 11694300.22iteration/s]
 42%|████▏     | 8198576/19697437 [00:00<00:00, 11721509.19iteration/s]
 48%|████▊     | 9381592/19697437 [00:00<00:00, 11733985.35iteration/s]
 54%|█████▎    | 10555920/19697437 [00:00<00:00, 11730372.17iteration/s]
 60%|█████▉    | 11737488/19697437 [00:01<00:00, 11731504.19iteration/s]
 66%|██████▌   | 12916160/19697437 [00:01<00:00, 11732642.16iteration/s]
 72%|███████▏  | 14091936/19697437 [00:01<00:00, 11737743.11iteration/s]
 78%|███████▊  | 15277848/19697437 [00:01<00:00, 11744337.84iteration/s]
 84%|████████▎ | 16463760/19697437 [00:01<00:00, 11746100.25iteration/s]
 90%|████████▉ | 17649672/19697437 [00:01<00:00, 11750410.78iteration/s]
 96%|█████████▌| 18837032/19697437 [00:01<00:00, 11745574.00iteration/s]2026-05-25 16:38:41.401 | INFO     | utils.ConnectHandler_server:receive:80 - receive completed

100%|██████████| 19697437/19697437 [00:01<00:00, 11666421.97iteration/s]
2026-05-25 16:38:41.417 | INFO     | __main__:<module>:291 - 2026-05-25 16:38:41 RECV round=30 token=1 cid=7 train_duration=134.15397262573242 battery=134005.33J
2026-05-25 16:38:41.417 | INFO     | utils.ConnectHandler_server:send:28 - sending data (59 bytes) to client#7...
2026-05-25 16:38:41.417 | INFO     | utils.ConnectHandler_server:send:34 - sending data (59 bytes) to client#7 completely
2026-05-25 16:38:44.227 | INFO     | __main__:<module>:428 - 2026-05-25 16:38:44 ROUND=30 end avg_acc=32.2050 best_acc=44.9750 duration=142.35s comm_mb=75.167 locations_after=[1, 2] checkpoint=logs_real/autorl_real_server/checkpoints/autorl_dfl_mm_seed1/checkpoint.pt
2026-05-25 16:38:44.227 | INFO     | __main__:<module>:234 - 2026-05-25 16:38:44 ROUND=31 start token_locations=[1, 2] active_clients=[0, 1, 2, 3, 4, 5, 6, 7, 8, 9]
2026-05-25 16:38:44.246 | INFO     | utils.ConnectHandler_server:send:28 - sending data (19699829 bytes) to client#1...
2026-05-25 16:38:45.835 | INFO     | utils.ConnectHandler_server:send:34 - sending data (19699829 bytes) to client#1 completely
2026-05-25 16:38:45.835 | INFO     | __main__:<module>:271 - 2026-05-25 16:38:45 SEND round=31 token=0 cid=1 payload_mb=18.787 duration=1.598s
2026-05-25 16:38:45.853 | INFO     | utils.ConnectHandler_server:send:28 - sending data (19699830 bytes) to client#2...
2026-05-25 16:38:47.528 | INFO     | utils.ConnectHandler_server:send:34 - sending data (19699830 bytes) to client#2 completely
2026-05-25 16:38:47.529 | INFO     | __main__:<module>:271 - 2026-05-25 16:38:47 SEND round=31 token=1 cid=2 payload_mb=18.787 duration=1.685s
2026-05-25 16:40:33.039 | INFO     | utils.ConnectHandler_server:receive:71 - 19696955bytes data to be received from client#2

  0%|          | 0/19696955 [00:00<?, ?iteration/s]
  6%|▌         | 1177224/19696955 [00:00<00:01, 11745032.93iteration/s]
 12%|█▏        | 2353000/19696955 [00:00<00:01, 11747844.19iteration/s]
 18%|█▊        | 3531672/19696955 [00:00<00:01, 11755689.36iteration/s]
 24%|██▍       | 4708896/19696955 [00:00<00:01, 11749074.12iteration/s]
 30%|██▉       | 5889016/19696955 [00:00<00:01, 11759691.81iteration/s]
 36%|███▌      | 7070584/19696955 [00:00<00:01, 11750919.10iteration/s]
 42%|████▏     | 8247808/19696955 [00:00<00:00, 11756870.22iteration/s]
 48%|████▊     | 9426480/19696955 [00:00<00:00, 11756436.78iteration/s]
 54%|█████▍    | 10608048/19696955 [00:00<00:00, 11765298.80iteration/s]
 60%|█████▉    | 11791064/19696955 [00:01<00:00, 11759249.89iteration/s]
 66%|██████▌   | 12975528/19696955 [00:01<00:00, 11752023.77iteration/s]
 72%|███████▏  | 14154200/19696955 [00:01<00:00, 11741859.20iteration/s]
 78%|███████▊  | 15337216/19696955 [00:01<00:00, 11748509.19iteration/s]
 84%|████████▍ | 16526024/19696955 [00:01<00:00, 11757048.46iteration/s]
 90%|████████▉ | 17714832/19696955 [00:01<00:00, 11758456.06iteration/s]
 96%|█████████▌| 18903640/19696955 [00:01<00:00, 11757336.71iteration/s]2026-05-25 16:40:34.717 | INFO     | utils.ConnectHandler_server:receive:80 - receive completed

100%|██████████| 19696955/19696955 [00:01<00:00, 11696982.75iteration/s]
2026-05-25 16:40:34.732 | INFO     | __main__:<module>:291 - 2026-05-25 16:40:34 RECV round=31 token=1 cid=2 train_duration=104.77015972137451 battery=142792.20J
2026-05-25 16:40:34.733 | INFO     | utils.ConnectHandler_server:send:28 - sending data (59 bytes) to client#2...
2026-05-25 16:40:34.733 | INFO     | utils.ConnectHandler_server:send:34 - sending data (59 bytes) to client#2 completely
2026-05-25 16:40:36.403 | INFO     | utils.ConnectHandler_server:receive:71 - 19696855bytes data to be received from client#1

  0%|          | 0/19696855 [00:00<?, ?iteration/s]
  6%|▌         | 1169984/19696855 [00:00<00:01, 11684473.55iteration/s]
 12%|█▏        | 2347208/19696855 [00:00<00:01, 11729026.49iteration/s]
 18%|█▊        | 3524432/19696855 [00:00<00:01, 11745646.21iteration/s]
 24%|██▍       | 4700208/19696855 [00:00<00:01, 11738140.03iteration/s]
 30%|██▉       | 5880328/19696855 [00:00<00:01, 11745577.48iteration/s]
 36%|███▌      | 7059000/19696855 [00:00<00:01, 11758691.88iteration/s]
 42%|████▏     | 8239120/19696855 [00:00<00:00, 11759539.25iteration/s]
 48%|████▊     | 9420688/19696855 [00:00<00:00, 11750298.73iteration/s]
 54%|█████▍    | 10603704/19696855 [00:00<00:00, 11753037.00iteration/s]
 60%|█████▉    | 11786720/19696855 [00:01<00:00, 11757416.68iteration/s]
 66%|██████▌   | 12963944/19696855 [00:01<00:00, 11761651.02iteration/s]
 72%|███████▏  | 14141168/19696855 [00:01<00:00, 11756675.69iteration/s]
 78%|███████▊  | 15321288/19696855 [00:01<00:00, 11761416.03iteration/s]
 84%|████████▍ | 16507200/19696855 [00:01<00:00, 11756541.64iteration/s]
 90%|████████▉ | 17693112/19696855 [00:01<00:00, 11756180.70iteration/s]
 96%|█████████▌| 18879024/19696855 [00:01<00:00, 11755359.71iteration/s]2026-05-25 16:40:38.081 | INFO     | utils.ConnectHandler_server:receive:80 - receive completed

100%|██████████| 19696855/19696855 [00:01<00:00, 11696696.48iteration/s]
2026-05-25 16:40:38.097 | INFO     | __main__:<module>:291 - 2026-05-25 16:40:38 RECV round=31 token=0 cid=1 train_duration=109.4674425125122 battery=142389.15J
2026-05-25 16:40:38.097 | INFO     | utils.ConnectHandler_server:send:28 - sending data (59 bytes) to client#1...
2026-05-25 16:40:38.097 | INFO     | utils.ConnectHandler_server:send:34 - sending data (59 bytes) to client#1 completely
2026-05-25 16:40:40.954 | INFO     | __main__:<module>:428 - 2026-05-25 16:40:40 ROUND=31 end avg_acc=26.9850 best_acc=44.9750 duration=116.65s comm_mb=75.138 locations_after=[0, 3] checkpoint=logs_real/autorl_real_server/checkpoints/autorl_dfl_mm_seed1/checkpoint.pt
2026-05-25 16:40:40.954 | INFO     | __main__:<module>:234 - 2026-05-25 16:40:40 ROUND=32 start token_locations=[0, 3] active_clients=[0, 1, 2, 3, 4, 5, 6, 7, 8, 9]
2026-05-25 16:40:40.977 | INFO     | utils.ConnectHandler_server:send:28 - sending data (19699833 bytes) to client#0...
2026-05-25 16:40:42.538 | INFO     | utils.ConnectHandler_server:send:34 - sending data (19699833 bytes) to client#0 completely
2026-05-25 16:40:42.539 | INFO     | __main__:<module>:271 - 2026-05-25 16:40:42 SEND round=32 token=0 cid=0 payload_mb=18.787 duration=1.575s
2026-05-25 16:40:42.557 | INFO     | utils.ConnectHandler_server:send:28 - sending data (19699835 bytes) to client#3...
2026-05-25 16:40:44.220 | INFO     | utils.ConnectHandler_server:send:34 - sending data (19699835 bytes) to client#3 completely
2026-05-25 16:40:44.220 | INFO     | __main__:<module>:271 - 2026-05-25 16:40:44 SEND round=32 token=1 cid=3 payload_mb=18.787 duration=1.672s
2026-05-25 16:42:10.049 | INFO     | utils.ConnectHandler_server:receive:71 - 19696953bytes data to be received from client#3

  0%|          | 0/19696953 [00:00<?, ?iteration/s]
  6%|▌         | 1178672/19696953 [00:00<00:01, 11772192.47iteration/s]
 12%|█▏        | 2355896/19696953 [00:00<00:01, 11702151.27iteration/s]
 18%|█▊        | 3528776/19696953 [00:00<00:01, 11697822.65iteration/s]
 24%|██▍       | 4703104/19696953 [00:00<00:01, 11713674.95iteration/s]
 30%|██▉       | 5877432/19696953 [00:00<00:01, 11713780.03iteration/s]
 36%|███▌      | 7057552/19696953 [00:00<00:01, 11728769.43iteration/s]
 42%|████▏     | 8237672/19696953 [00:00<00:00, 11738195.83iteration/s]
 48%|████▊     | 9417792/19696953 [00:00<00:00, 11747295.77iteration/s]
 54%|█████▍    | 10597912/19696953 [00:00<00:00, 11748473.77iteration/s]
 60%|█████▉    | 11775136/19696953 [00:01<00:00, 11752223.98iteration/s]
 66%|██████▌   | 12952360/19696953 [00:01<00:00, 11753599.38iteration/s]
 72%|███████▏  | 14136824/19696953 [00:01<00:00, 11752225.76iteration/s]
 78%|███████▊  | 15318392/19696953 [00:01<00:00, 11759438.60iteration/s]
 84%|████████▍ | 16501408/19696953 [00:01<00:00, 11759732.48iteration/s]
 90%|████████▉ | 17678632/19696953 [00:01<00:00, 11754104.94iteration/s]
 96%|█████████▌| 18864544/19696953 [00:01<00:00, 11755629.77iteration/s]2026-05-25 16:42:11.728 | INFO     | utils.ConnectHandler_server:receive:80 - receive completed

100%|██████████| 19696953/19696953 [00:01<00:00, 11689982.07iteration/s]
2026-05-25 16:42:11.744 | INFO     | __main__:<module>:291 - 2026-05-25 16:42:11 RECV round=32 token=1 cid=3 train_duration=85.12229442596436 battery=144070.71J
2026-05-25 16:42:11.744 | INFO     | utils.ConnectHandler_server:send:28 - sending data (59 bytes) to client#3...
2026-05-25 16:42:11.744 | INFO     | utils.ConnectHandler_server:send:34 - sending data (59 bytes) to client#3 completely
2026-05-25 16:42:32.179 | INFO     | utils.ConnectHandler_server:receive:71 - 19697059bytes data to be received from client#0

  0%|          | 0/19697059 [00:00<?, ?iteration/s]
  6%|▌         | 1168536/19697059 [00:00<00:01, 11673181.14iteration/s]
 12%|█▏        | 2345760/19697059 [00:00<00:01, 11728226.55iteration/s]
 18%|█▊        | 3522984/19697059 [00:00<00:01, 11741102.28iteration/s]
 24%|██▍       | 4700208/19697059 [00:00<00:01, 11747711.97iteration/s]
 30%|██▉       | 5878880/19697059 [00:00<00:01, 11746261.58iteration/s]
 36%|███▌      | 7054656/19697059 [00:00<00:01, 11746289.91iteration/s]
 42%|████▏     | 8234776/19697059 [00:00<00:00, 11756627.58iteration/s]
 48%|████▊     | 9410552/19697059 [00:00<00:00, 11756768.40iteration/s]
 54%|█████▎    | 10586328/19697059 [00:00<00:00, 11737920.66iteration/s]
 60%|█████▉    | 11767896/19697059 [00:01<00:00, 11744138.20iteration/s]
 66%|██████▌   | 12953808/19697059 [00:01<00:00, 11751225.49iteration/s]
 72%|███████▏  | 14133928/19697059 [00:01<00:00, 11759980.82iteration/s]
 78%|███████▊  | 15314048/19697059 [00:01<00:00, 11760831.52iteration/s]
 84%|████████▍ | 16498512/19697059 [00:01<00:00, 11755298.03iteration/s]
 90%|████████▉ | 17675736/19697059 [00:01<00:00, 11758049.22iteration/s]
 96%|█████████▌| 18854408/19697059 [00:01<00:00, 11751990.20iteration/s]2026-05-25 16:42:33.856 | INFO     | utils.ConnectHandler_server:receive:80 - receive completed

100%|██████████| 19697059/19697059 [00:01<00:00, 11700561.50iteration/s]
2026-05-25 16:42:33.874 | INFO     | __main__:<module>:291 - 2026-05-25 16:42:33 RECV round=32 token=0 cid=0 train_duration=108.57151126861572 battery=144316.87J
2026-05-25 16:42:33.874 | INFO     | utils.ConnectHandler_server:send:28 - sending data (59 bytes) to client#0...
2026-05-25 16:42:33.874 | INFO     | utils.ConnectHandler_server:send:34 - sending data (59 bytes) to client#0 completely
2026-05-25 16:42:36.708 | INFO     | __main__:<module>:428 - 2026-05-25 16:42:36 ROUND=32 end avg_acc=30.2650 best_acc=44.9750 duration=115.68s comm_mb=75.138 locations_after=[9, 4] checkpoint=logs_real/autorl_real_server/checkpoints/autorl_dfl_mm_seed1/checkpoint.pt
2026-05-25 16:42:36.708 | INFO     | __main__:<module>:234 - 2026-05-25 16:42:36 ROUND=33 start token_locations=[9, 4] active_clients=[0, 1, 2, 3, 4, 5, 6, 7, 8, 9]
2026-05-25 16:42:36.727 | INFO     | utils.ConnectHandler_server:send:28 - sending data (19723713 bytes) to client#9...
2026-05-25 16:42:38.362 | INFO     | utils.ConnectHandler_server:send:34 - sending data (19723713 bytes) to client#9 completely
2026-05-25 16:42:38.362 | INFO     | __main__:<module>:271 - 2026-05-25 16:42:38 SEND round=33 token=0 cid=9 payload_mb=18.810 duration=1.645s
2026-05-25 16:42:38.381 | INFO     | utils.ConnectHandler_server:send:28 - sending data (19699835 bytes) to client#4...
2026-05-25 16:42:39.995 | INFO     | utils.ConnectHandler_server:send:34 - sending data (19699835 bytes) to client#4 completely
2026-05-25 16:42:39.995 | INFO     | __main__:<module>:271 - 2026-05-25 16:42:39 SEND round=33 token=1 cid=4 payload_mb=18.787 duration=1.623s
2026-05-25 16:44:08.150 | INFO     | utils.ConnectHandler_server:receive:71 - 19697059bytes data to be received from client#4

  0%|          | 0/19697059 [00:00<?, ?iteration/s]
  6%|▌         | 1175776/19697059 [00:00<00:01, 11730753.81iteration/s]
 12%|█▏        | 2351552/19697059 [00:00<00:01, 11743801.14iteration/s]
 18%|█▊        | 3528776/19697059 [00:00<00:01, 11749676.16iteration/s]
 24%|██▍       | 4706000/19697059 [00:00<00:01, 11748592.60iteration/s]
 30%|██▉       | 5884672/19697059 [00:00<00:01, 11749535.71iteration/s]
 36%|███▌      | 7061896/19697059 [00:00<00:01, 11756420.26iteration/s]
 42%|████▏     | 8240568/19697059 [00:00<00:00, 11756341.55iteration/s]
 48%|████▊     | 9417792/19697059 [00:00<00:00, 11756534.05iteration/s]
 54%|█████▍    | 10593568/19697059 [00:00<00:00, 11751880.91iteration/s]
 60%|█████▉    | 11773688/19697059 [00:01<00:00, 11755485.84iteration/s]
 66%|██████▌   | 12956704/19697059 [00:01<00:00, 11760033.36iteration/s]
 72%|███████▏  | 14136824/19697059 [00:01<00:00, 11760625.51iteration/s]
 78%|███████▊  | 15316944/19697059 [00:01<00:00, 11757776.60iteration/s]
 84%|████████▍ | 16499960/19697059 [00:01<00:00, 11761188.07iteration/s]
 90%|████████▉ | 17680080/19697059 [00:01<00:00, 11757217.65iteration/s]
 96%|█████████▌| 18863096/19697059 [00:01<00:00, 11763649.99iteration/s]2026-05-25 16:44:09.827 | INFO     | utils.ConnectHandler_server:receive:80 - receive completed

100%|██████████| 19697059/19697059 [00:01<00:00, 11703435.64iteration/s]
2026-05-25 16:44:09.843 | INFO     | __main__:<module>:291 - 2026-05-25 16:44:09 RECV round=33 token=1 cid=4 train_duration=87.40333580970764 battery=144679.26J
2026-05-25 16:44:09.843 | INFO     | utils.ConnectHandler_server:send:28 - sending data (59 bytes) to client#4...
2026-05-25 16:44:09.843 | INFO     | utils.ConnectHandler_server:send:34 - sending data (59 bytes) to client#4 completely
2026-05-25 16:44:31.351 | INFO     | utils.ConnectHandler_server:receive:71 - 19694064bytes data to be received from client#9

  0%|          | 0/19694064 [00:00<?, ?iteration/s]
  6%|▌         | 1177862/19694064 [00:00<00:01, 11758586.44iteration/s]
 12%|█▏        | 2354310/19694064 [00:00<00:01, 11749690.72iteration/s]
 18%|█▊        | 3529344/19694064 [00:00<00:01, 11741423.11iteration/s]
 24%|██▍       | 4705792/19694064 [00:00<00:01, 11727716.04iteration/s]
 30%|██▉       | 5882240/19694064 [00:00<00:01, 11738121.88iteration/s]
 36%|███▌      | 7058688/19694064 [00:00<00:01, 11735105.63iteration/s]
 42%|████▏     | 8235136/19694064 [00:00<00:00, 11738932.63iteration/s]
 48%|████▊     | 9411584/19694064 [00:00<00:00, 11739138.94iteration/s]
 54%|█████▍    | 10593688/19694064 [00:00<00:00, 11747135.67iteration/s]
 60%|█████▉    | 11768722/19694064 [00:01<00:00, 11745607.06iteration/s]
 66%|██████▌   | 12952240/19694064 [00:01<00:00, 11742799.06iteration/s]
 72%|███████▏  | 14131516/19694064 [00:01<00:00, 11750818.84iteration/s]
 78%|███████▊  | 15309378/19694064 [00:01<00:00, 11738468.85iteration/s]
 84%|████████▍ | 16495724/19694064 [00:01<00:00, 11748917.14iteration/s]
 90%|████████▉ | 17672172/19694064 [00:01<00:00, 11744528.99iteration/s]
 96%|█████████▌| 18857104/19694064 [00:01<00:00, 11744116.59iteration/s]2026-05-25 16:44:33.029 | INFO     | utils.ConnectHandler_server:receive:80 - receive completed

100%|██████████| 19694064/19694064 [00:01<00:00, 11692251.38iteration/s]
2026-05-25 16:44:33.045 | INFO     | __main__:<module>:291 - 2026-05-25 16:44:33 RECV round=33 token=0 cid=9 train_duration=112.66828966140747 battery=136557.72J
2026-05-25 16:44:33.045 | INFO     | utils.ConnectHandler_server:send:28 - sending data (59 bytes) to client#9...
2026-05-25 16:44:33.045 | INFO     | utils.ConnectHandler_server:send:34 - sending data (59 bytes) to client#9 completely
2026-05-25 16:44:35.901 | INFO     | __main__:<module>:428 - 2026-05-25 16:44:35 ROUND=33 end avg_acc=52.9500 best_acc=52.9500 duration=119.12s comm_mb=75.161 locations_after=[9, 9] checkpoint=logs_real/autorl_real_server/checkpoints/autorl_dfl_mm_seed1/checkpoint.pt
2026-05-25 16:44:35.915 | INFO     | __main__:aggregate_collided_tokens:57 - 2026-05-25 16:44:35 AGG_COLLISION cid=9 tokens=[0, 1]
2026-05-25 16:44:35.915 | INFO     | __main__:<module>:234 - 2026-05-25 16:44:35 ROUND=34 start token_locations=[9, 9] active_clients=[0, 1, 2, 3, 4, 5, 6, 7, 8, 9]
2026-05-25 16:44:35.933 | INFO     | utils.ConnectHandler_server:send:28 - sending data (19723713 bytes) to client#9...
2026-05-25 16:44:37.539 | INFO     | utils.ConnectHandler_server:send:34 - sending data (19723713 bytes) to client#9 completely
2026-05-25 16:44:37.539 | INFO     | __main__:<module>:271 - 2026-05-25 16:44:37 SEND round=34 token=0 cid=9 payload_mb=18.810 duration=1.615s
2026-05-25 16:44:37.557 | INFO     | utils.ConnectHandler_server:send:28 - sending data (19723713 bytes) to client#9...


nohup: 忽略输入
2026-05-25 19:31:45.981 | INFO     | __main__:<module>:212 - Starting AutoRL real server device=cuda:0 dataset=cifar10 model=resnet8 beta=0.1 users=10 token_count=2 seed=1
2026-05-25 19:31:47.114 | INFO     | __main__:<module>:255 - Resumed AutoRL server from checkpoint=logs_real/autorl_real_server/checkpoints/autorl_dfl_mm_seed1/checkpoint.pt start_round=34
2026-05-25 19:31:47.114 | INFO     | __main__:<module>:259 - Token locations at start_round=34: [9, 9] waiting_clients=10
2026-05-25 19:31:47.114 | DEBUG    | utils.ConnectHandler_server:__init__:141 - server boot...
2026-05-25 19:31:47.114 | DEBUG    | utils.ConnectHandler_server:register:120 - waiting clients to connect...
2026-05-25 19:32:44.686 | DEBUG    | utils.ConnectHandler_server:register:125 - client addr:('192.0.2.121', 51632) connected
2026-05-25 19:32:44.689 | INFO     | utils.ConnectHandler_server:receive:71 - 18bytes data to be received from client#('192.0.2.121', 51632)

═════════════════════════ 数据分配最终审计 ═════════════════════════
✅ ID 0 (Nano  ) | 样本:  2000 | 类别:  5/10 | 不均衡度: 466.3
✅ ID 1 (Nano  ) | 样本:  2000 | 类别:  6/10 | 不均衡度: 235.2
✅ ID 2 (Nano  ) | 样本:  2000 | 类别:  3/10 | 不均衡度: 587.1
✅ ID 3 (Nano  ) | 样本:  2000 | 类别:  5/10 | 不均衡度: 445.1
✅ ID 4 (Nano  ) | 样本:  2000 | 类别:  5/10 | 不均衡度: 567.5
✅ ID 5 (Nano  ) | 样本:  2000 | 类别:  4/10 | 不均衡度: 539.8
✅ ID 6 (Nano  ) | 样本:  2000 | 类别:  4/10 | 不均衡度: 437.7
✅ ID 7 (Xavier) | 样本: 12000 | 类别:  5/10 | 不均衡度: 1819.2
✅ ID 8 (Xavier) | 样本: 14032 | 类别:  6/10 | 不均衡度: 1954.3
✅ ID 9 (Orin  ) | 样本:  9968 | 类别:  7/10 | 不均衡度: 1561.5
Total samples: 50000/50000
══════════════════════════════════════════════════════════════════


  0%|          | 0/18 [00:00<?, ?iteration/s]2026-05-25 19:32:44.692 | INFO     | utils.ConnectHandler_server:receive:80 - receive completed

100%|██████████| 18/18 [00:00<00:00, 36244.59iteration/s]
2026-05-25 19:32:44.693 | INFO     | utils.ConnectHandler_server:register:128 - receive msg from client#0
2026-05-25 19:32:44.693 | DEBUG    | utils.ConnectHandler_server:register:131 - client#0 registered
2026-05-25 19:32:49.795 | DEBUG    | utils.ConnectHandler_server:register:125 - client addr:('192.0.2.231', 38816) connected
2026-05-25 19:32:49.797 | INFO     | utils.ConnectHandler_server:receive:71 - 18bytes data to be received from client#('192.0.2.231', 38816)

  0%|          | 0/18 [00:00<?, ?iteration/s]2026-05-25 19:32:49.798 | INFO     | utils.ConnectHandler_server:receive:80 - receive completed

100%|██████████| 18/18 [00:00<00:00, 36279.42iteration/s]
2026-05-25 19:32:49.799 | INFO     | utils.ConnectHandler_server:register:128 - receive msg from client#2
2026-05-25 19:32:49.799 | DEBUG    | utils.ConnectHandler_server:register:131 - client#2 registered
2026-05-25 19:32:54.351 | DEBUG    | utils.ConnectHandler_server:register:125 - client addr:('192.0.2.237', 48338) connected
2026-05-25 19:32:54.354 | INFO     | utils.ConnectHandler_server:receive:71 - 18bytes data to be received from client#('192.0.2.237', 48338)

  0%|          | 0/18 [00:00<?, ?iteration/s]2026-05-25 19:32:54.355 | INFO     | utils.ConnectHandler_server:receive:80 - receive completed

100%|██████████| 18/18 [00:00<00:00, 14496.44iteration/s]
2026-05-25 19:32:54.356 | INFO     | utils.ConnectHandler_server:register:128 - receive msg from client#1
2026-05-25 19:32:54.356 | DEBUG    | utils.ConnectHandler_server:register:131 - client#1 registered
2026-05-25 19:32:55.549 | DEBUG    | utils.ConnectHandler_server:register:125 - client addr:('192.0.2.7', 36294) connected
2026-05-25 19:32:55.551 | INFO     | utils.ConnectHandler_server:receive:71 - 18bytes data to be received from client#('192.0.2.7', 36294)

  0%|          | 0/18 [00:00<?, ?iteration/s]2026-05-25 19:32:55.552 | INFO     | utils.ConnectHandler_server:receive:80 - receive completed

100%|██████████| 18/18 [00:00<00:00, 41527.76iteration/s]
2026-05-25 19:32:55.553 | INFO     | utils.ConnectHandler_server:register:128 - receive msg from client#3
2026-05-25 19:32:55.554 | DEBUG    | utils.ConnectHandler_server:register:131 - client#3 registered
2026-05-25 19:32:58.848 | DEBUG    | utils.ConnectHandler_server:register:125 - client addr:('192.0.2.161', 41032) connected
2026-05-25 19:32:58.850 | INFO     | utils.ConnectHandler_server:receive:71 - 18bytes data to be received from client#('192.0.2.161', 41032)

  0%|          | 0/18 [00:00<?, ?iteration/s]2026-05-25 19:32:58.851 | INFO     | utils.ConnectHandler_server:receive:80 - receive completed

100%|██████████| 18/18 [00:00<00:00, 40721.40iteration/s]
2026-05-25 19:32:58.852 | INFO     | utils.ConnectHandler_server:register:128 - receive msg from client#4
2026-05-25 19:32:58.852 | DEBUG    | utils.ConnectHandler_server:register:131 - client#4 registered
2026-05-25 19:33:07.854 | DEBUG    | utils.ConnectHandler_server:register:125 - client addr:('192.0.2.239', 50692) connected
2026-05-25 19:33:07.856 | INFO     | utils.ConnectHandler_server:receive:71 - 18bytes data to be received from client#('192.0.2.239', 50692)

  0%|          | 0/18 [00:00<?, ?iteration/s]2026-05-25 19:33:07.857 | INFO     | utils.ConnectHandler_server:receive:80 - receive completed

100%|██████████| 18/18 [00:00<00:00, 43092.16iteration/s]
2026-05-25 19:33:07.858 | INFO     | utils.ConnectHandler_server:register:128 - receive msg from client#5
2026-05-25 19:33:07.858 | DEBUG    | utils.ConnectHandler_server:register:131 - client#5 registered
2026-05-25 19:33:14.903 | DEBUG    | utils.ConnectHandler_server:register:125 - client addr:('192.0.2.142', 35628) connected
2026-05-25 19:33:14.905 | INFO     | utils.ConnectHandler_server:receive:71 - 18bytes data to be received from client#('192.0.2.142', 35628)

  0%|          | 0/18 [00:00<?, ?iteration/s]2026-05-25 19:33:14.906 | INFO     | utils.ConnectHandler_server:receive:80 - receive completed

100%|██████████| 18/18 [00:00<00:00, 43314.67iteration/s]
2026-05-25 19:33:14.907 | INFO     | utils.ConnectHandler_server:register:128 - receive msg from client#6
2026-05-25 19:33:14.907 | DEBUG    | utils.ConnectHandler_server:register:131 - client#6 registered
2026-05-25 19:33:15.875 | DEBUG    | utils.ConnectHandler_server:register:125 - client addr:('192.0.2.243', 33200) connected
2026-05-25 19:33:15.877 | INFO     | utils.ConnectHandler_server:receive:71 - 18bytes data to be received from client#('192.0.2.243', 33200)

  0%|          | 0/18 [00:00<?, ?iteration/s]2026-05-25 19:33:15.879 | INFO     | utils.ConnectHandler_server:receive:80 - receive completed

100%|██████████| 18/18 [00:00<00:00, 39280.68iteration/s]
2026-05-25 19:33:15.879 | INFO     | utils.ConnectHandler_server:register:128 - receive msg from client#7
2026-05-25 19:33:15.880 | DEBUG    | utils.ConnectHandler_server:register:131 - client#7 registered
2026-05-25 19:33:33.224 | DEBUG    | utils.ConnectHandler_server:register:125 - client addr:('192.0.2.198', 58796) connected
2026-05-25 19:33:33.229 | INFO     | utils.ConnectHandler_server:receive:71 - 18bytes data to be received from client#('192.0.2.198', 58796)

  0%|          | 0/18 [00:00<?, ?iteration/s]2026-05-25 19:33:33.230 | INFO     | utils.ConnectHandler_server:receive:80 - receive completed

100%|██████████| 18/18 [00:00<00:00, 18526.99iteration/s]
2026-05-25 19:33:33.231 | INFO     | utils.ConnectHandler_server:register:128 - receive msg from client#8
2026-05-25 19:33:33.231 | DEBUG    | utils.ConnectHandler_server:register:131 - client#8 registered
2026-05-25 19:33:38.636 | DEBUG    | utils.ConnectHandler_server:register:125 - client addr:('192.0.2.19', 40686) connected
2026-05-25 19:33:38.637 | INFO     | utils.ConnectHandler_server:receive:71 - 22bytes data to be received from client#('192.0.2.19', 40686)

  0%|          | 0/22 [00:00<?, ?iteration/s]2026-05-25 19:33:38.638 | INFO     | utils.ConnectHandler_server:receive:80 - receive completed

100%|██████████| 22/22 [00:00<00:00, 48463.60iteration/s]
2026-05-25 19:33:38.639 | INFO     | utils.ConnectHandler_server:register:128 - receive msg from client#9
2026-05-25 19:33:38.639 | DEBUG    | utils.ConnectHandler_server:register:131 - client#9 registered
2026-05-25 19:33:38.639 | DEBUG    | utils.ConnectHandler_server:register:135 - all clients are ready
2026-05-25 19:33:38.656 | INFO     | __main__:aggregate_collided_tokens:99 - 2026-05-25 19:33:38 AGG_COLLISION cid=9 tokens=[0, 1]
2026-05-25 19:33:38.656 | INFO     | __main__:<module>:279 - 2026-05-25 19:33:38 PRE_SEND_RELOCATE round=34 {'token_id': 1, 'src': 9, 'dst': 4, 'reason': 'duplicate_or_inactive_location'}
2026-05-25 19:33:38.656 | INFO     | __main__:<module>:281 - 2026-05-25 19:33:38 ROUND=34 start token_locations=[9, 4] active_clients=[0, 1, 2, 3, 4, 5, 6, 7, 8, 9]
2026-05-25 19:33:38.680 | INFO     | utils.ConnectHandler_server:send:28 - sending data (19723713 bytes) to client#9...
2026-05-25 19:33:40.324 | INFO     | utils.ConnectHandler_server:send:34 - sending data (19723713 bytes) to client#9 completely
2026-05-25 19:33:40.324 | INFO     | __main__:<module>:325 - 2026-05-25 19:33:40 SEND round=34 token=0 cid=9 payload_mb=18.810 duration=1.654s
2026-05-25 19:33:40.344 | INFO     | utils.ConnectHandler_server:send:28 - sending data (19699835 bytes) to client#4...
2026-05-25 19:33:42.003 | INFO     | utils.ConnectHandler_server:send:34 - sending data (19699835 bytes) to client#4 completely
2026-05-25 19:33:42.003 | INFO     | __main__:<module>:325 - 2026-05-25 19:33:42 SEND round=34 token=1 cid=4 payload_mb=18.787 duration=1.669s
2026-05-25 19:35:30.740 | INFO     | utils.ConnectHandler_server:receive:71 - 19697025bytes data to be received from client#4

  0%|          | 0/19697025 [00:00<?, ?iteration/s]
  6%|▌         | 1169984/19697025 [00:00<00:01, 11698958.60iteration/s]
 12%|█▏        | 2345760/19697025 [00:00<00:01, 11729210.56iteration/s]
 18%|█▊        | 3524432/19697025 [00:00<00:01, 11743620.93iteration/s]
 24%|██▍       | 4703104/19697025 [00:00<00:01, 11744290.56iteration/s]
 30%|██▉       | 5878880/19697025 [00:00<00:01, 11744617.56iteration/s]
 36%|███▌      | 7054656/19697025 [00:00<00:01, 11743113.45iteration/s]
 42%|████▏     | 8234776/19697025 [00:00<00:00, 11747588.72iteration/s]
 48%|████▊     | 9412000/19697025 [00:00<00:00, 11748625.57iteration/s]
 54%|█████▍    | 10593568/19697025 [00:00<00:00, 11755693.08iteration/s]
 60%|█████▉    | 11776584/19697025 [00:01<00:00, 11757902.77iteration/s]
 66%|██████▌   | 12961048/19697025 [00:01<00:00, 11746024.56iteration/s]
 72%|███████▏  | 14146960/19697025 [00:01<00:00, 11745828.65iteration/s]
 78%|███████▊  | 15325632/19697025 [00:01<00:00, 11752533.67iteration/s]
 84%|████████▍ | 16515888/19697025 [00:01<00:00, 11752807.64iteration/s]
 90%|████████▉ | 17701800/19697025 [00:01<00:00, 11750666.64iteration/s]
 96%|█████████▌| 18881920/19697025 [00:01<00:00, 11752552.31iteration/s]2026-05-25 19:35:32.419 | INFO     | utils.ConnectHandler_server:receive:80 - receive completed

100%|██████████| 19697025/19697025 [00:01<00:00, 11672944.41iteration/s]
2026-05-25 19:35:32.438 | INFO     | __main__:<module>:345 - 2026-05-25 19:35:32 RECV round=34 token=1 cid=4 train_duration=99.63439750671387 battery=143829.33J
2026-05-25 19:35:32.438 | INFO     | utils.ConnectHandler_server:send:28 - sending data (59 bytes) to client#4...
2026-05-25 19:35:32.438 | INFO     | utils.ConnectHandler_server:send:34 - sending data (59 bytes) to client#4 completely
2026-05-25 19:35:34.151 | INFO     | utils.ConnectHandler_server:receive:71 - 19694064bytes data to be received from client#9

  0%|          | 0/19694064 [00:00<?, ?iteration/s]
  6%|▌         | 1180690/19694064 [00:00<00:01, 11784097.71iteration/s]
 12%|█▏        | 2359966/19694064 [00:00<00:01, 11760535.99iteration/s]
 18%|█▊        | 3536414/19694064 [00:00<00:01, 11751764.19iteration/s]
 24%|██▍       | 4714276/19694064 [00:00<00:01, 11740200.26iteration/s]
 30%|██▉       | 5893552/19694064 [00:00<00:01, 11737678.51iteration/s]
 36%|███▌      | 7070000/19694064 [00:00<00:01, 11737044.34iteration/s]
 42%|████▏     | 8249276/19694064 [00:00<00:00, 11736301.09iteration/s]
 48%|████▊     | 9428552/19694064 [00:00<00:00, 11738280.58iteration/s]
 54%|█████▍    | 10610656/19694064 [00:00<00:00, 11735456.78iteration/s]
 60%|█████▉    | 11789932/19694064 [00:01<00:00, 11733965.47iteration/s]
 66%|██████▌   | 12974864/19694064 [00:01<00:00, 11740235.16iteration/s]
 72%|███████▏  | 14154140/19694064 [00:01<00:00, 11735782.05iteration/s]
 78%|███████▊  | 15333416/19694064 [00:01<00:00, 11740527.22iteration/s]
 84%|████████▍ | 16518348/19694064 [00:01<00:00, 11731587.66iteration/s]
 90%|████████▉ | 17703280/19694064 [00:01<00:00, 11741411.31iteration/s]
 96%|█████████▌| 18881142/19694064 [00:01<00:00, 11736317.53iteration/s]2026-05-25 19:35:35.830 | INFO     | utils.ConnectHandler_server:receive:80 - receive completed

100%|██████████| 19694064/19694064 [00:01<00:00, 11672505.74iteration/s]
2026-05-25 19:35:35.852 | INFO     | __main__:<module>:345 - 2026-05-25 19:35:35 RECV round=34 token=0 cid=9 train_duration=113.32089567184448 battery=134648.58J
2026-05-25 19:35:35.852 | INFO     | utils.ConnectHandler_server:send:28 - sending data (59 bytes) to client#9...
2026-05-25 19:35:35.852 | INFO     | utils.ConnectHandler_server:send:34 - sending data (59 bytes) to client#9 completely
2026-05-25 19:35:39.025 | INFO     | __main__:<module>:482 - 2026-05-25 19:35:38 ROUND=34 end avg_acc=53.8050 best_acc=53.8050 duration=120.32s comm_mb=75.161 locations_after=[8, 7] checkpoint=logs_real/autorl_real_server/checkpoints/autorl_dfl_mm_seed1/checkpoint.pt
2026-05-25 19:35:39.026 | INFO     | __main__:<module>:281 - 2026-05-25 19:35:39 ROUND=35 start token_locations=[8, 7] active_clients=[0, 1, 2, 3, 4, 5, 6, 7, 8, 9]
2026-05-25 19:35:39.053 | INFO     | utils.ConnectHandler_server:send:28 - sending data (19735898 bytes) to client#8...
2026-05-25 19:35:40.690 | INFO     | utils.ConnectHandler_server:send:34 - sending data (19735898 bytes) to client#8 completely
2026-05-25 19:35:40.690 | INFO     | __main__:<module>:325 - 2026-05-25 19:35:40 SEND round=35 token=0 cid=8 payload_mb=18.822 duration=1.651s
2026-05-25 19:35:40.709 | INFO     | utils.ConnectHandler_server:send:28 - sending data (19729801 bytes) to client#7...
2026-05-25 19:35:42.383 | INFO     | utils.ConnectHandler_server:send:34 - sending data (19729801 bytes) to client#7 completely
2026-05-25 19:35:42.383 | INFO     | __main__:<module>:325 - 2026-05-25 19:35:42 SEND round=35 token=1 cid=7 payload_mb=18.816 duration=1.684s
2026-05-25 19:37:53.638 | INFO     | utils.ConnectHandler_server:receive:71 - 19697437bytes data to be received from client#7

  0%|          | 0/19697437 [00:00<?, ?iteration/s]
  6%|▌         | 1174328/19697437 [00:00<00:01, 11726767.54iteration/s]
 12%|█▏        | 2350104/19697437 [00:00<00:01, 11741061.23iteration/s]
 18%|█▊        | 3527328/19697437 [00:00<00:01, 11728075.53iteration/s]
 24%|██▍       | 4700208/19697437 [00:00<00:01, 11686417.62iteration/s]
 30%|██▉       | 5873088/19697437 [00:00<00:01, 11691475.26iteration/s]
 36%|███▌      | 7050312/19697437 [00:00<00:01, 11708186.33iteration/s]
 42%|████▏     | 8227536/19697437 [00:00<00:00, 11725650.37iteration/s]
 48%|████▊     | 9404760/19697437 [00:00<00:00, 11724984.37iteration/s]
 54%|█████▎    | 10584880/19697437 [00:00<00:00, 11734432.02iteration/s]
 60%|█████▉    | 11766448/19697437 [00:01<00:00, 11729545.89iteration/s]
 66%|██████▌   | 12946568/19697437 [00:01<00:00, 11740126.47iteration/s]
 72%|███████▏  | 14128136/19697437 [00:01<00:00, 11737268.87iteration/s]
 78%|███████▊  | 15312600/19697437 [00:01<00:00, 11735157.58iteration/s]
 84%|████████▍ | 16497064/19697437 [00:01<00:00, 11734616.12iteration/s]
 90%|████████▉ | 17672840/19697437 [00:01<00:00, 11732802.26iteration/s]
 96%|█████████▌| 18858752/19697437 [00:01<00:00, 11728333.08iteration/s]2026-05-25 19:37:55.319 | INFO     | utils.ConnectHandler_server:receive:80 - receive completed

100%|██████████| 19697437/19697437 [00:01<00:00, 11660112.45iteration/s]
2026-05-25 19:37:55.337 | INFO     | __main__:<module>:345 - 2026-05-25 19:37:55 RECV round=35 token=1 cid=7 train_duration=127.32129263877869 battery=132045.76J
2026-05-25 19:37:55.337 | INFO     | utils.ConnectHandler_server:send:28 - sending data (59 bytes) to client#7...
2026-05-25 19:37:55.337 | INFO     | utils.ConnectHandler_server:send:34 - sending data (59 bytes) to client#7 completely
2026-05-25 19:39:45.397 | INFO     | utils.ConnectHandler_server:receive:71 - 19697437bytes data to be received from client#8

  0%|          | 0/19697437 [00:00<?, ?iteration/s]
  6%|▌         | 1161296/19697437 [00:00<00:01, 11601436.85iteration/s]
 12%|█▏        | 2334176/19697437 [00:00<00:01, 11668284.31iteration/s]
 18%|█▊        | 3507056/19697437 [00:00<00:01, 11680578.95iteration/s]
 24%|██▍       | 4678488/19697437 [00:00<00:01, 11680293.60iteration/s]
 30%|██▉       | 5851368/19697437 [00:00<00:01, 11694360.11iteration/s]
 36%|███▌      | 7028592/19697437 [00:00<00:01, 11713253.44iteration/s]
 42%|████▏     | 8202920/19697437 [00:00<00:00, 11720889.82iteration/s]
 48%|████▊     | 9380144/19697437 [00:00<00:00, 11726270.41iteration/s]
 54%|█████▎    | 10563160/19697437 [00:00<00:00, 11735368.20iteration/s]
 60%|█████▉    | 11740384/19697437 [00:01<00:00, 11735077.40iteration/s]
 66%|██████▌   | 12920504/19697437 [00:01<00:00, 11742627.94iteration/s]
 72%|███████▏  | 14094832/19697437 [00:01<00:00, 11740849.73iteration/s]
 78%|███████▊  | 15279296/19697437 [00:01<00:00, 11738040.77iteration/s]
 84%|████████▎ | 16460864/19697437 [00:01<00:00, 11734322.28iteration/s]
 90%|████████▉ | 17639536/19697437 [00:01<00:00, 11732848.48iteration/s]
 96%|█████████▌| 18826896/19697437 [00:01<00:00, 11728228.40iteration/s]2026-05-25 19:39:47.078 | INFO     | utils.ConnectHandler_server:receive:80 - receive completed

100%|██████████| 19697437/19697437 [00:01<00:00, 11656031.03iteration/s]
2026-05-25 19:39:47.097 | INFO     | __main__:<module>:345 - 2026-05-25 19:39:47 RECV round=35 token=0 cid=8 train_duration=237.54518342018127 battery=125142.31J
2026-05-25 19:39:47.097 | INFO     | utils.ConnectHandler_server:send:28 - sending data (59 bytes) to client#8...
2026-05-25 19:39:47.097 | INFO     | utils.ConnectHandler_server:send:34 - sending data (59 bytes) to client#8 completely
2026-05-25 19:39:49.986 | INFO     | __main__:<module>:482 - 2026-05-25 19:39:49 ROUND=35 end avg_acc=44.4650 best_acc=53.8050 duration=250.90s comm_mb=75.201 locations_after=[7, 8] checkpoint=logs_real/autorl_real_server/checkpoints/autorl_dfl_mm_seed1/checkpoint.pt
2026-05-25 19:39:49.986 | INFO     | __main__:<module>:281 - 2026-05-25 19:39:49 ROUND=36 start token_locations=[7, 8] active_clients=[0, 1, 2, 3, 4, 5, 6, 7, 8, 9]
2026-05-25 19:39:50.010 | INFO     | utils.ConnectHandler_server:send:28 - sending data (19729801 bytes) to client#7...
2026-05-25 19:39:51.663 | INFO     | utils.ConnectHandler_server:send:34 - sending data (19729801 bytes) to client#7 completely
2026-05-25 19:39:51.663 | INFO     | __main__:<module>:325 - 2026-05-25 19:39:51 SEND round=36 token=0 cid=7 payload_mb=18.816 duration=1.666s
2026-05-25 19:39:51.684 | INFO     | utils.ConnectHandler_server:send:28 - sending data (19735898 bytes) to client#8...
2026-05-25 19:39:53.314 | INFO     | utils.ConnectHandler_server:send:34 - sending data (19735898 bytes) to client#8 completely
2026-05-25 19:39:53.314 | INFO     | __main__:<module>:325 - 2026-05-25 19:39:53 SEND round=36 token=1 cid=8 payload_mb=18.822 duration=1.641s
2026-05-25 19:41:46.098 | INFO     | utils.ConnectHandler_server:receive:71 - 19697437bytes data to be received from client#7

  0%|          | 0/19697437 [00:00<?, ?iteration/s]
  6%|▌         | 1174328/19697437 [00:00<00:01, 11719931.25iteration/s]
 12%|█▏        | 2347208/19697437 [00:00<00:01, 11686224.55iteration/s]
 18%|█▊        | 3518640/19697437 [00:00<00:01, 11657256.71iteration/s]
 24%|██▍       | 4685728/19697437 [00:00<00:01, 11652674.68iteration/s]
 30%|██▉       | 5861504/19697437 [00:00<00:01, 11683305.13iteration/s]
 36%|███▌      | 7037280/19697437 [00:00<00:01, 11703975.46iteration/s]
 42%|████▏     | 8215952/19697437 [00:00<00:00, 11727843.05iteration/s]
 48%|████▊     | 9391728/19697437 [00:00<00:00, 11731293.26iteration/s]
 54%|█████▎    | 10568952/19697437 [00:00<00:00, 11730319.66iteration/s]
 60%|█████▉    | 11744728/19697437 [00:01<00:00, 11735985.96iteration/s]
 66%|██████▌   | 12923400/19697437 [00:01<00:00, 11719334.67iteration/s]
 72%|███████▏  | 14102072/19697437 [00:01<00:00, 11729446.60iteration/s]
 78%|███████▊  | 15285088/19697437 [00:01<00:00, 11744879.39iteration/s]
 84%|████████▎ | 16468104/19697437 [00:01<00:00, 11743077.84iteration/s]
 90%|████████▉ | 17652568/19697437 [00:01<00:00, 11740150.55iteration/s]
 96%|█████████▌| 18826896/19697437 [00:01<00:00, 11728756.93iteration/s]2026-05-25 19:41:47.781 | INFO     | utils.ConnectHandler_server:receive:80 - receive completed

100%|██████████| 19697437/19697437 [00:01<00:00, 11649028.06iteration/s]
2026-05-25 19:41:47.800 | INFO     | __main__:<module>:345 - 2026-05-25 19:41:47 RECV round=36 token=0 cid=7 train_duration=114.01638770103455 battery=130290.97J
2026-05-25 19:41:47.800 | INFO     | utils.ConnectHandler_server:send:28 - sending data (59 bytes) to client#7...
2026-05-25 19:41:47.800 | INFO     | utils.ConnectHandler_server:send:34 - sending data (59 bytes) to client#7 completely
2026-05-25 19:43:44.813 | INFO     | utils.ConnectHandler_server:receive:71 - 19697437bytes data to be received from client#8

  0%|          | 0/19697437 [00:00<?, ?iteration/s]
  6%|▌         | 1162744/19697437 [00:00<00:01, 11614049.09iteration/s]
 12%|█▏        | 2329832/19697437 [00:00<00:01, 11644841.59iteration/s]
 18%|█▊        | 3495472/19697437 [00:00<00:01, 11629013.36iteration/s]
 24%|██▎       | 4661112/19697437 [00:00<00:01, 11614475.53iteration/s]
 30%|██▉       | 5838336/19697437 [00:00<00:01, 11656104.65iteration/s]
 36%|███▌      | 7017008/19697437 [00:00<00:01, 11685548.42iteration/s]
 42%|████▏     | 8194232/19697437 [00:00<00:00, 11696835.45iteration/s]
 48%|████▊     | 9370008/19697437 [00:00<00:00, 11702593.61iteration/s]
 54%|█████▎    | 10548680/19697437 [00:00<00:00, 11714423.95iteration/s]
 60%|█████▉    | 11724456/19697437 [00:01<00:00, 11717680.60iteration/s]
 66%|██████▌   | 12904576/19697437 [00:01<00:00, 11727228.55iteration/s]
 71%|███████▏  | 14081800/19697437 [00:01<00:00, 11728213.72iteration/s]
 77%|███████▋  | 15260472/19697437 [00:01<00:00, 11732760.24iteration/s]
 83%|████████▎ | 16439144/19697437 [00:01<00:00, 11724816.10iteration/s]
 89%|████████▉ | 17613472/19697437 [00:01<00:00, 11722045.66iteration/s]
 95%|█████████▌| 18792144/19697437 [00:01<00:00, 11727085.70iteration/s]2026-05-25 19:43:46.498 | INFO     | utils.ConnectHandler_server:receive:80 - receive completed

100%|██████████| 19697437/19697437 [00:01<00:00, 11637736.86iteration/s]
2026-05-25 19:43:46.516 | INFO     | __main__:<module>:345 - 2026-05-25 19:43:46 RECV round=36 token=1 cid=8 train_duration=230.70857191085815 battery=121591.54J
2026-05-25 19:43:46.516 | INFO     | utils.ConnectHandler_server:send:28 - sending data (59 bytes) to client#8...
2026-05-25 19:43:46.516 | INFO     | utils.ConnectHandler_server:send:34 - sending data (59 bytes) to client#8 completely
2026-05-25 19:43:49.414 | INFO     | __main__:<module>:482 - 2026-05-25 19:43:49 ROUND=36 end avg_acc=50.3050 best_acc=53.8050 duration=239.36s comm_mb=75.201 locations_after=[4, 3] checkpoint=logs_real/autorl_real_server/checkpoints/autorl_dfl_mm_seed1/checkpoint.pt
2026-05-25 19:43:49.414 | INFO     | __main__:<module>:281 - 2026-05-25 19:43:49 ROUND=37 start token_locations=[4, 3] active_clients=[0, 1, 2, 3, 4, 5, 6, 7, 8, 9]
2026-05-25 19:43:49.433 | INFO     | utils.ConnectHandler_server:send:28 - sending data (19699835 bytes) to client#4...
2026-05-25 19:43:51.069 | INFO     | utils.ConnectHandler_server:send:34 - sending data (19699835 bytes) to client#4 completely
2026-05-25 19:43:51.069 | INFO     | __main__:<module>:325 - 2026-05-25 19:43:51 SEND round=37 token=0 cid=4 payload_mb=18.787 duration=1.645s
2026-05-25 19:43:51.088 | INFO     | utils.ConnectHandler_server:send:28 - sending data (19699835 bytes) to client#3...
2026-05-25 19:43:52.767 | INFO     | utils.ConnectHandler_server:send:34 - sending data (19699835 bytes) to client#3 completely
2026-05-25 19:43:52.767 | INFO     | __main__:<module>:325 - 2026-05-25 19:43:52 SEND round=37 token=1 cid=3 payload_mb=18.787 duration=1.689s
2026-05-25 19:45:18.686 | INFO     | utils.ConnectHandler_server:receive:71 - 19696955bytes data to be received from client#4

  0%|          | 0/19696955 [00:00<?, ?iteration/s]
  6%|▌         | 1171432/19696955 [00:00<00:01, 11707855.19iteration/s]
 12%|█▏        | 2347208/19696955 [00:00<00:01, 11729070.17iteration/s]
 18%|█▊        | 3524432/19696955 [00:00<00:01, 11737270.45iteration/s]
 24%|██▍       | 4701656/19696955 [00:00<00:01, 11740590.24iteration/s]
 30%|██▉       | 5880328/19696955 [00:00<00:01, 11744330.55iteration/s]
 36%|███▌      | 7057552/19696955 [00:00<00:01, 11745538.34iteration/s]
 42%|████▏     | 8237672/19696955 [00:00<00:00, 11739864.39iteration/s]
 48%|████▊     | 9419240/19696955 [00:00<00:00, 11747126.16iteration/s]
 54%|█████▍    | 10597912/19696955 [00:00<00:00, 11754799.87iteration/s]
 60%|█████▉    | 11775136/19696955 [00:01<00:00, 11753468.33iteration/s]
 66%|██████▌   | 12953808/19696955 [00:01<00:00, 11754631.74iteration/s]
 72%|███████▏  | 14133928/19696955 [00:01<00:00, 11737623.13iteration/s]
 78%|███████▊  | 15312600/19696955 [00:01<00:00, 11745273.68iteration/s]
 84%|████████▎ | 16494168/19696955 [00:01<00:00, 11745228.63iteration/s]
 90%|████████▉ | 17671392/19696955 [00:01<00:00, 11750284.64iteration/s]
 96%|█████████▌| 18858752/19696955 [00:01<00:00, 11740256.28iteration/s]2026-05-25 19:45:20.365 | INFO     | utils.ConnectHandler_server:receive:80 - receive completed

100%|██████████| 19696955/19696955 [00:01<00:00, 11675176.10iteration/s]
2026-05-25 19:45:20.384 | INFO     | __main__:<module>:345 - 2026-05-25 19:45:20 RECV round=37 token=0 cid=4 train_duration=86.86580610275269 battery=143088.32J
2026-05-25 19:45:20.384 | INFO     | utils.ConnectHandler_server:send:28 - sending data (59 bytes) to client#4...
2026-05-25 19:45:20.384 | INFO     | utils.ConnectHandler_server:send:34 - sending data (59 bytes) to client#4 completely
2026-05-25 19:45:40.046 | INFO     | utils.ConnectHandler_server:receive:71 - 19697043bytes data to be received from client#3

  0%|          | 0/19697043 [00:00<?, ?iteration/s]
  6%|▌         | 1171432/19697043 [00:00<00:01, 11707241.46iteration/s]
 12%|█▏        | 2348656/19697043 [00:00<00:01, 11738346.43iteration/s]
 18%|█▊        | 3525880/19697043 [00:00<00:01, 11742384.89iteration/s]
 24%|██▍       | 4700208/19697043 [00:00<00:01, 11739982.21iteration/s]
 30%|██▉       | 5878880/19697043 [00:00<00:01, 11751699.34iteration/s]
 36%|███▌      | 7059000/19697043 [00:00<00:01, 11749638.26iteration/s]
 42%|████▏     | 8237672/19697043 [00:00<00:00, 11746059.80iteration/s]
 48%|████▊     | 9416344/19697043 [00:00<00:00, 11747706.96iteration/s]
 54%|█████▍    | 10597912/19697043 [00:00<00:00, 11750937.36iteration/s]
 60%|█████▉    | 11778032/19697043 [00:01<00:00, 11746875.53iteration/s]
 66%|██████▌   | 12962496/19697043 [00:01<00:00, 11752139.29iteration/s]
 72%|███████▏  | 14139720/19697043 [00:01<00:00, 11752188.44iteration/s]
 78%|███████▊  | 15319840/19697043 [00:01<00:00, 11737999.52iteration/s]
 84%|████████▍ | 16499960/19697043 [00:01<00:00, 11744601.62iteration/s]
 90%|████████▉ | 17680080/19697043 [00:01<00:00, 11749490.05iteration/s]
 96%|█████████▌| 18863096/19697043 [00:01<00:00, 11747058.84iteration/s]2026-05-25 19:45:41.724 | INFO     | utils.ConnectHandler_server:receive:80 - receive completed

100%|██████████| 19697043/19697043 [00:01<00:00, 11683259.12iteration/s]
2026-05-25 19:45:41.742 | INFO     | __main__:<module>:345 - 2026-05-25 19:45:41 RECV round=37 token=1 cid=3 train_duration=96.83616733551025 battery=143244.65J
2026-05-25 19:45:41.742 | INFO     | utils.ConnectHandler_server:send:28 - sending data (59 bytes) to client#3...
2026-05-25 19:45:41.742 | INFO     | utils.ConnectHandler_server:send:34 - sending data (59 bytes) to client#3 completely
2026-05-25 19:45:44.639 | INFO     | __main__:<module>:482 - 2026-05-25 19:45:44 ROUND=37 end avg_acc=35.0100 best_acc=53.8050 duration=115.16s comm_mb=75.138 locations_after=[3, 1] checkpoint=logs_real/autorl_real_server/checkpoints/autorl_dfl_mm_seed1/checkpoint.pt
2026-05-25 19:45:44.639 | INFO     | __main__:<module>:281 - 2026-05-25 19:45:44 ROUND=38 start token_locations=[3, 1] active_clients=[0, 1, 2, 3, 4, 5, 6, 7, 8, 9]
2026-05-25 19:45:44.664 | INFO     | utils.ConnectHandler_server:send:28 - sending data (19699835 bytes) to client#3...
2026-05-25 19:45:46.301 | INFO     | utils.ConnectHandler_server:send:34 - sending data (19699835 bytes) to client#3 completely
2026-05-25 19:45:46.301 | INFO     | __main__:<module>:325 - 2026-05-25 19:45:46 SEND round=38 token=0 cid=3 payload_mb=18.787 duration=1.648s
2026-05-25 19:45:46.322 | INFO     | utils.ConnectHandler_server:send:28 - sending data (19699829 bytes) to client#1...
2026-05-25 19:45:47.984 | INFO     | utils.ConnectHandler_server:send:34 - sending data (19699829 bytes) to client#1 completely
2026-05-25 19:45:47.984 | INFO     | __main__:<module>:325 - 2026-05-25 19:45:47 SEND round=38 token=1 cid=1 payload_mb=18.787 duration=1.673s
2026-05-25 19:47:11.645 | INFO     | utils.ConnectHandler_server:receive:71 - 19696961bytes data to be received from client#3

  0%|          | 0/19696961 [00:00<?, ?iteration/s]
  6%|▌         | 1178672/19696961 [00:00<00:01, 11754921.79iteration/s]
 12%|█▏        | 2355896/19696961 [00:00<00:01, 11756638.70iteration/s]
 18%|█▊        | 3533120/19696961 [00:00<00:01, 11734102.08iteration/s]
 24%|██▍       | 4708896/19696961 [00:00<00:01, 11739181.48iteration/s]
 30%|██▉       | 5884672/19696961 [00:00<00:01, 11286379.44iteration/s]
 36%|███▌      | 7061896/19696961 [00:00<00:01, 11435124.79iteration/s]
 42%|████▏     | 8240568/19696961 [00:00<00:00, 11543650.94iteration/s]
 48%|████▊     | 9420688/19696961 [00:00<00:00, 11611218.02iteration/s]
 54%|█████▍    | 10596464/19696961 [00:00<00:00, 11648751.63iteration/s]
 60%|█████▉    | 11775136/19696961 [00:01<00:00, 11667778.39iteration/s]
 66%|██████▌   | 12956704/19696961 [00:01<00:00, 11695904.60iteration/s]
 72%|███████▏  | 14132480/19696961 [00:01<00:00, 11710751.99iteration/s]
 78%|███████▊  | 15314048/19696961 [00:01<00:00, 11729013.96iteration/s]
 84%|████████▍ | 16499960/19696961 [00:01<00:00, 11728309.46iteration/s]
 90%|████████▉ | 17678632/19696961 [00:01<00:00, 11730271.90iteration/s]
 96%|█████████▌| 18868888/19696961 [00:01<00:00, 11739013.29iteration/s]2026-05-25 19:47:13.335 | INFO     | utils.ConnectHandler_server:receive:80 - receive completed

100%|██████████| 19696961/19696961 [00:01<00:00, 11598184.88iteration/s]
2026-05-25 19:47:13.353 | INFO     | __main__:<module>:345 - 2026-05-25 19:47:13 RECV round=38 token=0 cid=3 train_duration=84.64512586593628 battery=142522.59J
2026-05-25 19:47:13.353 | INFO     | utils.ConnectHandler_server:send:28 - sending data (59 bytes) to client#3...
2026-05-25 19:47:13.353 | INFO     | utils.ConnectHandler_server:send:34 - sending data (59 bytes) to client#3 completely
2026-05-25 19:48:05.101 | INFO     | utils.ConnectHandler_server:receive:71 - 19697059bytes data to be received from client#1

  0%|          | 0/19697059 [00:00<?, ?iteration/s]
  6%|▌         | 1164192/19697059 [00:00<00:01, 11623336.20iteration/s]
 12%|█▏        | 2341416/19697059 [00:00<00:01, 11702330.54iteration/s]
 18%|█▊        | 3515744/19697059 [00:00<00:01, 11718750.74iteration/s]
 24%|██▍       | 4691520/19697059 [00:00<00:01, 11726380.83iteration/s]
 30%|██▉       | 5868744/19697059 [00:00<00:01, 11732396.54iteration/s]
 36%|███▌      | 7050312/19697059 [00:00<00:01, 11749962.77iteration/s]
 42%|████▏     | 8226088/19697059 [00:00<00:00, 11750435.83iteration/s]
 48%|████▊     | 9403312/19697059 [00:00<00:00, 11747379.82iteration/s]
 54%|█████▎    | 10584880/19697059 [00:00<00:00, 11755083.36iteration/s]
 60%|█████▉    | 11767896/19697059 [00:01<00:00, 11744491.23iteration/s]
 66%|██████▌   | 12952360/19697059 [00:01<00:00, 11751789.32iteration/s]
 72%|███████▏  | 14139720/19697059 [00:01<00:00, 11755836.95iteration/s]
 78%|███████▊  | 15316944/19697059 [00:01<00:00, 11748521.22iteration/s]
 84%|████████▍ | 16498512/19697059 [00:01<00:00, 11753293.85iteration/s]
 90%|████████▉ | 17682976/19697059 [00:01<00:00, 11752968.04iteration/s]
 96%|█████████▌| 18861648/19697059 [00:01<00:00, 11751331.08iteration/s]2026-05-25 19:48:06.779 | INFO     | utils.ConnectHandler_server:receive:80 - receive completed

100%|██████████| 19697059/19697059 [00:01<00:00, 11676856.57iteration/s]
2026-05-25 19:48:06.797 | INFO     | __main__:<module>:345 - 2026-05-25 19:48:06 RECV round=38 token=1 cid=1 train_duration=122.9333598613739 battery=141340.47J
2026-05-25 19:48:06.797 | INFO     | utils.ConnectHandler_server:send:28 - sending data (59 bytes) to client#1...
2026-05-25 19:48:06.797 | INFO     | utils.ConnectHandler_server:send:34 - sending data (59 bytes) to client#1 completely
2026-05-25 19:48:09.697 | INFO     | __main__:<module>:482 - 2026-05-25 19:48:09 ROUND=38 end avg_acc=48.6850 best_acc=53.8050 duration=144.99s comm_mb=75.138 locations_after=[2, 0] checkpoint=logs_real/autorl_real_server/checkpoints/autorl_dfl_mm_seed1/checkpoint.pt
2026-05-25 19:48:09.697 | INFO     | __main__:<module>:281 - 2026-05-25 19:48:09 ROUND=39 start token_locations=[2, 0] active_clients=[0, 1, 2, 3, 4, 5, 6, 7, 8, 9]
2026-05-25 19:48:09.716 | INFO     | utils.ConnectHandler_server:send:28 - sending data (19699830 bytes) to client#2...
2026-05-25 19:48:11.381 | INFO     | utils.ConnectHandler_server:send:34 - sending data (19699830 bytes) to client#2 completely
2026-05-25 19:48:11.381 | INFO     | __main__:<module>:325 - 2026-05-25 19:48:11 SEND round=39 token=0 cid=2 payload_mb=18.787 duration=1.675s
2026-05-25 19:48:11.400 | INFO     | utils.ConnectHandler_server:send:28 - sending data (19699833 bytes) to client#0...
2026-05-25 19:48:13.071 | INFO     | utils.ConnectHandler_server:send:34 - sending data (19699833 bytes) to client#0 completely
2026-05-25 19:48:13.071 | INFO     | __main__:<module>:325 - 2026-05-25 19:48:13 SEND round=39 token=1 cid=0 payload_mb=18.787 duration=1.681s
2026-05-25 19:50:12.998 | INFO     | utils.ConnectHandler_server:receive:71 - 19697045bytes data to be received from client#2

  0%|          | 0/19697045 [00:00<?, ?iteration/s]
  6%|▌         | 1165640/19697045 [00:00<00:01, 11647053.04iteration/s]
 12%|█▏        | 2339968/19697045 [00:00<00:01, 11701889.55iteration/s]
 18%|█▊        | 3517192/19697045 [00:00<00:01, 11729299.12iteration/s]
 24%|██▍       | 4692968/19697045 [00:00<00:01, 11728352.55iteration/s]
 30%|██▉       | 5870192/19697045 [00:00<00:01, 11730605.64iteration/s]
 36%|███▌      | 7050312/19697045 [00:00<00:01, 11750412.40iteration/s]
 42%|████▏     | 8226088/19697045 [00:00<00:00, 11741973.41iteration/s]
 48%|████▊     | 9407656/19697045 [00:00<00:00, 11746907.11iteration/s]
 54%|█████▎    | 10583432/19697045 [00:00<00:00, 11748007.01iteration/s]
 60%|█████▉    | 11762104/19697045 [00:01<00:00, 11750634.22iteration/s]
 66%|██████▌   | 12937880/19697045 [00:01<00:00, 11748415.80iteration/s]
 72%|███████▏  | 14113656/19697045 [00:01<00:00, 11748611.44iteration/s]
 78%|███████▊  | 15292328/19697045 [00:01<00:00, 11756049.77iteration/s]
 84%|████████▎ | 16471000/19697045 [00:01<00:00, 11746429.42iteration/s]
 90%|████████▉ | 17652568/19697045 [00:01<00:00, 11750780.81iteration/s]
 96%|█████████▌| 18828344/19697045 [00:01<00:00, 11747900.45iteration/s]2026-05-25 19:50:14.676 | INFO     | utils.ConnectHandler_server:receive:80 - receive completed

100%|██████████| 19697045/19697045 [00:01<00:00, 11679179.10iteration/s]
2026-05-25 19:50:14.694 | INFO     | __main__:<module>:345 - 2026-05-25 19:50:14 RECV round=39 token=0 cid=2 train_duration=112.37059950828552 battery=141833.62J
2026-05-25 19:50:14.694 | INFO     | utils.ConnectHandler_server:send:28 - sending data (59 bytes) to client#2...
2026-05-25 19:50:14.694 | INFO     | utils.ConnectHandler_server:send:34 - sending data (59 bytes) to client#2 completely
2026-05-25 19:50:28.846 | INFO     | utils.ConnectHandler_server:receive:71 - 19697027bytes data to be received from client#0

  0%|          | 0/19697027 [00:00<?, ?iteration/s]
  6%|▌         | 1167088/19697027 [00:00<00:01, 11654663.57iteration/s]
 12%|█▏        | 2342864/19697027 [00:00<00:01, 11710832.02iteration/s]
 18%|█▊        | 3520088/19697027 [00:00<00:01, 11732352.11iteration/s]
 24%|██▍       | 4695864/19697027 [00:00<00:01, 11741188.00iteration/s]
 30%|██▉       | 5871640/19697027 [00:00<00:01, 11740435.75iteration/s]
 36%|███▌      | 7050312/19697027 [00:00<00:01, 11750492.21iteration/s]
 42%|████▏     | 8227536/19697027 [00:00<00:00, 11743633.73iteration/s]
 48%|████▊     | 9403312/19697027 [00:00<00:00, 11744353.87iteration/s]
 54%|█████▎    | 10581984/19697027 [00:00<00:00, 11752870.35iteration/s]
 60%|█████▉    | 11763552/19697027 [00:01<00:00, 11749635.34iteration/s]
 66%|██████▌   | 12939328/19697027 [00:01<00:00, 11746466.36iteration/s]
 72%|███████▏  | 14116552/19697027 [00:01<00:00, 11753334.86iteration/s]
 78%|███████▊  | 15295224/19697027 [00:01<00:00, 11750242.08iteration/s]
 84%|████████▎ | 16482584/19697027 [00:01<00:00, 11756272.15iteration/s]
 90%|████████▉ | 17664152/19697027 [00:01<00:00, 11752983.75iteration/s]
 96%|█████████▌| 18844272/19697027 [00:01<00:00, 11747831.93iteration/s]2026-05-25 19:50:30.525 | INFO     | utils.ConnectHandler_server:receive:80 - receive completed

100%|██████████| 19697027/19697027 [00:01<00:00, 11674471.40iteration/s]
2026-05-25 19:50:30.543 | INFO     | __main__:<module>:345 - 2026-05-25 19:50:30 RECV round=39 token=1 cid=0 train_duration=122.19977355003357 battery=143274.45J
2026-05-25 19:50:30.543 | INFO     | utils.ConnectHandler_server:send:28 - sending data (59 bytes) to client#0...
2026-05-25 19:50:30.543 | INFO     | utils.ConnectHandler_server:send:34 - sending data (59 bytes) to client#0 completely
2026-05-25 19:50:33.340 | INFO     | __main__:<module>:482 - 2026-05-25 19:50:33 ROUND=39 end avg_acc=22.4700 best_acc=53.8050 duration=143.58s comm_mb=75.138 locations_after=[5, 9] checkpoint=logs_real/autorl_real_server/checkpoints/autorl_dfl_mm_seed1/checkpoint.pt
2026-05-25 19:50:33.341 | INFO     | __main__:<module>:281 - 2026-05-25 19:50:33 ROUND=40 start token_locations=[5, 9] active_clients=[0, 1, 2, 3, 4, 5, 6, 7, 8, 9]
2026-05-25 19:50:33.359 | INFO     | utils.ConnectHandler_server:send:28 - sending data (19699830 bytes) to client#5...
2026-05-25 19:50:34.991 | INFO     | utils.ConnectHandler_server:send:34 - sending data (19699830 bytes) to client#5 completely
2026-05-25 19:50:34.991 | INFO     | __main__:<module>:325 - 2026-05-25 19:50:34 SEND round=40 token=0 cid=5 payload_mb=18.787 duration=1.642s
2026-05-25 19:50:35.010 | INFO     | utils.ConnectHandler_server:send:28 - sending data (19723713 bytes) to client#9...
2026-05-25 19:50:36.689 | INFO     | utils.ConnectHandler_server:send:34 - sending data (19723713 bytes) to client#9 completely
2026-05-25 19:50:36.689 | INFO     | __main__:<module>:325 - 2026-05-25 19:50:36 SEND round=40 token=1 cid=9 payload_mb=18.810 duration=1.689s
2026-05-25 19:52:26.738 | INFO     | utils.ConnectHandler_server:receive:71 - 19694064bytes data to be received from client#9

  0%|          | 0/19694064 [00:00<?, ?iteration/s]
  6%|▌         | 1180690/19694064 [00:00<00:01, 11786060.92iteration/s]
 12%|█▏        | 2361380/19694064 [00:00<00:01, 11756237.98iteration/s]
 18%|█▊        | 3537828/19694064 [00:00<00:01, 11751420.68iteration/s]
 24%|██▍       | 4715690/19694064 [00:00<00:01, 11736187.52iteration/s]
 30%|██▉       | 5890724/19694064 [00:00<00:01, 11738111.09iteration/s]
 36%|███▌      | 7068586/19694064 [00:00<00:01, 11730203.89iteration/s]
 42%|████▏     | 8250690/19694064 [00:00<00:00, 11741844.93iteration/s]
 48%|████▊     | 9427138/19694064 [00:00<00:00, 11737804.47iteration/s]
 54%|█████▍    | 10606414/19694064 [00:00<00:00, 11740952.12iteration/s]
 60%|█████▉    | 11787104/19694064 [00:01<00:00, 11735923.17iteration/s]
 66%|██████▌   | 12960724/19694064 [00:01<00:00, 11733357.13iteration/s]
 72%|███████▏  | 14137172/19694064 [00:01<00:00, 11736224.43iteration/s]
 78%|███████▊  | 15322104/19694064 [00:01<00:00, 11732954.75iteration/s]
 84%|████████▍ | 16499966/19694064 [00:01<00:00, 11725466.37iteration/s]
 90%|████████▉ | 17677828/19694064 [00:01<00:00, 11727367.53iteration/s]
 96%|█████████▌| 18852862/19694064 [00:01<00:00, 11723823.35iteration/s]2026-05-25 19:52:28.417 | INFO     | utils.ConnectHandler_server:receive:80 - receive completed

100%|██████████| 19694064/19694064 [00:01<00:00, 11670416.29iteration/s]
2026-05-25 19:52:28.435 | INFO     | __main__:<module>:345 - 2026-05-25 19:52:28 RECV round=40 token=1 cid=9 train_duration=109.64104652404785 battery=132801.43J
2026-05-25 19:52:28.435 | INFO     | utils.ConnectHandler_server:send:28 - sending data (59 bytes) to client#9...
2026-05-25 19:52:28.435 | INFO     | utils.ConnectHandler_server:send:34 - sending data (59 bytes) to client#9 completely
2026-05-25 19:53:48.202 | INFO     | utils.ConnectHandler_server:receive:71 - 19697025bytes data to be received from client#5

  0%|          | 0/19697025 [00:00<?, ?iteration/s]
  6%|▌         | 1172880/19697025 [00:00<00:01, 11702751.13iteration/s]
 12%|█▏        | 2350104/19697025 [00:00<00:01, 11734552.87iteration/s]
 18%|█▊        | 3525880/19697025 [00:00<00:01, 11721406.40iteration/s]
 24%|██▍       | 4701656/19697025 [00:00<00:01, 11733102.51iteration/s]
 30%|██▉       | 5878880/19697025 [00:00<00:01, 11736096.61iteration/s]
 36%|███▌      | 7057552/19697025 [00:00<00:01, 11746849.99iteration/s]
 42%|████▏     | 8237672/19697025 [00:00<00:00, 11747416.15iteration/s]
 48%|████▊     | 9416344/19697025 [00:00<00:00, 11744294.04iteration/s]
 54%|█████▍    | 10592120/19697025 [00:00<00:00, 11744986.58iteration/s]
 60%|█████▉    | 11773688/19697025 [00:01<00:00, 11754814.16iteration/s]
 66%|██████▌   | 12949464/19697025 [00:01<00:00, 11745649.19iteration/s]
 72%|███████▏  | 14136824/19697025 [00:01<00:00, 11752317.80iteration/s]
 78%|███████▊  | 15316944/19697025 [00:01<00:00, 11747629.66iteration/s]
 84%|████████▍ | 16497064/19697025 [00:01<00:00, 11751141.97iteration/s]
 90%|████████▉ | 17675736/19697025 [00:01<00:00, 11758778.01iteration/s]
 96%|█████████▌| 18865992/19697025 [00:01<00:00, 11757503.55iteration/s]2026-05-25 19:53:49.880 | INFO     | utils.ConnectHandler_server:receive:80 - receive completed

100%|██████████| 19697025/19697025 [00:01<00:00, 11677400.88iteration/s]
2026-05-25 19:53:49.898 | INFO     | __main__:<module>:345 - 2026-05-25 19:53:49 RECV round=40 token=0 cid=5 train_duration=181.74980902671814 battery=140586.54J
2026-05-25 19:53:49.898 | INFO     | utils.ConnectHandler_server:send:28 - sending data (59 bytes) to client#5...
2026-05-25 19:53:49.898 | INFO     | utils.ConnectHandler_server:send:34 - sending data (59 bytes) to client#5 completely
2026-05-25 19:53:52.755 | INFO     | __main__:<module>:482 - 2026-05-25 19:53:52 ROUND=40 end avg_acc=33.1000 best_acc=53.8050 duration=199.35s comm_mb=75.161 locations_after=[6, 4] checkpoint=logs_real/autorl_real_server/checkpoints/autorl_dfl_mm_seed1/checkpoint.pt
2026-05-25 19:53:52.755 | INFO     | __main__:<module>:281 - 2026-05-25 19:53:52 ROUND=41 start token_locations=[6, 4] active_clients=[0, 1, 2, 3, 4, 5, 6, 7, 8, 9]
2026-05-25 19:53:52.774 | INFO     | utils.ConnectHandler_server:send:28 - sending data (19699830 bytes) to client#6...
2026-05-25 19:53:54.429 | INFO     | utils.ConnectHandler_server:send:34 - sending data (19699830 bytes) to client#6 completely
2026-05-25 19:53:54.429 | INFO     | __main__:<module>:325 - 2026-05-25 19:53:54 SEND round=41 token=0 cid=6 payload_mb=18.787 duration=1.665s
2026-05-25 19:53:54.448 | INFO     | utils.ConnectHandler_server:send:28 - sending data (19699835 bytes) to client#4...
2026-05-25 19:53:56.110 | INFO     | utils.ConnectHandler_server:send:34 - sending data (19699835 bytes) to client#4 completely
2026-05-25 19:53:56.110 | INFO     | __main__:<module>:325 - 2026-05-25 19:53:56 SEND round=41 token=1 cid=4 payload_mb=18.787 duration=1.671s
2026-05-25 19:55:23.463 | INFO     | utils.ConnectHandler_server:receive:71 - 19697005bytes data to be received from client#4

  0%|          | 0/19697005 [00:00<?, ?iteration/s]
  6%|▌         | 1168536/19697005 [00:00<00:01, 11646386.03iteration/s]
 12%|█▏        | 2345760/19697005 [00:00<00:01, 11715711.76iteration/s]
 18%|█▊        | 3522984/19697005 [00:00<00:01, 11733285.69iteration/s]
 24%|██▍       | 4698760/19697005 [00:00<00:01, 11732175.53iteration/s]
 30%|██▉       | 5877432/19697005 [00:00<00:01, 11742507.58iteration/s]
 36%|███▌      | 7054656/19697005 [00:00<00:01, 11742710.95iteration/s]
 42%|████▏     | 8231880/19697005 [00:00<00:00, 11748522.90iteration/s]
 48%|████▊     | 9413448/19697005 [00:00<00:00, 11749278.22iteration/s]
 54%|█████▍    | 10593568/19697005 [00:00<00:00, 11748012.25iteration/s]
 60%|█████▉    | 11776584/19697005 [00:01<00:00, 11749581.25iteration/s]
 66%|██████▌   | 12961048/19697005 [00:01<00:00, 11754304.44iteration/s]
 72%|███████▏  | 14144064/19697005 [00:01<00:00, 11749805.64iteration/s]
 78%|███████▊  | 15332872/19697005 [00:01<00:00, 11756296.67iteration/s]
 84%|████████▍ | 16510096/19697005 [00:01<00:00, 11752830.15iteration/s]
 90%|████████▉ | 17688768/19697005 [00:01<00:00, 11752433.82iteration/s]
 96%|█████████▌| 18865992/19697005 [00:01<00:00, 11746256.05iteration/s]2026-05-25 19:55:25.141 | INFO     | utils.ConnectHandler_server:receive:80 - receive completed

100%|██████████| 19697005/19697005 [00:01<00:00, 11679211.52iteration/s]
2026-05-25 19:55:25.160 | INFO     | __main__:<module>:345 - 2026-05-25 19:55:25 RECV round=41 token=1 cid=4 train_duration=86.64165663719177 battery=142349.23J
2026-05-25 19:55:25.160 | INFO     | utils.ConnectHandler_server:send:28 - sending data (59 bytes) to client#4...
2026-05-25 19:55:25.160 | INFO     | utils.ConnectHandler_server:send:34 - sending data (59 bytes) to client#4 completely
2026-05-25 19:56:27.989 | INFO     | utils.ConnectHandler_server:receive:71 - 19697051bytes data to be received from client#6

  0%|          | 0/19697051 [00:00<?, ?iteration/s]
  6%|▌         | 1169984/19697051 [00:00<00:01, 11697759.43iteration/s]
 12%|█▏        | 2347208/19697051 [00:00<00:01, 11733873.91iteration/s]
 18%|█▊        | 3522984/19697051 [00:00<00:01, 11738279.60iteration/s]
 24%|██▍       | 4701656/19697051 [00:00<00:01, 11746081.93iteration/s]
 30%|██▉       | 5881776/19697051 [00:00<00:01, 11741758.31iteration/s]
 36%|███▌      | 7061896/19697051 [00:00<00:01, 11748929.13iteration/s]
 42%|████▏     | 8240568/19697051 [00:00<00:00, 11749718.96iteration/s]
 48%|████▊     | 9419240/19697051 [00:00<00:00, 11752593.34iteration/s]
 54%|█████▍    | 10596464/19697051 [00:00<00:00, 11747960.23iteration/s]
 60%|█████▉    | 11778032/19697051 [00:01<00:00, 11756013.11iteration/s]
 66%|██████▌   | 12959600/19697051 [00:01<00:00, 11755638.71iteration/s]
 72%|███████▏  | 14135376/19697051 [00:01<00:00, 11749562.37iteration/s]
 78%|███████▊  | 15318392/19697051 [00:01<00:00, 11754529.13iteration/s]
 84%|████████▍ | 16499960/19697051 [00:01<00:00, 11757449.75iteration/s]
 90%|████████▉ | 17675736/19697051 [00:01<00:00, 11751794.15iteration/s]
 96%|█████████▌| 18857304/19697051 [00:01<00:00, 11752697.55iteration/s]2026-05-25 19:56:29.668 | INFO     | utils.ConnectHandler_server:receive:80 - receive completed

100%|██████████| 19697051/19697051 [00:01<00:00, 11681631.70iteration/s]
2026-05-25 19:56:29.686 | INFO     | __main__:<module>:345 - 2026-05-25 19:56:29 RECV round=41 token=0 cid=6 train_duration=141.5835349559784 battery=143987.05J
2026-05-25 19:56:29.686 | INFO     | utils.ConnectHandler_server:send:28 - sending data (59 bytes) to client#6...
2026-05-25 19:56:29.686 | INFO     | utils.ConnectHandler_server:send:34 - sending data (59 bytes) to client#6 completely
2026-05-25 19:56:32.484 | INFO     | __main__:<module>:482 - 2026-05-25 19:56:32 ROUND=41 end avg_acc=31.2050 best_acc=53.8050 duration=159.67s comm_mb=75.138 locations_after=[7, 5] checkpoint=logs_real/autorl_real_server/checkpoints/autorl_dfl_mm_seed1/checkpoint.pt
2026-05-25 19:56:32.485 | INFO     | __main__:<module>:281 - 2026-05-25 19:56:32 ROUND=42 start token_locations=[7, 5] active_clients=[0, 1, 2, 3, 4, 5, 6, 7, 8, 9]
2026-05-25 19:56:32.510 | INFO     | utils.ConnectHandler_server:send:28 - sending data (19729801 bytes) to client#7...
2026-05-25 19:56:34.148 | INFO     | utils.ConnectHandler_server:send:34 - sending data (19729801 bytes) to client#7 completely
2026-05-25 19:56:34.149 | INFO     | __main__:<module>:325 - 2026-05-25 19:56:34 SEND round=42 token=0 cid=7 payload_mb=18.816 duration=1.653s
2026-05-25 19:56:34.169 | INFO     | utils.ConnectHandler_server:send:28 - sending data (19699830 bytes) to client#5...
2026-05-25 19:56:35.823 | INFO     | utils.ConnectHandler_server:send:34 - sending data (19699830 bytes) to client#5 completely
2026-05-25 19:56:35.823 | INFO     | __main__:<module>:325 - 2026-05-25 19:56:35 SEND round=42 token=1 cid=5 payload_mb=18.787 duration=1.664s
2026-05-25 19:58:25.990 | INFO     | utils.ConnectHandler_server:receive:71 - 19697437bytes data to be received from client#7

  0%|          | 0/19697437 [00:00<?, ?iteration/s]
  6%|▌         | 1171432/19697437 [00:00<00:01, 11692252.96iteration/s]
 12%|█▏        | 2342864/19697437 [00:00<00:01, 11702196.21iteration/s]
 18%|█▊        | 3514296/19697437 [00:00<00:01, 11694272.14iteration/s]
 24%|██▍       | 4687176/19697437 [00:00<00:01, 11671250.84iteration/s]
 30%|██▉       | 5855712/19697437 [00:00<00:01, 11672505.80iteration/s]
 36%|███▌      | 7027144/19697437 [00:00<00:01, 11683182.21iteration/s]
 42%|████▏     | 8201472/19697437 [00:00<00:00, 11702657.39iteration/s]
 48%|████▊     | 9378696/19697437 [00:00<00:00, 11715542.33iteration/s]
 54%|█████▎    | 10557368/19697437 [00:00<00:00, 11718725.92iteration/s]
 60%|█████▉    | 11737488/19697437 [00:01<00:00, 11730172.26iteration/s]
 66%|██████▌   | 12914712/19697437 [00:01<00:00, 11729290.19iteration/s]
 72%|███████▏  | 14089040/19697437 [00:01<00:00, 11732283.00iteration/s]
 77%|███████▋  | 15264816/19697437 [00:01<00:00, 11729005.66iteration/s]
 84%|████████▎ | 16452176/19697437 [00:01<00:00, 11734552.97iteration/s]
 90%|████████▉ | 17635192/19697437 [00:01<00:00, 11730879.96iteration/s]
 96%|█████████▌| 18822552/19697437 [00:01<00:00, 11740819.94iteration/s]2026-05-25 19:58:27.673 | INFO     | utils.ConnectHandler_server:receive:80 - receive completed

100%|██████████| 19697437/19697437 [00:01<00:00, 11654383.49iteration/s]
2026-05-25 19:58:27.690 | INFO     | __main__:<module>:345 - 2026-05-25 19:58:27 RECV round=42 token=0 cid=7 train_duration=111.41748189926147 battery=128576.18J
2026-05-25 19:58:27.690 | INFO     | utils.ConnectHandler_server:send:28 - sending data (59 bytes) to client#7...
2026-05-25 19:58:27.690 | INFO     | utils.ConnectHandler_server:send:34 - sending data (59 bytes) to client#7 completely
2026-05-25 19:59:10.700 | INFO     | utils.ConnectHandler_server:receive:71 - 19696931bytes data to be received from client#5

  0%|          | 0/19696931 [00:00<?, ?iteration/s]
  6%|▌         | 1175776/19696931 [00:00<00:01, 11750403.22iteration/s]
 12%|█▏        | 2351552/19696931 [00:00<00:01, 11751292.63iteration/s]
 18%|█▊        | 3528776/19696931 [00:00<00:01, 11755320.17iteration/s]
 24%|██▍       | 4704552/19696931 [00:00<00:01, 11747832.20iteration/s]
 30%|██▉       | 5884672/19696931 [00:00<00:01, 11750591.48iteration/s]
 36%|███▌      | 7060448/19696931 [00:00<00:01, 11752515.40iteration/s]
 42%|████▏     | 8236224/19696931 [00:00<00:00, 11743825.35iteration/s]
 48%|████▊     | 9419240/19696931 [00:00<00:00, 11751760.51iteration/s]
 54%|█████▍    | 10600808/19696931 [00:00<00:00, 11748425.68iteration/s]
 60%|█████▉    | 11779480/19696931 [00:01<00:00, 11750644.81iteration/s]
 66%|██████▌   | 12963944/19696931 [00:01<00:00, 11750981.73iteration/s]
 72%|███████▏  | 14145512/19696931 [00:01<00:00, 11755432.66iteration/s]
 78%|███████▊  | 15327080/19696931 [00:01<00:00, 11752104.55iteration/s]
 84%|████████▍ | 16511544/19696931 [00:01<00:00, 11751052.78iteration/s]
 90%|████████▉ | 17687320/19696931 [00:01<00:00, 11751614.48iteration/s]
 96%|█████████▌| 18874680/19696931 [00:01<00:00, 11749856.42iteration/s]2026-05-25 19:59:12.378 | INFO     | utils.ConnectHandler_server:receive:80 - receive completed

100%|██████████| 19696931/19696931 [00:01<00:00, 11686279.83iteration/s]
2026-05-25 19:59:12.396 | INFO     | __main__:<module>:345 - 2026-05-25 19:59:12 RECV round=42 token=1 cid=5 train_duration=154.2237207889557 battery=139270.93J
2026-05-25 19:59:12.396 | INFO     | utils.ConnectHandler_server:send:28 - sending data (59 bytes) to client#5...
2026-05-25 19:59:12.396 | INFO     | utils.ConnectHandler_server:send:34 - sending data (59 bytes) to client#5 completely
2026-05-25 19:59:15.223 | INFO     | __main__:<module>:482 - 2026-05-25 19:59:15 ROUND=42 end avg_acc=43.5700 best_acc=53.8050 duration=162.68s comm_mb=75.166 locations_after=[5, 7] checkpoint=logs_real/autorl_real_server/checkpoints/autorl_dfl_mm_seed1/checkpoint.pt
2026-05-25 19:59:15.223 | INFO     | __main__:<module>:281 - 2026-05-25 19:59:15 ROUND=43 start token_locations=[5, 7] active_clients=[0, 1, 2, 3, 4, 5, 6, 7, 8, 9]
2026-05-25 19:59:15.253 | INFO     | utils.ConnectHandler_server:send:28 - sending data (19699830 bytes) to client#5...
2026-05-25 19:59:16.872 | INFO     | utils.ConnectHandler_server:send:34 - sending data (19699830 bytes) to client#5 completely
2026-05-25 19:59:16.872 | INFO     | __main__:<module>:325 - 2026-05-25 19:59:16 SEND round=43 token=0 cid=5 payload_mb=18.787 duration=1.633s
2026-05-25 19:59:16.893 | INFO     | utils.ConnectHandler_server:send:28 - sending data (19729801 bytes) to client#7...
2026-05-25 19:59:18.559 | INFO     | utils.ConnectHandler_server:send:34 - sending data (19729801 bytes) to client#7 completely
2026-05-25 19:59:18.559 | INFO     | __main__:<module>:325 - 2026-05-25 19:59:18 SEND round=43 token=1 cid=7 payload_mb=18.816 duration=1.677s
2026-05-25 20:01:08.600 | INFO     | utils.ConnectHandler_server:receive:71 - 19697437bytes data to be received from client#7

  0%|          | 0/19697437 [00:00<?, ?iteration/s]
  6%|▌         | 1171432/19697437 [00:00<00:01, 11685717.98iteration/s]
 12%|█▏        | 2341416/19697437 [00:00<00:01, 11668797.38iteration/s]
 18%|█▊        | 3508504/19697437 [00:00<00:01, 11655918.75iteration/s]
 24%|██▎       | 4674144/19697437 [00:00<00:01, 11642111.04iteration/s]
 30%|██▉       | 5854264/19697437 [00:00<00:01, 11683453.97iteration/s]
 36%|███▌      | 7031488/19697437 [00:00<00:01, 11696247.85iteration/s]
 42%|████▏     | 8210160/19697437 [00:00<00:00, 11722457.21iteration/s]
 48%|████▊     | 9385936/19697437 [00:00<00:00, 11723943.86iteration/s]
 54%|█████▎    | 10563160/19697437 [00:00<00:00, 11727030.25iteration/s]
 60%|█████▉    | 11740384/19697437 [00:01<00:00, 11735669.98iteration/s]
 66%|██████▌   | 12921952/19697437 [00:01<00:00, 11739185.34iteration/s]
 72%|███████▏  | 14106416/19697437 [00:01<00:00, 11739924.03iteration/s]
 78%|███████▊  | 15283640/19697437 [00:01<00:00, 11741941.62iteration/s]
 84%|████████▎ | 16468104/19697437 [00:01<00:00, 11730624.53iteration/s]
 90%|████████▉ | 17654016/19697437 [00:01<00:00, 11733500.76iteration/s]
 96%|█████████▌| 18832688/19697437 [00:01<00:00, 11728290.35iteration/s]2026-05-25 20:01:10.283 | INFO     | utils.ConnectHandler_server:receive:80 - receive completed

100%|██████████| 19697437/19697437 [00:01<00:00, 11649750.82iteration/s]
2026-05-25 20:01:10.306 | INFO     | __main__:<module>:345 - 2026-05-25 20:01:10 RECV round=43 token=1 cid=7 train_duration=109.62805008888245 battery=126888.93J
2026-05-25 20:01:10.306 | INFO     | utils.ConnectHandler_server:send:28 - sending data (59 bytes) to client#7...
2026-05-25 20:01:10.306 | INFO     | utils.ConnectHandler_server:send:34 - sending data (59 bytes) to client#7 completely
2026-05-25 20:01:17.615 | INFO     | utils.ConnectHandler_server:receive:71 - 19696959bytes data to be received from client#5

  0%|          | 0/19696959 [00:00<?, ?iteration/s]
  6%|▌         | 1175776/19696959 [00:00<00:01, 11732902.82iteration/s]
 12%|█▏        | 2351552/19696959 [00:00<00:01, 11744506.92iteration/s]
 18%|█▊        | 3527328/19696959 [00:00<00:01, 11746930.24iteration/s]
 24%|██▍       | 4703104/19696959 [00:00<00:01, 11747505.60iteration/s]
 30%|██▉       | 5881776/19696959 [00:00<00:01, 11749033.28iteration/s]
 36%|███▌      | 7057552/19696959 [00:00<00:01, 11746008.82iteration/s]
 42%|████▏     | 8233328/19696959 [00:00<00:00, 11746959.87iteration/s]
 48%|████▊     | 9414896/19696959 [00:00<00:00, 11751132.22iteration/s]
 54%|█████▍    | 10590672/19696959 [00:00<00:00, 11747129.19iteration/s]
 60%|█████▉    | 11770792/19696959 [00:01<00:00, 11755722.21iteration/s]
 66%|██████▌   | 12952360/19696959 [00:01<00:00, 11756933.45iteration/s]
 72%|███████▏  | 14128136/19696959 [00:01<00:00, 11751369.95iteration/s]
 78%|███████▊  | 15306808/19696959 [00:01<00:00, 11753360.45iteration/s]
 84%|████████▎ | 16485480/19696959 [00:01<00:00, 11746744.60iteration/s]
 90%|████████▉ | 17677184/19696959 [00:01<00:00, 11755380.71iteration/s]
 96%|█████████▌| 18865992/19696959 [00:01<00:00, 11756118.39iteration/s]2026-05-25 20:01:19.293 | INFO     | utils.ConnectHandler_server:receive:80 - receive completed

100%|██████████| 19696959/19696959 [00:01<00:00, 11682619.49iteration/s]
2026-05-25 20:01:19.310 | INFO     | __main__:<module>:345 - 2026-05-25 20:01:19 RECV round=43 token=0 cid=5 train_duration=120.05025482177734 battery=138246.84J
2026-05-25 20:01:19.311 | INFO     | utils.ConnectHandler_server:send:28 - sending data (59 bytes) to client#5...
2026-05-25 20:01:19.311 | INFO     | utils.ConnectHandler_server:send:34 - sending data (59 bytes) to client#5 completely
2026-05-25 20:01:22.145 | INFO     | __main__:<module>:482 - 2026-05-25 20:01:22 ROUND=43 end avg_acc=42.1700 best_acc=53.8050 duration=126.85s comm_mb=75.166 locations_after=[8, 1] checkpoint=logs_real/autorl_real_server/checkpoints/autorl_dfl_mm_seed1/checkpoint.pt
2026-05-25 20:01:22.146 | INFO     | __main__:<module>:281 - 2026-05-25 20:01:22 ROUND=44 start token_locations=[8, 1] active_clients=[0, 1, 2, 3, 4, 5, 6, 7, 8, 9]
2026-05-25 20:01:22.167 | INFO     | utils.ConnectHandler_server:send:28 - sending data (19735898 bytes) to client#8...
2026-05-25 20:01:23.765 | INFO     | utils.ConnectHandler_server:send:34 - sending data (19735898 bytes) to client#8 completely
2026-05-25 20:01:23.765 | INFO     | __main__:<module>:325 - 2026-05-25 20:01:23 SEND round=44 token=0 cid=8 payload_mb=18.822 duration=1.609s
2026-05-25 20:01:23.785 | INFO     | utils.ConnectHandler_server:send:28 - sending data (19699829 bytes) to client#1...
2026-05-25 20:01:25.481 | INFO     | utils.ConnectHandler_server:send:34 - sending data (19699829 bytes) to client#1 completely
2026-05-25 20:01:25.482 | INFO     | __main__:<module>:325 - 2026-05-25 20:01:25 SEND round=44 token=1 cid=1 payload_mb=18.787 duration=1.707s
2026-05-25 20:03:16.013 | INFO     | utils.ConnectHandler_server:receive:71 - 19697059bytes data to be received from client#1

  0%|          | 0/19697059 [00:00<?, ?iteration/s]
  6%|▌         | 1172880/19697059 [00:00<00:01, 11702250.04iteration/s]
 12%|█▏        | 2350104/19697059 [00:00<00:01, 11735660.33iteration/s]
 18%|█▊        | 3527328/19697059 [00:00<00:01, 11744701.79iteration/s]
 24%|██▍       | 4703104/19697059 [00:00<00:01, 11735476.96iteration/s]
 30%|██▉       | 5878880/19697059 [00:00<00:01, 11742194.81iteration/s]
 36%|███▌      | 7060448/19697059 [00:00<00:01, 11751105.00iteration/s]
 42%|████▏     | 8239120/19697059 [00:00<00:00, 11747146.85iteration/s]
 48%|████▊     | 9420688/19697059 [00:00<00:00, 11748100.58iteration/s]
 54%|█████▍    | 10600808/19697059 [00:00<00:00, 11750788.73iteration/s]
 60%|█████▉    | 11785272/19697059 [00:01<00:00, 11755121.56iteration/s]
 66%|██████▌   | 12969736/19697059 [00:01<00:00, 11753786.59iteration/s]
 72%|███████▏  | 14154200/19697059 [00:01<00:00, 11751580.01iteration/s]
 78%|███████▊  | 15335768/19697059 [00:01<00:00, 11754602.50iteration/s]
 84%|████████▍ | 16514440/19697059 [00:01<00:00, 11755355.78iteration/s]
 90%|████████▉ | 17690216/19697059 [00:01<00:00, 11754725.94iteration/s]
 96%|█████████▌| 18870336/19697059 [00:01<00:00, 11753975.27iteration/s]2026-05-25 20:03:17.691 | INFO     | utils.ConnectHandler_server:receive:80 - receive completed

100%|██████████| 19697059/19697059 [00:01<00:00, 11685851.60iteration/s]
2026-05-25 20:03:17.709 | INFO     | __main__:<module>:345 - 2026-05-25 20:03:17 RECV round=44 token=1 cid=1 train_duration=109.54265666007996 battery=140406.01J
2026-05-25 20:03:17.709 | INFO     | utils.ConnectHandler_server:send:28 - sending data (59 bytes) to client#1...
2026-05-25 20:03:17.709 | INFO     | utils.ConnectHandler_server:send:34 - sending data (59 bytes) to client#1 completely
2026-05-25 20:05:12.444 | INFO     | utils.ConnectHandler_server:receive:71 - 19697437bytes data to be received from client#8

  0%|          | 0/19697437 [00:00<?, ?iteration/s]
  6%|▌         | 1165640/19697437 [00:00<00:01, 11647802.25iteration/s]
 12%|█▏        | 2332728/19697437 [00:00<00:01, 11655513.23iteration/s]
 18%|█▊        | 3504160/19697437 [00:00<00:01, 11679918.63iteration/s]
 24%|██▎       | 4674144/19697437 [00:00<00:01, 11683486.51iteration/s]
 30%|██▉       | 5849920/19697437 [00:00<00:01, 11693690.58iteration/s]
 36%|███▌      | 7027144/19697437 [00:00<00:01, 11707079.37iteration/s]
 42%|████▏     | 8204368/19697437 [00:00<00:00, 11726416.73iteration/s]
 48%|████▊     | 9380144/19697437 [00:00<00:00, 11727202.73iteration/s]
 54%|█████▎    | 10557368/19697437 [00:00<00:00, 11737404.85iteration/s]
 60%|█████▉    | 11737488/19697437 [00:01<00:00, 11740128.49iteration/s]
 66%|██████▌   | 12921952/19697437 [00:01<00:00, 11743559.40iteration/s]
 72%|███████▏  | 14102072/19697437 [00:01<00:00, 11740762.40iteration/s]
 78%|███████▊  | 15279296/19697437 [00:01<00:00, 11747065.29iteration/s]
 84%|████████▎ | 16457968/19697437 [00:01<00:00, 11736101.88iteration/s]
 90%|████████▉ | 17642432/19697437 [00:01<00:00, 11737757.21iteration/s]
 96%|█████████▌| 18831240/19697437 [00:01<00:00, 11738233.20iteration/s]2026-05-25 20:05:14.126 | INFO     | utils.ConnectHandler_server:receive:80 - receive completed

100%|██████████| 19697437/19697437 [00:01<00:00, 11659572.70iteration/s]
2026-05-25 20:05:14.143 | INFO     | __main__:<module>:345 - 2026-05-25 20:05:14 RECV round=44 token=0 cid=8 train_duration=227.807678937912 battery=118085.42J
2026-05-25 20:05:14.143 | INFO     | utils.ConnectHandler_server:send:28 - sending data (59 bytes) to client#8...
2026-05-25 20:05:14.143 | INFO     | utils.ConnectHandler_server:send:34 - sending data (59 bytes) to client#8 completely
2026-05-25 20:05:16.959 | INFO     | __main__:<module>:482 - 2026-05-25 20:05:16 ROUND=44 end avg_acc=41.7350 best_acc=53.8050 duration=234.74s comm_mb=75.172 locations_after=[9, 2] checkpoint=logs_real/autorl_real_server/checkpoints/autorl_dfl_mm_seed1/checkpoint.pt
2026-05-25 20:05:16.959 | INFO     | __main__:<module>:281 - 2026-05-25 20:05:16 ROUND=45 start token_locations=[9, 2] active_clients=[0, 1, 2, 3, 4, 5, 6, 7, 8, 9]
2026-05-25 20:05:17.003 | INFO     | utils.ConnectHandler_server:send:28 - sending data (19723713 bytes) to client#9...
2026-05-25 20:05:18.648 | INFO     | utils.ConnectHandler_server:send:34 - sending data (19723713 bytes) to client#9 completely
2026-05-25 20:05:18.648 | INFO     | __main__:<module>:325 - 2026-05-25 20:05:18 SEND round=45 token=0 cid=9 payload_mb=18.810 duration=1.659s
2026-05-25 20:05:18.666 | INFO     | utils.ConnectHandler_server:send:28 - sending data (19699830 bytes) to client#2...
2026-05-25 20:05:20.331 | INFO     | utils.ConnectHandler_server:send:34 - sending data (19699830 bytes) to client#2 completely
2026-05-25 20:05:20.331 | INFO     | __main__:<module>:325 - 2026-05-25 20:05:20 SEND round=45 token=1 cid=2 payload_mb=18.787 duration=1.674s
2026-05-25 20:06:58.492 | INFO     | utils.ConnectHandler_server:receive:71 - 19696945bytes data to be received from client#2

  0%|          | 0/19696945 [00:00<?, ?iteration/s]
  6%|▌         | 1175776/19696945 [00:00<00:01, 11736002.12iteration/s]
 12%|█▏        | 2351552/19696945 [00:00<00:01, 11744699.42iteration/s]
 18%|█▊        | 3528776/19696945 [00:00<00:01, 11754395.04iteration/s]
 24%|██▍       | 4704552/19696945 [00:00<00:01, 11747935.52iteration/s]
 30%|██▉       | 5881776/19696945 [00:00<00:01, 11752012.68iteration/s]
 36%|███▌      | 7063344/19696945 [00:00<00:01, 11757380.70iteration/s]
 42%|████▏     | 8243464/19696945 [00:00<00:00, 11755576.76iteration/s]
 48%|████▊     | 9425032/19696945 [00:00<00:00, 11754855.20iteration/s]
 54%|█████▍    | 10608048/19696945 [00:00<00:00, 11761499.89iteration/s]
 60%|█████▉    | 11789616/19696945 [00:01<00:00, 11760857.92iteration/s]
 66%|██████▌   | 12972632/19696945 [00:01<00:00, 11761181.97iteration/s]
 72%|███████▏  | 14154200/19696945 [00:01<00:00, 11754579.25iteration/s]
 78%|███████▊  | 15334320/19696945 [00:01<00:00, 11755161.71iteration/s]
 84%|████████▍ | 16523128/19696945 [00:01<00:00, 11759072.91iteration/s]
 90%|████████▉ | 17703248/19696945 [00:01<00:00, 11765093.44iteration/s]
 96%|█████████▌| 18892056/19696945 [00:01<00:00, 11759727.49iteration/s]2026-05-25 20:07:00.169 | INFO     | utils.ConnectHandler_server:receive:80 - receive completed

100%|██████████| 19696945/19696945 [00:01<00:00, 11693562.91iteration/s]
2026-05-25 20:07:00.187 | INFO     | __main__:<module>:345 - 2026-05-25 20:07:00 RECV round=45 token=1 cid=2 train_duration=97.47960472106934 battery=141002.07J
2026-05-25 20:07:00.187 | INFO     | utils.ConnectHandler_server:send:28 - sending data (59 bytes) to client#2...
2026-05-25 20:07:00.187 | INFO     | utils.ConnectHandler_server:send:34 - sending data (59 bytes) to client#2 completely
2026-05-25 20:07:14.822 | INFO     | utils.ConnectHandler_server:receive:71 - 19694064bytes data to be received from client#9

  0%|          | 0/19694064 [00:00<?, ?iteration/s]
  6%|▌         | 1177862/19694064 [00:00<00:01, 11773690.79iteration/s]
 12%|█▏        | 2357138/19694064 [00:00<00:01, 11755226.00iteration/s]
 18%|█▊        | 3533586/19694064 [00:00<00:01, 11748530.82iteration/s]
 24%|██▍       | 4710034/19694064 [00:00<00:01, 11737050.93iteration/s]
 30%|██▉       | 5889310/19694064 [00:00<00:01, 11745504.94iteration/s]
 36%|███▌      | 7068586/19694064 [00:00<00:01, 11750469.17iteration/s]
 42%|████▏     | 8247862/19694064 [00:00<00:00, 11745102.47iteration/s]
 48%|████▊     | 9429966/19694064 [00:00<00:00, 11741741.72iteration/s]
 54%|█████▍    | 10606414/19694064 [00:00<00:00, 11735517.49iteration/s]
 60%|█████▉    | 11788518/19694064 [00:01<00:00, 11738388.00iteration/s]
 66%|██████▌   | 12967794/19694064 [00:01<00:00, 11746415.59iteration/s]
 72%|███████▏  | 14144242/19694064 [00:01<00:00, 11742082.13iteration/s]
 78%|███████▊  | 15326346/19694064 [00:01<00:00, 11745677.50iteration/s]
 84%|████████▍ | 16502794/19694064 [00:01<00:00, 11738541.21iteration/s]
 90%|████████▉ | 17684898/19694064 [00:01<00:00, 11748447.54iteration/s]
 96%|█████████▌| 18871244/19694064 [00:01<00:00, 11742787.77iteration/s]2026-05-25 20:07:16.501 | INFO     | utils.ConnectHandler_server:receive:80 - receive completed

100%|██████████| 19694064/19694064 [00:01<00:00, 11678484.67iteration/s]
2026-05-25 20:07:16.519 | INFO     | __main__:<module>:345 - 2026-05-25 20:07:16 RECV round=45 token=0 cid=9 train_duration=115.7837872505188 battery=130850.80J
2026-05-25 20:07:16.519 | INFO     | utils.ConnectHandler_server:send:28 - sending data (59 bytes) to client#9...
2026-05-25 20:07:16.519 | INFO     | utils.ConnectHandler_server:send:34 - sending data (59 bytes) to client#9 completely
2026-05-25 20:07:19.328 | INFO     | __main__:<module>:482 - 2026-05-25 20:07:19 ROUND=45 end avg_acc=27.6550 best_acc=53.8050 duration=122.28s comm_mb=75.161 locations_after=[1, 7] checkpoint=logs_real/autorl_real_server/checkpoints/autorl_dfl_mm_seed1/checkpoint.pt
2026-05-25 20:07:19.328 | INFO     | __main__:<module>:281 - 2026-05-25 20:07:19 ROUND=46 start token_locations=[1, 7] active_clients=[0, 1, 2, 3, 4, 5, 6, 7, 8, 9]
2026-05-25 20:07:19.348 | INFO     | utils.ConnectHandler_server:send:28 - sending data (19699829 bytes) to client#1...
2026-05-25 20:07:20.964 | INFO     | utils.ConnectHandler_server:send:34 - sending data (19699829 bytes) to client#1 completely
2026-05-25 20:07:20.964 | INFO     | __main__:<module>:325 - 2026-05-25 20:07:20 SEND round=46 token=0 cid=1 payload_mb=18.787 duration=1.626s
2026-05-25 20:07:20.985 | INFO     | utils.ConnectHandler_server:send:28 - sending data (19729801 bytes) to client#7...
2026-05-25 20:07:22.666 | INFO     | utils.ConnectHandler_server:send:34 - sending data (19729801 bytes) to client#7 completely
2026-05-25 20:07:22.666 | INFO     | __main__:<module>:325 - 2026-05-25 20:07:22 SEND round=46 token=1 cid=7 payload_mb=18.816 duration=1.692s
2026-05-25 20:09:11.898 | INFO     | utils.ConnectHandler_server:receive:71 - 19697059bytes data to be received from client#1

  0%|          | 0/19697059 [00:00<?, ?iteration/s]
  6%|▌         | 1169984/19697059 [00:00<00:01, 11673744.36iteration/s]
 12%|█▏        | 2347208/19697059 [00:00<00:01, 11728086.72iteration/s]
 18%|█▊        | 3522984/19697059 [00:00<00:01, 11738911.99iteration/s]
 24%|██▍       | 4700208/19697059 [00:00<00:01, 11738660.57iteration/s]
 30%|██▉       | 5878880/19697059 [00:00<00:01, 11748288.13iteration/s]
 36%|███▌      | 7059000/19697059 [00:00<00:01, 11747105.06iteration/s]
 42%|████▏     | 8236224/19697059 [00:00<00:00, 11750675.63iteration/s]
 48%|████▊     | 9419240/19697059 [00:00<00:00, 11758941.27iteration/s]
 54%|█████▍    | 10602256/19697059 [00:00<00:00, 11757271.53iteration/s]
 60%|█████▉    | 11778032/19697059 [00:01<00:00, 11755492.64iteration/s]
 66%|██████▌   | 12963944/19697059 [00:01<00:00, 11763820.22iteration/s]
 72%|███████▏  | 14146960/19697059 [00:01<00:00, 11759470.50iteration/s]
 78%|███████▊  | 15324184/19697059 [00:01<00:00, 11760129.32iteration/s]
 84%|████████▍ | 16510096/19697059 [00:01<00:00, 11760676.58iteration/s]
 90%|████████▉ | 17694560/19697059 [00:01<00:00, 11761196.44iteration/s]
 96%|█████████▌| 18877576/19697059 [00:01<00:00, 11761127.57iteration/s]2026-05-25 20:09:13.576 | INFO     | utils.ConnectHandler_server:receive:80 - receive completed

100%|██████████| 19697059/19697059 [00:01<00:00, 11683166.17iteration/s]
2026-05-25 20:09:13.594 | INFO     | __main__:<module>:345 - 2026-05-25 20:09:13 RECV round=46 token=0 cid=1 train_duration=109.93560910224915 battery=139468.21J
2026-05-25 20:09:13.594 | INFO     | utils.ConnectHandler_server:send:28 - sending data (59 bytes) to client#1...
2026-05-25 20:09:13.594 | INFO     | utils.ConnectHandler_server:send:34 - sending data (59 bytes) to client#1 completely
2026-05-25 20:09:15.373 | INFO     | utils.ConnectHandler_server:receive:71 - 19697437bytes data to be received from client#7

  0%|          | 0/19697437 [00:00<?, ?iteration/s]
  6%|▌         | 1168536/19697437 [00:00<00:01, 11664874.25iteration/s]
 12%|█▏        | 2335624/19697437 [00:00<00:01, 11661203.95iteration/s]
 18%|█▊        | 3507056/19697437 [00:00<00:01, 11669310.22iteration/s]
 24%|██▎       | 4674144/19697437 [00:00<00:01, 11662314.16iteration/s]
 30%|██▉       | 5848472/19697437 [00:00<00:01, 11677060.16iteration/s]
 36%|███▌      | 7019904/19697437 [00:00<00:01, 11684075.93iteration/s]
 42%|████▏     | 8192784/19697437 [00:00<00:00, 11698379.67iteration/s]
 48%|████▊     | 9370008/19697437 [00:00<00:00, 11713853.04iteration/s]
 54%|█████▎    | 10545784/19697437 [00:00<00:00, 11718519.79iteration/s]
 60%|█████▉    | 11730248/19697437 [00:01<00:00, 11733998.37iteration/s]
 66%|██████▌   | 12906024/19697437 [00:01<00:00, 11733928.00iteration/s]
 72%|███████▏  | 14089040/19697437 [00:01<00:00, 11740032.99iteration/s]
 78%|███████▊  | 15276400/19697437 [00:01<00:00, 11745911.70iteration/s]
 84%|████████▎ | 16460864/19697437 [00:01<00:00, 11749642.88iteration/s]
 90%|████████▉ | 17639536/19697437 [00:01<00:00, 11743304.23iteration/s]
 96%|█████████▌| 18819656/19697437 [00:01<00:00, 11735743.23iteration/s]2026-05-25 20:09:17.055 | INFO     | utils.ConnectHandler_server:receive:80 - receive completed

100%|██████████| 19697437/19697437 [00:01<00:00, 11653666.73iteration/s]
2026-05-25 20:09:17.073 | INFO     | __main__:<module>:345 - 2026-05-25 20:09:17 RECV round=46 token=1 cid=7 train_duration=112.28020167350769 battery=125160.85J
2026-05-25 20:09:17.073 | INFO     | utils.ConnectHandler_server:send:28 - sending data (59 bytes) to client#7...
2026-05-25 20:09:17.073 | INFO     | utils.ConnectHandler_server:send:34 - sending data (59 bytes) to client#7 completely
2026-05-25 20:09:19.897 | INFO     | __main__:<module>:482 - 2026-05-25 20:09:19 ROUND=46 end avg_acc=41.1250 best_acc=53.8050 duration=120.50s comm_mb=75.166 locations_after=[0, 6] checkpoint=logs_real/autorl_real_server/checkpoints/autorl_dfl_mm_seed1/checkpoint.pt
2026-05-25 20:09:19.897 | INFO     | __main__:<module>:281 - 2026-05-25 20:09:19 ROUND=47 start token_locations=[0, 6] active_clients=[0, 1, 2, 3, 4, 5, 6, 7, 8, 9]
2026-05-25 20:09:19.920 | INFO     | utils.ConnectHandler_server:send:28 - sending data (19699833 bytes) to client#0...
2026-05-25 20:09:21.528 | INFO     | utils.ConnectHandler_server:send:34 - sending data (19699833 bytes) to client#0 completely
2026-05-25 20:09:21.528 | INFO     | __main__:<module>:325 - 2026-05-25 20:09:21 SEND round=47 token=0 cid=0 payload_mb=18.787 duration=1.621s
2026-05-25 20:09:21.550 | INFO     | utils.ConnectHandler_server:send:28 - sending data (19699830 bytes) to client#6...
2026-05-25 20:09:23.244 | INFO     | utils.ConnectHandler_server:send:34 - sending data (19699830 bytes) to client#6 completely
2026-05-25 20:09:23.244 | INFO     | __main__:<module>:325 - 2026-05-25 20:09:23 SEND round=47 token=1 cid=6 payload_mb=18.787 duration=1.705s
2026-05-25 20:11:04.897 | INFO     | utils.ConnectHandler_server:receive:71 - 19696955bytes data to be received from client#6

  0%|          | 0/19696955 [00:00<?, ?iteration/s]
  6%|▌         | 1172880/19696955 [00:00<00:01, 11723556.37iteration/s]
 12%|█▏        | 2348656/19696955 [00:00<00:01, 11742016.10iteration/s]
 18%|█▊        | 3525880/19696955 [00:00<00:01, 11750984.77iteration/s]
 24%|██▍       | 4703104/19696955 [00:00<00:01, 11751891.58iteration/s]
 30%|██▉       | 5878880/19696955 [00:00<00:01, 11709250.41iteration/s]
 36%|███▌      | 7056104/19696955 [00:00<00:01, 11728427.59iteration/s]
 42%|████▏     | 8233328/19696955 [00:00<00:00, 11740048.91iteration/s]
 48%|████▊     | 9412000/19696955 [00:00<00:00, 11747044.08iteration/s]
 54%|█████▍    | 10590672/19696955 [00:00<00:00, 11748293.30iteration/s]
 60%|█████▉    | 11775136/19696955 [00:01<00:00, 11750567.90iteration/s]
 66%|██████▌   | 12956704/19696955 [00:01<00:00, 11749915.32iteration/s]
 72%|███████▏  | 14139720/19696955 [00:01<00:00, 11753229.72iteration/s]
 78%|███████▊  | 15322736/19696955 [00:01<00:00, 11755896.25iteration/s]
 84%|████████▍ | 16505752/19696955 [00:01<00:00, 11745852.44iteration/s]
 90%|████████▉ | 17685872/19696955 [00:01<00:00, 11750174.11iteration/s]
 96%|█████████▌| 18876128/19696955 [00:01<00:00, 11753270.17iteration/s]2026-05-25 20:11:06.576 | INFO     | utils.ConnectHandler_server:receive:80 - receive completed

100%|██████████| 19696955/19696955 [00:01<00:00, 11675636.45iteration/s]
2026-05-25 20:11:06.594 | INFO     | __main__:<module>:345 - 2026-05-25 20:11:06 RECV round=47 token=1 cid=6 train_duration=100.75391983985901 battery=143127.57J
2026-05-25 20:11:06.594 | INFO     | utils.ConnectHandler_server:send:28 - sending data (59 bytes) to client#6...
2026-05-25 20:11:06.594 | INFO     | utils.ConnectHandler_server:send:34 - sending data (59 bytes) to client#6 completely
2026-05-25 20:11:11.024 | INFO     | utils.ConnectHandler_server:receive:71 - 19696971bytes data to be received from client#0

  0%|          | 0/19696971 [00:00<?, ?iteration/s]
  6%|▌         | 1169984/19696971 [00:00<00:01, 11679940.43iteration/s]
 12%|█▏        | 2345760/19696971 [00:00<00:01, 11723965.88iteration/s]
 18%|█▊        | 3522984/19696971 [00:00<00:01, 11742234.45iteration/s]
 24%|██▍       | 4697312/19696971 [00:00<00:01, 11739702.49iteration/s]
 30%|██▉       | 5873088/19696971 [00:00<00:01, 11744267.33iteration/s]
 36%|███▌      | 7053208/19696971 [00:00<00:01, 11754134.12iteration/s]
 42%|████▏     | 8234776/19696971 [00:00<00:00, 11755930.86iteration/s]
 48%|████▊     | 9412000/19696971 [00:00<00:00, 11759817.01iteration/s]
 54%|█████▍    | 10589224/19696971 [00:00<00:00, 11757756.21iteration/s]
 60%|█████▉    | 11767896/19696971 [00:01<00:00, 11759618.90iteration/s]
 66%|██████▌   | 12948016/19696971 [00:01<00:00, 11764410.50iteration/s]
 72%|███████▏  | 14125240/19696971 [00:01<00:00, 11761331.80iteration/s]
 78%|███████▊  | 15311152/19696971 [00:01<00:00, 11761066.96iteration/s]
 84%|████████▎ | 16494168/19696971 [00:01<00:00, 11762926.07iteration/s]
 90%|████████▉ | 17674288/19696971 [00:01<00:00, 11752360.77iteration/s]
 96%|█████████▌| 18854408/19696971 [00:01<00:00, 11755404.10iteration/s]2026-05-25 20:11:12.700 | INFO     | utils.ConnectHandler_server:receive:80 - receive completed

100%|██████████| 19696971/19696971 [00:01<00:00, 11690383.14iteration/s]
2026-05-25 20:11:12.718 | INFO     | __main__:<module>:345 - 2026-05-25 20:11:12 RECV round=47 token=0 cid=0 train_duration=108.50632071495056 battery=142348.84J
2026-05-25 20:11:12.718 | INFO     | utils.ConnectHandler_server:send:28 - sending data (59 bytes) to client#0...
2026-05-25 20:11:12.718 | INFO     | utils.ConnectHandler_server:send:34 - sending data (59 bytes) to client#0 completely
2026-05-25 20:11:15.520 | INFO     | __main__:<module>:482 - 2026-05-25 20:11:15 ROUND=47 end avg_acc=30.4550 best_acc=53.8050 duration=115.56s comm_mb=75.138 locations_after=[9, 5] checkpoint=logs_real/autorl_real_server/checkpoints/autorl_dfl_mm_seed1/checkpoint.pt
2026-05-25 20:11:15.520 | INFO     | __main__:<module>:281 - 2026-05-25 20:11:15 ROUND=48 start token_locations=[9, 5] active_clients=[0, 1, 2, 3, 4, 5, 6, 7, 8, 9]
2026-05-25 20:11:15.539 | INFO     | utils.ConnectHandler_server:send:28 - sending data (19723713 bytes) to client#9...
2026-05-25 20:11:17.169 | INFO     | utils.ConnectHandler_server:send:34 - sending data (19723713 bytes) to client#9 completely
2026-05-25 20:11:17.169 | INFO     | __main__:<module>:325 - 2026-05-25 20:11:17 SEND round=48 token=0 cid=9 payload_mb=18.810 duration=1.640s
2026-05-25 20:11:17.188 | INFO     | utils.ConnectHandler_server:send:28 - sending data (19699830 bytes) to client#5...
2026-05-25 20:11:18.818 | INFO     | utils.ConnectHandler_server:send:34 - sending data (19699830 bytes) to client#5 completely
2026-05-25 20:11:18.818 | INFO     | __main__:<module>:325 - 2026-05-25 20:11:18 SEND round=48 token=1 cid=5 payload_mb=18.787 duration=1.639s
2026-05-25 20:13:11.565 | INFO     | utils.ConnectHandler_server:receive:71 - 19694064bytes data to be received from client#9

  0%|          | 0/19694064 [00:00<?, ?iteration/s]
  6%|▌         | 1179276/19694064 [00:00<00:01, 11784258.19iteration/s]
 12%|█▏        | 2358552/19694064 [00:00<00:01, 11761231.73iteration/s]
 18%|█▊        | 3535000/19694064 [00:00<00:01, 11751705.77iteration/s]
 24%|██▍       | 4711448/19694064 [00:00<00:01, 11741560.82iteration/s]
 30%|██▉       | 5887896/19694064 [00:00<00:01, 11741582.12iteration/s]
 36%|███▌      | 7062930/19694064 [00:00<00:01, 11741042.98iteration/s]
 42%|████▏     | 8239378/19694064 [00:00<00:00, 11748031.27iteration/s]
 48%|████▊     | 9418654/19694064 [00:00<00:00, 11741328.85iteration/s]
 54%|█████▍    | 10597930/19694064 [00:00<00:00, 11746003.23iteration/s]
 60%|█████▉    | 11774378/19694064 [00:01<00:00, 11744780.18iteration/s]
 66%|██████▌   | 12956482/19694064 [00:01<00:00, 11748638.85iteration/s]
 72%|███████▏  | 14131516/19694064 [00:01<00:00, 11739738.09iteration/s]
 78%|███████▊  | 15307964/19694064 [00:01<00:00, 11737391.18iteration/s]
 84%|████████▎ | 16484412/19694064 [00:01<00:00, 11745424.21iteration/s]
 90%|████████▉ | 17667930/19694064 [00:01<00:00, 11747346.75iteration/s]
 96%|█████████▌| 18848620/19694064 [00:01<00:00, 11739700.31iteration/s]2026-05-25 20:13:13.244 | INFO     | utils.ConnectHandler_server:receive:80 - receive completed

100%|██████████| 19694064/19694064 [00:01<00:00, 11673295.87iteration/s]
2026-05-25 20:13:13.263 | INFO     | __main__:<module>:345 - 2026-05-25 20:13:13 RECV round=48 token=0 cid=9 train_duration=114.09809923171997 battery=128928.57J
2026-05-25 20:13:13.263 | INFO     | utils.ConnectHandler_server:send:28 - sending data (59 bytes) to client#9...
2026-05-25 20:13:13.263 | INFO     | utils.ConnectHandler_server:send:34 - sending data (59 bytes) to client#9 completely
2026-05-25 20:13:54.194 | INFO     | utils.ConnectHandler_server:receive:71 - 19696937bytes data to be received from client#5

  0%|          | 0/19696937 [00:00<?, ?iteration/s]
  6%|▌         | 1167088/19696937 [00:00<00:01, 11661132.51iteration/s]
 12%|█▏        | 2342864/19696937 [00:00<00:01, 11714395.36iteration/s]
 18%|█▊        | 3520088/19696937 [00:00<00:01, 11736908.45iteration/s]
 24%|██▍       | 4695864/19696937 [00:00<00:01, 11744942.52iteration/s]
 30%|██▉       | 5871640/19696937 [00:00<00:01, 11748456.58iteration/s]
 36%|███▌      | 7051760/19696937 [00:00<00:01, 11748469.77iteration/s]
 42%|████▏     | 8228984/19696937 [00:00<00:00, 11754551.42iteration/s]
 48%|████▊     | 9409104/19696937 [00:00<00:00, 11756759.06iteration/s]
 54%|█████▍    | 10587776/19696937 [00:00<00:00, 11750984.66iteration/s]
 60%|█████▉    | 11770792/19696937 [00:01<00:00, 11759739.61iteration/s]
 66%|██████▌   | 12955256/19696937 [00:01<00:00, 11754176.42iteration/s]
 72%|███████▏  | 14132480/19696937 [00:01<00:00, 11757285.23iteration/s]
 78%|███████▊  | 15321288/19696937 [00:01<00:00, 11760429.78iteration/s]
 84%|████████▍ | 16510096/19696937 [00:01<00:00, 11763735.20iteration/s]
 90%|████████▉ | 17694560/19696937 [00:01<00:00, 11762073.16iteration/s]
 96%|█████████▌| 18874680/19696937 [00:01<00:00, 11760920.71iteration/s]2026-05-25 20:13:55.871 | INFO     | utils.ConnectHandler_server:receive:80 - receive completed

100%|██████████| 19696937/19696937 [00:01<00:00, 11686132.96iteration/s]
2026-05-25 20:13:55.889 | INFO     | __main__:<module>:345 - 2026-05-25 20:13:55 RECV round=48 token=1 cid=5 train_duration=154.70079708099365 battery=136927.17J
2026-05-25 20:13:55.890 | INFO     | utils.ConnectHandler_server:send:28 - sending data (59 bytes) to client#5...
2026-05-25 20:13:55.890 | INFO     | utils.ConnectHandler_server:send:34 - sending data (59 bytes) to client#5 completely
2026-05-25 20:13:58.695 | INFO     | __main__:<module>:482 - 2026-05-25 20:13:58 ROUND=48 end avg_acc=34.9100 best_acc=53.8050 duration=163.11s comm_mb=75.161 locations_after=[4, 4] checkpoint=logs_real/autorl_real_server/checkpoints/autorl_dfl_mm_seed1/checkpoint.pt
2026-05-25 20:13:58.710 | INFO     | __main__:aggregate_collided_tokens:99 - 2026-05-25 20:13:58 AGG_COLLISION cid=4 tokens=[0, 1]
2026-05-25 20:13:58.710 | INFO     | __main__:<module>:279 - 2026-05-25 20:13:58 PRE_SEND_RELOCATE round=49 {'token_id': 1, 'src': 4, 'dst': 1, 'reason': 'duplicate_or_inactive_location'}
2026-05-25 20:13:58.710 | INFO     | __main__:<module>:281 - 2026-05-25 20:13:58 ROUND=49 start token_locations=[4, 1] active_clients=[0, 1, 2, 3, 4, 5, 6, 7, 8, 9]
2026-05-25 20:13:58.733 | INFO     | utils.ConnectHandler_server:send:28 - sending data (19699835 bytes) to client#4...
2026-05-25 20:14:00.342 | INFO     | utils.ConnectHandler_server:send:34 - sending data (19699835 bytes) to client#4 completely
2026-05-25 20:14:00.342 | INFO     | __main__:<module>:325 - 2026-05-25 20:14:00 SEND round=49 token=0 cid=4 payload_mb=18.787 duration=1.622s
2026-05-25 20:14:00.362 | INFO     | utils.ConnectHandler_server:send:28 - sending data (19699829 bytes) to client#1...
2026-05-25 20:14:02.043 | INFO     | utils.ConnectHandler_server:send:34 - sending data (19699829 bytes) to client#1 completely
2026-05-25 20:14:02.043 | INFO     | __main__:<module>:325 - 2026-05-25 20:14:02 SEND round=49 token=1 cid=1 payload_mb=18.787 duration=1.691s
2026-05-25 20:15:27.713 | INFO     | utils.ConnectHandler_server:receive:71 - 19696999bytes data to be received from client#4

  0%|          | 0/19696999 [00:00<?, ?iteration/s]
  6%|▌         | 1168536/19696999 [00:00<00:01, 11670762.86iteration/s]
 12%|█▏        | 2345760/19696999 [00:00<00:01, 11727998.08iteration/s]
 18%|█▊        | 3522984/19696999 [00:00<00:01, 11741156.81iteration/s]
 24%|██▍       | 4700208/19696999 [00:00<00:01, 11748739.17iteration/s]
 30%|██▉       | 5878880/19696999 [00:00<00:01, 11726089.64iteration/s]
 36%|███▌      | 7059000/19696999 [00:00<00:01, 11738544.94iteration/s]
 42%|████▏     | 8234776/19696999 [00:00<00:00, 11738489.97iteration/s]
 48%|████▊     | 9416344/19696999 [00:00<00:00, 11748200.81iteration/s]
 54%|█████▍    | 10597912/19696999 [00:00<00:00, 11744421.63iteration/s]
 60%|█████▉    | 11779480/19696999 [00:01<00:00, 11747762.54iteration/s]
 66%|██████▌   | 12959600/19696999 [00:01<00:00, 11754663.62iteration/s]
 72%|███████▏  | 14136824/19696999 [00:01<00:00, 11757099.35iteration/s]
 78%|███████▊  | 15312600/19696999 [00:01<00:00, 11756514.43iteration/s]
 84%|████████▎ | 16489824/19696999 [00:01<00:00, 11752666.11iteration/s]
 90%|████████▉ | 17667048/19696999 [00:01<00:00, 11755253.93iteration/s]
 96%|█████████▌| 18848616/19696999 [00:01<00:00, 11759288.23iteration/s]2026-05-25 20:15:29.392 | INFO     | utils.ConnectHandler_server:receive:80 - receive completed

100%|██████████| 19696999/19696999 [00:01<00:00, 11679751.19iteration/s]
2026-05-25 20:15:29.409 | INFO     | __main__:<module>:345 - 2026-05-25 20:15:29 RECV round=49 token=0 cid=4 train_duration=86.58567333221436 battery=141610.61J
2026-05-25 20:15:29.410 | INFO     | utils.ConnectHandler_server:send:28 - sending data (59 bytes) to client#4...
2026-05-25 20:15:29.410 | INFO     | utils.ConnectHandler_server:send:34 - sending data (59 bytes) to client#4 completely
2026-05-25 20:15:52.623 | INFO     | utils.ConnectHandler_server:receive:71 - 19697059bytes data to be received from client#1

  0%|          | 0/19697059 [00:00<?, ?iteration/s]
  6%|▌         | 1161296/19697059 [00:00<00:01, 11590173.72iteration/s]
 12%|█▏        | 2338520/19697059 [00:00<00:01, 11692898.44iteration/s]
 18%|█▊        | 3515744/19697059 [00:00<00:01, 11723484.53iteration/s]
 24%|██▍       | 4692968/19697059 [00:00<00:01, 11729308.22iteration/s]
 30%|██▉       | 5868744/19697059 [00:00<00:01, 11736939.66iteration/s]
 36%|███▌      | 7051760/19697059 [00:00<00:01, 11751335.71iteration/s]
 42%|████▏     | 8228984/19697059 [00:00<00:00, 11752163.07iteration/s]
 48%|████▊     | 9409104/19697059 [00:00<00:00, 11752514.54iteration/s]
 54%|█████▎    | 10586328/19697059 [00:00<00:00, 11753566.51iteration/s]
 60%|█████▉    | 11762104/19697059 [00:01<00:00, 11753696.46iteration/s]
 66%|██████▌   | 12945120/19697059 [00:01<00:00, 11755321.06iteration/s]
 72%|███████▏  | 14132480/19697059 [00:01<00:00, 11758643.61iteration/s]
 78%|███████▊  | 15324184/19697059 [00:01<00:00, 11767960.59iteration/s]
 84%|████████▍ | 16504304/19697059 [00:01<00:00, 11761315.55iteration/s]
 90%|████████▉ | 17694560/19697059 [00:01<00:00, 11761579.23iteration/s]
 96%|█████████▌| 18880472/19697059 [00:01<00:00, 11755861.14iteration/s]2026-05-25 20:15:54.300 | INFO     | utils.ConnectHandler_server:receive:80 - receive completed

100%|██████████| 19697059/19697059 [00:01<00:00, 11686000.36iteration/s]
2026-05-25 20:15:54.318 | INFO     | __main__:<module>:345 - 2026-05-25 20:15:54 RECV round=49 token=1 cid=1 train_duration=109.64555430412292 battery=138532.88J
2026-05-25 20:15:54.319 | INFO     | utils.ConnectHandler_server:send:28 - sending data (59 bytes) to client#1...
2026-05-25 20:15:54.319 | INFO     | utils.ConnectHandler_server:send:34 - sending data (59 bytes) to client#1 completely
2026-05-25 20:15:57.117 | INFO     | __main__:<module>:482 - 2026-05-25 20:15:57 ROUND=49 end avg_acc=40.6850 best_acc=53.8050 duration=118.36s comm_mb=75.138 locations_after=[7, 0] checkpoint=logs_real/autorl_real_server/checkpoints/autorl_dfl_mm_seed1/checkpoint.pt
2026-05-25 20:15:57.117 | INFO     | __main__:<module>:281 - 2026-05-25 20:15:57 ROUND=50 start token_locations=[7, 0] active_clients=[0, 1, 2, 3, 4, 5, 6, 7, 8, 9]
2026-05-25 20:15:57.140 | INFO     | utils.ConnectHandler_server:send:28 - sending data (19729801 bytes) to client#7...
2026-05-25 20:15:58.772 | INFO     | utils.ConnectHandler_server:send:34 - sending data (19729801 bytes) to client#7 completely
2026-05-25 20:15:58.772 | INFO     | __main__:<module>:325 - 2026-05-25 20:15:58 SEND round=50 token=0 cid=7 payload_mb=18.816 duration=1.645s
2026-05-25 20:15:58.792 | INFO     | utils.ConnectHandler_server:send:28 - sending data (19699833 bytes) to client#0...
2026-05-25 20:16:00.445 | INFO     | utils.ConnectHandler_server:send:34 - sending data (19699833 bytes) to client#0 completely
2026-05-25 20:16:00.445 | INFO     | __main__:<module>:325 - 2026-05-25 20:16:00 SEND round=50 token=1 cid=0 payload_mb=18.787 duration=1.663s
2026-05-25 20:17:49.700 | INFO     | utils.ConnectHandler_server:receive:71 - 19696971bytes data to be received from client#0

  0%|          | 0/19696971 [00:00<?, ?iteration/s]
  6%|▌         | 1167088/19696971 [00:00<00:01, 11670306.82iteration/s]
 12%|█▏        | 2344312/19696971 [00:00<00:01, 11724879.45iteration/s]
 18%|█▊        | 3521536/19696971 [00:00<00:01, 11739068.75iteration/s]
 24%|██▍       | 4698760/19696971 [00:00<00:01, 11740024.02iteration/s]
 30%|██▉       | 5878880/19696971 [00:00<00:01, 11752285.36iteration/s]
 36%|███▌      | 7057552/19696971 [00:00<00:01, 11747062.85iteration/s]
 42%|████▏     | 8239120/19696971 [00:00<00:00, 11760025.44iteration/s]
 48%|████▊     | 9417792/19696971 [00:00<00:00, 11758382.75iteration/s]
 54%|█████▍    | 10595016/19696971 [00:00<00:00, 11760750.46iteration/s]
 60%|█████▉    | 11772240/19696971 [00:01<00:00, 11755085.36iteration/s]
 66%|██████▌   | 12958152/19696971 [00:01<00:00, 11755687.02iteration/s]
 72%|███████▏  | 14136824/19696971 [00:01<00:00, 11762713.38iteration/s]
 78%|███████▊  | 15319840/19696971 [00:01<00:00, 11756812.62iteration/s]
 84%|████████▍ | 16501408/19696971 [00:01<00:00, 11528240.25iteration/s]
 90%|████████▉ | 17662704/19696971 [00:01<00:00, 10962910.04iteration/s]
 95%|█████████▌| 18771872/19696971 [00:01<00:00, 10970904.44iteration/s]2026-05-25 20:17:51.411 | INFO     | utils.ConnectHandler_server:receive:80 - receive completed

100%|██████████| 19696971/19696971 [00:01<00:00, 11463500.17iteration/s]
2026-05-25 20:17:51.434 | INFO     | __main__:<module>:345 - 2026-05-25 20:17:51 RECV round=50 token=1 cid=0 train_duration=108.34707736968994 battery=141424.58J
2026-05-25 20:17:51.434 | INFO     | utils.ConnectHandler_server:send:28 - sending data (59 bytes) to client#0...
2026-05-25 20:17:51.434 | INFO     | utils.ConnectHandler_server:send:34 - sending data (59 bytes) to client#0 completely
2026-05-25 20:17:51.434 | INFO     | utils.ConnectHandler_server:receive:71 - 19697437bytes data to be received from client#7

  0%|          | 0/19697437 [00:00<?, ?iteration/s]
  8%|▊         | 1545016/19697437 [00:00<00:01, 15442295.82iteration/s]
 16%|█▌        | 3091480/19697437 [00:00<00:01, 12972351.80iteration/s]
 22%|██▏       | 4414952/19697437 [00:00<00:01, 12388636.08iteration/s]
 29%|██▉       | 5666024/19697437 [00:00<00:01, 12124973.96iteration/s]
 35%|███▍      | 6886688/19697437 [00:00<00:01, 11994340.64iteration/s]
 41%|████      | 8089976/19697437 [00:00<00:00, 11910913.63iteration/s]
 47%|████▋     | 9288920/19697437 [00:00<00:00, 11860274.22iteration/s]
 53%|█████▎    | 10480624/19697437 [00:00<00:00, 11820452.79iteration/s]
 59%|█████▉    | 11665088/19697437 [00:00<00:00, 11803221.31iteration/s]
 65%|██████▌   | 12853896/19697437 [00:01<00:00, 11781066.47iteration/s]
 71%|███████▏  | 14036912/19697437 [00:01<00:00, 11766083.01iteration/s]
 77%|███████▋  | 15215584/19697437 [00:01<00:00, 11759721.11iteration/s]
 83%|████████▎ | 16397152/19697437 [00:01<00:00, 11744177.69iteration/s]
 89%|████████▉ | 17580168/19697437 [00:01<00:00, 11741805.23iteration/s]
 95%|█████████▌| 18754496/19697437 [00:01<00:00, 11728973.60iteration/s]2026-05-25 20:17:53.084 | INFO     | utils.ConnectHandler_server:receive:80 - receive completed

100%|██████████| 19697437/19697437 [00:01<00:00, 11877184.02iteration/s]
2026-05-25 20:17:53.101 | INFO     | __main__:<module>:345 - 2026-05-25 20:17:53 RECV round=50 token=0 cid=7 train_duration=111.8437569141388 battery=123439.50J
2026-05-25 20:17:53.101 | INFO     | utils.ConnectHandler_server:send:28 - sending data (59 bytes) to client#7...
2026-05-25 20:17:53.101 | INFO     | utils.ConnectHandler_server:send:34 - sending data (59 bytes) to client#7 completely
2026-05-25 20:17:55.904 | INFO     | __main__:<module>:482 - 2026-05-25 20:17:55 ROUND=50 end avg_acc=32.5100 best_acc=53.8050 duration=118.72s comm_mb=75.166 locations_after=[8, 9] checkpoint=logs_real/autorl_real_server/checkpoints/autorl_dfl_mm_seed1/checkpoint.pt
2026-05-25 20:17:55.904 | INFO     | __main__:<module>:281 - 2026-05-25 20:17:55 ROUND=51 start token_locations=[8, 9] active_clients=[0, 1, 2, 3, 4, 5, 6, 7, 8, 9]
2026-05-25 20:17:55.923 | INFO     | utils.ConnectHandler_server:send:28 - sending data (19735898 bytes) to client#8...
2026-05-25 20:17:57.521 | INFO     | utils.ConnectHandler_server:send:34 - sending data (19735898 bytes) to client#8 completely
2026-05-25 20:17:57.521 | INFO     | __main__:<module>:325 - 2026-05-25 20:17:57 SEND round=51 token=0 cid=8 payload_mb=18.822 duration=1.608s
2026-05-25 20:17:57.540 | INFO     | utils.ConnectHandler_server:send:28 - sending data (19723713 bytes) to client#9...
2026-05-25 20:17:59.229 | INFO     | utils.ConnectHandler_server:send:34 - sending data (19723713 bytes) to client#9 completely
2026-05-25 20:17:59.229 | INFO     | __main__:<module>:325 - 2026-05-25 20:17:59 SEND round=51 token=1 cid=9 payload_mb=18.810 duration=1.699s
2026-05-25 20:19:50.333 | INFO     | utils.ConnectHandler_server:receive:71 - 19694064bytes data to be received from client#9

  0%|          | 0/19694064 [00:00<?, ?iteration/s]
  6%|▌         | 1180690/19694064 [00:00<00:01, 11792122.96iteration/s]
 12%|█▏        | 2362794/19694064 [00:00<00:01, 11763439.04iteration/s]
 18%|█▊        | 3539242/19694064 [00:00<00:01, 11754177.97iteration/s]
 24%|██▍       | 4721346/19694064 [00:00<00:01, 11749038.10iteration/s]
 30%|██▉       | 5897794/19694064 [00:00<00:01, 11741389.00iteration/s]
 36%|███▌      | 7075656/19694064 [00:00<00:01, 11741316.75iteration/s]
 42%|████▏     | 8252104/19694064 [00:00<00:00, 11736892.60iteration/s]
 48%|████▊     | 9431380/19694064 [00:00<00:00, 11743541.48iteration/s]
 54%|█████▍    | 10612070/19694064 [00:00<00:00, 11748611.39iteration/s]
 60%|█████▉    | 11791346/19694064 [00:01<00:00, 11737571.67iteration/s]
 66%|██████▌   | 12972036/19694064 [00:01<00:00, 11748095.66iteration/s]
 72%|███████▏  | 14156968/19694064 [00:01<00:00, 11745226.12iteration/s]
 78%|███████▊  | 15337658/19694064 [00:01<00:00, 11741109.24iteration/s]
 84%|████████▍ | 16515520/19694064 [00:01<00:00, 11740187.37iteration/s]
 90%|████████▉ | 17701866/19694064 [00:01<00:00, 11743183.67iteration/s]
 96%|█████████▌| 18888212/19694064 [00:01<00:00, 11742776.39iteration/s]2026-05-25 20:19:52.011 | INFO     | utils.ConnectHandler_server:receive:80 - receive completed

100%|██████████| 19694064/19694064 [00:01<00:00, 11681138.62iteration/s]
2026-05-25 20:19:52.029 | INFO     | __main__:<module>:345 - 2026-05-25 20:19:52 RECV round=51 token=1 cid=9 train_duration=110.68125009536743 battery=127063.90J
2026-05-25 20:19:52.029 | INFO     | utils.ConnectHandler_server:send:28 - sending data (59 bytes) to client#9...
2026-05-25 20:19:52.030 | INFO     | utils.ConnectHandler_server:send:34 - sending data (59 bytes) to client#9 completely
2026-05-25 20:21:44.685 | INFO     | utils.ConnectHandler_server:receive:71 - 19697437bytes data to be received from client#8

  0%|          | 0/19697437 [00:00<?, ?iteration/s]
  6%|▌         | 1151160/19697437 [00:00<00:01, 11484722.11iteration/s]
 12%|█▏        | 2318248/19697437 [00:00<00:01, 11587877.00iteration/s]
 18%|█▊        | 3480992/19697437 [00:00<00:01, 11601111.96iteration/s]
 24%|██▎       | 4649528/19697437 [00:00<00:01, 11625888.27iteration/s]
 30%|██▉       | 5826752/19697437 [00:00<00:01, 11664380.99iteration/s]
 36%|███▌      | 7005424/19697437 [00:00<00:01, 11690269.16iteration/s]
 42%|████▏     | 8188440/19697437 [00:00<00:00, 11715950.45iteration/s]
 48%|████▊     | 9370008/19697437 [00:00<00:00, 11732036.17iteration/s]
 54%|█████▎    | 10545784/19697437 [00:00<00:00, 11731626.97iteration/s]
 60%|█████▉    | 11723008/19697437 [00:01<00:00, 11729049.15iteration/s]
 65%|██████▌   | 12901680/19697437 [00:01<00:00, 11736851.77iteration/s]
 71%|███████▏  | 14077456/19697437 [00:01<00:00, 11738631.06iteration/s]
 77%|███████▋  | 15261920/19697437 [00:01<00:00, 11737510.27iteration/s]
 83%|████████▎ | 16439144/19697437 [00:01<00:00, 11732129.27iteration/s]
 89%|████████▉ | 17613472/19697437 [00:01<00:00, 11731087.92iteration/s]
 95%|█████████▌| 18796488/19697437 [00:01<00:00, 11732785.17iteration/s]2026-05-25 20:21:46.368 | INFO     | utils.ConnectHandler_server:receive:80 - receive completed

100%|██████████| 19697437/19697437 [00:01<00:00, 11645758.73iteration/s]
2026-05-25 20:21:46.385 | INFO     | __main__:<module>:345 - 2026-05-25 20:21:46 RECV round=51 token=0 cid=8 train_duration=226.38261008262634 battery=114601.24J
2026-05-25 20:21:46.385 | INFO     | utils.ConnectHandler_server:send:28 - sending data (59 bytes) to client#8...
2026-05-25 20:21:46.385 | INFO     | utils.ConnectHandler_server:send:34 - sending data (59 bytes) to client#8 completely
2026-05-25 20:21:49.234 | INFO     | __main__:<module>:482 - 2026-05-25 20:21:49 ROUND=51 end avg_acc=56.9400 best_acc=56.9400 duration=233.25s comm_mb=75.195 locations_after=[9, 8] checkpoint=logs_real/autorl_real_server/checkpoints/autorl_dfl_mm_seed1/checkpoint.pt
2026-05-25 20:21:49.234 | INFO     | __main__:<module>:281 - 2026-05-25 20:21:49 ROUND=52 start token_locations=[9, 8] active_clients=[0, 1, 2, 3, 4, 5, 6, 7, 8, 9]
2026-05-25 20:21:49.254 | INFO     | utils.ConnectHandler_server:send:28 - sending data (19723713 bytes) to client#9...
2026-05-25 20:21:50.875 | INFO     | utils.ConnectHandler_server:send:34 - sending data (19723713 bytes) to client#9 completely
2026-05-25 20:21:50.875 | INFO     | __main__:<module>:325 - 2026-05-25 20:21:50 SEND round=52 token=0 cid=9 payload_mb=18.810 duration=1.632s
2026-05-25 20:21:50.896 | INFO     | utils.ConnectHandler_server:send:28 - sending data (19735898 bytes) to client#8...
2026-05-25 20:21:52.533 | INFO     | utils.ConnectHandler_server:send:34 - sending data (19735898 bytes) to client#8 completely
2026-05-25 20:21:52.533 | INFO     | __main__:<module>:325 - 2026-05-25 20:21:52 SEND round=52 token=1 cid=8 payload_mb=18.822 duration=1.647s
2026-05-25 20:23:40.707 | INFO     | utils.ConnectHandler_server:receive:71 - 19694064bytes data to be received from client#9

  0%|          | 0/19694064 [00:00<?, ?iteration/s]
  6%|▌         | 1179276/19694064 [00:00<00:01, 11786195.73iteration/s]
 12%|█▏        | 2358552/19694064 [00:00<00:01, 11762437.68iteration/s]
 18%|█▊        | 3535000/19694064 [00:00<00:01, 11752386.21iteration/s]
 24%|██▍       | 4711448/19694064 [00:00<00:01, 11748854.05iteration/s]
 30%|██▉       | 5887896/19694064 [00:00<00:01, 11739034.14iteration/s]
 36%|███▌      | 7062930/19694064 [00:00<00:01, 11736834.82iteration/s]
 42%|████▏     | 8242206/19694064 [00:00<00:00, 11747797.80iteration/s]
 48%|████▊     | 9418654/19694064 [00:00<00:00, 11742931.76iteration/s]
 54%|█████▍    | 10600758/19694064 [00:00<00:00, 11746405.59iteration/s]
 60%|█████▉    | 11775792/19694064 [00:01<00:00, 11740818.39iteration/s]
 66%|██████▌   | 12959310/19694064 [00:01<00:00, 11741845.23iteration/s]
 72%|███████▏  | 14138586/19694064 [00:01<00:00, 11743347.30iteration/s]
 78%|███████▊  | 15313620/19694064 [00:01<00:00, 11743145.69iteration/s]
 84%|████████▍ | 16497138/19694064 [00:01<00:00, 11748288.03iteration/s]
 90%|████████▉ | 17675000/19694064 [00:01<00:00, 11735534.54iteration/s]
 96%|█████████▌| 18854276/19694064 [00:01<00:00, 11741225.55iteration/s]2026-05-25 20:23:42.385 | INFO     | utils.ConnectHandler_server:receive:80 - receive completed

100%|██████████| 19694064/19694064 [00:01<00:00, 11677796.20iteration/s]
2026-05-25 20:23:42.414 | INFO     | __main__:<module>:345 - 2026-05-25 20:23:42 RECV round=52 token=0 cid=9 train_duration=109.38422417640686 battery=125221.08J
2026-05-25 20:23:42.414 | INFO     | utils.ConnectHandler_server:send:28 - sending data (59 bytes) to client#9...
2026-05-25 20:23:42.414 | INFO     | utils.ConnectHandler_server:send:34 - sending data (59 bytes) to client#9 completely
2026-05-25 20:25:39.636 | INFO     | utils.ConnectHandler_server:receive:71 - 19697437bytes data to be received from client#8

  0%|          | 0/19697437 [00:00<?, ?iteration/s]
  6%|▌         | 1162744/19697437 [00:00<00:01, 11605205.22iteration/s]
 12%|█▏        | 2335624/19697437 [00:00<00:01, 11670399.66iteration/s]
 18%|█▊        | 3508504/19697437 [00:00<00:01, 11688569.91iteration/s]
 24%|██▍       | 4679936/19697437 [00:00<00:01, 11672803.13iteration/s]
 30%|██▉       | 5848472/19697437 [00:00<00:01, 11675422.78iteration/s]
 36%|███▌      | 7017008/19697437 [00:00<00:01, 11669505.44iteration/s]
 42%|████▏     | 8198576/19697437 [00:00<00:00, 11698451.65iteration/s]
 48%|████▊     | 9372904/19697437 [00:00<00:00, 11710195.09iteration/s]
 54%|█████▎    | 10553024/19697437 [00:00<00:00, 11729943.70iteration/s]
 60%|█████▉    | 11730248/19697437 [00:01<00:00, 11736730.79iteration/s]
 66%|██████▌   | 12914712/19697437 [00:01<00:00, 11743946.86iteration/s]
 72%|███████▏  | 14093384/19697437 [00:01<00:00, 11748760.97iteration/s]
 78%|███████▊  | 15273504/19697437 [00:01<00:00, 11746423.41iteration/s]
 84%|████████▎ | 16456520/19697437 [00:01<00:00, 11753333.88iteration/s]
 90%|████████▉ | 17635192/19697437 [00:01<00:00, 11744024.72iteration/s]
 96%|█████████▌| 18815312/19697437 [00:01<00:00, 11754296.22iteration/s]2026-05-25 20:25:41.318 | INFO     | utils.ConnectHandler_server:receive:80 - receive completed

100%|██████████| 19697437/19697437 [00:01<00:00, 11655064.15iteration/s]
2026-05-25 20:25:41.336 | INFO     | __main__:<module>:345 - 2026-05-25 20:25:41 RECV round=52 token=1 cid=8 train_duration=226.43182849884033 battery=111116.29J
2026-05-25 20:25:41.336 | INFO     | utils.ConnectHandler_server:send:28 - sending data (59 bytes) to client#8...
2026-05-25 20:25:41.336 | INFO     | utils.ConnectHandler_server:send:34 - sending data (59 bytes) to client#8 completely
2026-05-25 20:25:44.231 | INFO     | __main__:<module>:482 - 2026-05-25 20:25:44 ROUND=52 end avg_acc=57.5350 best_acc=57.5350 duration=234.93s comm_mb=75.195 locations_after=[1, 3] checkpoint=logs_real/autorl_real_server/checkpoints/autorl_dfl_mm_seed1/checkpoint.pt
2026-05-25 20:25:44.231 | INFO     | __main__:<module>:281 - 2026-05-25 20:25:44 ROUND=53 start token_locations=[1, 3] active_clients=[0, 1, 2, 3, 4, 5, 6, 7, 8, 9]
2026-05-25 20:25:44.250 | INFO     | utils.ConnectHandler_server:send:28 - sending data (19699829 bytes) to client#1...
2026-05-25 20:25:45.799 | INFO     | utils.ConnectHandler_server:send:34 - sending data (19699829 bytes) to client#1 completely
2026-05-25 20:25:45.799 | INFO     | __main__:<module>:325 - 2026-05-25 20:25:45 SEND round=53 token=0 cid=1 payload_mb=18.787 duration=1.558s
2026-05-25 20:25:45.818 | INFO     | utils.ConnectHandler_server:send:28 - sending data (19699835 bytes) to client#3...
2026-05-25 20:25:47.576 | INFO     | utils.ConnectHandler_server:send:34 - sending data (19699835 bytes) to client#3 completely
2026-05-25 20:25:47.576 | INFO     | __main__:<module>:325 - 2026-05-25 20:25:47 SEND round=53 token=1 cid=3 payload_mb=18.787 duration=1.768s
2026-05-25 20:27:13.246 | INFO     | utils.ConnectHandler_server:receive:71 - 19696969bytes data to be received from client#3

  0%|          | 0/19696969 [00:00<?, ?iteration/s]
  6%|▌         | 1172880/19696969 [00:00<00:01, 11727525.00iteration/s]
 12%|█▏        | 2350104/19696969 [00:00<00:01, 11738704.45iteration/s]
 18%|█▊        | 3527328/19696969 [00:00<00:01, 11742731.45iteration/s]
 24%|██▍       | 4701656/19696969 [00:00<00:01, 11736176.46iteration/s]
 30%|██▉       | 5878880/19696969 [00:00<00:01, 11735011.09iteration/s]
 36%|███▌      | 7054656/19696969 [00:00<00:01, 11737512.77iteration/s]
 42%|████▏     | 8236224/19696969 [00:00<00:00, 11749830.57iteration/s]
 48%|████▊     | 9413448/19696969 [00:00<00:00, 11732773.87iteration/s]
 54%|█████▍    | 10592120/19696969 [00:00<00:00, 11735700.31iteration/s]
 60%|█████▉    | 11778032/19696969 [00:01<00:00, 11746147.26iteration/s]
 66%|██████▌   | 12959600/19696969 [00:01<00:00, 11753614.83iteration/s]
 72%|███████▏  | 14145512/19696969 [00:01<00:00, 11753685.81iteration/s]
 78%|███████▊  | 15324184/19696969 [00:01<00:00, 11760406.98iteration/s]
 84%|████████▍ | 16515888/19696969 [00:01<00:00, 11764290.53iteration/s]
 90%|████████▉ | 17700352/19696969 [00:01<00:00, 11761587.85iteration/s]
 96%|█████████▌| 18881920/19696969 [00:01<00:00, 11754448.95iteration/s]2026-05-25 20:27:14.925 | INFO     | utils.ConnectHandler_server:receive:80 - receive completed

100%|██████████| 19696969/19696969 [00:01<00:00, 11674844.52iteration/s]
2026-05-25 20:27:14.944 | INFO     | __main__:<module>:345 - 2026-05-25 20:27:14 RECV round=53 token=1 cid=3 train_duration=85.0342926979065 battery=141797.20J
2026-05-25 20:27:14.944 | INFO     | utils.ConnectHandler_server:send:28 - sending data (59 bytes) to client#3...
2026-05-25 20:27:14.944 | INFO     | utils.ConnectHandler_server:send:34 - sending data (59 bytes) to client#3 completely
2026-05-25 20:27:36.474 | INFO     | utils.ConnectHandler_server:receive:71 - 19697059bytes data to be received from client#1

  0%|          | 0/19697059 [00:00<?, ?iteration/s]
  6%|▌         | 1167088/19697059 [00:00<00:01, 11664077.84iteration/s]
 12%|█▏        | 2344312/19697059 [00:00<00:01, 11718065.84iteration/s]
 18%|█▊        | 3520088/19697059 [00:00<00:01, 11736109.07iteration/s]
 24%|██▍       | 4695864/19697059 [00:00<00:01, 11744304.41iteration/s]
 30%|██▉       | 5875984/19697059 [00:00<00:01, 11748098.08iteration/s]
 36%|███▌      | 7056104/19697059 [00:00<00:01, 11751834.40iteration/s]
 42%|████▏     | 8237672/19697059 [00:00<00:00, 11754885.25iteration/s]
 48%|████▊     | 9416344/19697059 [00:00<00:00, 11752922.35iteration/s]
 54%|█████▍    | 10599360/19697059 [00:00<00:00, 11754159.47iteration/s]
 60%|█████▉    | 11785272/19697059 [00:01<00:00, 11759347.68iteration/s]
 66%|██████▌   | 12965392/19697059 [00:01<00:00, 11759255.28iteration/s]
 72%|███████▏  | 14145512/19697059 [00:01<00:00, 11754726.38iteration/s]
 78%|███████▊  | 15332872/19697059 [00:01<00:00, 11764622.30iteration/s]
 84%|████████▍ | 16510096/19697059 [00:01<00:00, 11760843.12iteration/s]
 90%|████████▉ | 17687320/19697059 [00:01<00:00, 11759527.86iteration/s]
 96%|█████████▌| 18870336/19697059 [00:01<00:00, 11759062.79iteration/s]2026-05-25 20:27:38.152 | INFO     | utils.ConnectHandler_server:receive:80 - receive completed

100%|██████████| 19697059/19697059 [00:01<00:00, 11682265.80iteration/s]
2026-05-25 20:27:38.171 | INFO     | __main__:<module>:345 - 2026-05-25 20:27:38 RECV round=53 token=0 cid=1 train_duration=109.54312658309937 battery=137598.42J
2026-05-25 20:27:38.171 | INFO     | utils.ConnectHandler_server:send:28 - sending data (59 bytes) to client#1...
2026-05-25 20:27:38.171 | INFO     | utils.ConnectHandler_server:send:34 - sending data (59 bytes) to client#1 completely
2026-05-25 20:27:41.071 | INFO     | __main__:<module>:482 - 2026-05-25 20:27:40 ROUND=53 end avg_acc=48.3800 best_acc=57.5350 duration=116.77s comm_mb=75.138 locations_after=[3, 8] checkpoint=logs_real/autorl_real_server/checkpoints/autorl_dfl_mm_seed1/checkpoint.pt
2026-05-25 20:27:41.071 | INFO     | __main__:<module>:281 - 2026-05-25 20:27:41 ROUND=54 start token_locations=[3, 8] active_clients=[0, 1, 2, 3, 4, 5, 6, 7, 8, 9]
2026-05-25 20:27:41.091 | INFO     | utils.ConnectHandler_server:send:28 - sending data (19699835 bytes) to client#3...
2026-05-25 20:27:42.725 | INFO     | utils.ConnectHandler_server:send:34 - sending data (19699835 bytes) to client#3 completely
2026-05-25 20:27:42.725 | INFO     | __main__:<module>:325 - 2026-05-25 20:27:42 SEND round=54 token=0 cid=3 payload_mb=18.787 duration=1.644s
2026-05-25 20:27:42.746 | INFO     | utils.ConnectHandler_server:send:28 - sending data (19735898 bytes) to client#8...
2026-05-25 20:27:44.368 | INFO     | utils.ConnectHandler_server:send:34 - sending data (19735898 bytes) to client#8 completely
2026-05-25 20:27:44.368 | INFO     | __main__:<module>:325 - 2026-05-25 20:27:44 SEND round=54 token=1 cid=8 payload_mb=18.822 duration=1.633s
2026-05-25 20:29:07.550 | INFO     | utils.ConnectHandler_server:receive:71 - 19696985bytes data to be received from client#3

  0%|          | 0/19696985 [00:00<?, ?iteration/s]
  6%|▌         | 1175776/19696985 [00:00<00:01, 11744219.01iteration/s]
 12%|█▏        | 2351552/19696985 [00:00<00:01, 11668618.98iteration/s]
 18%|█▊        | 3528776/19696985 [00:00<00:01, 11712302.81iteration/s]
 24%|██▍       | 4703104/19696985 [00:00<00:01, 11722974.20iteration/s]
 30%|██▉       | 5881776/19696985 [00:00<00:01, 11734835.96iteration/s]
 36%|███▌      | 7063344/19696985 [00:00<00:01, 11746878.80iteration/s]
 42%|████▏     | 8242016/19696985 [00:00<00:00, 11746686.75iteration/s]
 48%|████▊     | 9425032/19696985 [00:00<00:00, 11752031.96iteration/s]
 54%|█████▍    | 10603704/19696985 [00:00<00:00, 11753824.92iteration/s]
 60%|█████▉    | 11780928/19696985 [00:01<00:00, 11750121.44iteration/s]
 66%|██████▌   | 12959600/19696985 [00:01<00:00, 11756507.60iteration/s]
 72%|███████▏  | 14142616/19696985 [00:01<00:00, 11754979.16iteration/s]
 78%|███████▊  | 15325632/19696985 [00:01<00:00, 11759772.18iteration/s]
 84%|████████▍ | 16507200/19696985 [00:01<00:00, 11761622.70iteration/s]
 90%|████████▉ | 17685872/19696985 [00:01<00:00, 11762594.66iteration/s]
 96%|█████████▌| 18864544/19696985 [00:01<00:00, 11757040.25iteration/s]2026-05-25 20:29:09.229 | INFO     | utils.ConnectHandler_server:receive:80 - receive completed

100%|██████████| 19696985/19696985 [00:01<00:00, 11675827.49iteration/s]
2026-05-25 20:29:09.252 | INFO     | __main__:<module>:345 - 2026-05-25 20:29:09 RECV round=54 token=0 cid=3 train_duration=84.11238050460815 battery=141079.68J
2026-05-25 20:29:09.253 | INFO     | utils.ConnectHandler_server:send:28 - sending data (59 bytes) to client#3...
2026-05-25 20:29:09.253 | INFO     | utils.ConnectHandler_server:send:34 - sending data (59 bytes) to client#3 completely
2026-05-25 20:31:31.319 | INFO     | utils.ConnectHandler_server:receive:71 - 19697437bytes data to be received from client#8

  0%|          | 0/19697437 [00:00<?, ?iteration/s]
  6%|▌         | 1161296/19697437 [00:00<00:01, 11603813.74iteration/s]
 12%|█▏        | 2325488/19697437 [00:00<00:01, 11621275.32iteration/s]
 18%|█▊        | 3491128/19697437 [00:00<00:01, 11632109.93iteration/s]
 24%|██▎       | 4658216/19697437 [00:00<00:01, 11629710.16iteration/s]
 30%|██▉       | 5829648/19697437 [00:00<00:01, 11652361.34iteration/s]
 36%|███▌      | 7006872/19697437 [00:00<00:01, 11687138.47iteration/s]
 42%|████▏     | 8186992/19697437 [00:00<00:00, 11717900.10iteration/s]
 48%|████▊     | 9364216/19697437 [00:00<00:00, 11721284.54iteration/s]
 54%|█████▎    | 10542888/19697437 [00:00<00:00, 11723652.55iteration/s]
 60%|█████▉    | 11724456/19697437 [00:01<00:00, 11730603.90iteration/s]
 65%|██████▌   | 12898784/19697437 [00:01<00:00, 11729986.46iteration/s]
 71%|███████▏  | 14078904/19697437 [00:01<00:00, 11740288.77iteration/s]
 77%|███████▋  | 15263368/19697437 [00:01<00:00, 11739279.87iteration/s]
 84%|████████▎ | 16450728/19697437 [00:01<00:00, 11746281.78iteration/s]
 90%|████████▉ | 17629400/19697437 [00:01<00:00, 11746964.80iteration/s]
 95%|█████████▌| 18805176/19697437 [00:01<00:00, 11747215.40iteration/s]2026-05-25 20:31:33.002 | INFO     | utils.ConnectHandler_server:receive:80 - receive completed

100%|██████████| 19697437/19697437 [00:01<00:00, 11650166.44iteration/s]
2026-05-25 20:31:33.020 | INFO     | __main__:<module>:345 - 2026-05-25 20:31:33 RECV round=54 token=1 cid=8 train_duration=226.30021476745605 battery=107633.37J
2026-05-25 20:31:33.020 | INFO     | utils.ConnectHandler_server:send:28 - sending data (59 bytes) to client#8...
2026-05-25 20:31:33.020 | INFO     | utils.ConnectHandler_server:send:34 - sending data (59 bytes) to client#8 completely
2026-05-25 20:31:35.907 | INFO     | __main__:<module>:482 - 2026-05-25 20:31:35 ROUND=54 end avg_acc=51.3250 best_acc=57.5350 duration=234.77s comm_mb=75.172 locations_after=[8, 7] checkpoint=logs_real/autorl_real_server/checkpoints/autorl_dfl_mm_seed1/checkpoint.pt
2026-05-25 20:31:35.908 | INFO     | __main__:<module>:281 - 2026-05-25 20:31:35 ROUND=55 start token_locations=[8, 7] active_clients=[0, 1, 2, 3, 4, 5, 6, 7, 8, 9]
2026-05-25 20:31:35.927 | INFO     | utils.ConnectHandler_server:send:28 - sending data (19735898 bytes) to client#8...
2026-05-25 20:31:37.517 | INFO     | utils.ConnectHandler_server:send:34 - sending data (19735898 bytes) to client#8 completely
2026-05-25 20:31:37.517 | INFO     | __main__:<module>:325 - 2026-05-25 20:31:37 SEND round=55 token=0 cid=8 payload_mb=18.822 duration=1.600s
2026-05-25 20:31:37.536 | INFO     | utils.ConnectHandler_server:send:28 - sending data (19729801 bytes) to client#7...
2026-05-25 20:31:39.219 | INFO     | utils.ConnectHandler_server:send:34 - sending data (19729801 bytes) to client#7 completely
2026-05-25 20:31:39.219 | INFO     | __main__:<module>:325 - 2026-05-25 20:31:39 SEND round=55 token=1 cid=7 payload_mb=18.816 duration=1.692s
2026-05-25 20:34:07.652 | INFO     | utils.ConnectHandler_server:receive:71 - 19697437bytes data to be received from client#7

  0%|          | 0/19697437 [00:00<?, ?iteration/s]
  6%|▌         | 1165640/19697437 [00:00<00:01, 11654855.02iteration/s]
 12%|█▏        | 2332728/19697437 [00:00<00:01, 11655722.30iteration/s]
 18%|█▊        | 3498368/19697437 [00:00<00:01, 11644923.31iteration/s]
 24%|██▎       | 4664008/19697437 [00:00<00:01, 11635590.19iteration/s]
 30%|██▉       | 5838336/19697437 [00:00<00:01, 11670529.62iteration/s]
 36%|███▌      | 7014112/19697437 [00:00<00:01, 11689246.34iteration/s]
 42%|████▏     | 8188440/19697437 [00:00<00:00, 11704467.57iteration/s]
 48%|████▊     | 9371456/19697437 [00:00<00:00, 11726358.87iteration/s]
 54%|█████▎    | 10553024/19697437 [00:00<00:00, 11735881.97iteration/s]
 60%|█████▉    | 11734592/19697437 [00:01<00:00, 11745257.71iteration/s]
 66%|██████▌   | 12920504/19697437 [00:01<00:00, 11736199.75iteration/s]
 72%|███████▏  | 14102072/19697437 [00:01<00:00, 11740124.54iteration/s]
 78%|███████▊  | 15286536/19697437 [00:01<00:00, 11745789.06iteration/s]
 84%|████████▎ | 16468104/19697437 [00:01<00:00, 11751879.07iteration/s]
 90%|████████▉ | 17645328/19697437 [00:01<00:00, 11755756.93iteration/s]
 96%|█████████▌| 18832688/19697437 [00:01<00:00, 11755219.31iteration/s]2026-05-25 20:34:09.333 | INFO     | utils.ConnectHandler_server:receive:80 - receive completed

100%|██████████| 19697437/19697437 [00:01<00:00, 11660961.66iteration/s]
2026-05-25 20:34:09.357 | INFO     | __main__:<module>:345 - 2026-05-25 20:34:09 RECV round=55 token=1 cid=7 train_duration=148.03528571128845 battery=121161.13J
2026-05-25 20:34:09.357 | INFO     | utils.ConnectHandler_server:send:28 - sending data (59 bytes) to client#7...
2026-05-25 20:34:09.357 | INFO     | utils.ConnectHandler_server:send:34 - sending data (59 bytes) to client#7 completely
2026-05-25 20:35:24.260 | INFO     | utils.ConnectHandler_server:receive:71 - 19697437bytes data to be received from client#8

  0%|          | 0/19697437 [00:00<?, ?iteration/s]
  6%|▌         | 1155504/19697437 [00:00<00:01, 11536979.36iteration/s]
 12%|█▏        | 2321144/19697437 [00:00<00:01, 11594999.74iteration/s]
 18%|█▊        | 3488232/19697437 [00:00<00:01, 11615888.02iteration/s]
 24%|██▎       | 4655320/19697437 [00:00<00:01, 11627890.28iteration/s]
 30%|██▉       | 5825304/19697437 [00:00<00:01, 11641910.05iteration/s]
 36%|███▌      | 7002528/19697437 [00:00<00:01, 11667685.72iteration/s]
 42%|████▏     | 8181200/19697437 [00:00<00:00, 11702671.87iteration/s]
 48%|████▊     | 9359872/19697437 [00:00<00:00, 11712551.61iteration/s]
 54%|█████▎    | 10541440/19697437 [00:00<00:00, 11726071.22iteration/s]
 59%|█████▉    | 11714320/19697437 [00:01<00:00, 11720186.27iteration/s]
 65%|██████▌   | 12892992/19697437 [00:01<00:00, 11723990.57iteration/s]
 71%|███████▏  | 14068768/19697437 [00:01<00:00, 11726732.90iteration/s]
 77%|███████▋  | 15253232/19697437 [00:01<00:00, 11739009.83iteration/s]
 83%|████████▎ | 16437696/19697437 [00:01<00:00, 11725730.51iteration/s]
 89%|████████▉ | 17612024/19697437 [00:01<00:00, 11729018.96iteration/s]
 95%|█████████▌| 18789248/19697437 [00:01<00:00, 11715125.86iteration/s]2026-05-25 20:35:25.945 | INFO     | utils.ConnectHandler_server:receive:80 - receive completed

100%|██████████| 19697437/19697437 [00:01<00:00, 11633718.60iteration/s]
2026-05-25 20:35:25.963 | INFO     | __main__:<module>:345 - 2026-05-25 20:35:25 RECV round=55 token=0 cid=8 train_duration=226.01095056533813 battery=104154.91J
2026-05-25 20:35:25.963 | INFO     | utils.ConnectHandler_server:send:28 - sending data (59 bytes) to client#8...
2026-05-25 20:35:25.963 | INFO     | utils.ConnectHandler_server:send:34 - sending data (59 bytes) to client#8 completely
2026-05-25 20:35:28.852 | INFO     | __main__:<module>:482 - 2026-05-25 20:35:28 ROUND=55 end avg_acc=46.9450 best_acc=57.5350 duration=232.88s comm_mb=75.201 locations_after=[5, 2] checkpoint=logs_real/autorl_real_server/checkpoints/autorl_dfl_mm_seed1/checkpoint.pt
2026-05-25 20:35:28.852 | INFO     | __main__:<module>:281 - 2026-05-25 20:35:28 ROUND=56 start token_locations=[5, 2] active_clients=[0, 1, 2, 3, 4, 5, 6, 7, 8, 9]
2026-05-25 20:35:28.871 | INFO     | utils.ConnectHandler_server:send:28 - sending data (19699830 bytes) to client#5...
2026-05-25 20:35:30.485 | INFO     | utils.ConnectHandler_server:send:34 - sending data (19699830 bytes) to client#5 completely
2026-05-25 20:35:30.485 | INFO     | __main__:<module>:325 - 2026-05-25 20:35:30 SEND round=56 token=0 cid=5 payload_mb=18.787 duration=1.623s
2026-05-25 20:35:30.504 | INFO     | utils.ConnectHandler_server:send:28 - sending data (19699830 bytes) to client#2...
2026-05-25 20:35:32.204 | INFO     | utils.ConnectHandler_server:send:34 - sending data (19699830 bytes) to client#2 completely
2026-05-25 20:35:32.204 | INFO     | __main__:<module>:325 - 2026-05-25 20:35:32 SEND round=56 token=1 cid=2 payload_mb=18.787 duration=1.710s
2026-05-25 20:37:07.512 | INFO     | utils.ConnectHandler_server:receive:71 - 19696961bytes data to be received from client#2

  0%|          | 0/19696961 [00:00<?, ?iteration/s]
  6%|▌         | 1172880/19696961 [00:00<00:01, 11719813.78iteration/s]
 12%|█▏        | 2348656/19696961 [00:00<00:01, 11739797.39iteration/s]
 18%|█▊        | 3524432/19696961 [00:00<00:01, 11744372.18iteration/s]
 24%|██▍       | 4701656/19696961 [00:00<00:01, 11743584.54iteration/s]
 30%|██▉       | 5881776/19696961 [00:00<00:01, 11756126.82iteration/s]
 36%|███▌      | 7061896/19696961 [00:00<00:01, 11756378.80iteration/s]
 42%|████▏     | 8237672/19696961 [00:00<00:00, 11756778.41iteration/s]
 48%|████▊     | 9417792/19696961 [00:00<00:00, 11751369.17iteration/s]
 54%|█████▍    | 10603704/19696961 [00:00<00:00, 11763273.81iteration/s]
 60%|█████▉    | 11788168/19696961 [00:01<00:00, 11758162.16iteration/s]
 66%|██████▌   | 12975528/19696961 [00:01<00:00, 11763400.01iteration/s]
 72%|███████▏  | 14157096/19696961 [00:01<00:00, 11752393.24iteration/s]
 78%|███████▊  | 15334320/19696961 [00:01<00:00, 11757451.69iteration/s]
 84%|████████▍ | 16517336/19696961 [00:01<00:00, 11761953.19iteration/s]
 90%|████████▉ | 17709040/19696961 [00:01<00:00, 11758159.48iteration/s]
 96%|█████████▌| 18894952/19696961 [00:01<00:00, 11767156.27iteration/s]2026-05-25 20:37:09.189 | INFO     | utils.ConnectHandler_server:receive:80 - receive completed

100%|██████████| 19696961/19696961 [00:01<00:00, 11691042.25iteration/s]
2026-05-25 20:37:09.207 | INFO     | __main__:<module>:345 - 2026-05-25 20:37:09 RECV round=56 token=1 cid=2 train_duration=94.61757826805115 battery=140194.94J
2026-05-25 20:37:09.207 | INFO     | utils.ConnectHandler_server:send:28 - sending data (59 bytes) to client#2...
2026-05-25 20:37:09.207 | INFO     | utils.ConnectHandler_server:send:34 - sending data (59 bytes) to client#2 completely
2026-05-25 20:39:03.105 | INFO     | utils.ConnectHandler_server:receive:71 - 19696939bytes data to be received from client#5

  0%|          | 0/19696939 [00:00<?, ?iteration/s]
  6%|▌         | 1175776/19696939 [00:00<00:01, 11738851.58iteration/s]
 12%|█▏        | 2351552/19696939 [00:00<00:01, 11747520.18iteration/s]
 18%|█▊        | 3528776/19696939 [00:00<00:01, 11756172.28iteration/s]
 24%|██▍       | 4708896/19696939 [00:00<00:01, 11758877.33iteration/s]
 30%|██▉       | 5887568/19696939 [00:00<00:01, 11750161.14iteration/s]
 36%|███▌      | 7064792/19696939 [00:00<00:01, 11755099.73iteration/s]
 42%|████▏     | 8243464/19696939 [00:00<00:00, 11759120.32iteration/s]
 48%|████▊     | 9423584/19696939 [00:00<00:00, 11754059.10iteration/s]
 54%|█████▍    | 10603704/19696939 [00:00<00:00, 11761832.52iteration/s]
 60%|█████▉    | 11782376/19696939 [00:01<00:00, 11757497.74iteration/s]
 66%|██████▌   | 12966840/19696939 [00:01<00:00, 11762626.54iteration/s]
 72%|███████▏  | 14148408/19696939 [00:01<00:00, 11762441.08iteration/s]
 78%|███████▊  | 15337216/19696939 [00:01<00:00, 11761997.67iteration/s]
 84%|████████▍ | 16526024/19696939 [00:01<00:00, 11759320.24iteration/s]
 90%|████████▉ | 17710488/19696939 [00:01<00:00, 11753439.95iteration/s]
 96%|█████████▌| 18896400/19696939 [00:01<00:00, 11760275.32iteration/s]2026-05-25 20:39:04.782 | INFO     | utils.ConnectHandler_server:receive:80 - receive completed

100%|██████████| 19696939/19696939 [00:01<00:00, 11695158.43iteration/s]
2026-05-25 20:39:04.799 | INFO     | __main__:<module>:345 - 2026-05-25 20:39:04 RECV round=56 token=0 cid=5 train_duration=211.922381401062 battery=135119.37J
2026-05-25 20:39:04.799 | INFO     | utils.ConnectHandler_server:send:28 - sending data (59 bytes) to client#5...
2026-05-25 20:39:04.799 | INFO     | utils.ConnectHandler_server:send:34 - sending data (59 bytes) to client#5 completely
2026-05-25 20:39:07.631 | INFO     | __main__:<module>:482 - 2026-05-25 20:39:07 ROUND=56 end avg_acc=39.9800 best_acc=57.5350 duration=218.71s comm_mb=75.138 locations_after=[5, 1] checkpoint=logs_real/autorl_real_server/checkpoints/autorl_dfl_mm_seed1/checkpoint.pt
2026-05-25 20:39:07.631 | INFO     | __main__:<module>:281 - 2026-05-25 20:39:07 ROUND=57 start token_locations=[5, 1] active_clients=[0, 1, 2, 3, 4, 5, 6, 7, 8, 9]
2026-05-25 20:39:07.649 | INFO     | utils.ConnectHandler_server:send:28 - sending data (19699830 bytes) to client#5...
2026-05-25 20:39:09.247 | INFO     | utils.ConnectHandler_server:send:34 - sending data (19699830 bytes) to client#5 completely
2026-05-25 20:39:09.247 | INFO     | __main__:<module>:325 - 2026-05-25 20:39:09 SEND round=57 token=0 cid=5 payload_mb=18.787 duration=1.607s
2026-05-25 20:39:09.266 | INFO     | utils.ConnectHandler_server:send:28 - sending data (19699829 bytes) to client#1...
2026-05-25 20:39:10.906 | INFO     | utils.ConnectHandler_server:send:34 - sending data (19699829 bytes) to client#1 completely
2026-05-25 20:39:10.906 | INFO     | __main__:<module>:325 - 2026-05-25 20:39:10 SEND round=57 token=1 cid=1 payload_mb=18.787 duration=1.650s
2026-05-25 20:41:01.476 | INFO     | utils.ConnectHandler_server:receive:71 - 19697059bytes data to be received from client#1

  0%|          | 0/19697059 [00:00<?, ?iteration/s]
  6%|▌         | 1169984/19697059 [00:00<00:01, 11680524.25iteration/s]
 12%|█▏        | 2347208/19697059 [00:00<00:01, 11730761.83iteration/s]
 18%|█▊        | 3522984/19697059 [00:00<00:01, 11739715.94iteration/s]
 24%|██▍       | 4700208/19697059 [00:00<00:01, 11738705.48iteration/s]
 30%|██▉       | 5880328/19697059 [00:00<00:01, 11748094.69iteration/s]
 36%|███▌      | 7057552/19697059 [00:00<00:01, 11744773.75iteration/s]
 42%|████▏     | 8239120/19697059 [00:00<00:00, 11744095.24iteration/s]
 48%|████▊     | 9414896/19697059 [00:00<00:00, 11746650.55iteration/s]
 54%|█████▍    | 10599360/19697059 [00:00<00:00, 11753097.78iteration/s]
 60%|█████▉    | 11782376/19697059 [00:01<00:00, 11752525.25iteration/s]
 66%|██████▌   | 12963944/19697059 [00:01<00:00, 11745423.76iteration/s]
 72%|███████▏  | 14139720/19697059 [00:01<00:00, 11741445.78iteration/s]
 78%|███████▊  | 15322736/19697059 [00:01<00:00, 11755019.49iteration/s]
 84%|████████▍ | 16508648/19697059 [00:01<00:00, 11750532.99iteration/s]
 90%|████████▉ | 17697456/19697059 [00:01<00:00, 11756058.56iteration/s]
 96%|█████████▌| 18874680/19697059 [00:01<00:00, 11754437.06iteration/s]2026-05-25 20:41:03.155 | INFO     | utils.ConnectHandler_server:receive:80 - receive completed

100%|██████████| 19697059/19697059 [00:01<00:00, 11680879.99iteration/s]
2026-05-25 20:41:03.173 | INFO     | __main__:<module>:345 - 2026-05-25 20:41:03 RECV round=57 token=1 cid=1 train_duration=109.59708261489868 battery=136663.50J
2026-05-25 20:41:03.173 | INFO     | utils.ConnectHandler_server:send:28 - sending data (59 bytes) to client#1...
2026-05-25 20:41:03.173 | INFO     | utils.ConnectHandler_server:send:34 - sending data (59 bytes) to client#1 completely
2026-05-25 20:41:11.131 | INFO     | utils.ConnectHandler_server:receive:71 - 19696941bytes data to be received from client#5

  0%|          | 0/19696941 [00:00<?, ?iteration/s]
  6%|▌         | 1172880/19696941 [00:00<00:01, 11727329.30iteration/s]
 12%|█▏        | 2351552/19696941 [00:00<00:01, 11756103.79iteration/s]
 18%|█▊        | 3527328/19696941 [00:00<00:01, 11755393.65iteration/s]
 24%|██▍       | 4704552/19696941 [00:00<00:01, 11749774.30iteration/s]
 30%|██▉       | 5883224/19696941 [00:00<00:01, 11750331.32iteration/s]
 36%|███▌      | 7063344/19696941 [00:00<00:01, 11761048.13iteration/s]
 42%|████▏     | 8243464/19696941 [00:00<00:00, 11759560.53iteration/s]
 48%|████▊     | 9423584/19696941 [00:00<00:00, 11759939.38iteration/s]
 54%|█████▍    | 10600808/19696941 [00:00<00:00, 11757020.11iteration/s]
 60%|█████▉    | 11778032/19696941 [00:01<00:00, 11761342.59iteration/s]
 66%|██████▌   | 12958152/19696941 [00:01<00:00, 11757608.57iteration/s]
 72%|███████▏  | 14144064/19696941 [00:01<00:00, 11761027.98iteration/s]
 78%|███████▊  | 15324184/19696941 [00:01<00:00, 11762136.89iteration/s]
 84%|████████▍ | 16501408/19696941 [00:01<00:00, 11755448.91iteration/s]
 90%|████████▉ | 17688768/19696941 [00:01<00:00, 11760870.82iteration/s]
 96%|█████████▌| 18879024/19696941 [00:01<00:00, 11762609.93iteration/s]2026-05-25 20:41:12.808 | INFO     | utils.ConnectHandler_server:receive:80 - receive completed

100%|██████████| 19696941/19696941 [00:01<00:00, 11690332.25iteration/s]
2026-05-25 20:41:12.826 | INFO     | __main__:<module>:345 - 2026-05-25 20:41:12 RECV round=57 token=0 cid=5 train_duration=121.15925359725952 battery=134085.82J
2026-05-25 20:41:12.826 | INFO     | utils.ConnectHandler_server:send:28 - sending data (59 bytes) to client#5...
2026-05-25 20:41:12.826 | INFO     | utils.ConnectHandler_server:send:34 - sending data (59 bytes) to client#5 completely
2026-05-25 20:41:15.632 | INFO     | __main__:<module>:482 - 2026-05-25 20:41:15 ROUND=57 end avg_acc=37.4200 best_acc=57.5350 duration=127.93s comm_mb=75.138 locations_after=[2, 0] checkpoint=logs_real/autorl_real_server/checkpoints/autorl_dfl_mm_seed1/checkpoint.pt
2026-05-25 20:41:15.632 | INFO     | __main__:<module>:281 - 2026-05-25 20:41:15 ROUND=58 start token_locations=[2, 0] active_clients=[0, 1, 2, 3, 4, 5, 6, 7, 8, 9]
2026-05-25 20:41:15.655 | INFO     | utils.ConnectHandler_server:send:28 - sending data (19699830 bytes) to client#2...
2026-05-25 20:41:17.267 | INFO     | utils.ConnectHandler_server:send:34 - sending data (19699830 bytes) to client#2 completely
2026-05-25 20:41:17.267 | INFO     | __main__:<module>:325 - 2026-05-25 20:41:17 SEND round=58 token=0 cid=2 payload_mb=18.787 duration=1.625s
2026-05-25 20:41:17.287 | INFO     | utils.ConnectHandler_server:send:28 - sending data (19699833 bytes) to client#0...
2026-05-25 20:41:18.975 | INFO     | utils.ConnectHandler_server:send:34 - sending data (19699833 bytes) to client#0 completely
2026-05-25 20:41:18.975 | INFO     | __main__:<module>:325 - 2026-05-25 20:41:18 SEND round=58 token=1 cid=0 payload_mb=18.787 duration=1.698s
2026-05-25 20:42:50.518 | INFO     | utils.ConnectHandler_server:receive:71 - 19696977bytes data to be received from client#2

  0%|          | 0/19696977 [00:00<?, ?iteration/s]
  6%|▌         | 1175776/19696977 [00:00<00:01, 11730558.49iteration/s]
 12%|█▏        | 2353000/19696977 [00:00<00:01, 11747702.60iteration/s]
 18%|█▊        | 3530224/19696977 [00:00<00:01, 11752229.50iteration/s]
 24%|██▍       | 4707448/19696977 [00:00<00:01, 11746020.77iteration/s]
 30%|██▉       | 5887568/19696977 [00:00<00:01, 11752425.28iteration/s]
 36%|███▌      | 7066240/19696977 [00:00<00:01, 11759730.50iteration/s]
 42%|████▏     | 8243464/19696977 [00:00<00:00, 11752611.73iteration/s]
 48%|████▊     | 9425032/19696977 [00:00<00:00, 11762580.12iteration/s]
 54%|█████▍    | 10605152/19696977 [00:00<00:00, 11757227.25iteration/s]
 60%|█████▉    | 11786720/19696977 [00:01<00:00, 11762788.04iteration/s]
 66%|██████▌   | 12966840/19696977 [00:01<00:00, 11757751.70iteration/s]
 72%|███████▏  | 14152752/19696977 [00:01<00:00, 11756118.60iteration/s]
 78%|███████▊  | 15332872/19696977 [00:01<00:00, 11763963.48iteration/s]
 84%|████████▍ | 16521680/19696977 [00:01<00:00, 11762520.69iteration/s]
 90%|████████▉ | 17707592/19696977 [00:01<00:00, 11761269.47iteration/s]
 96%|█████████▌| 18892056/19696977 [00:01<00:00, 11755049.78iteration/s]2026-05-25 20:42:52.195 | INFO     | utils.ConnectHandler_server:receive:80 - receive completed

100%|██████████| 19696977/19696977 [00:01<00:00, 11687636.35iteration/s]
2026-05-25 20:42:52.218 | INFO     | __main__:<module>:345 - 2026-05-25 20:42:52 RECV round=58 token=0 cid=2 train_duration=92.47352027893066 battery=139406.09J
2026-05-25 20:42:52.219 | INFO     | utils.ConnectHandler_server:send:28 - sending data (59 bytes) to client#2...
2026-05-25 20:42:52.219 | INFO     | utils.ConnectHandler_server:send:34 - sending data (59 bytes) to client#2 completely
2026-05-25 20:43:08.287 | INFO     | utils.ConnectHandler_server:receive:71 - 19696975bytes data to be received from client#0

  0%|          | 0/19696975 [00:00<?, ?iteration/s]
  6%|▌         | 1169984/19696975 [00:00<00:01, 11681803.31iteration/s]
 12%|█▏        | 2347208/19696975 [00:00<00:01, 11732639.07iteration/s]
 18%|█▊        | 3522984/19696975 [00:00<00:01, 11740136.60iteration/s]
 24%|██▍       | 4697312/19696975 [00:00<00:01, 11740486.72iteration/s]
 30%|██▉       | 5874536/19696975 [00:00<00:01, 11743176.72iteration/s]
 36%|███▌      | 7054656/19696975 [00:00<00:01, 11753135.69iteration/s]
 42%|████▏     | 8231880/19696975 [00:00<00:00, 11757282.06iteration/s]
 48%|████▊     | 9413448/19696975 [00:00<00:00, 11755801.72iteration/s]
 54%|█████▍    | 10593568/19696975 [00:00<00:00, 11758677.90iteration/s]
 60%|█████▉    | 11770792/19696975 [00:01<00:00, 11759862.48iteration/s]
 66%|██████▌   | 12953808/19696975 [00:01<00:00, 11763752.25iteration/s]
 72%|███████▏  | 14133928/19696975 [00:01<00:00, 11757049.50iteration/s]
 78%|███████▊  | 15316944/19696975 [00:01<00:00, 11758635.78iteration/s]
 84%|████████▍ | 16502856/19696975 [00:01<00:00, 11764117.67iteration/s]
 90%|████████▉ | 17682976/19696975 [00:01<00:00, 11764786.91iteration/s]
 96%|█████████▌| 18860200/19696975 [00:01<00:00, 11756303.12iteration/s]2026-05-25 20:43:09.964 | INFO     | utils.ConnectHandler_server:receive:80 - receive completed

100%|██████████| 19696975/19696975 [00:01<00:00, 11687089.55iteration/s]
2026-05-25 20:43:09.983 | INFO     | __main__:<module>:345 - 2026-05-25 20:43:09 RECV round=58 token=1 cid=0 train_duration=108.41513395309448 battery=140499.75J
2026-05-25 20:43:09.983 | INFO     | utils.ConnectHandler_server:send:28 - sending data (59 bytes) to client#0...
2026-05-25 20:43:09.983 | INFO     | utils.ConnectHandler_server:send:34 - sending data (59 bytes) to client#0 completely
2026-05-25 20:43:12.796 | INFO     | __main__:<module>:482 - 2026-05-25 20:43:12 ROUND=58 end avg_acc=24.0900 best_acc=57.5350 duration=117.09s comm_mb=75.138 locations_after=[7, 0] checkpoint=logs_real/autorl_real_server/checkpoints/autorl_dfl_mm_seed1/checkpoint.pt
2026-05-25 20:43:12.796 | INFO     | __main__:<module>:281 - 2026-05-25 20:43:12 ROUND=59 start token_locations=[7, 0] active_clients=[0, 1, 2, 3, 4, 5, 6, 7, 8, 9]
2026-05-25 20:43:12.821 | INFO     | utils.ConnectHandler_server:send:28 - sending data (19729801 bytes) to client#7...
2026-05-25 20:43:14.434 | INFO     | utils.ConnectHandler_server:send:34 - sending data (19729801 bytes) to client#7 completely
2026-05-25 20:43:14.434 | INFO     | __main__:<module>:325 - 2026-05-25 20:43:14 SEND round=59 token=0 cid=7 payload_mb=18.816 duration=1.628s
2026-05-25 20:43:14.455 | INFO     | utils.ConnectHandler_server:send:28 - sending data (19699833 bytes) to client#0...
2026-05-25 20:43:16.130 | INFO     | utils.ConnectHandler_server:send:34 - sending data (19699833 bytes) to client#0 completely
2026-05-25 20:43:16.130 | INFO     | __main__:<module>:325 - 2026-05-25 20:43:16 SEND round=59 token=1 cid=0 payload_mb=18.787 duration=1.686s
2026-05-25 20:45:05.408 | INFO     | utils.ConnectHandler_server:receive:71 - 19696957bytes data to be received from client#0

  0%|          | 0/19696957 [00:00<?, ?iteration/s]
  6%|▌         | 1172880/19696957 [00:00<00:01, 11703057.37iteration/s]
 12%|█▏        | 2348656/19696957 [00:00<00:01, 11730626.96iteration/s]
 18%|█▊        | 3525880/19696957 [00:00<00:01, 11746591.42iteration/s]
 24%|██▍       | 4703104/19696957 [00:00<00:01, 11742333.78iteration/s]
 30%|██▉       | 5883224/19696957 [00:00<00:01, 11751178.85iteration/s]
 36%|███▌      | 7063344/19696957 [00:00<00:01, 11759227.31iteration/s]
 42%|████▏     | 8244912/19696957 [00:00<00:00, 11755016.02iteration/s]
 48%|████▊     | 9427928/19696957 [00:00<00:00, 11758744.76iteration/s]
 54%|█████▍    | 10605152/19696957 [00:00<00:00, 11755109.41iteration/s]
 60%|█████▉    | 11785272/19696957 [00:01<00:00, 11757230.15iteration/s]
 66%|██████▌   | 12963944/19696957 [00:01<00:00, 11758397.03iteration/s]
 72%|███████▏  | 14149856/19696957 [00:01<00:00, 11757974.84iteration/s]
 78%|███████▊  | 15335768/19696957 [00:01<00:00, 11762657.51iteration/s]
 84%|████████▍ | 16521680/19696957 [00:01<00:00, 11761008.25iteration/s]
 90%|████████▉ | 17707592/19696957 [00:01<00:00, 11762480.09iteration/s]
 96%|█████████▌| 18886264/19696957 [00:01<00:00, 11760245.26iteration/s]2026-05-25 20:45:07.085 | INFO     | utils.ConnectHandler_server:receive:80 - receive completed

100%|██████████| 19696957/19696957 [00:01<00:00, 11690237.53iteration/s]
2026-05-25 20:45:07.103 | INFO     | __main__:<module>:345 - 2026-05-25 20:45:07 RECV round=59 token=1 cid=0 train_duration=108.37073874473572 battery=139575.29J
2026-05-25 20:45:07.103 | INFO     | utils.ConnectHandler_server:send:28 - sending data (59 bytes) to client#0...
2026-05-25 20:45:07.103 | INFO     | utils.ConnectHandler_server:send:34 - sending data (59 bytes) to client#0 completely
2026-05-25 20:45:15.352 | INFO     | utils.ConnectHandler_server:receive:71 - 19697437bytes data to be received from client#7

  0%|          | 0/19697437 [00:00<?, ?iteration/s]
  6%|▌         | 1162744/19697437 [00:00<00:01, 11618005.56iteration/s]
 12%|█▏        | 2332728/19697437 [00:00<00:01, 11661866.60iteration/s]
 18%|█▊        | 3501264/19697437 [00:00<00:01, 11655838.91iteration/s]
 24%|██▎       | 4668352/19697437 [00:00<00:01, 11655287.40iteration/s]
 30%|██▉       | 5839784/19697437 [00:00<00:01, 11668258.89iteration/s]
 36%|███▌      | 7018456/19697437 [00:00<00:01, 11691906.88iteration/s]
 42%|████▏     | 8194232/19697437 [00:00<00:00, 11706260.92iteration/s]
 48%|████▊     | 9370008/19697437 [00:00<00:00, 11704769.25iteration/s]
 54%|█████▎    | 10547232/19697437 [00:00<00:00, 11721957.73iteration/s]
 60%|█████▉    | 11731696/19697437 [00:01<00:00, 11735135.44iteration/s]
 66%|██████▌   | 12910368/19697437 [00:01<00:00, 11737166.56iteration/s]
 72%|███████▏  | 14093384/19697437 [00:01<00:00, 11738085.98iteration/s]
 78%|███████▊  | 15277848/19697437 [00:01<00:00, 11734925.92iteration/s]
 84%|████████▎ | 16457968/19697437 [00:01<00:00, 11735481.68iteration/s]
 90%|████████▉ | 17640984/19697437 [00:01<00:00, 11736003.09iteration/s]
 96%|█████████▌| 18816760/19697437 [00:01<00:00, 11732727.82iteration/s]2026-05-25 20:45:17.035 | INFO     | utils.ConnectHandler_server:receive:80 - receive completed

100%|██████████| 19697437/19697437 [00:01<00:00, 11648178.94iteration/s]
2026-05-25 20:45:17.053 | INFO     | __main__:<module>:345 - 2026-05-25 20:45:17 RECV round=59 token=0 cid=7 train_duration=120.46100163459778 battery=119307.16J
2026-05-25 20:45:17.053 | INFO     | utils.ConnectHandler_server:send:28 - sending data (59 bytes) to client#7...
2026-05-25 20:45:17.053 | INFO     | utils.ConnectHandler_server:send:34 - sending data (59 bytes) to client#7 completely
2026-05-25 20:45:19.880 | INFO     | __main__:<module>:482 - 2026-05-25 20:45:19 ROUND=59 end avg_acc=33.4850 best_acc=57.5350 duration=127.00s comm_mb=75.167 locations_after=[6, 9] checkpoint=logs_real/autorl_real_server/checkpoints/autorl_dfl_mm_seed1/checkpoint.pt
2026-05-25 20:45:19.880 | INFO     | __main__:<module>:281 - 2026-05-25 20:45:19 ROUND=60 start token_locations=[6, 9] active_clients=[0, 1, 2, 3, 4, 5, 6, 7, 8, 9]
2026-05-25 20:45:19.900 | INFO     | utils.ConnectHandler_server:send:28 - sending data (19699830 bytes) to client#6...
2026-05-25 20:45:21.527 | INFO     | utils.ConnectHandler_server:send:34 - sending data (19699830 bytes) to client#6 completely
2026-05-25 20:45:21.527 | INFO     | __main__:<module>:325 - 2026-05-25 20:45:21 SEND round=60 token=0 cid=6 payload_mb=18.787 duration=1.637s
2026-05-25 20:45:21.548 | INFO     | utils.ConnectHandler_server:send:28 - sending data (19723713 bytes) to client#9...
2026-05-25 20:45:23.187 | INFO     | utils.ConnectHandler_server:send:34 - sending data (19723713 bytes) to client#9 completely
2026-05-25 20:45:23.187 | INFO     | __main__:<module>:325 - 2026-05-25 20:45:23 SEND round=60 token=1 cid=9 payload_mb=18.810 duration=1.650s
2026-05-25 20:47:01.602 | INFO     | utils.ConnectHandler_server:receive:71 - 19697005bytes data to be received from client#6

  0%|          | 0/19697005 [00:00<?, ?iteration/s]
  6%|▌         | 1168536/19697005 [00:00<00:01, 11674627.02iteration/s]
 12%|█▏        | 2338520/19697005 [00:00<00:01, 11688918.36iteration/s]
 18%|█▊        | 3514296/19697005 [00:00<00:01, 11717850.98iteration/s]
 24%|██▍       | 4688624/19697005 [00:00<00:01, 11727273.82iteration/s]
 30%|██▉       | 5864400/19697005 [00:00<00:01, 11728288.56iteration/s]
 36%|███▌      | 7040176/19697005 [00:00<00:01, 11733059.22iteration/s]
 42%|████▏     | 8218848/19697005 [00:00<00:00, 11741867.91iteration/s]
 48%|████▊     | 9398968/19697005 [00:00<00:00, 11746080.88iteration/s]
 54%|█████▎    | 10579088/19697005 [00:00<00:00, 11748382.10iteration/s]
 60%|█████▉    | 11756312/19697005 [00:01<00:00, 11750574.59iteration/s]
 66%|██████▌   | 12942224/19697005 [00:01<00:00, 11758833.44iteration/s]
 72%|███████▏  | 14128136/19697005 [00:01<00:00, 11759126.67iteration/s]
 78%|███████▊  | 15315496/19697005 [00:01<00:00, 11759139.26iteration/s]
 84%|████████▍ | 16499960/19697005 [00:01<00:00, 11751784.78iteration/s]
 90%|████████▉ | 17688768/19697005 [00:01<00:00, 11761420.62iteration/s]
 96%|█████████▌| 18870336/19697005 [00:01<00:00, 11749448.50iteration/s]2026-05-25 20:47:03.281 | INFO     | utils.ConnectHandler_server:receive:80 - receive completed

100%|██████████| 19697005/19697005 [00:01<00:00, 11680745.57iteration/s]
2026-05-25 20:47:03.310 | INFO     | __main__:<module>:345 - 2026-05-25 20:47:03 RECV round=60 token=0 cid=6 train_duration=99.38116908073425 battery=142279.79J
2026-05-25 20:47:03.310 | INFO     | utils.ConnectHandler_server:send:28 - sending data (59 bytes) to client#6...
2026-05-25 20:47:03.310 | INFO     | utils.ConnectHandler_server:send:34 - sending data (59 bytes) to client#6 completely
2026-05-25 20:47:13.673 | INFO     | utils.ConnectHandler_server:receive:71 - 19694064bytes data to be received from client#9

  0%|          | 0/19694064 [00:00<?, ?iteration/s]
  6%|▌         | 1177862/19694064 [00:00<00:01, 11768670.39iteration/s]
 12%|█▏        | 2357138/19694064 [00:00<00:01, 11752755.30iteration/s]
 18%|█▊        | 3533586/19694064 [00:00<00:01, 11749000.27iteration/s]
 24%|██▍       | 4710034/19694064 [00:00<00:01, 11744399.69iteration/s]
 30%|██▉       | 5885068/19694064 [00:00<00:01, 11734947.34iteration/s]
 36%|███▌      | 7067172/19694064 [00:00<00:01, 11747755.45iteration/s]
 42%|████▏     | 8243620/19694064 [00:00<00:00, 11739673.18iteration/s]
 48%|████▊     | 9421482/19694064 [00:00<00:00, 11741972.92iteration/s]
 54%|█████▍    | 10603586/19694064 [00:00<00:00, 11746687.28iteration/s]
 60%|█████▉    | 11780034/19694064 [00:01<00:00, 11746400.36iteration/s]
 66%|██████▌   | 12962138/19694064 [00:01<00:00, 11740108.93iteration/s]
 72%|███████▏  | 14147070/19694064 [00:01<00:00, 11744258.52iteration/s]
 78%|███████▊  | 15332002/19694064 [00:01<00:00, 11740110.43iteration/s]
 84%|████████▍ | 16508450/19694064 [00:01<00:00, 11737588.88iteration/s]
 90%|████████▉ | 17696210/19694064 [00:01<00:00, 11745325.62iteration/s]
 96%|█████████▌| 18872658/19694064 [00:01<00:00, 11745865.66iteration/s]2026-05-25 20:47:15.351 | INFO     | utils.ConnectHandler_server:receive:80 - receive completed

100%|██████████| 19694064/19694064 [00:01<00:00, 11681051.07iteration/s]
2026-05-25 20:47:15.369 | INFO     | __main__:<module>:345 - 2026-05-25 20:47:15 RECV round=60 token=1 cid=9 train_duration=110.05451154708862 battery=123366.97J
2026-05-25 20:47:15.370 | INFO     | utils.ConnectHandler_server:send:28 - sending data (59 bytes) to client#9...
2026-05-25 20:47:15.370 | INFO     | utils.ConnectHandler_server:send:34 - sending data (59 bytes) to client#9 completely
2026-05-25 20:47:18.196 | INFO     | __main__:<module>:482 - 2026-05-25 20:47:18 ROUND=60 end avg_acc=37.4150 best_acc=57.5350 duration=118.23s comm_mb=75.161 locations_after=[6, 4] checkpoint=logs_real/autorl_real_server/checkpoints/autorl_dfl_mm_seed1/checkpoint.pt
2026-05-25 20:47:18.196 | INFO     | __main__:<module>:281 - 2026-05-25 20:47:18 ROUND=61 start token_locations=[6, 4] active_clients=[0, 1, 2, 3, 4, 5, 6, 7, 8, 9]
2026-05-25 20:47:18.216 | INFO     | utils.ConnectHandler_server:send:28 - sending data (19699830 bytes) to client#6...
2026-05-25 20:47:19.862 | INFO     | utils.ConnectHandler_server:send:34 - sending data (19699830 bytes) to client#6 completely
2026-05-25 20:47:19.862 | INFO     | __main__:<module>:325 - 2026-05-25 20:47:19 SEND round=61 token=0 cid=6 payload_mb=18.787 duration=1.657s
2026-05-25 20:47:19.883 | INFO     | utils.ConnectHandler_server:send:28 - sending data (19699835 bytes) to client#4...
2026-05-25 20:47:21.508 | INFO     | utils.ConnectHandler_server:send:34 - sending data (19699835 bytes) to client#4 completely
2026-05-25 20:47:21.508 | INFO     | __main__:<module>:325 - 2026-05-25 20:47:21 SEND round=61 token=1 cid=4 payload_mb=18.787 duration=1.636s
2026-05-25 20:48:49.037 | INFO     | utils.ConnectHandler_server:receive:71 - 19696987bytes data to be received from client#4

  0%|          | 0/19696987 [00:00<?, ?iteration/s]
  6%|▌         | 1175776/19696987 [00:00<00:01, 11749003.51iteration/s]
 12%|█▏        | 2351552/19696987 [00:00<00:01, 11751885.64iteration/s]
 18%|█▊        | 3528776/19696987 [00:00<00:01, 11760337.69iteration/s]
 24%|██▍       | 4707448/19696987 [00:00<00:01, 11750331.81iteration/s]
 30%|██▉       | 5887568/19696987 [00:00<00:01, 11758004.75iteration/s]
 36%|███▌      | 7067688/19696987 [00:00<00:01, 11761706.18iteration/s]
 42%|████▏     | 8249256/19696987 [00:00<00:00, 11758217.26iteration/s]
 48%|████▊     | 9426480/19696987 [00:00<00:00, 11759549.03iteration/s]
 54%|█████▍    | 10609496/19696987 [00:00<00:00, 11754284.52iteration/s]
 60%|█████▉    | 11791064/19696987 [00:01<00:00, 11760853.24iteration/s]
 66%|██████▌   | 12968288/19696987 [00:01<00:00, 11757299.15iteration/s]
 72%|███████▏  | 14144064/19696987 [00:01<00:00, 11751855.25iteration/s]
 78%|███████▊  | 15329976/19696987 [00:01<00:00, 11761568.01iteration/s]
 84%|████████▍ | 16510096/19696987 [00:01<00:00, 11762409.57iteration/s]
 90%|████████▉ | 17696008/19696987 [00:01<00:00, 11762871.80iteration/s]
 96%|█████████▌| 18879024/19696987 [00:01<00:00, 11761483.85iteration/s]2026-05-25 20:48:50.714 | INFO     | utils.ConnectHandler_server:receive:80 - receive completed

100%|██████████| 19696987/19696987 [00:01<00:00, 11695935.31iteration/s]
2026-05-25 20:48:50.731 | INFO     | __main__:<module>:345 - 2026-05-25 20:48:50 RECV round=61 token=1 cid=4 train_duration=86.78084516525269 battery=140870.32J
2026-05-25 20:48:50.731 | INFO     | utils.ConnectHandler_server:send:28 - sending data (59 bytes) to client#4...
2026-05-25 20:48:50.732 | INFO     | utils.ConnectHandler_server:send:34 - sending data (59 bytes) to client#4 completely
2026-05-25 20:49:07.651 | INFO     | utils.ConnectHandler_server:receive:71 - 19696987bytes data to be received from client#6

  0%|          | 0/19696987 [00:00<?, ?iteration/s]
  6%|▌         | 1169984/19696987 [00:00<00:01, 11696616.27iteration/s]
 12%|█▏        | 2347208/19696987 [00:00<00:01, 11736049.90iteration/s]
 18%|█▊        | 3524432/19696987 [00:00<00:01, 11749646.91iteration/s]
 24%|██▍       | 4700208/19696987 [00:00<00:01, 11746199.65iteration/s]
 30%|██▉       | 5875984/19696987 [00:00<00:01, 11743972.25iteration/s]
 36%|███▌      | 7057552/19696987 [00:00<00:01, 11757062.91iteration/s]
 42%|████▏     | 8236224/19696987 [00:00<00:00, 11755731.49iteration/s]
 48%|████▊     | 9419240/19696987 [00:00<00:00, 11760534.53iteration/s]
 54%|█████▍    | 10599360/19696987 [00:00<00:00, 11760759.12iteration/s]
 60%|█████▉    | 11779480/19696987 [00:01<00:00, 11758271.72iteration/s]
 66%|██████▌   | 12962496/19696987 [00:01<00:00, 11757688.52iteration/s]
 72%|███████▏  | 14141168/19696987 [00:01<00:00, 11763307.32iteration/s]
 78%|███████▊  | 15321288/19696987 [00:01<00:00, 11755018.21iteration/s]
 84%|████████▍ | 16507200/19696987 [00:01<00:00, 11760306.75iteration/s]
 90%|████████▉ | 17690216/19696987 [00:01<00:00, 11757908.70iteration/s]
 96%|█████████▌| 18877576/19696987 [00:01<00:00, 11762514.72iteration/s]2026-05-25 20:49:09.328 | INFO     | utils.ConnectHandler_server:receive:80 - receive completed

100%|██████████| 19696987/19696987 [00:01<00:00, 11691439.86iteration/s]
2026-05-25 20:49:09.346 | INFO     | __main__:<module>:345 - 2026-05-25 20:49:09 RECV round=61 token=0 cid=6 train_duration=107.10727214813232 battery=141366.12J
2026-05-25 20:49:09.346 | INFO     | utils.ConnectHandler_server:send:28 - sending data (59 bytes) to client#6...
2026-05-25 20:49:09.346 | INFO     | utils.ConnectHandler_server:send:34 - sending data (59 bytes) to client#6 completely
2026-05-25 20:49:12.161 | INFO     | __main__:<module>:482 - 2026-05-25 20:49:12 ROUND=61 end avg_acc=31.8000 best_acc=57.5350 duration=113.89s comm_mb=75.138 locations_after=[5, 7] checkpoint=logs_real/autorl_real_server/checkpoints/autorl_dfl_mm_seed1/checkpoint.pt
2026-05-25 20:49:12.162 | INFO     | __main__:<module>:281 - 2026-05-25 20:49:12 ROUND=62 start token_locations=[5, 7] active_clients=[0, 1, 2, 3, 4, 5, 6, 7, 8, 9]
2026-05-25 20:49:12.182 | INFO     | utils.ConnectHandler_server:send:28 - sending data (19699830 bytes) to client#5...
2026-05-25 20:49:13.773 | INFO     | utils.ConnectHandler_server:send:34 - sending data (19699830 bytes) to client#5 completely
2026-05-25 20:49:13.773 | INFO     | __main__:<module>:325 - 2026-05-25 20:49:13 SEND round=62 token=0 cid=5 payload_mb=18.787 duration=1.601s
2026-05-25 20:49:13.794 | INFO     | utils.ConnectHandler_server:send:28 - sending data (19729801 bytes) to client#7...
2026-05-25 20:49:15.484 | INFO     | utils.ConnectHandler_server:send:34 - sending data (19729801 bytes) to client#7 completely
2026-05-25 20:49:15.485 | INFO     | __main__:<module>:325 - 2026-05-25 20:49:15 SEND round=62 token=1 cid=7 payload_mb=18.816 duration=1.701s
2026-05-25 20:51:13.222 | INFO     | utils.ConnectHandler_server:receive:71 - 19697437bytes data to be received from client#7

  0%|          | 0/19697437 [00:00<?, ?iteration/s]
  6%|▌         | 1167088/19697437 [00:00<00:01, 11647314.92iteration/s]
 12%|█▏        | 2334176/19697437 [00:00<00:01, 11658574.13iteration/s]
 18%|█▊        | 3501264/19697437 [00:00<00:01, 11658905.28iteration/s]
 24%|██▎       | 4671248/19697437 [00:00<00:01, 11650041.28iteration/s]
 30%|██▉       | 5842680/19697437 [00:00<00:01, 11661224.04iteration/s]
 36%|███▌      | 7017008/19697437 [00:00<00:01, 11688810.66iteration/s]
 42%|████▏     | 8195680/19697437 [00:00<00:00, 11707194.48iteration/s]
 48%|████▊     | 9378696/19697437 [00:00<00:00, 11727209.66iteration/s]
 54%|█████▎    | 10558816/19697437 [00:00<00:00, 11737172.82iteration/s]
 60%|█████▉    | 11738936/19697437 [00:01<00:00, 11733383.09iteration/s]
 66%|██████▌   | 12919056/19697437 [00:01<00:00, 11743503.04iteration/s]
 72%|███████▏  | 14099176/19697437 [00:01<00:00, 11734782.69iteration/s]
 78%|███████▊  | 15280744/19697437 [00:01<00:00, 11739402.36iteration/s]
 84%|████████▎ | 16455072/19697437 [00:01<00:00, 11734249.34iteration/s]
 90%|████████▉ | 17639536/19697437 [00:01<00:00, 11731887.06iteration/s]
 96%|█████████▌| 18825448/19697437 [00:01<00:00, 11732473.32iteration/s]2026-05-25 20:51:14.904 | INFO     | utils.ConnectHandler_server:receive:80 - receive completed

100%|██████████| 19697437/19697437 [00:01<00:00, 11653124.30iteration/s]
2026-05-25 20:51:14.922 | INFO     | __main__:<module>:345 - 2026-05-25 20:51:14 RECV round=62 token=1 cid=7 train_duration=117.32205963134766 battery=117501.49J
2026-05-25 20:51:14.922 | INFO     | utils.ConnectHandler_server:send:28 - sending data (59 bytes) to client#7...
2026-05-25 20:51:14.922 | INFO     | utils.ConnectHandler_server:send:34 - sending data (59 bytes) to client#7 completely
2026-05-25 20:51:49.140 | INFO     | utils.ConnectHandler_server:receive:71 - 19696947bytes data to be received from client#5

  0%|          | 0/19696947 [00:00<?, ?iteration/s]
  6%|▌         | 1174328/19696947 [00:00<00:01, 11723892.54iteration/s]
 12%|█▏        | 2351552/19696947 [00:00<00:01, 11746804.27iteration/s]
 18%|█▊        | 3528776/19696947 [00:00<00:01, 11752918.19iteration/s]
 24%|██▍       | 4707448/19696947 [00:00<00:01, 11751766.52iteration/s]
 30%|██▉       | 5887568/19696947 [00:00<00:01, 11756844.29iteration/s]
 36%|███▌      | 7067688/19696947 [00:00<00:01, 11752282.42iteration/s]
 42%|████▏     | 8243464/19696947 [00:00<00:00, 11750654.86iteration/s]
 48%|████▊     | 9423584/19696947 [00:00<00:00, 11752563.10iteration/s]
 54%|█████▍    | 10609496/19696947 [00:00<00:00, 11761420.37iteration/s]
 60%|█████▉    | 11786720/19696947 [00:01<00:00, 11754953.27iteration/s]
 66%|██████▌   | 12971184/19696947 [00:01<00:00, 11763713.63iteration/s]
 72%|███████▏  | 14155648/19696947 [00:01<00:00, 11762039.59iteration/s]
 78%|███████▊  | 15335768/19696947 [00:01<00:00, 11757541.10iteration/s]
 84%|████████▍ | 16514440/19696947 [00:01<00:00, 11760892.02iteration/s]
 90%|████████▉ | 17703248/19696947 [00:01<00:00, 11760760.31iteration/s]
 96%|█████████▌| 18883368/19696947 [00:01<00:00, 11758675.29iteration/s]2026-05-25 20:51:50.816 | INFO     | utils.ConnectHandler_server:receive:80 - receive completed

100%|██████████| 19696947/19696947 [00:01<00:00, 11690800.67iteration/s]
2026-05-25 20:51:50.834 | INFO     | __main__:<module>:345 - 2026-05-25 20:51:50 RECV round=62 token=0 cid=5 train_duration=154.62341904640198 battery=132766.80J
2026-05-25 20:51:50.834 | INFO     | utils.ConnectHandler_server:send:28 - sending data (59 bytes) to client#5...
2026-05-25 20:51:50.834 | INFO     | utils.ConnectHandler_server:send:34 - sending data (59 bytes) to client#5 completely
2026-05-25 20:51:53.660 | INFO     | __main__:<module>:482 - 2026-05-25 20:51:53 ROUND=62 end avg_acc=41.7100 best_acc=57.5350 duration=161.43s comm_mb=75.167 locations_after=[4, 6] checkpoint=logs_real/autorl_real_server/checkpoints/autorl_dfl_mm_seed1/checkpoint.pt
2026-05-25 20:51:53.661 | INFO     | __main__:<module>:281 - 2026-05-25 20:51:53 ROUND=63 start token_locations=[4, 6] active_clients=[0, 1, 2, 3, 4, 5, 6, 7, 8, 9]
2026-05-25 20:51:53.681 | INFO     | utils.ConnectHandler_server:send:28 - sending data (19699835 bytes) to client#4...
2026-05-25 20:51:55.299 | INFO     | utils.ConnectHandler_server:send:34 - sending data (19699835 bytes) to client#4 completely
2026-05-25 20:51:55.300 | INFO     | __main__:<module>:325 - 2026-05-25 20:51:55 SEND round=63 token=0 cid=4 payload_mb=18.787 duration=1.629s
2026-05-25 20:51:55.320 | INFO     | utils.ConnectHandler_server:send:28 - sending data (19699830 bytes) to client#6...
2026-05-25 20:51:56.975 | INFO     | utils.ConnectHandler_server:send:34 - sending data (19699830 bytes) to client#6 completely
2026-05-25 20:51:56.975 | INFO     | __main__:<module>:325 - 2026-05-25 20:51:56 SEND round=63 token=1 cid=6 payload_mb=18.787 duration=1.665s
2026-05-25 20:53:22.851 | INFO     | utils.ConnectHandler_server:receive:71 - 19696967bytes data to be received from client#4

  0%|          | 0/19696967 [00:00<?, ?iteration/s]
  6%|▌         | 1175776/19696967 [00:00<00:01, 11752475.41iteration/s]
 12%|█▏        | 2351552/19696967 [00:00<00:01, 11734676.46iteration/s]
 18%|█▊        | 3528776/19696967 [00:00<00:01, 11748391.47iteration/s]
 24%|██▍       | 4706000/19696967 [00:00<00:01, 11737679.17iteration/s]
 30%|██▉       | 5880328/19696967 [00:00<00:01, 11732348.09iteration/s]
 36%|███▌      | 7059000/19696967 [00:00<00:01, 11739883.06iteration/s]
 42%|████▏     | 8236224/19696967 [00:00<00:00, 11746645.12iteration/s]
 48%|████▊     | 9413448/19696967 [00:00<00:00, 11754251.47iteration/s]
 54%|█████▍    | 10593568/19696967 [00:00<00:00, 11760125.98iteration/s]
 60%|█████▉    | 11776584/19696967 [00:01<00:00, 11758600.35iteration/s]
 66%|██████▌   | 12962496/19696967 [00:01<00:00, 11761315.95iteration/s]
 72%|███████▏  | 14144064/19696967 [00:01<00:00, 11756292.16iteration/s]
 78%|███████▊  | 15328528/19696967 [00:01<00:00, 11756607.87iteration/s]
 84%|████████▍ | 16514440/19696967 [00:01<00:00, 11757336.58iteration/s]
 90%|████████▉ | 17696008/19696967 [00:01<00:00, 11756973.27iteration/s]
 96%|█████████▌| 18879024/19696967 [00:01<00:00, 11756221.45iteration/s]2026-05-25 20:53:24.529 | INFO     | utils.ConnectHandler_server:receive:80 - receive completed

100%|██████████| 19696967/19696967 [00:01<00:00, 11679269.89iteration/s]
2026-05-25 20:53:24.547 | INFO     | __main__:<module>:345 - 2026-05-25 20:53:24 RECV round=63 token=0 cid=4 train_duration=86.77584266662598 battery=140130.08J
2026-05-25 20:53:24.547 | INFO     | utils.ConnectHandler_server:send:28 - sending data (59 bytes) to client#4...
2026-05-25 20:53:24.547 | INFO     | utils.ConnectHandler_server:send:34 - sending data (59 bytes) to client#4 completely
2026-05-25 20:53:44.219 | INFO     | utils.ConnectHandler_server:receive:71 - 19696965bytes data to be received from client#6

  0%|          | 0/19696965 [00:00<?, ?iteration/s]
  6%|▌         | 1175776/19696965 [00:00<00:01, 11731786.35iteration/s]
 12%|█▏        | 2353000/19696965 [00:00<00:01, 11751961.33iteration/s]
 18%|█▊        | 3528776/19696965 [00:00<00:01, 11751531.28iteration/s]
 24%|██▍       | 4706000/19696965 [00:00<00:01, 11744746.95iteration/s]
 30%|██▉       | 5883224/19696965 [00:00<00:01, 11754370.94iteration/s]
 36%|███▌      | 7059000/19696965 [00:00<00:01, 11755202.39iteration/s]
 42%|████▏     | 8242016/19696965 [00:00<00:00, 11762132.69iteration/s]
 48%|████▊     | 9419240/19696965 [00:00<00:00, 11758967.92iteration/s]
 54%|█████▍    | 10596464/19696965 [00:00<00:00, 11754103.41iteration/s]
 60%|█████▉    | 11780928/19696965 [00:01<00:00, 11756164.34iteration/s]
 66%|██████▌   | 12968288/19696965 [00:01<00:00, 11763225.16iteration/s]
 72%|███████▏  | 14157096/19696965 [00:01<00:00, 11760820.72iteration/s]
 78%|███████▊  | 15335768/19696965 [00:01<00:00, 11753096.35iteration/s]
 84%|████████▍ | 16526024/19696965 [00:01<00:00, 11763611.03iteration/s]
 90%|████████▉ | 17711936/19696965 [00:01<00:00, 11757243.55iteration/s]
 96%|█████████▌| 18890608/19696965 [00:01<00:00, 11756756.87iteration/s]2026-05-25 20:53:45.896 | INFO     | utils.ConnectHandler_server:receive:80 - receive completed

100%|██████████| 19696965/19696965 [00:01<00:00, 11690467.25iteration/s]
2026-05-25 20:53:45.913 | INFO     | __main__:<module>:345 - 2026-05-25 20:53:45 RECV round=63 token=1 cid=6 train_duration=106.57572865486145 battery=140456.97J
2026-05-25 20:53:45.913 | INFO     | utils.ConnectHandler_server:send:28 - sending data (59 bytes) to client#6...
2026-05-25 20:53:45.914 | INFO     | utils.ConnectHandler_server:send:34 - sending data (59 bytes) to client#6 completely
2026-05-25 20:53:48.722 | INFO     | __main__:<module>:482 - 2026-05-25 20:53:48 ROUND=63 end avg_acc=33.8750 best_acc=57.5350 duration=114.99s comm_mb=75.138 locations_after=[3, 5] checkpoint=logs_real/autorl_real_server/checkpoints/autorl_dfl_mm_seed1/checkpoint.pt
2026-05-25 20:53:48.722 | INFO     | __main__:<module>:281 - 2026-05-25 20:53:48 ROUND=64 start token_locations=[3, 5] active_clients=[0, 1, 2, 3, 4, 5, 6, 7, 8, 9]
2026-05-25 20:53:48.740 | INFO     | utils.ConnectHandler_server:send:28 - sending data (19699835 bytes) to client#3...
2026-05-25 20:53:50.271 | INFO     | utils.ConnectHandler_server:send:34 - sending data (19699835 bytes) to client#3 completely
2026-05-25 20:53:50.271 | INFO     | __main__:<module>:325 - 2026-05-25 20:53:50 SEND round=64 token=0 cid=3 payload_mb=18.787 duration=1.540s
2026-05-25 20:53:50.289 | INFO     | utils.ConnectHandler_server:send:28 - sending data (19699830 bytes) to client#5...
2026-05-25 20:53:52.032 | INFO     | utils.ConnectHandler_server:send:34 - sending data (19699830 bytes) to client#5 completely
2026-05-25 20:53:52.032 | INFO     | __main__:<module>:325 - 2026-05-25 20:53:52 SEND round=64 token=1 cid=5 payload_mb=18.787 duration=1.752s
2026-05-25 20:55:16.090 | INFO     | utils.ConnectHandler_server:receive:71 - 19696977bytes data to be received from client#3

  0%|          | 0/19696977 [00:00<?, ?iteration/s]
  6%|▌         | 1171432/19696977 [00:00<00:01, 11707855.19iteration/s]
 12%|█▏        | 2347208/19696977 [00:00<00:01, 11733098.00iteration/s]
 18%|█▊        | 3524432/19696977 [00:00<00:01, 11744707.34iteration/s]
 24%|██▍       | 4701656/19696977 [00:00<00:01, 11744637.29iteration/s]
 30%|██▉       | 5878880/19696977 [00:00<00:01, 11752173.26iteration/s]
 36%|███▌      | 7057552/19696977 [00:00<00:01, 11753460.67iteration/s]
 42%|████▏     | 8237672/19696977 [00:00<00:00, 11754411.31iteration/s]
 48%|████▊     | 9417792/19696977 [00:00<00:00, 11759759.94iteration/s]
 54%|█████▍    | 10599360/19696977 [00:00<00:00, 11751272.18iteration/s]
 60%|█████▉    | 11783824/19696977 [00:01<00:00, 11763572.79iteration/s]
 66%|██████▌   | 12963944/19696977 [00:01<00:00, 11759358.58iteration/s]
 72%|███████▏  | 14144064/19696977 [00:01<00:00, 11755857.84iteration/s]
 78%|███████▊  | 15327080/19696977 [00:01<00:00, 11755700.55iteration/s]
 84%|████████▍ | 16510096/19696977 [00:01<00:00, 11763225.37iteration/s]
 90%|████████▉ | 17696008/19696977 [00:01<00:00, 11761852.27iteration/s]
 96%|█████████▌| 18887712/19696977 [00:01<00:00, 11761244.66iteration/s]2026-05-25 20:55:17.768 | INFO     | utils.ConnectHandler_server:receive:80 - receive completed

100%|██████████| 19696977/19696977 [00:01<00:00, 11684680.71iteration/s]
2026-05-25 20:55:17.786 | INFO     | __main__:<module>:345 - 2026-05-25 20:55:17 RECV round=64 token=0 cid=3 train_duration=84.94163775444031 battery=140355.09J
2026-05-25 20:55:17.786 | INFO     | utils.ConnectHandler_server:send:28 - sending data (59 bytes) to client#3...
2026-05-25 20:55:17.786 | INFO     | utils.ConnectHandler_server:send:34 - sending data (59 bytes) to client#3 completely
2026-05-25 20:56:02.588 | INFO     | utils.ConnectHandler_server:receive:71 - 19696939bytes data to be received from client#5

  0%|          | 0/19696939 [00:00<?, ?iteration/s]
  6%|▌         | 1175776/19696939 [00:00<00:01, 11741478.77iteration/s]
 12%|█▏        | 2351552/19696939 [00:00<00:01, 11747088.91iteration/s]
 18%|█▊        | 3528776/19696939 [00:00<00:01, 11757306.32iteration/s]
 24%|██▍       | 4704552/19696939 [00:00<00:01, 11745863.32iteration/s]
 30%|██▉       | 5884672/19696939 [00:00<00:01, 11756937.69iteration/s]
 36%|███▌      | 7064792/19696939 [00:00<00:01, 11753871.78iteration/s]
 42%|████▏     | 8247808/19696939 [00:00<00:00, 11759164.59iteration/s]
 48%|████▊     | 9427928/19696939 [00:00<00:00, 11762587.59iteration/s]
 54%|█████▍    | 10608048/19696939 [00:00<00:00, 11757785.24iteration/s]
 60%|█████▉    | 11789616/19696939 [00:01<00:00, 11753861.66iteration/s]
 66%|██████▌   | 12975528/19696939 [00:01<00:00, 11757951.89iteration/s]
 72%|███████▏  | 14161440/19696939 [00:01<00:00, 11757649.17iteration/s]
 78%|███████▊  | 15341560/19696939 [00:01<00:00, 11754761.66iteration/s]
 84%|████████▍ | 16521680/19696939 [00:01<00:00, 11754706.09iteration/s]
 90%|████████▉ | 17710488/19696939 [00:01<00:00, 11758250.61iteration/s]
 96%|█████████▌| 18900744/19696939 [00:01<00:00, 11762846.87iteration/s]2026-05-25 20:56:04.265 | INFO     | utils.ConnectHandler_server:receive:80 - receive completed

100%|██████████| 19696939/19696939 [00:01<00:00, 11688862.29iteration/s]
2026-05-25 20:56:04.283 | INFO     | __main__:<module>:345 - 2026-05-25 20:56:04 RECV round=64 token=1 cid=5 train_duration=129.89065837860107 battery=131658.77J
2026-05-25 20:56:04.284 | INFO     | utils.ConnectHandler_server:send:28 - sending data (59 bytes) to client#5...
2026-05-25 20:56:04.284 | INFO     | utils.ConnectHandler_server:send:34 - sending data (59 bytes) to client#5 completely
2026-05-25 20:56:07.089 | INFO     | __main__:<module>:482 - 2026-05-25 20:56:07 ROUND=64 end avg_acc=30.9450 best_acc=57.5350 duration=138.30s comm_mb=75.138 locations_after=[3, 8] checkpoint=logs_real/autorl_real_server/checkpoints/autorl_dfl_mm_seed1/checkpoint.pt
2026-05-25 20:56:07.090 | INFO     | __main__:<module>:281 - 2026-05-25 20:56:07 ROUND=65 start token_locations=[3, 8] active_clients=[0, 1, 2, 3, 4, 5, 6, 7, 8, 9]
2026-05-25 20:56:07.110 | INFO     | utils.ConnectHandler_server:send:28 - sending data (19699835 bytes) to client#3...
2026-05-25 20:56:08.648 | INFO     | utils.ConnectHandler_server:send:34 - sending data (19699835 bytes) to client#3 completely
2026-05-25 20:56:08.648 | INFO     | __main__:<module>:325 - 2026-05-25 20:56:08 SEND round=65 token=0 cid=3 payload_mb=18.787 duration=1.548s
2026-05-25 20:56:08.669 | INFO     | utils.ConnectHandler_server:send:28 - sending data (19735898 bytes) to client#8...
2026-05-25 20:56:10.371 | INFO     | utils.ConnectHandler_server:send:34 - sending data (19735898 bytes) to client#8 completely
2026-05-25 20:56:10.372 | INFO     | __main__:<module>:325 - 2026-05-25 20:56:10 SEND round=65 token=1 cid=8 payload_mb=18.822 duration=1.713s
2026-05-25 20:57:33.868 | INFO     | utils.ConnectHandler_server:receive:71 - 19696973bytes data to be received from client#3

  0%|          | 0/19696973 [00:00<?, ?iteration/s]
  6%|▌         | 1168536/19696973 [00:00<00:01, 11666151.46iteration/s]
 12%|█▏        | 2345760/19696973 [00:00<00:01, 11721292.66iteration/s]
 18%|█▊        | 3518640/19696973 [00:00<00:01, 11709767.65iteration/s]
 24%|██▍       | 4694416/19696973 [00:00<00:01, 11716205.57iteration/s]
 30%|██▉       | 5874536/19696973 [00:00<00:01, 11736497.14iteration/s]
 36%|███▌      | 7051760/19696973 [00:00<00:01, 11745459.70iteration/s]
 42%|████▏     | 8253600/19696973 [00:00<00:00, 11735214.82iteration/s]
 48%|████▊     | 9436616/19696973 [00:00<00:00, 11745717.15iteration/s]
 54%|█████▍    | 10612392/19696973 [00:00<00:00, 11736208.55iteration/s]
 60%|█████▉    | 11795408/19696973 [00:01<00:00, 11742190.01iteration/s]
 66%|██████▌   | 12972632/19696973 [00:01<00:00, 11751117.40iteration/s]
 72%|███████▏  | 14148408/19696973 [00:01<00:00, 11752574.25iteration/s]
 78%|███████▊  | 15325632/19696973 [00:01<00:00, 11746577.89iteration/s]
 84%|████████▍ | 16502856/19696973 [00:01<00:00, 11749553.42iteration/s]
 90%|████████▉ | 17685872/19696973 [00:01<00:00, 11759594.74iteration/s]
 96%|█████████▌| 18864544/19696973 [00:01<00:00, 11752983.22iteration/s]2026-05-25 20:57:35.548 | INFO     | utils.ConnectHandler_server:receive:80 - receive completed

100%|██████████| 19696973/19696973 [00:01<00:00, 11672397.38iteration/s]
2026-05-25 20:57:35.566 | INFO     | __main__:<module>:345 - 2026-05-25 20:57:35 RECV round=65 token=0 cid=3 train_duration=84.34080910682678 battery=139635.62J
2026-05-25 20:57:35.566 | INFO     | utils.ConnectHandler_server:send:28 - sending data (59 bytes) to client#3...
2026-05-25 20:57:35.566 | INFO     | utils.ConnectHandler_server:send:34 - sending data (59 bytes) to client#3 completely


nohup: 忽略输入
2026-05-26 14:16:33.507 | INFO     | __main__:<module>:212 - Starting AutoRL real server device=cuda:0 dataset=cifar10 model=resnet8 beta=0.1 users=10 token_count=2 seed=1
2026-05-26 14:16:34.639 | INFO     | __main__:<module>:255 - Resumed AutoRL server from checkpoint=logs_real/autorl_real_server/checkpoints/autorl_dfl_mm_seed1/checkpoint.pt start_round=65
2026-05-26 14:16:34.639 | INFO     | __main__:<module>:259 - Token locations at start_round=65: [3, 8] waiting_clients=10
2026-05-26 14:16:34.639 | DEBUG    | utils.ConnectHandler_server:__init__:141 - server boot...
2026-05-26 14:16:34.639 | DEBUG    | utils.ConnectHandler_server:register:120 - waiting clients to connect...
2026-05-26 14:18:35.728 | DEBUG    | utils.ConnectHandler_server:register:125 - client addr:('192.0.2.231', 39278) connected
2026-05-26 14:18:35.731 | INFO     | utils.ConnectHandler_server:receive:71 - 18bytes data to be received from client#('192.0.2.231', 39278)
Files already downloaded and verified
Files already downloaded and verified

═════════════════════════ 数据分配最终审计 ═════════════════════════
✅ ID 0 (Nano  ) | 样本:  2000 | 类别:  5/10 | 不均衡度: 466.3
✅ ID 1 (Nano  ) | 样本:  2000 | 类别:  6/10 | 不均衡度: 235.2
✅ ID 2 (Nano  ) | 样本:  2000 | 类别:  3/10 | 不均衡度: 587.1
✅ ID 3 (Nano  ) | 样本:  2000 | 类别:  5/10 | 不均衡度: 445.1
✅ ID 4 (Nano  ) | 样本:  2000 | 类别:  5/10 | 不均衡度: 567.5
✅ ID 5 (Nano  ) | 样本:  2000 | 类别:  4/10 | 不均衡度: 539.8
✅ ID 6 (Nano  ) | 样本:  2000 | 类别:  4/10 | 不均衡度: 437.7
✅ ID 7 (Xavier) | 样本: 12000 | 类别:  5/10 | 不均衡度: 1819.2
✅ ID 8 (Xavier) | 样本: 14032 | 类别:  6/10 | 不均衡度: 1954.3
✅ ID 9 (Orin  ) | 样本:  9968 | 类别:  7/10 | 不均衡度: 1561.5
Total samples: 50000/50000
══════════════════════════════════════════════════════════════════


  0%|          | 0/18 [00:00<?, ?iteration/s]2026-05-26 14:18:35.736 | INFO     | utils.ConnectHandler_server:receive:80 - receive completed

100%|██████████| 18/18 [00:00<00:00, 35098.78iteration/s]
2026-05-26 14:18:35.736 | INFO     | utils.ConnectHandler_server:register:128 - receive msg from client#2
2026-05-26 14:18:35.737 | DEBUG    | utils.ConnectHandler_server:register:131 - client#2 registered
2026-05-26 14:18:37.723 | DEBUG    | utils.ConnectHandler_server:register:125 - client addr:('192.0.2.161', 41494) connected
2026-05-26 14:18:37.724 | INFO     | utils.ConnectHandler_server:receive:71 - 18bytes data to be received from client#('192.0.2.161', 41494)

  0%|          | 0/18 [00:00<?, ?iteration/s]2026-05-26 14:18:37.725 | INFO     | utils.ConnectHandler_server:receive:80 - receive completed

100%|██████████| 18/18 [00:00<00:00, 42509.84iteration/s]
2026-05-26 14:18:37.726 | INFO     | utils.ConnectHandler_server:register:128 - receive msg from client#4
2026-05-26 14:18:37.726 | DEBUG    | utils.ConnectHandler_server:register:131 - client#4 registered
2026-05-26 14:18:37.778 | DEBUG    | utils.ConnectHandler_server:register:125 - client addr:('192.0.2.7', 36756) connected
2026-05-26 14:18:37.780 | INFO     | utils.ConnectHandler_server:receive:71 - 18bytes data to be received from client#('192.0.2.7', 36756)

  0%|          | 0/18 [00:00<?, ?iteration/s]2026-05-26 14:18:37.781 | INFO     | utils.ConnectHandler_server:receive:80 - receive completed

100%|██████████| 18/18 [00:00<00:00, 43665.40iteration/s]
2026-05-26 14:18:37.781 | INFO     | utils.ConnectHandler_server:register:128 - receive msg from client#3
2026-05-26 14:18:37.782 | DEBUG    | utils.ConnectHandler_server:register:131 - client#3 registered
2026-05-26 14:18:38.815 | DEBUG    | utils.ConnectHandler_server:register:125 - client addr:('192.0.2.121', 52546) connected
2026-05-26 14:18:38.818 | INFO     | utils.ConnectHandler_server:receive:71 - 18bytes data to be received from client#('192.0.2.121', 52546)

  0%|          | 0/18 [00:00<?, ?iteration/s]2026-05-26 14:18:38.820 | INFO     | utils.ConnectHandler_server:receive:80 - receive completed

100%|██████████| 18/18 [00:00<00:00, 18789.81iteration/s]
2026-05-26 14:18:38.820 | INFO     | utils.ConnectHandler_server:register:128 - receive msg from client#0
2026-05-26 14:18:38.821 | DEBUG    | utils.ConnectHandler_server:register:131 - client#0 registered
2026-05-26 14:18:39.680 | DEBUG    | utils.ConnectHandler_server:register:125 - client addr:('192.0.2.243', 33660) connected
2026-05-26 14:18:39.683 | INFO     | utils.ConnectHandler_server:receive:71 - 18bytes data to be received from client#('192.0.2.243', 33660)

  0%|          | 0/18 [00:00<?, ?iteration/s]2026-05-26 14:18:39.684 | INFO     | utils.ConnectHandler_server:receive:80 - receive completed

100%|██████████| 18/18 [00:00<00:00, 42945.09iteration/s]
2026-05-26 14:18:39.684 | INFO     | utils.ConnectHandler_server:register:128 - receive msg from client#7
2026-05-26 14:18:39.685 | DEBUG    | utils.ConnectHandler_server:register:131 - client#7 registered
2026-05-26 14:18:40.825 | DEBUG    | utils.ConnectHandler_server:register:125 - client addr:('192.0.2.239', 51606) connected
2026-05-26 14:18:40.827 | INFO     | utils.ConnectHandler_server:receive:71 - 18bytes data to be received from client#('192.0.2.239', 51606)

  0%|          | 0/18 [00:00<?, ?iteration/s]2026-05-26 14:18:40.828 | INFO     | utils.ConnectHandler_server:receive:80 - receive completed

100%|██████████| 18/18 [00:00<00:00, 39321.60iteration/s]
2026-05-26 14:18:40.828 | INFO     | utils.ConnectHandler_server:register:128 - receive msg from client#5
2026-05-26 14:18:40.829 | DEBUG    | utils.ConnectHandler_server:register:131 - client#5 registered
2026-05-26 14:18:42.839 | DEBUG    | utils.ConnectHandler_server:register:125 - client addr:('192.0.2.237', 49252) connected
2026-05-26 14:18:42.842 | INFO     | utils.ConnectHandler_server:receive:71 - 18bytes data to be received from client#('192.0.2.237', 49252)

  0%|          | 0/18 [00:00<?, ?iteration/s]2026-05-26 14:18:42.844 | INFO     | utils.ConnectHandler_server:receive:80 - receive completed

100%|██████████| 18/18 [00:00<00:00, 18997.85iteration/s]
2026-05-26 14:18:42.844 | INFO     | utils.ConnectHandler_server:register:128 - receive msg from client#1
2026-05-26 14:18:42.845 | DEBUG    | utils.ConnectHandler_server:register:131 - client#1 registered
2026-05-26 14:18:44.997 | DEBUG    | utils.ConnectHandler_server:register:125 - client addr:('192.0.2.19', 51884) connected
2026-05-26 14:18:44.997 | INFO     | utils.ConnectHandler_server:receive:71 - 22bytes data to be received from client#('192.0.2.19', 51884)

  0%|          | 0/22 [00:00<?, ?iteration/s]2026-05-26 14:18:44.999 | INFO     | utils.ConnectHandler_server:receive:80 - receive completed

100%|██████████| 22/22 [00:00<00:00, 34213.83iteration/s]
2026-05-26 14:18:44.999 | INFO     | utils.ConnectHandler_server:register:128 - receive msg from client#9
2026-05-26 14:18:45.000 | DEBUG    | utils.ConnectHandler_server:register:131 - client#9 registered
2026-05-26 14:18:46.027 | DEBUG    | utils.ConnectHandler_server:register:125 - client addr:('192.0.2.142', 36088) connected
2026-05-26 14:18:46.029 | INFO     | utils.ConnectHandler_server:receive:71 - 18bytes data to be received from client#('192.0.2.142', 36088)

  0%|          | 0/18 [00:00<?, ?iteration/s]2026-05-26 14:18:46.030 | INFO     | utils.ConnectHandler_server:receive:80 - receive completed

100%|██████████| 18/18 [00:00<00:00, 39903.53iteration/s]
2026-05-26 14:18:46.031 | INFO     | utils.ConnectHandler_server:register:128 - receive msg from client#6
2026-05-26 14:18:46.031 | DEBUG    | utils.ConnectHandler_server:register:131 - client#6 registered
2026-05-26 14:18:47.913 | DEBUG    | utils.ConnectHandler_server:register:125 - client addr:('192.0.2.198', 59258) connected
2026-05-26 14:18:47.917 | INFO     | utils.ConnectHandler_server:receive:71 - 18bytes data to be received from client#('192.0.2.198', 59258)

  0%|          | 0/18 [00:00<?, ?iteration/s]2026-05-26 14:18:47.919 | INFO     | utils.ConnectHandler_server:receive:80 - receive completed

100%|██████████| 18/18 [00:00<00:00, 17722.41iteration/s]
2026-05-26 14:18:47.920 | INFO     | utils.ConnectHandler_server:register:128 - receive msg from client#8
2026-05-26 14:18:47.920 | DEBUG    | utils.ConnectHandler_server:register:131 - client#8 registered
2026-05-26 14:18:47.920 | DEBUG    | utils.ConnectHandler_server:register:135 - all clients are ready
2026-05-26 14:18:47.921 | INFO     | __main__:<module>:281 - 2026-05-26 14:18:47 ROUND=65 start token_locations=[3, 8] active_clients=[0, 1, 2, 3, 4, 5, 6, 7, 8, 9]
2026-05-26 14:18:47.978 | INFO     | utils.ConnectHandler_server:send:28 - sending data (19699835 bytes) to client#3...
2026-05-26 14:18:49.643 | INFO     | utils.ConnectHandler_server:send:34 - sending data (19699835 bytes) to client#3 completely
2026-05-26 14:18:49.643 | INFO     | __main__:<module>:325 - 2026-05-26 14:18:49 SEND round=65 token=0 cid=3 payload_mb=18.787 duration=1.679s
2026-05-26 14:18:49.662 | INFO     | utils.ConnectHandler_server:send:28 - sending data (19735898 bytes) to client#8...
2026-05-26 14:18:51.323 | INFO     | utils.ConnectHandler_server:send:34 - sending data (19735898 bytes) to client#8 completely
2026-05-26 14:18:51.323 | INFO     | __main__:<module>:325 - 2026-05-26 14:18:51 SEND round=65 token=1 cid=8 payload_mb=18.822 duration=1.671s
2026-05-26 14:20:33.467 | INFO     | utils.ConnectHandler_server:receive:71 - 19697021bytes data to be received from client#3

  0%|          | 0/19697021 [00:00<?, ?iteration/s]
  6%|▌         | 1175776/19697021 [00:00<00:01, 11748135.85iteration/s]
 12%|█▏        | 2353000/19697021 [00:00<00:01, 11757387.94iteration/s]
 18%|█▊        | 3530224/19697021 [00:00<00:01, 11758593.00iteration/s]
 24%|██▍       | 4710344/19697021 [00:00<00:01, 11757590.07iteration/s]
 30%|██▉       | 5887568/19697021 [00:00<00:01, 11752325.08iteration/s]
 36%|███▌      | 7067688/19697021 [00:00<00:01, 11754507.55iteration/s]
 42%|████▏     | 8247808/19697021 [00:00<00:00, 11758642.01iteration/s]
 48%|████▊     | 9427928/19697021 [00:00<00:00, 11757907.46iteration/s]
 54%|█████▍    | 10610944/19697021 [00:00<00:00, 11753560.72iteration/s]
 60%|█████▉    | 11795408/19697021 [00:01<00:00, 11754805.03iteration/s]
 66%|██████▌   | 12976976/19697021 [00:01<00:00, 11762587.38iteration/s]
 72%|███████▏  | 14158544/19697021 [00:01<00:00, 11756022.87iteration/s]
 78%|███████▊  | 15344456/19697021 [00:01<00:00, 11756408.43iteration/s]
 84%|████████▍ | 16527472/19697021 [00:01<00:00, 11758399.61iteration/s]
 90%|████████▉ | 17706144/19697021 [00:01<00:00, 11762231.92iteration/s]
 96%|█████████▌| 18892056/19697021 [00:01<00:00, 11758752.68iteration/s]2026-05-26 14:20:35.143 | INFO     | utils.ConnectHandler_server:receive:80 - receive completed

100%|██████████| 19697021/19697021 [00:01<00:00, 11706238.85iteration/s]
2026-05-26 14:20:35.162 | INFO     | __main__:<module>:345 - 2026-05-26 14:20:35 RECV round=65 token=0 cid=3 train_duration=93.98184275627136 battery=139553.37J
2026-05-26 14:20:35.162 | INFO     | utils.ConnectHandler_server:send:28 - sending data (59 bytes) to client#3...
2026-05-26 14:20:35.162 | INFO     | utils.ConnectHandler_server:send:34 - sending data (59 bytes) to client#3 completely
2026-05-26 14:22:51.482 | INFO     | utils.ConnectHandler_server:receive:71 - 19697437bytes data to be received from client#8

  0%|          | 0/19697437 [00:00<?, ?iteration/s]
  6%|▌         | 1168536/19697437 [00:00<00:01, 11658215.06iteration/s]
 12%|█▏        | 2335624/19697437 [00:00<00:01, 11664438.68iteration/s]
 18%|█▊        | 3507056/19697437 [00:00<00:01, 11685847.00iteration/s]
 24%|██▍       | 4678488/19697437 [00:00<00:01, 11693500.89iteration/s]
 30%|██▉       | 5851368/19697437 [00:00<00:01, 11688489.41iteration/s]
 36%|███▌      | 7027144/19697437 [00:00<00:01, 11700817.88iteration/s]
 42%|████▏     | 8204368/19697437 [00:00<00:00, 11710992.88iteration/s]
 48%|████▊     | 9380144/19697437 [00:00<00:00, 11721577.49iteration/s]
 54%|█████▎    | 10563160/19697437 [00:00<00:00, 11730881.46iteration/s]
 60%|█████▉    | 11741832/19697437 [00:01<00:00, 11736524.99iteration/s]
 66%|██████▌   | 12926296/19697437 [00:01<00:00, 11741256.26iteration/s]
 72%|███████▏  | 14104968/19697437 [00:01<00:00, 11742006.49iteration/s]
 78%|███████▊  | 15282192/19697437 [00:01<00:00, 11737111.81iteration/s]
 84%|████████▎ | 16459416/19697437 [00:01<00:00, 11735770.92iteration/s]
 90%|████████▉ | 17640984/19697437 [00:01<00:00, 11728886.69iteration/s]
 96%|█████████▌| 18815312/19697437 [00:01<00:00, 11727437.71iteration/s]2026-05-26 14:22:53.165 | INFO     | utils.ConnectHandler_server:receive:80 - receive completed

100%|██████████| 19697437/19697437 [00:01<00:00, 11655712.01iteration/s]
2026-05-26 14:22:53.181 | INFO     | __main__:<module>:345 - 2026-05-26 14:22:53 RECV round=65 token=1 cid=8 train_duration=233.19993948936462 battery=100565.80J
2026-05-26 14:22:53.181 | INFO     | utils.ConnectHandler_server:send:28 - sending data (59 bytes) to client#8...
2026-05-26 14:22:53.181 | INFO     | utils.ConnectHandler_server:send:34 - sending data (59 bytes) to client#8 completely
2026-05-26 14:22:56.951 | INFO     | __main__:<module>:482 - 2026-05-26 14:22:56 ROUND=65 end avg_acc=53.6550 best_acc=57.5350 duration=248.95s comm_mb=75.172 locations_after=[1, 5] checkpoint=logs_real/autorl_real_server/checkpoints/autorl_dfl_mm_seed1/checkpoint.pt
2026-05-26 14:22:56.951 | INFO     | __main__:<module>:281 - 2026-05-26 14:22:56 ROUND=66 start token_locations=[1, 5] active_clients=[0, 1, 2, 3, 4, 5, 6, 7, 8, 9]
2026-05-26 14:22:56.993 | INFO     | utils.ConnectHandler_server:send:28 - sending data (19699829 bytes) to client#1...
2026-05-26 14:22:58.618 | INFO     | utils.ConnectHandler_server:send:34 - sending data (19699829 bytes) to client#1 completely
2026-05-26 14:22:58.620 | INFO     | __main__:<module>:325 - 2026-05-26 14:22:58 SEND round=66 token=0 cid=1 payload_mb=18.787 duration=1.648s
2026-05-26 14:22:58.664 | INFO     | utils.ConnectHandler_server:send:28 - sending data (19699830 bytes) to client#5...
2026-05-26 14:23:00.319 | INFO     | utils.ConnectHandler_server:send:34 - sending data (19699830 bytes) to client#5 completely
2026-05-26 14:23:00.321 | INFO     | __main__:<module>:325 - 2026-05-26 14:23:00 SEND round=66 token=1 cid=5 payload_mb=18.787 duration=1.678s
2026-05-26 14:25:16.000 | INFO     | utils.ConnectHandler_server:receive:71 - 19697037bytes data to be received from client#1

  0%|          | 0/19697037 [00:00<?, ?iteration/s]
  6%|▌         | 1171432/19697037 [00:00<00:01, 11694256.63iteration/s]
 12%|█▏        | 2348656/19697037 [00:00<00:01, 11735350.28iteration/s]
 18%|█▊        | 3527328/19697037 [00:00<00:01, 11749095.31iteration/s]
 24%|██▍       | 4704552/19697037 [00:00<00:01, 11730528.21iteration/s]
 30%|██▉       | 5884672/19697037 [00:00<00:01, 11747024.65iteration/s]
 36%|███▌      | 7061896/19697037 [00:00<00:01, 11674913.83iteration/s]
 42%|████▏     | 8242016/19697037 [00:00<00:00, 11708684.37iteration/s]
 48%|████▊     | 9423584/19697037 [00:00<00:00, 11722544.42iteration/s]
 54%|█████▍    | 10603704/19697037 [00:00<00:00, 11737198.01iteration/s]
 60%|█████▉    | 11782376/19697037 [00:01<00:00, 11733949.63iteration/s]
 66%|██████▌   | 12963944/19697037 [00:01<00:00, 11746835.41iteration/s]
 72%|███████▏  | 14144064/19697037 [00:01<00:00, 11748154.63iteration/s]
 78%|███████▊  | 15332872/19697037 [00:01<00:00, 11753854.95iteration/s]
 84%|████████▍ | 16511544/19697037 [00:01<00:00, 11752374.55iteration/s]
 90%|████████▉ | 17696008/19697037 [00:01<00:00, 11758079.69iteration/s]
 96%|█████████▌| 18880472/19697037 [00:01<00:00, 11763568.41iteration/s]2026-05-26 14:25:17.679 | INFO     | utils.ConnectHandler_server:receive:80 - receive completed

100%|██████████| 19697037/19697037 [00:01<00:00, 11686901.49iteration/s]
2026-05-26 14:25:17.695 | INFO     | __main__:<module>:345 - 2026-05-26 14:25:17 RECV round=66 token=0 cid=1 train_duration=123.39542388916016 battery=135610.88J
2026-05-26 14:25:17.696 | INFO     | utils.ConnectHandler_server:send:28 - sending data (59 bytes) to client#1...
2026-05-26 14:25:17.696 | INFO     | utils.ConnectHandler_server:send:34 - sending data (59 bytes) to client#1 completely
2026-05-26 14:25:58.074 | INFO     | utils.ConnectHandler_server:receive:71 - 19697035bytes data to be received from client#5

  0%|          | 0/19697035 [00:00<?, ?iteration/s]
  6%|▌         | 1175776/19697035 [00:00<00:01, 11749339.41iteration/s]
 12%|█▏        | 2353000/19697035 [00:00<00:01, 11752432.15iteration/s]
 18%|█▊        | 3530224/19697035 [00:00<00:01, 11755797.41iteration/s]
 24%|██▍       | 4707448/19697035 [00:00<00:01, 11759136.45iteration/s]
 30%|██▉       | 5890464/19697035 [00:00<00:01, 11760666.09iteration/s]
 36%|███▌      | 7069136/19697035 [00:00<00:01, 11761755.83iteration/s]
 42%|████▏     | 8246360/19697035 [00:00<00:00, 11756618.18iteration/s]
 48%|████▊     | 9425032/19697035 [00:00<00:00, 11757155.13iteration/s]
 54%|█████▍    | 10600808/19697035 [00:00<00:00, 11753761.47iteration/s]
 60%|█████▉    | 11783824/19697035 [00:01<00:00, 11761662.08iteration/s]
 66%|██████▌   | 12961048/19697035 [00:01<00:00, 11757686.42iteration/s]
 72%|███████▏  | 14145512/19697035 [00:01<00:00, 11762277.43iteration/s]
 78%|███████▊  | 15329976/19697035 [00:01<00:00, 11761240.46iteration/s]
 84%|████████▍ | 16514440/19697035 [00:01<00:00, 11755587.28iteration/s]
 90%|████████▉ | 17700352/19697035 [00:01<00:00, 11763307.19iteration/s]
 96%|█████████▌| 18879024/19697035 [00:01<00:00, 11755811.71iteration/s]2026-05-26 14:25:59.751 | INFO     | utils.ConnectHandler_server:receive:80 - receive completed

100%|██████████| 19697035/19697035 [00:01<00:00, 11702524.51iteration/s]
2026-05-26 14:25:59.769 | INFO     | __main__:<module>:345 - 2026-05-26 14:25:59 RECV round=66 token=1 cid=5 train_duration=168.3205165863037 battery=130222.91J
2026-05-26 14:25:59.769 | INFO     | utils.ConnectHandler_server:send:28 - sending data (59 bytes) to client#5...
2026-05-26 14:25:59.769 | INFO     | utils.ConnectHandler_server:send:34 - sending data (59 bytes) to client#5 completely
2026-05-26 14:26:02.620 | INFO     | __main__:<module>:482 - 2026-05-26 14:26:02 ROUND=66 end avg_acc=38.4400 best_acc=57.5350 duration=185.60s comm_mb=75.138 locations_after=[1, 2] checkpoint=logs_real/autorl_real_server/checkpoints/autorl_dfl_mm_seed1/checkpoint.pt
2026-05-26 14:26:02.620 | INFO     | __main__:<module>:281 - 2026-05-26 14:26:02 ROUND=67 start token_locations=[1, 2] active_clients=[0, 1, 2, 3, 4, 5, 6, 7, 8, 9]
2026-05-26 14:26:02.639 | INFO     | utils.ConnectHandler_server:send:28 - sending data (19699829 bytes) to client#1...
2026-05-26 14:26:04.245 | INFO     | utils.ConnectHandler_server:send:34 - sending data (19699829 bytes) to client#1 completely
2026-05-26 14:26:04.245 | INFO     | __main__:<module>:325 - 2026-05-26 14:26:04 SEND round=67 token=0 cid=1 payload_mb=18.787 duration=1.616s
2026-05-26 14:26:04.264 | INFO     | utils.ConnectHandler_server:send:28 - sending data (19699830 bytes) to client#2...
2026-05-26 14:26:05.951 | INFO     | utils.ConnectHandler_server:send:34 - sending data (19699830 bytes) to client#2 completely
2026-05-26 14:26:05.951 | INFO     | __main__:<module>:325 - 2026-05-26 14:26:05 SEND round=67 token=1 cid=2 payload_mb=18.787 duration=1.697s
2026-05-26 14:27:47.318 | INFO     | utils.ConnectHandler_server:receive:71 - 19697021bytes data to be received from client#2

  0%|          | 0/19697021 [00:00<?, ?iteration/s]
  6%|▌         | 1171432/19697021 [00:00<00:01, 11691390.48iteration/s]
 12%|█▏        | 2348656/19697021 [00:00<00:01, 11732373.73iteration/s]
 18%|█▊        | 3527328/19697021 [00:00<00:01, 11748229.78iteration/s]
 24%|██▍       | 4704552/19697021 [00:00<00:01, 11731591.04iteration/s]
 30%|██▉       | 5881776/19697021 [00:00<00:01, 11714882.63iteration/s]
 36%|███▌      | 7057552/19697021 [00:00<00:01, 11718387.34iteration/s]
 42%|████▏     | 8231880/19697021 [00:00<00:00, 11724620.34iteration/s]
 48%|████▊     | 9407656/19697021 [00:00<00:00, 11727788.41iteration/s]
 54%|█████▍    | 10587776/19697021 [00:00<00:00, 11734836.80iteration/s]
 60%|█████▉    | 11773688/19697021 [00:01<00:00, 11747621.39iteration/s]
 66%|██████▌   | 12949464/19697021 [00:01<00:00, 11747223.10iteration/s]
 72%|███████▏  | 14136824/19697021 [00:01<00:00, 11750347.42iteration/s]
 78%|███████▊  | 15322736/19697021 [00:01<00:00, 11759343.13iteration/s]
 84%|████████▍ | 16511544/19697021 [00:01<00:00, 11758007.98iteration/s]
 90%|████████▉ | 17691664/19697021 [00:01<00:00, 11761646.30iteration/s]
 96%|█████████▌| 18879024/19697021 [00:01<00:00, 11752205.88iteration/s]2026-05-26 14:27:48.996 | INFO     | utils.ConnectHandler_server:receive:80 - receive completed

100%|██████████| 19697021/19697021 [00:01<00:00, 11690841.28iteration/s]
2026-05-26 14:27:49.017 | INFO     | __main__:<module>:345 - 2026-05-26 14:27:49 RECV round=67 token=1 cid=2 train_duration=93.93102478981018 battery=138604.81J
2026-05-26 14:27:49.017 | INFO     | utils.ConnectHandler_server:send:28 - sending data (59 bytes) to client#2...
2026-05-26 14:27:49.017 | INFO     | utils.ConnectHandler_server:send:34 - sending data (59 bytes) to client#2 completely
2026-05-26 14:27:54.264 | INFO     | utils.ConnectHandler_server:receive:71 - 19696947bytes data to be received from client#1

  0%|          | 0/19696947 [00:00<?, ?iteration/s]
  6%|▌         | 1167088/19696947 [00:00<00:01, 11669221.83iteration/s]
 12%|█▏        | 2344312/19696947 [00:00<00:01, 11720077.23iteration/s]
 18%|█▊        | 3521536/19696947 [00:00<00:01, 11739712.19iteration/s]
 24%|██▍       | 4695864/19696947 [00:00<00:01, 11738838.41iteration/s]
 30%|██▉       | 5875984/19696947 [00:00<00:01, 11754431.25iteration/s]
 36%|███▌      | 7054656/19696947 [00:00<00:01, 11754522.11iteration/s]
 42%|████▏     | 8237672/19696947 [00:00<00:00, 11759660.22iteration/s]
 48%|████▊     | 9420688/19696947 [00:00<00:00, 11759810.56iteration/s]
 54%|█████▍    | 10605152/19696947 [00:00<00:00, 11757202.73iteration/s]
 60%|█████▉    | 11782376/19696947 [00:01<00:00, 11760961.02iteration/s]
 66%|██████▌   | 12962496/19696947 [00:01<00:00, 11756818.72iteration/s]
 72%|███████▏  | 14138272/19696947 [00:01<00:00, 11756401.87iteration/s]
 78%|███████▊  | 15324184/19696947 [00:01<00:00, 11757873.21iteration/s]
 84%|████████▍ | 16501408/19696947 [00:01<00:00, 11757281.71iteration/s]
 90%|████████▉ | 17682976/19696947 [00:01<00:00, 11757683.23iteration/s]
 96%|█████████▌| 18860200/19696947 [00:01<00:00, 11755628.49iteration/s]2026-05-26 14:27:55.942 | INFO     | utils.ConnectHandler_server:receive:80 - receive completed

100%|██████████| 19696947/19696947 [00:01<00:00, 11699389.79iteration/s]
2026-05-26 14:27:55.957 | INFO     | __main__:<module>:345 - 2026-05-26 14:27:55 RECV round=67 token=0 cid=1 train_duration=108.98792290687561 battery=134681.15J
2026-05-26 14:27:55.957 | INFO     | utils.ConnectHandler_server:send:28 - sending data (59 bytes) to client#1...
2026-05-26 14:27:55.957 | INFO     | utils.ConnectHandler_server:send:34 - sending data (59 bytes) to client#1 completely
2026-05-26 14:27:58.784 | INFO     | __main__:<module>:482 - 2026-05-26 14:27:58 ROUND=67 end avg_acc=36.2300 best_acc=57.5350 duration=116.08s comm_mb=75.138 locations_after=[0, 3] checkpoint=logs_real/autorl_real_server/checkpoints/autorl_dfl_mm_seed1/checkpoint.pt
2026-05-26 14:27:58.784 | INFO     | __main__:<module>:281 - 2026-05-26 14:27:58 ROUND=68 start token_locations=[0, 3] active_clients=[0, 1, 2, 3, 4, 5, 6, 7, 8, 9]
2026-05-26 14:27:58.801 | INFO     | utils.ConnectHandler_server:send:28 - sending data (19699833 bytes) to client#0...
2026-05-26 14:28:00.427 | INFO     | utils.ConnectHandler_server:send:34 - sending data (19699833 bytes) to client#0 completely
2026-05-26 14:28:00.427 | INFO     | __main__:<module>:325 - 2026-05-26 14:28:00 SEND round=68 token=0 cid=0 payload_mb=18.787 duration=1.635s
2026-05-26 14:28:00.444 | INFO     | utils.ConnectHandler_server:send:28 - sending data (19699835 bytes) to client#3...
2026-05-26 14:28:02.126 | INFO     | utils.ConnectHandler_server:send:34 - sending data (19699835 bytes) to client#3 completely
2026-05-26 14:28:02.126 | INFO     | __main__:<module>:325 - 2026-05-26 14:28:02 SEND round=68 token=1 cid=3 payload_mb=18.787 duration=1.691s
2026-05-26 14:29:25.977 | INFO     | utils.ConnectHandler_server:receive:71 - 19696941bytes data to be received from client#3

  0%|          | 0/19696941 [00:00<?, ?iteration/s]
  6%|▌         | 1175776/19696941 [00:00<00:01, 11729833.05iteration/s]
 12%|█▏        | 2353000/19696941 [00:00<00:01, 11753426.60iteration/s]
 18%|█▊        | 3530224/19696941 [00:00<00:01, 11754995.66iteration/s]
 24%|██▍       | 4708896/19696941 [00:00<00:01, 11750837.24iteration/s]
 30%|██▉       | 5886120/19696941 [00:00<00:01, 11757872.35iteration/s]
 36%|███▌      | 7064792/19696941 [00:00<00:01, 11749329.57iteration/s]
 42%|████▏     | 8244912/19696941 [00:00<00:00, 11757177.73iteration/s]
 48%|████▊     | 9422136/19696941 [00:00<00:00, 11755189.86iteration/s]
 54%|█████▍    | 10605152/19696941 [00:00<00:00, 11753429.75iteration/s]
 60%|█████▉    | 11788168/19696941 [00:01<00:00, 11763191.33iteration/s]
 66%|██████▌   | 12966840/19696941 [00:01<00:00, 11756293.61iteration/s]
 72%|███████▏  | 14146960/19696941 [00:01<00:00, 11758447.61iteration/s]
 78%|███████▊  | 15332872/19696941 [00:01<00:00, 11750531.16iteration/s]
 84%|████████▍ | 16521680/19696941 [00:01<00:00, 11755926.66iteration/s]
 90%|████████▉ | 17698904/19696941 [00:01<00:00, 11758771.29iteration/s]
 96%|█████████▌| 18877576/19696941 [00:01<00:00, 11756556.16iteration/s]2026-05-26 14:29:27.654 | INFO     | utils.ConnectHandler_server:receive:80 - receive completed

100%|██████████| 19696941/19696941 [00:01<00:00, 11701813.92iteration/s]
2026-05-26 14:29:27.670 | INFO     | __main__:<module>:345 - 2026-05-26 14:29:27 RECV round=68 token=1 cid=3 train_duration=83.2057831287384 battery=138843.59J
2026-05-26 14:29:27.670 | INFO     | utils.ConnectHandler_server:send:28 - sending data (59 bytes) to client#3...
2026-05-26 14:29:27.670 | INFO     | utils.ConnectHandler_server:send:34 - sending data (59 bytes) to client#3 completely
2026-05-26 14:30:14.441 | INFO     | utils.ConnectHandler_server:receive:71 - 19697021bytes data to be received from client#0

  0%|          | 0/19697021 [00:00<?, ?iteration/s]
  6%|▌         | 1155504/19697021 [00:00<00:01, 11539561.49iteration/s]
 12%|█▏        | 2332728/19697021 [00:00<00:01, 11671405.21iteration/s]
 18%|█▊        | 3509952/19697021 [00:00<00:01, 11710955.93iteration/s]
 24%|██▍       | 4684280/19697021 [00:00<00:01, 11721309.61iteration/s]
 30%|██▉       | 5862952/19697021 [00:00<00:01, 11733998.70iteration/s]
 36%|███▌      | 7044520/19697021 [00:00<00:01, 11747410.35iteration/s]
 42%|████▏     | 8221744/19697021 [00:00<00:00, 11749109.28iteration/s]
 48%|████▊     | 9401864/19697021 [00:00<00:00, 11749758.33iteration/s]
 54%|█████▍    | 10587776/19697021 [00:00<00:00, 11759233.66iteration/s]
 60%|█████▉    | 11772240/19697021 [00:01<00:00, 11757887.60iteration/s]
 66%|██████▌   | 12952360/19697021 [00:01<00:00, 11762590.13iteration/s]
 72%|███████▏  | 14132480/19697021 [00:01<00:00, 11761554.80iteration/s]
 78%|███████▊  | 15309704/19697021 [00:01<00:00, 11761152.10iteration/s]
 84%|████████▎ | 16492720/19697021 [00:01<00:00, 11754536.62iteration/s]
 90%|████████▉ | 17680080/19697021 [00:01<00:00, 11760314.41iteration/s]
 96%|█████████▌| 18863096/19697021 [00:01<00:00, 11762558.93iteration/s]2026-05-26 14:30:16.120 | INFO     | utils.ConnectHandler_server:receive:80 - receive completed

100%|██████████| 19697021/19697021 [00:01<00:00, 11688436.33iteration/s]
2026-05-26 14:30:16.135 | INFO     | __main__:<module>:345 - 2026-05-26 14:30:16 RECV round=68 token=0 cid=0 train_duration=121.4824628829956 battery=138538.98J
2026-05-26 14:30:16.135 | INFO     | utils.ConnectHandler_server:send:28 - sending data (59 bytes) to client#0...
2026-05-26 14:30:16.136 | INFO     | utils.ConnectHandler_server:send:34 - sending data (59 bytes) to client#0 completely
2026-05-26 14:30:19.002 | INFO     | __main__:<module>:482 - 2026-05-26 14:30:18 ROUND=68 end avg_acc=33.7150 best_acc=57.5350 duration=140.14s comm_mb=75.138 locations_after=[9, 3] checkpoint=logs_real/autorl_real_server/checkpoints/autorl_dfl_mm_seed1/checkpoint.pt
2026-05-26 14:30:19.002 | INFO     | __main__:<module>:281 - 2026-05-26 14:30:18 ROUND=69 start token_locations=[9, 3] active_clients=[0, 1, 2, 3, 4, 5, 6, 7, 8, 9]
2026-05-26 14:30:19.022 | INFO     | utils.ConnectHandler_server:send:28 - sending data (19723713 bytes) to client#9...
2026-05-26 14:30:20.667 | INFO     | utils.ConnectHandler_server:send:34 - sending data (19723713 bytes) to client#9 completely
2026-05-26 14:30:20.668 | INFO     | __main__:<module>:325 - 2026-05-26 14:30:20 SEND round=69 token=0 cid=9 payload_mb=18.810 duration=1.656s
2026-05-26 14:30:20.687 | INFO     | utils.ConnectHandler_server:send:28 - sending data (19699835 bytes) to client#3...
2026-05-26 14:30:22.350 | INFO     | utils.ConnectHandler_server:send:34 - sending data (19699835 bytes) to client#3 completely
2026-05-26 14:30:22.350 | INFO     | __main__:<module>:325 - 2026-05-26 14:30:22 SEND round=69 token=1 cid=3 payload_mb=18.787 duration=1.673s
2026-05-26 14:31:46.264 | INFO     | utils.ConnectHandler_server:receive:71 - 19696963bytes data to be received from client#3

  0%|          | 0/19696963 [00:00<?, ?iteration/s]
  6%|▌         | 1167088/19696963 [00:00<00:01, 11658049.85iteration/s]
 12%|█▏        | 2335624/19696963 [00:00<00:01, 11619141.79iteration/s]
 18%|█▊        | 3508504/19696963 [00:00<00:01, 11658092.86iteration/s]
 24%|██▍       | 4684280/19696963 [00:00<00:01, 11691130.08iteration/s]
 30%|██▉       | 5862952/19696963 [00:00<00:01, 11719005.38iteration/s]
 36%|███▌      | 7043072/19696963 [00:00<00:01, 11734489.30iteration/s]
 42%|████▏     | 8221744/19696963 [00:00<00:00, 11740475.92iteration/s]
 48%|████▊     | 9396072/19696963 [00:00<00:00, 11734702.73iteration/s]
 54%|█████▎    | 10573296/19696963 [00:00<00:00, 11743310.73iteration/s]
 60%|█████▉    | 11749072/19696963 [00:01<00:00, 11747320.02iteration/s]
 66%|██████▌   | 12932088/19696963 [00:01<00:00, 11756694.39iteration/s]
 72%|███████▏  | 14107864/19696963 [00:01<00:00, 11756187.16iteration/s]
 78%|███████▊  | 15295224/19696963 [00:01<00:00, 11760546.63iteration/s]
 84%|████████▎ | 16481136/19696963 [00:01<00:00, 11759568.85iteration/s]
 90%|████████▉ | 17671392/19696963 [00:01<00:00, 11757618.51iteration/s]
 96%|█████████▌| 18860200/19696963 [00:01<00:00, 11761973.38iteration/s]2026-05-26 14:31:47.943 | INFO     | utils.ConnectHandler_server:receive:80 - receive completed

100%|██████████| 19696963/19696963 [00:01<00:00, 11686829.48iteration/s]
2026-05-26 14:31:47.960 | INFO     | __main__:<module>:345 - 2026-05-26 14:31:47 RECV round=69 token=1 cid=3 train_duration=83.26116418838501 battery=138133.33J
2026-05-26 14:31:47.960 | INFO     | utils.ConnectHandler_server:send:28 - sending data (59 bytes) to client#3...
2026-05-26 14:31:47.960 | INFO     | utils.ConnectHandler_server:send:34 - sending data (59 bytes) to client#3 completely
2026-05-26 14:32:16.317 | INFO     | utils.ConnectHandler_server:receive:71 - 19694064bytes data to be received from client#9

  0%|          | 0/19694064 [00:00<?, ?iteration/s]
  6%|▌         | 1183518/19694064 [00:00<00:01, 11808922.96iteration/s]
 12%|█▏        | 2367036/19694064 [00:00<00:01, 11766967.30iteration/s]
 18%|█▊        | 3544898/19694064 [00:00<00:01, 11760712.99iteration/s]
 24%|██▍       | 4727002/19694064 [00:00<00:01, 11751132.23iteration/s]
 30%|███       | 5909106/19694064 [00:00<00:01, 11746508.34iteration/s]
 36%|███▌      | 7084140/19694064 [00:00<00:01, 11741192.47iteration/s]
 42%|████▏     | 8263416/19694064 [00:00<00:00, 11746867.20iteration/s]
 48%|████▊     | 9439864/19694064 [00:00<00:00, 11741548.37iteration/s]
 54%|█████▍    | 10621968/19694064 [00:00<00:00, 11743560.91iteration/s]
 60%|█████▉    | 11801244/19694064 [00:01<00:00, 11745020.57iteration/s]
 66%|██████▌   | 12980520/19694064 [00:01<00:00, 11740876.35iteration/s]
 72%|███████▏  | 14162624/19694064 [00:01<00:00, 11744207.85iteration/s]
 78%|███████▊  | 15339072/19694064 [00:01<00:00, 11745318.08iteration/s]
 84%|████████▍ | 16516934/19694064 [00:01<00:00, 11730113.26iteration/s]
 90%|████████▉ | 17696210/19694064 [00:01<00:00, 11738931.03iteration/s]
 96%|█████████▌| 18872658/19694064 [00:01<00:00, 11739403.30iteration/s]2026-05-26 14:32:17.995 | INFO     | utils.ConnectHandler_server:receive:80 - receive completed

100%|██████████| 19694064/19694064 [00:01<00:00, 11692824.04iteration/s]
2026-05-26 14:32:18.013 | INFO     | __main__:<module>:345 - 2026-05-26 14:32:18 RECV round=69 token=0 cid=9 train_duration=115.12800145149231 battery=121427.39J
2026-05-26 14:32:18.013 | INFO     | utils.ConnectHandler_server:send:28 - sending data (59 bytes) to client#9...
2026-05-26 14:32:18.013 | INFO     | utils.ConnectHandler_server:send:34 - sending data (59 bytes) to client#9 completely
2026-05-26 14:32:20.879 | INFO     | __main__:<module>:482 - 2026-05-26 14:32:20 ROUND=69 end avg_acc=39.8550 best_acc=57.5350 duration=121.80s comm_mb=75.161 locations_after=[4, 1] checkpoint=logs_real/autorl_real_server/checkpoints/autorl_dfl_mm_seed1/checkpoint.pt
2026-05-26 14:32:20.879 | INFO     | __main__:<module>:281 - 2026-05-26 14:32:20 ROUND=70 start token_locations=[4, 1] active_clients=[0, 1, 2, 3, 4, 5, 6, 7, 8, 9]
2026-05-26 14:32:20.898 | INFO     | utils.ConnectHandler_server:send:28 - sending data (19699835 bytes) to client#4...
2026-05-26 14:32:22.549 | INFO     | utils.ConnectHandler_server:send:34 - sending data (19699835 bytes) to client#4 completely
2026-05-26 14:32:22.549 | INFO     | __main__:<module>:325 - 2026-05-26 14:32:22 SEND round=70 token=0 cid=4 payload_mb=18.787 duration=1.661s
2026-05-26 14:32:22.569 | INFO     | utils.ConnectHandler_server:send:28 - sending data (19699829 bytes) to client#1...
2026-05-26 14:32:24.238 | INFO     | utils.ConnectHandler_server:send:34 - sending data (19699829 bytes) to client#1 completely
2026-05-26 14:32:24.238 | INFO     | __main__:<module>:325 - 2026-05-26 14:32:24 SEND round=70 token=1 cid=1 payload_mb=18.787 duration=1.679s
2026-05-26 14:34:01.957 | INFO     | utils.ConnectHandler_server:receive:71 - 19697035bytes data to be received from client#4

  0%|          | 0/19697035 [00:00<?, ?iteration/s]
  6%|▌         | 1172880/19697035 [00:00<00:01, 11726490.66iteration/s]
 12%|█▏        | 2350104/19697035 [00:00<00:01, 11747426.39iteration/s]
 18%|█▊        | 3527328/19697035 [00:00<00:01, 11752439.82iteration/s]
 24%|██▍       | 4704552/19697035 [00:00<00:01, 11755645.37iteration/s]
 30%|██▉       | 5883224/19697035 [00:00<00:01, 11726112.52iteration/s]
 36%|███▌      | 7057552/19697035 [00:00<00:01, 11731776.44iteration/s]
 42%|████▏     | 8236224/19697035 [00:00<00:00, 11739534.91iteration/s]
 48%|████▊     | 9419240/19697035 [00:00<00:00, 11746728.24iteration/s]
 54%|█████▍    | 10599360/19697035 [00:00<00:00, 11757004.64iteration/s]
 60%|█████▉    | 11782376/19697035 [00:01<00:00, 11755627.64iteration/s]
 66%|██████▌   | 12962496/19697035 [00:01<00:00, 11747503.59iteration/s]
 72%|███████▏  | 14145512/19697035 [00:01<00:00, 11752450.70iteration/s]
 78%|███████▊  | 15328528/19697035 [00:01<00:00, 11755598.16iteration/s]
 84%|████████▍ | 16517336/19697035 [00:01<00:00, 11763515.86iteration/s]
 90%|████████▉ | 17703248/19697035 [00:01<00:00, 11759287.33iteration/s]
 96%|█████████▌| 18887712/19697035 [00:01<00:00, 11752494.66iteration/s]2026-05-26 14:34:03.635 | INFO     | utils.ConnectHandler_server:receive:80 - receive completed

100%|██████████| 19697035/19697035 [00:01<00:00, 11698272.47iteration/s]
2026-05-26 14:34:03.655 | INFO     | __main__:<module>:345 - 2026-05-26 14:34:03 RECV round=70 token=0 cid=4 train_duration=92.01751112937927 battery=139345.13J
2026-05-26 14:34:03.656 | INFO     | utils.ConnectHandler_server:send:28 - sending data (59 bytes) to client#4...
2026-05-26 14:34:03.656 | INFO     | utils.ConnectHandler_server:send:34 - sending data (59 bytes) to client#4 completely
2026-05-26 14:34:14.581 | INFO     | utils.ConnectHandler_server:receive:71 - 19696983bytes data to be received from client#1

  0%|          | 0/19696983 [00:00<?, ?iteration/s]
  6%|▌         | 1172880/19696983 [00:00<00:01, 11709213.47iteration/s]
 12%|█▏        | 2350104/19696983 [00:00<00:01, 11743355.85iteration/s]
 18%|█▊        | 3527328/19696983 [00:00<00:01, 11749179.51iteration/s]
 24%|██▍       | 4704552/19696983 [00:00<00:01, 11750346.07iteration/s]
 30%|██▉       | 5880328/19696983 [00:00<00:01, 11752001.70iteration/s]
 36%|███▌      | 7060448/19696983 [00:00<00:01, 11750483.58iteration/s]
 42%|████▏     | 8239120/19696983 [00:00<00:00, 11755875.05iteration/s]
 48%|████▊     | 9419240/19696983 [00:00<00:00, 11762362.21iteration/s]
 54%|█████▍    | 10596464/19696983 [00:00<00:00, 11760687.53iteration/s]
 60%|█████▉    | 11775136/19696983 [00:01<00:00, 11751966.33iteration/s]
 66%|██████▌   | 12955256/19696983 [00:01<00:00, 11762863.28iteration/s]
 72%|███████▏  | 14132480/19696983 [00:01<00:00, 11762239.47iteration/s]
 78%|███████▊  | 15316944/19696983 [00:01<00:00, 11757776.98iteration/s]
 84%|████████▍ | 16497064/19696983 [00:01<00:00, 11760007.87iteration/s]
 90%|████████▉ | 17680080/19696983 [00:01<00:00, 11761678.01iteration/s]
 96%|█████████▌| 18860200/19696983 [00:01<00:00, 11759591.44iteration/s]2026-05-26 14:34:16.259 | INFO     | utils.ConnectHandler_server:receive:80 - receive completed

100%|██████████| 19696983/19696983 [00:01<00:00, 11698622.59iteration/s]
2026-05-26 14:34:16.275 | INFO     | __main__:<module>:345 - 2026-05-26 14:34:16 RECV round=70 token=1 cid=1 train_duration=109.41601228713989 battery=133747.78J
2026-05-26 14:34:16.275 | INFO     | utils.ConnectHandler_server:send:28 - sending data (59 bytes) to client#1...
2026-05-26 14:34:16.275 | INFO     | utils.ConnectHandler_server:send:34 - sending data (59 bytes) to client#1 completely
2026-05-26 14:34:19.078 | INFO     | __main__:<module>:482 - 2026-05-26 14:34:18 ROUND=70 end avg_acc=39.0050 best_acc=57.5350 duration=118.12s comm_mb=75.138 locations_after=[9, 9] checkpoint=logs_real/autorl_real_server/checkpoints/autorl_dfl_mm_seed1/checkpoint.pt
2026-05-26 14:34:19.091 | INFO     | __main__:aggregate_collided_tokens:99 - 2026-05-26 14:34:19 AGG_COLLISION cid=9 tokens=[0, 1]
2026-05-26 14:34:19.091 | INFO     | __main__:<module>:279 - 2026-05-26 14:34:19 PRE_SEND_RELOCATE round=71 {'token_id': 1, 'src': 9, 'dst': 7, 'reason': 'duplicate_or_inactive_location'}
2026-05-26 14:34:19.091 | INFO     | __main__:<module>:281 - 2026-05-26 14:34:19 ROUND=71 start token_locations=[9, 7] active_clients=[0, 1, 2, 3, 4, 5, 6, 7, 8, 9]
2026-05-26 14:34:19.114 | INFO     | utils.ConnectHandler_server:send:28 - sending data (19723713 bytes) to client#9...
2026-05-26 14:34:20.752 | INFO     | utils.ConnectHandler_server:send:34 - sending data (19723713 bytes) to client#9 completely
2026-05-26 14:34:20.752 | INFO     | __main__:<module>:325 - 2026-05-26 14:34:20 SEND round=71 token=0 cid=9 payload_mb=18.810 duration=1.651s
2026-05-26 14:34:20.771 | INFO     | utils.ConnectHandler_server:send:28 - sending data (19729801 bytes) to client#7...
2026-05-26 14:34:22.430 | INFO     | utils.ConnectHandler_server:send:34 - sending data (19729801 bytes) to client#7 completely
2026-05-26 14:34:22.431 | INFO     | __main__:<module>:325 - 2026-05-26 14:34:22 SEND round=71 token=1 cid=7 payload_mb=18.816 duration=1.670s
2026-05-26 14:36:17.143 | INFO     | utils.ConnectHandler_server:receive:71 - 19694064bytes data to be received from client#9

  0%|          | 0/19694064 [00:00<?, ?iteration/s]
  6%|▌         | 1179276/19694064 [00:00<00:01, 11786420.41iteration/s]
 12%|█▏        | 2359966/19694064 [00:00<00:01, 11764901.44iteration/s]
 18%|█▊        | 3539242/19694064 [00:00<00:01, 11753679.45iteration/s]
 24%|██▍       | 4715690/19694064 [00:00<00:01, 11741199.79iteration/s]
 30%|██▉       | 5894966/19694064 [00:00<00:01, 11745960.59iteration/s]
 36%|███▌      | 7071414/19694064 [00:00<00:01, 11746385.00iteration/s]
 42%|████▏     | 8247862/19694064 [00:00<00:00, 11744745.93iteration/s]
 48%|████▊     | 9429966/19694064 [00:00<00:00, 11742934.80iteration/s]
 54%|█████▍    | 10609242/19694064 [00:00<00:00, 11743240.26iteration/s]
 60%|█████▉    | 11792760/19694064 [00:01<00:00, 11746415.74iteration/s]
 66%|██████▌   | 12972036/19694064 [00:01<00:00, 11740388.78iteration/s]
 72%|███████▏  | 14151312/19694064 [00:01<00:00, 11740053.11iteration/s]
 78%|███████▊  | 15333416/19694064 [00:01<00:00, 11745357.64iteration/s]
 84%|████████▍ | 16515520/19694064 [00:01<00:00, 11745829.08iteration/s]
 90%|████████▉ | 17694796/19694064 [00:01<00:00, 11737521.87iteration/s]
 96%|█████████▌| 18874072/19694064 [00:01<00:00, 11744188.49iteration/s]2026-05-26 14:36:18.821 | INFO     | utils.ConnectHandler_server:receive:80 - receive completed

100%|██████████| 19694064/19694064 [00:01<00:00, 11523074.07iteration/s]
2026-05-26 14:36:18.873 | INFO     | __main__:<module>:345 - 2026-05-26 14:36:18 RECV round=71 token=0 cid=9 train_duration=115.95443868637085 battery=119473.88J
2026-05-26 14:36:18.873 | INFO     | utils.ConnectHandler_server:send:28 - sending data (59 bytes) to client#9...
2026-05-26 14:36:18.873 | INFO     | utils.ConnectHandler_server:send:34 - sending data (59 bytes) to client#9 completely
2026-05-26 14:36:36.529 | INFO     | utils.ConnectHandler_server:receive:71 - 19697437bytes data to be received from client#7

  0%|          | 0/19697437 [00:00<?, ?iteration/s]
  6%|▌         | 1172880/19697437 [00:00<00:01, 11720428.07iteration/s]
 12%|█▏        | 2347208/19697437 [00:00<00:01, 11700702.15iteration/s]
 18%|█▊        | 3518640/19697437 [00:00<00:01, 11705515.48iteration/s]
 24%|██▍       | 4691520/19697437 [00:00<00:01, 11678981.86iteration/s]
 30%|██▉       | 5860056/19697437 [00:00<00:01, 11675883.43iteration/s]
 36%|███▌      | 7034384/19697437 [00:00<00:01, 11694157.35iteration/s]
 42%|████▏     | 8213056/19697437 [00:00<00:00, 11704252.87iteration/s]
 48%|████▊     | 9388832/19697437 [00:00<00:00, 11706703.77iteration/s]
 54%|█████▎    | 10566056/19697437 [00:00<00:00, 11714863.62iteration/s]
 60%|█████▉    | 11744728/19697437 [00:01<00:00, 11711371.07iteration/s]
 66%|██████▌   | 12919056/19697437 [00:01<00:00, 11717222.83iteration/s]
 72%|███████▏  | 14100624/19697437 [00:01<00:00, 11718624.84iteration/s]
 78%|███████▊  | 15283640/19697437 [00:01<00:00, 11727904.70iteration/s]
 84%|████████▎ | 16468104/19697437 [00:01<00:00, 11730835.12iteration/s]
 90%|████████▉ | 17652568/19697437 [00:01<00:00, 11723605.30iteration/s]
 96%|█████████▌| 18837032/19697437 [00:01<00:00, 11726613.50iteration/s]2026-05-26 14:36:38.213 | INFO     | utils.ConnectHandler_server:receive:80 - receive completed

100%|██████████| 19697437/19697437 [00:01<00:00, 11659164.63iteration/s]
2026-05-26 14:36:38.229 | INFO     | __main__:<module>:345 - 2026-05-26 14:36:38 RECV round=71 token=1 cid=7 train_duration=130.12774538993835 battery=115498.73J
2026-05-26 14:36:38.229 | INFO     | utils.ConnectHandler_server:send:28 - sending data (59 bytes) to client#7...
2026-05-26 14:36:38.229 | INFO     | utils.ConnectHandler_server:send:34 - sending data (59 bytes) to client#7 completely
2026-05-26 14:36:41.027 | INFO     | __main__:<module>:482 - 2026-05-26 14:36:40 ROUND=71 end avg_acc=40.5650 best_acc=57.5350 duration=141.88s comm_mb=75.189 locations_after=[8, 8] checkpoint=logs_real/autorl_real_server/checkpoints/autorl_dfl_mm_seed1/checkpoint.pt
2026-05-26 14:36:41.041 | INFO     | __main__:aggregate_collided_tokens:99 - 2026-05-26 14:36:41 AGG_COLLISION cid=8 tokens=[0, 1]
2026-05-26 14:36:41.041 | INFO     | __main__:<module>:279 - 2026-05-26 14:36:41 PRE_SEND_RELOCATE round=72 {'token_id': 1, 'src': 8, 'dst': 7, 'reason': 'duplicate_or_inactive_location'}
2026-05-26 14:36:41.041 | INFO     | __main__:<module>:281 - 2026-05-26 14:36:41 ROUND=72 start token_locations=[8, 7] active_clients=[0, 1, 2, 3, 4, 5, 6, 7, 8, 9]
2026-05-26 14:36:41.060 | INFO     | utils.ConnectHandler_server:send:28 - sending data (19735898 bytes) to client#8...
2026-05-26 14:36:42.685 | INFO     | utils.ConnectHandler_server:send:34 - sending data (19735898 bytes) to client#8 completely
2026-05-26 14:36:42.685 | INFO     | __main__:<module>:325 - 2026-05-26 14:36:42 SEND round=72 token=0 cid=8 payload_mb=18.822 duration=1.635s
2026-05-26 14:36:42.704 | INFO     | utils.ConnectHandler_server:send:28 - sending data (19729801 bytes) to client#7...
2026-05-26 14:36:44.392 | INFO     | utils.ConnectHandler_server:send:34 - sending data (19729801 bytes) to client#7 completely
2026-05-26 14:36:44.392 | INFO     | __main__:<module>:325 - 2026-05-26 14:36:44 SEND round=72 token=1 cid=7 payload_mb=18.816 duration=1.698s
2026-05-26 14:39:07.512 | INFO     | utils.ConnectHandler_server:receive:71 - 19697437bytes data to be received from client#7

  0%|          | 0/19697437 [00:00<?, ?iteration/s]
  6%|▌         | 1171432/19697437 [00:00<00:01, 11694033.97iteration/s]
 12%|█▏        | 2341416/19697437 [00:00<00:01, 11692946.91iteration/s]
 18%|█▊        | 3512848/19697437 [00:00<00:01, 11683586.77iteration/s]
 24%|██▍       | 4682832/19697437 [00:00<00:01, 11671633.49iteration/s]
 30%|██▉       | 5858608/19697437 [00:00<00:01, 11689526.35iteration/s]
 36%|███▌      | 7035832/19697437 [00:00<00:01, 11702931.47iteration/s]
 42%|████▏     | 8214504/19697437 [00:00<00:00, 11720587.18iteration/s]
 48%|████▊     | 9394624/19697437 [00:00<00:00, 11728700.05iteration/s]
 54%|█████▎    | 10568952/19697437 [00:00<00:00, 11730067.01iteration/s]
 60%|█████▉    | 11750520/19697437 [00:01<00:00, 11732575.29iteration/s]
 66%|██████▌   | 12933536/19697437 [00:01<00:00, 11743673.80iteration/s]
 72%|███████▏  | 14116552/19697437 [00:01<00:00, 11743871.16iteration/s]
 78%|███████▊  | 15298120/19697437 [00:01<00:00, 11735424.99iteration/s]
 84%|████████▎ | 16485480/19697437 [00:01<00:00, 11740289.01iteration/s]
 90%|████████▉ | 17665600/19697437 [00:01<00:00, 11733843.68iteration/s]
 96%|█████████▌| 18845720/19697437 [00:01<00:00, 11740597.40iteration/s]2026-05-26 14:39:09.195 | INFO     | utils.ConnectHandler_server:receive:80 - receive completed

100%|██████████| 19697437/19697437 [00:01<00:00, 11664503.03iteration/s]
2026-05-26 14:39:09.211 | INFO     | __main__:<module>:345 - 2026-05-26 14:39:09 RECV round=72 token=1 cid=7 train_duration=142.71337056159973 battery=113302.27J
2026-05-26 14:39:09.211 | INFO     | utils.ConnectHandler_server:send:28 - sending data (59 bytes) to client#7...
2026-05-26 14:39:09.211 | INFO     | utils.ConnectHandler_server:send:34 - sending data (59 bytes) to client#7 completely
2026-05-26 14:40:29.506 | INFO     | utils.ConnectHandler_server:receive:71 - 19697437bytes data to be received from client#8

  0%|          | 0/19697437 [00:00<?, ?iteration/s]
  6%|▌         | 1167088/19697437 [00:00<00:01, 11647786.06iteration/s]
 12%|█▏        | 2335624/19697437 [00:00<00:01, 11667326.35iteration/s]
 18%|█▊        | 3505608/19697437 [00:00<00:01, 11649934.93iteration/s]
 24%|██▎       | 4671248/19697437 [00:00<00:01, 11636341.90iteration/s]
 30%|██▉       | 5849920/19697437 [00:00<00:01, 11674721.04iteration/s]
 36%|███▌      | 7024248/19697437 [00:00<00:01, 11697403.70iteration/s]
 42%|████▏     | 8200024/19697437 [00:00<00:00, 11715484.89iteration/s]
 48%|████▊     | 9383040/19697437 [00:00<00:00, 11730093.99iteration/s]
 54%|█████▎    | 10561712/19697437 [00:00<00:00, 11731794.39iteration/s]
 60%|█████▉    | 11741832/19697437 [00:01<00:00, 11730055.62iteration/s]
 66%|██████▌   | 12921952/19697437 [00:01<00:00, 11733389.53iteration/s]
 72%|███████▏  | 14100624/19697437 [00:01<00:00, 11731211.03iteration/s]
 78%|███████▊  | 15280744/19697437 [00:01<00:00, 11724435.34iteration/s]
 84%|████████▎ | 16462312/19697437 [00:01<00:00, 11732693.52iteration/s]
 90%|████████▉ | 17642432/19697437 [00:01<00:00, 11730819.36iteration/s]
 96%|█████████▌| 18816760/19697437 [00:01<00:00, 11719640.04iteration/s]2026-05-26 14:40:31.189 | INFO     | utils.ConnectHandler_server:receive:80 - receive completed

100%|██████████| 19697437/19697437 [00:01<00:00, 11657430.66iteration/s]
2026-05-26 14:40:31.206 | INFO     | __main__:<module>:345 - 2026-05-26 14:40:31 RECV round=72 token=0 cid=8 train_duration=226.06044602394104 battery=97086.57J
2026-05-26 14:40:31.206 | INFO     | utils.ConnectHandler_server:send:28 - sending data (59 bytes) to client#8...
2026-05-26 14:40:31.206 | INFO     | utils.ConnectHandler_server:send:34 - sending data (59 bytes) to client#8 completely
2026-05-26 14:40:34.101 | INFO     | __main__:<module>:482 - 2026-05-26 14:40:34 ROUND=72 end avg_acc=52.1550 best_acc=57.5350 duration=232.99s comm_mb=75.201 locations_after=[7, 4] checkpoint=logs_real/autorl_real_server/checkpoints/autorl_dfl_mm_seed1/checkpoint.pt
2026-05-26 14:40:34.101 | INFO     | __main__:<module>:281 - 2026-05-26 14:40:34 ROUND=73 start token_locations=[7, 4] active_clients=[0, 1, 2, 3, 4, 5, 6, 7, 8, 9]
2026-05-26 14:40:34.124 | INFO     | utils.ConnectHandler_server:send:28 - sending data (19729801 bytes) to client#7...
2026-05-26 14:40:35.745 | INFO     | utils.ConnectHandler_server:send:34 - sending data (19729801 bytes) to client#7 completely
2026-05-26 14:40:35.745 | INFO     | __main__:<module>:325 - 2026-05-26 14:40:35 SEND round=73 token=0 cid=7 payload_mb=18.816 duration=1.635s
2026-05-26 14:40:35.765 | INFO     | utils.ConnectHandler_server:send:28 - sending data (19699835 bytes) to client#4...
2026-05-26 14:40:37.429 | INFO     | utils.ConnectHandler_server:send:34 - sending data (19699835 bytes) to client#4 completely
2026-05-26 14:40:37.429 | INFO     | __main__:<module>:325 - 2026-05-26 14:40:37 SEND round=73 token=1 cid=4 payload_mb=18.787 duration=1.675s
2026-05-26 14:42:04.351 | INFO     | utils.ConnectHandler_server:receive:71 - 19696959bytes data to be received from client#4

  0%|          | 0/19696959 [00:00<?, ?iteration/s]
  6%|▌         | 1177224/19696959 [00:00<00:01, 11753476.15iteration/s]
 12%|█▏        | 2354448/19696959 [00:00<00:01, 11756455.72iteration/s]
 18%|█▊        | 3531672/19696959 [00:00<00:01, 11756641.44iteration/s]
 24%|██▍       | 4707448/19696959 [00:00<00:01, 11754024.98iteration/s]
 30%|██▉       | 5886120/19696959 [00:00<00:01, 11754903.64iteration/s]
 36%|███▌      | 7064792/19696959 [00:00<00:01, 11761770.52iteration/s]
 42%|████▏     | 8242016/19696959 [00:00<00:00, 11756533.07iteration/s]
 48%|████▊     | 9425032/19696959 [00:00<00:00, 11760244.90iteration/s]
 54%|█████▍    | 10605152/19696959 [00:00<00:00, 11751024.51iteration/s]
 60%|█████▉    | 11786720/19696959 [00:01<00:00, 11762663.52iteration/s]
 66%|██████▌   | 12972632/19696959 [00:01<00:00, 11760424.49iteration/s]
 72%|███████▏  | 14149856/19696959 [00:01<00:00, 11753289.18iteration/s]
 78%|███████▊  | 15331424/19696959 [00:01<00:00, 11760601.47iteration/s]
 84%|████████▍ | 16517336/19696959 [00:01<00:00, 11760584.35iteration/s]
 90%|████████▉ | 17706144/19696959 [00:01<00:00, 11757256.72iteration/s]
 96%|█████████▌| 18893504/19696959 [00:01<00:00, 11761969.58iteration/s]2026-05-26 14:42:06.027 | INFO     | utils.ConnectHandler_server:receive:80 - receive completed

100%|██████████| 19696959/19696959 [00:01<00:00, 11706485.65iteration/s]
2026-05-26 14:42:06.049 | INFO     | __main__:<module>:345 - 2026-05-26 14:42:06 RECV round=73 token=1 cid=4 train_duration=86.18644046783447 battery=138609.91J
2026-05-26 14:42:06.049 | INFO     | utils.ConnectHandler_server:send:28 - sending data (59 bytes) to client#4...
2026-05-26 14:42:06.049 | INFO     | utils.ConnectHandler_server:send:34 - sending data (59 bytes) to client#4 completely
2026-05-26 14:44:30.101 | INFO     | utils.ConnectHandler_server:receive:71 - 19697437bytes data to be received from client#7

  0%|          | 0/19697437 [00:00<?, ?iteration/s]
  6%|▌         | 1168536/19697437 [00:00<00:01, 11672930.93iteration/s]
 12%|█▏        | 2337072/19697437 [00:00<00:01, 11663682.22iteration/s]
 18%|█▊        | 3505608/19697437 [00:00<00:01, 11653449.59iteration/s]
 24%|██▎       | 4671248/19697437 [00:00<00:01, 11627061.80iteration/s]
 30%|██▉       | 5849920/19697437 [00:00<00:01, 11671070.36iteration/s]
 36%|███▌      | 7024248/19697437 [00:00<00:01, 11679056.92iteration/s]
 42%|████▏     | 8202920/19697437 [00:00<00:00, 11697088.89iteration/s]
 48%|████▊     | 9380144/19697437 [00:00<00:00, 11717660.24iteration/s]
 54%|█████▎    | 10557368/19697437 [00:00<00:00, 11713128.53iteration/s]
 60%|█████▉    | 11730248/19697437 [00:01<00:00, 11713829.65iteration/s]
 66%|██████▌   | 12913264/19697437 [00:01<00:00, 11722686.42iteration/s]
 72%|███████▏  | 14091936/19697437 [00:01<00:00, 11723062.85iteration/s]
 78%|███████▊  | 15276400/19697437 [00:01<00:00, 11730969.80iteration/s]
 84%|████████▎ | 16457968/19697437 [00:01<00:00, 11732776.37iteration/s]
 90%|████████▉ | 17638088/19697437 [00:01<00:00, 11723793.24iteration/s]
 96%|█████████▌| 18812416/19697437 [00:01<00:00, 11728981.13iteration/s]2026-05-26 14:44:31.785 | INFO     | utils.ConnectHandler_server:receive:80 - receive completed

100%|██████████| 19697437/19697437 [00:01<00:00, 11653536.87iteration/s]
2026-05-26 14:44:31.801 | INFO     | __main__:<module>:345 - 2026-05-26 14:44:31 RECV round=73 token=0 cid=7 train_duration=233.88976907730103 battery=109702.54J
2026-05-26 14:44:31.801 | INFO     | utils.ConnectHandler_server:send:28 - sending data (59 bytes) to client#7...
2026-05-26 14:44:31.801 | INFO     | utils.ConnectHandler_server:send:34 - sending data (59 bytes) to client#7 completely
2026-05-26 14:44:34.702 | INFO     | __main__:<module>:482 - 2026-05-26 14:44:34 ROUND=73 end avg_acc=48.9500 best_acc=57.5350 duration=240.52s comm_mb=75.167 locations_after=[6, 3] checkpoint=logs_real/autorl_real_server/checkpoints/autorl_dfl_mm_seed1/checkpoint.pt
2026-05-26 14:44:34.703 | INFO     | __main__:<module>:281 - 2026-05-26 14:44:34 ROUND=74 start token_locations=[6, 3] active_clients=[0, 1, 2, 3, 4, 5, 6, 7, 8, 9]
2026-05-26 14:44:34.721 | INFO     | utils.ConnectHandler_server:send:28 - sending data (19699830 bytes) to client#6...
2026-05-26 14:44:36.370 | INFO     | utils.ConnectHandler_server:send:34 - sending data (19699830 bytes) to client#6 completely
2026-05-26 14:44:36.370 | INFO     | __main__:<module>:325 - 2026-05-26 14:44:36 SEND round=74 token=0 cid=6 payload_mb=18.787 duration=1.659s
2026-05-26 14:44:36.389 | INFO     | utils.ConnectHandler_server:send:28 - sending data (19699835 bytes) to client#3...
2026-05-26 14:44:38.052 | INFO     | utils.ConnectHandler_server:send:34 - sending data (19699835 bytes) to client#3 completely
2026-05-26 14:44:38.052 | INFO     | __main__:<module>:325 - 2026-05-26 14:44:38 SEND round=74 token=1 cid=3 payload_mb=18.787 duration=1.672s
2026-05-26 14:46:01.574 | INFO     | utils.ConnectHandler_server:receive:71 - 19696979bytes data to be received from client#3

  0%|          | 0/19696979 [00:00<?, ?iteration/s]
  6%|▌         | 1172880/19696979 [00:00<00:01, 11720400.15iteration/s]
 12%|█▏        | 2348656/19696979 [00:00<00:01, 11738081.26iteration/s]
 18%|█▊        | 3525880/19696979 [00:00<00:01, 11749701.64iteration/s]
 24%|██▍       | 4704552/19696979 [00:00<00:01, 11725734.75iteration/s]
 30%|██▉       | 5880328/19696979 [00:00<00:01, 11732962.81iteration/s]
 36%|███▌      | 7061896/19696979 [00:00<00:01, 11743991.74iteration/s]
 42%|████▏     | 8242016/19696979 [00:00<00:00, 11752118.64iteration/s]
 48%|████▊     | 9420688/19696979 [00:00<00:00, 11749987.53iteration/s]
 54%|█████▍    | 10602256/19696979 [00:00<00:00, 11751133.62iteration/s]
 60%|█████▉    | 11783824/19696979 [00:01<00:00, 11748905.65iteration/s]
 66%|██████▌   | 12969736/19696979 [00:01<00:00, 11754379.04iteration/s]
 72%|███████▏  | 14146960/19696979 [00:01<00:00, 11756652.14iteration/s]
 78%|███████▊  | 15328528/19696979 [00:01<00:00, 11747767.58iteration/s]
 84%|████████▍ | 16514440/19696979 [00:01<00:00, 11761720.83iteration/s]
 90%|████████▉ | 17703248/19696979 [00:01<00:00, 11756161.57iteration/s]
 96%|█████████▌| 18892056/19696979 [00:01<00:00, 11761190.51iteration/s]2026-05-26 14:46:03.252 | INFO     | utils.ConnectHandler_server:receive:80 - receive completed

100%|██████████| 19696979/19696979 [00:01<00:00, 11696107.74iteration/s]
2026-05-26 14:46:03.267 | INFO     | __main__:<module>:345 - 2026-05-26 14:46:03 RECV round=74 token=1 cid=3 train_duration=82.89222049713135 battery=137426.22J
2026-05-26 14:46:03.267 | INFO     | utils.ConnectHandler_server:send:28 - sending data (59 bytes) to client#3...
2026-05-26 14:46:03.267 | INFO     | utils.ConnectHandler_server:send:34 - sending data (59 bytes) to client#3 completely


nohup: 忽略输入
2026-05-26 15:25:02.537 | INFO     | __main__:<module>:212 - Starting AutoRL real server device=cuda:0 dataset=cifar10 model=resnet8 beta=0.1 users=10 token_count=2 seed=1
2026-05-26 15:25:03.685 | INFO     | __main__:<module>:255 - Resumed AutoRL server from checkpoint=logs_real/autorl_real_server/checkpoints/autorl_dfl_mm_seed1/checkpoint.pt start_round=74
2026-05-26 15:25:03.685 | INFO     | __main__:<module>:259 - Token locations at start_round=74: [6, 3] waiting_clients=10
2026-05-26 15:25:03.685 | DEBUG    | utils.ConnectHandler_server:__init__:141 - server boot...
2026-05-26 15:25:03.685 | DEBUG    | utils.ConnectHandler_server:register:120 - waiting clients to connect...
2026-05-26 15:25:25.363 | DEBUG    | utils.ConnectHandler_server:register:125 - client addr:('192.0.2.121', 52600) connected
2026-05-26 15:25:25.366 | INFO     | utils.ConnectHandler_server:receive:71 - 18bytes data to be received from client#('192.0.2.121', 52600)
Files already downloaded and verified
Files already downloaded and verified

═════════════════════════ 数据分配最终审计 ═════════════════════════
✅ ID 0 (Nano  ) | 样本:  2000 | 类别:  5/10 | 不均衡度: 466.3
✅ ID 1 (Nano  ) | 样本:  2000 | 类别:  6/10 | 不均衡度: 235.2
✅ ID 2 (Nano  ) | 样本:  2000 | 类别:  3/10 | 不均衡度: 587.1
✅ ID 3 (Nano  ) | 样本:  2000 | 类别:  5/10 | 不均衡度: 445.1
✅ ID 4 (Nano  ) | 样本:  2000 | 类别:  5/10 | 不均衡度: 567.5
✅ ID 5 (Nano  ) | 样本:  2000 | 类别:  4/10 | 不均衡度: 539.8
✅ ID 6 (Nano  ) | 样本:  2000 | 类别:  4/10 | 不均衡度: 437.7
✅ ID 7 (Xavier) | 样本: 12000 | 类别:  5/10 | 不均衡度: 1819.2
✅ ID 8 (Xavier) | 样本: 14032 | 类别:  6/10 | 不均衡度: 1954.3
✅ ID 9 (Orin  ) | 样本:  9968 | 类别:  7/10 | 不均衡度: 1561.5
Total samples: 50000/50000
══════════════════════════════════════════════════════════════════


  0%|          | 0/18 [00:00<?, ?iteration/s]2026-05-26 15:25:25.371 | INFO     | utils.ConnectHandler_server:receive:80 - receive completed

100%|██████████| 18/18 [00:00<00:00, 34223.70iteration/s]
2026-05-26 15:25:25.372 | INFO     | utils.ConnectHandler_server:register:128 - receive msg from client#0
2026-05-26 15:25:25.372 | DEBUG    | utils.ConnectHandler_server:register:131 - client#0 registered
2026-05-26 15:25:25.668 | DEBUG    | utils.ConnectHandler_server:register:125 - client addr:('192.0.2.231', 39306) connected
2026-05-26 15:25:25.670 | INFO     | utils.ConnectHandler_server:receive:71 - 18bytes data to be received from client#('192.0.2.231', 39306)

  0%|          | 0/18 [00:00<?, ?iteration/s]2026-05-26 15:25:25.671 | INFO     | utils.ConnectHandler_server:receive:80 - receive completed

100%|██████████| 18/18 [00:00<00:00, 38053.16iteration/s]
2026-05-26 15:25:25.671 | INFO     | utils.ConnectHandler_server:register:128 - receive msg from client#2
2026-05-26 15:25:25.672 | DEBUG    | utils.ConnectHandler_server:register:131 - client#2 registered
2026-05-26 15:25:29.853 | DEBUG    | utils.ConnectHandler_server:register:125 - client addr:('192.0.2.161', 41522) connected
2026-05-26 15:25:29.855 | INFO     | utils.ConnectHandler_server:receive:71 - 18bytes data to be received from client#('192.0.2.161', 41522)

  0%|          | 0/18 [00:00<?, ?iteration/s]2026-05-26 15:25:29.856 | INFO     | utils.ConnectHandler_server:receive:80 - receive completed

100%|██████████| 18/18 [00:00<00:00, 37729.87iteration/s]
2026-05-26 15:25:29.856 | INFO     | utils.ConnectHandler_server:register:128 - receive msg from client#4
2026-05-26 15:25:29.857 | DEBUG    | utils.ConnectHandler_server:register:131 - client#4 registered
2026-05-26 15:25:29.857 | DEBUG    | utils.ConnectHandler_server:register:125 - client addr:('192.0.2.7', 36784) connected
2026-05-26 15:25:29.858 | INFO     | utils.ConnectHandler_server:receive:71 - 18bytes data to be received from client#('192.0.2.7', 36784)

  0%|          | 0/18 [00:00<?, ?iteration/s]2026-05-26 15:25:29.858 | INFO     | utils.ConnectHandler_server:receive:80 - receive completed

100%|██████████| 18/18 [00:00<00:00, 40179.60iteration/s]
2026-05-26 15:25:29.859 | INFO     | utils.ConnectHandler_server:register:128 - receive msg from client#3
2026-05-26 15:25:29.859 | DEBUG    | utils.ConnectHandler_server:register:131 - client#3 registered
2026-05-26 15:25:32.221 | DEBUG    | utils.ConnectHandler_server:register:125 - client addr:('192.0.2.237', 49306) connected
2026-05-26 15:25:32.224 | INFO     | utils.ConnectHandler_server:receive:71 - 18bytes data to be received from client#('192.0.2.237', 49306)

  0%|          | 0/18 [00:00<?, ?iteration/s]2026-05-26 15:25:32.225 | INFO     | utils.ConnectHandler_server:receive:80 - receive completed

100%|██████████| 18/18 [00:00<00:00, 23388.31iteration/s]
2026-05-26 15:25:32.226 | INFO     | utils.ConnectHandler_server:register:128 - receive msg from client#1
2026-05-26 15:25:32.226 | DEBUG    | utils.ConnectHandler_server:register:131 - client#1 registered
2026-05-26 15:25:34.001 | DEBUG    | utils.ConnectHandler_server:register:125 - client addr:('192.0.2.239', 51660) connected
2026-05-26 15:25:34.003 | INFO     | utils.ConnectHandler_server:receive:71 - 18bytes data to be received from client#('192.0.2.239', 51660)

  0%|          | 0/18 [00:00<?, ?iteration/s]2026-05-26 15:25:34.004 | INFO     | utils.ConnectHandler_server:receive:80 - receive completed

100%|██████████| 18/18 [00:00<00:00, 38538.78iteration/s]
2026-05-26 15:25:34.005 | INFO     | utils.ConnectHandler_server:register:128 - receive msg from client#5
2026-05-26 15:25:34.005 | DEBUG    | utils.ConnectHandler_server:register:131 - client#5 registered
2026-05-26 15:25:41.819 | DEBUG    | utils.ConnectHandler_server:register:125 - client addr:('192.0.2.243', 33690) connected
2026-05-26 15:25:41.821 | INFO     | utils.ConnectHandler_server:receive:71 - 18bytes data to be received from client#('192.0.2.243', 33690)

  0%|          | 0/18 [00:00<?, ?iteration/s]2026-05-26 15:25:41.822 | INFO     | utils.ConnectHandler_server:receive:80 - receive completed

100%|██████████| 18/18 [00:00<00:00, 37319.56iteration/s]
2026-05-26 15:25:41.823 | INFO     | utils.ConnectHandler_server:register:128 - receive msg from client#7
2026-05-26 15:25:41.824 | DEBUG    | utils.ConnectHandler_server:register:131 - client#7 registered
2026-05-26 15:25:47.815 | DEBUG    | utils.ConnectHandler_server:register:125 - client addr:('192.0.2.19', 34334) connected
2026-05-26 15:25:47.815 | INFO     | utils.ConnectHandler_server:receive:71 - 22bytes data to be received from client#('192.0.2.19', 34334)

  0%|          | 0/22 [00:00<?, ?iteration/s]2026-05-26 15:25:47.816 | INFO     | utils.ConnectHandler_server:receive:80 - receive completed

100%|██████████| 22/22 [00:00<00:00, 47078.92iteration/s]
2026-05-26 15:25:47.817 | INFO     | utils.ConnectHandler_server:register:128 - receive msg from client#9
2026-05-26 15:25:47.817 | DEBUG    | utils.ConnectHandler_server:register:131 - client#9 registered
2026-05-26 15:25:49.665 | DEBUG    | utils.ConnectHandler_server:register:125 - client addr:('192.0.2.142', 33568) connected
2026-05-26 15:25:49.667 | INFO     | utils.ConnectHandler_server:receive:71 - 18bytes data to be received from client#('192.0.2.142', 33568)

  0%|          | 0/18 [00:00<?, ?iteration/s]2026-05-26 15:25:49.668 | INFO     | utils.ConnectHandler_server:receive:80 - receive completed

100%|██████████| 18/18 [00:00<00:00, 38072.35iteration/s]
2026-05-26 15:25:49.669 | INFO     | utils.ConnectHandler_server:register:128 - receive msg from client#6
2026-05-26 15:25:49.670 | DEBUG    | utils.ConnectHandler_server:register:131 - client#6 registered
2026-05-26 15:25:50.414 | DEBUG    | utils.ConnectHandler_server:register:125 - client addr:('192.0.2.198', 59286) connected
2026-05-26 15:25:50.419 | INFO     | utils.ConnectHandler_server:receive:71 - 18bytes data to be received from client#('192.0.2.198', 59286)

  0%|          | 0/18 [00:00<?, ?iteration/s]2026-05-26 15:25:50.420 | INFO     | utils.ConnectHandler_server:receive:80 - receive completed

100%|██████████| 18/18 [00:00<00:00, 14705.39iteration/s]
2026-05-26 15:25:50.421 | INFO     | utils.ConnectHandler_server:register:128 - receive msg from client#8
2026-05-26 15:25:50.422 | DEBUG    | utils.ConnectHandler_server:register:131 - client#8 registered
2026-05-26 15:25:50.422 | DEBUG    | utils.ConnectHandler_server:register:135 - all clients are ready
2026-05-26 15:25:50.423 | INFO     | __main__:<module>:281 - 2026-05-26 15:25:50 ROUND=74 start token_locations=[6, 3] active_clients=[0, 1, 2, 3, 4, 5, 6, 7, 8, 9]
2026-05-26 15:25:50.448 | INFO     | utils.ConnectHandler_server:send:28 - sending data (19700002 bytes) to client#6...
2026-05-26 15:25:52.116 | INFO     | utils.ConnectHandler_server:send:34 - sending data (19700002 bytes) to client#6 completely
2026-05-26 15:25:52.116 | INFO     | __main__:<module>:325 - 2026-05-26 15:25:52 SEND round=74 token=0 cid=6 payload_mb=18.787 duration=1.678s
2026-05-26 15:25:52.135 | INFO     | utils.ConnectHandler_server:send:28 - sending data (19700011 bytes) to client#3...
2026-05-26 15:25:53.800 | INFO     | utils.ConnectHandler_server:send:34 - sending data (19700011 bytes) to client#3 completely
2026-05-26 15:25:53.800 | INFO     | __main__:<module>:325 - 2026-05-26 15:25:53 SEND round=74 token=1 cid=3 payload_mb=18.787 duration=1.675s
2026-05-26 15:27:36.541 | INFO     | utils.ConnectHandler_server:receive:71 - 19697039bytes data to be received from client#3

  0%|          | 0/19697039 [00:00<?, ?iteration/s]
  6%|▌         | 1175776/19697039 [00:00<00:01, 11733070.31iteration/s]
 12%|█▏        | 2351552/19697039 [00:00<00:01, 11743243.49iteration/s]
 18%|█▊        | 3528776/19697039 [00:00<00:01, 11750867.86iteration/s]
 24%|██▍       | 4707448/19697039 [00:00<00:01, 11751420.86iteration/s]
 30%|██▉       | 5887568/19697039 [00:00<00:01, 11749346.69iteration/s]
 36%|███▌      | 7064792/19697039 [00:00<00:01, 11743864.48iteration/s]
 42%|████▏     | 8247808/19697039 [00:00<00:00, 11753052.58iteration/s]
 48%|████▊     | 9426480/19697039 [00:00<00:00, 11752349.28iteration/s]
 54%|█████▍    | 10603704/19697039 [00:00<00:00, 11754221.10iteration/s]
 60%|█████▉    | 11779480/19697039 [00:01<00:00, 11748349.86iteration/s]
 66%|██████▌   | 12956704/19697039 [00:01<00:00, 11750071.78iteration/s]
 72%|███████▏  | 14136824/19697039 [00:01<00:00, 11750993.65iteration/s]
 78%|███████▊  | 15315496/19697039 [00:01<00:00, 11756104.02iteration/s]
 84%|████████▎ | 16491272/19697039 [00:01<00:00, 11750203.54iteration/s]
 90%|████████▉ | 17669944/19697039 [00:01<00:00, 11753067.16iteration/s]
 96%|█████████▌| 18845720/19697039 [00:01<00:00, 11747637.58iteration/s]2026-05-26 15:27:38.219 | INFO     | utils.ConnectHandler_server:receive:80 - receive completed

100%|██████████| 19697039/19697039 [00:01<00:00, 11688278.34iteration/s]
2026-05-26 15:27:38.238 | INFO     | __main__:<module>:345 - 2026-05-26 15:27:38 RECV round=74 token=1 cid=3 train_duration=93.18394303321838 battery=137338.42J
2026-05-26 15:27:38.238 | INFO     | utils.ConnectHandler_server:send:28 - sending data (59 bytes) to client#3...
2026-05-26 15:27:38.238 | INFO     | utils.ConnectHandler_server:send:34 - sending data (59 bytes) to client#3 completely
2026-05-26 15:27:55.475 | INFO     | utils.ConnectHandler_server:receive:71 - 19697037bytes data to be received from client#6

  0%|          | 0/19697037 [00:00<?, ?iteration/s]
  6%|▌         | 1169984/19697037 [00:00<00:01, 11695083.12iteration/s]
 12%|█▏        | 2345760/19697037 [00:00<00:01, 11727035.53iteration/s]
 18%|█▊        | 3524432/19697037 [00:00<00:01, 11746627.46iteration/s]
 24%|██▍       | 4700208/19697037 [00:00<00:01, 11739616.44iteration/s]
 30%|██▉       | 5878880/19697037 [00:00<00:01, 11747558.93iteration/s]
 36%|███▌      | 7054656/19697037 [00:00<00:01, 11748173.39iteration/s]
 42%|████▏     | 8233328/19697037 [00:00<00:00, 11750637.50iteration/s]
 48%|████▊     | 9414896/19697037 [00:00<00:00, 11747899.73iteration/s]
 54%|█████▍    | 10593568/19697037 [00:00<00:00, 11749378.25iteration/s]
 60%|█████▉    | 11775136/19697037 [00:01<00:00, 11754672.04iteration/s]
 66%|██████▌   | 12956704/19697037 [00:01<00:00, 11748850.94iteration/s]
 72%|███████▏  | 14136824/19697037 [00:01<00:00, 11757962.80iteration/s]
 78%|███████▊  | 15318392/19697037 [00:01<00:00, 11750560.82iteration/s]
 84%|████████▍ | 16505752/19697037 [00:01<00:00, 11751184.91iteration/s]
 90%|████████▉ | 17690216/19697037 [00:01<00:00, 11754063.05iteration/s]
 96%|█████████▌| 18870336/19697037 [00:01<00:00, 11753689.27iteration/s]2026-05-26 15:27:57.153 | INFO     | utils.ConnectHandler_server:receive:80 - receive completed

100%|██████████| 19697037/19697037 [00:01<00:00, 11691031.11iteration/s]
2026-05-26 15:27:57.174 | INFO     | __main__:<module>:345 - 2026-05-26 15:27:57 RECV round=74 token=0 cid=6 train_duration=111.20998549461365 battery=139508.29J
2026-05-26 15:27:57.174 | INFO     | utils.ConnectHandler_server:send:28 - sending data (59 bytes) to client#6...
2026-05-26 15:27:57.174 | INFO     | utils.ConnectHandler_server:send:34 - sending data (59 bytes) to client#6 completely
2026-05-26 15:28:01.077 | INFO     | __main__:<module>:482 - 2026-05-26 15:28:00 ROUND=74 end avg_acc=38.0850 best_acc=57.5350 duration=130.57s comm_mb=75.139 locations_after=[5, 8] checkpoint=logs_real/autorl_real_server/checkpoints/autorl_dfl_mm_seed1/checkpoint.pt
2026-05-26 15:28:01.077 | INFO     | __main__:<module>:281 - 2026-05-26 15:28:01 ROUND=75 start token_locations=[5, 8] active_clients=[0, 1, 2, 3, 4, 5, 6, 7, 8, 9]
2026-05-26 15:28:01.119 | INFO     | utils.ConnectHandler_server:send:28 - sending data (19700002 bytes) to client#5...
2026-05-26 15:28:02.764 | INFO     | utils.ConnectHandler_server:send:34 - sending data (19700002 bytes) to client#5 completely
2026-05-26 15:28:02.765 | INFO     | __main__:<module>:325 - 2026-05-26 15:28:02 SEND round=75 token=0 cid=5 payload_mb=18.787 duration=1.668s
2026-05-26 15:28:02.810 | INFO     | utils.ConnectHandler_server:send:28 - sending data (19736074 bytes) to client#8...
2026-05-26 15:28:04.408 | INFO     | utils.ConnectHandler_server:send:34 - sending data (19736074 bytes) to client#8 completely
2026-05-26 15:28:04.409 | INFO     | __main__:<module>:325 - 2026-05-26 15:28:04 SEND round=75 token=1 cid=8 payload_mb=18.822 duration=1.622s
2026-05-26 15:30:50.471 | INFO     | utils.ConnectHandler_server:receive:71 - 19697043bytes data to be received from client#5

  0%|          | 0/19697043 [00:00<?, ?iteration/s]
  6%|▌         | 1177224/19697043 [00:00<00:01, 11756190.63iteration/s]
 12%|█▏        | 2353000/19697043 [00:00<00:01, 11753446.04iteration/s]
 18%|█▊        | 3530224/19697043 [00:00<00:01, 11753204.20iteration/s]
 24%|██▍       | 4711792/19697043 [00:00<00:01, 11757408.00iteration/s]
 30%|██▉       | 5890464/19697043 [00:00<00:01, 11755694.75iteration/s]
 36%|███▌      | 7070584/19697043 [00:00<00:01, 11756074.57iteration/s]
 42%|████▏     | 8249256/19697043 [00:00<00:00, 11751158.80iteration/s]
 48%|████▊     | 9429376/19697043 [00:00<00:00, 11752194.29iteration/s]
 54%|█████▍    | 10606600/19697043 [00:00<00:00, 11753144.77iteration/s]
 60%|█████▉    | 11785272/19697043 [00:01<00:00, 11745830.80iteration/s]
 66%|██████▌   | 12971184/19697043 [00:01<00:00, 11755043.49iteration/s]
 72%|███████▏  | 14151304/19697043 [00:01<00:00, 11752881.87iteration/s]
 78%|███████▊  | 15329976/19697043 [00:01<00:00, 11752721.22iteration/s]
 84%|████████▍ | 16512992/19697043 [00:01<00:00, 11743623.37iteration/s]
 90%|████████▉ | 17696008/19697043 [00:01<00:00, 11757086.05iteration/s]
 96%|█████████▌| 18871784/19697043 [00:01<00:00, 11749326.00iteration/s]2026-05-26 15:30:52.149 | INFO     | utils.ConnectHandler_server:receive:80 - receive completed

100%|██████████| 19697043/19697043 [00:01<00:00, 11691084.30iteration/s]
2026-05-26 15:30:52.165 | INFO     | __main__:<module>:345 - 2026-05-26 15:30:52 RECV round=75 token=0 cid=5 train_duration=157.6862645149231 battery=128877.77J
2026-05-26 15:30:52.165 | INFO     | utils.ConnectHandler_server:send:28 - sending data (59 bytes) to client#5...
2026-05-26 15:30:52.165 | INFO     | utils.ConnectHandler_server:send:34 - sending data (59 bytes) to client#5 completely
2026-05-26 15:32:05.045 | INFO     | utils.ConnectHandler_server:receive:71 - 19697437bytes data to be received from client#8

  0%|          | 0/19697437 [00:00<?, ?iteration/s]
  6%|▌         | 1164192/19697437 [00:00<00:01, 11625356.32iteration/s]
 12%|█▏        | 2337072/19697437 [00:00<00:01, 11680135.39iteration/s]
 18%|█▊        | 3509952/19697437 [00:00<00:01, 11688804.18iteration/s]
 24%|██▍       | 4681384/19697437 [00:00<00:01, 11693121.13iteration/s]
 30%|██▉       | 5854264/19697437 [00:00<00:01, 11699617.53iteration/s]
 36%|███▌      | 7031488/19697437 [00:00<00:01, 11715265.78iteration/s]
 42%|████▏     | 8210160/19697437 [00:00<00:00, 11724508.35iteration/s]
 48%|████▊     | 9390280/19697437 [00:00<00:00, 11739261.82iteration/s]
 54%|█████▎    | 10568952/19697437 [00:00<00:00, 11743826.41iteration/s]
 60%|█████▉    | 11753416/19697437 [00:01<00:00, 11734633.47iteration/s]
 66%|██████▌   | 12932088/19697437 [00:01<00:00, 11730103.55iteration/s]
 72%|███████▏  | 14107864/19697437 [00:01<00:00, 11724036.21iteration/s]
 78%|███████▊  | 15290880/19697437 [00:01<00:00, 11733081.48iteration/s]
 84%|████████▎ | 16471000/19697437 [00:01<00:00, 11728616.87iteration/s]
 90%|████████▉ | 17646776/19697437 [00:01<00:00, 11724102.49iteration/s]
 96%|█████████▌| 18826896/19697437 [00:01<00:00, 11729614.84iteration/s]2026-05-26 15:32:06.726 | INFO     | utils.ConnectHandler_server:receive:80 - receive completed

100%|██████████| 19697437/19697437 [00:01<00:00, 11668689.26iteration/s]
2026-05-26 15:32:06.741 | INFO     | __main__:<module>:345 - 2026-05-26 15:32:06 RECV round=75 token=1 cid=8 train_duration=233.68503665924072 battery=93489.99J
2026-05-26 15:32:06.742 | INFO     | utils.ConnectHandler_server:send:28 - sending data (59 bytes) to client#8...
2026-05-26 15:32:06.742 | INFO     | utils.ConnectHandler_server:send:34 - sending data (59 bytes) to client#8 completely
2026-05-26 15:32:09.578 | INFO     | __main__:<module>:482 - 2026-05-26 15:32:09 ROUND=75 end avg_acc=48.7000 best_acc=57.5350 duration=248.42s comm_mb=75.173 locations_after=[2, 7] checkpoint=logs_real/autorl_real_server/checkpoints/autorl_dfl_mm_seed1/checkpoint.pt
2026-05-26 15:32:09.578 | INFO     | __main__:<module>:281 - 2026-05-26 15:32:09 ROUND=76 start token_locations=[2, 7] active_clients=[0, 1, 2, 3, 4, 5, 6, 7, 8, 9]
2026-05-26 15:32:09.596 | INFO     | utils.ConnectHandler_server:send:28 - sending data (19700002 bytes) to client#2...
2026-05-26 15:32:11.259 | INFO     | utils.ConnectHandler_server:send:34 - sending data (19700002 bytes) to client#2 completely
2026-05-26 15:32:11.259 | INFO     | __main__:<module>:325 - 2026-05-26 15:32:11 SEND round=76 token=0 cid=2 payload_mb=18.787 duration=1.672s
2026-05-26 15:32:11.278 | INFO     | utils.ConnectHandler_server:send:28 - sending data (19729977 bytes) to client#7...
2026-05-26 15:32:12.937 | INFO     | utils.ConnectHandler_server:send:34 - sending data (19729977 bytes) to client#7 completely
2026-05-26 15:32:12.937 | INFO     | __main__:<module>:325 - 2026-05-26 15:32:12 SEND round=76 token=1 cid=7 payload_mb=18.816 duration=1.669s
2026-05-26 15:33:51.717 | INFO     | utils.ConnectHandler_server:receive:71 - 19697049bytes data to be received from client#2

  0%|          | 0/19697049 [00:00<?, ?iteration/s]
  6%|▌         | 1178672/19697049 [00:00<00:01, 11761130.04iteration/s]
 12%|█▏        | 2355896/19697049 [00:00<00:01, 11761551.84iteration/s]
 18%|█▊        | 3534568/19697049 [00:00<00:01, 11738053.26iteration/s]
 24%|██▍       | 4711792/19697049 [00:00<00:01, 11738592.58iteration/s]
 30%|██▉       | 5891912/19697049 [00:00<00:01, 11751597.46iteration/s]
 36%|███▌      | 7069136/19697049 [00:00<00:01, 11741848.68iteration/s]
 42%|████▏     | 8252152/19697049 [00:00<00:00, 11751539.20iteration/s]
 48%|████▊     | 9427928/19697049 [00:00<00:00, 11750804.84iteration/s]
 54%|█████▍    | 10609496/19697049 [00:00<00:00, 11751634.19iteration/s]
 60%|█████▉    | 11788168/19697049 [00:01<00:00, 11747159.11iteration/s]
 66%|██████▌   | 12969736/19697049 [00:01<00:00, 11749095.98iteration/s]
 72%|███████▏  | 14148408/19697049 [00:01<00:00, 11750280.51iteration/s]
 78%|███████▊  | 15332872/19697049 [00:01<00:00, 11756723.01iteration/s]
 84%|████████▍ | 16508648/19697049 [00:01<00:00, 11751437.23iteration/s]
 90%|████████▉ | 17694560/19697049 [00:01<00:00, 11750973.50iteration/s]
 96%|█████████▌| 18879024/19697049 [00:01<00:00, 11752647.19iteration/s]2026-05-26 15:33:53.395 | INFO     | utils.ConnectHandler_server:receive:80 - receive completed

100%|██████████| 19697049/19697049 [00:01<00:00, 11695950.60iteration/s]
2026-05-26 15:33:53.410 | INFO     | __main__:<module>:345 - 2026-05-26 15:33:53 RECV round=76 token=0 cid=2 train_duration=93.03241467475891 battery=137811.20J
2026-05-26 15:33:53.410 | INFO     | utils.ConnectHandler_server:send:28 - sending data (59 bytes) to client#2...
2026-05-26 15:33:53.411 | INFO     | utils.ConnectHandler_server:send:34 - sending data (59 bytes) to client#2 completely
2026-05-26 15:35:27.946 | INFO     | utils.ConnectHandler_server:receive:71 - 19697437bytes data to be received from client#7

  0%|          | 0/19697437 [00:00<?, ?iteration/s]
  6%|▌         | 1172880/19697437 [00:00<00:01, 11726937.92iteration/s]
 12%|█▏        | 2348656/19697437 [00:00<00:01, 11722273.09iteration/s]
 18%|█▊        | 3521536/19697437 [00:00<00:01, 11681428.73iteration/s]
 24%|██▍       | 4691520/19697437 [00:00<00:01, 11657521.74iteration/s]
 30%|██▉       | 5861504/19697437 [00:00<00:01, 11667923.51iteration/s]
 36%|███▌      | 7040176/19697437 [00:00<00:01, 11699216.55iteration/s]
 42%|████▏     | 8214504/19697437 [00:00<00:00, 11704899.73iteration/s]
 48%|████▊     | 9388832/19697437 [00:00<00:00, 11714682.95iteration/s]
 54%|█████▎    | 10564608/19697437 [00:00<00:00, 11720587.32iteration/s]
 60%|█████▉    | 11737488/19697437 [00:01<00:00, 11714969.02iteration/s]
 66%|██████▌   | 12917608/19697437 [00:01<00:00, 11725450.58iteration/s]
 72%|███████▏  | 14096280/19697437 [00:01<00:00, 11719674.81iteration/s]
 78%|███████▊  | 15272056/19697437 [00:01<00:00, 11721331.25iteration/s]
 84%|████████▎ | 16455072/19697437 [00:01<00:00, 11733203.74iteration/s]
 90%|████████▉ | 17636640/19697437 [00:01<00:00, 11722573.79iteration/s]
 96%|█████████▌| 18815312/19697437 [00:01<00:00, 11720061.45iteration/s]2026-05-26 15:35:29.629 | INFO     | utils.ConnectHandler_server:receive:80 - receive completed

100%|██████████| 19697437/19697437 [00:01<00:00, 11660495.89iteration/s]
2026-05-26 15:35:29.644 | INFO     | __main__:<module>:345 - 2026-05-26 15:35:29 RECV round=76 token=1 cid=7 train_duration=191.1423614025116 battery=106760.73J
2026-05-26 15:35:29.644 | INFO     | utils.ConnectHandler_server:send:28 - sending data (59 bytes) to client#7...
2026-05-26 15:35:29.644 | INFO     | utils.ConnectHandler_server:send:34 - sending data (59 bytes) to client#7 completely
2026-05-26 15:35:32.475 | INFO     | __main__:<module>:482 - 2026-05-26 15:35:32 ROUND=76 end avg_acc=37.1050 best_acc=57.5350 duration=202.81s comm_mb=75.167 locations_after=[1, 6] checkpoint=logs_real/autorl_real_server/checkpoints/autorl_dfl_mm_seed1/checkpoint.pt
2026-05-26 15:35:32.475 | INFO     | __main__:<module>:281 - 2026-05-26 15:35:32 ROUND=77 start token_locations=[1, 6] active_clients=[0, 1, 2, 3, 4, 5, 6, 7, 8, 9]
2026-05-26 15:35:32.499 | INFO     | utils.ConnectHandler_server:send:28 - sending data (19700001 bytes) to client#1...
2026-05-26 15:35:34.132 | INFO     | utils.ConnectHandler_server:send:34 - sending data (19700001 bytes) to client#1 completely
2026-05-26 15:35:34.132 | INFO     | __main__:<module>:325 - 2026-05-26 15:35:34 SEND round=77 token=0 cid=1 payload_mb=18.787 duration=1.643s
2026-05-26 15:35:34.151 | INFO     | utils.ConnectHandler_server:send:28 - sending data (19700006 bytes) to client#6...
2026-05-26 15:35:35.809 | INFO     | utils.ConnectHandler_server:send:34 - sending data (19700006 bytes) to client#6 completely
2026-05-26 15:35:35.810 | INFO     | __main__:<module>:325 - 2026-05-26 15:35:35 SEND round=77 token=1 cid=6 payload_mb=18.787 duration=1.668s
2026-05-26 15:37:12.620 | INFO     | utils.ConnectHandler_server:receive:71 - 19696951bytes data to be received from client#6

  0%|          | 0/19696951 [00:00<?, ?iteration/s]
  6%|▌         | 1174328/19696951 [00:00<00:01, 11718230.40iteration/s]
 12%|█▏        | 2351552/19696951 [00:00<00:01, 11745190.20iteration/s]
 18%|█▊        | 3527328/19696951 [00:00<00:01, 11747786.93iteration/s]
 24%|██▍       | 4703104/19696951 [00:00<00:01, 11735828.86iteration/s]
 30%|██▉       | 5878880/19696951 [00:00<00:01, 11734330.58iteration/s]
 36%|███▌      | 7059000/19696951 [00:00<00:01, 11745021.33iteration/s]
 42%|████▏     | 8236224/19696951 [00:00<00:00, 11747263.16iteration/s]
 48%|████▊     | 9412000/19696951 [00:00<00:00, 11746134.53iteration/s]
 54%|█████▍    | 10592120/19696951 [00:00<00:00, 11752290.17iteration/s]
 60%|█████▉    | 11770792/19696951 [00:01<00:00, 11757557.86iteration/s]
 66%|██████▌   | 12946568/19696951 [00:01<00:00, 11755969.76iteration/s]
 72%|███████▏  | 14122344/19696951 [00:01<00:00, 11755248.17iteration/s]
 78%|███████▊  | 15306808/19696951 [00:01<00:00, 11750264.41iteration/s]
 84%|████████▎ | 16482584/19696951 [00:01<00:00, 11751876.19iteration/s]
 90%|████████▉ | 17667048/19696951 [00:01<00:00, 11752853.50iteration/s]
 96%|█████████▌| 18842824/19696951 [00:01<00:00, 11751335.81iteration/s]2026-05-26 15:37:14.297 | INFO     | utils.ConnectHandler_server:receive:80 - receive completed

100%|██████████| 19696951/19696951 [00:01<00:00, 11698408.11iteration/s]
2026-05-26 15:37:14.313 | INFO     | __main__:<module>:345 - 2026-05-26 15:37:14 RECV round=77 token=1 cid=6 train_duration=96.09067130088806 battery=138688.59J
2026-05-26 15:37:14.313 | INFO     | utils.ConnectHandler_server:send:28 - sending data (59 bytes) to client#6...
2026-05-26 15:37:14.313 | INFO     | utils.ConnectHandler_server:send:34 - sending data (59 bytes) to client#6 completely
2026-05-26 15:37:50.551 | INFO     | utils.ConnectHandler_server:receive:71 - 19697043bytes data to be received from client#1

  0%|          | 0/19697043 [00:00<?, ?iteration/s]
  6%|▌         | 1099032/19697043 [00:00<00:01, 10978996.28iteration/s]
 12%|█▏        | 2276256/19697043 [00:00<00:01, 11436632.68iteration/s]
 18%|█▊        | 3453480/19697043 [00:00<00:01, 11584376.97iteration/s]
 24%|██▎       | 4629256/19697043 [00:00<00:01, 11645128.32iteration/s]
 29%|██▉       | 5807928/19697043 [00:00<00:01, 11680455.04iteration/s]
 35%|███▌      | 6986600/19697043 [00:00<00:01, 11707401.28iteration/s]
 41%|████▏     | 8168168/19697043 [00:00<00:00, 11725512.27iteration/s]
 47%|████▋     | 9343944/19697043 [00:00<00:00, 11731806.68iteration/s]
 53%|█████▎    | 10519720/19697043 [00:00<00:00, 11735264.73iteration/s]
 59%|█████▉    | 11701288/19697043 [00:01<00:00, 11740392.93iteration/s]
 65%|██████▌   | 12878512/19697043 [00:01<00:00, 11747137.29iteration/s]
 71%|███████▏  | 14060080/19697043 [00:01<00:00, 11750107.42iteration/s]
 77%|███████▋  | 15235856/19697043 [00:01<00:00, 11750857.28iteration/s]
 83%|████████▎ | 16418872/19697043 [00:01<00:00, 11732934.55iteration/s]
 89%|████████▉ | 17594648/19697043 [00:01<00:00, 11735108.41iteration/s]
 95%|█████████▌| 18783456/19697043 [00:01<00:00, 11744516.64iteration/s]2026-05-26 15:37:52.235 | INFO     | utils.ConnectHandler_server:receive:80 - receive completed

100%|██████████| 19697043/19697043 [00:01<00:00, 11649847.98iteration/s]
2026-05-26 15:37:52.250 | INFO     | __main__:<module>:345 - 2026-05-26 15:37:52 RECV round=77 token=0 cid=1 train_duration=122.66112661361694 battery=132701.42J
2026-05-26 15:37:52.251 | INFO     | utils.ConnectHandler_server:send:28 - sending data (59 bytes) to client#1...
2026-05-26 15:37:52.251 | INFO     | utils.ConnectHandler_server:send:34 - sending data (59 bytes) to client#1 completely
2026-05-26 15:37:55.063 | INFO     | __main__:<module>:482 - 2026-05-26 15:37:54 ROUND=77 end avg_acc=38.3750 best_acc=57.5350 duration=142.50s comm_mb=75.139 locations_after=[3, 5] checkpoint=logs_real/autorl_real_server/checkpoints/autorl_dfl_mm_seed1/checkpoint.pt
2026-05-26 15:37:55.063 | INFO     | __main__:<module>:281 - 2026-05-26 15:37:55 ROUND=78 start token_locations=[3, 5] active_clients=[0, 1, 2, 3, 4, 5, 6, 7, 8, 9]
2026-05-26 15:37:55.080 | INFO     | utils.ConnectHandler_server:send:28 - sending data (19700007 bytes) to client#3...
2026-05-26 15:37:56.704 | INFO     | utils.ConnectHandler_server:send:34 - sending data (19700007 bytes) to client#3 completely
2026-05-26 15:37:56.704 | INFO     | __main__:<module>:325 - 2026-05-26 15:37:56 SEND round=78 token=0 cid=3 payload_mb=18.787 duration=1.633s
2026-05-26 15:37:56.721 | INFO     | utils.ConnectHandler_server:send:28 - sending data (19700006 bytes) to client#5...
2026-05-26 15:37:58.401 | INFO     | utils.ConnectHandler_server:send:34 - sending data (19700006 bytes) to client#5 completely
2026-05-26 15:37:58.401 | INFO     | __main__:<module>:325 - 2026-05-26 15:37:58 SEND round=78 token=1 cid=5 payload_mb=18.787 duration=1.690s
2026-05-26 15:39:20.857 | INFO     | utils.ConnectHandler_server:receive:71 - 19696937bytes data to be received from client#3

  0%|          | 0/19696937 [00:00<?, ?iteration/s]
  6%|▌         | 1158400/19696937 [00:00<00:01, 11561435.61iteration/s]
 12%|█▏        | 2334176/19696937 [00:00<00:01, 11672270.81iteration/s]
 18%|█▊        | 3511400/19696937 [00:00<00:01, 11715332.42iteration/s]
 24%|██▍       | 4685728/19696937 [00:00<00:01, 11721413.32iteration/s]
 30%|██▉       | 5867296/19696937 [00:00<00:01, 11742727.39iteration/s]
 36%|███▌      | 7044520/19696937 [00:00<00:01, 11750014.25iteration/s]
 42%|████▏     | 8224640/19696937 [00:00<00:00, 11741089.71iteration/s]
 48%|████▊     | 9407656/19696937 [00:00<00:00, 11753098.77iteration/s]
 54%|█████▍    | 10590672/19696937 [00:00<00:00, 11753224.95iteration/s]
 60%|█████▉    | 11769344/19696937 [00:01<00:00, 11751800.91iteration/s]
 66%|██████▌   | 12952360/19696937 [00:01<00:00, 11754080.61iteration/s]
 72%|███████▏  | 14135376/19696937 [00:01<00:00, 11756236.88iteration/s]
 78%|███████▊  | 15312600/19696937 [00:01<00:00, 11758337.73iteration/s]
 84%|████████▍ | 16504304/19696937 [00:01<00:00, 11764080.90iteration/s]
 90%|████████▉ | 17684424/19696937 [00:01<00:00, 11763869.18iteration/s]
 96%|█████████▌| 18868888/19696937 [00:01<00:00, 11757310.67iteration/s]2026-05-26 15:39:22.535 | INFO     | utils.ConnectHandler_server:receive:80 - receive completed

100%|██████████| 19696937/19696937 [00:01<00:00, 11691014.77iteration/s]
2026-05-26 15:39:22.550 | INFO     | __main__:<module>:345 - 2026-05-26 15:39:22 RECV round=78 token=0 cid=3 train_duration=83.41646265983582 battery=136626.84J
2026-05-26 15:39:22.551 | INFO     | utils.ConnectHandler_server:send:28 - sending data (59 bytes) to client#3...
2026-05-26 15:39:22.551 | INFO     | utils.ConnectHandler_server:send:34 - sending data (59 bytes) to client#3 completely
2026-05-26 15:40:07.317 | INFO     | utils.ConnectHandler_server:receive:71 - 19696957bytes data to be received from client#5

  0%|          | 0/19696957 [00:00<?, ?iteration/s]
  6%|▌         | 1175776/19696957 [00:00<00:01, 11733851.98iteration/s]
 12%|█▏        | 2353000/19696957 [00:00<00:01, 11750279.19iteration/s]
 18%|█▊        | 3530224/19696957 [00:00<00:01, 11754166.93iteration/s]
 24%|██▍       | 4710344/19696957 [00:00<00:01, 11753788.42iteration/s]
 30%|██▉       | 5890464/19696957 [00:00<00:01, 11754677.82iteration/s]
 36%|███▌      | 7067688/19696957 [00:00<00:01, 11754954.00iteration/s]
 42%|████▏     | 8244912/19696957 [00:00<00:00, 11750486.36iteration/s]
 48%|████▊     | 9427928/19696957 [00:00<00:00, 11760537.45iteration/s]
 54%|█████▍    | 10606600/19696957 [00:00<00:00, 11757244.41iteration/s]
 60%|█████▉    | 11786720/19696957 [00:01<00:00, 11757257.19iteration/s]
 66%|██████▌   | 12968288/19696957 [00:01<00:00, 11753033.03iteration/s]
 72%|███████▏  | 14157096/19696957 [00:01<00:00, 11760685.29iteration/s]
 78%|███████▊  | 15337216/19696957 [00:01<00:00, 11763384.59iteration/s]
 84%|████████▍ | 16518784/19696957 [00:01<00:00, 11753915.17iteration/s]
 90%|████████▉ | 17698904/19696957 [00:01<00:00, 11755367.06iteration/s]
 96%|█████████▌| 18876128/19696957 [00:01<00:00, 11759203.89iteration/s]2026-05-26 15:40:08.994 | INFO     | utils.ConnectHandler_server:receive:80 - receive completed

100%|██████████| 19696957/19696957 [00:01<00:00, 11704076.38iteration/s]
2026-05-26 15:40:09.009 | INFO     | __main__:<module>:345 - 2026-05-26 15:40:08 RECV round=78 token=1 cid=5 train_duration=128.24505162239075 battery=127783.77J
2026-05-26 15:40:09.009 | INFO     | utils.ConnectHandler_server:send:28 - sending data (59 bytes) to client#5...
2026-05-26 15:40:09.009 | INFO     | utils.ConnectHandler_server:send:34 - sending data (59 bytes) to client#5 completely
2026-05-26 15:40:11.816 | INFO     | __main__:<module>:482 - 2026-05-26 15:40:11 ROUND=78 end avg_acc=31.1850 best_acc=57.5350 duration=136.67s comm_mb=75.139 locations_after=[1, 5] checkpoint=logs_real/autorl_real_server/checkpoints/autorl_dfl_mm_seed1/checkpoint.pt
2026-05-26 15:40:11.816 | INFO     | __main__:<module>:281 - 2026-05-26 15:40:11 ROUND=79 start token_locations=[1, 5] active_clients=[0, 1, 2, 3, 4, 5, 6, 7, 8, 9]
2026-05-26 15:40:11.832 | INFO     | utils.ConnectHandler_server:send:28 - sending data (19700001 bytes) to client#1...
2026-05-26 15:40:13.454 | INFO     | utils.ConnectHandler_server:send:34 - sending data (19700001 bytes) to client#1 completely
2026-05-26 15:40:13.454 | INFO     | __main__:<module>:325 - 2026-05-26 15:40:13 SEND round=79 token=0 cid=1 payload_mb=18.787 duration=1.631s
2026-05-26 15:40:13.471 | INFO     | utils.ConnectHandler_server:send:28 - sending data (19700006 bytes) to client#5...
2026-05-26 15:40:15.156 | INFO     | utils.ConnectHandler_server:send:34 - sending data (19700006 bytes) to client#5 completely
2026-05-26 15:40:15.157 | INFO     | __main__:<module>:325 - 2026-05-26 15:40:15 SEND round=79 token=1 cid=5 payload_mb=18.787 duration=1.694s
2026-05-26 15:42:04.003 | INFO     | utils.ConnectHandler_server:receive:71 - 19696941bytes data to be received from client#1

  0%|          | 0/19696941 [00:00<?, ?iteration/s]
  6%|▌         | 1172880/19696941 [00:00<00:01, 11703085.21iteration/s]
 12%|█▏        | 2350104/19696941 [00:00<00:01, 11737270.95iteration/s]
 18%|█▊        | 3527328/19696941 [00:00<00:01, 11750457.30iteration/s]
 24%|██▍       | 4706000/19696941 [00:00<00:01, 11748909.62iteration/s]
 30%|██▉       | 5883224/19696941 [00:00<00:01, 11745485.85iteration/s]
 36%|███▌      | 7063344/19696941 [00:00<00:01, 11755212.87iteration/s]
 42%|████▏     | 8243464/19696941 [00:00<00:00, 11755918.62iteration/s]
 48%|████▊     | 9419240/19696941 [00:00<00:00, 11752304.88iteration/s]
 54%|█████▍    | 10599360/19696941 [00:00<00:00, 11760769.80iteration/s]
 60%|█████▉    | 11780928/19696941 [00:01<00:00, 11763227.60iteration/s]
 66%|██████▌   | 12961048/19696941 [00:01<00:00, 11763983.80iteration/s]
 72%|███████▏  | 14145512/19696941 [00:01<00:00, 11755153.23iteration/s]
 78%|███████▊  | 15331424/19696941 [00:01<00:00, 11761367.88iteration/s]
 84%|████████▍ | 16511544/19696941 [00:01<00:00, 11759875.14iteration/s]
 90%|████████▉ | 17691664/19696941 [00:01<00:00, 11757757.92iteration/s]
 96%|█████████▌| 18880472/19696941 [00:01<00:00, 11757308.09iteration/s]2026-05-26 15:42:05.680 | INFO     | utils.ConnectHandler_server:receive:80 - receive completed

100%|██████████| 19696941/19696941 [00:01<00:00, 11700648.83iteration/s]
2026-05-26 15:42:05.701 | INFO     | __main__:<module>:345 - 2026-05-26 15:42:05 RECV round=79 token=0 cid=1 train_duration=109.47045183181763 battery=131767.58J
2026-05-26 15:42:05.701 | INFO     | utils.ConnectHandler_server:send:28 - sending data (59 bytes) to client#1...
2026-05-26 15:42:05.701 | INFO     | utils.ConnectHandler_server:send:34 - sending data (59 bytes) to client#1 completely
2026-05-26 15:42:31.652 | INFO     | utils.ConnectHandler_server:receive:71 - 19696973bytes data to be received from client#5

  0%|          | 0/19696973 [00:00<?, ?iteration/s]
  6%|▌         | 1177224/19696973 [00:00<00:01, 11743105.55iteration/s]
 12%|█▏        | 2354448/19696973 [00:00<00:01, 11757267.55iteration/s]
 18%|█▊        | 3530224/19696973 [00:00<00:01, 11756678.79iteration/s]
 24%|██▍       | 4706000/19696973 [00:00<00:01, 11751824.95iteration/s]
 30%|██▉       | 5883224/19696973 [00:00<00:01, 11756055.08iteration/s]
 36%|███▌      | 7063344/19696973 [00:00<00:01, 11761146.89iteration/s]
 42%|████▏     | 8240568/19696973 [00:00<00:00, 11757970.84iteration/s]
 48%|████▊     | 9422136/19696973 [00:00<00:00, 11754206.86iteration/s]
 54%|█████▍    | 10603704/19696973 [00:00<00:00, 11756109.83iteration/s]
 60%|█████▉    | 11783824/19696973 [00:01<00:00, 11762132.06iteration/s]
 66%|██████▌   | 12962496/19696973 [00:01<00:00, 11761372.01iteration/s]
 72%|███████▏  | 14145512/19696973 [00:01<00:00, 11760619.90iteration/s]
 78%|███████▊  | 15328528/19696973 [00:01<00:00, 11756388.76iteration/s]
 84%|████████▍ | 16508648/19696973 [00:01<00:00, 11764697.44iteration/s]
 90%|████████▉ | 17690216/19696973 [00:01<00:00, 11750062.29iteration/s]
 96%|█████████▌| 18880472/19696973 [00:01<00:00, 11753385.44iteration/s]2026-05-26 15:42:33.328 | INFO     | utils.ConnectHandler_server:receive:80 - receive completed

100%|██████████| 19696973/19696973 [00:01<00:00, 11704586.66iteration/s]
2026-05-26 15:42:33.344 | INFO     | __main__:<module>:345 - 2026-05-26 15:42:33 RECV round=79 token=1 cid=5 train_duration=135.8490719795227 battery=126624.91J
2026-05-26 15:42:33.344 | INFO     | utils.ConnectHandler_server:send:28 - sending data (59 bytes) to client#5...
2026-05-26 15:42:33.344 | INFO     | utils.ConnectHandler_server:send:34 - sending data (59 bytes) to client#5 completely
2026-05-26 15:42:36.184 | INFO     | __main__:<module>:482 - 2026-05-26 15:42:36 ROUND=79 end avg_acc=36.3650 best_acc=57.5350 duration=144.26s comm_mb=75.139 locations_after=[1, 2] checkpoint=logs_real/autorl_real_server/checkpoints/autorl_dfl_mm_seed1/checkpoint.pt
2026-05-26 15:42:36.184 | INFO     | __main__:<module>:281 - 2026-05-26 15:42:36 ROUND=80 start token_locations=[1, 2] active_clients=[0, 1, 2, 3, 4, 5, 6, 7, 8, 9]
2026-05-26 15:42:36.202 | INFO     | utils.ConnectHandler_server:send:28 - sending data (19700001 bytes) to client#1...
2026-05-26 15:42:37.852 | INFO     | utils.ConnectHandler_server:send:34 - sending data (19700001 bytes) to client#1 completely
2026-05-26 15:42:37.852 | INFO     | __main__:<module>:325 - 2026-05-26 15:42:37 SEND round=80 token=0 cid=1 payload_mb=18.787 duration=1.660s
2026-05-26 15:42:37.871 | INFO     | utils.ConnectHandler_server:send:28 - sending data (19700006 bytes) to client#2...
2026-05-26 15:42:39.549 | INFO     | utils.ConnectHandler_server:send:34 - sending data (19700006 bytes) to client#2 completely
2026-05-26 15:42:39.549 | INFO     | __main__:<module>:325 - 2026-05-26 15:42:39 SEND round=80 token=1 cid=2 payload_mb=18.787 duration=1.688s
2026-05-26 15:44:07.478 | INFO     | utils.ConnectHandler_server:receive:71 - 19696957bytes data to be received from client#2

  0%|          | 0/19696957 [00:00<?, ?iteration/s]
  6%|▌         | 1171432/19696957 [00:00<00:01, 11703253.78iteration/s]
 12%|█▏        | 2342864/19696957 [00:00<00:01, 11705992.86iteration/s]
 18%|█▊        | 3520088/19696957 [00:00<00:01, 11733031.23iteration/s]
 24%|██▍       | 4698760/19696957 [00:00<00:01, 11739124.35iteration/s]
 30%|██▉       | 5875984/19696957 [00:00<00:01, 11744390.15iteration/s]
 36%|███▌      | 7056104/19696957 [00:00<00:01, 11747811.63iteration/s]
 42%|████▏     | 8236224/19696957 [00:00<00:00, 11748300.17iteration/s]
 48%|████▊     | 9419240/19696957 [00:00<00:00, 11758385.35iteration/s]
 54%|█████▍    | 10605152/19696957 [00:00<00:00, 11760763.55iteration/s]
 60%|█████▉    | 11786720/19696957 [00:01<00:00, 11749711.36iteration/s]
 66%|██████▌   | 12963944/19696957 [00:01<00:00, 11753592.51iteration/s]
 72%|███████▏  | 14144064/19696957 [00:01<00:00, 11755055.29iteration/s]
 78%|███████▊  | 15325632/19696957 [00:01<00:00, 11757418.73iteration/s]
 84%|████████▍ | 16508648/19696957 [00:01<00:00, 11756418.99iteration/s]
 90%|████████▉ | 17690216/19696957 [00:01<00:00, 11752037.26iteration/s]
 96%|█████████▌| 18871784/19696957 [00:01<00:00, 11755031.29iteration/s]2026-05-26 15:44:09.156 | INFO     | utils.ConnectHandler_server:receive:80 - receive completed

100%|██████████| 19696957/19696957 [00:01<00:00, 11699003.08iteration/s]
2026-05-26 15:44:09.171 | INFO     | __main__:<module>:345 - 2026-05-26 15:44:09 RECV round=80 token=1 cid=2 train_duration=87.212473154068 battery=137067.23J
2026-05-26 15:44:09.171 | INFO     | utils.ConnectHandler_server:send:28 - sending data (59 bytes) to client#2...
2026-05-26 15:44:09.171 | INFO     | utils.ConnectHandler_server:send:34 - sending data (59 bytes) to client#2 completely
2026-05-26 15:44:28.410 | INFO     | utils.ConnectHandler_server:receive:71 - 19696979bytes data to be received from client#1

  0%|          | 0/19696979 [00:00<?, ?iteration/s]
  6%|▌         | 1171432/19696979 [00:00<00:01, 11695397.92iteration/s]
 12%|█▏        | 2348656/19696979 [00:00<00:01, 11732600.49iteration/s]
 18%|█▊        | 3525880/19696979 [00:00<00:01, 11744649.23iteration/s]
 24%|██▍       | 4706000/19696979 [00:00<00:01, 11744858.36iteration/s]
 30%|██▉       | 5886120/19696979 [00:00<00:01, 11749957.27iteration/s]
 36%|███▌      | 7064792/19696979 [00:00<00:01, 11757888.91iteration/s]
 42%|████▏     | 8242016/19696979 [00:00<00:00, 11755139.52iteration/s]
 48%|████▊     | 9423584/19696979 [00:00<00:00, 11757021.14iteration/s]
 54%|█████▍    | 10603704/19696979 [00:00<00:00, 11752956.34iteration/s]
 60%|█████▉    | 11785272/19696979 [00:01<00:00, 11756238.23iteration/s]
 66%|██████▌   | 12971184/19696979 [00:01<00:00, 11760539.79iteration/s]
 72%|███████▏  | 14159992/19696979 [00:01<00:00, 11760124.83iteration/s]
 78%|███████▊  | 15338664/19696979 [00:01<00:00, 11760521.30iteration/s]
 84%|████████▍ | 16515888/19696979 [00:01<00:00, 11759554.22iteration/s]
 90%|████████▉ | 17701800/19696979 [00:01<00:00, 11759904.17iteration/s]
 96%|█████████▌| 18880472/19696979 [00:01<00:00, 11755123.95iteration/s]2026-05-26 15:44:30.087 | INFO     | utils.ConnectHandler_server:receive:80 - receive completed

100%|██████████| 19696979/19696979 [00:01<00:00, 11698722.92iteration/s]
2026-05-26 15:44:30.103 | INFO     | __main__:<module>:345 - 2026-05-26 15:44:30 RECV round=80 token=0 cid=1 train_duration=109.49679160118103 battery=130833.52J
2026-05-26 15:44:30.103 | INFO     | utils.ConnectHandler_server:send:28 - sending data (59 bytes) to client#1...
2026-05-26 15:44:30.103 | INFO     | utils.ConnectHandler_server:send:34 - sending data (59 bytes) to client#1 completely
2026-05-26 15:44:32.973 | INFO     | __main__:<module>:482 - 2026-05-26 15:44:32 ROUND=80 end avg_acc=31.5500 best_acc=57.5350 duration=116.71s comm_mb=75.139 locations_after=[7, 1] checkpoint=logs_real/autorl_real_server/checkpoints/autorl_dfl_mm_seed1/checkpoint.pt
2026-05-26 15:44:32.973 | INFO     | __main__:<module>:281 - 2026-05-26 15:44:32 ROUND=81 start token_locations=[7, 1] active_clients=[0, 1, 2, 3, 4, 5, 6, 7, 8, 9]
2026-05-26 15:44:32.990 | INFO     | utils.ConnectHandler_server:send:28 - sending data (19729973 bytes) to client#7...
2026-05-26 15:44:34.639 | INFO     | utils.ConnectHandler_server:send:34 - sending data (19729973 bytes) to client#7 completely
2026-05-26 15:44:34.639 | INFO     | __main__:<module>:325 - 2026-05-26 15:44:34 SEND round=81 token=0 cid=7 payload_mb=18.816 duration=1.658s
2026-05-26 15:44:34.656 | INFO     | utils.ConnectHandler_server:send:28 - sending data (19700005 bytes) to client#1...
2026-05-26 15:44:36.294 | INFO     | utils.ConnectHandler_server:send:34 - sending data (19700005 bytes) to client#1 completely
2026-05-26 15:44:36.295 | INFO     | __main__:<module>:325 - 2026-05-26 15:44:36 SEND round=81 token=1 cid=1 payload_mb=18.787 duration=1.647s
2026-05-26 15:46:26.770 | INFO     | utils.ConnectHandler_server:receive:71 - 19696957bytes data to be received from client#1

  0%|          | 0/19696957 [00:00<?, ?iteration/s]
  6%|▌         | 1171432/19696957 [00:00<00:01, 11696678.65iteration/s]
 12%|█▏        | 2348656/19696957 [00:00<00:01, 11733655.55iteration/s]
 18%|█▊        | 3524432/19696957 [00:00<00:01, 11738389.43iteration/s]
 24%|██▍       | 4701656/19696957 [00:00<00:01, 11744313.75iteration/s]
 30%|██▉       | 5878880/19696957 [00:00<00:01, 11753299.10iteration/s]
 36%|███▌      | 7056104/19696957 [00:00<00:01, 11750609.75iteration/s]
 42%|████▏     | 8236224/19696957 [00:00<00:00, 11756800.74iteration/s]
 48%|████▊     | 9413448/19696957 [00:00<00:00, 11761071.37iteration/s]
 54%|█████▍    | 10597912/19696957 [00:00<00:00, 11756141.98iteration/s]
 60%|█████▉    | 11775136/19696957 [00:01<00:00, 11756320.92iteration/s]
 66%|██████▌   | 12958152/19696957 [00:01<00:00, 11761413.91iteration/s]
 72%|███████▏  | 14138272/19696957 [00:01<00:00, 11757251.77iteration/s]
 78%|███████▊  | 15322736/19696957 [00:01<00:00, 11754294.09iteration/s]
 84%|████████▍ | 16511544/19696957 [00:01<00:00, 11757769.20iteration/s]
 90%|████████▉ | 17688768/19696957 [00:01<00:00, 11761945.82iteration/s]
 96%|█████████▌| 18876128/19696957 [00:01<00:00, 11760662.26iteration/s]2026-05-26 15:46:28.447 | INFO     | utils.ConnectHandler_server:receive:80 - receive completed

100%|██████████| 19696957/19696957 [00:01<00:00, 11703157.85iteration/s]
2026-05-26 15:46:28.462 | INFO     | __main__:<module>:345 - 2026-05-26 15:46:28 RECV round=81 token=1 cid=1 train_duration=109.53132557868958 battery=129899.16J
2026-05-26 15:46:28.462 | INFO     | utils.ConnectHandler_server:send:28 - sending data (59 bytes) to client#1...
2026-05-26 15:46:28.462 | INFO     | utils.ConnectHandler_server:send:34 - sending data (59 bytes) to client#1 completely
2026-05-26 15:46:37.490 | INFO     | utils.ConnectHandler_server:receive:71 - 19697437bytes data to be received from client#7

  0%|          | 0/19697437 [00:00<?, ?iteration/s]
  6%|▌         | 1171432/19697437 [00:00<00:01, 11701247.02iteration/s]
 12%|█▏        | 2342864/19697437 [00:00<00:01, 11689849.13iteration/s]
 18%|█▊        | 3514296/19697437 [00:00<00:01, 11672139.62iteration/s]
 24%|██▍       | 4682832/19697437 [00:00<00:01, 11653568.42iteration/s]
 30%|██▉       | 5849920/19697437 [00:00<00:01, 11657769.11iteration/s]
 36%|███▌      | 7028592/19697437 [00:00<00:01, 11690277.55iteration/s]
 42%|████▏     | 8202920/19697437 [00:00<00:00, 11703232.75iteration/s]
 48%|████▊     | 9380144/19697437 [00:00<00:00, 11723926.69iteration/s]
 54%|█████▎    | 10555920/19697437 [00:00<00:00, 11725590.82iteration/s]
 60%|█████▉    | 11733144/19697437 [00:01<00:00, 11732008.33iteration/s]
 66%|██████▌   | 12916160/19697437 [00:01<00:00, 11736234.25iteration/s]
 72%|███████▏  | 14100624/19697437 [00:01<00:00, 11740228.90iteration/s]
 78%|███████▊  | 15286536/19697437 [00:01<00:00, 11738332.81iteration/s]
 84%|████████▎ | 16468104/19697437 [00:01<00:00, 11725340.98iteration/s]
 90%|████████▉ | 17654016/19697437 [00:01<00:00, 11724546.26iteration/s]
 96%|█████████▌| 18834136/19697437 [00:01<00:00, 11725761.38iteration/s]2026-05-26 15:46:39.173 | INFO     | utils.ConnectHandler_server:receive:80 - receive completed

100%|██████████| 19697437/19697437 [00:01<00:00, 11659636.88iteration/s]
2026-05-26 15:46:39.188 | INFO     | __main__:<module>:345 - 2026-05-26 15:46:39 RECV round=81 token=0 cid=7 train_duration=122.43416333198547 battery=104876.38J
2026-05-26 15:46:39.188 | INFO     | utils.ConnectHandler_server:send:28 - sending data (59 bytes) to client#7...
2026-05-26 15:46:39.188 | INFO     | utils.ConnectHandler_server:send:34 - sending data (59 bytes) to client#7 completely
2026-05-26 15:46:41.991 | INFO     | __main__:<module>:482 - 2026-05-26 15:46:41 ROUND=81 end avg_acc=40.5850 best_acc=57.5350 duration=128.94s comm_mb=75.167 locations_after=[7, 7] checkpoint=logs_real/autorl_real_server/checkpoints/autorl_dfl_mm_seed1/checkpoint.pt
2026-05-26 15:46:42.005 | INFO     | __main__:aggregate_collided_tokens:99 - 2026-05-26 15:46:42 AGG_COLLISION cid=7 tokens=[0, 1]
2026-05-26 15:46:42.006 | INFO     | __main__:<module>:279 - 2026-05-26 15:46:42 PRE_SEND_RELOCATE round=82 {'token_id': 1, 'src': 7, 'dst': 8, 'reason': 'duplicate_or_inactive_location'}
2026-05-26 15:46:42.006 | INFO     | __main__:<module>:281 - 2026-05-26 15:46:41 ROUND=82 start token_locations=[7, 8] active_clients=[0, 1, 2, 3, 4, 5, 6, 7, 8, 9]
2026-05-26 15:46:42.024 | INFO     | utils.ConnectHandler_server:send:28 - sending data (19729973 bytes) to client#7...
2026-05-26 15:46:43.652 | INFO     | utils.ConnectHandler_server:send:34 - sending data (19729973 bytes) to client#7 completely
2026-05-26 15:46:43.652 | INFO     | __main__:<module>:325 - 2026-05-26 15:46:43 SEND round=82 token=0 cid=7 payload_mb=18.816 duration=1.637s
2026-05-26 15:46:43.672 | INFO     | utils.ConnectHandler_server:send:28 - sending data (19736074 bytes) to client#8...
2026-05-26 15:46:45.277 | INFO     | utils.ConnectHandler_server:send:34 - sending data (19736074 bytes) to client#8 completely
2026-05-26 15:46:45.277 | INFO     | __main__:<module>:325 - 2026-05-26 15:46:45 SEND round=82 token=1 cid=8 payload_mb=18.822 duration=1.616s
2026-05-26 15:48:30.579 | INFO     | utils.ConnectHandler_server:receive:71 - 19697437bytes data to be received from client#7

  0%|          | 0/19697437 [00:00<?, ?iteration/s]
  6%|▌         | 1171432/19697437 [00:00<00:01, 11704424.70iteration/s]
 12%|█▏        | 2342864/19697437 [00:00<00:01, 11685888.01iteration/s]
 18%|█▊        | 3514296/19697437 [00:00<00:01, 11669259.37iteration/s]
 24%|██▍       | 4681384/19697437 [00:00<00:01, 11650723.06iteration/s]
 30%|██▉       | 5855712/19697437 [00:00<00:01, 11677319.47iteration/s]
 36%|███▌      | 7031488/19697437 [00:00<00:01, 11695070.87iteration/s]
 42%|████▏     | 8208712/19697437 [00:00<00:00, 11713647.56iteration/s]
 48%|████▊     | 9390280/19697437 [00:00<00:00, 11732609.69iteration/s]
 54%|█████▎    | 10570400/19697437 [00:00<00:00, 11727414.98iteration/s]
 60%|█████▉    | 11753416/19697437 [00:01<00:00, 11734776.33iteration/s]
 66%|██████▌   | 12927744/19697437 [00:01<00:00, 11730216.85iteration/s]
 72%|███████▏  | 14102072/19697437 [00:01<00:00, 11731773.23iteration/s]
 78%|███████▊  | 15279296/19697437 [00:01<00:00, 11737597.10iteration/s]
 84%|████████▎ | 16463760/19697437 [00:01<00:00, 11733345.12iteration/s]
 90%|████████▉ | 17638088/19697437 [00:01<00:00, 11733416.87iteration/s]
 96%|█████████▌| 18813864/19697437 [00:01<00:00, 11723886.41iteration/s]2026-05-26 15:48:32.262 | INFO     | utils.ConnectHandler_server:receive:80 - receive completed

100%|██████████| 19697437/19697437 [00:01<00:00, 11665548.90iteration/s]
2026-05-26 15:48:32.290 | INFO     | __main__:<module>:345 - 2026-05-26 15:48:32 RECV round=82 token=0 cid=7 train_duration=106.50358748435974 battery=103237.22J
2026-05-26 15:48:32.291 | INFO     | utils.ConnectHandler_server:send:28 - sending data (59 bytes) to client#7...
2026-05-26 15:48:32.291 | INFO     | utils.ConnectHandler_server:send:34 - sending data (59 bytes) to client#7 completely
2026-05-26 15:50:32.625 | INFO     | utils.ConnectHandler_server:receive:71 - 19697437bytes data to be received from client#8

  0%|          | 0/19697437 [00:00<?, ?iteration/s]
  6%|▌         | 1164192/19697437 [00:00<00:01, 11628761.65iteration/s]
 12%|█▏        | 2334176/19697437 [00:00<00:01, 11665261.32iteration/s]
 18%|█▊        | 3502712/19697437 [00:00<00:01, 11660900.63iteration/s]
 24%|██▎       | 4674144/19697437 [00:00<00:01, 11653592.18iteration/s]
 30%|██▉       | 5851368/19697437 [00:00<00:01, 11682877.58iteration/s]
 36%|███▌      | 7025696/19697437 [00:00<00:01, 11691949.01iteration/s]
 42%|████▏     | 8202920/19697437 [00:00<00:00, 11711295.62iteration/s]
 48%|████▊     | 9381592/19697437 [00:00<00:00, 11722974.30iteration/s]
 54%|█████▎    | 10561712/19697437 [00:00<00:00, 11730089.82iteration/s]
 60%|█████▉    | 11737488/19697437 [00:01<00:00, 11735064.99iteration/s]
 66%|██████▌   | 12921952/19697437 [00:01<00:00, 11740213.06iteration/s]
 72%|███████▏  | 14106416/19697437 [00:01<00:00, 11731178.67iteration/s]
 78%|███████▊  | 15283640/19697437 [00:01<00:00, 11742847.44iteration/s]
 84%|████████▎ | 16462312/19697437 [00:01<00:00, 11732058.03iteration/s]
 90%|████████▉ | 17638088/19697437 [00:01<00:00, 11738948.34iteration/s]
 96%|█████████▌| 18813864/19697437 [00:01<00:00, 11723302.35iteration/s]2026-05-26 15:50:34.308 | INFO     | utils.ConnectHandler_server:receive:80 - receive completed

100%|██████████| 19697437/19697437 [00:01<00:00, 11657160.91iteration/s]
2026-05-26 15:50:34.326 | INFO     | __main__:<module>:345 - 2026-05-26 15:50:34 RECV round=82 token=1 cid=8 train_duration=226.6543583869934 battery=90001.62J
2026-05-26 15:50:34.326 | INFO     | utils.ConnectHandler_server:send:28 - sending data (59 bytes) to client#8...
2026-05-26 15:50:34.326 | INFO     | utils.ConnectHandler_server:send:34 - sending data (59 bytes) to client#8 completely
2026-05-26 15:50:37.148 | INFO     | __main__:<module>:482 - 2026-05-26 15:50:37 ROUND=82 end avg_acc=47.9950 best_acc=57.5350 duration=235.08s comm_mb=75.202 locations_after=[8, 3] checkpoint=logs_real/autorl_real_server/checkpoints/autorl_dfl_mm_seed1/checkpoint.pt
2026-05-26 15:50:37.148 | INFO     | __main__:<module>:281 - 2026-05-26 15:50:37 ROUND=83 start token_locations=[8, 3] active_clients=[0, 1, 2, 3, 4, 5, 6, 7, 8, 9]
2026-05-26 15:50:37.167 | INFO     | utils.ConnectHandler_server:send:28 - sending data (19736070 bytes) to client#8...
2026-05-26 15:50:38.770 | INFO     | utils.ConnectHandler_server:send:34 - sending data (19736070 bytes) to client#8 completely
2026-05-26 15:50:38.770 | INFO     | __main__:<module>:325 - 2026-05-26 15:50:38 SEND round=83 token=0 cid=8 payload_mb=18.822 duration=1.613s
2026-05-26 15:50:38.788 | INFO     | utils.ConnectHandler_server:send:28 - sending data (19700011 bytes) to client#3...
2026-05-26 15:50:40.467 | INFO     | utils.ConnectHandler_server:send:34 - sending data (19700011 bytes) to client#3 completely
2026-05-26 15:50:40.467 | INFO     | __main__:<module>:325 - 2026-05-26 15:50:40 SEND round=83 token=1 cid=3 payload_mb=18.787 duration=1.688s
2026-05-26 15:52:04.429 | INFO     | utils.ConnectHandler_server:receive:71 - 19696973bytes data to be received from client#3

  0%|          | 0/19696973 [00:00<?, ?iteration/s]
  6%|▌         | 1175776/19696973 [00:00<00:01, 11757350.74iteration/s]
 12%|█▏        | 2353000/19696973 [00:00<00:01, 11762173.11iteration/s]
 18%|█▊        | 3531672/19696973 [00:00<00:01, 11759496.97iteration/s]
 24%|██▍       | 4708896/19696973 [00:00<00:01, 11762017.00iteration/s]
 30%|██▉       | 5887568/19696973 [00:00<00:01, 11714208.95iteration/s]
 36%|███▌      | 7066240/19696973 [00:00<00:01, 11723040.47iteration/s]
 42%|████▏     | 8246360/19696973 [00:00<00:00, 11738343.39iteration/s]
 48%|████▊     | 9429376/19696973 [00:00<00:00, 11749814.51iteration/s]
 54%|█████▍    | 10612392/19696973 [00:00<00:00, 11750594.11iteration/s]
 60%|█████▉    | 11792512/19696973 [00:01<00:00, 11756663.20iteration/s]
 66%|██████▌   | 12975528/19696973 [00:01<00:00, 11748221.96iteration/s]
 72%|███████▏  | 14155648/19696973 [00:01<00:00, 11745906.77iteration/s]
 78%|███████▊  | 15334320/19696973 [00:01<00:00, 11752459.84iteration/s]
 84%|████████▍ | 16515888/19696973 [00:01<00:00, 11756577.81iteration/s]
 90%|████████▉ | 17704696/19696973 [00:01<00:00, 11755687.12iteration/s]
 96%|█████████▌| 18890608/19696973 [00:01<00:00, 11757117.78iteration/s]2026-05-26 15:52:06.107 | INFO     | utils.ConnectHandler_server:receive:80 - receive completed

100%|██████████| 19696973/19696973 [00:01<00:00, 11697087.84iteration/s]
2026-05-26 15:52:06.127 | INFO     | __main__:<module>:345 - 2026-05-26 15:52:06 RECV round=83 token=1 cid=3 train_duration=83.31146764755249 battery=135916.15J
2026-05-26 15:52:06.127 | INFO     | utils.ConnectHandler_server:send:28 - sending data (59 bytes) to client#3...
2026-05-26 15:52:06.128 | INFO     | utils.ConnectHandler_server:send:34 - sending data (59 bytes) to client#3 completely
2026-05-26 15:54:26.538 | INFO     | utils.ConnectHandler_server:receive:71 - 19697437bytes data to be received from client#8

  0%|          | 0/19697437 [00:00<?, ?iteration/s]
  6%|▌         | 1168536/19697437 [00:00<00:01, 11663097.72iteration/s]
 12%|█▏        | 2335624/19697437 [00:00<00:01, 11651301.81iteration/s]
 18%|█▊        | 3502712/19697437 [00:00<00:01, 11640755.61iteration/s]
 24%|██▎       | 4668352/19697437 [00:00<00:01, 11628503.65iteration/s]
 30%|██▉       | 5832544/19697437 [00:00<00:01, 11633245.60iteration/s]
 36%|███▌      | 7002528/19697437 [00:00<00:01, 11654944.57iteration/s]
 42%|████▏     | 8181200/19697437 [00:00<00:00, 11680949.66iteration/s]
 48%|████▊     | 9361320/19697437 [00:00<00:00, 11704909.31iteration/s]
 54%|█████▎    | 10541440/19697437 [00:00<00:00, 11715225.54iteration/s]
 60%|█████▉    | 11720112/19697437 [00:01<00:00, 11726483.12iteration/s]
 65%|██████▌   | 12900232/19697437 [00:01<00:00, 11736492.39iteration/s]
 71%|███████▏  | 14077456/19697437 [00:01<00:00, 11731513.79iteration/s]
 77%|███████▋  | 15259024/19697437 [00:01<00:00, 11727295.22iteration/s]
 83%|████████▎ | 16444936/19697437 [00:01<00:00, 11735428.71iteration/s]
 89%|████████▉ | 17623608/19697437 [00:01<00:00, 11727011.79iteration/s]
 95%|█████████▌| 18808072/19697437 [00:01<00:00, 11725395.82iteration/s]2026-05-26 15:54:28.223 | INFO     | utils.ConnectHandler_server:receive:80 - receive completed

100%|██████████| 19697437/19697437 [00:01<00:00, 11645356.55iteration/s]
2026-05-26 15:54:28.239 | INFO     | __main__:<module>:345 - 2026-05-26 15:54:28 RECV round=83 token=0 cid=8 train_duration=227.10346865653992 battery=86506.34J
2026-05-26 15:54:28.239 | INFO     | utils.ConnectHandler_server:send:28 - sending data (59 bytes) to client#8...
2026-05-26 15:54:28.239 | INFO     | utils.ConnectHandler_server:send:34 - sending data (59 bytes) to client#8 completely
2026-05-26 15:54:31.064 | INFO     | __main__:<module>:482 - 2026-05-26 15:54:30 ROUND=83 end avg_acc=49.0850 best_acc=57.5350 duration=233.83s comm_mb=75.173 locations_after=[9, 3] checkpoint=logs_real/autorl_real_server/checkpoints/autorl_dfl_mm_seed1/checkpoint.pt
2026-05-26 15:54:31.064 | INFO     | __main__:<module>:281 - 2026-05-26 15:54:31 ROUND=84 start token_locations=[9, 3] active_clients=[0, 1, 2, 3, 4, 5, 6, 7, 8, 9]
2026-05-26 15:54:31.087 | INFO     | utils.ConnectHandler_server:send:28 - sending data (19723885 bytes) to client#9...
2026-05-26 15:54:32.731 | INFO     | utils.ConnectHandler_server:send:34 - sending data (19723885 bytes) to client#9 completely
2026-05-26 15:54:32.731 | INFO     | __main__:<module>:325 - 2026-05-26 15:54:32 SEND round=84 token=0 cid=9 payload_mb=18.810 duration=1.658s
2026-05-26 15:54:32.750 | INFO     | utils.ConnectHandler_server:send:28 - sending data (19700011 bytes) to client#3...
2026-05-26 15:54:34.384 | INFO     | utils.ConnectHandler_server:send:34 - sending data (19700011 bytes) to client#3 completely
2026-05-26 15:54:34.384 | INFO     | __main__:<module>:325 - 2026-05-26 15:54:34 SEND round=84 token=1 cid=3 payload_mb=18.787 duration=1.644s
2026-05-26 15:55:58.110 | INFO     | utils.ConnectHandler_server:receive:71 - 19696971bytes data to be received from client#3

  0%|          | 0/19696971 [00:00<?, ?iteration/s]
  6%|▌         | 1174328/19696971 [00:00<00:01, 11719485.08iteration/s]
 12%|█▏        | 2351552/19696971 [00:00<00:01, 11745527.46iteration/s]
 18%|█▊        | 3528776/19696971 [00:00<00:01, 11751048.36iteration/s]
 24%|██▍       | 4708896/19696971 [00:00<00:01, 11753216.48iteration/s]
 30%|██▉       | 5884672/19696971 [00:00<00:01, 11744269.81iteration/s]
 36%|███▌      | 7061896/19696971 [00:00<00:01, 11745317.67iteration/s]
 42%|████▏     | 8242016/19696971 [00:00<00:00, 11751508.68iteration/s]
 48%|████▊     | 9417792/19696971 [00:00<00:00, 11747882.20iteration/s]
 54%|█████▍    | 10600808/19696971 [00:00<00:00, 11753091.97iteration/s]
 60%|█████▉    | 11785272/19696971 [00:01<00:00, 11761497.31iteration/s]
 66%|██████▌   | 12965392/19696971 [00:01<00:00, 11765108.62iteration/s]
 72%|███████▏  | 14144064/19696971 [00:01<00:00, 11761662.68iteration/s]
 78%|███████▊  | 15322736/19696971 [00:01<00:00, 11757496.53iteration/s]
 84%|████████▍ | 16507200/19696971 [00:01<00:00, 11759714.66iteration/s]
 90%|████████▉ | 17687320/19696971 [00:01<00:00, 11757148.45iteration/s]
 96%|█████████▌| 18876128/19696971 [00:01<00:00, 11764391.00iteration/s]2026-05-26 15:55:59.787 | INFO     | utils.ConnectHandler_server:receive:80 - receive completed

100%|██████████| 19696971/19696971 [00:01<00:00, 11702416.87iteration/s]
2026-05-26 15:55:59.808 | INFO     | __main__:<module>:345 - 2026-05-26 15:55:59 RECV round=84 token=1 cid=3 train_duration=83.07770013809204 battery=135207.46J
2026-05-26 15:55:59.808 | INFO     | utils.ConnectHandler_server:send:28 - sending data (59 bytes) to client#3...
2026-05-26 15:55:59.808 | INFO     | utils.ConnectHandler_server:send:34 - sending data (59 bytes) to client#3 completely
2026-05-26 15:56:26.563 | INFO     | utils.ConnectHandler_server:receive:71 - 19694064bytes data to be received from client#9

  0%|          | 0/19694064 [00:00<?, ?iteration/s]
  6%|▌         | 1182104/19694064 [00:00<00:01, 11803462.73iteration/s]
 12%|█▏        | 2364208/19694064 [00:00<00:01, 11768277.88iteration/s]
 18%|█▊        | 3542070/19694064 [00:00<00:01, 11751502.04iteration/s]
 24%|██▍       | 4718518/19694064 [00:00<00:01, 11750913.24iteration/s]
 30%|██▉       | 5900622/19694064 [00:00<00:01, 11749680.48iteration/s]
 36%|███▌      | 7078484/19694064 [00:00<00:01, 11736034.81iteration/s]
 42%|████▏     | 8256346/19694064 [00:00<00:00, 11744103.53iteration/s]
 48%|████▊     | 9435622/19694064 [00:00<00:00, 11743918.15iteration/s]
 54%|█████▍    | 10614898/19694064 [00:00<00:00, 11745285.14iteration/s]
 60%|█████▉    | 11791346/19694064 [00:01<00:00, 11746180.24iteration/s]
 66%|██████▌   | 12976278/19694064 [00:01<00:00, 11746737.23iteration/s]
 72%|███████▏  | 14156968/19694064 [00:01<00:00, 11729412.37iteration/s]
 78%|███████▊  | 15337658/19694064 [00:01<00:00, 11743564.50iteration/s]
 84%|████████▍ | 16516934/19694064 [00:01<00:00, 11737957.77iteration/s]
 90%|████████▉ | 17691968/19694064 [00:01<00:00, 11740124.48iteration/s]
 96%|█████████▌| 18872658/19694064 [00:01<00:00, 11742943.82iteration/s]2026-05-26 15:56:28.241 | INFO     | utils.ConnectHandler_server:receive:80 - receive completed

100%|██████████| 19694064/19694064 [00:01<00:00, 11690815.01iteration/s]
2026-05-26 15:56:28.257 | INFO     | __main__:<module>:345 - 2026-05-26 15:56:28 RECV round=84 token=0 cid=9 train_duration=113.3047788143158 battery=117565.01J
2026-05-26 15:56:28.258 | INFO     | utils.ConnectHandler_server:send:28 - sending data (59 bytes) to client#9...
2026-05-26 15:56:28.258 | INFO     | utils.ConnectHandler_server:send:34 - sending data (59 bytes) to client#9 completely
2026-05-26 15:56:31.130 | INFO     | __main__:<module>:482 - 2026-05-26 15:56:31 ROUND=84 end avg_acc=41.3900 best_acc=57.5350 duration=119.98s comm_mb=75.161 locations_after=[4, 3] checkpoint=logs_real/autorl_real_server/checkpoints/autorl_dfl_mm_seed1/checkpoint.pt
2026-05-26 15:56:31.130 | INFO     | __main__:<module>:281 - 2026-05-26 15:56:31 ROUND=85 start token_locations=[4, 3] active_clients=[0, 1, 2, 3, 4, 5, 6, 7, 8, 9]
2026-05-26 15:56:31.149 | INFO     | utils.ConnectHandler_server:send:28 - sending data (19700007 bytes) to client#4...
2026-05-26 15:56:32.790 | INFO     | utils.ConnectHandler_server:send:34 - sending data (19700007 bytes) to client#4 completely
2026-05-26 15:56:32.790 | INFO     | __main__:<module>:325 - 2026-05-26 15:56:32 SEND round=85 token=0 cid=4 payload_mb=18.787 duration=1.651s
2026-05-26 15:56:32.809 | INFO     | utils.ConnectHandler_server:send:28 - sending data (19700011 bytes) to client#3...
2026-05-26 15:56:34.452 | INFO     | utils.ConnectHandler_server:send:34 - sending data (19700011 bytes) to client#3 completely
2026-05-26 15:56:34.452 | INFO     | __main__:<module>:325 - 2026-05-26 15:56:34 SEND round=85 token=1 cid=3 payload_mb=18.787 duration=1.653s
2026-05-26 15:57:58.418 | INFO     | utils.ConnectHandler_server:receive:71 - 19696973bytes data to be received from client#3

  0%|          | 0/19696973 [00:00<?, ?iteration/s]
  6%|▌         | 1151160/19696973 [00:00<00:01, 11484203.10iteration/s]
 12%|█▏        | 2329832/19696973 [00:00<00:01, 11654719.59iteration/s]
 18%|█▊        | 3505608/19696973 [00:00<00:01, 11694229.25iteration/s]
 24%|██▍       | 4682832/19696973 [00:00<00:01, 11717367.15iteration/s]
 30%|██▉       | 5861504/19696973 [00:00<00:01, 11735702.65iteration/s]
 36%|███▌      | 7040176/19696973 [00:00<00:01, 11737266.18iteration/s]
 42%|████▏     | 8220296/19696973 [00:00<00:00, 11747670.25iteration/s]
 48%|████▊     | 9401864/19696973 [00:00<00:00, 11757795.32iteration/s]
 54%|█████▎    | 10583432/19696973 [00:00<00:00, 11754610.86iteration/s]
 60%|█████▉    | 11766448/19696973 [00:01<00:00, 11753888.78iteration/s]
 66%|██████▌   | 12948016/19696973 [00:01<00:00, 11752057.13iteration/s]
 72%|███████▏  | 14128136/19696973 [00:01<00:00, 11765921.58iteration/s]
 78%|███████▊  | 15309704/19696973 [00:01<00:00, 11751117.22iteration/s]
 84%|████████▍ | 16498512/19696973 [00:01<00:00, 11759787.54iteration/s]
 90%|████████▉ | 17685872/19696973 [00:01<00:00, 11757645.85iteration/s]
 96%|█████████▌| 18867440/19696973 [00:01<00:00, 11749719.39iteration/s]2026-05-26 15:58:00.097 | INFO     | utils.ConnectHandler_server:receive:80 - receive completed

100%|██████████| 19696973/19696973 [00:01<00:00, 11686739.52iteration/s]
2026-05-26 15:58:00.113 | INFO     | __main__:<module>:345 - 2026-05-26 15:58:00 RECV round=85 token=1 cid=3 train_duration=83.3210220336914 battery=134496.69J
2026-05-26 15:58:00.113 | INFO     | utils.ConnectHandler_server:send:28 - sending data (59 bytes) to client#3...
2026-05-26 15:58:00.114 | INFO     | utils.ConnectHandler_server:send:34 - sending data (59 bytes) to client#3 completely
2026-05-26 15:58:11.707 | INFO     | utils.ConnectHandler_server:receive:71 - 19697017bytes data to be received from client#4

  0%|          | 0/19697017 [00:00<?, ?iteration/s]
  6%|▌         | 1174328/19697017 [00:00<00:01, 11734226.78iteration/s]
 12%|█▏        | 2353000/19697017 [00:00<00:01, 11757288.56iteration/s]
 18%|█▊        | 3528776/19697017 [00:00<00:01, 11756741.29iteration/s]
 24%|██▍       | 4706000/19697017 [00:00<00:01, 11741154.15iteration/s]
 30%|██▉       | 5881776/19697017 [00:00<00:01, 11745403.49iteration/s]
 36%|███▌      | 7057552/19697017 [00:00<00:01, 11749242.64iteration/s]
 42%|████▏     | 8239120/19697017 [00:00<00:00, 11753876.70iteration/s]
 48%|████▊     | 9419240/19697017 [00:00<00:00, 11741311.04iteration/s]
 54%|█████▍    | 10603704/19697017 [00:00<00:00, 11750035.59iteration/s]
 60%|█████▉    | 11779480/19697017 [00:01<00:00, 11751114.22iteration/s]
 66%|██████▌   | 12955256/19697017 [00:01<00:00, 11752830.34iteration/s]
 72%|███████▏  | 14139720/19697017 [00:01<00:00, 11761963.41iteration/s]
 78%|███████▊  | 15322736/19697017 [00:01<00:00, 11760696.75iteration/s]
 84%|████████▍ | 16499960/19697017 [00:01<00:00, 11757025.99iteration/s]
 90%|████████▉ | 17688768/19697017 [00:01<00:00, 11763294.07iteration/s]
 96%|█████████▌| 18873232/19697017 [00:01<00:00, 11760146.16iteration/s]2026-05-26 15:58:13.384 | INFO     | utils.ConnectHandler_server:receive:80 - receive completed

100%|██████████| 19697017/19697017 [00:01<00:00, 11700011.27iteration/s]
2026-05-26 15:58:13.401 | INFO     | __main__:<module>:345 - 2026-05-26 15:58:13 RECV round=85 token=0 cid=4 train_duration=91.54868602752686 battery=137828.96J
2026-05-26 15:58:13.401 | INFO     | utils.ConnectHandler_server:send:28 - sending data (59 bytes) to client#4...
2026-05-26 15:58:13.401 | INFO     | utils.ConnectHandler_server:send:34 - sending data (59 bytes) to client#4 completely
2026-05-26 15:58:16.295 | INFO     | __main__:<module>:482 - 2026-05-26 15:58:16 ROUND=85 end avg_acc=37.6200 best_acc=57.5350 duration=105.08s comm_mb=75.139 locations_after=[5, 8] checkpoint=logs_real/autorl_real_server/checkpoints/autorl_dfl_mm_seed1/checkpoint.pt
2026-05-26 15:58:16.295 | INFO     | __main__:<module>:281 - 2026-05-26 15:58:16 ROUND=86 start token_locations=[5, 8] active_clients=[0, 1, 2, 3, 4, 5, 6, 7, 8, 9]
2026-05-26 15:58:16.318 | INFO     | utils.ConnectHandler_server:send:28 - sending data (19700002 bytes) to client#5...
2026-05-26 15:58:17.936 | INFO     | utils.ConnectHandler_server:send:34 - sending data (19700002 bytes) to client#5 completely
2026-05-26 15:58:17.936 | INFO     | __main__:<module>:325 - 2026-05-26 15:58:17 SEND round=86 token=0 cid=5 payload_mb=18.787 duration=1.632s
2026-05-26 15:58:17.956 | INFO     | utils.ConnectHandler_server:send:28 - sending data (19736074 bytes) to client#8...
2026-05-26 15:58:19.573 | INFO     | utils.ConnectHandler_server:send:34 - sending data (19736074 bytes) to client#8 completely
2026-05-26 15:58:19.573 | INFO     | __main__:<module>:325 - 2026-05-26 15:58:19 SEND round=86 token=1 cid=8 payload_mb=18.822 duration=1.627s
2026-05-26 16:00:35.522 | INFO     | utils.ConnectHandler_server:receive:71 - 19696959bytes data to be received from client#5

  0%|          | 0/19696959 [00:00<?, ?iteration/s]
  6%|▌         | 1175776/19696959 [00:00<00:01, 11746205.08iteration/s]
 12%|█▏        | 2355896/19696959 [00:00<00:01, 11765205.23iteration/s]
 18%|█▊        | 3534568/19696959 [00:00<00:01, 11761784.45iteration/s]
 24%|██▍       | 4713240/19696959 [00:00<00:01, 11759040.81iteration/s]
 30%|██▉       | 5890464/19696959 [00:00<00:01, 11756994.65iteration/s]
 36%|███▌      | 7069136/19696959 [00:00<00:01, 11754549.76iteration/s]
 42%|████▏     | 8250704/19696959 [00:00<00:00, 11759525.68iteration/s]
 48%|████▊     | 9427928/19696959 [00:00<00:00, 11757298.84iteration/s]
 54%|█████▍    | 10606600/19696959 [00:00<00:00, 11760927.31iteration/s]
 60%|█████▉    | 11788168/19696959 [00:01<00:00, 11760280.42iteration/s]
 66%|██████▌   | 12965392/19696959 [00:01<00:00, 11756719.70iteration/s]
 72%|███████▏  | 14149856/19696959 [00:01<00:00, 11758469.50iteration/s]
 78%|███████▊  | 15335768/19696959 [00:01<00:00, 11764467.07iteration/s]
 84%|████████▍ | 16517336/19696959 [00:01<00:00, 11763288.85iteration/s]
 90%|████████▉ | 17696008/19696959 [00:01<00:00, 11752746.22iteration/s]
 96%|█████████▌| 18879024/19696959 [00:01<00:00, 11762133.82iteration/s]2026-05-26 16:00:37.199 | INFO     | utils.ConnectHandler_server:receive:80 - receive completed

100%|██████████| 19696959/19696959 [00:01<00:00, 11701907.49iteration/s]
2026-05-26 16:00:37.215 | INFO     | __main__:<module>:345 - 2026-05-26 16:00:37 RECV round=86 token=0 cid=5 train_duration=136.90857815742493 battery=125457.01J
2026-05-26 16:00:37.215 | INFO     | utils.ConnectHandler_server:send:28 - sending data (59 bytes) to client#5...
2026-05-26 16:00:37.215 | INFO     | utils.ConnectHandler_server:send:34 - sending data (59 bytes) to client#5 completely
2026-05-26 16:02:06.763 | INFO     | utils.ConnectHandler_server:receive:71 - 19697437bytes data to be received from client#8

  0%|          | 0/19697437 [00:00<?, ?iteration/s]
  6%|▌         | 1164192/19697437 [00:00<00:01, 11618911.02iteration/s]
 12%|█▏        | 2334176/19697437 [00:00<00:01, 11665732.07iteration/s]
 18%|█▊        | 3504160/19697437 [00:00<00:01, 11675599.66iteration/s]
 24%|██▎       | 4674144/19697437 [00:00<00:01, 11657478.64iteration/s]
 30%|██▉       | 5852816/19697437 [00:00<00:01, 11692561.50iteration/s]
 36%|███▌      | 7030040/19697437 [00:00<00:01, 11715017.17iteration/s]
 42%|████▏     | 8204368/19697437 [00:00<00:00, 11718865.49iteration/s]
 48%|████▊     | 9385936/19697437 [00:00<00:00, 11733745.89iteration/s]
 54%|█████▎    | 10564608/19697437 [00:00<00:00, 11729737.41iteration/s]
 60%|█████▉    | 11740384/19697437 [00:01<00:00, 11735957.73iteration/s]
 66%|██████▌   | 12919056/19697437 [00:01<00:00, 11738737.67iteration/s]
 72%|███████▏  | 14094832/19697437 [00:01<00:00, 11733645.14iteration/s]
 78%|███████▊  | 15277848/19697437 [00:01<00:00, 11731582.18iteration/s]
 84%|████████▎ | 16463760/19697437 [00:01<00:00, 11733673.77iteration/s]
 90%|████████▉ | 17652568/19697437 [00:01<00:00, 11728548.36iteration/s]
 96%|█████████▌| 18826896/19697437 [00:01<00:00, 11725223.21iteration/s]2026-05-26 16:02:08.446 | INFO     | utils.ConnectHandler_server:receive:80 - receive completed

100%|██████████| 19697437/19697437 [00:01<00:00, 11664590.32iteration/s]
2026-05-26 16:02:08.462 | INFO     | __main__:<module>:345 - 2026-05-26 16:02:08 RECV round=86 token=1 cid=8 train_duration=226.55037665367126 battery=83019.57J
2026-05-26 16:02:08.462 | INFO     | utils.ConnectHandler_server:send:28 - sending data (59 bytes) to client#8...
2026-05-26 16:02:08.462 | INFO     | utils.ConnectHandler_server:send:34 - sending data (59 bytes) to client#8 completely
2026-05-26 16:02:11.339 | INFO     | __main__:<module>:482 - 2026-05-26 16:02:11 ROUND=86 end avg_acc=35.8650 best_acc=57.5350 duration=234.96s comm_mb=75.173 locations_after=[7, 8] checkpoint=logs_real/autorl_real_server/checkpoints/autorl_dfl_mm_seed1/checkpoint.pt
2026-05-26 16:02:11.340 | INFO     | __main__:<module>:281 - 2026-05-26 16:02:11 ROUND=87 start token_locations=[7, 8] active_clients=[0, 1, 2, 3, 4, 5, 6, 7, 8, 9]
2026-05-26 16:02:11.359 | INFO     | utils.ConnectHandler_server:send:28 - sending data (19729973 bytes) to client#7...
2026-05-26 16:02:12.982 | INFO     | utils.ConnectHandler_server:send:34 - sending data (19729973 bytes) to client#7 completely
2026-05-26 16:02:12.982 | INFO     | __main__:<module>:325 - 2026-05-26 16:02:12 SEND round=87 token=0 cid=7 payload_mb=18.816 duration=1.633s
2026-05-26 16:02:13.001 | INFO     | utils.ConnectHandler_server:send:28 - sending data (19736074 bytes) to client#8...
2026-05-26 16:02:14.622 | INFO     | utils.ConnectHandler_server:send:34 - sending data (19736074 bytes) to client#8 completely
2026-05-26 16:02:14.622 | INFO     | __main__:<module>:325 - 2026-05-26 16:02:14 SEND round=87 token=1 cid=8 payload_mb=18.822 duration=1.630s
2026-05-26 16:04:39.339 | INFO     | utils.ConnectHandler_server:receive:71 - 19697437bytes data to be received from client#7

  0%|          | 0/19697437 [00:00<?, ?iteration/s]
  6%|▌         | 1177224/19697437 [00:00<00:01, 11749672.40iteration/s]
 12%|█▏        | 2354448/19697437 [00:00<00:01, 11730444.62iteration/s]
 18%|█▊        | 3530224/19697437 [00:00<00:01, 11702665.86iteration/s]
 24%|██▍       | 4703104/19697437 [00:00<00:01, 11668159.06iteration/s]
 30%|██▉       | 5881776/19697437 [00:00<00:01, 11698818.59iteration/s]
 36%|███▌      | 7059000/19697437 [00:00<00:01, 11711019.95iteration/s]
 42%|████▏     | 8236224/19697437 [00:00<00:00, 11719746.57iteration/s]
 48%|████▊     | 9417792/19697437 [00:00<00:00, 11732488.94iteration/s]
 54%|█████▍    | 10595016/19697437 [00:00<00:00, 11736265.47iteration/s]
 60%|█████▉    | 11778032/19697437 [00:01<00:00, 11739162.73iteration/s]
 66%|██████▌   | 12956704/19697437 [00:01<00:00, 11739832.82iteration/s]
 72%|███████▏  | 14133928/19697437 [00:01<00:00, 11744450.17iteration/s]
 78%|███████▊  | 15315496/19697437 [00:01<00:00, 11732134.16iteration/s]
 84%|████████▍ | 16499960/19697437 [00:01<00:00, 11729780.82iteration/s]
 90%|████████▉ | 17682976/19697437 [00:01<00:00, 11729309.98iteration/s]
 96%|█████████▌| 18870336/19697437 [00:01<00:00, 11724665.36iteration/s]2026-05-26 16:04:41.020 | INFO     | utils.ConnectHandler_server:receive:80 - receive completed

100%|██████████| 19697437/19697437 [00:01<00:00, 11670612.87iteration/s]
2026-05-26 16:04:41.037 | INFO     | __main__:<module>:345 - 2026-05-26 16:04:41 RECV round=87 token=0 cid=7 train_duration=145.93342852592468 battery=100991.20J
2026-05-26 16:04:41.037 | INFO     | utils.ConnectHandler_server:send:28 - sending data (59 bytes) to client#7...
2026-05-26 16:04:41.037 | INFO     | utils.ConnectHandler_server:send:34 - sending data (59 bytes) to client#7 completely
2026-05-26 16:06:01.491 | INFO     | utils.ConnectHandler_server:receive:71 - 19697437bytes data to be received from client#8

  0%|          | 0/19697437 [00:00<?, ?iteration/s]
  6%|▌         | 1161296/19697437 [00:00<00:01, 11608598.10iteration/s]
 12%|█▏        | 2332728/19697437 [00:00<00:01, 11656465.95iteration/s]
 18%|█▊        | 3504160/19697437 [00:00<00:01, 11676453.94iteration/s]
 24%|██▎       | 4675592/19697437 [00:00<00:01, 11681013.80iteration/s]
 30%|██▉       | 5847024/19697437 [00:00<00:01, 11685027.15iteration/s]
 36%|███▌      | 7019904/19697437 [00:00<00:01, 11681547.23iteration/s]
 42%|████▏     | 8200024/19697437 [00:00<00:00, 11705606.03iteration/s]
 48%|████▊     | 9381592/19697437 [00:00<00:00, 11720107.58iteration/s]
 54%|█████▎    | 10560264/19697437 [00:00<00:00, 11726331.45iteration/s]
 60%|█████▉    | 11740384/19697437 [00:01<00:00, 11733494.84iteration/s]
 66%|██████▌   | 12923400/19697437 [00:01<00:00, 11746742.66iteration/s]
 72%|███████▏  | 14100624/19697437 [00:01<00:00, 11751794.42iteration/s]
 78%|███████▊  | 15282192/19697437 [00:01<00:00, 11752974.25iteration/s]
 84%|████████▎ | 16459416/19697437 [00:01<00:00, 11746295.00iteration/s]
 90%|████████▉ | 17648224/19697437 [00:01<00:00, 11748553.77iteration/s]
 96%|█████████▌| 18831240/19697437 [00:01<00:00, 11746173.01iteration/s]2026-05-26 16:06:03.172 | INFO     | utils.ConnectHandler_server:receive:80 - receive completed

100%|██████████| 19697437/19697437 [00:01<00:00, 11674430.65iteration/s]
2026-05-26 16:06:03.189 | INFO     | __main__:<module>:345 - 2026-05-26 16:06:03 RECV round=87 token=1 cid=8 train_duration=226.18207049369812 battery=79538.47J
2026-05-26 16:06:03.189 | INFO     | utils.ConnectHandler_server:send:28 - sending data (59 bytes) to client#8...
2026-05-26 16:06:03.189 | INFO     | utils.ConnectHandler_server:send:34 - sending data (59 bytes) to client#8 completely
2026-05-26 16:06:06.093 | INFO     | __main__:<module>:482 - 2026-05-26 16:06:05 ROUND=87 end avg_acc=44.5250 best_acc=57.5350 duration=234.67s comm_mb=75.202 locations_after=[7, 9] checkpoint=logs_real/autorl_real_server/checkpoints/autorl_dfl_mm_seed1/checkpoint.pt
2026-05-26 16:06:06.093 | INFO     | __main__:<module>:281 - 2026-05-26 16:06:06 ROUND=88 start token_locations=[7, 9] active_clients=[0, 1, 2, 3, 4, 5, 6, 7, 8, 9]
2026-05-26 16:06:06.114 | INFO     | utils.ConnectHandler_server:send:28 - sending data (19729973 bytes) to client#7...
2026-05-26 16:06:07.716 | INFO     | utils.ConnectHandler_server:send:34 - sending data (19729973 bytes) to client#7 completely
2026-05-26 16:06:07.716 | INFO     | __main__:<module>:325 - 2026-05-26 16:06:07 SEND round=88 token=0 cid=7 payload_mb=18.816 duration=1.614s
2026-05-26 16:06:07.736 | INFO     | utils.ConnectHandler_server:send:28 - sending data (19723889 bytes) to client#9...
2026-05-26 16:06:09.439 | INFO     | utils.ConnectHandler_server:send:34 - sending data (19723889 bytes) to client#9 completely
2026-05-26 16:06:09.439 | INFO     | __main__:<module>:325 - 2026-05-26 16:06:09 SEND round=88 token=1 cid=9 payload_mb=18.810 duration=1.713s
2026-05-26 16:08:02.340 | INFO     | utils.ConnectHandler_server:receive:71 - 19694064bytes data to be received from client#9

  0%|          | 0/19694064 [00:00<?, ?iteration/s]
  6%|▌         | 1182104/19694064 [00:00<00:01, 11810632.53iteration/s]
 12%|█▏        | 2364208/19694064 [00:00<00:01, 11769058.40iteration/s]
 18%|█▊        | 3542070/19694064 [00:00<00:01, 11758592.45iteration/s]
 24%|██▍       | 4718518/19694064 [00:00<00:01, 11747224.59iteration/s]
 30%|██▉       | 5893552/19694064 [00:00<00:01, 11745608.82iteration/s]
 36%|███▌      | 7072828/19694064 [00:00<00:01, 11745619.71iteration/s]
 42%|████▏     | 8249276/19694064 [00:00<00:00, 11737460.23iteration/s]
 48%|████▊     | 9425724/19694064 [00:00<00:00, 11742880.74iteration/s]
 54%|█████▍    | 10600758/19694064 [00:00<00:00, 11734420.28iteration/s]
 60%|█████▉    | 11780034/19694064 [00:01<00:00, 11741066.86iteration/s]
 66%|██████▌   | 12959310/19694064 [00:01<00:00, 11741801.74iteration/s]
 72%|███████▏  | 14135758/19694064 [00:01<00:00, 11735864.30iteration/s]
 78%|███████▊  | 15309378/19694064 [00:01<00:00, 11735563.24iteration/s]
 84%|████████▍ | 16494310/19694064 [00:01<00:00, 11743081.35iteration/s]
 90%|████████▉ | 17676414/19694064 [00:01<00:00, 11743164.23iteration/s]
 96%|█████████▌| 18855690/19694064 [00:01<00:00, 11741594.13iteration/s]2026-05-26 16:08:04.019 | INFO     | utils.ConnectHandler_server:receive:80 - receive completed

100%|██████████| 19694064/19694064 [00:01<00:00, 11686392.27iteration/s]
2026-05-26 16:08:04.041 | INFO     | __main__:<module>:345 - 2026-05-26 16:08:04 RECV round=88 token=1 cid=9 train_duration=112.50477433204651 battery=115669.62J
2026-05-26 16:08:04.041 | INFO     | utils.ConnectHandler_server:send:28 - sending data (59 bytes) to client#9...
2026-05-26 16:08:04.041 | INFO     | utils.ConnectHandler_server:send:34 - sending data (59 bytes) to client#9 completely
2026-05-26 16:08:21.770 | INFO     | utils.ConnectHandler_server:receive:71 - 19697437bytes data to be received from client#7

  0%|          | 0/19697437 [00:00<?, ?iteration/s]
  6%|▌         | 1164192/19697437 [00:00<00:01, 11639350.32iteration/s]
 12%|█▏        | 2329832/19697437 [00:00<00:01, 11643343.85iteration/s]
 18%|█▊        | 3496920/19697437 [00:00<00:01, 11654130.00iteration/s]
 24%|██▎       | 4664008/19697437 [00:00<00:01, 11638458.88iteration/s]
 30%|██▉       | 5832544/19697437 [00:00<00:01, 11651670.65iteration/s]
 36%|███▌      | 7011216/19697437 [00:00<00:01, 11683708.03iteration/s]
 42%|████▏     | 8192784/19697437 [00:00<00:00, 11706145.61iteration/s]
 48%|████▊     | 9368560/19697437 [00:00<00:00, 11701134.90iteration/s]
 54%|█████▎    | 10539992/19697437 [00:00<00:00, 11702995.84iteration/s]
 59%|█████▉    | 11717216/19697437 [00:01<00:00, 11701426.53iteration/s]
 65%|██████▌   | 12894440/19697437 [00:01<00:00, 11697447.63iteration/s]
 71%|███████▏  | 14077456/19697437 [00:01<00:00, 11719226.50iteration/s]
 77%|███████▋  | 15263368/19697437 [00:01<00:00, 11731351.03iteration/s]
 84%|████████▎ | 16449280/19697437 [00:01<00:00, 11738579.23iteration/s]
 90%|████████▉ | 17635192/19697437 [00:01<00:00, 11740005.89iteration/s]
 96%|█████████▌| 18818208/19697437 [00:01<00:00, 11750635.37iteration/s]2026-05-26 16:08:23.453 | INFO     | utils.ConnectHandler_server:receive:80 - receive completed

100%|██████████| 19697437/19697437 [00:01<00:00, 11656626.37iteration/s]
2026-05-26 16:08:23.468 | INFO     | __main__:<module>:345 - 2026-05-26 16:08:23 RECV round=88 token=0 cid=7 train_duration=133.59346389770508 battery=98935.10J
2026-05-26 16:08:23.468 | INFO     | utils.ConnectHandler_server:send:28 - sending data (59 bytes) to client#7...
2026-05-26 16:08:23.468 | INFO     | utils.ConnectHandler_server:send:34 - sending data (59 bytes) to client#7 completely
2026-05-26 16:08:26.263 | INFO     | __main__:<module>:482 - 2026-05-26 16:08:26 ROUND=88 end avg_acc=41.0200 best_acc=57.5350 duration=140.08s comm_mb=75.190 locations_after=[7, 4] checkpoint=logs_real/autorl_real_server/checkpoints/autorl_dfl_mm_seed1/checkpoint.pt
2026-05-26 16:08:26.263 | INFO     | __main__:<module>:281 - 2026-05-26 16:08:26 ROUND=89 start token_locations=[7, 4] active_clients=[0, 1, 2, 3, 4, 5, 6, 7, 8, 9]
2026-05-26 16:08:26.285 | INFO     | utils.ConnectHandler_server:send:28 - sending data (19729973 bytes) to client#7...
2026-05-26 16:08:27.888 | INFO     | utils.ConnectHandler_server:send:34 - sending data (19729973 bytes) to client#7 completely
2026-05-26 16:08:27.888 | INFO     | __main__:<module>:325 - 2026-05-26 16:08:27 SEND round=89 token=0 cid=7 payload_mb=18.816 duration=1.616s
2026-05-26 16:08:27.904 | INFO     | utils.ConnectHandler_server:send:28 - sending data (19700011 bytes) to client#4...
2026-05-26 16:08:29.603 | INFO     | utils.ConnectHandler_server:send:34 - sending data (19700011 bytes) to client#4 completely
2026-05-26 16:08:29.603 | INFO     | __main__:<module>:325 - 2026-05-26 16:08:29 SEND round=89 token=1 cid=4 payload_mb=18.787 duration=1.707s
2026-05-26 16:09:56.350 | INFO     | utils.ConnectHandler_server:receive:71 - 19696961bytes data to be received from client#4

  0%|          | 0/19696961 [00:00<?, ?iteration/s]
  6%|▌         | 1177224/19696961 [00:00<00:01, 11750371.44iteration/s]
 12%|█▏        | 2354448/19696961 [00:00<00:01, 11756641.79iteration/s]
 18%|█▊        | 3531672/19696961 [00:00<00:01, 11745747.23iteration/s]
 24%|██▍       | 4707448/19696961 [00:00<00:01, 11741900.90iteration/s]
 30%|██▉       | 5881776/19696961 [00:00<00:01, 11716607.94iteration/s]
 36%|███▌      | 7061896/19696961 [00:00<00:01, 11733378.08iteration/s]
 42%|████▏     | 8239120/19696961 [00:00<00:00, 11740552.27iteration/s]
 48%|████▊     | 9420688/19696961 [00:00<00:00, 11748318.51iteration/s]
 54%|█████▍    | 10597912/19696961 [00:00<00:00, 11752698.34iteration/s]
 60%|█████▉    | 11773688/19696961 [00:01<00:00, 11754235.84iteration/s]
 66%|██████▌   | 12956704/19696961 [00:01<00:00, 11747132.09iteration/s]
 72%|███████▏  | 14133928/19696961 [00:01<00:00, 11751378.72iteration/s]
 78%|███████▊  | 15311152/19696961 [00:01<00:00, 11757324.50iteration/s]
 84%|████████▍ | 16499960/19696961 [00:01<00:00, 11763377.55iteration/s]
 90%|████████▉ | 17680080/19696961 [00:01<00:00, 11759042.39iteration/s]
 96%|█████████▌| 18860200/19696961 [00:01<00:00, 11763423.56iteration/s]2026-05-26 16:09:58.027 | INFO     | utils.ConnectHandler_server:receive:80 - receive completed

100%|██████████| 19696961/19696961 [00:01<00:00, 11699649.94iteration/s]
2026-05-26 16:09:58.042 | INFO     | __main__:<module>:345 - 2026-05-26 16:09:58 RECV round=89 token=1 cid=4 train_duration=85.9935142993927 battery=137095.39J
2026-05-26 16:09:58.042 | INFO     | utils.ConnectHandler_server:send:28 - sending data (59 bytes) to client#4...
2026-05-26 16:09:58.042 | INFO     | utils.ConnectHandler_server:send:34 - sending data (59 bytes) to client#4 completely
2026-05-26 16:10:23.409 | INFO     | utils.ConnectHandler_server:receive:71 - 19697437bytes data to be received from client#7

  0%|          | 0/19697437 [00:00<?, ?iteration/s]
  6%|▌         | 1168536/19697437 [00:00<00:01, 11671819.00iteration/s]
 12%|█▏        | 2339968/19697437 [00:00<00:01, 11690373.93iteration/s]
 18%|█▊        | 3511400/19697437 [00:00<00:01, 11697832.46iteration/s]
 24%|██▍       | 4682832/19697437 [00:00<00:01, 11686630.69iteration/s]
 30%|██▉       | 5855712/19697437 [00:00<00:01, 11695655.52iteration/s]
 36%|███▌      | 7027144/19697437 [00:00<00:01, 11700841.83iteration/s]
 42%|████▏     | 8207264/19697437 [00:00<00:00, 11721585.87iteration/s]
 48%|████▊     | 9385936/19697437 [00:00<00:00, 11727079.41iteration/s]
 54%|█████▎    | 10563160/19697437 [00:00<00:00, 11740398.21iteration/s]
 60%|█████▉    | 11746176/19697437 [00:01<00:00, 11746947.08iteration/s]
 66%|██████▌   | 12929192/19697437 [00:01<00:00, 11737545.48iteration/s]
 72%|███████▏  | 14106416/19697437 [00:01<00:00, 11745646.59iteration/s]
 78%|███████▊  | 15287984/19697437 [00:01<00:00, 11743056.40iteration/s]
 84%|████████▎ | 16465208/19697437 [00:01<00:00, 11740881.65iteration/s]
 90%|████████▉ | 17652568/19697437 [00:01<00:00, 11742178.25iteration/s]
 96%|█████████▌| 18829792/19697437 [00:01<00:00, 11747203.99iteration/s]2026-05-26 16:10:25.090 | INFO     | utils.ConnectHandler_server:receive:80 - receive completed

100%|██████████| 19697437/19697437 [00:01<00:00, 11676534.38iteration/s]
2026-05-26 16:10:25.106 | INFO     | __main__:<module>:345 - 2026-05-26 16:10:25 RECV round=89 token=0 cid=7 train_duration=115.07387137413025 battery=97164.03J
2026-05-26 16:10:25.106 | INFO     | utils.ConnectHandler_server:send:28 - sending data (59 bytes) to client#7...
2026-05-26 16:10:25.106 | INFO     | utils.ConnectHandler_server:send:34 - sending data (59 bytes) to client#7 completely
2026-05-26 16:10:27.918 | INFO     | __main__:<module>:482 - 2026-05-26 16:10:27 ROUND=89 end avg_acc=36.4050 best_acc=57.5350 duration=121.56s comm_mb=75.167 locations_after=[4, 3] checkpoint=logs_real/autorl_real_server/checkpoints/autorl_dfl_mm_seed1/checkpoint.pt
2026-05-26 16:10:27.918 | INFO     | __main__:<module>:281 - 2026-05-26 16:10:27 ROUND=90 start token_locations=[4, 3] active_clients=[0, 1, 2, 3, 4, 5, 6, 7, 8, 9]
2026-05-26 16:10:27.937 | INFO     | utils.ConnectHandler_server:send:28 - sending data (19700007 bytes) to client#4...
2026-05-26 16:10:29.569 | INFO     | utils.ConnectHandler_server:send:34 - sending data (19700007 bytes) to client#4 completely
2026-05-26 16:10:29.569 | INFO     | __main__:<module>:325 - 2026-05-26 16:10:29 SEND round=90 token=0 cid=4 payload_mb=18.787 duration=1.642s
2026-05-26 16:10:29.588 | INFO     | utils.ConnectHandler_server:send:28 - sending data (19700011 bytes) to client#3...
2026-05-26 16:10:31.223 | INFO     | utils.ConnectHandler_server:send:34 - sending data (19700011 bytes) to client#3 completely
2026-05-26 16:10:31.223 | INFO     | __main__:<module>:325 - 2026-05-26 16:10:31 SEND round=90 token=1 cid=3 payload_mb=18.787 duration=1.645s
2026-05-26 16:11:55.621 | INFO     | utils.ConnectHandler_server:receive:71 - 19696985bytes data to be received from client#3

  0%|          | 0/19696985 [00:00<?, ?iteration/s]
  6%|▌         | 1177224/19696985 [00:00<00:01, 11740676.27iteration/s]
 12%|█▏        | 2354448/19696985 [00:00<00:01, 11753647.31iteration/s]
 18%|█▊        | 3531672/19696985 [00:00<00:01, 11759065.17iteration/s]
 24%|██▍       | 4713240/19696985 [00:00<00:01, 11752530.81iteration/s]
 30%|██▉       | 5890464/19696985 [00:00<00:01, 11534898.90iteration/s]
 36%|███▌      | 7045968/19696985 [00:00<00:01, 11215239.55iteration/s]
 41%|████▏     | 8169616/19696985 [00:00<00:01, 11011786.22iteration/s]
 47%|████▋     | 9346840/19696985 [00:00<00:00, 11242337.29iteration/s]
 53%|█████▎    | 10524064/19696985 [00:00<00:00, 11401287.04iteration/s]
 59%|█████▉    | 11704184/19696985 [00:01<00:00, 11506510.62iteration/s]
 65%|██████▌   | 12882856/19696985 [00:01<00:00, 11587967.13iteration/s]
 71%|███████▏  | 14067320/19696985 [00:01<00:00, 11640761.21iteration/s]
 77%|███████▋  | 15251784/19696985 [00:01<00:00, 11679783.46iteration/s]
 83%|████████▎ | 16437696/19696985 [00:01<00:00, 11698556.95iteration/s]
 89%|████████▉ | 17625056/19696985 [00:01<00:00, 11720256.83iteration/s]
 95%|█████████▌| 18802280/19696985 [00:01<00:00, 11735018.80iteration/s]2026-05-26 16:11:57.323 | INFO     | utils.ConnectHandler_server:receive:80 - receive completed

100%|██████████| 19696985/19696985 [00:01<00:00, 11529585.76iteration/s]
2026-05-26 16:11:57.338 | INFO     | __main__:<module>:345 - 2026-05-26 16:11:57 RECV round=90 token=1 cid=3 train_duration=83.72185635566711 battery=133782.50J
2026-05-26 16:11:57.338 | INFO     | utils.ConnectHandler_server:send:28 - sending data (59 bytes) to client#3...
2026-05-26 16:11:57.338 | INFO     | utils.ConnectHandler_server:send:34 - sending data (59 bytes) to client#3 completely
2026-05-26 16:11:57.338 | INFO     | utils.ConnectHandler_server:receive:71 - 19696979bytes data to be received from client#4

  0%|          | 0/19696979 [00:00<?, ?iteration/s]
  7%|▋         | 1355328/19696979 [00:00<00:01, 13536704.06iteration/s]
 14%|█▍        | 2709208/19696979 [00:00<00:01, 12021682.51iteration/s]
 20%|█▉        | 3922632/19696979 [00:00<00:01, 11910128.46iteration/s]
 26%|██▌       | 5123024/19696979 [00:00<00:01, 11849634.91iteration/s]
 32%|███▏      | 6311832/19696979 [00:00<00:01, 11812758.36iteration/s]
 38%|███▊      | 7497744/19696979 [00:00<00:01, 11800874.00iteration/s]
 44%|████▍     | 8683656/19696979 [00:00<00:00, 11781020.13iteration/s]
 50%|█████     | 9863776/19696979 [00:00<00:00, 11763541.44iteration/s]
 56%|█████▌    | 11046792/19696979 [00:00<00:00, 11763339.96iteration/s]
 62%|██████▏   | 12232704/19696979 [00:01<00:00, 11761215.08iteration/s]
 68%|██████▊   | 13414272/19696979 [00:01<00:00, 11761858.57iteration/s]
 74%|███████▍  | 14595840/19696979 [00:01<00:00, 11766392.07iteration/s]
 80%|████████  | 15778856/19696979 [00:01<00:00, 11765130.84iteration/s]
 86%|████████▌ | 16961872/19696979 [00:01<00:00, 11759265.77iteration/s]
 92%|█████████▏| 18139096/19696979 [00:01<00:00, 11757905.65iteration/s]
 98%|█████████▊| 19322112/19696979 [00:01<00:00, 11765737.59iteration/s]2026-05-26 16:11:59.005 | INFO     | utils.ConnectHandler_server:receive:80 - receive completed

100%|██████████| 19696979/19696979 [00:01<00:00, 11767060.23iteration/s]
2026-05-26 16:11:59.020 | INFO     | __main__:<module>:345 - 2026-05-26 16:11:59 RECV round=90 token=0 cid=4 train_duration=85.75491666793823 battery=136363.86J
2026-05-26 16:11:59.020 | INFO     | utils.ConnectHandler_server:send:28 - sending data (59 bytes) to client#4...
2026-05-26 16:11:59.020 | INFO     | utils.ConnectHandler_server:send:34 - sending data (59 bytes) to client#4 completely
2026-05-26 16:12:01.834 | INFO     | __main__:<module>:482 - 2026-05-26 16:12:01 ROUND=90 end avg_acc=36.3900 best_acc=57.5350 duration=93.82s comm_mb=75.139 locations_after=[9, 3] checkpoint=logs_real/autorl_real_server/checkpoints/autorl_dfl_mm_seed1/checkpoint.pt
2026-05-26 16:12:01.835 | INFO     | __main__:<module>:281 - 2026-05-26 16:12:01 ROUND=91 start token_locations=[9, 3] active_clients=[0, 1, 2, 3, 4, 5, 6, 7, 8, 9]
2026-05-26 16:12:01.852 | INFO     | utils.ConnectHandler_server:send:28 - sending data (19723885 bytes) to client#9...
2026-05-26 16:12:03.490 | INFO     | utils.ConnectHandler_server:send:34 - sending data (19723885 bytes) to client#9 completely
2026-05-26 16:12:03.491 | INFO     | __main__:<module>:325 - 2026-05-26 16:12:03 SEND round=91 token=0 cid=9 payload_mb=18.810 duration=1.648s
2026-05-26 16:12:03.507 | INFO     | utils.ConnectHandler_server:send:28 - sending data (19700011 bytes) to client#3...
2026-05-26 16:12:05.131 | INFO     | utils.ConnectHandler_server:send:34 - sending data (19700011 bytes) to client#3 completely
2026-05-26 16:12:05.131 | INFO     | __main__:<module>:325 - 2026-05-26 16:12:05 SEND round=91 token=1 cid=3 payload_mb=18.787 duration=1.633s
2026-05-26 16:13:29.901 | INFO     | utils.ConnectHandler_server:receive:71 - 19696979bytes data to be received from client#3

  0%|          | 0/19696979 [00:00<?, ?iteration/s]
  6%|▌         | 1151160/19696979 [00:00<00:01, 11511199.31iteration/s]
 12%|█▏        | 2308112/19696979 [00:00<00:01, 11543892.62iteration/s]
 18%|█▊        | 3485336/19696979 [00:00<00:01, 11643176.09iteration/s]
 24%|██▎       | 4662560/19696979 [00:00<00:01, 11681147.77iteration/s]
 30%|██▉       | 5841232/19696979 [00:00<00:01, 11713150.60iteration/s]
 36%|███▌      | 7014112/19696979 [00:00<00:01, 11717303.01iteration/s]
 42%|████▏     | 8189888/19696979 [00:00<00:00, 11715175.56iteration/s]
 48%|████▊     | 9362768/19696979 [00:00<00:00, 11709241.84iteration/s]
 54%|█████▎    | 10545784/19696979 [00:00<00:00, 11729747.94iteration/s]
 60%|█████▉    | 11720112/19696979 [00:01<00:00, 11723888.06iteration/s]
 65%|██████▌   | 12900232/19696979 [00:01<00:00, 11745426.33iteration/s]
 71%|███████▏  | 14077456/19696979 [00:01<00:00, 11746904.81iteration/s]
 77%|███████▋  | 15263368/19696979 [00:01<00:00, 11751672.00iteration/s]
 83%|████████▎ | 16446384/19696979 [00:01<00:00, 11748175.35iteration/s]
 90%|████████▉ | 17632296/19696979 [00:01<00:00, 11748245.13iteration/s]
 96%|█████████▌| 18819656/19696979 [00:01<00:00, 11747707.69iteration/s]2026-05-26 16:13:31.583 | INFO     | utils.ConnectHandler_server:receive:80 - receive completed

100%|██████████| 19696979/19696979 [00:01<00:00, 11670643.21iteration/s]
2026-05-26 16:13:31.604 | INFO     | __main__:<module>:345 - 2026-05-26 16:13:31 RECV round=91 token=1 cid=3 train_duration=84.07871341705322 battery=133065.26J
2026-05-26 16:13:31.604 | INFO     | utils.ConnectHandler_server:send:28 - sending data (59 bytes) to client#3...
2026-05-26 16:13:31.604 | INFO     | utils.ConnectHandler_server:send:34 - sending data (59 bytes) to client#3 completely
2026-05-26 16:13:54.172 | INFO     | utils.ConnectHandler_server:receive:71 - 19694064bytes data to be received from client#9

  0%|          | 0/19694064 [00:00<?, ?iteration/s]
  6%|▌         | 1180690/19694064 [00:00<00:01, 11784602.47iteration/s]
 12%|█▏        | 2359966/19694064 [00:00<00:01, 11760874.67iteration/s]
 18%|█▊        | 3537828/19694064 [00:00<00:01, 11755184.08iteration/s]
 24%|██▍       | 4714276/19694064 [00:00<00:01, 11745432.29iteration/s]
 30%|██▉       | 5889310/19694064 [00:00<00:01, 11743242.31iteration/s]
 36%|███▌      | 7064344/19694064 [00:00<00:01, 11745275.55iteration/s]
 42%|████▏     | 8240792/19694064 [00:00<00:00, 11747252.14iteration/s]
 48%|████▊     | 9420068/19694064 [00:00<00:00, 11743989.94iteration/s]
 54%|█████▍    | 10595102/19694064 [00:00<00:00, 11740724.85iteration/s]
 60%|█████▉    | 11777206/19694064 [00:01<00:00, 11745045.76iteration/s]
 66%|██████▌   | 12953654/19694064 [00:01<00:00, 11741759.76iteration/s]
 72%|███████▏  | 14138586/19694064 [00:01<00:00, 11741425.75iteration/s]
 78%|███████▊  | 15320690/19694064 [00:01<00:00, 11728513.92iteration/s]
 84%|████████▍ | 16507036/19694064 [00:01<00:00, 11735424.31iteration/s]
 90%|████████▉ | 17689140/19694064 [00:01<00:00, 11744542.76iteration/s]
 96%|█████████▌| 18868416/19694064 [00:01<00:00, 11744068.29iteration/s]2026-05-26 16:13:55.851 | INFO     | utils.ConnectHandler_server:receive:80 - receive completed

100%|██████████| 19694064/19694064 [00:01<00:00, 11687498.47iteration/s]
2026-05-26 16:13:55.867 | INFO     | __main__:<module>:345 - 2026-05-26 16:13:55 RECV round=91 token=0 cid=9 train_duration=110.26158666610718 battery=113812.02J
2026-05-26 16:13:55.867 | INFO     | utils.ConnectHandler_server:send:28 - sending data (59 bytes) to client#9...
2026-05-26 16:13:55.867 | INFO     | utils.ConnectHandler_server:send:34 - sending data (59 bytes) to client#9 completely
2026-05-26 16:13:58.686 | INFO     | __main__:<module>:482 - 2026-05-26 16:13:58 ROUND=91 end avg_acc=39.4350 best_acc=57.5350 duration=116.76s comm_mb=75.161 locations_after=[8, 8] checkpoint=logs_real/autorl_real_server/checkpoints/autorl_dfl_mm_seed1/checkpoint.pt
2026-05-26 16:13:58.700 | INFO     | __main__:aggregate_collided_tokens:99 - 2026-05-26 16:13:58 AGG_COLLISION cid=8 tokens=[0, 1]
2026-05-26 16:13:58.700 | INFO     | __main__:<module>:279 - 2026-05-26 16:13:58 PRE_SEND_RELOCATE round=92 {'token_id': 1, 'src': 8, 'dst': 6, 'reason': 'duplicate_or_inactive_location'}
2026-05-26 16:13:58.700 | INFO     | __main__:<module>:281 - 2026-05-26 16:13:58 ROUND=92 start token_locations=[8, 6] active_clients=[0, 1, 2, 3, 4, 5, 6, 7, 8, 9]
2026-05-26 16:13:58.719 | INFO     | utils.ConnectHandler_server:send:28 - sending data (19736070 bytes) to client#8...
2026-05-26 16:14:00.279 | INFO     | utils.ConnectHandler_server:send:34 - sending data (19736070 bytes) to client#8 completely
2026-05-26 16:14:00.279 | INFO     | __main__:<module>:325 - 2026-05-26 16:14:00 SEND round=92 token=0 cid=8 payload_mb=18.822 duration=1.570s
2026-05-26 16:14:00.298 | INFO     | utils.ConnectHandler_server:send:28 - sending data (19700006 bytes) to client#6...
2026-05-26 16:14:02.029 | INFO     | utils.ConnectHandler_server:send:34 - sending data (19700006 bytes) to client#6 completely
2026-05-26 16:14:02.029 | INFO     | __main__:<module>:325 - 2026-05-26 16:14:02 SEND round=92 token=1 cid=6 payload_mb=18.787 duration=1.741s
2026-05-26 16:15:44.589 | INFO     | utils.ConnectHandler_server:receive:71 - 19696997bytes data to be received from client#6

  0%|          | 0/19696997 [00:00<?, ?iteration/s]
  6%|▌         | 1177224/19696997 [00:00<00:01, 11764565.82iteration/s]
 12%|█▏        | 2354448/19696997 [00:00<00:01, 11759868.44iteration/s]
 18%|█▊        | 3531672/19696997 [00:00<00:01, 11745748.89iteration/s]
 24%|██▍       | 4708896/19696997 [00:00<00:01, 11750398.83iteration/s]
 30%|██▉       | 5889016/19696997 [00:00<00:01, 11753752.14iteration/s]
 36%|███▌      | 7067688/19696997 [00:00<00:01, 11744985.65iteration/s]
 42%|████▏     | 8250704/19696997 [00:00<00:00, 11755630.58iteration/s]
 48%|████▊     | 9430824/19696997 [00:00<00:00, 11750301.89iteration/s]
 54%|█████▍    | 10613840/19696997 [00:00<00:00, 11748541.53iteration/s]
 60%|█████▉    | 11795408/19696997 [00:01<00:00, 11754628.45iteration/s]
 66%|██████▌   | 12981320/19696997 [00:01<00:00, 11756895.66iteration/s]
 72%|███████▏  | 14167232/19696997 [00:01<00:00, 11756948.86iteration/s]
 78%|███████▊  | 15347352/19696997 [00:01<00:00, 11759465.75iteration/s]
 84%|████████▍ | 16527472/19696997 [00:01<00:00, 11762491.23iteration/s]
 90%|████████▉ | 17716280/19696997 [00:01<00:00, 11760137.44iteration/s]
 96%|█████████▌| 18900744/19696997 [00:01<00:00, 11759552.57iteration/s]2026-05-26 16:15:46.266 | INFO     | utils.ConnectHandler_server:receive:80 - receive completed

100%|██████████| 19696997/19696997 [00:01<00:00, 11700266.17iteration/s]
2026-05-26 16:15:46.281 | INFO     | __main__:<module>:345 - 2026-05-26 16:15:46 RECV round=92 token=1 cid=6 train_duration=101.91138291358948 battery=137819.24J
2026-05-26 16:15:46.281 | INFO     | utils.ConnectHandler_server:send:28 - sending data (59 bytes) to client#6...
2026-05-26 16:15:46.281 | INFO     | utils.ConnectHandler_server:send:34 - sending data (59 bytes) to client#6 completely
2026-05-26 16:17:47.140 | INFO     | utils.ConnectHandler_server:receive:71 - 19697437bytes data to be received from client#8

  0%|          | 0/19697437 [00:00<?, ?iteration/s]
  6%|▌         | 1164192/19697437 [00:00<00:01, 11621538.06iteration/s]
 12%|█▏        | 2331280/19697437 [00:00<00:01, 11645635.76iteration/s]
 18%|█▊        | 3498368/19697437 [00:00<00:01, 11634957.26iteration/s]
 24%|██▎       | 4668352/19697437 [00:00<00:01, 11650704.84iteration/s]
 30%|██▉       | 5842680/19697437 [00:00<00:01, 11674891.10iteration/s]
 36%|███▌      | 7014112/19697437 [00:00<00:01, 11684601.44iteration/s]
 42%|████▏     | 8192784/19697437 [00:00<00:00, 11705000.46iteration/s]
 48%|████▊     | 9371456/19697437 [00:00<00:00, 11723613.17iteration/s]
 54%|█████▎    | 10550128/19697437 [00:00<00:00, 11730743.55iteration/s]
 60%|█████▉    | 11730248/19697437 [00:01<00:00, 11744218.81iteration/s]
 66%|██████▌   | 12914712/19697437 [00:01<00:00, 11750107.60iteration/s]
 72%|███████▏  | 14097728/19697437 [00:01<00:00, 11756327.69iteration/s]
 78%|███████▊  | 15282192/19697437 [00:01<00:00, 11742036.89iteration/s]
 84%|████████▎ | 16460864/19697437 [00:01<00:00, 11743268.85iteration/s]
 90%|████████▉ | 17638088/19697437 [00:01<00:00, 11738131.12iteration/s]
 96%|█████████▌| 18822552/19697437 [00:01<00:00, 11740435.42iteration/s]2026-05-26 16:17:48.822 | INFO     | utils.ConnectHandler_server:receive:80 - receive completed

100%|██████████| 19697437/19697437 [00:01<00:00, 11664137.44iteration/s]
2026-05-26 16:17:48.837 | INFO     | __main__:<module>:345 - 2026-05-26 16:17:48 RECV round=92 token=0 cid=8 train_duration=226.11456632614136 battery=76058.41J
2026-05-26 16:17:48.837 | INFO     | utils.ConnectHandler_server:send:28 - sending data (59 bytes) to client#8...
2026-05-26 16:17:48.837 | INFO     | utils.ConnectHandler_server:send:34 - sending data (59 bytes) to client#8 completely
2026-05-26 16:17:51.645 | INFO     | __main__:<module>:482 - 2026-05-26 16:17:51 ROUND=92 end avg_acc=37.3050 best_acc=57.5350 duration=232.87s comm_mb=75.173 locations_after=[7, 7] checkpoint=logs_real/autorl_real_server/checkpoints/autorl_dfl_mm_seed1/checkpoint.pt
2026-05-26 16:17:51.659 | INFO     | __main__:aggregate_collided_tokens:99 - 2026-05-26 16:17:51 AGG_COLLISION cid=7 tokens=[0, 1]
2026-05-26 16:17:51.659 | INFO     | __main__:<module>:279 - 2026-05-26 16:17:51 PRE_SEND_RELOCATE round=93 {'token_id': 1, 'src': 7, 'dst': 3, 'reason': 'duplicate_or_inactive_location'}
2026-05-26 16:17:51.659 | INFO     | __main__:<module>:281 - 2026-05-26 16:17:51 ROUND=93 start token_locations=[7, 3] active_clients=[0, 1, 2, 3, 4, 5, 6, 7, 8, 9]
2026-05-26 16:17:51.676 | INFO     | utils.ConnectHandler_server:send:28 - sending data (19729973 bytes) to client#7...
2026-05-26 16:17:53.283 | INFO     | utils.ConnectHandler_server:send:34 - sending data (19729973 bytes) to client#7 completely
2026-05-26 16:17:53.283 | INFO     | __main__:<module>:325 - 2026-05-26 16:17:53 SEND round=93 token=0 cid=7 payload_mb=18.816 duration=1.615s
2026-05-26 16:17:53.299 | INFO     | utils.ConnectHandler_server:send:28 - sending data (19700011 bytes) to client#3...
2026-05-26 16:17:54.953 | INFO     | utils.ConnectHandler_server:send:34 - sending data (19700011 bytes) to client#3 completely
2026-05-26 16:17:54.953 | INFO     | __main__:<module>:325 - 2026-05-26 16:17:54 SEND round=93 token=1 cid=3 payload_mb=18.787 duration=1.662s
2026-05-26 16:19:18.867 | INFO     | utils.ConnectHandler_server:receive:71 - 19696971bytes data to be received from client#3

  0%|          | 0/19696971 [00:00<?, ?iteration/s]
  6%|▌         | 1177224/19696971 [00:00<00:01, 11760418.75iteration/s]
 12%|█▏        | 2354448/19696971 [00:00<00:01, 11631304.86iteration/s]
 18%|█▊        | 3533120/19696971 [00:00<00:01, 11693451.86iteration/s]
 24%|██▍       | 4710344/19696971 [00:00<00:01, 11719997.94iteration/s]
 30%|██▉       | 5887568/19696971 [00:00<00:01, 11730860.01iteration/s]
 36%|███▌      | 7064792/19696971 [00:00<00:01, 11735057.96iteration/s]
 42%|████▏     | 8247808/19696971 [00:00<00:00, 11748951.10iteration/s]
 48%|████▊     | 9430824/19696971 [00:00<00:00, 11750944.11iteration/s]
 54%|█████▍    | 10613840/19696971 [00:00<00:00, 11755484.17iteration/s]
 60%|█████▉    | 11795408/19696971 [00:01<00:00, 11750941.15iteration/s]
 66%|██████▌   | 12975528/19696971 [00:01<00:00, 11731123.69iteration/s]
 72%|███████▏  | 14161440/19696971 [00:01<00:00, 11746572.23iteration/s]
 78%|███████▊  | 15343008/19696971 [00:01<00:00, 11727593.59iteration/s]
 84%|████████▍ | 16524576/19696971 [00:01<00:00, 11718573.87iteration/s]
 90%|████████▉ | 17713384/19696971 [00:01<00:00, 11731301.46iteration/s]
 96%|█████████▌| 18894952/19696971 [00:01<00:00, 11741293.93iteration/s]2026-05-26 16:19:20.548 | INFO     | utils.ConnectHandler_server:receive:80 - receive completed

100%|██████████| 19696971/19696971 [00:01<00:00, 11675043.69iteration/s]
2026-05-26 16:19:20.564 | INFO     | __main__:<module>:345 - 2026-05-26 16:19:20 RECV round=93 token=1 cid=3 train_duration=83.23567056655884 battery=132355.22J
2026-05-26 16:19:20.564 | INFO     | utils.ConnectHandler_server:send:28 - sending data (59 bytes) to client#3...
2026-05-26 16:19:20.564 | INFO     | utils.ConnectHandler_server:send:34 - sending data (59 bytes) to client#3 completely
2026-05-26 16:19:37.887 | INFO     | utils.ConnectHandler_server:receive:71 - 19697437bytes data to be received from client#7

  0%|          | 0/19697437 [00:00<?, ?iteration/s]
  6%|▌         | 1167088/19697437 [00:00<00:01, 11666941.23iteration/s]
 12%|█▏        | 2335624/19697437 [00:00<00:01, 11673328.44iteration/s]
 18%|█▊        | 3505608/19697437 [00:00<00:01, 11672059.13iteration/s]
 24%|██▎       | 4675592/19697437 [00:00<00:01, 11665402.88iteration/s]
 30%|██▉       | 5851368/19697437 [00:00<00:01, 11688737.20iteration/s]
 36%|███▌      | 7028592/19697437 [00:00<00:01, 11701584.00iteration/s]
 42%|████▏     | 8208712/19697437 [00:00<00:00, 11716627.37iteration/s]
 48%|████▊     | 9387384/19697437 [00:00<00:00, 11729904.00iteration/s]
 54%|█████▎    | 10564608/19697437 [00:00<00:00, 11742092.35iteration/s]
 60%|█████▉    | 11740384/19697437 [00:01<00:00, 11741523.52iteration/s]
 66%|██████▌   | 12919056/19697437 [00:01<00:00, 11744411.88iteration/s]
 72%|███████▏  | 14097728/19697437 [00:01<00:00, 11741527.28iteration/s]
 78%|███████▊  | 15277848/19697437 [00:01<00:00, 11742566.94iteration/s]
 84%|████████▎ | 16460864/19697437 [00:01<00:00, 11742820.45iteration/s]
 90%|████████▉ | 17639536/19697437 [00:01<00:00, 11733991.35iteration/s]
 96%|█████████▌| 18821104/19697437 [00:01<00:00, 11736749.69iteration/s]2026-05-26 16:19:39.568 | INFO     | utils.ConnectHandler_server:receive:80 - receive completed

100%|██████████| 19697437/19697437 [00:01<00:00, 11669902.37iteration/s]
2026-05-26 16:19:39.584 | INFO     | __main__:<module>:345 - 2026-05-26 16:19:39 RECV round=93 token=0 cid=7 train_duration=104.14939641952515 battery=95561.10J
2026-05-26 16:19:39.584 | INFO     | utils.ConnectHandler_server:send:28 - sending data (59 bytes) to client#7...
2026-05-26 16:19:39.584 | INFO     | utils.ConnectHandler_server:send:34 - sending data (59 bytes) to client#7 completely
2026-05-26 16:19:42.461 | INFO     | __main__:<module>:482 - 2026-05-26 16:19:42 ROUND=93 end avg_acc=40.0100 best_acc=57.5350 duration=110.73s comm_mb=75.167 locations_after=[7, 8] checkpoint=logs_real/autorl_real_server/checkpoints/autorl_dfl_mm_seed1/checkpoint.pt
2026-05-26 16:19:42.461 | INFO     | __main__:<module>:281 - 2026-05-26 16:19:42 ROUND=94 start token_locations=[7, 8] active_clients=[0, 1, 2, 3, 4, 5, 6, 7, 8, 9]
2026-05-26 16:19:42.480 | INFO     | utils.ConnectHandler_server:send:28 - sending data (19729973 bytes) to client#7...
2026-05-26 16:19:44.088 | INFO     | utils.ConnectHandler_server:send:34 - sending data (19729973 bytes) to client#7 completely
2026-05-26 16:19:44.088 | INFO     | __main__:<module>:325 - 2026-05-26 16:19:44 SEND round=94 token=0 cid=7 payload_mb=18.816 duration=1.618s
2026-05-26 16:19:44.108 | INFO     | utils.ConnectHandler_server:send:28 - sending data (19736074 bytes) to client#8...
2026-05-26 16:19:45.707 | INFO     | utils.ConnectHandler_server:send:34 - sending data (19736074 bytes) to client#8 completely
2026-05-26 16:19:45.708 | INFO     | __main__:<module>:325 - 2026-05-26 16:19:45 SEND round=94 token=1 cid=8 payload_mb=18.822 duration=1.610s
2026-05-26 16:21:32.786 | INFO     | utils.ConnectHandler_server:receive:71 - 19697437bytes data to be received from client#7

  0%|          | 0/19697437 [00:00<?, ?iteration/s]
  6%|▌         | 1174328/19697437 [00:00<00:01, 11728442.95iteration/s]
 12%|█▏        | 2348656/19697437 [00:00<00:01, 11679691.25iteration/s]
 18%|█▊        | 3518640/19697437 [00:00<00:01, 11658447.48iteration/s]
 24%|██▍       | 4687176/19697437 [00:00<00:01, 11646512.68iteration/s]
 30%|██▉       | 5864400/19697437 [00:00<00:01, 11677952.84iteration/s]
 36%|███▌      | 7043072/19697437 [00:00<00:01, 11705413.31iteration/s]
 42%|████▏     | 8221744/19697437 [00:00<00:00, 11715362.20iteration/s]
 48%|████▊     | 9404760/19697437 [00:00<00:00, 11729412.01iteration/s]
 54%|█████▎    | 10583432/19697437 [00:00<00:00, 11733134.46iteration/s]
 60%|█████▉    | 11763552/19697437 [00:01<00:00, 11740483.80iteration/s]
 66%|██████▌   | 12948016/19697437 [00:01<00:00, 11743921.28iteration/s]
 72%|███████▏  | 14123792/19697437 [00:01<00:00, 11745190.90iteration/s]
 78%|███████▊  | 15305360/19697437 [00:01<00:00, 11742005.07iteration/s]
 84%|████████▎ | 16484032/19697437 [00:01<00:00, 11743913.17iteration/s]
 90%|████████▉ | 17664152/19697437 [00:01<00:00, 11746849.39iteration/s]
 96%|█████████▌| 18844272/19697437 [00:01<00:00, 11743946.30iteration/s]2026-05-26 16:21:34.467 | INFO     | utils.ConnectHandler_server:receive:80 - receive completed

100%|██████████| 19697437/19697437 [00:01<00:00, 11672200.70iteration/s]
2026-05-26 16:21:34.483 | INFO     | __main__:<module>:345 - 2026-05-26 16:21:34 RECV round=94 token=0 cid=7 train_duration=108.2458336353302 battery=93895.12J
2026-05-26 16:21:34.483 | INFO     | utils.ConnectHandler_server:send:28 - sending data (59 bytes) to client#7...
2026-05-26 16:21:34.483 | INFO     | utils.ConnectHandler_server:send:34 - sending data (59 bytes) to client#7 completely
2026-05-26 16:23:32.213 | INFO     | utils.ConnectHandler_server:receive:71 - 19697437bytes data to be received from client#8

  0%|          | 0/19697437 [00:00<?, ?iteration/s]
  6%|▌         | 1161296/19697437 [00:00<00:01, 11591111.48iteration/s]
 12%|█▏        | 2332728/19697437 [00:00<00:01, 11658374.68iteration/s]
 18%|█▊        | 3504160/19697437 [00:00<00:01, 11676426.39iteration/s]
 24%|██▎       | 4674144/19697437 [00:00<00:01, 11671111.72iteration/s]
 30%|██▉       | 5847024/19697437 [00:00<00:01, 11688107.99iteration/s]
 36%|███▌      | 7018456/19697437 [00:00<00:01, 11687833.96iteration/s]
 42%|████▏     | 8189888/19697437 [00:00<00:00, 11683615.73iteration/s]
 48%|████▊     | 9359872/19697437 [00:00<00:00, 11681127.99iteration/s]
 53%|█████▎    | 10535648/19697437 [00:00<00:00, 11680139.12iteration/s]
 59%|█████▉    | 11705632/19697437 [00:01<00:00, 11677712.82iteration/s]
 65%|██████▌   | 12874168/19697437 [00:01<00:00, 11677500.88iteration/s]
 71%|███████▏  | 14045600/19697437 [00:01<00:00, 11685030.73iteration/s]
 77%|███████▋  | 15222824/19697437 [00:01<00:00, 11686971.31iteration/s]
 83%|████████▎ | 16394256/19697437 [00:01<00:00, 11680262.64iteration/s]
 89%|████████▉ | 17575824/19697437 [00:01<00:00, 11691822.37iteration/s]
 95%|█████████▌| 18753048/19697437 [00:01<00:00, 11715819.57iteration/s]2026-05-26 16:23:33.899 | INFO     | utils.ConnectHandler_server:receive:80 - receive completed

100%|██████████| 19697437/19697437 [00:01<00:00, 11638250.00iteration/s]
2026-05-26 16:23:33.914 | INFO     | __main__:<module>:345 - 2026-05-26 16:23:33 RECV round=94 token=1 cid=8 train_duration=225.80650877952576 battery=72583.09J
2026-05-26 16:23:33.915 | INFO     | utils.ConnectHandler_server:send:28 - sending data (59 bytes) to client#8...
2026-05-26 16:23:33.915 | INFO     | utils.ConnectHandler_server:send:34 - sending data (59 bytes) to client#8 completely
2026-05-26 16:23:36.736 | INFO     | __main__:<module>:482 - 2026-05-26 16:23:36 ROUND=94 end avg_acc=49.6350 best_acc=57.5350 duration=234.19s comm_mb=75.202 locations_after=[8, 9] checkpoint=logs_real/autorl_real_server/checkpoints/autorl_dfl_mm_seed1/checkpoint.pt
2026-05-26 16:23:36.736 | INFO     | __main__:<module>:281 - 2026-05-26 16:23:36 ROUND=95 start token_locations=[8, 9] active_clients=[0, 1, 2, 3, 4, 5, 6, 7, 8, 9]
2026-05-26 16:23:36.755 | INFO     | utils.ConnectHandler_server:send:28 - sending data (19736070 bytes) to client#8...
2026-05-26 16:23:38.285 | INFO     | utils.ConnectHandler_server:send:34 - sending data (19736070 bytes) to client#8 completely
2026-05-26 16:23:38.285 | INFO     | __main__:<module>:325 - 2026-05-26 16:23:38 SEND round=95 token=0 cid=8 payload_mb=18.822 duration=1.540s
2026-05-26 16:23:38.304 | INFO     | utils.ConnectHandler_server:send:28 - sending data (19723889 bytes) to client#9...
2026-05-26 16:23:40.070 | INFO     | utils.ConnectHandler_server:send:34 - sending data (19723889 bytes) to client#9 completely
2026-05-26 16:23:40.070 | INFO     | __main__:<module>:325 - 2026-05-26 16:23:40 SEND round=95 token=1 cid=9 payload_mb=18.810 duration=1.775s
2026-05-26 16:25:29.389 | INFO     | utils.ConnectHandler_server:receive:71 - 19694064bytes data to be received from client#9

  0%|          | 0/19694064 [00:00<?, ?iteration/s]
  6%|▌         | 1182104/19694064 [00:00<00:01, 11812742.95iteration/s]
 12%|█▏        | 2364208/19694064 [00:00<00:01, 11772304.82iteration/s]
 18%|█▊        | 3543484/19694064 [00:00<00:01, 11757032.68iteration/s]
 24%|██▍       | 4719932/19694064 [00:00<00:01, 11744115.33iteration/s]
 30%|██▉       | 5900622/19694064 [00:00<00:01, 11747229.26iteration/s]
 36%|███▌      | 7079898/19694064 [00:00<00:01, 11748424.89iteration/s]
 42%|████▏     | 8259174/19694064 [00:00<00:00, 11738620.23iteration/s]
 48%|████▊     | 9438450/19694064 [00:00<00:00, 11742690.77iteration/s]
 54%|█████▍    | 10614898/19694064 [00:00<00:00, 11739418.50iteration/s]
 60%|█████▉    | 11797002/19694064 [00:01<00:00, 11745980.07iteration/s]
 66%|██████▌   | 12973450/19694064 [00:01<00:00, 11744596.53iteration/s]
 72%|███████▏  | 14152726/19694064 [00:01<00:00, 11740383.91iteration/s]
 78%|███████▊  | 15334830/19694064 [00:01<00:00, 11737092.96iteration/s]
 84%|████████▍ | 16514106/19694064 [00:01<00:00, 11744217.70iteration/s]
 90%|████████▉ | 17690554/19694064 [00:01<00:00, 11741418.33iteration/s]
 96%|█████████▌| 18868416/19694064 [00:01<00:00, 11745359.85iteration/s]2026-05-26 16:25:31.067 | INFO     | utils.ConnectHandler_server:receive:80 - receive completed

100%|██████████| 19694064/19694064 [00:01<00:00, 11693934.77iteration/s]
2026-05-26 16:25:31.083 | INFO     | __main__:<module>:345 - 2026-05-26 16:25:31 RECV round=95 token=1 cid=9 train_duration=108.90767407417297 battery=111977.23J
2026-05-26 16:25:31.083 | INFO     | utils.ConnectHandler_server:send:28 - sending data (59 bytes) to client#9...
2026-05-26 16:25:31.083 | INFO     | utils.ConnectHandler_server:send:34 - sending data (59 bytes) to client#9 completely
2026-05-26 16:27:25.287 | INFO     | utils.ConnectHandler_server:receive:71 - 19697437bytes data to be received from client#8

  0%|          | 0/19697437 [00:00<?, ?iteration/s]
  6%|▌         | 1161296/19697437 [00:00<00:01, 11590945.98iteration/s]
 12%|█▏        | 2329832/19697437 [00:00<00:01, 11638683.18iteration/s]
 18%|█▊        | 3498368/19697437 [00:00<00:01, 11652569.75iteration/s]
 24%|██▎       | 4666904/19697437 [00:00<00:01, 11658436.40iteration/s]
 30%|██▉       | 5836888/19697437 [00:00<00:01, 11669828.47iteration/s]
 36%|███▌      | 7011216/19697437 [00:00<00:01, 11677448.35iteration/s]
 42%|████▏     | 8194232/19697437 [00:00<00:00, 11709211.26iteration/s]
 48%|████▊     | 9365664/19697437 [00:00<00:00, 11707211.08iteration/s]
 54%|█████▎    | 10547232/19697437 [00:00<00:00, 11721547.56iteration/s]
 60%|█████▉    | 11730248/19697437 [00:01<00:00, 11729938.25iteration/s]
 66%|██████▌   | 12906024/19697437 [00:01<00:00, 11733223.89iteration/s]
 72%|███████▏  | 14086144/19697437 [00:01<00:00, 11741350.93iteration/s]
 78%|███████▊  | 15272056/19697437 [00:01<00:00, 11746653.23iteration/s]
 84%|████████▎ | 16456520/19697437 [00:01<00:00, 11752981.08iteration/s]
 90%|████████▉ | 17639536/19697437 [00:01<00:00, 11745400.37iteration/s]
 96%|█████████▌| 18824000/19697437 [00:01<00:00, 11749346.11iteration/s]2026-05-26 16:27:26.970 | INFO     | utils.ConnectHandler_server:receive:80 - receive completed

100%|██████████| 19697437/19697437 [00:01<00:00, 11656302.38iteration/s]
2026-05-26 16:27:26.987 | INFO     | __main__:<module>:345 - 2026-05-26 16:27:26 RECV round=95 token=0 cid=8 train_duration=226.1046280860901 battery=69103.18J
2026-05-26 16:27:26.987 | INFO     | utils.ConnectHandler_server:send:28 - sending data (59 bytes) to client#8...
2026-05-26 16:27:26.987 | INFO     | utils.ConnectHandler_server:send:34 - sending data (59 bytes) to client#8 completely
2026-05-26 16:27:29.876 | INFO     | __main__:<module>:482 - 2026-05-26 16:27:29 ROUND=95 end avg_acc=54.4100 best_acc=57.5350 duration=233.05s comm_mb=75.196 locations_after=[9, 9] checkpoint=logs_real/autorl_real_server/checkpoints/autorl_dfl_mm_seed1/checkpoint.pt
2026-05-26 16:27:29.890 | INFO     | __main__:aggregate_collided_tokens:99 - 2026-05-26 16:27:29 AGG_COLLISION cid=9 tokens=[0, 1]
2026-05-26 16:27:29.890 | INFO     | __main__:<module>:279 - 2026-05-26 16:27:29 PRE_SEND_RELOCATE round=96 {'token_id': 1, 'src': 9, 'dst': 1, 'reason': 'duplicate_or_inactive_location'}
2026-05-26 16:27:29.890 | INFO     | __main__:<module>:281 - 2026-05-26 16:27:29 ROUND=96 start token_locations=[9, 1] active_clients=[0, 1, 2, 3, 4, 5, 6, 7, 8, 9]
2026-05-26 16:27:29.912 | INFO     | utils.ConnectHandler_server:send:28 - sending data (19723885 bytes) to client#9...
2026-05-26 16:27:31.543 | INFO     | utils.ConnectHandler_server:send:34 - sending data (19723885 bytes) to client#9 completely
2026-05-26 16:27:31.543 | INFO     | __main__:<module>:325 - 2026-05-26 16:27:31 SEND round=96 token=0 cid=9 payload_mb=18.810 duration=1.643s
2026-05-26 16:27:31.562 | INFO     | utils.ConnectHandler_server:send:28 - sending data (19700005 bytes) to client#1...
2026-05-26 16:27:33.185 | INFO     | utils.ConnectHandler_server:send:34 - sending data (19700005 bytes) to client#1 completely
2026-05-26 16:27:33.185 | INFO     | __main__:<module>:325 - 2026-05-26 16:27:33 SEND round=96 token=1 cid=1 payload_mb=18.787 duration=1.633s
2026-05-26 16:29:24.304 | INFO     | utils.ConnectHandler_server:receive:71 - 19696977bytes data to be received from client#1

  0%|          | 0/19696977 [00:00<?, ?iteration/s]
  6%|▌         | 1168536/19696977 [00:00<00:01, 11676240.16iteration/s]
 12%|█▏        | 2345760/19696977 [00:00<00:01, 11725630.11iteration/s]
 18%|█▊        | 3522984/19696977 [00:00<00:01, 11743253.05iteration/s]
 24%|██▍       | 4698760/19696977 [00:00<00:01, 11744882.50iteration/s]
 30%|██▉       | 5875984/19696977 [00:00<00:01, 11752656.06iteration/s]
 36%|███▌      | 7056104/19696977 [00:00<00:01, 11754756.46iteration/s]
 42%|████▏     | 8234776/19696977 [00:00<00:00, 11751154.20iteration/s]
 48%|████▊     | 9410552/19696977 [00:00<00:00, 11432218.72iteration/s]
 54%|█████▎    | 10560264/19696977 [00:00<00:00, 10434001.11iteration/s]
 60%|█████▉    | 11741832/19696977 [00:01<00:00, 10812957.34iteration/s]
 66%|██████▌   | 12927744/19696977 [00:01<00:00, 11089823.31iteration/s]
 72%|███████▏  | 14106416/19696977 [00:01<00:00, 11282375.28iteration/s]
 78%|███████▊  | 15289432/19696977 [00:01<00:00, 11424132.59iteration/s]
 84%|████████▎ | 16475344/19696977 [00:01<00:00, 11528903.67iteration/s]
 90%|████████▉ | 17664152/19696977 [00:01<00:00, 11599455.49iteration/s]
 96%|█████████▌| 18847168/19696977 [00:01<00:00, 11643593.07iteration/s]2026-05-26 16:29:26.024 | INFO     | utils.ConnectHandler_server:receive:80 - receive completed

100%|██████████| 19696977/19696977 [00:01<00:00, 11235514.57iteration/s]
2026-05-26 16:29:26.075 | INFO     | __main__:<module>:345 - 2026-05-26 16:29:26 RECV round=96 token=1 cid=1 train_duration=110.1398994922638 battery=128959.61J
2026-05-26 16:29:26.076 | INFO     | utils.ConnectHandler_server:send:28 - sending data (59 bytes) to client#1...
2026-05-26 16:29:26.076 | INFO     | utils.ConnectHandler_server:send:34 - sending data (59 bytes) to client#1 completely
2026-05-26 16:29:26.076 | INFO     | utils.ConnectHandler_server:receive:71 - 19694064bytes data to be received from client#9

  0%|          | 0/19694064 [00:00<?, ?iteration/s]
  8%|▊         | 1658622/19694064 [00:00<00:01, 16575289.16iteration/s]
 17%|█▋        | 3318658/19694064 [00:00<00:01, 13343790.09iteration/s]
 24%|██▍       | 4694480/19694064 [00:00<00:01, 12622961.36iteration/s]
 30%|███       | 5978392/19694064 [00:00<00:01, 12298936.89iteration/s]
 37%|███▋      | 7219884/19694064 [00:00<00:01, 12109385.58iteration/s]
 43%|████▎     | 8435924/19694064 [00:00<00:00, 11997294.34iteration/s]
 49%|████▉     | 9644894/19694064 [00:00<00:00, 11918541.64iteration/s]
 55%|█████▌    | 10842552/19694064 [00:00<00:00, 11861684.58iteration/s]
 61%|██████    | 12030312/19694064 [00:00<00:00, 11825966.15iteration/s]
 67%|██████▋   | 13218072/19694064 [00:01<00:00, 11801448.00iteration/s]
 73%|███████▎  | 14405832/19694064 [00:01<00:00, 11780761.39iteration/s]
 79%|███████▉  | 15585108/19694064 [00:01<00:00, 11773013.61iteration/s]
 85%|████████▌ | 16771454/19694064 [00:01<00:00, 11764028.44iteration/s]
 91%|█████████ | 17950730/19694064 [00:01<00:00, 11761633.83iteration/s]
 97%|█████████▋| 19137076/19694064 [00:01<00:00, 11745081.15iteration/s]2026-05-26 16:29:27.712 | INFO     | utils.ConnectHandler_server:receive:80 - receive completed

100%|██████████| 19694064/19694064 [00:01<00:00, 11981039.21iteration/s]
2026-05-26 16:29:27.728 | INFO     | __main__:<module>:345 - 2026-05-26 16:29:27 RECV round=96 token=0 cid=9 train_duration=113.02159214019775 battery=110073.13J
2026-05-26 16:29:27.728 | INFO     | utils.ConnectHandler_server:send:28 - sending data (59 bytes) to client#9...
2026-05-26 16:29:27.729 | INFO     | utils.ConnectHandler_server:send:34 - sending data (59 bytes) to client#9 completely
2026-05-26 16:29:30.636 | INFO     | __main__:<module>:482 - 2026-05-26 16:29:30 ROUND=96 end avg_acc=48.3700 best_acc=57.5350 duration=120.67s comm_mb=75.161 locations_after=[8, 0] checkpoint=logs_real/autorl_real_server/checkpoints/autorl_dfl_mm_seed1/checkpoint.pt
2026-05-26 16:29:30.636 | INFO     | __main__:<module>:281 - 2026-05-26 16:29:30 ROUND=97 start token_locations=[8, 0] active_clients=[0, 1, 2, 3, 4, 5, 6, 7, 8, 9]
2026-05-26 16:29:30.655 | INFO     | utils.ConnectHandler_server:send:28 - sending data (19736070 bytes) to client#8...
2026-05-26 16:29:32.178 | INFO     | utils.ConnectHandler_server:send:34 - sending data (19736070 bytes) to client#8 completely
2026-05-26 16:29:32.178 | INFO     | __main__:<module>:325 - 2026-05-26 16:29:32 SEND round=97 token=0 cid=8 payload_mb=18.822 duration=1.532s
2026-05-26 16:29:32.197 | INFO     | utils.ConnectHandler_server:send:28 - sending data (19700009 bytes) to client#0...
2026-05-26 16:29:33.957 | INFO     | utils.ConnectHandler_server:send:34 - sending data (19700009 bytes) to client#0 completely
2026-05-26 16:29:33.957 | INFO     | __main__:<module>:325 - 2026-05-26 16:29:33 SEND round=97 token=1 cid=0 payload_mb=18.787 duration=1.770s
2026-05-26 16:31:48.992 | INFO     | utils.ConnectHandler_server:receive:71 - 19697033bytes data to be received from client#0

  0%|          | 0/19697033 [00:00<?, ?iteration/s]
  6%|▌         | 1169984/19697033 [00:00<00:01, 11690875.97iteration/s]
 12%|█▏        | 2345760/19697033 [00:00<00:01, 11730049.22iteration/s]
 18%|█▊        | 3522984/19697033 [00:00<00:01, 11740651.65iteration/s]
 24%|██▍       | 4698760/19697033 [00:00<00:01, 11741475.06iteration/s]
 30%|██▉       | 5875984/19697033 [00:00<00:01, 11746954.12iteration/s]
 36%|███▌      | 7053208/19697033 [00:00<00:01, 11749324.45iteration/s]
 42%|████▏     | 8237672/19697033 [00:00<00:00, 11763971.38iteration/s]
 48%|████▊     | 9417792/19697033 [00:00<00:00, 11756572.68iteration/s]
 54%|█████▍    | 10597912/19697033 [00:00<00:00, 11759870.64iteration/s]
 60%|█████▉    | 11778032/19697033 [00:01<00:00, 11756295.11iteration/s]
 66%|██████▌   | 12959600/19697033 [00:01<00:00, 11761176.58iteration/s]
 72%|███████▏  | 14141168/19697033 [00:01<00:00, 11760727.23iteration/s]
 78%|███████▊  | 15321288/19697033 [00:01<00:00, 11754788.15iteration/s]
 84%|████████▍ | 16502856/19697033 [00:01<00:00, 11754536.39iteration/s]
 90%|████████▉ | 17691664/19697033 [00:01<00:00, 11763628.25iteration/s]
 96%|█████████▌| 18874680/19697033 [00:01<00:00, 11758263.75iteration/s]2026-05-26 16:31:50.669 | INFO     | utils.ConnectHandler_server:receive:80 - receive completed

100%|██████████| 19697033/19697033 [00:01<00:00, 11699228.80iteration/s]
2026-05-26 16:31:50.685 | INFO     | __main__:<module>:345 - 2026-05-26 16:31:50 RECV round=97 token=1 cid=0 train_duration=121.92782616615295 battery=137498.88J
2026-05-26 16:31:50.685 | INFO     | utils.ConnectHandler_server:send:28 - sending data (59 bytes) to client#0...
2026-05-26 16:31:50.685 | INFO     | utils.ConnectHandler_server:send:34 - sending data (59 bytes) to client#0 completely
2026-05-26 16:33:18.884 | INFO     | utils.ConnectHandler_server:receive:71 - 19697437bytes data to be received from client#8

  0%|          | 0/19697437 [00:00<?, ?iteration/s]
  6%|▌         | 1156952/19697437 [00:00<00:01, 11569200.04iteration/s]
 12%|█▏        | 2326936/19697437 [00:00<00:01, 11634141.86iteration/s]
 18%|█▊        | 3495472/19697437 [00:00<00:01, 11649788.92iteration/s]
 24%|██▎       | 4662560/19697437 [00:00<00:01, 11650903.11iteration/s]
 30%|██▉       | 5832544/19697437 [00:00<00:01, 11657533.49iteration/s]
 36%|███▌      | 7005424/19697437 [00:00<00:01, 11670135.84iteration/s]
 42%|████▏     | 8185544/19697437 [00:00<00:00, 11696110.95iteration/s]
 48%|████▊     | 9361320/19697437 [00:00<00:00, 11711452.25iteration/s]
 54%|█████▎    | 10541440/19697437 [00:00<00:00, 11715171.00iteration/s]
 60%|█████▉    | 11723008/19697437 [00:01<00:00, 11732136.44iteration/s]
 65%|██████▌   | 12897336/19697437 [00:01<00:00, 11735174.26iteration/s]
 72%|███████▏  | 14084696/19697437 [00:01<00:00, 11744798.34iteration/s]
 78%|███████▊  | 15272056/19697437 [00:01<00:00, 11749521.17iteration/s]
 84%|████████▎ | 16457968/19697437 [00:01<00:00, 11744035.90iteration/s]
 90%|████████▉ | 17638088/19697437 [00:01<00:00, 11753986.95iteration/s]
 96%|█████████▌| 18818208/19697437 [00:01<00:00, 11750624.66iteration/s]2026-05-26 16:33:20.567 | INFO     | utils.ConnectHandler_server:receive:80 - receive completed

100%|██████████| 19697437/19697437 [00:01<00:00, 11657070.45iteration/s]
2026-05-26 16:33:20.583 | INFO     | __main__:<module>:345 - 2026-05-26 16:33:20 RECV round=97 token=0 cid=8 train_duration=225.83479118347168 battery=65627.42J
2026-05-26 16:33:20.583 | INFO     | utils.ConnectHandler_server:send:28 - sending data (59 bytes) to client#8...
2026-05-26 16:33:20.583 | INFO     | utils.ConnectHandler_server:send:34 - sending data (59 bytes) to client#8 completely
2026-05-26 16:33:23.473 | INFO     | __main__:<module>:482 - 2026-05-26 16:33:23 ROUND=97 end avg_acc=38.3100 best_acc=57.5350 duration=232.75s comm_mb=75.173 locations_after=[7, 0] checkpoint=logs_real/autorl_real_server/checkpoints/autorl_dfl_mm_seed1/checkpoint.pt
2026-05-26 16:33:23.473 | INFO     | __main__:<module>:281 - 2026-05-26 16:33:23 ROUND=98 start token_locations=[7, 0] active_clients=[0, 1, 2, 3, 4, 5, 6, 7, 8, 9]
2026-05-26 16:33:23.492 | INFO     | utils.ConnectHandler_server:send:28 - sending data (19729973 bytes) to client#7...
2026-05-26 16:33:25.102 | INFO     | utils.ConnectHandler_server:send:34 - sending data (19729973 bytes) to client#7 completely
2026-05-26 16:33:25.102 | INFO     | __main__:<module>:325 - 2026-05-26 16:33:25 SEND round=98 token=0 cid=7 payload_mb=18.816 duration=1.619s
2026-05-26 16:33:25.121 | INFO     | utils.ConnectHandler_server:send:28 - sending data (19700009 bytes) to client#0...
2026-05-26 16:33:26.797 | INFO     | utils.ConnectHandler_server:send:34 - sending data (19700009 bytes) to client#0 completely
2026-05-26 16:33:26.797 | INFO     | __main__:<module>:325 - 2026-05-26 16:33:26 SEND round=98 token=1 cid=0 payload_mb=18.787 duration=1.686s
2026-05-26 16:35:16.640 | INFO     | utils.ConnectHandler_server:receive:71 - 19696973bytes data to be received from client#0

  0%|          | 0/19696973 [00:00<?, ?iteration/s]
  6%|▌         | 1129440/19696973 [00:00<00:01, 11269396.33iteration/s]
 12%|█▏        | 2306664/19696973 [00:00<00:01, 11556308.81iteration/s]
 18%|█▊        | 3485336/19696973 [00:00<00:01, 11654090.29iteration/s]
 24%|██▎       | 4659664/19696973 [00:00<00:01, 11684724.12iteration/s]
 30%|██▉       | 5839784/19696973 [00:00<00:01, 11712146.52iteration/s]
 36%|███▌      | 7019904/19696973 [00:00<00:01, 11728297.59iteration/s]
 42%|████▏     | 8200024/19696973 [00:00<00:00, 11743257.62iteration/s]
 48%|████▊     | 9377248/19696973 [00:00<00:00, 11743084.73iteration/s]
 54%|█████▎    | 10554472/19696973 [00:00<00:00, 11750202.38iteration/s]
 60%|█████▉    | 11736040/19696973 [00:01<00:00, 11754935.20iteration/s]
 66%|██████▌   | 12913264/19696973 [00:01<00:00, 11750057.95iteration/s]
 72%|███████▏  | 14093384/19696973 [00:01<00:00, 11754289.78iteration/s]
 78%|███████▊  | 15276400/19696973 [00:01<00:00, 11756342.42iteration/s]
 84%|████████▎ | 16465208/19696973 [00:01<00:00, 11763705.65iteration/s]
 90%|████████▉ | 17654016/19696973 [00:01<00:00, 11763973.65iteration/s]
 96%|█████████▌| 18837032/19696973 [00:01<00:00, 11762298.02iteration/s]2026-05-26 16:35:18.322 | INFO     | utils.ConnectHandler_server:receive:80 - receive completed

100%|██████████| 19696973/19696973 [00:01<00:00, 11664862.33iteration/s]
2026-05-26 16:35:18.338 | INFO     | __main__:<module>:345 - 2026-05-26 16:35:18 RECV round=98 token=1 cid=0 train_duration=108.86982321739197 battery=136570.16J
2026-05-26 16:35:18.339 | INFO     | utils.ConnectHandler_server:send:28 - sending data (59 bytes) to client#0...
2026-05-26 16:35:18.339 | INFO     | utils.ConnectHandler_server:send:34 - sending data (59 bytes) to client#0 completely
2026-05-26 16:35:29.234 | INFO     | utils.ConnectHandler_server:receive:71 - 19697437bytes data to be received from client#7

  0%|          | 0/19697437 [00:00<?, ?iteration/s]
  6%|▌         | 1169984/19697437 [00:00<00:01, 11672050.62iteration/s]
 12%|█▏        | 2339968/19697437 [00:00<00:01, 11667186.09iteration/s]
 18%|█▊        | 3508504/19697437 [00:00<00:01, 11654422.02iteration/s]
 24%|██▎       | 4677040/19697437 [00:00<00:01, 11654398.24iteration/s]
 30%|██▉       | 5851368/19697437 [00:00<00:01, 11684445.90iteration/s]
 36%|███▌      | 7027144/19697437 [00:00<00:01, 11707607.28iteration/s]
 42%|████▏     | 8207264/19697437 [00:00<00:00, 11717784.85iteration/s]
 48%|████▊     | 9390280/19697437 [00:00<00:00, 11733770.40iteration/s]
 54%|█████▎    | 10567504/19697437 [00:00<00:00, 11733661.62iteration/s]
 60%|█████▉    | 11747624/19697437 [00:01<00:00, 11749004.40iteration/s]
 66%|██████▌   | 12927744/19697437 [00:01<00:00, 11742546.23iteration/s]
 72%|███████▏  | 14106416/19697437 [00:01<00:00, 11743006.39iteration/s]
 78%|███████▊  | 15287984/19697437 [00:01<00:00, 11744172.64iteration/s]
 84%|████████▎ | 16463760/19697437 [00:01<00:00, 11743773.64iteration/s]
 90%|████████▉ | 17640984/19697437 [00:01<00:00, 11727760.53iteration/s]
 96%|█████████▌| 18828344/19697437 [00:01<00:00, 11732227.26iteration/s]2026-05-26 16:35:30.916 | INFO     | utils.ConnectHandler_server:receive:80 - receive completed

100%|██████████| 19697437/19697437 [00:01<00:00, 11668557.42iteration/s]
2026-05-26 16:35:30.932 | INFO     | __main__:<module>:345 - 2026-05-26 16:35:30 RECV round=98 token=0 cid=7 train_duration=123.69517540931702 battery=91991.37J
2026-05-26 16:35:30.932 | INFO     | utils.ConnectHandler_server:send:28 - sending data (59 bytes) to client#7...
2026-05-26 16:35:30.932 | INFO     | utils.ConnectHandler_server:send:34 - sending data (59 bytes) to client#7 completely
2026-05-26 16:35:33.820 | INFO     | __main__:<module>:482 - 2026-05-26 16:35:33 ROUND=98 end avg_acc=35.5700 best_acc=57.5350 duration=130.25s comm_mb=75.167 locations_after=[6, 9] checkpoint=logs_real/autorl_real_server/checkpoints/autorl_dfl_mm_seed1/checkpoint.pt
2026-05-26 16:35:33.820 | INFO     | __main__:<module>:281 - 2026-05-26 16:35:33 ROUND=99 start token_locations=[6, 9] active_clients=[0, 1, 2, 3, 4, 5, 6, 7, 8, 9]
2026-05-26 16:35:33.840 | INFO     | utils.ConnectHandler_server:send:28 - sending data (19700002 bytes) to client#6...
2026-05-26 16:35:35.484 | INFO     | utils.ConnectHandler_server:send:34 - sending data (19700002 bytes) to client#6 completely
2026-05-26 16:35:35.484 | INFO     | __main__:<module>:325 - 2026-05-26 16:35:35 SEND round=99 token=0 cid=6 payload_mb=18.787 duration=1.655s
2026-05-26 16:35:35.503 | INFO     | utils.ConnectHandler_server:send:28 - sending data (19723889 bytes) to client#9...
2026-05-26 16:35:37.145 | INFO     | utils.ConnectHandler_server:send:34 - sending data (19723889 bytes) to client#9 completely
2026-05-26 16:35:37.145 | INFO     | __main__:<module>:325 - 2026-05-26 16:35:37 SEND round=99 token=1 cid=9 payload_mb=18.810 duration=1.652s
2026-05-26 16:37:22.209 | INFO     | utils.ConnectHandler_server:receive:71 - 19696971bytes data to be received from client#6

  0%|          | 0/19696971 [00:00<?, ?iteration/s]
  6%|▌         | 1175776/19696971 [00:00<00:01, 11747911.96iteration/s]
 12%|█▏        | 2351552/19696971 [00:00<00:01, 11753281.09iteration/s]
 18%|█▊        | 3528776/19696971 [00:00<00:01, 11758728.98iteration/s]
 24%|██▍       | 4707448/19696971 [00:00<00:01, 11755157.66iteration/s]
 30%|██▉       | 5884672/19696971 [00:00<00:01, 11749417.54iteration/s]
 36%|███▌      | 7064792/19696971 [00:00<00:01, 11755070.68iteration/s]
 42%|████▏     | 8246360/19696971 [00:00<00:00, 11756047.86iteration/s]
 48%|████▊     | 9425032/19696971 [00:00<00:00, 11753252.55iteration/s]
 54%|█████▍    | 10600808/19696971 [00:00<00:00, 11754426.00iteration/s]
 60%|█████▉    | 11782376/19696971 [00:01<00:00, 11757161.59iteration/s]
 66%|██████▌   | 12961048/19696971 [00:01<00:00, 11761037.29iteration/s]
 72%|███████▏  | 14145512/19696971 [00:01<00:00, 11758776.60iteration/s]
 78%|███████▊  | 15327080/19696971 [00:01<00:00, 11757847.47iteration/s]
 84%|████████▍ | 16518784/19696971 [00:01<00:00, 11765571.82iteration/s]
 90%|████████▉ | 17703248/19696971 [00:01<00:00, 11765329.04iteration/s]
 96%|█████████▌| 18890608/19696971 [00:01<00:00, 11755867.44iteration/s]2026-05-26 16:37:23.886 | INFO     | utils.ConnectHandler_server:receive:80 - receive completed

100%|██████████| 19696971/19696971 [00:01<00:00, 11699796.71iteration/s]
2026-05-26 16:37:23.902 | INFO     | __main__:<module>:345 - 2026-05-26 16:37:23 RECV round=99 token=0 cid=6 train_duration=106.04815864562988 battery=136914.59J
2026-05-26 16:37:23.902 | INFO     | utils.ConnectHandler_server:send:28 - sending data (59 bytes) to client#6...
2026-05-26 16:37:23.902 | INFO     | utils.ConnectHandler_server:send:34 - sending data (59 bytes) to client#6 completely
2026-05-26 16:37:33.347 | INFO     | utils.ConnectHandler_server:receive:71 - 19694064bytes data to be received from client#9

  0%|          | 0/19694064 [00:00<?, ?iteration/s]
  6%|▌         | 1177862/19694064 [00:00<00:01, 11761357.80iteration/s]
 12%|█▏        | 2354310/19694064 [00:00<00:01, 11746012.09iteration/s]
 18%|█▊        | 3532172/19694064 [00:00<00:01, 11747795.46iteration/s]
 24%|██▍       | 4708620/19694064 [00:00<00:01, 11740263.34iteration/s]
 30%|██▉       | 5885068/19694064 [00:00<00:01, 11736956.95iteration/s]
 36%|███▌      | 7064344/19694064 [00:00<00:01, 11741155.03iteration/s]
 42%|████▏     | 8245034/19694064 [00:00<00:00, 11740517.04iteration/s]
 48%|████▊     | 9422896/19694064 [00:00<00:00, 11739430.70iteration/s]
 54%|█████▍    | 10605000/19694064 [00:00<00:00, 11739336.35iteration/s]
 60%|█████▉    | 11787104/19694064 [00:01<00:00, 11743003.25iteration/s]
 66%|██████▌   | 12972036/19694064 [00:01<00:00, 11747950.37iteration/s]
 72%|███████▏  | 14152726/19694064 [00:01<00:00, 11738561.81iteration/s]
 78%|███████▊  | 15332002/19694064 [00:01<00:00, 11746675.29iteration/s]
 84%|████████▍ | 16516934/19694064 [00:01<00:00, 11739899.01iteration/s]
 90%|████████▉ | 17700452/19694064 [00:01<00:00, 11743330.16iteration/s]
 96%|█████████▌| 18885384/19694064 [00:01<00:00, 11744911.08iteration/s]2026-05-26 16:37:35.025 | INFO     | utils.ConnectHandler_server:receive:80 - receive completed

100%|██████████| 19694064/19694064 [00:01<00:00, 11689949.71iteration/s]
2026-05-26 16:37:35.041 | INFO     | __main__:<module>:345 - 2026-05-26 16:37:35 RECV round=99 token=1 cid=9 train_duration=115.77102184295654 battery=108122.72J
2026-05-26 16:37:35.041 | INFO     | utils.ConnectHandler_server:send:28 - sending data (59 bytes) to client#9...
2026-05-26 16:37:35.041 | INFO     | utils.ConnectHandler_server:send:34 - sending data (59 bytes) to client#9 completely
2026-05-26 16:37:37.940 | INFO     | __main__:<module>:482 - 2026-05-26 16:37:37 ROUND=99 end avg_acc=37.9100 best_acc=57.5350 duration=124.03s comm_mb=75.161 locations_after=[7, 9] checkpoint=logs_real/autorl_real_server/checkpoints/autorl_dfl_mm_seed1/checkpoint.pt
2026-05-26 16:37:37.940 | INFO     | utils.ConnectHandler_server:send:28 - sending data (29 bytes) to client#0...
2026-05-26 16:37:37.940 | INFO     | utils.ConnectHandler_server:send:34 - sending data (29 bytes) to client#0 completely
2026-05-26 16:37:37.940 | INFO     | utils.ConnectHandler_server:send:28 - sending data (29 bytes) to client#1...
2026-05-26 16:37:37.940 | INFO     | utils.ConnectHandler_server:send:34 - sending data (29 bytes) to client#1 completely
2026-05-26 16:37:37.940 | INFO     | utils.ConnectHandler_server:send:28 - sending data (29 bytes) to client#2...
2026-05-26 16:37:37.940 | INFO     | utils.ConnectHandler_server:send:34 - sending data (29 bytes) to client#2 completely
2026-05-26 16:37:37.940 | INFO     | utils.ConnectHandler_server:send:28 - sending data (29 bytes) to client#3...
2026-05-26 16:37:37.941 | INFO     | utils.ConnectHandler_server:send:34 - sending data (29 bytes) to client#3 completely
2026-05-26 16:37:37.941 | INFO     | utils.ConnectHandler_server:send:28 - sending data (29 bytes) to client#4...
2026-05-26 16:37:37.941 | INFO     | utils.ConnectHandler_server:send:34 - sending data (29 bytes) to client#4 completely
2026-05-26 16:37:37.941 | INFO     | utils.ConnectHandler_server:send:28 - sending data (29 bytes) to client#5...
2026-05-26 16:37:37.941 | INFO     | utils.ConnectHandler_server:send:34 - sending data (29 bytes) to client#5 completely
2026-05-26 16:37:37.941 | INFO     | utils.ConnectHandler_server:send:28 - sending data (29 bytes) to client#6...
2026-05-26 16:37:37.941 | INFO     | utils.ConnectHandler_server:send:34 - sending data (29 bytes) to client#6 completely
2026-05-26 16:37:37.941 | INFO     | utils.ConnectHandler_server:send:28 - sending data (29 bytes) to client#7...
2026-05-26 16:37:37.941 | INFO     | utils.ConnectHandler_server:send:34 - sending data (29 bytes) to client#7 completely
2026-05-26 16:37:37.941 | INFO     | utils.ConnectHandler_server:send:28 - sending data (29 bytes) to client#8...
2026-05-26 16:37:37.941 | INFO     | utils.ConnectHandler_server:send:34 - sending data (29 bytes) to client#8 completely
2026-05-26 16:37:37.941 | INFO     | utils.ConnectHandler_server:send:28 - sending data (29 bytes) to client#9...
2026-05-26 16:37:37.941 | INFO     | utils.ConnectHandler_server:send:34 - sending data (29 bytes) to client#9 completely
2026-05-26 16:37:37.984 | INFO     | __main__:<module>:516 - Saved summary to logs_real/autorl_real_server/summary_seed1_20260526_152502.json
