接收时间,电流,电压,功率因素,有功功率,年用电量,有功电能,无功电能,电源频率,带负载工作时间,仪表地址,日工作小时
14:16:42,0.07444,214.90,0.42885,6.8775,5.02058,29.27422,36.01097,50.01,0864:09:28,1,02
14:16:43,0.0747,214.80,0.43137,6.93707,5.06406,29.27422,36.01097,50.01,0864:09:29,1,02
14:16:44,0.07437,214.90,0.43006,6.89053,5.03009,29.27422,36.01097,50.00,0864:09:30,1,02
14:16:45,0.07451,215.00,0.43057,6.91473,5.04775,29.27422,36.01099,50.00,0864:09:31,1,02
14:16:46,0.07462,214.90,0.43214,6.94637,5.07085,29.27422,36.01099,50.01,0864:09:32,1,02
14:16:47,0.07422,214.90,0.43118,6.8924,5.03145,29.27423,36.01099,50.01,0864:09:33,1,02
14:16:48,0.07459,214.90,0.43049,6.91659,5.04911,29.27423,36.01099,50.03,0864:09:34,1,02
14:16:49,0.0743,214.90,0.4315,6.90542,5.04096,29.27423,36.01099,50.03,0864:09:35,1,02
14:16:50,0.07397,215.00,0.43239,6.8924,5.03145,29.27423,36.01099,50.01,0864:09:36,1,02
14:16:51,0.07404,215.00,0.43187,6.89053,5.03009,29.27423,36.01099,50.01,0864:09:37,1,02
14:16:52,0.07404,215.10,0.4306,6.87192,5.0165,29.27424,36.01099,50.01,0864:09:38,1,02
14:16:53,0.0743,215.00,0.43304,6.93334,5.06134,29.27424,36.01101,50.03,0864:09:39,1,02
14:16:54,0.07408,215.00,0.43144,6.88681,5.02737,29.27424,36.01101,50.03,0864:09:40,1,02
14:16:55,0.07415,214.90,0.43218,6.90356,5.0396,29.27424,36.01101,50.03,0864:09:41,1,02
14:16:56,0.07422,214.90,0.43132,6.89612,5.03417,29.27424,36.01102,50.03,0864:09:42,1,02
14:16:57,0.07419,214.90,0.43278,6.91473,5.04775,29.27425,36.01102,50.03,0864:09:43,1,02
14:16:58,0.07422,215.00,0.43168,6.90356,5.0396,29.27425,36.01102,50.03,0864:09:44,1,02
14:16:59,0.07433,214.90,0.42942,6.87378,5.01786,29.27425,36.01102,50.03,0864:09:45,1,02
14:17:00,0.0743,214.80,0.43098,6.8924,5.03145,29.27425,36.01102,50.03,0864:09:47,1,02
14:17:01,0.07415,215.00,0.43057,6.87937,5.02194,29.27425,36.01102,50.01,0864:09:48,1,02
14:17:02,0.07419,215.00,0.43037,6.87937,5.02194,29.27426,36.01102,50.01,0864:09:49,1,02
14:17:03,0.07419,215.00,0.43037,6.87937,5.02194,29.27426,36.01102,50.01,0864:09:49,1,02
14:17:04,0.07509,215.00,0.43293,7.00407,5.11297,29.27426,36.01102,50.01,0864:09:50,1,02
14:17:05,0.07419,215.00,0.43073,6.88681,5.02737,29.27426,36.01104,50.01,0864:09:51,1,02
14:17:06,0.07408,215.20,0.43079,6.88123,5.0233,29.27426,36.01104,50.01,0864:09:52,1,02
14:17:07,0.07433,215.10,0.42973,6.88681,5.02737,29.27426,36.01104,50.01,0864:09:53,1,02
14:17:08,0.0743,215.00,0.43048,6.8924,5.03145,29.27427,36.01104,50.01,0864:09:54,1,02
14:17:09,0.07451,215.00,0.43115,6.92404,5.05455,29.27427,36.01105,50.01,0864:09:55,1,02
14:17:10,0.07415,215.00,0.42975,6.86634,5.01243,29.27427,36.01105,50.00,0864:09:56,1,02
14:17:11,0.07412,214.90,0.43075,6.8775,5.02058,29.27427,36.01105,50.00,0864:09:57,1,02
14:17:12,0.07448,215.00,0.43134,6.92218,5.05319,29.27427,36.01105,50.01,0864:09:58,1,02
14:17:13,0.07433,215.00,0.42992,6.88495,5.02601,29.27428,36.01105,50.01,0864:09:59,1,02
14:17:14,0.07382,214.70,0.43264,6.87378,5.01786,29.27428,36.01105,50.01,0864:10:00,1,02
14:17:15,0.07397,214.50,0.43409,6.9017,5.03824,29.27428,36.01105,50.00,0864:10:01,1,02
14:17:16,0.07441,214.40,0.43118,6.8924,5.03145,29.27428,36.01107,50.00,0864:10:02,1,02
14:17:17,0.07422,214.30,0.43192,6.88495,5.02601,29.27428,36.01107,50.00,0864:10:03,1,02
14:17:18,0.07422,214.20,0.43238,6.89053,5.03009,29.27429,36.01107,50.00,0864:10:04,1,02
14:17:19,0.07415,214.20,0.4336,6.90356,5.0396,29.27429,36.01107,50.00,0864:10:05,1,02
14:17:20,0.07412,214.40,0.43268,6.89053,5.03009,29.27429,36.01107,50.00,0864:10:06,1,02
14:17:21,0.07477,214.40,0.43059,6.91659,5.04911,29.27429,36.01107,49.99,0864:10:08,1,02
14:17:22,0.07433,214.40,0.42997,6.8682,5.01378,29.27429,36.01107,49.99,0864:10:09,1,02
14:17:23,0.07492,214.30,0.42806,6.88867,5.02873,29.2743,36.01107,50.00,0864:10:10,1,02
14:17:24,0.07509,214.30,0.42696,6.88681,5.02737,29.2743,36.01109,50.00,0864:10:11,1,02
14:17:25,0.07484,214.30,0.42807,6.87937,5.02194,29.2743,36.01109,49.99,0864:10:12,1,02
14:17:26,0.07466,214.30,0.43152,6.92031,5.05183,29.2743,36.01109,49.99,0864:10:13,1,02
14:17:27,0.07466,214.30,0.43152,6.92031,5.05183,29.2743,36.01109,49.99,0864:10:13,1,02
14:17:28,0.07422,214.50,0.43152,6.88495,5.02601,29.2743,36.0111,49.99,0864:10:14,1,02
14:17:29,0.07433,214.40,0.43232,6.90729,5.04232,29.27431,36.0111,49.99,0864:10:15,1,02
14:17:30,0.07567,214.30,0.43266,7.03199,5.13336,29.27431,36.0111,50.00,0864:10:16,1,02
14:17:31,0.08932,214.40,0.44248,8.49125,6.19861,29.27431,36.0111,50.00,0864:10:17,1,02
14:17:32,0.0994,214.40,0.45862,9.79788,7.15246,29.27431,36.0111,49.98,0864:10:18,1,02
14:17:33,0.09466,214.60,0.45465,9.25625,6.75706,29.27432,36.0111,49.98,0864:10:19,1,02
14:17:34,0.07535,214.70,0.43205,7.00593,5.11433,29.27432,36.0111,49.99,0864:10:20,1,02
14:17:35,0.07632,214.70,0.43383,7.12692,5.20265,29.27432,36.01112,49.99,0864:10:21,1,02
14:17:36,0.07578,214.80,0.43142,7.03758,5.13743,29.27432,36.01112,49.99,0864:10:22,1,02
14:17:37,0.07535,214.70,0.43261,7.01338,5.11977,29.27432,36.01112,49.99,0864:10:23,1,02
14:17:38,0.07426,214.60,0.43138,6.8924,5.03145,29.27433,36.01112,49.99,0864:10:24,1,02
14:17:39,0.07422,214.70,0.4324,6.90542,5.04096,29.27433,36.01113,49.99,0864:10:25,1,02
14:17:40,0.07484,214.70,0.43237,6.96126,5.08172,29.27433,36.01113,49.99,0864:10:26,1,02
14:17:41,0.07437,214.70,0.4302,6.88309,5.02465,29.27433,36.01113,49.98,0864:10:28,1,02
14:17:42,0.0743,214.70,0.43166,6.9017,5.03824,29.27433,36.01113,49.98,0864:10:29,1,02
14:17:43,0.07422,214.80,0.43233,6.90915,5.04368,29.27434,36.01114,50.00,0864:10:30,1,02
14:17:44,0.07412,214.90,0.43179,6.8924,5.03145,29.27434,36.01114,50.00,0864:10:31,1,02
14:17:45,0.07466,214.90,0.43206,6.94823,5.07221,29.27434,36.01114,49.99,0864:10:32,1,02
14:17:46,0.07462,214.80,0.4298,6.90542,5.04096,29.27434,36.01114,49.99,0864:10:33,1,02
14:17:47,0.07415,214.90,0.43252,6.90729,5.04232,29.27434,36.01115,50.00,0864:10:34,1,02
14:17:48,0.07426,214.90,0.43133,6.89798,5.03552,29.27435,36.01115,50.00,0864:10:35,1,02
14:17:49,0.07397,214.80,0.43221,6.88309,5.02465,29.27435,36.01115,50.00,0864:10:36,1,02
14:17:50,0.07441,214.90,0.4325,6.92962,5.05862,29.27435,36.01115,50.00,0864:10:37,1,02
14:17:51,0.07441,214.90,0.4325,6.92962,5.05862,29.27435,36.01115,50.00,0864:10:37,1,02
14:17:52,0.07415,214.90,0.43112,6.88495,5.02601,29.27435,36.01115,50.00,0864:10:38,1,02
14:17:53,0.07408,214.90,0.43292,6.90729,5.04232,29.27435,36.01115,50.00,0864:10:39,1,02
14:17:54,0.07437,214.80,0.42968,6.88123,5.0233,29.27436,36.01115,50.00,0864:10:40,1,02
14:17:55,0.07415,214.80,0.43144,6.88681,5.02737,29.27436,36.01117,50.00,0864:10:41,1,02
14:17:56,0.07448,214.70,0.43068,6.90356,5.0396,29.27436,36.01117,50.00,0864:10:42,1,02
14:17:57,0.07437,214.70,0.43196,6.91287,5.04639,29.27436,36.01117,50.01,0864:10:43,1,02
14:17:58,0.0748,214.80,0.43156,6.94823,5.07221,29.27436,36.01117,50.01,0864:10:44,1,02
14:17:59,0.07459,214.80,0.43079,6.91659,5.04911,29.27437,36.01118,50.01,0864:10:45,1,02
14:18:00,0.07477,214.80,0.43029,6.92776,5.05726,29.27437,36.01118,50.01,0864:10:46,1,02
14:18:01,0.07455,214.80,0.43089,6.91659,5.04911,29.27437,36.01118,50.03,0864:10:48,1,02
14:18:02,0.07426,214.80,0.43178,6.90356,5.0396,29.27437,36.01118,50.03,0864:10:49,1,02
14:18:03,0.0747,214.80,0.43216,6.94823,5.07221,29.27437,36.01118,50.00,0864:10:50,1,02
14:18:04,0.07462,214.80,0.43026,6.91287,5.04639,29.27438,36.01118,50.00,0864:10:51,1,02
14:18:05,0.0747,214.90,0.42768,6.87937,5.02194,29.27438,36.01118,50.00,0864:10:52,1,02
14:18:06,0.07433,214.80,0.43115,6.89984,5.03688,29.27438,36.0112,50.00,0864:10:53,1,02
14:18:07,0.074,214.80,0.43199,6.88123,5.0233,29.27438,36.0112,50.00,0864:10:54,1,02
14:18:08,0.07441,215.00,0.43209,6.92776,5.05726,29.27438,36.0112,50.00,0864:10:55,1,02
14:18:09,0.07448,215.10,0.42965,6.89984,5.03688,29.27439,36.0112,50.01,0864:10:56,1,02
14:18:10,0.07492,215.10,0.43004,6.94451,5.06949,29.27439,36.0112,50.01,0864:10:57,1,02
14:18:11,0.07459,215.10,0.42986,6.91287,5.04639,29.27439,36.0112,50.01,0864:10:58,1,02
14:18:12,0.07441,215.10,0.42852,6.87378,5.01786,29.27439,36.0112,50.01,0864:10:59,1,02
14:18:13,0.07419,215.10,0.43098,6.8924,5.03145,29.27439,36.0112,50.00,0864:11:00,1,02
14:18:14,0.07451,215.10,0.42887,6.89053,5.03009,29.2744,36.01122,50.00,0864:11:01,1,02
14:18:15,0.07419,215.00,0.43097,6.89053,5.03009,29.2744,36.01122,50.00,0864:11:02,1,02
14:18:16,0.07419,215.00,0.43097,6.89053,5.03009,29.2744,36.01122,50.00,0864:11:02,1,02
14:18:17,0.07415,215.10,0.43037,6.87937,5.02194,29.2744,36.01122,50.01,0864:11:03,1,02
14:18:18,0.07473,214.90,0.43143,6.94451,5.06949,29.2744,36.01122,50.01,0864:11:04,1,02
14:18:19,0.0748,215.00,0.43048,6.93893,5.06542,29.2744,36.01123,50.00,0864:11:05,1,02
14:18:20,0.07448,215.00,0.42869,6.88123,5.0233,29.27441,36.01123,50.00,0864:11:06,1,02
14:18:21,0.08432,215.00,0.4405,8.00545,5.84398,29.27441,36.01123,50.01,0864:11:07,1,02
14:18:22,0.08645,215.00,0.44275,8.24742,6.02062,29.27441,36.01123,50.01,0864:11:09,1,02
14:18:23,0.07477,214.90,0.431,6.94079,5.06678,29.27441,36.01123,50.01,0864:11:10,1,02
14:18:24,0.07462,215.10,0.42953,6.90915,5.04368,29.27442,36.01123,50.01,0864:11:11,1,02
14:18:25,0.07466,215.00,0.42874,6.89798,5.03552,29.27442,36.01123,50.00,0864:11:12,1,02
14:18:26,0.07451,215.00,0.42986,6.9017,5.03824,29.27442,36.01125,50.00,0864:11:13,1,02
14:18:28,0.07433,214.90,0.43013,6.88681,5.02737,29.27442,36.01125,50.01,0864:11:14,1,02
14:18:29,0.07455,214.90,0.4288,6.88309,5.02465,29.27442,36.01125,50.01,0864:11:15,1,02
14:18:30,0.07528,214.90,0.42652,6.91473,5.04775,29.27443,36.01125,50.01,0864:11:16,1,02
14:18:31,0.07524,214.80,0.42544,6.8924,5.03145,29.27443,36.01126,50.01,0864:11:17,1,02
14:18:32,0.07509,215.00,0.42556,6.88495,5.02601,29.27443,36.01126,50.01,0864:11:18,1,02
14:18:33,0.07535,215.00,0.424,6.88495,5.02601,29.27443,36.01126,50.01,0864:11:19,1,02
14:18:34,0.07535,215.00,0.42389,6.88309,5.02465,29.27443,36.01126,50.00,0864:11:20,1,02
14:18:35,0.0752,215.10,0.42491,6.88867,5.02873,29.27444,36.01126,50.00,0864:11:21,1,02
14:18:36,0.07639,215.00,0.42098,6.93148,5.05998,29.27444,36.01126,50.00,0864:11:22,1,02
14:18:37,0.07581,215.00,0.42231,6.89984,5.03688,29.27444,36.01126,50.01,0864:11:23,1,02
14:18:38,0.08736,215.10,0.42923,8.08363,5.90105,29.27444,36.01128,50.01,0864:11:24,1,02
14:18:39,0.09773,215.10,0.44805,9.43865,6.89022,29.27444,36.01128,50.00,0864:11:25,1,02
14:18:40,0.09659,215.00,0.44822,9.32884,6.81005,29.27445,36.01128,50.00,0864:11:26,1,02
14:18:41,0.10143,214.70,0.44942,9.80719,7.15925,29.27445,36.01128,50.00,0864:11:27,1,02
14:18:42,0.10513,214.90,0.45536,10.30974,7.52611,29.27445,36.01128,50.00,0864:11:28,1,02
14:18:43,0.10513,214.90,0.45536,10.30974,7.52611,29.27445,36.01128,50.00,0864:11:28,1,02
14:18:44,0.09166,214.80,0.45096,8.90074,6.49754,29.27446,36.01128,50.00,0864:11:30,1,02
14:18:45,0.09216,214.90,0.44946,8.92121,6.51248,29.27446,36.0113,50.00,0864:11:31,1,02
14:18:46,0.09053,214.90,0.44711,8.71647,6.36302,29.27446,36.0113,50.00,0864:11:32,1,02
14:18:47,0.08661,214.80,0.4421,8.2437,6.0179,29.27446,36.0113,50.00,0864:11:33,1,02
14:18:48,0.0748,214.80,0.43009,6.92776,5.05726,29.27447,36.01131,50.00,0864:11:34,1,02
14:18:49,0.07495,214.90,0.43091,6.95382,5.07629,29.27447,36.01131,50.00,0864:11:35,1,02
14:18:50,0.07473,214.70,0.42996,6.91287,5.04639,29.27447,36.01131,50.03,0864:11:36,1,02
14:18:51,0.07488,214.60,0.42801,6.89426,5.03281,29.27447,36.01131,50.03,0864:11:37,1,02
14:18:52,0.07444,214.60,0.42978,6.88123,5.0233,29.27447,36.01131,50.01,0864:11:38,1,02
14:18:53,0.07466,214.60,0.42826,6.8775,5.02058,29.27448,36.01131,50.01,0864:11:39,1,02
14:18:54,0.07499,214.70,0.42697,6.88867,5.02873,29.27448,36.01131,50.00,0864:11:40,1,02
14:18:55,0.07502,214.80,0.42798,6.91287,5.04639,29.27448,36.01131,50.00,0864:11:41,1,02
14:18:56,0.07524,214.80,0.42795,6.93148,5.05998,29.27448,36.01133,50.03,0864:11:42,1,02
14:18:57,0.0748,214.80,0.42775,6.88681,5.02737,29.27448,36.01133,50.03,0864:11:43,1,02
14:18:58,0.07477,214.80,0.42852,6.89612,5.03417,29.27449,36.01133,50.03,0864:11:44,1,02
14:18:59,0.07506,214.80,0.42651,6.8924,5.03145,29.27449,36.01133,50.03,0864:11:45,1,02
14:19:00,0.07495,214.80,0.42768,6.9017,5.03824,29.27449,36.01134,50.03,0864:11:46,1,02
14:19:01,0.0747,214.80,0.42907,6.9017,5.03824,29.27449,36.01134,50.03,0864:11:47,1,02
14:19:02,0.07506,214.90,0.43,6.95196,5.07493,29.27449,36.01134,50.03,0864:11:48,1,02
14:19:03,0.07437,214.90,0.42957,6.87937,5.02194,29.2745,36.01134,50.01,0864:11:49,1,02
14:19:04,0.07462,214.80,0.42841,6.88309,5.02465,29.2745,36.01134,50.01,0864:11:51,1,02
14:19:05,0.07513,214.70,0.42597,6.88681,5.02737,29.2745,36.01134,50.03,0864:11:52,1,02
14:19:06,0.07531,214.70,0.42511,6.88867,5.02873,29.2745,36.01134,50.03,0864:11:53,1,02
14:19:07,0.07553,214.60,0.4245,6.89612,5.03417,29.2745,36.01136,50.01,0864:11:54,1,02
14:19:08,0.07553,214.60,0.4245,6.89612,5.03417,29.2745,36.01136,50.01,0864:11:54,1,02
14:19:09,0.07581,214.70,0.42424,6.92031,5.05183,29.27451,36.01136,50.01,0864:11:55,1,02
14:19:10,0.07578,214.60,0.42278,6.88867,5.02873,29.27451,36.01136,50.01,0864:11:56,1,02
14:19:11,0.07531,214.80,0.42444,6.87937,5.02194,29.27451,36.01136,50.01,0864:11:57,1,02
14:19:12,0.07571,214.60,0.42444,6.91101,5.04504,29.27451,36.01136,50.03,0864:11:58,1,02
14:19:13,0.07553,214.50,0.42515,6.90356,5.0396,29.27451,36.01136,50.03,0864:11:59,1,02
14:19:14,0.07567,214.50,0.42324,6.88681,5.02737,29.27452,36.01136,50.00,0864:12:00,1,02
14:19:15,0.07557,214.50,0.42325,6.8775,5.02058,29.27452,36.01138,50.00,0864:12:01,1,02
14:19:16,0.07585,214.50,0.42559,6.94079,5.06678,29.27452,36.01138,50.01,0864:12:02,1,02
14:19:17,0.07564,214.50,0.42298,6.87937,5.02194,29.27452,36.01138,50.01,0864:12:03,1,02
14:19:18,0.07578,214.40,0.42297,6.88867,5.02873,29.27452,36.01138,50.00,0864:12:04,1,02
14:19:19,0.07589,214.60,0.42313,6.90542,5.04096,29.27453,36.01139,50.00,0864:12:05,1,02
14:19:20,0.076,214.90,0.42449,6.94823,5.07221,29.27453,36.01139,50.00,0864:12:06,1,02
14:19:21,0.07517,215.00,0.42416,6.87006,5.01514,29.27453,36.01139,50.01,0864:12:07,1,02
14:19:22,0.07549,215.00,0.42368,6.8924,5.03145,29.27453,36.01139,50.01,0864:12:08,1,02
14:19:23,0.07538,215.10,0.42375,6.88867,5.02873,29.27453,36.01139,50.00,0864:12:09,1,02
14:19:24,0.07549,215.40,0.42323,6.89612,5.03417,29.27454,36.01139,50.00,0864:12:10,1,02
14:19:25,0.0752,215.40,0.42435,6.89053,5.03009,29.27454,36.01139,50.00,0864:12:12,1,02
14:19:26,0.07506,215.50,0.42503,6.89053,5.03009,29.27454,36.01141,50.00,0864:12:13,1,02
14:19:27,0.07506,215.50,0.42639,6.91101,5.04504,29.27454,36.01141,50.00,0864:12:14,1,02
14:19:28,0.07553,215.50,0.42435,6.92218,5.05319,29.27454,36.01141,50.00,0864:12:15,1,02
14:19:29,0.07542,215.50,0.4232,6.8924,5.03145,29.27455,36.01141,49.99,0864:12:16,1,02
14:19:30,0.07546,215.40,0.42276,6.88681,5.02737,29.27455,36.01142,49.99,0864:12:17,1,02
14:19:31,0.07535,215.50,0.42347,6.89053,5.03009,29.27455,36.01142,50.00,0864:12:18,1,02
14:19:32,0.07546,215.40,0.42265,6.88495,5.02601,29.27455,36.01142,50.00,0864:12:19,1,02
14:19:33,0.07546,215.40,0.42265,6.88495,5.02601,29.27455,36.01142,50.00,0864:12:19,1,02
14:19:34,0.07632,215.40,0.42363,6.97988,5.09531,29.27455,36.01142,50.00,0864:12:20,1,02
14:19:35,0.07592,215.40,0.42254,6.92404,5.05455,29.27456,36.01143,50.00,0864:12:21,1,02
14:19:36,0.07542,215.50,0.4248,6.91845,5.05047,29.27456,36.01143,50.00,0864:12:22,1,02
14:19:37,0.07535,215.40,0.42426,6.9017,5.03824,29.27456,36.01143,50.00,0864:12:23,1,02
14:19:38,0.07535,215.40,0.42414,6.89984,5.03688,29.27456,36.01144,50.00,0864:12:24,1,02
14:19:39,0.07535,215.50,0.42429,6.90542,5.04096,29.27456,36.01144,50.00,0864:12:25,1,02
14:19:40,0.07596,215.50,0.42431,6.9594,5.08036,29.27457,36.01144,50.00,0864:12:26,1,02
14:19:41,0.07553,215.50,0.42207,6.88495,5.02601,29.27457,36.01144,50.00,0864:12:27,1,02
14:19:42,0.07506,215.50,0.4234,6.86261,5.00971,29.27457,36.01144,50.00,0864:12:28,1,02
14:19:43,0.07509,215.40,0.42482,6.88867,5.02873,29.27457,36.01144,50.00,0864:12:29,1,02
14:19:44,0.07535,215.30,0.42455,6.9017,5.03824,29.27457,36.01144,50.00,0864:12:30,1,02
14:19:45,0.07502,215.40,0.42553,6.8924,5.03145,29.27458,36.01144,50.00,0864:12:32,1,02
14:19:46,0.0752,215.30,0.42475,6.8924,5.03145,29.27458,36.01146,50.00,0864:12:33,1,02
14:19:47,0.07528,215.30,0.42494,6.9017,5.03824,29.27458,36.01146,50.00,0864:12:34,1,02
14:19:48,0.07567,215.20,0.42349,6.91287,5.04639,29.27458,36.01146,50.00,0864:12:35,1,02
14:19:49,0.07506,215.40,0.4244,6.87564,5.01922,29.27458,36.01147,50.01,0864:12:36,1,02
14:19:50,0.07535,215.40,0.42493,6.91101,5.04504,29.27459,36.01147,50.01,0864:12:37,1,02
14:19:51,0.07502,215.50,0.42476,6.88309,5.02465,29.27459,36.01147,50.00,0864:12:38,1,02
14:19:52,0.07506,215.40,0.42568,6.89798,5.03552,29.27459,36.01147,50.00,0864:12:39,1,02
14:19:53,0.07488,215.40,0.4248,6.86634,5.01243,29.27459,36.01147,50.01,0864:12:40,1,02
14:19:54,0.07542,215.40,0.4257,6.93148,5.05998,29.27459,36.01147,50.01,0864:12:41,1,02
14:19:55,0.07492,215.40,0.42681,6.90356,5.0396,29.2746,36.01147,50.01,0864:12:42,1,02
14:19:56,0.07462,215.40,0.42756,6.88867,5.02873,29.2746,36.01147,50.01,0864:12:43,1,02
14:19:57,0.07462,215.40,0.42756,6.88867,5.02873,29.2746,36.01147,50.01,0864:12:43,1,02
14:19:58,0.0752,215.50,0.42333,6.87564,5.01922,29.2746,36.01149,50.01,0864:12:44,1,02
14:19:59,0.07535,215.40,0.423,6.88123,5.0233,29.2746,36.01149,50.03,0864:12:45,1,02
14:20:00,0.07542,215.50,0.42651,6.94637,5.07085,29.2746,36.01149,50.03,0864:12:46,1,02
14:20:01,0.07506,215.30,0.42567,6.89612,5.03417,29.27461,36.0115,50.03,0864:12:47,1,02
14:20:02,0.07466,215.40,0.42781,6.89426,5.03281,29.27461,36.0115,50.03,0864:12:48,1,02
14:20:03,0.07528,215.40,0.42694,6.93893,5.06542,29.27461,36.0115,50.03,0864:12:49,1,02
14:20:04,0.07499,215.60,0.42624,6.90542,5.04096,29.27461,36.0115,50.03,0864:12:50,1,02
14:20:05,0.07495,215.60,0.42657,6.90915,5.04368,29.27461,36.01151,50.01,0864:12:52,1,02
14:20:06,0.0748,215.60,0.42609,6.88867,5.02873,29.27462,36.01151,50.01,0864:12:53,1,02
14:20:07,0.07459,215.60,0.42864,6.90915,5.04368,29.27462,36.01151,50.03,0864:12:54,1,02
14:20:08,0.07513,215.60,0.42549,6.90915,5.04368,29.27462,36.01151,50.03,0864:12:55,1,02
14:20:09,0.07488,215.50,0.42624,6.89426,5.03281,29.27462,36.01152,50.01,0864:12:56,1,02
14:20:10,0.07484,215.40,0.42698,6.89984,5.03688,29.27462,36.01152,50.01,0864:12:57,1,02
14:20:11,0.0756,215.50,0.42774,6.98546,5.09939,29.27463,36.01152,50.01,0864:12:58,1,02
14:20:12,0.07502,215.60,0.42547,6.89612,5.03417,29.27463,36.01152,50.01,0864:12:59,1,02
14:20:13,0.07571,215.60,0.42251,6.91101,5.04504,29.27463,36.01152,50.03,0864:13:00,1,02
14:20:14,0.0748,215.50,0.42581,6.87937,5.02194,29.27463,36.01152,50.03,0864:13:01,1,02
14:20:15,0.07492,215.40,0.42545,6.88309,5.02465,29.27463,36.01152,50.03,0864:13:02,1,02
14:20:16,0.07542,215.40,0.4249,6.91845,5.05047,29.27464,36.01154,50.03,0864:13:03,1,02
14:20:17,0.07506,215.30,0.42484,6.88123,5.0233,29.27464,36.01154,50.01,0864:13:04,1,02
14:20:18,0.07506,215.50,0.42491,6.88867,5.02873,29.27464,36.01154,50.01,0864:13:05,1,02
14:20:19,0.07492,215.40,0.42509,6.87564,5.01922,29.27464,36.01154,50.01,0864:13:06,1,02
14:20:20,0.0752,215.40,0.4248,6.89798,5.03552,29.27464,36.01155,50.01,0864:13:07,1,02
14:20:21,0.07513,215.40,0.42506,6.89426,5.03281,29.27465,36.01155,50.01,0864:13:08,1,02
14:20:22,0.07513,215.40,0.42506,6.89426,5.03281,29.27465,36.01155,50.01,0864:13:08,1,02
14:20:23,0.07524,215.40,0.42435,6.89053,5.03009,29.27465,36.01155,50.03,0864:13:09,1,02
14:20:24,0.07531,215.40,0.42535,6.91473,5.04775,29.27465,36.01155,50.03,0864:13:10,1,02
14:20:26,0.07506,215.40,0.42453,6.87937,5.02194,29.27465,36.01155,50.04,0864:13:12,1,02
14:20:27,0.07492,215.30,0.42576,6.88495,5.02601,29.27465,36.01155,50.04,0864:13:13,1,02
14:20:28,0.07506,215.40,0.42637,6.90915,5.04368,29.27466,36.01155,50.03,0864:13:14,1,02
14:20:29,0.07506,215.30,0.42586,6.89612,5.03417,29.27466,36.01157,50.03,0864:13:15,1,02
14:20:30,0.0748,215.30,0.42633,6.88309,5.02465,29.27466,36.01157,50.03,0864:13:16,1,02
14:20:31,0.07517,215.40,0.4259,6.91101,5.04504,29.27466,36.01157,50.03,0864:13:17,1,02
14:20:32,0.07574,215.50,0.4274,6.99104,5.10346,29.27466,36.01157,50.04,0864:13:18,1,02
14:20:33,0.07524,215.50,0.42633,6.9259,5.05591,29.27467,36.01157,50.04,0864:13:19,1,02
14:20:34,0.07531,215.50,0.42573,6.92404,5.05455,29.27467,36.01157,50.03,0864:13:20,1,02
14:20:35,0.07531,215.50,0.42424,6.89984,5.03688,29.27467,36.01157,50.03,0864:13:21,1,02
14:20:36,0.07574,215.40,0.42226,6.90542,5.04096,29.27467,36.01157,50.03,0864:13:22,1,02
14:20:37,0.07574,215.30,0.42348,6.92218,5.05319,29.27467,36.01159,50.03,0864:13:23,1,02
14:20:38,0.07549,215.50,0.4234,6.90356,5.0396,29.27468,36.01159,50.03,0864:13:24,1,02
14:20:39,0.07553,215.40,0.42521,6.93148,5.05998,29.27468,36.01159,50.03,0864:13:25,1,02
14:20:40,0.07502,215.40,0.42506,6.88309,5.02465,29.27468,36.0116,50.03,0864:13:26,1,02
14:20:41,0.07578,215.40,0.42357,6.93148,5.05998,29.27468,36.0116,50.03,0864:13:27,1,02
14:20:42,0.07509,215.40,0.42434,6.87937,5.02194,29.27468,36.0116,50.03,0864:13:28,1,02
14:20:43,0.07509,215.40,0.42631,6.91287,5.04639,29.27469,36.0116,50.01,0864:13:29,1,02
14:20:44,0.07502,215.40,0.42818,6.9352,5.0627,29.27469,36.0116,50.01,0864:13:30,1,02
14:20:45,0.07492,215.40,0.42658,6.89984,5.03688,29.27469,36.0116,50.01,0864:13:31,1,02
14:20:46,0.07484,215.40,0.42674,6.89612,5.03417,29.27469,36.0116,50.01,0864:13:32,1,02
14:20:47,0.07517,215.60,0.42435,6.89053,5.03009,29.27469,36.0116,50.01,0864:13:34,1,02
14:20:48,0.0752,215.50,0.42381,6.88495,5.02601,29.2747,36.01162,50.01,0864:13:35,1,02
14:20:49,0.07524,215.50,0.42405,6.89053,5.03009,29.2747,36.01162,50.00,0864:13:36,1,02
14:20:50,0.07528,215.40,0.42612,6.92404,5.05455,29.2747,36.01162,50.00,0864:13:37,1,02
14:20:51,0.07502,215.40,0.42575,6.89426,5.03281,29.2747,36.01163,50.01,0864:13:38,1,02
14:20:52,0.07553,215.30,0.4259,6.94265,5.06813,29.2747,36.01163,50.01,0864:13:39,1,02
14:20:53,0.07549,215.30,0.42425,6.91101,5.04504,29.27471,36.01163,50.00,0864:13:40,1,02
14:20:54,0.07549,215.30,0.42425,6.91101,5.04504,29.27471,36.01163,50.00,0864:13:40,1,02
14:20:55,0.0752,215.40,0.42549,6.90915,5.04368,29.27471,36.01163,50.00,0864:13:41,1,02
14:20:56,0.07513,215.50,0.42521,6.89984,5.03688,29.27471,36.01163,50.01,0864:13:42,1,02
14:20:57,0.07531,215.50,0.42561,6.92218,5.05319,29.27471,36.01163,50.01,0864:13:43,1,02
14:20:58,0.07524,215.40,0.42505,6.90356,5.0396,29.27471,36.01163,50.00,0864:13:44,1,02
14:20:59,0.07484,215.40,0.42788,6.91287,5.04639,29.27472,36.01163,50.00,0864:13:45,1,02
14:21:00,0.07502,215.40,0.42494,6.88123,5.0233,29.27472,36.01165,50.00,0864:13:46,1,02
14:21:01,0.07502,215.30,0.42562,6.89053,5.03009,29.27472,36.01165,49.99,0864:13:47,1,02
14:21:02,0.07564,215.10,0.42523,6.93334,5.06134,29.27472,36.01165,49.99,0864:13:48,1,02
14:21:03,0.07499,215.10,0.42711,6.90356,5.0396,29.27472,36.01165,50.00,0864:13:49,1,02
14:21:04,0.07513,215.10,0.42563,6.8924,5.03145,29.27473,36.01165,50.00,0864:13:50,1,02
14:21:05,0.07531,215.10,0.42433,6.88867,5.02873,29.27473,36.01165,49.98,0864:13:51,1,02
14:21:06,0.07509,215.10,0.42573,6.8924,5.03145,29.27473,36.01165,49.98,0864:13:52,1,02
14:21:07,0.0752,215.10,0.42526,6.89426,5.03281,29.27473,36.01167,49.99,0864:13:53,1,02
14:21:08,0.07557,215.20,0.42495,6.92404,5.05455,29.27474,36.01167,49.99,0864:13:55,1,02
14:21:09,0.07509,215.00,0.42591,6.89053,5.03009,29.27474,36.01167,49.98,0864:13:56,1,02
14:21:10,0.07506,214.80,0.42627,6.88681,5.02737,29.27474,36.01167,49.98,0864:13:57,1,02
14:21:11,0.07524,214.80,0.4268,6.91287,5.04639,29.27474,36.01168,49.99,0864:13:58,1,02
14:21:12,0.07535,214.90,0.42452,6.88867,5.02873,29.27474,36.01168,49.99,0864:13:59,1,02
14:21:13,0.0747,215.00,0.42783,6.88495,5.02601,29.27475,36.01168,49.98,0864:14:00,1,02
14:21:14,0.07513,214.90,0.42778,6.92404,5.05455,29.27475,36.01168,49.98,0864:14:01,1,02
14:21:15,0.07513,214.90,0.42625,6.89612,5.03417,29.27475,36.01168,49.99,0864:14:02,1,02
14:21:16,0.07506,214.90,0.42607,6.88681,5.02737,29.27475,36.01168,49.99,0864:14:03,1,02
14:21:17,0.07557,214.80,0.42517,6.91659,5.04911,29.27475,36.01168,49.98,0864:14:04,1,02
14:21:18,0.07524,214.80,0.42609,6.89984,5.03688,29.27476,36.0117,49.98,0864:14:05,1,02
14:21:19,0.07524,214.80,0.42609,6.89984,5.03688,29.27476,36.0117,49.98,0864:14:05,1,02
14:21:20,0.07495,214.70,0.42719,6.89053,5.03009,29.27476,36.0117,49.99,0864:14:06,1,02
14:21:21,0.07517,214.70,0.42762,6.91659,5.04911,29.27476,36.0117,49.98,0864:14:07,1,02
14:21:22,0.07557,214.60,0.42478,6.90542,5.04096,29.27476,36.0117,49.98,0864:14:08,1,02
14:21:23,0.07524,214.70,0.42665,6.90729,5.04232,29.27476,36.01171,49.98,0864:14:09,1,02
14:21:24,0.07542,214.80,0.42502,6.89984,5.03688,29.27477,36.01171,49.98,0864:14:10,1,02
14:21:25,0.0756,214.80,0.42509,6.91845,5.05047,29.27477,36.01171,49.99,0864:14:11,1,02
14:21:26,0.07528,214.90,0.42618,6.90915,5.04368,29.27477,36.01171,49.99,0864:14:12,1,02
14:21:27,0.07528,214.90,0.42526,6.89426,5.03281,29.27477,36.01171,50.00,0864:14:13,1,02
14:21:28,0.07502,214.90,0.42617,6.88681,5.02737,29.27477,36.01171,50.00,0864:14:14,1,02
14:21:29,0.07531,215.10,0.4249,6.89798,5.03552,29.27478,36.01171,49.99,0864:14:16,1,02
14:21:30,0.07499,215.20,0.42658,6.89984,5.03688,29.27478,36.01173,49.99,0864:14:17,1,02
14:21:31,0.07488,215.40,0.42505,6.87192,5.0165,29.27478,36.01173,50.01,0864:14:18,1,02
14:21:32,0.07495,215.30,0.42543,6.88123,5.0233,29.27478,36.01173,50.01,0864:14:19,1,02
14:21:33,0.07524,215.10,0.42657,6.92031,5.05183,29.27478,36.01173,50.00,0864:14:20,1,02
14:21:34,0.07484,215.00,0.42696,6.88681,5.02737,29.27479,36.01173,50.00,0864:14:21,1,02
14:21:35,0.07492,215.10,0.42635,6.88495,5.02601,29.27479,36.01173,50.03,0864:14:22,1,02
14:21:36,0.07495,215.20,0.42768,6.91287,5.04639,29.27479,36.01173,50.03,0864:14:23,1,02
14:21:37,0.07524,215.10,0.42495,6.8924,5.03145,29.27479,36.01173,50.03,0864:14:24,1,02
14:21:38,0.07524,215.30,0.4271,6.9352,5.0627,29.27479,36.01175,50.03,0864:14:25,1,02
14:21:39,0.0747,215.30,0.42781,6.89426,5.03281,29.2748,36.01175,50.03,0864:14:26,1,02
14:21:40,0.07473,215.20,0.42691,6.88123,5.0233,29.2748,36.01175,50.03,0864:14:27,1,02
14:21:41,0.07528,215.10,0.42436,6.91101,5.04504,29.2748,36.01176,50.03,0864:14:28,1,02
14:21:42,0.07488,215.30,0.42719,6.9017,5.03824,29.2748,36.01176,50.01,0864:14:29,1,02
14:21:43,0.07528,215.20,0.4271,6.9352,5.0627,29.2748,36.01176,50.01,0864:14:30,1,02
14:21:44,0.07528,215.20,0.4271,6.9352,5.0627,29.2748,36.01176,50.01,0864:14:30,1,02
14:21:45,0.0752,215.30,0.42692,6.9259,5.05591,29.27481,36.01176,50.01,0864:14:31,1,02
14:21:46,0.07546,215.30,0.42522,6.92218,5.05319,29.27481,36.01176,50.01,0864:14:32,1,02
14:21:47,0.07549,215.30,0.42297,6.88867,5.02873,29.27481,36.01176,50.01,0864:14:33,1,02
14:21:48,0.07528,215.20,0.42513,6.9017,5.03824,29.27481,36.01176,50.01,0864:14:34,1,02
14:21:49,0.07492,215.30,0.42597,6.88681,5.02737,29.27481,36.01176,50.01,0864:14:36,1,02
14:21:50,0.07502,215.30,0.42663,6.90542,5.04096,29.27482,36.01178,50.01,0864:14:37,1,02
14:21:51,0.07531,215.40,0.42649,6.93334,5.06134,29.27482,36.01178,50.00,0864:14:38,1,02
14:21:52,0.07535,215.40,0.4246,6.90729,5.04232,29.27482,36.01178,50.00,0864:14:39,1,02
14:21:53,0.07509,215.40,0.42539,6.89798,5.03552,29.27482,36.01179,50.01,0864:14:40,1,02
14:21:54,0.0752,215.40,0.42538,6.90729,5.04232,29.27482,36.01179,50.01,0864:14:41,1,02
14:21:55,0.07517,215.40,0.42454,6.89053,5.03009,29.27483,36.01179,50.01,0864:14:42,1,02
14:21:56,0.07499,215.30,0.42616,6.89612,5.03417,29.27483,36.01179,50.01,0864:14:43,1,02
14:21:57,0.07477,215.30,0.42559,6.86634,5.01243,29.27483,36.0118,50.00,0864:14:44,1,02
14:21:58,0.0752,215.30,0.42739,6.9352,5.0627,29.27483,36.0118,50.00,0864:14:45,1,02
14:21:59,0.07506,215.40,0.42567,6.89612,5.03417,29.27483,36.0118,50.01,0864:14:46,1,02
14:22:00,0.07513,215.60,0.42503,6.9017,5.03824,29.27484,36.0118,50.01,0864:14:47,1,02
14:22:02,0.07531,215.60,0.42324,6.88681,5.02737,29.27484,36.01181,50.00,0864:14:48,1,02
14:22:03,0.07499,215.60,0.42626,6.90729,5.04232,29.27484,36.01181,50.01,0864:14:49,1,02
14:22:04,0.07538,215.80,0.42567,6.93893,5.06542,29.27484,36.01181,50.01,0864:14:50,1,02
14:22:05,0.07499,215.70,0.42526,6.89426,5.03281,29.27484,36.01181,50.01,0864:14:51,1,02
14:22:06,0.07517,215.70,0.4252,6.90915,5.04368,29.27485,36.01181,50.01,0864:14:52,1,02
14:22:07,0.0747,215.70,0.42645,6.88495,5.02601,29.27485,36.01181,50.00,0864:14:53,1,02
14:22:08,0.07484,215.60,0.42601,6.89053,5.03009,29.27485,36.01181,50.00,0864:14:54,1,02
14:22:09,0.07484,215.60,0.42601,6.89053,5.03009,29.27485,36.01181,50.00,0864:14:54,1,02
14:22:10,0.07488,215.60,0.42637,6.89798,5.03552,29.27485,36.01183,50.01,0864:14:56,1,02
14:22:11,0.07502,215.50,0.42467,6.88309,5.02465,29.27485,36.01183,50.01,0864:14:57,1,02
14:22:12,0.07596,215.40,0.42453,6.96312,5.08308,29.27486,36.01183,50.01,0864:14:58,1,02
14:22:13,0.07473,215.40,0.42743,6.89612,5.03417,29.27486,36.01183,50.01,0864:14:59,1,02
14:22:14,0.07477,215.40,0.42768,6.9017,5.03824,29.27486,36.01184,50.03,0864:15:00,1,02
14:22:15,0.07488,215.30,0.42686,6.89798,5.03552,29.27486,36.01184,50.03,0864:15:01,1,02
14:22:16,0.0747,215.20,0.427,6.88123,5.0233,29.27486,36.01184,50.01,0864:15:02,1,02
14:22:17,0.07535,215.20,0.42522,6.91101,5.04504,29.27487,36.01184,50.01,0864:15:03,1,02
14:22:18,0.07509,215.20,0.42693,6.91659,5.04911,29.27487,36.01184,50.01,0864:15:04,1,02
14:22:19,0.07509,215.20,0.42506,6.88309,5.02465,29.27487,36.01184,50.01,0864:15:05,1,02
14:22:20,0.07538,215.20,0.42674,6.93893,5.06542,29.27487,36.01184,50.01,0864:15:06,1,02
14:22:21,0.07509,215.10,0.42619,6.89984,5.03688,29.27487,36.01186,50.01,0864:15:07,1,02
14:22:22,0.07528,215.10,0.42408,6.88309,5.02465,29.27488,36.01186,50.00,0864:15:08,1,02
14:22:23,0.07492,215.00,0.42681,6.8924,5.03145,29.27488,36.01186,50.01,0864:15:09,1,02
14:22:24,0.07499,215.20,0.42578,6.88681,5.02737,29.27488,36.01186,50.01,0864:15:10,1,02
14:22:25,0.07462,215.10,0.42629,6.85703,5.00563,29.27488,36.01186,50.01,0864:15:11,1,02
14:22:26,0.07517,215.20,0.42641,6.91287,5.04639,29.27488,36.01186,50.01,0864:15:12,1,02
14:22:27,0.07488,215.20,0.42727,6.89984,5.03688,29.27489,36.01186,50.03,0864:15:13,1,02
14:22:28,0.07524,215.20,0.42395,6.87937,5.02194,29.27489,36.01186,50.03,0864:15:14,1,02
14:22:29,0.07538,215.20,0.42409,6.89426,5.03281,29.27489,36.01188,50.03,0864:15:15,1,02
14:22:30,0.0752,215.10,0.42482,6.88867,5.02873,29.27489,36.01188,50.03,0864:15:17,1,02
14:22:31,0.07517,215.10,0.42499,6.88681,5.02737,29.27489,36.01188,50.03,0864:15:18,1,02
14:22:32,0.07517,215.30,0.42688,6.92218,5.05319,29.2749,36.01189,50.03,0864:15:19,1,02
14:22:33,0.07499,215.30,0.42556,6.88495,5.02601,29.2749,36.01189,50.03,0864:15:20,1,02
14:22:34,0.07499,215.30,0.42556,6.88495,5.02601,29.2749,36.01189,50.03,0864:15:20,1,02
14:22:35,0.07506,215.40,0.42555,6.89426,5.03281,29.2749,36.01189,50.03,0864:15:21,1,02
14:22:36,0.07506,215.40,0.42557,6.89612,5.03417,29.2749,36.01189,50.03,0864:15:22,1,02
14:22:37,0.07528,215.30,0.42404,6.88867,5.02873,29.2749,36.01189,50.03,0864:15:23,1,02
14:22:38,0.07546,215.30,0.42581,6.93334,5.06134,29.27491,36.01189,50.01,0864:15:24,1,02
14:22:39,0.07499,215.40,0.42493,6.87937,5.02194,29.27491,36.01189,50.01,0864:15:25,1,02
14:22:40,0.07509,215.20,0.42404,6.8682,5.01378,29.27491,36.01189,50.01,0864:15:26,1,02
14:22:41,0.07524,215.10,0.42506,6.89426,5.03281,29.27491,36.01191,50.01,0864:15:27,1,02
14:22:42,0.07574,215.10,0.4259,6.95382,5.07629,29.27491,36.01191,50.00,0864:15:28,1,02
14:22:43,0.07524,215.00,0.42559,6.89798,5.03552,29.27492,36.01191,50.00,0864:15:29,1,02
14:22:44,0.07564,214.70,0.42715,6.95196,5.07493,29.27492,36.01192,50.00,0864:15:30,1,02
14:22:45,0.07549,214.60,0.42331,6.87378,5.01786,29.27492,36.01192,50.00,0864:15:31,1,02
14:22:46,0.07557,214.60,0.42453,6.89984,5.03688,29.27492,36.01192,50.00,0864:15:32,1,02
14:22:47,0.07531,214.60,0.42429,6.87378,5.01786,29.27492,36.01192,49.99,0864:15:33,1,02
14:22:48,0.0756,214.50,0.42398,6.8924,5.03145,29.27493,36.01192,49.99,0864:15:34,1,02
14:22:49,0.07528,214.50,0.42502,6.87937,5.02194,29.27493,36.01192,49.99,0864:15:35,1,02
14:22:50,0.07567,214.50,0.42391,6.89612,5.03417,29.27493,36.01192,49.99,0864:15:36,1,02
14:22:51,0.07549,214.50,0.42602,6.91287,5.04639,29.27493,36.01192,49.98,0864:15:38,1,02
14:22:52,0.07538,214.40,0.42599,6.89984,5.03688,29.27493,36.01194,49.98,0864:15:39,1,02
14:22:53,0.07488,214.10,0.42634,6.85145,5.00156,29.27494,36.01194,49.99,0864:15:40,1,02
14:22:54,0.07517,214.10,0.4274,6.8924,5.03145,29.27494,36.01194,49.99,0864:15:41,1,02
14:22:55,0.0747,214.00,0.42807,6.85703,5.00563,29.27494,36.01194,49.98,0864:15:42,1,02
14:22:56,0.07473,214.00,0.43008,6.8924,5.03145,29.27494,36.01194,49.98,0864:15:43,1,02
14:22:57,0.07444,214.00,0.4297,6.86075,5.00835,29.27494,36.01194,49.99,0864:15:44,1,02
14:22:58,0.07492,214.10,0.42948,6.90356,5.0396,29.27495,36.01194,49.99,0864:15:45,1,02
14:22:59,0.07492,214.10,0.42948,6.90356,5.0396,29.27495,36.01194,49.99,0864:15:45,1,02
14:23:00,0.07502,214.20,0.43044,6.93334,5.06134,29.27495,36.01196,49.98,0864:15:46,1,02
14:23:01,0.07524,214.20,0.42753,6.90729,5.04232,29.27495,36.01196,49.98,0864:15:47,1,02
14:23:02,0.07495,214.30,0.42727,6.8775,5.02058,29.27495,36.01196,49.98,0864:15:48,1,02
14:23:03,0.07462,214.40,0.43069,6.90542,5.04096,29.27495,36.01196,49.99,0864:15:49,1,02
14:23:04,0.07451,214.40,0.4306,6.89426,5.03281,29.27496,36.01197,49.99,0864:15:50,1,02
14:23:05,0.0752,214.30,0.4288,6.92776,5.05726,29.27496,36.01197,49.98,0864:15:51,1,02
14:23:06,0.07466,214.40,0.4297,6.89426,5.03281,29.27496,36.01197,49.98,0864:15:52,1,02
14:23:07,0.07451,214.40,0.43025,6.88867,5.02873,29.27496,36.01197,50.00,0864:15:53,1,02
14:23:08,0.07448,214.40,0.4301,6.88309,5.02465,29.27496,36.01197,50.00,0864:15:54,1,02
14:23:09,0.07466,214.30,0.43046,6.9017,5.03824,29.27497,36.01197,49.99,0864:15:55,1,02
14:23:10,0.07513,214.40,0.42908,6.9259,5.05591,29.27497,36.01197,49.99,0864:15:56,1,02
14:23:11,0.07488,214.40,0.43046,6.92404,5.05455,29.27497,36.01199,50.00,0864:15:57,1,02
14:23:12,0.07495,214.40,0.42753,6.88495,5.02601,29.27497,36.01199,50.00,0864:15:59,1,02
14:23:13,0.07492,214.20,0.42859,6.8924,5.03145,29.27497,36.01199,50.00,0864:16:00,1,02
14:23:14,0.07466,214.30,0.42965,6.88867,5.02873,29.27498,36.01199,50.00,0864:16:01,1,02
14:23:15,0.07473,214.30,0.43031,6.90729,5.04232,29.27498,36.012,49.99,0864:16:02,1,02
14:23:16,0.07448,214.30,0.43077,6.89053,5.03009,29.27498,36.012,49.99,0864:16:03,1,02
14:23:17,0.0752,214.30,0.42831,6.91659,5.04911,29.27498,36.012,49.99,0864:16:04,1,02
14:23:18,0.0748,214.30,0.42897,6.89053,5.03009,29.27498,36.012,49.99,0864:16:05,1,02
14:23:19,0.0748,214.30,0.43061,6.91845,5.05047,29.27499,36.012,50.00,0864:16:06,1,02
14:23:20,0.07466,214.30,0.42897,6.87937,5.02194,29.27499,36.012,50.00,0864:16:07,1,02
14:23:21,0.07441,214.40,0.4312,6.89426,5.03281,29.27499,36.012,49.99,0864:16:08,1,02
14:23:22,0.07513,214.40,0.42956,6.9352,5.0627,29.27499,36.012,49.99,0864:16:09,1,02
14:23:23,0.0747,214.30,0.43028,6.90356,5.0396,29.27499,36.01202,50.00,0864:16:10,1,02
14:23:24,0.07473,214.40,0.4294,6.89426,5.03281,29.275,36.01202,50.00,0864:16:11,1,02
14:23:25,0.07473,214.40,0.4294,6.89426,5.03281,29.275,36.01202,50.00,0864:16:11,1,02
14:23:26,0.07459,214.70,0.43041,6.90729,5.04232,29.275,36.01202,50.00,0864:16:12,1,02
14:23:27,0.0748,214.60,0.42735,6.87564,5.01922,29.275,36.01202,50.00,0864:16:13,1,02
14:23:28,0.0752,214.60,0.42831,6.92776,5.05726,29.275,36.01202,50.00,0864:16:14,1,02
14:23:29,0.07509,214.60,0.42704,6.89612,5.03417,29.275,36.01202,50.01,0864:16:15,1,02
14:23:30,0.07506,214.60,0.42781,6.90542,5.04096,29.27501,36.01202,50.01,0864:16:16,1,02
14:23:31,0.07499,214.70,0.42791,6.90542,5.04096,29.27501,36.01204,50.00,0864:16:17,1,02
14:23:32,0.07495,214.70,0.42834,6.90915,5.04368,29.27501,36.01204,50.00,0864:16:19,1,02
14:23:33,0.07492,214.80,0.42903,6.92031,5.05183,29.27501,36.01204,50.01,0864:16:20,1,02
14:23:34,0.07484,214.80,0.427,6.88123,5.0233,29.27501,36.01204,50.01,0864:16:21,1,02
14:23:35,0.07466,214.90,0.42903,6.89798,5.03552,29.27502,36.01205,50.01,0864:16:22,1,02
14:23:36,0.07448,214.80,0.42862,6.87378,5.01786,29.27502,36.01205,50.01,0864:16:23,1,02
14:23:37,0.07426,214.90,0.42947,6.8682,5.01378,29.27502,36.01205,50.01,0864:16:24,1,02
14:23:38,0.07451,214.90,0.43005,6.89984,5.03688,29.27502,36.01205,50.01,0864:16:25,1,02
14:23:39,0.07462,214.70,0.42754,6.86448,5.01107,29.27502,36.01205,50.01,0864:16:26,1,02
14:23:40,0.07473,214.60,0.42937,6.9017,5.03824,29.27503,36.01205,50.01,0864:16:27,1,02
14:23:41,0.07441,214.50,0.42997,6.87937,5.02194,29.27503,36.01205,50.01,0864:16:28,1,02
14:23:42,0.07448,214.50,0.43003,6.88681,5.02737,29.27503,36.01207,50.01,0864:16:29,1,02
14:23:43,0.07444,214.60,0.43023,6.88681,5.02737,29.27503,36.01207,50.03,0864:16:30,1,02
14:23:44,0.07462,214.70,0.42905,6.88867,5.02873,29.27503,36.01207,50.03,0864:16:31,1,02
14:23:45,0.0743,214.60,0.43162,6.89612,5.03417,29.27504,36.01207,50.03,0864:16:32,1,02
14:23:46,0.07441,214.60,0.43055,6.88867,5.02873,29.27504,36.01208,50.03,0864:16:33,1,02
14:23:47,0.07506,214.50,0.42974,6.93334,5.06134,29.27504,36.01208,50.03,0864:16:34,1,02
14:23:48,0.07488,214.50,0.42784,6.88681,5.02737,29.27504,36.01208,50.01,0864:16:35,1,02
14:23:49,0.07488,214.50,0.42784,6.88681,5.02737,29.27504,36.01208,50.01,0864:16:35,1,02
14:23:50,0.0747,214.50,0.42895,6.88867,5.02873,29.27504,36.01208,50.01,0864:16:36,1,02
14:23:51,0.07462,214.50,0.43005,6.89984,5.03688,29.27505,36.01208,50.01,0864:16:37,1,02
14:23:52,0.0747,214.60,0.43014,6.91101,5.04504,29.27505,36.01208,50.01,0864:16:38,1,02
14:23:53,0.07477,214.60,0.43009,6.91659,5.04911,29.27505,36.01208,50.01,0864:16:40,1,02
14:23:54,0.07502,214.70,0.42862,6.91845,5.05047,29.27505,36.01208,50.01,0864:16:41,1,02
14:23:55,0.07412,214.70,0.43126,6.8775,5.02058,29.27505,36.0121,50.01,0864:16:42,1,02
14:23:56,0.07393,214.80,0.43287,6.88867,5.02873,29.27506,36.0121,50.01,0864:16:43,1,02
14:23:57,0.07389,214.80,0.43155,6.86448,5.01107,29.27506,36.0121,50.01,0864:16:44,1,02
14:23:58,0.07412,214.70,0.43092,6.87378,5.01786,29.27506,36.0121,50.01,0864:16:45,1,02
14:24:00,0.07448,214.60,0.43088,6.90356,5.0396,29.27506,36.0121,50.01,0864:16:46,1,02
14:24:01,0.07451,214.70,0.43174,6.92218,5.05319,29.27506,36.0121,50.01,0864:16:47,1,02
14:24:02,0.07397,214.60,0.43297,6.88867,5.02873,29.27507,36.0121,50.01,0864:16:48,1,02
14:24:03,0.07389,214.60,0.43232,6.87192,5.0165,29.27507,36.01212,50.01,0864:16:49,1,02
14:24:04,0.07433,214.60,0.43143,6.89798,5.03552,29.27507,36.01212,50.00,0864:16:50,1,02
14:24:05,0.07448,214.60,0.42958,6.88123,5.0233,29.27507,36.01212,50.00,0864:16:51,1,02
14:24:06,0.07433,214.50,0.4307,6.88309,5.02465,29.27507,36.01212,50.01,0864:16:52,1,02
14:24:07,0.0743,214.50,0.43242,6.90729,5.04232,29.27508,36.01213,50.01,0864:16:53,1,02
14:24:08,0.07422,214.60,0.43284,6.90915,5.04368,29.27508,36.01213,50.01,0864:16:54,1,02
14:24:09,0.07415,214.40,0.43166,6.8775,5.02058,29.27508,36.01213,50.00,0864:16:55,1,02
14:24:10,0.0743,214.40,0.43167,6.89053,5.03009,29.27508,36.01213,50.00,0864:16:56,1,02
14:24:11,0.07455,214.40,0.43191,6.91845,5.05047,29.27509,36.01213,50.00,0864:16:57,1,02
14:24:12,0.07412,214.40,0.43231,6.88309,5.02465,29.27509,36.01213,50.00,0864:16:58,1,02
14:24:13,0.07433,214.10,0.43336,6.91101,5.04504,29.27509,36.01213,50.00,0864:17:00,1,02
14:24:14,0.07433,214.10,0.43336,6.91101,5.04504,29.27509,36.01213,50.00,0864:17:00,1,02
14:24:15,0.07455,214.10,0.43404,6.94451,5.06949,29.27509,36.01213,50.00,0864:17:01,1,02
14:24:16,0.07426,214.00,0.43316,6.89984,5.03688,29.27509,36.01215,50.00,0864:17:02,1,02
14:24:17,0.07441,214.10,0.4324,6.90542,5.04096,29.2751,36.01215,50.00,0864:17:03,1,02
14:24:18,0.07444,214.10,0.43183,6.89798,5.03552,29.2751,36.01215,50.00,0864:17:04,1,02
14:24:19,0.07462,214.20,0.4296,6.88309,5.02465,29.2751,36.01216,50.00,0864:17:05,1,02
14:24:20,0.07433,214.20,0.43177,6.89053,5.03009,29.2751,36.01216,50.00,0864:17:06,1,02
14:24:21,0.07386,214.30,0.43417,6.88681,5.02737,29.2751,36.01216,50.00,0864:17:07,1,02
14:24:22,0.07404,214.20,0.43337,6.88867,5.02873,29.27511,36.01216,49.99,0864:17:08,1,02
14:24:23,0.07455,214.40,0.4325,6.92962,5.05862,29.27511,36.01217,49.99,0864:17:09,1,02
14:24:24,0.07455,214.50,0.43053,6.89798,5.03552,29.27511,36.01217,49.99,0864:17:10,1,02
14:24:25,0.07419,214.60,0.43187,6.89053,5.03009,29.27511,36.01217,49.99,0864:17:11,1,02
14:24:26,0.07415,214.50,0.43112,6.87378,5.01786,29.27511,36.01217,49.99,0864:17:12,1,02
14:24:27,0.07415,214.50,0.43227,6.89053,5.03009,29.27512,36.01218,49.98,0864:17:13,1,02
14:24:28,0.07437,214.50,0.43085,6.88867,5.02873,29.27512,36.01218,49.98,0864:17:14,1,02
14:24:29,0.07473,214.60,0.4318,6.94079,5.06678,29.27512,36.01218,49.98,0864:17:15,1,02
14:24:30,0.07441,214.70,0.43174,6.91101,5.04504,29.27512,36.01218,49.98,0864:17:16,1,02
14:24:31,0.07419,214.60,0.43057,6.8682,5.01378,29.27512,36.01218,49.96,0864:17:17,1,02
14:24:32,0.07426,214.60,0.43263,6.90915,5.04368,29.27513,36.01218,49.96,0864:17:18,1,02
14:24:33,0.07422,214.60,0.43109,6.88123,5.0233,29.27513,36.01218,49.98,0864:17:20,1,02
14:24:34,0.07412,214.60,0.43076,6.86634,5.01243,29.27513,36.01218,49.98,0864:17:21,1,02
14:24:35,0.07492,214.60,0.43103,6.94451,5.06949,29.27513,36.0122,49.98,0864:17:22,1,02
14:24:36,0.07441,214.70,0.43129,6.90542,5.04096,29.27513,36.0122,49.98,0864:17:23,1,02
14:24:37,0.07451,214.60,0.43124,6.91101,5.04504,29.27514,36.0122,49.98,0864:17:24,1,02
14:24:38,0.07441,214.50,0.42985,6.8775,5.02058,29.27514,36.01221,49.98,0864:17:25,1,02
14:24:39,0.07462,214.50,0.42991,6.89612,5.03417,29.27514,36.01221,49.96,0864:17:26,1,02
14:24:40,0.074,214.50,0.4325,6.88123,5.0233,29.27514,36.01221,49.96,0864:17:27,1,02
14:24:41,0.07484,214.50,0.43163,6.94451,5.06949,29.27514,36.01221,49.99,0864:17:28,1,02
14:24:42,0.07477,214.50,0.42948,6.90356,5.0396,29.27515,36.01221,49.99,0864:17:29,1,02
14:24:43,0.07477,214.50,0.42948,6.90356,5.0396,29.27515,36.01221,49.99,0864:17:29,1,02
14:24:44,0.0748,214.60,0.42908,6.90356,5.0396,29.27515,36.01221,49.98,0864:17:30,1,02
14:24:45,0.07419,214.50,0.43209,6.8924,5.03145,29.27515,36.01221,49.98,0864:17:31,1,02
14:24:46,0.07441,214.50,0.43042,6.88495,5.02601,29.27515,36.01221,49.96,0864:17:32,1,02
14:24:47,0.07499,214.40,0.42943,6.92031,5.05183,29.27515,36.01223,49.98,0864:17:33,1,02
14:24:48,0.07517,214.40,0.43018,6.9501,5.07357,29.27516,36.01223,49.98,0864:17:34,1,02
14:24:49,0.07426,214.40,0.43224,6.89798,5.03552,29.27516,36.01223,49.98,0864:17:35,1,02
14:24:50,0.07408,214.40,0.43323,6.89612,5.03417,29.27516,36.01223,49.98,0864:17:36,1,02
14:24:51,0.07404,214.40,0.43319,6.89053,5.03009,29.27516,36.01223,49.96,0864:17:37,1,02
14:24:52,0.07448,214.30,0.43181,6.90729,5.04232,29.27516,36.01223,49.96,0864:17:38,1,02
14:24:53,0.07455,214.30,0.43026,6.89053,5.03009,29.27517,36.01223,49.98,0864:17:40,1,02
14:24:54,0.07473,214.40,0.43067,6.91473,5.04775,29.27517,36.01225,49.98,0864:17:41,1,02
14:24:55,0.07448,214.30,0.42962,6.87378,5.01786,29.27517,36.01225,49.98,0864:17:42,1,02
14:24:56,0.07451,214.30,0.43081,6.89612,5.03417,29.27517,36.01225,49.98,0864:17:43,1,02
14:24:57,0.0747,214.20,0.43189,6.92776,5.05726,29.27517,36.01225,49.98,0864:17:44,1,02
14:24:58,0.07473,214.20,0.42923,6.88681,5.02737,29.27518,36.01226,49.98,0864:17:45,1,02
14:24:59,0.0747,214.20,0.43117,6.91473,5.04775,29.27518,36.01226,49.98,0864:17:46,1,02
14:25:00,0.07502,214.20,0.42905,6.91101,5.04504,29.27518,36.01226,49.98,0864:17:47,1,02
14:25:01,0.07462,214.20,0.42993,6.88681,5.02737,29.27518,36.01226,49.98,0864:17:48,1,02
14:25:02,0.07455,214.30,0.43095,6.89984,5.03688,29.27518,36.01226,49.98,0864:17:49,1,02
14:25:03,0.07614,214.30,0.43251,7.07294,5.16325,29.27519,36.01226,49.98,0864:17:50,1,02
14:25:04,0.07441,214.40,0.43223,6.90915,5.04368,29.27519,36.01226,49.98,0864:17:51,1,02
14:25:05,0.07433,214.50,0.43165,6.89984,5.03688,29.27519,36.01226,49.98,0864:17:52,1,02
14:25:06,0.07441,214.60,0.43022,6.88495,5.02601,29.27519,36.01228,49.98,0864:17:53,1,02
14:25:07,0.07441,214.60,0.43022,6.88495,5.02601,29.27519,36.01228,49.98,0864:17:53,1,02
14:25:08,0.07451,214.80,0.43247,6.93707,5.06406,29.27519,36.01228,49.98,0864:17:54,1,02
14:25:09,0.07433,214.90,0.43188,6.91473,5.04775,29.2752,36.01228,49.96,0864:17:55,1,02
14:25:10,0.0743,214.90,0.43008,6.88123,5.0233,29.2752,36.01229,49.96,0864:17:56,1,02
14:25:11,0.07484,214.90,0.42956,6.92404,5.05455,29.2752,36.01229,49.99,0864:17:57,1,02
14:25:12,0.07477,214.90,0.4288,6.90542,5.04096,29.2752,36.01229,49.99,0864:17:58,1,02
14:25:13,0.07444,214.80,0.43182,6.92031,5.05183,29.2752,36.01229,49.98,0864:18:00,1,02
14:25:14,0.07455,214.80,0.43251,6.94265,5.06813,29.27521,36.01229,49.98,0864:18:01,1,02
14:25:15,0.07422,214.80,0.43128,6.8924,5.03145,29.27521,36.01229,49.98,0864:18:02,1,02
14:25:16,0.07441,214.70,0.43118,6.90356,5.0396,29.27521,36.01229,49.98,0864:18:03,1,02
14:25:17,0.07488,214.60,0.42742,6.88309,5.02465,29.27521,36.01229,49.99,0864:18:04,1,02
14:25:18,0.07484,214.40,0.42847,6.89053,5.03009,29.27521,36.01231,49.99,0864:18:05,1,02
14:25:19,0.0747,214.50,0.43044,6.91101,5.04504,29.27522,36.01231,49.99,0864:18:06,1,02
14:25:20,0.07426,214.60,0.431,6.88309,5.02465,29.27522,36.01231,49.99,0864:18:07,1,02
14:25:21,0.0743,214.50,0.42974,6.86448,5.01107,29.27522,36.01231,49.99,0864:18:08,1,02
14:25:22,0.07473,214.50,0.42783,6.87378,5.01786,29.27522,36.01231,49.99,0864:18:09,1,02
14:25:23,0.0748,214.50,0.42803,6.88495,5.02601,29.27522,36.01231,49.99,0864:18:10,1,02
14:25:24,0.07473,214.50,0.43072,6.92031,5.05183,29.27523,36.01231,49.99,0864:18:11,1,02
14:25:25,0.07441,214.60,0.43033,6.88681,5.02737,29.27523,36.01231,50.00,0864:18:12,1,02
14:25:26,0.07441,214.80,0.4294,6.90542,5.04096,29.27523,36.01233,50.01,0864:18:13,1,02
14:25:27,0.07455,214.90,0.43197,6.93707,5.06406,29.27523,36.01233,50.01,0864:18:14,1,02
14:25:28,0.07488,215.00,0.43066,6.94823,5.07221,29.27523,36.01233,50.03,0864:18:15,1,02
14:25:29,0.07451,214.90,0.42962,6.89612,5.03417,29.27524,36.01234,50.03,0864:18:16,1,02
14:25:30,0.07444,214.80,0.4302,6.89426,5.03281,29.27524,36.01234,50.01,0864:18:17,1,02
14:25:31,0.07444,214.80,0.4302,6.89426,5.03281,29.27524,36.01234,50.01,0864:18:17,1,02
14:25:32,0.07451,214.80,0.42955,6.88867,5.02873,29.27524,36.01234,50.01,0864:18:18,1,02
14:25:33,0.07459,214.80,0.42975,6.89984,5.03688,29.27524,36.01234,50.03,0864:18:20,1,02
14:25:34,0.0748,214.70,0.43003,6.92031,5.05183,29.27524,36.01234,50.03,0864:18:21,1,02
14:25:36,0.07433,214.70,0.43005,6.8775,5.02058,29.27525,36.01234,50.04,0864:18:22,1,02
14:25:37,0.07459,214.60,0.42923,6.88681,5.02737,29.27525,36.01234,50.04,0864:18:23,1,02
14:25:38,0.07448,214.60,0.43075,6.89984,5.03688,29.27525,36.01234,50.03,0864:18:24,1,02
14:25:39,0.07433,214.50,0.43034,6.87564,5.01922,29.27525,36.01236,50.03,0864:18:25,1,02
14:25:40,0.07499,214.40,0.43138,6.9501,5.07357,29.27525,36.01236,50.04,0864:18:26,1,02
14:25:41,0.07451,214.30,0.43091,6.89612,5.03417,29.27526,36.01236,50.04,0864:18:27,1,02
14:25:42,0.07492,214.20,0.42837,6.89053,5.03009,29.27526,36.01236,50.03,0864:18:28,1,02
14:25:43,0.07462,214.30,0.42973,6.88681,5.02737,29.27526,36.01237,50.03,0864:18:29,1,02
14:25:44,0.07437,214.40,0.43068,6.88123,5.0233,29.27526,36.01237,50.03,0864:18:30,1,02
14:25:45,0.07404,214.30,0.43212,6.87192,5.0165,29.27526,36.01237,50.03,0864:18:31,1,02
14:25:46,0.07444,214.30,0.42982,6.87378,5.01786,29.27527,36.01237,50.03,0864:18:32,1,02
14:25:47,0.07477,214.40,0.43095,6.92404,5.05455,29.27527,36.01237,50.01,0864:18:33,1,02
14:25:48,0.07466,214.40,0.43049,6.90542,5.04096,29.27527,36.01237,50.01,0864:18:34,1,02
14:25:49,0.07455,214.30,0.43036,6.89053,5.03009,29.27527,36.01237,50.01,0864:18:35,1,02
14:25:50,0.07433,214.30,0.43099,6.88123,5.0233,29.27527,36.01239,50.01,0864:18:36,1,02
14:25:51,0.07466,214.20,0.4288,6.87192,5.0165,29.27528,36.01239,50.00,0864:18:37,1,02
14:25:52,0.07437,214.10,0.43165,6.88867,5.02873,29.27528,36.01239,50.00,0864:18:38,1,02
14:25:53,0.07448,214.00,0.43208,6.90356,5.0396,29.27528,36.01239,50.00,0864:18:39,1,02
14:25:54,0.07492,214.10,0.431,6.92962,5.05862,29.27528,36.01239,50.00,0864:18:41,1,02
14:25:55,0.0743,214.30,0.43105,6.8775,5.02058,29.27528,36.01239,50.00,0864:18:42,1,02
14:25:56,0.07466,214.40,0.43003,6.89798,5.03552,29.27529,36.01239,50.00,0864:18:43,1,02
14:25:57,0.07466,214.40,0.43003,6.89798,5.03552,29.27529,36.01239,50.00,0864:18:43,1,02
14:25:58,0.07441,214.40,0.42945,6.86634,5.01243,29.27529,36.01239,49.99,0864:18:44,1,02
14:25:59,0.07484,214.60,0.42922,6.90729,5.04232,29.27529,36.01241,49.99,0864:18:45,1,02
14:26:00,0.07524,214.50,0.42957,6.94823,5.07221,29.27529,36.01241,49.99,0864:18:46,1,02
14:26:01,0.07492,214.50,0.42926,6.91287,5.04639,29.27529,36.01241,49.99,0864:18:47,1,02
14:26:02,0.07477,214.50,0.42935,6.89984,5.03688,29.2753,36.01242,49.98,0864:18:48,1,02
14:26:03,0.07444,214.50,0.4315,6.90542,5.04096,29.2753,36.01242,49.98,0864:18:49,1,02
14:26:04,0.07455,214.80,0.43006,6.9017,5.03824,29.2753,36.01242,49.99,0864:18:50,1,02
14:26:05,0.07488,214.70,0.42988,6.9259,5.05591,29.2753,36.01242,49.99,0864:18:51,1,02
14:26:06,0.07466,214.70,0.42862,6.88495,5.02601,29.2753,36.01242,49.99,0864:18:52,1,02
14:26:07,0.07517,214.60,0.42643,6.89426,5.03281,29.27531,36.01242,49.99,0864:18:53,1,02
14:26:08,0.0748,214.60,0.4277,6.88123,5.0233,29.27531,36.01242,49.98,0864:18:54,1,02
14:26:09,0.07495,214.80,0.42905,6.92218,5.05319,29.27531,36.01242,49.99,0864:18:55,1,02
14:26:10,0.07466,214.70,0.42864,6.88681,5.02737,29.27531,36.01244,49.99,0864:18:56,1,02
14:26:11,0.07553,214.70,0.42636,6.92962,5.05862,29.27531,36.01244,49.99,0864:18:57,1,02
14:26:12,0.07528,214.80,0.42593,6.90356,5.0396,29.27532,36.01244,49.99,0864:18:58,1,02
14:26:13,0.07502,214.70,0.42599,6.8775,5.02058,29.27532,36.01244,49.99,0864:18:59,1,02
14:26:14,0.07546,214.70,0.42639,6.92218,5.05319,29.27532,36.01245,49.99,0864:19:00,1,02
14:26:15,0.07506,214.60,0.42655,6.88495,5.02601,29.27532,36.01245,49.99,0864:19:01,1,02
14:26:16,0.0752,214.50,0.4261,6.89053,5.03009,29.27532,36.01245,49.99,0864:19:03,1,02
14:26:17,0.07502,214.60,0.42697,6.88867,5.02873,29.27533,36.01245,49.99,0864:19:04,1,02
14:26:18,0.07502,214.50,0.42659,6.87937,5.02194,29.27533,36.01245,49.99,0864:19:05,1,02
14:26:19,0.07549,214.50,0.42762,6.93893,5.06542,29.27533,36.01245,50.00,0864:19:06,1,02
14:26:20,0.07517,214.50,0.42559,6.8775,5.02058,29.27533,36.01245,50.00,0864:19:07,1,02
14:26:21,0.07528,214.60,0.42481,6.8775,5.02058,29.27533,36.01247,50.00,0864:19:08,1,02
14:26:22,0.0752,214.60,0.42532,6.87937,5.02194,29.27534,36.01247,50.00,0864:19:09,1,02
14:26:23,0.07528,214.60,0.42653,6.90542,5.04096,29.27534,36.01247,50.01,0864:19:10,1,02
14:26:24,0.07528,214.60,0.42653,6.90542,5.04096,29.27534,36.01247,50.01,0864:19:10,1,02
14:26:25,0.07546,214.60,0.42626,6.91845,5.05047,29.27534,36.01247,50.01,0864:19:11,1,02
14:26:26,0.07538,214.70,0.42474,6.89053,5.03009,29.27534,36.01247,50.01,0864:19:12,1,02
14:26:27,0.07542,214.80,0.42423,6.88867,5.02873,29.27534,36.01247,50.01,0864:19:13,1,02
14:26:28,0.07495,214.80,0.42445,6.84959,5.0002,29.27535,36.01247,50.03,0864:19:14,1,02
14:26:29,0.07524,214.80,0.42429,6.87378,5.01786,29.27535,36.01249,50.03,0864:19:15,1,02
14:26:30,0.07581,214.60,0.42513,6.93334,5.06134,29.27535,36.01249,50.03,0864:19:16,1,02
14:26:31,0.07553,214.70,0.42463,6.89984,5.03688,29.27535,36.01249,50.01,0864:19:17,1,02
14:26:32,0.07524,214.60,0.42548,6.88681,5.02737,29.27535,36.01249,50.01,0864:19:18,1,02
14:26:33,0.07502,214.70,0.42564,6.87192,5.0165,29.27536,36.0125,50.03,0864:19:19,1,02
14:26:34,0.07517,214.70,0.42568,6.88681,5.02737,29.27536,36.0125,50.03,0864:19:20,1,02
14:26:35,0.07528,214.70,0.42542,6.89053,5.03009,29.27536,36.0125,50.03,0864:19:21,1,02
14:26:36,0.07549,214.70,0.42486,6.90356,5.0396,29.27536,36.0125,50.03,0864:19:22,1,02
14:26:37,0.07567,214.70,0.42663,6.94823,5.07221,29.27536,36.0125,50.04,0864:19:24,1,02
14:26:38,0.07557,214.70,0.4272,6.94637,5.07085,29.27537,36.0125,50.04,0864:19:25,1,02
14:26:39,0.07546,214.70,0.4248,6.89798,5.03552,29.27537,36.0125,50.03,0864:19:26,1,02
14:26:40,0.07578,214.70,0.42249,6.88867,5.02873,29.27537,36.01252,50.03,0864:19:27,1,02
14:26:41,0.07564,214.70,0.42406,6.9017,5.03824,29.27537,36.01252,50.01,0864:19:28,1,02
14:26:42,0.07553,214.70,0.42486,6.90356,5.0396,29.27537,36.01252,50.01,0864:19:29,1,02
14:26:43,0.07535,214.60,0.4257,6.89984,5.03688,29.27538,36.01252,50.03,0864:19:30,1,02
14:26:44,0.07585,214.60,0.42777,6.97801,5.09395,29.27538,36.01253,50.03,0864:19:31,1,02
14:26:45,0.07607,214.60,0.42605,6.97057,5.08852,29.27538,36.01253,50.01,0864:19:32,1,02
14:26:46,0.07639,214.70,0.42491,6.9836,5.09803,29.27538,36.01253,50.01,0864:19:33,1,02
14:26:47,0.07546,214.70,0.42471,6.89798,5.03552,29.27538,36.01253,50.03,0864:19:34,1,02
14:26:48,0.07517,214.80,0.42547,6.88495,5.02601,29.27539,36.01254,50.03,0864:19:35,1,02
14:26:49,0.07517,214.80,0.42547,6.88495,5.02601,29.27539,36.01254,50.03,0864:19:35,1,02
14:26:50,0.07557,214.80,0.4262,6.93334,5.06134,29.27539,36.01254,50.01,0864:19:36,1,02
14:26:51,0.07524,214.70,0.42494,6.88123,5.0233,29.27539,36.01254,50.01,0864:19:37,1,02
14:26:52,0.07517,214.90,0.42412,6.86634,5.01243,29.27539,36.01255,50.01,0864:19:38,1,02
14:26:53,0.07524,214.90,0.42513,6.89053,5.03009,29.2754,36.01255,50.03,0864:19:39,1,02
14:26:54,0.07535,215.10,0.42528,6.90729,5.04232,29.2754,36.01255,50.03,0864:19:40,1,02
14:26:55,0.0756,215.00,0.42253,6.88309,5.02465,29.2754,36.01255,50.01,0864:19:41,1,02
14:26:56,0.07513,215.10,0.42552,6.89053,5.03009,29.2754,36.01255,50.01,0864:19:42,1,02
14:26:57,0.07535,215.10,0.42725,6.94079,5.06678,29.2754,36.01255,50.01,0864:19:43,1,02
14:26:58,0.07549,215.10,0.42509,6.91845,5.05047,29.27541,36.01255,50.01,0864:19:45,1,02
14:26:59,0.07567,215.10,0.42298,6.89984,5.03688,29.27541,36.01255,50.03,0864:19:46,1,02
14:27:00,0.0756,215.10,0.42188,6.87564,5.01922,29.27541,36.01257,50.03,0864:19:47,1,02
14:27:01,0.07585,215.00,0.42268,6.90915,5.04368,29.27541,36.01257,50.03,0864:19:48,1,02
14:27:02,0.07528,215.10,0.4258,6.91101,5.04504,29.27541,36.01257,50.03,0864:19:49,1,02
14:27:03,0.07524,215.00,0.42378,6.87192,5.0165,29.27542,36.01258,50.01,0864:19:50,1,02
14:27:04,0.07531,215.00,0.42374,6.8775,5.02058,29.27542,36.01258,50.01,0864:19:51,1,02
14:27:05,0.07567,215.00,0.42329,6.9017,5.03824,29.27542,36.01258,50.01,0864:19:52,1,02
14:27:06,0.07495,215.00,0.42579,6.8775,5.02058,29.27542,36.01258,50.01,0864:19:53,1,02
14:27:07,0.07535,215.00,0.42479,6.89612,5.03417,29.27542,36.01258,50.00,0864:19:54,1,02
14:27:08,0.07524,214.90,0.42582,6.9017,5.03824,29.27543,36.01258,50.00,0864:19:55,1,02
14:27:09,0.07549,214.90,0.42434,6.89984,5.03688,29.27543,36.01258,50.00,0864:19:56,1,02
14:27:10,0.07564,214.90,0.42276,6.88681,5.02737,29.27543,36.01258,49.99,0864:19:57,1,02
14:27:11,0.07585,214.90,0.42447,6.9352,5.0627,29.27543,36.0126,49.99,0864:19:58,1,02
14:27:12,0.07546,214.80,0.42427,6.8924,5.03145,29.27543,36.0126,50.00,0864:19:59,1,02
14:27:13,0.07535,214.90,0.42452,6.88867,5.02873,29.27544,36.0126,50.00,0864:20:00,1,02
14:27:14,0.07535,214.90,0.42452,6.88867,5.02873,29.27544,36.0126,50.00,0864:20:00,1,02
14:27:15,0.07589,214.90,0.42278,6.90915,5.04368,29.27544,36.0126,49.98,0864:20:01,1,02
14:27:16,0.07524,214.90,0.4258,6.89984,5.03688,29.27544,36.0126,49.98,0864:20:02,1,02
14:27:17,0.07531,215.10,0.42492,6.89984,5.03688,29.27544,36.0126,49.99,0864:20:03,1,02
14:27:18,0.07538,215.10,0.42478,6.90542,5.04096,29.27544,36.0126,49.99,0864:20:04,1,02
14:27:19,0.07553,215.10,0.42339,6.8924,5.03145,29.27545,36.01262,49.98,0864:20:06,1,02
14:27:20,0.07564,215.00,0.4243,6.91659,5.04911,29.27545,36.01262,49.98,0864:20:07,1,02
14:27:21,0.0748,215.00,0.42658,6.8775,5.02058,29.27545,36.01262,49.96,0864:20:08,1,02
14:27:22,0.07495,215.00,0.42752,6.90542,5.04096,29.27545,36.01262,49.96,0864:20:09,1,02
14:27:23,0.07509,215.10,0.42364,6.85703,5.00563,29.27545,36.01263,49.98,0864:20:10,1,02
14:27:24,0.07535,215.00,0.42146,6.84214,4.99476,29.27546,36.01263,49.98,0864:20:11,1,02
14:27:25,0.07531,214.90,0.4252,6.89798,5.03552,29.27546,36.01263,49.95,0864:20:12,1,02
14:27:26,0.07502,215.10,0.4253,6.8775,5.02058,29.27546,36.01263,49.95,0864:20:13,1,02
14:27:27,0.07542,214.90,0.42679,6.93334,5.06134,29.27546,36.01263,49.95,0864:20:14,1,02
14:27:28,0.07535,214.90,0.42408,6.88309,5.02465,29.27546,36.01263,49.95,0864:20:15,1,02
14:27:29,0.07553,215.10,0.42465,6.91287,5.04639,29.27547,36.01263,49.95,0864:20:16,1,02
14:27:30,0.07535,215.10,0.42472,6.89984,5.03688,29.27547,36.01265,49.95,0864:20:17,1,02
14:27:31,0.07517,215.30,0.42565,6.90542,5.04096,29.27547,36.01265,49.95,0864:20:18,1,02
14:27:33,0.07477,215.00,0.42525,6.85145,5.00156,29.27547,36.01265,49.94,0864:20:19,1,02
14:27:34,0.07567,214.20,0.42669,6.93334,5.06134,29.27547,36.01265,49.94,0864:20:20,1,02
14:27:35,0.0752,215.10,0.42641,6.91287,5.04639,29.27548,36.01266,49.94,0864:20:21,1,02
14:27:36,0.07517,215.10,0.42499,6.88681,5.02737,29.27548,36.01266,49.94,0864:20:22,1,02
14:27:37,0.07528,215.00,0.4237,6.87378,5.01786,29.27548,36.01266,49.96,0864:20:23,1,02
14:27:38,0.07495,215.10,0.42673,6.89426,5.03281,29.27548,36.01266,49.96,0864:20:24,1,02
14:27:39,0.07506,215.00,0.42717,6.91101,5.04504,29.27548,36.01266,49.95,0864:20:25,1,02
14:27:40,0.07495,215.10,0.42707,6.89984,5.03688,29.27549,36.01266,49.95,0864:20:27,1,02
14:27:41,0.07495,215.10,0.42707,6.89984,5.03688,29.27549,36.01266,49.95,0864:20:27,1,02
14:27:42,0.07509,215.10,0.42571,6.89053,5.03009,29.27549,36.01266,49.96,0864:20:28,1,02
14:27:43,0.07581,215.10,0.4246,6.93893,5.06542,29.27549,36.01268,49.96,0864:20:29,1,02
14:27:44,0.07517,214.80,0.42547,6.88495,5.02601,29.27549,36.01268,49.95,0864:20:30,1,02
14:27:45,0.07531,214.80,0.42514,6.8924,5.03145,29.27549,36.01268,49.95,0864:20:31,1,02
14:27:46,0.07459,214.80,0.42812,6.87378,5.01786,29.2755,36.01268,49.95,0864:20:32,1,02
14:27:47,0.07499,214.80,0.42735,6.89798,5.03552,29.2755,36.01268,49.95,0864:20:33,1,02
14:27:48,0.07535,214.80,0.4277,6.93707,5.06406,29.2755,36.01268,49.96,0864:20:34,1,02
14:27:49,0.07531,214.70,0.42649,6.91101,5.04504,29.2755,36.01268,49.96,0864:20:35,1,02
14:27:50,0.0756,214.60,0.42523,6.91287,5.04639,29.2755,36.01268,49.96,0864:20:36,1,02
14:27:51,0.07506,214.70,0.42623,6.88309,5.02465,29.27551,36.0127,49.96,0864:20:37,1,02
14:27:52,0.07484,214.80,0.42458,6.84214,4.99476,29.27551,36.0127,49.96,0864:20:38,1,02
14:27:53,0.07462,214.80,0.42669,6.85703,5.00563,29.27551,36.0127,49.98,0864:20:39,1,02
14:27:54,0.07509,214.70,0.42673,6.89426,5.03281,29.27551,36.01271,49.98,0864:20:40,1,02
14:27:55,0.07488,214.80,0.42912,6.91845,5.05047,29.27551,36.01271,49.98,0864:20:41,1,02
14:27:56,0.0748,214.70,0.4268,6.87006,5.01514,29.27552,36.01271,49.98,0864:20:42,1,02
14:27:57,0.07477,214.70,0.42748,6.87937,5.02194,29.27552,36.01271,49.99,0864:20:43,1,02
14:27:58,0.0748,214.60,0.42779,6.88123,5.0233,29.27552,36.01271,49.99,0864:20:44,1,02
14:27:59,0.07509,214.40,0.42608,6.8775,5.02058,29.27552,36.01271,50.00,0864:20:45,1,02
14:28:00,0.07517,214.50,0.42651,6.8924,5.03145,29.27552,36.01271,50.00,0864:20:47,1,02
14:28:01,0.07567,214.50,0.42542,6.92218,5.05319,29.27553,36.01271,49.99,0864:20:48,1,02
14:28:02,0.07531,214.50,0.42607,6.89798,5.03552,29.27553,36.01273,49.99,0864:20:49,1,02
14:28:03,0.07574,214.50,0.42385,6.89984,5.03688,29.27553,36.01273,50.00,0864:20:50,1,02
14:28:04,0.07549,214.60,0.42446,6.8924,5.03145,29.27553,36.01273,50.00,0864:20:51,1,02
14:28:05,0.07549,214.60,0.42446,6.8924,5.03145,29.27553,36.01273,50.00,0864:20:51,1,02
14:28:06,0.07538,214.60,0.42505,6.8924,5.03145,29.27553,36.01273,50.00,0864:20:52,1,02
14:28:07,0.07564,214.70,0.42393,6.89798,5.03552,29.27554,36.01274,50.00,0864:20:53,1,02
14:28:08,0.07549,214.80,0.42531,6.91101,5.04504,29.27554,36.01274,50.01,0864:20:54,1,02
14:28:09,0.07535,214.70,0.42537,6.89612,5.03417,29.27554,36.01274,50.01,0864:20:55,1,02
14:28:10,0.07546,214.70,0.42549,6.90915,5.04368,29.27554,36.01274,50.03,0864:20:56,1,02
14:28:11,0.07531,214.60,0.42496,6.88309,5.02465,29.27554,36.01274,50.03,0864:20:57,1,02
14:28:12,0.07528,214.60,0.42722,6.91659,5.04911,29.27555,36.01274,50.01,0864:20:58,1,02
14:28:13,0.07531,214.60,0.42624,6.90542,5.04096,29.27555,36.01274,50.01,0864:20:59,1,02
14:28:14,0.07531,214.70,0.42821,6.93893,5.06542,29.27555,36.01276,50.01,0864:21:00,1,02
14:28:15,0.07528,214.60,0.42676,6.90915,5.04368,29.27555,36.01276,50.03,0864:21:01,1,02
14:28:16,0.07535,214.60,0.42582,6.9017,5.03824,29.27555,36.01276,50.03,0864:21:02,1,02
14:28:17,0.07578,214.60,0.42236,6.88495,5.02601,29.27556,36.01276,50.01,0864:21:03,1,02
14:28:18,0.07574,214.70,0.42483,6.92218,5.05319,29.27556,36.01276,50.01,0864:21:04,1,02
14:28:19,0.07549,214.80,0.42499,6.90729,5.04232,29.27556,36.01276,50.03,0864:21:05,1,02
14:28:20,0.07495,214.80,0.4263,6.87937,5.02194,29.27556,36.01276,50.03,0864:21:06,1,02
14:28:21,0.07513,214.90,0.42568,6.88681,5.02737,29.27556,36.01278,50.01,0864:21:08,1,02
14:28:22,0.07509,214.80,0.42563,6.88123,5.0233,29.27557,36.01278,50.01,0864:21:09,1,02
14:28:23,0.07542,214.90,0.42345,6.8775,5.02058,29.27557,36.01278,50.03,0864:21:10,1,02
14:28:24,0.07581,214.80,0.4229,6.9017,5.03824,29.27557,36.01278,50.03,0864:21:11,1,02
14:28:25,0.0761,214.90,0.42278,6.92962,5.05862,29.27557,36.01279,50.03,0864:21:12,1,02
14:28:26,0.07549,214.90,0.42228,6.86634,5.01243,29.27557,36.01279,50.03,0864:21:13,1,02
14:28:27,0.07528,214.90,0.42413,6.8775,5.02058,29.27558,36.01279,50.01,0864:21:14,1,02
14:28:28,0.07564,214.80,0.4241,6.90542,5.04096,29.27558,36.01279,50.01,0864:21:15,1,02
14:28:29,0.07542,215.10,0.4234,6.88309,5.02465,29.27558,36.01279,50.01,0864:21:16,1,02
14:28:30,0.07542,215.20,0.42412,6.89798,5.03552,29.27558,36.01279,50.01,0864:21:17,1,02
14:28:31,0.07542,215.20,0.42412,6.89798,5.03552,29.27558,36.01279,50.01,0864:21:17,1,02
14:28:32,0.07589,215.30,0.42406,6.94265,5.06813,29.27558,36.01279,50.03,0864:21:18,1,02
14:28:33,0.07513,215.30,0.4256,6.89984,5.03688,29.27559,36.01281,50.03,0864:21:19,1,02
14:28:34,0.0756,215.30,0.42368,6.91287,5.04639,29.27559,36.01281,50.00,0864:21:20,1,02
14:28:35,0.07488,215.60,0.42625,6.89612,5.03417,29.27559,36.01281,50.01,0864:21:21,1,02
14:28:36,0.07506,215.60,0.42426,6.88123,5.0233,29.27559,36.01281,50.01,0864:21:22,1,02
14:28:37,0.07557,215.60,0.42364,6.91845,5.05047,29.27559,36.01282,50.01,0864:21:23,1,02
14:28:38,0.07513,215.70,0.42333,6.87564,5.01922,29.2756,36.01282,50.01,0864:21:24,1,02
14:28:39,0.07499,215.60,0.42614,6.90542,5.04096,29.2756,36.01282,50.03,0864:21:25,1,02
14:28:40,0.07502,215.60,0.42536,6.89426,5.03281,29.2756,36.01282,50.03,0864:21:26,1,02
14:28:41,0.07492,215.60,0.42399,6.86261,5.00971,29.2756,36.01283,50.03,0864:21:28,1,02
14:28:42,0.07502,215.60,0.42501,6.88867,5.02873,29.2756,36.01283,50.03,0864:21:29,1,02
14:28:43,0.0752,215.60,0.42302,6.87378,5.01786,29.27561,36.01283,50.03,0864:21:30,1,02
14:28:44,0.07517,215.50,0.42628,6.92031,5.05183,29.27561,36.01284,50.03,0864:21:31,1,02
14:28:45,0.07506,215.40,0.42499,6.88681,5.02737,29.27561,36.01284,50.01,0864:21:32,1,02
14:28:46,0.07524,215.20,0.42487,6.89426,5.03281,29.27561,36.01284,50.01,0864:21:33,1,02
14:28:47,0.07542,215.30,0.42315,6.88681,5.02737,29.27561,36.01284,50.01,0864:21:34,1,02
14:28:48,0.07535,215.20,0.42407,6.8924,5.03145,29.27562,36.01284,50.01,0864:21:35,1,02
14:28:49,0.07513,215.20,0.42501,6.88867,5.02873,29.27562,36.01284,50.00,0864:21:36,1,02
14:28:50,0.07528,215.20,0.42641,6.92404,5.05455,29.27562,36.01284,50.00,0864:21:37,1,02
14:28:51,0.07492,215.20,0.42638,6.88867,5.02873,29.27562,36.01284,49.99,0864:21:38,1,02
14:28:52,0.0752,215.20,0.42518,6.89612,5.03417,29.27562,36.01286,49.99,0864:21:39,1,02
14:28:53,0.07542,215.10,0.42399,6.89426,5.03281,29.27563,36.01286,50.00,0864:21:40,1,02
14:28:54,0.07517,215.30,0.42505,6.8924,5.03145,29.27563,36.01286,50.00,0864:21:41,1,02
14:28:55,0.07492,215.30,0.42609,6.88867,5.02873,29.27563,36.01287,50.00,0864:21:42,1,02
14:28:56,0.07542,215.30,0.42578,6.92962,5.05862,29.27563,36.01287,49.99,0864:21:43,1,02
14:28:57,0.07542,215.30,0.42578,6.92962,5.05862,29.27563,36.01287,49.99,0864:21:43,1,02
14:28:58,0.0752,215.40,0.42444,6.89053,5.03009,29.27563,36.01287,49.99,0864:21:44,1,02
14:28:59,0.07502,215.50,0.42603,6.90356,5.0396,29.27564,36.01287,49.98,0864:21:45,1,02
14:29:00,0.07513,215.50,0.42556,6.90542,5.04096,29.27564,36.01287,49.98,0864:21:46,1,02
14:29:01,0.07506,215.40,0.4257,6.89984,5.03688,29.27564,36.01287,49.99,0864:21:47,1,02
14:29:02,0.07506,215.50,0.42595,6.90542,5.04096,29.27564,36.01287,49.99,0864:21:48,1,02
14:29:03,0.07495,215.50,0.4263,6.9017,5.03824,29.27564,36.01287,49.99,0864:21:50,1,02
14:29:04,0.07466,215.50,0.42578,6.86634,5.01243,29.27565,36.01289,49.99,0864:21:51,1,02
14:29:05,0.07542,215.60,0.42554,6.9352,5.0627,29.27565,36.01289,49.99,0864:21:52,1,02
14:29:06,0.07502,215.70,0.42506,6.89426,5.03281,29.27565,36.01289,49.99,0864:21:53,1,02
14:29:07,0.07513,215.70,0.42402,6.88681,5.02737,29.27565,36.01289,50.00,0864:21:54,1,02
14:29:08,0.07462,215.70,0.42696,6.88681,5.02737,29.27565,36.01289,50.00,0864:21:55,1,02
14:29:09,0.07451,215.60,0.42948,6.91473,5.04775,29.27566,36.01289,49.99,0864:21:56,1,02
14:29:10,0.0748,215.70,0.42795,6.92031,5.05183,29.27566,36.01289,49.99,0864:21:57,1,02
14:29:11,0.07506,215.60,0.42654,6.91659,5.04911,29.27566,36.01291,50.00,0864:21:58,1,02
14:29:12,0.07509,215.50,0.42403,6.8775,5.02058,29.27566,36.01291,50.00,0864:21:59,1,02
14:29:13,0.07513,215.40,0.42485,6.8924,5.03145,29.27566,36.01291,50.00,0864:22:00,1,02
14:29:14,0.0748,215.50,0.4273,6.90356,5.0396,29.27567,36.01291,50.00,0864:22:01,1,02
14:29:15,0.07488,215.50,0.42635,6.89612,5.03417,29.27567,36.01292,49.99,0864:22:02,1,02
14:29:16,0.07488,215.60,0.42489,6.87564,5.01922,29.27567,36.01292,50.00,0864:22:03,1,02
14:29:17,0.07528,215.50,0.42537,6.91659,5.04911,29.27567,36.01292,50.00,0864:22:04,1,02
14:29:18,0.07499,215.50,0.42576,6.89612,5.03417,29.27567,36.01292,50.00,0864:22:05,1,02
14:29:19,0.0748,215.50,0.42753,6.90729,5.04232,29.27568,36.01292,50.00,0864:22:06,1,02
14:29:20,0.07488,215.50,0.42574,6.88309,5.02465,29.27568,36.01292,50.01,0864:22:07,1,02
14:29:21,0.07546,215.40,0.42266,6.88681,5.02737,29.27568,36.01292,50.01,0864:22:08,1,02
14:29:22,0.07546,215.40,0.42266,6.88681,5.02737,29.27568,36.01292,50.01,0864:22:08,1,02
14:29:23,0.0748,215.50,0.42617,6.88681,5.02737,29.27568,36.01294,50.01,0864:22:10,1,02
14:29:24,0.07549,215.50,0.42399,6.91473,5.04775,29.27568,36.01294,50.01,0864:22:11,1,02
14:29:25,0.07495,215.60,0.42575,6.89426,5.03281,29.27569,36.01294,50.01,0864:22:12,1,02
14:29:27,0.07488,215.50,0.42647,6.89798,5.03552,29.27569,36.01294,50.01,0864:22:13,1,02
14:29:28,0.07513,215.50,0.42405,6.87937,5.02194,29.27569,36.01295,50.03,0864:22:14,1,02
14:29:29,0.07513,215.40,0.42451,6.88681,5.02737,29.27569,36.01295,50.03,0864:22:15,1,02
14:29:30,0.07488,215.50,0.42587,6.88681,5.02737,29.27569,36.01295,50.03,0864:22:16,1,02
14:29:31,0.07531,215.60,0.42542,6.92218,5.05319,29.2757,36.01295,50.03,0864:22:17,1,02
14:29:32,0.07462,215.60,0.42646,6.87564,5.01922,29.2757,36.01295,50.03,0864:22:18,1,02
14:29:33,0.07502,215.50,0.42601,6.9017,5.03824,29.2757,36.01295,50.03,0864:22:19,1,02
14:29:34,0.07433,215.40,0.42869,6.88123,5.0233,29.2757,36.01295,50.01,0864:22:20,1,02
14:29:35,0.0747,215.40,0.42785,6.89798,5.03552,29.2757,36.01297,50.01,0864:22:21,1,02
14:29:36,0.07509,215.40,0.42572,6.9017,5.03824,29.27571,36.01297,50.03,0864:22:22,1,02
14:29:37,0.07499,215.40,0.4256,6.88867,5.02873,29.27571,36.01297,50.03,0864:22:23,1,02
14:29:38,0.07448,215.40,0.42894,6.89798,5.03552,29.27571,36.01297,50.03,0864:22:24,1,02
14:29:39,0.07524,215.40,0.42874,6.96499,5.08444,29.27571,36.01297,50.03,0864:22:25,1,02
14:29:40,0.07517,215.40,0.42693,6.92776,5.05726,29.27571,36.01297,50.03,0864:22:26,1,02
14:29:41,0.0748,215.40,0.42623,6.88309,5.02465,29.27572,36.01297,50.03,0864:22:27,1,02
14:29:42,0.07495,215.30,0.42566,6.88495,5.02601,29.27572,36.01297,50.03,0864:22:28,1,02
14:29:43,0.07495,215.30,0.42624,6.89426,5.03281,29.27572,36.01299,50.03,0864:22:29,1,02
14:29:44,0.07459,215.20,0.42723,6.87378,5.01786,29.27572,36.01299,50.03,0864:22:31,1,02
14:29:45,0.07473,215.10,0.42709,6.87937,5.02194,29.27572,36.01299,50.01,0864:22:32,1,02
14:29:46,0.07499,215.10,0.42597,6.88681,5.02737,29.27573,36.013,50.01,0864:22:33,1,02
14:29:47,0.07509,215.10,0.42632,6.90356,5.0396,29.27573,36.013,50.01,0864:22:34,1,02
14:29:48,0.07509,215.10,0.42632,6.90356,5.0396,29.27573,36.013,50.01,0864:22:34,1,02
14:29:49,0.07549,215.20,0.42467,6.91473,5.04775,29.27573,36.013,50.01,0864:22:35,1,02
14:29:50,0.07492,215.10,0.42625,6.88495,5.02601,29.27573,36.013,50.03,0864:22:36,1,02
14:29:51,0.07492,215.00,0.42702,6.89426,5.03281,29.27573,36.013,50.03,0864:22:37,1,02
14:29:52,0.07531,215.00,0.42556,6.90542,5.04096,29.27574,36.013,50.01,0864:22:38,1,02
14:29:53,0.07553,214.90,0.42414,6.89984,5.03688,29.27574,36.013,50.01,0864:22:39,1,02
14:29:54,0.07578,214.80,0.42551,6.94265,5.06813,29.27574,36.013,50.01,0864:22:40,1,02
14:29:55,0.07542,214.80,0.42444,6.89053,5.03009,29.27574,36.01302,50.01,0864:22:41,1,02
14:29:56,0.07502,215.00,0.42689,6.9017,5.03824,29.27575,36.01302,50.00,0864:22:42,1,02
14:29:57,0.07492,215.10,0.42612,6.88123,5.0233,29.27575,36.01302,50.00,0864:22:43,1,02
14:29:58,0.07492,215.10,0.42669,6.89053,5.03009,29.27575,36.01303,50.00,0864:22:44,1,02
14:29:59,0.07473,215.30,0.42684,6.88495,5.02601,29.27575,36.01303,49.99,0864:22:45,1,02
14:30:00,0.07517,215.50,0.42811,6.9501,5.07357,29.27575,36.01303,49.99,0864:22:46,1,02
14:30:01,0.07495,215.50,0.42525,6.88309,5.02465,29.27576,36.01303,49.98,0864:22:47,1,02
14:30:02,0.07462,215.50,0.42748,6.89053,5.03009,29.27576,36.01303,49.98,0864:22:48,1,02
14:30:03,0.07509,215.40,0.42814,6.94265,5.06813,29.27576,36.01303,49.98,0864:22:49,1,02
14:30:04,0.07466,215.30,0.42789,6.8924,5.03145,29.27576,36.01303,49.98,0864:22:50,1,02
14:30:05,0.07473,215.30,0.4274,6.8924,5.03145,29.27576,36.01303,49.98,0864:22:52,1,02
14:30:06,0.0752,215.30,0.42477,6.89426,5.03281,29.27577,36.01305,49.98,0864:22:53,1,02
14:30:07,0.07502,215.40,0.42818,6.9352,5.0627,29.27577,36.01305,49.98,0864:22:54,1,02
14:30:08,0.07488,215.40,0.42791,6.91659,5.04911,29.27577,36.01305,49.98,0864:22:55,1,02
14:30:09,0.07488,215.40,0.42768,6.91287,5.04639,29.27577,36.01305,49.96,0864:22:56,1,02
14:30:10,0.07513,215.40,0.4261,6.91101,5.04504,29.27577,36.01305,49.96,0864:22:57,1,02
14:30:11,0.07585,215.40,0.42601,6.97615,5.09259,29.27578,36.01305,49.96,0864:22:58,1,02
14:30:12,0.0756,215.30,0.42675,6.96126,5.08172,29.27578,36.01305,49.96,0864:22:59,1,02
14:30:13,0.0756,215.30,0.42675,6.96126,5.08172,29.27578,36.01305,49.96,0864:22:59,1,02
14:30:14,0.07553,215.30,0.42679,6.95568,5.07765,29.27578,36.01307,49.96,0864:23:00,1,02
14:30:15,0.07499,215.30,0.4264,6.9017,5.03824,29.27578,36.01307,49.96,0864:23:01,1,02
14:30:16,0.0747,215.30,0.42667,6.8775,5.02058,29.27578,36.01307,49.96,0864:23:02,1,02
14:30:17,0.07484,215.20,0.42378,6.84028,4.9934,29.27579,36.01307,49.96,0864:23:03,1,02
14:30:18,0.07502,215.10,0.42403,6.85703,5.00563,29.27579,36.01308,49.96,0864:23:04,1,02
14:30:19,0.07509,214.80,0.42678,6.89984,5.03688,29.27579,36.01308,49.96,0864:23:05,1,02
14:30:20,0.07894,215.00,0.42963,7.30746,5.33445,29.27579,36.01308,49.96,0864:23:06,1,02
14:30:21,0.11369,215.20,0.45794,11.22736,8.19598,29.27579,36.01308,49.96,0864:23:07,1,02
14:30:22,0.1108,215.10,0.45567,10.88675,7.94732,29.2758,36.01308,49.96,0864:23:08,1,02
14:30:23,0.11586,215.10,0.45387,11.33532,8.27478,29.2758,36.01308,49.96,0864:23:09,1,02
14:30:24,0.12322,215.20,0.45666,12.1394,8.86176,29.2758,36.0131,49.96,0864:23:10,1,02
14:30:25,0.13068,215.20,0.45576,12.84856,9.37945,29.27581,36.0131,49.96,0864:23:12,1,02
14:30:26,0.13303,215.10,0.45483,13.04399,9.52211,29.27581,36.01311,49.96,0864:23:13,1,02
14:30:27,0.13005,214.90,0.45702,12.80389,9.34684,29.27582,36.01311,49.96,0864:23:14,1,02
14:30:28,0.12922,215.00,0.45748,12.73688,9.29792,29.27582,36.01311,49.96,0864:23:15,1,02
14:30:29,0.12897,215.20,0.45791,12.73688,9.29792,29.27582,36.01311,49.96,0864:23:16,1,02
14:30:30,0.13001,215.20,0.4558,12.78341,9.33189,29.27583,36.01311,49.96,0864:23:17,1,02
14:30:31,0.12914,215.30,0.45485,12.67546,9.25308,29.27583,36.01313,49.96,0864:23:18,1,02
14:30:32,0.12901,215.20,0.4572,12.72385,9.28841,29.27583,36.01313,49.96,0864:23:19,1,02
14:30:33,0.12976,215.30,0.45612,12.77038,9.32238,29.27584,36.01313,49.96,0864:23:20,1,02
14:30:34,0.12842,215.40,0.45743,12.68104,9.25716,29.27584,36.01313,49.96,0864:23:21,1,02
14:30:35,0.13003,215.40,0.45465,12.76294,9.31694,29.27585,36.01315,49.96,0864:23:22,1,02
14:30:36,0.13016,215.30,0.454,12.74991,9.30743,29.27585,36.01315,49.96,0864:23:23,1,02
14:30:37,0.13016,215.30,0.454,12.74991,9.30743,29.27585,36.01315,49.96,0864:23:23,1,02
14:30:38,0.12888,215.30,0.45503,12.65684,9.2395,29.27585,36.01316,49.98,0864:23:24,1,02
14:30:39,0.12815,215.30,0.45875,12.68848,9.26259,29.27586,36.01316,49.98,0864:23:25,1,02
14:30:40,0.12941,215.40,0.45516,12.71454,9.28162,29.27586,36.01316,49.98,0864:23:26,1,02
14:30:41,0.13022,215.50,0.45374,12.76107,9.31558,29.27586,36.01316,49.99,0864:23:27,1,02
14:30:42,0.12943,215.40,0.45665,12.76294,9.31694,29.27587,36.01316,49.99,0864:23:28,1,02
14:30:43,0.12834,215.40,0.45747,12.67359,9.25172,29.27587,36.01318,49.99,0864:23:29,1,02
14:30:44,0.12983,215.40,0.45636,12.789,9.33597,29.27588,36.01318,49.99,0864:23:30,1,02
14:30:45,0.12949,215.40,0.4536,12.68104,9.25716,29.27588,36.01319,50.00,0864:23:32,1,02
14:30:46,0.12364,215.60,0.45736,12.21757,8.91883,29.27588,36.01319,50.00,0864:23:33,1,02
14:30:47,0.1288,215.60,0.45806,12.74618,9.30471,29.27589,36.01319,50.01,0864:23:34,1,02
14:30:48,0.12918,215.50,0.45931,12.81691,9.35635,29.27589,36.0132,50.01,0864:23:35,1,02
14:30:49,0.13001,215.50,0.45759,12.85228,9.38216,29.27589,36.0132,50.01,0864:23:36,1,02
14:30:50,0.12878,215.50,0.45484,12.65498,9.23814,29.2759,36.01321,50.01,0864:23:37,1,02
14:30:51,0.12834,215.40,0.45815,12.69593,9.26803,29.2759,36.01321,50.03,0864:23:38,1,02
14:30:52,0.12926,215.50,0.45686,12.75363,9.31015,29.2759,36.01321,50.03,0864:23:39,1,02
14:30:53,0.12968,215.30,0.45558,12.75177,9.30879,29.27591,36.01321,50.03,0864:23:40,1,02
14:30:54,0.12991,215.10,0.45641,12.78341,9.33189,29.27591,36.01323,50.03,0864:23:41,1,02
14:30:55,0.13128,214.80,0.45252,12.789,9.33597,29.27592,36.01323,50.04,0864:23:42,1,02
14:30:56,0.12983,214.80,0.45624,12.74991,9.30743,29.27592,36.01323,50.04,0864:23:43,1,02
14:30:57,0.12895,214.90,0.4575,12.70337,9.27346,29.27592,36.01324,50.03,0864:23:44,1,02
14:30:58,0.12964,214.80,0.45693,12.75549,9.31151,29.27593,36.01324,50.03,0864:23:45,1,02
14:30:59,0.13187,214.90,0.45066,12.80202,9.34548,29.27593,36.01324,50.03,0864:23:46,1,02
14:31:00,0.12931,214.90,0.45689,12.72385,9.28841,29.27593,36.01324,50.03,0864:23:47,1,02
14:31:01,0.12794,214.90,0.4584,12.63264,9.22183,29.27594,36.01326,50.03,0864:23:48,1,02
14:31:02,0.12794,214.90,0.4584,12.63264,9.22183,29.27594,36.01326,50.03,0864:23:48,1,02
14:31:03,0.13028,215.00,0.45511,12.77597,9.32646,29.27594,36.01326,50.03,0864:23:49,1,02
14:31:04,0.13066,214.90,0.45728,12.87089,9.39575,29.27595,36.01326,50.03,0864:23:50,1,02
14:31:05,0.12989,215.00,0.45358,12.69593,9.26803,29.27595,36.01326,50.04,0864:23:51,1,02
14:31:06,0.12997,215.10,0.45602,12.77783,9.32781,29.27595,36.01326,50.04,0864:23:53,1,02
14:31:07,0.13016,215.00,0.45667,12.80947,9.35091,29.27596,36.01328,50.01,0864:23:54,1,02
14:31:08,0.12943,215.00,0.45696,12.74618,9.30471,29.27596,36.01328,50.01,0864:23:55,1,02
14:31:09,0.12901,215.20,0.45618,12.69221,9.26531,29.27596,36.01329,50.01,0864:23:56,1,02
14:31:10,0.12882,215.20,0.45438,12.6252,9.2164,29.27597,36.01329,50.01,0864:23:57,1,02
14:31:11,0.12993,215.30,0.45606,12.789,9.33597,29.27597,36.01329,50.03,0864:23:58,1,02
14:31:12,0.12897,215.30,0.45506,12.66429,9.24493,29.27598,36.01329,50.03,0864:23:59,1,02
14:31:13,0.13016,215.30,0.45474,12.7741,9.3251,29.27598,36.01331,50.01,0864:24:00,1,02
14:31:14,0.12897,215.40,0.45688,12.72013,9.28569,29.27598,36.01331,50.01,0864:24:01,1,02
14:31:15,0.13078,215.40,0.45135,12.74432,9.30336,29.27599,36.01331,50.03,0864:24:02,1,02
14:31:16,0.13076,215.40,0.45556,12.85972,9.3876,29.27599,36.01332,50.03,0864:24:03,1,02
14:31:17,0.12802,215.30,0.45917,12.68476,9.25988,29.27599,36.01332,50.01,0864:24:04,1,02
14:31:18,0.12868,215.30,0.45985,12.76852,9.32102,29.276,36.01332,50.01,0864:24:05,1,02
14:31:19,0.1306,215.30,0.45541,12.8318,9.36722,29.276,36.01332,50.01,0864:24:06,1,02
14:31:20,0.12939,215.20,0.45899,12.81133,9.35227,29.27601,36.01334,50.01,0864:24:07,1,02
14:31:21,0.13051,215.10,0.45216,12.72013,9.28569,29.27601,36.01334,50.01,0864:24:08,1,02
14:31:22,0.13169,215.00,0.45121,12.80761,9.34955,29.27601,36.01334,50.01,0864:24:09,1,02
14:31:23,0.13365,215.10,0.44981,12.96023,9.46097,29.27602,36.01334,50.01,0864:24:10,1,02
14:31:24,0.1303,215.10,0.4527,12.71827,9.28433,29.27602,36.01334,50.00,0864:24:11,1,02
14:31:25,0.12976,215.20,0.45571,12.75363,9.31015,29.27602,36.01336,50.00,0864:24:12,1,02
14:31:26,0.12976,215.20,0.45571,12.75363,9.31015,29.27602,36.01336,50.00,0864:24:12,1,02
14:31:28,0.13053,215.20,0.45636,12.84669,9.37809,29.27603,36.01336,50.00,0864:24:14,1,02
14:31:29,0.12887,215.30,0.45535,12.66243,9.24357,29.27603,36.01337,50.00,0864:24:15,1,02
14:31:30,0.13117,215.30,0.45286,12.82064,9.35906,29.27604,36.01337,50.00,0864:24:16,1,02
14:31:31,0.12892,215.40,0.45499,12.66243,9.24357,29.27604,36.01337,50.00,0864:24:17,1,02
14:31:32,0.13037,215.40,0.45544,12.82064,9.35906,29.27604,36.01337,49.99,0864:24:18,1,02
14:31:33,0.12901,215.60,0.45887,12.79086,9.33733,29.27605,36.01339,49.99,0864:24:19,1,02
14:31:34,0.12874,215.60,0.45731,12.72199,9.28705,29.27605,36.01339,49.99,0864:24:20,1,02
14:31:35,0.12991,215.60,0.45432,12.75363,9.31015,29.27605,36.01339,49.99,0864:24:21,1,02
14:31:36,0.13016,215.60,0.45685,12.84856,9.37945,29.27606,36.0134,49.99,0864:24:22,1,02
14:31:37,0.12804,215.60,0.45714,12.64754,9.2327,29.27606,36.0134,49.99,0864:24:23,1,02
14:31:38,0.12991,215.60,0.4573,12.83739,9.37129,29.27606,36.0134,49.99,0864:24:24,1,02
14:31:39,0.12947,215.60,0.45776,12.80761,9.34955,29.27607,36.0134,49.99,0864:24:25,1,02
14:31:40,0.12976,215.60,0.45294,12.70151,9.2721,29.27607,36.01342,49.98,0864:24:26,1,02
14:31:41,0.12916,215.60,0.45492,12.69779,9.26939,29.27608,36.01342,49.98,0864:24:27,1,02
14:31:42,0.12846,215.60,0.45756,12.70337,9.27346,29.27608,36.01342,49.98,0864:24:28,1,02
14:31:43,0.12941,215.60,0.45647,12.7648,9.3183,29.27608,36.01342,49.99,0864:24:29,1,02
14:31:44,0.13078,215.50,0.45374,12.81691,9.35635,29.27609,36.01342,49.99,0864:24:30,1,02
14:31:45,0.12899,215.50,0.45758,12.74805,9.30607,29.27609,36.01344,49.96,0864:24:31,1,02
14:31:46,0.12991,215.40,0.45474,12.75363,9.31015,29.27609,36.01344,49.96,0864:24:32,1,02
14:31:47,0.13035,215.40,0.45601,12.82994,9.36586,29.2761,36.01345,49.98,0864:24:34,1,02
14:31:48,0.12958,215.10,0.45508,12.71082,9.2789,29.2761,36.01345,49.98,0864:24:35,1,02
14:31:49,0.13107,214.90,0.45333,12.80016,9.34412,29.27611,36.01345,49.98,0864:24:36,1,02
14:31:50,0.12911,215.20,0.4591,12.78527,9.33325,29.27611,36.01345,49.98,0864:24:37,1,02
14:31:51,0.12911,215.20,0.4591,12.78527,9.33325,29.27611,36.01345,49.98,0864:24:37,1,02
14:31:52,0.12819,215.20,0.4586,12.67918,9.2558,29.27611,36.01347,49.98,0864:24:38,1,02
14:31:53,0.12935,215.10,0.45969,12.82064,9.35906,29.27612,36.01347,49.98,0864:24:39,1,02
14:31:54,0.12882,215.20,0.45772,12.7164,9.28297,29.27612,36.01347,49.96,0864:24:40,1,02
14:31:55,0.13117,215.10,0.45209,12.78527,9.33325,29.27612,36.01348,49.96,0864:24:41,1,02
14:31:56,0.12916,215.10,0.45936,12.79272,9.33868,29.27613,36.01348,49.96,0864:24:42,1,02
14:31:57,0.12897,215.20,0.45831,12.74618,9.30471,29.27613,36.01348,49.96,0864:24:43,1,02
14:31:58,0.12855,215.10,0.45857,12.71082,9.2789,29.27614,36.01348,49.98,0864:24:44,1,02
14:31:59,0.1296,215.20,0.45952,12.84483,9.37673,29.27614,36.0135,49.98,0864:24:45,1,02
14:32:00,0.12991,215.20,0.45569,12.76852,9.32102,29.27614,36.0135,49.96,0864:24:46,1,02
14:32:01,0.12947,215.40,0.45972,12.85228,9.38216,29.27615,36.0135,49.96,0864:24:47,1,02
14:32:02,0.12968,215.50,0.45972,12.87461,9.39847,29.27615,36.0135,49.96,0864:24:48,1,02
14:32:03,0.12813,215.50,0.45945,12.71827,9.28433,29.27615,36.0135,49.99,0864:24:49,1,02
14:32:04,0.12966,215.60,0.45715,12.80761,9.34955,29.27617,36.01352,49.99,0864:24:50,1,02
14:32:05,0.12931,215.60,0.45983,12.84856,9.37945,29.27617,36.01352,49.99,0864:24:51,1,02
14:32:06,0.1292,215.60,0.45999,12.84111,9.37401,29.27617,36.01353,49.99,0864:24:52,1,02
14:32:07,0.12909,215.50,0.45895,12.7983,9.34276,29.27617,36.01353,49.99,0864:24:54,1,02
14:32:08,0.12823,215.40,0.45946,12.72199,9.28705,29.27617,36.01353,49.99,0864:24:55,1,02
14:32:09,0.12989,215.30,0.45857,12.85414,9.38352,29.27618,36.01353,49.99,0864:24:56,1,02
14:32:10,0.12876,215.10,0.46012,12.77597,9.32646,29.27618,36.01353,49.99,0864:24:57,1,02
14:32:11,0.12882,215.10,0.46072,12.79272,9.33868,29.27618,36.01355,50.00,0864:24:58,1,02
14:32:12,0.12891,215.40,0.45959,12.78713,9.33461,29.27619,36.01355,50.00,0864:24:59,1,02
14:32:13,0.1292,215.50,0.45838,12.79086,9.33733,29.27619,36.01356,50.00,0864:25:00,1,02
14:32:14,0.12815,215.40,0.45876,12.69407,9.26667,29.27621,36.01356,50.00,0864:25:01,1,02
14:32:15,0.12815,215.40,0.45876,12.69407,9.26667,29.27621,36.01356,50.00,0864:25:01,1,02
14:32:16,0.12939,215.50,0.45978,12.85042,9.38081,29.27621,36.01357,50.00,0864:25:02,1,02
14:32:17,0.12829,215.50,0.4599,12.74432,9.30336,29.27621,36.01357,50.00,0864:25:03,1,02
14:32:18,0.12743,215.50,0.46018,12.66801,9.24765,29.27621,36.01357,50.01,0864:25:04,1,02
14:32:19,0.08592,215.30,0.44077,8.17297,5.96627,29.27621,36.01358,50.01,0864:25:05,1,02
14:32:20,0.08339,215.30,0.43658,7.85469,5.73392,29.27621,36.01358,50.01,0864:25:06,1,02
14:32:21,0.07466,215.00,0.43046,6.92404,5.05455,29.27621,36.01358,50.03,0864:25:07,1,02
14:32:22,0.07466,214.90,0.4316,6.94079,5.06678,29.27622,36.01358,50.03,0864:25:08,1,02
14:32:23,0.07499,215.10,0.42795,6.92031,5.05183,29.27622,36.01358,50.03,0864:25:09,1,02
14:32:24,0.07578,215.20,0.42667,6.97429,5.09123,29.27622,36.01358,50.03,0864:25:10,1,02
14:32:25,0.07535,215.20,0.42648,6.93148,5.05998,29.27622,36.01358,50.03,0864:25:11,1,02
14:32:26,0.07488,215.50,0.42841,6.92776,5.05726,29.27622,36.0136,50.03,0864:25:12,1,02
14:32:27,0.07492,215.50,0.42788,6.92404,5.05455,29.27623,36.0136,50.04,0864:25:14,1,02
14:32:28,0.07524,215.60,0.42569,6.92031,5.05183,29.27623,36.0136,50.04,0864:25:15,1,02
14:32:29,0.07502,215.50,0.42695,6.91845,5.05047,29.27623,36.01361,50.03,0864:25:16,1,02
14:32:30,0.07499,215.30,0.42903,6.94265,5.06813,29.27623,36.01361,50.03,0864:25:17,1,02
14:32:31,0.07502,215.40,0.42921,6.95196,5.07493,29.27623,36.01361,50.03,0864:25:18,1,02
14:32:32,0.07466,215.50,0.42902,6.91845,5.05047,29.27625,36.01361,50.03,0864:25:19,1,02
14:32:33,0.0747,215.60,0.42883,6.92031,5.05183,29.27625,36.01361,50.03,0864:25:20,1,02
14:32:34,0.0748,215.70,0.43071,6.96499,5.08444,29.27625,36.01361,50.03,0864:25:21,1,02
14:32:35,0.07433,215.60,0.43026,6.91287,5.04639,29.27625,36.01361,50.01,0864:25:22,1,02
14:32:36,0.07441,215.60,0.42986,6.91287,5.04639,29.27625,36.01361,50.01,0864:25:23,1,02
14:32:37,0.07459,215.60,0.42931,6.91845,5.05047,29.27625,36.01363,50.03,0864:25:24,1,02
14:32:38,0.07484,215.50,0.42745,6.90915,5.04368,29.27625,36.01363,50.03,0864:25:25,1,02
14:32:39,0.07506,215.50,0.42928,6.9594,5.08036,29.27625,36.01363,50.03,0864:25:26,1,02
14:32:40,0.07506,215.50,0.42928,6.9594,5.08036,29.27625,36.01363,50.03,0864:25:26,1,02
14:32:41,0.0747,215.70,0.42775,6.89798,5.03552,29.27625,36.01363,50.03,0864:25:27,1,02
14:32:42,0.07502,215.80,0.42774,6.94079,5.06678,29.27625,36.01363,50.03,0864:25:28,1,02
14:32:43,0.07513,216.10,0.42759,6.95754,5.079,29.27626,36.01363,50.01,0864:25:29,1,02
14:32:44,0.07441,216.20,0.42865,6.91101,5.04504,29.27626,36.01363,50.01,0864:25:30,1,02
14:32:45,0.07466,216.20,0.42854,6.93148,5.05998,29.27626,36.01365,50.03,0864:25:31,1,02
14:32:46,0.07506,216.20,0.4271,6.94637,5.07085,29.27626,36.01365,50.03,0864:25:32,1,02
14:32:47,0.07466,216.20,0.42683,6.90542,5.04096,29.27626,36.01365,50.01,0864:25:34,1,02
14:32:48,0.07499,216.30,0.42604,6.9259,5.05591,29.27627,36.01365,50.01,0864:25:35,1,02
14:32:49,0.07462,216.30,0.42775,6.92031,5.05183,29.27627,36.01366,50.03,0864:25:36,1,02
14:32:50,0.07462,216.20,0.42875,6.93334,5.06134,29.27627,36.01366,50.03,0864:25:37,1,02
14:32:51,0.07433,216.20,0.42882,6.90729,5.04232,29.27627,36.01366,50.01,0864:25:38,1,02
14:32:52,0.07499,216.20,0.42793,6.95196,5.07493,29.27627,36.01366,50.01,0864:25:39,1,02
14:32:53,0.07495,216.00,0.42611,6.91287,5.04639,29.27629,36.01366,50.00,0864:25:40,1,02
14:32:54,0.07462,216.00,0.42786,6.91101,5.04504,29.27629,36.01366,50.00,0864:25:41,1,02
14:32:55,0.07455,216.00,0.4286,6.91659,5.04911,29.27629,36.01366,50.00,0864:25:42,1,02
14:32:56,0.07448,216.10,0.42936,6.92404,5.05455,29.27629,36.01368,50.00,0864:25:43,1,02
14:32:57,0.07444,216.00,0.42872,6.90729,5.04232,29.27629,36.01368,50.00,0864:25:44,1,02
14:32:58,0.07495,215.90,0.42839,6.94823,5.07221,29.27629,36.01368,50.00,0864:25:45,1,02
14:32:59,0.07462,215.90,0.42855,6.92218,5.05319,29.27629,36.01368,49.99,0864:25:46,1,02
14:33:00,0.0743,215.90,0.43044,6.92218,5.05319,29.27629,36.01369,49.99,0864:25:47,1,02
14:33:01,0.07448,216.10,0.43088,6.9501,5.07357,29.27629,36.01369,49.99,0864:25:48,1,02
14:33:02,0.07444,216.20,0.42892,6.91845,5.05047,29.27629,36.01369,49.98,0864:25:49,1,02
14:33:03,0.07466,216.30,0.42847,6.9352,5.0627,29.2763,36.01369,49.98,0864:25:50,1,02
14:33:04,0.07466,216.30,0.42847,6.9352,5.0627,29.2763,36.01369,49.98,0864:25:50,1,02
14:33:05,0.07451,216.40,0.42939,6.93893,5.06542,29.2763,36.01369,49.98,0864:25:51,1,02
14:33:06,0.07441,216.40,0.42837,6.91287,5.04639,29.2763,36.01369,49.98,0864:25:52,1,02
14:33:07,0.07459,216.50,0.42742,6.91659,5.04911,29.2763,36.01369,49.99,0864:25:54,1,02
14:33:08,0.07437,216.50,0.42872,6.91845,5.05047,29.2763,36.01369,49.99,0864:25:55,1,02
14:33:09,0.0747,216.40,0.42992,6.96499,5.08444,29.27631,36.01371,49.99,0864:25:56,1,02
14:33:10,0.07451,216.40,0.42847,6.92404,5.05455,29.27631,36.01371,49.99,0864:25:57,1,02
14:33:11,0.07502,216.30,0.42712,6.94823,5.07221,29.27631,36.01371,49.99,0864:25:58,1,02
14:33:12,0.07477,216.40,0.4271,6.92404,5.05455,29.27631,36.01371,49.99,0864:25:59,1,02
14:33:13,0.07466,216.40,0.42883,6.94265,5.06813,29.27631,36.01371,49.99,0864:26:00,1,02
14:33:14,0.07492,216.30,0.42988,6.9836,5.09803,29.27633,36.01371,49.99,0864:26:01,1,02
14:33:15,0.07466,216.20,0.42971,6.95196,5.07493,29.27633,36.01371,49.99,0864:26:02,1,02
14:33:16,0.07459,216.30,0.42747,6.91101,5.04504,29.27633,36.01373,49.99,0864:26:03,1,02
14:33:17,0.07477,216.30,0.42731,6.9259,5.05591,29.27633,36.01373,49.99,0864:26:04,1,02
14:33:18,0.07473,216.20,0.42576,6.89612,5.03417,29.27633,36.01373,49.99,0864:26:05,1,02
14:33:19,0.07492,216.30,0.42664,6.92776,5.05726,29.27633,36.01373,50.00,0864:26:06,1,02
14:33:20,0.07459,216.30,0.42818,6.92404,5.05455,29.27633,36.01374,50.00,0864:26:07,1,02
14:33:21,0.07509,216.30,0.42509,6.91845,5.05047,29.27633,36.01374,50.00,0864:26:08,1,02
14:33:22,0.07484,216.40,0.42659,6.92218,5.05319,29.27633,36.01374,50.00,0864:26:09,1,02
14:33:23,0.07492,216.40,0.4269,6.9352,5.0627,29.27633,36.01374,50.00,0864:26:10,1,02
14:33:24,0.07455,216.40,0.42749,6.91287,5.04639,29.27634,36.01374,50.00,0864:26:11,1,02
14:33:25,0.07466,216.40,0.4278,6.9259,5.05591,29.27634,36.01374,50.00,0864:26:12,1,02
14:33:26,0.07502,216.30,0.42664,6.93893,5.06542,29.27634,36.01374,50.01,0864:26:13,1,02
14:33:28,0.07531,216.20,0.42495,6.9352,5.0627,29.27634,36.01376,50.01,0864:26:15,1,02
14:33:29,0.07531,216.20,0.42495,6.9352,5.0627,29.27634,36.01376,50.01,0864:26:15,1,02
14:33:30,0.07528,216.20,0.42445,6.92218,5.05319,29.27634,36.01376,50.03,0864:26:16,1,02
14:33:31,0.0756,216.10,0.42383,6.93893,5.06542,29.27635,36.01376,50.03,0864:26:17,1,02
14:33:32,0.07524,216.00,0.42411,6.90729,5.04232,29.27635,36.01376,50.04,0864:26:18,1,02
14:33:33,0.07531,215.90,0.42314,6.89612,5.03417,29.27635,36.01377,50.04,0864:26:19,1,02
14:33:34,0.07506,215.80,0.42557,6.90729,5.04232,29.27635,36.01377,50.03,0864:26:20,1,02
14:33:35,0.07509,215.70,0.42467,6.89426,5.03281,29.27635,36.01377,50.03,0864:26:21,1,02
14:33:36,0.07557,215.70,0.42388,6.92404,5.05455,29.27637,36.01377,50.03,0864:26:22,1,02
14:33:37,0.07524,215.60,0.42445,6.9017,5.03824,29.27637,36.01377,50.03,0864:26:23,1,02
14:33:38,0.07542,215.60,0.42382,6.90729,5.04232,29.27637,36.01377,50.03,0864:26:24,1,02
14:33:39,0.07499,215.70,0.4265,6.91287,5.04639,29.27637,36.01377,50.03,0864:26:25,1,02
14:33:40,0.07502,215.80,0.426,6.91101,5.04504,29.27637,36.01379,50.04,0864:26:26,1,02
14:33:41,0.07524,215.80,0.42578,6.92962,5.05862,29.27637,36.01379,50.01,0864:26:27,1,02
14:33:42,0.07517,215.90,0.42529,6.91845,5.05047,29.27637,36.01379,50.01,0864:26:28,1,02
14:33:43,0.07495,215.90,0.4261,6.91101,5.04504,29.27637,36.01379,50.01,0864:26:29,1,02
14:33:44,0.07502,215.90,0.42616,6.91845,5.05047,29.27637,36.01379,50.01,0864:26:30,1,02
14:33:45,0.07492,215.90,0.42882,6.95196,5.07493,29.27637,36.01379,50.01,0864:26:31,1,02
14:33:46,0.07495,215.90,0.42805,6.94265,5.06813,29.27638,36.01379,50.01,0864:26:32,1,02
14:33:47,0.07509,215.90,0.42669,6.93334,5.06134,29.27638,36.01379,50.03,0864:26:33,1,02
14:33:48,0.07492,215.90,0.42687,6.92031,5.05183,29.27638,36.01381,50.03,0864:26:34,1,02
14:33:49,0.07488,215.90,0.4267,6.91287,5.04639,29.27638,36.01381,50.01,0864:26:36,1,02
14:33:50,0.07509,215.90,0.42659,6.93334,5.06134,29.27638,36.01381,50.01,0864:26:37,1,02
14:33:51,0.07502,215.90,0.42538,6.90729,5.04232,29.27639,36.01382,50.03,0864:26:38,1,02
14:33:52,0.07524,216.00,0.42469,6.91659,5.04911,29.27639,36.01382,50.03,0864:26:39,1,02
14:33:53,0.07517,215.80,0.42489,6.90729,5.04232,29.27639,36.01382,50.04,0864:26:40,1,02
14:33:54,0.07517,215.80,0.42489,6.90729,5.04232,29.27639,36.01382,50.04,0864:26:40,1,02
14:33:55,0.07506,215.70,0.42462,6.88867,5.02873,29.27639,36.01382,50.04,0864:26:41,1,02
14:33:56,0.0752,215.70,0.42708,6.94451,5.06949,29.27641,36.01382,50.01,0864:26:42,1,02
14:33:57,0.07502,215.80,0.4267,6.92404,5.05455,29.27641,36.01382,50.01,0864:26:43,1,02
14:33:58,0.07495,215.80,0.42664,6.91659,5.04911,29.27641,36.01382,50.03,0864:26:44,1,02
14:33:59,0.0747,215.90,0.42951,6.94079,5.06678,29.27641,36.01382,50.03,0864:26:45,1,02
14:34:00,0.07495,216.00,0.42602,6.91287,5.04639,29.27641,36.01384,50.03,0864:26:46,1,02
14:34:01,0.0752,216.10,0.42607,6.94079,5.06678,29.27641,36.01384,50.01,0864:26:47,1,02
14:34:02,0.07484,216.00,0.42695,6.91845,5.05047,29.27641,36.01384,50.01,0864:26:48,1,02
14:34:03,0.07499,216.00,0.42662,6.9259,5.05591,29.27641,36.01385,50.03,0864:26:49,1,02
14:34:04,0.07488,215.90,0.42613,6.90356,5.0396,29.27641,36.01385,50.03,0864:26:50,1,02
14:34:05,0.0752,215.80,0.42563,6.92404,5.05455,29.27641,36.01385,50.01,0864:26:51,1,02
14:34:06,0.07499,215.90,0.426,6.91101,5.04504,29.27642,36.01385,50.01,0864:26:52,1,02
14:34:07,0.07492,215.80,0.42754,6.92962,5.05862,29.27642,36.01385,50.01,0864:26:53,1,02
14:34:08,0.0752,215.80,0.4287,6.97243,5.08987,29.27642,36.01385,50.01,0864:26:54,1,02
14:34:09,0.07455,215.80,0.43096,6.94823,5.07221,29.27642,36.01385,50.01,0864:26:56,1,02
14:34:10,0.07462,215.80,0.42839,6.91473,5.04775,29.27642,36.01385,50.01,0864:26:57,1,02
14:34:11,0.0752,215.70,0.42661,6.9352,5.0627,29.27643,36.01387,50.01,0864:26:58,1,02
14:34:12,0.07477,215.60,0.42788,6.91287,5.04639,29.27643,36.01387,50.01,0864:26:59,1,02
14:34:13,0.07495,215.60,0.4276,6.9259,5.05591,29.27643,36.01387,50.01,0864:27:00,1,02
14:34:14,0.07459,215.50,0.4286,6.90542,5.04096,29.27643,36.01387,50.01,0864:27:01,1,02
14:34:15,0.07459,215.50,0.42824,6.89798,5.03552,29.27643,36.01387,50.00,0864:27:02,1,02
14:34:16,0.07517,215.30,0.42587,6.90729,5.04232,29.27645,36.01387,50.00,0864:27:03,1,02
14:34:17,0.0748,215.20,0.42697,6.88867,5.02873,29.27645,36.01387,49.99,0864:27:04,1,02
14:34:18,0.0748,215.00,0.42875,6.91101,5.04504,29.27645,36.01389,49.99,0864:27:05,1,02
14:34:19,0.0748,215.00,0.42875,6.91101,5.04504,29.27645,36.01389,49.99,0864:27:05,1,02
14:34:20,0.07499,215.00,0.42776,6.91101,5.04504,29.27645,36.01389,49.99,0864:27:06,1,02
14:34:21,0.076,215.00,0.43055,7.05061,5.14694,29.27645,36.01389,49.99,0864:27:07,1,02
14:34:22,0.11033,215.00,0.45593,10.84021,7.91336,29.27645,36.0139,49.99,0864:27:08,1,02
14:34:23,0.11338,215.10,0.45978,12.21199,8.91475,29.27645,36.0139,49.98,0864:27:09,1,02
14:34:24,0.12641,215.20,0.46313,12.62706,9.21776,29.27645,36.0139,49.98,0864:27:10,1,02
14:34:25,0.12825,215.10,0.46473,12.85042,9.38081,29.27646,36.0139,49.99,0864:27:11,1,02
14:34:26,0.12806,215.10,0.46394,12.81133,9.35227,29.27646,36.0139,49.99,0864:27:12,1,02
14:34:27,0.12578,215.10,0.46466,12.60287,9.20009,29.27647,36.01392,49.96,0864:27:13,1,02
14:34:28,0.12591,215.30,0.46684,12.6829,9.25852,29.27647,36.01392,49.96,0864:27:14,1,02
14:34:29,0.12655,215.50,0.46493,12.7071,9.27618,29.27647,36.01392,49.96,0864:27:16,1,02
14:34:30,0.12589,215.60,0.46332,12.60287,9.20009,29.27649,36.01392,49.96,0864:27:17,1,02
14:34:31,0.12751,215.60,0.46123,12.70896,9.27754,29.27649,36.01392,49.95,0864:27:18,1,02
14:34:32,0.12713,215.50,0.46109,12.66057,9.24221,29.27649,36.01394,49.95,0864:27:19,1,02
14:34:33,0.12717,215.60,0.46106,12.67173,9.25037,29.27649,36.01394,49.96,0864:27:20,1,02
14:34:34,0.12823,215.60,0.46031,12.75735,9.31287,29.27649,36.01395,49.96,0864:27:21,1,02
14:34:35,0.12813,215.70,0.46035,12.75177,9.30879,29.27649,36.01395,49.96,0864:27:22,1,02
14:34:36,0.12907,215.60,0.45543,12.70523,9.27482,29.2765,36.01395,49.96,0864:27:23,1,02
14:34:37,0.12749,215.60,0.45946,12.6587,9.24085,29.2765,36.01395,49.96,0864:27:24,1,02
14:34:38,0.12768,215.60,0.4606,12.70896,9.27754,29.27651,36.01395,49.96,0864:27:25,1,02
14:34:39,0.12688,215.60,0.45954,12.59914,9.19737,29.27651,36.01397,49.96,0864:27:26,1,02
14:34:40,0.12945,215.60,0.45675,12.77597,9.32646,29.27651,36.01397,49.96,0864:27:27,1,02
14:34:41,0.12751,215.70,0.45787,12.62148,9.21368,29.27653,36.01398,49.96,0864:27:28,1,02
14:34:42,0.12855,215.70,0.46055,12.80016,9.34412,29.27653,36.01398,49.96,0864:27:29,1,02
14:34:43,0.12688,215.80,0.46012,12.62892,9.21911,29.27653,36.01398,49.98,0864:27:30,1,02
14:34:44,0.12688,215.80,0.46012,12.62892,9.21911,29.27653,36.01398,49.98,0864:27:30,1,02
14:34:45,0.127,215.90,0.45997,12.64009,9.22726,29.27654,36.01398,49.98,0864:27:31,1,02
14:34:46,0.12683,215.90,0.4595,12.60845,9.20417,29.27654,36.01398,49.98,0864:27:32,1,02
14:34:47,0.12781,215.90,0.46117,12.75363,9.31015,29.27654,36.014,49.98,0864:27:33,1,02
14:34:48,0.12653,215.90,0.46288,12.67359,9.25172,29.27654,36.014,49.98,0864:27:34,1,02
14:34:49,0.12783,215.80,0.46183,12.77038,9.32238,29.27654,36.014,49.98,0864:27:35,1,02
14:34:50,0.12743,215.80,0.45894,12.6494,9.23406,29.27655,36.014,49.98,0864:27:37,1,02
14:34:51,0.12802,215.90,0.46096,12.76852,9.32102,29.27655,36.01402,49.99,0864:27:38,1,02
14:34:52,0.12717,215.90,0.46063,12.67359,9.25172,29.27655,36.01402,49.99,0864:27:39,1,02
14:34:53,0.12817,215.90,0.46181,12.80761,9.34955,29.27657,36.01402,50.00,0864:27:40,1,02
14:34:54,0.12664,215.90,0.46034,12.61589,9.2096,29.27657,36.01403,50.00,0864:27:41,1,02
14:34:55,0.12796,215.80,0.45804,12.67918,9.2558,29.27658,36.01403,50.00,0864:27:42,1,02
14:34:56,0.12798,215.80,0.461,12.75921,9.31423,29.27658,36.01403,50.00,0864:27:43,1,02
14:34:57,0.1288,215.70,0.46063,12.82808,9.3645,29.27658,36.01403,50.03,0864:27:44,1,02
14:34:58,0.12722,215.80,0.4586,12.61775,9.21096,29.27658,36.01405,50.03,0864:27:45,1,02
14:34:59,0.12882,215.80,0.45898,12.789,9.33597,29.27658,36.01405,50.03,0864:27:46,1,02
14:35:00,0.12815,215.80,0.45461,12.60287,9.20009,29.27658,36.01405,50.03,0864:27:47,1,02
14:35:01,0.12974,215.70,0.45945,12.88578,9.40662,29.27659,36.01406,50.03,0864:27:48,1,02
14:35:02,0.12703,215.60,0.4602,12.63451,9.22319,29.27659,36.01406,50.03,0864:27:49,1,02
14:35:03,0.12832,215.60,0.46053,12.76852,9.32102,29.27659,36.01406,50.01,0864:27:50,1,02
14:35:04,0.1297,215.60,0.4569,12.80575,9.3482,29.27661,36.01406,50.01,0864:27:51,1,02
14:35:05,0.12768,215.70,0.45987,12.69221,9.26531,29.27661,36.01408,50.01,0864:27:52,1,02
14:35:06,0.12823,215.70,0.45978,12.74618,9.30471,29.27662,36.01408,50.01,0864:27:53,1,02
14:35:07,0.12794,215.70,0.45835,12.67918,9.2558,29.27662,36.01408,50.01,0864:27:54,1,02
14:35:08,0.12794,215.70,0.45835,12.67918,9.2558,29.27662,36.01408,50.01,0864:27:54,1,02
14:35:09,0.12741,215.70,0.45919,12.6494,9.23406,29.27662,36.01408,50.03,0864:27:55,1,02
14:35:10,0.12909,215.60,0.45217,12.61589,9.2096,29.27662,36.01408,50.03,0864:27:57,1,02
14:35:11,0.12878,215.70,0.45674,12.71454,9.28162,29.27662,36.0141,50.01,0864:27:58,1,02
14:35:12,0.1302,215.60,0.4531,12.74805,9.30607,29.27662,36.0141,50.01,0864:27:59,1,02
14:35:13,0.12972,215.60,0.45371,12.7164,9.28297,29.27663,36.01411,50.01,0864:28:00,1,02
14:35:14,0.12968,215.60,0.4533,12.70151,9.2721,29.27663,36.01411,50.01,0864:28:01,1,02
14:35:15,0.1315,215.60,0.45042,12.80016,9.34412,29.27665,36.01411,50.03,0864:28:02,1,02
14:35:16,0.12918,215.70,0.45195,12.62148,9.21368,29.27665,36.01411,50.03,0864:28:03,1,02
14:35:17,0.12964,215.80,0.4542,12.73502,9.29656,29.27665,36.01413,50.03,0864:28:04,1,02
14:35:18,0.12953,215.80,0.45416,12.72385,9.28841,29.27666,36.01413,50.03,0864:28:05,1,02
14:35:19,0.13053,215.70,0.45172,12.74805,9.30607,29.27666,36.01413,50.03,0864:28:06,1,02
14:35:20,0.13018,215.70,0.45231,12.72757,9.29113,29.27666,36.01414,50.03,0864:28:07,1,02
14:35:21,0.12846,215.70,0.4571,12.69407,9.26667,29.27666,36.01414,50.04,0864:28:08,1,02
14:35:22,0.12907,215.70,0.4563,12.73129,9.29384,29.27666,36.01414,50.04,0864:28:09,1,02
14:35:23,0.12995,215.70,0.4568,12.83367,9.36858,29.27667,36.01414,50.03,0864:28:10,1,02
14:35:24,0.1302,215.70,0.45338,12.76107,9.31558,29.27667,36.01416,50.03,0864:28:11,1,02
14:35:25,0.12779,215.70,0.45291,12.51352,9.13487,29.27667,36.01416,50.03,0864:28:12,1,02
14:35:26,0.12918,215.60,0.45226,12.6252,9.2164,29.27669,36.01416,50.03,0864:28:13,1,02
14:35:27,0.13035,215.50,0.45095,12.69593,9.26803,29.27669,36.01416,50.03,0864:28:14,1,02
14:35:29,0.13014,215.60,0.45532,12.80389,9.34684,29.27669,36.01416,50.01,0864:28:15,1,02
14:35:30,0.12899,215.60,0.45593,12.70896,9.27754,29.2767,36.01418,50.01,0864:28:16,1,02
14:35:31,0.12851,215.30,0.45872,12.72199,9.28705,29.2767,36.01418,50.01,0864:28:18,1,02
14:35:32,0.12737,215.50,0.46001,12.65312,9.23678,29.2767,36.01419,50.01,0864:28:19,1,02
14:35:33,0.128,215.50,0.46074,12.73502,9.29656,29.2767,36.01419,50.01,0864:28:20,1,02
14:35:34,0.128,215.50,0.46074,12.73502,9.29656,29.2767,36.01419,50.01,0864:28:20,1,02
14:35:35,0.12783,215.50,0.458,12.64381,9.22998,29.2767,36.01419,50.01,0864:28:21,1,02
14:35:36,0.1288,215.40,0.4581,12.7406,9.30064,29.27671,36.01419,50.03,0864:28:22,1,02
14:35:37,0.12899,215.40,0.45956,12.7983,9.34276,29.27671,36.01419,50.03,0864:28:23,1,02
14:35:38,0.12914,215.40,0.45935,12.80947,9.35091,29.27671,36.01421,50.01,0864:28:24,1,02
14:35:39,0.12842,215.40,0.46039,12.7648,9.3183,29.27673,36.01421,50.01,0864:28:25,1,02
14:35:40,0.12891,215.30,0.45718,12.72013,9.28569,29.27673,36.01422,50.03,0864:28:26,1,02
14:35:41,0.12853,215.30,0.45953,12.74432,9.30336,29.27673,36.01422,50.03,0864:28:27,1,02
14:35:42,0.12937,215.30,0.45746,12.76852,9.32102,29.27674,36.01423,50.03,0864:28:28,1,02
14:35:43,0.12848,215.20,0.45903,12.72013,9.28569,29.27674,36.01423,50.03,0864:28:29,1,02
14:35:44,0.12779,215.20,0.45888,12.6494,9.23406,29.27674,36.01424,50.03,0864:28:30,1,02
14:35:45,0.12962,215.20,0.45506,12.72199,9.28705,29.27674,36.01424,50.01,0864:28:31,1,02
14:35:46,0.12791,215.30,0.45859,12.65684,9.2395,29.27674,36.01424,50.01,0864:28:32,1,02
14:35:47,0.12949,215.20,0.45702,12.76666,9.31966,29.27675,36.01424,50.01,0864:28:33,1,02
14:35:48,0.1279,215.20,0.45775,12.6252,9.2164,29.27675,36.01424,50.01,0864:28:34,1,02
14:35:49,0.12984,215.20,0.45554,12.75735,9.31287,29.27675,36.01426,50.01,0864:28:35,1,02
14:35:50,0.12834,215.20,0.45811,12.6829,9.25852,29.27677,36.01426,50.01,0864:28:36,1,02
14:35:51,0.1284,215.20,0.45746,12.66987,9.24901,29.27677,36.01427,50.00,0864:28:37,1,02
14:35:52,0.12876,215.20,0.45979,12.76852,9.32102,29.27678,36.01427,50.00,0864:28:39,1,02
14:35:53,0.128,215.20,0.4578,12.64009,9.22726,29.27678,36.01427,50.00,0864:28:40,1,02
14:35:54,0.13074,215.10,0.45616,12.85972,9.3876,29.27678,36.01427,50.00,0864:28:41,1,02
14:35:55,0.12851,215.20,0.4591,12.72385,9.28841,29.27678,36.01427,49.99,0864:28:42,1,02
14:35:56,0.12756,215.10,0.45932,12.63078,9.22047,29.27678,36.01429,49.99,0864:28:43,1,02
14:35:57,0.12926,215.10,0.45852,12.77597,9.32646,29.27678,36.01429,50.00,0864:28:44,1,02
14:35:58,0.12926,215.10,0.45852,12.77597,9.32646,29.27678,36.01429,50.00,0864:28:44,1,02
14:35:59,0.12932,215.20,0.45655,12.73316,9.2952,29.27679,36.01429,50.00,0864:28:45,1,02
14:36:00,0.12993,215.20,0.45411,12.72757,9.29113,29.27679,36.01429,49.99,0864:28:46,1,02
14:36:01,0.12916,215.20,0.45691,12.72943,9.29249,29.27681,36.01431,49.99,0864:28:47,1,02
14:36:02,0.12855,215.30,0.45719,12.68104,9.25716,29.27681,36.01431,49.99,0864:28:48,1,02
14:36:03,0.12859,215.20,0.45879,12.72199,9.28705,29.27681,36.01431,49.99,0864:28:49,1,02
14:36:04,0.12861,215.10,0.45657,12.6587,9.24085,29.27682,36.01432,49.99,0864:28:50,1,02
14:36:05,0.13022,215.10,0.4553,12.77969,9.32917,29.27682,36.01432,49.99,0864:28:51,1,02
14:36:06,0.1292,215.10,0.46044,12.82436,9.36178,29.27682,36.01432,49.99,0864:28:52,1,02
14:36:07,0.12775,215.10,0.45864,12.63078,9.22047,29.27682,36.01432,49.99,0864:28:53,1,02
14:36:08,0.12995,215.10,0.45635,12.78341,9.33189,29.27682,36.01434,49.99,0864:28:54,1,02
14:36:09,0.12932,215.00,0.45371,12.64195,9.22863,29.27682,36.01434,49.98,0864:28:55,1,02
14:36:10,0.12884,215.00,0.45851,12.73129,9.29384,29.27683,36.01435,49.98,0864:28:56,1,02
14:36:11,0.1281,215.00,0.45866,12.6587,9.24085,29.27683,36.01435,49.99,0864:28:57,1,02
14:36:12,0.12817,215.00,0.45861,12.66429,9.24493,29.27685,36.01435,49.99,0864:28:59,1,02
14:36:13,0.12987,215.00,0.45543,12.74432,9.30336,29.27685,36.01435,49.99,0864:29:00,1,02
14:36:14,0.12859,215.00,0.456,12.63451,9.22319,29.27685,36.01435,49.99,0864:29:01,1,02
14:36:15,0.12987,215.10,0.45673,12.79086,9.33733,29.27686,36.01437,50.00,0864:29:02,1,02
14:36:16,0.12832,215.10,0.4568,12.63637,9.22455,29.27686,36.01437,50.00,0864:29:03,1,02
14:36:17,0.12741,215.00,0.45925,12.60845,9.20417,29.27686,36.01437,49.99,0864:29:04,1,02
14:36:18,0.12505,215.00,0.45276,12.20268,8.90796,29.27687,36.01437,49.99,0864:29:05,1,02
14:36:19,0.0872,215.00,0.42798,8.04082,5.8698,29.27687,36.01437,50.00,0864:29:06,1,02
14:36:20,0.08247,215.20,0.42341,7.53268,5.49886,29.27687,36.01439,50.00,0864:29:07,1,02
14:36:21,0.07699,215.30,0.41799,6.94451,5.06949,29.27687,36.01439,50.00,0864:29:08,1,02
14:36:22,0.07731,215.40,0.41936,6.99849,5.1089,29.27687,36.01439,50.00,0864:29:09,1,02
14:36:23,0.07731,215.40,0.41936,6.99849,5.1089,29.27687,36.01439,50.00,0864:29:09,1,02
14:36:24,0.07724,215.30,0.41747,6.95754,5.079,29.27687,36.01439,50.01,0864:29:10,1,02
14:36:25,0.07741,215.30,0.41488,6.93148,5.05998,29.27687,36.0144,50.01,0864:29:11,1,02
14:36:26,0.07745,215.40,0.4175,6.97988,5.09531,29.27687,36.0144,50.01,0864:29:12,1,02
14:36:27,0.07681,215.40,0.41828,6.9352,5.0627,29.27687,36.0144,50.03,0864:29:13,1,02
14:36:28,0.07709,215.20,0.41596,6.91845,5.05047,29.27689,36.0144,50.03,0864:29:14,1,02
14:36:29,0.07808,215.10,0.41552,6.99477,5.10618,29.27689,36.0144,50.04,0864:29:15,1,02
14:36:30,0.07706,215.00,0.41674,6.92218,5.05319,29.27689,36.0144,50.04,0864:29:16,1,02
14:36:31,0.07692,215.00,0.41712,6.91287,5.04639,29.27689,36.0144,50.03,0864:29:17,1,02
14:36:32,0.07688,214.90,0.41695,6.90542,5.04096,29.27689,36.01442,50.03,0864:29:19,1,02
14:36:33,0.0772,214.80,0.41659,6.9259,5.05591,29.2769,36.01442,50.01,0864:29:20,1,02
14:36:34,0.07688,214.80,0.41927,6.94079,5.06678,29.2769,36.01442,50.01,0864:29:21,1,02
14:36:35,0.07692,214.80,0.41906,6.93893,5.06542,29.2769,36.01443,50.04,0864:29:22,1,02
14:36:36,0.07702,214.80,0.41771,6.9259,5.05591,29.2769,36.01443,50.04,0864:29:23,1,02
14:36:37,0.07738,214.70,0.41928,6.97988,5.09531,29.2769,36.01443,50.03,0864:29:24,1,02
14:36:38,0.07646,214.70,0.4208,6.92218,5.05319,29.27691,36.01443,50.03,0864:29:25,1,02
14:36:39,0.07671,214.60,0.4199,6.92776,5.05726,29.27691,36.01443,50.03,0864:29:26,1,02
14:36:40,0.07607,214.50,0.42296,6.91845,5.05047,29.27691,36.01443,50.03,0864:29:27,1,02
14:36:41,0.0761,214.60,0.42425,6.94265,5.06813,29.27691,36.01443,50.04,0864:29:28,1,02
14:36:42,0.07546,214.60,0.42693,6.92776,5.05726,29.27691,36.01443,50.04,0864:29:29,1,02
14:36:43,0.07628,214.60,0.42604,6.99104,5.10346,29.27691,36.01445,50.03,0864:29:30,1,02
14:36:44,0.07685,214.60,0.42341,6.99663,5.10754,29.27691,36.01445,50.03,0864:29:31,1,02
14:36:45,0.07787,214.40,0.41557,6.95382,5.07629,29.27691,36.01445,50.03,0864:29:32,1,02
14:36:46,0.07751,214.40,0.41473,6.90729,5.04232,29.27691,36.01445,50.03,0864:29:33,1,02
14:36:47,0.07821,214.50,0.41198,6.9259,5.05591,29.27693,36.01445,50.03,0864:29:34,1,02
14:36:48,0.0779,214.70,0.41493,6.95382,5.07629,29.27693,36.01445,50.03,0864:29:35,1,02
14:36:49,0.07741,214.60,0.41447,6.89984,5.03688,29.27693,36.01445,50.03,0864:29:36,1,02
14:36:50,0.07741,214.60,0.41447,6.89984,5.03688,29.27693,36.01445,50.03,0864:29:36,1,02
14:36:51,0.078,214.60,0.41513,6.96499,5.08444,29.27693,36.01447,50.03,0864:29:37,1,02
14:36:52,0.078,214.80,0.41641,6.99104,5.10346,29.27693,36.01447,50.03,0864:29:38,1,02
14:36:53,0.07825,214.90,0.41398,6.97801,5.09395,29.27694,36.01447,50.04,0864:29:40,1,02
14:36:54,0.07762,215.00,0.4144,6.92962,5.05862,29.27694,36.01448,50.04,0864:29:41,1,02
14:36:55,0.07773,215.00,0.415,6.95196,5.07493,29.27694,36.01448,50.01,0864:29:42,1,02
14:36:56,0.07751,215.10,0.41503,6.93707,5.06406,29.27694,36.01448,50.01,0864:29:43,1,02
14:36:57,0.07783,215.30,0.41598,6.98546,5.09939,29.27694,36.01448,50.03,0864:29:44,1,02
14:36:58,0.07755,215.20,0.41442,6.93148,5.05998,29.27695,36.01448,50.03,0864:29:45,1,02
14:36:59,0.078,215.20,0.41471,6.97801,5.09395,29.27695,36.01448,50.03,0864:29:46,1,02
14:37:00,0.07776,215.30,0.41449,6.95568,5.07765,29.27695,36.01448,50.03,0864:29:47,1,02
14:37:01,0.07787,215.30,0.41416,6.9594,5.08036,29.27695,36.0145,50.01,0864:29:48,1,02
14:37:02,0.07765,215.30,0.41402,6.93707,5.06406,29.27695,36.0145,50.01,0864:29:49,1,02
14:37:03,0.07765,215.40,0.4143,6.94637,5.07085,29.27695,36.0145,50.01,0864:29:50,1,02
14:37:04,0.0772,215.60,0.41732,6.96126,5.08172,29.27695,36.0145,50.01,0864:29:51,1,02
14:37:05,0.07738,215.70,0.4172,6.97801,5.09395,29.27695,36.01451,50.00,0864:29:52,1,02
14:37:06,0.07727,215.60,0.41695,6.96126,5.08172,29.27695,36.01451,50.00,0864:29:53,1,02
14:37:07,0.07741,215.50,0.41438,6.92776,5.05726,29.27695,36.01451,50.00,0864:29:54,1,02
14:37:08,0.07738,215.50,0.4149,6.93334,5.06134,29.27697,36.01451,49.99,0864:29:55,1,02
14:37:09,0.07769,215.40,0.41478,6.95754,5.079,29.27697,36.01451,49.99,0864:29:56,1,02
14:37:10,0.07751,215.40,0.41581,6.9594,5.08036,29.27697,36.01451,50.01,0864:29:57,1,02
14:37:11,0.07731,215.50,0.41537,6.93334,5.06134,29.27697,36.01451,50.01,0864:29:58,1,02
14:37:12,0.07717,215.50,0.41533,6.92031,5.05183,29.27697,36.01453,49.99,0864:29:59,1,02
14:37:13,0.07702,215.50,0.41622,6.9259,5.05591,29.27698,36.01453,49.99,0864:30:01,1,02
14:37:14,0.07702,215.50,0.41622,6.9259,5.05591,29.27698,36.01453,49.99,0864:30:01,1,02
14:37:15,0.07706,215.50,0.416,6.92218,5.05319,29.27698,36.01453,49.99,0864:30:02,1,02
14:37:16,0.07713,215.40,0.41551,6.92031,5.05183,29.27698,36.01453,49.99,0864:30:03,1,02
14:37:17,0.07773,215.30,0.41511,6.96312,5.08308,29.27698,36.01453,49.99,0864:30:04,1,02
14:37:18,0.07748,215.30,0.41539,6.94451,5.06949,29.27698,36.01453,49.99,0864:30:05,1,02
14:37:19,0.07745,215.30,0.41457,6.92776,5.05726,29.27699,36.01453,49.99,0864:30:06,1,02
14:37:20,0.0772,215.40,0.41657,6.94265,5.06813,29.27699,36.01455,49.99,0864:30:07,1,02
14:37:22,0.07706,215.40,0.41655,6.93148,5.05998,29.27699,36.01455,49.98,0864:30:08,1,02
14:37:23,0.07734,215.50,0.41509,6.93334,5.06134,29.27699,36.01455,49.98,0864:30:09,1,02
14:37:24,0.07745,215.50,0.41587,6.95568,5.07765,29.27699,36.01456,49.98,0864:30:10,1,02
14:37:25,0.07692,215.50,0.41508,6.89612,5.03417,29.27699,36.01456,49.98,0864:30:11,1,02
14:37:26,0.07734,215.50,0.41475,6.92776,5.05726,29.27699,36.01456,49.98,0864:30:12,1,02
14:37:27,0.07702,215.50,0.4171,6.93893,5.06542,29.27699,36.01456,49.96,0864:30:13,1,02
14:37:28,0.07717,215.50,0.41501,6.91659,5.04911,29.27699,36.01456,49.96,0864:30:14,1,02
14:37:29,0.07695,215.60,0.41672,6.92962,5.05862,29.27699,36.01456,49.96,0864:30:15,1,02
14:37:30,0.07713,215.60,0.4159,6.93148,5.05998,29.27701,36.01456,49.96,0864:30:16,1,02
14:37:31,0.07688,215.70,0.41646,6.92218,5.05319,29.27701,36.01458,49.96,0864:30:17,1,02
14:37:32,0.07731,215.70,0.41457,6.92776,5.05726,29.27701,36.01458,49.96,0864:30:18,1,02
14:37:33,0.07671,216.00,0.41738,6.92962,5.05862,29.27701,36.01458,49.95,0864:30:19,1,02
14:37:34,0.07674,216.10,0.41702,6.93148,5.05998,29.27701,36.01458,49.95,0864:30:21,1,02
14:37:35,0.07695,216.00,0.41631,6.9352,5.0627,29.27702,36.01459,49.96,0864:30:22,1,02
14:37:36,0.07755,215.90,0.41561,6.97615,5.09259,29.27702,36.01459,49.96,0864:30:23,1,02
14:37:37,0.07727,215.90,0.41461,6.93148,5.05998,29.27702,36.01459,49.96,0864:30:24,1,02
14:37:38,0.07717,215.90,0.41628,6.9501,5.07357,29.27702,36.0146,49.96,0864:30:25,1,02
14:37:39,0.07731,215.80,0.41518,6.94265,5.06813,29.27702,36.0146,49.98,0864:30:26,1,02
14:37:40,0.07731,215.80,0.41518,6.94265,5.06813,29.27702,36.0146,49.98,0864:30:26,1,02
14:37:41,0.07695,215.80,0.41723,6.94265,5.06813,29.27703,36.0146,49.98,0864:30:27,1,02
14:37:42,0.07706,215.70,0.41633,6.93707,5.06406,29.27703,36.0146,49.96,0864:30:28,1,02
14:37:43,0.07724,215.70,0.41496,6.92962,5.05862,29.27703,36.01461,49.96,0864:30:29,1,02
14:37:44,0.0772,215.70,0.4149,6.92404,5.05455,29.27703,36.01461,49.96,0864:30:30,1,02
14:37:45,0.07702,215.60,0.41579,6.92031,5.05183,29.27703,36.01461,49.96,0864:30:31,1,02
14:37:46,0.07713,215.70,0.41538,6.9259,5.05591,29.27703,36.01461,49.98,0864:30:32,1,02
14:37:47,0.07706,215.70,0.41598,6.92962,5.05862,29.27703,36.01461,49.96,0864:30:33,1,02
14:37:48,0.07709,215.80,0.41529,6.9259,5.05591,29.27703,36.01461,49.96,0864:30:34,1,02
14:37:49,0.07667,215.80,0.41884,6.94451,5.06949,29.27703,36.01461,49.98,0864:30:35,1,02
14:37:50,0.07674,215.90,0.41797,6.94265,5.06813,29.27703,36.01463,49.98,0864:30:36,1,02
14:37:51,0.07642,216.10,0.41792,6.91845,5.05047,29.27705,36.01463,49.96,0864:30:37,1,02
14:37:52,0.07649,216.10,0.41775,6.92031,5.05183,29.27705,36.01463,49.96,0864:30:38,1,02
14:37:53,0.07625,216.10,0.41839,6.90915,5.04368,29.27705,36.01463,49.99,0864:30:39,1,02
14:37:54,0.07656,216.10,0.4185,6.93893,5.06542,29.27705,36.01464,49.99,0864:30:40,1,02
14:37:55,0.07695,216.10,0.41814,6.96871,5.08716,29.27705,36.01464,49.98,0864:30:42,1,02
14:37:56,0.0772,216.10,0.41674,6.96871,5.08716,29.27706,36.01464,49.98,0864:30:43,1,02
14:37:57,0.07688,216.00,0.4167,6.93707,5.06406,29.27706,36.01464,49.99,0864:30:44,1,02
14:37:58,0.07664,215.90,0.41683,6.91287,5.04639,29.27706,36.01464,49.99,0864:30:45,1,02
14:37:59,0.07692,215.90,0.41646,6.93148,5.05998,29.27706,36.01464,50.00,0864:30:46,1,02
14:38:00,0.07734,215.90,0.41669,6.97243,5.08987,29.27706,36.01464,50.00,0864:30:47,1,02
14:38:01,0.07702,215.90,0.41523,6.92031,5.05183,29.27707,36.01466,50.00,0864:30:48,1,02
14:38:02,0.07717,215.90,0.41507,6.93148,5.05998,29.27707,36.01466,50.00,0864:30:49,1,02
14:38:03,0.07695,216.00,0.4162,6.93334,5.06134,29.27707,36.01466,50.00,0864:30:50,1,02
14:38:04,0.07695,216.00,0.4162,6.93334,5.06134,29.27707,36.01466,50.00,0864:30:50,1,02
14:38:05,0.07671,216.10,0.41618,6.91287,5.04639,29.27707,36.01466,50.00,0864:30:51,1,02
14:38:06,0.07709,216.00,0.4159,6.94079,5.06678,29.27707,36.01466,50.00,0864:30:52,1,02
14:38:07,0.078,216.00,0.41492,7.0078,5.11569,29.27707,36.01466,50.00,0864:30:53,1,02
14:38:08,0.07706,216.00,0.41564,6.93334,5.06134,29.27707,36.01466,50.01,0864:30:54,1,02
14:38:09,0.07699,215.80,0.41607,6.92962,5.05862,29.27707,36.01468,50.01,0864:30:55,1,02
14:38:10,0.07727,215.90,0.4165,6.96312,5.08308,29.27707,36.01468,50.01,0864:30:56,1,02
14:38:11,0.07738,215.80,0.41515,6.94823,5.07221,29.27707,36.01468,50.03,0864:30:57,1,02
14:38:12,0.07717,215.70,0.41442,6.91287,5.04639,29.27709,36.01469,50.03,0864:30:58,1,02
14:38:13,0.07713,215.60,0.4151,6.91659,5.04911,29.27709,36.01469,50.03,0864:30:59,1,02
14:38:14,0.07706,215.50,0.41579,6.92031,5.05183,29.27709,36.01469,50.03,0864:31:00,1,02
14:38:15,0.07699,215.40,0.41566,6.90729,5.04232,29.27709,36.01469,50.03,0864:31:02,1,02
14:38:16,0.07773,215.30,0.41454,6.95196,5.07493,29.27709,36.01469,50.03,0864:31:03,1,02
14:38:17,0.07709,215.40,0.41734,6.94451,5.06949,29.2771,36.01469,50.03,0864:31:04,1,02
14:38:18,0.07734,215.50,0.4163,6.95196,5.07493,29.2771,36.01469,50.03,0864:31:05,1,02
14:38:19,0.07685,215.50,0.4159,6.90356,5.0396,29.2771,36.01471,50.03,0864:31:06,1,02
14:38:20,0.07688,215.60,0.41562,6.90356,5.0396,29.2771,36.01471,50.03,0864:31:07,1,02
14:38:21,0.07692,215.50,0.41564,6.90542,5.04096,29.27711,36.01471,50.03,0864:31:08,1,02
14:38:22,0.07678,215.50,0.41693,6.91287,5.04639,29.27711,36.01471,50.03,0864:31:09,1,02
14:38:23,0.0766,215.40,0.41715,6.89798,5.03552,29.27711,36.01472,50.03,0864:31:10,1,02
14:38:24,0.07692,215.50,0.41711,6.93148,5.05998,29.27711,36.01472,50.03,0864:31:11,1,02
14:38:25,0.0772,215.60,0.41633,6.94637,5.07085,29.27711,36.01472,50.01,0864:31:12,1,02
14:38:26,0.07738,215.50,0.41448,6.92776,5.05726,29.27711,36.01472,50.01,0864:31:13,1,02
14:38:27,0.07741,215.50,0.41563,6.9501,5.07357,29.27711,36.01472,50.01,0864:31:14,1,02
14:38:28,0.07741,215.50,0.41563,6.9501,5.07357,29.27711,36.01472,50.01,0864:31:14,1,02
14:38:29,0.07751,215.60,0.41378,6.93148,5.05998,29.27711,36.01472,50.00,0864:31:15,1,02
14:38:30,0.07745,215.70,0.41574,6.96126,5.08172,29.27711,36.01472,50.00,0864:31:16,1,02
14:38:31,0.07741,215.80,0.41372,6.9259,5.05591,29.27711,36.01474,50.00,0864:31:17,1,02
14:38:32,0.07713,215.90,0.41559,6.93707,5.06406,29.27713,36.01474,50.00,0864:31:18,1,02
14:38:33,0.07685,215.90,0.41616,6.92031,5.05183,29.27713,36.01474,49.98,0864:31:19,1,02
14:38:34,0.07685,215.90,0.41605,6.91845,5.05047,29.27713,36.01474,49.98,0864:31:20,1,02
14:38:35,0.07699,215.90,0.4141,6.89984,5.03688,29.27713,36.01474,49.99,0864:31:22,1,02
14:38:36,0.07734,216.00,0.41461,6.94079,5.06678,29.27713,36.01474,49.99,0864:31:23,1,02
14:38:37,0.07724,216.00,0.41494,6.93707,5.06406,29.27714,36.01474,49.98,0864:31:24,1,02
14:38:38,0.07699,216.00,0.41689,6.94637,5.07085,29.27714,36.01476,49.98,0864:31:25,1,02
14:38:39,0.07699,215.90,0.41588,6.92962,5.05862,29.27714,36.01476,49.96,0864:31:26,1,02
14:38:40,0.07685,216.00,0.41506,6.90356,5.0396,29.27714,36.01476,49.96,0864:31:27,1,02
14:38:41,0.07762,216.00,0.41436,6.96126,5.08172,29.27714,36.01477,49.98,0864:31:28,1,02
14:38:42,0.07724,216.00,0.41438,6.92776,5.05726,29.27715,36.01477,49.98,0864:31:29,1,02
14:38:43,0.07713,215.80,0.4151,6.9259,5.05591,29.27715,36.01477,49.98,0864:31:30,1,02
14:38:44,0.07664,215.90,0.41468,6.87564,5.01922,29.27715,36.01477,49.98,0864:31:31,1,02
14:38:45,0.07724,215.80,0.41364,6.90915,5.04368,29.27715,36.01477,49.96,0864:31:32,1,02
14:38:46,0.07727,215.80,0.41503,6.93707,5.06406,29.27715,36.01477,49.96,0864:31:33,1,02
14:38:47,0.07748,215.90,0.41574,6.97057,5.08852,29.27715,36.01477,49.95,0864:31:34,1,02
14:38:48,0.07794,215.80,0.41376,6.97429,5.09123,29.27715,36.01479,49.96,0864:31:35,1,02
14:38:49,0.07787,215.90,0.41094,6.92218,5.05319,29.27715,36.01479,49.96,0864:31:36,1,02
14:38:50,0.07811,215.90,0.41011,6.92962,5.05862,29.27715,36.01479,49.96,0864:31:37,1,02
14:38:51,0.07808,215.90,0.41022,6.93148,5.05998,29.27715,36.01479,49.96,0864:31:38,1,02
14:38:52,0.07783,215.90,0.41167,6.93148,5.05998,29.27717,36.0148,49.95,0864:31:39,1,02
14:38:53,0.07783,215.90,0.41167,6.93148,5.05998,29.27717,36.0148,49.95,0864:31:39,1,02
14:38:54,0.07804,215.90,0.4118,6.95196,5.07493,29.27717,36.0148,49.95,0864:31:40,1,02
14:38:55,0.07794,215.80,0.41122,6.93148,5.05998,29.27717,36.0148,49.96,0864:31:41,1,02
14:38:56,0.07776,215.70,0.41187,6.92404,5.05455,29.27717,36.0148,49.96,0864:31:43,1,02
14:38:57,0.07751,215.60,0.41067,6.87937,5.02194,29.27717,36.0148,49.95,0864:31:44,1,02
14:38:58,0.0778,215.60,0.41207,6.9259,5.05591,29.27718,36.0148,49.95,0864:31:45,1,02
14:38:59,0.078,215.50,0.41372,6.97057,5.08852,29.27718,36.0148,49.96,0864:31:46,1,02
14:39:00,0.07769,215.70,0.41223,6.92404,5.05455,29.27718,36.01482,49.96,0864:31:47,1,02
14:39:01,0.07759,215.90,0.41284,6.92962,5.05862,29.27718,36.01482,49.95,0864:31:48,1,02
14:39:02,0.07713,215.80,0.4141,6.90915,5.04368,29.27718,36.01482,49.95,0864:31:49,1,02
14:39:03,0.0772,215.70,0.41358,6.90356,5.0396,29.27719,36.01482,49.95,0864:31:50,1,02
14:39:04,0.07755,215.80,0.414,6.94451,5.06949,29.27719,36.01482,49.95,0864:31:51,1,02
14:39:05,0.07769,215.80,0.41261,6.93334,5.06134,29.27719,36.01482,49.95,0864:31:52,1,02
14:39:06,0.07734,215.80,0.41353,6.91659,5.04911,29.27719,36.01482,49.95,0864:31:53,1,02
14:39:07,0.07748,215.70,0.41322,6.92218,5.05319,29.27719,36.01484,49.96,0864:31:54,1,02
14:39:08,0.07745,215.60,0.41535,6.9501,5.07357,29.27719,36.01484,49.96,0864:31:55,1,02
14:39:09,0.07706,215.50,0.41613,6.9259,5.05591,29.27719,36.01484,49.95,0864:31:56,1,02
14:39:10,0.07642,215.60,0.41841,6.91101,5.04504,29.27719,36.01485,49.96,0864:31:57,1,02
14:39:11,0.07628,215.70,0.41951,6.91659,5.04911,29.27719,36.01485,49.96,0864:31:58,1,02
14:39:12,0.07617,215.80,0.42113,6.93707,5.06406,29.27719,36.01485,49.96,0864:31:59,1,02
14:39:13,0.07581,215.80,0.42247,6.92776,5.05726,29.27721,36.01485,49.96,0864:32:00,1,02
14:39:14,0.07656,215.70,0.42027,6.95568,5.07765,29.27721,36.01485,49.96,0864:32:01,1,02
14:39:15,0.07617,215.80,0.42136,6.94079,5.06678,29.27721,36.01485,49.96,0864:32:02,1,02
14:39:16,0.076,215.90,0.42099,6.92218,5.05319,29.27721,36.01485,49.98,0864:32:04,1,02
14:39:17,0.07589,216.40,0.42151,6.93707,5.06406,29.27721,36.01485,49.98,0864:32:05,1,02
14:39:18,0.07581,216.30,0.42116,6.92031,5.05183,29.27722,36.01487,49.96,0864:32:06,1,02
14:39:19,0.07581,216.30,0.42116,6.92031,5.05183,29.27722,36.01487,49.96,0864:32:06,1,02
14:39:21,0.07642,216.10,0.41961,6.94637,5.07085,29.27722,36.01487,49.96,0864:32:07,1,02
14:39:22,0.07574,215.70,0.42042,6.88309,5.02465,29.27722,36.01487,49.98,0864:32:08,1,02
14:39:23,0.07632,216.00,0.42226,6.97615,5.09259,29.27722,36.01488,49.98,0864:32:09,1,02
14:39:24,0.07614,216.10,0.41996,6.92404,5.05455,29.27722,36.01488,49.96,0864:32:10,1,02
14:39:25,0.07607,216.10,0.41979,6.91659,5.04911,29.27723,36.01488,49.96,0864:32:11,1,02
14:39:26,0.0766,216.20,0.41826,6.94265,5.06813,29.27723,36.01488,49.98,0864:32:12,1,02
14:39:27,0.07567,216.30,0.42124,6.90915,5.04368,29.27723,36.01488,49.98,0864:32:13,1,02
14:39:28,0.0756,216.20,0.4224,6.92031,5.05183,29.27723,36.01488,49.98,0864:32:14,1,02
14:39:29,0.07635,216.20,0.42047,6.95754,5.079,29.27723,36.01488,49.98,0864:32:15,1,02
14:39:30,0.07635,216.20,0.41935,6.93893,5.06542,29.27724,36.0149,49.98,0864:32:16,1,02
14:39:31,0.07635,216.10,0.41918,6.93148,5.05998,29.27724,36.0149,49.98,0864:32:17,1,02
14:39:32,0.07649,216.00,0.41918,6.94079,5.06678,29.27724,36.0149,49.98,0864:32:18,1,02
14:39:33,0.07592,216.00,0.41812,6.87192,5.0165,29.27724,36.0149,49.98,0864:32:19,1,02
14:39:34,0.0761,216.00,0.42002,6.92031,5.05183,29.27724,36.0149,49.98,0864:32:20,1,02
14:39:35,0.07632,216.10,0.41824,6.91287,5.04639,29.27725,36.0149,49.96,0864:32:21,1,02
14:39:36,0.07592,216.10,0.42134,6.92962,5.05862,29.27725,36.0149,49.96,0864:32:22,1,02
14:39:37,0.07571,216.10,0.42215,6.92404,5.05455,29.27725,36.0149,49.99,0864:32:23,1,02
14:39:38,0.07589,216.20,0.42302,6.95568,5.07765,29.27725,36.01492,49.99,0864:32:25,1,02
14:39:39,0.07617,216.20,0.42242,6.97243,5.08987,29.27725,36.01492,49.98,0864:32:26,1,02
14:39:40,0.07617,216.20,0.42039,6.93893,5.06542,29.27726,36.01492,49.98,0864:32:27,1,02
14:39:41,0.07578,216.30,0.42078,6.91101,5.04504,29.27726,36.01493,50.00,0864:32:28,1,02
14:39:42,0.07571,216.30,0.42131,6.91659,5.04911,29.27726,36.01493,50.00,0864:32:29,1,02
14:39:43,0.07564,216.30,0.42191,6.91845,5.05047,29.27726,36.01493,50.00,0864:32:30,1,02
14:39:44,0.07564,216.30,0.42168,6.91473,5.04775,29.27726,36.01493,50.00,0864:32:31,1,02
14:39:45,0.07564,216.30,0.42168,6.91473,5.04775,29.27726,36.01493,50.00,0864:32:31,1,02
14:39:46,0.07603,216.20,0.42092,6.9352,5.0627,29.27727,36.01493,49.99,0864:32:32,1,02
14:39:47,0.07589,216.20,0.42202,6.94079,5.06678,29.27727,36.01493,49.99,0864:32:33,1,02
14:39:48,0.0756,216.40,0.42246,6.9259,5.05591,29.27727,36.01493,50.00,0864:32:34,1,02
14:39:49,0.07585,216.40,0.42157,6.93334,5.06134,29.27727,36.01495,50.00,0864:32:35,1,02
14:39:50,0.07585,216.40,0.42046,6.91659,5.04911,29.27727,36.01495,50.01,0864:32:36,1,02
14:39:51,0.07578,216.30,0.42148,6.92404,5.05455,29.27728,36.01495,50.01,0864:32:37,1,02
14:39:52,0.07571,216.30,0.42154,6.92031,5.05183,29.27728,36.01495,50.00,0864:32:38,1,02
14:39:53,0.07589,216.30,0.42025,6.91473,5.04775,29.27728,36.01495,50.01,0864:32:39,1,02
14:39:54,0.07607,216.30,0.4183,6.89984,5.03688,29.27728,36.01495,50.01,0864:32:40,1,02
14:39:55,0.07585,216.40,0.42114,6.92776,5.05726,29.27728,36.01495,50.04,0864:32:41,1,02
14:39:56,0.07589,216.50,0.42166,6.94265,5.06813,29.27729,36.01495,50.04,0864:32:42,1,02
14:39:57,0.0761,216.50,0.42189,6.96685,5.0858,29.27729,36.01497,50.03,0864:32:43,1,02
14:39:58,0.07557,216.40,0.42121,6.90542,5.04096,29.27729,36.01497,50.03,0864:32:45,1,02
14:39:59,0.07617,216.30,0.42054,6.94451,5.06949,29.27729,36.01497,50.04,0864:32:46,1,02
14:40:00,0.076,216.20,0.41974,6.91101,5.04504,29.2773,36.01498,50.04,0864:32:47,1,02
14:40:01,0.07592,216.10,0.42021,6.91101,5.04504,29.2773,36.01498,50.03,0864:32:48,1,02
14:40:02,0.07592,216.00,0.42097,6.92031,5.05183,29.2773,36.01498,50.03,0864:32:49,1,02
14:40:03,0.07724,216.10,0.4221,7.05991,5.15374,29.2773,36.01498,50.03,0864:32:50,1,02
14:40:04,0.0766,216.10,0.41854,6.94265,5.06813,29.2773,36.01498,50.03,0864:32:51,1,02
14:40:05,0.0761,216.10,0.42039,6.92962,5.05862,29.27731,36.01498,50.03,0864:32:52,1,02
14:40:06,0.07603,216.10,0.42042,6.92218,5.05319,29.27731,36.01498,50.03,0864:32:53,1,02
14:40:07,0.07603,216.10,0.41985,6.91287,5.04639,29.27731,36.015,50.03,0864:32:54,1,02
14:40:08,0.07642,216.00,0.42137,6.97243,5.08987,29.27731,36.015,50.03,0864:32:55,1,02
14:40:09,0.07642,216.00,0.42137,6.97243,5.08987,29.27731,36.015,50.03,0864:32:55,1,02
14:40:10,0.07674,216.00,0.41967,6.97243,5.08987,29.27731,36.015,50.03,0864:32:56,1,02
14:40:11,0.07617,215.90,0.41915,6.90915,5.04368,29.27732,36.015,50.01,0864:32:57,1,02
14:40:12,0.07617,216.00,0.42109,6.94265,5.06813,29.27732,36.01501,50.01,0864:32:58,1,02
14:40:13,0.07585,215.80,0.42045,6.89612,5.03417,29.27732,36.01501,50.03,0864:32:59,1,02
14:40:14,0.0761,215.60,0.42044,6.91473,5.04775,29.27732,36.01501,50.03,0864:33:00,1,02
14:40:15,0.07571,215.60,0.42184,6.9017,5.03824,29.27732,36.01501,50.00,0864:33:01,1,02
14:40:16,0.07607,215.30,0.42279,6.94079,5.06678,29.27733,36.01501,50.00,0864:33:02,1,02
14:40:17,0.07589,215.40,0.42364,6.93893,5.06542,29.27733,36.01501,50.00,0864:33:03,1,02
14:40:18,0.07585,215.30,0.42372,6.93707,5.06406,29.27733,36.01501,50.00,0864:33:05,1,02
14:40:19,0.07603,215.30,0.42206,6.92404,5.05455,29.27733,36.01503,50.00,0864:33:06,1,02
14:40:20,0.07581,215.40,0.42246,6.91659,5.04911,29.27733,36.01503,50.00,0864:33:07,1,02
14:40:21,0.07564,215.50,0.42263,6.90356,5.0396,29.27734,36.01503,50.00,0864:33:08,1,02
14:40:22,0.07571,215.40,0.42189,6.89612,5.03417,29.27734,36.01503,50.00,0864:33:09,1,02
14:40:23,0.07603,215.30,0.42298,6.94079,5.06678,29.27734,36.01503,49.99,0864:33:10,1,02
14:40:24,0.07603,215.20,0.4217,6.91659,5.04911,29.27734,36.01503,49.99,0864:33:11,1,02
14:40:25,0.0756,215.20,0.42547,6.93893,5.06542,29.27734,36.01503,49.99,0864:33:12,1,02
14:40:26,0.07557,215.30,0.4242,6.91659,5.04911,29.27735,36.01505,49.99,0864:33:13,1,02
14:40:27,0.0756,215.30,0.4238,6.91473,5.04775,29.27735,36.01505,49.98,0864:33:14,1,02
14:40:28,0.07571,215.30,0.42403,6.92962,5.05862,29.27735,36.01505,49.98,0864:33:15,1,02
14:40:29,0.07653,215.20,0.42187,6.96499,5.08444,29.27735,36.01505,50.00,0864:33:16,1,02
14:40:30,0.07567,215.30,0.42398,6.92404,5.05455,29.27735,36.01506,50.00,0864:33:17,1,02
14:40:31,0.07524,215.20,0.42511,6.89984,5.03688,29.27736,36.01506,49.99,0864:33:18,1,02
14:40:32,0.0752,215.30,0.42487,6.89426,5.03281,29.27736,36.01506,49.98,0864:33:19,1,02
14:40:33,0.07531,215.30,0.42579,6.92031,5.05183,29.27736,36.01506,49.98,0864:33:20,1,02
14:40:34,0.07531,215.30,0.42579,6.92031,5.05183,29.27736,36.01506,49.98,0864:33:20,1,02
14:40:35,0.07528,215.40,0.42761,6.94823,5.07221,29.27736,36.01506,49.98,0864:33:21,1,02
14:40:36,0.07632,215.40,0.42002,6.92031,5.05183,29.27736,36.01506,49.98,0864:33:22,1,02
14:40:37,0.07617,215.40,0.42055,6.91659,5.04911,29.27737,36.01506,49.98,0864:33:23,1,02
14:40:38,0.07642,215.40,0.41967,6.92404,5.05455,29.27737,36.01508,49.98,0864:33:25,1,02
14:40:39,0.07642,215.40,0.41808,6.89612,5.03417,29.27737,36.01508,49.96,0864:33:26,1,02
14:40:40,0.07664,215.30,0.41931,6.9352,5.0627,29.27737,36.01508,49.96,0864:33:27,1,02
14:40:41,0.07664,215.40,0.41987,6.94451,5.06949,29.27737,36.01508,49.96,0864:33:28,1,02
14:40:42,0.07625,215.40,0.41995,6.91287,5.04639,29.27738,36.01509,49.96,0864:33:29,1,02
14:40:43,0.07596,215.40,0.42145,6.91101,5.04504,29.27738,36.01509,49.96,0864:33:30,1,02
14:40:44,0.07649,215.30,0.41905,6.91845,5.05047,29.27738,36.01509,49.96,0864:33:31,1,02
14:40:45,0.07625,215.20,0.42159,6.9352,5.0627,29.27738,36.01509,49.96,0864:33:32,1,02
14:40:46,0.07603,215.30,0.42274,6.9352,5.0627,29.27738,36.01509,49.96,0864:33:33,1,02
14:40:47,0.07578,215.30,0.4226,6.91101,5.04504,29.27739,36.01509,49.96,0864:33:34,1,02
14:40:48,0.07625,215.40,0.42142,6.93707,5.06406,29.27739,36.01509,49.96,0864:33:35,1,02
14:40:49,0.07617,215.30,0.42108,6.92218,5.05319,29.27739,36.01511,49.96,0864:33:36,1,02
14:40:50,0.0761,215.20,0.42234,6.93334,5.06134,29.27739,36.01511,49.96,0864:33:37,1,02
14:40:51,0.07614,215.00,0.42069,6.9017,5.03824,29.27739,36.01511,49.96,0864:33:38,1,02
14:40:52,0.07578,215.30,0.42101,6.88495,5.02601,29.2774,36.01511,49.98,0864:33:39,1,02
14:40:53,0.07642,215.20,0.42019,6.9352,5.0627,29.2774,36.01511,49.98,0864:33:40,1,02
14:40:54,0.07642,215.40,0.42011,6.92962,5.05862,29.2774,36.01511,49.96,0864:33:41,1,02
14:40:55,0.07603,215.30,0.42083,6.90542,5.04096,29.2774,36.01511,49.96,0864:33:42,1,02
14:40:56,0.07589,215.30,0.4201,6.87937,5.02194,29.2774,36.01513,49.99,0864:33:43,1,02
14:40:57,0.0761,215.20,0.41984,6.8924,5.03145,29.27741,36.01513,49.99,0864:33:44,1,02
14:40:58,0.07614,215.20,0.42009,6.89798,5.03552,29.27741,36.01513,49.98,0864:33:45,1,02
14:40:59,0.07614,215.20,0.42009,6.89798,5.03552,29.27741,36.01513,49.98,0864:33:45,1,02
14:41:00,0.07639,215.20,0.42158,6.94451,5.06949,29.27741,36.01513,49.98,0864:33:47,1,02
14:41:01,0.07614,215.20,0.42145,6.92031,5.05183,29.27741,36.01514,49.99,0864:33:48,1,02
14:41:02,0.07628,215.20,0.42172,6.93893,5.06542,29.27741,36.01514,49.99,0864:33:49,1,02
14:41:03,0.07639,215.20,0.41934,6.90915,5.04368,29.27742,36.01514,50.00,0864:33:50,1,02
14:41:04,0.07639,215.20,0.41979,6.91659,5.04911,29.27742,36.01514,50.00,0864:33:51,1,02
14:41:05,0.07639,215.20,0.42162,6.94823,5.07221,29.27742,36.01514,50.00,0864:33:52,1,02
14:41:06,0.07632,215.20,0.42108,6.93148,5.05998,29.27742,36.01514,50.00,0864:33:53,1,02
14:41:07,0.07603,215.30,0.42272,6.93334,5.06134,29.27742,36.01514,50.01,0864:33:54,1,02
14:41:08,0.07664,215.20,0.42138,6.96312,5.08308,29.27743,36.01516,50.01,0864:33:55,1,02
14:41:09,0.07567,215.10,0.42254,6.89426,5.03281,29.27743,36.01516,50.00,0864:33:56,1,02
14:41:10,0.07589,215.10,0.42287,6.91845,5.05047,29.27743,36.01516,50.00,0864:33:57,1,02
14:41:11,0.07581,215.10,0.42257,6.90729,5.04232,29.27743,36.01516,50.01,0864:33:58,1,02
14:41:12,0.076,215.10,0.42274,6.9259,5.05591,29.27743,36.01517,50.01,0864:33:59,1,02
14:41:13,0.07632,215.20,0.42128,6.93334,5.06134,29.27744,36.01517,50.01,0864:34:00,1,02
14:41:14,0.07571,215.20,0.42364,6.91845,5.05047,29.27744,36.01517,50.03,0864:34:01,1,02
14:41:15,0.07574,215.20,0.42252,6.9017,5.03824,29.27744,36.01517,50.03,0864:34:02,1,02
14:41:17,0.07538,215.20,0.42331,6.88309,5.02465,29.27744,36.01517,50.01,0864:34:03,1,02
14:41:18,0.07596,215.20,0.42091,6.89426,5.03281,29.27744,36.01517,50.01,0864:34:04,1,02
14:41:19,0.07592,215.10,0.42211,6.90915,5.04368,29.27745,36.01517,50.03,0864:34:05,1,02
14:41:20,0.07589,215.10,0.42482,6.95196,5.07493,29.27745,36.01519,50.03,0864:34:07,1,02
14:41:21,0.07581,215.20,0.42363,6.92776,5.05726,29.27745,36.01519,50.03,0864:34:08,1,02
14:41:22,0.07635,215.10,0.4214,6.9352,5.0627,29.27745,36.01519,50.03,0864:34:09,1,02
14:41:23,0.0766,215.00,0.4196,6.9259,5.05591,29.27745,36.01519,50.01,0864:34:10,1,02
14:41:24,0.07642,215.00,0.41989,6.91659,5.04911,29.27746,36.01519,50.01,0864:34:11,1,02
14:41:25,0.07642,215.00,0.41989,6.91659,5.04911,29.27746,36.01519,50.01,0864:34:11,1,02
14:41:26,0.07632,215.10,0.42034,6.91473,5.04775,29.27746,36.01519,50.03,0864:34:12,1,02
14:41:27,0.07596,215.00,0.42427,6.94451,5.06949,29.27746,36.01519,50.03,0864:34:13,1,02
14:41:28,0.07621,214.90,0.42245,6.9352,5.0627,29.27746,36.01521,50.03,0864:34:14,1,02
14:41:29,0.07617,215.00,0.42143,6.91845,5.05047,29.27746,36.01521,50.03,0864:34:15,1,02
14:41:30,0.07578,214.90,0.42303,6.90542,5.04096,29.27747,36.01521,50.01,0864:34:16,1,02
14:41:31,0.07571,214.90,0.42251,6.89053,5.03009,29.27747,36.01521,50.01,0864:34:17,1,02
14:41:32,0.07607,214.90,0.42344,6.93893,5.06542,29.27747,36.01522,50.00,0864:34:18,1,02
14:41:33,0.07607,214.90,0.42239,6.91845,5.05047,29.27747,36.01522,50.00,0864:34:19,1,02
14:41:34,0.07625,214.90,0.42237,6.93707,5.06406,29.27747,36.01522,50.01,0864:34:20,1,02
14:41:35,0.07617,215.00,0.42063,6.90542,5.04096,29.27748,36.01522,50.00,0864:34:21,1,02
14:41:36,0.07642,215.10,0.42079,6.93148,5.05998,29.27748,36.01522,50.00,0864:34:22,1,02
14:41:37,0.07625,215.10,0.42152,6.92776,5.05726,29.27748,36.01522,49.99,0864:34:23,1,02
14:41:38,0.07585,215.20,0.4223,6.90915,5.04368,29.27748,36.01522,49.99,0864:34:24,1,02
14:41:39,0.07617,215.20,0.42318,6.95196,5.07493,29.27748,36.01524,50.01,0864:34:25,1,02
14:41:40,0.076,215.30,0.42304,6.93707,5.06406,29.27749,36.01524,50.01,0864:34:26,1,02
14:41:41,0.07574,215.20,0.4239,6.9259,5.05591,29.27749,36.01524,50.00,0864:34:28,1,02
14:41:42,0.07581,215.30,0.42323,6.9259,5.05591,29.27749,36.01524,50.00,0864:34:29,1,02
14:41:43,0.07585,215.30,0.42279,6.92031,5.05183,29.27749,36.01525,50.00,0864:34:30,1,02
14:41:44,0.07664,215.40,0.42306,7.00035,5.11026,29.27749,36.01525,50.00,0864:34:31,1,02
14:41:45,0.07589,215.40,0.42172,6.90915,5.04368,29.2775,36.01525,50.00,0864:34:32,1,02
14:41:46,0.07589,215.60,0.42283,6.9352,5.0627,29.2775,36.01525,50.00,0864:34:33,1,02
14:41:47,0.07603,215.60,0.42037,6.90729,5.04232,29.2775,36.01525,50.00,0864:34:34,1,02
14:41:48,0.076,215.50,0.41973,6.89053,5.03009,29.2775,36.01525,50.00,0864:34:35,1,02
14:41:49,0.07596,215.60,0.42107,6.91101,5.04504,29.2775,36.01525,50.00,0864:34:36,1,02
14:41:50,0.07596,215.60,0.42107,6.91101,5.04504,29.2775,36.01525,50.00,0864:34:36,1,02
14:41:51,0.07581,215.60,0.42227,6.91659,5.04911,29.27751,36.01527,50.00,0864:34:37,1,02
14:41:52,0.07621,215.20,0.42356,6.96126,5.08172,29.27751,36.01527,50.00,0864:34:38,1,02
14:41:53,0.07574,215.40,0.42317,6.92031,5.05183,29.27751,36.01527,50.00,0864:34:39,1,02
14:41:54,0.0756,215.50,0.42387,6.92218,5.05319,29.27751,36.01527,50.00,0864:34:40,1,02
14:41:55,0.07542,215.60,0.42369,6.90356,5.0396,29.27752,36.01527,49.99,0864:34:41,1,02
14:41:56,0.07567,215.60,0.42306,6.91845,5.05047,29.27752,36.01527,49.99,0864:34:42,1,02
14:41:57,0.07581,215.60,0.42034,6.88495,5.02601,29.27752,36.01527,50.00,0864:34:43,1,02
14:41:58,0.07621,215.60,0.422,6.94823,5.07221,29.27752,36.01529,50.00,0864:34:44,1,02
14:41:59,0.07581,215.70,0.42187,6.91473,5.04775,29.27752,36.01529,50.00,0864:34:45,1,02
14:42:00,0.07557,215.70,0.42318,6.91101,5.04504,29.27753,36.01529,50.00,0864:34:46,1,02
14:42:01,0.07553,215.70,0.42305,6.90729,5.04232,29.27753,36.01529,50.01,0864:34:48,1,02
14:42:02,0.07635,215.70,0.4206,6.94079,5.06678,29.27753,36.0153,50.01,0864:34:49,1,02
14:42:03,0.07571,215.60,0.42253,6.91287,5.04639,29.27753,36.0153,50.01,0864:34:50,1,02
14:42:04,0.07557,215.60,0.42352,6.91659,5.04911,29.27753,36.0153,50.01,0864:34:51,1,02
14:42:05,0.07603,215.70,0.42424,6.97243,5.08987,29.27754,36.0153,50.01,0864:34:52,1,02
14:42:06,0.07581,215.50,0.42182,6.90915,5.04368,29.27754,36.0153,50.01,0864:34:53,1,02
14:42:07,0.07592,215.50,0.42098,6.9017,5.03824,29.27754,36.0153,50.03,0864:34:54,1,02
14:42:08,0.07574,215.60,0.42152,6.89798,5.03552,29.27754,36.0153,50.03,0864:34:55,1,02
14:42:09,0.0756,215.50,0.42259,6.89984,5.03688,29.27754,36.01532,50.03,0864:34:56,1,02
14:42:10,0.07557,215.50,0.42336,6.90915,5.04368,29.27755,36.01532,50.03,0864:34:57,1,02
14:42:11,0.07621,215.30,0.42416,6.97429,5.09123,29.27755,36.01532,50.03,0864:34:58,1,02
14:42:12,0.07671,215.20,0.41834,6.92218,5.05319,29.27755,36.01532,50.03,0864:34:59,1,02
14:42:13,0.07549,215.20,0.42341,6.89426,5.03281,29.27755,36.01532,50.01,0864:35:00,1,02
14:42:14,0.07574,215.10,0.42385,6.92031,5.05183,29.27755,36.01532,50.01,0864:35:01,1,02
14:42:15,0.07574,215.10,0.42385,6.92031,5.05183,29.27755,36.01532,50.01,0864:35:01,1,02
14:42:16,0.07567,215.10,0.42355,6.90915,5.04368,29.27756,36.01532,50.01,0864:35:02,1,02
14:42:17,0.07592,214.90,0.42114,6.88867,5.02873,29.27756,36.01532,50.01,0864:35:03,1,02
14:42:18,0.07614,215.00,0.42342,6.94637,5.07085,29.27756,36.01534,50.01,0864:35:04,1,02
14:42:19,0.076,214.80,0.42266,6.91659,5.04911,29.27756,36.01534,50.00,0864:35:05,1,02
14:42:20,0.07592,214.70,0.42263,6.90356,5.0396,29.27756,36.01534,50.00,0864:35:06,1,02
14:42:21,0.07592,214.50,0.42258,6.89798,5.03552,29.27757,36.01535,50.00,0864:35:08,1,02
14:42:22,0.07646,214.60,0.42167,6.93334,5.06134,29.27757,36.01535,50.00,0864:35:09,1,02
14:42:23,0.07607,214.60,0.42218,6.90729,5.04232,29.27757,36.01535,50.01,0864:35:10,1,02
14:42:24,0.07632,214.60,0.42392,6.9594,5.08036,29.27757,36.01535,50.01,0864:35:11,1,02
14:42:25,0.0761,214.60,0.42246,6.91659,5.04911,29.27757,36.01535,50.00,0864:35:12,1,02
14:42:26,0.07625,214.60,0.42089,6.9017,5.03824,29.27758,36.01535,50.00,0864:35:13,1,02
14:42:27,0.07614,214.70,0.42174,6.91101,5.04504,29.27758,36.01535,50.00,0864:35:14,1,02
14:42:28,0.07596,214.90,0.42309,6.92218,5.05319,29.27758,36.01535,50.00,0864:35:15,1,02
14:42:29,0.07617,215.00,0.4222,6.92962,5.05862,29.27758,36.01537,50.00,0864:35:16,1,02
14:42:30,0.07625,215.00,0.42375,6.96126,5.08172,29.27758,36.01537,50.00,0864:35:17,1,02
14:42:31,0.07585,214.90,0.42172,6.88867,5.02873,29.27759,36.01537,49.98,0864:35:18,1,02
14:42:32,0.07607,214.90,0.42229,6.91845,5.05047,29.27759,36.01538,49.98,0864:35:19,1,02
14:42:33,0.07567,214.90,0.42441,6.91845,5.05047,29.27759,36.01538,50.00,0864:35:20,1,02
14:42:34,0.07567,215.10,0.42344,6.90729,5.04232,29.27759,36.01538,50.00,0864:35:21,1,02
14:42:35,0.07607,215.00,0.42189,6.91659,5.04911,29.27759,36.01538,49.98,0864:35:22,1,02
14:42:36,0.07589,215.10,0.42332,6.9259,5.05591,29.2776,36.01538,49.99,0864:35:23,1,02
14:42:37,0.07625,214.90,0.42282,6.94451,5.06949,29.2776,36.01538,49.99,0864:35:24,1,02
14:42:38,0.07614,214.90,0.42113,6.90729,5.04232,29.2776,36.01538,49.98,0864:35:25,1,02
14:42:39,0.07614,214.90,0.42113,6.90729,5.04232,29.2776,36.0154,49.98,0864:35:26,1,02
14:42:40,0.07614,214.90,0.42113,6.90729,5.04232,29.2776,36.0154,49.98,0864:35:26,1,02
14:42:41,0.07635,214.90,0.42008,6.90729,5.04232,29.2776,36.0154,49.99,0864:35:27,1,02
14:42:42,0.07607,215.10,0.42157,6.91287,5.04639,29.27761,36.0154,49.99,0864:35:28,1,02
14:42:43,0.0761,215.00,0.42124,6.90915,5.04368,29.27761,36.0154,49.99,0864:35:30,1,02
14:42:44,0.07656,215.10,0.4206,6.94079,5.06678,29.27761,36.0154,49.99,0864:35:31,1,02
14:42:45,0.07592,215.00,0.42139,6.89426,5.03281,29.27761,36.0154,49.98,0864:35:32,1,02
14:42:46,0.07625,215.00,0.41933,6.88867,5.02873,29.27761,36.0154,49.98,0864:35:33,1,02
14:42:47,0.0761,214.90,0.42187,6.91473,5.04775,29.27762,36.0154,49.98,0864:35:34,1,02
14:42:48,0.07614,214.90,0.42189,6.91659,5.04911,29.27762,36.01542,49.98,0864:35:35,1,02
14:42:49,0.07646,214.80,0.42198,6.94637,5.07085,29.27762,36.01542,49.99,0864:35:36,1,02
14:42:50,0.07596,214.80,0.42205,6.90356,5.0396,29.27762,36.01542,49.99,0864:35:37,1,02
14:42:51,0.07621,214.80,0.42115,6.90915,5.04368,29.27762,36.01543,49.98,0864:35:38,1,02
14:42:52,0.07596,214.70,0.4221,6.89798,5.03552,29.27763,36.01543,49.98,0864:35:39,1,02
14:42:53,0.07592,214.80,0.42164,6.89053,5.03009,29.27763,36.01543,49.99,0864:35:40,1,02
14:42:54,0.0761,214.70,0.42125,6.89984,5.03688,29.27763,36.01543,49.99,0864:35:41,1,02
14:42:55,0.07625,214.70,0.42151,6.91659,5.04911,29.27763,36.01543,49.99,0864:35:42,1,02
14:42:56,0.07656,214.60,0.41987,6.91473,5.04775,29.27763,36.01543,49.98,0864:35:43,1,02
14:42:57,0.07632,214.40,0.42066,6.89798,5.03552,29.27764,36.01543,49.98,0864:35:44,1,02
14:42:58,0.07632,214.40,0.42054,6.89612,5.03417,29.27764,36.01543,50.00,0864:35:45,1,02
14:42:59,0.07642,214.40,0.41954,6.89053,5.03009,29.27764,36.01545,50.00,0864:35:46,1,02
14:43:00,0.07653,214.40,0.41921,6.89612,5.03417,29.27764,36.01545,49.98,0864:35:47,1,02
14:43:01,0.07621,214.40,0.42191,6.90915,5.04368,29.27764,36.01545,49.98,0864:35:48,1,02
14:43:02,0.07642,214.50,0.4225,6.94079,5.06678,29.27765,36.01546,49.99,0864:35:50,1,02
14:43:03,0.07617,214.40,0.42156,6.9017,5.03824,29.27765,36.01546,49.99,0864:35:51,1,02
14:43:04,0.07617,214.40,0.42121,6.89612,5.03417,29.27765,36.01546,49.98,0864:35:52,1,02
14:43:05,0.07628,214.40,0.42062,6.89426,5.03281,29.27765,36.01546,49.98,0864:35:53,1,02
14:43:06,0.07628,214.40,0.42062,6.89426,5.03281,29.27765,36.01546,49.98,0864:35:53,1,02
14:43:07,0.07614,214.40,0.42183,6.89984,5.03688,29.27765,36.01546,49.98,0864:35:54,1,02
14:43:08,0.07656,214.40,0.42149,6.9352,5.0627,29.27766,36.01546,49.98,0864:35:55,1,02
14:43:10,0.07635,214.40,0.42128,6.91287,5.04639,29.27766,36.01546,49.98,0864:35:56,1,02
14:43:11,0.07639,214.50,0.42078,6.91101,5.04504,29.27766,36.01548,49.98,0864:35:57,1,02
14:43:12,0.07639,214.70,0.4204,6.91101,5.04504,29.27766,36.01548,49.95,0864:35:58,1,02
14:43:13,0.07614,214.80,0.42278,6.92962,5.05862,29.27766,36.01548,49.95,0864:35:59,1,02
14:43:14,0.07628,214.80,0.42247,6.93707,5.06406,29.27767,36.01548,49.96,0864:36:00,1,02
14:43:15,0.07667,214.70,0.42114,6.94823,5.07221,29.27767,36.01548,49.96,0864:36:01,1,02
14:43:16,0.07617,214.80,0.42066,6.89798,5.03552,29.27767,36.01548,49.96,0864:36:02,1,02
14:43:17,0.07625,214.80,0.42107,6.91101,5.04504,29.27767,36.01548,49.96,0864:36:03,1,02
14:43:18,0.07625,214.90,0.42088,6.91101,5.04504,29.27767,36.01548,49.98,0864:36:04,1,02
14:43:19,0.07628,214.90,0.42103,6.91659,5.04911,29.27768,36.0155,49.96,0864:36:05,1,02
14:43:20,0.07681,214.80,0.4201,6.94823,5.07221,29.27768,36.0155,49.96,0864:36:06,1,02
14:43:21,0.07639,214.80,0.42008,6.90729,5.04232,29.27768,36.0155,49.96,0864:36:07,1,02
14:43:22,0.07639,214.80,0.41997,6.90542,5.04096,29.27768,36.01551,49.96,0864:36:08,1,02
14:43:23,0.07621,214.80,0.41956,6.88309,5.02465,29.27768,36.01551,49.98,0864:36:09,1,02
14:43:24,0.07617,214.80,0.41862,6.86448,5.01107,29.27769,36.01551,49.98,0864:36:11,1,02
14:43:25,0.07664,214.70,0.41851,6.9017,5.03824,29.27769,36.01551,49.98,0864:36:12,1,02
14:43:26,0.0766,214.80,0.41951,6.91659,5.04911,29.27769,36.01551,49.98,0864:36:13,1,02
14:43:27,0.0766,214.90,0.41887,6.90915,5.04368,29.27769,36.01551,49.98,0864:36:14,1,02
14:43:28,0.07688,214.80,0.41848,6.92776,5.05726,29.27769,36.01551,49.98,0864:36:15,1,02
14:43:29,0.0766,214.80,0.41951,6.91659,5.04911,29.2777,36.01553,49.98,0864:36:16,1,02
14:43:30,0.07681,214.80,0.41852,6.92218,5.05319,29.2777,36.01553,49.98,0864:36:17,1,02
14:43:31,0.07632,214.80,0.42037,6.90729,5.04232,29.2777,36.01553,49.98,0864:36:18,1,02
14:43:32,0.07632,214.80,0.42037,6.90729,5.04232,29.2777,36.01553,49.98,0864:36:18,1,02
14:43:33,0.07628,214.80,0.42133,6.91845,5.05047,29.2777,36.01553,49.98,0864:36:19,1,02
14:43:34,0.07692,214.70,0.41848,6.92776,5.05726,29.2777,36.01554,49.98,0864:36:20,1,02
14:43:35,0.07642,214.80,0.41936,6.9017,5.03824,29.27771,36.01554,49.98,0864:36:21,1,02
14:43:36,0.07621,214.90,0.4196,6.88681,5.02737,29.27771,36.01554,49.96,0864:36:22,1,02
14:43:37,0.07625,215.00,0.42146,6.92218,5.05319,29.27771,36.01554,49.96,0864:36:23,1,02
14:43:38,0.07607,214.90,0.42115,6.89984,5.03688,29.27771,36.01554,49.99,0864:36:24,1,02
14:43:39,0.076,214.90,0.42243,6.91287,5.04639,29.27771,36.01554,49.96,0864:36:25,1,02
14:43:40,0.07667,214.90,0.42031,6.94079,5.06678,29.27772,36.01554,49.96,0864:36:26,1,02
14:43:41,0.07678,214.90,0.42076,6.95754,5.079,29.27772,36.01556,49.98,0864:36:27,1,02
14:43:42,0.07671,214.80,0.41928,6.92218,5.05319,29.27772,36.01556,49.98,0864:36:28,1,02
14:43:43,0.07628,214.70,0.42166,6.92218,5.05319,29.27772,36.01556,49.96,0864:36:29,1,02
14:43:44,0.0761,214.70,0.42214,6.91287,5.04639,29.27772,36.01556,49.96,0864:36:30,1,02
14:43:45,0.0766,214.70,0.4215,6.94637,5.07085,29.27773,36.01556,49.98,0864:36:32,1,02
14:43:46,0.076,214.70,0.42363,6.92776,5.05726,29.27773,36.01556,49.98,0864:36:33,1,02
14:43:47,0.07589,214.60,0.42201,6.88867,5.02873,29.27773,36.01556,49.98,0864:36:34,1,02
14:43:48,0.07549,214.80,0.4219,6.85703,5.00563,29.27773,36.01558,49.98,0864:36:35,1,02
14:43:49,0.07632,214.60,0.42336,6.9501,5.07357,29.27773,36.01558,49.98,0864:36:36,1,02
14:43:50,0.07625,214.70,0.4224,6.92962,5.05862,29.27774,36.01558,49.98,0864:36:37,1,02
14:43:51,0.07621,214.70,0.42281,6.93334,5.06134,29.27774,36.01558,49.98,0864:36:38,1,02
14:43:52,0.07603,214.60,0.4249,6.9501,5.07357,29.27774,36.01559,49.98,0864:36:39,1,02
14:43:53,0.076,214.70,0.42397,6.93334,5.06134,29.27774,36.01559,49.98,0864:36:40,1,02
14:43:54,0.07592,214.90,0.42236,6.90542,5.04096,29.27774,36.01559,49.98,0864:36:41,1,02
14:43:55,0.0756,214.90,0.42375,6.89984,5.03688,29.27775,36.01559,49.96,0864:36:42,1,02
14:43:56,0.07596,214.90,0.42357,6.93148,5.05998,29.27775,36.01559,49.96,0864:36:43,1,02
14:43:57,0.07596,215.00,0.42188,6.90542,5.04096,29.27775,36.01559,49.98,0864:36:44,1,02
14:43:58,0.07596,215.00,0.42188,6.90542,5.04096,29.27775,36.01559,49.98,0864:36:44,1,02
14:43:59,0.07621,215.10,0.42273,6.94451,5.06949,29.27775,36.01559,49.98,0864:36:45,1,02
14:44:00,0.0761,215.20,0.42343,6.94823,5.07221,29.27776,36.01561,49.98,0864:36:46,1,02
14:44:01,0.07596,215.10,0.42227,6.91659,5.04911,29.27776,36.01561,49.96,0864:36:47,1,02
14:44:02,0.07571,215.00,0.42288,6.89984,5.03688,29.27776,36.01561,49.96,0864:36:48,1,02
14:44:03,0.07585,214.90,0.42278,6.90915,5.04368,29.27776,36.01561,49.96,0864:36:49,1,02
14:44:04,0.07628,215.00,0.42163,6.92962,5.05862,29.27776,36.01561,49.96,0864:36:50,1,02
14:44:05,0.07571,214.90,0.42148,6.87378,5.01786,29.27777,36.01561,49.96,0864:36:51,1,02
14:44:06,0.07585,215.00,0.42278,6.90915,5.04368,29.27777,36.01561,49.96,0864:36:53,1,02
14:44:07,0.07567,215.00,0.42352,6.90542,5.04096,29.27777,36.01561,49.98,0864:36:54,1,02
14:44:08,0.07567,215.00,0.4226,6.89053,5.03009,29.27777,36.01562,49.98,0864:36:55,1,02
14:44:09,0.0761,214.90,0.4213,6.90542,5.04096,29.27777,36.01562,49.98,0864:36:56,1,02
14:44:10,0.07607,214.90,0.42331,6.9352,5.0627,29.27778,36.01562,49.98,0864:36:57,1,02
14:44:11,0.07574,214.80,0.4241,6.91659,5.04911,29.27778,36.01564,49.98,0864:36:58,1,02
14:44:12,0.07574,214.90,0.42389,6.91473,5.04775,29.27778,36.01564,49.98,0864:36:59,1,02
14:44:13,0.07574,214.90,0.42378,6.91287,5.04639,29.27778,36.01564,49.99,0864:37:00,1,02
14:44:14,0.0761,214.90,0.422,6.91845,5.05047,29.27778,36.01564,49.99,0864:37:01,1,02
14:44:15,0.07681,214.90,0.42272,6.99477,5.10618,29.27779,36.01564,50.00,0864:37:02,1,02
14:44:16,0.07592,214.90,0.42272,6.91287,5.04639,29.27779,36.01564,50.00,0864:37:03,1,02
14:44:17,0.07585,214.90,0.4216,6.88681,5.02737,29.27779,36.01564,49.99,0864:37:04,1,02
14:44:18,0.07607,214.90,0.42184,6.91101,5.04504,29.27779,36.01564,49.99,0864:37:05,1,02
14:44:19,0.07635,214.90,0.42146,6.93148,5.05998,29.27779,36.01566,50.00,0864:37:06,1,02
14:44:20,0.07585,214.90,0.42288,6.90915,5.04368,29.2778,36.01566,50.00,0864:37:07,1,02
14:44:21,0.07603,214.80,0.42131,6.89612,5.03417,29.2778,36.01566,49.99,0864:37:08,1,02
14:44:22,0.07592,214.80,0.4221,6.89798,5.03552,29.2778,36.01567,50.01,0864:37:09,1,02
14:44:23,0.07592,214.80,0.4221,6.89798,5.03552,29.2778,36.01567,50.01,0864:37:09,1,02
14:44:24,0.07625,214.70,0.42058,6.89984,5.03688,29.2778,36.01567,50.01,0864:37:10,1,02
14:44:25,0.076,214.70,0.42228,6.90729,5.04232,29.2778,36.01567,50.01,0864:37:11,1,02
14:44:26,0.07628,214.70,0.42062,6.90356,5.0396,29.27781,36.01567,50.01,0864:37:12,1,02
14:44:27,0.07617,214.80,0.42213,6.92218,5.05319,29.27781,36.01567,50.03,0864:37:14,1,02
14:44:28,0.07635,214.70,0.42477,6.97801,5.09395,29.27781,36.01567,50.03,0864:37:15,1,02
14:44:29,0.07603,214.70,0.42296,6.91845,5.05047,29.27781,36.01567,50.03,0864:37:16,1,02
14:44:30,0.07574,214.70,0.42392,6.90729,5.04232,29.27781,36.01569,50.03,0864:37:17,1,02
14:44:31,0.07571,214.80,0.42371,6.90542,5.04096,29.27782,36.01569,50.03,0864:37:18,1,02
14:44:32,0.07546,214.60,0.42546,6.90542,5.04096,29.27782,36.01569,50.03,0864:37:19,1,02
14:44:33,0.07538,214.60,0.42732,6.92776,5.05726,29.27782,36.01569,50.03,0864:37:20,1,02
14:44:34,0.07488,214.60,0.4288,6.90542,5.04096,29.27782,36.01569,50.03,0864:37:21,1,02
14:44:35,0.07459,214.60,0.43026,6.9017,5.03824,29.27782,36.01569,50.03,0864:37:22,1,02
14:44:36,0.07492,214.60,0.4286,6.90542,5.04096,29.27783,36.01569,50.03,0864:37:23,1,02
14:44:37,0.07509,214.70,0.42707,6.89984,5.03688,29.27783,36.01569,50.03,0864:37:24,1,02
14:44:38,0.07553,214.70,0.42785,6.95382,5.07629,29.27783,36.01571,50.03,0864:37:25,1,02
14:44:39,0.07542,214.70,0.4267,6.92404,5.05455,29.27783,36.01571,50.03,0864:37:26,1,02
14:44:40,0.0756,214.80,0.42806,6.96685,5.0858,29.27783,36.01571,50.03,0864:37:27,1,02
14:44:41,0.07538,214.80,0.4267,6.92404,5.05455,29.27784,36.01571,50.03,0864:37:28,1,02
14:44:42,0.07506,214.70,0.42671,6.8924,5.03145,29.27784,36.01572,50.01,0864:37:29,1,02
14:44:43,0.07538,214.70,0.426,6.91101,5.04504,29.27784,36.01572,50.01,0864:37:30,1,02
14:44:44,0.0752,214.70,0.42719,6.91287,5.04639,29.27784,36.01572,50.01,0864:37:31,1,02
14:44:45,0.07506,214.70,0.42716,6.89798,5.03552,29.27784,36.01572,50.01,0864:37:32,1,02
14:44:46,0.07509,214.60,0.42831,6.91659,5.04911,29.27785,36.01572,50.01,0864:37:33,1,02
14:44:47,0.07509,214.60,0.42831,6.91659,5.04911,29.27785,36.01572,50.01,0864:37:33,1,02
14:44:48,0.07546,214.60,0.42613,6.91473,5.04775,29.27785,36.01572,50.01,0864:37:35,1,02
14:44:49,0.07564,214.60,0.42654,6.93893,5.06542,29.27785,36.01572,50.01,0864:37:36,1,02
14:44:50,0.07546,214.60,0.42752,6.93893,5.06542,29.27785,36.01574,50.01,0864:37:37,1,02
14:44:51,0.07517,214.60,0.42712,6.90542,5.04096,29.27785,36.01574,50.01,0864:37:38,1,02
14:44:52,0.07531,214.80,0.42698,6.92218,5.05319,29.27786,36.01574,50.01,0864:37:39,1,02
14:44:53,0.07553,214.70,0.42627,6.92962,5.05862,29.27786,36.01574,50.00,0864:37:40,1,02
14:44:54,0.07542,214.80,0.42618,6.92031,5.05183,29.27786,36.01575,50.00,0864:37:41,1,02
14:44:55,0.07509,215.00,0.4265,6.9017,5.03824,29.27786,36.01575,50.01,0864:37:42,1,02
14:44:56,0.07528,215.00,0.42518,6.89612,5.03417,29.27786,36.01575,50.01,0864:37:43,1,02
14:44:57,0.07524,214.90,0.42524,6.8924,5.03145,29.27787,36.01575,50.00,0864:37:44,1,02
14:44:58,0.07571,215.00,0.42435,6.92218,5.05319,29.27787,36.01575,50.00,0864:37:45,1,02
14:44:59,0.07531,215.00,0.42638,6.92031,5.05183,29.27787,36.01575,50.00,0864:37:46,1,02
14:45:00,0.07528,215.00,0.42552,6.9017,5.03824,29.27787,36.01575,50.00,0864:37:47,1,02
14:45:01,0.07509,214.90,0.42533,6.88123,5.0233,29.27787,36.01577,50.00,0864:37:48,1,02
14:45:02,0.07542,215.00,0.42577,6.91845,5.05047,29.27788,36.01577,50.00,0864:37:49,1,02
14:45:03,0.07538,214.80,0.42615,6.91659,5.04911,29.27788,36.01577,50.00,0864:37:50,1,02
14:45:04,0.07535,214.80,0.42587,6.90729,5.04232,29.27788,36.01577,49.99,0864:37:51,1,02
14:45:05,0.07535,214.70,0.42744,6.92962,5.05862,29.27788,36.01577,49.99,0864:37:52,1,02
14:45:06,0.07509,214.70,0.42788,6.91287,5.04639,29.27788,36.01577,49.98,0864:37:53,1,02
14:45:08,0.07564,214.60,0.42485,6.91287,5.04639,29.27789,36.01577,49.98,0864:37:54,1,02
14:45:09,0.07506,214.60,0.42783,6.90729,5.04232,29.27789,36.01579,49.98,0864:37:56,1,02
14:45:10,0.07509,214.60,0.42716,6.89798,5.03552,29.27789,36.01579,49.98,0864:37:57,1,02
14:45:11,0.07553,214.60,0.42874,6.96499,5.08444,29.27789,36.01579,49.98,0864:37:58,1,02
14:45:12,0.07528,214.80,0.42719,6.92404,5.05455,29.27789,36.01579,49.98,0864:37:59,1,02
14:45:13,0.07535,214.70,0.42734,6.92962,5.05862,29.2779,36.0158,49.98,0864:38:00,1,02
14:45:14,0.07535,214.70,0.42734,6.92962,5.05862,29.2779,36.0158,49.98,0864:38:00,1,02
14:45:15,0.0752,214.80,0.42583,6.8924,5.03145,29.2779,36.0158,49.98,0864:38:01,1,02
14:45:16,0.07509,214.70,0.424,6.85331,5.00291,29.2779,36.0158,49.96,0864:38:02,1,02
14:45:17,0.0752,214.80,0.42757,6.92218,5.05319,29.2779,36.0158,49.96,0864:38:03,1,02
14:45:18,0.07557,215.00,0.42637,6.94079,5.06678,29.2779,36.0158,49.96,0864:38:04,1,02
14:45:19,0.0756,214.90,0.42446,6.91287,5.04639,29.27791,36.0158,49.96,0864:38:05,1,02
14:45:20,0.07528,215.00,0.42611,6.91287,5.04639,29.27791,36.0158,49.96,0864:38:06,1,02
14:45:21,0.07506,215.10,0.42614,6.89426,5.03281,29.27791,36.0158,49.96,0864:38:07,1,02
14:45:22,0.07509,215.10,0.42688,6.91101,5.04504,29.27791,36.01582,49.98,0864:38:08,1,02
14:45:23,0.07538,215.10,0.42671,6.9352,5.0627,29.27791,36.01582,49.96,0864:38:09,1,02
14:45:24,0.07517,215.10,0.42604,6.90542,5.04096,29.27792,36.01582,49.96,0864:38:10,1,02
14:45:25,0.07546,215.10,0.42506,6.91473,5.04775,29.27792,36.01583,49.96,0864:38:11,1,02
14:45:26,0.07513,215.00,0.42644,6.90542,5.04096,29.27792,36.01583,49.96,0864:38:12,1,02
14:45:27,0.07509,215.00,0.42694,6.90729,5.04232,29.27792,36.01583,49.96,0864:38:13,1,02
14:45:28,0.0752,214.90,0.42644,6.90542,5.04096,29.27792,36.01583,49.96,0864:38:14,1,02
14:45:29,0.07492,214.90,0.4257,6.8682,5.01378,29.27793,36.01583,49.95,0864:38:16,1,02
14:45:30,0.07524,214.90,0.42708,6.92218,5.05319,29.27793,36.01583,49.95,0864:38:17,1,02
14:45:31,0.07517,214.90,0.42699,6.91287,5.04639,29.27793,36.01583,49.96,0864:38:18,1,02
14:45:32,0.07524,214.90,0.42685,6.91845,5.05047,29.27793,36.01583,49.96,0864:38:19,1,02
14:45:33,0.07484,214.90,0.42761,6.89426,5.03281,29.27793,36.01585,49.95,0864:38:20,1,02
14:45:34,0.07492,215.10,0.42785,6.90915,5.04368,29.27794,36.01585,49.95,0864:38:21,1,02
14:45:35,0.07542,215.10,0.42708,6.94451,5.06949,29.27794,36.01585,49.96,0864:38:22,1,02
14:45:36,0.07492,215.10,0.42821,6.91659,5.04911,29.27794,36.01585,49.96,0864:38:23,1,02
14:45:37,0.07528,215.10,0.42683,6.92776,5.05726,29.27794,36.01585,49.96,0864:38:24,1,02
14:45:38,0.07528,215.10,0.42683,6.92776,5.05726,29.27794,36.01585,49.96,0864:38:24,1,02
14:45:39,0.07535,215.20,0.42453,6.89984,5.03688,29.27794,36.01585,49.96,0864:38:25,1,02
14:45:40,0.07506,215.20,0.42619,6.89984,5.03688,29.27795,36.01585,49.96,0864:38:26,1,02
14:45:41,0.07502,215.10,0.42612,6.8924,5.03145,29.27795,36.01587,49.96,0864:38:27,1,02
14:45:42,0.07506,215.00,0.42681,6.90356,5.0396,29.27795,36.01587,49.98,0864:38:28,1,02
14:45:43,0.07578,215.00,0.42533,6.94451,5.06949,29.27795,36.01587,49.98,0864:38:29,1,02
14:45:44,0.07535,215.00,0.42607,6.91845,5.05047,29.27795,36.01587,49.98,0864:38:30,1,02
14:45:45,0.07528,215.00,0.42485,6.8924,5.03145,29.27796,36.01588,49.99,0864:38:31,1,02
14:45:46,0.07524,215.00,0.42537,6.89612,5.03417,29.27796,36.01588,49.99,0864:38:32,1,02
14:45:47,0.07542,215.00,0.42348,6.88123,5.0233,29.27796,36.01588,49.98,0864:38:33,1,02
14:45:48,0.07499,214.90,0.42683,6.89426,5.03281,29.27796,36.01588,49.98,0864:38:34,1,02
14:45:49,0.07528,214.90,0.42665,6.91845,5.05047,29.27796,36.01588,49.98,0864:38:36,1,02
14:45:50,0.07506,215.00,0.42737,6.91101,5.04504,29.27797,36.01588,49.98,0864:38:37,1,02
14:45:51,0.07488,214.90,0.42672,6.88309,5.02465,29.27797,36.01588,50.00,0864:38:38,1,02
14:45:52,0.07535,215.00,0.42467,6.89426,5.03281,29.27797,36.0159,50.00,0864:38:39,1,02
14:45:53,0.07502,215.00,0.42816,6.92218,5.05319,29.27797,36.0159,49.99,0864:38:40,1,02
14:45:54,0.07488,215.00,0.42907,6.92404,5.05455,29.27797,36.0159,49.99,0864:38:41,1,02
14:45:55,0.07499,215.10,0.42816,6.92218,5.05319,29.27798,36.0159,50.01,0864:38:42,1,02
14:45:56,0.07499,215.00,0.42847,6.92404,5.05455,29.27798,36.01591,50.01,0864:38:43,1,02
14:45:57,0.07538,215.00,0.42585,6.91659,5.04911,29.27798,36.01591,50.03,0864:38:44,1,02
14:45:58,0.07484,215.10,0.42755,6.89798,5.03552,29.27798,36.01591,50.03,0864:38:45,1,02
14:45:59,0.07506,215.10,0.42637,6.89798,5.03552,29.27798,36.01591,50.01,0864:38:46,1,02
14:46:00,0.07495,215.10,0.42686,6.89798,5.03552,29.27799,36.01591,50.01,0864:38:47,1,02
14:46:01,0.0748,215.10,0.42729,6.89053,5.03009,29.27799,36.01591,50.03,0864:38:48,1,02
14:46:02,0.07495,215.10,0.42776,6.91101,5.04504,29.27799,36.01591,50.03,0864:38:49,1,02
14:46:03,0.07524,215.00,0.428,6.93707,5.06406,29.27799,36.01593,50.03,0864:38:50,1,02
14:46:04,0.07524,215.00,0.428,6.93707,5.06406,29.27799,36.01593,50.03,0864:38:50,1,02
14:46:05,0.07473,214.90,0.42808,6.89053,5.03009,29.27799,36.01593,50.03,0864:38:51,1,02
14:46:06,0.0748,215.00,0.4277,6.8924,5.03145,29.278,36.01593,50.03,0864:38:52,1,02
14:46:07,0.07455,214.90,0.42872,6.88495,5.02601,29.278,36.01593,50.03,0864:38:53,1,02
14:46:08,0.07466,215.00,0.42988,6.91473,5.04775,29.278,36.01593,50.03,0864:38:54,1,02
14:46:09,0.07499,215.00,0.42857,6.92404,5.05455,29.278,36.01593,50.01,0864:38:56,1,02
14:46:10,0.07473,215.10,0.42836,6.89984,5.03688,29.27801,36.01593,50.01,0864:38:57,1,02
14:46:11,0.07499,215.10,0.42734,6.90729,5.04232,29.27801,36.01593,50.03,0864:38:58,1,02
14:46:12,0.07509,214.90,0.42786,6.92218,5.05319,29.27801,36.01595,50.03,0864:38:59,1,02
14:46:13,0.07462,214.90,0.42832,6.88495,5.02601,29.27801,36.01595,50.03,0864:39:00,1,02
14:46:14,0.07542,214.90,0.42734,6.94079,5.06678,29.27801,36.01595,50.03,0864:39:01,1,02
14:46:15,0.07524,214.90,0.42752,6.92776,5.05726,29.27802,36.01596,50.01,0864:39:02,1,02
14:46:16,0.07535,214.90,0.42556,6.90542,5.04096,29.27802,36.01596,50.01,0864:39:03,1,02
14:46:17,0.0752,215.00,0.42616,6.90729,5.04232,29.27802,36.01596,50.03,0864:39:04,1,02
14:46:18,0.07477,215.10,0.42691,6.88123,5.0233,29.27802,36.01596,50.03,0864:39:05,1,02
14:46:19,0.07506,215.00,0.42739,6.91287,5.04639,29.27802,36.01596,50.01,0864:39:06,1,02
14:46:20,0.07495,215.00,0.42704,6.89612,5.03417,29.27803,36.01596,50.01,0864:39:07,1,02
14:46:21,0.07567,215.00,0.425,6.92962,5.05862,29.27803,36.01596,50.01,0864:39:08,1,02
14:46:22,0.07477,215.00,0.42641,6.87006,5.01514,29.27803,36.01596,50.01,0864:39:09,1,02
14:46:23,0.07517,215.00,0.42634,6.90542,5.04096,29.27803,36.01598,50.00,0864:39:10,1,02
14:46:24,0.07484,215.10,0.42757,6.89984,5.03688,29.27803,36.01598,50.00,0864:39:11,1,02
14:46:25,0.07574,215.10,0.42408,6.92404,5.05455,29.27804,36.01598,50.00,0864:39:12,1,02
14:46:26,0.0752,215.10,0.42604,6.90542,5.04096,29.27804,36.01598,50.01,0864:39:13,1,02
14:46:27,0.07513,215.00,0.42516,6.88309,5.02465,29.27804,36.01598,50.01,0864:39:14,1,02
14:46:28,0.07513,215.00,0.42516,6.88309,5.02465,29.27804,36.01598,50.01,0864:39:14,1,02
14:46:29,0.07531,215.00,0.42602,6.91287,5.04639,29.27804,36.01598,49.99,0864:39:15,1,02
14:46:30,0.07535,215.00,0.42513,6.9017,5.03824,29.27804,36.01598,49.99,0864:39:17,1,02
14:46:31,0.07581,215.20,0.42296,6.91845,5.05047,29.27805,36.016,50.00,0864:39:18,1,02
14:46:32,0.07535,215.30,0.42523,6.91287,5.04639,29.27805,36.016,50.00,0864:39:19,1,02
14:46:33,0.07581,215.30,0.42526,6.95754,5.079,29.27805,36.016,49.98,0864:39:20,1,02
14:46:34,0.07531,215.20,0.4253,6.90915,5.04368,29.27805,36.016,49.98,0864:39:21,1,02
14:46:35,0.07542,215.30,0.42408,6.90356,5.0396,29.27805,36.01601,49.98,0864:39:22,1,02
14:46:36,0.07531,215.40,0.42249,6.8682,5.01378,29.27806,36.01601,49.98,0864:39:23,1,02
14:46:37,0.07502,215.60,0.42547,6.89612,5.03417,29.27806,36.01601,49.99,0864:39:24,1,02
14:46:38,0.07557,215.50,0.42381,6.91659,5.04911,29.27806,36.01601,49.99,0864:39:25,1,02
14:46:39,0.07528,215.50,0.42434,6.89984,5.03688,29.27806,36.01601,49.98,0864:39:26,1,02
14:46:40,0.07502,215.60,0.42537,6.89612,5.03417,29.27806,36.01601,49.98,0864:39:27,1,02
14:46:41,0.07542,215.60,0.42245,6.88495,5.02601,29.27807,36.01601,49.98,0864:39:28,1,02
14:46:42,0.07524,215.60,0.42399,6.89426,5.03281,29.27807,36.01603,49.98,0864:39:29,1,02
14:46:43,0.07495,215.60,0.42496,6.88309,5.02465,29.27807,36.01603,49.98,0864:39:30,1,02
14:46:44,0.07567,215.60,0.42568,6.96126,5.08172,29.27807,36.01603,49.98,0864:39:31,1,02
14:46:45,0.07607,215.60,0.42527,6.99104,5.10346,29.27807,36.01603,49.98,0864:39:32,1,02
14:46:46,0.07538,215.70,0.42369,6.90356,5.0396,29.27808,36.01604,49.98,0864:39:33,1,02
14:46:47,0.07517,215.70,0.4253,6.90915,5.04368,29.27808,36.01604,49.98,0864:39:34,1,02
14:46:48,0.0752,215.50,0.42495,6.90356,5.0396,29.27808,36.01604,49.98,0864:39:35,1,02
14:46:49,0.07567,215.50,0.42507,6.94823,5.07221,29.27808,36.01604,49.98,0864:39:36,1,02
14:46:50,0.07557,215.50,0.42313,6.90542,5.04096,29.27808,36.01604,49.99,0864:39:38,1,02
14:46:51,0.07517,215.40,0.42624,6.91659,5.04911,29.27809,36.01604,49.99,0864:39:39,1,02
14:46:52,0.0752,215.20,0.42633,6.91473,5.04775,29.27809,36.01604,49.98,0864:39:40,1,02
14:46:53,0.07528,215.10,0.42569,6.90915,5.04368,29.27809,36.01606,49.98,0864:39:41,1,02
14:46:54,0.07528,215.10,0.42569,6.90915,5.04368,29.27809,36.01606,49.98,0864:39:41,1,02
14:46:55,0.07542,215.30,0.42383,6.89798,5.03552,29.27809,36.01606,49.99,0864:39:42,1,02
14:46:56,0.07546,215.50,0.42234,6.88309,5.02465,29.27809,36.01606,49.99,0864:39:43,1,02
14:46:57,0.07549,215.60,0.42378,6.91287,5.04639,29.2781,36.01606,49.98,0864:39:44,1,02
14:46:58,0.07538,215.70,0.42403,6.90915,5.04368,29.2781,36.01606,49.98,0864:39:45,1,02
14:46:59,0.07488,215.80,0.42645,6.90729,5.04232,29.2781,36.01606,49.99,0864:39:46,1,02
14:47:00,0.07506,216.00,0.42531,6.91101,5.04504,29.2781,36.01606,49.99,0864:39:47,1,02
14:47:01,0.07506,215.90,0.42564,6.91473,5.04775,29.2781,36.01606,49.99,0864:39:48,1,02
14:47:03,0.07509,216.00,0.42464,6.9017,5.03824,29.27811,36.01608,49.99,0864:39:49,1,02
14:47:04,0.07535,215.90,0.42477,6.9259,5.05591,29.27811,36.01608,50.00,0864:39:50,1,02
14:47:05,0.07506,215.90,0.42494,6.9017,5.03824,29.27811,36.01608,50.00,0864:39:51,1,02
14:47:06,0.07517,215.90,0.4247,6.90729,5.04232,29.27811,36.01609,50.00,0864:39:52,1,02
14:47:07,0.07495,215.90,0.42506,6.89426,5.03281,29.27811,36.01609,50.01,0864:39:53,1,02
14:47:08,0.07513,216.00,0.42538,6.91845,5.05047,29.27812,36.01609,50.01,0864:39:54,1,02
14:47:09,0.07538,215.90,0.42467,6.9259,5.05591,29.27812,36.01609,50.00,0864:39:55,1,02
14:47:10,0.07553,215.90,0.42436,6.93334,5.06134,29.27812,36.01609,50.00,0864:39:56,1,02
14:47:11,0.07524,215.90,0.42648,6.94265,5.06813,29.27812,36.01609,50.01,0864:39:58,1,02
14:47:12,0.07685,215.90,0.4268,7.09714,5.18091,29.27812,36.01609,50.01,0864:39:59,1,02
14:47:13,0.07585,215.70,0.42533,6.97615,5.09259,29.27813,36.01609,50.01,0864:40:00,1,02
14:47:14,0.07502,215.70,0.42451,6.88681,5.02737,29.27813,36.01611,50.01,0864:40:01,1,02
14:47:15,0.07553,215.80,0.42388,6.92404,5.05455,29.27813,36.01611,50.00,0864:40:02,1,02
14:47:16,0.07484,215.80,0.42562,6.89053,5.03009,29.27813,36.01611,50.00,0864:40:03,1,02
14:47:17,0.07484,215.90,0.42645,6.90729,5.04232,29.27813,36.01612,50.01,0864:40:04,1,02
14:47:18,0.07484,215.90,0.42622,6.90356,5.0396,29.27814,36.01612,50.01,0864:40:05,1,02
14:47:19,0.07484,215.90,0.42622,6.90356,5.0396,29.27814,36.01612,50.01,0864:40:05,1,02
14:47:20,0.07484,215.90,0.42565,6.89426,5.03281,29.27814,36.01612,50.01,0864:40:06,1,02
14:47:21,0.07578,215.90,0.42304,6.93707,5.06406,29.27814,36.01612,50.01,0864:40:07,1,02
14:47:22,0.07488,216.10,0.4261,6.91101,5.04504,29.27814,36.01612,50.01,0864:40:08,1,02
14:47:23,0.07528,216.20,0.42604,6.94823,5.07221,29.27814,36.01612,50.01,0864:40:09,1,02
14:47:24,0.07517,216.10,0.42441,6.90729,5.04232,29.27815,36.01612,50.01,0864:40:10,1,02
14:47:25,0.07492,216.00,0.42505,6.8924,5.03145,29.27815,36.01612,50.01,0864:40:11,1,02
14:47:26,0.07564,215.90,0.42347,6.93148,5.05998,29.27815,36.01614,50.01,0864:40:12,1,02
14:47:27,0.07499,216.00,0.42525,6.90356,5.0396,29.27815,36.01614,50.01,0864:40:13,1,02
14:47:28,0.07492,216.10,0.42682,6.9259,5.05591,29.27815,36.01614,50.01,0864:40:14,1,02
14:47:29,0.07492,216.10,0.42646,6.91845,5.05047,29.27816,36.01614,50.00,0864:40:15,1,02
14:47:30,0.07513,216.00,0.42344,6.88681,5.02737,29.27816,36.01614,50.00,0864:40:16,1,02
14:47:31,0.07535,216.00,0.42446,6.92404,5.05455,29.27816,36.01614,50.01,0864:40:17,1,02
14:47:32,0.07484,216.00,0.42695,6.91845,5.05047,29.27816,36.01614,50.01,0864:40:19,1,02
14:47:33,0.0747,216.10,0.42601,6.89053,5.03009,29.27816,36.01616,50.00,0864:40:20,1,02
14:47:34,0.07495,216.00,0.42556,6.90542,5.04096,29.27817,36.01616,50.00,0864:40:21,1,02
14:47:35,0.07499,216.10,0.4254,6.90915,5.04368,29.27817,36.01616,50.03,0864:40:22,1,02
14:47:36,0.07473,216.20,0.42607,6.89798,5.03552,29.27817,36.01616,50.03,0864:40:23,1,02
14:47:37,0.07549,216.20,0.42548,6.96126,5.08172,29.27817,36.01617,50.03,0864:40:24,1,02
14:47:38,0.07492,216.40,0.42451,6.89798,5.03552,29.27817,36.01617,50.03,0864:40:25,1,02
14:47:39,0.07495,216.40,0.42466,6.90356,5.0396,29.27818,36.01617,50.03,0864:40:26,1,02
14:47:40,0.07488,216.50,0.42541,6.91101,5.04504,29.27818,36.01617,50.03,0864:40:27,1,02
14:47:41,0.07462,216.50,0.42573,6.8924,5.03145,29.27818,36.01617,50.03,0864:40:28,1,02
14:47:42,0.07531,216.40,0.42525,6.94637,5.07085,29.27818,36.01617,50.03,0864:40:29,1,02
14:47:43,0.07513,216.30,0.42596,6.93893,5.06542,29.27818,36.01617,50.03,0864:40:30,1,02
14:47:44,0.07502,216.30,0.42493,6.91101,5.04504,29.27819,36.01619,50.03,0864:40:31,1,02
14:47:45,0.07502,216.30,0.42493,6.91101,5.04504,29.27819,36.01619,50.03,0864:40:31,1,02
14:47:46,0.07506,216.20,0.42388,6.8924,5.03145,29.27819,36.01619,50.04,0864:40:32,1,02
14:47:47,0.07484,216.10,0.4257,6.89984,5.03688,29.27819,36.01619,50.04,0864:40:33,1,02
14:47:48,0.07473,216.10,0.42537,6.88495,5.02601,29.27819,36.01619,50.03,0864:40:34,1,02
14:47:49,0.07466,216.10,0.42576,6.88495,5.02601,29.27819,36.0162,50.03,0864:40:35,1,02
14:47:50,0.07495,216.10,0.42511,6.89984,5.03688,29.2782,36.0162,50.03,0864:40:36,1,02
14:47:51,0.07488,216.00,0.42629,6.91101,5.04504,29.2782,36.0162,50.03,0864:40:37,1,02
14:47:52,0.07473,216.10,0.42719,6.91287,5.04639,29.2782,36.0162,50.03,0864:40:38,1,02
14:47:53,0.07466,216.10,0.42793,6.91845,5.05047,29.2782,36.0162,50.03,0864:40:40,1,02
14:47:54,0.07455,216.10,0.4275,6.90356,5.0396,29.2782,36.0162,50.03,0864:40:41,1,02
14:47:55,0.0747,216.10,0.42855,6.93334,5.06134,29.27821,36.0162,50.03,0864:40:42,1,02
14:47:56,0.07448,216.20,0.42872,6.91845,5.05047,29.27821,36.01622,50.03,0864:40:43,1,02
14:47:57,0.07404,216.20,0.42912,6.88495,5.02601,29.27821,36.01622,50.03,0864:40:44,1,02
14:47:58,0.07426,216.20,0.42955,6.91101,5.04504,29.27821,36.01622,50.03,0864:40:45,1,02
14:47:59,0.07466,216.20,0.42693,6.90542,5.04096,29.27821,36.01622,50.01,0864:40:46,1,02
14:48:00,0.07462,216.10,0.42617,6.88681,5.02737,29.27822,36.01622,50.01,0864:40:47,1,02
14:48:01,0.07441,216.10,0.42723,6.88495,5.02601,29.27822,36.01622,50.01,0864:40:48,1,02
14:48:02,0.07462,216.10,0.42895,6.93334,5.06134,29.27822,36.01622,50.01,0864:40:49,1,02
14:48:03,0.07415,216.10,0.43011,6.90729,5.04232,29.27822,36.01622,50.04,0864:40:50,1,02
14:48:04,0.07462,216.10,0.42689,6.9017,5.03824,29.27822,36.01624,50.04,0864:40:51,1,02
14:48:05,0.07441,216.10,0.42897,6.91287,5.04639,29.27823,36.01624,50.03,0864:40:52,1,02
14:48:06,0.07419,216.10,0.43109,6.92776,5.05726,29.27823,36.01624,50.03,0864:40:53,1,02
14:48:07,0.07419,216.10,0.43003,6.90915,5.04368,29.27823,36.01625,50.03,0864:40:54,1,02
14:48:08,0.07422,216.00,0.4278,6.91473,5.04775,29.27823,36.01625,50.03,0864:40:55,1,02
14:48:09,0.07422,216.00,0.4278,6.91473,5.04775,29.27823,36.01625,50.03,0864:40:55,1,02
14:48:10,0.07448,215.90,0.42725,6.88681,5.02737,29.27823,36.01625,50.03,0864:40:56,1,02
14:48:11,0.07448,215.80,0.42768,6.89053,5.03009,29.27824,36.01625,50.03,0864:40:57,1,02
14:48:12,0.07509,215.80,0.42734,6.94079,5.06678,29.27824,36.01625,50.03,0864:40:58,1,02
14:48:13,0.07477,215.70,0.42744,6.90729,5.04232,29.27824,36.01625,50.01,0864:41:00,1,02
14:48:14,0.07509,215.60,0.42452,6.88867,5.02873,29.27824,36.01625,50.01,0864:41:01,1,02
14:48:15,0.07477,215.60,0.42719,6.9017,5.03824,29.27824,36.01625,50.00,0864:41:02,1,02
14:48:16,0.07564,215.60,0.42449,6.93707,5.06406,29.27825,36.01627,50.00,0864:41:03,1,02
14:48:17,0.07502,215.50,0.42627,6.90915,5.04368,29.27825,36.01627,49.98,0864:41:04,1,02
14:48:18,0.07484,215.70,0.42683,6.90542,5.04096,29.27825,36.01627,49.98,0864:41:05,1,02
14:48:19,0.07509,215.70,0.42444,6.89053,5.03009,29.27825,36.01628,49.99,0864:41:06,1,02
14:48:20,0.07484,215.80,0.42594,6.89426,5.03281,29.27825,36.01628,49.99,0864:41:07,1,02
14:48:21,0.07492,215.90,0.42501,6.88867,5.02873,29.27826,36.01628,49.98,0864:41:08,1,02
14:48:22,0.07484,215.80,0.42596,6.89612,5.03417,29.27826,36.01628,49.98,0864:41:09,1,02
14:48:23,0.07488,215.80,0.42599,6.89984,5.03688,29.27826,36.01628,49.96,0864:41:10,1,02
14:48:24,0.07513,215.90,0.42442,6.89798,5.03552,29.27826,36.01628,49.96,0864:41:11,1,02
14:48:25,0.07502,215.90,0.42559,6.90915,5.04368,29.27827,36.01628,49.95,0864:41:12,1,02
14:48:26,0.07477,216.00,0.4279,6.9259,5.05591,29.27827,36.01628,49.95,0864:41:13,1,02
14:48:27,0.07459,216.10,0.4266,6.89053,5.03009,29.27827,36.0163,49.95,0864:41:14,1,02
14:48:28,0.07524,216.20,0.42647,6.95196,5.07493,29.27827,36.0163,49.96,0864:41:15,1,02
14:48:29,0.07473,216.30,0.42716,6.92031,5.05183,29.27827,36.0163,49.96,0864:41:16,1,02
14:48:30,0.07466,216.30,0.42673,6.90542,5.04096,29.27828,36.0163,49.95,0864:41:17,1,02
14:48:31,0.07531,216.20,0.42302,6.90356,5.0396,29.27828,36.0163,49.95,0864:41:18,1,02
14:48:32,0.07466,216.30,0.42295,6.84586,4.99748,29.27828,36.0163,49.95,0864:41:19,1,02
14:48:33,0.07448,216.40,0.4265,6.89053,5.03009,29.27828,36.0163,49.95,0864:41:21,1,02
14:48:34,0.07448,216.40,0.4265,6.89053,5.03009,29.27828,36.0163,49.95,0864:41:21,1,02
14:48:35,0.07495,216.40,0.42731,6.94823,5.07221,29.27828,36.01632,49.95,0864:41:22,1,02
14:48:36,0.07477,216.40,0.4261,6.91101,5.04504,29.27829,36.01632,49.95,0864:41:23,1,02
14:48:37,0.07448,216.40,0.4266,6.89053,5.03009,29.27829,36.01632,49.95,0864:41:24,1,02
14:48:38,0.07473,216.40,0.42616,6.90729,5.04232,29.27829,36.01632,49.95,0864:41:25,1,02
14:48:39,0.07473,216.50,0.42564,6.90356,5.0396,29.27829,36.01633,49.96,0864:41:26,1,02
14:48:40,0.07477,216.50,0.42621,6.91287,5.04639,29.27829,36.01633,49.96,0864:41:27,1,02
14:48:41,0.07466,216.40,0.42632,6.90356,5.0396,29.2783,36.01633,49.96,0864:41:28,1,02
14:48:42,0.0747,216.30,0.42966,6.95754,5.079,29.2783,36.01633,49.96,0864:41:29,1,02
14:48:43,0.0743,216.20,0.429,6.90542,5.04096,29.2783,36.01633,49.95,0864:41:30,1,02
14:48:44,0.07462,216.10,0.42768,6.91287,5.04639,29.2783,36.01633,49.95,0864:41:31,1,02
14:48:45,0.07426,216.00,0.42743,6.87378,5.01786,29.2783,36.01633,49.95,0864:41:32,1,02
14:48:46,0.07404,216.00,0.42683,6.84028,4.9934,29.27831,36.01635,49.95,0864:41:33,1,02
14:48:47,0.07444,216.10,0.42783,6.89612,5.03417,29.27831,36.01635,49.96,0864:41:34,1,02
14:48:48,0.07492,215.90,0.42732,6.92776,5.05726,29.27831,36.01635,49.95,0864:41:35,1,02
14:48:49,0.07419,216.00,0.43092,6.92031,5.05183,29.27831,36.01635,49.95,0864:41:36,1,02
14:48:50,0.07422,216.00,0.4297,6.90542,5.04096,29.27831,36.01635,49.98,0864:41:37,1,02
14:48:51,0.07415,216.10,0.42851,6.88309,5.02465,29.27832,36.01635,49.98,0864:41:38,1,02
14:48:52,0.07444,216.10,0.42679,6.87937,5.02194,29.27832,36.01635,49.96,0864:41:39,1,02
14:48:53,0.07473,215.90,0.42831,6.92776,5.05726,29.27832,36.01635,49.96,0864:41:41,1,02
14:48:54,0.07455,215.80,0.42865,6.91101,5.04504,29.27832,36.01637,49.96,0864:41:42,1,02
14:48:55,0.07473,215.80,0.42893,6.93148,5.05998,29.27832,36.01637,49.96,0864:41:43,1,02
14:48:56,0.07444,215.80,0.42822,6.89612,5.03417,29.27833,36.01637,49.96,0864:41:44,1,02
14:48:57,0.07488,215.90,0.42659,6.91101,5.04504,29.27833,36.01637,49.96,0864:41:45,1,02
14:48:58,0.07488,215.90,0.42659,6.91101,5.04504,29.27833,36.01637,49.96,0864:41:45,1,02
14:48:59,0.07441,215.90,0.42946,6.91287,5.04639,29.27833,36.01638,49.96,0864:41:46,1,02
14:49:01,0.07437,215.80,0.43001,6.91845,5.05047,29.27833,36.01638,49.96,0864:41:47,1,02
14:49:02,0.07444,215.90,0.42789,6.8924,5.03145,29.27833,36.01638,49.96,0864:41:48,1,02
14:49:03,0.07444,216.00,0.42874,6.90915,5.04368,29.27834,36.01638,49.96,0864:41:49,1,02
14:49:04,0.07444,216.10,0.42623,6.87192,5.0165,29.27834,36.01638,49.98,0864:41:50,1,02
14:49:05,0.07444,216.20,0.42811,6.90542,5.04096,29.27834,36.01638,49.98,0864:41:51,1,02
14:49:06,0.07397,216.10,0.42995,6.88867,5.02873,29.27834,36.01638,49.95,0864:41:52,1,02
14:49:07,0.07408,216.20,0.42983,6.89798,5.03552,29.27834,36.0164,49.95,0864:41:53,1,02
14:49:08,0.07371,216.10,0.43272,6.90729,5.04232,29.27835,36.0164,49.98,0864:41:54,1,02
14:49:09,0.07441,216.10,0.43024,6.93334,5.06134,29.27835,36.0164,49.98,0864:41:55,1,02
14:49:10,0.07382,216.10,0.43283,6.92031,5.05183,29.27835,36.0164,49.96,0864:41:56,1,02
14:49:11,0.07356,216.00,0.43313,6.89612,5.03417,29.27835,36.01641,49.98,0864:41:57,1,02
14:49:12,0.07397,216.00,0.43176,6.91287,5.04639,29.27835,36.01641,49.98,0864:41:58,1,02
14:49:13,0.07433,216.00,0.43212,6.95568,5.07765,29.27836,36.01641,49.96,0864:41:59,1,02
14:49:14,0.0736,216.00,0.43366,6.91101,5.04504,29.27836,36.01641,49.96,0864:42:00,1,02
14:49:15,0.07393,215.90,0.43241,6.91845,5.05047,29.27836,36.01641,49.98,0864:42:02,1,02
14:49:16,0.07397,215.90,0.4315,6.90542,5.04096,29.27836,36.01641,49.98,0864:42:03,1,02
14:49:17,0.07437,215.70,0.42915,6.89984,5.03688,29.27836,36.01641,49.96,0864:42:04,1,02
14:49:18,0.0747,215.90,0.43045,6.95754,5.079,29.27837,36.01643,49.96,0864:42:05,1,02
14:49:19,0.07386,215.70,0.43249,6.90356,5.0396,29.27837,36.01643,49.96,0864:42:06,1,02
14:49:20,0.07382,215.80,0.43004,6.86448,5.01107,29.27837,36.01643,49.96,0864:42:07,1,02
14:49:21,0.07371,215.80,0.42867,6.8347,4.98933,29.27837,36.01643,49.96,0864:42:08,1,02
14:49:22,0.07415,215.80,0.43013,6.89798,5.03552,29.27837,36.01643,49.96,0864:42:09,1,02
14:49:23,0.0743,215.70,0.43092,6.92031,5.05183,29.27838,36.01643,49.96,0864:42:10,1,02
14:49:24,0.074,215.70,0.43135,6.89984,5.03688,29.27838,36.01643,49.96,0864:42:11,1,02
14:49:25,0.074,215.70,0.43135,6.89984,5.03688,29.27838,36.01643,49.96,0864:42:11,1,02
14:49:26,0.07404,215.70,0.43116,6.9017,5.03824,29.27838,36.01643,49.96,0864:42:12,1,02
14:49:27,0.07393,215.90,0.43218,6.91473,5.04775,29.27838,36.01645,49.96,0864:42:13,1,02
14:49:28,0.07404,216.10,0.43035,6.89984,5.03688,29.27838,36.01645,49.98,0864:42:14,1,02
14:49:29,0.07422,216.10,0.43133,6.93334,5.06134,29.27839,36.01645,49.98,0864:42:15,1,02
14:49:30,0.07379,216.10,0.43235,6.91101,5.04504,29.27839,36.01645,49.96,0864:42:16,1,02
14:49:31,0.0736,216.10,0.43334,6.90915,5.04368,29.27839,36.01646,49.96,0864:42:17,1,02
14:49:32,0.07389,216.20,0.43095,6.89984,5.03688,29.27839,36.01646,49.96,0864:42:18,1,02
14:49:33,0.074,216.10,0.42998,6.8924,5.03145,29.27839,36.01646,49.98,0864:42:19,1,02
14:49:34,0.07397,216.10,0.43353,6.94451,5.06949,29.2784,36.01646,49.98,0864:42:20,1,02
14:49:35,0.07367,216.00,0.43336,6.91101,5.04504,29.2784,36.01646,49.98,0864:42:21,1,02
14:49:36,0.07382,215.70,0.4334,6.91659,5.04911,29.2784,36.01646,49.98,0864:42:23,1,02
14:49:37,0.07412,215.70,0.43051,6.89612,5.03417,29.2784,36.01646,49.98,0864:42:24,1,02
14:49:38,0.07419,215.70,0.43058,6.90356,5.0396,29.2784,36.01648,49.98,0864:42:25,1,02
14:49:39,0.07382,215.60,0.43304,6.90915,5.04368,29.27841,36.01648,49.98,0864:42:26,1,02
14:49:40,0.07349,215.60,0.43411,6.8924,5.03145,29.27841,36.01648,49.98,0864:42:27,1,02
14:49:41,0.07341,215.60,0.43336,6.87564,5.01922,29.27841,36.01648,49.99,0864:42:28,1,02
14:49:42,0.07437,215.70,0.43006,6.91287,5.04639,29.27841,36.01649,49.99,0864:42:29,1,02
14:49:43,0.07389,215.80,0.43245,6.91101,5.04504,29.27841,36.01649,49.98,0864:42:30,1,02
14:49:44,0.07382,215.80,0.43135,6.88867,5.02873,29.27842,36.01649,49.98,0864:42:31,1,02
14:49:45,0.07386,215.80,0.43218,6.90356,5.0396,29.27842,36.01649,49.99,0864:42:32,1,02
14:49:46,0.07386,215.80,0.43207,6.9017,5.03824,29.27842,36.01649,49.99,0864:42:33,1,02
14:49:47,0.07419,215.90,0.43066,6.91287,5.04639,29.27842,36.01649,49.98,0864:42:34,1,02
14:49:48,0.07419,215.70,0.43073,6.90915,5.04368,29.27842,36.01649,49.98,0864:42:35,1,02
14:49:49,0.07419,215.70,0.43073,6.90915,5.04368,29.27842,36.01649,49.98,0864:42:35,1,02
14:49:50,0.07441,215.80,0.43024,6.92218,5.05319,29.27843,36.01649,49.98,0864:42:36,1,02
14:49:51,0.07412,215.60,0.43073,6.89798,5.03552,29.27843,36.01651,49.98,0864:42:37,1,02
14:49:52,0.07437,215.70,0.43009,6.91659,5.04911,29.27843,36.01651,49.99,0864:42:38,1,02
14:49:53,0.07393,215.70,0.43095,6.88867,5.02873,29.27843,36.01651,49.98,0864:42:39,1,02
14:49:54,0.07404,215.80,0.43118,6.90356,5.0396,29.27843,36.01651,49.98,0864:42:40,1,02
14:49:55,0.07386,215.50,0.43337,6.91287,5.04639,29.27844,36.01651,49.99,0864:42:41,1,02
14:49:56,0.07408,215.50,0.43136,6.9017,5.03824,29.27844,36.01651,49.99,0864:42:43,1,02
14:49:57,0.0743,215.30,0.42965,6.88867,5.02873,29.27844,36.01651,49.98,0864:42:44,1,02
14:49:58,0.07393,215.30,0.4314,6.88309,5.02465,29.27844,36.01653,49.98,0864:42:45,1,02
14:49:59,0.07389,215.30,0.43231,6.89426,5.03281,29.27844,36.01653,49.99,0864:42:46,1,02
14:50:00,0.07451,215.30,0.43147,6.93707,5.06406,29.27845,36.01653,49.99,0864:42:47,1,02
14:50:01,0.07419,215.30,0.43081,6.89612,5.03417,29.27845,36.01653,49.98,0864:42:48,1,02
14:50:02,0.07441,215.30,0.43077,6.91473,5.04775,29.27845,36.01654,49.98,0864:42:49,1,02
14:50:03,0.07492,215.40,0.43221,6.98918,5.1021,29.27845,36.01654,49.99,0864:42:50,1,02
14:50:04,0.07404,215.40,0.4328,6.91659,5.04911,29.27845,36.01654,49.99,0864:42:51,1,02
14:50:05,0.07415,215.40,0.43256,6.92404,5.05455,29.27846,36.01654,49.98,0864:42:52,1,02
14:50:06,0.07408,215.40,0.431,6.89426,5.03281,29.27846,36.01654,49.98,0864:42:53,1,02
14:50:07,0.07419,215.40,0.43086,6.9017,5.03824,29.27846,36.01654,49.96,0864:42:54,1,02
14:50:08,0.07404,215.40,0.43211,6.90729,5.04232,29.27846,36.01654,49.96,0864:42:55,1,02
14:50:09,0.07404,215.30,0.43127,6.89053,5.03009,29.27846,36.01656,49.96,0864:42:56,1,02
14:50:10,0.07433,215.20,0.43151,6.91845,5.05047,29.27847,36.01656,49.96,0864:42:57,1,02
14:50:11,0.07379,215.20,0.43088,6.85703,5.00563,29.27847,36.01656,49.96,0864:42:58,1,02
14:50:12,0.07382,215.30,0.43258,6.89053,5.03009,29.27847,36.01656,49.95,0864:42:59,1,02
14:50:13,0.07382,215.30,0.43258,6.89053,5.03009,29.27847,36.01656,49.95,0864:42:59,1,02
14:50:14,0.07397,215.40,0.43262,6.90729,5.04232,29.27847,36.01657,49.95,0864:43:00,1,02
14:50:15,0.07433,215.50,0.43149,6.92776,5.05726,29.27847,36.01657,49.96,0864:43:01,1,02
14:50:16,0.07455,215.50,0.43019,6.92776,5.05726,29.27848,36.01657,49.96,0864:43:03,1,02
14:50:17,0.07444,215.60,0.43254,6.95754,5.079,29.27848,36.01657,49.95,0864:43:04,1,02
14:50:18,0.07397,215.60,0.4321,6.90542,5.04096,29.27848,36.01657,49.95,0864:43:05,1,02
14:50:19,0.07404,215.60,0.43216,6.91287,5.04639,29.27848,36.01657,49.95,0864:43:06,1,02
14:50:20,0.07419,215.50,0.43169,6.91659,5.04911,29.27848,36.01657,49.95,0864:43:07,1,02
14:50:21,0.07408,215.30,0.43072,6.88495,5.02601,29.27849,36.01657,49.96,0864:43:08,1,02
14:50:22,0.07408,215.20,0.4309,6.88309,5.02465,29.27849,36.01659,49.96,0864:43:09,1,02
14:50:23,0.07415,215.10,0.4319,6.90542,5.04096,29.27849,36.01659,49.95,0864:43:10,1,02
14:50:24,0.0743,215.10,0.43038,6.8924,5.03145,29.27849,36.01659,49.95,0864:43:11,1,02
14:50:25,0.0743,215.00,0.4306,6.89426,5.03281,29.27849,36.01659,49.96,0864:43:12,1,02
14:50:26,0.0747,215.00,0.42958,6.91473,5.04775,29.2785,36.01659,49.96,0864:43:13,1,02
14:50:27,0.07426,215.00,0.42905,6.86634,5.01243,29.2785,36.01659,49.95,0864:43:14,1,02
14:50:28,0.07444,214.90,0.43045,6.89984,5.03688,29.2785,36.01659,49.95,0864:43:15,1,02
14:50:29,0.07441,215.00,0.43197,6.9259,5.05591,29.2785,36.01661,49.95,0864:43:16,1,02
14:50:30,0.07412,214.90,0.43039,6.87006,5.01514,29.2785,36.01661,49.95,0864:43:17,1,02
14:50:31,0.07473,214.90,0.43016,6.92404,5.05455,29.27851,36.01661,49.95,0864:43:18,1,02
14:50:32,0.07433,215.10,0.43099,6.90542,5.04096,29.27851,36.01661,49.95,0864:43:19,1,02
14:50:33,0.07415,215.00,0.43092,6.88495,5.02601,29.27851,36.01662,49.95,0864:43:20,1,02
14:50:34,0.07412,214.90,0.43017,6.8682,5.01378,29.27851,36.01662,49.96,0864:43:21,1,02
14:50:35,0.07506,214.90,0.42931,6.94079,5.06678,29.27851,36.01662,49.96,0864:43:22,1,02
14:50:36,0.0743,214.90,0.43115,6.89984,5.03688,29.27852,36.01662,49.95,0864:43:24,1,02
14:50:37,0.0743,214.90,0.43115,6.89984,5.03688,29.27852,36.01662,49.95,0864:43:24,1,02
14:50:38,0.07415,214.90,0.43113,6.88681,5.02737,29.27852,36.01662,49.95,0864:43:25,1,02
14:50:39,0.074,215.00,0.43277,6.9017,5.03824,29.27852,36.01662,49.95,0864:43:26,1,02
14:50:40,0.07415,215.10,0.43177,6.9017,5.03824,29.27852,36.01662,49.95,0864:43:27,1,02
14:50:41,0.07441,215.00,0.4293,6.88309,5.02465,29.27852,36.01662,49.95,0864:43:28,1,02
14:50:42,0.0747,215.00,0.43131,6.94265,5.06813,29.27853,36.01664,49.95,0864:43:29,1,02
14:50:43,0.07422,214.90,0.43153,6.89798,5.03552,29.27853,36.01664,49.94,0864:43:30,1,02
14:50:44,0.07448,214.70,0.43217,6.9259,5.05591,29.27853,36.01664,49.94,0864:43:31,1,02
14:50:45,0.07477,214.60,0.42951,6.90729,5.04232,29.27853,36.01665,49.95,0864:43:32,1,02
14:50:46,0.07448,214.60,0.42796,6.85517,5.00427,29.27853,36.01665,49.95,0864:43:33,1,02
14:50:47,0.07459,214.70,0.43124,6.92218,5.05319,29.27854,36.01665,49.96,0864:43:34,1,02
14:50:48,0.07466,214.80,0.43099,6.92776,5.05726,29.27854,36.01665,49.96,0864:43:35,1,02
14:50:49,0.07455,214.80,0.42996,6.9017,5.03824,29.27854,36.01665,49.95,0864:43:36,1,02
14:50:50,0.0748,214.90,0.42814,6.89798,5.03552,29.27854,36.01665,49.95,0864:43:37,1,02
14:50:51,0.07459,215.00,0.42842,6.88495,5.02601,29.27854,36.01665,49.96,0864:43:38,1,02
14:50:52,0.07448,214.80,0.42988,6.8924,5.03145,29.27855,36.01665,49.96,0864:43:39,1,02
14:50:53,0.07462,214.80,0.42956,6.9017,5.03824,29.27855,36.01667,49.95,0864:43:40,1,02
14:50:54,0.07499,214.70,0.42987,6.93707,5.06406,29.27855,36.01667,49.96,0864:43:41,1,02
14:50:55,0.07495,214.80,0.42823,6.90729,5.04232,29.27855,36.01667,49.96,0864:43:42,1,02
14:50:56,0.0747,214.80,0.42998,6.91473,5.04775,29.27855,36.01667,49.95,0864:43:44,1,02
14:50:57,0.07426,214.80,0.42829,6.84772,4.99884,29.27856,36.01667,49.95,0864:43:45,1,02
14:50:58,0.07459,214.90,0.42862,6.88495,5.02601,29.27856,36.01667,49.95,0864:43:46,1,02
14:50:59,0.0748,214.90,0.42928,6.91473,5.04775,29.27856,36.01667,49.95,0864:43:47,1,02
14:51:00,0.07509,214.80,0.42791,6.91659,5.04911,29.27856,36.01669,49.96,0864:43:48,1,02
14:51:02,0.07509,214.80,0.4292,6.93893,5.06542,29.27857,36.01669,49.96,0864:43:49,1,02
14:51:03,0.07437,214.80,0.43083,6.89798,5.03552,29.27857,36.01669,49.96,0864:43:50,1,02
14:51:04,0.07437,214.80,0.43083,6.89798,5.03552,29.27857,36.01669,49.96,0864:43:50,1,02
14:51:05,0.07433,215.00,0.42982,6.88495,5.02601,29.27857,36.01669,49.96,0864:43:51,1,02
14:51:06,0.0747,215.10,0.42809,6.8924,5.03145,29.27857,36.0167,49.96,0864:43:52,1,02
14:51:07,0.07455,215.00,0.43026,6.91287,5.04639,29.27857,36.0167,49.96,0864:43:53,1,02
14:51:08,0.07441,215.10,0.43005,6.89984,5.03688,29.27858,36.0167,49.95,0864:43:54,1,02
14:51:09,0.07437,215.20,0.43003,6.89798,5.03552,29.27858,36.0167,49.95,0864:43:55,1,02
14:51:10,0.07444,215.20,0.43159,6.92776,5.05726,29.27858,36.0167,49.96,0864:43:56,1,02
14:51:11,0.07509,215.00,0.42696,6.90915,5.04368,29.27858,36.0167,49.96,0864:43:57,1,02
14:51:12,0.07477,215.00,0.42897,6.91287,5.04639,29.27858,36.0167,49.98,0864:43:58,1,02
14:51:13,0.07528,215.00,0.42667,6.92031,5.05183,29.27859,36.0167,49.98,0864:43:59,1,02
14:51:14,0.07477,215.20,0.42682,6.88309,5.02465,29.27859,36.01672,49.99,0864:44:00,1,02
14:51:15,0.07502,215.20,0.42754,6.91845,5.05047,29.27859,36.01672,49.98,0864:44:01,1,02
14:51:16,0.07495,215.30,0.42634,6.89426,5.03281,29.27859,36.01672,49.98,0864:44:02,1,02
14:51:17,0.07499,215.20,0.42625,6.89612,5.03417,29.27859,36.01672,49.99,0864:44:03,1,02
14:51:18,0.07495,215.10,0.42617,6.88681,5.02737,29.2786,36.01672,49.99,0864:44:05,1,02
14:51:19,0.07499,215.10,0.42688,6.89984,5.03688,29.2786,36.01672,49.99,0864:44:06,1,02
14:51:20,0.07531,215.10,0.42618,6.92031,5.05183,29.2786,36.01672,49.99,0864:44:07,1,02
14:51:21,0.07426,215.20,0.42947,6.87937,5.02194,29.2786,36.01674,49.99,0864:44:08,1,02
14:51:22,0.07499,215.10,0.42737,6.91101,5.04504,29.2786,36.01674,49.99,0864:44:09,1,02
14:51:23,0.07455,215.10,0.42832,6.88495,5.02601,29.27861,36.01674,49.99,0864:44:10,1,02
14:51:24,0.07437,215.10,0.43079,6.90542,5.04096,29.27861,36.01674,49.99,0864:44:11,1,02
14:51:25,0.07495,215.00,0.42716,6.89798,5.03552,29.27861,36.01675,50.00,0864:44:12,1,02
14:51:26,0.0748,215.00,0.42785,6.89798,5.03552,29.27861,36.01675,50.00,0864:44:13,1,02
14:51:27,0.07495,215.00,0.42656,6.88681,5.02737,29.27861,36.01675,49.99,0864:44:14,1,02
14:51:28,0.07524,214.90,0.42833,6.94079,5.06678,29.27862,36.01675,49.99,0864:44:15,1,02
14:51:29,0.07524,214.90,0.42833,6.94079,5.06678,29.27862,36.01675,49.99,0864:44:15,1,02
14:51:30,0.0747,215.00,0.42923,6.90915,5.04368,29.27862,36.01675,49.99,0864:44:16,1,02
14:51:31,0.07509,215.00,0.42639,6.89984,5.03688,29.27862,36.01675,49.99,0864:44:17,1,02
14:51:32,0.07459,215.00,0.42937,6.9017,5.03824,29.27862,36.01675,49.99,0864:44:18,1,02
14:51:33,0.07484,215.10,0.4287,6.91659,5.04911,29.27862,36.01677,49.99,0864:44:19,1,02
14:51:34,0.07444,215.20,0.42907,6.89053,5.03009,29.27863,36.01677,49.98,0864:44:20,1,02
14:51:35,0.07499,215.40,0.42847,6.9352,5.0627,29.27863,36.01677,49.98,0864:44:21,1,02
14:51:36,0.07419,215.40,0.42982,6.88495,5.02601,29.27863,36.01677,49.98,0864:44:22,1,02
14:51:37,0.07412,215.50,0.43045,6.88867,5.02873,29.27863,36.01678,49.98,0864:44:23,1,02
14:51:38,0.07437,215.40,0.43009,6.90542,5.04096,29.27863,36.01678,49.98,0864:44:25,1,02
14:51:39,0.07477,215.40,0.42827,6.91287,5.04639,29.27864,36.01678,49.98,0864:44:26,1,02
14:51:40,0.07506,215.50,0.42698,6.92218,5.05319,29.27864,36.01678,49.98,0864:44:27,1,02
14:51:41,0.07462,215.50,0.42783,6.89612,5.03417,29.27864,36.01678,49.96,0864:44:28,1,02
14:51:42,0.07473,215.50,0.42943,6.93148,5.05998,29.27864,36.01678,49.96,0864:44:29,1,02
14:51:43,0.07415,215.60,0.42948,6.88123,5.0233,29.27864,36.01678,49.98,0864:44:30,1,02
14:51:44,0.07466,215.60,0.42547,6.86448,5.01107,29.27865,36.0168,49.98,0864:44:31,1,02
14:51:45,0.07549,215.60,0.4272,6.96871,5.08716,29.27865,36.0168,49.98,0864:44:32,1,02
14:51:46,0.07495,215.60,0.4292,6.9501,5.07357,29.27865,36.0168,49.98,0864:44:33,1,02
14:51:47,0.07433,215.60,0.42827,6.87937,5.02194,29.27865,36.0168,49.98,0864:44:34,1,02
14:51:48,0.07459,215.70,0.42808,6.9017,5.03824,29.27865,36.0168,49.98,0864:44:35,1,02
14:51:49,0.0747,215.90,0.42767,6.91101,5.04504,29.27866,36.0168,49.96,0864:44:36,1,02
14:51:50,0.07484,215.80,0.42941,6.95196,5.07493,29.27866,36.0168,49.96,0864:44:37,1,02
14:51:51,0.07444,215.90,0.42791,6.89426,5.03281,29.27866,36.0168,49.99,0864:44:38,1,02
14:51:52,0.07459,215.90,0.42803,6.90729,5.04232,29.27866,36.01682,49.99,0864:44:39,1,02
14:51:53,0.07437,215.90,0.42816,6.88867,5.02873,29.27866,36.01682,49.99,0864:44:40,1,02
14:51:54,0.07437,215.90,0.42816,6.88867,5.02873,29.27866,36.01682,49.99,0864:44:40,1,02
14:51:55,0.07473,215.60,0.42875,6.92218,5.05319,29.27867,36.01682,49.99,0864:44:41,1,02
14:51:56,0.07455,215.40,0.42865,6.89984,5.03688,29.27867,36.01682,49.99,0864:44:42,1,02
14:51:57,0.07444,215.40,0.42771,6.87192,5.0165,29.27867,36.01683,49.99,0864:44:43,1,02
14:51:58,0.07444,215.30,0.43048,6.91473,5.04775,29.27867,36.01683,49.99,0864:44:44,1,02
14:51:59,0.07462,215.30,0.42742,6.88309,5.02465,29.27867,36.01683,50.00,0864:44:46,1,02
14:52:00,0.0743,215.30,0.42977,6.89053,5.03009,29.27868,36.01683,50.00,0864:44:47,1,02
14:52:01,0.07412,215.30,0.43098,6.8924,5.03145,29.27868,36.01683,49.99,0864:44:48,1,02
14:52:02,0.07466,215.30,0.43078,6.93893,5.06542,29.27868,36.01683,49.99,0864:44:49,1,02
14:52:03,0.07419,215.20,0.43045,6.88867,5.02873,29.27868,36.01683,50.00,0864:44:50,1,02
14:52:04,0.07451,215.30,0.42928,6.90356,5.0396,29.27868,36.01685,50.00,0864:44:51,1,02
14:52:05,0.07412,215.40,0.43171,6.90729,5.04232,29.27869,36.01685,50.00,0864:44:52,1,02
14:52:06,0.07412,215.50,0.43115,6.89984,5.03688,29.27869,36.01685,50.00,0864:44:53,1,02
14:52:07,0.07364,215.50,0.43457,6.91101,5.04504,29.27869,36.01685,50.00,0864:44:54,1,02
14:52:08,0.0743,215.50,0.4319,6.92962,5.05862,29.27869,36.01686,50.00,0864:44:55,1,02
14:52:09,0.07441,215.40,0.42956,6.9017,5.03824,29.27869,36.01686,50.01,0864:44:56,1,02
14:52:10,0.07389,215.50,0.43084,6.87564,5.01922,29.2787,36.01686,50.01,0864:44:57,1,02
14:52:11,0.07437,215.40,0.42988,6.90356,5.0396,29.2787,36.01686,50.01,0864:44:58,1,02
14:52:12,0.07455,215.50,0.43064,6.93334,5.06134,29.2787,36.01686,50.01,0864:44:59,1,02
14:52:13,0.07389,215.30,0.43172,6.88495,5.02601,29.2787,36.01686,50.03,0864:45:00,1,02
14:52:14,0.07451,215.30,0.4316,6.94079,5.06678,29.2787,36.01686,50.03,0864:45:01,1,02
14:52:15,0.07433,215.30,0.43119,6.91659,5.04911,29.27871,36.01688,50.03,0864:45:02,1,02
14:52:16,0.07404,215.30,0.43218,6.90356,5.0396,29.27871,36.01688,50.01,0864:45:03,1,02
14:52:17,0.07415,215.30,0.4309,6.89426,5.03281,29.27871,36.01688,50.01,0864:45:04,1,02
14:52:18,0.07415,215.30,0.4309,6.89426,5.03281,29.27871,36.01688,50.01,0864:45:04,1,02
14:52:19,0.07408,215.30,0.43165,6.89984,5.03688,29.27871,36.01688,50.01,0864:45:06,1,02
14:52:20,0.07412,215.40,0.431,6.89426,5.03281,29.27871,36.01688,50.01,0864:45:07,1,02
14:52:21,0.07408,215.30,0.43153,6.89798,5.03552,29.27872,36.01688,50.03,0864:45:08,1,02
14:52:22,0.07444,215.40,0.43143,6.93334,5.06134,29.27872,36.01688,50.03,0864:45:09,1,02
14:52:23,0.07426,215.40,0.43069,6.90542,5.04096,29.27872,36.01688,50.01,0864:45:10,1,02
14:52:24,0.07448,215.40,0.42892,6.89612,5.03417,29.27872,36.0169,50.01,0864:45:11,1,02
14:52:25,0.07379,215.40,0.43269,6.8924,5.03145,29.27872,36.0169,50.01,0864:45:12,1,02
14:52:26,0.07393,215.30,0.43127,6.87937,5.02194,29.27873,36.0169,50.01,0864:45:13,1,02
14:52:27,0.07412,215.30,0.43146,6.9017,5.03824,29.27873,36.0169,50.01,0864:45:14,1,02
14:52:28,0.07433,215.40,0.43121,6.91845,5.05047,29.27873,36.01691,50.01,0864:45:15,1,02
14:52:29,0.07408,215.30,0.43024,6.87564,5.01922,29.27873,36.01691,50.03,0864:45:16,1,02
14:52:30,0.07408,215.20,0.43278,6.91473,5.04775,29.27873,36.01691,50.03,0864:45:17,1,02
14:52:31,0.07404,215.20,0.43298,6.91473,5.04775,29.27874,36.01691,50.00,0864:45:18,1,02
14:52:32,0.07422,215.20,0.43128,6.90356,5.0396,29.27874,36.01691,50.00,0864:45:19,1,02
14:52:33,0.07433,215.30,0.42957,6.89053,5.03009,29.27874,36.01691,50.01,0864:45:20,1,02
14:52:34,0.07415,215.20,0.43111,6.89612,5.03417,29.27874,36.01691,50.01,0864:45:21,1,02
14:52:35,0.07441,215.30,0.4322,6.94079,5.06678,29.27874,36.01693,50.00,0864:45:22,1,02
14:52:36,0.07408,215.50,0.43053,6.88681,5.02737,29.27875,36.01693,50.00,0864:45:23,1,02
14:52:37,0.07444,215.50,0.43052,6.92031,5.05183,29.27875,36.01693,50.00,0864:45:24,1,02
14:52:38,0.07415,215.60,0.43065,6.89984,5.03688,29.27875,36.01693,50.00,0864:45:25,1,02
14:52:39,0.07419,215.60,0.43162,6.92031,5.05183,29.27875,36.01694,50.00,0864:45:26,1,02
14:52:40,0.07389,215.60,0.4318,6.89426,5.03281,29.27875,36.01694,49.99,0864:45:28,1,02
14:52:41,0.07441,215.50,0.43133,6.93334,5.06134,29.27876,36.01694,49.99,0864:45:29,1,02
14:52:42,0.07397,215.50,0.43173,6.89798,5.03552,29.27876,36.01694,50.00,0864:45:30,1,02
14:52:43,0.07397,215.50,0.43173,6.89798,5.03552,29.27876,36.01694,50.00,0864:45:30,1,02
14:52:44,0.07433,215.50,0.42975,6.89984,5.03688,29.27876,36.01694,50.00,0864:45:31,1,02
14:52:45,0.07448,215.40,0.42867,6.89053,5.03009,29.27876,36.01694,49.98,0864:45:32,1,02
14:52:46,0.07426,215.40,0.43093,6.90915,5.04368,29.27876,36.01694,49.98,0864:45:33,1,02
14:52:47,0.07415,215.30,0.4315,6.90542,5.04096,29.27877,36.01694,49.98,0864:45:34,1,02
14:52:48,0.07455,215.40,0.43039,6.92776,5.05726,29.27877,36.01696,49.98,0864:45:35,1,02
14:52:49,0.07466,215.40,0.43037,6.93707,5.06406,29.27877,36.01696,49.96,0864:45:36,1,02
14:52:50,0.07433,215.40,0.43225,6.9352,5.0627,29.27877,36.01696,49.96,0864:45:37,1,02
14:52:51,0.07441,215.10,0.43121,6.91845,5.05047,29.27877,36.01696,49.96,0864:45:38,1,02
14:52:52,0.07441,215.10,0.42806,6.86634,5.01243,29.27878,36.01696,49.96,0864:45:39,1,02
14:52:53,0.07444,215.30,0.43094,6.92218,5.05319,29.27878,36.01696,49.95,0864:45:40,1,02
14:52:54,0.07441,215.30,0.42975,6.89984,5.03688,29.27878,36.01696,49.95,0864:45:41,1,02
14:52:55,0.07444,215.50,0.43041,6.91845,5.05047,29.27878,36.01698,49.96,0864:45:42,1,02
14:52:56,0.07433,215.40,0.42971,6.89612,5.03417,29.27878,36.01698,49.96,0864:45:43,1,02
14:52:57,0.07459,215.50,0.42917,6.91287,5.04639,29.27879,36.01698,49.96,0864:45:44,1,02
14:52:58,0.07415,215.60,0.43018,6.8924,5.03145,29.27879,36.01698,49.98,0864:45:45,1,02
14:53:00,0.07415,215.80,0.43046,6.9017,5.03824,29.27879,36.01699,49.98,0864:45:46,1,02
14:53:01,0.07459,215.70,0.42948,6.9259,5.05591,29.27879,36.01699,49.98,0864:45:48,1,02
14:53:02,0.07455,215.70,0.42908,6.91473,5.04775,29.27879,36.01699,49.98,0864:45:49,1,02
14:53:03,0.07488,215.50,0.42693,6.90542,5.04096,29.2788,36.01699,49.99,0864:45:50,1,02
14:53:04,0.07444,215.60,0.42859,6.8924,5.03145,29.2788,36.01699,49.99,0864:45:51,1,02
14:53:05,0.07412,215.50,0.42862,6.86261,5.00971,29.2788,36.01699,49.98,0864:45:52,1,02
14:53:06,0.07419,215.50,0.42948,6.88123,5.0233,29.2788,36.01699,49.98,0864:45:53,1,02
14:53:07,0.07441,215.50,0.42854,6.88681,5.02737,29.2788,36.01701,49.99,0864:45:54,1,02
14:53:08,0.07459,215.50,0.42836,6.89984,5.03688,29.27881,36.01701,49.99,0864:45:55,1,02
14:53:09,0.07459,215.50,0.42836,6.89984,5.03688,29.27881,36.01701,49.99,0864:45:55,1,02
14:53:10,0.07451,215.10,0.43026,6.91287,5.04639,29.27881,36.01701,49.98,0864:45:56,1,02
14:53:11,0.07412,215.10,0.43222,6.90729,5.04232,29.27881,36.01701,49.98,0864:45:57,1,02
14:53:12,0.07422,215.10,0.43091,6.89612,5.03417,29.27881,36.01702,49.98,0864:45:58,1,02
14:53:13,0.07455,215.30,0.43032,6.92031,5.05183,29.27881,36.01702,49.98,0864:45:59,1,02
14:53:14,0.07462,215.40,0.4294,6.91659,5.04911,29.27882,36.01702,49.99,0864:46:00,1,02
14:53:15,0.07404,215.40,0.43,6.87192,5.0165,29.27882,36.01702,49.99,0864:46:01,1,02
14:53:16,0.07437,215.60,0.43142,6.93148,5.05998,29.27882,36.01702,49.99,0864:46:02,1,02
14:53:17,0.07437,215.50,0.4299,6.90542,5.04096,29.27882,36.01702,49.99,0864:46:03,1,02
14:53:18,0.07444,215.40,0.42923,6.89798,5.03552,29.27882,36.01702,49.99,0864:46:04,1,02
14:53:19,0.07444,215.30,0.42991,6.90729,5.04232,29.27883,36.01702,50.00,0864:46:05,1,02
14:53:20,0.07455,215.40,0.42841,6.89426,5.03281,29.27883,36.01704,50.00,0864:46:06,1,02
14:53:21,0.07448,215.40,0.42774,6.87564,5.01922,29.27883,36.01704,50.00,0864:46:08,1,02
14:53:22,0.0743,215.40,0.42957,6.89053,5.03009,29.27883,36.01704,50.00,0864:46:09,1,02
14:53:23,0.07426,215.40,0.43058,6.90356,5.0396,29.27883,36.01704,50.01,0864:46:10,1,02
14:53:24,0.07448,215.50,0.4308,6.92962,5.05862,29.27884,36.01704,50.01,0864:46:11,1,02
14:53:25,0.07419,215.40,0.43098,6.90356,5.0396,29.27884,36.01704,50.01,0864:46:12,1,02
14:53:26,0.07448,215.50,0.42826,6.88867,5.02873,29.27884,36.01704,50.01,0864:46:13,1,02
14:53:27,0.07462,215.60,0.42705,6.88681,5.02737,29.27884,36.01706,50.01,0864:46:14,1,02
14:53:28,0.07426,215.60,0.43016,6.9017,5.03824,29.27884,36.01706,50.01,0864:46:15,1,02
14:53:29,0.07422,215.70,0.42947,6.89053,5.03009,29.27885,36.01706,50.01,0864:46:16,1,02
14:53:30,0.074,215.60,0.43098,6.8924,5.03145,29.27885,36.01706,50.01,0864:46:17,1,02
14:53:31,0.07448,215.70,0.43108,6.93893,5.06542,29.27885,36.01707,50.01,0864:46:18,1,02
14:53:32,0.07433,215.70,0.42991,6.90729,5.04232,29.27885,36.01707,50.01,0864:46:19,1,02
14:53:33,0.07433,215.70,0.42991,6.90729,5.04232,29.27885,36.01707,50.01,0864:46:19,1,02
14:53:34,0.07408,215.60,0.42988,6.88123,5.0233,29.27886,36.01707,50.03,0864:46:20,1,02
14:53:35,0.07382,215.60,0.43222,6.89612,5.03417,29.27886,36.01707,50.03,0864:46:21,1,02
14:53:36,0.074,215.60,0.43063,6.88681,5.02737,29.27886,36.01707,50.01,0864:46:22,1,02
14:53:37,0.07412,215.50,0.43013,6.88681,5.02737,29.27886,36.01707,50.01,0864:46:23,1,02
14:53:38,0.07451,215.40,0.43186,6.94823,5.07221,29.27886,36.01707,50.01,0864:46:24,1,02
14:53:39,0.07408,215.40,0.43003,6.87564,5.01922,29.27887,36.01709,50.01,0864:46:25,1,02
14:53:40,0.07412,215.20,0.4312,6.89426,5.03281,29.27887,36.01709,50.03,0864:46:26,1,02
14:53:41,0.07422,215.30,0.4304,6.89426,5.03281,29.27887,36.01709,50.04,0864:46:27,1,02
14:53:42,0.07455,215.30,0.42872,6.89612,5.03417,29.27887,36.01709,50.04,0864:46:28,1,02
14:53:43,0.07389,215.20,0.43238,6.89053,5.03009,29.27887,36.01709,50.03,0864:46:30,1,02
14:53:44,0.07448,215.20,0.42945,6.89984,5.03688,29.27888,36.01709,50.03,0864:46:31,1,02
14:53:45,0.07462,215.20,0.43014,6.92218,5.05319,29.27888,36.01709,50.03,0864:46:32,1,02
14:53:46,0.07462,215.20,0.42898,6.90356,5.0396,29.27888,36.01709,50.03,0864:46:33,1,02
14:53:47,0.07433,215.30,0.43096,6.91287,5.04639,29.27888,36.01711,50.01,0864:46:34,1,02
14:53:48,0.07397,215.30,0.43072,6.87378,5.01786,29.27888,36.01711,50.01,0864:46:35,1,02
14:53:49,0.07426,215.30,0.43006,6.89053,5.03009,29.27889,36.01711,50.01,0864:46:36,1,02
14:53:50,0.07422,215.30,0.43224,6.92218,5.05319,29.27889,36.01711,50.01,0864:46:37,1,02
14:53:51,0.07371,215.20,0.43397,6.89984,5.03688,29.27889,36.01712,50.01,0864:46:38,1,02
14:53:52,0.07466,215.20,0.43077,6.93707,5.06406,29.27889,36.01712,50.01,0864:46:39,1,02
14:53:53,0.07419,215.30,0.43233,6.92031,5.05183,29.27889,36.01712,50.01,0864:46:40,1,02
14:53:54,0.07448,215.20,0.42887,6.89053,5.03009,29.2789,36.01712,50.01,0864:46:41,1,02
14:53:55,0.07419,215.30,0.43035,6.88867,5.02873,29.2789,36.01712,50.01,0864:46:42,1,02
14:53:56,0.07441,215.30,0.43057,6.91473,5.04775,29.2789,36.01712,50.01,0864:46:43,1,02
14:53:57,0.07444,215.40,0.42912,6.89612,5.03417,29.2789,36.01712,50.01,0864:46:44,1,02
14:53:58,0.07506,215.30,0.42851,6.93893,5.06542,29.2789,36.01714,50.01,0864:46:45,1,02
14:53:59,0.07506,215.30,0.42851,6.93893,5.06542,29.2789,36.01714,50.01,0864:46:45,1,02
14:54:00,0.07466,215.30,0.4286,6.90542,5.04096,29.27891,36.01714,49.99,0864:46:46,1,02
14:54:01,0.07466,215.30,0.42747,6.88867,5.02873,29.27891,36.01714,49.99,0864:46:47,1,02
14:54:02,0.07459,215.20,0.42965,6.91101,5.04504,29.27891,36.01714,49.99,0864:46:48,1,02
14:54:03,0.07404,215.10,0.43192,6.89612,5.03417,29.27891,36.01715,49.98,0864:46:50,1,02
14:54:04,0.07426,215.30,0.43041,6.89612,5.03417,29.27891,36.01715,49.98,0864:46:51,1,02
14:54:05,0.07433,215.00,0.43005,6.88867,5.02873,29.27892,36.01715,49.98,0864:46:52,1,02
14:54:06,0.07466,215.30,0.42953,6.92031,5.05183,29.27892,36.01715,49.98,0864:46:53,1,02
14:54:07,0.07441,215.40,0.43049,6.91659,5.04911,29.27892,36.01715,49.96,0864:46:54,1,02
14:54:08,0.0743,215.50,0.43053,6.90915,5.04368,29.27892,36.01715,49.96,0864:46:55,1,02
14:54:09,0.07386,215.50,0.43326,6.91101,5.04504,29.27892,36.01715,49.96,0864:46:56,1,02
14:54:10,0.07415,215.50,0.43085,6.89984,5.03688,29.27893,36.01717,49.96,0864:46:57,1,02
14:54:11,0.07426,215.40,0.4286,6.87192,5.0165,29.27893,36.01717,49.95,0864:46:58,1,02
14:54:12,0.07455,215.50,0.42809,6.8924,5.03145,29.27893,36.01717,49.95,0864:46:59,1,02
14:54:13,0.07444,215.40,0.42889,6.8924,5.03145,29.27893,36.01717,49.95,0864:47:00,1,02
14:54:14,0.07477,215.40,0.42897,6.92404,5.05455,29.27893,36.01717,49.95,0864:47:01,1,02
14:54:15,0.0743,215.40,0.43061,6.90729,5.04232,29.27894,36.01717,49.95,0864:47:02,1,02
14:54:16,0.07473,215.30,0.42821,6.90542,5.04096,29.27894,36.01717,49.95,0864:47:03,1,02
14:54:17,0.07459,215.30,0.42887,6.9017,5.03824,29.27894,36.01717,49.96,0864:47:04,1,02
14:54:18,0.07448,215.20,0.43014,6.91101,5.04504,29.27894,36.01719,49.96,0864:47:05,1,02
14:54:19,0.07477,215.20,0.43157,6.96126,5.08172,29.27894,36.01719,49.96,0864:47:06,1,02
14:54:20,0.07444,215.20,0.42998,6.90356,5.0396,29.27895,36.01719,49.96,0864:47:07,1,02
14:54:21,0.07441,215.10,0.42909,6.88123,5.0233,29.27895,36.01719,49.96,0864:47:08,1,02
14:54:22,0.07404,215.10,0.42885,6.844,4.99612,29.27895,36.0172,49.96,0864:47:10,1,02
14:54:23,0.07404,215.10,0.42885,6.844,4.99612,29.27895,36.0172,49.96,0864:47:10,1,02
14:54:24,0.07466,215.10,0.4291,6.90542,5.04096,29.27895,36.0172,49.96,0864:47:11,1,02
14:54:25,0.07466,215.20,0.42961,6.91845,5.05047,29.27895,36.0172,49.96,0864:47:12,1,02
14:54:26,0.07488,215.20,0.42763,6.90729,5.04232,29.27896,36.0172,49.96,0864:47:13,1,02
14:54:27,0.07462,215.20,0.429,6.90542,5.04096,29.27896,36.0172,49.96,0864:47:14,1,02
14:54:28,0.07509,215.30,0.42913,6.95382,5.07629,29.27896,36.0172,49.96,0864:47:15,1,02
14:54:29,0.07459,215.40,0.42925,6.91101,5.04504,29.27896,36.0172,49.95,0864:47:16,1,02
14:54:30,0.07444,215.40,0.42946,6.9017,5.03824,29.27896,36.01722,49.95,0864:47:17,1,02
14:54:31,0.07495,215.30,0.42634,6.89426,5.03281,29.27897,36.01722,49.95,0864:47:18,1,02
14:54:32,0.07473,215.30,0.42913,6.92031,5.05183,29.27897,36.01722,49.95,0864:47:19,1,02
14:54:33,0.07451,215.20,0.42807,6.87937,5.02194,29.27897,36.01722,49.95,0864:47:20,1,02
14:54:34,0.07444,215.20,0.42639,6.84586,4.99748,29.27897,36.01723,49.95,0864:47:21,1,02
14:54:35,0.07499,215.30,0.42775,6.92031,5.05183,29.27897,36.01723,49.95,0864:47:22,1,02
14:54:36,0.07473,215.30,0.42613,6.87192,5.0165,29.27898,36.01723,49.95,0864:47:23,1,02
14:54:37,0.07408,215.30,0.43035,6.8775,5.02058,29.27898,36.01723,49.96,0864:47:24,1,02
14:54:38,0.07451,215.30,0.42963,6.90915,5.04368,29.27898,36.01723,49.96,0864:47:25,1,02
14:54:39,0.07509,215.10,0.4278,6.9259,5.05591,29.27898,36.01723,49.96,0864:47:26,1,02
14:54:40,0.07542,215.30,0.42864,6.97615,5.09259,29.27898,36.01723,49.96,0864:47:27,1,02
14:54:41,0.0748,215.70,0.42854,6.93148,5.05998,29.27899,36.01725,49.95,0864:47:28,1,02
14:54:42,0.07444,215.90,0.43009,6.92776,5.05726,29.27899,36.01725,49.96,0864:47:29,1,02
14:54:43,0.07422,215.70,0.43155,6.92404,5.05455,29.27899,36.01725,49.96,0864:47:31,1,02
14:54:44,0.07412,215.60,0.42782,6.85145,5.00156,29.27899,36.01725,49.96,0864:47:32,1,02
14:54:45,0.07448,215.80,0.42824,6.89798,5.03552,29.27899,36.01725,49.96,0864:47:33,1,02
14:54:46,0.07448,215.80,0.42788,6.89053,5.03009,29.279,36.01725,49.98,0864:47:34,1,02
14:54:47,0.0748,215.90,0.42847,6.9352,5.0627,29.279,36.01725,49.98,0864:47:35,1,02
14:54:48,0.0743,215.90,0.42917,6.9017,5.03824,29.279,36.01725,49.96,0864:47:36,1,02
14:54:49,0.0743,215.90,0.42917,6.9017,5.03824,29.279,36.01725,49.96,0864:47:36,1,02
14:54:50,0.07459,216.00,0.42762,6.90542,5.04096,29.279,36.01727,49.96,0864:47:37,1,02
14:54:51,0.07451,216.00,0.42707,6.88867,5.02873,29.279,36.01727,49.98,0864:47:38,1,02
14:54:53,0.0743,216.00,0.4287,6.89426,5.03281,29.27901,36.01727,49.98,0864:47:39,1,02
14:54:54,0.07444,215.90,0.42997,6.9259,5.05591,29.27901,36.01727,49.96,0864:47:40,1,02
14:54:55,0.0743,215.90,0.43018,6.91473,5.04775,29.27901,36.01728,49.96,0864:47:41,1,02
14:54:56,0.07473,215.80,0.42836,6.92218,5.05319,29.27901,36.01728,49.98,0864:47:42,1,02
14:54:57,0.07437,215.60,0.42877,6.89053,5.03009,29.27901,36.01728,49.98,0864:47:43,1,02
14:54:58,0.07426,215.60,0.42821,6.87192,5.0165,29.27902,36.01728,49.98,0864:47:44,1,02
14:54:59,0.07379,215.80,0.42942,6.85145,5.00156,29.27902,36.01728,49.98,0864:47:45,1,02
14:55:00,0.07419,215.70,0.4277,6.88681,5.02737,29.27902,36.01728,49.98,0864:47:46,1,02
14:55:01,0.07488,215.70,0.42583,6.8924,5.03145,29.27902,36.01728,49.98,0864:47:47,1,02
14:55:02,0.07484,215.50,0.42908,6.93707,5.06406,29.27902,36.0173,49.98,0864:47:48,1,02
14:55:03,0.07502,215.60,0.4296,6.96312,5.08308,29.27903,36.0173,49.98,0864:47:49,1,02
14:55:04,0.07444,215.60,0.42976,6.91287,5.04639,29.27903,36.0173,49.98,0864:47:50,1,02
14:55:05,0.07495,215.70,0.42727,6.92218,5.05319,29.27903,36.0173,49.96,0864:47:52,1,02
14:55:06,0.07462,215.60,0.42798,6.9017,5.03824,29.27903,36.01731,49.96,0864:47:53,1,02
14:55:07,0.07404,215.60,0.43195,6.91101,5.04504,29.27903,36.01731,49.96,0864:47:54,1,02
14:55:08,0.07451,215.50,0.43095,6.9352,5.0627,29.27904,36.01731,49.96,0864:47:55,1,02
14:55:09,0.07451,215.50,0.43107,6.93707,5.06406,29.27904,36.01731,49.96,0864:47:56,1,02
14:55:10,0.07422,215.50,0.42965,6.88867,5.02873,29.27904,36.01731,49.96,0864:47:57,1,02
14:55:11,0.07404,215.60,0.42684,6.83097,4.98661,29.27904,36.01731,49.96,0864:47:58,1,02
14:55:12,0.07419,215.40,0.43226,6.92404,5.05455,29.27904,36.01731,49.96,0864:47:59,1,02
14:55:13,0.07382,215.30,0.43154,6.87564,5.01922,29.27905,36.01733,49.98,0864:48:00,1,02
14:55:14,0.07419,215.40,0.43085,6.89984,5.03688,29.27905,36.01733,49.98,0864:48:01,1,02
14:55:15,0.07484,215.40,0.42882,6.92962,5.05862,29.27905,36.01733,49.98,0864:48:02,1,02
14:55:16,0.07484,215.40,0.42882,6.92962,5.05862,29.27905,36.01733,49.98,0864:48:02,1,02
14:55:17,0.07495,215.60,0.4299,6.96312,5.08308,29.27905,36.01733,49.98,0864:48:03,1,02
14:55:18,0.07433,215.70,0.42821,6.88309,5.02465,29.27905,36.01733,49.96,0864:48:04,1,02
14:55:19,0.07448,215.70,0.43098,6.93893,5.06542,29.27906,36.01733,49.96,0864:48:05,1,02
14:55:20,0.07393,215.70,0.43235,6.91101,5.04504,29.27906,36.01733,49.96,0864:48:06,1,02
14:55:21,0.07441,215.80,0.42922,6.90729,5.04232,29.27906,36.01733,49.96,0864:48:07,1,02
14:55:22,0.07422,215.60,0.43154,6.92218,5.05319,29.27906,36.01735,49.96,0864:48:08,1,02
14:55:23,0.07437,215.50,0.42966,6.9017,5.03824,29.27906,36.01735,49.96,0864:48:09,1,02
14:55:24,0.07426,215.60,0.42937,6.89053,5.03009,29.27907,36.01735,49.98,0864:48:10,1,02
14:55:25,0.0743,215.70,0.42966,6.9017,5.03824,29.27907,36.01735,49.98,0864:48:11,1,02
14:55:26,0.07393,215.90,0.43017,6.87937,5.02194,29.27907,36.01736,49.98,0864:48:13,1,02
14:55:27,0.07412,215.80,0.43069,6.90542,5.04096,29.27907,36.01736,49.99,0864:48:14,1,02
14:55:28,0.07433,215.90,0.42988,6.91473,5.04775,29.27907,36.01736,49.99,0864:48:15,1,02
14:55:29,0.07412,216.10,0.43008,6.90356,5.0396,29.27908,36.01736,49.99,0864:48:16,1,02
14:55:30,0.07419,216.10,0.42933,6.89798,5.03552,29.27908,36.01736,49.99,0864:48:17,1,02
14:55:31,0.07379,216.10,0.43235,6.91101,5.04504,29.27908,36.01736,50.00,0864:48:18,1,02
14:55:32,0.07382,216.10,0.43097,6.89053,5.03009,29.27908,36.01736,50.00,0864:48:19,1,02
14:55:33,0.07379,216.20,0.43097,6.89053,5.03009,29.27908,36.01738,49.99,0864:48:20,1,02
14:55:34,0.07397,216.10,0.43123,6.90915,5.04368,29.27909,36.01738,49.99,0864:48:21,1,02
14:55:35,0.0743,216.20,0.43144,6.94637,5.07085,29.27909,36.01738,49.99,0864:48:22,1,02
14:55:36,0.07371,216.20,0.43077,6.87937,5.02194,29.27909,36.01738,49.99,0864:48:23,1,02
14:55:37,0.0736,216.20,0.43207,6.89053,5.03009,29.27909,36.01739,50.00,0864:48:24,1,02
14:55:38,0.07374,216.20,0.42987,6.8682,5.01378,29.27909,36.01739,50.00,0864:48:25,1,02
14:55:39,0.07393,216.10,0.4306,6.89426,5.03281,29.2791,36.01739,50.00,0864:48:26,1,02
14:55:40,0.07426,216.00,0.42984,6.91101,5.04504,29.2791,36.01739,50.00,0864:48:27,1,02
14:55:41,0.07364,216.20,0.43187,6.89053,5.03009,29.2791,36.0174,49.99,0864:48:28,1,02
14:55:42,0.07364,216.20,0.43187,6.89053,5.03009,29.2791,36.0174,49.99,0864:48:28,1,02
14:55:43,0.0736,216.10,0.43309,6.90356,5.0396,29.2791,36.0174,49.99,0864:48:29,1,02
14:55:44,0.07353,216.20,0.43304,6.89798,5.03552,29.2791,36.0174,50.01,0864:48:30,1,02
14:55:45,0.07371,216.20,0.43067,6.87937,5.02194,29.27911,36.01741,50.01,0864:48:31,1,02
14:55:46,0.07345,216.10,0.43342,6.89426,5.03281,29.27911,36.01741,50.00,0864:48:32,1,02
14:55:47,0.07341,216.10,0.43339,6.89053,5.03009,29.27911,36.01741,50.00,0864:48:34,1,02
14:55:48,0.07334,216.10,0.43378,6.88867,5.02873,29.27911,36.01741,50.00,0864:48:35,1,02
14:55:49,0.07367,216.00,0.43476,6.93334,5.06134,29.27911,36.01741,50.00,0864:48:36,1,02
14:55:50,0.0736,216.10,0.43191,6.88309,5.02465,29.27912,36.01741,50.00,0864:48:37,1,02
14:55:51,0.07349,216.00,0.43343,6.89612,5.03417,29.27912,36.01741,49.99,0864:48:38,1,02
14:55:52,0.07364,215.90,0.43273,6.89612,5.03417,29.27912,36.01741,49.99,0864:48:39,1,02
14:55:53,0.07316,215.80,0.4339,6.86634,5.01243,29.27912,36.01743,49.99,0864:48:40,1,02
14:55:54,0.07364,215.70,0.43255,6.88681,5.02737,29.27912,36.01743,49.99,0864:48:41,1,02
14:55:55,0.07323,215.70,0.43616,6.90542,5.04096,29.27913,36.01743,49.99,0864:48:42,1,02
14:55:56,0.07374,215.80,0.43639,6.9594,5.08036,29.27913,36.01743,49.99,0864:48:43,1,02
14:55:57,0.07367,215.70,0.43316,6.89984,5.03688,29.27913,36.01744,49.99,0864:48:44,1,02
14:55:58,0.07382,215.60,0.43234,6.89798,5.03552,29.27913,36.01744,49.99,0864:48:45,1,02
14:55:59,0.07386,215.50,0.43279,6.90356,5.0396,29.27913,36.01744,49.96,0864:48:46,1,02
14:56:00,0.07374,215.80,0.43382,6.91845,5.05047,29.27914,36.01744,49.96,0864:48:47,1,02
14:56:01,0.07356,215.90,0.4337,6.90356,5.0396,29.27914,36.01744,49.98,0864:48:48,1,02
14:56:02,0.07389,216.10,0.4344,6.95196,5.07493,29.27914,36.01744,49.98,0864:48:49,1,02
14:56:03,0.07379,216.20,0.43166,6.9017,5.03824,29.27914,36.01744,49.95,0864:48:50,1,02
14:56:04,0.07334,216.30,0.43397,6.89984,5.03688,29.27915,36.01746,49.95,0864:48:51,1,02
14:56:05,0.07334,216.40,0.43459,6.91287,5.04639,29.27915,36.01746,49.96,0864:48:52,1,02
14:56:06,0.07319,216.60,0.43475,6.90729,5.04232,29.27915,36.01746,49.95,0864:48:53,1,02
14:56:07,0.07319,216.60,0.43475,6.90729,5.04232,29.27915,36.01746,49.95,0864:48:53,1,02
14:56:08,0.07312,216.70,0.43423,6.89426,5.03281,29.27915,36.01746,49.95,0864:48:55,1,02
14:56:09,0.07334,216.70,0.43326,6.89984,5.03688,29.27915,36.01746,49.96,0864:48:56,1,02
14:56:10,0.07345,216.60,0.43519,6.93707,5.06406,29.27916,36.01746,49.96,0864:48:57,1,02
14:56:11,0.07263,216.50,0.43763,6.89612,5.03417,29.27916,36.01746,49.95,0864:48:58,1,02
14:56:12,0.07349,216.20,0.43478,6.92404,5.05455,29.27916,36.01746,49.95,0864:48:59,1,02
14:56:13,0.07274,215.60,0.43239,6.79747,4.96215,29.27916,36.01748,49.96,0864:49:00,1,02
14:56:14,0.07374,215.70,0.43416,6.92218,5.05319,29.27916,36.01748,49.96,0864:49:01,1,02
14:56:15,0.07326,215.80,0.43633,6.91287,5.04639,29.27917,36.01748,49.96,0864:49:02,1,02
14:56:16,0.07374,216.00,0.4347,6.93893,5.06542,29.27917,36.01748,49.96,0864:49:03,1,02
14:56:17,0.07319,216.10,0.43577,6.90729,5.04232,29.27917,36.01749,49.96,0864:49:04,1,02
14:56:18,0.07312,216.00,0.43569,6.89798,5.03552,29.27917,36.01749,49.96,0864:49:05,1,02
14:56:19,0.07349,216.00,0.43285,6.88681,5.02737,29.27917,36.01749,49.95,0864:49:06,1,02
14:56:20,0.07304,216.10,0.43551,6.88867,5.02873,29.27918,36.01749,49.95,0864:49:07,1,02
14:56:21,0.07282,216.10,0.43673,6.88681,5.02737,29.27918,36.01749,49.98,0864:49:08,1,02
14:56:22,0.0733,216.10,0.43751,6.94637,5.07085,29.27918,36.01749,49.98,0864:49:09,1,02
14:56:23,0.07345,216.20,0.43322,6.89426,5.03281,29.27918,36.01749,49.98,0864:49:10,1,02
14:56:24,0.07308,216.10,0.43356,6.86261,5.00971,29.27918,36.01749,49.98,0864:49:11,1,02
14:56:25,0.07308,216.10,0.43402,6.8682,5.01378,29.27919,36.01751,49.98,0864:49:12,1,02
14:56:26,0.07316,216.10,0.43527,6.89612,5.03417,29.27919,36.01751,49.96,0864:49:13,1,02
14:56:27,0.07374,216.10,0.43415,6.93334,5.06134,29.27919,36.01751,49.96,0864:49:15,1,02
14:56:28,0.07353,216.00,0.43439,6.91287,5.04639,29.27919,36.01752,49.98,0864:49:16,1,02
14:56:29,0.07341,216.00,0.43431,6.90356,5.0396,29.27919,36.01752,49.98,0864:49:17,1,02
14:56:30,0.07341,216.20,0.43402,6.90542,5.04096,29.2792,36.01752,49.96,0864:49:18,1,02
14:56:31,0.07316,216.00,0.435,6.88867,5.02873,29.2792,36.01752,49.96,0864:49:19,1,02
14:56:32,0.07316,216.00,0.435,6.88867,5.02873,29.2792,36.01752,49.96,0864:49:19,1,02
14:56:33,0.07349,216.00,0.43307,6.88867,5.02873,29.2792,36.01752,49.96,0864:49:20,1,02
14:56:34,0.074,216.00,0.43342,6.94265,5.06813,29.2792,36.01752,49.96,0864:49:21,1,02
14:56:35,0.07371,215.90,0.43326,6.91101,5.04504,29.2792,36.01752,49.96,0864:49:22,1,02
14:56:36,0.07367,215.90,0.43451,6.92776,5.05726,29.27921,36.01752,49.96,0864:49:23,1,02
14:56:37,0.07364,215.90,0.43296,6.89984,5.03688,29.27921,36.01754,49.98,0864:49:24,1,02
14:56:38,0.07356,216.00,0.4336,6.90356,5.0396,29.27921,36.01754,49.98,0864:49:25,1,02
14:56:39,0.0736,215.90,0.43211,6.88309,5.02465,29.27921,36.01754,49.96,0864:49:26,1,02
14:56:40,0.07319,216.00,0.4328,6.85703,5.00563,29.27921,36.01754,49.96,0864:49:27,1,02
14:56:41,0.07397,216.10,0.43272,6.93148,5.05998,29.27922,36.01754,49.96,0864:49:28,1,02
14:56:42,0.07364,216.10,0.43289,6.90356,5.0396,29.27922,36.01754,49.96,0864:49:29,1,02
14:56:43,0.074,216.20,0.43315,6.94637,5.07085,29.27922,36.01754,49.96,0864:49:30,1,02
14:56:45,0.07356,216.20,0.43414,6.92031,5.05183,29.27922,36.01754,49.96,0864:49:31,1,02
14:56:46,0.07345,216.10,0.43308,6.89053,5.03009,29.27922,36.01756,49.96,0864:49:32,1,02
14:56:47,0.07379,216.10,0.43338,6.9259,5.05591,29.27923,36.01756,49.96,0864:49:33,1,02
14:56:48,0.07345,216.10,0.43343,6.89612,5.03417,29.27923,36.01756,49.96,0864:49:34,1,02
14:56:49,0.07349,216.10,0.43345,6.89798,5.03552,29.27923,36.01757,49.98,0864:49:36,1,02
14:56:50,0.07334,216.00,0.43425,6.89612,5.03417,29.27923,36.01757,49.98,0864:49:37,1,02
14:56:51,0.07312,216.10,0.4363,6.90915,5.04368,29.27923,36.01757,49.98,0864:49:38,1,02
14:56:52,0.07345,216.00,0.43305,6.88681,5.02737,29.27924,36.01757,49.98,0864:49:39,1,02
14:56:53,0.07426,216.00,0.4318,6.94079,5.06678,29.27924,36.01757,49.96,0864:49:40,1,02
14:56:54,0.07338,216.00,0.43076,6.844,4.99612,29.27924,36.01757,49.96,0864:49:41,1,02
14:56:55,0.0736,215.90,0.43316,6.89984,5.03688,29.27924,36.01757,49.99,0864:49:42,1,02
14:56:56,0.07356,216.00,0.43301,6.89426,5.03281,29.27924,36.01757,49.99,0864:49:43,1,02
14:56:57,0.07356,216.00,0.43301,6.89426,5.03281,29.27924,36.01757,49.99,0864:49:43,1,02
14:56:58,0.07371,216.00,0.43257,6.9017,5.03824,29.27925,36.01759,49.99,0864:49:44,1,02
14:56:59,0.07374,215.90,0.43189,6.8924,5.03145,29.27925,36.01759,49.99,0864:49:45,1,02
14:57:00,0.07408,215.90,0.43103,6.90915,5.04368,29.27925,36.01759,49.98,0864:49:46,1,02
14:57:01,0.074,215.90,0.43339,6.93893,5.06542,29.27925,36.01759,49.98,0864:49:47,1,02
14:57:02,0.07364,215.80,0.4328,6.8924,5.03145,29.27925,36.0176,49.99,0864:49:48,1,02
14:57:03,0.07379,215.80,0.4328,6.90542,5.04096,29.27926,36.0176,49.99,0864:49:49,1,02
14:57:04,0.07353,215.80,0.43258,6.87937,5.02194,29.27926,36.0176,50.00,0864:49:50,1,02
14:57:05,0.07379,215.80,0.43305,6.91101,5.04504,29.27926,36.0176,50.00,0864:49:51,1,02
14:57:06,0.07356,215.90,0.43288,6.89053,5.03009,29.27926,36.0176,50.00,0864:49:52,1,02
14:57:07,0.07338,215.90,0.43341,6.88123,5.0233,29.27926,36.0176,50.00,0864:49:53,1,02
14:57:08,0.0736,215.80,0.43218,6.87937,5.02194,29.27927,36.0176,50.01,0864:49:54,1,02
14:57:09,0.07304,215.90,0.43486,6.87192,5.0165,29.27927,36.01762,50.03,0864:49:55,1,02
14:57:10,0.07345,215.90,0.43443,6.90542,5.04096,29.27927,36.01762,50.03,0864:49:57,1,02
14:57:11,0.07386,215.90,0.43328,6.9259,5.05591,29.27927,36.01762,50.03,0864:49:58,1,02
14:57:12,0.07364,215.80,0.43467,6.92218,5.05319,29.27927,36.01762,50.03,0864:49:59,1,02
14:57:13,0.07415,215.80,0.43129,6.91659,5.04911,29.27928,36.01762,50.04,0864:50:00,1,02
14:57:14,0.07349,215.60,0.43507,6.90915,5.04368,29.27928,36.01762,50.04,0864:50:01,1,02
14:57:15,0.07356,215.50,0.43511,6.91473,5.04775,29.27928,36.01762,50.03,0864:50:02,1,02
14:57:16,0.07386,215.50,0.43396,6.92218,5.05319,29.27928,36.01762,50.03,0864:50:03,1,02
14:57:17,0.07374,215.40,0.43383,6.90729,5.04232,29.27928,36.01764,50.04,0864:50:04,1,02
14:57:18,0.074,215.30,0.43217,6.9017,5.03824,29.27929,36.01764,50.04,0864:50:05,1,02
14:57:19,0.07386,215.30,0.43378,6.91287,5.04639,29.27929,36.01764,50.03,0864:50:06,1,02
14:57:20,0.07371,215.30,0.43285,6.88681,5.02737,29.27929,36.01764,50.03,0864:50:07,1,02
14:57:21,0.07341,215.40,0.43564,6.90356,5.0396,29.27929,36.01765,50.04,0864:50:08,1,02
14:57:22,0.07341,215.40,0.43564,6.90356,5.0396,29.27929,36.01765,50.04,0864:50:08,1,02
14:57:23,0.07371,215.30,0.43365,6.89798,5.03552,29.27929,36.01765,50.04,0864:50:09,1,02
14:57:24,0.07422,215.50,0.43069,6.90542,5.04096,29.2793,36.01765,50.03,0864:50:10,1,02
14:57:25,0.07382,215.50,0.43182,6.88495,5.02601,29.2793,36.01765,50.03,0864:50:11,1,02
14:57:26,0.07412,215.50,0.43246,6.92404,5.05455,29.2793,36.01765,50.03,0864:50:12,1,02
14:57:27,0.07393,215.40,0.43189,6.8924,5.03145,29.2793,36.01765,50.03,0864:50:13,1,02
14:57:28,0.07408,215.30,0.43143,6.89798,5.03552,29.2793,36.01765,50.01,0864:50:14,1,02
14:57:29,0.07397,215.30,0.43167,6.89053,5.03009,29.27931,36.01767,50.01,0864:50:15,1,02
14:57:30,0.07412,215.40,0.43146,6.9017,5.03824,29.27931,36.01767,50.01,0864:50:17,1,02
14:57:31,0.07444,215.30,0.42955,6.89984,5.03688,29.27931,36.01767,49.99,0864:50:18,1,02
14:57:32,0.07444,215.40,0.4297,6.90542,5.04096,29.27931,36.01767,49.99,0864:50:19,1,02
14:57:33,0.07448,215.40,0.4309,6.92962,5.05862,29.27931,36.01768,50.00,0864:50:20,1,02
14:57:34,0.07412,215.40,0.4309,6.89426,5.03281,29.27932,36.01768,50.00,0864:50:21,1,02
14:57:35,0.07389,215.50,0.43257,6.9017,5.03824,29.27932,36.01768,50.00,0864:50:22,1,02
14:57:36,0.07422,215.50,0.43033,6.89798,5.03552,29.27932,36.01768,50.00,0864:50:23,1,02
14:57:37,0.074,215.50,0.43093,6.88681,5.02737,29.27932,36.01768,49.98,0864:50:24,1,02
14:57:38,0.07441,215.50,0.42968,6.90356,5.0396,29.27932,36.01768,49.98,0864:50:25,1,02
14:57:39,0.07426,215.40,0.43104,6.91101,5.04504,29.27933,36.01768,49.96,0864:50:26,1,02
14:57:40,0.07408,215.20,0.43218,6.90356,5.0396,29.27933,36.01768,49.96,0864:50:27,1,02
14:57:41,0.07397,215.00,0.43239,6.8924,5.03145,29.27933,36.0177,49.96,0864:50:28,1,02
14:57:42,0.07419,215.20,0.4288,6.86075,5.00835,29.27933,36.0177,49.96,0864:50:29,1,02
14:57:43,0.07415,215.30,0.43136,6.9017,5.03824,29.27933,36.0177,49.95,0864:50:30,1,02
14:57:44,0.07415,215.50,0.43154,6.91101,5.04504,29.27934,36.0177,49.95,0864:50:31,1,02
14:57:45,0.07397,215.70,0.43226,6.91287,5.04639,29.27934,36.0177,49.98,0864:50:32,1,02
14:57:46,0.07408,215.70,0.43005,6.88867,5.02873,29.27934,36.0177,49.98,0864:50:33,1,02
14:57:47,0.07408,215.70,0.43005,6.88867,5.02873,29.27934,36.0177,49.98,0864:50:33,1,02
14:57:48,0.07397,215.70,0.43108,6.8924,5.03145,29.27934,36.0177,49.96,0864:50:34,1,02
14:57:49,0.07379,215.70,0.43339,6.91473,5.04775,29.27934,36.01772,49.96,0864:50:35,1,02
14:57:50,0.07448,215.70,0.42971,6.91845,5.05047,29.27935,36.01772,49.96,0864:50:36,1,02
14:57:51,0.07459,215.70,0.43015,6.9352,5.0627,29.27935,36.01772,49.96,0864:50:38,1,02
14:57:52,0.07455,215.70,0.42804,6.89798,5.03552,29.27935,36.01772,49.96,0864:50:39,1,02
14:57:53,0.07386,215.60,0.42815,6.83283,4.98797,29.27935,36.01773,49.96,0864:50:40,1,02
14:57:54,0.07408,215.50,0.4309,6.89426,5.03281,29.27935,36.01773,49.96,0864:50:41,1,02
14:57:55,0.07393,215.60,0.43207,6.9017,5.03824,29.27936,36.01773,49.96,0864:50:42,1,02
14:57:56,0.07389,215.70,0.43218,6.90356,5.0396,29.27936,36.01773,49.96,0864:50:43,1,02
14:57:57,0.07441,215.80,0.42981,6.91845,5.05047,29.27936,36.01773,49.96,0864:50:44,1,02
14:57:58,0.0733,215.90,0.43394,6.88309,5.02465,29.27936,36.01773,49.96,0864:50:45,1,02
14:57:59,0.07353,216.00,0.43298,6.89053,5.03009,29.27936,36.01773,49.96,0864:50:46,1,02
14:58:00,0.0736,216.00,0.43189,6.88123,5.0233,29.27937,36.01773,49.96,0864:50:47,1,02
14:58:01,0.07374,216.00,0.4333,6.91659,5.04911,29.27937,36.01775,49.96,0864:50:48,1,02
14:58:02,0.07404,215.80,0.43026,6.89053,5.03009,29.27937,36.01775,49.96,0864:50:49,1,02
14:58:03,0.07364,215.80,0.43328,6.9017,5.03824,29.27937,36.01775,49.95,0864:50:50,1,02
14:58:04,0.07397,215.80,0.43474,6.95568,5.07765,29.27937,36.01776,49.95,0864:50:51,1,02
14:58:05,0.0736,215.80,0.43241,6.88309,5.02465,29.27938,36.01776,49.96,0864:50:52,1,02
14:58:06,0.0743,215.80,0.4291,6.89426,5.03281,29.27938,36.01776,49.96,0864:50:53,1,02
14:58:07,0.07415,215.80,0.43084,6.91101,5.04504,29.27938,36.01776,49.98,0864:50:54,1,02
14:58:08,0.07386,215.90,0.43117,6.89053,5.03009,29.27938,36.01777,49.98,0864:50:55,1,02
14:58:09,0.07426,215.80,0.43187,6.93707,5.06406,29.27938,36.01777,49.98,0864:50:56,1,02
14:58:10,0.07404,215.80,0.43085,6.89984,5.03688,29.27939,36.01777,49.98,0864:50:58,1,02
14:58:11,0.07404,215.80,0.43085,6.89984,5.03688,29.27939,36.01777,49.98,0864:50:58,1,02
14:58:12,0.07437,216.10,0.43078,6.93893,5.06542,29.27939,36.01777,49.98,0864:50:59,1,02
14:58:13,0.07319,216.20,0.4338,6.87937,5.02194,29.27939,36.01778,49.98,0864:51:00,1,02
14:58:14,0.07345,216.20,0.43323,6.89612,5.03417,29.27939,36.01778,49.98,0864:51:01,1,02
14:58:15,0.07338,216.30,0.43412,6.90542,5.04096,29.27939,36.01778,49.98,0864:51:02,1,02
14:58:16,0.07379,216.20,0.43354,6.93334,5.06134,29.2794,36.01778,49.98,0864:51:03,1,02
14:58:17,0.07367,216.20,0.4325,6.90542,5.04096,29.2794,36.01778,50.00,0864:51:04,1,02
14:58:18,0.07367,216.20,0.43145,6.88867,5.02873,29.2794,36.01778,50.00,0864:51:05,1,02
14:58:19,0.07345,216.30,0.43266,6.88867,5.02873,29.2794,36.01778,49.99,0864:51:06,1,02
14:58:20,0.07374,216.20,0.43256,6.91287,5.04639,29.2794,36.01778,49.99,0864:51:07,1,02
14:58:21,0.07382,216.20,0.43077,6.89053,5.03009,29.27941,36.0178,50.00,0864:51:08,1,02
14:58:22,0.0743,216.10,0.43117,6.93707,5.06406,29.27941,36.0178,50.00,0864:51:09,1,02
14:58:23,0.07374,216.10,0.4302,6.87192,5.0165,29.27941,36.0178,50.00,0864:51:10,1,02
14:58:24,0.07397,216.20,0.43055,6.89984,5.03688,29.27941,36.01781,50.00,0864:51:11,1,02
14:58:25,0.07419,216.10,0.42877,6.89053,5.03009,29.27941,36.01781,50.00,0864:51:12,1,02
14:58:26,0.07462,216.10,0.42643,6.89426,5.03281,29.27942,36.01781,50.00,0864:51:13,1,02
14:58:27,0.07448,216.00,0.42992,6.93148,5.05998,29.27942,36.01781,50.01,0864:51:14,1,02
14:58:28,0.07419,216.00,0.43013,6.90915,5.04368,29.27942,36.01781,50.01,0864:51:15,1,02
14:58:29,0.0743,216.10,0.42874,6.89798,5.03552,29.27942,36.01781,50.03,0864:51:16,1,02
14:58:30,0.0748,216.10,0.43026,6.97057,5.08852,29.27942,36.01781,50.03,0864:51:18,1,02
14:58:31,0.07422,216.10,0.42763,6.87378,5.01786,29.27943,36.01781,50.03,0864:51:19,1,02
14:58:32,0.07404,216.10,0.42839,6.87006,5.01514,29.27943,36.01783,50.04,0864:51:20,1,02
14:58:33,0.07408,216.00,0.42978,6.8924,5.03145,29.27943,36.01783,50.04,0864:51:21,1,02
14:58:34,0.07462,215.90,0.42958,6.93707,5.06406,29.27943,36.01783,50.03,0864:51:22,1,02
14:58:35,0.07462,215.90,0.42958,6.93707,5.06406,29.27943,36.01783,50.03,0864:51:22,1,02
14:58:36,0.07451,216.00,0.42729,6.89053,5.03009,29.27943,36.01783,50.03,0864:51:23,1,02
14:58:37,0.07441,216.00,0.42836,6.89984,5.03688,29.27944,36.01783,50.04,0864:51:24,1,02
14:58:38,0.07437,216.00,0.42969,6.91659,5.04911,29.27944,36.01783,50.04,0864:51:25,1,02
14:58:39,0.07433,216.00,0.4305,6.92962,5.05862,29.27944,36.01783,50.03,0864:51:26,1,02
14:58:40,0.07397,215.90,0.42988,6.88123,5.0233,29.27944,36.01785,50.03,0864:51:27,1,02
14:58:41,0.07412,215.90,0.42942,6.88495,5.02601,29.27944,36.01785,50.03,0864:51:28,1,02
14:58:42,0.07444,215.80,0.42925,6.91101,5.04504,29.27945,36.01785,50.03,0864:51:29,1,02
14:58:43,0.07389,215.80,0.43128,6.8924,5.03145,29.27945,36.01785,50.03,0864:51:30,1,02
14:58:44,0.07412,215.70,0.43018,6.8924,5.03145,29.27945,36.01786,50.03,0864:51:31,1,02
14:58:46,0.07426,215.70,0.43056,6.91287,5.04639,29.27945,36.01786,50.03,0864:51:32,1,02
14:58:47,0.07441,215.70,0.43034,6.92218,5.05319,29.27946,36.01786,50.03,0864:51:33,1,02
14:58:48,0.07441,215.70,0.42941,6.90729,5.04232,29.27946,36.01786,50.03,0864:51:34,1,02
14:58:49,0.07441,215.80,0.43107,6.93707,5.06406,29.27946,36.01786,50.03,0864:51:35,1,02
14:58:50,0.07393,215.80,0.43038,6.88123,5.0233,29.27946,36.01786,50.01,0864:51:36,1,02
14:58:51,0.07426,215.80,0.42849,6.88123,5.0233,29.27946,36.01786,50.01,0864:51:37,1,02
14:58:52,0.07422,215.80,0.43102,6.92031,5.05183,29.27947,36.01786,50.00,0864:51:39,1,02
14:58:53,0.07326,216.00,0.43322,6.87006,5.01514,29.27947,36.01788,50.03,0864:51:40,1,02
14:58:54,0.07419,215.90,0.43033,6.90915,5.04368,29.27947,36.01788,50.03,0864:51:41,1,02
14:58:55,0.07459,215.90,0.42827,6.91287,5.04639,29.27947,36.01788,50.01,0864:51:42,1,02
14:58:56,0.07506,215.80,0.42767,6.94451,5.06949,29.27947,36.01789,50.01,0864:51:43,1,02
14:58:57,0.07412,215.80,0.4295,6.88309,5.02465,29.27948,36.01789,50.01,0864:51:44,1,02
14:58:58,0.07426,215.70,0.4294,6.89426,5.03281,29.27948,36.01789,50.01,0864:51:45,1,02
14:58:59,0.07393,215.60,0.4315,6.89426,5.03281,29.27948,36.01789,50.01,0864:51:46,1,02
14:59:00,0.07419,215.60,0.42953,6.88681,5.02737,29.27948,36.01789,50.01,0864:51:47,1,02
14:59:01,0.0747,215.60,0.42943,6.93148,5.05998,29.27948,36.01789,50.00,0864:51:48,1,02
14:59:02,0.0747,215.60,0.42943,6.93148,5.05998,29.27948,36.01789,50.00,0864:51:48,1,02
14:59:03,0.07415,215.60,0.43078,6.90356,5.0396,29.27949,36.01789,50.00,0864:51:49,1,02
14:59:04,0.07412,215.60,0.43015,6.88867,5.02873,29.27949,36.01789,50.00,0864:51:50,1,02
14:59:05,0.074,215.70,0.43123,6.89798,5.03552,29.27949,36.01791,50.00,0864:51:51,1,02
14:59:06,0.07404,215.90,0.43063,6.89798,5.03552,29.27949,36.01791,49.99,0864:51:52,1,02
14:59:07,0.07451,215.90,0.42991,6.92962,5.05862,29.27949,36.01791,49.99,0864:51:53,1,02
14:59:08,0.07389,215.90,0.43108,6.8924,5.03145,29.2795,36.01791,49.99,0864:51:54,1,02
14:59:09,0.07374,215.90,0.43224,6.89798,5.03552,29.2795,36.01791,49.99,0864:51:55,1,02
14:59:10,0.0743,215.90,0.4289,6.89426,5.03281,29.2795,36.01791,49.98,0864:51:56,1,02
14:59:11,0.07415,215.90,0.42923,6.88681,5.02737,29.2795,36.01791,49.98,0864:51:57,1,02
14:59:12,0.07462,215.90,0.4313,6.96499,5.08444,29.2795,36.01793,49.99,0864:51:59,1,02
14:59:13,0.07433,215.90,0.42917,6.9017,5.03824,29.27951,36.01793,49.98,0864:52:00,1,02
14:59:14,0.07412,215.80,0.43045,6.89984,5.03688,29.27951,36.01793,49.98,0864:52:01,1,02
14:59:15,0.07393,215.80,0.43132,6.89612,5.03417,29.27951,36.01793,49.98,0864:52:02,1,02
14:59:16,0.0743,215.70,0.43105,6.92404,5.05455,29.27951,36.01794,49.98,0864:52:03,1,02
14:59:17,0.074,215.70,0.43311,6.92962,5.05862,29.27951,36.01794,49.98,0864:52:04,1,02
14:59:18,0.07393,215.70,0.43058,6.88123,5.0233,29.27952,36.01794,49.98,0864:52:05,1,02
14:59:19,0.07386,215.50,0.43117,6.87937,5.02194,29.27952,36.01794,49.95,0864:52:06,1,02
14:59:20,0.07404,215.50,0.43143,6.89798,5.03552,29.27952,36.01794,49.95,0864:52:07,1,02
14:59:21,0.07379,215.40,0.42896,6.83283,4.98797,29.27952,36.01794,49.96,0864:52:08,1,02
14:59:22,0.07415,215.40,0.43174,6.91101,5.04504,29.27952,36.01794,49.96,0864:52:09,1,02
14:59:23,0.0736,215.40,0.4351,6.91287,5.04639,29.27953,36.01794,49.95,0864:52:10,1,02
14:59:24,0.07367,215.50,0.43472,6.91659,5.04911,29.27953,36.01796,49.95,0864:52:11,1,02
14:59:25,0.07404,215.60,0.43065,6.88867,5.02873,29.27953,36.01796,49.95,0864:52:12,1,02
14:59:26,0.07455,215.60,0.43009,6.92776,5.05726,29.27953,36.01796,49.95,0864:52:13,1,02
14:59:27,0.07455,215.60,0.43009,6.92776,5.05726,29.27953,36.01796,49.95,0864:52:13,1,02
14:59:28,0.07426,215.50,0.43131,6.91845,5.05047,29.27953,36.01797,49.96,0864:52:14,1,02
14:59:29,0.07455,215.60,0.43148,6.9501,5.07357,29.27954,36.01797,49.96,0864:52:15,1,02
14:59:30,0.07437,215.60,0.42993,6.90915,5.04368,29.27954,36.01797,49.95,0864:52:16,1,02
14:59:31,0.07433,215.60,0.43092,6.92031,5.05183,29.27954,36.01797,49.95,0864:52:17,1,02
14:59:32,0.07437,215.70,0.42892,6.89612,5.03417,29.27954,36.01797,49.95,0864:52:18,1,02
14:59:33,0.07451,215.80,0.42908,6.91473,5.04775,29.27954,36.01797,49.96,0864:52:20,1,02
14:59:34,0.0747,215.90,0.42939,6.93893,5.06542,29.27955,36.01797,49.96,0864:52:21,1,02
14:59:35,0.07455,215.90,0.42742,6.89426,5.03281,29.27955,36.01797,49.98,0864:52:22,1,02
14:59:36,0.07426,215.80,0.42816,6.8775,5.02058,29.27955,36.01799,49.98,0864:52:23,1,02
14:59:37,0.07379,215.80,0.43072,6.87378,5.01786,29.27955,36.01799,49.98,0864:52:24,1,02
14:59:38,0.07404,215.80,0.42909,6.87006,5.01514,29.27955,36.01799,49.98,0864:52:25,1,02
14:59:39,0.07419,215.80,0.42922,6.88495,5.02601,29.27956,36.01799,49.98,0864:52:26,1,02
14:59:40,0.0747,215.80,0.42752,6.90542,5.04096,29.27956,36.01799,49.98,0864:52:27,1,02
14:59:41,0.0748,215.70,0.42887,6.9352,5.0627,29.27956,36.01799,49.98,0864:52:28,1,02
14:59:42,0.07441,215.80,0.42955,6.91101,5.04504,29.27956,36.01799,49.98,0864:52:29,1,02
14:59:43,0.074,215.80,0.43023,6.88681,5.02737,29.27956,36.01801,49.99,0864:52:30,1,02
14:59:44,0.07404,215.70,0.43115,6.89984,5.03688,29.27957,36.01801,49.99,0864:52:31,1,02
14:59:45,0.07451,215.70,0.42859,6.90356,5.0396,29.27957,36.01801,49.99,0864:52:32,1,02
14:59:46,0.07462,215.70,0.43043,6.94451,5.06949,29.27957,36.01801,49.99,0864:52:33,1,02
14:59:47,0.07422,215.80,0.43031,6.90729,5.04232,29.27957,36.01802,50.01,0864:52:34,1,02
14:59:48,0.07451,215.70,0.42814,6.89798,5.03552,29.27957,36.01802,50.01,0864:52:35,1,02
14:59:49,0.07451,215.60,0.42799,6.8924,5.03145,29.27958,36.01802,50.01,0864:52:36,1,02
14:59:50,0.07353,215.70,0.43254,6.87378,5.01786,29.27958,36.01802,50.01,0864:52:37,1,02
14:59:51,0.0743,215.60,0.42927,6.89053,5.03009,29.27958,36.01802,50.01,0864:52:38,1,02
14:59:52,0.0743,215.60,0.42927,6.89053,5.03009,29.27958,36.01802,50.01,0864:52:38,1,02
14:59:53,0.07444,215.60,0.42988,6.91473,5.04775,29.27958,36.01802,50.03,0864:52:40,1,02
14:59:54,0.07422,214.70,0.42902,6.85145,5.00156,29.27958,36.01802,50.03,0864:52:41,1,02
14:59:55,0.07492,214.80,0.42879,6.91473,5.04775,29.27959,36.01802,50.01,0864:52:42,1,02
14:59:56,0.07473,215.30,0.42752,6.89426,5.03281,29.27959,36.01804,50.01,0864:52:43,1,02
14:59:57,0.07451,215.30,0.4274,6.87006,5.01514,29.27959,36.01804,50.03,0864:52:44,1,02
14:59:58,0.07502,215.20,0.42788,6.92404,5.05455,29.27959,36.01804,50.03,0864:52:45,1,02
14:59:59,0.07466,215.40,0.42804,6.89798,5.03552,29.27959,36.01805,50.01,0864:52:46,1,02
15:00:00,0.07477,215.50,0.42671,6.8924,5.03145,29.2796,36.01805,50.01,0864:52:47,1,02
15:00:01,0.07422,215.70,0.42887,6.87937,5.02194,29.2796,36.01805,50.00,0864:52:48,1,02
15:00:02,0.07433,215.70,0.42968,6.90356,5.0396,29.2796,36.01805,50.00,0864:52:49,1,02
15:00:03,0.07451,215.60,0.42822,6.89612,5.03417,29.2796,36.01805,50.01,0864:52:50,1,02
15:00:04,0.07437,215.80,0.43079,6.92776,5.05726,29.2796,36.01805,50.01,0864:52:51,1,02
15:00:05,0.07488,215.80,0.42967,6.9594,5.08036,29.27961,36.01805,50.03,0864:52:52,1,02
15:00:06,0.07412,215.80,0.42872,6.87378,5.01786,29.27961,36.01805,50.03,0864:52:53,1,02
15:00:07,0.07422,215.70,0.42763,6.86261,5.00971,29.27961,36.01807,50.03,0864:52:54,1,02
15:00:08,0.07419,215.70,0.42967,6.89053,5.03009,29.27961,36.01807,50.03,0864:52:55,1,02
15:00:09,0.07444,215.70,0.42735,6.87564,5.01922,29.27961,36.01807,50.01,0864:52:56,1,02
15:00:10,0.07426,215.80,0.43081,6.91845,5.05047,29.27962,36.01807,50.01,0864:52:57,1,02
15:00:11,0.07451,215.70,0.42953,6.92031,5.05183,29.27962,36.01807,50.04,0864:52:58,1,02
15:00:12,0.07397,215.70,0.42912,6.86261,5.00971,29.27962,36.01807,50.04,0864:52:59,1,02
15:00:13,0.07426,215.70,0.4288,6.88309,5.02465,29.27962,36.01807,50.03,0864:53:00,1,02
15:00:14,0.07441,215.70,0.42885,6.89984,5.03688,29.27962,36.01809,50.01,0864:53:02,1,02
15:00:15,0.07412,215.80,0.4293,6.88309,5.02465,29.27963,36.01809,50.01,0864:53:03,1,02
15:00:16,0.07448,215.90,0.42964,6.92218,5.05319,29.27963,36.01809,50.04,0864:53:04,1,02
15:00:17,0.07448,215.90,0.42964,6.92218,5.05319,29.27963,36.01809,50.04,0864:53:04,1,02
15:00:18,0.07393,215.90,0.43113,6.89798,5.03552,29.27963,36.01809,50.04,0864:53:05,1,02
15:00:19,0.07393,216.00,0.42929,6.87006,5.01514,29.27963,36.0181,50.03,0864:53:06,1,02
15:00:20,0.07433,215.90,0.42955,6.91101,5.04504,29.27963,36.0181,50.03,0864:53:07,1,02
15:00:21,0.07371,216.10,0.43225,6.89984,5.03688,29.27964,36.0181,50.03,0864:53:08,1,02
15:00:22,0.07415,216.00,0.43147,6.9259,5.05591,29.27964,36.0181,50.03,0864:53:09,1,02
15:00:23,0.07389,216.00,0.43018,6.88123,5.0233,29.27964,36.0181,50.01,0864:53:10,1,02
15:00:24,0.07419,216.00,0.42978,6.90356,5.0396,29.27964,36.0181,50.01,0864:53:11,1,02
15:00:25,0.07437,216.00,0.4296,6.91659,5.04911,29.27964,36.0181,50.01,0864:53:12,1,02
15:00:26,0.07397,215.80,0.43125,6.89984,5.03688,29.27965,36.0181,50.01,0864:53:13,1,02
15:00:27,0.07408,215.80,0.43041,6.89612,5.03417,29.27965,36.01812,50.01,0864:53:14,1,02
15:00:28,0.07389,215.70,0.4315,6.89426,5.03281,29.27965,36.01812,50.01,0864:53:15,1,02
15:00:29,0.07408,215.60,0.42977,6.87937,5.02194,29.27965,36.01812,50.01,0864:53:16,1,02
15:00:30,0.07419,215.60,0.4294,6.88309,5.02465,29.27965,36.01813,50.01,0864:53:17,1,02
15:00:31,0.07412,215.60,0.4298,6.88309,5.02465,29.27966,36.01813,50.00,0864:53:18,1,02
15:00:32,0.0747,215.50,0.42918,6.9259,5.05591,29.27966,36.01813,50.00,0864:53:19,1,02
15:00:33,0.07426,215.50,0.42885,6.8775,5.02058,29.27966,36.01813,50.01,0864:53:20,1,02
15:00:34,0.07451,215.50,0.42806,6.88867,5.02873,29.27966,36.01814,50.00,0864:53:22,1,02
15:00:35,0.07397,215.50,0.43183,6.89798,5.03552,29.27966,36.01814,50.00,0864:53:23,1,02
15:00:36,0.07386,215.60,0.432,6.89426,5.03281,29.27967,36.01814,50.00,0864:53:24,1,02
15:00:37,0.07415,215.60,0.4324,6.92962,5.05862,29.27967,36.01814,50.00,0864:53:25,1,02
15:00:38,0.07408,215.60,0.4307,6.89426,5.03281,29.27967,36.01815,50.00,0864:53:26,1,02
15:00:40,0.07382,215.70,0.43129,6.88123,5.0233,29.27967,36.01815,50.00,0864:53:27,1,02
15:00:41,0.07367,215.60,0.43241,6.88309,5.02465,29.27967,36.01815,49.99,0864:53:28,1,02
15:00:42,0.07356,215.50,0.43322,6.88309,5.02465,29.27968,36.01815,49.99,0864:53:29,1,02
15:00:43,0.07356,215.50,0.43322,6.88309,5.02465,29.27968,36.01815,49.99,0864:53:29,1,02
15:00:44,0.07382,215.40,0.43167,6.87937,5.02194,29.27968,36.01815,50.00,0864:53:30,1,02
15:00:45,0.07426,215.40,0.42963,6.88681,5.02737,29.27968,36.01815,50.00,0864:53:31,1,02
15:00:46,0.07437,215.40,0.43101,6.91845,5.05047,29.27968,36.01815,49.99,0864:53:32,1,02
15:00:47,0.07389,215.40,0.43315,6.91101,5.04504,29.27968,36.01815,49.99,0864:53:33,1,02
15:00:48,0.07374,215.40,0.43372,6.90542,5.04096,29.27969,36.01817,49.98,0864:53:34,1,02
15:00:49,0.07389,215.40,0.43152,6.88495,5.02601,29.27969,36.01817,49.98,0864:53:35,1,02
15:00:50,0.07412,215.50,0.43161,6.90729,5.04232,29.27969,36.01817,49.98,0864:53:36,1,02
15:00:51,0.07404,215.50,0.4318,6.90542,5.04096,29.27969,36.01818,49.98,0864:53:37,1,02
15:00:52,0.0743,215.50,0.43157,6.9259,5.05591,29.27969,36.01818,49.98,0864:53:38,1,02
15:00:53,0.07415,215.50,0.43063,6.89798,5.03552,29.2797,36.01818,49.98,0864:53:39,1,02
15:00:54,0.0743,215.60,0.42973,6.89798,5.03552,29.2797,36.01818,49.98,0864:53:40,1,02
15:00:55,0.074,215.90,0.43154,6.91101,5.04504,29.2797,36.01818,49.98,0864:53:42,1,02
15:00:56,0.07356,216.00,0.43234,6.88681,5.02737,29.2797,36.01818,49.98,0864:53:43,1,02
15:00:57,0.07364,215.90,0.43238,6.89053,5.03009,29.2797,36.01818,49.99,0864:53:44,1,02
15:00:58,0.07422,216.00,0.43271,6.95382,5.07629,29.27971,36.01818,49.99,0864:53:45,1,02
15:00:59,0.07404,216.10,0.43059,6.90542,5.04096,29.27971,36.0182,49.98,0864:53:46,1,02
15:01:00,0.07404,216.20,0.43016,6.9017,5.03824,29.27971,36.0182,49.98,0864:53:47,1,02
15:01:01,0.07415,216.20,0.42807,6.87937,5.02194,29.27971,36.0182,49.99,0864:53:48,1,02
15:01:02,0.07393,216.20,0.43053,6.89798,5.03552,29.27971,36.0182,49.99,0864:53:49,1,02
15:01:03,0.074,216.30,0.43015,6.89984,5.03688,29.27972,36.0182,49.98,0864:53:50,1,02
15:01:04,0.074,216.20,0.43048,6.90356,5.0396,29.27972,36.0182,49.98,0864:53:51,1,02
15:01:05,0.07437,216.20,0.43024,6.93334,5.06134,29.27972,36.0182,50.00,0864:53:52,1,02
15:01:06,0.07371,216.20,0.43079,6.88123,5.0233,29.27972,36.01822,50.00,0864:53:53,1,02
15:01:07,0.07371,216.20,0.43079,6.88123,5.0233,29.27972,36.01822,50.00,0864:53:53,1,02
15:01:08,0.07345,216.20,0.433,6.8924,5.03145,29.27972,36.01822,49.99,0864:53:54,1,02
15:01:09,0.07393,216.20,0.43088,6.90356,5.0396,29.27973,36.01822,49.99,0864:53:55,1,02
15:01:10,0.07408,216.10,0.4296,6.89426,5.03281,29.27973,36.01822,49.99,0864:53:56,1,02
15:01:11,0.07393,216.20,0.42972,6.88495,5.02601,29.27973,36.01823,49.99,0864:53:57,1,02
15:01:12,0.07426,216.00,0.43158,6.93893,5.06542,29.27973,36.01823,50.01,0864:53:58,1,02
15:01:13,0.07393,215.80,0.43073,6.88681,5.02737,29.27973,36.01823,50.01,0864:53:59,1,02
15:01:14,0.07422,215.80,0.42927,6.89053,5.03009,29.27974,36.01823,50.00,0864:54:00,1,02
15:01:15,0.07397,215.80,0.42995,6.8775,5.02058,29.27974,36.01823,50.01,0864:54:02,1,02
15:01:16,0.07386,215.70,0.43169,6.8924,5.03145,29.27974,36.01823,50.01,0864:54:03,1,02
15:01:17,0.07412,215.60,0.43016,6.89053,5.03009,29.27974,36.01823,50.01,0864:54:04,1,02
15:01:18,0.07477,215.60,0.42984,6.94451,5.06949,29.27974,36.01823,50.01,0864:54:05,1,02
15:01:19,0.07433,215.50,0.42895,6.88867,5.02873,29.27975,36.01825,50.01,0864:54:06,1,02
15:01:20,0.07437,215.70,0.42973,6.90915,5.04368,29.27975,36.01825,50.01,0864:54:07,1,02
15:01:21,0.074,215.60,0.4305,6.88309,5.02465,29.27975,36.01825,50.00,0864:54:08,1,02
15:01:22,0.07419,215.50,0.4302,6.89426,5.03281,29.27975,36.01826,50.00,0864:54:09,1,02
15:01:23,0.07433,215.40,0.42832,6.87378,5.01786,29.27975,36.01826,50.01,0864:54:10,1,02
15:01:24,0.07441,215.40,0.42908,6.8924,5.03145,29.27976,36.01826,50.01,0864:54:11,1,02
15:01:25,0.07448,215.50,0.43022,6.92031,5.05183,29.27976,36.01826,50.00,0864:54:12,1,02
15:01:26,0.07422,215.50,0.43079,6.90542,5.04096,29.27976,36.01826,50.00,0864:54:13,1,02
15:01:27,0.07404,215.50,0.43062,6.88495,5.02601,29.27976,36.01826,50.03,0864:54:14,1,02
15:01:28,0.07441,215.40,0.42864,6.88681,5.02737,29.27976,36.01826,50.03,0864:54:15,1,02
15:01:29,0.07419,215.40,0.43015,6.88867,5.02873,29.27977,36.01826,50.00,0864:54:16,1,02
15:01:30,0.07426,215.40,0.43068,6.90356,5.0396,29.27977,36.01828,50.00,0864:54:17,1,02
15:01:31,0.07426,215.40,0.43068,6.90356,5.0396,29.27977,36.01828,50.00,0864:54:17,1,02
15:01:32,0.0748,214.90,0.43021,6.92962,5.05862,29.27977,36.01828,50.01,0864:54:18,1,02
15:01:33,0.07466,214.80,0.42776,6.8775,5.02058,29.27977,36.01828,50.01,0864:54:19,1,02
15:01:34,0.07462,214.80,0.42943,6.89798,5.03552,29.27977,36.01828,50.00,0864:54:20,1,02
15:01:35,0.07459,214.70,0.42869,6.88123,5.0233,29.27978,36.01828,50.00,0864:54:21,1,02
15:01:36,0.07462,214.70,0.43023,6.90915,5.04368,29.27978,36.01828,49.99,0864:54:23,1,02
15:01:37,0.07422,214.80,0.43103,6.88681,5.02737,29.27978,36.01828,49.98,0864:54:24,1,02
15:01:38,0.07513,214.90,0.42913,6.94265,5.06813,29.27978,36.01828,49.98,0864:54:25,1,02
15:01:39,0.07426,215.00,0.43057,6.89053,5.03009,29.27979,36.0183,49.96,0864:54:26,1,02
15:01:40,0.0747,215.00,0.43004,6.92218,5.05319,29.27979,36.0183,49.96,0864:54:27,1,02
15:01:41,0.07415,215.10,0.43143,6.89798,5.03552,29.27979,36.0183,49.96,0864:54:28,1,02
15:01:42,0.07444,215.10,0.4289,6.88309,5.02465,29.27979,36.01831,49.96,0864:54:29,1,02
15:01:43,0.07451,215.00,0.4266,6.84772,4.99884,29.27979,36.01831,49.96,0864:54:30,1,02
15:01:44,0.07444,215.00,0.42958,6.8924,5.03145,29.2798,36.01831,49.96,0864:54:31,1,02
15:01:45,0.0748,215.10,0.43063,6.94451,5.06949,29.2798,36.01831,49.95,0864:54:32,1,02
15:01:46,0.07437,215.20,0.42935,6.88867,5.02873,29.2798,36.01831,49.95,0864:54:33,1,02
15:01:47,0.07459,215.30,0.42981,6.91845,5.05047,29.2798,36.01831,49.96,0864:54:34,1,02
15:01:48,0.07484,215.40,0.42684,6.89612,5.03417,29.2798,36.01831,49.96,0864:54:35,1,02
15:01:49,0.07444,215.40,0.42875,6.88867,5.02873,29.27981,36.01831,49.96,0864:54:36,1,02
15:01:50,0.07444,215.30,0.42922,6.89612,5.03417,29.27981,36.01833,49.96,0864:54:37,1,02
15:01:51,0.07397,215.50,0.43148,6.8924,5.03145,29.27981,36.01833,49.95,0864:54:38,1,02
15:01:52,0.07451,215.30,0.42824,6.88681,5.02737,29.27981,36.01833,49.95,0864:54:39,1,02
15:01:53,0.0747,215.20,0.42654,6.87378,5.01786,29.27981,36.01833,49.96,0864:54:40,1,02
15:01:54,0.07448,215.20,0.42806,6.8775,5.02058,29.27982,36.01834,49.96,0864:54:41,1,02
15:01:55,0.07451,215.20,0.4289,6.89426,5.03281,29.27982,36.01834,49.96,0864:54:42,1,02
15:01:56,0.07455,215.30,0.42907,6.9017,5.03824,29.27982,36.01834,49.95,0864:54:44,1,02
15:01:57,0.07455,215.30,0.42907,6.9017,5.03824,29.27982,36.01834,49.95,0864:54:44,1,02
15:01:58,0.07517,215.30,0.42841,6.9501,5.07357,29.27982,36.01834,49.95,0864:54:45,1,02
15:01:59,0.07444,215.30,0.4292,6.89426,5.03281,29.27982,36.01834,49.95,0864:54:46,1,02
15:02:00,0.0747,215.30,0.42887,6.91287,5.04639,29.27983,36.01834,49.95,0864:54:47,1,02
15:02:01,0.07473,215.30,0.42742,6.89426,5.03281,29.27983,36.01834,49.94,0864:54:48,1,02
15:02:02,0.07531,215.30,0.42739,6.94637,5.07085,29.27983,36.01836,49.94,0864:54:49,1,02
15:02:03,0.07531,215.40,0.42718,6.94451,5.06949,29.27983,36.01836,49.94,0864:54:50,1,02
15:02:04,0.07448,215.30,0.42958,6.90356,5.0396,29.27983,36.01836,49.94,0864:54:51,1,02
15:02:05,0.0747,215.20,0.42824,6.89798,5.03552,29.27984,36.01836,49.95,0864:54:52,1,02
15:02:06,0.0743,215.10,0.42748,6.84586,4.99748,29.27984,36.01836,49.95,0864:54:53,1,02
15:02:07,0.07477,215.10,0.42794,6.89798,5.03552,29.27984,36.01836,49.94,0864:54:54,1,02
15:02:08,0.07517,215.00,0.42622,6.90356,5.0396,29.27984,36.01836,49.94,0864:54:55,1,02
15:02:09,0.07517,215.00,0.42588,6.89798,5.03552,29.27984,36.01838,49.95,0864:54:56,1,02
15:02:10,0.07607,215.10,0.42838,7.02455,5.12792,29.27985,36.01838,49.95,0864:54:57,1,02
15:02:11,0.07603,215.10,0.42653,6.99104,5.10346,29.27985,36.01838,49.94,0864:54:58,1,02
15:02:12,0.07499,215.00,0.42628,6.88867,5.02873,29.27985,36.01838,49.94,0864:54:59,1,02
15:02:13,0.07492,215.00,0.42689,6.89053,5.03009,29.27985,36.01839,49.95,0864:55:00,1,02
15:02:14,0.07502,214.90,0.42742,6.90542,5.04096,29.27985,36.01839,49.95,0864:55:01,1,02
15:02:15,0.07502,214.90,0.42627,6.88681,5.02737,29.27986,36.01839,49.95,0864:55:02,1,02
15:02:16,0.07495,214.90,0.42274,6.82353,4.98117,29.27986,36.01839,49.95,0864:55:03,1,02
15:02:17,0.07524,215.00,0.42732,6.92776,5.05726,29.27986,36.01839,49.94,0864:55:05,1,02
15:02:18,0.07513,215.00,0.42665,6.90729,5.04232,29.27986,36.01839,49.95,0864:55:06,1,02
15:02:19,0.07484,215.00,0.42786,6.89984,5.03688,29.27986,36.01839,49.95,0864:55:07,1,02
15:02:20,0.07488,215.20,0.42704,6.89612,5.03417,29.27987,36.01839,49.95,0864:55:08,1,02
15:02:21,0.07513,215.30,0.42459,6.88495,5.02601,29.27987,36.01841,49.95,0864:55:09,1,02
15:02:22,0.07513,215.30,0.42459,6.88495,5.02601,29.27987,36.01841,49.95,0864:55:09,1,02
15:02:23,0.07509,215.40,0.42769,6.9352,5.0627,29.27987,36.01841,49.95,0864:55:10,1,02
15:02:24,0.07499,215.40,0.42768,6.92404,5.05455,29.27987,36.01841,49.95,0864:55:11,1,02
15:02:25,0.07492,215.50,0.4266,6.9017,5.03824,29.27987,36.01842,49.96,0864:55:12,1,02
15:02:26,0.0748,215.40,0.42752,6.90542,5.04096,29.27988,36.01842,49.96,0864:55:13,1,02
15:02:27,0.0752,215.20,0.42497,6.89426,5.03281,29.27988,36.01842,49.95,0864:55:14,1,02
15:02:28,0.07528,215.20,0.42914,6.96685,5.0858,29.27988,36.01842,49.95,0864:55:15,1,02
15:02:29,0.07473,215.20,0.4276,6.8924,5.03145,29.27988,36.01842,49.96,0864:55:16,1,02
15:02:30,0.07455,215.20,0.42569,6.84586,4.99748,29.27988,36.01842,49.96,0864:55:17,1,02
15:02:31,0.07499,215.30,0.42685,6.90729,5.04232,29.27989,36.01842,49.96,0864:55:18,1,02
15:02:32,0.07531,215.30,0.4243,6.89612,5.03417,29.27989,36.01842,49.96,0864:55:19,1,02
15:02:33,0.07477,215.40,0.42702,6.89426,5.03281,29.27989,36.01844,49.96,0864:55:20,1,02
15:02:34,0.07477,215.50,0.42692,6.89426,5.03281,29.27989,36.01844,49.96,0864:55:21,1,02
15:02:35,0.07477,215.60,0.42673,6.89426,5.03281,29.27989,36.01844,49.98,0864:55:22,1,02
15:02:36,0.07502,215.60,0.4248,6.88681,5.02737,29.2799,36.01844,49.98,0864:55:23,1,02
15:02:37,0.07451,215.60,0.42775,6.88681,5.02737,29.2799,36.01844,49.98,0864:55:25,1,02
15:02:38,0.07513,215.60,0.42674,6.92776,5.05726,29.2799,36.01844,49.99,0864:55:26,1,02
15:02:40,0.0747,215.60,0.42687,6.88867,5.02873,29.2799,36.01844,49.99,0864:55:27,1,02
15:02:41,0.07502,215.70,0.42608,6.90915,5.04368,29.2799,36.01846,49.99,0864:55:28,1,02
15:02:42,0.07502,215.60,0.42723,6.92776,5.05726,29.27991,36.01846,49.99,0864:55:29,1,02
15:02:43,0.07462,215.70,0.42742,6.89426,5.03281,29.27991,36.01846,50.00,0864:55:30,1,02
15:02:44,0.07473,215.60,0.42798,6.91287,5.04639,29.27991,36.01846,50.00,0864:55:31,1,02
15:02:45,0.07488,215.60,0.42809,6.9259,5.05591,29.27991,36.01847,50.00,0864:55:32,1,02
15:02:46,0.07462,215.50,0.42748,6.89053,5.03009,29.27991,36.01847,50.00,0864:55:33,1,02
15:02:47,0.07462,215.50,0.42748,6.89053,5.03009,29.27991,36.01847,50.00,0864:55:33,1,02
15:02:48,0.07473,215.50,0.42539,6.86634,5.01243,29.27992,36.01847,50.01,0864:55:34,1,02
15:02:49,0.07473,215.40,0.42707,6.88867,5.02873,29.27992,36.01847,50.01,0864:55:35,1,02
15:02:50,0.07473,215.30,0.42738,6.89053,5.03009,29.27992,36.01847,50.03,0864:55:36,1,02
15:02:51,0.07484,215.20,0.42931,6.92962,5.05862,29.27992,36.01847,50.03,0864:55:37,1,02
15:02:52,0.07473,215.10,0.42988,6.9259,5.05591,29.27992,36.01847,50.03,0864:55:38,1,02
15:02:53,0.07502,215.00,0.42609,6.88867,5.02873,29.27993,36.01849,50.03,0864:55:39,1,02
15:02:54,0.0748,214.80,0.42776,6.88867,5.02873,29.27993,36.01849,50.03,0864:55:40,1,02
15:02:55,0.0752,214.80,0.42768,6.92404,5.05455,29.27993,36.01849,50.03,0864:55:41,1,02
15:02:56,0.07488,214.90,0.42684,6.88495,5.02601,29.27993,36.01849,50.03,0864:55:42,1,02
15:02:57,0.0752,214.90,0.42509,6.88681,5.02737,29.27993,36.0185,50.03,0864:55:43,1,02
15:02:58,0.07509,215.00,0.42625,6.89612,5.03417,29.27994,36.0185,50.01,0864:55:45,1,02
15:02:59,0.07492,215.00,0.42748,6.9017,5.03824,29.27994,36.0185,50.01,0864:55:46,1,02
15:03:00,0.07517,215.10,0.42787,6.93334,5.06134,29.27994,36.0185,50.01,0864:55:47,1,02
15:03:01,0.0748,215.20,0.42732,6.89426,5.03281,29.27994,36.01851,50.00,0864:55:48,1,02
15:03:02,0.07488,214.90,0.42615,6.87378,5.01786,29.27994,36.01851,50.00,0864:55:49,1,02
15:03:03,0.07462,214.80,0.42945,6.89984,5.03688,29.27995,36.01851,50.01,0864:55:50,1,02
15:03:04,0.07473,214.70,0.4271,6.87006,5.01514,29.27995,36.01852,50.01,0864:55:51,1,02
15:03:05,0.0752,214.80,0.4278,6.9259,5.05591,29.27995,36.01852,50.00,0864:55:52,1,02
15:03:06,0.07495,214.90,0.42655,6.88495,5.02601,29.27995,36.01852,50.00,0864:55:53,1,02
15:03:07,0.07484,214.80,0.42643,6.87192,5.0165,29.27995,36.01852,49.99,0864:55:54,1,02
15:03:08,0.07502,214.90,0.42686,6.89798,5.03552,29.27996,36.01852,49.99,0864:55:55,1,02
15:03:09,0.07466,214.70,0.42829,6.88123,5.0233,29.27996,36.01852,49.99,0864:55:56,1,02
15:03:10,0.07506,214.70,0.42902,6.92962,5.05862,29.27996,36.01852,49.99,0864:55:57,1,02
15:03:11,0.07517,214.80,0.42591,6.89053,5.03009,29.27996,36.01852,49.96,0864:55:58,1,02
15:03:12,0.07517,214.80,0.42591,6.89053,5.03009,29.27996,36.01852,49.96,0864:55:58,1,02
15:03:13,0.07513,215.00,0.42767,6.92218,5.05319,29.27996,36.01854,49.96,0864:55:59,1,02
15:03:14,0.07492,215.00,0.42679,6.89053,5.03009,29.27997,36.01854,49.96,0864:56:00,1,02
15:03:15,0.07455,215.00,0.42748,6.8682,5.01378,29.27997,36.01854,49.96,0864:56:01,1,02
15:03:16,0.07557,215.10,0.42653,6.94823,5.07221,29.27997,36.01855,49.96,0864:56:02,1,02
15:03:17,0.07495,215.00,0.42925,6.93334,5.06134,29.27997,36.01855,49.96,0864:56:03,1,02
15:03:18,0.0748,214.90,0.42687,6.8775,5.02058,29.27997,36.01855,49.95,0864:56:04,1,02
15:03:19,0.07455,215.00,0.42745,6.86448,5.01107,29.27998,36.01855,49.95,0864:56:06,1,02
15:03:20,0.07451,215.10,0.42978,6.90356,5.0396,29.27998,36.01855,49.94,0864:56:07,1,02
15:03:21,0.07535,215.30,0.42604,6.9259,5.05591,29.27998,36.01855,49.95,0864:56:08,1,02
15:03:22,0.07459,215.40,0.42834,6.89798,5.03552,29.27998,36.01855,49.95,0864:56:09,1,02
15:03:23,0.07448,215.50,0.4287,6.89426,5.03281,29.27998,36.01855,49.96,0864:56:10,1,02
15:03:24,0.07451,215.50,0.42746,6.8775,5.02058,29.27999,36.01857,49.96,0864:56:11,1,02
15:03:25,0.07495,215.40,0.4265,6.9017,5.03824,29.27999,36.01857,49.95,0864:56:12,1,02
15:03:26,0.07535,215.40,0.42653,6.93707,5.06406,29.27999,36.01857,49.95,0864:56:13,1,02
15:03:27,0.07455,215.30,0.42768,6.87937,5.02194,29.27999,36.01857,49.95,0864:56:14,1,02
15:03:28,0.07492,215.10,0.42637,6.88681,5.02737,29.27999,36.01857,49.95,0864:56:15,1,02
15:03:29,0.07495,215.00,0.42566,6.87378,5.01786,29.28,36.01857,49.94,0864:56:16,1,02
15:03:30,0.07488,215.00,0.42455,6.84959,5.0002,29.28,36.01857,49.94,0864:56:17,1,02
15:03:31,0.07517,215.00,0.42553,6.8924,5.03145,29.28,36.01859,49.96,0864:56:18,1,02
15:03:32,0.07495,215.00,0.42692,6.89426,5.03281,29.28,36.01859,49.96,0864:56:19,1,02
15:03:33,0.07517,215.00,0.42875,6.94451,5.06949,29.28,36.01859,49.95,0864:56:20,1,02
15:03:34,0.07495,215.20,0.42665,6.89612,5.03417,29.28001,36.01859,49.95,0864:56:21,1,02
15:03:35,0.07513,215.00,0.4263,6.9017,5.03824,29.28001,36.0186,49.95,0864:56:22,1,02
15:03:36,0.07513,215.00,0.4263,6.9017,5.03824,29.28001,36.0186,49.95,0864:56:22,1,02
15:03:37,0.07495,215.10,0.42765,6.90915,5.04368,29.28001,36.0186,49.95,0864:56:23,1,02
15:03:38,0.07484,214.90,0.42794,6.89798,5.03552,29.28001,36.0186,49.94,0864:56:24,1,02
15:03:39,0.0752,214.80,0.42642,6.90356,5.0396,29.28001,36.0186,49.94,0864:56:26,1,02
15:03:40,0.07542,214.60,0.42588,6.90915,5.04368,29.28002,36.0186,49.95,0864:56:27,1,02
15:03:41,0.07546,214.40,0.4239,6.87378,5.01786,29.28002,36.0186,49.95,0864:56:28,1,02
15:03:42,0.07509,214.00,0.42408,6.83097,4.98661,29.28002,36.0186,49.95,0864:56:29,1,02
15:03:43,0.07531,214.30,0.42727,6.91101,5.04504,29.28002,36.01862,49.94,0864:56:30,1,02
15:03:44,0.07509,214.40,0.42755,6.89798,5.03552,29.28002,36.01862,49.94,0864:56:31,1,02
15:03:45,0.07517,214.40,0.42635,6.88495,5.02601,29.28003,36.01862,49.95,0864:56:32,1,02
15:03:46,0.0752,214.40,0.42628,6.88867,5.02873,29.28003,36.01862,49.95,0864:56:33,1,02
15:03:47,0.07542,214.50,0.42698,6.92218,5.05319,29.28003,36.01863,49.95,0864:56:34,1,02
15:03:48,0.07513,214.40,0.42646,6.88681,5.02737,29.28003,36.01863,49.95,0864:56:35,1,02
15:03:49,0.07513,214.40,0.42691,6.8924,5.03145,29.28003,36.01863,49.95,0864:56:36,1,02
15:03:50,0.07531,214.30,0.4267,6.9017,5.03824,29.28004,36.01863,49.95,0864:56:37,1,02
15:03:51,0.0752,214.20,0.42783,6.90729,5.04232,29.28004,36.01863,49.94,0864:56:38,1,02
15:03:52,0.07564,214.20,0.42754,6.94079,5.06678,29.28004,36.01863,49.94,0864:56:39,1,02
15:03:53,0.07499,214.10,0.42538,6.844,4.99612,29.28004,36.01863,49.95,0864:56:40,1,02
15:03:54,0.07535,214.10,0.42745,6.90915,5.04368,29.28004,36.01863,49.95,0864:56:41,1,02
15:03:55,0.07538,214.40,0.42613,6.90356,5.0396,29.28005,36.01865,49.96,0864:56:42,1,02
15:03:56,0.07531,214.60,0.42668,6.91101,5.04504,29.28005,36.01865,49.96,0864:56:43,1,02
15:03:57,0.07495,214.70,0.42684,6.88495,5.02601,29.28005,36.01865,49.95,0864:56:44,1,02
15:03:58,0.07538,214.90,0.42538,6.90729,5.04232,29.28005,36.01865,49.95,0864:56:45,1,02
15:03:59,0.07581,215.00,0.42548,6.9501,5.07357,29.28005,36.01865,49.95,0864:56:47,1,02
15:04:00,0.0752,214.90,0.42634,6.90542,5.04096,29.28006,36.01865,49.95,0864:56:48,1,02
15:04:01,0.07513,214.80,0.42566,6.88495,5.02601,29.28006,36.01865,49.95,0864:56:49,1,02
15:04:02,0.07513,214.70,0.42749,6.91287,5.04639,29.28006,36.01867,49.95,0864:56:50,1,02
15:04:03,0.07495,214.70,0.42788,6.9017,5.03824,29.28006,36.01867,49.95,0864:56:51,1,02
15:04:04,0.07495,214.70,0.42788,6.9017,5.03824,29.28006,36.01867,49.95,0864:56:51,1,02
15:04:05,0.07484,214.60,0.42576,6.85331,5.00291,29.28006,36.01867,49.96,0864:56:52,1,02
15:04:06,0.07495,214.60,0.42681,6.88123,5.0233,29.28007,36.01867,49.96,0864:56:53,1,02
15:04:07,0.07528,214.60,0.42839,6.93707,5.06406,29.28007,36.01868,49.95,0864:56:54,1,02
15:04:08,0.07495,214.50,0.42735,6.88681,5.02737,29.28007,36.01868,49.95,0864:56:55,1,02
15:04:09,0.07528,214.50,0.42591,6.89053,5.03009,29.28007,36.01868,49.95,0864:56:56,1,02
15:04:10,0.07542,214.40,0.42511,6.88867,5.02873,29.28007,36.01868,49.95,0864:56:57,1,02
15:04:11,0.07517,214.40,0.42589,6.8775,5.02058,29.28008,36.01868,49.95,0864:56:58,1,02
15:04:12,0.07517,214.30,0.42852,6.91845,5.05047,29.28008,36.01868,49.95,0864:56:59,1,02
15:04:13,0.07495,214.20,0.42864,6.89798,5.03552,29.28008,36.01868,49.95,0864:57:00,1,02
15:04:14,0.07531,214.00,0.42867,6.92404,5.05455,29.28008,36.0187,49.95,0864:57:01,1,02
15:04:15,0.0752,213.90,0.42842,6.90729,5.04232,29.28008,36.0187,49.95,0864:57:02,1,02
15:04:16,0.07538,213.90,0.42699,6.9017,5.03824,29.28009,36.0187,49.95,0864:57:03,1,02
15:04:17,0.07488,213.90,0.4272,6.85889,5.00699,29.28009,36.0187,49.95,0864:57:04,1,02
15:04:18,0.0747,214.00,0.42879,6.87006,5.01514,29.28009,36.01871,49.95,0864:57:05,1,02
15:04:19,0.07542,214.00,0.42717,6.91101,5.04504,29.28009,36.01871,49.96,0864:57:07,1,02
15:04:20,0.07506,214.10,0.42765,6.88681,5.02737,29.28009,36.01871,49.96,0864:57:08,1,02
15:04:21,0.07531,214.10,0.42628,6.88867,5.02873,29.2801,36.01871,49.95,0864:57:09,1,02
15:04:22,0.07531,214.20,0.42724,6.90729,5.04232,29.2801,36.01871,49.96,0864:57:10,1,02
15:04:23,0.07524,214.40,0.42734,6.90729,5.04232,29.2801,36.01871,49.96,0864:57:11,1,02
15:04:24,0.07528,214.40,0.42693,6.90542,5.04096,29.2801,36.01871,49.96,0864:57:12,1,02
15:04:26,0.07488,214.50,0.43039,6.92776,5.05726,29.2801,36.01873,49.96,0864:57:13,1,02
15:04:27,0.0747,214.50,0.43009,6.90542,5.04096,29.28011,36.01873,49.98,0864:57:14,1,02
15:04:28,0.07495,214.40,0.42753,6.88495,5.02601,29.28011,36.01873,49.98,0864:57:15,1,02
15:04:29,0.07495,214.40,0.42753,6.88495,5.02601,29.28011,36.01873,49.98,0864:57:15,1,02
15:04:30,0.07492,214.30,0.42829,6.8924,5.03145,29.28011,36.01873,49.96,0864:57:16,1,02
15:04:31,0.07513,214.50,0.42704,6.89612,5.03417,29.28011,36.01873,49.96,0864:57:17,1,02
15:04:32,0.0748,214.50,0.42951,6.90729,5.04232,29.28011,36.01873,49.99,0864:57:18,1,02
15:04:33,0.07524,214.60,0.428,6.9259,5.05591,29.28012,36.01873,49.99,0864:57:19,1,02
15:04:34,0.07509,214.60,0.42706,6.89798,5.03552,29.28012,36.01873,49.98,0864:57:20,1,02
15:04:35,0.07495,214.80,0.42799,6.90356,5.0396,29.28012,36.01875,49.98,0864:57:21,1,02
15:04:36,0.07473,214.80,0.42803,6.88495,5.02601,29.28012,36.01875,50.00,0864:57:22,1,02
15:04:37,0.07441,214.60,0.42988,6.88123,5.0233,29.28013,36.01875,50.00,0864:57:23,1,02
15:04:38,0.07448,214.60,0.4296,6.88309,5.02465,29.28013,36.01875,50.00,0864:57:24,1,02
15:04:39,0.07448,214.50,0.43015,6.88867,5.02873,29.28013,36.01876,50.00,0864:57:25,1,02
15:04:40,0.07495,214.50,0.42917,6.91287,5.04639,29.28013,36.01876,50.01,0864:57:27,1,02
15:04:41,0.07451,214.50,0.4298,6.88309,5.02465,29.28013,36.01876,50.01,0864:57:28,1,02
15:04:42,0.07462,214.60,0.42948,6.8924,5.03145,29.28014,36.01876,50.03,0864:57:29,1,02
15:04:43,0.07459,214.50,0.42907,6.87937,5.02194,29.28014,36.01876,50.03,0864:57:30,1,02
15:04:44,0.07455,214.50,0.42857,6.8682,5.01378,29.28014,36.01876,50.03,0864:57:31,1,02
15:04:45,0.07455,214.50,0.42927,6.87937,5.02194,29.28014,36.01876,50.04,0864:57:32,1,02
15:04:46,0.07448,214.50,0.43083,6.89798,5.03552,29.28014,36.01878,50.04,0864:57:33,1,02
15:04:47,0.0748,214.50,0.42907,6.9017,5.03824,29.28015,36.01878,50.04,0864:57:34,1,02
15:04:48,0.07517,214.60,0.42665,6.89612,5.03417,29.28015,36.01878,50.04,0864:57:35,1,02
15:04:49,0.07499,214.60,0.42707,6.88867,5.02873,29.28015,36.01878,50.04,0864:57:36,1,02
15:04:50,0.07488,214.60,0.42776,6.88867,5.02873,29.28015,36.01879,50.04,0864:57:37,1,02
15:04:51,0.07462,214.60,0.43006,6.9017,5.03824,29.28015,36.01879,50.01,0864:57:38,1,02
15:04:52,0.07488,214.60,0.43031,6.92962,5.05862,29.28016,36.01879,50.01,0864:57:39,1,02
15:04:53,0.07488,214.60,0.43031,6.92962,5.05862,29.28016,36.01879,50.01,0864:57:39,1,02
15:04:54,0.07484,214.70,0.43054,6.93334,5.06134,29.28016,36.0188,50.03,0864:57:40,1,02
15:04:55,0.0752,214.60,0.42783,6.91845,5.05047,29.28016,36.0188,50.03,0864:57:41,1,02
15:04:56,0.07444,214.70,0.42958,6.88123,5.0233,29.28016,36.0188,50.03,0864:57:42,1,02
15:04:57,0.07437,214.70,0.4294,6.87192,5.0165,29.28016,36.0188,50.03,0864:57:43,1,02
15:04:58,0.07459,214.60,0.42912,6.88495,5.02601,29.28017,36.01881,50.01,0864:57:44,1,02
15:04:59,0.07484,214.50,0.4293,6.90542,5.04096,29.28017,36.01881,50.01,0864:57:45,1,02
15:05:00,0.0752,214.60,0.42808,6.92404,5.05455,29.28017,36.01881,50.03,0864:57:47,1,02
15:05:01,0.07484,214.60,0.42808,6.89053,5.03009,29.28017,36.01881,50.03,0864:57:48,1,02
15:05:02,0.0747,214.60,0.42864,6.88681,5.02737,29.28017,36.01881,50.01,0864:57:49,1,02
15:05:03,0.07524,214.50,0.43072,6.96685,5.0858,29.28018,36.01881,50.03,0864:57:50,1,02
15:05:04,0.07484,214.50,0.4292,6.90542,5.04096,29.28018,36.01881,50.03,0864:57:51,1,02
15:05:05,0.07506,214.60,0.42908,6.9259,5.05591,29.28018,36.01881,50.00,0864:57:52,1,02
15:05:06,0.07462,214.60,0.42996,6.9017,5.03824,29.28018,36.01883,50.00,0864:57:53,1,02
15:05:07,0.07455,214.70,0.42922,6.88495,5.02601,29.28018,36.01883,50.00,0864:57:54,1,02
15:05:08,0.07441,214.70,0.43105,6.89984,5.03688,29.28019,36.01883,50.00,0864:57:55,1,02
15:05:09,0.0748,214.70,0.42854,6.89798,5.03552,29.28019,36.01884,49.99,0864:57:56,1,02
15:05:10,0.07499,214.70,0.43022,6.94265,5.06813,29.28019,36.01884,49.99,0864:57:57,1,02
15:05:11,0.07448,214.80,0.43023,6.89798,5.03552,29.28019,36.01884,49.99,0864:57:58,1,02
15:05:12,0.0747,214.80,0.42975,6.91101,5.04504,29.28019,36.01884,49.99,0864:57:59,1,02
15:05:13,0.07473,214.90,0.42889,6.90356,5.0396,29.2802,36.01884,49.99,0864:58:00,1,02
15:05:14,0.0748,214.90,0.4271,6.88123,5.0233,29.2802,36.01884,49.99,0864:58:01,1,02
15:05:15,0.07484,214.80,0.43012,6.93148,5.05998,29.2802,36.01884,49.99,0864:58:02,1,02
15:05:16,0.07437,214.90,0.43003,6.88681,5.02737,29.2802,36.01884,49.99,0864:58:03,1,02
15:05:17,0.07477,214.80,0.42808,6.89053,5.03009,29.2802,36.01886,49.99,0864:58:04,1,02
15:05:18,0.07477,214.80,0.42808,6.89053,5.03009,29.2802,36.01886,49.99,0864:58:04,1,02
15:05:19,0.07477,214.80,0.42854,6.89798,5.03552,29.28021,36.01886,49.99,0864:58:05,1,02
15:05:20,0.07441,214.80,0.43086,6.9017,5.03824,29.28021,36.01886,50.00,0864:58:06,1,02
15:05:21,0.07448,214.70,0.43033,6.89798,5.03552,29.28021,36.01886,50.00,0864:58:08,1,02
15:05:22,0.07513,214.70,0.4293,6.93893,5.06542,29.28021,36.01887,49.98,0864:58:09,1,02
15:05:23,0.07473,214.60,0.42855,6.88867,5.02873,29.28021,36.01887,49.96,0864:58:10,1,02
15:05:24,0.07502,214.60,0.42766,6.89984,5.03688,29.28022,36.01887,49.96,0864:58:11,1,02
15:05:25,0.07477,214.50,0.42788,6.87937,5.02194,29.28022,36.01888,49.96,0864:58:12,1,02
15:05:26,0.07441,214.60,0.4288,6.86075,5.00835,29.28022,36.01888,49.96,0864:58:13,1,02
15:05:27,0.07473,214.50,0.43024,6.91101,5.04504,29.28022,36.01888,49.96,0864:58:14,1,02
15:05:28,0.07484,214.50,0.42874,6.89798,5.03552,29.28022,36.01888,49.96,0864:58:15,1,02
15:05:29,0.07509,214.60,0.4273,6.90356,5.0396,29.28023,36.01889,49.96,0864:58:16,1,02
15:05:30,0.07492,214.80,0.42811,6.90542,5.04096,29.28023,36.01889,49.96,0864:58:17,1,02
15:05:31,0.07459,214.90,0.42874,6.88681,5.02737,29.28023,36.01889,49.95,0864:58:18,1,02
15:05:32,0.07535,214.90,0.42796,6.94451,5.06949,29.28023,36.01889,49.95,0864:58:19,1,02
15:05:33,0.07499,214.80,0.42668,6.88867,5.02873,29.28023,36.01889,49.96,0864:58:20,1,02
15:05:34,0.07509,214.90,0.42783,6.91845,5.05047,29.28024,36.01889,49.96,0864:58:21,1,02
15:05:35,0.07473,214.90,0.42773,6.88495,5.02601,29.28024,36.01889,49.96,0864:58:22,1,02
15:05:36,0.0748,214.90,0.42813,6.89612,5.03417,29.28024,36.01889,49.96,0864:58:23,1,02
15:05:37,0.07484,214.40,0.42756,6.8775,5.02058,29.28024,36.01891,49.98,0864:58:24,1,02
15:05:38,0.07502,214.80,0.4275,6.90356,5.0396,29.28024,36.01891,49.98,0864:58:25,1,02
15:05:39,0.07477,215.10,0.42842,6.90729,5.04232,29.28025,36.01891,49.98,0864:58:26,1,02
15:05:40,0.07448,215.10,0.42986,6.9017,5.03824,29.28025,36.01892,49.98,0864:58:28,1,02
15:05:41,0.0747,215.10,0.42765,6.88681,5.02737,29.28025,36.01892,49.96,0864:58:29,1,02
15:05:42,0.0747,215.10,0.42765,6.88681,5.02737,29.28025,36.01892,49.96,0864:58:29,1,02
15:05:43,0.07535,215.10,0.42643,6.9259,5.05591,29.28025,36.01892,49.98,0864:58:30,1,02
15:05:44,0.07502,214.90,0.42663,6.89426,5.03281,29.28025,36.01892,49.98,0864:58:31,1,02
15:05:45,0.0747,214.90,0.42885,6.89984,5.03688,29.28026,36.01892,49.98,0864:58:32,1,02
15:05:46,0.07495,214.80,0.42791,6.90542,5.04096,29.28026,36.01892,49.98,0864:58:33,1,02
15:05:47,0.07502,214.70,0.42806,6.91101,5.04504,29.28026,36.01892,49.96,0864:58:34,1,02
15:05:48,0.07509,214.70,0.42719,6.9017,5.03824,29.28026,36.01892,49.96,0864:58:35,1,02
15:05:49,0.07477,214.60,0.4272,6.87006,5.01514,29.28026,36.01894,49.96,0864:58:36,1,02
15:05:50,0.07492,214.60,0.4271,6.88123,5.0233,29.28027,36.01894,49.96,0864:58:37,1,02
15:05:51,0.07455,214.60,0.42909,6.88123,5.0233,29.28027,36.01894,49.95,0864:58:38,1,02
15:05:52,0.0752,214.70,0.42662,6.90356,5.0396,29.28027,36.01894,49.95,0864:58:39,1,02
15:05:53,0.07531,214.80,0.42537,6.89612,5.03417,29.28027,36.01894,49.96,0864:58:40,1,02
15:05:54,0.07477,214.80,0.42854,6.89798,5.03552,29.28027,36.01894,49.96,0864:58:41,1,02
15:05:55,0.07513,214.80,0.42921,6.94079,5.06678,29.28028,36.01894,49.96,0864:58:42,1,02
15:05:56,0.07517,214.80,0.42823,6.92962,5.05862,29.28028,36.01896,49.96,0864:58:43,1,02
15:05:57,0.07517,214.80,0.42558,6.88681,5.02737,29.28028,36.01896,49.96,0864:58:44,1,02
15:05:58,0.07517,214.80,0.42663,6.90542,5.04096,29.28028,36.01896,49.96,0864:58:45,1,02
15:05:59,0.07484,215.00,0.4289,6.91659,5.04911,29.28028,36.01896,49.96,0864:58:46,1,02
15:06:00,0.07513,215.00,0.42837,6.9352,5.0627,29.28029,36.01897,49.96,0864:58:48,1,02
15:06:01,0.07488,215.00,0.42813,6.90729,5.04232,29.28029,36.01897,49.96,0864:58:49,1,02
15:06:02,0.07492,215.10,0.42381,6.844,4.99612,29.28029,36.01897,49.96,0864:58:50,1,02
15:06:03,0.07462,215.20,0.42784,6.88681,5.02737,29.28029,36.01897,49.96,0864:58:51,1,02
15:06:04,0.07509,215.20,0.42532,6.89053,5.03009,29.28029,36.01897,49.96,0864:58:52,1,02
15:06:05,0.07517,215.20,0.42505,6.8924,5.03145,29.2803,36.01897,49.96,0864:58:53,1,02
15:06:06,0.07517,215.20,0.42505,6.8924,5.03145,29.2803,36.01897,49.96,0864:58:53,1,02
15:06:07,0.07484,215.20,0.42737,6.89984,5.03688,29.2803,36.01897,49.96,0864:58:54,1,02
15:06:08,0.07538,215.20,0.42478,6.90542,5.04096,29.2803,36.01899,49.96,0864:58:55,1,02
15:06:09,0.07495,215.10,0.42767,6.91101,5.04504,29.2803,36.01899,49.96,0864:58:56,1,02
15:06:10,0.07466,215.00,0.4277,6.88123,5.0233,29.2803,36.01899,49.96,0864:58:57,1,02
15:06:11,0.07473,214.90,0.42796,6.88867,5.02873,29.28031,36.01899,49.98,0864:58:58,1,02
15:06:12,0.07535,214.80,0.4276,6.93707,5.06406,29.28031,36.019,49.98,0864:58:59,1,02
15:06:13,0.07531,214.70,0.42604,6.90542,5.04096,29.28031,36.019,49.96,0864:59:00,1,02
15:06:14,0.07495,214.70,0.42753,6.89612,5.03417,29.28031,36.019,49.96,0864:59:01,1,02
15:06:15,0.07466,214.60,0.42849,6.88123,5.0233,29.28031,36.019,49.99,0864:59:02,1,02
15:06:16,0.07557,214.50,0.42747,6.94451,5.06949,29.28032,36.019,49.99,0864:59:03,1,02
15:06:17,0.07513,214.40,0.42608,6.8775,5.02058,29.28032,36.019,49.98,0864:59:04,1,02
15:06:18,0.0748,214.30,0.42669,6.85703,5.00563,29.28032,36.019,49.98,0864:59:05,1,02
15:06:19,0.07488,214.30,0.42606,6.85331,5.00291,29.28032,36.019,49.99,0864:59:06,1,02
15:06:20,0.07538,214.30,0.42688,6.91101,5.04504,29.28032,36.01902,49.99,0864:59:07,1,02
15:06:21,0.0752,214.50,0.42699,6.9017,5.03824,29.28033,36.01902,49.98,0864:59:09,1,02
15:06:22,0.07509,214.70,0.42709,6.9017,5.03824,29.28033,36.01902,49.98,0864:59:10,1,02
15:06:23,0.07499,214.90,0.42669,6.89053,5.03009,29.28033,36.01902,49.98,0864:59:11,1,02
15:06:25,0.07484,215.00,0.42694,6.88495,5.02601,29.28033,36.01902,49.98,0864:59:12,1,02
15:06:26,0.07495,215.00,0.42706,6.89798,5.03552,29.28033,36.01902,49.98,0864:59:13,1,02
15:06:27,0.07509,215.00,0.42581,6.89053,5.03009,29.28034,36.01902,49.99,0864:59:14,1,02
15:06:28,0.07509,215.00,0.42744,6.91845,5.05047,29.28034,36.01904,49.99,0864:59:15,1,02
15:06:29,0.0748,215.00,0.4276,6.8924,5.03145,29.28034,36.01904,49.99,0864:59:16,1,02
15:06:30,0.07477,215.00,0.42837,6.9017,5.03824,29.28034,36.01904,49.99,0864:59:17,1,02
15:06:31,0.07477,215.00,0.42837,6.9017,5.03824,29.28034,36.01904,49.98,0864:59:18,1,02
15:06:32,0.0747,215.10,0.42775,6.88681,5.02737,29.28035,36.01905,49.98,0864:59:19,1,02
15:06:33,0.0747,215.10,0.42775,6.88681,5.02737,29.28035,36.01905,49.98,0864:59:19,1,02
15:06:34,0.0747,215.10,0.4274,6.88123,5.0233,29.28035,36.01905,49.99,0864:59:20,1,02
15:06:35,0.0747,215.10,0.42798,6.89053,5.03009,29.28035,36.01905,49.99,0864:59:21,1,02
15:06:36,0.07502,215.10,0.42726,6.90915,5.04368,29.28035,36.01905,49.99,0864:59:22,1,02
15:06:37,0.07488,215.10,0.42839,6.91473,5.04775,29.28035,36.01905,49.99,0864:59:23,1,02
15:06:38,0.0748,215.10,0.42694,6.88495,5.02601,29.28036,36.01905,49.98,0864:59:24,1,02
15:06:39,0.07492,215.00,0.42701,6.8924,5.03145,29.28036,36.01905,49.98,0864:59:25,1,02
15:06:40,0.07473,215.10,0.42895,6.91101,5.04504,29.28036,36.01907,49.99,0864:59:26,1,02
15:06:41,0.07459,215.10,0.42905,6.89984,5.03688,29.28036,36.01907,49.99,0864:59:27,1,02
15:06:42,0.07517,215.30,0.42688,6.92218,5.05319,29.28036,36.01907,49.99,0864:59:28,1,02
15:06:43,0.07408,215.30,0.42989,6.87006,5.01514,29.28037,36.01907,49.99,0864:59:30,1,02
15:06:44,0.07484,215.20,0.42898,6.9259,5.05591,29.28037,36.01908,49.99,0864:59:31,1,02
15:06:45,0.07506,215.30,0.4323,7.00035,5.11026,29.28037,36.01908,49.99,0864:59:32,1,02
15:06:46,0.07448,215.30,0.43039,6.91659,5.04911,29.28037,36.01908,49.99,0864:59:33,1,02
15:06:47,0.0748,215.30,0.42585,6.87378,5.01786,29.28037,36.01908,49.99,0864:59:34,1,02
15:06:48,0.07437,215.40,0.42938,6.8924,5.03145,29.28038,36.01908,49.99,0864:59:35,1,02
15:06:49,0.07419,215.40,0.43131,6.90729,5.04232,29.28038,36.01908,50.00,0864:59:36,1,02
15:06:50,0.07448,215.40,0.4309,6.92962,5.05862,29.28038,36.01908,50.00,0864:59:37,1,02
15:06:51,0.07412,215.50,0.43103,6.89798,5.03552,29.28038,36.0191,49.99,0864:59:38,1,02
15:06:52,0.07426,215.60,0.42877,6.87937,5.02194,29.28038,36.0191,49.99,0864:59:39,1,02
15:06:53,0.07412,215.60,0.42978,6.88123,5.0233,29.28039,36.0191,50.01,0864:59:40,1,02
15:06:54,0.07408,215.70,0.43083,6.89798,5.03552,29.28039,36.0191,50.01,0864:59:41,1,02
15:06:55,0.07451,215.70,0.42974,6.92218,5.05319,29.28039,36.0191,50.01,0864:59:42,1,02
15:06:56,0.07408,215.80,0.43005,6.88867,5.02873,29.28039,36.0191,50.01,0864:59:43,1,02
15:06:57,0.07408,215.80,0.43005,6.88867,5.02873,29.28039,36.0191,50.01,0864:59:43,1,02
15:06:58,0.07437,215.80,0.42814,6.88681,5.02737,29.28039,36.0191,50.01,0864:59:44,1,02
15:06:59,0.07415,215.80,0.42932,6.88495,5.02601,29.2804,36.0191,50.01,0864:59:45,1,02
15:07:00,0.07419,215.80,0.43063,6.90915,5.04368,29.2804,36.01912,50.01,0864:59:46,1,02
15:07:01,0.07444,215.70,0.42956,6.91287,5.04639,29.2804,36.01912,50.01,0864:59:47,1,02
15:07:02,0.07495,215.70,0.42762,6.92776,5.05726,29.2804,36.01912,50.03,0864:59:48,1,02
15:07:03,0.07426,215.50,0.42864,6.87564,5.01922,29.2804,36.01912,50.03,0864:59:49,1,02
15:07:04,0.07412,215.40,0.42987,6.87937,5.02194,29.28041,36.01913,50.03,0864:59:51,1,02
15:07:05,0.07444,215.30,0.42899,6.8924,5.03145,29.28041,36.01913,50.03,0864:59:52,1,02
15:07:06,0.07441,215.30,0.42846,6.8775,5.02058,29.28041,36.01913,50.03,0864:59:53,1,02
15:07:07,0.07448,215.30,0.42875,6.88867,5.02873,29.28041,36.01913,50.01,0864:59:54,1,02
15:07:08,0.07477,215.20,0.42915,6.92218,5.05319,29.28041,36.01913,50.01,0864:59:55,1,02
15:07:09,0.07437,215.20,0.43016,6.9017,5.03824,29.28042,36.01913,50.01,0864:59:56,1,02
15:07:10,0.07437,215.20,0.42923,6.88681,5.02737,29.28042,36.01913,50.01,0864:59:57,1,02
15:07:11,0.07451,215.30,0.42776,6.8775,5.02058,29.28042,36.01915,50.03,0864:59:58,1,02
15:07:12,0.07484,215.30,0.42798,6.91287,5.04639,29.28042,36.01915,50.03,0864:59:59,1,02
15:07:13,0.0748,215.40,0.42982,6.94265,5.06813,29.28042,36.01915,50.01,0865:00:00,1,02
15:07:14,0.07404,215.50,0.43027,6.87937,5.02194,29.28043,36.01915,50.01,0865:00:01,1,02
15:07:15,0.07419,215.50,0.4303,6.89426,5.03281,29.28043,36.01916,50.01,0865:00:02,1,02
15:07:16,0.07448,215.50,0.42895,6.89984,5.03688,29.28043,36.01916,50.01,0865:00:03,1,02
15:07:17,0.07538,215.50,0.43038,7.0078,5.11569,29.28043,36.01916,50.01,0865:00:04,1,02
15:07:18,0.07678,215.50,0.43309,7.1809,5.24205,29.28044,36.01916,50.01,0865:00:05,1,02
15:07:19,0.0743,215.40,0.42842,6.87378,5.01786,29.28044,36.01917,50.01,0865:00:06,1,02
15:07:20,0.07484,215.50,0.42698,6.89984,5.03688,29.28044,36.01917,50.01,0865:00:07,1,02
15:07:21,0.07419,215.50,0.42973,6.88681,5.02737,29.28044,36.01917,50.00,0865:00:08,1,02
15:07:22,0.07422,215.50,0.42905,6.8775,5.02058,29.28044,36.01917,50.00,0865:00:08,1,02
15:07:23,0.07422,215.50,0.42905,6.8775,5.02058,29.28044,36.01918,50.00,0865:00:09,1,02
15:07:24,0.07422,215.50,0.43046,6.9017,5.03824,29.28045,36.01918,50.00,0865:00:10,1,02
15:07:25,0.07404,215.60,0.4317,6.90542,5.04096,29.28045,36.01918,50.00,0865:00:12,1,02
15:07:26,0.0747,215.50,0.42676,6.88681,5.02737,29.28045,36.01918,50.00,0865:00:13,1,02
15:07:27,0.07419,215.50,0.4302,6.89426,5.03281,29.28045,36.01918,50.00,0865:00:14,1,02
15:07:28,0.0748,215.50,0.42763,6.90729,5.04232,29.28045,36.01918,50.00,0865:00:15,1,02
15:07:29,0.07459,215.40,0.42902,6.90729,5.04232,29.28046,36.01918,49.99,0865:00:16,1,02
15:07:30,0.07455,215.40,0.42831,6.89426,5.03281,29.28046,36.01918,49.99,0865:00:17,1,02
15:07:31,0.0748,215.40,0.42752,6.90542,5.04096,29.28046,36.0192,49.99,0865:00:18,1,02
15:07:32,0.07451,215.50,0.42898,6.90356,5.0396,29.28046,36.0192,49.99,0865:00:19,1,02
15:07:33,0.0743,215.50,0.42821,6.87192,5.0165,29.28046,36.0192,49.98,0865:00:20,1,02
15:07:34,0.07488,215.60,0.42902,6.94079,5.06678,29.28047,36.0192,49.98,0865:00:21,1,02
15:07:35,0.07448,215.70,0.42661,6.87006,5.01514,29.28047,36.01921,49.99,0865:00:22,1,02
15:07:36,0.07499,215.40,0.42699,6.91287,5.04639,29.28047,36.01921,49.99,0865:00:23,1,02
15:07:37,0.07451,215.40,0.42897,6.9017,5.03824,29.28047,36.01921,49.99,0865:00:24,1,02
15:07:38,0.07433,215.50,0.42812,6.87378,5.01786,29.28047,36.01921,49.99,0865:00:25,1,02
15:07:39,0.07422,215.50,0.43011,6.89612,5.03417,29.28048,36.01921,49.99,0865:00:26,1,02
15:07:40,0.07477,215.50,0.42936,6.9352,5.0627,29.28048,36.01921,49.99,0865:00:27,1,02
15:07:41,0.07437,215.50,0.42955,6.89984,5.03688,29.28048,36.01921,49.96,0865:00:28,1,02
15:07:42,0.07419,215.50,0.43028,6.8924,5.03145,29.28048,36.01923,49.96,0865:00:29,1,02
15:07:43,0.07426,215.40,0.42872,6.87378,5.01786,29.28048,36.01923,49.96,0865:00:30,1,02
15:07:44,0.0748,215.30,0.4276,6.90356,5.0396,29.28049,36.01923,49.96,0865:00:31,1,02
15:07:45,0.07567,215.30,0.42807,6.98918,5.1021,29.28049,36.01923,49.98,0865:00:33,1,02
15:07:46,0.07466,215.30,0.43148,6.9501,5.07357,29.28049,36.01924,49.98,0865:00:34,1,02
15:07:47,0.07466,215.30,0.43148,6.9501,5.07357,29.28049,36.01924,49.98,0865:00:34,1,02
15:07:48,0.07422,215.30,0.42771,6.84959,5.0002,29.28049,36.01924,49.98,0865:00:35,1,02
15:07:49,0.07451,215.20,0.42798,6.87937,5.02194,29.28049,36.01924,49.98,0865:00:36,1,02
15:07:50,0.07484,215.20,0.42818,6.91287,5.04639,29.2805,36.01925,49.98,0865:00:37,1,02
15:07:51,0.07506,215.30,0.4268,6.91287,5.04639,29.2805,36.01925,49.96,0865:00:38,1,02
15:07:52,0.07553,215.40,0.4273,6.96871,5.08716,29.2805,36.01925,49.96,0865:00:39,1,02
15:07:53,0.07462,215.40,0.43011,6.92962,5.05862,29.2805,36.01925,49.98,0865:00:40,1,02
15:07:54,0.0747,215.40,0.42948,6.9259,5.05591,29.2805,36.01926,49.98,0865:00:41,1,02
15:07:55,0.07477,215.40,0.42783,6.90729,5.04232,29.28051,36.01926,49.96,0865:00:42,1,02
15:07:56,0.07451,215.40,0.4292,6.90542,5.04096,29.28051,36.01926,49.96,0865:00:43,1,02
15:07:57,0.07448,215.50,0.42894,6.89798,5.03552,29.28051,36.01926,49.96,0865:00:44,1,02
15:07:58,0.0748,215.50,0.42903,6.93148,5.05998,29.28051,36.01926,49.96,0865:00:45,1,02
15:07:59,0.07448,215.60,0.42933,6.90915,5.04368,29.28051,36.01926,49.96,0865:00:46,1,02
15:08:00,0.07466,215.50,0.42692,6.88309,5.02465,29.28052,36.01926,49.96,0865:00:47,1,02
15:08:01,0.07451,215.40,0.4293,6.90542,5.04096,29.28052,36.01926,49.98,0865:00:48,1,02
15:08:02,0.07415,215.50,0.42748,6.84586,4.99748,29.28052,36.01928,49.98,0865:00:49,1,02
15:08:03,0.07466,215.50,0.42742,6.89426,5.03281,29.28052,36.01928,49.96,0865:00:50,1,02
15:08:04,0.07495,215.50,0.42504,6.88123,5.0233,29.28052,36.01928,49.96,0865:00:51,1,02
15:08:05,0.07488,215.60,0.42809,6.9259,5.05591,29.28053,36.01929,49.95,0865:00:53,1,02
15:08:06,0.07441,215.50,0.42925,6.89984,5.03688,29.28053,36.01929,49.95,0865:00:54,1,02
15:08:07,0.074,215.40,0.42989,6.87006,5.01514,29.28053,36.01929,49.96,0865:00:55,1,02
15:08:08,0.07455,215.40,0.42842,6.89612,5.03417,29.28053,36.01929,49.96,0865:00:56,1,02
15:08:09,0.07484,215.40,0.42617,6.88681,5.02737,29.28053,36.01929,49.96,0865:00:57,1,02
15:08:10,0.07441,215.40,0.42875,6.88867,5.02873,29.28054,36.01929,49.94,0865:00:58,1,02
15:08:11,0.0752,215.40,0.42926,6.96871,5.08716,29.28054,36.01929,49.94,0865:00:59,1,02
15:08:12,0.0752,215.40,0.42926,6.96871,5.08716,29.28054,36.01929,49.94,0865:00:59,1,02
15:08:13,0.07477,215.50,0.4276,6.90356,5.0396,29.28054,36.01929,49.96,0865:01:00,1,02
15:08:14,0.07488,215.40,0.42655,6.89612,5.03417,29.28054,36.01931,49.96,0865:01:01,1,02
15:08:15,0.07488,215.30,0.42467,6.86261,5.00971,29.28054,36.01931,49.96,0865:01:02,1,02
15:08:16,0.07466,215.30,0.42479,6.844,4.99612,29.28055,36.01931,49.96,0865:01:03,1,02
15:08:17,0.07451,215.30,0.42951,6.90729,5.04232,29.28055,36.01931,49.95,0865:01:04,1,02
15:08:18,0.07462,215.40,0.42768,6.89053,5.03009,29.28055,36.01931,49.95,0865:01:05,1,02
15:08:19,0.07506,215.40,0.42739,6.92404,5.05455,29.28055,36.01931,49.96,0865:01:06,1,02
15:08:20,0.07499,215.50,0.42634,6.90542,5.04096,29.28055,36.01931,49.96,0865:01:07,1,02
15:08:21,0.07484,215.50,0.42691,6.88123,5.0233,29.28056,36.01933,49.96,0865:01:08,1,02
15:08:22,0.07477,215.50,0.42681,6.8924,5.03145,29.28056,36.01933,49.96,0865:01:09,1,02
15:08:23,0.07477,215.40,0.42666,6.88681,5.02737,29.28056,36.01933,49.96,0865:01:10,1,02
15:08:24,0.07484,215.30,0.4266,6.89053,5.03009,29.28056,36.01933,49.96,0865:01:11,1,02
15:08:25,0.07509,215.10,0.42734,6.91845,5.05047,29.28056,36.01934,49.96,0865:01:12,1,02
15:08:26,0.07495,215.10,0.42684,6.89612,5.03417,29.28057,36.01934,49.96,0865:01:14,1,02
15:08:27,0.07499,215.10,0.42722,6.90542,5.04096,29.28057,36.01934,49.98,0865:01:15,1,02
15:08:29,0.07524,215.10,0.42369,6.87192,5.0165,29.28057,36.01934,49.98,0865:01:16,1,02
15:08:30,0.07538,215.10,0.42463,6.89984,5.03688,29.28057,36.01934,49.98,0865:01:17,1,02
15:08:31,0.07524,215.20,0.42407,6.88123,5.0233,29.28057,36.01934,49.99,0865:01:18,1,02
15:08:32,0.07495,215.30,0.42624,6.89426,5.03281,29.28058,36.01934,49.99,0865:01:19,1,02
15:08:33,0.0756,215.40,0.42507,6.93707,5.06406,29.28058,36.01936,49.99,0865:01:20,1,02
15:08:34,0.07557,215.50,0.42575,6.94823,5.07221,29.28058,36.01936,49.99,0865:01:21,1,02
15:08:35,0.07553,215.60,0.42416,6.92218,5.05319,29.28058,36.01936,49.99,0865:01:22,1,02
15:08:36,0.07517,215.60,0.42461,6.89798,5.03552,29.28058,36.01936,49.99,0865:01:23,1,02
15:08:37,0.07517,215.60,0.42461,6.89798,5.03552,29.28058,36.01936,49.99,0865:01:23,1,02
15:08:38,0.07492,215.60,0.42676,6.90915,5.04368,29.28059,36.01937,50.00,0865:01:24,1,02
15:08:39,0.07484,215.60,0.42624,6.89426,5.03281,29.28059,36.01937,50.00,0865:01:25,1,02
15:08:40,0.07531,215.50,0.42404,6.89984,5.03688,29.28059,36.01937,50.01,0865:01:26,1,02
15:08:41,0.07538,215.60,0.42573,6.9352,5.0627,29.28059,36.01937,50.01,0865:01:27,1,02
15:08:42,0.07484,215.50,0.4262,6.89053,5.03009,29.28059,36.01937,50.00,0865:01:28,1,02
15:08:43,0.07477,215.60,0.42698,6.89984,5.03688,29.2806,36.01937,50.00,0865:01:29,1,02
15:08:44,0.07492,215.60,0.4241,6.86448,5.01107,29.2806,36.01937,50.03,0865:01:30,1,02
15:08:45,0.0747,215.60,0.4278,6.90356,5.0396,29.2806,36.01939,50.03,0865:01:31,1,02
15:08:46,0.07535,215.40,0.42473,6.91101,5.04504,29.2806,36.01939,50.04,0865:01:32,1,02
15:08:47,0.07506,215.30,0.42416,6.87006,5.01514,29.2806,36.01939,50.04,0865:01:34,1,02
15:08:48,0.07517,215.30,0.42483,6.89053,5.03009,29.28061,36.01939,50.03,0865:01:35,1,02
15:08:49,0.07535,215.30,0.42294,6.87564,5.01922,29.28061,36.01939,50.03,0865:01:36,1,02
15:08:50,0.07492,215.50,0.42694,6.90729,5.04232,29.28061,36.01939,50.03,0865:01:37,1,02
15:08:51,0.07455,215.40,0.42784,6.88681,5.02737,29.28061,36.01939,50.03,0865:01:38,1,02
15:08:52,0.07509,215.50,0.42737,6.93334,5.06134,29.28061,36.01939,50.03,0865:01:39,1,02
15:08:53,0.07466,215.60,0.4273,6.8924,5.03145,29.28062,36.01941,50.01,0865:01:40,1,02
15:08:54,0.07513,215.50,0.42443,6.88867,5.02873,29.28062,36.01941,50.01,0865:01:41,1,02
15:08:55,0.07495,215.60,0.42609,6.89984,5.03688,29.28062,36.01941,50.01,0865:01:42,1,02
15:08:56,0.07484,216.00,0.42649,6.91101,5.04504,29.28062,36.01942,50.01,0865:01:43,1,02
15:08:57,0.07462,216.10,0.42755,6.90915,5.04368,29.28062,36.01942,50.01,0865:01:44,1,02
15:08:58,0.07495,216.10,0.42603,6.91473,5.04775,29.28063,36.01942,50.01,0865:01:45,1,02
15:08:59,0.07567,215.80,0.4237,6.9352,5.0627,29.28063,36.01942,50.01,0865:01:46,1,02
15:09:00,0.07499,216.00,0.42536,6.90542,5.04096,29.28063,36.01942,50.01,0865:01:47,1,02
15:09:01,0.07517,216.00,0.42439,6.90542,5.04096,29.28063,36.01942,50.01,0865:01:48,1,02
15:09:02,0.07517,216.00,0.42439,6.90542,5.04096,29.28063,36.01942,50.01,0865:01:48,1,02
15:09:03,0.07509,215.90,0.42786,6.89984,5.03688,29.28063,36.01942,50.01,0865:01:49,1,02
15:09:04,0.07488,216.00,0.42411,6.87564,5.01922,29.28064,36.01942,49.99,0865:01:50,1,02
15:09:05,0.0748,216.10,0.42555,6.89426,5.03281,29.28064,36.01944,49.99,0865:01:51,1,02
15:09:06,0.07513,216.00,0.42597,6.92962,5.05862,29.28064,36.01944,50.00,0865:01:52,1,02
15:09:07,0.07517,216.00,0.42395,6.89984,5.03688,29.28064,36.01944,50.00,0865:01:54,1,02
15:09:08,0.07488,216.00,0.42457,6.88309,5.02465,29.28064,36.01944,50.00,0865:01:55,1,02
15:09:09,0.0747,216.00,0.42505,6.87192,5.0165,29.28065,36.01945,50.00,0865:01:56,1,02
15:09:10,0.07451,216.00,0.42686,6.88681,5.02737,29.28065,36.01945,49.99,0865:01:57,1,02
15:09:11,0.07433,216.10,0.42684,6.87378,5.01786,29.28065,36.01945,50.00,0865:01:58,1,02
15:09:12,0.07484,216.00,0.42716,6.92031,5.05183,29.28065,36.01945,50.00,0865:01:59,1,02
15:09:13,0.07499,216.00,0.42683,6.92776,5.05726,29.28065,36.01945,49.99,0865:02:00,1,02
15:09:14,0.07502,215.90,0.42387,6.88123,5.0233,29.28066,36.01945,49.99,0865:02:01,1,02
15:09:15,0.07517,215.90,0.42527,6.91659,5.04911,29.28066,36.01945,49.99,0865:02:02,1,02
15:09:16,0.07484,216.00,0.4243,6.87564,5.01922,29.28066,36.01947,49.99,0865:02:03,1,02
15:09:17,0.07455,215.90,0.42755,6.89798,5.03552,29.28066,36.01947,50.00,0865:02:04,1,02
15:09:18,0.07466,216.00,0.42651,6.8924,5.03145,29.28066,36.01947,50.00,0865:02:05,1,02
15:09:19,0.07437,215.90,0.427,6.87006,5.01514,29.28067,36.01947,49.99,0865:02:06,1,02
15:09:20,0.07455,215.90,0.42926,6.92404,5.05455,29.28067,36.01947,49.99,0865:02:07,1,02
15:09:21,0.07433,215.90,0.4286,6.89426,5.03281,29.28067,36.01947,49.99,0865:02:08,1,02
15:09:22,0.07466,215.90,0.42674,6.89612,5.03417,29.28067,36.01947,49.99,0865:02:09,1,02
15:09:23,0.07484,216.00,0.42521,6.88867,5.02873,29.28067,36.01949,49.99,0865:02:10,1,02
15:09:24,0.07433,216.00,0.42679,6.8682,5.01378,29.28068,36.01949,49.99,0865:02:11,1,02
15:09:25,0.07473,215.80,0.42851,6.92776,5.05726,29.28068,36.01949,49.99,0865:02:12,1,02
15:09:26,0.07441,215.80,0.42794,6.88681,5.02737,29.28068,36.01949,49.99,0865:02:13,1,02
15:09:27,0.07441,215.80,0.42794,6.88681,5.02737,29.28068,36.01949,49.99,0865:02:13,1,02
15:09:28,0.07495,215.70,0.42578,6.89798,5.03552,29.28068,36.0195,49.98,0865:02:15,1,02
15:09:29,0.07473,215.70,0.42637,6.88681,5.02737,29.28068,36.0195,49.98,0865:02:16,1,02
15:09:30,0.07473,215.60,0.42727,6.89984,5.03688,29.28069,36.0195,49.96,0865:02:17,1,02
15:09:31,0.07484,215.60,0.42668,6.89984,5.03688,29.28069,36.0195,49.95,0865:02:18,1,02
15:09:32,0.07466,215.80,0.42911,6.92962,5.05862,29.28069,36.0195,49.95,0865:02:19,1,02
15:09:33,0.07473,216.00,0.4289,6.93893,5.06542,29.28069,36.0195,49.95,0865:02:20,1,02
15:09:34,0.07462,216.00,0.42673,6.89426,5.03281,29.28069,36.0195,49.95,0865:02:21,1,02
15:09:35,0.07437,216.10,0.42755,6.88681,5.02737,29.2807,36.0195,49.95,0865:02:22,1,02
15:09:36,0.0747,216.20,0.42627,6.89798,5.03552,29.2807,36.01952,49.95,0865:02:23,1,02
15:09:37,0.07441,216.30,0.42788,6.9017,5.03824,29.2807,36.01952,49.95,0865:02:24,1,02
15:09:38,0.07492,216.30,0.42322,6.87378,5.01786,29.2807,36.01952,49.95,0865:02:25,1,02
15:09:39,0.0743,216.30,0.42778,6.89053,5.03009,29.2807,36.01953,49.95,0865:02:26,1,02
15:09:40,0.07462,216.40,0.42926,6.94637,5.07085,29.28071,36.01953,49.95,0865:02:27,1,02
15:09:41,0.07433,216.40,0.42808,6.9017,5.03824,29.28071,36.01953,49.95,0865:02:28,1,02
15:09:42,0.07448,216.10,0.42743,6.89612,5.03417,29.28071,36.01953,49.95,0865:02:29,1,02
15:09:43,0.07509,216.20,0.4254,6.92031,5.05183,29.28071,36.01954,49.96,0865:02:30,1,02
15:09:44,0.07455,216.00,0.42597,6.87564,5.01922,29.28071,36.01954,49.96,0865:02:31,1,02
15:09:45,0.07444,216.10,0.42761,6.89426,5.03281,29.28072,36.01954,49.96,0865:02:32,1,02
15:09:46,0.07419,216.20,0.42809,6.88123,5.0233,29.28072,36.01954,49.96,0865:02:33,1,02
15:09:47,0.07473,216.10,0.42617,6.89798,5.03552,29.28072,36.01955,49.96,0865:02:35,1,02
15:09:48,0.07415,216.10,0.42908,6.8924,5.03145,29.28072,36.01955,49.96,0865:02:36,1,02
15:09:49,0.07462,216.10,0.42628,6.88867,5.02873,29.28072,36.01955,49.96,0865:02:37,1,02
15:09:50,0.07455,216.00,0.4278,6.90356,5.0396,29.28073,36.01955,49.96,0865:02:38,1,02
15:09:51,0.07455,215.80,0.42809,6.90356,5.0396,29.28073,36.01955,49.96,0865:02:39,1,02
15:09:52,0.07455,215.80,0.42809,6.90356,5.0396,29.28073,36.01955,49.96,0865:02:39,1,02
15:09:53,0.07499,215.90,0.42542,6.9017,5.03824,29.28073,36.01955,49.95,0865:02:40,1,02
15:09:54,0.07492,215.90,0.42618,6.90915,5.04368,29.28073,36.01955,49.95,0865:02:41,1,02
15:09:55,0.07473,215.90,0.42645,6.89612,5.03417,29.28073,36.01957,49.96,0865:02:42,1,02
15:09:56,0.0747,215.90,0.42721,6.90356,5.0396,29.28074,36.01957,49.96,0865:02:43,1,02
15:09:57,0.07437,215.80,0.42629,6.85703,5.00563,29.28074,36.01957,49.96,0865:02:44,1,02
15:09:58,0.07502,215.80,0.4252,6.89798,5.03552,29.28074,36.01957,49.96,0865:02:45,1,02
15:09:59,0.0748,215.70,0.42622,6.8924,5.03145,29.28074,36.01958,49.96,0865:02:46,1,02
15:10:00,0.0747,215.70,0.42727,6.89984,5.03688,29.28074,36.01958,49.96,0865:02:47,1,02
15:10:01,0.07451,215.80,0.42793,6.89612,5.03417,29.28075,36.01958,49.96,0865:02:48,1,02
15:10:02,0.07451,215.80,0.42677,6.8775,5.02058,29.28075,36.01958,49.96,0865:02:49,1,02
15:10:03,0.07557,215.80,0.42893,7.00966,5.11705,29.28075,36.01958,49.96,0865:02:50,1,02
15:10:04,0.07444,215.90,0.42973,6.92031,5.05183,29.28075,36.01958,49.96,0865:02:51,1,02
15:10:05,0.07473,215.80,0.42758,6.91287,5.04639,29.28076,36.01958,49.96,0865:02:52,1,02
15:10:06,0.07448,215.80,0.42997,6.9259,5.05591,29.28076,36.0196,49.96,0865:02:53,1,02
15:10:07,0.07502,215.70,0.4291,6.96126,5.08172,29.28076,36.0196,49.98,0865:02:54,1,02
15:10:08,0.07448,215.70,0.42994,6.92218,5.05319,29.28076,36.0196,49.98,0865:02:56,1,02
15:10:09,0.07422,215.70,0.42832,6.87378,5.01786,29.28076,36.0196,49.96,0865:02:57,1,02
15:10:10,0.07422,215.80,0.43054,6.91101,5.04504,29.28077,36.01961,49.96,0865:02:58,1,02
15:10:11,0.07477,215.70,0.42747,6.91101,5.04504,29.28077,36.01961,49.98,0865:02:59,1,02
15:10:12,0.07444,215.70,0.42829,6.8924,5.03145,29.28077,36.01961,49.98,0865:03:00,1,02
15:10:13,0.07412,215.70,0.42997,6.89053,5.03009,29.28077,36.01961,49.98,0865:03:01,1,02
15:10:14,0.0747,215.90,0.42985,6.94637,5.07085,29.28077,36.01962,49.98,0865:03:02,1,02
15:10:15,0.07441,215.90,0.42923,6.90915,5.04368,29.28078,36.01962,49.98,0865:03:03,1,02
15:10:16,0.07441,215.90,0.42923,6.90915,5.04368,29.28078,36.01962,49.98,0865:03:03,1,02
15:10:17,0.07455,215.80,0.42773,6.89612,5.03417,29.28078,36.01962,49.96,0865:03:04,1,02
15:10:18,0.07451,215.80,0.42839,6.90356,5.0396,29.28078,36.01963,49.96,0865:03:05,1,02
15:10:19,0.07419,215.70,0.42943,6.88681,5.02737,29.28078,36.01963,49.98,0865:03:06,1,02
15:10:20,0.07404,215.60,0.43078,6.8924,5.03145,29.28078,36.01963,49.98,0865:03:07,1,02
15:10:21,0.0747,215.40,0.42971,6.92962,5.05862,29.28079,36.01963,49.96,0865:03:08,1,02
15:10:22,0.07451,215.40,0.42874,6.89798,5.03552,29.28079,36.01963,49.96,0865:03:09,1,02
15:10:23,0.07415,215.60,0.42809,6.85889,5.00699,29.28079,36.01963,49.98,0865:03:10,1,02
15:10:25,0.07448,215.70,0.42842,6.89612,5.03417,29.28079,36.01963,49.98,0865:03:11,1,02
15:10:26,0.0747,215.80,0.43017,6.94823,5.07221,29.28079,36.01963,49.96,0865:03:12,1,02
15:10:27,0.07455,215.80,0.42715,6.88681,5.02737,29.2808,36.01965,49.96,0865:03:13,1,02
15:10:28,0.07422,215.80,0.42859,6.88123,5.0233,29.2808,36.01965,49.96,0865:03:14,1,02
15:10:29,0.07444,216.00,0.42885,6.91101,5.04504,29.2808,36.01965,49.96,0865:03:16,1,02
15:10:30,0.07393,216.40,0.43046,6.9017,5.03824,29.2808,36.01965,49.95,0865:03:17,1,02
15:10:31,0.07374,216.30,0.4313,6.89426,5.03281,29.2808,36.01966,49.95,0865:03:18,1,02
15:10:32,0.07477,216.30,0.42775,6.93148,5.05998,29.28081,36.01966,49.96,0865:03:19,1,02
15:10:33,0.07433,216.30,0.42884,6.90915,5.04368,29.28081,36.01966,49.96,0865:03:20,1,02
15:10:34,0.07466,216.20,0.42913,6.94265,5.06813,29.28081,36.01966,49.96,0865:03:21,1,02
15:10:35,0.07386,216.20,0.42997,6.87937,5.02194,29.28081,36.01966,49.96,0865:03:22,1,02
15:10:36,0.07374,216.20,0.42826,6.844,4.99612,29.28081,36.01966,49.96,0865:03:23,1,02
15:10:37,0.07419,216.20,0.42915,6.89984,5.03688,29.28082,36.01966,49.96,0865:03:24,1,02
15:10:38,0.0743,216.20,0.43052,6.93148,5.05998,29.28082,36.01968,49.96,0865:03:25,1,02
15:10:39,0.0743,216.20,0.42842,6.89612,5.03417,29.28082,36.01968,49.96,0865:03:26,1,02
15:10:40,0.07382,216.20,0.43075,6.88867,5.02873,29.28082,36.01968,49.96,0865:03:27,1,02
15:10:41,0.07382,216.20,0.43075,6.88867,5.02873,29.28082,36.01968,49.96,0865:03:27,1,02
15:10:42,0.07437,216.10,0.42789,6.8924,5.03145,29.28082,36.01968,49.96,0865:03:28,1,02
15:10:43,0.07466,216.20,0.42671,6.90356,5.0396,29.28083,36.01968,49.96,0865:03:29,1,02
15:10:44,0.07422,216.30,0.42816,6.88867,5.02873,29.28083,36.01968,49.96,0865:03:30,1,02
15:10:45,0.07451,216.20,0.42944,6.93334,5.06134,29.28083,36.01968,49.96,0865:03:31,1,02
15:10:46,0.07451,216.10,0.42804,6.90915,5.04368,29.28083,36.01968,49.96,0865:03:32,1,02
15:10:47,0.07459,216.10,0.42613,6.88309,5.02465,29.28083,36.0197,49.96,0865:03:33,1,02
15:10:48,0.07433,216.20,0.42846,6.89984,5.03688,29.28084,36.0197,49.96,0865:03:34,1,02
15:10:49,0.07444,216.00,0.42714,6.88495,5.02601,29.28084,36.0197,49.96,0865:03:35,1,02
15:10:50,0.07451,215.90,0.4275,6.8924,5.03145,29.28084,36.01971,49.98,0865:03:37,1,02
15:10:51,0.0747,215.80,0.42683,6.89426,5.03281,29.28084,36.01971,49.98,0865:03:38,1,02
15:10:52,0.07477,215.80,0.42576,6.88495,5.02601,29.28084,36.01971,49.98,0865:03:39,1,02
15:10:53,0.0743,215.80,0.42784,6.87564,5.01922,29.28085,36.01971,49.98,0865:03:40,1,02
15:10:54,0.07484,215.80,0.42584,6.89426,5.03281,29.28085,36.01971,49.98,0865:03:41,1,02
15:10:55,0.07451,215.90,0.42738,6.89053,5.03009,29.28085,36.01971,49.99,0865:03:42,1,02
15:10:56,0.07459,215.90,0.42678,6.88867,5.02873,29.28085,36.01971,49.99,0865:03:43,1,02
15:10:57,0.07459,215.80,0.42663,6.88309,5.02465,29.28085,36.01971,49.99,0865:03:44,1,02
15:10:58,0.07506,215.80,0.42615,6.91659,5.04911,29.28086,36.01973,49.99,0865:03:45,1,02
15:10:59,0.07451,215.70,0.42893,6.90915,5.04368,29.28086,36.01973,49.99,0865:03:46,1,02
15:11:00,0.0747,215.70,0.42646,6.88681,5.02737,29.28086,36.01973,49.99,0865:03:47,1,02
15:11:01,0.07499,215.70,0.42468,6.88495,5.02601,29.28086,36.01974,50.00,0865:03:48,1,02
15:11:02,0.07524,215.70,0.42309,6.88123,5.0233,29.28086,36.01974,50.00,0865:03:49,1,02
15:11:03,0.0748,215.70,0.42553,6.88123,5.0233,29.28087,36.01974,49.99,0865:03:50,1,02
15:11:04,0.07506,215.70,0.42636,6.91845,5.05047,29.28087,36.01974,49.99,0865:03:51,1,02
15:11:05,0.07451,215.70,0.42652,6.87192,5.0165,29.28087,36.01974,50.00,0865:03:52,1,02
15:11:06,0.07495,215.80,0.42595,6.90542,5.04096,29.28087,36.01974,50.00,0865:03:53,1,02
15:11:07,0.07495,215.80,0.42595,6.90542,5.04096,29.28087,36.01974,50.00,0865:03:53,1,02
15:11:08,0.0748,215.80,0.42547,6.88495,5.02601,29.28087,36.01974,50.00,0865:03:54,1,02
15:11:09,0.07502,215.80,0.42416,6.88123,5.0233,29.28088,36.01974,50.00,0865:03:55,1,02
15:11:10,0.07502,215.80,0.4251,6.89798,5.03552,29.28088,36.01976,50.00,0865:03:57,1,02
15:11:11,0.07542,215.70,0.42431,6.91845,5.05047,29.28088,36.01976,50.00,0865:03:58,1,02
15:11:12,0.07531,215.80,0.42457,6.91473,5.04775,29.28088,36.01976,49.99,0865:03:59,1,02
15:11:13,0.07517,215.80,0.42479,6.90729,5.04232,29.28088,36.01976,49.99,0865:04:00,1,02
15:11:14,0.07477,215.90,0.42453,6.8682,5.01378,29.28089,36.01976,50.01,0865:04:01,1,02
15:11:15,0.0752,216.00,0.42259,6.87937,5.02194,29.28089,36.01976,50.01,0865:04:02,1,02
15:11:16,0.0752,216.00,0.42374,6.89798,5.03552,29.28089,36.01976,50.00,0865:04:03,1,02
15:11:17,0.07477,216.00,0.42594,6.89426,5.03281,29.28089,36.01978,50.00,0865:04:04,1,02
15:11:18,0.07506,216.00,0.42589,6.92031,5.05183,29.28089,36.01978,50.00,0865:04:05,1,02
15:11:19,0.0747,216.00,0.42668,6.89984,5.03688,29.2809,36.01978,50.00,0865:04:06,1,02
15:11:20,0.07477,216.00,0.42547,6.88495,5.02601,29.2809,36.01978,50.00,0865:04:07,1,02
15:11:21,0.07502,215.90,0.42456,6.8924,5.03145,29.2809,36.01979,50.00,0865:04:08,1,02
15:11:22,0.07473,215.90,0.42532,6.87937,5.02194,29.2809,36.01979,50.00,0865:04:09,1,02
15:11:23,0.07455,216.00,0.42745,6.89798,5.03552,29.2809,36.01979,49.99,0865:04:10,1,02
15:11:24,0.07502,216.00,0.42689,6.93334,5.06134,29.28091,36.01979,49.99,0865:04:11,1,02
15:11:25,0.07448,216.00,0.42692,6.88309,5.02465,29.28091,36.01979,50.00,0865:04:12,1,02
15:11:26,0.07495,216.00,0.42464,6.89053,5.03009,29.28091,36.01979,50.00,0865:04:13,1,02
15:11:27,0.0747,216.00,0.42818,6.92404,5.05455,29.28091,36.01979,49.99,0865:04:14,1,02
15:11:28,0.07513,216.00,0.42802,6.96126,5.08172,29.28091,36.01981,49.99,0865:04:15,1,02
15:11:29,0.07441,216.00,0.42753,6.88495,5.02601,29.28092,36.01981,49.99,0865:04:16,1,02
15:11:30,0.07502,215.90,0.42408,6.88309,5.02465,29.28092,36.01981,49.99,0865:04:17,1,02
15:11:31,0.07502,215.90,0.42408,6.88309,5.02465,29.28092,36.01981,49.99,0865:04:17,1,02
15:11:32,0.0748,215.90,0.42573,6.8924,5.03145,29.28092,36.01981,49.98,0865:04:19,1,02
15:11:33,0.07477,216.00,0.42596,6.89612,5.03417,29.28092,36.01982,49.98,0865:04:20,1,02
15:11:34,0.07473,216.10,0.42525,6.88309,5.02465,29.28092,36.01982,49.98,0865:04:21,1,02
15:11:35,0.07462,216.20,0.42505,6.87192,5.0165,29.28093,36.01982,49.98,0865:04:22,1,02
15:11:36,0.07517,216.10,0.42467,6.91473,5.04775,29.28093,36.01982,49.98,0865:04:23,1,02
15:11:37,0.07448,216.20,0.42778,6.9017,5.03824,29.28093,36.01982,49.98,0865:04:24,1,02
15:11:38,0.07459,216.20,0.4264,6.89053,5.03009,29.28093,36.01982,49.98,0865:04:25,1,02
15:11:39,0.07437,216.20,0.42862,6.90729,5.04232,29.28093,36.01982,49.98,0865:04:26,1,02
15:11:40,0.0747,216.10,0.42683,6.90542,5.04096,29.28094,36.01984,49.98,0865:04:27,1,02
15:11:41,0.07528,216.20,0.42536,6.93707,5.06406,29.28094,36.01984,49.96,0865:04:28,1,02
15:11:42,0.07426,216.20,0.42644,6.86261,5.00971,29.28094,36.01984,49.96,0865:04:29,1,02
15:11:43,0.07419,216.20,0.42659,6.85703,5.00563,29.28094,36.01984,49.98,0865:04:30,1,02
15:11:44,0.07459,216.10,0.42719,6.9017,5.03824,29.28094,36.01984,49.98,0865:04:31,1,02
15:11:45,0.0747,216.00,0.42622,6.8924,5.03145,29.28095,36.01984,49.98,0865:04:32,1,02
15:11:46,0.07477,216.00,0.42617,6.89798,5.03552,29.28095,36.01984,49.98,0865:04:33,1,02
15:11:47,0.07513,216.00,0.42537,6.91659,5.04911,29.28095,36.01984,49.96,0865:04:34,1,02
15:11:48,0.07517,215.90,0.42744,6.95196,5.07493,29.28095,36.01986,49.96,0865:04:35,1,02
15:11:49,0.07499,215.80,0.4268,6.92404,5.05455,29.28095,36.01986,49.98,0865:04:36,1,02
15:11:50,0.07473,215.80,0.42851,6.92776,5.05726,29.28096,36.01986,49.98,0865:04:37,1,02
15:11:51,0.07459,215.90,0.42837,6.91287,5.04639,29.28096,36.01987,49.96,0865:04:39,1,02
15:11:52,0.07473,215.90,0.42712,6.90542,5.04096,29.28096,36.01987,49.96,0865:04:40,1,02
15:11:53,0.07492,215.80,0.42649,6.91101,5.04504,29.28096,36.01987,49.98,0865:04:41,1,02
15:11:54,0.07495,215.90,0.42505,6.8924,5.03145,29.28096,36.01987,49.98,0865:04:42,1,02
15:11:55,0.07502,215.90,0.42513,6.9017,5.03824,29.28097,36.01987,49.96,0865:04:43,1,02
15:11:56,0.07492,215.90,0.42491,6.88867,5.02873,29.28097,36.01987,49.96,0865:04:44,1,02
15:11:57,0.07492,215.90,0.42491,6.88867,5.02873,29.28097,36.01987,49.96,0865:04:44,1,02
15:11:58,0.07473,215.90,0.42645,6.89612,5.03417,29.28097,36.01987,49.95,0865:04:45,1,02
15:11:59,0.0752,215.90,0.42622,6.9352,5.0627,29.28097,36.01987,49.96,0865:04:46,1,02
15:12:00,0.07492,215.90,0.42285,6.85517,5.00427,29.28097,36.01989,49.96,0865:04:47,1,02
15:12:01,0.07473,215.80,0.4263,6.89053,5.03009,29.28098,36.01989,49.96,0865:04:48,1,02
15:12:02,0.07484,215.80,0.42619,6.89984,5.03688,29.28098,36.01989,49.96,0865:04:49,1,02
15:12:03,0.07473,215.80,0.42676,6.89798,5.03552,29.28098,36.01989,49.96,0865:04:50,1,02
15:12:04,0.0747,215.90,0.42607,6.88681,5.02737,29.28098,36.0199,49.96,0865:04:51,1,02
15:12:05,0.07499,215.80,0.42416,6.88123,5.0233,29.28098,36.0199,49.96,0865:04:52,1,02
15:12:06,0.07509,215.80,0.42666,6.92962,5.05862,29.28099,36.0199,49.96,0865:04:53,1,02
15:12:07,0.07459,215.80,0.42743,6.89612,5.03417,29.28099,36.01991,49.98,0865:04:54,1,02
15:12:08,0.07441,215.70,0.42988,6.91473,5.04775,29.28099,36.01991,49.98,0865:04:55,1,02
15:12:09,0.07542,215.70,0.42498,6.92776,5.05726,29.28099,36.01991,49.96,0865:04:56,1,02
15:12:10,0.07549,215.50,0.42616,6.9501,5.07357,29.28099,36.01991,49.96,0865:04:57,1,02
15:12:11,0.07538,215.50,0.42648,6.94265,5.06813,29.281,36.01992,49.96,0865:04:58,1,02
15:12:12,0.07466,215.30,0.42826,6.89984,5.03688,29.281,36.01992,49.96,0865:05:00,1,02
15:12:13,0.07459,215.20,0.42608,6.85517,5.00427,29.281,36.01992,49.96,0865:05:01,1,02
15:12:14,0.07484,214.90,0.42704,6.88495,5.02601,29.281,36.01992,49.96,0865:05:02,1,02
15:12:15,0.07488,215.00,0.42768,6.9017,5.03824,29.281,36.01992,49.98,0865:05:03,1,02
15:12:16,0.07492,215.10,0.42786,6.91101,5.04504,29.28101,36.01992,49.98,0865:05:04,1,02
15:12:17,0.0756,215.10,0.42624,6.94823,5.07221,29.28101,36.01992,49.98,0865:05:05,1,02
15:12:18,0.07509,215.10,0.4263,6.9017,5.03824,29.28101,36.01994,49.99,0865:05:06,1,02
15:12:19,0.07509,215.10,0.42652,6.90356,5.0396,29.28101,36.01994,49.99,0865:05:07,1,02
15:12:20,0.07466,215.10,0.42808,6.89053,5.03009,29.28101,36.01994,49.96,0865:05:08,1,02
15:12:21,0.07466,215.10,0.42808,6.89053,5.03009,29.28101,36.01994,49.96,0865:05:08,1,02
15:12:22,0.07499,215.00,0.42605,6.88495,5.02601,29.28102,36.01994,49.96,0865:05:09,1,02
15:12:23,0.07499,214.90,0.42625,6.88495,5.02601,29.28102,36.01995,49.98,0865:05:10,1,02
15:12:24,0.07506,214.90,0.4262,6.89053,5.03009,29.28102,36.01995,49.98,0865:05:11,1,02
15:12:25,0.07502,215.00,0.42609,6.88867,5.02873,29.28102,36.01995,49.96,0865:05:12,1,02
15:12:26,0.07509,215.10,0.42709,6.91287,5.04639,29.28102,36.01995,49.96,0865:05:13,1,02
15:12:27,0.07477,215.00,0.42816,6.89984,5.03688,29.28103,36.01995,49.98,0865:05:14,1,02
15:12:29,0.07513,215.10,0.42588,6.89798,5.03552,29.28103,36.01995,49.98,0865:05:15,1,02
15:12:30,0.07538,215.10,0.42476,6.90356,5.0396,29.28103,36.01995,49.96,0865:05:16,1,02
15:12:31,0.07517,215.20,0.4256,6.89984,5.03688,29.28103,36.01995,49.96,0865:05:17,1,02
15:12:32,0.07502,215.20,0.42501,6.8775,5.02058,29.28103,36.01997,49.98,0865:05:18,1,02
15:12:33,0.07524,215.20,0.42466,6.8924,5.03145,29.28104,36.01997,49.98,0865:05:20,1,02
15:12:34,0.07506,215.20,0.42458,6.87378,5.01786,29.28104,36.01997,49.98,0865:05:21,1,02
15:12:35,0.07524,215.20,0.42521,6.89984,5.03688,29.28104,36.01998,49.98,0865:05:22,1,02
15:12:36,0.07495,215.20,0.42666,6.89798,5.03552,29.28104,36.01998,49.99,0865:05:23,1,02
15:12:37,0.07441,215.20,0.42923,6.88681,5.02737,29.28104,36.01998,49.99,0865:05:24,1,02
15:12:38,0.07499,215.10,0.42875,6.93334,5.06134,29.28105,36.01998,49.98,0865:05:25,1,02
15:12:39,0.07499,215.10,0.42584,6.88309,5.02465,29.28105,36.01999,49.98,0865:05:26,1,02
15:12:40,0.07506,215.10,0.42671,6.90356,5.0396,29.28105,36.01999,49.96,0865:05:27,1,02
15:12:41,0.07513,215.10,0.42586,6.89612,5.03417,29.28105,36.01999,49.96,0865:05:28,1,02
15:12:42,0.07506,215.00,0.4261,6.89053,5.03009,29.28105,36.01999,49.96,0865:05:29,1,02
15:12:43,0.0752,214.70,0.42742,6.91659,5.04911,29.28106,36.02,49.96,0865:05:30,1,02
15:12:44,0.07495,214.80,0.42755,6.89798,5.03552,29.28106,36.02,49.96,0865:05:31,1,02
15:12:45,0.07502,215.10,0.42634,6.89426,5.03281,29.28106,36.02,49.95,0865:05:32,1,02
15:12:46,0.07499,215.00,0.42732,6.90542,5.04096,29.28106,36.02,49.95,0865:05:33,1,02
15:12:47,0.07499,215.00,0.42732,6.90542,5.04096,29.28106,36.02,49.95,0865:05:33,1,02
15:12:48,0.07506,215.10,0.42786,6.92218,5.05319,29.28106,36.02,49.95,0865:05:34,1,02
15:12:49,0.0752,215.10,0.42834,6.94265,5.06813,29.28107,36.02,49.95,0865:05:35,1,02
15:12:50,0.07473,215.00,0.42639,6.8682,5.01378,29.28107,36.02,49.96,0865:05:36,1,02
15:12:51,0.07473,215.10,0.42801,6.89426,5.03281,29.28107,36.02002,49.96,0865:05:37,1,02
15:12:52,0.07484,215.10,0.42687,6.88867,5.02873,29.28107,36.02002,49.95,0865:05:38,1,02
15:12:53,0.07492,215.20,0.42661,6.8924,5.03145,29.28108,36.02002,49.95,0865:05:39,1,02
15:12:54,0.07499,215.20,0.42553,6.88123,5.0233,29.28108,36.02002,49.95,0865:05:41,1,02
15:12:55,0.07513,215.20,0.42752,6.92776,5.05726,29.28108,36.02003,49.95,0865:05:42,1,02
15:12:56,0.0748,215.30,0.42664,6.88495,5.02601,29.28108,36.02003,49.96,0865:05:43,1,02
15:12:57,0.0748,215.20,0.4271,6.8924,5.03145,29.28108,36.02003,49.96,0865:05:44,1,02
15:12:58,0.07499,215.20,0.42668,6.89984,5.03688,29.28109,36.02003,49.96,0865:05:45,1,02
15:12:59,0.07542,215.10,0.42388,6.8924,5.03145,29.28109,36.02003,49.96,0865:05:46,1,02
15:13:00,0.07524,215.10,0.42565,6.90542,5.04096,29.28109,36.02003,49.96,0865:05:47,1,02
15:13:01,0.07477,215.20,0.42696,6.88681,5.02737,29.28109,36.02003,49.98,0865:05:48,1,02
15:13:02,0.0752,215.10,0.42619,6.91101,5.04504,29.28109,36.02005,49.98,0865:05:49,1,02
15:13:03,0.07502,215.20,0.42717,6.91101,5.04504,29.2811,36.02005,49.98,0865:05:50,1,02
15:13:04,0.07513,215.20,0.42498,6.88495,5.02601,29.2811,36.02005,49.98,0865:05:51,1,02
15:13:05,0.07495,215.30,0.42587,6.88681,5.02737,29.2811,36.02005,49.98,0865:05:52,1,02
15:13:06,0.07484,215.30,0.42648,6.88867,5.02873,29.2811,36.02005,49.98,0865:05:53,1,02
15:13:07,0.07495,215.50,0.42548,6.88681,5.02737,29.2811,36.02005,49.99,0865:05:54,1,02
15:13:08,0.07462,215.60,0.4275,6.8924,5.03145,29.28111,36.02005,49.99,0865:05:55,1,02
15:13:09,0.07502,215.50,0.4249,6.88681,5.02737,29.28111,36.02005,49.99,0865:05:56,1,02
15:13:10,0.07549,215.50,0.42567,6.93893,5.06542,29.28111,36.02007,49.99,0865:05:57,1,02
15:13:11,0.07535,215.40,0.42506,6.91473,5.04775,29.28111,36.02007,49.99,0865:05:58,1,02
15:13:12,0.07535,215.40,0.42506,6.91473,5.04775,29.28111,36.02007,49.99,0865:05:58,1,02
15:13:13,0.0747,215.30,0.42887,6.91287,5.04639,29.28111,36.02007,49.99,0865:05:59,1,02
15:13:14,0.07488,215.30,0.42686,6.89798,5.03552,29.28112,36.02008,50.00,0865:06:00,1,02
15:13:15,0.07477,215.30,0.42813,6.90729,5.04232,29.28112,36.02008,50.00,0865:06:02,1,02
15:13:16,0.0748,215.30,0.42735,6.89798,5.03552,29.28112,36.02008,50.00,0865:06:03,1,02
15:13:17,0.0748,215.60,0.42836,6.92218,5.05319,29.28112,36.02008,50.00,0865:06:04,1,02
15:13:18,0.07466,215.60,0.42707,6.88867,5.02873,29.28112,36.02008,50.01,0865:06:05,1,02
15:13:19,0.07488,215.50,0.42622,6.8924,5.03145,29.28113,36.02008,50.01,0865:06:06,1,02
15:13:20,0.0747,215.50,0.42684,6.88495,5.02601,29.28113,36.02008,50.01,0865:06:07,1,02
15:13:21,0.07473,215.50,0.42676,6.88681,5.02737,29.28113,36.02008,50.01,0865:06:08,1,02
15:13:22,0.07473,215.50,0.42724,6.89612,5.03417,29.28113,36.0201,50.01,0865:06:09,1,02
15:13:23,0.07459,215.50,0.42639,6.8682,5.01378,29.28113,36.0201,50.01,0865:06:10,1,02
15:13:24,0.07506,215.60,0.42619,6.91101,5.04504,29.28114,36.0201,50.01,0865:06:11,1,02
15:13:25,0.07437,215.50,0.42804,6.87564,5.01922,29.28114,36.02011,50.03,0865:06:12,1,02
15:13:26,0.07466,215.50,0.42717,6.88867,5.02873,29.28114,36.02011,50.03,0865:06:13,1,02
15:13:27,0.07412,215.60,0.42955,6.8775,5.02058,29.28114,36.02011,50.03,0865:06:14,1,02
15:13:28,0.07444,215.50,0.42892,6.89612,5.03417,29.28114,36.02011,50.03,0865:06:15,1,02
15:13:29,0.07444,215.50,0.42799,6.88123,5.0233,29.28115,36.02011,50.01,0865:06:16,1,02
15:13:30,0.07455,215.60,0.42836,6.89984,5.03688,29.28115,36.02011,50.01,0865:06:17,1,02
15:13:31,0.07433,215.50,0.42869,6.88123,5.0233,29.28115,36.02011,50.01,0865:06:18,1,02
15:13:32,0.07455,215.40,0.42923,6.90915,5.04368,29.28115,36.02011,50.01,0865:06:19,1,02
15:13:33,0.07462,215.30,0.43007,6.9259,5.05591,29.28115,36.02013,50.01,0865:06:20,1,02
15:13:34,0.07433,215.40,0.4297,6.89426,5.03281,29.28116,36.02013,50.01,0865:06:22,1,02
15:13:35,0.07419,215.40,0.43038,6.8924,5.03145,29.28116,36.02013,50.00,0865:06:23,1,02
15:13:36,0.07419,215.40,0.43038,6.8924,5.03145,29.28116,36.02013,50.00,0865:06:23,1,02
15:13:37,0.07397,215.20,0.43269,6.90356,5.0396,29.28116,36.02013,50.00,0865:06:24,1,02
15:13:38,0.07492,215.30,0.4286,6.92776,5.05726,29.28116,36.02013,50.00,0865:06:25,1,02
15:13:39,0.07448,215.30,0.42877,6.89053,5.03009,29.28116,36.02013,50.00,0865:06:26,1,02
15:13:40,0.07426,215.30,0.43018,6.8924,5.03145,29.28117,36.02013,50.00,0865:06:27,1,02
15:13:41,0.07455,215.20,0.43299,6.96312,5.08308,29.28117,36.02015,49.99,0865:06:28,1,02
15:13:42,0.07513,215.20,0.43166,6.99477,5.10618,29.28117,36.02015,49.99,0865:06:29,1,02
15:13:43,0.07462,215.30,0.4273,6.88123,5.0233,29.28117,36.02015,49.99,0865:06:30,1,02
15:13:44,0.07444,215.30,0.43,6.90542,5.04096,29.28117,36.02015,49.99,0865:06:31,1,02
15:13:45,0.07412,215.30,0.43028,6.88123,5.0233,29.28118,36.02016,50.00,0865:06:32,1,02
15:13:46,0.07455,215.30,0.43057,6.9259,5.05591,29.28118,36.02016,50.00,0865:06:33,1,02
15:13:47,0.07419,215.40,0.43085,6.89984,5.03688,29.28118,36.02016,49.98,0865:06:34,1,02
15:13:48,0.07459,215.40,0.42786,6.88867,5.02873,29.28118,36.02016,49.98,0865:06:35,1,02
15:13:49,0.07451,215.10,0.42966,6.9017,5.03824,29.28118,36.02016,49.98,0865:06:36,1,02
15:13:50,0.07441,215.20,0.42971,6.89612,5.03417,29.28119,36.02016,49.98,0865:06:37,1,02
15:13:51,0.07444,215.20,0.42998,6.90356,5.0396,29.28119,36.02016,49.96,0865:06:38,1,02
15:13:52,0.07499,215.20,0.42911,6.94079,5.06678,29.28119,36.02016,49.96,0865:06:39,1,02
15:13:53,0.07419,215.20,0.43078,6.8924,5.03145,29.28119,36.02018,49.96,0865:06:40,1,02
15:13:54,0.07433,215.10,0.42995,6.88867,5.02873,29.28119,36.02018,49.96,0865:06:42,1,02
15:13:55,0.07444,215.00,0.43142,6.92031,5.05183,29.2812,36.02018,49.96,0865:06:43,1,02
15:13:56,0.07433,215.10,0.42995,6.88867,5.02873,29.2812,36.02019,49.96,0865:06:44,1,02
15:13:57,0.07451,215.00,0.42627,6.844,4.99612,29.2812,36.02019,49.96,0865:06:45,1,02
15:13:58,0.07415,215.00,0.43092,6.88495,5.02601,29.2812,36.02019,49.96,0865:06:46,1,02
15:13:59,0.07492,215.00,0.42852,6.91845,5.05047,29.2812,36.02019,49.95,0865:06:47,1,02
15:14:00,0.07492,215.00,0.42852,6.91845,5.05047,29.2812,36.02019,49.95,0865:06:47,1,02
15:14:01,0.0748,215.00,0.42808,6.9017,5.03824,29.28121,36.0202,49.95,0865:06:48,1,02
15:14:02,0.07509,215.10,0.42939,6.9501,5.07357,29.28121,36.0202,49.95,0865:06:49,1,02
15:14:03,0.07517,215.10,0.42695,6.91845,5.05047,29.28121,36.0202,49.95,0865:06:50,1,02
15:14:04,0.07492,215.20,0.42811,6.91659,5.04911,29.28121,36.0202,49.95,0865:06:51,1,02
15:14:05,0.07528,215.10,0.42729,6.9352,5.0627,29.28121,36.02021,49.94,0865:06:52,1,02
15:14:06,0.0747,215.10,0.42936,6.91287,5.04639,29.28122,36.02021,49.94,0865:06:53,1,02
15:14:07,0.07531,215.10,0.42914,6.96685,5.0858,29.28122,36.02021,49.95,0865:06:54,1,02
15:14:08,0.07549,215.00,0.42529,6.91845,5.05047,29.28122,36.02021,49.95,0865:06:55,1,02
15:14:09,0.0748,215.00,0.42723,6.88495,5.02601,29.28122,36.02021,49.95,0865:06:56,1,02
15:14:10,0.07462,214.90,0.42657,6.85517,5.00427,29.28122,36.02021,49.95,0865:06:57,1,02
15:14:11,0.0743,214.90,0.43171,6.90729,5.04232,29.28123,36.02021,49.95,0865:06:58,1,02
15:14:12,0.07506,214.80,0.42709,6.9017,5.03824,29.28123,36.02023,49.95,0865:06:59,1,02
15:14:13,0.07524,214.90,0.4275,6.9259,5.05591,29.28123,36.02023,49.95,0865:07:00,1,02
15:14:14,0.07499,214.80,0.42668,6.88867,5.02873,29.28123,36.02023,49.95,0865:07:01,1,02
15:14:15,0.07492,214.80,0.4273,6.8924,5.03145,29.28123,36.02023,49.96,0865:07:03,1,02
15:14:16,0.07495,214.80,0.42951,6.92962,5.05862,29.28124,36.02024,49.96,0865:07:04,1,02
15:14:17,0.07517,214.70,0.42693,6.90542,5.04096,29.28124,36.02024,49.96,0865:07:05,1,02
15:14:18,0.07495,214.60,0.42783,6.89612,5.03417,29.28124,36.02024,49.96,0865:07:06,1,02
15:14:19,0.07473,214.60,0.42923,6.89798,5.03552,29.28124,36.02024,49.96,0865:07:07,1,02
15:14:20,0.07462,214.50,0.43107,6.91473,5.04775,29.28124,36.02024,49.96,0865:07:08,1,02
15:14:21,0.07477,214.40,0.42794,6.87564,5.01922,29.28125,36.02024,49.95,0865:07:09,1,02
15:14:22,0.07451,214.50,0.4289,6.87192,5.0165,29.28125,36.02024,49.96,0865:07:10,1,02
15:14:23,0.07448,214.60,0.42992,6.88495,5.02601,29.28125,36.02024,49.96,0865:07:11,1,02
15:14:24,0.07466,214.40,0.42794,6.86448,5.01107,29.28125,36.02026,49.96,0865:07:12,1,02
15:14:26,0.07484,214.40,0.42918,6.90356,5.0396,29.28125,36.02026,49.96,0865:07:13,1,02
15:14:27,0.07506,214.30,0.42588,6.86634,5.01243,29.28126,36.02026,49.96,0865:07:14,1,02
15:14:28,0.07506,214.30,0.42588,6.86634,5.01243,29.28126,36.02026,49.96,0865:07:14,1,02
15:14:29,0.07509,214.40,0.4279,6.90356,5.0396,29.28126,36.02027,49.96,0865:07:15,1,02
15:14:30,0.07542,214.40,0.42867,6.94637,5.07085,29.28126,36.02027,49.96,0865:07:16,1,02
15:14:31,0.07473,214.60,0.4296,6.90542,5.04096,29.28126,36.02027,49.96,0865:07:17,1,02
15:14:32,0.07466,214.70,0.4298,6.90542,5.04096,29.28126,36.02027,49.95,0865:07:18,1,02
15:14:33,0.07484,214.70,0.42801,6.89426,5.03281,29.28127,36.02028,49.95,0865:07:19,1,02
15:14:34,0.07459,214.80,0.42953,6.89798,5.03552,29.28127,36.02028,49.96,0865:07:20,1,02
15:14:35,0.07433,214.80,0.42787,6.84586,4.99748,29.28127,36.02028,49.96,0865:07:21,1,02
15:14:36,0.07477,214.80,0.42983,6.92031,5.05183,29.28127,36.02028,49.96,0865:07:22,1,02
15:14:37,0.07466,214.80,0.4274,6.87006,5.01514,29.28127,36.02029,49.96,0865:07:24,1,02
15:14:38,0.07477,214.70,0.42852,6.89612,5.03417,29.28128,36.02029,49.98,0865:07:25,1,02
15:14:39,0.07444,214.80,0.42927,6.87937,5.02194,29.28128,36.02029,49.98,0865:07:26,1,02
15:14:40,0.07459,214.80,0.42894,6.88681,5.02737,29.28128,36.02029,49.99,0865:07:27,1,02
15:14:41,0.07455,214.70,0.43016,6.9017,5.03824,29.28128,36.02029,49.99,0865:07:28,1,02
15:14:42,0.07473,214.90,0.42831,6.89426,5.03281,29.28128,36.02029,49.99,0865:07:29,1,02
15:14:43,0.07513,215.00,0.42851,6.93893,5.06542,29.28129,36.02029,49.99,0865:07:30,1,02
15:14:44,0.07448,215.10,0.42882,6.88495,5.02601,29.28129,36.02031,49.98,0865:07:31,1,02
15:14:45,0.07422,215.00,0.431,6.89426,5.03281,29.28129,36.02031,49.98,0865:07:32,1,02
15:14:46,0.07419,215.00,0.4306,6.88309,5.02465,29.28129,36.02031,49.98,0865:07:33,1,02
15:14:47,0.0748,215.00,0.42738,6.89053,5.03009,29.28129,36.02031,49.99,0865:07:34,1,02
15:14:48,0.07455,215.00,0.42864,6.88681,5.02737,29.2813,36.02032,49.99,0865:07:35,1,02
15:14:49,0.07466,215.00,0.42976,6.91287,5.04639,29.2813,36.02032,49.99,0865:07:36,1,02
15:14:50,0.07455,215.00,0.43072,6.92031,5.05183,29.2813,36.02032,49.99,0865:07:37,1,02
15:14:51,0.07386,215.00,0.43347,6.89984,5.03688,29.2813,36.02032,49.99,0865:07:38,1,02
15:14:52,0.07386,215.00,0.43347,6.89984,5.03688,29.2813,36.02032,49.99,0865:07:38,1,02
15:14:53,0.07437,215.10,0.4301,6.89426,5.03281,29.2813,36.02032,49.99,0865:07:39,1,02
15:14:54,0.07437,215.00,0.43021,6.89612,5.03417,29.28131,36.02032,49.99,0865:07:40,1,02
15:14:55,0.07426,215.00,0.43043,6.88681,5.02737,29.28131,36.02032,49.99,0865:07:41,1,02
15:14:56,0.0743,215.00,0.43036,6.89053,5.03009,29.28131,36.02032,49.99,0865:07:42,1,02
15:14:57,0.07484,214.90,0.42831,6.90542,5.04096,29.28131,36.02034,49.99,0865:07:43,1,02
15:14:58,0.07419,215.00,0.43178,6.90356,5.0396,29.28131,36.02034,49.99,0865:07:45,1,02
15:14:59,0.07422,214.90,0.43085,6.88867,5.02873,29.28132,36.02034,49.99,0865:07:46,1,02
15:15:00,0.07426,214.90,0.42949,6.87006,5.01514,29.28132,36.02035,49.99,0865:07:47,1,02
15:15:01,0.074,214.90,0.42982,6.85145,5.00156,29.28132,36.02035,49.99,0865:07:48,1,02
15:15:02,0.07473,214.80,0.42723,6.87378,5.01786,29.28132,36.02035,49.99,0865:07:49,1,02
15:15:03,0.07578,214.70,0.43209,7.04688,5.14422,29.28132,36.02035,49.99,0865:07:50,1,02
15:15:04,0.07433,214.80,0.43241,6.91845,5.05047,29.28133,36.02036,49.99,0865:07:51,1,02
15:15:05,0.07451,214.80,0.43212,6.93148,5.05998,29.28133,36.02036,49.98,0865:07:52,1,02
15:15:06,0.07433,214.90,0.43081,6.89612,5.03417,29.28133,36.02036,49.98,0865:07:53,1,02
15:15:07,0.07455,214.90,0.42953,6.89798,5.03552,29.28133,36.02036,49.98,0865:07:54,1,02
15:15:08,0.07397,215.00,0.43227,6.89053,5.03009,29.28133,36.02037,49.98,0865:07:55,1,02
15:15:09,0.07462,215.20,0.43085,6.9352,5.0627,29.28134,36.02037,49.98,0865:07:56,1,02
15:15:10,0.07412,215.30,0.43087,6.89053,5.03009,29.28134,36.02037,49.98,0865:07:57,1,02
15:15:11,0.07473,215.40,0.43042,6.94265,5.06813,29.28134,36.02037,49.98,0865:07:58,1,02
15:15:12,0.07477,215.30,0.4301,6.94079,5.06678,29.28134,36.02037,49.98,0865:07:59,1,02
15:15:13,0.07404,215.40,0.43142,6.89612,5.03417,29.28134,36.02037,49.98,0865:08:00,1,02
15:15:14,0.07419,215.40,0.43178,6.91473,5.04775,29.28135,36.02037,49.98,0865:08:01,1,02
15:15:15,0.07404,215.30,0.4328,6.91659,5.04911,29.28135,36.02039,49.98,0865:08:02,1,02
15:15:16,0.07412,215.30,0.43156,6.9017,5.03824,29.28135,36.02039,49.98,0865:08:03,1,02
15:15:17,0.074,215.20,0.43237,6.9017,5.03824,29.28135,36.02039,49.99,0865:08:04,1,02
15:15:18,0.07448,215.20,0.43163,6.93334,5.06134,29.28135,36.02039,49.99,0865:08:06,1,02
15:15:19,0.07448,215.20,0.43163,6.93334,5.06134,29.28135,36.02039,49.99,0865:08:06,1,02
15:15:20,0.07408,215.10,0.43287,6.91287,5.04639,29.28136,36.0204,49.96,0865:08:07,1,02
15:15:21,0.07419,215.10,0.43203,6.90915,5.04368,29.28136,36.0204,49.96,0865:08:08,1,02
15:15:22,0.07374,214.90,0.43063,6.84028,4.9934,29.28136,36.0204,49.98,0865:08:09,1,02
15:15:23,0.07419,215.00,0.43118,6.8924,5.03145,29.28136,36.0204,49.98,0865:08:10,1,02
15:15:24,0.07455,215.00,0.42851,6.88309,5.02465,29.28136,36.0204,49.98,0865:08:11,1,02
15:15:25,0.0748,215.00,0.43024,6.93334,5.06134,29.28137,36.0204,49.98,0865:08:12,1,02
15:15:26,0.07455,215.00,0.427,6.85889,5.00699,29.28137,36.0204,49.98,0865:08:13,1,02
15:15:27,0.0748,215.00,0.42829,6.90356,5.0396,29.28137,36.0204,49.96,0865:08:14,1,02
15:15:28,0.07448,214.90,0.42854,6.87564,5.01922,29.28137,36.02042,49.96,0865:08:15,1,02
15:15:29,0.07448,215.00,0.42958,6.8924,5.03145,29.28137,36.02042,49.95,0865:08:16,1,02
15:15:30,0.07408,215.10,0.43099,6.88123,5.0233,29.28138,36.02042,49.95,0865:08:17,1,02
15:15:31,0.07422,215.10,0.43173,6.90915,5.04368,29.28138,36.02042,49.95,0865:08:18,1,02
15:15:32,0.07422,215.10,0.43266,6.92404,5.05455,29.28138,36.02042,49.95,0865:08:19,1,02
15:15:33,0.07419,215.20,0.43136,6.9017,5.03824,29.28138,36.02042,49.95,0865:08:20,1,02
15:15:34,0.074,215.20,0.43202,6.89612,5.03417,29.28138,36.02042,49.95,0865:08:21,1,02
15:15:35,0.07371,215.10,0.42855,6.8105,4.97166,29.28139,36.02044,49.96,0865:08:22,1,02
15:15:36,0.07412,215.10,0.4329,6.91659,5.04911,29.28139,36.02044,49.96,0865:08:23,1,02
15:15:37,0.07404,215.10,0.43154,6.88681,5.02737,29.28139,36.02044,49.95,0865:08:24,1,02
15:15:38,0.07426,215.10,0.43106,6.9017,5.03824,29.28139,36.02044,49.95,0865:08:25,1,02
15:15:39,0.07477,215.20,0.43015,6.9352,5.0627,29.28139,36.02045,49.96,0865:08:27,1,02
15:15:40,0.0747,215.20,0.42859,6.90356,5.0396,29.2814,36.02045,49.96,0865:08:28,1,02
15:15:41,0.07441,215.20,0.42935,6.88867,5.02873,29.2814,36.02045,49.96,0865:08:29,1,02
15:15:42,0.07393,215.20,0.43311,6.90542,5.04096,29.2814,36.02045,49.96,0865:08:30,1,02
15:15:43,0.07419,215.20,0.43043,6.88681,5.02737,29.2814,36.02045,49.95,0865:08:31,1,02
15:15:44,0.07419,215.20,0.43043,6.88681,5.02737,29.2814,36.02045,49.95,0865:08:31,1,02
15:15:45,0.07382,215.10,0.43312,6.89426,5.03281,29.28141,36.02045,49.95,0865:08:32,1,02
15:15:46,0.07459,215.30,0.43084,6.93334,5.06134,29.28141,36.02045,49.96,0865:08:33,1,02
15:15:47,0.07459,215.20,0.43267,6.96126,5.08172,29.28141,36.02047,49.96,0865:08:34,1,02
15:15:48,0.07364,215.20,0.43215,6.86448,5.01107,29.28141,36.02047,49.96,0865:08:35,1,02
15:15:49,0.07367,215.30,0.4315,6.85889,5.00699,29.28141,36.02047,49.96,0865:08:36,1,02
15:15:50,0.07404,215.30,0.433,6.91659,5.04911,29.28142,36.02047,49.96,0865:08:37,1,02
15:15:51,0.07426,215.20,0.42992,6.88495,5.02601,29.28142,36.02048,49.96,0865:08:38,1,02
15:15:52,0.07408,215.40,0.43108,6.8924,5.03145,29.28142,36.02048,49.96,0865:08:39,1,02
15:15:53,0.07408,215.40,0.43341,6.92962,5.05862,29.28142,36.02048,49.96,0865:08:40,1,02
15:15:54,0.07408,215.40,0.43098,6.8924,5.03145,29.28142,36.02048,49.96,0865:08:41,1,02
15:15:55,0.07408,215.40,0.43087,6.89053,5.03009,29.28143,36.02048,49.98,0865:08:42,1,02
15:15:56,0.07404,215.30,0.43148,6.8924,5.03145,29.28143,36.02048,49.98,0865:08:43,1,02
15:15:57,0.07426,215.20,0.43063,6.89798,5.03552,29.28143,36.02048,49.96,0865:08:44,1,02
15:15:58,0.07415,215.20,0.43077,6.89053,5.03009,29.28143,36.02048,49.96,0865:08:45,1,02
15:15:59,0.07459,215.20,0.43059,6.92776,5.05726,29.28143,36.0205,49.96,0865:08:47,1,02
15:16:00,0.07422,215.20,0.4307,6.89426,5.03281,29.28144,36.0205,49.96,0865:08:48,1,02
15:16:01,0.07382,215.00,0.42979,6.83656,4.99069,29.28144,36.0205,49.95,0865:08:49,1,02
15:16:02,0.07426,215.00,0.43231,6.91845,5.05047,29.28144,36.0205,49.95,0865:08:50,1,02
15:16:03,0.07412,215.10,0.43138,6.8924,5.03145,29.28144,36.0205,49.96,0865:08:51,1,02
15:16:04,0.07415,215.10,0.43142,6.89612,5.03417,29.28144,36.0205,49.96,0865:08:52,1,02
15:16:05,0.07441,215.20,0.43074,6.91101,5.04504,29.28145,36.0205,49.96,0865:08:53,1,02
15:16:06,0.07451,215.20,0.43074,6.92218,5.05319,29.28145,36.02052,49.96,0865:08:54,1,02
15:16:07,0.07419,215.30,0.43058,6.8924,5.03145,29.28145,36.02052,49.96,0865:08:55,1,02
15:16:08,0.07412,215.40,0.43115,6.89984,5.03688,29.28145,36.02052,49.96,0865:08:56,1,02
15:16:09,0.07412,215.40,0.43115,6.89984,5.03688,29.28145,36.02052,49.96,0865:08:56,1,02
15:16:10,0.07415,215.60,0.43005,6.88867,5.02873,29.28145,36.02052,49.96,0865:08:57,1,02
15:16:11,0.07415,215.50,0.43156,6.91287,5.04639,29.28146,36.02053,49.95,0865:08:58,1,02
15:16:12,0.07415,215.40,0.43281,6.92962,5.05862,29.28146,36.02053,49.95,0865:08:59,1,02
15:16:13,0.07379,215.50,0.43238,6.89053,5.03009,29.28146,36.02053,49.96,0865:09:00,1,02
15:16:14,0.07422,215.40,0.43113,6.90915,5.04368,29.28146,36.02053,49.96,0865:09:01,1,02
15:16:15,0.07488,215.30,0.42859,6.9259,5.05591,29.28146,36.02053,49.95,0865:09:02,1,02
15:16:16,0.074,215.40,0.42835,6.844,4.99612,29.28147,36.02053,49.95,0865:09:03,1,02
15:16:17,0.07379,215.20,0.43333,6.89612,5.03417,29.28147,36.02053,49.96,0865:09:04,1,02
15:16:18,0.07382,215.10,0.43241,6.88309,5.02465,29.28147,36.02053,49.96,0865:09:05,1,02
15:16:20,0.0743,215.00,0.4306,6.89426,5.03281,29.28147,36.02055,49.96,0865:09:06,1,02
15:16:21,0.07466,215.10,0.43016,6.92404,5.05455,29.28147,36.02055,49.96,0865:09:08,1,02
15:16:22,0.07433,215.20,0.42942,6.88495,5.02601,29.28148,36.02055,49.95,0865:09:09,1,02
15:16:23,0.07426,215.20,0.43051,6.89612,5.03417,29.28148,36.02056,49.95,0865:09:10,1,02
15:16:24,0.07412,215.20,0.43107,6.89053,5.03009,29.28148,36.02056,49.95,0865:09:11,1,02
15:16:25,0.07433,215.10,0.42915,6.8775,5.02058,29.28148,36.02056,49.95,0865:09:12,1,02
15:16:26,0.07426,215.00,0.43115,6.89984,5.03688,29.28148,36.02056,49.96,0865:09:13,1,02
15:16:27,0.07422,215.00,0.43111,6.89612,5.03417,29.28149,36.02057,49.96,0865:09:14,1,02
15:16:28,0.07441,215.00,0.43267,6.93707,5.06406,29.28149,36.02057,49.96,0865:09:15,1,02
15:16:29,0.07397,215.00,0.43146,6.8775,5.02058,29.28149,36.02057,49.96,0865:09:16,1,02
15:16:30,0.07426,215.00,0.42741,6.83842,4.99204,29.28149,36.02057,49.96,0865:09:17,1,02
15:16:31,0.07422,215.00,0.43065,6.88867,5.02873,29.28149,36.02058,49.96,0865:09:18,1,02
15:16:32,0.07419,215.10,0.4304,6.88309,5.02465,29.2815,36.02058,49.96,0865:09:19,1,02
15:16:33,0.07412,215.20,0.42977,6.8682,5.01378,29.2815,36.02058,49.96,0865:09:20,1,02
15:16:34,0.07433,215.30,0.43015,6.89984,5.03688,29.2815,36.02058,49.96,0865:09:21,1,02
15:16:35,0.07433,215.30,0.43015,6.89984,5.03688,29.2815,36.02058,49.96,0865:09:21,1,02
15:16:36,0.07466,215.50,0.42935,6.92218,5.05319,29.2815,36.02058,49.95,0865:09:22,1,02
15:16:37,0.07419,215.50,0.43111,6.90729,5.04232,29.2815,36.02058,49.95,0865:09:23,1,02
15:16:38,0.07422,215.50,0.43058,6.90356,5.0396,29.28151,36.02058,49.96,0865:09:24,1,02
15:16:39,0.07448,215.50,0.42862,6.89612,5.03417,29.28151,36.02058,49.96,0865:09:25,1,02
15:16:40,0.07462,215.40,0.42722,6.88309,5.02465,29.28151,36.0206,49.98,0865:09:26,1,02
15:16:41,0.07437,215.50,0.43023,6.90915,5.04368,29.28151,36.0206,49.98,0865:09:28,1,02
15:16:42,0.07462,215.50,0.43106,6.94823,5.07221,29.28151,36.0206,49.98,0865:09:29,1,02
15:16:43,0.07412,215.50,0.43128,6.90356,5.0396,29.28152,36.02061,49.98,0865:09:30,1,02
15:16:44,0.0747,215.50,0.43053,6.94451,5.06949,29.28152,36.02061,49.98,0865:09:31,1,02
15:16:45,0.07513,215.30,0.42928,6.9594,5.08036,29.28152,36.02061,49.98,0865:09:32,1,02
15:16:46,0.0743,215.30,0.4293,6.88309,5.02465,29.28152,36.02061,49.98,0865:09:33,1,02
15:16:47,0.07412,215.30,0.43122,6.89612,5.03417,29.28152,36.02061,49.98,0865:09:34,1,02
15:16:48,0.07437,215.30,0.42865,6.8775,5.02058,29.28153,36.02061,49.99,0865:09:35,1,02
15:16:49,0.07499,215.20,0.42875,6.93334,5.06134,29.28153,36.02061,49.99,0865:09:36,1,02
15:16:50,0.07477,215.10,0.42773,6.89612,5.03417,29.28153,36.02061,49.99,0865:09:37,1,02
15:16:51,0.07477,215.10,0.42852,6.90729,5.04232,29.28153,36.02063,50.00,0865:09:38,1,02
15:16:52,0.07473,215.10,0.4293,6.91659,5.04911,29.28153,36.02063,50.00,0865:09:39,1,02
15:16:53,0.07437,215.20,0.43039,6.90542,5.04096,29.28154,36.02063,50.01,0865:09:40,1,02
15:16:54,0.07459,215.30,0.42796,6.88867,5.02873,29.28154,36.02063,50.01,0865:09:41,1,02
15:16:55,0.0747,215.40,0.42715,6.88681,5.02737,29.28154,36.02064,50.00,0865:09:42,1,02
15:16:56,0.07502,215.40,0.42829,6.93707,5.06406,29.28154,36.02064,50.00,0865:09:43,1,02
15:16:57,0.07451,215.30,0.42836,6.88867,5.02873,29.28154,36.02064,50.01,0865:09:44,1,02
15:16:58,0.07444,215.40,0.42958,6.90356,5.0396,29.28155,36.02065,50.01,0865:09:45,1,02
15:16:59,0.07444,215.40,0.42958,6.90356,5.0396,29.28155,36.02065,50.01,0865:09:45,1,02
15:17:00,0.07466,215.40,0.42819,6.90356,5.0396,29.28155,36.02065,50.01,0865:09:46,1,02
15:17:01,0.07441,215.40,0.42849,6.88123,5.0233,29.28155,36.02065,50.01,0865:09:48,1,02
15:17:02,0.07437,215.30,0.42879,6.88123,5.0233,29.28155,36.02065,50.01,0865:09:49,1,02
15:17:03,0.0756,215.30,0.42847,6.99104,5.10346,29.28155,36.02066,50.01,0865:09:50,1,02
15:17:04,0.07437,215.20,0.42981,6.89612,5.03417,29.28156,36.02066,50.01,0865:09:51,1,02
15:17:05,0.07462,215.30,0.42788,6.89053,5.03009,29.28156,36.02066,50.01,0865:09:52,1,02
15:17:06,0.07455,215.30,0.42735,6.87564,5.01922,29.28156,36.02066,50.00,0865:09:53,1,02
15:17:07,0.07448,215.30,0.4274,6.87006,5.01514,29.28156,36.02066,50.00,0865:09:54,1,02
15:17:08,0.07517,215.30,0.42757,6.93334,5.06134,29.28156,36.02066,50.00,0865:09:55,1,02
15:17:09,0.07484,215.20,0.42655,6.88495,5.02601,29.28157,36.02066,50.00,0865:09:56,1,02
15:17:10,0.07502,215.20,0.42662,6.90356,5.0396,29.28157,36.02068,50.00,0865:09:57,1,02
15:17:11,0.07473,215.40,0.42951,6.92962,5.05862,29.28157,36.02068,50.00,0865:09:58,1,02
15:17:12,0.07462,215.40,0.42999,6.92776,5.05726,29.28157,36.02068,50.00,0865:09:59,1,02
15:17:13,0.07473,215.40,0.42824,6.90915,5.04368,29.28157,36.02068,50.00,0865:10:00,1,02
15:17:14,0.07484,215.40,0.42707,6.89984,5.03688,29.28158,36.02069,50.00,0865:10:01,1,02
15:17:15,0.07466,215.30,0.42814,6.89798,5.03552,29.28158,36.02069,49.99,0865:10:02,1,02
15:17:16,0.07448,215.40,0.42809,6.88123,5.0233,29.28158,36.02069,49.99,0865:10:03,1,02
15:17:17,0.07459,215.40,0.42775,6.88681,5.02737,29.28158,36.02069,49.99,0865:10:04,1,02
15:17:18,0.07488,215.20,0.42706,6.89798,5.03552,29.28158,36.02069,49.99,0865:10:05,1,02
15:17:19,0.07477,215.30,0.42814,6.90915,5.04368,29.28159,36.02069,49.99,0865:10:06,1,02
15:17:20,0.07459,215.30,0.42889,6.90356,5.0396,29.28159,36.02069,49.99,0865:10:07,1,02
15:17:21,0.07488,215.40,0.42655,6.89612,5.03417,29.28159,36.02069,49.96,0865:10:08,1,02
15:17:22,0.07473,215.50,0.42781,6.90542,5.04096,29.28159,36.02071,49.96,0865:10:10,1,02
15:17:23,0.07492,215.60,0.42583,6.8924,5.03145,29.28159,36.02071,49.96,0865:10:11,1,02
15:17:24,0.07492,215.60,0.42583,6.8924,5.03145,29.28159,36.02071,49.96,0865:10:11,1,02
15:17:25,0.07517,215.70,0.4268,6.9352,5.0627,29.2816,36.02071,49.96,0865:10:12,1,02
15:17:26,0.0747,215.70,0.42668,6.88867,5.02873,29.2816,36.02072,49.98,0865:10:13,1,02
15:17:27,0.07455,215.70,0.42722,6.88309,5.02465,29.2816,36.02072,49.98,0865:10:14,1,02
15:17:28,0.07462,215.60,0.42821,6.90542,5.04096,29.2816,36.02072,49.96,0865:10:15,1,02
15:17:29,0.07492,215.60,0.42493,6.87937,5.02194,29.2816,36.02072,49.96,0865:10:16,1,02
15:17:30,0.07473,215.60,0.42771,6.90542,5.04096,29.28161,36.02073,49.96,0865:10:17,1,02
15:17:31,0.07466,215.40,0.42806,6.89984,5.03688,29.28161,36.02073,49.95,0865:10:18,1,02
15:17:32,0.07499,215.40,0.42744,6.91845,5.05047,29.28161,36.02073,49.95,0865:10:19,1,02
15:17:33,0.07422,215.40,0.42693,6.84028,4.9934,29.28161,36.02073,49.95,0865:10:20,1,02
15:17:34,0.07495,215.40,0.42637,6.89798,5.03552,29.28161,36.02074,49.95,0865:10:21,1,02
15:17:35,0.07451,215.40,0.4277,6.88123,5.0233,29.28162,36.02074,49.96,0865:10:22,1,02
15:17:36,0.07437,215.50,0.42978,6.90356,5.0396,29.28162,36.02074,49.96,0865:10:23,1,02
15:17:37,0.07444,215.30,0.42839,6.88123,5.0233,29.28162,36.02074,49.95,0865:10:24,1,02
15:17:38,0.07466,215.40,0.4277,6.8924,5.03145,29.28162,36.02074,49.95,0865:10:25,1,02
15:17:39,0.07441,215.60,0.42994,6.91101,5.04504,29.28162,36.02074,49.95,0865:10:26,1,02
15:17:40,0.07462,215.50,0.42819,6.90356,5.0396,29.28163,36.02074,49.95,0865:10:27,1,02
15:17:41,0.07441,215.50,0.4296,6.90542,5.04096,29.28163,36.02076,49.96,0865:10:28,1,02
15:17:42,0.07441,215.50,0.42948,6.90356,5.0396,29.28163,36.02076,49.96,0865:10:30,1,02
15:17:43,0.07451,215.50,0.42806,6.88867,5.02873,29.28163,36.02076,49.95,0865:10:31,1,02
15:17:44,0.07419,215.10,0.43007,6.87937,5.02194,29.28163,36.02076,49.95,0865:10:32,1,02
15:17:45,0.07502,214.60,0.42791,6.90542,5.04096,29.28164,36.02077,49.94,0865:10:33,1,02
15:17:46,0.07473,214.70,0.42718,6.8682,5.01378,29.28164,36.02077,49.94,0865:10:34,1,02
15:17:47,0.07484,214.80,0.42803,6.89612,5.03417,29.28164,36.02077,49.95,0865:10:35,1,02
15:17:48,0.07484,214.80,0.42803,6.89612,5.03417,29.28164,36.02077,49.95,0865:10:35,1,02
15:17:49,0.0748,215.10,0.42867,6.91287,5.04639,29.28164,36.02077,49.95,0865:10:36,1,02
15:17:50,0.07459,215.50,0.4286,6.90542,5.04096,29.28164,36.02077,49.95,0865:10:37,1,02
15:17:51,0.07448,215.50,0.42781,6.88309,5.02465,29.28165,36.02077,49.95,0865:10:38,1,02
15:17:52,0.07477,215.50,0.42877,6.92404,5.05455,29.28165,36.02077,49.95,0865:10:39,1,02
15:17:53,0.07444,215.50,0.4288,6.89426,5.03281,29.28165,36.02079,49.94,0865:10:40,1,02
15:17:54,0.07477,215.50,0.42785,6.90915,5.04368,29.28165,36.02079,49.94,0865:10:41,1,02
15:17:55,0.07444,215.50,0.42937,6.9017,5.03824,29.28165,36.02079,49.95,0865:10:42,1,02
15:17:56,0.07441,215.40,0.42932,6.89612,5.03417,29.28166,36.02079,49.95,0865:10:43,1,02
15:17:57,0.074,215.40,0.43148,6.8924,5.03145,29.28166,36.02079,49.94,0865:10:44,1,02
15:17:58,0.07444,215.30,0.42723,6.86261,5.00971,29.28166,36.02079,49.94,0865:10:45,1,02
15:17:59,0.07448,215.30,0.43051,6.91845,5.05047,29.28166,36.02079,49.95,0865:10:46,1,02
15:18:00,0.07415,215.30,0.42973,6.87564,5.01922,29.28166,36.02079,49.95,0865:10:47,1,02
15:18:01,0.07426,215.30,0.42985,6.88867,5.02873,29.28167,36.02081,49.95,0865:10:48,1,02
15:18:02,0.07441,215.30,0.42965,6.89984,5.03688,29.28167,36.02081,49.95,0865:10:50,1,02
15:18:03,0.07426,215.40,0.42953,6.88681,5.02737,29.28167,36.02081,49.94,0865:10:51,1,02
15:18:04,0.07433,215.50,0.42996,6.9017,5.03824,29.28167,36.02081,49.94,0865:10:52,1,02
15:18:05,0.07477,215.40,0.43014,6.94451,5.06949,29.28167,36.02082,49.94,0865:10:53,1,02
15:18:06,0.07415,215.30,0.43231,6.91845,5.05047,29.28168,36.02082,49.94,0865:10:54,1,02
15:18:07,0.07451,215.30,0.42963,6.90915,5.04368,29.28168,36.02082,49.95,0865:10:55,1,02
15:18:08,0.07441,215.20,0.42913,6.88681,5.02737,29.28168,36.02082,49.95,0865:10:56,1,02
15:18:09,0.07386,215.20,0.42977,6.84586,4.99748,29.28168,36.02082,49.94,0865:10:57,1,02
15:18:10,0.07408,215.20,0.4315,6.89426,5.03281,29.28168,36.02082,49.94,0865:10:58,1,02
15:18:11,0.07444,215.30,0.43048,6.91473,5.04775,29.28169,36.02082,49.94,0865:10:59,1,02
15:18:12,0.07466,215.30,0.42976,6.92404,5.05455,29.28169,36.02084,49.95,0865:11:00,1,02
15:18:13,0.07466,215.30,0.42976,6.92404,5.05455,29.28169,36.02084,49.95,0865:11:00,1,02
15:18:14,0.07419,215.30,0.4299,6.88309,5.02465,29.28169,36.02084,49.95,0865:11:01,1,02
15:18:15,0.07419,215.40,0.43002,6.88495,5.02601,29.28169,36.02084,49.95,0865:11:02,1,02
15:18:16,0.07441,215.40,0.42918,6.8924,5.03145,29.28169,36.02084,49.95,0865:11:03,1,02
15:18:17,0.07459,215.30,0.42898,6.90356,5.0396,29.2817,36.02085,49.96,0865:11:04,1,02
15:18:19,0.0748,215.20,0.42803,6.90729,5.04232,29.2817,36.02085,49.96,0865:11:05,1,02
15:18:20,0.07437,215.20,0.43038,6.90356,5.0396,29.2817,36.02085,49.94,0865:11:06,1,02
15:18:21,0.07412,215.10,0.42954,6.86448,5.01107,29.2817,36.02085,49.94,0865:11:07,1,02
15:18:22,0.07412,215.10,0.42872,6.85145,5.00156,29.2817,36.02085,49.95,0865:11:08,1,02
15:18:23,0.07473,215.00,0.42765,6.88681,5.02737,29.28171,36.02085,49.95,0865:11:09,1,02
15:18:24,0.07462,215.10,0.42837,6.89053,5.03009,29.28171,36.02085,49.94,0865:11:11,1,02
15:18:25,0.07455,215.10,0.42819,6.88123,5.0233,29.28171,36.02087,49.94,0865:11:12,1,02
15:18:26,0.07462,215.00,0.42882,6.89612,5.03417,29.28171,36.02087,49.94,0865:11:13,1,02
15:18:27,0.07459,215.10,0.43137,6.93707,5.06406,29.28171,36.02087,49.94,0865:11:14,1,02
15:18:28,0.07466,215.10,0.42887,6.9017,5.03824,29.28172,36.02087,49.94,0865:11:15,1,02
15:18:29,0.07441,215.10,0.43026,6.9017,5.03824,29.28172,36.02087,49.94,0865:11:16,1,02
15:18:30,0.07441,215.10,0.42933,6.88681,5.02737,29.28172,36.02087,49.94,0865:11:17,1,02
15:18:31,0.07462,215.20,0.42969,6.91659,5.04911,29.28172,36.02087,49.94,0865:11:18,1,02
15:18:32,0.07451,215.10,0.43,6.90542,5.04096,29.28172,36.02087,49.95,0865:11:19,1,02
15:18:33,0.0748,214.90,0.42851,6.90542,5.04096,29.28173,36.02089,49.95,0865:11:20,1,02
15:18:34,0.07408,214.90,0.42909,6.84772,4.99884,29.28173,36.02089,49.94,0865:11:21,1,02
15:18:35,0.07451,214.90,0.43006,6.9017,5.03824,29.28173,36.02089,49.94,0865:11:22,1,02
15:18:36,0.0743,214.90,0.43057,6.89053,5.03009,29.28173,36.02089,49.94,0865:11:23,1,02
15:18:37,0.07382,215.00,0.43354,6.89612,5.03417,29.28173,36.0209,49.94,0865:11:24,1,02
15:18:38,0.07433,215.00,0.43154,6.91101,5.04504,29.28174,36.0209,49.94,0865:11:25,1,02
15:18:39,0.07426,215.00,0.43161,6.90729,5.04232,29.28174,36.0209,49.96,0865:11:26,1,02
15:18:40,0.07426,215.00,0.43161,6.90729,5.04232,29.28174,36.0209,49.96,0865:11:26,1,02
15:18:41,0.07451,215.00,0.43299,6.90356,5.0396,29.28174,36.0209,49.96,0865:11:27,1,02
15:18:42,0.07408,214.90,0.43257,6.9017,5.03824,29.28174,36.0209,49.95,0865:11:28,1,02
15:18:43,0.07415,214.90,0.43275,6.91101,5.04504,29.28174,36.0209,49.95,0865:11:29,1,02
15:18:44,0.07426,214.90,0.43216,6.91287,5.04639,29.28175,36.0209,49.94,0865:11:31,1,02
15:18:45,0.07426,214.70,0.42954,6.86448,5.01107,29.28175,36.02092,49.94,0865:11:32,1,02
15:18:46,0.07415,214.70,0.43072,6.87378,5.01786,29.28175,36.02092,49.95,0865:11:33,1,02
15:18:47,0.07459,214.70,0.43135,6.92404,5.05455,29.28175,36.02092,49.95,0865:11:34,1,02
15:18:48,0.07441,214.70,0.43036,6.89053,5.03009,29.28176,36.02092,49.94,0865:11:35,1,02
15:18:49,0.07419,214.80,0.43192,6.89612,5.03417,29.28176,36.02093,49.94,0865:11:36,1,02
15:18:50,0.07408,214.80,0.43147,6.87937,5.02194,29.28176,36.02093,49.94,0865:11:37,1,02
15:18:51,0.07448,214.80,0.43046,6.9017,5.03824,29.28176,36.02093,49.94,0865:11:38,1,02
15:18:52,0.07459,214.80,0.4295,6.89426,5.03281,29.28176,36.02093,49.94,0865:11:39,1,02
15:18:53,0.07477,214.70,0.42966,6.91287,5.04639,29.28177,36.02094,49.94,0865:11:40,1,02
15:18:54,0.07477,214.70,0.43186,6.94823,5.07221,29.28177,36.02094,49.95,0865:11:41,1,02
15:18:55,0.07441,214.80,0.43131,6.90729,5.04232,29.28177,36.02094,49.95,0865:11:42,1,02
15:18:56,0.07412,215.00,0.43183,6.89798,5.03552,29.28177,36.02094,49.95,0865:11:43,1,02
15:18:57,0.07451,214.90,0.42962,6.89612,5.03417,29.28177,36.02095,49.95,0865:11:44,1,02
15:18:58,0.07415,215.00,0.4287,6.84959,5.0002,29.28178,36.02095,49.95,0865:11:45,1,02
15:18:59,0.0743,215.00,0.4299,6.88309,5.02465,29.28178,36.02095,49.95,0865:11:46,1,02
15:19:00,0.07444,215.10,0.42948,6.8924,5.03145,29.28178,36.02095,49.95,0865:11:47,1,02
15:19:01,0.07437,215.10,0.43185,6.92404,5.05455,29.28178,36.02095,49.95,0865:11:48,1,02
15:19:02,0.07433,215.10,0.43136,6.91287,5.04639,29.28178,36.02095,49.95,0865:11:49,1,02
15:19:03,0.07426,215.10,0.4292,6.87192,5.0165,29.28179,36.02095,49.95,0865:11:50,1,02
15:19:04,0.07441,215.10,0.4291,6.88309,5.02465,29.28179,36.02097,49.95,0865:11:51,1,02
15:19:05,0.0743,215.10,0.42945,6.8775,5.02058,29.28179,36.02097,49.95,0865:11:53,1,02
15:19:06,0.0743,215.10,0.42945,6.8775,5.02058,29.28179,36.02097,49.95,0865:11:53,1,02
15:19:07,0.0743,215.00,0.42932,6.87378,5.01786,29.28179,36.02097,49.95,0865:11:54,1,02
15:19:08,0.0747,215.00,0.43131,6.94265,5.06813,29.28179,36.02097,49.95,0865:11:55,1,02
15:19:09,0.07448,215.00,0.42981,6.89612,5.03417,29.2818,36.02098,49.95,0865:11:56,1,02
15:19:10,0.07448,214.90,0.4319,6.92962,5.05862,29.2818,36.02098,49.96,0865:11:57,1,02
15:19:11,0.0743,214.90,0.43113,6.89798,5.03552,29.2818,36.02098,49.96,0865:11:58,1,02
15:19:12,0.07488,214.90,0.42763,6.89612,5.03417,29.2818,36.02098,49.95,0865:11:59,1,02
15:19:13,0.07412,214.90,0.4291,6.84959,5.0002,29.2818,36.02098,49.95,0865:12:00,1,02
15:19:14,0.07517,214.90,0.43079,6.97429,5.09123,29.28181,36.02098,49.98,0865:12:01,1,02
15:19:15,0.07517,214.90,0.43182,6.99104,5.10346,29.28181,36.02098,49.98,0865:12:02,1,02
15:19:16,0.07451,214.90,0.42948,6.8924,5.03145,29.28181,36.021,49.96,0865:12:03,1,02
15:19:17,0.07502,215.00,0.42688,6.89984,5.03688,29.28181,36.021,49.98,0865:12:04,1,02
15:19:18,0.07473,215.00,0.42755,6.88681,5.02737,29.28181,36.021,49.98,0865:12:05,1,02
15:19:19,0.07462,215.00,0.42859,6.8924,5.03145,29.28182,36.021,49.98,0865:12:06,1,02
15:19:20,0.07477,215.00,0.4287,6.90542,5.04096,29.28182,36.02101,49.98,0865:12:07,1,02
15:19:21,0.07448,214.70,0.42937,6.87937,5.02194,29.28182,36.02101,49.98,0865:12:08,1,02
15:19:22,0.07437,214.90,0.43086,6.9017,5.03824,29.28182,36.02101,49.98,0865:12:09,1,02
15:19:23,0.07441,215.10,0.42945,6.88867,5.02873,29.28182,36.02101,49.98,0865:12:10,1,02
15:19:24,0.07426,215.10,0.4306,6.89426,5.03281,29.28183,36.02102,49.98,0865:12:11,1,02
15:19:25,0.07433,215.20,0.43,6.89426,5.03281,29.28183,36.02102,49.98,0865:12:13,1,02
15:19:26,0.07455,215.10,0.42889,6.8924,5.03145,29.28183,36.02102,49.98,0865:12:14,1,02
15:19:27,0.07459,215.10,0.4287,6.89426,5.03281,29.28183,36.02102,49.99,0865:12:15,1,02
15:19:28,0.07441,215.20,0.43006,6.9017,5.03824,29.28183,36.02103,49.99,0865:12:16,1,02
15:19:29,0.07459,215.30,0.43026,6.92404,5.05455,29.28184,36.02103,50.00,0865:12:17,1,02
15:19:30,0.07415,215.20,0.4311,6.89426,5.03281,29.28184,36.02103,50.00,0865:12:18,1,02
15:19:31,0.07415,215.20,0.4311,6.89426,5.03281,29.28184,36.02103,50.00,0865:12:18,1,02
15:19:32,0.07441,215.20,0.42904,6.88681,5.02737,29.28184,36.02103,49.99,0865:12:19,1,02
15:19:33,0.07422,215.20,0.43093,6.89798,5.03552,29.28184,36.02103,49.99,0865:12:20,1,02
15:19:34,0.07393,215.20,0.43219,6.8924,5.03145,29.28184,36.02103,50.00,0865:12:21,1,02
15:19:35,0.07419,215.10,0.4303,6.88309,5.02465,29.28185,36.02103,50.00,0865:12:22,1,02
15:19:36,0.07444,215.00,0.42993,6.89798,5.03552,29.28185,36.02105,50.00,0865:12:23,1,02
15:19:37,0.07433,215.10,0.43216,6.92404,5.05455,29.28185,36.02105,49.99,0865:12:24,1,02
15:19:38,0.07415,215.10,0.4319,6.90542,5.04096,29.28185,36.02105,49.99,0865:12:25,1,02
15:19:39,0.07426,215.00,0.43055,6.88867,5.02873,29.28185,36.02105,50.00,0865:12:26,1,02
15:19:40,0.07426,214.90,0.43053,6.88681,5.02737,29.28186,36.02106,50.00,0865:12:27,1,02
15:19:41,0.07466,214.90,0.42927,6.9017,5.03824,29.28186,36.02106,49.99,0865:12:28,1,02
15:19:42,0.07459,214.90,0.42978,6.90356,5.0396,29.28186,36.02106,49.99,0865:12:29,1,02
15:19:43,0.07492,214.90,0.42974,6.93334,5.06134,29.28186,36.02106,49.96,0865:12:30,1,02
15:19:44,0.07441,214.90,0.42985,6.88867,5.02873,29.28186,36.02106,49.96,0865:12:31,1,02
15:19:45,0.07473,215.00,0.42913,6.90915,5.04368,29.28187,36.02106,49.96,0865:12:32,1,02
15:19:46,0.07408,215.30,0.43093,6.88681,5.02737,29.28187,36.02106,49.96,0865:12:34,1,02
15:19:47,0.074,215.40,0.43243,6.90915,5.04368,29.28187,36.02108,49.95,0865:12:35,1,02
15:19:48,0.07422,215.40,0.43089,6.90542,5.04096,29.28187,36.02108,49.95,0865:12:36,1,02
15:19:49,0.07415,215.40,0.43151,6.90729,5.04232,29.28187,36.02108,49.95,0865:12:37,1,02
15:19:50,0.07462,215.40,0.43067,6.93707,5.06406,29.28188,36.02108,49.95,0865:12:38,1,02
15:19:51,0.0743,215.40,0.43025,6.89984,5.03688,29.28188,36.02109,49.95,0865:12:39,1,02
15:19:52,0.0743,215.20,0.43008,6.8924,5.03145,29.28188,36.02109,49.95,0865:12:40,1,02
15:19:53,0.07426,215.30,0.42774,6.85331,5.00291,29.28188,36.02109,49.95,0865:12:41,1,02
15:19:54,0.07412,215.30,0.42995,6.8775,5.02058,29.28188,36.02109,49.95,0865:12:42,1,02
15:19:55,0.07444,215.40,0.42946,6.9017,5.03824,29.28189,36.0211,49.95,0865:12:43,1,02
15:19:56,0.07444,215.40,0.42946,6.9017,5.03824,29.28189,36.0211,49.95,0865:12:43,1,02
15:19:57,0.07422,215.50,0.42894,6.87564,5.01922,29.28189,36.0211,49.95,0865:12:44,1,02
15:19:58,0.07433,215.50,0.4317,6.92962,5.05862,29.28189,36.0211,49.96,0865:12:45,1,02
15:19:59,0.07389,215.80,0.43072,6.88495,5.02601,29.28189,36.0211,49.94,0865:12:46,1,02
15:20:00,0.07404,215.90,0.43053,6.89798,5.03552,29.28189,36.02111,49.94,0865:12:47,1,02
15:20:01,0.07415,215.90,0.42842,6.87378,5.01786,29.2819,36.02111,49.96,0865:12:48,1,02
15:20:02,0.07412,215.70,0.43065,6.89984,5.03688,29.2819,36.02111,49.96,0865:12:49,1,02
15:20:03,0.074,215.70,0.43172,6.89053,5.03009,29.2819,36.02111,49.95,0865:12:50,1,02
15:20:04,0.07455,215.60,0.43009,6.92776,5.05726,29.2819,36.02111,49.95,0865:12:51,1,02
15:20:05,0.07433,215.60,0.42642,6.84959,5.0002,29.2819,36.02111,49.95,0865:12:52,1,02
15:20:06,0.07441,215.60,0.42846,6.88867,5.02873,29.28191,36.02111,49.95,0865:12:54,1,02
15:20:07,0.07412,215.60,0.42982,6.88495,5.02601,29.28191,36.02113,49.96,0865:12:55,1,02
15:20:08,0.0743,215.60,0.42963,6.89798,5.03552,29.28191,36.02113,49.96,0865:12:56,1,02
15:20:10,0.07433,215.60,0.42851,6.88309,5.02465,29.28191,36.02113,49.95,0865:12:57,1,02
15:20:11,0.07448,215.70,0.4275,6.88123,5.0233,29.28191,36.02113,49.95,0865:12:58,1,02
15:20:12,0.07444,215.70,0.43095,6.9352,5.0627,29.28192,36.02114,49.95,0865:12:59,1,02
15:20:13,0.07488,215.70,0.43008,6.96126,5.08172,29.28192,36.02114,49.95,0865:13:00,1,02
15:20:14,0.07451,215.50,0.42922,6.90729,5.04232,29.28192,36.02114,49.95,0865:13:01,1,02
15:20:15,0.07459,215.20,0.42978,6.91473,5.04775,29.28192,36.02114,49.95,0865:13:02,1,02
15:20:16,0.07466,215.10,0.42991,6.91845,5.05047,29.28192,36.02114,49.95,0865:13:03,1,02
15:20:17,0.07448,215.00,0.43041,6.90729,5.04232,29.28193,36.02114,49.95,0865:13:04,1,02
15:20:18,0.0743,215.10,0.42934,6.87564,5.01922,29.28193,36.02114,49.95,0865:13:05,1,02
15:20:19,0.0747,215.10,0.42996,6.92404,5.05455,29.28193,36.02114,49.95,0865:13:06,1,02
15:20:20,0.07524,215.10,0.42887,6.95754,5.079,29.28193,36.02116,49.95,0865:13:07,1,02
15:20:21,0.07492,215.30,0.42734,6.90729,5.04232,29.28193,36.02116,49.94,0865:13:08,1,02
15:20:22,0.07492,215.30,0.42734,6.90729,5.04232,29.28193,36.02116,49.94,0865:13:08,1,02
15:20:23,0.0743,215.20,0.42869,6.87006,5.01514,29.28194,36.02116,49.94,0865:13:09,1,02
15:20:24,0.07412,215.20,0.43143,6.89798,5.03552,29.28194,36.02116,49.95,0865:13:10,1,02
15:20:25,0.07466,215.30,0.42874,6.90915,5.04368,29.28194,36.02116,49.95,0865:13:11,1,02
15:20:26,0.07517,215.30,0.42508,6.89612,5.03417,29.28194,36.02116,49.95,0865:13:12,1,02
15:20:27,0.07502,215.30,0.42813,6.92962,5.05862,29.28194,36.02116,49.95,0865:13:14,1,02
15:20:28,0.07506,215.20,0.42642,6.90356,5.0396,29.28195,36.02118,49.95,0865:13:15,1,02
15:20:29,0.07492,215.00,0.42691,6.8924,5.03145,29.28195,36.02118,49.95,0865:13:16,1,02
15:20:30,0.07441,214.90,0.42685,6.84214,4.99476,29.28195,36.02118,49.95,0865:13:17,1,02
15:20:31,0.07441,214.90,0.42963,6.88681,5.02737,29.28195,36.02118,49.95,0865:13:18,1,02
15:20:32,0.07459,215.00,0.42821,6.88309,5.02465,29.28195,36.02119,49.96,0865:13:19,1,02
15:20:33,0.07466,215.10,0.42864,6.89798,5.03552,29.28196,36.02119,49.96,0865:13:20,1,02
15:20:34,0.07499,215.20,0.42829,6.9259,5.05591,29.28196,36.02119,49.95,0865:13:21,1,02
15:20:35,0.07462,215.20,0.42821,6.89426,5.03281,29.28196,36.02119,49.95,0865:13:22,1,02
15:20:36,0.07484,215.30,0.42763,6.90729,5.04232,29.28196,36.02119,49.94,0865:13:23,1,02
15:20:37,0.07448,215.20,0.42864,6.88681,5.02737,29.28196,36.02119,49.94,0865:13:24,1,02
15:20:38,0.07473,215.20,0.42827,6.9017,5.03824,29.28197,36.02119,49.95,0865:13:25,1,02
15:20:39,0.07451,215.10,0.42943,6.89798,5.03552,29.28197,36.02121,49.95,0865:13:26,1,02
15:20:40,0.07509,215.00,0.42593,6.8924,5.03145,29.28197,36.02121,49.95,0865:13:27,1,02
15:20:41,0.07535,214.90,0.42751,6.93707,5.06406,29.28197,36.02121,49.96,0865:13:28,1,02
15:20:42,0.07495,214.80,0.42732,6.89426,5.03281,29.28197,36.02121,49.96,0865:13:29,1,02
15:20:43,0.07462,214.70,0.42604,6.84028,4.9934,29.28198,36.02122,49.95,0865:13:30,1,02
15:20:44,0.07492,214.70,0.4261,6.8682,5.01378,29.28198,36.02122,49.95,0865:13:31,1,02
15:20:45,0.07495,214.70,0.42567,6.86448,5.01107,29.28198,36.02122,49.95,0865:13:32,1,02
15:20:46,0.07528,214.60,0.42619,6.89984,5.03688,29.28198,36.02122,49.95,0865:13:33,1,02
15:20:47,0.07528,214.60,0.42619,6.89984,5.03688,29.28198,36.02122,49.95,0865:13:33,1,02
15:20:48,0.07581,214.80,0.42725,6.97429,5.09123,29.28198,36.02122,49.94,0865:13:35,1,02
15:20:49,0.07549,214.90,0.4256,6.92031,5.05183,29.28199,36.02122,49.94,0865:13:36,1,02
15:20:50,0.07546,214.90,0.42648,6.93148,5.05998,29.28199,36.02122,49.94,0865:13:37,1,02
15:20:51,0.07524,214.90,0.42796,6.93334,5.06134,29.28199,36.02124,49.94,0865:13:38,1,02
15:20:52,0.07535,214.70,0.42631,6.91287,5.04639,29.28199,36.02124,49.95,0865:13:39,1,02
15:20:53,0.07553,214.60,0.4261,6.92218,5.05319,29.28199,36.02124,49.95,0865:13:40,1,02
15:20:54,0.0761,214.60,0.42656,6.9836,5.09803,29.282,36.02124,49.95,0865:13:41,1,02
15:20:55,0.0752,214.70,0.42478,6.87378,5.01786,29.282,36.02124,49.95,0865:13:42,1,02
15:20:56,0.07528,214.70,0.42496,6.88309,5.02465,29.282,36.02124,49.95,0865:13:43,1,02
15:20:57,0.07517,214.70,0.42622,6.8924,5.03145,29.282,36.02124,49.95,0865:13:44,1,02
15:20:58,0.07517,214.70,0.42566,6.88495,5.02601,29.282,36.02124,49.95,0865:13:45,1,02
15:20:59,0.07557,214.70,0.42604,6.9259,5.05591,29.28201,36.02126,49.95,0865:13:46,1,02
15:21:00,0.07517,214.80,0.4257,6.88867,5.02873,29.28201,36.02126,49.94,0865:13:47,1,02
15:21:01,0.07528,214.90,0.42482,6.88867,5.02873,29.28201,36.02126,49.95,0865:13:48,1,02
15:21:02,0.07538,214.90,0.42502,6.89984,5.03688,29.28201,36.02127,49.95,0865:13:49,1,02
15:21:03,0.07513,214.80,0.42691,6.90356,5.0396,29.28201,36.02127,49.95,0865:13:50,1,02
15:21:04,0.07517,214.80,0.4265,6.9017,5.03824,29.28202,36.02127,49.95,0865:13:51,1,02
15:21:05,0.07502,214.90,0.42767,6.91101,5.04504,29.28202,36.02127,49.94,0865:13:52,1,02
15:21:06,0.07462,215.00,0.42707,6.86634,5.01243,29.28202,36.02127,49.94,0865:13:53,1,02
15:21:07,0.07473,215.10,0.42628,6.86634,5.01243,29.28202,36.02127,49.94,0865:13:54,1,02
15:21:08,0.07462,215.00,0.42731,6.87192,5.0165,29.28202,36.02127,49.94,0865:13:56,1,02
15:21:09,0.07451,215.10,0.42827,6.87937,5.02194,29.28203,36.02127,49.96,0865:13:57,1,02
15:21:10,0.07528,215.10,0.42718,6.93334,5.06134,29.28203,36.02129,49.96,0865:13:58,1,02
15:21:11,0.0756,215.00,0.42621,6.94451,5.06949,29.28203,36.02129,49.95,0865:13:59,1,02
15:21:12,0.07484,215.10,0.42814,6.90915,5.04368,29.28203,36.02129,49.95,0865:14:00,1,02
15:21:13,0.07484,215.10,0.42814,6.90915,5.04368,29.28203,36.02129,49.95,0865:14:00,1,02
15:21:14,0.07499,215.20,0.42785,6.92031,5.05183,29.28203,36.0213,49.95,0865:14:01,1,02
15:21:15,0.07492,215.20,0.42915,6.93334,5.06134,29.28204,36.0213,49.95,0865:14:02,1,02
15:21:16,0.07495,215.20,0.42745,6.90915,5.04368,29.28204,36.0213,49.96,0865:14:03,1,02
15:21:17,0.0756,215.10,0.42748,6.96685,5.0858,29.28204,36.0213,49.96,0865:14:04,1,02
15:21:18,0.07492,215.20,0.42903,6.93148,5.05998,29.28204,36.02131,49.95,0865:14:05,1,02
15:21:19,0.07488,215.10,0.42874,6.92031,5.05183,29.28204,36.02131,49.95,0865:14:06,1,02
15:21:20,0.0747,215.00,0.42913,6.90915,5.04368,29.28205,36.02131,49.98,0865:14:07,1,02
15:21:21,0.07477,215.00,0.42768,6.89053,5.03009,29.28205,36.02131,49.98,0865:14:08,1,02
15:21:22,0.0752,214.90,0.42739,6.92404,5.05455,29.28205,36.02132,49.98,0865:14:09,1,02
15:21:23,0.0747,215.00,0.42702,6.87192,5.0165,29.28205,36.02132,49.96,0865:14:10,1,02
15:21:24,0.07451,215.00,0.4266,6.84772,4.99884,29.28205,36.02132,49.96,0865:14:11,1,02
15:21:25,0.0747,214.90,0.42816,6.88867,5.02873,29.28206,36.02132,49.98,0865:14:12,1,02
15:21:26,0.0752,215.00,0.42741,6.9259,5.05591,29.28206,36.02132,49.98,0865:14:13,1,02
15:21:27,0.07477,215.00,0.42652,6.87192,5.0165,29.28206,36.02132,49.99,0865:14:14,1,02
15:21:28,0.07488,214.90,0.42753,6.89612,5.03417,29.28206,36.02132,49.99,0865:14:16,1,02
15:21:29,0.07492,214.90,0.42664,6.88495,5.02601,29.28206,36.02134,49.98,0865:14:17,1,02
15:21:30,0.07509,214.90,0.42578,6.88681,5.02737,29.28207,36.02134,49.98,0865:14:18,1,02
15:21:31,0.07513,215.00,0.42744,6.91845,5.05047,29.28207,36.02134,49.98,0865:14:19,1,02
15:21:32,0.0747,215.00,0.42738,6.87937,5.02194,29.28207,36.02134,49.98,0865:14:20,1,02
15:21:33,0.07492,215.10,0.42612,6.88123,5.0233,29.28207,36.02135,49.96,0865:14:21,1,02
15:21:34,0.07492,215.00,0.42712,6.89426,5.03281,29.28207,36.02135,49.96,0865:14:22,1,02
15:21:35,0.07488,214.90,0.42684,6.88495,5.02601,29.28208,36.02135,49.98,0865:14:23,1,02
15:21:36,0.07506,214.90,0.42689,6.9017,5.03824,29.28208,36.02135,49.98,0865:14:24,1,02
15:21:37,0.07506,214.80,0.42916,6.9352,5.0627,29.28208,36.02135,49.96,0865:14:25,1,02
15:21:38,0.07506,214.80,0.42916,6.9352,5.0627,29.28208,36.02135,49.96,0865:14:25,1,02
15:21:39,0.07451,214.80,0.42912,6.88495,5.02601,29.28208,36.02135,49.96,0865:14:26,1,02
15:21:40,0.07459,214.70,0.42846,6.8775,5.02058,29.28209,36.02135,49.96,0865:14:27,1,02
15:21:41,0.07509,214.80,0.42757,6.91101,5.04504,29.28209,36.02135,49.96,0865:14:28,1,02
15:21:42,0.07473,214.80,0.42641,6.85889,5.00699,29.28209,36.02137,49.96,0865:14:29,1,02
15:21:43,0.07513,214.80,0.42553,6.88123,5.0233,29.28209,36.02137,49.96,0865:14:30,1,02
15:21:44,0.07462,214.90,0.42993,6.90915,5.04368,29.28209,36.02137,49.96,0865:14:31,1,02
15:21:45,0.07473,214.90,0.42783,6.88495,5.02601,29.2821,36.02138,49.96,0865:14:32,1,02
15:21:46,0.07513,214.90,0.42627,6.89798,5.03552,29.2821,36.02138,49.96,0865:14:33,1,02
15:21:47,0.07499,215.00,0.42859,6.9259,5.05591,29.2821,36.02138,49.95,0865:14:34,1,02
15:21:48,0.07546,215.00,0.42798,6.95754,5.079,29.2821,36.02138,49.95,0865:14:35,1,02
15:21:49,0.07506,215.00,0.42831,6.92776,5.05726,29.2821,36.02139,49.95,0865:14:37,1,02
15:21:50,0.07502,215.00,0.42816,6.92218,5.05319,29.28211,36.02139,49.95,0865:14:38,1,02
15:21:51,0.07506,215.10,0.42765,6.92031,5.05183,29.28211,36.02139,49.95,0865:14:39,1,02
15:21:52,0.07509,215.10,0.42619,6.89984,5.03688,29.28211,36.02139,49.95,0865:14:40,1,02
15:21:53,0.09927,215.00,0.43674,9.34187,6.81956,29.28211,36.0214,49.95,0865:14:41,1,02
15:21:54,0.09474,215.00,0.43435,8.86723,6.47308,29.28211,36.0214,49.95,0865:14:42,1,02
15:21:55,0.0756,215.00,0.42447,6.91473,5.04775,29.28212,36.0214,49.96,0865:14:43,1,02
15:21:56,0.07459,215.10,0.42892,6.89612,5.03417,29.28212,36.0214,49.96,0865:14:44,1,02
15:21:57,0.07426,215.10,0.43186,6.91287,5.04639,29.28212,36.0214,49.94,0865:14:45,1,02
15:21:58,0.0743,215.20,0.433,6.94079,5.06678,29.28212,36.0214,49.94,0865:14:46,1,02
15:21:59,0.07397,215.10,0.43252,6.89612,5.03417,29.28212,36.0214,49.95,0865:14:47,1,02
15:22:01,0.074,215.10,0.43315,6.91101,5.04504,29.28213,36.02142,49.95,0865:14:48,1,02
15:22:02,0.07422,215.00,0.43146,6.9017,5.03824,29.28213,36.02142,49.95,0865:14:49,1,02
15:22:03,0.07397,215.10,0.43136,6.8775,5.02058,29.28213,36.02142,49.95,0865:14:50,1,02
15:22:04,0.07397,215.10,0.43136,6.8775,5.02058,29.28213,36.02142,49.95,0865:14:50,1,02
15:22:05,0.07441,215.00,0.43292,6.94265,5.06813,29.28213,36.02143,49.95,0865:14:51,1,02
15:22:06,0.074,215.00,0.43301,6.90542,5.04096,29.28213,36.02143,49.96,0865:14:52,1,02
15:22:07,0.07412,215.00,0.43253,6.90915,5.04368,29.28214,36.02143,49.96,0865:14:53,1,02
15:22:08,0.07382,215.20,0.43196,6.8775,5.02058,29.28214,36.02143,49.95,0865:14:54,1,02
15:22:09,0.07404,215.20,0.43205,6.89984,5.03688,29.28214,36.02143,49.95,0865:14:55,1,02
15:22:10,0.07412,215.10,0.43115,6.88867,5.02873,29.28214,36.02143,49.95,0865:14:57,1,02
15:22:11,0.07477,215.00,0.42978,6.9259,5.05591,29.28214,36.02143,49.95,0865:14:58,1,02
15:22:12,0.07484,215.10,0.43053,6.94451,5.06949,29.28215,36.02143,49.95,0865:14:59,1,02
15:22:13,0.07448,215.10,0.43044,6.91101,5.04504,29.28215,36.02145,49.95,0865:15:00,1,02
15:22:14,0.07441,214.90,0.42975,6.88867,5.02873,29.28215,36.02145,49.96,0865:15:01,1,02
15:22:15,0.07433,214.70,0.43065,6.88867,5.02873,29.28215,36.02145,49.96,0865:15:02,1,02
15:22:16,0.07473,214.60,0.42925,6.89984,5.03688,29.28215,36.02145,49.95,0865:15:03,1,02
15:22:17,0.07441,214.60,0.43128,6.90356,5.0396,29.28216,36.02146,49.95,0865:15:04,1,02
15:22:18,0.0747,214.60,0.43177,6.93707,5.06406,29.28216,36.02146,49.96,0865:15:05,1,02
15:22:19,0.07466,214.60,0.42872,6.88495,5.02601,29.28216,36.02146,49.96,0865:15:06,1,02
15:22:20,0.07451,214.50,0.43109,6.90542,5.04096,29.28216,36.02147,49.95,0865:15:07,1,02
15:22:21,0.0747,214.50,0.42884,6.88681,5.02737,29.28216,36.02147,49.95,0865:15:08,1,02
15:22:22,0.07419,214.50,0.42987,6.85703,5.00563,29.28217,36.02147,49.96,0865:15:09,1,02
15:22:23,0.07441,214.50,0.42997,6.87937,5.02194,29.28217,36.02147,49.96,0865:15:10,1,02
15:22:24,0.07433,214.60,0.43052,6.88495,5.02601,29.28217,36.02148,49.96,0865:15:11,1,02
15:22:25,0.07492,214.70,0.42968,6.9259,5.05591,29.28217,36.02148,49.98,0865:15:12,1,02
15:22:26,0.07459,214.70,0.42834,6.87564,5.01922,29.28217,36.02148,49.98,0865:15:13,1,02
15:22:27,0.07437,214.70,0.43035,6.88867,5.02873,29.28218,36.02148,49.99,0865:15:14,1,02
15:22:28,0.07437,214.70,0.43035,6.88867,5.02873,29.28218,36.02148,49.99,0865:15:14,1,02
15:22:29,0.07426,214.80,0.43003,6.87564,5.01922,29.28218,36.02148,49.99,0865:15:15,1,02
15:22:30,0.07437,214.80,0.43106,6.9017,5.03824,29.28218,36.02148,49.98,0865:15:17,1,02
15:22:31,0.07509,214.70,0.42939,6.93893,5.06542,29.28218,36.02148,49.98,0865:15:18,1,02
15:22:32,0.07451,214.70,0.42978,6.8924,5.03145,29.28218,36.02148,49.99,0865:15:19,1,02
15:22:33,0.07462,214.80,0.42932,6.89612,5.03417,29.28219,36.0215,49.99,0865:15:20,1,02
15:22:34,0.07473,214.80,0.42955,6.91101,5.04504,29.28219,36.0215,49.98,0865:15:21,1,02
15:22:35,0.07462,214.70,0.4286,6.88309,5.02465,29.28219,36.0215,49.98,0865:15:22,1,02
15:22:36,0.07473,214.70,0.42801,6.88309,5.02465,29.28219,36.0215,50.00,0865:15:23,1,02
15:22:37,0.07451,214.70,0.42953,6.88681,5.02737,29.2822,36.02151,50.00,0865:15:24,1,02
15:22:38,0.07492,214.70,0.43037,6.93707,5.06406,29.2822,36.02151,50.00,0865:15:25,1,02
15:22:39,0.07444,214.60,0.43036,6.89053,5.03009,29.2822,36.02151,50.00,0865:15:26,1,02
15:22:40,0.07455,214.50,0.43091,6.90729,5.04232,29.2822,36.02151,49.99,0865:15:27,1,02
15:22:41,0.0747,214.50,0.42803,6.87378,5.01786,29.2822,36.02151,49.99,0865:15:28,1,02
15:22:42,0.07466,214.50,0.43064,6.91101,5.04504,29.28221,36.02151,50.01,0865:15:29,1,02
15:22:43,0.07412,214.60,0.43169,6.88123,5.0233,29.28221,36.02151,50.01,0865:15:30,1,02
15:22:44,0.07455,214.50,0.43056,6.9017,5.03824,29.28221,36.02153,50.00,0865:15:31,1,02
15:22:45,0.07495,214.50,0.42976,6.92404,5.05455,29.28221,36.02153,50.00,0865:15:32,1,02
15:22:46,0.07477,214.40,0.42852,6.88495,5.02601,29.28221,36.02153,50.00,0865:15:33,1,02
15:22:47,0.07437,214.40,0.4315,6.89426,5.03281,29.28222,36.02153,50.01,0865:15:34,1,02
15:22:48,0.07448,214.40,0.42987,6.87937,5.02194,29.28222,36.02153,50.01,0865:15:35,1,02
15:22:49,0.07499,214.40,0.42976,6.92404,5.05455,29.28222,36.02153,50.00,0865:15:36,1,02
15:22:50,0.07477,214.40,0.42865,6.88867,5.02873,29.28222,36.02153,50.00,0865:15:38,1,02
15:22:51,0.07473,214.50,0.42978,6.90356,5.0396,29.28222,36.02153,50.00,0865:15:39,1,02
15:22:52,0.07473,214.50,0.42978,6.90356,5.0396,29.28222,36.02153,50.00,0865:15:39,1,02
15:22:53,0.07441,214.40,0.42979,6.87006,5.01514,29.28223,36.02155,50.00,0865:15:40,1,02
15:22:54,0.07459,214.30,0.43005,6.88867,5.02873,29.28223,36.02155,50.00,0865:15:41,1,02
15:22:55,0.07499,214.20,0.42809,6.8924,5.03145,29.28223,36.02155,50.00,0865:15:42,1,02
15:22:56,0.07499,214.30,0.42788,6.89053,5.03009,29.28223,36.02156,50.00,0865:15:43,1,02
15:22:57,0.07488,214.30,0.43069,6.92776,5.05726,29.28223,36.02156,50.00,0865:15:44,1,02
15:22:58,0.07462,214.50,0.4298,6.89426,5.03281,29.28224,36.02156,50.00,0865:15:45,1,02
15:22:59,0.07451,214.40,0.43119,6.90542,5.04096,29.28224,36.02156,50.00,0865:15:46,1,02
15:23:00,0.07499,214.30,0.42847,6.9017,5.03824,29.28224,36.02156,49.98,0865:15:47,1,02
15:23:01,0.0747,214.40,0.42882,6.88495,5.02601,29.28224,36.02156,49.98,0865:15:48,1,02
15:23:02,0.0747,214.50,0.42988,6.90356,5.0396,29.28224,36.02156,49.98,0865:15:49,1,02
15:23:03,0.07495,214.80,0.43032,6.94265,5.06813,29.28225,36.02156,49.98,0865:15:50,1,02
15:23:04,0.07477,214.70,0.42781,6.88309,5.02465,29.28225,36.02158,49.99,0865:15:51,1,02
15:23:05,0.07492,214.70,0.42771,6.89426,5.03281,29.28225,36.02158,49.98,0865:15:52,1,02
15:23:06,0.07477,214.50,0.42854,6.88681,5.02737,29.28225,36.02158,49.98,0865:15:53,1,02
15:23:07,0.07484,214.40,0.42814,6.88681,5.02737,29.28225,36.02158,49.98,0865:15:54,1,02
15:23:08,0.07509,214.30,0.42814,6.94079,5.06678,29.28226,36.02159,49.98,0865:15:55,1,02
15:23:09,0.0752,214.10,0.4277,6.90356,5.0396,29.28226,36.02159,49.96,0865:15:56,1,02
15:23:10,0.07484,214.20,0.42923,6.89798,5.03552,29.28226,36.02159,49.96,0865:15:57,1,02
15:23:11,0.07492,214.20,0.43022,6.92031,5.05183,29.28226,36.0216,49.95,0865:15:59,1,02
15:23:12,0.07506,214.30,0.43015,6.9352,5.0627,29.28226,36.0216,49.95,0865:16:00,1,02
15:23:13,0.07473,214.30,0.43054,6.91101,5.04504,29.28227,36.0216,49.94,0865:16:01,1,02
15:23:14,0.07473,214.30,0.42983,6.89798,5.03552,29.28227,36.0216,49.94,0865:16:02,1,02
15:23:15,0.07426,214.30,0.43045,6.86634,5.01243,29.28227,36.02161,49.94,0865:16:03,1,02
15:23:16,0.07441,214.40,0.42969,6.87006,5.01514,29.28227,36.02161,49.94,0865:16:04,1,02
15:23:17,0.07441,214.40,0.42969,6.87006,5.01514,29.28227,36.02161,49.94,0865:16:04,1,02
15:23:18,0.07477,214.30,0.43218,6.93893,5.06542,29.28227,36.02161,49.94,0865:16:05,1,02
15:23:19,0.07455,214.30,0.4298,6.88309,5.02465,29.28228,36.02161,49.94,0865:16:06,1,02
15:23:20,0.07473,214.40,0.43034,6.91101,5.04504,29.28228,36.02161,49.94,0865:16:07,1,02
15:23:21,0.07444,214.40,0.43042,6.88495,5.02601,29.28228,36.02161,49.94,0865:16:08,1,02
15:23:22,0.07426,214.40,0.43129,6.88123,5.0233,29.28228,36.02161,49.95,0865:16:09,1,02
15:23:23,0.07444,214.40,0.43042,6.88495,5.02601,29.28228,36.02161,49.95,0865:16:10,1,02
15:23:24,0.07441,214.40,0.43062,6.88495,5.02601,29.28229,36.02163,49.95,0865:16:11,1,02
15:23:25,0.07513,214.30,0.42999,6.93893,5.06542,29.28229,36.02163,49.95,0865:16:12,1,02
15:23:26,0.07459,214.30,0.4303,6.89426,5.03281,29.28229,36.02163,49.94,0865:16:13,1,02
15:23:27,0.07455,214.40,0.43018,6.8924,5.03145,29.28229,36.02164,49.95,0865:16:14,1,02
15:23:28,0.07437,214.40,0.43152,6.89612,5.03417,29.28229,36.02164,49.95,0865:16:15,1,02
15:23:29,0.0748,214.30,0.4292,6.89426,5.03281,29.2823,36.02164,49.96,0865:16:16,1,02
15:23:30,0.07437,214.30,0.43137,6.89053,5.03009,29.2823,36.02164,49.96,0865:16:17,1,02
15:23:31,0.0748,214.40,0.43074,6.92218,5.05319,29.2823,36.02164,49.95,0865:16:19,1,02
15:23:32,0.07462,214.30,0.42963,6.88681,5.02737,29.2823,36.02164,49.95,0865:16:20,1,02
15:23:33,0.0748,214.30,0.42817,6.87937,5.02194,29.2823,36.02164,49.96,0865:16:21,1,02
15:23:34,0.07506,214.30,0.42875,6.91101,5.04504,29.28231,36.02164,49.96,0865:16:22,1,02
15:23:35,0.07451,214.50,0.4305,6.89426,5.03281,29.28231,36.02166,49.95,0865:16:23,1,02
15:23:36,0.07477,214.40,0.42958,6.90356,5.0396,29.28231,36.02166,49.95,0865:16:24,1,02
15:23:37,0.07495,214.20,0.42968,6.91473,5.04775,29.28231,36.02166,49.96,0865:16:25,1,02
15:23:38,0.07495,214.10,0.42849,6.8924,5.03145,29.28231,36.02166,49.96,0865:16:26,1,02
15:23:39,0.07502,214.10,0.42844,6.89798,5.03552,29.28232,36.02167,49.96,0865:16:27,1,02
15:23:40,0.07484,214.10,0.42966,6.9017,5.03824,29.28232,36.02167,49.96,0865:16:28,1,02
15:23:41,0.07448,214.20,0.42817,6.84586,4.99748,29.28232,36.02167,49.95,0865:16:29,1,02
15:23:42,0.07448,214.20,0.42817,6.84586,4.99748,29.28232,36.02167,49.95,0865:16:29,1,02
15:23:43,0.07473,214.10,0.42909,6.88123,5.0233,29.28232,36.02168,49.95,0865:16:30,1,02
15:23:44,0.07499,214.20,0.42983,6.92031,5.05183,29.28232,36.02168,49.95,0865:16:31,1,02
15:23:45,0.07484,214.30,0.43112,6.93148,5.05998,29.28233,36.02168,49.95,0865:16:32,1,02
15:23:46,0.07444,214.40,0.43052,6.88495,5.02601,29.28233,36.02168,49.96,0865:16:33,1,02
15:23:47,0.07477,214.40,0.42875,6.88867,5.02873,29.28233,36.02169,49.95,0865:16:34,1,02
15:23:48,0.07488,214.50,0.42831,6.89426,5.03281,29.28233,36.02169,49.95,0865:16:35,1,02
15:23:49,0.07484,214.40,0.42799,6.88123,5.0233,29.28233,36.02169,49.96,0865:16:36,1,02
15:23:50,0.07459,214.40,0.43008,6.8924,5.03145,29.28234,36.02169,49.96,0865:16:37,1,02
15:23:51,0.07455,214.40,0.43086,6.9017,5.03824,29.28234,36.02169,49.96,0865:16:39,1,02
15:23:52,0.0747,214.30,0.42912,6.88495,5.02601,29.28234,36.02169,49.96,0865:16:40,1,02
15:23:53,0.07502,214.30,0.42827,6.9017,5.03824,29.28234,36.02169,49.96,0865:16:41,1,02
15:23:54,0.07462,214.30,0.43008,6.8924,5.03145,29.28234,36.02169,49.96,0865:16:42,1,02
15:23:55,0.07492,214.20,0.42826,6.88867,5.02873,29.28235,36.02171,49.96,0865:16:43,1,02
15:23:56,0.0748,214.30,0.42827,6.87937,5.02194,29.28235,36.02171,49.96,0865:16:44,1,02
15:23:57,0.07459,214.20,0.42864,6.86448,5.01107,29.28235,36.02171,49.96,0865:16:45,1,02
15:23:58,0.07506,214.30,0.4291,6.91659,5.04911,29.28235,36.02172,49.96,0865:16:46,1,02
15:23:59,0.07466,214.30,0.43025,6.89984,5.03688,29.28235,36.02172,49.98,0865:16:47,1,02
15:24:01,0.07451,214.30,0.43045,6.88867,5.02873,29.28236,36.02172,49.98,0865:16:48,1,02
15:24:02,0.07466,214.30,0.43046,6.9017,5.03824,29.28236,36.02172,49.98,0865:16:49,1,02
15:24:03,0.07528,214.30,0.43035,6.95754,5.079,29.28236,36.02172,49.98,0865:16:50,1,02
15:24:04,0.07524,214.30,0.42823,6.91845,5.05047,29.28236,36.02172,49.98,0865:16:51,1,02
15:24:05,0.07502,214.20,0.4287,6.90542,5.04096,29.28236,36.02172,49.98,0865:16:52,1,02
15:24:06,0.07477,214.20,0.42983,6.89798,5.03552,29.28237,36.02172,49.96,0865:16:53,1,02
15:24:07,0.07462,214.10,0.42887,6.8682,5.01378,29.28237,36.02174,49.96,0865:16:54,1,02
15:24:08,0.07462,214.10,0.42887,6.8682,5.01378,29.28237,36.02174,49.96,0865:16:54,1,02
15:24:09,0.07477,214.10,0.43005,6.89984,5.03688,29.28237,36.02174,49.96,0865:16:55,1,02
15:24:10,0.07513,213.70,0.42839,6.8924,5.03145,29.28237,36.02174,49.96,0865:16:56,1,02
15:24:11,0.07484,214.00,0.43009,6.90542,5.04096,29.28237,36.02174,49.96,0865:16:57,1,02
15:24:12,0.07538,214.00,0.42943,6.94265,5.06813,29.28238,36.02175,49.98,0865:16:58,1,02
15:24:13,0.07499,213.90,0.4288,6.89426,5.03281,29.28238,36.02175,49.98,0865:17:00,1,02
15:24:14,0.07484,213.90,0.42763,6.86261,5.00971,29.28238,36.02175,49.95,0865:17:01,1,02
15:24:15,0.07502,213.80,0.42695,6.86448,5.01107,29.28238,36.02176,49.95,0865:17:02,1,02
15:24:16,0.07528,213.80,0.43063,6.94451,5.06949,29.28238,36.02176,49.96,0865:17:03,1,02
15:24:17,0.07488,213.70,0.4285,6.87192,5.0165,29.28239,36.02176,49.96,0865:17:04,1,02
15:24:18,0.0752,213.60,0.42925,6.91101,5.04504,29.28239,36.02176,49.96,0865:17:05,1,02
15:24:19,0.07538,213.40,0.42879,6.91473,5.04775,29.28239,36.02177,49.96,0865:17:06,1,02
15:24:20,0.0752,213.70,0.42824,6.89798,5.03552,29.28239,36.02177,49.98,0865:17:07,1,02
15:24:21,0.07549,213.70,0.42862,6.92962,5.05862,29.28239,36.02177,49.98,0865:17:08,1,02
15:24:22,0.07488,213.60,0.42918,6.88123,5.0233,29.2824,36.02177,49.95,0865:17:09,1,02
15:24:23,0.07517,213.70,0.4289,6.90542,5.04096,29.2824,36.02177,49.95,0865:17:10,1,02
15:24:24,0.0752,213.70,0.42789,6.8924,5.03145,29.2824,36.02177,49.96,0865:17:11,1,02
15:24:25,0.07499,213.50,0.4289,6.88309,5.02465,29.2824,36.02177,49.96,0865:17:12,1,02
15:24:26,0.07509,213.50,0.4275,6.87006,5.01514,29.2824,36.02177,49.95,0865:17:13,1,02
15:24:27,0.07538,213.50,0.42915,6.92218,5.05319,29.28241,36.02179,49.95,0865:17:14,1,02
15:24:28,0.07549,213.50,0.42879,6.9259,5.05591,29.28241,36.02179,49.95,0865:17:15,1,02
15:24:29,0.07578,213.40,0.42721,6.9259,5.05591,29.28241,36.02179,49.95,0865:17:16,1,02
15:24:30,0.07535,213.50,0.42483,6.84772,4.99884,29.28241,36.0218,49.95,0865:17:17,1,02
15:24:31,0.07535,213.50,0.42742,6.87937,5.02194,29.28241,36.0218,49.95,0865:17:18,1,02
15:24:32,0.07553,213.60,0.42632,6.8924,5.03145,29.28242,36.0218,49.95,0865:17:19,1,02
15:24:33,0.07553,213.60,0.42632,6.8924,5.03145,29.28242,36.0218,49.95,0865:17:19,1,02
15:24:34,0.0752,213.50,0.42794,6.88681,5.02737,29.28242,36.0218,49.95,0865:17:21,1,02
15:24:35,0.07506,213.60,0.42958,6.90356,5.0396,29.28242,36.0218,49.95,0865:17:22,1,02
15:24:36,0.07538,213.70,0.4291,6.92776,5.05726,29.28242,36.0218,49.95,0865:17:23,1,02
15:24:37,0.07528,213.80,0.42799,6.90356,5.0396,29.28242,36.0218,49.95,0865:17:24,1,02
15:24:38,0.07535,213.80,0.42762,6.90542,5.04096,29.28243,36.0218,49.95,0865:17:25,1,02
15:24:39,0.07502,213.90,0.42894,6.89798,5.03552,29.28243,36.02182,49.95,0865:17:26,1,02
15:24:40,0.07499,213.90,0.42937,6.9017,5.03824,29.28243,36.02182,49.95,0865:17:27,1,02
15:24:41,0.07531,213.70,0.43053,6.94451,5.06949,29.28243,36.02182,49.95,0865:17:28,1,02
15:24:42,0.0748,213.70,0.42763,6.85145,5.00156,29.28243,36.02183,49.94,0865:17:29,1,02
15:24:43,0.07542,213.70,0.42719,6.9017,5.03824,29.28244,36.02183,49.94,0865:17:30,1,02
15:24:44,0.07542,213.70,0.42776,6.91101,5.04504,29.28244,36.02183,49.96,0865:17:31,1,02
15:24:45,0.07513,213.70,0.42758,6.87937,5.02194,29.28244,36.02183,49.96,0865:17:32,1,02
15:24:46,0.07502,213.80,0.42958,6.90356,5.0396,29.28244,36.02184,49.95,0865:17:33,1,02
15:24:47,0.07502,213.80,0.42948,6.90356,5.0396,29.28244,36.02184,49.95,0865:17:34,1,02
15:24:48,0.07574,213.90,0.42859,6.9594,5.08036,29.28245,36.02184,49.95,0865:17:35,1,02
15:24:49,0.07524,214.10,0.42854,6.92031,5.05183,29.28245,36.02184,49.95,0865:17:36,1,02
15:24:50,0.07524,214.10,0.42923,6.93148,5.05998,29.28245,36.02185,49.96,0865:17:37,1,02
15:24:51,0.07502,214.20,0.43101,6.94265,5.06813,29.28245,36.02185,49.95,0865:17:38,1,02
15:24:52,0.07509,214.20,0.42946,6.92404,5.05455,29.28245,36.02185,49.95,0865:17:39,1,02
15:24:53,0.07517,214.00,0.42981,6.92962,5.05862,29.28246,36.02185,49.94,0865:17:40,1,02
15:24:54,0.07477,213.90,0.42787,6.85703,5.00563,29.28246,36.02185,49.94,0865:17:42,1,02
15:24:55,0.07506,213.90,0.42885,6.89984,5.03688,29.28246,36.02185,49.96,0865:17:43,1,02
15:24:56,0.07502,214.00,0.42862,6.89612,5.03417,29.28246,36.02185,49.96,0865:17:44,1,02
15:24:57,0.07506,214.20,0.42814,6.89798,5.03552,29.28246,36.02187,49.95,0865:17:45,1,02
15:24:58,0.07477,214.20,0.42928,6.8924,5.03145,29.28247,36.02187,49.95,0865:17:46,1,02
15:24:59,0.07477,214.20,0.42928,6.8924,5.03145,29.28247,36.02187,49.95,0865:17:46,1,02
15:25:00,0.07488,214.40,0.42933,6.90915,5.04368,29.28247,36.02187,49.96,0865:17:47,1,02
15:25:01,0.07509,214.40,0.42895,6.92218,5.05319,29.28247,36.02187,49.96,0865:17:48,1,02
15:25:02,0.07484,214.40,0.42918,6.90356,5.0396,29.28247,36.02188,49.96,0865:17:49,1,02
15:25:03,0.07625,214.30,0.42953,7.03385,5.13471,29.28247,36.02188,49.96,0865:17:50,1,02
15:25:04,0.07574,214.30,0.42918,6.98174,5.09667,29.28248,36.02188,49.95,0865:17:51,1,02
15:25:05,0.07509,214.30,0.4289,6.91659,5.04911,29.28248,36.02188,49.95,0865:17:52,1,02
15:25:06,0.07484,214.40,0.42847,6.89053,5.03009,29.28248,36.02188,49.95,0865:17:53,1,02
15:25:07,0.07502,214.30,0.42943,6.92031,5.05183,29.28248,36.02188,49.95,0865:17:54,1,02
15:25:08,0.07524,214.30,0.42699,6.9017,5.03824,29.28248,36.02188,49.96,0865:17:55,1,02
15:25:09,0.07455,214.40,0.42922,6.87378,5.01786,29.28249,36.02188,49.96,0865:17:56,1,02
15:25:10,0.07462,214.30,0.42905,6.8775,5.02058,29.28249,36.0219,49.95,0865:17:57,1,02
15:25:11,0.0748,214.30,0.42875,6.88867,5.02873,29.28249,36.0219,49.96,0865:17:58,1,02
15:25:12,0.07538,214.30,0.4278,6.9259,5.05591,29.28249,36.0219,49.96,0865:17:59,1,02
15:25:13,0.07499,214.30,0.42755,6.88681,5.02737,29.28249,36.0219,49.95,0865:18:00,1,02
15:25:14,0.07488,214.40,0.42922,6.90729,5.04232,29.2825,36.0219,49.95,0865:18:01,1,02
15:25:15,0.07513,214.40,0.42658,6.88867,5.02873,29.2825,36.0219,49.95,0865:18:03,1,02
15:25:16,0.07495,214.40,0.42788,6.89053,5.03009,29.2825,36.0219,49.95,0865:18:04,1,02
15:25:17,0.07473,214.30,0.42801,6.87192,5.0165,29.2825,36.02192,49.95,0865:18:05,1,02
15:25:18,0.07499,214.40,0.42884,6.90915,5.04368,29.2825,36.02192,49.95,0865:18:06,1,02
15:25:19,0.07546,214.40,0.42813,6.94079,5.06678,29.28251,36.02192,49.98,0865:18:07,1,02
15:25:20,0.07509,214.40,0.42503,6.85889,5.00699,29.28251,36.02192,49.98,0865:18:08,1,02
15:25:21,0.0752,214.30,0.42498,6.86448,5.01107,29.28251,36.02193,49.96,0865:18:09,1,02
15:25:22,0.07524,214.40,0.42747,6.91101,5.04504,29.28251,36.02193,49.96,0865:18:10,1,02
15:25:23,0.07499,214.50,0.42702,6.88309,5.02465,29.28251,36.02193,49.96,0865:18:11,1,02
15:25:24,0.07499,214.50,0.42702,6.88309,5.02465,29.28251,36.02193,49.96,0865:18:11,1,02
15:25:25,0.07535,214.30,0.42514,6.88123,5.0233,29.28252,36.02193,49.96,0865:18:12,1,02
15:25:26,0.07557,214.30,0.42408,6.88309,5.02465,29.28252,36.02193,49.96,0865:18:13,1,02
15:25:27,0.07635,214.30,0.42227,6.9259,5.05591,29.28252,36.02193,49.96,0865:18:14,1,02
15:25:28,0.07574,214.50,0.42364,6.89798,5.03552,29.28252,36.02193,49.95,0865:18:15,1,02
15:25:29,0.0756,214.60,0.42489,6.90729,5.04232,29.28253,36.02195,49.95,0865:18:16,1,02
15:25:30,0.07549,214.60,0.42377,6.88123,5.0233,29.28253,36.02195,49.96,0865:18:17,1,02
15:25:31,0.07542,214.50,0.42528,6.89612,5.03417,29.28253,36.02195,49.96,0865:18:18,1,02
15:25:32,0.07589,214.60,0.42473,6.93148,5.05998,29.28253,36.02195,49.95,0865:18:19,1,02
15:25:33,0.07506,214.70,0.42694,6.89612,5.03417,29.28253,36.02196,49.96,0865:18:20,1,02
15:25:34,0.07549,214.50,0.4242,6.88495,5.02601,29.28254,36.02196,49.96,0865:18:21,1,02
15:25:35,0.0756,214.50,0.42646,6.92962,5.05862,29.28254,36.02196,49.96,0865:18:23,1,02
15:25:36,0.07567,214.40,0.42502,6.91101,5.04504,29.28254,36.02197,49.96,0865:18:24,1,02
15:25:37,0.07731,214.30,0.42287,7.02082,5.1252,29.28254,36.02197,49.96,0865:18:25,1,02
15:25:38,0.07713,214.40,0.42372,7.02082,5.1252,29.28254,36.02197,49.96,0865:18:26,1,02
15:25:39,0.07581,214.50,0.42177,6.87378,5.01786,29.28255,36.02197,49.96,0865:18:27,1,02
15:25:40,0.07797,214.40,0.42503,7.1232,5.19993,29.28255,36.02198,49.96,0865:18:28,1,02
15:25:41,0.10046,214.50,0.447,9.65456,7.04783,29.28255,36.02198,49.96,0865:18:29,1,02
15:25:42,0.09728,214.60,0.44823,9.37909,6.84674,29.28255,36.02198,49.96,0865:18:30,1,02
15:25:43,0.09784,214.50,0.4469,9.39957,6.86168,29.28256,36.02198,49.95,0865:18:31,1,02
15:25:44,0.10661,214.50,0.45175,10.35255,7.55736,29.28256,36.02198,49.95,0865:18:32,1,02
15:25:45,0.09984,214.50,0.44762,9.60803,7.01386,29.28256,36.02198,49.96,0865:18:33,1,02
15:25:46,0.09411,214.60,0.44363,8.97891,6.55461,29.28256,36.022,49.96,0865:18:34,1,02
15:25:47,0.08954,214.60,0.44075,8.48753,6.1959,29.28257,36.022,49.96,0865:18:35,1,02
15:25:48,0.08954,214.60,0.44075,8.48753,6.1959,29.28257,36.022,49.96,0865:18:35,1,02
15:25:49,0.09417,214.60,0.44423,8.99939,6.56955,29.28257,36.022,49.96,0865:18:36,1,02
15:25:50,0.07549,214.70,0.4278,6.94823,5.07221,29.28257,36.02201,49.96,0865:18:37,1,02
15:25:51,0.07495,214.80,0.42905,6.92218,5.05319,29.28257,36.02201,49.96,0865:18:38,1,02
15:25:52,0.07531,214.70,0.42731,6.9259,5.05591,29.28258,36.02201,49.96,0865:18:39,1,02
15:25:53,0.0752,214.70,0.42809,6.9259,5.05591,29.28258,36.02201,49.98,0865:18:40,1,02
15:25:54,0.07538,214.70,0.42564,6.90356,5.0396,29.28258,36.02201,49.98,0865:18:41,1,02
15:25:55,0.07557,214.70,0.42409,6.89426,5.03281,29.28258,36.02201,49.98,0865:18:43,1,02
15:25:56,0.07585,214.60,0.42572,6.94451,5.06949,29.28258,36.02201,49.98,0865:18:44,1,02
15:25:57,0.07553,214.50,0.42515,6.90356,5.0396,29.28259,36.02201,49.98,0865:18:45,1,02
15:25:58,0.07542,214.50,0.42539,6.89798,5.03552,29.28259,36.02203,49.98,0865:18:46,1,02
15:25:59,0.0752,214.50,0.42563,6.88123,5.0233,29.28259,36.02203,49.99,0865:18:47,1,02
15:26:00,0.07564,214.50,0.42479,6.90729,5.04232,29.28259,36.02203,49.99,0865:18:48,1,02
15:26:02,0.07546,214.60,0.425,6.89798,5.03552,29.28259,36.02204,49.99,0865:18:49,1,02
15:26:03,0.07542,214.50,0.42562,6.9017,5.03824,29.2826,36.02204,49.99,0865:18:50,1,02
15:26:04,0.07546,214.50,0.42564,6.90356,5.0396,29.2826,36.02204,49.98,0865:18:51,1,02
15:26:05,0.0756,214.50,0.42682,6.93707,5.06406,29.2826,36.02204,49.98,0865:18:52,1,02
15:26:06,0.07553,214.30,0.4252,6.89798,5.03552,29.2826,36.02205,49.98,0865:18:53,1,02
15:26:07,0.07557,214.30,0.4259,6.91101,5.04504,29.2826,36.02205,49.98,0865:18:54,1,02
15:26:08,0.07546,214.30,0.42626,6.90729,5.04232,29.28261,36.02205,49.96,0865:18:55,1,02
15:26:09,0.07531,214.20,0.42563,6.88123,5.0233,29.28261,36.02205,49.96,0865:18:56,1,02
15:26:10,0.07528,214.10,0.4237,6.84214,4.99476,29.28261,36.02206,49.96,0865:18:57,1,02
15:26:11,0.07617,214.10,0.42371,6.9259,5.05591,29.28261,36.02206,49.96,0865:18:58,1,02
15:26:12,0.07564,214.10,0.42523,6.9017,5.03824,29.28261,36.02206,49.96,0865:18:59,1,02
15:26:13,0.07581,214.10,0.4245,6.90729,5.04232,29.28262,36.02206,49.96,0865:19:00,1,02
15:26:14,0.07581,214.10,0.4245,6.90729,5.04232,29.28262,36.02206,49.96,0865:19:00,1,02
15:26:15,0.07564,214.20,0.42494,6.9017,5.03824,29.28262,36.02206,49.95,0865:19:01,1,02
15:26:16,0.07603,214.50,0.42403,6.92962,5.05862,29.28262,36.02206,49.95,0865:19:02,1,02
15:26:17,0.0761,214.50,0.424,6.93707,5.06406,29.28262,36.02206,49.95,0865:19:04,1,02
15:26:18,0.07596,214.50,0.42626,6.96126,5.08172,29.28262,36.02208,49.94,0865:19:05,1,02
15:26:19,0.07581,214.50,0.42497,6.9259,5.05591,29.28263,36.02208,49.94,0865:19:06,1,02
15:26:20,0.07542,214.30,0.42659,6.91101,5.04504,29.28263,36.02208,49.95,0865:19:07,1,02
15:26:21,0.07574,214.40,0.42267,6.8775,5.02058,29.28263,36.02208,49.95,0865:19:08,1,02
15:26:22,0.0752,214.30,0.42404,6.84772,4.99884,29.28263,36.02209,49.95,0865:19:09,1,02
15:26:23,0.07531,214.40,0.42594,6.89426,5.03281,29.28263,36.02209,49.95,0865:19:10,1,02
15:26:24,0.07535,214.50,0.4253,6.88867,5.02873,29.28264,36.02209,49.95,0865:19:11,1,02
15:26:25,0.07585,214.50,0.42559,6.94079,5.06678,29.28264,36.02209,49.95,0865:19:12,1,02
15:26:26,0.07589,214.60,0.42267,6.89798,5.03552,29.28264,36.02209,49.95,0865:19:13,1,02
15:26:27,0.07564,214.60,0.42426,6.9017,5.03824,29.28264,36.02209,49.95,0865:19:14,1,02
15:26:28,0.07564,214.60,0.42336,6.88867,5.02873,29.28264,36.02209,49.96,0865:19:15,1,02
15:26:29,0.07603,214.60,0.42395,6.93148,5.05998,29.28265,36.02211,49.96,0865:19:16,1,02
15:26:30,0.0761,214.60,0.42459,6.94823,5.07221,29.28265,36.02211,49.96,0865:19:17,1,02
15:26:31,0.07578,214.40,0.42309,6.89053,5.03009,29.28265,36.02211,49.96,0865:19:18,1,02
15:26:32,0.07578,214.30,0.42431,6.90729,5.04232,29.28265,36.02211,49.95,0865:19:19,1,02
15:26:33,0.07538,214.30,0.4254,6.88867,5.02873,29.28265,36.02212,49.95,0865:19:20,1,02
15:26:34,0.07549,214.30,0.42262,6.85145,5.00156,29.28266,36.02212,49.95,0865:19:21,1,02
15:26:35,0.07578,214.40,0.42454,6.91101,5.04504,29.28266,36.02212,49.96,0865:19:22,1,02
15:26:36,0.07585,214.50,0.42477,6.9259,5.05591,29.28266,36.02213,49.96,0865:19:23,1,02
15:26:37,0.07564,214.50,0.42458,6.90542,5.04096,29.28266,36.02213,49.96,0865:19:25,1,02
15:26:38,0.07542,214.60,0.42487,6.89426,5.03281,29.28266,36.02213,49.96,0865:19:26,1,02
15:26:39,0.07542,214.60,0.42487,6.89426,5.03281,29.28266,36.02213,49.96,0865:19:26,1,02
15:26:40,0.07571,214.70,0.4231,6.8924,5.03145,29.28267,36.02213,49.96,0865:19:27,1,02
15:26:41,0.07581,214.80,0.4237,6.91473,5.04775,29.28267,36.02214,49.96,0865:19:28,1,02
15:26:42,0.07574,214.70,0.42304,6.89612,5.03417,29.28267,36.02214,49.96,0865:19:29,1,02
15:26:43,0.07574,214.60,0.42403,6.90915,5.04368,29.28267,36.02214,49.96,0865:19:30,1,02
15:26:44,0.07592,214.50,0.42362,6.91659,5.04911,29.28267,36.02214,49.95,0865:19:31,1,02
15:26:45,0.07664,214.50,0.42488,7.00035,5.11026,29.28268,36.02214,49.95,0865:19:32,1,02
15:26:46,0.0756,214.50,0.42258,6.8682,5.01378,29.28268,36.02214,49.96,0865:19:33,1,02
15:26:47,0.07553,214.50,0.42297,6.8682,5.01378,29.28268,36.02214,49.96,0865:19:34,1,02
15:26:48,0.07578,214.50,0.42323,6.89612,5.03417,29.28268,36.02216,49.98,0865:19:35,1,02
15:26:49,0.07581,214.60,0.42237,6.88681,5.02737,29.28268,36.02216,49.98,0865:19:36,1,02
15:26:50,0.07625,214.50,0.42189,6.91659,5.04911,29.28269,36.02216,49.98,0865:19:37,1,02
15:26:51,0.07642,214.60,0.42401,6.96871,5.08716,29.28269,36.02216,49.98,0865:19:38,1,02
15:26:52,0.07589,214.40,0.42433,6.92031,5.05183,29.28269,36.02217,49.98,0865:19:39,1,02
15:26:53,0.07596,214.30,0.42391,6.91659,5.04911,29.28269,36.02217,49.98,0865:19:40,1,02
15:26:54,0.07589,214.40,0.42397,6.91287,5.04639,29.28269,36.02217,49.99,0865:19:41,1,02
15:26:55,0.07614,214.40,0.42366,6.93148,5.05998,29.2827,36.02217,49.99,0865:19:42,1,02
15:26:56,0.07578,214.90,0.42417,6.92404,5.05455,29.2827,36.02217,49.99,0865:19:43,1,02
15:26:57,0.07585,214.80,0.42453,6.93148,5.05998,29.2827,36.02217,49.98,0865:19:45,1,02
15:26:58,0.07564,214.80,0.42354,6.89798,5.03552,29.2827,36.02217,49.98,0865:19:46,1,02
15:26:59,0.07589,214.90,0.42289,6.91101,5.04504,29.2827,36.02219,49.99,0865:19:47,1,02
15:27:00,0.07549,214.90,0.42479,6.90729,5.04232,29.28271,36.02219,49.99,0865:19:48,1,02
15:27:01,0.07542,214.80,0.42377,6.88123,5.0233,29.28271,36.02219,49.99,0865:19:49,1,02
15:27:02,0.07549,214.80,0.42419,6.89426,5.03281,29.28271,36.02219,49.99,0865:19:50,1,02
15:27:03,0.07549,214.80,0.42419,6.89426,5.03281,29.28271,36.02219,49.99,0865:19:50,1,02
15:27:04,0.07538,214.80,0.42431,6.88681,5.02737,29.28271,36.0222,49.99,0865:19:51,1,02
15:27:05,0.07621,214.60,0.42234,6.92404,5.05455,29.28271,36.0222,49.99,0865:19:52,1,02
15:27:06,0.07557,214.70,0.4234,6.88309,5.02465,29.28272,36.0222,49.99,0865:19:53,1,02
15:27:07,0.07531,214.50,0.42609,6.89984,5.03688,29.28272,36.0222,49.99,0865:19:54,1,02
15:27:08,0.07571,214.40,0.42311,6.88309,5.02465,29.28272,36.02221,49.99,0865:19:55,1,02
15:27:09,0.07567,214.40,0.42388,6.8924,5.03145,29.28272,36.02221,49.99,0865:19:56,1,02
15:27:10,0.07632,214.40,0.42259,6.92962,5.05862,29.28272,36.02221,49.99,0865:19:57,1,02
15:27:11,0.07557,214.40,0.42479,6.89612,5.03417,29.28273,36.02222,49.99,0865:19:58,1,02
15:27:12,0.07592,214.30,0.42513,6.93334,5.06134,29.28273,36.02222,49.99,0865:19:59,1,02
15:27:13,0.07567,214.30,0.42281,6.87192,5.0165,29.28273,36.02222,49.99,0865:20:00,1,02
15:27:14,0.07557,214.30,0.42257,6.85703,5.00563,29.28273,36.02222,49.99,0865:20:01,1,02
15:27:15,0.07596,214.30,0.42241,6.89053,5.03009,29.28273,36.02222,49.99,0865:20:02,1,02
15:27:16,0.07603,214.30,0.42442,6.92962,5.05862,29.28274,36.02222,49.99,0865:20:03,1,02
15:27:17,0.07596,214.30,0.42287,6.89798,5.03552,29.28274,36.02222,49.98,0865:20:04,1,02
15:27:18,0.07578,214.40,0.42375,6.89984,5.03688,29.28274,36.02222,49.98,0865:20:06,1,02
15:27:19,0.07585,214.60,0.42368,6.91287,5.04639,29.28274,36.02224,49.99,0865:20:07,1,02
15:27:20,0.07542,214.40,0.42501,6.88867,5.02873,29.28274,36.02224,49.99,0865:20:08,1,02
15:27:21,0.07574,214.50,0.42581,6.93334,5.06134,29.28275,36.02224,49.96,0865:20:09,1,02
15:27:22,0.07574,214.50,0.4233,6.8924,5.03145,29.28275,36.02225,49.96,0865:20:10,1,02
15:27:23,0.07571,214.50,0.42419,6.90542,5.04096,29.28275,36.02225,49.96,0865:20:11,1,02
15:27:24,0.07567,214.60,0.42395,6.89984,5.03688,29.28275,36.02225,49.96,0865:20:12,1,02
15:27:25,0.07553,214.70,0.42579,6.92031,5.05183,29.28275,36.02225,49.96,0865:20:13,1,02
15:27:26,0.0756,214.80,0.42566,6.92776,5.05726,29.28276,36.02225,49.96,0865:20:14,1,02
15:27:27,0.07574,214.70,0.42552,6.93334,5.06134,29.28276,36.02225,49.95,0865:20:15,1,02
15:27:28,0.07574,214.70,0.42552,6.93334,5.06134,29.28276,36.02225,49.95,0865:20:15,1,02
15:27:29,0.07635,214.60,0.4237,6.95568,5.07765,29.28276,36.02225,49.95,0865:20:16,1,02
15:27:30,0.07578,214.50,0.42244,6.88309,5.02465,29.28276,36.02225,49.94,0865:20:17,1,02
15:27:31,0.07528,214.60,0.42632,6.90356,5.0396,29.28276,36.02227,49.94,0865:20:18,1,02
15:27:32,0.07535,214.70,0.42595,6.90542,5.04096,29.28277,36.02227,49.96,0865:20:19,1,02
15:27:33,0.0756,214.50,0.42398,6.8924,5.03145,29.28277,36.02227,49.96,0865:20:20,1,02
15:27:34,0.07607,214.60,0.42448,6.94637,5.07085,29.28277,36.02227,49.95,0865:20:21,1,02
15:27:35,0.07557,214.70,0.42512,6.91101,5.04504,29.28277,36.02227,49.95,0865:20:22,1,02
15:27:36,0.07553,214.70,0.42497,6.90542,5.04096,29.28277,36.02227,49.96,0865:20:23,1,02
15:27:37,0.07549,214.60,0.42525,6.90356,5.0396,29.28278,36.02227,49.98,0865:20:24,1,02
15:27:38,0.07571,214.40,0.42553,6.92404,5.05455,29.28278,36.02229,49.98,0865:20:26,1,02
15:27:39,0.07538,214.40,0.4267,6.91287,5.04639,29.28278,36.02229,49.96,0865:20:27,1,02
15:27:40,0.07546,214.50,0.42554,6.90356,5.0396,29.28278,36.02229,49.96,0865:20:28,1,02
15:27:41,0.07509,214.50,0.42633,6.88309,5.02465,29.28278,36.02229,49.96,0865:20:29,1,02
15:27:42,0.07499,214.50,0.4276,6.8924,5.03145,29.28279,36.0223,49.96,0865:20:30,1,02
15:27:43,0.07538,214.40,0.42636,6.90729,5.04232,29.28279,36.0223,49.96,0865:20:31,1,02
15:27:44,0.07553,214.50,0.42458,6.89426,5.03281,29.28279,36.0223,49.96,0865:20:32,1,02
15:27:45,0.0752,214.60,0.42637,6.89798,5.03552,29.28279,36.0223,49.96,0865:20:33,1,02
15:27:46,0.07535,214.70,0.42573,6.90356,5.0396,29.28279,36.0223,49.96,0865:20:34,1,02
15:27:47,0.07535,214.80,0.42692,6.9259,5.05591,29.2828,36.0223,49.96,0865:20:35,1,02
15:27:48,0.07531,214.80,0.42757,6.93334,5.06134,29.2828,36.0223,49.96,0865:20:36,1,02
15:27:49,0.07506,214.80,0.42686,6.89798,5.03552,29.2828,36.02232,49.95,0865:20:37,1,02
15:27:50,0.0748,214.90,0.4272,6.88123,5.0233,29.2828,36.02232,49.95,0865:20:38,1,02
15:27:51,0.07513,214.70,0.42726,6.90915,5.04368,29.2828,36.02232,49.96,0865:20:39,1,02
15:27:52,0.07488,214.80,0.42425,6.83842,4.99204,29.28281,36.02232,49.96,0865:20:40,1,02
15:27:53,0.07488,214.80,0.42425,6.83842,4.99204,29.28281,36.02232,49.96,0865:20:40,1,02
15:27:54,0.07571,214.70,0.42527,6.92776,5.05726,29.28281,36.02233,49.95,0865:20:41,1,02
15:27:55,0.07528,214.70,0.42657,6.90915,5.04368,29.28281,36.02233,49.95,0865:20:42,1,02
15:27:57,0.07517,214.70,0.42541,6.87937,5.02194,29.28281,36.02233,49.95,0865:20:43,1,02
15:27:58,0.07528,214.30,0.42609,6.88867,5.02873,29.28281,36.02234,49.96,0865:20:44,1,02
15:27:59,0.07567,214.20,0.42482,6.89984,5.03688,29.28282,36.02234,49.96,0865:20:46,1,02
15:28:00,0.07549,214.30,0.42596,6.90729,5.04232,29.28282,36.02234,49.96,0865:20:47,1,02
15:28:01,0.07542,214.40,0.42844,6.94265,5.06813,29.28282,36.02234,49.96,0865:20:48,1,02
15:28:02,0.0752,214.30,0.42821,6.91659,5.04911,29.28282,36.02235,49.96,0865:20:49,1,02
15:28:03,0.07513,214.40,0.42827,6.91287,5.04639,29.28282,36.02235,49.96,0865:20:50,1,02
15:28:04,0.07553,214.40,0.42466,6.8924,5.03145,29.28283,36.02235,49.95,0865:20:51,1,02
15:28:05,0.0748,214.50,0.42525,6.84028,4.9934,29.28283,36.02235,49.95,0865:20:52,1,02
15:28:06,0.07517,214.50,0.42546,6.87378,5.01786,29.28283,36.02235,49.98,0865:20:53,1,02
15:28:07,0.07517,214.50,0.42732,6.90542,5.04096,29.28283,36.02235,49.98,0865:20:54,1,02
15:28:08,0.07571,214.30,0.4263,6.93334,5.06134,29.28283,36.02235,49.96,0865:20:55,1,02
15:28:09,0.07621,214.30,0.42393,6.93893,5.06542,29.28284,36.02235,49.96,0865:20:56,1,02
15:28:10,0.07574,213.90,0.4263,6.92218,5.05319,29.28284,36.02237,49.96,0865:20:57,1,02
15:28:11,0.07581,214.20,0.42566,6.92776,5.05726,29.28284,36.02237,49.96,0865:20:58,1,02
15:28:12,0.07617,214.10,0.42563,6.95568,5.07765,29.28284,36.02237,49.96,0865:20:59,1,02
15:28:13,0.07621,214.00,0.42587,6.96126,5.08172,29.28285,36.02238,49.96,0865:21:00,1,02
15:28:14,0.07607,214.00,0.42424,6.92031,5.05183,29.28285,36.02238,49.96,0865:21:01,1,02
15:28:15,0.07567,213.90,0.42772,6.93893,5.06542,29.28285,36.02238,49.96,0865:21:02,1,02
15:28:16,0.07567,213.90,0.42678,6.92218,5.05319,29.28285,36.02238,49.96,0865:21:03,1,02
15:28:17,0.07535,213.90,0.42531,6.8682,5.01378,29.28285,36.02238,49.96,0865:21:04,1,02
15:28:18,0.07535,213.90,0.42531,6.8682,5.01378,29.28285,36.02238,49.96,0865:21:04,1,02
15:28:19,0.07632,214.00,0.42211,6.90915,5.04368,29.28286,36.02238,49.98,0865:21:05,1,02
15:28:20,0.07621,214.10,0.42283,6.91473,5.04775,29.28286,36.02238,49.96,0865:21:07,1,02
15:28:21,0.0766,214.20,0.42191,6.93893,5.06542,29.28286,36.02238,49.96,0865:21:08,1,02
15:28:22,0.0761,214.40,0.42133,6.88867,5.02873,29.28286,36.0224,49.98,0865:21:09,1,02
15:28:23,0.07596,214.40,0.42302,6.90356,5.0396,29.28286,36.0224,49.98,0865:21:10,1,02
15:28:24,0.07625,214.30,0.41989,6.8775,5.02058,29.28287,36.0224,49.99,0865:21:11,1,02
15:28:25,0.07607,214.40,0.42141,6.88681,5.02737,29.28287,36.02241,49.99,0865:21:12,1,02
15:28:26,0.07678,214.40,0.42056,6.93707,5.06406,29.28287,36.02241,49.98,0865:21:13,1,02
15:28:27,0.07607,214.30,0.42073,6.87564,5.01922,29.28287,36.02241,49.98,0865:21:14,1,02
15:28:28,0.07621,214.30,0.42156,6.9017,5.03824,29.28287,36.02241,49.98,0865:21:15,1,02
15:28:29,0.07589,214.30,0.42316,6.89798,5.03552,29.28288,36.02242,49.98,0865:21:16,1,02
15:28:30,0.0761,214.30,0.4227,6.91101,5.04504,29.28288,36.02242,49.98,0865:21:17,1,02
15:28:31,0.0761,214.40,0.42156,6.8924,5.03145,29.28288,36.02242,49.98,0865:21:18,1,02
15:28:32,0.07646,214.40,0.42035,6.90542,5.04096,29.28288,36.02243,49.99,0865:21:19,1,02
15:28:33,0.07674,214.30,0.42073,6.9352,5.0627,29.28288,36.02243,49.99,0865:21:20,1,02
15:28:34,0.07632,214.30,0.42119,6.90356,5.0396,29.28289,36.02243,49.99,0865:21:21,1,02
15:28:35,0.07578,214.30,0.42189,6.86634,5.01243,29.28289,36.02243,49.99,0865:21:22,1,02
15:28:36,0.076,214.30,0.41948,6.84586,4.99748,29.28289,36.02243,49.99,0865:21:23,1,02
15:28:37,0.0761,214.30,0.42198,6.89612,5.03417,29.28289,36.02243,49.99,0865:21:24,1,02
15:28:38,0.076,214.30,0.4221,6.88867,5.02873,29.28289,36.02243,50.00,0865:21:25,1,02
15:28:39,0.076,214.20,0.4221,6.88867,5.02873,29.2829,36.02243,50.00,0865:21:26,1,02
15:28:40,0.07581,214.10,0.42313,6.88495,5.02601,29.2829,36.02245,50.00,0865:21:28,1,02
15:28:41,0.07585,214.20,0.42364,6.89798,5.03552,29.2829,36.02245,50.00,0865:21:29,1,02
15:28:42,0.07614,214.20,0.42177,6.89426,5.03281,29.2829,36.02245,50.00,0865:21:30,1,02
15:28:43,0.07603,214.30,0.42282,6.90356,5.0396,29.2829,36.02246,50.00,0865:21:31,1,02
15:28:44,0.07603,214.30,0.42282,6.90356,5.0396,29.2829,36.02246,50.00,0865:21:31,1,02
15:28:45,0.07603,214.40,0.42424,6.93148,5.05998,29.28291,36.02246,50.00,0865:21:32,1,02
15:28:46,0.07596,214.40,0.42233,6.8924,5.03145,29.28291,36.02246,50.01,0865:21:33,1,02
15:28:47,0.07578,214.40,0.42272,6.88309,5.02465,29.28291,36.02246,50.01,0865:21:34,1,02
15:28:48,0.07621,214.40,0.421,6.89426,5.03281,29.28291,36.02246,50.00,0865:21:35,1,02
15:28:49,0.07596,214.40,0.42222,6.89053,5.03009,29.28291,36.02246,50.00,0865:21:36,1,02
15:28:50,0.07589,214.20,0.42312,6.89426,5.03281,29.28292,36.02246,50.01,0865:21:37,1,02
15:28:51,0.07639,214.20,0.42374,6.9501,5.07357,29.28292,36.02246,50.01,0865:21:38,1,02
15:28:52,0.07642,214.20,0.42081,6.90356,5.0396,29.28292,36.02248,50.03,0865:21:39,1,02
15:28:53,0.07635,214.20,0.4213,6.90542,5.04096,29.28292,36.02248,50.03,0865:21:40,1,02
15:28:54,0.07617,214.60,0.42125,6.89984,5.03688,29.28292,36.02248,50.01,0865:21:41,1,02
15:28:55,0.07603,214.70,0.42137,6.8924,5.03145,29.28293,36.02249,50.01,0865:21:42,1,02
15:28:56,0.07607,214.50,0.42124,6.88867,5.02873,29.28293,36.02249,50.03,0865:21:43,1,02
15:28:57,0.07617,214.60,0.42025,6.88495,5.02601,29.28293,36.02249,50.03,0865:21:44,1,02
15:28:58,0.07664,214.50,0.41866,6.89798,5.03552,29.28293,36.02249,50.01,0865:21:45,1,02
15:28:59,0.076,214.40,0.42124,6.87937,5.02194,29.28293,36.0225,50.01,0865:21:46,1,02
15:29:00,0.07617,214.60,0.42136,6.9017,5.03824,29.28294,36.0225,50.03,0865:21:47,1,02
15:29:01,0.07639,214.50,0.41861,6.87378,5.01786,29.28294,36.0225,50.03,0865:21:49,1,02
15:29:02,0.07642,214.50,0.41922,6.88681,5.02737,29.28294,36.02251,50.03,0865:21:50,1,02
15:29:03,0.0761,214.50,0.42093,6.88681,5.02737,29.28294,36.02251,50.01,0865:21:51,1,02
15:29:04,0.07628,214.40,0.42132,6.90729,5.04232,29.28294,36.02251,50.01,0865:21:52,1,02
15:29:05,0.07617,214.40,0.42099,6.8924,5.03145,29.28295,36.02251,50.01,0865:21:53,1,02
15:29:06,0.07621,214.60,0.42026,6.88681,5.02737,29.28295,36.02251,50.01,0865:21:54,1,02
15:29:07,0.07642,214.50,0.41912,6.88681,5.02737,29.28295,36.02251,50.01,0865:21:55,1,02
15:29:08,0.07646,214.50,0.41984,6.9017,5.03824,29.28295,36.02251,50.01,0865:21:56,1,02
15:29:09,0.07646,214.50,0.41984,6.9017,5.03824,29.28295,36.02251,50.01,0865:21:56,1,02
15:29:10,0.07621,214.50,0.42002,6.88123,5.0233,29.28295,36.02251,50.01,0865:21:57,1,02
15:29:11,0.0766,214.40,0.42004,6.91287,5.04639,29.28296,36.02253,50.01,0865:21:58,1,02
15:29:12,0.07653,214.30,0.42018,6.90729,5.04232,29.28296,36.02253,50.01,0865:21:59,1,02
15:29:13,0.07628,214.20,0.42102,6.89612,5.03417,29.28296,36.02253,50.01,0865:22:00,1,02
15:29:14,0.07614,214.20,0.42096,6.87937,5.02194,29.28296,36.02254,50.01,0865:22:01,1,02
15:29:15,0.07617,214.20,0.42238,6.90729,5.04232,29.28296,36.02254,50.01,0865:22:02,1,02
15:29:16,0.07614,214.30,0.42133,6.88867,5.02873,29.28297,36.02254,50.00,0865:22:03,1,02
15:29:17,0.07617,214.20,0.4208,6.88309,5.02465,29.28297,36.02254,50.00,0865:22:04,1,02
15:29:18,0.07646,214.30,0.42192,6.92962,5.05862,29.28297,36.02254,50.00,0865:22:05,1,02
15:29:19,0.07596,214.30,0.4222,6.88867,5.02873,29.28297,36.02254,50.00,0865:22:06,1,02
15:29:20,0.07607,214.30,0.42172,6.88867,5.02873,29.28297,36.02254,49.99,0865:22:07,1,02
15:29:21,0.07635,214.20,0.4203,6.89053,5.03009,29.28298,36.02254,50.00,0865:22:09,1,02
15:29:22,0.0761,214.20,0.42092,6.87564,5.01922,29.28298,36.02256,50.00,0865:22:10,1,02
15:29:23,0.07628,214.20,0.42157,6.90356,5.0396,29.28298,36.02256,50.00,0865:22:11,1,02
15:29:24,0.07649,214.30,0.42218,6.93707,5.06406,29.28298,36.02256,50.00,0865:22:12,1,02
15:29:25,0.07596,214.40,0.42246,6.89612,5.03417,29.28298,36.02256,50.00,0865:22:13,1,02
15:29:26,0.07625,214.40,0.41943,6.87006,5.01514,29.28299,36.02256,50.00,0865:22:14,1,02
15:29:27,0.07607,214.40,0.42255,6.90542,5.04096,29.28299,36.02256,49.98,0865:22:15,1,02
15:29:28,0.0761,214.40,0.42249,6.90915,5.04368,29.28299,36.02256,49.98,0865:22:16,1,02
15:29:29,0.07592,214.50,0.42233,6.8924,5.03145,29.28299,36.02258,49.98,0865:22:17,1,02
15:29:30,0.0766,214.60,0.42,6.91845,5.05047,29.28299,36.02258,49.98,0865:22:18,1,02
15:29:31,0.07649,214.60,0.41957,6.90356,5.0396,29.283,36.02258,49.98,0865:22:19,1,02
15:29:32,0.0761,214.60,0.42211,6.90915,5.04368,29.283,36.02259,49.98,0865:22:20,1,02
15:29:33,0.07614,214.60,0.42146,6.9017,5.03824,29.283,36.02259,49.98,0865:22:21,1,02
15:29:34,0.07617,214.50,0.42135,6.89984,5.03688,29.283,36.02259,49.98,0865:22:22,1,02
15:29:35,0.07617,214.50,0.42135,6.89984,5.03688,29.283,36.02259,49.98,0865:22:22,1,02
15:29:36,0.07635,214.60,0.4202,6.89984,5.03688,29.283,36.02259,49.96,0865:22:23,1,02
15:29:37,0.07649,214.40,0.42006,6.90542,5.04096,29.28301,36.02259,49.96,0865:22:24,1,02
15:29:38,0.07639,214.20,0.4202,6.89053,5.03009,29.28301,36.02259,49.96,0865:22:25,1,02
15:29:39,0.07685,214.40,0.42078,6.9501,5.07357,29.28301,36.02259,49.96,0865:22:26,1,02
15:29:40,0.07628,214.40,0.42121,6.90542,5.04096,29.28301,36.02259,49.96,0865:22:27,1,02
15:29:41,0.07585,214.50,0.421,6.86448,5.01107,29.28301,36.02261,49.95,0865:22:28,1,02
15:29:42,0.07585,214.80,0.42248,6.89798,5.03552,29.28302,36.02261,49.95,0865:22:30,1,02
15:29:43,0.07585,215.00,0.42257,6.90729,5.04232,29.28302,36.02261,49.96,0865:22:31,1,02
15:29:44,0.07617,215.00,0.42243,6.93334,5.06134,29.28302,36.02262,49.96,0865:22:32,1,02
15:29:45,0.07571,215.10,0.42279,6.89984,5.03688,29.28302,36.02262,49.95,0865:22:33,1,02
15:29:46,0.07589,215.10,0.42139,6.89426,5.03281,29.28302,36.02262,49.95,0865:22:34,1,02
15:29:48,0.07567,215.30,0.42237,6.89612,5.03417,29.28303,36.02262,49.96,0865:22:35,1,02
15:29:49,0.07603,215.20,0.42124,6.90915,5.04368,29.28303,36.02262,49.96,0865:22:36,1,02
15:29:50,0.07581,215.20,0.42111,6.88495,5.02601,29.28303,36.02262,49.95,0865:22:37,1,02
15:29:51,0.07635,215.20,0.42121,6.9352,5.0627,29.28303,36.02262,49.95,0865:22:38,1,02
15:29:52,0.0761,215.10,0.42049,6.89984,5.03688,29.28303,36.02262,49.98,0865:22:39,1,02
15:29:53,0.07607,215.10,0.42066,6.89798,5.03552,29.28304,36.02264,49.98,0865:22:40,1,02
15:29:54,0.07581,215.10,0.42052,6.87378,5.01786,29.28304,36.02264,49.95,0865:22:41,1,02
15:29:55,0.07546,215.10,0.42082,6.84586,4.99748,29.28304,36.02264,49.95,0865:22:42,1,02
15:29:56,0.07585,215.10,0.42156,6.8924,5.03145,29.28304,36.02264,49.96,0865:22:43,1,02
15:29:57,0.07592,215.10,0.42154,6.89984,5.03688,29.28304,36.02264,49.96,0865:22:44,1,02
15:29:58,0.07585,215.10,0.42247,6.90729,5.04232,29.28305,36.02264,49.96,0865:22:45,1,02
15:29:59,0.07592,215.10,0.42097,6.89053,5.03009,29.28305,36.02264,49.96,0865:22:46,1,02
15:30:00,0.07592,215.10,0.42097,6.89053,5.03009,29.28305,36.02264,49.96,0865:22:46,1,02
15:30:01,0.07564,215.20,0.4215,6.87564,5.01922,29.28305,36.02266,49.96,0865:22:47,1,02
15:30:02,0.07564,215.20,0.42378,6.91287,5.04639,29.28305,36.02266,49.98,0865:22:48,1,02
15:30:03,0.07614,215.30,0.4242,6.96871,5.08716,29.28305,36.02266,49.98,0865:22:50,1,02
15:30:04,0.07564,215.20,0.42218,6.88681,5.02737,29.28306,36.02267,49.96,0865:22:51,1,02
15:30:05,0.07585,215.20,0.42274,6.91473,5.04775,29.28306,36.02267,49.96,0865:22:52,1,02
15:30:06,0.07571,215.10,0.42212,6.89053,5.03009,29.28306,36.02267,49.99,0865:22:53,1,02
15:30:07,0.07571,215.10,0.42336,6.90915,5.04368,29.28306,36.02267,49.99,0865:22:54,1,02
15:30:08,0.07585,215.00,0.42086,6.87937,5.02194,29.28306,36.02267,49.98,0865:22:55,1,02
15:30:09,0.0756,215.00,0.42118,6.86261,5.00971,29.28307,36.02267,49.98,0865:22:56,1,02
15:30:10,0.07635,215.10,0.42072,6.92404,5.05455,29.28307,36.02267,49.98,0865:22:57,1,02
15:30:11,0.07596,215.10,0.42076,6.88867,5.02873,29.28307,36.02267,49.98,0865:22:58,1,02
15:30:12,0.07632,215.10,0.42195,6.94265,5.06813,29.28307,36.02269,49.98,0865:22:59,1,02
15:30:13,0.07574,215.10,0.42271,6.9017,5.03824,29.28307,36.02269,49.98,0865:23:00,1,02
15:30:14,0.076,215.10,0.42045,6.88681,5.02737,29.28308,36.02269,49.96,0865:23:01,1,02
15:30:15,0.07581,215.10,0.42175,6.8924,5.03145,29.28308,36.0227,49.96,0865:23:02,1,02
15:30:16,0.07607,214.90,0.42023,6.88309,5.02465,29.28308,36.0227,49.98,0865:23:03,1,02
15:30:17,0.07621,214.80,0.4224,6.92962,5.05862,29.28308,36.0227,49.98,0865:23:04,1,02
15:30:18,0.07592,214.80,0.4228,6.91101,5.04504,29.28308,36.0227,49.98,0865:23:05,1,02
15:30:19,0.07567,214.70,0.42229,6.8775,5.02058,29.28309,36.02271,49.98,0865:23:06,1,02
15:30:20,0.07621,214.70,0.42247,6.92776,5.05726,29.28309,36.02271,49.98,0865:23:07,1,02
15:30:21,0.0761,214.80,0.42057,6.88867,5.02873,29.28309,36.02271,49.98,0865:23:08,1,02
15:30:22,0.07639,214.90,0.42023,6.91287,5.04639,29.28309,36.02271,49.96,0865:23:09,1,02
15:30:23,0.07642,215.10,0.41944,6.90915,5.04368,29.28309,36.02272,49.99,0865:23:11,1,02
15:30:24,0.07642,215.10,0.41944,6.90915,5.04368,29.28309,36.02272,49.99,0865:23:11,1,02
15:30:25,0.076,214.90,0.42074,6.88681,5.02737,29.2831,36.02272,49.99,0865:23:12,1,02
15:30:26,0.07632,214.90,0.41904,6.88867,5.02873,29.2831,36.02272,49.99,0865:23:13,1,02
15:30:27,0.07574,215.00,0.42178,6.88495,5.02601,29.2831,36.02272,49.99,0865:23:14,1,02
15:30:28,0.07578,215.00,0.42225,6.89426,5.03281,29.2831,36.02272,49.98,0865:23:15,1,02
15:30:29,0.07603,215.00,0.41977,6.87564,5.01922,29.2831,36.02272,49.98,0865:23:16,1,02
15:30:30,0.07646,214.90,0.42156,6.94265,5.06813,29.28311,36.02272,49.99,0865:23:17,1,02
15:30:31,0.07656,215.00,0.42001,6.92962,5.05862,29.28311,36.02274,49.99,0865:23:18,1,02
15:30:32,0.07578,215.00,0.42124,6.87937,5.02194,29.28311,36.02274,50.00,0865:23:19,1,02
15:30:33,0.07603,215.00,0.42093,6.89612,5.03417,29.28311,36.02274,50.00,0865:23:20,1,02
15:30:34,0.076,215.10,0.42091,6.89426,5.03281,29.28311,36.02275,50.03,0865:23:21,1,02
15:30:35,0.076,214.90,0.42076,6.88867,5.02873,29.28312,36.02275,50.03,0865:23:22,1,02
15:30:36,0.07621,215.00,0.41897,6.88123,5.0233,29.28312,36.02275,50.01,0865:23:23,1,02
15:30:37,0.07614,215.00,0.41969,6.88681,5.02737,29.28312,36.02275,50.01,0865:23:24,1,02
15:30:38,0.07642,215.00,0.41908,6.9017,5.03824,29.28312,36.02275,50.03,0865:23:25,1,02
15:30:39,0.07635,214.90,0.41863,6.88495,5.02601,29.28312,36.02275,50.03,0865:23:26,1,02
15:30:40,0.07674,214.90,0.41903,6.9259,5.05591,29.28313,36.02275,50.01,0865:23:27,1,02
15:30:41,0.07667,214.90,0.41815,6.90356,5.0396,29.28313,36.02275,50.01,0865:23:28,1,02
15:30:42,0.07632,214.90,0.41914,6.88867,5.02873,29.28313,36.02277,50.04,0865:23:29,1,02
15:30:43,0.07639,214.90,0.41866,6.88867,5.02873,29.28313,36.02277,50.03,0865:23:31,1,02
15:30:44,0.07674,214.90,0.41937,6.93148,5.05998,29.28313,36.02277,50.03,0865:23:32,1,02
15:30:45,0.07755,214.80,0.41951,7.00407,5.11297,29.28314,36.02278,50.03,0865:23:33,1,02
15:30:46,0.07635,214.80,0.41971,6.89798,5.03552,29.28314,36.02278,50.03,0865:23:34,1,02
15:30:47,0.07625,214.90,0.41975,6.8924,5.03145,29.28314,36.02278,50.03,0865:23:35,1,02
15:30:48,0.07635,214.80,0.42097,6.92031,5.05183,29.28314,36.02278,50.03,0865:23:36,1,02
15:30:49,0.07635,214.80,0.42097,6.92031,5.05183,29.28314,36.02278,50.03,0865:23:36,1,02
15:30:50,0.07646,214.80,0.42128,6.93334,5.06134,29.28314,36.02279,50.03,0865:23:37,1,02
15:30:51,0.07685,214.80,0.42171,6.97801,5.09395,29.28315,36.02279,50.03,0865:23:38,1,02
15:30:52,0.07603,214.80,0.42106,6.89053,5.03009,29.28315,36.02279,50.01,0865:23:39,1,02
15:30:53,0.07596,214.60,0.42061,6.87378,5.01786,29.28315,36.0228,50.01,0865:23:40,1,02
15:30:54,0.07603,214.70,0.42048,6.87937,5.02194,29.28315,36.0228,50.03,0865:23:41,1,02
15:30:55,0.07625,214.80,0.41948,6.88495,5.02601,29.28316,36.0228,50.03,0865:23:42,1,02
15:30:56,0.076,214.80,0.41968,6.86634,5.01243,29.28316,36.0228,50.03,0865:23:43,1,02
15:30:57,0.07617,214.80,0.42113,6.90729,5.04232,29.28316,36.0228,50.03,0865:23:44,1,02
15:30:58,0.07621,214.80,0.42151,6.91659,5.04911,29.28316,36.0228,50.03,0865:23:45,1,02
15:30:59,0.0761,214.80,0.4208,6.8924,5.03145,29.28316,36.0228,50.03,0865:23:46,1,02
15:31:00,0.07625,214.80,0.41948,6.88495,5.02601,29.28317,36.0228,50.01,0865:23:47,1,02
15:31:01,0.07653,214.70,0.42021,6.92031,5.05183,29.28317,36.02282,50.01,0865:23:48,1,02
15:31:02,0.07603,214.80,0.42115,6.8924,5.03145,29.28317,36.02282,50.01,0865:23:49,1,02
15:31:03,0.07574,215.00,0.42073,6.86634,5.01243,29.28317,36.02282,50.01,0865:23:50,1,02
15:31:04,0.07646,214.90,0.42032,6.92218,5.05319,29.28317,36.02283,50.01,0865:23:52,1,02
15:31:05,0.07614,215.00,0.42103,6.90729,5.04232,29.28318,36.02283,50.01,0865:23:53,1,02
15:31:06,0.07614,215.00,0.42003,6.8924,5.03145,29.28318,36.02283,50.01,0865:23:54,1,02
15:31:07,0.07596,215.00,0.42042,6.88309,5.02465,29.28318,36.02283,50.00,0865:23:55,1,02
15:31:08,0.07603,215.00,0.42081,6.89426,5.03281,29.28318,36.02283,50.00,0865:23:56,1,02
15:31:09,0.07632,215.00,0.41806,6.87564,5.01922,29.28318,36.02283,50.03,0865:23:57,1,02
15:31:10,0.07667,215.10,0.42115,6.9594,5.08036,29.28319,36.02283,50.03,0865:23:58,1,02
15:31:11,0.07632,215.00,0.4208,6.92218,5.05319,29.28319,36.02283,50.01,0865:23:59,1,02
15:31:12,0.0761,215.00,0.41964,6.88123,5.0233,29.28319,36.02285,50.01,0865:24:00,1,02
15:31:13,0.07603,214.90,0.42034,6.88495,5.02601,29.28319,36.02285,50.00,0865:24:01,1,02
15:31:14,0.07628,214.90,0.41854,6.87564,5.01922,29.28319,36.02285,50.00,0865:24:02,1,02
15:31:15,0.07628,214.90,0.41854,6.87564,5.01922,29.28319,36.02285,50.00,0865:24:02,1,02
15:31:16,0.07607,214.70,0.42144,6.89984,5.03688,29.2832,36.02286,50.01,0865:24:03,1,02
15:31:17,0.076,214.80,0.42183,6.89984,5.03688,29.2832,36.02286,50.01,0865:24:04,1,02
15:31:18,0.07639,214.80,0.4211,6.92404,5.05455,29.2832,36.02286,50.00,0865:24:05,1,02
15:31:19,0.07628,214.80,0.42009,6.89798,5.03552,29.2832,36.02286,50.00,0865:24:06,1,02
15:31:20,0.07653,214.80,0.41932,6.90729,5.04232,29.2832,36.02287,50.01,0865:24:07,1,02
15:31:21,0.07621,214.80,0.41933,6.87937,5.02194,29.28321,36.02287,50.01,0865:24:08,1,02
15:31:22,0.07646,214.90,0.41917,6.9017,5.03824,29.28321,36.02287,50.00,0865:24:09,1,02
15:31:23,0.07664,214.60,0.41812,6.89053,5.03009,29.28321,36.02288,50.00,0865:24:10,1,02
15:31:24,0.07717,214.50,0.41721,6.92218,5.05319,29.28321,36.02288,50.00,0865:24:12,1,02
15:31:25,0.07642,214.70,0.4185,6.88123,5.0233,29.28321,36.02288,50.00,0865:24:13,1,02
15:31:26,0.07632,214.80,0.4198,6.89798,5.03552,29.28322,36.02288,50.00,0865:24:14,1,02
15:31:27,0.07625,214.80,0.41971,6.88867,5.02873,29.28322,36.02288,49.99,0865:24:15,1,02
15:31:28,0.07642,214.70,0.41861,6.88309,5.02465,29.28322,36.02288,49.99,0865:24:16,1,02
15:31:29,0.07639,214.60,0.41876,6.87937,5.02194,29.28322,36.02288,49.99,0865:24:17,1,02
15:31:30,0.07702,214.30,0.4191,6.93334,5.06134,29.28322,36.02288,49.99,0865:24:18,1,02
15:31:31,0.07639,214.80,0.4194,6.89612,5.03417,29.28323,36.0229,49.99,0865:24:19,1,02
15:31:32,0.07642,214.80,0.41855,6.88681,5.02737,29.28323,36.0229,49.99,0865:24:20,1,02
15:31:33,0.0766,214.80,0.41785,6.8924,5.03145,29.28323,36.0229,49.98,0865:24:21,1,02
15:31:34,0.07639,214.90,0.419,6.89426,5.03281,29.28323,36.02291,49.98,0865:24:22,1,02
15:31:35,0.07628,214.90,0.41957,6.89426,5.03281,29.28323,36.02291,49.96,0865:24:23,1,02
15:31:36,0.07639,214.90,0.41808,6.8775,5.02058,29.28324,36.02291,49.96,0865:24:24,1,02
15:31:37,0.07685,214.90,0.41869,6.92962,5.05862,29.28324,36.02291,49.98,0865:24:25,1,02
15:31:38,0.07656,215.00,0.41776,6.8924,5.03145,29.28324,36.02291,49.98,0865:24:26,1,02
15:31:39,0.07625,215.30,0.41729,6.86448,5.01107,29.28324,36.02291,49.96,0865:24:27,1,02
15:31:40,0.07625,215.30,0.41729,6.86448,5.01107,29.28324,36.02291,49.96,0865:24:27,1,02
15:31:41,0.07653,215.10,0.41887,6.90915,5.04368,29.28324,36.02291,49.96,0865:24:28,1,02
15:31:43,0.07646,215.10,0.41834,6.89426,5.03281,29.28325,36.02293,49.99,0865:24:29,1,02
15:31:44,0.07642,215.10,0.41866,6.89798,5.03552,29.28325,36.02293,49.99,0865:24:30,1,02
15:31:45,0.07646,215.10,0.42064,6.9352,5.0627,29.28325,36.02293,49.98,0865:24:31,1,02
15:31:46,0.0761,215.20,0.41982,6.89053,5.03009,29.28325,36.02293,49.99,0865:24:33,1,02
15:31:47,0.076,215.20,0.42085,6.89798,5.03552,29.28325,36.02293,49.99,0865:24:34,1,02
15:31:48,0.0761,215.20,0.41995,6.89426,5.03281,29.28326,36.02293,49.98,0865:24:35,1,02
15:31:49,0.07653,215.20,0.41802,6.89984,5.03688,29.28326,36.02293,49.98,0865:24:36,1,02
15:31:50,0.07628,215.20,0.41946,6.9017,5.03824,29.28326,36.02293,49.99,0865:24:37,1,02
15:31:51,0.07649,215.20,0.42056,6.93707,5.06406,29.28326,36.02295,49.99,0865:24:38,1,02
15:31:52,0.07628,215.30,0.41993,6.91101,5.04504,29.28326,36.02295,49.98,0865:24:39,1,02
15:31:53,0.07596,215.30,0.41983,6.88123,5.0233,29.28327,36.02295,49.98,0865:24:40,1,02
15:31:54,0.0761,215.20,0.41982,6.89053,5.03009,29.28327,36.02296,49.99,0865:24:41,1,02
15:31:55,0.076,215.10,0.42117,6.9017,5.03824,29.28327,36.02296,49.99,0865:24:42,1,02
15:31:56,0.07639,215.20,0.41966,6.91287,5.04639,29.28327,36.02296,50.00,0865:24:43,1,02
15:31:57,0.076,215.30,0.42009,6.88867,5.02873,29.28327,36.02296,50.00,0865:24:44,1,02
15:31:58,0.07632,215.30,0.421,6.93334,5.06134,29.28328,36.02296,50.01,0865:24:45,1,02
15:31:59,0.07628,215.30,0.41902,6.89612,5.03417,29.28328,36.02296,50.01,0865:24:46,1,02
15:32:00,0.07603,215.40,0.4198,6.88867,5.02873,29.28328,36.02296,50.00,0865:24:47,1,02
15:32:01,0.07625,215.30,0.41981,6.90915,5.04368,29.28328,36.02298,50.00,0865:24:48,1,02
15:32:02,0.076,215.20,0.4197,6.8775,5.02058,29.28328,36.02298,50.00,0865:24:49,1,02
15:32:03,0.07628,215.10,0.41931,6.89612,5.03417,29.28329,36.02298,50.00,0865:24:50,1,02
15:32:04,0.07649,215.10,0.42065,6.93707,5.06406,29.28329,36.02298,50.01,0865:24:51,1,02
15:32:05,0.07649,215.10,0.42065,6.93707,5.06406,29.28329,36.02298,50.01,0865:24:51,1,02
15:32:06,0.07607,215.10,0.41916,6.87192,5.0165,29.28329,36.02299,50.00,0865:24:53,1,02
15:32:07,0.07553,214.90,0.42382,6.89612,5.03417,29.28329,36.02299,50.00,0865:24:54,1,02
15:32:08,0.07553,214.90,0.42391,6.89612,5.03417,29.28329,36.02299,50.01,0865:24:55,1,02
15:32:09,0.07571,214.70,0.42389,6.90356,5.0396,29.2833,36.02299,50.01,0865:24:56,1,02
15:32:10,0.07531,214.70,0.4249,6.88681,5.02737,29.2833,36.02299,50.00,0865:24:57,1,02
15:32:11,0.07614,214.70,0.42515,6.96685,5.0858,29.2833,36.02299,50.00,0865:24:58,1,02
15:32:12,0.07592,214.80,0.42439,6.93707,5.06406,29.2833,36.02299,50.00,0865:24:59,1,02
15:32:13,0.07649,214.60,0.42057,6.91845,5.05047,29.2833,36.02301,50.00,0865:25:00,1,02
15:32:14,0.07678,214.40,0.41729,6.88309,5.02465,29.28331,36.02301,50.00,0865:25:01,1,02
15:32:15,0.07664,214.50,0.41932,6.90729,5.04232,29.28331,36.02301,50.00,0865:25:02,1,02
15:32:16,0.07635,214.40,0.42013,6.8924,5.03145,29.28331,36.02301,49.99,0865:25:03,1,02
15:32:17,0.07639,214.40,0.42018,6.89798,5.03552,29.28331,36.02301,49.99,0865:25:04,1,02
15:32:18,0.07681,214.50,0.41986,6.93334,5.06134,29.28331,36.02301,49.99,0865:25:05,1,02
15:32:19,0.07642,214.60,0.41869,6.88123,5.0233,29.28332,36.02301,49.99,0865:25:06,1,02
15:32:20,0.07614,214.50,0.41995,6.87378,5.01786,29.28332,36.02303,49.98,0865:25:07,1,02
15:32:21,0.07628,214.50,0.42123,6.90729,5.04232,29.28332,36.02303,49.98,0865:25:08,1,02
15:32:22,0.07614,214.40,0.42072,6.88495,5.02601,29.28332,36.02303,49.99,0865:25:09,1,02
15:32:23,0.0766,214.40,0.41927,6.9017,5.03824,29.28332,36.02303,49.99,0865:25:10,1,02
15:32:24,0.07692,214.40,0.42016,6.94451,5.06949,29.28333,36.02304,49.99,0865:25:11,1,02
15:32:25,0.07646,214.40,0.41957,6.89426,5.03281,29.28333,36.02304,49.96,0865:25:13,1,02
15:32:26,0.07646,214.40,0.41978,6.89612,5.03417,29.28333,36.02304,49.96,0865:25:14,1,02
15:32:27,0.07642,214.60,0.41972,6.89984,5.03688,29.28333,36.02304,49.99,0865:25:15,1,02
15:32:28,0.07653,214.60,0.4187,6.8924,5.03145,29.28333,36.02304,49.99,0865:25:16,1,02
15:32:29,0.07635,214.80,0.41833,6.87378,5.01786,29.28334,36.02304,49.98,0865:25:17,1,02
15:32:30,0.07635,214.80,0.41833,6.87378,5.01786,29.28334,36.02304,49.98,0865:25:17,1,02
15:32:31,0.07649,214.80,0.41929,6.90356,5.0396,29.28334,36.02304,49.98,0865:25:18,1,02
15:32:32,0.07642,214.80,0.41876,6.88867,5.02873,29.28334,36.02306,49.98,0865:25:19,1,02
15:32:33,0.07632,214.70,0.41852,6.87378,5.01786,29.28334,36.02306,49.98,0865:25:20,1,02
15:32:34,0.07667,214.60,0.41808,6.89612,5.03417,29.28334,36.02306,49.99,0865:25:21,1,02
15:32:35,0.07628,214.60,0.41946,6.88309,5.02465,29.28335,36.02306,49.99,0865:25:22,1,02
15:32:36,0.07678,214.70,0.41789,6.90542,5.04096,29.28335,36.02307,49.99,0865:25:23,1,02
15:32:37,0.07671,214.80,0.41736,6.89053,5.03009,29.28335,36.02307,49.99,0865:25:24,1,02
15:32:38,0.07685,214.80,0.41888,6.92962,5.05862,29.28335,36.02307,49.99,0865:25:25,1,02
15:32:39,0.07632,214.70,0.41976,6.89426,5.03281,29.28335,36.02308,49.99,0865:25:26,1,02
15:32:40,0.07628,214.80,0.41929,6.88495,5.02601,29.28336,36.02308,49.99,0865:25:27,1,02
15:32:41,0.07646,214.80,0.41814,6.88309,5.02465,29.28336,36.02308,49.99,0865:25:28,1,02
15:32:42,0.07646,214.80,0.41927,6.9017,5.03824,29.28336,36.02308,49.98,0865:25:29,1,02
15:32:43,0.07635,214.90,0.41861,6.88309,5.02465,29.28336,36.02309,49.98,0865:25:30,1,02
15:32:44,0.0761,214.90,0.41994,6.88309,5.02465,29.28336,36.02309,50.00,0865:25:31,1,02
15:32:45,0.07596,214.90,0.41957,6.86448,5.01107,29.28337,36.02309,50.00,0865:25:32,1,02
15:32:46,0.07621,214.80,0.42015,6.89426,5.03281,29.28337,36.02309,50.00,0865:25:34,1,02
15:32:47,0.07653,214.80,0.41878,6.89984,5.03688,29.28337,36.02309,50.00,0865:25:35,1,02
15:32:48,0.07635,214.80,0.41971,6.89798,5.03552,29.28337,36.02309,50.00,0865:25:36,1,02
15:32:49,0.07617,214.80,0.42022,6.8924,5.03145,29.28337,36.02309,50.00,0865:25:37,1,02
15:32:50,0.07678,214.80,0.42016,6.94451,5.06949,29.28338,36.02311,50.00,0865:25:38,1,02
15:32:51,0.07632,214.80,0.42025,6.90542,5.04096,29.28338,36.02311,50.00,0865:25:39,1,02
15:32:52,0.07649,214.70,0.4187,6.8924,5.03145,29.28338,36.02311,50.00,0865:25:40,1,02
15:32:53,0.07653,214.70,0.41953,6.90915,5.04368,29.28338,36.02311,50.00,0865:25:41,1,02
15:32:54,0.07625,214.70,0.42001,6.89053,5.03009,29.28338,36.02312,50.00,0865:25:42,1,02
15:32:55,0.07625,214.70,0.42001,6.89053,5.03009,29.28338,36.02312,50.00,0865:25:42,1,02
15:32:56,0.07632,214.70,0.42101,6.91473,5.04775,29.28339,36.02312,49.99,0865:25:43,1,02
15:32:57,0.07632,214.60,0.42018,6.89798,5.03552,29.28339,36.02312,49.99,0865:25:44,1,02
15:32:58,0.07664,214.70,0.41862,6.90356,5.0396,29.28339,36.02312,49.99,0865:25:45,1,02
15:32:59,0.07656,214.90,0.42065,6.93707,5.06406,29.28339,36.02312,49.99,0865:25:46,1,02
15:33:00,0.0761,214.80,0.42059,6.89053,5.03009,29.28339,36.02312,49.99,0865:25:47,1,02
15:33:01,0.07642,214.80,0.41946,6.9017,5.03824,29.2834,36.02312,49.99,0865:25:48,1,02
15:33:02,0.07628,214.60,0.41888,6.87192,5.0165,29.2834,36.02314,49.99,0865:25:49,1,02
15:33:03,0.07642,214.50,0.41922,6.88681,5.02737,29.2834,36.02314,49.99,0865:25:50,1,02
15:33:04,0.07585,214.50,0.42068,6.86075,5.00835,29.2834,36.02314,49.96,0865:25:51,1,02
15:33:05,0.07607,214.60,0.42059,6.88123,5.0233,29.2834,36.02314,49.96,0865:25:52,1,02
15:33:06,0.07625,214.50,0.42132,6.90729,5.04232,29.28341,36.02315,49.98,0865:25:54,1,02
15:33:07,0.07635,214.50,0.41961,6.88867,5.02873,29.28341,36.02315,49.98,0865:25:55,1,02
15:33:08,0.07628,214.50,0.42181,6.91845,5.05047,29.28341,36.02315,49.98,0865:25:56,1,02
15:33:09,0.07649,214.50,0.42065,6.91659,5.04911,29.28341,36.02316,49.98,0865:25:57,1,02
15:33:10,0.07639,214.60,0.41922,6.88681,5.02737,29.28341,36.02316,49.98,0865:25:58,1,02
15:33:11,0.0766,214.60,0.42058,6.92962,5.05862,29.28342,36.02316,49.98,0865:25:59,1,02
15:33:12,0.07656,214.60,0.41895,6.89798,5.03552,29.28342,36.02316,49.98,0865:26:00,1,02
15:33:13,0.07656,214.60,0.41942,6.90729,5.04232,29.28342,36.02317,49.98,0865:26:01,1,02
15:33:14,0.07667,214.60,0.41998,6.9259,5.05591,29.28342,36.02317,49.98,0865:26:02,1,02
15:33:15,0.07628,214.70,0.42105,6.90915,5.04368,29.28342,36.02317,49.98,0865:26:03,1,02
15:33:16,0.07653,214.70,0.41974,6.91101,5.04504,29.28343,36.02317,49.98,0865:26:04,1,02
15:33:17,0.07632,214.60,0.41859,6.87192,5.0165,29.28343,36.02317,49.98,0865:26:05,1,02
15:33:18,0.07617,214.60,0.42149,6.90542,5.04096,29.28343,36.02317,49.98,0865:26:06,1,02
15:33:19,0.07635,214.60,0.42099,6.91287,5.04639,29.28343,36.02317,49.98,0865:26:07,1,02
15:33:20,0.07635,214.60,0.42099,6.91287,5.04639,29.28343,36.02317,49.98,0865:26:07,1,02
15:33:21,0.07656,214.50,0.42074,6.9259,5.05591,29.28343,36.02319,49.98,0865:26:08,1,02
15:33:22,0.07635,214.50,0.41927,6.88309,5.02465,29.28344,36.02319,49.98,0865:26:09,1,02
15:33:23,0.07625,214.50,0.41996,6.88495,5.02601,29.28344,36.02319,49.98,0865:26:10,1,02
15:33:24,0.07635,214.50,0.42096,6.90915,5.04368,29.28344,36.02319,49.98,0865:26:11,1,02
15:33:25,0.0761,214.50,0.42241,6.91101,5.04504,29.28344,36.0232,49.98,0865:26:12,1,02
15:33:26,0.07635,214.60,0.42009,6.89798,5.03552,29.28344,36.0232,49.99,0865:26:13,1,02
15:33:27,0.07617,214.60,0.42136,6.9017,5.03824,29.28345,36.0232,49.98,0865:26:15,1,02
15:33:28,0.07664,214.60,0.42004,6.92218,5.05319,29.28345,36.0232,49.98,0865:26:16,1,02
15:33:29,0.07621,214.50,0.41958,6.87564,5.01922,29.28345,36.0232,49.99,0865:26:17,1,02
15:33:30,0.076,214.60,0.42223,6.9017,5.03824,29.28345,36.0232,49.99,0865:26:18,1,02
15:33:31,0.07635,214.50,0.4212,6.91473,5.04775,29.28345,36.0232,49.99,0865:26:19,1,02
15:33:32,0.07625,214.60,0.42009,6.88867,5.02873,29.28346,36.02322,49.99,0865:26:20,1,02
15:33:33,0.07625,214.50,0.42121,6.90542,5.04096,29.28346,36.02322,49.98,0865:26:21,1,02
15:33:34,0.07639,214.50,0.42054,6.90542,5.04096,29.28346,36.02322,49.98,0865:26:22,1,02
15:33:35,0.07653,214.50,0.42059,6.92031,5.05183,29.28346,36.02322,49.98,0865:26:23,1,02
15:33:36,0.07664,214.40,0.41976,6.91287,5.04639,29.28346,36.02323,49.98,0865:26:24,1,02
15:33:38,0.07642,214.40,0.41965,6.8924,5.03145,29.28347,36.02323,49.96,0865:26:25,1,02
15:33:39,0.07674,214.40,0.41795,6.8924,5.03145,29.28347,36.02323,49.96,0865:26:26,1,02
15:33:40,0.07671,214.40,0.41734,6.87937,5.02194,29.28347,36.02324,49.96,0865:26:27,1,02
15:33:41,0.07646,214.30,0.4167,6.844,4.99612,29.28347,36.02324,49.96,0865:26:28,1,02
15:33:42,0.07681,214.30,0.41721,6.88495,5.02601,29.28347,36.02324,49.96,0865:26:29,1,02
15:33:43,0.07671,214.40,0.41791,6.88867,5.02873,29.28348,36.02324,49.96,0865:26:30,1,02
15:33:44,0.07667,214.50,0.42071,6.93334,5.06134,29.28348,36.02325,49.96,0865:26:31,1,02
15:33:45,0.0766,214.50,0.41985,6.91287,5.04639,29.28348,36.02325,49.96,0865:26:32,1,02
15:33:46,0.0766,214.50,0.41985,6.91287,5.04639,29.28348,36.02325,49.96,0865:26:32,1,02
15:33:47,0.0766,214.70,0.41827,6.89612,5.03417,29.28348,36.02325,49.96,0865:26:33,1,02
15:33:48,0.07635,214.80,0.42061,6.91287,5.04639,29.28348,36.02325,49.96,0865:26:35,1,02
15:33:49,0.07653,214.70,0.42111,6.9352,5.0627,29.28349,36.02325,49.96,0865:26:36,1,02
15:33:50,0.07585,214.80,0.42134,6.87937,5.02194,29.28349,36.02325,49.96,0865:26:37,1,02
15:33:51,0.07625,214.80,0.42029,6.89984,5.03688,29.28349,36.02325,49.96,0865:26:38,1,02
15:33:52,0.07642,214.80,0.41923,6.89798,5.03552,29.28349,36.02327,49.98,0865:26:39,1,02
15:33:53,0.07617,214.80,0.42066,6.89798,5.03552,29.2835,36.02327,49.98,0865:26:40,1,02
15:33:54,0.07642,214.60,0.42165,6.93148,5.05998,29.2835,36.02327,49.98,0865:26:41,1,02
15:33:55,0.07607,214.70,0.42222,6.91101,5.04504,29.2835,36.02327,49.98,0865:26:42,1,02
15:33:56,0.07607,214.70,0.42133,6.89798,5.03552,29.2835,36.02328,49.96,0865:26:43,1,02
15:33:57,0.07632,214.50,0.42173,6.92031,5.05183,29.2835,36.02328,49.96,0865:26:44,1,02
15:33:58,0.07607,214.60,0.42197,6.90542,5.04096,29.28351,36.02328,49.98,0865:26:45,1,02
15:33:59,0.07625,214.70,0.42329,6.94265,5.06813,29.28351,36.02328,49.98,0865:26:46,1,02
15:34:00,0.07596,214.70,0.42281,6.91287,5.04639,29.28351,36.02328,49.99,0865:26:47,1,02
15:34:01,0.07571,214.80,0.422,6.8775,5.02058,29.28351,36.02328,49.99,0865:26:48,1,02
15:34:02,0.07585,214.70,0.42064,6.86634,5.01243,29.28351,36.02328,49.96,0865:26:49,1,02
15:34:03,0.07581,214.70,0.42117,6.87192,5.0165,29.28352,36.0233,49.96,0865:26:50,1,02
15:34:04,0.076,214.80,0.42116,6.89053,5.03009,29.28352,36.0233,49.99,0865:26:51,1,02
15:34:05,0.076,214.70,0.42226,6.90542,5.04096,29.28352,36.0233,49.99,0865:26:52,1,02
15:34:06,0.07649,214.80,0.42132,6.93707,5.06406,29.28352,36.0233,49.98,0865:26:53,1,02
15:34:07,0.07574,214.90,0.42344,6.90729,5.04232,29.28352,36.0233,49.98,0865:26:54,1,02
15:34:08,0.07589,214.80,0.42196,6.89426,5.03281,29.28354,36.0233,49.98,0865:26:56,1,02
15:34:09,0.07585,214.80,0.42238,6.89798,5.03552,29.28354,36.0233,49.99,0865:26:57,1,02
15:34:10,0.07585,214.80,0.42238,6.89798,5.03552,29.28354,36.0233,49.99,0865:26:57,1,02
15:34:11,0.07585,214.70,0.42189,6.88681,5.02737,29.28354,36.02332,49.99,0865:26:58,1,02
15:34:12,0.07653,214.80,0.42011,6.92031,5.05183,29.28354,36.02332,49.98,0865:26:59,1,02
15:34:13,0.07667,214.80,0.42071,6.94265,5.06813,29.28354,36.02332,49.98,0865:27:00,1,02
15:34:14,0.07603,214.80,0.42165,6.9017,5.03824,29.28354,36.02332,49.99,0865:27:01,1,02
15:34:15,0.07667,214.80,0.42319,6.9836,5.09803,29.28354,36.02333,49.99,0865:27:02,1,02
15:34:16,0.07614,214.80,0.42074,6.89612,5.03417,29.28354,36.02333,50.00,0865:27:03,1,02
15:34:17,0.07632,214.70,0.42101,6.91473,5.04775,29.28354,36.02333,50.00,0865:27:04,1,02
15:34:18,0.07646,214.60,0.42091,6.92404,5.05455,29.28354,36.02333,49.99,0865:27:05,1,02
15:34:19,0.07617,214.60,0.4206,6.8924,5.03145,29.28355,36.02333,49.99,0865:27:06,1,02
15:34:20,0.07621,214.70,0.42143,6.90915,5.04368,29.28355,36.02333,49.99,0865:27:07,1,02
15:34:21,0.07603,214.60,0.42035,6.87564,5.01922,29.28355,36.02333,49.99,0865:27:08,1,02
15:34:22,0.07621,214.60,0.42041,6.8924,5.03145,29.28355,36.02335,50.00,0865:27:09,1,02
15:34:23,0.07574,214.70,0.42177,6.87378,5.01786,29.28355,36.02335,50.00,0865:27:10,1,02
15:34:24,0.07592,214.80,0.42166,6.8924,5.03145,29.28356,36.02335,50.00,0865:27:11,1,02
15:34:25,0.07632,214.80,0.42148,6.92404,5.05455,29.28356,36.02335,50.00,0865:27:12,1,02
15:34:26,0.07649,214.80,0.42043,6.92404,5.05455,29.28356,36.02336,50.00,0865:27:13,1,02
15:34:27,0.0761,214.80,0.42059,6.89053,5.03009,29.28356,36.02336,50.00,0865:27:14,1,02
15:34:28,0.0756,215.20,0.42338,6.9017,5.03824,29.28356,36.02336,50.01,0865:27:15,1,02
15:34:29,0.07607,215.10,0.4209,6.90356,5.0396,29.28358,36.02337,50.01,0865:27:17,1,02
15:34:30,0.07642,215.10,0.42002,6.92031,5.05183,29.28358,36.02337,50.00,0865:27:18,1,02
15:34:31,0.076,215.10,0.42163,6.90915,5.04368,29.28358,36.02337,50.03,0865:27:19,1,02
15:34:32,0.076,215.10,0.4207,6.8924,5.03145,29.28358,36.02337,50.03,0865:27:20,1,02
15:34:33,0.07585,215.10,0.42076,6.87937,5.02194,29.28358,36.02338,50.01,0865:27:21,1,02
15:34:34,0.07603,215.10,0.42083,6.89612,5.03417,29.28358,36.02338,50.01,0865:27:22,1,02
15:34:35,0.07646,215.10,0.42141,6.94637,5.07085,29.28358,36.02338,50.00,0865:27:23,1,02
15:34:36,0.07646,215.10,0.42141,6.94637,5.07085,29.28358,36.02338,50.00,0865:27:23,1,02
15:34:37,0.076,215.10,0.42185,6.91287,5.04639,29.28358,36.02338,50.00,0865:27:24,1,02
15:34:38,0.07589,215.20,0.42129,6.89426,5.03281,29.28358,36.02338,50.01,0865:27:25,1,02
15:34:39,0.07621,215.20,0.42074,6.91659,5.04911,29.28358,36.02338,50.01,0865:27:26,1,02
15:34:40,0.07596,215.30,0.42038,6.88867,5.02873,29.28359,36.02338,50.03,0865:27:27,1,02
15:34:41,0.07603,215.20,0.41943,6.87937,5.02194,29.28359,36.0234,50.03,0865:27:28,1,02
15:34:42,0.07567,215.40,0.42092,6.87564,5.01922,29.28359,36.0234,50.00,0865:27:29,1,02
15:34:43,0.07596,215.30,0.41973,6.88123,5.0233,29.28359,36.0234,50.00,0865:27:30,1,02
15:34:44,0.07564,215.40,0.42088,6.87192,5.0165,29.28359,36.0234,50.03,0865:27:31,1,02
15:34:45,0.07635,215.30,0.41957,6.91287,5.04639,29.2836,36.02341,50.03,0865:27:32,1,02
15:34:46,0.07635,215.20,0.41964,6.91101,5.04504,29.2836,36.02341,50.01,0865:27:33,1,02
15:34:47,0.07585,215.30,0.42108,6.8924,5.03145,29.2836,36.02341,50.01,0865:27:34,1,02
15:34:48,0.07564,215.30,0.42256,6.89612,5.03417,29.2836,36.02341,50.03,0865:27:35,1,02
15:34:49,0.07642,215.30,0.41939,6.91473,5.04775,29.2836,36.02341,50.03,0865:27:37,1,02
15:34:50,0.07617,215.30,0.41982,6.89984,5.03688,29.28362,36.02341,50.03,0865:27:38,1,02
15:34:51,0.07592,215.30,0.42049,6.89053,5.03009,29.28362,36.02341,50.01,0865:27:39,1,02
15:34:52,0.07585,215.30,0.42051,6.88309,5.02465,29.28362,36.02343,50.01,0865:27:40,1,02
15:34:53,0.07614,215.30,0.41897,6.88123,5.0233,29.28362,36.02343,50.01,0865:27:41,1,02
15:34:54,0.07635,215.20,0.42053,6.92404,5.05455,29.28362,36.02343,50.01,0865:27:42,1,02
15:34:55,0.07664,215.20,0.42006,6.94451,5.06949,29.28362,36.02343,50.01,0865:27:43,1,02
15:34:56,0.076,215.30,0.42132,6.90729,5.04232,29.28362,36.02344,50.01,0865:27:44,1,02
15:34:57,0.07639,215.20,0.42115,6.93893,5.06542,29.28362,36.02344,50.00,0865:27:45,1,02
15:34:58,0.0761,215.30,0.4202,6.89984,5.03688,29.28362,36.02344,50.00,0865:27:46,1,02
15:34:59,0.07646,215.30,0.41787,6.89426,5.03281,29.28362,36.02345,50.01,0865:27:47,1,02
15:35:00,0.07671,215.20,0.41888,6.92962,5.05862,29.28363,36.02345,50.01,0865:27:48,1,02
15:35:01,0.07681,215.20,0.41979,6.95568,5.07765,29.28363,36.02345,50.01,0865:27:49,1,02
15:35:02,0.07681,215.20,0.41979,6.95568,5.07765,29.28363,36.02345,50.01,0865:27:49,1,02
15:35:03,0.07741,215.30,0.41942,7.00407,5.11297,29.28363,36.02345,50.01,0865:27:50,1,02
15:35:04,0.07639,215.30,0.42026,6.9259,5.05591,29.28363,36.02346,50.03,0865:27:51,1,02
15:35:05,0.07635,215.20,0.41761,6.8775,5.02058,29.28363,36.02346,50.03,0865:27:52,1,02
15:35:06,0.07639,215.20,0.41832,6.8924,5.03145,29.28364,36.02346,50.04,0865:27:53,1,02
15:35:07,0.07664,215.30,0.41952,6.93707,5.06406,29.28364,36.02346,50.04,0865:27:54,1,02
15:35:08,0.07649,215.20,0.42022,6.93148,5.05998,29.28364,36.02346,50.03,0865:27:55,1,02
15:35:09,0.07649,215.20,0.41731,6.88495,5.02601,29.28364,36.02346,50.03,0865:27:56,1,02
15:35:10,0.07621,215.10,0.41854,6.87564,5.01922,29.28364,36.02346,50.03,0865:27:58,1,02
15:35:11,0.07671,215.10,0.41839,6.91845,5.05047,29.28366,36.02348,50.01,0865:27:59,1,02
15:35:12,0.07642,215.20,0.41892,6.90542,5.04096,29.28366,36.02348,50.01,0865:28:00,1,02
15:35:13,0.07678,215.30,0.41875,6.9352,5.0627,29.28366,36.02348,50.03,0865:28:01,1,02
15:35:14,0.07646,215.20,0.41714,6.8775,5.02058,29.28366,36.02349,50.03,0865:28:02,1,02
15:35:15,0.07628,215.10,0.41999,6.90729,5.04232,29.28366,36.02349,50.03,0865:28:03,1,02
15:35:16,0.07646,215.20,0.42143,6.94823,5.07221,29.28366,36.02349,50.03,0865:28:04,1,02
15:35:17,0.07617,215.10,0.42099,6.91287,5.04639,29.28366,36.02349,50.01,0865:28:05,1,02
15:35:18,0.0761,215.10,0.42047,6.89798,5.03552,29.28366,36.02349,50.01,0865:28:06,1,02
15:35:19,0.07695,215.10,0.41811,6.93707,5.06406,29.28366,36.02349,50.01,0865:28:07,1,02
15:35:20,0.0761,215.10,0.42058,6.89984,5.03688,29.28366,36.02349,50.01,0865:28:08,1,02
15:35:21,0.0761,215.00,0.42045,6.89612,5.03417,29.28367,36.02349,50.01,0865:28:09,1,02
15:35:22,0.07596,214.90,0.42048,6.87937,5.02194,29.28367,36.02351,50.01,0865:28:10,1,02
15:35:23,0.07592,215.10,0.4205,6.88123,5.0233,29.28367,36.02351,50.01,0865:28:11,1,02
15:35:24,0.07639,215.00,0.41848,6.88867,5.02873,29.28367,36.02351,50.01,0865:28:12,1,02
15:35:25,0.07674,215.00,0.4195,6.9352,5.0627,29.28367,36.02352,50.01,0865:28:13,1,02
15:35:26,0.07674,215.00,0.4195,6.9352,5.0627,29.28367,36.02352,50.01,0865:28:13,1,02
15:35:27,0.0761,215.00,0.41964,6.88123,5.0233,29.28368,36.02352,50.01,0865:28:14,1,02
15:35:28,0.0761,215.10,0.42035,6.89612,5.03417,29.28368,36.02352,50.01,0865:28:15,1,02
15:35:29,0.07635,215.00,0.41797,6.87564,5.01922,29.28368,36.02352,50.01,0865:28:16,1,02
15:35:31,0.07557,214.90,0.42269,6.87937,5.02194,29.28368,36.02353,50.01,0865:28:18,1,02
15:35:32,0.07495,214.90,0.4277,6.90356,5.0396,29.28368,36.02353,50.00,0865:28:19,1,02
15:35:33,0.0747,214.90,0.42814,6.88681,5.02737,29.2837,36.02353,50.00,0865:28:20,1,02
15:35:34,0.07535,214.80,0.42669,6.92218,5.05319,29.2837,36.02353,50.01,0865:28:21,1,02
15:35:35,0.07513,214.90,0.42547,6.88495,5.02601,29.2837,36.02354,50.01,0865:28:22,1,02
15:35:36,0.07517,214.90,0.42584,6.89426,5.03281,29.2837,36.02354,49.99,0865:28:23,1,02
15:35:37,0.0752,214.90,0.42555,6.89426,5.03281,29.2837,36.02354,49.99,0865:28:24,1,02
15:35:38,0.07538,215.00,0.4254,6.90915,5.04368,29.2837,36.02354,50.00,0865:28:25,1,02
15:35:39,0.07553,215.00,0.42452,6.90915,5.04368,29.2837,36.02354,50.00,0865:28:26,1,02
15:35:40,0.07542,215.00,0.42394,6.88867,5.02873,29.2837,36.02354,49.98,0865:28:27,1,02
15:35:41,0.07596,215.00,0.42345,6.92962,5.05862,29.2837,36.02354,49.98,0865:28:28,1,02
15:35:42,0.07546,215.00,0.42512,6.91101,5.04504,29.2837,36.02356,49.99,0865:28:29,1,02
15:35:43,0.07567,215.10,0.42287,6.89798,5.03552,29.28371,36.02356,49.99,0865:28:30,1,02
15:35:44,0.07581,215.00,0.42183,6.89053,5.03009,29.28371,36.02356,49.98,0865:28:31,1,02
15:35:45,0.07571,215.00,0.42323,6.90542,5.04096,29.28371,36.02356,49.98,0865:28:32,1,02
15:35:46,0.0756,215.00,0.42265,6.88495,5.02601,29.28371,36.02357,49.98,0865:28:33,1,02
15:35:47,0.07549,215.10,0.42256,6.87564,5.01922,29.28371,36.02357,49.98,0865:28:34,1,02
15:35:48,0.0761,215.00,0.42371,6.94637,5.07085,29.28372,36.02357,49.99,0865:28:35,1,02
15:35:49,0.07549,215.00,0.42313,6.88495,5.02601,29.28372,36.02357,49.99,0865:28:36,1,02
15:35:50,0.07567,215.00,0.42388,6.91287,5.04639,29.28372,36.02357,49.99,0865:28:37,1,02
15:35:51,0.07549,215.10,0.42246,6.87564,5.01922,29.28372,36.02357,49.99,0865:28:38,1,02
15:35:52,0.07531,215.10,0.42318,6.87006,5.01514,29.28372,36.02357,49.98,0865:28:40,1,02
15:35:53,0.07531,215.10,0.42318,6.87006,5.01514,29.28372,36.02357,49.98,0865:28:40,1,02
15:35:54,0.07549,215.10,0.42336,6.88867,5.02873,29.28374,36.02359,49.99,0865:28:41,1,02
15:35:55,0.07581,215.00,0.42322,6.91473,5.04775,29.28374,36.02359,49.99,0865:28:42,1,02
15:35:56,0.07531,215.10,0.42423,6.88867,5.02873,29.28374,36.02359,49.99,0865:28:43,1,02
15:35:57,0.0752,215.20,0.42483,6.89053,5.03009,29.28374,36.02359,49.99,0865:28:44,1,02
15:35:58,0.07538,215.10,0.4234,6.88309,5.02465,29.28374,36.0236,49.98,0865:28:45,1,02
15:35:59,0.07564,215.10,0.42329,6.9017,5.03824,29.28374,36.0236,49.98,0865:28:46,1,02
15:36:00,0.07546,215.20,0.42382,6.89612,5.03417,29.28374,36.0236,49.98,0865:28:47,1,02
15:36:01,0.07564,215.20,0.42549,6.94079,5.06678,29.28374,36.02361,49.98,0865:28:48,1,02
15:36:02,0.07502,215.10,0.42566,6.88495,5.02601,29.28374,36.02361,49.98,0865:28:49,1,02
15:36:03,0.0752,215.10,0.42493,6.89053,5.03009,29.28374,36.02361,49.98,0865:28:50,1,02
15:36:04,0.07557,215.00,0.42444,6.91101,5.04504,29.28375,36.02361,49.99,0865:28:51,1,02
15:36:05,0.07528,215.00,0.42451,6.88681,5.02737,29.28375,36.02362,49.99,0865:28:52,1,02
15:36:06,0.07535,215.00,0.42492,6.89984,5.03688,29.28375,36.02362,50.00,0865:28:53,1,02
15:36:07,0.07517,215.00,0.42565,6.89426,5.03281,29.28375,36.02362,50.00,0865:28:54,1,02
15:36:08,0.07553,215.00,0.42578,6.92962,5.05862,29.28375,36.02362,49.99,0865:28:55,1,02
15:36:09,0.07531,214.90,0.42506,6.89426,5.03281,29.28376,36.02362,49.99,0865:28:56,1,02
15:36:10,0.07524,214.80,0.42575,6.89426,5.03281,29.28376,36.02362,49.99,0865:28:57,1,02
15:36:11,0.07517,214.70,0.42579,6.88867,5.02873,29.28376,36.02362,49.99,0865:28:58,1,02
15:36:12,0.07567,214.70,0.42514,6.92404,5.05455,29.28376,36.02364,49.99,0865:28:59,1,02
15:36:13,0.07589,214.80,0.42481,6.94079,5.06678,29.28376,36.02364,49.98,0865:29:01,1,02
15:36:14,0.07502,214.80,0.42775,6.90915,5.04368,29.28378,36.02364,49.98,0865:29:02,1,02
15:36:15,0.07531,214.80,0.4278,6.93707,5.06406,29.28378,36.02364,49.98,0865:29:03,1,02
15:36:16,0.07524,214.80,0.42737,6.92218,5.05319,29.28378,36.02365,49.98,0865:29:04,1,02
15:36:17,0.07578,214.70,0.42705,6.96312,5.08308,29.28378,36.02365,49.98,0865:29:05,1,02
15:36:18,0.0756,214.70,0.4262,6.93334,5.06134,29.28378,36.02365,49.98,0865:29:06,1,02
15:36:19,0.0756,214.70,0.4262,6.93334,5.06134,29.28378,36.02365,49.98,0865:29:06,1,02
15:36:20,0.07538,214.70,0.42701,6.9259,5.05591,29.28378,36.02365,49.98,0865:29:07,1,02
15:36:21,0.07531,214.70,0.42685,6.91845,5.05047,29.28378,36.02365,49.98,0865:29:08,1,02
15:36:22,0.07517,214.70,0.42716,6.90915,5.04368,29.28378,36.02365,49.96,0865:29:09,1,02
15:36:23,0.07542,214.70,0.42674,6.92776,5.05726,29.28378,36.02365,49.96,0865:29:10,1,02
15:36:24,0.076,214.80,0.42581,6.96499,5.08444,29.28379,36.02367,49.96,0865:29:11,1,02
15:36:25,0.07585,214.70,0.4268,6.96685,5.0858,29.28379,36.02367,49.96,0865:29:12,1,02
15:36:26,0.0752,214.80,0.42686,6.90915,5.04368,29.28379,36.02367,49.95,0865:29:13,1,02
15:36:27,0.07564,214.70,0.42602,6.9352,5.0627,29.28379,36.02367,49.95,0865:29:14,1,02
15:36:28,0.07553,214.70,0.42636,6.92962,5.05862,29.28379,36.02367,49.95,0865:29:15,1,02
15:36:29,0.07502,214.70,0.42551,6.8682,5.01378,29.2838,36.02367,49.95,0865:29:16,1,02
15:36:30,0.07484,214.80,0.4257,6.85703,5.00563,29.2838,36.02367,49.94,0865:29:17,1,02
15:36:31,0.07589,214.70,0.42592,6.95568,5.07765,29.2838,36.02367,49.94,0865:29:18,1,02
15:36:32,0.07531,214.90,0.42529,6.89798,5.03552,29.2838,36.02369,49.94,0865:29:19,1,02
15:36:33,0.07535,215.00,0.42458,6.89426,5.03281,29.2838,36.02369,49.94,0865:29:21,1,02
15:36:34,0.07513,215.10,0.42622,6.90356,5.0396,29.28382,36.02369,49.94,0865:29:22,1,02
15:36:35,0.0752,215.20,0.42541,6.89984,5.03688,29.28382,36.0237,49.95,0865:29:23,1,02
15:36:36,0.07502,215.20,0.42696,6.90915,5.04368,29.28382,36.0237,49.95,0865:29:24,1,02
15:36:37,0.07567,215.10,0.42448,6.9259,5.05591,29.28382,36.0237,49.94,0865:29:25,1,02
15:36:38,0.07499,215.10,0.42665,6.89612,5.03417,29.28382,36.0237,49.94,0865:29:26,1,02
15:36:39,0.07492,215.10,0.42877,6.92404,5.05455,29.28382,36.0237,49.95,0865:29:27,1,02
15:36:40,0.07484,214.90,0.42484,6.84959,5.0002,29.28382,36.0237,49.95,0865:29:28,1,02
15:36:41,0.07506,215.00,0.42591,6.89053,5.03009,29.28382,36.0237,49.94,0865:29:29,1,02
15:36:42,0.07535,215.10,0.42528,6.90729,5.04232,29.28382,36.0237,49.94,0865:29:30,1,02
15:36:43,0.07517,215.00,0.42565,6.89426,5.03281,29.28382,36.02372,49.96,0865:29:31,1,02
15:36:44,0.07517,215.00,0.42565,6.89426,5.03281,29.28382,36.02372,49.96,0865:29:31,1,02
15:36:45,0.07727,215.10,0.4287,7.13995,5.21216,29.28383,36.02372,49.96,0865:29:32,1,02
15:36:46,0.07553,215.10,0.42661,6.94637,5.07085,29.28383,36.02372,49.95,0865:29:33,1,02
15:36:47,0.07484,215.10,0.4273,6.8924,5.03145,29.28383,36.02373,49.95,0865:29:34,1,02
15:36:48,0.07528,215.10,0.42557,6.90729,5.04232,29.28383,36.02373,49.95,0865:29:35,1,02
15:36:49,0.07513,215.00,0.42699,6.91287,5.04639,29.28383,36.02373,49.95,0865:29:36,1,02
15:36:50,0.07506,215.00,0.42877,6.9352,5.0627,29.28384,36.02373,49.96,0865:29:37,1,02
15:36:51,0.07495,215.00,0.42821,6.91659,5.04911,29.28384,36.02374,49.96,0865:29:38,1,02
15:36:52,0.07495,215.00,0.42762,6.90542,5.04096,29.28384,36.02374,49.95,0865:29:39,1,02
15:36:53,0.07499,214.90,0.42692,6.89426,5.03281,29.28384,36.02374,49.95,0865:29:41,1,02
15:36:54,0.0747,214.90,0.42619,6.85703,5.00563,29.28384,36.02374,49.96,0865:29:42,1,02
15:36:55,0.0748,214.90,0.42789,6.8924,5.03145,29.28386,36.02375,49.95,0865:29:43,1,02
15:36:56,0.07506,214.80,0.42776,6.91101,5.04504,29.28386,36.02375,49.95,0865:29:44,1,02
15:36:57,0.07513,214.80,0.42647,6.89798,5.03552,29.28386,36.02375,49.96,0865:29:45,1,02
15:36:58,0.07473,215.10,0.42768,6.89053,5.03009,29.28386,36.02375,49.96,0865:29:46,1,02
15:36:59,0.07455,215.20,0.42844,6.88681,5.02737,29.28386,36.02375,49.95,0865:29:47,1,02
15:37:00,0.07462,215.20,0.42935,6.91101,5.04504,29.28386,36.02375,49.95,0865:29:48,1,02
15:37:01,0.0747,215.30,0.42862,6.90729,5.04232,29.28386,36.02375,49.95,0865:29:49,1,02
15:37:02,0.07455,215.30,0.42849,6.8924,5.03145,29.28386,36.02377,49.95,0865:29:50,1,02
15:37:03,0.07488,215.40,0.43033,6.95568,5.07765,29.28386,36.02377,49.95,0865:29:51,1,02
15:37:04,0.07444,215.30,0.43036,6.91287,5.04639,29.28386,36.02377,49.95,0865:29:52,1,02
15:37:05,0.0748,215.10,0.42786,6.89984,5.03688,29.28387,36.02377,49.96,0865:29:53,1,02
15:37:06,0.0748,215.10,0.42694,6.88495,5.02601,29.28387,36.02378,49.96,0865:29:54,1,02
15:37:07,0.07426,215.10,0.42733,6.84028,4.9934,29.28387,36.02378,49.96,0865:29:55,1,02
15:37:08,0.07426,215.10,0.42733,6.84028,4.9934,29.28387,36.02378,49.96,0865:29:55,1,02
15:37:09,0.07492,215.10,0.42879,6.9259,5.05591,29.28387,36.02378,49.96,0865:29:56,1,02
15:37:10,0.07466,215.10,0.42889,6.90356,5.0396,29.28387,36.02378,49.96,0865:29:57,1,02
15:37:11,0.0747,215.10,0.4288,6.90542,5.04096,29.28388,36.02378,49.96,0865:29:58,1,02
15:37:12,0.07513,215.10,0.42783,6.92962,5.05862,29.28388,36.02378,49.96,0865:29:59,1,02
15:37:13,0.07495,215.10,0.42928,6.93707,5.06406,29.28388,36.02378,49.96,0865:30:01,1,02
15:37:14,0.07477,215.00,0.42907,6.91287,5.04639,29.28388,36.02378,49.96,0865:30:02,1,02
15:37:15,0.07459,215.10,0.4288,6.89426,5.03281,29.28388,36.0238,49.98,0865:30:03,1,02
15:37:16,0.07462,215.00,0.42731,6.87192,5.0165,29.2839,36.0238,49.98,0865:30:04,1,02
15:37:17,0.07462,215.10,0.42851,6.89426,5.03281,29.2839,36.0238,49.96,0865:30:05,1,02
15:37:18,0.07451,215.10,0.42851,6.88309,5.02465,29.2839,36.02381,49.96,0865:30:06,1,02
15:37:19,0.0748,215.20,0.42984,6.93334,5.06134,29.2839,36.02381,49.98,0865:30:07,1,02
15:37:20,0.07459,215.20,0.42943,6.90915,5.04368,29.2839,36.02381,49.98,0865:30:08,1,02
15:37:21,0.07441,215.20,0.42948,6.8924,5.03145,29.28391,36.02381,49.98,0865:30:09,1,02
15:37:22,0.07408,215.30,0.43165,6.89984,5.03688,29.28391,36.02382,49.98,0865:30:10,1,02
15:37:23,0.07441,215.20,0.43109,6.91659,5.04911,29.28391,36.02382,49.99,0865:30:11,1,02
15:37:24,0.07433,215.00,0.43005,6.88867,5.02873,29.28391,36.02382,49.99,0865:30:12,1,02
15:37:25,0.07426,215.00,0.43045,6.88867,5.02873,29.28391,36.02382,49.99,0865:30:13,1,02
15:37:27,0.07477,215.10,0.42804,6.89798,5.03552,29.28391,36.02383,49.99,0865:30:14,1,02
15:37:28,0.07488,215.10,0.42964,6.93334,5.06134,29.28391,36.02383,49.98,0865:30:15,1,02
15:37:29,0.07433,215.00,0.4303,6.89426,5.03281,29.28391,36.02383,49.98,0865:30:16,1,02
15:37:30,0.07459,215.10,0.42869,6.8924,5.03145,29.28391,36.02383,49.98,0865:30:17,1,02
15:37:31,0.0747,215.10,0.42799,6.8924,5.03145,29.28391,36.02383,49.98,0865:30:18,1,02
15:37:32,0.07492,215.10,0.42716,6.89798,5.03552,29.28392,36.02383,49.99,0865:30:19,1,02
15:37:33,0.07459,215.00,0.42809,6.88123,5.0233,29.28392,36.02383,49.99,0865:30:20,1,02
15:37:34,0.07459,215.00,0.42809,6.88123,5.0233,29.28392,36.02383,49.99,0865:30:20,1,02
15:37:35,0.07473,214.90,0.42783,6.88495,5.02601,29.28392,36.02385,49.99,0865:30:22,1,02
15:37:36,0.07477,215.00,0.42813,6.89612,5.03417,29.28392,36.02385,49.99,0865:30:23,1,02
15:37:37,0.07513,214.70,0.42507,6.87378,5.01786,29.28392,36.02385,50.01,0865:30:24,1,02
15:37:38,0.07488,214.80,0.42646,6.87564,5.01922,29.28394,36.02385,50.00,0865:30:25,1,02
15:37:39,0.0747,214.70,0.42786,6.8775,5.02058,29.28394,36.02386,50.00,0865:30:26,1,02
15:37:40,0.07484,214.70,0.42834,6.89798,5.03552,29.28394,36.02386,50.00,0865:30:27,1,02
15:37:41,0.07517,214.60,0.42851,6.92776,5.05726,29.28394,36.02386,50.00,0865:30:28,1,02
15:37:42,0.0752,214.30,0.42671,6.8924,5.03145,29.28394,36.02386,50.01,0865:30:29,1,02
15:37:43,0.0747,214.50,0.42766,6.86634,5.01243,29.28395,36.02386,50.01,0865:30:30,1,02
15:37:44,0.0748,214.50,0.42788,6.87937,5.02194,29.28395,36.02386,50.01,0865:30:31,1,02
15:37:45,0.07455,214.30,0.42978,6.88123,5.0233,29.28395,36.02386,50.01,0865:30:32,1,02
15:37:46,0.07484,214.30,0.42855,6.88867,5.02873,29.28395,36.02388,50.00,0865:30:33,1,02
15:37:47,0.07502,214.10,0.42819,6.8924,5.03145,29.28395,36.02388,50.00,0865:30:34,1,02
15:37:48,0.07506,214.10,0.43101,6.94265,5.06813,29.28395,36.02388,50.00,0865:30:35,1,02
15:37:49,0.07484,214.00,0.42894,6.88681,5.02737,29.28395,36.02388,50.00,0865:30:36,1,02
15:37:50,0.07495,213.90,0.42993,6.90915,5.04368,29.28395,36.02389,50.01,0865:30:37,1,02
15:37:51,0.07492,213.90,0.42839,6.88123,5.0233,29.28395,36.02389,50.01,0865:30:38,1,02
15:37:52,0.07484,213.90,0.4291,6.88309,5.02465,29.28395,36.02389,50.00,0865:30:39,1,02
15:37:53,0.07502,213.80,0.43004,6.91101,5.04504,29.28396,36.02389,50.00,0865:30:40,1,02
15:37:54,0.0748,213.70,0.42927,6.87937,5.02194,29.28396,36.0239,50.00,0865:30:41,1,02
15:37:55,0.07488,213.70,0.43001,6.89612,5.03417,29.28396,36.0239,50.00,0865:30:43,1,02
15:37:56,0.07492,213.80,0.43054,6.91101,5.04504,29.28396,36.0239,50.01,0865:30:44,1,02
15:37:57,0.0748,213.90,0.4293,6.88309,5.02465,29.28396,36.0239,50.00,0865:30:45,1,02
15:37:58,0.07499,213.80,0.42877,6.89053,5.03009,29.28398,36.02391,50.00,0865:30:46,1,02
15:37:59,0.07499,213.80,0.42877,6.89053,5.03009,29.28398,36.02391,50.00,0865:30:46,1,02
15:38:00,0.07506,214.00,0.42809,6.8924,5.03145,29.28398,36.02391,50.00,0865:30:47,1,02
15:38:01,0.07528,214.10,0.42671,6.8924,5.03145,29.28398,36.02391,50.00,0865:30:48,1,02
15:38:02,0.07557,214.10,0.4271,6.92404,5.05455,29.28398,36.02391,50.00,0865:30:49,1,02
15:38:03,0.07513,214.10,0.42821,6.90542,5.04096,29.28398,36.02391,50.00,0865:30:50,1,02
15:38:04,0.07502,214.20,0.42822,6.89612,5.03417,29.28399,36.02391,49.98,0865:30:51,1,02
15:38:05,0.07484,214.20,0.43024,6.91101,5.04504,29.28399,36.02391,49.98,0865:30:52,1,02
15:38:06,0.07502,214.20,0.42882,6.90729,5.04232,29.28399,36.02393,50.00,0865:30:53,1,02
15:38:07,0.07492,214.20,0.43057,6.9259,5.05591,29.28399,36.02393,50.00,0865:30:54,1,02
15:38:08,0.07492,214.30,0.42932,6.90729,5.04232,29.28399,36.02393,49.98,0865:30:55,1,02
15:38:09,0.0752,214.30,0.42948,6.93707,5.06406,29.28399,36.02393,49.98,0865:30:56,1,02
15:38:10,0.07484,214.40,0.42895,6.89984,5.03688,29.28399,36.02394,49.99,0865:30:57,1,02
15:38:11,0.07513,214.20,0.42686,6.88681,5.02737,29.28399,36.02394,49.99,0865:30:58,1,02
15:38:12,0.07513,214.30,0.42883,6.92031,5.05183,29.28399,36.02394,49.99,0865:30:59,1,02
15:38:13,0.07495,214.70,0.42925,6.92218,5.05319,29.28399,36.02394,49.99,0865:31:00,1,02
15:38:14,0.0752,214.80,0.42847,6.9352,5.0627,29.284,36.02394,49.98,0865:31:01,1,02
15:38:15,0.07484,214.80,0.42674,6.87378,5.01786,29.284,36.02394,49.98,0865:31:03,1,02
15:38:16,0.0748,214.70,0.42913,6.90915,5.04368,29.284,36.02394,49.99,0865:31:04,1,02
15:38:17,0.07484,214.70,0.42728,6.87937,5.02194,29.284,36.02396,49.99,0865:31:05,1,02
15:38:18,0.07488,214.50,0.42879,6.90356,5.0396,29.284,36.02396,49.99,0865:31:06,1,02
15:38:19,0.07524,214.50,0.42726,6.90915,5.04368,29.28402,36.02396,49.99,0865:31:07,1,02
15:38:20,0.07564,214.40,0.42649,6.93334,5.06134,29.28402,36.02396,49.99,0865:31:08,1,02
15:38:21,0.07502,214.50,0.42867,6.91287,5.04639,29.28402,36.02397,49.99,0865:31:09,1,02
15:38:22,0.07531,214.50,0.42665,6.90729,5.04232,29.28402,36.02397,49.99,0865:31:10,1,02
15:38:23,0.07531,214.50,0.42665,6.90729,5.04232,29.28402,36.02397,49.99,0865:31:10,1,02
15:38:24,0.07492,214.60,0.42837,6.9017,5.03824,29.28402,36.02397,49.98,0865:31:11,1,02
15:38:25,0.07488,214.60,0.42659,6.8682,5.01378,29.28403,36.02397,49.98,0865:31:12,1,02
15:38:26,0.07477,214.50,0.42821,6.88309,5.02465,29.28403,36.02398,49.96,0865:31:13,1,02
15:38:27,0.07492,214.50,0.4273,6.88123,5.0233,29.28403,36.02398,49.96,0865:31:14,1,02
15:38:28,0.07553,214.50,0.42801,6.9501,5.07357,29.28403,36.02398,49.96,0865:31:15,1,02
15:38:29,0.07517,214.40,0.4265,6.89053,5.03009,29.28403,36.02398,49.96,0865:31:16,1,02
15:38:30,0.07535,214.30,0.42698,6.91101,5.04504,29.28403,36.02399,49.96,0865:31:17,1,02
15:38:31,0.07499,214.60,0.42821,6.90542,5.04096,29.28403,36.02399,49.96,0865:31:18,1,02
15:38:32,0.07502,214.70,0.42897,6.92404,5.05455,29.28403,36.02399,49.95,0865:31:19,1,02
15:38:33,0.07488,214.70,0.42851,6.90542,5.04096,29.28403,36.02399,49.95,0865:31:20,1,02
15:38:34,0.07509,214.70,0.42778,6.91287,5.04639,29.28403,36.02399,49.95,0865:31:21,1,02
15:38:35,0.07484,214.70,0.42545,6.85145,5.00156,29.28404,36.02399,49.95,0865:31:22,1,02
15:38:36,0.07459,214.90,0.42806,6.8775,5.02058,29.28404,36.02399,49.96,0865:31:24,1,02
15:38:37,0.07477,214.80,0.42902,6.90729,5.04232,29.28404,36.02401,49.96,0865:31:25,1,02
15:38:38,0.07484,214.90,0.42794,6.89798,5.03552,29.28404,36.02401,49.95,0865:31:26,1,02
15:38:39,0.0752,214.70,0.42606,6.89612,5.03417,29.28404,36.02401,49.96,0865:31:27,1,02
15:38:40,0.0748,214.80,0.4295,6.91659,5.04911,29.28406,36.02401,49.96,0865:31:28,1,02
15:38:41,0.07484,214.70,0.42836,6.89984,5.03688,29.28406,36.02402,49.95,0865:31:29,1,02
15:38:42,0.0747,214.70,0.42912,6.89612,5.03417,29.28406,36.02402,49.95,0865:31:30,1,02
15:38:43,0.07466,214.60,0.42943,6.89798,5.03552,29.28406,36.02402,49.96,0865:31:31,1,02
15:38:44,0.07495,214.50,0.42839,6.90356,5.0396,29.28406,36.02402,49.96,0865:31:32,1,02
15:38:45,0.07462,214.50,0.42935,6.88867,5.02873,29.28407,36.02402,49.95,0865:31:33,1,02
15:38:46,0.07448,214.40,0.42814,6.85331,5.00291,29.28407,36.02402,49.95,0865:31:34,1,02
15:38:47,0.07506,214.50,0.42964,6.93334,5.06134,29.28407,36.02402,49.96,0865:31:35,1,02
15:38:48,0.07462,214.50,0.42922,6.88495,5.02601,29.28407,36.02404,49.96,0865:31:36,1,02
15:38:49,0.07462,214.50,0.42922,6.88495,5.02601,29.28407,36.02404,49.96,0865:31:36,1,02
15:38:50,0.07513,214.50,0.42762,6.90542,5.04096,29.28407,36.02404,49.95,0865:31:37,1,02
15:38:51,0.0747,214.50,0.43033,6.90915,5.04368,29.28407,36.02404,49.95,0865:31:38,1,02
15:38:52,0.0747,214.70,0.43074,6.92218,5.05319,29.28407,36.02404,49.96,0865:31:39,1,02
15:38:53,0.07455,214.70,0.43084,6.91101,5.04504,29.28407,36.02404,49.96,0865:31:40,1,02
15:38:54,0.07477,214.70,0.43001,6.91845,5.05047,29.28407,36.02404,49.96,0865:31:41,1,02
15:38:55,0.0748,214.70,0.42948,6.91473,5.04775,29.28407,36.02404,49.96,0865:31:42,1,02
15:38:56,0.07455,214.70,0.42991,6.89612,5.03417,29.28408,36.02404,49.98,0865:31:44,1,02
15:38:57,0.0748,214.70,0.42935,6.91101,5.04504,29.28408,36.02406,49.98,0865:31:45,1,02
15:38:58,0.07473,214.60,0.429,6.89426,5.03281,29.28408,36.02406,49.98,0865:31:46,1,02
15:38:59,0.07492,214.50,0.42755,6.88681,5.02737,29.28408,36.02406,49.98,0865:31:47,1,02
15:39:00,0.0747,214.50,0.42905,6.88867,5.02873,29.28408,36.02407,49.98,0865:31:48,1,02
15:39:01,0.0747,214.40,0.4288,6.88309,5.02465,29.2841,36.02407,49.98,0865:31:49,1,02
15:39:02,0.07477,214.40,0.42956,6.9017,5.03824,29.2841,36.02407,49.98,0865:31:50,1,02
15:39:03,0.07473,214.50,0.42956,6.9017,5.03824,29.2841,36.02407,49.98,0865:31:51,1,02
15:39:04,0.0747,214.50,0.42905,6.88867,5.02873,29.2841,36.02407,49.98,0865:31:52,1,02
15:39:05,0.07473,214.50,0.43024,6.91101,5.04504,29.28411,36.02407,49.98,0865:31:53,1,02
15:39:06,0.07459,214.60,0.42991,6.89612,5.03417,29.28411,36.02407,49.98,0865:31:54,1,02
15:39:07,0.07492,214.60,0.42953,6.92031,5.05183,29.28411,36.02407,49.99,0865:31:55,1,02
15:39:08,0.07473,214.60,0.42879,6.8924,5.03145,29.28411,36.02409,49.99,0865:31:56,1,02
15:39:09,0.0748,214.60,0.42907,6.9017,5.03824,29.28411,36.02409,49.99,0865:31:57,1,02
15:39:10,0.07466,214.50,0.42938,6.8924,5.03145,29.28411,36.02409,49.99,0865:31:58,1,02
15:39:11,0.07484,214.60,0.43118,6.93893,5.06542,29.28411,36.02409,50.00,0865:31:59,1,02
15:39:12,0.07495,214.80,0.4293,6.92776,5.05726,29.28411,36.0241,50.00,0865:32:00,1,02
15:39:13,0.07495,214.80,0.4293,6.92776,5.05726,29.28411,36.0241,50.00,0865:32:00,1,02
15:39:14,0.0747,214.80,0.4295,6.90542,5.04096,29.28411,36.0241,49.99,0865:32:01,1,02
15:39:15,0.07455,214.70,0.42923,6.88681,5.02737,29.28411,36.0241,49.99,0865:32:02,1,02
15:39:16,0.07448,214.80,0.43013,6.89798,5.03552,29.28412,36.02411,50.00,0865:32:03,1,02
15:39:17,0.07495,214.90,0.4291,6.92776,5.05726,29.28412,36.02411,50.00,0865:32:05,1,02
15:39:18,0.07492,215.00,0.42804,6.90915,5.04368,29.28412,36.02411,49.99,0865:32:06,1,02
15:39:19,0.0748,214.90,0.42872,6.90729,5.04232,29.28412,36.02411,49.99,0865:32:07,1,02
15:39:20,0.07459,215.00,0.42923,6.89798,5.03552,29.28412,36.02412,50.00,0865:32:08,1,02
15:39:21,0.07462,215.10,0.42918,6.90356,5.0396,29.28414,36.02412,50.01,0865:32:09,1,02
15:39:23,0.07455,214.90,0.42801,6.87192,5.0165,29.28414,36.02412,50.01,0865:32:10,1,02
15:39:24,0.07524,215.00,0.42583,6.90356,5.0396,29.28414,36.02412,50.01,0865:32:11,1,02
15:39:25,0.07506,215.10,0.42765,6.92031,5.05183,29.28414,36.02412,50.01,0865:32:12,1,02
15:39:26,0.07455,215.00,0.4292,6.89426,5.03281,29.28414,36.02412,50.03,0865:32:13,1,02
15:39:27,0.07466,214.90,0.42846,6.88867,5.02873,29.28415,36.02412,50.03,0865:32:14,1,02
15:39:28,0.07459,214.90,0.42933,6.89798,5.03552,29.28415,36.02412,50.01,0865:32:15,1,02
15:39:29,0.07477,214.90,0.42718,6.87937,5.02194,29.28415,36.02414,50.01,0865:32:16,1,02
15:39:30,0.07502,214.90,0.42847,6.92404,5.05455,29.28415,36.02414,50.03,0865:32:17,1,02
15:39:31,0.07455,215.00,0.42851,6.88309,5.02465,29.28415,36.02414,50.03,0865:32:18,1,02
15:39:32,0.07477,214.90,0.42788,6.89053,5.03009,29.28415,36.02415,50.01,0865:32:19,1,02
15:39:33,0.07466,214.90,0.43042,6.92031,5.05183,29.28415,36.02415,50.01,0865:32:20,1,02
15:39:34,0.0747,214.90,0.42758,6.87937,5.02194,29.28415,36.02415,50.03,0865:32:21,1,02
15:39:35,0.07441,214.80,0.42982,6.88495,5.02601,29.28415,36.02415,50.03,0865:32:22,1,02
15:39:36,0.07455,214.80,0.42892,6.88495,5.02601,29.28415,36.02415,50.03,0865:32:23,1,02
15:39:37,0.07499,214.80,0.43002,6.94265,5.06813,29.28416,36.02415,50.03,0865:32:24,1,02
15:39:38,0.07499,214.70,0.4279,6.90356,5.0396,29.28416,36.02415,50.03,0865:32:26,1,02
15:39:39,0.07499,214.70,0.4279,6.90356,5.0396,29.28416,36.02415,50.03,0865:32:26,1,02
15:39:40,0.0748,214.80,0.42902,6.90729,5.04232,29.28416,36.02415,50.03,0865:32:27,1,02
15:39:41,0.07477,214.70,0.42956,6.91287,5.04639,29.28416,36.02417,50.01,0865:32:28,1,02
15:39:42,0.0752,214.80,0.43,6.96312,5.08308,29.28416,36.02417,50.00,0865:32:29,1,02
15:39:43,0.07459,214.80,0.43046,6.91287,5.04639,29.28418,36.02417,50.00,0865:32:30,1,02
15:39:44,0.0747,214.80,0.42884,6.89798,5.03552,29.28418,36.02417,50.00,0865:32:31,1,02
15:39:45,0.07513,214.60,0.4279,6.91473,5.04775,29.28418,36.02418,50.00,0865:32:32,1,02
15:39:46,0.07484,214.70,0.4287,6.90542,5.04096,29.28418,36.02418,50.00,0865:32:33,1,02
15:39:47,0.07459,214.60,0.42922,6.88495,5.02601,29.28418,36.02418,50.00,0865:32:34,1,02
15:39:48,0.07466,214.70,0.42839,6.88123,5.0233,29.28419,36.02419,50.00,0865:32:35,1,02
15:39:49,0.07502,214.60,0.4294,6.92776,5.05726,29.28419,36.02419,50.00,0865:32:36,1,02
15:39:50,0.07448,214.60,0.42925,6.8775,5.02058,29.28419,36.02419,49.99,0865:32:37,1,02
15:39:51,0.07422,214.50,0.43049,6.87006,5.01514,29.28419,36.02419,49.99,0865:32:38,1,02
15:39:52,0.07459,214.50,0.4293,6.88309,5.02465,29.28419,36.0242,49.99,0865:32:39,1,02
15:39:53,0.07488,214.50,0.42773,6.88495,5.02601,29.28419,36.0242,49.99,0865:32:40,1,02
15:39:54,0.07499,214.30,0.42951,6.91845,5.05047,29.28419,36.0242,49.98,0865:32:41,1,02
15:39:55,0.07477,214.30,0.42952,6.89612,5.03417,29.28419,36.0242,49.98,0865:32:42,1,02
15:39:56,0.07492,214.30,0.42737,6.8775,5.02058,29.28419,36.0242,49.98,0865:32:43,1,02
15:39:57,0.07509,214.30,0.42798,6.9017,5.03824,29.28419,36.0242,49.98,0865:32:44,1,02
15:39:58,0.07502,214.40,0.42808,6.9017,5.03824,29.2842,36.0242,49.96,0865:32:46,1,02
15:39:59,0.07506,214.50,0.42709,6.89053,5.03009,29.2842,36.0242,49.96,0865:32:47,1,02
15:40:00,0.07506,214.50,0.42895,6.92218,5.05319,29.2842,36.02422,49.98,0865:32:48,1,02
15:40:01,0.0748,214.60,0.42851,6.89426,5.03281,29.2842,36.02422,49.96,0865:32:49,1,02
15:40:02,0.07488,214.60,0.42813,6.89612,5.03417,29.2842,36.02422,49.96,0865:32:50,1,02
15:40:03,0.07517,214.60,0.42883,6.93148,5.05998,29.28422,36.02423,49.95,0865:32:51,1,02
15:40:04,0.07517,214.60,0.42883,6.93148,5.05998,29.28422,36.02423,49.95,0865:32:51,1,02
15:40:05,0.07488,214.30,0.42928,6.90356,5.0396,29.28422,36.02423,49.95,0865:32:52,1,02
15:40:06,0.07462,214.30,0.42801,6.86075,5.00835,29.28422,36.02423,49.96,0865:32:53,1,02
15:40:07,0.07433,214.40,0.42811,6.83842,4.99204,29.28422,36.02423,49.96,0865:32:54,1,02
15:40:08,0.07513,214.50,0.42961,6.94079,5.06678,29.28422,36.02423,49.96,0865:32:55,1,02
15:40:09,0.07477,214.40,0.42817,6.87937,5.02194,29.28423,36.02423,49.96,0865:32:56,1,02
15:40:10,0.07448,214.30,0.43146,6.9017,5.03824,29.28423,36.02423,49.95,0865:32:57,1,02
15:40:11,0.07444,214.10,0.43055,6.8775,5.02058,29.28423,36.02423,49.95,0865:32:58,1,02
15:40:12,0.07513,214.00,0.42945,6.92218,5.05319,29.28423,36.02425,49.96,0865:32:59,1,02
15:40:13,0.0752,214.00,0.42743,6.89612,5.03417,29.28423,36.02425,49.96,0865:33:00,1,02
15:40:14,0.07506,214.10,0.43021,6.92962,5.05862,29.28424,36.02425,49.94,0865:33:01,1,02
15:40:15,0.07459,214.20,0.42957,6.87937,5.02194,29.28424,36.02425,49.94,0865:33:02,1,02
15:40:16,0.07477,214.20,0.42986,6.9017,5.03824,29.28424,36.02426,49.95,0865:33:03,1,02
15:40:17,0.07466,214.20,0.43066,6.9017,5.03824,29.28424,36.02426,49.95,0865:33:04,1,02
15:40:18,0.07502,214.10,0.42844,6.89798,5.03552,29.28424,36.02426,49.96,0865:33:05,1,02
15:40:19,0.07477,214.00,0.43015,6.89984,5.03688,29.28424,36.02427,49.96,0865:33:07,1,02
15:40:20,0.07513,214.00,0.42943,6.92031,5.05183,29.28424,36.02427,49.96,0865:33:08,1,02
15:40:21,0.07459,214.10,0.43035,6.88867,5.02873,29.28424,36.02427,49.96,0865:33:09,1,02
15:40:22,0.0752,214.10,0.42686,6.88681,5.02737,29.28424,36.02427,49.95,0865:33:10,1,02
15:40:23,0.0748,214.20,0.43024,6.91101,5.04504,29.28424,36.02428,49.96,0865:33:11,1,02
15:40:24,0.07459,214.40,0.43031,6.89612,5.03417,29.28426,36.02428,49.96,0865:33:12,1,02
15:40:25,0.07437,214.40,0.43093,6.88681,5.02737,29.28426,36.02428,49.98,0865:33:13,1,02
15:40:26,0.07477,214.30,0.43117,6.9259,5.05591,29.28426,36.02428,49.98,0865:33:14,1,02
15:40:27,0.0752,214.20,0.42796,6.91101,5.04504,29.28426,36.02428,49.96,0865:33:15,1,02
15:40:28,0.0748,214.10,0.42973,6.89798,5.03552,29.28426,36.02428,49.96,0865:33:16,1,02
15:40:29,0.07462,214.30,0.43149,6.91659,5.04911,29.28427,36.02428,49.96,0865:33:17,1,02
15:40:30,0.07462,214.30,0.43149,6.91659,5.04911,29.28427,36.02428,49.96,0865:33:17,1,02
15:40:31,0.07462,214.20,0.43006,6.89053,5.03009,29.28427,36.02428,49.96,0865:33:18,1,02
15:40:32,0.0743,214.30,0.4307,6.87192,5.0165,29.28427,36.0243,49.96,0865:33:19,1,02
15:40:33,0.07492,214.20,0.42812,6.88495,5.02601,29.28427,36.0243,49.96,0865:33:20,1,02
15:40:34,0.07484,214.20,0.43051,6.91845,5.05047,29.28427,36.0243,49.96,0865:33:21,1,02
15:40:35,0.07455,214.20,0.43045,6.88867,5.02873,29.28428,36.02431,49.96,0865:33:22,1,02
15:40:36,0.07488,214.30,0.42905,6.89984,5.03688,29.28428,36.02431,49.95,0865:33:23,1,02
15:40:37,0.07484,214.40,0.42836,6.88867,5.02873,29.28428,36.02431,49.95,0865:33:24,1,02
15:40:38,0.07581,214.50,0.42563,6.9352,5.0627,29.28428,36.02431,49.95,0865:33:25,1,02
15:40:39,0.07473,214.50,0.42827,6.87937,5.02194,29.28428,36.02431,49.95,0865:33:26,1,02
15:40:40,0.07473,214.50,0.42852,6.88495,5.02601,29.28428,36.02431,49.95,0865:33:28,1,02
15:40:41,0.07473,214.60,0.4289,6.89426,5.03281,29.28428,36.02431,49.95,0865:33:29,1,02
15:40:42,0.07492,214.50,0.42846,6.89984,5.03688,29.28428,36.02431,49.95,0865:33:30,1,02
15:40:43,0.07473,214.40,0.42884,6.88681,5.02737,29.28428,36.02433,49.95,0865:33:31,1,02
15:40:44,0.07506,214.40,0.42903,6.92031,5.05183,29.28428,36.02433,49.95,0865:33:32,1,02
15:40:45,0.07444,214.70,0.42852,6.86261,5.00971,29.2843,36.02433,49.98,0865:33:33,1,02
15:40:46,0.07459,214.80,0.4287,6.88309,5.02465,29.2843,36.02433,49.98,0865:33:34,1,02
15:40:47,0.07509,214.80,0.42826,6.92218,5.05319,29.2843,36.02434,49.98,0865:33:35,1,02
15:40:48,0.07459,214.70,0.42927,6.89053,5.03009,29.2843,36.02434,49.98,0865:33:36,1,02
15:40:49,0.0752,214.70,0.42971,6.95196,5.07493,29.2843,36.02434,49.98,0865:33:37,1,02
15:40:50,0.07462,214.40,0.42839,6.87006,5.01514,29.28431,36.02435,49.98,0865:33:38,1,02
15:40:51,0.07502,214.50,0.42788,6.9017,5.03824,29.28431,36.02435,49.98,0865:33:39,1,02
15:40:52,0.0752,214.60,0.42658,6.89984,5.03688,29.28431,36.02435,49.98,0865:33:40,1,02
15:40:53,0.07484,214.50,0.42806,6.88867,5.02873,29.28431,36.02435,49.98,0865:33:41,1,02
15:40:54,0.07513,214.60,0.42732,6.90542,5.04096,29.28431,36.02436,49.98,0865:33:42,1,02
15:40:55,0.07499,214.60,0.42832,6.90729,5.04232,29.28432,36.02436,49.99,0865:33:43,1,02
15:40:56,0.07499,214.60,0.42832,6.90729,5.04232,29.28432,36.02436,49.99,0865:33:43,1,02
15:40:57,0.07502,214.70,0.42816,6.91101,5.04504,29.28432,36.02436,49.99,0865:33:44,1,02
15:40:58,0.07517,214.70,0.42714,6.90729,5.04232,29.28432,36.02436,49.99,0865:33:45,1,02
15:40:59,0.07502,214.70,0.42827,6.91287,5.04639,29.28432,36.02436,49.99,0865:33:46,1,02
15:41:00,0.07477,214.70,0.42771,6.88309,5.02465,29.28432,36.02436,50.00,0865:33:47,1,02
15:41:01,0.07517,214.70,0.42762,6.91659,5.04911,29.28432,36.02436,50.00,0865:33:49,1,02
15:41:02,0.07488,214.60,0.42709,6.87937,5.02194,29.28432,36.02438,50.00,0865:33:50,1,02
15:41:03,0.07499,214.60,0.42926,6.92404,5.05455,29.28432,36.02438,50.00,0865:33:51,1,02
15:41:04,0.0748,214.50,0.42814,6.88681,5.02737,29.28432,36.02438,50.01,0865:33:52,1,02
15:41:05,0.07462,214.60,0.42925,6.88867,5.02873,29.28432,36.02438,50.00,0865:33:53,1,02
15:41:06,0.07466,214.50,0.42879,6.88123,5.0233,29.28434,36.02439,50.00,0865:33:54,1,02
15:41:07,0.07492,214.50,0.42778,6.89053,5.03009,29.28434,36.02439,50.00,0865:33:55,1,02
15:41:08,0.07495,214.50,0.43011,6.92962,5.05862,29.28434,36.02439,50.00,0865:33:56,1,02
15:41:09,0.07455,214.40,0.43075,6.89984,5.03688,29.28434,36.02439,50.00,0865:33:57,1,02
15:41:10,0.07459,214.50,0.43058,6.90356,5.0396,29.28434,36.02439,50.00,0865:33:58,1,02
15:41:11,0.07495,214.50,0.4286,6.90542,5.04096,29.28435,36.02439,50.00,0865:33:59,1,02
15:41:12,0.07488,214.40,0.42885,6.89984,5.03688,29.28435,36.02439,50.00,0865:34:00,1,02
15:41:13,0.07441,214.50,0.43077,6.89053,5.03009,29.28435,36.02439,49.99,0865:34:01,1,02
15:41:14,0.07444,214.40,0.43055,6.88867,5.02873,29.28435,36.02441,49.99,0865:34:02,1,02
15:41:15,0.07462,214.40,0.43083,6.90915,5.04368,29.28435,36.02441,49.99,0865:34:03,1,02
15:41:17,0.07531,214.40,0.42892,6.94079,5.06678,29.28436,36.02441,49.99,0865:34:04,1,02
15:41:18,0.07466,214.40,0.42947,6.89053,5.03009,29.28436,36.02441,49.98,0865:34:05,1,02
15:41:19,0.07462,214.40,0.42953,6.88681,5.02737,29.28436,36.02441,49.98,0865:34:06,1,02
15:41:20,0.07499,214.40,0.42953,6.92031,5.05183,29.28436,36.02441,49.99,0865:34:07,1,02
15:41:21,0.07473,214.30,0.43019,6.90542,5.04096,29.28436,36.02441,49.99,0865:34:08,1,02
15:41:22,0.07473,214.30,0.43019,6.90542,5.04096,29.28436,36.02441,49.99,0865:34:08,1,02
15:41:23,0.07509,214.20,0.42819,6.90356,5.0396,29.28436,36.02443,49.96,0865:34:10,1,02
15:41:24,0.0748,214.30,0.42946,6.9017,5.03824,29.28436,36.02443,49.96,0865:34:11,1,02
15:41:25,0.07473,214.30,0.42962,6.89612,5.03417,29.28436,36.02443,49.96,0865:34:12,1,02
15:41:26,0.07506,214.40,0.42788,6.9017,5.03824,29.28436,36.02443,49.96,0865:34:13,1,02
15:41:27,0.07517,214.40,0.42729,6.9017,5.03824,29.28436,36.02444,49.96,0865:34:14,1,02
15:41:28,0.07509,214.40,0.42755,6.89798,5.03552,29.28438,36.02444,49.95,0865:34:15,1,02
15:41:29,0.0752,214.40,0.42905,6.93334,5.06134,29.28438,36.02444,49.95,0865:34:16,1,02
15:41:30,0.07466,214.40,0.42608,6.8347,4.98933,29.28438,36.02444,49.96,0865:34:17,1,02
15:41:31,0.07495,214.50,0.42814,6.89798,5.03552,29.28438,36.02444,49.96,0865:34:18,1,02
15:41:32,0.07557,214.40,0.42353,6.87564,5.01922,29.28438,36.02444,49.96,0865:34:19,1,02
15:41:33,0.07509,214.30,0.42707,6.88867,5.02873,29.28439,36.02444,49.96,0865:34:20,1,02
15:41:34,0.07542,214.30,0.42877,6.94637,5.07085,29.28439,36.02446,49.96,0865:34:21,1,02
15:41:35,0.07506,214.30,0.42796,6.89984,5.03688,29.28439,36.02446,49.96,0865:34:22,1,02
15:41:36,0.07524,214.30,0.42745,6.90915,5.04368,29.28439,36.02446,49.96,0865:34:23,1,02
15:41:37,0.07578,214.30,0.42509,6.91845,5.05047,29.28439,36.02446,49.96,0865:34:24,1,02
15:41:38,0.07557,214.10,0.42575,6.90542,5.04096,29.2844,36.02447,49.96,0865:34:25,1,02
15:41:39,0.07528,214.10,0.42752,6.90542,5.04096,29.2844,36.02447,49.96,0865:34:26,1,02
15:41:40,0.07506,214.10,0.4287,6.90542,5.04096,29.2844,36.02447,49.96,0865:34:27,1,02
15:41:41,0.0756,214.10,0.42818,6.94637,5.07085,29.2844,36.02447,49.96,0865:34:28,1,02
15:41:42,0.07499,214.10,0.42897,6.9017,5.03824,29.2844,36.02448,49.95,0865:34:30,1,02
15:41:43,0.07509,214.10,0.42803,6.89612,5.03417,29.2844,36.02448,49.95,0865:34:31,1,02
15:41:44,0.0752,214.00,0.42857,6.91287,5.04639,29.2844,36.02448,49.96,0865:34:32,1,02
15:41:45,0.07517,214.00,0.42819,6.90356,5.0396,29.2844,36.02449,49.96,0865:34:33,1,02
15:41:46,0.07517,214.00,0.42819,6.90356,5.0396,29.2844,36.02449,49.96,0865:34:33,1,02
15:41:47,0.07549,213.90,0.42639,6.89984,5.03688,29.2844,36.02449,49.96,0865:34:34,1,02
15:41:48,0.07531,214.00,0.43061,6.95382,5.07629,29.2844,36.02449,49.96,0865:34:35,1,02
15:41:49,0.07488,214.00,0.42768,6.8682,5.01378,29.28442,36.02449,49.96,0865:34:36,1,02
15:41:50,0.07506,214.00,0.42925,6.91101,5.04504,29.28442,36.02449,49.96,0865:34:37,1,02
15:41:51,0.07524,214.10,0.4276,6.90356,5.0396,29.28442,36.02449,49.96,0865:34:38,1,02
15:41:52,0.07517,214.20,0.42813,6.90729,5.04232,29.28442,36.02449,49.98,0865:34:39,1,02
15:41:53,0.07495,214.00,0.42961,6.90729,5.04232,29.28443,36.02449,49.98,0865:34:40,1,02
15:41:54,0.0748,213.70,0.42855,6.86634,5.01243,29.28443,36.02451,49.96,0865:34:41,1,02
15:41:55,0.07517,213.30,0.42806,6.8775,5.02058,29.28443,36.02451,49.96,0865:34:42,1,02
15:41:56,0.07553,213.20,0.42643,6.88309,5.02465,29.28443,36.02451,49.95,0865:34:43,1,02
15:41:57,0.0756,213.50,0.42602,6.8924,5.03145,29.28443,36.02451,49.95,0865:34:44,1,02
15:41:58,0.07528,213.80,0.42788,6.9017,5.03824,29.28444,36.02452,49.96,0865:34:45,1,02
15:41:59,0.07513,214.00,0.42735,6.88681,5.02737,29.28444,36.02452,49.96,0865:34:46,1,02
15:42:00,0.07528,214.10,0.42567,6.87564,5.01922,29.28444,36.02452,49.98,0865:34:47,1,02
15:42:01,0.07578,214.20,0.42643,6.93707,5.06406,29.28444,36.02452,49.98,0865:34:48,1,02
15:42:02,0.07581,214.10,0.42553,6.92404,5.05455,29.28444,36.02452,49.96,0865:34:49,1,02
15:42:03,0.07585,214.50,0.42466,6.92404,5.05455,29.28444,36.02452,49.96,0865:34:51,1,02
15:42:04,0.07502,214.70,0.42827,6.91287,5.04639,29.28444,36.02452,49.96,0865:34:52,1,02
15:42:05,0.07513,214.60,0.42674,6.89612,5.03417,29.28444,36.02454,49.96,0865:34:53,1,02
15:42:06,0.07528,214.60,0.42642,6.90356,5.0396,29.28444,36.02454,49.98,0865:34:54,1,02
15:42:07,0.07535,214.80,0.42782,6.93893,5.06542,29.28444,36.02454,49.98,0865:34:55,1,02
15:42:08,0.07448,214.80,0.42688,6.84586,4.99748,29.28446,36.02454,49.98,0865:34:56,1,02
15:42:09,0.0747,214.90,0.42722,6.87192,5.0165,29.28446,36.02455,49.98,0865:34:57,1,02
15:42:10,0.07488,214.80,0.42565,6.86261,5.00971,29.28446,36.02455,49.98,0865:34:58,1,02
15:42:11,0.07488,214.80,0.42565,6.86261,5.00971,29.28446,36.02455,49.98,0865:34:58,1,02
15:42:12,0.07502,214.80,0.4266,6.89053,5.03009,29.28446,36.02455,49.98,0865:34:59,1,02
15:42:13,0.07448,214.60,0.42914,6.87564,5.01922,29.28446,36.02455,49.98,0865:35:00,1,02
15:42:14,0.07459,214.60,0.42875,6.8775,5.02058,29.28447,36.02456,49.99,0865:35:01,1,02
15:42:15,0.07509,214.40,0.42907,6.92404,5.05455,29.28447,36.02456,49.99,0865:35:02,1,02
15:42:16,0.07484,214.40,0.42836,6.88867,5.02873,29.28447,36.02456,49.99,0865:35:03,1,02
15:42:17,0.07488,214.30,0.42791,6.88309,5.02465,29.28447,36.02457,49.99,0865:35:04,1,02
15:42:18,0.07499,214.40,0.42756,6.88867,5.02873,29.28447,36.02457,49.99,0865:35:05,1,02
15:42:19,0.07484,214.30,0.42751,6.87192,5.0165,29.28448,36.02457,49.99,0865:35:06,1,02
15:42:20,0.07488,214.20,0.42994,6.91101,5.04504,29.28448,36.02457,50.00,0865:35:07,1,02
15:42:21,0.07538,214.40,0.4276,6.9259,5.05591,29.28448,36.02457,50.00,0865:35:08,1,02
15:42:22,0.0752,214.30,0.42544,6.87192,5.0165,29.28448,36.02457,50.01,0865:35:09,1,02
15:42:23,0.07488,214.50,0.42821,6.89426,5.03281,29.28448,36.02457,50.01,0865:35:11,1,02
15:42:24,0.07499,214.70,0.42743,6.89612,5.03417,29.28448,36.02457,50.00,0865:35:12,1,02
15:42:25,0.07546,214.60,0.42683,6.92776,5.05726,29.28448,36.02459,50.00,0865:35:13,1,02
15:42:26,0.07517,214.60,0.42689,6.9017,5.03824,29.28448,36.02459,50.01,0865:35:14,1,02
15:42:27,0.07513,214.70,0.42699,6.9017,5.03824,29.28448,36.02459,50.01,0865:35:15,1,02
15:42:28,0.07499,214.70,0.42757,6.89984,5.03688,29.28448,36.0246,50.01,0865:35:16,1,02
15:42:29,0.07499,214.70,0.42928,6.9259,5.05591,29.2845,36.0246,50.03,0865:35:17,1,02
15:42:30,0.07513,214.70,0.42828,6.92404,5.05455,29.2845,36.0246,50.03,0865:35:18,1,02
15:42:31,0.07484,214.50,0.42852,6.89612,5.03417,29.2845,36.0246,50.01,0865:35:19,1,02
15:42:32,0.07517,214.60,0.42803,6.91845,5.05047,29.2845,36.0246,50.01,0865:35:20,1,02
15:42:33,0.07499,214.40,0.42803,6.89612,5.03417,29.2845,36.0246,50.00,0865:35:21,1,02
15:42:34,0.07455,214.50,0.42973,6.88681,5.02737,29.28451,36.0246,50.00,0865:35:22,1,02
15:42:35,0.07506,214.30,0.42667,6.8775,5.02058,29.28451,36.0246,50.00,0865:35:23,1,02
15:42:36,0.07506,214.30,0.42667,6.8775,5.02058,29.28451,36.0246,50.00,0865:35:23,1,02
15:42:37,0.07451,214.20,0.43053,6.88681,5.02737,29.28451,36.02462,50.00,0865:35:24,1,02
15:42:38,0.07451,214.20,0.43133,6.89798,5.03552,29.28451,36.02462,50.00,0865:35:25,1,02
15:42:39,0.0748,214.30,0.42932,6.89612,5.03417,29.28451,36.02462,50.00,0865:35:26,1,02
15:42:40,0.0748,214.20,0.42908,6.8924,5.03145,29.28452,36.02462,50.00,0865:35:27,1,02
15:42:41,0.07542,214.20,0.42747,6.92218,5.05319,29.28452,36.02463,50.00,0865:35:28,1,02
15:42:42,0.07492,214.50,0.42846,6.89984,5.03688,29.28452,36.02463,49.99,0865:35:29,1,02
15:42:43,0.07451,214.40,0.42934,6.87564,5.01922,29.28452,36.02463,49.99,0865:35:31,1,02
15:42:44,0.07473,214.40,0.42814,6.87564,5.01922,29.28452,36.02464,49.99,0865:35:32,1,02
15:42:45,0.07477,214.50,0.42579,6.84586,4.99748,29.28452,36.02464,49.99,0865:35:33,1,02
15:42:46,0.0747,214.60,0.42875,6.88867,5.02873,29.28452,36.02464,49.99,0865:35:34,1,02
15:42:47,0.0752,214.60,0.42902,6.94079,5.06678,29.28452,36.02464,49.99,0865:35:35,1,02
15:42:48,0.07488,214.60,0.42824,6.89798,5.03552,29.28452,36.02465,49.99,0865:35:36,1,02
15:42:49,0.07473,214.70,0.42788,6.87937,5.02194,29.28452,36.02465,49.98,0865:35:37,1,02
15:42:50,0.07517,214.70,0.4261,6.89053,5.03009,29.28454,36.02465,49.98,0865:35:38,1,02
15:42:51,0.07441,214.70,0.42826,6.85517,5.00427,29.28454,36.02465,49.98,0865:35:39,1,02
15:42:52,0.07524,214.00,0.42768,6.9017,5.03824,29.28454,36.02465,49.98,0865:35:40,1,02
15:42:53,0.07546,213.90,0.4275,6.91473,5.04775,29.28454,36.02465,49.96,0865:35:41,1,02
15:42:54,0.07581,214.00,0.42512,6.91101,5.04504,29.28454,36.02465,49.96,0865:35:42,1,02
15:42:55,0.0756,214.00,0.42495,6.8924,5.03145,29.28455,36.02465,49.98,0865:35:43,1,02
15:42:56,0.07549,214.10,0.42565,6.89426,5.03281,29.28455,36.02467,49.98,0865:35:44,1,02
15:42:57,0.0761,214.20,0.42366,6.92031,5.05183,29.28455,36.02467,49.95,0865:35:45,1,02
15:42:58,0.07574,214.30,0.42368,6.8924,5.03145,29.28455,36.02467,49.95,0865:35:46,1,02
15:42:59,0.07567,214.00,0.42525,6.90356,5.0396,29.28455,36.02468,49.98,0865:35:47,1,02
15:43:00,0.07603,214.00,0.42283,6.89426,5.03281,29.28456,36.02468,49.98,0865:35:48,1,02
15:43:01,0.07603,214.00,0.42283,6.89426,5.03281,29.28456,36.02468,49.98,0865:35:48,1,02
15:43:02,0.07571,214.00,0.42173,6.84959,5.0002,29.28456,36.02468,49.96,0865:35:49,1,02
15:43:03,0.07589,214.20,0.42413,6.90915,5.04368,29.28456,36.02468,49.96,0865:35:50,1,02
15:43:04,0.07535,214.40,0.42562,6.89053,5.03009,29.28456,36.02468,49.96,0865:35:52,1,02
15:43:05,0.07538,214.60,0.42595,6.90542,5.04096,29.28456,36.02468,49.96,0865:35:53,1,02
15:43:06,0.07531,214.70,0.42603,6.90356,5.0396,29.28456,36.02468,49.96,0865:35:54,1,02
15:43:07,0.07517,214.80,0.42823,6.92962,5.05862,29.28456,36.02468,49.96,0865:35:55,1,02
15:43:08,0.07535,214.20,0.42382,6.85517,5.00427,29.28456,36.0247,49.96,0865:35:56,1,02
15:43:09,0.07592,214.10,0.42426,6.91287,5.04639,29.28456,36.0247,49.95,0865:35:57,1,02
15:43:10,0.07596,214.40,0.42132,6.8775,5.02058,29.28456,36.0247,49.95,0865:35:58,1,02
15:43:11,0.07617,214.30,0.42309,6.92218,5.05319,29.28458,36.02471,49.96,0865:35:59,1,02
15:43:12,0.07585,214.40,0.42464,6.92218,5.05319,29.28458,36.02471,49.96,0865:36:00,1,02
15:43:13,0.07553,214.50,0.42261,6.86075,5.00835,29.28458,36.02471,49.98,0865:36:01,1,02
15:43:14,0.076,214.40,0.42111,6.87564,5.01922,29.28458,36.02471,49.98,0865:36:02,1,02
15:43:16,0.07607,214.40,0.42405,6.93148,5.05998,29.28458,36.02472,49.98,0865:36:03,1,02
15:43:17,0.07581,214.50,0.42325,6.89798,5.03552,29.28459,36.02472,49.98,0865:36:04,1,02
15:43:18,0.0756,214.60,0.42412,6.89798,5.03552,29.28459,36.02472,49.98,0865:36:05,1,02
15:43:19,0.07506,214.80,0.42813,6.91845,5.05047,29.28459,36.02472,49.98,0865:36:06,1,02
15:43:20,0.07542,214.70,0.42546,6.90542,5.04096,29.28459,36.02473,50.00,0865:36:07,1,02
15:43:21,0.07528,214.80,0.42752,6.92776,5.05726,29.28459,36.02473,50.00,0865:36:08,1,02
15:43:22,0.07462,214.80,0.42783,6.87378,5.01786,29.2846,36.02473,50.00,0865:36:09,1,02
15:43:23,0.0747,214.90,0.42839,6.8924,5.03145,29.2846,36.02473,50.00,0865:36:10,1,02
15:43:24,0.07488,214.60,0.42614,6.86261,5.00971,29.2846,36.02473,50.00,0865:36:11,1,02
15:43:25,0.07603,214.70,0.42342,6.9259,5.05591,29.2846,36.02473,50.00,0865:36:13,1,02
15:43:26,0.07581,214.70,0.42332,6.90542,5.04096,29.2846,36.02473,50.01,0865:36:14,1,02
15:43:27,0.07581,214.70,0.42332,6.90542,5.04096,29.2846,36.02473,50.01,0865:36:14,1,02
15:43:28,0.07553,214.60,0.42346,6.87937,5.02194,29.28461,36.02475,50.01,0865:36:15,1,02
15:43:29,0.07549,214.70,0.42553,6.91287,5.04639,29.28461,36.02475,50.01,0865:36:16,1,02
15:43:30,0.076,214.60,0.42132,6.88681,5.02737,29.28461,36.02475,50.01,0865:36:17,1,02
15:43:31,0.07549,214.50,0.4228,6.86075,5.00835,29.28461,36.02475,50.03,0865:36:18,1,02
15:43:32,0.07571,214.50,0.42519,6.91845,5.05047,29.28461,36.02476,50.03,0865:36:19,1,02
15:43:33,0.07603,214.50,0.42472,6.94079,5.06678,29.28462,36.02476,50.03,0865:36:20,1,02
15:43:34,0.07542,214.70,0.42544,6.90356,5.0396,29.28462,36.02476,50.03,0865:36:21,1,02
15:43:35,0.07535,214.70,0.42606,6.90729,5.04232,29.28462,36.02477,50.03,0865:36:22,1,02
15:43:36,0.07477,214.70,0.42817,6.89053,5.03009,29.28462,36.02477,50.04,0865:36:23,1,02
15:43:37,0.07509,214.70,0.42768,6.91287,5.04639,29.28462,36.02477,50.04,0865:36:24,1,02
15:43:38,0.07495,214.70,0.43042,6.94265,5.06813,29.28463,36.02477,50.04,0865:36:25,1,02
15:43:39,0.0748,214.50,0.42683,6.86261,5.00971,29.28463,36.02478,50.04,0865:36:26,1,02
15:43:40,0.07567,214.00,0.42546,6.90542,5.04096,29.28463,36.02478,50.04,0865:36:27,1,02
15:43:41,0.076,214.20,0.4238,6.91473,5.04775,29.28463,36.02478,50.04,0865:36:28,1,02
15:43:42,0.07571,214.30,0.42478,6.90542,5.04096,29.28463,36.02478,50.03,0865:36:29,1,02
15:43:43,0.07553,214.30,0.42428,6.88309,5.02465,29.28464,36.02478,50.03,0865:36:30,1,02
15:43:44,0.07581,214.10,0.42346,6.88867,5.02873,29.28464,36.02478,50.03,0865:36:31,1,02
15:43:45,0.07596,213.70,0.42231,6.87006,5.01514,29.28464,36.02478,50.03,0865:36:32,1,02
15:43:46,0.07589,213.60,0.42474,6.9017,5.03824,29.28464,36.0248,50.03,0865:36:34,1,02
15:43:47,0.07585,213.60,0.424,6.88495,5.02601,29.28464,36.0248,50.03,0865:36:35,1,02
15:43:48,0.07581,214.00,0.42523,6.91287,5.04639,29.28465,36.0248,50.03,0865:36:36,1,02
15:43:49,0.0756,213.90,0.42524,6.8924,5.03145,29.28465,36.0248,50.03,0865:36:37,1,02
15:43:50,0.07546,214.00,0.42673,6.90542,5.04096,29.28465,36.02481,50.03,0865:36:38,1,02
15:43:51,0.0752,213.90,0.42738,6.89053,5.03009,29.28465,36.02481,50.01,0865:36:39,1,02
15:43:52,0.0752,213.90,0.42738,6.89053,5.03009,29.28465,36.02481,50.01,0865:36:39,1,02
15:43:53,0.07538,213.90,0.42674,6.89612,5.03417,29.28465,36.02481,50.01,0865:36:40,1,02
15:43:54,0.07535,213.50,0.4259,6.8682,5.01378,29.28466,36.02481,50.03,0865:36:41,1,02
15:43:55,0.07596,213.20,0.42511,6.89984,5.03688,29.28466,36.02481,50.03,0865:36:42,1,02
15:43:56,0.07625,213.50,0.42311,6.90356,5.0396,29.28466,36.02481,50.00,0865:36:43,1,02
15:43:57,0.0761,213.50,0.4224,6.87937,5.02194,29.28466,36.02481,50.00,0865:36:44,1,02
15:43:58,0.07695,213.70,0.42075,6.93707,5.06406,29.28466,36.02483,50.00,0865:36:45,1,02
15:43:59,0.07646,213.80,0.42059,6.89053,5.03009,29.28467,36.02483,50.00,0865:36:46,1,02
15:44:00,0.0761,213.90,0.42287,6.89798,5.03552,29.28467,36.02483,49.99,0865:36:47,1,02
15:44:01,0.07621,213.90,0.42196,6.89426,5.03281,29.28467,36.02483,49.99,0865:36:48,1,02
15:44:02,0.07585,213.80,0.42245,6.86448,5.01107,29.28467,36.02484,49.98,0865:36:49,1,02
15:44:03,0.07614,213.80,0.4238,6.91473,5.04775,29.28467,36.02484,49.98,0865:36:50,1,02
15:44:04,0.07621,214.10,0.42452,6.94079,5.06678,29.28468,36.02484,49.96,0865:36:51,1,02
15:44:05,0.07528,214.10,0.42692,6.89426,5.03281,29.28468,36.02484,49.96,0865:36:52,1,02
15:44:06,0.0756,213.90,0.42672,6.91473,5.04775,29.28468,36.02485,49.96,0865:36:54,1,02
15:44:07,0.07538,213.80,0.4265,6.89053,5.03009,29.28468,36.02485,49.96,0865:36:55,1,02
15:44:08,0.07535,213.70,0.42467,6.85145,5.00156,29.28468,36.02485,49.94,0865:36:56,1,02
15:44:09,0.07542,213.00,0.42486,6.84028,4.9934,29.28469,36.02486,49.94,0865:36:57,1,02
15:44:10,0.07671,213.50,0.42379,6.95568,5.07765,29.28469,36.02486,49.95,0865:36:58,1,02
15:44:11,0.07649,213.60,0.4236,6.9352,5.0627,29.28469,36.02486,49.95,0865:36:59,1,02
15:44:12,0.07664,213.60,0.42249,6.92962,5.05862,29.28469,36.02486,49.95,0865:37:00,1,02
15:44:13,0.07667,213.70,0.42166,6.92218,5.05319,29.28469,36.02486,49.95,0865:37:01,1,02
15:44:14,0.07628,213.70,0.42231,6.89984,5.03688,29.2847,36.02486,49.95,0865:37:02,1,02
15:44:15,0.07628,213.50,0.42347,6.91101,5.04504,29.2847,36.02486,49.95,0865:37:03,1,02
15:44:16,0.07639,213.40,0.42445,6.93334,5.06134,29.2847,36.02486,49.95,0865:37:04,1,02
15:44:17,0.07639,213.40,0.42445,6.93334,5.06134,29.2847,36.02486,49.95,0865:37:04,1,02
15:44:18,0.07667,213.30,0.42346,6.94079,5.06678,29.2847,36.02488,49.95,0865:37:05,1,02
15:44:19,0.07635,213.40,0.42387,6.92218,5.05319,29.2847,36.02488,49.95,0865:37:06,1,02
15:44:20,0.07564,213.70,0.42806,6.93334,5.06134,29.28471,36.02488,49.95,0865:37:07,1,02
15:44:21,0.07564,213.70,0.42647,6.90915,5.04368,29.28471,36.02489,49.95,0865:37:08,1,02
15:44:22,0.07535,213.70,0.42388,6.84028,4.9934,29.28471,36.02489,49.96,0865:37:09,1,02
15:44:23,0.0756,213.70,0.42701,6.91473,5.04775,29.28471,36.02489,49.96,0865:37:10,1,02
15:44:24,0.07578,213.70,0.42569,6.90915,5.04368,29.28471,36.02489,49.95,0865:37:11,1,02
15:44:25,0.076,213.20,0.42585,6.91659,5.04911,29.28472,36.02489,49.95,0865:37:12,1,02
15:44:26,0.07653,213.20,0.42171,6.89798,5.03552,29.28472,36.02489,49.96,0865:37:13,1,02
15:44:27,0.07635,213.70,0.42418,6.9352,5.0627,29.28472,36.02489,49.96,0865:37:15,1,02
15:44:28,0.07671,213.70,0.42024,6.90356,5.0396,29.28472,36.02489,49.96,0865:37:16,1,02
15:44:29,0.07607,213.70,0.42323,6.89612,5.03417,29.28472,36.02491,49.96,0865:37:17,1,02
15:44:30,0.07621,213.50,0.42273,6.89426,5.03281,29.28473,36.02491,49.96,0865:37:18,1,02
15:44:31,0.07692,213.40,0.42225,6.94451,5.06949,29.28473,36.02491,49.96,0865:37:19,1,02
15:44:32,0.07621,213.30,0.42367,6.9017,5.03824,29.28473,36.02492,49.96,0865:37:20,1,02
15:44:33,0.07621,213.30,0.42093,6.85703,5.00563,29.28473,36.02492,49.96,0865:37:21,1,02
15:44:34,0.07674,213.60,0.41878,6.88123,5.0233,29.28473,36.02492,49.96,0865:37:22,1,02
15:44:35,0.07695,213.60,0.41832,6.8924,5.03145,29.28474,36.02492,49.95,0865:37:23,1,02
15:44:36,0.07667,213.60,0.41971,6.88867,5.02873,29.28474,36.02493,49.95,0865:37:24,1,02
15:44:37,0.07685,213.70,0.418,6.87937,5.02194,29.28474,36.02493,49.95,0865:37:25,1,02
15:44:38,0.07699,213.80,0.41979,6.9259,5.05591,29.28474,36.02493,49.95,0865:37:26,1,02
15:44:39,0.07635,213.60,0.42132,6.88681,5.02737,29.28474,36.02493,49.96,0865:37:27,1,02
15:44:40,0.07692,213.50,0.42062,6.92404,5.05455,29.28475,36.02494,49.96,0865:37:28,1,02
15:44:41,0.07699,213.70,0.41796,6.89426,5.03281,29.28475,36.02494,49.96,0865:37:29,1,02
15:44:42,0.07717,213.60,0.41661,6.88123,5.0233,29.28475,36.02494,49.96,0865:37:30,1,02
15:44:43,0.07717,213.60,0.41661,6.88123,5.0233,29.28475,36.02494,49.96,0865:37:30,1,02
15:44:44,0.07731,213.50,0.41663,6.8924,5.03145,29.28475,36.02494,49.96,0865:37:31,1,02
15:44:45,0.07748,213.60,0.4191,6.95196,5.07493,29.28476,36.02494,49.96,0865:37:32,1,02
15:44:46,0.07674,213.70,0.41938,6.89426,5.03281,29.28476,36.02494,49.96,0865:37:33,1,02
15:44:47,0.07628,213.80,0.418,6.83097,4.98661,29.28476,36.02494,49.96,0865:37:34,1,02
15:44:48,0.07674,213.70,0.41744,6.86075,5.00835,29.28476,36.02496,49.98,0865:37:36,1,02
15:44:49,0.07727,213.60,0.4174,6.90356,5.0396,29.28476,36.02496,49.98,0865:37:37,1,02
15:44:50,0.07738,213.70,0.4159,6.89426,5.03281,29.28477,36.02496,49.96,0865:37:38,1,02
15:44:51,0.07797,213.80,0.41566,6.94451,5.06949,29.28477,36.02497,49.96,0865:37:39,1,02
15:44:52,0.07769,213.80,0.41369,6.88681,5.02737,29.28477,36.02497,49.96,0865:37:40,1,02
15:44:53,0.07769,213.90,0.41415,6.89612,5.03417,29.28477,36.02497,49.96,0865:37:41,1,02
15:44:54,0.07759,213.90,0.41461,6.89612,5.03417,29.28477,36.02497,49.98,0865:37:42,1,02
15:44:55,0.07901,213.90,0.41584,7.04502,5.14287,29.28478,36.02497,49.96,0865:37:43,1,02
15:44:56,0.07741,214.00,0.41569,6.9017,5.03824,29.28478,36.02497,49.96,0865:37:44,1,02
15:44:57,0.07835,213.80,0.41264,6.92776,5.05726,29.28478,36.02497,49.96,0865:37:45,1,02
15:44:58,0.07762,213.70,0.41545,6.90542,5.04096,29.28478,36.02499,49.96,0865:37:46,1,02
15:44:59,0.07759,213.60,0.41414,6.8775,5.02058,29.28478,36.02499,49.98,0865:37:47,1,02
15:45:00,0.07713,213.70,0.41595,6.87192,5.0165,29.28479,36.02499,49.98,0865:37:48,1,02
15:45:01,0.07706,213.90,0.41899,6.92218,5.05319,29.28479,36.02499,49.96,0865:37:49,1,02
15:45:02,0.0772,213.90,0.41691,6.9017,5.03824,29.28479,36.025,49.96,0865:37:50,1,02
15:45:03,0.07876,214.00,0.42102,7.11389,5.19314,29.28479,36.025,49.96,0865:37:51,1,02
15:45:04,0.07699,214.10,0.41991,6.93893,5.06542,29.28479,36.025,49.96,0865:37:52,1,02
15:45:05,0.07656,214.20,0.41946,6.8924,5.03145,29.2848,36.02501,49.96,0865:37:53,1,02
15:45:06,0.07695,213.60,0.41808,6.88681,5.02737,29.2848,36.02501,49.96,0865:37:54,1,02
15:45:07,0.07731,214.00,0.41581,6.89426,5.03281,29.2848,36.02501,49.96,0865:37:55,1,02
15:45:09,0.07731,214.00,0.41581,6.89426,5.03281,29.2848,36.02501,49.96,0865:37:55,1,02
15:45:10,0.07734,213.90,0.4177,6.92404,5.05455,29.2848,36.02501,49.96,0865:37:57,1,02
15:45:11,0.07755,213.90,0.41626,6.92031,5.05183,29.2848,36.02502,49.96,0865:37:58,1,02
15:45:12,0.07832,213.90,0.41552,6.97615,5.09259,29.28481,36.02502,49.96,0865:37:59,1,02
15:45:13,0.07751,213.90,0.4106,6.82167,4.97982,29.28481,36.02502,49.96,0865:38:00,1,02
15:45:14,0.0778,213.90,0.41384,6.9017,5.03824,29.28481,36.02502,49.96,0865:38:01,1,02
15:45:15,0.07759,213.90,0.41385,6.88495,5.02601,29.28481,36.02502,49.96,0865:38:02,1,02
15:45:16,0.07762,214.00,0.41482,6.90729,5.04232,29.28481,36.02502,49.96,0865:38:03,1,02
15:45:17,0.07745,214.00,0.41452,6.88681,5.02737,29.28482,36.02502,49.96,0865:38:04,1,02
15:45:18,0.07776,214.20,0.41382,6.90915,5.04368,29.28482,36.02504,49.96,0865:38:05,1,02
15:45:19,0.07748,214.80,0.41531,6.92776,5.05726,29.28482,36.02504,49.96,0865:38:06,1,02
15:45:20,0.07745,214.80,0.41525,6.92218,5.05319,29.28482,36.02504,49.98,0865:38:07,1,02
15:45:21,0.07734,214.70,0.41523,6.91101,5.04504,29.28482,36.02504,49.98,0865:38:08,1,02
15:45:22,0.07751,214.60,0.41415,6.90542,5.04096,29.28483,36.02505,49.98,0865:38:09,1,02
15:45:23,0.07717,214.70,0.41549,6.89984,5.03688,29.28483,36.02505,49.98,0865:38:10,1,02
15:45:24,0.07635,214.80,0.41893,6.88681,5.02737,29.28483,36.02505,49.98,0865:38:11,1,02
15:45:25,0.07674,214.80,0.41946,6.93148,5.05998,29.28483,36.02505,49.98,0865:38:12,1,02
15:45:26,0.07649,214.80,0.41783,6.88123,5.0233,29.28483,36.02505,49.98,0865:38:13,1,02
15:45:27,0.07671,214.90,0.41798,6.90542,5.04096,29.28484,36.02505,49.98,0865:38:14,1,02
15:45:28,0.07621,214.80,0.41549,6.81794,4.9771,29.28484,36.02505,49.96,0865:38:15,1,02
15:45:29,0.0766,214.80,0.41736,6.88123,5.0233,29.28484,36.02507,49.96,0865:38:17,1,02
15:45:30,0.07681,214.70,0.41712,6.89426,5.03281,29.28484,36.02507,49.98,0865:38:18,1,02
15:45:31,0.07748,214.60,0.41568,6.92776,5.05726,29.28484,36.02507,49.98,0865:38:19,1,02
15:45:32,0.07727,214.60,0.41431,6.88495,5.02601,29.28485,36.02508,49.99,0865:38:20,1,02
15:45:33,0.07731,214.50,0.41613,6.91659,5.04911,29.28485,36.02508,49.99,0865:38:21,1,02
15:45:34,0.07731,214.50,0.41613,6.91659,5.04911,29.28485,36.02508,49.99,0865:38:21,1,02
15:45:35,0.07724,214.60,0.41517,6.89612,5.03417,29.28485,36.02508,49.96,0865:38:22,1,02
15:45:36,0.07734,214.60,0.41428,6.89053,5.03009,29.28485,36.02508,49.99,0865:38:23,1,02
15:45:37,0.07745,214.60,0.41475,6.90915,5.04368,29.28485,36.02509,49.99,0865:38:24,1,02
15:45:38,0.07748,214.50,0.41318,6.88309,5.02465,29.28486,36.02509,49.99,0865:38:25,1,02
15:45:39,0.07734,214.50,0.41648,6.92404,5.05455,29.28486,36.02509,49.99,0865:38:26,1,02
15:45:40,0.07706,214.60,0.41523,6.88309,5.02465,29.28486,36.0251,49.99,0865:38:27,1,02
15:45:41,0.07671,214.60,0.41687,6.87937,5.02194,29.28486,36.0251,49.99,0865:38:28,1,02
15:45:42,0.07738,214.50,0.41409,6.89053,5.03009,29.28486,36.0251,49.99,0865:38:29,1,02
15:45:43,0.07741,214.40,0.41396,6.88681,5.02737,29.28487,36.0251,49.99,0865:38:30,1,02
15:45:44,0.07717,214.50,0.41551,6.8924,5.03145,29.28487,36.0251,49.99,0865:38:31,1,02
15:45:45,0.07745,214.60,0.41709,6.94823,5.07221,29.28487,36.0251,49.99,0865:38:32,1,02
15:45:46,0.0766,214.70,0.41847,6.89798,5.03552,29.28487,36.0251,49.96,0865:38:33,1,02
15:45:47,0.07681,214.70,0.41755,6.89984,5.03688,29.28487,36.02512,49.96,0865:38:34,1,02
15:45:48,0.07671,214.70,0.41802,6.89984,5.03688,29.28488,36.02512,49.99,0865:38:35,1,02
15:45:49,0.07664,214.70,0.41998,6.9259,5.05591,29.28488,36.02512,49.99,0865:38:36,1,02
15:45:50,0.07653,214.10,0.41897,6.88123,5.0233,29.28488,36.02512,49.98,0865:38:38,1,02
15:45:51,0.07709,214.50,0.41352,6.85331,5.00291,29.28488,36.02513,49.98,0865:38:39,1,02
15:45:52,0.07706,214.40,0.41526,6.8775,5.02058,29.28488,36.02513,49.98,0865:38:40,1,02
15:45:53,0.07717,214.50,0.41698,6.91845,5.05047,29.28489,36.02513,49.98,0865:38:41,1,02
15:45:54,0.07702,214.60,0.41517,6.8775,5.02058,29.28489,36.02513,49.98,0865:38:42,1,02
15:45:55,0.07646,214.80,0.41927,6.9017,5.03824,29.28489,36.02514,49.98,0865:38:43,1,02
15:45:56,0.07667,214.80,0.41802,6.89984,5.03688,29.28489,36.02514,49.98,0865:38:44,1,02
15:45:57,0.07642,214.90,0.41925,6.89984,5.03688,29.28489,36.02514,49.98,0865:38:45,1,02
15:45:58,0.07635,214.90,0.41884,6.88681,5.02737,29.2849,36.02515,49.98,0865:38:46,1,02
15:45:59,0.07635,214.90,0.41884,6.88681,5.02737,29.2849,36.02515,49.98,0865:38:46,1,02
15:46:00,0.07713,214.60,0.41697,6.91659,5.04911,29.2849,36.02515,49.98,0865:38:47,1,02
15:46:01,0.07685,214.80,0.41584,6.87937,5.02194,29.2849,36.02515,49.98,0865:38:48,1,02
15:46:02,0.07797,214.60,0.41265,6.92031,5.05183,29.2849,36.02515,49.96,0865:38:49,1,02
15:46:03,0.07765,214.40,0.4139,6.90729,5.04232,29.2849,36.02515,49.96,0865:38:50,1,02
15:46:04,0.07741,214.40,0.41618,6.92218,5.05319,29.28491,36.02515,49.98,0865:38:51,1,02
15:46:05,0.07731,214.30,0.41291,6.85703,5.00563,29.28491,36.02515,49.98,0865:38:52,1,02
15:46:06,0.07738,214.30,0.414,6.88123,5.0233,29.28491,36.02517,49.96,0865:38:53,1,02
15:46:07,0.07738,214.50,0.41406,6.88681,5.02737,29.28491,36.02517,49.96,0865:38:54,1,02
15:46:08,0.07738,214.50,0.41629,6.92404,5.05455,29.28491,36.02517,49.96,0865:38:55,1,02
15:46:09,0.07734,214.40,0.4151,6.89798,5.03552,29.28492,36.02517,49.96,0865:38:56,1,02
15:46:10,0.0778,214.30,0.41481,6.93334,5.06134,29.28492,36.02518,49.96,0865:38:57,1,02
15:46:11,0.078,214.50,0.4162,6.97988,5.09531,29.28492,36.02518,49.96,0865:38:59,1,02
15:46:12,0.07674,214.40,0.41998,6.9259,5.05591,29.28492,36.02518,49.96,0865:39:00,1,02
15:46:13,0.07692,214.40,0.41892,6.92404,5.05455,29.28492,36.02518,49.96,0865:39:01,1,02
15:46:14,0.07678,214.30,0.41874,6.90542,5.04096,29.28493,36.02518,49.98,0865:39:02,1,02
15:46:15,0.07653,214.20,0.41978,6.89612,5.03417,29.28493,36.02518,49.98,0865:39:03,1,02
15:46:16,0.07639,213.90,0.41769,6.83842,4.99204,29.28493,36.02518,49.96,0865:39:04,1,02
15:46:17,0.07681,213.80,0.41936,6.9017,5.03824,29.28493,36.0252,49.96,0865:39:05,1,02
15:46:18,0.07674,213.90,0.41912,6.89612,5.03417,29.28493,36.0252,49.96,0865:39:06,1,02
15:46:19,0.07678,213.90,0.41812,6.88123,5.0233,29.28494,36.0252,49.96,0865:39:07,1,02
15:46:20,0.07702,213.70,0.41721,6.88495,5.02601,29.28494,36.02521,49.96,0865:39:08,1,02
15:46:21,0.07751,213.70,0.41581,6.90356,5.0396,29.28494,36.02521,49.96,0865:39:09,1,02
15:46:22,0.07751,213.70,0.41571,6.90356,5.0396,29.28494,36.02521,49.96,0865:39:10,1,02
15:46:23,0.07783,213.80,0.41453,6.91473,5.04775,29.28494,36.02521,49.98,0865:39:11,1,02
15:46:24,0.07783,214.00,0.41425,6.91473,5.04775,29.28495,36.02522,49.98,0865:39:12,1,02
15:46:25,0.07783,214.00,0.41425,6.91473,5.04775,29.28495,36.02522,49.98,0865:39:12,1,02
15:46:26,0.078,214.00,0.41346,6.91845,5.05047,29.28495,36.02522,49.96,0865:39:13,1,02
15:46:27,0.07776,214.20,0.41291,6.8924,5.03145,29.28495,36.02522,49.96,0865:39:14,1,02
15:46:28,0.07762,214.10,0.41408,6.89798,5.03552,29.28495,36.02522,49.96,0865:39:15,1,02
15:46:29,0.07783,213.90,0.41445,6.91659,5.04911,29.28495,36.02523,49.96,0865:39:16,1,02
15:46:30,0.07685,214.20,0.41526,6.84959,5.0002,29.28496,36.02523,49.96,0865:39:17,1,02
15:46:31,0.07748,214.30,0.41253,6.86448,5.01107,29.28496,36.02523,49.96,0865:39:18,1,02
15:46:32,0.07738,214.20,0.41317,6.86448,5.01107,29.28496,36.02523,49.98,0865:39:20,1,02
15:46:33,0.07748,214.30,0.41536,6.91473,5.04775,29.28496,36.02523,49.98,0865:39:21,1,02
15:46:34,0.07709,214.60,0.41792,6.92776,5.05726,29.28496,36.02523,49.98,0865:39:22,1,02
15:46:35,0.0772,214.50,0.41556,6.89798,5.03552,29.28497,36.02523,49.98,0865:39:23,1,02
15:46:36,0.07681,214.50,0.41616,6.87378,5.01786,29.28497,36.02525,49.98,0865:39:24,1,02
15:46:37,0.07681,214.70,0.41712,6.89426,5.03281,29.28497,36.02525,49.98,0865:39:25,1,02
15:46:38,0.07653,214.60,0.41838,6.88867,5.02873,29.28497,36.02525,49.98,0865:39:26,1,02
15:46:39,0.07603,214.00,0.42032,6.85331,5.00291,29.28497,36.02526,49.99,0865:39:27,1,02
15:46:40,0.07656,214.10,0.41946,6.8924,5.03145,29.28498,36.02526,49.99,0865:39:28,1,02
15:46:41,0.07656,214.10,0.42169,6.9259,5.05591,29.28498,36.02526,49.99,0865:39:29,1,02
15:46:42,0.07632,214.00,0.42165,6.9017,5.03824,29.28498,36.02526,49.99,0865:39:30,1,02
15:46:43,0.07681,214.10,0.41881,6.90356,5.0396,29.28498,36.02526,50.00,0865:39:31,1,02
15:46:44,0.07856,214.20,0.41746,7.0413,5.14015,29.28498,36.02526,50.00,0865:39:32,1,02
15:46:45,0.07773,214.20,0.41232,6.87937,5.02194,29.28499,36.02526,50.00,0865:39:33,1,02
15:46:46,0.07765,214.10,0.41354,6.89053,5.03009,29.28499,36.02528,50.00,0865:39:34,1,02
15:46:47,0.07849,214.20,0.40952,6.89984,5.03688,29.28499,36.02528,50.00,0865:39:35,1,02
15:46:48,0.07873,214.20,0.40947,6.92031,5.05183,29.28499,36.02528,50.00,0865:39:36,1,02
15:46:49,0.0778,214.30,0.41312,6.90356,5.0396,29.28499,36.02528,50.00,0865:39:37,1,02
15:46:50,0.07783,214.30,0.41138,6.8775,5.02058,29.285,36.02529,50.00,0865:39:38,1,02
15:46:51,0.07783,214.30,0.41138,6.8775,5.02058,29.285,36.02529,50.00,0865:39:38,1,02
15:46:52,0.07769,214.30,0.413,6.8924,5.03145,29.285,36.02529,50.00,0865:39:39,1,02
15:46:53,0.0778,214.30,0.41366,6.91101,5.04504,29.285,36.02529,50.00,0865:39:41,1,02
15:46:54,0.07751,214.20,0.41286,6.87006,5.01514,29.285,36.0253,49.99,0865:39:42,1,02
15:46:55,0.07787,213.80,0.41289,6.89053,5.03009,29.285,36.0253,49.99,0865:39:43,1,02
15:46:56,0.07797,214.20,0.41161,6.89053,5.03009,29.28501,36.0253,50.00,0865:39:44,1,02
15:46:57,0.07832,214.10,0.41118,6.91101,5.04504,29.28501,36.0253,50.00,0865:39:45,1,02
15:46:59,0.07821,214.00,0.41047,6.88681,5.02737,29.28501,36.02531,49.99,0865:39:46,1,02
15:47:00,0.07849,214.10,0.40939,6.89612,5.03417,29.28501,36.02531,49.99,0865:39:47,1,02
15:47:01,0.0788,214.30,0.40994,6.93893,5.06542,29.28501,36.02531,49.99,0865:39:48,1,02
15:47:02,0.07818,214.30,0.41177,6.91473,5.04775,29.28502,36.02531,50.00,0865:39:49,1,02
15:47:03,0.07832,214.30,0.41115,6.91659,5.04911,29.28502,36.02531,50.00,0865:39:50,1,02
15:47:04,0.07846,214.30,0.41032,6.91473,5.04775,29.28502,36.02531,49.99,0865:39:51,1,02
15:47:05,0.07821,214.20,0.40854,6.85889,5.00699,29.28502,36.02531,49.99,0865:39:52,1,02
15:47:06,0.07821,214.40,0.41161,6.91659,5.04911,29.28502,36.02533,49.99,0865:39:53,1,02
15:47:07,0.07759,214.50,0.41339,6.89426,5.03281,29.28503,36.02533,49.99,0865:39:54,1,02
15:47:08,0.07745,214.50,0.41415,6.89612,5.03417,29.28503,36.02533,49.99,0865:39:55,1,02
15:47:09,0.07755,214.60,0.41384,6.9017,5.03824,29.28503,36.02534,49.99,0865:39:56,1,02
15:47:10,0.0779,214.70,0.41193,6.90356,5.0396,29.28503,36.02534,49.99,0865:39:57,1,02
15:47:11,0.07713,214.70,0.41521,6.89053,5.03009,29.28503,36.02534,49.99,0865:39:58,1,02
15:47:12,0.0779,214.20,0.41307,6.90729,5.04232,29.28504,36.02534,49.98,0865:39:59,1,02
15:47:13,0.07794,214.60,0.41272,6.91845,5.05047,29.28504,36.02534,49.98,0865:40:01,1,02
15:47:14,0.07825,214.50,0.40929,6.88681,5.02737,29.28504,36.02534,49.99,0865:40:02,1,02
15:47:15,0.07773,214.50,0.41089,6.86634,5.01243,29.28504,36.02534,49.99,0865:40:03,1,02
15:47:16,0.07738,214.40,0.41379,6.87937,5.02194,29.28504,36.02536,49.98,0865:40:04,1,02
15:47:17,0.07738,214.40,0.41379,6.87937,5.02194,29.28504,36.02536,49.98,0865:40:04,1,02
15:47:18,0.07734,214.40,0.41489,6.89612,5.03417,29.28505,36.02536,49.98,0865:40:05,1,02
15:47:19,0.07734,214.40,0.41465,6.89053,5.03009,29.28505,36.02536,49.99,0865:40:06,1,02
15:47:20,0.078,214.30,0.41433,6.94079,5.06678,29.28505,36.02536,49.99,0865:40:07,1,02
15:47:21,0.07738,214.00,0.41612,6.90729,5.04232,29.28505,36.02537,49.98,0865:40:08,1,02
15:47:22,0.07741,214.00,0.41471,6.88681,5.02737,29.28505,36.02537,49.98,0865:40:09,1,02
15:47:23,0.07751,213.90,0.41454,6.88867,5.02873,29.28506,36.02537,49.98,0865:40:10,1,02
15:47:24,0.07748,213.90,0.41396,6.8775,5.02058,29.28506,36.02538,49.96,0865:40:11,1,02
15:47:25,0.07794,213.90,0.41433,6.92218,5.05319,29.28506,36.02538,49.96,0865:40:12,1,02
15:47:26,0.07769,213.70,0.41501,6.90729,5.04232,29.28506,36.02538,49.96,0865:40:13,1,02
15:47:27,0.07769,213.80,0.41346,6.88309,5.02465,29.28507,36.02538,49.96,0865:40:14,1,02
15:47:28,0.07738,213.90,0.41338,6.85703,5.00563,29.28507,36.02539,49.98,0865:40:15,1,02
15:47:29,0.07773,213.90,0.41531,6.91845,5.05047,29.28507,36.02539,49.98,0865:40:16,1,02
15:47:30,0.0778,213.80,0.41291,6.88309,5.02465,29.28507,36.02539,49.95,0865:40:17,1,02
15:47:31,0.07762,213.80,0.41486,6.9017,5.03824,29.28507,36.02539,49.95,0865:40:18,1,02
15:47:32,0.07751,213.90,0.41342,6.87006,5.01514,29.28508,36.02539,49.96,0865:40:19,1,02
15:47:33,0.07808,213.90,0.4145,6.93893,5.06542,29.28508,36.02539,49.96,0865:40:20,1,02
15:47:34,0.0778,214.00,0.41479,6.92218,5.05319,29.28508,36.02539,49.96,0865:40:21,1,02
15:47:35,0.07765,214.20,0.41425,6.90542,5.04096,29.28508,36.02541,49.96,0865:40:23,1,02
15:47:36,0.07751,214.20,0.41531,6.90915,5.04368,29.28508,36.02541,49.96,0865:40:24,1,02
15:47:37,0.078,214.00,0.41531,6.94637,5.07085,29.28509,36.02541,49.96,0865:40:25,1,02
15:47:38,0.07731,214.00,0.41266,6.84214,4.99476,29.28509,36.02542,49.95,0865:40:26,1,02
15:47:39,0.07745,214.00,0.41551,6.9017,5.03824,29.28509,36.02542,49.95,0865:40:27,1,02
15:47:40,0.07759,214.00,0.41611,6.92404,5.05455,29.28509,36.02542,49.96,0865:40:28,1,02
15:47:41,0.07759,214.20,0.41417,6.89798,5.03552,29.28509,36.02542,49.96,0865:40:29,1,02
15:47:42,0.07738,214.30,0.41532,6.9017,5.03824,29.2851,36.02542,49.96,0865:40:30,1,02
15:47:43,0.07738,214.30,0.41532,6.9017,5.03824,29.2851,36.02542,49.96,0865:40:30,1,02
15:47:44,0.07748,214.30,0.41445,6.89798,5.03552,29.2851,36.02542,49.96,0865:40:31,1,02
15:47:45,0.07797,214.40,0.41557,6.96312,5.08308,29.2851,36.02542,49.96,0865:40:32,1,02
15:47:46,0.07699,214.50,0.41588,6.88309,5.02465,29.2851,36.02544,49.96,0865:40:33,1,02
15:47:47,0.07751,214.50,0.4151,6.91659,5.04911,29.2851,36.02544,49.96,0865:40:34,1,02
15:47:48,0.07738,214.50,0.41564,6.91473,5.04775,29.28511,36.02544,49.96,0865:40:35,1,02
15:47:49,0.07745,214.50,0.41514,6.91101,5.04504,29.28511,36.02544,49.96,0865:40:36,1,02
15:47:50,0.07745,214.30,0.41441,6.89426,5.03281,29.28511,36.02545,49.96,0865:40:37,1,02
15:47:51,0.07738,214.40,0.41247,6.85889,5.00699,29.28511,36.02545,49.96,0865:40:38,1,02
15:47:52,0.07731,214.40,0.4154,6.89984,5.03688,29.28511,36.02545,49.96,0865:40:39,1,02
15:47:53,0.07755,214.40,0.41434,6.90542,5.04096,29.28512,36.02546,49.96,0865:40:40,1,02
15:47:54,0.078,214.50,0.41154,6.9017,5.03824,29.28512,36.02546,49.96,0865:40:41,1,02
15:47:55,0.0778,214.60,0.41355,6.91845,5.05047,29.28512,36.02546,49.96,0865:40:43,1,02
15:47:56,0.07814,214.60,0.41329,6.94637,5.07085,29.28512,36.02546,49.96,0865:40:44,1,02
15:47:57,0.07748,214.60,0.41456,6.90915,5.04368,29.28512,36.02547,49.96,0865:40:45,1,02
15:47:58,0.0778,214.60,0.41188,6.89053,5.03009,29.28513,36.02547,49.98,0865:40:46,1,02
15:47:59,0.07773,214.60,0.41351,6.91473,5.04775,29.28513,36.02547,49.98,0865:40:47,1,02
15:48:00,0.07741,214.50,0.41422,6.89426,5.03281,29.28513,36.02547,49.96,0865:40:48,1,02
15:48:01,0.07769,214.50,0.41273,6.8924,5.03145,29.28513,36.02547,49.96,0865:40:49,1,02
15:48:02,0.07734,214.50,0.41178,6.84586,4.99748,29.28513,36.02547,49.98,0865:40:50,1,02
15:48:03,0.0778,214.50,0.41309,6.90915,5.04368,29.28514,36.02547,49.98,0865:40:51,1,02
15:48:04,0.07776,214.50,0.41507,6.94079,5.06678,29.28514,36.02549,49.98,0865:40:52,1,02
15:48:05,0.07748,214.50,0.41464,6.90729,5.04232,29.28514,36.02549,49.98,0865:40:53,1,02
15:48:06,0.07741,214.50,0.41422,6.89426,5.03281,29.28514,36.02549,49.98,0865:40:54,1,02
15:48:07,0.07741,214.50,0.41422,6.89426,5.03281,29.28514,36.02549,49.98,0865:40:54,1,02
15:48:08,0.07745,214.60,0.4143,6.9017,5.03824,29.28514,36.0255,49.96,0865:40:55,1,02
15:48:09,0.07776,214.60,0.41264,6.9017,5.03824,29.28515,36.0255,49.96,0865:40:56,1,02
15:48:10,0.07751,214.50,0.414,6.89984,5.03688,29.28515,36.0255,49.98,0865:40:57,1,02
15:48:11,0.07748,214.50,0.41372,6.89053,5.03009,29.28515,36.0255,49.98,0865:40:58,1,02
15:48:12,0.07818,214.50,0.41471,6.96871,5.08716,29.28515,36.02551,49.98,0865:40:59,1,02
15:48:13,0.07759,214.40,0.41295,6.88681,5.02737,29.28515,36.02551,49.98,0865:41:00,1,02
15:48:14,0.07769,214.40,0.41302,6.89426,5.03281,29.28516,36.02551,49.99,0865:41:01,1,02
15:48:15,0.07731,214.30,0.41515,6.89426,5.03281,29.28516,36.02551,49.99,0865:41:03,1,02
15:48:16,0.07814,214.30,0.41282,6.92776,5.05726,29.28516,36.02552,50.00,0865:41:04,1,02
15:48:17,0.07776,214.20,0.41293,6.89426,5.03281,29.28516,36.02552,50.00,0865:41:05,1,02
15:48:18,0.07776,214.30,0.41219,6.88495,5.02601,29.28516,36.02552,50.01,0865:41:06,1,02
15:48:19,0.07751,214.30,0.41391,6.89053,5.03009,29.28517,36.02552,50.01,0865:41:07,1,02
15:48:20,0.07727,214.30,0.41476,6.88309,5.02465,29.28517,36.02552,50.01,0865:41:08,1,02
15:48:21,0.07748,214.30,0.41353,6.88123,5.0233,29.28517,36.02552,50.01,0865:41:09,1,02
15:48:22,0.07745,214.30,0.41327,6.87378,5.01786,29.28517,36.02552,50.01,0865:41:10,1,02
15:48:23,0.07794,214.20,0.41357,6.92031,5.05183,29.28517,36.02554,50.03,0865:41:11,1,02
15:48:24,0.07759,212.90,0.41522,6.87378,5.01786,29.28518,36.02554,50.03,0865:41:12,1,02
15:48:25,0.07751,214.10,0.41542,6.91101,5.04504,29.28518,36.02554,50.04,0865:41:13,1,02
15:48:26,0.07713,214.10,0.41579,6.88309,5.02465,29.28518,36.02555,50.04,0865:41:14,1,02
15:48:27,0.07745,214.10,0.41521,6.89984,5.03688,29.28518,36.02555,50.03,0865:41:15,1,02
15:48:28,0.07762,214.00,0.41322,6.8775,5.02058,29.28518,36.02555,50.03,0865:41:16,1,02
15:48:29,0.07773,213.90,0.41546,6.92404,5.05455,29.28519,36.02555,50.04,0865:41:17,1,02
15:48:30,0.07741,213.90,0.41545,6.89612,5.03417,29.28519,36.02555,50.04,0865:41:18,1,02
15:48:31,0.07751,213.90,0.41456,6.89053,5.03009,29.28519,36.02555,50.03,0865:41:19,1,02
15:48:32,0.07751,213.90,0.41456,6.89053,5.03009,29.28519,36.02555,50.03,0865:41:19,1,02
15:48:33,0.07702,213.90,0.41638,6.8775,5.02058,29.28519,36.02555,50.03,0865:41:20,1,02
15:48:34,0.07713,213.80,0.41721,6.89426,5.03281,29.28519,36.02557,50.03,0865:41:21,1,02
15:48:35,0.0766,214.00,0.42237,6.93707,5.06406,29.2852,36.02557,50.03,0865:41:22,1,02
15:48:36,0.07656,214.30,0.42246,6.94637,5.07085,29.2852,36.02557,50.01,0865:41:24,1,02
15:48:37,0.07632,214.40,0.41986,6.88495,5.02601,29.2852,36.02557,50.01,0865:41:25,1,02
15:48:38,0.0766,214.40,0.42027,6.91659,5.04911,29.2852,36.02558,50.03,0865:41:26,1,02
15:48:39,0.076,214.30,0.42157,6.88309,5.02465,29.2852,36.02558,50.03,0865:41:27,1,02
15:48:40,0.076,214.30,0.42222,6.89053,5.03009,29.28521,36.02558,50.03,0865:41:28,1,02
15:48:41,0.07639,214.30,0.42105,6.90915,5.04368,29.28521,36.02559,50.03,0865:41:29,1,02
15:48:42,0.07642,214.50,0.41957,6.89426,5.03281,29.28521,36.02559,50.01,0865:41:30,1,02
15:48:43,0.07639,214.70,0.42072,6.91473,5.04775,29.28521,36.02559,50.01,0865:41:31,1,02
15:48:44,0.076,214.70,0.42147,6.8924,5.03145,29.28521,36.02559,50.01,0865:41:32,1,02
15:48:45,0.07596,214.70,0.422,6.89798,5.03552,29.28522,36.0256,50.03,0865:41:33,1,02
15:48:46,0.07596,214.70,0.42234,6.90356,5.0396,29.28522,36.0256,50.03,0865:41:34,1,02
15:48:48,0.07628,214.70,0.41994,6.8924,5.03145,29.28522,36.0256,50.01,0865:41:35,1,02
15:48:49,0.07592,214.70,0.42333,6.91659,5.04911,29.28522,36.0256,50.01,0865:41:36,1,02
15:48:50,0.07603,214.70,0.42266,6.91659,5.04911,29.28522,36.0256,50.01,0865:41:37,1,02
15:48:51,0.0756,214.80,0.42267,6.8775,5.02058,29.28523,36.0256,50.01,0865:41:38,1,02
15:48:52,0.07589,214.80,0.42208,6.89612,5.03417,29.28523,36.0256,50.03,0865:41:39,1,02
15:48:53,0.07614,214.70,0.42059,6.89053,5.03009,29.28523,36.02562,50.03,0865:41:40,1,02
15:48:54,0.07585,214.80,0.42273,6.90356,5.0396,29.28523,36.02562,50.01,0865:41:41,1,02
15:48:55,0.07589,214.80,0.42151,6.88681,5.02737,29.28523,36.02562,50.01,0865:41:42,1,02
15:48:56,0.07578,214.90,0.42254,6.89426,5.03281,29.28524,36.02562,50.03,0865:41:43,1,02
15:48:57,0.07635,215.00,0.41989,6.90729,5.04232,29.28524,36.02563,50.03,0865:41:45,1,02
15:48:58,0.07617,215.00,0.41982,6.89053,5.03009,29.28524,36.02563,50.01,0865:41:46,1,02
15:48:59,0.07617,215.00,0.41982,6.89053,5.03009,29.28524,36.02563,50.01,0865:41:46,1,02
15:49:00,0.07628,214.90,0.41912,6.88681,5.02737,29.28524,36.02563,50.01,0865:41:47,1,02
15:49:01,0.07628,214.90,0.4182,6.87006,5.01514,29.28524,36.02563,50.03,0865:41:48,1,02
15:49:02,0.07635,214.80,0.41971,6.89798,5.03552,29.28525,36.02563,50.03,0865:41:49,1,02
15:49:03,0.07646,214.80,0.41846,6.88681,5.02737,29.28525,36.02563,50.01,0865:41:50,1,02
15:49:04,0.07632,214.80,0.4198,6.89798,5.03552,29.28525,36.02563,50.00,0865:41:51,1,02
15:49:05,0.07664,214.80,0.41945,6.92031,5.05183,29.28525,36.02565,50.00,0865:41:52,1,02
15:49:06,0.07607,214.80,0.42011,6.88123,5.0233,29.28525,36.02565,50.00,0865:41:53,1,02
15:49:07,0.07614,214.80,0.41992,6.88123,5.0233,29.28526,36.02565,50.00,0865:41:54,1,02
15:49:08,0.07635,214.80,0.41846,6.8775,5.02058,29.28526,36.02565,49.99,0865:41:55,1,02
15:49:09,0.07603,214.80,0.42097,6.89053,5.03009,29.28526,36.02566,49.99,0865:41:56,1,02
15:49:10,0.07628,214.80,0.42111,6.91473,5.04775,29.28526,36.02566,49.98,0865:41:57,1,02
15:49:11,0.07585,214.60,0.42106,6.87006,5.01514,29.28526,36.02566,49.98,0865:41:58,1,02
15:49:12,0.07639,214.60,0.4198,6.89798,5.03552,29.28527,36.02567,49.99,0865:41:59,1,02
15:49:13,0.07621,214.70,0.42064,6.89612,5.03417,29.28527,36.02567,49.99,0865:42:00,1,02
15:49:14,0.0761,214.70,0.42053,6.88495,5.02601,29.28527,36.02567,49.96,0865:42:01,1,02
15:49:15,0.07603,214.80,0.42188,6.90542,5.04096,29.28527,36.02567,49.96,0865:42:02,1,02
15:49:16,0.07596,214.90,0.42048,6.87937,5.02194,29.28527,36.02568,49.96,0865:42:03,1,02
15:49:17,0.07607,215.00,0.42096,6.89984,5.03688,29.28528,36.02568,49.96,0865:42:05,1,02
15:49:18,0.07596,215.00,0.42199,6.90729,5.04232,29.28528,36.02568,49.96,0865:42:06,1,02
15:49:19,0.076,215.00,0.42201,6.90915,5.04368,29.28528,36.02568,49.96,0865:42:07,1,02
15:49:20,0.07564,215.00,0.4203,6.85145,5.00156,29.28528,36.02568,49.96,0865:42:08,1,02
15:49:21,0.07635,215.10,0.41925,6.89984,5.03688,29.28528,36.02568,49.96,0865:42:09,1,02
15:49:22,0.0761,215.20,0.42173,6.92031,5.05183,29.28529,36.02568,49.95,0865:42:10,1,02
15:49:23,0.0761,215.20,0.42173,6.92031,5.05183,29.28529,36.02568,49.95,0865:42:10,1,02
15:49:24,0.07621,215.30,0.42189,6.93707,5.06406,29.28529,36.0257,49.95,0865:42:11,1,02
15:49:25,0.07642,215.30,0.41783,6.89053,5.03009,29.28529,36.0257,49.98,0865:42:12,1,02
15:49:26,0.07617,215.30,0.41984,6.9017,5.03824,29.28529,36.0257,49.95,0865:42:13,1,02
15:49:27,0.07621,215.40,0.41853,6.88495,5.02601,29.28529,36.0257,49.95,0865:42:14,1,02
15:49:28,0.07621,215.30,0.41908,6.8924,5.03145,29.2853,36.02571,49.96,0865:42:15,1,02
15:49:29,0.07639,215.30,0.42117,6.94079,5.06678,29.2853,36.02571,49.96,0865:42:16,1,02
15:49:30,0.07596,215.20,0.42184,6.91101,5.04504,29.2853,36.02571,49.98,0865:42:17,1,02
15:49:31,0.07625,215.20,0.4194,6.89612,5.03417,29.2853,36.02571,49.98,0865:42:18,1,02
15:49:32,0.07642,215.10,0.41864,6.89612,5.03417,29.2853,36.02571,49.96,0865:42:19,1,02
15:49:33,0.07603,215.00,0.42094,6.89798,5.03552,29.28531,36.02571,49.96,0865:42:20,1,02
15:49:34,0.07581,215.00,0.41969,6.85703,5.00563,29.28531,36.02571,49.96,0865:42:21,1,02
15:49:35,0.07642,215.00,0.42156,6.94265,5.06813,29.28531,36.02573,49.96,0865:42:22,1,02
15:49:36,0.076,215.00,0.42214,6.91287,5.04639,29.28531,36.02573,49.96,0865:42:23,1,02
15:49:37,0.07653,215.00,0.41932,6.91659,5.04911,29.28531,36.02573,49.96,0865:42:24,1,02
15:49:38,0.07581,215.00,0.42084,6.8775,5.02058,29.28532,36.02573,49.96,0865:42:26,1,02
15:49:39,0.07653,214.70,0.41849,6.89053,5.03009,29.28532,36.02574,49.96,0865:42:27,1,02
15:49:40,0.07699,214.70,0.42079,6.97057,5.08852,29.28532,36.02574,49.98,0865:42:28,1,02
15:49:41,0.07713,215.00,0.41713,6.93334,5.06134,29.28532,36.02574,49.98,0865:42:29,1,02
15:49:42,0.07685,214.90,0.41612,6.88867,5.02873,29.28532,36.02575,49.96,0865:42:30,1,02
15:49:43,0.07681,214.90,0.41676,6.89612,5.03417,29.28533,36.02575,49.96,0865:42:31,1,02
15:49:44,0.07678,214.90,0.41715,6.89798,5.03552,29.28533,36.02575,49.98,0865:42:32,1,02
15:49:45,0.07688,214.80,0.41657,6.89612,5.03417,29.28533,36.02575,49.98,0865:42:33,1,02
15:49:46,0.07713,214.80,0.41379,6.87006,5.01514,29.28533,36.02576,49.96,0865:42:34,1,02
15:49:47,0.07695,214.90,0.41599,6.89426,5.03281,29.28533,36.02576,49.96,0865:42:35,1,02
15:49:48,0.07664,215.10,0.41764,6.89984,5.03688,29.28534,36.02576,49.96,0865:42:36,1,02
15:49:49,0.07664,215.10,0.41764,6.89984,5.03688,29.28534,36.02576,49.96,0865:42:36,1,02
15:49:50,0.07621,215.20,0.41972,6.89984,5.03688,29.28534,36.02576,49.98,0865:42:37,1,02
15:49:51,0.07621,215.30,0.41863,6.88495,5.02601,29.28534,36.02576,49.98,0865:42:38,1,02
15:49:52,0.07625,215.40,0.41836,6.88681,5.02737,29.28534,36.02576,49.99,0865:42:39,1,02
15:49:53,0.07628,215.40,0.41883,6.89612,5.03417,29.28534,36.02576,49.99,0865:42:40,1,02
15:49:54,0.07632,215.40,0.42117,6.94079,5.06678,29.28535,36.02578,50.00,0865:42:41,1,02
15:49:55,0.07596,215.40,0.4209,6.90356,5.0396,29.28535,36.02578,50.00,0865:42:42,1,02
15:49:56,0.07639,215.40,0.41772,6.88867,5.02873,29.28535,36.02578,50.00,0865:42:43,1,02
15:49:57,0.07628,215.30,0.41891,6.89426,5.03281,29.28535,36.02578,50.00,0865:42:44,1,02
15:49:58,0.07596,215.20,0.42004,6.88309,5.02465,29.28535,36.02579,50.03,0865:42:45,1,02
15:49:59,0.076,215.20,0.42005,6.88495,5.02601,29.28536,36.02579,50.03,0865:42:47,1,02
15:50:00,0.07649,215.10,0.41966,6.92218,5.05319,29.28536,36.02579,50.01,0865:42:48,1,02
15:50:01,0.07628,215.10,0.41976,6.90356,5.0396,29.28536,36.02579,50.01,0865:42:49,1,02
15:50:02,0.07607,215.20,0.41977,6.88495,5.02601,29.28536,36.02579,50.03,0865:42:50,1,02
15:50:03,0.07776,215.20,0.41996,7.0413,5.14015,29.28536,36.02579,50.03,0865:42:51,1,02
15:50:04,0.07607,215.20,0.41933,6.87937,5.02194,29.28537,36.02579,50.03,0865:42:52,1,02
15:50:05,0.07635,215.20,0.4177,6.8775,5.02058,29.28537,36.02581,50.03,0865:42:53,1,02
15:50:06,0.07628,215.20,0.41946,6.9017,5.03824,29.28537,36.02581,50.03,0865:42:54,1,02
15:50:07,0.07734,215.10,0.42108,7.02082,5.1252,29.28537,36.02581,50.03,0865:42:55,1,02
15:50:08,0.07635,215.00,0.4191,6.89426,5.03281,29.28537,36.02582,50.03,0865:42:56,1,02
15:50:09,0.07635,215.00,0.41865,6.88681,5.02737,29.28538,36.02582,50.03,0865:42:57,1,02
15:50:10,0.07674,215.00,0.41783,6.90915,5.04368,29.28538,36.02582,50.03,0865:42:58,1,02
15:50:11,0.07674,215.00,0.41986,6.94265,5.06813,29.28538,36.02582,50.03,0865:42:59,1,02
15:50:12,0.07635,215.00,0.4191,6.89426,5.03281,29.28538,36.02583,50.03,0865:43:00,1,02
15:50:13,0.07646,214.90,0.41964,6.91101,5.04504,29.28539,36.02583,50.01,0865:43:01,1,02
15:50:14,0.07649,214.90,0.41876,6.89798,5.03552,29.28539,36.02583,50.01,0865:43:02,1,02
15:50:15,0.07649,214.90,0.41876,6.89798,5.03552,29.28539,36.02583,50.01,0865:43:02,1,02
15:50:16,0.07681,214.80,0.4156,6.87378,5.01786,29.28539,36.02584,50.03,0865:43:03,1,02
15:50:17,0.0766,214.80,0.41804,6.8924,5.03145,29.28539,36.02584,50.03,0865:43:04,1,02
15:50:18,0.07671,214.80,0.41682,6.88309,5.02465,29.28539,36.02584,50.00,0865:43:05,1,02
15:50:19,0.07653,214.80,0.4181,6.88867,5.02873,29.2854,36.02584,50.00,0865:43:07,1,02
15:50:20,0.07671,214.80,0.4195,6.9259,5.05591,29.2854,36.02584,50.01,0865:43:08,1,02
15:50:21,0.07635,214.70,0.41923,6.88867,5.02873,29.2854,36.02584,50.01,0865:43:09,1,02
15:50:22,0.0766,214.70,0.41902,6.90542,5.04096,29.2854,36.02584,50.00,0865:43:10,1,02
15:50:23,0.07639,214.60,0.42048,6.90915,5.04368,29.2854,36.02584,50.00,0865:43:11,1,02
15:50:24,0.07632,214.80,0.41876,6.87937,5.02194,29.28541,36.02586,50.01,0865:43:12,1,02
15:50:25,0.07667,214.70,0.41774,6.89053,5.03009,29.28541,36.02586,50.01,0865:43:13,1,02
15:50:26,0.07678,214.90,0.41849,6.91845,5.05047,29.28541,36.02586,50.00,0865:43:14,1,02
15:50:27,0.07646,214.90,0.41772,6.87937,5.02194,29.28541,36.02587,49.99,0865:43:15,1,02
15:50:28,0.07607,214.90,0.41818,6.84959,5.0002,29.28541,36.02587,49.99,0865:43:16,1,02
15:50:29,0.07653,214.90,0.41744,6.87937,5.02194,29.28542,36.02587,49.99,0865:43:17,1,02
15:50:30,0.07664,214.90,0.41778,6.89426,5.03281,29.28542,36.02587,49.99,0865:43:18,1,02
15:50:31,0.07639,214.90,0.41968,6.90542,5.04096,29.28542,36.02588,49.98,0865:43:19,1,02
15:50:32,0.07607,214.70,0.41915,6.86075,5.00835,29.28542,36.02588,49.98,0865:43:20,1,02
15:50:33,0.07685,214.20,0.41922,6.91659,5.04911,29.28542,36.02588,49.98,0865:43:21,1,02
15:50:34,0.07674,214.30,0.41891,6.90356,5.0396,29.28543,36.02589,49.98,0865:43:22,1,02
15:50:35,0.07632,214.60,0.41882,6.87564,5.01922,29.28543,36.02589,49.95,0865:43:23,1,02
15:50:36,0.07642,214.60,0.42038,6.90915,5.04368,29.28543,36.02589,49.95,0865:43:24,1,02
15:50:37,0.07625,214.70,0.42035,6.89612,5.03417,29.28543,36.02589,49.96,0865:43:25,1,02
15:50:38,0.07625,214.80,0.42143,6.91845,5.05047,29.28543,36.02589,49.96,0865:43:26,1,02
15:50:40,0.07625,214.80,0.42143,6.91845,5.05047,29.28543,36.02589,49.96,0865:43:26,1,02
15:50:41,0.07681,214.80,0.41524,6.86634,5.01243,29.28544,36.02589,49.98,0865:43:28,1,02
15:50:42,0.07709,214.80,0.41465,6.88123,5.0233,29.28544,36.02589,49.98,0865:43:29,1,02
15:50:43,0.07674,215.00,0.41729,6.9017,5.03824,29.28544,36.02589,49.98,0865:43:30,1,02
15:50:44,0.07656,215.10,0.41747,6.8924,5.03145,29.28544,36.02591,49.98,0865:43:31,1,02
15:50:45,0.07678,215.10,0.41734,6.90729,5.04232,29.28544,36.02591,49.98,0865:43:32,1,02
15:50:46,0.07656,215.10,0.41791,6.89798,5.03552,29.28545,36.02591,49.98,0865:43:33,1,02
15:50:47,0.07688,214.90,0.41717,6.90915,5.04368,29.28545,36.02592,49.98,0865:43:34,1,02
15:50:48,0.07646,214.90,0.41849,6.89053,5.03009,29.28545,36.02592,49.98,0865:43:35,1,02
15:50:49,0.07685,214.50,0.41853,6.91287,5.04639,29.28545,36.02592,49.98,0865:43:36,1,02
15:50:50,0.07731,214.70,0.4143,6.8924,5.03145,29.28545,36.02592,49.96,0865:43:37,1,02
15:50:51,0.07709,214.50,0.41689,6.90915,5.04368,29.28546,36.02592,49.96,0865:43:38,1,02
15:50:52,0.0772,214.20,0.41622,6.89798,5.03552,29.28546,36.02592,49.98,0865:43:39,1,02
15:50:53,0.07717,214.10,0.41234,6.82911,4.98525,29.28546,36.02592,49.98,0865:43:40,1,02
15:50:54,0.07794,214.10,0.41409,6.9259,5.05591,29.28546,36.02594,49.98,0865:43:41,1,02
15:50:55,0.078,214.10,0.41161,6.89053,5.03009,29.28546,36.02594,49.98,0865:43:42,1,02
15:50:56,0.07776,214.00,0.41375,6.9017,5.03824,29.28547,36.02594,49.98,0865:43:43,1,02
15:50:57,0.07769,214.30,0.41388,6.90542,5.04096,29.28547,36.02594,49.98,0865:43:44,1,02
15:50:58,0.07769,214.40,0.41405,6.91287,5.04639,29.28547,36.02595,49.98,0865:43:45,1,02
15:50:59,0.07745,214.60,0.41464,6.90729,5.04232,29.28547,36.02595,49.98,0865:43:46,1,02
15:51:00,0.07794,214.50,0.4137,6.93334,5.06134,29.28547,36.02595,49.96,0865:43:47,1,02
15:51:01,0.07762,214.40,0.4133,6.89426,5.03281,29.28548,36.02596,49.96,0865:43:49,1,02
15:51:02,0.07787,214.20,0.4124,6.89612,5.03417,29.28548,36.02596,49.98,0865:43:50,1,02
15:51:03,0.07762,214.40,0.41205,6.87192,5.0165,29.28548,36.02596,49.98,0865:43:51,1,02
15:51:04,0.07776,214.30,0.41063,6.85889,5.00699,29.28548,36.02596,49.98,0865:43:52,1,02
15:51:05,0.07783,214.40,0.41231,6.89612,5.03417,29.28548,36.02597,49.98,0865:43:53,1,02
15:51:06,0.07783,214.40,0.41231,6.89612,5.03417,29.28548,36.02597,49.98,0865:43:53,1,02
15:51:07,0.07828,214.50,0.41219,6.93707,5.06406,29.28549,36.02597,49.96,0865:43:54,1,02
15:51:08,0.07702,214.60,0.41494,6.87378,5.01786,29.28549,36.02597,49.96,0865:43:55,1,02
15:51:09,0.07794,214.40,0.41385,6.92962,5.05862,29.28549,36.02597,49.96,0865:43:56,1,02
15:51:10,0.07765,214.40,0.41312,6.89426,5.03281,29.28549,36.02597,49.96,0865:43:57,1,02
15:51:11,0.07745,214.50,0.41458,6.9017,5.03824,29.28549,36.02597,49.96,0865:43:58,1,02
15:51:12,0.07776,214.60,0.41429,6.92776,5.05726,29.2855,36.02597,49.98,0865:43:59,1,02
15:51:13,0.07745,214.60,0.4135,6.88681,5.02737,29.2855,36.02599,49.98,0865:44:00,1,02
15:51:14,0.07818,214.40,0.41272,6.9352,5.0627,29.2855,36.02599,49.98,0865:44:01,1,02
15:51:15,0.07773,214.40,0.41397,6.91473,5.04775,29.2855,36.02599,49.98,0865:44:02,1,02
15:51:16,0.07734,214.40,0.41319,6.86634,5.01243,29.2855,36.026,49.99,0865:44:03,1,02
15:51:17,0.07717,214.30,0.41298,6.84586,4.99748,29.28551,36.026,49.99,0865:44:04,1,02
15:51:18,0.07769,214.40,0.41371,6.90729,5.04232,29.28551,36.026,49.96,0865:44:05,1,02
15:51:19,0.07797,214.40,0.40993,6.87006,5.01514,29.28551,36.026,49.96,0865:44:06,1,02
15:51:20,0.07783,214.50,0.41402,6.92776,5.05726,29.28551,36.026,49.96,0865:44:07,1,02
15:51:21,0.07762,214.70,0.41319,6.9017,5.03824,29.28551,36.026,49.96,0865:44:09,1,02
15:51:22,0.07751,214.70,0.41364,6.89984,5.03688,29.28552,36.026,49.98,0865:44:10,1,02
15:51:23,0.0778,214.70,0.41274,6.91101,5.04504,29.28552,36.02602,49.98,0865:44:11,1,02
15:51:24,0.07731,214.90,0.41503,6.90915,5.04368,29.28552,36.02602,49.98,0865:44:12,1,02
15:51:25,0.07745,214.80,0.41315,6.88867,5.02873,29.28552,36.02602,49.98,0865:44:13,1,02
15:51:26,0.078,214.70,0.4134,6.93893,5.06542,29.28552,36.02602,49.98,0865:44:14,1,02
15:51:27,0.07769,214.70,0.41205,6.88867,5.02873,29.28553,36.02603,49.98,0865:44:15,1,02
15:51:28,0.0779,214.70,0.41037,6.8775,5.02058,29.28553,36.02603,49.99,0865:44:16,1,02
15:51:29,0.0772,214.60,0.41244,6.84772,4.99884,29.28553,36.02603,49.98,0865:44:17,1,02
15:51:30,0.0772,214.60,0.41244,6.84772,4.99884,29.28553,36.02603,49.98,0865:44:17,1,02
15:51:31,0.07745,214.50,0.41227,6.86634,5.01243,29.28553,36.02604,49.98,0865:44:18,1,02
15:51:32,0.07731,214.60,0.41357,6.87564,5.01922,29.28553,36.02604,49.98,0865:44:19,1,02
15:51:33,0.07751,214.60,0.41447,6.90915,5.04368,29.28554,36.02604,49.98,0865:44:20,1,02
15:51:34,0.07804,214.60,0.4126,6.92404,5.05455,29.28554,36.02604,49.98,0865:44:21,1,02
15:51:35,0.07765,214.50,0.41382,6.90915,5.04368,29.28554,36.02605,49.98,0865:44:22,1,02
15:51:36,0.07734,214.60,0.41428,6.89053,5.03009,29.28554,36.02605,50.00,0865:44:23,1,02
15:51:37,0.07751,214.70,0.41442,6.91287,5.04639,29.28554,36.02605,50.00,0865:44:24,1,02
15:51:38,0.07724,214.70,0.41411,6.88309,5.02465,29.28555,36.02605,50.00,0865:44:25,1,02
15:51:39,0.07731,214.70,0.41374,6.88309,5.02465,29.28555,36.02605,50.00,0865:44:26,1,02
15:51:40,0.07741,214.80,0.41501,6.91659,5.04911,29.28555,36.02605,50.00,0865:44:27,1,02
15:51:41,0.07759,214.80,0.41295,6.89612,5.03417,29.28555,36.02605,50.00,0865:44:28,1,02
15:51:42,0.07731,214.90,0.41516,6.91287,5.04639,29.28555,36.02607,50.00,0865:44:30,1,02
15:51:43,0.07667,215.10,0.41667,6.88681,5.02737,29.28556,36.02607,50.00,0865:44:31,1,02
15:51:44,0.07667,215.10,0.41789,6.90542,5.04096,29.28556,36.02607,50.01,0865:44:32,1,02
15:51:45,0.07653,215.10,0.4171,6.88309,5.02465,29.28556,36.02608,50.01,0865:44:33,1,02
15:51:46,0.07649,215.10,0.41695,6.8775,5.02058,29.28556,36.02608,50.03,0865:44:34,1,02
15:51:47,0.07688,215.20,0.41762,6.9259,5.05591,29.28556,36.02608,50.03,0865:44:35,1,02
15:51:48,0.07646,215.10,0.41802,6.89053,5.03009,29.28557,36.02608,50.03,0865:44:36,1,02
15:51:49,0.07642,215.20,0.41834,6.89426,5.03281,29.28557,36.02608,50.03,0865:44:37,1,02
15:51:50,0.07642,215.10,0.41821,6.89053,5.03009,29.28557,36.02608,50.04,0865:44:38,1,02
15:51:51,0.07632,214.70,0.41816,6.86634,5.01243,29.28557,36.02608,50.04,0865:44:39,1,02
15:51:52,0.07734,214.60,0.41439,6.8924,5.03145,29.28557,36.02608,50.04,0865:44:40,1,02
15:51:53,0.07762,214.70,0.41464,6.9259,5.05591,29.28558,36.0261,50.04,0865:44:41,1,02
15:51:54,0.07783,214.60,0.41494,6.94637,5.07085,29.28558,36.0261,50.04,0865:44:42,1,02
15:51:55,0.07699,214.50,0.41487,6.86634,5.01243,29.28558,36.0261,50.04,0865:44:43,1,02
15:51:56,0.07699,214.50,0.41487,6.86634,5.01243,29.28558,36.0261,50.04,0865:44:43,1,02
15:51:57,0.07769,214.30,0.41423,6.91287,5.04639,29.28558,36.02611,50.04,0865:44:44,1,02
15:51:58,0.07731,214.50,0.41241,6.85331,5.00291,29.28558,36.02611,50.04,0865:44:45,1,02
15:51:59,0.07769,214.30,0.41334,6.89798,5.03552,29.28559,36.02611,50.04,0865:44:46,1,02
15:52:00,0.07769,214.40,0.41146,6.8682,5.01378,29.28559,36.02611,50.03,0865:44:47,1,02
15:52:01,0.07762,214.20,0.41242,6.87192,5.0165,29.28559,36.02612,50.03,0865:44:48,1,02
15:52:02,0.07706,214.20,0.41618,6.88495,5.02601,29.28559,36.02612,50.03,0865:44:49,1,02
15:52:03,0.07653,214.30,0.41859,6.88123,5.0233,29.28559,36.02612,50.03,0865:44:51,1,02
15:52:04,0.07671,214.30,0.41855,6.89612,5.03417,29.2856,36.02613,50.03,0865:44:52,1,02
15:52:05,0.07674,214.30,0.41766,6.88309,5.02465,29.2856,36.02613,50.03,0865:44:53,1,02
15:52:06,0.07667,214.20,0.41959,6.90542,5.04096,29.2856,36.02613,50.01,0865:44:54,1,02
15:52:07,0.07695,214.30,0.41834,6.91287,5.04639,29.2856,36.02613,50.01,0865:44:55,1,02
15:52:08,0.07656,214.30,0.42042,6.91287,5.04639,29.2856,36.02613,50.00,0865:44:56,1,02
15:52:09,0.07632,214.30,0.42005,6.88495,5.02601,29.28561,36.02613,50.00,0865:44:57,1,02
15:52:10,0.07639,214.10,0.42074,6.89612,5.03417,29.28561,36.02613,50.01,0865:44:58,1,02
15:52:11,0.07671,214.10,0.42061,6.92218,5.05319,29.28561,36.02615,50.01,0865:44:59,1,02
15:52:12,0.07649,214.00,0.41969,6.88681,5.02737,29.28561,36.02615,50.01,0865:45:00,1,02
15:52:13,0.07674,214.00,0.42109,6.93334,5.06134,29.28561,36.02615,50.00,0865:45:01,1,02
15:52:14,0.07639,214.00,0.42195,6.91287,5.04639,29.28562,36.02615,50.00,0865:45:02,1,02
15:52:15,0.07639,214.00,0.42093,6.89612,5.03417,29.28562,36.02616,49.99,0865:45:03,1,02
15:52:16,0.07635,213.90,0.42142,6.89798,5.03552,29.28562,36.02616,49.99,0865:45:04,1,02
15:52:17,0.07671,214.00,0.41934,6.89984,5.03688,29.28562,36.02616,50.00,0865:45:05,1,02
15:52:18,0.07639,214.20,0.42113,6.90729,5.04232,29.28562,36.02616,50.00,0865:45:06,1,02
15:52:19,0.07628,214.30,0.41992,6.88123,5.0233,29.28563,36.02617,49.98,0865:45:07,1,02
15:52:20,0.07639,214.20,0.42202,6.92031,5.05183,29.28563,36.02617,49.98,0865:45:08,1,02
15:52:21,0.07639,214.20,0.42202,6.92031,5.05183,29.28563,36.02617,49.98,0865:45:08,1,02
15:52:22,0.07639,214.20,0.4202,6.89053,5.03009,29.28563,36.02617,49.99,0865:45:09,1,02
15:52:23,0.07642,214.10,0.41977,6.88495,5.02601,29.28563,36.02618,49.99,0865:45:11,1,02
15:52:24,0.07639,214.20,0.42053,6.89426,5.03281,29.28563,36.02618,49.98,0865:45:12,1,02
15:52:25,0.07639,214.20,0.42019,6.88867,5.02873,29.28564,36.02618,49.98,0865:45:13,1,02
15:52:26,0.07646,214.10,0.42,6.88867,5.02873,29.28564,36.02618,49.96,0865:45:14,1,02
15:52:27,0.07695,214.00,0.41744,6.88867,5.02873,29.28564,36.02619,49.96,0865:45:15,1,02
15:52:28,0.07635,214.00,0.41964,6.87192,5.0165,29.28564,36.02619,49.98,0865:45:16,1,02
15:52:29,0.07642,214.10,0.421,6.90356,5.0396,29.28564,36.02619,49.98,0865:45:17,1,02
15:52:30,0.07635,214.10,0.4214,6.90542,5.04096,29.28565,36.0262,49.96,0865:45:18,1,02
15:52:31,0.07653,214.20,0.42046,6.90729,5.04232,29.28565,36.0262,49.95,0865:45:19,1,02
15:52:32,0.07681,214.20,0.41749,6.88495,5.02601,29.28565,36.0262,49.95,0865:45:20,1,02
15:52:34,0.07674,214.30,0.41926,6.91101,5.04504,29.28565,36.0262,49.96,0865:45:21,1,02
15:52:35,0.07688,214.40,0.41988,6.9352,5.0627,29.28565,36.02621,49.96,0865:45:22,1,02
15:52:36,0.07702,213.90,0.41984,6.93148,5.05998,29.28566,36.02621,49.95,0865:45:23,1,02
15:52:37,0.07762,214.10,0.41618,6.93148,5.05998,29.28566,36.02621,49.95,0865:45:24,1,02
15:52:38,0.07748,213.80,0.41493,6.89053,5.03009,29.28566,36.02621,49.95,0865:45:25,1,02
15:52:39,0.07776,214.00,0.41386,6.90356,5.0396,29.28566,36.02621,49.95,0865:45:26,1,02
15:52:40,0.07759,214.10,0.41424,6.89612,5.03417,29.28566,36.02621,49.95,0865:45:27,1,02
15:52:41,0.07702,214.20,0.41533,6.86634,5.01243,29.28567,36.02621,49.95,0865:45:28,1,02
15:52:42,0.07731,214.10,0.41495,6.88309,5.02465,29.28567,36.02623,49.95,0865:45:29,1,02
15:52:43,0.07731,214.10,0.41551,6.8924,5.03145,29.28567,36.02623,49.95,0865:45:30,1,02
15:52:44,0.07727,214.00,0.41489,6.8775,5.02058,29.28567,36.02623,49.95,0865:45:32,1,02
15:52:45,0.07699,214.30,0.41805,6.91287,5.04639,29.28567,36.02623,49.95,0865:45:33,1,02
15:52:46,0.07681,214.40,0.41766,6.8924,5.03145,29.28568,36.02624,49.98,0865:45:34,1,02
15:52:47,0.07681,214.40,0.41766,6.8924,5.03145,29.28568,36.02624,49.98,0865:45:34,1,02
15:52:48,0.07685,214.40,0.41783,6.89984,5.03688,29.28568,36.02624,49.98,0865:45:35,1,02
15:52:49,0.0766,214.40,0.41767,6.87378,5.01786,29.28568,36.02624,49.96,0865:45:36,1,02
15:52:50,0.07656,214.40,0.41923,6.89798,5.03552,29.28568,36.02625,49.96,0865:45:37,1,02
15:52:51,0.07632,214.40,0.42043,6.89426,5.03281,29.28568,36.02625,49.98,0865:45:38,1,02
15:52:52,0.07678,214.40,0.42001,6.92962,5.05862,29.28569,36.02625,49.98,0865:45:39,1,02
15:52:53,0.07702,214.30,0.41864,6.92404,5.05455,29.28569,36.02625,49.96,0865:45:40,1,02
15:52:54,0.07671,214.20,0.42075,6.92776,5.05726,29.28569,36.02626,49.99,0865:45:41,1,02
15:52:55,0.07649,214.10,0.42073,6.90542,5.04096,29.28569,36.02626,49.99,0865:45:42,1,02
15:52:56,0.0766,214.10,0.41938,6.89426,5.03281,29.28569,36.02626,49.99,0865:45:43,1,02
15:52:57,0.07671,214.00,0.4181,6.87937,5.02194,29.2857,36.02626,49.99,0865:45:44,1,02
15:52:58,0.07695,214.00,0.41892,6.91473,5.04775,29.2857,36.02626,49.98,0865:45:45,1,02
15:52:59,0.07649,213.90,0.41909,6.87378,5.01786,29.2857,36.02626,49.98,0865:45:46,1,02
15:53:00,0.07681,213.90,0.41985,6.91287,5.04639,29.2857,36.02626,49.99,0865:45:47,1,02
15:53:01,0.07706,213.90,0.4199,6.93707,5.06406,29.2857,36.02628,49.99,0865:45:48,1,02
15:53:02,0.07671,213.80,0.41803,6.87192,5.0165,29.28571,36.02628,49.98,0865:45:49,1,02
15:53:03,0.07639,213.90,0.41828,6.84959,5.0002,29.28571,36.02628,49.98,0865:45:50,1,02
15:53:04,0.07617,213.80,0.42132,6.8775,5.02058,29.28571,36.02628,49.96,0865:45:52,1,02
15:53:05,0.0766,213.90,0.42201,6.92962,5.05862,29.28571,36.02629,49.96,0865:45:53,1,02
15:53:06,0.07664,213.90,0.41935,6.89053,5.03009,29.28571,36.02629,49.98,0865:45:54,1,02
15:53:07,0.07628,214.00,0.42171,6.89798,5.03552,29.28572,36.02629,49.98,0865:45:55,1,02
15:53:08,0.07621,214.00,0.42257,6.90729,5.04232,29.28572,36.02629,49.96,0865:45:56,1,02
15:53:09,0.076,214.00,0.42281,6.8924,5.03145,29.28572,36.02629,49.96,0865:45:57,1,02
15:53:10,0.07628,214.00,0.42105,6.88867,5.02873,29.28572,36.02629,49.96,0865:45:58,1,02
15:53:11,0.07628,214.00,0.42105,6.88867,5.02873,29.28572,36.02629,49.96,0865:45:58,1,02
15:53:12,0.07709,214.10,0.41967,6.94265,5.06813,29.28573,36.02629,49.96,0865:45:59,1,02
15:53:13,0.07678,214.10,0.42056,6.92776,5.05726,29.28573,36.02631,49.96,0865:46:00,1,02
15:53:14,0.07639,214.00,0.42288,6.92962,5.05862,29.28573,36.02631,49.96,0865:46:01,1,02
15:53:15,0.07628,214.10,0.42108,6.8924,5.03145,29.28573,36.02631,49.96,0865:46:02,1,02
15:53:16,0.07635,214.20,0.4214,6.90542,5.04096,29.28573,36.02631,49.96,0865:46:03,1,02
15:53:17,0.07642,214.20,0.42013,6.8924,5.03145,29.28574,36.02632,49.96,0865:46:04,1,02
15:53:18,0.07589,214.20,0.41947,6.8347,4.98933,29.28574,36.02632,49.95,0865:46:05,1,02
15:53:19,0.0761,214.20,0.42082,6.87564,5.01922,29.28574,36.02632,49.95,0865:46:06,1,02
15:53:20,0.07653,214.20,0.42261,6.94265,5.06813,29.28574,36.02633,49.96,0865:46:07,1,02
15:53:21,0.07625,214.20,0.42154,6.89984,5.03688,29.28574,36.02633,49.96,0865:46:08,1,02
15:53:22,0.07639,214.30,0.41967,6.88495,5.02601,29.28575,36.02633,49.96,0865:46:09,1,02
15:53:23,0.07639,214.40,0.42084,6.90729,5.04232,29.28575,36.02633,49.96,0865:46:10,1,02
15:53:24,0.07625,214.60,0.4202,6.89053,5.03009,29.28575,36.02634,49.98,0865:46:11,1,02
15:53:25,0.07614,214.70,0.42047,6.88867,5.02873,29.28575,36.02634,49.98,0865:46:13,1,02
15:53:26,0.07625,215.00,0.42024,6.90356,5.0396,29.28575,36.02634,49.99,0865:46:14,1,02
15:53:27,0.07625,215.00,0.42058,6.90915,5.04368,29.28576,36.02634,49.99,0865:46:15,1,02
15:53:28,0.0761,214.80,0.4214,6.90542,5.04096,29.28576,36.02634,49.98,0865:46:16,1,02
15:53:29,0.07607,214.90,0.42068,6.89053,5.03009,29.28576,36.02634,49.98,0865:46:17,1,02
15:53:30,0.07617,214.90,0.42058,6.89984,5.03688,29.28576,36.02634,49.99,0865:46:18,1,02
15:53:31,0.07642,214.80,0.41866,6.88867,5.02873,29.28576,36.02636,49.99,0865:46:19,1,02
15:53:32,0.07646,214.70,0.42138,6.93334,5.06134,29.28577,36.02636,49.99,0865:46:20,1,02
15:53:33,0.07625,214.70,0.42094,6.90729,5.04232,29.28577,36.02636,49.99,0865:46:21,1,02
15:53:34,0.07614,214.70,0.41992,6.88123,5.0233,29.28577,36.02636,50.00,0865:46:22,1,02
15:53:35,0.07603,214.60,0.42046,6.8775,5.02058,29.28577,36.02637,49.99,0865:46:23,1,02
15:53:36,0.07617,214.70,0.42051,6.8924,5.03145,29.28577,36.02637,49.99,0865:46:24,1,02
15:53:37,0.07617,214.70,0.42051,6.8924,5.03145,29.28577,36.02637,49.99,0865:46:24,1,02
15:53:38,0.07589,214.80,0.4216,6.88681,5.02737,29.28578,36.02637,50.00,0865:46:25,1,02
15:53:39,0.07592,214.70,0.42187,6.89426,5.03281,29.28578,36.02637,50.00,0865:46:26,1,02
15:53:40,0.0761,214.80,0.42216,6.91473,5.04775,29.28578,36.02637,50.01,0865:46:27,1,02
15:53:41,0.07632,214.70,0.41954,6.89053,5.03009,29.28578,36.02637,50.01,0865:46:28,1,02
15:53:42,0.07625,214.70,0.41933,6.87937,5.02194,29.28578,36.02637,50.00,0865:46:29,1,02
15:53:43,0.07614,214.70,0.42013,6.88309,5.02465,29.28579,36.02639,50.00,0865:46:30,1,02
15:53:44,0.07625,214.70,0.42003,6.8924,5.03145,29.28579,36.02639,50.01,0865:46:31,1,02
15:53:45,0.07603,214.70,0.42082,6.88495,5.02601,29.28579,36.02639,50.01,0865:46:32,1,02
15:53:46,0.076,214.60,0.42189,6.89612,5.03417,29.28579,36.0264,50.03,0865:46:34,1,02
15:53:47,0.07607,214.70,0.42404,6.94079,5.06678,29.28579,36.0264,50.03,0865:46:35,1,02
15:53:48,0.07589,214.80,0.42252,6.9017,5.03824,29.2858,36.0264,50.01,0865:46:36,1,02
15:53:49,0.076,214.70,0.42099,6.88309,5.02465,29.2858,36.0264,50.01,0865:46:37,1,02
15:53:50,0.0761,214.70,0.42042,6.88309,5.02465,29.2858,36.02641,50.00,0865:46:38,1,02
15:53:51,0.07589,214.80,0.42195,6.8924,5.03145,29.2858,36.02641,50.00,0865:46:39,1,02
15:53:52,0.07628,214.70,0.42211,6.92962,5.05862,29.2858,36.02641,50.01,0865:46:40,1,02
15:53:53,0.07574,214.70,0.42224,6.88309,5.02465,29.28581,36.02641,50.01,0865:46:41,1,02
15:53:54,0.07596,214.70,0.42109,6.88309,5.02465,29.28581,36.02642,50.03,0865:46:42,1,02
15:53:55,0.07635,214.70,0.41923,6.88867,5.02873,29.28581,36.02642,50.01,0865:46:43,1,02
15:53:56,0.07596,214.70,0.42267,6.90729,5.04232,29.28581,36.02642,50.01,0865:46:44,1,02
15:53:57,0.07632,214.70,0.42214,6.93334,5.06134,29.28581,36.02642,50.00,0865:46:45,1,02
15:53:58,0.07632,214.50,0.42287,6.93893,5.06542,29.28582,36.02642,50.00,0865:46:46,1,02
15:53:59,0.07639,214.60,0.42194,6.93148,5.05998,29.28582,36.02642,50.01,0865:46:47,1,02
15:54:00,0.07688,214.60,0.41884,6.9259,5.05591,29.28582,36.02642,50.01,0865:46:48,1,02
15:54:01,0.07635,214.50,0.42109,6.91287,5.04639,29.28582,36.02644,50.00,0865:46:49,1,02
15:54:02,0.07635,214.50,0.42109,6.91287,5.04639,29.28582,36.02644,50.00,0865:46:49,1,02
15:54:03,0.07635,214.50,0.42234,6.93334,5.06134,29.28582,36.02644,50.00,0865:46:50,1,02
15:54:04,0.07621,214.50,0.4224,6.92031,5.05183,29.28583,36.02644,49.99,0865:46:51,1,02
15:54:05,0.07678,214.50,0.41905,6.91845,5.05047,29.28583,36.02644,49.99,0865:46:52,1,02
15:54:06,0.07656,214.60,0.42075,6.92776,5.05726,29.28583,36.02645,50.00,0865:46:54,1,02
15:54:07,0.07625,214.60,0.41975,6.88309,5.02465,29.28583,36.02645,50.00,0865:46:55,1,02
15:54:08,0.07632,214.50,0.41912,6.8775,5.02058,29.28583,36.02645,50.00,0865:46:56,1,02
15:54:09,0.07635,214.40,0.41822,6.86261,5.00971,29.28584,36.02645,50.00,0865:46:57,1,02
15:54:10,0.0766,214.30,0.41695,6.85889,5.00699,29.28584,36.02645,49.98,0865:46:58,1,02
15:54:11,0.07653,214.30,0.42131,6.9259,5.05591,29.28584,36.02645,49.98,0865:46:59,1,02
15:54:12,0.07678,214.40,0.41932,6.91659,5.04911,29.28584,36.02645,49.98,0865:47:00,1,02
15:54:13,0.07646,214.40,0.41978,6.89612,5.03417,29.28584,36.02647,49.98,0865:47:01,1,02
15:54:14,0.07667,214.40,0.41876,6.89798,5.03552,29.28585,36.02647,49.98,0865:47:02,1,02
15:54:15,0.07678,214.20,0.41812,6.89053,5.03009,29.28585,36.02647,49.96,0865:47:03,1,02
15:54:16,0.07664,214.20,0.41944,6.89984,5.03688,29.28585,36.02648,49.96,0865:47:04,1,02
15:54:17,0.07688,214.20,0.42014,6.93334,5.06134,29.28585,36.02648,49.95,0865:47:05,1,02
15:54:18,0.07653,214.30,0.41984,6.9017,5.03824,29.28585,36.02648,49.95,0865:47:06,1,02
15:54:19,0.07678,214.40,0.41796,6.89426,5.03281,29.28586,36.02648,49.96,0865:47:07,1,02
15:54:20,0.07671,214.30,0.41868,6.89984,5.03688,29.28586,36.02649,49.96,0865:47:08,1,02
15:54:21,0.07642,214.40,0.41976,6.89426,5.03281,29.28586,36.02649,49.94,0865:47:09,1,02
15:54:22,0.07667,214.50,0.41891,6.90356,5.0396,29.28586,36.02649,49.94,0865:47:10,1,02
15:54:23,0.07695,214.50,0.41832,6.92031,5.05183,29.28586,36.02649,49.96,0865:47:11,1,02
15:54:24,0.07692,214.50,0.41952,6.93707,5.06406,29.28587,36.0265,49.96,0865:47:12,1,02
15:54:26,0.07614,214.80,0.4197,6.8775,5.02058,29.28587,36.0265,49.96,0865:47:13,1,02
15:54:27,0.0761,214.80,0.42025,6.88495,5.02601,29.28587,36.0265,49.96,0865:47:15,1,02
15:54:28,0.0761,214.80,0.42025,6.88495,5.02601,29.28587,36.0265,49.96,0865:47:15,1,02
15:54:29,0.076,214.60,0.42164,6.89053,5.03009,29.28587,36.0265,49.95,0865:47:16,1,02
15:54:30,0.07635,214.50,0.42073,6.90542,5.04096,29.28587,36.0265,49.95,0865:47:17,1,02
15:54:31,0.07607,214.40,0.4252,6.95196,5.07493,29.28588,36.0265,49.96,0865:47:18,1,02
15:54:32,0.07549,214.50,0.42523,6.9017,5.03824,29.28588,36.0265,49.96,0865:47:19,1,02
15:54:33,0.09154,214.70,0.43243,8.51731,6.21764,29.28588,36.02652,49.95,0865:47:20,1,02
15:54:34,0.11462,214.80,0.45617,11.25528,8.21636,29.28588,36.02652,49.95,0865:47:21,1,02
15:54:35,0.11376,214.70,0.4442,10.87558,7.93917,29.28589,36.02653,49.96,0865:47:22,1,02
15:54:36,0.12376,214.70,0.44962,11.97561,8.74219,29.28589,36.02653,49.96,0865:47:23,1,02
15:54:37,0.1303,214.80,0.44845,12.58053,9.18379,29.28589,36.02653,49.96,0865:47:24,1,02
15:54:38,0.13121,214.70,0.4491,12.67918,9.2558,29.2859,36.02654,49.96,0865:47:25,1,02
15:54:39,0.13043,214.60,0.44958,12.61403,9.20824,29.2859,36.02654,49.96,0865:47:26,1,02
15:54:40,0.13191,214.50,0.44612,12.65312,9.23678,29.28591,36.02655,49.95,0865:47:27,1,02
15:54:41,0.1296,214.40,0.44834,12.4856,9.11449,29.28591,36.02655,49.95,0865:47:28,1,02
15:54:42,0.1315,214.40,0.44876,12.6829,9.25852,29.28591,36.02656,49.96,0865:47:29,1,02
15:54:43,0.12995,214.40,0.4496,12.55261,9.1634,29.28592,36.02656,49.96,0865:47:30,1,02
15:54:44,0.13171,214.50,0.4501,12.74246,9.302,29.28592,36.02657,49.96,0865:47:31,1,02
15:54:45,0.13037,214.60,0.44775,12.55261,9.1634,29.28592,36.02657,49.96,0865:47:32,1,02
15:54:46,0.13061,214.60,0.45012,12.64754,9.2327,29.28593,36.02657,49.98,0865:47:33,1,02
15:54:47,0.1301,214.60,0.45163,12.60845,9.20417,29.28593,36.02658,49.98,0865:47:34,1,02
15:54:48,0.13024,214.60,0.44958,12.59728,9.19602,29.28593,36.02658,49.98,0865:47:36,1,02
15:54:49,0.13189,214.60,0.44836,12.71827,9.28433,29.28594,36.02658,49.98,0865:47:37,1,02
15:54:50,0.12909,214.50,0.45259,12.56192,9.1702,29.28594,36.02658,49.98,0865:47:38,1,02
15:54:51,0.13016,214.50,0.45091,12.61775,9.21096,29.28595,36.0266,49.98,0865:47:39,1,02
15:54:52,0.13037,214.40,0.45277,12.68662,9.26124,29.28595,36.0266,49.99,0865:47:40,1,02
15:54:53,0.13026,214.40,0.45047,12.61031,9.20553,29.28595,36.02661,49.99,0865:47:41,1,02
15:54:54,0.13026,214.40,0.45047,12.61031,9.20553,29.28595,36.02661,49.99,0865:47:41,1,02
15:54:55,0.1332,214.50,0.44988,12.88206,9.4039,29.28596,36.02661,49.98,0865:47:42,1,02
15:54:56,0.12968,214.60,0.44989,12.54889,9.16069,29.28596,36.02661,49.98,0865:47:43,1,02
15:54:57,0.13124,214.60,0.4514,12.74246,9.302,29.28596,36.02662,49.99,0865:47:44,1,02
15:54:58,0.12991,214.70,0.45074,12.60287,9.20009,29.28597,36.02662,50.00,0865:47:45,1,02
15:54:59,0.12494,214.40,0.44836,12.03889,8.78839,29.28597,36.02663,50.00,0865:47:46,1,02
15:55:00,0.13014,214.60,0.4486,12.55633,9.16612,29.28597,36.02663,49.99,0865:47:47,1,02
15:55:01,0.13018,214.60,0.44922,12.58053,9.18379,29.28598,36.02663,49.99,0865:47:48,1,02
15:55:02,0.13064,214.60,0.44966,12.63637,9.22455,29.28598,36.02663,50.00,0865:47:49,1,02
15:55:03,0.13005,214.50,0.45141,12.62334,9.21504,29.28599,36.02665,50.00,0865:47:50,1,02
15:55:04,0.13125,214.60,0.45186,12.75363,9.31015,29.28599,36.02665,50.00,0865:47:51,1,02
15:55:05,0.13057,214.50,0.44881,12.59728,9.19602,29.28599,36.02666,50.00,0865:47:52,1,02
15:55:06,0.13053,214.50,0.45138,12.66615,9.24629,29.286,36.02666,50.00,0865:47:53,1,02
15:55:07,0.13047,214.60,0.45098,12.65498,9.23814,29.286,36.02666,50.00,0865:47:54,1,02
15:55:08,0.13088,215.10,0.45066,12.7164,9.28297,29.286,36.02666,50.01,0865:47:55,1,02
15:55:09,0.13066,215.10,0.45037,12.68476,9.25988,29.28601,36.02666,50.01,0865:47:57,1,02
15:55:10,0.13022,215.10,0.45186,12.6829,9.25852,29.28601,36.02668,50.01,0865:47:58,1,02
15:55:11,0.13074,215.10,0.45304,12.76852,9.32102,29.28602,36.02668,50.01,0865:47:59,1,02
15:55:12,0.12918,215.10,0.4514,12.56936,9.17563,29.28602,36.02669,50.03,0865:48:00,1,02
15:55:13,0.13232,215.00,0.44843,12.78713,9.33461,29.28602,36.02669,50.03,0865:48:01,1,02
15:55:14,0.1298,215.10,0.44959,12.58239,9.18514,29.28603,36.0267,50.03,0865:48:02,1,02
15:55:15,0.13045,215.20,0.45216,12.72013,9.28569,29.28603,36.0267,50.03,0865:48:03,1,02
15:55:16,0.12972,215.10,0.45089,12.61217,9.20689,29.28603,36.0267,50.03,0865:48:04,1,02
15:55:17,0.13024,215.20,0.45123,12.67359,9.25172,29.28604,36.02671,50.03,0865:48:05,1,02
15:55:18,0.13082,215.10,0.44832,12.64381,9.22998,29.28604,36.02671,50.01,0865:48:06,1,02
15:55:19,0.13066,215.10,0.45176,12.72385,9.28841,29.28605,36.02671,50.03,0865:48:07,1,02
15:55:20,0.13066,215.10,0.45176,12.72385,9.28841,29.28605,36.02671,50.03,0865:48:07,1,02
15:55:21,0.13045,215.10,0.4534,12.74991,9.30743,29.28605,36.02671,50.03,0865:48:08,1,02
15:55:22,0.12903,214.90,0.45219,12.56936,9.17563,29.28605,36.02673,50.03,0865:48:09,1,02
15:55:23,0.13001,215.00,0.4513,12.64195,9.22863,29.28606,36.02673,50.03,0865:48:10,1,02
15:55:24,0.13082,214.90,0.44841,12.63637,9.22455,29.28606,36.02674,50.03,0865:48:11,1,02
15:55:25,0.13134,215.00,0.45141,12.77783,9.32781,29.28606,36.02674,50.03,0865:48:12,1,02
15:55:26,0.13111,215.00,0.45166,12.7648,9.3183,29.28607,36.02674,50.03,0865:48:13,1,02
15:55:27,0.13068,215.00,0.45227,12.73502,9.29656,29.28607,36.02674,50.03,0865:48:14,1,02
15:55:28,0.13035,214.80,0.45112,12.66057,9.24221,29.28607,36.02674,50.03,0865:48:15,1,02
15:55:29,0.13189,214.70,0.45255,12.72757,9.29113,29.28608,36.02676,50.03,0865:48:16,1,02
15:55:30,0.13097,215.20,0.45268,12.78527,9.33325,29.28608,36.02676,50.03,0865:48:18,1,02
15:55:31,0.13383,215.30,0.45178,13.04399,9.52211,29.28609,36.02677,50.03,0865:48:19,1,02
15:55:32,0.13366,215.30,0.45284,13.06447,9.53706,29.28609,36.02677,50.01,0865:48:20,1,02
15:55:33,0.1338,215.30,0.44959,12.98257,9.47728,29.28609,36.02678,50.01,0865:48:21,1,02
15:55:34,0.13338,215.30,0.45208,13.01235,9.49901,29.2861,36.02678,50.03,0865:48:22,1,02
15:55:35,0.13064,215.40,0.45314,12.77969,9.32917,29.2861,36.02679,50.03,0865:48:23,1,02
15:55:36,0.12958,215.40,0.45182,12.63823,9.22591,29.2861,36.02679,50.01,0865:48:24,1,02
15:55:37,0.13045,215.30,0.45319,12.75921,9.31423,29.28611,36.02679,50.01,0865:48:25,1,02
15:55:38,0.13109,215.40,0.45112,12.7648,9.3183,29.28611,36.02679,50.01,0865:48:26,1,02
15:55:39,0.13292,215.30,0.45419,13.02724,9.50989,29.28612,36.02679,50.00,0865:48:27,1,02
15:55:40,0.13281,215.30,0.45428,13.01979,9.50445,29.28612,36.02681,50.00,0865:48:28,1,02
15:55:41,0.13253,215.30,0.45483,13.00677,9.49494,29.28612,36.02681,49.99,0865:48:29,1,02
15:55:42,0.13095,215.30,0.45205,12.7741,9.3251,29.28613,36.02682,49.99,0865:48:30,1,02
15:55:43,0.13082,215.20,0.45047,12.71268,9.28026,29.28613,36.02682,49.99,0865:48:31,1,02
15:55:44,0.13109,215.20,0.45201,12.78155,9.33053,29.28613,36.02682,49.99,0865:48:32,1,02
15:55:45,0.13109,215.20,0.45201,12.78155,9.33053,29.28613,36.02682,49.99,0865:48:32,1,02
15:55:46,0.13047,215.30,0.45102,12.69965,9.27075,29.28614,36.02682,49.98,0865:48:33,1,02
15:55:47,0.13035,215.30,0.45196,12.71454,9.28162,29.28614,36.02684,49.98,0865:48:34,1,02
15:55:48,0.13074,215.30,0.45084,12.71827,9.28433,29.28615,36.02684,49.98,0865:48:35,1,02
15:55:49,0.13365,215.40,0.45078,13.00677,9.49494,29.28615,36.02684,49.98,0865:48:36,1,02
15:55:50,0.13216,215.50,0.4528,12.92673,9.43651,29.28615,36.02685,49.98,0865:48:38,1,02
15:55:51,0.13068,215.40,0.45257,12.77038,9.32238,29.28616,36.02685,49.98,0865:48:39,1,02
15:55:52,0.13103,215.60,0.45089,12.7648,9.3183,29.28616,36.02686,49.95,0865:48:40,1,02
15:55:53,0.13109,215.40,0.45193,12.79086,9.33733,29.28616,36.02686,49.95,0865:48:41,1,02
15:55:54,0.12974,215.50,0.45183,12.6587,9.24085,29.28617,36.02687,49.96,0865:48:42,1,02
15:55:55,0.13072,215.70,0.45349,12.81319,9.35363,29.28617,36.02687,49.96,0865:48:43,1,02
15:55:56,0.13113,215.70,0.45175,12.80761,9.34955,29.28618,36.02687,49.96,0865:48:44,1,02
15:55:57,0.13354,215.80,0.45207,13.06074,9.53434,29.28618,36.02687,49.96,0865:48:45,1,02
15:55:58,0.13119,215.80,0.45395,12.8802,9.40254,29.28618,36.02689,49.96,0865:48:46,1,02
15:55:59,0.12941,215.70,0.45476,12.72385,9.28841,29.28619,36.02689,49.96,0865:48:47,1,02
15:56:00,0.12991,215.70,0.45572,12.79644,9.3414,29.28619,36.02689,49.96,0865:48:48,1,02
15:56:01,0.12964,215.80,0.45526,12.7648,9.3183,29.28619,36.0269,49.95,0865:48:49,1,02
15:56:02,0.13265,215.70,0.45378,13.01049,9.49766,29.2862,36.0269,49.95,0865:48:50,1,02
15:56:03,0.12869,215.70,0.45632,12.69593,9.26803,29.2862,36.02691,49.96,0865:48:51,1,02
15:56:04,0.13105,215.60,0.45622,12.91742,9.42972,29.28621,36.02691,49.96,0865:48:52,1,02
15:56:05,0.1298,215.50,0.45419,12.73316,9.2952,29.28621,36.02692,49.96,0865:48:53,1,02
15:56:06,0.13124,215.50,0.45542,12.90998,9.42428,29.28621,36.02692,49.96,0865:48:54,1,02
15:56:07,0.1331,215.60,0.45346,13.04027,9.5194,29.28622,36.02693,49.96,0865:48:55,1,02
15:56:08,0.13206,215.70,0.45599,13.01607,9.50173,29.28622,36.02693,49.96,0865:48:56,1,02
15:56:09,0.13201,215.70,0.45656,13.02724,9.50989,29.28622,36.02693,49.96,0865:48:57,1,02
15:56:10,0.13201,215.70,0.45656,13.02724,9.50989,29.28622,36.02693,49.96,0865:48:57,1,02
15:56:11,0.12989,215.60,0.4553,12.77783,9.32781,29.28623,36.02694,49.96,0865:48:59,1,02
15:56:12,0.1302,215.60,0.45501,12.80016,9.34412,29.28623,36.02694,49.96,0865:49:00,1,02
15:56:13,0.12935,215.60,0.45465,12.70896,9.27754,29.28624,36.02695,49.96,0865:49:01,1,02
15:56:14,0.13068,215.70,0.45289,12.79458,9.34004,29.28624,36.02695,49.98,0865:49:02,1,02
15:56:15,0.12941,215.70,0.45577,12.75363,9.31015,29.28624,36.02695,49.98,0865:49:03,1,02
15:56:16,0.13125,215.70,0.45887,13.02166,9.50581,29.28625,36.02695,49.96,0865:49:04,1,02
15:56:17,0.13158,215.70,0.45421,12.92301,9.4338,29.28625,36.02697,49.96,0865:49:05,1,02
15:56:19,0.12972,215.80,0.45701,12.82064,9.35906,29.28625,36.02697,49.96,0865:49:06,1,02
15:56:20,0.1301,215.80,0.45595,12.8318,9.36722,29.28626,36.02697,49.96,0865:49:07,1,02
15:56:21,0.12909,215.80,0.45606,12.73129,9.29384,29.28626,36.02698,49.96,0865:49:08,1,02
15:56:22,0.12987,215.80,0.4562,12.81319,9.35363,29.28627,36.02698,49.98,0865:49:09,1,02
15:56:23,0.13047,215.80,0.45437,12.82436,9.36178,29.28627,36.02699,49.98,0865:49:10,1,02
15:56:24,0.12964,215.90,0.45667,12.81133,9.35227,29.28627,36.02699,49.99,0865:49:11,1,02
15:56:25,0.13012,215.80,0.45628,12.84111,9.37401,29.28628,36.027,49.99,0865:49:12,1,02
15:56:26,0.13171,215.60,0.45886,13.05888,9.53298,29.28628,36.027,49.99,0865:49:13,1,02
15:56:27,0.12989,215.50,0.45681,12.81691,9.35635,29.28628,36.027,49.99,0865:49:14,1,02
15:56:28,0.12596,215.50,0.45176,12.28831,8.97046,29.28629,36.027,50.00,0865:49:15,1,02
15:56:29,0.08532,215.40,0.43693,8.0464,5.87387,29.28629,36.027,50.00,0865:49:16,1,02
15:56:30,0.0823,215.20,0.42883,7.61458,5.55864,29.28629,36.02702,50.00,0865:49:17,1,02
15:56:31,0.07585,215.20,0.42467,6.94637,5.07085,29.28629,36.02702,50.00,0865:49:18,1,02
15:56:32,0.07578,215.20,0.42392,6.92776,5.05726,29.2863,36.02702,50.00,0865:49:20,1,02
15:56:33,0.07542,215.20,0.42596,6.92776,5.05726,29.2863,36.02702,50.00,0865:49:21,1,02
15:56:34,0.07571,215.10,0.42393,6.91845,5.05047,29.2863,36.02703,50.01,0865:49:22,1,02
15:56:35,0.07635,215.10,0.42219,6.94823,5.07221,29.2863,36.02703,50.01,0865:49:23,1,02
15:56:36,0.07614,215.10,0.42358,6.95382,5.07629,29.2863,36.02703,50.00,0865:49:24,1,02
15:56:37,0.07614,215.10,0.42358,6.95382,5.07629,29.2863,36.02703,50.00,0865:49:24,1,02
15:56:38,0.07614,215.30,0.42124,6.91845,5.05047,29.28631,36.02703,50.00,0865:49:25,1,02
15:56:39,0.07592,215.30,0.42307,6.92962,5.05862,29.28631,36.02703,50.00,0865:49:26,1,02
15:56:40,0.07549,215.30,0.42402,6.90729,5.04232,29.28631,36.02703,50.00,0865:49:27,1,02
15:56:41,0.07589,215.30,0.42337,6.93148,5.05998,29.28631,36.02703,50.00,0865:49:28,1,02
15:56:42,0.07646,215.20,0.42257,6.96871,5.08716,29.28632,36.02705,50.00,0865:49:29,1,02
15:56:43,0.07567,215.20,0.42406,6.92218,5.05319,29.28632,36.02705,50.00,0865:49:30,1,02
15:56:44,0.07567,215.20,0.42381,6.91659,5.04911,29.28632,36.02705,49.99,0865:49:31,1,02
15:56:45,0.07709,215.10,0.42508,7.0655,5.15781,29.28632,36.02705,49.99,0865:49:32,1,02
15:56:46,0.0761,214.90,0.4228,6.93148,5.05998,29.28632,36.02706,49.99,0865:49:33,1,02
15:56:47,0.07628,214.80,0.4209,6.91287,5.04639,29.28633,36.02706,49.99,0865:49:34,1,02
15:56:48,0.07635,214.80,0.4222,6.93893,5.06542,29.28633,36.02706,49.99,0865:49:35,1,02
15:56:49,0.07625,214.90,0.42326,6.9501,5.07357,29.28633,36.02707,49.99,0865:49:36,1,02
15:56:50,0.07614,214.90,0.42304,6.93707,5.06406,29.28633,36.02707,49.98,0865:49:37,1,02
15:56:51,0.076,215.00,0.42246,6.91659,5.04911,29.28633,36.02707,49.98,0865:49:38,1,02
15:56:52,0.076,215.00,0.42316,6.92962,5.05862,29.28634,36.02707,49.96,0865:49:39,1,02
15:56:53,0.07585,214.90,0.42457,6.9352,5.0627,29.28634,36.02708,49.96,0865:49:41,1,02
15:56:54,0.07571,214.70,0.42506,6.9259,5.05591,29.28634,36.02708,49.96,0865:49:42,1,02
15:56:55,0.07581,214.70,0.42368,6.91287,5.04639,29.28634,36.02708,49.96,0865:49:43,1,02
15:56:56,0.07603,214.90,0.42351,6.9352,5.0627,29.28634,36.02708,49.95,0865:49:44,1,02
15:56:57,0.07557,215.20,0.42508,6.92776,5.05726,29.28635,36.02708,49.95,0865:49:45,1,02
15:56:58,0.07564,215.20,0.42425,6.92218,5.05319,29.28635,36.02708,49.96,0865:49:46,1,02
15:56:59,0.07546,215.30,0.42398,6.90356,5.0396,29.28635,36.02708,49.96,0865:49:47,1,02
15:57:00,0.07596,215.30,0.42437,6.95568,5.07765,29.28635,36.0271,49.96,0865:49:48,1,02
15:57:01,0.07574,215.30,0.42348,6.92218,5.05319,29.28635,36.0271,49.96,0865:49:49,1,02
15:57:02,0.07574,215.30,0.42348,6.92218,5.05319,29.28635,36.0271,49.96,0865:49:49,1,02
15:57:03,0.07553,215.40,0.42557,6.93893,5.06542,29.28636,36.0271,49.98,0865:49:50,1,02
15:57:04,0.07549,215.40,0.4259,6.94265,5.06813,29.28636,36.0271,49.96,0865:49:51,1,02
15:57:05,0.07538,215.40,0.42408,6.90356,5.0396,29.28636,36.02711,49.96,0865:49:52,1,02
15:57:06,0.07585,215.50,0.42682,6.99104,5.10346,29.28636,36.02711,49.95,0865:49:53,1,02
15:57:07,0.0756,215.50,0.42248,6.89798,5.03552,29.28636,36.02711,49.95,0865:49:54,1,02
15:57:08,0.07567,215.50,0.42472,6.94079,5.06678,29.28637,36.02711,49.96,0865:49:55,1,02
15:57:09,0.07581,215.40,0.42485,6.95568,5.07765,29.28637,36.02711,49.96,0865:49:56,1,02
15:57:10,0.07585,215.40,0.42417,6.94451,5.06949,29.28637,36.02711,49.98,0865:49:57,1,02
15:57:11,0.07589,215.30,0.4236,6.9352,5.0627,29.28637,36.02711,49.98,0865:49:58,1,02
15:57:12,0.07621,215.30,0.42291,6.95382,5.07629,29.28637,36.02713,49.95,0865:49:59,1,02
15:57:13,0.07585,215.30,0.42505,6.95568,5.07765,29.28638,36.02713,49.95,0865:50:01,1,02
15:57:14,0.07553,215.20,0.42571,6.93334,5.06134,29.28638,36.02713,49.96,0865:50:02,1,02
15:57:15,0.07564,215.10,0.4241,6.91659,5.04911,29.28638,36.02713,49.96,0865:50:03,1,02
15:57:16,0.07592,215.00,0.42412,6.93893,5.06542,29.28638,36.02714,49.96,0865:50:04,1,02
15:57:17,0.0756,215.00,0.42573,6.9352,5.0627,29.28638,36.02714,49.96,0865:50:05,1,02
15:57:18,0.07557,215.00,0.42387,6.9017,5.03824,29.28639,36.02714,49.98,0865:50:06,1,02
15:57:19,0.07549,215.00,0.4238,6.89426,5.03281,29.28639,36.02715,49.98,0865:50:07,1,02
15:57:20,0.07585,215.00,0.42405,6.93148,5.05998,29.28639,36.02715,49.98,0865:50:08,1,02
15:57:21,0.07567,215.10,0.42287,6.89798,5.03552,29.28639,36.02715,49.98,0865:50:09,1,02
15:57:22,0.07564,215.20,0.42402,6.91845,5.05047,29.28639,36.02715,49.96,0865:50:10,1,02
15:57:23,0.07549,215.40,0.42474,6.92218,5.05319,29.2864,36.02716,49.96,0865:50:11,1,02
15:57:24,0.07513,215.40,0.42508,6.89612,5.03417,29.2864,36.02716,49.96,0865:50:12,1,02
15:57:25,0.07607,215.50,0.42375,6.96126,5.08172,29.2864,36.02716,49.96,0865:50:13,1,02
15:57:26,0.07528,215.50,0.42502,6.91101,5.04504,29.2864,36.02716,49.96,0865:50:14,1,02
15:57:27,0.07528,215.50,0.42502,6.91101,5.04504,29.2864,36.02716,49.96,0865:50:14,1,02
15:57:28,0.07546,215.60,0.42477,6.9259,5.05591,29.2864,36.02716,49.98,0865:50:15,1,02
15:57:29,0.0756,215.60,0.42436,6.93334,5.06134,29.28641,36.02716,49.98,0865:50:16,1,02
15:57:30,0.07528,215.60,0.42563,6.92404,5.05455,29.28641,36.02716,49.96,0865:50:17,1,02
15:57:31,0.07578,215.70,0.42354,6.93893,5.06542,29.28641,36.02718,49.96,0865:50:18,1,02
15:57:32,0.07546,215.80,0.42482,6.93148,5.05998,29.28641,36.02718,49.99,0865:50:19,1,02
15:57:33,0.07513,215.80,0.42509,6.90729,5.04232,29.28641,36.02718,49.99,0865:50:20,1,02
15:57:34,0.07506,215.80,0.4242,6.88495,5.02601,29.28642,36.02718,49.99,0865:50:22,1,02
15:57:35,0.07546,215.80,0.42336,6.90915,5.04368,29.28642,36.02719,49.99,0865:50:23,1,02
15:57:36,0.07492,215.60,0.42584,6.89426,5.03281,29.28642,36.02719,50.00,0865:50:24,1,02
15:57:37,0.07502,215.80,0.42634,6.91659,5.04911,29.28642,36.02719,50.00,0865:50:25,1,02
15:57:38,0.07542,215.80,0.42572,6.94451,5.06949,29.28642,36.02719,50.00,0865:50:26,1,02
15:57:39,0.07509,215.80,0.42507,6.90542,5.04096,29.28643,36.02719,50.00,0865:50:27,1,02
15:57:40,0.07578,215.80,0.42333,6.93707,5.06406,29.28643,36.02719,50.03,0865:50:28,1,02
15:57:41,0.07557,215.70,0.42493,6.94265,5.06813,29.28643,36.02719,50.03,0865:50:29,1,02
15:57:42,0.07531,215.70,0.42602,6.9352,5.0627,29.28643,36.02721,50.03,0865:50:30,1,02
15:57:43,0.07517,215.70,0.42487,6.90542,5.04096,29.28643,36.02721,50.03,0865:50:31,1,02
15:57:44,0.07557,215.50,0.42372,6.91659,5.04911,29.28644,36.02721,50.04,0865:50:32,1,02
15:57:45,0.07571,215.40,0.42337,6.92031,5.05183,29.28644,36.02721,50.04,0865:50:33,1,02
15:57:46,0.07517,215.20,0.42493,6.89053,5.03009,29.28644,36.02722,50.04,0865:50:34,1,02
15:57:47,0.07535,215.10,0.42472,6.89984,5.03688,29.28644,36.02722,50.05,0865:50:35,1,02
15:57:48,0.07546,215.10,0.42506,6.91473,5.04775,29.28644,36.02722,50.05,0865:50:36,1,02
15:57:49,0.07557,215.00,0.42617,6.94079,5.06678,29.28645,36.02722,50.04,0865:50:37,1,02
15:57:50,0.07546,215.00,0.42445,6.9017,5.03824,29.28645,36.02723,50.04,0865:50:38,1,02
15:57:51,0.07517,215.10,0.42626,6.90729,5.04232,29.28645,36.02723,50.03,0865:50:39,1,02
15:57:52,0.07517,215.10,0.42626,6.90729,5.04232,29.28645,36.02723,50.03,0865:50:39,1,02
15:57:53,0.07524,215.20,0.42544,6.90356,5.0396,29.28645,36.02723,50.03,0865:50:40,1,02
15:57:54,0.07535,215.30,0.42489,6.90729,5.04232,29.28645,36.02724,50.04,0865:50:41,1,02
15:57:55,0.07546,215.30,0.42364,6.89798,5.03552,29.28646,36.02724,50.04,0865:50:43,1,02
15:57:56,0.07553,215.30,0.42506,6.9259,5.05591,29.28646,36.02724,50.03,0865:50:44,1,02
15:57:57,0.07524,215.20,0.42613,6.91473,5.04775,29.28646,36.02724,50.03,0865:50:45,1,02
15:57:58,0.07549,215.20,0.42604,6.93707,5.06406,29.28646,36.02724,50.03,0865:50:46,1,02
15:57:59,0.07546,215.20,0.42509,6.91845,5.05047,29.28646,36.02724,50.03,0865:50:47,1,02
15:58:00,0.0756,215.00,0.42596,6.93893,5.06542,29.28647,36.02724,50.03,0865:50:48,1,02
15:58:01,0.07528,215.00,0.42623,6.91473,5.04775,29.28647,36.02724,50.03,0865:50:49,1,02
15:58:02,0.07499,215.10,0.42632,6.8924,5.03145,29.28647,36.02726,50.03,0865:50:50,1,02
15:58:03,0.07528,215.10,0.42787,6.94451,5.06949,29.28647,36.02726,50.03,0865:50:51,1,02
15:58:04,0.07513,215.20,0.42624,6.90542,5.04096,29.28647,36.02726,50.01,0865:50:52,1,02
15:58:05,0.07531,215.20,0.42436,6.8924,5.03145,29.28648,36.02727,50.03,0865:50:53,1,02
15:58:06,0.07506,215.10,0.42696,6.90915,5.04368,29.28648,36.02727,50.03,0865:50:54,1,02
15:58:07,0.07531,215.10,0.42526,6.90542,5.04096,29.28648,36.02727,50.01,0865:50:55,1,02
15:58:08,0.07553,215.10,0.42455,6.91287,5.04639,29.28648,36.02727,50.01,0865:50:56,1,02
15:58:09,0.07578,215.10,0.4239,6.9259,5.05591,29.28648,36.02728,50.03,0865:50:57,1,02
15:58:10,0.07596,215.20,0.42604,6.97988,5.09531,29.28649,36.02728,50.03,0865:50:58,1,02
15:58:11,0.07542,215.50,0.42607,6.94079,5.06678,29.28649,36.02728,50.01,0865:50:59,1,02
15:58:13,0.07528,215.50,0.42479,6.90729,5.04232,29.28649,36.02728,50.01,0865:51:00,1,02
15:58:14,0.07513,215.50,0.42474,6.89053,5.03009,29.28649,36.02729,50.03,0865:51:01,1,02
15:58:15,0.0756,215.10,0.42483,6.92218,5.05319,29.28649,36.02729,50.03,0865:51:03,1,02
15:58:16,0.07585,215.00,0.42462,6.94079,5.06678,29.2865,36.02729,50.03,0865:51:04,1,02
15:58:17,0.07557,215.10,0.42447,6.91473,5.04775,29.2865,36.02729,50.03,0865:51:05,1,02
15:58:18,0.07571,215.20,0.4243,6.92776,5.05726,29.2865,36.0273,50.00,0865:51:06,1,02
15:58:19,0.07571,215.20,0.4243,6.92776,5.05726,29.2865,36.0273,50.00,0865:51:06,1,02
15:58:20,0.07592,215.20,0.42191,6.90915,5.04368,29.2865,36.0273,50.00,0865:51:07,1,02
15:58:21,0.07585,215.10,0.4227,6.91101,5.04504,29.2865,36.0273,50.00,0865:51:08,1,02
15:58:22,0.07621,215.20,0.42208,6.93707,5.06406,29.28651,36.02731,50.00,0865:51:09,1,02
15:58:23,0.07646,215.10,0.42039,6.92962,5.05862,29.28651,36.02731,50.01,0865:51:10,1,02
15:58:24,0.07649,215.10,0.41862,6.90356,5.0396,29.28651,36.02731,50.01,0865:51:11,1,02
15:58:25,0.07681,215.10,0.41772,6.91659,5.04911,29.28651,36.02731,50.00,0865:51:12,1,02
15:58:26,0.07656,215.20,0.41885,6.91659,5.04911,29.28651,36.02732,50.00,0865:51:13,1,02
15:58:27,0.07664,215.10,0.41879,6.92031,5.05183,29.28652,36.02732,49.99,0865:51:14,1,02
15:58:28,0.07649,215.10,0.41964,6.92031,5.05183,29.28652,36.02732,49.98,0865:51:15,1,02
15:58:29,0.07678,215.10,0.4195,6.94451,5.06949,29.28652,36.02732,49.98,0865:51:16,1,02
15:58:30,0.07649,215.10,0.41795,6.8924,5.03145,29.28652,36.02732,49.98,0865:51:17,1,02
15:58:31,0.07632,215.10,0.41959,6.90542,5.04096,29.28653,36.02732,49.98,0865:51:18,1,02
15:58:32,0.07639,215.10,0.41998,6.91659,5.04911,29.28653,36.02732,49.98,0865:51:19,1,02
15:58:33,0.07653,215.10,0.419,6.91287,5.04639,29.28653,36.02734,49.98,0865:51:20,1,02
15:58:34,0.07642,215.20,0.41913,6.90729,5.04232,29.28653,36.02734,49.95,0865:51:21,1,02
15:58:35,0.07681,215.10,0.41841,6.92962,5.05862,29.28653,36.02734,49.95,0865:51:22,1,02
15:58:36,0.07653,215.20,0.4195,6.9259,5.05591,29.28654,36.02734,49.96,0865:51:23,1,02
15:58:37,0.07642,215.10,0.42024,6.92404,5.05455,29.28654,36.02735,49.96,0865:51:24,1,02
15:58:38,0.07628,215.10,0.41625,6.84586,4.99748,29.28654,36.02735,49.95,0865:51:26,1,02
15:58:39,0.07692,215.20,0.41655,6.91287,5.04639,29.28654,36.02735,49.95,0865:51:27,1,02
15:58:40,0.07628,215.30,0.41949,6.90542,5.04096,29.28654,36.02736,49.95,0865:51:28,1,02
15:58:41,0.07664,215.40,0.4209,6.96312,5.08308,29.28655,36.02736,49.95,0865:51:29,1,02
15:58:42,0.07625,215.50,0.42009,6.91845,5.05047,29.28655,36.02736,49.96,0865:51:30,1,02
15:58:43,0.0761,215.50,0.41882,6.88495,5.02601,29.28655,36.02736,49.96,0865:51:31,1,02
15:58:44,0.07667,215.50,0.41862,6.93148,5.05998,29.28655,36.02737,49.96,0865:51:32,1,02
15:58:45,0.07632,215.50,0.4203,6.92962,5.05862,29.28655,36.02737,49.96,0865:51:33,1,02
15:58:46,0.07632,215.50,0.4203,6.92962,5.05862,29.28655,36.02737,49.96,0865:51:33,1,02
15:58:47,0.0761,215.40,0.42082,6.91473,5.04775,29.28656,36.02737,49.96,0865:51:34,1,02
15:58:48,0.07646,215.30,0.4199,6.92776,5.05726,29.28656,36.02737,49.96,0865:51:35,1,02
15:58:49,0.07699,215.20,0.41951,6.96499,5.08444,29.28656,36.02737,49.95,0865:51:36,1,02
15:58:50,0.07664,215.00,0.41828,6.90729,5.04232,29.28656,36.02737,49.96,0865:51:37,1,02
15:58:51,0.07646,214.90,0.41738,6.87378,5.01786,29.28656,36.02737,49.96,0865:51:38,1,02
15:58:52,0.07674,214.90,0.41901,6.92404,5.05455,29.28657,36.02739,49.96,0865:51:39,1,02
15:58:53,0.07664,214.90,0.41903,6.91659,5.04911,29.28657,36.02739,49.96,0865:51:40,1,02
15:58:54,0.07671,214.90,0.41789,6.90542,5.04096,29.28657,36.02739,49.95,0865:51:41,1,02
15:58:55,0.07688,215.00,0.41743,6.91659,5.04911,29.28657,36.0274,49.95,0865:51:42,1,02
15:58:56,0.07664,215.10,0.41808,6.90542,5.04096,29.28657,36.0274,49.95,0865:51:43,1,02
15:58:57,0.0766,215.10,0.42031,6.94079,5.06678,29.28658,36.0274,49.95,0865:51:44,1,02
15:58:58,0.07678,214.90,0.41871,6.92218,5.05319,29.28658,36.0274,49.96,0865:51:45,1,02
15:58:59,0.07692,214.90,0.41798,6.92404,5.05455,29.28658,36.0274,49.96,0865:51:47,1,02
15:59:00,0.07639,214.90,0.42012,6.91101,5.04504,29.28658,36.0274,49.98,0865:51:48,1,02
15:59:01,0.07628,214.90,0.42082,6.91473,5.04775,29.28658,36.0274,49.98,0865:51:49,1,02
15:59:02,0.07603,214.90,0.41828,6.84959,5.0002,29.28659,36.0274,49.98,0865:51:50,1,02
15:59:03,0.07678,215.00,0.41787,6.91287,5.04639,29.28659,36.02742,49.98,0865:51:51,1,02
15:59:04,0.07632,215.20,0.4204,6.92031,5.05183,29.28659,36.02742,49.98,0865:51:52,1,02
15:59:05,0.07646,215.10,0.4196,6.91659,5.04911,29.28659,36.02742,49.98,0865:51:53,1,02
15:59:06,0.07639,215.30,0.41904,6.90729,5.04232,29.28659,36.02743,49.98,0865:51:54,1,02
15:59:07,0.07635,215.40,0.41947,6.91287,5.04639,29.2866,36.02743,49.98,0865:51:55,1,02
15:59:08,0.07639,215.40,0.4186,6.9017,5.03824,29.2866,36.02743,49.96,0865:51:56,1,02
15:59:09,0.076,215.40,0.42049,6.89984,5.03688,29.2866,36.02743,49.96,0865:51:57,1,02
15:59:10,0.0766,215.30,0.41927,6.93148,5.05998,29.2866,36.02744,49.98,0865:51:58,1,02
15:59:11,0.0766,215.30,0.41927,6.93148,5.05998,29.2866,36.02744,49.98,0865:51:58,1,02
15:59:12,0.07688,215.50,0.41839,6.94637,5.07085,29.2866,36.02744,49.96,0865:51:59,1,02
15:59:13,0.07635,215.50,0.41872,6.90356,5.0396,29.28661,36.02744,49.96,0865:52:00,1,02
15:59:14,0.07681,215.50,0.4164,6.90729,5.04232,29.28661,36.02745,49.99,0865:52:01,1,02
15:59:15,0.07656,215.50,0.4183,6.91845,5.05047,29.28661,36.02745,49.99,0865:52:02,1,02
15:59:16,0.07614,215.60,0.42023,6.91287,5.04639,29.28661,36.02745,49.98,0865:52:03,1,02
15:59:17,0.07642,215.60,0.42033,6.94265,5.06813,29.28661,36.02745,49.98,0865:52:04,1,02
15:59:18,0.07649,215.60,0.41847,6.91659,5.04911,29.28662,36.02745,50.00,0865:52:05,1,02
15:59:19,0.07656,215.70,0.41824,6.92218,5.05319,29.28662,36.02745,50.00,0865:52:07,1,02
15:59:20,0.07646,215.60,0.41866,6.91659,5.04911,29.28662,36.02745,50.00,0865:52:08,1,02
15:59:21,0.07671,215.50,0.41777,6.92218,5.05319,29.28662,36.02747,50.00,0865:52:09,1,02
15:59:22,0.07639,215.50,0.41821,6.89984,5.03688,29.28662,36.02747,50.00,0865:52:10,1,02
15:59:23,0.07688,215.60,0.41598,6.91101,5.04504,29.28663,36.02747,50.00,0865:52:11,1,02
15:59:24,0.07678,215.50,0.41605,6.89984,5.03688,29.28663,36.02747,50.01,0865:52:12,1,02
15:59:25,0.07667,215.70,0.41736,6.91845,5.05047,29.28663,36.02748,50.01,0865:52:13,1,02
15:59:26,0.07635,215.90,0.41742,6.89612,5.03417,29.28663,36.02748,50.03,0865:52:14,1,02
15:59:27,0.07656,216.00,0.41745,6.91845,5.05047,29.28663,36.02748,50.03,0865:52:15,1,02
15:59:28,0.07692,216.00,0.41674,6.94079,5.06678,29.28664,36.02748,50.03,0865:52:16,1,02
15:59:29,0.07649,216.00,0.4165,6.89798,5.03552,29.28664,36.02748,50.03,0865:52:17,1,02
15:59:30,0.07607,216.00,0.41874,6.89612,5.03417,29.28664,36.02748,50.03,0865:52:18,1,02
15:59:31,0.07603,216.00,0.41904,6.89798,5.03552,29.28664,36.02748,50.04,0865:52:19,1,02
15:59:32,0.07653,216.00,0.41788,6.92404,5.05455,29.28664,36.0275,50.04,0865:52:20,1,02
15:59:33,0.07646,216.00,0.41781,6.91659,5.04911,29.28665,36.0275,50.03,0865:52:21,1,02
15:59:34,0.07617,216.10,0.41898,6.91101,5.04504,29.28665,36.0275,50.03,0865:52:22,1,02
15:59:35,0.076,216.20,0.4194,6.90542,5.04096,29.28665,36.0275,50.03,0865:52:23,1,02
15:59:36,0.076,216.20,0.4194,6.90542,5.04096,29.28665,36.0275,50.03,0865:52:23,1,02
15:59:37,0.07646,216.10,0.41897,6.93893,5.06542,29.28665,36.02751,50.03,0865:52:24,1,02
15:59:38,0.07628,216.10,0.41776,6.9017,5.03824,29.28665,36.02751,50.04,0865:52:25,1,02
15:59:39,0.076,215.90,0.41976,6.90356,5.0396,29.28666,36.02751,50.04,0865:52:26,1,02
15:59:40,0.07628,215.90,0.4205,6.94079,5.06678,29.28666,36.02752,50.03,0865:52:28,1,02
15:59:41,0.07646,215.90,0.42126,6.97057,5.08852,29.28666,36.02752,50.03,0865:52:29,1,02
15:59:42,0.07603,216.00,0.41881,6.89426,5.03281,29.28666,36.02752,50.03,0865:52:30,1,02
15:59:43,0.07581,216.10,0.42075,6.90729,5.04232,29.28666,36.02752,50.03,0865:52:31,1,02
15:59:44,0.07567,216.00,0.42172,6.90915,5.04368,29.28667,36.02753,50.04,0865:52:32,1,02
15:59:45,0.07571,216.20,0.42185,6.92218,5.05319,29.28667,36.02753,50.04,0865:52:33,1,02
15:59:46,0.07567,216.10,0.42164,6.91101,5.04504,29.28667,36.02753,50.03,0865:52:34,1,02
15:59:47,0.07578,216.10,0.42003,6.8924,5.03145,29.28667,36.02753,50.03,0865:52:35,1,02
15:59:48,0.07592,216.00,0.42016,6.90542,5.04096,29.28667,36.02753,50.03,0865:52:36,1,02
15:59:49,0.07592,216.00,0.4205,6.91101,5.04504,29.28668,36.02753,50.03,0865:52:37,1,02
15:59:50,0.07581,216.00,0.42003,6.8924,5.03145,29.28668,36.02753,50.01,0865:52:38,1,02
15:59:51,0.07564,215.80,0.42183,6.89984,5.03688,29.28668,36.02755,50.01,0865:52:39,1,02
15:59:52,0.07596,215.70,0.41976,6.89426,5.03281,29.28668,36.02755,50.01,0865:52:40,1,02
15:59:53,0.07592,215.80,0.42111,6.91473,5.04775,29.28668,36.02755,50.00,0865:52:41,1,02
15:59:54,0.07614,215.70,0.41949,6.90542,5.04096,29.28669,36.02755,50.00,0865:52:42,1,02
15:59:55,0.07607,215.70,0.4201,6.90915,5.04368,29.28669,36.02756,49.99,0865:52:43,1,02
15:59:56,0.07628,215.80,0.42103,6.94637,5.07085,29.28669,36.02756,49.99,0865:52:44,1,02
15:59:57,0.07635,215.80,0.41783,6.89984,5.03688,29.28669,36.02756,49.99,0865:52:45,1,02
15:59:58,0.0761,215.60,0.41782,6.87006,5.01514,29.28669,36.02757,49.99,0865:52:46,1,02
15:59:59,0.07632,215.70,0.4199,6.92776,5.05726,29.2867,36.02757,49.98,0865:52:47,1,02
16:00:01,0.07574,215.70,0.41769,6.83842,4.99204,29.2867,36.02757,49.98,0865:52:49,1,02
16:00:02,0.07646,215.60,0.41777,6.90356,5.0396,29.2867,36.02757,49.98,0865:52:50,1,02
16:00:03,0.07646,215.60,0.41777,6.90356,5.0396,29.2867,36.02757,49.98,0865:52:50,1,02
16:00:04,0.07664,215.60,0.42111,6.97429,5.09123,29.2867,36.02758,49.98,0865:52:51,1,02
16:00:05,0.076,215.70,0.42012,6.9017,5.03824,29.2867,36.02758,49.98,0865:52:52,1,02
16:00:06,0.07621,215.90,0.41894,6.90729,5.04232,29.28671,36.02758,49.98,0865:52:53,1,02
16:00:07,0.07639,216.00,0.41873,6.92404,5.05455,29.28671,36.02758,49.98,0865:52:54,1,02
16:00:08,0.07664,216.00,0.41721,6.92218,5.05319,29.28671,36.02759,49.98,0865:52:55,1,02
16:00:09,0.07695,216.10,0.41724,6.95382,5.07629,29.28671,36.02759,49.98,0865:52:56,1,02
16:00:10,0.07617,216.20,0.418,6.89798,5.03552,29.28671,36.02759,49.98,0865:52:57,1,02
16:00:11,0.07625,216.10,0.41896,6.91845,5.05047,29.28672,36.0276,49.99,0865:52:58,1,02
16:00:12,0.07639,216.00,0.41864,6.92404,5.05455,29.28672,36.0276,49.99,0865:52:59,1,02
16:00:13,0.07635,216.00,0.41734,6.89798,5.03552,29.28672,36.0276,49.99,0865:53:00,1,02
16:00:14,0.07632,215.90,0.41762,6.89798,5.03552,29.28672,36.0276,50.00,0865:53:01,1,02
16:00:15,0.07621,216.00,0.41911,6.91473,5.04775,29.28672,36.02761,50.00,0865:53:02,1,02
16:00:16,0.0761,215.90,0.41987,6.91473,5.04775,29.28673,36.02761,50.00,0865:53:03,1,02
16:00:17,0.07664,215.90,0.41919,6.95196,5.07493,29.28673,36.02761,50.00,0865:53:04,1,02
16:00:18,0.07642,216.00,0.41785,6.91101,5.04504,29.28673,36.02761,50.01,0865:53:05,1,02
16:00:19,0.0761,215.90,0.41898,6.9017,5.03824,29.28673,36.02761,50.01,0865:53:06,1,02
16:00:20,0.0761,216.00,0.41876,6.89798,5.03552,29.28673,36.02761,50.01,0865:53:07,1,02
16:00:21,0.07635,215.90,0.41935,6.92962,5.05862,29.28674,36.02761,50.01,0865:53:08,1,02
16:00:22,0.07592,215.90,0.4199,6.89798,5.03552,29.28674,36.02763,50.03,0865:53:10,1,02
16:00:23,0.07592,215.90,0.4198,6.89798,5.03552,29.28674,36.02763,50.03,0865:53:11,1,02
16:00:24,0.07578,215.90,0.42064,6.89612,5.03417,29.28674,36.02763,50.03,0865:53:12,1,02
16:00:25,0.07574,215.80,0.42013,6.88309,5.02465,29.28674,36.02764,50.03,0865:53:13,1,02
16:00:26,0.07596,215.80,0.42082,6.91473,5.04775,29.28675,36.02764,50.03,0865:53:14,1,02
16:00:27,0.07632,215.80,0.4177,6.89612,5.03417,29.28675,36.02764,50.03,0865:53:15,1,02
16:00:28,0.07632,215.80,0.4177,6.89612,5.03417,29.28675,36.02764,50.03,0865:53:15,1,02
16:00:29,0.07692,215.70,0.41708,6.93707,5.06406,29.28675,36.02764,50.03,0865:53:16,1,02
16:00:30,0.07617,215.70,0.41793,6.88123,5.0233,29.28675,36.02765,50.03,0865:53:17,1,02
16:00:31,0.07635,215.70,0.42116,6.9501,5.07357,29.28675,36.02765,50.03,0865:53:18,1,02
16:00:32,0.07614,215.60,0.42172,6.93893,5.06542,29.28676,36.02765,50.03,0865:53:19,1,02
16:00:33,0.07607,215.60,0.41972,6.89984,5.03688,29.28676,36.02765,50.03,0865:53:20,1,02
16:00:34,0.07632,215.70,0.42022,6.93148,5.05998,29.28676,36.02766,50.04,0865:53:21,1,02
16:00:35,0.07603,215.70,0.4212,6.92404,5.05455,29.28676,36.02766,50.04,0865:53:22,1,02
16:00:36,0.07574,215.80,0.42114,6.89798,5.03552,29.28676,36.02766,50.03,0865:53:23,1,02
16:00:37,0.07603,215.80,0.41942,6.89798,5.03552,29.28677,36.02767,50.03,0865:53:24,1,02
16:00:38,0.07578,215.80,0.42242,6.92218,5.05319,29.28677,36.02767,50.03,0865:53:25,1,02
16:00:39,0.07574,215.80,0.4224,6.92031,5.05183,29.28677,36.02767,50.03,0865:53:26,1,02
16:00:40,0.07581,216.00,0.42005,6.89426,5.03281,29.28677,36.02767,50.03,0865:53:27,1,02
16:00:41,0.07603,216.00,0.4213,6.9352,5.0627,29.28678,36.02768,50.03,0865:53:28,1,02
16:00:42,0.07567,216.00,0.42149,6.90542,5.04096,29.28678,36.02768,50.04,0865:53:29,1,02
16:00:43,0.07538,216.10,0.42339,6.91287,5.04639,29.28678,36.02768,50.04,0865:53:31,1,02
16:00:44,0.07574,216.10,0.42045,6.89612,5.03417,29.28678,36.02769,50.03,0865:53:32,1,02
16:00:45,0.07614,216.20,0.42101,6.94451,5.06949,29.28678,36.02769,50.03,0865:53:33,1,02
16:00:46,0.076,216.10,0.41993,6.91101,5.04504,29.28679,36.02769,50.03,0865:53:34,1,02
16:00:47,0.0756,216.20,0.42159,6.90542,5.04096,29.28679,36.02769,50.03,0865:53:35,1,02
16:00:48,0.07607,216.10,0.41891,6.90356,5.0396,29.28679,36.02769,50.03,0865:53:36,1,02
16:00:49,0.07578,216.10,0.4196,6.88681,5.02737,29.28679,36.02769,50.03,0865:53:37,1,02
16:00:50,0.076,216.00,0.41968,6.90542,5.04096,29.28679,36.02769,50.03,0865:53:38,1,02
16:00:51,0.07642,216.00,0.41843,6.92218,5.05319,29.2868,36.02769,50.03,0865:53:39,1,02
16:00:52,0.07664,215.90,0.42108,6.98174,5.09667,29.2868,36.02771,50.01,0865:53:40,1,02
16:00:53,0.07603,215.80,0.42076,6.91845,5.05047,29.2868,36.02771,50.01,0865:53:41,1,02
16:00:54,0.07603,215.80,0.42076,6.91845,5.05047,29.2868,36.02771,50.01,0865:53:41,1,02
16:00:55,0.076,215.80,0.42072,6.91473,5.04775,29.2868,36.02771,50.01,0865:53:42,1,02
16:00:56,0.07596,216.00,0.42065,6.91659,5.04911,29.2868,36.02772,50.03,0865:53:43,1,02
16:00:57,0.07621,215.90,0.41921,6.91473,5.04775,29.28681,36.02772,50.03,0865:53:44,1,02
16:00:58,0.07589,215.90,0.42029,6.89984,5.03688,29.28681,36.02772,50.01,0865:53:45,1,02
16:00:59,0.07607,215.70,0.41931,6.89612,5.03417,29.28681,36.02772,50.01,0865:53:46,1,02
16:01:00,0.07635,215.60,0.41979,6.9259,5.05591,29.28681,36.02773,50.01,0865:53:47,1,02
16:01:01,0.07592,215.70,0.42007,6.89612,5.03417,29.28681,36.02773,50.01,0865:53:48,1,02
16:01:02,0.07571,215.80,0.42091,6.89426,5.03281,29.28682,36.02773,50.00,0865:53:49,1,02
16:01:03,0.07557,215.90,0.42179,6.89612,5.03417,29.28682,36.02773,50.00,0865:53:51,1,02
16:01:04,0.0761,216.00,0.42113,6.93707,5.06406,29.28682,36.02774,49.99,0865:53:52,1,02
16:01:05,0.07596,216.00,0.41906,6.89053,5.03009,29.28682,36.02774,49.99,0865:53:53,1,02
16:01:06,0.07628,215.90,0.41793,6.89984,5.03688,29.28682,36.02774,49.99,0865:53:54,1,02
16:01:07,0.07557,215.90,0.42192,6.89984,5.03688,29.28683,36.02774,49.99,0865:53:55,1,02
16:01:08,0.07589,215.90,0.4219,6.92776,5.05726,29.28683,36.02774,49.99,0865:53:56,1,02
16:01:09,0.07589,215.90,0.42033,6.90356,5.0396,29.28683,36.02774,49.99,0865:53:57,1,02
16:01:10,0.07549,215.90,0.41991,6.86075,5.00835,29.28683,36.02774,49.99,0865:53:58,1,02
16:01:11,0.07632,216.00,0.42057,6.94823,5.07221,29.28683,36.02776,49.99,0865:53:59,1,02
16:01:12,0.0756,216.00,0.42212,6.91101,5.04504,29.28684,36.02776,49.96,0865:54:00,1,02
16:01:13,0.07535,216.00,0.42104,6.8682,5.01378,29.28684,36.02776,49.96,0865:54:01,1,02
16:01:14,0.07574,215.90,0.4221,6.91845,5.05047,29.28684,36.02777,49.96,0865:54:02,1,02
16:01:15,0.07617,216.00,0.42099,6.94265,5.06813,29.28684,36.02777,49.96,0865:54:03,1,02
16:01:16,0.07625,216.00,0.42039,6.93893,5.06542,29.28684,36.02777,49.96,0865:54:04,1,02
16:01:17,0.07578,216.00,0.42105,6.90915,5.04368,29.28685,36.02777,49.95,0865:54:05,1,02
16:01:18,0.07581,216.00,0.42186,6.92404,5.05455,29.28685,36.02777,49.95,0865:54:06,1,02
16:01:19,0.07581,216.00,0.42186,6.92404,5.05455,29.28685,36.02777,49.95,0865:54:06,1,02
16:01:20,0.07614,215.80,0.41987,6.91473,5.04775,29.28685,36.02777,49.96,0865:54:07,1,02
16:01:21,0.07628,215.80,0.42045,6.9352,5.0627,29.28685,36.02777,49.96,0865:54:08,1,02
16:01:22,0.07653,215.80,0.42062,6.96312,5.08308,29.28685,36.02777,49.95,0865:54:09,1,02
16:01:23,0.07571,215.80,0.42057,6.88867,5.02873,29.28686,36.02779,49.95,0865:54:10,1,02
16:01:24,0.076,215.80,0.41882,6.88495,5.02601,29.28686,36.02779,49.95,0865:54:12,1,02
16:01:25,0.07596,215.90,0.41971,6.89798,5.03552,29.28686,36.02779,49.95,0865:54:13,1,02
16:01:26,0.07571,216.00,0.4196,6.8775,5.02058,29.28686,36.0278,49.95,0865:54:14,1,02
16:01:27,0.07589,216.10,0.41982,6.89984,5.03688,29.28686,36.0278,49.95,0865:54:15,1,02
16:01:28,0.07639,216.10,0.42057,6.95754,5.079,29.28687,36.0278,49.96,0865:54:16,1,02
16:01:29,0.07581,216.00,0.42039,6.89984,5.03688,29.28687,36.0278,49.96,0865:54:17,1,02
16:01:30,0.07614,215.90,0.41887,6.89984,5.03688,29.28687,36.02781,49.96,0865:54:18,1,02
16:01:31,0.07581,215.80,0.42,6.88867,5.02873,29.28687,36.02781,49.96,0865:54:19,1,02
16:01:32,0.07567,215.80,0.42131,6.89612,5.03417,29.28687,36.02781,49.96,0865:54:20,1,02
16:01:33,0.07603,215.70,0.41927,6.8924,5.03145,29.28688,36.02782,49.96,0865:54:21,1,02
16:01:34,0.07639,215.70,0.42121,6.95568,5.07765,29.28688,36.02782,49.98,0865:54:22,1,02
16:01:35,0.07635,215.60,0.41819,6.89798,5.03552,29.28688,36.02782,49.98,0865:54:23,1,02
16:01:36,0.0761,215.60,0.42044,6.91473,5.04775,29.28688,36.02782,49.98,0865:54:24,1,02
16:01:37,0.07621,215.60,0.42009,6.91845,5.05047,29.28688,36.02782,49.99,0865:54:25,1,02
16:01:38,0.07592,215.70,0.41982,6.89053,5.03009,29.28689,36.02782,49.99,0865:54:26,1,02
16:01:39,0.07614,215.70,0.41985,6.91287,5.04639,29.28689,36.02782,49.99,0865:54:27,1,02
16:01:40,0.07646,215.80,0.41794,6.91101,5.04504,29.28689,36.02782,49.99,0865:54:28,1,02
16:01:41,0.07585,215.80,0.42049,6.89984,5.03688,29.28689,36.02784,49.99,0865:54:29,1,02
16:01:42,0.07603,215.90,0.42034,6.91473,5.04775,29.28689,36.02784,49.99,0865:54:30,1,02
16:01:43,0.07603,215.90,0.42034,6.91473,5.04775,29.28689,36.02784,49.99,0865:54:30,1,02
16:01:44,0.07607,215.80,0.4207,6.92218,5.05319,29.2869,36.02784,49.99,0865:54:31,1,02
16:01:45,0.07681,215.80,0.41833,6.9501,5.07357,29.2869,36.02785,49.99,0865:54:33,1,02
16:01:46,0.076,215.80,0.42061,6.91287,5.04639,29.2869,36.02785,50.00,0865:54:34,1,02
16:01:47,0.07592,215.90,0.42059,6.91101,5.04504,29.2869,36.02785,50.00,0865:54:35,1,02
16:01:48,0.076,216.00,0.42002,6.91101,5.04504,29.2869,36.02785,50.01,0865:54:36,1,02
16:01:49,0.076,216.10,0.42062,6.92404,5.05455,29.28691,36.02785,50.01,0865:54:37,1,02
16:01:50,0.07642,216.10,0.41948,6.94265,5.06813,29.28691,36.02785,50.00,0865:54:38,1,02
16:01:51,0.07592,216.20,0.42046,6.91659,5.04911,29.28691,36.02785,50.00,0865:54:39,1,02
16:01:52,0.07642,216.20,0.4195,6.94451,5.06949,29.28691,36.02787,50.01,0865:54:40,1,02
16:01:54,0.07574,216.10,0.42172,6.91845,5.05047,29.28691,36.02787,50.01,0865:54:41,1,02
16:01:55,0.07664,216.00,0.4219,6.99849,5.1089,29.28692,36.02787,50.01,0865:54:42,1,02
16:01:56,0.07621,216.00,0.42033,6.93334,5.06134,29.28692,36.02787,50.01,0865:54:43,1,02
16:01:57,0.07557,216.00,0.42308,6.92031,5.05183,29.28692,36.02788,50.01,0865:54:44,1,02
16:01:58,0.07571,216.00,0.42153,6.90915,5.04368,29.28692,36.02788,50.03,0865:54:45,1,02
16:01:59,0.07557,216.00,0.42127,6.8924,5.03145,29.28692,36.02788,50.03,0865:54:46,1,02
16:02:00,0.076,216.10,0.42117,6.93148,5.05998,29.28693,36.02788,50.03,0865:54:47,1,02
16:02:01,0.07589,216.00,0.4199,6.89798,5.03552,29.28693,36.02789,50.03,0865:54:48,1,02
16:02:02,0.07589,215.90,0.41973,6.89053,5.03009,29.28693,36.02789,50.03,0865:54:49,1,02
16:02:03,0.07549,215.70,0.42266,6.89612,5.03417,29.28693,36.02789,50.03,0865:54:50,1,02
16:02:04,0.07564,215.70,0.42168,6.89426,5.03281,29.28693,36.0279,50.01,0865:54:51,1,02
16:02:05,0.07571,215.60,0.42196,6.90356,5.0396,29.28694,36.0279,50.01,0865:54:52,1,02
16:02:06,0.07553,215.70,0.42189,6.88681,5.02737,29.28694,36.0279,50.03,0865:54:54,1,02
16:02:07,0.0756,215.90,0.42353,6.92776,5.05726,29.28694,36.0279,50.03,0865:54:55,1,02
16:02:08,0.0747,215.60,0.42622,6.88123,5.0233,29.28694,36.0279,50.01,0865:54:56,1,02
16:02:09,0.07553,215.60,0.42507,6.93707,5.06406,29.28694,36.0279,50.01,0865:54:57,1,02
16:02:10,0.07495,215.50,0.42539,6.88681,5.02737,29.28695,36.0279,50.03,0865:54:58,1,02
16:02:11,0.07495,215.50,0.42539,6.88681,5.02737,29.28695,36.0279,50.03,0865:54:58,1,02
16:02:12,0.07499,215.50,0.42701,6.91473,5.04775,29.28695,36.0279,50.03,0865:54:59,1,02
16:02:13,0.0748,215.50,0.42648,6.88867,5.02873,29.28695,36.02792,50.03,0865:55:00,1,02
16:02:14,0.07617,215.40,0.42067,6.91845,5.05047,29.28695,36.02792,50.03,0865:55:01,1,02
16:02:15,0.07635,215.40,0.41838,6.89798,5.03552,29.28695,36.02792,50.03,0865:55:02,1,02
16:02:16,0.07621,215.50,0.42015,6.91473,5.04775,29.28696,36.02793,50.03,0865:55:03,1,02
16:02:17,0.07642,215.50,0.4205,6.94079,5.06678,29.28696,36.02793,50.03,0865:55:04,1,02
16:02:18,0.07674,215.60,0.4167,6.90915,5.04368,29.28696,36.02793,50.00,0865:55:05,1,02
16:02:19,0.07685,215.50,0.41624,6.90915,5.04368,29.28696,36.02793,50.00,0865:55:06,1,02
16:02:20,0.07706,215.60,0.41516,6.91287,5.04639,29.28696,36.02794,50.01,0865:55:07,1,02
16:02:21,0.07681,215.60,0.4151,6.88867,5.02873,29.28697,36.02794,50.01,0865:55:08,1,02
16:02:22,0.07678,215.50,0.41582,6.89612,5.03417,29.28697,36.02794,49.99,0865:55:09,1,02
16:02:23,0.07678,215.40,0.4159,6.89426,5.03281,29.28697,36.02795,49.99,0865:55:10,1,02
16:02:24,0.07717,215.50,0.41702,6.9501,5.07357,29.28697,36.02795,49.99,0865:55:11,1,02
16:02:25,0.07692,215.40,0.41538,6.89798,5.03552,29.28697,36.02795,49.99,0865:55:12,1,02
16:02:26,0.07674,215.40,0.41552,6.88495,5.02601,29.28698,36.02795,49.99,0865:55:14,1,02
16:02:27,0.07664,215.40,0.41753,6.90729,5.04232,29.28698,36.02796,49.99,0865:55:15,1,02
16:02:28,0.07709,215.30,0.41642,6.92776,5.05726,29.28698,36.02796,49.98,0865:55:16,1,02
16:02:29,0.07755,215.50,0.41509,6.95196,5.07493,29.28698,36.02796,49.98,0865:55:17,1,02
16:02:30,0.07685,215.70,0.41665,6.92218,5.05319,29.28698,36.02797,49.98,0865:55:18,1,02
16:02:31,0.07695,215.80,0.41724,6.94451,5.06949,29.28699,36.02797,49.98,0865:55:19,1,02
16:02:32,0.07614,215.80,0.41533,6.83842,4.99204,29.28699,36.02797,49.96,0865:55:20,1,02
16:02:33,0.07656,215.80,0.41549,6.88123,5.0233,29.28699,36.02797,49.96,0865:55:21,1,02
16:02:34,0.07702,215.90,0.41423,6.90356,5.0396,29.28699,36.02798,49.96,0865:55:22,1,02
16:02:35,0.07702,215.90,0.41423,6.90356,5.0396,29.28699,36.02798,49.96,0865:55:22,1,02
16:02:36,0.07653,215.90,0.41627,6.89426,5.03281,29.28699,36.02798,49.96,0865:55:23,1,02
16:02:37,0.07642,215.90,0.41706,6.89798,5.03552,29.287,36.02798,49.98,0865:55:24,1,02
16:02:38,0.07688,215.90,0.41577,6.91845,5.05047,29.287,36.02798,49.95,0865:55:25,1,02
16:02:39,0.0772,216.00,0.41615,6.95568,5.07765,29.287,36.02798,49.95,0865:55:26,1,02
16:02:40,0.07695,216.00,0.41443,6.90542,5.04096,29.287,36.02798,49.96,0865:55:27,1,02
16:02:41,0.07692,216.00,0.41426,6.89798,5.03552,29.287,36.02798,49.96,0865:55:28,1,02
16:02:42,0.07681,216.00,0.41607,6.92031,5.05183,29.28701,36.028,49.98,0865:55:29,1,02
16:02:43,0.07688,216.00,0.41581,6.92218,5.05319,29.28701,36.028,49.98,0865:55:30,1,02
16:02:44,0.07688,215.90,0.41396,6.88681,5.02737,29.28701,36.028,49.96,0865:55:31,1,02
16:02:45,0.07699,215.60,0.41275,6.8682,5.01378,29.28701,36.028,49.96,0865:55:32,1,02
16:02:46,0.07706,215.40,0.41441,6.89426,5.03281,29.28701,36.02801,49.96,0865:55:33,1,02
16:02:47,0.07724,215.30,0.41468,6.91101,5.04504,29.28702,36.02801,49.96,0865:55:35,1,02
16:02:48,0.07734,215.60,0.4137,6.91473,5.04775,29.28702,36.02801,49.96,0865:55:36,1,02
16:02:49,0.07727,215.50,0.4128,6.89053,5.03009,29.28702,36.02802,49.96,0865:55:37,1,02
16:02:50,0.07727,215.40,0.41453,6.91473,5.04775,29.28702,36.02802,49.98,0865:55:38,1,02
16:02:51,0.07713,215.40,0.41451,6.90356,5.0396,29.28702,36.02802,49.98,0865:55:39,1,02
16:02:52,0.07724,215.50,0.41507,6.92218,5.05319,29.28703,36.02802,49.96,0865:55:40,1,02
16:02:53,0.07751,215.40,0.41381,6.9259,5.05591,29.28703,36.02803,49.96,0865:55:41,1,02
16:02:54,0.07734,215.50,0.41487,6.92962,5.05862,29.28703,36.02803,49.96,0865:55:42,1,02
16:02:55,0.07717,215.50,0.41456,6.90915,5.04368,29.28703,36.02803,49.96,0865:55:43,1,02
16:02:56,0.07709,215.50,0.41436,6.89798,5.03552,29.28704,36.02804,49.96,0865:55:44,1,02
16:02:57,0.07717,215.50,0.41365,6.8924,5.03145,29.28704,36.02804,49.96,0865:55:45,1,02
16:02:58,0.07738,215.50,0.41254,6.8924,5.03145,29.28704,36.02804,49.96,0865:55:46,1,02
16:02:59,0.07727,215.50,0.41445,6.91659,5.04911,29.28704,36.02804,49.96,0865:55:47,1,02
16:03:00,0.07765,215.80,0.41399,6.95196,5.07493,29.28704,36.02805,49.96,0865:55:48,1,02
16:03:01,0.07765,215.80,0.41399,6.95196,5.07493,29.28704,36.02805,49.96,0865:55:48,1,02
16:03:02,0.0772,215.90,0.41331,6.90356,5.0396,29.28705,36.02805,49.96,0865:55:49,1,02
16:03:03,0.07702,216.00,0.41425,6.90542,5.04096,29.28705,36.02805,49.96,0865:55:50,1,02
16:03:04,0.07724,216.00,0.41296,6.90542,5.04096,29.28705,36.02806,49.98,0865:55:51,1,02
16:03:05,0.07692,216.10,0.41399,6.89798,5.03552,29.28705,36.02806,49.98,0865:55:52,1,02
16:03:06,0.07695,216.10,0.41503,6.91845,5.05047,29.28705,36.02806,49.96,0865:55:53,1,02
16:03:07,0.0772,216.00,0.41592,6.95196,5.07493,29.28706,36.02806,49.96,0865:55:55,1,02
16:03:08,0.07759,215.70,0.41245,6.91845,5.05047,29.28706,36.02806,49.96,0865:55:56,1,02
16:03:09,0.07685,215.70,0.41183,6.84214,4.99476,29.28706,36.02806,49.96,0865:55:57,1,02
16:03:10,0.07709,215.70,0.41376,6.89426,5.03281,29.28706,36.02806,49.98,0865:55:58,1,02
16:03:11,0.07748,215.70,0.41276,6.91287,5.04639,29.28706,36.02808,49.98,0865:55:59,1,02
16:03:12,0.07783,215.70,0.41259,6.94079,5.06678,29.28707,36.02808,49.96,0865:56:00,1,02
16:03:13,0.07727,215.70,0.41217,6.88309,5.02465,29.28707,36.02808,49.96,0865:56:01,1,02
16:03:14,0.07688,215.70,0.41353,6.87192,5.0165,29.28707,36.02808,49.98,0865:56:02,1,02
16:03:15,0.07731,215.70,0.41199,6.88309,5.02465,29.28707,36.02809,49.98,0865:56:03,1,02
16:03:16,0.07755,215.70,0.41319,6.92776,5.05726,29.28707,36.02809,49.98,0865:56:04,1,02
16:03:17,0.07724,215.80,0.41219,6.88495,5.02601,29.28708,36.02809,49.98,0865:56:05,1,02
16:03:18,0.0772,215.70,0.41256,6.88495,5.02601,29.28708,36.0281,49.98,0865:56:06,1,02
16:03:19,0.07724,215.70,0.41293,6.89426,5.03281,29.28708,36.0281,49.98,0865:56:07,1,02
16:03:20,0.07765,215.60,0.41314,6.93148,5.05998,29.28708,36.0281,49.98,0865:56:08,1,02
16:03:21,0.07724,215.50,0.41399,6.90729,5.04232,29.28708,36.0281,49.99,0865:56:09,1,02
16:03:22,0.07724,215.50,0.4131,6.8924,5.03145,29.28709,36.02811,49.99,0865:56:10,1,02
16:03:23,0.07769,215.50,0.41103,6.89612,5.03417,29.28709,36.02811,49.98,0865:56:11,1,02
16:03:24,0.07748,215.50,0.41179,6.89053,5.03009,29.28709,36.02811,49.98,0865:56:12,1,02
16:03:25,0.07731,215.50,0.41193,6.8775,5.02058,29.28709,36.02811,49.99,0865:56:13,1,02
16:03:26,0.07731,215.50,0.41193,6.8775,5.02058,29.28709,36.02811,49.99,0865:56:13,1,02
16:03:27,0.07787,215.50,0.41259,6.94079,5.06678,29.28709,36.02811,49.99,0865:56:14,1,02
16:03:28,0.07773,215.50,0.4112,6.90356,5.0396,29.2871,36.02811,49.99,0865:56:16,1,02
16:03:29,0.07748,215.60,0.41285,6.91287,5.04639,29.2871,36.02811,49.99,0865:56:17,1,02
16:03:30,0.07717,215.60,0.41257,6.8775,5.02058,29.2871,36.02813,49.98,0865:56:18,1,02
16:03:31,0.0772,215.60,0.41444,6.91473,5.04775,29.2871,36.02813,49.98,0865:56:19,1,02
16:03:32,0.07762,215.70,0.41191,6.91101,5.04504,29.2871,36.02813,49.99,0865:56:20,1,02
16:03:33,0.07762,215.80,0.41109,6.9017,5.03824,29.28711,36.02814,49.99,0865:56:21,1,02
16:03:34,0.07734,216.00,0.41185,6.89612,5.03417,29.28711,36.02814,49.99,0865:56:22,1,02
16:03:35,0.07717,216.20,0.41229,6.89426,5.03281,29.28711,36.02814,49.99,0865:56:23,1,02
16:03:36,0.07759,216.20,0.41309,6.94451,5.06949,29.28711,36.02814,49.99,0865:56:24,1,02
16:03:37,0.0772,216.10,0.41195,6.88867,5.02873,29.28711,36.02814,49.99,0865:56:25,1,02
16:03:38,0.07738,216.10,0.41248,6.91287,5.04639,29.28712,36.02814,50.00,0865:56:26,1,02
16:03:39,0.07741,216.10,0.41308,6.9259,5.05591,29.28712,36.02814,49.99,0865:56:27,1,02
16:03:40,0.0772,216.20,0.41311,6.91101,5.04504,29.28712,36.02816,49.99,0865:56:28,1,02
16:03:41,0.0772,216.20,0.41255,6.9017,5.03824,29.28712,36.02816,50.00,0865:56:29,1,02
16:03:42,0.07773,216.20,0.40983,6.90356,5.0396,29.28712,36.02816,50.00,0865:56:30,1,02
16:03:43,0.07727,216.20,0.41241,6.90542,5.04096,29.28713,36.02816,49.99,0865:56:31,1,02
16:03:44,0.07787,216.00,0.41135,6.9352,5.0627,29.28713,36.02817,49.99,0865:56:32,1,02
16:03:46,0.07724,216.00,0.4132,6.91101,5.04504,29.28713,36.02817,50.00,0865:56:33,1,02
16:03:47,0.07734,216.10,0.41111,6.91101,5.04504,29.28713,36.02817,50.00,0865:56:34,1,02
16:03:48,0.07706,216.10,0.41347,6.9017,5.03824,29.28713,36.02818,49.99,0865:56:35,1,02
16:03:49,0.07759,216.00,0.41347,6.94637,5.07085,29.28714,36.02818,49.99,0865:56:37,1,02
16:03:50,0.07709,216.00,0.41278,6.88867,5.02873,29.28714,36.02818,49.98,0865:56:38,1,02
16:03:51,0.07709,216.00,0.41278,6.88867,5.02873,29.28714,36.02818,49.98,0865:56:38,1,02
16:03:52,0.07724,216.00,0.41351,6.91473,5.04775,29.28714,36.02818,49.98,0865:56:39,1,02
16:03:53,0.07724,216.00,0.40993,6.85331,5.00291,29.28714,36.02819,49.99,0865:56:40,1,02
16:03:54,0.0772,216.10,0.41238,6.89426,5.03281,29.28714,36.02819,49.99,0865:56:41,1,02
16:03:55,0.07759,216.20,0.41132,6.91473,5.04775,29.28715,36.02819,49.99,0865:56:42,1,02
16:03:56,0.07713,216.30,0.41218,6.8924,5.03145,29.28715,36.02819,49.99,0865:56:43,1,02
16:03:57,0.07727,216.30,0.41165,6.89426,5.03281,29.28715,36.02819,49.98,0865:56:44,1,02
16:03:58,0.07814,216.30,0.41242,6.98546,5.09939,29.28715,36.02819,49.98,0865:56:45,1,02
16:03:59,0.07681,216.10,0.41251,6.86261,5.00971,29.28715,36.02821,49.98,0865:56:46,1,02
16:04:00,0.07727,216.10,0.41348,6.92031,5.05183,29.28716,36.02821,49.99,0865:56:47,1,02
16:04:01,0.07738,216.20,0.41176,6.90542,5.04096,29.28716,36.02821,49.99,0865:56:48,1,02
16:04:02,0.07706,216.60,0.41331,6.91287,5.04639,29.28716,36.02821,49.98,0865:56:49,1,02
16:04:03,0.07765,216.60,0.41135,6.9352,5.0627,29.28716,36.02822,49.98,0865:56:50,1,02
16:04:04,0.07727,216.70,0.41393,6.94637,5.07085,29.28716,36.02822,49.99,0865:56:51,1,02
16:04:05,0.07727,216.70,0.41327,6.9352,5.0627,29.28717,36.02822,49.99,0865:56:52,1,02
16:04:06,0.07678,216.70,0.41362,6.89798,5.03552,29.28717,36.02822,50.00,0865:56:53,1,02
16:04:07,0.07745,216.70,0.4116,6.92404,5.05455,29.28717,36.02822,50.00,0865:56:54,1,02
16:04:08,0.07688,216.70,0.41317,6.89984,5.03688,29.28717,36.02822,50.00,0865:56:55,1,02
16:04:09,0.07706,216.70,0.41357,6.92031,5.05183,29.28717,36.02822,50.00,0865:56:57,1,02
16:04:10,0.07706,216.60,0.41235,6.89984,5.03688,29.28718,36.02824,50.01,0865:56:58,1,02
16:04:11,0.07741,216.70,0.41143,6.91659,5.04911,29.28718,36.02824,50.01,0865:56:59,1,02
16:04:12,0.07709,216.60,0.41148,6.88681,5.02737,29.28718,36.02824,50.03,0865:57:00,1,02
16:04:13,0.07667,216.50,0.41365,6.88309,5.02465,29.28718,36.02825,50.03,0865:57:01,1,02
16:04:14,0.07674,216.40,0.41344,6.88123,5.0233,29.28718,36.02825,50.03,0865:57:02,1,02
16:04:15,0.07685,216.50,0.41404,6.90356,5.0396,29.28719,36.02825,50.03,0865:57:03,1,02
16:04:16,0.07685,216.50,0.41404,6.90356,5.0396,29.28719,36.02825,50.03,0865:57:03,1,02
16:04:17,0.07745,216.30,0.41297,6.93334,5.06134,29.28719,36.02825,50.04,0865:57:04,1,02
16:04:18,0.07699,216.20,0.41406,6.90542,5.04096,29.28719,36.02826,50.04,0865:57:05,1,02
16:04:19,0.07699,216.00,0.41266,6.8775,5.02058,29.28719,36.02826,50.04,0865:57:06,1,02
16:04:20,0.07692,215.90,0.41469,6.90356,5.0396,29.28719,36.02826,50.03,0865:57:07,1,02
16:04:21,0.07734,215.90,0.41481,6.94265,5.06813,29.2872,36.02827,50.03,0865:57:08,1,02
16:04:22,0.07702,216.00,0.41438,6.90915,5.04368,29.2872,36.02827,50.04,0865:57:09,1,02
16:04:23,0.07734,216.00,0.41376,6.92962,5.05862,29.2872,36.02827,50.04,0865:57:10,1,02
16:04:24,0.07706,216.10,0.41327,6.89984,5.03688,29.2872,36.02827,50.03,0865:57:11,1,02
16:04:25,0.07727,216.20,0.41172,6.8924,5.03145,29.2872,36.02827,50.03,0865:57:12,1,02
16:04:26,0.07702,216.20,0.41302,6.89426,5.03281,29.28721,36.02827,50.03,0865:57:13,1,02
16:04:27,0.07699,216.30,0.413,6.8924,5.03145,29.28721,36.02827,50.03,0865:57:14,1,02
16:04:28,0.07671,216.20,0.41413,6.88495,5.02601,29.28721,36.02827,50.04,0865:57:15,1,02
16:04:29,0.07695,216.20,0.41572,6.93148,5.05998,29.28721,36.02829,50.04,0865:57:17,1,02
16:04:30,0.07709,216.20,0.41319,6.9017,5.03824,29.28721,36.02829,50.04,0865:57:18,1,02
16:04:31,0.07717,216.20,0.41296,6.90542,5.04096,29.28722,36.02829,50.04,0865:57:19,1,02
16:04:32,0.07681,216.30,0.41417,6.89798,5.03552,29.28722,36.0283,50.01,0865:57:20,1,02
16:04:33,0.07688,216.50,0.41386,6.90356,5.0396,29.28722,36.0283,50.01,0865:57:21,1,02
16:04:34,0.07674,216.50,0.41292,6.87564,5.01922,29.28722,36.0283,50.03,0865:57:22,1,02
16:04:35,0.07685,216.50,0.41328,6.8924,5.03145,29.28722,36.0283,50.03,0865:57:23,1,02
16:04:36,0.07748,216.50,0.41176,6.92218,5.05319,29.28723,36.02831,50.03,0865:57:24,1,02
16:04:37,0.07702,216.50,0.41303,6.90356,5.0396,29.28723,36.02831,50.03,0865:57:25,1,02
16:04:38,0.07724,216.50,0.41248,6.91287,5.04639,29.28723,36.02831,50.03,0865:57:26,1,02
16:04:39,0.07702,216.50,0.41359,6.91287,5.04639,29.28723,36.02832,50.03,0865:57:27,1,02
16:04:40,0.07702,216.50,0.41359,6.91287,5.04639,29.28723,36.02832,50.03,0865:57:27,1,02
16:04:41,0.07727,216.50,0.41352,6.93334,5.06134,29.28723,36.02832,50.01,0865:57:28,1,02
16:04:42,0.07692,216.30,0.41484,6.91845,5.05047,29.28724,36.02832,50.03,0865:57:29,1,02
16:04:43,0.07635,216.20,0.4189,6.93148,5.05998,29.28724,36.02832,50.03,0865:57:30,1,02
16:04:44,0.07581,216.40,0.41999,6.90729,5.04232,29.28724,36.02833,50.01,0865:57:31,1,02
16:04:45,0.07585,216.40,0.42025,6.91473,5.04775,29.28724,36.02833,50.01,0865:57:32,1,02
16:04:46,0.076,216.40,0.41825,6.89426,5.03281,29.28724,36.02833,50.00,0865:57:33,1,02
16:04:47,0.07607,216.40,0.41789,6.89612,5.03417,29.28725,36.02834,50.00,0865:57:34,1,02
16:04:48,0.07596,216.40,0.42,6.91845,5.05047,29.28725,36.02834,50.01,0865:57:35,1,02
16:04:49,0.07642,216.30,0.41863,6.93334,5.06134,29.28725,36.02834,50.01,0865:57:37,1,02
16:04:50,0.07614,216.30,0.418,6.89798,5.03552,29.28725,36.02834,50.00,0865:57:38,1,02
16:04:51,0.07632,216.30,0.41665,6.89426,5.03281,29.28725,36.02835,50.00,0865:57:39,1,02
16:04:52,0.07596,216.40,0.42023,6.92218,5.05319,29.28726,36.02835,50.00,0865:57:40,1,02
16:04:53,0.07581,216.40,0.41965,6.9017,5.03824,29.28726,36.02835,50.00,0865:57:41,1,02
16:04:54,0.07581,216.40,0.4194,6.89612,5.03417,29.28726,36.02835,49.99,0865:57:42,1,02
16:04:55,0.0761,216.40,0.41825,6.90356,5.0396,29.28726,36.02835,49.99,0865:57:43,1,02
16:04:56,0.07642,216.30,0.41856,6.9352,5.0627,29.28726,36.02835,50.00,0865:57:44,1,02
16:04:57,0.07592,216.40,0.42008,6.91659,5.04911,29.28727,36.02835,50.00,0865:57:45,1,02
16:04:58,0.0756,216.40,0.42011,6.89053,5.03009,29.28727,36.02837,49.98,0865:57:46,1,02
16:04:59,0.07596,216.40,0.41878,6.89984,5.03688,29.28727,36.02837,49.98,0865:57:47,1,02
16:05:00,0.07585,216.40,0.41955,6.9017,5.03824,29.28727,36.02837,49.98,0865:57:48,1,02
16:05:01,0.07635,216.40,0.41818,6.9259,5.05591,29.28727,36.02838,49.98,0865:57:49,1,02
16:05:02,0.07528,216.40,0.41931,6.84772,4.99884,29.28728,36.02838,49.98,0865:57:50,1,02
16:05:03,0.07741,216.40,0.42195,7.08411,5.1714,29.28728,36.02838,49.96,0865:57:51,1,02
16:05:04,0.07574,216.40,0.41933,6.88867,5.02873,29.28728,36.02838,49.96,0865:57:52,1,02
16:05:05,0.07574,216.40,0.41933,6.88867,5.02873,29.28728,36.02838,49.96,0865:57:52,1,02
16:05:06,0.07578,216.40,0.41927,6.8924,5.03145,29.28728,36.02839,49.95,0865:57:53,1,02
16:05:07,0.07614,216.50,0.41819,6.90729,5.04232,29.28728,36.02839,49.95,0865:57:54,1,02
16:05:08,0.076,216.50,0.41783,6.89053,5.03009,29.28729,36.02839,49.96,0865:57:55,1,02
16:05:09,0.07581,216.70,0.42143,6.93893,5.06542,29.28729,36.02839,49.96,0865:57:56,1,02
16:05:10,0.07585,216.60,0.41942,6.90729,5.04232,29.28729,36.0284,49.95,0865:57:58,1,02
16:05:11,0.07617,216.60,0.4195,6.9352,5.0627,29.28729,36.0284,49.95,0865:57:59,1,02
16:05:12,0.07585,216.60,0.41919,6.90356,5.0396,29.28729,36.0284,49.95,0865:58:00,1,02
16:05:13,0.07621,216.50,0.42076,6.95754,5.079,29.2873,36.02841,49.95,0865:58:01,1,02
16:05:14,0.07581,216.40,0.421,6.92404,5.05455,29.2873,36.02841,49.95,0865:58:02,1,02
16:05:15,0.07535,216.30,0.41864,6.83842,4.99204,29.2873,36.02841,49.95,0865:58:03,1,02
16:05:16,0.076,216.20,0.41898,6.9017,5.03824,29.2873,36.02841,49.95,0865:58:04,1,02
16:05:17,0.07567,216.20,0.42079,6.9017,5.03824,29.28731,36.02842,49.95,0865:58:05,1,02
16:05:18,0.07553,216.30,0.41974,6.87192,5.0165,29.28731,36.02842,49.95,0865:58:06,1,02
16:05:19,0.07592,216.30,0.41961,6.90729,5.04232,29.28731,36.02842,49.95,0865:58:07,1,02
16:05:20,0.07617,216.40,0.42102,6.95568,5.07765,29.28731,36.02843,49.96,0865:58:08,1,02
16:05:21,0.07574,216.40,0.41933,6.88867,5.02873,29.28731,36.02843,49.96,0865:58:09,1,02
16:05:22,0.07592,216.30,0.41915,6.89984,5.03688,29.28732,36.02843,49.96,0865:58:10,1,02
16:05:23,0.07596,216.20,0.41938,6.90356,5.0396,29.28732,36.02843,49.95,0865:58:11,1,02
16:05:24,0.07581,216.10,0.42156,6.92218,5.05319,29.28732,36.02843,49.95,0865:58:12,1,02
16:05:25,0.07589,216.20,0.41906,6.89053,5.03009,29.28732,36.02843,49.98,0865:58:13,1,02
16:05:26,0.07578,216.20,0.41999,6.89798,5.03552,29.28732,36.02843,49.98,0865:58:14,1,02
16:05:27,0.07621,216.30,0.42123,6.95754,5.079,29.28733,36.02843,49.98,0865:58:15,1,02
16:05:28,0.07578,216.20,0.42088,6.91101,5.04504,29.28733,36.02845,49.98,0865:58:16,1,02
16:05:29,0.07585,216.10,0.41797,6.86634,5.01243,29.28733,36.02845,49.99,0865:58:17,1,02
16:05:30,0.07585,216.10,0.41752,6.85889,5.00699,29.28733,36.02845,49.99,0865:58:19,1,02
16:05:31,0.07585,216.10,0.41752,6.85889,5.00699,29.28733,36.02845,49.99,0865:58:19,1,02
16:05:32,0.07617,216.00,0.42019,6.92776,5.05726,29.28733,36.02846,49.99,0865:58:20,1,02
16:05:33,0.07617,216.10,0.41889,6.91101,5.04504,29.28734,36.02846,49.99,0865:58:21,1,02
16:05:34,0.07614,216.10,0.41851,6.9017,5.03824,29.28734,36.02846,50.00,0865:58:22,1,02
16:05:35,0.07614,216.10,0.41659,6.87006,5.01514,29.28734,36.02846,50.00,0865:58:23,1,02
16:05:36,0.07592,216.00,0.41938,6.89426,5.03281,29.28734,36.02847,50.00,0865:58:24,1,02
16:05:38,0.07578,216.00,0.41977,6.88495,5.02601,29.28734,36.02847,50.00,0865:58:25,1,02
16:05:39,0.07607,215.90,0.41881,6.89426,5.03281,29.28735,36.02847,50.01,0865:58:26,1,02
16:05:40,0.07592,216.00,0.42186,6.93334,5.06134,29.28735,36.02848,50.01,0865:58:27,1,02
16:05:41,0.07653,215.90,0.41839,6.92776,5.05726,29.28735,36.02848,50.01,0865:58:28,1,02
16:05:42,0.07578,216.00,0.42011,6.89053,5.03009,29.28735,36.02848,50.01,0865:58:29,1,02
16:05:43,0.07589,216.10,0.4205,6.91101,5.04504,29.28735,36.02848,50.03,0865:58:30,1,02
16:05:44,0.07567,216.10,0.41962,6.87937,5.02194,29.28736,36.02848,50.01,0865:58:31,1,02
16:05:45,0.07628,216.00,0.41988,6.9352,5.0627,29.28736,36.02848,50.01,0865:58:32,1,02
16:05:46,0.0761,216.10,0.42015,6.92404,5.05455,29.28736,36.02848,50.03,0865:58:33,1,02
16:05:47,0.0756,216.00,0.42086,6.88867,5.02873,29.28736,36.02848,50.03,0865:58:34,1,02
16:05:48,0.07607,216.00,0.42089,6.93148,5.05998,29.28736,36.0285,50.04,0865:58:35,1,02
16:05:49,0.0756,216.00,0.42074,6.88681,5.02737,29.28737,36.0285,50.04,0865:58:36,1,02
16:05:50,0.07607,215.90,0.41881,6.89426,5.03281,29.28737,36.0285,50.04,0865:58:37,1,02
16:05:51,0.07585,215.90,0.41994,6.8924,5.03145,29.28737,36.02851,50.04,0865:58:39,1,02
16:05:52,0.07578,215.80,0.4206,6.8924,5.03145,29.28737,36.02851,50.04,0865:58:40,1,02
16:05:53,0.0761,215.60,0.41965,6.9017,5.03824,29.28737,36.02851,50.04,0865:58:41,1,02
16:05:54,0.07621,215.50,0.41949,6.90542,5.04096,29.28738,36.02851,50.04,0865:58:42,1,02
16:05:55,0.07628,215.50,0.41866,6.89798,5.03552,29.28738,36.02851,50.04,0865:58:43,1,02
16:05:56,0.07625,215.70,0.41891,6.90356,5.0396,29.28738,36.02851,50.03,0865:58:44,1,02
16:05:57,0.07625,215.70,0.41891,6.90356,5.0396,29.28738,36.02851,50.03,0865:58:44,1,02
16:05:58,0.07581,215.70,0.42087,6.89984,5.03688,29.28738,36.02851,50.03,0865:58:45,1,02
16:05:59,0.07567,215.80,0.42097,6.89053,5.03009,29.28738,36.02853,50.03,0865:58:46,1,02
16:06:00,0.07635,215.90,0.41888,6.92031,5.05183,29.28739,36.02853,50.03,0865:58:47,1,02
16:06:01,0.07649,215.90,0.41856,6.9259,5.05591,29.28739,36.02853,50.01,0865:58:48,1,02
16:06:02,0.0761,215.80,0.41902,6.89612,5.03417,29.28739,36.02853,50.01,0865:58:49,1,02
16:06:03,0.07589,215.80,0.4205,6.9017,5.03824,29.28739,36.02854,50.00,0865:58:50,1,02
16:06:04,0.07528,215.70,0.42269,6.87937,5.02194,29.28739,36.02854,50.01,0865:58:51,1,02
16:06:05,0.07549,215.60,0.42254,6.89426,5.03281,29.2874,36.02854,50.01,0865:58:52,1,02
16:06:06,0.07546,215.60,0.42331,6.90356,5.0396,29.2874,36.02854,50.00,0865:58:53,1,02
16:06:07,0.07528,215.60,0.42403,6.89798,5.03552,29.2874,36.02855,50.00,0865:58:54,1,02
16:06:08,0.07607,215.70,0.42214,6.94265,5.06813,29.2874,36.02855,50.01,0865:58:55,1,02
16:06:09,0.07667,215.70,0.41646,6.90356,5.0396,29.2874,36.02855,50.01,0865:58:56,1,02
16:06:10,0.11247,215.70,0.45866,11.15105,8.14027,29.28741,36.02856,50.00,0865:58:57,1,02
16:06:11,0.1204,215.80,0.45834,11.93838,8.71502,29.28741,36.02856,50.00,0865:58:58,1,02
16:06:12,0.12516,216.00,0.45994,12.45955,9.09547,29.28741,36.02856,49.99,0865:59:00,1,02
16:06:13,0.12987,215.90,0.46351,13.0291,9.51124,29.28742,36.02856,49.99,0865:59:01,1,02
16:06:14,0.12909,215.90,0.45769,12.78527,9.33325,29.28742,36.02856,49.98,0865:59:02,1,02
16:06:15,0.12995,215.90,0.46287,13.01607,9.50173,29.28743,36.02858,49.98,0865:59:03,1,02
16:06:16,0.13045,215.90,0.4638,13.09052,9.55608,29.28743,36.02858,49.99,0865:59:04,1,02
16:06:17,0.12945,215.40,0.46471,12.99002,9.48271,29.28743,36.02859,49.99,0865:59:05,1,02
16:06:18,0.13064,215.80,0.46575,13.16312,9.60907,29.28744,36.02859,49.98,0865:59:06,1,02
16:06:19,0.13093,215.80,0.46253,13.09797,9.56152,29.28744,36.02859,49.98,0865:59:07,1,02
16:06:20,0.12878,215.70,0.45942,12.79086,9.33733,29.28744,36.02859,49.98,0865:59:08,1,02
16:06:21,0.12892,215.70,0.46148,12.86531,9.39167,29.28745,36.02859,49.98,0865:59:09,1,02
16:06:22,0.12892,215.70,0.46148,12.86531,9.39167,29.28745,36.02859,49.98,0865:59:09,1,02
16:06:23,0.12819,215.60,0.46157,12.789,9.33597,29.28745,36.02861,49.98,0865:59:10,1,02
16:06:24,0.12887,215.70,0.46299,12.90067,9.41749,29.28746,36.02861,49.99,0865:59:11,1,02
16:06:25,0.1296,215.80,0.46135,12.93231,9.44059,29.28746,36.02862,49.99,0865:59:12,1,02
16:06:26,0.13037,215.80,0.46469,13.10542,9.56695,29.28746,36.02862,49.99,0865:59:13,1,02
16:06:27,0.126,215.80,0.46388,12.64381,9.22998,29.28747,36.02863,49.99,0865:59:14,1,02
16:06:28,0.12704,215.80,0.46376,12.74246,9.302,29.28747,36.02863,49.98,0865:59:15,1,02
16:06:29,0.12726,215.80,0.4645,12.78713,9.33461,29.28747,36.02863,49.98,0865:59:16,1,02
16:06:30,0.12899,215.80,0.46217,12.89323,9.41206,29.28748,36.02864,49.99,0865:59:17,1,02
16:06:31,0.12766,215.70,0.46345,12.79272,9.33868,29.28748,36.02864,49.99,0865:59:18,1,02
16:06:32,0.12813,215.70,0.46304,12.82622,9.36314,29.28749,36.02864,49.99,0865:59:20,1,02
16:06:33,0.12935,215.70,0.46345,12.95837,9.45961,29.28749,36.02864,49.99,0865:59:21,1,02
16:06:34,0.13142,215.70,0.46214,13.13147,9.58598,29.28749,36.02866,49.98,0865:59:22,1,02
16:06:35,0.12899,215.80,0.46277,12.90812,9.42292,29.2875,36.02866,49.98,0865:59:23,1,02
16:06:36,0.12993,215.70,0.4633,13.01607,9.50173,29.2875,36.02867,49.99,0865:59:24,1,02
16:06:37,0.12899,215.70,0.46242,12.89509,9.41341,29.2875,36.02867,49.99,0865:59:25,1,02
16:06:38,0.12781,215.80,0.46007,12.7164,9.28297,29.28751,36.02867,49.98,0865:59:26,1,02
16:06:39,0.12709,215.70,0.45909,12.61589,9.2096,29.28751,36.02868,49.98,0865:59:27,1,02
16:06:40,0.12791,215.70,0.46077,12.74432,9.30336,29.28752,36.02868,49.98,0865:59:28,1,02
16:06:41,0.12809,215.80,0.46224,12.80575,9.3482,29.28752,36.02869,49.98,0865:59:29,1,02
16:06:42,0.12692,215.80,0.46331,12.7164,9.28297,29.28752,36.02869,49.98,0865:59:30,1,02
16:06:43,0.12848,215.80,0.46142,12.8225,9.36042,29.28753,36.0287,49.98,0865:59:31,1,02
16:06:44,0.12741,215.70,0.46095,12.69779,9.26939,29.28753,36.0287,49.98,0865:59:32,1,02
16:06:45,0.12719,215.80,0.46414,12.76852,9.32102,29.28753,36.0287,49.99,0865:59:33,1,02
16:06:46,0.12719,215.80,0.46414,12.76852,9.32102,29.28753,36.0287,49.99,0865:59:33,1,02
16:06:47,0.12689,215.70,0.46376,12.72013,9.28569,29.28754,36.02871,49.99,0865:59:34,1,02
16:06:48,0.12602,215.70,0.46222,12.59356,9.1933,29.28754,36.02871,49.99,0865:59:35,1,02
16:06:49,0.1302,215.80,0.46068,12.97512,9.47184,29.28755,36.02872,49.99,0865:59:36,1,02
16:06:50,0.12794,215.80,0.45971,12.72013,9.28569,29.28755,36.02872,50.00,0865:59:37,1,02
16:06:51,0.12895,215.90,0.45964,12.82436,9.36178,29.28755,36.02872,50.00,0865:59:38,1,02
16:06:52,0.12768,215.90,0.45992,12.70896,9.27754,29.28756,36.02872,50.00,0865:59:40,1,02
16:06:53,0.13097,215.90,0.45796,12.97698,9.4732,29.28756,36.02872,50.00,0865:59:41,1,02
16:06:54,0.12842,215.80,0.46027,12.78713,9.33461,29.28756,36.02874,50.00,0865:59:42,1,02
16:06:55,0.12771,215.90,0.45804,12.65684,9.2395,29.28757,36.02874,50.00,0865:59:43,1,02
16:06:56,0.12926,215.80,0.45767,12.7983,9.34276,29.28757,36.02875,50.00,0865:59:44,1,02
16:06:57,0.12821,215.70,0.4565,12.65684,9.2395,29.28758,36.02875,50.00,0865:59:45,1,02
16:06:58,0.12924,215.70,0.45329,12.66243,9.24357,29.28758,36.02876,50.00,0865:59:46,1,02
16:06:59,0.12787,215.70,0.45483,12.57495,9.17971,29.28758,36.02876,50.00,0865:59:47,1,02
16:07:00,0.12951,215.70,0.45367,12.70337,9.27346,29.28759,36.02877,50.00,0865:59:48,1,02
16:07:01,0.12868,215.60,0.45235,12.58053,9.18379,29.28759,36.02877,50.00,0865:59:49,1,02
16:07:02,0.12907,215.60,0.45182,12.601,9.19873,29.28759,36.02877,50.00,0865:59:50,1,02
16:07:03,0.13099,215.60,0.45014,12.73874,9.29928,29.2876,36.02878,50.00,0865:59:51,1,02
16:07:04,0.12939,215.60,0.45386,12.68848,9.26259,29.2876,36.02878,50.01,0865:59:52,1,02
16:07:05,0.13088,215.60,0.45347,12.82436,9.36178,29.2876,36.02879,50.00,0865:59:53,1,02
16:07:06,0.13076,215.40,0.45398,12.81691,9.35635,29.28761,36.02879,50.00,0865:59:54,1,02
16:07:07,0.13088,215.40,0.45468,12.84669,9.37809,29.28761,36.0288,50.00,0865:59:55,1,02
16:07:08,0.13022,215.40,0.4522,12.71268,9.28026,29.28762,36.0288,50.00,0865:59:56,1,02
16:07:09,0.12991,215.30,0.45293,12.69965,9.27075,29.28762,36.0288,50.00,0865:59:57,1,02
16:07:10,0.13322,215.30,0.45357,13.03841,9.51804,29.28762,36.0288,50.00,0865:59:58,1,02
16:07:11,0.13322,215.30,0.45357,13.03841,9.51804,29.28762,36.0288,50.00,0865:59:58,1,02
16:07:12,0.13447,215.40,0.45351,13.16498,9.61043,29.28763,36.02882,50.00,0865:59:59,1,02
16:07:13,0.13389,215.40,0.45603,13.18359,9.62402,29.28763,36.02882,50.00,0866:00:01,1,02
16:07:14,0.13324,215.50,0.45536,13.10169,9.56423,29.28763,36.02882,50.00,0866:00:02,1,02
16:07:15,0.13218,215.50,0.45404,12.9621,9.46233,29.28764,36.02883,50.00,0866:00:03,1,02
16:07:16,0.13078,215.50,0.4542,12.82808,9.3645,29.28764,36.02883,49.99,0866:00:04,1,02
16:07:17,0.13049,215.60,0.454,12.80389,9.34684,29.28765,36.02884,49.99,0866:00:05,1,02
16:07:18,0.13113,215.60,0.45283,12.82994,9.36586,29.28765,36.02884,50.00,0866:00:06,1,02
16:07:19,0.12931,215.60,0.45316,12.66057,9.24221,29.28765,36.02885,50.00,0866:00:07,1,02
16:07:20,0.12924,215.50,0.45532,12.70896,9.27754,29.28766,36.02885,49.99,0866:00:08,1,02
16:07:21,0.12989,215.50,0.45474,12.75549,9.31151,29.28766,36.02885,49.99,0866:00:09,1,02
16:07:22,0.12964,215.30,0.45263,12.66429,9.24493,29.28766,36.02885,50.00,0866:00:10,1,02
16:07:23,0.1301,215.30,0.45174,12.68476,9.25988,29.28767,36.02885,50.00,0866:00:11,1,02
16:07:24,0.12943,215.40,0.45312,12.66429,9.24493,29.28767,36.02887,49.99,0866:00:12,1,02
16:07:25,0.1301,215.50,0.45199,12.70337,9.27346,29.28768,36.02887,49.99,0866:00:13,1,02
16:07:26,0.13047,215.60,0.45166,12.73129,9.29384,29.28768,36.02888,49.99,0866:00:14,1,02
16:07:27,0.12918,215.50,0.45191,12.61031,9.20553,29.28768,36.02888,49.98,0866:00:15,1,02
16:07:28,0.12968,215.50,0.45241,12.66987,9.24901,29.28769,36.02888,49.98,0866:00:16,1,02
16:07:29,0.1303,215.40,0.45171,12.70896,9.27754,29.28769,36.02888,49.98,0866:00:17,1,02
16:07:30,0.12872,215.40,0.45297,12.58425,9.1865,29.28769,36.0289,49.98,0866:00:18,1,02
16:07:31,0.12974,215.40,0.45256,12.67731,9.25444,29.2877,36.0289,49.99,0866:00:19,1,02
16:07:33,0.1297,215.60,0.45563,12.76852,9.32102,29.2877,36.0289,49.99,0866:00:20,1,02
16:07:34,0.12836,215.60,0.45423,12.59914,9.19737,29.28771,36.02891,49.96,0866:00:22,1,02
16:07:35,0.12903,215.70,0.45329,12.64381,9.22998,29.28771,36.02891,49.96,0866:00:23,1,02
16:07:36,0.12903,215.70,0.45329,12.64381,9.22998,29.28771,36.02891,49.96,0866:00:23,1,02
16:07:37,0.12939,215.70,0.45242,12.65498,9.23814,29.28771,36.02892,49.98,0866:00:24,1,02
16:07:38,0.13022,215.60,0.45099,12.69221,9.26531,29.28772,36.02892,49.98,0866:00:25,1,02
16:07:39,0.1292,215.60,0.45401,12.67918,9.2558,29.28772,36.02893,49.96,0866:00:26,1,02
16:07:40,0.13041,215.70,0.45365,12.789,9.33597,29.28772,36.02893,49.96,0866:00:27,1,02
16:07:41,0.1284,216.00,0.45267,12.58611,9.18786,29.28773,36.02893,49.98,0866:00:28,1,02
16:07:42,0.12916,216.20,0.45113,12.62892,9.21911,29.28773,36.02893,49.98,0866:00:29,1,02
16:07:43,0.12874,216.30,0.45257,12.62892,9.21911,29.28773,36.02893,49.96,0866:00:30,1,02
16:07:44,0.1296,216.30,0.45468,12.77224,9.32374,29.28774,36.02895,49.96,0866:00:31,1,02
16:07:45,0.12918,216.10,0.4547,12.72199,9.28705,29.28774,36.02895,49.98,0866:00:32,1,02
16:07:46,0.12859,216.30,0.45465,12.67173,9.25037,29.28775,36.02896,49.96,0866:00:33,1,02
16:07:47,0.12836,216.40,0.45346,12.62334,9.21504,29.28775,36.02896,49.96,0866:00:34,1,02
16:07:48,0.1301,216.40,0.45079,12.72013,9.28569,29.28775,36.02896,49.98,0866:00:35,1,02
16:07:49,0.12809,216.30,0.45335,12.58983,9.19058,29.28776,36.02896,49.98,0866:00:36,1,02
16:07:50,0.12931,216.40,0.4538,12.72571,9.28977,29.28776,36.02898,49.96,0866:00:37,1,02
16:07:51,0.128,216.40,0.45394,12.601,9.19873,29.28776,36.02898,49.96,0866:00:38,1,02
16:07:52,0.13001,216.40,0.45406,12.80389,9.34684,29.28777,36.02898,49.99,0866:00:39,1,02
16:07:53,0.12968,216.40,0.45375,12.76294,9.31694,29.28777,36.02899,49.99,0866:00:40,1,02
16:07:54,0.12891,216.20,0.45463,12.70151,9.2721,29.28778,36.02899,49.98,0866:00:42,1,02
16:07:55,0.12887,216.20,0.45301,12.65126,9.23542,29.28778,36.029,49.98,0866:00:43,1,02
16:07:56,0.1284,216.30,0.45446,12.6494,9.23406,29.28778,36.029,49.98,0866:00:44,1,02
16:07:57,0.13008,216.20,0.45207,12.74618,9.30471,29.28779,36.02901,49.98,0866:00:45,1,02
16:07:58,0.12785,216.30,0.45394,12.58425,9.1865,29.28779,36.02901,49.98,0866:00:46,1,02
16:07:59,0.12857,216.50,0.45503,12.69407,9.26667,29.28779,36.02901,49.98,0866:00:47,1,02
16:08:00,0.12846,216.60,0.45487,12.6829,9.25852,29.2878,36.02901,49.99,0866:00:48,1,02
16:08:01,0.12842,216.50,0.45184,12.58983,9.19058,29.2878,36.02901,49.99,0866:00:49,1,02
16:08:02,0.12842,216.50,0.45184,12.58983,9.19058,29.2878,36.02901,49.99,0866:00:49,1,02
16:08:03,0.12932,216.40,0.45275,12.69965,9.27075,29.28781,36.02903,49.99,0866:00:50,1,02
16:08:04,0.12339,216.40,0.44944,12.02772,8.78024,29.28781,36.02903,49.99,0866:00:51,1,02
16:08:05,0.08639,216.30,0.42952,8.04268,5.87116,29.28781,36.02904,49.99,0866:00:52,1,02
16:08:06,0.08364,216.30,0.42661,7.73556,5.64696,29.28781,36.02904,49.99,0866:00:53,1,02
16:08:07,0.07709,216.40,0.41527,6.94265,5.06813,29.28782,36.02904,50.00,0866:00:54,1,02
16:08:08,0.0772,216.40,0.41672,6.97615,5.09259,29.28782,36.02905,50.00,0866:00:55,1,02
16:08:09,0.07681,216.30,0.41741,6.95196,5.07493,29.28782,36.02905,50.00,0866:00:56,1,02
16:08:10,0.07646,216.30,0.41768,6.92218,5.05319,29.28782,36.02905,50.00,0866:00:57,1,02
16:08:11,0.07649,216.30,0.41704,6.91473,5.04775,29.28782,36.02905,50.00,0866:00:58,1,02
16:08:12,0.07709,216.30,0.41492,6.9352,5.0627,29.28783,36.02906,50.03,0866:00:59,1,02
16:08:13,0.07646,216.40,0.41706,6.91659,5.04911,29.28783,36.02906,50.03,0866:01:00,1,02
16:08:14,0.07642,216.40,0.41713,6.91473,5.04775,29.28783,36.02906,50.01,0866:01:02,1,02
16:08:15,0.07681,216.40,0.41734,6.95382,5.07629,29.28783,36.02906,50.01,0866:01:03,1,02
16:08:16,0.07674,216.40,0.41501,6.90729,5.04232,29.28783,36.02907,50.03,0866:01:04,1,02
16:08:17,0.07646,216.40,0.41738,6.92031,5.05183,29.28784,36.02907,50.03,0866:01:05,1,02
16:08:18,0.07678,216.30,0.41635,6.92962,5.05862,29.28784,36.02907,50.03,0866:01:06,1,02
16:08:19,0.07702,216.30,0.41451,6.92218,5.05319,29.28784,36.02908,50.03,0866:01:07,1,02
16:08:20,0.07674,216.30,0.41698,6.93707,5.06406,29.28784,36.02908,50.03,0866:01:08,1,02
16:08:21,0.07671,216.30,0.41618,6.92218,5.05319,29.28784,36.02908,50.03,0866:01:09,1,02
16:08:22,0.07709,216.40,0.41908,7.0078,5.11569,29.28785,36.02908,50.04,0866:01:10,1,02
16:08:23,0.07607,216.40,0.41935,6.92031,5.05183,29.28785,36.02909,50.04,0866:01:11,1,02
16:08:24,0.0761,216.30,0.41988,6.9259,5.05591,29.28785,36.02909,50.01,0866:01:12,1,02
16:08:25,0.07596,216.00,0.42065,6.91659,5.04911,29.28785,36.02909,50.01,0866:01:13,1,02
16:08:26,0.07596,216.00,0.42065,6.91659,5.04911,29.28785,36.02909,50.01,0866:01:13,1,02
16:08:27,0.07567,215.90,0.42224,6.91287,5.04639,29.28785,36.02909,50.03,0866:01:14,1,02
16:08:28,0.07546,215.90,0.42398,6.92404,5.05455,29.28786,36.02909,50.04,0866:01:15,1,02
16:08:29,0.07681,215.90,0.41747,6.93893,5.06542,29.28786,36.02909,50.04,0866:01:16,1,02
16:08:30,0.07632,216.00,0.41832,6.91101,5.04504,29.28786,36.02909,50.03,0866:01:17,1,02
16:08:31,0.07667,215.80,0.41807,6.93334,5.06134,29.28786,36.02911,50.03,0866:01:18,1,02
16:08:32,0.07664,216.10,0.41624,6.90915,5.04368,29.28786,36.02911,50.04,0866:01:19,1,02
16:08:33,0.07642,216.30,0.4182,6.92776,5.05726,29.28787,36.02911,50.04,0866:01:20,1,02
16:08:34,0.07632,216.30,0.41843,6.92218,5.05319,29.28787,36.02912,50.03,0866:01:22,1,02
16:08:35,0.07692,216.30,0.41596,6.93707,5.06406,29.28787,36.02912,50.03,0866:01:23,1,02
16:08:36,0.07692,216.30,0.41551,6.92962,5.05862,29.28787,36.02912,50.04,0866:01:24,1,02
16:08:37,0.07635,216.40,0.41659,6.89798,5.03552,29.28787,36.02912,50.04,0866:01:25,1,02
16:08:38,0.0766,216.30,0.41639,6.91473,5.04775,29.28788,36.02913,50.03,0866:01:26,1,02
16:08:39,0.07632,216.30,0.41654,6.8924,5.03145,29.28788,36.02913,50.03,0866:01:27,1,02
16:08:40,0.07667,216.40,0.41682,6.92962,5.05862,29.28788,36.02913,50.03,0866:01:28,1,02
16:08:41,0.07678,216.40,0.41873,6.97243,5.08987,29.28788,36.02914,50.03,0866:01:29,1,02
16:08:42,0.07667,216.50,0.41956,6.97988,5.09531,29.28788,36.02914,50.03,0866:01:30,1,02
16:08:43,0.076,216.50,0.4184,6.89984,5.03688,29.28789,36.02914,50.03,0866:01:31,1,02
16:08:44,0.07614,216.30,0.41836,6.90542,5.04096,29.28789,36.02914,50.03,0866:01:32,1,02
16:08:45,0.07632,216.40,0.41803,6.92031,5.05183,29.28789,36.02914,50.03,0866:01:33,1,02
16:08:46,0.07639,216.40,0.41697,6.90729,5.04232,29.28789,36.02914,50.04,0866:01:34,1,02
16:08:47,0.07639,216.40,0.41777,6.92218,5.05319,29.28789,36.02914,50.03,0866:01:35,1,02
16:08:48,0.07628,216.40,0.41888,6.92962,5.05862,29.2879,36.02914,50.03,0866:01:36,1,02
16:08:49,0.0766,216.40,0.41812,6.94823,5.07221,29.2879,36.02916,50.01,0866:01:37,1,02
16:08:50,0.07667,216.40,0.41674,6.93148,5.05998,29.2879,36.02916,50.01,0866:01:38,1,02
16:08:51,0.07667,216.40,0.41674,6.93148,5.05998,29.2879,36.02916,50.01,0866:01:38,1,02
16:08:52,0.07646,216.50,0.41676,6.91473,5.04775,29.2879,36.02916,50.01,0866:01:39,1,02
16:08:53,0.07646,216.50,0.41708,6.91845,5.05047,29.2879,36.02917,50.01,0866:01:40,1,02
16:08:54,0.07621,216.50,0.4176,6.90542,5.04096,29.28791,36.02917,50.01,0866:01:41,1,02
16:08:55,0.07656,216.70,0.4157,6.91101,5.04504,29.28791,36.02917,50.01,0866:01:43,1,02
16:08:56,0.07656,216.80,0.41752,6.94451,5.06949,29.28791,36.02917,50.01,0866:01:44,1,02
16:08:57,0.07614,216.80,0.41774,6.90915,5.04368,29.28791,36.02917,50.01,0866:01:45,1,02
16:08:58,0.07635,216.70,0.41762,6.9259,5.05591,29.28791,36.02917,50.00,0866:01:46,1,02
16:08:59,0.07639,216.70,0.41687,6.91659,5.04911,29.28792,36.02917,50.00,0866:01:47,1,02
16:09:00,0.0766,216.70,0.41508,6.90542,5.04096,29.28792,36.02919,50.01,0866:01:48,1,02
16:09:01,0.07678,216.70,0.41728,6.95754,5.079,29.28792,36.02919,50.01,0866:01:49,1,02
16:09:02,0.07625,216.70,0.41796,6.92218,5.05319,29.28792,36.02919,50.00,0866:01:50,1,02
16:09:03,0.076,216.70,0.41793,6.89984,5.03688,29.28792,36.02919,50.00,0866:01:51,1,02
16:09:04,0.07625,216.70,0.41717,6.90915,5.04368,29.28793,36.0292,50.00,0866:01:52,1,02
16:09:05,0.07667,216.60,0.41559,6.91845,5.05047,29.28793,36.0292,50.00,0866:01:53,1,02
16:09:06,0.07653,216.60,0.41654,6.92031,5.05183,29.28793,36.0292,50.01,0866:01:54,1,02
16:09:07,0.07632,216.60,0.41788,6.92404,5.05455,29.28793,36.02921,49.99,0866:01:55,1,02
16:09:08,0.07664,216.70,0.41834,6.96126,5.08172,29.28793,36.02921,49.99,0866:01:56,1,02
16:09:09,0.0761,216.60,0.41687,6.88867,5.02873,29.28794,36.02921,50.00,0866:01:57,1,02
16:09:10,0.07688,216.60,0.41514,6.92962,5.05862,29.28794,36.02921,50.00,0866:01:58,1,02
16:09:11,0.0766,216.70,0.41765,6.94823,5.07221,29.28794,36.02922,49.98,0866:01:59,1,02
16:09:12,0.07639,216.70,0.4162,6.90542,5.04096,29.28794,36.02922,49.98,0866:02:00,1,02
16:09:13,0.07632,216.70,0.41689,6.90915,5.04368,29.28794,36.02922,49.99,0866:02:01,1,02
16:09:14,0.07692,216.60,0.41784,6.97615,5.09259,29.28795,36.02922,49.99,0866:02:02,1,02
16:09:15,0.07625,216.50,0.41845,6.92404,5.05455,29.28795,36.02922,49.96,0866:02:04,1,02
16:09:16,0.07625,216.50,0.41845,6.92404,5.05455,29.28795,36.02922,49.96,0866:02:04,1,02
16:09:17,0.07632,216.40,0.41813,6.92031,5.05183,29.28795,36.02922,49.96,0866:02:05,1,02
16:09:18,0.07646,216.40,0.41884,6.94451,5.06949,29.28795,36.02922,49.96,0866:02:06,1,02
16:09:19,0.07632,216.30,0.41629,6.88681,5.02737,29.28795,36.02924,49.96,0866:02:07,1,02
16:09:20,0.07656,216.20,0.41676,6.91473,5.04775,29.28796,36.02924,49.96,0866:02:08,1,02
16:09:21,0.07671,216.40,0.41745,6.94637,5.07085,29.28796,36.02924,49.96,0866:02:09,1,02
16:09:22,0.07653,216.50,0.41783,6.93707,5.06406,29.28796,36.02924,49.96,0866:02:10,1,02
16:09:23,0.07628,216.80,0.41712,6.91287,5.04639,29.28796,36.02925,49.96,0866:02:11,1,02
16:09:24,0.07664,216.80,0.41572,6.92218,5.05319,29.28796,36.02925,49.95,0866:02:12,1,02
16:09:26,0.07621,216.90,0.41787,6.92218,5.05319,29.28797,36.02925,49.95,0866:02:13,1,02
16:09:27,0.07625,216.80,0.4173,6.91287,5.04639,29.28797,36.02925,49.96,0866:02:14,1,02
16:09:28,0.07639,216.60,0.4174,6.92218,5.05319,29.28797,36.02925,49.96,0866:02:15,1,02
16:09:29,0.07685,216.50,0.41719,6.95754,5.079,29.28797,36.02925,49.96,0866:02:16,1,02
16:09:30,0.07678,216.40,0.41529,6.91659,5.04911,29.28797,36.02925,49.96,0866:02:17,1,02
16:09:31,0.07649,216.50,0.41624,6.90915,5.04368,29.28798,36.02927,49.96,0866:02:18,1,02
16:09:32,0.07625,216.50,0.41528,6.87006,5.01514,29.28798,36.02927,49.96,0866:02:19,1,02
16:09:33,0.07653,216.50,0.41618,6.91287,5.04639,29.28798,36.02927,49.96,0866:02:20,1,02
16:09:34,0.07635,216.50,0.41685,6.90542,5.04096,29.28798,36.02928,49.98,0866:02:21,1,02
16:09:35,0.07681,216.50,0.4167,6.94637,5.07085,29.28799,36.02928,49.98,0866:02:22,1,02
16:09:36,0.07639,216.50,0.41747,6.92031,5.05183,29.28799,36.02928,49.96,0866:02:23,1,02
16:09:37,0.07642,216.50,0.41727,6.91845,5.05047,29.28799,36.02928,49.96,0866:02:25,1,02
16:09:38,0.07628,216.40,0.41809,6.91659,5.04911,29.28799,36.02929,49.98,0866:02:26,1,02
16:09:39,0.07667,216.30,0.41601,6.91473,5.04775,29.28799,36.02929,49.98,0866:02:27,1,02
16:09:40,0.07649,216.30,0.41682,6.91101,5.04504,29.288,36.02929,49.98,0866:02:28,1,02
16:09:41,0.07635,216.20,0.41775,6.91101,5.04504,29.288,36.0293,49.98,0866:02:29,1,02
16:09:42,0.07632,216.20,0.4177,6.90542,5.04096,29.288,36.0293,49.98,0866:02:30,1,02
16:09:43,0.07632,216.20,0.4177,6.90542,5.04096,29.288,36.0293,49.98,0866:02:30,1,02
16:09:44,0.07621,216.30,0.4164,6.87937,5.02194,29.288,36.0293,49.98,0866:02:31,1,02
16:09:45,0.07667,216.40,0.41708,6.93707,5.06406,29.288,36.0293,49.98,0866:02:32,1,02
16:09:46,0.07621,216.50,0.41783,6.90915,5.04368,29.28801,36.0293,49.98,0866:02:33,1,02
16:09:47,0.07653,216.50,0.41682,6.92031,5.05183,29.28801,36.0293,49.96,0866:02:34,1,02
16:09:48,0.07671,216.50,0.4167,6.93707,5.06406,29.28801,36.0293,49.96,0866:02:35,1,02
16:09:49,0.07688,216.60,0.4149,6.92404,5.05455,29.28801,36.02932,49.96,0866:02:36,1,02
16:09:50,0.07674,216.60,0.41555,6.92404,5.05455,29.28801,36.02932,49.98,0866:02:37,1,02
16:09:51,0.07671,216.60,0.41706,6.94451,5.06949,29.28802,36.02932,49.98,0866:02:38,1,02
16:09:52,0.07671,216.70,0.4173,6.9501,5.07357,29.28802,36.02932,49.96,0866:02:39,1,02
16:09:53,0.07656,216.60,0.41825,6.95196,5.07493,29.28802,36.02933,49.96,0866:02:40,1,02
16:09:54,0.07664,216.60,0.41642,6.92776,5.05726,29.28802,36.02933,49.98,0866:02:41,1,02
16:09:55,0.07688,216.50,0.41667,6.95196,5.07493,29.28802,36.02933,49.98,0866:02:42,1,02
16:09:56,0.07642,216.50,0.41592,6.89612,5.03417,29.28803,36.02933,49.96,0866:02:43,1,02
16:09:57,0.07681,216.50,0.41693,6.9501,5.07357,29.28803,36.02934,49.96,0866:02:44,1,02
16:09:58,0.07656,216.40,0.41605,6.90915,5.04368,29.28803,36.02934,49.98,0866:02:46,1,02
16:09:59,0.07699,216.50,0.41633,6.95568,5.07765,29.28803,36.02934,49.98,0866:02:47,1,02
16:10:00,0.07667,216.60,0.41669,6.9352,5.0627,29.28803,36.02935,49.98,0866:02:48,1,02
16:10:01,0.07639,216.60,0.41693,6.91287,5.04639,29.28804,36.02935,49.98,0866:02:49,1,02
16:10:02,0.0761,216.60,0.41742,6.89612,5.03417,29.28804,36.02935,49.98,0866:02:50,1,02
16:10:03,0.07745,216.60,0.41676,7.0078,5.11569,29.28804,36.02935,49.98,0866:02:51,1,02
16:10:04,0.07667,216.70,0.41751,6.95196,5.07493,29.28804,36.02936,49.98,0866:02:52,1,02
16:10:05,0.07628,216.70,0.41876,6.93707,5.06406,29.28804,36.02936,49.98,0866:02:53,1,02
16:10:06,0.07639,216.50,0.41837,6.9352,5.0627,29.28805,36.02936,49.98,0866:02:54,1,02
16:10:07,0.07639,216.50,0.41837,6.9352,5.0627,29.28805,36.02936,49.98,0866:02:54,1,02
16:10:08,0.0761,216.60,0.41988,6.9352,5.0627,29.28805,36.02937,49.98,0866:02:55,1,02
16:10:09,0.07642,216.50,0.41672,6.91101,5.04504,29.28805,36.02937,49.98,0866:02:56,1,02
16:10:10,0.07621,216.50,0.4185,6.92031,5.05183,29.28805,36.02937,49.98,0866:02:57,1,02
16:10:11,0.07667,216.40,0.41807,6.95196,5.07493,29.28805,36.02937,49.98,0866:02:58,1,02
16:10:12,0.07653,216.40,0.41869,6.94823,5.07221,29.28806,36.02938,49.98,0866:02:59,1,02
16:10:13,0.07603,216.30,0.41691,6.87378,5.01786,29.28806,36.02938,49.98,0866:03:00,1,02
16:10:14,0.07678,216.30,0.41514,6.91101,5.04504,29.28806,36.02938,49.99,0866:03:01,1,02
16:10:15,0.07628,216.40,0.41854,6.92404,5.05455,29.28806,36.02938,49.99,0866:03:02,1,02
16:10:16,0.07635,216.40,0.41674,6.90356,5.0396,29.28806,36.02938,49.99,0866:03:03,1,02
16:10:17,0.07632,216.50,0.41751,6.91473,5.04775,29.28807,36.02938,49.99,0866:03:04,1,02
16:10:18,0.07695,216.60,0.41611,6.95196,5.07493,29.28807,36.02938,49.98,0866:03:06,1,02
16:10:19,0.07632,216.60,0.41777,6.92218,5.05319,29.28807,36.0294,49.98,0866:03:07,1,02
16:10:20,0.076,216.70,0.41879,6.91101,5.04504,29.28807,36.0294,49.99,0866:03:08,1,02
16:10:21,0.07603,216.70,0.41851,6.91101,5.04504,29.28807,36.0294,49.99,0866:03:09,1,02
16:10:22,0.07585,216.50,0.41927,6.9017,5.03824,29.28808,36.02941,49.99,0866:03:10,1,02
16:10:23,0.07621,216.60,0.41764,6.90915,5.04368,29.28808,36.02941,49.99,0866:03:11,1,02
16:10:24,0.07642,216.60,0.42044,6.97429,5.09123,29.28808,36.02941,49.99,0866:03:12,1,02
16:10:25,0.0756,216.40,0.42132,6.90729,5.04232,29.28808,36.02941,49.99,0866:03:13,1,02
16:10:26,0.07542,216.30,0.42259,6.90915,5.04368,29.28808,36.02942,49.99,0866:03:14,1,02
16:10:27,0.07473,216.30,0.42636,6.90729,5.04232,29.28809,36.02942,49.99,0866:03:15,1,02
16:10:28,0.07517,216.30,0.42461,6.91845,5.05047,29.28809,36.02942,49.99,0866:03:16,1,02
16:10:29,0.07484,216.40,0.42615,6.91659,5.04911,29.28809,36.02942,49.99,0866:03:17,1,02
16:10:30,0.07492,216.40,0.42541,6.91101,5.04504,29.28809,36.02943,49.99,0866:03:18,1,02
16:10:31,0.07492,216.40,0.42541,6.91101,5.04504,29.28809,36.02943,49.99,0866:03:18,1,02
16:10:32,0.07484,216.40,0.42603,6.91473,5.04775,29.28809,36.02943,49.98,0866:03:19,1,02
16:10:33,0.07553,216.30,0.42555,6.96871,5.08716,29.2881,36.02943,49.98,0866:03:20,1,02
16:10:34,0.07524,216.30,0.42412,6.91845,5.05047,29.2881,36.02944,49.99,0866:03:21,1,02
16:10:35,0.07488,216.40,0.42572,6.91287,5.04639,29.2881,36.02944,49.99,0866:03:22,1,02
16:10:36,0.07488,216.50,0.42518,6.90729,5.04232,29.2881,36.02944,49.98,0866:03:23,1,02
16:10:37,0.07513,216.50,0.42453,6.92031,5.05183,29.2881,36.02944,49.98,0866:03:24,1,02
16:10:38,0.07509,216.50,0.42358,6.9017,5.03824,29.28811,36.02945,49.98,0866:03:26,1,02
16:10:39,0.07535,216.60,0.42556,6.9594,5.08036,29.28811,36.02945,49.98,0866:03:27,1,02
16:10:40,0.07488,216.50,0.42564,6.91473,5.04775,29.28811,36.02945,49.99,0866:03:28,1,02
16:10:41,0.07477,216.50,0.42703,6.92776,5.05726,29.28811,36.02945,49.99,0866:03:29,1,02
16:10:42,0.07495,216.60,0.4246,6.90729,5.04232,29.28811,36.02946,49.98,0866:03:30,1,02
16:10:43,0.07495,216.50,0.42514,6.91287,5.04639,29.28812,36.02946,49.98,0866:03:31,1,02
16:10:44,0.0752,216.30,0.42671,6.95754,5.079,29.28812,36.02946,49.98,0866:03:32,1,02
16:10:45,0.07502,216.40,0.42553,6.92404,5.05455,29.28812,36.02946,49.98,0866:03:33,1,02
16:10:46,0.07492,216.50,0.42464,6.9017,5.03824,29.28812,36.02946,49.98,0866:03:34,1,02
16:10:47,0.07517,216.50,0.42401,6.91659,5.04911,29.28812,36.02946,49.98,0866:03:35,1,02
16:10:48,0.0752,216.60,0.42383,6.91845,5.05047,29.28813,36.02946,49.98,0866:03:36,1,02
16:10:49,0.0752,216.50,0.42619,6.95382,5.07629,29.28813,36.02948,49.98,0866:03:37,1,02
16:10:50,0.07502,216.60,0.42571,6.93334,5.06134,29.28813,36.02948,49.98,0866:03:38,1,02
16:10:51,0.07506,216.60,0.42516,6.9259,5.05591,29.28813,36.02948,49.98,0866:03:39,1,02
16:10:52,0.07524,216.60,0.42366,6.92031,5.05183,29.28813,36.02948,49.98,0866:03:40,1,02
16:10:53,0.07484,216.60,0.42371,6.88495,5.02601,29.28814,36.02949,49.98,0866:03:41,1,02
16:10:54,0.07451,216.60,0.42522,6.87937,5.02194,29.28814,36.02949,49.98,0866:03:42,1,02
16:10:55,0.07488,216.80,0.42471,6.90915,5.04368,29.28814,36.02949,49.98,0866:03:43,1,02
16:10:56,0.07488,216.80,0.42471,6.90915,5.04368,29.28814,36.02949,49.98,0866:03:43,1,02
16:10:57,0.07542,216.80,0.42322,6.9352,5.0627,29.28814,36.0295,49.98,0866:03:44,1,02
16:10:58,0.07484,216.70,0.42535,6.91473,5.04775,29.28814,36.0295,49.99,0866:03:46,1,02
16:10:59,0.07513,216.60,0.42287,6.89798,5.03552,29.28815,36.0295,49.99,0866:03:47,1,02
16:11:00,0.07488,216.60,0.42453,6.89984,5.03688,29.28815,36.0295,49.98,0866:03:48,1,02
16:11:01,0.07538,216.50,0.4234,6.92404,5.05455,29.28815,36.02951,49.98,0866:03:49,1,02
16:11:02,0.07574,216.40,0.42239,6.93893,5.06542,29.28815,36.02951,49.98,0866:03:50,1,02
16:11:03,0.07513,216.50,0.4243,6.91659,5.04911,29.28815,36.02951,49.98,0866:03:51,1,02
16:11:04,0.07546,216.40,0.42435,6.94265,5.06813,29.28816,36.02951,49.98,0866:03:52,1,02
16:11:05,0.07495,216.30,0.42556,6.91659,5.04911,29.28816,36.02951,49.98,0866:03:53,1,02
16:11:06,0.07506,216.30,0.42404,6.89984,5.03688,29.28816,36.02951,49.98,0866:03:54,1,02
16:11:07,0.07542,216.20,0.42359,6.92404,5.05455,29.28816,36.02951,49.98,0866:03:55,1,02
16:11:08,0.07492,216.20,0.4249,6.89798,5.03552,29.28816,36.02953,49.98,0866:03:56,1,02
16:11:09,0.07531,215.90,0.42759,6.96871,5.08716,29.28817,36.02953,49.98,0866:03:57,1,02
16:11:10,0.07484,216.00,0.42452,6.8775,5.02058,29.28817,36.02953,49.98,0866:03:58,1,02
16:11:11,0.07549,216.00,0.42348,6.92218,5.05319,29.28817,36.02953,49.96,0866:03:59,1,02
16:11:12,0.07564,216.00,0.42339,6.93334,5.06134,29.28817,36.02954,49.96,0866:04:00,1,02
16:11:13,0.07528,216.00,0.42266,6.88681,5.02737,29.28817,36.02954,49.96,0866:04:01,1,02
16:11:14,0.07571,216.10,0.42427,6.95568,5.07765,29.28818,36.02954,49.96,0866:04:02,1,02
16:11:15,0.07502,216.10,0.42576,6.91659,5.04911,29.28818,36.02954,49.98,0866:04:03,1,02
16:11:16,0.07553,216.10,0.42274,6.91473,5.04775,29.28818,36.02954,49.98,0866:04:04,1,02
16:11:17,0.07506,216.20,0.42448,6.90542,5.04096,29.28818,36.02954,49.98,0866:04:05,1,02
16:11:18,0.07542,216.30,0.42314,6.91659,5.04911,29.28818,36.02954,49.98,0866:04:07,1,02
16:11:19,0.07567,216.20,0.42531,6.97429,5.09123,29.28819,36.02956,49.98,0866:04:08,1,02
16:11:20,0.0756,216.20,0.42218,6.91659,5.04911,29.28819,36.02956,49.98,0866:04:09,1,02
16:11:21,0.0756,216.20,0.42218,6.91659,5.04911,29.28819,36.02956,49.98,0866:04:09,1,02
16:11:23,0.07542,216.10,0.42151,6.88681,5.02737,29.28819,36.02956,49.99,0866:04:10,1,02
16:11:24,0.07509,216.10,0.42424,6.89984,5.03688,29.28819,36.02956,49.99,0866:04:11,1,02
16:11:25,0.07531,216.00,0.42386,6.91101,5.04504,29.2882,36.02957,49.99,0866:04:12,1,02
16:11:26,0.07542,216.00,0.42567,6.9501,5.07357,29.2882,36.02957,49.99,0866:04:13,1,02
16:11:27,0.07571,215.90,0.4232,6.93334,5.06134,29.2882,36.02957,49.98,0866:04:14,1,02
16:11:28,0.07517,216.00,0.42427,6.90356,5.0396,29.2882,36.02957,49.98,0866:04:15,1,02
16:11:29,0.07495,216.00,0.42313,6.86448,5.01107,29.2882,36.02958,49.98,0866:04:16,1,02
16:11:30,0.07542,216.00,0.42318,6.91101,5.04504,29.28821,36.02958,49.98,0866:04:17,1,02
16:11:31,0.07506,216.00,0.42522,6.91101,5.04504,29.28821,36.02958,49.98,0866:04:18,1,02
16:11:32,0.07546,216.10,0.42278,6.90915,5.04368,29.28821,36.02959,49.98,0866:04:19,1,02
16:11:33,0.07542,216.20,0.42472,6.94079,5.06678,29.28821,36.02959,49.98,0866:04:20,1,02
16:11:34,0.07499,216.20,0.42625,6.92776,5.05726,29.28821,36.02959,49.98,0866:04:21,1,02
16:11:35,0.07502,216.20,0.42479,6.90729,5.04232,29.28822,36.02959,49.98,0866:04:22,1,02
16:11:36,0.07502,216.40,0.42414,6.89984,5.03688,29.28822,36.02959,49.98,0866:04:23,1,02
16:11:37,0.07549,216.30,0.42154,6.89984,5.03688,29.28822,36.02959,49.98,0866:04:24,1,02
16:11:38,0.07542,216.10,0.42413,6.92962,5.05862,29.28822,36.02959,49.98,0866:04:25,1,02
16:11:39,0.0752,216.10,0.42482,6.92031,5.05183,29.28822,36.02959,49.98,0866:04:26,1,02
16:11:40,0.07524,216.20,0.42407,6.91287,5.04639,29.28823,36.02961,49.96,0866:04:28,1,02
16:11:41,0.07564,216.10,0.42206,6.91473,5.04775,29.28823,36.02961,49.96,0866:04:29,1,02
16:11:42,0.07502,216.10,0.42335,6.8775,5.02058,29.28823,36.02961,49.98,0866:04:30,1,02
16:11:43,0.07506,216.00,0.42255,6.86448,5.01107,29.28823,36.02962,49.98,0866:04:31,1,02
16:11:44,0.07603,215.90,0.42261,6.95196,5.07493,29.28823,36.02962,49.99,0866:04:32,1,02
16:11:45,0.07564,215.90,0.42176,6.90356,5.0396,29.28824,36.02962,49.99,0866:04:33,1,02
16:11:46,0.07603,215.90,0.41957,6.90356,5.0396,29.28824,36.02962,49.99,0866:04:34,1,02
16:11:47,0.07603,215.90,0.41957,6.90356,5.0396,29.28824,36.02962,49.99,0866:04:34,1,02
16:11:48,0.07557,216.00,0.42264,6.91473,5.04775,29.28824,36.02962,49.99,0866:04:35,1,02
16:11:49,0.07564,216.00,0.42258,6.91845,5.05047,29.28824,36.02962,49.98,0866:04:36,1,02
16:11:50,0.07549,215.90,0.42265,6.90542,5.04096,29.28824,36.02962,49.98,0866:04:37,1,02
16:11:51,0.07614,215.80,0.42145,6.94079,5.06678,29.28825,36.02962,50.00,0866:04:38,1,02
16:11:52,0.07592,215.80,0.42099,6.91287,5.04639,29.28825,36.02964,50.00,0866:04:39,1,02
16:11:53,0.07574,215.80,0.4225,6.92031,5.05183,29.28825,36.02964,49.99,0866:04:40,1,02
16:11:54,0.07557,215.80,0.42291,6.91287,5.04639,29.28825,36.02964,50.00,0866:04:41,1,02
16:11:55,0.07557,215.90,0.42418,6.9352,5.0627,29.28825,36.02965,50.00,0866:04:42,1,02
16:11:56,0.07546,215.90,0.42273,6.90356,5.0396,29.28826,36.02965,50.00,0866:04:43,1,02
16:11:57,0.07574,215.90,0.42335,6.93893,5.06542,29.28826,36.02965,50.00,0866:04:44,1,02
16:11:58,0.07509,215.90,0.42541,6.91101,5.04504,29.28826,36.02965,50.00,0866:04:45,1,02
16:11:59,0.07506,215.90,0.42492,6.89984,5.03688,29.28826,36.02966,50.00,0866:04:46,1,02
16:12:00,0.07564,215.80,0.42218,6.90729,5.04232,29.28826,36.02966,50.00,0866:04:48,1,02
16:12:01,0.07535,215.70,0.42415,6.91101,5.04504,29.28827,36.02966,50.00,0866:04:49,1,02
16:12:02,0.07531,215.70,0.42419,6.90542,5.04096,29.28827,36.02967,50.00,0866:04:50,1,02
16:12:03,0.09062,215.70,0.43691,8.55826,6.24753,29.28827,36.02967,50.00,0866:04:51,1,02
16:12:04,0.11223,215.60,0.46202,11.20689,8.18103,29.28827,36.02967,50.00,0866:04:52,1,02
16:12:05,0.12015,215.60,0.45412,11.79134,8.60768,29.28828,36.02967,50.00,0866:04:53,1,02
16:12:06,0.12596,215.60,0.45788,12.46513,9.09954,29.28828,36.02967,50.00,0866:04:54,1,02
16:12:07,0.1288,215.80,0.46052,12.8318,9.36722,29.28828,36.02967,50.00,0866:04:55,1,02
16:12:08,0.13014,215.80,0.45973,12.94162,9.44738,29.28829,36.02969,50.01,0866:04:56,1,02
16:12:09,0.13299,215.70,0.45934,13.20406,9.63897,29.28829,36.02969,50.01,0866:04:57,1,02
16:12:10,0.13415,215.70,0.45483,13.19476,9.63217,29.2883,36.0297,50.00,0866:04:58,1,02
16:12:11,0.13263,215.80,0.45866,13.15567,9.60364,29.2883,36.0297,50.00,0866:04:59,1,02
16:12:12,0.13263,215.80,0.45866,13.15567,9.60364,29.2883,36.0297,50.00,0866:04:59,1,02
16:12:13,0.13322,215.80,0.46072,13.27479,9.6906,29.2883,36.02971,49.99,0866:05:00,1,02
16:12:14,0.13275,215.80,0.45825,13.15567,9.60364,29.28831,36.02971,50.01,0866:05:01,1,02
16:12:15,0.13324,215.70,0.46065,13.26921,9.68652,29.28831,36.02972,50.01,0866:05:02,1,02
16:12:16,0.13415,215.60,0.45616,13.2264,9.65527,29.28831,36.02972,50.00,0866:05:03,1,02
16:12:17,0.13393,215.60,0.45678,13.22082,9.6512,29.28832,36.02973,50.00,0866:05:04,1,02
16:12:18,0.13314,215.40,0.4583,13.17242,9.61587,29.28832,36.02973,50.00,0866:05:05,1,02
16:12:19,0.12922,215.30,0.45929,12.80947,9.35091,29.28833,36.02973,50.00,0866:05:06,1,02
16:12:20,0.12947,215.40,0.45671,12.76294,9.31694,29.28833,36.02974,49.99,0866:05:07,1,02
16:12:21,0.1296,215.30,0.46073,12.88392,9.40526,29.28833,36.02974,49.99,0866:05:09,1,02
16:12:22,0.13288,215.30,0.4606,13.20965,9.64304,29.28834,36.02975,50.00,0866:05:10,1,02
16:12:23,0.13236,215.40,0.46053,13.15939,9.60636,29.28834,36.02975,50.00,0866:05:11,1,02
16:12:24,0.1309,215.30,0.45955,12.98257,9.47728,29.28835,36.02975,49.99,0866:05:12,1,02
16:12:25,0.12979,215.30,0.45613,12.77224,9.32374,29.28835,36.02975,49.99,0866:05:13,1,02
16:12:26,0.12783,215.20,0.45862,12.64567,9.23134,29.28835,36.02977,49.99,0866:05:14,1,02
16:12:27,0.12768,215.30,0.46102,12.70151,9.2721,29.28836,36.02977,49.99,0866:05:15,1,02
16:12:28,0.12882,215.00,0.45957,12.75921,9.31423,29.28836,36.02977,49.99,0866:05:16,1,02
16:12:29,0.12882,215.00,0.4587,12.73502,9.29656,29.28836,36.02978,49.99,0866:05:17,1,02
16:12:30,0.13183,215.00,0.45696,12.98257,9.47728,29.28837,36.02978,49.99,0866:05:18,1,02
16:12:31,0.13055,215.10,0.46032,12.95465,9.45689,29.28837,36.02979,49.99,0866:05:19,1,02
16:12:32,0.12924,215.20,0.4614,12.86159,9.38896,29.28838,36.02979,49.98,0866:05:20,1,02
16:12:33,0.12846,215.30,0.46072,12.77038,9.32238,29.28838,36.0298,49.98,0866:05:21,1,02
16:12:34,0.13045,215.30,0.46111,12.97698,9.4732,29.28838,36.0298,49.99,0866:05:22,1,02
16:12:35,0.12874,215.20,0.45899,12.74805,9.30607,29.28839,36.02981,49.98,0866:05:23,1,02
16:12:36,0.13107,215.40,0.46026,13.02166,9.50581,29.28839,36.02981,49.98,0866:05:24,1,02
16:12:37,0.13107,215.40,0.46026,13.02166,9.50581,29.28839,36.02981,49.98,0866:05:24,1,02
16:12:38,0.13306,215.40,0.46118,13.24687,9.67022,29.28839,36.02981,49.99,0866:05:25,1,02
16:12:39,0.13238,215.30,0.46144,13.18545,9.62538,29.2884,36.02982,49.99,0866:05:26,1,02
16:12:40,0.13293,215.70,0.46231,13.28782,9.70011,29.2884,36.02982,49.98,0866:05:27,1,02
16:12:41,0.13171,215.70,0.46111,13.12961,9.58462,29.28841,36.02983,49.98,0866:05:29,1,02
16:12:42,0.13138,215.60,0.46257,13.13334,9.58733,29.28841,36.02983,49.98,0866:05:30,1,02
16:12:43,0.12855,215.60,0.45932,12.75735,9.31287,29.28841,36.02983,49.98,0866:05:31,1,02
16:12:44,0.13012,215.50,0.45676,12.83925,9.37265,29.28842,36.02983,49.98,0866:05:32,1,02
16:12:45,0.13043,215.60,0.45799,12.90626,9.42157,29.28842,36.02985,49.98,0866:05:33,1,02
16:12:46,0.13267,215.50,0.46142,13.22454,9.65391,29.28842,36.02985,49.98,0866:05:34,1,02
16:12:47,0.12984,215.50,0.4617,12.94534,9.4501,29.28843,36.02985,49.98,0866:05:35,1,02
16:12:48,0.12882,215.50,0.46066,12.81691,9.35635,29.28843,36.02986,49.98,0866:05:36,1,02
16:12:49,0.12703,215.40,0.45793,12.56005,9.16884,29.28844,36.02986,49.98,0866:05:37,1,02
16:12:50,0.12848,215.50,0.46035,12.77224,9.32374,29.28844,36.02987,49.99,0866:05:38,1,02
16:12:51,0.12955,215.40,0.46167,12.91184,9.42564,29.28844,36.02987,49.99,0866:05:39,1,02
16:12:52,0.12794,215.40,0.45976,12.69593,9.26803,29.28845,36.02988,49.98,0866:05:40,1,02
16:12:53,0.12909,215.30,0.46179,12.86531,9.39167,29.28845,36.02988,49.98,0866:05:41,1,02
16:12:54,0.13099,215.40,0.45808,12.95651,9.45825,29.28845,36.02988,49.99,0866:05:42,1,02
16:12:55,0.12868,215.60,0.46171,12.83739,9.37129,29.28846,36.02988,50.00,0866:05:43,1,02
16:12:56,0.12924,215.50,0.46173,12.8895,9.40934,29.28846,36.02988,50.00,0866:05:44,1,02
16:12:57,0.12838,215.50,0.46201,12.81319,9.35363,29.28847,36.0299,50.00,0866:05:45,1,02
16:12:58,0.12825,215.60,0.46132,12.78527,9.33325,29.28847,36.0299,50.00,0866:05:46,1,02
16:12:59,0.12924,215.70,0.46004,12.856,9.38488,29.28847,36.02991,49.99,0866:05:47,1,02
16:13:00,0.12945,215.70,0.45904,12.85042,9.38081,29.28848,36.02991,49.99,0866:05:48,1,02
16:13:01,0.13061,215.70,0.46125,13.02724,9.50989,29.28848,36.02991,50.01,0866:05:50,1,02
16:13:02,0.13061,215.70,0.46125,13.02724,9.50989,29.28848,36.02991,50.01,0866:05:50,1,02
16:13:03,0.12757,215.70,0.46053,12.70523,9.27482,29.28848,36.02991,50.01,0866:05:51,1,02
16:13:04,0.12868,215.80,0.45934,12.78341,9.33189,29.28849,36.02991,50.00,0866:05:52,1,02
16:13:05,0.12857,215.80,0.46045,12.80575,9.3482,29.28849,36.02993,50.00,0866:05:53,1,02
16:13:06,0.12779,215.80,0.46141,12.75363,9.31015,29.2885,36.02993,50.01,0866:05:54,1,02
16:13:07,0.12787,215.80,0.46071,12.74432,9.30336,29.2885,36.02994,50.01,0866:05:55,1,02
16:13:08,0.12775,215.90,0.46209,12.77224,9.32374,29.2885,36.02994,50.01,0866:05:56,1,02
16:13:09,0.13008,215.80,0.45872,12.90812,9.42292,29.28851,36.02995,50.01,0866:05:57,1,02
16:13:10,0.12834,215.90,0.4634,12.86903,9.39439,29.28851,36.02995,50.00,0866:05:58,1,02
16:13:11,0.13022,215.90,0.4605,12.97698,9.4732,29.28851,36.02995,50.00,0866:05:59,1,02
16:13:12,0.13191,216.10,0.46228,13.20779,9.64169,29.28852,36.02996,50.01,0866:06:00,1,02
16:13:14,0.12976,216.10,0.46152,12.96954,9.46776,29.28852,36.02996,50.01,0866:06:01,1,02
16:13:15,0.12851,216.10,0.45786,12.74246,9.302,29.28853,36.02996,50.01,0866:06:02,1,02
16:13:16,0.12743,216.10,0.46176,12.74246,9.302,29.28853,36.02996,50.01,0866:06:03,1,02
16:13:17,0.13074,216.00,0.45949,13.00677,9.49494,29.28853,36.02998,50.01,0866:06:04,1,02
16:13:18,0.13214,216.00,0.46162,13.20779,9.64169,29.28854,36.02998,50.03,0866:06:05,1,02
16:13:19,0.13161,215.90,0.46052,13.11472,9.57375,29.28854,36.02999,50.03,0866:06:06,1,02
16:13:20,0.13152,215.90,0.46031,13.10169,9.56423,29.28854,36.02999,50.01,0866:06:07,1,02
16:13:21,0.12779,215.80,0.46162,12.76107,9.31558,29.28855,36.02999,50.01,0866:06:08,1,02
16:13:22,0.12783,215.80,0.46089,12.74432,9.30336,29.28855,36.02999,50.01,0866:06:09,1,02
16:13:23,0.1266,215.80,0.459,12.56564,9.17292,29.28856,36.02999,50.01,0866:06:11,1,02
16:13:24,0.12796,215.80,0.45818,12.6829,9.25852,29.28856,36.03001,49.99,0866:06:12,1,02
16:13:25,0.12749,215.90,0.46067,12.70896,9.27754,29.28856,36.03001,49.99,0866:06:13,1,02
16:13:26,0.12709,215.90,0.4592,12.63078,9.22047,29.28857,36.03002,50.00,0866:06:14,1,02
16:13:27,0.1276,216.00,0.45978,12.70337,9.27346,29.28857,36.03002,50.00,0866:06:15,1,02
16:13:28,0.12685,216.00,0.45887,12.60473,9.20145,29.28857,36.03002,49.99,0866:06:16,1,02
16:13:29,0.12685,216.00,0.45887,12.60473,9.20145,29.28857,36.03002,49.99,0866:06:16,1,02
16:13:30,0.12815,215.90,0.4561,12.64567,9.23134,29.28858,36.03003,49.99,0866:06:17,1,02
16:13:31,0.12777,215.90,0.45967,12.7071,9.27618,29.28858,36.03003,49.99,0866:06:18,1,02
16:13:32,0.12749,215.80,0.46044,12.69593,9.26803,29.28859,36.03004,49.99,0866:06:19,1,02
16:13:33,0.12626,215.70,0.46201,12.60845,9.20417,29.28859,36.03004,49.98,0866:06:20,1,02
16:13:34,0.12747,215.80,0.4599,12.68104,9.25716,29.28859,36.03004,49.98,0866:06:21,1,02
16:13:35,0.12703,215.80,0.45996,12.63637,9.22455,29.2886,36.03004,49.99,0866:06:22,1,02
16:13:36,0.12717,215.80,0.45968,12.64567,9.23134,29.2886,36.03006,49.99,0866:06:23,1,02
16:13:37,0.12651,215.70,0.45876,12.54889,9.16069,29.2886,36.03006,49.98,0866:06:24,1,02
16:13:38,0.12745,215.70,0.46008,12.67918,9.2558,29.28861,36.03006,49.98,0866:06:25,1,02
16:13:39,0.12768,215.70,0.45792,12.63823,9.22591,29.28861,36.03007,49.98,0866:06:26,1,02
16:13:40,0.12713,215.60,0.46139,12.67731,9.25444,29.28861,36.03007,49.96,0866:06:27,1,02
16:13:41,0.1273,215.60,0.46109,12.6829,9.25852,29.28862,36.03008,49.96,0866:06:28,1,02
16:13:42,0.12878,215.60,0.4568,12.71268,9.28026,29.28862,36.03008,49.98,0866:06:29,1,02
16:13:43,0.12737,215.80,0.45844,12.62706,9.21776,29.28863,36.03009,49.98,0866:06:31,1,02
16:13:44,0.12787,215.70,0.46028,12.72571,9.28977,29.28863,36.03009,49.95,0866:06:32,1,02
16:13:45,0.12689,215.80,0.45992,12.62148,9.21368,29.28863,36.03009,49.95,0866:06:33,1,02
16:13:46,0.12775,215.80,0.46214,12.77038,9.32238,29.28864,36.0301,49.96,0866:06:34,1,02
16:13:47,0.12728,215.80,0.46085,12.68662,9.26124,29.28864,36.0301,49.96,0866:06:35,1,02
16:13:48,0.12836,215.70,0.45842,12.72385,9.28841,29.28864,36.03011,49.96,0866:06:36,1,02
16:13:49,0.12863,215.60,0.45983,12.78527,9.33325,29.28865,36.03011,49.96,0866:06:37,1,02
16:13:50,0.12694,215.60,0.46077,12.63637,9.22455,29.28865,36.03012,49.95,0866:06:38,1,02
16:13:51,0.12823,215.50,0.45901,12.71268,9.28026,29.28866,36.03012,49.95,0866:06:39,1,02
16:13:52,0.12764,215.50,0.46173,12.73316,9.2952,29.28866,36.03012,49.95,0866:06:40,1,02
16:13:53,0.12928,215.70,0.4595,12.84111,9.37401,29.28866,36.03012,49.95,0866:06:41,1,02
16:13:54,0.12928,215.70,0.4595,12.84111,9.37401,29.28866,36.03012,49.95,0866:06:41,1,02
16:13:55,0.12745,215.70,0.46048,12.68848,9.26259,29.28867,36.03012,49.95,0866:06:42,1,02
16:13:56,0.11737,215.70,0.45145,11.45816,8.36446,29.28867,36.03014,49.95,0866:06:43,1,02
16:13:57,0.08423,215.60,0.43915,7.99242,5.83447,29.28867,36.03014,49.96,0866:06:44,1,02
16:13:58,0.08067,215.40,0.43245,7.53082,5.4975,29.28867,36.03014,49.95,0866:06:45,1,02
16:13:59,0.07578,215.20,0.42519,6.9501,5.07357,29.28868,36.03015,49.95,0866:06:46,1,02
16:14:00,0.07571,215.30,0.4273,6.97988,5.09531,29.28868,36.03015,49.95,0866:06:47,1,02
16:14:01,0.07589,215.40,0.42797,7.01152,5.11841,29.28868,36.03015,49.95,0866:06:48,1,02
16:14:02,0.07549,215.50,0.4259,6.94265,5.06813,29.28868,36.03015,49.96,0866:06:49,1,02
16:14:03,0.07614,215.50,0.42021,6.91101,5.04504,29.28868,36.03016,49.96,0866:06:50,1,02
16:14:04,0.07628,215.60,0.41868,6.89984,5.03688,29.28869,36.03016,49.98,0866:06:52,1,02
16:14:05,0.07635,215.60,0.42056,6.93707,5.06406,29.28869,36.03016,49.98,0866:06:53,1,02
16:14:06,0.07656,215.50,0.41999,6.94637,5.07085,29.28869,36.03017,49.96,0866:06:54,1,02
16:14:07,0.07667,215.60,0.42047,6.96685,5.0858,29.28869,36.03017,49.96,0866:06:55,1,02
16:14:08,0.07625,215.60,0.42058,6.92962,5.05862,29.28869,36.03017,49.98,0866:06:56,1,02
16:14:09,0.07614,215.60,0.42206,6.94451,5.06949,29.2887,36.03017,49.98,0866:06:57,1,02
16:14:10,0.076,215.60,0.42156,6.92218,5.05319,29.2887,36.03018,49.96,0866:06:58,1,02
16:14:11,0.07646,215.50,0.4211,6.95382,5.07629,29.2887,36.03018,49.96,0866:06:59,1,02
16:14:12,0.07656,215.50,0.42122,6.96685,5.0858,29.2887,36.03018,49.98,0866:07:00,1,02
16:14:13,0.07639,215.60,0.42105,6.94823,5.07221,29.28871,36.03018,49.98,0866:07:01,1,02
16:14:14,0.07614,215.50,0.42267,6.94823,5.07221,29.28871,36.03019,49.99,0866:07:02,1,02
16:14:15,0.07592,215.60,0.42261,6.93148,5.05998,29.28871,36.03019,49.99,0866:07:03,1,02
16:14:16,0.07603,215.50,0.42203,6.93148,5.05998,29.28871,36.03019,49.99,0866:07:04,1,02
16:14:17,0.07632,215.70,0.42146,6.95196,5.07493,29.28871,36.0302,49.99,0866:07:05,1,02
16:14:18,0.07621,215.70,0.42284,6.96685,5.0858,29.28872,36.0302,50.00,0866:07:06,1,02
16:14:19,0.07585,215.70,0.4227,6.93148,5.05998,29.28872,36.0302,50.01,0866:07:07,1,02
16:14:20,0.07585,215.70,0.4227,6.93148,5.05998,29.28872,36.0302,50.01,0866:07:07,1,02
16:14:21,0.07553,215.60,0.42393,6.91845,5.05047,29.28872,36.0302,50.01,0866:07:08,1,02
16:14:22,0.07557,215.60,0.42546,6.94823,5.07221,29.28872,36.0302,50.00,0866:07:09,1,02
16:14:23,0.07589,215.60,0.42429,6.93707,5.06406,29.28872,36.0302,50.00,0866:07:10,1,02
16:14:24,0.07596,215.80,0.42354,6.9594,5.08036,29.28873,36.0302,50.00,0866:07:11,1,02
16:14:25,0.07553,215.80,0.42297,6.90915,5.04368,29.28873,36.0302,50.00,0866:07:13,1,02
16:14:26,0.07546,215.80,0.4237,6.91473,5.04775,29.28873,36.03022,50.01,0866:07:14,1,02
16:14:27,0.07585,215.70,0.42227,6.9259,5.05591,29.28873,36.03022,50.01,0866:07:15,1,02
16:14:28,0.07557,215.80,0.42323,6.91659,5.04911,29.28873,36.03022,50.01,0866:07:16,1,02
16:14:29,0.076,215.70,0.42318,6.95196,5.07493,29.28874,36.03023,50.01,0866:07:17,1,02
16:14:30,0.07592,215.60,0.42287,6.93893,5.06542,29.28874,36.03023,50.04,0866:07:18,1,02
16:14:31,0.07581,215.70,0.42231,6.92031,5.05183,29.28874,36.03023,50.04,0866:07:19,1,02
16:14:32,0.07603,215.70,0.42152,6.92776,5.05726,29.28874,36.03023,50.04,0866:07:20,1,02
16:14:33,0.07557,215.60,0.42533,6.94451,5.06949,29.28874,36.03024,50.04,0866:07:21,1,02
16:14:34,0.076,215.60,0.42324,6.94823,5.07221,29.28875,36.03024,50.04,0866:07:22,1,02
16:14:35,0.07581,215.50,0.42214,6.91287,5.04639,29.28875,36.03024,50.04,0866:07:23,1,02
16:14:36,0.07578,215.60,0.42337,6.93148,5.05998,29.28875,36.03025,50.04,0866:07:24,1,02
16:14:37,0.07614,215.50,0.42134,6.92962,5.05862,29.28875,36.03025,50.04,0866:07:25,1,02
16:14:38,0.07585,215.60,0.42369,6.94451,5.06949,29.28875,36.03025,50.03,0866:07:26,1,02
16:14:39,0.07614,215.70,0.42456,6.98732,5.10074,29.28876,36.03025,50.04,0866:07:27,1,02
16:14:40,0.07592,215.30,0.42138,6.90356,5.0396,29.28876,36.03025,50.04,0866:07:28,1,02
16:14:41,0.07632,214.80,0.42331,6.95568,5.07765,29.28876,36.03025,50.04,0866:07:29,1,02
16:14:42,0.07614,215.60,0.42183,6.94079,5.06678,29.28876,36.03025,50.04,0866:07:30,1,02
16:14:43,0.07578,215.60,0.42248,6.91845,5.05047,29.28876,36.03025,50.04,0866:07:31,1,02
16:14:44,0.07617,215.70,0.42213,6.95196,5.07493,29.28877,36.03027,50.04,0866:07:32,1,02
16:14:45,0.07617,215.70,0.42213,6.95196,5.07493,29.28877,36.03027,50.04,0866:07:32,1,02
16:14:46,0.07603,215.70,0.4204,6.91101,5.04504,29.28877,36.03027,50.04,0866:07:34,1,02
16:14:47,0.076,215.80,0.42173,6.92962,5.05862,29.28877,36.03027,50.04,0866:07:35,1,02
16:14:48,0.07567,215.80,0.42334,6.92776,5.05726,29.28877,36.03028,50.03,0866:07:36,1,02
16:14:49,0.07585,215.80,0.42363,6.94823,5.07221,29.28877,36.03028,50.03,0866:07:37,1,02
16:14:50,0.07632,215.50,0.42323,6.97801,5.09395,29.28878,36.03028,50.03,0866:07:38,1,02
16:14:51,0.07592,215.60,0.42172,6.91845,5.05047,29.28878,36.03028,50.03,0866:07:39,1,02
16:14:52,0.07578,215.60,0.42203,6.91101,5.04504,29.28878,36.03028,50.03,0866:07:40,1,02
16:14:53,0.07567,215.60,0.42319,6.92218,5.05319,29.28878,36.03028,50.03,0866:07:41,1,02
16:14:54,0.07564,215.70,0.42281,6.91287,5.04639,29.28878,36.03028,50.03,0866:07:42,1,02
16:14:55,0.07571,215.70,0.42336,6.92962,5.05862,29.28879,36.03028,50.03,0866:07:43,1,02
16:14:56,0.07621,215.70,0.42137,6.94265,5.06813,29.28879,36.0303,50.01,0866:07:44,1,02
16:14:57,0.07585,215.80,0.4233,6.94451,5.06949,29.28879,36.0303,50.01,0866:07:45,1,02
16:14:58,0.07592,215.80,0.42428,6.96685,5.0858,29.28879,36.0303,50.03,0866:07:46,1,02
16:14:59,0.07567,215.80,0.42357,6.93148,5.05998,29.28879,36.03031,50.03,0866:07:47,1,02
16:15:00,0.07567,215.80,0.42279,6.92031,5.05183,29.2888,36.03031,50.03,0866:07:48,1,02
16:15:01,0.07581,215.80,0.42056,6.89798,5.03552,29.2888,36.03031,50.03,0866:07:49,1,02
16:15:02,0.07574,215.80,0.42273,6.92404,5.05455,29.2888,36.03031,50.03,0866:07:50,1,02
16:15:04,0.07642,215.60,0.42517,7.02269,5.12656,29.2888,36.03032,50.03,0866:07:51,1,02
16:15:05,0.07557,215.60,0.42295,6.90729,5.04232,29.2888,36.03032,50.03,0866:07:52,1,02
16:15:06,0.07585,215.70,0.42247,6.92776,5.05726,29.28881,36.03032,50.01,0866:07:54,1,02
16:15:07,0.07531,215.70,0.42488,6.91659,5.04911,29.28881,36.03032,50.01,0866:07:55,1,02
16:15:08,0.07607,215.70,0.42416,6.97429,5.09123,29.28881,36.03033,50.03,0866:07:56,1,02
16:15:09,0.07574,215.60,0.42347,6.93148,5.05998,29.28881,36.03033,50.03,0866:07:57,1,02
16:15:10,0.07574,215.50,0.42296,6.91845,5.05047,29.28881,36.03033,50.03,0866:07:58,1,02
16:15:11,0.07574,215.50,0.42296,6.91845,5.05047,29.28881,36.03033,50.03,0866:07:58,1,02
16:15:12,0.07625,215.50,0.42168,6.94451,5.06949,29.28882,36.03033,50.03,0866:07:59,1,02
16:15:13,0.07567,215.60,0.42329,6.92218,5.05319,29.28882,36.03033,50.01,0866:08:00,1,02
16:15:14,0.07557,215.70,0.42423,6.92962,5.05862,29.28882,36.03033,50.01,0866:08:01,1,02
16:15:15,0.07607,215.70,0.42316,6.9594,5.08036,29.28882,36.03033,50.03,0866:08:02,1,02
16:15:16,0.07603,215.90,0.42238,6.94823,5.07221,29.28882,36.03035,50.03,0866:08:03,1,02
16:15:17,0.07607,216.00,0.42168,6.94451,5.06949,29.28883,36.03035,50.03,0866:08:04,1,02
16:15:18,0.07574,216.00,0.42395,6.95196,5.07493,29.28883,36.03035,50.03,0866:08:05,1,02
16:15:19,0.07581,216.10,0.4236,6.95568,5.07765,29.28883,36.03036,50.01,0866:08:06,1,02
16:15:20,0.07567,216.00,0.42513,6.96499,5.08444,29.28883,36.03036,50.01,0866:08:07,1,02
16:15:21,0.0766,216.00,0.42368,7.02641,5.12928,29.28883,36.03036,50.01,0866:08:08,1,02
16:15:22,0.07589,216.00,0.42341,6.95568,5.07765,29.28884,36.03036,50.01,0866:08:09,1,02
16:15:23,0.07538,215.90,0.42357,6.91101,5.04504,29.28884,36.03036,50.01,0866:08:10,1,02
16:15:24,0.07451,215.80,0.4292,6.91659,5.04911,29.28884,36.03036,50.01,0866:08:11,1,02
16:15:25,0.07524,215.80,0.42736,6.95382,5.07629,29.28884,36.03036,50.01,0866:08:12,1,02
16:15:26,0.07542,215.80,0.42604,6.94823,5.07221,29.28884,36.03036,50.01,0866:08:13,1,02
16:15:27,0.0752,215.80,0.42458,6.90542,5.04096,29.28885,36.03038,50.01,0866:08:15,1,02
16:15:28,0.07585,215.70,0.42419,6.95754,5.079,29.28885,36.03038,50.01,0866:08:16,1,02
16:15:29,0.07542,215.70,0.42331,6.90356,5.0396,29.28885,36.03038,50.01,0866:08:17,1,02
16:15:30,0.07571,215.80,0.42281,6.92218,5.05319,29.28885,36.03039,50.00,0866:08:18,1,02
16:15:31,0.07578,215.80,0.42189,6.91659,5.04911,29.28885,36.03039,50.00,0866:08:19,1,02
16:15:32,0.07621,215.70,0.42397,6.98546,5.09939,29.28886,36.03039,50.01,0866:08:20,1,02
16:15:33,0.07574,215.80,0.42148,6.90356,5.0396,29.28886,36.03039,50.01,0866:08:21,1,02
16:15:34,0.076,215.60,0.4219,6.92776,5.05726,29.28886,36.0304,49.99,0866:08:22,1,02
16:15:35,0.07649,215.70,0.41973,6.93893,5.06542,29.28886,36.0304,49.99,0866:08:23,1,02
16:15:36,0.07649,215.70,0.41973,6.93893,5.06542,29.28886,36.0304,49.99,0866:08:23,1,02
16:15:37,0.07603,215.90,0.42215,6.94451,5.06949,29.28886,36.0304,49.99,0866:08:24,1,02
16:15:38,0.07589,215.70,0.42556,6.97988,5.09531,29.28887,36.0304,49.99,0866:08:25,1,02
16:15:39,0.07596,215.70,0.42235,6.9352,5.0627,29.28887,36.03041,49.99,0866:08:26,1,02
16:15:40,0.07567,215.80,0.4222,6.90915,5.04368,29.28887,36.03041,49.99,0866:08:27,1,02
16:15:41,0.07581,215.60,0.41935,6.87192,5.0165,29.28887,36.03041,49.98,0866:08:28,1,02
16:15:42,0.07574,215.60,0.42381,6.93707,5.06406,29.28887,36.03041,49.96,0866:08:29,1,02
16:15:43,0.07621,215.60,0.42256,6.95754,5.079,29.28888,36.03041,49.96,0866:08:30,1,02
16:15:44,0.07625,215.60,0.42203,6.95196,5.07493,29.28888,36.03041,49.98,0866:08:31,1,02
16:15:45,0.07607,215.50,0.42114,6.91845,5.05047,29.28888,36.03041,49.98,0866:08:32,1,02
16:15:46,0.07574,215.20,0.42299,6.91101,5.04504,29.28888,36.03043,49.96,0866:08:33,1,02
16:15:47,0.07607,215.30,0.42357,6.95196,5.07493,29.28889,36.03043,49.96,0866:08:35,1,02
16:15:48,0.07607,215.40,0.42282,6.94451,5.06949,29.28889,36.03043,49.95,0866:08:36,1,02
16:15:49,0.07589,215.40,0.42261,6.92218,5.05319,29.28889,36.03044,49.95,0866:08:37,1,02
16:15:50,0.07621,215.30,0.42248,6.94823,5.07221,29.28889,36.03044,49.95,0866:08:38,1,02
16:15:51,0.07592,215.30,0.42286,6.92776,5.05726,29.28889,36.03044,49.95,0866:08:39,1,02
16:15:52,0.07589,215.30,0.42339,6.93334,5.06134,29.2889,36.03044,49.95,0866:08:40,1,02
16:15:53,0.07557,215.40,0.42138,6.87378,5.01786,29.2889,36.03045,49.95,0866:08:41,1,02
16:15:54,0.07639,215.40,0.42122,6.94637,5.07085,29.2889,36.03045,49.95,0866:08:42,1,02
16:15:55,0.07642,215.50,0.42061,6.94265,5.06813,29.2889,36.03045,49.95,0866:08:43,1,02
16:15:56,0.07596,215.60,0.42086,6.90915,5.04368,29.2889,36.03045,49.95,0866:08:44,1,02
16:15:57,0.0761,215.80,0.42095,6.92776,5.05726,29.28891,36.03046,49.95,0866:08:45,1,02
16:15:58,0.07571,215.70,0.42246,6.91659,5.04911,29.28891,36.03046,49.96,0866:08:46,1,02
16:15:59,0.07617,215.60,0.42096,6.92962,5.05862,29.28891,36.03046,49.96,0866:08:47,1,02
16:16:00,0.07649,215.60,0.41961,6.93707,5.06406,29.28891,36.03047,49.98,0866:08:48,1,02
16:16:01,0.07649,215.60,0.41961,6.93707,5.06406,29.28891,36.03047,49.98,0866:08:48,1,02
16:16:02,0.07607,215.50,0.4215,6.9259,5.05591,29.28891,36.03047,49.96,0866:08:49,1,02
16:16:03,0.07589,215.50,0.42242,6.92218,5.05319,29.28892,36.03047,49.96,0866:08:50,1,02
16:16:04,0.07592,215.50,0.42314,6.93707,5.06406,29.28892,36.03047,49.96,0866:08:51,1,02
16:16:05,0.07621,215.50,0.4223,6.9501,5.07357,29.28892,36.03048,49.96,0866:08:52,1,02
16:16:06,0.07596,215.50,0.41969,6.88681,5.02737,29.28892,36.03048,49.96,0866:08:53,1,02
16:16:07,0.07607,215.60,0.42301,6.95382,5.07629,29.28892,36.03048,49.96,0866:08:54,1,02
16:16:08,0.07614,215.60,0.42351,6.96685,5.0858,29.28893,36.03048,49.98,0866:08:56,1,02
16:16:09,0.07635,215.50,0.42235,6.96499,5.08444,29.28893,36.03049,49.98,0866:08:57,1,02
16:16:10,0.07607,215.50,0.42252,6.94265,5.06813,29.28893,36.03049,49.96,0866:08:58,1,02
16:16:11,0.07581,215.60,0.42479,6.9594,5.08036,29.28893,36.03049,49.96,0866:08:59,1,02
16:16:12,0.07646,215.60,0.42215,6.97429,5.09123,29.28893,36.03049,49.99,0866:09:00,1,02
16:16:13,0.07578,215.50,0.42256,6.91659,5.04911,29.28894,36.03049,49.99,0866:09:01,1,02
16:16:14,0.07625,215.30,0.42127,6.93148,5.05998,29.28894,36.03049,49.98,0866:09:02,1,02
16:16:15,0.076,215.40,0.42126,6.91101,5.04504,29.28894,36.03049,49.98,0866:09:03,1,02
16:16:16,0.07581,215.30,0.42253,6.91287,5.04639,29.28894,36.03051,49.96,0866:09:04,1,02
16:16:17,0.07581,215.20,0.42272,6.91287,5.04639,29.28894,36.03051,49.96,0866:09:05,1,02
16:16:18,0.07592,215.20,0.42362,6.93707,5.06406,29.28895,36.03051,49.98,0866:09:06,1,02
16:16:19,0.0766,215.20,0.41943,6.92776,5.05726,29.28895,36.03052,49.98,0866:09:07,1,02
16:16:20,0.07581,215.20,0.42169,6.89612,5.03417,29.28895,36.03052,49.98,0866:09:08,1,02
16:16:21,0.07592,215.30,0.42149,6.90542,5.04096,29.28895,36.03052,49.98,0866:09:09,1,02
16:16:22,0.076,215.20,0.42142,6.90729,5.04232,29.28895,36.03052,49.96,0866:09:10,1,02
16:16:23,0.07603,215.10,0.422,6.91845,5.05047,29.28896,36.03053,49.98,0866:09:11,1,02
16:16:24,0.07646,215.10,0.41972,6.91845,5.05047,29.28896,36.03053,49.98,0866:09:12,1,02
16:16:25,0.07646,215.10,0.41972,6.91845,5.05047,29.28896,36.03053,49.98,0866:09:12,1,02
16:16:26,0.07589,215.30,0.42159,6.90542,5.04096,29.28896,36.03053,49.96,0866:09:13,1,02
16:16:27,0.07649,215.40,0.42232,6.97243,5.08987,29.28896,36.03053,49.96,0866:09:14,1,02
16:16:28,0.07581,215.50,0.42282,6.92404,5.05455,29.28896,36.03054,49.96,0866:09:16,1,02
16:16:29,0.07607,215.40,0.4218,6.92776,5.05726,29.28897,36.03054,49.96,0866:09:17,1,02
16:16:30,0.07585,215.60,0.42333,6.93707,5.06406,29.28897,36.03054,49.96,0866:09:18,1,02
16:16:31,0.07581,215.90,0.42181,6.91845,5.05047,29.28897,36.03055,49.96,0866:09:19,1,02
16:16:32,0.07617,216.00,0.42201,6.9594,5.08036,29.28897,36.03055,49.98,0866:09:20,1,02
16:16:33,0.07578,216.20,0.41995,6.89426,5.03281,29.28897,36.03055,49.98,0866:09:21,1,02
16:16:34,0.07603,216.10,0.41987,6.91473,5.04775,29.28898,36.03055,49.96,0866:09:22,1,02
16:16:35,0.0756,216.10,0.42216,6.91473,5.04775,29.28898,36.03056,49.96,0866:09:23,1,02
16:16:36,0.07564,216.20,0.42151,6.90729,5.04232,29.28898,36.03056,49.98,0866:09:24,1,02
16:16:37,0.07574,216.20,0.42164,6.92031,5.05183,29.28898,36.03056,49.98,0866:09:25,1,02
16:16:38,0.07578,216.20,0.42109,6.91287,5.04639,29.28898,36.03056,49.98,0866:09:26,1,02
16:16:39,0.0761,216.20,0.42154,6.9501,5.07357,29.28899,36.03057,49.98,0866:09:27,1,02
16:16:40,0.07578,216.20,0.42135,6.92031,5.05183,29.28899,36.03057,49.98,0866:09:28,1,02
16:16:41,0.07564,216.20,0.42119,6.90356,5.0396,29.28899,36.03057,49.98,0866:09:29,1,02
16:16:42,0.07567,216.10,0.42221,6.92031,5.05183,29.28899,36.03057,49.99,0866:09:30,1,02
16:16:43,0.07549,216.20,0.42184,6.9017,5.03824,29.28899,36.03057,49.98,0866:09:31,1,02
16:16:44,0.07632,216.20,0.42222,6.98174,5.09667,29.289,36.03057,49.98,0866:09:32,1,02
16:16:45,0.07571,215.90,0.42331,6.9352,5.0627,29.289,36.03057,49.98,0866:09:33,1,02
16:16:46,0.07531,216.00,0.42388,6.91287,5.04639,29.289,36.03059,49.98,0866:09:34,1,02
16:16:47,0.07546,216.10,0.42314,6.91659,5.04911,29.289,36.03059,49.99,0866:09:35,1,02
16:16:48,0.07592,216.10,0.42327,6.96126,5.08172,29.289,36.03059,49.99,0866:09:37,1,02
16:16:49,0.07546,215.90,0.42328,6.91101,5.04504,29.28901,36.0306,49.99,0866:09:38,1,02
16:16:50,0.07546,215.90,0.42328,6.91101,5.04504,29.28901,36.0306,49.99,0866:09:38,1,02
16:16:51,0.07553,215.90,0.42141,6.88681,5.02737,29.28901,36.0306,49.99,0866:09:39,1,02
16:16:52,0.0756,216.00,0.42061,6.88309,5.02465,29.28901,36.0306,49.99,0866:09:40,1,02
16:16:53,0.07585,216.00,0.42109,6.91287,5.04639,29.28901,36.0306,49.99,0866:09:41,1,02
16:16:54,0.07585,216.00,0.42326,6.9501,5.07357,29.28901,36.03061,49.98,0866:09:42,1,02
16:16:56,0.07553,216.10,0.42319,6.92218,5.05319,29.28902,36.03061,49.98,0866:09:43,1,02
16:16:57,0.07535,216.10,0.42437,6.92404,5.05455,29.28902,36.03061,49.98,0866:09:44,1,02
16:16:58,0.07538,216.00,0.42461,6.92962,5.05862,29.28902,36.03061,49.98,0866:09:45,1,02
16:16:59,0.07589,216.00,0.42263,6.94451,5.06949,29.28902,36.03062,49.99,0866:09:46,1,02
16:17:00,0.07549,216.10,0.42372,6.92776,5.05726,29.28902,36.03062,49.99,0866:09:47,1,02
16:17:01,0.07549,216.10,0.42293,6.91473,5.04775,29.28903,36.03062,49.99,0866:09:48,1,02
16:17:02,0.07549,216.10,0.42213,6.9017,5.03824,29.28903,36.03062,49.99,0866:09:49,1,02
16:17:03,0.076,216.00,0.42261,6.95196,5.07493,29.28903,36.03062,49.99,0866:09:50,1,02
16:17:04,0.0766,216.00,0.42099,6.98174,5.09667,29.28903,36.03062,50.00,0866:09:51,1,02
16:17:05,0.07567,216.00,0.42252,6.92218,5.05319,29.28903,36.03062,50.00,0866:09:52,1,02
16:17:06,0.07585,216.00,0.42177,6.92404,5.05455,29.28904,36.03064,49.99,0866:09:53,1,02
16:17:07,0.07571,216.00,0.4221,6.91845,5.05047,29.28904,36.03064,49.99,0866:09:54,1,02
16:17:08,0.07632,216.00,0.42136,6.96126,5.08172,29.28904,36.03064,49.99,0866:09:55,1,02
16:17:09,0.0756,216.00,0.42402,6.93893,5.06542,29.28904,36.03064,49.99,0866:09:56,1,02
16:17:10,0.07581,215.90,0.42172,6.91845,5.05047,29.28904,36.03065,49.99,0866:09:58,1,02
16:17:11,0.07607,215.90,0.42311,6.96499,5.08444,29.28905,36.03065,49.99,0866:09:59,1,02
16:17:12,0.07574,215.80,0.42354,6.93893,5.06542,29.28905,36.03065,49.99,0866:10:00,1,02
16:17:13,0.07649,215.70,0.42211,6.97988,5.09531,29.28905,36.03065,49.99,0866:10:01,1,02
16:17:14,0.07585,215.50,0.4232,6.93334,5.06134,29.28905,36.03065,49.99,0866:10:02,1,02
16:17:15,0.07564,215.50,0.42411,6.92776,5.05726,29.28905,36.03065,49.99,0866:10:03,1,02
16:17:16,0.07564,215.50,0.42411,6.92776,5.05726,29.28905,36.03065,49.99,0866:10:03,1,02
16:17:17,0.07553,215.30,0.4187,6.82539,4.98253,29.28906,36.03065,49.99,0866:10:04,1,02
16:17:18,0.07656,215.10,0.42063,6.94451,5.06949,29.28906,36.03067,49.99,0866:10:05,1,02
16:17:19,0.07649,215.40,0.42076,6.94823,5.07221,29.28906,36.03067,49.99,0866:10:06,1,02
16:17:20,0.0761,215.50,0.42027,6.90729,5.04232,29.28906,36.03067,49.99,0866:10:07,1,02
16:17:21,0.07621,215.60,0.4219,6.94823,5.07221,29.28906,36.03068,49.99,0866:10:08,1,02
16:17:22,0.07574,215.70,0.42212,6.91101,5.04504,29.28907,36.03068,49.99,0866:10:09,1,02
16:17:23,0.07596,215.60,0.42177,6.92404,5.05455,29.28907,36.03068,49.99,0866:10:10,1,02
16:17:24,0.07614,215.70,0.42015,6.91473,5.04775,29.28907,36.03068,49.99,0866:10:11,1,02
16:17:25,0.07628,215.70,0.42056,6.93707,5.06406,29.28907,36.03069,49.98,0866:10:12,1,02
16:17:26,0.07603,215.80,0.42168,6.9352,5.0627,29.28908,36.03069,49.98,0866:10:13,1,02
16:17:27,0.07578,215.80,0.42276,6.92776,5.05726,29.28908,36.03069,49.98,0866:10:14,1,02
16:17:28,0.07607,215.80,0.4208,6.92218,5.05319,29.28908,36.03069,49.98,0866:10:15,1,02
16:17:29,0.07617,215.90,0.42233,6.96312,5.08308,29.28908,36.0307,49.98,0866:10:16,1,02
16:17:30,0.07553,216.10,0.42298,6.92031,5.05183,29.28908,36.0307,49.98,0866:10:18,1,02
16:17:31,0.07535,216.00,0.4215,6.87564,5.01922,29.28909,36.0307,49.98,0866:10:19,1,02
16:17:32,0.07557,215.90,0.41894,6.84959,5.0002,29.28909,36.0307,49.96,0866:10:20,1,02
16:17:33,0.076,215.90,0.42123,6.92776,5.05726,29.28909,36.0307,49.96,0866:10:21,1,02
16:17:34,0.07589,215.70,0.42162,6.91845,5.05047,29.28909,36.0307,49.98,0866:10:22,1,02
16:17:35,0.07581,215.80,0.42181,6.91845,5.05047,29.28909,36.0307,49.98,0866:10:23,1,02
16:17:36,0.07592,215.90,0.42248,6.93893,5.06542,29.2891,36.03072,49.96,0866:10:24,1,02
16:17:37,0.076,215.90,0.41952,6.89798,5.03552,29.2891,36.03072,49.96,0866:10:25,1,02
16:17:38,0.07585,215.90,0.42162,6.91845,5.05047,29.2891,36.03072,49.98,0866:10:26,1,02
16:17:39,0.07585,215.80,0.42185,6.92218,5.05319,29.2891,36.03072,49.98,0866:10:27,1,02
16:17:40,0.07581,215.80,0.42113,6.90729,5.04232,29.2891,36.03073,49.95,0866:10:28,1,02
16:17:41,0.07581,215.80,0.42166,6.91287,5.04639,29.28911,36.03073,49.95,0866:10:29,1,02
16:17:42,0.07628,215.70,0.42033,6.93334,5.06134,29.28911,36.03073,49.96,0866:10:30,1,02
16:17:43,0.07628,215.70,0.42033,6.93334,5.06134,29.28911,36.03073,49.96,0866:10:30,1,02
16:17:44,0.07628,215.70,0.42203,6.96126,5.08172,29.28911,36.03074,49.96,0866:10:31,1,02
16:17:45,0.07578,215.70,0.42102,6.89612,5.03417,29.28911,36.03074,49.95,0866:10:32,1,02
16:17:46,0.07571,215.70,0.42152,6.89798,5.03552,29.28911,36.03074,49.95,0866:10:33,1,02
16:17:47,0.07574,215.70,0.42076,6.88867,5.02873,29.28912,36.03074,49.96,0866:10:34,1,02
16:17:48,0.07635,215.70,0.42052,6.94265,5.06813,29.28912,36.03075,49.96,0866:10:35,1,02
16:17:49,0.07578,215.80,0.42189,6.91659,5.04911,29.28912,36.03075,49.96,0866:10:36,1,02
16:17:50,0.07553,215.60,0.42484,6.93334,5.06134,29.28912,36.03075,49.96,0866:10:37,1,02
16:17:51,0.07513,215.60,0.42593,6.91473,5.04775,29.28912,36.03076,49.96,0866:10:38,1,02
16:17:52,0.07553,215.50,0.42482,6.93148,5.05998,29.28913,36.03076,49.96,0866:10:40,1,02
16:17:53,0.07592,215.60,0.42138,6.91287,5.04639,29.28913,36.03076,49.96,0866:10:41,1,02
16:17:54,0.07628,215.70,0.41883,6.90542,5.04096,29.28913,36.03076,49.96,0866:10:42,1,02
16:17:55,0.07649,215.60,0.41914,6.92776,5.05726,29.28913,36.03077,49.96,0866:10:43,1,02
16:17:56,0.07671,215.50,0.41867,6.93707,5.06406,29.28913,36.03077,49.96,0866:10:44,1,02
16:17:57,0.07635,215.60,0.41584,6.86075,5.00835,29.28914,36.03077,49.96,0866:10:45,1,02
16:17:58,0.07649,215.60,0.41892,6.92404,5.05455,29.28914,36.03077,49.98,0866:10:46,1,02
16:17:59,0.07653,215.60,0.41905,6.92776,5.05726,29.28914,36.03078,49.98,0866:10:47,1,02
16:18:00,0.07674,215.70,0.41775,6.92962,5.05862,29.28914,36.03078,49.98,0866:10:48,1,02
16:18:01,0.07685,215.70,0.41698,6.92776,5.05726,29.28914,36.03078,49.98,0866:10:49,1,02
16:18:02,0.07692,215.70,0.4157,6.91101,5.04504,29.28915,36.03078,49.98,0866:10:50,1,02
16:18:03,0.07717,215.70,0.41652,6.94637,5.07085,29.28915,36.03078,49.98,0866:10:51,1,02
16:18:04,0.07664,215.70,0.41652,6.89984,5.03688,29.28915,36.03078,49.98,0866:10:52,1,02
16:18:05,0.07664,215.60,0.4176,6.91473,5.04775,29.28915,36.03078,49.98,0866:10:53,1,02
16:18:06,0.07674,215.60,0.41717,6.91845,5.05047,29.28915,36.0308,49.98,0866:10:54,1,02
16:18:07,0.07653,215.80,0.41757,6.91101,5.04504,29.28916,36.0308,49.99,0866:10:55,1,02
16:18:08,0.07653,215.80,0.41757,6.91101,5.04504,29.28916,36.0308,49.99,0866:10:55,1,02
16:18:09,0.07717,215.70,0.41609,6.94079,5.06678,29.28916,36.0308,49.99,0866:10:56,1,02
16:18:10,0.07664,215.80,0.41723,6.91473,5.04775,29.28916,36.03081,50.00,0866:10:57,1,02
16:18:11,0.07688,215.70,0.41749,6.94079,5.06678,29.28916,36.03081,50.00,0866:10:58,1,02
16:18:12,0.07688,215.80,0.41639,6.92404,5.05455,29.28916,36.03081,49.99,0866:11:00,1,02
16:18:13,0.07671,215.90,0.41883,6.95382,5.07629,29.28917,36.03081,49.99,0866:11:01,1,02
16:18:14,0.07664,215.80,0.41713,6.91473,5.04775,29.28917,36.03082,50.00,0866:11:02,1,02
16:18:15,0.07674,215.90,0.41659,6.91659,5.04911,29.28917,36.03082,50.00,0866:11:03,1,02
16:18:16,0.07678,215.80,0.41626,6.91101,5.04504,29.28917,36.03082,50.01,0866:11:04,1,02
16:18:17,0.07678,215.70,0.41657,6.91473,5.04775,29.28917,36.03083,50.01,0866:11:05,1,02
16:18:18,0.07695,215.70,0.41756,6.94823,5.07221,29.28918,36.03083,50.01,0866:11:06,1,02
16:18:19,0.07639,215.80,0.41809,6.90729,5.04232,29.28918,36.03083,50.01,0866:11:07,1,02
16:18:20,0.07632,215.60,0.41717,6.88123,5.0233,29.28918,36.03083,50.04,0866:11:08,1,02
16:18:21,0.07671,215.50,0.41564,6.88681,5.02737,29.28918,36.03084,50.04,0866:11:09,1,02
16:18:22,0.07674,215.40,0.417,6.91101,5.04504,29.28918,36.03084,50.04,0866:11:10,1,02
16:18:23,0.07702,215.40,0.41784,6.94823,5.07221,29.28919,36.03084,50.04,0866:11:11,1,02
16:18:24,0.07653,215.40,0.41899,6.92218,5.05319,29.28919,36.03085,50.04,0866:11:12,1,02
16:18:25,0.07642,215.20,0.41859,6.89984,5.03688,29.28919,36.03085,50.04,0866:11:13,1,02
16:18:26,0.07709,215.10,0.41646,6.92218,5.05319,29.28919,36.03085,50.05,0866:11:14,1,02
16:18:27,0.07667,215.30,0.41706,6.89798,5.03552,29.28919,36.03085,50.04,0866:11:15,1,02
16:18:28,0.07706,215.20,0.41848,6.95568,5.07765,29.2892,36.03086,50.04,0866:11:16,1,02
16:18:29,0.0766,215.20,0.4198,6.93707,5.06406,29.2892,36.03086,50.03,0866:11:17,1,02
16:18:30,0.07692,215.20,0.41528,6.88867,5.02873,29.2892,36.03086,50.03,0866:11:18,1,02
16:18:31,0.07664,215.20,0.41791,6.90729,5.04232,29.2892,36.03086,50.04,0866:11:19,1,02
16:18:32,0.07664,215.20,0.41791,6.90729,5.04232,29.2892,36.03086,50.04,0866:11:19,1,02
16:18:33,0.07678,215.30,0.41856,6.9352,5.0627,29.2892,36.03086,50.04,0866:11:21,1,02
16:18:34,0.07664,215.20,0.41779,6.90542,5.04096,29.28921,36.03086,50.01,0866:11:22,1,02
16:18:35,0.07674,215.20,0.41723,6.90542,5.04096,29.28921,36.03086,50.01,0866:11:23,1,02
16:18:36,0.07688,215.20,0.41605,6.89984,5.03688,29.28921,36.03088,50.03,0866:11:24,1,02
16:18:37,0.07664,215.10,0.41665,6.88495,5.02601,29.28921,36.03088,50.03,0866:11:25,1,02
16:18:38,0.07699,215.10,0.41824,6.94079,5.06678,29.28921,36.03088,50.03,0866:11:26,1,02
16:18:39,0.07671,215.20,0.41719,6.9017,5.03824,29.28922,36.03088,50.03,0866:11:27,1,02
16:18:40,0.07695,215.10,0.41685,6.91473,5.04775,29.28922,36.03089,50.00,0866:11:28,1,02
16:18:41,0.07706,215.00,0.41549,6.89984,5.03688,29.28922,36.03089,50.00,0866:11:29,1,02
16:18:42,0.07717,215.10,0.41596,6.91845,5.05047,29.28922,36.03089,50.00,0866:11:30,1,02
16:18:43,0.07649,215.10,0.41842,6.9017,5.03824,29.28922,36.0309,50.00,0866:11:31,1,02
16:18:44,0.07709,215.10,0.41838,6.95568,5.07765,29.28923,36.0309,49.99,0866:11:32,1,02
16:18:45,0.07671,215.40,0.41783,6.91845,5.05047,29.28923,36.0309,49.99,0866:11:33,1,02
16:18:46,0.07699,215.50,0.41469,6.89426,5.03281,29.28923,36.0309,49.99,0866:11:34,1,02
16:18:47,0.07649,215.60,0.41791,6.90729,5.04232,29.28923,36.03091,49.99,0866:11:35,1,02
16:18:48,0.07649,215.70,0.41918,6.93148,5.05998,29.28923,36.03091,50.00,0866:11:36,1,02
16:18:50,0.07667,215.80,0.41874,6.94451,5.06949,29.28924,36.03091,49.99,0866:11:37,1,02
16:18:51,0.07671,215.70,0.4167,6.90915,5.04368,29.28924,36.03092,49.99,0866:11:38,1,02
16:18:52,0.0766,215.80,0.41652,6.89984,5.03688,29.28924,36.03092,50.00,0866:11:39,1,02
16:18:53,0.07639,216.00,0.4185,6.92031,5.05183,29.28924,36.03092,50.00,0866:11:40,1,02
16:18:54,0.07678,215.50,0.41785,6.92962,5.05862,29.28924,36.03092,50.00,0866:11:41,1,02
16:18:55,0.0772,215.20,0.41547,6.91659,5.04911,29.28925,36.03093,50.00,0866:11:43,1,02
16:18:56,0.07727,215.10,0.41454,6.90729,5.04232,29.28925,36.03093,50.00,0866:11:44,1,02
16:18:57,0.07717,215.20,0.41769,6.95196,5.07493,29.28925,36.03093,50.00,0866:11:45,1,02
16:18:58,0.07751,215.20,0.4175,6.97988,5.09531,29.28925,36.03094,50.01,0866:11:46,1,02
16:18:59,0.0779,215.50,0.41549,6.99104,5.10346,29.28925,36.03094,50.01,0866:11:47,1,02
16:19:00,0.07762,215.50,0.41239,6.91287,5.04639,29.28926,36.03094,50.01,0866:11:48,1,02
16:19:01,0.07762,215.50,0.41239,6.91287,5.04639,29.28926,36.03094,50.01,0866:11:48,1,02
16:19:02,0.07762,215.40,0.41313,6.92218,5.05319,29.28926,36.03094,50.01,0866:11:49,1,02
16:19:03,0.07751,215.20,0.41284,6.90356,5.0396,29.28926,36.03094,50.01,0866:11:50,1,02
16:19:04,0.07762,215.40,0.41457,6.94637,5.07085,29.28926,36.03094,50.01,0866:11:51,1,02
16:19:05,0.07717,215.70,0.41475,6.91845,5.05047,29.28926,36.03094,50.03,0866:11:52,1,02
16:19:06,0.07745,215.60,0.41259,6.90542,5.04096,29.28927,36.03096,50.03,0866:11:53,1,02
16:19:07,0.07713,215.60,0.41423,6.90356,5.0396,29.28927,36.03096,50.01,0866:11:54,1,02
16:19:08,0.07717,215.90,0.4136,6.90542,5.04096,29.28927,36.03096,50.01,0866:11:55,1,02
16:19:09,0.07688,215.90,0.41842,6.9594,5.08036,29.28927,36.03096,50.01,0866:11:56,1,02
16:19:10,0.0766,215.70,0.41558,6.88123,5.0233,29.28927,36.03097,50.01,0866:11:57,1,02
16:19:11,0.07685,215.70,0.41652,6.91845,5.05047,29.28928,36.03097,50.01,0866:11:58,1,02
16:19:12,0.07674,215.70,0.42014,6.97243,5.08987,29.28928,36.03097,50.03,0866:11:59,1,02
16:19:13,0.0766,215.80,0.41674,6.90356,5.0396,29.28928,36.03097,50.03,0866:12:00,1,02
16:19:14,0.07649,215.60,0.41768,6.90356,5.0396,29.28928,36.03098,50.01,0866:12:01,1,02
16:19:15,0.07678,215.60,0.41652,6.90915,5.04368,29.28928,36.03098,50.01,0866:12:02,1,02
16:19:16,0.07635,215.70,0.41926,6.92031,5.05183,29.28929,36.03098,50.01,0866:12:04,1,02
16:19:17,0.07635,215.80,0.41853,6.91287,5.04639,29.28929,36.03099,50.01,0866:12:05,1,02
16:19:18,0.07699,215.80,0.41918,6.97988,5.09531,29.28929,36.03099,50.00,0866:12:06,1,02
16:19:19,0.07639,215.80,0.41832,6.91101,5.04504,29.28929,36.03099,50.00,0866:12:07,1,02
16:19:20,0.07656,215.70,0.41667,6.89612,5.03417,29.2893,36.03099,50.00,0866:12:08,1,02
16:19:21,0.07607,215.60,0.42118,6.92218,5.05319,29.2893,36.03099,50.00,0866:12:09,1,02
16:19:22,0.07621,215.70,0.41958,6.91473,5.04775,29.2893,36.03099,50.01,0866:12:10,1,02
16:19:23,0.07603,215.90,0.42002,6.91101,5.04504,29.2893,36.03099,50.01,0866:12:11,1,02
16:19:24,0.076,215.90,0.41965,6.9017,5.03824,29.2893,36.03101,50.00,0866:12:12,1,02
16:19:25,0.07671,215.90,0.41882,6.95196,5.07493,29.28931,36.03101,50.00,0866:12:13,1,02
16:19:26,0.07671,215.90,0.41882,6.95196,5.07493,29.28931,36.03101,50.00,0866:12:13,1,02
16:19:27,0.07571,215.90,0.41968,6.87564,5.01922,29.28931,36.03101,50.01,0866:12:14,1,02
16:19:28,0.07581,216.00,0.41912,6.8775,5.02058,29.28931,36.03101,50.01,0866:12:15,1,02
16:19:29,0.0761,216.00,0.41842,6.8924,5.03145,29.28931,36.03102,50.00,0866:12:16,1,02
16:19:30,0.07632,215.80,0.41905,6.91845,5.05047,29.28931,36.03102,50.00,0866:12:17,1,02
16:19:31,0.07664,215.90,0.41661,6.90915,5.04368,29.28932,36.03102,50.01,0866:12:18,1,02
16:19:32,0.07621,215.70,0.41866,6.89798,5.03552,29.28932,36.03102,50.00,0866:12:19,1,02
16:19:33,0.0766,215.80,0.41867,6.93707,5.06406,29.28932,36.03102,50.00,0866:12:20,1,02
16:19:34,0.07603,215.90,0.41989,6.90729,5.04232,29.28932,36.03102,50.00,0866:12:21,1,02
16:19:35,0.07628,215.90,0.41757,6.8924,5.03145,29.28932,36.03102,50.00,0866:12:22,1,02
16:19:36,0.07603,215.90,0.4198,6.90729,5.04232,29.28933,36.03104,50.01,0866:12:23,1,02
16:19:37,0.07617,215.90,0.41813,6.8924,5.03145,29.28933,36.03104,50.01,0866:12:25,1,02
16:19:38,0.0766,215.90,0.41938,6.95196,5.07493,29.28933,36.03104,50.01,0866:12:26,1,02
16:19:39,0.07639,215.90,0.41946,6.93148,5.05998,29.28933,36.03104,50.01,0866:12:27,1,02
16:19:40,0.07614,215.90,0.42068,6.92962,5.05862,29.28933,36.03105,50.01,0866:12:28,1,02
16:19:41,0.07502,215.80,0.42556,6.90542,5.04096,29.28934,36.03105,50.01,0866:12:29,1,02
16:19:42,0.07484,215.80,0.42665,6.90729,5.04232,29.28934,36.03105,50.01,0866:12:30,1,02
16:19:43,0.07535,215.80,0.42666,6.95196,5.07493,29.28934,36.03106,50.01,0866:12:31,1,02
16:19:44,0.07646,215.70,0.41871,6.92218,5.05319,29.28934,36.03106,50.01,0866:12:32,1,02
16:19:45,0.07674,215.70,0.4188,6.9501,5.07357,29.28934,36.03106,50.01,0866:12:33,1,02
16:19:46,0.07617,215.80,0.41944,6.90915,5.04368,29.28935,36.03106,50.01,0866:12:34,1,02
16:19:47,0.07614,215.70,0.4188,6.8924,5.03145,29.28935,36.03107,50.01,0866:12:35,1,02
16:19:48,0.07692,215.70,0.41551,6.91101,5.04504,29.28935,36.03107,50.03,0866:12:36,1,02
16:19:49,0.0772,215.90,0.41286,6.89612,5.03417,29.28935,36.03107,50.03,0866:12:37,1,02
16:19:50,0.07717,215.90,0.41472,6.92404,5.05455,29.28935,36.03107,50.03,0866:12:38,1,02
16:19:51,0.07717,215.90,0.41472,6.92404,5.05455,29.28935,36.03107,50.03,0866:12:38,1,02
16:19:52,0.07685,215.80,0.41377,6.8775,5.02058,29.28936,36.03107,50.03,0866:12:39,1,02
16:19:53,0.07745,215.90,0.41493,6.95382,5.07629,29.28936,36.03107,50.03,0866:12:40,1,02
16:19:54,0.07692,216.00,0.41449,6.9017,5.03824,29.28936,36.03107,50.03,0866:12:41,1,02
16:19:55,0.07734,215.90,0.41459,6.93893,5.06542,29.28936,36.03109,50.03,0866:12:42,1,02
16:19:56,0.07738,215.80,0.41561,6.95754,5.079,29.28936,36.03109,50.05,0866:12:43,1,02
16:19:57,0.07699,215.90,0.41296,6.87937,5.02194,29.28937,36.03109,50.05,0866:12:45,1,02
16:19:58,0.07787,215.70,0.41388,6.96871,5.08716,29.28937,36.0311,50.04,0866:12:46,1,02
16:19:59,0.07748,215.70,0.412,6.9017,5.03824,29.28937,36.0311,50.04,0866:12:47,1,02
16:20:00,0.07724,215.70,0.41327,6.89984,5.03688,29.28937,36.0311,50.03,0866:12:48,1,02
16:20:01,0.07713,215.70,0.4136,6.89612,5.03417,29.28937,36.0311,50.03,0866:12:49,1,02
16:20:02,0.07738,215.60,0.41294,6.90356,5.0396,29.28938,36.03111,50.04,0866:12:50,1,02
16:20:03,0.07762,215.70,0.41315,6.93334,5.06134,29.28938,36.03111,50.04,0866:12:51,1,02
16:20:04,0.07738,215.70,0.41233,6.89798,5.03552,29.28938,36.03111,50.04,0866:12:52,1,02
16:20:05,0.07709,215.70,0.41512,6.91845,5.05047,29.28938,36.03112,50.04,0866:12:53,1,02
16:20:06,0.07706,215.90,0.41527,6.92404,5.05455,29.28938,36.03112,50.04,0866:12:54,1,02
16:20:07,0.07678,215.80,0.41527,6.89612,5.03417,29.28939,36.03112,50.04,0866:12:55,1,02
16:20:08,0.07699,215.80,0.41451,6.90356,5.0396,29.28939,36.03112,50.03,0866:12:56,1,02
16:20:09,0.07699,215.80,0.41471,6.90542,5.04096,29.28939,36.03113,50.03,0866:12:57,1,02
16:20:10,0.07731,215.90,0.41364,6.91845,5.05047,29.28939,36.03113,50.03,0866:12:58,1,02
16:20:11,0.07713,215.90,0.41488,6.92218,5.05319,29.28939,36.03113,50.03,0866:12:59,1,02
16:20:12,0.07731,216.00,0.41502,6.94451,5.06949,29.2894,36.03114,50.03,0866:13:00,1,02
16:20:13,0.07685,215.90,0.41471,6.89612,5.03417,29.2894,36.03114,50.03,0866:13:01,1,02
16:20:14,0.07646,216.10,0.41704,6.90542,5.04096,29.2894,36.03114,50.03,0866:13:02,1,02
16:20:15,0.07646,216.10,0.41704,6.90542,5.04096,29.2894,36.03114,50.03,0866:13:02,1,02
16:20:16,0.07656,216.10,0.41659,6.90729,5.04232,29.2894,36.03114,50.01,0866:13:03,1,02
16:20:17,0.07646,216.00,0.41622,6.88867,5.02873,29.2894,36.03115,50.01,0866:13:05,1,02
16:20:18,0.07706,216.00,0.41522,6.92776,5.05726,29.28941,36.03115,50.01,0866:13:06,1,02
16:20:19,0.07685,216.10,0.41488,6.90356,5.0396,29.28941,36.03115,50.01,0866:13:07,1,02
16:20:20,0.07671,216.00,0.4165,6.91659,5.04911,29.28941,36.03115,50.00,0866:13:08,1,02
16:20:21,0.07628,216.00,0.41783,6.89984,5.03688,29.28941,36.03115,50.00,0866:13:09,1,02
16:20:22,0.07671,216.00,0.41616,6.91101,5.04504,29.28941,36.03115,49.99,0866:13:10,1,02
16:20:23,0.07685,216.10,0.41655,6.93148,5.05998,29.28942,36.03115,49.99,0866:13:11,1,02
16:20:24,0.07671,216.10,0.41573,6.90542,5.04096,29.28942,36.03117,49.99,0866:13:12,1,02
16:20:25,0.07727,216.00,0.41422,6.92962,5.05862,29.28942,36.03117,49.99,0866:13:13,1,02
16:20:26,0.0772,216.00,0.4139,6.91659,5.04911,29.28942,36.03117,49.98,0866:13:14,1,02
16:20:27,0.07695,216.00,0.41453,6.90542,5.04096,29.28942,36.03117,49.98,0866:13:15,1,02
16:20:28,0.07776,215.90,0.41195,6.93148,5.05998,29.28943,36.03118,49.98,0866:13:16,1,02
16:20:29,0.0772,215.90,0.41399,6.91659,5.04911,29.28943,36.03118,49.98,0866:13:17,1,02
16:20:30,0.07685,215.90,0.41225,6.85517,5.00427,29.28943,36.03118,49.96,0866:13:18,1,02
16:20:31,0.0772,215.90,0.41297,6.89798,5.03552,29.28943,36.03119,49.96,0866:13:19,1,02
16:20:32,0.07706,215.80,0.41324,6.88867,5.02873,29.28943,36.03119,49.96,0866:13:20,1,02
16:20:33,0.07748,215.80,0.41248,6.91287,5.04639,29.28944,36.03119,49.95,0866:13:21,1,02
16:20:34,0.07748,216.00,0.41511,6.96312,5.08308,29.28944,36.03119,49.95,0866:13:22,1,02
16:20:35,0.0772,216.10,0.4126,6.89798,5.03552,29.28944,36.0312,49.96,0866:13:23,1,02
16:20:36,0.07713,216.10,0.41355,6.90915,5.04368,29.28944,36.0312,49.96,0866:13:24,1,02
16:20:37,0.07755,216.00,0.41111,6.90356,5.0396,29.28944,36.0312,49.98,0866:13:26,1,02
16:20:38,0.07717,216.10,0.41379,6.91473,5.04775,29.28945,36.03121,49.98,0866:13:27,1,02
16:20:39,0.07717,216.10,0.41379,6.91473,5.04775,29.28945,36.03121,49.98,0866:13:27,1,02
16:20:40,0.07738,216.00,0.41398,6.93334,5.06134,29.28945,36.03121,49.96,0866:13:28,1,02
16:20:41,0.07695,216.00,0.41227,6.86634,5.01243,29.28945,36.03121,49.96,0866:13:29,1,02
16:20:43,0.0772,215.80,0.41239,6.88681,5.02737,29.28945,36.03121,49.96,0866:13:30,1,02
16:20:44,0.07762,215.90,0.41179,6.91659,5.04911,29.28945,36.03122,49.96,0866:13:31,1,02
16:20:45,0.07731,215.90,0.413,6.90915,5.04368,29.28946,36.03122,49.98,0866:13:32,1,02
16:20:46,0.07762,216.00,0.41305,6.94079,5.06678,29.28946,36.03122,49.98,0866:13:33,1,02
16:20:47,0.07759,216.00,0.41221,6.92218,5.05319,29.28946,36.03123,49.96,0866:13:34,1,02
16:20:48,0.07751,216.00,0.41147,6.90356,5.0396,29.28946,36.03123,49.96,0866:13:35,1,02
16:20:49,0.0778,216.00,0.41026,6.90915,5.04368,29.28946,36.03123,49.98,0866:13:36,1,02
16:20:50,0.07751,215.70,0.41182,6.9017,5.03824,29.28947,36.03123,49.98,0866:13:37,1,02
16:20:51,0.07738,215.80,0.4137,6.92404,5.05455,29.28947,36.03123,49.98,0866:13:38,1,02
16:20:52,0.07745,215.70,0.41418,6.9352,5.0627,29.28947,36.03123,49.98,0866:13:39,1,02
16:20:53,0.07759,215.70,0.41165,6.90356,5.0396,29.28947,36.03123,49.98,0866:13:40,1,02
16:20:54,0.07811,215.70,0.41193,6.95568,5.07765,29.28947,36.03125,49.99,0866:13:41,1,02
16:20:55,0.07751,215.60,0.41298,6.91659,5.04911,29.28948,36.03125,49.99,0866:13:42,1,02
16:20:56,0.07759,215.60,0.41197,6.90729,5.04232,29.28948,36.03125,49.98,0866:13:43,1,02
16:20:57,0.0779,215.50,0.4104,6.90542,5.04096,29.28948,36.03125,49.98,0866:13:44,1,02
16:20:58,0.07769,215.50,0.41025,6.88309,5.02465,29.28948,36.03126,49.99,0866:13:45,1,02
16:20:59,0.07748,215.70,0.41242,6.90729,5.04232,29.28948,36.03126,49.99,0866:13:47,1,02
16:21:00,0.07769,215.80,0.41327,6.94451,5.06949,29.28949,36.03126,50.00,0866:13:48,1,02
16:21:01,0.07741,215.90,0.41189,6.89984,5.03688,29.28949,36.03127,50.00,0866:13:49,1,02
16:21:02,0.07748,216.00,0.4119,6.90915,5.04368,29.28949,36.03127,49.99,0866:13:50,1,02
16:21:03,0.07762,216.00,0.41128,6.91101,5.04504,29.28949,36.03127,49.99,0866:13:51,1,02
16:21:04,0.07745,216.00,0.41286,6.92218,5.05319,29.28949,36.03127,50.00,0866:13:52,1,02
16:21:05,0.07804,216.00,0.41064,6.93707,5.06406,29.2895,36.03128,50.00,0866:13:53,1,02
16:21:06,0.07751,215.90,0.41101,6.89426,5.03281,29.2895,36.03128,50.00,0866:13:54,1,02
16:21:07,0.07751,215.90,0.41101,6.89426,5.03281,29.2895,36.03128,50.00,0866:13:54,1,02
16:21:08,0.07751,215.90,0.41034,6.88309,5.02465,29.2895,36.03128,50.00,0866:13:55,1,02
16:21:09,0.07745,215.80,0.41156,6.89426,5.03281,29.2895,36.03129,50.01,0866:13:56,1,02
16:21:10,0.07759,215.90,0.41084,6.89612,5.03417,29.2895,36.03129,50.01,0866:13:57,1,02
16:21:11,0.07765,215.80,0.41179,6.91659,5.04911,29.28951,36.03129,50.00,0866:13:58,1,02
16:21:12,0.078,215.80,0.41108,6.9352,5.0627,29.28951,36.0313,50.00,0866:13:59,1,02
16:21:13,0.07814,215.70,0.41121,6.94823,5.07221,29.28951,36.0313,50.01,0866:14:00,1,02
16:21:14,0.07748,215.80,0.41117,6.8924,5.03145,29.28951,36.0313,50.01,0866:14:01,1,02
16:21:15,0.07741,215.90,0.41142,6.89053,5.03009,29.28951,36.0313,50.01,0866:14:02,1,02
16:21:16,0.07765,215.90,0.41161,6.91659,5.04911,29.28952,36.03131,50.00,0866:14:03,1,02
16:21:17,0.07794,215.80,0.40824,6.88123,5.0233,29.28952,36.03131,50.00,0866:14:04,1,02
16:21:18,0.078,215.70,0.41071,6.9259,5.05591,29.28952,36.03131,50.01,0866:14:05,1,02
16:21:19,0.07731,215.70,0.41236,6.8924,5.03145,29.28952,36.03131,50.01,0866:14:06,1,02
16:21:20,0.07745,215.90,0.41257,6.91287,5.04639,29.28952,36.03131,50.00,0866:14:08,1,02
16:21:21,0.07745,215.80,0.41291,6.91845,5.05047,29.28953,36.03131,50.00,0866:14:09,1,02
16:21:22,0.07759,215.80,0.41038,6.88681,5.02737,29.28953,36.03131,50.01,0866:14:10,1,02
16:21:23,0.07717,215.90,0.41327,6.89984,5.03688,29.28953,36.03133,50.01,0866:14:11,1,02
16:21:24,0.07765,215.90,0.41292,6.93707,5.06406,29.28953,36.03133,50.01,0866:14:12,1,02
16:21:25,0.0772,215.80,0.41429,6.91845,5.05047,29.28953,36.03133,50.01,0866:14:13,1,02
16:21:26,0.07713,215.90,0.41289,6.89053,5.03009,29.28954,36.03134,50.00,0866:14:14,1,02
16:21:27,0.07751,215.90,0.41232,6.91473,5.04775,29.28954,36.03134,50.00,0866:14:15,1,02
16:21:28,0.07724,215.90,0.41392,6.91845,5.05047,29.28954,36.03134,50.00,0866:14:16,1,02
16:21:29,0.07762,215.90,0.41312,6.93893,5.06542,29.28954,36.03134,50.00,0866:14:17,1,02
16:21:30,0.07738,215.90,0.4135,6.92218,5.05319,29.28955,36.03135,50.00,0866:14:18,1,02
16:21:31,0.07738,215.90,0.4135,6.92218,5.05319,29.28955,36.03135,50.00,0866:14:18,1,02
16:21:32,0.07724,215.90,0.41423,6.92218,5.05319,29.28955,36.03135,50.00,0866:14:19,1,02
16:21:33,0.07759,215.80,0.41182,6.91101,5.04504,29.28955,36.03135,49.99,0866:14:20,1,02
16:21:34,0.07713,215.70,0.41406,6.90542,5.04096,29.28955,36.03136,49.99,0866:14:21,1,02
16:21:35,0.07702,215.70,0.41503,6.90915,5.04368,29.28955,36.03136,50.00,0866:14:22,1,02
16:21:36,0.07681,215.70,0.41536,6.89612,5.03417,29.28956,36.03136,50.00,0866:14:23,1,02
16:21:37,0.07649,215.90,0.4188,6.93148,5.05998,29.28956,36.03136,50.00,0866:14:24,1,02
16:21:38,0.0761,216.00,0.41853,6.89426,5.03281,29.28956,36.03136,49.98,0866:14:25,1,02
16:21:39,0.07625,215.90,0.41842,6.9017,5.03824,29.28956,36.03136,49.98,0866:14:26,1,02
16:21:40,0.0761,216.00,0.41898,6.9017,5.03824,29.28956,36.03136,49.99,0866:14:28,1,02
16:21:41,0.07621,216.00,0.41853,6.90356,5.0396,29.28957,36.03136,49.99,0866:14:29,1,02
16:21:42,0.07692,216.10,0.41922,6.9836,5.09803,29.28957,36.03138,49.99,0866:14:30,1,02
16:21:43,0.0761,216.10,0.41949,6.91473,5.04775,29.28957,36.03138,49.99,0866:14:31,1,02
16:21:44,0.0761,216.10,0.42096,6.93893,5.06542,29.28957,36.03138,49.99,0866:14:32,1,02
16:21:45,0.07574,216.10,0.42126,6.91101,5.04504,29.28957,36.03139,49.99,0866:14:33,1,02
16:21:46,0.0761,216.10,0.41834,6.89426,5.03281,29.28958,36.03139,49.96,0866:14:34,1,02
16:21:47,0.076,216.00,0.41933,6.89798,5.03552,29.28958,36.03139,49.96,0866:14:35,1,02
16:21:48,0.07632,215.90,0.41999,6.93707,5.06406,29.28958,36.03139,49.98,0866:14:36,1,02
16:21:49,0.07581,215.90,0.4199,6.88867,5.02873,29.28958,36.03139,49.98,0866:14:37,1,02
16:21:50,0.07603,215.90,0.41752,6.8682,5.01378,29.28958,36.03139,49.96,0866:14:38,1,02
16:21:51,0.07646,215.80,0.41774,6.90915,5.04368,29.28959,36.03139,49.96,0866:14:39,1,02
16:21:52,0.07632,215.90,0.41883,6.91473,5.04775,29.28959,36.03141,49.98,0866:14:40,1,02
16:21:53,0.07607,216.00,0.4193,6.90542,5.04096,29.28959,36.03141,49.98,0866:14:41,1,02
16:21:54,0.07639,216.00,0.41974,6.94079,5.06678,29.28959,36.03141,49.98,0866:14:42,1,02
16:21:55,0.07621,216.10,0.41924,6.91845,5.05047,29.28959,36.03141,49.96,0866:14:43,1,02
16:21:56,0.07632,216.10,0.41768,6.90356,5.0396,29.2896,36.03142,49.96,0866:14:44,1,02
16:21:57,0.07632,216.10,0.41768,6.90356,5.0396,29.2896,36.03142,49.96,0866:14:44,1,02
16:21:58,0.07592,216.10,0.42031,6.91101,5.04504,29.2896,36.03142,49.96,0866:14:45,1,02
16:21:59,0.07628,216.10,0.42091,6.95382,5.07629,29.2896,36.03142,49.96,0866:14:46,1,02
16:22:00,0.07607,216.00,0.42042,6.92218,5.05319,29.2896,36.03143,49.96,0866:14:47,1,02
16:22:01,0.07635,215.90,0.41821,6.90915,5.04368,29.2896,36.03143,49.96,0866:14:49,1,02
16:22:02,0.07607,215.90,0.42096,6.92962,5.05862,29.28961,36.03143,49.96,0866:14:50,1,02
16:22:03,0.076,215.80,0.42063,6.91473,5.04775,29.28961,36.03143,49.96,0866:14:51,1,02
16:22:04,0.07621,215.90,0.41838,6.89798,5.03552,29.28961,36.03144,49.96,0866:14:52,1,02
16:22:05,0.07589,215.90,0.41952,6.88867,5.02873,29.28961,36.03144,49.96,0866:14:53,1,02
16:22:06,0.07649,215.80,0.41753,6.90729,5.04232,29.28961,36.03144,49.95,0866:14:54,1,02
16:22:07,0.07592,215.80,0.42054,6.90542,5.04096,29.28962,36.03144,49.95,0866:14:55,1,02
16:22:08,0.07607,215.70,0.42033,6.91287,5.04639,29.28962,36.03144,49.95,0866:14:56,1,02
16:22:09,0.07632,215.90,0.41984,6.93148,5.05998,29.28962,36.03144,49.95,0866:14:57,1,02
16:22:10,0.07589,215.90,0.41952,6.88867,5.02873,29.28962,36.03144,49.96,0866:14:58,1,02
16:22:11,0.07649,216.00,0.41985,6.95196,5.07493,29.28962,36.03146,49.96,0866:14:59,1,02
16:22:12,0.07642,215.90,0.41807,6.91473,5.04775,29.28963,36.03146,49.95,0866:15:00,1,02
16:22:13,0.076,215.90,0.41987,6.90542,5.04096,29.28963,36.03146,49.95,0866:15:01,1,02
16:22:14,0.076,216.10,0.42006,6.91473,5.04775,29.28963,36.03146,49.96,0866:15:02,1,02
16:22:15,0.0761,216.10,0.41881,6.90356,5.0396,29.28963,36.03147,49.96,0866:15:03,1,02
16:22:16,0.07664,215.90,0.41886,6.94637,5.07085,29.28963,36.03147,49.96,0866:15:04,1,02
16:22:17,0.076,215.80,0.42086,6.91845,5.05047,29.28964,36.03147,49.95,0866:15:05,1,02
16:22:18,0.07635,215.90,0.41943,6.92776,5.05726,29.28964,36.03148,49.95,0866:15:06,1,02
16:22:19,0.07625,215.90,0.41889,6.91101,5.04504,29.28964,36.03148,49.96,0866:15:07,1,02
16:22:20,0.07664,215.90,0.41706,6.91659,5.04911,29.28964,36.03148,49.96,0866:15:08,1,02
16:22:21,0.07632,215.90,0.41704,6.88681,5.02737,29.28964,36.03148,49.96,0866:15:10,1,02
16:22:22,0.07632,215.90,0.41704,6.88681,5.02737,29.28964,36.03148,49.96,0866:15:10,1,02
16:22:23,0.07649,215.60,0.41959,6.9352,5.0627,29.28965,36.03149,49.96,0866:15:11,1,02
16:22:24,0.07632,215.50,0.41939,6.91473,5.04775,29.28965,36.03149,49.95,0866:15:12,1,02
16:22:25,0.07656,215.70,0.41678,6.89798,5.03552,29.28965,36.03149,49.95,0866:15:13,1,02
16:22:26,0.07674,215.90,0.41627,6.91287,5.04639,29.28965,36.03149,49.96,0866:15:14,1,02
16:22:27,0.07614,215.90,0.41766,6.88309,5.02465,29.28965,36.0315,49.96,0866:15:15,1,02
16:22:28,0.0766,216.00,0.41805,6.93148,5.05998,29.28966,36.0315,49.98,0866:15:16,1,02
16:22:29,0.07639,215.90,0.41777,6.90356,5.0396,29.28966,36.0315,49.98,0866:15:17,1,02
16:22:30,0.07656,215.80,0.41672,6.9017,5.03824,29.28966,36.03151,49.98,0866:15:18,1,02
16:22:31,0.07656,215.90,0.41798,6.92404,5.05455,29.28966,36.03151,49.98,0866:15:19,1,02
16:22:32,0.07646,216.00,0.418,6.91659,5.04911,29.28966,36.03151,49.99,0866:15:20,1,02
16:22:33,0.0766,216.00,0.41785,6.92962,5.05862,29.28967,36.03151,49.99,0866:15:21,1,02
16:22:34,0.07639,216.10,0.4173,6.90356,5.0396,29.28967,36.03152,49.99,0866:15:22,1,02
16:22:35,0.07664,216.10,0.41568,6.89984,5.03688,29.28967,36.03152,49.99,0866:15:23,1,02
16:22:37,0.07642,216.10,0.41691,6.9017,5.03824,29.28967,36.03152,50.00,0866:15:24,1,02
16:22:38,0.07639,216.10,0.41665,6.89426,5.03281,29.28967,36.03152,49.99,0866:15:25,1,02
16:22:39,0.07646,216.20,0.41607,6.8924,5.03145,29.28968,36.03152,49.99,0866:15:26,1,02
16:22:40,0.07653,216.20,0.41491,6.87937,5.02194,29.28968,36.03152,50.00,0866:15:27,1,02
16:22:41,0.07639,216.10,0.41753,6.90729,5.04232,29.28968,36.03152,50.00,0866:15:28,1,02
16:22:42,0.07614,216.20,0.41887,6.90915,5.04368,29.28968,36.03154,50.00,0866:15:29,1,02
16:22:43,0.07632,216.10,0.4177,6.90542,5.04096,29.28968,36.03154,50.00,0866:15:31,1,02
16:22:44,0.07646,216.20,0.41809,6.9259,5.05591,29.28969,36.03154,50.00,0866:15:32,1,02
16:22:45,0.07642,216.10,0.41689,6.89984,5.03688,29.28969,36.03155,50.00,0866:15:33,1,02
16:22:46,0.07625,216.10,0.41772,6.89798,5.03552,29.28969,36.03155,50.01,0866:15:34,1,02
16:22:47,0.07621,216.10,0.41779,6.89612,5.03417,29.28969,36.03155,50.01,0866:15:35,1,02
16:22:48,0.07621,216.10,0.41779,6.89612,5.03417,29.28969,36.03155,50.01,0866:15:35,1,02
16:22:49,0.07632,216.10,0.41881,6.92218,5.05319,29.28969,36.03155,50.03,0866:15:36,1,02
16:22:50,0.07681,216.00,0.41739,6.94079,5.06678,29.2897,36.03156,50.03,0866:15:37,1,02
16:22:51,0.07688,215.90,0.41432,6.89426,5.03281,29.2897,36.03156,50.03,0866:15:38,1,02
16:22:52,0.07646,215.90,0.41798,6.91473,5.04775,29.2897,36.03156,50.03,0866:15:39,1,02
16:22:53,0.07635,215.80,0.4183,6.90915,5.04368,29.2897,36.03156,50.03,0866:15:40,1,02
16:22:54,0.07664,215.80,0.4168,6.90915,5.04368,29.2897,36.03157,50.03,0866:15:41,1,02
16:22:55,0.07635,215.70,0.41714,6.88681,5.02737,29.28971,36.03157,50.03,0866:15:42,1,02
16:22:56,0.07671,215.80,0.41667,6.91473,5.04775,29.28971,36.03157,50.03,0866:15:43,1,02
16:22:57,0.07702,215.90,0.41736,6.95568,5.07765,29.28971,36.03158,50.03,0866:15:44,1,02
16:22:58,0.07649,216.10,0.41764,6.91845,5.05047,29.28971,36.03158,50.03,0866:15:45,1,02
16:22:59,0.07646,216.20,0.41586,6.89053,5.03009,29.28971,36.03158,50.03,0866:15:46,1,02
16:23:00,0.07671,216.10,0.41644,6.92031,5.05183,29.28972,36.03158,50.01,0866:15:47,1,02
16:23:01,0.07692,216.20,0.41568,6.92776,5.05726,29.28972,36.03159,50.01,0866:15:48,1,02
16:23:02,0.07635,216.20,0.41654,6.8924,5.03145,29.28972,36.03159,50.03,0866:15:49,1,02
16:23:03,0.07649,216.20,0.41611,6.89612,5.03417,29.28972,36.03159,50.03,0866:15:51,1,02
16:23:04,0.07646,216.20,0.41698,6.90915,5.04368,29.28972,36.0316,50.01,0866:15:52,1,02
16:23:05,0.07688,216.20,0.4151,6.91659,5.04911,29.28973,36.0316,50.01,0866:15:53,1,02
16:23:06,0.07642,216.30,0.41551,6.88309,5.02465,29.28973,36.0316,50.01,0866:15:54,1,02
16:23:07,0.07678,216.30,0.416,6.92218,5.05319,29.28973,36.0316,50.01,0866:15:55,1,02
16:23:08,0.07639,216.20,0.41714,6.90542,5.04096,29.28973,36.0316,50.00,0866:15:56,1,02
16:23:09,0.07664,216.10,0.41513,6.8924,5.03145,29.28973,36.0316,50.00,0866:15:57,1,02
16:23:10,0.07649,216.10,0.41562,6.88495,5.02601,29.28974,36.0316,50.00,0866:15:58,1,02
16:23:11,0.07653,216.00,0.41732,6.91473,5.04775,29.28974,36.03162,50.00,0866:15:59,1,02
16:23:12,0.07688,215.90,0.41801,6.95568,5.07765,29.28974,36.03162,49.99,0866:16:00,1,02
16:23:13,0.07688,215.90,0.41801,6.95568,5.07765,29.28974,36.03162,49.99,0866:16:00,1,02
16:23:14,0.0766,215.90,0.41579,6.8924,5.03145,29.28974,36.03162,49.99,0866:16:01,1,02
16:23:15,0.07674,216.10,0.41499,6.89612,5.03417,29.28974,36.03162,49.96,0866:16:02,1,02
16:23:16,0.07639,216.10,0.4162,6.88681,5.02737,29.28975,36.03163,49.96,0866:16:03,1,02
16:23:17,0.07621,216.10,0.4168,6.88123,5.0233,29.28975,36.03163,49.98,0866:16:04,1,02
16:23:18,0.07681,216.10,0.41678,6.9352,5.0627,29.28975,36.03163,49.98,0866:16:05,1,02
16:23:19,0.07639,216.10,0.418,6.91659,5.04911,29.28975,36.03164,49.96,0866:16:06,1,02
16:23:20,0.0766,216.20,0.41646,6.91287,5.04639,29.28975,36.03164,49.96,0866:16:07,1,02
16:23:21,0.07628,216.20,0.4177,6.90542,5.04096,29.28976,36.03164,49.96,0866:16:08,1,02
16:23:22,0.0766,216.20,0.41781,6.9352,5.0627,29.28976,36.03164,49.94,0866:16:09,1,02
16:23:23,0.07614,216.20,0.4174,6.88495,5.02601,29.28976,36.03165,49.94,0866:16:11,1,02
16:23:24,0.07671,216.20,0.41491,6.89798,5.03552,29.28976,36.03165,49.95,0866:16:12,1,02
16:23:25,0.07642,216.60,0.41831,6.93893,5.06542,29.28976,36.03165,49.95,0866:16:13,1,02
16:23:26,0.07639,216.50,0.41747,6.92031,5.05183,29.28977,36.03165,49.96,0866:16:14,1,02
16:23:27,0.07614,216.60,0.41971,6.93707,5.06406,29.28977,36.03165,49.96,0866:16:15,1,02
16:23:28,0.07642,216.60,0.41889,6.9501,5.07357,29.28977,36.03165,49.95,0866:16:16,1,02
16:23:29,0.07632,216.70,0.41712,6.91287,5.04639,29.28977,36.03165,49.95,0866:16:17,1,02
16:23:30,0.07596,216.60,0.41853,6.90356,5.0396,29.28977,36.03167,49.95,0866:16:18,1,02
16:23:31,0.07596,216.60,0.41783,6.89053,5.03009,29.28978,36.03167,49.95,0866:16:19,1,02
16:23:32,0.07646,216.50,0.41844,6.94265,5.06813,29.28978,36.03167,49.95,0866:16:20,1,02
16:23:33,0.07653,216.40,0.4207,6.98174,5.09667,29.28978,36.03167,49.95,0866:16:21,1,02
16:23:34,0.07589,216.20,0.42157,6.93334,5.06134,29.28978,36.03168,49.95,0866:16:22,1,02
16:23:35,0.07531,216.20,0.4221,6.88867,5.02873,29.28978,36.03168,49.95,0866:16:23,1,02
16:23:36,0.07524,216.10,0.42462,6.92031,5.05183,29.28979,36.03168,49.95,0866:16:24,1,02
16:23:37,0.07535,216.10,0.42585,6.94823,5.07221,29.28979,36.03168,49.95,0866:16:25,1,02
16:23:38,0.07567,216.10,0.42448,6.95754,5.079,29.28979,36.03168,49.96,0866:16:26,1,02
16:23:39,0.07567,216.10,0.42448,6.95754,5.079,29.28979,36.03168,49.96,0866:16:26,1,02
16:23:40,0.07592,216.10,0.42191,6.93893,5.06542,29.28979,36.03168,49.96,0866:16:27,1,02
16:23:41,0.10138,216.10,0.44819,9.83883,7.18235,29.2898,36.03168,49.96,0866:16:28,1,02
16:23:42,0.12304,216.10,0.46075,12.28086,8.96503,29.2898,36.0317,49.96,0866:16:29,1,02
16:23:43,0.1276,216.20,0.46156,12.76294,9.31694,29.2898,36.0317,49.96,0866:16:30,1,02
16:23:44,0.12777,216.10,0.4589,12.69965,9.27075,29.28981,36.03171,49.96,0866:16:32,1,02
16:23:45,0.12743,216.10,0.46123,12.73129,9.29384,29.28981,36.03171,49.96,0866:16:33,1,02
16:23:46,0.1292,216.10,0.46256,12.9472,9.45146,29.28981,36.03172,49.96,0866:16:34,1,02
16:23:47,0.12836,216.10,0.4621,12.84669,9.37809,29.28982,36.03172,49.96,0866:16:35,1,02
16:23:48,0.12753,216.10,0.46098,12.73129,9.29384,29.28982,36.03172,49.95,0866:16:36,1,02
16:23:49,0.12772,216.00,0.45948,12.7071,9.27618,29.28983,36.03173,49.95,0866:16:37,1,02
16:23:50,0.12819,216.00,0.46252,12.83925,9.37265,29.28983,36.03173,49.96,0866:16:38,1,02
16:23:51,0.12821,216.10,0.46186,12.82622,9.36314,29.28983,36.03173,49.96,0866:16:39,1,02
16:23:52,0.12836,216.10,0.46124,12.82436,9.36178,29.28984,36.03173,49.95,0866:16:40,1,02
16:23:53,0.12853,216.20,0.46143,12.84856,9.37945,29.28984,36.03175,49.95,0866:16:41,1,02
16:23:54,0.1307,216.20,0.4626,13.09983,9.56288,29.28984,36.03175,49.96,0866:16:42,1,02
16:23:55,0.13022,216.20,0.46292,13.06074,9.53434,29.28985,36.03176,49.96,0866:16:43,1,02
16:23:56,0.12802,216.30,0.46379,12.87461,9.39847,29.28985,36.03176,49.96,0866:16:44,1,02
16:23:57,0.12892,216.20,0.46209,12.90998,9.42428,29.28986,36.03176,49.96,0866:16:45,1,02
16:23:58,0.12747,216.10,0.46165,12.74805,9.30607,29.28986,36.03176,49.96,0866:16:46,1,02
16:23:59,0.12853,216.00,0.45967,12.79086,9.33733,29.28986,36.03176,49.96,0866:16:47,1,02
16:24:00,0.12728,216.00,0.45975,12.66987,9.24901,29.28987,36.03178,49.96,0866:16:48,1,02
16:24:01,0.12926,216.00,0.46002,12.87275,9.39711,29.28987,36.03178,49.95,0866:16:49,1,02
16:24:02,0.12855,216.00,0.46033,12.80947,9.35091,29.28987,36.03179,49.95,0866:16:50,1,02
16:24:03,0.12884,216.10,0.45885,12.80575,9.3482,29.28988,36.03179,49.96,0866:16:51,1,02
16:24:04,0.12884,216.10,0.45885,12.80575,9.3482,29.28988,36.03179,49.96,0866:16:51,1,02
16:24:05,0.12728,216.20,0.4604,12.70151,9.2721,29.28988,36.03179,49.96,0866:16:53,1,02
16:24:06,0.1284,216.30,0.46008,12.80761,9.34955,29.28989,36.0318,49.95,0866:16:54,1,02
16:24:07,0.12958,216.30,0.46158,12.96954,9.46776,29.28989,36.0318,49.95,0866:16:55,1,02
16:24:08,0.13005,216.40,0.46113,13.0049,9.49358,29.28989,36.03181,49.96,0866:16:56,1,02
16:24:09,0.13169,216.30,0.46238,13.20034,9.63625,29.2899,36.03181,49.96,0866:16:57,1,02
16:24:10,0.13136,216.20,0.46391,13.20779,9.64169,29.2899,36.03181,49.98,0866:16:58,1,02
16:24:11,0.13162,216.30,0.46405,13.23943,9.66478,29.2899,36.03181,49.98,0866:16:59,1,02
16:24:12,0.13053,216.20,0.46328,13.10542,9.56695,29.28991,36.03183,49.96,0866:17:00,1,02
16:24:13,0.13035,216.20,0.45915,12.9714,9.46912,29.28991,36.03183,49.96,0866:17:01,1,02
16:24:14,0.13142,216.10,0.4628,13.17615,9.61859,29.28992,36.03183,49.98,0866:17:02,1,02
16:24:15,0.12937,216.10,0.46247,12.96023,9.46097,29.28992,36.03184,49.98,0866:17:03,1,02
16:24:16,0.12722,216.00,0.46438,12.789,9.33597,29.28992,36.03184,49.96,0866:17:04,1,02
16:24:17,0.12943,216.00,0.46127,12.92487,9.43515,29.28993,36.03185,49.96,0866:17:05,1,02
16:24:18,0.12999,216.00,0.46051,12.95837,9.45961,29.28993,36.03185,49.98,0866:17:06,1,02
16:24:19,0.13216,215.70,0.46215,13.20406,9.63897,29.28993,36.03186,49.98,0866:17:07,1,02
16:24:20,0.13214,215.70,0.46155,13.18173,9.62266,29.28994,36.03186,49.96,0866:17:08,1,02
16:24:21,0.12884,215.60,0.46096,12.83553,9.36994,29.28994,36.03187,49.96,0866:17:09,1,02
16:24:22,0.12836,215.70,0.46177,12.81319,9.35363,29.28995,36.03187,49.98,0866:17:10,1,02
16:24:23,0.12953,215.60,0.45965,12.86903,9.39439,29.28995,36.03187,49.96,0866:17:11,1,02
16:24:24,0.1297,215.50,0.46073,12.90626,9.42157,29.28995,36.03188,49.96,0866:17:12,1,02
16:24:25,0.13061,215.60,0.46353,13.08308,9.55065,29.28996,36.03188,49.96,0866:17:14,1,02
16:24:26,0.13134,215.70,0.46138,13.09797,9.56152,29.28996,36.03189,49.96,0866:17:15,1,02
16:24:27,0.13299,215.70,0.45864,13.18731,9.62674,29.28997,36.03189,49.98,0866:17:16,1,02
16:24:28,0.13228,215.80,0.45961,13.15195,9.60092,29.28997,36.03189,49.98,0866:17:17,1,02
16:24:29,0.13169,215.90,0.46034,13.11472,9.57375,29.28997,36.03189,49.96,0866:17:18,1,02
16:24:31,0.13169,215.90,0.46034,13.11472,9.57375,29.28997,36.03189,49.96,0866:17:18,1,02
16:24:32,0.1321,215.80,0.46391,13.25432,9.67565,29.28998,36.03191,49.96,0866:17:19,1,02
16:24:33,0.13097,215.70,0.46477,13.16125,9.60772,29.28998,36.03191,49.98,0866:17:20,1,02
16:24:34,0.12955,215.70,0.46013,12.8895,9.40934,29.28998,36.03191,49.98,0866:17:21,1,02
16:24:35,0.13064,215.70,0.4629,13.07563,9.54521,29.28999,36.03192,49.99,0866:17:22,1,02
16:24:36,0.12844,215.70,0.46388,12.88392,9.40526,29.28999,36.03192,49.99,0866:17:23,1,02
16:24:37,0.1298,215.80,0.46241,12.98257,9.47728,29.29,36.03193,49.98,0866:17:24,1,02
16:24:38,0.1288,215.80,0.46385,12.92115,9.43244,29.29,36.03193,49.98,0866:17:25,1,02
16:24:39,0.12819,215.80,0.46194,12.80761,9.34955,29.29,36.03194,49.99,0866:17:26,1,02
16:24:40,0.12749,215.90,0.46134,12.72571,9.28977,29.29001,36.03194,49.99,0866:17:27,1,02
16:24:41,0.12745,215.90,0.46369,12.78713,9.33461,29.29001,36.03194,49.99,0866:17:28,1,02
16:24:42,0.12753,215.50,0.46257,12.74432,9.30336,29.29001,36.03195,49.99,0866:17:29,1,02
16:24:43,0.12829,215.30,0.46168,12.78155,9.33053,29.29002,36.03195,49.99,0866:17:30,1,02
16:24:44,0.12958,215.20,0.45971,12.85042,9.38081,29.29002,36.03196,49.99,0866:17:31,1,02
16:24:45,0.13238,215.10,0.46218,13.19104,9.62946,29.29003,36.03196,49.99,0866:17:32,1,02
16:24:46,0.13251,215.30,0.46257,13.22826,9.65663,29.29003,36.03197,49.99,0866:17:33,1,02
16:24:47,0.12872,215.20,0.4591,12.74618,9.30471,29.29003,36.03197,49.99,0866:17:35,1,02
16:24:48,0.12941,215.30,0.4572,12.7648,9.3183,29.29004,36.03197,49.99,0866:17:36,1,02
16:24:49,0.12901,215.40,0.45956,12.7983,9.34276,29.29004,36.03197,49.99,0866:17:37,1,02
16:24:50,0.12791,215.50,0.4612,12.74246,9.302,29.29004,36.03197,49.99,0866:17:38,1,02
16:24:51,0.12749,216.00,0.46169,12.7406,9.30064,29.29005,36.03199,49.99,0866:17:39,1,02
16:24:52,0.12869,216.10,0.46134,12.85972,9.3876,29.29005,36.03199,49.99,0866:17:40,1,02
16:24:53,0.12766,216.00,0.4608,12.73502,9.29656,29.29006,36.032,49.99,0866:17:41,1,02
16:24:54,0.1266,216.00,0.46171,12.65684,9.2395,29.29006,36.032,50.00,0866:17:42,1,02
16:24:55,0.12756,216.10,0.46382,12.81505,9.35499,29.29006,36.03201,50.00,0866:17:43,1,02
16:24:56,0.12756,216.10,0.46382,12.81505,9.35499,29.29006,36.03201,50.00,0866:17:43,1,02
16:24:57,0.12662,216.10,0.46328,12.70523,9.27482,29.29007,36.03201,50.00,0866:17:44,1,02
16:24:58,0.12762,216.00,0.46227,12.77038,9.32238,29.29007,36.03201,50.00,0866:17:45,1,02
16:24:59,0.12892,216.10,0.46227,12.90812,9.42292,29.29007,36.03202,49.99,0866:17:46,1,02
16:25:00,0.12926,216.10,0.46224,12.94162,9.44738,29.29008,36.03202,49.99,0866:17:47,1,02
16:25:01,0.12749,216.20,0.46314,12.79272,9.33868,29.29008,36.03202,50.00,0866:17:48,1,02
16:25:02,0.12737,216.20,0.46305,12.78341,9.33189,29.29009,36.03202,50.00,0866:17:49,1,02
16:25:03,0.12823,216.30,0.45997,12.789,9.33597,29.29009,36.03204,50.00,0866:17:50,1,02
16:25:04,0.12872,216.30,0.46219,12.90067,9.41749,29.29009,36.03204,50.00,0866:17:51,1,02
16:25:05,0.12709,216.40,0.4634,12.7741,9.3251,29.2901,36.03204,50.00,0866:17:52,1,02
16:25:06,0.12719,216.40,0.46363,12.789,9.33597,29.2901,36.03205,50.01,0866:17:53,1,02
16:25:07,0.12829,216.30,0.46079,12.81691,9.35635,29.2901,36.03205,50.01,0866:17:54,1,02
16:25:08,0.12685,216.20,0.46419,12.76294,9.31694,29.29011,36.03205,50.01,0866:17:56,1,02
16:25:09,0.12664,215.90,0.46496,12.74432,9.30336,29.29011,36.03205,50.01,0866:17:57,1,02
16:25:10,0.12815,215.60,0.46707,12.93604,9.44331,29.29012,36.03207,50.03,0866:17:58,1,02
16:25:11,0.12976,215.60,0.46463,13.03096,9.5126,29.29012,36.03207,50.03,0866:17:59,1,02
16:25:12,0.12829,215.80,0.46076,12.78713,9.33461,29.29012,36.03207,50.03,0866:18:00,1,02
16:25:13,0.12828,215.80,0.46156,12.80575,9.3482,29.29013,36.03208,50.03,0866:18:01,1,02
16:25:14,0.1279,215.80,0.463,12.81133,9.35227,29.29013,36.03208,50.03,0866:18:02,1,02
16:25:15,0.12798,215.70,0.46361,12.82994,9.36586,29.29013,36.03209,50.03,0866:18:03,1,02
16:25:16,0.13014,215.80,0.46369,13.04958,9.52619,29.29014,36.03209,50.03,0866:18:04,1,02
16:25:17,0.1292,215.70,0.45968,12.83925,9.37265,29.29014,36.0321,50.03,0866:18:05,1,02
16:25:18,0.13111,215.80,0.46521,13.19104,9.62946,29.29015,36.0321,50.01,0866:18:06,1,02
16:25:19,0.13101,215.80,0.4663,13.21337,9.64576,29.29015,36.0321,50.01,0866:18:07,1,02
16:25:20,0.13111,215.70,0.46467,13.17056,9.61451,29.29015,36.0321,50.03,0866:18:08,1,02
16:25:21,0.13179,215.70,0.46609,13.27852,9.69332,29.29016,36.0321,50.03,0866:18:09,1,02
16:25:22,0.13179,215.70,0.46609,13.27852,9.69332,29.29016,36.0321,50.03,0866:18:09,1,02
16:25:23,0.12968,215.60,0.46088,12.91742,9.42972,29.29016,36.03212,50.03,0866:18:10,1,02
16:25:24,0.13132,215.50,0.46549,13.20592,9.64032,29.29016,36.03212,50.03,0866:18:11,1,02
16:25:25,0.12825,215.50,0.46345,12.83925,9.37265,29.29017,36.03213,50.01,0866:18:12,1,02
16:25:26,0.12819,215.60,0.462,12.89881,9.41613,29.29017,36.03213,50.01,0866:18:13,1,02
16:25:27,0.12909,215.50,0.45981,12.81877,9.35771,29.29018,36.03214,50.01,0866:18:14,1,02
16:25:28,0.12844,215.50,0.46256,12.8318,9.36722,29.29018,36.03214,50.01,0866:18:15,1,02
16:25:29,0.1288,215.50,0.46193,12.85042,9.38081,29.29018,36.03214,50.01,0866:18:17,1,02
16:25:30,0.12779,215.50,0.46245,12.76666,9.31966,29.29019,36.03215,50.01,0866:18:18,1,02
16:25:31,0.08968,215.40,0.42692,8.26417,6.03285,29.29019,36.03215,50.01,0866:18:19,1,02
16:25:32,0.08477,215.50,0.42183,7.7244,5.63881,29.29019,36.03216,50.01,0866:18:20,1,02
16:25:33,0.07759,215.70,0.41533,6.96685,5.0858,29.29019,36.03216,50.01,0866:18:21,1,02
16:25:34,0.07741,215.50,0.41485,6.93707,5.06406,29.2902,36.03216,50.00,0866:18:22,1,02
16:25:35,0.07797,215.40,0.41464,6.97988,5.09531,29.2902,36.03216,50.00,0866:18:23,1,02
16:25:36,0.07797,215.40,0.41296,6.9501,5.07357,29.2902,36.03217,50.01,0866:18:24,1,02
16:25:37,0.07797,215.50,0.4128,6.95196,5.07493,29.2902,36.03217,50.01,0866:18:25,1,02
16:25:38,0.07769,215.50,0.41327,6.9352,5.0627,29.2902,36.03217,50.00,0866:18:26,1,02
16:25:39,0.07769,215.60,0.41328,6.93707,5.06406,29.29021,36.03218,50.00,0866:18:27,1,02
16:25:40,0.07755,215.60,0.41291,6.91845,5.05047,29.29021,36.03218,50.01,0866:18:28,1,02
16:25:41,0.078,215.60,0.41155,6.93707,5.06406,29.29021,36.03218,50.01,0866:18:29,1,02
16:25:42,0.07783,215.60,0.41412,6.96499,5.08444,29.29021,36.03218,50.01,0866:18:30,1,02
16:25:43,0.07783,215.60,0.41576,6.99104,5.10346,29.29021,36.03218,50.01,0866:18:31,1,02
16:25:44,0.07776,215.60,0.41484,6.97243,5.08987,29.29022,36.03218,50.00,0866:18:32,1,02
16:25:45,0.07695,215.90,0.41652,6.93707,5.06406,29.29022,36.03218,50.01,0866:18:33,1,02
16:25:46,0.07702,215.80,0.41801,6.96499,5.08444,29.29022,36.0322,50.01,0866:18:34,1,02
16:25:47,0.07702,215.80,0.41801,6.96499,5.08444,29.29022,36.0322,50.01,0866:18:34,1,02
16:25:48,0.07717,215.80,0.41793,6.97615,5.09259,29.29022,36.0322,50.00,0866:18:35,1,02
16:25:49,0.07727,215.80,0.41849,6.99477,5.10618,29.29022,36.0322,50.00,0866:18:37,1,02
16:25:50,0.07646,215.90,0.41798,6.91473,5.04775,29.29023,36.0322,50.01,0866:18:38,1,02
16:25:51,0.07681,215.80,0.41698,6.92776,5.05726,29.29023,36.03221,50.01,0866:18:39,1,02
16:25:52,0.07639,215.90,0.41926,6.92962,5.05862,29.29023,36.03221,50.00,0866:18:40,1,02
16:25:53,0.07592,215.80,0.41986,6.89426,5.03281,29.29023,36.03221,50.00,0866:18:41,1,02
16:25:54,0.07646,215.80,0.41974,6.94079,5.06678,29.29023,36.03222,50.01,0866:18:42,1,02
16:25:55,0.07639,215.90,0.41847,6.91659,5.04911,29.29024,36.03222,50.01,0866:18:43,1,02
16:25:56,0.07713,215.90,0.41657,6.95196,5.07493,29.29024,36.03222,50.00,0866:18:44,1,02
16:25:57,0.07628,215.90,0.41973,6.92962,5.05862,29.29024,36.03222,50.00,0866:18:45,1,02
16:25:58,0.07635,215.90,0.41954,6.92962,5.05862,29.29024,36.03223,50.01,0866:18:46,1,02
16:25:59,0.07628,215.90,0.41915,6.91845,5.05047,29.29024,36.03223,50.01,0866:18:47,1,02
16:26:00,0.07646,215.80,0.41852,6.92218,5.05319,29.29025,36.03223,50.00,0866:18:48,1,02
16:26:01,0.07695,215.80,0.416,6.92218,5.05319,29.29025,36.03223,50.00,0866:18:49,1,02
16:26:02,0.07653,215.70,0.4189,6.93148,5.05998,29.29025,36.03224,50.00,0866:18:50,1,02
16:26:03,0.07653,215.70,0.41775,6.91101,5.04504,29.29025,36.03224,50.00,0866:18:51,1,02
16:26:04,0.07688,215.60,0.41911,6.96312,5.08308,29.29025,36.03224,50.00,0866:18:52,1,02
16:26:05,0.07688,215.60,0.41753,6.9352,5.0627,29.29026,36.03225,50.00,0866:18:53,1,02
16:26:06,0.07709,215.60,0.41732,6.95196,5.07493,29.29026,36.03225,50.00,0866:18:54,1,02
16:26:07,0.07688,215.70,0.4168,6.92776,5.05726,29.29026,36.03225,49.99,0866:18:55,1,02
16:26:08,0.07678,215.80,0.41706,6.9259,5.05591,29.29026,36.03225,49.99,0866:18:56,1,02
16:26:09,0.07678,215.70,0.41779,6.93334,5.06134,29.29026,36.03226,49.99,0866:18:57,1,02
16:26:10,0.07688,215.80,0.41637,6.92218,5.05319,29.29027,36.03226,49.99,0866:18:59,1,02
16:26:11,0.07681,215.60,0.41893,6.95382,5.07629,29.29027,36.03226,50.00,0866:19:00,1,02
16:26:12,0.07681,215.60,0.41893,6.95382,5.07629,29.29027,36.03226,50.00,0866:19:00,1,02
16:26:13,0.07685,215.50,0.41725,6.9259,5.05591,29.29027,36.03226,50.00,0866:19:01,1,02
16:26:14,0.07678,215.70,0.41758,6.93148,5.05998,29.29027,36.03226,49.99,0866:19:02,1,02
16:26:15,0.07671,215.60,0.41655,6.90356,5.0396,29.29027,36.03226,49.99,0866:19:03,1,02
16:26:16,0.07717,215.60,0.41696,6.95382,5.07629,29.29028,36.03226,49.99,0866:19:04,1,02
16:26:17,0.07699,215.70,0.41724,6.94451,5.06949,29.29028,36.03228,49.99,0866:19:05,1,02
16:26:18,0.07649,215.70,0.41815,6.91287,5.04639,29.29028,36.03228,49.99,0866:19:06,1,02
16:26:19,0.07667,215.70,0.41891,6.94265,5.06813,29.29028,36.03228,49.99,0866:19:07,1,02
16:26:20,0.07667,215.60,0.41822,6.92962,5.05862,29.29028,36.03229,49.99,0866:19:08,1,02
16:26:21,0.07653,215.50,0.41781,6.90729,5.04232,29.29029,36.03229,49.99,0866:19:09,1,02
16:26:22,0.07667,215.50,0.41841,6.92962,5.05862,29.29029,36.03229,50.00,0866:19:10,1,02
16:26:23,0.07678,215.50,0.41886,6.94637,5.07085,29.29029,36.03229,50.00,0866:19:11,1,02
16:26:25,0.07699,215.50,0.41941,6.97429,5.09123,29.29029,36.0323,50.00,0866:19:12,1,02
16:26:26,0.07656,215.60,0.41764,6.90915,5.04368,29.2903,36.0323,50.00,0866:19:13,1,02
16:26:27,0.07653,215.60,0.41875,6.9259,5.05591,29.2903,36.0323,50.00,0866:19:14,1,02
16:26:28,0.07639,215.60,0.41937,6.92218,5.05319,29.2903,36.03231,50.00,0866:19:15,1,02
16:26:29,0.07674,215.60,0.41794,6.92962,5.05862,29.2903,36.03231,50.00,0866:19:16,1,02
16:26:30,0.07717,215.60,0.41672,6.94823,5.07221,29.2903,36.03231,50.00,0866:19:17,1,02
16:26:31,0.07706,215.60,0.41752,6.95382,5.07629,29.29031,36.03231,50.00,0866:19:18,1,02
16:26:32,0.07653,215.70,0.41865,6.9259,5.05591,29.29031,36.03231,49.99,0866:19:20,1,02
16:26:33,0.07664,215.70,0.41843,6.93148,5.05998,29.29031,36.03231,49.99,0866:19:21,1,02
16:26:34,0.07667,215.60,0.41845,6.93334,5.06134,29.29031,36.03231,49.99,0866:19:22,1,02
16:26:35,0.07664,215.70,0.41764,6.91845,5.05047,29.29031,36.03231,49.99,0866:19:23,1,02
16:26:36,0.07642,215.70,0.41808,6.90542,5.04096,29.29032,36.03233,49.99,0866:19:24,1,02
16:26:37,0.07649,215.70,0.41965,6.94079,5.06678,29.29032,36.03233,49.99,0866:19:25,1,02
16:26:38,0.07678,215.80,0.41928,6.96126,5.08172,29.29032,36.03233,49.99,0866:19:26,1,02
16:26:39,0.07678,215.80,0.41928,6.96126,5.08172,29.29032,36.03233,49.99,0866:19:26,1,02
16:26:40,0.07617,215.90,0.42026,6.9259,5.05591,29.29032,36.03234,49.99,0866:19:27,1,02
16:26:41,0.07653,215.80,0.41781,6.91659,5.04911,29.29032,36.03234,50.00,0866:19:28,1,02
16:26:42,0.07678,215.90,0.41775,6.93893,5.06542,29.29033,36.03234,50.00,0866:19:29,1,02
16:26:43,0.07667,215.80,0.42033,6.97243,5.08987,29.29033,36.03234,49.99,0866:19:30,1,02
16:26:44,0.07674,215.80,0.41758,6.93148,5.05998,29.29033,36.03234,49.99,0866:19:31,1,02
16:26:45,0.07776,215.80,0.41921,7.05061,5.14694,29.29033,36.03234,50.00,0866:19:32,1,02
16:26:46,0.07649,215.80,0.41877,6.92776,5.05726,29.29033,36.03234,50.00,0866:19:33,1,02
16:26:47,0.07649,215.70,0.41999,6.94637,5.07085,29.29034,36.03236,50.00,0866:19:34,1,02
16:26:48,0.07642,215.60,0.41909,6.92218,5.05319,29.29034,36.03236,50.00,0866:19:35,1,02
16:26:49,0.07642,215.70,0.41943,6.92776,5.05726,29.29034,36.03236,50.00,0866:19:36,1,02
16:26:50,0.07674,215.70,0.41788,6.93334,5.06134,29.29034,36.03236,50.00,0866:19:37,1,02
16:26:51,0.07639,215.80,0.41888,6.92031,5.05183,29.29034,36.03237,50.00,0866:19:38,1,02
16:26:52,0.07685,215.80,0.41913,6.96499,5.08444,29.29035,36.03237,50.00,0866:19:40,1,02
16:26:53,0.07628,215.70,0.41898,6.91101,5.04504,29.29035,36.03237,50.00,0866:19:41,1,02
16:26:54,0.0766,215.80,0.4173,6.91287,5.04639,29.29035,36.03238,50.01,0866:19:42,1,02
16:26:55,0.07635,215.90,0.41832,6.91101,5.04504,29.29035,36.03238,50.01,0866:19:43,1,02
16:26:56,0.07649,215.90,0.41757,6.91101,5.04504,29.29035,36.03238,50.01,0866:19:44,1,02
16:26:57,0.07625,215.90,0.41776,6.8924,5.03145,29.29036,36.03238,50.01,0866:19:45,1,02
16:26:58,0.07667,215.80,0.41874,6.94451,5.06949,29.29036,36.03239,50.01,0866:19:46,1,02
16:26:59,0.07702,215.80,0.41609,6.93148,5.05998,29.29036,36.03239,50.01,0866:19:47,1,02
16:27:00,0.07671,215.80,0.41676,6.91473,5.04775,29.29036,36.03239,50.03,0866:19:48,1,02
16:27:01,0.07664,215.70,0.41809,6.9259,5.05591,29.29036,36.03239,50.03,0866:19:49,1,02
16:27:02,0.07667,215.80,0.41794,6.92962,5.05862,29.29037,36.03239,50.03,0866:19:50,1,02
16:27:03,0.07709,215.60,0.41587,6.92776,5.05726,29.29037,36.03239,50.03,0866:19:51,1,02
16:27:04,0.07709,215.60,0.41587,6.92776,5.05726,29.29037,36.03239,50.03,0866:19:51,1,02
16:27:05,0.0772,215.60,0.41544,6.93148,5.05998,29.29037,36.03239,50.03,0866:19:52,1,02
16:27:06,0.07695,215.60,0.41551,6.91101,5.04504,29.29037,36.03241,50.03,0866:19:53,1,02
16:27:07,0.07713,215.60,0.41579,6.92962,5.05862,29.29037,36.03241,50.01,0866:19:54,1,02
16:27:08,0.07695,215.40,0.41667,6.92404,5.05455,29.29038,36.03241,50.01,0866:19:55,1,02
16:27:09,0.07702,215.50,0.41598,6.92031,5.05183,29.29038,36.03241,50.01,0866:19:56,1,02
16:27:10,0.07702,215.80,0.41499,6.91473,5.04775,29.29038,36.03242,50.01,0866:19:57,1,02
16:27:11,0.07717,215.80,0.41613,6.94451,5.06949,29.29038,36.03242,50.01,0866:19:58,1,02
16:27:12,0.0772,215.70,0.41603,6.94451,5.06949,29.29038,36.03242,50.01,0866:19:59,1,02
16:27:13,0.07706,215.80,0.41521,6.91845,5.05047,29.29039,36.03242,50.01,0866:20:01,1,02
16:27:14,0.07724,215.70,0.4154,6.93707,5.06406,29.29039,36.03242,50.01,0866:20:02,1,02
16:27:15,0.07702,215.80,0.41654,6.93893,5.06542,29.29039,36.03242,50.01,0866:20:03,1,02
16:27:16,0.07667,215.90,0.4164,6.90729,5.04232,29.29039,36.03242,50.01,0866:20:04,1,02
16:27:17,0.07678,215.80,0.41648,6.91473,5.04775,29.29039,36.03244,50.01,0866:20:05,1,02
16:27:18,0.07688,215.70,0.41523,6.9017,5.03824,29.2904,36.03244,50.00,0866:20:06,1,02
16:27:19,0.07681,215.70,0.41663,6.92031,5.05183,29.2904,36.03244,50.00,0866:20:07,1,02
16:27:20,0.07731,215.70,0.41613,6.95382,5.07629,29.2904,36.03245,50.03,0866:20:08,1,02
16:27:21,0.07681,215.60,0.41736,6.92776,5.05726,29.2904,36.03245,50.03,0866:20:09,1,02
16:27:22,0.07649,215.70,0.41738,6.9017,5.03824,29.2904,36.03245,50.01,0866:20:10,1,02
16:27:23,0.07681,215.70,0.4165,6.91659,5.04911,29.29041,36.03245,50.01,0866:20:11,1,02
16:27:24,0.07671,215.70,0.41614,6.89984,5.03688,29.29041,36.03246,50.01,0866:20:12,1,02
16:27:25,0.07702,215.70,0.41469,6.90356,5.0396,29.29041,36.03246,50.01,0866:20:13,1,02
16:27:26,0.07656,215.70,0.41856,6.9259,5.05591,29.29041,36.03246,50.01,0866:20:14,1,02
16:27:27,0.07642,215.50,0.4205,6.94079,5.06678,29.29041,36.03247,50.01,0866:20:15,1,02
16:27:28,0.07614,215.50,0.41931,6.89612,5.03417,29.29042,36.03247,50.00,0866:20:16,1,02
16:27:29,0.07614,215.50,0.41931,6.89612,5.03417,29.29042,36.03247,50.00,0866:20:16,1,02
16:27:30,0.07578,215.50,0.42336,6.92962,5.05862,29.29042,36.03247,50.01,0866:20:17,1,02
16:27:31,0.08309,215.90,0.42909,7.71509,5.63202,29.29042,36.03247,50.01,0866:20:18,1,02
16:27:32,0.11347,216.00,0.45863,11.26645,8.22451,29.29042,36.03247,49.99,0866:20:19,1,02
16:27:33,0.11534,215.90,0.45518,11.36138,8.2938,29.29043,36.03247,49.99,0866:20:20,1,02
16:27:34,0.12683,215.90,0.45435,12.46885,9.10226,29.29043,36.03249,49.99,0866:20:22,1,02
16:27:35,0.13016,216.00,0.45714,12.88392,9.40526,29.29043,36.03249,49.99,0866:20:23,1,02
16:27:36,0.12909,216.10,0.45753,12.79458,9.34004,29.29044,36.0325,49.99,0866:20:24,1,02
16:27:37,0.12825,216.10,0.45766,12.71454,9.28162,29.29044,36.0325,49.99,0866:20:25,1,02
16:27:38,0.12802,216.10,0.46072,12.77224,9.32374,29.29045,36.0325,49.99,0866:20:26,1,02
16:27:39,0.12897,216.10,0.45895,12.81877,9.35771,29.29045,36.03251,49.99,0866:20:27,1,02
16:27:40,0.12987,216.10,0.45521,12.80761,9.34955,29.29045,36.03251,49.98,0866:20:28,1,02
16:27:41,0.12825,216.20,0.45834,12.73688,9.29792,29.29046,36.03252,49.98,0866:20:29,1,02
16:27:42,0.12903,216.20,0.45679,12.77038,9.32238,29.29046,36.03252,49.98,0866:20:30,1,02
16:27:43,0.1288,216.10,0.45784,12.7741,9.3251,29.29046,36.03253,49.98,0866:20:31,1,02
16:27:44,0.13026,216.00,0.455,12.83367,9.36858,29.29047,36.03253,49.99,0866:20:32,1,02
16:27:45,0.13012,216.00,0.45415,12.79458,9.34004,29.29047,36.03253,49.99,0866:20:33,1,02
16:27:46,0.1298,216.00,0.45727,12.84669,9.37809,29.29048,36.03254,49.99,0866:20:34,1,02
16:27:47,0.12901,216.00,0.45789,12.79086,9.33733,29.29048,36.03254,49.99,0866:20:35,1,02
16:27:48,0.12983,216.10,0.45758,12.86903,9.39439,29.29048,36.03255,49.98,0866:20:36,1,02
16:27:49,0.12935,216.30,0.45526,12.76666,9.31966,29.29049,36.03255,49.98,0866:20:37,1,02
16:27:50,0.13082,216.30,0.45591,12.93231,9.44059,29.29049,36.03255,49.98,0866:20:38,1,02
16:27:51,0.13066,216.40,0.45853,12.98443,9.47863,29.29049,36.03255,49.98,0866:20:39,1,02
16:27:52,0.12922,216.30,0.45795,12.82994,9.36586,29.2905,36.03257,49.98,0866:20:40,1,02
16:27:53,0.13005,216.30,0.45504,12.82994,9.36586,29.2905,36.03257,49.98,0866:20:41,1,02
16:27:54,0.12983,216.30,0.45476,12.7983,9.34276,29.29051,36.03257,49.98,0866:20:43,1,02
16:27:55,0.12983,216.30,0.45476,12.7983,9.34276,29.29051,36.03257,49.98,0866:20:43,1,02
16:27:56,0.12853,216.10,0.45534,12.67731,9.25444,29.29051,36.03258,49.98,0866:20:44,1,02
16:27:57,0.12882,216.20,0.45705,12.75549,9.31151,29.29051,36.03258,49.98,0866:20:45,1,02
16:27:58,0.12804,216.20,0.45869,12.72943,9.29249,29.29052,36.03259,49.96,0866:20:46,1,02
16:27:59,0.12945,216.40,0.45544,12.78527,9.33325,29.29052,36.03259,49.96,0866:20:47,1,02
16:28:00,0.12882,216.40,0.45856,12.80947,9.35091,29.29052,36.0326,49.98,0866:20:48,1,02
16:28:01,0.13095,216.40,0.45767,12.99932,9.4895,29.29053,36.0326,49.98,0866:20:49,1,02
16:28:02,0.13026,216.50,0.45489,12.856,9.38488,29.29053,36.03261,49.96,0866:20:50,1,02
16:28:03,0.12853,216.40,0.45519,12.68848,9.26259,29.29054,36.03261,49.96,0866:20:51,1,02
16:28:04,0.12972,216.50,0.45404,12.77969,9.32917,29.29054,36.03261,49.96,0866:20:52,1,02
16:28:05,0.12926,216.40,0.45838,12.85228,9.38216,29.29054,36.03262,49.96,0866:20:53,1,02
16:28:06,0.13136,216.50,0.45605,12.99746,9.48815,29.29055,36.03262,49.98,0866:20:54,1,02
16:28:07,0.13158,216.10,0.45441,12.95093,9.45418,29.29055,36.03263,49.98,0866:20:55,1,02
16:28:08,0.13008,216.00,0.45434,12.79644,9.3414,29.29055,36.03263,49.98,0866:20:56,1,02
16:28:09,0.1308,216.00,0.45137,12.78341,9.33189,29.29056,36.03263,49.98,0866:20:57,1,02
16:28:10,0.13189,216.20,0.45629,13.03841,9.51804,29.29056,36.03263,49.96,0866:20:58,1,02
16:28:11,0.12966,216.30,0.45596,12.81505,9.35499,29.29057,36.03265,49.96,0866:20:59,1,02
16:28:12,0.12899,216.30,0.45415,12.70151,9.2721,29.29057,36.03265,49.96,0866:21:00,1,02
16:28:13,0.13125,216.30,0.4516,12.85042,9.38081,29.29057,36.03266,49.98,0866:21:01,1,02
16:28:14,0.12953,216.30,0.45466,12.76666,9.31966,29.29058,36.03266,49.98,0866:21:02,1,02
16:28:15,0.12865,216.40,0.4553,12.70337,9.27346,29.29058,36.03266,49.96,0866:21:04,1,02
16:28:16,0.13095,216.40,0.45655,12.96768,9.46641,29.29058,36.03267,49.96,0866:21:05,1,02
16:28:18,0.12987,216.50,0.45437,12.80575,9.3482,29.29059,36.03267,49.98,0866:21:06,1,02
16:28:19,0.12897,216.40,0.45196,12.64381,9.22998,29.29059,36.03268,49.98,0866:21:07,1,02
16:28:20,0.12901,216.40,0.45563,12.74805,9.30607,29.2906,36.03268,49.96,0866:21:08,1,02
16:28:21,0.12901,216.40,0.45563,12.74805,9.30607,29.2906,36.03268,49.96,0866:21:08,1,02
16:28:22,0.12785,216.20,0.45613,12.63637,9.22455,29.2906,36.03268,49.96,0866:21:09,1,02
16:28:23,0.12937,216.20,0.45664,12.80016,9.34412,29.2906,36.03268,49.98,0866:21:10,1,02
16:28:24,0.1296,216.20,0.45606,12.80761,9.34955,29.29061,36.0327,49.98,0866:21:11,1,02
16:28:25,0.12926,216.30,0.45442,12.73129,9.29384,29.29061,36.0327,49.96,0866:21:12,1,02
16:28:26,0.12869,216.30,0.45676,12.7406,9.30064,29.29061,36.0327,49.96,0866:21:13,1,02
16:28:27,0.12892,216.40,0.45712,12.77969,9.32917,29.29062,36.03271,49.98,0866:21:14,1,02
16:28:28,0.12798,216.50,0.45771,12.71082,9.2789,29.29062,36.03271,49.98,0866:21:15,1,02
16:28:29,0.12984,216.70,0.45577,12.85042,9.38081,29.29063,36.03271,49.98,0866:21:16,1,02
16:28:30,0.13201,216.70,0.45481,13.03841,9.51804,29.29063,36.03271,49.98,0866:21:17,1,02
16:28:31,0.13066,216.60,0.45833,12.99932,9.4895,29.29063,36.03273,49.98,0866:21:18,1,02
16:28:32,0.12861,216.60,0.45566,12.72013,9.28569,29.29064,36.03273,49.98,0866:21:19,1,02
16:28:33,0.12974,216.60,0.45763,12.88764,9.40798,29.29064,36.03274,49.98,0866:21:20,1,02
16:28:34,0.13057,216.50,0.456,12.92301,9.4338,29.29064,36.03274,49.99,0866:21:21,1,02
16:28:35,0.13125,216.60,0.45826,13.05702,9.53163,29.29065,36.03274,49.99,0866:21:22,1,02
16:28:36,0.1308,216.60,0.45621,12.95279,9.45554,29.29065,36.03275,49.99,0866:21:24,1,02
16:28:37,0.13179,216.60,0.45466,13.01049,9.49766,29.29066,36.03275,49.99,0866:21:25,1,02
16:28:38,0.13375,216.70,0.45681,13.26735,9.68517,29.29066,36.03276,49.99,0866:21:26,1,02
16:28:39,0.13277,216.70,0.45372,13.08308,9.55065,29.29066,36.03276,49.99,0866:21:27,1,02
16:28:40,0.13074,216.70,0.45574,12.9379,9.44467,29.29067,36.03276,49.99,0866:21:28,1,02
16:28:41,0.13035,216.70,0.45555,12.89509,9.41341,29.29067,36.03276,49.99,0866:21:29,1,02
16:28:42,0.12857,216.60,0.45499,12.69965,9.27075,29.29067,36.03278,50.00,0866:21:30,1,02
16:28:43,0.12905,216.50,0.45521,12.74991,9.30743,29.29068,36.03278,50.00,0866:21:31,1,02
16:28:44,0.12926,216.50,0.45328,12.71268,9.28026,29.29068,36.03278,50.00,0866:21:32,1,02
16:28:45,0.12853,216.50,0.45608,12.71827,9.28433,29.29069,36.03279,50.00,0866:21:33,1,02
16:28:46,0.12853,216.50,0.45608,12.71827,9.28433,29.29069,36.03279,50.00,0866:21:33,1,02
16:28:47,0.128,216.50,0.45645,12.68104,9.25716,29.29069,36.03279,50.01,0866:21:34,1,02
16:28:48,0.12828,216.50,0.45693,12.71827,9.28433,29.29069,36.03279,50.01,0866:21:35,1,02
16:28:49,0.12753,216.40,0.45755,12.6587,9.24085,29.2907,36.03279,50.00,0866:21:36,1,02
16:28:50,0.12888,216.60,0.45675,12.77783,9.32781,29.2907,36.03281,50.00,0866:21:37,1,02
16:28:51,0.12722,216.40,0.46007,12.69593,9.26803,29.2907,36.03281,50.01,0866:21:38,1,02
16:28:52,0.12945,216.50,0.45959,12.91184,9.42564,29.29071,36.03282,50.01,0866:21:39,1,02
16:28:53,0.12757,216.60,0.46027,12.74432,9.30336,29.29071,36.03282,50.03,0866:21:40,1,02
16:28:54,0.128,216.60,0.45693,12.69779,9.26939,29.29072,36.03282,50.03,0866:21:41,1,02
16:28:55,0.12846,216.80,0.45358,12.6587,9.24085,29.29072,36.03283,50.01,0866:21:42,1,02
16:28:56,0.12892,216.80,0.45636,12.78713,9.33461,29.29072,36.03283,50.03,0866:21:43,1,02
16:28:57,0.12737,216.70,0.45828,12.67546,9.25308,29.29073,36.03284,50.03,0866:21:44,1,02
16:28:58,0.12884,216.60,0.45469,12.72013,9.28569,29.29073,36.03284,50.04,0866:21:46,1,02
16:28:59,0.12857,216.50,0.45651,12.73874,9.29928,29.29073,36.03284,50.04,0866:21:47,1,02
16:29:00,0.12771,216.40,0.45565,12.62148,9.21368,29.29074,36.03284,50.03,0866:21:48,1,02
16:29:01,0.12892,216.30,0.45231,12.64009,9.22726,29.29074,36.03286,50.03,0866:21:49,1,02
16:29:02,0.12932,216.20,0.45218,12.67173,9.25037,29.29074,36.03286,50.04,0866:21:50,1,02
16:29:03,0.12823,216.10,0.45288,12.57681,9.18107,29.29075,36.03286,50.04,0866:21:51,1,02
16:29:04,0.12855,216.20,0.45616,12.70337,9.27346,29.29075,36.03287,50.04,0866:21:52,1,02
16:29:05,0.12815,216.10,0.45341,12.58797,9.18922,29.29076,36.03287,50.04,0866:21:53,1,02
16:29:06,0.12868,216.20,0.45535,12.69965,9.27075,29.29076,36.03288,50.04,0866:21:54,1,02
16:29:07,0.12825,216.20,0.45614,12.67918,9.2558,29.29076,36.03288,50.04,0866:21:55,1,02
16:29:08,0.12892,216.20,0.45249,12.64009,9.22726,29.29077,36.03289,50.04,0866:21:56,1,02
16:29:09,0.12868,216.40,0.45572,12.72013,9.28569,29.29077,36.03289,50.04,0866:21:57,1,02
16:29:10,0.12747,216.40,0.45631,12.61589,9.2096,29.29077,36.03289,50.04,0866:21:58,1,02
16:29:11,0.12747,216.40,0.45631,12.61589,9.2096,29.29077,36.03289,50.04,0866:21:58,1,02
16:29:12,0.12838,216.20,0.45598,12.68662,9.26124,29.29078,36.0329,50.04,0866:21:59,1,02
16:29:13,0.1281,216.20,0.45634,12.66615,9.24629,29.29078,36.0329,50.04,0866:22:00,1,02
16:29:14,0.12951,216.20,0.45436,12.74991,9.30743,29.29079,36.03291,50.04,0866:22:01,1,02
16:29:15,0.12728,216.20,0.4562,12.58053,9.18379,29.29079,36.03291,50.03,0866:22:02,1,02
16:29:16,0.1292,216.10,0.45292,12.67731,9.25444,29.29079,36.03292,50.04,0866:22:03,1,02
16:29:17,0.12931,216.10,0.45229,12.66987,9.24901,29.2908,36.03292,50.04,0866:22:04,1,02
16:29:18,0.12872,216.20,0.45094,12.57495,9.17971,29.2908,36.03292,50.04,0866:22:06,1,02
16:29:19,0.12922,216.20,0.4532,12.69035,9.26395,29.2908,36.03292,50.04,0866:22:07,1,02
16:29:20,0.12953,216.20,0.45192,12.68476,9.25988,29.29081,36.03292,50.03,0866:22:08,1,02
16:29:21,0.12794,216.20,0.45287,12.55447,9.16476,29.29081,36.03294,50.03,0866:22:09,1,02
16:29:22,0.12869,216.10,0.45513,12.68848,9.26259,29.29081,36.03294,50.04,0866:22:10,1,02
16:29:23,0.1298,216.20,0.4515,12.69965,9.27075,29.29082,36.03295,50.04,0866:22:11,1,02
16:29:24,0.13001,216.30,0.45192,12.73502,9.29656,29.29082,36.03295,50.03,0866:22:12,1,02
16:29:25,0.12876,216.30,0.45533,12.71082,9.2789,29.29083,36.03296,50.03,0866:22:13,1,02
16:29:26,0.11845,216.10,0.44364,11.38371,8.31011,29.29083,36.03296,50.01,0866:22:14,1,02
16:29:27,0.08451,216.00,0.43284,7.91797,5.78012,29.29083,36.03296,50.01,0866:22:15,1,02
16:29:28,0.08247,215.80,0.42893,7.64994,5.58446,29.29083,36.03297,50.01,0866:22:16,1,02
16:29:29,0.07678,215.50,0.42379,7.02827,5.13064,29.29084,36.03297,50.01,0866:22:17,1,02
16:29:30,0.07625,215.40,0.4223,6.9501,5.07357,29.29084,36.03297,50.03,0866:22:18,1,02
16:29:31,0.0761,215.50,0.42367,6.96312,5.08308,29.29084,36.03297,50.03,0866:22:19,1,02
16:29:32,0.07617,215.60,0.42208,6.94637,5.07085,29.29084,36.03297,50.01,0866:22:20,1,02
16:29:33,0.07614,215.60,0.4207,6.92218,5.05319,29.29084,36.03297,50.01,0866:22:21,1,02
16:29:34,0.07695,215.60,0.42042,6.99104,5.10346,29.29085,36.03297,50.03,0866:22:22,1,02
16:29:35,0.07695,215.60,0.42042,6.99104,5.10346,29.29085,36.03297,50.03,0866:22:22,1,02
16:29:36,0.07706,215.80,0.41648,6.94265,5.06813,29.29085,36.03299,50.03,0866:22:23,1,02
16:29:37,0.07681,215.90,0.41723,6.93334,5.06134,29.29085,36.03299,50.03,0866:22:24,1,02
16:29:38,0.07699,215.80,0.41719,6.94823,5.07221,29.29085,36.03299,50.03,0866:22:26,1,02
16:29:39,0.07699,216.00,0.41924,6.98546,5.09939,29.29085,36.033,50.03,0866:22:27,1,02
16:29:40,0.07667,216.10,0.41751,6.93334,5.06134,29.29086,36.033,50.03,0866:22:28,1,02
16:29:41,0.07646,216.10,0.41783,6.91845,5.05047,29.29086,36.033,50.03,0866:22:29,1,02
16:29:42,0.07664,216.10,0.41869,6.94823,5.07221,29.29086,36.033,50.01,0866:22:30,1,02
16:29:43,0.07685,216.00,0.41889,6.96871,5.08716,29.29086,36.033,50.01,0866:22:31,1,02
16:29:44,0.07649,216.00,0.41918,6.94079,5.06678,29.29086,36.033,50.01,0866:22:32,1,02
16:29:45,0.07664,216.00,0.4173,6.92218,5.05319,29.29087,36.033,50.01,0866:22:33,1,02
16:29:46,0.07713,216.00,0.41773,6.97429,5.09123,29.29087,36.033,50.03,0866:22:34,1,02
16:29:47,0.07692,216.10,0.41741,6.95196,5.07493,29.29087,36.03302,50.03,0866:22:35,1,02
16:29:48,0.07688,216.00,0.41693,6.94079,5.06678,29.29087,36.03302,50.01,0866:22:36,1,02
16:29:49,0.0766,216.20,0.41814,6.94079,5.06678,29.29087,36.03302,50.01,0866:22:37,1,02
16:29:50,0.07674,216.30,0.4173,6.94079,5.06678,29.29088,36.03303,50.03,0866:22:38,1,02
16:29:51,0.07667,216.20,0.4181,6.94637,5.07085,29.29088,36.03303,50.03,0866:22:39,1,02
16:29:52,0.07667,216.10,0.41663,6.92031,5.05183,29.29088,36.03303,50.03,0866:22:40,1,02
16:29:53,0.07695,216.20,0.4175,6.96126,5.08172,29.29088,36.03303,50.03,0866:22:41,1,02
16:29:54,0.07678,216.30,0.41678,6.9352,5.0627,29.29088,36.03304,50.03,0866:22:42,1,02
16:29:55,0.07642,216.30,0.41721,6.91287,5.04639,29.29089,36.03304,50.01,0866:22:43,1,02
16:29:56,0.07678,215.80,0.4185,6.94823,5.07221,29.29089,36.03304,50.01,0866:22:44,1,02
16:29:57,0.07671,215.70,0.41706,6.91659,5.04911,29.29089,36.03305,50.03,0866:22:45,1,02
16:29:58,0.07671,215.70,0.41762,6.9259,5.05591,29.29089,36.03305,50.03,0866:22:47,1,02
16:29:59,0.07671,215.70,0.41762,6.9259,5.05591,29.29089,36.03305,50.03,0866:22:47,1,02
16:30:00,0.07674,215.70,0.41809,6.9352,5.0627,29.29089,36.03305,50.01,0866:22:48,1,02
16:30:01,0.07709,215.60,0.41909,6.97988,5.09531,29.2909,36.03305,50.01,0866:22:49,1,02
16:30:02,0.07681,215.50,0.41753,6.9259,5.05591,29.2909,36.03305,50.01,0866:22:50,1,02
16:30:03,0.07751,215.50,0.41839,7.00407,5.11297,29.2909,36.03305,50.01,0866:22:51,1,02
16:30:04,0.07678,215.50,0.41828,6.9352,5.0627,29.2909,36.03305,50.03,0866:22:52,1,02
16:30:05,0.07671,215.40,0.41951,6.94637,5.07085,29.2909,36.03307,50.03,0866:22:53,1,02
16:30:06,0.07671,215.40,0.41818,6.9259,5.05591,29.29091,36.03307,50.00,0866:22:54,1,02
16:30:07,0.07678,215.30,0.41755,6.91845,5.05047,29.29091,36.03307,50.00,0866:22:55,1,02
16:30:08,0.07734,215.30,0.41737,6.96685,5.0858,29.29091,36.03307,50.01,0866:22:56,1,02
16:30:09,0.07685,215.30,0.41796,6.93148,5.05998,29.29091,36.03308,50.01,0866:22:57,1,02
16:30:10,0.07699,215.30,0.41809,6.94451,5.06949,29.29091,36.03308,50.00,0866:22:58,1,02
16:30:11,0.07688,215.30,0.4179,6.9352,5.0627,29.29092,36.03308,50.00,0866:22:59,1,02
16:30:12,0.07734,215.30,0.41726,6.96499,5.08444,29.29092,36.03308,50.00,0866:23:00,1,02
16:30:13,0.07727,215.40,0.41788,6.97057,5.08852,29.29092,36.03308,50.00,0866:23:01,1,02
16:30:14,0.07731,215.50,0.41839,6.98546,5.09939,29.29092,36.03308,49.99,0866:23:02,1,02
16:30:16,0.07713,215.60,0.41689,6.94637,5.07085,29.29093,36.03308,49.98,0866:23:03,1,02
16:30:17,0.07667,215.50,0.41706,6.90729,5.04232,29.29093,36.0331,49.98,0866:23:04,1,02
16:30:18,0.07699,215.50,0.41952,6.97615,5.09259,29.29093,36.0331,49.99,0866:23:05,1,02
16:30:19,0.07671,215.50,0.41912,6.94451,5.06949,29.29093,36.0331,49.99,0866:23:06,1,02
16:30:20,0.07695,215.50,0.41637,6.92218,5.05319,29.29093,36.0331,49.98,0866:23:08,1,02
16:30:21,0.07678,215.60,0.41854,6.94265,5.06813,29.29095,36.03311,49.98,0866:23:09,1,02
16:30:22,0.07692,215.50,0.41734,6.9352,5.0627,29.29095,36.03311,49.98,0866:23:10,1,02
16:30:23,0.07653,215.50,0.41971,6.93707,5.06406,29.29095,36.03311,49.98,0866:23:11,1,02
16:30:24,0.07664,215.40,0.41865,6.9259,5.05591,29.29095,36.03312,49.98,0866:23:12,1,02
16:30:25,0.07695,215.20,0.41958,6.96312,5.08308,29.29095,36.03312,49.98,0866:23:13,1,02
16:30:26,0.07695,215.20,0.41958,6.96312,5.08308,29.29095,36.03312,49.98,0866:23:13,1,02
16:30:27,0.07671,215.20,0.41897,6.92962,5.05862,29.29095,36.03312,49.98,0866:23:14,1,02
16:30:28,0.07671,215.30,0.4179,6.91659,5.04911,29.29095,36.03312,49.98,0866:23:15,1,02
16:30:29,0.07709,215.30,0.4181,6.95568,5.07765,29.29095,36.03313,49.96,0866:23:16,1,02
16:30:30,0.07692,215.40,0.4184,6.94823,5.07221,29.29095,36.03313,49.96,0866:23:17,1,02
16:30:31,0.07674,214.90,0.41973,6.93893,5.06542,29.29095,36.03313,49.96,0866:23:18,1,02
16:30:32,0.0766,215.30,0.42027,6.94637,5.07085,29.29096,36.03313,49.96,0866:23:19,1,02
16:30:33,0.07713,215.20,0.41898,6.96871,5.08716,29.29096,36.03313,49.96,0866:23:20,1,02
16:30:34,0.07653,215.20,0.41969,6.9259,5.05591,29.29096,36.03313,49.96,0866:23:21,1,02
16:30:35,0.0766,215.20,0.41978,6.9352,5.0627,29.29096,36.03313,49.96,0866:23:22,1,02
16:30:36,0.07649,215.30,0.42074,6.94637,5.07085,29.29096,36.03315,49.96,0866:23:23,1,02
16:30:37,0.07717,215.20,0.41937,6.97988,5.09531,29.29097,36.03315,49.96,0866:23:24,1,02
16:30:38,0.07653,215.20,0.42071,6.94265,5.06813,29.29097,36.03315,49.98,0866:23:25,1,02
16:30:39,0.07653,215.20,0.42005,6.93334,5.06134,29.29097,36.03316,49.98,0866:23:26,1,02
16:30:40,0.07614,215.10,0.41905,6.87937,5.02194,29.29097,36.03316,49.96,0866:23:28,1,02
16:30:41,0.07635,215.20,0.42075,6.92776,5.05726,29.29097,36.03316,49.96,0866:23:29,1,02
16:30:42,0.07713,215.10,0.41918,6.97057,5.08852,29.29099,36.03316,49.96,0866:23:30,1,02
16:30:43,0.07681,215.20,0.41989,6.95568,5.07765,29.29099,36.03316,49.96,0866:23:31,1,02
16:30:44,0.07678,215.00,0.41834,6.92218,5.05319,29.29099,36.03316,49.96,0866:23:32,1,02
16:30:45,0.07656,215.00,0.41932,6.91659,5.04911,29.29099,36.03316,49.96,0866:23:33,1,02
16:30:46,0.07699,214.90,0.41895,6.94637,5.07085,29.29099,36.03316,49.96,0866:23:34,1,02
16:30:47,0.07688,214.90,0.41897,6.93893,5.06542,29.29099,36.03318,49.96,0866:23:35,1,02
16:30:48,0.07709,214.90,0.41996,6.97243,5.08987,29.29099,36.03318,49.96,0866:23:36,1,02
16:30:49,0.07667,214.90,0.41973,6.92962,5.05862,29.29099,36.03318,49.96,0866:23:37,1,02
16:30:50,0.07667,214.90,0.41973,6.92962,5.05862,29.29099,36.03318,49.96,0866:23:37,1,02
16:30:51,0.07685,214.80,0.42047,6.95754,5.079,29.29099,36.03319,49.98,0866:23:38,1,02
16:30:52,0.07671,214.80,0.42089,6.95196,5.07493,29.29099,36.03319,49.98,0866:23:39,1,02
16:30:53,0.07702,214.80,0.42018,6.96685,5.0858,29.291,36.03319,49.98,0866:23:40,1,02
16:30:54,0.07688,214.80,0.4186,6.92962,5.05862,29.291,36.03319,49.98,0866:23:41,1,02
16:30:55,0.07706,214.70,0.41973,6.9594,5.08036,29.291,36.0332,49.99,0866:23:42,1,02
16:30:56,0.07635,214.70,0.4191,6.88495,5.02601,29.291,36.0332,49.99,0866:23:43,1,02
16:30:57,0.07685,214.90,0.4188,6.93148,5.05998,29.291,36.0332,49.99,0866:23:44,1,02
16:30:58,0.07685,214.60,0.42006,6.94451,5.06949,29.29101,36.03321,50.00,0866:23:45,1,02
16:30:59,0.0766,214.80,0.4186,6.9017,5.03824,29.29101,36.03321,50.00,0866:23:46,1,02
16:31:00,0.07685,214.90,0.41892,6.93334,5.06134,29.29101,36.03321,50.00,0866:23:48,1,02
16:31:01,0.07709,215.10,0.41902,6.96312,5.08308,29.29101,36.03321,50.00,0866:23:49,1,02
16:31:02,0.07713,215.10,0.4173,6.94079,5.06678,29.29101,36.03321,50.00,0866:23:50,1,02
16:31:03,0.07685,215.30,0.41852,6.94079,5.06678,29.29103,36.03321,50.00,0866:23:51,1,02
16:31:04,0.07699,215.30,0.41878,6.95754,5.079,29.29103,36.03321,50.03,0866:23:52,1,02
16:31:05,0.07685,215.40,0.41822,6.93893,5.06542,29.29103,36.03323,50.03,0866:23:53,1,02
16:31:06,0.07688,215.30,0.41741,6.92404,5.05455,29.29103,36.03323,50.03,0866:23:54,1,02
16:31:07,0.07678,215.30,0.41753,6.91659,5.04911,29.29103,36.03323,50.03,0866:23:55,1,02
16:31:08,0.07706,215.30,0.41874,6.96312,5.08308,29.29103,36.03323,50.03,0866:23:56,1,02
16:31:09,0.07692,215.00,0.41622,6.89798,5.03552,29.29103,36.03324,50.03,0866:23:57,1,02
16:31:10,0.07656,215.00,0.41967,6.92404,5.05455,29.29103,36.03324,50.05,0866:23:58,1,02
16:31:11,0.07656,214.90,0.41885,6.90729,5.04232,29.29103,36.03324,50.05,0866:23:59,1,02
16:31:12,0.07699,214.70,0.41901,6.94265,5.06813,29.29103,36.03324,50.03,0866:24:00,1,02
16:31:13,0.07656,214.70,0.41921,6.90542,5.04096,29.29104,36.03325,50.03,0866:24:01,1,02
16:31:14,0.07664,214.70,0.4193,6.91473,5.04775,29.29104,36.03325,50.04,0866:24:02,1,02
16:31:15,0.07664,214.70,0.4193,6.91473,5.04775,29.29104,36.03325,50.04,0866:24:02,1,02
16:31:16,0.07702,214.70,0.42062,6.97243,5.08987,29.29104,36.03325,50.04,0866:24:03,1,02
16:31:17,0.07695,214.70,0.41794,6.92031,5.05183,29.29104,36.03326,50.04,0866:24:04,1,02
16:31:18,0.07695,214.70,0.41895,6.93707,5.06406,29.29104,36.03326,50.03,0866:24:05,1,02
16:31:19,0.07695,214.90,0.41768,6.92218,5.05319,29.29105,36.03326,50.03,0866:24:06,1,02
16:31:20,0.07692,214.90,0.41831,6.92962,5.05862,29.29105,36.03326,50.03,0866:24:07,1,02
16:31:21,0.07734,214.80,0.41751,6.95196,5.07493,29.29105,36.03326,50.03,0866:24:09,1,02
16:31:22,0.07706,214.70,0.41713,6.91473,5.04775,29.29105,36.03326,50.03,0866:24:10,1,02
16:31:23,0.07685,214.60,0.41916,6.92962,5.05862,29.29105,36.03326,50.03,0866:24:11,1,02
16:31:24,0.07717,214.70,0.41704,6.92404,5.05455,29.29107,36.03328,50.01,0866:24:12,1,02
16:31:25,0.07699,214.60,0.41785,6.92031,5.05183,29.29107,36.03328,50.01,0866:24:13,1,02
16:31:26,0.07745,214.60,0.41654,6.93893,5.06542,29.29107,36.03328,50.01,0866:24:14,1,02
16:31:27,0.0772,214.70,0.41631,6.91659,5.04911,29.29107,36.03328,50.01,0866:24:15,1,02
16:31:28,0.07709,214.80,0.41837,6.94451,5.06949,29.29107,36.03329,50.00,0866:24:16,1,02
16:31:29,0.07695,214.80,0.41889,6.94079,5.06678,29.29107,36.03329,50.00,0866:24:17,1,02
16:31:30,0.07688,214.90,0.41839,6.92776,5.05726,29.29107,36.03329,49.99,0866:24:18,1,02
16:31:31,0.07695,215.00,0.41861,6.94079,5.06678,29.29107,36.03329,49.99,0866:24:19,1,02
16:31:32,0.07681,215.00,0.41813,6.92031,5.05183,29.29107,36.03329,49.99,0866:24:20,1,02
16:31:33,0.07692,214.90,0.41845,6.93334,5.06134,29.29107,36.03329,49.99,0866:24:21,1,02
16:31:34,0.07667,214.90,0.41806,6.90356,5.0396,29.29108,36.03329,49.99,0866:24:22,1,02
16:31:35,0.07678,215.00,0.41807,6.91473,5.04775,29.29108,36.03331,49.99,0866:24:23,1,02
16:31:36,0.07724,215.00,0.41801,6.95568,5.07765,29.29108,36.03331,49.98,0866:24:24,1,02
16:31:37,0.07702,214.70,0.41848,6.93707,5.06406,29.29108,36.03331,49.98,0866:24:25,1,02
16:31:38,0.07695,214.60,0.41847,6.9259,5.05591,29.29108,36.03332,49.98,0866:24:26,1,02
16:31:39,0.07702,214.70,0.41768,6.92218,5.05319,29.29109,36.03332,49.96,0866:24:27,1,02
16:31:40,0.07702,214.70,0.41768,6.92218,5.05319,29.29109,36.03332,49.96,0866:24:27,1,02
16:31:41,0.07706,214.60,0.41803,6.92962,5.05862,29.29109,36.03332,49.96,0866:24:29,1,02
16:31:42,0.07709,214.60,0.41897,6.94823,5.07221,29.29109,36.03332,49.95,0866:24:30,1,02
16:31:43,0.07656,214.80,0.41665,6.86634,5.01243,29.29109,36.03333,49.95,0866:24:31,1,02
16:31:44,0.07681,214.90,0.41967,6.94265,5.06813,29.29109,36.03333,49.98,0866:24:32,1,02
16:31:45,0.07678,215.00,0.41933,6.93707,5.06406,29.29111,36.03333,49.98,0866:24:33,1,02
16:31:46,0.07685,215.00,0.41828,6.9259,5.05591,29.29111,36.03333,49.96,0866:24:34,1,02
16:31:47,0.07639,214.80,0.41976,6.90356,5.0396,29.29111,36.03334,49.96,0866:24:35,1,02
16:31:48,0.07639,214.90,0.4207,6.92218,5.05319,29.29111,36.03334,49.95,0866:24:36,1,02
16:31:49,0.07671,214.80,0.42022,6.94079,5.06678,29.29111,36.03334,49.95,0866:24:37,1,02
16:31:50,0.07649,214.70,0.42096,6.92962,5.05862,29.29111,36.03334,49.96,0866:24:38,1,02
16:31:51,0.07706,214.40,0.4185,6.92962,5.05862,29.29111,36.03334,49.96,0866:24:39,1,02
16:31:52,0.07681,214.50,0.42101,6.95382,5.07629,29.29111,36.03334,49.95,0866:24:40,1,02
16:31:53,0.07713,214.50,0.42142,6.98732,5.10074,29.29111,36.03334,49.95,0866:24:41,1,02
16:31:54,0.07617,214.90,0.42003,6.8924,5.03145,29.29112,36.03336,49.98,0866:24:42,1,02
16:31:55,0.07625,214.90,0.42022,6.9017,5.03824,29.29112,36.03336,49.98,0866:24:43,1,02
16:31:56,0.07713,214.80,0.42119,6.99291,5.10482,29.29112,36.03336,49.96,0866:24:44,1,02
16:31:57,0.07642,214.90,0.42185,6.94265,5.06813,29.29112,36.03337,49.96,0866:24:45,1,02
16:31:58,0.07635,214.90,0.42044,6.91473,5.04775,29.29112,36.03337,49.98,0866:24:46,1,02
16:31:59,0.07639,214.90,0.41968,6.90542,5.04096,29.29113,36.03337,49.98,0866:24:47,1,02
16:32:00,0.07709,214.90,0.41863,6.95196,5.07493,29.29113,36.03337,49.98,0866:24:48,1,02
16:32:01,0.07695,214.90,0.42015,6.96312,5.08308,29.29113,36.03337,49.98,0866:24:50,1,02
16:32:02,0.07649,214.80,0.42143,6.93893,5.06542,29.29113,36.03337,49.98,0866:24:51,1,02
16:32:03,0.07642,214.70,0.42067,6.91845,5.05047,29.29113,36.03337,49.96,0866:24:52,1,02
16:32:04,0.07642,214.70,0.42067,6.91845,5.05047,29.29113,36.03337,49.96,0866:24:52,1,02
16:32:05,0.07667,214.70,0.42046,6.93707,5.06406,29.29115,36.03337,49.96,0866:24:53,1,02
16:32:06,0.07681,214.70,0.41745,6.89984,5.03688,29.29115,36.03339,49.96,0866:24:54,1,02
16:32:07,0.07617,214.70,0.41926,6.87192,5.0165,29.29115,36.03339,49.96,0866:24:55,1,02
16:32:08,0.07646,214.50,0.42152,6.92776,5.05726,29.29115,36.03339,49.98,0866:24:56,1,02
16:32:09,0.07667,214.50,0.42152,6.94823,5.07221,29.29115,36.0334,49.98,0866:24:57,1,02
16:32:10,0.07681,214.40,0.4195,6.9259,5.05591,29.29115,36.0334,49.96,0866:24:58,1,02
16:32:11,0.07695,214.40,0.41909,6.93148,5.05998,29.29115,36.0334,49.96,0866:24:59,1,02
16:32:12,0.07685,214.40,0.42055,6.94637,5.07085,29.29115,36.0334,49.96,0866:25:00,1,02
16:32:14,0.07653,214.50,0.42161,6.93707,5.06406,29.29115,36.03341,49.96,0866:25:01,1,02
16:32:15,0.07635,214.60,0.42112,6.91659,5.04911,29.29115,36.03341,49.96,0866:25:02,1,02
16:32:16,0.07639,214.70,0.42265,6.94637,5.07085,29.29116,36.03341,49.96,0866:25:03,1,02
16:32:17,0.07667,214.60,0.42022,6.93148,5.05998,29.29116,36.03342,49.96,0866:25:04,1,02
16:32:18,0.07635,214.60,0.42258,6.93893,5.06542,29.29116,36.03342,49.96,0866:25:05,1,02
16:32:19,0.07617,214.50,0.42078,6.89053,5.03009,29.29116,36.03342,49.96,0866:25:06,1,02
16:32:20,0.07671,214.50,0.41973,6.92031,5.05183,29.29116,36.03342,49.98,0866:25:07,1,02
16:32:21,0.07653,214.50,0.42068,6.92031,5.05183,29.29117,36.03342,49.98,0866:25:08,1,02
16:32:22,0.07681,214.50,0.42042,6.94265,5.06813,29.29117,36.03342,49.96,0866:25:10,1,02
16:32:23,0.07653,214.60,0.41996,6.91473,5.04775,29.29117,36.03342,49.96,0866:25:11,1,02
16:32:24,0.07617,214.60,0.42151,6.90729,5.04232,29.29117,36.03342,49.98,0866:25:12,1,02
16:32:25,0.07685,214.60,0.42106,6.9594,5.08036,29.29117,36.03344,49.98,0866:25:13,1,02
16:32:26,0.07664,214.60,0.41939,6.91473,5.04775,29.29119,36.03344,49.98,0866:25:14,1,02
16:32:27,0.07649,214.70,0.42051,6.92218,5.05319,29.29119,36.03344,49.98,0866:25:15,1,02
16:32:28,0.07653,214.60,0.42062,6.92404,5.05455,29.29119,36.03345,49.99,0866:25:16,1,02
16:32:29,0.07653,214.60,0.42062,6.92404,5.05455,29.29119,36.03345,49.99,0866:25:16,1,02
16:32:30,0.07646,214.70,0.42002,6.91101,5.04504,29.29119,36.03345,49.99,0866:25:17,1,02
16:32:31,0.07653,214.80,0.41968,6.91473,5.04775,29.29119,36.03345,49.99,0866:25:18,1,02
16:32:32,0.07688,214.80,0.42083,6.96499,5.08444,29.29119,36.03345,49.99,0866:25:19,1,02
16:32:33,0.07639,214.80,0.42112,6.9259,5.05591,29.29119,36.03345,50.00,0866:25:20,1,02
16:32:34,0.07635,214.80,0.42186,6.93334,5.06134,29.29119,36.03345,50.00,0866:25:21,1,02
16:32:35,0.07639,214.70,0.42029,6.90915,5.04368,29.29119,36.03345,49.99,0866:25:22,1,02
16:32:36,0.0766,214.60,0.41944,6.90915,5.04368,29.29119,36.03347,49.99,0866:25:23,1,02
16:32:37,0.07653,214.50,0.42091,6.92404,5.05455,29.2912,36.03347,49.99,0866:25:24,1,02
16:32:38,0.07635,214.50,0.42198,6.9259,5.05591,29.2912,36.03347,49.99,0866:25:25,1,02
16:32:39,0.07639,214.60,0.42171,6.92776,5.05726,29.2912,36.03347,50.00,0866:25:26,1,02
16:32:40,0.07632,214.60,0.42166,6.92218,5.05319,29.2912,36.03348,50.00,0866:25:27,1,02
16:32:41,0.07614,214.60,0.42157,6.90356,5.0396,29.2912,36.03348,50.00,0866:25:28,1,02
16:32:42,0.07635,214.70,0.42195,6.93334,5.06134,29.29121,36.03348,50.00,0866:25:30,1,02
16:32:43,0.07617,214.70,0.42155,6.91101,5.04504,29.29121,36.03348,50.00,0866:25:31,1,02
16:32:44,0.07621,214.70,0.42202,6.92031,5.05183,29.29121,36.03349,50.00,0866:25:32,1,02
16:32:45,0.07674,214.70,0.41988,6.9352,5.0627,29.29121,36.03349,50.00,0866:25:33,1,02
16:32:46,0.0766,214.60,0.41921,6.90542,5.04096,29.29121,36.03349,50.01,0866:25:34,1,02
16:32:47,0.07653,214.40,0.42087,6.92031,5.05183,29.29123,36.0335,50.01,0866:25:35,1,02
16:32:48,0.07671,214.50,0.42019,6.92776,5.05726,29.29123,36.0335,50.01,0866:25:36,1,02
16:32:49,0.0766,214.40,0.41995,6.91287,5.04639,29.29123,36.0335,50.01,0866:25:37,1,02
16:32:50,0.07706,214.50,0.42034,6.96312,5.08308,29.29123,36.0335,50.01,0866:25:38,1,02
16:32:51,0.07632,214.60,0.42118,6.91287,5.04639,29.29123,36.0335,50.01,0866:25:39,1,02
16:32:52,0.0766,214.60,0.42034,6.92404,5.05455,29.29123,36.0335,50.03,0866:25:40,1,02
16:32:53,0.07664,214.40,0.41966,6.91287,5.04639,29.29123,36.0335,50.03,0866:25:41,1,02
16:32:54,0.07664,214.40,0.41966,6.91287,5.04639,29.29123,36.0335,50.03,0866:25:41,1,02
16:32:55,0.0766,214.40,0.42006,6.91473,5.04775,29.29123,36.03352,50.04,0866:25:42,1,02
16:32:56,0.0766,214.30,0.419,6.89426,5.03281,29.29123,36.03352,50.04,0866:25:43,1,02
16:32:57,0.07642,214.40,0.42054,6.90542,5.04096,29.29123,36.03352,50.01,0866:25:44,1,02
16:32:58,0.0766,214.50,0.42087,6.92962,5.05862,29.29124,36.03352,50.01,0866:25:45,1,02
16:32:59,0.07642,214.40,0.42112,6.91659,5.04911,29.29124,36.03353,50.03,0866:25:46,1,02
16:33:00,0.07628,214.50,0.42157,6.91287,5.04639,29.29124,36.03353,50.03,0866:25:47,1,02
16:33:01,0.07635,214.50,0.42222,6.93148,5.05998,29.29124,36.03353,50.01,0866:25:48,1,02
16:33:02,0.07621,214.60,0.42119,6.90356,5.0396,29.29124,36.03353,50.01,0866:25:49,1,02
16:33:03,0.07639,214.60,0.4216,6.9259,5.05591,29.29125,36.03354,50.01,0866:25:50,1,02
16:33:04,0.07628,214.50,0.42113,6.90729,5.04232,29.29125,36.03354,50.01,0866:25:52,1,02
16:33:05,0.07678,214.50,0.42139,6.95382,5.07629,29.29125,36.03354,50.01,0866:25:53,1,02
16:33:06,0.07625,214.50,0.42176,6.91287,5.04639,29.29125,36.03355,50.00,0866:25:54,1,02
16:33:07,0.07614,214.40,0.42332,6.9259,5.05591,29.29125,36.03355,50.00,0866:25:55,1,02
16:33:08,0.07649,214.30,0.42092,6.91473,5.04775,29.29127,36.03355,50.00,0866:25:56,1,02
16:33:09,0.07656,214.30,0.42067,6.91845,5.05047,29.29127,36.03355,50.00,0866:25:57,1,02
16:33:10,0.07671,214.40,0.42005,6.92404,5.05455,29.29127,36.03356,49.98,0866:25:58,1,02
16:33:11,0.07628,214.50,0.42079,6.9017,5.03824,29.29127,36.03356,49.98,0866:25:59,1,02
16:33:12,0.07688,214.50,0.4222,6.97988,5.09531,29.29127,36.03356,49.99,0866:26:00,1,02
16:33:13,0.07628,214.60,0.42319,6.94265,5.06813,29.29128,36.03356,49.99,0866:26:01,1,02
16:33:14,0.07614,214.80,0.42289,6.93148,5.05998,29.29128,36.03357,49.98,0866:26:02,1,02
16:33:15,0.07642,214.60,0.42095,6.91845,5.05047,29.29128,36.03357,49.98,0866:26:03,1,02
16:33:16,0.07603,214.30,0.42206,6.89426,5.03281,29.29128,36.03357,49.96,0866:26:04,1,02
16:33:17,0.07625,214.50,0.42189,6.91659,5.04911,29.29128,36.03358,49.96,0866:26:05,1,02
16:33:18,0.07649,214.40,0.42325,6.9594,5.08036,29.29128,36.03358,49.96,0866:26:06,1,02
16:33:19,0.07649,214.40,0.42325,6.9594,5.08036,29.29128,36.03358,49.96,0866:26:06,1,02
16:33:20,0.07596,214.40,0.42349,6.91287,5.04639,29.29128,36.03358,49.96,0866:26:07,1,02
16:33:21,0.0756,214.40,0.42518,6.90729,5.04232,29.29128,36.03358,49.98,0866:26:08,1,02
16:33:22,0.07484,214.20,0.42669,6.85703,5.00563,29.29128,36.03358,49.95,0866:26:09,1,02
16:33:23,0.07517,214.20,0.42745,6.89798,5.03552,29.29128,36.03358,49.95,0866:26:10,1,02
16:33:24,0.07542,214.40,0.42869,6.94823,5.07221,29.29129,36.03358,49.95,0866:26:11,1,02
16:33:25,0.07614,214.60,0.42146,6.9017,5.03824,29.29129,36.03358,49.95,0866:26:13,1,02
16:33:26,0.07685,214.80,0.42023,6.95196,5.07493,29.29129,36.0336,49.95,0866:26:14,1,02
16:33:27,0.07667,214.50,0.41938,6.91287,5.04639,29.29129,36.0336,49.95,0866:26:15,1,02
16:33:28,0.07671,214.60,0.41945,6.92031,5.05183,29.29129,36.0336,49.96,0866:26:16,1,02
16:33:29,0.07664,214.50,0.41889,6.9017,5.03824,29.29131,36.03361,49.96,0866:26:17,1,02
16:33:30,0.07709,214.40,0.42114,6.97801,5.09395,29.29131,36.03361,49.96,0866:26:18,1,02
16:33:31,0.07639,214.30,0.42151,6.91659,5.04911,29.29131,36.03361,49.96,0866:26:19,1,02
16:33:32,0.07653,214.80,0.42045,6.9259,5.05591,29.29131,36.03361,49.96,0866:26:20,1,02
16:33:33,0.07642,214.60,0.42038,6.90915,5.04368,29.29131,36.03362,49.96,0866:26:21,1,02
16:33:34,0.07621,214.60,0.41767,6.84586,4.99748,29.29132,36.03362,49.95,0866:26:22,1,02
16:33:35,0.07713,214.80,0.41973,6.96871,5.08716,29.29132,36.03362,49.95,0866:26:23,1,02
16:33:36,0.07653,214.90,0.41892,6.90542,5.04096,29.29132,36.03363,49.96,0866:26:24,1,02
16:33:37,0.07617,214.80,0.42077,6.89984,5.03688,29.29132,36.03363,49.96,0866:26:25,1,02
16:33:38,0.07628,214.80,0.41988,6.89612,5.03417,29.29132,36.03363,49.96,0866:26:26,1,02
16:33:39,0.07653,214.80,0.41902,6.90542,5.04096,29.29132,36.03363,49.96,0866:26:27,1,02
16:33:40,0.07649,214.90,0.42045,6.9259,5.05591,29.29132,36.03363,49.96,0866:26:28,1,02
16:33:41,0.07699,215.00,0.41921,6.95382,5.07629,29.29132,36.03363,49.96,0866:26:29,1,02
16:33:42,0.07674,215.00,0.41976,6.94265,5.06813,29.29132,36.03363,49.95,0866:26:30,1,02
16:33:43,0.07621,215.10,0.42082,6.91473,5.04775,29.29133,36.03365,49.96,0866:26:31,1,02
16:33:44,0.07621,215.00,0.42022,6.9017,5.03824,29.29133,36.03365,49.96,0866:26:32,1,02
16:33:45,0.07621,215.00,0.42022,6.9017,5.03824,29.29133,36.03365,49.96,0866:26:32,1,02
16:33:46,0.07581,215.00,0.41934,6.85145,5.00156,29.29133,36.03365,49.96,0866:26:34,1,02
16:33:47,0.07642,215.00,0.41953,6.90915,5.04368,29.29133,36.03365,49.96,0866:26:35,1,02
16:33:48,0.07667,215.00,0.41913,6.9259,5.05591,29.29133,36.03366,49.96,0866:26:36,1,02
16:33:49,0.07671,215.00,0.41792,6.90915,5.04368,29.29135,36.03366,49.96,0866:26:37,1,02
16:33:50,0.07706,215.00,0.41887,6.95754,5.079,29.29135,36.03366,49.95,0866:26:38,1,02
16:33:51,0.07656,215.10,0.42084,6.94637,5.07085,29.29135,36.03366,49.95,0866:26:39,1,02
16:33:52,0.07642,215.30,0.4186,6.9017,5.03824,29.29135,36.03366,49.95,0866:26:40,1,02
16:33:53,0.0766,215.30,0.41834,6.91287,5.04639,29.29135,36.03366,49.95,0866:26:41,1,02
16:33:54,0.07678,215.10,0.41893,6.9352,5.0627,29.29136,36.03366,49.96,0866:26:42,1,02
16:33:55,0.07656,214.90,0.41985,6.92218,5.05319,29.29136,36.03368,49.96,0866:26:43,1,02
16:33:56,0.07692,214.80,0.42041,6.96126,5.08172,29.29136,36.03368,49.95,0866:26:44,1,02
16:33:57,0.07667,214.60,0.41953,6.91845,5.05047,29.29136,36.03368,49.95,0866:26:45,1,02
16:33:58,0.07674,214.60,0.41992,6.92962,5.05862,29.29136,36.03368,49.96,0866:26:46,1,02
16:33:59,0.07649,214.70,0.4171,6.86448,5.01107,29.29136,36.03369,49.96,0866:26:47,1,02
16:34:00,0.0766,214.90,0.41958,6.92404,5.05455,29.29136,36.03369,49.96,0866:26:48,1,02
16:34:01,0.07607,214.90,0.42151,6.90729,5.04232,29.29136,36.03369,49.96,0866:26:49,1,02
16:34:02,0.07702,214.80,0.4193,6.95382,5.07629,29.29136,36.0337,49.96,0866:26:50,1,02
16:34:03,0.07702,214.80,0.41749,6.92218,5.05319,29.29136,36.0337,49.96,0866:26:51,1,02
16:34:04,0.07653,214.70,0.41989,6.91659,5.04911,29.29137,36.0337,49.96,0866:26:52,1,02
16:34:05,0.07646,214.90,0.41906,6.89984,5.03688,29.29137,36.0337,49.96,0866:26:54,1,02
16:34:06,0.07667,214.90,0.41986,6.93334,5.06134,29.29137,36.03371,49.96,0866:26:55,1,02
16:34:07,0.07642,215.00,0.41951,6.90729,5.04232,29.29137,36.03371,49.98,0866:26:56,1,02
16:34:08,0.07656,215.00,0.41855,6.90542,5.04096,29.29137,36.03371,49.98,0866:26:57,1,02
16:34:09,0.07656,215.00,0.41855,6.90542,5.04096,29.29137,36.03371,49.98,0866:26:57,1,02
16:34:10,0.07671,215.10,0.42031,6.9501,5.07357,29.29139,36.03371,49.96,0866:26:58,1,02
16:34:11,0.07617,215.10,0.42065,6.90729,5.04232,29.29139,36.03371,49.96,0866:26:59,1,02
16:34:13,0.07674,215.00,0.41987,6.94451,5.06949,29.29139,36.03371,49.96,0866:27:00,1,02
16:34:14,0.07678,214.90,0.41794,6.91101,5.04504,29.29139,36.03371,49.96,0866:27:01,1,02
16:34:15,0.07706,214.80,0.41719,6.92031,5.05183,29.29139,36.03373,49.98,0866:27:02,1,02
16:34:16,0.07667,214.80,0.41881,6.91287,5.04639,29.2914,36.03373,49.98,0866:27:03,1,02
16:34:17,0.07664,214.80,0.41845,6.90542,5.04096,29.2914,36.03373,49.99,0866:27:04,1,02
16:34:18,0.07639,215.00,0.42051,6.92218,5.05319,29.2914,36.03373,49.99,0866:27:05,1,02
16:34:19,0.07678,215.20,0.41839,6.92776,5.05726,29.2914,36.03374,49.99,0866:27:06,1,02
16:34:20,0.07646,215.20,0.41853,6.90356,5.0396,29.2914,36.03374,49.99,0866:27:07,1,02
16:34:21,0.07621,215.20,0.42052,6.91287,5.04639,29.2914,36.03374,49.99,0866:27:08,1,02
16:34:22,0.07656,215.20,0.41885,6.91659,5.04911,29.2914,36.03374,49.99,0866:27:09,1,02
16:34:23,0.0766,215.00,0.4186,6.91101,5.04504,29.2914,36.03374,49.99,0866:27:10,1,02
16:34:24,0.0766,215.10,0.41826,6.90542,5.04096,29.2914,36.03374,49.99,0866:27:11,1,02
16:34:25,0.07685,215.10,0.42045,6.96499,5.08444,29.2914,36.03374,50.00,0866:27:12,1,02
16:34:26,0.07639,215.20,0.42056,6.92776,5.05726,29.29141,36.03376,49.99,0866:27:13,1,02
16:34:27,0.07639,215.20,0.41945,6.91101,5.04504,29.29141,36.03376,49.99,0866:27:15,1,02
16:34:28,0.07646,215.20,0.42098,6.94079,5.06678,29.29141,36.03376,50.00,0866:27:16,1,02
16:34:29,0.07664,215.20,0.42061,6.95196,5.07493,29.29141,36.03376,50.00,0866:27:17,1,02
16:34:30,0.07607,215.20,0.42183,6.92031,5.05183,29.29141,36.03377,50.00,0866:27:18,1,02
16:34:31,0.07664,215.10,0.42048,6.94823,5.07221,29.29143,36.03377,50.00,0866:27:19,1,02
16:34:32,0.07607,215.10,0.42102,6.90542,5.04096,29.29143,36.03377,50.01,0866:27:20,1,02
16:34:33,0.07646,215.00,0.42037,6.92776,5.05726,29.29143,36.03378,50.01,0866:27:21,1,02
16:34:34,0.07642,214.90,0.4187,6.8924,5.03145,29.29143,36.03378,50.03,0866:27:22,1,02
16:34:35,0.07649,214.90,0.41832,6.8924,5.03145,29.29143,36.03378,50.03,0866:27:23,1,02
16:34:36,0.07649,214.90,0.41832,6.8924,5.03145,29.29143,36.03378,50.03,0866:27:23,1,02
16:34:37,0.07639,215.10,0.41917,6.9017,5.03824,29.29144,36.03378,50.01,0866:27:24,1,02
16:34:38,0.07745,215.10,0.42086,7.02827,5.13064,29.29144,36.03379,50.01,0866:27:25,1,02
16:34:39,0.07642,215.00,0.41966,6.91287,5.04639,29.29144,36.03379,50.01,0866:27:26,1,02
16:34:40,0.0766,215.20,0.41956,6.93148,5.05998,29.29144,36.03379,50.01,0866:27:27,1,02
16:34:41,0.07621,215.20,0.4204,6.91101,5.04504,29.29144,36.03379,50.03,0866:27:28,1,02
16:34:42,0.07625,215.10,0.42018,6.90729,5.04232,29.29144,36.03379,50.03,0866:27:29,1,02
16:34:43,0.07717,215.10,0.42081,7.00221,5.11161,29.29144,36.03379,50.01,0866:27:30,1,02
16:34:44,0.07635,215.20,0.41977,6.91473,5.04775,29.29144,36.03379,50.01,0866:27:31,1,02
16:34:45,0.07607,215.40,0.41897,6.88123,5.0233,29.29144,36.03381,50.00,0866:27:32,1,02
16:34:46,0.07628,215.40,0.41838,6.88867,5.02873,29.29144,36.03381,50.01,0866:27:33,1,02
16:34:47,0.07642,215.30,0.41953,6.91845,5.05047,29.29145,36.03381,50.01,0866:27:34,1,02
16:34:48,0.07642,215.30,0.41907,6.91101,5.04504,29.29145,36.03382,50.01,0866:27:36,1,02
16:34:49,0.07649,215.30,0.41802,6.89984,5.03688,29.29145,36.03382,50.01,0866:27:37,1,02
16:34:50,0.07642,215.30,0.41872,6.90356,5.0396,29.29145,36.03382,49.99,0866:27:38,1,02
16:34:51,0.07653,215.30,0.4183,6.90915,5.04368,29.29145,36.03382,49.99,0866:27:39,1,02
16:34:52,0.07685,215.20,0.41925,6.94823,5.07221,29.29147,36.03382,50.00,0866:27:40,1,02
16:34:53,0.0766,215.10,0.41804,6.9017,5.03824,29.29147,36.03382,50.00,0866:27:41,1,02
16:34:54,0.0766,215.10,0.41796,6.90356,5.0396,29.29147,36.03382,49.99,0866:27:42,1,02
16:34:55,0.0766,215.20,0.41832,6.91101,5.04504,29.29147,36.03382,49.99,0866:27:43,1,02
16:34:56,0.07674,215.10,0.41787,6.91287,5.04639,29.29147,36.03384,49.98,0866:27:44,1,02
16:34:57,0.07664,215.10,0.41787,6.90356,5.0396,29.29148,36.03384,49.98,0866:27:45,1,02
16:34:58,0.07685,215.00,0.41762,6.91659,5.04911,29.29148,36.03384,49.98,0866:27:46,1,02
16:34:59,0.07685,215.00,0.41884,6.9352,5.0627,29.29148,36.03385,49.98,0866:27:47,1,02
16:35:00,0.07685,215.00,0.41884,6.9352,5.0627,29.29148,36.03385,49.98,0866:27:47,1,02
16:35:01,0.07653,215.00,0.41804,6.8924,5.03145,29.29148,36.03385,49.96,0866:27:48,1,02
16:35:02,0.07688,214.90,0.41794,6.92031,5.05183,29.29148,36.03385,49.96,0866:27:49,1,02
16:35:03,0.07649,214.90,0.41866,6.89798,5.03552,29.29148,36.03385,49.96,0866:27:50,1,02
16:35:04,0.07755,214.90,0.41797,6.97988,5.09531,29.29148,36.03386,49.96,0866:27:51,1,02
16:35:05,0.07706,215.00,0.41964,6.96871,5.08716,29.29148,36.03386,49.95,0866:27:52,1,02
16:35:06,0.07713,215.00,0.41848,6.95568,5.07765,29.29148,36.03386,49.95,0866:27:53,1,02
16:35:07,0.07667,215.10,0.41903,6.9259,5.05591,29.29148,36.03387,49.95,0866:27:54,1,02
16:35:08,0.07709,215.20,0.4156,6.91101,5.04504,29.29149,36.03387,49.94,0866:27:56,1,02
16:35:09,0.07646,215.40,0.41714,6.88681,5.02737,29.29149,36.03387,49.94,0866:27:57,1,02
16:35:10,0.07692,215.60,0.41758,6.94079,5.06678,29.29149,36.03387,49.95,0866:27:58,1,02
16:35:11,0.07678,216.20,0.41655,6.93148,5.05998,29.29149,36.03387,49.95,0866:27:59,1,02
16:35:12,0.07674,216.20,0.41762,6.94451,5.06949,29.29149,36.03387,49.96,0866:28:00,1,02
16:35:13,0.07681,215.90,0.41411,6.88309,5.02465,29.29151,36.03387,49.96,0866:28:01,1,02
16:35:14,0.07681,215.90,0.4159,6.91287,5.04639,29.29151,36.03389,49.96,0866:28:02,1,02
16:35:15,0.07667,215.90,0.41597,6.9017,5.03824,29.29151,36.03389,49.96,0866:28:03,1,02
16:35:16,0.07681,215.90,0.41725,6.9352,5.0627,29.29151,36.03389,49.96,0866:28:04,1,02
16:35:17,0.0766,215.80,0.41755,6.91845,5.05047,29.29151,36.03389,49.96,0866:28:05,1,02
16:35:18,0.07734,215.80,0.41665,6.96871,5.08716,29.29152,36.0339,49.95,0866:28:06,1,02
16:35:19,0.07699,215.70,0.4168,6.93707,5.06406,29.29152,36.0339,49.95,0866:28:07,1,02
16:35:20,0.07664,215.70,0.4153,6.88123,5.0233,29.29152,36.0339,49.96,0866:28:08,1,02
16:35:21,0.07646,215.80,0.41659,6.88867,5.02873,29.29152,36.0339,49.96,0866:28:09,1,02
16:35:22,0.07674,215.80,0.41747,6.92962,5.05862,29.29152,36.03391,49.95,0866:28:10,1,02
16:35:23,0.07656,215.90,0.41787,6.92218,5.05319,29.29152,36.03391,49.95,0866:28:11,1,02
16:35:24,0.07667,215.90,0.41741,6.92404,5.05455,29.29152,36.03391,49.96,0866:28:12,1,02
16:35:25,0.07667,215.90,0.41741,6.92404,5.05455,29.29152,36.03391,49.96,0866:28:12,1,02
16:35:26,0.07664,216.20,0.41749,6.93148,5.05998,29.29152,36.03392,49.96,0866:28:13,1,02
16:35:27,0.07625,216.20,0.41854,6.91473,5.04775,29.29152,36.03392,49.96,0866:28:14,1,02
16:35:28,0.07674,216.10,0.41749,6.94079,5.06678,29.29152,36.03392,49.96,0866:28:15,1,02
16:35:29,0.0766,216.10,0.41698,6.91845,5.05047,29.29153,36.03392,49.96,0866:28:17,1,02
16:35:30,0.07688,216.00,0.41592,6.92404,5.05455,29.29153,36.03392,49.96,0866:28:18,1,02
16:35:31,0.0761,215.80,0.41995,6.91287,5.04639,29.29153,36.03392,49.96,0866:28:19,1,02
16:35:32,0.07614,215.60,0.4217,6.93707,5.06406,29.29153,36.03392,49.96,0866:28:20,1,02
16:35:33,0.07484,215.40,0.42362,6.844,4.99612,29.29155,36.03394,49.96,0866:28:21,1,02
16:35:34,0.07531,215.30,0.42453,6.89984,5.03688,29.29155,36.03394,49.96,0866:28:22,1,02
16:35:35,0.07528,215.50,0.42489,6.90729,5.04232,29.29155,36.03394,49.96,0866:28:23,1,02
16:35:36,0.0756,215.50,0.42295,6.90729,5.04232,29.29155,36.03394,49.98,0866:28:24,1,02
16:35:37,0.09563,215.50,0.43675,9.02172,6.58586,29.29155,36.03395,49.98,0866:28:25,1,02
16:35:38,0.11288,215.30,0.45623,11.11569,8.11445,29.29156,36.03395,49.96,0866:28:26,1,02
16:35:39,0.12046,215.50,0.45457,11.8267,8.63349,29.29156,36.03395,49.96,0866:28:27,1,02
16:35:40,0.12619,215.60,0.45959,12.53213,9.14846,29.29156,36.03395,49.98,0866:28:28,1,02
16:35:41,0.12707,215.60,0.45811,12.58053,9.18379,29.29156,36.03395,49.98,0866:28:29,1,02
16:35:42,0.12703,215.60,0.45978,12.61775,9.21096,29.29156,36.03397,49.98,0866:28:30,1,02
16:35:43,0.12838,215.60,0.45861,12.72385,9.28841,29.29157,36.03397,49.98,0866:28:31,1,02
16:35:44,0.12664,215.50,0.45972,12.57681,9.18107,29.29157,36.03398,49.98,0866:28:32,1,02
16:35:45,0.12696,215.60,0.4597,12.61217,9.20689,29.29157,36.03398,49.98,0866:28:33,1,02
16:35:46,0.12749,215.50,0.45884,12.63637,9.22455,29.29159,36.03399,49.99,0866:28:34,1,02
16:35:47,0.1284,215.50,0.45805,12.70151,9.2721,29.29159,36.03399,49.98,0866:28:35,1,02
16:35:48,0.12723,215.50,0.46105,12.66987,9.24901,29.29159,36.03399,49.98,0866:28:36,1,02
16:35:49,0.12723,215.50,0.46105,12.66987,9.24901,29.29159,36.03399,49.98,0866:28:36,1,02
16:35:50,0.12794,215.50,0.45999,12.71082,9.2789,29.2916,36.034,49.98,0866:28:38,1,02
16:35:51,0.12728,215.60,0.46027,12.6587,9.24085,29.2916,36.034,49.98,0866:28:39,1,02
16:35:52,0.12668,215.80,0.45857,12.56564,9.17292,29.2916,36.034,49.98,0866:28:40,1,02
16:35:53,0.12679,215.80,0.45901,12.58797,9.18922,29.2916,36.034,49.98,0866:28:41,1,02
16:35:54,0.12658,215.80,0.46117,12.62334,9.21504,29.2916,36.03402,49.98,0866:28:42,1,02
16:35:55,0.12688,215.70,0.46139,12.65684,9.2395,29.29161,36.03402,49.98,0866:28:43,1,02
16:35:56,0.12596,215.60,0.4613,12.55819,9.16748,29.29161,36.03402,49.98,0866:28:44,1,02
16:35:57,0.127,215.60,0.46141,12.66429,9.24493,29.29161,36.03403,49.98,0866:28:45,1,02
16:35:58,0.12704,215.60,0.46014,12.63264,9.22183,29.29163,36.03403,49.99,0866:28:46,1,02
16:35:59,0.12771,215.70,0.46258,12.76852,9.32102,29.29163,36.03403,49.99,0866:28:47,1,02
16:36:00,0.12615,215.60,0.46204,12.59542,9.19466,29.29163,36.03403,49.98,0866:28:48,1,02
16:36:01,0.12747,215.70,0.46103,12.70523,9.27482,29.29164,36.03405,49.98,0866:28:49,1,02
16:36:02,0.12636,215.70,0.45851,12.52841,9.14574,29.29164,36.03405,49.98,0866:28:50,1,02
16:36:03,0.12743,215.70,0.46109,12.70523,9.27482,29.29165,36.03405,49.98,0866:28:51,1,02
16:36:04,0.12662,215.80,0.46154,12.64195,9.22863,29.29165,36.03406,49.98,0866:28:52,1,02
16:36:05,0.12987,216.00,0.46312,13.01793,9.50309,29.29165,36.03406,49.98,0866:28:53,1,02
16:36:06,0.1279,216.20,0.45816,12.69779,9.26939,29.29165,36.03407,49.98,0866:28:54,1,02
16:36:07,0.12628,216.10,0.46163,12.62892,9.21911,29.29165,36.03407,49.98,0866:28:55,1,02
16:36:08,0.12634,216.20,0.46281,12.66987,9.24901,29.29165,36.03408,49.99,0866:28:56,1,02
16:36:09,0.12647,216.20,0.46373,12.70896,9.27754,29.29167,36.03408,49.98,0866:28:58,1,02
16:36:10,0.126,216.20,0.464,12.66801,9.24765,29.29167,36.03408,49.98,0866:28:59,1,02
16:36:11,0.12772,216.10,0.4591,12.70337,9.27346,29.29167,36.03408,49.99,0866:29:00,1,02
16:36:12,0.12658,216.10,0.46117,12.64381,9.22998,29.29168,36.03408,49.99,0866:29:01,1,02
16:36:13,0.12658,216.10,0.46117,12.64381,9.22998,29.29168,36.03408,49.99,0866:29:01,1,02
16:36:14,0.12608,216.10,0.4621,12.61775,9.21096,29.29168,36.0341,49.98,0866:29:02,1,02
16:36:15,0.12694,216.10,0.46189,12.69965,9.27075,29.29169,36.0341,49.98,0866:29:03,1,02
16:36:17,0.12554,216.20,0.46319,12.601,9.19873,29.29169,36.03411,49.98,0866:29:04,1,02
16:36:18,0.12703,216.30,0.45917,12.64381,9.22998,29.29169,36.03411,49.98,0866:29:05,1,02
16:36:19,0.1266,216.10,0.4622,12.67546,9.25308,29.29169,36.03411,49.99,0866:29:06,1,02
16:36:20,0.12589,216.20,0.46322,12.63451,9.22319,29.29169,36.03411,49.99,0866:29:07,1,02
16:36:21,0.12611,216.10,0.46321,12.65312,9.23678,29.29169,36.03411,49.99,0866:29:08,1,02
16:36:22,0.12636,216.00,0.46367,12.68662,9.26124,29.29171,36.03413,49.99,0866:29:09,1,02
16:36:23,0.12751,215.90,0.45906,12.66801,9.24765,29.29171,36.03413,50.00,0866:29:10,1,02
16:36:24,0.12608,215.90,0.46431,12.66615,9.24629,29.29172,36.03414,50.00,0866:29:11,1,02
16:36:25,0.12617,215.90,0.46442,12.6829,9.25852,29.29172,36.03414,50.01,0866:29:12,1,02
16:36:26,0.12623,216.00,0.46356,12.66615,9.24629,29.29172,36.03414,50.01,0866:29:13,1,02
16:36:27,0.12815,216.00,0.45881,12.72943,9.29249,29.29173,36.03415,49.99,0866:29:14,1,02
16:36:28,0.12557,215.90,0.46479,12.63078,9.22047,29.29173,36.03415,49.99,0866:29:15,1,02
16:36:29,0.12636,215.80,0.46316,12.6587,9.24085,29.29173,36.03416,50.01,0866:29:16,1,02
16:36:30,0.12677,215.90,0.46369,12.71827,9.28433,29.29173,36.03416,50.00,0866:29:18,1,02
16:36:31,0.1267,215.90,0.46069,12.62892,9.21911,29.29173,36.03416,50.00,0866:29:19,1,02
16:36:32,0.12791,215.80,0.45856,12.68662,9.26124,29.29173,36.03416,50.00,0866:29:20,1,02
16:36:33,0.12583,215.90,0.46151,12.56378,9.17156,29.29175,36.03416,50.00,0866:29:21,1,02
16:36:34,0.12641,215.90,0.46305,12.66615,9.24629,29.29175,36.03418,50.01,0866:29:22,1,02
16:36:35,0.12612,216.10,0.46239,12.63078,9.22047,29.29176,36.03418,50.01,0866:29:23,1,02
16:36:36,0.12634,216.00,0.46264,12.65498,9.23814,29.29176,36.03419,50.01,0866:29:24,1,02
16:36:37,0.12717,216.00,0.46011,12.66801,9.24765,29.29176,36.03419,50.01,0866:29:25,1,02
16:36:38,0.12561,216.00,0.46468,12.63637,9.22455,29.29177,36.03419,50.00,0866:29:26,1,02
16:36:39,0.126,216.10,0.46379,12.66057,9.24221,29.29177,36.03419,50.00,0866:29:27,1,02
16:36:40,0.126,216.10,0.46379,12.66057,9.24221,29.29177,36.03419,50.00,0866:29:27,1,02
16:36:41,0.12548,216.10,0.46425,12.61775,9.21096,29.29177,36.03419,50.00,0866:29:28,1,02
16:36:42,0.12653,216.10,0.46332,12.69593,9.26803,29.29177,36.03421,50.00,0866:29:29,1,02
16:36:43,0.12643,215.90,0.46265,12.65684,9.2395,29.29177,36.03421,49.99,0866:29:30,1,02
16:36:44,0.12703,215.90,0.46343,12.73874,9.29928,29.29179,36.03421,49.99,0866:29:31,1,02
16:36:45,0.12596,215.90,0.46373,12.63637,9.22455,29.29179,36.03421,50.00,0866:29:32,1,02
16:36:46,0.12634,215.80,0.46371,12.67546,9.25308,29.29179,36.03423,50.00,0866:29:33,1,02
16:36:47,0.127,215.80,0.46171,12.68104,9.25716,29.2918,36.03423,50.00,0866:29:34,1,02
16:36:48,0.12585,216.00,0.46365,12.63078,9.22047,29.2918,36.03423,50.00,0866:29:35,1,02
16:36:49,0.12591,216.00,0.4636,12.63637,9.22455,29.2918,36.03424,49.98,0866:29:36,1,02
16:36:50,0.12634,215.90,0.46583,12.73688,9.29792,29.29181,36.03424,49.98,0866:29:37,1,02
16:36:51,0.12834,215.80,0.45984,12.76666,9.31966,29.29181,36.03424,49.98,0866:29:39,1,02
16:36:52,0.12632,215.90,0.46098,12.59914,9.19737,29.29181,36.03424,49.98,0866:29:40,1,02
16:36:53,0.12641,215.80,0.46331,12.66801,9.24765,29.29181,36.03426,49.98,0866:29:41,1,02
16:36:54,0.12578,215.90,0.46389,12.6252,9.2164,29.29181,36.03426,49.96,0866:29:42,1,02
16:36:55,0.12666,215.90,0.46313,12.69407,9.26667,29.29183,36.03426,49.96,0866:29:43,1,02
16:36:56,0.12651,216.00,0.45964,12.58983,9.19058,29.29183,36.03427,49.96,0866:29:44,1,02
16:36:57,0.12719,216.10,0.46176,12.72013,9.28569,29.29183,36.03427,49.96,0866:29:45,1,02
16:36:58,0.12791,216.00,0.46216,12.80016,9.34412,29.29184,36.03428,49.96,0866:29:46,1,02
16:36:59,0.12713,216.10,0.46005,12.66801,9.24765,29.29184,36.03428,49.96,0866:29:47,1,02
16:37:00,0.12779,216.10,0.46161,12.77783,9.32781,29.29184,36.03429,49.96,0866:29:48,1,02
16:37:01,0.12698,215.90,0.45727,12.5675,9.17427,29.29185,36.03429,49.96,0866:29:49,1,02
16:37:02,0.12766,215.80,0.46306,12.78713,9.33461,29.29185,36.03429,49.96,0866:29:50,1,02
16:37:03,0.12608,215.80,0.46368,12.64195,9.22863,29.29185,36.03429,49.96,0866:29:51,1,02
16:37:04,0.12711,215.70,0.46403,12.75177,9.30879,29.29185,36.03429,49.96,0866:29:52,1,02
16:37:05,0.12711,215.70,0.46403,12.75177,9.30879,29.29185,36.03429,49.96,0866:29:52,1,02
16:37:06,0.1281,215.80,0.46399,12.856,9.38488,29.29185,36.03431,49.96,0866:29:53,1,02
16:37:07,0.12842,215.90,0.45895,12.75549,9.31151,29.29187,36.03431,49.95,0866:29:54,1,02
16:37:08,0.12619,216.10,0.46261,12.64381,9.22998,29.29187,36.03432,49.95,0866:29:55,1,02
16:37:09,0.12612,216.00,0.46306,12.64754,9.2327,29.29187,36.03432,49.96,0866:29:56,1,02
16:37:10,0.12737,216.00,0.46119,12.71827,9.28433,29.29188,36.03432,49.96,0866:29:57,1,02
16:37:11,0.12756,216.00,0.45539,12.57867,9.18243,29.29188,36.03432,49.95,0866:29:59,1,02
16:37:12,0.12679,216.10,0.46225,12.69593,9.26803,29.29189,36.03432,49.96,0866:30:00,1,02
16:37:13,0.12664,216.20,0.46059,12.64009,9.22726,29.29189,36.03434,49.96,0866:30:01,1,02
16:37:14,0.12641,216.20,0.46276,12.67359,9.25172,29.29189,36.03434,49.96,0866:30:02,1,02
16:37:15,0.12745,216.00,0.46035,12.70523,9.27482,29.29189,36.03435,49.96,0866:30:03,1,02
16:37:16,0.12783,216.00,0.45668,12.63637,9.22455,29.29189,36.03435,49.96,0866:30:04,1,02
16:37:17,0.12832,216.10,0.45807,12.72943,9.29249,29.29189,36.03436,49.96,0866:30:05,1,02
16:37:18,0.12932,216.00,0.45633,12.77783,9.32781,29.29191,36.03436,49.96,0866:30:06,1,02
16:37:19,0.12794,215.90,0.45401,12.56936,9.17563,29.29191,36.03436,49.96,0866:30:07,1,02
16:37:20,0.12715,215.80,0.4579,12.59356,9.1933,29.29191,36.03437,49.95,0866:30:08,1,02
16:37:21,0.12794,215.80,0.45951,12.7164,9.28297,29.29192,36.03437,49.95,0866:30:09,1,02
16:37:22,0.1273,215.90,0.46013,12.67359,9.25172,29.29192,36.03437,49.96,0866:30:10,1,02
16:37:23,0.12737,216.00,0.45998,12.68476,9.25988,29.29193,36.03437,49.96,0866:30:11,1,02
16:37:24,0.12806,216.00,0.45865,12.7164,9.28297,29.29193,36.03439,49.95,0866:30:12,1,02
16:37:25,0.12677,216.10,0.46027,12.63451,9.22319,29.29193,36.03439,49.95,0866:30:13,1,02
16:37:26,0.12842,216.20,0.45906,12.77224,9.32374,29.29193,36.03439,49.96,0866:30:14,1,02
16:37:27,0.12628,216.20,0.46286,12.66429,9.24493,29.29193,36.0344,49.96,0866:30:15,1,02
16:37:28,0.12608,216.20,0.46342,12.66243,9.24357,29.29193,36.0344,49.95,0866:30:16,1,02
16:37:29,0.12711,216.30,0.46298,12.75549,9.31151,29.29195,36.0344,49.95,0866:30:17,1,02
16:37:30,0.12711,216.30,0.46298,12.75549,9.31151,29.29195,36.0344,49.95,0866:30:17,1,02
16:37:31,0.12781,216.20,0.46034,12.74805,9.30607,29.29195,36.0344,49.95,0866:30:18,1,02
16:37:32,0.12522,216.30,0.46167,12.53213,9.14846,29.29196,36.03442,49.96,0866:30:20,1,02
16:37:33,0.12548,216.20,0.46365,12.60659,9.20281,29.29196,36.03442,49.96,0866:30:21,1,02
16:37:34,0.12741,216.20,0.46374,12.80575,9.3482,29.29196,36.03442,49.96,0866:30:22,1,02
16:37:35,0.08881,216.00,0.4395,8.4503,6.16872,29.29197,36.03443,49.96,0866:30:23,1,02
16:37:36,0.08309,215.90,0.43542,7.83049,5.71626,29.29197,36.03443,49.96,0866:30:24,1,02
16:37:37,0.07557,215.80,0.42551,6.95382,5.07629,29.29197,36.03443,49.96,0866:30:25,1,02
16:37:38,0.07571,215.70,0.42574,6.96871,5.08716,29.29197,36.03444,49.98,0866:30:26,1,02
16:37:39,0.08191,215.70,0.42811,7.58108,5.53419,29.29197,36.03444,49.98,0866:30:27,1,02
16:37:40,0.10464,215.80,0.44359,10.03986,7.32909,29.29198,36.03444,49.98,0866:30:28,1,02
16:37:41,0.08477,216.00,0.42902,7.87516,5.74887,29.29198,36.03445,49.98,0866:30:29,1,02
16:37:42,0.07574,216.10,0.42525,6.97801,5.09395,29.29198,36.03445,49.96,0866:30:30,1,02
16:37:43,0.07549,216.20,0.4267,6.97801,5.09395,29.29198,36.03445,49.96,0866:30:31,1,02
16:37:44,0.07524,216.20,0.42761,6.97057,5.08852,29.29199,36.03445,49.98,0866:30:32,1,02
16:37:45,0.07517,216.20,0.42606,6.93893,5.06542,29.29199,36.03445,49.98,0866:30:33,1,02
16:37:46,0.07564,216.30,0.42645,6.99291,5.10482,29.29199,36.03445,49.98,0866:30:34,1,02
16:37:47,0.07517,216.60,0.42768,6.97801,5.09395,29.29199,36.03445,49.98,0866:30:35,1,02
16:37:48,0.07538,216.60,0.42743,6.99477,5.10618,29.29199,36.03445,49.99,0866:30:36,1,02
16:37:49,0.07502,216.40,0.42485,6.91287,5.04639,29.292,36.03447,49.99,0866:30:37,1,02
16:37:50,0.07549,216.40,0.42396,6.94265,5.06813,29.292,36.03447,49.99,0866:30:38,1,02
16:37:51,0.07509,216.50,0.42462,6.92031,5.05183,29.292,36.03447,49.99,0866:30:39,1,02
16:37:52,0.0752,216.60,0.42828,6.99104,5.10346,29.292,36.03448,49.98,0866:30:41,1,02
16:37:53,0.07477,216.70,0.42733,6.93893,5.06542,29.292,36.03448,49.98,0866:30:42,1,02
16:37:54,0.0748,216.70,0.42667,6.93148,5.05998,29.29201,36.03448,49.98,0866:30:43,1,02
16:37:55,0.0748,216.70,0.42667,6.93148,5.05998,29.29201,36.03448,49.98,0866:30:43,1,02
16:37:56,0.07492,216.60,0.42494,6.91287,5.04639,29.29201,36.03448,49.99,0866:30:44,1,02
16:37:57,0.07462,216.60,0.42798,6.9352,5.0627,29.29201,36.03448,49.99,0866:30:45,1,02
16:37:58,0.0747,216.60,0.4277,6.93707,5.06406,29.29201,36.03448,49.98,0866:30:46,1,02
16:37:59,0.07506,216.70,0.42772,6.97243,5.08987,29.29201,36.03448,49.98,0866:30:47,1,02
16:38:00,0.07502,216.50,0.42465,6.91287,5.04639,29.29202,36.03448,50.00,0866:30:48,1,02
16:38:01,0.0752,216.80,0.42458,6.93707,5.06406,29.29202,36.0345,50.00,0866:30:49,1,02
16:38:02,0.07509,216.70,0.42559,6.94079,5.06678,29.29202,36.0345,49.99,0866:30:50,1,02
16:38:03,0.07499,216.70,0.42593,6.9352,5.0627,29.29202,36.0345,49.99,0866:30:51,1,02
16:38:04,0.07499,216.70,0.42527,6.92776,5.05726,29.29202,36.03451,49.99,0866:30:52,1,02
16:38:05,0.07499,216.80,0.42562,6.93334,5.06134,29.29203,36.03451,49.99,0866:30:53,1,02
16:38:06,0.07546,216.70,0.42526,6.96871,5.08716,29.29203,36.03451,49.99,0866:30:54,1,02
16:38:07,0.07506,216.60,0.42472,6.92031,5.05183,29.29203,36.03451,49.99,0866:30:55,1,02
16:38:08,0.07495,216.70,0.42579,6.93148,5.05998,29.29203,36.03452,49.99,0866:30:56,1,02
16:38:09,0.07466,216.70,0.4269,6.92404,5.05455,29.29203,36.03452,49.99,0866:30:57,1,02
16:38:10,0.07502,216.60,0.42653,6.94823,5.07221,29.29204,36.03452,49.99,0866:30:58,1,02
16:38:11,0.07509,216.70,0.42764,6.97429,5.09123,29.29204,36.03452,49.99,0866:30:59,1,02
16:38:12,0.07513,216.60,0.42719,6.96685,5.0858,29.29204,36.03453,49.98,0866:31:00,1,02
16:38:13,0.0748,216.50,0.42651,6.92404,5.05455,29.29204,36.03453,49.98,0866:31:02,1,02
16:38:15,0.07502,216.40,0.42645,6.93893,5.06542,29.29204,36.03453,49.98,0866:31:03,1,02
16:38:16,0.0752,216.40,0.42616,6.9501,5.07357,29.29205,36.03453,49.98,0866:31:04,1,02
16:38:17,0.07528,216.30,0.42564,6.94637,5.07085,29.29205,36.03453,49.98,0866:31:05,1,02
16:38:18,0.0748,216.20,0.42503,6.89053,5.03009,29.29205,36.03453,49.96,0866:31:06,1,02
16:38:19,0.07509,216.30,0.42578,6.92962,5.05862,29.29205,36.03453,49.96,0866:31:07,1,02
16:38:20,0.07513,216.40,0.42642,6.94637,5.07085,29.29205,36.03455,49.96,0866:31:08,1,02
16:38:21,0.07513,216.40,0.42642,6.94637,5.07085,29.29205,36.03455,49.96,0866:31:08,1,02
16:38:22,0.07466,216.40,0.42931,6.95196,5.07493,29.29206,36.03455,49.96,0866:31:09,1,02
16:38:23,0.0747,216.50,0.42752,6.92776,5.05726,29.29206,36.03455,49.96,0866:31:10,1,02
16:38:24,0.0747,216.50,0.42752,6.92776,5.05726,29.29206,36.03455,49.96,0866:31:11,1,02
16:38:25,0.07484,216.40,0.42628,6.92031,5.05183,29.29206,36.03456,49.98,0866:31:12,1,02
16:38:26,0.07477,216.30,0.42675,6.91845,5.05047,29.29206,36.03456,49.98,0866:31:13,1,02
16:38:27,0.0747,216.30,0.42806,6.93334,5.06134,29.29207,36.03456,49.96,0866:31:14,1,02
16:38:28,0.07444,216.30,0.43127,6.96126,5.08172,29.29207,36.03456,49.96,0866:31:15,1,02
16:38:29,0.0748,216.30,0.42757,6.93334,5.06134,29.29207,36.03456,49.98,0866:31:16,1,02
16:38:30,0.07466,216.40,0.42791,6.92776,5.05726,29.29207,36.03456,49.98,0866:31:17,1,02
16:38:31,0.0748,216.40,0.42749,6.9352,5.0627,29.29207,36.03456,49.96,0866:31:18,1,02
16:38:32,0.07441,216.60,0.42935,6.93334,5.06134,29.29208,36.03458,49.96,0866:31:19,1,02
16:38:33,0.07426,216.60,0.42945,6.92218,5.05319,29.29208,36.03458,49.96,0866:31:20,1,02
16:38:34,0.07488,216.60,0.42934,6.97801,5.09395,29.29208,36.03458,49.96,0866:31:21,1,02
16:38:35,0.07455,216.70,0.42883,6.94265,5.06813,29.29208,36.03458,49.95,0866:31:23,1,02
16:38:36,0.07433,216.70,0.43048,6.9501,5.07357,29.29208,36.03458,49.96,0866:31:24,1,02
16:38:37,0.07419,216.70,0.43034,6.93334,5.06134,29.29209,36.03458,49.96,0866:31:25,1,02
16:38:38,0.0743,216.60,0.43144,6.95754,5.079,29.29209,36.03458,49.96,0866:31:26,1,02
16:38:39,0.074,216.50,0.43034,6.91101,5.04504,29.29209,36.03458,49.96,0866:31:27,1,02
16:38:40,0.0743,216.50,0.42854,6.90915,5.04368,29.29209,36.0346,49.96,0866:31:28,1,02
16:38:41,0.07444,216.50,0.42948,6.93707,5.06406,29.29209,36.0346,49.96,0866:31:29,1,02
16:38:42,0.0743,216.50,0.43096,6.94823,5.07221,29.2921,36.0346,49.98,0866:31:30,1,02
16:38:43,0.07397,216.60,0.43079,6.91659,5.04911,29.2921,36.03461,49.98,0866:31:31,1,02
16:38:44,0.07451,216.50,0.42921,6.94079,5.06678,29.2921,36.03461,49.98,0866:31:32,1,02
16:38:45,0.07451,216.50,0.42921,6.94079,5.06678,29.2921,36.03461,49.98,0866:31:32,1,02
16:38:46,0.07441,216.50,0.42935,6.93334,5.06134,29.2921,36.03461,49.98,0866:31:33,1,02
16:38:47,0.07444,216.50,0.42972,6.94265,5.06813,29.2921,36.03461,49.99,0866:31:34,1,02
16:38:48,0.07484,216.50,0.43009,6.98546,5.09939,29.29211,36.03461,49.99,0866:31:35,1,02
16:38:49,0.07422,216.60,0.42999,6.92776,5.05726,29.29211,36.03461,49.98,0866:31:36,1,02
16:38:50,0.0743,216.50,0.42821,6.90542,5.04096,29.29211,36.03461,49.98,0866:31:37,1,02
16:38:51,0.07451,216.60,0.429,6.93893,5.06542,29.29211,36.03461,49.99,0866:31:38,1,02
16:38:52,0.07441,216.30,0.4288,6.91659,5.04911,29.29211,36.03463,49.99,0866:31:39,1,02
16:38:53,0.07451,216.30,0.42994,6.94451,5.06949,29.29212,36.03463,50.00,0866:31:40,1,02
16:38:54,0.07473,216.30,0.42842,6.94079,5.06678,29.29212,36.03463,50.00,0866:31:41,1,02
16:38:55,0.07455,216.30,0.42836,6.92218,5.05319,29.29212,36.03463,49.99,0866:31:43,1,02
16:38:56,0.07451,216.20,0.42842,6.91845,5.05047,29.29212,36.03464,49.99,0866:31:44,1,02
16:38:57,0.07455,216.10,0.42864,6.92031,5.05183,29.29213,36.03464,49.99,0866:31:45,1,02
16:38:58,0.07459,216.00,0.4291,6.92776,5.05726,29.29213,36.03464,49.99,0866:31:46,1,02
16:38:59,0.07484,216.00,0.42787,6.93334,5.06134,29.29213,36.03465,49.99,0866:31:47,1,02
16:39:00,0.07499,216.10,0.42893,6.96499,5.08444,29.29213,36.03465,49.98,0866:31:48,1,02
16:39:01,0.07451,216.30,0.42949,6.93893,5.06542,29.29213,36.03465,49.98,0866:31:49,1,02
16:39:02,0.07448,216.40,0.42865,6.92218,5.05319,29.29214,36.03465,49.98,0866:31:50,1,02
16:39:03,0.0743,216.40,0.42989,6.92776,5.05726,29.29214,36.03466,49.98,0866:31:51,1,02
16:39:04,0.07448,216.40,0.42819,6.91473,5.04775,29.29214,36.03466,49.96,0866:31:52,1,02
16:39:05,0.0743,216.40,0.4307,6.94079,5.06678,29.29214,36.03466,49.96,0866:31:53,1,02
16:39:06,0.07422,216.40,0.42983,6.92031,5.05183,29.29214,36.03466,49.96,0866:31:54,1,02
16:39:07,0.0743,216.40,0.43047,6.93707,5.06406,29.29215,36.03466,49.96,0866:31:55,1,02
16:39:08,0.07448,216.50,0.43078,6.96126,5.08172,29.29215,36.03466,49.95,0866:31:56,1,02
16:39:09,0.07419,216.30,0.42824,6.88681,5.02737,29.29215,36.03466,49.95,0866:31:57,1,02
16:39:10,0.07419,216.30,0.42824,6.88681,5.02737,29.29215,36.03466,49.95,0866:31:57,1,02
16:39:11,0.07415,216.30,0.42857,6.89053,5.03009,29.29215,36.03468,49.95,0866:31:58,1,02
16:39:12,0.0747,216.50,0.43051,6.97615,5.09259,29.29215,36.03468,49.95,0866:31:59,1,02
16:39:13,0.07408,216.50,0.43041,6.91845,5.05047,29.29216,36.03468,49.95,0866:32:00,1,02
16:39:14,0.07492,216.60,0.42937,6.98174,5.09667,29.29216,36.03468,49.95,0866:32:01,1,02
16:39:15,0.07433,216.60,0.4293,6.92776,5.05726,29.29216,36.03469,49.95,0866:32:02,1,02
16:39:16,0.07451,216.60,0.42877,6.9352,5.0627,29.29216,36.03469,49.95,0866:32:04,1,02
16:39:17,0.07437,216.50,0.42966,6.9352,5.0627,29.29216,36.03469,49.95,0866:32:05,1,02
16:39:18,0.07419,216.40,0.43084,6.93334,5.06134,29.29217,36.03469,49.95,0866:32:06,1,02
16:39:19,0.07459,216.40,0.429,6.93893,5.06542,29.29217,36.03469,49.95,0866:32:07,1,02
16:39:20,0.07451,216.40,0.43045,6.95754,5.079,29.29217,36.03469,49.95,0866:32:08,1,02
16:39:21,0.07437,216.30,0.429,6.91659,5.04911,29.29217,36.03469,49.95,0866:32:09,1,02
16:39:22,0.07422,216.30,0.4291,6.90542,5.04096,29.29217,36.03469,49.95,0866:32:10,1,02
16:39:23,0.0743,216.40,0.42884,6.90915,5.04368,29.29218,36.03471,49.95,0866:32:11,1,02
16:39:24,0.07451,216.30,0.42753,6.90729,5.04232,29.29218,36.03471,49.95,0866:32:12,1,02
16:39:25,0.07433,216.40,0.43015,6.9352,5.0627,29.29218,36.03471,49.95,0866:32:13,1,02
16:39:26,0.07466,216.50,0.42898,6.94823,5.07221,29.29218,36.03472,49.96,0866:32:14,1,02
16:39:27,0.07444,216.60,0.42916,6.9352,5.0627,29.29218,36.03472,49.96,0866:32:15,1,02
16:39:28,0.07415,216.60,0.43029,6.92776,5.05726,29.29219,36.03472,49.96,0866:32:16,1,02
16:39:29,0.07462,216.60,0.42737,6.92218,5.05319,29.29219,36.03472,49.96,0866:32:17,1,02
16:39:30,0.07441,216.60,0.42902,6.92962,5.05862,29.29219,36.03473,49.96,0866:32:18,1,02
16:39:31,0.07441,216.60,0.42865,6.92218,5.05319,29.29219,36.03473,49.96,0866:32:19,1,02
16:39:32,0.07492,216.50,0.42821,6.96126,5.08172,29.29219,36.03473,49.95,0866:32:20,1,02
16:39:33,0.07441,216.30,0.42593,6.87192,5.0165,29.2922,36.03473,49.95,0866:32:21,1,02
16:39:34,0.07448,216.20,0.42758,6.9017,5.03824,29.2922,36.03474,49.95,0866:32:22,1,02
16:39:35,0.07451,216.30,0.42753,6.90729,5.04232,29.2922,36.03474,49.95,0866:32:23,1,02
16:39:36,0.07451,216.30,0.42753,6.90729,5.04232,29.2922,36.03474,49.95,0866:32:23,1,02
16:39:37,0.07506,216.40,0.42808,6.96871,5.08716,29.2922,36.03474,49.96,0866:32:25,1,02
16:39:38,0.07477,216.50,0.42655,6.91845,5.05047,29.2922,36.03474,49.95,0866:32:26,1,02
16:39:39,0.0748,216.50,0.42764,6.94079,5.06678,29.29221,36.03474,49.95,0866:32:27,1,02
16:39:40,0.07444,216.50,0.42786,6.91101,5.04504,29.29221,36.03474,49.98,0866:32:28,1,02
16:39:41,0.07459,216.50,0.42731,6.91473,5.04775,29.29221,36.03474,49.98,0866:32:29,1,02
16:39:42,0.07455,216.40,0.42839,6.9259,5.05591,29.29221,36.03476,49.96,0866:32:30,1,02
16:39:43,0.07459,216.40,0.42854,6.93148,5.05998,29.29221,36.03476,49.96,0866:32:31,1,02
16:39:44,0.07528,216.40,0.42714,6.97243,5.08987,29.29222,36.03476,49.99,0866:32:32,1,02
16:39:45,0.07448,216.40,0.42811,6.91659,5.04911,29.29222,36.03476,49.99,0866:32:33,1,02
16:39:46,0.07466,216.40,0.4278,6.9259,5.05591,29.29222,36.03477,49.98,0866:32:34,1,02
16:39:47,0.07462,216.30,0.42604,6.89426,5.03281,29.29222,36.03477,49.98,0866:32:35,1,02
16:39:48,0.07506,216.30,0.4253,6.92031,5.05183,29.29222,36.03477,49.98,0866:32:36,1,02
16:39:49,0.07546,216.20,0.42462,6.94079,5.06678,29.29223,36.03477,49.98,0866:32:37,1,02
16:39:50,0.07509,216.10,0.42733,6.9501,5.07357,29.29223,36.03477,49.99,0866:32:38,1,02
16:39:51,0.07509,216.10,0.4255,6.92031,5.05183,29.29223,36.03477,49.99,0866:32:39,1,02
16:39:52,0.07495,216.20,0.42654,6.92776,5.05726,29.29223,36.03477,49.96,0866:32:40,1,02
16:39:53,0.07502,216.30,0.4256,6.92031,5.05183,29.29223,36.03479,49.96,0866:32:41,1,02
16:39:54,0.07488,216.40,0.42608,6.92031,5.05183,29.29224,36.03479,49.98,0866:32:42,1,02
16:39:55,0.07473,216.50,0.42688,6.92218,5.05319,29.29224,36.03479,49.98,0866:32:43,1,02
16:39:56,0.07451,216.50,0.42781,6.91659,5.04911,29.29224,36.03479,49.98,0866:32:45,1,02
16:39:57,0.07455,216.30,0.42722,6.90542,5.04096,29.29224,36.0348,49.98,0866:32:46,1,02
16:39:58,0.07455,216.10,0.42737,6.89984,5.03688,29.29224,36.0348,49.96,0866:32:47,1,02
16:39:59,0.07462,216.00,0.42855,6.92218,5.05319,29.29225,36.0348,49.96,0866:32:48,1,02
16:40:00,0.0747,216.00,0.42739,6.91287,5.04639,29.29225,36.0348,49.96,0866:32:49,1,02
16:40:01,0.0747,216.00,0.42739,6.91287,5.04639,29.29225,36.0348,49.96,0866:32:49,1,02
16:40:02,0.07466,216.10,0.42793,6.91845,5.05047,29.29225,36.03481,49.96,0866:32:50,1,02
16:40:03,0.07531,216.20,0.42733,6.97243,5.08987,29.29225,36.03481,49.96,0866:32:51,1,02
16:40:04,0.07462,216.30,0.42888,6.93707,5.06406,29.29225,36.03481,49.98,0866:32:52,1,02
16:40:05,0.07437,216.30,0.42935,6.92218,5.05319,29.29226,36.03482,49.98,0866:32:53,1,02
16:40:06,0.07433,216.30,0.42875,6.91101,5.04504,29.29226,36.03482,49.96,0866:32:54,1,02
16:40:07,0.0748,216.30,0.42792,6.93893,5.06542,29.29226,36.03482,49.96,0866:32:55,1,02
16:40:08,0.07495,216.40,0.42671,6.9352,5.0627,29.29226,36.03482,49.96,0866:32:56,1,02
16:40:09,0.07506,216.30,0.42782,6.96126,5.08172,29.29226,36.03482,49.96,0866:32:57,1,02
16:40:11,0.07462,216.30,0.42796,6.92218,5.05319,29.29227,36.03482,49.98,0866:32:58,1,02
16:40:12,0.07459,216.30,0.42864,6.93148,5.05998,29.29227,36.03482,49.98,0866:32:59,1,02
16:40:13,0.07492,216.30,0.42874,6.96499,5.08444,29.29227,36.03482,49.98,0866:33:00,1,02
16:40:14,0.07495,216.30,0.42657,6.93148,5.05998,29.29227,36.03484,49.98,0866:33:01,1,02
16:40:15,0.07455,216.50,0.42762,6.91659,5.04911,29.29227,36.03484,49.98,0866:33:02,1,02
16:40:16,0.07451,216.50,0.42816,6.92218,5.05319,29.29228,36.03484,49.98,0866:33:03,1,02
16:40:17,0.07441,216.50,0.42887,6.92404,5.05455,29.29228,36.03484,49.98,0866:33:04,1,02
16:40:18,0.07473,216.40,0.42641,6.91287,5.04639,29.29228,36.03485,49.98,0866:33:06,1,02
16:40:19,0.07448,216.60,0.42793,6.91845,5.05047,29.29228,36.03485,49.98,0866:33:07,1,02
16:40:20,0.07459,216.50,0.42788,6.92404,5.05455,29.29228,36.03485,49.99,0866:33:08,1,02
16:40:21,0.0748,216.40,0.42852,6.95196,5.07493,29.29229,36.03485,49.99,0866:33:09,1,02
16:40:22,0.07444,216.40,0.42831,6.91659,5.04911,29.29229,36.03485,49.99,0866:33:10,1,02
16:40:23,0.07433,216.30,0.42908,6.91473,5.04775,29.29229,36.03485,49.99,0866:33:11,1,02
16:40:24,0.07441,216.40,0.42804,6.90915,5.04368,29.29229,36.03485,49.99,0866:33:12,1,02
16:40:25,0.07433,216.40,0.42982,6.93148,5.05998,29.29229,36.03487,49.99,0866:33:13,1,02
16:40:26,0.07462,216.40,0.42872,6.94079,5.06678,29.2923,36.03487,49.99,0866:33:14,1,02
16:40:27,0.07462,216.40,0.42872,6.94079,5.06678,29.2923,36.03487,49.99,0866:33:14,1,02
16:40:28,0.07441,216.40,0.42897,6.92404,5.05455,29.2923,36.03487,49.99,0866:33:15,1,02
16:40:29,0.07459,216.50,0.42859,6.93707,5.06406,29.2923,36.03487,49.99,0866:33:16,1,02
16:40:30,0.07408,216.60,0.43044,6.92218,5.05319,29.2923,36.03487,49.99,0866:33:17,1,02
16:40:31,0.07437,216.60,0.42875,6.92218,5.05319,29.2923,36.03487,49.99,0866:33:18,1,02
16:40:32,0.07415,216.50,0.42874,6.89798,5.03552,29.29231,36.03487,49.99,0866:33:19,1,02
16:40:33,0.07455,216.30,0.42976,6.94637,5.07085,29.29231,36.03489,50.00,0866:33:20,1,02
16:40:34,0.07437,216.30,0.42785,6.89798,5.03552,29.29231,36.03489,50.00,0866:33:21,1,02
16:40:35,0.07448,216.30,0.42874,6.92031,5.05183,29.29231,36.03489,50.00,0866:33:22,1,02
16:40:36,0.07448,216.30,0.42887,6.92404,5.05455,29.29231,36.03489,50.00,0866:33:23,1,02
16:40:37,0.07484,216.30,0.42888,6.9594,5.08036,29.29232,36.0349,50.00,0866:33:24,1,02
16:40:38,0.07495,216.30,0.42612,6.92404,5.05455,29.29232,36.0349,50.00,0866:33:25,1,02
16:40:39,0.07488,216.40,0.42687,6.93148,5.05998,29.29232,36.0349,50.01,0866:33:27,1,02
16:40:40,0.07502,216.40,0.427,6.94637,5.07085,29.29232,36.0349,50.01,0866:33:28,1,02
16:40:41,0.07492,216.30,0.42587,6.91845,5.05047,29.29233,36.0349,50.01,0866:33:29,1,02
16:40:42,0.07495,216.30,0.42576,6.91659,5.04911,29.29233,36.0349,50.03,0866:33:30,1,02
16:40:43,0.07535,216.20,0.42728,6.97801,5.09395,29.29233,36.0349,50.03,0866:33:31,1,02
16:40:44,0.07459,216.20,0.42985,6.94637,5.07085,29.29233,36.0349,50.00,0866:33:32,1,02
16:40:45,0.07441,216.00,0.42951,6.91845,5.05047,29.29233,36.03492,50.00,0866:33:33,1,02
16:40:46,0.07451,215.80,0.42908,6.91473,5.04775,29.29234,36.03492,50.01,0866:33:34,1,02
16:40:47,0.07528,215.70,0.42713,6.9501,5.07357,29.29234,36.03492,50.01,0866:33:35,1,02
16:40:48,0.07557,215.80,0.42711,6.97988,5.09531,29.29234,36.03493,50.01,0866:33:36,1,02
16:40:49,0.07495,215.80,0.42721,6.9259,5.05591,29.29234,36.03493,50.01,0866:33:37,1,02
16:40:50,0.07509,215.90,0.4268,6.9352,5.0627,29.29234,36.03493,50.00,0866:33:38,1,02
16:40:51,0.0748,215.90,0.42708,6.91101,5.04504,29.29235,36.03493,50.00,0866:33:39,1,02
16:40:52,0.0748,215.90,0.42708,6.91101,5.04504,29.29235,36.03493,50.00,0866:33:39,1,02
16:40:53,0.0752,215.90,0.4253,6.92031,5.05183,29.29235,36.03493,50.00,0866:33:40,1,02
16:40:54,0.07502,216.00,0.42597,6.91845,5.05047,29.29235,36.03493,50.00,0866:33:41,1,02
16:40:55,0.07506,216.00,0.42702,6.93707,5.06406,29.29235,36.03493,49.99,0866:33:42,1,02
16:40:56,0.07531,215.90,0.42691,6.95754,5.079,29.29235,36.03493,49.99,0866:33:43,1,02
16:40:57,0.07509,215.90,0.42657,6.93148,5.05998,29.29236,36.03495,49.99,0866:33:44,1,02
16:40:58,0.07499,216.00,0.42615,6.91659,5.04911,29.29236,36.03495,49.99,0866:33:45,1,02
16:40:59,0.0747,216.00,0.42851,6.92776,5.05726,29.29236,36.03495,49.98,0866:33:47,1,02
16:41:00,0.07506,215.90,0.4253,6.90915,5.04368,29.29236,36.03495,49.98,0866:33:48,1,02
16:41:01,0.0748,215.80,0.42602,6.8924,5.03145,29.29236,36.03495,49.96,0866:33:49,1,02
16:41:02,0.07509,215.80,0.42597,6.91845,5.05047,29.29237,36.03495,49.96,0866:33:50,1,02
16:41:03,0.07495,215.70,0.42672,6.91473,5.04775,29.29237,36.03495,49.96,0866:33:51,1,02
16:41:04,0.07513,215.80,0.42579,6.92031,5.05183,29.29237,36.03497,49.95,0866:33:52,1,02
16:41:05,0.07528,215.90,0.42493,6.92218,5.05319,29.29237,36.03497,49.95,0866:33:53,1,02
16:41:06,0.07502,215.90,0.42456,6.8924,5.03145,29.29237,36.03497,49.95,0866:33:54,1,02
16:41:07,0.07549,216.00,0.42371,6.9259,5.05591,29.29238,36.03497,49.95,0866:33:55,1,02
16:41:08,0.0752,216.00,0.42465,6.91287,5.04639,29.29238,36.03498,49.94,0866:33:56,1,02
16:41:09,0.07557,215.90,0.42477,6.94637,5.07085,29.29238,36.03498,49.94,0866:33:57,1,02
16:41:10,0.07499,215.80,0.42783,6.94079,5.06678,29.29238,36.03498,49.95,0866:33:58,1,02
16:41:11,0.07484,215.90,0.42668,6.91101,5.04504,29.29238,36.03498,49.95,0866:33:59,1,02
16:41:12,0.07542,215.90,0.42313,6.90542,5.04096,29.29239,36.03498,49.94,0866:34:00,1,02
16:41:13,0.07538,215.90,0.42458,6.9259,5.05591,29.29239,36.03498,49.94,0866:34:01,1,02
16:41:14,0.07535,215.90,0.42728,6.96685,5.0858,29.29239,36.03498,49.95,0866:34:02,1,02
16:41:15,0.07495,215.80,0.42744,6.92962,5.05862,29.29239,36.035,49.95,0866:34:03,1,02
16:41:16,0.07495,215.80,0.42744,6.92962,5.05862,29.29239,36.035,49.95,0866:34:03,1,02
16:41:17,0.07589,215.70,0.42308,6.94079,5.06678,29.29239,36.035,49.94,0866:34:04,1,02
16:41:18,0.07553,215.70,0.42544,6.94637,5.07085,29.2924,36.035,49.94,0866:34:05,1,02
16:41:19,0.07542,215.60,0.42588,6.94079,5.06678,29.2924,36.035,49.96,0866:34:07,1,02
16:41:20,0.07564,215.60,0.4269,6.97801,5.09395,29.2924,36.03501,49.96,0866:34:08,1,02
16:41:21,0.07528,215.50,0.42615,6.92776,5.05726,29.2924,36.03501,49.95,0866:34:09,1,02
16:41:22,0.07546,215.50,0.42565,6.93707,5.06406,29.2924,36.03501,49.96,0866:34:10,1,02
16:41:23,0.07528,215.50,0.42478,6.90542,5.04096,29.29241,36.03502,49.96,0866:34:11,1,02
16:41:24,0.07528,215.50,0.42365,6.88867,5.02873,29.29241,36.03502,49.95,0866:34:12,1,02
16:41:25,0.07528,215.70,0.42463,6.91101,5.04504,29.29241,36.03502,49.95,0866:34:13,1,02
16:41:26,0.07531,215.80,0.4255,6.93148,5.05998,29.29241,36.03502,49.96,0866:34:14,1,02
16:41:27,0.07557,216.00,0.42503,6.95382,5.07629,29.29241,36.03503,49.96,0866:34:15,1,02
16:41:28,0.07535,216.30,0.424,6.9259,5.05591,29.29242,36.03503,49.96,0866:34:16,1,02
16:41:29,0.07538,216.40,0.42395,6.93148,5.05998,29.29242,36.03503,49.96,0866:34:17,1,02
16:41:30,0.07506,216.40,0.42499,6.91845,5.05047,29.29242,36.03503,49.96,0866:34:18,1,02
16:41:31,0.07542,216.40,0.4241,6.93707,5.06406,29.29242,36.03503,49.96,0866:34:19,1,02
16:41:32,0.07506,216.50,0.42514,6.92404,5.05455,29.29242,36.03503,49.96,0866:34:20,1,02
16:41:33,0.07484,216.40,0.42559,6.90915,5.04368,29.29243,36.03503,49.96,0866:34:21,1,02
16:41:34,0.07538,216.40,0.42553,6.95568,5.07765,29.29243,36.03505,49.98,0866:34:22,1,02
16:41:35,0.07506,216.30,0.42542,6.92218,5.05319,29.29243,36.03505,49.98,0866:34:23,1,02
16:41:36,0.07477,216.50,0.42614,6.90542,5.04096,29.29243,36.03505,49.98,0866:34:24,1,02
16:41:37,0.07502,216.30,0.42525,6.91473,5.04775,29.29243,36.03505,49.98,0866:34:25,1,02
16:41:38,0.07499,216.30,0.42546,6.91659,5.04911,29.29244,36.03506,49.99,0866:34:26,1,02
16:41:39,0.07549,216.40,0.42521,6.96312,5.08308,29.29244,36.03506,49.99,0866:34:28,1,02
16:41:40,0.07531,216.50,0.4239,6.9259,5.05591,29.29244,36.03506,49.99,0866:34:29,1,02
16:41:41,0.07531,216.50,0.4239,6.9259,5.05591,29.29244,36.03506,49.99,0866:34:29,1,02
16:41:42,0.07506,216.50,0.42446,6.91287,5.04639,29.29244,36.03506,49.99,0866:34:30,1,02
16:41:43,0.07484,216.50,0.42584,6.91473,5.04775,29.29244,36.03506,49.99,0866:34:31,1,02
16:41:44,0.07546,216.50,0.42508,6.9594,5.08036,29.29245,36.03506,49.98,0866:34:32,1,02
16:41:45,0.07477,216.40,0.42598,6.90915,5.04368,29.29245,36.03506,49.98,0866:34:33,1,02
16:41:46,0.07495,216.20,0.42343,6.87564,5.01922,29.29245,36.03508,50.00,0866:34:34,1,02
16:41:47,0.07557,215.80,0.42644,6.97057,5.08852,29.29245,36.03508,50.00,0866:34:35,1,02
16:41:48,0.07502,216.10,0.42545,6.91473,5.04775,29.29245,36.03508,50.00,0866:34:36,1,02
16:41:49,0.07499,216.10,0.42551,6.91101,5.04504,29.29246,36.03508,50.00,0866:34:37,1,02
16:41:50,0.07495,216.20,0.42654,6.92776,5.05726,29.29246,36.03509,50.00,0866:34:38,1,02
16:41:51,0.07499,216.30,0.42579,6.92031,5.05183,29.29246,36.03509,50.00,0866:34:39,1,02
16:41:52,0.07488,216.20,0.42644,6.91659,5.04911,29.29246,36.03509,50.00,0866:34:40,1,02
16:41:53,0.07495,216.20,0.42652,6.9259,5.05591,29.29246,36.03509,50.00,0866:34:41,1,02
16:41:54,0.07538,216.20,0.42605,6.9594,5.08036,29.29247,36.0351,50.00,0866:34:42,1,02
16:41:55,0.07492,216.20,0.42592,6.91287,5.04639,29.29247,36.0351,50.00,0866:34:43,1,02
16:41:56,0.07531,216.10,0.42492,6.93148,5.05998,29.29247,36.0351,50.00,0866:34:44,1,02
16:41:57,0.0752,216.30,0.42487,6.9259,5.05591,29.29247,36.03511,50.00,0866:34:45,1,02
16:41:58,0.07546,216.40,0.42529,6.96126,5.08172,29.29247,36.03511,50.00,0866:34:46,1,02
16:41:59,0.07495,216.30,0.42497,6.90542,5.04096,29.29248,36.03511,50.00,0866:34:48,1,02
16:42:00,0.0752,216.20,0.42451,6.91845,5.05047,29.29248,36.03511,50.01,0866:34:49,1,02
16:42:01,0.07492,216.10,0.42556,6.90542,5.04096,29.29248,36.03511,50.01,0866:34:50,1,02
16:42:02,0.07448,216.10,0.42824,6.90915,5.04368,29.29248,36.03511,50.00,0866:34:51,1,02
16:42:03,0.07484,216.20,0.42573,6.90356,5.0396,29.29248,36.03511,50.01,0866:34:52,1,02
16:42:04,0.07517,216.30,0.42746,6.96499,5.08444,29.29249,36.03511,50.01,0866:34:53,1,02
16:42:05,0.07535,216.40,0.42504,6.94451,5.06949,29.29249,36.03513,50.03,0866:34:54,1,02
16:42:06,0.07535,216.40,0.42504,6.94451,5.06949,29.29249,36.03513,50.03,0866:34:54,1,02
16:42:07,0.07473,216.30,0.42842,6.94079,5.06678,29.29249,36.03513,50.03,0866:34:55,1,02
16:42:09,0.0748,216.10,0.42568,6.89798,5.03552,29.29249,36.03513,50.00,0866:34:56,1,02
16:42:10,0.07509,216.10,0.42607,6.92962,5.05862,29.29249,36.03513,50.00,0866:34:57,1,02
16:42:11,0.07499,216.10,0.42689,6.93334,5.06134,29.2925,36.03514,50.01,0866:34:58,1,02
16:42:12,0.07509,216.30,0.42614,6.93707,5.06406,29.2925,36.03514,50.01,0866:34:59,1,02
16:42:13,0.07538,216.40,0.42826,7.00035,5.11026,29.2925,36.03514,50.01,0866:35:00,1,02
16:42:14,0.07451,216.40,0.4286,6.92776,5.05726,29.2925,36.03514,50.01,0866:35:01,1,02
16:42:15,0.07495,216.40,0.4251,6.90915,5.04368,29.2925,36.03514,50.00,0866:35:02,1,02
16:42:16,0.07495,216.40,0.4259,6.92218,5.05319,29.29251,36.03514,50.00,0866:35:03,1,02
16:42:17,0.07473,216.40,0.42547,6.89612,5.03417,29.29251,36.03514,50.01,0866:35:04,1,02
16:42:18,0.07466,216.40,0.42575,6.89426,5.03281,29.29251,36.03516,50.01,0866:35:05,1,02
16:42:19,0.07502,216.40,0.42529,6.91845,5.05047,29.29251,36.03516,50.00,0866:35:06,1,02
16:42:20,0.07488,216.40,0.42459,6.89612,5.03417,29.29251,36.03516,50.00,0866:35:07,1,02
16:42:21,0.07495,216.40,0.42625,6.92776,5.05726,29.29252,36.03516,50.01,0866:35:09,1,02
16:42:22,0.0747,216.40,0.42611,6.9017,5.03824,29.29252,36.03517,50.01,0866:35:10,1,02
16:42:23,0.07488,216.30,0.4257,6.91101,5.04504,29.29252,36.03517,50.00,0866:35:11,1,02
16:42:24,0.0748,216.40,0.42577,6.90729,5.04232,29.29252,36.03517,50.00,0866:35:12,1,02
16:42:25,0.07531,216.30,0.42657,6.96312,5.08308,29.29253,36.03518,50.00,0866:35:13,1,02
16:42:26,0.07642,216.30,0.42742,7.08039,5.16868,29.29253,36.03518,50.00,0866:35:14,1,02
16:42:27,0.07509,216.30,0.42602,6.9352,5.0627,29.29253,36.03518,50.00,0866:35:15,1,02
16:42:28,0.07484,216.40,0.42593,6.91473,5.04775,29.29253,36.03518,50.00,0866:35:16,1,02
16:42:29,0.0748,216.40,0.42577,6.90729,5.04232,29.29253,36.03519,50.00,0866:35:17,1,02
16:42:30,0.07484,216.50,0.42444,6.89053,5.03009,29.29254,36.03519,50.00,0866:35:18,1,02
16:42:31,0.07484,216.50,0.42607,6.91845,5.05047,29.29254,36.03519,50.00,0866:35:19,1,02
16:42:32,0.07484,216.50,0.42607,6.91845,5.05047,29.29254,36.03519,50.00,0866:35:19,1,02
16:42:33,0.07509,216.40,0.42709,6.95568,5.07765,29.29254,36.03519,49.99,0866:35:20,1,02
16:42:34,0.07466,216.40,0.42676,6.90915,5.04368,29.29254,36.03519,49.99,0866:35:21,1,02
16:42:35,0.07477,216.30,0.42731,6.9259,5.05591,29.29254,36.03519,50.00,0866:35:22,1,02
16:42:36,0.07517,216.30,0.42541,6.93148,5.05998,29.29255,36.03519,50.00,0866:35:23,1,02
16:42:37,0.07524,216.30,0.42469,6.92776,5.05726,29.29255,36.03521,49.99,0866:35:24,1,02
16:42:38,0.07477,216.30,0.4279,6.93707,5.06406,29.29255,36.03521,49.99,0866:35:25,1,02
16:42:39,0.07495,216.30,0.42509,6.90729,5.04232,29.29255,36.03521,49.99,0866:35:26,1,02
16:42:40,0.07506,216.30,0.42643,6.93707,5.06406,29.29255,36.03521,49.99,0866:35:27,1,02
16:42:41,0.0748,216.30,0.4256,6.89984,5.03688,29.29256,36.03522,49.98,0866:35:29,1,02
16:42:42,0.07484,216.20,0.427,6.92404,5.05455,29.29256,36.03522,49.98,0866:35:30,1,02
16:42:43,0.07462,216.10,0.42665,6.89612,5.03417,29.29256,36.03522,49.99,0866:35:31,1,02
16:42:44,0.07462,216.10,0.42711,6.90356,5.0396,29.29256,36.03522,49.98,0866:35:32,1,02
16:42:45,0.07524,216.00,0.42665,6.9501,5.07357,29.29256,36.03522,49.98,0866:35:33,1,02
16:42:46,0.0747,216.00,0.42678,6.89984,5.03688,29.29257,36.03522,49.99,0866:35:34,1,02
16:42:47,0.07466,216.00,0.42768,6.91287,5.04639,29.29257,36.03522,49.99,0866:35:35,1,02
16:42:48,0.07477,216.00,0.42676,6.90915,5.04368,29.29257,36.03524,49.99,0866:35:36,1,02
16:42:49,0.07462,215.90,0.42737,6.89984,5.03688,29.29257,36.03524,49.99,0866:35:37,1,02
16:42:50,0.07531,215.90,0.42426,6.91287,5.04639,29.29257,36.03524,49.98,0866:35:38,1,02
16:42:51,0.07488,216.00,0.42606,6.90729,5.04232,29.29258,36.03524,49.98,0866:35:39,1,02
16:42:52,0.07589,216.20,0.42587,7.00407,5.11297,29.29258,36.03524,49.98,0866:35:40,1,02
16:42:53,0.07495,216.30,0.42635,6.92776,5.05726,29.29258,36.03524,49.98,0866:35:41,1,02
16:42:54,0.07495,216.30,0.42576,6.91659,5.04911,29.29258,36.03524,49.98,0866:35:42,1,02
16:42:55,0.07495,216.20,0.42517,6.90542,5.04096,29.29258,36.03524,49.98,0866:35:43,1,02
16:42:56,0.07492,216.00,0.42644,6.91659,5.04911,29.29259,36.03526,49.99,0866:35:44,1,02
16:42:57,0.07492,216.00,0.42644,6.91659,5.04911,29.29259,36.03526,49.99,0866:35:44,1,02
16:42:58,0.0752,216.00,0.42671,6.94637,5.07085,29.29259,36.03526,49.99,0866:35:45,1,02
16:42:59,0.07495,216.00,0.42715,6.92962,5.05862,29.29259,36.03526,49.98,0866:35:46,1,02
16:43:00,0.07535,216.00,0.42513,6.93334,5.06134,29.29259,36.03527,49.98,0866:35:47,1,02
16:43:01,0.07462,216.00,0.42752,6.90542,5.04096,29.29259,36.03527,49.98,0866:35:48,1,02
16:43:02,0.07506,215.90,0.42528,6.90729,5.04232,29.2926,36.03527,49.98,0866:35:50,1,02
16:43:03,0.07513,215.90,0.42546,6.91659,5.04911,29.2926,36.03527,49.98,0866:35:51,1,02
16:43:04,0.07535,216.10,0.42779,6.97988,5.09531,29.2926,36.03527,49.98,0866:35:52,1,02
16:43:05,0.07506,216.10,0.42478,6.90542,5.04096,29.2926,36.03527,49.98,0866:35:53,1,02
16:43:06,0.07506,216.10,0.4259,6.92218,5.05319,29.2926,36.03527,49.98,0866:35:54,1,02
16:43:07,0.07495,216.10,0.42661,6.92404,5.05455,29.29261,36.03527,49.98,0866:35:55,1,02
16:43:08,0.07506,216.00,0.42657,6.93148,5.05998,29.29261,36.03529,49.98,0866:35:56,1,02
16:43:09,0.07531,216.00,0.42384,6.90915,5.04368,29.29261,36.03529,49.98,0866:35:57,1,02
16:43:10,0.07528,215.90,0.42333,6.89612,5.03417,29.29261,36.03529,49.96,0866:35:58,1,02
16:43:11,0.07462,216.00,0.42638,6.88867,5.02873,29.29261,36.03529,49.96,0866:35:59,1,02
16:43:12,0.07549,216.10,0.42579,6.96312,5.08308,29.29262,36.0353,49.98,0866:36:00,1,02
16:43:13,0.07509,216.20,0.42496,6.91473,5.04775,29.29262,36.0353,49.98,0866:36:01,1,02
16:43:14,0.07509,216.20,0.42542,6.92218,5.05319,29.29262,36.0353,49.96,0866:36:02,1,02
16:43:15,0.07549,216.40,0.4251,6.96126,5.08172,29.29262,36.03531,49.96,0866:36:03,1,02
16:43:16,0.0747,216.40,0.42659,6.91101,5.04504,29.29262,36.03531,49.98,0866:36:04,1,02
16:43:17,0.07477,216.30,0.42652,6.91473,5.04775,29.29263,36.03531,49.98,0866:36:05,1,02
16:43:18,0.07462,216.30,0.42696,6.90915,5.04368,29.29263,36.03531,49.98,0866:36:06,1,02
16:43:19,0.07495,216.30,0.42568,6.91845,5.05047,29.29263,36.03532,49.98,0866:36:07,1,02
16:43:20,0.07495,216.30,0.42463,6.89984,5.03688,29.29263,36.03532,49.98,0866:36:08,1,02
16:43:21,0.07488,216.30,0.42582,6.91287,5.04639,29.29263,36.03532,49.98,0866:36:09,1,02
16:43:22,0.07488,216.30,0.42582,6.91287,5.04639,29.29263,36.03532,49.98,0866:36:09,1,02
16:43:23,0.07451,216.40,0.4278,6.91473,5.04775,29.29264,36.03532,49.96,0866:36:11,1,02
16:43:24,0.07488,216.50,0.42612,6.92404,5.05455,29.29264,36.03532,49.96,0866:36:12,1,02
16:43:25,0.07535,216.60,0.42457,6.94637,5.07085,29.29264,36.03532,49.98,0866:36:13,1,02
16:43:26,0.07466,216.60,0.42604,6.90542,5.04096,29.29264,36.03532,49.98,0866:36:14,1,02
16:43:27,0.07477,216.60,0.42569,6.90915,5.04368,29.29264,36.03534,49.98,0866:36:15,1,02
16:43:28,0.07492,216.40,0.4243,6.89612,5.03417,29.29265,36.03534,49.98,0866:36:16,1,02
16:43:29,0.07484,216.50,0.42631,6.92404,5.05455,29.29265,36.03534,49.98,0866:36:17,1,02
16:43:30,0.07538,216.50,0.42672,6.97988,5.09531,29.29265,36.03534,49.98,0866:36:18,1,02
16:43:31,0.07495,216.50,0.42653,6.93707,5.06406,29.29265,36.03535,49.98,0866:36:19,1,02
16:43:32,0.07517,216.40,0.42568,6.94079,5.06678,29.29265,36.03535,49.99,0866:36:20,1,02
16:43:33,0.07528,216.40,0.42408,6.92404,5.05455,29.29266,36.03535,49.99,0866:36:21,1,02
16:43:34,0.07488,216.30,0.42467,6.89426,5.03281,29.29266,36.03535,50.00,0866:36:22,1,02
16:43:35,0.07477,216.30,0.42604,6.90542,5.04096,29.29266,36.03535,50.00,0866:36:23,1,02
16:43:36,0.07499,216.30,0.42697,6.94265,5.06813,29.29266,36.03535,50.00,0866:36:24,1,02
16:43:37,0.07466,216.30,0.42617,6.89798,5.03552,29.29266,36.03535,50.00,0866:36:25,1,02
16:43:38,0.0747,216.20,0.42686,6.90915,5.04368,29.29267,36.03537,50.01,0866:36:26,1,02
16:43:39,0.07528,216.20,0.42422,6.91845,5.05047,29.29267,36.03537,50.01,0866:36:27,1,02
16:43:40,0.07499,216.10,0.42698,6.93334,5.06134,29.29267,36.03537,50.00,0866:36:28,1,02
16:43:41,0.0752,216.00,0.42821,6.97243,5.08987,29.29267,36.03537,50.00,0866:36:29,1,02
16:43:42,0.07502,216.00,0.42757,6.94451,5.06949,29.29267,36.03538,49.99,0866:36:31,1,02
16:43:43,0.07502,216.10,0.42564,6.91473,5.04775,29.29268,36.03538,49.99,0866:36:32,1,02
16:43:44,0.07477,216.10,0.42576,6.89612,5.03417,29.29268,36.03538,50.00,0866:36:33,1,02
16:43:45,0.07473,216.20,0.42598,6.89798,5.03552,29.29268,36.03538,50.00,0866:36:34,1,02
16:43:46,0.07462,216.20,0.42839,6.9259,5.05591,29.29268,36.03539,50.00,0866:36:35,1,02
16:43:47,0.07462,216.20,0.42839,6.9259,5.05591,29.29268,36.03539,50.00,0866:36:35,1,02
16:43:48,0.07495,216.20,0.42585,6.91659,5.04911,29.29268,36.03539,50.00,0866:36:36,1,02
16:43:49,0.07499,216.20,0.42484,6.9017,5.03824,29.29269,36.03539,50.00,0866:36:37,1,02
16:43:50,0.07495,216.20,0.42618,6.92031,5.05183,29.29269,36.0354,50.00,0866:36:38,1,02
16:43:51,0.0747,216.20,0.4264,6.9017,5.03824,29.29269,36.0354,50.00,0866:36:39,1,02
16:43:52,0.07477,216.20,0.42682,6.91473,5.04775,29.29269,36.0354,50.00,0866:36:40,1,02
16:43:53,0.07462,216.10,0.42676,6.89798,5.03552,29.29269,36.0354,50.00,0866:36:41,1,02
16:43:54,0.07553,216.10,0.42478,6.94823,5.07221,29.2927,36.0354,50.00,0866:36:42,1,02
16:43:55,0.07484,216.20,0.42608,6.90915,5.04368,29.2927,36.0354,50.00,0866:36:43,1,02
16:43:56,0.07484,216.20,0.42587,6.90729,5.04232,29.2927,36.0354,49.99,0866:36:44,1,02
16:43:57,0.07495,216.20,0.42698,6.93334,5.06134,29.2927,36.0354,49.99,0866:36:45,1,02
16:43:58,0.07466,216.20,0.42671,6.90356,5.0396,29.2927,36.03542,50.00,0866:36:46,1,02
16:43:59,0.0748,215.50,0.42441,6.85517,5.00427,29.29271,36.03542,50.00,0866:36:47,1,02
16:44:00,0.07524,215.70,0.42779,6.95754,5.079,29.29271,36.03542,50.00,0866:36:48,1,02
16:44:01,0.07466,216.20,0.42729,6.91287,5.04639,29.29271,36.03543,50.00,0866:36:49,1,02
16:44:02,0.0748,216.20,0.42593,6.90356,5.0396,29.29271,36.03543,50.00,0866:36:50,1,02
16:44:03,0.07492,216.10,0.42603,6.91473,5.04775,29.29271,36.03543,50.00,0866:36:52,1,02
16:44:04,0.07466,216.10,0.42726,6.90915,5.04368,29.29272,36.03543,49.99,0866:36:53,1,02
16:44:06,0.07492,216.10,0.42692,6.9259,5.05591,29.29272,36.03543,49.99,0866:36:54,1,02
16:44:07,0.07462,216.10,0.42632,6.8924,5.03145,29.29272,36.03543,50.00,0866:36:55,1,02
16:44:08,0.07528,216.00,0.42461,6.91845,5.05047,29.29272,36.03543,49.99,0866:36:56,1,02
16:44:09,0.0752,215.80,0.42666,6.94079,5.06678,29.29272,36.03543,49.99,0866:36:57,1,02
16:44:10,0.07499,215.90,0.4267,6.92404,5.05455,29.29273,36.03545,50.00,0866:36:58,1,02
16:44:11,0.07492,215.50,0.42568,6.88681,5.02737,29.29273,36.03545,50.00,0866:36:59,1,02
16:44:12,0.07492,215.50,0.42568,6.88681,5.02737,29.29273,36.03545,50.00,0866:36:59,1,02
16:44:13,0.07546,215.40,0.42598,6.94079,5.06678,29.29273,36.03545,49.99,0866:37:00,1,02
16:44:14,0.07531,215.30,0.42602,6.92404,5.05455,29.29273,36.03545,49.99,0866:37:01,1,02
16:44:15,0.07571,215.40,0.42585,6.9594,5.08036,29.29273,36.03546,50.00,0866:37:02,1,02
16:44:16,0.07492,215.50,0.42694,6.90729,5.04232,29.29274,36.03546,50.00,0866:37:03,1,02
16:44:17,0.07502,215.50,0.42706,6.92031,5.05183,29.29274,36.03546,49.99,0866:37:04,1,02
16:44:18,0.07513,215.50,0.42636,6.91845,5.05047,29.29274,36.03547,49.99,0866:37:05,1,02
16:44:19,0.0752,215.50,0.42507,6.90542,5.04096,29.29274,36.03547,49.99,0866:37:06,1,02
16:44:20,0.07499,215.50,0.42691,6.91473,5.04775,29.29274,36.03547,49.99,0866:37:07,1,02
16:44:21,0.07513,215.50,0.42636,6.91845,5.05047,29.29275,36.03547,49.99,0866:37:08,1,02
16:44:22,0.07484,215.40,0.42847,6.92404,5.05455,29.29275,36.03548,49.99,0866:37:09,1,02
16:44:23,0.07499,215.40,0.42675,6.90729,5.04232,29.29275,36.03548,49.98,0866:37:10,1,02
16:44:24,0.07488,215.30,0.42755,6.90915,5.04368,29.29275,36.03548,49.98,0866:37:12,1,02
16:44:25,0.07466,215.10,0.42694,6.87378,5.01786,29.29276,36.03548,49.99,0866:37:13,1,02
16:44:26,0.07513,215.20,0.42695,6.91845,5.05047,29.29276,36.03548,49.99,0866:37:14,1,02
16:44:27,0.07517,215.10,0.42626,6.90729,5.04232,29.29276,36.03548,49.98,0866:37:15,1,02
16:44:28,0.0756,215.20,0.42591,6.94451,5.06949,29.29276,36.03548,49.98,0866:37:16,1,02
16:44:29,0.07506,215.20,0.42778,6.92404,5.05455,29.29276,36.0355,49.98,0866:37:17,1,02
16:44:30,0.07495,215.20,0.42701,6.90356,5.0396,29.29277,36.0355,49.96,0866:37:18,1,02
16:44:31,0.07502,215.30,0.42675,6.90729,5.04232,29.29277,36.0355,49.96,0866:37:19,1,02
16:44:32,0.07506,215.20,0.42642,6.90356,5.0396,29.29277,36.0355,49.96,0866:37:20,1,02
16:44:33,0.07517,215.10,0.42683,6.91659,5.04911,29.29277,36.03551,49.96,0866:37:21,1,02
16:44:34,0.07513,215.30,0.42664,6.91659,5.04911,29.29277,36.03551,49.96,0866:37:22,1,02
16:44:35,0.07524,215.50,0.42806,6.95568,5.07765,29.29278,36.03551,49.96,0866:37:23,1,02
16:44:36,0.07495,215.50,0.42676,6.90915,5.04368,29.29278,36.03551,49.94,0866:37:24,1,02
16:44:37,0.07495,215.50,0.42676,6.90915,5.04368,29.29278,36.03551,49.94,0866:37:24,1,02
16:44:38,0.07502,215.60,0.42583,6.90356,5.0396,29.29278,36.03551,49.94,0866:37:25,1,02
16:44:39,0.07484,215.60,0.42382,6.85517,5.00427,29.29278,36.03551,49.95,0866:37:26,1,02
16:44:40,0.07484,215.80,0.42744,6.91845,5.05047,29.29278,36.03551,49.95,0866:37:27,1,02
16:44:41,0.07473,215.90,0.42693,6.90542,5.04096,29.29279,36.03553,49.95,0866:37:28,1,02
16:44:42,0.07473,215.90,0.42874,6.93148,5.05998,29.29279,36.03553,49.95,0866:37:29,1,02
16:44:43,0.07495,215.80,0.42501,6.88867,5.02873,29.29279,36.03553,49.95,0866:37:30,1,02
16:44:44,0.07499,215.70,0.42618,6.90915,5.04368,29.29279,36.03553,49.95,0866:37:32,1,02
16:44:45,0.07506,215.70,0.42692,6.9259,5.05591,29.29279,36.03553,49.95,0866:37:33,1,02
16:44:46,0.07528,215.80,0.42557,6.92776,5.05726,29.2928,36.03553,49.95,0866:37:34,1,02
16:44:47,0.07502,215.60,0.42537,6.89612,5.03417,29.2928,36.03553,49.94,0866:37:35,1,02
16:44:48,0.07553,215.50,0.42572,6.94451,5.06949,29.2928,36.03553,49.95,0866:37:36,1,02
16:44:49,0.07502,215.40,0.42773,6.92962,5.05862,29.2928,36.03555,49.95,0866:37:37,1,02
16:44:50,0.07466,215.50,0.42544,6.86075,5.00835,29.2928,36.03555,49.95,0866:37:38,1,02
16:44:51,0.07509,215.40,0.42503,6.89053,5.03009,29.29281,36.03555,49.95,0866:37:39,1,02
16:44:52,0.07531,215.20,0.42482,6.89984,5.03688,29.29281,36.03555,49.96,0866:37:40,1,02
16:44:53,0.07535,215.20,0.4243,6.89612,5.03417,29.29281,36.03556,49.96,0866:37:41,1,02
16:44:54,0.07524,215.20,0.42557,6.90729,5.04232,29.29281,36.03556,49.96,0866:37:42,1,02
16:44:55,0.07517,215.40,0.42546,6.90542,5.04096,29.29281,36.03556,49.96,0866:37:43,1,02
16:44:56,0.07538,215.30,0.42597,6.92962,5.05862,29.29282,36.03556,49.96,0866:37:44,1,02
16:44:57,0.07509,215.20,0.42611,6.9017,5.03824,29.29282,36.03556,49.96,0866:37:45,1,02
16:44:58,0.07531,215.20,0.42459,6.89612,5.03417,29.29282,36.03556,49.96,0866:37:46,1,02
16:44:59,0.07528,215.10,0.42429,6.88495,5.02601,29.29282,36.03556,49.96,0866:37:47,1,02
16:45:00,0.07535,215.00,0.42584,6.91473,5.04775,29.29282,36.03558,49.98,0866:37:48,1,02
16:45:01,0.07535,215.00,0.42584,6.91473,5.04775,29.29282,36.03558,49.98,0866:37:48,1,02
16:45:02,0.07538,215.30,0.42618,6.93148,5.05998,29.29283,36.03558,49.98,0866:37:49,1,02
16:45:03,0.07646,215.10,0.42705,7.03944,5.13879,29.29283,36.03558,49.96,0866:37:50,1,02
16:45:04,0.07528,215.10,0.42718,6.93334,5.06134,29.29283,36.03558,49.96,0866:37:52,1,02
16:45:05,0.07492,214.80,0.42499,6.85517,5.00427,29.29283,36.03559,49.99,0866:37:53,1,02
16:45:06,0.07524,214.70,0.42655,6.90729,5.04232,29.29283,36.03559,49.99,0866:37:54,1,02
16:45:07,0.07546,214.90,0.42657,6.93148,5.05998,29.29284,36.03559,49.99,0866:37:55,1,02
16:45:08,0.07585,214.90,0.42605,6.9594,5.08036,29.29284,36.03559,49.98,0866:37:56,1,02
16:45:09,0.07506,214.90,0.4277,6.91473,5.04775,29.29284,36.03559,49.98,0866:37:57,1,02
16:45:10,0.07513,214.90,0.42698,6.91101,5.04504,29.29284,36.03559,49.98,0866:37:58,1,02
16:45:11,0.07502,214.90,0.42607,6.88681,5.02737,29.29284,36.03559,49.98,0866:37:59,1,02
16:45:12,0.07542,215.00,0.42545,6.91473,5.04775,29.29285,36.03561,49.99,0866:38:00,1,02
16:45:13,0.07495,215.10,0.42721,6.90356,5.0396,29.29285,36.03561,49.99,0866:38:01,1,02
16:45:14,0.07553,215.10,0.42686,6.95196,5.07493,29.29285,36.03561,49.98,0866:38:02,1,02
16:45:15,0.07517,215.20,0.42719,6.92404,5.05455,29.29285,36.03561,49.98,0866:38:03,1,02
16:45:16,0.07506,215.30,0.42667,6.90915,5.04368,29.29285,36.03561,49.99,0866:38:04,1,02
16:45:17,0.0752,215.20,0.42631,6.91287,5.04639,29.29286,36.03561,49.99,0866:38:05,1,02
16:45:18,0.07495,215.40,0.42648,6.89984,5.03688,29.29286,36.03561,49.98,0866:38:06,1,02
16:45:19,0.07466,215.40,0.42864,6.90915,5.04368,29.29286,36.03563,49.98,0866:38:07,1,02
16:45:20,0.07499,215.40,0.42711,6.91473,5.04775,29.29286,36.03563,50.00,0866:38:08,1,02
16:45:21,0.07499,215.30,0.42731,6.91473,5.04775,29.29286,36.03563,50.00,0866:38:09,1,02
16:45:22,0.07546,215.30,0.42638,6.94265,5.06813,29.29287,36.03563,50.00,0866:38:10,1,02
16:45:23,0.07506,215.30,0.42691,6.91473,5.04775,29.29287,36.03564,50.00,0866:38:11,1,02
16:45:24,0.07473,215.30,0.42879,6.91473,5.04775,29.29287,36.03564,50.00,0866:38:13,1,02
16:45:25,0.07473,215.30,0.42879,6.91473,5.04775,29.29287,36.03564,50.00,0866:38:13,1,02
16:45:26,0.07502,215.30,0.42619,6.89984,5.03688,29.29287,36.03564,50.00,0866:38:14,1,02
16:45:27,0.0752,215.30,0.42556,6.90542,5.04096,29.29287,36.03564,50.00,0866:38:15,1,02
16:45:28,0.07499,215.40,0.42606,6.89612,5.03417,29.29288,36.03564,50.00,0866:38:16,1,02
16:45:29,0.07538,215.30,0.42654,6.93893,5.06542,29.29288,36.03564,50.00,0866:38:17,1,02
16:45:30,0.07499,215.20,0.42681,6.90356,5.0396,29.29288,36.03564,49.99,0866:38:18,1,02
16:45:31,0.07495,215.10,0.42732,6.90542,5.04096,29.29288,36.03566,49.99,0866:38:19,1,02
16:45:32,0.07564,215.10,0.42319,6.9017,5.03824,29.29288,36.03566,49.98,0866:38:20,1,02
16:45:33,0.07542,215.00,0.42432,6.89798,5.03552,29.29289,36.03566,49.98,0866:38:21,1,02
16:45:34,0.07564,214.90,0.42529,6.92962,5.05862,29.29289,36.03566,49.99,0866:38:22,1,02
16:45:35,0.07546,214.90,0.42487,6.90542,5.04096,29.29289,36.03567,49.99,0866:38:23,1,02
16:45:36,0.07513,214.90,0.42652,6.90356,5.0396,29.29289,36.03567,49.99,0866:38:24,1,02
16:45:37,0.07513,214.90,0.4256,6.88867,5.02873,29.29289,36.03567,49.99,0866:38:25,1,02
16:45:38,0.07509,215.00,0.42671,6.90356,5.0396,29.2929,36.03567,49.98,0866:38:26,1,02
16:45:39,0.0748,215.10,0.42773,6.89612,5.03417,29.2929,36.03568,49.98,0866:38:27,1,02
16:45:40,0.0752,215.10,0.4288,6.9501,5.07357,29.2929,36.03568,49.96,0866:38:28,1,02
16:45:41,0.0752,214.90,0.42716,6.92031,5.05183,29.2929,36.03568,49.96,0866:38:29,1,02
16:45:42,0.07502,214.90,0.42569,6.8775,5.02058,29.2929,36.03568,49.96,0866:38:30,1,02
16:45:43,0.0752,214.80,0.42734,6.91845,5.05047,29.29291,36.03569,49.96,0866:38:31,1,02
16:45:44,0.07499,214.80,0.42864,6.92031,5.05183,29.29291,36.03569,49.96,0866:38:32,1,02
16:45:45,0.07513,215.00,0.42688,6.91101,5.04504,29.29291,36.03569,49.96,0866:38:34,1,02
16:45:46,0.07495,215.10,0.42698,6.89984,5.03688,29.29291,36.03569,49.96,0866:38:35,1,02
16:45:47,0.07488,215.30,0.42903,6.93148,5.05998,29.29291,36.03569,49.96,0866:38:36,1,02
16:45:48,0.07473,215.30,0.42811,6.90542,5.04096,29.29292,36.03569,49.95,0866:38:37,1,02
16:45:49,0.07488,215.40,0.42688,6.89984,5.03688,29.29292,36.03569,49.95,0866:38:38,1,02
16:45:50,0.07509,215.40,0.42675,6.91845,5.05047,29.29292,36.03571,49.95,0866:38:39,1,02
16:45:51,0.07509,215.40,0.42675,6.91845,5.05047,29.29292,36.03571,49.95,0866:38:39,1,02
16:45:52,0.07499,215.40,0.42767,6.92218,5.05319,29.29292,36.03571,49.95,0866:38:40,1,02
16:45:53,0.07517,215.40,0.42762,6.93893,5.06542,29.29292,36.03571,49.95,0866:38:41,1,02
16:45:54,0.0747,215.40,0.42555,6.86261,5.00971,29.29293,36.03571,49.95,0866:38:42,1,02
16:45:55,0.07495,215.30,0.42806,6.92218,5.05319,29.29293,36.03572,49.95,0866:38:43,1,02
16:45:56,0.07517,215.30,0.42608,6.90915,5.04368,29.29293,36.03572,49.96,0866:38:44,1,02
16:45:57,0.07528,215.30,0.42597,6.91845,5.05047,29.29293,36.03572,49.96,0866:38:45,1,02
16:45:58,0.07492,215.50,0.42652,6.90356,5.0396,29.29293,36.03572,49.94,0866:38:46,1,02
16:45:59,0.07506,215.50,0.42627,6.90915,5.04368,29.29294,36.03572,49.94,0866:38:47,1,02
16:46:00,0.07499,215.40,0.42747,6.92218,5.05319,29.29294,36.03572,49.95,0866:38:48,1,02
16:46:01,0.07553,215.40,0.42626,6.9501,5.07357,29.29294,36.03572,49.95,0866:38:49,1,02
16:46:02,0.0748,215.30,0.42791,6.90542,5.04096,29.29294,36.03574,49.95,0866:38:50,1,02
16:46:03,0.07502,215.20,0.42754,6.91845,5.05047,29.29294,36.03574,49.95,0866:38:51,1,02
16:46:04,0.07459,215.20,0.42469,6.83283,4.98797,29.29295,36.03574,49.96,0866:38:52,1,02
16:46:06,0.07506,215.20,0.42491,6.8775,5.02058,29.29295,36.03574,49.96,0866:38:54,1,02
16:46:07,0.07466,215.10,0.42852,6.89612,5.03417,29.29295,36.03575,49.96,0866:38:55,1,02
16:46:08,0.07528,215.20,0.42767,6.94451,5.06949,29.29295,36.03575,49.96,0866:38:56,1,02
16:46:09,0.07492,215.20,0.42698,6.89984,5.03688,29.29295,36.03575,49.96,0866:38:57,1,02
16:46:10,0.07502,215.30,0.42606,6.89612,5.03417,29.29296,36.03576,49.96,0866:38:58,1,02
16:46:11,0.07495,215.20,0.42722,6.90542,5.04096,29.29296,36.03576,49.96,0866:38:59,1,02
16:46:12,0.07524,215.10,0.42657,6.92031,5.05183,29.29296,36.03576,49.96,0866:39:00,1,02
16:46:13,0.07531,215.00,0.42695,6.92962,5.05862,29.29296,36.03576,49.96,0866:39:01,1,02
16:46:14,0.07524,215.00,0.4271,6.92404,5.05455,29.29296,36.03577,49.96,0866:39:02,1,02
16:46:15,0.07531,214.80,0.42677,6.92031,5.05183,29.29297,36.03577,49.96,0866:39:03,1,02
16:46:16,0.07531,214.80,0.42677,6.92031,5.05183,29.29297,36.03577,49.96,0866:39:03,1,02
16:46:17,0.07546,214.80,0.42495,6.90356,5.0396,29.29297,36.03577,49.96,0866:39:04,1,02
16:46:18,0.07492,214.90,0.42513,6.85889,5.00699,29.29297,36.03577,49.96,0866:39:05,1,02
16:46:19,0.0752,214.90,0.42598,6.89798,5.03552,29.29297,36.03577,49.96,0866:39:06,1,02
16:46:20,0.0752,214.90,0.42542,6.89053,5.03009,29.29297,36.03577,49.96,0866:39:07,1,02
16:46:21,0.0756,214.90,0.42455,6.91287,5.04639,29.29298,36.03577,49.96,0866:39:08,1,02
16:46:22,0.07578,215.00,0.42544,6.94637,5.07085,29.29298,36.03577,49.96,0866:39:09,1,02
16:46:23,0.07524,215.10,0.42667,6.92031,5.05183,29.29298,36.03579,49.95,0866:39:10,1,02
16:46:24,0.07542,215.40,0.42648,6.94265,5.06813,29.29298,36.03579,49.95,0866:39:11,1,02
16:46:25,0.0752,215.20,0.42669,6.92218,5.05319,29.29298,36.03579,49.95,0866:39:12,1,02
16:46:26,0.07553,215.30,0.42542,6.93334,5.06134,29.29299,36.0358,49.95,0866:39:14,1,02
16:46:27,0.07553,215.30,0.42668,6.95382,5.07629,29.29299,36.0358,49.95,0866:39:15,1,02
16:46:28,0.0752,215.40,0.42675,6.92962,5.05862,29.29299,36.0358,49.95,0866:39:16,1,02
16:46:29,0.0743,215.60,0.4266,6.84772,4.99884,29.29299,36.0358,49.95,0866:39:17,1,02
16:46:30,0.07517,215.60,0.42574,6.91473,5.04775,29.29299,36.0358,49.95,0866:39:18,1,02
16:46:31,0.0752,215.60,0.42612,6.92404,5.05455,29.293,36.0358,49.95,0866:39:19,1,02
16:46:32,0.07466,215.60,0.42847,6.91287,5.04639,29.293,36.0358,49.96,0866:39:20,1,02
16:46:33,0.07492,215.60,0.42493,6.87937,5.02194,29.293,36.0358,49.96,0866:39:21,1,02
16:46:34,0.07542,215.60,0.42588,6.94079,5.06678,29.293,36.03582,49.96,0866:39:22,1,02
16:46:35,0.0752,215.60,0.42522,6.91101,5.04504,29.293,36.03582,49.96,0866:39:23,1,02
16:46:36,0.07499,215.60,0.42591,6.9017,5.03824,29.29301,36.03582,49.96,0866:39:24,1,02
16:46:37,0.0748,215.60,0.42619,6.88867,5.02873,29.29301,36.03582,49.96,0866:39:25,1,02
16:46:38,0.07524,215.40,0.42631,6.92404,5.05455,29.29301,36.03582,49.96,0866:39:26,1,02
16:46:39,0.07549,215.40,0.42712,6.9594,5.08036,29.29301,36.03582,49.96,0866:39:27,1,02
16:46:40,0.07549,215.40,0.42712,6.9594,5.08036,29.29301,36.03582,49.96,0866:39:27,1,02
16:46:41,0.07531,215.40,0.42628,6.93148,5.05998,29.29302,36.03582,49.96,0866:39:28,1,02
16:46:42,0.07517,215.40,0.42557,6.90729,5.04232,29.29302,36.03584,49.96,0866:39:29,1,02
16:46:43,0.07499,215.40,0.42401,6.86448,5.01107,29.29302,36.03584,49.96,0866:39:30,1,02
16:46:44,0.07495,215.50,0.42663,6.90542,5.04096,29.29302,36.03584,49.96,0866:39:31,1,02
16:46:45,0.07632,215.40,0.42606,6.96126,5.08172,29.29302,36.03584,49.96,0866:39:32,1,02
16:46:46,0.07528,215.20,0.42492,6.89984,5.03688,29.29303,36.03585,49.96,0866:39:33,1,02
16:46:47,0.07528,215.40,0.42554,6.91473,5.04775,29.29303,36.03585,49.96,0866:39:35,1,02
16:46:48,0.07502,215.40,0.42542,6.89053,5.03009,29.29303,36.03585,49.96,0866:39:36,1,02
16:46:49,0.07528,215.50,0.42548,6.91845,5.05047,29.29303,36.03585,49.98,0866:39:37,1,02
16:46:50,0.07546,215.60,0.42399,6.91473,5.04775,29.29303,36.03585,49.98,0866:39:38,1,02
16:46:51,0.07524,215.60,0.42399,6.89426,5.03281,29.29304,36.03585,49.96,0866:39:39,1,02
16:46:52,0.07546,215.60,0.42567,6.93893,5.06542,29.29304,36.03585,49.96,0866:39:40,1,02
16:46:53,0.0752,215.60,0.42589,6.92031,5.05183,29.29304,36.03587,49.96,0866:39:41,1,02
16:46:54,0.07513,215.70,0.42551,6.91101,5.04504,29.29304,36.03587,49.98,0866:39:42,1,02
16:46:55,0.07524,215.90,0.42339,6.8924,5.03145,29.29304,36.03587,49.98,0866:39:43,1,02
16:46:56,0.07513,215.90,0.42491,6.90915,5.04368,29.29305,36.03587,49.96,0866:39:44,1,02
16:46:57,0.07492,215.80,0.42604,6.90542,5.04096,29.29305,36.03588,49.96,0866:39:45,1,02
16:46:58,0.07509,215.80,0.427,6.9352,5.0627,29.29305,36.03588,49.96,0866:39:46,1,02
16:46:59,0.07546,215.70,0.42583,6.94637,5.07085,29.29305,36.03588,49.96,0866:39:47,1,02
16:47:00,0.07509,215.60,0.42393,6.8775,5.02058,29.29305,36.03588,49.96,0866:39:48,1,02
16:47:01,0.07502,215.70,0.42424,6.87937,5.02194,29.29306,36.03588,49.96,0866:39:49,1,02
16:47:02,0.07513,215.70,0.4254,6.90915,5.04368,29.29306,36.03588,49.98,0866:39:50,1,02
16:47:03,0.07531,215.70,0.42385,6.89984,5.03688,29.29306,36.03588,49.98,0866:39:51,1,02
16:47:04,0.07574,215.80,0.42557,6.97057,5.08852,29.29306,36.0359,49.96,0866:39:52,1,02
16:47:05,0.07574,215.80,0.42557,6.97057,5.08852,29.29306,36.0359,49.96,0866:39:52,1,02
16:47:06,0.07517,216.40,0.42487,6.9259,5.05591,29.29306,36.0359,49.96,0866:39:53,1,02
16:47:07,0.07492,216.40,0.42541,6.91101,5.04504,29.29307,36.0359,49.98,0866:39:55,1,02
16:47:08,0.07473,216.50,0.42677,6.92031,5.05183,29.29307,36.0359,49.98,0866:39:56,1,02
16:47:09,0.07462,216.50,0.42634,6.90542,5.04096,29.29307,36.0359,49.99,0866:39:57,1,02
16:47:10,0.07517,216.50,0.4241,6.91659,5.04911,29.29307,36.0359,49.99,0866:39:58,1,02
16:47:11,0.07441,216.50,0.42691,6.8924,5.03145,29.29307,36.0359,49.98,0866:39:59,1,02
16:47:12,0.07553,216.40,0.42502,6.96312,5.08308,29.29308,36.03592,49.96,0866:40:00,1,02
16:47:13,0.07477,216.40,0.42495,6.8924,5.03145,29.29308,36.03592,49.96,0866:40:01,1,02
16:47:14,0.07488,216.30,0.425,6.89798,5.03552,29.29308,36.03592,49.98,0866:40:02,1,02
16:47:15,0.07502,216.30,0.4255,6.92031,5.05183,29.29308,36.03592,49.98,0866:40:03,1,02
16:47:16,0.07517,216.40,0.42418,6.91473,5.04775,29.29308,36.03593,49.96,0866:40:04,1,02
16:47:17,0.0748,216.50,0.42477,6.89426,5.03281,29.29309,36.03593,49.96,0866:40:05,1,02
16:47:18,0.07488,216.50,0.42635,6.92776,5.05726,29.29309,36.03593,49.96,0866:40:06,1,02
16:47:19,0.07506,216.60,0.42655,6.9501,5.07357,29.29309,36.03593,49.96,0866:40:07,1,02
16:47:20,0.07451,216.50,0.42288,6.83842,4.99204,29.29309,36.03593,49.96,0866:40:08,1,02
16:47:21,0.07473,216.50,0.4269,6.92404,5.05455,29.29309,36.03593,49.96,0866:40:09,1,02
16:47:22,0.0747,216.60,0.42678,6.92218,5.05319,29.2931,36.03593,49.96,0866:40:10,1,02
16:47:23,0.07455,216.60,0.42744,6.91845,5.05047,29.2931,36.03595,49.96,0866:40:11,1,02
16:47:24,0.07448,216.70,0.42635,6.89612,5.03417,29.2931,36.03595,49.96,0866:40:12,1,02
16:47:25,0.07477,216.60,0.42693,6.92776,5.05726,29.2931,36.03595,49.96,0866:40:13,1,02
16:47:26,0.07441,216.60,0.42776,6.91101,5.04504,29.2931,36.03595,49.98,0866:40:14,1,02
16:47:27,0.07459,216.60,0.42667,6.90915,5.04368,29.29311,36.03596,49.98,0866:40:16,1,02
16:47:28,0.07466,216.50,0.42568,6.89798,5.03552,29.29311,36.03596,49.96,0866:40:17,1,02
16:47:29,0.07495,216.50,0.42493,6.91101,5.04504,29.29311,36.03596,49.96,0866:40:18,1,02
16:47:30,0.07495,216.50,0.42493,6.91101,5.04504,29.29311,36.03596,49.96,0866:40:18,1,02
16:47:31,0.0748,216.50,0.42602,6.91287,5.04639,29.29311,36.03596,49.96,0866:40:19,1,02
16:47:32,0.07499,216.40,0.42663,6.93707,5.06406,29.29311,36.03596,49.96,0866:40:20,1,02
16:47:33,0.0747,216.40,0.42737,6.92218,5.05319,29.29312,36.03596,49.98,0866:40:21,1,02
16:47:34,0.07477,216.20,0.42695,6.91845,5.05047,29.29312,36.03596,49.96,0866:40:22,1,02
16:47:35,0.07492,216.10,0.42613,6.91473,5.04775,29.29312,36.03596,49.96,0866:40:23,1,02
16:47:36,0.07437,216.00,0.42647,6.86634,5.01243,29.29312,36.03598,49.98,0866:40:24,1,02
16:47:37,0.07492,215.80,0.42591,6.9017,5.03824,29.29312,36.03598,49.98,0866:40:25,1,02
16:47:38,0.07506,215.80,0.42549,6.90915,5.04368,29.29313,36.03598,49.98,0866:40:26,1,02
16:47:39,0.07473,215.90,0.42578,6.88681,5.02737,29.29313,36.03598,49.98,0866:40:27,1,02
16:47:40,0.07484,216.00,0.42601,6.9017,5.03824,29.29313,36.03598,49.98,0866:40:28,1,02
16:47:41,0.07466,215.80,0.42679,6.89053,5.03009,29.29313,36.03598,49.98,0866:40:29,1,02
16:47:42,0.07477,215.60,0.42767,6.91101,5.04504,29.29313,36.03598,49.98,0866:40:30,1,02
16:47:43,0.07477,215.70,0.42791,6.91659,5.04911,29.29314,36.036,49.98,0866:40:31,1,02
16:47:44,0.07488,215.80,0.42667,6.90915,5.04368,29.29314,36.036,49.98,0866:40:32,1,02
16:47:45,0.07542,216.00,0.42588,6.95196,5.07493,29.29314,36.036,49.98,0866:40:33,1,02
16:47:46,0.07488,215.90,0.4259,6.89984,5.03688,29.29314,36.036,49.96,0866:40:34,1,02
16:47:47,0.07488,215.90,0.42672,6.91473,5.04775,29.29314,36.03601,49.96,0866:40:36,1,02
16:47:48,0.07502,215.90,0.42467,6.89426,5.03281,29.29315,36.03601,49.98,0866:40:37,1,02
16:47:49,0.07506,215.90,0.42458,6.89426,5.03281,29.29315,36.03601,49.98,0866:40:38,1,02
16:47:50,0.07488,215.90,0.4258,6.89984,5.03688,29.29315,36.03601,49.96,0866:40:39,1,02
16:47:51,0.07528,216.00,0.42565,6.93707,5.06406,29.29315,36.03601,49.96,0866:40:40,1,02
16:47:52,0.07499,216.10,0.42595,6.91659,5.04911,29.29315,36.03601,49.96,0866:40:41,1,02
16:47:53,0.07502,216.10,0.42495,6.90356,5.0396,29.29316,36.03601,49.96,0866:40:42,1,02
16:47:54,0.07502,216.10,0.4236,6.88309,5.02465,29.29316,36.03603,49.95,0866:40:43,1,02
16:47:55,0.07492,216.20,0.42259,6.85889,5.00699,29.29316,36.03603,49.96,0866:40:44,1,02
16:47:56,0.07492,216.20,0.42259,6.85889,5.00699,29.29316,36.03603,49.96,0866:40:44,1,02
16:47:57,0.07495,216.10,0.42376,6.87937,5.02194,29.29316,36.03603,49.96,0866:40:45,1,02
16:47:58,0.07499,216.20,0.42371,6.88495,5.02601,29.29316,36.03603,49.96,0866:40:46,1,02
16:47:59,0.07531,216.20,0.42461,6.92962,5.05862,29.29317,36.03604,49.96,0866:40:47,1,02
16:48:00,0.07513,216.20,0.42593,6.9352,5.0627,29.29317,36.03604,49.96,0866:40:48,1,02
16:48:01,0.07484,216.20,0.42459,6.88495,5.02601,29.29317,36.03604,49.96,0866:40:49,1,02
16:48:02,0.07495,216.20,0.42549,6.90915,5.04368,29.29317,36.03605,49.96,0866:40:50,1,02
16:48:03,0.07488,216.20,0.42544,6.90356,5.0396,29.29317,36.03605,49.96,0866:40:51,1,02
16:48:04,0.07517,216.30,0.42439,6.91659,5.04911,29.29318,36.03605,49.96,0866:40:52,1,02
16:48:06,0.07528,216.50,0.42548,6.9501,5.07357,29.29318,36.03605,49.96,0866:40:53,1,02
16:48:07,0.07499,216.50,0.42473,6.91101,5.04504,29.29318,36.03606,49.96,0866:40:54,1,02
16:48:08,0.0748,216.50,0.42592,6.91287,5.04639,29.29318,36.03606,49.96,0866:40:55,1,02
16:48:09,0.07513,216.40,0.42461,6.91845,5.05047,29.29318,36.03606,49.95,0866:40:56,1,02
16:48:10,0.0743,216.40,0.42872,6.90729,5.04232,29.29319,36.03606,49.95,0866:40:58,1,02
16:48:11,0.0747,216.40,0.42634,6.90542,5.04096,29.29319,36.03606,49.98,0866:40:59,1,02
16:48:12,0.0752,216.30,0.42534,6.9352,5.0627,29.29319,36.03606,49.98,0866:41:00,1,02
16:48:13,0.07513,216.20,0.42433,6.90915,5.04368,29.29319,36.03606,49.96,0866:41:01,1,02
16:48:14,0.07513,216.30,0.4232,6.8924,5.03145,29.29319,36.03608,49.96,0866:41:02,1,02
16:48:15,0.07499,216.30,0.42546,6.91659,5.04911,29.2932,36.03608,49.96,0866:41:03,1,02
16:48:16,0.07509,216.40,0.42411,6.90729,5.04232,29.2932,36.03608,49.96,0866:41:04,1,02
16:48:17,0.07517,216.60,0.42345,6.90915,5.04368,29.2932,36.03608,49.96,0866:41:05,1,02
16:48:18,0.07502,216.40,0.42395,6.89984,5.03688,29.2932,36.03609,49.95,0866:41:06,1,02
16:48:19,0.07509,216.50,0.42609,6.94265,5.06813,29.2932,36.03609,49.95,0866:41:07,1,02
16:48:20,0.07495,216.40,0.42502,6.91101,5.04504,29.29321,36.03609,49.96,0866:41:08,1,02
16:48:21,0.07495,216.40,0.42546,6.91659,5.04911,29.29321,36.03609,49.96,0866:41:09,1,02
16:48:22,0.07495,216.40,0.42546,6.91659,5.04911,29.29321,36.03609,49.96,0866:41:09,1,02
16:48:23,0.07499,216.40,0.42582,6.92404,5.05455,29.29321,36.03609,49.96,0866:41:10,1,02
16:48:24,0.07499,216.40,0.42594,6.9259,5.05591,29.29321,36.03609,49.96,0866:41:11,1,02
16:48:25,0.07484,216.30,0.4261,6.91101,5.04504,29.29321,36.03609,49.95,0866:41:12,1,02
16:48:26,0.0747,216.20,0.42722,6.91659,5.04911,29.29322,36.03611,49.95,0866:41:13,1,02
16:48:27,0.0747,216.20,0.42581,6.89053,5.03009,29.29322,36.03611,49.96,0866:41:14,1,02
16:48:28,0.07499,216.10,0.42644,6.92776,5.05726,29.29322,36.03611,49.96,0866:41:15,1,02
16:48:29,0.07492,216.20,0.42534,6.90356,5.0396,29.29322,36.03611,49.95,0866:41:16,1,02
16:48:30,0.07484,216.30,0.42533,6.9017,5.03824,29.29322,36.03612,49.95,0866:41:17,1,02
16:48:31,0.07488,216.40,0.42652,6.9259,5.05591,29.29323,36.03612,49.96,0866:41:19,1,02
16:48:32,0.07524,216.40,0.42609,6.95382,5.07629,29.29323,36.03612,49.96,0866:41:20,1,02
16:48:33,0.07509,216.40,0.42493,6.92218,5.05319,29.29323,36.03612,49.96,0866:41:21,1,02
16:48:34,0.07506,216.50,0.4248,6.91845,5.05047,29.29323,36.03613,49.96,0866:41:22,1,02
16:48:35,0.07477,216.50,0.42541,6.89984,5.03688,29.29323,36.03613,49.96,0866:41:23,1,02
16:48:36,0.07499,216.40,0.42515,6.91473,5.04775,29.29324,36.03613,49.96,0866:41:24,1,02
16:48:37,0.0747,216.50,0.42593,6.90356,5.0396,29.29324,36.03614,49.96,0866:41:25,1,02
16:48:38,0.07506,216.40,0.42145,6.86075,5.00835,29.29324,36.03614,49.98,0866:41:26,1,02
16:48:39,0.07535,216.60,0.42503,6.95382,5.07629,29.29324,36.03614,49.98,0866:41:27,1,02
16:48:40,0.07473,216.70,0.42523,6.9017,5.03824,29.29324,36.03614,49.96,0866:41:28,1,02
16:48:41,0.07495,216.60,0.42565,6.9259,5.05591,29.29325,36.03614,49.96,0866:41:29,1,02
16:48:42,0.07502,216.60,0.42436,6.91287,5.04639,29.29325,36.03614,49.98,0866:41:30,1,02
16:48:43,0.07484,216.70,0.42432,6.89798,5.03552,29.29325,36.03614,49.98,0866:41:31,1,02
16:48:44,0.07528,216.70,0.42496,6.94637,5.07085,29.29325,36.03614,49.98,0866:41:32,1,02
16:48:45,0.07484,216.60,0.42553,6.91287,5.04639,29.29325,36.03616,49.98,0866:41:33,1,02
16:48:46,0.0747,216.60,0.42631,6.91287,5.04639,29.29326,36.03616,49.98,0866:41:34,1,02
16:48:47,0.0747,216.50,0.42537,6.89612,5.03417,29.29326,36.03616,49.98,0866:41:35,1,02
16:48:48,0.0747,216.50,0.42537,6.89612,5.03417,29.29326,36.03616,49.98,0866:41:35,1,02
16:48:49,0.07499,216.50,0.4253,6.92031,5.05183,29.29326,36.03616,49.96,0866:41:36,1,02
16:48:50,0.07477,216.50,0.42541,6.89984,5.03688,29.29326,36.03617,49.96,0866:41:37,1,02
16:48:51,0.07495,216.50,0.42685,6.94079,5.06678,29.29327,36.03617,49.98,0866:41:39,1,02
16:48:52,0.07466,216.30,0.42665,6.90729,5.04232,29.29327,36.03617,49.98,0866:41:40,1,02
16:48:53,0.07459,216.20,0.42411,6.85517,5.00427,29.29327,36.03617,49.96,0866:41:41,1,02
16:48:54,0.07495,216.30,0.4261,6.92218,5.05319,29.29327,36.03617,49.96,0866:41:42,1,02
16:48:55,0.07506,216.40,0.42661,6.94637,5.07085,29.29327,36.03617,49.96,0866:41:43,1,02
16:48:56,0.07455,216.50,0.42612,6.8924,5.03145,29.29328,36.03617,49.96,0866:41:44,1,02
16:48:57,0.0747,216.50,0.42593,6.90356,5.0396,29.29328,36.03619,49.96,0866:41:45,1,02
16:48:58,0.07517,216.50,0.42513,6.93334,5.06134,29.29328,36.03619,49.96,0866:41:46,1,02
16:48:59,0.0748,216.40,0.42624,6.91659,5.04911,29.29328,36.03619,49.96,0866:41:47,1,02
16:49:00,0.07488,216.60,0.42556,6.91659,5.04911,29.29328,36.03619,49.98,0866:41:48,1,02
16:49:01,0.07455,216.80,0.42668,6.91101,5.04504,29.29329,36.03619,49.98,0866:41:49,1,02
16:49:02,0.07459,216.70,0.4267,6.91287,5.04639,29.29329,36.03619,49.96,0866:41:50,1,02
16:49:03,0.07509,216.70,0.42536,6.93707,5.06406,29.29329,36.03619,49.96,0866:41:51,1,02
16:49:04,0.07448,216.60,0.42666,6.89798,5.03552,29.29329,36.03621,49.98,0866:41:52,1,02
16:49:05,0.07499,216.70,0.42663,6.94823,5.07221,29.29329,36.03621,49.98,0866:41:53,1,02
16:49:06,0.07495,216.80,0.42583,6.9352,5.0627,29.2933,36.03621,49.98,0866:41:54,1,02
16:49:07,0.0748,216.90,0.42685,6.94079,5.06678,29.2933,36.03621,49.98,0866:41:55,1,02
16:49:08,0.07492,216.90,0.42527,6.92776,5.05726,29.2933,36.03622,49.98,0866:41:56,1,02
16:49:09,0.07473,217.00,0.42613,6.9259,5.05591,29.2933,36.03622,49.98,0866:41:57,1,02
16:49:10,0.07426,217.00,0.42589,6.8775,5.02058,29.2933,36.03622,49.99,0866:41:58,1,02
16:49:11,0.07462,216.90,0.42646,6.91845,5.05047,29.29331,36.03622,49.99,0866:42:00,1,02
16:49:12,0.07462,216.90,0.42646,6.91845,5.05047,29.29331,36.03622,49.99,0866:42:00,1,02
16:49:13,0.07473,216.90,0.42461,6.89798,5.03552,29.29331,36.03622,49.98,0866:42:01,1,02
16:49:14,0.0748,216.90,0.42733,6.9501,5.07357,29.29331,36.03622,49.98,0866:42:02,1,02
16:49:15,0.07455,217.00,0.42583,6.90356,5.0396,29.29331,36.03622,49.99,0866:42:03,1,02
16:49:16,0.07466,216.90,0.4257,6.91101,5.04504,29.29331,36.03624,49.99,0866:42:04,1,02
16:49:17,0.07444,217.00,0.42663,6.90542,5.04096,29.29332,36.03624,49.99,0866:42:05,1,02
16:49:18,0.07488,217.00,0.42467,6.91473,5.04775,29.29332,36.03624,49.99,0866:42:06,1,02
16:49:19,0.07448,217.10,0.4258,6.89984,5.03688,29.29332,36.03624,50.00,0866:42:07,1,02
16:49:20,0.07506,217.10,0.42548,6.9501,5.07357,29.29332,36.03625,50.01,0866:42:08,1,02
16:49:21,0.07462,217.10,0.42458,6.89426,5.03281,29.29332,36.03625,50.01,0866:42:09,1,02
16:49:22,0.07484,217.00,0.42543,6.92404,5.05455,29.29333,36.03625,50.01,0866:42:10,1,02
16:49:23,0.07455,216.80,0.42498,6.88495,5.02601,29.29333,36.03625,50.01,0866:42:11,1,02
16:49:24,0.07448,216.90,0.4263,6.9017,5.03824,29.29333,36.03625,50.01,0866:42:12,1,02
16:49:25,0.07459,216.90,0.42698,6.92218,5.05319,29.29333,36.03625,50.01,0866:42:13,1,02
16:49:26,0.0748,216.80,0.4259,6.92218,5.05319,29.29333,36.03625,50.01,0866:42:14,1,02
16:49:27,0.0747,216.80,0.42557,6.90729,5.04232,29.29334,36.03627,50.01,0866:42:15,1,02
16:49:28,0.07495,216.80,0.42436,6.91287,5.04639,29.29334,36.03627,50.03,0866:42:16,1,02
16:49:29,0.07433,216.80,0.4275,6.90356,5.0396,29.29334,36.03627,50.03,0866:42:17,1,02
16:49:30,0.0748,216.70,0.42509,6.90729,5.04232,29.29334,36.03627,50.00,0866:42:18,1,02
16:49:31,0.07455,216.80,0.42452,6.8775,5.02058,29.29334,36.03627,50.00,0866:42:19,1,02
16:49:32,0.07488,216.80,0.42494,6.91287,5.04639,29.29335,36.03627,50.01,0866:42:21,1,02
16:49:33,0.07517,216.70,0.42533,6.94451,5.06949,29.29335,36.03627,50.01,0866:42:22,1,02
16:49:34,0.07444,216.70,0.42528,6.87564,5.01922,29.29335,36.03627,50.00,0866:42:23,1,02
16:49:35,0.0748,216.70,0.4244,6.89612,5.03417,29.29335,36.03629,50.00,0866:42:24,1,02
16:49:36,0.07462,216.70,0.42568,6.89798,5.03552,29.29335,36.03629,49.99,0866:42:25,1,02
16:49:37,0.07506,216.60,0.42394,6.90915,5.04368,29.29336,36.03629,49.99,0866:42:26,1,02
16:49:38,0.07506,216.60,0.42394,6.90915,5.04368,29.29336,36.03629,49.99,0866:42:26,1,02
16:49:39,0.07477,216.70,0.42456,6.8924,5.03145,29.29336,36.0363,50.00,0866:42:27,1,02
16:49:40,0.07462,216.80,0.42631,6.91287,5.04639,29.29336,36.0363,50.00,0866:42:28,1,02
16:49:41,0.07488,216.90,0.42637,6.94079,5.06678,29.29336,36.0363,50.00,0866:42:29,1,02
16:49:42,0.07477,216.70,0.42502,6.89984,5.03688,29.29336,36.0363,50.00,0866:42:30,1,02
16:49:43,0.07488,216.70,0.42445,6.9017,5.03824,29.29337,36.0363,50.00,0866:42:31,1,02
16:49:44,0.0747,216.80,0.42636,6.91845,5.05047,29.29337,36.0363,49.99,0866:42:32,1,02
16:49:45,0.07459,216.80,0.42511,6.88867,5.02873,29.29337,36.0363,49.99,0866:42:33,1,02
16:49:46,0.07509,216.70,0.42446,6.92404,5.05455,29.29337,36.0363,50.00,0866:42:34,1,02
16:49:47,0.07484,216.80,0.42353,6.88681,5.02737,29.29337,36.03632,50.00,0866:42:35,1,02
16:49:48,0.07524,216.60,0.42479,6.93893,5.06542,29.29338,36.03632,49.99,0866:42:36,1,02
16:49:49,0.0748,216.60,0.42561,6.91101,5.04504,29.29338,36.03632,49.99,0866:42:37,1,02
16:49:50,0.07484,216.60,0.42474,6.9017,5.03824,29.29338,36.03633,50.00,0866:42:38,1,02
16:49:51,0.07488,216.60,0.42499,6.90729,5.04232,29.29338,36.03633,50.00,0866:42:39,1,02
16:49:52,0.0748,216.70,0.42495,6.90356,5.0396,29.29338,36.03633,50.00,0866:42:40,1,02
16:49:53,0.07492,216.70,0.42587,6.92962,5.05862,29.29339,36.03633,50.00,0866:42:42,1,02
16:49:54,0.07513,216.80,0.42507,6.93707,5.06406,29.29339,36.03633,50.00,0866:42:43,1,02
16:49:55,0.07484,216.70,0.42535,6.91473,5.04775,29.29339,36.03633,50.00,0866:42:44,1,02
16:49:57,0.07484,216.60,0.42417,6.8924,5.03145,29.29339,36.03633,50.00,0866:42:45,1,02
16:49:58,0.07473,216.50,0.42483,6.89053,5.03009,29.29339,36.03633,50.00,0866:42:46,1,02
16:49:59,0.07499,216.50,0.42416,6.9017,5.03824,29.2934,36.03635,49.99,0866:42:47,1,02
16:50:00,0.07492,216.50,0.42489,6.90729,5.04232,29.2934,36.03635,49.99,0866:42:48,1,02
16:50:01,0.07488,216.50,0.42474,6.9017,5.03824,29.2934,36.03635,50.00,0866:42:49,1,02
16:50:02,0.07535,216.40,0.4245,6.93893,5.06542,29.2934,36.03635,50.01,0866:42:50,1,02
16:50:03,0.07502,216.30,0.42445,6.9017,5.03824,29.2934,36.03635,50.01,0866:42:51,1,02
16:50:04,0.07571,216.30,0.42844,7.03199,5.13336,29.29341,36.03635,50.01,0866:42:52,1,02
16:50:05,0.07571,216.30,0.42844,7.03199,5.13336,29.29341,36.03635,50.01,0866:42:52,1,02
16:50:06,0.07462,216.30,0.42555,6.88309,5.02465,29.29341,36.03635,50.01,0866:42:53,1,02
16:50:07,0.07462,216.20,0.42634,6.89426,5.03281,29.29341,36.03637,50.00,0866:42:54,1,02
16:50:08,0.07509,216.30,0.42353,6.89612,5.03417,29.29341,36.03637,50.00,0866:42:55,1,02
16:50:09,0.07477,216.30,0.4249,6.88681,5.02737,29.29341,36.03637,50.00,0866:42:56,1,02
16:50:10,0.07531,216.30,0.4251,6.94079,5.06678,29.29342,36.03637,50.00,0866:42:57,1,02
16:50:11,0.07488,216.30,0.42479,6.89612,5.03417,29.29342,36.03638,50.00,0866:42:58,1,02
16:50:12,0.07473,216.40,0.42467,6.88309,5.02465,29.29342,36.03638,50.00,0866:42:59,1,02
16:50:13,0.07499,216.60,0.42465,6.91287,5.04639,29.29342,36.03638,50.00,0866:43:00,1,02
16:50:14,0.0752,216.80,0.42515,6.94637,5.07085,29.29342,36.03638,50.00,0866:43:01,1,02
16:50:15,0.07455,217.00,0.42526,6.89426,5.03281,29.29343,36.03638,50.00,0866:43:03,1,02
16:50:16,0.07492,216.90,0.42253,6.88309,5.02465,29.29343,36.03638,50.00,0866:43:04,1,02
16:50:17,0.07535,217.00,0.4214,6.90542,5.04096,29.29343,36.03638,50.00,0866:43:05,1,02
16:50:18,0.07506,217.00,0.42271,6.9017,5.03824,29.29343,36.0364,50.00,0866:43:06,1,02
16:50:19,0.07538,217.00,0.42233,6.92218,5.05319,29.29343,36.0364,50.00,0866:43:07,1,02
16:50:20,0.07495,216.70,0.42271,6.88123,5.0233,29.29344,36.0364,50.00,0866:43:08,1,02
16:50:21,0.07509,216.70,0.42342,6.90542,5.04096,29.29344,36.0364,50.00,0866:43:09,1,02
16:50:22,0.07538,216.60,0.42176,6.90356,5.0396,29.29344,36.03641,50.01,0866:43:10,1,02
16:50:23,0.07502,216.80,0.42327,6.89984,5.03688,29.29344,36.03641,50.01,0866:43:11,1,02
16:50:24,0.07535,217.00,0.42254,6.92404,5.05455,29.29344,36.03641,50.01,0866:43:12,1,02
16:50:25,0.07499,216.80,0.4231,6.8924,5.03145,29.29345,36.03642,50.01,0866:43:13,1,02
16:50:26,0.0752,216.60,0.42294,6.90542,5.04096,29.29345,36.03642,50.01,0866:43:14,1,02
16:50:27,0.07553,216.70,0.42408,6.95568,5.07765,29.29345,36.03642,50.01,0866:43:15,1,02
16:50:28,0.07517,216.60,0.4237,6.91473,5.04775,29.29345,36.03642,50.03,0866:43:16,1,02
16:50:29,0.07517,216.60,0.42345,6.90915,5.04368,29.29345,36.03643,50.03,0866:43:17,1,02
16:50:30,0.07517,216.60,0.42345,6.90915,5.04368,29.29345,36.03643,50.03,0866:43:17,1,02
16:50:31,0.07509,216.50,0.42221,6.87937,5.02194,29.29346,36.03643,50.03,0866:43:18,1,02
16:50:32,0.07528,216.50,0.42307,6.90915,5.04368,29.29346,36.03643,50.03,0866:43:19,1,02
16:50:33,0.07557,216.40,0.42255,6.9259,5.05591,29.29346,36.03643,50.03,0866:43:20,1,02
16:50:34,0.07492,216.30,0.42435,6.89053,5.03009,29.29346,36.03643,50.03,0866:43:21,1,02
16:50:35,0.07499,216.30,0.42419,6.89426,5.03281,29.29346,36.03643,50.01,0866:43:23,1,02
16:50:36,0.07502,216.20,0.42409,6.89426,5.03281,29.29347,36.03643,50.01,0866:43:24,1,02
16:50:37,0.07531,216.20,0.42267,6.89798,5.03552,29.29347,36.03645,50.01,0866:43:25,1,02
16:50:38,0.07502,216.20,0.42432,6.89798,5.03552,29.29347,36.03645,50.01,0866:43:26,1,02
16:50:39,0.07546,216.10,0.42507,6.94823,5.07221,29.29347,36.03645,50.01,0866:43:27,1,02
16:50:40,0.07524,216.20,0.42293,6.89426,5.03281,29.29347,36.03645,50.01,0866:43:28,1,02
16:50:41,0.07513,216.10,0.42292,6.88309,5.02465,29.29348,36.03646,50.03,0866:43:29,1,02
16:50:42,0.0752,216.00,0.42374,6.89798,5.03552,29.29348,36.03646,50.03,0866:43:30,1,02
16:50:43,0.07502,216.10,0.42417,6.8924,5.03145,29.29348,36.03646,50.03,0866:43:31,1,02
16:50:44,0.0752,216.20,0.42438,6.91473,5.04775,29.29348,36.03646,50.01,0866:43:32,1,02
16:50:45,0.07524,216.30,0.42526,6.93707,5.06406,29.29348,36.03646,50.01,0866:43:33,1,02
16:50:46,0.07506,216.30,0.42372,6.89612,5.03417,29.29349,36.03646,50.01,0866:43:34,1,02
16:50:47,0.0752,216.30,0.42329,6.9017,5.03824,29.29349,36.03646,50.01,0866:43:35,1,02
16:50:48,0.07506,216.30,0.42406,6.9017,5.03824,29.29349,36.03648,50.01,0866:43:36,1,02
16:50:49,0.07495,216.30,0.42484,6.9017,5.03824,29.29349,36.03648,50.01,0866:43:37,1,02
16:50:50,0.07502,216.30,0.42434,6.89984,5.03688,29.29349,36.03648,50.01,0866:43:38,1,02
16:50:51,0.07513,216.30,0.42287,6.88867,5.02873,29.2935,36.03648,50.01,0866:43:39,1,02
16:50:52,0.07531,216.30,0.42453,6.93148,5.05998,29.2935,36.03648,50.00,0866:43:40,1,02
16:50:53,0.07502,216.20,0.42443,6.89984,5.03688,29.2935,36.03648,50.00,0866:43:41,1,02
16:50:54,0.07502,216.20,0.42443,6.89984,5.03688,29.2935,36.03648,50.00,0866:43:41,1,02
16:50:55,0.0748,216.10,0.42488,6.88495,5.02601,29.2935,36.03648,50.00,0866:43:43,1,02
16:50:56,0.07513,216.10,0.42475,6.91287,5.04639,29.2935,36.03648,50.00,0866:43:44,1,02
16:50:57,0.07499,216.20,0.42531,6.91101,5.04504,29.29351,36.0365,50.00,0866:43:45,1,02
16:50:58,0.07499,216.40,0.42481,6.90915,5.04368,29.29351,36.0365,50.00,0866:43:46,1,02
16:50:59,0.07557,216.40,0.42299,6.93148,5.05998,29.29351,36.0365,49.99,0866:43:47,1,02
16:51:00,0.07499,216.30,0.42548,6.91845,5.05047,29.29351,36.03651,49.99,0866:43:48,1,02
16:51:01,0.07517,216.40,0.4235,6.90356,5.0396,29.29351,36.03651,50.00,0866:43:49,1,02
16:51:02,0.07448,216.40,0.42763,6.90729,5.04232,29.29352,36.03651,49.99,0866:43:50,1,02
16:51:03,0.07444,216.40,0.42656,6.88681,5.02737,29.29352,36.03651,49.99,0866:43:51,1,02
16:51:04,0.07509,216.50,0.42748,6.96685,5.0858,29.29352,36.03651,49.98,0866:43:52,1,02
16:51:05,0.07502,216.50,0.42486,6.91473,5.04775,29.29352,36.03651,49.98,0866:43:53,1,02
16:51:06,0.07513,216.40,0.42415,6.91101,5.04504,29.29353,36.03651,49.98,0866:43:54,1,02
16:51:07,0.07451,216.40,0.42676,6.89798,5.03552,29.29353,36.03651,49.98,0866:43:55,1,02
16:51:08,0.07473,216.50,0.42332,6.86448,5.01107,29.29353,36.03653,49.98,0866:43:56,1,02
16:51:09,0.07488,216.40,0.42562,6.91287,5.04639,29.29353,36.03653,49.98,0866:43:57,1,02
16:51:10,0.07495,216.50,0.42515,6.91473,5.04775,29.29353,36.03653,50.00,0866:43:58,1,02
16:51:11,0.07502,216.50,0.4249,6.91845,5.05047,29.29354,36.03654,50.00,0866:43:59,1,02
16:51:12,0.07499,216.70,0.42619,6.94265,5.06813,29.29354,36.03654,49.99,0866:44:00,1,02
16:51:13,0.07455,216.90,0.42696,6.92031,5.05183,29.29354,36.03654,49.99,0866:44:01,1,02
16:51:14,0.07415,217.00,0.42603,6.87192,5.0165,29.29354,36.03654,50.00,0866:44:02,1,02
16:51:15,0.07531,217.10,0.42547,6.97057,5.08852,29.29354,36.03654,50.00,0866:44:04,1,02
16:51:16,0.07422,217.00,0.42668,6.88867,5.02873,29.29355,36.03654,49.99,0866:44:05,1,02
16:51:17,0.07444,217.20,0.42601,6.9017,5.03824,29.29355,36.03654,49.99,0866:44:06,1,02
16:51:18,0.0743,217.20,0.42622,6.8924,5.03145,29.29355,36.03654,50.00,0866:44:07,1,02
16:51:19,0.0743,217.20,0.42622,6.8924,5.03145,29.29355,36.03654,50.00,0866:44:07,1,02
16:51:20,0.07448,217.20,0.42631,6.91287,5.04639,29.29355,36.03656,50.00,0866:44:08,1,02
16:51:21,0.0748,217.10,0.42429,6.90542,5.04096,29.29355,36.03656,50.01,0866:44:09,1,02
16:51:22,0.0748,217.10,0.42579,6.93148,5.05998,29.29356,36.03656,50.01,0866:44:10,1,02
16:51:23,0.07415,217.10,0.42607,6.87564,5.01922,29.29356,36.03656,50.01,0866:44:11,1,02
16:51:24,0.07433,217.20,0.42639,6.89984,5.03688,29.29356,36.03656,50.04,0866:44:12,1,02
16:51:25,0.074,217.10,0.42822,6.89612,5.03417,29.29356,36.03656,50.04,0866:44:13,1,02
16:51:26,0.0747,217.20,0.42699,6.94451,5.06949,29.29356,36.03656,50.04,0866:44:14,1,02
16:51:27,0.07441,216.90,0.42622,6.8924,5.03145,29.29357,36.03658,50.04,0866:44:15,1,02
16:51:28,0.07437,216.80,0.4264,6.89053,5.03009,29.29357,36.03658,50.04,0866:44:16,1,02
16:51:29,0.07495,216.60,0.42576,6.92776,5.05726,29.29357,36.03658,50.04,0866:44:17,1,02
16:51:30,0.0747,216.40,0.4258,6.89984,5.03688,29.29357,36.03658,50.05,0866:44:18,1,02
16:51:31,0.07448,216.50,0.42653,6.89426,5.03281,29.29357,36.03659,50.05,0866:44:19,1,02
16:51:32,0.07441,216.60,0.42763,6.90729,5.04232,29.29358,36.03659,50.04,0866:44:20,1,02
16:51:33,0.07441,216.60,0.42727,6.89984,5.03688,29.29358,36.03659,50.04,0866:44:21,1,02
16:51:34,0.0747,216.40,0.4259,6.89984,5.03688,29.29358,36.03659,50.04,0866:44:22,1,02
16:51:35,0.07484,216.30,0.42579,6.90915,5.04368,29.29358,36.03659,50.04,0866:44:23,1,02
16:51:36,0.07426,216.30,0.42761,6.88309,5.02465,29.29358,36.03659,50.03,0866:44:25,1,02
16:51:37,0.07462,216.30,0.42762,6.91659,5.04911,29.29359,36.03659,50.03,0866:44:26,1,02
16:51:38,0.07509,216.30,0.42568,6.92962,5.05862,29.29359,36.03661,50.03,0866:44:27,1,02
16:51:39,0.07488,216.40,0.42482,6.89984,5.03688,29.29359,36.03661,50.03,0866:44:28,1,02
16:51:40,0.07477,216.40,0.42495,6.8924,5.03145,29.29359,36.03661,50.04,0866:44:29,1,02
16:51:41,0.0747,216.30,0.42703,6.91659,5.04911,29.29359,36.03661,50.04,0866:44:30,1,02
16:51:42,0.07484,216.30,0.42728,6.93334,5.06134,29.2936,36.03662,50.03,0866:44:31,1,02
16:51:43,0.07499,216.30,0.42594,6.9259,5.05591,29.2936,36.03662,50.03,0866:44:32,1,02
16:51:44,0.07499,216.30,0.42594,6.9259,5.05591,29.2936,36.03662,50.03,0866:44:32,1,02
16:51:45,0.07531,216.60,0.42441,6.93893,5.06542,29.2936,36.03662,50.03,0866:44:33,1,02
16:51:46,0.07495,216.70,0.42406,6.9017,5.03824,29.2936,36.03662,50.03,0866:44:34,1,02
16:51:47,0.07459,216.60,0.42598,6.89798,5.03552,29.2936,36.03662,50.03,0866:44:35,1,02
16:51:48,0.07488,216.60,0.42466,6.90356,5.0396,29.29361,36.03662,50.03,0866:44:36,1,02
16:51:50,0.07495,216.60,0.42462,6.90915,5.04368,29.29361,36.03662,50.03,0866:44:37,1,02
16:51:51,0.07484,216.60,0.42417,6.8924,5.03145,29.29361,36.03664,50.04,0866:44:38,1,02
16:51:52,0.07488,216.80,0.4253,6.92031,5.05183,29.29361,36.03664,50.04,0866:44:39,1,02
16:51:53,0.07506,216.90,0.42549,6.94079,5.06678,29.29361,36.03664,50.03,0866:44:40,1,02
16:51:54,0.0747,216.90,0.42513,6.9017,5.03824,29.29362,36.03664,50.03,0866:44:41,1,02
16:51:55,0.07484,216.70,0.42352,6.88495,5.02601,29.29362,36.03664,50.03,0866:44:42,1,02
16:51:56,0.0747,216.70,0.4246,6.88681,5.02737,29.29362,36.03664,50.03,0866:44:43,1,02
16:51:57,0.07492,216.60,0.42491,6.90915,5.04368,29.29362,36.03664,50.03,0866:44:44,1,02
16:51:58,0.07495,216.40,0.42445,6.9017,5.03824,29.29362,36.03664,50.03,0866:44:46,1,02
16:51:59,0.0752,216.40,0.42479,6.92776,5.05726,29.29363,36.03666,50.03,0866:44:47,1,02
16:52:00,0.07502,216.40,0.42336,6.88867,5.02873,29.29363,36.03666,50.03,0866:44:48,1,02
16:52:01,0.07506,216.40,0.42705,6.95196,5.07493,29.29363,36.03666,50.01,0866:44:49,1,02
16:52:02,0.07473,216.20,0.42586,6.89612,5.03417,29.29363,36.03667,50.01,0866:44:50,1,02
16:52:03,0.0747,216.10,0.42556,6.88495,5.02601,29.29363,36.03667,50.03,0866:44:51,1,02
16:52:04,0.07492,216.30,0.42608,6.92031,5.05183,29.29364,36.03667,50.01,0866:44:52,1,02
16:52:05,0.07528,216.50,0.42502,6.94265,5.06813,29.29364,36.03667,50.01,0866:44:53,1,02
16:52:06,0.07459,216.60,0.42517,6.88495,5.02601,29.29364,36.03667,50.03,0866:44:54,1,02
16:52:07,0.07441,216.60,0.42706,6.89798,5.03552,29.29364,36.03667,50.03,0866:44:55,1,02
16:52:08,0.07459,216.40,0.42522,6.87937,5.02194,29.29364,36.03667,50.01,0866:44:56,1,02
16:52:09,0.0748,216.50,0.42592,6.91287,5.04639,29.29365,36.03667,50.01,0866:44:57,1,02
16:52:10,0.07502,216.50,0.42383,6.89798,5.03552,29.29365,36.03669,50.03,0866:44:58,1,02
16:52:11,0.07502,216.50,0.42383,6.89798,5.03552,29.29365,36.03669,50.03,0866:44:58,1,02
16:52:12,0.07448,216.50,0.4273,6.90356,5.0396,29.29365,36.03669,50.03,0866:44:59,1,02
16:52:13,0.07509,216.30,0.42684,6.9501,5.07357,29.29365,36.03669,50.01,0866:45:00,1,02
16:52:14,0.07473,216.20,0.42644,6.90542,5.04096,29.29365,36.0367,50.01,0866:45:01,1,02
16:52:15,0.07477,216.20,0.42522,6.89053,5.03009,29.29366,36.0367,50.01,0866:45:02,1,02
16:52:16,0.07495,216.30,0.42484,6.9017,5.03824,29.29366,36.0367,50.01,0866:45:03,1,02
16:52:17,0.07466,216.50,0.42591,6.9017,5.03824,29.29366,36.0367,50.01,0866:45:04,1,02
16:52:18,0.07462,216.50,0.4255,6.88867,5.02873,29.29366,36.03671,50.01,0866:45:06,1,02
16:52:19,0.07506,216.40,0.42547,6.92776,5.05726,29.29366,36.03671,50.00,0866:45:07,1,02
16:52:20,0.07509,216.40,0.42299,6.89053,5.03009,29.29367,36.03671,50.00,0866:45:08,1,02
16:52:21,0.07473,216.50,0.42596,6.90729,5.04232,29.29367,36.03671,50.00,0866:45:09,1,02
16:52:22,0.07488,216.40,0.42469,6.89612,5.03417,29.29367,36.03672,50.00,0866:45:10,1,02
16:52:23,0.07448,216.30,0.42656,6.88681,5.02737,29.29367,36.03672,50.00,0866:45:11,1,02
16:52:24,0.07524,216.40,0.42495,6.9352,5.0627,29.29367,36.03672,50.00,0866:45:12,1,02
16:52:25,0.07531,216.50,0.4262,6.96499,5.08444,29.29368,36.03672,50.00,0866:45:13,1,02
16:52:26,0.07455,216.60,0.42616,6.89612,5.03417,29.29368,36.03672,50.00,0866:45:14,1,02
16:52:27,0.07462,216.50,0.42586,6.89612,5.03417,29.29368,36.03672,50.00,0866:45:15,1,02
16:52:28,0.07448,216.60,0.42643,6.89426,5.03281,29.29368,36.03672,50.00,0866:45:16,1,02
16:52:29,0.07448,216.60,0.42561,6.87937,5.02194,29.29368,36.03674,50.00,0866:45:17,1,02
16:52:30,0.07477,216.50,0.42508,6.89612,5.03417,29.29369,36.03674,49.99,0866:45:18,1,02
16:52:31,0.07459,216.50,0.42709,6.91287,5.04639,29.29369,36.03674,49.99,0866:45:19,1,02
16:52:32,0.07499,216.60,0.42661,6.94637,5.07085,29.29369,36.03674,49.99,0866:45:20,1,02
16:52:33,0.07448,216.60,0.42749,6.91287,5.04639,29.29369,36.03675,49.99,0866:45:21,1,02
16:52:34,0.0748,216.70,0.4245,6.89612,5.03417,29.29369,36.03675,49.98,0866:45:22,1,02
16:52:35,0.0748,216.70,0.4245,6.89612,5.03417,29.29369,36.03675,49.98,0866:45:22,1,02
16:52:36,0.07492,216.70,0.42586,6.92776,5.05726,29.2937,36.03675,49.98,0866:45:23,1,02
16:52:37,0.07466,216.70,0.42608,6.90915,5.04368,29.2937,36.03675,49.98,0866:45:24,1,02
16:52:38,0.07473,216.80,0.42582,6.91287,5.04639,29.2937,36.03675,49.98,0866:45:25,1,02
16:52:39,0.07502,216.80,0.42531,6.93148,5.05998,29.2937,36.03675,49.99,0866:45:27,1,02
16:52:40,0.0748,216.50,0.42443,6.88867,5.02873,29.2937,36.03675,49.99,0866:45:28,1,02
16:52:41,0.0747,216.70,0.42577,6.90729,5.04232,29.29371,36.03677,49.99,0866:45:29,1,02
16:52:42,0.0747,216.90,0.42505,6.90356,5.0396,29.29371,36.03677,49.99,0866:45:30,1,02
16:52:43,0.07462,216.90,0.42624,6.91659,5.04911,29.29371,36.03677,49.98,0866:45:31,1,02
16:52:44,0.0747,216.80,0.42511,6.89984,5.03688,29.29371,36.03677,49.98,0866:45:32,1,02
16:52:45,0.07506,216.80,0.42582,6.94451,5.06949,29.29371,36.03677,49.99,0866:45:33,1,02
16:52:46,0.07462,216.80,0.42698,6.92218,5.05319,29.29372,36.03677,50.00,0866:45:34,1,02
16:52:47,0.07466,216.70,0.42516,6.89426,5.03281,29.29372,36.03677,50.00,0866:45:35,1,02
16:52:48,0.07459,216.70,0.42773,6.92962,5.05862,29.29372,36.03677,50.00,0866:45:36,1,02
16:52:49,0.07502,216.70,0.42346,6.89984,5.03688,29.29372,36.03679,50.00,0866:45:37,1,02
16:52:50,0.07538,216.70,0.42373,6.93893,5.06542,29.29372,36.03679,50.00,0866:45:38,1,02
16:52:51,0.07466,216.70,0.4255,6.89984,5.03688,29.29373,36.03679,50.00,0866:45:39,1,02
16:52:52,0.07473,216.60,0.42521,6.89984,5.03688,29.29373,36.0368,49.99,0866:45:40,1,02
16:52:53,0.07462,216.60,0.42461,6.8775,5.02058,29.29373,36.0368,49.99,0866:45:41,1,02
16:52:54,0.07531,216.40,0.42322,6.91473,5.04775,29.29373,36.0368,50.01,0866:45:42,1,02
16:52:55,0.07524,216.50,0.42432,6.92962,5.05862,29.29373,36.0368,50.01,0866:45:43,1,02
16:52:56,0.07502,216.40,0.42429,6.90542,5.04096,29.29374,36.0368,50.01,0866:45:44,1,02
16:52:57,0.07535,216.40,0.42608,6.96312,5.08308,29.29374,36.0368,50.01,0866:45:45,1,02
16:52:58,0.0752,216.50,0.42505,6.9352,5.0627,29.29374,36.0368,50.01,0866:45:46,1,02
16:52:59,0.07484,216.50,0.42641,6.92404,5.05455,29.29374,36.0368,50.01,0866:45:48,1,02
16:53:00,0.07459,216.40,0.42752,6.91659,5.04911,29.29374,36.03682,50.01,0866:45:49,1,02
16:53:01,0.07459,216.40,0.42752,6.91659,5.04911,29.29374,36.03682,50.01,0866:45:49,1,02
16:53:02,0.07499,216.30,0.42877,6.96871,5.08716,29.29375,36.03682,50.01,0866:45:50,1,02
16:53:03,0.07448,216.40,0.42809,6.91473,5.04775,29.29375,36.03682,50.03,0866:45:51,1,02
16:53:04,0.0748,216.30,0.42642,6.91473,5.04775,29.29375,36.03683,50.03,0866:45:52,1,02
16:53:05,0.07455,216.20,0.42673,6.89426,5.03281,29.29375,36.03683,50.03,0866:45:53,1,02
16:53:06,0.07473,216.30,0.42795,6.93148,5.05998,29.29375,36.03683,50.03,0866:45:54,1,02
16:53:07,0.07484,216.30,0.42749,6.9352,5.0627,29.29376,36.03683,50.03,0866:45:55,1,02
16:53:08,0.07524,216.30,0.42639,6.95382,5.07629,29.29376,36.03683,50.03,0866:45:56,1,02
16:53:09,0.0748,216.40,0.42726,6.93148,5.05998,29.29376,36.03683,50.03,0866:45:57,1,02
16:53:10,0.07477,216.40,0.42769,6.9352,5.0627,29.29376,36.03683,50.01,0866:45:58,1,02
16:53:11,0.074,216.30,0.43132,6.92031,5.05183,29.29376,36.03683,50.01,0866:45:59,1,02
16:53:12,0.07389,216.30,0.43239,6.92776,5.05726,29.29377,36.03685,50.03,0866:46:00,1,02
16:53:13,0.07356,216.20,0.43229,6.8924,5.03145,29.29377,36.03685,50.03,0866:46:01,1,02
16:53:14,0.07484,216.30,0.43049,6.98546,5.09939,29.29377,36.03685,50.01,0866:46:02,1,02
16:53:15,0.07484,216.50,0.42916,6.96871,5.08716,29.29377,36.03685,50.01,0866:46:03,1,02
16:53:16,0.07448,216.50,0.42903,6.93148,5.05998,29.29377,36.03685,50.01,0866:46:04,1,02
16:53:17,0.07451,216.50,0.42898,6.93707,5.06406,29.29378,36.03685,50.01,0866:46:05,1,02
16:53:18,0.0747,216.50,0.42687,6.92031,5.05183,29.29378,36.03685,50.03,0866:46:06,1,02
16:53:19,0.07535,216.60,0.42706,6.98546,5.09939,29.29378,36.03687,50.03,0866:46:07,1,02
16:53:20,0.07492,216.60,0.4255,6.92031,5.05183,29.29378,36.03687,50.03,0866:46:09,1,02
16:53:21,0.07535,216.60,0.42344,6.92776,5.05726,29.29379,36.03687,50.03,0866:46:10,1,02
16:53:22,0.07502,216.50,0.4233,6.8924,5.03145,29.29379,36.03687,50.01,0866:46:11,1,02
16:53:23,0.07564,216.50,0.42166,6.92218,5.05319,29.29379,36.03688,50.01,0866:46:12,1,02
16:53:24,0.07524,216.40,0.4253,6.94079,5.06678,29.29379,36.03688,50.01,0866:46:13,1,02
16:53:25,0.07495,216.30,0.42703,6.93893,5.06542,29.29379,36.03688,50.01,0866:46:14,1,02
16:53:26,0.07495,216.30,0.42703,6.93893,5.06542,29.29379,36.03688,50.01,0866:46:14,1,02
16:53:27,0.07473,216.30,0.42752,6.92776,5.05726,29.2938,36.03688,50.03,0866:46:15,1,02
16:53:28,0.0748,216.30,0.42575,6.90542,5.04096,29.2938,36.03688,50.01,0866:46:16,1,02
16:53:29,0.07477,216.10,0.42506,6.88309,5.02465,29.2938,36.03688,50.01,0866:46:17,1,02
16:53:30,0.07459,216.20,0.42674,6.89612,5.03417,29.2938,36.03688,50.01,0866:46:18,1,02
16:53:31,0.07495,216.20,0.427,6.9352,5.0627,29.2938,36.0369,50.01,0866:46:19,1,02
16:53:32,0.07448,216.10,0.42743,6.89612,5.03417,29.29381,36.0369,50.01,0866:46:20,1,02
16:53:33,0.07495,216.10,0.4249,6.89798,5.03552,29.29381,36.0369,50.01,0866:46:21,1,02
16:53:34,0.0747,216.10,0.42601,6.89053,5.03009,29.29381,36.0369,50.01,0866:46:22,1,02
16:53:35,0.07473,216.00,0.42602,6.8924,5.03145,29.29381,36.03691,50.01,0866:46:23,1,02
16:53:36,0.0747,216.00,0.42716,6.90915,5.04368,29.29381,36.03691,50.01,0866:46:24,1,02
16:53:37,0.07484,216.20,0.427,6.92404,5.05455,29.29382,36.03691,50.01,0866:46:25,1,02
16:53:38,0.0747,216.20,0.42627,6.89798,5.03552,29.29382,36.03691,50.03,0866:46:26,1,02
16:53:39,0.07488,216.30,0.42548,6.90729,5.04232,29.29382,36.03691,50.03,0866:46:27,1,02
16:53:40,0.07484,216.40,0.42615,6.91659,5.04911,29.29382,36.03691,50.01,0866:46:29,1,02
16:53:41,0.07549,216.50,0.42434,6.95196,5.07493,29.29382,36.03691,50.01,0866:46:30,1,02
16:53:42,0.07542,216.60,0.4251,6.96126,5.08172,29.29383,36.03693,50.01,0866:46:31,1,02
16:53:43,0.07466,216.50,0.4258,6.89984,5.03688,29.29383,36.03693,50.01,0866:46:32,1,02
16:53:45,0.0747,216.50,0.4266,6.91287,5.04639,29.29383,36.03693,50.01,0866:46:33,1,02
16:53:46,0.07451,216.40,0.42619,6.88867,5.02873,29.29383,36.03693,50.01,0866:46:34,1,02
16:53:47,0.07462,216.40,0.42593,6.8924,5.03145,29.29383,36.03693,50.01,0866:46:35,1,02
16:53:48,0.07509,216.40,0.42663,6.94823,5.07221,29.29384,36.03693,50.00,0866:46:36,1,02
16:53:49,0.07484,216.40,0.42823,6.95196,5.07493,29.29384,36.03693,50.00,0866:46:37,1,02
16:53:50,0.07444,216.50,0.42694,6.89612,5.03417,29.29384,36.03693,50.01,0866:46:38,1,02
16:53:51,0.07459,216.40,0.42658,6.89984,5.03688,29.29384,36.03695,50.01,0866:46:39,1,02
16:53:52,0.07459,216.40,0.42658,6.89984,5.03688,29.29384,36.03695,50.01,0866:46:39,1,02
16:53:53,0.07448,216.40,0.42669,6.89053,5.03009,29.29384,36.03695,50.00,0866:46:40,1,02
16:53:54,0.07484,216.30,0.42611,6.91287,5.04639,29.29385,36.03695,50.00,0866:46:41,1,02
16:53:55,0.07499,216.40,0.42641,6.9352,5.0627,29.29385,36.03696,50.00,0866:46:42,1,02
16:53:56,0.07441,216.50,0.42668,6.88867,5.02873,29.29385,36.03696,50.00,0866:46:43,1,02
16:53:57,0.0743,216.40,0.42758,6.89053,5.03009,29.29385,36.03696,50.01,0866:46:44,1,02
16:53:58,0.07441,216.30,0.42788,6.9017,5.03824,29.29385,36.03696,50.01,0866:46:45,1,02
16:53:59,0.07466,216.20,0.42671,6.90356,5.0396,29.29386,36.03696,50.00,0866:46:46,1,02
16:54:00,0.07473,216.10,0.4264,6.9017,5.03824,29.29386,36.03696,50.00,0866:46:47,1,02
16:54:01,0.07492,216.10,0.42475,6.8924,5.03145,29.29386,36.03696,50.01,0866:46:48,1,02
16:54:02,0.07502,216.00,0.42492,6.89984,5.03688,29.29386,36.03696,50.01,0866:46:50,1,02
16:54:03,0.07492,216.00,0.42485,6.8924,5.03145,29.29386,36.03698,50.00,0866:46:51,1,02
16:54:04,0.07517,216.10,0.42638,6.94265,5.06813,29.29387,36.03698,50.00,0866:46:52,1,02
16:54:05,0.07462,216.20,0.42668,6.89984,5.03688,29.29387,36.03698,49.99,0866:46:53,1,02
16:54:06,0.0747,216.20,0.42596,6.89612,5.03417,29.29387,36.03698,49.99,0866:46:54,1,02
16:54:07,0.07462,216.30,0.4266,6.9017,5.03824,29.29387,36.03699,49.99,0866:46:55,1,02
16:54:08,0.07484,216.20,0.42621,6.91287,5.04639,29.29387,36.03699,49.99,0866:46:56,1,02
16:54:09,0.07466,216.10,0.42612,6.8924,5.03145,29.29388,36.03699,49.99,0866:46:57,1,02
16:54:10,0.07488,216.10,0.42678,6.92218,5.05319,29.29388,36.03699,49.99,0866:46:58,1,02
16:54:11,0.07506,216.10,0.42627,6.92962,5.05862,29.29388,36.03699,49.99,0866:46:59,1,02
16:54:12,0.07499,216.20,0.42715,6.94079,5.06678,29.29388,36.03699,49.99,0866:47:00,1,02
16:54:13,0.07466,216.20,0.42637,6.89798,5.03552,29.29388,36.03699,49.99,0866:47:01,1,02
16:54:14,0.07459,216.10,0.42684,6.89612,5.03417,29.29389,36.03701,49.99,0866:47:02,1,02
16:54:15,0.07459,216.10,0.42707,6.89984,5.03688,29.29389,36.03701,49.99,0866:47:03,1,02
16:54:16,0.07459,216.10,0.42707,6.89984,5.03688,29.29389,36.03701,49.99,0866:47:03,1,02
16:54:17,0.07492,216.10,0.42682,6.9259,5.05591,29.29389,36.03701,49.99,0866:47:04,1,02
16:54:18,0.07477,216.00,0.42502,6.87937,5.02194,29.29389,36.03701,49.99,0866:47:05,1,02
16:54:19,0.07517,216.00,0.42429,6.90542,5.04096,29.29389,36.03701,50.00,0866:47:06,1,02
16:54:20,0.07466,216.00,0.42609,6.88867,5.02873,29.2939,36.03701,50.00,0866:47:07,1,02
16:54:21,0.07459,216.20,0.4264,6.89053,5.03009,29.2939,36.03701,50.00,0866:47:09,1,02
16:54:22,0.07459,216.20,0.4264,6.89053,5.03009,29.2939,36.03703,50.00,0866:47:10,1,02
16:54:23,0.07492,216.20,0.4258,6.91101,5.04504,29.2939,36.03703,50.00,0866:47:11,1,02
16:54:24,0.07492,216.30,0.42677,6.93148,5.05998,29.2939,36.03703,50.00,0866:47:12,1,02
16:54:25,0.07419,216.40,0.42817,6.89053,5.03009,29.29391,36.03703,50.00,0866:47:13,1,02
16:54:26,0.07455,216.40,0.4268,6.9017,5.03824,29.29391,36.03704,50.00,0866:47:14,1,02
16:54:27,0.07451,216.50,0.42517,6.87378,5.01786,29.29391,36.03704,50.00,0866:47:15,1,02
16:54:28,0.07455,216.50,0.42614,6.89426,5.03281,29.29391,36.03704,50.01,0866:47:16,1,02
16:54:29,0.07477,216.50,0.42759,6.9352,5.0627,29.29391,36.03704,50.01,0866:47:17,1,02
16:54:30,0.07448,216.40,0.42683,6.89426,5.03281,29.29392,36.03704,50.00,0866:47:18,1,02
16:54:31,0.07455,216.30,0.42686,6.89798,5.03552,29.29392,36.03704,50.00,0866:47:19,1,02
16:54:32,0.07492,216.10,0.42474,6.89053,5.03009,29.29392,36.03704,50.00,0866:47:20,1,02
16:54:33,0.07502,216.00,0.42562,6.91287,5.04639,29.29392,36.03706,50.00,0866:47:21,1,02
16:54:34,0.07473,216.00,0.42604,6.89426,5.03281,29.29392,36.03706,50.00,0866:47:22,1,02
16:54:35,0.07466,216.00,0.42653,6.89426,5.03281,29.29393,36.03706,50.00,0866:47:23,1,02
16:54:36,0.07484,216.00,0.42833,6.94079,5.06678,29.29393,36.03706,49.99,0866:47:24,1,02
16:54:37,0.07437,216.00,0.42821,6.89426,5.03281,29.29393,36.03707,49.99,0866:47:25,1,02
16:54:38,0.07473,215.70,0.4265,6.89053,5.03009,29.29393,36.03707,50.00,0866:47:26,1,02
16:54:39,0.07466,215.90,0.42742,6.90542,5.04096,29.29393,36.03707,50.00,0866:47:27,1,02
16:54:40,0.07466,215.90,0.42742,6.90542,5.04096,29.29393,36.03707,50.00,0866:47:27,1,02
16:54:41,0.07466,216.00,0.42721,6.90356,5.0396,29.29394,36.03707,49.99,0866:47:28,1,02
16:54:42,0.07473,215.90,0.4268,6.9017,5.03824,29.29394,36.03708,49.99,0866:47:30,1,02
16:54:43,0.07488,215.80,0.42772,6.92776,5.05726,29.29394,36.03708,49.99,0866:47:31,1,02
16:54:44,0.07492,215.90,0.42583,6.90356,5.0396,29.29394,36.03708,49.99,0866:47:32,1,02
16:54:45,0.07466,215.90,0.42729,6.9017,5.03824,29.29394,36.03708,49.99,0866:47:33,1,02
16:54:46,0.0748,215.90,0.4264,6.9017,5.03824,29.29395,36.03709,49.99,0866:47:34,1,02
16:54:47,0.0747,215.80,0.42536,6.87378,5.01786,29.29395,36.03709,49.99,0866:47:35,1,02
16:54:48,0.07455,215.90,0.42617,6.87564,5.01922,29.29395,36.03709,49.98,0866:47:36,1,02
16:54:49,0.07462,215.90,0.4261,6.87937,5.02194,29.29395,36.03709,49.98,0866:47:37,1,02
16:54:50,0.07466,215.80,0.42716,6.89798,5.03552,29.29395,36.03709,49.96,0866:47:38,1,02
16:54:51,0.07513,215.80,0.42703,6.93893,5.06542,29.29396,36.03709,49.96,0866:47:39,1,02
16:54:52,0.07509,215.80,0.42549,6.90915,5.04368,29.29396,36.03709,49.98,0866:47:40,1,02
16:54:53,0.07477,215.70,0.42895,6.93334,5.06134,29.29396,36.03711,49.98,0866:47:41,1,02
16:54:54,0.07477,215.80,0.4261,6.89053,5.03009,29.29396,36.03711,49.98,0866:47:42,1,02
16:54:55,0.07473,215.90,0.4254,6.8775,5.02058,29.29396,36.03711,49.98,0866:47:43,1,02
16:54:56,0.07462,215.80,0.42734,6.89612,5.03417,29.29397,36.03711,49.95,0866:47:44,1,02
16:54:57,0.07517,215.80,0.42594,6.9259,5.05591,29.29397,36.03712,49.95,0866:47:45,1,02
16:54:58,0.07462,215.80,0.42734,6.89612,5.03417,29.29397,36.03712,49.96,0866:47:46,1,02
16:54:59,0.07462,215.70,0.42801,6.90542,5.04096,29.29397,36.03712,49.96,0866:47:47,1,02
16:55:00,0.0748,215.80,0.42754,6.91845,5.05047,29.29397,36.03712,49.95,0866:47:48,1,02
16:55:01,0.07596,215.80,0.42624,7.00221,5.11161,29.29398,36.03712,49.95,0866:47:49,1,02
16:55:02,0.07459,215.70,0.42531,6.85703,5.00563,29.29398,36.03712,49.95,0866:47:51,1,02
16:55:03,0.07509,215.50,0.42896,6.95754,5.079,29.29398,36.03712,49.95,0866:47:52,1,02
16:55:04,0.07473,215.50,0.42804,6.90915,5.04368,29.29398,36.03714,49.95,0866:47:53,1,02
16:55:05,0.07473,215.50,0.42804,6.90915,5.04368,29.29398,36.03714,49.95,0866:47:53,1,02
16:55:06,0.07502,215.50,0.4281,6.93707,5.06406,29.29398,36.03714,49.95,0866:47:54,1,02
16:55:07,0.07502,215.60,0.42641,6.91287,5.04639,29.29399,36.03714,49.95,0866:47:55,1,02
16:55:08,0.07488,215.60,0.42879,6.93707,5.06406,29.29399,36.03714,49.95,0866:47:56,1,02
16:55:09,0.07596,215.60,0.4271,7.01152,5.11841,29.29399,36.03714,49.96,0866:47:57,1,02
16:55:10,0.07502,215.70,0.42828,6.94637,5.07085,29.29399,36.03714,49.96,0866:47:58,1,02
16:55:11,0.07506,215.80,0.42787,6.94451,5.06949,29.29399,36.03714,49.96,0866:47:59,1,02
16:55:12,0.07524,215.70,0.42666,6.94079,5.06678,29.294,36.03716,49.95,0866:48:00,1,02
16:55:13,0.07495,215.70,0.42716,6.92031,5.05183,29.294,36.03716,49.95,0866:48:01,1,02
16:55:14,0.07502,215.50,0.42683,6.91659,5.04911,29.294,36.03716,49.98,0866:48:02,1,02
16:55:15,0.07455,215.60,0.42641,6.87006,5.01514,29.294,36.03716,49.98,0866:48:03,1,02
16:55:16,0.07506,215.70,0.42554,6.90356,5.0396,29.294,36.03717,49.96,0866:48:04,1,02
16:55:17,0.07513,215.60,0.42502,6.89984,5.03688,29.29401,36.03717,49.96,0866:48:05,1,02
16:55:18,0.07477,215.60,0.42661,6.8924,5.03145,29.29401,36.03717,49.96,0866:48:06,1,02
16:55:19,0.07513,215.60,0.4272,6.9352,5.0627,29.29401,36.03717,49.96,0866:48:07,1,02
16:55:20,0.07509,215.60,0.42682,6.9259,5.05591,29.29401,36.03717,49.98,0866:48:08,1,02
16:55:21,0.07531,215.60,0.42418,6.90356,5.0396,29.29401,36.03717,49.98,0866:48:09,1,02
16:55:22,0.0748,215.60,0.42722,6.90542,5.04096,29.29402,36.03717,49.95,0866:48:11,1,02
16:55:23,0.07542,215.60,0.42656,6.95196,5.07493,29.29402,36.03717,49.95,0866:48:12,1,02
16:55:24,0.07484,215.60,0.42693,6.90542,5.04096,29.29402,36.03719,49.98,0866:48:13,1,02
16:55:25,0.07495,215.50,0.42435,6.87006,5.01514,29.29402,36.03719,49.98,0866:48:14,1,02
16:55:26,0.07466,215.50,0.42359,6.83097,4.98661,29.29402,36.03719,49.96,0866:48:15,1,02
16:55:27,0.0748,215.60,0.42813,6.91845,5.05047,29.29403,36.0372,49.96,0866:48:16,1,02
16:55:28,0.07492,215.70,0.42716,6.92031,5.05183,29.29403,36.0372,49.95,0866:48:17,1,02
16:55:29,0.07492,215.70,0.42716,6.92031,5.05183,29.29403,36.0372,49.95,0866:48:17,1,02
16:55:30,0.0747,215.80,0.42821,6.91659,5.04911,29.29403,36.0372,49.96,0866:48:18,1,02
16:55:31,0.07462,215.90,0.42633,6.88309,5.02465,29.29403,36.0372,49.96,0866:48:19,1,02
16:55:32,0.07462,215.90,0.42576,6.87378,5.01786,29.29403,36.0372,49.95,0866:48:20,1,02
16:55:33,0.07455,216.00,0.42722,6.89426,5.03281,29.29404,36.0372,49.95,0866:48:21,1,02
16:55:34,0.07459,216.00,0.42783,6.90729,5.04232,29.29404,36.0372,49.95,0866:48:22,1,02
16:55:35,0.07502,215.80,0.42787,6.94451,5.06949,29.29404,36.0372,49.95,0866:48:23,1,02
16:55:36,0.07488,215.80,0.42691,6.91473,5.04775,29.29404,36.03722,49.96,0866:48:24,1,02
16:55:37,0.07473,215.70,0.42694,6.89612,5.03417,29.29405,36.03722,49.96,0866:48:25,1,02
16:55:38,0.07455,215.60,0.42652,6.87192,5.0165,29.29405,36.03722,49.95,0866:48:26,1,02
16:55:39,0.07444,215.80,0.42566,6.85331,5.00291,29.29405,36.03722,49.95,0866:48:27,1,02
16:55:40,0.07441,215.90,0.42854,6.89798,5.03552,29.29405,36.03722,49.96,0866:48:28,1,02
16:55:41,0.07488,215.70,0.42834,6.93148,5.05998,29.29405,36.03722,49.96,0866:48:29,1,02
16:55:42,0.07459,215.60,0.42874,6.90915,5.04368,29.29406,36.03722,49.96,0866:48:30,1,02
16:55:43,0.07455,215.70,0.42887,6.91287,5.04639,29.29406,36.03724,49.96,0866:48:32,1,02
16:55:44,0.07451,215.80,0.42804,6.89798,5.03552,29.29406,36.03724,49.95,0866:48:33,1,02
16:55:45,0.07466,215.70,0.42735,6.89798,5.03552,29.29406,36.03724,49.95,0866:48:34,1,02
16:55:47,0.07441,215.70,0.43001,6.91845,5.05047,29.29406,36.03724,49.96,0866:48:35,1,02
16:55:48,0.07466,215.60,0.42824,6.90915,5.04368,29.29407,36.03725,49.96,0866:48:36,1,02
16:55:49,0.07441,215.50,0.42935,6.89984,5.03688,29.29407,36.03725,49.95,0866:48:37,1,02
16:55:50,0.07455,215.20,0.42894,6.89798,5.03552,29.29407,36.03725,49.95,0866:48:38,1,02
16:55:51,0.07484,215.20,0.42874,6.92031,5.05183,29.29407,36.03725,49.96,0866:48:39,1,02
16:55:52,0.07455,215.00,0.42864,6.88681,5.02737,29.29407,36.03725,49.95,0866:48:40,1,02
16:55:53,0.07422,215.20,0.42826,6.85517,5.00427,29.29408,36.03725,49.95,0866:48:41,1,02
16:55:54,0.07492,215.30,0.42918,6.93707,5.06406,29.29408,36.03725,49.95,0866:48:42,1,02
16:55:55,0.07492,215.30,0.42918,6.93707,5.06406,29.29408,36.03725,49.95,0866:48:42,1,02
16:55:56,0.07455,215.60,0.42732,6.88309,5.02465,29.29408,36.03727,49.95,0866:48:43,1,02
16:55:57,0.07473,215.70,0.42698,6.89984,5.03688,29.29408,36.03727,49.96,0866:48:44,1,02
16:55:58,0.07422,215.70,0.42913,6.88681,5.02737,29.29408,36.03727,49.96,0866:48:45,1,02
16:55:59,0.07451,215.90,0.42831,6.90542,5.04096,29.29409,36.03727,49.96,0866:48:46,1,02
16:56:00,0.07448,215.90,0.42874,6.90915,5.04368,29.29409,36.03728,49.96,0866:48:47,1,02
16:56:01,0.07444,215.90,0.42709,6.87937,5.02194,29.29409,36.03728,49.96,0866:48:48,1,02
16:56:02,0.07441,216.00,0.42905,6.91101,5.04504,29.29409,36.03728,49.96,0866:48:49,1,02
16:56:03,0.07422,216.20,0.42975,6.91101,5.04504,29.29409,36.03728,49.96,0866:48:50,1,02
16:56:04,0.07422,216.30,0.42794,6.88681,5.02737,29.2941,36.03728,49.96,0866:48:52,1,02
16:56:05,0.07459,216.60,0.4286,6.93893,5.06542,29.2941,36.03728,49.98,0866:48:53,1,02
16:56:06,0.07437,216.70,0.42739,6.9017,5.03824,29.2941,36.03728,49.98,0866:48:54,1,02
16:56:07,0.074,216.70,0.42865,6.88867,5.02873,29.2941,36.03728,49.98,0866:48:55,1,02
16:56:08,0.07397,216.70,0.42978,6.90356,5.0396,29.2941,36.0373,49.98,0866:48:56,1,02
16:56:09,0.07382,216.60,0.43123,6.90915,5.04368,29.29411,36.0373,49.96,0866:48:57,1,02
16:56:10,0.07441,216.50,0.42921,6.92962,5.05862,29.29411,36.0373,49.96,0866:48:58,1,02
16:56:11,0.0747,216.70,0.42921,6.96312,5.08308,29.29411,36.0373,50.00,0866:48:59,1,02
16:56:12,0.07484,217.00,0.43001,6.99849,5.1089,29.29411,36.0373,50.00,0866:49:00,1,02
16:56:13,0.0743,217.00,0.42834,6.92031,5.05183,29.29411,36.0373,50.00,0866:49:01,1,02
16:56:14,0.07419,217.00,0.42964,6.93334,5.06134,29.29412,36.0373,50.01,0866:49:02,1,02
16:56:15,0.074,217.10,0.43017,6.9259,5.05591,29.29412,36.03732,50.01,0866:49:03,1,02
16:56:16,0.07426,217.10,0.42707,6.89984,5.03688,29.29412,36.03732,50.01,0866:49:04,1,02
16:56:17,0.07412,217.00,0.42864,6.90915,5.04368,29.29412,36.03732,50.01,0866:49:05,1,02
16:56:18,0.07419,217.00,0.43078,6.9501,5.07357,29.29412,36.03732,50.01,0866:49:06,1,02
16:56:19,0.07419,217.00,0.43078,6.9501,5.07357,29.29412,36.03732,50.01,0866:49:06,1,02
16:56:20,0.07397,216.90,0.4309,6.92962,5.05862,29.29413,36.03733,50.01,0866:49:07,1,02
16:56:21,0.07419,216.80,0.429,6.91659,5.04911,29.29413,36.03733,50.03,0866:49:08,1,02
16:56:22,0.07408,216.90,0.42925,6.91101,5.04504,29.29413,36.03733,50.03,0866:49:09,1,02
16:56:23,0.07415,216.70,0.43088,6.93893,5.06542,29.29413,36.03733,50.03,0866:49:10,1,02
16:56:24,0.07389,216.70,0.42925,6.88867,5.02873,29.29413,36.03733,50.03,0866:49:12,1,02
16:56:25,0.07393,217.00,0.42938,6.90356,5.0396,29.29414,36.03733,50.03,0866:49:13,1,02
16:56:26,0.074,216.90,0.42874,6.89798,5.03552,29.29414,36.03733,50.03,0866:49:14,1,02
16:56:27,0.0736,217.00,0.43163,6.90915,5.04368,29.29414,36.03735,50.01,0866:49:15,1,02
16:56:28,0.07382,217.10,0.42978,6.90356,5.0396,29.29414,36.03735,50.01,0866:49:16,1,02
16:56:29,0.07448,217.00,0.42911,6.95196,5.07493,29.29414,36.03735,50.01,0866:49:17,1,02
16:56:30,0.07412,217.10,0.42869,6.91473,5.04775,29.29415,36.03735,50.01,0866:49:18,1,02
16:56:31,0.0743,217.00,0.42824,6.92031,5.05183,29.29415,36.03736,50.01,0866:49:19,1,02
16:56:32,0.07408,217.00,0.42814,6.89798,5.03552,29.29415,36.03736,50.01,0866:49:20,1,02
16:56:33,0.07393,217.00,0.4295,6.90542,5.04096,29.29415,36.03736,50.01,0866:49:21,1,02
16:56:34,0.07389,217.10,0.42867,6.89053,5.03009,29.29415,36.03736,50.01,0866:49:22,1,02
16:56:35,0.07404,217.10,0.42837,6.9017,5.03824,29.29416,36.03736,50.01,0866:49:23,1,02
16:56:36,0.07437,217.20,0.4279,6.9259,5.05591,29.29416,36.03736,50.01,0866:49:24,1,02
16:56:37,0.07382,217.20,0.42875,6.88867,5.02873,29.29416,36.03736,50.01,0866:49:25,1,02
16:56:38,0.07397,217.10,0.42935,6.91101,5.04504,29.29416,36.03738,50.01,0866:49:26,1,02
16:56:39,0.07371,217.20,0.4297,6.89426,5.03281,29.29416,36.03738,50.01,0866:49:27,1,02
16:56:40,0.07404,217.20,0.42758,6.89053,5.03009,29.29417,36.03738,50.00,0866:49:28,1,02
16:56:41,0.07404,217.30,0.42752,6.89426,5.03281,29.29417,36.03738,50.00,0866:49:29,1,02
16:56:42,0.07397,217.30,0.42791,6.89426,5.03281,29.29417,36.03738,50.01,0866:49:30,1,02
16:56:43,0.0743,217.40,0.42813,6.92962,5.05862,29.29417,36.03738,50.01,0866:49:31,1,02
16:56:44,0.0748,217.30,0.4286,6.9836,5.09803,29.29417,36.03738,50.01,0866:49:32,1,02
16:56:45,0.0748,217.30,0.4286,6.9836,5.09803,29.29417,36.03738,50.01,0866:49:32,1,02
16:56:46,0.074,217.30,0.42737,6.88867,5.02873,29.29418,36.03738,50.01,0866:49:34,1,02
16:56:47,0.07371,217.30,0.42847,6.87937,5.02194,29.29418,36.0374,50.03,0866:49:35,1,02
16:56:48,0.07415,217.40,0.42939,6.93893,5.06542,29.29418,36.0374,50.03,0866:49:36,1,02
16:56:49,0.07386,217.50,0.42879,6.90356,5.0396,29.29418,36.0374,50.03,0866:49:37,1,02
16:56:50,0.07408,217.50,0.42691,6.8924,5.03145,29.29418,36.0374,50.03,0866:49:38,1,02
16:56:51,0.07364,217.50,0.42948,6.8924,5.03145,29.29419,36.03741,50.03,0866:49:39,1,02
16:56:52,0.0736,217.40,0.42967,6.89053,5.03009,29.29419,36.03741,50.03,0866:49:40,1,02
16:56:53,0.07364,217.30,0.43093,6.90915,5.04368,29.29419,36.03741,50.03,0866:49:41,1,02
16:56:54,0.07349,217.30,0.43022,6.88495,5.02601,29.29419,36.03741,50.01,0866:49:42,1,02
16:56:55,0.07415,217.20,0.42989,6.93893,5.06542,29.29419,36.03741,50.01,0866:49:43,1,02
16:56:56,0.07374,217.30,0.43104,6.92218,5.05319,29.2942,36.03741,50.03,0866:49:44,1,02
16:56:57,0.07364,217.40,0.43131,6.91845,5.05047,29.2942,36.03741,50.03,0866:49:45,1,02
16:56:58,0.07374,217.30,0.43152,6.93148,5.05998,29.2942,36.03743,50.01,0866:49:46,1,02
16:56:59,0.07349,217.30,0.4294,6.87192,5.0165,29.2942,36.03743,50.01,0866:49:47,1,02
16:57:00,0.07426,217.40,0.42798,6.92404,5.05455,29.2942,36.03743,50.03,0866:49:48,1,02
16:57:01,0.07356,217.30,0.42983,6.88681,5.02737,29.29421,36.03743,50.03,0866:49:49,1,02
16:57:02,0.07364,217.20,0.42907,6.87937,5.02194,29.29421,36.03743,50.03,0866:49:50,1,02
16:57:03,0.0736,217.20,0.43018,6.8924,5.03145,29.29421,36.03743,50.03,0866:49:51,1,02
16:57:04,0.07426,217.10,0.4288,6.92776,5.05726,29.29421,36.03743,50.03,0866:49:52,1,02
16:57:05,0.07389,217.10,0.42798,6.87937,5.02194,29.29421,36.03743,50.03,0866:49:54,1,02
16:57:06,0.07379,217.10,0.42927,6.89053,5.03009,29.29422,36.03745,50.03,0866:49:55,1,02
16:57:07,0.07374,217.00,0.42875,6.8775,5.02058,29.29422,36.03745,50.03,0866:49:56,1,02
16:57:08,0.074,217.00,0.42842,6.89612,5.03417,29.29422,36.03745,50.01,0866:49:57,1,02
16:57:09,0.07404,217.00,0.42847,6.9017,5.03824,29.29422,36.03746,50.01,0866:49:58,1,02
16:57:10,0.07404,217.00,0.42847,6.9017,5.03824,29.29422,36.03746,50.01,0866:49:58,1,02
16:57:11,0.07393,217.10,0.42932,6.90729,5.04232,29.29422,36.03746,50.01,0866:49:59,1,02
16:57:12,0.0743,217.20,0.43026,6.9594,5.08036,29.29423,36.03746,50.00,0866:50:00,1,02
16:57:13,0.07397,217.10,0.42991,6.91845,5.05047,29.29423,36.03746,50.00,0866:50:01,1,02
16:57:14,0.07386,217.10,0.42981,6.90729,5.04232,29.29423,36.03746,50.03,0866:50:02,1,02
16:57:15,0.07386,217.00,0.43014,6.91101,5.04504,29.29423,36.03746,50.03,0866:50:03,1,02
16:57:16,0.07371,216.90,0.4304,6.89426,5.03281,29.29423,36.03746,50.01,0866:50:04,1,02
16:57:17,0.07389,216.70,0.42985,6.89984,5.03688,29.29424,36.03746,50.01,0866:50:05,1,02
16:57:18,0.07404,216.70,0.42917,6.9017,5.03824,29.29424,36.03748,50.00,0866:50:06,1,02
16:57:19,0.07459,216.70,0.42831,6.93893,5.06542,29.29424,36.03748,50.00,0866:50:07,1,02
16:57:20,0.07419,216.80,0.42854,6.90915,5.04368,29.29424,36.03748,50.01,0866:50:08,1,02
16:57:21,0.07419,216.90,0.4288,6.91659,5.04911,29.29424,36.03748,50.01,0866:50:09,1,02
16:57:22,0.07404,216.80,0.42804,6.88681,5.02737,29.29425,36.03749,50.01,0866:50:10,1,02
16:57:23,0.07404,216.80,0.42839,6.8924,5.03145,29.29425,36.03749,50.01,0866:50:11,1,02
16:57:24,0.07386,216.90,0.42849,6.88123,5.0233,29.29425,36.03749,50.00,0866:50:12,1,02
16:57:25,0.074,217.00,0.42737,6.8775,5.02058,29.29425,36.03749,50.00,0866:50:14,1,02
16:57:26,0.07397,217.00,0.42975,6.91101,5.04504,29.29425,36.03749,49.99,0866:50:15,1,02
16:57:27,0.07397,216.90,0.43089,6.92776,5.05726,29.29426,36.03749,49.99,0866:50:16,1,02
16:57:28,0.07466,216.80,0.42808,6.94637,5.07085,29.29426,36.03749,50.00,0866:50:17,1,02
16:57:29,0.07448,216.80,0.42821,6.92776,5.05726,29.29426,36.03751,50.00,0866:50:18,1,02
16:57:30,0.07437,216.70,0.42902,6.92962,5.05862,29.29426,36.03751,49.99,0866:50:19,1,02
16:57:31,0.07466,216.70,0.42746,6.93148,5.05998,29.29426,36.03751,49.99,0866:50:20,1,02
16:57:32,0.07448,216.70,0.42879,6.93707,5.06406,29.29427,36.03751,49.99,0866:50:21,1,02
16:57:33,0.0747,216.60,0.42744,6.92962,5.05862,29.29427,36.03751,49.98,0866:50:22,1,02
16:57:34,0.0747,216.60,0.42744,6.92962,5.05862,29.29427,36.03751,49.98,0866:50:22,1,02
16:57:35,0.07426,216.70,0.42913,6.92031,5.05183,29.29427,36.03751,49.98,0866:50:23,1,02
16:57:36,0.07448,216.70,0.42879,6.93707,5.06406,29.29427,36.03751,49.99,0866:50:24,1,02
16:57:37,0.07397,216.50,0.42832,6.87378,5.01786,29.29427,36.03753,49.99,0866:50:25,1,02
16:57:38,0.07408,216.50,0.42912,6.89612,5.03417,29.29428,36.03753,50.00,0866:50:26,1,02
16:57:39,0.07422,216.70,0.42842,6.90729,5.04232,29.29428,36.03753,50.00,0866:50:27,1,02
16:57:40,0.07382,217.00,0.4295,6.89426,5.03281,29.29428,36.03753,49.99,0866:50:28,1,02
16:57:41,0.07408,217.20,0.42842,6.90729,5.04232,29.29428,36.03754,49.99,0866:50:29,1,02
16:57:42,0.074,217.30,0.42758,6.89053,5.03009,29.29428,36.03754,50.01,0866:50:30,1,02
16:57:44,0.07379,217.10,0.42812,6.87378,5.01786,29.29429,36.03754,50.01,0866:50:31,1,02
16:57:45,0.07404,217.20,0.42758,6.89053,5.03009,29.29429,36.03754,50.00,0866:50:32,1,02
16:57:46,0.07404,217.30,0.42775,6.89798,5.03552,29.29429,36.03754,50.00,0866:50:34,1,02
16:57:47,0.07386,217.30,0.42862,6.89612,5.03417,29.29429,36.03754,50.03,0866:50:35,1,02
16:57:48,0.07433,217.40,0.42874,6.94265,5.06813,29.29429,36.03754,50.03,0866:50:36,1,02
16:57:49,0.07408,217.30,0.42766,6.89984,5.03688,29.2943,36.03754,50.04,0866:50:37,1,02
16:57:50,0.07389,217.20,0.42743,6.87378,5.01786,29.2943,36.03756,50.04,0866:50:38,1,02
16:57:51,0.07404,217.10,0.42709,6.87937,5.02194,29.2943,36.03756,50.04,0866:50:39,1,02
16:57:52,0.07386,217.20,0.42963,6.90915,5.04368,29.2943,36.03756,50.04,0866:50:40,1,02
16:57:53,0.07397,217.10,0.42935,6.91101,5.04504,29.2943,36.03757,50.03,0866:50:41,1,02
16:57:54,0.07422,217.20,0.42663,6.89426,5.03281,29.29431,36.03757,50.04,0866:50:42,1,02
16:57:55,0.07412,217.30,0.42862,6.91845,5.05047,29.29431,36.03757,50.04,0866:50:43,1,02
16:57:56,0.07389,217.20,0.42978,6.91473,5.04775,29.29431,36.03757,50.01,0866:50:44,1,02
16:57:57,0.07393,217.30,0.42855,6.89984,5.03688,29.29431,36.03757,50.01,0866:50:45,1,02
16:57:58,0.07408,217.20,0.42809,6.90356,5.0396,29.29431,36.03757,50.03,0866:50:46,1,02
16:57:59,0.07444,217.10,0.42854,6.94265,5.06813,29.29432,36.03757,50.03,0866:50:47,1,02
16:58:00,0.07444,217.10,0.42854,6.94265,5.06813,29.29432,36.03757,50.03,0866:50:47,1,02
16:58:01,0.07404,217.20,0.42852,6.90729,5.04232,29.29432,36.03757,50.03,0866:50:48,1,02
16:58:02,0.074,217.20,0.42641,6.87006,5.01514,29.29432,36.03759,50.03,0866:50:49,1,02
16:58:03,0.07448,217.10,0.42788,6.9352,5.0627,29.29432,36.03759,50.03,0866:50:50,1,02
16:58:04,0.07408,217.00,0.42836,6.89984,5.03688,29.29433,36.03759,50.03,0866:50:51,1,02
16:58:05,0.07386,216.80,0.42938,6.8924,5.03145,29.29433,36.03759,50.01,0866:50:52,1,02
16:58:06,0.07379,216.80,0.42905,6.8775,5.02058,29.29433,36.03759,50.01,0866:50:53,1,02
16:58:07,0.07393,216.70,0.4293,6.89426,5.03281,29.29433,36.03759,50.03,0866:50:55,1,02
16:58:08,0.07412,216.80,0.42915,6.91101,5.04504,29.29433,36.03759,50.03,0866:50:56,1,02
16:58:09,0.07444,216.90,0.42961,6.95196,5.07493,29.29434,36.03761,50.01,0866:50:57,1,02
16:58:10,0.07386,217.10,0.42852,6.88495,5.02601,29.29434,36.03761,50.01,0866:50:58,1,02
16:58:11,0.07374,217.20,0.43079,6.91659,5.04911,29.29434,36.03761,50.04,0866:50:59,1,02
16:58:12,0.07389,217.30,0.42991,6.91845,5.05047,29.29434,36.03761,50.04,0866:51:00,1,02
16:58:13,0.07393,217.30,0.42718,6.87937,5.02194,29.29434,36.03762,50.04,0866:51:01,1,02
16:58:14,0.07404,217.30,0.42865,6.91101,5.04504,29.29435,36.03762,50.03,0866:51:02,1,02
16:58:15,0.07382,217.30,0.42836,6.88867,5.02873,29.29435,36.03762,50.03,0866:51:03,1,02
16:58:16,0.07426,217.30,0.42819,6.9259,5.05591,29.29435,36.03762,50.04,0866:51:04,1,02
16:58:17,0.07379,217.20,0.43038,6.91473,5.04775,29.29435,36.03762,50.04,0866:51:05,1,02
16:58:18,0.07437,217.40,0.42834,6.94265,5.06813,29.29435,36.03762,50.04,0866:51:06,1,02
16:58:19,0.07374,217.40,0.43014,6.91101,5.04504,29.29436,36.03762,50.04,0866:51:07,1,02
16:58:20,0.07367,217.30,0.43039,6.90542,5.04096,29.29436,36.03762,50.03,0866:51:08,1,02
16:58:21,0.07364,217.20,0.42987,6.89053,5.03009,29.29436,36.03764,50.03,0866:51:09,1,02
16:58:22,0.07382,217.10,0.43013,6.90915,5.04368,29.29436,36.03764,50.03,0866:51:10,1,02
16:58:23,0.07419,217.10,0.42827,6.91287,5.04639,29.29436,36.03764,50.03,0866:51:11,1,02
16:58:24,0.07419,217.10,0.42827,6.91287,5.04639,29.29436,36.03764,50.03,0866:51:11,1,02
16:58:25,0.07374,217.30,0.42875,6.88123,5.0233,29.29437,36.03765,50.01,0866:51:12,1,02
16:58:26,0.07374,217.30,0.42942,6.89612,5.03417,29.29437,36.03765,50.01,0866:51:13,1,02
16:58:27,0.07386,217.20,0.42927,6.9017,5.03824,29.29437,36.03765,50.03,0866:51:15,1,02
16:58:28,0.0743,217.20,0.42808,6.92404,5.05455,29.29437,36.03765,50.03,0866:51:16,1,02
16:58:29,0.07382,217.30,0.43066,6.92404,5.05455,29.29437,36.03765,50.03,0866:51:17,1,02
16:58:30,0.07422,217.20,0.43112,6.96685,5.0858,29.29438,36.03765,50.03,0866:51:18,1,02
16:58:31,0.07364,217.30,0.43141,6.91845,5.05047,29.29438,36.03765,50.03,0866:51:19,1,02
16:58:32,0.07374,217.40,0.43188,6.93893,5.06542,29.29438,36.03765,50.03,0866:51:20,1,02
16:58:33,0.07389,217.40,0.42776,6.88867,5.02873,29.29438,36.03767,50.01,0866:51:21,1,02
16:58:34,0.07389,217.40,0.42821,6.89426,5.03281,29.29438,36.03767,50.03,0866:51:22,1,02
16:58:35,0.074,217.50,0.42869,6.91473,5.04775,29.29439,36.03767,50.03,0866:51:23,1,02
16:58:36,0.07389,217.50,0.4309,6.94079,5.06678,29.29439,36.03767,50.03,0866:51:24,1,02
16:58:37,0.07374,217.60,0.42963,6.90915,5.04368,29.29439,36.03767,50.03,0866:51:25,1,02
16:58:38,0.07393,217.60,0.42831,6.90542,5.04096,29.29439,36.03767,50.03,0866:51:26,1,02
16:58:39,0.07412,217.50,0.42962,6.94265,5.06813,29.29439,36.03767,50.03,0866:51:27,1,02
16:58:40,0.07379,217.50,0.42874,6.89798,5.03552,29.2944,36.03769,50.04,0866:51:28,1,02
16:58:41,0.07408,217.50,0.42967,6.93707,5.06406,29.2944,36.03769,50.04,0866:51:29,1,02
16:58:42,0.07386,217.50,0.4268,6.87006,5.01514,29.2944,36.03769,50.03,0866:51:30,1,02
16:58:43,0.07404,217.40,0.42743,6.89612,5.03417,29.2944,36.03769,50.03,0866:51:31,1,02
16:58:44,0.07386,217.40,0.42875,6.89984,5.03688,29.2944,36.0377,50.03,0866:51:32,1,02
16:58:45,0.07397,217.50,0.42831,6.90542,5.04096,29.29441,36.0377,50.03,0866:51:33,1,02
16:58:46,0.074,217.40,0.42948,6.9259,5.05591,29.29441,36.0377,50.04,0866:51:34,1,02
16:58:47,0.07437,217.20,0.4277,6.9259,5.05591,29.29441,36.0377,50.04,0866:51:35,1,02
16:58:48,0.07367,217.30,0.42993,6.89798,5.03552,29.29441,36.0377,50.04,0866:51:37,1,02
16:58:49,0.07367,217.30,0.42993,6.89798,5.03552,29.29441,36.0377,50.04,0866:51:37,1,02
16:58:50,0.07374,217.30,0.43001,6.90729,5.04232,29.29441,36.0377,50.04,0866:51:38,1,02
16:58:51,0.07334,217.30,0.43007,6.8682,5.01378,29.29442,36.0377,50.04,0866:51:39,1,02
16:58:52,0.07364,217.30,0.43013,6.89798,5.03552,29.29442,36.03772,50.04,0866:51:40,1,02
16:58:53,0.07386,217.30,0.42874,6.89798,5.03552,29.29442,36.03772,50.04,0866:51:41,1,02
16:58:54,0.07379,217.40,0.42857,6.89053,5.03009,29.29442,36.03772,50.04,0866:51:42,1,02
16:58:55,0.07404,217.40,0.42916,6.92404,5.05455,29.29442,36.03772,50.03,0866:51:43,1,02
16:58:56,0.07364,217.40,0.43005,6.89984,5.03688,29.29443,36.03773,50.04,0866:51:44,1,02
16:58:57,0.07389,217.30,0.42877,6.9017,5.03824,29.29443,36.03773,50.04,0866:51:45,1,02
16:58:58,0.07419,217.40,0.4301,6.95196,5.07493,29.29443,36.03773,50.04,0866:51:46,1,02
16:58:59,0.07353,217.40,0.42982,6.88495,5.02601,29.29443,36.03773,50.04,0866:51:47,1,02
16:59:00,0.07353,217.40,0.43111,6.90729,5.04232,29.29443,36.03773,50.04,0866:51:48,1,02
16:59:01,0.07356,217.40,0.42997,6.89053,5.03009,29.29444,36.03773,50.04,0866:51:49,1,02
16:59:02,0.0743,217.30,0.4289,6.93893,5.06542,29.29444,36.03773,50.03,0866:51:50,1,02
16:59:03,0.07338,217.30,0.4315,6.89426,5.03281,29.29444,36.03773,50.03,0866:51:51,1,02
16:59:04,0.07367,217.20,0.43003,6.89798,5.03552,29.29444,36.03775,50.03,0866:51:52,1,02
16:59:05,0.0736,217.30,0.43021,6.89612,5.03417,29.29444,36.03775,50.03,0866:51:53,1,02
16:59:06,0.07341,217.20,0.42955,6.86634,5.01243,29.29445,36.03775,50.03,0866:51:54,1,02
16:59:07,0.07371,217.10,0.42932,6.88495,5.02601,29.29445,36.03775,50.03,0866:51:55,1,02
16:59:08,0.07364,217.10,0.43237,6.9259,5.05591,29.29445,36.03775,50.03,0866:51:56,1,02
16:59:09,0.07349,216.90,0.43137,6.89053,5.03009,29.29445,36.03775,50.03,0866:51:58,1,02
16:59:10,0.0736,216.90,0.43067,6.89053,5.03009,29.29445,36.03775,50.03,0866:51:59,1,02
16:59:11,0.07415,216.90,0.42989,6.92776,5.05726,29.29446,36.03777,50.03,0866:52:00,1,02
16:59:12,0.07367,216.90,0.43075,6.89984,5.03688,29.29446,36.03777,50.01,0866:52:01,1,02
16:59:13,0.07367,217.10,0.42998,6.8924,5.03145,29.29446,36.03777,50.01,0866:52:02,1,02
16:59:14,0.07341,217.20,0.43093,6.88681,5.02737,29.29446,36.03777,50.03,0866:52:03,1,02
16:59:15,0.07341,217.20,0.43093,6.88681,5.02737,29.29446,36.03777,50.03,0866:52:03,1,02
16:59:16,0.07389,217.10,0.43183,6.94451,5.06949,29.29446,36.03778,50.03,0866:52:04,1,02
16:59:17,0.07397,217.10,0.42854,6.89798,5.03552,29.29447,36.03778,50.03,0866:52:05,1,02
16:59:18,0.07404,217.10,0.42837,6.9017,5.03824,29.29447,36.03778,50.03,0866:52:06,1,02
16:59:19,0.074,217.10,0.43042,6.93148,5.05998,29.29447,36.03778,50.03,0866:52:07,1,02
16:59:20,0.07386,217.20,0.42994,6.91101,5.04504,29.29447,36.03778,50.04,0866:52:08,1,02
16:59:21,0.07379,217.10,0.42996,6.9017,5.03824,29.29447,36.03778,50.04,0866:52:09,1,02
16:59:22,0.07386,217.10,0.42887,6.89053,5.03009,29.29448,36.03778,50.03,0866:52:10,1,02
16:59:23,0.07412,217.00,0.43037,6.93707,5.06406,29.29448,36.03778,50.03,0866:52:11,1,02
16:59:24,0.07389,216.90,0.42862,6.88495,5.02601,29.29448,36.0378,50.03,0866:52:12,1,02
16:59:25,0.0743,216.80,0.42804,6.90915,5.04368,29.29448,36.0378,50.03,0866:52:13,1,02
16:59:26,0.07419,216.70,0.42814,6.89798,5.03552,29.29448,36.0378,50.03,0866:52:14,1,02
16:59:27,0.07374,216.70,0.42944,6.87564,5.01922,29.29449,36.0378,50.03,0866:52:15,1,02
16:59:28,0.07397,216.60,0.4316,6.92962,5.05862,29.29449,36.0378,50.04,0866:52:16,1,02
16:59:29,0.07374,216.60,0.42988,6.88123,5.0233,29.29449,36.0378,50.04,0866:52:18,1,02
16:59:30,0.07382,216.60,0.4288,6.87192,5.0165,29.29449,36.0378,50.03,0866:52:19,1,02
16:59:31,0.07422,216.60,0.42837,6.9017,5.03824,29.29449,36.03782,50.03,0866:52:20,1,02
16:59:32,0.07374,216.70,0.43212,6.92031,5.05183,29.2945,36.03782,50.04,0866:52:21,1,02
16:59:33,0.07397,216.60,0.4287,6.88309,5.02465,29.2945,36.03782,50.04,0866:52:22,1,02
16:59:34,0.07426,216.60,0.42864,6.90915,5.04368,29.2945,36.03782,50.04,0866:52:23,1,02
16:59:35,0.07426,216.50,0.42921,6.91845,5.05047,29.2945,36.03783,50.04,0866:52:24,1,02
16:59:36,0.07419,216.50,0.42715,6.87564,5.01922,29.2945,36.03783,50.04,0866:52:25,1,02
16:59:37,0.07419,216.30,0.43184,6.94637,5.07085,29.29451,36.03783,50.04,0866:52:26,1,02
16:59:38,0.07397,216.30,0.43104,6.91101,5.04504,29.29451,36.03783,50.04,0866:52:27,1,02
16:59:39,0.07397,216.30,0.43104,6.91101,5.04504,29.29451,36.03783,50.04,0866:52:27,1,02
16:59:41,0.07393,216.20,0.43063,6.89798,5.03552,29.29451,36.03783,50.04,0866:52:28,1,02
16:59:42,0.07374,216.10,0.43148,6.8924,5.03145,29.29451,36.03783,50.04,0866:52:29,1,02
16:59:43,0.07397,216.10,0.43065,6.89984,5.03688,29.29451,36.03783,50.04,0866:52:30,1,02
16:59:44,0.07422,216.10,0.431,6.92962,5.05862,29.29452,36.03785,50.04,0866:52:31,1,02
16:59:45,0.07422,216.20,0.42905,6.89984,5.03688,29.29452,36.03785,50.03,0866:52:32,1,02
16:59:46,0.07404,216.20,0.43063,6.90915,5.04368,29.29452,36.03785,50.03,0866:52:33,1,02
16:59:47,0.074,216.30,0.42923,6.88681,5.02737,29.29452,36.03785,50.04,0866:52:34,1,02
16:59:48,0.074,216.30,0.42968,6.8924,5.03145,29.29452,36.03786,50.04,0866:52:35,1,02
16:59:49,0.07441,215.80,0.42898,6.90356,5.0396,29.29453,36.03786,50.03,0866:52:36,1,02
16:59:50,0.07412,215.50,0.43129,6.90542,5.04096,29.29453,36.03786,50.03,0866:52:37,1,02
16:59:51,0.07408,215.50,0.43123,6.89798,5.03552,29.29453,36.03786,50.04,0866:52:39,1,02
16:59:52,0.07419,215.40,0.43005,6.88867,5.02873,29.29453,36.03786,50.04,0866:52:40,1,02
16:59:53,0.07374,215.40,0.43198,6.87937,5.02194,29.29453,36.03786,50.03,0866:52:41,1,02
16:59:54,0.07433,215.50,0.43159,6.92776,5.05726,29.29454,36.03786,50.03,0866:52:42,1,02
16:59:55,0.07415,215.60,0.43063,6.89798,5.03552,29.29454,36.03786,50.04,0866:52:43,1,02
16:59:56,0.07466,215.60,0.43355,6.99477,5.10618,29.29454,36.03788,50.03,0866:52:44,1,02
16:59:57,0.07459,215.80,0.43215,6.97057,5.08852,29.29454,36.03788,50.03,0866:52:45,1,02
16:59:58,0.0743,215.80,0.43165,6.9352,5.0627,29.29454,36.03788,50.03,0866:52:46,1,02
16:59:59,0.07412,215.70,0.4303,6.89426,5.03281,29.29455,36.03788,50.03,0866:52:47,1,02
17:00:00,0.07419,215.70,0.43129,6.91659,5.04911,29.29455,36.03788,50.03,0866:52:48,1,02
17:00:01,0.07408,215.40,0.4326,6.91659,5.04911,29.29455,36.03788,50.03,0866:52:49,1,02
17:00:02,0.07466,215.20,0.43088,6.93893,5.06542,29.29455,36.03788,50.03,0866:52:50,1,02
17:00:03,0.07455,215.30,0.43267,6.96126,5.08172,29.29455,36.0379,50.03,0866:52:51,1,02
17:00:04,0.07419,215.70,0.43129,6.91659,5.04911,29.29456,36.0379,50.04,0866:52:52,1,02
17:00:05,0.07419,215.70,0.43129,6.91659,5.04911,29.29456,36.0379,50.04,0866:52:52,1,02
17:00:06,0.07415,216.00,0.43205,6.9352,5.0627,29.29456,36.0379,50.04,0866:52:53,1,02
17:00:07,0.07448,216.20,0.42897,6.92404,5.05455,29.29456,36.0379,50.04,0866:52:54,1,02
17:00:08,0.07404,216.20,0.43109,6.91659,5.04911,29.29456,36.03791,50.04,0866:52:55,1,02
17:00:09,0.07433,216.00,0.43154,6.94637,5.07085,29.29456,36.03791,50.03,0866:52:56,1,02
17:00:10,0.0743,216.20,0.4305,6.92962,5.05862,29.29457,36.03791,50.03,0866:52:57,1,02
17:00:11,0.07433,216.20,0.42986,6.92404,5.05455,29.29457,36.03791,50.03,0866:52:59,1,02
17:00:12,0.0743,216.30,0.42846,6.89984,5.03688,29.29457,36.03791,50.03,0866:53:00,1,02
17:00:13,0.07374,216.40,0.43052,6.88495,5.02601,29.29457,36.03791,50.01,0866:53:01,1,02
17:00:14,0.07364,216.50,0.4316,6.89426,5.03281,29.29457,36.03791,50.01,0866:53:02,1,02
17:00:15,0.07393,216.60,0.43192,6.93148,5.05998,29.29458,36.03793,50.03,0866:53:03,1,02
17:00:16,0.07451,216.60,0.42956,6.94637,5.07085,29.29458,36.03793,50.03,0866:53:04,1,02
17:00:17,0.07419,216.50,0.42877,6.9017,5.03824,29.29458,36.03793,50.03,0866:53:05,1,02
17:00:18,0.07415,216.50,0.42771,6.88309,5.02465,29.29458,36.03793,50.03,0866:53:06,1,02
17:00:19,0.07345,216.60,0.43122,6.87378,5.01786,29.29458,36.03794,50.03,0866:53:07,1,02
17:00:20,0.07364,216.60,0.43118,6.8924,5.03145,29.29459,36.03794,50.03,0866:53:08,1,02
17:00:21,0.07412,216.60,0.42943,6.90915,5.04368,29.29459,36.03794,50.03,0866:53:09,1,02
17:00:22,0.07397,216.50,0.42846,6.8775,5.02058,29.29459,36.03794,50.01,0866:53:10,1,02
17:00:23,0.07433,216.40,0.42982,6.93148,5.05998,29.29459,36.03794,50.01,0866:53:11,1,02
17:00:24,0.07404,216.50,0.42955,6.89984,5.03688,29.2946,36.03794,50.03,0866:53:12,1,02
17:00:25,0.07404,216.40,0.42988,6.90356,5.0396,29.2946,36.03794,50.03,0866:53:13,1,02
17:00:26,0.07422,216.30,0.42713,6.87378,5.01786,29.2946,36.03794,50.04,0866:53:14,1,02
17:00:27,0.07415,216.40,0.42903,6.89798,5.03552,29.2946,36.03796,50.04,0866:53:15,1,02
17:00:28,0.07393,216.30,0.43008,6.8924,5.03145,29.2946,36.03796,50.03,0866:53:16,1,02
17:00:29,0.07386,216.20,0.42975,6.8775,5.02058,29.29461,36.03796,50.03,0866:53:17,1,02
17:00:30,0.07386,216.20,0.42975,6.8775,5.02058,29.29461,36.03796,50.03,0866:53:17,1,02
17:00:31,0.07419,216.10,0.42854,6.88681,5.02737,29.29461,36.03796,50.03,0866:53:19,1,02
17:00:32,0.07408,216.20,0.42996,6.9017,5.03824,29.29461,36.03796,50.03,0866:53:20,1,02
17:00:33,0.074,216.30,0.43003,6.89798,5.03552,29.29461,36.03796,50.01,0866:53:21,1,02
17:00:34,0.07404,216.40,0.42963,6.89798,5.03552,29.29461,36.03796,50.01,0866:53:22,1,02
17:00:35,0.07419,216.30,0.42965,6.91101,5.04504,29.29462,36.03798,50.01,0866:53:23,1,02
17:00:36,0.07477,216.30,0.42778,6.9352,5.0627,29.29462,36.03798,50.01,0866:53:24,1,02
17:00:37,0.07422,216.30,0.42874,6.89798,5.03552,29.29462,36.03798,50.01,0866:53:25,1,02
17:00:38,0.07412,216.10,0.42975,6.89984,5.03688,29.29462,36.03798,50.03,0866:53:26,1,02
17:00:39,0.07415,216.20,0.42852,6.88495,5.02601,29.29462,36.03799,50.03,0866:53:27,1,02
17:00:40,0.07415,216.20,0.42877,6.89053,5.03009,29.29463,36.03799,50.01,0866:53:28,1,02
17:00:41,0.07444,216.20,0.42696,6.88681,5.02737,29.29463,36.03799,50.01,0866:53:29,1,02
17:00:42,0.07393,216.30,0.42917,6.87937,5.02194,29.29463,36.03799,50.01,0866:53:30,1,02
17:00:43,0.07419,216.20,0.43074,6.92218,5.05319,29.29463,36.03799,50.01,0866:53:31,1,02
17:00:44,0.07415,216.10,0.42895,6.88867,5.02873,29.29463,36.03799,50.01,0866:53:32,1,02
17:00:45,0.07426,216.20,0.42885,6.89984,5.03688,29.29464,36.03799,50.01,0866:53:33,1,02
17:00:46,0.07448,216.20,0.42768,6.9017,5.03824,29.29464,36.03801,50.00,0866:53:34,1,02
17:00:47,0.07415,216.30,0.42915,6.89984,5.03688,29.29464,36.03801,50.00,0866:53:35,1,02
17:00:48,0.07412,216.40,0.42981,6.90729,5.04232,29.29464,36.03801,50.00,0866:53:36,1,02
17:00:49,0.07444,216.40,0.42933,6.93148,5.05998,29.29464,36.03801,50.00,0866:53:37,1,02
17:00:50,0.07441,216.40,0.42916,6.92404,5.05455,29.29465,36.03802,50.00,0866:53:38,1,02
17:00:51,0.07412,216.70,0.4306,6.92962,5.05862,29.29465,36.03802,50.00,0866:53:40,1,02
17:00:52,0.07404,216.60,0.43006,6.91287,5.04639,29.29465,36.03802,50.00,0866:53:41,1,02
17:00:53,0.07393,216.60,0.42915,6.88867,5.02873,29.29465,36.03802,50.00,0866:53:42,1,02
17:00:54,0.07393,216.60,0.42915,6.88867,5.02873,29.29465,36.03802,50.00,0866:53:42,1,02
17:00:55,0.07404,216.60,0.42925,6.89984,5.03688,29.29465,36.03802,49.99,0866:53:43,1,02
17:00:56,0.07415,216.80,0.43055,6.9352,5.0627,29.29466,36.03802,49.99,0866:53:44,1,02
17:00:57,0.07459,216.90,0.43262,7.01524,5.12113,29.29466,36.03802,49.99,0866:53:45,1,02
17:00:58,0.0736,216.50,0.43112,6.88495,5.02601,29.29466,36.03802,49.98,0866:53:46,1,02
17:00:59,0.07393,216.80,0.43049,6.91659,5.04911,29.29466,36.03804,49.98,0866:53:47,1,02
17:01:00,0.07382,216.90,0.42995,6.89984,5.03688,29.29466,36.03804,49.98,0866:53:48,1,02
17:01:01,0.07404,216.90,0.42887,6.9017,5.03824,29.29467,36.03804,49.98,0866:53:49,1,02
17:01:02,0.07397,217.00,0.42998,6.91473,5.04775,29.29467,36.03804,49.98,0866:53:50,1,02
17:01:03,0.07404,216.90,0.43062,6.93148,5.05998,29.29467,36.03804,49.98,0866:53:51,1,02
17:01:04,0.07389,216.80,0.43081,6.91845,5.05047,29.29467,36.03804,49.98,0866:53:52,1,02
17:01:05,0.07389,216.70,0.4295,6.89426,5.03281,29.29467,36.03804,49.98,0866:53:53,1,02
17:01:06,0.07389,216.70,0.42846,6.8775,5.02058,29.29468,36.03806,49.96,0866:53:54,1,02
17:01:07,0.07349,216.90,0.42834,6.84214,4.99476,29.29468,36.03806,49.96,0866:53:55,1,02
17:01:08,0.07382,216.90,0.43018,6.90356,5.0396,29.29468,36.03806,49.98,0866:53:56,1,02
17:01:09,0.07397,217.00,0.43102,6.93148,5.05998,29.29468,36.03806,49.98,0866:53:57,1,02
17:01:10,0.0736,217.00,0.43128,6.90356,5.0396,29.29468,36.03807,49.96,0866:53:58,1,02
17:01:11,0.07379,217.00,0.43134,6.92218,5.05319,29.29469,36.03807,49.96,0866:53:59,1,02
17:01:12,0.07393,216.90,0.42937,6.9017,5.03824,29.29469,36.03807,49.98,0866:54:01,1,02
17:01:13,0.07426,216.90,0.42908,6.9259,5.05591,29.29469,36.03807,49.98,0866:54:02,1,02
17:01:14,0.07419,216.60,0.42662,6.87192,5.0165,29.29469,36.03807,49.98,0866:54:03,1,02
17:01:15,0.07426,216.60,0.42841,6.90542,5.04096,29.29469,36.03807,49.98,0866:54:04,1,02
17:01:16,0.07412,216.60,0.42793,6.88495,5.02601,29.2947,36.03807,49.98,0866:54:05,1,02
17:01:17,0.07419,216.50,0.42925,6.91101,5.04504,29.2947,36.03809,49.98,0866:54:06,1,02
17:01:18,0.07415,216.50,0.42746,6.8775,5.02058,29.2947,36.03809,49.98,0866:54:07,1,02
17:01:19,0.07415,216.50,0.42746,6.8775,5.02058,29.2947,36.03809,49.98,0866:54:07,1,02
17:01:20,0.07426,216.50,0.4256,6.85703,5.00563,29.2947,36.03809,49.98,0866:54:08,1,02
17:01:21,0.07444,216.60,0.4287,6.92776,5.05726,29.2947,36.03809,49.98,0866:54:09,1,02
17:01:22,0.07393,216.60,0.42971,6.89612,5.03417,29.29471,36.03809,49.99,0866:54:10,1,02
17:01:23,0.07404,216.50,0.42956,6.9017,5.03824,29.29471,36.03809,49.99,0866:54:11,1,02
17:01:24,0.07397,216.50,0.42948,6.8924,5.03145,29.29471,36.03809,49.99,0866:54:12,1,02
17:01:25,0.07433,216.50,0.42855,6.91101,5.04504,29.29471,36.03809,49.99,0866:54:13,1,02
17:01:26,0.07397,216.50,0.42937,6.89053,5.03009,29.29471,36.03811,49.99,0866:54:14,1,02
17:01:27,0.074,216.50,0.42905,6.88867,5.02873,29.29472,36.03811,49.99,0866:54:15,1,02
17:01:28,0.07437,216.50,0.42916,6.92404,5.05455,29.29472,36.03811,49.99,0866:54:16,1,02
17:01:29,0.07408,216.40,0.43062,6.92031,5.05183,29.29472,36.03811,49.99,0866:54:17,1,02
17:01:30,0.07415,216.50,0.42941,6.90729,5.04232,29.29472,36.03812,49.99,0866:54:18,1,02
17:01:31,0.07379,216.40,0.42987,6.87937,5.02194,29.29472,36.03812,49.99,0866:54:19,1,02
17:01:32,0.07412,216.30,0.42912,6.89612,5.03417,29.29473,36.03812,49.99,0866:54:21,1,02
17:01:33,0.07448,216.10,0.42928,6.9259,5.05591,29.29473,36.03812,49.99,0866:54:22,1,02
17:01:34,0.07426,216.10,0.42918,6.90356,5.0396,29.29473,36.03812,49.99,0866:54:23,1,02
17:01:35,0.074,216.20,0.43015,6.89984,5.03688,29.29473,36.03812,49.99,0866:54:24,1,02
17:01:36,0.07408,216.20,0.42995,6.89984,5.03688,29.29473,36.03812,50.00,0866:54:25,1,02
17:01:37,0.07389,216.20,0.43119,6.90542,5.04096,29.29474,36.03814,50.01,0866:54:26,1,02
17:01:38,0.07412,216.30,0.42991,6.90729,5.04232,29.29474,36.03814,50.01,0866:54:27,1,02
17:01:39,0.07415,216.60,0.42946,6.91287,5.04639,29.29474,36.03814,50.00,0866:54:28,1,02
17:01:41,0.07441,216.60,0.42788,6.91287,5.04639,29.29474,36.03814,50.00,0866:54:29,1,02
17:01:42,0.07393,216.70,0.42918,6.8924,5.03145,29.29474,36.03815,50.01,0866:54:30,1,02
17:01:43,0.07397,216.60,0.42918,6.8924,5.03145,29.29475,36.03815,50.01,0866:54:31,1,02
17:01:44,0.07397,216.60,0.42918,6.8924,5.03145,29.29475,36.03815,50.01,0866:54:31,1,02
17:01:45,0.07477,216.60,0.42924,6.96685,5.0858,29.29475,36.03815,50.01,0866:54:32,1,02
17:01:46,0.07437,216.60,0.42816,6.91101,5.04504,29.29475,36.03815,50.01,0866:54:33,1,02
17:01:47,0.07393,216.60,0.429,6.88309,5.02465,29.29475,36.03815,50.03,0866:54:34,1,02
17:01:48,0.07389,216.40,0.42952,6.88495,5.02601,29.29475,36.03815,50.03,0866:54:35,1,02
17:01:49,0.0743,216.50,0.43025,6.9352,5.0627,29.29476,36.03815,50.03,0866:54:36,1,02
17:01:50,0.07408,216.50,0.42996,6.91287,5.04639,29.29476,36.03817,50.03,0866:54:37,1,02
17:01:51,0.074,216.60,0.42933,6.89798,5.03552,29.29476,36.03817,50.03,0866:54:38,1,02
17:01:52,0.07382,216.40,0.42992,6.88495,5.02601,29.29476,36.03817,50.03,0866:54:39,1,02
17:01:53,0.07382,216.50,0.4304,6.89426,5.03281,29.29476,36.03817,50.03,0866:54:40,1,02
17:01:54,0.07422,216.50,0.4295,6.91659,5.04911,29.29477,36.03817,50.03,0866:54:42,1,02
17:01:55,0.0736,216.40,0.43074,6.87564,5.01922,29.29477,36.03817,50.03,0866:54:43,1,02
17:01:56,0.0736,216.40,0.43167,6.89053,5.03009,29.29477,36.03817,50.03,0866:54:44,1,02
17:01:57,0.07353,216.40,0.43137,6.87937,5.02194,29.29477,36.03817,50.03,0866:54:45,1,02
17:01:58,0.0736,216.40,0.43132,6.88495,5.02601,29.29477,36.03819,50.03,0866:54:46,1,02
17:01:59,0.07379,216.30,0.43042,6.88495,5.02601,29.29478,36.03819,50.03,0866:54:47,1,02
17:02:00,0.07408,216.00,0.42943,6.88681,5.02737,29.29478,36.03819,50.04,0866:54:48,1,02
17:02:01,0.07451,216.00,0.43124,6.95754,5.079,29.29478,36.03819,50.04,0866:54:49,1,02
17:02:02,0.07408,216.00,0.43036,6.9017,5.03824,29.29478,36.0382,50.03,0866:54:50,1,02
17:02:03,0.07419,215.90,0.42857,6.87937,5.02194,29.29478,36.0382,50.03,0866:54:51,1,02
17:02:04,0.07426,215.90,0.42796,6.8775,5.02058,29.29479,36.0382,50.01,0866:54:52,1,02
17:02:05,0.07397,215.90,0.4308,6.89426,5.03281,29.29479,36.0382,50.01,0866:54:53,1,02
17:02:06,0.07415,215.90,0.43041,6.90729,5.04232,29.29479,36.0382,50.03,0866:54:54,1,02
17:02:07,0.07389,215.80,0.42967,6.8682,5.01378,29.29479,36.0382,50.03,0866:54:55,1,02
17:02:08,0.0743,215.80,0.43085,6.92404,5.05455,29.29479,36.0382,50.01,0866:54:56,1,02
17:02:09,0.0743,215.80,0.43085,6.92404,5.05455,29.29479,36.0382,50.01,0866:54:56,1,02
17:02:10,0.07412,215.90,0.4286,6.87192,5.0165,29.2948,36.03822,50.01,0866:54:57,1,02
17:02:11,0.074,215.80,0.43035,6.88867,5.02873,29.2948,36.03822,50.03,0866:54:58,1,02
17:02:12,0.07448,215.90,0.43072,6.94265,5.06813,29.2948,36.03822,50.03,0866:54:59,1,02
17:02:13,0.07422,215.90,0.42978,6.90356,5.0396,29.2948,36.03822,50.04,0866:55:00,1,02
17:02:14,0.07466,216.00,0.4301,6.95196,5.07493,29.2948,36.03823,50.04,0866:55:02,1,02
17:02:15,0.07393,216.10,0.43153,6.90915,5.04368,29.29481,36.03823,50.03,0866:55:03,1,02
17:02:16,0.07419,216.00,0.43001,6.90729,5.04232,29.29481,36.03823,50.03,0866:55:04,1,02
17:02:17,0.07422,216.10,0.43087,6.9259,5.05591,29.29481,36.03823,50.03,0866:55:05,1,02
17:02:18,0.07415,216.20,0.42993,6.90915,5.04368,29.29481,36.03823,50.03,0866:55:06,1,02
17:02:19,0.07404,216.20,0.42947,6.89053,5.03009,29.29481,36.03823,50.03,0866:55:07,1,02
17:02:20,0.07393,216.30,0.43111,6.90729,5.04232,29.29482,36.03823,50.01,0866:55:08,1,02
17:02:21,0.07422,216.30,0.43003,6.92031,5.05183,29.29482,36.03825,50.01,0866:55:09,1,02
17:02:22,0.07419,216.40,0.42966,6.91287,5.04639,29.29482,36.03825,50.03,0866:55:10,1,02
17:02:23,0.07412,216.60,0.43022,6.92031,5.05183,29.29482,36.03825,50.03,0866:55:11,1,02
17:02:24,0.07415,216.60,0.42935,6.91101,5.04504,29.29482,36.03825,50.03,0866:55:12,1,02
17:02:25,0.07367,216.80,0.42953,6.87564,5.01922,29.29483,36.03825,50.03,0866:55:13,1,02
17:02:26,0.07382,216.80,0.43001,6.89612,5.03417,29.29483,36.03825,50.01,0866:55:14,1,02
17:02:27,0.07382,216.70,0.42895,6.8775,5.02058,29.29483,36.03825,50.01,0866:55:15,1,02
17:02:28,0.07426,216.60,0.42923,6.92031,5.05183,29.29483,36.03825,50.01,0866:55:16,1,02
17:02:29,0.07393,216.50,0.42945,6.88867,5.02873,29.29483,36.03827,50.01,0866:55:17,1,02
17:02:30,0.07364,216.50,0.43079,6.88123,5.0233,29.29484,36.03827,50.01,0866:55:18,1,02
17:02:31,0.07386,216.40,0.42993,6.88681,5.02737,29.29484,36.03827,50.01,0866:55:19,1,02
17:02:32,0.07393,216.50,0.43015,6.89984,5.03688,29.29484,36.03827,50.00,0866:55:20,1,02
17:02:33,0.07419,216.40,0.42956,6.91287,5.04639,29.29484,36.03828,50.00,0866:55:21,1,02
17:02:34,0.07419,216.40,0.42956,6.91287,5.04639,29.29484,36.03828,50.00,0866:55:21,1,02
17:02:35,0.07374,216.50,0.43043,6.88681,5.02737,29.29484,36.03828,50.00,0866:55:23,1,02
17:02:36,0.07393,216.40,0.42965,6.88867,5.02873,29.29485,36.03828,50.00,0866:55:24,1,02
17:02:37,0.07415,216.40,0.42998,6.91473,5.04775,29.29485,36.03828,49.99,0866:55:25,1,02
17:02:38,0.07419,216.40,0.42839,6.8924,5.03145,29.29485,36.03828,49.99,0866:55:26,1,02
17:02:39,0.07397,216.30,0.42978,6.8924,5.03145,29.29485,36.03828,49.98,0866:55:27,1,02
17:02:40,0.07349,216.40,0.42865,6.83283,4.98797,29.29485,36.03828,49.96,0866:55:28,1,02
17:02:41,0.07415,216.40,0.42988,6.91473,5.04775,29.29486,36.0383,49.96,0866:55:29,1,02
17:02:42,0.07415,216.50,0.42908,6.90356,5.0396,29.29486,36.0383,49.96,0866:55:30,1,02
17:02:43,0.07422,216.60,0.42941,6.91845,5.05047,29.29486,36.0383,49.96,0866:55:31,1,02
17:02:44,0.07404,216.60,0.42902,6.89612,5.03417,29.29486,36.0383,49.95,0866:55:32,1,02
17:02:45,0.07408,216.70,0.42999,6.91659,5.04911,29.29486,36.03831,49.95,0866:55:33,1,02
17:02:46,0.07393,216.70,0.42847,6.87937,5.02194,29.29487,36.03831,49.95,0866:55:34,1,02
17:02:47,0.07404,216.70,0.42918,6.90356,5.0396,29.29487,36.03831,49.95,0866:55:35,1,02
17:02:48,0.0747,216.90,0.42869,6.9594,5.08036,29.29487,36.03831,49.95,0866:55:36,1,02
17:02:49,0.07419,217.00,0.42834,6.90915,5.04368,29.29487,36.03831,49.95,0866:55:37,1,02
17:02:50,0.07386,216.90,0.43034,6.91101,5.04504,29.29487,36.03831,49.95,0866:55:38,1,02
17:02:51,0.07393,216.90,0.43028,6.91473,5.04775,29.29488,36.03831,49.95,0866:55:39,1,02
17:02:52,0.07397,216.80,0.42715,6.86448,5.01107,29.29488,36.03833,49.96,0866:55:40,1,02
17:02:53,0.07444,216.70,0.42806,6.92218,5.05319,29.29488,36.03833,49.96,0866:55:41,1,02
17:02:54,0.07426,216.80,0.42836,6.91101,5.04504,29.29488,36.03833,49.95,0866:55:42,1,02
17:02:55,0.07419,216.70,0.42816,6.89984,5.03688,29.29488,36.03833,49.95,0866:55:44,1,02
17:02:56,0.07397,216.80,0.42923,6.89798,5.03552,29.29489,36.03833,49.96,0866:55:45,1,02
17:02:57,0.07397,216.70,0.42794,6.87564,5.01922,29.29489,36.03833,49.96,0866:55:46,1,02
17:02:58,0.07397,216.70,0.42945,6.89984,5.03688,29.29489,36.03833,49.96,0866:55:47,1,02
17:02:59,0.07397,216.70,0.42945,6.89984,5.03688,29.29489,36.03833,49.96,0866:55:47,1,02
17:03:00,0.07404,216.70,0.42963,6.90915,5.04368,29.29489,36.03833,49.95,0866:55:48,1,02
17:03:01,0.07426,216.70,0.42982,6.93148,5.05998,29.2949,36.03835,49.95,0866:55:49,1,02
17:03:02,0.07404,216.60,0.4289,6.89426,5.03281,29.2949,36.03835,49.96,0866:55:50,1,02
17:03:03,0.07444,216.60,0.42651,6.8924,5.03145,29.2949,36.03835,49.96,0866:55:51,1,02
17:03:04,0.07415,216.60,0.42935,6.91101,5.04504,29.2949,36.03835,49.96,0866:55:52,1,02
17:03:05,0.07404,216.60,0.42867,6.89053,5.03009,29.2949,36.03836,49.96,0866:55:53,1,02
17:03:06,0.07379,216.60,0.42713,6.84028,4.9934,29.29491,36.03836,49.96,0866:55:54,1,02
17:03:07,0.07397,216.50,0.42904,6.88681,5.02737,29.29491,36.03836,49.96,0866:55:55,1,02
17:03:08,0.0747,216.50,0.42683,6.91659,5.04911,29.29491,36.03836,49.96,0866:55:56,1,02
17:03:09,0.07419,216.40,0.42816,6.88867,5.02873,29.29491,36.03836,49.96,0866:55:57,1,02
17:03:10,0.07415,216.40,0.42836,6.88867,5.02873,29.29491,36.03836,49.96,0866:55:58,1,02
17:03:11,0.07444,216.50,0.4275,6.90356,5.0396,29.29492,36.03836,49.96,0866:55:59,1,02
17:03:12,0.07448,216.60,0.42793,6.91845,5.05047,29.29492,36.03838,49.98,0866:56:00,1,02
17:03:13,0.07448,216.70,0.42832,6.92962,5.05862,29.29492,36.03838,49.98,0866:56:01,1,02
17:03:14,0.07408,216.70,0.42897,6.9017,5.03824,29.29492,36.03838,49.99,0866:56:02,1,02
17:03:15,0.07408,216.70,0.42965,6.91101,5.04504,29.29492,36.03838,49.99,0866:56:04,1,02
17:03:16,0.07408,216.60,0.42963,6.90915,5.04368,29.29493,36.03838,49.98,0866:56:05,1,02
17:03:17,0.07412,216.80,0.42926,6.91287,5.04639,29.29493,36.03838,49.98,0866:56:06,1,02
17:03:18,0.07379,216.90,0.42978,6.8924,5.03145,29.29493,36.03838,50.00,0866:56:07,1,02
17:03:19,0.07408,216.80,0.42935,6.91101,5.04504,29.29493,36.03839,50.00,0866:56:08,1,02
17:03:20,0.07397,216.80,0.43029,6.91659,5.04911,29.29493,36.03839,49.99,0866:56:09,1,02
17:03:21,0.07382,216.80,0.4292,6.88309,5.02465,29.29494,36.03839,50.00,0866:56:10,1,02
17:03:22,0.07374,216.70,0.42864,6.86448,5.01107,29.29494,36.03839,50.00,0866:56:11,1,02
17:03:23,0.07374,216.70,0.42864,6.86448,5.01107,29.29494,36.03839,50.00,0866:56:11,1,02
17:03:24,0.074,216.70,0.42958,6.90356,5.0396,29.29494,36.03841,50.00,0866:56:12,1,02
17:03:25,0.07393,216.60,0.42857,6.87937,5.02194,29.29494,36.03841,50.00,0866:56:13,1,02
17:03:26,0.07419,216.60,0.42961,6.91845,5.05047,29.29494,36.03841,50.01,0866:56:14,1,02
17:03:27,0.07408,216.60,0.42799,6.88123,5.0233,29.29495,36.03841,50.01,0866:56:15,1,02
17:03:28,0.07393,216.60,0.42763,6.86261,5.00971,29.29495,36.03841,50.01,0866:56:16,1,02
17:03:29,0.07379,216.60,0.42948,6.88123,5.0233,29.29495,36.03841,50.01,0866:56:17,1,02
17:03:30,0.07412,216.70,0.42819,6.8924,5.03145,29.29495,36.03841,50.03,0866:56:18,1,02
17:03:31,0.07404,216.60,0.42867,6.89053,5.03009,29.29495,36.03841,50.03,0866:56:19,1,02
17:03:32,0.07455,216.60,0.42778,6.92404,5.05455,29.29496,36.03843,50.01,0866:56:20,1,02
17:03:33,0.07422,216.50,0.42672,6.87192,5.0165,29.29496,36.03843,50.01,0866:56:21,1,02
17:03:34,0.07412,216.50,0.42789,6.88123,5.0233,29.29496,36.03843,50.01,0866:56:22,1,02
17:03:35,0.0743,216.50,0.42852,6.90729,5.04232,29.29496,36.03844,50.01,0866:56:24,1,02
17:03:36,0.07448,216.50,0.42696,6.89798,5.03552,29.29496,36.03844,50.01,0866:56:25,1,02
17:03:37,0.07444,216.30,0.42643,6.88309,5.02465,29.29497,36.03844,50.01,0866:56:26,1,02
17:03:39,0.07455,216.40,0.42841,6.92776,5.05726,29.29497,36.03844,50.03,0866:56:27,1,02
17:03:40,0.07419,216.40,0.42827,6.89053,5.03009,29.29497,36.03844,50.03,0866:56:28,1,02
17:03:41,0.07448,216.30,0.42735,6.89798,5.03552,29.29497,36.03844,50.03,0866:56:29,1,02
17:03:42,0.07451,216.20,0.42796,6.91101,5.04504,29.29497,36.03844,50.01,0866:56:30,1,02
17:03:43,0.07455,216.20,0.42637,6.88681,5.02737,29.29498,36.03844,50.01,0866:56:31,1,02
17:03:44,0.07448,216.40,0.42913,6.93148,5.05998,29.29498,36.03846,50.04,0866:56:32,1,02
17:03:45,0.07422,216.60,0.42884,6.90915,5.04368,29.29498,36.03846,50.04,0866:56:33,1,02
17:03:46,0.0747,216.50,0.42813,6.94079,5.06678,29.29498,36.03846,50.01,0866:56:34,1,02
17:03:47,0.07433,216.40,0.42679,6.87937,5.02194,29.29498,36.03846,50.01,0866:56:35,1,02
17:03:48,0.07426,216.30,0.42867,6.9017,5.03824,29.29499,36.03846,50.03,0866:56:36,1,02
17:03:49,0.07426,216.30,0.42867,6.9017,5.03824,29.29499,36.03846,50.03,0866:56:36,1,02
17:03:50,0.07404,216.20,0.42947,6.89053,5.03009,29.29499,36.03846,50.03,0866:56:37,1,02
17:03:51,0.07415,216.10,0.42836,6.8775,5.02058,29.29499,36.03846,50.01,0866:56:38,1,02
17:03:52,0.07437,216.00,0.42834,6.89798,5.03552,29.29499,36.03848,50.01,0866:56:39,1,02
17:03:53,0.07502,216.20,0.42798,6.95754,5.079,29.29499,36.03848,50.01,0866:56:40,1,02
17:03:54,0.07459,216.20,0.42642,6.8924,5.03145,29.295,36.03848,50.01,0866:56:41,1,02
17:03:55,0.07473,216.20,0.42678,6.91101,5.04504,29.295,36.03848,50.01,0866:56:42,1,02
17:03:56,0.07466,216.40,0.42562,6.89053,5.03009,29.295,36.03849,50.01,0866:56:44,1,02
17:03:57,0.07455,216.20,0.42512,6.8682,5.01378,29.295,36.03849,50.01,0866:56:45,1,02
17:03:58,0.07462,216.20,0.42566,6.88495,5.02601,29.295,36.03849,50.01,0866:56:46,1,02
17:03:59,0.0747,216.30,0.42745,6.92031,5.05183,29.29501,36.03849,50.01,0866:56:47,1,02
17:04:00,0.07477,216.20,0.42682,6.91473,5.04775,29.29501,36.03849,50.01,0866:56:48,1,02
17:04:01,0.0747,216.00,0.42727,6.91101,5.04504,29.29501,36.03849,50.01,0866:56:49,1,02
17:04:02,0.07484,216.00,0.4275,6.9259,5.05591,29.29501,36.03849,50.01,0866:56:50,1,02
17:04:03,0.07437,216.10,0.42743,6.88495,5.02601,29.29501,36.03851,50.01,0866:56:51,1,02
17:04:04,0.07441,216.10,0.42783,6.89612,5.03417,29.29502,36.03851,50.00,0866:56:52,1,02
17:04:05,0.07433,216.10,0.42798,6.89053,5.03009,29.29502,36.03851,50.00,0866:56:53,1,02
17:04:06,0.07437,216.20,0.42747,6.88867,5.02873,29.29502,36.03851,50.00,0866:56:54,1,02
17:04:07,0.0748,216.30,0.42826,6.94451,5.06949,29.29502,36.03852,50.00,0866:56:55,1,02
17:04:08,0.0743,216.40,0.42862,6.90729,5.04232,29.29502,36.03852,49.99,0866:56:56,1,02
17:04:09,0.07419,216.30,0.42801,6.88309,5.02465,29.29503,36.03852,49.99,0866:56:57,1,02
17:04:10,0.07422,216.40,0.42786,6.88867,5.02873,29.29503,36.03852,49.99,0866:56:58,1,02
17:04:11,0.07426,216.50,0.4293,6.91659,5.04911,29.29503,36.03852,49.99,0866:56:59,1,02
17:04:12,0.07455,216.40,0.42737,6.91101,5.04504,29.29503,36.03852,49.98,0866:57:00,1,02
17:04:13,0.07455,216.40,0.42737,6.91101,5.04504,29.29503,36.03852,49.98,0866:57:00,1,02
17:04:14,0.07419,216.40,0.42887,6.9017,5.03824,29.29503,36.03852,49.98,0866:57:01,1,02
17:04:15,0.0743,216.50,0.42748,6.89053,5.03009,29.29504,36.03852,49.99,0866:57:02,1,02
17:04:16,0.07433,216.50,0.42672,6.88309,5.02465,29.29504,36.03854,49.99,0866:57:03,1,02
17:04:17,0.07466,216.50,0.42636,6.90729,5.04232,29.29504,36.03854,49.99,0866:57:05,1,02
17:04:18,0.07422,216.50,0.42893,6.90915,5.04368,29.29504,36.03854,49.99,0866:57:06,1,02
17:04:19,0.07437,216.50,0.42699,6.89053,5.03009,29.29504,36.03854,49.99,0866:57:07,1,02
17:04:20,0.07462,216.50,0.42814,6.93148,5.05998,29.29505,36.03854,49.99,0866:57:08,1,02
17:04:21,0.07441,216.50,0.42725,6.89798,5.03552,29.29505,36.03854,49.99,0866:57:09,1,02
17:04:22,0.07451,216.40,0.42698,6.89984,5.03688,29.29505,36.03854,49.98,0866:57:10,1,02
17:04:23,0.07448,216.50,0.42755,6.90915,5.04368,29.29505,36.03856,49.98,0866:57:11,1,02
17:04:24,0.07419,216.40,0.42665,6.86448,5.01107,29.29505,36.03856,49.99,0866:57:12,1,02
17:04:25,0.07437,216.30,0.42867,6.91287,5.04639,29.29506,36.03856,49.99,0866:57:13,1,02
17:04:26,0.0748,216.30,0.42793,6.94079,5.06678,29.29506,36.03856,49.98,0866:57:14,1,02
17:04:27,0.07448,216.30,0.42714,6.89612,5.03417,29.29506,36.03857,49.98,0866:57:15,1,02
17:04:28,0.07415,216.30,0.42902,6.89612,5.03417,29.29506,36.03857,49.98,0866:57:16,1,02
17:04:29,0.07386,216.10,0.43067,6.89053,5.03009,29.29506,36.03857,49.98,0866:57:17,1,02
17:04:30,0.07379,216.00,0.42914,6.85331,5.00291,29.29507,36.03857,49.96,0866:57:18,1,02
17:04:31,0.07412,215.80,0.42789,6.85889,5.00699,29.29507,36.03857,49.96,0866:57:19,1,02
17:04:32,0.0748,215.70,0.42819,6.9259,5.05591,29.29507,36.03857,49.96,0866:57:20,1,02
17:04:33,0.07408,215.70,0.43051,6.89612,5.03417,29.29507,36.03857,49.96,0866:57:21,1,02
17:04:34,0.07433,215.90,0.4287,6.89426,5.03281,29.29507,36.03859,49.96,0866:57:22,1,02
17:04:35,0.07426,216.00,0.4272,6.8924,5.03145,29.29508,36.03859,49.96,0866:57:23,1,02
17:04:36,0.07513,216.10,0.42646,6.94079,5.06678,29.29508,36.03859,49.95,0866:57:24,1,02
17:04:37,0.07466,216.00,0.42768,6.91287,5.04639,29.29508,36.03859,49.95,0866:57:25,1,02
17:04:38,0.07459,216.00,0.42875,6.92218,5.05319,29.29508,36.0386,49.95,0866:57:27,1,02
17:04:39,0.07459,216.00,0.42875,6.92218,5.05319,29.29508,36.0386,49.95,0866:57:27,1,02
