接收时间,电流,电压,功率因素,有功功率,年用电量,有功电能,无功电能,电源频率,带负载工作时间,仪表地址,日工作小时
14:16:40,0.14323,216.60,0.49647,15.42868,45.05174,31.13674,0,50.00,0000:15:31,1,08
14:16:41,0.14422,214.80,0.50071,15.53663,45.36696,31.19991,45.09001,50.00,0651:33:08,1,08
14:16:42,0.14453,214.90,0.49837,15.50458,45.27338,31.19991,45.09001,50.00,0651:33:10,1,08
14:16:43,0.13498,214.70,0.49384,14.33735,41.86507,31.19992,45.09001,50.00,0651:33:11,1,08
14:16:44,0.1448,214.90,0.49762,15.51133,45.29308,31.19992,45.09002,50.00,0651:33:12,1,08
14:16:45,0.14399,214.90,0.49967,15.48771,45.22413,31.19993,45.09002,50.00,0651:33:13,1,08
14:16:46,0.14419,214.90,0.49973,15.50796,45.28323,31.19993,45.09003,50.00,0651:33:14,1,08
14:16:47,0.14209,214.80,0.4989,15.25157,44.53458,31.19993,45.09003,50.00,0651:33:15,1,08
14:16:48,0.14472,214.90,0.50081,15.6041,45.56397,31.19994,45.09004,50.00,0651:33:16,1,08
14:16:49,0.13538,214.90,0.49948,14.55157,42.49058,31.19994,45.09004,50.00,0651:33:17,1,08
14:16:50,0.13953,215.00,0.50163,15.0694,44.00265,31.19995,45.09005,50.00,0651:33:18,1,08
14:16:51,0.14304,215.00,0.50433,15.53157,45.35218,31.19995,45.09005,50.00,0651:33:19,1,08
14:16:52,0.14485,215.00,0.49995,15.59567,45.53934,31.19996,45.09005,50.00,0651:33:20,1,08
14:16:53,0.14308,214.90,0.504,15.52482,45.33249,31.19996,45.09006,50.00,0651:33:21,1,08
14:16:54,0.14289,214.90,0.50389,15.50121,45.26353,31.19997,45.09006,50.00,0651:33:22,1,08
14:16:55,0.14405,214.80,0.50381,15.61085,45.58368,31.19997,45.09007,50.00,0651:33:23,1,08
14:16:56,0.14405,214.80,0.50381,15.61085,45.58368,31.19997,45.09007,50.00,0651:33:23,1,08
14:16:57,0.1469,214.70,0.50117,15.83518,46.23874,31.19997,45.09007,50.00,0651:33:24,1,08
14:16:58,0.14278,214.80,0.50555,15.5282,45.34233,31.19998,45.09008,50.00,0651:33:25,1,08
14:16:59,0.14747,214.80,0.50739,16.09832,47.00708,31.19998,45.09008,50.00,0651:33:26,1,08
14:17:00,0.14764,214.60,0.50776,16.11518,47.05634,31.19999,45.09009,50.00,0651:33:27,1,08
14:17:01,0.14895,214.80,0.50669,16.23494,47.40604,31.19999,45.09009,50.00,0651:33:28,1,08
14:17:02,0.14477,214.90,0.50146,15.62265,45.61815,31.2,45.0901,50.00,0651:33:30,1,08
14:17:03,0.14757,214.90,0.5095,16.18603,47.2632,31.2,45.0901,50.00,0651:33:31,1,08
14:17:04,0.14834,214.90,0.51336,16.3935,47.86901,31.20001,45.0901,50.00,0651:33:32,1,08
14:17:05,0.14614,215.00,0.50804,15.99037,46.69187,31.20001,45.09011,50.00,0651:33:33,1,08
14:17:06,0.1512,215.10,0.51859,16.89277,49.3269,31.20002,45.09011,50.00,0651:33:34,1,08
14:17:07,0.15415,215.00,0.51798,17.19807,50.21838,31.20002,45.09012,50.00,0651:33:35,1,08
14:17:08,0.14956,215.00,0.51226,16.49639,48.16946,31.20003,45.09012,50.00,0651:33:36,1,08
14:17:09,0.15178,215.00,0.50934,16.6482,48.61273,31.20003,45.09013,50.00,0651:33:37,1,08
14:17:10,0.15507,214.90,0.51213,17.09518,49.91794,31.20004,45.09013,50.00,0651:33:38,1,08
14:17:11,0.1396,214.90,0.5064,15.21615,44.43115,31.20004,45.09014,50.00,0651:33:39,1,08
14:17:12,0.14251,215.00,0.5022,15.41518,45.01234,31.20005,45.09014,50.00,0651:33:40,1,08
14:17:13,0.1548,215.00,0.51837,17.27735,50.44987,31.20005,45.09015,50.00,0651:33:41,1,08
14:17:14,0.15702,214.90,0.51967,17.56073,51.27733,31.20006,45.09015,50.00,0651:33:42,1,08
14:17:15,0.14343,214.50,0.50558,15.58217,45.49994,31.20006,45.09015,50.00,0651:33:43,1,08
14:17:16,0.15177,214.30,0.51341,16.72241,48.82945,31.20006,45.09016,50.00,0651:33:44,1,08
14:17:17,0.1471,214.20,0.50829,16.03759,46.82978,31.20007,45.09016,50.00,0651:33:45,1,08
14:17:18,0.15099,214.20,0.51547,16.69543,48.75065,31.20007,45.09017,50.00,0651:33:46,1,08
14:17:19,0.15487,214.20,0.51929,17.25542,50.38584,31.20008,45.09017,50.00,0651:33:47,1,08
14:17:20,0.15075,214.30,0.51126,16.54025,48.29752,31.20008,45.09018,50.00,0651:33:48,1,08
14:17:21,0.15075,214.30,0.51126,16.54025,48.29752,31.20008,45.09018,50.00,0651:33:48,1,08
14:17:22,0.14329,214.30,0.50291,15.46747,45.16503,31.20009,45.09018,50.00,0651:33:50,1,08
14:17:23,0.14267,214.30,0.50463,15.45398,45.12562,31.20009,45.09019,50.00,0651:33:51,1,08
14:17:24,0.14332,214.20,0.50609,15.56193,45.44084,31.2001,45.09019,50.00,0651:33:52,1,08
14:17:25,0.14329,214.20,0.50444,15.50796,45.28323,31.2001,45.0902,50.00,0651:33:53,1,08
14:17:26,0.14353,214.20,0.50378,15.50964,45.28815,31.20011,45.0902,50.00,0651:33:54,1,08
14:17:27,0.1409,214.30,0.5019,15.17735,44.31787,31.20011,45.0902,50.00,0651:33:55,1,08
14:17:28,0.14304,214.40,0.50577,15.53326,45.35711,31.20012,45.09021,50.00,0651:33:56,1,08
14:17:29,0.13987,214.30,0.50433,15.14025,44.20952,31.20012,45.09021,50.00,0651:33:57,1,08
14:17:30,0.14296,214.20,0.5061,15.52145,45.32264,31.20012,45.09022,50.00,0651:33:58,1,08
14:17:31,0.14215,214.30,0.50829,15.50796,45.28323,31.20013,45.09022,50.00,0651:33:59,1,08
14:17:32,0.14175,214.40,0.50914,15.49615,45.24875,31.20013,45.09023,50.00,0651:34:00,1,08
14:17:33,0.14216,214.40,0.50928,15.54844,45.40144,31.20014,45.09023,50.00,0651:34:01,1,08
14:17:34,0.1433,214.60,0.5075,15.63109,45.64278,31.20014,45.09023,50.00,0651:34:02,1,08
14:17:35,0.14318,214.60,0.50367,15.5029,45.26846,31.20015,45.09024,50.00,0651:34:03,1,08
14:17:36,0.14359,214.70,0.50208,15.50458,45.27338,31.20015,45.09024,50.00,0651:34:04,1,08
14:17:37,0.14243,214.60,0.50595,15.48771,45.22413,31.20016,45.09025,50.00,0651:34:05,1,08
14:17:38,0.14463,214.60,0.50591,15.72723,45.92352,31.20016,45.09025,50.00,0651:34:06,1,08
14:17:39,0.14365,214.60,0.5047,15.58217,45.49994,31.20017,45.09026,50.00,0651:34:07,1,08
14:17:40,0.14367,214.60,0.50213,15.50458,45.27338,31.20017,45.09026,50.00,0651:34:08,1,08
14:17:41,0.142,214.60,0.50227,15.32747,44.75623,31.20017,45.09027,50.00,0651:34:09,1,08
14:17:42,0.14335,214.70,0.50443,15.55012,45.40636,31.20018,45.09027,50.00,0651:34:11,1,08
14:17:43,0.14332,214.80,0.50334,15.51808,45.31278,31.20018,45.09027,50.00,0651:34:12,1,08
14:17:44,0.14278,214.80,0.50456,15.49952,45.25861,31.20019,45.09028,50.00,0651:34:13,1,08
14:17:45,0.14438,214.80,0.49995,15.53157,45.35218,31.20019,45.09028,50.00,0651:34:14,1,08
14:17:46,0.14389,214.80,0.50223,15.54506,45.39159,31.2002,45.09029,50.00,0651:34:15,1,08
14:17:47,0.14389,214.80,0.50223,15.54506,45.39159,31.2002,45.09029,50.00,0651:34:15,1,08
14:17:48,0.14313,214.80,0.50323,15.49783,45.25368,31.2002,45.09029,50.00,0651:34:16,1,08
14:17:49,0.14394,214.80,0.50289,15.57205,45.47039,31.20021,45.0903,50.00,0651:34:17,1,08
14:17:50,0.14324,214.70,0.50416,15.53326,45.35711,31.20021,45.0903,50.00,0651:34:18,1,08
14:17:51,0.14348,214.80,0.50148,15.47759,45.19457,31.20021,45.09031,50.00,0651:34:19,1,08
14:17:52,0.14329,214.80,0.50427,15.54844,45.40144,31.20022,45.09031,50.00,0651:34:20,1,08
14:17:53,0.1427,214.90,0.50522,15.51639,45.30786,31.20022,45.09031,50.00,0651:34:21,1,08
14:17:54,0.14409,214.80,0.50283,15.58892,45.51965,31.20023,45.09032,50.00,0651:34:22,1,08
14:17:55,0.14458,214.70,0.50553,15.72217,45.90874,31.20023,45.09032,50.00,0651:34:23,1,08
14:17:56,0.14475,214.70,0.50038,15.57543,45.48024,31.20024,45.09033,50.00,0651:34:24,1,08
14:17:57,0.14307,214.60,0.50472,15.52314,45.32756,31.20024,45.09033,50.00,0651:34:25,1,08
14:17:58,0.14373,214.60,0.5042,15.58555,45.5098,31.20025,45.09034,50.00,0651:34:26,1,08
14:17:59,0.14539,214.70,0.50475,15.7829,46.08606,31.20025,45.09034,50.00,0651:34:27,1,08
14:18:00,0.14414,214.70,0.49804,15.44049,45.08622,31.20026,45.09035,50.00,0651:34:28,1,08
14:18:01,0.14302,214.80,0.5028,15.46916,45.16995,31.20026,45.09035,50.00,0651:34:29,1,08
14:18:02,0.13158,214.70,0.49744,14.07591,41.10165,31.20026,45.09035,50.00,0651:34:30,1,08
14:18:03,0.14027,214.70,0.5005,15.09808,44.08638,31.20027,45.09036,50.00,0651:34:32,1,08
14:18:04,0.14397,214.80,0.50016,15.4894,45.22905,31.20027,45.09036,50.00,0651:34:33,1,08
14:18:05,0.14485,214.80,0.49897,15.55012,45.40636,31.20028,45.09037,50.00,0651:34:34,1,08
14:18:06,0.14301,214.70,0.50302,15.47085,45.17487,31.20028,45.09037,50.00,0651:34:35,1,08
14:18:07,0.14305,214.70,0.50576,15.56193,45.44084,31.20029,45.09038,50.00,0651:34:36,1,08
14:18:08,0.14247,215.00,0.50379,15.45904,45.1404,31.20029,45.09038,50.00,0651:34:37,1,08
14:18:09,0.14353,215.00,0.50371,15.57205,45.47039,31.2003,45.09039,50.00,0651:34:38,1,08
14:18:10,0.14472,215.00,0.49978,15.5788,45.49009,31.2003,45.09039,50.00,0651:34:39,1,08
14:18:11,0.1443,215.10,0.50119,15.5788,45.49009,31.2003,45.09039,50.00,0651:34:40,1,08
14:18:12,0.1443,215.10,0.50119,15.5788,45.49009,31.2003,45.09039,50.00,0651:34:40,1,08
14:18:13,0.14471,215.00,0.50065,15.6041,45.56397,31.20031,45.0904,50.00,0651:34:41,1,08
14:18:14,0.14329,215.00,0.50262,15.51133,45.29308,31.20031,45.0904,50.00,0651:34:42,1,08
14:18:15,0.1434,215.10,0.50273,15.52988,45.34726,31.20032,45.09041,50.00,0651:34:43,1,08
14:18:16,0.14425,215.00,0.49859,15.4894,45.22905,31.20032,45.09041,50.00,0651:34:44,1,08
14:18:17,0.14318,215.00,0.50361,15.5282,45.34233,31.20033,45.09042,50.00,0651:34:45,1,08
14:18:18,0.1433,214.90,0.50323,15.52482,45.33249,31.20033,45.09042,50.00,0651:34:46,1,08
14:18:19,0.14428,215.00,0.50011,15.53663,45.36696,31.20034,45.09043,50.00,0651:34:47,1,08
14:18:20,0.14419,215.00,0.49875,15.48265,45.20935,31.20034,45.09043,50.00,0651:34:48,1,08
14:18:21,0.14266,214.90,0.50577,15.53326,45.35711,31.20035,45.09044,50.00,0651:34:49,1,08
14:18:22,0.14242,214.90,0.50391,15.44555,45.10099,31.20035,45.09044,50.00,0651:34:50,1,08
14:18:23,0.1435,214.90,0.50131,15.48097,45.20442,31.20035,45.09044,50.00,0651:34:52,1,08
14:18:24,0.14367,214.90,0.50011,15.46916,45.16995,31.20036,45.09045,50.00,0651:34:53,1,08
14:18:25,0.14379,214.90,0.50016,15.48097,45.20442,31.20036,45.09045,50.00,0651:34:54,1,08
14:18:26,0.14564,214.80,0.50619,15.86555,46.32739,31.20037,45.09046,50.00,0651:34:55,1,08
14:18:27,0.15349,214.80,0.51512,17.00916,49.66675,31.20037,45.09046,50.00,0651:34:56,1,08
14:18:28,0.17188,214.80,0.53294,19.70458,57.53738,31.20038,45.09047,50.00,0651:34:57,1,08
14:18:29,0.19031,214.80,0.52563,21.51784,62.83208,31.20039,45.09047,50.00,0651:34:58,1,08
14:18:30,0.20309,214.80,0.53177,23.23326,67.84111,31.20039,45.09048,50.00,0651:34:59,1,08
14:18:31,0.21027,214.90,0.52009,23.54025,68.73753,31.2004,45.09048,50.00,0651:35:00,1,08
14:18:32,0.22182,214.90,0.52324,24.9841,72.95358,31.20041,45.09049,50.00,0651:35:01,1,08
14:18:33,0.23148,215.00,0.52656,26.24747,76.64263,31.20041,45.0905,50.00,0651:35:02,1,08
14:18:35,0.23139,215.00,0.52153,25.98603,75.87921,31.20042,45.09051,50.00,0651:35:03,1,08
14:18:36,0.22853,215.00,0.52495,25.83591,75.44086,31.20043,45.09051,50.00,0651:35:04,1,08
14:18:37,0.21856,214.90,0.52947,24.90988,72.73686,31.20044,45.09052,50.00,0651:35:05,1,08
14:18:38,0.21168,215.00,0.52905,24.11205,70.4072,31.20044,45.09052,50.00,0651:35:06,1,08
14:18:39,0.21168,215.00,0.52905,24.11205,70.4072,31.20044,45.09052,50.00,0651:35:06,1,08
14:18:40,0.20624,215.00,0.52598,23.36145,68.21543,31.20045,45.09053,50.00,0651:35:07,1,08
14:18:41,0.17521,215.00,0.52714,19.88675,58.06932,31.20046,45.09054,50.00,0651:35:08,1,08
14:18:42,0.17098,214.70,0.52927,19.45832,56.81829,31.20046,45.09054,50.00,0651:35:09,1,08
14:18:43,0.15663,214.80,0.52843,17.80699,51.99642,31.20047,45.09055,50.00,0651:35:10,1,08
14:18:44,0.15972,214.80,0.52729,18.11904,52.90759,31.20047,45.09055,50.00,0651:35:12,1,08
14:18:45,0.15656,214.80,0.51973,17.50675,51.11972,31.20048,45.09056,50.00,0651:35:13,1,08
14:18:46,0.15581,214.80,0.52315,17.53711,51.20837,31.20048,45.09056,50.00,0651:35:14,1,08
14:18:47,0.1576,214.70,0.51976,17.61808,51.44479,31.20049,45.09056,50.00,0651:35:15,1,08
14:18:48,0.14808,214.80,0.50731,16.16241,47.19424,31.20049,45.09057,50.00,0651:35:16,1,08
14:18:49,0.14313,214.70,0.50378,15.50964,45.28815,31.2005,45.09057,50.00,0651:35:17,1,08
14:18:50,0.15888,214.60,0.5126,17.50338,51.10986,31.2005,45.09058,50.00,0651:35:18,1,08
14:18:51,0.16441,214.50,0.52736,18.63181,54.40489,31.20051,45.09058,50.00,0651:35:19,1,08
14:18:52,0.15839,214.50,0.51546,17.54386,51.22807,31.20051,45.09059,50.00,0651:35:20,1,08
14:18:53,0.16084,214.60,0.51576,17.82892,52.06045,31.20052,45.09059,50.00,0651:35:21,1,08
14:18:54,0.16088,214.70,0.51121,17.68386,51.63687,31.20052,45.0906,50.00,0651:35:22,1,08
14:18:55,0.16041,214.70,0.51413,17.73952,51.79941,31.20053,45.0906,50.00,0651:35:23,1,08
14:18:56,0.16015,214.80,0.51728,17.82386,52.04567,31.20053,45.09061,50.00,0651:35:24,1,08
14:18:57,0.15821,214.80,0.51685,17.5894,51.36105,31.20054,45.09061,50.00,0651:35:25,1,08
14:18:58,0.15974,214.70,0.51832,17.80362,51.98657,31.20054,45.09062,50.00,0651:35:26,1,08
14:18:59,0.15982,214.70,0.52095,17.90651,52.28701,31.20055,45.09062,50.00,0651:35:27,1,08
14:19:00,0.15967,214.70,0.51473,17.67711,51.61717,31.20055,45.09063,50.00,0651:35:28,1,08
14:19:01,0.1581,214.80,0.51374,17.47133,51.01628,31.20056,45.09063,50.00,0651:35:29,1,08
14:19:02,0.15724,214.70,0.51357,17.36844,50.71584,31.20056,45.09064,50.00,0651:35:30,1,08
14:19:03,0.15802,214.70,0.51657,17.55904,51.2724,31.20057,45.09064,50.00,0651:35:31,1,08
14:19:04,0.15849,214.70,0.50747,17.29422,50.49912,31.20057,45.09065,50.00,0651:35:33,1,08
14:19:05,0.15849,214.70,0.50747,17.29422,50.49912,31.20057,45.09065,50.00,0651:35:33,1,08
14:19:06,0.15798,214.60,0.51341,17.43422,50.90792,31.20058,45.09065,50.00,0651:35:34,1,08
14:19:07,0.14886,214.60,0.51186,16.37494,47.81484,31.20058,45.09066,50.00,0651:35:35,1,08
14:19:08,0.15776,214.50,0.51443,17.43759,50.91777,31.20059,45.09066,50.00,0651:35:36,1,08
14:19:09,0.16077,214.50,0.51958,17.94868,52.41014,31.20059,45.09066,50.00,0651:35:37,1,08
14:19:10,0.1582,214.60,0.519,17.64675,51.52851,31.2006,45.09067,50.00,0651:35:38,1,08
14:19:11,0.15575,214.60,0.51925,17.38025,50.75032,31.2006,45.09067,50.00,0651:35:39,1,08
14:19:12,0.16479,214.50,0.53268,18.85952,55.06981,31.20061,45.09068,50.00,0651:35:40,1,08
14:19:13,0.16704,214.40,0.56216,20.16675,58.88692,31.20062,45.09068,50.00,0651:35:41,1,08
14:19:14,0.17349,214.50,0.56296,20.97976,61.26091,31.20062,45.09069,50.00,0651:35:42,1,08
14:19:15,0.17479,214.50,0.56137,21.07759,61.54658,31.20063,45.09069,50.00,0651:35:43,1,08
14:19:16,0.17331,214.50,0.56804,21.15013,61.75837,31.20063,45.0907,50.00,0651:35:44,1,08
14:19:17,0.17377,214.50,0.56461,21.07928,61.55151,31.20064,45.0907,50.00,0651:35:45,1,08
14:19:18,0.1751,214.40,0.56127,21.10627,61.63031,31.20065,45.09071,50.00,0651:35:46,1,08
14:19:19,0.16944,214.40,0.56115,20.41639,59.61586,31.20065,45.09071,50.00,0651:35:47,1,08
14:19:20,0.17267,214.60,0.564,20.92916,61.11315,31.20066,45.09072,50.00,0651:35:48,1,08
14:19:21,0.17323,214.90,0.56655,21.12314,61.67956,31.20066,45.09072,50.00,0651:35:49,1,08
14:19:22,0.17352,214.90,0.56489,21.10121,61.61554,31.20067,45.09073,50.00,0651:35:50,1,08
14:19:23,0.17532,215.00,0.5639,21.28507,62.1524,31.20068,45.09073,50.00,0651:35:51,1,08
14:19:24,0.17069,215.30,0.56434,20.77229,60.6551,31.20068,45.09074,50.00,0651:35:52,1,08
14:19:25,0.16936,215.40,0.56556,20.66265,60.33495,31.20069,45.09074,50.00,0651:35:54,1,08
14:19:26,0.17294,215.40,0.56532,21.09446,61.59583,31.20069,45.09075,50.00,0651:35:55,1,08
14:19:27,0.1734,215.40,0.56655,21.19567,61.89135,31.2007,45.09075,50.00,0651:35:56,1,08
14:19:28,0.17412,215.40,0.56466,21.21085,61.93568,31.20071,45.09075,50.00,0651:35:57,1,08
14:19:29,0.17443,215.40,0.56169,21.13326,61.70911,31.20071,45.09076,50.00,0651:35:58,1,08
14:19:30,0.17235,215.30,0.56384,20.96121,61.20673,31.20072,45.09076,50.00,0651:35:59,1,08
14:19:31,0.17235,215.30,0.56384,20.96121,61.20673,31.20072,45.09076,50.00,0651:35:59,1,08
14:19:32,0.1705,215.40,0.56141,20.64748,60.29063,31.20073,45.09077,50.00,0651:36:00,1,08
14:19:33,0.17473,215.30,0.55931,21.07759,61.54658,31.20073,45.09077,50.00,0651:36:01,1,08
14:19:34,0.17474,215.30,0.5611,21.14507,61.74359,31.20074,45.09078,50.00,0651:36:02,1,08
14:19:35,0.17554,215.30,0.56255,21.29856,62.1918,31.20074,45.09078,50.00,0651:36:03,1,08
14:19:36,0.17382,215.40,0.56383,21.14338,61.73866,31.20075,45.09079,50.00,0651:36:04,1,08
14:19:37,0.17433,215.40,0.56334,21.18386,61.85688,31.20076,45.09079,50.00,0651:36:05,1,08
14:19:38,0.17406,215.40,0.56217,21.10964,61.64016,31.20076,45.0908,50.00,0651:36:06,1,08
14:19:39,0.17477,215.30,0.56457,21.28169,62.14253,31.20077,45.0908,50.00,0651:36:07,1,08
14:19:40,0.17259,215.40,0.56119,20.8988,61.0245,31.20077,45.09081,50.00,0651:36:08,1,08
14:19:41,0.17448,215.40,0.56117,21.12145,61.67464,31.20078,45.09081,50.00,0651:36:09,1,08
14:19:42,0.17448,215.40,0.56426,21.23952,62.01941,31.20079,45.09082,50.00,0651:36:10,1,08
14:19:43,0.17477,215.40,0.56622,21.34579,62.3297,31.20079,45.09082,50.00,0651:36:11,1,08
14:19:44,0.17386,215.30,0.56285,21.1029,61.62046,31.2008,45.09083,50.00,0651:36:12,1,08
14:19:45,0.17297,215.30,0.56542,21.09446,61.59583,31.20081,45.09083,50.00,0651:36:14,1,08
14:19:46,0.17311,215.10,0.5658,21.10458,61.62539,31.20081,45.09084,50.00,0651:36:15,1,08
14:19:47,0.17469,215.20,0.5645,21.25639,62.06865,31.20082,45.09084,50.00,0651:36:16,1,08
14:19:48,0.17462,215.20,0.56521,21.27157,62.11299,31.20082,45.09084,50.00,0651:36:17,1,08
14:19:49,0.17287,215.30,0.5657,21.08772,61.57613,31.20083,45.09085,50.00,0651:36:18,1,08
14:19:50,0.17358,215.30,0.56555,21.17374,61.82732,31.20084,45.09085,50.00,0651:36:19,1,08
14:19:51,0.17257,215.40,0.56565,21.05904,61.49241,31.20084,45.09086,50.00,0651:36:20,1,08
14:19:52,0.17326,215.30,0.57025,21.30531,62.21149,31.20085,45.09086,50.00,0651:36:21,1,08
14:19:53,0.17318,215.30,0.56405,21.0641,61.50718,31.20085,45.09087,50.00,0651:36:22,1,08
14:19:54,0.172,215.30,0.56739,21.04723,61.45792,31.20086,45.09087,50.00,0651:36:23,1,08
14:19:55,0.17247,215.30,0.56912,21.16699,61.80762,31.20087,45.09088,50.00,0651:36:24,1,08
14:19:56,0.17247,215.30,0.56912,21.16699,61.80762,31.20087,45.09088,50.00,0651:36:24,1,08
14:19:57,0.17345,215.40,0.57245,21.41832,62.54149,31.20087,45.09088,50.00,0651:36:25,1,08
14:19:58,0.17282,215.40,0.56791,21.17374,61.82732,31.20088,45.09089,50.00,0651:36:26,1,08
14:19:59,0.17482,215.40,0.56221,21.20241,61.91105,31.20089,45.09089,50.00,0651:36:27,1,08
14:20:00,0.17298,215.40,0.56716,21.16699,61.80762,31.20089,45.0909,50.00,0651:36:28,1,08
14:20:01,0.17403,215.30,0.56749,21.30193,62.20165,31.2009,45.0909,50.00,0651:36:29,1,08
14:20:02,0.17326,215.20,0.56702,21.1788,61.8421,31.2009,45.09091,50.00,0651:36:30,1,08
14:20:03,0.17335,215.30,0.5721,21.38796,62.45284,31.20091,45.09091,50.00,0651:36:31,1,08
14:20:04,0.1742,215.40,0.5658,21.26145,62.08344,31.20092,45.09092,50.00,0651:36:32,1,08
14:20:05,0.17289,215.50,0.56711,21.16699,61.80762,31.20092,45.09092,50.00,0651:36:33,1,08
14:20:06,0.17557,215.60,0.56724,21.50097,62.78283,31.20093,45.09092,50.00,0651:36:35,1,08
14:20:07,0.1689,215.50,0.57355,20.91398,61.06883,31.20094,45.09093,50.00,0651:36:36,1,08
14:20:08,0.17316,215.50,0.56525,21.12989,61.69927,31.20094,45.09093,50.00,0651:36:37,1,08
14:20:09,0.17256,215.40,0.56768,21.13663,61.71896,31.20095,45.09094,50.00,0651:36:38,1,08
14:20:10,0.16417,215.40,0.57044,20.20217,58.99034,31.20095,45.09094,50.00,0651:36:39,1,08
14:20:11,0.16977,215.50,0.5703,20.89543,61.01464,31.20096,45.09095,50.00,0651:36:40,1,08
14:20:12,0.17328,215.50,0.56859,21.26651,62.09821,31.20097,45.09095,50.00,0651:36:41,1,08
14:20:13,0.16831,215.50,0.56701,20.59518,60.13794,31.20097,45.09096,50.00,0651:36:42,1,08
14:20:14,0.1691,215.40,0.56958,20.78073,60.67973,31.20098,45.09096,50.00,0651:36:43,1,08
14:20:15,0.17252,215.30,0.56714,21.10121,61.61554,31.20098,45.09097,50.00,0651:36:44,1,08
14:20:16,0.17143,215.30,0.57046,21.08603,61.57121,31.20099,45.09097,50.00,0651:36:45,1,08
14:20:17,0.17367,215.30,0.56525,21.17205,61.8224,31.201,45.09098,50.00,0651:36:46,1,08
14:20:18,0.17384,215.40,0.56576,21.2176,61.95539,31.201,45.09098,50.00,0651:36:47,1,08
14:20:19,0.17265,215.40,0.56851,21.17711,61.83717,31.20101,45.09099,50.00,0651:36:48,1,08
14:20:20,0.17318,215.40,0.56787,21.21254,61.94061,31.20101,45.09099,50.00,0651:36:49,1,08
14:20:21,0.17378,215.40,0.56736,21.2682,62.10314,31.20102,45.09099,50.00,0651:36:50,1,08
14:20:22,0.17461,215.20,0.56672,21.33398,62.29522,31.20103,45.091,50.00,0651:36:51,1,08
14:20:23,0.17427,215.30,0.56302,21.15687,61.77807,31.20103,45.091,50.00,0651:36:52,1,08
14:20:24,0.17427,215.30,0.56302,21.15687,61.77807,31.20103,45.091,50.00,0651:36:52,1,08
14:20:25,0.17475,215.30,0.56469,21.27663,62.12776,31.20104,45.09101,50.00,0651:36:53,1,08
14:20:26,0.17416,215.30,0.56531,21.2294,61.98986,31.20105,45.09101,50.00,0651:36:54,1,08
14:20:27,0.175,215.30,0.56964,21.49591,62.76805,31.20105,45.09102,50.00,0651:36:56,1,08
14:20:28,0.1738,215.20,0.56511,21.17037,61.81747,31.20106,45.09102,50.00,0651:36:57,1,08
14:20:29,0.17392,215.20,0.56631,21.23277,61.9997,31.20106,45.09103,50.00,0651:36:58,1,08
14:20:30,0.17467,215.30,0.56824,21.40482,62.50209,31.20107,45.09103,50.00,0651:36:59,1,08
14:20:32,0.1743,215.40,0.56769,21.34579,62.3297,31.20108,45.09104,50.00,0651:37:00,1,08
14:20:33,0.17467,215.40,0.5637,21.24121,62.02433,31.20108,45.09104,50.00,0651:37:01,1,08
14:20:34,0.17418,215.40,0.56481,21.22603,61.98,31.20109,45.09105,50.00,0651:37:02,1,08
14:20:35,0.16772,215.40,0.54359,19.66579,57.4241,31.20109,45.09105,50.00,0651:37:03,1,08
14:20:36,0.15369,215.30,0.49888,16.53687,48.28766,31.2011,45.09106,50.00,0651:37:04,1,08
14:20:37,0.15254,215.30,0.49826,16.39181,47.86409,31.2011,45.09106,50.00,0651:37:05,1,08
14:20:38,0.15174,215.40,0.49794,16.30073,47.59812,31.20111,45.09107,50.00,0651:37:06,1,08
14:20:39,0.14524,215.30,0.50075,15.68169,45.79053,31.20111,45.09107,50.00,0651:37:07,1,08
14:20:40,0.14438,215.40,0.5026,15.65302,45.70681,31.20112,45.09107,50.00,0651:37:08,1,08
14:20:41,0.14615,215.30,0.49647,15.64795,45.69203,31.20112,45.09108,50.00,0651:37:09,1,08
14:20:42,0.14511,215.30,0.49752,15.57205,45.47039,31.20113,45.09108,50.00,0651:37:10,1,08
14:20:43,0.14558,215.30,0.49823,15.64458,45.68218,31.20113,45.09109,50.00,0651:37:11,1,08
14:20:44,0.1409,215.30,0.4995,15.17735,44.31787,31.20114,45.09109,50.00,0651:37:12,1,08
14:20:45,0.13792,215.30,0.49915,14.84675,43.35252,31.20114,45.0911,50.00,0651:37:13,1,08
14:20:46,0.1432,215.30,0.50175,15.49446,45.24382,31.20114,45.0911,50.00,0651:37:14,1,08
14:20:47,0.14372,215.40,0.50239,15.57711,45.48517,31.20115,45.09111,50.00,0651:37:15,1,08
14:20:48,0.14601,215.50,0.49438,15.5788,45.49009,31.20115,45.09111,50.00,0651:37:17,1,08
14:20:49,0.14597,215.40,0.4948,15.58217,45.49994,31.20116,45.09112,50.00,0651:37:18,1,08
14:20:50,0.14394,215.30,0.5019,15.5788,45.49009,31.20116,45.09112,50.00,0651:37:19,1,08
14:20:51,0.14394,215.30,0.5019,15.5788,45.49009,31.20116,45.09112,50.00,0651:37:19,1,08
14:20:52,0.14514,215.30,0.49871,15.60747,45.57383,31.20117,45.09112,50.00,0651:37:20,1,08
14:20:53,0.14609,215.20,0.49572,15.61253,45.5886,31.20117,45.09113,50.00,0651:37:21,1,08
14:20:54,0.14609,215.20,0.49764,15.67326,45.76591,31.20118,45.09113,50.00,0651:37:22,1,08
14:20:55,0.14603,215.40,0.49946,15.73229,45.93829,31.20118,45.09114,50.00,0651:37:23,1,08
14:20:56,0.1453,215.40,0.50022,15.68,45.78561,31.20119,45.09114,50.00,0651:37:24,1,08
14:20:57,0.1443,215.40,0.50076,15.58892,45.51965,31.20119,45.09115,50.00,0651:37:25,1,08
14:20:58,0.14581,215.20,0.49667,15.61253,45.5886,31.20119,45.09115,50.00,0651:37:26,1,08
14:20:59,0.14389,215.30,0.50109,15.55012,45.40636,31.2012,45.09116,50.00,0651:37:27,1,08
14:21:00,0.14435,215.30,0.50125,15.60579,45.5689,31.2012,45.09116,50.00,0651:37:28,1,08
14:21:01,0.14502,215.30,0.49881,15.59735,45.54427,31.20121,45.09117,50.00,0651:37:29,1,08
14:21:02,0.14461,215.10,0.49859,15.53494,45.36204,31.20121,45.09117,50.00,0651:37:30,1,08
14:21:03,0.13595,215.10,0.49153,14.39639,42.03745,31.20122,45.09117,50.00,0651:37:31,1,08
14:21:04,0.14141,215.00,0.49889,15.19085,44.35728,31.20122,45.09118,50.00,0651:37:32,1,08
14:21:05,0.14538,215.00,0.49978,15.64795,45.69203,31.20123,45.09118,50.00,0651:37:33,1,08
14:21:06,0.14564,215.00,0.49903,15.65133,45.70188,31.20123,45.09119,50.00,0651:37:34,1,08
14:21:07,0.14499,215.00,0.49995,15.61085,45.58368,31.20124,45.09119,50.00,0651:37:35,1,08
14:21:08,0.14605,215.00,0.49769,15.65639,45.71666,31.20124,45.0912,50.00,0651:37:37,1,08
14:21:09,0.14563,215.10,0.50296,15.77952,46.0762,31.20124,45.0912,50.00,0651:37:38,1,08
14:21:10,0.14455,214.80,0.50076,15.57036,45.46547,31.20125,45.09121,50.00,0651:37:39,1,08
14:21:11,0.14485,214.70,0.49978,15.56868,45.46054,31.20125,45.09121,50.00,0651:37:40,1,08
14:21:12,0.14538,214.90,0.49849,15.59735,45.54427,31.20126,45.09122,50.00,0651:37:41,1,08
14:21:13,0.14518,214.90,0.50265,15.7053,45.85949,31.20126,45.09122,50.00,0651:37:42,1,08
14:21:14,0.14464,214.80,0.50157,15.61085,45.58368,31.20127,45.09122,50.00,0651:37:43,1,08
14:21:15,0.14423,214.80,0.50332,15.61928,45.6083,31.20127,45.09123,50.00,0651:37:44,1,08
14:21:16,0.14471,214.80,0.49989,15.56024,45.43592,31.20128,45.09123,50.00,0651:37:45,1,08
14:21:17,0.14471,214.80,0.49989,15.56024,45.43592,31.20128,45.09123,50.00,0651:37:45,1,08
14:21:18,0.146,214.70,0.49554,15.55687,45.42607,31.20128,45.09124,50.00,0651:37:46,1,08
14:21:19,0.14466,214.60,0.50141,15.59398,45.53442,31.20129,45.09124,50.00,0651:37:47,1,08
14:21:20,0.1443,214.60,0.5025,15.58555,45.5098,31.20129,45.09125,50.00,0651:37:48,1,08
14:21:21,0.1409,214.60,0.49866,15.10482,44.10608,31.20129,45.09125,50.00,0651:37:49,1,08
14:21:22,0.14148,214.50,0.49745,15.12338,44.16026,31.2013,45.09126,50.00,0651:37:50,1,08
14:21:23,0.14588,214.50,0.49822,15.61759,45.60337,31.2013,45.09126,50.00,0651:37:51,1,08
14:21:24,0.14541,214.60,0.50151,15.67663,45.77576,31.20131,45.09127,50.00,0651:37:52,1,08
14:21:25,0.14563,214.70,0.49978,15.64964,45.69696,31.20131,45.09127,50.00,0651:37:53,1,08
14:21:26,0.14507,214.70,0.49984,15.59735,45.54427,31.20132,45.09127,50.00,0651:37:54,1,08
14:21:27,0.14574,214.80,0.49801,15.61591,45.59845,31.20132,45.09128,50.00,0651:37:55,1,08
14:21:28,0.14571,214.80,0.49806,15.61253,45.5886,31.20133,45.09128,50.00,0651:37:56,1,08
14:21:29,0.14499,214.90,0.49973,15.59567,45.53934,31.20133,45.09129,50.00,0651:37:58,1,08
14:21:30,0.14469,215.10,0.50016,15.59061,45.52457,31.20134,45.09129,50.00,0651:37:59,1,08
14:21:31,0.14469,215.30,0.50065,15.61928,45.6083,31.20134,45.0913,50.00,0651:38:00,1,08
14:21:32,0.14563,215.10,0.5014,15.73398,45.94322,31.20134,45.0913,50.00,0651:38:01,1,08
14:21:33,0.14474,215.10,0.5026,15.66988,45.75606,31.20135,45.09131,50.00,0651:38:02,1,08
14:21:34,0.14431,214.90,0.50016,15.53832,45.37189,31.20135,45.09131,50.00,0651:38:03,1,08
14:21:35,0.1445,215.00,0.50076,15.58217,45.49994,31.20136,45.09131,50.00,0651:38:04,1,08
14:21:36,0.14472,215.10,0.49843,15.53832,45.37189,31.20136,45.09132,50.00,0651:38:05,1,08
14:21:37,0.14503,215.20,0.49903,15.59904,45.5492,31.20137,45.09132,50.00,0651:38:06,1,08
14:21:38,0.14356,215.20,0.50142,15.51302,45.29801,31.20137,45.09133,50.00,0651:38:07,1,08
14:21:39,0.13967,215.10,0.49972,15.03904,43.914,31.20138,45.09133,50.00,0651:38:08,1,08
14:21:40,0.14474,215.00,0.49984,15.58217,45.49994,31.20138,45.09134,50.00,0651:38:09,1,08
14:21:41,0.14608,215.10,0.49566,15.59567,45.53934,31.20138,45.09134,50.00,0651:38:10,1,08
14:21:42,0.14608,215.10,0.49566,15.59567,45.53934,31.20138,45.09134,50.00,0651:38:10,1,08
14:21:43,0.13905,215.10,0.49628,14.87205,43.42639,31.20139,45.09135,50.00,0651:38:11,1,08
14:21:44,0.14275,215.20,0.49973,15.37639,44.89906,31.20139,45.09135,50.00,0651:38:12,1,08
14:21:45,0.14379,215.10,0.50082,15.5147,45.30293,31.2014,45.09136,50.00,0651:38:13,1,08
14:21:46,0.14304,215.20,0.49885,15.37639,44.89906,31.2014,45.09136,50.00,0651:38:14,1,08
14:21:47,0.14631,215.20,0.49577,15.63278,45.64771,31.20141,45.09136,50.00,0651:38:15,1,08
14:21:48,0.14491,215.10,0.49741,15.53326,45.35711,31.20141,45.09137,50.00,0651:38:16,1,08
14:21:49,0.14405,215.20,0.50087,15.54844,45.40144,31.20142,45.09137,50.00,0651:38:18,1,08
14:21:50,0.14414,215.30,0.50174,15.59229,45.5295,31.20142,45.09138,50.00,0651:38:19,1,08
14:21:51,0.14538,215.30,0.50054,15.68844,45.81024,31.20143,45.09138,50.00,0651:38:20,1,08
14:21:52,0.14528,215.30,0.49693,15.57036,45.46547,31.20143,45.09139,50.00,0651:38:21,1,08
14:21:53,0.14535,215.30,0.49666,15.57036,45.46547,31.20143,45.09139,50.00,0651:38:22,1,08
14:21:54,0.14581,215.40,0.49662,15.62097,45.61323,31.20144,45.0914,50.00,0651:38:23,1,08
14:21:55,0.14545,215.30,0.4972,15.59904,45.5492,31.20144,45.0914,50.00,0651:38:24,1,08
14:21:56,0.14571,215.30,0.49796,15.64627,45.6871,31.20145,45.09141,50.00,0651:38:25,1,08
14:21:57,0.14427,215.20,0.50092,15.57711,45.48517,31.20145,45.09141,50.00,0651:38:26,1,08
14:21:58,0.14405,215.20,0.50081,15.5535,45.41621,31.20146,45.09141,50.00,0651:38:27,1,08
14:21:59,0.14452,215.40,0.49881,15.5535,45.41621,31.20146,45.09142,50.00,0651:38:28,1,08
14:22:00,0.14497,215.60,0.4972,15.56362,45.44577,31.20147,45.09142,50.00,0651:38:29,1,08
14:22:01,0.14557,215.50,0.49512,15.55856,45.43099,31.20147,45.09143,50.00,0651:38:30,1,08
14:22:02,0.14356,215.50,0.50022,15.50121,45.26353,31.20148,45.09143,50.00,0651:38:31,1,08
14:22:03,0.1446,215.60,0.49914,15.58555,45.5098,31.20148,45.09144,50.00,0651:38:32,1,08
14:22:04,0.14438,215.70,0.49919,15.57036,45.46547,31.20148,45.09144,50.00,0651:38:33,1,08
14:22:05,0.14436,215.60,0.49805,15.52651,45.33741,31.20149,45.09145,50.00,0651:38:34,1,08
14:22:06,0.1336,215.60,0.49082,14.15856,41.34299,31.20149,45.09145,50.00,0651:38:35,1,08
14:22:07,0.1336,215.60,0.49082,14.15856,41.34299,31.20149,45.09145,50.00,0651:38:35,1,08
14:22:08,0.14361,215.50,0.50027,15.50964,45.28815,31.2015,45.09146,50.00,0651:38:36,1,08
14:22:09,0.14387,215.50,0.49973,15.51976,45.31771,31.2015,45.09146,50.00,0651:38:38,1,08
14:22:10,0.14439,215.50,0.49973,15.57205,45.47039,31.20151,45.09146,50.00,0651:38:39,1,08
14:22:11,0.1448,215.40,0.49838,15.56699,45.45562,31.20151,45.09147,50.00,0651:38:40,1,08
14:22:12,0.14767,215.30,0.49778,15.85037,46.28307,31.20152,45.09147,50.00,0651:38:41,1,08
14:22:13,0.13527,215.30,0.49439,14.42169,42.11134,31.20152,45.09148,50.00,0651:38:42,1,08
14:22:14,0.14033,215.20,0.49688,15.02892,43.88445,31.20152,45.09148,50.00,0651:38:43,1,08
14:22:15,0.14499,215.10,0.49849,15.57205,45.47039,31.20153,45.09149,50.00,0651:38:44,1,08
14:22:16,0.14567,215.10,0.49715,15.6041,45.56397,31.20153,45.09149,50.00,0651:38:45,1,08
14:22:17,0.1453,215.10,0.49989,15.64627,45.6871,31.20154,45.0915,50.00,0651:38:46,1,08
14:22:18,0.14075,215.10,0.49455,14.99687,43.79086,31.20154,45.0915,50.00,0651:38:47,1,08
14:22:19,0.1412,215.00,0.49778,15.13856,44.20459,31.20155,45.0915,50.00,0651:38:48,1,08
14:22:20,0.14516,215.10,0.49957,15.62265,45.61815,31.20155,45.09151,50.00,0651:38:49,1,08
14:22:21,0.14611,215.10,0.49962,15.72386,45.91367,31.20156,45.09151,50.00,0651:38:50,1,08
14:22:22,0.14435,215.10,0.50363,15.65976,45.72651,31.20156,45.09152,50.00,0651:38:51,1,08
14:22:23,0.14496,215.00,0.502,15.67326,45.76591,31.20156,45.09152,50.00,0651:38:52,1,08
14:22:24,0.14472,215.10,0.50211,15.65808,45.72158,31.20157,45.09153,50.00,0651:38:53,1,08
14:22:25,0.14545,215.10,0.49919,15.64458,45.68218,31.20157,45.09153,50.00,0651:38:54,1,08
14:22:26,0.14455,215.20,0.50179,15.63278,45.64771,31.20158,45.09154,50.00,0651:38:55,1,08
14:22:27,0.14467,215.20,0.50173,15.64458,45.68218,31.20158,45.09154,50.00,0651:38:56,1,08
14:22:28,0.14575,215.10,0.49785,15.63446,45.65263,31.20159,45.09155,50.00,0651:38:57,1,08
14:22:29,0.14561,215.10,0.49763,15.61085,45.58368,31.20159,45.09155,50.00,0651:38:59,1,08
14:22:30,0.14577,215.00,0.49619,15.57711,45.48517,31.2016,45.09155,50.00,0651:39:00,1,08
14:22:31,0.14541,215.00,0.49919,15.6294,45.63785,31.2016,45.09156,50.00,0651:39:01,1,08
14:22:33,0.14441,215.20,0.50179,15.61928,45.6083,31.20161,45.09156,50.00,0651:39:02,1,08
14:22:34,0.14441,215.20,0.50179,15.61928,45.6083,31.20161,45.09156,50.00,0651:39:02,1,08
14:22:35,0.14494,215.20,0.49951,15.6041,45.56397,31.20161,45.09157,50.00,0651:39:03,1,08
14:22:36,0.14589,215.30,0.49576,15.59398,45.53442,31.20161,45.09157,50.00,0651:39:04,1,08
14:22:37,0.14491,215.20,0.49816,15.55856,45.43099,31.20162,45.09158,50.00,0651:39:05,1,08
14:22:38,0.14559,215.20,0.49995,15.69181,45.82009,31.20162,45.09158,50.00,0651:39:06,1,08
14:22:39,0.14481,215.30,0.49973,15.6041,45.56397,31.20163,45.09159,50.00,0651:39:07,1,08
14:22:40,0.14553,215.00,0.49871,15.63278,45.64771,31.20163,45.09159,50.00,0651:39:08,1,08
14:22:41,0.14617,214.90,0.49501,15.57711,45.48517,31.20164,45.0916,50.00,0651:39:09,1,08
14:22:42,0.14538,215.00,0.49978,15.64795,45.69203,31.20164,45.0916,50.00,0651:39:10,1,08
14:22:43,0.13404,214.70,0.49298,14.20747,41.48582,31.20165,45.0916,50.00,0651:39:11,1,08
14:22:44,0.14112,214.60,0.49694,15.07277,44.0125,31.20165,45.09161,50.00,0651:39:12,1,08
14:22:45,0.14513,214.60,0.50032,15.60747,45.57383,31.20166,45.09161,50.00,0651:39:13,1,08
14:22:46,0.14676,214.50,0.49551,15.62603,45.628,31.20166,45.09162,50.00,0651:39:14,1,08
14:22:47,0.14557,214.50,0.49881,15.60073,45.55412,31.20166,45.09162,50.00,0651:39:15,1,08
14:22:48,0.14564,214.50,0.49817,15.58723,45.51472,31.20167,45.09163,50.00,0651:39:16,1,08
14:22:49,0.1446,214.50,0.50043,15.54338,45.38666,31.20167,45.09163,50.00,0651:39:17,1,08
14:22:50,0.14549,214.50,0.49746,15.54675,45.39651,31.20168,45.09164,50.00,0651:39:19,1,08
14:22:51,0.14563,214.40,0.49703,15.54338,45.38666,31.20168,45.09164,50.00,0651:39:20,1,08
14:22:52,0.14463,214.40,0.50168,15.58049,45.49502,31.20169,45.09165,50.00,0651:39:21,1,08
14:22:53,0.14458,214.30,0.49995,15.51133,45.29308,31.20169,45.09165,50.00,0651:39:22,1,08
14:22:54,0.1455,214.00,0.49924,15.57036,45.46547,31.2017,45.09165,50.00,0651:39:23,1,08
14:22:55,0.14519,214.00,0.49919,15.53326,45.35711,31.2017,45.09166,50.00,0651:39:24,1,08
14:22:56,0.14626,213.90,0.49844,15.62097,45.61323,31.20171,45.09166,50.00,0651:39:25,1,08
14:22:57,0.14483,213.90,0.50212,15.58217,45.49994,31.20171,45.09167,50.00,0651:39:26,1,08
14:22:58,0.14144,214.10,0.51073,15.4894,45.22905,31.20171,45.09167,50.00,0651:39:27,1,08
14:22:59,0.15178,214.20,0.51937,16.91133,49.38108,31.20172,45.09168,50.00,0651:39:28,1,08
14:23:00,0.15178,214.20,0.51937,16.91133,49.38108,31.20172,45.09168,50.00,0651:39:28,1,08
14:23:01,0.16345,214.20,0.52641,18.45976,53.90251,31.20172,45.09168,50.00,0651:39:29,1,08
14:23:02,0.16429,214.20,0.53421,18.83422,54.99592,31.20173,45.09169,50.00,0651:39:30,1,08
14:23:03,0.15974,214.30,0.52583,18.02796,52.64163,31.20174,45.09169,50.00,0651:39:31,1,08
14:23:04,0.15868,214.30,0.52703,17.95374,52.42492,31.20174,45.0917,50.00,0651:39:32,1,08
14:23:05,0.1594,214.30,0.52515,17.96555,52.4594,31.20175,45.0917,50.00,0651:39:33,1,08
14:23:06,0.16073,214.30,0.52142,17.98579,52.51851,31.20175,45.09171,50.00,0651:39:34,1,08
14:23:07,0.15888,214.40,0.52546,17.92675,52.34612,31.20176,45.09171,50.00,0651:39:35,1,08
14:23:08,0.15911,214.30,0.52622,17.97229,52.4791,31.20176,45.09171,50.00,0651:39:36,1,08
14:23:09,0.15843,214.30,0.52763,17.94024,52.38552,31.20177,45.09172,50.00,0651:39:37,1,08
14:23:10,0.15982,214.20,0.5274,18.0853,52.80909,31.20177,45.09172,50.00,0651:39:38,1,08
14:23:11,0.15564,214.30,0.52379,17.49494,51.08524,31.20178,45.09173,50.00,0651:39:40,1,08
14:23:12,0.15541,214.30,0.52093,17.37687,50.74047,31.20178,45.09173,50.00,0651:39:41,1,08
14:23:13,0.15851,214.20,0.52004,17.68723,51.64672,31.20179,45.09174,50.00,0651:39:42,1,08
14:23:14,0.15837,214.10,0.52151,17.70916,51.71074,31.20179,45.09174,50.00,0651:39:43,1,08
14:23:15,0.1607,214.20,0.52079,17.95374,52.42492,31.2018,45.09175,50.00,0651:39:44,1,08
14:23:16,0.15787,214.30,0.52141,17.6653,51.58269,31.2018,45.09175,50.00,0651:39:45,1,08
14:23:17,0.15659,214.20,0.52541,17.65012,51.53836,31.20181,45.09176,50.00,0651:39:46,1,08
14:23:18,0.15715,214.20,0.52467,17.68723,51.64672,31.20181,45.09176,50.00,0651:39:47,1,08
14:23:19,0.15978,214.20,0.52627,18.04313,52.68596,31.20182,45.09177,50.00,0651:39:48,1,08
14:23:20,0.15902,214.30,0.52452,17.89977,52.26731,31.20182,45.09177,50.00,0651:39:49,1,08
14:23:21,0.16271,214.40,0.53404,18.65711,54.47878,31.20183,45.09178,50.00,0651:39:50,1,08
14:23:22,0.16619,214.30,0.54369,19.39422,56.63112,31.20183,45.09178,50.00,0651:39:51,1,08
14:23:23,0.16848,214.20,0.54381,19.66073,57.40932,31.20184,45.09179,50.00,0651:39:52,1,08
14:23:24,0.16896,214.30,0.53614,19.44482,56.77888,31.20185,45.09179,50.00,0651:39:53,1,08
14:23:25,0.16608,214.50,0.5372,19.16988,55.97606,31.20185,45.0918,50.00,0651:39:54,1,08
14:23:26,0.16519,214.50,0.53797,19.09567,55.75935,31.20186,45.0918,50.00,0651:39:55,1,08
14:23:27,0.16519,214.50,0.53797,19.09567,55.75935,31.20186,45.0918,50.00,0651:39:55,1,08
14:23:28,0.1764,214.50,0.55073,20.8735,60.95062,31.20186,45.0918,50.00,0651:39:56,1,08
14:23:29,0.17786,214.50,0.55099,21.05229,61.4727,31.20187,45.09181,50.00,0651:39:57,1,08
14:23:30,0.17864,214.40,0.54907,21.0641,61.50718,31.20188,45.09182,50.00,0651:39:58,1,08
14:23:31,0.17825,214.50,0.5514,21.11808,61.66478,31.20188,45.09182,50.00,0651:39:59,1,08
14:23:32,0.17726,214.60,0.5498,20.95109,61.17718,31.20189,45.09182,50.00,0651:40:01,1,08
14:23:33,0.17895,214.70,0.55208,21.24121,62.02433,31.20189,45.09183,50.00,0651:40:02,1,08
14:23:34,0.17776,214.70,0.5518,21.09446,61.59583,31.2019,45.09183,50.00,0651:40:03,1,08
14:23:35,0.17769,214.80,0.54876,20.97639,61.25105,31.20191,45.09184,50.00,0651:40:04,1,08
14:23:36,0.17684,214.80,0.55271,21.02868,61.40375,31.20191,45.09184,50.00,0651:40:05,1,08
14:23:37,0.17681,214.80,0.55378,21.06748,61.51703,31.20192,45.09185,50.00,0651:40:06,1,08
14:23:38,0.17621,214.80,0.5534,20.97808,61.25599,31.20192,45.09185,50.00,0651:40:07,1,08
14:23:39,0.17581,214.80,0.55374,20.94434,61.15748,31.20193,45.09186,50.00,0651:40:08,1,08
14:23:40,0.17834,214.60,0.55068,21.1147,61.65493,31.20194,45.09186,50.00,0651:40:09,1,08
14:23:41,0.17473,214.60,0.55399,20.80265,60.74375,31.20194,45.09187,50.00,0651:40:10,1,08
14:23:42,0.17634,214.50,0.5527,20.94434,61.15748,31.20195,45.09187,50.00,0651:40:11,1,08
14:23:43,0.17758,214.60,0.55452,21.17037,61.81747,31.20195,45.09188,50.00,0651:40:12,1,08
14:23:44,0.17532,214.50,0.55305,20.83639,60.84226,31.20196,45.09188,50.00,0651:40:13,1,08
14:23:45,0.17566,214.50,0.55479,20.94097,61.14763,31.20197,45.09189,50.00,0651:40:14,1,08
14:23:46,0.1759,214.50,0.55521,20.98145,61.26583,31.20197,45.09189,50.00,0651:40:15,1,08
14:23:47,0.17399,214.40,0.5558,20.76723,60.64032,31.20198,45.0919,50.00,0651:40:16,1,08
14:23:48,0.17585,214.40,0.55575,20.98314,61.27076,31.20199,45.0919,50.00,0651:40:17,1,08
14:23:49,0.17679,214.30,0.55325,20.99495,61.30524,31.20199,45.09191,50.00,0651:40:18,1,08
14:23:50,0.17554,214.40,0.55415,20.88699,60.99002,31.202,45.09191,50.00,0651:40:19,1,08
14:23:51,0.17716,214.40,0.55396,21.07422,61.53672,31.202,45.09192,50.00,0651:40:20,1,08
14:23:52,0.17694,214.40,0.5553,21.1029,61.62046,31.20201,45.09192,50.00,0651:40:21,1,08
14:23:53,0.17694,214.40,0.5553,21.1029,61.62046,31.20201,45.09192,50.00,0651:40:21,1,08
14:23:54,0.17598,214.40,0.55274,20.89374,61.00973,31.20202,45.09193,50.00,0651:40:23,1,08
14:23:55,0.1764,214.50,0.55406,21.00338,61.32986,31.20202,45.09193,50.00,0651:40:24,1,08
14:23:56,0.17711,214.60,0.55551,21.15181,61.76329,31.20203,45.09194,50.00,0651:40:25,1,08
14:23:57,0.17539,214.70,0.55585,20.96627,61.22151,31.20203,45.09194,50.00,0651:40:26,1,08
14:23:58,0.17595,214.80,0.55468,20.99326,61.30031,31.20204,45.09195,50.00,0651:40:27,1,08
14:23:59,0.17642,214.70,0.5557,21.08434,61.56628,31.20205,45.09195,50.00,0651:40:28,1,08
14:24:00,0.17671,214.60,0.55652,21.14169,61.73374,31.20205,45.09196,50.00,0651:40:29,1,08
14:24:01,0.17566,214.70,0.55568,20.99157,61.29539,31.20206,45.09196,50.00,0651:40:30,1,08
14:24:02,0.17563,214.70,0.55664,21.02025,61.37913,31.20206,45.09197,50.00,0651:40:31,1,08
14:24:03,0.1769,214.60,0.55288,21.02193,61.38404,31.20207,45.09197,50.00,0651:40:32,1,08
14:24:04,0.17824,214.50,0.55312,21.18217,61.85195,31.20208,45.09198,50.00,0651:40:33,1,08
14:24:05,0.17733,214.40,0.55497,21.13326,61.70911,31.20208,45.09198,50.00,0651:40:34,1,08
14:24:06,0.17653,214.30,0.55341,20.97302,61.24121,31.20209,45.09199,50.00,0651:40:35,1,08
14:24:07,0.17667,214.40,0.55526,21.06748,61.51703,31.2021,45.09199,50.00,0651:40:36,1,08
14:24:08,0.17373,214.40,0.55521,20.71157,60.47779,31.2021,45.092,50.00,0651:40:37,1,08
14:24:09,0.17653,214.20,0.55491,21.01856,61.37419,31.20211,45.092,50.00,0651:40:38,1,08
14:24:10,0.17681,214.20,0.55775,21.16024,61.78791,31.20211,45.09201,50.00,0651:40:39,1,08
14:24:11,0.17595,214.20,0.55643,21.00675,61.33972,31.20212,45.09201,50.00,0651:40:40,1,08
14:24:12,0.17645,214.10,0.55518,21.00844,61.34464,31.20213,45.09202,50.00,0651:40:41,1,08
14:24:14,0.17748,214.00,0.5549,21.10458,61.62539,31.20213,45.09202,50.00,0651:40:42,1,08
14:24:15,0.17318,214.00,0.55703,20.67615,60.37436,31.20214,45.09203,50.00,0651:40:44,1,08
14:24:16,0.17488,213.90,0.55659,20.85326,60.89151,31.20214,45.09203,50.00,0651:40:45,1,08
14:24:17,0.17794,214.00,0.55594,21.20579,61.92091,31.20215,45.09204,50.00,0651:40:46,1,08
14:24:18,0.17975,214.00,0.55353,21.33061,62.28538,31.20216,45.09204,50.00,0651:40:47,1,08
14:24:19,0.17809,214.10,0.55278,21.11133,61.64508,31.20216,45.09205,50.00,0651:40:48,1,08
14:24:20,0.17796,214.10,0.55436,21.15856,61.783,31.20217,45.09205,50.00,0651:40:49,1,08
14:24:21,0.17877,214.20,0.55885,21.43181,62.58089,31.20218,45.09206,50.00,0651:40:50,1,08
14:24:22,0.17869,214.20,0.55566,21.30193,62.20165,31.20218,45.09206,50.00,0651:40:51,1,08
14:24:23,0.17883,214.40,0.55447,21.29012,62.16716,31.20219,45.09207,50.00,0651:40:52,1,08
14:24:24,0.18074,214.40,0.55475,21.53302,62.87641,31.20219,45.09207,50.00,0651:40:53,1,08
14:24:25,0.18074,214.40,0.55475,21.53302,62.87641,31.20219,45.09207,50.00,0651:40:53,1,08
14:24:26,0.17941,214.50,0.55782,21.49759,62.77298,31.2022,45.09208,50.00,0651:40:54,1,08
14:24:27,0.17771,214.50,0.55788,21.29856,62.1918,31.20221,45.09208,50.00,0651:40:55,1,08
14:24:28,0.17521,214.40,0.5612,21.11302,61.65001,31.20221,45.09209,50.00,0651:40:56,1,08
14:24:29,0.18035,214.50,0.55672,21.57181,62.98969,31.20222,45.09209,50.00,0651:40:57,1,08
14:24:30,0.1801,214.60,0.55756,21.58193,63.01925,31.20223,45.0921,50.00,0651:40:58,1,08
14:24:31,0.18075,214.60,0.55597,21.59711,63.06356,31.20223,45.0921,50.00,0651:40:59,1,08
14:24:32,0.18153,214.50,0.55786,21.76073,63.54133,31.20224,45.09211,50.00,0651:41:00,1,08
14:24:33,0.17827,214.60,0.55824,21.38964,62.45776,31.20224,45.09211,50.00,0651:41:01,1,08
14:24:34,0.17877,214.60,0.55873,21.47061,62.69418,31.20225,45.09212,50.00,0651:41:02,1,08
14:24:35,0.18078,214.60,0.55674,21.63085,63.16207,31.20226,45.09212,50.00,0651:41:03,1,08
14:24:36,0.18162,214.60,0.55726,21.7506,63.51177,31.20226,45.09213,50.00,0651:41:05,1,08
14:24:37,0.17753,214.70,0.5577,21.29181,62.1721,31.20227,45.09213,50.00,0651:41:06,1,08
14:24:38,0.18114,214.50,0.55864,21.74049,63.48223,31.20228,45.09214,50.00,0651:41:07,1,08
14:24:39,0.18139,214.40,0.55533,21.63591,63.17686,31.20228,45.09214,50.00,0651:41:08,1,08
14:24:40,0.18046,214.40,0.55851,21.64097,63.19164,31.20229,45.09215,50.00,0651:41:09,1,08
14:24:41,0.17907,214.30,0.56103,21.56844,62.97984,31.20229,45.09215,50.00,0651:41:10,1,08
14:24:42,0.18014,214.30,0.55976,21.64603,63.20641,31.2023,45.09216,50.00,0651:41:11,1,08
14:24:43,0.18154,214.40,0.55799,21.74892,63.50685,31.20231,45.09216,50.00,0651:41:12,1,08
14:24:44,0.18083,214.40,0.55837,21.68651,63.32462,31.20231,45.09216,50.00,0651:41:13,1,08
14:24:45,0.18034,214.30,0.55882,21.63254,63.16701,31.20232,45.09217,50.00,0651:41:14,1,08
14:24:46,0.17986,214.40,0.55469,21.42,62.54641,31.20233,45.09217,50.00,0651:41:15,1,08
14:24:47,0.18049,214.30,0.55711,21.58699,63.03402,31.20233,45.09218,50.00,0651:41:16,1,08
14:24:48,0.18179,214.30,0.55878,21.80627,63.67431,31.20234,45.09218,50.00,0651:41:17,1,08
14:24:49,0.18023,214.30,0.56139,21.71856,63.41819,31.20234,45.09219,50.00,0651:41:18,1,08
14:24:50,0.17954,214.30,0.56123,21.62916,63.15715,31.20235,45.09219,50.00,0651:41:19,1,08
14:24:51,0.17767,214.30,0.56064,21.37952,62.42821,31.20236,45.0922,50.00,0651:41:20,1,08
14:24:52,0.17767,214.30,0.56064,21.37952,62.42821,31.20236,45.0922,50.00,0651:41:20,1,08
14:24:53,0.18063,214.30,0.55864,21.65952,63.2458,31.20236,45.0922,50.00,0651:41:21,1,08
14:24:54,0.1802,214.30,0.55891,21.61904,63.1276,31.20237,45.09221,50.00,0651:41:22,1,08
14:24:55,0.18144,214.40,0.55888,21.77254,63.57581,31.20238,45.09221,50.00,0651:41:23,1,08
14:24:56,0.18143,214.30,0.55863,21.75904,63.5364,31.20238,45.09222,50.00,0651:41:25,1,08
14:24:57,0.18079,214.30,0.5599,21.72699,63.44282,31.20239,45.09222,50.00,0651:41:26,1,08
14:24:58,0.1814,214.20,0.55738,21.69494,63.34924,31.2024,45.09223,50.00,0651:41:27,1,08
14:24:59,0.18114,214.20,0.56016,21.76916,63.56595,31.2024,45.09223,50.00,0651:41:28,1,08
14:25:00,0.18011,214.20,0.55866,21.58868,63.03894,31.20241,45.09224,50.00,0651:41:29,1,08
14:25:01,0.18046,214.20,0.5559,21.51952,62.83701,31.20241,45.09224,50.00,0651:41:30,1,08
14:25:02,0.18048,214.10,0.55905,21.63928,63.18671,31.20242,45.09225,50.00,0651:41:31,1,08
14:25:03,0.18122,214.20,0.55762,21.67639,63.29506,31.20243,45.09225,50.00,0651:41:32,1,08
14:25:04,0.1805,214.10,0.55916,21.6494,63.21626,31.20243,45.09226,50.00,0651:41:33,1,08
14:25:05,0.18114,214.20,0.55802,21.68988,63.33447,31.20244,45.09226,50.00,0651:41:34,1,08
14:25:06,0.18071,214.40,0.55538,21.55157,62.93059,31.20245,45.09227,50.00,0651:41:35,1,08
14:25:07,0.18045,214.40,0.55422,21.52121,62.84193,31.20245,45.09227,50.00,0651:41:36,1,08
14:25:08,0.18057,214.70,0.55669,21.61398,63.11283,31.20246,45.09228,50.00,0651:41:37,1,08
14:25:09,0.1803,214.80,0.55836,21.65615,63.23596,31.20246,45.09228,50.00,0651:41:38,1,08
14:25:10,0.18086,214.80,0.55597,21.63085,63.16207,31.20247,45.09229,50.00,0651:41:39,1,08
14:25:11,0.18216,214.80,0.55552,21.77254,63.57581,31.20248,45.09229,50.00,0651:41:40,1,08
14:25:12,0.17675,214.70,0.55724,21.18386,61.85688,31.20248,45.0923,50.00,0651:41:41,1,08
14:25:13,0.17784,214.70,0.55649,21.28507,62.1524,31.20249,45.0923,50.00,0651:41:42,1,08
14:25:14,0.17996,214.80,0.55752,21.58193,63.01925,31.2025,45.09231,50.00,0651:41:43,1,08
14:25:15,0.18114,214.70,0.55741,21.71519,63.40835,31.2025,45.09231,50.00,0651:41:44,1,08
14:25:16,0.1814,214.60,0.55701,21.72193,63.42805,31.20251,45.09232,50.00,0651:41:46,1,08
14:25:17,0.1814,214.60,0.55701,21.72193,63.42805,31.20251,45.09232,50.00,0651:41:46,1,08
14:25:18,0.17075,214.50,0.54239,19.89687,58.09887,31.20251,45.09232,50.00,0651:41:47,1,08
14:25:19,0.16074,214.30,0.54052,18.65205,54.46399,31.20252,45.09233,50.00,0651:41:48,1,08
14:25:20,0.16013,214.50,0.54349,18.69759,54.59697,31.20252,45.09233,50.00,0651:41:49,1,08
14:25:21,0.16378,214.50,0.5428,19.10241,55.77905,31.20253,45.09234,50.00,0651:41:50,1,08
14:25:22,0.16161,214.40,0.54131,18.78868,54.86295,31.20254,45.09234,50.00,0651:41:51,1,08
14:25:23,0.16262,214.50,0.53926,18.83759,55.00577,31.20254,45.09235,50.00,0651:41:52,1,08
14:25:24,0.16206,214.50,0.5408,18.82579,54.9713,31.20255,45.09235,50.00,0651:41:53,1,08
14:25:25,0.15661,214.50,0.54376,18.29615,53.42476,31.20255,45.09236,50.00,0651:41:54,1,08
14:25:26,0.15764,214.50,0.54457,18.44627,53.86311,31.20256,45.09236,50.00,0651:41:55,1,08
14:25:27,0.16119,214.80,0.54281,18.82073,54.95652,31.20256,45.09237,50.00,0651:41:56,1,08
14:25:28,0.16246,214.80,0.54416,19.01976,55.53771,31.20257,45.09237,50.00,0651:41:57,1,08
14:25:29,0.16265,214.80,0.5442,19.04338,55.60666,31.20257,45.09237,50.00,0651:41:58,1,08
14:25:30,0.1616,214.80,0.54581,18.97253,55.3998,31.20258,45.09238,50.00,0651:41:59,1,08
14:25:31,0.16319,214.60,0.54312,19.05519,55.64114,31.20259,45.09238,50.00,0651:42:00,1,08
14:25:32,0.16367,214.60,0.54239,19.08048,55.71502,31.20259,45.09239,50.00,0651:42:01,1,08
14:25:33,0.16305,214.60,0.54341,19.04675,55.61651,31.2026,45.09239,50.00,0651:42:02,1,08
14:25:34,0.16284,214.60,0.54376,19.02988,55.56726,31.2026,45.0924,50.00,0651:42:03,1,08
14:25:35,0.16228,214.60,0.54314,18.94386,55.31606,31.20261,45.0924,50.00,0651:42:04,1,08
14:25:36,0.16319,214.60,0.54103,18.97422,55.40473,31.20261,45.09241,50.00,0651:42:05,1,08
14:25:37,0.16346,214.50,0.54442,19.12434,55.84308,31.20262,45.09241,50.00,0651:42:07,1,08
14:25:38,0.16309,214.40,0.5432,19.02483,55.55249,31.20262,45.09242,50.00,0651:42:08,1,08
14:25:39,0.16224,214.30,0.54282,18.90338,55.19786,31.20263,45.09242,50.00,0651:42:09,1,08
14:25:40,0.16213,214.30,0.54576,18.99109,55.45399,31.20264,45.09243,50.00,0651:42:10,1,08
14:25:41,0.16378,214.20,0.54099,19.01302,55.51801,31.20264,45.09243,50.00,0651:42:11,1,08
14:25:42,0.16447,214.30,0.54338,19.18338,56.01546,31.20265,45.09244,50.00,0651:42:12,1,08
14:25:43,0.16334,214.30,0.54638,19.15639,55.93666,31.20265,45.09244,50.00,0651:42:13,1,08
14:25:44,0.16334,214.30,0.54638,19.15639,55.93666,31.20265,45.09244,50.00,0651:42:13,1,08
14:25:45,0.1613,214.30,0.54511,18.87302,55.10921,31.20266,45.09244,50.00,0651:42:14,1,08
14:25:46,0.16228,214.30,0.54465,18.96916,55.38995,31.20266,45.09245,50.00,0651:42:15,1,08
14:25:47,0.16295,214.30,0.54133,18.93374,55.28652,31.20267,45.09245,50.00,0651:42:16,1,08
14:25:48,0.16207,214.30,0.54397,18.92699,55.26682,31.20267,45.09246,50.00,0651:42:17,1,08
14:25:49,0.16312,214.30,0.54124,18.94723,55.32592,31.20268,45.09246,50.00,0651:42:18,1,08
14:25:50,0.16277,214.20,0.54197,18.92868,55.27175,31.20268,45.09247,50.00,0651:42:19,1,08
14:25:51,0.16283,214.00,0.54277,18.94386,55.31606,31.20269,45.09247,50.00,0651:42:20,1,08
14:25:52,0.16241,214.00,0.54444,18.94892,55.33085,31.2027,45.09248,50.00,0651:42:21,1,08
14:25:53,0.1622,214.00,0.54298,18.87808,55.12399,31.2027,45.09248,50.00,0651:42:22,1,08
14:25:54,0.16184,214.10,0.54413,18.88482,55.14368,31.20271,45.09249,50.00,0651:42:23,1,08
14:25:55,0.16174,214.20,0.54374,18.86964,55.09936,31.20271,45.09249,50.00,0651:42:24,1,08
14:25:56,0.1623,214.30,0.54212,18.88651,55.14861,31.20272,45.0925,50.00,0651:42:25,1,08
14:25:57,0.16238,214.30,0.54248,18.91181,55.22249,31.20272,45.0925,50.00,0651:42:27,1,08
14:25:58,0.16263,214.50,0.53857,18.81735,54.94667,31.20273,45.0925,50.00,0651:42:28,1,08
14:25:59,0.15381,214.40,0.51782,17.10193,49.93764,31.20273,45.09251,50.00,0651:42:29,1,08
14:26:00,0.14716,214.40,0.49952,15.7829,46.08606,31.20274,45.09251,50.00,0651:42:30,1,08
14:26:01,0.14567,214.30,0.49876,15.59904,45.5492,31.20274,45.09252,50.00,0651:42:31,1,08
14:26:02,0.1446,214.50,0.50125,15.57205,45.47039,31.20275,45.09252,50.00,0651:42:32,1,08
14:26:03,0.14419,214.60,0.50087,15.52314,45.32756,31.20275,45.09253,50.00,0651:42:33,1,08
14:26:04,0.15111,214.50,0.51122,16.60097,48.47483,31.20276,45.09253,50.00,0651:42:34,1,08
14:26:05,0.15895,214.50,0.52119,17.80193,51.98164,31.20276,45.09254,50.00,0651:42:35,1,08
14:26:06,0.17311,214.40,0.54214,20.16,58.86721,31.20277,45.09254,50.00,0651:42:36,1,08
14:26:07,0.17505,214.50,0.5513,20.73519,60.54675,31.20277,45.09255,50.00,0651:42:37,1,08
14:26:09,0.17669,214.50,0.55136,20.93254,61.123,31.20278,45.09255,50.00,0651:42:38,1,08
14:26:10,0.17492,214.70,0.55306,20.79928,60.73391,31.20279,45.09256,50.00,0651:42:39,1,08
14:26:11,0.17618,214.60,0.54895,20.78748,60.69943,31.20279,45.09256,50.00,0651:42:40,1,08
14:26:12,0.17618,214.60,0.54895,20.78748,60.69943,31.20279,45.09256,50.00,0651:42:40,1,08
14:26:13,0.17712,214.70,0.54469,20.74531,60.5763,31.2028,45.09257,50.00,0651:42:41,1,08
14:26:14,0.17757,214.60,0.54499,20.80097,60.73883,31.2028,45.09257,50.00,0651:42:42,1,08
14:26:15,0.17698,214.60,0.5459,20.76386,60.63047,31.20281,45.09258,50.00,0651:42:43,1,08
14:26:16,0.17734,214.50,0.54702,20.84145,60.85704,31.20282,45.09258,50.00,0651:42:44,1,08
14:26:17,0.17726,214.40,0.54785,20.85832,60.90629,31.20282,45.09259,50.00,0651:42:45,1,08
14:26:18,0.17701,214.50,0.54449,20.70651,60.46302,31.20283,45.09259,50.00,0651:42:46,1,08
14:26:19,0.17735,214.40,0.54544,20.77229,60.6551,31.20283,45.0926,50.00,0651:42:47,1,08
14:26:20,0.17956,214.40,0.54881,21.16362,61.79778,31.20284,45.0926,50.00,0651:42:49,1,08
14:26:21,0.19239,214.50,0.56898,23.51326,68.65871,31.20285,45.09261,50.00,0651:42:50,1,08
14:26:22,0.19592,214.50,0.57348,24.1441,70.50078,31.20285,45.09261,50.00,0651:42:51,1,08
14:26:23,0.19626,214.50,0.57045,24.05133,70.22989,31.20286,45.09262,50.00,0651:42:52,1,08
14:26:24,0.19711,214.50,0.57021,24.15085,70.52048,31.20287,45.09262,50.00,0651:42:53,1,08
14:26:25,0.19605,214.50,0.57391,24.17784,70.59929,31.20288,45.09263,50.00,0651:42:54,1,08
14:26:26,0.19465,214.60,0.57074,23.88434,69.74228,31.20288,45.09263,50.00,0651:42:55,1,08
14:26:27,0.19662,214.80,0.5723,24.20651,70.68301,31.20289,45.09264,50.00,0651:42:56,1,08
14:26:28,0.19506,214.80,0.56753,23.81519,69.54034,31.2029,45.09264,50.00,0651:42:57,1,08
14:26:29,0.19364,214.80,0.57129,23.80338,69.50587,31.2029,45.09265,50.00,0651:42:58,1,08
14:26:30,0.19111,214.70,0.56902,23.39013,68.29917,31.20291,45.09265,50.00,0651:42:59,1,08
14:26:31,0.19589,214.60,0.56889,23.95687,69.95407,31.20292,45.09266,50.00,0651:43:00,1,08
14:26:32,0.19482,214.70,0.56997,23.87928,69.72751,31.20292,45.09266,50.00,0651:43:01,1,08
14:26:33,0.19563,214.70,0.57166,24.04627,70.21512,31.20293,45.09267,50.00,0651:43:02,1,08
14:26:34,0.19483,214.70,0.56789,23.7882,69.46154,31.20294,45.09268,50.00,0651:43:03,1,08
14:26:35,0.19732,214.60,0.57179,24.25037,70.81107,31.20295,45.09268,50.00,0651:43:04,1,08
14:26:36,0.19505,214.60,0.56911,23.86241,69.67825,31.20295,45.09269,50.00,0651:43:05,1,08
14:26:37,0.19346,214.60,0.57226,23.79157,69.47139,31.20296,45.09269,50.00,0651:43:06,1,08
14:26:38,0.19346,214.60,0.57226,23.79157,69.47139,31.20296,45.09269,50.00,0651:43:06,1,08
14:26:39,0.18458,214.50,0.57154,22.66651,66.18621,31.20297,45.0927,50.00,0651:43:07,1,08
14:26:40,0.1957,214.50,0.5661,23.80675,69.51572,31.20297,45.0927,50.00,0651:43:09,1,08
14:26:41,0.19787,214.50,0.56864,24.17446,70.58943,31.20298,45.09271,50.00,0651:43:10,1,08
14:26:42,0.19514,214.60,0.5703,23.91977,69.84573,31.20299,45.09271,50.00,0651:43:11,1,08
14:26:43,0.19614,214.60,0.57319,24.16097,70.55003,31.20299,45.09272,50.00,0651:43:12,1,08
14:26:44,0.19465,214.50,0.57271,23.95519,69.94915,31.203,45.09272,50.00,0651:43:13,1,08
14:26:45,0.19567,214.50,0.57354,24.11374,70.41212,31.20301,45.09273,50.00,0651:43:14,1,08
14:26:46,0.19551,214.60,0.57221,24.04458,70.21018,31.20301,45.09273,50.00,0651:43:15,1,08
14:26:47,0.19514,214.70,0.56914,23.88097,69.73244,31.20302,45.09274,50.00,0651:43:16,1,08
14:26:48,0.19434,214.80,0.57044,23.84892,69.63885,31.20303,45.09274,50.00,0651:43:17,1,08
14:26:49,0.19534,214.80,0.57053,23.97374,70.00332,31.20304,45.09275,50.00,0651:43:18,1,08
14:26:50,0.19719,214.70,0.57528,24.40049,71.24942,31.20304,45.09275,50.00,0651:43:19,1,08
14:26:51,0.19395,214.70,0.57317,23.9029,69.79646,31.20305,45.09276,50.00,0651:43:20,1,08
14:26:52,0.19822,214.70,0.57124,24.34651,71.09182,31.20306,45.09276,50.00,0651:43:21,1,08
14:26:53,0.19648,214.80,0.56707,23.97374,70.00332,31.20306,45.09277,50.00,0651:43:22,1,08
14:26:54,0.19706,214.90,0.56955,24.1576,70.54018,31.20307,45.09277,50.00,0651:43:23,1,08
14:26:55,0.19652,214.90,0.56935,24.08,70.31361,31.20308,45.09278,50.00,0651:43:24,1,08
14:26:56,0.19609,214.90,0.57185,24.13904,70.48601,31.20308,45.09279,50.00,0651:43:25,1,08
14:26:57,0.19638,215.00,0.56957,24.08338,70.32346,31.20309,45.09279,50.00,0651:43:26,1,08
14:26:58,0.19579,214.90,0.5676,23.92145,69.85064,31.2031,45.0928,50.00,0651:43:27,1,08
14:26:59,0.19705,215.00,0.56882,24.13229,70.4663,31.20311,45.0928,50.00,0651:43:28,1,08
14:27:00,0.19601,214.90,0.56667,23.91302,69.82602,31.20311,45.09281,50.00,0651:43:30,1,08
14:27:01,0.19735,214.90,0.56972,24.20314,70.67316,31.20312,45.09281,50.00,0651:43:31,1,08
14:27:02,0.19568,215.00,0.56865,23.96025,69.96392,31.20313,45.09282,50.00,0651:43:32,1,08
14:27:03,0.19715,214.90,0.57183,24.26555,70.85541,31.20313,45.09282,50.00,0651:43:33,1,08
14:27:04,0.19715,214.90,0.57183,24.26555,70.85541,31.20313,45.09282,50.00,0651:43:33,1,08
14:27:05,0.19553,214.90,0.56669,23.85061,69.64378,31.20314,45.09283,50.00,0651:43:34,1,08
14:27:06,0.19694,214.90,0.56962,24.15085,70.52048,31.20315,45.09283,50.00,0651:43:35,1,08
14:27:07,0.19491,214.90,0.56976,23.9029,69.79646,31.20315,45.09284,50.00,0651:43:36,1,08
14:27:08,0.19702,214.90,0.5716,24.23856,70.7766,31.20316,45.09284,50.00,0651:43:37,1,08
14:27:09,0.19498,214.80,0.56842,23.85061,69.64378,31.20317,45.09285,50.00,0651:43:38,1,08
14:27:10,0.19708,214.80,0.56738,24.05976,70.25452,31.20318,45.09285,50.00,0651:43:39,1,08
14:27:11,0.1967,214.80,0.56851,24.06145,70.25944,31.20318,45.09286,50.00,0651:43:40,1,08
14:27:12,0.19579,214.80,0.57034,24.0294,70.16586,31.20319,45.09286,50.00,0651:43:41,1,08
14:27:13,0.19652,214.70,0.57064,24.1188,70.4269,31.2032,45.09287,50.00,0651:43:42,1,08
14:27:14,0.19684,214.70,0.57064,24.15928,70.5451,31.2032,45.09287,50.00,0651:43:43,1,08
14:27:15,0.19712,214.80,0.57044,24.19133,70.63869,31.20321,45.09288,50.00,0651:43:44,1,08
14:27:16,0.19496,214.90,0.56978,23.90964,69.81615,31.20322,45.09289,50.00,0651:43:45,1,08
14:27:17,0.19606,215.10,0.57184,24.15422,70.53033,31.20322,45.09289,50.00,0651:43:46,1,08
14:27:18,0.19491,215.00,0.56943,23.90627,69.8063,31.20323,45.0929,50.00,0651:43:47,1,08
14:27:19,0.19659,215.00,0.57223,24.22675,70.74212,31.20324,45.0929,50.00,0651:43:48,1,08
14:27:20,0.18876,215.00,0.57236,23.26868,67.94455,31.20325,45.09291,50.00,0651:43:50,1,08
14:27:21,0.19231,215.00,0.57457,23.79663,69.48616,31.20325,45.09291,50.00,0651:43:51,1,08
14:27:22,0.19667,215.10,0.56641,23.99567,70.06735,31.20326,45.09292,50.00,0651:43:52,1,08
14:27:23,0.19702,215.00,0.56949,24.16434,70.55989,31.20327,45.09292,50.00,0651:43:53,1,08
14:27:24,0.19448,214.90,0.5673,23.74434,69.33348,31.20327,45.09293,50.00,0651:43:54,1,08
14:27:25,0.19463,215.00,0.57312,24.02097,70.14123,31.20328,45.09293,50.00,0651:43:55,1,08
14:27:26,0.1938,214.80,0.57091,23.80675,69.51572,31.20329,45.09294,50.00,0651:43:56,1,08
14:27:27,0.19269,214.70,0.57342,23.76627,69.39751,31.20329,45.09294,50.00,0651:43:57,1,08
14:27:28,0.19456,214.80,0.56874,23.80844,69.52065,31.2033,45.09295,50.00,0651:43:58,1,08
14:27:29,0.19456,214.80,0.56874,23.80844,69.52065,31.2033,45.09295,50.00,0651:43:58,1,08
14:27:30,0.19636,214.90,0.5715,24.15928,70.5451,31.20331,45.09295,50.00,0651:43:59,1,08
14:27:31,0.19683,215.00,0.57026,24.17615,70.59436,31.20332,45.09296,50.00,0651:44:00,1,08
14:27:32,0.19442,215.20,0.57008,23.8894,69.75706,31.20332,45.09296,50.00,0651:44:01,1,08
14:27:33,0.19478,215.30,0.57346,24.08338,70.32346,31.20333,45.09297,50.00,0651:44:02,1,08
14:27:34,0.19455,214.40,0.57274,23.93157,69.88019,31.20334,45.09297,50.00,0651:44:03,1,08
14:27:35,0.19614,214.70,0.57179,24.11543,70.41705,31.20334,45.09298,50.00,0651:44:04,1,08
14:27:36,0.19452,215.10,0.57123,23.94169,69.90974,31.20335,45.09298,50.00,0651:44:05,1,08
14:27:37,0.19579,215.10,0.56887,23.9923,70.05751,31.20336,45.09299,50.00,0651:44:06,1,08
14:27:38,0.18459,215.00,0.57618,22.89928,66.86591,31.20336,45.09299,50.00,0651:44:07,1,08
14:27:39,0.19071,214.90,0.57338,23.54025,68.73753,31.20337,45.093,50.00,0651:44:08,1,08
14:27:40,0.19504,214.90,0.56906,23.89278,69.76691,31.20338,45.09301,50.00,0651:44:09,1,08
14:27:41,0.19573,214.90,0.57266,24.12723,70.45152,31.20338,45.09301,50.00,0651:44:11,1,08
14:27:42,0.1939,214.80,0.57012,23.77976,69.4369,31.20339,45.09302,50.00,0651:44:12,1,08
14:27:43,0.19551,214.70,0.57453,24.1576,70.54018,31.2034,45.09302,50.00,0651:44:13,1,08
14:27:44,0.19323,214.70,0.57356,23.83205,69.5896,31.20341,45.09303,50.00,0651:44:14,1,08
14:27:45,0.19155,214.70,0.57689,23.76796,69.40244,31.20341,45.09303,50.00,0651:44:15,1,08
14:27:46,0.19369,214.70,0.57296,23.86916,69.69795,31.20342,45.09304,50.00,0651:44:16,1,08
14:27:47,0.19551,214.70,0.57521,24.18796,70.62884,31.20343,45.09304,50.00,0651:44:17,1,08
14:27:48,0.18562,214.60,0.55762,22.24989,64.96967,31.20343,45.09305,50.00,0651:44:18,1,08
14:27:49,0.17009,214.50,0.53503,19.55446,57.09903,31.20344,45.09305,50.00,0651:44:19,1,08
14:27:50,0.1677,214.70,0.53629,19.34193,56.47845,31.20344,45.09306,50.00,0651:44:20,1,08
14:27:51,0.16561,214.80,0.53627,19.10579,55.7889,31.20345,45.09306,50.00,0651:44:21,1,08
14:27:52,0.16196,214.70,0.53796,18.73976,54.72011,31.20346,45.09307,50.00,0651:44:22,1,08
14:27:53,0.16235,214.60,0.53561,18.69591,54.59205,31.20346,45.09307,50.00,0651:44:23,1,08
14:27:54,0.16085,214.60,0.53424,18.47495,53.94684,31.20347,45.09308,50.00,0651:44:24,1,08
14:27:55,0.15608,214.70,0.52422,17.59446,51.37583,31.20347,45.09308,50.00,0651:44:25,1,08
14:27:56,0.15608,214.70,0.52422,17.59446,51.37583,31.20347,45.09308,50.00,0651:44:25,1,08
14:27:57,0.14731,214.70,0.49814,15.77784,46.07129,31.20348,45.09308,50.00,0651:44:26,1,08
14:27:58,0.14584,214.60,0.4979,15.60916,45.57875,31.20348,45.09309,50.00,0651:44:27,1,08
14:27:59,0.14673,214.30,0.49561,15.61085,45.58368,31.20348,45.09309,50.00,0651:44:28,1,08
14:28:00,0.1539,214.40,0.50367,16.64988,48.61766,31.20349,45.0931,50.00,0651:44:29,1,08
14:28:01,0.16083,214.40,0.50806,17.54892,51.24284,31.20349,45.0931,50.00,0651:44:31,1,08
14:28:02,0.17005,214.40,0.51432,18.78193,54.84324,31.2035,45.09311,50.00,0651:44:32,1,08
14:28:03,0.17289,214.40,0.51227,19.01976,55.53771,31.20351,45.09311,50.00,0651:44:33,1,08
14:28:04,0.1744,214.50,0.52322,19.60844,57.25664,31.20351,45.09312,50.00,0651:44:34,1,08
14:28:05,0.18563,214.60,0.55339,22.07952,64.47221,31.20352,45.09312,50.00,0651:44:35,1,08
14:28:07,0.18508,214.60,0.55406,22.04242,64.36385,31.20352,45.09313,50.00,0651:44:36,1,08
14:28:08,0.18394,214.70,0.55381,21.90916,63.97475,31.20353,45.09313,50.00,0651:44:37,1,08
14:28:09,0.18429,214.60,0.55434,21.95639,64.11266,31.20354,45.09314,50.00,0651:44:38,1,08
14:28:10,0.18481,214.60,0.55235,21.94458,64.07818,31.20354,45.09314,50.00,0651:44:39,1,08
14:28:11,0.18557,214.50,0.5558,22.1588,64.7037,31.20355,45.09315,50.00,0651:44:40,1,08
14:28:12,0.18474,214.50,0.55741,22.12675,64.61012,31.20356,45.09316,50.00,0651:44:41,1,08
14:28:13,0.18382,214.50,0.55424,21.89061,63.92058,31.20356,45.09316,50.00,0651:44:42,1,08
14:28:14,0.18329,214.60,0.55562,21.88892,63.91565,31.20357,45.09317,50.00,0651:44:43,1,08
14:28:15,0.18336,214.50,0.55583,21.89735,63.94028,31.20358,45.09317,50.00,0651:44:44,1,08
14:28:16,0.1842,214.50,0.55746,22.0576,64.40818,31.20358,45.09318,50.00,0651:44:45,1,08
14:28:17,0.18488,214.50,0.55028,21.85519,63.81715,31.20359,45.09318,50.00,0651:44:46,1,08
14:28:18,0.1863,214.60,0.54689,21.89567,63.93535,31.20359,45.09319,50.00,0651:44:47,1,08
14:28:19,0.18566,214.60,0.54642,21.8029,63.66446,31.2036,45.09319,50.00,0651:44:48,1,08
14:28:20,0.18551,214.70,0.55212,22.03061,64.32938,31.20361,45.0932,50.00,0651:44:49,1,08
14:28:21,0.18538,214.80,0.5535,22.07446,64.45743,31.20361,45.0932,50.00,0651:44:50,1,08
14:28:22,0.18493,214.70,0.54902,21.83832,63.76788,31.20362,45.09321,50.00,0651:44:51,1,08
14:28:23,0.18493,214.70,0.54902,21.83832,63.76788,31.20362,45.09321,50.00,0651:44:51,1,08
14:28:24,0.1902,214.80,0.54704,22.38145,65.35384,31.20363,45.09321,50.00,0651:44:53,1,08
14:28:25,0.18337,214.80,0.54781,21.60892,63.09805,31.20363,45.09322,50.00,0651:44:54,1,08
14:28:26,0.18935,214.80,0.5488,22.3629,65.29966,31.20364,45.09322,50.00,0651:44:55,1,08
14:28:27,0.186,214.90,0.5482,21.94627,64.08311,31.20365,45.09323,50.00,0651:44:56,1,08
14:28:28,0.19344,214.80,0.55325,23.02747,67.24023,31.20365,45.09323,50.00,0651:44:57,1,08
14:28:29,0.20212,214.70,0.55416,24.09181,70.3481,31.20366,45.09324,50.00,0651:44:58,1,08
14:28:30,0.20372,215.10,0.55361,24.29928,70.9539,31.20367,45.09324,50.00,0651:44:59,1,08
14:28:31,0.20326,215.10,0.55585,24.34314,71.08197,31.20367,45.09325,50.00,0651:45:00,1,08
14:28:32,0.20167,215.20,0.55596,24.16603,70.5648,31.20368,45.09326,50.00,0651:45:01,1,08
14:28:33,0.20213,215.20,0.55574,24.21832,70.7175,31.20369,45.09326,50.00,0651:45:02,1,08
14:28:34,0.20141,215.30,0.55251,23.99567,70.06735,31.2037,45.09327,50.00,0651:45:03,1,08
14:28:35,0.20223,215.40,0.55626,24.26723,70.86033,31.2037,45.09327,50.00,0651:45:04,1,08
14:28:36,0.20066,215.50,0.55534,24.05302,70.23482,31.20371,45.09328,50.00,0651:45:05,1,08
14:28:37,0.2009,215.50,0.55371,24.01254,70.11661,31.20372,45.09328,50.00,0651:45:06,1,08
14:28:38,0.20159,215.50,0.55636,24.21157,70.69779,31.20372,45.09329,50.00,0651:45:07,1,08
14:28:39,0.1994,215.60,0.55626,23.94844,69.92944,31.20373,45.0933,50.00,0651:45:08,1,08
14:28:40,0.19937,215.50,0.55801,24.01422,70.12153,31.20374,45.0933,50.00,0651:45:09,1,08
14:28:41,0.2012,215.50,0.55842,24.25037,70.81107,31.20374,45.09331,50.00,0651:45:10,1,08
14:28:42,0.19059,215.50,0.55835,22.96844,67.06784,31.20375,45.09331,50.00,0651:45:11,1,08
14:28:43,0.19635,215.50,0.55664,23.58916,68.88035,31.20376,45.09332,50.00,0651:45:13,1,08
14:28:44,0.20021,215.40,0.55522,23.98049,70.02303,31.20376,45.09332,50.00,0651:45:14,1,08
14:28:45,0.20299,215.20,0.55604,24.33471,71.05734,31.20377,45.09333,50.00,0651:45:15,1,08
14:28:46,0.20217,215.20,0.55226,24.06314,70.26437,31.20378,45.09333,50.00,0651:45:16,1,08
14:28:47,0.20225,215.20,0.55119,24.02772,70.16093,31.20379,45.09334,50.00,0651:45:17,1,08
14:28:48,0.20225,215.20,0.55119,24.02772,70.16093,31.20379,45.09334,50.00,0651:45:17,1,08
14:28:49,0.20178,215.10,0.55575,24.16434,70.55989,31.20379,45.09335,50.00,0651:45:18,1,08
14:28:50,0.20221,215.10,0.55629,24.23856,70.7766,31.2038,45.09335,50.00,0651:45:19,1,08
14:28:51,0.20171,215.10,0.55731,24.22507,70.7372,31.20381,45.09336,50.00,0651:45:20,1,08
14:28:52,0.20215,215.10,0.55655,24.23519,70.76675,31.20381,45.09336,50.00,0651:45:21,1,08
14:28:53,0.20217,215.10,0.55445,24.14916,70.51556,31.20382,45.09337,50.00,0651:45:22,1,08
14:28:54,0.20285,215.10,0.55608,24.30097,70.95883,31.20383,45.09337,50.00,0651:45:23,1,08
14:28:55,0.20097,215.20,0.55614,24.0935,70.35302,31.20384,45.09338,50.00,0651:45:24,1,08
14:28:56,0.19843,215.20,0.55698,23.82531,69.56989,31.20384,45.09338,50.00,0651:45:25,1,08
14:28:57,0.20129,215.20,0.56076,24.33133,71.04749,31.20385,45.09339,50.00,0651:45:26,1,08
14:28:58,0.20069,215.30,0.55508,24.01928,70.13631,31.20386,45.0934,50.00,0651:45:27,1,08
14:28:59,0.19988,215.30,0.55638,23.98555,70.0378,31.20386,45.0934,50.00,0651:45:28,1,08
14:29:00,0.2003,215.40,0.55577,24.02097,70.14123,31.20387,45.09341,50.00,0651:45:29,1,08
14:29:01,0.20175,215.40,0.55677,24.2335,70.76182,31.20388,45.09341,50.00,0651:45:30,1,08
14:29:02,0.20119,215.40,0.55888,24.25711,70.83077,31.20388,45.09342,50.00,0651:45:31,1,08
14:29:03,0.20167,215.50,0.55684,24.24193,70.78645,31.20389,45.09342,50.00,0651:45:33,1,08
14:29:04,0.20159,215.40,0.55585,24.17278,70.5845,31.2039,45.09343,50.00,0651:45:34,1,08
14:29:05,0.20226,215.60,0.55681,24.31784,71.00809,31.20391,45.09343,50.00,0651:45:35,1,08
14:29:06,0.20137,215.60,0.55484,24.13061,70.46138,31.20391,45.09344,50.00,0651:45:36,1,08
14:29:07,0.20027,215.60,0.55632,24.05976,70.25452,31.20392,45.09345,50.00,0651:45:37,1,08
14:29:08,0.1993,215.60,0.56044,24.11711,70.42197,31.20393,45.09345,50.00,0651:45:38,1,08
14:29:09,0.20084,215.50,0.55987,24.27398,70.88002,31.20393,45.09346,50.00,0651:45:39,1,08
14:29:10,0.19864,215.60,0.55958,23.99904,70.0772,31.20394,45.09346,50.00,0651:45:40,1,08
14:29:11,0.20063,215.50,0.56049,24.27061,70.87018,31.20395,45.09347,50.00,0651:45:41,1,08
14:29:12,0.20085,215.40,0.55956,24.24699,70.80122,31.20395,45.09347,50.00,0651:45:42,1,08
14:29:13,0.20068,215.40,0.55996,24.24362,70.79137,31.20396,45.09348,50.00,0651:45:43,1,08
14:29:14,0.20068,215.40,0.55996,24.24362,70.79137,31.20396,45.09348,50.00,0651:45:43,1,08
14:29:15,0.19864,215.40,0.56187,24.08,70.31361,31.20397,45.09348,50.00,0651:45:44,1,08
14:29:16,0.19836,215.50,0.55942,23.94844,69.92944,31.20398,45.09349,50.00,0651:45:45,1,08
14:29:17,0.19446,215.50,0.56352,23.65832,69.08229,31.20398,45.0935,50.00,0651:45:46,1,08
14:29:18,0.19567,215.50,0.55844,23.58073,68.85573,31.20399,45.0935,50.00,0651:45:47,1,08
14:29:19,0.19947,215.40,0.55795,24.0176,70.13139,31.204,45.09351,50.00,0651:45:48,1,08
14:29:20,0.19913,215.50,0.5602,24.07663,70.30376,31.204,45.09351,50.00,0651:45:49,1,08
14:29:21,0.19819,215.40,0.56107,23.98723,70.04272,31.20401,45.09352,50.00,0651:45:50,1,08
14:29:22,0.20145,215.40,0.56028,24.3482,71.09674,31.20402,45.09352,50.00,0651:45:51,1,08
14:29:23,0.1968,215.40,0.55602,23.60434,68.92468,31.20402,45.09353,50.00,0651:45:52,1,08
14:29:24,0.19936,215.40,0.55674,23.94844,69.92944,31.20403,45.09353,50.00,0651:45:54,1,08
14:29:25,0.20074,215.50,0.55983,24.2588,70.8357,31.20404,45.09354,50.00,0651:45:55,1,08
14:29:26,0.1994,215.40,0.55934,24.06988,70.28406,31.20405,45.09354,50.00,0651:45:56,1,08
14:29:27,0.18122,215.30,0.53263,20.81783,60.78808,31.20405,45.09355,50.00,0651:45:57,1,08
14:29:28,0.16765,215.30,0.52379,18.9388,55.30129,31.20406,45.09356,50.00,0651:45:58,1,08
14:29:29,0.1652,215.40,0.52654,18.77181,54.81369,31.20406,45.09356,50.00,0651:45:59,1,08
14:29:30,0.1668,215.50,0.52877,19.03663,55.58696,31.20407,45.09357,50.00,0651:46:00,1,08
14:29:31,0.16196,215.40,0.52838,18.46482,53.91729,31.20407,45.09357,50.00,0651:46:01,1,08
14:29:32,0.16351,215.40,0.52874,18.64868,54.45415,31.20408,45.09357,50.00,0651:46:02,1,08
14:29:33,0.16141,215.30,0.53358,18.57615,54.24235,31.20408,45.09358,50.00,0651:46:03,1,08
14:29:34,0.16179,215.30,0.53026,18.50024,54.02071,31.20409,45.09358,50.00,0651:46:04,1,08
14:29:35,0.16232,215.30,0.52886,18.51374,54.06012,31.20409,45.09359,50.00,0651:46:05,1,08
14:29:36,0.163,215.30,0.52606,18.49012,53.99116,31.2041,45.09359,50.00,0651:46:06,1,08
14:29:37,0.16209,215.30,0.52862,18.47663,53.95176,31.20411,45.0936,50.00,0651:46:07,1,08
14:29:38,0.16192,215.30,0.53111,18.54748,54.15863,31.20411,45.0936,50.00,0651:46:08,1,08
14:29:39,0.16239,215.30,0.53039,18.57615,54.24235,31.20412,45.09361,50.00,0651:46:09,1,08
14:29:40,0.16177,215.30,0.52973,18.48338,53.97146,31.20412,45.09361,50.00,0651:46:10,1,08
14:29:41,0.16177,215.30,0.52973,18.48338,53.97146,31.20412,45.09361,50.00,0651:46:10,1,08
14:29:42,0.16216,215.30,0.52692,18.42434,53.79908,31.20413,45.09362,50.00,0651:46:11,1,08
14:29:43,0.163,215.30,0.52913,18.59808,54.30639,31.20413,45.09362,50.00,0651:46:12,1,08
14:29:44,0.16184,215.20,0.53181,18.55591,54.18325,31.20414,45.09363,50.00,0651:46:13,1,08
14:29:45,0.16105,215.10,0.5314,18.44121,53.84834,31.20414,45.09363,50.00,0651:46:15,1,08
14:29:46,0.15446,215.00,0.52753,17.55061,51.24778,31.20415,45.09364,50.00,0651:46:16,1,08
14:29:47,0.15754,215.10,0.52927,17.96217,52.44955,31.20415,45.09364,50.00,0651:46:17,1,08
14:29:48,0.16196,215.10,0.52823,18.43278,53.82371,31.20416,45.09365,50.00,0651:46:18,1,08
14:29:49,0.16161,214.90,0.53049,18.45808,53.89758,31.20416,45.09365,50.00,0651:46:19,1,08
14:29:50,0.16144,214.90,0.53005,18.41928,53.7843,31.20417,45.09366,50.00,0651:46:20,1,08
14:29:51,0.16409,214.90,0.52565,18.56097,54.19803,31.20418,45.09366,50.00,0651:46:21,1,08
14:29:52,0.16235,214.80,0.52642,18.38555,53.68579,31.20418,45.09367,50.00,0651:46:22,1,08
14:29:53,0.16164,214.70,0.52407,18.21519,53.18834,31.20419,45.09367,50.00,0651:46:23,1,08
14:29:54,0.16421,214.80,0.5276,18.63856,54.42459,31.20419,45.09367,50.00,0651:46:24,1,08
14:29:55,0.1623,215.00,0.53128,18.56434,54.20788,31.2042,45.09368,50.00,0651:46:25,1,08
14:29:56,0.16126,215.00,0.52953,18.38892,53.69565,31.2042,45.09368,50.00,0651:46:26,1,08
14:29:57,0.16111,215.00,0.53218,18.46482,53.91729,31.20421,45.09369,50.00,0651:46:27,1,08
14:29:58,0.16098,215.10,0.53268,18.47832,53.95669,31.20421,45.09369,50.00,0651:46:28,1,08
14:29:59,0.16118,215.30,0.53188,18.48675,53.98131,31.20422,45.0937,50.00,0651:46:29,1,08
14:30:00,0.16109,215.40,0.53121,18.46145,53.90743,31.20422,45.0937,50.00,0651:46:30,1,08
14:30:01,0.1615,215.40,0.5289,18.4294,53.81385,31.20423,45.09371,50.00,0651:46:31,1,08
14:30:02,0.16137,215.40,0.53313,18.56434,54.20788,31.20423,45.09371,50.00,0651:46:32,1,08
14:30:03,0.16137,215.30,0.53432,18.59302,54.29161,31.20424,45.09372,50.00,0651:46:33,1,08
14:30:05,0.16067,215.20,0.53415,18.49687,54.01087,31.20425,45.09372,50.00,0651:46:34,1,08
14:30:06,0.16136,215.30,0.53049,18.45808,53.89758,31.20425,45.09373,50.00,0651:46:35,1,08
14:30:07,0.1617,215.30,0.52753,18.39229,53.7055,31.20426,45.09373,50.00,0651:46:37,1,08
14:30:08,0.16073,215.30,0.5309,18.40241,53.73505,31.20426,45.09374,50.00,0651:46:38,1,08
14:30:09,0.16181,215.30,0.53007,18.4935,54.00101,31.20427,45.09374,50.00,0651:46:39,1,08
14:30:10,0.16181,215.30,0.53007,18.4935,54.00101,31.20427,45.09374,50.00,0651:46:39,1,08
14:30:11,0.16205,215.30,0.52858,18.4682,53.92714,31.20427,45.09375,50.00,0651:46:40,1,08
14:30:12,0.16223,215.20,0.52682,18.42434,53.79908,31.20428,45.09375,50.00,0651:46:41,1,08
14:30:13,0.16189,215.10,0.52983,18.48338,53.97146,31.20428,45.09376,50.00,0651:46:42,1,08
14:30:14,0.1622,215.10,0.5307,18.54579,54.1537,31.20429,45.09376,50.00,0651:46:43,1,08
14:30:15,0.15415,215.30,0.52841,17.56747,51.29703,31.20429,45.09376,50.00,0651:46:44,1,08
14:30:16,0.1531,215.20,0.51717,17.06651,49.83421,31.2043,45.09377,50.00,0651:46:45,1,08
14:30:17,0.14854,215.10,0.49262,15.76097,46.02203,31.2043,45.09377,50.00,0651:46:46,1,08
14:30:18,0.1467,214.90,0.4938,15.59567,45.53934,31.20431,45.09378,50.00,0651:46:47,1,08
14:30:19,0.14643,214.70,0.49422,15.5653,45.45069,31.20431,45.09378,50.00,0651:46:48,1,08
14:30:20,0.14522,214.80,0.49633,15.50627,45.27831,31.20432,45.09379,50.00,0651:46:49,1,08
14:30:21,0.13806,215.00,0.49109,14.60217,42.63834,31.20432,45.09379,50.00,0651:46:50,1,08
14:30:22,0.13909,215.10,0.49499,14.83494,43.31804,31.20432,45.0938,50.00,0651:46:51,1,08
14:30:23,0.16097,215.10,0.5161,17.89639,52.25746,31.20433,45.0938,50.00,0651:46:52,1,08
14:30:24,0.16419,215.00,0.52022,18.39735,53.72027,31.20434,45.09381,50.00,0651:46:53,1,08
14:30:25,0.16043,215.20,0.51546,17.82386,52.04567,31.20434,45.09381,50.00,0651:46:54,1,08
14:30:26,0.17579,215.10,0.56212,21.29181,62.1721,31.20435,45.09382,50.00,0651:46:55,1,08
14:30:27,0.16928,214.90,0.56286,20.51085,59.89167,31.20435,45.09382,50.00,0651:46:57,1,08
14:30:28,0.16625,214.80,0.56117,20.07061,58.60618,31.20436,45.09383,50.00,0651:46:58,1,08
14:30:29,0.17445,214.90,0.56198,21.10458,61.62539,31.20436,45.09383,50.00,0651:46:59,1,08
14:30:30,0.17418,215.10,0.5616,21.04723,61.45792,31.20437,45.09384,50.00,0651:47:00,1,08
14:30:31,0.17475,215.10,0.5624,21.17543,61.83225,31.20438,45.09384,50.00,0651:47:01,1,08
14:30:32,0.16967,215.10,0.5603,20.48386,59.81287,31.20438,45.09384,50.00,0651:47:02,1,08
14:30:33,0.16435,215.20,0.56286,19.93736,58.21708,31.20439,45.09385,50.00,0651:47:03,1,08
14:30:34,0.17444,215.30,0.55982,21.05904,61.49241,31.2044,45.09385,50.00,0651:47:04,1,08
14:30:35,0.17789,215.30,0.55922,21.45374,62.64491,31.2044,45.09386,50.00,0651:47:05,1,08
14:30:36,0.17789,215.30,0.55922,21.45374,62.64491,31.2044,45.09386,50.00,0651:47:05,1,08
14:30:37,0.16945,215.10,0.55964,20.43326,59.66511,31.20441,45.09386,50.00,0651:47:06,1,08
14:30:38,0.17394,215.30,0.56102,21.04555,61.453,31.20441,45.09387,50.00,0651:47:07,1,08
14:30:39,0.1737,215.40,0.56221,21.06748,61.51703,31.20442,45.09387,50.00,0651:47:08,1,08
14:30:40,0.17516,215.30,0.56485,21.33229,62.29029,31.20443,45.09388,50.00,0651:47:09,1,08
14:30:41,0.17486,215.30,0.5586,21.06242,61.50226,31.20443,45.09388,50.00,0651:47:10,1,08
14:30:42,0.17528,215.40,0.56097,21.21591,61.95045,31.20444,45.09389,50.00,0651:47:11,1,08
14:30:43,0.17323,215.30,0.55978,20.91229,61.0639,31.20444,45.09389,50.00,0651:47:12,1,08
14:30:44,0.17383,215.30,0.56245,21.08603,61.57121,31.20445,45.0939,50.00,0651:47:13,1,08
14:30:45,0.17335,215.30,0.56169,20.99495,61.30524,31.20446,45.0939,50.00,0651:47:14,1,08
14:30:46,0.17156,215.40,0.56436,20.88531,60.9851,31.20446,45.09391,50.00,0651:47:15,1,08
14:30:47,0.17373,215.50,0.56217,21.07928,61.55151,31.20447,45.09391,50.00,0651:47:16,1,08
14:30:48,0.17386,215.40,0.56115,21.05061,61.46778,31.20447,45.09392,50.00,0651:47:18,1,08
14:30:49,0.17391,215.40,0.56266,21.11302,61.65001,31.20448,45.09392,50.00,0651:47:19,1,08
14:30:50,0.17474,215.50,0.56105,21.15856,61.783,31.20449,45.09393,50.00,0651:47:20,1,08
14:30:51,0.17483,215.40,0.5638,21.26989,62.10807,31.20449,45.09393,50.00,0651:47:21,1,08
14:30:52,0.17489,215.40,0.55994,21.13157,61.70419,31.2045,45.09394,50.00,0651:47:22,1,08
14:30:53,0.17491,215.30,0.55873,21.07085,61.52688,31.20451,45.09394,50.00,0651:47:23,1,08
14:30:54,0.17699,215.00,0.56142,21.40145,62.49224,31.20451,45.09394,50.00,0651:47:24,1,08
14:30:55,0.17606,214.70,0.55948,21.18049,61.84702,31.20452,45.09395,50.00,0651:47:25,1,08
14:30:56,0.17472,214.80,0.56077,21.07591,61.54166,31.20452,45.09395,50.00,0651:47:26,1,08
14:30:57,0.17475,214.80,0.56249,21.14844,61.75344,31.20453,45.09396,50.00,0651:47:27,1,08
14:30:58,0.17516,214.80,0.56173,21.16531,61.8027,31.20454,45.09396,50.00,0651:47:28,1,08
14:30:59,0.17523,214.80,0.55686,20.99663,61.31016,31.20454,45.09397,50.00,0651:47:29,1,08
14:31:00,0.17615,214.80,0.56289,21.33061,62.28538,31.20455,45.09397,50.00,0651:47:30,1,08
14:31:01,0.17434,214.80,0.56471,21.18049,61.84702,31.20455,45.09398,50.00,0651:47:31,1,08
14:31:02,0.17434,214.80,0.56471,21.18049,61.84702,31.20455,45.09398,50.00,0651:47:31,1,08
14:31:03,0.1685,214.80,0.5632,20.41302,59.60601,31.20456,45.09398,50.00,0651:47:32,1,08
14:31:04,0.16752,214.90,0.5648,20.36241,59.45825,31.20457,45.09399,50.00,0651:47:33,1,08
14:31:05,0.17525,214.80,0.56168,21.18049,61.84702,31.20457,45.09399,50.00,0651:47:34,1,08
14:31:06,0.17528,214.90,0.563,21.23784,62.01448,31.20458,45.094,50.00,0651:47:35,1,08
14:31:07,0.16312,214.90,0.56465,19.8294,57.90186,31.20458,45.094,50.00,0651:47:36,1,08
14:31:08,0.16816,214.90,0.56463,20.43832,59.67989,31.20459,45.09401,50.00,0651:47:38,1,08
14:31:09,0.17361,214.90,0.5617,20.99157,61.29539,31.2046,45.09401,50.00,0651:47:39,1,08
14:31:10,0.17532,215.10,0.564,21.30193,62.20165,31.2046,45.09402,50.00,0651:47:40,1,08
14:31:11,0.17486,215.20,0.56105,21.14507,61.74359,31.20461,45.09402,50.00,0651:47:41,1,08
14:31:12,0.17511,215.30,0.56044,21.16024,61.78791,31.20462,45.09403,50.00,0651:47:42,1,08
14:31:13,0.16909,215.30,0.56513,20.60699,60.17242,31.20462,45.09403,50.00,0651:47:43,1,08
14:31:14,0.17428,215.30,0.55941,21.02868,61.40375,31.20463,45.09403,50.00,0651:47:44,1,08
14:31:15,0.17555,215.40,0.56342,21.33736,62.30508,31.20463,45.09404,50.00,0651:47:45,1,08
14:31:16,0.17375,215.30,0.56361,21.11808,61.66478,31.20464,45.09404,50.00,0651:47:46,1,08
14:31:17,0.17321,215.30,0.56368,21.05229,61.4727,31.20465,45.09405,50.00,0651:47:47,1,08
14:31:18,0.16507,215.20,0.56372,20.05543,58.56184,31.20465,45.09405,50.00,0651:47:48,1,08
14:31:19,0.16944,215.20,0.56327,20.57157,60.06899,31.20466,45.09406,50.00,0651:47:49,1,08
14:31:20,0.17406,215.20,0.56596,21.23109,61.99479,31.20466,45.09406,50.00,0651:47:50,1,08
14:31:21,0.17412,215.10,0.56097,21.04386,61.44807,31.20467,45.09407,50.00,0651:47:51,1,08
14:31:22,0.17555,215.00,0.55801,21.09278,61.59092,31.20468,45.09407,50.00,0651:47:52,1,08
14:31:23,0.17604,215.00,0.55763,21.13663,61.71896,31.20468,45.09408,50.00,0651:47:53,1,08
14:31:24,0.16919,215.00,0.5606,20.42651,59.64541,31.20469,45.09408,50.00,0651:47:54,1,08
14:31:25,0.16842,215.00,0.5611,20.35398,59.43362,31.20469,45.09409,50.00,0651:47:55,1,08
14:31:26,0.17412,215.10,0.56057,21.02868,61.40375,31.2047,45.09409,50.00,0651:47:56,1,08
14:31:27,0.17455,215.10,0.5606,21.08097,61.55643,31.20471,45.0941,50.00,0651:47:57,1,08
14:31:28,0.17563,215.20,0.56295,21.31374,62.23611,31.20471,45.0941,50.00,0651:47:58,1,08
14:31:29,0.17563,215.20,0.56295,21.31374,62.23611,31.20471,45.0941,50.00,0651:47:58,1,08
14:31:30,0.17549,215.20,0.55854,21.12989,61.69927,31.20472,45.09411,50.00,0651:48:00,1,08
14:31:31,0.1695,215.30,0.56309,20.58001,60.09362,31.20472,45.09411,50.00,0651:48:01,1,08
14:31:32,0.16839,215.30,0.56297,20.44844,59.70944,31.20473,45.09412,50.00,0651:48:02,1,08
14:31:33,0.17406,215.40,0.5635,21.16362,61.79778,31.20474,45.09412,50.00,0651:48:03,1,08
14:31:34,0.17418,215.50,0.56111,21.09278,61.59092,31.20474,45.09412,50.00,0651:48:04,1,08
14:31:35,0.17478,215.40,0.56445,21.28675,62.15731,31.20475,45.09413,50.00,0651:48:05,1,08
14:31:36,0.17365,215.40,0.56153,21.04217,61.44315,31.20476,45.09413,50.00,0651:48:06,1,08
14:31:37,0.17455,215.50,0.56331,21.22097,61.96523,31.20476,45.09414,50.00,0651:48:07,1,08
14:31:38,0.17582,215.50,0.56182,21.32386,62.26567,31.20477,45.09414,50.00,0651:48:08,1,08
14:31:39,0.17523,215.50,0.56359,21.3188,62.25089,31.20477,45.09415,50.00,0651:48:09,1,08
14:31:40,0.17439,215.50,0.56255,21.17711,61.83717,31.20478,45.09415,50.00,0651:48:10,1,08
14:31:41,0.17392,215.60,0.56148,21.0894,61.58105,31.20479,45.09416,50.00,0651:48:11,1,08
14:31:42,0.17457,215.60,0.563,21.22434,61.97508,31.20479,45.09416,50.00,0651:48:12,1,08
14:31:43,0.17481,215.60,0.5601,21.14169,61.73374,31.2048,45.09417,50.00,0651:48:13,1,08
14:31:44,0.17634,215.50,0.56192,21.38458,62.44299,31.2048,45.09417,50.00,0651:48:14,1,08
14:31:45,0.17549,215.40,0.56022,21.21422,61.94553,31.20481,45.09418,50.00,0651:48:15,1,08
14:31:46,0.17561,215.30,0.5607,21.23615,62.00956,31.20482,45.09418,50.00,0651:48:16,1,08
14:31:47,0.16729,215.20,0.53868,19.42795,56.72963,31.20482,45.09419,50.00,0651:48:17,1,08
14:31:48,0.15412,214.80,0.4969,16.47783,48.11528,31.20483,45.09419,50.00,0651:48:18,1,08
14:31:49,0.15239,214.80,0.49949,16.37832,47.82469,31.20483,45.0942,50.00,0651:48:19,1,08
14:31:50,0.15125,215.00,0.50016,16.29061,47.56857,31.20484,45.0942,50.00,0651:48:21,1,08
14:31:51,0.14438,215.00,0.50087,15.57036,45.46547,31.20484,45.09421,50.00,0651:48:22,1,08
14:31:52,0.14403,214.90,0.49989,15.50121,45.26353,31.20485,45.09421,50.00,0651:48:23,1,08
14:31:53,0.1452,215.00,0.49773,15.56362,45.44577,31.20485,45.09422,50.00,0651:48:24,1,08
14:31:54,0.1452,215.00,0.49773,15.56362,45.44577,31.20485,45.09422,50.00,0651:48:24,1,08
14:31:55,0.14613,215.00,0.49694,15.63784,45.66248,31.20486,45.09422,50.00,0651:48:25,1,08
14:31:56,0.14427,215.10,0.50011,15.54675,45.39651,31.20486,45.09422,50.00,0651:48:26,1,08
14:31:57,0.14351,215.20,0.50125,15.50627,45.27831,31.20486,45.09423,50.00,0651:48:27,1,08
14:31:58,0.14444,215.20,0.49805,15.50964,45.28815,31.20487,45.09423,50.00,0651:48:28,1,08
14:31:59,0.1448,215.20,0.49805,15.54506,45.39159,31.20487,45.09424,50.00,0651:48:29,1,08
14:32:00,0.14387,215.30,0.50027,15.52314,45.32756,31.20488,45.09424,50.00,0651:48:30,1,08
14:32:01,0.14337,215.40,0.50142,15.50627,45.27831,31.20488,45.09425,50.00,0651:48:31,1,08
14:32:02,0.14361,215.40,0.50103,15.52482,45.33249,31.20489,45.09425,50.00,0651:48:32,1,08
14:32:04,0.14442,215.40,0.498,15.51976,45.31771,31.20489,45.09426,50.00,0651:48:33,1,08
14:32:05,0.14442,215.50,0.49946,15.56699,45.45562,31.2049,45.09426,50.00,0651:48:34,1,08
14:32:06,0.14421,215.40,0.50081,15.58386,45.50487,31.2049,45.09427,50.00,0651:48:35,1,08
14:32:07,0.14369,215.40,0.50065,15.52145,45.32264,31.20491,45.09427,50.00,0651:48:36,1,08
14:32:08,0.14335,215.40,0.50169,15.51302,45.29801,31.20491,45.09427,50.00,0651:48:37,1,08
14:32:09,0.14409,215.30,0.49962,15.52314,45.32756,31.20491,45.09428,50.00,0651:48:38,1,08
14:32:10,0.14329,215.10,0.50164,15.48771,45.22413,31.20492,45.09428,50.00,0651:48:40,1,08
14:32:11,0.1435,215.00,0.50262,15.5282,45.34233,31.20492,45.09429,50.00,0651:48:41,1,08
14:32:12,0.14362,215.10,0.50371,15.58217,45.49994,31.20493,45.09429,50.00,0651:48:42,1,08
14:32:13,0.14458,215.30,0.50465,15.73229,45.93829,31.20493,45.0943,50.00,0651:48:43,1,08
14:32:14,0.14533,215.40,0.50027,15.68506,45.80039,31.20494,45.0943,50.00,0651:48:44,1,08
14:32:15,0.14362,215.30,0.50436,15.62434,45.62308,31.20494,45.09431,50.00,0651:48:45,1,08
14:32:16,0.14353,215.50,0.50299,15.58049,45.49502,31.20495,45.09431,50.00,0651:48:46,1,08
14:32:17,0.14435,215.40,0.50092,15.60073,45.55412,31.20495,45.09431,50.00,0651:48:47,1,08
14:32:18,0.1462,215.20,0.49561,15.62097,45.61323,31.20496,45.09432,50.00,0651:48:48,1,08
14:32:19,0.14557,215.30,0.49688,15.59398,45.53442,31.20496,45.09432,50.00,0651:48:49,1,08
14:32:20,0.14557,215.30,0.49688,15.59398,45.53442,31.20496,45.09432,50.00,0651:48:49,1,08
14:32:21,0.14524,215.10,0.49768,15.57205,45.47039,31.20496,45.09433,50.00,0651:48:50,1,08
14:32:22,0.14442,214.90,0.49957,15.53326,45.35711,31.20497,45.09433,50.00,0651:48:51,1,08
14:32:23,0.15057,215.00,0.52086,16.88603,49.30721,31.20497,45.09434,50.00,0651:48:52,1,08
14:32:24,0.16025,215.10,0.52926,18.27591,53.36565,31.20498,45.09434,50.00,0651:48:53,1,08
14:32:25,0.16892,215.10,0.52234,19.01133,55.51308,31.20498,45.09435,50.00,0651:48:54,1,08
14:32:26,0.17235,215.20,0.52411,19.47012,56.85276,31.20499,45.09435,50.00,0651:48:55,1,08
14:32:27,0.1704,215.40,0.52974,19.47012,56.85276,31.205,45.09436,50.00,0651:48:56,1,08
14:32:28,0.17794,215.30,0.54285,20.8347,60.83734,31.205,45.09436,50.00,0651:48:57,1,08
14:32:29,0.17769,215.30,0.54393,20.84482,60.86689,31.20501,45.09437,50.00,0651:48:58,1,08
14:32:30,0.17752,215.30,0.54583,20.89205,61.00479,31.20501,45.09437,50.00,0651:48:59,1,08
14:32:31,0.17764,215.20,0.54391,20.82964,60.82256,31.20502,45.09438,50.00,0651:49:00,1,08
14:32:32,0.17665,215.30,0.54318,20.68964,60.41376,31.20503,45.09438,50.00,0651:49:02,1,08
14:32:33,0.17694,215.40,0.5456,20.82796,60.81763,31.20503,45.09439,50.00,0651:49:03,1,08
14:32:34,0.17712,215.60,0.54243,20.74362,60.57137,31.20504,45.09439,50.00,0651:49:04,1,08
14:32:35,0.1773,215.60,0.5426,20.77567,60.66495,31.20504,45.0944,50.00,0651:49:05,1,08
14:32:36,0.17581,215.60,0.5423,20.58844,60.11824,31.20505,45.0944,50.00,0651:49:06,1,08
14:32:37,0.18119,215.60,0.54531,21.33736,62.30508,31.20506,45.09441,50.00,0651:49:07,1,08
14:32:38,0.19469,215.60,0.56443,23.73253,69.299,31.20506,45.09441,50.00,0651:49:08,1,08
14:32:39,0.19784,215.50,0.56961,24.32121,71.01794,31.20507,45.09442,50.00,0651:49:09,1,08
14:32:40,0.19689,215.70,0.56759,24.14916,70.51556,31.20508,45.09442,50.00,0651:49:10,1,08
14:32:41,0.19991,215.70,0.56771,24.52362,71.60897,31.20508,45.09443,50.00,0651:49:11,1,08
14:32:42,0.19563,215.80,0.5669,23.97037,69.99348,31.20509,45.09443,50.00,0651:49:12,1,08
14:32:43,0.19647,216.10,0.56997,24.23856,70.7766,31.2051,45.09444,50.00,0651:49:13,1,08
14:32:44,0.19528,216.10,0.56801,24.00579,70.09691,31.20511,45.09445,50.00,0651:49:14,1,08
14:32:45,0.19547,216.10,0.56769,24.01928,70.13631,31.20511,45.09445,50.00,0651:49:15,1,08
14:32:46,0.19716,216.00,0.56844,24.25205,70.81599,31.20512,45.09446,50.00,0651:49:16,1,08
14:32:47,0.19716,216.00,0.56844,24.25205,70.81599,31.20512,45.09446,50.00,0651:49:16,1,08
14:32:48,0.19036,216.20,0.56712,23.37326,68.24992,31.20513,45.09446,50.00,0651:49:17,1,08
14:32:49,0.19605,216.10,0.56621,24.03109,70.17078,31.20513,45.09447,50.00,0651:49:18,1,08
14:32:50,0.19551,216.10,0.56691,23.99398,70.06243,31.20514,45.09447,50.00,0651:49:19,1,08
14:32:51,0.1948,216.10,0.56785,23.94169,69.90974,31.20515,45.09448,50.00,0651:49:20,1,08
14:32:52,0.19659,216.10,0.56803,24.16772,70.56973,31.20515,45.09448,50.00,0651:49:22,1,08
14:32:53,0.19492,216.00,0.56517,23.83036,69.58466,31.20516,45.09449,50.00,0651:49:23,1,08
14:32:54,0.1951,215.80,0.56706,23.91808,69.84079,31.20517,45.09449,50.00,0651:49:24,1,08
14:32:55,0.19696,215.90,0.56709,24.15085,70.52048,31.20518,45.0945,50.00,0651:49:25,1,08
14:32:56,0.19782,216.00,0.56768,24.29085,70.92928,31.20518,45.0945,50.00,0651:49:26,1,08
14:32:57,0.19477,216.00,0.56805,23.93494,69.89003,31.20519,45.09451,50.00,0651:49:27,1,08
14:32:58,0.19629,215.90,0.56708,24.06988,70.28406,31.2052,45.09451,50.00,0651:49:28,1,08
14:32:59,0.19657,215.90,0.56893,24.1829,70.61406,31.2052,45.09452,50.00,0651:49:29,1,08
14:33:00,0.19474,215.90,0.5678,23.9147,69.83093,31.20521,45.09453,50.00,0651:49:30,1,08
14:33:01,0.19551,215.90,0.56725,23.98723,70.04272,31.20522,45.09453,50.00,0651:49:31,1,08
14:33:02,0.19461,216.00,0.56694,23.87085,69.70288,31.20522,45.09454,50.00,0651:49:32,1,08
14:33:03,0.1969,216.10,0.56756,24.18964,70.63376,31.20523,45.09454,50.00,0651:49:33,1,08
14:33:04,0.19591,216.20,0.56498,23.96531,69.97869,31.20524,45.09455,50.00,0651:49:34,1,08
14:33:05,0.19573,216.20,0.5668,24.0294,70.16586,31.20525,45.09455,50.00,0651:49:35,1,08
14:33:06,0.19643,216.20,0.5657,24.06482,70.26929,31.20525,45.09456,50.00,0651:49:36,1,08
14:33:07,0.19545,216.30,0.56477,23.9147,69.83093,31.20526,45.09456,50.00,0651:49:37,1,08
14:33:08,0.19562,216.30,0.56961,24.13904,70.48601,31.20527,45.09457,50.00,0651:49:38,1,08
14:33:09,0.19445,216.20,0.56501,23.79326,69.47632,31.20527,45.09457,50.00,0651:49:39,1,08
14:33:10,0.1952,216.30,0.56563,23.9147,69.83093,31.20528,45.09458,50.00,0651:49:40,1,08
14:33:11,0.19786,216.20,0.56468,24.19302,70.64362,31.20529,45.09458,50.00,0651:49:41,1,08
14:33:12,0.19786,216.20,0.56468,24.19302,70.64362,31.20529,45.09458,50.00,0651:49:41,1,08
14:33:13,0.19712,216.20,0.56733,24.22001,70.72242,31.20529,45.09459,50.00,0651:49:43,1,08
14:33:14,0.19562,216.30,0.56694,24.02772,70.16093,31.2053,45.09459,50.00,0651:49:44,1,08
14:33:15,0.1957,216.20,0.56711,24.03278,70.1757,31.20531,45.0946,50.00,0651:49:45,1,08
14:33:16,0.19593,216.20,0.5666,24.03784,70.19049,31.20532,45.09461,50.00,0651:49:46,1,08
14:33:17,0.19539,216.20,0.56561,23.93326,69.88512,31.20532,45.09461,50.00,0651:49:47,1,08
14:33:18,0.19717,216.30,0.56785,24.25374,70.82092,31.20533,45.09462,50.00,0651:49:48,1,08
14:33:19,0.19628,216.20,0.56509,24.01422,70.12153,31.20534,45.09462,50.00,0651:49:49,1,08
14:33:20,0.19675,216.20,0.56341,24.00916,70.10676,31.20534,45.09463,50.00,0651:49:50,1,08
14:33:21,0.19398,216.20,0.56789,23.85904,69.6684,31.20535,45.09463,50.00,0651:49:51,1,08
14:33:22,0.19748,216.20,0.56294,24.07663,70.30376,31.20536,45.09464,50.00,0651:49:52,1,08
14:33:23,0.19668,216.30,0.56492,24.07157,70.28899,31.20536,45.09464,50.00,0651:49:53,1,08
14:33:24,0.19568,216.30,0.56549,23.97205,69.99839,31.20537,45.09465,50.00,0651:49:54,1,08
14:33:25,0.19765,216.30,0.56865,24.35157,71.10659,31.20538,45.09465,50.00,0651:49:55,1,08
14:33:26,0.1933,216.20,0.56617,23.69711,69.19557,31.20539,45.09466,50.00,0651:49:56,1,08
14:33:27,0.19389,216.10,0.56333,23.64483,69.0429,31.20539,45.09466,50.00,0651:49:57,1,08
14:33:28,0.19694,216.00,0.56325,24.00241,70.08704,31.2054,45.09467,50.00,0651:49:58,1,08
14:33:29,0.19784,216.00,0.56535,24.19302,70.64362,31.20541,45.09468,50.00,0651:49:59,1,08
14:33:30,0.19619,215.90,0.56309,23.89278,69.76691,31.20541,45.09468,50.00,0651:50:00,1,08
14:33:31,0.1983,215.90,0.56605,24.27061,70.87018,31.20542,45.09469,50.00,0651:50:01,1,08
14:33:32,0.1966,215.80,0.56271,23.91302,69.82602,31.20543,45.09469,50.00,0651:50:03,1,08
14:33:33,0.19612,215.70,0.56401,23.89952,69.78661,31.20543,45.0947,50.00,0651:50:04,1,08
14:33:34,0.19839,215.70,0.56492,24.21832,70.7175,31.20544,45.0947,50.00,0651:50:05,1,08
14:33:35,0.1975,215.60,0.56461,24.08507,70.32839,31.20545,45.09471,50.00,0651:50:06,1,08
14:33:36,0.19875,215.60,0.5633,24.18121,70.60913,31.20546,45.09471,50.00,0651:50:07,1,08
14:33:37,0.19724,215.60,0.56411,24.02772,70.16093,31.20546,45.09472,50.00,0651:50:08,1,08
14:33:38,0.19127,215.70,0.56542,23.3682,68.23514,31.20547,45.09472,50.00,0651:50:09,1,08
14:33:39,0.19127,215.70,0.56542,23.3682,68.23514,31.20547,45.09472,50.00,0651:50:09,1,08
14:33:40,0.19462,215.70,0.5653,23.77302,69.41721,31.20548,45.09473,50.00,0651:50:10,1,08
14:33:41,0.19666,215.70,0.56292,23.91977,69.84573,31.20548,45.09473,50.00,0651:50:11,1,08
14:33:42,0.19613,215.80,0.5641,23.9147,69.83093,31.20549,45.09474,50.00,0651:50:12,1,08
14:33:43,0.19702,215.70,0.56506,24.0547,70.23973,31.2055,45.09475,50.00,0651:50:13,1,08
14:33:44,0.19916,215.70,0.5664,24.3735,71.17062,31.2055,45.09475,50.00,0651:50:14,1,08
14:33:45,0.19141,215.80,0.56838,23.51157,68.65379,31.20551,45.09476,50.00,0651:50:15,1,08
14:33:46,0.19617,215.70,0.56514,23.95519,69.94915,31.20552,45.09476,50.00,0651:50:16,1,08
14:33:47,0.19647,215.70,0.56349,23.92145,69.85064,31.20552,45.09477,50.00,0651:50:17,1,08
14:33:48,0.19707,215.70,0.56761,24.17109,70.57958,31.20553,45.09477,50.00,0651:50:18,1,08
14:33:49,0.19819,215.80,0.56611,24.25205,70.81599,31.20554,45.09478,50.00,0651:50:19,1,08
14:33:50,0.19575,215.80,0.56689,23.98723,70.04272,31.20555,45.09478,50.00,0651:50:20,1,08
14:33:51,0.19551,215.90,0.56787,24.00747,70.10182,31.20555,45.09479,50.00,0651:50:21,1,08
14:33:52,0.19531,215.90,0.56566,23.8894,69.75706,31.20556,45.09479,50.00,0651:50:22,1,08
14:33:53,0.19728,215.70,0.56619,24.13735,70.48107,31.20557,45.0948,50.00,0651:50:24,1,08
14:33:54,0.19728,215.60,0.56844,24.22169,70.72735,31.20557,45.0948,50.00,0651:50:25,1,08
14:33:55,0.19735,215.80,0.56609,24.14241,70.49585,31.20558,45.09481,50.00,0651:50:26,1,08
14:33:56,0.19804,215.80,0.56584,24.22338,70.73226,31.20559,45.09481,50.00,0651:50:27,1,08
14:33:57,0.19721,215.80,0.56781,24.20988,70.69286,31.20559,45.09482,50.00,0651:50:28,1,08
14:33:58,0.19662,215.90,0.56612,24.07326,70.29392,31.2056,45.09483,50.00,0651:50:29,1,08
14:33:59,0.19715,216.00,0.56725,24.19976,70.66331,31.20561,45.09483,50.00,0651:50:30,1,08
14:34:00,0.19313,216.00,0.56482,23.60434,68.92468,31.20562,45.09484,50.00,0651:50:31,1,08
14:34:02,0.19086,215.90,0.56546,23.34121,68.15633,31.20562,45.09484,50.00,0651:50:32,1,08
14:34:03,0.19759,215.90,0.56676,24.21326,70.70271,31.20563,45.09485,50.00,0651:50:33,1,08
14:34:04,0.17651,215.80,0.54125,20.65085,60.30047,31.20564,45.09485,50.00,0651:50:34,1,08
14:34:05,0.17651,215.80,0.54125,20.65085,60.30047,31.20564,45.09485,50.00,0651:50:34,1,08
14:34:06,0.16668,215.70,0.53236,19.17494,55.99084,31.20564,45.09486,50.00,0651:50:35,1,08
14:34:07,0.16319,215.70,0.53148,18.73639,54.71026,31.20565,45.09486,50.00,0651:50:36,1,08
14:34:08,0.15978,215.70,0.53698,18.53904,54.134,31.20565,45.09487,50.00,0651:50:37,1,08
14:34:09,0.15887,215.60,0.53702,18.42434,53.79908,31.20566,45.09487,50.00,0651:50:38,1,08
14:34:10,0.15967,215.70,0.53531,18.46482,53.91729,31.20566,45.09488,50.00,0651:50:39,1,08
14:34:11,0.1608,215.70,0.53492,18.57952,54.2522,31.20567,45.09488,50.00,0651:50:40,1,08
14:34:12,0.16037,215.50,0.53318,18.45808,53.89758,31.20567,45.09488,50.00,0651:50:41,1,08
14:34:13,0.15961,215.50,0.53564,18.4547,53.88774,31.20568,45.09489,50.00,0651:50:42,1,08
14:34:14,0.15932,215.50,0.53546,18.41422,53.76953,31.20568,45.09489,50.00,0651:50:44,1,08
14:34:15,0.16044,215.40,0.53796,18.62338,54.38027,31.20569,45.0949,50.00,0651:50:45,1,08
14:34:16,0.15958,215.30,0.53342,18.36024,53.61192,31.2057,45.0949,50.00,0651:50:46,1,08
14:34:17,0.14889,215.20,0.49516,15.88747,46.39142,31.2057,45.09491,50.00,0651:50:47,1,08
14:34:18,0.1477,215.10,0.49613,15.78458,46.09098,31.2057,45.09491,50.00,0651:50:48,1,08
14:34:19,0.14575,215.00,0.4971,15.60073,45.55412,31.20571,45.09492,50.00,0651:50:49,1,08
14:34:20,0.14609,214.90,0.49748,15.64795,45.69203,31.20571,45.09492,50.00,0651:50:50,1,08
14:34:21,0.14544,215.00,0.49806,15.59735,45.54427,31.20572,45.09493,50.00,0651:50:51,1,08
14:34:22,0.14469,215.00,0.50087,15.6041,45.56397,31.20572,45.09493,50.00,0651:50:52,1,08
14:34:23,0.14589,215.00,0.50301,15.80313,46.14515,31.20573,45.09494,50.00,0651:50:53,1,08
14:34:24,0.14765,215.00,0.49565,15.76265,46.02695,31.20573,45.09494,50.00,0651:50:54,1,08
14:34:25,0.14397,215.10,0.4988,15.47422,45.18472,31.20574,45.09494,50.00,0651:50:55,1,08
14:34:26,0.14409,215.00,0.50054,15.53494,45.36204,31.20574,45.09495,50.00,0651:50:56,1,08
14:34:27,0.14481,215.00,0.49951,15.58049,45.49502,31.20575,45.09495,50.00,0651:50:57,1,08
14:34:28,0.144,215.20,0.50125,15.55687,45.42607,31.20575,45.09496,50.00,0651:50:58,1,08
14:34:29,0.14296,215.30,0.50044,15.43037,45.05667,31.20575,45.09496,50.00,0651:50:59,1,08
14:34:30,0.14405,215.40,0.49815,15.47928,45.1995,31.20576,45.09497,50.00,0651:51:00,1,08
14:34:31,0.145,215.30,0.49709,15.54338,45.38666,31.20576,45.09497,50.00,0651:51:01,1,08
14:34:32,0.145,215.30,0.49709,15.54338,45.38666,31.20576,45.09497,50.00,0651:51:01,1,08
14:34:33,0.14491,215.40,0.49606,15.50964,45.28815,31.20577,45.09498,50.00,0651:51:02,1,08
14:34:34,0.14503,215.50,0.49542,15.50796,45.28323,31.20577,45.09498,50.00,0651:51:03,1,08
14:34:35,0.14634,215.60,0.49504,15.64121,45.67233,31.20578,45.09499,50.00,0651:51:05,1,08
14:34:36,0.1472,215.60,0.49103,15.61085,45.58368,31.20578,45.09499,50.00,0651:51:06,1,08
14:34:37,0.13647,215.60,0.48409,14.2682,41.66313,31.20579,45.09499,50.00,0651:51:07,1,08
14:34:38,0.14133,215.70,0.49254,15.03735,43.90907,31.20579,45.095,50.00,0651:51:08,1,08
14:34:39,0.1451,215.60,0.49569,15.53326,45.35711,31.20579,45.095,50.00,0651:51:09,1,08
14:34:40,0.14471,215.60,0.4932,15.41181,45.00249,31.2058,45.09501,50.00,0651:51:10,1,08
14:34:41,0.1473,215.60,0.49088,15.61253,45.5886,31.2058,45.09501,50.00,0651:51:11,1,08
14:34:42,0.14594,215.60,0.49529,15.61253,45.5886,31.20581,45.09502,50.00,0651:51:12,1,08
14:34:43,0.14558,215.70,0.49539,15.58049,45.49502,31.20581,45.09502,50.00,0651:51:13,1,08
14:34:44,0.14491,215.70,0.49709,15.56699,45.45562,31.20582,45.09503,50.00,0651:51:14,1,08
14:34:45,0.14538,215.70,0.49764,15.63109,45.64278,31.20582,45.09503,50.00,0651:51:15,1,08
14:34:46,0.14549,215.70,0.49383,15.52314,45.32756,31.20583,45.09504,50.00,0651:51:16,1,08
14:34:47,0.14637,215.70,0.49776,15.7441,45.97277,31.20583,45.09504,50.00,0651:51:17,1,08
14:34:48,0.14436,215.80,0.498,15.53663,45.36696,31.20584,45.09505,50.00,0651:51:18,1,08
14:34:49,0.14135,215.70,0.49586,15.14193,44.21444,31.20584,45.09505,50.00,0651:51:19,1,08
14:34:50,0.14648,215.70,0.49419,15.63952,45.6674,31.20584,45.09505,50.00,0651:51:20,1,08
14:34:51,0.14553,215.80,0.49668,15.62434,45.62308,31.20585,45.09506,50.00,0651:51:21,1,08
14:34:52,0.14483,215.80,0.49644,15.54338,45.38666,31.20585,45.09506,50.00,0651:51:22,1,08
14:34:53,0.14553,215.80,0.4948,15.56362,45.44577,31.20586,45.09507,50.00,0651:51:23,1,08
14:34:54,0.14567,215.90,0.49582,15.61928,45.6083,31.20586,45.09507,50.00,0651:51:24,1,08
14:34:55,0.14619,215.80,0.49338,15.58892,45.51965,31.20587,45.09508,50.00,0651:51:26,1,08
14:34:56,0.14516,215.70,0.49688,15.58386,45.50487,31.20587,45.09508,50.00,0651:51:27,1,08
14:34:57,0.14536,215.60,0.49425,15.51808,45.31278,31.20588,45.09509,50.00,0651:51:28,1,08
14:34:58,0.14536,215.60,0.49425,15.51808,45.31278,31.20588,45.09509,50.00,0651:51:28,1,08
14:34:59,0.14581,215.70,0.49448,15.57711,45.48517,31.20588,45.09509,50.00,0651:51:29,1,08
14:35:00,0.14623,215.70,0.49269,15.56699,45.45562,31.20589,45.0951,50.00,0651:51:30,1,08
14:35:01,0.1473,215.60,0.48812,15.52651,45.33741,31.20589,45.0951,50.00,0651:51:31,1,08
14:35:02,0.14625,215.50,0.49364,15.5788,45.49009,31.20589,45.09511,50.00,0651:51:32,1,08
14:35:03,0.14611,215.40,0.49412,15.5788,45.49009,31.2059,45.09511,50.00,0651:51:33,1,08
14:35:04,0.14631,215.30,0.49417,15.59398,45.53442,31.2059,45.09511,50.00,0651:51:34,1,08
14:35:05,0.14623,215.40,0.49332,15.56699,45.45562,31.20591,45.09512,50.00,0651:51:35,1,08
14:35:06,0.14782,215.50,0.49239,15.71036,45.87426,31.20591,45.09512,50.00,0651:51:36,1,08
14:35:07,0.13612,215.60,0.48824,14.35085,41.90448,31.20592,45.09513,50.00,0651:51:37,1,08
14:35:08,0.13999,215.60,0.48734,14.73711,43.03236,31.20592,45.09513,50.00,0651:51:38,1,08
14:35:09,0.14664,215.70,0.49122,15.56362,45.44577,31.20593,45.09514,50.00,0651:51:39,1,08
14:35:10,0.13802,215.60,0.48223,14.37615,41.97835,31.20593,45.09514,50.00,0651:51:40,1,08
14:35:11,0.14237,215.60,0.48711,14.98,43.74161,31.20593,45.09515,50.00,0651:51:41,1,08
14:35:12,0.14737,215.60,0.49104,15.62772,45.63293,31.20594,45.09515,50.00,0651:51:42,1,08
14:35:13,0.14671,215.50,0.49164,15.57205,45.47039,31.20594,45.09516,50.00,0651:51:43,1,08
14:35:14,0.14767,215.50,0.48825,15.56362,45.44577,31.20595,45.09516,50.00,0651:51:44,1,08
14:35:15,0.1488,215.50,0.48718,15.64627,45.6871,31.20595,45.09517,50.00,0651:51:46,1,08
14:35:16,0.1474,215.60,0.48765,15.52314,45.32756,31.20596,45.09517,50.00,0651:51:47,1,08
14:35:17,0.14677,215.70,0.49106,15.56868,45.46054,31.20596,45.09518,50.00,0651:51:48,1,08
14:35:18,0.14696,215.50,0.48985,15.54169,45.38174,31.20597,45.09518,50.00,0651:51:49,1,08
14:35:19,0.14727,215.50,0.48817,15.51639,45.30786,31.20597,45.09518,50.00,0651:51:50,1,08
14:35:20,0.14685,215.50,0.49064,15.5535,45.41621,31.20597,45.09519,50.00,0651:51:51,1,08
14:35:21,0.14637,215.50,0.49514,15.64458,45.68218,31.20598,45.09519,50.00,0651:51:52,1,08
14:35:22,0.13951,215.60,0.48958,14.74723,43.06192,31.20598,45.0952,50.00,0651:51:53,1,08
14:35:23,0.13951,215.60,0.48958,14.74723,43.06192,31.20598,45.0952,50.00,0651:51:53,1,08
14:35:24,0.13962,215.60,0.49094,14.80121,43.21953,31.20599,45.0952,50.00,0651:51:54,1,08
14:35:25,0.14685,215.70,0.49032,15.55687,45.42607,31.20599,45.09521,50.00,0651:51:55,1,08
14:35:26,0.14887,215.60,0.49344,15.86386,46.32247,31.206,45.09521,50.00,0651:51:56,1,08
14:35:27,0.14722,215.70,0.48886,15.54844,45.40144,31.206,45.09522,50.00,0651:51:57,1,08
14:35:28,0.14733,215.50,0.48876,15.54506,45.39159,31.20601,45.09522,50.00,0651:51:58,1,08
14:35:29,0.14218,215.60,0.4878,14.97494,43.72683,31.20601,45.09523,50.00,0651:51:59,1,08
14:35:30,0.14575,215.50,0.49196,15.47422,45.18472,31.20601,45.09523,50.00,0651:52:00,1,08
14:35:31,0.14702,215.30,0.49516,15.70193,45.84964,31.20602,45.09524,50.00,0651:52:01,1,08
14:35:32,0.14597,215.40,0.49545,15.6041,45.56397,31.20602,45.09524,50.00,0651:52:02,1,08
14:35:33,0.14566,215.40,0.49485,15.54844,45.40144,31.20603,45.09524,50.00,0651:52:03,1,08
14:35:34,0.14673,215.30,0.49067,15.5282,45.34233,31.20603,45.09525,50.00,0651:52:04,1,08
14:35:35,0.14735,215.30,0.49421,15.7053,45.85949,31.20604,45.09525,50.00,0651:52:05,1,08
14:35:36,0.14657,215.30,0.49434,15.62265,45.61815,31.20604,45.09526,50.00,0651:52:07,1,08
14:35:37,0.14564,215.30,0.49372,15.50458,45.27338,31.20605,45.09526,50.00,0651:52:08,1,08
14:35:38,0.14575,215.20,0.49415,15.52651,45.33741,31.20605,45.09527,50.00,0651:52:09,1,08
14:35:39,0.14727,215.10,0.48884,15.51133,45.29308,31.20606,45.09527,50.00,0651:52:10,1,08
14:35:40,0.13956,215.10,0.48867,14.69494,42.90924,31.20606,45.09528,50.00,0651:52:11,1,08
14:35:41,0.14377,215.10,0.4896,15.16723,44.28832,31.20606,45.09528,50.00,0651:52:12,1,08
14:35:42,0.14571,215.10,0.49317,15.47928,45.1995,31.20607,45.09529,50.00,0651:52:13,1,08
14:35:43,0.14338,215.10,0.49012,15.14193,44.21444,31.20607,45.09529,50.00,0651:52:14,1,08
14:35:44,0.14718,215.10,0.48846,15.48771,45.22413,31.20608,45.0953,50.00,0651:52:15,1,08
14:35:45,0.146,215.20,0.49233,15.49109,45.23398,31.20608,45.0953,50.00,0651:52:16,1,08
14:35:46,0.14656,215.10,0.49274,15.56193,45.44084,31.20609,45.0953,50.00,0651:52:17,1,08
14:35:47,0.14051,215.20,0.48758,14.7641,43.11118,31.20609,45.09531,50.00,0651:52:18,1,08
14:35:48,0.14643,215.10,0.49134,15.49783,45.25368,31.2061,45.09531,50.00,0651:52:19,1,08
14:35:49,0.14387,215.10,0.48814,15.1335,44.18981,31.2061,45.09532,50.00,0651:52:20,1,08
14:35:50,0.14387,215.10,0.48814,15.1335,44.18981,31.2061,45.09532,50.00,0651:52:20,1,08
14:35:51,0.1421,215.10,0.49185,15.05928,43.97311,31.2061,45.09532,50.00,0651:52:21,1,08
14:35:52,0.1483,215.10,0.49282,15.74747,45.98262,31.20611,45.09533,50.00,0651:52:22,1,08
14:35:53,0.14703,215.10,0.49015,15.52651,45.33741,31.20611,45.09533,50.00,0651:52:23,1,08
14:35:54,0.14814,215.10,0.48922,15.61422,45.59352,31.20612,45.09534,50.00,0651:52:24,1,08
14:35:55,0.14671,215.10,0.49301,15.58049,45.49502,31.20612,45.09534,50.00,0651:52:25,1,08
14:35:56,0.14757,215.00,0.49209,15.63784,45.66248,31.20613,45.09535,50.00,0651:52:26,1,08
14:35:57,0.14762,215.00,0.48992,15.57374,45.47532,31.20613,45.09535,50.00,0651:52:28,1,08
14:35:58,0.14767,215.10,0.48945,15.57036,45.46547,31.20614,45.09536,50.00,0651:52:29,1,08
14:35:59,0.1481,215.20,0.48726,15.55181,45.41129,31.20614,45.09536,50.00,0651:52:30,1,08
14:36:00,0.14785,215.20,0.48846,15.56362,45.44577,31.20615,45.09537,50.00,0651:52:31,1,08
14:36:01,0.1477,215.20,0.49152,15.64795,45.69203,31.20615,45.09537,50.00,0651:52:32,1,08
14:36:02,0.14748,215.00,0.49135,15.60916,45.57875,31.20615,45.09538,50.00,0651:52:33,1,08
14:36:04,0.14817,215.00,0.488,15.57036,45.46547,31.20616,45.09538,50.00,0651:52:34,1,08
14:36:05,0.14774,215.00,0.48892,15.55687,45.42607,31.20616,45.09538,50.00,0651:52:35,1,08
14:36:06,0.14703,215.00,0.49052,15.53157,45.35218,31.20617,45.09539,50.00,0651:52:36,1,08
14:36:07,0.14699,215.00,0.49094,15.54338,45.38666,31.20617,45.09539,50.00,0651:52:37,1,08
14:36:08,0.14708,215.10,0.491,15.55687,45.42607,31.20618,45.0954,50.00,0651:52:38,1,08
14:36:09,0.14801,214.90,0.48751,15.53494,45.36204,31.20618,45.0954,50.00,0651:52:39,1,08
14:36:10,0.14767,215.00,0.4895,15.5653,45.45069,31.20619,45.09541,50.00,0651:52:40,1,08
14:36:11,0.14688,214.90,0.49114,15.52988,45.34726,31.20619,45.09541,50.00,0651:52:41,1,08
14:36:12,0.14713,214.90,0.49105,15.55181,45.41129,31.2062,45.09542,50.00,0651:52:42,1,08
14:36:13,0.14742,214.90,0.48685,15.58723,45.51472,31.2062,45.09542,50.00,0651:52:43,1,08
14:36:14,0.13949,215.00,0.48473,14.56169,42.52013,31.2062,45.09543,50.00,0651:52:44,1,08
14:36:15,0.14119,215.00,0.48441,14.73037,43.01267,31.20621,45.09543,50.00,0651:52:45,1,08
14:36:16,0.14774,215.00,0.48966,15.5788,45.49009,31.20621,45.09544,50.00,0651:52:46,1,08
14:36:17,0.14774,215.00,0.48966,15.5788,45.49009,31.20621,45.09544,50.00,0651:52:46,1,08
14:36:18,0.14779,214.90,0.4912,15.62603,45.628,31.20622,45.09544,50.00,0651:52:47,1,08
14:36:19,0.14916,214.90,0.48408,15.54169,45.38174,31.20622,45.09545,50.00,0651:52:49,1,08
14:36:20,0.14875,215.00,0.48462,15.52145,45.32264,31.20623,45.09545,50.00,0651:52:50,1,08
14:36:21,0.14988,215.20,0.48533,15.67832,45.78069,31.20623,45.09546,50.00,0651:52:51,1,08
14:36:22,0.14817,215.20,0.48638,15.53663,45.36696,31.20624,45.09546,50.00,0651:52:52,1,08
14:36:23,0.14813,215.30,0.4868,15.55012,45.40636,31.20624,45.09546,50.00,0651:52:53,1,08
14:36:24,0.14995,215.20,0.47975,15.50627,45.27831,31.20624,45.09547,50.00,0651:52:54,1,08
14:36:25,0.14892,215.20,0.48271,15.49615,45.24875,31.20625,45.09547,50.00,0651:52:55,1,08
14:36:26,0.14822,215.30,0.48364,15.45904,45.1404,31.20625,45.09548,50.00,0651:52:56,1,08
14:36:27,0.14786,215.30,0.48619,15.50458,45.27338,31.20626,45.09548,50.00,0651:52:57,1,08
14:36:28,0.14874,215.10,0.48574,15.56699,45.45562,31.20626,45.09549,50.00,0651:52:58,1,08
14:36:29,0.14944,215.00,0.48124,15.4894,45.22905,31.20627,45.09549,50.00,0651:52:59,1,08
14:36:30,0.14949,214.90,0.48286,15.54169,45.38174,31.20627,45.0955,50.00,0651:53:00,1,08
14:36:31,0.14868,214.90,0.48414,15.49615,45.24875,31.20628,45.0955,50.00,0651:53:01,1,08
14:36:32,0.14826,214.90,0.48536,15.48771,45.22413,31.20628,45.09551,50.00,0651:53:02,1,08
14:36:33,0.14916,214.90,0.48649,15.61591,45.59845,31.20629,45.09551,50.00,0651:53:03,1,08
14:36:34,0.15018,214.80,0.48497,15.66988,45.75606,31.20629,45.09552,50.00,0651:53:04,1,08
14:36:35,0.14799,214.80,0.48776,15.5282,45.34233,31.20629,45.09552,50.00,0651:53:05,1,08
14:36:36,0.14823,214.70,0.48629,15.50121,45.26353,31.2063,45.09553,50.00,0651:53:06,1,08
14:36:37,0.14857,214.70,0.48696,15.55687,45.42607,31.2063,45.09553,50.00,0651:53:07,1,08
14:36:38,0.14677,214.60,0.49166,15.50964,45.28815,31.20631,45.09554,50.00,0651:53:08,1,08
14:36:39,0.14725,214.50,0.49371,15.61928,45.6083,31.20631,45.09554,50.00,0651:53:10,1,08
14:36:40,0.14659,214.40,0.49288,15.51976,45.31771,31.20632,45.09555,50.00,0651:53:11,1,08
14:36:41,0.14491,214.50,0.4968,15.46579,45.1601,31.20632,45.09555,50.00,0651:53:12,1,08
14:36:42,0.14533,214.50,0.49525,15.46241,45.15025,31.20633,45.09555,50.00,0651:53:13,1,08
14:36:43,0.14533,214.50,0.49525,15.46241,45.15025,31.20633,45.09555,50.00,0651:53:13,1,08
14:36:44,0.14642,214.40,0.49378,15.52988,45.34726,31.20633,45.09556,50.00,0651:53:14,1,08
14:36:45,0.14539,214.40,0.49454,15.4388,45.08129,31.20633,45.09556,50.00,0651:53:15,1,08
14:36:46,0.1471,214.30,0.48958,15.45735,45.13547,31.20634,45.09557,50.00,0651:53:16,1,08
14:36:47,0.1484,214.30,0.48755,15.5282,45.34233,31.20634,45.09557,50.00,0651:53:17,1,08
14:36:48,0.14992,214.40,0.48255,15.53326,45.35711,31.20635,45.09558,50.00,0651:53:18,1,08
14:36:49,0.14969,214.30,0.48168,15.47928,45.1995,31.20635,45.09558,50.00,0651:53:19,1,08
14:36:50,0.1484,214.60,0.48736,15.54675,45.39651,31.20636,45.09559,50.00,0651:53:20,1,08
14:36:51,0.14808,214.50,0.48653,15.47928,45.1995,31.20636,45.09559,50.00,0651:53:21,1,08
14:36:52,0.14442,214.60,0.48397,15.02555,43.87459,31.20637,45.0956,50.00,0651:53:22,1,08
14:36:53,0.14884,214.70,0.48514,15.53157,45.35218,31.20637,45.0956,50.00,0651:53:23,1,08
14:36:54,0.15207,214.90,0.48707,15.94314,46.55396,31.20638,45.09561,50.00,0651:53:24,1,08
14:36:55,0.14862,214.90,0.48671,15.57205,45.47039,31.20638,45.09561,50.00,0651:53:25,1,08
14:36:56,0.14802,215.10,0.48831,15.57543,45.48024,31.20638,45.09562,50.00,0651:53:26,1,08
14:36:57,0.14871,215.20,0.48453,15.53326,45.35711,31.20639,45.09562,50.00,0651:53:27,1,08
14:36:58,0.14919,215.10,0.48825,15.69518,45.82994,31.20639,45.09563,50.00,0651:53:28,1,08
14:36:59,0.14889,215.20,0.48686,15.62434,45.62308,31.2064,45.09563,50.00,0651:53:30,1,08
14:37:00,0.14855,215.30,0.48694,15.59735,45.54427,31.2064,45.09564,50.00,0651:53:31,1,08
14:37:01,0.14912,215.20,0.4872,15.66145,45.73144,31.20641,45.09564,50.00,0651:53:32,1,08
14:37:02,0.14884,215.20,0.48486,15.5535,45.41621,31.20641,45.09565,50.00,0651:53:33,1,08
14:37:03,0.14764,215.40,0.48803,15.54506,45.39159,31.20642,45.09565,50.00,0651:53:34,1,08
14:37:04,0.14851,215.60,0.49048,15.72723,45.92352,31.20642,45.09565,50.00,0651:53:35,1,08
14:37:05,0.14725,215.50,0.48933,15.55519,45.42114,31.20643,45.09566,50.00,0651:53:36,1,08
14:37:06,0.13846,215.40,0.48284,14.42506,42.12119,31.20643,45.09566,50.00,0651:53:37,1,08
14:37:07,0.14177,215.40,0.47816,14.6241,42.70237,31.20643,45.09567,50.00,0651:53:38,1,08
14:37:08,0.14177,215.40,0.47816,14.6241,42.70237,31.20643,45.09567,50.00,0651:53:38,1,08
14:37:09,0.1483,215.40,0.48798,15.61085,45.58368,31.20644,45.09567,50.00,0651:53:39,1,08
14:37:10,0.14785,215.40,0.48731,15.54338,45.38666,31.20644,45.09568,50.00,0651:53:40,1,08
14:37:11,0.14808,215.30,0.48685,15.54844,45.40144,31.20645,45.09568,50.00,0651:53:41,1,08
14:37:12,0.14776,215.40,0.48836,15.5653,45.45069,31.20645,45.09569,50.00,0651:53:42,1,08
14:37:13,0.14119,215.30,0.47906,14.58868,42.59894,31.20646,45.09569,50.00,0651:53:43,1,08
14:37:14,0.14109,215.40,0.48305,14.70506,42.93879,31.20646,45.0957,50.00,0651:53:44,1,08
14:37:15,0.14711,215.40,0.48916,15.52482,45.33249,31.20647,45.0957,50.00,0651:53:45,1,08
14:37:16,0.14757,215.40,0.48909,15.57205,45.47039,31.20647,45.09571,50.00,0651:53:46,1,08
14:37:17,0.1488,215.30,0.48491,15.55687,45.42607,31.20647,45.09571,50.00,0651:53:47,1,08
14:37:18,0.14924,215.20,0.48658,15.65133,45.70188,31.20648,45.09572,50.00,0651:53:48,1,08
14:37:19,0.14835,215.20,0.48687,15.57036,45.46547,31.20648,45.09572,50.00,0651:53:50,1,08
14:37:20,0.14793,215.30,0.48853,15.58386,45.50487,31.20649,45.09573,50.00,0651:53:51,1,08
14:37:21,0.14848,215.40,0.48942,15.67663,45.77576,31.20649,45.09573,50.00,0651:53:52,1,08
14:37:22,0.14819,215.40,0.48559,15.52314,45.32756,31.2065,45.09573,50.00,0651:53:53,1,08
14:37:23,0.14753,215.40,0.49014,15.60241,45.55905,31.2065,45.09574,50.00,0651:53:54,1,08
14:37:24,0.14345,215.40,0.48763,15.09301,44.07161,31.20651,45.09574,50.00,0651:53:55,1,08
14:37:25,0.14348,215.40,0.48365,14.97157,43.71698,31.20651,45.09575,50.00,0651:53:56,1,08
14:37:26,0.14694,215.40,0.48851,15.48771,45.22413,31.20651,45.09575,50.00,0651:53:57,1,08
14:37:27,0.14796,215.40,0.487,15.54844,45.40144,31.20652,45.09576,50.00,0651:53:58,1,08
14:37:28,0.14748,215.50,0.48972,15.58892,45.51965,31.20652,45.09576,50.00,0651:53:59,1,08
14:37:29,0.14733,215.50,0.49019,15.58892,45.51965,31.20653,45.09577,50.00,0651:54:00,1,08
14:37:30,0.1451,215.50,0.48692,15.25326,44.53951,31.20653,45.09577,50.00,0651:54:01,1,08
14:37:31,0.13772,215.60,0.48298,14.36265,41.93895,31.20654,45.09578,50.00,0651:54:02,1,08
14:37:32,0.14815,215.60,0.48861,15.63109,45.64278,31.20654,45.09578,50.00,0651:54:03,1,08
14:37:33,0.14679,216.00,0.49124,15.59904,45.5492,31.20655,45.09579,50.00,0651:54:04,1,08
14:37:34,0.14679,216.00,0.49124,15.59904,45.5492,31.20655,45.09579,50.00,0651:54:04,1,08
14:37:35,0.14725,215.90,0.49147,15.65133,45.70188,31.20655,45.09579,50.00,0651:54:05,1,08
14:37:36,0.14774,215.90,0.49007,15.65639,45.71666,31.20656,45.0958,50.00,0651:54:06,1,08
14:37:37,0.14842,215.80,0.48601,15.59229,45.5295,31.20656,45.0958,50.00,0651:54:07,1,08
14:37:38,0.14834,215.80,0.48855,15.55012,45.40636,31.20656,45.09581,50.00,0651:54:08,1,08
14:37:39,0.14834,215.70,0.48911,15.67663,45.77576,31.20657,45.09581,50.00,0651:54:09,1,08
14:37:40,0.14757,215.70,0.48889,15.58723,45.51472,31.20657,45.09581,50.00,0651:54:11,1,08
14:37:41,0.14845,215.70,0.48717,15.62265,45.61815,31.20658,45.09582,50.00,0651:54:12,1,08
14:37:42,0.14799,215.60,0.48818,15.6041,45.56397,31.20658,45.09582,50.00,0651:54:13,1,08
14:37:43,0.14713,215.60,0.48864,15.52314,45.32756,31.20659,45.09583,50.00,0651:54:14,1,08
14:37:44,0.14656,215.50,0.48886,15.46579,45.1601,31.20659,45.09583,50.00,0651:54:15,1,08
14:37:45,0.14718,215.60,0.48753,15.49446,45.24382,31.2066,45.09584,50.00,0651:54:16,1,08
14:37:46,0.14811,215.60,0.48576,15.53832,45.37189,31.2066,45.09584,50.00,0651:54:17,1,08
14:37:47,0.14701,215.70,0.49039,15.57711,45.48517,31.20661,45.09585,50.00,0651:54:18,1,08
14:37:48,0.14561,215.60,0.49287,15.50121,45.26353,31.20661,45.09585,50.00,0651:54:19,1,08
14:37:49,0.14183,215.80,0.49163,15.06771,43.99773,31.20661,45.09586,50.00,0651:54:20,1,08
14:37:50,0.14577,215.90,0.49401,15.57543,45.48024,31.20662,45.09586,50.00,0651:54:21,1,08
14:37:51,0.14677,216.00,0.48917,15.53494,45.36204,31.20662,45.09587,50.00,0651:54:22,1,08
14:37:52,0.13977,216.00,0.48812,14.75904,43.09639,31.20663,45.09587,50.00,0651:54:23,1,08
14:37:53,0.14307,216.00,0.48916,15.14362,44.21936,31.20663,45.09588,50.00,0651:54:24,1,08
14:37:54,0.14626,216.00,0.49206,15.56868,45.46054,31.20664,45.09588,50.00,0651:54:25,1,08
14:37:55,0.14079,216.00,0.48793,14.86362,43.40177,31.20664,45.09588,50.00,0651:54:26,1,08
14:37:56,0.14857,216.00,0.48856,15.70362,45.85456,31.20665,45.09589,50.00,0651:54:27,1,08
14:37:57,0.14665,215.90,0.49064,15.55687,45.42607,31.20665,45.09589,50.00,0651:54:28,1,08
14:37:58,0.14574,215.80,0.49208,15.50121,45.26353,31.20665,45.0959,50.00,0651:54:29,1,08
14:37:59,0.14691,215.70,0.48863,15.51133,45.29308,31.20666,45.0959,50.00,0651:54:30,1,08
14:38:00,0.14334,215.80,0.48078,14.89567,43.49535,31.20666,45.09591,50.00,0651:54:31,1,08
14:38:01,0.14334,215.80,0.48078,14.89567,43.49535,31.20666,45.09591,50.00,0651:54:31,1,08
14:38:02,0.14559,215.90,0.48623,15.30892,44.70204,31.20667,45.09591,50.00,0651:54:33,1,08
14:38:03,0.14699,215.90,0.48838,15.52482,45.33249,31.20667,45.09592,50.00,0651:54:34,1,08
14:38:04,0.1469,215.90,0.48933,15.54844,45.40144,31.20668,45.09592,50.00,0651:54:35,1,08
14:38:06,0.14887,215.90,0.48895,15.7441,45.97277,31.20668,45.09593,50.00,0651:54:36,1,08
14:38:07,0.14773,215.90,0.48448,15.47759,45.19457,31.20669,45.09593,50.00,0651:54:37,1,08
14:38:08,0.14357,215.90,0.48663,15.10651,44.11101,31.20669,45.09594,50.00,0651:54:38,1,08
14:38:09,0.1443,215.70,0.48653,15.1706,44.29817,31.20669,45.09594,50.00,0651:54:39,1,08
14:38:10,0.14735,215.80,0.48718,15.5147,45.30293,31.2067,45.09595,50.00,0651:54:40,1,08
14:38:11,0.13837,215.80,0.47981,14.34748,41.89463,31.2067,45.09595,50.00,0651:54:41,1,08
14:38:12,0.14087,215.70,0.4786,14.56338,42.52506,31.20671,45.09596,50.00,0651:54:42,1,08
14:38:13,0.14754,215.60,0.48639,15.49446,45.24382,31.20671,45.09596,50.00,0651:54:43,1,08
14:38:14,0.14745,215.40,0.48664,15.48434,45.21428,31.20672,45.09596,50.00,0651:54:44,1,08
14:38:15,0.14671,215.40,0.48748,15.42868,45.05174,31.20672,45.09597,50.00,0651:54:45,1,08
14:38:16,0.14884,215.20,0.48817,15.66482,45.74128,31.20673,45.09597,50.00,0651:54:46,1,08
14:38:17,0.14148,215.20,0.48075,14.66121,42.81073,31.20673,45.09598,50.00,0651:54:47,1,08
14:38:18,0.1409,215.30,0.4829,14.67301,42.8452,31.20673,45.09598,50.00,0651:54:48,1,08
14:38:19,0.1471,215.40,0.48911,15.52482,45.33249,31.20674,45.09599,50.00,0651:54:49,1,08
14:38:20,0.14693,215.50,0.48936,15.51639,45.30786,31.20674,45.09599,50.00,0651:54:50,1,08
14:38:21,0.14696,215.40,0.48622,15.42024,45.02711,31.20675,45.096,50.00,0651:54:51,1,08
14:38:22,0.14493,215.40,0.48678,15.22121,44.44593,31.20675,45.096,50.00,0651:54:53,1,08
14:38:23,0.14308,215.30,0.48759,15.04747,43.93862,31.20676,45.09601,50.00,0651:54:54,1,08
14:38:24,0.1471,215.50,0.48847,15.50964,45.28815,31.20676,45.09601,50.00,0651:54:55,1,08
14:38:25,0.14825,215.50,0.48503,15.52145,45.32264,31.20677,45.09602,50.00,0651:54:56,1,08
14:38:26,0.14797,215.50,0.48558,15.50627,45.27831,31.20677,45.09602,50.00,0651:54:57,1,08
14:38:27,0.14819,215.40,0.48486,15.50458,45.27338,31.20677,45.09603,50.00,0651:54:58,1,08
14:38:28,0.14819,215.40,0.48486,15.50458,45.27338,31.20677,45.09603,50.00,0651:54:58,1,08
14:38:29,0.14589,215.60,0.48057,15.14025,44.20952,31.20678,45.09603,50.00,0651:54:59,1,08
14:38:30,0.14157,215.60,0.47975,14.66627,42.8255,31.20678,45.09604,50.00,0651:55:00,1,08
14:38:31,0.1486,215.60,0.48492,15.56362,45.44577,31.20679,45.09604,50.00,0651:55:01,1,08
14:38:32,0.14945,215.80,0.48355,15.61759,45.60337,31.20679,45.09604,50.00,0651:55:02,1,08
14:38:33,0.14869,215.80,0.48951,15.73567,45.94814,31.2068,45.09605,50.00,0651:55:03,1,08
14:38:34,0.14825,215.80,0.48874,15.66145,45.73144,31.2068,45.09605,50.00,0651:55:04,1,08
14:38:35,0.14767,215.80,0.48711,15.55012,45.40636,31.20681,45.09606,50.00,0651:55:05,1,08
14:38:36,0.1481,215.80,0.48577,15.55181,45.41129,31.20681,45.09606,50.00,0651:55:06,1,08
14:38:37,0.14817,215.90,0.48415,15.51302,45.29801,31.20681,45.09607,50.00,0651:55:07,1,08
14:38:38,0.14714,215.90,0.48669,15.48434,45.21428,31.20682,45.09607,50.00,0651:55:08,1,08
14:38:39,0.1472,215.90,0.48823,15.53832,45.37189,31.20682,45.09608,50.00,0651:55:09,1,08
14:38:40,0.14748,215.80,0.48937,15.6041,45.56397,31.20683,45.09608,50.00,0651:55:10,1,08
14:38:41,0.14862,215.90,0.48583,15.61085,45.58368,31.20683,45.09609,50.00,0651:55:11,1,08
14:38:42,0.14834,215.80,0.48527,15.56362,45.44577,31.20684,45.09609,50.00,0651:55:12,1,08
14:38:43,0.14813,215.80,0.48562,15.55181,45.41129,31.20684,45.0961,50.00,0651:55:14,1,08
14:38:44,0.14725,215.80,0.4867,15.48771,45.22413,31.20685,45.0961,50.00,0651:55:15,1,08
14:38:45,0.14896,215.70,0.48391,15.57205,45.47039,31.20685,45.09611,50.00,0651:55:16,1,08
14:38:46,0.14835,215.80,0.48506,15.5535,45.41621,31.20686,45.09611,50.00,0651:55:17,1,08
14:38:47,0.14848,215.80,0.48528,15.57543,45.48024,31.20686,45.09612,50.00,0651:55:18,1,08
14:38:48,0.14988,215.70,0.48177,15.6041,45.56397,31.20686,45.09612,50.00,0651:55:19,1,08
14:38:49,0.14949,215.80,0.48017,15.51976,45.31771,31.20687,45.09613,50.00,0651:55:20,1,08
14:38:50,0.14975,215.70,0.47326,15.31567,44.72175,31.20687,45.09613,50.00,0651:55:21,1,08
14:38:51,0.1464,215.80,0.4742,15.00699,43.82042,31.20688,45.09614,50.00,0651:55:22,1,08
14:38:52,0.15027,215.80,0.47855,15.54338,45.38666,31.20688,45.09614,50.00,0651:55:23,1,08
14:38:53,0.15105,215.70,0.47979,15.65976,45.72651,31.20689,45.09615,50.00,0651:55:24,1,08
14:38:54,0.15105,215.70,0.47979,15.65976,45.72651,31.20689,45.09615,50.00,0651:55:24,1,08
14:38:55,0.15067,215.70,0.48041,15.63952,45.6674,31.20689,45.09615,50.00,0651:55:25,1,08
14:38:56,0.15147,215.60,0.47515,15.54338,45.38666,31.2069,45.09616,50.00,0651:55:26,1,08
14:38:57,0.14962,215.60,0.47906,15.47759,45.19457,31.2069,45.09616,50.00,0651:55:27,1,08
14:38:58,0.15001,215.50,0.48021,15.55181,45.41129,31.20691,45.09617,50.00,0651:55:28,1,08
14:38:59,0.15015,215.50,0.48173,15.60916,45.57875,31.20691,45.09617,50.00,0651:55:29,1,08
14:39:00,0.15102,215.50,0.48665,15.86386,46.32247,31.20691,45.09618,50.00,0651:55:30,1,08
14:39:01,0.15078,215.70,0.47846,15.58555,45.5098,31.20692,45.09618,50.00,0651:55:31,1,08
14:39:02,0.14877,215.80,0.48169,15.49109,45.23398,31.20692,45.09619,50.00,0651:55:32,1,08
14:39:03,0.13845,215.70,0.47598,14.23783,41.57448,31.20693,45.09619,50.00,0651:55:34,1,08
14:39:04,0.14817,215.70,0.48245,15.44386,45.09607,31.20693,45.09619,50.00,0651:55:35,1,08
14:39:05,0.15086,215.70,0.47987,15.63784,45.66248,31.20694,45.0962,50.00,0651:55:36,1,08
14:39:06,0.14923,215.60,0.48199,15.53157,45.35218,31.20694,45.0962,50.00,0651:55:37,1,08
14:39:07,0.14868,215.50,0.48345,15.51639,45.30786,31.20695,45.09621,50.00,0651:55:38,1,08
14:39:08,0.14027,215.40,0.47765,14.45711,42.21477,31.20695,45.09621,50.00,0651:55:39,1,08
14:39:09,0.13946,215.30,0.48278,14.51952,42.397,31.20695,45.09622,50.00,0651:55:40,1,08
14:39:10,0.14648,215.30,0.48809,15.42024,45.02711,31.20696,45.09622,50.00,0651:55:41,1,08
14:39:11,0.14342,215.60,0.49096,15.20434,44.39668,31.20696,45.09623,50.00,0651:55:42,1,08
14:39:12,0.14421,215.60,0.48971,15.24988,44.52966,31.20697,45.09623,50.00,0651:55:43,1,08
14:39:13,0.14677,215.70,0.49202,15.60579,45.5689,31.20697,45.09624,50.00,0651:55:44,1,08
14:39:14,0.13921,215.70,0.48772,14.67133,42.84028,31.20698,45.09624,50.00,0651:55:45,1,08
14:39:15,0.14003,215.60,0.48461,14.65615,42.79595,31.20698,45.09625,50.00,0651:55:46,1,08
14:39:16,0.14619,215.80,0.49162,15.53157,45.35218,31.20698,45.09625,50.00,0651:55:47,1,08
14:39:17,0.14694,216.00,0.49374,15.69856,45.83979,31.20699,45.09626,50.00,0651:55:48,1,08
14:39:18,0.1453,216.30,0.4926,15.50458,45.27338,31.20699,45.09626,50.00,0651:55:49,1,08
14:39:19,0.1453,216.30,0.4926,15.50458,45.27338,31.20699,45.09626,50.00,0651:55:49,1,08
14:39:20,0.14598,216.20,0.49173,15.54338,45.38666,31.207,45.09626,50.00,0651:55:50,1,08
14:39:21,0.14673,216.00,0.49017,15.56024,45.43592,31.207,45.09627,50.00,0651:55:51,1,08
14:39:22,0.14631,215.50,0.49263,15.55856,45.43099,31.20701,45.09627,50.00,0651:55:52,1,08
14:39:23,0.14606,216.00,0.49092,15.50964,45.28815,31.20701,45.09628,50.00,0651:55:54,1,08
14:39:24,0.14647,216.00,0.4902,15.53157,45.35218,31.20702,45.09628,50.00,0651:55:55,1,08
14:39:25,0.1467,216.00,0.4898,15.54506,45.39159,31.20702,45.09629,50.00,0651:55:56,1,08
14:39:26,0.14305,216.10,0.49188,15.23133,44.47548,31.20703,45.09629,50.00,0651:55:57,1,08
14:39:27,0.13921,216.10,0.48752,14.6882,42.88953,31.20703,45.0963,50.00,0651:55:58,1,08
14:39:28,0.14742,216.10,0.48578,15.50121,45.26353,31.20703,45.0963,50.00,0651:55:59,1,08
14:39:29,0.14753,216.10,0.48521,15.49109,45.23398,31.20704,45.09631,50.00,0651:56:00,1,08
14:39:30,0.14761,216.00,0.48436,15.46579,45.1601,31.20704,45.09631,50.00,0651:56:01,1,08
14:39:31,0.14835,215.90,0.4877,15.64458,45.68218,31.20705,45.09632,50.00,0651:56:02,1,08
14:39:32,0.14736,215.90,0.48592,15.48265,45.20935,31.20705,45.09632,50.00,0651:56:03,1,08
14:39:33,0.14719,215.90,0.48723,15.50796,45.28323,31.20706,45.09633,50.00,0651:56:04,1,08
14:39:34,0.14765,215.90,0.48653,15.53832,45.37189,31.20706,45.09633,50.00,0651:56:05,1,08
14:39:35,0.14751,216.00,0.48726,15.5535,45.41621,31.20707,45.09634,50.00,0651:56:06,1,08
14:39:36,0.1451,216.10,0.49183,15.44386,45.09607,31.20707,45.09634,50.00,0651:56:07,1,08
14:39:37,0.14567,216.10,0.49337,15.55687,45.42607,31.20708,45.09634,50.00,0651:56:08,1,08
14:39:38,0.14474,216.10,0.49365,15.46916,45.16995,31.20708,45.09635,50.00,0651:56:09,1,08
14:39:39,0.14048,216.10,0.48641,14.79277,43.1949,31.20708,45.09635,50.00,0651:56:10,1,08
14:39:40,0.14592,216.10,0.49071,15.50121,45.26353,31.20709,45.09636,50.00,0651:56:11,1,08
14:39:41,0.14549,216.20,0.49143,15.48434,45.21428,31.20709,45.09636,50.00,0651:56:12,1,08
14:39:42,0.14467,216.30,0.49327,15.45904,45.1404,31.2071,45.09637,50.00,0651:56:13,1,08
14:39:43,0.14547,216.20,0.49261,15.51976,45.31771,31.2071,45.09637,50.00,0651:56:15,1,08
14:39:44,0.14569,216.20,0.49027,15.46747,45.16503,31.20711,45.09638,50.00,0651:56:16,1,08
14:39:45,0.14569,216.20,0.49027,15.46747,45.16503,31.20711,45.09638,50.00,0651:56:16,1,08
14:39:46,0.14192,216.10,0.4899,15.04747,43.93862,31.20711,45.09638,50.00,0651:56:17,1,08
14:39:47,0.14485,216.30,0.49403,15.50121,45.26353,31.20712,45.09639,50.00,0651:56:18,1,08
14:39:48,0.1452,216.30,0.49319,15.51133,45.29308,31.20712,45.09639,50.00,0651:56:19,1,08
14:39:49,0.14615,216.30,0.49025,15.52145,45.32264,31.20712,45.0964,50.00,0651:56:20,1,08
14:39:50,0.1453,216.20,0.49255,15.49952,45.25861,31.20713,45.0964,50.00,0651:56:21,1,08
14:39:51,0.14471,216.20,0.49053,15.36964,44.87935,31.20713,45.0964,50.00,0651:56:22,1,08
14:39:52,0.14598,216.20,0.49253,15.57036,45.46547,31.20714,45.09641,50.00,0651:56:23,1,08
14:39:53,0.14651,216.20,0.48942,15.52651,45.33741,31.20714,45.09641,50.00,0651:56:24,1,08
14:39:54,0.14711,216.20,0.48777,15.54,45.37681,31.20715,45.09642,50.00,0651:56:25,1,08
14:39:55,0.14577,216.30,0.49349,15.58723,45.51472,31.20715,45.09642,50.00,0651:56:26,1,08
14:39:56,0.14555,216.30,0.49224,15.52482,45.33249,31.20716,45.09643,50.00,0651:56:27,1,08
14:39:57,0.14555,216.40,0.49278,15.54675,45.39651,31.20716,45.09643,50.00,0651:56:28,1,08
14:39:58,0.14545,216.30,0.49299,15.53832,45.37189,31.20717,45.09644,50.00,0651:56:29,1,08
14:39:59,0.14679,216.20,0.49045,15.59229,45.5295,31.20717,45.09644,50.00,0651:56:30,1,08
14:40:00,0.1453,216.10,0.49244,15.4894,45.22905,31.20717,45.09645,50.00,0651:56:31,1,08
14:40:01,0.14614,216.10,0.49088,15.52482,45.33249,31.20718,45.09645,50.00,0651:56:32,1,08
14:40:02,0.14773,216.00,0.49282,15.74916,45.98755,31.20718,45.09646,50.00,0651:56:33,1,08
14:40:03,0.14633,216.00,0.48977,15.50796,45.28323,31.20719,45.09646,50.00,0651:56:34,1,08
14:40:04,0.14773,216.00,0.48501,15.50121,45.26353,31.20719,45.09647,50.00,0651:56:36,1,08
14:40:06,0.1471,216.10,0.48903,15.56699,45.45562,31.2072,45.09647,50.00,0651:56:37,1,08
14:40:07,0.14688,216.00,0.48949,15.5535,45.41621,31.2072,45.09648,50.00,0651:56:38,1,08
14:40:08,0.14691,215.90,0.48975,15.56193,45.44084,31.20721,45.09648,50.00,0651:56:39,1,08
14:40:09,0.1471,215.90,0.48871,15.54844,45.40144,31.20721,45.09648,50.00,0651:56:40,1,08
14:40:10,0.14674,215.80,0.49064,15.56024,45.43592,31.20721,45.09649,50.00,0651:56:41,1,08
14:40:11,0.14674,215.80,0.48958,15.52988,45.34726,31.20722,45.09649,50.00,0651:56:42,1,08
14:40:12,0.1465,215.80,0.49142,15.55856,45.43099,31.20722,45.0965,50.00,0651:56:43,1,08
14:40:13,0.1465,215.80,0.49142,15.55856,45.43099,31.20722,45.0965,50.00,0651:56:43,1,08
14:40:14,0.14673,215.60,0.48999,15.5282,45.34233,31.20723,45.0965,50.00,0651:56:44,1,08
14:40:15,0.14707,215.40,0.48852,15.50458,45.27338,31.20723,45.09651,50.00,0651:56:45,1,08
14:40:16,0.14613,215.40,0.49294,15.53832,45.37189,31.20724,45.09651,50.00,0651:56:46,1,08
14:40:17,0.14611,215.30,0.49406,15.5653,45.45069,31.20724,45.09652,50.00,0651:56:47,1,08
14:40:18,0.14569,215.20,0.49463,15.53494,45.36204,31.20725,45.09652,50.00,0651:56:48,1,08
14:40:19,0.14588,215.20,0.49399,15.53494,45.36204,31.20725,45.09653,50.00,0651:56:49,1,08
14:40:20,0.14539,215.20,0.48924,15.33422,44.77592,31.20726,45.09653,50.00,0651:56:50,1,08
14:40:21,0.14588,215.40,0.49464,15.56699,45.45562,31.20726,45.09654,50.00,0651:56:51,1,08
14:40:22,0.14611,215.30,0.49358,15.55519,45.42114,31.20726,45.09654,50.00,0651:56:52,1,08
14:40:23,0.14578,215.30,0.49415,15.53663,45.36696,31.20727,45.09655,50.00,0651:56:53,1,08
14:40:24,0.14567,215.20,0.49302,15.48097,45.20442,31.20727,45.09655,50.00,0651:56:54,1,08
14:40:25,0.14513,215.10,0.48964,15.30892,44.70204,31.20728,45.09655,50.00,0651:56:55,1,08
14:40:26,0.13806,215.20,0.48968,14.57181,42.54969,31.20728,45.09656,50.00,0651:56:57,1,08
14:40:27,0.14505,215.20,0.49428,15.45567,45.13055,31.20729,45.09656,50.00,0651:56:58,1,08
14:40:28,0.14541,215.30,0.49462,15.50796,45.28323,31.20729,45.09657,50.00,0651:56:59,1,08
14:40:29,0.14544,215.20,0.49284,15.45229,45.1207,31.2073,45.09657,50.00,0651:57:00,1,08
14:40:30,0.14648,215.20,0.49167,15.52314,45.32756,31.2073,45.09658,50.00,0651:57:01,1,08
14:40:31,0.13822,215.20,0.49083,14.62073,42.69252,31.2073,45.09658,50.00,0651:57:02,1,08
14:40:32,0.14508,215.20,0.49574,15.50458,45.27338,31.20731,45.09659,50.00,0651:57:03,1,08
14:40:33,0.14535,215.30,0.49435,15.49109,45.23398,31.20731,45.09659,50.00,0651:57:04,1,08
14:40:34,0.14452,215.30,0.49762,15.50964,45.28815,31.20732,45.0966,50.00,0651:57:05,1,08
14:40:35,0.14442,215.40,0.49811,15.51976,45.31771,31.20732,45.0966,50.00,0651:57:06,1,08
14:40:36,0.14591,215.40,0.49153,15.47085,45.17487,31.20733,45.0966,50.00,0651:57:07,1,08
14:40:37,0.15392,215.40,0.51661,17.15759,50.10018,31.20733,45.09661,50.00,0651:57:08,1,08
14:40:38,0.16399,215.30,0.52804,18.67735,54.53787,31.20734,45.09661,50.00,0651:57:09,1,08
14:40:39,0.16399,215.30,0.52804,18.67735,54.53787,31.20734,45.09661,50.00,0651:57:09,1,08
14:40:40,0.16267,215.30,0.51991,18.2388,53.2573,31.20734,45.09662,50.00,0651:57:10,1,08
14:40:41,0.17452,215.30,0.56209,21.15013,61.75837,31.20735,45.09662,50.00,0651:57:11,1,08
14:40:42,0.17456,215.30,0.56121,21.12483,61.68449,31.20736,45.09663,50.00,0651:57:12,1,08
14:40:43,0.1676,215.30,0.56683,20.48555,59.81779,31.20736,45.09663,50.00,0651:57:13,1,08
14:40:44,0.16715,215.30,0.56117,20.2241,59.05437,31.20737,45.09664,50.00,0651:57:14,1,08
14:40:45,0.17464,215.10,0.56061,21.09446,61.59583,31.20737,45.09664,50.00,0651:57:15,1,08
14:40:46,0.1754,215.10,0.5666,21.40989,62.51687,31.20738,45.09665,50.00,0651:57:16,1,08
14:40:47,0.16594,215.10,0.56251,20.11109,58.72438,31.20739,45.09665,50.00,0651:57:18,1,08
14:40:48,0.16802,215.20,0.56382,20.41639,59.61586,31.20739,45.09666,50.00,0651:57:19,1,08
14:40:49,0.17483,215.20,0.56592,21.33061,62.28538,31.2074,45.09666,50.00,0651:57:20,1,08
14:40:50,0.17405,215.20,0.56254,21.1029,61.62046,31.2074,45.09667,50.00,0651:57:21,1,08
14:40:51,0.17383,215.10,0.56692,21.23277,61.9997,31.20741,45.09667,50.00,0651:57:22,1,08
14:40:52,0.17464,214.90,0.56681,21.30699,62.21642,31.20742,45.09668,50.00,0651:57:23,1,08
14:40:53,0.17481,215.10,0.56165,21.15856,61.783,31.20742,45.09668,50.00,0651:57:24,1,08
14:40:54,0.17442,215.30,0.56382,21.2041,61.91598,31.20743,45.09668,50.00,0651:57:25,1,08
14:40:55,0.17362,215.30,0.56291,21.07085,61.52688,31.20743,45.09669,50.00,0651:57:26,1,08
14:40:56,0.17416,215.30,0.56433,21.18892,61.87165,31.20744,45.09669,50.00,0651:57:27,1,08
14:40:57,0.17464,215.20,0.56412,21.23446,62.00463,31.20745,45.0967,50.00,0651:57:28,1,08
14:40:58,0.16489,215.10,0.56357,20.02338,58.46827,31.20745,45.0967,50.00,0651:57:29,1,08
14:40:59,0.16543,215.10,0.5652,20.1482,58.83273,31.20746,45.09671,50.00,0651:57:30,1,08
14:41:00,0.17401,215.10,0.56623,21.22771,61.98493,31.20746,45.09671,50.00,0651:57:31,1,08
14:41:01,0.17336,215.10,0.56367,21.05567,61.48255,31.20747,45.09672,50.00,0651:57:32,1,08
14:41:02,0.17362,215.10,0.56349,21.07759,61.54658,31.20748,45.09672,50.00,0651:57:33,1,08
14:41:03,0.17489,215.10,0.56407,21.25133,62.05389,31.20748,45.09673,50.00,0651:57:34,1,08
14:41:04,0.17379,215.10,0.56095,21.00338,61.32986,31.20749,45.09673,50.00,0651:57:35,1,08
14:41:05,0.17379,215.10,0.56095,21.00338,61.32986,31.20749,45.09673,50.00,0651:57:35,1,08
14:41:06,0.17635,215.20,0.5624,21.37446,62.41343,31.2075,45.09674,50.00,0651:57:36,1,08
14:41:07,0.17438,215.10,0.56677,21.29181,62.1721,31.2075,45.09674,50.00,0651:57:38,1,08
14:41:08,0.17274,215.10,0.56386,20.98482,61.27568,31.20751,45.09675,50.00,0651:57:39,1,08
14:41:09,0.17378,215.10,0.56285,21.07085,61.52688,31.20751,45.09675,50.00,0651:57:40,1,08
14:41:10,0.17378,215.00,0.5658,21.17543,61.83225,31.20752,45.09676,50.00,0651:57:41,1,08
14:41:11,0.17002,215.10,0.56356,20.63904,60.266,31.20753,45.09676,50.00,0651:57:42,1,08
14:41:12,0.1687,215.00,0.56671,20.59012,60.12317,31.20753,45.09676,50.00,0651:57:43,1,08
14:41:13,0.17338,215.10,0.56489,21.09953,61.61061,31.20754,45.09677,50.00,0651:57:44,1,08
14:41:14,0.16993,215.20,0.57004,20.88025,60.97032,31.20754,45.09677,50.00,0651:57:45,1,08
14:41:15,0.174,215.20,0.56677,21.26145,62.08344,31.20755,45.09678,50.00,0651:57:46,1,08
14:41:16,0.16964,215.20,0.5657,20.68121,60.38914,31.20756,45.09678,50.00,0651:57:47,1,08
14:41:17,0.16269,215.20,0.56638,19.86145,57.99544,31.20756,45.09679,50.00,0651:57:48,1,08
14:41:18,0.17417,215.10,0.56496,21.19904,61.9012,31.20757,45.09679,50.00,0651:57:49,1,08
14:41:19,0.1729,215.00,0.56454,21.02362,61.38897,31.20757,45.0968,50.00,0651:57:50,1,08
14:41:20,0.17222,215.00,0.56394,20.91735,61.07867,31.20758,45.0968,50.00,0651:57:51,1,08
14:41:21,0.17427,215.00,0.5693,21.36772,62.39373,31.20759,45.09681,50.00,0651:57:52,1,08
14:41:22,0.17488,214.90,0.56116,21.12483,61.68449,31.20759,45.09681,50.00,0651:57:53,1,08
14:41:23,0.17501,214.90,0.56197,21.16868,61.81254,31.2076,45.09682,50.00,0651:57:54,1,08
14:41:24,0.1778,214.90,0.56453,21.60386,63.08327,31.20761,45.09682,50.00,0651:57:55,1,08
14:41:25,0.17414,214.80,0.56306,21.09953,61.61061,31.20761,45.09683,50.00,0651:57:56,1,08
14:41:26,0.17409,214.80,0.56587,21.19904,61.9012,31.20762,45.09683,50.00,0651:57:57,1,08
14:41:27,0.17532,214.80,0.56403,21.27832,62.13269,31.20762,45.09684,50.00,0651:57:59,1,08
14:41:28,0.17394,214.80,0.56318,21.07928,61.55151,31.20763,45.09684,50.00,0651:58:00,1,08
14:41:29,0.17313,214.90,0.56796,21.16024,61.78791,31.20764,45.09685,50.00,0651:58:01,1,08
14:41:30,0.17336,214.80,0.56575,21.1029,61.62046,31.20764,45.09685,50.00,0651:58:02,1,08
14:41:31,0.17365,214.80,0.56627,21.15856,61.783,31.20765,45.09685,50.00,0651:58:03,1,08
14:41:32,0.17365,214.80,0.56627,21.15856,61.783,31.20765,45.09685,50.00,0651:58:03,1,08
14:41:33,0.17306,214.80,0.56393,20.99495,61.30524,31.20765,45.09686,50.00,0651:58:04,1,08
14:41:34,0.17438,214.90,0.56819,21.32217,62.26075,31.20766,45.09686,50.00,0651:58:05,1,08
14:41:35,0.1735,215.00,0.56245,21.01012,61.34956,31.20767,45.09687,50.00,0651:58:06,1,08
14:41:36,0.17535,215.00,0.56396,21.29856,62.1918,31.20767,45.09687,50.00,0651:58:07,1,08
14:41:37,0.17439,215.00,0.55964,21.02025,61.37913,31.20768,45.09688,50.00,0651:58:08,1,08
14:41:38,0.17321,215.10,0.5653,21.09953,61.61061,31.20769,45.09688,50.00,0651:58:09,1,08
14:41:39,0.17347,215.10,0.56507,21.12314,61.67956,31.20769,45.09689,50.00,0651:58:10,1,08
14:41:40,0.17262,215.20,0.56533,21.03374,61.41853,31.2077,45.09689,50.00,0651:58:11,1,08
14:41:41,0.17445,215.20,0.5684,21.37446,62.41343,31.2077,45.0969,50.00,0651:58:12,1,08
14:41:42,0.17309,215.30,0.56395,21.04892,61.46284,31.20771,45.0969,50.00,0651:58:13,1,08
14:41:43,0.17273,215.30,0.56538,21.06242,61.50226,31.20772,45.09691,50.00,0651:58:14,1,08
14:41:44,0.17331,215.40,0.56939,21.28675,62.15731,31.20772,45.09691,50.00,0651:58:15,1,08
14:41:45,0.17277,215.40,0.56584,21.09278,61.59092,31.20773,45.09692,50.00,0651:58:16,1,08
14:41:46,0.17242,215.60,0.56626,21.0894,61.58105,31.20773,45.09692,50.00,0651:58:17,1,08
14:41:47,0.17259,215.60,0.56536,21.06748,61.51703,31.20774,45.09693,50.00,0651:58:18,1,08
14:41:48,0.1729,215.50,0.56731,21.16868,61.81254,31.20775,45.09693,50.00,0651:58:20,1,08
14:41:49,0.17206,215.50,0.56507,20.99157,61.29539,31.20775,45.09693,50.00,0651:58:21,1,08
14:41:50,0.1724,215.30,0.56731,21.09615,61.60077,31.20776,45.09694,50.00,0651:58:22,1,08
14:41:51,0.17309,215.20,0.56691,21.15013,61.75837,31.20777,45.09694,50.00,0651:58:23,1,08
14:41:52,0.17401,215.40,0.56178,21.0894,61.58105,31.20777,45.09695,50.00,0651:58:24,1,08
14:41:53,0.17352,215.50,0.56976,21.33904,62.31,31.20778,45.09695,50.00,0651:58:25,1,08
14:41:54,0.17272,215.40,0.56494,21.05567,61.48255,31.20778,45.09696,50.00,0651:58:26,1,08
14:41:55,0.17311,215.50,0.56409,21.08097,61.55643,31.20779,45.09696,50.00,0651:58:27,1,08
14:41:56,0.17379,215.50,0.56355,21.13494,61.71404,31.2078,45.09697,50.00,0651:58:28,1,08
14:41:57,0.17426,215.50,0.56616,21.29181,62.1721,31.2078,45.09697,50.00,0651:58:29,1,08
14:41:58,0.17426,215.50,0.56616,21.29181,62.1721,31.2078,45.09697,50.00,0651:58:29,1,08
14:42:00,0.17314,215.50,0.56846,21.24795,62.04403,31.20781,45.09698,50.00,0651:58:30,1,08
14:42:01,0.1734,215.50,0.56484,21.14507,61.74359,31.20781,45.09698,50.00,0651:58:31,1,08
14:42:02,0.17448,215.50,0.56678,21.3441,62.32478,31.20782,45.09699,50.00,0651:58:32,1,08
14:42:03,0.17392,215.50,0.56242,21.11133,61.64508,31.20783,45.09699,50.00,0651:58:33,1,08
14:42:04,0.17401,215.40,0.56482,21.20916,61.93076,31.20783,45.097,50.00,0651:58:34,1,08
14:42:05,0.1745,215.40,0.56907,21.42844,62.57104,31.20784,45.097,50.00,0651:58:35,1,08
14:42:06,0.16929,215.50,0.55383,20.23591,59.08885,31.20785,45.09701,50.00,0651:58:36,1,08
14:42:07,0.1533,215.30,0.49857,16.48289,48.13005,31.20785,45.09701,50.00,0651:58:37,1,08
14:42:08,0.15253,215.40,0.49764,16.37494,47.81484,31.20785,45.09702,50.00,0651:58:38,1,08
14:42:09,0.15325,215.50,0.50087,16.56723,48.37632,31.20786,45.09702,50.00,0651:58:40,1,08
14:42:10,0.14581,215.40,0.49807,15.6682,45.75114,31.20786,45.09702,50.00,0651:58:41,1,08
14:42:11,0.14427,215.40,0.49691,15.46579,45.1601,31.20787,45.09703,50.00,0651:58:42,1,08
14:42:12,0.13846,215.30,0.4948,14.77085,43.13087,31.20787,45.09703,50.00,0651:58:43,1,08
14:42:13,0.14083,215.20,0.49233,14.94627,43.64311,31.20788,45.09704,50.00,0651:58:44,1,08
14:42:14,0.14606,215.10,0.49952,15.72386,45.91367,31.20788,45.09704,50.00,0651:58:45,1,08
14:42:15,0.144,215.10,0.49793,15.44555,45.10099,31.20789,45.09705,50.00,0651:58:46,1,08
14:42:16,0.14742,215.00,0.50112,15.91109,46.46038,31.20789,45.09705,50.00,0651:58:47,1,08
14:42:17,0.14549,214.90,0.49499,15.50458,45.27338,31.2079,45.09706,50.00,0651:58:48,1,08
14:42:18,0.14566,214.90,0.4964,15.56193,45.44084,31.2079,45.09706,50.00,0651:58:49,1,08
14:42:19,0.14525,214.70,0.4966,15.51133,45.29308,31.2079,45.09707,50.00,0651:58:50,1,08
14:42:20,0.14558,214.50,0.49509,15.48771,45.22413,31.20791,45.09707,50.00,0651:58:51,1,08
14:42:21,0.14742,214.50,0.49276,15.6041,45.56397,31.20791,45.09707,50.00,0651:58:52,1,08
14:42:22,0.14673,214.50,0.49411,15.57543,45.48024,31.20792,45.09708,50.00,0651:58:53,1,08
14:42:23,0.1464,214.50,0.49566,15.59229,45.5295,31.20792,45.09708,50.00,0651:58:54,1,08
14:42:24,0.14558,214.50,0.49612,15.51808,45.31278,31.20793,45.09709,50.00,0651:58:55,1,08
14:42:25,0.14558,214.50,0.49612,15.51808,45.31278,31.20793,45.09709,50.00,0651:58:55,1,08
14:42:26,0.14626,214.50,0.49544,15.56868,45.46054,31.20793,45.09709,50.00,0651:58:56,1,08
14:42:27,0.14714,214.60,0.49189,15.55687,45.42607,31.20794,45.0971,50.00,0651:58:57,1,08
14:42:28,0.14656,214.70,0.49406,15.57205,45.47039,31.20794,45.0971,50.00,0651:58:58,1,08
14:42:29,0.14538,214.80,0.49606,15.51808,45.31278,31.20795,45.09711,50.00,0651:58:59,1,08
14:42:30,0.14597,214.90,0.49512,15.55856,45.43099,31.20795,45.09711,50.00,0651:59:01,1,08
14:42:31,0.14496,214.90,0.49665,15.49277,45.2389,31.20795,45.09712,50.00,0651:59:02,1,08
14:42:32,0.14703,214.80,0.49227,15.57205,45.47039,31.20796,45.09712,50.00,0651:59:03,1,08
14:42:33,0.1463,214.80,0.49464,15.56868,45.46054,31.20796,45.09713,50.00,0651:59:04,1,08
14:42:34,0.14552,214.90,0.49677,15.56024,45.43592,31.20797,45.09713,50.00,0651:59:05,1,08
14:42:35,0.14634,215.00,0.49475,15.58892,45.51965,31.20797,45.09713,50.00,0651:59:06,1,08
14:42:36,0.14653,215.00,0.49278,15.54675,45.39651,31.20798,45.09714,50.00,0651:59:07,1,08
14:42:37,0.14639,215.00,0.49208,15.50964,45.28815,31.20798,45.09714,50.00,0651:59:08,1,08
14:42:38,0.14608,214.70,0.49522,15.55687,45.42607,31.20799,45.09715,50.00,0651:59:09,1,08
14:42:39,0.14586,214.80,0.49333,15.47928,45.1995,31.20799,45.09715,50.00,0651:59:10,1,08
14:42:40,0.14628,214.80,0.49271,15.5029,45.26846,31.208,45.09716,50.00,0651:59:11,1,08
14:42:41,0.14764,214.70,0.48964,15.54506,45.39159,31.208,45.09716,50.00,0651:59:12,1,08
14:42:42,0.14345,215.00,0.49334,15.23808,44.49518,31.208,45.09717,50.00,0651:59:13,1,08
14:42:43,0.14433,214.90,0.49338,15.33085,44.76608,31.20801,45.09717,50.00,0651:59:14,1,08
14:42:44,0.14682,214.90,0.49413,15.61591,45.59845,31.20801,45.09718,50.00,0651:59:15,1,08
14:42:45,0.14648,214.90,0.49454,15.59229,45.5295,31.20802,45.09718,50.00,0651:59:16,1,08
14:42:46,0.14796,214.90,0.49142,15.64795,45.69203,31.20802,45.09719,50.00,0651:59:17,1,08
14:42:47,0.14631,214.80,0.49486,15.5788,45.49009,31.20803,45.09719,50.00,0651:59:18,1,08
14:42:48,0.14581,214.80,0.4957,15.54675,45.39651,31.20803,45.09719,50.00,0651:59:19,1,08
14:42:49,0.14584,214.70,0.49484,15.52314,45.32756,31.20804,45.0972,50.00,0651:59:20,1,08
14:42:50,0.14637,214.80,0.494,15.55519,45.42114,31.20804,45.0972,50.00,0651:59:22,1,08
14:42:51,0.14653,214.70,0.49261,15.52145,45.32264,31.20804,45.09721,50.00,0651:59:23,1,08
14:42:52,0.14653,214.70,0.49261,15.52145,45.32264,31.20804,45.09721,50.00,0651:59:23,1,08
14:42:53,0.14725,214.60,0.4976,15.75253,45.9974,31.20805,45.09721,50.00,0651:59:24,1,08
14:42:54,0.14699,214.70,0.49461,15.63446,45.65263,31.20805,45.09722,50.00,0651:59:25,1,08
14:42:55,0.14656,214.70,0.49449,15.58217,45.49994,31.20806,45.09722,50.00,0651:59:26,1,08
14:42:56,0.14707,214.70,0.49307,15.59061,45.52457,31.20806,45.09723,50.00,0651:59:27,1,08
14:42:57,0.14776,214.40,0.49383,15.67326,45.76591,31.20807,45.09723,50.00,0651:59:28,1,08
14:42:58,0.14691,214.40,0.49428,15.59229,45.5295,31.20807,45.09724,50.00,0651:59:29,1,08
14:42:59,0.14745,214.30,0.49552,15.68506,45.80039,31.20808,45.09724,50.00,0651:59:30,1,08
14:43:00,0.14647,214.40,0.49367,15.52482,45.33249,31.20808,45.09725,50.00,0651:59:31,1,08
14:43:01,0.1474,214.40,0.49099,15.54169,45.38174,31.20809,45.09725,50.00,0651:59:32,1,08
14:43:02,0.14654,214.40,0.49458,15.56024,45.43592,31.20809,45.09726,50.00,0651:59:33,1,08
14:43:03,0.14679,214.40,0.49342,15.55687,45.42607,31.20809,45.09726,50.00,0651:59:34,1,08
14:43:04,0.14662,214.40,0.49512,15.58892,45.51965,31.2081,45.09726,50.00,0651:59:35,1,08
14:43:05,0.14671,214.40,0.49181,15.49446,45.24382,31.2081,45.09727,50.00,0651:59:36,1,08
14:43:06,0.14877,214.30,0.49873,15.92627,46.50471,31.20811,45.09727,50.00,0651:59:37,1,08
14:43:07,0.14668,214.30,0.49513,15.59229,45.5295,31.20811,45.09728,50.00,0651:59:38,1,08
14:43:08,0.14647,214.30,0.49405,15.53326,45.35711,31.20812,45.09728,50.00,0651:59:39,1,08
14:43:09,0.14665,214.30,0.49448,15.56699,45.45562,31.20812,45.09729,50.00,0651:59:40,1,08
14:43:10,0.14777,214.40,0.49134,15.59398,45.53442,31.20813,45.09729,50.00,0651:59:42,1,08
14:43:11,0.14852,214.60,0.4963,15.84024,46.25351,31.20813,45.0973,50.00,0651:59:43,1,08
14:43:12,0.14141,214.60,0.49035,14.90747,43.52982,31.20814,45.0973,50.00,0651:59:44,1,08
14:43:13,0.13828,214.50,0.48802,14.50097,42.34282,31.20814,45.09731,50.00,0651:59:45,1,08
14:43:14,0.14591,214.60,0.49451,15.50796,45.28323,31.20814,45.09731,50.00,0651:59:46,1,08
14:43:15,0.14422,214.60,0.48858,15.14868,44.23414,31.20815,45.09732,50.00,0651:59:47,1,08
14:43:16,0.14069,214.70,0.49119,14.85856,43.38699,31.20815,45.09732,50.00,0651:59:48,1,08
14:43:17,0.14614,214.70,0.49297,15.49446,45.24382,31.20816,45.09732,50.00,0651:59:49,1,08
14:43:18,0.14614,214.70,0.49297,15.49446,45.24382,31.20816,45.09732,50.00,0651:59:49,1,08
14:43:19,0.144,214.80,0.49259,15.26,44.55922,31.20816,45.09733,50.00,0651:59:50,1,08
14:43:20,0.13815,214.80,0.48859,14.5229,42.40686,31.20817,45.09733,50.00,0651:59:51,1,08
14:43:21,0.14691,214.80,0.48863,15.44386,45.09607,31.20817,45.09734,50.00,0651:59:52,1,08
14:43:22,0.13951,214.80,0.49146,14.74892,43.06684,31.20818,45.09734,50.00,0651:59:53,1,08
14:43:23,0.14674,214.80,0.49231,15.54338,45.38666,31.20818,45.09735,50.00,0651:59:54,1,08
14:43:24,0.14651,214.70,0.49101,15.47253,45.1798,31.20818,45.09735,50.00,0651:59:55,1,08
14:43:25,0.14808,214.70,0.4885,15.5535,45.41621,31.20819,45.09736,50.00,0651:59:56,1,08
14:43:26,0.14668,214.80,0.49204,15.52651,45.33741,31.20819,45.09736,50.00,0651:59:57,1,08
14:43:27,0.14674,214.80,0.49044,15.48603,45.2192,31.2082,45.09737,50.00,0651:59:58,1,08
14:43:28,0.1464,214.80,0.48972,15.42193,45.03204,31.2082,45.09737,50.00,0651:59:59,1,08
14:43:29,0.14682,214.70,0.48942,15.45567,45.13055,31.20821,45.09738,50.00,0652:00:00,1,08
14:43:30,0.14705,214.70,0.48784,15.43037,45.05667,31.20821,45.09738,50.00,0652:00:01,1,08
14:43:31,0.13985,214.70,0.48744,14.66121,42.81073,31.20822,45.09738,50.00,0652:00:03,1,08
14:43:32,0.14665,214.70,0.49155,15.49952,45.25861,31.20822,45.09739,50.00,0652:00:04,1,08
14:43:33,0.1475,214.60,0.48867,15.49446,45.24382,31.20822,45.09739,50.00,0652:00:05,1,08
14:43:34,0.14668,214.80,0.4907,15.48265,45.20935,31.20823,45.0974,50.00,0652:00:06,1,08
14:43:35,0.14681,214.80,0.49172,15.5282,45.34233,31.20823,45.0974,50.00,0652:00:07,1,08
14:43:36,0.14555,214.80,0.49203,15.40675,44.98772,31.20824,45.09741,50.00,0652:00:08,1,08
14:43:37,0.1458,214.70,0.49473,15.51302,45.29801,31.20824,45.09741,50.00,0652:00:09,1,08
14:43:38,0.14536,214.70,0.49541,15.48603,45.2192,31.20825,45.09742,50.00,0652:00:10,1,08
14:43:39,0.14481,214.70,0.49339,15.36627,44.86951,31.20825,45.09742,50.00,0652:00:11,1,08
14:43:40,0.14771,214.70,0.49044,15.58049,45.49502,31.20826,45.09743,50.00,0652:00:12,1,08
14:43:41,0.14801,214.70,0.49073,15.62097,45.61323,31.20826,45.09743,50.00,0652:00:13,1,08
14:43:42,0.14774,214.60,0.48906,15.52988,45.34726,31.20827,45.09744,50.00,0652:00:14,1,08
14:43:43,0.14774,214.60,0.48906,15.52988,45.34726,31.20827,45.09744,50.00,0652:00:14,1,08
14:43:44,0.14713,214.60,0.49173,15.55181,45.41129,31.20827,45.09744,50.00,0652:00:15,1,08
14:43:45,0.14698,214.70,0.49125,15.52482,45.33249,31.20827,45.09744,50.00,0652:00:16,1,08
14:43:46,0.14572,214.70,0.493,15.44892,45.11084,31.20828,45.09745,50.00,0652:00:17,1,08
14:43:47,0.14631,214.70,0.49496,15.57374,45.47532,31.20828,45.09745,50.00,0652:00:18,1,08
14:43:48,0.14528,214.80,0.49595,15.49952,45.25861,31.20829,45.09746,50.00,0652:00:19,1,08
14:43:49,0.14592,214.60,0.49263,15.45398,45.12562,31.20829,45.09746,50.00,0652:00:20,1,08
14:43:50,0.14592,214.60,0.49312,15.47085,45.17487,31.2083,45.09747,50.00,0652:00:21,1,08
14:43:51,0.14574,214.60,0.49634,15.54844,45.40144,31.2083,45.09747,50.00,0652:00:23,1,08
14:43:52,0.14552,214.50,0.49574,15.49952,45.25861,31.20831,45.09748,50.00,0652:00:24,1,08
14:43:53,0.14555,214.60,0.49434,15.46579,45.1601,31.20831,45.09748,50.00,0652:00:25,1,08
14:43:55,0.1373,214.70,0.48566,14.33904,41.87,31.20831,45.09749,50.00,0652:00:26,1,08
14:43:56,0.13764,214.70,0.48923,14.4841,42.29358,31.20832,45.09749,50.00,0652:00:27,1,08
14:43:57,0.14609,214.70,0.49399,15.52314,45.32756,31.20832,45.0975,50.00,0652:00:28,1,08
14:43:58,0.14589,214.80,0.49511,15.54338,45.38666,31.20833,45.0975,50.00,0652:00:29,1,08
14:43:59,0.13791,215.00,0.48978,14.54482,42.47088,31.20833,45.0975,50.00,0652:00:30,1,08
14:44:00,0.1383,215.00,0.48545,14.46048,42.22462,31.20834,45.09751,50.00,0652:00:31,1,08
14:44:01,0.1451,215.10,0.49433,15.45398,45.12562,31.20834,45.09751,50.00,0652:00:32,1,08
14:44:02,0.14598,215.00,0.49249,15.48603,45.2192,31.20835,45.09752,50.00,0652:00:33,1,08
14:44:03,0.14567,215.00,0.49387,15.49277,45.2389,31.20835,45.09752,50.00,0652:00:34,1,08
14:44:04,0.14626,215.00,0.49341,15.53832,45.37189,31.20835,45.09753,50.00,0652:00:35,1,08
14:44:05,0.1463,214.90,0.49454,15.57374,45.47532,31.20836,45.09753,50.00,0652:00:36,1,08
14:44:06,0.14748,215.00,0.49867,15.83518,46.23874,31.20836,45.09754,50.00,0652:00:37,1,08
14:44:07,0.14566,214.90,0.49564,15.54,45.37681,31.20837,45.09754,50.00,0652:00:38,1,08
14:44:08,0.1462,214.90,0.49689,15.63952,45.6674,31.20837,45.09755,50.00,0652:00:39,1,08
14:44:09,0.14691,214.80,0.49093,15.51808,45.31278,31.20838,45.09755,50.00,0652:00:40,1,08
14:44:10,0.14691,214.80,0.49093,15.51808,45.31278,31.20838,45.09755,50.00,0652:00:40,1,08
14:44:11,0.14096,214.80,0.49344,14.96314,43.69236,31.20838,45.09755,50.00,0652:00:41,1,08
14:44:12,0.1352,214.80,0.49078,14.27326,41.67791,31.20839,45.09756,50.00,0652:00:42,1,08
14:44:13,0.14577,214.80,0.49516,15.52651,45.33741,31.20839,45.09756,50.00,0652:00:44,1,08
14:44:14,0.14643,214.80,0.49395,15.55856,45.43099,31.20839,45.09757,50.00,0652:00:45,1,08
14:44:15,0.14919,214.80,0.49259,15.81494,46.17963,31.2084,45.09757,50.00,0652:00:46,1,08
14:44:16,0.1463,214.80,0.49357,15.53663,45.36696,31.2084,45.09758,50.00,0652:00:47,1,08
14:44:17,0.14522,214.80,0.49428,15.44217,45.09114,31.20841,45.09758,50.00,0652:00:48,1,08
14:44:18,0.14677,214.80,0.49364,15.58723,45.51472,31.20841,45.09759,50.00,0652:00:49,1,08
14:44:19,0.14724,214.80,0.49404,15.64964,45.69696,31.20842,45.09759,50.00,0652:00:50,1,08
14:44:20,0.13589,214.90,0.48356,14.14338,41.29866,31.20842,45.0976,50.00,0652:00:51,1,08
14:44:21,0.1405,214.80,0.49174,14.86362,43.40177,31.20843,45.0976,50.00,0652:00:52,1,08
14:44:22,0.14687,214.70,0.49343,15.58555,45.5098,31.20843,45.0976,50.00,0652:00:53,1,08
14:44:23,0.14653,214.70,0.4924,15.51302,45.29801,31.20843,45.09761,50.00,0652:00:54,1,08
14:44:24,0.13912,214.70,0.48602,14.53808,42.45118,31.20844,45.09761,50.00,0652:00:55,1,08
14:44:25,0.14707,214.60,0.4905,15.50796,45.28323,31.20844,45.09762,50.00,0652:00:56,1,08
14:44:26,0.1464,214.60,0.4933,15.52314,45.32756,31.20845,45.09762,50.00,0652:00:57,1,08
14:44:27,0.14633,214.60,0.49314,15.50964,45.28815,31.20845,45.09763,50.00,0652:00:58,1,08
14:44:28,0.14688,214.50,0.49647,15.66482,45.74128,31.20846,45.09763,50.00,0652:00:59,1,08
14:44:29,0.14127,214.50,0.49272,14.9547,43.66773,31.20846,45.09764,50.00,0652:01:00,1,08
14:44:30,0.14544,214.50,0.49698,15.52988,45.34726,31.20847,45.09764,50.00,0652:01:01,1,08
14:44:31,0.14471,214.60,0.49789,15.48771,45.22413,31.20847,45.09765,50.00,0652:01:02,1,08
14:44:32,0.14428,214.50,0.49935,15.47928,45.1995,31.20847,45.09765,50.00,0652:01:03,1,08
14:44:33,0.14481,214.50,0.49924,15.52988,45.34726,31.20848,45.09766,50.00,0652:01:05,1,08
14:44:34,0.14455,214.50,0.49973,15.52145,45.32264,31.20848,45.09766,50.00,0652:01:06,1,08
14:44:35,0.14373,214.50,0.50153,15.4894,45.22905,31.20849,45.09766,50.00,0652:01:07,1,08
14:44:36,0.14373,214.50,0.50153,15.4894,45.22905,31.20849,45.09766,50.00,0652:01:07,1,08
14:44:37,0.1588,214.60,0.52525,17.93013,52.35597,31.20849,45.09767,50.00,0652:01:08,1,08
14:44:38,0.16545,214.60,0.53538,19.04338,55.60666,31.2085,45.09767,50.00,0652:01:09,1,08
14:44:39,0.18041,214.70,0.52535,20.38097,59.51243,31.20851,45.09768,50.00,0652:01:10,1,08
14:44:40,0.18037,214.70,0.52583,20.39615,59.55676,31.20851,45.09768,50.00,0652:01:11,1,08
14:44:41,0.18751,214.80,0.54826,22.11494,64.57564,31.20852,45.09769,50.00,0652:01:12,1,08
14:44:42,0.19452,214.70,0.56015,23.43567,68.43215,31.20852,45.0977,50.00,0652:01:13,1,08
14:44:43,0.19482,214.80,0.55868,23.41374,68.36813,31.20853,45.0977,50.00,0652:01:14,1,08
14:44:44,0.19468,214.60,0.55703,23.31085,68.06768,31.20854,45.09771,50.00,0652:01:15,1,08
14:44:45,0.19413,214.60,0.55957,23.35301,68.1908,31.20854,45.09771,50.00,0652:01:16,1,08
14:44:46,0.19398,214.60,0.56101,23.39013,68.29917,31.20855,45.09772,50.00,0652:01:17,1,08
14:44:47,0.19363,214.50,0.55843,23.23157,67.8362,31.20856,45.09772,50.00,0652:01:18,1,08
14:44:48,0.19565,214.40,0.55612,23.3682,68.23514,31.20857,45.09773,50.00,0652:01:19,1,08
14:44:49,0.19623,214.40,0.55919,23.56892,68.82126,31.20857,45.09773,50.00,0652:01:20,1,08
14:44:50,0.1946,214.50,0.55922,23.38169,68.27454,31.20858,45.09774,50.00,0652:01:21,1,08
14:44:51,0.19451,214.50,0.55896,23.36145,68.21543,31.20859,45.09774,50.00,0652:01:22,1,08
14:44:52,0.19573,214.60,0.56077,23.59759,68.90498,31.20859,45.09775,50.00,0652:01:23,1,08
14:44:53,0.2033,214.60,0.56164,24.54386,71.66808,31.2086,45.09775,50.00,0652:01:25,1,08
14:44:54,0.19595,214.80,0.55998,23.60603,68.92961,31.20861,45.09776,50.00,0652:01:26,1,08
14:44:55,0.2053,214.90,0.56265,24.85928,72.5891,31.20861,45.09777,50.00,0652:01:27,1,08
14:44:56,0.21274,214.90,0.56919,26.06025,76.09592,31.20862,45.09777,50.00,0652:01:28,1,08
14:44:57,0.21349,214.80,0.56884,26.13278,76.30771,31.20863,45.09778,50.00,0652:01:29,1,08
14:44:58,0.21342,214.90,0.57036,26.19687,76.49487,31.20864,45.09778,50.00,0652:01:30,1,08
14:44:59,0.211,215.00,0.57073,25.92868,75.71175,31.20864,45.09779,50.00,0652:01:31,1,08
14:45:00,0.21306,214.90,0.57389,26.31832,76.84949,31.20865,45.09779,50.00,0652:01:32,1,08
14:45:01,0.21293,214.80,0.57209,26.21037,76.53428,31.20866,45.0978,50.00,0652:01:33,1,08
14:45:02,0.21293,214.80,0.57209,26.21037,76.53428,31.20866,45.0978,50.00,0652:01:33,1,08
14:45:03,0.21376,214.90,0.57206,26.32507,76.86919,31.20867,45.09781,50.00,0652:01:34,1,08
14:45:04,0.21308,214.80,0.57289,26.26266,76.68696,31.20867,45.09781,50.00,0652:01:35,1,08
14:45:05,0.21368,214.80,0.57305,26.34362,76.92338,31.20868,45.09782,50.00,0652:01:36,1,08
14:45:06,0.21395,214.60,0.5746,26.42627,77.16471,31.20869,45.09782,50.00,0652:01:37,1,08
14:45:07,0.21145,214.60,0.57203,26.00121,75.92354,31.2087,45.09783,50.00,0652:01:38,1,08
14:45:08,0.21389,214.60,0.57349,26.36386,76.98248,31.20871,45.09783,50.00,0652:01:39,1,08
14:45:09,0.21634,214.50,0.57435,26.69952,77.96261,31.20871,45.09784,50.00,0652:01:40,1,08
14:45:10,0.21504,214.50,0.5758,26.60001,77.67202,31.20872,45.09785,50.00,0652:01:41,1,08
14:45:11,0.21368,214.60,0.57262,26.30651,76.81502,31.20873,45.09785,50.00,0652:01:42,1,08
14:45:12,0.21265,214.80,0.57128,26.13278,76.30771,31.20874,45.09786,50.00,0652:01:43,1,08
14:45:13,0.21407,214.70,0.57265,26.36386,76.98248,31.20874,45.09786,50.00,0652:01:44,1,08
14:45:14,0.21335,214.70,0.57307,26.29808,76.79039,31.20875,45.09787,50.00,0652:01:46,1,08
14:45:15,0.21517,214.70,0.56901,26.32844,76.87904,31.20876,45.09787,50.00,0652:01:47,1,08
14:45:16,0.2133,214.80,0.57397,26.33519,76.89874,31.20877,45.09788,50.00,0652:01:48,1,08
14:45:17,0.21406,214.80,0.57155,26.32844,76.87904,31.20877,45.09789,50.00,0652:01:49,1,08
14:45:18,0.21265,214.90,0.57194,26.17494,76.43084,31.20878,45.09789,50.00,0652:01:50,1,08
14:45:19,0.21262,214.90,0.57278,26.2188,76.5589,31.20879,45.0979,50.00,0652:01:51,1,08
14:45:20,0.21298,214.90,0.57344,26.28965,76.76577,31.2088,45.0979,50.00,0652:01:52,1,08
14:45:21,0.20192,214.90,0.57815,25.13254,73.38701,31.2088,45.09791,50.00,0652:01:53,1,08
14:45:22,0.21239,215.00,0.57226,26.16988,76.41606,31.20881,45.09791,50.00,0652:01:54,1,08
14:45:23,0.2136,215.00,0.57177,26.29639,76.78547,31.20882,45.09792,50.00,0652:01:55,1,08
14:45:24,0.21254,215.00,0.57461,26.30483,76.8101,31.20883,45.09792,50.00,0652:01:56,1,08
14:45:25,0.21524,215.00,0.57262,26.54772,77.51933,31.20884,45.09793,50.00,0652:01:57,1,08
14:45:26,0.21403,215.00,0.57465,26.48868,77.34695,31.20884,45.09794,50.00,0652:01:58,1,08
14:45:27,0.21209,214.90,0.57005,26.02483,75.99249,31.20885,45.09794,50.00,0652:01:59,1,08
14:45:28,0.21313,214.90,0.57189,26.2323,76.5983,31.20886,45.09795,50.00,0652:02:00,1,08
14:45:29,0.21313,214.90,0.57189,26.2323,76.5983,31.20886,45.09795,50.00,0652:02:00,1,08
14:45:30,0.20773,214.90,0.57549,25.73133,75.13549,31.20887,45.09795,50.00,0652:02:01,1,08
14:45:31,0.21287,214.80,0.57332,26.25928,76.67711,31.20887,45.09796,50.00,0652:02:02,1,08
14:45:32,0.21215,214.80,0.57432,26.21206,76.5392,31.20888,45.09796,50.00,0652:02:03,1,08
14:45:33,0.2066,214.90,0.57519,25.57446,74.67744,31.20889,45.09797,50.00,0652:02:04,1,08
14:45:34,0.21302,214.90,0.57622,26.4229,77.15487,31.2089,45.09798,50.00,0652:02:06,1,08
14:45:35,0.21253,215.00,0.57442,26.28459,76.75099,31.2089,45.09798,50.00,0652:02:07,1,08
14:45:36,0.20533,215.00,0.57668,25.49688,74.45088,31.20891,45.09799,50.00,0652:02:08,1,08
14:45:37,0.20743,215.00,0.57399,25.64699,74.88922,31.20892,45.09799,50.00,0652:02:09,1,08
14:45:38,0.2125,215.10,0.57157,26.17326,76.42592,31.20893,45.098,50.00,0652:02:10,1,08
14:45:39,0.21289,215.10,0.57214,26.24747,76.64263,31.20893,45.098,50.00,0652:02:11,1,08
14:45:40,0.21371,215.00,0.5719,26.32338,76.86427,31.20894,45.09801,50.00,0652:02:12,1,08
14:45:41,0.21306,215.00,0.57434,26.35037,76.94308,31.20895,45.09801,50.00,0652:02:13,1,08
14:45:42,0.21153,214.90,0.57434,26.15471,76.37174,31.20896,45.09802,50.00,0652:02:14,1,08
14:45:43,0.21259,215.00,0.57358,26.25928,76.67711,31.20896,45.09803,50.00,0652:02:15,1,08
14:45:44,0.21196,215.00,0.57243,26.12772,76.29293,31.20897,45.09803,50.00,0652:02:16,1,08
14:45:45,0.21086,214.90,0.57513,26.10916,76.23876,31.20898,45.09804,50.00,0652:02:17,1,08
14:45:46,0.21056,214.90,0.57152,25.90507,75.6428,31.20899,45.09804,50.00,0652:02:18,1,08
14:45:47,0.2122,214.80,0.57518,26.26097,76.68203,31.20899,45.09805,50.00,0652:02:19,1,08
14:45:48,0.21058,214.90,0.57379,26.00796,75.94324,31.209,45.09805,50.00,0652:02:20,1,08
14:45:49,0.21025,214.80,0.5746,25.99784,75.91368,31.20901,45.09806,50.00,0652:02:21,1,08
14:45:50,0.21064,214.90,0.5737,26.00965,75.94817,31.20902,45.09807,50.00,0652:02:22,1,08
14:45:52,0.21151,214.90,0.57265,26.07206,76.1304,31.20903,45.09807,50.00,0652:02:23,1,08
14:45:53,0.21087,214.90,0.57261,25.99278,75.89892,31.20903,45.09808,50.00,0652:02:24,1,08
14:45:54,0.21233,215.00,0.57058,26.08555,76.1698,31.20904,45.09808,50.00,0652:02:25,1,08
14:45:55,0.21053,214.90,0.57301,25.97254,75.83981,31.20905,45.09809,50.00,0652:02:27,1,08
14:45:56,0.21053,214.90,0.57301,25.97254,75.83981,31.20905,45.09809,50.00,0652:02:27,1,08
14:45:57,0.21112,214.90,0.57268,26.02314,75.98756,31.20906,45.09809,50.00,0652:02:28,1,08
14:45:58,0.21003,214.90,0.57252,25.88651,75.58862,31.20906,45.0981,50.00,0652:02:29,1,08
14:45:59,0.21035,214.90,0.57364,25.97759,75.85458,31.20907,45.09811,50.00,0652:02:30,1,08
14:46:00,0.20839,215.00,0.57409,25.7617,75.22415,31.20908,45.09811,50.00,0652:02:31,1,08
14:46:01,0.20956,215.10,0.57522,25.96579,75.82011,31.20909,45.09812,50.00,0652:02:32,1,08
14:46:02,0.2085,214.90,0.5717,25.66218,74.93356,31.20909,45.09812,50.00,0652:02:33,1,08
14:46:03,0.20898,214.90,0.57367,25.81061,75.36697,31.2091,45.09813,50.00,0652:02:34,1,08
14:46:04,0.17929,214.80,0.55242,21.31374,62.23611,31.20911,45.09813,50.00,0652:02:35,1,08
14:46:05,0.17638,214.80,0.54831,20.8094,60.76345,31.20911,45.09814,50.00,0652:02:36,1,08
14:46:06,0.1744,214.90,0.5502,20.65085,60.30047,31.20912,45.09814,50.00,0652:02:37,1,08
14:46:07,0.16329,214.90,0.54732,19.23735,56.17308,31.20912,45.09815,50.00,0652:02:38,1,08
14:46:08,0.15807,214.90,0.54987,18.7094,54.63145,31.20913,45.09815,50.00,0652:02:39,1,08
14:46:09,0.16502,214.90,0.54477,19.35543,56.51785,31.20914,45.09816,50.00,0652:02:40,1,08
14:46:10,0.14527,214.90,0.51543,16.11856,47.06619,31.20914,45.09816,50.00,0652:02:41,1,08
14:46:11,0.12773,215.00,0.5038,13.85832,40.46629,31.20914,45.09816,50.00,0652:02:42,1,08
14:46:12,0.1299,215.00,0.50193,14.04217,41.00314,31.20915,45.09817,50.00,0652:02:43,1,08
14:46:13,0.12157,214.80,0.50045,13.09085,38.22527,31.20915,45.09817,50.00,0652:02:44,1,08
14:46:14,0.12816,214.80,0.50043,13.79759,40.28897,31.20916,45.09818,50.00,0652:02:45,1,08
14:46:15,0.12853,214.80,0.50067,13.84482,40.42688,31.20916,45.09818,50.00,0652:02:46,1,08
14:46:16,0.13,214.70,0.4956,13.85663,40.46136,31.20916,45.09818,50.00,0652:02:48,1,08
14:46:17,0.1285,215.00,0.50128,13.87181,40.50569,31.20917,45.09819,50.00,0652:02:49,1,08
14:46:18,0.12798,215.00,0.50159,13.8229,40.36285,31.20917,45.09819,50.00,0652:02:50,1,08
14:46:19,0.1283,214.90,0.50147,13.84651,40.43181,31.20918,45.0982,50.00,0652:02:51,1,08
14:46:20,0.12844,214.90,0.49817,13.77398,40.22002,31.20918,45.0982,50.00,0652:02:52,1,08
14:46:21,0.13091,214.90,0.49892,14.05904,41.0524,31.20918,45.0982,50.00,0652:02:53,1,08
14:46:22,0.13091,214.90,0.49892,14.05904,41.0524,31.20918,45.0982,50.00,0652:02:53,1,08
14:46:23,0.12795,214.90,0.50092,13.79591,40.28405,31.20919,45.09821,50.00,0652:02:54,1,08
14:46:24,0.12857,214.90,0.49933,13.82121,40.35793,31.20919,45.09821,50.00,0652:02:55,1,08
14:46:25,0.12832,215.10,0.50079,13.84314,40.42196,31.2092,45.09822,50.00,0652:02:56,1,08
14:46:26,0.12895,215.00,0.49909,13.86,40.47121,31.2092,45.09822,50.00,0652:02:57,1,08
14:46:27,0.12962,215.00,0.49353,13.77567,40.22495,31.2092,45.09822,50.00,0652:02:58,1,08
14:46:28,0.12966,215.00,0.49873,13.9241,40.65837,31.20921,45.09823,50.00,0652:02:59,1,08
14:46:29,0.12871,214.90,0.4983,13.80603,40.3136,31.20921,45.09823,50.00,0652:03:00,1,08
14:46:30,0.12929,214.90,0.49812,13.86,40.47121,31.20922,45.09824,50.00,0652:03:01,1,08
14:46:31,0.12908,215.00,0.49684,13.8094,40.32345,31.20922,45.09824,50.00,0652:03:02,1,08
14:46:32,0.13011,215.20,0.49308,13.82796,40.37763,31.20922,45.09825,50.00,0652:03:03,1,08
14:46:33,0.1285,215.20,0.49762,13.78241,40.24464,31.20923,45.09825,50.00,0652:03:04,1,08
14:46:34,0.12915,215.20,0.49649,13.82458,40.36778,31.20923,45.09825,50.00,0652:03:05,1,08
14:46:35,0.12981,215.30,0.49512,13.86,40.47121,31.20924,45.09826,50.00,0652:03:06,1,08
14:46:36,0.12305,215.40,0.48856,12.97109,37.87558,31.20924,45.09826,50.00,0652:03:08,1,08
14:46:37,0.11918,215.50,0.49062,12.61856,36.84619,31.20924,45.09827,50.00,0652:03:09,1,08
14:46:38,0.1286,215.40,0.49532,13.74193,40.12644,31.20925,45.09827,50.00,0652:03:10,1,08
14:46:39,0.12867,215.50,0.49617,13.77904,40.23479,31.20925,45.09827,50.00,0652:03:11,1,08
14:46:40,0.12857,215.50,0.49605,13.76723,40.20032,31.20926,45.09828,50.00,0652:03:12,1,08
14:46:41,0.13007,215.50,0.49273,13.8347,40.39733,31.20926,45.09828,50.00,0652:03:13,1,08
14:46:42,0.12244,215.50,0.49387,13.05374,38.11691,31.20926,45.09829,50.00,0652:03:14,1,08
14:46:43,0.11961,215.50,0.49236,12.71301,37.12201,31.20927,45.09829,50.00,0652:03:15,1,08
14:46:44,0.12841,215.50,0.49684,13.77061,40.21017,31.20927,45.09829,50.00,0652:03:16,1,08
14:46:45,0.12938,215.60,0.49324,13.77735,40.22987,31.20928,45.0983,50.00,0652:03:17,1,08
14:46:46,0.12922,215.50,0.49389,13.77735,40.22987,31.20928,45.0983,50.00,0652:03:18,1,08
14:46:47,0.12936,215.60,0.49595,13.85663,40.46136,31.20928,45.09831,50.00,0652:03:19,1,08
14:46:48,0.12918,215.50,0.49776,13.88024,40.53032,31.20929,45.09831,50.00,0652:03:20,1,08
14:46:49,0.12918,215.50,0.49776,13.88024,40.53032,31.20929,45.09831,50.00,0652:03:20,1,08
14:46:50,0.12899,215.50,0.49709,13.83807,40.40718,31.20929,45.09831,50.00,0652:03:21,1,08
14:46:51,0.12927,215.40,0.49335,13.75711,40.17076,31.2093,45.09832,50.00,0652:03:22,1,08
14:46:52,0.1289,215.40,0.49521,13.77398,40.22002,31.2093,45.09832,50.00,0652:03:23,1,08
14:46:53,0.13002,215.20,0.50241,14.08265,41.12135,31.2093,45.09833,50.00,0652:03:24,1,08
14:46:54,0.12839,215.10,0.49799,13.77567,40.22495,31.20931,45.09833,50.00,0652:03:25,1,08
14:46:55,0.12819,215.10,0.49829,13.76048,40.18061,31.20931,45.09833,50.00,0652:03:26,1,08
14:46:56,0.12862,215.50,0.49581,13.76217,40.18554,31.20932,45.09834,50.00,0652:03:27,1,08
14:46:57,0.12823,215.50,0.49774,13.77567,40.22495,31.20932,45.09834,50.00,0652:03:29,1,08
14:46:58,0.12112,215.60,0.49323,12.90193,37.67364,31.20932,45.09835,50.00,0652:03:30,1,08
14:46:59,0.11927,215.80,0.49339,12.71976,37.1417,31.20933,45.09835,50.00,0652:03:31,1,08
14:47:00,0.12948,215.90,0.49337,13.81446,40.33823,31.20933,45.09835,50.00,0652:03:32,1,08
14:47:01,0.12788,215.80,0.49823,13.77398,40.22002,31.20934,45.09836,50.00,0652:03:33,1,08
14:47:02,0.13048,215.80,0.50078,14.12651,41.2494,31.20934,45.09836,50.00,0652:03:34,1,08
14:47:03,0.12804,215.80,0.4975,13.76892,40.20524,31.20934,45.09837,50.00,0652:03:35,1,08
14:47:04,0.12804,215.80,0.49787,13.77735,40.22987,31.20935,45.09837,50.00,0652:03:36,1,08
14:47:05,0.12974,215.80,0.492,13.79591,40.28405,31.20935,45.09837,50.00,0652:03:37,1,08
14:47:06,0.12379,215.80,0.49565,13.26121,38.72273,31.20936,45.09838,50.00,0652:03:38,1,08
14:47:07,0.12173,215.80,0.49519,13.03181,38.05289,31.20936,45.09838,50.00,0652:03:39,1,08
14:47:08,0.12772,215.90,0.49914,13.7841,40.24957,31.20936,45.09839,50.00,0652:03:40,1,08
14:47:09,0.12786,215.80,0.49896,13.78747,40.25942,31.20937,45.09839,50.00,0652:03:41,1,08
14:47:10,0.12692,215.80,0.49305,13.52434,39.49108,31.20937,45.09839,50.00,0652:03:42,1,08
14:47:11,0.12215,215.80,0.49629,13.10097,38.25483,31.20938,45.0984,50.00,0652:03:43,1,08
14:47:12,0.13079,215.80,0.50072,14.15518,41.33314,31.20938,45.0984,50.00,0652:03:44,1,08
14:47:13,0.12924,215.60,0.49976,13.94771,40.72733,31.20938,45.09841,50.00,0652:03:45,1,08
14:47:14,0.12924,215.60,0.49976,13.94771,40.72733,31.20938,45.09841,50.00,0652:03:45,1,08
14:47:15,0.12814,215.70,0.49951,13.82796,40.37763,31.20939,45.09841,50.00,0652:03:46,1,08
14:47:16,0.12932,215.70,0.49517,13.83302,40.39241,31.20939,45.09841,50.00,0652:03:47,1,08
14:47:17,0.12768,215.80,0.50055,13.81615,40.34315,31.2094,45.09842,50.00,0652:03:49,1,08
14:47:18,0.12765,215.80,0.49914,13.77398,40.22002,31.2094,45.09842,50.00,0652:03:50,1,08
14:47:19,0.12812,215.90,0.49787,13.79253,40.2742,31.2094,45.09843,50.00,0652:03:51,1,08
14:47:20,0.12878,215.80,0.49479,13.77567,40.22495,31.20941,45.09843,50.00,0652:03:52,1,08
14:47:21,0.12768,216.10,0.49933,13.79928,40.2939,31.20941,45.09843,50.00,0652:03:53,1,08
14:47:22,0.12827,216.10,0.49945,13.86338,40.48106,31.20942,45.09844,50.00,0652:03:54,1,08
14:47:23,0.12772,215.90,0.49756,13.74362,40.13136,31.20942,45.09844,50.00,0652:03:55,1,08
14:47:24,0.12874,215.90,0.49673,13.82627,40.3727,31.20942,45.09845,50.00,0652:03:56,1,08
14:47:25,0.12894,215.80,0.49522,13.80434,40.30867,31.20943,45.09845,50.00,0652:03:57,1,08
14:47:26,0.12016,215.90,0.49474,12.85808,37.54558,31.20943,45.09845,50.00,0652:03:58,1,08
14:47:27,0.12672,215.90,0.49803,13.65085,39.86047,31.20944,45.09846,50.00,0652:03:59,1,08
14:47:28,0.12702,216.00,0.49975,13.73518,40.10674,31.20944,45.09846,50.00,0652:04:00,1,08
14:47:29,0.12137,215.90,0.49338,12.95084,37.81647,31.20944,45.09847,50.00,0652:04:01,1,08
14:47:30,0.12946,215.90,0.49367,13.81952,40.353,31.20945,45.09847,50.00,0652:04:02,1,08
14:47:31,0.12883,215.90,0.49419,13.76892,40.20524,31.20945,45.09847,50.00,0652:04:03,1,08
14:47:32,0.1283,216.00,0.49957,13.86506,40.48598,31.20946,45.09848,50.00,0652:04:04,1,08
14:47:33,0.12997,216.00,0.50192,14.11133,41.20508,31.20946,45.09848,50.00,0652:04:05,1,08
14:47:34,0.12818,215.90,0.49744,13.79085,40.26928,31.20946,45.09849,50.00,0652:04:06,1,08
14:47:35,0.12814,216.00,0.49659,13.76892,40.20524,31.20947,45.09849,50.00,0652:04:07,1,08
14:47:36,0.12779,216.00,0.49793,13.76892,40.20524,31.20947,45.09849,50.00,0652:04:08,1,08
14:47:37,0.12862,216.20,0.49509,13.78747,40.25942,31.20948,45.0985,50.00,0652:04:10,1,08
14:47:38,0.1289,216.30,0.49414,13.80265,40.30375,31.20948,45.0985,50.00,0652:04:11,1,08
14:47:39,0.12752,216.40,0.49719,13.74024,40.12151,31.20948,45.09851,50.00,0652:04:12,1,08
14:47:40,0.12752,216.40,0.49719,13.74024,40.12151,31.20948,45.09851,50.00,0652:04:12,1,08
14:47:41,0.12485,216.40,0.49763,13.4653,39.31869,31.20949,45.09851,50.00,0652:04:13,1,08
14:47:42,0.12766,216.30,0.49805,13.77398,40.22002,31.20949,45.09851,50.00,0652:04:14,1,08
14:47:43,0.12964,216.20,0.50126,14.07422,41.09672,31.2095,45.09852,50.00,0652:04:15,1,08
14:47:44,0.12829,216.20,0.49648,13.78916,40.26435,31.2095,45.09852,50.00,0652:04:16,1,08
14:47:45,0.12804,216.10,0.49677,13.76723,40.20032,31.2095,45.09853,50.00,0652:04:17,1,08
14:47:46,0.12768,216.00,0.49933,13.79422,40.27912,31.20951,45.09853,50.00,0652:04:18,1,08
14:47:47,0.12733,216.00,0.49884,13.74362,40.13136,31.20951,45.09854,50.00,0652:04:19,1,08
14:47:48,0.12718,216.10,0.49969,13.75374,40.16092,31.20952,45.09854,50.00,0652:04:20,1,08
14:47:50,0.12819,216.00,0.49732,13.79591,40.28405,31.20952,45.09854,50.00,0652:04:21,1,08
14:47:51,0.12768,216.00,0.49786,13.75205,40.15599,31.20952,45.09855,50.00,0652:04:22,1,08
14:47:52,0.12736,215.90,0.49951,13.7588,40.17569,31.20953,45.09855,50.00,0652:04:23,1,08
14:47:53,0.12695,216.00,0.50043,13.7453,40.13629,31.20953,45.09856,50.00,0652:04:24,1,08
14:47:54,0.12738,216.00,0.50147,13.81784,40.34808,31.20954,45.09856,50.00,0652:04:25,1,08
14:47:55,0.12814,216.00,0.49897,13.8347,40.39733,31.20954,45.09856,50.00,0652:04:26,1,08
14:47:56,0.12715,216.10,0.50178,13.80771,40.31853,31.20954,45.09857,50.00,0652:04:27,1,08
14:47:57,0.12631,216.10,0.50333,13.7588,40.17569,31.20955,45.09857,50.00,0652:04:28,1,08
14:47:58,0.12667,216.10,0.50381,13.81446,40.33823,31.20955,45.09858,50.00,0652:04:30,1,08
14:47:59,0.12668,216.10,0.50154,13.75037,40.15107,31.20956,45.09858,50.00,0652:04:31,1,08
14:48:00,0.12786,216.00,0.50024,13.83639,40.40226,31.20956,45.09858,50.00,0652:04:32,1,08
14:48:01,0.12715,216.00,0.50086,13.77567,40.22495,31.20956,45.09859,50.00,0652:04:33,1,08
14:48:02,0.12084,216.00,0.50006,13.07398,38.17602,31.20957,45.09859,50.00,0652:04:34,1,08
14:48:03,0.11768,216.00,0.49814,12.68265,37.03335,31.20957,45.09859,50.00,0652:04:35,1,08
14:48:04,0.12795,216.00,0.49677,13.75374,40.16092,31.20957,45.0986,50.00,0652:04:36,1,08
14:48:05,0.12627,216.00,0.50383,13.76723,40.20032,31.20958,45.0986,50.00,0652:04:37,1,08
14:48:06,0.12627,216.00,0.50383,13.76723,40.20032,31.20958,45.0986,50.00,0652:04:37,1,08
14:48:07,0.12618,216.00,0.50402,13.76217,40.18554,31.20958,45.09861,50.00,0652:04:38,1,08
14:48:08,0.12665,215.90,0.50419,13.81109,40.32838,31.20959,45.09861,50.00,0652:04:39,1,08
14:48:09,0.12309,215.90,0.50133,13.34723,38.97392,31.20959,45.09861,50.00,0652:04:40,1,08
14:48:10,0.11933,215.90,0.49314,12.72313,37.15155,31.20959,45.09862,50.00,0652:04:41,1,08
14:48:11,0.12656,215.80,0.5029,13.7588,40.17569,31.2096,45.09862,50.00,0652:04:42,1,08
14:48:12,0.12693,215.80,0.50203,13.77061,40.21017,31.2096,45.09863,50.00,0652:04:43,1,08
14:48:13,0.12773,215.70,0.49945,13.78073,40.23972,31.20961,45.09863,50.00,0652:04:44,1,08
14:48:14,0.12805,215.50,0.49988,13.81952,40.353,31.20961,45.09863,50.00,0652:04:45,1,08
14:48:15,0.12647,215.50,0.49543,13.52265,39.48615,31.20961,45.09864,50.00,0652:04:46,1,08
14:48:16,0.12007,215.50,0.48965,12.69109,37.05798,31.20962,45.09864,50.00,0652:04:47,1,08
14:48:17,0.12918,215.40,0.49256,13.73012,40.09196,31.20962,45.09865,50.00,0652:04:48,1,08
14:48:18,0.12777,215.50,0.49902,13.76048,40.18061,31.20963,45.09865,50.00,0652:04:49,1,08
14:48:19,0.12759,215.60,0.49975,13.77061,40.21017,31.20963,45.09865,50.00,0652:04:51,1,08
14:48:20,0.12881,215.60,0.496,13.79759,40.28897,31.20963,45.09866,50.00,0652:04:52,1,08
14:48:21,0.12724,215.80,0.49945,13.7335,40.10181,31.20964,45.09866,50.00,0652:04:53,1,08
14:48:22,0.12754,215.80,0.49963,13.77398,40.22002,31.20964,45.09867,50.00,0652:04:54,1,08
14:48:23,0.12819,215.80,0.49677,13.76554,40.19539,31.20965,45.09867,50.00,0652:04:55,1,08
14:48:24,0.12834,215.90,0.49714,13.79422,40.27912,31.20965,45.09867,50.00,0652:04:56,1,08
14:48:25,0.12791,215.90,0.49982,13.82796,40.37763,31.20965,45.09868,50.00,0652:04:57,1,08
14:48:26,0.12736,216.00,0.4992,13.75374,40.16092,31.20966,45.09868,50.00,0652:04:58,1,08
14:48:27,0.12377,216.00,0.49773,13.3253,38.90989,31.20966,45.09869,50.00,0652:04:59,1,08
14:48:28,0.12857,216.00,0.49751,13.83807,40.40718,31.20967,45.09869,50.00,0652:05:00,1,08
14:48:29,0.12809,216.00,0.49823,13.8094,40.32345,31.20967,45.09869,50.00,0652:05:01,1,08
14:48:30,0.12765,216.10,0.49792,13.75711,40.17076,31.20967,45.0987,50.00,0652:05:02,1,08
14:48:31,0.12763,216.10,0.49628,13.71326,40.04271,31.20968,45.0987,50.00,0652:05:03,1,08
14:48:32,0.12978,216.10,0.49165,13.81277,40.3333,31.20968,45.09871,50.00,0652:05:04,1,08
14:48:33,0.12978,216.10,0.49165,13.81277,40.3333,31.20968,45.09871,50.00,0652:05:04,1,08
14:48:34,0.12656,216.30,0.49434,13.5547,39.57973,31.20969,45.09871,50.00,0652:05:05,1,08
14:48:35,0.1274,216.40,0.50092,13.83302,40.39241,31.20969,45.09871,50.00,0652:05:06,1,08
14:48:36,0.12807,216.40,0.50085,13.90555,40.60419,31.20969,45.09872,50.00,0652:05:07,1,08
14:48:37,0.12761,216.40,0.49896,13.80097,40.29883,31.2097,45.09872,50.00,0652:05:08,1,08
14:48:38,0.12729,216.30,0.50141,13.82964,40.38255,31.2097,45.09873,50.00,0652:05:09,1,08
14:48:39,0.12825,216.40,0.49587,13.7841,40.24957,31.20971,45.09873,50.00,0652:05:11,1,08
14:48:40,0.12404,216.40,0.49511,13.3135,38.87541,31.20971,45.09873,50.00,0652:05:12,1,08
14:48:41,0.12853,216.30,0.49618,13.81615,40.34315,31.20971,45.09874,50.00,0652:05:13,1,08
14:48:42,0.12731,216.20,0.49988,13.7841,40.24957,31.20972,45.09874,50.00,0652:05:14,1,08
14:48:43,0.12135,216.00,0.49396,12.96603,37.8608,31.20972,45.09875,50.00,0652:05:15,1,08
14:48:44,0.12814,216.00,0.50493,13.99832,40.87509,31.20973,45.09875,50.00,0652:05:16,1,08
14:48:45,0.12425,215.90,0.50157,13.4788,39.35809,31.20973,45.09875,50.00,0652:05:17,1,08
14:48:46,0.12702,216.00,0.50282,13.81615,40.34315,31.20973,45.09876,50.00,0652:05:18,1,08
14:48:47,0.12641,216.00,0.50352,13.77229,40.2151,31.20974,45.09876,50.00,0652:05:19,1,08
14:48:48,0.12802,215.90,0.49921,13.81952,40.353,31.20974,45.09877,50.00,0652:05:20,1,08
14:48:49,0.12667,215.90,0.50437,13.81615,40.34315,31.20975,45.09877,50.00,0652:05:21,1,08
14:48:50,0.1278,216.00,0.50476,13.95446,40.74703,31.20975,45.09877,50.00,0652:05:22,1,08
14:48:51,0.12598,216.00,0.50476,13.76048,40.18061,31.20975,45.09878,50.00,0652:05:23,1,08
14:48:52,0.12631,216.00,0.50389,13.77229,40.2151,31.20976,45.09878,50.00,0652:05:24,1,08
14:48:53,0.12818,215.90,0.49884,13.82796,40.37763,31.20976,45.09879,50.00,0652:05:25,1,08
14:48:54,0.12745,215.70,0.50386,13.87518,40.51554,31.20977,45.09879,50.00,0652:05:26,1,08
14:48:55,0.12895,215.60,0.5063,14.09952,41.1706,31.20977,45.09879,50.00,0652:05:27,1,08
14:48:56,0.1278,215.60,0.50251,13.87012,40.50076,31.20977,45.0988,50.00,0652:05:28,1,08
14:48:57,0.1271,215.70,0.50283,13.80603,40.3136,31.20978,45.0988,50.00,0652:05:29,1,08
14:48:58,0.12758,215.70,0.49823,13.7335,40.10181,31.20978,45.09881,50.00,0652:05:30,1,08
14:48:59,0.12758,215.70,0.49823,13.7335,40.10181,31.20978,45.09881,50.00,0652:05:30,1,08
14:49:00,0.12625,215.70,0.50365,13.73856,40.11659,31.20979,45.09881,50.00,0652:05:32,1,08
14:49:01,0.12658,215.80,0.50518,13.82121,40.35793,31.20979,45.09881,50.00,0652:05:33,1,08
14:49:02,0.12733,215.90,0.50539,13.91229,40.62389,31.20979,45.09882,50.00,0652:05:34,1,08
14:49:03,0.12618,215.90,0.50433,13.76386,40.19047,31.2098,45.09882,50.00,0652:05:35,1,08
14:49:04,0.12688,216.10,0.50221,13.79085,40.26928,31.2098,45.09883,50.00,0652:05:36,1,08
14:49:05,0.12604,216.10,0.50606,13.80771,40.31853,31.20981,45.09883,50.00,0652:05:37,1,08
14:49:06,0.1195,216.10,0.50528,13.06892,38.16124,31.20981,45.09883,50.00,0652:05:38,1,08
14:49:07,0.11952,216.10,0.5045,13.04868,38.10214,31.20981,45.09884,50.00,0652:05:39,1,08
14:49:08,0.12602,216.10,0.50513,13.77567,40.22495,31.20982,45.09884,50.00,0652:05:40,1,08
14:49:09,0.12524,216.10,0.50722,13.74868,40.14614,31.20982,45.09885,50.00,0652:05:41,1,08
14:49:10,0.12571,216.00,0.50589,13.75711,40.17076,31.20983,45.09885,50.00,0652:05:42,1,08
14:49:11,0.12524,215.90,0.50934,13.79422,40.27912,31.20983,45.09885,50.00,0652:05:43,1,08
14:49:12,0.12281,215.90,0.50654,13.45181,39.27929,31.20983,45.09886,50.00,0652:05:44,1,08
14:49:13,0.11364,215.90,0.50281,12.35711,36.08277,31.20984,45.09886,50.00,0652:05:45,1,08
14:49:14,0.12425,215.90,0.51055,13.71494,40.04764,31.20984,45.09886,50.00,0652:05:46,1,08
14:49:15,0.1251,215.70,0.5078,13.72675,40.08212,31.20985,45.09887,50.00,0652:05:47,1,08
14:49:16,0.12508,215.70,0.50693,13.69808,39.99838,31.20985,45.09887,50.00,0652:05:48,1,08
14:49:17,0.12586,215.50,0.50317,13.6694,39.91465,31.20985,45.09888,50.00,0652:05:49,1,08
14:49:18,0.12483,215.70,0.50588,13.64579,39.8457,31.20986,45.09888,50.00,0652:05:50,1,08
14:49:19,0.11734,215.60,0.50439,12.7788,37.31409,31.20986,45.09888,50.00,0652:05:51,1,08
14:49:20,0.12571,215.80,0.50714,13.77735,40.22987,31.20987,45.09889,50.00,0652:05:53,1,08
14:49:21,0.12613,215.80,0.50699,13.82121,40.35793,31.20987,45.09889,50.00,0652:05:54,1,08
14:49:22,0.1285,215.80,0.50419,14.00338,40.88987,31.20987,45.0989,50.00,0652:05:55,1,08
14:49:23,0.12692,215.70,0.5088,13.94771,40.72733,31.20988,45.0989,50.00,0652:05:56,1,08
14:49:24,0.12532,215.70,0.50872,13.77229,40.2151,31.20988,45.0989,50.00,0652:05:57,1,08
14:49:25,0.12532,215.70,0.50872,13.77229,40.2151,31.20988,45.0989,50.00,0652:05:57,1,08
14:49:26,0.12566,215.90,0.5085,13.81784,40.34808,31.20989,45.09891,50.00,0652:05:58,1,08
14:49:27,0.12606,216.00,0.50464,13.76217,40.18554,31.20989,45.09891,50.00,0652:05:59,1,08
14:49:28,0.12512,216.00,0.50841,13.7588,40.17569,31.20989,45.09891,50.00,0652:06:00,1,08
14:49:29,0.12476,216.00,0.51062,13.7841,40.24957,31.2099,45.09892,50.00,0652:06:01,1,08
14:49:30,0.12466,215.90,0.50888,13.72169,40.06734,31.2099,45.09892,50.00,0652:06:02,1,08
14:49:31,0.12542,216.00,0.51131,13.87687,40.52047,31.20991,45.09893,50.00,0652:06:03,1,08
14:49:32,0.12656,216.00,0.50308,13.77398,40.22002,31.20991,45.09893,50.00,0652:06:04,1,08
14:49:33,0.12508,215.90,0.50574,13.68121,39.94913,31.20991,45.09893,50.00,0652:06:05,1,08
14:49:34,0.12412,215.90,0.5098,13.68458,39.95898,31.20992,45.09894,50.00,0652:06:06,1,08
14:49:35,0.12477,215.80,0.5092,13.73012,40.09196,31.20992,45.09894,50.00,0652:06:07,1,08
14:49:36,0.12459,215.60,0.51022,13.72844,40.08704,31.20993,45.09895,50.00,0652:06:08,1,08
14:49:37,0.12645,215.50,0.50457,13.77567,40.22495,31.20993,45.09895,50.00,0652:06:09,1,08
14:49:38,0.12535,215.60,0.50735,13.7335,40.10181,31.20993,45.09895,50.00,0652:06:10,1,08
14:49:39,0.11432,215.60,0.50499,12.46338,36.39306,31.20994,45.09896,50.00,0652:06:11,1,08
14:49:40,0.10609,215.50,0.5014,11.48,33.52161,31.20994,45.09896,50.00,0652:06:13,1,08
14:49:41,0.11872,215.60,0.505,12.9441,37.79677,31.20994,45.09896,50.00,0652:06:14,1,08
14:49:42,0.12751,215.70,0.50429,13.88868,40.55494,31.20995,45.09897,50.00,0652:06:15,1,08
14:49:43,0.12481,215.80,0.51032,13.76554,40.19539,31.20995,45.09897,50.00,0652:06:16,1,08
14:49:44,0.12542,215.80,0.50989,13.82121,40.35793,31.20996,45.09898,50.00,0652:06:17,1,08
14:49:45,0.12459,215.70,0.51002,13.73181,40.09689,31.20996,45.09898,50.00,0652:06:18,1,08
14:49:46,0.12593,215.80,0.50446,13.73181,40.09689,31.20996,45.09898,50.00,0652:06:19,1,08
14:49:47,0.12505,215.60,0.50781,13.71494,40.04764,31.20997,45.09899,50.00,0652:06:20,1,08
14:49:48,0.12215,215.70,0.50735,13.39109,39.10197,31.20997,45.09899,50.00,0652:06:21,1,08
14:49:50,0.12211,215.50,0.50563,13.32699,38.91482,31.20998,45.09899,50.00,0652:06:22,1,08
14:49:51,0.12211,215.50,0.50563,13.32699,38.91482,31.20998,45.09899,50.00,0652:06:22,1,08
14:49:52,0.12524,215.70,0.50779,13.73856,40.11659,31.20998,45.099,50.00,0652:06:23,1,08
14:49:53,0.11879,215.70,0.50046,12.84121,37.49633,31.20998,45.099,50.00,0652:06:24,1,08
14:49:54,0.12595,215.70,0.50589,13.76554,40.19539,31.20999,45.09901,50.00,0652:06:25,1,08
14:49:55,0.12492,215.60,0.50863,13.72169,40.06734,31.20999,45.09901,50.00,0652:06:26,1,08
14:49:56,0.11336,215.40,0.50455,12.34193,36.03843,31.21,45.09901,50.00,0652:06:27,1,08
14:49:57,0.12241,215.40,0.50351,13.29494,38.82123,31.21,45.09902,50.00,0652:06:28,1,08
14:49:58,0.12581,215.20,0.5056,13.71326,40.04271,31.21,45.09902,50.00,0652:06:29,1,08
14:49:59,0.11937,215.20,0.50596,13.02,38.01841,31.21001,45.09902,50.00,0652:06:30,1,08
14:50:00,0.11609,215.30,0.50431,12.62362,36.86096,31.21001,45.09903,50.00,0652:06:31,1,08
14:50:01,0.12541,215.20,0.50842,13.74193,40.12644,31.21001,45.09903,50.00,0652:06:32,1,08
14:50:02,0.123,215.10,0.50605,13.41133,39.16108,31.21002,45.09904,50.00,0652:06:34,1,08
14:50:03,0.12179,215.20,0.50835,13.34217,38.95914,31.21002,45.09904,50.00,0652:06:35,1,08
14:50:04,0.12539,215.20,0.51148,13.82458,40.36778,31.21003,45.09904,50.00,0652:06:36,1,08
14:50:05,0.12526,215.20,0.51093,13.79422,40.27912,31.21003,45.09905,50.00,0652:06:37,1,08
14:50:06,0.12522,215.20,0.51,13.76554,40.19539,31.21003,45.09905,50.00,0652:06:38,1,08
14:50:07,0.12557,215.20,0.5048,13.66603,39.9048,31.21004,45.09906,50.00,0652:06:39,1,08
14:50:08,0.12551,215.30,0.5101,13.80434,40.30867,31.21004,45.09906,50.00,0652:06:40,1,08
14:50:09,0.12548,215.20,0.50892,13.76723,40.20032,31.21005,45.09906,50.00,0652:06:41,1,08
14:50:10,0.123,215.10,0.50535,13.39446,39.11182,31.21005,45.09907,50.00,0652:06:42,1,08
14:50:11,0.11735,215.30,0.49927,12.63205,36.88559,31.21005,45.09907,50.00,0652:06:43,1,08
14:50:12,0.12722,215.30,0.50855,13.95109,40.73717,31.21006,45.09907,50.00,0652:06:44,1,08
14:50:13,0.12557,215.40,0.51065,13.83133,40.38748,31.21006,45.09908,50.00,0652:06:45,1,08
14:50:14,0.12573,215.50,0.50951,13.82458,40.36778,31.21007,45.09908,50.00,0652:06:46,1,08
14:50:15,0.12561,215.40,0.50871,13.78747,40.25942,31.21007,45.09909,50.00,0652:06:47,1,08
14:50:16,0.12589,215.40,0.50373,13.68121,39.94913,31.21007,45.09909,50.00,0652:06:48,1,08
14:50:17,0.12589,215.40,0.50373,13.68121,39.94913,31.21007,45.09909,50.00,0652:06:48,1,08
14:50:18,0.10759,215.40,0.50131,11.63687,33.97966,31.21008,45.09909,50.00,0652:06:49,1,08
14:50:19,0.12505,215.30,0.50863,13.71663,40.05256,31.21008,45.0991,50.00,0652:06:50,1,08
14:50:20,0.12464,215.30,0.50954,13.69808,39.99838,31.21009,45.0991,50.00,0652:06:51,1,08
14:50:21,0.12492,215.30,0.5109,13.76217,40.18554,31.21009,45.0991,50.00,0652:06:52,1,08
14:50:22,0.1267,215.20,0.50624,13.82458,40.36778,31.21009,45.09911,50.00,0652:06:54,1,08
14:50:23,0.12546,215.20,0.50911,13.76723,40.20032,31.2101,45.09911,50.00,0652:06:55,1,08
14:50:24,0.11809,215.20,0.50411,12.8294,37.46185,31.2101,45.09912,50.00,0652:06:56,1,08
14:50:25,0.12586,215.10,0.50896,13.80097,40.29883,31.21011,45.09912,50.00,0652:06:57,1,08
14:50:26,0.12602,215.10,0.5082,13.79591,40.28405,31.21011,45.09912,50.00,0652:06:58,1,08
14:50:27,0.12654,215.00,0.50483,13.75711,40.17076,31.21011,45.09913,50.00,0652:06:59,1,08
14:50:28,0.12593,214.90,0.50871,13.78747,40.25942,31.21012,45.09913,50.00,0652:07:00,1,08
14:50:29,0.12629,214.70,0.51011,13.79253,40.2742,31.21012,45.09914,50.00,0652:07:01,1,08
14:50:30,0.12606,214.60,0.50635,13.72169,40.06734,31.21013,45.09914,50.00,0652:07:02,1,08
14:50:31,0.1272,214.70,0.50481,13.81109,40.32838,31.21013,45.09914,50.00,0652:07:03,1,08
14:50:32,0.12618,214.90,0.5072,13.77735,40.22987,31.21013,45.09915,50.00,0652:07:04,1,08
14:50:33,0.1271,215.00,0.50918,13.93591,40.69285,31.21014,45.09915,50.00,0652:07:05,1,08
14:50:34,0.12578,215.00,0.51071,13.83302,40.39241,31.21014,45.09916,50.00,0652:07:06,1,08
14:50:35,0.12582,215.00,0.50853,13.77904,40.23479,31.21015,45.09916,50.00,0652:07:07,1,08
14:50:36,0.12647,215.00,0.50557,13.76723,40.20032,31.21015,45.09916,50.00,0652:07:08,1,08
14:50:37,0.12557,215.00,0.51029,13.79591,40.28405,31.21015,45.09917,50.00,0652:07:09,1,08
14:50:38,0.12515,214.90,0.51027,13.7453,40.13629,31.21016,45.09917,50.00,0652:07:10,1,08
14:50:39,0.12541,214.90,0.51125,13.80097,40.29883,31.21016,45.09917,50.00,0652:07:11,1,08
14:50:40,0.1257,214.80,0.50886,13.76217,40.18554,31.21017,45.09918,50.00,0652:07:12,1,08
14:50:41,0.12597,214.70,0.50554,13.69639,39.99345,31.21017,45.09918,50.00,0652:07:13,1,08
14:50:42,0.12597,214.70,0.50554,13.69639,39.99345,31.21017,45.09918,50.00,0652:07:13,1,08
14:50:43,0.12335,214.70,0.5089,13.50073,39.42212,31.21017,45.09919,50.00,0652:07:15,1,08
14:50:44,0.12337,214.70,0.5082,13.48048,39.36301,31.21018,45.09919,50.00,0652:07:16,1,08
14:50:45,0.12584,214.60,0.50811,13.74193,40.12644,31.21018,45.09919,50.00,0652:07:17,1,08
14:50:46,0.127,214.70,0.50469,13.78073,40.23972,31.21019,45.0992,50.00,0652:07:18,1,08
14:50:47,0.12674,214.70,0.50489,13.76048,40.18061,31.21019,45.0992,50.00,0652:07:19,1,08
14:50:48,0.12591,214.90,0.50598,13.71157,40.03778,31.21019,45.09921,50.00,0652:07:20,1,08
14:50:49,0.12627,214.90,0.50652,13.76386,40.19047,31.2102,45.09921,50.00,0652:07:21,1,08
14:50:50,0.127,214.80,0.50574,13.81784,40.34808,31.2102,45.09921,50.00,0652:07:22,1,08
14:50:51,0.12708,214.80,0.50389,13.77398,40.22002,31.21021,45.09922,50.00,0652:07:23,1,08
14:50:52,0.12591,214.60,0.50679,13.71494,40.04764,31.21021,45.09922,50.00,0652:07:24,1,08
14:50:53,0.12685,214.60,0.50489,13.76554,40.19539,31.21021,45.09922,50.00,0652:07:25,1,08
14:50:54,0.1272,214.60,0.50623,13.83976,40.41211,31.21022,45.09923,50.00,0652:07:26,1,08
14:50:55,0.12797,214.60,0.50141,13.79085,40.26928,31.21022,45.09923,50.00,0652:07:27,1,08
14:50:56,0.12699,214.70,0.50296,13.73518,40.10674,31.21023,45.09924,50.00,0652:07:28,1,08
14:50:57,0.12704,214.80,0.505,13.80603,40.3136,31.21023,45.09924,50.00,0652:07:29,1,08
14:50:58,0.12638,214.90,0.5049,13.7335,40.10181,31.21023,45.09924,50.00,0652:07:30,1,08
14:50:59,0.12627,214.90,0.50589,13.75205,40.15599,31.21024,45.09925,50.00,0652:07:31,1,08
14:51:00,0.12693,214.90,0.49994,13.65759,39.88018,31.21024,45.09925,50.00,0652:07:32,1,08
14:51:01,0.12749,214.80,0.50295,13.79253,40.2742,31.21025,45.09926,50.00,0652:07:33,1,08
14:51:02,0.12207,214.70,0.50045,13.13976,38.36811,31.21025,45.09926,50.00,0652:07:35,1,08
14:51:03,0.11434,214.80,0.50048,12.31157,35.94978,31.21025,45.09926,50.00,0652:07:36,1,08
14:51:04,0.123,214.80,0.50605,13.39277,39.1069,31.21026,45.09927,50.00,0652:07:37,1,08
14:51:05,0.12727,214.90,0.50037,13.70482,40.01808,31.21026,45.09927,50.00,0652:07:38,1,08
14:51:06,0.12142,214.80,0.50329,13.1482,38.39273,31.21026,45.09928,50.00,0652:07:39,1,08
14:51:07,0.12617,215.00,0.50559,13.73687,40.11166,31.21027,45.09928,50.00,0652:07:40,1,08
14:51:08,0.12448,215.00,0.5034,13.49567,39.40734,31.21027,45.09928,50.00,0652:07:41,1,08
14:51:09,0.12448,215.00,0.5034,13.49567,39.40734,31.21027,45.09928,50.00,0652:07:41,1,08
14:51:10,0.11466,215.00,0.49911,12.32506,35.98918,31.21028,45.09929,50.00,0652:07:42,1,08
14:51:11,0.12819,214.90,0.49982,13.79253,40.2742,31.21028,45.09929,50.00,0652:07:43,1,08
14:51:12,0.12736,214.90,0.50068,13.72844,40.08704,31.21028,45.09929,50.00,0652:07:44,1,08
14:51:13,0.12734,215.10,0.50178,13.76386,40.19047,31.21029,45.0993,50.00,0652:07:45,1,08
14:51:14,0.12692,215.20,0.50166,13.72338,40.07226,31.21029,45.0993,50.00,0652:07:46,1,08
14:51:15,0.11847,215.20,0.49194,12.56121,36.67873,31.2103,45.09931,50.00,0652:07:47,1,08
14:51:16,0.12715,215.30,0.50092,13.73181,40.09689,31.2103,45.09931,50.00,0652:07:48,1,08
14:51:17,0.12681,215.20,0.5021,13.72338,40.07226,31.2103,45.09931,50.00,0652:07:49,1,08
14:51:18,0.12674,215.00,0.50179,13.69639,39.99345,31.21031,45.09932,50.00,0652:07:50,1,08
14:51:19,0.12765,215.00,0.50129,13.77904,40.23479,31.21031,45.09932,50.00,0652:07:51,1,08
14:51:20,0.12773,215.10,0.49804,13.7082,40.02793,31.21032,45.09933,50.00,0652:07:52,1,08
14:51:21,0.11753,215.10,0.49873,12.62868,36.87574,31.21032,45.09933,50.00,0652:07:53,1,08
14:51:22,0.12679,215.10,0.50408,13.76723,40.20032,31.21032,45.09933,50.00,0652:07:54,1,08
14:51:23,0.12335,215.00,0.50483,13.40964,39.15615,31.21033,45.09934,50.00,0652:07:56,1,08
14:51:24,0.1225,215.00,0.50352,13.28145,38.78183,31.21033,45.09934,50.00,0652:07:57,1,08
14:51:25,0.12811,214.90,0.49982,13.7841,40.24957,31.21034,45.09935,50.00,0652:07:58,1,08
14:51:26,0.12805,215.00,0.49786,13.72675,40.08212,31.21034,45.09935,50.00,0652:07:59,1,08
14:51:27,0.12855,214.90,0.49781,13.77229,40.2151,31.21034,45.09935,50.00,0652:08:00,1,08
14:51:28,0.12759,214.90,0.5027,13.80434,40.30867,31.21035,45.09936,50.00,0652:08:01,1,08
14:51:29,0.1277,215.00,0.50325,13.83807,40.40718,31.21035,45.09936,50.00,0652:08:02,1,08
14:51:30,0.12814,215.00,0.50006,13.79759,40.28897,31.21036,45.09937,50.00,0652:08:03,1,08
14:51:31,0.12727,215.00,0.50425,13.81784,40.34808,31.21036,45.09937,50.00,0652:08:04,1,08
14:51:32,0.12902,215.00,0.50564,14.05229,41.0327,31.21036,45.09937,50.00,0652:08:05,1,08
14:51:33,0.12772,215.10,0.50429,13.87687,40.52047,31.21037,45.09938,50.00,0652:08:06,1,08
14:51:34,0.12699,215.20,0.50111,13.71832,40.05749,31.21037,45.09938,50.00,0652:08:07,1,08
14:51:35,0.12699,215.20,0.50111,13.71832,40.05749,31.21037,45.09938,50.00,0652:08:07,1,08
14:51:36,0.12638,215.20,0.50427,13.73687,40.11166,31.21038,45.09939,50.00,0652:08:08,1,08
14:51:37,0.12641,215.20,0.50569,13.78073,40.23972,31.21038,45.09939,50.00,0652:08:09,1,08
14:51:38,0.12645,215.20,0.5034,13.71832,40.05749,31.21038,45.09939,50.00,0652:08:10,1,08
14:51:39,0.12448,215.30,0.49874,13.38771,39.09213,31.21039,45.0994,50.00,0652:08:11,1,08
14:51:40,0.12733,215.40,0.50104,13.76217,40.18554,31.21039,45.0994,50.00,0652:08:12,1,08
14:51:41,0.12688,215.50,0.5032,13.78073,40.23972,31.2104,45.09941,50.00,0652:08:13,1,08
14:51:42,0.1229,215.50,0.50159,13.30675,38.85571,31.2104,45.09941,50.00,0652:08:14,1,08
14:51:44,0.11927,215.60,0.4981,12.83277,37.4717,31.2104,45.09941,50.00,0652:08:16,1,08
14:51:45,0.12822,215.60,0.49641,13.74699,40.14122,31.21041,45.09942,50.00,0652:08:17,1,08
14:51:46,0.12641,215.60,0.50148,13.69133,39.97868,31.21041,45.09942,50.00,0652:08:18,1,08
14:51:47,0.12652,215.60,0.50426,13.77735,40.22987,31.21042,45.09942,50.00,0652:08:19,1,08
14:51:48,0.12674,215.60,0.50474,13.81615,40.34315,31.21042,45.09943,50.00,0652:08:20,1,08
14:51:49,0.12686,215.70,0.50388,13.8094,40.32345,31.21042,45.09943,50.00,0652:08:21,1,08
14:51:50,0.12734,215.80,0.49982,13.75542,40.16584,31.21043,45.09944,50.00,0652:08:22,1,08
14:51:51,0.12629,215.80,0.50383,13.75205,40.15599,31.21043,45.09944,50.00,0652:08:23,1,08
14:51:52,0.12625,215.80,0.50427,13.7588,40.17569,31.21044,45.09944,50.00,0652:08:24,1,08
14:51:53,0.12638,215.70,0.50408,13.76554,40.19539,31.21044,45.09945,50.00,0652:08:25,1,08
14:51:54,0.12754,215.40,0.50049,13.77398,40.22002,31.21044,45.09945,50.00,0652:08:26,1,08
14:51:55,0.12697,215.40,0.50493,13.83133,40.38748,31.21045,45.09946,50.00,0652:08:27,1,08
14:51:56,0.12713,215.30,0.50301,13.78916,40.26435,31.21045,45.09946,50.00,0652:08:28,1,08
14:51:57,0.12636,215.20,0.50483,13.75037,40.15107,31.21046,45.09946,50.00,0652:08:29,1,08
14:51:58,0.12441,215.20,0.50365,13.50579,39.4369,31.21046,45.09947,50.00,0652:08:30,1,08
14:51:59,0.12727,215.20,0.50203,13.77229,40.2151,31.21046,45.09947,50.00,0652:08:31,1,08
14:52:00,0.12224,215.20,0.50429,13.2882,38.80153,31.21047,45.09948,50.00,0652:08:32,1,08
14:52:01,0.11712,215.20,0.499,12.59494,36.77723,31.21047,45.09948,50.00,0652:08:33,1,08
14:52:02,0.11712,215.20,0.499,12.59494,36.77723,31.21047,45.09948,50.00,0652:08:33,1,08
14:52:03,0.12562,215.20,0.50729,13.7335,40.10181,31.21047,45.09948,50.00,0652:08:34,1,08
14:52:04,0.12631,215.20,0.50682,13.79591,40.28405,31.21048,45.09949,50.00,0652:08:36,1,08
14:52:05,0.1272,215.30,0.50357,13.81109,40.32838,31.21048,45.09949,50.00,0652:08:37,1,08
14:52:06,0.12577,215.30,0.5079,13.77567,40.22495,31.21049,45.0995,50.00,0652:08:38,1,08
14:52:07,0.11906,215.40,0.50453,12.95759,37.83617,31.21049,45.0995,50.00,0652:08:39,1,08
14:52:08,0.1159,215.40,0.50378,12.59663,36.78216,31.21049,45.0995,50.00,0652:08:40,1,08
14:52:09,0.12593,215.40,0.50608,13.75037,40.15107,31.2105,45.09951,50.00,0652:08:41,1,08
14:52:10,0.12668,215.40,0.50395,13.77229,40.2151,31.2105,45.09951,50.00,0652:08:42,1,08
14:52:11,0.12602,215.40,0.50583,13.75542,40.16584,31.21051,45.09951,50.00,0652:08:43,1,08
14:52:12,0.1262,215.40,0.50539,13.75711,40.17076,31.21051,45.09952,50.00,0652:08:44,1,08
14:52:13,0.12485,215.40,0.50658,13.6441,39.84077,31.21051,45.09952,50.00,0652:08:45,1,08
14:52:14,0.11695,215.30,0.49933,12.59326,36.7723,31.21052,45.09953,50.00,0652:08:46,1,08
14:52:15,0.12704,215.30,0.50869,13.79085,40.26928,31.21052,45.09953,50.00,0652:08:47,1,08
14:52:16,0.12625,215.20,0.50762,13.81615,40.34315,31.21053,45.09953,50.00,0652:08:48,1,08
14:52:17,0.12609,215.20,0.50937,13.84651,40.43181,31.21053,45.09954,50.00,0652:08:49,1,08
14:52:18,0.12609,215.20,0.5059,13.75037,40.15107,31.21053,45.09954,50.00,0652:08:50,1,08
14:52:19,0.1183,215.20,0.50251,12.81591,37.42245,31.21054,45.09954,50.00,0652:08:51,1,08
14:52:20,0.12613,215.30,0.5085,13.83133,40.38748,31.21054,45.09955,50.00,0652:08:52,1,08
14:52:21,0.12589,215.30,0.5082,13.79591,40.28405,31.21055,45.09955,50.00,0652:08:53,1,08
14:52:22,0.12586,215.30,0.50758,13.77567,40.22495,31.21055,45.09956,50.00,0652:08:54,1,08
14:52:23,0.12751,215.40,0.5027,13.82796,40.37763,31.21055,45.09956,50.00,0652:08:55,1,08
14:52:24,0.12681,215.30,0.50327,13.76217,40.18554,31.21056,45.09956,50.00,0652:08:57,1,08
14:52:25,0.11988,215.30,0.50411,13.03181,38.05289,31.21056,45.09957,50.00,0652:08:58,1,08
14:52:26,0.12544,215.20,0.51036,13.79759,40.28897,31.21057,45.09957,50.00,0652:08:59,1,08
14:52:27,0.12544,215.20,0.51036,13.79759,40.28897,31.21057,45.09957,50.00,0652:08:59,1,08
14:52:28,0.1251,215.30,0.51057,13.77229,40.2151,31.21057,45.09958,50.00,0652:09:00,1,08
14:52:29,0.12615,215.20,0.50533,13.74193,40.12644,31.21057,45.09958,50.00,0652:09:01,1,08
14:52:30,0.12557,215.20,0.50979,13.79591,40.28405,31.21058,45.09958,50.00,0652:09:02,1,08
14:52:31,0.12494,215.10,0.51028,13.73518,40.10674,31.21058,45.09959,50.00,0652:09:03,1,08
14:52:32,0.1209,215.10,0.50628,13.18699,38.50601,31.21059,45.09959,50.00,0652:09:04,1,08
14:52:33,0.12602,215.20,0.50863,13.81784,40.34808,31.21059,45.0996,50.00,0652:09:05,1,08
14:52:34,0.12353,215.10,0.50469,13.43494,39.23003,31.21059,45.0996,50.00,0652:09:06,1,08
14:52:35,0.12215,215.20,0.50846,13.38603,39.0872,31.2106,45.0996,50.00,0652:09:07,1,08
14:52:36,0.1257,215.30,0.50816,13.78747,40.25942,31.2106,45.09961,50.00,0652:09:08,1,08
14:52:37,0.12562,215.40,0.50815,13.77229,40.2151,31.21061,45.09961,50.00,0652:09:09,1,08
14:52:38,0.1267,215.40,0.50383,13.77398,40.22002,31.21061,45.09961,50.00,0652:09:10,1,08
14:52:39,0.12559,215.50,0.50765,13.76048,40.18061,31.21061,45.09962,50.00,0652:09:11,1,08
14:52:40,0.12463,215.50,0.51191,13.77229,40.2151,31.21062,45.09962,50.00,0652:09:12,1,08
14:52:41,0.12521,215.40,0.5098,13.77398,40.22002,31.21062,45.09963,50.00,0652:09:13,1,08
14:52:42,0.11997,215.40,0.50606,13.09759,38.24497,31.21063,45.09963,50.00,0652:09:14,1,08
14:52:43,0.12185,215.40,0.50674,13.31856,38.89019,31.21063,45.09963,50.00,0652:09:15,1,08
14:52:44,0.12559,215.30,0.50673,13.72338,40.07226,31.21063,45.09964,50.00,0652:09:16,1,08
14:52:45,0.12598,215.20,0.50659,13.75374,40.16092,31.21064,45.09964,50.00,0652:09:18,1,08
14:52:46,0.12506,215.20,0.50939,13.73181,40.09689,31.21064,45.09965,50.00,0652:09:19,1,08
14:52:47,0.1257,215.20,0.5099,13.81446,40.33823,31.21065,45.09965,50.00,0652:09:20,1,08
14:52:48,0.12622,215.30,0.50595,13.77229,40.2151,31.21065,45.09965,50.00,0652:09:21,1,08
14:52:49,0.12566,215.30,0.50909,13.79759,40.28897,31.21065,45.09966,50.00,0652:09:22,1,08
14:52:50,0.12519,215.30,0.51018,13.77398,40.22002,31.21066,45.09966,50.00,0652:09:23,1,08
14:52:51,0.12559,215.20,0.50879,13.77229,40.2151,31.21066,45.09966,50.00,0652:09:24,1,08
14:52:52,0.1195,215.20,0.50537,13.01832,38.01348,31.21066,45.09967,50.00,0652:09:25,1,08
14:52:53,0.1195,215.20,0.50537,13.01832,38.01348,31.21066,45.09967,50.00,0652:09:25,1,08
14:52:54,0.11695,215.30,0.50013,12.6135,36.83141,31.21067,45.09967,50.00,0652:09:26,1,08
14:52:55,0.12554,215.30,0.50797,13.75205,40.15599,31.21067,45.09968,50.00,0652:09:27,1,08
14:52:56,0.12638,215.40,0.50872,13.86844,40.49584,31.21068,45.09968,50.00,0652:09:28,1,08
14:52:57,0.12575,215.30,0.50603,13.72169,40.06734,31.21068,45.09968,50.00,0652:09:29,1,08
14:52:58,0.12589,215.20,0.50578,13.72506,40.07719,31.21068,45.09969,50.00,0652:09:30,1,08
14:52:59,0.12568,215.40,0.50945,13.81615,40.34315,31.21069,45.09969,50.00,0652:09:31,1,08
14:53:00,0.12577,215.60,0.50708,13.77229,40.2151,31.21069,45.0997,50.00,0652:09:32,1,08
14:53:01,0.1267,215.60,0.50505,13.82121,40.35793,31.2107,45.0997,50.00,0652:09:33,1,08
14:53:02,0.12658,215.60,0.50204,13.72,40.06241,31.2107,45.0997,50.00,0652:09:34,1,08
14:53:03,0.12711,215.60,0.50295,13.80434,40.30867,31.2107,45.09971,50.00,0652:09:35,1,08
14:53:04,0.12609,215.60,0.50539,13.76048,40.18061,31.21071,45.09971,50.00,0652:09:36,1,08
14:53:05,0.12611,215.60,0.50719,13.81109,40.32838,31.21071,45.09971,50.00,0652:09:37,1,08
14:53:06,0.12566,215.50,0.50659,13.73856,40.11659,31.21072,45.09972,50.00,0652:09:39,1,08
14:53:07,0.12634,215.40,0.50384,13.73687,40.11166,31.21072,45.09972,50.00,0652:09:40,1,08
14:53:08,0.12718,215.40,0.50363,13.81784,40.34808,31.21072,45.09973,50.00,0652:09:41,1,08
14:53:09,0.12598,214.90,0.50734,13.7588,40.17569,31.21073,45.09973,50.00,0652:09:42,1,08
14:53:10,0.1253,215.00,0.51025,13.76723,40.20032,31.21073,45.09973,50.00,0652:09:43,1,08
14:53:11,0.12532,215.00,0.50656,13.6694,39.91465,31.21074,45.09974,50.00,0652:09:44,1,08
14:53:12,0.12685,215.10,0.50389,13.77061,40.21017,31.21074,45.09974,50.00,0652:09:45,1,08
14:53:13,0.12559,215.20,0.5071,13.72844,40.08704,31.21074,45.09975,50.00,0652:09:46,1,08
14:53:14,0.12577,215.20,0.51039,13.83807,40.40718,31.21075,45.09975,50.00,0652:09:47,1,08
14:53:15,0.12544,215.50,0.50903,13.78073,40.23972,31.21075,45.09975,50.00,0652:09:48,1,08
14:53:16,0.12557,215.50,0.50691,13.73687,40.11166,31.21076,45.09976,50.00,0652:09:49,1,08
14:53:17,0.12692,215.40,0.50277,13.76554,40.19539,31.21076,45.09976,50.00,0652:09:50,1,08
14:53:18,0.12683,215.30,0.50339,13.76554,40.19539,31.21076,45.09977,50.00,0652:09:51,1,08
14:53:19,0.12708,215.30,0.50394,13.8094,40.32345,31.21077,45.09977,50.00,0652:09:52,1,08
14:53:20,0.12708,215.30,0.50394,13.8094,40.32345,31.21077,45.09977,50.00,0652:09:52,1,08
14:53:21,0.12641,215.30,0.50551,13.78073,40.23972,31.21077,45.09977,50.00,0652:09:53,1,08
14:53:22,0.12613,215.30,0.50428,13.71663,40.05256,31.21078,45.09978,50.00,0652:09:54,1,08
14:53:23,0.12521,215.40,0.50918,13.75374,40.16092,31.21078,45.09978,50.00,0652:09:55,1,08
14:53:24,0.12578,215.40,0.50777,13.77735,40.22987,31.21078,45.09979,50.00,0652:09:56,1,08
14:53:25,0.12566,215.40,0.50803,13.77229,40.2151,31.21079,45.09979,50.00,0652:09:57,1,08
14:53:26,0.12643,215.40,0.50359,13.73856,40.11659,31.21079,45.09979,50.00,0652:09:58,1,08
14:53:27,0.12717,215.50,0.50104,13.75374,40.16092,31.2108,45.0998,50.00,0652:10:00,1,08
14:53:28,0.12571,215.50,0.50659,13.7453,40.13629,31.2108,45.0998,50.00,0652:10:01,1,08
14:53:29,0.12528,215.60,0.50748,13.72844,40.08704,31.2108,45.0998,50.00,0652:10:02,1,08
14:53:30,0.12562,215.50,0.50796,13.77567,40.22495,31.21081,45.09981,50.00,0652:10:03,1,08
14:53:31,0.1255,215.60,0.50679,13.73181,40.09689,31.21081,45.09981,50.00,0652:10:04,1,08
14:53:32,0.12651,215.60,0.50358,13.75542,40.16584,31.21082,45.09982,50.00,0652:10:05,1,08
14:53:33,0.12736,215.50,0.50939,14.00506,40.89479,31.21082,45.09982,50.00,0652:10:06,1,08
14:53:34,0.12568,215.60,0.50907,13.81446,40.33823,31.21082,45.09982,50.00,0652:10:07,1,08
14:53:35,0.12544,215.60,0.50847,13.77229,40.2151,31.21083,45.09983,50.00,0652:10:08,1,08
14:53:36,0.12609,215.50,0.50651,13.78579,40.25449,31.21083,45.09983,50.00,0652:10:09,1,08
14:53:37,0.12676,215.40,0.50555,13.82458,40.36778,31.21084,45.09984,50.00,0652:10:10,1,08
14:53:38,0.12615,215.40,0.50756,13.81277,40.3333,31.21084,45.09984,50.00,0652:10:11,1,08
14:53:39,0.12586,215.30,0.50708,13.76386,40.19047,31.21084,45.09984,50.00,0652:10:12,1,08
14:53:40,0.12624,215.20,0.51017,13.88193,40.53524,31.21085,45.09985,50.00,0652:10:13,1,08
14:53:41,0.12734,215.20,0.50436,13.84314,40.42196,31.21085,45.09985,50.00,0652:10:14,1,08
14:53:42,0.12677,215.20,0.50772,13.87181,40.50569,31.21086,45.09986,50.00,0652:10:15,1,08
14:53:44,0.12589,215.20,0.5069,13.75205,40.15599,31.21086,45.09986,50.00,0652:10:16,1,08
14:53:45,0.12702,215.00,0.50629,13.85157,40.44659,31.21087,45.09986,50.00,0652:10:17,1,08
14:53:46,0.12581,215.10,0.50485,13.68458,39.95898,31.21087,45.09987,50.00,0652:10:18,1,08
14:53:47,0.12581,215.10,0.50485,13.68458,39.95898,31.21087,45.09987,50.00,0652:10:18,1,08
14:53:48,0.11931,215.20,0.50275,12.93061,37.75737,31.21087,45.09987,50.00,0652:10:20,1,08
14:53:49,0.12555,215.20,0.50947,13.78747,40.25942,31.21088,45.09987,50.00,0652:10:21,1,08
14:53:50,0.12546,215.20,0.50873,13.75542,40.16584,31.21088,45.09988,50.00,0652:10:22,1,08
14:53:51,0.11845,215.20,0.50522,12.89856,37.66379,31.21088,45.09988,50.00,0652:10:23,1,08
14:53:52,0.11607,215.10,0.50081,12.52241,36.56544,31.21089,45.09989,50.00,0652:10:24,1,08
14:53:53,0.12611,215.10,0.50633,13.76048,40.18061,31.21089,45.09989,50.00,0652:10:25,1,08
14:53:54,0.12604,215.20,0.5082,13.80603,40.3136,31.2109,45.09989,50.00,0652:10:26,1,08
14:53:55,0.12677,215.20,0.50729,13.85832,40.46629,31.2109,45.0999,50.00,0652:10:27,1,08
14:53:56,0.12618,215.20,0.50856,13.8347,40.39733,31.2109,45.0999,50.00,0652:10:28,1,08
14:53:57,0.12677,215.30,0.50407,13.77735,40.22987,31.21091,45.09991,50.00,0652:10:29,1,08
14:53:58,0.12692,215.30,0.50456,13.81109,40.32838,31.21091,45.09991,50.00,0652:10:30,1,08
14:53:59,0.12627,215.20,0.50527,13.75374,40.16092,31.21092,45.09991,50.00,0652:10:31,1,08
14:54:00,0.1264,215.20,0.50495,13.76048,40.18061,31.21092,45.09992,50.00,0652:10:32,1,08
14:54:01,0.12479,215.30,0.50401,13.55976,39.59451,31.21092,45.09992,50.00,0652:10:33,1,08
14:54:02,0.1271,215.20,0.50154,13.73856,40.11659,31.21093,45.09992,50.00,0652:10:34,1,08
14:54:03,0.1125,215.00,0.50028,12.12097,35.39322,31.21093,45.09993,50.00,0652:10:35,1,08
14:54:04,0.12641,215.10,0.50706,13.80771,40.31853,31.21094,45.09993,50.00,0652:10:36,1,08
14:54:05,0.12652,214.90,0.51028,13.89711,40.57957,31.21094,45.09994,50.00,0652:10:37,1,08
14:54:06,0.12537,215.10,0.50375,13.61036,39.74226,31.21094,45.09994,50.00,0652:10:38,1,08
14:54:07,0.12591,215.40,0.50727,13.77735,40.22987,31.21095,45.09994,50.00,0652:10:39,1,08
14:54:08,0.12443,215.40,0.50597,13.58506,39.66838,31.21095,45.09995,50.00,0652:10:41,1,08
14:54:09,0.11603,215.50,0.50175,12.56627,36.6935,31.21096,45.09995,50.00,0652:10:42,1,08
14:54:10,0.12559,215.50,0.50734,13.75374,40.16092,31.21096,45.09996,50.00,0652:10:43,1,08
14:54:11,0.1269,215.40,0.50382,13.79591,40.28405,31.21096,45.09996,50.00,0652:10:44,1,08
14:54:12,0.1269,215.40,0.50382,13.79591,40.28405,31.21096,45.09996,50.00,0652:10:44,1,08
14:54:13,0.12591,215.50,0.50701,13.77735,40.22987,31.21097,45.09996,50.00,0652:10:45,1,08
14:54:14,0.12588,215.30,0.50609,13.73687,40.11166,31.21097,45.09997,50.00,0652:10:46,1,08
14:54:15,0.12514,215.20,0.50469,13.61374,39.75212,31.21098,45.09997,50.00,0652:10:47,1,08
14:54:16,0.11619,215.20,0.50148,12.56121,36.67873,31.21098,45.09997,50.00,0652:10:48,1,08
14:54:17,0.12734,215.10,0.50406,13.82964,40.38255,31.21098,45.09998,50.00,0652:10:49,1,08
14:54:18,0.12575,215.10,0.50865,13.77904,40.23479,31.21099,45.09998,50.00,0652:10:50,1,08
14:54:19,0.12588,215.10,0.50709,13.75037,40.15107,31.21099,45.09999,50.00,0652:10:51,1,08
14:54:20,0.12593,215.20,0.50845,13.79928,40.2939,31.211,45.09999,50.00,0652:10:52,1,08
14:54:21,0.12597,215.20,0.50677,13.76048,40.18061,31.211,45.09999,50.00,0652:10:53,1,08
14:54:22,0.11803,215.20,0.49867,12.68434,37.03828,31.211,45.1,50.00,0652:10:54,1,08
14:54:23,0.12617,215.10,0.50819,13.81109,40.32838,31.21101,45.1,50.00,0652:10:55,1,08
14:54:24,0.12584,215.00,0.50523,13.69302,39.98361,31.21101,45.10001,50.00,0652:10:56,1,08
14:54:25,0.12641,215.10,0.50458,13.74024,40.12151,31.21101,45.10001,50.00,0652:10:57,1,08
14:54:26,0.12752,215.00,0.50227,13.79422,40.27912,31.21102,45.10001,50.00,0652:10:58,1,08
14:54:27,0.11942,215.10,0.50157,12.90362,37.67857,31.21102,45.10002,50.00,0652:10:59,1,08
14:54:28,0.12665,215.20,0.50593,13.81109,40.32838,31.21103,45.10002,50.00,0652:11:01,1,08
14:54:29,0.1267,215.30,0.50525,13.80265,40.30375,31.21103,45.10003,50.00,0652:11:02,1,08
14:54:30,0.12632,215.30,0.50532,13.76554,40.19539,31.21103,45.10003,50.00,0652:11:03,1,08
14:54:31,0.12788,215.30,0.50049,13.80097,40.29883,31.21104,45.10003,50.00,0652:11:04,1,08
14:54:32,0.12741,215.30,0.50338,13.83302,40.39241,31.21104,45.10004,50.00,0652:11:05,1,08
14:54:33,0.12179,215.20,0.50186,13.17518,38.47154,31.21105,45.10004,50.00,0652:11:06,1,08
14:54:34,0.12685,215.20,0.50524,13.81109,40.32838,31.21105,45.10004,50.00,0652:11:07,1,08
14:54:35,0.12681,215.10,0.50377,13.76554,40.19539,31.21105,45.10005,50.00,0652:11:08,1,08
14:54:36,0.12022,215.20,0.49785,12.89856,37.66379,31.21106,45.10005,50.00,0652:11:09,1,08
14:54:37,0.12037,215.10,0.5026,13.03518,38.06274,31.21106,45.10006,50.00,0652:11:10,1,08
14:54:38,0.12641,215.20,0.50594,13.78579,40.25449,31.21107,45.10006,50.00,0652:11:11,1,08
14:54:39,0.12641,215.20,0.50594,13.78579,40.25449,31.21107,45.10006,50.00,0652:11:11,1,08
14:54:40,0.12476,215.10,0.50339,13.52771,39.50093,31.21107,45.10006,50.00,0652:11:12,1,08
14:54:41,0.12744,215.00,0.50313,13.80771,40.31853,31.21107,45.10007,50.00,0652:11:13,1,08
14:54:42,0.12702,215.40,0.50302,13.78747,40.25942,31.21108,45.10007,50.00,0652:11:14,1,08
14:54:43,0.12309,215.70,0.50406,13.40627,39.14631,31.21108,45.10008,50.00,0652:11:15,1,08
14:54:44,0.12047,215.90,0.5033,13.11109,38.28438,31.21109,45.10008,50.00,0652:11:16,1,08
14:54:45,0.12541,215.60,0.50181,13.59181,39.68809,31.21109,45.10008,50.00,0652:11:17,1,08
14:54:46,0.12688,215.70,0.50228,13.76723,40.20032,31.21109,45.10009,50.00,0652:11:18,1,08
14:54:47,0.12654,215.70,0.50364,13.76723,40.20032,31.2111,45.10009,50.00,0652:11:19,1,08
14:54:48,0.12604,215.80,0.50471,13.74868,40.14614,31.2111,45.1001,50.00,0652:11:20,1,08
14:54:49,0.12018,215.80,0.50097,13.01494,38.00364,31.21111,45.1001,50.00,0652:11:22,1,08
14:54:50,0.1267,215.80,0.50099,13.72338,40.07226,31.21111,45.1001,50.00,0652:11:23,1,08
14:54:51,0.12615,215.90,0.50421,13.75205,40.15599,31.21111,45.10011,50.00,0652:11:24,1,08
14:54:52,0.12589,215.90,0.50589,13.77061,40.21017,31.21112,45.10011,50.00,0652:11:25,1,08
14:54:53,0.12566,215.80,0.50646,13.7588,40.17569,31.21112,45.10011,50.00,0652:11:26,1,08
14:54:54,0.12643,215.80,0.50488,13.79928,40.2939,31.21113,45.10012,50.00,0652:11:27,1,08
14:54:55,0.12729,215.70,0.50239,13.81446,40.33823,31.21113,45.10012,50.00,0652:11:28,1,08
14:54:56,0.12685,215.60,0.50579,13.85157,40.44659,31.21113,45.10013,50.00,0652:11:29,1,08
14:54:57,0.12618,215.60,0.50625,13.79591,40.28405,31.21114,45.10013,50.00,0652:11:30,1,08
14:54:58,0.12566,215.70,0.5059,13.7335,40.10181,31.21114,45.10013,50.00,0652:11:31,1,08
14:54:59,0.12528,215.60,0.50561,13.67952,39.9442,31.21115,45.10014,50.00,0652:11:32,1,08
14:55:00,0.12717,215.50,0.4976,13.65928,39.8851,31.21115,45.10014,50.00,0652:11:33,1,08
14:55:01,0.12645,215.50,0.50377,13.75205,40.15599,31.21115,45.10015,50.00,0652:11:34,1,08
14:55:02,0.12649,215.40,0.50569,13.80097,40.29883,31.21116,45.10015,50.00,0652:11:35,1,08
14:55:03,0.12364,215.40,0.50639,13.50747,39.44182,31.21116,45.10015,50.00,0652:11:36,1,08
14:55:04,0.12248,215.50,0.50549,13.3641,39.02317,31.21117,45.10016,50.00,0652:11:37,1,08
14:55:05,0.12248,215.50,0.50549,13.3641,39.02317,31.21117,45.10016,50.00,0652:11:37,1,08
14:55:06,0.12059,215.50,0.50065,13.0335,38.05781,31.21117,45.10016,50.00,0652:11:38,1,08
14:55:07,0.11298,215.50,0.49855,12.15807,35.50158,31.21117,45.10017,50.00,0652:11:39,1,08
14:55:08,0.12591,215.40,0.50646,13.76048,40.18061,31.21118,45.10017,50.00,0652:11:40,1,08
14:55:09,0.12371,215.50,0.50625,13.51591,39.46645,31.21118,45.10017,50.00,0652:11:42,1,08
14:55:10,0.12042,215.60,0.50233,13.06386,38.14647,31.21118,45.10018,50.00,0652:11:43,1,08
14:55:11,0.12539,215.40,0.50661,13.70313,40.01315,31.21119,45.10018,50.00,0652:11:44,1,08
14:55:12,0.12468,215.30,0.50715,13.63567,39.81615,31.21119,45.10018,50.00,0652:11:45,1,08
14:55:13,0.11611,215.20,0.50249,12.57808,36.72798,31.2112,45.10019,50.00,0652:11:46,1,08
14:55:14,0.12586,215.20,0.50715,13.76048,40.18061,31.2112,45.10019,50.00,0652:11:47,1,08
14:55:15,0.1272,215.40,0.50289,13.79928,40.2939,31.2112,45.1002,50.00,0652:11:48,1,08
14:55:16,0.12643,215.60,0.50562,13.80265,40.30375,31.21121,45.1002,50.00,0652:11:49,1,08
14:55:17,0.12676,215.60,0.50721,13.88531,40.54509,31.21121,45.1002,50.00,0652:11:50,1,08
14:55:18,0.12597,215.60,0.50558,13.75374,40.16092,31.21122,45.10021,50.00,0652:11:51,1,08
14:55:19,0.11687,215.70,0.50107,12.65229,36.94469,31.21122,45.10021,50.00,0652:11:52,1,08
14:55:20,0.12704,215.70,0.50381,13.82964,40.38255,31.21122,45.10022,50.00,0652:11:53,1,08
14:55:21,0.12562,215.60,0.50789,13.78073,40.23972,31.21123,45.10022,50.00,0652:11:54,1,08
14:55:22,0.12528,215.50,0.50836,13.74868,40.14614,31.21123,45.10022,50.00,0652:11:55,1,08
14:55:23,0.12591,215.50,0.50689,13.77229,40.2151,31.21124,45.10023,50.00,0652:11:56,1,08
14:55:24,0.12548,215.60,0.50579,13.70313,40.01315,31.21124,45.10023,50.00,0652:11:57,1,08
14:55:25,0.11795,215.60,0.49881,12.70795,37.10723,31.21124,45.10023,50.00,0652:11:58,1,08
14:55:26,0.12512,215.80,0.50674,13.70313,40.01315,31.21125,45.10024,50.00,0652:11:59,1,08
14:55:27,0.12512,215.90,0.50704,13.72,40.06241,31.21125,45.10024,50.00,0652:12:00,1,08
14:55:28,0.12597,216.00,0.5052,13.76892,40.20524,31.21126,45.10025,50.00,0652:12:01,1,08
14:55:29,0.12542,216.00,0.50584,13.72675,40.08212,31.21126,45.10025,50.00,0652:12:03,1,08
14:55:30,0.11903,216.00,0.50334,12.96265,37.85095,31.21126,45.10025,50.00,0652:12:04,1,08
14:55:31,0.11903,216.00,0.50334,12.96265,37.85095,31.21126,45.10025,50.00,0652:12:04,1,08
14:55:32,0.12497,216.00,0.50861,13.75374,40.16092,31.21127,45.10026,50.00,0652:12:05,1,08
14:55:33,0.12485,216.10,0.50805,13.72844,40.08704,31.21127,45.10026,50.00,0652:12:06,1,08
14:55:34,0.12548,216.00,0.50584,13.7335,40.10181,31.21128,45.10027,50.00,0652:12:07,1,08
14:55:36,0.12607,216.10,0.50723,13.84314,40.42196,31.21128,45.10027,50.00,0652:12:08,1,08
14:55:37,0.11883,216.00,0.50407,12.96265,37.85095,31.21128,45.10027,50.00,0652:12:09,1,08
14:55:38,0.11503,216.10,0.50203,12.4988,36.49649,31.21129,45.10028,50.00,0652:12:10,1,08
14:55:39,0.12526,216.10,0.50772,13.76217,40.18554,31.21129,45.10028,50.00,0652:12:11,1,08
14:55:40,0.12624,216.00,0.50494,13.78747,40.25942,31.2113,45.10028,50.00,0652:12:12,1,08
14:55:41,0.12555,216.00,0.50702,13.77061,40.21017,31.2113,45.10029,50.00,0652:12:13,1,08
14:55:42,0.12479,216.10,0.50849,13.73687,40.11166,31.2113,45.10029,50.00,0652:12:14,1,08
14:55:43,0.12598,216.00,0.5091,13.87687,40.52047,31.21131,45.1003,50.00,0652:12:15,1,08
14:55:44,0.12241,216.10,0.5107,13.5294,39.50585,31.21131,45.1003,50.00,0652:12:16,1,08
14:55:45,0.12573,216.10,0.50583,13.76386,40.19047,31.21132,45.1003,50.00,0652:12:17,1,08
14:55:46,0.12497,216.10,0.50848,13.75542,40.16584,31.21132,45.10031,50.00,0652:12:18,1,08
14:55:47,0.12444,216.00,0.51115,13.76048,40.18061,31.21132,45.10031,50.00,0652:12:19,1,08
14:55:48,0.12515,216.00,0.50947,13.79422,40.27912,31.21133,45.10032,50.00,0652:12:20,1,08
14:55:49,0.126,215.90,0.50607,13.79085,40.26928,31.21133,45.10032,50.00,0652:12:21,1,08
14:55:50,0.12595,216.00,0.50669,13.80603,40.3136,31.21134,45.10032,50.00,0652:12:23,1,08
14:55:51,0.12573,215.90,0.50602,13.75711,40.17076,31.21134,45.10033,50.00,0652:12:24,1,08
14:55:52,0.1249,215.80,0.51006,13.77229,40.2151,31.21134,45.10033,50.00,0652:12:25,1,08
14:55:53,0.12457,215.70,0.51191,13.77735,40.22987,31.21135,45.10033,50.00,0652:12:26,1,08
14:55:54,0.1237,215.60,0.50518,13.49567,39.40734,31.21135,45.10034,50.00,0652:12:27,1,08
14:55:55,0.11434,215.70,0.5071,12.5241,36.57037,31.21135,45.10034,50.00,0652:12:28,1,08
14:55:56,0.12437,215.70,0.51218,13.76217,40.18554,31.21136,45.10035,50.00,0652:12:29,1,08
14:55:57,0.12548,215.60,0.50716,13.74193,40.12644,31.21136,45.10035,50.00,0652:12:30,1,08
14:55:58,0.12575,215.60,0.50716,13.27301,40.12644,31.21136,45.10035,50.00,0652:12:30,1,08
14:55:59,0.12196,215.50,0.50416,13.27301,38.7572,31.21137,45.10035,50.00,0652:12:31,1,08
14:56:00,0.1158,215.40,0.50007,12.49374,36.48171,31.21137,45.10036,50.00,0652:12:32,1,08
14:56:01,0.12425,215.80,0.51187,13.74699,40.14122,31.21137,45.10036,50.00,0652:12:33,1,08
14:56:02,0.12413,215.80,0.51182,13.7335,40.10181,31.21138,45.10036,50.00,0652:12:34,1,08
14:56:03,0.12399,215.90,0.50931,13.65591,39.87524,31.21138,45.10037,50.00,0652:12:35,1,08
14:56:04,0.12519,216.00,0.51202,13.87012,40.50076,31.21139,45.10037,50.00,0652:12:36,1,08
14:56:05,0.12541,216.10,0.50696,13.76217,40.18554,31.21139,45.10038,50.00,0652:12:37,1,08
14:56:06,0.12422,216.30,0.5116,13.76723,40.20032,31.21139,45.10038,50.00,0652:12:38,1,08
14:56:07,0.12386,216.40,0.51162,13.7335,40.10181,31.2114,45.10038,50.00,0652:12:39,1,08
14:56:08,0.12335,216.50,0.5123,13.70482,40.01808,31.2114,45.10039,50.00,0652:12:40,1,08
14:56:09,0.11757,216.60,0.51131,13.04193,38.08244,31.21141,45.10039,50.00,0652:12:41,1,08
14:56:10,0.12492,216.50,0.50803,13.76217,40.18554,31.21141,45.1004,50.00,0652:12:42,1,08
14:56:11,0.11406,216.40,0.50805,12.55783,36.66888,31.21141,45.1004,50.00,0652:12:43,1,08
14:56:12,0.12325,216.00,0.51177,13.6441,39.84077,31.21142,45.1004,50.00,0652:12:45,1,08
14:56:13,0.12388,215.50,0.51129,13.67109,39.91957,31.21142,45.10041,50.00,0652:12:46,1,08
14:56:14,0.12501,215.60,0.50975,13.76217,40.18554,31.21143,45.10041,50.00,0652:12:47,1,08
14:56:15,0.12448,215.70,0.51379,13.82121,40.35793,31.21143,45.10041,50.00,0652:12:48,1,08
14:56:16,0.12413,215.90,0.51263,13.76386,40.19047,31.21143,45.10042,50.00,0652:12:49,1,08
14:56:17,0.12468,216.00,0.51382,13.86,40.47121,31.21144,45.10042,50.00,0652:12:50,1,08
14:56:18,0.12464,215.90,0.51289,13.82627,40.3727,31.21144,45.10043,50.00,0652:12:51,1,08
14:56:19,0.12514,216.00,0.50835,13.7588,40.17569,31.21145,45.10043,50.00,0652:12:52,1,08
14:56:20,0.1239,216.00,0.51378,13.77061,40.21017,31.21145,45.10043,50.00,0652:12:53,1,08
14:56:21,0.12388,215.90,0.51404,13.77229,40.2151,31.21145,45.10044,50.00,0652:12:54,1,08
14:56:22,0.12401,216.00,0.51326,13.77229,40.2151,31.21146,45.10044,50.00,0652:12:55,1,08
14:56:23,0.12461,216.10,0.51101,13.78241,40.24464,31.21146,45.10044,50.00,0652:12:56,1,08
14:56:24,0.12468,216.10,0.50775,13.69976,40.00331,31.21147,45.10045,50.00,0652:12:57,1,08
14:56:25,0.12468,216.10,0.50775,13.69976,40.00331,31.21147,45.10045,50.00,0652:12:57,1,08
14:56:26,0.12373,216.00,0.5104,13.66265,39.89495,31.21147,45.10045,50.00,0652:12:58,1,08
14:56:27,0.11889,216.00,0.51233,13.17518,38.47154,31.21147,45.10046,50.00,0652:12:59,1,08
14:56:28,0.12224,216.00,0.51257,13.5547,39.57973,31.21148,45.10046,50.00,0652:13:00,1,08
14:56:29,0.12466,216.00,0.51101,13.78073,40.23972,31.21148,45.10046,50.00,0652:13:01,1,08
14:56:30,0.12042,215.90,0.50732,13.2106,38.57497,31.21149,45.10047,50.00,0652:13:02,1,08
14:56:31,0.12401,216.00,0.51214,13.73856,40.11659,31.21149,45.10047,50.00,0652:13:03,1,08
14:56:32,0.12138,216.20,0.51277,13.47542,39.34824,31.21149,45.10047,50.00,0652:13:04,1,08
14:56:33,0.12257,215.90,0.50846,13.4788,39.35809,31.2115,45.10048,50.00,0652:13:06,1,08
14:56:34,0.1251,215.80,0.50805,13.73856,40.11659,31.2115,45.10048,50.00,0652:13:07,1,08
14:56:35,0.12434,215.80,0.51148,13.74868,40.14614,31.21151,45.10049,50.00,0652:13:08,1,08
14:56:36,0.12463,215.80,0.5104,13.74699,40.14122,31.21151,45.10049,50.00,0652:13:09,1,08
14:56:37,0.12457,215.80,0.51052,13.74868,40.14614,31.21151,45.10049,50.00,0652:13:10,1,08
14:56:38,0.12508,215.80,0.50736,13.71832,40.05749,31.21152,45.1005,50.00,0652:13:11,1,08
14:56:39,0.12501,215.90,0.50799,13.73012,40.09196,31.21152,45.1005,50.00,0652:13:12,1,08
14:56:40,0.12534,215.90,0.50983,13.81952,40.353,31.21153,45.10051,50.00,0652:13:13,1,08
14:56:41,0.12446,216.00,0.51058,13.75037,40.15107,31.21153,45.10051,50.00,0652:13:14,1,08
14:56:42,0.1245,216.00,0.51021,13.74193,40.12644,31.21153,45.10051,50.00,0652:13:15,1,08
14:56:43,0.12512,216.00,0.50754,13.74193,40.12644,31.21154,45.10052,50.00,0652:13:16,1,08
14:56:44,0.12434,216.20,0.5094,13.71663,40.05256,31.21154,45.10052,50.00,0652:13:17,1,08
14:56:45,0.12408,216.10,0.51149,13.73687,40.11166,31.21155,45.10052,50.00,0652:13:18,1,08
14:56:46,0.12404,216.00,0.51163,13.73012,40.09196,31.21155,45.10053,50.00,0652:13:19,1,08
14:56:47,0.12392,216.10,0.51302,13.75711,40.17076,31.21155,45.10053,50.00,0652:13:20,1,08
14:56:48,0.12466,216.00,0.50951,13.74193,40.12644,31.21156,45.10054,50.00,0652:13:21,1,08
14:56:49,0.12495,216.00,0.51192,13.83639,40.40226,31.21156,45.10054,50.00,0652:13:22,1,08
14:56:50,0.12031,215.90,0.5107,13.2882,38.80153,31.21157,45.10054,50.00,0652:13:23,1,08
14:56:51,0.11642,216.00,0.50831,12.80073,37.37812,31.21157,45.10055,50.00,0652:13:24,1,08
14:56:52,0.11642,216.00,0.50831,12.80073,37.37812,31.21157,45.10055,50.00,0652:13:24,1,08
14:56:53,0.12366,215.90,0.51015,13.64241,39.83585,31.21157,45.10055,50.00,0652:13:26,1,08
14:56:54,0.12512,216.00,0.51066,13.81952,40.353,31.21158,45.10055,50.00,0652:13:27,1,08
14:56:55,0.1247,215.90,0.51232,13.81277,40.3333,31.21158,45.10056,50.00,0652:13:28,1,08
14:56:56,0.12495,215.90,0.51105,13.8094,40.32345,31.21158,45.10056,50.00,0652:13:29,1,08
14:56:57,0.12519,215.90,0.51115,13.83639,40.40226,31.21159,45.10057,50.00,0652:13:30,1,08
14:56:58,0.12566,215.80,0.50553,13.7335,40.10181,31.21159,45.10057,50.00,0652:13:31,1,08
14:56:59,0.12362,215.80,0.50953,13.61543,39.75704,31.2116,45.10057,50.00,0652:13:32,1,08
14:57:00,0.12443,215.80,0.51154,13.75711,40.17076,31.2116,45.10058,50.00,0652:13:33,1,08
14:57:01,0.12454,215.70,0.51091,13.74362,40.13136,31.2116,45.10058,50.00,0652:13:34,1,08
14:57:02,0.12226,215.70,0.50862,13.43494,39.23003,31.21161,45.10059,50.00,0652:13:35,1,08
14:57:03,0.11535,215.80,0.50142,12.4988,36.49649,31.21161,45.10059,50.00,0652:13:36,1,08
14:57:04,0.12444,215.80,0.51091,13.74024,40.12151,31.21162,45.10059,50.00,0652:13:37,1,08
14:57:05,0.12432,215.70,0.51168,13.74362,40.13136,31.21162,45.1006,50.00,0652:13:38,1,08
14:57:06,0.11937,215.80,0.51013,13.16,38.42721,31.21162,45.1006,50.00,0652:13:39,1,08
14:57:07,0.12441,215.80,0.51179,13.76217,40.18554,31.21163,45.1006,50.00,0652:13:40,1,08
14:57:08,0.12495,215.70,0.50893,13.74024,40.12151,31.21163,45.10061,50.00,0652:13:41,1,08
14:57:09,0.11362,215.80,0.50659,12.44145,36.32903,31.21164,45.10061,50.00,0652:13:42,1,08
14:57:10,0.12404,215.80,0.51246,13.74024,40.12151,31.21164,45.10062,50.00,0652:13:43,1,08
14:57:11,0.12419,215.80,0.5115,13.73012,40.09196,31.21164,45.10062,50.00,0652:13:44,1,08
14:57:12,0.12435,215.70,0.5103,13.7082,40.02793,31.21165,45.10062,50.00,0652:13:45,1,08
14:57:13,0.1253,215.60,0.50829,13.75542,40.16584,31.21165,45.10063,50.00,0652:13:47,1,08
14:57:14,0.12406,215.50,0.51335,13.74868,40.14614,31.21166,45.10063,50.00,0652:13:48,1,08
14:57:15,0.12441,215.40,0.51257,13.75711,40.17076,31.21166,45.10063,50.00,0652:13:49,1,08
14:57:16,0.12473,215.30,0.50991,13.71832,40.05749,31.21166,45.10064,50.00,0652:13:50,1,08
14:57:17,0.12506,215.30,0.50901,13.72506,40.07719,31.21167,45.10064,50.00,0652:13:51,1,08
14:57:18,0.12506,215.30,0.50901,13.72506,40.07719,31.21167,45.10064,50.00,0652:13:51,1,08
14:57:19,0.12485,215.20,0.51128,13.76217,40.18554,31.21167,45.10065,50.00,0652:13:52,1,08
14:57:20,0.12466,215.30,0.51374,13.81109,40.32838,31.21168,45.10065,50.00,0652:13:53,1,08
14:57:21,0.11687,215.30,0.50957,12.84458,37.50618,31.21168,45.10065,50.00,0652:13:54,1,08
14:57:22,0.12492,215.30,0.50751,13.67109,39.91957,31.21168,45.10066,50.00,0652:13:55,1,08
14:57:23,0.12557,215.40,0.50735,13.74699,40.14122,31.21169,45.10066,50.00,0652:13:56,1,08
14:57:24,0.12452,215.40,0.50992,13.69976,40.00331,31.21169,45.10066,50.00,0652:13:57,1,08
14:57:25,0.12497,215.40,0.51051,13.76386,40.19047,31.2117,45.10067,50.00,0652:13:58,1,08
14:57:26,0.12472,215.40,0.50915,13.69976,40.00331,31.2117,45.10067,50.00,0652:13:59,1,08
14:57:27,0.12026,215.30,0.50241,13.02844,38.04304,31.2117,45.10068,50.00,0652:14:00,1,08
14:57:28,0.12551,215.30,0.50754,13.73518,40.10674,31.21171,45.10068,50.00,0652:14:01,1,08
14:57:29,0.1253,215.30,0.50868,13.74193,40.12644,31.21171,45.10068,50.00,0652:14:02,1,08
14:57:30,0.12593,215.30,0.50702,13.76723,40.20032,31.21172,45.10069,50.00,0652:14:03,1,08
14:57:32,0.12731,215.30,0.50246,13.79085,40.26928,31.21172,45.10069,50.00,0652:14:04,1,08
14:57:33,0.12649,215.30,0.50445,13.76217,40.18554,31.21172,45.1007,50.00,0652:14:05,1,08
14:57:34,0.12606,215.30,0.5062,13.76048,40.18061,31.21173,45.1007,50.00,0652:14:06,1,08
14:57:35,0.12566,215.30,0.50778,13.76217,40.18554,31.21173,45.1007,50.00,0652:14:08,1,08
14:57:36,0.12515,215.30,0.50887,13.73687,40.11166,31.21174,45.10071,50.00,0652:14:09,1,08
14:57:37,0.11866,215.30,0.49835,12.7535,37.24021,31.21174,45.10071,50.00,0652:14:10,1,08
14:57:38,0.12548,215.30,0.50779,13.74024,40.12151,31.21174,45.10072,50.00,0652:14:11,1,08
14:57:39,0.12322,215.10,0.50781,13.48386,39.37287,31.21175,45.10072,50.00,0652:14:12,1,08
14:57:40,0.1247,214.90,0.50836,13.64747,39.85062,31.21175,45.10072,50.00,0652:14:13,1,08
14:57:41,0.12571,215.00,0.50835,13.7588,40.17569,31.21176,45.10073,50.00,0652:14:14,1,08
14:57:42,0.12695,215.20,0.5024,13.7453,40.13629,31.21176,45.10073,50.00,0652:14:15,1,08
14:57:43,0.11912,215.30,0.50492,12.97277,37.8805,31.21176,45.10073,50.00,0652:14:16,1,08
14:57:44,0.11912,215.30,0.50492,12.97277,37.8805,31.21176,45.10073,50.00,0652:14:16,1,08
14:57:45,0.1249,215.60,0.50938,13.73687,40.11166,31.21177,45.10074,50.00,0652:14:17,1,08
14:57:46,0.12526,215.70,0.50823,13.75374,40.16092,31.21177,45.10074,50.00,0652:14:18,1,08
14:57:47,0.12534,215.70,0.50841,13.76723,40.20032,31.21177,45.10075,50.00,0652:14:19,1,08
14:57:48,0.12622,215.60,0.50415,13.74362,40.13136,31.21178,45.10075,50.00,0652:14:20,1,08
14:57:49,0.11883,215.50,0.50585,12.97783,37.89528,31.21178,45.10075,50.00,0652:14:21,1,08
14:57:50,0.11503,215.50,0.50075,12.4347,36.30933,31.21179,45.10076,50.00,0652:14:22,1,08
14:57:51,0.12561,215.50,0.50516,13.6947,39.98853,31.21179,45.10076,50.00,0652:14:23,1,08
14:57:52,0.12526,215.50,0.50561,13.6694,39.91465,31.21179,45.10076,50.00,0652:14:24,1,08
14:57:53,0.12752,215.50,0.50368,13.86675,40.49091,31.2118,45.10077,50.00,0652:14:25,1,08
14:57:54,0.12681,215.60,0.5106,13.97976,40.82091,31.2118,45.10077,50.00,0652:14:26,1,08
14:57:55,0.12586,215.50,0.50968,13.8482,40.43673,31.21181,45.10078,50.00,0652:14:28,1,08
14:57:56,0.12564,215.60,0.51075,13.85832,40.46629,31.21181,45.10078,50.00,0652:14:29,1,08
14:57:57,0.12548,215.70,0.50964,13.81784,40.34808,31.21181,45.10078,50.00,0652:14:30,1,08
14:57:58,0.12595,215.80,0.51283,13.82121,40.35793,31.21182,45.10079,50.00,0652:14:31,1,08
14:57:59,0.12441,215.80,0.51392,13.8229,40.36285,31.21182,45.10079,50.00,0652:14:32,1,08
14:58:00,0.12473,215.80,0.51145,13.78747,40.25942,31.21183,45.1008,50.00,0652:14:33,1,08
14:58:01,0.12544,215.70,0.50971,13.81615,40.34315,31.21183,45.1008,50.00,0652:14:34,1,08
14:58:02,0.12539,215.60,0.5066,13.71663,40.05256,31.21183,45.1008,50.00,0652:14:35,1,08
14:58:03,0.12285,215.70,0.51055,13.54964,39.56495,31.21184,45.10081,50.00,0652:14:36,1,08
14:58:04,0.1247,215.70,0.51415,13.85326,40.45151,31.21184,45.10081,50.00,0652:14:37,1,08
14:58:05,0.12428,215.70,0.51369,13.79422,40.27912,31.21185,45.10081,50.00,0652:14:38,1,08
14:58:06,0.1251,215.80,0.51004,13.79085,40.26928,31.21185,45.10082,50.00,0652:14:39,1,08
14:58:07,0.12581,215.80,0.50682,13.78073,40.23972,31.21185,45.10082,50.00,0652:14:40,1,08
14:58:08,0.12468,215.80,0.51152,13.78579,40.25449,31.21186,45.10083,50.00,0652:14:41,1,08
14:58:09,0.12446,215.90,0.51191,13.77735,40.22987,31.21186,45.10083,50.00,0652:14:42,1,08
14:58:10,0.12448,215.80,0.51078,13.74193,40.12644,31.21187,45.10083,50.00,0652:14:43,1,08
14:58:11,0.12448,215.80,0.51078,13.74193,40.12644,31.21187,45.10083,50.00,0652:14:43,1,08
14:58:12,0.12571,215.90,0.50894,13.83302,40.39241,31.21187,45.10084,50.00,0652:14:44,1,08
14:58:13,0.12488,216.10,0.50917,13.76217,40.18554,31.21187,45.10084,50.00,0652:14:45,1,08
14:58:14,0.11485,216.10,0.50706,12.60506,36.80679,31.21188,45.10085,50.00,0652:14:46,1,08
14:58:15,0.12395,216.10,0.51377,13.78579,40.25449,31.21188,45.10085,50.00,0652:14:47,1,08
14:58:16,0.12379,216.10,0.51341,13.7588,40.17569,31.21189,45.10085,50.00,0652:14:49,1,08
14:58:17,0.12508,216.10,0.50847,13.76723,40.20032,31.21189,45.10086,50.00,0652:14:50,1,08
14:58:18,0.12485,216.10,0.51105,13.81109,40.32838,31.21189,45.10086,50.00,0652:14:51,1,08
14:58:19,0.12443,216.10,0.51121,13.76892,40.20524,31.2119,45.10086,50.00,0652:14:52,1,08
14:58:20,0.12452,216.10,0.51189,13.79591,40.28405,31.2119,45.10087,50.00,0652:14:53,1,08
14:58:21,0.12544,216.10,0.50739,13.77398,40.22002,31.21191,45.10087,50.00,0652:14:54,1,08
14:58:22,0.12477,216.00,0.50962,13.75711,40.17076,31.21191,45.10088,50.00,0652:14:55,1,08
14:58:23,0.12534,216.10,0.50939,13.82121,40.35793,31.21191,45.10088,50.00,0652:14:56,1,08
14:58:24,0.12539,216.10,0.50708,13.76386,40.19047,31.21192,45.10088,50.00,0652:14:57,1,08
14:58:25,0.12222,216.10,0.5037,13.32362,38.90496,31.21192,45.10089,50.00,0652:14:58,1,08
14:58:26,0.12853,216.10,0.50006,13.91398,40.62882,31.21193,45.10089,50.00,0652:14:59,1,08
14:58:27,0.12667,216.00,0.50345,13.79928,40.2939,31.21193,45.1009,50.00,0652:15:00,1,08
14:58:28,0.12557,215.90,0.5054,13.72675,40.08212,31.21193,45.1009,50.00,0652:15:01,1,08
14:58:29,0.12581,216.00,0.50806,13.82964,40.38255,31.21194,45.1009,50.00,0652:15:02,1,08
14:58:30,0.12524,216.00,0.50685,13.7335,40.10181,31.21194,45.10091,50.00,0652:15:03,1,08
14:58:31,0.12324,216.00,0.49943,13.3135,38.87541,31.21195,45.10091,50.00,0652:15:04,1,08
14:58:32,0.12606,216.00,0.50693,13.8229,40.36285,31.21195,45.10092,50.00,0652:15:05,1,08
14:58:33,0.12595,215.90,0.50582,13.77735,40.22987,31.21195,45.10092,50.00,0652:15:06,1,08
14:58:34,0.12581,215.80,0.50676,13.77735,40.22987,31.21196,45.10092,50.00,0652:15:07,1,08
14:58:35,0.12598,215.80,0.50595,13.77567,40.22495,31.21196,45.10093,50.00,0652:15:08,1,08
14:58:36,0.12191,215.80,0.49654,13.0841,38.20557,31.21197,45.10093,50.00,0652:15:10,1,08
14:58:37,0.12191,215.80,0.49654,13.0841,38.20557,31.21197,45.10093,50.00,0652:15:10,1,08
14:58:38,0.11574,215.80,0.49771,12.45326,36.36351,31.21197,45.10093,50.00,0652:15:11,1,08
14:58:39,0.126,215.80,0.5052,13.76048,40.18061,31.21197,45.10094,50.00,0652:15:12,1,08
14:58:40,0.12557,215.90,0.5064,13.75374,40.16092,31.21198,45.10094,50.00,0652:15:13,1,08
14:58:41,0.12659,215.80,0.5024,13.74699,40.14122,31.21198,45.10095,50.00,0652:15:14,1,08
14:58:42,0.12609,215.70,0.50638,13.79591,40.28405,31.21199,45.10095,50.00,0652:15:15,1,08
14:58:43,0.12573,215.70,0.50857,13.81446,40.33823,31.21199,45.10095,50.00,0652:15:16,1,08
14:58:44,0.12641,215.70,0.50686,13.84145,40.41703,31.21199,45.10096,50.00,0652:15:17,1,08
14:58:45,0.12584,215.60,0.50751,13.79253,40.2742,31.212,45.10096,50.00,0652:15:18,1,08
14:58:46,0.127,215.60,0.50234,13.77904,40.23479,31.212,45.10097,50.00,0652:15:19,1,08
14:58:47,0.12697,215.70,0.50258,13.78579,40.25449,31.21201,45.10097,50.00,0652:15:20,1,08
14:58:48,0.12632,215.60,0.50377,13.7453,40.13629,31.21201,45.10097,50.00,0652:15:21,1,08
14:58:49,0.12643,215.80,0.50679,13.8482,40.43673,31.21201,45.10098,50.00,0652:15:22,1,08
14:58:50,0.12595,215.70,0.50589,13.76554,40.19539,31.21202,45.10098,50.00,0652:15:23,1,08
14:58:51,0.12685,215.70,0.50265,13.77735,40.22987,31.21202,45.10099,50.00,0652:15:24,1,08
14:58:52,0.12142,215.90,0.50533,13.26796,38.74243,31.21203,45.10099,50.00,0652:15:25,1,08
14:58:53,0.1145,215.80,0.50266,12.44145,36.32903,31.21203,45.10099,50.00,0652:15:26,1,08
14:58:54,0.12772,215.90,0.50104,13.8347,40.39733,31.21203,45.101,50.00,0652:15:27,1,08
14:58:55,0.12805,215.80,0.49695,13.75711,40.17076,31.21204,45.101,50.00,0652:15:28,1,08
14:58:56,0.12814,215.70,0.49677,13.75542,40.16584,31.21204,45.101,50.00,0652:15:29,1,08
14:58:57,0.12665,215.60,0.5029,13.75711,40.17076,31.21205,45.10101,50.00,0652:15:31,1,08
14:58:58,0.12381,215.60,0.50233,13.42988,39.21526,31.21205,45.10101,50.00,0652:15:32,1,08
14:58:59,0.11501,215.50,0.49891,12.38747,36.17142,31.21205,45.10102,50.00,0652:15:33,1,08
14:59:00,0.12622,215.60,0.50359,13.72338,40.07226,31.21206,45.10102,50.00,0652:15:34,1,08
14:59:01,0.12685,215.50,0.50197,13.7453,40.13629,31.21206,45.10102,50.00,0652:15:35,1,08
14:59:02,0.12641,215.50,0.50532,13.78916,40.26435,31.21206,45.10103,50.00,0652:15:36,1,08
14:59:03,0.12641,215.50,0.50532,13.78916,40.26435,31.21206,45.10103,50.00,0652:15:36,1,08
14:59:04,0.12744,215.70,0.5038,13.86844,40.49584,31.21207,45.10103,50.00,0652:15:37,1,08
14:59:05,0.12688,215.80,0.50369,13.81446,40.33823,31.21207,45.10104,50.00,0652:15:38,1,08
14:59:06,0.12702,215.70,0.50412,13.83639,40.40226,31.21208,45.10104,50.00,0652:15:39,1,08
14:59:07,0.12586,215.80,0.5067,13.78579,40.25449,31.21208,45.10104,50.00,0652:15:40,1,08
14:59:08,0.12542,215.80,0.50728,13.75542,40.16584,31.21209,45.10105,50.00,0652:15:41,1,08
14:59:09,0.12566,215.80,0.50758,13.78579,40.25449,31.21209,45.10105,50.00,0652:15:42,1,08
14:59:10,0.1267,215.80,0.50283,13.76892,40.20524,31.21209,45.10106,50.00,0652:15:43,1,08
14:59:11,0.11724,215.80,0.49967,12.65904,36.9644,31.2121,45.10106,50.00,0652:15:44,1,08
14:59:12,0.12629,215.80,0.5047,13.77398,40.22002,31.2121,45.10106,50.00,0652:15:45,1,08
14:59:13,0.12604,215.70,0.50582,13.77229,40.2151,31.2121,45.10107,50.00,0652:15:46,1,08
14:59:14,0.12573,215.60,0.5064,13.74868,40.14614,31.21211,45.10107,50.00,0652:15:47,1,08
14:59:15,0.12643,215.60,0.5029,13.73012,40.09196,31.21211,45.10107,50.00,0652:15:48,1,08
14:59:16,0.12609,215.50,0.50328,13.69976,40.00331,31.21212,45.10108,50.00,0652:15:50,1,08
14:59:17,0.11859,215.60,0.50125,12.83277,37.4717,31.21212,45.10108,50.00,0652:15:51,1,08
14:59:18,0.12615,215.50,0.50663,13.79591,40.28405,31.21212,45.10109,50.00,0652:15:52,1,08
14:59:19,0.12589,215.40,0.50751,13.78747,40.25942,31.21213,45.10109,50.00,0652:15:53,1,08
14:59:20,0.12649,215.40,0.5047,13.77398,40.22002,31.21213,45.10109,50.00,0652:15:54,1,08
14:59:21,0.1264,215.40,0.50711,13.82964,40.38255,31.21214,45.1011,50.00,0652:15:55,1,08
14:59:22,0.12539,215.40,0.50948,13.78241,40.24464,31.21214,45.1011,50.00,0652:15:56,1,08
14:59:23,0.12542,215.50,0.50978,13.80265,40.30375,31.21214,45.10111,50.00,0652:15:57,1,08
14:59:24,0.1269,215.50,0.50314,13.7841,40.24957,31.21215,45.10111,50.00,0652:15:58,1,08
14:59:25,0.12582,215.50,0.50665,13.75711,40.17076,31.21215,45.10111,50.00,0652:15:59,1,08
14:59:27,0.12613,215.40,0.5075,13.81109,40.32838,31.21216,45.10112,50.00,0652:16:00,1,08
14:59:28,0.12577,215.30,0.50697,13.75037,40.15107,31.21216,45.10112,50.00,0652:16:01,1,08
14:59:29,0.1227,215.40,0.50325,13.32193,38.90004,31.21216,45.10113,50.00,0652:16:02,1,08
14:59:30,0.1227,215.40,0.50325,13.32193,38.90004,31.21216,45.10113,50.00,0652:16:02,1,08
14:59:31,0.12636,215.30,0.50037,13.63735,39.82107,31.21217,45.10113,50.00,0652:16:03,1,08
14:59:32,0.12627,215.40,0.50477,13.75205,40.15599,31.21217,45.10113,50.00,0652:16:04,1,08
14:59:33,0.12645,215.60,0.50321,13.74193,40.12644,31.21218,45.10114,50.00,0652:16:05,1,08
14:59:34,0.12649,215.70,0.50302,13.74699,40.14122,31.21218,45.10114,50.00,0652:16:06,1,08
14:59:35,0.12658,215.80,0.5029,13.7588,40.17569,31.21218,45.10115,50.00,0652:16:07,1,08
14:59:36,0.12756,215.80,0.49865,13.75037,40.15107,31.21219,45.10115,50.00,0652:16:08,1,08
14:59:37,0.12602,215.80,0.50452,13.74024,40.12151,31.21219,45.10115,50.00,0652:16:09,1,08
14:59:38,0.12554,215.70,0.50578,13.72,40.06241,31.2122,45.10116,50.00,0652:16:11,1,08
14:59:39,0.12604,215.70,0.50465,13.74193,40.12644,31.2122,45.10116,50.00,0652:16:12,1,08
14:59:40,0.12631,215.70,0.50433,13.76386,40.19047,31.2122,45.10116,50.00,0652:16:13,1,08
14:59:41,0.12713,215.70,0.49865,13.6947,39.98853,31.21221,45.10117,50.00,0652:16:14,1,08
14:59:42,0.12606,215.60,0.50316,13.69808,39.99838,31.21221,45.10117,50.00,0652:16:15,1,08
14:59:43,0.12613,215.70,0.50439,13.74699,40.14122,31.21222,45.10118,50.00,0652:16:16,1,08
14:59:44,0.12577,215.70,0.50602,13.74868,40.14614,31.21222,45.10118,50.00,0652:16:17,1,08
14:59:45,0.1272,215.60,0.50018,13.74024,40.12151,31.21222,45.10118,50.00,0652:16:18,1,08
14:59:46,0.12602,215.60,0.50384,13.71157,40.03778,31.21223,45.10119,50.00,0652:16:19,1,08
14:59:47,0.12351,215.70,0.50461,13.4653,39.31869,31.21223,45.10119,50.00,0652:16:20,1,08
14:59:48,0.12093,215.60,0.50484,13.18699,38.50601,31.21224,45.1012,50.00,0652:16:21,1,08
14:59:49,0.12763,215.60,0.49786,13.72169,40.06734,31.21224,45.1012,50.00,0652:16:22,1,08
14:59:50,0.12261,215.60,0.49866,13.20049,38.54542,31.21224,45.1012,50.00,0652:16:23,1,08
14:59:51,0.11477,215.60,0.49673,12.31326,35.95471,31.21225,45.10121,50.00,0652:16:24,1,08
14:59:52,0.12609,215.60,0.50242,13.67783,39.93928,31.21225,45.10121,50.00,0652:16:25,1,08
14:59:53,0.12643,215.60,0.50593,13.81446,40.33823,31.21226,45.10122,50.00,0652:16:26,1,08
14:59:54,0.12779,214.20,0.50105,13.73518,40.10674,31.21226,45.10122,50.00,0652:16:27,1,08
14:59:55,0.1289,215.30,0.49988,13.89374,40.56972,31.21226,45.10122,50.00,0652:16:28,1,08
14:59:56,0.12805,215.30,0.49774,13.74362,40.13136,31.21227,45.10123,50.00,0652:16:29,1,08
14:59:57,0.12805,215.30,0.49774,13.74362,40.13136,31.21227,45.10123,50.00,0652:16:29,1,08
14:59:58,0.12844,215.20,0.49701,13.76048,40.18061,31.21227,45.10123,50.00,0652:16:30,1,08
14:59:59,0.12809,215.10,0.49762,13.7335,40.10181,31.21228,45.10124,50.00,0652:16:32,1,08
15:00:00,0.12758,215.30,0.50025,13.76554,40.19539,31.21228,45.10124,50.00,0652:16:33,1,08
15:00:01,0.12791,215.40,0.49908,13.77567,40.22495,31.21228,45.10124,50.00,0652:16:34,1,08
15:00:02,0.12609,215.50,0.50378,13.71157,40.03778,31.21229,45.10125,50.00,0652:16:35,1,08
15:00:03,0.12679,215.50,0.50573,13.84314,40.42196,31.21229,45.10125,50.00,0652:16:36,1,08
15:00:04,0.12858,215.40,0.50602,14.0388,40.99329,31.2123,45.10126,50.00,0652:16:37,1,08
15:00:05,0.12711,215.60,0.5032,13.81109,40.32838,31.2123,45.10126,50.00,0652:16:38,1,08
15:00:06,0.12786,215.70,0.50055,13.82627,40.3727,31.2123,45.10126,50.00,0652:16:39,1,08
15:00:07,0.12645,215.60,0.50364,13.75374,40.16092,31.21231,45.10127,50.00,0652:16:40,1,08
15:00:08,0.12611,215.60,0.50458,13.74193,40.12644,31.21231,45.10127,50.00,0652:16:41,1,08
15:00:09,0.12665,215.60,0.50382,13.77735,40.22987,31.21232,45.10128,50.00,0652:16:42,1,08
15:00:10,0.12627,215.70,0.50223,13.69976,40.00331,31.21232,45.10128,50.00,0652:16:43,1,08
15:00:11,0.12595,215.80,0.50477,13.74193,40.12644,31.21232,45.10128,50.00,0652:16:44,1,08
15:00:12,0.12632,215.70,0.50482,13.77904,40.23479,31.21233,45.10129,50.00,0652:16:45,1,08
15:00:13,0.12656,215.70,0.50598,13.83807,40.40718,31.21233,45.10129,50.00,0652:16:46,1,08
15:00:14,0.12656,215.70,0.5029,13.74868,40.14614,31.21234,45.10129,50.00,0652:16:47,1,08
15:00:15,0.11813,215.80,0.4967,12.68097,37.02842,31.21234,45.1013,50.00,0652:16:48,1,08
15:00:16,0.126,215.80,0.50489,13.75037,40.15107,31.21234,45.1013,50.00,0652:16:49,1,08
15:00:17,0.12588,215.80,0.50465,13.73181,40.09689,31.21235,45.10131,50.00,0652:16:50,1,08
15:00:18,0.12059,215.80,0.5033,13.12121,38.31393,31.21235,45.10131,50.00,0652:16:51,1,08
15:00:19,0.12311,215.90,0.49949,13.29494,38.82123,31.21236,45.10131,50.00,0652:16:53,1,08
15:00:20,0.12625,215.80,0.5026,13.71832,40.05749,31.21236,45.10132,50.00,0652:16:54,1,08
15:00:21,0.11862,215.90,0.5021,12.88,37.60961,31.21236,45.10132,50.00,0652:16:55,1,08
15:00:22,0.12555,215.80,0.50622,13.73518,40.10674,31.21237,45.10133,50.00,0652:16:56,1,08
15:00:23,0.12555,215.80,0.50622,13.73518,40.10674,31.21237,45.10133,50.00,0652:16:56,1,08
15:00:24,0.12551,215.80,0.50659,13.74362,40.13136,31.21237,45.10133,50.00,0652:16:57,1,08
15:00:25,0.12597,215.80,0.5031,13.69976,40.00331,31.21238,45.10133,50.00,0652:16:58,1,08
15:00:26,0.12582,215.80,0.5049,13.73012,40.09196,31.21238,45.10134,50.00,0652:16:59,1,08
15:00:27,0.1255,215.70,0.50622,13.72506,40.07719,31.21238,45.10134,50.00,0652:17:00,1,08
15:00:28,0.11959,215.60,0.50007,12.91374,37.70812,31.21239,45.10135,50.00,0652:17:01,1,08
15:00:29,0.12659,215.60,0.50222,13.73012,40.09196,31.21239,45.10135,50.00,0652:17:02,1,08
15:00:30,0.12575,215.50,0.50466,13.70145,40.00823,31.21239,45.10135,50.00,0652:17:03,1,08
15:00:31,0.12658,215.50,0.50377,13.76386,40.19047,31.2124,45.10136,50.00,0652:17:04,1,08
15:00:32,0.12584,215.50,0.50379,13.68627,39.9639,31.2124,45.10136,50.00,0652:17:05,1,08
15:00:33,0.11876,215.50,0.49901,12.79229,37.35349,31.21241,45.10136,50.00,0652:17:06,1,08
15:00:34,0.12188,215.40,0.49647,13.05711,38.12677,31.21241,45.10137,50.00,0652:17:07,1,08
15:00:35,0.12624,215.50,0.50427,13.73856,40.11659,31.21241,45.10137,50.00,0652:17:08,1,08
15:00:36,0.12627,215.50,0.50662,13.80603,40.3136,31.21242,45.10138,50.00,0652:17:09,1,08
15:00:37,0.1222,215.50,0.50652,13.36241,39.01825,31.21242,45.10138,50.00,0652:17:10,1,08
15:00:38,0.12555,215.60,0.50716,13.74868,40.14614,31.21243,45.10138,50.00,0652:17:11,1,08
15:00:39,0.12708,215.60,0.50357,13.81784,40.34808,31.21243,45.10139,50.00,0652:17:12,1,08
15:00:40,0.12566,215.60,0.50796,13.78241,40.24464,31.21243,45.10139,50.00,0652:17:14,1,08
15:00:41,0.12534,215.50,0.50811,13.7453,40.13629,31.21244,45.1014,50.00,0652:17:15,1,08
15:00:42,0.12499,215.40,0.50901,13.72506,40.07719,31.21244,45.1014,50.00,0652:17:16,1,08
15:00:43,0.12551,215.30,0.50717,13.72844,40.08704,31.21245,45.1014,50.00,0652:17:17,1,08
15:00:44,0.12683,215.20,0.50173,13.71832,40.05749,31.21245,45.10141,50.00,0652:17:18,1,08
15:00:45,0.1255,215.30,0.50835,13.75711,40.17076,31.21245,45.10141,50.00,0652:17:19,1,08
15:00:46,0.12515,215.30,0.50831,13.72,40.06241,31.21246,45.10141,50.00,0652:17:20,1,08
15:00:47,0.12514,215.30,0.50837,13.72,40.06241,31.21246,45.10142,50.00,0652:17:21,1,08
15:00:48,0.12514,215.30,0.50837,13.72,40.06241,31.21246,45.10142,50.00,0652:17:21,1,08
15:00:49,0.12007,215.30,0.50521,13.08241,38.20065,31.21247,45.10142,50.00,0652:17:22,1,08
15:00:50,0.12573,215.40,0.50472,13.69302,39.98361,31.21247,45.10143,50.00,0652:17:23,1,08
15:00:51,0.12581,215.40,0.50615,13.73518,40.10674,31.21247,45.10143,50.00,0652:17:24,1,08
15:00:52,0.12615,215.40,0.50465,13.73181,40.09689,31.21248,45.10143,50.00,0652:17:25,1,08
15:00:53,0.12627,215.40,0.50508,13.76048,40.18061,31.21248,45.10144,50.00,0652:17:26,1,08
15:00:54,0.12375,215.50,0.50006,13.35735,39.00347,31.21249,45.10144,50.00,0652:17:27,1,08
15:00:55,0.12548,215.90,0.50715,13.76386,40.19047,31.21249,45.10145,50.00,0652:17:28,1,08
15:00:56,0.1255,215.90,0.50883,13.80771,40.31853,31.21249,45.10145,50.00,0652:17:29,1,08
15:00:57,0.12554,215.80,0.50901,13.81446,40.33823,31.2125,45.10145,50.00,0652:17:30,1,08
15:00:58,0.12589,216.00,0.50607,13.78073,40.23972,31.2125,45.10146,50.00,0652:17:31,1,08
15:00:59,0.12636,216.10,0.50401,13.78241,40.24464,31.21251,45.10146,50.00,0652:17:32,1,08
15:01:00,0.12593,216.20,0.50396,13.74024,40.12151,31.21251,45.10147,50.00,0652:17:34,1,08
15:01:01,0.1262,216.20,0.50309,13.7453,40.13629,31.21251,45.10147,50.00,0652:17:35,1,08
15:01:02,0.12539,216.20,0.50572,13.73012,40.09196,31.21252,45.10147,50.00,0652:17:36,1,08
15:01:03,0.12634,216.20,0.50302,13.76217,40.18554,31.21252,45.10148,50.00,0652:17:37,1,08
15:01:04,0.12622,216.10,0.50333,13.75037,40.15107,31.21253,45.10148,50.00,0652:17:38,1,08
15:01:05,0.12654,216.10,0.50573,13.85494,40.45643,31.21253,45.10149,50.00,0652:17:39,1,08
15:01:06,0.12183,216.10,0.50448,13.30506,38.85078,31.21253,45.10149,50.00,0652:17:40,1,08
15:01:07,0.114,216.10,0.50027,12.3453,36.04829,31.21254,45.10149,50.00,0652:17:41,1,08
15:01:08,0.12617,216.10,0.5034,13.75037,40.15107,31.21254,45.1015,50.00,0652:17:42,1,08
15:01:09,0.12588,216.10,0.50365,13.72,40.06241,31.21255,45.1015,50.00,0652:17:43,1,08
15:01:10,0.12604,216.10,0.50606,13.80434,40.30867,31.21255,45.1015,50.00,0652:17:44,1,08
15:01:11,0.12573,215.90,0.50707,13.78579,40.25449,31.21255,45.10151,50.00,0652:17:45,1,08
15:01:12,0.12645,215.70,0.50395,13.76723,40.20032,31.21256,45.10151,50.00,0652:17:46,1,08
15:01:13,0.12627,215.70,0.50433,13.75711,40.17076,31.21256,45.10152,50.00,0652:17:47,1,08
15:01:14,0.12627,215.70,0.50433,13.75711,40.17076,31.21256,45.10152,50.00,0652:17:47,1,08
15:01:15,0.126,215.70,0.50626,13.7841,40.24957,31.21257,45.10152,50.00,0652:17:48,1,08
15:01:16,0.12598,215.60,0.50614,13.76723,40.20032,31.21257,45.10152,50.00,0652:17:49,1,08
15:01:17,0.12654,215.60,0.50543,13.8094,40.32345,31.21257,45.10153,50.00,0652:17:50,1,08
15:01:18,0.12706,215.50,0.50068,13.7335,40.10181,31.21258,45.10153,50.00,0652:17:51,1,08
15:01:19,0.12042,215.50,0.49929,12.97783,37.89528,31.21258,45.10154,50.00,0652:17:52,1,08
15:01:20,0.12606,215.70,0.50595,13.77904,40.23479,31.21259,45.10154,50.00,0652:17:54,1,08
15:01:21,0.12683,215.50,0.50678,13.8735,40.51061,31.21259,45.10154,50.00,0652:17:55,1,08
15:01:22,0.12617,215.40,0.50489,13.7453,40.13629,31.21259,45.10155,50.00,0652:17:56,1,08
15:01:23,0.12825,215.30,0.49982,13.82458,40.36778,31.2126,45.10155,50.00,0652:17:57,1,08
15:01:24,0.12625,215.40,0.5039,13.72338,40.07226,31.2126,45.10156,50.00,0652:17:58,1,08
15:01:26,0.12315,215.50,0.50184,13.33711,38.94437,31.21261,45.10156,50.00,0652:17:59,1,08
15:01:27,0.12659,215.40,0.50457,13.78241,40.24464,31.21261,45.10156,50.00,0652:18:00,1,08
15:01:28,0.12654,215.40,0.50605,13.81615,40.34315,31.21261,45.10157,50.00,0652:18:01,1,08
15:01:29,0.12741,215.30,0.50043,13.75374,40.16092,31.21262,45.10157,50.00,0652:18:02,1,08
15:01:30,0.12692,215.30,0.50493,13.81952,40.353,31.21262,45.10157,50.00,0652:18:03,1,08
15:01:31,0.12652,215.10,0.5034,13.72338,40.07226,31.21263,45.10158,50.00,0652:18:04,1,08
15:01:32,0.12704,214.70,0.50339,13.75542,40.16584,31.21263,45.10158,50.00,0652:18:05,1,08
15:01:33,0.12843,214.70,0.49798,13.75542,40.16584,31.21263,45.10159,50.00,0652:18:06,1,08
15:01:34,0.1272,214.60,0.50333,13.76217,40.18554,31.21264,45.10159,50.00,0652:18:07,1,08
15:01:35,0.12804,214.60,0.50411,13.8735,40.51061,31.21264,45.10159,50.00,0652:18:08,1,08
15:01:36,0.12266,214.60,0.50211,13.23759,38.65377,31.21265,45.1016,50.00,0652:18:09,1,08
15:01:37,0.11611,214.60,0.49723,12.41109,36.24038,31.21265,45.1016,50.00,0652:18:10,1,08
15:01:38,0.12812,214.80,0.50104,13.8094,40.32345,31.21265,45.10161,50.00,0652:18:11,1,08
15:01:39,0.12688,214.90,0.50432,13.77229,40.2151,31.21266,45.10161,50.00,0652:18:12,1,08
15:01:40,0.12272,215.00,0.50268,13.28314,38.78676,31.21266,45.10161,50.00,0652:18:13,1,08
15:01:41,0.12272,215.00,0.50268,13.28314,38.78676,31.21266,45.10161,50.00,0652:18:13,1,08
15:01:42,0.11495,215.10,0.49803,12.33687,36.02367,31.21266,45.10162,50.00,0652:18:15,1,08
15:01:43,0.12715,215.10,0.50296,13.77735,40.22987,31.21267,45.10162,50.00,0652:18:16,1,08
15:01:44,0.12888,215.10,0.50176,13.93253,40.683,31.21267,45.10163,50.00,0652:18:17,1,08
15:01:45,0.12661,215.10,0.50476,13.76723,40.20032,31.21268,45.10163,50.00,0652:18:18,1,08
15:01:46,0.12729,215.10,0.50381,13.81784,40.34808,31.21268,45.10163,50.00,0652:18:19,1,08
15:01:47,0.12711,215.10,0.50382,13.79759,40.28897,31.21268,45.10164,50.00,0652:18:20,1,08
15:01:48,0.12708,215.10,0.49969,13.68458,39.95898,31.21269,45.10164,50.00,0652:18:21,1,08
15:01:49,0.12763,215.10,0.49994,13.75037,40.15107,31.21269,45.10165,50.00,0652:18:22,1,08
15:01:50,0.12668,215.10,0.50414,13.76048,40.18061,31.2127,45.10165,50.00,0652:18:23,1,08
15:01:51,0.12634,215.20,0.50588,13.77904,40.23479,31.2127,45.10165,50.00,0652:18:24,1,08
15:01:52,0.12752,215.40,0.50656,13.93422,40.68792,31.2127,45.10166,50.00,0652:18:25,1,08
15:01:53,0.1166,215.40,0.49182,12.37061,36.12217,31.21271,45.10166,50.00,0652:18:26,1,08
15:01:54,0.12724,215.30,0.50117,13.75205,40.15599,31.21271,45.10166,50.00,0652:18:27,1,08
15:01:55,0.12692,215.30,0.50357,13.78073,40.23972,31.21272,45.10167,50.00,0652:18:28,1,08
15:01:56,0.12718,215.20,0.50252,13.77735,40.22987,31.21272,45.10167,50.00,0652:18:29,1,08
15:01:57,0.12772,215.20,0.50055,13.77735,40.22987,31.21272,45.10168,50.00,0652:18:30,1,08
15:01:58,0.12524,215.10,0.49987,13.49061,39.39257,31.21273,45.10168,50.00,0652:18:31,1,08
15:01:59,0.11499,215.10,0.49673,12.30651,35.93501,31.21273,45.10168,50.00,0652:18:32,1,08
15:02:00,0.1269,215.10,0.50358,13.76892,40.20524,31.21274,45.10169,50.00,0652:18:33,1,08
15:02:01,0.12798,215.10,0.50232,13.84988,40.44166,31.21274,45.10169,50.00,0652:18:34,1,08
15:02:02,0.12839,215.20,0.49817,13.78747,40.25942,31.21274,45.1017,50.00,0652:18:36,1,08
15:02:03,0.12812,215.30,0.50134,13.85494,40.45643,31.21275,45.1017,50.00,0652:18:37,1,08
15:02:04,0.12685,215.30,0.50364,13.77567,40.22495,31.21275,45.1017,50.00,0652:18:38,1,08
15:02:05,0.12656,215.20,0.50402,13.75037,40.15107,31.21276,45.10171,50.00,0652:18:39,1,08
15:02:06,0.12656,215.20,0.50402,13.75037,40.15107,31.21276,45.10171,50.00,0652:18:39,1,08
15:02:07,0.12788,215.10,0.50294,13.85832,40.46629,31.21276,45.10171,50.00,0652:18:40,1,08
15:02:08,0.12866,215.00,0.49696,13.76892,40.20524,31.21276,45.10172,50.00,0652:18:41,1,08
15:02:09,0.12825,214.90,0.50024,13.81109,40.32838,31.21277,45.10172,50.00,0652:18:42,1,08
15:02:10,0.12834,214.80,0.49811,13.75374,40.16092,31.21277,45.10172,50.00,0652:18:43,1,08
15:02:11,0.12765,214.90,0.50141,13.77567,40.22495,31.21278,45.10173,50.00,0652:18:44,1,08
15:02:12,0.1285,214.90,0.49951,13.81615,40.34315,31.21278,45.10173,50.00,0652:18:45,1,08
15:02:13,0.12983,214.90,0.49559,13.85157,40.44659,31.21278,45.10174,50.00,0652:18:46,1,08
15:02:14,0.12779,214.90,0.50166,13.80097,40.29883,31.21279,45.10174,50.00,0652:18:47,1,08
15:02:15,0.12858,214.90,0.50073,13.85832,40.46629,31.21279,45.10174,50.00,0652:18:48,1,08
15:02:16,0.12829,215.00,0.49963,13.80097,40.29883,31.2128,45.10175,50.00,0652:18:49,1,08
15:02:17,0.12941,215.00,0.49498,13.79085,40.26928,31.2128,45.10175,50.00,0652:18:50,1,08
15:02:18,0.12784,215.00,0.50086,13.78916,40.26435,31.2128,45.10176,50.00,0652:18:51,1,08
15:02:19,0.12749,215.00,0.50197,13.77735,40.22987,31.21281,45.10176,50.00,0652:18:52,1,08
15:02:20,0.12722,214.90,0.5008,13.71157,40.03778,31.21281,45.10176,50.00,0652:18:53,1,08
15:02:21,0.1277,215.10,0.5,13.75374,40.16092,31.21282,45.10177,50.00,0652:18:54,1,08
15:02:22,0.12869,215.10,0.49629,13.76217,40.18554,31.21282,45.10177,50.00,0652:18:56,1,08
15:02:23,0.11992,215.20,0.49674,12.84289,37.50125,31.21282,45.10178,50.00,0652:18:57,1,08
15:02:24,0.12763,215.30,0.50123,13.79422,40.27912,31.21283,45.10178,50.00,0652:18:58,1,08
15:02:25,0.12754,215.30,0.50129,13.78916,40.26435,31.21283,45.10178,50.00,0652:18:59,1,08
15:02:26,0.12779,215.30,0.4992,13.7588,40.17569,31.21284,45.10179,50.00,0652:19:00,1,08
15:02:27,0.12915,215.20,0.49636,13.81784,40.34808,31.21284,45.10179,50.00,0652:19:01,1,08
15:02:28,0.1272,215.20,0.50092,13.73687,40.11166,31.21284,45.1018,50.00,0652:19:02,1,08
15:02:29,0.12213,215.20,0.4984,13.12289,38.31885,31.21285,45.1018,50.00,0652:19:03,1,08
15:02:30,0.12758,215.30,0.50043,13.76723,40.20032,31.21285,45.1018,50.00,0652:19:04,1,08
15:02:31,0.12788,215.30,0.49755,13.71832,40.05749,31.21286,45.10181,50.00,0652:19:05,1,08
15:02:32,0.12788,215.30,0.49755,13.71832,40.05749,31.21286,45.10181,50.00,0652:19:05,1,08
15:02:33,0.12876,215.30,0.4955,13.75542,40.16584,31.21286,45.10181,50.00,0652:19:06,1,08
15:02:34,0.12761,215.30,0.49945,13.74193,40.12644,31.21286,45.10182,50.00,0652:19:07,1,08
15:02:35,0.12711,215.40,0.50043,13.72506,40.07719,31.21287,45.10182,50.00,0652:19:08,1,08
15:02:36,0.12745,215.50,0.50012,13.75711,40.17076,31.21287,45.10182,50.00,0652:19:09,1,08
15:02:37,0.12777,215.50,0.49823,13.73856,40.11659,31.21288,45.10183,50.00,0652:19:10,1,08
15:02:38,0.12663,215.50,0.50173,13.71157,40.03778,31.21288,45.10183,50.00,0652:19:11,1,08
15:02:39,0.12726,215.50,0.50006,13.7335,40.10181,31.21288,45.10184,50.00,0652:19:12,1,08
15:02:40,0.1277,215.50,0.50073,13.80097,40.29883,31.21289,45.10184,50.00,0652:19:13,1,08
15:02:41,0.12747,215.60,0.49847,13.72,40.06241,31.21289,45.10184,50.00,0652:19:14,1,08
15:02:42,0.12676,215.60,0.49821,13.63567,39.81615,31.2129,45.10185,50.00,0652:19:15,1,08
15:02:43,0.12231,215.60,0.50026,13.21229,38.57989,31.2129,45.10185,50.00,0652:19:17,1,08
15:02:44,0.12645,215.60,0.50136,13.68964,39.97375,31.2129,45.10186,50.00,0652:19:18,1,08
15:02:45,0.12708,215.60,0.50037,13.72844,40.08704,31.21291,45.10186,50.00,0652:19:19,1,08
15:02:46,0.12791,215.40,0.49982,13.79591,40.28405,31.21291,45.10186,50.00,0652:19:20,1,08
15:02:47,0.12747,215.40,0.50135,13.78916,40.26435,31.21292,45.10187,50.00,0652:19:21,1,08
15:02:48,0.12706,215.20,0.50092,13.72169,40.06734,31.21292,45.10187,50.00,0652:19:22,1,08
15:02:49,0.12729,215.20,0.50178,13.76554,40.19539,31.21292,45.10188,50.00,0652:19:23,1,08
15:02:50,0.12121,215.00,0.49942,13.03518,38.06274,31.21293,45.10188,50.00,0652:19:24,1,08
15:02:51,0.11613,214.90,0.49251,12.31157,35.94978,31.21293,45.10188,50.00,0652:19:25,1,08
15:02:52,0.12775,214.80,0.49945,13.73012,40.09196,31.21294,45.10189,50.00,0652:19:26,1,08
15:02:53,0.12752,214.70,0.50166,13.76048,40.18061,31.21294,45.10189,50.00,0652:19:27,1,08
15:02:54,0.12823,214.60,0.49957,13.77061,40.21017,31.21294,45.1019,50.00,0652:19:28,1,08
15:02:55,0.12791,214.70,0.50135,13.79422,40.27912,31.21295,45.1019,50.00,0652:19:29,1,08
15:02:56,0.12839,214.90,0.4986,13.77735,40.22987,31.21295,45.1019,50.00,0652:19:30,1,08
15:02:57,0.12811,214.90,0.49865,13.75037,40.15107,31.21296,45.10191,50.00,0652:19:31,1,08
15:02:58,0.12811,214.90,0.49865,13.75037,40.15107,31.21296,45.10191,50.00,0652:19:31,1,08
15:02:59,0.12731,215.00,0.50135,13.7453,40.13629,31.21296,45.10191,50.00,0652:19:32,1,08
15:03:00,0.12695,215.10,0.50234,13.73856,40.11659,31.21296,45.10192,50.00,0652:19:33,1,08
15:03:01,0.12825,215.00,0.49652,13.71326,40.04271,31.21297,45.10192,50.00,0652:19:34,1,08
15:03:02,0.12651,214.90,0.50167,13.66097,39.89003,31.21297,45.10192,50.00,0652:19:35,1,08
15:03:03,0.11485,214.80,0.49577,12.24916,35.76754,31.21297,45.10193,50.00,0652:19:37,1,08
15:03:04,0.12736,214.60,0.50154,13.7335,40.10181,31.21298,45.10193,50.00,0652:19:38,1,08
15:03:05,0.12729,214.80,0.50142,13.72844,40.08704,31.21298,45.10193,50.00,0652:19:39,1,08
15:03:06,0.12578,214.80,0.49557,13.40964,39.15615,31.21299,45.10194,50.00,0652:19:40,1,08
15:03:07,0.12745,214.70,0.50142,13.7453,40.13629,31.21299,45.10194,50.00,0652:19:41,1,08
15:03:08,0.12772,214.80,0.49939,13.72338,40.07226,31.21299,45.10195,50.00,0652:19:42,1,08
15:03:09,0.11562,214.60,0.49667,12.34362,36.04337,31.213,45.10195,50.00,0652:19:43,1,08
15:03:10,0.1271,214.60,0.50235,13.72338,40.07226,31.213,45.10195,50.00,0652:19:44,1,08
15:03:11,0.12885,214.70,0.49744,13.78579,40.25449,31.21301,45.10196,50.00,0652:19:45,1,08
15:03:12,0.12729,214.80,0.50049,13.7082,40.02793,31.21301,45.10196,50.00,0652:19:46,1,08
15:03:13,0.12857,214.90,0.50171,13.88531,40.54509,31.21301,45.10197,50.00,0652:19:47,1,08
15:03:14,0.12711,215.00,0.50086,13.70988,40.03286,31.21302,45.10197,50.00,0652:19:48,1,08
15:03:15,0.12155,215.00,0.49807,13.03518,38.06274,31.21302,45.10197,50.00,0652:19:49,1,08
15:03:16,0.12851,215.10,0.49665,13.74868,40.14614,31.21303,45.10198,50.00,0652:19:50,1,08
15:03:17,0.12727,214.90,0.50234,13.76554,40.19539,31.21303,45.10198,50.00,0652:19:51,1,08
15:03:18,0.12738,214.90,0.50437,13.83133,40.38748,31.21303,45.10199,50.00,0652:19:52,1,08
15:03:19,0.12713,215.00,0.50302,13.77229,40.2151,31.21304,45.10199,50.00,0652:19:53,1,08
15:03:20,0.12759,215.20,0.50037,13.7588,40.17569,31.21304,45.10199,50.00,0652:19:54,1,08
15:03:21,0.12777,215.30,0.5071,13.97133,40.79628,31.21305,45.102,50.00,0652:19:55,1,08
15:03:22,0.11824,215.30,0.50007,12.75012,37.23036,31.21305,45.102,50.00,0652:19:56,1,08
15:03:23,0.1269,215.30,0.50185,13.7335,40.10181,31.21305,45.10201,50.00,0652:19:58,1,08
15:03:24,0.1269,215.30,0.50185,13.7335,40.10181,31.21305,45.10201,50.00,0652:19:58,1,08
15:03:26,0.12843,215.30,0.49909,13.82458,40.36778,31.21306,45.10201,50.00,0652:19:59,1,08
15:03:27,0.12818,215.30,0.49805,13.76554,40.19539,31.21306,45.10201,50.00,0652:20:00,1,08
15:03:28,0.12741,215.30,0.50092,13.76217,40.18554,31.21307,45.10202,50.00,0652:20:01,1,08
15:03:29,0.12765,215.10,0.50025,13.75711,40.17076,31.21307,45.10202,50.00,0652:20:02,1,08
15:03:30,0.12805,215.00,0.50037,13.79759,40.28897,31.21307,45.10203,50.00,0652:20:03,1,08
15:03:31,0.12836,215.00,0.4989,13.78747,40.25942,31.21308,45.10203,50.00,0652:20:04,1,08
15:03:32,0.12873,214.90,0.49671,13.76217,40.18554,31.21308,45.10203,50.00,0652:20:05,1,08
15:03:33,0.12759,214.80,0.5,13.72675,40.08212,31.21309,45.10204,50.00,0652:20:06,1,08
15:03:34,0.12668,214.90,0.50087,13.65422,39.87032,31.21309,45.10204,50.00,0652:20:07,1,08
15:03:35,0.12841,215.00,0.5014,13.86169,40.47613,31.21309,45.10205,50.00,0652:20:08,1,08
15:03:36,0.12883,215.00,0.49854,13.82964,40.38255,31.2131,45.10205,50.00,0652:20:09,1,08
15:03:37,0.1279,214.90,0.50104,13.79422,40.27912,31.2131,45.10205,50.00,0652:20:10,1,08
15:03:38,0.12791,215.00,0.50171,13.81784,40.34808,31.21311,45.10206,50.00,0652:20:11,1,08
15:03:39,0.12758,214.80,0.5019,13.77904,40.23479,31.21311,45.10206,50.00,0652:20:12,1,08
15:03:40,0.13022,214.60,0.49458,13.84145,40.41703,31.21311,45.10207,50.00,0652:20:13,1,08
15:03:41,0.12957,214.40,0.49612,13.80434,40.30867,31.21312,45.10207,50.00,0652:20:14,1,08
15:03:42,0.12862,213.90,0.49859,13.73687,40.11166,31.21312,45.10207,50.00,0652:20:15,1,08
15:03:43,0.12834,214.20,0.49988,13.76723,40.20032,31.21313,45.10208,50.00,0652:20:16,1,08
15:03:44,0.12777,214.20,0.49945,13.69133,39.97868,31.21313,45.10208,50.00,0652:20:17,1,08
15:03:45,0.12902,214.20,0.49622,13.73687,40.11166,31.21313,45.10209,50.00,0652:20:19,1,08
15:03:46,0.12862,214.30,0.49774,13.74024,40.12151,31.21314,45.10209,50.00,0652:20:20,1,08
15:03:47,0.12793,214.40,0.49939,13.71663,40.05256,31.21314,45.10209,50.00,0652:20:21,1,08
15:03:48,0.12775,214.30,0.49889,13.68121,39.94913,31.21315,45.1021,50.00,0652:20:22,1,08
15:03:49,0.12895,214.30,0.49732,13.76723,40.20032,31.21315,45.1021,50.00,0652:20:23,1,08
15:03:50,0.12885,214.20,0.49597,13.71157,40.03778,31.21315,45.10211,50.00,0652:20:24,1,08
15:03:51,0.12885,214.20,0.49597,13.71157,40.03778,31.21315,45.10211,50.00,0652:20:24,1,08
15:03:52,0.1291,214.20,0.49683,13.76048,40.18061,31.21316,45.10211,50.00,0652:20:25,1,08
15:03:53,0.1291,214.10,0.49616,13.73856,40.11659,31.21316,45.10211,50.00,0652:20:26,1,08
15:03:54,0.13006,214.00,0.49667,13.84651,40.43181,31.21317,45.10212,50.00,0652:20:27,1,08
15:03:55,0.12924,214.00,0.49635,13.74868,40.14614,31.21317,45.10212,50.00,0652:20:28,1,08
15:03:56,0.12973,214.20,0.49703,13.83302,40.39241,31.21317,45.10213,50.00,0652:20:29,1,08
15:03:57,0.1298,214.30,0.49758,13.86506,40.48598,31.21318,45.10213,50.00,0652:20:30,1,08
15:03:58,0.12899,214.50,0.49763,13.79085,40.26928,31.21318,45.10213,50.00,0652:20:31,1,08
15:03:59,0.12827,214.60,0.50196,13.84145,40.41703,31.21319,45.10214,50.00,0652:20:32,1,08
15:04:00,0.12917,214.90,0.4963,13.79591,40.28405,31.21319,45.10214,50.00,0652:20:33,1,08
15:04:01,0.12917,214.80,0.49672,13.80603,40.3136,31.21319,45.10215,50.00,0652:20:34,1,08
15:04:02,0.12913,214.80,0.49538,13.76048,40.18061,31.2132,45.10215,50.00,0652:20:35,1,08
15:04:03,0.12906,214.70,0.49708,13.79759,40.28897,31.2132,45.10215,50.00,0652:20:36,1,08
15:04:04,0.12822,214.70,0.50239,13.84988,40.44166,31.21321,45.10216,50.00,0652:20:37,1,08
15:04:05,0.12962,214.60,0.49758,13.86,40.47121,31.21321,45.10216,50.00,0652:20:39,1,08
15:04:06,0.12811,214.60,0.50074,13.78579,40.25449,31.21321,45.10217,50.00,0652:20:40,1,08
15:04:07,0.12786,214.50,0.50043,13.74868,40.14614,31.21322,45.10217,50.00,0652:20:41,1,08
15:04:08,0.128,214.40,0.50184,13.79422,40.27912,31.21322,45.10217,50.00,0652:20:42,1,08
15:04:09,0.12941,214.30,0.49593,13.77735,40.22987,31.21323,45.10218,50.00,0652:20:43,1,08
15:04:10,0.12992,214.20,0.49582,13.82121,40.35793,31.21323,45.10218,50.00,0652:20:44,1,08
15:04:11,0.12941,214.20,0.49714,13.80434,40.30867,31.21323,45.10219,50.00,0652:20:45,1,08
15:04:12,0.1278,214.10,0.50215,13.76554,40.19539,31.21324,45.10219,50.00,0652:20:46,1,08
15:04:13,0.12768,214.10,0.50271,13.76554,40.19539,31.21324,45.10219,50.00,0652:20:47,1,08
15:04:14,0.13004,213.90,0.50363,14.03036,40.96866,31.21325,45.1022,50.00,0652:20:48,1,08
15:04:15,0.12995,213.80,0.49667,13.8229,40.36285,31.21325,45.1022,50.00,0652:20:49,1,08
15:04:16,0.12943,213.90,0.50122,13.89711,40.57957,31.21325,45.10221,50.00,0652:20:50,1,08
15:04:17,0.12943,213.90,0.50122,13.89711,40.57957,31.21325,45.10221,50.00,0652:20:50,1,08
15:04:18,0.12866,213.90,0.50104,13.81109,40.32838,31.21326,45.10221,50.00,0652:20:51,1,08
15:04:19,0.12786,213.90,0.50431,13.81277,40.3333,31.21326,45.10222,50.00,0652:20:52,1,08
15:04:20,0.12797,213.90,0.50185,13.7588,40.17569,31.21327,45.10222,50.00,0652:20:53,1,08
15:04:21,0.12922,214.00,0.4972,13.76892,40.20524,31.21327,45.10222,50.00,0652:20:54,1,08
15:04:22,0.12867,214.00,0.49896,13.76217,40.18554,31.21327,45.10223,50.00,0652:20:55,1,08
15:04:23,0.13158,214.20,0.50048,14.12651,41.2494,31.21328,45.10223,50.00,0652:20:56,1,08
15:04:24,0.12906,214.30,0.49951,13.8347,40.39733,31.21328,45.10224,50.00,0652:20:57,1,08
15:04:25,0.12945,214.40,0.49903,13.87012,40.50076,31.21329,45.10224,50.00,0652:20:58,1,08
15:04:26,0.12756,214.40,0.50326,13.7841,40.24957,31.21329,45.10224,50.00,0652:21:00,1,08
15:04:27,0.12822,214.40,0.50061,13.78241,40.24464,31.21329,45.10225,50.00,0652:21:01,1,08
15:04:28,0.12793,214.30,0.50086,13.75037,40.15107,31.2133,45.10225,50.00,0652:21:02,1,08
15:04:29,0.12322,214.30,0.49605,13.11952,38.309,31.2133,45.10226,50.00,0652:21:03,1,08
15:04:30,0.12834,214.40,0.4992,13.7588,40.17569,31.21331,45.10226,50.00,0652:21:04,1,08
15:04:31,0.12373,214.40,0.49879,13.25615,38.70795,31.21331,45.10226,50.00,0652:21:05,1,08
15:04:32,0.12819,214.50,0.49994,13.77061,40.21017,31.21331,45.10227,50.00,0652:21:06,1,08
15:04:33,0.12814,214.60,0.50049,13.7841,40.24957,31.21332,45.10227,50.00,0652:21:07,1,08
15:04:34,0.12839,214.70,0.49902,13.77735,40.22987,31.21332,45.10227,50.00,0652:21:08,1,08
15:04:35,0.12848,214.70,0.49969,13.80434,40.30867,31.21333,45.10228,50.00,0652:21:09,1,08
15:04:36,0.1245,214.60,0.49975,13.37591,39.05765,31.21333,45.10228,50.00,0652:21:10,1,08
15:04:37,0.11788,214.60,0.4962,12.57133,36.70828,31.21333,45.10229,50.00,0652:21:11,1,08
15:04:38,0.12677,214.50,0.50433,13.73687,40.11166,31.21334,45.10229,50.00,0652:21:12,1,08
15:04:39,0.12607,214.40,0.501,13.56651,39.6142,31.21334,45.10229,50.00,0652:21:13,1,08
15:04:40,0.12765,214.30,0.50154,13.74193,40.12644,31.21335,45.1023,50.00,0652:21:14,1,08
15:04:41,0.12747,214.40,0.50351,13.78579,40.25449,31.21335,45.1023,50.00,0652:21:15,1,08
15:04:42,0.12731,214.40,0.50253,13.74193,40.12644,31.21335,45.10231,50.00,0652:21:16,1,08
15:04:43,0.12766,214.40,0.50178,13.7588,40.17569,31.21336,45.10231,50.00,0652:21:17,1,08
15:04:44,0.12766,214.40,0.50178,13.7588,40.17569,31.21336,45.10231,50.00,0652:21:17,1,08
15:04:45,0.12752,214.40,0.50216,13.75205,40.15599,31.21336,45.10231,50.00,0652:21:18,1,08
15:04:46,0.12693,214.50,0.50334,13.72338,40.07226,31.21337,45.10232,50.00,0652:21:19,1,08
15:04:47,0.12763,214.50,0.50277,13.7841,40.24957,31.21337,45.10232,50.00,0652:21:21,1,08
15:04:48,0.12857,214.50,0.49731,13.73687,40.11166,31.21337,45.10233,50.00,0652:21:22,1,08
15:04:49,0.12901,214.50,0.49763,13.79253,40.2742,31.21338,45.10233,50.00,0652:21:23,1,08
15:04:50,0.12772,214.60,0.50234,13.78747,40.25942,31.21338,45.10233,50.00,0652:21:24,1,08
15:04:51,0.12772,214.50,0.50363,13.81615,40.34315,31.21339,45.10234,50.00,0652:21:25,1,08
15:04:52,0.12435,214.50,0.49968,13.35061,38.98377,31.21339,45.10234,50.00,0652:21:26,1,08
15:04:53,0.11764,214.60,0.4958,12.53591,36.60485,31.21339,45.10235,50.00,0652:21:27,1,08
15:04:54,0.12853,214.50,0.49866,13.76892,40.20524,31.2134,45.10235,50.00,0652:21:28,1,08
15:04:55,0.12654,214.60,0.50558,13.74868,40.14614,31.2134,45.10235,50.00,0652:21:29,1,08
15:04:56,0.12713,214.60,0.50426,13.77904,40.23479,31.21341,45.10236,50.00,0652:21:30,1,08
15:04:57,0.12812,214.60,0.50594,13.93591,40.69285,31.21341,45.10236,50.00,0652:21:31,1,08
15:04:58,0.12532,214.40,0.50038,13.4653,39.31869,31.21341,45.10237,50.00,0652:21:32,1,08
15:04:59,0.11747,214.50,0.49211,12.41783,36.26007,31.21342,45.10237,50.00,0652:21:33,1,08
15:05:00,0.12692,214.50,0.50359,13.73181,40.09689,31.21342,45.10237,50.00,0652:21:34,1,08
15:05:01,0.1272,214.50,0.50284,13.74193,40.12644,31.21343,45.10238,50.00,0652:21:35,1,08
15:05:02,0.1269,214.50,0.50371,13.7335,40.10181,31.21343,45.10238,50.00,0652:21:36,1,08
15:05:03,0.12724,214.40,0.50469,13.79085,40.26928,31.21343,45.10238,50.00,0652:21:37,1,08
15:05:04,0.12804,214.50,0.50018,13.75711,40.17076,31.21344,45.10239,50.00,0652:21:38,1,08
15:05:05,0.12702,214.50,0.50383,13.75037,40.15107,31.21344,45.10239,50.00,0652:21:39,1,08
15:05:06,0.12699,214.60,0.50507,13.78579,40.25449,31.21345,45.1024,50.00,0652:21:40,1,08
15:05:07,0.12627,214.60,0.50578,13.72675,40.08212,31.21345,45.1024,50.00,0652:21:42,1,08
15:05:08,0.12844,214.60,0.50067,13.82627,40.3727,31.21345,45.1024,50.00,0652:21:43,1,08
15:05:09,0.12711,214.70,0.50302,13.74699,40.14122,31.21346,45.10241,50.00,0652:21:44,1,08
15:05:10,0.11681,214.70,0.49872,12.52916,36.58515,31.21346,45.10241,50.00,0652:21:45,1,08
15:05:11,0.11681,214.70,0.49872,12.52916,36.58515,31.21346,45.10241,50.00,0652:21:45,1,08
15:05:12,0.12765,214.70,0.50338,13.82121,40.35793,31.21346,45.10242,50.00,0652:21:46,1,08
15:05:13,0.12745,214.80,0.50178,13.76048,40.18061,31.21347,45.10242,50.00,0652:21:47,1,08
15:05:14,0.12763,214.80,0.50068,13.7453,40.13629,31.21347,45.10242,50.00,0652:21:48,1,08
15:05:15,0.12706,214.80,0.50488,13.79928,40.2939,31.21348,45.10243,50.00,0652:21:49,1,08
15:05:16,0.12738,214.80,0.504,13.81109,40.32838,31.21348,45.10243,50.00,0652:21:50,1,08
15:05:17,0.12775,214.80,0.50393,13.8482,40.43673,31.21348,45.10244,50.00,0652:21:51,1,08
15:05:18,0.12848,214.70,0.50037,13.8229,40.36285,31.21349,45.10244,50.00,0652:21:52,1,08
15:05:19,0.12761,214.70,0.50234,13.78579,40.25449,31.21349,45.10244,50.00,0652:21:53,1,08
15:05:20,0.12674,214.70,0.50514,13.76723,40.20032,31.2135,45.10245,50.00,0652:21:54,1,08
15:05:22,0.12717,214.60,0.50463,13.79422,40.27912,31.2135,45.10245,50.00,0652:21:55,1,08
15:05:23,0.12759,214.60,0.50049,13.72338,40.07226,31.2135,45.10246,50.00,0652:21:56,1,08
15:05:24,0.12155,214.50,0.49645,12.96434,37.85587,31.21351,45.10246,50.00,0652:21:57,1,08
15:05:25,0.12788,214.50,0.49896,13.70651,40.02301,31.21351,45.10246,50.00,0652:21:58,1,08
15:05:26,0.12686,214.50,0.50285,13.70313,40.01315,31.21352,45.10247,50.00,0652:21:59,1,08
15:05:27,0.12772,214.40,0.50578,13.8735,40.51061,31.21352,45.10247,50.00,0652:22:00,1,08
15:05:28,0.12967,214.50,0.50454,14.05398,41.03762,31.21352,45.10248,50.00,0652:22:01,1,08
15:05:29,0.12829,214.60,0.50098,13.81446,40.33823,31.21353,45.10248,50.00,0652:22:03,1,08
15:05:30,0.12759,214.90,0.5024,13.79422,40.27912,31.21353,45.10248,50.00,0652:22:04,1,08
15:05:31,0.12717,214.80,0.50308,13.76217,40.18554,31.21354,45.10249,50.00,0652:22:05,1,08
15:05:32,0.1279,214.70,0.49994,13.75205,40.15599,31.21354,45.10249,50.00,0652:22:06,1,08
15:05:33,0.12888,214.80,0.4989,13.83133,40.38748,31.21354,45.1025,50.00,0652:22:07,1,08
15:05:34,0.12783,214.70,0.50172,13.79253,40.2742,31.21355,45.1025,50.00,0652:22:08,1,08
15:05:35,0.12738,214.80,0.50234,13.76554,40.19539,31.21355,45.1025,50.00,0652:22:09,1,08
15:05:36,0.12823,214.80,0.50287,13.87181,40.50569,31.21356,45.10251,50.00,0652:22:10,1,08
15:05:37,0.12708,214.70,0.50228,13.72506,40.07719,31.21356,45.10251,50.00,0652:22:11,1,08
15:05:38,0.12708,214.70,0.50228,13.72506,40.07719,31.21356,45.10251,50.00,0652:22:11,1,08
15:05:39,0.12862,214.40,0.49927,13.78747,40.25942,31.21356,45.10252,50.00,0652:22:12,1,08
15:05:40,0.12823,214.90,0.50214,13.85832,40.46629,31.21357,45.10252,50.00,0652:22:13,1,08
15:05:41,0.12711,215.10,0.50216,13.75037,40.15107,31.21357,45.10252,50.00,0652:22:14,1,08
15:05:42,0.11529,215.00,0.49511,12.29301,35.8956,31.21358,45.10253,50.00,0652:22:15,1,08
15:05:43,0.12754,215.10,0.50203,13.79253,40.2742,31.21358,45.10253,50.00,0652:22:16,1,08
15:05:44,0.1289,215.00,0.49635,13.77398,40.22002,31.21358,45.10254,50.00,0652:22:17,1,08
15:05:45,0.12754,214.80,0.5008,13.74362,40.13136,31.21359,45.10254,50.00,0652:22:18,1,08
15:05:46,0.12775,214.80,0.50135,13.78073,40.23972,31.21359,45.10254,50.00,0652:22:19,1,08
15:05:47,0.12768,214.70,0.50074,13.74699,40.14122,31.2136,45.10255,50.00,0652:22:20,1,08
15:05:48,0.12816,214.60,0.50269,13.8482,40.43673,31.2136,45.10255,50.00,0652:22:21,1,08
15:05:49,0.12713,214.50,0.50111,13.68627,39.9639,31.2136,45.10255,50.00,0652:22:23,1,08
15:05:50,0.12435,214.50,0.50006,13.36241,39.01825,31.21361,45.10256,50.00,0652:22:24,1,08
15:05:51,0.11511,214.60,0.4957,12.26434,35.81187,31.21361,45.10256,50.00,0652:22:25,1,08
15:05:52,0.12895,214.70,0.49738,13.79085,40.26928,31.21362,45.10257,50.00,0652:22:26,1,08
15:05:53,0.12922,214.70,0.49678,13.80771,40.31853,31.21362,45.10257,50.00,0652:22:27,1,08
15:05:54,0.12798,214.80,0.50398,13.87687,40.52047,31.21362,45.10257,50.00,0652:22:28,1,08
15:05:55,0.12811,214.70,0.50202,13.83133,40.38748,31.21363,45.10258,50.00,0652:22:29,1,08
15:05:56,0.12763,214.70,0.50233,13.78916,40.26435,31.21363,45.10258,50.00,0652:22:30,1,08
15:05:57,0.12866,214.70,0.49957,13.82121,40.35793,31.21364,45.10259,50.00,0652:22:31,1,08
15:05:58,0.12934,214.70,0.49436,13.74868,40.14614,31.21364,45.10259,50.00,0652:22:32,1,08
15:05:59,0.1285,214.80,0.4989,13.79085,40.26928,31.21364,45.10259,50.00,0652:22:33,1,08
15:06:00,0.12324,214.80,0.50146,13.29494,38.82123,31.21365,45.1026,50.00,0652:22:34,1,08
15:06:01,0.12741,214.90,0.50055,13.72844,40.08704,31.21365,45.1026,50.00,0652:22:35,1,08
15:06:02,0.12752,214.90,0.4992,13.70482,40.01808,31.21366,45.10261,50.00,0652:22:36,1,08
15:06:03,0.12752,214.90,0.4992,13.70482,40.01808,31.21366,45.10261,50.00,0652:22:36,1,08
15:06:04,0.12843,215.00,0.49835,13.7841,40.24957,31.21366,45.10261,50.00,0652:22:37,1,08
15:06:05,0.12823,215.20,0.49969,13.8094,40.32345,31.21366,45.10261,50.00,0652:22:38,1,08
15:06:06,0.1288,215.20,0.49502,13.74024,40.12151,31.21367,45.10262,50.00,0652:22:39,1,08
15:06:07,0.12679,215.20,0.49321,13.4788,39.35809,31.21367,45.10262,50.00,0652:22:40,1,08
15:06:08,0.12263,215.20,0.49757,13.15157,38.40258,31.21368,45.10263,50.00,0652:22:41,1,08
15:06:09,0.12855,215.10,0.49641,13.74868,40.14614,31.21368,45.10263,50.00,0652:22:43,1,08
15:06:10,0.12768,214.90,0.50123,13.77567,40.22495,31.21368,45.10263,50.00,0652:22:44,1,08
15:06:11,0.12775,214.80,0.50061,13.7588,40.17569,31.21369,45.10264,50.00,0652:22:45,1,08
15:06:12,0.12869,214.70,0.49707,13.75374,40.16092,31.21369,45.10264,50.00,0652:22:46,1,08
15:06:13,0.12874,214.60,0.49744,13.76554,40.19539,31.2137,45.10265,50.00,0652:22:47,1,08
15:06:14,0.12741,214.60,0.50031,13.69976,40.00331,31.2137,45.10265,50.00,0652:22:48,1,08
15:06:15,0.11997,214.40,0.49516,12.75687,37.25006,31.2137,45.10265,50.00,0652:22:49,1,08
15:06:16,0.12811,214.40,0.49853,13.71157,40.03778,31.21371,45.10266,50.00,0652:22:50,1,08
15:06:17,0.12874,214.40,0.49713,13.74362,40.13136,31.21371,45.10266,50.00,0652:22:51,1,08
15:06:18,0.12858,214.20,0.49804,13.74193,40.12644,31.21372,45.10267,50.00,0652:22:52,1,08
15:06:19,0.12844,214.30,0.50018,13.78747,40.25942,31.21372,45.10267,50.00,0652:22:53,1,08
15:06:20,0.12846,214.20,0.50037,13.79253,40.2742,31.21372,45.10267,50.00,0652:22:54,1,08
15:06:21,0.12839,214.30,0.50031,13.78579,40.25449,31.21373,45.10268,50.00,0652:22:55,1,08
15:06:22,0.12929,214.50,0.49715,13.81109,40.32838,31.21373,45.10268,50.00,0652:22:56,1,08
15:06:23,0.12874,214.70,0.49848,13.80265,40.30375,31.21374,45.10269,50.00,0652:22:57,1,08
15:06:24,0.12825,214.80,0.49982,13.79422,40.27912,31.21374,45.10269,50.00,0652:22:58,1,08
15:06:25,0.1285,215.00,0.49994,13.83302,40.39241,31.21374,45.10269,50.00,0652:22:59,1,08
15:06:26,0.12809,215.00,0.49847,13.74868,40.14614,31.21375,45.1027,50.00,0652:23:00,1,08
15:06:27,0.12901,215.00,0.49636,13.78747,40.25942,31.21375,45.1027,50.00,0652:23:01,1,08
15:06:28,0.12901,215.00,0.49636,13.78747,40.25942,31.21375,45.1027,50.00,0652:23:01,1,08
15:06:29,0.1283,215.00,0.50049,13.82796,40.37763,31.21376,45.10271,50.00,0652:23:03,1,08
15:06:30,0.1387,214.90,0.51706,15.43711,45.07637,31.21376,45.10271,50.00,0652:23:04,1,08
15:06:31,0.12768,214.90,0.50288,13.8229,40.36285,31.21376,45.10271,50.00,0652:23:05,1,08
15:06:32,0.12825,215.00,0.49829,13.76048,40.18061,31.21377,45.10272,50.00,0652:23:06,1,08
15:06:33,0.12939,214.90,0.50412,14.04217,41.00314,31.21377,45.10272,50.00,0652:23:07,1,08
15:06:34,0.1279,215.00,0.50196,13.8229,40.36285,31.21378,45.10273,50.00,0652:23:08,1,08
15:06:35,0.12752,214.90,0.50104,13.75542,40.16584,31.21378,45.10273,50.00,0652:23:09,1,08
15:06:36,0.12544,215.00,0.49838,13.46025,39.30392,31.21378,45.10273,50.00,0652:23:10,1,08
15:06:37,0.11843,215.00,0.49001,12.49542,36.48664,31.21379,45.10274,50.00,0652:23:11,1,08
15:06:38,0.1274,214.90,0.50098,13.73687,40.11166,31.21379,45.10274,50.00,0652:23:12,1,08
15:06:39,0.12613,214.90,0.4982,13.52603,39.496,31.2138,45.10275,50.00,0652:23:13,1,08
15:06:40,0.12722,215.00,0.50246,13.76723,40.20032,31.2138,45.10275,50.00,0652:23:14,1,08
15:06:41,0.12697,215.10,0.50271,13.75037,40.15107,31.2138,45.10275,50.00,0652:23:15,1,08
15:06:42,0.12643,215.20,0.49709,13.54795,39.56003,31.21381,45.10276,50.00,0652:23:16,1,08
15:06:43,0.1143,215.20,0.49747,12.25253,35.7774,31.21381,45.10276,50.00,0652:23:17,1,08
15:06:44,0.12638,215.20,0.50427,13.73518,40.10674,31.21382,45.10277,50.00,0652:23:18,1,08
15:06:45,0.12609,215.20,0.50521,13.7335,40.10181,31.21382,45.10277,50.00,0652:23:19,1,08
15:06:46,0.12702,215.20,0.50197,13.74699,40.14122,31.21382,45.10277,50.00,0652:23:20,1,08
15:06:47,0.12772,215.30,0.4992,13.74699,40.14122,31.21383,45.10278,50.00,0652:23:21,1,08
15:06:48,0.12298,215.30,0.50293,13.33711,38.94437,31.21383,45.10278,50.00,0652:23:22,1,08
15:06:49,0.11382,215.30,0.49739,12.21036,35.65426,31.21383,45.10279,50.00,0652:23:24,1,08
15:06:50,0.12609,215.40,0.50633,13.77229,40.2151,31.21384,45.10279,50.00,0652:23:25,1,08
15:06:51,0.12693,215.40,0.50259,13.76723,40.20032,31.21384,45.10279,50.00,0652:23:26,1,08
15:06:52,0.12681,215.50,0.50357,13.7841,40.24957,31.21385,45.1028,50.00,0652:23:27,1,08
15:06:53,0.12629,215.60,0.50588,13.79591,40.28405,31.21385,45.1028,50.00,0652:23:28,1,08
15:06:54,0.12629,215.60,0.50588,13.79591,40.28405,31.21385,45.1028,50.00,0652:23:28,1,08
15:06:55,0.1269,215.60,0.50462,13.82627,40.3727,31.21386,45.1028,50.00,0652:23:29,1,08
15:06:56,0.12717,215.70,0.50178,13.78579,40.25449,31.21386,45.10281,50.00,0652:23:30,1,08
15:06:57,0.12731,215.70,0.50233,13.81784,40.34808,31.21386,45.10281,50.00,0652:23:31,1,08
15:06:58,0.12597,215.70,0.50428,13.72675,40.08212,31.21387,45.10282,50.00,0652:23:32,1,08
15:06:59,0.12609,215.70,0.50582,13.77567,40.22495,31.21387,45.10282,50.00,0652:23:33,1,08
15:07:00,0.12597,215.60,0.50527,13.74699,40.14122,31.21388,45.10282,50.00,0652:23:34,1,08
15:07:01,0.13382,215.60,0.50934,14.71519,42.96834,31.21388,45.10283,50.00,0652:23:35,1,08
15:07:02,0.12969,215.60,0.50325,14.09277,41.1509,31.21388,45.10283,50.00,0652:23:36,1,08
15:07:03,0.122,215.50,0.50506,13.29663,38.82616,31.21389,45.10284,50.00,0652:23:37,1,08
15:07:04,0.12638,215.30,0.50526,13.77061,40.21017,31.21389,45.10284,50.00,0652:23:38,1,08
15:07:05,0.12692,215.40,0.50487,13.82121,40.35793,31.2139,45.10284,50.00,0652:23:39,1,08
15:07:06,0.12582,215.20,0.4995,13.54795,39.56003,31.2139,45.10285,50.00,0652:23:40,1,08
15:07:07,0.11485,215.20,0.49659,12.2947,35.90053,31.2139,45.10285,50.00,0652:23:41,1,08
15:07:08,0.12649,215.20,0.5039,13.73856,40.11659,31.21391,45.10286,50.00,0652:23:42,1,08
15:07:09,0.12641,215.20,0.50464,13.75037,40.15107,31.21391,45.10286,50.00,0652:23:43,1,08
15:07:10,0.12661,215.20,0.50352,13.74193,40.12644,31.21391,45.10286,50.00,0652:23:44,1,08
15:07:11,0.12784,215.20,0.49914,13.75542,40.16584,31.21392,45.10287,50.00,0652:23:46,1,08
15:07:12,0.13461,215.30,0.51197,14.86024,43.39191,31.21392,45.10287,50.00,0652:23:47,1,08
15:07:13,0.12602,215.30,0.5054,13.73687,40.11166,31.21393,45.10288,50.00,0652:23:48,1,08
15:07:14,0.12604,215.40,0.50589,13.75374,40.16092,31.21393,45.10288,50.00,0652:23:49,1,08
15:07:15,0.12768,215.40,0.49914,13.75037,40.15107,31.21394,45.10288,50.00,0652:23:50,1,08
15:07:16,0.12645,215.30,0.5055,13.78747,40.25942,31.21394,45.10289,50.00,0652:23:51,1,08
15:07:17,0.12622,215.40,0.5044,13.7335,40.10181,31.21394,45.10289,50.00,0652:23:52,1,08
15:07:18,0.12001,215.30,0.49889,12.91205,37.70319,31.21395,45.1029,50.00,0652:23:53,1,08
15:07:19,0.12751,215.40,0.50319,13.84314,40.42196,31.21395,45.1029,50.00,0652:23:54,1,08
15:07:20,0.12751,215.40,0.50319,13.84314,40.42196,31.21395,45.1029,50.00,0652:23:54,1,08
15:07:21,0.1279,215.40,0.4989,13.76386,40.19047,31.21396,45.1029,50.00,0652:23:55,1,08
15:07:22,0.12606,215.40,0.50564,13.75374,40.16092,31.21396,45.10291,50.00,0652:23:56,1,08
15:07:23,0.12948,215.40,0.50809,14.19398,41.44642,31.21396,45.10291,50.00,0652:23:57,1,08
15:07:25,0.12607,215.50,0.50546,13.75205,40.15599,31.21397,45.10292,50.00,0652:23:58,1,08
15:07:26,0.12153,215.50,0.50058,13.12964,38.33855,31.21397,45.10292,50.00,0652:23:59,1,08
15:07:27,0.12773,215.50,0.5,13.78241,40.24464,31.21398,45.10292,50.00,0652:24:00,1,08
15:07:28,0.12654,215.40,0.50451,13.77567,40.22495,31.21398,45.10293,50.00,0652:24:01,1,08
15:07:29,0.12729,215.40,0.50025,13.73518,40.10674,31.21398,45.10293,50.00,0652:24:02,1,08
15:07:30,0.12726,215.30,0.5027,13.79759,40.28897,31.21399,45.10293,50.00,0652:24:03,1,08
15:07:31,0.12731,215.40,0.50061,13.74699,40.14122,31.21399,45.10294,50.00,0652:24:04,1,08
15:07:32,0.12403,215.40,0.49817,13.33036,38.92466,31.21399,45.10294,50.00,0652:24:06,1,08
15:07:33,0.12685,215.50,0.50308,13.77229,40.2151,31.214,45.10295,50.00,0652:24:07,1,08
15:07:34,0.12652,215.50,0.50358,13.75205,40.15599,31.214,45.10295,50.00,0652:24:08,1,08
15:07:35,0.12763,215.50,0.49982,13.77229,40.2151,31.21401,45.10295,50.00,0652:24:09,1,08
15:07:36,0.12772,215.40,0.50049,13.79085,40.26928,31.21401,45.10296,50.00,0652:24:10,1,08
15:07:37,0.12659,215.40,0.50389,13.76048,40.18061,31.21401,45.10296,50.00,0652:24:11,1,08
15:07:38,0.12677,215.40,0.50401,13.78747,40.25942,31.21402,45.10297,50.00,0652:24:12,1,08
15:07:39,0.12656,215.40,0.50377,13.75711,40.17076,31.21402,45.10297,50.00,0652:24:13,1,08
15:07:40,0.12738,215.40,0.50055,13.75542,40.16584,31.21403,45.10297,50.00,0652:24:14,1,08
15:07:41,0.12388,215.30,0.49994,13.35567,38.99855,31.21403,45.10298,50.00,0652:24:15,1,08
15:07:42,0.12661,215.30,0.50315,13.73856,40.11659,31.21403,45.10298,50.00,0652:24:16,1,08
15:07:43,0.12131,215.30,0.50026,13.0841,38.20557,31.21404,45.10299,50.00,0652:24:17,1,08
15:07:44,0.12676,215.20,0.5021,13.71832,40.05749,31.21404,45.10299,50.00,0652:24:18,1,08
15:07:45,0.12855,215.20,0.49714,13.77398,40.22002,31.21405,45.10299,50.00,0652:24:19,1,08
15:07:46,0.12379,215.20,0.49804,13.28651,38.79661,31.21405,45.103,50.00,0652:24:20,1,08
15:07:47,0.12379,215.20,0.49804,13.28651,38.79661,31.21405,45.103,50.00,0652:24:20,1,08
15:07:48,0.11342,215.20,0.49572,12.12265,35.39815,31.21405,45.103,50.00,0652:24:21,1,08
15:07:49,0.12683,215.30,0.50278,13.74699,40.14122,31.21406,45.10301,50.00,0652:24:22,1,08
15:07:50,0.12726,215.30,0.5024,13.7841,40.24957,31.21406,45.10301,50.00,0652:24:23,1,08
15:07:51,0.12827,215.20,0.49823,13.77398,40.22002,31.21407,45.10301,50.00,0652:24:24,1,08
15:07:52,0.12841,215.40,0.49799,13.79591,40.28405,31.21407,45.10302,50.00,0652:24:25,1,08
15:07:53,0.12575,215.40,0.49814,13.51759,39.47137,31.21407,45.10302,50.00,0652:24:27,1,08
15:07:54,0.11472,215.40,0.49427,12.23229,35.71829,31.21408,45.10303,50.00,0652:24:28,1,08
15:07:55,0.12718,215.30,0.50418,13.82964,40.38255,31.21408,45.10303,50.00,0652:24:29,1,08
15:07:56,0.12822,215.30,0.50018,13.82964,40.38255,31.21409,45.10303,50.00,0652:24:30,1,08
15:07:57,0.12697,215.20,0.50419,13.80097,40.29883,31.21409,45.10304,50.00,0652:24:31,1,08
15:07:58,0.12638,215.30,0.50483,13.7588,40.17569,31.21409,45.10304,50.00,0652:24:32,1,08
15:07:59,0.12704,215.30,0.5008,13.72338,40.07226,31.2141,45.10304,50.00,0652:24:33,1,08
15:08:00,0.12777,215.30,0.50098,13.80265,40.30375,31.2141,45.10305,50.00,0652:24:34,1,08
15:08:01,0.12763,215.30,0.50141,13.80265,40.30375,31.21411,45.10305,50.00,0652:24:35,1,08
15:08:02,0.12697,215.40,0.50345,13.79253,40.2742,31.21411,45.10306,50.00,0652:24:36,1,08
15:08:03,0.12726,215.50,0.50332,13.82627,40.3727,31.21411,45.10306,50.00,0652:24:37,1,08
15:08:04,0.12777,215.60,0.50079,13.81615,40.34315,31.21412,45.10306,50.00,0652:24:38,1,08
15:08:05,0.12795,215.60,0.49908,13.78916,40.26435,31.21412,45.10307,50.00,0652:24:39,1,08
15:08:06,0.12665,215.60,0.50358,13.77229,40.2151,31.21413,45.10307,50.00,0652:24:40,1,08
15:08:07,0.12598,215.50,0.5031,13.67952,39.9442,31.21413,45.10308,50.00,0652:24:41,1,08
15:08:08,0.12001,215.40,0.50411,13.04868,38.10214,31.21413,45.10308,50.00,0652:24:42,1,08
15:08:09,0.12668,215.30,0.50191,13.70988,40.03286,31.21414,45.10308,50.00,0652:24:43,1,08
15:08:10,0.12809,215.20,0.49969,13.79759,40.28897,31.21414,45.10309,50.00,0652:24:44,1,08
15:08:11,0.11784,215.20,0.49767,12.63711,36.90036,31.21415,45.10309,50.00,0652:24:45,1,08
15:08:12,0.12695,215.20,0.50179,13.73181,40.09689,31.21415,45.1031,50.00,0652:24:47,1,08
15:08:13,0.12695,215.20,0.50179,13.73181,40.09689,31.21415,45.1031,50.00,0652:24:47,1,08
15:08:14,0.12597,215.30,0.50075,13.60193,39.71764,31.21415,45.1031,50.00,0652:24:48,1,08
15:08:15,0.12207,215.30,0.49577,13.05374,38.11691,31.21416,45.1031,50.00,0652:24:49,1,08
15:08:16,0.12672,215.30,0.49747,13.5935,39.69301,31.21416,45.10311,50.00,0652:24:50,1,08
15:08:17,0.12756,215.30,0.50098,13.78241,40.24464,31.21416,45.10311,50.00,0652:24:51,1,08
15:08:18,0.12731,215.40,0.50233,13.79928,40.2939,31.21417,45.10312,50.00,0652:24:52,1,08
15:08:19,0.12823,215.40,0.49945,13.81784,40.34808,31.21417,45.10312,50.00,0652:24:53,1,08
15:08:20,0.12768,215.50,0.49969,13.77061,40.21017,31.21418,45.10312,50.00,0652:24:54,1,08
15:08:21,0.12759,215.40,0.50129,13.80097,40.29883,31.21418,45.10313,50.00,0652:24:55,1,08
15:08:22,0.12741,215.40,0.50172,13.78916,40.26435,31.21419,45.10313,50.00,0652:24:56,1,08
15:08:23,0.1225,215.30,0.49834,13.16169,38.43214,31.21419,45.10314,50.00,0652:24:57,1,08
15:08:24,0.12822,215.20,0.49841,13.77567,40.22495,31.21419,45.10314,50.00,0652:24:58,1,08
15:08:25,0.12731,215.10,0.5016,13.75542,40.16584,31.2142,45.10314,50.00,0652:24:59,1,08
15:08:26,0.12715,215.00,0.50172,13.73687,40.11166,31.2142,45.10315,50.00,0652:25:00,1,08
15:08:27,0.12632,214.90,0.50074,13.61711,39.76197,31.2142,45.10315,50.00,0652:25:01,1,08
15:08:28,0.12775,214.90,0.50086,13.77398,40.22002,31.21421,45.10316,50.00,0652:25:02,1,08
15:08:29,0.12654,215.00,0.49319,13.43663,39.23496,31.21421,45.10316,50.00,0652:25:03,1,08
15:08:30,0.12858,215.00,0.49829,13.79928,40.2939,31.21422,45.10316,50.00,0652:25:04,1,08
15:08:31,0.12864,215.20,0.49933,13.84145,40.41703,31.21422,45.10317,50.00,0652:25:05,1,08
15:08:32,0.12837,215.20,0.50018,13.84314,40.42196,31.21422,45.10317,50.00,0652:25:06,1,08
15:08:33,0.13092,215.30,0.49994,14.11639,41.21985,31.21423,45.10318,50.00,0652:25:08,1,08
15:08:34,0.12978,215.40,0.49446,13.8482,40.43673,31.21423,45.10318,50.00,0652:25:09,1,08
15:08:35,0.12936,215.50,0.49921,13.94097,40.70762,31.21424,45.10318,50.00,0652:25:10,1,08
15:08:36,0.12816,215.50,0.49939,13.81277,40.3333,31.21424,45.10319,50.00,0652:25:11,1,08
15:08:37,0.1279,215.50,0.5011,13.8347,40.39733,31.21425,45.10319,50.00,0652:25:12,1,08
15:08:38,0.1279,215.50,0.5011,13.8347,40.39733,31.21425,45.10319,50.00,0652:25:12,1,08
15:08:39,0.12953,215.50,0.49511,13.84145,40.41703,31.21425,45.1032,50.00,0652:25:13,1,08
15:08:40,0.12786,215.50,0.5,13.80097,40.29883,31.21425,45.1032,50.00,0652:25:14,1,08
15:08:41,0.12791,215.50,0.50037,13.81277,40.3333,31.21426,45.1032,50.00,0652:25:15,1,08
15:08:42,0.12777,215.60,0.50073,13.81784,40.34808,31.21426,45.10321,50.00,0652:25:16,1,08
15:08:43,0.1279,215.70,0.50073,13.8347,40.39733,31.21427,45.10321,50.00,0652:25:17,1,08
15:08:44,0.12515,215.60,0.49388,13.34554,38.96899,31.21427,45.10322,50.00,0652:25:18,1,08
15:08:45,0.11474,215.60,0.49237,12.19687,35.61486,31.21427,45.10322,50.00,0652:25:19,1,08
15:08:46,0.12777,215.40,0.49841,13.74193,40.12644,31.21428,45.10322,50.00,0652:25:20,1,08
15:08:47,0.12881,215.30,0.49757,13.81952,40.353,31.21428,45.10323,50.00,0652:25:21,1,08
15:08:48,0.12846,215.20,0.49695,13.76217,40.18554,31.21428,45.10323,50.00,0652:25:22,1,08
15:08:49,0.12941,215.20,0.49444,13.79253,40.2742,31.21429,45.10324,50.00,0652:25:23,1,08
15:08:50,0.12561,215.40,0.49925,13.52771,39.50093,31.21429,45.10324,50.00,0652:25:24,1,08
15:08:51,0.11545,215.30,0.49417,12.30314,35.92516,31.2143,45.10324,50.00,0652:25:25,1,08
15:08:52,0.12738,215.40,0.50135,13.77735,40.22987,31.2143,45.10325,50.00,0652:25:26,1,08
15:08:53,0.12822,215.40,0.4997,13.8229,40.36285,31.2143,45.10325,50.00,0652:25:28,1,08
15:08:54,0.12917,215.40,0.49697,13.84988,40.44166,31.21431,45.10326,50.00,0652:25:29,1,08
15:08:55,0.12819,215.50,0.50067,13.85663,40.46136,31.21431,45.10326,50.00,0652:25:30,1,08
15:08:56,0.12741,215.90,0.5008,13.80097,40.29883,31.21432,45.10326,50.00,0652:25:31,1,08
15:08:57,0.12758,215.90,0.5,13.79759,40.28897,31.21432,45.10327,50.00,0652:25:32,1,08
15:08:58,0.12805,215.90,0.49714,13.76892,40.20524,31.21432,45.10327,50.00,0652:25:33,1,08
15:08:59,0.1285,215.70,0.49733,13.80771,40.31853,31.21433,45.10328,50.00,0652:25:34,1,08
15:09:00,0.12917,215.90,0.49499,13.82458,40.36778,31.21433,45.10328,50.00,0652:25:35,1,08
15:09:01,0.12713,215.90,0.49546,13.6188,39.7669,31.21434,45.10328,50.00,0652:25:36,1,08
15:09:02,0.11386,215.90,0.49137,12.10073,35.33412,31.21434,45.10329,50.00,0652:25:37,1,08
15:09:03,0.12874,215.90,0.49746,13.85326,40.45151,31.21434,45.10329,50.00,0652:25:38,1,08
15:09:04,0.12874,215.90,0.49746,13.85326,40.45151,31.21434,45.10329,50.00,0652:25:38,1,08
15:09:05,0.1278,216.00,0.49866,13.78916,40.26435,31.21435,45.1033,50.00,0652:25:39,1,08
15:09:06,0.12413,216.00,0.49523,13.29663,38.82616,31.21435,45.1033,50.00,0652:25:40,1,08
15:09:07,0.12715,216.00,0.49056,13.49398,39.40242,31.21436,45.1033,50.00,0652:25:41,1,08
15:09:08,0.12837,216.00,0.49605,13.77398,40.22002,31.21436,45.10331,50.00,0652:25:42,1,08
15:09:09,0.11841,215.90,0.49282,12.62024,36.85111,31.21436,45.10331,50.00,0652:25:43,1,08
15:09:10,0.1272,216.10,0.50257,13.8347,40.39733,31.21437,45.10332,50.00,0652:25:44,1,08
15:09:11,0.12674,216.00,0.50185,13.76217,40.18554,31.21437,45.10332,50.00,0652:25:45,1,08
15:09:12,0.12734,215.90,0.50031,13.78073,40.23972,31.21438,45.10332,50.00,0652:25:46,1,08
15:09:13,0.12788,215.90,0.49902,13.80265,40.30375,31.21438,45.10333,50.00,0652:25:48,1,08
15:09:14,0.12881,215.80,0.49364,13.74699,40.14122,31.21438,45.10333,50.00,0652:25:49,1,08
15:09:15,0.11933,216.00,0.49059,12.6641,36.97917,31.21439,45.10334,50.00,0652:25:50,1,08
15:09:16,0.12578,215.90,0.49833,13.5547,39.57973,31.21439,45.10334,50.00,0652:25:51,1,08
15:09:17,0.127,215.90,0.50129,13.76723,40.20032,31.2144,45.10334,50.00,0652:25:52,1,08
15:09:18,0.12744,215.90,0.49902,13.75037,40.15107,31.2144,45.10335,50.00,0652:25:53,1,08
15:09:19,0.12717,215.80,0.50074,13.76386,40.19047,31.2144,45.10335,50.00,0652:25:54,1,08
15:09:20,0.12699,215.80,0.50412,13.83976,40.41211,31.21441,45.10336,50.00,0652:25:55,1,08
15:09:21,0.12103,215.90,0.49878,13.05036,38.10707,31.21441,45.10336,50.00,0652:25:56,1,08
15:09:22,0.12816,215.90,0.49653,13.76217,40.18554,31.21441,45.10336,50.00,0652:25:57,1,08
15:09:23,0.12683,215.90,0.5008,13.73687,40.11166,31.21442,45.10337,50.00,0652:25:58,1,08
15:09:25,0.12656,215.90,0.50333,13.77229,40.2151,31.21442,45.10337,50.00,0652:25:59,1,08
15:09:26,0.12649,215.70,0.50352,13.76048,40.18061,31.21443,45.10338,50.00,0652:26:00,1,08
15:09:27,0.12265,215.60,0.50057,13.25952,38.7178,31.21443,45.10338,50.00,0652:26:01,1,08
15:09:28,0.12816,215.40,0.49616,13.72169,40.06734,31.21443,45.10338,50.00,0652:26:02,1,08
15:09:29,0.12697,215.50,0.49945,13.68458,39.95898,31.21444,45.10339,50.00,0652:26:03,1,08
15:09:30,0.12713,215.30,0.49963,13.69976,40.00331,31.21444,45.10339,50.00,0652:26:04,1,08
15:09:31,0.12727,215.40,0.50184,13.77904,40.23479,31.21445,45.10339,50.00,0652:26:05,1,08
15:09:32,0.12727,215.40,0.50184,13.77904,40.23479,31.21445,45.10339,50.00,0652:26:05,1,08
15:09:33,0.12663,215.80,0.50388,13.79085,40.26928,31.21445,45.1034,50.00,0652:26:06,1,08
15:09:34,0.12627,216.00,0.49741,13.58675,39.67331,31.21445,45.1034,50.00,0652:26:07,1,08
15:09:35,0.12683,216.10,0.50252,13.79591,40.28405,31.21446,45.10341,50.00,0652:26:09,1,08
15:09:36,0.12668,216.30,0.50197,13.77567,40.22495,31.21446,45.10341,50.00,0652:26:10,1,08
15:09:37,0.12412,216.20,0.49874,13.40627,39.14631,31.21447,45.10341,50.00,0652:26:11,1,08
15:09:38,0.11681,216.30,0.49267,12.46675,36.40292,31.21447,45.10342,50.00,0652:26:12,1,08
15:09:39,0.12818,216.20,0.49544,13.74868,40.14614,31.21447,45.10342,50.00,0652:26:13,1,08
15:09:40,0.12656,216.10,0.50314,13.78073,40.23972,31.21448,45.10343,50.00,0652:26:14,1,08
15:09:41,0.12598,216.10,0.5013,13.67109,39.91957,31.21448,45.10343,50.00,0652:26:15,1,08
15:09:42,0.12649,216.00,0.50277,13.7588,40.17569,31.21449,45.10343,50.00,0652:26:16,1,08
15:09:43,0.12704,216.00,0.50006,13.74362,40.13136,31.21449,45.10344,50.00,0652:26:17,1,08
15:09:44,0.1279,216.00,0.49848,13.79422,40.27912,31.21449,45.10344,50.00,0652:26:18,1,08
15:09:45,0.12724,216.10,0.50067,13.79085,40.26928,31.2145,45.10345,50.00,0652:26:19,1,08
15:09:46,0.1267,216.20,0.50332,13.8094,40.32345,31.2145,45.10345,50.00,0652:26:20,1,08
15:09:47,0.12706,216.20,0.5008,13.78073,40.23972,31.21451,45.10345,50.00,0652:26:21,1,08
15:09:48,0.12611,216.10,0.49839,13.60362,39.72256,31.21451,45.10346,50.00,0652:26:22,1,08
15:09:49,0.11786,216.00,0.49841,12.71133,37.11708,31.21451,45.10346,50.00,0652:26:23,1,08
15:09:50,0.1269,215.90,0.50141,13.75711,40.17076,31.21452,45.10347,50.00,0652:26:24,1,08
15:09:51,0.12654,215.70,0.50136,13.70313,40.01315,31.21452,45.10347,50.00,0652:26:25,1,08
15:09:52,0.12751,215.60,0.49963,13.75542,40.16584,31.21453,45.10347,50.00,0652:26:26,1,08
15:09:53,0.12837,215.60,0.49836,13.81784,40.34808,31.21453,45.10348,50.00,0652:26:27,1,08
15:09:54,0.12818,215.70,0.49939,13.83133,40.38748,31.21453,45.10348,50.00,0652:26:28,1,08
15:09:55,0.128,215.80,0.50085,13.85832,40.46629,31.21454,45.10349,50.00,0652:26:29,1,08
15:09:56,0.12814,215.80,0.50037,13.86169,40.47613,31.21454,45.10349,50.00,0652:26:31,1,08
15:09:57,0.128,215.90,0.49994,13.83976,40.41211,31.21455,45.10349,50.00,0652:26:32,1,08
15:09:58,0.128,215.90,0.49994,13.83976,40.41211,31.21455,45.10349,50.00,0652:26:32,1,08
15:09:59,0.12857,215.80,0.49812,13.84314,40.42196,31.21455,45.1035,50.00,0652:26:33,1,08
15:10:00,0.12784,215.70,0.50018,13.81446,40.33823,31.21455,45.1035,50.00,0652:26:34,1,08
15:10:01,0.12798,215.70,0.5014,13.86506,40.48598,31.21456,45.10351,50.00,0652:26:35,1,08
15:10:02,0.12777,215.70,0.49963,13.78916,40.26435,31.21456,45.10351,50.00,0652:26:36,1,08
15:10:03,0.12747,215.50,0.49816,13.7082,40.02793,31.21457,45.10351,50.00,0652:26:37,1,08
15:10:04,0.1182,215.60,0.49636,12.66747,36.98902,31.21457,45.10352,50.00,0652:26:38,1,08
15:10:05,0.12663,215.60,0.50327,13.76386,40.19047,31.21457,45.10352,50.00,0652:26:39,1,08
15:10:06,0.12412,215.70,0.50057,13.42145,39.19063,31.21458,45.10353,50.00,0652:26:40,1,08
15:10:07,0.11841,215.70,0.49578,12.68434,37.03828,31.21458,45.10353,50.00,0652:26:41,1,08
15:10:08,0.12663,215.70,0.50277,13.75711,40.17076,31.21459,45.10353,50.00,0652:26:42,1,08
15:10:09,0.12665,215.80,0.50234,13.74868,40.14614,31.21459,45.10354,50.00,0652:26:43,1,08
15:10:10,0.12613,215.80,0.5034,13.72338,40.07226,31.21459,45.10354,50.00,0652:26:44,1,08
15:10:11,0.12641,215.80,0.50414,13.77398,40.22002,31.2146,45.10355,50.00,0652:26:45,1,08
15:10:12,0.12718,215.70,0.49908,13.71157,40.03778,31.2146,45.10355,50.00,0652:26:46,1,08
15:10:13,0.1178,215.60,0.49715,12.64555,36.92499,31.21461,45.10355,50.00,0652:26:47,1,08
15:10:14,0.12651,215.60,0.50309,13.7453,40.13629,31.21461,45.10356,50.00,0652:26:48,1,08
15:10:15,0.12595,215.70,0.50174,13.65085,39.86047,31.21461,45.10356,50.00,0652:26:49,1,08
15:10:16,0.1264,215.60,0.50229,13.70988,40.03286,31.21462,45.10356,50.00,0652:26:51,1,08
15:10:17,0.12848,215.60,0.49757,13.80097,40.29883,31.21462,45.10357,50.00,0652:26:52,1,08
15:10:18,0.12659,215.60,0.50247,13.7335,40.10181,31.21463,45.10357,50.00,0652:26:53,1,08
15:10:19,0.11992,215.50,0.49922,12.92217,37.73274,31.21463,45.10358,50.00,0652:26:54,1,08
15:10:20,0.12652,215.50,0.50445,13.77567,40.22495,31.21463,45.10358,50.00,0652:26:55,1,08
15:10:21,0.12681,215.40,0.50401,13.78916,40.26435,31.21464,45.10358,50.00,0652:26:56,1,08
15:10:22,0.12761,215.50,0.49975,13.76723,40.20032,31.21464,45.10359,50.00,0652:26:57,1,08
15:10:23,0.12772,215.50,0.49975,13.77735,40.20032,31.21464,45.10359,50.00,0652:26:57,1,08
15:10:24,0.12674,215.60,0.50333,13.77735,40.22987,31.21465,45.10359,50.00,0652:26:58,1,08
15:10:25,0.12692,215.60,0.50105,13.73518,40.10674,31.21465,45.1036,50.00,0652:26:59,1,08
15:10:26,0.12715,215.70,0.50123,13.76892,40.20524,31.21465,45.1036,50.00,0652:27:00,1,08
15:10:27,0.12766,215.70,0.49865,13.75037,40.15107,31.21466,45.1036,50.00,0652:27:01,1,08
15:10:28,0.12557,215.60,0.50224,13.61543,39.75704,31.21466,45.10361,50.00,0652:27:02,1,08
15:10:29,0.127,216.00,0.5027,13.81109,40.32838,31.21467,45.10361,50.00,0652:27:03,1,08
15:10:30,0.12575,216.10,0.50428,13.72844,40.08704,31.21467,45.10362,50.00,0652:27:04,1,08
15:10:31,0.1232,216.10,0.50291,13.40964,39.15615,31.21467,45.10362,50.00,0652:27:05,1,08
15:10:32,0.12722,216.10,0.49914,13.74699,40.14122,31.21468,45.10362,50.00,0652:27:06,1,08
15:10:33,0.1264,216.20,0.50253,13.75542,40.16584,31.21468,45.10363,50.00,0652:27:07,1,08
15:10:34,0.12638,216.20,0.50246,13.75374,40.16092,31.21468,45.10363,50.00,0652:27:08,1,08
15:10:35,0.12593,216.20,0.50507,13.77398,40.22002,31.21469,45.10364,50.00,0652:27:09,1,08
15:10:36,0.12281,216.30,0.50165,13.34723,38.97392,31.21469,45.10364,50.00,0652:27:11,1,08
15:10:37,0.11356,216.20,0.49424,12.15639,35.49665,31.2147,45.10364,50.00,0652:27:12,1,08
15:10:38,0.12571,216.10,0.5049,13.74024,40.12151,31.2147,45.10365,50.00,0652:27:13,1,08
15:10:39,0.12627,216.10,0.50413,13.77904,40.23479,31.2147,45.10365,50.00,0652:27:14,1,08
15:10:40,0.12665,215.90,0.50413,13.80771,40.31853,31.21471,45.10366,50.00,0652:27:15,1,08
15:10:41,0.12699,216.00,0.49908,13.70988,40.03286,31.21471,45.10366,50.00,0652:27:16,1,08
15:10:42,0.12733,216.00,0.49871,13.73856,40.11659,31.21472,45.10366,50.00,0652:27:17,1,08
15:10:43,0.12885,216.10,0.50532,14.09109,41.14598,31.21472,45.10367,50.00,0652:27:18,1,08
15:10:44,0.12674,215.90,0.50443,13.82796,40.37763,31.21472,45.10367,50.00,0652:27:19,1,08
15:10:45,0.12677,216.00,0.50264,13.7841,40.24957,31.21473,45.10368,50.00,0652:27:20,1,08
15:10:46,0.12724,216.00,0.5008,13.78579,40.25449,31.21473,45.10368,50.00,0652:27:21,1,08
15:10:47,0.12733,216.20,0.50141,13.8229,40.36285,31.21474,45.10368,50.00,0652:27:22,1,08
15:10:48,0.12729,216.00,0.5008,13.79085,40.26928,31.21474,45.10369,50.00,0652:27:23,1,08
15:10:49,0.12729,216.00,0.5008,13.79085,40.26928,31.21474,45.10369,50.00,0652:27:23,1,08
15:10:50,0.12676,215.90,0.50265,13.77567,40.22495,31.21474,45.10369,50.00,0652:27:24,1,08
15:10:51,0.12827,215.80,0.49897,13.83302,40.39241,31.21475,45.1037,50.00,0652:27:25,1,08
15:10:52,0.12624,215.80,0.49734,13.56988,39.62405,31.21475,45.1037,50.00,0652:27:26,1,08
15:10:53,0.11438,215.70,0.49297,12.18338,35.57546,31.21476,45.1037,50.00,0652:27:27,1,08
15:10:54,0.12722,215.80,0.50037,13.76048,40.18061,31.21476,45.10371,50.00,0652:27:28,1,08
15:10:55,0.12702,215.80,0.50203,13.78579,40.25449,31.21476,45.10371,50.00,0652:27:29,1,08
15:10:56,0.12749,215.80,0.49933,13.76217,40.18554,31.21477,45.10371,50.00,0652:27:30,1,08
15:10:57,0.12765,215.70,0.49994,13.78579,40.25449,31.21477,45.10372,50.00,0652:27:32,1,08
15:10:58,0.12665,215.60,0.50142,13.71494,40.04764,31.21478,45.10372,50.00,0652:27:33,1,08
15:10:59,0.11828,215.60,0.49683,12.68771,37.04813,31.21478,45.10373,50.00,0652:27:34,1,08
15:11:00,0.12699,215.60,0.50062,13.72675,40.08212,31.21478,45.10373,50.00,0652:27:35,1,08
15:11:01,0.1283,215.60,0.49556,13.72844,40.08704,31.21479,45.10373,50.00,0652:27:36,1,08
15:11:02,0.12798,215.60,0.49518,13.68458,39.95898,31.21479,45.10374,50.00,0652:27:37,1,08
15:11:03,0.1274,215.60,0.49951,13.74193,40.12644,31.2148,45.10374,50.00,0652:27:38,1,08
15:11:04,0.12715,215.60,0.50068,13.74699,40.14122,31.2148,45.10375,50.00,0652:27:39,1,08
15:11:05,0.12665,215.60,0.50222,13.73687,40.11166,31.2148,45.10375,50.00,0652:27:40,1,08
15:11:06,0.12811,215.70,0.49799,13.78073,40.23972,31.21481,45.10375,50.00,0652:27:41,1,08
15:11:07,0.12706,215.70,0.49994,13.72675,40.08212,31.21481,45.10376,50.00,0652:27:42,1,08
15:11:08,0.12791,215.70,0.49902,13.78916,40.26435,31.21482,45.10376,50.00,0652:27:43,1,08
15:11:09,0.12765,215.70,0.49847,13.7453,40.13629,31.21482,45.10377,50.00,0652:27:44,1,08
15:11:10,0.11956,215.60,0.48955,12.6388,36.90529,31.21482,45.10377,50.00,0652:27:45,1,08
15:11:11,0.1278,215.70,0.49963,13.79591,40.28405,31.21483,45.10377,50.00,0652:27:46,1,08
15:11:12,0.12798,215.80,0.49854,13.79085,40.26928,31.21483,45.10378,50.00,0652:27:47,1,08
15:11:13,0.1283,215.80,0.49811,13.81615,40.34315,31.21484,45.10378,50.00,0652:27:48,1,08
15:11:14,0.12866,215.90,0.49697,13.82796,40.37763,31.21484,45.10379,50.00,0652:27:49,1,08
15:11:15,0.12866,215.90,0.49697,13.82796,40.37763,31.21484,45.10379,50.00,0652:27:49,1,08
15:11:16,0.12846,215.90,0.49484,13.7453,40.13629,31.21484,45.10379,50.00,0652:27:50,1,08
15:11:17,0.12007,215.90,0.49409,12.82771,37.45692,31.21485,45.10379,50.00,0652:27:52,1,08
15:11:18,0.12718,215.90,0.5008,13.77398,40.22002,31.21485,45.1038,50.00,0652:27:53,1,08
15:11:19,0.12724,215.90,0.50012,13.76217,40.18554,31.21486,45.1038,50.00,0652:27:54,1,08
15:11:20,0.12695,215.80,0.50098,13.75037,40.15107,31.21486,45.10381,50.00,0652:27:55,1,08
15:11:21,0.12899,215.80,0.49504,13.80265,40.30375,31.21486,45.10381,50.00,0652:27:56,1,08
15:11:23,0.12727,215.80,0.49957,13.7453,40.13629,31.21487,45.10381,50.00,0652:27:57,1,08
15:11:24,0.12187,215.90,0.49731,13.10603,38.2696,31.21487,45.10382,50.00,0652:27:58,1,08
15:11:25,0.12717,215.90,0.50098,13.77567,40.22495,31.21488,45.10382,50.00,0652:27:59,1,08
15:11:26,0.1272,215.90,0.50049,13.76723,40.20032,31.21488,45.10383,50.00,0652:28:00,1,08
15:11:27,0.12829,215.90,0.49745,13.79928,40.2939,31.21488,45.10383,50.00,0652:28:01,1,08
15:11:28,0.12711,215.80,0.50196,13.79422,40.27912,31.21489,45.10383,50.00,0652:28:02,1,08
15:11:29,0.12654,215.90,0.5024,13.7453,40.13629,31.21489,45.10384,50.00,0652:28:03,1,08
15:11:30,0.12747,215.80,0.49994,13.77567,40.22495,31.2149,45.10384,50.00,0652:28:04,1,08
15:11:31,0.1286,215.80,0.496,13.78747,40.25942,31.2149,45.10385,50.00,0652:28:05,1,08
15:11:32,0.12733,215.80,0.49951,13.74699,40.14122,31.2149,45.10385,50.00,0652:28:06,1,08
15:11:33,0.12745,216.00,0.50055,13.79928,40.2939,31.21491,45.10385,50.00,0652:28:07,1,08
15:11:34,0.12731,216.00,0.49975,13.76723,40.20032,31.21491,45.10386,50.00,0652:28:08,1,08
15:11:35,0.12749,216.10,0.49921,13.77398,40.22002,31.21492,45.10386,50.00,0652:28:09,1,08
15:11:36,0.12812,216.10,0.49732,13.79085,40.26928,31.21492,45.10387,50.00,0652:28:10,1,08
15:11:37,0.12663,216.10,0.50234,13.76892,40.20524,31.21492,45.10387,50.00,0652:28:11,1,08
15:11:38,0.12685,216.20,0.50117,13.76554,40.19539,31.21493,45.10387,50.00,0652:28:13,1,08
15:11:39,0.12679,216.10,0.50283,13.80265,40.30375,31.21493,45.10388,50.00,0652:28:14,1,08
15:11:40,0.12768,216.10,0.49829,13.77229,40.2151,31.21494,45.10388,50.00,0652:28:15,1,08
15:11:41,0.12768,216.10,0.49829,13.77229,40.2151,31.21494,45.10388,50.00,0652:28:15,1,08
15:11:42,0.12255,216.10,0.49409,13.1094,38.27945,31.21494,45.10389,50.00,0652:28:16,1,08
15:11:43,0.12681,216.20,0.50209,13.78747,40.25942,31.21494,45.10389,50.00,0652:28:17,1,08
15:11:44,0.12676,216.10,0.50227,13.78073,40.23972,31.21495,45.10389,50.00,0652:28:18,1,08
15:11:45,0.12693,216.00,0.50104,13.76217,40.18554,31.21495,45.1039,50.00,0652:28:19,1,08
15:11:46,0.12798,215.90,0.49781,13.77735,40.22987,31.21496,45.1039,50.00,0652:28:20,1,08
15:11:47,0.12747,215.90,0.4989,13.75205,40.15599,31.21496,45.10391,50.00,0652:28:21,1,08
15:11:48,0.12745,215.90,0.49749,13.70988,40.03286,31.21496,45.10391,50.00,0652:28:22,1,08
15:11:49,0.12711,215.80,0.49742,13.66771,39.90973,31.21497,45.10391,50.00,0652:28:23,1,08
15:11:50,0.12677,215.70,0.49926,13.67615,39.93435,31.21497,45.10392,50.00,0652:28:24,1,08
15:11:51,0.11344,215.70,0.49429,12.11253,35.3686,31.21497,45.10392,50.00,0652:28:25,1,08
15:11:52,0.12727,215.70,0.50178,13.79759,40.28897,31.21498,45.10393,50.00,0652:28:26,1,08
15:11:53,0.12738,215.70,0.50012,13.76386,40.19047,31.21498,45.10393,50.00,0652:28:27,1,08
15:11:54,0.12772,215.70,0.50116,13.82964,40.38255,31.21499,45.10393,50.00,0652:28:28,1,08
15:11:55,0.12951,215.80,0.49391,13.82796,40.37763,31.21499,45.10394,50.00,0652:28:29,1,08
15:11:56,0.12797,215.90,0.49768,13.77229,40.2151,31.21499,45.10394,50.00,0652:28:30,1,08
15:11:57,0.12765,215.90,0.49914,13.77904,40.23479,31.215,45.10395,50.00,0652:28:31,1,08
15:11:58,0.12772,215.90,0.49798,13.75205,40.15599,31.215,45.10395,50.00,0652:28:33,1,08
15:11:59,0.12798,215.90,0.49817,13.78747,40.25942,31.21501,45.10395,50.00,0652:28:34,1,08
15:12:00,0.12825,215.90,0.49465,13.71494,40.04764,31.21501,45.10396,50.00,0652:28:35,1,08
15:12:01,0.12749,215.70,0.50012,13.77735,40.22987,31.21501,45.10396,50.00,0652:28:36,1,08
15:12:02,0.12717,215.70,0.49945,13.72338,40.07226,31.21502,45.10397,50.00,0652:28:37,1,08
15:12:03,0.12747,215.70,0.49669,13.67783,39.93928,31.21502,45.10397,50.00,0652:28:38,1,08
15:12:04,0.12786,215.70,0.49744,13.74193,40.12644,31.21503,45.10397,50.00,0652:28:39,1,08
15:12:05,0.12825,215.70,0.49616,13.7453,40.13629,31.21503,45.10398,50.00,0652:28:40,1,08
15:12:06,0.12825,215.70,0.49616,13.7453,40.13629,31.21503,45.10398,50.00,0652:28:40,1,08
15:12:07,0.12627,215.60,0.49951,13.62217,39.77674,31.21503,45.10398,50.00,0652:28:41,1,08
15:12:08,0.12631,215.70,0.50012,13.64579,39.8457,31.21504,45.10399,50.00,0652:28:42,1,08
15:12:09,0.12668,215.70,0.50203,13.73856,40.11659,31.21504,45.10399,50.00,0652:28:43,1,08
15:12:10,0.11621,215.60,0.49409,12.39928,36.2059,31.21505,45.10399,50.00,0652:28:44,1,08
15:12:11,0.12906,215.60,0.49286,13.73518,40.10674,31.21505,45.104,50.00,0652:28:45,1,08
15:12:12,0.12754,215.40,0.4981,13.7082,40.02793,31.21505,45.104,50.00,0652:28:46,1,08
15:12:13,0.12724,215.30,0.50166,13.76386,40.19047,31.21506,45.10401,50.00,0652:28:47,1,08
15:12:14,0.12745,215.10,0.49767,13.66434,39.89988,31.21506,45.10401,50.00,0652:28:48,1,08
15:12:15,0.11946,214.90,0.49383,12.69783,37.07767,31.21507,45.10401,50.00,0652:28:49,1,08
15:12:16,0.12733,214.90,0.49895,13.67783,39.93928,31.21507,45.10402,50.00,0652:28:50,1,08
15:12:17,0.12773,215.00,0.49638,13.65422,39.87032,31.21507,45.10402,50.00,0652:28:51,1,08
15:12:18,0.12843,215.00,0.49591,13.71663,40.05256,31.21508,45.10403,50.00,0652:28:52,1,08
15:12:19,0.1286,214.90,0.49653,13.7453,40.13629,31.21508,45.10403,50.00,0652:28:54,1,08
15:12:20,0.12772,214.90,0.49914,13.72338,40.07226,31.21509,45.10403,50.00,0652:28:55,1,08
15:12:21,0.12054,215.00,0.49727,12.9053,37.68349,31.21509,45.10404,50.00,0652:28:56,1,08
15:12:22,0.12811,214.90,0.49902,13.7588,40.17569,31.21509,45.10404,50.00,0652:28:57,1,08
15:12:23,0.12816,214.80,0.49945,13.77061,40.21017,31.2151,45.10405,50.00,0652:28:58,1,08
15:12:24,0.12858,214.90,0.49604,13.72675,40.08212,31.2151,45.10405,50.00,0652:28:59,1,08
15:12:25,0.12101,215.00,0.4945,12.88338,37.61946,31.21511,45.10405,50.00,0652:29:00,1,08
15:12:26,0.12741,215.00,0.49982,13.71326,40.04271,31.21511,45.10406,50.00,0652:29:01,1,08
15:12:27,0.12237,215.00,0.49661,13.08747,38.21542,31.21511,45.10406,50.00,0652:29:02,1,08
15:12:28,0.12843,215.10,0.49756,13.76554,40.19539,31.21512,45.10407,50.00,0652:29:03,1,08
15:12:29,0.12966,215.10,0.49106,13.71832,40.05749,31.21512,45.10407,50.00,0652:29:04,1,08
15:12:30,0.13079,215.10,0.49934,14.07253,41.0918,31.21513,45.10407,50.00,0652:29:05,1,08
15:12:31,0.12874,215.20,0.49805,13.81952,40.353,31.21513,45.10408,50.00,0652:29:06,1,08
15:12:32,0.12866,215.20,0.49769,13.80097,40.29883,31.21513,45.10408,50.00,0652:29:07,1,08
15:12:33,0.12866,215.20,0.49769,13.80097,40.29883,31.21513,45.10408,50.00,0652:29:07,1,08
15:12:34,0.12609,215.10,0.49063,13.33036,38.92466,31.21514,45.10409,50.00,0652:29:08,1,08
15:12:35,0.1279,215.10,0.49841,13.7335,40.10181,31.21514,45.10409,50.00,0652:29:09,1,08
15:12:36,0.12505,215.10,0.49612,13.3641,39.02317,31.21515,45.10409,50.00,0652:29:10,1,08
15:12:37,0.11944,215.00,0.49685,12.78049,37.31902,31.21515,45.1041,50.00,0652:29:11,1,08
15:12:38,0.12733,215.00,0.50068,13.73012,40.09196,31.21515,45.1041,50.00,0652:29:12,1,08
15:12:39,0.12818,214.90,0.49468,13.65085,39.86047,31.21516,45.10411,50.00,0652:29:14,1,08
15:12:40,0.13377,215.00,0.50457,14.53133,42.43148,31.21516,45.10411,50.00,0652:29:15,1,08
15:12:41,0.12887,214.90,0.49878,13.83639,40.40226,31.21517,45.10411,50.00,0652:29:16,1,08
15:12:42,0.12747,214.70,0.49945,13.69302,39.98361,31.21517,45.10412,50.00,0652:29:17,1,08
15:12:43,0.11843,214.60,0.49735,12.66073,36.96932,31.21517,45.10412,50.00,0652:29:18,1,08
15:12:44,0.12929,214.70,0.49588,13.78916,40.26435,31.21518,45.10413,50.00,0652:29:19,1,08
15:12:45,0.12772,215.00,0.50074,13.77229,40.2151,31.21518,45.10413,50.00,0652:29:20,1,08
15:12:46,0.128,215.00,0.50067,13.80097,40.29883,31.21518,45.10413,50.00,0652:29:21,1,08
15:12:47,0.12855,215.10,0.50024,13.85157,40.44659,31.21519,45.10414,50.00,0652:29:22,1,08
15:12:48,0.12802,215.00,0.50147,13.82796,40.37763,31.21519,45.10414,50.00,0652:29:23,1,08
15:12:49,0.13006,215.00,0.49615,13.89542,40.57464,31.2152,45.10415,50.00,0652:29:24,1,08
15:12:50,0.128,215.00,0.50086,13.80434,40.30867,31.2152,45.10415,50.00,0652:29:25,1,08
15:12:51,0.12741,215.00,0.5,13.71832,40.05749,31.2152,45.10415,50.00,0652:29:26,1,08
15:12:52,0.12955,215.00,0.4974,13.87518,40.51554,31.21521,45.10416,50.00,0652:29:27,1,08
15:12:53,0.13054,215.10,0.50204,14.11639,41.21985,31.21521,45.10416,50.00,0652:29:28,1,08
15:12:54,0.12964,215.10,0.49807,13.90892,40.61404,31.21522,45.10417,50.00,0652:29:29,1,08
15:12:55,0.12837,215.10,0.50134,13.86844,40.49584,31.21522,45.10417,50.00,0652:29:30,1,08
15:12:56,0.12804,215.10,0.50165,13.83976,40.41211,31.21523,45.10417,50.00,0652:29:31,1,08
15:12:57,0.12832,215.00,0.49933,13.80097,40.29883,31.21523,45.10418,50.00,0652:29:32,1,08
15:12:58,0.12943,215.10,0.49637,13.83976,40.41211,31.21523,45.10418,50.00,0652:29:33,1,08
15:12:59,0.12943,215.10,0.49637,13.83976,40.41211,31.21523,45.10418,50.00,0652:29:33,1,08
15:13:00,0.12791,215.10,0.50159,13.8229,40.36285,31.21524,45.10419,50.00,0652:29:35,1,08
15:13:01,0.1277,215.20,0.50086,13.7841,40.24957,31.21524,45.10419,50.00,0652:29:36,1,08
15:13:02,0.12763,215.10,0.50196,13.80265,40.30375,31.21525,45.10419,50.00,0652:29:37,1,08
15:13:03,0.12773,215.10,0.50055,13.77567,40.22495,31.21525,45.1042,50.00,0652:29:38,1,08
15:13:04,0.12892,215.10,0.49581,13.77229,40.2151,31.21525,45.1042,50.00,0652:29:39,1,08
15:13:05,0.12765,215.20,0.50086,13.78241,40.24464,31.21526,45.10421,50.00,0652:29:40,1,08
15:13:06,0.12741,215.20,0.50037,13.7453,40.13629,31.21526,45.10421,50.00,0652:29:41,1,08
15:13:07,0.12733,215.50,0.5016,13.78241,40.24464,31.21527,45.10421,50.00,0652:29:42,1,08
15:13:08,0.1274,215.50,0.50018,13.75374,40.16092,31.21527,45.10422,50.00,0652:29:43,1,08
15:13:09,0.12917,215.40,0.49728,13.86,40.47121,31.21527,45.10422,50.00,0652:29:44,1,08
15:13:10,0.12851,215.40,0.49459,13.71157,40.03778,31.21528,45.10423,50.00,0652:29:45,1,08
15:13:11,0.12922,215.40,0.49346,13.75542,40.16584,31.21528,45.10423,50.00,0652:29:46,1,08
15:13:12,0.12745,215.30,0.4989,13.71157,40.03778,31.21529,45.10423,50.00,0652:29:47,1,08
15:13:13,0.1191,215.20,0.49461,12.69952,37.0826,31.21529,45.10424,50.00,0652:29:48,1,08
15:13:14,0.12798,215.20,0.49878,13.76048,40.18061,31.21529,45.10424,50.00,0652:29:49,1,08
15:13:15,0.12726,215.20,0.50166,13.76386,40.19047,31.2153,45.10425,50.00,0652:29:50,1,08
15:13:16,0.12718,215.20,0.50172,13.75711,40.17076,31.2153,45.10425,50.00,0652:29:51,1,08
15:13:17,0.1274,215.50,0.49945,13.73181,40.09689,31.21531,45.10425,50.00,0652:29:52,1,08
15:13:18,0.12144,215.40,0.49408,12.9441,37.79677,31.21531,45.10426,50.00,0652:29:53,1,08
15:13:19,0.12724,215.40,0.50209,13.78073,40.23972,31.21531,45.10426,50.00,0652:29:54,1,08
15:13:20,0.12738,215.40,0.5016,13.78241,40.24464,31.21532,45.10427,50.00,0652:29:55,1,08
15:13:21,0.12758,215.40,0.49963,13.75374,40.16092,31.21532,45.10427,50.00,0652:29:57,1,08
15:13:22,0.12822,215.40,0.49933,13.8094,40.32345,31.21532,45.10427,50.00,0652:29:58,1,08
15:13:23,0.12736,215.40,0.50025,13.74868,40.14614,31.21533,45.10428,50.00,0652:29:59,1,08
15:13:24,0.12192,215.40,0.49923,13.13301,38.3484,31.21533,45.10428,50.00,0652:30:00,1,08
15:13:26,0.12741,215.50,0.50386,13.85494,40.45643,31.21534,45.10429,50.00,0652:30:01,1,08
15:13:27,0.12741,215.50,0.50386,13.85494,40.45643,31.21534,45.10429,50.00,0652:30:01,1,08
15:13:28,0.12654,215.40,0.505,13.78916,40.26435,31.21534,45.10429,50.00,0652:30:02,1,08
15:13:29,0.126,215.40,0.50105,13.62217,39.77674,31.21534,45.10429,50.00,0652:30:03,1,08
15:13:30,0.12359,215.40,0.5024,13.39783,39.12168,31.21535,45.1043,50.00,0652:30:04,1,08
15:13:31,0.12658,215.50,0.50321,13.74699,40.14122,31.21535,45.1043,50.00,0652:30:05,1,08
15:13:32,0.12406,215.40,0.5012,13.41639,39.17586,31.21536,45.10431,50.00,0652:30:06,1,08
15:13:33,0.12758,215.30,0.50202,13.81446,40.33823,31.21536,45.10431,50.00,0652:30:07,1,08
15:13:34,0.12759,215.30,0.50074,13.77904,40.23479,31.21536,45.10431,50.00,0652:30:08,1,08
15:13:35,0.12654,215.30,0.50507,13.78073,40.23972,31.21537,45.10432,50.00,0652:30:09,1,08
15:13:36,0.12625,215.30,0.50719,13.80771,40.31853,31.21537,45.10432,50.00,0652:30:10,1,08
15:13:37,0.1225,215.30,0.50549,13.35061,38.98377,31.21538,45.10432,50.00,0652:30:11,1,08
15:13:38,0.11304,215.20,0.49785,12.1294,35.41785,31.21538,45.10433,50.00,0652:30:12,1,08
15:13:39,0.1272,215.20,0.50154,13.75037,40.15107,31.21538,45.10433,50.00,0652:30:13,1,08
15:13:40,0.12573,215.20,0.50666,13.73012,40.09196,31.21539,45.10434,50.00,0652:30:14,1,08
15:13:41,0.12248,215.10,0.50754,13.39446,39.11182,31.21539,45.10434,50.00,0652:30:15,1,08
15:13:42,0.12686,215.10,0.50666,13.85157,40.44659,31.2154,45.10434,50.00,0652:30:16,1,08
15:13:43,0.12749,215.20,0.5011,13.77061,40.21017,31.2154,45.10435,50.00,0652:30:18,1,08
15:13:44,0.12661,215.20,0.50686,13.83302,40.39241,31.2154,45.10435,50.00,0652:30:19,1,08
15:13:45,0.12615,215.20,0.5067,13.77735,40.22987,31.21541,45.10436,50.00,0652:30:20,1,08
15:13:46,0.12634,215.20,0.50737,13.81784,40.34808,31.21541,45.10436,50.00,0652:30:21,1,08
15:13:47,0.12629,215.30,0.50582,13.77735,40.22987,31.21542,45.10436,50.00,0652:30:22,1,08
15:13:48,0.12738,215.10,0.50043,13.73181,40.09689,31.21542,45.10437,50.00,0652:30:23,1,08
15:13:49,0.12611,215.10,0.50664,13.76723,40.20032,31.21542,45.10437,50.00,0652:30:24,1,08
15:13:50,0.12638,215.10,0.50595,13.77567,40.22495,31.21543,45.10438,50.00,0652:30:25,1,08
15:13:51,0.12618,215.10,0.50676,13.77735,40.22987,31.21543,45.10438,50.00,0652:30:26,1,08
15:13:52,0.12659,215.10,0.50507,13.77735,40.22987,31.21544,45.10438,50.00,0652:30:27,1,08
15:13:53,0.12659,215.10,0.50507,13.77735,40.22987,31.21544,45.10438,50.00,0652:30:27,1,08
15:13:54,0.11348,215.10,0.49434,12.08723,35.29472,31.21544,45.10439,50.00,0652:30:28,1,08
15:13:55,0.12674,215.10,0.50636,13.82458,40.36778,31.21544,45.10439,50.00,0652:30:29,1,08
15:13:56,0.12654,214.90,0.5057,13.77567,40.22495,31.21545,45.10439,50.00,0652:30:30,1,08
15:13:57,0.12581,214.90,0.50585,13.69976,40.00331,31.21545,45.1044,50.00,0652:30:31,1,08
15:13:58,0.1272,214.90,0.5032,13.78073,40.23972,31.21546,45.1044,50.00,0652:30:32,1,08
15:13:59,0.12745,214.90,0.49994,13.71494,40.04764,31.21546,45.10441,50.00,0652:30:33,1,08
15:14:00,0.11681,214.90,0.50007,12.57302,36.71321,31.21546,45.10441,50.00,0652:30:34,1,08
15:14:01,0.12724,214.90,0.50474,13.82627,40.3727,31.21547,45.10441,50.00,0652:30:35,1,08
15:14:02,0.12765,215.00,0.50098,13.76892,40.20524,31.21547,45.10442,50.00,0652:30:36,1,08
15:14:03,0.12686,215.10,0.49858,13.62386,39.78167,31.21548,45.10442,50.00,0652:30:37,1,08
15:14:04,0.12727,215.10,0.50246,13.77567,40.22495,31.21548,45.10443,50.00,0652:30:39,1,08
15:14:05,0.12807,215.00,0.50104,13.82121,40.35793,31.21548,45.10443,50.00,0652:30:40,1,08
15:14:06,0.12685,214.90,0.50408,13.76554,40.19539,31.21549,45.10443,50.00,0652:30:41,1,08
15:14:07,0.12811,214.90,0.50055,13.80603,40.3136,31.21549,45.10444,50.00,0652:30:42,1,08
15:14:08,0.12818,214.90,0.49713,13.71663,40.05256,31.2155,45.10444,50.00,0652:30:43,1,08
15:14:09,0.12717,214.80,0.50062,13.69976,40.00331,31.2155,45.10445,50.00,0652:30:44,1,08
15:14:10,0.12618,214.80,0.50236,13.63567,39.81615,31.2155,45.10445,50.00,0652:30:45,1,08
15:14:11,0.11716,214.80,0.49993,12.6,36.79201,31.21551,45.10445,50.00,0652:30:46,1,08
15:14:12,0.12672,214.70,0.50328,13.71832,40.05749,31.21551,45.10446,50.00,0652:30:47,1,08
15:14:13,0.12672,214.70,0.49944,13.61374,39.75212,31.21551,45.10446,50.00,0652:30:48,1,08
15:14:14,0.12142,214.80,0.49735,12.99133,37.93468,31.21552,45.10447,50.00,0652:30:49,1,08
15:14:15,0.12632,214.70,0.49975,13.57832,39.64868,31.21552,45.10447,50.00,0652:30:50,1,08
15:14:16,0.1274,214.80,0.50215,13.76048,40.18061,31.21553,45.10447,50.00,0652:30:51,1,08
15:14:17,0.12827,214.70,0.49908,13.76386,40.19047,31.21553,45.10448,50.00,0652:30:52,1,08
15:14:18,0.12844,214.60,0.49939,13.78747,40.25942,31.21553,45.10448,50.00,0652:30:53,1,08
15:14:19,0.12768,214.50,0.50191,13.76554,40.19539,31.21554,45.10449,50.00,0652:30:54,1,08
15:14:20,0.12768,214.50,0.50191,13.76554,40.19539,31.21554,45.10449,50.00,0652:30:54,1,08
15:14:21,0.1272,214.40,0.50364,13.76048,40.18061,31.21554,45.10449,50.00,0652:30:55,1,08
15:14:22,0.12747,214.30,0.50277,13.7588,40.17569,31.21555,45.10449,50.00,0652:30:56,1,08
15:14:23,0.10868,214.60,0.49343,11.52555,33.65459,31.21555,45.1045,50.00,0652:30:57,1,08
15:14:24,0.11976,214.40,0.49921,12.83783,37.48648,31.21555,45.1045,50.00,0652:30:58,1,08
15:14:25,0.12765,214.30,0.50271,13.77567,40.22495,31.21556,45.1045,50.00,0652:31:00,1,08
15:14:26,0.12822,214.40,0.4992,13.74193,40.12644,31.21556,45.10451,50.00,0652:31:01,1,08
15:14:27,0.1292,214.30,0.49629,13.76048,40.18061,31.21557,45.10451,50.00,0652:31:02,1,08
15:14:28,0.12811,214.30,0.49908,13.72338,40.07226,31.21557,45.10452,50.00,0652:31:03,1,08
15:14:29,0.12798,214.40,0.50141,13.77904,40.23479,31.21557,45.10452,50.00,0652:31:04,1,08
15:14:30,0.12775,214.60,0.50221,13.78747,40.25942,31.21558,45.10452,50.00,0652:31:05,1,08
15:14:31,0.12745,214.60,0.50332,13.79085,40.26928,31.21558,45.10453,50.00,0652:31:06,1,08
15:14:32,0.1279,214.60,0.49939,13.73181,40.09689,31.21559,45.10453,50.00,0652:31:07,1,08
15:14:33,0.12736,214.60,0.50129,13.72506,40.07719,31.21559,45.10454,50.00,0652:31:08,1,08
15:14:34,0.12663,214.70,0.50136,13.65422,39.87032,31.21559,45.10454,50.00,0652:31:09,1,08
15:14:35,0.127,214.70,0.50358,13.75374,40.16092,31.2156,45.10454,50.00,0652:31:10,1,08
15:14:36,0.12704,214.80,0.50364,13.76217,40.18554,31.2156,45.10455,50.00,0652:31:11,1,08
15:14:37,0.12837,214.70,0.49829,13.75711,40.17076,31.21561,45.10455,50.00,0652:31:12,1,08
15:14:38,0.12717,214.70,0.50271,13.7453,40.13629,31.21561,45.10456,50.00,0652:31:13,1,08
15:14:39,0.1255,214.70,0.50281,13.57157,39.62898,31.21561,45.10456,50.00,0652:31:14,1,08
15:14:40,0.12708,214.70,0.50315,13.74868,40.14614,31.21562,45.10456,50.00,0652:31:15,1,08
15:14:41,0.12695,214.70,0.50383,13.75374,40.16092,31.21562,45.10457,50.00,0652:31:16,1,08
15:14:42,0.12841,214.90,0.49829,13.77061,40.21017,31.21563,45.10457,50.00,0652:31:17,1,08
15:14:43,0.127,215.00,0.50234,13.74024,40.12151,31.21563,45.10458,50.00,0652:31:18,1,08
15:14:44,0.11879,215.00,0.49855,12.75012,37.23036,31.21563,45.10458,50.00,0652:31:20,1,08
15:14:45,0.12643,214.90,0.50477,13.73518,40.10674,31.21564,45.10458,50.00,0652:31:21,1,08
15:14:46,0.12855,214.90,0.49726,13.76217,40.18554,31.21564,45.10459,50.00,0652:31:22,1,08
15:14:47,0.12855,214.90,0.49726,13.76217,40.18554,31.21564,45.10459,50.00,0652:31:22,1,08
15:14:48,0.12708,214.90,0.5024,13.74362,40.13136,31.21565,45.10459,50.00,0652:31:23,1,08
15:14:49,0.12695,214.90,0.50321,13.75037,40.15107,31.21565,45.1046,50.00,0652:31:24,1,08
15:14:50,0.12506,214.90,0.50589,13.62048,39.77182,31.21565,45.1046,50.00,0652:31:25,1,08
15:14:51,0.1177,215.00,0.50266,12.73832,37.19588,31.21566,45.1046,50.00,0652:31:26,1,08
15:14:52,0.12668,215.00,0.50291,13.71832,40.05749,31.21566,45.10461,50.00,0652:31:27,1,08
15:14:53,0.12717,215.00,0.5069,13.87856,40.52539,31.21567,45.10461,50.00,0652:31:28,1,08
15:14:54,0.12683,214.90,0.50537,13.79759,40.28897,31.21567,45.10461,50.00,0652:31:29,1,08
15:14:55,0.12708,214.90,0.50475,13.80434,40.30867,31.21567,45.10462,50.00,0652:31:30,1,08
15:14:56,0.12674,214.90,0.50309,13.72506,40.07719,31.21568,45.10462,50.00,0652:31:31,1,08
15:14:57,0.12706,214.80,0.50167,13.71663,40.05256,31.21568,45.10463,50.00,0652:31:32,1,08
15:14:58,0.12609,214.90,0.50559,13.72169,40.06734,31.21569,45.10463,50.00,0652:31:33,1,08
15:14:59,0.12629,214.90,0.50695,13.77904,40.23479,31.21569,45.10463,50.00,0652:31:34,1,08
15:15:00,0.12668,214.80,0.50458,13.75374,40.16092,31.21569,45.10464,50.00,0652:31:35,1,08
15:15:01,0.12758,214.80,0.50467,13.85326,40.45151,31.2157,45.10464,50.00,0652:31:36,1,08
15:15:02,0.12807,214.80,0.50159,13.81784,40.34808,31.2157,45.10465,50.00,0652:31:37,1,08
15:15:03,0.12938,214.60,0.51092,14.21085,41.49567,31.21571,45.10465,50.00,0652:31:38,1,08
15:15:04,0.12659,214.70,0.50868,13.84651,40.43181,31.21571,45.10465,50.00,0652:31:39,1,08
15:15:05,0.12786,214.80,0.50325,13.84482,40.42688,31.21571,45.10466,50.00,0652:31:41,1,08
15:15:06,0.12718,214.90,0.50333,13.77904,40.23479,31.21572,45.10466,50.00,0652:31:42,1,08
15:15:07,0.12629,215.00,0.50595,13.76048,40.18061,31.21572,45.10467,50.00,0652:31:43,1,08
15:15:08,0.12674,215.20,0.50667,13.84314,40.42196,31.21573,45.10467,50.00,0652:31:44,1,08
15:15:09,0.12659,215.30,0.50513,13.78579,40.25449,31.21573,45.10467,50.00,0652:31:45,1,08
15:15:10,0.12745,215.30,0.50252,13.81109,40.32838,31.21573,45.10468,50.00,0652:31:46,1,08
15:15:11,0.127,215.20,0.50302,13.77229,40.2151,31.21574,45.10468,50.00,0652:31:47,1,08
15:15:12,0.12392,215.30,0.50543,13.5041,39.43197,31.21574,45.10469,50.00,0652:31:48,1,08
15:15:13,0.12392,215.30,0.50543,13.5041,39.43197,31.21574,45.10469,50.00,0652:31:48,1,08
15:15:14,0.12588,215.30,0.50597,13.73181,40.09689,31.21575,45.10469,50.00,0652:31:49,1,08
15:15:15,0.11832,215.20,0.50165,12.79567,37.36335,31.21575,45.10469,50.00,0652:31:50,1,08
15:15:16,0.12632,215.20,0.50533,13.75711,40.17076,31.21575,45.1047,50.00,0652:31:51,1,08
15:15:17,0.12514,215.20,0.50538,13.62892,39.79644,31.21576,45.1047,50.00,0652:31:52,1,08
15:15:18,0.12517,215.10,0.50538,13.62723,39.79152,31.21576,45.1047,50.00,0652:31:53,1,08
15:15:20,0.12629,215.10,0.50521,13.74362,40.13136,31.21577,45.10471,50.00,0652:31:54,1,08
15:15:21,0.1253,215.00,0.50781,13.70145,40.00823,31.21577,45.10471,50.00,0652:31:55,1,08
15:15:22,0.12179,215.00,0.50219,13.16844,38.45184,31.21577,45.10472,50.00,0652:31:56,1,08
15:15:23,0.12607,214.80,0.50746,13.76723,40.20032,31.21578,45.10472,50.00,0652:31:57,1,08
15:15:24,0.1264,214.90,0.50446,13.72675,40.08212,31.21578,45.10472,50.00,0652:31:58,1,08
15:15:25,0.12768,214.90,0.49982,13.73687,40.11166,31.21579,45.10473,50.00,0652:31:59,1,08
15:15:26,0.12766,214.90,0.50055,13.75711,40.17076,31.21579,45.10473,50.00,0652:32:01,1,08
15:15:27,0.1274,215.00,0.50018,13.72,40.06241,31.21579,45.10474,50.00,0652:32:02,1,08
15:15:28,0.1277,214.90,0.50043,13.75542,40.16584,31.2158,45.10474,50.00,0652:32:03,1,08
15:15:29,0.12727,214.90,0.50142,13.73856,40.11659,31.2158,45.10474,50.00,0652:32:04,1,08
15:15:30,0.12624,215.00,0.50633,13.76554,40.19539,31.21581,45.10475,50.00,0652:32:05,1,08
15:15:31,0.12699,214.90,0.50241,13.73518,40.10674,31.21581,45.10475,50.00,0652:32:06,1,08
15:15:32,0.12544,215.00,0.50824,13.72675,40.08212,31.21581,45.10476,50.00,0652:32:07,1,08
15:15:33,0.12492,215.00,0.50483,13.58,39.65361,31.21582,45.10476,50.00,0652:32:08,1,08
15:15:34,0.12554,215.10,0.50524,13.66265,39.89495,31.21582,45.10476,50.00,0652:32:09,1,08
15:15:35,0.12593,215.10,0.50678,13.74868,40.14614,31.21582,45.10477,50.00,0652:32:10,1,08
15:15:36,0.12535,215.10,0.50181,13.54964,39.56495,31.21583,45.10477,50.00,0652:32:11,1,08
15:15:37,0.11116,215.10,0.49922,11.95398,34.90562,31.21583,45.10477,50.00,0652:32:12,1,08
15:15:38,0.12609,215.10,0.50621,13.75205,40.15599,31.21584,45.10478,50.00,0652:32:13,1,08
15:15:39,0.12638,215.10,0.50582,13.77398,40.22002,31.21584,45.10478,50.00,0652:32:14,1,08
15:15:40,0.12638,215.10,0.50582,13.77398,40.22002,31.21584,45.10478,50.00,0652:32:14,1,08
15:15:41,0.12668,215.10,0.50439,13.77061,40.21017,31.21584,45.10479,50.00,0652:32:15,1,08
15:15:42,0.12773,215.10,0.49884,13.72675,40.08212,31.21585,45.10479,50.00,0652:32:16,1,08
15:15:43,0.12425,215.00,0.50403,13.48723,39.38272,31.21585,45.10479,50.00,0652:32:17,1,08
15:15:44,0.11185,215.00,0.49839,12.00627,35.0583,31.21586,45.1048,50.00,0652:32:18,1,08
15:15:45,0.12611,214.90,0.5054,13.72169,40.06734,31.21586,45.1048,50.00,0652:32:19,1,08
15:15:46,0.12573,215.00,0.50617,13.70313,40.01315,31.21586,45.10481,50.00,0652:32:21,1,08
15:15:47,0.12618,215.10,0.5013,13.62892,39.79644,31.21587,45.10481,50.00,0652:32:22,1,08
15:15:48,0.12503,215.20,0.50889,13.71494,40.04764,31.21587,45.10481,50.00,0652:32:23,1,08
15:15:49,0.11576,215.20,0.50473,12.59494,36.77723,31.21588,45.10482,50.00,0652:32:24,1,08
15:15:50,0.12586,215.20,0.50572,13.72169,40.06734,31.21588,45.10482,50.00,0652:32:25,1,08
15:15:51,0.12677,215.30,0.50272,13.74024,40.12151,31.21588,45.10482,50.00,0652:32:26,1,08
15:15:52,0.12551,215.30,0.50642,13.7082,40.02793,31.21589,45.10483,50.00,0652:32:27,1,08
15:15:53,0.12573,215.40,0.50808,13.78073,40.23972,31.21589,45.10483,50.00,0652:32:28,1,08
15:15:54,0.12595,215.30,0.50633,13.75374,40.16092,31.2159,45.10484,50.00,0652:32:29,1,08
15:15:55,0.12674,215.30,0.50555,13.81615,40.34315,31.2159,45.10484,50.00,0652:32:30,1,08
15:15:56,0.12711,215.20,0.50357,13.79422,40.27912,31.2159,45.10484,50.00,0652:32:31,1,08
15:15:57,0.12659,215.10,0.50526,13.77904,40.23479,31.21591,45.10485,50.00,0652:32:32,1,08
15:15:58,0.12692,215.00,0.50389,13.77398,40.22002,31.21591,45.10485,50.00,0652:32:33,1,08
15:15:59,0.12618,215.10,0.50341,13.68289,39.95405,31.21592,45.10486,50.00,0652:32:34,1,08
15:16:00,0.12649,215.00,0.50136,13.65928,39.8851,31.21592,45.10486,50.00,0652:32:35,1,08
15:16:01,0.12667,215.00,0.50365,13.74193,40.12644,31.21592,45.10486,50.00,0652:32:36,1,08
15:16:02,0.12636,214.90,0.50558,13.75205,40.15599,31.21593,45.10487,50.00,0652:32:37,1,08
15:16:03,0.12617,215.00,0.50596,13.75037,40.15107,31.21593,45.10487,50.00,0652:32:38,1,08
15:16:04,0.1264,215.10,0.50588,13.77735,40.22987,31.21594,45.10488,50.00,0652:32:39,1,08
15:16:05,0.12829,215.10,0.5047,13.9494,40.73225,31.21594,45.10488,50.00,0652:32:40,1,08
15:16:06,0.12829,215.10,0.5047,13.9494,40.73225,31.21594,45.10488,50.00,0652:32:40,1,08
15:16:07,0.12454,215.20,0.50308,13.50241,39.42705,31.21594,45.10488,50.00,0652:32:42,1,08
15:16:08,0.12259,215.20,0.50038,13.22241,38.60944,31.21595,45.10489,50.00,0652:32:43,1,08
15:16:09,0.12597,215.40,0.50534,13.73181,40.09689,31.21595,45.10489,50.00,0652:32:44,1,08
15:16:10,0.12667,215.40,0.50339,13.75542,40.16584,31.21596,45.1049,50.00,0652:32:45,1,08
15:16:11,0.12606,215.30,0.50583,13.75205,40.15599,31.21596,45.1049,50.00,0652:32:46,1,08
15:16:12,0.12519,215.30,0.50575,13.65085,39.86047,31.21596,45.1049,50.00,0652:32:47,1,08
15:16:13,0.12108,215.30,0.50239,13.11952,38.309,31.21597,45.10491,50.00,0652:32:48,1,08
15:16:14,0.12629,215.30,0.50483,13.74699,40.14122,31.21597,45.10491,50.00,0652:32:49,1,08
15:16:15,0.12888,215.30,0.5003,13.90555,40.60419,31.21598,45.10491,50.00,0652:32:50,1,08
15:16:16,0.12421,215.40,0.5034,13.48723,39.38272,31.21598,45.10492,50.00,0652:32:51,1,08
15:16:17,0.12231,215.30,0.50371,13.28314,38.78676,31.21598,45.10492,50.00,0652:32:52,1,08
15:16:18,0.12586,215.20,0.50777,13.77398,40.22002,31.21599,45.10493,50.00,0652:32:53,1,08
15:16:19,0.12598,215.10,0.50671,13.75374,40.16092,31.21599,45.10493,50.00,0652:32:54,1,08
15:16:20,0.1277,215.10,0.5,13.75374,40.16092,31.21599,45.10493,50.00,0652:32:55,1,08
15:16:21,0.12618,215.10,0.50608,13.7588,40.17569,31.216,45.10494,50.00,0652:32:56,1,08
15:16:22,0.12645,215.10,0.50464,13.75205,40.15599,31.216,45.10494,50.00,0652:32:57,1,08
15:16:23,0.12779,215.10,0.50588,13.92579,40.6633,31.21601,45.10495,50.00,0652:32:58,1,08
15:16:24,0.12591,215.00,0.50653,13.73518,40.10674,31.21601,45.10495,50.00,0652:32:59,1,08
15:16:25,0.1245,214.90,0.49836,13.35567,38.99855,31.21601,45.10495,50.00,0652:33:00,1,08
15:16:26,0.12611,214.80,0.50423,13.68121,39.94913,31.21602,45.10496,50.00,0652:33:01,1,08
15:16:27,0.12505,214.80,0.50451,13.57494,39.63884,31.21602,45.10496,50.00,0652:33:03,1,08
15:16:28,0.11891,214.90,0.50804,13.00314,37.96916,31.21603,45.10497,50.00,0652:33:04,1,08
15:16:29,0.12224,215.00,0.50481,13.2882,38.80153,31.21603,45.10497,50.00,0652:33:05,1,08
15:16:30,0.12517,215.00,0.50482,13.60868,39.73734,31.21603,45.10497,50.00,0652:33:06,1,08
15:16:31,0.12517,215.00,0.50482,13.60868,39.73734,31.21603,45.10497,50.00,0652:33:06,1,08
15:16:32,0.12681,215.10,0.50364,13.76217,40.18554,31.21604,45.10498,50.00,0652:33:07,1,08
15:16:33,0.12629,215.20,0.50508,13.74868,40.14614,31.21604,45.10498,50.00,0652:33:08,1,08
15:16:34,0.12829,215.40,0.50518,13.98145,40.82583,31.21605,45.10498,50.00,0652:33:09,1,08
15:16:35,0.12765,215.40,0.50147,13.80771,40.31853,31.21605,45.10499,50.00,0652:33:10,1,08
15:16:36,0.12559,215.40,0.50548,13.6947,39.98853,31.21605,45.10499,50.00,0652:33:11,1,08
15:16:37,0.11181,215.30,0.49762,12.00121,35.04352,31.21606,45.105,50.00,0652:33:12,1,08
15:16:38,0.12727,215.30,0.50129,13.7588,40.17569,31.21606,45.105,50.00,0652:33:13,1,08
15:16:39,0.12711,215.30,0.50043,13.71832,40.05749,31.21607,45.105,50.00,0652:33:14,1,08
15:16:40,0.12548,215.30,0.49813,13.47711,39.35316,31.21607,45.10501,50.00,0652:33:15,1,08
15:16:41,0.127,215.40,0.50412,13.81109,40.32838,31.21607,45.10501,50.00,0652:33:16,1,08
15:16:42,0.12652,215.40,0.5034,13.74024,40.12151,31.21608,45.10502,50.00,0652:33:17,1,08
15:16:43,0.11232,215.40,0.49735,12.05012,35.18636,31.21608,45.10502,50.00,0652:33:18,1,08
15:16:44,0.12766,215.40,0.50423,13.88699,40.55001,31.21609,45.10502,50.00,0652:33:19,1,08
15:16:45,0.12754,215.20,0.50061,13.76386,40.19047,31.21609,45.10503,50.00,0652:33:20,1,08
15:16:46,0.12598,215.20,0.50317,13.66265,39.89495,31.21609,45.10503,50.00,0652:33:21,1,08
15:16:47,0.11195,215.20,0.49762,12.00795,35.06322,31.2161,45.10503,50.00,0652:33:23,1,08
15:16:48,0.12706,215.20,0.50259,13.76217,40.18554,31.2161,45.10504,50.00,0652:33:24,1,08
15:16:49,0.12818,215.10,0.49914,13.78241,40.24464,31.21611,45.10504,50.00,0652:33:25,1,08
15:16:50,0.12783,215.00,0.49841,13.72169,40.06734,31.21611,45.10505,50.00,0652:33:26,1,08
15:16:51,0.12683,215.00,0.50278,13.73518,40.10674,31.21611,45.10505,50.00,0652:33:27,1,08
15:16:52,0.11776,215.20,0.5016,12.72988,37.17126,31.21612,45.10505,50.00,0652:33:28,1,08
15:16:53,0.12887,215.20,0.50024,13.89711,40.57957,31.21612,45.10506,50.00,0652:33:29,1,08
15:16:54,0.12793,215.30,0.49865,13.75542,40.16584,31.21612,45.10506,50.00,0652:33:30,1,08
15:16:55,0.12733,215.30,0.49988,13.72506,40.07719,31.21613,45.10507,50.00,0652:33:31,1,08
15:16:56,0.12726,215.30,0.50326,13.8094,40.32345,31.21613,45.10507,50.00,0652:33:32,1,08
15:16:57,0.12629,215.30,0.50421,13.7335,40.10181,31.21614,45.10507,50.00,0652:33:33,1,08
15:16:58,0.12629,215.30,0.50421,13.7335,40.10181,31.21614,45.10507,50.00,0652:33:33,1,08
15:16:59,0.11627,215.40,0.49388,12.38747,36.17142,31.21614,45.10508,50.00,0652:33:34,1,08
15:17:00,0.12756,215.40,0.50202,13.81952,40.353,31.21614,45.10508,50.00,0652:33:35,1,08
15:17:01,0.12718,215.30,0.50264,13.78916,40.26435,31.21615,45.10509,50.00,0652:33:36,1,08
15:17:02,0.12715,215.30,0.50326,13.79928,40.2939,31.21615,45.10509,50.00,0652:33:37,1,08
15:17:03,0.13056,215.30,0.50174,14.12482,41.24448,31.21616,45.10509,50.00,0652:33:38,1,08
15:17:04,0.12812,215.20,0.49963,13.80097,40.29883,31.21616,45.1051,50.00,0652:33:39,1,08
15:17:05,0.12731,215.30,0.49969,13.71832,40.05749,31.21616,45.1051,50.00,0652:33:40,1,08
15:17:06,0.12749,215.20,0.50049,13.75542,40.16584,31.21617,45.10511,50.00,0652:33:41,1,08
15:17:07,0.12713,215.20,0.50111,13.73518,40.10674,31.21617,45.10511,50.00,0652:33:42,1,08
15:17:08,0.12913,215.20,0.49885,13.88193,40.53524,31.21618,45.10511,50.00,0652:33:43,1,08
15:17:09,0.12931,215.10,0.496,13.81784,40.34808,31.21618,45.10512,50.00,0652:33:45,1,08
15:17:10,0.12818,215.20,0.49982,13.80771,40.31853,31.21618,45.10512,50.00,0652:33:46,1,08
15:17:11,0.12692,215.30,0.5029,13.76386,40.19047,31.21619,45.10513,50.00,0652:33:47,1,08
15:17:12,0.12745,215.30,0.50196,13.79759,40.28897,31.21619,45.10513,50.00,0652:33:48,1,08
15:17:13,0.12969,215.30,0.50404,14.09783,41.16568,31.2162,45.10513,50.00,0652:33:49,1,08
15:17:15,0.12718,215.30,0.50277,13.78747,40.25942,31.2162,45.10514,50.00,0652:33:50,1,08
15:17:16,0.1274,215.30,0.50129,13.77061,40.21017,31.2162,45.10514,50.00,0652:33:51,1,08
15:17:17,0.12822,215.30,0.50396,13.93591,40.69285,31.21621,45.10515,50.00,0652:33:52,1,08
15:17:18,0.12683,215.30,0.5021,13.73518,40.10674,31.21621,45.10515,50.00,0652:33:53,1,08
15:17:19,0.12566,215.10,0.49626,13.43832,39.23988,31.21622,45.10515,50.00,0652:33:54,1,08
15:17:20,0.12677,215.30,0.50173,13.71494,40.04764,31.21622,45.10516,50.00,0652:33:55,1,08
15:17:21,0.12751,215.30,0.5008,13.76723,40.20032,31.21622,45.10516,50.00,0652:33:56,1,08
15:17:22,0.127,215.30,0.50043,13.7082,40.02793,31.21623,45.10517,50.00,0652:33:57,1,08
15:17:23,0.12384,215.40,0.49968,13.34892,38.97884,31.21623,45.10517,50.00,0652:33:58,1,08
15:17:24,0.12832,215.40,0.49677,13.75374,40.16092,31.21624,45.10517,50.00,0652:33:59,1,08
15:17:25,0.12729,215.50,0.50018,13.74193,40.12644,31.21624,45.10518,50.00,0652:34:00,1,08
15:17:26,0.12729,215.50,0.50018,13.74193,40.12644,31.21624,45.10518,50.00,0652:34:00,1,08
15:17:27,0.12636,215.50,0.50111,13.66771,39.90973,31.21624,45.10518,50.00,0652:34:01,1,08
15:17:28,0.12775,215.40,0.50208,13.84145,40.41703,31.21625,45.10519,50.00,0652:34:02,1,08
15:17:29,0.12749,215.50,0.50159,13.79928,40.2939,31.21625,45.10519,50.00,0652:34:03,1,08
15:17:30,0.12708,215.50,0.49606,13.6053,39.72749,31.21626,45.10519,50.00,0652:34:05,1,08
15:17:31,0.12699,215.40,0.50092,13.72338,40.07226,31.21626,45.1052,50.00,0652:34:06,1,08
15:17:32,0.12731,215.30,0.50043,13.74193,40.12644,31.21626,45.1052,50.00,0652:34:07,1,08
15:17:33,0.12683,215.30,0.50259,13.74699,40.14122,31.21627,45.10521,50.00,0652:34:08,1,08
15:17:34,0.12699,215.40,0.50277,13.77398,40.22002,31.21627,45.10521,50.00,0652:34:09,1,08
15:17:35,0.12858,215.40,0.49915,13.84988,40.44166,31.21628,45.10521,50.00,0652:34:10,1,08
15:17:36,0.12679,215.50,0.50364,13.76217,40.18554,31.21628,45.10522,50.00,0652:34:11,1,08
15:17:37,0.1272,215.30,0.50197,13.76554,40.19539,31.21628,45.10522,50.00,0652:34:12,1,08
15:17:38,0.12495,215.30,0.50056,13.48892,39.38764,31.21629,45.10523,50.00,0652:34:13,1,08
15:17:39,0.11795,215.40,0.49741,12.65567,36.95454,31.21629,45.10523,50.00,0652:34:14,1,08
15:17:40,0.12629,215.40,0.50372,13.72169,40.06734,31.2163,45.10523,50.00,0652:34:15,1,08
15:17:41,0.12534,215.30,0.50037,13.52265,39.48615,31.2163,45.10524,50.00,0652:34:16,1,08
15:17:42,0.12042,215.30,0.50019,12.98964,37.92976,31.2163,45.10524,50.00,0652:34:17,1,08
15:17:43,0.127,215.30,0.50228,13.7588,40.17569,31.21631,45.10524,50.00,0652:34:18,1,08
15:17:44,0.12634,215.40,0.50087,13.65085,39.86047,31.21631,45.10525,50.00,0652:34:19,1,08
15:17:45,0.11191,214.90,0.49405,11.9,34.74801,31.21632,45.10525,50.00,0652:34:20,1,08
15:17:46,0.1274,214.70,0.50252,13.76554,40.19539,31.21632,45.10526,50.00,0652:34:21,1,08
15:17:47,0.12713,214.80,0.50333,13.76554,40.19539,31.21632,45.10526,50.00,0652:34:22,1,08
15:17:48,0.12731,214.90,0.5008,13.72169,40.06734,31.21633,45.10526,50.00,0652:34:23,1,08
15:17:49,0.12772,215.30,0.5019,13.82458,40.36778,31.21633,45.10527,50.00,0652:34:24,1,08
15:17:50,0.12607,215.50,0.50471,13.73181,40.09689,31.21634,45.10527,50.00,0652:34:25,1,08
15:17:51,0.12658,215.40,0.50346,13.74699,40.14122,31.21634,45.10528,50.00,0652:34:27,1,08
15:17:52,0.12658,215.40,0.50346,13.74699,40.14122,31.21634,45.10528,50.00,0652:34:27,1,08
15:17:53,0.12651,215.30,0.50309,13.72169,40.06734,31.21634,45.10528,50.00,0652:34:28,1,08
15:17:54,0.12717,215.20,0.50025,13.71494,40.04764,31.21635,45.10528,50.00,0652:34:29,1,08
15:17:55,0.12736,215.30,0.50172,13.77735,40.22987,31.21635,45.10529,50.00,0652:34:30,1,08
15:17:56,0.12706,215.30,0.50419,13.81277,40.3333,31.21636,45.10529,50.00,0652:34:31,1,08
15:17:57,0.12636,215.30,0.50439,13.74699,40.14122,31.21636,45.1053,50.00,0652:34:32,1,08
15:17:58,0.12722,215.30,0.50098,13.7453,40.13629,31.21636,45.1053,50.00,0652:34:33,1,08
15:17:59,0.12649,215.40,0.50408,13.75374,40.16092,31.21637,45.1053,50.00,0652:34:34,1,08
15:18:00,0.12589,215.40,0.50553,13.72675,40.08212,31.21637,45.10531,50.00,0652:34:35,1,08
15:18:01,0.12651,215.30,0.50526,13.78241,40.24464,31.21638,45.10531,50.00,0652:34:36,1,08
15:18:02,0.12581,215.20,0.50572,13.71494,40.04764,31.21638,45.10532,50.00,0652:34:37,1,08
15:18:03,0.1171,215.10,0.49726,12.54771,36.63932,31.21638,45.10532,50.00,0652:34:38,1,08
15:18:04,0.12591,215.20,0.50479,13.69976,40.00331,31.21639,45.10532,50.00,0652:34:39,1,08
15:18:05,0.12589,215.20,0.50416,13.68289,39.95405,31.21639,45.10533,50.00,0652:34:40,1,08
15:18:06,0.12417,215.20,0.50441,13.50073,39.42212,31.2164,45.10533,50.00,0652:34:41,1,08
15:18:07,0.12037,215.20,0.50104,13.00145,37.96423,31.2164,45.10533,50.00,0652:34:42,1,08
15:18:08,0.12697,215.30,0.50068,13.7082,40.02793,31.2164,45.10534,50.00,0652:34:43,1,08
15:18:09,0.12191,215.30,0.50109,13.17012,38.45676,31.21641,45.10534,50.00,0652:34:44,1,08
15:18:10,0.12589,215.30,0.50764,13.78073,40.23972,31.21641,45.10535,50.00,0652:34:45,1,08
15:18:11,0.12413,215.30,0.50605,13.54627,39.5551,31.21641,45.10535,50.00,0652:34:47,1,08
15:18:12,0.12582,215.30,0.50609,13.7335,40.10181,31.21642,45.10535,50.00,0652:34:48,1,08
15:18:13,0.12744,215.20,0.50153,13.77904,40.23479,31.21642,45.10536,50.00,0652:34:49,1,08
15:18:14,0.12676,215.20,0.50784,13.8735,40.51061,31.21643,45.10536,50.00,0652:34:50,1,08
15:18:15,0.12624,215.10,0.50484,13.73181,40.09689,31.21643,45.10537,50.00,0652:34:51,1,08
15:18:16,0.12695,215.10,0.50265,13.74699,40.14122,31.21643,45.10537,50.00,0652:34:52,1,08
15:18:17,0.12811,215.00,0.49969,13.78579,40.25449,31.21644,45.10537,50.00,0652:34:53,1,08
15:18:18,0.12811,215.00,0.49969,13.78579,40.25449,31.21644,45.10537,50.00,0652:34:53,1,08
15:18:19,0.12736,215.10,0.50424,13.83807,40.40718,31.21644,45.10538,50.00,0652:34:54,1,08
15:18:20,0.12672,215.20,0.50438,13.77567,40.22495,31.21645,45.10538,50.00,0652:34:55,1,08
15:18:21,0.12272,215.20,0.503,13.30506,38.85078,31.21645,45.10539,50.00,0652:34:56,1,08
15:18:22,0.12697,215.20,0.50401,13.79422,40.27912,31.21645,45.10539,50.00,0652:34:57,1,08
15:18:23,0.12765,215.10,0.50141,13.78747,40.25942,31.21646,45.10539,50.00,0652:34:58,1,08
15:18:24,0.12851,215.10,0.5,13.84314,40.42196,31.21646,45.1054,50.00,0652:34:59,1,08
15:18:25,0.12777,215.00,0.50104,13.7841,40.24957,31.21647,45.1054,50.00,0652:35:00,1,08
15:18:26,0.12674,214.80,0.5039,13.74193,40.12644,31.21647,45.10541,50.00,0652:35:01,1,08
15:18:27,0.12159,214.90,0.50232,13.1482,38.39273,31.21647,45.10541,50.00,0652:35:02,1,08
15:18:28,0.12211,214.80,0.50199,13.18699,38.50601,31.21648,45.10541,50.00,0652:35:03,1,08
15:18:29,0.1267,214.90,0.50482,13.76723,40.20032,31.21648,45.10542,50.00,0652:35:04,1,08
15:18:30,0.12736,214.90,0.50615,13.87856,40.52539,31.21649,45.10542,50.00,0652:35:05,1,08
15:18:31,0.12708,215.20,0.50468,13.8229,40.36285,31.21649,45.10542,50.00,0652:35:07,1,08
15:18:32,0.12744,215.10,0.50442,13.84651,40.43181,31.21649,45.10543,50.00,0652:35:08,1,08
15:18:33,0.12717,215.00,0.5032,13.78241,40.24464,31.2165,45.10543,50.00,0652:35:09,1,08
15:18:34,0.12627,215.00,0.50726,13.79422,40.27912,31.2165,45.10544,50.00,0652:35:10,1,08
15:18:35,0.12606,214.90,0.50746,13.77229,40.2151,31.21651,45.10544,50.00,0652:35:11,1,08
15:18:36,0.12381,214.90,0.50658,13.50073,39.42212,31.21651,45.10544,50.00,0652:35:12,1,08
15:18:37,0.11128,214.90,0.49979,11.97085,34.95487,31.21651,45.10545,50.00,0652:35:13,1,08
15:18:38,0.12604,214.80,0.50765,13.76554,40.19539,31.21652,45.10545,50.00,0652:35:14,1,08
15:18:39,0.12548,214.70,0.50844,13.72169,40.06734,31.21652,45.10546,50.00,0652:35:15,1,08
15:18:40,0.12546,214.70,0.51013,13.76554,40.19539,31.21653,45.10546,50.00,0652:35:16,1,08
15:18:41,0.12588,214.80,0.50748,13.74024,40.12151,31.21653,45.10546,50.00,0652:35:17,1,08
15:18:42,0.11161,214.80,0.50007,12.00964,35.06815,31.21653,45.10547,50.00,0652:35:18,1,08
15:18:43,0.12598,214.80,0.50747,13.75711,40.17076,31.21654,45.10547,50.00,0652:35:19,1,08
15:18:44,0.12598,214.80,0.50747,13.75711,40.17076,31.21654,45.10547,50.00,0652:35:19,1,08
15:18:45,0.12631,214.80,0.50695,13.77904,40.23479,31.21654,45.10547,50.00,0652:35:20,1,08
15:18:46,0.126,214.80,0.50716,13.74868,40.14614,31.21655,45.10548,50.00,0652:35:21,1,08
15:18:47,0.12718,214.80,0.50475,13.80771,40.31853,31.21655,45.10548,50.00,0652:35:22,1,08
15:18:48,0.12581,214.70,0.50811,13.7453,40.13629,31.21655,45.10549,50.00,0652:35:23,1,08
15:18:49,0.11697,214.70,0.50463,12.69109,37.05798,31.21656,45.10549,50.00,0652:35:24,1,08
15:18:50,0.12589,214.60,0.50829,13.75374,40.16092,31.21656,45.10549,50.00,0652:35:25,1,08
15:18:51,0.12584,214.50,0.5058,13.67783,39.93928,31.21657,45.1055,50.00,0652:35:26,1,08
15:18:52,0.12738,214.50,0.50129,13.71832,40.05749,31.21657,45.1055,50.00,0652:35:28,1,08
15:18:53,0.12736,214.50,0.50481,13.81109,40.32838,31.21657,45.10551,50.00,0652:35:29,1,08
15:18:54,0.12722,214.50,0.50784,13.88193,40.53524,31.21658,45.10551,50.00,0652:35:30,1,08
15:18:55,0.1269,214.80,0.5084,13.88024,40.53032,31.21658,45.10551,50.00,0652:35:31,1,08
15:18:56,0.12663,215.00,0.50786,13.8482,40.43673,31.21659,45.10552,50.00,0652:35:32,1,08
15:18:57,0.1279,215.00,0.50147,13.81109,40.32838,31.21659,45.10552,50.00,0652:35:33,1,08
15:18:58,0.12598,215.10,0.50665,13.75037,40.15107,31.21659,45.10553,50.00,0652:35:34,1,08
15:18:59,0.12683,215.10,0.50716,13.85832,40.46629,31.2166,45.10553,50.00,0652:35:35,1,08
15:19:00,0.1269,215.10,0.50691,13.85832,40.46629,31.2166,45.10553,50.00,0652:35:36,1,08
15:19:01,0.12722,214.90,0.50228,13.75711,40.17076,31.21661,45.10554,50.00,0652:35:37,1,08
15:19:02,0.11759,215.00,0.502,12.70795,37.10723,31.21661,45.10554,50.00,0652:35:38,1,08
15:19:03,0.12615,214.90,0.50615,13.74362,40.13136,31.21661,45.10554,50.00,0652:35:39,1,08
15:19:04,0.12733,214.90,0.50517,13.84314,40.42196,31.21662,45.10555,50.00,0652:35:40,1,08
15:19:05,0.12542,214.80,0.50356,13.59012,39.68316,31.21662,45.10555,50.00,0652:35:41,1,08
15:19:06,0.11147,214.90,0.49571,11.89157,34.72338,31.21662,45.10556,50.00,0652:35:42,1,08
15:19:07,0.12663,214.90,0.50619,13.79591,40.28405,31.21663,45.10556,50.00,0652:35:43,1,08
15:19:08,0.12658,214.90,0.50632,13.79253,40.2742,31.21663,45.10556,50.00,0652:35:44,1,08
15:19:09,0.12127,214.90,0.50491,13.18024,38.48632,31.21664,45.10557,50.00,0652:35:45,1,08
15:19:10,0.12127,214.90,0.50491,13.18024,38.48632,31.21664,45.10557,50.00,0652:35:45,1,08
15:19:12,0.12715,214.90,0.50647,13.86169,40.47613,31.21664,45.10557,50.00,0652:35:46,1,08
15:19:13,0.1278,214.90,0.50196,13.8094,40.32345,31.21664,45.10558,50.00,0652:35:47,1,08
15:19:14,0.11878,214.90,0.50158,12.82434,37.44707,31.21665,45.10558,50.00,0652:35:49,1,08
15:19:15,0.12685,214.90,0.50587,13.81446,40.33823,31.21665,45.10558,50.00,0652:35:50,1,08
15:19:16,0.12711,214.90,0.50709,13.87181,40.50569,31.21666,45.10559,50.00,0652:35:51,1,08
15:19:17,0.12699,214.90,0.50395,13.77229,40.2151,31.21666,45.10559,50.00,0652:35:52,1,08
15:19:18,0.12853,215.00,0.50085,13.86,40.47121,31.21666,45.10559,50.00,0652:35:53,1,08
15:19:19,0.12745,215.00,0.50418,13.8347,40.39733,31.21667,45.1056,50.00,0652:35:54,1,08
15:19:20,0.12759,214.90,0.50295,13.81446,40.33823,31.21667,45.1056,50.00,0652:35:55,1,08
15:19:21,0.12819,214.80,0.50086,13.81277,40.3333,31.21668,45.10561,50.00,0652:35:56,1,08
15:19:22,0.12745,214.60,0.50462,13.82458,40.36778,31.21668,45.10561,50.00,0652:35:57,1,08
15:19:23,0.12869,214.90,0.50877,14.0894,41.14105,31.21668,45.10561,50.00,0652:35:58,1,08
15:19:24,0.12686,215.00,0.50617,13.82796,40.37763,31.21669,45.10562,50.00,0652:35:59,1,08
15:19:25,0.12647,215.10,0.50656,13.80097,40.29883,31.21669,45.10562,50.00,0652:36:00,1,08
15:19:26,0.12918,215.10,0.50454,14.04386,41.00807,31.2167,45.10563,50.00,0652:36:01,1,08
15:19:27,0.12811,215.00,0.50031,13.80265,40.30375,31.2167,45.10563,50.00,0652:36:02,1,08
15:19:28,0.12772,215.00,0.50043,13.76554,40.19539,31.2167,45.10563,50.00,0652:36:03,1,08
15:19:29,0.11999,215.20,0.50176,12.97615,37.89035,31.21671,45.10564,50.00,0652:36:04,1,08
15:19:30,0.12638,215.20,0.50495,13.75374,40.16092,31.21671,45.10564,50.00,0652:36:05,1,08
15:19:31,0.12629,215.10,0.50428,13.72169,40.06734,31.21672,45.10565,50.00,0652:36:06,1,08
15:19:32,0.1267,215.20,0.50451,13.77567,40.22495,31.21672,45.10565,50.00,0652:36:07,1,08
15:19:33,0.12582,215.10,0.50716,13.74699,40.14122,31.21672,45.10565,50.00,0652:36:08,1,08
15:19:34,0.12593,215.10,0.50721,13.76048,40.18061,31.21673,45.10566,50.00,0652:36:10,1,08
15:19:35,0.12591,215.00,0.50777,13.77061,40.21017,31.21673,45.10566,50.00,0652:36:11,1,08
15:19:36,0.12577,214.90,0.5015,13.57832,39.64868,31.21674,45.10567,50.00,0652:36:12,1,08
15:19:37,0.1135,215.00,0.50145,12.25928,35.7971,31.21674,45.10567,50.00,0652:36:13,1,08
15:19:38,0.1135,215.00,0.50145,12.25928,35.7971,31.21674,45.10567,50.00,0652:36:13,1,08
15:19:39,0.12591,215.00,0.50821,13.77904,40.23479,31.21674,45.10567,50.00,0652:36:14,1,08
15:19:40,0.12606,214.90,0.50796,13.78073,40.23972,31.21675,45.10568,50.00,0652:36:15,1,08
15:19:41,0.12562,214.80,0.50699,13.70482,40.01808,31.21675,45.10568,50.00,0652:36:16,1,08
15:19:42,0.12261,214.70,0.49962,13.17518,38.47154,31.21676,45.10568,50.00,0652:36:17,1,08
15:19:43,0.12668,214.80,0.50607,13.79085,40.26928,31.21676,45.10569,50.00,0652:36:18,1,08
15:19:44,0.12652,214.80,0.50471,13.73687,40.11166,31.21676,45.10569,50.00,0652:36:19,1,08
15:19:45,0.12654,214.80,0.50347,13.70313,40.01315,31.21677,45.1057,50.00,0652:36:20,1,08
15:19:46,0.12773,214.90,0.50104,13.77398,40.22002,31.21677,45.1057,50.00,0652:36:21,1,08
15:19:47,0.11165,215.10,0.49853,11.99277,35.0189,31.21678,45.1057,50.00,0652:36:22,1,08
15:19:48,0.12593,215.20,0.50888,13.81615,40.34315,31.21678,45.10571,50.00,0652:36:23,1,08
15:19:49,0.12532,215.20,0.50524,13.64916,39.85555,31.21678,45.10571,50.00,0652:36:24,1,08
15:19:50,0.11975,215.30,0.50497,13.03687,38.06766,31.21679,45.10572,50.00,0652:36:25,1,08
15:19:51,0.12231,215.30,0.50115,13.21735,38.59467,31.21679,45.10572,50.00,0652:36:26,1,08
15:19:52,0.12607,215.30,0.50558,13.74868,40.14614,31.21679,45.10572,50.00,0652:36:27,1,08
15:19:53,0.1264,215.30,0.50415,13.74193,40.12644,31.2168,45.10573,50.00,0652:36:28,1,08
15:19:54,0.12672,215.40,0.50407,13.77904,40.23479,31.2168,45.10573,50.00,0652:36:29,1,08
15:19:55,0.12622,215.40,0.50427,13.73012,40.09196,31.21681,45.10573,50.00,0652:36:31,1,08
15:19:56,0.1277,215.40,0.50043,13.78579,40.25449,31.21681,45.10574,50.00,0652:36:32,1,08
15:19:57,0.12627,215.30,0.50595,13.77904,40.23479,31.21682,45.10574,50.00,0652:36:33,1,08
15:19:58,0.12535,215.40,0.5053,13.66434,39.89988,31.21682,45.10575,50.00,0652:36:34,1,08
15:19:59,0.11887,215.70,0.50401,12.94241,37.79184,31.21682,45.10575,50.00,0652:36:35,1,08
15:20:00,0.12591,215.70,0.5067,13.7841,40.24957,31.21683,45.10575,50.00,0652:36:36,1,08
15:20:01,0.1272,215.60,0.50061,13.75205,40.15599,31.21683,45.10576,50.00,0652:36:37,1,08
15:20:02,0.12629,215.60,0.50482,13.76723,40.20032,31.21683,45.10576,50.00,0652:36:38,1,08
15:20:03,0.1262,215.70,0.50582,13.78916,40.26435,31.21684,45.10577,50.00,0652:36:39,1,08
15:20:04,0.12618,215.70,0.50526,13.77229,40.2151,31.21684,45.10577,50.00,0652:36:40,1,08
15:20:05,0.12618,215.70,0.50526,13.77229,40.2151,31.21684,45.10577,50.00,0652:36:40,1,08
15:20:06,0.12718,215.60,0.50135,13.77061,40.21017,31.21685,45.10577,50.00,0652:36:41,1,08
15:20:07,0.12627,215.60,0.50433,13.75542,40.16584,31.21685,45.10578,50.00,0652:36:42,1,08
15:20:08,0.12589,215.50,0.50565,13.74362,40.13136,31.21685,45.10578,50.00,0652:36:43,1,08
15:20:09,0.12658,215.50,0.5029,13.73687,40.11166,31.21686,45.10579,50.00,0652:36:44,1,08
15:20:10,0.12685,215.40,0.49988,13.68121,39.94913,31.21686,45.10579,50.00,0652:36:45,1,08
15:20:11,0.12071,215.50,0.49618,12.92554,37.74259,31.21687,45.10579,50.00,0652:36:46,1,08
15:20:12,0.12586,215.50,0.50689,13.76892,40.20524,31.21687,45.1058,50.00,0652:36:47,1,08
15:20:13,0.12643,215.40,0.50377,13.7453,40.13629,31.21687,45.1058,50.00,0652:36:48,1,08
15:20:14,0.12647,215.40,0.50464,13.76723,40.20032,31.21688,45.10581,50.00,0652:36:49,1,08
15:20:15,0.12713,215.10,0.50277,13.77061,40.21017,31.21688,45.10581,50.00,0652:36:51,1,08
15:20:16,0.12713,215.10,0.50154,13.73518,40.10674,31.21689,45.10581,50.00,0652:36:52,1,08
15:20:17,0.12152,215.10,0.50193,13.13976,38.36811,31.21689,45.10582,50.00,0652:36:53,1,08
15:20:18,0.12663,215.10,0.50445,13.76554,40.19539,31.21689,45.10582,50.00,0652:36:54,1,08
15:20:19,0.12656,215.10,0.50371,13.7335,40.10181,31.2169,45.10582,50.00,0652:36:55,1,08
15:20:20,0.12797,215.10,0.49957,13.77061,40.21017,31.2169,45.10583,50.00,0652:36:56,1,08
15:20:21,0.12779,215.10,0.49835,13.72169,40.06734,31.21691,45.10583,50.00,0652:36:57,1,08
15:20:22,0.12609,215.00,0.50422,13.6947,39.98853,31.21691,45.10584,50.00,0652:36:58,1,08
15:20:23,0.12211,215.00,0.50327,13.23422,38.64392,31.21691,45.10584,50.00,0652:36:59,1,08
15:20:24,0.12715,215.10,0.50388,13.80434,40.30867,31.21692,45.10584,50.00,0652:37:00,1,08
15:20:25,0.1274,215.20,0.49994,13.72675,40.08212,31.21692,45.10585,50.00,0652:37:01,1,08
15:20:26,0.12829,215.20,0.49817,13.77567,40.22495,31.21693,45.10585,50.00,0652:37:02,1,08
15:20:27,0.12846,215.20,0.49683,13.75374,40.16092,31.21693,45.10586,50.00,0652:37:03,1,08
15:20:28,0.12704,215.10,0.4979,13.62723,39.79152,31.21693,45.10586,50.00,0652:37:04,1,08
15:20:29,0.1278,214.90,0.50098,13.78241,40.24464,31.21694,45.10586,50.00,0652:37:05,1,08
15:20:30,0.12718,215.00,0.5032,13.78241,40.24464,31.21694,45.10587,50.00,0652:37:06,1,08
15:20:31,0.12718,215.00,0.5032,13.78241,40.24464,31.21694,45.10587,50.00,0652:37:06,1,08
15:20:32,0.12722,214.90,0.50265,13.76723,40.20032,31.21695,45.10587,50.00,0652:37:07,1,08
15:20:33,0.12738,215.00,0.50154,13.75542,40.16584,31.21695,45.10588,50.00,0652:37:08,1,08
15:20:34,0.12685,215.00,0.50198,13.71326,40.04271,31.21695,45.10588,50.00,0652:37:09,1,08
15:20:35,0.12802,215.10,0.49933,13.77061,40.21017,31.21696,45.10588,50.00,0652:37:11,1,08
15:20:36,0.12706,215.10,0.50197,13.74193,40.12644,31.21696,45.10589,50.00,0652:37:12,1,08
15:20:37,0.1274,215.00,0.50412,13.83133,40.38748,31.21697,45.10589,50.00,0652:37:13,1,08
15:20:38,0.12604,215.00,0.50075,13.59181,39.68809,31.21697,45.1059,50.00,0652:37:14,1,08
15:20:39,0.11165,215.00,0.49319,11.85783,34.62487,31.21697,45.1059,50.00,0652:37:15,1,08
15:20:40,0.12853,214.90,0.49653,13.74024,40.12151,31.21698,45.1059,50.00,0652:37:16,1,08
15:20:41,0.12751,214.90,0.50092,13.7453,40.13629,31.21698,45.10591,50.00,0652:37:17,1,08
15:20:42,0.12747,214.70,0.50098,13.73518,40.10674,31.21699,45.10591,50.00,0652:37:18,1,08
15:20:43,0.12756,214.70,0.50074,13.7335,40.10181,31.21699,45.10592,50.00,0652:37:19,1,08
15:20:44,0.12768,214.60,0.50031,13.7335,40.10181,31.21699,45.10592,50.00,0652:37:20,1,08
15:20:45,0.11378,214.60,0.48841,11.94217,34.87114,31.217,45.10592,50.00,0652:37:21,1,08
15:20:46,0.12871,214.50,0.49457,13.67615,39.93435,31.217,45.10593,50.00,0652:37:22,1,08
15:20:47,0.12866,214.50,0.49616,13.71326,40.04271,31.21701,45.10593,50.00,0652:37:23,1,08
15:20:48,0.12899,214.70,0.49617,13.76554,40.19539,31.21701,45.10594,50.00,0652:37:24,1,08
15:20:49,0.12878,214.70,0.49495,13.7082,40.02793,31.21701,45.10594,50.00,0652:37:25,1,08
15:20:50,0.11503,214.80,0.49052,12.13783,35.44247,31.21702,45.10594,50.00,0652:37:26,1,08
15:20:51,0.1288,214.60,0.49537,13.71663,40.05256,31.21702,45.10595,50.00,0652:37:27,1,08
15:20:52,0.12943,214.60,0.494,13.7453,40.13629,31.21702,45.10595,50.00,0652:37:28,1,08
15:20:53,0.12969,214.70,0.49407,13.77904,40.23479,31.21703,45.10596,50.00,0652:37:29,1,08
15:20:54,0.12993,214.70,0.49535,13.84145,40.41703,31.21703,45.10596,50.00,0652:37:30,1,08
15:20:55,0.12973,214.70,0.49359,13.76892,40.20524,31.21704,45.10596,50.00,0652:37:32,1,08
15:20:56,0.12929,214.50,0.49417,13.72844,40.08704,31.21704,45.10597,50.00,0652:37:33,1,08
15:20:57,0.12929,214.50,0.49417,13.72844,40.08704,31.21704,45.10597,50.00,0652:37:33,1,08
15:20:58,0.12876,214.50,0.4939,13.66603,39.9048,31.21704,45.10597,50.00,0652:37:34,1,08
15:20:59,0.12902,214.50,0.49556,13.74024,40.12151,31.21705,45.10598,50.00,0652:37:35,1,08
15:21:00,0.12758,214.70,0.49975,13.7082,40.02793,31.21705,45.10598,50.00,0652:37:36,1,08
15:21:01,0.12983,214.80,0.49293,13.76554,40.19539,31.21706,45.10598,50.00,0652:37:37,1,08
15:21:03,0.12804,214.70,0.49724,13.69302,39.98361,31.21706,45.10599,50.00,0652:37:38,1,08
15:21:04,0.12022,214.70,0.49354,12.75687,37.25006,31.21706,45.10599,50.00,0652:37:39,1,08
15:21:05,0.12841,214.80,0.49921,13.79253,40.2742,31.21707,45.106,50.00,0652:37:40,1,08
15:21:06,0.12853,214.90,0.49659,13.74193,40.12644,31.21707,45.106,50.00,0652:37:41,1,08
15:21:07,0.12765,215.00,0.49951,13.72844,40.08704,31.21708,45.106,50.00,0652:37:42,1,08
15:21:08,0.12108,215.00,0.49735,12.96771,37.86572,31.21708,45.10601,50.00,0652:37:43,1,08
15:21:09,0.1269,215.00,0.50185,13.71663,40.05256,31.21708,45.10601,50.00,0652:37:44,1,08
15:21:10,0.12375,215.00,0.50329,13.41301,39.166,31.21709,45.10602,50.00,0652:37:45,1,08
15:21:11,0.12812,214.90,0.49694,13.70482,40.01808,31.21709,45.10602,50.00,0652:37:46,1,08
15:21:12,0.12853,214.90,0.49787,13.77567,40.22495,31.2171,45.10602,50.00,0652:37:47,1,08
15:21:13,0.12809,215.00,0.50294,13.87181,40.50569,31.2171,45.10603,50.00,0652:37:48,1,08
15:21:14,0.12676,215.00,0.50198,13.70482,40.01808,31.2171,45.10603,50.00,0652:37:49,1,08
15:21:15,0.11568,215.00,0.49567,12.35036,36.06306,31.21711,45.10604,50.00,0652:37:50,1,08
15:21:16,0.1277,215.00,0.49933,13.7335,40.10181,31.21711,45.10604,50.00,0652:37:52,1,08
15:21:17,0.12736,215.10,0.50061,13.73518,40.10674,31.21712,45.10604,50.00,0652:37:53,1,08
15:21:18,0.12643,215.10,0.50316,13.70482,40.01808,31.21712,45.10605,50.00,0652:37:54,1,08
15:21:19,0.12679,215.00,0.5034,13.74699,40.14122,31.21712,45.10605,50.00,0652:37:55,1,08
15:21:20,0.12665,215.00,0.50223,13.69808,39.99838,31.21713,45.10606,50.00,0652:37:56,1,08
15:21:21,0.12371,215.00,0.49683,13.23422,38.64392,31.21713,45.10606,50.00,0652:37:57,1,08
15:21:22,0.12773,214.90,0.50067,13.76723,40.20032,31.21714,45.10606,50.00,0652:37:58,1,08
15:21:23,0.12773,214.90,0.50067,13.76723,40.20032,31.21714,45.10606,50.00,0652:37:58,1,08
15:21:24,0.12772,214.90,0.50202,13.80265,40.30375,31.21714,45.10607,50.00,0652:37:59,1,08
15:21:25,0.12736,214.90,0.50271,13.77904,40.23479,31.21714,45.10607,50.00,0652:38:00,1,08
15:21:26,0.12788,214.80,0.50306,13.84314,40.42196,31.21715,45.10607,50.00,0652:38:01,1,08
15:21:27,0.12858,214.80,0.49762,13.76892,40.20524,31.21715,45.10608,50.00,0652:38:02,1,08
15:21:28,0.12804,214.90,0.50043,13.79253,40.2742,31.21716,45.10608,50.00,0652:38:03,1,08
15:21:29,0.12802,214.90,0.50018,13.78073,40.23972,31.21716,45.10609,50.00,0652:38:04,1,08
15:21:30,0.12775,214.80,0.50135,13.78073,40.23972,31.21716,45.10609,50.00,0652:38:05,1,08
15:21:31,0.12904,214.80,0.49635,13.77735,40.22987,31.21717,45.1061,50.00,0652:38:06,1,08
15:21:32,0.12754,214.90,0.50227,13.78747,40.25942,31.21717,45.1061,50.00,0652:38:07,1,08
15:21:33,0.13002,214.90,0.50332,14.08434,41.12628,31.21718,45.1061,50.00,0652:38:08,1,08
15:21:34,0.12798,214.90,0.50073,13.79591,40.28405,31.21718,45.10611,50.00,0652:38:09,1,08
15:21:35,0.12745,214.90,0.50178,13.76386,40.19047,31.21718,45.10611,50.00,0652:38:10,1,08
15:21:36,0.14267,214.80,0.4961,15.22964,44.47055,31.21719,45.10612,50.00,0652:38:11,1,08
15:21:37,0.14186,214.80,0.49912,15.23639,44.49026,31.21719,45.10612,50.00,0652:38:13,1,08
15:21:38,0.1409,214.80,0.50173,15.20603,44.4016,31.2172,45.10612,50.00,0652:38:14,1,08
15:21:39,0.14154,214.80,0.50227,15.29374,44.65772,31.2172,45.10613,50.00,0652:38:15,1,08
15:21:40,0.14289,214.70,0.50159,15.41518,45.01234,31.21721,45.10613,50.00,0652:38:16,1,08
15:21:41,0.14503,214.70,0.49589,15.46916,45.16995,31.21721,45.10614,50.00,0652:38:17,1,08
15:21:42,0.14436,214.70,0.49902,15.49446,45.24382,31.21722,45.10614,50.00,0652:38:18,1,08
15:21:43,0.14542,214.70,0.49887,15.6041,45.56397,31.21722,45.10615,50.00,0652:38:19,1,08
15:21:44,0.14461,214.80,0.50108,15.58892,45.51965,31.21722,45.10615,50.00,0652:38:20,1,08
15:21:45,0.14475,214.80,0.50163,15.61928,45.6083,31.21723,45.10616,50.00,0652:38:21,1,08
15:21:46,0.14656,214.80,0.49599,15.63952,45.6674,31.21723,45.10616,50.00,0652:38:22,1,08
15:21:47,0.15248,214.80,0.50884,16.69543,48.75065,31.21724,45.10617,50.00,0652:38:23,1,08
15:21:48,0.15461,214.90,0.51105,17.00579,49.6569,31.21724,45.10617,50.00,0652:38:24,1,08
15:21:49,0.14662,214.90,0.53426,16.85904,49.2284,31.21725,45.10617,50.00,0652:38:25,1,08
15:21:50,0.14662,214.90,0.53426,16.85904,49.2284,31.21725,45.10617,50.00,0652:38:25,1,08
15:21:51,0.16334,215.00,0.53793,18.92025,55.24712,31.21725,45.10618,50.00,0652:38:26,1,08
15:21:52,0.16271,215.00,0.52831,18.51037,54.05027,31.21726,45.10618,50.00,0652:38:27,1,08
15:21:53,0.18135,215.10,0.52979,20.69807,60.43838,31.21726,45.10619,50.00,0652:38:28,1,08
15:21:54,0.2336,214.90,0.5274,26.52242,77.44546,31.21727,45.1062,50.00,0652:38:29,1,08
15:21:55,0.20637,214.90,0.5172,22.97519,67.08754,31.21728,45.1062,50.00,0652:38:30,1,08
15:21:56,0.19557,214.90,0.5252,22.1082,64.55593,31.21729,45.10621,50.00,0652:38:31,1,08
15:21:57,0.16182,214.90,0.52668,18.34844,53.57744,31.21729,45.10621,50.00,0652:38:32,1,08
15:21:58,0.15215,215.00,0.51102,16.74265,48.88855,31.2173,45.10622,50.00,0652:38:34,1,08
15:21:59,0.14583,215.10,0.50591,15.89422,46.41113,31.2173,45.10622,50.00,0652:38:35,1,08
15:22:00,0.14226,215.00,0.50468,15.46072,45.14532,31.21731,45.10623,50.00,0652:38:36,1,08
15:22:01,0.1328,215.00,0.49499,14.15518,41.33314,31.21731,45.10623,50.00,0652:38:37,1,08
15:22:02,0.1421,214.90,0.50447,15.43374,45.06652,31.21731,45.10623,50.00,0652:38:38,1,08
15:22:03,0.14216,215.00,0.50557,15.47591,45.18965,31.21732,45.10624,50.00,0652:38:39,1,08
15:22:04,0.14199,215.00,0.5053,15.44892,45.11084,31.21732,45.10624,50.00,0652:38:40,1,08
15:22:05,0.14219,215.00,0.50606,15.49615,45.24875,31.21733,45.10625,50.00,0652:38:41,1,08
15:22:06,0.14285,215.00,0.50307,15.47591,45.18965,31.21733,45.10625,50.00,0652:38:42,1,08
15:22:07,0.1363,215.00,0.50655,14.86868,43.41654,31.21734,45.10626,50.00,0652:38:43,1,08
15:22:08,0.1421,215.10,0.50496,15.46072,45.14532,31.21734,45.10626,50.00,0652:38:44,1,08
15:22:09,0.14192,215.10,0.50463,15.42868,45.05174,31.21735,45.10627,50.00,0652:38:45,1,08
15:22:10,0.14245,215.00,0.50396,15.45735,45.13547,31.21735,45.10627,50.00,0652:38:46,1,08
15:22:11,0.14433,214.90,0.50022,15.54169,45.38174,31.21735,45.10627,50.00,0652:38:47,1,08
15:22:12,0.14326,214.90,0.5023,15.49277,45.2389,31.21736,45.10628,50.00,0652:38:48,1,08
15:22:13,0.13817,214.90,0.49643,14.76579,43.1161,31.21736,45.10628,50.00,0652:38:49,1,08
15:22:14,0.14378,214.50,0.50038,15.45904,45.1404,31.21737,45.10629,50.00,0652:38:50,1,08
15:22:15,0.14475,214.50,0.49902,15.52145,45.32264,31.21737,45.10629,50.00,0652:38:51,1,08
15:22:16,0.14411,214.60,0.50332,15.58723,45.51472,31.21738,45.1063,50.00,0652:38:52,1,08
15:22:17,0.14411,214.60,0.50332,15.58723,45.51472,31.21738,45.1063,50.00,0652:38:52,1,08
15:22:18,0.14378,214.60,0.50295,15.54,45.37681,31.21738,45.1063,50.00,0652:38:53,1,08
15:22:19,0.14037,214.50,0.49911,15.05422,43.95832,31.21739,45.10631,50.00,0652:38:55,1,08
15:22:20,0.14522,214.40,0.50103,15.62772,45.63293,31.21739,45.10631,50.00,0652:38:56,1,08
15:22:21,0.14505,214.40,0.50032,15.58723,45.51472,31.21739,45.10631,50.00,0652:38:57,1,08
15:22:22,0.14575,214.40,0.5042,15.78121,46.08113,31.2174,45.10632,50.00,0652:38:58,1,08
15:22:23,0.14356,214.50,0.50213,15.48603,45.2192,31.2174,45.10632,50.00,0652:38:59,1,08
15:22:24,0.14514,214.50,0.50303,15.68844,45.81024,31.21741,45.10633,50.00,0652:39:00,1,08
15:22:25,0.14204,214.60,0.49823,15.21277,44.4213,31.21741,45.10633,50.00,0652:39:01,1,08
15:22:26,0.14507,214.60,0.49838,15.54338,45.38666,31.21742,45.10634,50.00,0652:39:02,1,08
15:22:27,0.14442,214.60,0.50261,15.60579,45.5689,31.21742,45.10634,50.00,0652:39:03,1,08
15:22:28,0.14381,214.70,0.50196,15.52145,45.32264,31.21743,45.10635,50.00,0652:39:04,1,08
15:22:29,0.14427,214.70,0.5037,15.6294,45.63785,31.21743,45.10635,50.00,0652:39:05,1,08
15:22:30,0.14417,214.70,0.50044,15.5147,45.30293,31.21744,45.10636,50.00,0652:39:06,1,08
15:22:31,0.14489,214.60,0.49924,15.55012,45.40636,31.21744,45.10636,50.00,0652:39:07,1,08
15:22:32,0.14401,214.70,0.50169,15.53494,45.36204,31.21744,45.10636,50.00,0652:39:08,1,08
15:22:33,0.14535,214.70,0.49984,15.62097,45.61323,31.21745,45.10637,50.00,0652:39:09,1,08
15:22:34,0.1458,214.70,0.5014,15.72217,45.90874,31.21745,45.10637,50.00,0652:39:10,1,08
15:22:35,0.14455,214.60,0.49859,15.49446,45.24382,31.21746,45.10638,50.00,0652:39:11,1,08
15:22:36,0.14463,214.60,0.49902,15.5147,45.30293,31.21746,45.10638,50.00,0652:39:12,1,08
15:22:37,0.14373,214.60,0.50147,15.49109,45.23398,31.21747,45.10639,50.00,0652:39:13,1,08
15:22:38,0.14369,214.50,0.50333,15.53832,45.37189,31.21747,45.10639,50.00,0652:39:14,1,08
15:22:39,0.14408,214.40,0.49847,15.42699,45.04682,31.21748,45.1064,50.00,0652:39:16,1,08
15:22:40,0.14413,214.40,0.49913,15.44892,45.11084,31.21748,45.1064,50.00,0652:39:17,1,08
15:22:41,0.14372,214.40,0.50251,15.51133,45.29308,31.21748,45.1064,50.00,0652:39:18,1,08
15:22:42,0.14372,214.40,0.50251,15.51133,45.29308,31.21748,45.1064,50.00,0652:39:18,1,08
15:22:43,0.12969,214.50,0.49582,13.81615,40.34315,31.21749,45.10641,50.00,0652:39:19,1,08
15:22:44,0.14387,214.40,0.50169,15.5029,45.26846,31.21749,45.10641,50.00,0652:39:20,1,08
15:22:45,0.14539,214.40,0.49854,15.5653,45.45069,31.2175,45.10642,50.00,0652:39:21,1,08
15:22:46,0.14399,214.30,0.50147,15.49615,45.24875,31.2175,45.10642,50.00,0652:39:22,1,08
15:22:47,0.12951,214.30,0.49581,13.78241,40.24464,31.21751,45.10643,50.00,0652:39:23,1,08
15:22:48,0.14401,214.40,0.50229,15.53157,45.35218,31.21751,45.10643,50.00,0652:39:24,1,08
15:22:49,0.14383,214.30,0.50328,15.53663,45.36696,31.21752,45.10644,50.00,0652:39:25,1,08
15:22:50,0.1482,214.30,0.50048,15.92121,46.48993,31.21752,45.10644,50.00,0652:39:26,1,08
15:22:51,0.14466,214.40,0.50206,15.59398,45.53442,31.21752,45.10644,50.00,0652:39:27,1,08
15:22:52,0.14416,214.40,0.50136,15.51808,45.31278,31.21753,45.10645,50.00,0652:39:28,1,08
15:22:53,0.13259,214.20,0.4949,14.07928,41.1115,31.21753,45.10645,50.00,0652:39:29,1,08
15:22:54,0.14475,214.20,0.50217,15.59567,45.53934,31.21754,45.10646,50.00,0652:39:30,1,08
15:22:55,0.14708,214.10,0.49572,15.63615,45.65755,31.21754,45.10646,50.00,0652:39:31,1,08
15:22:56,0.1443,214.30,0.50212,15.55181,45.41129,31.21755,45.10647,50.00,0652:39:32,1,08
15:22:57,0.14378,214.40,0.50158,15.48603,45.2192,31.21755,45.10647,50.00,0652:39:33,1,08
15:22:58,0.13443,214.30,0.49708,14.3441,41.88477,31.21756,45.10648,50.00,0652:39:34,1,08
15:22:59,0.14541,214.20,0.49746,15.52145,45.32264,31.21756,45.10648,50.00,0652:39:36,1,08
15:23:00,0.14423,214.40,0.5018,15.54169,45.38174,31.21756,45.10648,50.00,0652:39:37,1,08
15:23:02,0.14408,214.50,0.50163,15.52988,45.34726,31.21757,45.10649,50.00,0652:39:38,1,08
15:23:03,0.14435,214.70,0.50103,15.55012,45.40636,31.21757,45.10649,50.00,0652:39:39,1,08
15:23:04,0.14479,214.60,0.4987,15.52145,45.32264,31.21758,45.1065,50.00,0652:39:40,1,08
15:23:05,0.14549,214.60,0.49725,15.54675,45.39651,31.21758,45.1065,50.00,0652:39:41,1,08
15:23:06,0.14464,214.30,0.50136,15.56868,45.46054,31.21759,45.10651,50.00,0652:39:42,1,08
15:23:07,0.14467,214.30,0.50071,15.55181,45.41129,31.21759,45.10651,50.00,0652:39:43,1,08
15:23:08,0.14467,214.30,0.50071,15.55181,45.41129,31.21759,45.10651,50.00,0652:39:43,1,08
15:23:09,0.14435,214.20,0.50082,15.50964,45.28815,31.2176,45.10652,50.00,0652:39:44,1,08
15:23:10,0.14539,214.10,0.49962,15.58049,45.49502,31.2176,45.10652,50.00,0652:39:45,1,08
15:23:11,0.14549,214.10,0.49611,15.47591,45.18965,31.21761,45.10653,50.00,0652:39:46,1,08
15:23:12,0.13983,214.20,0.49876,14.96145,43.68743,31.21761,45.10653,50.00,0652:39:47,1,08
15:23:13,0.14457,214.20,0.50114,15.54169,45.38174,31.21761,45.10653,50.00,0652:39:48,1,08
15:23:14,0.14409,214.20,0.5018,15.51302,45.29801,31.21762,45.10654,50.00,0652:39:49,1,08
15:23:15,0.14483,214.20,0.49745,15.45735,45.13547,31.21762,45.10654,50.00,0652:39:50,1,08
15:23:16,0.14505,214.10,0.49946,15.53832,45.37189,31.21763,45.10655,50.00,0652:39:51,1,08
15:23:17,0.14288,214.30,0.50083,15.35615,44.83995,31.21763,45.10655,50.00,0652:39:52,1,08
15:23:18,0.14391,214.20,0.50197,15.49615,45.24875,31.21764,45.10656,50.00,0652:39:53,1,08
15:23:19,0.14436,214.30,0.49929,15.47085,45.17487,31.21764,45.10656,50.00,0652:39:54,1,08
15:23:20,0.14447,214.40,0.49793,15.44555,45.10099,31.21765,45.10657,50.00,0652:39:55,1,08
15:23:21,0.14377,214.30,0.50224,15.50121,45.26353,31.21765,45.10657,50.00,0652:39:57,1,08
15:23:22,0.1434,214.30,0.50252,15.46579,45.1601,31.21765,45.10657,50.00,0652:39:58,1,08
15:23:23,0.14054,214.30,0.50056,15.10314,44.10116,31.21766,45.10658,50.00,0652:39:59,1,08
15:23:24,0.13988,214.30,0.49725,14.92771,43.58892,31.21766,45.10658,50.00,0652:40:00,1,08
15:23:25,0.14461,214.20,0.49951,15.49783,45.25368,31.21767,45.10659,50.00,0652:40:01,1,08
15:23:26,0.14422,214.20,0.5012,15.50964,45.28815,31.21767,45.10659,50.00,0652:40:02,1,08
15:23:27,0.14386,214.40,0.50202,15.50627,45.27831,31.21768,45.1066,50.00,0652:40:03,1,08
15:23:28,0.14365,214.30,0.49934,15.39663,44.95816,31.21768,45.1066,50.00,0652:40:04,1,08
15:23:29,0.13892,214.10,0.4966,14.79783,43.20968,31.21769,45.10661,50.00,0652:40:05,1,08
15:23:30,0.14416,214.20,0.50158,15.51302,45.29801,31.21769,45.10661,50.00,0652:40:06,1,08
15:23:31,0.14413,214.20,0.50213,15.52988,45.34726,31.21769,45.10661,50.00,0652:40:07,1,08
15:23:32,0.14403,214.30,0.50098,15.48771,45.22413,31.2177,45.10662,50.00,0652:40:08,1,08
15:23:33,0.14563,214.20,0.5021,15.69181,45.82009,31.2177,45.10662,50.00,0652:40:09,1,08
15:23:34,0.14708,214.20,0.49743,15.69856,45.83979,31.21771,45.10663,50.00,0652:40:10,1,08
15:23:35,0.14518,214.30,0.49903,15.54844,45.40144,31.21771,45.10663,50.00,0652:40:11,1,08
15:23:36,0.14518,214.30,0.49903,15.54844,45.40144,31.21771,45.10663,50.00,0652:40:11,1,08
15:23:37,0.14405,214.40,0.50191,15.52482,45.33249,31.21772,45.10664,50.00,0652:40:12,1,08
15:23:38,0.14479,214.30,0.50065,15.55856,45.43099,31.21772,45.10664,50.00,0652:40:13,1,08
15:23:39,0.14549,214.10,0.50097,15.62772,45.63293,31.21773,45.10665,50.00,0652:40:14,1,08
15:23:40,0.145,214.00,0.50049,15.55519,45.42114,31.21773,45.10665,50.00,0652:40:15,1,08
15:23:41,0.14397,214.10,0.49951,15.41856,45.02219,31.21774,45.10666,50.00,0652:40:17,1,08
15:23:42,0.14455,214.10,0.50016,15.50121,45.26353,31.21774,45.10666,50.00,0652:40:18,1,08
15:23:43,0.1443,214.10,0.50283,15.56024,45.43592,31.21774,45.10666,50.00,0652:40:19,1,08
15:23:44,0.14558,214.20,0.49698,15.51976,45.31771,31.21775,45.10667,50.00,0652:40:20,1,08
15:23:45,0.13828,214.30,0.5017,14.89229,43.48549,31.21775,45.10667,50.00,0652:40:21,1,08
15:23:46,0.1443,214.30,0.50343,15.59567,45.53934,31.21776,45.10668,50.00,0652:40:22,1,08
15:23:47,0.14567,214.30,0.50059,15.65639,45.71666,31.21776,45.10668,50.00,0652:40:23,1,08
15:23:48,0.14511,214.40,0.49957,15.56699,45.45562,31.21777,45.10669,50.00,0652:40:24,1,08
15:23:49,0.146,214.30,0.49709,15.57543,45.48024,31.21777,45.10669,50.00,0652:40:25,1,08
15:23:50,0.14488,214.30,0.5019,15.60579,45.5689,31.21778,45.1067,50.00,0652:40:26,1,08
15:23:51,0.14445,214.30,0.50174,15.5535,45.41621,31.21778,45.1067,50.00,0652:40:27,1,08
15:23:52,0.14453,214.20,0.50201,15.57036,45.46547,31.21779,45.1067,50.00,0652:40:28,1,08
15:23:53,0.14508,214.20,0.49978,15.55519,45.42114,31.21779,45.10671,50.00,0652:40:29,1,08
15:23:54,0.14588,214.20,0.4979,15.58217,45.49994,31.21779,45.10671,50.00,0652:40:30,1,08
15:23:55,0.14477,214.20,0.50087,15.5535,45.41621,31.2178,45.10672,50.00,0652:40:31,1,08
15:23:56,0.14485,214.20,0.49919,15.50964,45.28815,31.2178,45.10672,50.00,0652:40:32,1,08
15:23:57,0.14447,214.20,0.50185,15.5535,45.41621,31.21781,45.10673,50.00,0652:40:33,1,08
15:23:58,0.14467,214.20,0.50223,15.58723,45.51472,31.21781,45.10673,50.00,0652:40:34,1,08
15:23:59,0.14701,214.20,0.49765,15.69856,45.83979,31.21782,45.10674,50.00,0652:40:35,1,08
15:24:00,0.14389,214.30,0.50158,15.4894,45.22905,31.21782,45.10674,50.00,0652:40:36,1,08
15:24:01,0.14373,214.30,0.50213,15.4894,45.22905,31.21783,45.10675,50.00,0652:40:37,1,08
15:24:02,0.14373,214.30,0.50213,15.4894,45.22905,31.21783,45.10675,50.00,0652:40:37,1,08
15:24:03,0.14477,214.20,0.50054,15.55012,45.40636,31.21783,45.10675,50.00,0652:40:39,1,08
15:24:04,0.14583,214.20,0.49844,15.59398,45.53442,31.21784,45.10675,50.00,0652:40:40,1,08
15:24:05,0.14552,214.10,0.50081,15.63109,45.64278,31.21784,45.10676,50.00,0652:40:41,1,08
15:24:06,0.14558,214.10,0.50103,15.63784,45.66248,31.21784,45.10676,50.00,0652:40:42,1,08
15:24:07,0.14518,214.00,0.50184,15.61759,45.60337,31.21785,45.10677,50.00,0652:40:43,1,08
15:24:08,0.14527,214.00,0.49973,15.55687,45.42607,31.21785,45.10677,50.00,0652:40:44,1,08
15:24:09,0.14502,213.10,0.49924,15.45567,45.13055,31.21786,45.10678,50.00,0652:40:45,1,08
15:24:10,0.14549,213.60,0.5019,15.61928,45.6083,31.21786,45.10678,50.00,0652:40:46,1,08
15:24:11,0.14423,213.90,0.50082,15.47591,45.18965,31.21787,45.10679,50.00,0652:40:47,1,08
15:24:12,0.14497,213.80,0.49799,15.46072,45.14532,31.21787,45.10679,50.00,0652:40:48,1,08
15:24:13,0.14544,213.90,0.49756,15.50121,45.26353,31.21788,45.10679,50.00,0652:40:49,1,08
15:24:14,0.14578,213.80,0.49779,15.54338,45.38666,31.21788,45.1068,50.00,0652:40:50,1,08
15:24:15,0.1462,213.70,0.49655,15.54169,45.38174,31.21789,45.1068,50.00,0652:40:51,1,08
15:24:16,0.14559,213.70,0.50087,15.60747,45.57383,31.21789,45.10681,50.00,0652:40:52,1,08
15:24:17,0.14494,213.60,0.49929,15.48434,45.21428,31.21789,45.10681,50.00,0652:40:53,1,08
15:24:18,0.14553,213.40,0.49664,15.44892,45.11084,31.2179,45.10682,50.00,0652:40:54,1,08
15:24:19,0.14606,213.60,0.49822,15.56868,45.46054,31.2179,45.10682,50.00,0652:40:55,1,08
15:24:20,0.14605,213.70,0.49552,15.48771,45.22413,31.21791,45.10683,50.00,0652:40:56,1,08
15:24:21,0.14362,213.60,0.49704,15.27181,44.59369,31.21791,45.10683,50.00,0652:40:57,1,08
15:24:22,0.14654,213.60,0.4951,15.52314,45.32756,31.21792,45.10684,50.00,0652:40:59,1,08
15:24:23,0.14525,213.50,0.4987,15.49277,45.2389,31.21792,45.10684,50.00,0652:41:00,1,08
15:24:24,0.13881,213.40,0.49619,14.72193,42.98804,31.21793,45.10684,50.00,0652:41:01,1,08
15:24:25,0.14483,213.40,0.49929,15.45567,45.13055,31.21793,45.10685,50.00,0652:41:02,1,08
15:24:26,0.14514,213.30,0.49848,15.45904,45.1404,31.21793,45.10685,50.00,0652:41:03,1,08
15:24:27,0.14601,213.30,0.494,15.41012,44.99756,31.21794,45.10686,50.00,0652:41:04,1,08
15:24:28,0.14601,213.30,0.494,15.41012,44.99756,31.21794,45.10686,50.00,0652:41:04,1,08
15:24:29,0.14688,213.40,0.49232,15.45735,45.13547,31.21794,45.10686,50.00,0652:41:05,1,08
15:24:30,0.14614,213.40,0.49271,15.38988,44.93846,31.21795,45.10687,50.00,0652:41:06,1,08
15:24:31,0.13016,213.50,0.48855,13.59687,39.70286,31.21795,45.10687,50.00,0652:41:07,1,08
15:24:32,0.1472,213.60,0.50048,15.76434,46.03188,31.21796,45.10688,50.00,0652:41:08,1,08
15:24:33,0.14606,213.50,0.49374,15.42362,45.03696,31.21796,45.10688,50.00,0652:41:09,1,08
15:24:34,0.14549,213.50,0.50054,15.57543,45.48024,31.21797,45.10689,50.00,0652:41:10,1,08
15:24:35,0.14461,213.60,0.49995,15.46916,45.16995,31.21797,45.10689,50.00,0652:41:11,1,08
15:24:36,0.14453,213.60,0.50038,15.47253,45.1798,31.21797,45.10689,50.00,0652:41:12,1,08
15:24:37,0.14477,213.70,0.49831,15.44049,45.08622,31.21798,45.1069,50.00,0652:41:13,1,08
15:24:38,0.14601,213.60,0.49611,15.50121,45.26353,31.21798,45.1069,50.00,0652:41:14,1,08
15:24:39,0.14351,213.70,0.49962,15.34771,44.81532,31.21799,45.10691,50.00,0652:41:15,1,08
15:24:40,0.14447,213.70,0.49853,15.41518,45.01234,31.21799,45.10691,50.00,0652:41:16,1,08
15:24:41,0.14489,213.60,0.50038,15.51302,45.29801,31.218,45.10692,50.00,0652:41:17,1,08
15:24:42,0.145,213.70,0.49853,15.46916,45.16995,31.218,45.10692,50.00,0652:41:18,1,08
15:24:43,0.14525,213.70,0.49837,15.49783,45.25368,31.21801,45.10693,50.00,0652:41:20,1,08
15:24:44,0.14572,213.70,0.50108,15.6294,45.63785,31.21801,45.10693,50.00,0652:41:21,1,08
15:24:45,0.14471,213.70,0.50174,15.54338,45.38666,31.21802,45.10694,50.00,0652:41:22,1,08
15:24:46,0.14502,213.80,0.49995,15.52482,45.33249,31.21802,45.10694,50.00,0652:41:23,1,08
15:24:47,0.14527,213.90,0.49756,15.48434,45.21428,31.21802,45.10694,50.00,0652:41:24,1,08
15:24:48,0.1451,214.00,0.49946,15.53494,45.36204,31.21803,45.10695,50.00,0652:41:25,1,08
15:24:49,0.14435,214.00,0.49989,15.4641,45.15517,31.21803,45.10695,50.00,0652:41:26,1,08
15:24:50,0.14348,214.00,0.50214,15.44386,45.09607,31.21804,45.10696,50.00,0652:41:27,1,08
15:24:51,0.14364,214.00,0.49786,15.33085,44.76608,31.21804,45.10696,50.00,0652:41:28,1,08
15:24:52,0.14518,213.90,0.49664,15.45061,45.11578,31.21805,45.10697,50.00,0652:41:29,1,08
15:24:53,0.14518,213.90,0.49664,15.45061,45.11578,31.21805,45.10697,50.00,0652:41:29,1,08
15:24:54,0.14467,213.90,0.49956,15.48265,45.20935,31.21805,45.10697,50.00,0652:41:30,1,08
15:24:55,0.14516,213.80,0.50065,15.56699,45.45562,31.21806,45.10698,50.00,0652:41:31,1,08
15:24:56,0.14445,213.90,0.50098,15.50458,45.27338,31.21806,45.10698,50.00,0652:41:32,1,08
15:24:58,0.14497,214.00,0.49848,15.49277,45.2389,31.21806,45.10698,50.00,0652:41:33,1,08
15:24:59,0.14449,214.20,0.49831,15.44555,45.10099,31.21807,45.10699,50.00,0652:41:34,1,08
15:25:00,0.14413,214.30,0.50076,15.49109,45.23398,31.21807,45.10699,50.00,0652:41:35,1,08
15:25:01,0.14386,214.40,0.50104,15.47928,45.1995,31.21808,45.107,50.00,0652:41:36,1,08
15:25:02,0.14405,214.30,0.49956,15.44892,45.11084,31.21808,45.107,50.00,0652:41:37,1,08
15:25:03,0.14466,214.20,0.49766,15.44892,45.11084,31.21809,45.10701,50.00,0652:41:38,1,08
15:25:04,0.14496,214.10,0.49729,15.46072,45.14532,31.21809,45.10701,50.00,0652:41:40,1,08
15:25:05,0.14549,214.10,0.4953,15.45567,45.13055,31.2181,45.10702,50.00,0652:41:41,1,08
15:25:06,0.1452,214.20,0.4941,15.39326,44.94831,31.2181,45.10702,50.00,0652:41:42,1,08
15:25:07,0.14527,214.20,0.498,15.52145,45.32264,31.21811,45.10703,50.00,0652:41:43,1,08
15:25:08,0.14475,214.30,0.4987,15.49615,45.24875,31.21811,45.10703,50.00,0652:41:44,1,08
15:25:09,0.14489,214.40,0.50179,15.61085,45.58368,31.21811,45.10703,50.00,0652:41:45,1,08
15:25:10,0.14408,214.30,0.50087,15.49109,45.23398,31.21812,45.10704,50.00,0652:41:46,1,08
15:25:11,0.14536,214.30,0.49919,15.57711,45.48517,31.21812,45.10704,50.00,0652:41:47,1,08
15:25:12,0.14574,214.30,0.49499,15.48434,45.21428,31.21813,45.10705,50.00,0652:41:48,1,08
15:25:13,0.1475,214.30,0.4992,15.80313,46.14515,31.21813,45.10705,50.00,0652:41:49,1,08
15:25:14,0.15018,214.20,0.50534,16.28386,47.54887,31.21814,45.10706,50.00,0652:41:50,1,08
15:25:15,0.15001,214.30,0.50424,16.23663,47.41096,31.21814,45.10706,50.00,0652:41:51,1,08
15:25:16,0.15257,214.20,0.50371,16.48964,48.14976,31.21815,45.10707,50.00,0652:41:52,1,08
15:25:17,0.15563,214.20,0.50561,16.87928,49.2875,31.21815,45.10707,50.00,0652:41:53,1,08
15:25:18,0.1577,214.20,0.51391,17.38362,50.76017,31.21816,45.10708,50.00,0652:41:54,1,08
15:25:19,0.17176,214.30,0.53528,19.73326,57.62111,31.21816,45.10708,50.00,0652:41:55,1,08
15:25:20,0.17176,214.30,0.53528,19.73326,57.62111,31.21816,45.10708,50.00,0652:41:55,1,08
15:25:21,0.16878,214.30,0.52631,19.06699,55.67562,31.21817,45.10709,50.00,0652:41:56,1,08
15:25:22,0.18375,214.40,0.52655,20.77398,60.66003,31.21817,45.10709,50.00,0652:41:57,1,08
15:25:23,0.19103,214.30,0.52028,21.33229,62.29029,31.21818,45.1071,50.00,0652:41:58,1,08
15:25:24,0.2022,214.50,0.53398,23.19615,67.73276,31.21819,45.1071,50.00,0652:42:00,1,08
15:25:25,0.20069,214.40,0.52509,22.63109,66.08278,31.21819,45.10711,50.00,0652:42:01,1,08
15:25:26,0.20953,214.20,0.52199,23.46772,68.52573,31.2182,45.10712,50.00,0652:42:02,1,08
15:25:27,0.20342,214.30,0.51642,22.54675,65.83652,31.21821,45.10712,50.00,0652:42:03,1,08
15:25:28,0.19288,214.30,0.51572,21.35422,62.35433,31.21821,45.10713,50.00,0652:42:04,1,08
15:25:29,0.18997,214.30,0.52093,21.24627,62.0391,31.21822,45.10713,50.00,0652:42:05,1,08
15:25:30,0.20623,214.40,0.51905,22.98362,67.11217,31.21823,45.10714,50.00,0652:42:06,1,08
15:25:31,0.1888,214.30,0.51665,20.94097,61.14763,31.21823,45.10715,50.00,0652:42:07,1,08
15:25:32,0.15914,214.50,0.50824,17.37687,50.74047,31.21824,45.10715,50.00,0652:42:08,1,08
15:25:33,0.15797,214.60,0.51495,17.48482,51.05569,31.21824,45.10715,50.00,0652:42:09,1,08
15:25:34,0.15469,214.50,0.51142,16.99567,49.62735,31.21825,45.10716,50.00,0652:42:10,1,08
15:25:35,0.1629,214.50,0.51335,17.96555,52.4594,31.21825,45.10716,50.00,0652:42:11,1,08
15:25:36,0.15712,214.50,0.5024,16.95856,49.51899,31.21826,45.10717,50.00,0652:42:12,1,08
15:25:37,0.16061,214.40,0.5159,17.79181,51.95209,31.21826,45.10717,50.00,0652:42:13,1,08
15:25:38,0.15605,214.30,0.50635,16.95856,49.51899,31.21827,45.10718,50.00,0652:42:14,1,08
15:25:39,0.15804,214.40,0.51437,17.45446,50.96703,31.21827,45.10718,50.00,0652:42:15,1,08
15:25:40,0.15693,214.40,0.51411,17.32627,50.59271,31.21828,45.10719,50.00,0652:42:16,1,08
15:25:41,0.15599,214.30,0.51517,17.24699,50.36122,31.21828,45.10719,50.00,0652:42:17,1,08
15:25:42,0.15522,214.30,0.51311,17.09687,49.92287,31.21829,45.1072,50.00,0652:42:18,1,08
15:25:43,0.1559,214.30,0.51083,17.09856,49.92779,31.21829,45.1072,50.00,0652:42:19,1,08
15:25:44,0.15738,214.30,0.51428,17.3735,50.73062,31.2183,45.10721,50.00,0652:42:21,1,08
15:25:45,0.15738,214.30,0.51428,17.3735,50.73062,31.2183,45.10721,50.00,0652:42:21,1,08
15:25:46,0.15573,214.30,0.51882,17.34314,50.64196,31.2183,45.10721,50.00,0652:42:22,1,08
15:25:47,0.14491,214.60,0.51777,16.12362,47.08096,31.21831,45.10722,50.00,0652:42:23,1,08
15:25:48,0.15719,214.60,0.51278,17.32795,50.59763,31.21831,45.10722,50.00,0652:42:24,1,08
15:25:49,0.15905,214.70,0.51618,17.6535,51.54821,31.21832,45.10723,50.00,0652:42:25,1,08
15:25:50,0.15087,214.70,0.51721,16.78145,49.00183,31.21832,45.10723,50.00,0652:42:26,1,08
15:25:51,0.15027,214.80,0.50814,16.42723,47.96752,31.21833,45.10724,50.00,0652:42:27,1,08
15:25:52,0.15985,214.60,0.52165,17.92675,52.34612,31.21833,45.10724,50.00,0652:42:28,1,08
15:25:53,0.15303,214.60,0.53733,17.67374,51.60732,31.21834,45.10724,50.00,0652:42:29,1,08
15:25:54,0.18065,214.60,0.5255,20.40458,59.58139,31.21834,45.10725,50.00,0652:42:30,1,08
15:25:55,0.17864,214.60,0.52574,20.1853,58.94109,31.21835,45.10726,50.00,0652:42:31,1,08
15:25:56,0.17769,214.50,0.51723,19.74844,57.66544,31.21836,45.10726,50.00,0652:42:32,1,08
15:25:57,0.17691,214.40,0.52016,19.76193,57.70485,31.21836,45.10727,50.00,0652:42:33,1,08
15:25:58,0.17908,214.40,0.51706,19.88169,58.05454,31.21837,45.10727,50.00,0652:42:34,1,08
15:25:59,0.16681,214.40,0.52246,18.71446,54.64623,31.21837,45.10728,50.00,0652:42:35,1,08
15:26:00,0.17814,214.30,0.52148,19.94241,58.23185,31.21838,45.10728,50.00,0652:42:36,1,08
15:26:01,0.17851,214.30,0.51686,19.80747,57.83783,31.21838,45.10729,50.00,0652:42:37,1,08
15:26:02,0.17768,214.50,0.52081,19.88169,58.05454,31.21839,45.10729,50.00,0652:42:38,1,08
15:26:03,0.17728,214.30,0.52154,19.84796,57.95603,31.2184,45.1073,50.00,0652:42:39,1,08
15:26:04,0.17635,214.40,0.52103,19.7282,57.60634,31.2184,45.1073,50.00,0652:42:41,1,08
15:26:05,0.17361,214.30,0.5172,19.27615,56.28636,31.21841,45.10731,50.00,0652:42:42,1,08
15:26:06,0.17564,214.20,0.51518,19.41109,56.68037,31.21841,45.10731,50.00,0652:42:43,1,08
15:26:07,0.17482,214.20,0.52091,19.53759,57.04977,31.21842,45.10732,50.00,0652:42:44,1,08
15:26:08,0.17475,214.10,0.51985,19.48362,56.89217,31.21842,45.10732,50.00,0652:42:45,1,08
15:26:09,0.17272,214.10,0.51453,19.05519,55.64114,31.21843,45.10733,50.00,0652:42:46,1,08
15:26:10,0.17272,214.10,0.51453,19.05519,55.64114,31.21843,45.10733,50.00,0652:42:46,1,08
15:26:11,0.17017,214.10,0.51354,18.74314,54.72996,31.21843,45.10733,50.00,0652:42:47,1,08
15:26:12,0.178,214.10,0.52355,19.98627,58.35991,31.21844,45.10734,50.00,0652:42:48,1,08
15:26:13,0.17889,214.20,0.52268,20.06049,58.57662,31.21845,45.10734,50.00,0652:42:49,1,08
15:26:14,0.179,214.20,0.5242,20.1347,58.79333,31.21845,45.10735,50.00,0652:42:50,1,08
15:26:15,0.1868,214.30,0.54602,21.89229,63.9255,31.21846,45.10736,50.00,0652:42:51,1,08
15:26:16,0.19246,214.30,0.55463,22.91109,66.90038,31.21847,45.10736,50.00,0652:42:52,1,08
15:26:17,0.19475,214.20,0.55396,23.15061,67.59978,31.21847,45.10737,50.00,0652:42:53,1,08
15:26:18,0.19039,214.20,0.55441,22.65133,66.14188,31.21848,45.10737,50.00,0652:42:54,1,08
15:26:19,0.19597,214.20,0.55876,23.49639,68.60947,31.21849,45.10738,50.00,0652:42:55,1,08
15:26:20,0.1959,214.30,0.55845,23.47952,68.56021,31.21849,45.10738,50.00,0652:42:56,1,08
15:26:21,0.19162,214.30,0.55244,22.72724,66.36353,31.2185,45.10739,50.00,0652:42:57,1,08
15:26:22,0.19762,214.40,0.55844,23.69543,69.19065,31.21851,45.10739,50.00,0652:42:58,1,08
15:26:23,0.21042,214.50,0.56778,25.67398,74.96804,31.21851,45.1074,50.00,0652:42:59,1,08
15:26:24,0.2137,214.50,0.57321,26.32169,76.85934,31.21852,45.1074,50.00,0652:43:01,1,08
15:26:25,0.21293,214.50,0.57045,26.10073,76.21413,31.21853,45.10741,50.00,0652:43:02,1,08
15:26:26,0.21397,214.40,0.57238,26.30483,76.8101,31.21854,45.10742,50.00,0652:43:03,1,08
15:26:27,0.2145,214.40,0.57097,26.29976,76.79531,31.21854,45.10742,50.00,0652:43:04,1,08
15:26:28,0.21281,214.40,0.5701,26.04844,76.06145,31.21855,45.10743,50.00,0652:43:05,1,08
15:26:29,0.20873,214.30,0.57134,25.59977,74.75132,31.21856,45.10743,50.00,0652:43:06,1,08
15:26:30,0.21603,214.30,0.56996,26.42627,77.16471,31.21857,45.10744,50.00,0652:43:07,1,08
15:26:31,0.21455,214.30,0.57187,26.33181,76.8889,31.21857,45.10744,50.00,0652:43:08,1,08
15:26:32,0.19558,214.30,0.57588,24.18121,70.60913,31.21858,45.10745,50.00,0652:43:09,1,08
15:26:33,0.21557,214.30,0.57366,26.54772,77.51933,31.21859,45.10746,50.00,0652:43:10,1,08
15:26:34,0.2159,214.40,0.57144,26.4988,77.3765,31.2186,45.10746,50.00,0652:43:11,1,08
15:26:35,0.21404,214.40,0.5728,26.33181,76.8889,31.2186,45.10747,50.00,0652:43:12,1,08
15:26:36,0.21404,214.40,0.5728,26.33181,76.8889,31.2186,45.10747,50.00,0652:43:12,1,08
15:26:37,0.21304,214.50,0.57102,26.13278,76.30771,31.21861,45.10747,50.00,0652:43:13,1,08
15:26:38,0.21449,214.40,0.57264,26.38241,77.03665,31.21862,45.10748,50.00,0652:43:14,1,08
15:26:39,0.20136,214.50,0.57585,24.90651,72.72701,31.21863,45.10748,50.00,0652:43:15,1,08
15:26:40,0.21385,214.50,0.57223,26.28627,76.75591,31.21863,45.10749,50.00,0652:43:16,1,08
15:26:41,0.21386,214.50,0.56772,26.09061,76.18458,31.21864,45.1075,50.00,0652:43:17,1,08
15:26:42,0.21353,214.50,0.56975,26.13615,76.31756,31.21865,45.1075,50.00,0652:43:18,1,08
15:26:43,0.21638,214.50,0.57202,26.59157,77.64739,31.21866,45.10751,50.00,0652:43:19,1,08
15:26:44,0.21354,214.40,0.57286,26.27278,76.71651,31.21867,45.10751,50.00,0652:43:21,1,08
15:26:45,0.20182,214.50,0.57298,24.8441,72.54478,31.21867,45.10752,50.00,0652:43:22,1,08
15:26:46,0.21543,214.50,0.57318,26.52916,77.46516,31.21868,45.10752,50.00,0652:43:23,1,08
15:26:47,0.21437,214.50,0.57349,26.41784,77.14008,31.21869,45.10753,50.00,0652:43:24,1,08
15:26:48,0.21443,214.60,0.57268,26.39422,77.07114,31.2187,45.10753,50.00,0652:43:25,1,08
15:26:49,0.21378,214.50,0.57282,26.30989,76.82487,31.2187,45.10754,50.00,0652:43:26,1,08
15:26:50,0.21507,214.50,0.57128,26.40097,77.09084,31.21871,45.10755,50.00,0652:43:27,1,08
15:26:51,0.21607,214.30,0.57339,26.59326,77.65231,31.21872,45.10755,50.00,0652:43:28,1,08
15:26:52,0.2171,214.20,0.57303,26.69447,77.94785,31.21873,45.10756,50.00,0652:43:29,1,08
15:26:53,0.21629,214.20,0.5716,26.52748,77.46024,31.21873,45.10756,50.00,0652:43:30,1,08
15:26:55,0.21588,214.30,0.57328,26.5629,77.56367,31.21874,45.10757,50.00,0652:43:31,1,08
15:26:56,0.21732,214.50,0.57218,26.71639,78.01186,31.21875,45.10758,50.00,0652:43:32,1,08
15:26:57,0.21424,214.70,0.57274,26.38916,77.05636,31.21876,45.10758,50.00,0652:43:33,1,08
15:26:58,0.21717,214.60,0.57118,26.6641,77.85918,31.21877,45.10759,50.00,0652:43:34,1,08
15:26:59,0.21366,214.70,0.57354,26.34868,76.93815,31.21877,45.10759,50.00,0652:43:35,1,08
15:27:00,0.21444,214.70,0.57285,26.41953,77.14501,31.21878,45.1076,50.00,0652:43:36,1,08
15:27:01,0.21055,214.80,0.57172,25.89832,75.62309,31.21879,45.1076,50.00,0652:43:37,1,08
15:27:02,0.21055,214.80,0.57172,25.89832,75.62309,31.21879,45.1076,50.00,0652:43:37,1,08
15:27:03,0.21699,214.70,0.57361,26.76193,78.14484,31.2188,45.10761,50.00,0652:43:38,1,08
15:27:04,0.20661,214.70,0.57675,25.62844,74.83505,31.2188,45.10761,50.00,0652:43:39,1,08
15:27:05,0.21483,214.60,0.57067,26.35712,76.96278,31.21881,45.10762,50.00,0652:43:41,1,08
15:27:06,0.21535,214.50,0.57443,26.58145,77.61784,31.21882,45.10763,50.00,0652:43:42,1,08
15:27:07,0.21471,214.60,0.57365,26.47181,77.2977,31.21883,45.10763,50.00,0652:43:43,1,08
15:27:08,0.20293,214.40,0.57823,25.19663,73.57417,31.21883,45.10764,50.00,0652:43:44,1,08
15:27:09,0.21793,214.30,0.5738,26.84459,78.38619,31.21884,45.10764,50.00,0652:43:45,1,08
15:27:10,0.21552,214.30,0.57337,26.52242,77.44546,31.21885,45.10765,50.00,0652:43:46,1,08
15:27:11,0.21543,214.30,0.57693,26.6776,77.89858,31.21886,45.10765,50.00,0652:43:47,1,08
15:27:12,0.21467,214.30,0.57553,26.51398,77.42083,31.21886,45.10766,50.00,0652:43:48,1,08
15:27:13,0.21722,214.20,0.574,26.75687,78.13007,31.21887,45.10767,50.00,0652:43:49,1,08
15:27:14,0.21476,214.20,0.5761,26.54603,77.5144,31.21888,45.10767,50.00,0652:43:50,1,08
15:27:15,0.21166,214.30,0.5726,26.00965,75.94817,31.21889,45.10768,50.00,0652:43:51,1,08
15:27:16,0.21467,214.30,0.57608,26.54097,77.49963,31.2189,45.10768,50.00,0652:43:52,1,08
15:27:17,0.21699,214.30,0.57533,26.79398,78.23843,31.2189,45.10769,50.00,0652:43:53,1,08
15:27:18,0.21548,214.30,0.57087,26.40097,77.09084,31.21891,45.10769,50.00,0652:43:54,1,08
15:27:19,0.21443,214.50,0.57515,26.50218,77.38636,31.21892,45.1077,50.00,0652:43:55,1,08
15:27:20,0.21357,214.40,0.57689,26.46169,77.26815,31.21893,45.10771,50.00,0652:43:56,1,08
15:27:21,0.21561,214.30,0.57524,26.62868,77.75576,31.21893,45.10771,50.00,0652:43:57,1,08
15:27:22,0.2138,214.40,0.57407,26.35374,76.95292,31.21894,45.10772,50.00,0652:43:58,1,08
15:27:23,0.21603,214.30,0.57662,26.73495,78.06605,31.21895,45.10772,50.00,0652:43:59,1,08
15:27:24,0.21449,214.30,0.57616,26.52916,77.46516,31.21896,45.10773,50.00,0652:44:00,1,08
15:27:25,0.21439,214.40,0.57155,26.31326,76.83472,31.21897,45.10773,50.00,0652:44:02,1,08
15:27:26,0.21366,214.50,0.57745,26.51061,77.41098,31.21897,45.10774,50.00,0652:44:03,1,08
15:27:27,0.19736,214.60,0.58083,24.64169,71.95374,31.21898,45.10775,50.00,0652:44:04,1,08
15:27:28,0.19736,214.60,0.58083,24.64169,71.95374,31.21898,45.10775,50.00,0652:44:04,1,08
15:27:29,0.21593,214.60,0.57639,26.7535,78.12022,31.21899,45.10775,50.00,0652:44:05,1,08
15:27:30,0.21552,214.60,0.57639,26.70121,77.96754,31.219,45.10776,50.00,0652:44:06,1,08
15:27:31,0.19708,214.70,0.58301,24.71085,72.15569,31.219,45.10776,50.00,0652:44:07,1,08
15:27:32,0.21542,214.70,0.57673,26.71302,78.00201,31.21901,45.10777,50.00,0652:44:08,1,08
15:27:33,0.21549,214.40,0.57478,26.60507,77.6868,31.21902,45.10777,50.00,0652:44:09,1,08
15:27:34,0.21453,214.40,0.57826,26.64723,77.80993,31.21903,45.10778,50.00,0652:44:10,1,08
15:27:35,0.21396,214.40,0.57356,26.35712,76.96278,31.21903,45.10778,50.00,0652:44:11,1,08
15:27:36,0.21391,214.40,0.57678,26.49543,77.36665,31.21904,45.10779,50.00,0652:44:12,1,08
15:27:37,0.2023,214.40,0.58173,25.27254,73.79581,31.21905,45.1078,50.00,0652:44:13,1,08
15:27:38,0.19343,214.40,0.56425,23.43398,68.42722,31.21906,45.1078,50.00,0652:44:14,1,08
15:27:39,0.17804,214.40,0.55728,21.30193,62.20165,31.21906,45.10781,50.00,0652:44:15,1,08
15:27:40,0.18091,214.50,0.5631,21.88555,63.9058,31.21907,45.10781,50.00,0652:44:16,1,08
15:27:41,0.18,214.60,0.56508,21.86531,63.8467,31.21907,45.10782,50.00,0652:44:17,1,08
15:27:42,0.17181,214.50,0.56313,20.79254,60.71421,31.21908,45.10782,50.00,0652:44:18,1,08
15:27:43,0.15968,214.50,0.56898,19.52073,57.00053,31.21909,45.10782,50.00,0652:44:19,1,08
15:27:44,0.17408,214.40,0.56141,20.98651,61.28062,31.21909,45.10783,50.00,0652:44:20,1,08
15:27:45,0.1731,214.40,0.56167,20.87687,60.96046,31.2191,45.10783,50.00,0652:44:21,1,08
15:27:46,0.17319,214.40,0.56426,20.9882,61.28554,31.2191,45.10784,50.00,0652:44:23,1,08
15:27:47,0.17246,214.50,0.561,20.78748,60.69943,31.21911,45.10784,50.00,0652:44:24,1,08
15:27:48,0.17268,214.60,0.56593,21.00844,61.34464,31.21912,45.10785,50.00,0652:44:25,1,08
15:27:49,0.16141,214.60,0.56723,19.68265,57.47335,31.21912,45.10785,50.00,0652:44:26,1,08
15:27:50,0.17272,214.80,0.56206,20.88193,60.97524,31.21913,45.10786,50.00,0652:44:27,1,08
15:27:51,0.17361,214.80,0.56535,21.1147,61.65493,31.21913,45.10786,50.00,0652:44:28,1,08
15:27:52,0.17536,214.90,0.56158,21.19567,61.89135,31.21914,45.10787,50.00,0652:44:29,1,08
15:27:53,0.17396,214.70,0.56168,21.0135,61.35942,31.21915,45.10787,50.00,0652:44:30,1,08
15:27:54,0.17396,214.70,0.56168,21.0135,61.35942,31.21915,45.10787,50.00,0652:44:30,1,08
15:27:55,0.17322,214.70,0.56297,20.97639,61.25105,31.21915,45.10788,50.00,0652:44:31,1,08
15:27:56,0.17413,214.60,0.56581,21.17374,61.82732,31.21916,45.10788,50.00,0652:44:32,1,08
15:27:57,0.15667,214.30,0.51525,17.32627,50.59271,31.21916,45.10789,50.00,0652:44:33,1,08
15:27:58,0.15226,214.10,0.50238,16.40025,47.88872,31.21917,45.10789,50.00,0652:44:34,1,08
15:27:59,0.15166,213.90,0.49631,16.12868,47.09575,31.21917,45.1079,50.00,0652:44:35,1,08
15:28:00,0.14817,214.10,0.50101,15.91784,46.48008,31.21918,45.1079,50.00,0652:44:36,1,08
15:28:01,0.14359,214.10,0.49967,15.38988,44.93846,31.21918,45.1079,50.00,0652:44:37,1,08
15:28:02,0.14605,214.20,0.50027,15.67326,45.76591,31.21919,45.10791,50.00,0652:44:38,1,08
15:28:03,0.15659,214.30,0.53417,17.95711,52.43476,31.21919,45.10791,50.00,0652:44:39,1,08
15:28:04,0.15849,214.50,0.52536,17.88795,52.23283,31.2192,45.10792,50.00,0652:44:40,1,08
15:28:05,0.15411,214.60,0.51884,17.18458,50.17898,31.2192,45.10792,50.00,0652:44:41,1,08
15:28:06,0.15266,214.60,0.52026,17.0682,49.83914,31.21921,45.10793,50.00,0652:44:43,1,08
15:28:07,0.1407,214.40,0.52199,15.77615,46.06636,31.21921,45.10793,50.00,0652:44:44,1,08
15:28:08,0.15337,214.30,0.51999,17.11374,49.97212,31.21922,45.10794,50.00,0652:44:45,1,08
15:28:09,0.15464,214.20,0.51973,17.23856,50.33659,31.21922,45.10794,50.00,0652:44:46,1,08
15:28:10,0.14619,213.60,0.51947,16.24844,47.44544,31.21923,45.10795,50.00,0652:44:47,1,08
15:28:11,0.14928,213.90,0.51904,16.60097,48.47483,31.21923,45.10795,50.00,0652:44:48,1,08
15:28:12,0.15411,213.80,0.52203,17.22675,50.30211,31.21924,45.10795,50.00,0652:44:49,1,08
15:28:13,0.15424,213.80,0.51644,17.06145,49.81943,31.21924,45.10796,50.00,0652:44:50,1,08
15:28:14,0.15365,213.90,0.51799,17.04964,49.78495,31.21925,45.10796,50.00,0652:44:51,1,08
15:28:15,0.15458,213.90,0.52205,17.28916,50.48435,31.21925,45.10797,50.00,0652:44:52,1,08
15:28:16,0.15159,213.90,0.51438,16.70892,48.79004,31.21926,45.10797,50.00,0652:44:53,1,08
15:28:17,0.15389,214.00,0.5155,17.00073,49.64212,31.21926,45.10798,50.00,0652:44:54,1,08
15:28:18,0.15386,214.00,0.51345,16.93494,49.45004,31.21927,45.10798,50.00,0652:44:55,1,08
15:28:19,0.15453,214.10,0.51863,17.18627,50.1839,31.21927,45.10799,50.00,0652:44:56,1,08
15:28:20,0.15453,214.10,0.51863,17.18627,50.1839,31.21927,45.10799,50.00,0652:44:56,1,08
15:28:21,0.15614,214.20,0.52387,17.54555,51.233,31.21928,45.10799,50.00,0652:44:57,1,08
15:28:22,0.14806,214.20,0.52378,16.64145,48.59303,31.21928,45.108,50.00,0652:44:58,1,08
15:28:23,0.14878,214.20,0.52225,16.66844,48.67183,31.21929,45.108,50.00,0652:44:59,1,08
15:28:24,0.16039,214.20,0.54078,18.6082,54.33593,31.21929,45.108,50.00,0652:45:00,1,08
15:28:25,0.16166,214.10,0.53809,18.65711,54.47878,31.2193,45.10801,50.00,0652:45:01,1,08
15:28:26,0.1637,214.20,0.53996,18.9641,55.37517,31.2193,45.10801,50.00,0652:45:02,1,08
15:28:27,0.16182,214.20,0.54431,18.89663,55.17817,31.21931,45.10802,50.00,0652:45:04,1,08
15:28:28,0.16207,214.20,0.54167,18.83591,55.00085,31.21931,45.10802,50.00,0652:45:05,1,08
15:28:29,0.14871,214.20,0.54393,17.35494,50.67644,31.21932,45.10803,50.00,0652:45:06,1,08
15:28:30,0.16105,214.20,0.54173,18.72121,54.66594,31.21932,45.10803,50.00,0652:45:07,1,08
15:28:31,0.1615,214.30,0.54257,18.81061,54.92698,31.21933,45.10804,50.00,0652:45:08,1,08
15:28:32,0.16181,214.30,0.53656,18.63856,54.42459,31.21934,45.10804,50.00,0652:45:09,1,08
15:28:33,0.16281,214.30,0.53654,18.74988,54.74966,31.21934,45.10805,50.00,0652:45:10,1,08
15:28:34,0.16119,214.30,0.54051,18.70265,54.61175,31.21935,45.10805,50.00,0652:45:11,1,08
15:28:35,0.16127,214.20,0.5408,18.71446,54.64623,31.21935,45.10806,50.00,0652:45:12,1,08
15:28:36,0.16098,214.20,0.54082,18.68073,54.54773,31.21936,45.10806,50.00,0652:45:13,1,08
15:28:37,0.16179,214.10,0.5383,18.68073,54.54773,31.21936,45.10806,50.00,0652:45:14,1,08
15:28:38,0.16114,214.20,0.54176,18.73302,54.70041,31.21937,45.10807,50.00,0652:45:15,1,08
15:28:39,0.16049,214.10,0.54126,18.63012,54.39996,31.21937,45.10807,50.00,0652:45:16,1,08
15:28:40,0.1607,214.10,0.54146,18.6588,54.48369,31.21938,45.10808,50.00,0652:45:17,1,08
15:28:41,0.16081,214.10,0.53953,18.60313,54.32115,31.21938,45.10808,50.00,0652:45:18,1,08
15:28:42,0.16216,214.10,0.53739,18.69085,54.57728,31.21939,45.10809,50.00,0652:45:19,1,08
15:28:43,0.16353,214.20,0.54177,19.00964,55.50816,31.2194,45.10809,50.00,0652:45:20,1,08
15:28:44,0.1612,214.30,0.54143,18.73639,54.71026,31.2194,45.1081,50.00,0652:45:21,1,08
15:28:45,0.16109,214.30,0.54015,18.67398,54.52803,31.21941,45.1081,50.00,0652:45:22,1,08
15:28:46,0.15315,214.30,0.54053,17.77157,51.89298,31.21941,45.10811,50.00,0652:45:23,1,08
15:28:48,0.15315,214.30,0.54053,17.77157,51.89298,31.21941,45.10811,50.00,0652:45:23,1,08
15:28:49,0.1623,214.20,0.53671,18.69253,54.5822,31.21942,45.10811,50.00,0652:45:25,1,08
15:28:50,0.16139,214.20,0.53936,18.67735,54.53787,31.21942,45.10812,50.00,0652:45:26,1,08
15:28:51,0.16116,214.10,0.53939,18.63856,54.42459,31.21943,45.10812,50.00,0652:45:27,1,08
15:28:52,0.16202,214.10,0.53932,18.73976,54.72011,31.21943,45.10812,50.00,0652:45:28,1,08
15:28:53,0.16207,214.00,0.53898,18.72627,54.68071,31.21944,45.10813,50.00,0652:45:29,1,08
15:28:54,0.15458,214.10,0.53887,17.86434,52.16388,31.21944,45.10813,50.00,0652:45:30,1,08
15:28:55,0.16158,214.50,0.53946,18.72458,54.67578,31.21945,45.10814,50.00,0652:45:31,1,08
15:28:56,0.16127,214.50,0.53948,18.69422,54.58713,31.21945,45.10814,50.00,0652:45:32,1,08
15:28:57,0.16234,214.40,0.53512,18.6588,54.48369,31.21946,45.10815,50.00,0652:45:33,1,08
15:28:58,0.16302,214.40,0.53358,18.68242,54.55265,31.21947,45.10815,50.00,0652:45:34,1,08
15:28:59,0.16173,214.40,0.53833,18.69253,54.5822,31.21947,45.10816,50.00,0652:45:35,1,08
15:29:00,0.16195,214.40,0.53895,18.74314,54.72996,31.21948,45.10816,50.00,0652:45:36,1,08
15:29:01,0.16242,214.50,0.53775,18.76338,54.78907,31.21948,45.10817,50.00,0652:45:37,1,08
15:29:02,0.16291,214.40,0.53558,18.73808,54.71519,31.21949,45.10817,50.00,0652:45:38,1,08
15:29:03,0.16287,214.40,0.53568,18.73808,54.71519,31.21949,45.10818,50.00,0652:45:39,1,08
15:29:04,0.16234,214.50,0.5386,18.78193,54.84324,31.2195,45.10818,50.00,0652:45:40,1,08
15:29:05,0.16434,214.30,0.53701,18.94386,55.31606,31.2195,45.10819,50.00,0652:45:41,1,08
15:29:06,0.16205,214.50,0.53818,18.7347,54.70533,31.21951,45.10819,50.00,0652:45:42,1,08
15:29:07,0.16249,214.50,0.53518,18.68242,54.55265,31.21951,45.10819,50.00,0652:45:43,1,08
15:29:08,0.16258,214.50,0.53497,18.68242,54.55265,31.21952,45.1082,50.00,0652:45:45,1,08
15:29:09,0.16266,214.40,0.53394,18.65543,54.47385,31.21953,45.1082,50.00,0652:45:46,1,08
15:29:10,0.16171,214.40,0.53629,18.62169,54.37534,31.21953,45.10821,50.00,0652:45:47,1,08
15:29:11,0.1603,214.30,0.53686,18.47495,53.94684,31.21954,45.10821,50.00,0652:45:48,1,08
15:29:12,0.16314,214.20,0.53503,18.73133,54.69548,31.21954,45.10822,50.00,0652:45:49,1,08
15:29:13,0.16219,214.10,0.53666,18.66892,54.51324,31.21955,45.10822,50.00,0652:45:50,1,08
15:29:14,0.16219,214.10,0.53666,18.66892,54.51324,31.21955,45.10822,50.00,0652:45:50,1,08
15:29:15,0.15484,214.10,0.54008,17.93519,52.37075,31.21955,45.10823,50.00,0652:45:51,1,08
15:29:16,0.15634,214.20,0.53999,18.10892,52.87805,31.21956,45.10823,50.00,0652:45:52,1,08
15:29:17,0.16184,214.20,0.53882,18.70603,54.6216,31.21956,45.10824,50.00,0652:45:53,1,08
15:29:18,0.16193,214.30,0.53937,18.74314,54.72996,31.21957,45.10824,50.00,0652:45:54,1,08
15:29:19,0.16241,214.20,0.53848,18.76506,54.79399,31.21957,45.10825,50.00,0652:45:55,1,08
15:29:20,0.16224,214.20,0.53766,18.71109,54.63638,31.21958,45.10825,50.00,0652:45:56,1,08
15:29:21,0.15048,214.20,0.54007,17.43591,50.91285,31.21958,45.10825,50.00,0652:45:57,1,08
15:29:22,0.16284,214.10,0.53433,18.66386,54.49847,31.21959,45.10826,50.00,0652:45:58,1,08
15:29:23,0.16186,214.10,0.53917,18.71446,54.64623,31.2196,45.10826,50.00,0652:45:59,1,08
15:29:24,0.16195,214.10,0.53929,18.73133,54.69548,31.2196,45.10827,50.00,0652:46:00,1,08
15:29:25,0.16139,214.30,0.54013,18.70603,54.6216,31.21961,45.10827,50.00,0652:46:01,1,08
15:29:26,0.16127,214.30,0.54039,18.70771,54.62653,31.21961,45.10828,50.00,0652:46:02,1,08
15:29:27,0.16292,214.30,0.53753,18.79374,54.87773,31.21962,45.10828,50.00,0652:46:03,1,08
15:29:28,0.16114,214.20,0.53932,18.64868,54.45415,31.21962,45.10829,50.00,0652:46:04,1,08
15:29:29,0.15287,214.30,0.54169,17.77494,51.90283,31.21963,45.10829,50.00,0652:46:06,1,08
15:29:30,0.1617,214.40,0.541,18.78362,54.84817,31.21963,45.1083,50.00,0652:46:07,1,08
15:29:31,0.16352,214.40,0.53693,18.85952,55.06981,31.21964,45.1083,50.00,0652:46:08,1,08
15:29:32,0.16301,214.50,0.53694,18.80723,54.91712,31.21964,45.10831,50.00,0652:46:09,1,08
15:29:33,0.14956,214.50,0.53912,17.31952,50.57301,31.21965,45.10831,50.00,0652:46:10,1,08
15:29:34,0.16182,214.40,0.53883,18.72627,54.68071,31.21965,45.10831,50.00,0652:46:11,1,08
15:29:35,0.16216,214.40,0.53991,18.80217,54.90234,31.21966,45.10832,50.00,0652:46:12,1,08
15:29:36,0.16234,214.40,0.53764,18.74651,54.73981,31.21967,45.10832,50.00,0652:46:13,1,08
15:29:37,0.1613,214.20,0.53475,18.50531,54.0355,31.21967,45.10833,50.00,0652:46:14,1,08
15:29:38,0.16301,214.20,0.53737,18.79711,54.88757,31.21968,45.10833,50.00,0652:46:15,1,08
15:29:39,0.16291,214.50,0.53677,18.78699,54.85802,31.21968,45.10834,50.00,0652:46:16,1,08
15:29:40,0.16291,214.50,0.53677,18.78699,54.85802,31.21968,45.10834,50.00,0652:46:16,1,08
15:29:41,0.16178,214.50,0.53917,18.73639,54.71026,31.21969,45.10834,50.00,0652:46:17,1,08
15:29:42,0.16163,214.50,0.5405,18.77181,54.81369,31.21969,45.10835,50.00,0652:46:18,1,08
15:29:43,0.16139,214.90,0.54123,18.7988,54.89249,31.2197,45.10835,50.00,0652:46:19,1,08
15:29:44,0.16075,214.90,0.5407,18.71277,54.6413,31.2197,45.10836,50.00,0652:46:20,1,08
15:29:45,0.15148,214.90,0.54025,17.61302,51.43001,31.21971,45.10836,50.00,0652:46:21,1,08
15:29:46,0.16179,214.90,0.5373,18.7094,54.63145,31.21971,45.10837,50.00,0652:46:22,1,08
15:29:47,0.16359,215.00,0.5385,18.96747,55.38503,31.21972,45.10837,50.00,0652:46:23,1,08
15:29:48,0.15336,215.10,0.54273,17.93181,52.36089,31.21973,45.10837,50.00,0652:46:24,1,08
15:29:49,0.15895,215.00,0.53986,18.48338,53.97146,31.21973,45.10838,50.00,0652:46:26,1,08
15:29:50,0.16134,215.10,0.53688,18.66217,54.49355,31.21974,45.10838,50.00,0652:46:27,1,08
15:29:51,0.15443,215.10,0.53442,17.78338,51.92746,31.21974,45.10839,50.00,0652:46:28,1,08
15:29:52,0.16265,215.10,0.53523,18.75663,54.76937,31.21975,45.10839,50.00,0652:46:29,1,08
15:29:53,0.16137,215.10,0.53818,18.71277,54.6413,31.21975,45.1084,50.00,0652:46:30,1,08
15:29:54,0.16173,215.10,0.53834,18.75832,54.77429,31.21976,45.1084,50.00,0652:46:31,1,08
15:29:55,0.16181,215.10,0.53895,18.78699,54.85802,31.21976,45.10841,50.00,0652:46:32,1,08
15:29:56,0.16119,215.00,0.53892,18.70771,54.62653,31.21977,45.10841,50.00,0652:46:33,1,08
15:29:57,0.16095,215.00,0.53914,18.68242,54.55265,31.21977,45.10842,50.00,0652:46:34,1,08
15:29:58,0.16039,214.90,0.54012,18.64531,54.44429,31.21978,45.10842,50.00,0652:46:35,1,08
15:29:59,0.16108,215.00,0.54002,18.73133,54.69548,31.21978,45.10843,50.00,0652:46:36,1,08
15:30:00,0.16017,215.00,0.53898,18.14603,52.9864,31.21979,45.10843,50.00,0652:46:37,1,08
15:30:01,0.16002,215.10,0.54134,18.66217,54.49355,31.2198,45.10844,50.00,0652:46:38,1,08
15:30:02,0.15763,215.10,0.54137,18.38723,53.69072,31.2198,45.10844,50.00,0652:46:39,1,08
15:30:03,0.16095,215.10,0.54056,18.74651,54.73981,31.21981,45.10844,50.00,0652:46:40,1,08
15:30:04,0.16034,215.20,0.54203,18.72964,54.69056,31.21981,45.10845,50.00,0652:46:41,1,08
15:30:05,0.16084,215.00,0.53939,18.68579,54.5625,31.21982,45.10845,50.00,0652:46:42,1,08
15:30:06,0.16084,215.00,0.53939,18.68579,54.5625,31.21982,45.10845,50.00,0652:46:42,1,08
15:30:07,0.15318,215.10,0.54064,17.84073,52.09492,31.21982,45.10846,50.00,0652:46:43,1,08
15:30:08,0.16111,215.00,0.53913,18.70603,54.6216,31.21983,45.10846,50.00,0652:46:44,1,08
15:30:09,0.15745,215.00,0.53895,18.27422,53.36073,31.21983,45.10847,50.00,0652:46:45,1,08
15:30:10,0.16125,215.00,0.53929,18.72796,54.68563,31.21984,45.10847,50.00,0652:46:47,1,08
15:30:11,0.1619,215.00,0.53726,18.72964,54.69056,31.21984,45.10848,50.00,0652:46:48,1,08
15:30:12,0.16125,215.00,0.53968,18.74145,54.72503,31.21985,45.10848,50.00,0652:46:49,1,08
15:30:13,0.16119,215.00,0.54053,18.76169,54.78414,31.21986,45.10849,50.00,0652:46:50,1,08
15:30:14,0.16199,214.90,0.53749,18.74314,54.72996,31.21986,45.10849,50.00,0652:46:51,1,08
15:30:15,0.15957,215.00,0.53874,18.50868,54.04535,31.21987,45.1085,50.00,0652:46:52,1,08
15:30:16,0.16273,214.70,0.53548,18.73639,54.71026,31.21987,45.1085,50.00,0652:46:53,1,08
15:30:17,0.16174,214.70,0.53875,18.73639,54.71026,31.21988,45.1085,50.00,0652:46:54,1,08
15:30:18,0.16188,214.70,0.5394,18.7735,54.81862,31.21988,45.10851,50.00,0652:46:55,1,08
15:30:19,0.16182,214.60,0.54083,18.81061,54.92698,31.21989,45.10851,50.00,0652:46:56,1,08
15:30:20,0.16212,214.60,0.54042,18.83085,54.98608,31.21989,45.10852,50.00,0652:46:57,1,08
15:30:21,0.1627,214.60,0.53983,18.88482,55.14368,31.2199,45.10852,50.00,0652:46:58,1,08
15:30:22,0.16273,214.90,0.53665,18.79543,54.88265,31.2199,45.10853,50.00,0652:46:59,1,08
15:30:23,0.16178,214.90,0.53952,18.79037,54.86787,31.21991,45.10853,50.00,0652:47:00,1,08
15:30:24,0.16196,214.80,0.5395,18.80049,54.89742,31.21992,45.10854,50.00,0652:47:01,1,08
15:30:25,0.16278,214.90,0.53654,18.79711,54.88757,31.21992,45.10854,50.00,0652:47:02,1,08
15:30:26,0.16123,215.00,0.53955,18.72964,54.69056,31.21993,45.10855,50.00,0652:47:03,1,08
15:30:27,0.16206,214.90,0.54038,18.84772,55.03533,31.21993,45.10855,50.00,0652:47:04,1,08
15:30:28,0.16202,214.90,0.54025,18.83759,55.00577,31.21994,45.10856,50.00,0652:47:05,1,08
15:30:29,0.1622,214.80,0.53857,18.79711,54.88757,31.21994,45.10856,50.00,0652:47:06,1,08
15:30:30,0.1628,215.00,0.53724,18.83253,54.991,31.21995,45.10857,50.00,0652:47:08,1,08
15:30:31,0.1628,215.00,0.53724,18.83253,54.991,31.21995,45.10857,50.00,0652:47:08,1,08
15:30:32,0.16237,214.90,0.53899,18.84097,55.01562,31.21995,45.10857,50.00,0652:47:09,1,08
15:30:33,0.1622,214.90,0.53865,18.80555,54.91219,31.21996,45.10857,50.00,0652:47:10,1,08
15:30:34,0.16239,214.90,0.53821,18.81735,54.94667,31.21996,45.10858,50.00,0652:47:11,1,08
15:30:35,0.16373,214.90,0.53815,18.9641,55.37517,31.21997,45.10858,50.00,0652:47:12,1,08
15:30:36,0.16463,215.00,0.53669,19.02314,55.54756,31.21998,45.10859,50.00,0652:47:13,1,08
15:30:37,0.16377,215.00,0.53812,18.97591,55.40965,31.21998,45.10859,50.00,0652:47:14,1,08
15:30:38,0.16355,214.90,0.53742,18.92025,55.24712,31.21999,45.1086,50.00,0652:47:15,1,08
15:30:39,0.16327,214.80,0.53831,18.9135,55.22742,31.21999,45.1086,50.00,0652:47:16,1,08
15:30:40,0.16333,214.80,0.53557,18.81904,54.9516,31.22,45.10861,50.00,0652:47:17,1,08
15:30:41,0.16406,214.80,0.53679,18.95061,55.33577,31.22,45.10861,50.00,0652:47:18,1,08
15:30:42,0.16385,214.80,0.53766,18.95398,55.34563,31.22001,45.10862,50.00,0652:47:19,1,08
15:30:43,0.16312,214.80,0.53859,18.90506,55.20279,31.22001,45.10862,50.00,0652:47:20,1,08
15:30:45,0.15894,214.80,0.53537,18.30627,53.45431,31.22002,45.10863,50.00,0652:47:21,1,08
15:30:46,0.16346,214.70,0.53666,18.86627,55.08951,31.22002,45.10863,50.00,0652:47:22,1,08
15:30:47,0.16361,214.80,0.53849,18.95061,55.33577,31.22003,45.10864,50.00,0652:47:23,1,08
15:30:48,0.16274,214.80,0.53994,18.90338,55.19786,31.22004,45.10864,50.00,0652:47:24,1,08
15:30:49,0.15499,214.70,0.54044,18.01277,52.5973,31.22004,45.10865,50.00,0652:47:25,1,08
15:30:50,0.16587,214.70,0.53926,19.23061,56.15338,31.22005,45.10865,50.00,0652:47:26,1,08
15:30:51,0.16258,214.70,0.53932,18.85446,55.05502,31.22005,45.10865,50.00,0652:47:28,1,08
15:30:52,0.14727,214.60,0.51199,16.20627,47.3223,31.22006,45.10866,50.00,0652:47:29,1,08
15:30:53,0.14591,214.50,0.4951,15.52314,45.32756,31.22006,45.10866,50.00,0652:47:30,1,08
15:30:54,0.14736,214.60,0.49137,15.56699,45.45562,31.22007,45.10867,50.00,0652:47:31,1,08
15:30:55,0.14893,214.70,0.48789,15.62434,45.62308,31.22007,45.10867,50.00,0652:47:32,1,08
15:30:56,0.14837,214.70,0.49207,15.70024,45.84472,31.22008,45.10868,50.00,0652:47:33,1,08
15:30:57,0.14797,214.70,0.49152,15.64458,45.68218,31.22008,45.10868,50.00,0652:47:34,1,08
15:30:58,0.14797,214.70,0.49152,15.64458,45.68218,31.22008,45.10868,50.00,0652:47:34,1,08
15:30:59,0.1474,214.70,0.49202,15.59904,45.5492,31.22008,45.10869,50.00,0652:47:35,1,08
15:31:00,0.14731,214.70,0.49185,15.58049,45.49502,31.22009,45.10869,50.00,0652:47:36,1,08
15:31:01,0.14837,214.70,0.48747,15.55519,45.42114,31.22009,45.1087,50.00,0652:47:37,1,08
15:31:02,0.13728,214.70,0.48571,14.33735,41.86507,31.2201,45.1087,50.00,0652:47:38,1,08
15:31:03,0.14761,214.70,0.49086,15.58386,45.50487,31.2201,45.10871,50.00,0652:47:39,1,08
15:31:04,0.14643,214.90,0.49213,15.51133,45.29308,31.22011,45.10871,50.00,0652:47:40,1,08
15:31:05,0.14848,214.80,0.48701,15.56024,45.43592,31.22011,45.10872,50.00,0652:47:41,1,08
15:31:06,0.14786,214.90,0.49131,15.63952,45.6674,31.22012,45.10872,50.00,0652:47:42,1,08
15:31:07,0.14703,214.90,0.49089,15.53832,45.37189,31.22012,45.10872,50.00,0652:47:43,1,08
15:31:08,0.14747,215.00,0.49177,15.61422,45.59352,31.22012,45.10873,50.00,0652:47:44,1,08
15:31:09,0.14703,214.90,0.49078,15.53326,45.35711,31.22013,45.10873,50.00,0652:47:45,1,08
15:31:10,0.14825,214.90,0.48747,15.55856,45.43099,31.22013,45.10874,50.00,0652:47:46,1,08
15:31:11,0.14796,215.00,0.49174,15.66651,45.74621,31.22014,45.10874,50.00,0652:47:47,1,08
15:31:12,0.14753,214.90,0.49081,15.58892,45.51965,31.22014,45.10875,50.00,0652:47:49,1,08
15:31:13,0.14728,214.90,0.49048,15.55012,45.40636,31.22015,45.10875,50.00,0652:47:50,1,08
15:31:14,0.14788,214.90,0.48908,15.5653,45.45069,31.22015,45.10876,50.00,0652:47:51,1,08
15:31:15,0.14797,214.80,0.48755,15.51976,45.31771,31.22016,45.10876,50.00,0652:47:52,1,08
15:31:16,0.14496,214.60,0.49058,15.28868,44.64294,31.22016,45.10877,50.00,0652:47:53,1,08
15:31:17,0.13685,214.70,0.48636,14.31205,41.79119,31.22017,45.10877,50.00,0652:47:54,1,08
15:31:18,0.14705,214.70,0.49136,15.53663,45.36696,31.22017,45.10878,50.00,0652:47:55,1,08
15:31:19,0.14711,214.70,0.4887,15.45904,45.1404,31.22017,45.10878,50.00,0652:47:56,1,08
15:31:20,0.14825,214.70,0.48825,15.5653,45.45069,31.22018,45.10879,50.00,0652:47:57,1,08
15:31:21,0.14759,214.70,0.49102,15.58723,45.51472,31.22018,45.10879,50.00,0652:47:58,1,08
15:31:22,0.14801,214.70,0.48765,15.52482,45.33249,31.22019,45.10879,50.00,0652:47:59,1,08
15:31:23,0.14848,214.60,0.48811,15.5788,45.49009,31.22019,45.1088,50.00,0652:48:00,1,08
15:31:24,0.14898,214.40,0.48456,15.50627,45.27831,31.2202,45.1088,50.00,0652:48:01,1,08
15:31:25,0.14898,214.40,0.48456,15.50627,45.27831,31.2202,45.1088,50.00,0652:48:01,1,08
15:31:26,0.14869,214.60,0.48728,15.57374,45.47532,31.2202,45.10881,50.00,0652:48:02,1,08
15:31:27,0.14802,214.70,0.48818,15.54169,45.38174,31.22021,45.10881,50.00,0652:48:03,1,08
15:31:28,0.14765,214.60,0.48741,15.47253,45.1798,31.22021,45.10882,50.00,0652:48:04,1,08
15:31:29,0.1381,214.60,0.4775,14.17374,41.38732,31.22021,45.10882,50.00,0652:48:05,1,08
15:31:30,0.14814,214.40,0.48817,15.5282,45.34233,31.22022,45.10883,50.00,0652:48:06,1,08
15:31:31,0.14452,214.30,0.48445,15.03061,43.88937,31.22022,45.10883,50.00,0652:48:07,1,08
15:31:32,0.14803,214.70,0.48813,15.53832,45.37189,31.22023,45.10884,50.00,0652:48:09,1,08
15:31:33,0.14813,214.70,0.48766,15.53663,45.36696,31.22023,45.10884,50.00,0652:48:10,1,08
15:31:34,0.14939,214.80,0.4841,15.55687,45.42607,31.22024,45.10885,50.00,0652:48:11,1,08
15:31:35,0.14765,214.80,0.48933,15.54675,45.39651,31.22024,45.10885,50.00,0652:48:12,1,08
15:31:36,0.14756,214.80,0.48874,15.51639,45.30786,31.22025,45.10886,50.00,0652:48:13,1,08
15:31:37,0.14765,214.80,0.48773,15.49277,45.2389,31.22025,45.10886,50.00,0652:48:14,1,08
15:31:38,0.14771,214.80,0.487,15.47759,45.19457,31.22025,45.10887,50.00,0652:48:15,1,08
15:31:39,0.14954,215.00,0.48329,15.5653,45.45069,31.22026,45.10887,50.00,0652:48:16,1,08
15:31:40,0.14742,215.10,0.48858,15.51808,45.31278,31.22026,45.10888,50.00,0652:48:17,1,08
15:31:41,0.14776,215.00,0.48759,15.51302,45.29801,31.22027,45.10888,50.00,0652:48:18,1,08
15:31:42,0.14762,215.00,0.48843,15.52651,45.33741,31.22027,45.10888,50.00,0652:48:19,1,08
15:31:43,0.14776,215.10,0.48797,15.53157,45.35218,31.22028,45.10889,50.00,0652:48:20,1,08
15:31:44,0.14848,215.00,0.48518,15.51639,45.30786,31.22028,45.10889,50.00,0652:48:21,1,08
15:31:45,0.14733,215.10,0.4899,15.54675,45.39651,31.22029,45.1089,50.00,0652:48:22,1,08
15:31:46,0.1471,215.10,0.48236,15.51976,45.31771,31.22029,45.1089,50.00,0652:48:23,1,08
15:31:47,0.14767,215.10,0.48807,15.5282,45.34233,31.2203,45.10891,50.00,0652:48:24,1,08
15:31:48,0.14842,215.10,0.48507,15.51133,45.29308,31.2203,45.10891,50.00,0652:48:25,1,08
15:31:49,0.14713,215.10,0.48909,15.50627,45.27831,31.2203,45.10892,50.00,0652:48:26,1,08
15:31:50,0.14739,215.10,0.48996,15.55687,45.42607,31.22031,45.10892,50.00,0652:48:27,1,08
15:31:51,0.14739,215.10,0.48996,15.55687,45.42607,31.22031,45.10892,50.00,0652:48:27,1,08
15:31:52,0.14731,215.20,0.4898,15.5535,45.41621,31.22031,45.10893,50.00,0652:48:29,1,08
15:31:53,0.14016,215.20,0.48548,14.66458,42.82058,31.22032,45.10893,50.00,0652:48:30,1,08
15:31:54,0.14773,215.10,0.48781,15.52482,45.33249,31.22032,45.10894,50.00,0652:48:31,1,08
15:31:55,0.14626,215.10,0.49159,15.48771,45.22413,31.22033,45.10894,50.00,0652:48:32,1,08
15:31:56,0.14688,215.10,0.48987,15.50458,45.27338,31.22033,45.10895,50.00,0652:48:33,1,08
15:31:57,0.14722,215.20,0.49065,15.57374,45.47532,31.22034,45.10895,50.00,0652:48:34,1,08
15:31:58,0.1471,215.20,0.49037,15.54844,45.40144,31.22034,45.10896,50.00,0652:48:35,1,08
15:31:59,0.14736,215.20,0.48726,15.47928,45.1995,31.22035,45.10896,50.00,0652:48:36,1,08
15:32:00,0.14631,215.20,0.49069,15.47759,45.19457,31.22035,45.10896,50.00,0652:48:37,1,08
15:32:01,0.14682,215.20,0.49073,15.53326,45.35711,31.22035,45.10897,50.00,0652:48:38,1,08
15:32:02,0.14656,215.00,0.49076,15.49277,45.2389,31.22036,45.10897,50.00,0652:48:39,1,08
15:32:03,0.14736,215.00,0.48852,15.50627,45.27831,31.22036,45.10898,50.00,0652:48:40,1,08
15:32:04,0.14776,215.00,0.48712,15.49783,45.25368,31.22037,45.10898,50.00,0652:48:41,1,08
15:32:05,0.14703,215.00,0.49142,15.56193,45.44084,31.22037,45.10899,50.00,0652:48:42,1,08
15:32:06,0.14656,214.90,0.49294,15.55181,45.41129,31.22038,45.10899,50.00,0652:48:43,1,08
15:32:07,0.14589,214.70,0.49312,15.47253,45.1798,31.22038,45.109,50.00,0652:48:44,1,08
15:32:08,0.14739,214.60,0.49148,15.56699,45.45562,31.22039,45.109,50.00,0652:48:45,1,08
15:32:09,0.14687,214.70,0.49455,15.61759,45.60337,31.22039,45.10901,50.00,0652:48:46,1,08
15:32:10,0.15358,214.70,0.51047,16.85735,49.22347,31.2204,45.10901,50.00,0652:48:47,1,08
15:32:11,0.16252,214.70,0.53663,18.75494,54.76444,31.2204,45.10902,50.00,0652:48:48,1,08
15:32:12,0.16033,214.40,0.52264,17.99253,52.5382,31.22041,45.10902,50.00,0652:48:50,1,08
15:32:13,0.1601,214.30,0.52214,17.94362,52.39536,31.22041,45.10903,50.00,0652:48:51,1,08
15:32:14,0.15912,214.40,0.52602,17.97229,52.4791,31.22042,45.10903,50.00,0652:48:52,1,08
15:32:15,0.15828,214.30,0.52527,17.84579,52.1097,31.22042,45.10904,50.00,0652:48:53,1,08
15:32:16,0.15631,214.40,0.52623,17.66362,51.57777,31.22043,45.10904,50.00,0652:48:54,1,08
15:32:17,0.15631,214.40,0.52623,17.66362,51.57777,31.22043,45.10904,50.00,0652:48:54,1,08
15:32:18,0.159,214.40,0.52371,17.88458,52.22298,31.22043,45.10904,50.00,0652:48:55,1,08
15:32:19,0.15793,214.50,0.52242,17.72266,51.75016,31.22044,45.10905,50.00,0652:48:56,1,08
15:32:20,0.15718,214.40,0.52638,17.7682,51.88313,31.22044,45.10905,50.00,0652:48:57,1,08
15:32:21,0.15669,214.40,0.52607,17.70073,51.68612,31.22045,45.10906,50.00,0652:48:58,1,08
15:32:22,0.15725,214.30,0.52473,17.71422,51.72553,31.22045,45.10906,50.00,0652:48:59,1,08
15:32:23,0.15878,214.40,0.52172,17.78675,51.93732,31.22046,45.10907,50.00,0652:49:00,1,08
15:32:24,0.1585,214.30,0.52166,17.75133,51.83388,31.22046,45.10907,50.00,0652:49:01,1,08
15:32:25,0.15878,214.30,0.52578,17.92,52.32641,31.22047,45.10908,50.00,0652:49:02,1,08
15:32:26,0.16608,214.30,0.5503,19.61687,57.28127,31.22047,45.10908,50.00,0652:49:03,1,08
15:32:27,0.15734,214.40,0.57106,19.28964,56.32575,31.22048,45.10909,50.00,0652:49:04,1,08
15:32:28,0.17321,214.50,0.56776,21.12989,61.69927,31.22049,45.10909,50.00,0652:49:05,1,08
15:32:29,0.17294,214.70,0.57063,21.2176,61.95539,31.22049,45.1091,50.00,0652:49:06,1,08
15:32:30,0.17227,214.70,0.56748,21.02193,61.38404,31.2205,45.1091,50.00,0652:49:07,1,08
15:32:31,0.17237,214.70,0.57045,21.14338,61.73866,31.2205,45.1091,50.00,0652:49:08,1,08
15:32:32,0.17273,214.60,0.56778,21.08097,61.55643,31.22051,45.10911,50.00,0652:49:10,1,08
15:32:33,0.17189,214.50,0.56662,20.93085,61.11808,31.22052,45.10911,50.00,0652:49:11,1,08
15:32:34,0.17341,214.60,0.57169,21.30531,62.21149,31.22052,45.10912,50.00,0652:49:12,1,08
15:32:35,0.17287,214.70,0.56425,20.9747,61.24614,31.22053,45.10912,50.00,0652:49:13,1,08
15:32:37,0.17143,214.70,0.56763,20.9241,61.09838,31.22053,45.10913,50.00,0652:49:14,1,08
15:32:38,0.1723,214.70,0.5645,20.91735,61.07867,31.22054,45.10913,50.00,0652:49:15,1,08
15:32:39,0.15861,214.70,0.57098,19.47181,56.85769,31.22055,45.10914,50.00,0652:49:16,1,08
15:32:40,0.1726,214.70,0.56981,21.14844,61.75344,31.22055,45.10914,50.00,0652:49:17,1,08
15:32:41,0.17243,214.70,0.5655,20.97133,61.23629,31.22056,45.10915,50.00,0652:49:18,1,08
15:32:42,0.17358,214.70,0.57134,21.33061,62.28538,31.22056,45.10915,50.00,0652:49:19,1,08
15:32:43,0.17358,214.70,0.57134,21.33061,62.28538,31.22056,45.10915,50.00,0652:49:19,1,08
15:32:44,0.17348,214.80,0.56685,21.1535,61.76822,31.22057,45.10916,50.00,0652:49:20,1,08
15:32:45,0.17205,214.80,0.56813,21.02868,61.40375,31.22058,45.10916,50.00,0652:49:21,1,08
15:32:46,0.17323,214.80,0.57025,21.24964,62.04896,31.22058,45.10917,50.00,0652:49:22,1,08
15:32:47,0.17279,214.80,0.56616,21.04386,61.44807,31.22059,45.10917,50.00,0652:49:23,1,08
15:32:48,0.17304,214.70,0.56816,21.14675,61.74852,31.2206,45.10917,50.00,0652:49:24,1,08
15:32:49,0.17403,214.70,0.56775,21.24627,62.0391,31.2206,45.10918,50.00,0652:49:25,1,08
15:32:50,0.17268,214.70,0.56691,21.05061,61.46778,31.22061,45.10918,50.00,0652:49:26,1,08
15:32:51,0.17221,214.70,0.56723,21.00675,61.33972,31.22061,45.10919,50.00,0652:49:27,1,08
15:32:52,0.17311,214.70,0.56981,21.21591,61.95045,31.22062,45.10919,50.00,0652:49:28,1,08
15:32:53,0.17304,214.60,0.56629,21.06579,61.51211,31.22063,45.1092,50.00,0652:49:29,1,08
15:32:54,0.17299,214.60,0.56736,21.09784,61.60568,31.22063,45.1092,50.00,0652:49:31,1,08
15:32:55,0.17413,214.60,0.57228,21.42169,62.55134,31.22064,45.10921,50.00,0652:49:32,1,08
15:32:56,0.17336,214.60,0.56749,21.14675,61.74852,31.22064,45.10921,50.00,0652:49:33,1,08
15:32:57,0.1734,214.50,0.57125,21.28507,62.1524,31.22065,45.10922,50.00,0652:49:34,1,08
15:32:58,0.17298,214.60,0.56568,21.03543,61.42344,31.22066,45.10922,50.00,0652:49:35,1,08
15:32:59,0.17184,214.80,0.57029,21.08772,61.57613,31.22066,45.10923,50.00,0652:49:36,1,08
15:33:00,0.172,214.70,0.57127,21.13326,61.70911,31.22067,45.10923,50.00,0652:49:37,1,08
15:33:01,0.17242,214.70,0.56936,21.1147,61.65493,31.22068,45.10924,50.00,0652:49:38,1,08
15:33:02,0.17187,214.40,0.56827,20.97639,61.25105,31.22068,45.10924,50.00,0652:49:39,1,08
15:33:03,0.17353,214.40,0.57105,21.28338,62.14747,31.22069,45.10924,50.00,0652:49:40,1,08
15:33:04,0.17174,214.40,0.56831,20.96458,61.21659,31.22069,45.10925,50.00,0652:49:41,1,08
15:33:05,0.17305,214.50,0.57276,21.29687,62.18687,31.2207,45.10925,50.00,0652:49:42,1,08
15:33:06,0.1711,214.50,0.56856,20.89711,61.01957,31.22071,45.10926,50.00,0652:49:43,1,08
15:33:07,0.16153,214.50,0.57087,19.81085,57.84768,31.22071,45.10926,50.00,0652:49:44,1,08
15:33:08,0.17271,214.40,0.56925,21.11808,61.66478,31.22072,45.10927,50.00,0652:49:45,1,08
15:33:09,0.16806,214.50,0.56915,20.54627,59.99511,31.22072,45.10927,50.00,0652:49:46,1,08
15:33:10,0.16806,214.50,0.56915,20.54627,59.99511,31.22072,45.10927,50.00,0652:49:46,1,08
15:33:11,0.17355,214.40,0.5716,21.30362,62.20658,31.22073,45.10928,50.00,0652:49:47,1,08
15:33:12,0.17177,214.60,0.56905,21.00506,61.33479,31.22074,45.10928,50.00,0652:49:48,1,08
15:33:13,0.1724,214.50,0.56711,21.01012,61.34956,31.22074,45.10929,50.00,0652:49:49,1,08
15:33:14,0.17226,214.60,0.56856,21.05061,61.46778,31.22075,45.10929,50.00,0652:49:50,1,08
15:33:15,0.17302,214.50,0.57173,21.25639,62.06865,31.22075,45.10929,50.00,0652:49:52,1,08
15:33:16,0.17197,214.60,0.56859,21.01687,61.36927,31.22076,45.1093,50.00,0652:49:53,1,08
15:33:17,0.17458,214.60,0.57134,21.43687,62.59567,31.22077,45.1093,50.00,0652:49:54,1,08
15:33:18,0.17313,214.60,0.57013,21.21254,61.94061,31.22077,45.10931,50.00,0652:49:55,1,08
15:33:19,0.17226,214.50,0.56854,21.04217,61.44315,31.22078,45.10931,50.00,0652:49:56,1,08
15:33:20,0.1725,214.50,0.57037,21.13494,61.71404,31.22079,45.10932,50.00,0652:49:57,1,08
15:33:21,0.17214,214.40,0.5693,21.04723,61.45792,31.22079,45.10932,50.00,0652:49:58,1,08
15:33:22,0.1726,214.40,0.56657,21.00169,61.32494,31.2208,45.10933,50.00,0652:49:59,1,08
15:33:23,0.17332,214.40,0.57196,21.29012,62.16716,31.2208,45.10933,50.00,0652:50:00,1,08
15:33:24,0.17227,214.30,0.567,20.96964,61.23136,31.22081,45.10934,50.00,0652:50:01,1,08
15:33:25,0.15814,214.40,0.57593,19.56121,57.11874,31.22082,45.10934,50.00,0652:50:02,1,08
15:33:26,0.17206,214.40,0.56769,20.97976,61.26091,31.22082,45.10935,50.00,0652:50:03,1,08
15:33:27,0.17094,214.40,0.56785,20.84988,60.88166,31.22083,45.10935,50.00,0652:50:04,1,08
15:33:28,0.16598,214.50,0.57333,20.44169,59.68974,31.22083,45.10935,50.00,0652:50:05,1,08
15:33:29,0.1718,214.50,0.56809,20.96796,61.22643,31.22084,45.10936,50.00,0652:50:06,1,08
15:33:30,0.17345,214.40,0.57191,21.30362,62.20658,31.22085,45.10936,50.00,0652:50:07,1,08
15:33:31,0.1562,214.50,0.56996,19.12772,55.85293,31.22085,45.10937,50.00,0652:50:08,1,08
15:33:32,0.17409,214.40,0.56888,21.27157,62.11299,31.22086,45.10937,50.00,0652:50:09,1,08
15:33:33,0.17259,214.40,0.56674,21.0135,61.35942,31.22086,45.10938,50.00,0652:50:10,1,08
15:33:34,0.17336,214.40,0.57004,21.22265,61.97015,31.22087,45.10938,50.00,0652:50:11,1,08
15:33:35,0.17327,214.40,0.57031,21.21928,61.9603,31.22088,45.10939,50.00,0652:50:13,1,08
15:33:36,0.15493,214.30,0.56831,18.90338,55.19786,31.22088,45.10939,50.00,0652:50:14,1,08
15:33:37,0.15493,214.30,0.56831,18.90338,55.19786,31.22088,45.10939,50.00,0652:50:14,1,08
15:33:38,0.17196,214.30,0.57018,21.04892,61.46284,31.22089,45.1094,50.00,0652:50:15,1,08
15:33:39,0.17318,214.30,0.56417,20.96964,61.23136,31.22089,45.1094,50.00,0652:50:16,1,08
15:33:40,0.17418,214.30,0.56754,21.21928,61.9603,31.2209,45.1094,50.00,0652:50:17,1,08
15:33:41,0.17443,214.30,0.56353,21.09615,61.60077,31.22091,45.10941,50.00,0652:50:18,1,08
15:33:42,0.17435,214.30,0.56292,21.06748,61.51703,31.22091,45.10941,50.00,0652:50:19,1,08
15:33:43,0.17391,214.40,0.571,21.32555,62.2706,31.22092,45.10942,50.00,0652:50:20,1,08
15:33:44,0.1727,214.40,0.56894,21.1029,61.62046,31.22093,45.10942,50.00,0652:50:21,1,08
15:33:45,0.17314,214.50,0.57152,21.25639,62.06865,31.22093,45.10943,50.00,0652:50:22,1,08
15:33:46,0.17185,214.60,0.56649,20.9241,61.09838,31.22094,45.10943,50.00,0652:50:23,1,08
15:33:47,0.17349,214.70,0.56894,21.2294,61.98986,31.22094,45.10944,50.00,0652:50:24,1,08
15:33:48,0.1718,214.70,0.56962,21.04555,61.453,31.22095,45.10944,50.00,0652:50:25,1,08
15:33:49,0.16284,214.70,0.56956,19.94241,58.23185,31.22096,45.10945,50.00,0652:50:26,1,08
15:33:50,0.17309,214.70,0.57286,21.32555,62.2706,31.22096,45.10945,50.00,0652:50:27,1,08
15:33:51,0.17173,214.70,0.56805,20.97976,61.26091,31.22097,45.10946,50.00,0652:50:28,1,08
15:33:52,0.17319,214.70,0.57156,21.28507,62.1524,31.22097,45.10946,50.00,0652:50:29,1,08
15:33:53,0.16312,214.60,0.54262,19.02483,55.55249,31.22098,45.10947,50.00,0652:50:30,1,08
15:33:54,0.15263,214.50,0.50622,16.59759,48.46497,31.22098,45.10947,50.00,0652:50:31,1,08
15:33:55,0.15123,214.40,0.49922,16.21133,47.33709,31.22099,45.10947,50.00,0652:50:33,1,08
15:33:56,0.14705,214.50,0.49055,15.50121,45.26353,31.22099,45.10948,50.00,0652:50:34,1,08
15:33:57,0.14711,214.50,0.4945,15.63278,45.64771,31.221,45.10948,50.00,0652:50:35,1,08
15:33:58,0.14784,214.60,0.49708,15.7947,46.12053,31.221,45.10949,50.00,0652:50:36,1,08
15:33:59,0.14541,214.70,0.49579,15.50121,45.26353,31.22101,45.10949,50.00,0652:50:37,1,08
15:34:00,0.13115,214.70,0.48373,13.64241,39.83585,31.22101,45.1095,50.00,0652:50:38,1,08
15:34:01,0.14668,214.70,0.49273,15.54,45.37681,31.22102,45.1095,50.00,0652:50:39,1,08
15:34:02,0.14603,214.70,0.49372,15.50458,45.27338,31.22102,45.10951,50.00,0652:50:40,1,08
15:34:03,0.14603,214.70,0.49372,15.50458,45.27338,31.22102,45.10951,50.00,0652:50:40,1,08
15:34:04,0.14581,214.70,0.49425,15.50121,45.26353,31.22102,45.10951,50.00,0652:50:41,1,08
15:34:05,0.14603,214.70,0.49538,15.55687,45.42607,31.22103,45.10952,50.00,0652:50:42,1,08
15:34:06,0.14625,214.70,0.49217,15.48097,45.20442,31.22103,45.10952,50.00,0652:50:43,1,08
15:34:07,0.14583,214.80,0.49392,15.49446,45.24382,31.22104,45.10953,50.00,0652:50:44,1,08
15:34:08,0.14503,214.80,0.49649,15.49446,45.24382,31.22104,45.10953,50.00,0652:50:45,1,08
15:34:09,0.14648,214.80,0.49245,15.51639,45.30786,31.22105,45.10953,50.00,0652:50:46,1,08
15:34:10,0.14592,214.70,0.49463,15.52482,45.33249,31.22105,45.10954,50.00,0652:50:47,1,08
15:34:11,0.14745,214.70,0.49021,15.54169,45.38174,31.22106,45.10954,50.00,0652:50:48,1,08
15:34:12,0.14688,214.70,0.49097,15.50796,45.28323,31.22106,45.10955,50.00,0652:50:49,1,08
15:34:13,0.1423,214.70,0.48854,14.95133,43.65788,31.22107,45.10955,50.00,0652:50:50,1,08
15:34:14,0.14636,214.70,0.49319,15.52482,45.33249,31.22107,45.10956,50.00,0652:50:51,1,08
15:34:15,0.14633,214.70,0.49383,15.53832,45.37189,31.22107,45.10956,50.00,0652:50:52,1,08
15:34:16,0.1466,214.60,0.49149,15.4894,45.22905,31.22108,45.10957,50.00,0652:50:54,1,08
15:34:17,0.14679,214.50,0.48914,15.42868,45.05174,31.22108,45.10957,50.00,0652:50:55,1,08
15:34:18,0.14714,214.60,0.48939,15.47591,45.18965,31.22109,45.10958,50.00,0652:50:56,1,08
15:34:19,0.14591,214.60,0.49225,15.43711,45.07637,31.22109,45.10958,50.00,0652:50:57,1,08
15:34:20,0.14707,214.60,0.48927,15.4641,45.15517,31.2211,45.10959,50.00,0652:50:58,1,08
15:34:21,0.14667,214.60,0.49278,15.53326,45.35711,31.2211,45.10959,50.00,0652:50:59,1,08
15:34:22,0.13048,214.70,0.48551,13.6188,39.7669,31.22111,45.10959,50.00,0652:51:00,1,08
15:34:23,0.1471,214.70,0.49248,15.5788,45.49009,31.22111,45.1096,50.00,0652:51:01,1,08
15:34:24,0.14685,214.70,0.49065,15.49277,45.2389,31.22111,45.1096,50.00,0652:51:02,1,08
15:34:25,0.14784,214.70,0.48663,15.47085,45.17487,31.22112,45.10961,50.00,0652:51:03,1,08
15:34:26,0.14702,214.70,0.49152,15.54169,45.38174,31.22112,45.10961,50.00,0652:51:04,1,08
15:34:27,0.14601,215.00,0.49308,15.50796,45.28323,31.22113,45.10962,50.00,0652:51:05,1,08
15:34:28,0.13436,215.00,0.48525,14.04049,40.99822,31.22113,45.10962,50.00,0652:51:06,1,08
15:34:29,0.13436,215.00,0.48525,14.04049,40.99822,31.22113,45.10962,50.00,0652:51:06,1,08
15:34:31,0.14653,215.00,0.4907,15.48097,45.20442,31.22114,45.10963,50.00,0652:51:07,1,08
15:34:32,0.14386,215.00,0.48573,15.04579,43.9337,31.22114,45.10963,50.00,0652:51:08,1,08
15:34:33,0.14636,215.00,0.49144,15.48771,45.22413,31.22115,45.10964,50.00,0652:51:09,1,08
15:34:34,0.14659,215.00,0.49257,15.54675,45.39651,31.22115,45.10964,50.00,0652:51:10,1,08
15:34:35,0.14664,214.90,0.49183,15.52651,45.33741,31.22115,45.10965,50.00,0652:51:11,1,08
15:34:36,0.14711,214.90,0.49063,15.53663,45.36696,31.22116,45.10965,50.00,0652:51:12,1,08
15:34:37,0.14685,215.00,0.48954,15.47928,45.1995,31.22116,45.10965,50.00,0652:51:14,1,08
15:34:38,0.14591,215.00,0.49147,15.44555,45.10099,31.22117,45.10966,50.00,0652:51:15,1,08
15:34:39,0.14653,215.20,0.49081,15.49952,45.25861,31.22117,45.10966,50.00,0652:51:16,1,08
15:34:40,0.14657,215.20,0.48873,15.44049,45.08622,31.22118,45.10967,50.00,0652:51:17,1,08
15:34:41,0.14674,215.20,0.48928,15.47928,45.1995,31.22118,45.10967,50.00,0652:51:18,1,08
15:34:42,0.14625,215.30,0.49219,15.52314,45.32756,31.22119,45.10968,50.00,0652:51:19,1,08
15:34:43,0.14665,215.30,0.492,15.56193,45.44084,31.22119,45.10968,50.00,0652:51:20,1,08
15:34:44,0.14601,215.40,0.49239,15.50796,45.28323,31.2212,45.10969,50.00,0652:51:21,1,08
15:34:45,0.14744,215.30,0.48864,15.53326,45.35711,31.2212,45.10969,50.00,0652:51:22,1,08
15:34:46,0.14664,215.20,0.48943,15.47085,45.17487,31.2212,45.1097,50.00,0652:51:23,1,08
15:34:47,0.13554,215.30,0.4854,14.18723,41.42672,31.22121,45.1097,50.00,0652:51:24,1,08
15:34:48,0.14606,215.20,0.49218,15.49952,45.25861,31.22121,45.10971,50.00,0652:51:25,1,08
15:34:49,0.14777,215.10,0.48983,15.59904,45.5492,31.22122,45.10971,50.00,0652:51:26,1,08
15:34:50,0.14765,215.20,0.48786,15.52482,45.33249,31.22122,45.10972,50.00,0652:51:27,1,08
15:34:51,0.14728,215.20,0.48969,15.54338,45.38666,31.22123,45.10972,50.00,0652:51:28,1,08
15:34:52,0.14656,215.20,0.49082,15.50458,45.27338,31.22123,45.10972,50.00,0652:51:29,1,08
15:34:53,0.14703,215.10,0.49084,15.55012,45.40636,31.22124,45.10973,50.00,0652:51:30,1,08
15:34:54,0.14724,215.10,0.48904,15.51133,45.29308,31.22124,45.10973,50.00,0652:51:31,1,08
15:34:55,0.14773,215.00,0.48781,15.51976,45.31771,31.22124,45.10974,50.00,0652:51:32,1,08
15:34:56,0.14855,215.10,0.48867,15.63784,45.66248,31.22125,45.10974,50.00,0652:51:33,1,08
15:34:57,0.14855,215.10,0.48867,15.63784,45.66248,31.22125,45.10974,50.00,0652:51:33,1,08
15:34:58,0.14852,215.10,0.48993,15.67663,45.77576,31.22125,45.10975,50.00,0652:51:35,1,08
15:34:59,0.14815,215.10,0.48806,15.57711,45.48517,31.22126,45.10975,50.00,0652:51:36,1,08
15:35:00,0.14959,215.20,0.48415,15.60747,45.57383,31.22126,45.10976,50.00,0652:51:37,1,08
15:35:01,0.14913,215.10,0.48688,15.64627,45.6871,31.22127,45.10976,50.00,0652:51:38,1,08
15:35:02,0.15094,215.20,0.48891,15.9094,46.45546,31.22127,45.10977,50.00,0652:51:39,1,08
15:35:03,0.14904,215.20,0.48619,15.62097,45.61323,31.22128,45.10977,50.00,0652:51:40,1,08
15:35:04,0.14891,215.20,0.48692,15.63109,45.64278,31.22128,45.10978,50.00,0652:51:41,1,08
15:35:05,0.15009,215.20,0.48431,15.66988,45.75606,31.22129,45.10978,50.00,0652:51:42,1,08
15:35:06,0.14872,215.30,0.48759,15.63615,45.65755,31.22129,45.10979,50.00,0652:51:43,1,08
15:35:07,0.14826,215.30,0.48681,15.56193,45.44084,31.22129,45.10979,50.00,0652:51:44,1,08
15:35:08,0.14842,215.10,0.48724,15.58217,45.49994,31.2213,45.1098,50.00,0652:51:45,1,08
15:35:09,0.14891,215.10,0.48575,15.58386,45.50487,31.2213,45.1098,50.00,0652:51:46,1,08
15:35:10,0.15139,215.00,0.48314,15.75591,46.00725,31.22131,45.10981,50.00,0652:51:47,1,08
15:35:11,0.14864,215.00,0.4864,15.56699,45.45562,31.22131,45.10981,50.00,0652:51:48,1,08
15:35:12,0.14893,215.00,0.48706,15.61928,45.6083,31.22132,45.10982,50.00,0652:51:49,1,08
15:35:13,0.14855,215.10,0.48624,15.56024,45.43592,31.22132,45.10982,50.00,0652:51:50,1,08
15:35:14,0.14845,215.10,0.48581,15.53326,45.35711,31.22133,45.10983,50.00,0652:51:51,1,08
15:35:15,0.14869,214.90,0.48409,15.49615,45.24875,31.22133,45.10983,50.00,0652:51:52,1,08
15:35:16,0.14768,215.00,0.48647,15.46916,45.16995,31.22134,45.10983,50.00,0652:51:53,1,08
15:35:17,0.14626,215.00,0.48741,15.35109,44.82518,31.22134,45.10984,50.00,0652:51:54,1,08
15:35:18,0.14733,214.90,0.48787,15.47422,45.18472,31.22134,45.10984,50.00,0652:51:56,1,08
15:35:19,0.14794,215.00,0.48671,15.50627,45.27831,31.22135,45.10985,50.00,0652:51:57,1,08
15:35:20,0.14674,215.00,0.48847,15.43543,45.07145,31.22135,45.10985,50.00,0652:51:58,1,08
15:35:21,0.1473,214.90,0.48792,15.47085,45.17487,31.22136,45.10986,50.00,0652:51:59,1,08
15:35:22,0.1473,214.90,0.48792,15.47085,45.17487,31.22136,45.10986,50.00,0652:51:59,1,08
15:35:23,0.14716,214.90,0.48829,15.46916,45.16995,31.22136,45.10986,50.00,0652:52:00,1,08
15:35:24,0.14703,215.00,0.48786,15.44892,45.11084,31.22137,45.10987,50.00,0652:52:01,1,08
15:35:25,0.14815,215.00,0.48599,15.50121,45.26353,31.22137,45.10987,50.00,0652:52:02,1,08
15:35:26,0.14808,214.90,0.48593,15.49109,45.23398,31.22138,45.10988,50.00,0652:52:03,1,08
15:35:27,0.1477,215.00,0.48913,15.55687,45.42607,31.22138,45.10988,50.00,0652:52:04,1,08
15:35:28,0.1471,215.00,0.48951,15.50796,45.28323,31.22139,45.10989,50.00,0652:52:05,1,08
15:35:29,0.14771,214.90,0.48785,15.5147,45.30293,31.22139,45.10989,50.00,0652:52:06,1,08
15:35:30,0.14538,214.90,0.49639,15.53326,45.35711,31.22139,45.1099,50.00,0652:52:07,1,08
15:35:31,0.14514,214.90,0.49811,15.55856,45.43099,31.2214,45.1099,50.00,0652:52:08,1,08
15:35:32,0.14541,214.80,0.49639,15.52988,45.34726,31.2214,45.10991,50.00,0652:52:09,1,08
15:35:33,0.12999,214.80,0.49137,13.74193,40.12644,31.22141,45.10991,50.00,0652:52:10,1,08
15:35:34,0.14912,214.70,0.50137,16.08145,46.95783,31.22141,45.10991,50.00,0652:52:11,1,08
15:35:35,0.15446,214.80,0.51634,17.15928,50.10509,31.22142,45.10992,50.00,0652:52:12,1,08
15:35:36,0.16766,214.80,0.53044,19.13446,55.87263,31.22142,45.10992,50.00,0652:52:13,1,08
15:35:37,0.16977,214.80,0.52983,19.35543,56.51785,31.22143,45.10993,50.00,0652:52:14,1,08
15:35:38,0.1696,214.80,0.52921,19.31326,56.39472,31.22143,45.10993,50.00,0652:52:15,1,08
15:35:39,0.1798,214.80,0.55545,21.49085,62.75328,31.22144,45.10994,50.00,0652:52:17,1,08
15:35:40,0.17977,214.80,0.55468,21.45711,62.65477,31.22145,45.10994,50.00,0652:52:18,1,08
15:35:41,0.17984,214.80,0.5571,21.55832,62.95028,31.22145,45.10995,50.00,0652:52:19,1,08
15:35:42,0.17847,214.90,0.55674,21.61398,63.11283,31.22146,45.10995,50.00,0652:52:20,1,08
15:35:43,0.18111,214.80,0.55267,21.53808,62.89119,31.22147,45.10996,50.00,0652:52:21,1,08
15:35:44,0.17639,214.90,0.55856,21.20579,61.92091,31.22147,45.10996,50.00,0652:52:22,1,08
15:35:45,0.18149,214.90,0.55668,21.7506,63.51177,31.22148,45.10997,50.00,0652:52:23,1,08
15:35:46,0.18041,214.90,0.55437,21.53133,62.87149,31.22148,45.10997,50.00,0652:52:24,1,08
15:35:47,0.18076,214.90,0.55761,21.69663,63.35416,31.22149,45.10998,50.00,0652:52:25,1,08
15:35:48,0.17629,215.00,0.55626,21.11302,61.65001,31.2215,45.10998,50.00,0652:52:26,1,08
15:35:49,0.17984,215.00,0.55453,21.47398,62.70402,31.2215,45.10999,50.00,0652:52:27,1,08
15:35:50,0.17984,215.00,0.55453,21.47398,62.70402,31.2215,45.10999,50.00,0652:52:27,1,08
15:35:51,0.18049,215.00,0.55607,21.61398,63.11283,31.22151,45.10999,50.00,0652:52:28,1,08
15:35:52,0.18058,215.00,0.55807,21.70675,63.38372,31.22152,45.11,50.00,0652:52:29,1,08
15:35:53,0.17883,215.00,0.55474,21.36603,62.3888,31.22152,45.11,50.00,0652:52:30,1,08
15:35:54,0.18216,215.00,0.55513,21.77591,63.58565,31.22153,45.11001,50.00,0652:52:31,1,08
15:35:55,0.18137,215.00,0.5584,21.80458,63.66938,31.22153,45.11001,50.00,0652:52:32,1,08
15:35:56,0.17991,215.20,0.55512,21.52458,62.85178,31.22154,45.11002,50.00,0652:52:33,1,08
15:35:57,0.18271,215.10,0.56097,22.0829,64.48206,31.22155,45.11002,50.00,0652:52:34,1,08
15:35:58,0.184,215.10,0.55804,22.12169,64.59534,31.22155,45.11003,50.00,0652:52:35,1,08
15:35:59,0.18408,215.10,0.55866,22.15205,64.68399,31.22156,45.11003,50.00,0652:52:36,1,08
15:36:00,0.18371,215.10,0.5609,22.20097,64.82684,31.22157,45.11004,50.00,0652:52:38,1,08
15:36:01,0.18055,215.10,0.55776,21.69663,63.35416,31.22157,45.11004,50.00,0652:52:39,1,08
15:36:02,0.189,215.10,0.56633,23.05784,67.32889,31.22158,45.11005,50.00,0652:52:40,1,08
15:36:03,0.19399,215.00,0.56591,23.63639,69.01826,31.22159,45.11005,50.00,0652:52:41,1,08
15:36:04,0.19587,214.90,0.56776,23.94169,69.90974,31.22159,45.11006,50.00,0652:52:42,1,08
15:36:05,0.19505,215.00,0.56879,23.8894,69.75706,31.2216,45.11006,50.00,0652:52:43,1,08
15:36:06,0.19328,214.90,0.56604,23.55205,68.772,31.22161,45.11007,50.00,0652:52:44,1,08
15:36:07,0.19487,214.90,0.57034,23.92145,69.85064,31.22161,45.11008,50.00,0652:52:45,1,08
15:36:08,0.19534,214.80,0.56784,23.86073,69.67333,31.22162,45.11008,50.00,0652:52:46,1,08
15:36:09,0.19371,214.70,0.56697,23.61784,68.96408,31.22163,45.11009,50.00,0652:52:47,1,08
15:36:10,0.19496,214.60,0.56829,23.82025,69.55512,31.22163,45.11009,50.00,0652:52:48,1,08
15:36:11,0.19469,214.70,0.56937,23.84049,69.61423,31.22164,45.1101,50.00,0652:52:49,1,08
15:36:12,0.19354,214.60,0.56608,23.55374,68.77692,31.22165,45.1101,50.00,0652:52:50,1,08
15:36:13,0.19491,214.80,0.56915,23.86579,69.68811,31.22166,45.11011,50.00,0652:52:51,1,08
15:36:14,0.18452,214.70,0.57515,22.82338,66.64426,31.22166,45.11011,50.00,0652:52:52,1,08
15:36:15,0.19351,214.70,0.57044,23.74097,69.32364,31.22167,45.11012,50.00,0652:52:53,1,08
15:36:16,0.19351,214.70,0.57044,23.74097,69.32364,31.22167,45.11012,50.00,0652:52:53,1,08
15:36:17,0.19453,214.70,0.569,23.79832,69.4911,31.22168,45.11012,50.00,0652:52:54,1,08
15:36:18,0.19495,214.60,0.57021,23.8894,69.75706,31.22168,45.11013,50.00,0652:52:55,1,08
15:36:19,0.1952,214.60,0.57157,23.9788,70.0181,31.22169,45.11013,50.00,0652:52:56,1,08
15:36:20,0.19419,214.60,0.56774,23.69374,69.18572,31.2217,45.11014,50.00,0652:52:58,1,08
15:36:21,0.19551,214.50,0.57146,24.00916,70.10676,31.2217,45.11014,50.00,0652:52:59,1,08
15:36:23,0.19505,214.50,0.56861,23.83374,69.59453,31.22171,45.11015,50.00,0652:53:00,1,08
15:36:24,0.19465,214.50,0.56895,23.80001,69.49603,31.22172,45.11015,50.00,0652:53:01,1,08
15:36:25,0.19567,214.60,0.57012,23.97374,70.00332,31.22172,45.11016,50.00,0652:53:02,1,08
15:36:26,0.19518,214.60,0.5712,23.96531,69.97869,31.22173,45.11016,50.00,0652:53:03,1,08
15:36:27,0.19465,214.70,0.57077,23.88772,69.75214,31.22174,45.11017,50.00,0652:53:04,1,08
15:36:28,0.19485,214.70,0.56796,23.79495,69.48125,31.22175,45.11017,50.00,0652:53:05,1,08
15:36:29,0.19492,214.80,0.57204,23.98892,70.04765,31.22175,45.11018,50.00,0652:53:06,1,08
15:36:30,0.19463,214.80,0.56993,23.86579,69.68811,31.22176,45.11018,50.00,0652:53:07,1,08
15:36:31,0.19511,214.80,0.57019,23.93832,69.89989,31.22177,45.11019,50.00,0652:53:08,1,08
15:36:32,0.19513,214.80,0.56892,23.87928,69.72751,31.22177,45.1102,50.00,0652:53:09,1,08
15:36:33,0.19533,214.80,0.56752,23.84724,69.63393,31.22178,45.1102,50.00,0652:53:10,1,08
15:36:34,0.19604,214.80,0.57006,24.04458,70.21018,31.22179,45.11021,50.00,0652:53:11,1,08
15:36:35,0.19294,214.90,0.56792,23.58242,68.86066,31.22179,45.11021,50.00,0652:53:12,1,08
15:36:36,0.19514,214.90,0.56654,23.79832,69.4911,31.2218,45.11022,50.00,0652:53:13,1,08
15:36:37,0.19523,215.00,0.57104,24.01085,70.11168,31.22181,45.11022,50.00,0652:53:14,1,08
15:36:38,0.1948,215.00,0.56799,23.82699,69.57482,31.22181,45.11023,50.00,0652:53:15,1,08
15:36:39,0.18934,215.00,0.57058,23.26362,67.92977,31.22182,45.11023,50.00,0652:53:16,1,08
15:36:40,0.1934,215.10,0.57041,23.76289,69.38765,31.22183,45.11024,50.00,0652:53:17,1,08
15:36:41,0.19392,215.00,0.56926,23.77471,69.42214,31.22184,45.11024,50.00,0652:53:18,1,08
15:36:42,0.19369,215.10,0.5681,23.70892,69.23005,31.22184,45.11025,50.00,0652:53:20,1,08
15:36:43,0.19369,215.10,0.5681,23.70892,69.23005,31.22184,45.11025,50.00,0652:53:20,1,08
15:36:44,0.18268,215.10,0.56785,22.34603,65.2504,31.22185,45.11025,50.00,0652:53:21,1,08
15:36:45,0.19363,215.00,0.56941,23.74434,69.33348,31.22186,45.11026,50.00,0652:53:22,1,08
15:36:46,0.19259,214.90,0.56928,23.60266,68.91977,31.22186,45.11026,50.00,0652:53:23,1,08
15:36:47,0.19293,214.80,0.56634,23.51326,68.65871,31.22187,45.11027,50.00,0652:53:24,1,08
15:36:48,0.19206,214.90,0.56594,23.3935,68.30902,31.22188,45.11027,50.00,0652:53:25,1,08
15:36:49,0.18521,214.80,0.5706,22.73904,66.398,31.22188,45.11028,50.00,0652:53:26,1,08
15:36:50,0.19167,214.80,0.56938,23.47784,68.55528,31.22189,45.11028,50.00,0652:53:27,1,08
15:36:51,0.19249,214.90,0.56925,23.5841,68.86558,31.2219,45.11029,50.00,0652:53:28,1,08
15:36:52,0.19353,214.90,0.5712,23.78988,69.46646,31.2219,45.11029,50.00,0652:53:29,1,08
15:36:53,0.19301,214.90,0.57019,23.69205,69.18079,31.22191,45.1103,50.00,0652:53:30,1,08
15:36:54,0.19256,214.90,0.57096,23.66844,69.11185,31.22192,45.1103,50.00,0652:53:31,1,08
15:36:55,0.19238,215.00,0.56951,23.59085,68.88528,31.22192,45.11031,50.00,0652:53:32,1,08
15:36:56,0.19315,214.90,0.57101,23.73759,69.31377,31.22193,45.11031,50.00,0652:53:33,1,08
15:36:57,0.19375,214.80,0.56844,23.69036,69.17587,31.22194,45.11032,50.00,0652:53:34,1,08
15:36:58,0.1933,214.80,0.56911,23.67013,69.11677,31.22194,45.11033,50.00,0652:53:35,1,08
15:36:59,0.19236,215.00,0.57294,23.73085,69.29408,31.22195,45.11033,50.00,0652:53:36,1,08
15:37:00,0.19132,214.90,0.57089,23.51326,68.65871,31.22196,45.11034,50.00,0652:53:37,1,08
15:37:01,0.19082,215.00,0.56897,23.37663,68.25977,31.22197,45.11034,50.00,0652:53:38,1,08
15:37:02,0.19089,215.00,0.57031,23.44916,68.47155,31.22197,45.11035,50.00,0652:53:40,1,08
15:37:03,0.19067,215.10,0.56972,23.40531,68.3435,31.22198,45.11035,50.00,0652:53:41,1,08
15:37:04,0.19141,215.20,0.56973,23.51157,68.65379,31.22199,45.11036,50.00,0652:53:42,1,08
15:37:05,0.19193,215.20,0.57272,23.6988,69.20049,31.22199,45.11036,50.00,0652:53:43,1,08
15:37:06,0.19252,215.00,0.57245,23.73759,69.31377,31.222,45.11037,50.00,0652:53:44,1,08
15:37:07,0.19233,215.20,0.57125,23.67856,69.1414,31.22201,45.11037,50.00,0652:53:45,1,08
15:37:08,0.19233,215.20,0.57125,23.67856,69.1414,31.22201,45.11037,50.00,0652:53:45,1,08
15:37:09,0.19158,215.10,0.5711,23.57567,68.84095,31.22201,45.11038,50.00,0652:53:46,1,08
15:37:10,0.19158,215.10,0.56923,23.49471,68.60454,31.22202,45.11038,50.00,0652:53:47,1,08
15:37:11,0.19017,215.00,0.57096,23.38338,68.27946,31.22203,45.11039,50.00,0652:53:48,1,08
15:37:12,0.19105,215.00,0.57006,23.45422,68.48632,31.22203,45.11039,50.00,0652:53:49,1,08
15:37:13,0.19121,215.00,0.56907,23.43061,68.41738,31.22204,45.1104,50.00,0652:53:50,1,08
15:37:14,0.18168,214.90,0.55914,21.86531,63.8467,31.22205,45.1104,50.00,0652:53:51,1,08
15:37:15,0.16674,214.80,0.54222,19.45157,56.79859,31.22205,45.1104,50.00,0652:53:52,1,08
15:37:16,0.1658,214.90,0.53772,19.18844,56.03024,31.22206,45.1104,50.00,0652:53:53,1,08
15:37:17,0.16333,214.80,0.53609,18.84097,55.01562,31.22206,45.11042,50.00,0652:53:54,1,08
15:37:18,0.15866,215.00,0.53984,18.44458,53.85817,31.22207,45.11042,50.00,0652:53:55,1,08
15:37:19,0.1591,215.00,0.53998,18.50024,54.02071,31.22207,45.11043,50.00,0652:53:56,1,08
15:37:20,0.1581,215.10,0.54066,18.41422,53.76953,31.22208,45.11043,50.00,0652:53:57,1,08
15:37:21,0.15764,215.10,0.54509,18.51374,54.06012,31.22209,45.11043,50.00,0652:53:58,1,08
15:37:22,0.15802,215.20,0.54339,18.50531,54.0355,31.22209,45.11044,50.00,0652:54:00,1,08
15:37:23,0.14401,215.20,0.5458,16.94506,49.47958,31.2221,45.11044,50.00,0652:54:01,1,08
15:37:24,0.15709,215.00,0.54317,18.37711,53.66117,31.2221,45.11045,50.00,0652:54:02,1,08
15:37:25,0.15719,215.00,0.54346,18.39398,53.71042,31.22211,45.11045,50.00,0652:54:03,1,08
15:37:26,0.15746,215.00,0.54274,18.40073,53.73012,31.22211,45.11046,50.00,0652:54:04,1,08
15:37:27,0.15857,215.00,0.53937,18.41759,53.77938,31.22212,45.11046,50.00,0652:54:05,1,08
15:37:28,0.15755,215.00,0.544,18.4547,53.88774,31.22212,45.11047,50.00,0652:54:06,1,08
15:37:29,0.1581,215.00,0.54097,18.41928,53.7843,31.22213,45.11047,50.00,0652:54:07,1,08
15:37:30,0.15876,215.00,0.54174,18.52217,54.08475,31.22213,45.11048,50.00,0652:54:08,1,08
15:37:31,0.15871,215.00,0.53855,18.4041,53.73997,31.22214,45.11048,50.00,0652:54:09,1,08
15:37:32,0.15834,214.90,0.54103,18.43952,53.84341,31.22214,45.11048,50.00,0652:54:10,1,08
15:37:33,0.1584,214.80,0.54043,18.42097,53.78923,31.22215,45.11049,50.00,0652:54:11,1,08
15:37:34,0.1584,214.80,0.54043,18.42097,53.78923,31.22215,45.11049,50.00,0652:54:11,1,08
15:37:35,0.15844,214.70,0.54093,18.43446,53.82863,31.22215,45.11049,50.00,0652:54:12,1,08
15:37:36,0.1602,214.90,0.53713,18.5188,54.0749,31.22216,45.1105,50.00,0652:54:13,1,08
15:37:37,0.16056,214.60,0.53578,18.48844,53.98624,31.22217,45.1105,50.00,0652:54:14,1,08
15:37:38,0.16013,214.70,0.53859,18.54916,54.16355,31.22217,45.11051,50.00,0652:54:15,1,08
15:37:39,0.1594,214.60,0.53781,18.42434,53.79908,31.22218,45.11051,50.00,0652:54:16,1,08
15:37:40,0.15971,214.60,0.5373,18.44121,53.84834,31.22218,45.11052,50.00,0652:54:17,1,08
15:37:41,0.15914,214.50,0.53804,18.39398,53.71042,31.22219,45.11052,50.00,0652:54:18,1,08
15:37:42,0.15959,214.20,0.53975,18.48338,53.97146,31.22219,45.11053,50.00,0652:54:20,1,08
15:37:43,0.15897,214.40,0.54032,18.44627,53.86311,31.2222,45.11053,50.00,0652:54:21,1,08
15:37:44,0.15905,214.40,0.54213,18.51542,54.06504,31.2222,45.11053,50.00,0652:54:22,1,08
15:37:45,0.15876,214.20,0.54274,18.48507,53.97639,31.22221,45.11054,50.00,0652:54:23,1,08
15:37:46,0.15911,214.20,0.53927,18.41253,53.7646,31.22221,45.11054,50.00,0652:54:24,1,08
15:37:47,0.15223,214.00,0.54063,17.64169,51.51373,31.22222,45.11055,50.00,0652:54:25,1,08
15:37:48,0.15545,214.10,0.54205,18.07013,52.76477,31.22222,45.11055,50.00,0652:54:26,1,08
15:37:49,0.15921,213.90,0.54168,18.47832,53.95669,31.22223,45.11056,50.00,0652:54:27,1,08
15:37:50,0.16057,213.90,0.54011,18.57784,54.24728,31.22224,45.11056,50.00,0652:54:28,1,08
15:37:51,0.15117,213.70,0.51543,16.68193,48.71124,31.22224,45.11057,50.00,0652:54:29,1,08
15:37:52,0.14623,213.80,0.50205,15.7188,45.89889,31.22224,45.11057,50.00,0652:54:30,1,08
15:37:53,0.14525,213.70,0.50157,15.59061,45.52457,31.22225,45.11058,50.00,0652:54:31,1,08
15:37:54,0.14422,213.60,0.50257,15.50458,45.27338,31.22225,45.11058,50.00,0652:54:32,1,08
15:37:55,0.14606,213.70,0.49757,15.5535,45.41621,31.22226,45.11058,50.00,0652:54:33,1,08
15:37:56,0.16421,213.70,0.52438,18.43278,53.82371,31.22226,45.11059,50.00,0652:54:34,1,08
15:37:57,0.16723,213.80,0.52558,18.82073,54.95652,31.22227,45.11059,50.00,0652:54:35,1,08
15:37:58,0.17576,213.80,0.54029,20.33374,59.37452,31.22227,45.1106,50.00,0652:54:36,1,08
15:37:59,0.1898,213.90,0.5652,22.987,67.12203,31.22228,45.1106,50.00,0652:54:37,1,08
15:38:00,0.1898,213.90,0.5652,22.987,67.12203,31.22228,45.1106,50.00,0652:54:37,1,08
15:38:01,0.19597,214.00,0.56598,23.77302,69.41721,31.22229,45.11061,50.00,0652:54:38,1,08
15:38:02,0.20129,214.00,0.57151,24.65519,71.99315,31.2223,45.11062,50.00,0652:54:39,1,08
15:38:03,0.20328,214.10,0.57214,24.93687,72.81567,31.2223,45.11062,50.00,0652:54:41,1,08
15:38:04,0.20113,214.10,0.57192,24.66699,72.02762,31.22231,45.11063,50.00,0652:54:42,1,08
15:38:05,0.20175,214.10,0.57388,24.82723,72.49553,31.22232,45.11063,50.00,0652:54:43,1,08
15:38:06,0.20175,214.10,0.57442,24.85254,72.5694,31.22232,45.11064,50.00,0652:54:44,1,08
15:38:07,0.1957,214.10,0.57735,24.23519,70.76675,31.22233,45.11064,50.00,0652:54:45,1,08
15:38:08,0.20265,214.20,0.57201,24.86772,72.61373,31.22234,45.11065,50.00,0652:54:46,1,08
15:38:09,0.20155,214.30,0.57256,24.76989,72.32807,31.22235,45.11065,50.00,0652:54:47,1,08
15:38:10,0.20243,214.30,0.57435,24.95374,72.86493,31.22235,45.11066,50.00,0652:54:48,1,08
15:38:11,0.20288,214.30,0.57291,24.94362,72.83537,31.22236,45.11066,50.00,0652:54:49,1,08
15:38:12,0.20013,214.70,0.57086,24.56748,71.73703,31.22237,45.11067,50.00,0652:54:50,1,08
15:38:13,0.20106,214.60,0.57227,24.73615,72.22956,31.22237,45.11067,50.00,0652:54:51,1,08
15:38:14,0.20062,214.70,0.57061,24.61639,71.87986,31.22238,45.11068,50.00,0652:54:52,1,08
15:38:15,0.20109,214.60,0.57046,24.66193,72.01285,31.22239,45.11068,50.00,0652:54:53,1,08
15:38:16,0.20069,214.60,0.57041,24.61133,71.86509,31.2224,45.11069,50.00,0652:54:54,1,08
15:38:17,0.20092,214.50,0.5708,24.64001,71.94882,31.2224,45.11069,50.00,0652:54:55,1,08
15:38:18,0.20023,214.50,0.57074,24.55061,71.68777,31.22241,45.11069,50.00,0652:54:56,1,08
15:38:19,0.20157,214.30,0.56869,24.60627,71.85032,31.22242,45.11071,50.00,0652:54:57,1,08
15:38:20,0.20092,214.30,0.56804,24.50338,71.54987,31.22243,45.11071,50.00,0652:54:58,1,08
15:38:22,0.20105,214.40,0.57002,24.60796,71.85525,31.22243,45.11072,50.00,0652:54:59,1,08
15:38:23,0.20032,214.40,0.56807,24.43591,71.35286,31.22244,45.11072,50.00,0652:55:00,1,08
15:38:24,0.20046,214.40,0.5684,24.4747,71.46614,31.22245,45.11073,50.00,0652:55:02,1,08
15:38:25,0.19981,214.40,0.56762,24.35495,71.11645,31.22245,45.11073,50.00,0652:55:03,1,08
15:38:26,0.19981,214.40,0.56762,24.35495,71.11645,31.22245,45.11073,50.00,0652:55:03,1,08
15:38:27,0.20242,214.30,0.57161,24.84073,72.53493,31.22246,45.11074,50.00,0652:55:04,1,08
15:38:28,0.19973,214.30,0.56906,24.39374,71.22973,31.22247,45.11074,50.00,0652:55:05,1,08
15:38:29,0.20096,214.30,0.57003,24.5894,71.80106,31.22248,45.11075,50.00,0652:55:06,1,08
15:38:30,0.19175,214.30,0.57156,23.52169,68.68333,31.22248,45.11075,50.00,0652:55:07,1,08
15:38:31,0.20209,214.20,0.57006,24.71759,72.17538,31.22249,45.11076,50.00,0652:55:08,1,08
15:38:32,0.20071,214.70,0.57042,24.61976,71.88972,31.2225,45.11077,50.00,0652:55:09,1,08
15:38:33,0.20147,214.70,0.5687,24.64338,71.95867,31.2225,45.11077,50.00,0652:55:10,1,08
15:38:34,0.20158,214.80,0.57133,24.77663,72.34776,31.22251,45.11077,50.00,0652:55:11,1,08
15:38:35,0.20015,214.70,0.56927,24.50675,71.55972,31.22252,45.11077,50.00,0652:55:12,1,08
15:38:36,0.20167,214.80,0.57168,24.80531,72.4315,31.22253,45.11079,50.00,0652:55:13,1,08
15:38:37,0.19981,214.70,0.57069,24.52362,71.60897,31.22253,45.11079,50.00,0652:55:14,1,08
15:38:38,0.20013,214.70,0.56819,24.45446,71.40703,31.22254,45.1108,50.00,0652:55:15,1,08
15:38:39,0.2004,214.60,0.57212,24.64844,71.97344,31.22255,45.1108,50.00,0652:55:16,1,08
15:38:40,0.2016,214.60,0.57035,24.71085,72.15569,31.22255,45.11081,50.00,0652:55:17,1,08
15:38:41,0.20171,214.60,0.57345,24.86434,72.60388,31.22256,45.11081,50.00,0652:55:18,1,08
15:38:42,0.19981,214.60,0.57176,24.55398,71.69762,31.22257,45.11082,50.00,0652:55:19,1,08
15:38:43,0.20013,214.60,0.57018,24.53036,71.62867,31.22258,45.11082,50.00,0652:55:20,1,08
15:38:44,0.20076,214.60,0.57193,24.6788,72.0621,31.22258,45.11083,50.00,0652:55:22,1,08
15:38:45,0.19281,214.50,0.57556,23.84555,69.62901,31.22259,45.11084,50.00,0652:55:23,1,08
15:38:46,0.19989,214.50,0.5705,24.50169,71.54494,31.2226,45.11084,50.00,0652:55:24,1,08
15:38:47,0.20046,214.40,0.57243,24.64844,71.97344,31.2226,45.11085,50.00,0652:55:25,1,08
15:38:48,0.19984,214.40,0.5705,24.48651,71.50062,31.22261,45.11085,50.00,0652:55:26,1,08
15:38:49,0.20194,214.30,0.57156,24.77663,72.34776,31.22262,45.11086,50.00,0652:55:27,1,08
15:38:50,0.20014,214.30,0.57095,24.52699,71.61882,31.22263,45.11086,50.00,0652:55:28,1,08
15:38:51,0.19425,214.30,0.5747,23.967,69.98363,31.22263,45.11087,50.00,0652:55:29,1,08
15:38:52,0.20008,214.50,0.57432,24.68892,72.09166,31.22264,45.11087,50.00,0652:55:30,1,08
15:38:53,0.20008,214.50,0.57432,24.68892,72.09166,31.22264,45.11087,50.00,0652:55:30,1,08
15:38:54,0.20067,214.50,0.57346,24.72772,72.20494,31.22265,45.11088,50.00,0652:55:31,1,08
15:38:55,0.20117,214.70,0.57429,24.83904,72.53,31.22265,45.11088,50.00,0652:55:32,1,08
15:38:56,0.19954,214.70,0.57277,24.57422,71.75674,31.22266,45.11089,50.00,0652:55:33,1,08
15:38:57,0.19979,214.60,0.57364,24.63663,71.93896,31.22267,45.11089,50.00,0652:55:34,1,08
15:38:58,0.19983,214.70,0.57318,24.62651,71.90942,31.22268,45.1109,50.00,0652:55:35,1,08
15:38:59,0.20199,214.50,0.57497,24.95543,72.86985,31.22268,45.1109,50.00,0652:55:36,1,08
15:39:00,0.20001,214.50,0.57635,24.76483,72.31329,31.22269,45.11091,50.00,0652:55:37,1,08
15:39:01,0.19979,214.50,0.57267,24.5776,71.76659,31.2227,45.11092,50.00,0652:55:38,1,08
15:39:02,0.20067,214.40,0.57419,24.73952,72.23942,31.2227,45.11092,50.00,0652:55:39,1,08
15:39:03,0.20137,214.30,0.57496,24.85422,72.57433,31.22271,45.11093,50.00,0652:55:40,1,08
15:39:04,0.20085,214.40,0.57266,24.70073,72.12613,31.22272,45.11093,50.00,0652:55:41,1,08
15:39:05,0.20122,214.30,0.57368,24.78169,72.36255,31.22273,45.11094,50.00,0652:55:43,1,08
15:39:06,0.19975,214.40,0.57184,24.52868,71.62375,31.22273,45.11094,50.00,0652:55:44,1,08
15:39:07,0.20045,214.50,0.57345,24.69229,72.1015,31.22274,45.11095,50.00,0652:55:45,1,08
15:39:08,0.20074,214.50,0.57323,24.71759,72.17538,31.22275,45.11095,50.00,0652:55:46,1,08
15:39:09,0.20009,214.40,0.57418,24.67711,72.05717,31.22275,45.11096,50.00,0652:55:47,1,08
15:39:10,0.19934,214.50,0.57535,24.63832,71.94389,31.22276,45.11096,50.00,0652:55:48,1,08
15:39:11,0.19941,214.40,0.57405,24.58266,71.78136,31.22277,45.11097,50.00,0652:55:49,1,08
15:39:12,0.19932,214.50,0.57632,24.68555,72.0818,31.22278,45.11097,50.00,0652:55:50,1,08
15:39:13,0.20101,214.70,0.57738,24.95712,72.87478,31.22278,45.11098,50.00,0652:55:51,1,08
15:39:14,0.20198,214.70,0.5738,24.91832,72.7615,31.22279,45.11098,50.00,0652:55:52,1,08
15:39:15,0.19955,214.70,0.57475,24.66868,72.03255,31.2228,45.11099,50.00,0652:55:53,1,08
15:39:16,0.20291,214.80,0.57485,25.09374,73.27372,31.22281,45.111,50.00,0652:55:54,1,08
15:39:17,0.20153,214.90,0.5702,24.73109,72.21478,31.22281,45.111,50.00,0652:55:55,1,08
15:39:18,0.2027,214.90,0.5702,24.84916,72.21478,31.22281,45.111,50.00,0652:55:55,1,08
15:39:19,0.2027,214.90,0.56964,24.84916,72.55956,31.22282,45.11101,50.00,0652:55:56,1,08
15:39:20,0.20054,214.80,0.57298,24.72434,72.19508,31.22283,45.11101,50.00,0652:55:57,1,08
15:39:21,0.19153,214.90,0.57663,23.77302,69.41721,31.22283,45.11102,50.00,0652:55:58,1,08
15:39:22,0.19371,215.00,0.56288,23.47784,68.55528,31.22284,45.11102,50.00,0652:55:59,1,08
15:39:23,0.17188,214.80,0.5473,20.23928,59.0987,31.22285,45.11103,50.00,0652:56:00,1,08
15:39:24,0.17233,215.00,0.54028,20.04699,58.53721,31.22285,45.11103,50.00,0652:56:01,1,08
15:39:25,0.15622,215.00,0.54958,18.49181,53.99609,31.22286,45.11104,50.00,0652:56:02,1,08
15:39:26,0.16337,214.90,0.54999,19.33856,56.4686,31.22286,45.11104,50.00,0652:56:04,1,08
15:39:27,0.16205,214.80,0.549,19.14458,55.90218,31.22287,45.11105,50.00,0652:56:05,1,08
15:39:28,0.16252,214.90,0.55073,19.26434,56.25188,31.22287,45.11105,50.00,0652:56:06,1,08
15:39:29,0.16398,214.80,0.54518,19.23566,56.16814,31.22288,45.11105,50.00,0652:56:07,1,08
15:39:30,0.16341,214.90,0.54858,19.29302,56.33561,31.22289,45.11106,50.00,0652:56:08,1,08
15:39:31,0.162,214.90,0.54745,19.09229,55.7495,31.22289,45.11106,50.00,0652:56:09,1,08
15:39:32,0.16472,214.80,0.54898,19.45494,56.80843,31.2229,45.11106,50.00,0652:56:10,1,08
15:39:33,0.15189,214.80,0.55124,18.01783,52.61208,31.2229,45.11106,50.00,0652:56:11,1,08
15:39:34,0.16336,214.80,0.55035,19.34024,56.47351,31.22291,45.11108,50.00,0652:56:12,1,08
15:39:35,0.16151,214.70,0.55406,19.24241,56.18785,31.22291,45.11108,50.00,0652:56:13,1,08
15:39:36,0.16255,214.70,0.55164,19.28121,56.30114,31.22292,45.11109,50.00,0652:56:14,1,08
15:39:37,0.16291,214.60,0.54739,19.17157,55.98098,31.22292,45.11109,50.00,0652:56:15,1,08
15:39:38,0.16349,214.60,0.54973,19.31663,56.40456,31.22293,45.1111,50.00,0652:56:16,1,08
15:39:39,0.16199,214.70,0.54993,19.15302,55.92681,31.22294,45.1111,50.00,0652:56:17,1,08
15:39:40,0.16222,214.70,0.5515,19.23566,56.16814,31.22294,45.1111,50.00,0652:56:18,1,08
15:39:41,0.16184,214.70,0.55185,19.20868,56.08934,31.22295,45.11111,50.00,0652:56:19,1,08
15:39:42,0.15279,214.70,0.55384,18.20169,53.14894,31.22295,45.11111,50.00,0652:56:20,1,08
15:39:43,0.16234,214.70,0.54962,19.18844,56.03024,31.22296,45.11112,50.00,0652:56:21,1,08
15:39:44,0.16222,214.50,0.5511,19.21037,56.09427,31.22296,45.11112,50.00,0652:56:22,1,08
15:39:45,0.16222,214.50,0.5511,19.21037,56.09427,31.22296,45.11112,50.00,0652:56:22,1,08
15:39:46,0.16314,214.60,0.55252,19.37735,56.58187,31.22297,45.11113,50.00,0652:56:23,1,08
15:39:47,0.1627,214.50,0.55149,19.27615,56.28636,31.22297,45.11113,50.00,0652:56:25,1,08
15:39:48,0.16395,214.50,0.54879,19.3335,56.45382,31.22298,45.11114,50.00,0652:56:26,1,08
15:39:49,0.16217,214.50,0.55258,19.25253,56.2174,31.22299,45.11114,50.00,0652:56:27,1,08
15:39:50,0.1628,214.60,0.55419,19.38916,56.61636,31.22299,45.11115,50.00,0652:56:28,1,08
15:39:51,0.16231,214.40,0.55303,19.27952,56.29621,31.223,45.11115,50.00,0652:56:29,1,08
15:39:52,0.16294,214.40,0.55443,19.39928,56.6459,31.223,45.11115,50.00,0652:56:30,1,08
15:39:53,0.16442,214.30,0.54979,19.40771,56.67053,31.22301,45.11116,50.00,0652:56:31,1,08
15:39:54,0.16273,214.20,0.55474,19.36723,56.55232,31.22301,45.11116,50.00,0652:56:32,1,08
15:39:55,0.16384,214.20,0.54986,19.32675,56.43412,31.22302,45.11117,50.00,0652:56:33,1,08
15:39:56,0.1656,214.20,0.54729,19.44145,56.76904,31.22303,45.11117,50.00,0652:56:34,1,08
15:39:57,0.1648,214.20,0.54737,19.35374,56.51292,31.22303,45.11118,50.00,0652:56:35,1,08
15:39:58,0.16539,214.30,0.55107,19.56458,57.12858,31.22304,45.11118,50.00,0652:56:36,1,08
15:39:59,0.16382,214.30,0.55165,19.40097,56.65083,31.22304,45.11119,50.00,0652:56:37,1,08
15:40:00,0.16385,214.40,0.55368,19.48531,56.89709,31.22305,45.11119,50.00,0652:56:38,1,08
15:40:01,0.16312,214.50,0.55255,19.36892,56.55725,31.22305,45.1112,50.00,0652:56:39,1,08
15:40:02,0.16485,214.60,0.54952,19.46675,56.84291,31.22306,45.1112,50.00,0652:56:40,1,08
15:40:03,0.16407,214.40,0.55247,19.46675,56.84291,31.22306,45.1112,50.00,0652:56:41,1,08
15:40:04,0.16406,214.30,0.55221,19.44651,56.78381,31.22307,45.11121,50.00,0652:56:42,1,08
15:40:05,0.16334,214.30,0.55456,19.44314,56.77396,31.22308,45.11121,50.00,0652:56:43,1,08
15:40:06,0.15091,214.40,0.55648,18.03133,52.65149,31.22308,45.11122,50.00,0652:56:44,1,08
15:40:07,0.16249,214.40,0.55104,19.23061,56.15338,31.22309,45.11122,50.00,0652:56:46,1,08
15:40:08,0.15156,214.30,0.51328,16.69543,48.75065,31.22309,45.11123,50.00,0652:56:47,1,08
15:40:09,0.14588,214.20,0.50464,15.78964,46.10576,31.2231,45.11123,50.00,0652:56:48,1,08
15:40:10,0.14475,213.90,0.50299,15.60073,45.55412,31.2231,45.11124,50.00,0652:56:49,1,08
15:40:11,0.14475,213.90,0.50299,15.60073,45.55412,31.2231,45.11124,50.00,0652:56:49,1,08
15:40:12,0.14544,213.90,0.50184,15.63952,45.6674,31.22311,45.11124,50.00,0652:56:50,1,08
15:40:13,0.14857,213.90,0.50074,15.94145,46.54903,31.22311,45.11125,50.00,0652:56:51,1,08
15:40:14,0.15213,214.10,0.51691,16.85904,49.2284,31.22312,45.11125,50.00,0652:56:52,1,08
15:40:15,0.15787,214.20,0.52644,17.83061,52.06537,31.22312,45.11125,50.00,0652:56:53,1,08
15:40:17,0.17025,214.10,0.54577,19.93061,58.19737,31.22313,45.11126,50.00,0652:56:54,1,08
15:40:18,0.1726,214.20,0.54601,20.21567,59.02975,31.22313,45.11126,50.00,0652:56:55,1,08
15:40:19,0.1832,214.00,0.56249,22.08964,64.50176,31.22314,45.11127,50.00,0652:56:56,1,08
15:40:20,0.18393,213.90,0.56471,22.25663,64.98936,31.22314,45.11127,50.00,0652:56:57,1,08
15:40:21,0.18359,214.00,0.56324,22.1588,64.7037,31.22315,45.11128,50.00,0652:56:58,1,08
15:40:22,0.18149,214.00,0.56171,21.84844,63.79745,31.22316,45.11128,50.00,0652:56:59,1,08
15:40:23,0.18231,214.00,0.55982,21.87711,63.88117,31.22316,45.11129,50.00,0652:57:00,1,08
15:40:24,0.18147,214.20,0.56226,21.88892,63.91565,31.22317,45.11129,50.00,0652:57:01,1,08
15:40:25,0.18166,214.30,0.56173,21.90241,63.95505,31.22318,45.1113,50.00,0652:57:02,1,08
15:40:26,0.18042,214.30,0.56285,21.79615,63.64476,31.22318,45.1113,50.00,0652:57:03,1,08
15:40:27,0.18124,214.20,0.56267,21.88217,63.89595,31.22319,45.11131,50.00,0652:57:04,1,08
15:40:28,0.18237,214.10,0.56115,21.94796,64.08804,31.2232,45.11131,50.00,0652:57:06,1,08
15:40:29,0.17457,214.10,0.56408,21.1147,61.65493,31.2232,45.11132,50.00,0652:57:07,1,08
15:40:30,0.17946,214.20,0.56124,21.61061,63.10297,31.22321,45.11132,50.00,0652:57:08,1,08
15:40:31,0.18036,214.20,0.56173,21.73374,63.46252,31.22321,45.11133,50.00,0652:57:09,1,08
15:40:32,0.17977,214.20,0.56381,21.74386,63.49207,31.22322,45.11133,50.00,0652:57:10,1,08
15:40:33,0.17963,214.10,0.56091,21.60555,63.0882,31.22323,45.11134,50.00,0652:57:11,1,08
15:40:34,0.18095,214.10,0.56224,21.81977,63.71371,31.22323,45.11134,50.00,0652:57:12,1,08
15:40:35,0.18163,214.10,0.5628,21.91928,64.00431,31.22324,45.11135,50.00,0652:57:13,1,08
15:40:36,0.18234,214.30,0.55711,21.80121,63.65953,31.22325,45.11135,50.00,0652:57:14,1,08
15:40:37,0.18234,214.30,0.55711,21.80121,63.65953,31.22325,45.11135,50.00,0652:57:14,1,08
15:40:38,0.18293,214.30,0.55554,21.81639,63.70387,31.22325,45.11135,50.00,0652:57:15,1,08
15:40:39,0.18304,214.40,0.55549,21.83157,63.74819,31.22326,45.11135,50.00,0652:57:16,1,08
15:40:40,0.18259,214.40,0.55687,21.83494,63.75804,31.22327,45.11137,50.00,0652:57:17,1,08
15:40:41,0.1819,214.40,0.55673,21.7506,63.51177,31.22327,45.11137,50.00,0652:57:18,1,08
15:40:42,0.18143,214.50,0.55616,21.68145,63.30984,31.22328,45.11138,50.00,0652:57:19,1,08
15:40:43,0.1834,214.40,0.55559,21.88049,63.89103,31.22328,45.11138,50.00,0652:57:20,1,08
15:40:44,0.18365,214.30,0.55614,21.92434,64.01908,31.22329,45.11139,50.00,0652:57:21,1,08
15:40:45,0.18294,214.40,0.5569,21.87374,63.87133,31.2233,45.11139,50.00,0652:57:22,1,08
15:40:46,0.1824,214.60,0.5548,21.75567,63.52655,31.2233,45.1114,50.00,0652:57:23,1,08
15:40:47,0.17617,214.70,0.55869,21.16362,61.79778,31.22331,45.1114,50.00,0652:57:24,1,08
15:40:48,0.18096,214.70,0.55665,21.66121,63.25073,31.22332,45.11141,50.00,0652:57:26,1,08
15:40:49,0.18063,214.60,0.55887,21.69663,63.35416,31.22332,45.11141,50.00,0652:57:27,1,08
15:40:50,0.18129,214.50,0.55707,21.7,63.36401,31.22333,45.11142,50.00,0652:57:28,1,08
15:40:51,0.18179,214.30,0.55649,21.71687,63.41326,31.22334,45.11142,50.00,0652:57:29,1,08
15:40:52,0.18222,214.40,0.55495,21.72025,63.42312,31.22334,45.11143,50.00,0652:57:30,1,08
15:40:53,0.17958,214.50,0.55582,21.44699,62.62522,31.22335,45.11143,50.00,0652:57:31,1,08
15:40:54,0.1808,214.40,0.55242,21.45374,62.64491,31.22335,45.11143,50.00,0652:57:32,1,08
15:40:55,0.18164,214.50,0.55381,21.61229,63.1079,31.22336,45.11143,50.00,0652:57:33,1,08
15:40:56,0.18257,214.50,0.55357,21.71687,63.41326,31.22337,45.11145,50.00,0652:57:34,1,08
15:40:57,0.18175,214.60,0.55436,21.65784,63.24088,31.22337,45.11145,50.00,0652:57:35,1,08
15:40:58,0.18204,214.60,0.55376,21.66627,63.2655,31.22338,45.11146,50.00,0652:57:36,1,08
15:40:59,0.17884,214.60,0.55643,21.38796,62.45284,31.22339,45.11146,50.00,0652:57:37,1,08
15:41:00,0.18084,214.60,0.5551,21.58193,63.01925,31.22339,45.11147,50.00,0652:57:38,1,08
15:41:01,0.18171,214.60,0.55545,21.69663,63.35416,31.2234,45.11147,50.00,0652:57:39,1,08
15:41:02,0.18244,214.60,0.55687,21.83326,63.75312,31.2234,45.11148,50.00,0652:57:40,1,08
15:41:03,0.18152,214.50,0.5557,21.6747,63.29013,31.22341,45.11148,50.00,0652:57:41,1,08
15:41:04,0.18152,214.50,0.5557,21.6747,63.29013,31.22341,45.11148,50.00,0652:57:41,1,08
15:41:05,0.18224,214.50,0.55524,21.73543,63.46745,31.22342,45.11149,50.00,0652:57:42,1,08
15:41:06,0.18271,214.40,0.55661,21.84338,63.78266,31.22342,45.11149,50.00,0652:57:43,1,08
15:41:07,0.18189,214.40,0.55643,21.73711,63.47237,31.22343,45.1115,50.00,0652:57:44,1,08
15:41:08,0.18164,214.40,0.55647,21.70844,63.38864,31.22344,45.1115,50.00,0652:57:45,1,08
15:41:09,0.18147,214.40,0.55467,21.61567,63.11776,31.22344,45.11151,50.00,0652:57:47,1,08
15:41:10,0.183,214.30,0.55604,21.84001,63.77282,31.22345,45.11151,50.00,0652:57:48,1,08
15:41:11,0.18129,214.40,0.55628,21.65784,63.24088,31.22346,45.11152,50.00,0652:57:49,1,08
15:41:12,0.18113,214.30,0.55652,21.64097,63.19164,31.22346,45.11152,50.00,0652:57:50,1,08
15:41:13,0.18127,214.30,0.55769,21.70338,63.37386,31.22347,45.11153,50.00,0652:57:51,1,08
15:41:14,0.18129,214.40,0.55784,21.71687,63.41326,31.22347,45.11153,50.00,0652:57:52,1,08
15:41:15,0.18139,214.30,0.55808,21.73374,63.46252,31.22348,45.11154,50.00,0652:57:53,1,08
15:41:16,0.1821,214.30,0.55708,21.7776,63.59058,31.22349,45.11154,50.00,0652:57:54,1,08
15:41:17,0.18337,214.30,0.55712,21.9294,64.03386,31.22349,45.11155,50.00,0652:57:55,1,08
15:41:18,0.18159,214.40,0.5568,21.71012,63.39357,31.2235,45.11155,50.00,0652:57:56,1,08
15:41:19,0.18222,214.30,0.55752,21.80796,63.67924,31.22351,45.11156,50.00,0652:57:57,1,08
15:41:20,0.18416,214.30,0.55569,21.96482,64.13729,31.22351,45.11157,50.00,0652:57:58,1,08
15:41:21,0.18239,214.20,0.55654,21.78266,63.60536,31.22352,45.11157,50.00,0652:57:59,1,08
15:41:22,0.18235,214.20,0.55601,21.75229,63.5167,31.22352,45.11158,50.00,0652:58:00,1,08
15:41:23,0.18133,214.20,0.5557,21.62241,63.13745,31.22353,45.11158,50.00,0652:58:01,1,08
15:41:24,0.18163,214.30,0.55612,21.67976,63.30491,31.22354,45.11159,50.00,0652:58:02,1,08
15:41:25,0.18155,214.30,0.55475,21.62073,63.13253,31.22354,45.11159,50.00,0652:58:03,1,08
15:41:26,0.17579,214.30,0.55701,21.0135,61.35942,31.22355,45.1116,50.00,0652:58:04,1,08
15:41:27,0.18179,214.20,0.555,21.65109,63.22118,31.22356,45.1116,50.00,0652:58:05,1,08
15:41:28,0.18109,214.30,0.55398,21.53302,62.87641,31.22356,45.11161,50.00,0652:58:06,1,08
15:41:29,0.18109,214.30,0.55398,21.53302,62.87641,31.22356,45.11161,50.00,0652:58:06,1,08
15:41:30,0.1811,214.30,0.55472,21.56169,62.96014,31.22357,45.11161,50.00,0652:58:08,1,08
15:41:31,0.18178,214.40,0.55487,21.66121,63.25073,31.22357,45.11162,50.00,0652:58:09,1,08
15:41:32,0.18263,214.30,0.55254,21.65952,63.2458,31.22358,45.11162,50.00,0652:58:10,1,08
15:41:33,0.17554,214.20,0.5553,20.91735,61.07867,31.22359,45.11163,50.00,0652:58:11,1,08
15:41:34,0.18256,214.30,0.55493,21.74386,63.49207,31.22359,45.11163,50.00,0652:58:12,1,08
15:41:35,0.18208,214.30,0.55525,21.69832,63.35909,31.2236,45.11164,50.00,0652:58:13,1,08
15:41:36,0.18195,214.30,0.5549,21.66796,63.27044,31.22361,45.11164,50.00,0652:58:14,1,08
15:41:37,0.18331,214.10,0.55221,21.71012,63.39357,31.22361,45.11164,50.00,0652:58:15,1,08
15:41:38,0.18255,214.00,0.55229,21.60892,63.09805,31.22362,45.11164,50.00,0652:58:16,1,08
15:41:39,0.17734,214.00,0.5556,21.11808,61.66478,31.22363,45.11166,50.00,0652:58:17,1,08
15:41:40,0.18194,214.00,0.55442,21.61735,63.12267,31.22363,45.11166,50.00,0652:58:18,1,08
15:41:41,0.18232,214.00,0.55507,21.69326,63.34431,31.22364,45.11167,50.00,0652:58:19,1,08
15:41:42,0.18281,214.00,0.55377,21.69663,63.35416,31.22364,45.11167,50.00,0652:58:20,1,08
15:41:43,0.1815,214.00,0.55515,21.5988,63.0685,31.22365,45.11168,50.00,0652:58:21,1,08
15:41:44,0.18299,214.00,0.55574,21.79446,63.63984,31.22366,45.11168,50.00,0652:58:22,1,08
15:41:45,0.18216,213.90,0.55605,21.70506,63.37879,31.22366,45.11169,50.00,0652:58:23,1,08
15:41:46,0.18188,213.80,0.55525,21.62916,63.15715,31.22367,45.11169,50.00,0652:58:24,1,08
15:41:47,0.18125,213.90,0.5559,21.58699,63.03402,31.22368,45.1117,50.00,0652:58:25,1,08
15:41:48,0.18346,213.90,0.5566,21.87711,63.88117,31.22368,45.1117,50.00,0652:58:26,1,08
15:41:49,0.1834,213.90,0.55865,21.94627,64.08311,31.22369,45.11171,50.00,0652:58:27,1,08
15:41:50,0.181,214.00,0.56277,21.83663,63.76297,31.22369,45.11171,50.00,0652:58:29,1,08
15:41:51,0.18721,214.00,0.56423,22.63952,66.10741,31.2237,45.11172,50.00,0652:58:30,1,08
15:41:52,0.18598,213.90,0.56397,22.46916,65.60996,31.22371,45.11172,50.00,0652:58:31,1,08
15:41:53,0.18552,213.50,0.56246,22.31229,65.15189,31.22371,45.11172,50.00,0652:58:32,1,08
15:41:54,0.18669,213.20,0.56435,22.50121,65.70353,31.22372,45.11172,50.00,0652:58:33,1,08
15:41:55,0.18848,213.20,0.5629,22.65808,66.16158,31.22373,45.11174,50.00,0652:58:34,1,08
15:41:56,0.18848,213.20,0.5629,22.65808,66.16158,31.22373,45.11174,50.00,0652:58:34,1,08
15:41:57,0.18629,213.50,0.56321,22.43711,65.51638,31.22373,45.11174,50.00,0652:58:35,1,08
15:41:58,0.18771,213.80,0.56457,22.69856,66.27979,31.22374,45.11175,50.00,0652:58:36,1,08
15:41:59,0.18584,214.00,0.56516,22.51639,65.74786,31.22375,45.11175,50.00,0652:58:37,1,08
15:42:00,0.18678,214.00,0.56606,22.66314,66.17636,31.22375,45.11176,50.00,0652:58:38,1,08
15:42:01,0.18743,214.20,0.55954,22.49446,65.68384,31.22376,45.11176,50.00,0652:58:39,1,08
15:42:02,0.1867,214.00,0.56145,22.46916,65.60996,31.22377,45.11177,50.00,0652:58:40,1,08
15:42:03,0.18696,214.00,0.56531,22.65808,66.16158,31.22377,45.11177,50.00,0652:58:41,1,08
15:42:04,0.18537,214.40,0.56347,22.43205,65.50159,31.22378,45.11178,50.00,0652:58:42,1,08
15:42:05,0.18318,214.50,0.56359,22.1841,64.77758,31.22379,45.11178,50.00,0652:58:43,1,08
15:42:06,0.1607,214.50,0.55197,19.06024,55.65591,31.22379,45.11179,50.00,0652:58:44,1,08
15:42:07,0.16499,214.70,0.55124,19.56121,57.11874,31.2238,45.11179,50.00,0652:58:45,1,08
15:42:08,0.16224,214.80,0.55288,19.2947,56.34053,31.2238,45.1118,50.00,0652:58:46,1,08
15:42:09,0.1642,214.80,0.55228,19.51229,56.9759,31.22381,45.1118,50.00,0652:58:47,1,08
15:42:10,0.16513,214.70,0.55077,19.56121,57.11874,31.22381,45.1118,50.00,0652:58:48,1,08
15:42:11,0.16457,214.70,0.55085,19.49543,56.92665,31.22382,45.1118,50.00,0652:58:49,1,08
15:42:12,0.16475,214.50,0.55217,19.54772,57.07933,31.22383,45.1118,50.00,0652:58:51,1,08
15:42:14,0.1648,214.40,0.55346,19.59157,57.20739,31.22383,45.11182,50.00,0652:58:52,1,08
15:42:15,0.16326,214.30,0.55188,19.34193,56.47845,31.22384,45.11182,50.00,0652:58:53,1,08
15:42:16,0.15659,214.30,0.55209,18.55759,54.18818,31.22384,45.11183,50.00,0652:58:54,1,08
15:42:17,0.16563,214.30,0.55049,19.56796,57.13844,31.22385,45.11183,50.00,0652:58:55,1,08
15:42:18,0.1658,214.30,0.54982,19.56458,57.12858,31.22385,45.11184,50.00,0652:58:56,1,08
15:42:19,0.16519,214.20,0.55331,19.60675,57.25172,31.22386,45.11184,50.00,0652:58:57,1,08
15:42:20,0.16511,214.20,0.55096,19.51398,56.98083,31.22387,45.11185,50.00,0652:58:58,1,08
15:42:21,0.1645,214.30,0.54892,19.37904,56.5868,31.22387,45.11185,50.00,0652:58:59,1,08
15:42:22,0.16572,214.20,0.54971,19.54772,57.07933,31.22388,45.11186,50.00,0652:59:00,1,08
15:42:23,0.16669,214.30,0.54897,19.64554,57.36499,31.22388,45.11186,50.00,0652:59:01,1,08
15:42:24,0.16669,214.30,0.54897,19.64554,57.36499,31.22388,45.11186,50.00,0652:59:01,1,08
15:42:25,0.16373,214.50,0.55078,19.37398,56.57202,31.22389,45.11186,50.00,0652:59:02,1,08
15:42:26,0.16398,214.60,0.55212,19.45832,56.81829,31.22389,45.11187,50.00,0652:59:03,1,08
15:42:27,0.16468,214.50,0.547,19.35543,56.51785,31.2239,45.11187,50.00,0652:59:04,1,08
15:42:28,0.16606,214.60,0.54877,19.58651,57.1926,31.22391,45.11188,50.00,0652:59:05,1,08
15:42:29,0.16381,214.60,0.55015,19.3723,56.5671,31.22391,45.11188,50.00,0652:59:06,1,08
15:42:30,0.16446,214.60,0.55182,19.50723,56.96112,31.22392,45.11189,50.00,0652:59:07,1,08
15:42:31,0.15324,214.60,0.5514,18.16627,53.04551,31.22392,45.11189,50.00,0652:59:08,1,08
15:42:32,0.16324,214.40,0.55067,19.30314,56.36517,31.22393,45.1119,50.00,0652:59:09,1,08
15:42:33,0.15839,214.40,0.53183,18.09205,52.8288,31.22393,45.1119,50.00,0652:59:11,1,08
15:42:34,0.14786,214.30,0.50282,15.96169,46.60813,31.22394,45.11191,50.00,0652:59:12,1,08
15:42:35,0.14571,214.30,0.50059,15.65976,45.72651,31.22394,45.11191,50.00,0652:59:13,1,08
15:42:36,0.14639,214.20,0.49549,15.56024,45.43592,31.22395,45.11192,50.00,0652:59:14,1,08
15:42:37,0.12807,214.10,0.49435,13.57663,39.64376,31.22395,45.11192,50.00,0652:59:15,1,08
15:42:38,0.15016,214.10,0.51069,16.4441,48.01677,31.22396,45.11192,50.00,0652:59:16,1,08
15:42:39,0.15711,214.20,0.52072,17.55061,51.24778,31.22396,45.11193,50.00,0652:59:17,1,08
15:42:40,0.16766,214.10,0.53649,19.29133,56.33068,31.22397,45.11193,50.00,0652:59:18,1,08
15:42:41,0.1784,214.20,0.55028,21.06242,61.50226,31.22397,45.11194,50.00,0652:59:19,1,08
15:42:42,0.18174,214.40,0.55861,21.79952,63.65461,31.22398,45.11194,50.00,0652:59:20,1,08
15:42:43,0.19481,214.30,0.57747,24.15254,70.52541,31.22399,45.11195,50.00,0652:59:21,1,08
15:42:44,0.19376,214.30,0.57505,23.92145,69.85064,31.22399,45.11195,50.00,0652:59:22,1,08
15:42:45,0.19482,214.40,0.58067,24.29422,70.93913,31.224,45.11196,50.00,0652:59:23,1,08
15:42:46,0.1929,214.50,0.57618,23.88097,69.73244,31.22401,45.11196,50.00,0652:59:24,1,08
15:42:47,0.19327,214.60,0.57837,24.02434,70.15108,31.22401,45.11197,50.00,0652:59:25,1,08
15:42:48,0.19354,214.60,0.57768,24.03278,70.1757,31.22402,45.11197,50.00,0652:59:26,1,08
15:42:49,0.19369,214.60,0.57847,24.08675,70.33332,31.22403,45.11198,50.00,0652:59:27,1,08
15:42:50,0.19281,214.70,0.57499,23.83711,69.60438,31.22403,45.11198,50.00,0652:59:28,1,08
15:42:51,0.19281,214.70,0.57499,23.83711,69.60438,31.22403,45.11198,50.00,0652:59:28,1,08
15:42:52,0.1948,214.40,0.57998,24.26723,70.86033,31.22404,45.11199,50.00,0652:59:29,1,08
15:42:53,0.19475,214.00,0.57699,24.08169,70.31854,31.22405,45.11199,50.00,0652:59:30,1,08
15:42:54,0.19543,213.70,0.5774,24.15928,70.5451,31.22406,45.112,50.00,0652:59:32,1,08
15:42:55,0.19317,213.90,0.5781,23.92314,69.85556,31.22406,45.112,50.00,0652:59:33,1,08
15:42:56,0.19416,213.90,0.5771,24.00073,70.08213,31.22407,45.11201,50.00,0652:59:34,1,08
15:42:57,0.19697,213.90,0.57762,24.37687,71.18047,31.22408,45.11201,50.00,0652:59:35,1,08
15:42:58,0.19357,214.10,0.5731,23.78988,69.46646,31.22408,45.11201,50.00,0652:59:36,1,08
15:42:59,0.19631,214.00,0.57689,24.27229,70.8751,31.22409,45.11203,50.00,0652:59:37,1,08
15:43:00,0.19488,213.90,0.57881,24.1694,70.57465,31.2241,45.11203,50.00,0652:59:38,1,08
15:43:01,0.19393,214.00,0.578,24.02266,70.14616,31.2241,45.11204,50.00,0652:59:39,1,08
15:43:02,0.19446,214.00,0.5742,23.93832,69.89989,31.22411,45.11204,50.00,0652:59:40,1,08
15:43:03,0.19578,214.30,0.57967,24.36001,71.13122,31.22412,45.11205,50.00,0652:59:41,1,08
15:43:04,0.1931,214.40,0.57682,23.92483,69.8605,31.22413,45.11205,50.00,0652:59:42,1,08
15:43:05,0.19393,214.40,0.57901,24.11711,70.42197,31.22413,45.11206,50.00,0652:59:43,1,08
15:43:06,0.1938,214.60,0.57846,24.10024,70.37272,31.22414,45.11206,50.00,0652:59:44,1,08
15:43:07,0.19361,214.60,0.57697,24.01085,70.11168,31.22415,45.11207,50.00,0652:59:45,1,08
15:43:08,0.19531,214.60,0.57824,24.27229,70.8751,31.22415,45.11207,50.00,0652:59:46,1,08
15:43:09,0.19392,213.90,0.57567,23.91808,69.84079,31.22416,45.11208,50.00,0652:59:47,1,08
15:43:10,0.19532,214.00,0.57467,24.0547,70.23973,31.22417,45.11208,50.00,0652:59:48,1,08
15:43:11,0.19361,214.20,0.57532,23.89952,69.78661,31.22417,45.11209,50.00,0652:59:49,1,08
15:43:12,0.19418,214.40,0.57876,24.13229,70.4663,31.22418,45.11209,50.00,0652:59:50,1,08
15:43:13,0.1932,214.40,0.57493,23.85229,69.6487,31.22419,45.11209,50.00,0652:59:51,1,08
15:43:14,0.19405,214.30,0.57571,23.98386,70.03288,31.2242,45.11209,50.00,0652:59:53,1,08
15:43:15,0.19577,214.40,0.57941,24.35663,71.12138,31.2242,45.11211,50.00,0652:59:54,1,08
15:43:16,0.19446,214.50,0.57716,24.11205,70.4072,31.22421,45.11211,50.00,0652:59:55,1,08
15:43:17,0.19446,214.50,0.57716,24.11205,70.4072,31.22421,45.11211,50.00,0652:59:55,1,08
15:43:18,0.19297,214.70,0.5763,23.91302,69.82602,31.22422,45.11212,50.00,0652:59:56,1,08
15:43:19,0.1934,214.80,0.58032,24.14241,70.49585,31.22422,45.11212,50.00,0652:59:57,1,08
15:43:20,0.19193,214.70,0.5774,23.83205,69.5896,31.22423,45.11213,50.00,0652:59:58,1,08
15:43:21,0.19294,214.80,0.57985,24.0682,70.27913,31.22424,45.11213,50.00,0652:59:59,1,08
15:43:22,0.18766,214.70,0.58153,23.47278,68.54051,31.22424,45.11214,50.00,0653:00:00,1,08
15:43:23,0.18642,214.90,0.57924,23.24169,67.86574,31.22425,45.11214,50.00,0653:00:01,1,08
15:43:24,0.19399,214.40,0.58063,24.18459,70.61899,31.22426,45.11215,50.00,0653:00:02,1,08
15:43:25,0.1938,214.40,0.5758,23.96025,69.96392,31.22427,45.11215,50.00,0653:00:03,1,08
15:43:26,0.20716,214.60,0.57437,25.57278,74.67252,31.22427,45.11216,50.00,0653:00:04,1,08
15:43:27,0.21186,214.60,0.57505,26.18338,76.45547,31.22428,45.11216,50.00,0653:00:05,1,08
15:43:28,0.20243,214.50,0.57334,24.93518,72.81074,31.22429,45.11217,50.00,0653:00:06,1,08
15:43:29,0.18174,214.60,0.58246,22.75591,66.44725,31.22429,45.11217,50.00,0653:00:07,1,08
15:43:30,0.19302,214.50,0.5753,23.85229,69.6487,31.2243,45.11217,50.00,0653:00:08,1,08
15:43:31,0.19336,214.30,0.57791,23.98555,70.0378,31.22431,45.11217,50.00,0653:00:09,1,08
15:43:32,0.19505,214.40,0.57648,24.1441,70.50078,31.22432,45.11219,50.00,0653:00:10,1,08
15:43:33,0.1931,214.50,0.57988,24.05976,70.25452,31.22432,45.11219,50.00,0653:00:11,1,08
15:43:34,0.19491,214.50,0.57897,24.25037,70.81107,31.22433,45.1122,50.00,0653:00:13,1,08
15:43:35,0.19278,214.60,0.57804,23.95013,69.93437,31.22434,45.1122,50.00,0653:00:14,1,08
15:43:36,0.19301,214.60,0.57847,23.99735,70.07227,31.22434,45.11221,50.00,0653:00:15,1,08
15:43:37,0.19371,214.60,0.57961,24.13229,70.4663,31.22435,45.11221,50.00,0653:00:16,1,08
15:43:38,0.19254,214.20,0.57758,23.85904,69.6684,31.22436,45.11222,50.00,0653:00:17,1,08
15:43:39,0.19555,214.00,0.58046,24.32458,71.02779,31.22436,45.11223,50.00,0653:00:18,1,08
15:43:40,0.18789,214.20,0.57913,23.3429,68.16126,31.22437,45.11223,50.00,0653:00:19,1,08
15:43:41,0.19122,214.30,0.57887,23.75784,69.37288,31.22438,45.11223,50.00,0653:00:20,1,08
15:43:42,0.19122,214.30,0.57887,23.75784,69.37288,31.22438,45.11223,50.00,0653:00:20,1,08
15:43:43,0.19213,214.30,0.58001,23.91808,69.84079,31.22438,45.11224,50.00,0653:00:21,1,08
15:43:44,0.19422,214.00,0.57781,24.04964,70.22496,31.22439,45.11225,50.00,0653:00:22,1,08
15:43:45,0.19503,213.60,0.57957,24.18964,70.63376,31.2244,45.11225,50.00,0653:00:23,1,08
15:43:46,0.19448,213.70,0.57695,24.01591,70.12645,31.22441,45.11226,50.00,0653:00:24,1,08
15:43:47,0.186,213.70,0.58077,23.11687,67.50127,31.22441,45.11226,50.00,0653:00:25,1,08
15:43:48,0.19459,213.60,0.58042,24.16434,70.55989,31.22442,45.11227,50.00,0653:00:26,1,08
15:43:49,0.1932,213.90,0.57852,23.94675,69.92452,31.22443,45.11227,50.00,0653:00:27,1,08
15:43:50,0.18875,213.90,0.58369,23.59928,68.90991,31.22443,45.11228,50.00,0653:00:28,1,08
15:43:51,0.19051,213.80,0.58148,23.72579,69.2793,31.22444,45.11228,50.00,0653:00:29,1,08
15:43:52,0.19303,213.80,0.5807,24.00747,70.10182,31.22445,45.11229,50.00,0653:00:30,1,08
15:43:53,0.19365,213.70,0.57779,23.9535,69.94423,31.22445,45.11229,50.00,0653:00:31,1,08
15:43:54,0.19474,213.20,0.57653,23.97711,70.01317,31.22446,45.1123,50.00,0653:00:32,1,08
15:43:55,0.19547,213.40,0.57771,24.13735,70.48107,31.22447,45.1123,50.00,0653:00:34,1,08
15:43:56,0.19656,213.50,0.57736,24.27229,70.8751,31.22448,45.1123,50.00,0653:00:35,1,08
15:43:57,0.19492,213.70,0.57487,23.98555,70.0378,31.22448,45.1123,50.00,0653:00:36,1,08
15:43:58,0.19467,213.80,0.57697,24.04964,70.22496,31.22449,45.11232,50.00,0653:00:37,1,08
15:43:59,0.19368,213.80,0.57731,23.94507,69.91959,31.2245,45.11232,50.00,0653:00:38,1,08
15:44:00,0.19639,213.80,0.57472,24.17109,70.57958,31.2245,45.11233,50.00,0653:00:39,1,08
15:44:01,0.19697,213.70,0.57582,24.27567,70.88495,31.22451,45.11233,50.00,0653:00:40,1,08
15:44:02,0.19517,213.70,0.57494,24.0176,70.13139,31.22452,45.11234,50.00,0653:00:41,1,08
15:44:03,0.1969,213.90,0.5782,24.39374,71.22973,31.22452,45.11234,50.00,0653:00:42,1,08
15:44:04,0.19492,213.80,0.57598,24.03784,70.19049,31.22453,45.11235,50.00,0653:00:43,1,08
15:44:05,0.1939,213.60,0.57618,23.90627,69.8063,31.22454,45.11235,50.00,0653:00:44,1,08
15:44:06,0.19546,213.60,0.57759,24.1576,70.54018,31.22455,45.11236,50.00,0653:00:45,1,08
15:44:07,0.19535,213.70,0.57656,24.11037,70.40228,31.22455,45.11236,50.00,0653:00:46,1,08
15:44:09,0.1815,213.40,0.5542,21.50603,62.79761,31.22456,45.11237,50.00,0653:00:47,1,08
15:44:10,0.1815,213.40,0.5542,21.50603,62.79761,31.22456,45.11237,50.00,0653:00:47,1,08
15:44:11,0.1695,213.20,0.53757,19.45494,56.80843,31.22456,45.11237,50.00,0653:00:48,1,08
15:44:12,0.16866,213.70,0.53654,19.36723,56.55232,31.22457,45.11238,50.00,0653:00:49,1,08
15:44:13,0.16663,213.60,0.53619,19.11591,55.81845,31.22458,45.11238,50.00,0653:00:50,1,08
15:44:14,0.16388,213.60,0.532,18.65037,54.45907,31.22458,45.11238,50.00,0653:00:51,1,08
15:44:15,0.16277,213.60,0.53134,18.50362,54.03056,31.22459,45.11238,50.00,0653:00:52,1,08
15:44:16,0.16166,213.20,0.5341,18.43952,53.84341,31.22459,45.1124,50.00,0653:00:54,1,08
15:44:17,0.16151,213.10,0.53239,18.35518,53.59714,31.2246,45.1124,50.00,0653:00:55,1,08
15:44:18,0.16156,213.00,0.53259,18.36024,53.61192,31.2246,45.11241,50.00,0653:00:56,1,08
15:44:19,0.16298,213.40,0.53239,18.54579,54.1537,31.22461,45.11241,50.00,0653:00:57,1,08
15:44:20,0.16098,213.60,0.53585,18.45639,53.89266,31.22461,45.11241,50.00,0653:00:58,1,08
15:44:21,0.16197,213.70,0.53595,18.5829,54.26205,31.22462,45.11242,50.00,0653:00:59,1,08
15:44:22,0.16151,213.70,0.53732,18.57952,54.2522,31.22462,45.11242,50.00,0653:01:00,1,08
15:44:23,0.16067,213.80,0.53643,18.4547,53.88774,31.22463,45.11243,50.00,0653:01:01,1,08
15:44:24,0.16154,213.70,0.53365,18.45639,53.89266,31.22463,45.11243,50.00,0653:01:02,1,08
15:44:25,0.16252,213.00,0.53074,18.40579,53.7449,31.22464,45.11244,50.00,0653:01:03,1,08
15:44:26,0.163,213.40,0.52992,18.45976,53.90251,31.22465,45.11244,50.00,0653:01:04,1,08
15:44:27,0.1503,213.50,0.53396,17.15928,50.10509,31.22465,45.11245,50.00,0653:01:05,1,08
15:44:28,0.16222,213.50,0.53093,18.41422,53.76953,31.22466,45.11245,50.00,0653:01:06,1,08
15:44:29,0.16612,213.40,0.52954,18.80555,54.91219,31.22466,45.11246,50.00,0653:01:07,1,08
15:44:30,0.15318,213.50,0.50366,16.4947,48.16454,31.22467,45.11246,50.00,0653:01:08,1,08
15:44:31,0.15117,213.30,0.49352,15.94145,46.54903,31.22467,45.11246,50.00,0653:01:09,1,08
15:44:32,0.14881,213.20,0.48986,15.56868,45.46054,31.22468,45.11246,50.00,0653:01:10,1,08
15:44:33,0.13384,213.20,0.48395,13.83302,40.39241,31.22468,45.11248,50.00,0653:01:11,1,08
15:44:34,0.14773,213.40,0.48862,15.43205,45.06159,31.22468,45.11248,50.00,0653:01:12,1,08
15:44:35,0.14889,213.70,0.48883,15.58049,45.49502,31.22469,45.11248,50.00,0653:01:13,1,08
15:44:36,0.14889,213.70,0.48883,15.58049,45.49502,31.22469,45.11248,50.00,0653:01:13,1,08
15:44:37,0.15373,213.60,0.50985,16.76964,48.96735,31.22469,45.11249,50.00,0653:01:15,1,08
15:44:38,0.15409,213.70,0.50128,16.53181,48.27289,31.2247,45.11249,50.00,0653:01:16,1,08
15:44:39,0.14923,213.70,0.52202,16.67518,48.69154,31.2247,45.1125,50.00,0653:01:17,1,08
15:44:40,0.16075,213.30,0.53694,18.43952,53.84341,31.22471,45.1125,50.00,0653:01:18,1,08
15:44:41,0.16228,213.40,0.53297,18.48507,53.97639,31.22471,45.11251,50.00,0653:01:19,1,08
15:44:42,0.16127,213.50,0.53351,18.39735,53.72027,31.22472,45.11251,50.00,0653:01:20,1,08
15:44:43,0.16127,213.40,0.53352,18.38892,53.69565,31.22472,45.11252,50.00,0653:01:21,1,08
15:44:44,0.16214,213.30,0.53359,18.48844,53.98624,31.22473,45.11252,50.00,0653:01:22,1,08
15:44:45,0.16306,213.60,0.53036,18.50531,54.0355,31.22474,45.11253,50.00,0653:01:23,1,08
15:44:46,0.16309,213.80,0.5327,18.60313,54.32115,31.22474,45.11253,50.00,0653:01:24,1,08
15:44:47,0.16407,213.80,0.53134,18.67229,54.5231,31.22475,45.11254,50.00,0653:01:25,1,08
15:44:48,0.1646,213.90,0.52889,18.65037,54.45907,31.22475,45.11254,50.00,0653:01:26,1,08
15:44:49,0.16349,213.60,0.52836,18.47663,53.95176,31.22476,45.11255,50.00,0653:01:27,1,08
15:44:50,0.16409,213.70,0.52857,18.56603,54.2128,31.22476,45.11255,50.00,0653:01:28,1,08
15:44:51,0.16396,213.70,0.52682,18.48675,53.98131,31.22477,45.11256,50.00,0653:01:29,1,08
15:44:52,0.16542,213.70,0.52801,18.69422,54.58713,31.22477,45.11256,50.00,0653:01:30,1,08
15:44:53,0.16504,213.60,0.52493,18.53735,54.12907,31.22478,45.11257,50.00,0653:01:31,1,08
15:44:54,0.16509,213.60,0.52674,18.6082,54.33593,31.22478,45.11257,50.00,0653:01:32,1,08
15:44:55,0.16453,213.70,0.52471,18.47832,53.95669,31.22479,45.11258,50.00,0653:01:33,1,08
15:44:56,0.16378,213.80,0.52564,18.43278,53.82371,31.22479,45.11258,50.00,0653:01:35,1,08
15:44:57,0.16789,213.70,0.52418,18.83422,54.99592,31.2248,45.11258,50.00,0653:01:36,1,08
15:44:58,0.16387,213.60,0.52622,18.45133,53.87788,31.22481,45.11259,50.00,0653:01:37,1,08
15:44:59,0.16438,213.60,0.52696,18.53061,54.10938,31.22481,45.11259,50.00,0653:01:38,1,08
15:45:00,0.16429,213.90,0.52511,18.48338,53.97146,31.22482,45.1126,50.00,0653:01:39,1,08
15:45:01,0.16429,213.90,0.52511,18.48338,53.97146,31.22482,45.1126,50.00,0653:01:39,1,08
15:45:02,0.16414,214.00,0.52694,18.53904,54.134,31.22482,45.1126,50.00,0653:01:40,1,08
15:45:03,0.16232,214.00,0.52594,18.29784,53.42968,31.22483,45.11261,50.00,0653:01:41,1,08
15:45:04,0.16312,214.00,0.52899,18.50024,54.02071,31.22483,45.11261,50.00,0653:01:42,1,08
15:45:05,0.16207,214.00,0.52942,18.39398,53.71042,31.22484,45.11262,50.00,0653:01:43,1,08
15:45:06,0.16184,213.80,0.53003,18.36868,53.63654,31.22484,45.11262,50.00,0653:01:44,1,08
15:45:07,0.16252,213.40,0.52778,18.33326,53.53312,31.22485,45.11263,50.00,0653:01:45,1,08
15:45:08,0.16284,213.80,0.52675,18.36699,53.63162,31.22485,45.11263,50.00,0653:01:46,1,08
15:45:09,0.15971,213.70,0.52867,18.07013,52.76477,31.22486,45.11264,50.00,0653:01:47,1,08
15:45:10,0.16222,213.70,0.52992,18.4041,53.73997,31.22486,45.11264,50.00,0653:01:48,1,08
15:45:11,0.16345,213.80,0.5279,18.48001,53.96162,31.22487,45.11265,50.00,0653:01:49,1,08
15:45:12,0.16338,213.90,0.5265,18.43109,53.81878,31.22488,45.11265,50.00,0653:01:50,1,08
15:45:13,0.16445,214.00,0.52273,18.42266,53.79416,31.22488,45.11266,50.00,0653:01:51,1,08
15:45:14,0.16373,213.90,0.52562,18.44121,53.84834,31.22489,45.11266,50.00,0653:01:52,1,08
15:45:15,0.16202,214.00,0.52652,18.28603,53.3952,31.22489,45.11267,50.00,0653:01:53,1,08
15:45:16,0.16333,214.00,0.52607,18.41422,53.76953,31.2249,45.11267,50.00,0653:01:54,1,08
15:45:17,0.16338,214.00,0.52635,18.4294,53.81385,31.2249,45.11267,50.00,0653:01:55,1,08
15:45:18,0.16449,214.30,0.52714,18.6082,54.33593,31.22491,45.11267,50.00,0653:01:57,1,08
15:45:19,0.16253,214.50,0.52454,18.31808,53.48878,31.22491,45.11269,50.00,0653:01:58,1,08
15:45:20,0.16302,214.50,0.52577,18.41084,53.75967,31.22492,45.11269,50.00,0653:01:59,1,08
15:45:21,0.16387,214.40,0.52603,18.51205,54.05519,31.22492,45.1127,50.00,0653:02:00,1,08
15:45:22,0.16377,214.70,0.52524,18.49518,54.00594,31.22493,45.1127,50.00,0653:02:01,1,08
15:45:23,0.1622,214.70,0.52906,18.45639,53.89266,31.22493,45.11271,50.00,0653:02:02,1,08
15:45:24,0.16179,214.80,0.5285,18.39229,53.7055,31.22494,45.11271,50.00,0653:02:03,1,08
15:45:25,0.16196,214.80,0.5288,18.42771,53.80892,31.22495,45.11271,50.00,0653:02:04,1,08
15:45:26,0.16168,214.90,0.52743,18.35687,53.60206,31.22495,45.11272,50.00,0653:02:05,1,08
15:45:27,0.16238,214.70,0.52927,18.48169,53.96653,31.22496,45.11272,50.00,0653:02:06,1,08
15:45:28,0.16217,214.40,0.53037,18.46988,53.93206,31.22496,45.11273,50.00,0653:02:07,1,08
15:45:29,0.16217,214.40,0.53037,18.46988,53.93206,31.22496,45.11273,50.00,0653:02:07,1,08
15:45:30,0.16171,214.70,0.52905,18.40241,53.73505,31.22497,45.11273,50.00,0653:02:08,1,08
15:45:31,0.16214,214.70,0.52927,18.45133,53.87788,31.22497,45.11274,50.00,0653:02:09,1,08
15:45:32,0.16421,214.60,0.52839,18.64868,54.45415,31.22498,45.11274,50.00,0653:02:10,1,08
15:45:33,0.16388,214.50,0.5274,18.5694,54.22266,31.22498,45.11275,50.00,0653:02:11,1,08
15:45:34,0.16295,214.40,0.52651,18.42603,53.80401,31.22499,45.11275,50.00,0653:02:12,1,08
15:45:35,0.16346,214.40,0.527,18.50193,54.02564,31.22499,45.11275,50.00,0653:02:13,1,08
15:45:36,0.16421,214.50,0.52759,18.60988,54.34086,31.225,45.11275,50.00,0653:02:14,1,08
15:45:37,0.15873,214.50,0.52533,17.91326,52.30671,31.225,45.11277,50.00,0653:02:15,1,08
15:45:38,0.163,214.30,0.52338,18.31302,53.47401,31.22501,45.11277,50.00,0653:02:17,1,08
15:45:39,0.16232,214.40,0.52714,18.37711,53.66117,31.22501,45.11278,50.00,0653:02:18,1,08
15:45:40,0.16248,214.50,0.52644,18.37374,53.65132,31.22502,45.11278,50.00,0653:02:19,1,08
15:45:41,0.16321,214.40,0.52392,18.36024,53.61192,31.22503,45.11279,50.00,0653:02:20,1,08
15:45:42,0.1566,214.30,0.52745,17.72772,51.76493,31.22503,45.11279,50.00,0653:02:21,1,08
15:45:43,0.16153,214.30,0.52369,18.15952,53.0258,31.22504,45.1128,50.00,0653:02:22,1,08
15:45:44,0.16263,214.50,0.52925,18.4935,54.00101,31.22504,45.1128,50.00,0653:02:23,1,08
15:45:45,0.15604,214.60,0.53199,17.84073,52.09492,31.22505,45.11281,50.00,0653:02:24,1,08
15:45:46,0.15967,214.50,0.52674,18.0735,52.77462,31.22505,45.11281,50.00,0653:02:25,1,08
15:45:47,0.16178,214.60,0.52953,18.41759,53.77938,31.22506,45.11281,50.00,0653:02:26,1,08
15:45:48,0.15531,214.70,0.52914,17.67036,51.59747,31.22506,45.11282,50.00,0653:02:27,1,08
15:45:49,0.1612,214.50,0.52986,18.34675,53.57252,31.22507,45.11282,50.00,0653:02:28,1,08
15:45:50,0.16355,214.20,0.52658,18.47832,53.95669,31.22507,45.11283,50.00,0653:02:29,1,08
15:45:51,0.1641,214.50,0.52349,18.45808,53.89758,31.22508,45.11283,50.00,0653:02:30,1,08
15:45:52,0.15965,214.50,0.52906,18.14603,52.9864,31.22508,45.11283,50.00,0653:02:31,1,08
15:45:53,0.1634,214.60,0.52642,18.48507,53.97639,31.22509,45.11283,50.00,0653:02:32,1,08
15:45:54,0.16365,214.60,0.52662,18.52048,54.07982,31.22509,45.11285,50.00,0653:02:33,1,08
15:45:55,0.163,214.80,0.52786,18.50699,54.04041,31.2251,45.11285,50.00,0653:02:34,1,08
15:45:56,0.16388,214.60,0.52499,18.49687,54.01087,31.22511,45.11286,50.00,0653:02:35,1,08
15:45:58,0.16388,214.60,0.52499,18.49687,54.01087,31.22511,45.11286,50.00,0653:02:35,1,08
15:45:59,0.16294,214.70,0.52475,18.38386,53.68087,31.22511,45.11286,50.00,0653:02:36,1,08
15:46:00,0.16447,214.50,0.52573,18.57615,54.24235,31.22512,45.11287,50.00,0653:02:37,1,08
15:46:01,0.16426,214.50,0.52791,18.63181,54.40489,31.22512,45.11287,50.00,0653:02:39,1,08
15:46:02,0.16366,214.60,0.52383,18.42434,53.79908,31.22513,45.11288,50.00,0653:02:40,1,08
15:46:03,0.16457,214.40,0.52114,18.41928,53.7843,31.22513,45.11288,50.00,0653:02:41,1,08
15:46:04,0.16406,214.40,0.52389,18.45976,53.90251,31.22514,45.11289,50.00,0653:02:42,1,08
15:46:05,0.16422,214.40,0.52296,18.44458,53.85817,31.22514,45.11289,50.00,0653:02:43,1,08
15:46:06,0.16487,214.40,0.52292,18.51374,54.06012,31.22515,45.1129,50.00,0653:02:44,1,08
15:46:07,0.16457,214.50,0.52214,18.46145,53.90743,31.22515,45.1129,50.00,0653:02:45,1,08
15:46:08,0.16369,214.30,0.52448,18.43109,53.81878,31.22516,45.11291,50.00,0653:02:46,1,08
15:46:09,0.16464,214.20,0.52297,18.47157,53.93699,31.22516,45.11291,50.00,0653:02:47,1,08
15:46:10,0.16284,214.10,0.52222,18.23542,53.24744,31.22517,45.11292,50.00,0653:02:48,1,08
15:46:11,0.16512,214.00,0.52292,18.51205,54.05519,31.22518,45.11292,50.00,0653:02:49,1,08
15:46:12,0.16471,214.30,0.52352,18.50699,54.04041,31.22518,45.11293,50.00,0653:02:50,1,08
15:46:13,0.16369,214.20,0.52531,18.45133,53.87788,31.22519,45.11293,50.00,0653:02:51,1,08
15:46:14,0.16469,214.30,0.52577,18.58627,54.2719,31.22519,45.11294,50.00,0653:02:52,1,08
15:46:15,0.16421,214.30,0.52393,18.46651,53.92221,31.2252,45.11294,50.00,0653:02:53,1,08
15:46:16,0.16425,214.20,0.52402,18.46988,53.93206,31.2252,45.11295,50.00,0653:02:54,1,08
15:46:17,0.16432,213.80,0.52646,18.52723,54.09952,31.22521,45.11295,50.00,0653:02:55,1,08
15:46:18,0.164,213.90,0.53086,18.65543,54.47385,31.22521,45.11296,50.00,0653:02:56,1,08
15:46:19,0.16407,213.90,0.52841,18.57446,54.23743,31.22522,45.11296,50.00,0653:02:57,1,08
15:46:20,0.16327,213.70,0.52741,18.43446,53.82863,31.22522,45.11296,50.00,0653:02:59,1,08
15:46:21,0.16421,213.50,0.52329,18.38049,53.67102,31.22523,45.11296,50.00,0653:03:00,1,08
15:46:22,0.1655,213.50,0.52359,18.53061,54.10938,31.22523,45.11296,50.00,0653:03:01,1,08
15:46:23,0.1655,213.50,0.52359,18.53061,54.10938,31.22523,45.11296,50.00,0653:03:01,1,08
15:46:24,0.16394,213.50,0.52526,18.41591,53.77446,31.22524,45.11298,50.00,0653:03:02,1,08
15:46:25,0.16642,213.90,0.52248,18.62506,54.38519,31.22525,45.11298,50.00,0653:03:03,1,08
15:46:26,0.16839,214.00,0.51785,18.68916,54.57235,31.22525,45.11299,50.00,0653:03:04,1,08
15:46:27,0.16531,214.10,0.52008,18.43952,53.84341,31.22526,45.11299,50.00,0653:03:05,1,08
15:46:28,0.16166,214.10,0.51046,17.69567,51.67134,31.22526,45.113,50.00,0653:03:06,1,08
15:46:29,0.15268,214.00,0.48299,15.80482,46.15008,31.22527,45.113,50.00,0653:03:07,1,08
15:46:30,0.15186,214.20,0.48059,15.65976,45.72651,31.22527,45.11301,50.00,0653:03:08,1,08
15:46:31,0.15276,214.30,0.4751,15.5788,45.49009,31.22527,45.11301,50.00,0653:03:09,1,08
15:46:32,0.1506,214.30,0.47954,15.49952,45.25861,31.22528,45.11302,50.00,0653:03:10,1,08
15:46:33,0.1506,214.20,0.48126,15.54675,45.39651,31.22528,45.11302,50.00,0653:03:11,1,08
15:46:34,0.15203,214.30,0.48093,15.69856,45.83979,31.22529,45.11303,50.00,0653:03:12,1,08
15:46:35,0.15181,214.40,0.48252,15.73398,45.94322,31.22529,45.11303,50.00,0653:03:13,1,08
15:46:36,0.15154,214.40,0.47838,15.56699,45.45562,31.2253,45.11304,50.00,0653:03:14,1,08
15:46:37,0.15054,214.40,0.47898,15.48603,45.2192,31.2253,45.11304,50.00,0653:03:15,1,08
15:46:38,0.15025,214.50,0.48124,15.53663,45.36696,31.22531,45.11304,50.00,0653:03:16,1,08
15:46:39,0.14784,214.40,0.48837,15.50796,45.28323,31.22531,45.11304,50.00,0653:03:17,1,08
15:46:40,0.14801,213.80,0.49217,15.59567,45.53934,31.22532,45.11306,50.00,0653:03:18,1,08
15:46:41,0.14928,214.00,0.48666,15.57374,45.47532,31.22532,45.11306,50.00,0653:03:19,1,08
15:46:42,0.14965,213.90,0.48859,15.6682,45.75114,31.22532,45.11307,50.00,0653:03:21,1,08
15:46:43,0.14736,213.90,0.49092,15.49783,45.25368,31.22533,45.11307,50.00,0653:03:22,1,08
15:46:44,0.15012,214.10,0.48936,15.75085,45.99247,31.22533,45.11308,50.00,0653:03:23,1,08
15:46:45,0.15013,214.10,0.48318,15.55687,45.42607,31.22534,45.11308,50.00,0653:03:24,1,08
15:46:46,0.15279,214.10,0.48651,15.93302,46.52441,31.22534,45.11309,50.00,0653:03:25,1,08
15:46:47,0.15148,214.10,0.47975,15.58217,45.49994,31.22535,45.11309,50.00,0653:03:26,1,08
15:46:48,0.15114,214.10,0.4782,15.49952,45.25861,31.22535,45.1131,50.00,0653:03:27,1,08
15:46:49,0.15152,214.20,0.47831,15.55012,45.40636,31.22536,45.1131,50.00,0653:03:28,1,08
15:46:50,0.15153,214.20,0.4779,15.53663,45.36696,31.22536,45.11311,50.00,0653:03:29,1,08
15:46:51,0.15153,214.20,0.4779,15.53663,45.36696,31.22536,45.11311,50.00,0653:03:29,1,08
15:46:52,0.15115,214.20,0.48024,15.57711,45.48517,31.22537,45.11311,50.00,0653:03:30,1,08
15:46:53,0.15094,214.20,0.4812,15.58555,45.5098,31.22537,45.11312,50.00,0653:03:31,1,08
15:46:54,0.15078,214.20,0.48112,15.56362,45.44577,31.22537,45.11312,50.00,0653:03:32,1,08
15:46:55,0.15093,214.00,0.47826,15.47085,45.17487,31.22538,45.11312,50.00,0653:03:33,1,08
15:46:56,0.15144,213.80,0.4792,15.54338,45.38666,31.22538,45.11312,50.00,0653:03:34,1,08
15:46:57,0.15569,214.20,0.49187,16.42555,47.9626,31.22539,45.11314,50.00,0653:03:35,1,08
15:46:58,0.15103,214.00,0.4789,15.5029,45.26846,31.22539,45.11314,50.00,0653:03:36,1,08
15:46:59,0.14797,214.00,0.47894,15.18916,44.35235,31.2254,45.11315,50.00,0653:03:37,1,08
15:47:00,0.1518,214.10,0.47518,15.46916,45.16995,31.2254,45.11315,50.00,0653:03:38,1,08
15:47:01,0.15168,214.30,0.47627,15.50627,45.27831,31.22541,45.11316,50.00,0653:03:39,1,08
15:47:02,0.15145,214.20,0.47805,15.53663,45.36696,31.22541,45.11316,50.00,0653:03:41,1,08
15:47:03,0.15114,214.30,0.47827,15.51639,45.30786,31.22542,45.11317,50.00,0653:03:42,1,08
15:47:04,0.14581,214.30,0.47644,14.90916,43.53475,31.22542,45.11317,50.00,0653:03:43,1,08
15:47:05,0.15189,214.20,0.47531,15.48603,45.2192,31.22542,45.11318,50.00,0653:03:44,1,08
15:47:06,0.15125,214.40,0.47923,15.5653,45.45069,31.22543,45.11318,50.00,0653:03:45,1,08
15:47:07,0.15016,214.50,0.48165,15.53832,45.37189,31.22543,45.11318,50.00,0653:03:46,1,08
15:47:08,0.15054,214.50,0.48039,15.54,45.37681,31.22544,45.11319,50.00,0653:03:47,1,08
15:47:09,0.15247,214.60,0.47874,15.68844,45.81024,31.22544,45.11319,50.00,0653:03:48,1,08
15:47:10,0.14895,214.40,0.4796,15.34434,44.80548,31.22545,45.1132,50.00,0653:03:49,1,08
15:47:11,0.14972,214.20,0.47884,15.37976,44.90891,31.22545,45.1132,50.00,0653:03:50,1,08
15:47:12,0.15193,214.50,0.48166,15.72217,45.90874,31.22546,45.1132,50.00,0653:03:51,1,08
15:47:13,0.14642,214.50,0.47694,15.00024,43.80071,31.22546,45.1132,50.00,0653:03:52,1,08
15:47:14,0.14486,214.40,0.47468,14.76747,43.12103,31.22546,45.11322,50.00,0653:03:53,1,08
15:47:15,0.15039,214.20,0.48077,15.51639,45.30786,31.22547,45.11322,50.00,0653:03:54,1,08
15:47:16,0.14974,214.30,0.48342,15.54,45.37681,31.22547,45.11323,50.00,0653:03:55,1,08
15:47:17,0.14974,214.30,0.48342,15.54,45.37681,31.22547,45.11323,50.00,0653:03:55,1,08
15:47:18,0.14907,214.30,0.48239,15.43374,45.06652,31.22548,45.11323,50.00,0653:03:56,1,08
15:47:19,0.1503,214.20,0.48195,15.54,45.37681,31.22548,45.11324,50.00,0653:03:57,1,08
15:47:20,0.15057,214.00,0.48051,15.51133,45.29308,31.22549,45.11324,50.00,0653:03:58,1,08
15:47:21,0.15075,213.90,0.48548,15.68169,45.79053,31.22549,45.11325,50.00,0653:03:59,1,08
15:47:22,0.15015,213.90,0.48275,15.52651,45.33741,31.2255,45.11325,50.00,0653:04:01,1,08
15:47:23,0.15031,213.80,0.48177,15.51133,45.29308,31.2255,45.11325,50.00,0653:04:02,1,08
15:47:24,0.15129,213.90,0.47996,15.55687,45.42607,31.22551,45.11325,50.00,0653:04:03,1,08
15:47:25,0.15148,213.90,0.47895,15.54169,45.38174,31.22551,45.11327,50.00,0653:04:04,1,08
15:47:26,0.15074,213.80,0.48139,15.53663,45.36696,31.22551,45.11327,50.00,0653:04:05,1,08
15:47:27,0.1363,213.80,0.47284,13.80434,40.30867,31.22552,45.11328,50.00,0653:04:06,1,08
15:47:28,0.14828,213.90,0.4802,15.25494,44.54443,31.22552,45.11328,50.00,0653:04:07,1,08
15:47:29,0.15058,213.60,0.47822,15.41012,44.99756,31.22553,45.11329,50.00,0653:04:08,1,08
15:47:30,0.14972,213.70,0.48142,15.42868,45.05174,31.22553,45.11329,50.00,0653:04:09,1,08
15:47:31,0.15027,213.70,0.48065,15.45904,45.1404,31.22554,45.1133,50.00,0653:04:10,1,08
15:47:32,0.15036,213.80,0.48219,15.52314,45.32756,31.22554,45.1133,50.00,0653:04:11,1,08
15:47:33,0.15118,213.80,0.47859,15.49615,45.24875,31.22555,45.11331,50.00,0653:04:12,1,08
15:47:34,0.15055,214.00,0.48144,15.53494,45.36204,31.22555,45.11331,50.00,0653:04:13,1,08
15:47:35,0.15,214.20,0.48123,15.48434,45.21428,31.22555,45.11332,50.00,0653:04:14,1,08
15:47:36,0.14849,214.10,0.48199,15.35109,44.82518,31.22556,45.11332,50.00,0653:04:15,1,08
15:47:37,0.15276,214.00,0.48212,15.78627,46.0959,31.22556,45.11333,50.00,0653:04:16,1,08
15:47:38,0.14009,214.00,0.47355,14.22097,41.52523,31.22557,45.11333,50.00,0653:04:17,1,08
15:47:39,0.14801,214.00,0.48139,15.26844,44.58384,31.22557,45.11333,50.00,0653:04:18,1,08
15:47:40,0.14957,213.90,0.48232,15.45735,45.13547,31.22558,45.11333,50.00,0653:04:19,1,08
15:47:41,0.14913,214.10,0.48138,15.39157,44.94339,31.22558,45.11333,50.00,0653:04:20,1,08
15:47:42,0.14972,214.10,0.48308,15.51133,45.29308,31.22559,45.11335,50.00,0653:04:21,1,08
15:47:43,0.14972,214.10,0.48308,15.51133,45.29308,31.22559,45.11335,50.00,0653:04:21,1,08
15:47:44,0.15227,214.20,0.47939,15.65808,45.72158,31.22559,45.11335,50.00,0653:04:23,1,08
15:47:45,0.14181,214.30,0.47728,14.52964,42.42656,31.22559,45.11336,50.00,0653:04:24,1,08
15:47:46,0.15711,214.30,0.49355,16.64482,48.60289,31.2256,45.11336,50.00,0653:04:25,1,08
15:47:47,0.15066,214.40,0.48222,15.6041,45.56397,31.2256,45.11337,50.00,0653:04:26,1,08
15:47:49,0.14962,214.60,0.48238,15.51302,45.29801,31.22561,45.11337,50.00,0653:04:27,1,08
15:47:50,0.15063,214.40,0.47862,15.48265,45.20935,31.22561,45.11338,50.00,0653:04:28,1,08
15:47:51,0.14425,214.40,0.47604,14.74723,43.06192,31.22562,45.11338,50.00,0653:04:29,1,08
15:47:52,0.14406,214.30,0.4784,14.79446,43.19983,31.22562,45.11339,50.00,0653:04:30,1,08
15:47:53,0.14947,214.30,0.47992,15.39663,44.95816,31.22563,45.11339,50.00,0653:04:31,1,08
15:47:54,0.15235,214.40,0.47618,15.57543,45.48024,31.22563,45.1134,50.00,0653:04:32,1,08
15:47:55,0.15074,214.40,0.48119,15.57711,45.48517,31.22563,45.1134,50.00,0653:04:33,1,08
15:47:56,0.15079,214.40,0.48125,15.58386,45.50487,31.22564,45.11341,50.00,0653:04:34,1,08
15:47:57,0.15706,214.40,0.4875,16.4441,48.01677,31.22564,45.11341,50.00,0653:04:35,1,08
15:47:58,0.15202,214.50,0.48187,15.73735,45.95307,31.22565,45.11341,50.00,0653:04:36,1,08
15:47:59,0.15132,214.50,0.47629,15.48771,45.22413,31.22565,45.11341,50.00,0653:04:37,1,08
15:48:00,0.15003,214.60,0.48102,15.5147,45.30293,31.22566,45.11343,50.00,0653:04:38,1,08
15:48:01,0.15078,214.50,0.47845,15.50121,45.26353,31.22566,45.11343,50.00,0653:04:39,1,08
15:48:02,0.15046,214.50,0.47939,15.49446,45.24382,31.22567,45.11344,50.00,0653:04:40,1,08
15:48:03,0.14843,214.50,0.47974,15.29542,44.66264,31.22567,45.11344,50.00,0653:04:41,1,08
15:48:04,0.14953,214.40,0.4771,15.3241,44.74637,31.22568,45.11345,50.00,0653:04:43,1,08
15:48:05,0.14975,214.40,0.47886,15.40169,44.97294,31.22568,45.11345,50.00,0653:04:44,1,08
15:48:06,0.14913,214.40,0.47877,15.33253,44.771,31.22568,45.11346,50.00,0653:04:45,1,08
15:48:07,0.15282,214.40,0.48571,15.94314,46.55396,31.22569,45.11346,50.00,0653:04:46,1,08
15:48:08,0.15058,214.50,0.48076,15.55181,45.41129,31.22569,45.11347,50.00,0653:04:47,1,08
15:48:09,0.1512,214.40,0.47844,15.53663,45.36696,31.2257,45.11347,50.00,0653:04:48,1,08
15:48:10,0.14998,214.40,0.48156,15.50796,45.28323,31.2257,45.11348,50.00,0653:04:49,1,08
15:48:11,0.14998,214.40,0.48156,15.50796,45.28323,31.2257,45.11348,50.00,0653:04:49,1,08
15:48:12,0.14996,214.40,0.48062,15.47591,45.18965,31.22571,45.11348,50.00,0653:04:50,1,08
15:48:13,0.15072,214.30,0.47899,15.49783,45.25368,31.22571,45.11349,50.00,0653:04:51,1,08
15:48:14,0.15117,214.30,0.47697,15.47591,45.18965,31.22572,45.11349,50.00,0653:04:52,1,08
15:48:15,0.13527,214.30,0.47049,13.66097,39.89003,31.22572,45.11349,50.00,0653:04:53,1,08
15:48:16,0.14891,214.20,0.47635,15.22121,44.44593,31.22572,45.11349,50.00,0653:04:54,1,08
15:48:17,0.15383,214.20,0.4817,15.89591,46.41605,31.22573,45.11349,50.00,0653:04:55,1,08
15:48:18,0.16479,214.20,0.49609,17.53711,51.20837,31.22573,45.11351,50.00,0653:04:56,1,08
15:48:19,0.15346,214.20,0.48069,15.83012,46.22396,31.22574,45.11352,50.00,0653:04:57,1,08
15:48:20,0.15075,214.20,0.48149,15.57205,45.47039,31.22574,45.11352,50.00,0653:04:58,1,08
15:48:21,0.15103,214.20,0.48105,15.58892,45.51965,31.22575,45.11352,50.00,0653:04:59,1,08
15:48:22,0.15226,214.20,0.48141,15.72723,45.92352,31.22575,45.11353,50.00,0653:05:00,1,08
15:48:23,0.15208,214.20,0.47601,15.52988,45.34726,31.22576,45.11353,50.00,0653:05:01,1,08
15:48:24,0.15081,213.80,0.47822,15.44217,45.09114,31.22576,45.11354,50.00,0653:05:02,1,08
15:48:25,0.15154,213.20,0.48259,15.61591,45.59845,31.22577,45.11354,50.00,0653:05:04,1,08
15:48:26,0.15025,214.10,0.48204,15.53157,45.35218,31.22577,45.11355,50.00,0653:05:05,1,08
15:48:27,0.15007,214.10,0.48202,15.51302,45.29801,31.22578,45.11355,50.00,0653:05:06,1,08
15:48:28,0.1506,214.00,0.47936,15.47422,45.18472,31.22578,45.11356,50.00,0653:05:07,1,08
15:48:29,0.15389,213.90,0.48291,15.91952,46.485,31.22578,45.11356,50.00,0653:05:08,1,08
15:48:30,0.14767,213.90,0.48032,15.19422,44.36713,31.22579,45.11357,50.00,0653:05:09,1,08
15:48:31,0.1501,213.90,0.48138,15.47759,45.19457,31.22579,45.11357,50.00,0653:05:10,1,08
15:48:32,0.15215,213.90,0.4896,15.96,46.60321,31.2258,45.11357,50.00,0653:05:11,1,08
15:48:33,0.14806,213.70,0.48893,15.49446,45.24382,31.2258,45.11357,50.00,0653:05:12,1,08
15:48:34,0.14965,213.90,0.48895,15.67663,45.77576,31.22581,45.11359,50.00,0653:05:13,1,08
15:48:35,0.14735,214.00,0.48942,15.45398,45.12562,31.22581,45.11359,50.00,0653:05:14,1,08
15:48:36,0.13275,214.20,0.48164,13.71832,40.05749,31.22582,45.1136,50.00,0653:05:15,1,08
15:48:37,0.13275,214.20,0.48164,13.71832,40.05749,31.22582,45.1136,50.00,0653:05:15,1,08
15:48:38,0.14677,214.30,0.48329,15.22289,44.45085,31.22582,45.1136,50.00,0653:05:16,1,08
15:48:39,0.14782,214.30,0.48745,15.4641,45.15517,31.22582,45.11361,50.00,0653:05:17,1,08
15:48:40,0.14713,214.20,0.49022,15.47591,45.18965,31.22583,45.11361,50.00,0653:05:18,1,08
15:48:41,0.14878,214.10,0.49387,15.76097,46.02203,31.22583,45.11362,50.00,0653:05:19,1,08
15:48:42,0.14811,214.30,0.4879,15.51133,45.29308,31.22584,45.11362,50.00,0653:05:20,1,08
15:48:43,0.13741,214.50,0.47926,14.14675,41.30851,31.22584,45.11362,50.00,0653:05:21,1,08
15:48:44,0.14598,214.60,0.48898,15.34434,44.80548,31.22585,45.11362,50.00,0653:05:22,1,08
15:48:45,0.14634,214.60,0.49094,15.44555,45.10099,31.22585,45.11362,50.00,0653:05:23,1,08
15:48:46,0.14164,214.60,0.48776,14.85181,43.36729,31.22586,45.11364,50.00,0653:05:25,1,08
15:48:47,0.14328,214.60,0.48899,15.06097,43.97802,31.22586,45.11364,50.00,0653:05:26,1,08
15:48:48,0.14768,214.60,0.48725,15.46916,45.16995,31.22586,45.11365,50.00,0653:05:27,1,08
15:48:49,0.13935,214.70,0.48756,14.60723,42.65312,31.22587,45.11365,50.00,0653:05:28,1,08
15:48:50,0.14422,214.70,0.49048,15.2094,44.41146,31.22587,45.11366,50.00,0653:05:29,1,08
15:48:51,0.14656,214.70,0.49331,15.54675,45.39651,31.22588,45.11366,50.00,0653:05:30,1,08
15:48:52,0.14713,214.70,0.49174,15.56193,45.44084,31.22588,45.11367,50.00,0653:05:31,1,08
15:48:53,0.14751,214.70,0.48931,15.51808,45.31278,31.22589,45.11367,50.00,0653:05:32,1,08
15:48:54,0.14696,214.80,0.49264,15.57205,45.47039,31.22589,45.11368,50.00,0653:05:33,1,08
15:48:55,0.1471,214.80,0.49185,15.5653,45.45069,31.2259,45.11368,50.00,0653:05:34,1,08
15:48:56,0.14651,214.90,0.48791,15.38651,44.92861,31.2259,45.11369,50.00,0653:05:35,1,08
15:48:57,0.14409,214.90,0.48499,15.04241,43.92385,31.2259,45.11369,50.00,0653:05:36,1,08
15:48:58,0.14823,214.90,0.48689,15.53494,45.36204,31.22591,45.11369,50.00,0653:05:37,1,08
15:48:59,0.14784,214.80,0.48839,15.53494,45.36204,31.22591,45.1137,50.00,0653:05:38,1,08
15:49:00,0.14837,214.80,0.48563,15.5029,45.26846,31.22592,45.1137,50.00,0653:05:39,1,08
15:49:01,0.14886,214.70,0.48524,15.53157,45.35218,31.22592,45.1137,50.00,0653:05:40,1,08
15:49:02,0.14877,214.70,0.48497,15.5147,45.30293,31.22593,45.1137,50.00,0653:05:41,1,08
15:49:03,0.14842,214.70,0.48663,15.53326,45.35711,31.22593,45.11372,50.00,0653:05:42,1,08
15:49:04,0.14842,214.70,0.48663,15.53326,45.35711,31.22593,45.11372,50.00,0653:05:42,1,08
15:49:05,0.14828,214.70,0.48762,15.55181,45.41129,31.22594,45.11372,50.00,0653:05:43,1,08
15:49:06,0.14773,214.70,0.48774,15.49783,45.25368,31.22594,45.11373,50.00,0653:05:45,1,08
15:49:07,0.13999,214.70,0.48033,14.4588,42.21969,31.22595,45.11373,50.00,0653:05:46,1,08
15:49:08,0.14846,214.70,0.48621,15.51976,45.31771,31.22595,45.11374,50.00,0653:05:47,1,08
15:49:09,0.14736,214.70,0.4877,15.45398,45.12562,31.22595,45.11374,50.00,0653:05:48,1,08
15:49:10,0.14777,214.60,0.4888,15.52651,45.33741,31.22596,45.11375,50.00,0653:05:49,1,08
15:49:11,0.14799,214.50,0.48955,15.56699,45.45562,31.22596,45.11375,50.00,0653:05:50,1,08
15:49:12,0.14871,214.50,0.48564,15.51639,45.30786,31.22597,45.11376,50.00,0653:05:51,1,08
15:49:13,0.13394,214.60,0.47844,13.77229,40.2151,31.22597,45.11376,50.00,0653:05:52,1,08
15:49:14,0.14497,214.50,0.48733,15.18241,44.33265,31.22598,45.11377,50.00,0653:05:53,1,08
15:49:15,0.14747,214.80,0.48841,15.49952,45.25861,31.22598,45.11377,50.00,0653:05:54,1,08
15:49:16,0.14817,214.90,0.48488,15.46579,45.1601,31.22599,45.11377,50.00,0653:05:55,1,08
15:49:17,0.14759,214.90,0.48991,15.5653,45.45069,31.22599,45.11378,50.00,0653:05:56,1,08
15:49:18,0.14691,215.00,0.49083,15.52651,45.33741,31.22599,45.11378,50.00,0653:05:57,1,08
15:49:19,0.14925,214.90,0.49638,15.94651,46.56381,31.226,45.11378,50.00,0653:05:58,1,08
15:49:20,0.14693,214.90,0.48918,15.47422,45.18472,31.226,45.11378,50.00,0653:05:59,1,08
15:49:21,0.14839,215.00,0.48358,15.45229,45.1207,31.22601,45.1138,50.00,0653:06:00,1,08
15:49:22,0.13362,215.10,0.48494,13.96121,40.76672,31.22601,45.1138,50.00,0653:06:01,1,08
15:49:23,0.14701,215.20,0.48802,15.46241,45.15025,31.22602,45.11381,50.00,0653:06:02,1,08
15:49:24,0.1491,215.20,0.48452,15.57205,45.47039,31.22602,45.11381,50.00,0653:06:03,1,08
15:49:25,0.14849,215.20,0.48767,15.61253,45.5886,31.22603,45.11382,50.00,0653:06:04,1,08
15:49:26,0.14822,215.30,0.48501,15.50121,45.26353,31.22603,45.11382,50.00,0653:06:06,1,08
15:49:27,0.14714,215.20,0.48841,15.49277,45.2389,31.22603,45.11383,50.00,0653:06:07,1,08
15:49:28,0.1469,215.20,0.48854,15.46579,45.1601,31.22604,45.11383,50.00,0653:06:08,1,08
15:49:29,0.14808,215.10,0.48821,15.57543,45.48024,31.22604,45.11384,50.00,0653:06:09,1,08
15:49:30,0.14832,215.10,0.48358,15.45061,45.11578,31.22605,45.11384,50.00,0653:06:10,1,08
15:49:31,0.14832,215.10,0.48358,15.45061,45.11578,31.22605,45.11384,50.00,0653:06:10,1,08
15:49:32,0.14834,215.00,0.48511,15.49277,45.2389,31.22605,45.11385,50.00,0653:06:11,1,08
15:49:33,0.14705,215.00,0.48951,15.49952,45.25861,31.22606,45.11385,50.00,0653:06:12,1,08
15:49:34,0.14718,215.00,0.49068,15.54844,45.40144,31.22606,45.11385,50.00,0653:06:13,1,08
15:49:35,0.14698,214.90,0.48971,15.49277,45.2389,31.22607,45.11386,50.00,0653:06:14,1,08
15:49:36,0.14748,214.90,0.48916,15.5282,45.34233,31.22607,45.11386,50.00,0653:06:15,1,08
15:49:37,0.14679,215.00,0.48997,15.49277,45.2389,31.22608,45.11386,50.00,0653:06:16,1,08
15:49:38,0.14708,214.80,0.48774,15.43543,45.07145,31.22608,45.11386,50.00,0653:06:17,1,08
15:49:40,0.14855,214.60,0.486,15.5147,45.30293,31.22608,45.11388,50.00,0653:06:18,1,08
15:49:41,0.14127,214.70,0.48257,14.65952,42.8058,31.22609,45.11388,50.00,0653:06:19,1,08
15:49:42,0.14924,214.90,0.48393,15.54675,45.39651,31.22609,45.11389,50.00,0653:06:20,1,08
15:49:43,0.14826,214.80,0.48588,15.50121,45.26353,31.2261,45.11389,50.00,0653:06:21,1,08
15:49:44,0.15102,214.90,0.48967,15.91446,46.47023,31.2261,45.1139,50.00,0653:06:22,1,08
15:49:45,0.14801,214.80,0.48602,15.47591,45.18965,31.22611,45.1139,50.00,0653:06:23,1,08
15:49:46,0.14887,214.70,0.4843,15.50627,45.27831,31.22611,45.11391,50.00,0653:06:24,1,08
15:49:47,0.14219,214.70,0.47678,14.58024,42.57431,31.22612,45.11391,50.00,0653:06:25,1,08
15:49:48,0.14581,214.80,0.48306,15.15374,44.24892,31.22612,45.11391,50.00,0653:06:27,1,08
15:49:49,0.14765,215.10,0.48711,15.49446,45.24382,31.22612,45.11391,50.00,0653:06:28,1,08
15:49:50,0.14724,215.10,0.48761,15.47085,45.17487,31.22613,45.11393,50.00,0653:06:29,1,08
15:49:51,0.14875,215.30,0.48328,15.50121,45.26353,31.22613,45.11393,50.00,0653:06:30,1,08
15:49:52,0.14781,215.30,0.48598,15.49109,45.23398,31.22614,45.11394,50.00,0653:06:31,1,08
15:49:53,0.14165,215.30,0.48498,14.8147,43.25893,31.22614,45.11394,50.00,0653:06:32,1,08
15:49:54,0.14425,215.30,0.48829,15.19253,44.3622,31.22615,45.11394,50.00,0653:06:33,1,08
15:49:55,0.1472,215.30,0.48762,15.48097,45.20442,31.22615,45.11395,50.00,0653:06:34,1,08
15:49:56,0.14948,215.30,0.4842,15.60747,45.57383,31.22616,45.11395,50.00,0653:06:35,1,08
15:49:57,0.14774,215.20,0.48829,15.55012,45.40636,31.22616,45.11396,50.00,0653:06:36,1,08
15:49:58,0.14774,215.20,0.48829,15.55012,45.40636,31.22616,45.11396,50.00,0653:06:36,1,08
15:49:59,0.14427,215.10,0.48681,15.1335,44.18981,31.22616,45.11396,50.00,0653:06:37,1,08
15:50:00,0.14511,215.10,0.4871,15.22796,44.46563,31.22617,45.11397,50.00,0653:06:38,1,08
15:50:01,0.14895,215.10,0.48349,15.51302,45.29801,31.22617,45.11397,50.00,0653:06:39,1,08
15:50:02,0.14757,215.10,0.48822,15.51976,45.31771,31.22618,45.11398,50.00,0653:06:40,1,08
15:50:03,0.14782,215.00,0.48861,15.55687,45.42607,31.22618,45.11398,50.00,0653:06:41,1,08
15:50:04,0.14737,215.10,0.48874,15.51639,45.30786,31.22619,45.11399,50.00,0653:06:42,1,08
15:50:05,0.14728,215.10,0.48799,15.48434,45.21428,31.22619,45.11399,50.00,0653:06:43,1,08
15:50:06,0.14855,215.10,0.48371,15.47928,45.1995,31.2262,45.11399,50.00,0653:06:44,1,08
15:50:07,0.14681,215.20,0.48939,15.48265,45.20935,31.2262,45.11399,50.00,0653:06:45,1,08
15:50:08,0.14785,214.90,0.4884,15.54675,45.39651,31.22621,45.11401,50.00,0653:06:47,1,08
15:50:09,0.14754,214.90,0.48635,15.44555,45.10099,31.22621,45.11401,50.00,0653:06:48,1,08
15:50:10,0.14773,214.90,0.48658,15.46916,45.16995,31.22621,45.11402,50.00,0653:06:49,1,08
15:50:11,0.14889,214.90,0.484,15.51133,45.29308,31.22622,45.11402,50.00,0653:06:50,1,08
15:50:12,0.14794,214.90,0.48697,15.50627,45.27831,31.22622,45.11403,50.00,0653:06:51,1,08
15:50:13,0.14762,214.90,0.48811,15.51133,45.29308,31.22623,45.11403,50.00,0653:06:52,1,08
15:50:14,0.14711,214.80,0.48945,15.4894,45.22905,31.22623,45.11403,50.00,0653:06:53,1,08
15:50:15,0.14802,214.80,0.48522,15.45229,45.1207,31.22624,45.11404,50.00,0653:06:54,1,08
15:50:16,0.14919,214.70,0.48307,15.50121,45.26353,31.22624,45.11404,50.00,0653:06:55,1,08
15:50:17,0.1483,214.70,0.48397,15.43374,45.06652,31.22625,45.11405,50.00,0653:06:56,1,08
15:50:18,0.14852,214.70,0.48453,15.47591,45.18965,31.22625,45.11405,50.00,0653:06:57,1,08
15:50:19,0.14808,214.70,0.48633,15.48771,45.22413,31.22625,45.11406,50.00,0653:06:58,1,08
15:50:20,0.13797,214.60,0.47947,14.22265,41.53015,31.22626,45.11406,50.00,0653:06:59,1,08
15:50:21,0.14823,214.60,0.49021,15.62265,45.61815,31.22626,45.11407,50.00,0653:07:00,1,08
15:50:22,0.14485,214.50,0.4877,15.18073,44.32772,31.22627,45.11407,50.00,0653:07:01,1,08
15:50:23,0.14485,214.50,0.4877,15.18073,44.32772,31.22627,45.11407,50.00,0653:07:01,1,08
15:50:24,0.14626,214.60,0.48707,15.31229,44.71189,31.22627,45.11407,50.00,0653:07:02,1,08
15:50:25,0.14862,214.60,0.48527,15.5029,45.26846,31.22628,45.11407,50.00,0653:07:03,1,08
15:50:26,0.14854,214.60,0.48669,15.53832,45.37189,31.22628,45.11409,50.00,0653:07:04,1,08
15:50:27,0.14875,214.80,0.48645,15.56868,45.46054,31.22629,45.11409,50.00,0653:07:05,1,08
15:50:28,0.14742,214.80,0.48649,15.43037,45.05667,31.22629,45.1141,50.00,0653:07:06,1,08
15:50:29,0.14877,214.80,0.48724,15.59229,45.5295,31.22629,45.1141,50.00,0653:07:08,1,08
15:50:30,0.14986,214.80,0.48368,15.59398,45.53442,31.2263,45.11411,50.00,0653:07:09,1,08
15:50:31,0.14874,214.80,0.48698,15.58386,45.50487,31.2263,45.11411,50.00,0653:07:10,1,08
15:50:32,0.14822,214.90,0.49011,15.63278,45.64771,31.22631,45.11412,50.00,0653:07:11,1,08
15:50:33,0.14781,214.50,0.48693,15.45904,45.1404,31.22631,45.11412,50.00,0653:07:12,1,08
15:50:34,0.14835,214.20,0.48839,15.54338,45.38666,31.22632,45.11412,50.00,0653:07:13,1,08
15:50:35,0.14901,214.40,0.48587,15.54506,45.39159,31.22632,45.11413,50.00,0653:07:14,1,08
15:50:36,0.14698,214.50,0.48894,15.44217,45.09114,31.22633,45.11413,50.00,0653:07:15,1,08
15:50:37,0.14737,214.50,0.48812,15.45398,45.12562,31.22633,45.11414,50.00,0653:07:16,1,08
15:50:38,0.14744,214.50,0.4876,15.44892,45.11084,31.22634,45.11414,50.00,0653:07:17,1,08
15:50:39,0.13753,214.70,0.48249,14.2682,41.66313,31.22634,45.11415,50.00,0653:07:18,1,08
15:50:40,0.14892,214.70,0.48662,15.58386,45.50487,31.22634,45.11415,50.00,0653:07:19,1,08
15:50:41,0.16486,214.70,0.50837,18.0229,52.62686,31.22635,45.11415,50.00,0653:07:20,1,08
15:50:42,0.16965,215.00,0.53116,19.4094,56.67546,31.22636,45.11415,50.00,0653:07:21,1,08
15:50:43,0.17766,215.10,0.55072,21.07928,61.55151,31.22636,45.11417,50.00,0653:07:22,1,08
15:50:44,0.17139,215.00,0.54917,20.27133,59.19229,31.22637,45.11417,50.00,0653:07:23,1,08
15:50:45,0.1761,215.00,0.55003,20.86169,60.91614,31.22637,45.11418,50.00,0653:07:24,1,08
15:50:46,0.18134,214.80,0.55226,21.54988,62.92567,31.22638,45.11418,50.00,0653:07:25,1,08
15:50:47,0.17225,214.60,0.55129,20.41302,59.60601,31.22639,45.11419,50.00,0653:07:26,1,08
15:50:48,0.17394,214.40,0.5503,20.55639,60.02466,31.22639,45.11419,50.00,0653:07:28,1,08
15:50:49,0.1787,214.50,0.54666,20.98651,61.28062,31.2264,45.1142,50.00,0653:07:29,1,08
15:50:50,0.1787,214.50,0.54666,20.98651,61.28062,31.2264,45.1142,50.00,0653:07:29,1,08
15:50:51,0.1718,214.30,0.55173,20.34555,59.409,31.2264,45.1142,50.00,0653:07:30,1,08
15:50:52,0.17533,214.00,0.54847,20.61543,60.19706,31.22641,45.1142,50.00,0653:07:31,1,08
15:50:53,0.17879,214.10,0.54624,20.94097,61.14763,31.22642,45.1142,50.00,0653:07:32,1,08
15:50:54,0.17967,214.10,0.54549,21.0135,61.35942,31.22642,45.11422,50.00,0653:07:33,1,08
15:50:55,0.18103,214.00,0.5476,21.24627,62.0391,31.22643,45.11422,50.00,0653:07:34,1,08
15:50:56,0.18075,214.10,0.54712,21.21254,61.94061,31.22643,45.11423,50.00,0653:07:35,1,08
15:50:57,0.18042,214.30,0.54552,21.12483,61.68449,31.22644,45.11423,50.00,0653:07:36,1,08
15:50:58,0.18027,214.40,0.54566,21.12651,61.68941,31.22645,45.11423,50.00,0653:07:37,1,08
15:50:59,0.18008,214.50,0.54538,21.10458,61.62539,31.22645,45.11423,50.00,0653:07:38,1,08
15:51:00,0.18025,214.40,0.5447,21.08772,61.57613,31.22646,45.11425,50.00,0653:07:39,1,08
15:51:01,0.18055,214.30,0.54704,21.20579,61.92091,31.22646,45.11425,50.00,0653:07:40,1,08
15:51:02,0.179,214.10,0.54214,20.8094,60.76345,31.22647,45.11426,50.00,0653:07:41,1,08
15:51:03,0.1807,214.30,0.54301,21.06242,61.50226,31.22648,45.11426,50.00,0653:07:42,1,08
15:51:04,0.18068,214.30,0.54545,21.15181,61.76329,31.22648,45.11427,50.00,0653:07:43,1,08
15:51:05,0.18025,214.40,0.54493,21.09278,61.59092,31.22649,45.11427,50.00,0653:07:44,1,08
15:51:06,0.16682,214.50,0.54611,19.57639,57.16306,31.22649,45.11428,50.00,0653:07:45,1,08
15:51:07,0.17927,214.50,0.54577,21.01687,61.36927,31.2265,45.11428,50.00,0653:07:46,1,08
15:51:08,0.17993,214.40,0.54313,20.98482,61.27568,31.22651,45.11428,50.00,0653:07:48,1,08
15:51:09,0.1773,214.40,0.54683,20.81783,60.78808,31.22651,45.11428,50.00,0653:07:49,1,08
15:51:10,0.17901,214.30,0.54582,20.97639,61.25105,31.22652,45.1143,50.00,0653:07:50,1,08
15:51:11,0.17919,214.40,0.54694,21.05061,61.46778,31.22653,45.1143,50.00,0653:07:51,1,08
15:51:12,0.17884,214.30,0.54678,20.99495,61.30524,31.22653,45.11431,50.00,0653:07:52,1,08
15:51:13,0.18064,214.20,0.54643,21.18217,61.85195,31.22654,45.11431,50.00,0653:07:53,1,08
15:51:14,0.17854,214.30,0.54375,20.83976,60.85211,31.22654,45.11432,50.00,0653:07:54,1,08
15:51:15,0.17866,214.30,0.54583,20.93085,61.11808,31.22655,45.11432,50.00,0653:07:55,1,08
15:51:16,0.17866,214.30,0.54583,20.93085,61.11808,31.22655,45.11432,50.00,0653:07:55,1,08
15:51:17,0.17991,214.30,0.54626,21.09446,61.59583,31.22656,45.11433,50.00,0653:07:56,1,08
15:51:18,0.1797,214.40,0.54624,21.08097,61.55643,31.22656,45.11433,50.00,0653:07:57,1,08
15:51:19,0.18095,214.40,0.54414,21.14675,61.74852,31.22657,45.11434,50.00,0653:07:58,1,08
15:51:20,0.1797,214.60,0.54905,21.20241,61.91105,31.22657,45.11434,50.00,0653:07:59,1,08
15:51:21,0.1793,214.60,0.54559,21.03205,61.4136,31.22658,45.11435,50.00,0653:08:00,1,08
15:51:22,0.17987,214.70,0.54658,21.14001,61.72882,31.22659,45.11435,50.00,0653:08:01,1,08
15:51:23,0.18057,214.60,0.54792,21.27157,62.11299,31.22659,45.11436,50.00,0653:08:02,1,08
15:51:24,0.16378,214.70,0.54943,19.35037,56.50307,31.2266,45.11436,50.00,0653:08:03,1,08
15:51:25,0.17683,214.60,0.54531,20.72675,60.52211,31.2266,45.11436,50.00,0653:08:04,1,08
15:51:26,0.17925,214.50,0.54322,20.9241,61.09838,31.22661,45.11436,50.00,0653:08:05,1,08
15:51:27,0.18045,214.60,0.54649,21.19736,61.89629,31.22662,45.11438,50.00,0653:08:06,1,08
15:51:28,0.18,214.50,0.54243,20.97976,61.26091,31.22662,45.11438,50.00,0653:08:07,1,08
15:51:29,0.17976,214.50,0.54551,21.06748,61.51703,31.22663,45.11439,50.00,0653:08:09,1,08
15:51:30,0.16638,214.50,0.54794,19.5882,57.19754,31.22663,45.11439,50.00,0653:08:10,1,08
15:51:32,0.1774,214.50,0.54921,20.93422,61.12793,31.22664,45.1144,50.00,0653:08:11,1,08
15:51:33,0.18081,214.50,0.54611,21.21422,61.94553,31.22665,45.1144,50.00,0653:08:12,1,08
15:51:34,0.17586,214.50,0.55,20.78241,60.68465,31.22665,45.11441,50.00,0653:08:13,1,08
15:51:35,0.17838,214.50,0.54758,20.98482,61.27568,31.22666,45.11441,50.00,0653:08:14,1,08
15:51:36,0.17894,214.60,0.54812,21.07759,61.54658,31.22667,45.11442,50.00,0653:08:15,1,08
15:51:37,0.16502,214.70,0.5501,19.52073,57.00053,31.22667,45.11442,50.00,0653:08:16,1,08
15:51:38,0.17438,214.60,0.55328,20.73856,60.55659,31.22668,45.11443,50.00,0653:08:17,1,08
15:51:39,0.17832,214.70,0.54905,21.05229,61.4727,31.22668,45.11443,50.00,0653:08:18,1,08
15:51:40,0.17731,214.70,0.55196,21.05229,61.4727,31.22669,45.11444,50.00,0653:08:19,1,08
15:51:41,0.17818,214.70,0.54896,21.03205,61.4136,31.2267,45.11444,50.00,0653:08:20,1,08
15:51:42,0.17818,214.70,0.54896,21.03205,61.4136,31.2267,45.11444,50.00,0653:08:20,1,08
15:51:43,0.19133,214.70,0.55334,22.76603,66.47681,31.2267,45.11444,50.00,0653:08:21,1,08
15:51:44,0.1836,214.90,0.55425,21.90241,63.95505,31.22671,45.11444,50.00,0653:08:22,1,08
15:51:45,0.17721,215.00,0.5519,21.05904,61.49241,31.22671,45.11446,50.00,0653:08:23,1,08
15:51:46,0.17723,215.00,0.55338,21.12483,61.68449,31.22672,45.11446,50.00,0653:08:24,1,08
15:51:47,0.17846,215.00,0.55388,21.29181,62.1721,31.22673,45.11447,50.00,0653:08:25,1,08
15:51:48,0.17743,215.10,0.55128,21.07085,61.52688,31.22673,45.11447,50.00,0653:08:26,1,08
15:51:49,0.17107,215.00,0.55426,20.41639,59.61586,31.22674,45.11448,50.00,0653:08:27,1,08
15:51:50,0.17629,215.00,0.55181,20.94772,61.16734,31.22675,45.11448,50.00,0653:08:29,1,08
15:51:51,0.1769,215.00,0.55265,21.05061,61.46778,31.22675,45.11449,50.00,0653:08:30,1,08
15:51:52,0.17828,214.30,0.55196,21.12651,61.68941,31.22676,45.11449,50.00,0653:08:31,1,08
15:51:53,0.18001,214.50,0.54946,21.24964,62.04896,31.22676,45.1145,50.00,0653:08:32,1,08
15:51:54,0.18034,214.60,0.54748,21.22097,61.96523,31.22677,45.1145,50.00,0653:08:33,1,08
15:51:55,0.17886,214.50,0.5492,21.10796,61.63523,31.22678,45.11451,50.00,0653:08:34,1,08
15:51:56,0.17947,214.30,0.5489,21.14844,61.75344,31.22678,45.11451,50.00,0653:08:35,1,08
15:51:57,0.18,214.30,0.55484,21.4335,62.58581,31.22679,45.11452,50.00,0653:08:36,1,08
15:51:58,0.17996,214.40,0.54674,21.13157,61.70419,31.22679,45.11452,50.00,0653:08:37,1,08
15:51:59,0.179,214.30,0.5504,21.14844,61.75344,31.2268,45.11452,50.00,0653:08:38,1,08
15:52:00,0.17879,214.30,0.55062,21.13494,61.71404,31.22681,45.11452,50.00,0653:08:39,1,08
15:52:01,0.17577,214.10,0.5528,20.83808,60.84718,31.22681,45.11454,50.00,0653:08:40,1,08
15:52:02,0.17522,214.10,0.55157,20.73012,60.53196,31.22682,45.11454,50.00,0653:08:41,1,08
15:52:03,0.17786,214.20,0.5507,21.01518,61.36433,31.22683,45.11455,50.00,0653:08:42,1,08
15:52:04,0.17896,214.20,0.55311,21.23952,62.01941,31.22683,45.11455,50.00,0653:08:43,1,08
15:52:05,0.17796,214.30,0.55468,21.18386,61.85688,31.22684,45.11456,50.00,0653:08:44,1,08
15:52:06,0.14527,214.10,0.48722,15.17567,44.31295,31.22684,45.11456,50.00,0653:08:45,1,08
15:52:07,0.15364,214.20,0.48378,15.9482,46.56874,31.22685,45.11457,50.00,0653:08:46,1,08
15:52:08,0.15309,214.20,0.4906,16.11518,47.05634,31.22685,45.11457,50.00,0653:08:47,1,08
15:52:09,0.15309,214.20,0.4906,16.11518,47.05634,31.22685,45.11457,50.00,0653:08:47,1,08
15:52:10,0.14251,214.10,0.48858,14.93446,43.60862,31.22686,45.11457,50.00,0653:08:48,1,08
15:52:11,0.14101,214.00,0.48834,14.76073,43.10132,31.22686,45.11457,50.00,0653:08:50,1,08
15:52:12,0.14776,214.00,0.48855,15.47253,45.1798,31.22686,45.11459,50.00,0653:08:51,1,08
15:52:13,0.14863,214.00,0.48846,15.55856,45.43099,31.22687,45.11459,50.00,0653:08:52,1,08
15:52:14,0.14759,214.00,0.49264,15.58049,45.49502,31.22687,45.1146,50.00,0653:08:53,1,08
15:52:15,0.14727,213.90,0.49118,15.49952,45.25861,31.22688,45.1146,50.00,0653:08:54,1,08
15:52:16,0.1474,213.90,0.49033,15.48603,45.2192,31.22688,45.1146,50.00,0653:08:55,1,08
15:52:17,0.14776,213.80,0.48966,15.49446,45.24382,31.22689,45.1146,50.00,0653:08:56,1,08
15:52:18,0.14878,214.00,0.48762,15.55012,45.40636,31.22689,45.11462,50.00,0653:08:57,1,08
15:52:19,0.1471,214.20,0.4915,15.5147,45.30293,31.2269,45.11462,50.00,0653:08:58,1,08
15:52:20,0.1469,214.10,0.49138,15.47928,45.1995,31.2269,45.11462,50.00,0653:08:59,1,08
15:52:21,0.14691,214.10,0.49234,15.51133,45.29308,31.22691,45.11463,50.00,0653:09:00,1,08
15:52:22,0.14831,214.00,0.48843,15.52988,45.34726,31.22691,45.11463,50.00,0653:09:01,1,08
15:52:23,0.13385,214.00,0.48031,13.78073,40.23972,31.22691,45.11464,50.00,0653:09:02,1,08
15:52:24,0.14626,214.00,0.49015,15.3629,44.85965,31.22692,45.11464,50.00,0653:09:03,1,08
15:52:25,0.14831,214.00,0.4913,15.61759,45.60337,31.22692,45.11465,50.00,0653:09:04,1,08
15:52:26,0.14724,214.00,0.49113,15.49952,45.25861,31.22693,45.11465,50.00,0653:09:05,1,08
15:52:27,0.14839,214.00,0.48865,15.54,45.37681,31.22693,45.11465,50.00,0653:09:06,1,08
15:52:28,0.14737,214.00,0.49087,15.50964,45.28815,31.22694,45.11465,50.00,0653:09:07,1,08
15:52:29,0.14785,214.20,0.49085,15.56699,45.45562,31.22694,45.11467,50.00,0653:09:08,1,08
15:52:30,0.14747,214.20,0.49067,15.52314,45.32756,31.22695,45.11467,50.00,0653:09:09,1,08
15:52:31,0.14828,214.20,0.48802,15.52651,45.33741,31.22695,45.11468,50.00,0653:09:11,1,08
15:52:32,0.15013,214.20,0.48324,15.56362,45.44577,31.22695,45.11468,50.00,0653:09:12,1,08
15:52:33,0.14868,214.20,0.48932,15.61085,45.58368,31.22696,45.11469,50.00,0653:09:13,1,08
15:52:34,0.15127,214.00,0.49334,15.9988,46.7165,31.22696,45.11469,50.00,0653:09:14,1,08
15:52:35,0.15127,214.00,0.49334,15.9988,46.7165,31.22696,45.11469,50.00,0653:09:14,1,08
15:52:36,0.14892,213.60,0.48814,15.5535,45.41621,31.22697,45.1147,50.00,0653:09:15,1,08
15:52:37,0.15021,214.00,0.48166,15.50458,45.27338,31.22697,45.1147,50.00,0653:09:16,1,08
15:52:38,0.15054,213.60,0.48418,15.59567,45.53934,31.22698,45.1147,50.00,0653:09:17,1,08
15:52:39,0.15082,214.00,0.4809,15.54338,45.38666,31.22698,45.11471,50.00,0653:09:18,1,08
15:52:40,0.1498,214.00,0.48519,15.58217,45.49994,31.22699,45.11471,50.00,0653:09:19,1,08
15:52:41,0.14998,214.20,0.48642,15.65302,45.70681,31.22699,45.11472,50.00,0653:09:20,1,08
15:52:42,0.15111,214.10,0.48058,15.57205,45.47039,31.227,45.11472,50.00,0653:09:21,1,08
15:52:43,0.15058,214.10,0.48031,15.50964,45.28815,31.227,45.11473,50.00,0653:09:22,1,08
15:52:44,0.14939,214.10,0.48568,15.55856,45.43099,31.227,45.11473,50.00,0653:09:23,1,08
15:52:45,0.15205,214.10,0.49152,16.02579,46.7953,31.22701,45.11473,50.00,0653:09:24,1,08
15:52:46,0.14851,214.30,0.48735,15.53663,45.36696,31.22701,45.11473,50.00,0653:09:25,1,08
15:52:47,0.14289,214.30,0.48218,14.78771,43.18013,31.22702,45.11475,50.00,0653:09:26,1,08
15:52:48,0.14797,214.20,0.489,15.5282,45.34233,31.22702,45.11475,50.00,0653:09:27,1,08
15:52:49,0.14583,214.30,0.48955,15.32241,44.74145,31.22703,45.11476,50.00,0653:09:28,1,08
15:52:50,0.14274,214.20,0.48932,14.98675,43.76131,31.22703,45.11476,50.00,0653:09:29,1,08
15:52:51,0.14919,214.20,0.48546,15.54169,45.38174,31.22704,45.11477,50.00,0653:09:31,1,08
15:52:52,0.14522,214.10,0.48483,15.09808,44.08638,31.22704,45.11477,50.00,0653:09:32,1,08
15:52:53,0.14486,214.00,0.48653,15.1082,44.11593,31.22704,45.11478,50.00,0653:09:33,1,08
15:52:54,0.14859,214.00,0.49121,15.64121,45.67233,31.22705,45.11478,50.00,0653:09:34,1,08
15:52:55,0.14767,214.00,0.49019,15.51639,45.30786,31.22705,45.11479,50.00,0653:09:35,1,08
15:52:56,0.14942,213.90,0.48488,15.52145,45.32264,31.22706,45.11479,50.00,0653:09:36,1,08
15:52:57,0.14786,213.90,0.48839,15.47253,45.1798,31.22706,45.1148,50.00,0653:09:37,1,08
15:52:58,0.14794,213.80,0.48988,15.51976,45.31771,31.22707,45.1148,50.00,0653:09:38,1,08
15:52:59,0.1484,213.80,0.48992,15.57036,45.46547,31.22707,45.1148,50.00,0653:09:39,1,08
15:53:00,0.14796,213.80,0.48818,15.47085,45.17487,31.22708,45.11481,50.00,0653:09:40,1,08
15:53:01,0.14796,213.80,0.48818,15.47085,45.17487,31.22708,45.11481,50.00,0653:09:40,1,08
15:53:02,0.14927,213.80,0.48396,15.47085,45.17487,31.22708,45.11481,50.00,0653:09:41,1,08
15:53:03,0.14748,213.90,0.49039,15.49446,45.24382,31.22709,45.11481,50.00,0653:09:42,1,08
15:53:04,0.14725,213.90,0.49043,15.47253,45.1798,31.22709,45.11481,50.00,0653:09:43,1,08
15:53:05,0.14802,213.80,0.49351,15.64627,45.6871,31.22709,45.11483,50.00,0653:09:44,1,08
15:53:06,0.14691,213.90,0.49196,15.48603,45.2192,31.2271,45.11483,50.00,0653:09:45,1,08
15:53:07,0.14845,213.90,0.48669,15.48097,45.20442,31.2271,45.11484,50.00,0653:09:46,1,08
15:53:08,0.14718,214.00,0.49144,15.50121,45.26353,31.22711,45.11484,50.00,0653:09:47,1,08
15:53:09,0.1475,213.90,0.49279,15.57205,45.47039,31.22711,45.11485,50.00,0653:09:48,1,08
15:53:10,0.14684,213.90,0.49147,15.45735,45.13547,31.22712,45.11485,50.00,0653:09:49,1,08
15:53:11,0.14591,213.90,0.48532,15.1706,44.29817,31.22712,45.11486,50.00,0653:09:51,1,08
15:53:12,0.14685,213.80,0.48965,15.4,44.96801,31.22713,45.11486,50.00,0653:09:52,1,08
15:53:13,0.14739,213.80,0.49183,15.52651,45.33741,31.22713,45.11486,50.00,0653:09:53,1,08
15:53:14,0.14727,214.00,0.49113,15.49952,45.25861,31.22713,45.11486,50.00,0653:09:54,1,08
15:53:15,0.14948,214.10,0.4949,15.86386,46.32247,31.22714,45.11486,50.00,0653:09:55,1,08
15:53:16,0.14781,214.20,0.48702,15.44386,45.09607,31.22714,45.11488,50.00,0653:09:56,1,08
15:53:17,0.14671,214.30,0.49116,15.4641,45.15517,31.22715,45.11488,50.00,0653:09:57,1,08
15:53:18,0.14708,214.30,0.49172,15.52145,45.32264,31.22715,45.11489,50.00,0653:09:58,1,08
15:53:19,0.14653,214.20,0.49238,15.47928,45.1995,31.22716,45.11489,50.00,0653:09:59,1,08
15:53:20,0.14274,214.30,0.4864,14.89904,43.5052,31.22716,45.11489,50.00,0653:10:00,1,08
15:53:21,0.14756,214.30,0.48738,15.43543,45.07145,31.22717,45.11489,50.00,0653:10:01,1,08
15:53:22,0.14735,214.40,0.49003,15.5029,45.26846,31.22717,45.11491,50.00,0653:10:02,1,08
15:53:23,0.14797,214.40,0.4897,15.56362,45.44577,31.22718,45.11491,50.00,0653:10:03,1,08
15:53:24,0.14791,214.40,0.48911,15.53663,45.36696,31.22718,45.11492,50.00,0653:10:04,1,08
15:53:26,0.14927,214.60,0.4919,15.7829,46.08606,31.22718,45.11492,50.00,0653:10:05,1,08
15:53:27,0.14927,214.60,0.4919,15.7829,46.08606,31.22718,45.11492,50.00,0653:10:05,1,08
15:53:28,0.13935,214.80,0.48329,14.49253,42.3182,31.22719,45.11493,50.00,0653:10:06,1,08
15:53:29,0.14552,214.80,0.4888,15.30555,44.6922,31.22719,45.11493,50.00,0653:10:07,1,08
15:53:30,0.14659,214.70,0.4901,15.44723,45.10592,31.2272,45.11494,50.00,0653:10:08,1,08
15:53:31,0.14757,214.80,0.48789,15.48771,45.22413,31.2272,45.11494,50.00,0653:10:09,1,08
15:53:32,0.14942,214.70,0.48908,15.71205,45.87919,31.22721,45.11494,50.00,0653:10:10,1,08
15:53:33,0.14653,214.60,0.49416,15.56362,45.44577,31.22721,45.11494,50.00,0653:10:12,1,08
15:53:34,0.14776,214.60,0.49103,15.59735,45.54427,31.22722,45.11494,50.00,0653:10:13,1,08
15:53:35,0.14716,214.70,0.49174,15.55856,45.43099,31.22722,45.11496,50.00,0653:10:14,1,08
15:53:36,0.14805,214.50,0.48865,15.54675,45.39651,31.22722,45.11496,50.00,0653:10:15,1,08
15:53:37,0.1443,214.60,0.48809,15.14193,44.21444,31.22723,45.11497,50.00,0653:10:16,1,08
15:53:38,0.14705,214.70,0.49099,15.5282,45.34233,31.22723,45.11497,50.00,0653:10:17,1,08
15:53:39,0.13835,214.70,0.48543,14.44024,42.16552,31.22724,45.11497,50.00,0653:10:18,1,08
15:53:40,0.14384,214.80,0.48942,15.14362,44.21936,31.22724,45.11497,50.00,0653:10:19,1,08
15:53:41,0.14837,214.70,0.48594,15.5029,45.26846,31.22725,45.11499,50.00,0653:10:20,1,08
15:53:42,0.1475,214.70,0.49106,15.57374,45.47532,31.22725,45.11499,50.00,0653:10:21,1,08
15:53:43,0.14786,214.70,0.49194,15.64121,45.67233,31.22726,45.115,50.00,0653:10:22,1,08
15:53:44,0.14796,214.80,0.48903,15.56362,45.44577,31.22726,45.115,50.00,0653:10:23,1,08
15:53:45,0.13994,214.70,0.48739,14.66627,42.8255,31.22726,45.11501,50.00,0653:10:24,1,08
15:53:46,0.1466,214.70,0.4885,15.39832,44.96309,31.22727,45.11501,50.00,0653:10:25,1,08
15:53:47,0.14708,214.60,0.49178,15.54675,45.39651,31.22727,45.11501,50.00,0653:10:26,1,08
15:53:48,0.14132,214.60,0.49167,14.93615,43.61356,31.22728,45.11502,50.00,0653:10:27,1,08
15:53:49,0.14192,214.60,0.49193,15.01036,43.83026,31.22728,45.11502,50.00,0653:10:28,1,08
15:53:50,0.14653,214.60,0.49245,15.50796,45.28323,31.22729,45.11502,50.00,0653:10:29,1,08
15:53:51,0.14232,214.60,0.48445,14.81639,43.26386,31.22729,45.11502,50.00,0653:10:30,1,08
15:53:52,0.14681,214.60,0.49134,15.50458,45.27338,31.2273,45.11504,50.00,0653:10:31,1,08
15:53:53,0.14728,214.60,0.49227,15.58217,45.49994,31.2273,45.11504,50.00,0653:10:33,1,08
15:53:54,0.14728,214.60,0.49227,15.58217,45.49994,31.2273,45.11504,50.00,0653:10:33,1,08
15:53:55,0.14767,214.60,0.49203,15.61591,45.59845,31.2273,45.11505,50.00,0653:10:34,1,08
15:53:56,0.15087,214.60,0.49027,15.89759,46.42098,31.22731,45.11505,50.00,0653:10:35,1,08
15:53:57,0.14728,214.50,0.49382,15.62772,45.63293,31.22731,45.11506,50.00,0653:10:36,1,08
15:53:58,0.1464,214.50,0.49206,15.47759,45.19457,31.22732,45.11506,50.00,0653:10:37,1,08
15:53:59,0.14633,214.40,0.49206,15.46579,45.1601,31.22732,45.11507,50.00,0653:10:38,1,08
15:54:00,0.14728,214.50,0.48955,15.4894,45.22905,31.22733,45.11507,50.00,0653:10:39,1,08
15:54:01,0.1486,214.50,0.48605,15.51639,45.30786,31.22733,45.11508,50.00,0653:10:40,1,08
15:54:02,0.14731,214.40,0.48849,15.45735,45.13547,31.22734,45.11508,50.00,0653:10:41,1,08
15:54:03,0.13331,214.50,0.48139,13.7841,40.24957,31.22734,45.11508,50.00,0653:10:42,1,08
15:54:04,0.14647,214.40,0.48676,15.31229,44.71189,31.22734,45.11509,50.00,0653:10:43,1,08
15:54:05,0.14866,214.40,0.48663,15.53832,45.37189,31.22735,45.11509,50.00,0653:10:44,1,08
15:54:06,0.14957,214.50,0.48493,15.58217,45.49994,31.22735,45.1151,50.00,0653:10:45,1,08
15:54:07,0.13502,214.50,0.48517,14.07591,41.10165,31.22736,45.1151,50.00,0653:10:46,1,08
15:54:08,0.14846,214.50,0.48572,15.49277,45.2389,31.22736,45.1151,50.00,0653:10:47,1,08
15:54:09,0.14832,214.50,0.48523,15.46241,45.15025,31.22737,45.1151,50.00,0653:10:48,1,08
15:54:10,0.14141,214.40,0.48134,14.61567,42.67775,31.22737,45.11512,50.00,0653:10:49,1,08
15:54:11,0.14893,214.30,0.48237,15.41687,45.01727,31.22738,45.11512,50.00,0653:10:50,1,08
15:54:12,0.14338,214.30,0.48411,14.90073,43.51012,31.22738,45.11513,50.00,0653:10:51,1,08
15:54:13,0.14773,214.40,0.48548,15.4,44.96801,31.22738,45.11513,50.00,0653:10:53,1,08
15:54:14,0.14872,214.30,0.48341,15.43374,45.06652,31.22739,45.11514,50.00,0653:10:54,1,08
15:54:15,0.14791,214.10,0.48532,15.39494,44.95323,31.22739,45.11514,50.00,0653:10:55,1,08
15:54:16,0.1506,214.10,0.49044,15.83856,46.24859,31.2274,45.11515,50.00,0653:10:56,1,08
15:54:17,0.14875,214.00,0.48656,15.51639,45.30786,31.2274,45.11515,50.00,0653:10:57,1,08
15:54:18,0.14788,214.10,0.48729,15.45398,45.12562,31.22741,45.11515,50.00,0653:10:58,1,08
15:54:19,0.14788,214.10,0.48729,15.45398,45.12562,31.22741,45.11515,50.00,0653:10:58,1,08
15:54:20,0.14839,214.10,0.48314,15.3747,44.89413,31.22741,45.11516,50.00,0653:10:59,1,08
15:54:21,0.14781,214.10,0.48776,15.46241,45.15025,31.22742,45.11516,50.00,0653:11:00,1,08
15:54:22,0.14776,214.20,0.48925,15.51133,45.29308,31.22742,45.11517,50.00,0653:11:01,1,08
15:54:23,0.14904,214.30,0.48419,15.49277,45.2389,31.22743,45.11517,50.00,0653:11:02,1,08
15:54:24,0.14877,214.40,0.48501,15.49783,45.25368,31.22743,45.11518,50.00,0653:11:03,1,08
15:54:25,0.13648,214.50,0.47694,13.98651,40.84061,31.22743,45.11518,50.00,0653:11:04,1,08
15:54:26,0.14433,214.80,0.48572,15.08627,44.05191,31.22744,45.11518,50.00,0653:11:05,1,08
15:54:27,0.14868,214.90,0.48972,15.66988,45.75606,31.22744,45.11518,50.00,0653:11:06,1,08
15:54:28,0.14724,214.80,0.48988,15.51808,45.31278,31.22745,45.1152,50.00,0653:11:07,1,08
15:54:29,0.14806,214.50,0.4886,15.54506,45.39159,31.22745,45.1152,50.00,0653:11:08,1,08
15:54:30,0.14887,214.40,0.48555,15.52482,45.33249,31.22746,45.11521,50.00,0653:11:09,1,08
15:54:31,0.13507,214.30,0.48697,14.12145,41.23463,31.22746,45.11521,50.00,0653:11:10,1,08
15:54:32,0.14421,214.30,0.48889,15.13518,44.19474,31.22746,45.11522,50.00,0653:11:11,1,08
15:54:33,0.14547,214.50,0.49385,15.43374,45.06652,31.22747,45.11522,50.00,0653:11:12,1,08
15:54:34,0.14728,214.60,0.496,15.70024,45.84472,31.22747,45.11522,50.00,0653:11:14,1,08
15:54:35,0.16359,214.60,0.51338,18.05157,52.71058,31.22748,45.11523,50.00,0653:11:15,1,08
15:54:36,0.15527,214.70,0.539,17.99591,52.54805,31.22748,45.11523,50.00,0653:11:16,1,08
15:54:37,0.17922,214.60,0.5556,21.40482,62.50209,31.22749,45.11523,50.00,0653:11:17,1,08
15:54:38,0.17672,214.60,0.55484,21.07759,61.54658,31.2275,45.11523,50.00,0653:11:18,1,08
15:54:39,0.17555,214.50,0.5545,20.91904,61.08361,31.2275,45.11525,50.00,0653:11:19,1,08
15:54:40,0.17747,214.40,0.55669,21.2176,61.95539,31.22751,45.11525,50.00,0653:11:20,1,08
15:54:41,0.17771,214.40,0.55395,21.14507,61.74359,31.22752,45.11526,50.00,0653:11:21,1,08
15:54:42,0.17753,214.30,0.55505,21.15519,61.77314,31.22752,45.11526,50.00,0653:11:22,1,08
15:54:43,0.17691,214.40,0.55424,21.06242,61.50226,31.22753,45.11526,50.00,0653:11:23,1,08
15:54:44,0.17853,214.50,0.55568,21.31205,62.2312,31.22753,45.11526,50.00,0653:11:24,1,08
15:54:45,0.17679,214.50,0.55714,21.16531,61.8027,31.22754,45.11528,50.00,0653:11:25,1,08
15:54:46,0.17679,214.50,0.55714,21.16531,61.8027,31.22754,45.11528,50.00,0653:11:25,1,08
15:54:47,0.17656,214.50,0.55429,21.02868,61.40375,31.22755,45.11528,50.00,0653:11:26,1,08
15:54:48,0.17848,214.50,0.55634,21.33567,62.30015,31.22755,45.11529,50.00,0653:11:27,1,08
15:54:49,0.1764,214.50,0.55461,21.01856,61.37419,31.22756,45.11529,50.00,0653:11:28,1,08
15:54:50,0.17708,214.40,0.55535,21.12145,61.67464,31.22756,45.1153,50.00,0653:11:29,1,08
15:54:51,0.17523,214.30,0.55667,20.94265,61.15255,31.22757,45.1153,50.00,0653:11:30,1,08
15:54:52,0.1756,214.40,0.55605,20.96627,61.22151,31.22758,45.11531,50.00,0653:11:31,1,08
15:54:53,0.17638,214.30,0.55748,21.1029,61.62046,31.22758,45.11531,50.00,0653:11:32,1,08
15:54:54,0.17685,214.30,0.55638,21.12145,61.67464,31.22759,45.11531,50.00,0653:11:34,1,08
15:54:55,0.1775,214.40,0.55478,21.14675,61.74852,31.2276,45.11531,50.00,0653:11:35,1,08
15:54:56,0.17643,214.50,0.5549,21.03711,61.42837,31.2276,45.11533,50.00,0653:11:36,1,08
15:54:57,0.17667,214.50,0.55523,21.07591,61.54166,31.22761,45.11533,50.00,0653:11:37,1,08
15:54:58,0.1793,214.40,0.55392,21.32892,62.28045,31.22761,45.11534,50.00,0653:11:38,1,08
15:54:59,0.17767,214.50,0.55576,21.21591,61.95045,31.22762,45.11534,50.00,0653:11:39,1,08
15:55:00,0.17703,214.60,0.55541,21.13326,61.70911,31.22763,45.11535,50.00,0653:11:40,1,08
15:55:01,0.17645,214.50,0.55486,21.03543,61.42344,31.22763,45.11535,50.00,0653:11:41,1,08
15:55:02,0.17366,214.50,0.55737,20.79422,60.71913,31.22764,45.11536,50.00,0653:11:42,1,08
15:55:03,0.17392,214.40,0.55495,20.73181,60.53688,31.22764,45.11536,50.00,0653:11:43,1,08
15:55:04,0.17723,214.40,0.55849,21.25976,62.07851,31.22765,45.11537,50.00,0653:11:44,1,08
15:55:05,0.17615,214.50,0.55604,21.0388,61.4333,31.22766,45.11537,50.00,0653:11:45,1,08
15:55:06,0.16624,214.50,0.55808,19.93567,58.21215,31.22766,45.11538,50.00,0653:11:46,1,08
15:55:07,0.17644,214.90,0.55604,21.12145,61.67464,31.22767,45.11538,50.00,0653:11:47,1,08
15:55:08,0.1774,215.00,0.55443,21.18555,61.8618,31.22767,45.11539,50.00,0653:11:48,1,08
15:55:09,0.17574,215.00,0.55606,21.04723,61.45792,31.22768,45.11539,50.00,0653:11:49,1,08
15:55:10,0.1768,215.00,0.55851,21.26989,62.10807,31.22769,45.11539,50.00,0653:11:50,1,08
15:55:11,0.17667,215.10,0.55815,21.24121,62.02433,31.22769,45.11539,50.00,0653:11:51,1,08
15:55:12,0.17517,215.00,0.55611,20.98145,61.26583,31.2277,45.11541,50.00,0653:11:52,1,08
15:55:13,0.17517,215.00,0.55611,20.98145,61.26583,31.2277,45.11541,50.00,0653:11:52,1,08
15:55:14,0.17523,215.00,0.55297,20.86675,60.93092,31.22771,45.11541,50.00,0653:11:53,1,08
15:55:15,0.17628,215.10,0.55433,21.04892,61.46284,31.22771,45.11542,50.00,0653:11:55,1,08
15:55:16,0.17723,215.10,0.55903,21.34241,62.31985,31.22772,45.11542,50.00,0653:11:56,1,08
15:55:18,0.17633,215.00,0.55502,21.11639,61.65985,31.22772,45.11543,50.00,0653:11:57,1,08
15:55:19,0.17917,214.90,0.55467,21.39302,62.46761,31.22773,45.11543,50.00,0653:11:58,1,08
15:55:20,0.17643,214.90,0.55677,21.14169,61.73374,31.22774,45.11544,50.00,0653:11:59,1,08
15:55:21,0.17677,214.80,0.55751,21.20747,61.92582,31.22774,45.11544,50.00,0653:12:00,1,08
15:55:22,0.1763,214.80,0.55564,21.07253,61.5318,31.22775,45.11545,50.00,0653:12:01,1,08
15:55:23,0.16203,214.80,0.55952,19.50386,56.95127,31.22775,45.11545,50.00,0653:12:02,1,08
15:55:24,0.17352,214.80,0.55458,20.70314,60.45316,31.22776,45.11545,50.00,0653:12:03,1,08
15:55:25,0.1764,215.00,0.56018,21.27494,62.12284,31.22777,45.11546,50.00,0653:12:04,1,08
15:55:26,0.17503,214.90,0.55551,20.93254,61.123,31.22777,45.11546,50.00,0653:12:05,1,08
15:55:27,0.17669,214.90,0.55903,21.26145,62.08344,31.22778,45.11547,50.00,0653:12:06,1,08
15:55:28,0.17574,214.70,0.55494,20.9747,61.24614,31.22778,45.11547,50.00,0653:12:07,1,08
15:55:29,0.16712,214.70,0.55782,20.04868,58.54214,31.22779,45.11547,50.00,0653:12:08,1,08
15:55:30,0.17172,215.10,0.55666,20.59687,60.14288,31.2278,45.11547,50.00,0653:12:09,1,08
15:55:31,0.17588,215.10,0.56066,21.24795,62.04403,31.2278,45.11549,50.00,0653:12:10,1,08
15:55:32,0.17001,215.30,0.56087,20.56314,60.04437,31.22781,45.11549,50.00,0653:12:11,1,08
15:55:33,0.17214,215.30,0.55826,20.72169,60.50735,31.22781,45.1155,50.00,0653:12:12,1,08
15:55:34,0.17626,215.30,0.55605,21.13326,61.70911,31.22782,45.1155,50.00,0653:12:13,1,08
15:55:35,0.17563,215.30,0.55706,21.09446,61.59583,31.22783,45.11551,50.00,0653:12:14,1,08
15:55:36,0.17604,215.30,0.5602,21.26989,62.10807,31.22783,45.11551,50.00,0653:12:16,1,08
15:55:37,0.17508,215.30,0.55773,21.05398,61.47762,31.22784,45.11552,50.00,0653:12:17,1,08
15:55:38,0.17536,215.30,0.55724,21.06916,61.52195,31.22785,45.11552,50.00,0653:12:18,1,08
15:55:39,0.17536,215.30,0.55724,21.06916,61.52195,31.22785,45.11552,50.00,0653:12:18,1,08
15:55:40,0.17666,215.20,0.56184,21.3947,62.47253,31.22785,45.11552,50.00,0653:12:19,1,08
15:55:41,0.17508,215.20,0.55868,21.08434,61.56628,31.22786,45.11552,50.00,0653:12:20,1,08
15:55:42,0.17548,215.20,0.559,21.14169,61.73374,31.22786,45.11554,50.00,0653:12:21,1,08
15:55:43,0.17743,215.20,0.55778,21.33229,62.29029,31.22787,45.11554,50.00,0653:12:22,1,08
15:55:44,0.17633,215.10,0.55551,21.09953,61.61061,31.22788,45.11555,50.00,0653:12:23,1,08
15:55:45,0.17558,215.10,0.55448,20.97808,61.25599,31.22788,45.11555,50.00,0653:12:24,1,08
15:55:46,0.1763,215.20,0.55732,21.17374,61.82732,31.22789,45.11555,50.00,0653:12:25,1,08
15:55:47,0.16989,215.20,0.55703,20.39446,59.55183,31.22789,45.11555,50.00,0653:12:26,1,08
15:55:48,0.17251,215.10,0.55578,20.65591,60.31525,31.2279,45.11557,50.00,0653:12:27,1,08
15:55:49,0.17575,215.30,0.55622,21.07759,61.54658,31.22791,45.11557,50.00,0653:12:28,1,08
15:55:50,0.17503,215.30,0.55956,21.12483,61.68449,31.22791,45.11558,50.00,0653:12:29,1,08
15:55:51,0.17568,215.40,0.55977,21.21422,61.94553,31.22792,45.11558,50.00,0653:12:30,1,08
15:55:52,0.17545,215.40,0.55717,21.0894,61.58105,31.22793,45.11558,50.00,0653:12:31,1,08
15:55:53,0.17237,215.60,0.5562,20.70145,60.44824,31.22793,45.11559,50.00,0653:12:32,1,08
15:55:54,0.1714,215.50,0.55894,20.68121,60.38914,31.22794,45.11559,50.00,0653:12:33,1,08
15:55:55,0.17538,215.60,0.56187,21.27663,62.12776,31.22794,45.1156,50.00,0653:12:34,1,08
15:55:56,0.17472,215.60,0.5573,21.03036,61.40867,31.22795,45.1156,50.00,0653:12:35,1,08
15:55:57,0.17488,215.60,0.5569,21.03374,61.41853,31.22796,45.1156,50.00,0653:12:37,1,08
15:55:58,0.17447,215.70,0.55546,20.93254,61.123,31.22796,45.1156,50.00,0653:12:38,1,08
15:55:59,0.17467,215.60,0.56064,21.14507,61.74359,31.22797,45.11562,50.00,0653:12:39,1,08
15:56:00,0.15276,215.50,0.49908,16.45422,48.04633,31.22797,45.11562,50.00,0653:12:40,1,08
15:56:01,0.14801,215.70,0.49894,15.95326,46.58351,31.22798,45.11563,50.00,0653:12:41,1,08
15:56:02,0.14968,215.60,0.49384,15.96,46.60321,31.22798,45.11563,50.00,0653:12:42,1,08
15:56:03,0.14477,215.70,0.49768,15.56362,45.44577,31.22799,45.11563,50.00,0653:12:43,1,08
15:56:04,0.14444,215.60,0.49822,15.54169,45.38174,31.22799,45.11563,50.00,0653:12:44,1,08
15:56:05,0.14433,215.50,0.49773,15.50796,45.28323,31.228,45.11565,50.00,0653:12:45,1,08
15:56:06,0.14433,215.50,0.49773,15.50796,45.28323,31.228,45.11565,50.00,0653:12:45,1,08
15:56:07,0.14491,215.50,0.49714,15.55181,45.41129,31.228,45.11565,50.00,0653:12:46,1,08
15:56:08,0.14525,215.50,0.49494,15.51976,45.31771,31.228,45.11566,50.00,0653:12:47,1,08
15:56:09,0.14375,215.50,0.49766,15.44386,45.09607,31.22801,45.11566,50.00,0653:12:48,1,08
15:56:10,0.14379,215.50,0.49723,15.43205,45.06159,31.22801,45.11566,50.00,0653:12:49,1,08
15:56:11,0.14458,215.40,0.49811,15.53663,45.36696,31.22802,45.11567,50.00,0653:12:50,1,08
15:56:12,0.14312,215.40,0.49678,15.33928,44.7907,31.22802,45.11567,50.00,0653:12:51,1,08
15:56:13,0.14561,215.40,0.49361,15.50627,45.27831,31.22803,45.11568,50.00,0653:12:52,1,08
15:56:14,0.14491,215.50,0.49649,15.5282,45.34233,31.22803,45.11568,50.00,0653:12:53,1,08
15:56:15,0.14488,215.60,0.49552,15.50121,45.26353,31.22804,45.11568,50.00,0653:12:54,1,08
15:56:16,0.14479,215.70,0.49741,15.55856,45.43099,31.22804,45.11568,50.00,0653:12:55,1,08
15:56:17,0.1451,215.70,0.49623,15.55519,45.42114,31.22805,45.1157,50.00,0653:12:57,1,08
15:56:18,0.14574,215.70,0.49325,15.53157,45.35218,31.22805,45.1157,50.00,0653:12:58,1,08
15:56:19,0.14449,215.80,0.49741,15.53494,45.36204,31.22805,45.11571,50.00,0653:12:59,1,08
15:56:20,0.145,215.80,0.49634,15.55519,45.42114,31.22806,45.11571,50.00,0653:13:00,1,08
15:56:21,0.14491,215.70,0.49591,15.5282,45.34233,31.22806,45.11572,50.00,0653:13:01,1,08
15:56:22,0.14488,215.80,0.49564,15.51976,45.31771,31.22807,45.11572,50.00,0653:13:02,1,08
15:56:23,0.14414,215.80,0.49789,15.51302,45.29801,31.22807,45.11572,50.00,0653:13:03,1,08
15:56:24,0.14397,215.60,0.49734,15.46579,45.1601,31.22808,45.11573,50.00,0653:13:04,1,08
15:56:25,0.14422,215.50,0.49919,15.53663,45.36696,31.22808,45.11573,50.00,0653:13:05,1,08
15:56:26,0.13317,215.40,0.48943,14.06241,41.06224,31.22809,45.11574,50.00,0653:13:06,1,08
15:56:27,0.14215,215.30,0.49323,15.12169,44.15533,31.22809,45.11574,50.00,0653:13:07,1,08
15:56:28,0.14545,215.30,0.49317,15.46579,45.1601,31.22809,45.11575,50.00,0653:13:08,1,08
15:56:29,0.14765,215.10,0.48871,15.54844,45.40144,31.2281,45.11575,50.00,0653:13:09,1,08
15:56:30,0.14598,215.10,0.49276,15.49952,45.25861,31.2281,45.11576,50.00,0653:13:10,1,08
15:56:31,0.14751,215.10,0.49007,15.57374,45.47532,31.22811,45.11576,50.00,0653:13:11,1,08
15:56:32,0.14751,215.10,0.49007,15.57374,45.47532,31.22811,45.11576,50.00,0653:13:11,1,08
15:56:33,0.14742,215.10,0.51051,16.21639,47.35186,31.22811,45.11576,50.00,0653:13:12,1,08
15:56:34,0.16291,215.00,0.52928,18.57109,54.22757,31.22812,45.11576,50.00,0653:13:13,1,08
15:56:35,0.18196,215.00,0.52152,20.43663,59.67497,31.22812,45.11578,50.00,0653:13:14,1,08
15:56:36,0.18456,214.90,0.52144,20.71832,60.49749,31.22813,45.11578,50.00,0653:13:15,1,08
15:56:37,0.18516,215.10,0.53844,21.47735,62.71387,31.22814,45.11579,50.00,0653:13:17,1,08
15:56:38,0.19762,215.20,0.55366,23.58073,68.85573,31.22814,45.11579,50.00,0653:13:18,1,08
15:56:39,0.18765,215.20,0.55476,22.43711,65.51638,31.22815,45.1158,50.00,0653:13:19,1,08
15:56:40,0.19429,215.20,0.55768,23.35301,68.1908,31.22816,45.1158,50.00,0653:13:20,1,08
15:56:41,0.19654,215.20,0.55356,23.44748,68.46663,31.22816,45.11581,50.00,0653:13:21,1,08
15:56:42,0.19615,215.10,0.55257,23.35133,68.18589,31.22817,45.11581,50.00,0653:13:22,1,08
15:56:43,0.19667,215.00,0.55594,23.55205,68.772,31.22818,45.11581,50.00,0653:13:23,1,08
15:56:44,0.19607,215.00,0.55469,23.4188,68.3829,31.22818,45.11581,50.00,0653:13:24,1,08
15:56:45,0.19494,214.80,0.55382,23.22314,67.81156,31.22819,45.11583,50.00,0653:13:25,1,08
15:56:46,0.19836,214.70,0.55153,23.52506,68.69318,31.2282,45.11584,50.00,0653:13:26,1,08
15:56:47,0.20864,214.70,0.56414,25.30965,73.90417,31.2282,45.11584,50.00,0653:13:27,1,08
15:56:48,0.21991,214.70,0.57259,27.07736,79.06588,31.22821,45.11584,50.00,0653:13:28,1,08
15:56:49,0.22005,214.80,0.56506,26.75013,78.11037,31.22822,45.11584,50.00,0653:13:29,1,08
15:56:50,0.22193,214.80,0.56262,26.86989,78.46007,31.22823,45.11586,50.00,0653:13:30,1,08
15:56:51,0.22095,214.90,0.57101,27.15495,79.29245,31.22824,45.11587,50.00,0653:13:31,1,08
15:56:52,0.21669,214.90,0.57155,26.6641,77.85918,31.22824,45.11587,50.00,0653:13:32,1,08
15:56:53,0.21831,214.80,0.57519,27.02001,78.89842,31.22825,45.11588,50.00,0653:13:33,1,08
15:56:54,0.2202,214.70,0.57255,27.11615,79.17917,31.22826,45.11588,50.00,0653:13:34,1,08
15:56:55,0.21944,214.80,0.56607,26.72145,78.02664,31.22827,45.11589,50.00,0653:13:35,1,08
15:56:56,0.21926,214.90,0.56887,26.84796,78.39604,31.22828,45.11589,50.00,0653:13:36,1,08
15:56:57,0.21856,215.10,0.57244,26.95085,78.69648,31.22828,45.11589,50.00,0653:13:37,1,08
15:56:58,0.21643,215.10,0.57122,26.63711,77.78037,31.22829,45.11591,50.00,0653:13:39,1,08
15:56:59,0.21643,215.10,0.57122,26.63711,77.78037,31.22829,45.11591,50.00,0653:13:39,1,08
15:57:00,0.21627,215.10,0.57174,26.64386,77.80008,31.2283,45.11591,50.00,0653:13:40,1,08
15:57:01,0.218,215.10,0.57282,26.90699,78.56842,31.22831,45.11592,50.00,0653:13:41,1,08
15:57:02,0.21522,215.20,0.57379,26.6135,77.71142,31.22831,45.11592,50.00,0653:13:42,1,08
15:57:03,0.21703,215.30,0.57474,26.90025,78.54873,31.22832,45.11592,50.00,0653:13:43,1,08
15:57:04,0.21829,215.40,0.56908,26.8041,78.26798,31.22833,45.11594,50.00,0653:13:44,1,08
15:57:05,0.21535,215.50,0.57425,26.69109,77.93798,31.22834,45.11594,50.00,0653:13:45,1,08
15:57:06,0.21675,215.50,0.57497,26.89519,78.53395,31.22835,45.11595,50.00,0653:13:46,1,08
15:57:07,0.2176,215.40,0.57315,26.90699,78.56842,31.22835,45.11595,50.00,0653:13:47,1,08
15:57:08,0.21667,215.30,0.56663,26.47856,77.31739,31.22836,45.11596,50.00,0653:13:48,1,08
15:57:09,0.21762,215.20,0.56883,26.68097,77.90843,31.22837,45.11596,50.00,0653:13:49,1,08
15:57:10,0.21679,215.10,0.57371,26.79567,78.24335,31.22838,45.11597,50.00,0653:13:50,1,08
15:57:11,0.21188,215.10,0.57544,26.27278,76.71651,31.22838,45.11597,50.00,0653:13:51,1,08
15:57:13,0.21798,215.10,0.57449,26.97953,78.78022,31.22839,45.11597,50.00,0653:13:52,1,08
15:57:14,0.21767,215.10,0.56937,26.70458,77.97738,31.2284,45.11599,50.00,0653:13:53,1,08
15:57:15,0.21951,215.10,0.56464,26.69952,77.96261,31.22841,45.11599,50.00,0653:13:54,1,08
15:57:16,0.21931,215.10,0.56684,26.77711,78.18918,31.22842,45.116,50.00,0653:13:55,1,08
15:57:17,0.21934,215.00,0.57406,27.11784,79.1841,31.22842,45.116,50.00,0653:13:56,1,08
15:57:18,0.21645,215.00,0.57234,26.67591,77.89366,31.22843,45.116,50.00,0653:13:57,1,08
15:57:19,0.21669,215.00,0.57259,26.71808,78.01678,31.22844,45.11602,50.00,0653:13:58,1,08
15:57:20,0.21807,214.90,0.57211,26.85808,78.42559,31.22845,45.11602,50.00,0653:14:00,1,08
15:57:21,0.21734,214.90,0.57167,26.74675,78.10052,31.22845,45.11603,50.00,0653:14:01,1,08
15:57:22,0.21758,215.00,0.57096,26.75013,78.11037,31.22846,45.11603,50.00,0653:14:02,1,08
15:57:23,0.21766,215.10,0.57135,26.79735,78.24828,31.22847,45.11604,50.00,0653:14:03,1,08
15:57:24,0.21722,215.30,0.5721,26.79567,78.24335,31.22848,45.11605,50.00,0653:14:04,1,08
15:57:25,0.21722,215.30,0.5721,26.79567,78.24335,31.22848,45.11605,50.00,0653:14:04,1,08
15:57:26,0.20471,215.30,0.576,25.42772,74.24894,31.22849,45.11605,50.00,0653:14:05,1,08
15:57:27,0.21736,215.50,0.57332,26.8935,78.52902,31.22849,45.11605,50.00,0653:14:06,1,08
15:57:28,0.21627,215.50,0.57168,26.6894,77.93305,31.2285,45.11605,50.00,0653:14:07,1,08
15:57:29,0.218,215.60,0.57098,26.87832,78.4847,31.22851,45.11607,50.00,0653:14:08,1,08
15:57:30,0.21705,215.60,0.57035,26.73495,78.06605,31.22852,45.11607,50.00,0653:14:09,1,08
15:57:31,0.21522,215.70,0.57302,26.64386,77.80008,31.22852,45.11608,50.00,0653:14:10,1,08
15:57:32,0.21746,215.70,0.57402,26.97278,78.76051,31.22853,45.11609,50.00,0653:14:11,1,08
15:57:33,0.21579,215.70,0.57234,26.6894,77.93305,31.22854,45.11609,50.00,0653:14:12,1,08
15:57:34,0.21854,215.70,0.56543,26.7029,77.97247,31.22855,45.1161,50.00,0653:14:13,1,08
15:57:35,0.22022,215.70,0.5691,27.07567,79.06095,31.22856,45.1161,50.00,0653:14:14,1,08
15:57:36,0.21688,215.70,0.57266,26.83952,78.37141,31.22856,45.11611,50.00,0653:14:15,1,08
15:57:37,0.2018,215.50,0.57626,25.09711,73.28358,31.22857,45.11612,50.00,0653:14:16,1,08
15:57:38,0.21314,215.70,0.57362,26.41615,77.13515,31.22858,45.11612,50.00,0653:14:17,1,08
15:57:39,0.21583,215.70,0.57347,26.74001,78.08083,31.22859,45.11613,50.00,0653:14:18,1,08
15:57:40,0.21579,215.80,0.5744,26.78724,78.21873,31.22859,45.11613,50.00,0653:14:20,1,08
15:57:41,0.21517,215.60,0.57263,26.61181,77.7065,31.2286,45.11613,50.00,0653:14:21,1,08
15:57:42,0.2182,215.60,0.57259,26.98121,78.78514,31.22861,45.11613,50.00,0653:14:22,1,08
15:57:43,0.2104,215.50,0.5714,25.95736,75.79548,31.22862,45.11615,50.00,0653:14:23,1,08
15:57:44,0.20932,215.60,0.57094,25.80555,75.3522,31.22862,45.11616,50.00,0653:14:24,1,08
15:57:45,0.2174,215.30,0.57529,26.97615,78.77037,31.22863,45.11616,50.00,0653:14:25,1,08
15:57:46,0.21563,215.30,0.57488,26.7282,78.04635,31.22864,45.11617,50.00,0653:14:26,1,08
15:57:47,0.21593,215.10,0.57408,26.70627,77.98232,31.22865,45.11617,50.00,0653:14:27,1,08
15:57:48,0.21132,215.00,0.57561,26.19687,76.49487,31.22866,45.11618,50.00,0653:14:28,1,08
15:57:49,0.21271,215.00,0.57701,26.42796,77.16965,31.22866,45.11618,50.00,0653:14:29,1,08
15:57:50,0.21599,215.00,0.57221,26.6135,77.71142,31.22867,45.11618,50.00,0653:14:30,1,08
15:57:51,0.21867,215.10,0.56753,26.73495,78.06605,31.22868,45.1162,50.00,0653:14:31,1,08
15:57:52,0.21867,215.10,0.56753,26.73495,78.06605,31.22868,45.1162,50.00,0653:14:31,1,08
15:57:53,0.21909,215.10,0.57189,26.99808,78.83439,31.22869,45.1162,50.00,0653:14:32,1,08
15:57:54,0.21804,215.10,0.57575,27.05037,78.98708,31.22869,45.11621,50.00,0653:14:33,1,08
15:57:55,0.21496,215.20,0.57481,26.63205,77.76559,31.2287,45.11621,50.00,0653:14:34,1,08
15:57:56,0.21802,215.20,0.57462,27.00483,78.8541,31.22871,45.11621,50.00,0653:14:35,1,08
15:57:57,0.21708,215.20,0.57654,26.97446,78.76543,31.22872,45.11621,50.00,0653:14:36,1,08
15:57:58,0.21712,215.10,0.57785,27.03181,78.93289,31.22873,45.11623,50.00,0653:14:37,1,08
15:57:59,0.21587,215.10,0.57576,26.7788,78.19411,31.22873,45.11624,50.00,0653:14:38,1,08
15:58:00,0.20272,215.00,0.56961,24.87109,72.62359,31.22874,45.11624,50.00,0653:14:39,1,08
15:58:01,0.17932,214.90,0.56023,21.62073,63.13253,31.22875,45.11625,50.00,0653:14:41,1,08
15:58:02,0.17866,214.90,0.56157,21.5988,63.0685,31.22875,45.11625,50.00,0653:14:42,1,08
15:58:03,0.18158,215.00,0.5632,22.02217,64.30475,31.22876,45.11626,50.00,0653:14:43,1,08
15:58:04,0.1742,215.00,0.56281,21.1147,61.65493,31.22877,45.11626,50.00,0653:14:44,1,08
15:58:05,0.17606,215.10,0.55964,21.22603,61.98,31.22877,45.11626,50.00,0653:14:45,1,08
15:58:06,0.17618,215.00,0.56348,21.38121,62.43313,31.22878,45.11626,50.00,0653:14:46,1,08
15:58:07,0.17522,215.00,0.55927,21.10458,61.62539,31.22878,45.11628,50.00,0653:14:47,1,08
15:58:08,0.1781,215.00,0.55672,21.35591,62.35926,31.22879,45.11628,50.00,0653:14:48,1,08
15:58:09,0.17591,215.00,0.55498,21.02868,61.40375,31.2288,45.11629,50.00,0653:14:49,1,08
15:58:10,0.17549,215.20,0.5573,21.08097,61.55643,31.2288,45.11629,50.00,0653:14:50,1,08
15:58:11,0.17671,215.40,0.56078,21.38289,62.43805,31.22881,45.11629,50.00,0653:14:51,1,08
15:58:12,0.17216,215.50,0.54989,20.43157,59.66019,31.22882,45.11629,50.00,0653:14:52,1,08
15:58:13,0.15215,215.30,0.49846,16.35639,47.76066,31.22882,45.11629,50.00,0653:14:53,1,08
15:58:14,0.15455,215.00,0.48961,16.29904,47.5932,31.22883,45.11631,50.00,0653:14:54,1,08
15:58:15,0.15175,215.00,0.49551,16.19277,47.2829,31.22883,45.11631,50.00,0653:14:55,1,08
15:58:16,0.14636,214.90,0.49304,15.53494,45.36204,31.22883,45.11632,50.00,0653:14:56,1,08
15:58:17,0.15165,215.00,0.50351,16.4441,48.01677,31.22884,45.11632,50.00,0653:14:57,1,08
15:58:18,0.15165,215.00,0.50351,16.4441,48.01677,31.22884,45.11632,50.00,0653:14:57,1,08
15:58:19,0.15974,215.10,0.52489,18.06675,52.75492,31.22884,45.11633,50.00,0653:14:58,1,08
15:58:20,0.15608,215.10,0.50677,17.04121,49.76033,31.22885,45.11633,50.00,0653:14:59,1,08
15:58:21,0.16039,215.00,0.5314,18.35518,53.59714,31.22885,45.11634,50.00,0653:15:01,1,08
15:58:22,0.16298,215.10,0.53819,18.89832,55.18309,31.22886,45.11634,50.00,0653:15:02,1,08
15:58:23,0.15839,215.00,0.53823,18.35856,53.60699,31.22887,45.11634,50.00,0653:15:03,1,08
15:58:24,0.16224,215.00,0.53655,18.74482,54.73489,31.22887,45.11634,50.00,0653:15:04,1,08
15:58:25,0.16538,215.00,0.53864,19.18675,56.02531,31.22888,45.11636,50.00,0653:15:05,1,08
15:58:26,0.16498,215.10,0.53858,19.14458,55.90218,31.22888,45.11636,50.00,0653:15:06,1,08
15:58:27,0.16511,215.00,0.53875,19.15808,55.94159,31.22889,45.11637,50.00,0653:15:07,1,08
15:58:28,0.16449,215.00,0.53928,19.10579,55.7889,31.22889,45.11637,50.00,0653:15:08,1,08
15:58:29,0.15566,215.00,0.53713,18.00603,52.57761,31.2289,45.11637,50.00,0653:15:09,1,08
15:58:30,0.16475,215.00,0.53974,19.15302,55.92681,31.2289,45.11637,50.00,0653:15:10,1,08
15:58:31,0.16338,215.00,0.53878,18.95735,55.35547,31.22891,45.11639,50.00,0653:15:11,1,08
15:58:32,0.1637,215.00,0.54043,19.0535,55.63622,31.22892,45.11639,50.00,0653:15:12,1,08
15:58:33,0.16349,215.10,0.53951,19.0029,55.48846,31.22892,45.11639,50.00,0653:15:13,1,08
15:58:34,0.16399,215.10,0.53605,18.93543,55.29145,31.22893,45.1164,50.00,0653:15:14,1,08
15:58:35,0.16473,215.20,0.54001,19.16988,55.97606,31.22893,45.1164,50.00,0653:15:15,1,08
15:58:36,0.16422,215.10,0.53938,19.08217,55.71994,31.22894,45.11641,50.00,0653:15:16,1,08
15:58:37,0.16375,215.00,0.5375,18.95567,55.35054,31.22894,45.11641,50.00,0653:15:17,1,08
15:58:38,0.16428,215.00,0.53552,18.94723,55.32592,31.22895,45.11642,50.00,0653:15:18,1,08
15:58:39,0.16422,215.20,0.53498,18.93711,55.29637,31.22895,45.11642,50.00,0653:15:19,1,08
15:58:40,0.16358,215.20,0.53898,19.00796,55.50324,31.22896,45.11642,50.00,0653:15:20,1,08
15:58:41,0.164,215.30,0.5392,19.07374,55.69532,31.22896,45.11642,50.00,0653:15:22,1,08
15:58:42,0.16317,215.40,0.53712,18.9135,55.22742,31.22897,45.11644,50.00,0653:15:23,1,08
15:58:43,0.164,215.40,0.53818,19.04338,55.60666,31.22898,45.11644,50.00,0653:15:24,1,08
15:58:44,0.164,215.40,0.53818,19.04338,55.60666,31.22898,45.11644,50.00,0653:15:24,1,08
15:58:45,0.16387,215.40,0.53874,19.04844,55.62144,31.22898,45.11645,50.00,0653:15:25,1,08
15:58:46,0.16337,215.40,0.53775,18.95567,55.35054,31.22899,45.11645,50.00,0653:15:26,1,08
15:58:47,0.16395,215.30,0.54035,19.10748,55.79383,31.22899,45.11646,50.00,0653:15:27,1,08
15:58:48,0.16359,215.20,0.53794,18.96579,55.38011,31.229,45.11646,50.00,0653:15:28,1,08
15:58:49,0.16465,215.00,0.53734,19.05519,55.64114,31.229,45.11647,50.00,0653:15:29,1,08
15:58:50,0.16465,214.90,0.53579,18.9894,55.44905,31.22901,45.11647,50.00,0653:15:30,1,08
15:58:51,0.1646,214.80,0.53711,19.01808,55.53278,31.22901,45.11647,50.00,0653:15:31,1,08
15:58:52,0.16283,214.80,0.53861,18.87133,55.10428,31.22902,45.11647,50.00,0653:15:32,1,08
15:58:53,0.16326,214.90,0.53548,18.81398,54.93682,31.22903,45.11647,50.00,0653:15:33,1,08
15:58:54,0.16417,215.00,0.53426,18.8882,55.15353,31.22903,45.11649,50.00,0653:15:34,1,08
15:58:55,0.16463,215.00,0.53692,19.03326,55.57712,31.22904,45.11649,50.00,0653:15:35,1,08
15:58:56,0.1639,215.00,0.53819,18.99446,55.46383,31.22904,45.1165,50.00,0653:15:36,1,08
15:58:57,0.16425,214.90,0.5375,19.00121,55.48353,31.22905,45.1165,50.00,0653:15:37,1,08
15:58:58,0.1655,214.80,0.5326,18.96073,55.36532,31.22905,45.1165,50.00,0653:15:38,1,08
15:58:59,0.16501,214.80,0.53554,19.01133,55.51308,31.22906,45.1165,50.00,0653:15:39,1,08
15:59:00,0.1649,214.80,0.53765,19.07543,55.70024,31.22906,45.11652,50.00,0653:15:40,1,08
15:59:01,0.16416,214.80,0.53611,18.93374,55.28652,31.22907,45.11652,50.00,0653:15:41,1,08
15:59:02,0.16326,214.80,0.5352,18.80049,54.89742,31.22908,45.11653,50.00,0653:15:42,1,08
15:59:03,0.16493,215.00,0.53468,18.98603,55.43921,31.22908,45.11653,50.00,0653:15:44,1,08
15:59:05,0.16476,215.10,0.53692,19.06024,55.65591,31.22909,45.11654,50.00,0653:15:45,1,08
15:59:06,0.16454,215.00,0.53655,19.01639,55.52786,31.22909,45.11654,50.00,0653:15:46,1,08
15:59:07,0.16288,215.30,0.5366,18.84603,55.0304,31.2291,45.11655,50.00,0653:15:47,1,08
15:59:08,0.16297,215.30,0.53753,18.88988,55.15847,31.2291,45.11655,50.00,0653:15:48,1,08
15:59:09,0.15967,215.30,0.5338,18.3788,53.6661,31.22911,45.11655,50.00,0653:15:49,1,08
15:59:10,0.16101,215.30,0.53755,18.66723,54.50832,31.22911,45.11655,50.00,0653:15:50,1,08
15:59:11,0.16605,215.30,0.53491,19.15302,55.92681,31.22912,45.11657,50.00,0653:15:51,1,08
15:59:12,0.16605,215.30,0.53491,19.15302,55.92681,31.22912,45.11657,50.00,0653:15:51,1,08
15:59:13,0.16353,215.40,0.5349,18.86964,55.09936,31.22912,45.11657,50.00,0653:15:52,1,08
15:59:14,0.16331,215.40,0.53524,18.85615,55.05996,31.22913,45.11658,50.00,0653:15:53,1,08
15:59:15,0.16403,215.40,0.53178,18.8241,54.96637,31.22914,45.11658,50.00,0653:15:54,1,08
15:59:16,0.16816,215.50,0.53462,19.40603,56.66561,31.22914,45.11658,50.00,0653:15:55,1,08
15:59:17,0.16297,215.50,0.53596,18.85615,55.05996,31.22915,45.11658,50.00,0653:15:56,1,08
15:59:18,0.16392,215.50,0.53361,18.88145,55.13384,31.22915,45.11658,50.00,0653:15:57,1,08
15:59:19,0.16453,215.60,0.53175,18.89663,55.17817,31.22916,45.1166,50.00,0653:15:58,1,08
15:59:20,0.16434,215.60,0.53617,19.02651,55.55741,31.22916,45.1166,50.00,0653:15:59,1,08
15:59:21,0.15578,215.50,0.53567,18.01109,52.59238,31.22917,45.11661,50.00,0653:16:00,1,08
15:59:22,0.16006,215.40,0.5359,18.50699,54.04041,31.22917,45.11661,50.00,0653:16:01,1,08
15:59:23,0.16366,215.50,0.53481,18.89157,55.16339,31.22918,45.11662,50.00,0653:16:02,1,08
15:59:24,0.16542,215.50,0.53212,19.00121,55.48353,31.22919,45.11662,50.00,0653:16:03,1,08
15:59:25,0.16495,215.40,0.53417,19.00964,55.50816,31.22919,45.11663,50.00,0653:16:05,1,08
15:59:26,0.16519,215.80,0.53156,18.97591,55.40965,31.2292,45.11663,50.00,0653:16:06,1,08
15:59:27,0.15666,215.80,0.53452,18.10217,52.85835,31.2292,45.11663,50.00,0653:16:07,1,08
15:59:28,0.16171,215.90,0.53357,18.66049,54.48862,31.22921,45.11663,50.00,0653:16:08,1,08
15:59:29,0.16445,215.90,0.53443,19.00964,55.50816,31.22921,45.11665,50.00,0653:16:09,1,08
15:59:30,0.16375,215.90,0.53481,18.94386,55.31606,31.22922,45.11665,50.00,0653:16:10,1,08
15:59:31,0.16384,215.90,0.53803,19.06531,55.67069,31.22922,45.11666,50.00,0653:16:11,1,08
15:59:32,0.16251,215.90,0.53956,18.95735,55.35547,31.22923,45.11666,50.00,0653:16:12,1,08
15:59:33,0.16095,215.90,0.53436,18.59976,54.31131,31.22923,45.11666,50.00,0653:16:13,1,08
15:59:34,0.1628,215.90,0.53632,18.88145,55.13384,31.22924,45.11666,50.00,0653:16:14,1,08
15:59:35,0.16369,216.00,0.53844,19.06531,55.67069,31.22925,45.11668,50.00,0653:16:15,1,08
15:59:36,0.15996,216.00,0.53606,18.55422,54.17833,31.22925,45.11668,50.00,0653:16:16,1,08
15:59:37,0.16441,215.90,0.53529,19.03494,55.58204,31.22926,45.11668,50.00,0653:16:17,1,08
15:59:38,0.15964,215.90,0.537,18.53398,54.11923,31.22926,45.11669,50.00,0653:16:18,1,08
15:59:39,0.16032,215.80,0.53558,18.55928,54.1931,31.22927,45.11669,50.00,0653:16:19,1,08
15:59:40,0.16032,215.80,0.53558,18.55928,54.1931,31.22927,45.11669,50.00,0653:16:19,1,08
15:59:41,0.16336,215.80,0.5397,19.05687,55.64606,31.22927,45.1167,50.00,0653:16:20,1,08
15:59:42,0.16349,215.90,0.53865,19.04169,55.60175,31.22928,45.1167,50.00,0653:16:21,1,08
15:59:43,0.16373,216.00,0.53772,19.04506,55.61158,31.22928,45.11671,50.00,0653:16:22,1,08
15:59:44,0.16202,216.00,0.54288,19.0282,55.56234,31.22929,45.11671,50.00,0653:16:23,1,08
15:59:45,0.15807,216.00,0.54158,18.5188,54.0749,31.22929,45.11671,50.00,0653:16:24,1,08
15:59:46,0.15873,216.20,0.54348,18.67904,54.5428,31.2293,45.11671,50.00,0653:16:26,1,08
15:59:47,0.16141,216.00,0.54438,19.01302,55.51801,31.22931,45.11673,50.00,0653:16:27,1,08
15:59:48,0.16239,216.00,0.54057,18.9894,55.44905,31.22931,45.11673,50.00,0653:16:28,1,08
15:59:49,0.16163,215.90,0.54179,18.93711,55.29637,31.22932,45.11674,50.00,0653:16:29,1,08
15:59:50,0.16228,215.90,0.54172,19.01133,55.51308,31.22932,45.11674,50.00,0653:16:30,1,08
15:59:51,0.16085,215.80,0.54157,18.83085,54.98608,31.22933,45.11674,50.00,0653:16:31,1,08
15:59:52,0.15874,215.70,0.54181,18.57952,54.2522,31.22933,45.11674,50.00,0653:16:32,1,08
15:59:53,0.16341,215.70,0.53895,19.02314,55.54756,31.22934,45.11674,50.00,0653:16:33,1,08
15:59:54,0.16317,215.70,0.54134,19.08217,55.71994,31.22934,45.11676,50.00,0653:16:34,1,08
15:59:55,0.16373,215.60,0.54074,19.12097,55.83323,31.22935,45.11676,50.00,0653:16:35,1,08
15:59:56,0.16276,215.60,0.53858,18.93205,55.2816,31.22936,45.11676,50.00,0653:16:36,1,08
15:59:57,0.16329,215.70,0.53729,19.03157,55.57219,31.22936,45.11676,50.00,0653:16:37,1,08
15:59:58,0.16246,215.30,0.53684,18.80555,54.91219,31.22937,45.11678,50.00,0653:16:38,1,08
15:59:59,0.16367,215.60,0.53856,19.03326,55.57712,31.22937,45.11678,50.00,0653:16:39,1,08
16:00:00,0.16277,215.60,0.53858,18.93205,55.2816,31.22938,45.11679,50.00,0653:16:40,1,08
16:00:01,0.16313,215.60,0.53955,19.00627,55.49831,31.22938,45.11679,50.00,0653:16:41,1,08
16:00:02,0.16501,215.50,0.53594,19.09061,55.74457,31.22939,45.11679,50.00,0653:16:42,1,08
16:00:03,0.16285,215.60,0.54067,19.0147,55.52293,31.22939,45.11679,50.00,0653:16:43,1,08
16:00:04,0.16321,215.70,0.5409,19.07205,55.6904,31.2294,45.11681,50.00,0653:16:44,1,08
16:00:05,0.16334,215.90,0.5373,18.97591,55.40965,31.22941,45.11681,50.00,0653:16:46,1,08
16:00:06,0.16399,216.00,0.53714,19.0535,55.63622,31.22941,45.11682,50.00,0653:16:47,1,08
16:00:07,0.16399,216.00,0.53714,19.0535,55.63622,31.22941,45.11682,50.00,0653:16:47,1,08
16:00:08,0.16527,216.00,0.53364,19.08048,55.71502,31.22942,45.11682,50.00,0653:16:48,1,08
16:00:09,0.16051,216.00,0.53365,18.53567,54.12415,31.22942,45.11683,50.00,0653:16:49,1,08
16:00:10,0.16066,216.00,0.53557,18.61832,54.3655,31.22943,45.11683,50.00,0653:16:50,1,08
16:00:11,0.16355,215.90,0.53428,18.90001,55.18802,31.22943,45.11684,50.00,0653:16:51,1,08
16:00:12,0.16495,215.90,0.53641,19.13446,55.87263,31.22944,45.11684,50.00,0653:16:52,1,08
16:00:13,0.16425,215.90,0.53524,19.01133,55.51308,31.22944,45.11684,50.00,0653:16:53,1,08
16:00:14,0.16651,215.80,0.53758,19.35037,56.50307,31.22945,45.11684,50.00,0653:16:54,1,08
16:00:15,0.16302,215.90,0.5368,18.92193,55.25204,31.22945,45.11684,50.00,0653:16:55,1,08
16:00:16,0.16337,215.80,0.53912,19.04,55.59682,31.22946,45.11686,50.00,0653:16:56,1,08
16:00:17,0.16447,215.80,0.53752,19.11253,55.8086,31.22947,45.11686,50.00,0653:16:57,1,08
16:00:18,0.15414,215.90,0.53967,17.98916,52.52835,31.22947,45.11687,50.00,0653:16:58,1,08
16:00:19,0.15975,215.90,0.53872,18.6082,54.33593,31.22948,45.11687,50.00,0653:16:59,1,08
16:00:20,0.1621,216.00,0.53993,18.93205,55.2816,31.22948,45.11687,50.00,0653:17:00,1,08
16:00:21,0.16309,215.80,0.53794,18.96747,55.38503,31.22949,45.11687,50.00,0653:17:01,1,08
16:00:22,0.16323,215.80,0.53958,19.04,55.59682,31.22949,45.11689,50.00,0653:17:02,1,08
16:00:23,0.16291,215.80,0.53942,18.99446,55.46383,31.2295,45.11689,50.00,0653:17:03,1,08
16:00:24,0.15431,215.70,0.53916,17.97567,52.48895,31.2295,45.1169,50.00,0653:17:04,1,08
16:00:25,0.15965,215.70,0.54035,18.63518,54.41474,31.22951,45.1169,50.00,0653:17:05,1,08
16:00:26,0.163,215.70,0.53842,18.95904,55.3604,31.22951,45.11691,50.00,0653:17:07,1,08
16:00:27,0.16457,215.70,0.53653,19.07374,55.69532,31.22952,45.11691,50.00,0653:17:08,1,08
16:00:28,0.16154,215.60,0.53433,18.64025,54.42952,31.22953,45.11692,50.00,0653:17:09,1,08
16:00:29,0.16378,215.50,0.53822,19.0282,55.56234,31.22953,45.11692,50.00,0653:17:10,1,08
16:00:30,0.15721,215.60,0.53891,18.29109,53.40997,31.22954,45.11692,50.00,0653:17:11,1,08
16:00:31,0.16047,215.50,0.53672,18.59133,54.28668,31.22954,45.11692,50.00,0653:17:12,1,08
16:00:32,0.16267,215.50,0.53842,18.90844,55.21264,31.22955,45.11692,50.00,0653:17:13,1,08
16:00:33,0.16267,215.50,0.53842,18.90844,55.21264,31.22955,45.11692,50.00,0653:17:13,1,08
16:00:34,0.16355,215.60,0.53988,19.06868,55.68055,31.22955,45.11694,50.00,0653:17:14,1,08
16:00:35,0.16294,215.70,0.54221,19.08892,55.73965,31.22956,45.11694,50.00,0653:17:15,1,08
16:00:36,0.16281,215.80,0.54017,19.00627,55.49831,31.22956,45.11695,50.00,0653:17:16,1,08
16:00:37,0.1542,215.80,0.52419,17.47133,51.01628,31.22957,45.11695,50.00,0653:17:17,1,08
16:00:38,0.14648,215.70,0.49472,15.65639,45.71666,31.22957,45.11695,50.00,0653:17:18,1,08
16:00:39,0.1464,216.00,0.48956,15.5029,45.26846,31.22958,45.11695,50.00,0653:17:19,1,08
16:00:40,0.14633,215.90,0.49201,15.57036,45.46547,31.22958,45.11697,50.00,0653:17:20,1,08
16:00:41,0.14719,215.90,0.48649,15.48434,45.21428,31.22959,45.11697,50.00,0653:17:21,1,08
16:00:42,0.13819,215.90,0.48668,14.54651,42.47581,31.22959,45.11698,50.00,0653:17:22,1,08
16:00:43,0.14196,216.00,0.48896,15.0188,43.85489,31.2296,45.11698,50.00,0653:17:23,1,08
16:00:44,0.14645,215.90,0.49015,15.52651,45.33741,31.2296,45.11699,50.00,0653:17:24,1,08
16:00:45,0.14673,216.00,0.48969,15.54675,45.39651,31.22961,45.11699,50.00,0653:17:25,1,08
16:00:46,0.14733,216.00,0.4874,15.53326,45.35711,31.22961,45.11699,50.00,0653:17:27,1,08
16:00:47,0.14687,216.00,0.49124,15.61085,45.58368,31.22961,45.117,50.00,0653:17:28,1,08
16:00:48,0.14373,216.00,0.48557,15.09808,44.08638,31.22962,45.117,50.00,0653:17:29,1,08
16:00:49,0.13965,215.90,0.48258,14.57518,42.55954,31.22962,45.117,50.00,0653:17:30,1,08
16:00:50,0.14753,215.90,0.48604,15.50627,45.27831,31.22963,45.117,50.00,0653:17:31,1,08
16:00:51,0.14803,215.90,0.48461,15.51133,45.29308,31.22963,45.11702,50.00,0653:17:32,1,08
16:00:52,0.14671,215.70,0.48978,15.52651,45.33741,31.22964,45.11702,50.00,0653:17:33,1,08
16:00:54,0.14696,215.70,0.49123,15.59567,45.53934,31.22964,45.11703,50.00,0653:17:34,1,08
16:00:55,0.14744,215.80,0.49142,15.65808,45.72158,31.22965,45.11703,50.00,0653:17:35,1,08
16:00:56,0.14711,215.90,0.48961,15.57543,45.48024,31.22965,45.11703,50.00,0653:17:36,1,08
16:00:57,0.1474,215.90,0.4883,15.56362,45.44577,31.22965,45.11703,50.00,0653:17:37,1,08
16:00:58,0.14747,215.70,0.49053,15.63109,45.64278,31.22966,45.11705,50.00,0653:17:38,1,08
16:00:59,0.14731,215.60,0.4904,15.60073,45.55412,31.22966,45.11705,50.00,0653:17:39,1,08
16:01:00,0.14731,215.60,0.4904,15.60073,45.55412,31.22966,45.11705,50.00,0653:17:39,1,08
16:01:01,0.1471,215.50,0.48948,15.54506,45.39159,31.22967,45.11706,50.00,0653:17:40,1,08
16:01:02,0.1428,215.70,0.48546,14.98,43.74161,31.22967,45.11706,50.00,0653:17:41,1,08
16:01:03,0.14577,215.70,0.49159,15.48434,45.21428,31.22968,45.11707,50.00,0653:17:42,1,08
16:01:04,0.14584,215.80,0.49176,15.5029,45.26846,31.22968,45.11707,50.00,0653:17:43,1,08
16:01:05,0.1466,215.80,0.49047,15.54506,45.39159,31.22969,45.11707,50.00,0653:17:44,1,08
16:01:06,0.14754,215.90,0.48874,15.59061,45.52457,31.22969,45.11708,50.00,0653:17:45,1,08
16:01:07,0.14791,215.80,0.48734,15.58217,45.49994,31.2297,45.11708,50.00,0653:17:46,1,08
16:01:08,0.14625,215.90,0.49168,15.54675,45.39651,31.2297,45.11708,50.00,0653:17:48,1,08
16:01:09,0.14677,215.80,0.49203,15.61253,45.5886,31.2297,45.11708,50.00,0653:17:49,1,08
16:01:10,0.14628,215.90,0.49152,15.54844,45.40144,31.22971,45.1171,50.00,0653:17:50,1,08
16:01:11,0.14735,215.90,0.48819,15.55519,45.42114,31.22971,45.1171,50.00,0653:17:51,1,08
16:01:12,0.14677,216.00,0.49038,15.57036,45.46547,31.22972,45.11711,50.00,0653:17:52,1,08
16:01:13,0.14617,216.10,0.49083,15.52651,45.33741,31.22972,45.11711,50.00,0653:17:53,1,08
16:01:14,0.14622,216.00,0.49152,15.54506,45.39159,31.22973,45.11712,50.00,0653:17:54,1,08
16:01:15,0.14613,215.90,0.49125,15.52651,45.33741,31.22973,45.11712,50.00,0653:17:55,1,08
16:01:16,0.1477,216.00,0.48733,15.57036,45.46547,31.22974,45.11713,50.00,0653:17:56,1,08
16:01:17,0.14872,216.00,0.49282,15.85542,46.29784,31.22974,45.11713,50.00,0653:17:57,1,08
16:01:18,0.1458,215.90,0.49198,15.51302,45.29801,31.22975,45.11713,50.00,0653:17:58,1,08
16:01:19,0.14631,215.80,0.49253,15.57711,45.48517,31.22975,45.11713,50.00,0653:17:59,1,08
16:01:20,0.14703,215.50,0.49113,15.59061,45.52457,31.22975,45.11713,50.00,0653:18:00,1,08
16:01:21,0.14733,215.50,0.48616,15.4641,45.15517,31.22976,45.11715,50.00,0653:18:01,1,08
16:01:22,0.14665,215.60,0.48983,15.5147,45.30293,31.22976,45.11715,50.00,0653:18:02,1,08
16:01:23,0.14207,215.80,0.48462,14.88217,43.45594,31.22977,45.11716,50.00,0653:18:03,1,08
16:01:24,0.14662,215.90,0.48968,15.52314,45.32756,31.22977,45.11716,50.00,0653:18:04,1,08
16:01:25,0.14779,215.90,0.48644,15.54844,45.40144,31.22978,45.11716,50.00,0653:18:05,1,08
16:01:26,0.14779,215.90,0.48644,15.54844,45.40144,31.22978,45.11716,50.00,0653:18:05,1,08
16:01:27,0.14668,216.10,0.49012,15.56024,45.43592,31.22978,45.11716,50.00,0653:18:06,1,08
16:01:28,0.14688,216.10,0.48933,15.55519,45.42114,31.22979,45.11718,50.00,0653:18:07,1,08
16:01:29,0.13943,216.00,0.48591,14.65952,42.8058,31.22979,45.11718,50.00,0653:18:09,1,08
16:01:30,0.14275,215.90,0.48475,14.96145,43.68743,31.22979,45.11719,50.00,0653:18:10,1,08
16:01:31,0.14903,215.80,0.48518,15.62603,45.628,31.2298,45.11719,50.00,0653:18:11,1,08
16:01:32,0.14278,215.70,0.48677,15.01374,43.84011,31.2298,45.1172,50.00,0653:18:12,1,08
16:01:33,0.14379,215.60,0.48832,15.16217,44.27354,31.22981,45.1172,50.00,0653:18:13,1,08
16:01:34,0.14716,215.50,0.48837,15.51302,45.29801,31.22981,45.11721,50.00,0653:18:14,1,08
16:01:35,0.14659,215.50,0.48795,15.44049,45.08622,31.22982,45.11721,50.00,0653:18:15,1,08
16:01:36,0.14887,215.40,0.48383,15.54169,45.38174,31.22982,45.11721,50.00,0653:18:16,1,08
16:01:37,0.14681,215.50,0.4884,15.47928,45.1995,31.22983,45.11721,50.00,0653:18:17,1,08
16:01:38,0.14693,215.60,0.48905,15.51302,45.29801,31.22983,45.11721,50.00,0653:18:18,1,08
16:01:39,0.14694,215.60,0.48969,15.54,45.37681,31.22983,45.11723,50.00,0653:18:19,1,08
16:01:40,0.14727,215.70,0.48807,15.52988,45.34726,31.22984,45.11723,50.00,0653:18:20,1,08
16:01:41,0.14259,215.70,0.48155,14.83832,43.32788,31.22984,45.11724,50.00,0653:18:21,1,08
16:01:42,0.1424,215.80,0.4857,14.94964,43.65296,31.22985,45.11724,50.00,0653:18:22,1,08
16:01:43,0.14622,215.80,0.48938,15.46916,45.16995,31.22985,45.11724,50.00,0653:18:23,1,08
16:01:44,0.14699,215.70,0.48832,15.50964,45.28815,31.22986,45.11724,50.00,0653:18:24,1,08
16:01:45,0.1479,215.70,0.48533,15.50964,45.28815,31.22986,45.11726,50.00,0653:18:25,1,08
16:01:46,0.14245,215.70,0.48597,14.95976,43.68251,31.22987,45.11726,50.00,0653:18:26,1,08
16:01:47,0.14226,215.90,0.48607,14.95302,43.66281,31.22987,45.11727,50.00,0653:18:27,1,08
16:01:48,0.14601,215.90,0.49028,15.48434,45.21428,31.22987,45.11727,50.00,0653:18:29,1,08
16:01:49,0.14753,216.00,0.48848,15.59061,45.52457,31.22988,45.11728,50.00,0653:18:30,1,08
16:01:50,0.14728,216.00,0.4865,15.5029,45.26846,31.22988,45.11728,50.00,0653:18:31,1,08
16:01:51,0.14622,216.10,0.48966,15.49277,45.2389,31.22989,45.11729,50.00,0653:18:32,1,08
16:01:52,0.14461,216.00,0.48776,15.26169,44.56413,31.22989,45.11729,50.00,0653:18:33,1,08
16:01:53,0.14461,216.00,0.48776,15.26169,44.56413,31.22989,45.11729,50.00,0653:18:33,1,08
16:01:54,0.14414,215.90,0.4908,15.30217,44.68234,31.2299,45.11729,50.00,0653:18:34,1,08
16:01:55,0.14705,215.80,0.48907,15.54506,45.39159,31.2299,45.11729,50.00,0653:18:35,1,08
16:01:56,0.14651,215.80,0.48951,15.5029,45.26846,31.22991,45.11729,50.00,0653:18:36,1,08
16:01:57,0.14549,215.80,0.49169,15.4641,45.15517,31.22991,45.11731,50.00,0653:18:37,1,08
16:01:58,0.14567,215.90,0.49186,15.49615,45.24875,31.22992,45.11731,50.00,0653:18:38,1,08
16:01:59,0.14481,216.00,0.49278,15.43711,45.07637,31.22992,45.11732,50.00,0653:18:39,1,08
16:02:00,0.14223,216.00,0.48504,14.92603,43.584,31.22992,45.11732,50.00,0653:18:40,1,08
16:02:01,0.146,216.00,0.48953,15.46072,45.14532,31.22993,45.11732,50.00,0653:18:41,1,08
16:02:02,0.14677,215.80,0.48857,15.50121,45.26353,31.22993,45.11732,50.00,0653:18:42,1,08
16:02:03,0.14563,215.60,0.49287,15.50121,45.26353,31.22994,45.11734,50.00,0653:18:43,1,08
16:02:04,0.146,215.70,0.49337,15.56193,45.44084,31.22994,45.11734,50.00,0653:18:44,1,08
16:02:05,0.14557,215.60,0.49265,15.48771,45.22413,31.22995,45.11735,50.00,0653:18:45,1,08
16:02:06,0.14597,215.60,0.4939,15.57036,45.46547,31.22995,45.11735,50.00,0653:18:46,1,08
16:02:07,0.14461,215.90,0.49541,15.4894,45.22905,31.22996,45.11736,50.00,0653:18:47,1,08
16:02:08,0.14316,215.50,0.50016,15.45567,45.13055,31.22996,45.11736,50.00,0653:18:48,1,08
16:02:09,0.14654,215.50,0.4944,15.63615,45.65755,31.22996,45.11736,50.00,0653:18:50,1,08
16:02:10,0.14439,215.40,0.49594,15.45061,45.11578,31.22997,45.11737,50.00,0653:18:51,1,08
16:02:11,0.14243,215.30,0.4944,15.18916,44.35235,31.22997,45.11737,50.00,0653:18:52,1,08
16:02:12,0.14533,215.30,0.49935,15.65302,45.70681,31.22998,45.11737,50.00,0653:18:53,1,08
16:02:13,0.14728,215.30,0.49219,15.63446,45.65263,31.22998,45.11737,50.00,0653:18:54,1,08
16:02:14,0.14688,215.30,0.48834,15.46916,45.16995,31.22999,45.11739,50.00,0653:18:55,1,08
16:02:15,0.14574,215.40,0.49388,15.52651,45.33741,31.22999,45.11739,50.00,0653:18:56,1,08
16:02:16,0.14563,215.40,0.49377,15.51639,45.30786,31.23,45.1174,50.00,0653:18:57,1,08
16:02:17,0.1466,215.50,0.49062,15.52314,45.32756,31.23,45.1174,50.00,0653:18:58,1,08
16:02:18,0.14759,215.50,0.48846,15.55856,45.43099,31.23001,45.1174,50.00,0653:18:59,1,08
16:02:19,0.14759,215.50,0.48846,15.55856,45.43099,31.23001,45.1174,50.00,0653:18:59,1,08
16:02:20,0.15142,215.50,0.48679,15.9094,46.45546,31.23001,45.1174,50.00,0653:19:00,1,08
16:02:21,0.13702,215.50,0.47998,14.19735,41.45627,31.23001,45.11742,50.00,0653:19:01,1,08
16:02:22,0.14776,215.50,0.48736,15.54,45.37681,31.23002,45.11742,50.00,0653:19:02,1,08
16:02:23,0.14745,215.40,0.48743,15.50796,45.28323,31.23002,45.11742,50.00,0653:19:03,1,08
16:02:24,0.14377,215.50,0.48423,15.02386,43.86967,31.23003,45.11742,50.00,0653:19:04,1,08
16:02:25,0.14966,215.30,0.48244,15.57205,45.47039,31.23003,45.11742,50.00,0653:19:05,1,08
16:02:26,0.13687,215.30,0.48239,14.23446,41.56463,31.23004,45.11744,50.00,0653:19:06,1,08
16:02:27,0.14291,215.10,0.4862,14.97157,43.71698,31.23004,45.11744,50.00,0653:19:07,1,08
16:02:28,0.14665,215.10,0.48708,15.38651,44.92861,31.23004,45.11745,50.00,0653:19:08,1,08
16:02:29,0.14481,215.30,0.48244,15.06434,43.98788,31.23005,45.11745,50.00,0653:19:10,1,08
16:02:30,0.14423,215.60,0.48863,15.21784,44.43608,31.23005,45.11745,50.00,0653:19:11,1,08
16:02:31,0.1466,215.80,0.49068,15.54675,45.39651,31.23006,45.11745,50.00,0653:19:12,1,08
16:02:32,0.14647,215.90,0.49057,15.53494,45.36204,31.23006,45.11747,50.00,0653:19:13,1,08
16:02:33,0.1474,215.90,0.48868,15.5788,45.49009,31.23007,45.11747,50.00,0653:19:14,1,08
16:02:34,0.14781,216.00,0.48581,15.53157,45.35218,31.23007,45.11748,50.00,0653:19:15,1,08
16:02:35,0.13478,216.00,0.48079,14.01687,40.92926,31.23008,45.11748,50.00,0653:19:16,1,08
16:02:36,0.13652,215.80,0.4792,14.14169,41.29374,31.23008,45.11749,50.00,0653:19:17,1,08
16:02:37,0.14722,215.80,0.48866,15.54844,45.40144,31.23008,45.11749,50.00,0653:19:18,1,08
16:02:38,0.1416,215.80,0.48137,14.73037,43.01267,31.23009,45.11749,50.00,0653:19:19,1,08
16:02:39,0.14328,215.80,0.48083,14.89061,43.48057,31.23009,45.1175,50.00,0653:19:20,1,08
16:02:40,0.15091,215.80,0.49452,16.12868,47.09575,31.2301,45.1175,50.00,0653:19:21,1,08
16:02:41,0.14742,215.90,0.4899,15.61928,45.6083,31.2301,45.1175,50.00,0653:19:22,1,08
16:02:42,0.14457,216.00,0.48625,15.20603,44.4016,31.23011,45.1175,50.00,0653:19:23,1,08
16:02:43,0.14777,215.90,0.48533,15.50796,45.28323,31.23011,45.11752,50.00,0653:19:24,1,08
16:02:44,0.14464,215.60,0.48289,15.08627,44.05191,31.23012,45.11752,50.00,0653:19:25,1,08
16:02:46,0.14328,215.60,0.48588,15.03229,43.8943,31.23012,45.11753,50.00,0653:19:26,1,08
16:02:47,0.14328,215.60,0.48588,15.03229,43.8943,31.23012,45.11753,50.00,0653:19:26,1,08
16:02:48,0.14848,215.40,0.48831,15.63952,45.6674,31.23012,45.11753,50.00,0653:19:27,1,08
16:02:49,0.1493,215.50,0.48231,15.54675,45.39651,31.23013,45.11753,50.00,0653:19:28,1,08
16:02:50,0.14857,215.30,0.48442,15.52145,45.32264,31.23013,45.11753,50.00,0653:19:29,1,08
16:02:51,0.1465,215.20,0.48445,15.29374,44.65772,31.23014,45.11755,50.00,0653:19:31,1,08
16:02:52,0.14351,215.20,0.4807,14.87036,43.42146,31.23014,45.11755,50.00,0653:19:32,1,08
16:02:53,0.14786,215.20,0.48714,15.5282,45.34233,31.23015,45.11756,50.00,0653:19:33,1,08
16:02:54,0.15033,215.30,0.48262,15.6429,45.67726,31.23015,45.11756,50.00,0653:19:34,1,08
16:02:55,0.14912,215.40,0.48548,15.62097,45.61323,31.23016,45.11757,50.00,0653:19:35,1,08
16:02:56,0.14916,215.50,0.48554,15.63278,45.64771,31.23016,45.11757,50.00,0653:19:36,1,08
16:02:57,0.1483,215.50,0.48414,15.49783,45.25368,31.23017,45.11758,50.00,0653:19:37,1,08
16:02:58,0.14802,215.60,0.48548,15.5147,45.30293,31.23017,45.11758,50.00,0653:19:38,1,08
16:02:59,0.14947,215.50,0.48217,15.55687,45.42607,31.23017,45.11758,50.00,0653:19:39,1,08
16:03:00,0.14848,215.50,0.48568,15.5653,45.45069,31.23018,45.11758,50.00,0653:19:40,1,08
16:03:01,0.14764,215.80,0.48679,15.53494,45.36204,31.23018,45.11758,50.00,0653:19:41,1,08
16:03:02,0.14801,215.70,0.48655,15.56024,45.43592,31.23019,45.1176,50.00,0653:19:42,1,08
16:03:03,0.14891,215.80,0.486,15.63952,45.6674,31.23019,45.1176,50.00,0653:19:43,1,08
16:03:04,0.14628,215.80,0.47834,15.12338,44.16026,31.2302,45.11761,50.00,0653:19:44,1,08
16:03:05,0.14797,215.90,0.48587,15.54506,45.39159,31.2302,45.11761,50.00,0653:19:45,1,08
16:03:06,0.14782,215.90,0.48507,15.50458,45.27338,31.23021,45.11761,50.00,0653:19:46,1,08
16:03:07,0.14173,216.00,0.48047,14.73205,43.01759,31.23021,45.11761,50.00,0653:19:47,1,08
16:03:08,0.14486,215.90,0.4825,15.11326,44.13071,31.23021,45.11763,50.00,0653:19:48,1,08
16:03:09,0.14869,215.70,0.48147,15.46916,45.16995,31.23022,45.11763,50.00,0653:19:49,1,08
16:03:10,0.14868,215.70,0.48388,15.54506,45.39159,31.23022,45.11764,50.00,0653:19:50,1,08
16:03:11,0.14794,215.70,0.48549,15.51808,45.31278,31.23023,45.11764,50.00,0653:19:52,1,08
16:03:12,0.14679,215.70,0.4809,15.2482,44.52473,31.23023,45.11765,50.00,0653:19:53,1,08
16:03:13,0.14679,215.70,0.4809,15.2482,44.52473,31.23023,45.11765,50.00,0653:19:53,1,08
16:03:14,0.14466,215.60,0.4784,14.94121,43.62833,31.23024,45.11765,50.00,0653:19:54,1,08
16:03:15,0.14803,215.50,0.48474,15.4894,45.22905,31.23024,45.11766,50.00,0653:19:55,1,08
16:03:16,0.14849,215.50,0.48426,15.52145,45.32264,31.23025,45.11766,50.00,0653:19:56,1,08
16:03:17,0.14803,215.50,0.4828,15.43037,45.05667,31.23025,45.11766,50.00,0653:19:57,1,08
16:03:18,0.14878,215.50,0.48277,15.50627,45.27831,31.23025,45.11766,50.00,0653:19:58,1,08
16:03:19,0.14857,215.50,0.48385,15.5147,45.30293,31.23026,45.11768,50.00,0653:19:59,1,08
16:03:20,0.14918,215.50,0.48502,15.61759,45.60337,31.23026,45.11768,50.00,0653:20:00,1,08
16:03:21,0.1482,215.40,0.48375,15.46916,45.16995,31.23027,45.11769,50.00,0653:20:01,1,08
16:03:22,0.14891,215.40,0.48541,15.59735,45.54427,31.23027,45.11769,50.00,0653:20:02,1,08
16:03:23,0.15218,215.40,0.48367,15.88241,46.37665,31.23028,45.11769,50.00,0653:20:03,1,08
16:03:24,0.15108,215.40,0.47822,15.58892,45.51965,31.23028,45.11769,50.00,0653:20:04,1,08
16:03:25,0.14928,215.40,0.48,15.46241,45.15025,31.23029,45.11771,50.00,0653:20:05,1,08
16:03:26,0.15084,215.50,0.48068,15.65133,45.70188,31.23029,45.11771,50.00,0653:20:06,1,08
16:03:27,0.14843,215.50,0.47931,15.35783,44.84488,31.2303,45.11772,50.00,0653:20:07,1,08
16:03:28,0.14831,215.60,0.47772,15.29711,44.66757,31.2303,45.11772,50.00,0653:20:08,1,08
16:03:29,0.14959,215.50,0.48015,15.50627,45.27831,31.2303,45.11772,50.00,0653:20:09,1,08
16:03:30,0.1494,215.60,0.48081,15.51302,45.29801,31.23031,45.11773,50.00,0653:20:10,1,08
16:03:31,0.14444,215.60,0.47891,14.93952,43.6234,31.23031,45.11773,50.00,0653:20:12,1,08
16:03:32,0.14968,215.60,0.47887,15.48097,45.20442,31.23032,45.11774,50.00,0653:20:13,1,08
16:03:33,0.14995,215.70,0.47913,15.52482,45.33249,31.23032,45.11774,50.00,0653:20:14,1,08
16:03:34,0.14935,215.90,0.48131,15.54844,45.40144,31.23033,45.11774,50.00,0653:20:15,1,08
16:03:35,0.14912,216.10,0.47999,15.49277,45.2389,31.23033,45.11774,50.00,0653:20:16,1,08
16:03:36,0.14581,216.00,0.47632,15.02892,43.88445,31.23034,45.11776,50.00,0653:20:17,1,08
16:03:37,0.14705,216.00,0.47285,15.04073,43.91892,31.23034,45.11776,50.00,0653:20:18,1,08
16:03:38,0.14705,216.00,0.47285,15.04073,43.91892,31.23034,45.11776,50.00,0653:20:18,1,08
16:03:39,0.14898,216.00,0.47907,15.44049,45.08622,31.23034,45.11777,50.00,0653:20:19,1,08
16:03:40,0.1494,216.00,0.47954,15.49783,45.25368,31.23035,45.11777,50.00,0653:20:20,1,08
16:03:41,0.149,216.10,0.48017,15.48265,45.20935,31.23035,45.11777,50.00,0653:20:21,1,08
16:03:42,0.15135,216.10,0.47977,15.71711,45.89397,31.23036,45.11777,50.00,0653:20:22,1,08
16:03:43,0.15063,216.10,0.47481,15.48097,45.20442,31.23036,45.11779,50.00,0653:20:23,1,08
16:03:44,0.14936,216.00,0.48058,15.53157,45.35218,31.23037,45.11779,50.00,0653:20:24,1,08
16:03:45,0.14916,215.90,0.47856,15.43543,45.07145,31.23037,45.11779,50.00,0653:20:25,1,08
16:03:46,0.14928,216.00,0.47984,15.49446,45.24382,31.23038,45.11779,50.00,0653:20:26,1,08
16:03:47,0.1494,216.00,0.4797,15.5029,45.26846,31.23038,45.11781,50.00,0653:20:27,1,08
16:03:48,0.15012,216.00,0.47705,15.49615,45.24875,31.23039,45.11781,50.00,0653:20:28,1,08
16:03:49,0.14711,216.00,0.47923,15.25326,44.53951,31.23039,45.11782,50.00,0653:20:29,1,08
16:03:50,0.14422,216.00,0.47745,14.89398,43.49042,31.23039,45.11782,50.00,0653:20:30,1,08
16:03:51,0.14909,216.00,0.48039,15.49446,45.24382,31.2304,45.11782,50.00,0653:20:31,1,08
16:03:52,0.15186,216.00,0.48008,15.77446,46.06143,31.2304,45.11782,50.00,0653:20:33,1,08
16:03:53,0.14986,216.10,0.48024,15.5788,45.49009,31.23041,45.11784,50.00,0653:20:34,1,08
16:03:54,0.15019,216.20,0.47853,15.56362,45.44577,31.23041,45.11784,50.00,0653:20:35,1,08
16:03:55,0.14912,216.30,0.48178,15.56362,45.44577,31.23042,45.11785,50.00,0653:20:36,1,08
16:03:56,0.15125,216.20,0.48141,15.76771,46.04173,31.23042,45.11785,50.00,0653:20:37,1,08
16:03:57,0.15007,216.20,0.47762,15.51808,45.31278,31.23043,45.11786,50.00,0653:20:38,1,08
16:03:58,0.14896,216.00,0.48115,15.5029,45.26846,31.23043,45.11786,50.00,0653:20:39,1,08
16:03:59,0.1494,216.00,0.47971,15.50964,45.28815,31.23044,45.11787,50.00,0653:20:40,1,08
16:04:00,0.1469,216.10,0.47756,15.18579,44.3425,31.23044,45.11787,50.00,0653:20:41,1,08
16:04:01,0.14549,216.50,0.47802,15.07783,44.02728,31.23044,45.11787,50.00,0653:20:42,1,08
16:04:02,0.14939,216.50,0.48047,15.56362,45.44577,31.23045,45.11787,50.00,0653:20:43,1,08
16:04:03,0.14839,216.50,0.48103,15.48097,45.20442,31.23045,45.11789,50.00,0653:20:44,1,08
16:04:04,0.14852,216.50,0.48293,15.55687,45.42607,31.23046,45.11789,50.00,0653:20:45,1,08
16:04:05,0.14852,216.50,0.48293,15.55687,45.42607,31.23046,45.11789,50.00,0653:20:45,1,08
16:04:06,0.14814,216.60,0.48258,15.50964,45.28815,31.23046,45.1179,50.00,0653:20:46,1,08
16:04:07,0.14875,216.60,0.47982,15.48265,45.20935,31.23047,45.1179,50.00,0653:20:47,1,08
16:04:08,0.14803,216.60,0.47842,15.36627,44.86951,31.23047,45.1179,50.00,0653:20:48,1,08
16:04:09,0.14808,216.60,0.48199,15.48434,45.21428,31.23048,45.1179,50.00,0653:20:49,1,08
16:04:10,0.14801,216.60,0.4824,15.4894,45.22905,31.23048,45.1179,50.00,0653:20:50,1,08
16:04:11,0.14837,216.60,0.48119,15.48771,45.22413,31.23048,45.11792,50.00,0653:20:51,1,08
16:04:12,0.14998,216.60,0.47865,15.57711,45.48517,31.23049,45.11792,50.00,0653:20:53,1,08
16:04:13,0.14868,216.50,0.4842,15.61253,45.5886,31.23049,45.11793,50.00,0653:20:54,1,08
16:04:14,0.14851,216.40,0.48286,15.54,45.37681,31.2305,45.11793,50.00,0653:20:55,1,08
16:04:15,0.14859,216.40,0.48073,15.48265,45.20935,31.2305,45.11794,50.00,0653:20:56,1,08
16:04:16,0.13923,216.10,0.47236,14.23783,41.57448,31.23051,45.11794,50.00,0653:20:57,1,08
16:04:17,0.14356,216.00,0.47996,14.9041,43.51997,31.23051,45.11795,50.00,0653:20:58,1,08
16:04:18,0.14785,215.80,0.48342,15.44723,45.10592,31.23052,45.11795,50.00,0653:20:59,1,08
16:04:19,0.14826,215.80,0.48347,15.4894,45.22905,31.23052,45.11795,50.00,0653:21:00,1,08
16:04:20,0.14871,215.70,0.48284,15.51639,45.30786,31.23052,45.11795,50.00,0653:21:01,1,08
16:04:21,0.14918,215.80,0.48122,15.51639,45.30786,31.23053,45.11797,50.00,0653:21:02,1,08
16:04:22,0.14128,215.90,0.4846,14.80458,43.22938,31.23053,45.11797,50.00,0653:21:03,1,08
16:04:23,0.14489,216.00,0.4823,15.12169,44.15533,31.23054,45.11798,50.00,0653:21:04,1,08
16:04:24,0.14995,216.10,0.47708,15.48265,45.20935,31.23054,45.11798,50.00,0653:21:05,1,08
16:04:25,0.15091,216.10,0.4858,15.87229,46.3471,31.23055,45.11798,50.00,0653:21:06,1,08
16:04:26,0.15058,216.20,0.48143,15.70193,45.84964,31.23055,45.11798,50.00,0653:21:07,1,08
16:04:27,0.1477,216.20,0.48413,15.48771,45.22413,31.23056,45.118,50.00,0653:21:08,1,08
16:04:28,0.14095,216.20,0.4784,14.60386,42.64326,31.23056,45.118,50.00,0653:21:09,1,08
16:04:29,0.14302,216.20,0.48072,14.88555,43.46579,31.23056,45.11801,50.00,0653:21:10,1,08
16:04:30,0.14901,216.20,0.48029,15.49446,45.24382,31.23057,45.11801,50.00,0653:21:11,1,08
16:04:31,0.14901,216.20,0.48029,15.49446,45.24382,31.23057,45.11801,50.00,0653:21:11,1,08
16:04:32,0.14949,216.20,0.48062,15.56024,45.43592,31.23057,45.11802,50.00,0653:21:12,1,08
16:04:33,0.14862,216.40,0.48575,15.64458,45.68218,31.23058,45.11802,50.00,0653:21:14,1,08
16:04:34,0.14839,216.40,0.48228,15.51302,45.29801,31.23058,45.11803,50.00,0653:21:15,1,08
16:04:35,0.14891,216.50,0.48135,15.54,45.37681,31.23059,45.11803,50.00,0653:21:16,1,08
16:04:36,0.14962,216.40,0.47737,15.47928,45.1995,31.23059,45.11803,50.00,0653:21:17,1,08
16:04:37,0.14851,216.40,0.48213,15.51639,45.30786,31.2306,45.11803,50.00,0653:21:18,1,08
16:04:38,0.14875,216.40,0.48153,15.52314,45.32756,31.2306,45.11803,50.00,0653:21:19,1,08
16:04:40,0.14877,216.40,0.48132,15.51808,45.31278,31.23061,45.11805,50.00,0653:21:20,1,08
16:04:41,0.14768,216.30,0.48481,15.50964,45.28815,31.23061,45.11805,50.00,0653:21:21,1,08
16:04:42,0.14747,216.10,0.48626,15.52314,45.32756,31.23061,45.11806,50.00,0653:21:22,1,08
16:04:43,0.14626,216.10,0.4903,15.52314,45.32756,31.23062,45.11806,50.00,0653:21:23,1,08
16:04:44,0.14566,216.30,0.49086,15.49109,45.23398,31.23062,45.11806,50.00,0653:21:24,1,08
16:04:45,0.13034,216.30,0.48101,13.58338,39.66346,31.23063,45.11806,50.00,0653:21:25,1,08
16:04:46,0.14674,216.30,0.48833,15.52482,45.33249,31.23063,45.11808,50.00,0653:21:26,1,08
16:04:47,0.146,216.30,0.48438,15.32241,44.74145,31.23064,45.11808,50.00,0653:21:27,1,08
16:04:48,0.14183,216.30,0.48551,14.91928,43.5643,31.23064,45.11808,50.00,0653:21:28,1,08
16:04:49,0.14679,216.30,0.48706,15.48603,45.2192,31.23065,45.11808,50.00,0653:21:29,1,08
16:04:50,0.14705,216.20,0.48734,15.51639,45.30786,31.23065,45.1181,50.00,0653:21:30,1,08
16:04:51,0.14708,216.20,0.48639,15.49109,45.23398,31.23065,45.1181,50.00,0653:21:31,1,08
16:04:52,0.14791,216.20,0.48489,15.53326,45.35711,31.23066,45.11811,50.00,0653:21:32,1,08
16:04:53,0.14625,216.30,0.48898,15.49446,45.24382,31.23066,45.11811,50.00,0653:21:33,1,08
16:04:54,0.14297,216.30,0.48737,15.09808,44.08638,31.23067,45.11811,50.00,0653:21:35,1,08
16:04:55,0.14654,216.30,0.48943,15.53832,45.37189,31.23067,45.11811,50.00,0653:21:36,1,08
16:04:56,0.14762,216.30,0.48873,15.57711,45.48517,31.23068,45.11811,50.00,0653:21:37,1,08
16:04:57,0.14711,216.30,0.49122,15.65808,45.72158,31.23068,45.11813,50.00,0653:21:38,1,08
16:04:58,0.14711,216.30,0.49122,15.65808,45.72158,31.23068,45.11813,50.00,0653:21:38,1,08
16:04:59,0.14745,216.40,0.49282,15.74916,45.98755,31.23069,45.11813,50.00,0653:21:39,1,08
16:05:00,0.14406,216.40,0.48828,15.2482,44.52473,31.23069,45.11814,50.00,0653:21:40,1,08
16:05:01,0.14671,216.40,0.48753,15.5029,45.26846,31.23069,45.11814,50.00,0653:21:41,1,08
16:05:02,0.14665,216.40,0.48652,15.46579,45.1601,31.2307,45.11814,50.00,0653:21:42,1,08
16:05:03,0.14614,216.40,0.48935,15.50121,45.26353,31.2307,45.11814,50.00,0653:21:43,1,08
16:05:04,0.14684,216.40,0.49242,15.66988,45.75606,31.23071,45.11816,50.00,0653:21:44,1,08
16:05:05,0.14677,216.30,0.48923,15.56024,45.43592,31.23071,45.11816,50.00,0653:21:45,1,08
16:05:06,0.14639,216.30,0.48692,15.44555,45.10099,31.23072,45.11816,50.00,0653:21:46,1,08
16:05:07,0.14657,216.30,0.48481,15.39663,44.95816,31.23072,45.11816,50.00,0653:21:47,1,08
16:05:08,0.14535,216.40,0.48822,15.37976,44.90891,31.23073,45.11818,50.00,0653:21:48,1,08
16:05:09,0.14577,216.50,0.48949,15.47085,45.17487,31.23073,45.11818,50.00,0653:21:49,1,08
16:05:10,0.14535,216.50,0.49037,15.45398,45.12562,31.23074,45.11819,50.00,0653:21:50,1,08
16:05:11,0.13745,216.30,0.48052,14.31037,41.78627,31.23074,45.11819,50.00,0653:21:51,1,08
16:05:12,0.1412,216.50,0.48496,14.85181,43.36729,31.23074,45.11819,50.00,0653:21:52,1,08
16:05:13,0.14682,216.50,0.48856,15.55687,45.42607,31.23075,45.11819,50.00,0653:21:53,1,08
16:05:14,0.14639,216.50,0.49001,15.55519,45.42114,31.23075,45.11819,50.00,0653:21:54,1,08
16:05:15,0.13502,216.40,0.48358,14.1535,41.32821,31.23076,45.11821,50.00,0653:21:56,1,08
16:05:16,0.14154,216.30,0.48251,14.79783,43.20968,31.23076,45.11821,50.00,0653:21:57,1,08
16:05:17,0.14549,216.20,0.48935,15.41856,45.02219,31.23077,45.11822,50.00,0653:21:58,1,08
16:05:18,0.14516,216.10,0.48996,15.39663,44.95816,31.23077,45.11822,50.00,0653:21:59,1,08
16:05:19,0.14527,216.20,0.49029,15.42024,45.02711,31.23077,45.11823,50.00,0653:22:00,1,08
16:05:20,0.13806,216.20,0.48313,14.44362,42.17537,31.23078,45.11823,50.00,0653:22:01,1,08
16:05:21,0.14119,216.20,0.48665,14.87711,43.44117,31.23078,45.11824,50.00,0653:22:02,1,08
16:05:22,0.14633,216.10,0.49052,15.53832,45.37189,31.23079,45.11824,50.00,0653:22:03,1,08
16:05:23,0.14656,216.00,0.48957,15.52482,45.33249,31.23079,45.11824,50.00,0653:22:04,1,08
16:05:24,0.14656,216.00,0.48957,15.52482,45.33249,31.23079,45.11824,50.00,0653:22:04,1,08
16:05:25,0.14883,216.00,0.49471,15.93133,46.51949,31.2308,45.11824,50.00,0653:22:05,1,08
16:05:26,0.14813,216.10,0.48659,15.60241,45.55905,31.2308,45.11826,50.00,0653:22:06,1,08
16:05:27,0.14603,216.20,0.49173,15.55012,45.40636,31.23081,45.11826,50.00,0653:22:07,1,08
16:05:28,0.14671,216.20,0.49029,15.5788,45.49009,31.23081,45.11826,50.00,0653:22:08,1,08
16:05:29,0.1469,216.20,0.4921,15.65302,45.70681,31.23082,45.11827,50.00,0653:22:09,1,08
16:05:30,0.14707,216.20,0.49211,15.67157,45.76099,31.23082,45.11827,50.00,0653:22:10,1,08
16:05:31,0.14803,216.10,0.487,15.60241,45.55905,31.23082,45.11827,50.00,0653:22:11,1,08
16:05:32,0.1467,216.00,0.48921,15.5282,45.34233,31.23083,45.11827,50.00,0653:22:12,1,08
16:05:33,0.14614,215.90,0.49007,15.4894,45.22905,31.23083,45.11829,50.00,0653:22:13,1,08
16:05:34,0.14754,216.10,0.48848,15.59735,45.54427,31.23084,45.11829,50.00,0653:22:14,1,08
16:05:35,0.14883,216.00,0.48989,15.77784,46.07129,31.23084,45.1183,50.00,0653:22:16,1,08
16:05:36,0.14874,216.00,0.48454,15.59229,45.5295,31.23085,45.1183,50.00,0653:22:17,1,08
16:05:37,0.1458,215.90,0.49,15.45229,45.1207,31.23085,45.11831,50.00,0653:22:18,1,08
16:05:38,0.14594,215.80,0.4907,15.48097,45.20442,31.23086,45.11831,50.00,0653:22:19,1,08
16:05:39,0.14144,215.90,0.48665,14.88386,43.46087,31.23086,45.11832,50.00,0653:22:20,1,08
16:05:40,0.14716,215.80,0.48643,15.47422,45.18472,31.23086,45.11832,50.00,0653:22:21,1,08
16:05:41,0.1462,215.90,0.49072,15.51133,45.29308,31.23087,45.11832,50.00,0653:22:22,1,08
16:05:42,0.14598,216.00,0.49215,15.54169,45.38174,31.23087,45.11832,50.00,0653:22:23,1,08
16:05:43,0.14583,216.00,0.4915,15.50627,45.27831,31.23088,45.11834,50.00,0653:22:24,1,08
16:05:44,0.14682,215.90,0.49038,15.57036,45.46547,31.23088,45.11834,50.00,0653:22:25,1,08
16:05:45,0.14184,215.90,0.48422,14.8535,43.37221,31.23089,45.11834,50.00,0653:22:26,1,08
16:05:46,0.14601,215.90,0.49086,15.49615,45.24875,31.23089,45.11835,50.00,0653:22:27,1,08
16:05:47,0.14601,215.90,0.49135,15.51302,45.29801,31.2309,45.11835,50.00,0653:22:28,1,08
16:05:48,0.14563,215.90,0.49116,15.46579,45.1601,31.2309,45.11835,50.00,0653:22:29,1,08
16:05:49,0.14653,215.90,0.48978,15.52145,45.32264,31.23091,45.11835,50.00,0653:22:30,1,08
16:05:50,0.14685,215.80,0.48789,15.48771,45.22413,31.23091,45.11837,50.00,0653:22:31,1,08
16:05:51,0.14685,215.80,0.48789,15.48771,45.22413,31.23091,45.11837,50.00,0653:22:31,1,08
16:05:52,0.14173,215.80,0.48601,14.88892,43.47564,31.23091,45.11837,50.00,0653:22:32,1,08
16:05:53,0.14645,215.70,0.4896,15.48771,45.22413,31.23092,45.11837,50.00,0653:22:33,1,08
16:05:54,0.14688,215.60,0.48926,15.5147,45.30293,31.23092,45.11837,50.00,0653:22:34,1,08
16:05:55,0.14895,215.40,0.48882,15.71205,45.87919,31.23093,45.11839,50.00,0653:22:36,1,08
16:05:56,0.14907,215.40,0.48873,15.72217,45.90874,31.23093,45.11839,50.00,0653:22:37,1,08
16:05:57,0.14731,215.70,0.48786,15.52314,45.32756,31.23094,45.1184,50.00,0653:22:38,1,08
16:05:58,0.14584,215.70,0.4917,15.49277,45.2389,31.23094,45.1184,50.00,0653:22:39,1,08
16:05:59,0.14673,215.80,0.49101,15.57036,45.46547,31.23095,45.1184,50.00,0653:22:40,1,08
16:06:00,0.14694,215.70,0.4873,15.47422,45.18472,31.23095,45.1184,50.00,0653:22:41,1,08
16:06:01,0.14687,215.70,0.48868,15.50796,45.28323,31.23095,45.11842,50.00,0653:22:42,1,08
16:06:02,0.14558,215.70,0.49126,15.45061,45.11578,31.23096,45.11842,50.00,0653:22:43,1,08
16:06:03,0.14427,215.60,0.49507,15.42531,45.04189,31.23096,45.11842,50.00,0653:22:44,1,08
16:06:04,0.14636,215.50,0.49114,15.51639,45.30786,31.23097,45.11843,50.00,0653:22:45,1,08
16:06:05,0.1458,215.50,0.49261,15.50627,45.27831,31.23097,45.11843,50.00,0653:22:46,1,08
16:06:06,0.14552,215.60,0.49313,15.49446,45.24382,31.23098,45.11843,50.00,0653:22:47,1,08
16:06:07,0.14636,215.60,0.49216,15.55687,45.42607,31.23098,45.11843,50.00,0653:22:48,1,08
16:06:08,0.14786,215.60,0.48558,15.50796,45.28323,31.23099,45.11845,50.00,0653:22:49,1,08
16:06:09,0.1462,215.60,0.49102,15.5029,45.26846,31.23099,45.11845,50.00,0653:22:50,1,08
16:06:10,0.14475,215.60,0.49676,15.52988,45.34726,31.231,45.11845,50.00,0653:22:51,1,08
16:06:11,0.14518,215.70,0.49505,15.52988,45.34726,31.231,45.11845,50.00,0653:22:52,1,08
16:06:12,0.14544,215.90,0.49249,15.48603,45.2192,31.231,45.11847,50.00,0653:22:53,1,08
16:06:13,0.14577,215.80,0.49288,15.5282,45.34233,31.23101,45.11847,50.00,0653:22:54,1,08
16:06:14,0.14693,215.80,0.48831,15.50458,45.27338,31.23101,45.11848,50.00,0653:22:55,1,08
16:06:15,0.14489,215.80,0.49375,15.4641,45.15517,31.23102,45.11848,50.00,0653:22:57,1,08
16:06:16,0.14428,215.70,0.49416,15.40338,44.97786,31.23102,45.11848,50.00,0653:22:58,1,08
16:06:17,0.14428,215.70,0.49416,15.40338,44.97786,31.23102,45.11848,50.00,0653:22:58,1,08
16:06:18,0.14545,215.40,0.49597,15.56193,45.44084,31.23103,45.11848,50.00,0653:22:59,1,08
16:06:19,0.14493,215.80,0.49553,15.52482,45.33249,31.23103,45.11848,50.00,0653:23:00,1,08
16:06:20,0.14622,215.70,0.49065,15.49615,45.24875,31.23104,45.1185,50.00,0653:23:01,1,08
16:06:21,0.14559,215.70,0.49206,15.47591,45.18965,31.23104,45.1185,50.00,0653:23:02,1,08
16:06:22,0.14592,215.60,0.49315,15.54,45.37681,31.23105,45.11851,50.00,0653:23:03,1,08
16:06:23,0.14558,215.70,0.49265,15.49446,45.24382,31.23105,45.11851,50.00,0653:23:04,1,08
16:06:24,0.1458,215.80,0.49144,15.48603,45.2192,31.23105,45.11852,50.00,0653:23:05,1,08
16:06:25,0.14466,215.80,0.49595,15.50627,45.27831,31.23106,45.11852,50.00,0653:23:06,1,08
16:06:26,0.14433,215.80,0.49611,15.47422,45.18472,31.23106,45.11853,50.00,0653:23:07,1,08
16:06:27,0.14431,215.70,0.49729,15.50458,45.27338,31.23107,45.11853,50.00,0653:23:08,1,08
16:06:28,0.14489,215.70,0.49348,15.45061,45.11578,31.23107,45.11853,50.00,0653:23:09,1,08
16:06:29,0.14481,215.70,0.49288,15.41856,45.02219,31.23108,45.11853,50.00,0653:23:10,1,08
16:06:30,0.14053,215.70,0.49217,14.94121,43.62833,31.23108,45.11853,50.00,0653:23:11,1,08
16:06:32,0.14136,215.60,0.49409,15.08458,44.04698,31.23109,45.11855,50.00,0653:23:12,1,08
16:06:33,0.14584,215.60,0.49641,15.63278,45.64771,31.23109,45.11855,50.00,0653:23:13,1,08
16:06:34,0.14698,215.50,0.49405,15.67663,45.77576,31.23109,45.11856,50.00,0653:23:14,1,08
16:06:35,0.14631,215.60,0.49279,15.57036,45.46547,31.2311,45.11856,50.00,0653:23:15,1,08
16:06:36,0.14514,215.60,0.49516,15.52314,45.32756,31.2311,45.11856,50.00,0653:23:16,1,08
16:06:37,0.14286,215.60,0.49311,15.21109,44.41638,31.23111,45.11856,50.00,0653:23:18,1,08
16:06:38,0.13999,215.60,0.49029,14.82145,43.27863,31.23111,45.11858,50.00,0653:23:19,1,08
16:06:39,0.14639,215.70,0.48981,15.4894,45.22905,31.23112,45.11858,50.00,0653:23:20,1,08
16:06:40,0.14622,215.60,0.49103,15.50796,45.28323,31.23112,45.11859,50.00,0653:23:21,1,08
16:06:41,0.14606,215.70,0.49337,15.56699,45.45562,31.23113,45.11859,50.00,0653:23:22,1,08
16:06:42,0.14549,215.70,0.49335,15.50796,45.28323,31.23113,45.1186,50.00,0653:23:23,1,08
16:06:43,0.14127,215.70,0.48651,14.84844,43.35744,31.23113,45.1186,50.00,0653:23:24,1,08
16:06:44,0.14127,215.70,0.48651,14.84844,43.35744,31.23113,45.1186,50.00,0653:23:24,1,08
16:06:45,0.14516,215.70,0.49484,15.51808,45.31278,31.23114,45.1186,50.00,0653:23:25,1,08
16:06:46,0.14522,215.70,0.49425,15.50964,45.28815,31.23114,45.11861,50.00,0653:23:26,1,08
16:06:47,0.14499,215.60,0.49537,15.50796,45.28323,31.23115,45.11861,50.00,0653:23:27,1,08
16:06:48,0.14601,215.70,0.49524,15.62097,45.61323,31.23115,45.11861,50.00,0653:23:28,1,08
16:06:49,0.1464,215.70,0.48816,15.44217,45.09114,31.23116,45.11861,50.00,0653:23:29,1,08
16:06:50,0.14224,215.70,0.48979,15.05253,43.9534,31.23116,45.11863,50.00,0653:23:30,1,08
16:06:51,0.14549,215.70,0.49093,15.43374,45.06652,31.23117,45.11863,50.00,0653:23:31,1,08
16:06:52,0.14569,215.80,0.49014,15.43543,45.07145,31.23117,45.11864,50.00,0653:23:32,1,08
16:06:53,0.14563,215.80,0.49116,15.46241,45.15025,31.23118,45.11864,50.00,0653:23:33,1,08
16:06:54,0.14814,215.70,0.49015,15.69012,45.81517,31.23118,45.11864,50.00,0653:23:34,1,08
16:06:55,0.14611,215.70,0.49145,15.51639,45.30786,31.23118,45.11864,50.00,0653:23:35,1,08
16:06:56,0.14705,215.80,0.49119,15.61085,45.58368,31.23119,45.11866,50.00,0653:23:36,1,08
16:06:57,0.1464,215.70,0.49024,15.50796,45.28323,31.23119,45.11866,50.00,0653:23:38,1,08
16:06:58,0.14665,215.60,0.48834,15.46747,45.16503,31.2312,45.11866,50.00,0653:23:39,1,08
16:06:59,0.14748,215.60,0.48718,15.51302,45.29801,31.2312,45.11867,50.00,0653:23:40,1,08
16:07:00,0.14656,215.60,0.48796,15.44555,45.10099,31.23121,45.11867,50.00,0653:23:41,1,08
16:07:01,0.13683,215.60,0.48139,14.22603,41.54,31.23121,45.11868,50.00,0653:23:42,1,08
16:07:02,0.1413,215.50,0.48258,14.71856,42.97819,31.23122,45.11868,50.00,0653:23:43,1,08
16:07:03,0.14759,215.50,0.48639,15.49446,45.24382,31.23122,45.11869,50.00,0653:23:44,1,08
16:07:04,0.14797,215.50,0.48912,15.62265,45.61815,31.23122,45.11869,50.00,0653:23:45,1,08
16:07:05,0.14703,215.50,0.48751,15.46916,45.16995,31.23123,45.11869,50.00,0653:23:46,1,08
16:07:06,0.14713,215.30,0.48783,15.47928,45.1995,31.23123,45.11869,50.00,0653:23:47,1,08
16:07:07,0.14742,215.30,0.48599,15.45061,45.11578,31.23124,45.11871,50.00,0653:23:48,1,08
16:07:08,0.14785,215.30,0.48535,15.47591,45.18965,31.23124,45.11871,50.00,0653:23:49,1,08
16:07:09,0.14719,215.20,0.4873,15.46241,45.15025,31.23125,45.11872,50.00,0653:23:50,1,08
16:07:10,0.14719,215.20,0.4873,15.46241,45.15025,31.23125,45.11872,50.00,0653:23:50,1,08
16:07:11,0.13746,215.20,0.48127,14.25808,41.63358,31.23125,45.11872,50.00,0653:23:51,1,08
16:07:12,0.14168,215.20,0.48448,14.79615,43.20475,31.23126,45.11872,50.00,0653:23:52,1,08
16:07:13,0.14881,215.30,0.48329,15.50964,45.28815,31.23126,45.11872,50.00,0653:23:53,1,08
16:07:14,0.14714,215.40,0.48767,15.47928,45.1995,31.23126,45.11874,50.00,0653:23:54,1,08
16:07:15,0.14718,215.40,0.48821,15.49952,45.25861,31.23127,45.11874,50.00,0653:23:55,1,08
16:07:16,0.14756,215.40,0.48776,15.5282,45.34233,31.23127,45.11874,50.00,0653:23:56,1,08
16:07:17,0.14751,215.40,0.48771,15.52314,45.32756,31.23128,45.11874,50.00,0653:23:57,1,08
16:07:18,0.1477,215.50,0.48624,15.5029,45.26846,31.23128,45.11874,50.00,0653:23:59,1,08
16:07:19,0.14802,215.50,0.48685,15.55519,45.42114,31.23129,45.11876,50.00,0653:24:00,1,08
16:07:20,0.14774,215.40,0.48783,15.55181,45.41129,31.23129,45.11876,50.00,0653:24:01,1,08
16:07:21,0.14701,215.40,0.48936,15.52145,45.32264,31.2313,45.11877,50.00,0653:24:02,1,08
16:07:22,0.14702,215.30,0.48809,15.47759,45.19457,31.2313,45.11877,50.00,0653:24:03,1,08
16:07:23,0.14505,215.20,0.48366,15.12506,44.16519,31.2313,45.11877,50.00,0653:24:04,1,08
16:07:24,0.14754,215.30,0.48754,15.51133,45.29308,31.23131,45.11877,50.00,0653:24:05,1,08
16:07:25,0.14589,215.40,0.48569,15.2853,44.63309,31.23131,45.11879,50.00,0653:24:06,1,08
16:07:26,0.14718,215.50,0.48688,15.4641,45.15517,31.23132,45.11879,50.00,0653:24:07,1,08
16:07:27,0.14815,215.40,0.48391,15.46916,45.16995,31.23132,45.1188,50.00,0653:24:08,1,08
16:07:28,0.14291,215.40,0.48342,14.9041,43.51997,31.23133,45.1188,50.00,0653:24:09,1,08
16:07:29,0.14213,215.30,0.48316,14.81133,43.24908,31.23133,45.1188,50.00,0653:24:10,1,08
16:07:30,0.14744,215.30,0.48843,15.52651,45.33741,31.23134,45.1188,50.00,0653:24:11,1,08
16:07:31,0.14756,215.30,0.48749,15.50964,45.28815,31.23134,45.11882,50.00,0653:24:12,1,08
16:07:32,0.14828,215.40,0.48497,15.51302,45.29801,31.23135,45.11882,50.00,0653:24:13,1,08
16:07:33,0.14708,215.50,0.48943,15.53663,45.36696,31.23135,45.11882,50.00,0653:24:14,1,08
16:07:34,0.14984,215.50,0.4904,15.86217,46.31754,31.23135,45.11882,50.00,0653:24:15,1,08
16:07:35,0.14788,215.60,0.48759,15.57036,45.46547,31.23136,45.11882,50.00,0653:24:16,1,08
16:07:36,0.14791,215.60,0.48606,15.52482,45.33249,31.23136,45.11884,50.00,0653:24:17,1,08
16:07:37,0.14791,215.60,0.48606,15.52482,45.33249,31.23136,45.11884,50.00,0653:24:17,1,08
16:07:38,0.14871,215.50,0.48524,15.57711,45.48517,31.23137,45.11884,50.00,0653:24:18,1,08
16:07:39,0.14846,215.50,0.4889,15.66988,45.75606,31.23137,45.11885,50.00,0653:24:20,1,08
16:07:40,0.1471,215.70,0.48726,15.48434,45.21428,31.23138,45.11885,50.00,0653:24:21,1,08
16:07:41,0.14645,216.00,0.48669,15.41687,45.01727,31.23138,45.11885,50.00,0653:24:22,1,08
16:07:42,0.14693,216.20,0.48537,15.44217,45.09114,31.23139,45.11885,50.00,0653:24:23,1,08
16:07:43,0.14735,216.20,0.4863,15.51302,45.29801,31.23139,45.11887,50.00,0653:24:24,1,08
16:07:44,0.14584,216.10,0.48937,15.45229,45.1207,31.23139,45.11887,50.00,0653:24:25,1,08
16:07:45,0.14631,216.00,0.48844,15.46072,45.14532,31.2314,45.11888,50.00,0653:24:26,1,08
16:07:46,0.14673,216.20,0.48949,15.55519,45.42114,31.2314,45.11888,50.00,0653:24:27,1,08
16:07:47,0.14673,216.30,0.48737,15.49277,45.2389,31.23141,45.11889,50.00,0653:24:28,1,08
16:07:48,0.14664,216.20,0.48842,15.50964,45.28815,31.23141,45.11889,50.00,0653:24:29,1,08
16:07:49,0.14625,216.30,0.48919,15.49952,45.25861,31.23142,45.1189,50.00,0653:24:30,1,08
16:07:50,0.14588,216.30,0.48842,15.43543,45.07145,31.23142,45.1189,50.00,0653:24:31,1,08
16:07:51,0.14733,216.30,0.48726,15.5535,45.41621,31.23143,45.1189,50.00,0653:24:32,1,08
16:07:52,0.14634,216.30,0.48713,15.44555,45.10099,31.23143,45.1189,50.00,0653:24:33,1,08
16:07:53,0.14354,216.30,0.48546,15.0947,44.07653,31.23144,45.11892,50.00,0653:24:34,1,08
16:07:54,0.14645,216.10,0.48909,15.50627,45.27831,31.23144,45.11892,50.00,0653:24:35,1,08
16:07:55,0.14667,216.10,0.48953,15.54169,45.38174,31.23144,45.11892,50.00,0653:24:36,1,08
16:07:56,0.14735,216.20,0.48668,15.5282,45.34233,31.23145,45.11893,50.00,0653:24:37,1,08
16:07:57,0.14753,216.10,0.48928,15.62603,45.628,31.23145,45.11893,50.00,0653:24:38,1,08
16:07:58,0.1466,216.30,0.48757,15.48434,45.21428,31.23146,45.11893,50.00,0653:24:39,1,08
16:07:59,0.14591,216.40,0.48928,15.47422,45.18472,31.23146,45.11893,50.00,0653:24:41,1,08
16:08:00,0.14603,216.50,0.48918,15.48771,45.22413,31.23147,45.11895,50.00,0653:24:42,1,08
16:08:01,0.14794,216.40,0.48506,15.55181,45.41129,31.23147,45.11895,50.00,0653:24:43,1,08
16:08:02,0.14605,216.30,0.48891,15.46916,45.16995,31.23148,45.11896,50.00,0653:24:44,1,08
16:08:03,0.14633,216.30,0.48755,15.45398,45.12562,31.23148,45.11896,50.00,0653:24:45,1,08
16:08:04,0.14633,216.30,0.48755,15.45398,45.12562,31.23148,45.11896,50.00,0653:24:45,1,08
16:08:05,0.14731,216.20,0.48556,15.48603,45.2192,31.23148,45.11897,50.00,0653:24:46,1,08
16:08:06,0.14771,216.20,0.48471,15.50796,45.28323,31.23149,45.11897,50.00,0653:24:47,1,08
16:08:07,0.14915,216.30,0.47912,15.48265,45.20935,31.23149,45.11898,50.00,0653:24:48,1,08
16:08:08,0.14817,216.30,0.4825,15.48603,45.2192,31.2315,45.11898,50.00,0653:24:49,1,08
16:08:09,0.14948,216.20,0.48416,15.67326,45.76591,31.2315,45.11898,50.00,0653:24:50,1,08
16:08:10,0.14939,216.20,0.48258,15.61085,45.58368,31.23151,45.11898,50.00,0653:24:51,1,08
16:08:11,0.15034,216.20,0.47912,15.60073,45.55412,31.23151,45.119,50.00,0653:24:52,1,08
16:08:12,0.15,216.20,0.48198,15.65639,45.71666,31.23152,45.119,50.00,0653:24:53,1,08
16:08:13,0.14832,216.30,0.48263,15.50964,45.28815,31.23152,45.11901,50.00,0653:24:54,1,08
16:08:14,0.14842,216.30,0.48321,15.53832,45.37189,31.23153,45.11901,50.00,0653:24:55,1,08
16:08:15,0.14886,216.30,0.48154,15.53326,45.35711,31.23153,45.11901,50.00,0653:24:56,1,08
16:08:16,0.15012,216.30,0.47858,15.56193,45.44084,31.23153,45.11901,50.00,0653:24:57,1,08
16:08:17,0.14909,216.30,0.48193,15.56362,45.44577,31.23154,45.11903,50.00,0653:24:58,1,08
16:08:18,0.14963,216.20,0.4799,15.54844,45.40144,31.23154,45.11903,50.00,0653:24:59,1,08
16:08:19,0.1501,216.20,0.47893,15.56699,45.45562,31.23155,45.11903,50.00,0653:25:00,1,08
16:08:20,0.14916,216.20,0.48235,15.58049,45.49502,31.23155,45.11903,50.00,0653:25:02,1,08
16:08:21,0.14947,216.20,0.48077,15.56362,45.44577,31.23156,45.11905,50.00,0653:25:03,1,08
16:08:22,0.14883,216.30,0.48405,15.60916,45.57875,31.23156,45.11905,50.00,0653:25:04,1,08
16:08:23,0.14637,216.30,0.49346,15.64964,45.69696,31.23157,45.11905,50.00,0653:25:05,1,08
16:08:24,0.14694,216.20,0.49072,15.61253,45.5886,31.23157,45.11906,50.00,0653:25:06,1,08
16:08:26,0.14745,215.90,0.48572,15.48771,45.22413,31.23158,45.11906,50.00,0653:25:07,1,08
16:08:27,0.14688,215.80,0.48879,15.51639,45.30786,31.23158,45.11906,50.00,0653:25:08,1,08
16:08:28,0.14696,215.90,0.49188,15.63109,45.64278,31.23158,45.11906,50.00,0653:25:09,1,08
16:08:29,0.14716,215.90,0.48712,15.49952,45.25861,31.23159,45.11908,50.00,0653:25:10,1,08
16:08:30,0.14716,215.90,0.48712,15.49952,45.25861,31.23159,45.11908,50.00,0653:25:10,1,08
16:08:31,0.15515,215.90,0.50794,17.04458,49.77018,31.23159,45.11908,50.00,0653:25:11,1,08
16:08:32,0.15984,216.00,0.50775,17.56073,51.27733,31.2316,45.11909,50.00,0653:25:12,1,08
16:08:33,0.17484,216.00,0.55885,21.14338,61.73866,31.23161,45.11909,50.00,0653:25:13,1,08
16:08:34,0.17662,216.20,0.56224,21.49928,62.7779,31.23161,45.11909,50.00,0653:25:14,1,08
16:08:35,0.17477,216.10,0.55844,21.12989,61.69927,31.23162,45.11909,50.00,0653:25:15,1,08
16:08:36,0.17591,216.20,0.55486,21.13663,61.71896,31.23162,45.11911,50.00,0653:25:16,1,08
16:08:37,0.17698,216.20,0.56091,21.49759,62.77298,31.23163,45.11911,50.00,0653:25:17,1,08
16:08:38,0.17762,216.20,0.55809,21.47061,62.69418,31.23164,45.11911,50.00,0653:25:18,1,08
16:08:39,0.17473,216.20,0.55801,21.10964,61.64016,31.23164,45.11911,50.00,0653:25:19,1,08
16:08:40,0.17629,216.20,0.56137,21.43181,62.58089,31.23165,45.11913,50.00,0653:25:20,1,08
16:08:41,0.17618,216.30,0.5553,21.19061,61.87658,31.23166,45.11913,50.00,0653:25:22,1,08
16:08:42,0.17505,216.30,0.55631,21.09784,61.60568,31.23166,45.11914,50.00,0653:25:23,1,08
16:08:43,0.16893,216.50,0.5648,20.68627,60.40392,31.23167,45.11914,50.00,0653:25:24,1,08
16:08:44,0.17352,216.40,0.55889,21.01687,61.36927,31.23167,45.11914,50.00,0653:25:25,1,08
16:08:45,0.17384,216.30,0.55912,21.05567,61.48255,31.23168,45.11914,50.00,0653:25:26,1,08
16:08:46,0.17172,216.30,0.5592,20.80772,60.75854,31.23169,45.11916,50.00,0653:25:27,1,08
16:08:47,0.17426,216.30,0.55682,21.02531,61.3939,31.23169,45.11916,50.00,0653:25:28,1,08
16:08:48,0.17422,216.40,0.55905,21.10964,61.64016,31.2317,45.11917,50.00,0653:25:29,1,08
16:08:49,0.17438,216.30,0.5575,21.0641,61.50718,31.2317,45.11917,50.00,0653:25:30,1,08
16:08:50,0.17552,216.40,0.56062,21.32555,62.2706,31.23171,45.11917,50.00,0653:25:31,1,08
16:08:51,0.17523,216.40,0.55348,21.01856,61.37419,31.23172,45.11917,50.00,0653:25:32,1,08
16:08:52,0.17575,216.40,0.55899,21.29012,62.16716,31.23172,45.11919,50.00,0653:25:33,1,08
16:08:53,0.17455,216.40,0.55534,21.00675,61.33972,31.23173,45.11919,50.00,0653:25:34,1,08
16:08:54,0.17532,216.40,0.55718,21.17037,61.81747,31.23173,45.11919,50.00,0653:25:35,1,08
16:08:55,0.17625,216.60,0.55404,21.18555,61.8618,31.23174,45.11919,50.00,0653:25:36,1,08
16:08:56,0.17625,216.60,0.55404,21.18555,61.8618,31.23174,45.11919,50.00,0653:25:36,1,08
16:08:57,0.17495,216.70,0.5562,21.11639,61.65985,31.23175,45.11919,50.00,0653:25:37,1,08
16:08:58,0.17552,216.70,0.55912,21.29519,62.18194,31.23175,45.11921,50.00,0653:25:38,1,08
16:08:59,0.17588,216.60,0.55454,21.16193,61.79284,31.23176,45.11921,50.00,0653:25:39,1,08
16:09:00,0.17569,216.60,0.55561,21.18217,61.85195,31.23177,45.11922,50.00,0653:25:40,1,08
16:09:01,0.17613,216.60,0.55862,21.34579,62.3297,31.23177,45.11922,50.00,0653:25:41,1,08
16:09:02,0.17451,216.60,0.55654,21.06916,61.52195,31.23178,45.11922,50.00,0653:25:43,1,08
16:09:03,0.1747,216.60,0.55682,21.10796,61.63523,31.23178,45.11922,50.00,0653:25:44,1,08
16:09:04,0.17492,216.70,0.56336,21.38627,62.4479,31.23179,45.11924,50.00,0653:25:45,1,08
16:09:05,0.17439,216.60,0.55818,21.11976,61.66971,31.2318,45.11924,50.00,0653:25:46,1,08
16:09:06,0.17576,216.50,0.55708,21.23615,62.00956,31.2318,45.11925,50.00,0653:25:47,1,08
16:09:07,0.174,216.50,0.55869,21.08265,61.56135,31.23181,45.11925,50.00,0653:25:48,1,08
16:09:08,0.17571,216.50,0.5621,21.42,62.54641,31.23181,45.11926,50.00,0653:25:49,1,08
16:09:09,0.17408,216.60,0.55775,21.06242,61.50226,31.23182,45.11926,50.00,0653:25:50,1,08
16:09:10,0.17384,216.60,0.55802,21.04217,61.44315,31.23183,45.11927,50.00,0653:25:51,1,08
16:09:11,0.17642,216.60,0.55699,21.31542,62.24104,31.23183,45.11927,50.00,0653:25:52,1,08
16:09:12,0.17416,216.60,0.55575,21.00001,61.32002,31.23184,45.11927,50.00,0653:25:53,1,08
16:09:13,0.17474,216.60,0.55803,21.15181,61.76329,31.23185,45.11927,50.00,0653:25:54,1,08
16:09:14,0.17311,216.40,0.55663,20.88868,60.99495,31.23185,45.11929,50.00,0653:25:55,1,08
16:09:15,0.1689,216.40,0.56049,20.52097,59.92123,31.23186,45.11929,50.00,0653:25:56,1,08
16:09:16,0.17475,216.30,0.55814,21.12989,61.69927,31.23186,45.1193,50.00,0653:25:57,1,08
16:09:17,0.17382,216.20,0.55731,20.97976,61.26091,31.23187,45.1193,50.00,0653:25:58,1,08
16:09:18,0.1746,216.20,0.56156,21.23446,62.00463,31.23188,45.1193,50.00,0653:25:59,1,08
16:09:19,0.17439,216.20,0.55655,21.01518,61.36433,31.23188,45.1193,50.00,0653:26:00,1,08
16:09:20,0.17405,216.20,0.55715,21.00001,61.32002,31.23189,45.11932,50.00,0653:26:01,1,08
16:09:21,0.17495,216.40,0.56307,21.35422,62.35433,31.23189,45.11932,50.00,0653:26:02,1,08
16:09:22,0.17418,216.60,0.55849,21.09953,61.61061,31.2319,45.11932,50.00,0653:26:04,1,08
16:09:23,0.17433,216.80,0.56083,21.22771,61.98493,31.23191,45.11932,50.00,0653:26:05,1,08
16:09:24,0.17433,216.80,0.56083,21.22771,61.98493,31.23191,45.11932,50.00,0653:26:05,1,08
16:09:25,0.17163,216.80,0.55477,20.67278,60.36451,31.23191,45.11934,50.00,0653:26:06,1,08
16:09:26,0.16861,216.70,0.56069,20.52266,59.92616,31.23192,45.11934,50.00,0653:26:07,1,08
16:09:27,0.17404,216.50,0.55661,21.01181,61.35449,31.23193,45.11935,50.00,0653:26:08,1,08
16:09:28,0.17428,216.40,0.55956,21.13832,61.72389,31.23193,45.11935,50.00,0653:26:09,1,08
16:09:29,0.17472,216.30,0.56003,21.19736,61.89629,31.23194,45.11935,50.00,0653:26:10,1,08
16:09:30,0.17488,216.30,0.55419,20.99326,61.30031,31.23194,45.11935,50.00,0653:26:11,1,08
16:09:31,0.17447,216.50,0.56064,21.20747,61.92582,31.23195,45.11935,50.00,0653:26:12,1,08
16:09:32,0.17494,216.40,0.56,21.23615,62.00956,31.23196,45.11937,50.00,0653:26:13,1,08
16:09:33,0.17411,216.50,0.5574,21.04892,61.46284,31.23196,45.11937,50.00,0653:26:14,1,08
16:09:34,0.17486,216.50,0.56006,21.23277,61.9997,31.23197,45.11938,50.00,0653:26:15,1,08
16:09:35,0.17447,216.50,0.55734,21.08434,61.56628,31.23197,45.11938,50.00,0653:26:16,1,08
16:09:36,0.17452,216.40,0.5617,21.25133,62.05389,31.23198,45.11938,50.00,0653:26:17,1,08
16:09:37,0.17442,216.30,0.55928,21.13326,61.70911,31.23199,45.11938,50.00,0653:26:18,1,08
16:09:38,0.17369,216.20,0.55933,21.03711,61.42837,31.23199,45.1194,50.00,0653:26:19,1,08
16:09:39,0.17482,216.10,0.5592,21.16024,61.78791,31.232,45.1194,50.00,0653:26:20,1,08
16:09:40,0.17576,216.00,0.55797,21.21928,61.9603,31.23201,45.1194,50.00,0653:26:21,1,08
16:09:41,0.174,216.10,0.55832,21.02362,61.38897,31.23201,45.1194,50.00,0653:26:22,1,08
16:09:42,0.17418,216.10,0.55933,21.08434,61.56628,31.23202,45.11942,50.00,0653:26:24,1,08
16:09:43,0.17518,216.30,0.56235,21.3441,62.32478,31.23202,45.11942,50.00,0653:26:25,1,08
16:09:44,0.1673,216.40,0.55827,20.24771,59.12333,31.23203,45.11943,50.00,0653:26:26,1,08
16:09:45,0.1648,216.50,0.56127,20.05711,58.56677,31.23204,45.11943,50.00,0653:26:27,1,08
16:09:46,0.16846,216.50,0.56262,20.54964,60.00496,31.23204,45.11943,50.00,0653:26:28,1,08
16:09:47,0.17399,216.50,0.55552,20.9629,61.21166,31.23205,45.11943,50.00,0653:26:29,1,08
16:09:48,0.17465,216.50,0.55549,21.0388,61.4333,31.23205,45.11945,50.00,0653:26:30,1,08
16:09:49,0.17465,216.50,0.55549,21.0388,61.4333,31.23205,45.11945,50.00,0653:26:30,1,08
16:09:50,0.17297,216.50,0.56049,21.02025,61.37913,31.23206,45.11945,50.00,0653:26:31,1,08
16:09:51,0.17473,216.40,0.55723,21.1029,61.62046,31.23207,45.11946,50.00,0653:26:32,1,08
16:09:52,0.17451,216.40,0.55725,21.08097,61.55643,31.23207,45.11946,50.00,0653:26:33,1,08
16:09:53,0.17488,216.40,0.56003,21.22771,61.98493,31.23208,45.11946,50.00,0653:26:34,1,08
16:09:54,0.17474,216.40,0.55554,21.04049,61.43822,31.23208,45.11946,50.00,0653:26:35,1,08
16:09:55,0.17574,216.40,0.55589,21.17374,61.82732,31.23209,45.11948,50.00,0653:26:36,1,08
16:09:56,0.17525,216.50,0.5562,21.13326,61.70911,31.2321,45.11948,50.00,0653:26:37,1,08
16:09:57,0.16739,216.50,0.53127,19.28627,56.31591,31.2321,45.11948,50.00,0653:26:38,1,08
16:09:58,0.15598,216.40,0.48503,16.39856,47.88379,31.23211,45.11948,50.00,0653:26:39,1,08
16:09:59,0.15427,216.60,0.48569,16.2535,47.46022,31.23211,45.1195,50.00,0653:26:40,1,08
16:10:00,0.15381,216.60,0.48493,16.17928,47.2435,31.23212,45.1195,50.00,0653:26:41,1,08
16:10:01,0.14849,216.50,0.48298,15.55519,45.42114,31.23212,45.11951,50.00,0653:26:42,1,08
16:10:02,0.14801,216.50,0.48518,15.57543,45.48024,31.23213,45.11951,50.00,0653:26:43,1,08
16:10:03,0.14896,216.50,0.48068,15.52988,45.34726,31.23213,45.11951,50.00,0653:26:45,1,08
16:10:04,0.14762,216.50,0.48535,15.53832,45.37189,31.23213,45.11951,50.00,0653:26:46,1,08
16:10:05,0.14759,216.50,0.48566,15.54,45.37681,31.23214,45.11951,50.00,0653:26:47,1,08
16:10:06,0.13837,216.30,0.47969,14.3829,41.99806,31.23214,45.11953,50.00,0653:26:48,1,08
16:10:07,0.13914,216.40,0.47998,14.47398,42.26402,31.23215,45.11953,50.00,0653:26:49,1,08
16:10:08,0.14872,216.40,0.48116,15.50796,45.28323,31.23215,45.11954,50.00,0653:26:50,1,08
16:10:09,0.14718,216.30,0.48566,15.48603,45.2192,31.23216,45.11954,50.00,0653:26:51,1,08
16:10:10,0.13845,216.30,0.48099,14.42506,42.12119,31.23216,45.11954,50.00,0653:26:52,1,08
16:10:11,0.1416,216.30,0.48109,14.75904,43.09639,31.23216,45.11954,50.00,0653:26:53,1,08
16:10:12,0.14757,216.30,0.48396,15.47253,45.1798,31.23217,45.11956,50.00,0653:26:54,1,08
16:10:13,0.14869,216.30,0.48,15.46241,45.15025,31.23217,45.11956,50.00,0653:26:55,1,08
16:10:14,0.1472,216.30,0.48572,15.49446,45.24382,31.23218,45.11956,50.00,0653:26:56,1,08
16:10:15,0.14736,216.40,0.48485,15.48771,45.22413,31.23218,45.11956,50.00,0653:26:57,1,08
16:10:16,0.14116,216.50,0.48044,14.70506,42.93879,31.23219,45.11958,50.00,0653:26:58,1,08
16:10:17,0.14116,216.50,0.48044,14.70506,42.93879,31.23219,45.11958,50.00,0653:26:58,1,08
16:10:18,0.14814,216.50,0.48472,15.57543,45.48024,31.23219,45.11958,50.00,0653:26:59,1,08
16:10:19,0.14779,216.60,0.48532,15.55856,45.43099,31.2322,45.11959,50.00,0653:27:00,1,08
16:10:20,0.14725,216.60,0.48675,15.55181,45.41129,31.2322,45.11959,50.00,0653:27:01,1,08
16:10:21,0.14698,216.60,0.48693,15.52482,45.33249,31.23221,45.11959,50.00,0653:27:02,1,08
16:10:23,0.14817,216.40,0.48624,15.61928,45.6083,31.23221,45.11959,50.00,0653:27:03,1,08
16:10:24,0.1479,216.50,0.48496,15.55181,45.41129,31.23221,45.11961,50.00,0653:27:04,1,08
16:10:25,0.14651,216.40,0.48975,15.55181,45.41129,31.23222,45.11961,50.00,0653:27:05,1,08
16:10:26,0.14419,216.20,0.49816,15.55519,45.42114,31.23222,45.11961,50.00,0653:27:07,1,08
16:10:27,0.14416,216.10,0.49832,15.55012,45.40636,31.23223,45.11962,50.00,0653:27:08,1,08
16:10:28,0.14479,216.10,0.4965,15.55856,45.43099,31.23223,45.11962,50.00,0653:27:09,1,08
16:10:29,0.1453,216.10,0.49356,15.52482,45.33249,31.23224,45.11963,50.00,0653:27:10,1,08
16:10:30,0.15583,216.20,0.51694,17.44603,50.9424,31.23224,45.11963,50.00,0653:27:11,1,08
16:10:31,0.16277,216.20,0.53345,18.80386,54.90726,31.23225,45.11964,50.00,0653:27:12,1,08
16:10:32,0.1754,216.20,0.52478,19.93398,58.20723,31.23225,45.11964,50.00,0653:27:13,1,08
16:10:33,0.18478,216.20,0.54309,21.72868,63.44775,31.23226,45.11964,50.00,0653:27:14,1,08
16:10:34,0.19608,216.30,0.56727,24.09519,70.35795,31.23227,45.11964,50.00,0653:27:15,1,08
16:10:35,0.21163,216.30,0.58181,26.6776,77.89858,31.23227,45.11966,50.00,0653:27:16,1,08
16:10:36,0.2137,216.40,0.5835,27.02844,78.92304,31.23228,45.11966,50.00,0653:27:17,1,08
16:10:37,0.2112,216.40,0.58201,26.64555,77.80501,31.23229,45.11967,50.00,0653:27:18,1,08
16:10:38,0.21282,216.50,0.58353,26.92555,78.6226,31.2323,45.11967,50.00,0653:27:19,1,08
16:10:39,0.21253,216.50,0.58446,26.93904,78.662,31.23231,45.11967,50.00,0653:27:20,1,08
16:10:40,0.2112,216.50,0.58199,26.65061,77.81977,31.23231,45.11969,50.00,0653:27:21,1,08
16:10:41,0.21469,216.50,0.58047,27.02507,78.91319,31.23232,45.11969,50.00,0653:27:22,1,08
16:10:42,0.21483,216.50,0.57686,26.87663,78.47977,31.23233,45.11969,50.00,0653:27:23,1,08
16:10:43,0.21483,216.50,0.57686,26.87663,78.47977,31.23233,45.11969,50.00,0653:27:23,1,08
16:10:44,0.21614,216.40,0.5782,27.08748,79.09544,31.23234,45.11969,50.00,0653:27:24,1,08
16:10:45,0.21076,216.20,0.58289,26.60507,77.6868,31.23234,45.11971,50.00,0653:27:25,1,08
16:10:46,0.21272,216.30,0.58524,26.97109,78.75559,31.23235,45.11972,50.00,0653:27:27,1,08
16:10:47,0.21065,216.30,0.58508,26.7029,77.97247,31.23236,45.11972,50.00,0653:27:28,1,08
16:10:48,0.20794,216.30,0.58358,26.29808,76.79039,31.23237,45.11972,50.00,0653:27:29,1,08
16:10:49,0.21196,216.30,0.58508,26.86314,78.44037,31.23238,45.11972,50.00,0653:27:30,1,08
16:10:50,0.21183,216.40,0.58279,26.75181,78.1153,31.23238,45.11974,50.00,0653:27:31,1,08
16:10:51,0.21,216.40,0.58411,26.58988,77.64246,31.23239,45.11974,50.00,0653:27:32,1,08
16:10:52,0.21147,216.50,0.58604,26.87157,78.465,31.2324,45.11975,50.00,0653:27:33,1,08
16:10:53,0.21126,216.50,0.58625,26.86145,78.43544,31.23241,45.11975,50.00,0653:27:34,1,08
16:10:54,0.20898,216.60,0.58466,26.51229,77.41589,31.23241,45.11975,50.00,0653:27:35,1,08
16:10:55,0.21193,216.70,0.58145,26.74338,78.09067,31.23242,45.11975,50.00,0653:27:36,1,08
16:10:56,0.21399,216.80,0.57822,26.87157,78.465,31.23243,45.11977,50.00,0653:27:37,1,08
16:10:57,0.21432,216.70,0.57741,26.86314,78.44037,31.23244,45.11977,50.00,0653:27:38,1,08
16:10:58,0.21202,216.80,0.57977,26.6894,77.93305,31.23245,45.11977,50.00,0653:27:39,1,08
16:10:59,0.2105,216.70,0.58421,26.69278,77.94291,31.23245,45.11979,50.00,0653:27:40,1,08
16:11:00,0.21238,216.50,0.58389,26.89519,78.53395,31.23246,45.11979,50.00,0653:27:41,1,08
16:11:01,0.21293,216.50,0.58188,26.86314,78.44037,31.23247,45.1198,50.00,0653:27:42,1,08
16:11:02,0.21325,216.20,0.58346,26.9441,78.67678,31.23248,45.1198,50.00,0653:27:43,1,08
16:11:03,0.21118,216.30,0.58245,26.64386,77.80008,31.23249,45.1198,50.00,0653:27:44,1,08
16:11:04,0.21209,216.10,0.58396,26.80748,78.27784,31.23249,45.11982,50.00,0653:27:45,1,08
16:11:05,0.21204,216.20,0.58506,26.85808,78.42559,31.2325,45.11982,50.00,0653:27:46,1,08
16:11:06,0.21176,216.10,0.58467,26.80073,78.25814,31.23251,45.11983,50.00,0653:27:48,1,08
16:11:07,0.21183,216.10,0.58086,26.63205,77.76559,31.23252,45.11983,50.00,0653:27:49,1,08
16:11:08,0.20522,216.00,0.5809,25.79711,75.32758,31.23252,45.11983,50.00,0653:27:50,1,08
16:11:09,0.20692,215.90,0.5792,25.91687,75.67728,31.23253,45.11983,50.00,0653:27:51,1,08
16:11:10,0.20692,215.90,0.5792,25.91687,75.67728,31.23253,45.11983,50.00,0653:27:51,1,08
16:11:11,0.21349,216.00,0.58229,26.89181,78.52409,31.23254,45.11985,50.00,0653:27:52,1,08
16:11:12,0.21086,216.10,0.58276,26.59326,77.65231,31.23255,45.11985,50.00,0653:27:53,1,08
16:11:13,0.21314,216.00,0.58273,26.87495,78.47485,31.23255,45.11985,50.00,0653:27:54,1,08
16:11:14,0.21219,216.00,0.58197,26.71639,78.01186,31.23256,45.11987,50.00,0653:27:55,1,08
16:11:15,0.20574,216.10,0.585,26.05013,76.06638,31.23257,45.11987,50.00,0653:27:56,1,08
16:11:16,0.20489,216.00,0.58412,25.89663,75.61816,31.23258,45.11988,50.00,0653:27:57,1,08
16:11:17,0.21211,216.00,0.58271,26.74844,78.10545,31.23259,45.11988,50.00,0653:27:58,1,08
16:11:18,0.2116,216.10,0.58233,26.67591,77.89366,31.23259,45.11988,50.00,0653:27:59,1,08
16:11:19,0.21364,216.10,0.58018,26.82772,78.33694,31.2326,45.11988,50.00,0653:28:00,1,08
16:11:20,0.21542,216.10,0.57945,27.01495,78.88364,31.23261,45.1199,50.00,0653:28:01,1,08
16:11:21,0.2129,216.00,0.57525,26.49711,77.37157,31.23262,45.1199,50.00,0653:28:02,1,08
16:11:22,0.21154,216.00,0.58031,26.55784,77.54889,31.23262,45.11991,50.00,0653:28:03,1,08
16:11:23,0.21237,215.90,0.58417,26.83278,78.35172,31.23263,45.11992,50.00,0653:28:04,1,08
16:11:24,0.21198,215.90,0.58309,26.72651,78.04142,31.23264,45.11992,50.00,0653:28:05,1,08
16:11:25,0.21101,215.90,0.58218,26.5629,77.56367,31.23265,45.11993,50.00,0653:28:06,1,08
16:11:26,0.20935,215.80,0.58419,26.43976,77.20411,31.23266,45.11993,50.00,0653:28:07,1,08
16:11:27,0.20206,216.00,0.58466,25.5576,74.62818,31.23266,45.11993,50.00,0653:28:09,1,08
16:11:28,0.21181,216.00,0.58537,26.82097,78.31724,31.23267,45.11993,50.00,0653:28:10,1,08
16:11:29,0.21231,216.10,0.58439,26.8547,78.41574,31.23268,45.11995,50.00,0653:28:11,1,08
16:11:30,0.21233,216.10,0.57958,26.63374,77.77052,31.23269,45.11995,50.00,0653:28:12,1,08
16:11:31,0.21341,216.10,0.57385,26.51398,77.42083,31.23269,45.11996,50.00,0653:28:13,1,08
16:11:32,0.21429,216.20,0.58058,26.94242,78.67186,31.2327,45.11996,50.00,0653:28:14,1,08
16:11:33,0.20416,216.10,0.58212,25.72964,75.13056,31.23271,45.11996,50.00,0653:28:15,1,08
16:11:34,0.2107,216.10,0.58299,26.58988,77.64246,31.23272,45.11998,50.00,0653:28:16,1,08
16:11:35,0.2119,216.20,0.58562,26.8682,78.45514,31.23272,45.11998,50.00,0653:28:17,1,08
16:11:36,0.21233,216.10,0.58208,26.74675,78.10052,31.23273,45.11998,50.00,0653:28:18,1,08
16:11:37,0.21233,216.10,0.58208,26.74675,78.10052,31.23273,45.11998,50.00,0653:28:18,1,08
16:11:38,0.21094,215.90,0.58059,26.49037,77.35188,31.23274,45.11998,50.00,0653:28:19,1,08
16:11:39,0.21301,215.90,0.58264,26.84121,78.37634,31.23275,45.12,50.00,0653:28:20,1,08
16:11:40,0.20584,216.00,0.58419,26.01808,75.97279,31.23276,45.12,50.00,0653:28:21,1,08
16:11:41,0.21313,216.00,0.58091,26.78892,78.22365,31.23276,45.12001,50.00,0653:28:22,1,08
16:11:42,0.21196,216.10,0.58299,26.74338,78.09067,31.23277,45.12001,50.00,0653:28:23,1,08
16:11:43,0.21416,216.00,0.58273,27.00651,78.85902,31.23278,45.12001,50.00,0653:28:24,1,08
16:11:44,0.21247,215.90,0.57994,26.65061,77.81977,31.23279,45.12003,50.00,0653:28:25,1,08
16:11:45,0.21625,215.90,0.58038,27.1482,79.27274,31.23279,45.12003,50.00,0653:28:26,1,08
16:11:46,0.21812,215.90,0.57482,27.11109,79.16439,31.2328,45.12004,50.00,0653:28:27,1,08
16:11:47,0.21304,216.00,0.57831,26.65735,77.83948,31.23281,45.12004,50.00,0653:28:29,1,08
16:11:48,0.21324,215.90,0.58008,26.74675,78.10052,31.23282,45.12004,50.00,0653:28:30,1,08
16:11:49,0.21512,215.80,0.58073,27.0082,78.86394,31.23283,45.12004,50.00,0653:28:31,1,08
16:11:50,0.21175,215.70,0.58008,26.53928,77.49471,31.23283,45.12006,50.00,0653:28:32,1,08
16:11:51,0.21159,215.70,0.58298,26.65061,77.81977,31.23284,45.12006,50.00,0653:28:33,1,08
16:11:52,0.21255,215.70,0.58123,26.68603,77.92321,31.23285,45.12006,50.00,0653:28:34,1,08
16:11:53,0.21408,215.70,0.58355,26.99133,78.81469,31.23286,45.12008,50.00,0653:28:35,1,08
16:11:54,0.21307,215.80,0.58253,26.82265,78.32215,31.23286,45.12008,50.00,0653:28:36,1,08
16:11:55,0.21377,215.80,0.58369,26.97446,78.76543,31.23287,45.12009,50.00,0653:28:37,1,08
16:11:56,0.20929,215.80,0.5809,26.28121,76.74113,31.23288,45.12009,50.00,0653:28:38,1,08
16:11:57,0.16693,215.70,0.52553,18.95567,55.35054,31.23289,45.12009,50.00,0653:28:39,1,08
16:11:58,0.15767,215.70,0.50099,17.06651,49.83421,31.23289,45.12009,50.00,0653:28:40,1,08
16:11:59,0.15864,215.80,0.49946,17.12386,50.00167,31.2329,45.12011,50.00,0653:28:41,1,08
16:12:00,0.1544,215.70,0.49201,16.41205,47.92319,31.2329,45.12011,50.00,0653:28:42,1,08
16:12:01,0.14567,215.60,0.49555,15.59229,45.5295,31.23291,45.12012,50.00,0653:28:43,1,08
16:12:02,0.14589,215.50,0.49309,15.52988,45.34726,31.23291,45.12012,50.00,0653:28:44,1,08
16:12:03,0.14589,215.50,0.49309,15.52988,45.34726,31.23291,45.12012,50.00,0653:28:44,1,08
16:12:04,0.14422,215.60,0.49913,15.54338,45.38666,31.23291,45.12012,50.00,0653:28:45,1,08
16:12:05,0.146,215.50,0.50268,15.84193,46.25844,31.23292,45.12012,50.00,0653:28:46,1,08
16:12:06,0.15321,215.60,0.51922,17.17784,50.15929,31.23292,45.12014,50.00,0653:28:47,1,08
16:12:07,0.14832,215.70,0.50332,16.13205,47.10559,31.23293,45.12014,50.00,0653:28:48,1,08
16:12:08,0.16742,215.60,0.54474,19.69615,57.51275,31.23293,45.12014,50.00,0653:28:50,1,08
16:12:09,0.17327,215.60,0.5636,21.0894,61.58105,31.23294,45.12014,50.00,0653:28:51,1,08
16:12:10,0.17532,215.60,0.56165,21.26651,62.09821,31.23295,45.12016,50.00,0653:28:52,1,08
16:12:11,0.17297,215.70,0.56315,21.04217,61.44315,31.23295,45.12016,50.00,0653:28:53,1,08
16:12:12,0.16579,215.70,0.56546,20.25277,59.1381,31.23296,45.12016,50.00,0653:28:54,1,08
16:12:13,0.16413,215.60,0.5649,20.02507,58.47319,31.23296,45.12017,50.00,0653:28:55,1,08
16:12:14,0.17384,215.60,0.56677,21.27663,62.12776,31.23297,45.12017,50.00,0653:28:56,1,08
16:12:15,0.17349,215.50,0.56034,20.9882,61.28554,31.23298,45.12017,50.00,0653:28:57,1,08
16:12:16,0.17445,215.50,0.55997,21.08772,61.57613,31.23298,45.12017,50.00,0653:28:58,1,08
16:12:18,0.17319,215.20,0.56217,20.9882,61.28554,31.23299,45.12019,50.00,0653:28:59,1,08
16:12:19,0.16842,215.20,0.56812,20.62386,60.22167,31.23299,45.12019,50.00,0653:29:00,1,08
16:12:20,0.16489,215.30,0.56528,20.09759,58.68497,31.233,45.1202,50.00,0653:29:01,1,08
16:12:21,0.17396,215.20,0.56373,21.14169,61.73374,31.23301,45.1202,50.00,0653:29:02,1,08
16:12:22,0.17365,215.20,0.56668,21.21422,61.94553,31.23301,45.1202,50.00,0653:29:03,1,08
16:12:23,0.17411,215.30,0.56726,21.29519,62.18194,31.23302,45.1202,50.00,0653:29:04,1,08
16:12:24,0.17369,215.30,0.56786,21.27157,62.11299,31.23303,45.12022,50.00,0653:29:05,1,08
16:12:25,0.16922,215.30,0.56555,20.63567,60.25616,31.23303,45.12022,50.00,0653:29:06,1,08
16:12:26,0.16647,215.20,0.56768,20.37422,59.49273,31.23304,45.12022,50.00,0653:29:07,1,08
16:12:27,0.1734,215.20,0.56494,21.11639,61.65985,31.23304,45.12022,50.00,0653:29:08,1,08
16:12:28,0.1737,215.00,0.56605,21.17711,61.83717,31.23305,45.12022,50.00,0653:29:10,1,08
16:12:29,0.1737,215.00,0.56605,21.17711,61.83717,31.23305,45.12022,50.00,0653:29:10,1,08
16:12:30,0.175,215.00,0.5682,21.41663,62.53656,31.23306,45.12024,50.00,0653:29:11,1,08
16:12:31,0.17421,215.00,0.56402,21.16193,61.79284,31.23306,45.12024,50.00,0653:29:12,1,08
16:12:32,0.17344,215.00,0.56642,21.16024,61.78791,31.23307,45.12025,50.00,0653:29:13,1,08
16:12:33,0.17314,215.20,0.56772,21.18386,61.85688,31.23307,45.12025,50.00,0653:29:14,1,08
16:12:34,0.17347,215.20,0.5687,21.26483,62.09329,31.23308,45.12025,50.00,0653:29:15,1,08
16:12:35,0.17413,215.10,0.56824,21.32049,62.25582,31.23309,45.12025,50.00,0653:29:16,1,08
16:12:36,0.17324,215.10,0.56697,21.16362,61.79778,31.23309,45.12027,50.00,0653:29:17,1,08
16:12:37,0.17276,215.20,0.56717,21.12145,61.67464,31.2331,45.12027,50.00,0653:29:18,1,08
16:12:38,0.17204,215.20,0.56691,21.02362,61.38897,31.23311,45.12028,50.00,0653:29:19,1,08
16:12:39,0.17267,215.20,0.57121,21.2547,62.06374,31.23311,45.12028,50.00,0653:29:20,1,08
16:12:40,0.17199,215.30,0.56507,20.96121,61.20673,31.23312,45.12029,50.00,0653:29:21,1,08
16:12:41,0.17174,215.60,0.56937,21.11302,61.65001,31.23312,45.12029,50.00,0653:29:22,1,08
16:12:42,0.17257,215.50,0.57063,21.25976,62.07851,31.23313,45.1203,50.00,0653:29:23,1,08
16:12:43,0.16828,215.50,0.56943,20.68121,60.38914,31.23314,45.1203,50.00,0653:29:24,1,08
16:12:44,0.16571,215.50,0.56895,20.34892,59.41885,31.23314,45.1203,50.00,0653:29:25,1,08
16:12:45,0.17444,215.50,0.56384,21.22771,61.98493,31.23315,45.1203,50.00,0653:29:26,1,08
16:12:46,0.1729,215.50,0.56543,21.10796,61.63523,31.23315,45.1203,50.00,0653:29:27,1,08
16:12:47,0.17297,215.50,0.56646,21.14844,61.75344,31.23316,45.12032,50.00,0653:29:28,1,08
16:12:48,0.17242,215.50,0.56741,21.11302,61.65001,31.23317,45.12032,50.00,0653:29:29,1,08
16:12:49,0.16663,215.40,0.5668,20.37928,59.5075,31.23317,45.12033,50.00,0653:29:31,1,08
16:12:50,0.17263,215.40,0.56793,21.1535,61.76822,31.23318,45.12033,50.00,0653:29:32,1,08
16:12:51,0.17239,215.40,0.56799,21.12145,61.67464,31.23318,45.12033,50.00,0653:29:33,1,08
16:12:52,0.17467,215.30,0.56923,21.44193,62.61045,31.23319,45.12033,50.00,0653:29:34,1,08
16:12:53,0.17377,215.30,0.56951,21.33904,62.31,31.2332,45.12035,50.00,0653:29:35,1,08
16:12:54,0.17435,215.40,0.56515,21.25976,62.07851,31.2332,45.12035,50.00,0653:29:36,1,08
16:12:55,0.17293,215.50,0.56913,21.24627,62.0391,31.23321,45.12035,50.00,0653:29:37,1,08
16:12:56,0.17293,215.50,0.56913,21.24627,62.0391,31.23321,45.12035,50.00,0653:29:37,1,08
16:12:57,0.17285,215.40,0.56694,21.14338,61.73866,31.23322,45.12035,50.00,0653:29:38,1,08
16:12:58,0.1727,215.50,0.56997,21.2429,62.02926,31.23322,45.12037,50.00,0653:29:39,1,08
16:12:59,0.17311,215.50,0.56815,21.23446,62.00463,31.23323,45.12037,50.00,0653:29:40,1,08
16:13:00,0.17379,215.60,0.56849,21.33567,62.30015,31.23323,45.12037,50.00,0653:29:41,1,08
16:13:01,0.17251,215.70,0.56627,21.10121,61.61554,31.23324,45.12038,50.00,0653:29:42,1,08
16:13:02,0.17307,215.70,0.56636,21.17543,61.83225,31.23325,45.12038,50.00,0653:29:43,1,08
16:13:03,0.17242,215.60,0.56735,21.1282,61.69434,31.23325,45.12038,50.00,0653:29:44,1,08
16:13:04,0.17367,215.70,0.57063,21.4082,62.51194,31.23326,45.12038,50.00,0653:29:45,1,08
16:13:05,0.17306,215.70,0.56555,21.14507,61.74359,31.23327,45.1204,50.00,0653:29:46,1,08
16:13:06,0.17247,215.70,0.56695,21.12483,61.68449,31.23327,45.1204,50.00,0653:29:47,1,08
16:13:07,0.17211,215.70,0.56878,21.14675,61.74852,31.23328,45.12041,50.00,0653:29:48,1,08
16:13:08,0.1729,215.70,0.57061,21.3188,62.25089,31.23328,45.12041,50.00,0653:29:49,1,08
16:13:09,0.17219,215.70,0.56987,21.20073,61.90612,31.23329,45.12041,50.00,0653:29:51,1,08
16:13:10,0.16535,215.70,0.56996,20.36579,59.46809,31.2333,45.12041,50.00,0653:29:52,1,08
16:13:11,0.17052,215.80,0.56993,21.00506,61.33479,31.2333,45.12043,50.00,0653:29:53,1,08
16:13:12,0.17248,216.00,0.57098,21.30362,62.20658,31.23331,45.12043,50.00,0653:29:54,1,08
16:13:13,0.16681,215.90,0.56691,20.45181,59.71929,31.23331,45.12043,50.00,0653:29:55,1,08
16:13:14,0.17272,215.90,0.56913,21.26145,62.08344,31.23332,45.12043,50.00,0653:29:56,1,08
16:13:15,0.17133,216.00,0.56837,21.06242,61.50226,31.23333,45.12043,50.00,0653:29:57,1,08
16:13:16,0.16855,215.90,0.56867,20.73012,60.53196,31.23333,45.12045,50.00,0653:29:58,1,08
16:13:17,0.1637,215.90,0.57132,20.22747,59.06423,31.23334,45.12045,50.00,0653:29:59,1,08
16:13:18,0.1728,215.80,0.57005,21.29012,62.16716,31.23334,45.12046,50.00,0653:30:00,1,08
16:13:19,0.17282,215.80,0.56751,21.19904,61.9012,31.23335,45.12046,50.00,0653:30:01,1,08
16:13:20,0.1726,215.70,0.5687,21.21085,61.93568,31.23336,45.12046,50.00,0653:30:02,1,08
16:13:21,0.17237,215.80,0.56842,21.17374,61.82732,31.23336,45.12046,50.00,0653:30:03,1,08
16:13:22,0.17237,215.80,0.56842,21.17374,61.82732,31.23336,45.12046,50.00,0653:30:03,1,08
16:13:23,0.17379,215.70,0.57133,21.45543,62.64985,31.23337,45.12048,50.00,0653:30:04,1,08
16:13:24,0.17277,215.70,0.56698,21.16024,61.78791,31.23338,45.12048,50.00,0653:30:05,1,08
16:13:25,0.17227,215.80,0.56755,21.13157,61.70419,31.23338,45.12049,50.00,0653:30:06,1,08
16:13:26,0.16542,215.80,0.56996,20.37928,59.5075,31.23339,45.12049,50.00,0653:30:07,1,08
16:13:27,0.16224,215.90,0.57356,20.12121,58.75394,31.23339,45.12049,50.00,0653:30:08,1,08
16:13:28,0.17239,216.00,0.56771,21.17037,61.81747,31.2334,45.12049,50.00,0653:30:09,1,08
16:13:29,0.17019,215.90,0.56495,20.78916,60.70435,31.23341,45.12049,50.00,0653:30:11,1,08
16:13:30,0.16471,215.80,0.56712,20.19374,58.96572,31.23341,45.12051,50.00,0653:30:12,1,08
16:13:31,0.15676,215.70,0.51668,17.49832,51.09509,31.23342,45.12051,50.00,0653:30:13,1,08
16:13:32,0.15169,215.60,0.50257,16.46265,48.07095,31.23342,45.12051,50.00,0653:30:14,1,08
16:13:33,0.152,215.80,0.4982,16.36651,47.79021,31.23343,45.12051,50.00,0653:30:15,1,08
16:13:34,0.14909,215.80,0.49963,16.09832,47.00708,31.23343,45.12053,50.00,0653:30:16,1,08
16:13:35,0.14489,215.80,0.49914,15.63278,45.64771,31.23344,45.12053,50.00,0653:30:17,1,08
16:13:36,0.14471,215.70,0.49876,15.59567,45.53934,31.23344,45.12054,50.00,0653:30:18,1,08
16:13:37,0.14411,215.70,0.49957,15.55687,45.42607,31.23344,45.12054,50.00,0653:30:19,1,08
16:13:38,0.14491,215.60,0.49558,15.50964,45.28815,31.23345,45.12054,50.00,0653:30:20,1,08
16:13:39,0.14411,215.60,0.50038,15.57205,45.47039,31.23345,45.12054,50.00,0653:30:21,1,08
16:13:40,0.14357,215.50,0.5012,15.53326,45.35711,31.23346,45.12056,50.00,0653:30:22,1,08
16:13:41,0.14409,215.50,0.49897,15.51639,45.30786,31.23346,45.12056,50.00,0653:30:23,1,08
16:13:42,0.14496,215.50,0.49542,15.50121,45.26353,31.23347,45.12056,50.00,0653:30:24,1,08
16:13:43,0.14508,215.60,0.49451,15.49109,45.23398,31.23347,45.12057,50.00,0653:30:25,1,08
16:13:44,0.14433,215.50,0.50027,15.58723,45.51472,31.23348,45.12057,50.00,0653:30:26,1,08
16:13:45,0.14452,215.60,0.5013,15.64458,45.68218,31.23348,45.12057,50.00,0653:30:27,1,08
16:13:46,0.14357,215.60,0.50109,15.53663,45.36696,31.23349,45.12057,50.00,0653:30:28,1,08
16:13:47,0.14423,215.60,0.49984,15.57205,45.47039,31.23349,45.12059,50.00,0653:30:29,1,08
16:13:48,0.14423,215.60,0.49984,15.57205,45.47039,31.23349,45.12059,50.00,0653:30:29,1,08
16:13:49,0.14481,215.60,0.49682,15.54,45.37681,31.23349,45.12059,50.00,0653:30:30,1,08
16:13:50,0.14413,215.70,0.50005,15.56699,45.45562,31.2335,45.12059,50.00,0653:30:32,1,08
16:13:51,0.14373,215.60,0.49935,15.49952,45.25861,31.2335,45.12059,50.00,0653:30:33,1,08
16:13:52,0.14608,215.60,0.50123,15.81157,46.16978,31.23351,45.12061,50.00,0653:30:34,1,08
16:13:53,0.14469,215.60,0.49649,15.51302,45.29801,31.23351,45.12061,50.00,0653:30:35,1,08
16:13:54,0.14394,215.60,0.49929,15.51808,45.31278,31.23352,45.12061,50.00,0653:30:36,1,08
16:13:55,0.14326,215.50,0.49809,15.40506,44.98278,31.23352,45.12062,50.00,0653:30:37,1,08
16:13:56,0.14395,215.40,0.49924,15.50121,45.26353,31.23353,45.12062,50.00,0653:30:38,1,08
16:13:57,0.14507,215.10,0.49638,15.51639,45.30786,31.23353,45.12062,50.00,0653:30:39,1,08
16:13:58,0.14614,215.10,0.49496,15.58049,45.49502,31.23353,45.12062,50.00,0653:30:40,1,08
16:13:59,0.14605,215.10,0.49743,15.65302,45.70681,31.23354,45.12064,50.00,0653:30:41,1,08
16:14:00,0.14494,215.40,0.49903,15.60241,45.55905,31.23354,45.12064,50.00,0653:30:42,1,08
16:14:01,0.14814,215.40,0.50602,16.17591,47.23365,31.23355,45.12064,50.00,0653:30:43,1,08
16:14:02,0.16278,215.50,0.53124,18.67061,54.51817,31.23355,45.12064,50.00,0653:30:44,1,08
16:14:03,0.16269,215.60,0.52559,18.46482,53.91729,31.23356,45.12066,50.00,0653:30:45,1,08
16:14:04,0.16711,215.60,0.54913,19.81253,57.8526,31.23357,45.12066,50.00,0653:30:46,1,08
16:14:05,0.16982,215.50,0.55548,20.36579,59.46809,31.23357,45.12067,50.00,0653:30:47,1,08
16:14:07,0.16926,215.50,0.55689,20.34217,59.39915,31.23358,45.12067,50.00,0653:30:48,1,08
16:14:08,0.16914,215.50,0.55674,20.32362,59.34497,31.23358,45.12067,50.00,0653:30:49,1,08
16:14:09,0.16841,215.50,0.56052,20.37085,59.48288,31.23359,45.12067,50.00,0653:30:50,1,08
16:14:10,0.16937,215.50,0.56096,20.5041,59.87198,31.23359,45.12067,50.00,0653:30:51,1,08
16:14:11,0.16931,215.40,0.56068,20.48049,59.80302,31.2336,45.12069,50.00,0653:30:53,1,08
16:14:12,0.17006,215.30,0.55942,20.5176,59.91138,31.23361,45.12069,50.00,0653:30:54,1,08
16:14:13,0.16984,215.40,0.55961,20.50579,59.8769,31.23361,45.1207,50.00,0653:30:55,1,08
16:14:14,0.16904,215.40,0.56225,20.50747,59.88182,31.23362,45.1207,50.00,0653:30:56,1,08
16:14:15,0.1616,215.40,0.56225,19.60675,57.25172,31.23362,45.1207,50.00,0653:30:57,1,08
16:14:16,0.1616,215.40,0.56225,19.60675,57.25172,31.23362,45.1207,50.00,0653:30:57,1,08
16:14:17,0.16925,215.50,0.56197,20.52772,59.94093,31.23363,45.1207,50.00,0653:30:58,1,08
16:14:18,0.17001,215.60,0.55918,20.52772,59.94093,31.23364,45.12072,50.00,0653:30:59,1,08
16:14:19,0.16845,215.60,0.56149,20.42482,59.64049,31.23364,45.12072,50.00,0653:31:00,1,08
16:14:20,0.16806,215.60,0.56308,20.43326,59.66511,31.23365,45.12072,50.00,0653:31:01,1,08
16:14:21,0.16453,215.50,0.56492,20.06386,58.58647,31.23365,45.12072,50.00,0653:31:02,1,08
16:14:22,0.16022,215.50,0.56534,19.55615,57.10395,31.23366,45.12072,50.00,0653:31:03,1,08
16:14:23,0.16892,215.50,0.56193,20.49229,59.83749,31.23367,45.12074,50.00,0653:31:04,1,08
16:14:24,0.16809,215.70,0.5652,20.5294,59.94586,31.23367,45.12074,50.00,0653:31:05,1,08
16:14:25,0.16875,215.70,0.56504,20.60193,60.15765,31.23368,45.12075,50.00,0653:31:06,1,08
16:14:26,0.16791,215.70,0.56547,20.51254,59.8966,31.23368,45.12075,50.00,0653:31:07,1,08
16:14:27,0.16692,215.70,0.56384,20.33543,59.37945,31.23369,45.12075,50.00,0653:31:08,1,08
16:14:28,0.1595,215.70,0.56158,19.35205,56.508,31.2337,45.12075,50.00,0653:31:09,1,08
16:14:29,0.16766,215.70,0.56347,20.41133,59.60109,31.2337,45.12077,50.00,0653:31:10,1,08
16:14:30,0.16815,215.60,0.56396,20.48049,59.80302,31.23371,45.12077,50.00,0653:31:11,1,08
16:14:31,0.16833,215.60,0.56431,20.51422,59.90153,31.23371,45.12078,50.00,0653:31:12,1,08
16:14:32,0.16816,215.70,0.56432,20.49735,59.85228,31.23372,45.12078,50.00,0653:31:14,1,08
16:14:33,0.16822,215.60,0.56346,20.47205,59.77839,31.23373,45.12078,50.00,0653:31:15,1,08
16:14:34,0.16067,215.50,0.5671,19.67253,57.4438,31.23373,45.12078,50.00,0653:31:16,1,08
16:14:35,0.16934,215.50,0.5641,20.6188,60.2069,31.23374,45.12078,50.00,0653:31:17,1,08
16:14:36,0.16911,215.50,0.5623,20.52266,59.92616,31.23374,45.1208,50.00,0653:31:18,1,08
16:14:37,0.16933,215.40,0.5614,20.51085,59.89167,31.23375,45.1208,50.00,0653:31:19,1,08
16:14:38,0.16848,215.50,0.56475,20.53784,59.97048,31.23375,45.1208,50.00,0653:31:20,1,08
16:14:39,0.16873,215.50,0.56396,20.53784,59.97048,31.23376,45.1208,50.00,0653:31:21,1,08
16:14:40,0.16902,214.80,0.56405,20.51422,59.90153,31.23377,45.12082,50.00,0653:31:22,1,08
16:14:41,0.17095,214.90,0.56288,20.71663,60.49256,31.23377,45.12082,50.00,0653:31:23,1,08
16:14:42,0.16866,215.50,0.56288,20.41639,60.49256,31.23377,45.12082,50.00,0653:31:23,1,08
16:14:43,0.16866,215.50,0.56084,20.41639,59.61586,31.23378,45.12083,50.00,0653:31:24,1,08
16:14:44,0.16908,215.50,0.56379,20.57326,60.07391,31.23378,45.12083,50.00,0653:31:25,1,08
16:14:45,0.16914,215.50,0.56596,20.66603,60.34481,31.23379,45.12083,50.00,0653:31:26,1,08
16:14:46,0.16822,215.70,0.56545,20.54627,59.99511,31.2338,45.12083,50.00,0653:31:27,1,08
16:14:47,0.16973,215.70,0.56233,20.62049,60.21182,31.2338,45.12083,50.00,0653:31:28,1,08
16:14:48,0.16859,215.70,0.56413,20.54964,60.00496,31.23381,45.12085,50.00,0653:31:29,1,08
16:14:49,0.16845,215.70,0.56331,20.50241,59.86705,31.23381,45.12085,50.00,0653:31:30,1,08
16:14:50,0.1677,215.70,0.56396,20.43494,59.67004,31.23382,45.12086,50.00,0653:31:31,1,08
16:14:51,0.16782,215.50,0.56422,20.43663,59.67497,31.23383,45.12086,50.00,0653:31:32,1,08
16:14:52,0.16702,215.60,0.56277,20.29326,59.25632,31.23383,45.12086,50.00,0653:31:33,1,08
16:14:53,0.16853,215.50,0.56514,20.56145,60.03943,31.23384,45.12086,50.00,0653:31:35,1,08
16:14:54,0.16919,215.60,0.56394,20.60531,60.1675,31.23384,45.12088,50.00,0653:31:36,1,08
16:14:55,0.16901,215.60,0.56493,20.6188,60.2069,31.23385,45.12088,50.00,0653:31:37,1,08
16:14:56,0.16865,215.60,0.564,20.5429,59.98526,31.23386,45.12088,50.00,0653:31:38,1,08
16:14:57,0.16785,215.60,0.56546,20.50073,59.86213,31.23386,45.12088,50.00,0653:31:39,1,08
16:14:58,0.16797,215.60,0.56556,20.5176,59.91138,31.23387,45.1209,50.00,0653:31:40,1,08
16:14:59,0.16862,215.60,0.56447,20.55639,60.02466,31.23387,45.1209,50.00,0653:31:41,1,08
16:15:00,0.15881,215.70,0.56476,19.37398,56.57202,31.23388,45.1209,50.00,0653:31:42,1,08
16:15:01,0.16948,215.70,0.56142,20.55302,60.01481,31.23389,45.12091,50.00,0653:31:43,1,08
16:15:02,0.16926,215.60,0.56542,20.67109,60.35958,31.23389,45.12091,50.00,0653:31:44,1,08
16:15:03,0.16222,215.50,0.5659,19.81591,57.86246,31.2339,45.12091,50.00,0653:31:45,1,08
16:15:04,0.16834,215.60,0.56474,20.52603,59.936,31.2339,45.12091,50.00,0653:31:46,1,08
16:15:05,0.1694,215.50,0.56545,20.67952,60.3842,31.23391,45.12093,50.00,0653:31:47,1,08
16:15:06,0.16173,215.70,0.56585,19.77037,57.72947,31.23392,45.12093,50.00,0653:31:48,1,08
16:15:07,0.16141,215.60,0.5673,19.77711,57.74918,31.23392,45.12093,50.00,0653:31:49,1,08
16:15:08,0.16831,215.60,0.56321,20.47037,59.77348,31.23393,45.12093,50.00,0653:31:50,1,08
16:15:09,0.16831,215.60,0.56321,20.47037,59.77348,31.23393,45.12093,50.00,0653:31:50,1,08
16:15:10,0.16857,215.50,0.56364,20.51085,59.89167,31.23393,45.12094,50.00,0653:31:51,1,08
16:15:11,0.16917,215.40,0.56358,20.57326,60.07391,31.23394,45.12094,50.00,0653:31:52,1,08
16:15:12,0.1694,215.50,0.5649,20.65591,60.31525,31.23395,45.12094,50.00,0653:31:53,1,08
16:15:13,0.1627,215.50,0.56583,19.87663,58.03976,31.23395,45.12096,50.00,0653:31:55,1,08
16:15:14,0.16005,215.60,0.5671,19.60169,57.23694,31.23396,45.12096,50.00,0653:31:56,1,08
16:15:15,0.16904,215.60,0.56538,20.64073,60.27093,31.23396,45.12096,50.00,0653:31:57,1,08
16:15:16,0.16943,215.80,0.56419,20.66603,60.34481,31.23397,45.12096,50.00,0653:31:58,1,08
16:15:17,0.1694,215.90,0.56363,20.64916,60.29556,31.23397,45.12098,50.00,0653:31:59,1,08
16:15:18,0.16336,216.00,0.56434,19.9441,58.23677,31.23398,45.12098,50.00,0653:32:00,1,08
16:15:19,0.1613,215.90,0.56605,19.74507,57.65559,31.23399,45.12099,50.00,0653:32:01,1,08
16:15:20,0.16886,215.90,0.56389,20.59012,60.12317,31.23399,45.12099,50.00,0653:32:02,1,08
16:15:21,0.1678,215.90,0.56574,20.52434,59.93108,31.234,45.12099,50.00,0653:32:03,1,08
16:15:22,0.16792,215.80,0.5679,20.61037,60.18227,31.234,45.12099,50.00,0653:32:04,1,08
16:15:23,0.16586,215.70,0.57701,20.67615,60.37436,31.23401,45.12099,50.00,0653:32:05,1,08
16:15:24,0.16449,215.70,0.57869,20.56651,60.05421,31.23402,45.12101,50.00,0653:32:06,1,08
16:15:25,0.16539,215.60,0.57452,20.52097,59.92123,31.23402,45.12101,50.00,0653:32:07,1,08
16:15:26,0.16779,215.70,0.56915,20.6306,60.24136,31.23403,45.12101,50.00,0653:32:08,1,08
16:15:27,0.1605,215.70,0.56743,19.67422,57.44873,31.23403,45.12101,50.00,0653:32:09,1,08
16:15:28,0.16863,215.70,0.56715,20.65759,60.32018,31.23404,45.12103,50.00,0653:32:10,1,08
16:15:29,0.16822,215.60,0.56773,20.62723,60.23152,31.23405,45.12103,50.00,0653:32:11,1,08
16:15:30,0.16847,215.70,0.56572,20.59012,60.12317,31.23405,45.12104,50.00,0653:32:12,1,08
16:15:31,0.16715,215.80,0.56724,20.49061,59.83257,31.23406,45.12104,50.00,0653:32:13,1,08
16:15:32,0.16696,215.60,0.5688,20.51254,59.8966,31.23406,45.12104,50.00,0653:32:14,1,08
16:15:33,0.16743,215.70,0.56954,20.59856,60.14779,31.23407,45.12104,50.00,0653:32:16,1,08
16:15:34,0.16779,215.50,0.56999,20.64579,60.2857,31.23408,45.12104,50.00,0653:32:17,1,08
16:15:35,0.16779,215.50,0.56999,20.64579,60.2857,31.23408,45.12104,50.00,0653:32:17,1,08
16:15:36,0.168,215.60,0.56713,20.57663,60.08377,31.23408,45.12106,50.00,0653:32:18,1,08
16:15:37,0.1602,215.80,0.5702,19.74338,57.65067,31.23409,45.12106,50.00,0653:32:19,1,08
16:15:38,0.16023,215.60,0.56577,19.57302,57.15321,31.23409,45.12107,50.00,0653:32:20,1,08
16:15:39,0.1692,215.70,0.56257,20.56482,60.04929,31.2341,45.12107,50.00,0653:32:21,1,08
16:15:40,0.16599,215.60,0.56071,20.09591,58.68006,31.23411,45.12107,50.00,0653:32:22,1,08
16:15:41,0.16662,215.50,0.56101,20.17856,58.92139,31.23411,45.12107,50.00,0653:32:23,1,08
16:15:42,0.16874,215.50,0.56021,20.40121,59.57153,31.23412,45.12109,50.00,0653:32:24,1,08
16:15:43,0.16329,215.50,0.56146,19.78555,57.7738,31.23412,45.12109,50.00,0653:32:25,1,08
16:15:44,0.1695,215.30,0.55998,20.47205,59.77839,31.23413,45.12109,50.00,0653:32:26,1,08
16:15:45,0.16764,215.30,0.55529,20.07567,58.62095,31.23413,45.12109,50.00,0653:32:27,1,08
16:15:46,0.15233,215.10,0.50411,16.54362,48.30737,31.23414,45.12109,50.00,0653:32:28,1,08
16:15:47,0.15202,215.20,0.50113,16.42049,47.94782,31.23414,45.12111,50.00,0653:32:29,1,08
16:15:48,0.15067,215.30,0.49922,16.22145,47.36663,31.23415,45.12111,50.00,0653:32:30,1,08
16:15:49,0.14656,215.30,0.49365,15.60073,45.55412,31.23415,45.12112,50.00,0653:32:31,1,08
16:15:50,0.14645,215.30,0.49316,15.57374,45.47532,31.23416,45.12112,50.00,0653:32:32,1,08
16:15:51,0.14564,215.30,0.49495,15.54169,45.38174,31.23416,45.12112,50.00,0653:32:33,1,08
16:15:52,0.14538,215.30,0.49473,15.51133,45.29308,31.23417,45.12112,50.00,0653:32:34,1,08
16:15:53,0.14563,215.30,0.4942,15.52145,45.32264,31.23417,45.12114,50.00,0653:32:36,1,08
16:15:54,0.14594,215.30,0.49148,15.46916,45.16995,31.23418,45.12114,50.00,0653:32:37,1,08
16:15:55,0.14698,215.40,0.4916,15.59061,45.52457,31.23418,45.12115,50.00,0653:32:38,1,08
16:15:56,0.14634,215.60,0.49365,15.59904,45.5492,31.23419,45.12115,50.00,0653:32:39,1,08
16:15:57,0.14547,215.70,0.49367,15.51302,45.29801,31.23419,45.12115,50.00,0653:32:40,1,08
16:15:59,0.14835,215.60,0.49753,15.94145,46.54903,31.23419,45.12115,50.00,0653:32:41,1,08
16:16:00,0.14643,215.50,0.49066,15.50627,45.27831,31.2342,45.12115,50.00,0653:32:42,1,08
16:16:01,0.14586,215.40,0.49309,15.51808,45.31278,31.2342,45.12117,50.00,0653:32:43,1,08
16:16:02,0.14586,215.40,0.49309,15.51808,45.31278,31.2342,45.12117,50.00,0653:32:43,1,08
16:16:03,0.14561,215.40,0.4935,15.5029,45.26846,31.23421,45.12117,50.00,0653:32:44,1,08
16:16:04,0.14539,215.40,0.495,15.52651,45.33741,31.23421,45.12117,50.00,0653:32:45,1,08
16:16:05,0.14673,215.40,0.49025,15.51976,45.31771,31.23422,45.12117,50.00,0653:32:46,1,08
16:16:06,0.14626,215.40,0.49268,15.55012,45.40636,31.23422,45.12119,50.00,0653:32:47,1,08
16:16:07,0.146,215.40,0.48935,15.41687,45.01727,31.23423,45.12119,50.00,0653:32:48,1,08
16:16:08,0.14481,215.50,0.49363,15.43037,45.05667,31.23423,45.1212,50.00,0653:32:49,1,08
16:16:09,0.14524,215.50,0.49483,15.50964,45.28815,31.23423,45.1212,50.00,0653:32:50,1,08
16:16:10,0.14696,215.40,0.49,15.53663,45.36696,31.23424,45.1212,50.00,0653:32:51,1,08
16:16:11,0.13914,215.40,0.4909,14.73711,43.03236,31.23424,45.1212,50.00,0653:32:52,1,08
16:16:12,0.13771,215.50,0.49081,14.58868,42.59894,31.23425,45.12122,50.00,0653:32:53,1,08
16:16:13,0.14567,215.50,0.49437,15.54338,45.38666,31.23425,45.12122,50.00,0653:32:54,1,08
16:16:14,0.14535,215.30,0.49559,15.53663,45.36696,31.23426,45.12122,50.00,0653:32:56,1,08
16:16:15,0.14696,215.30,0.49052,15.54169,45.38174,31.23426,45.12123,50.00,0653:32:57,1,08
16:16:16,0.14436,215.30,0.49409,15.38314,44.91876,31.23427,45.12123,50.00,0653:32:58,1,08
16:16:17,0.14168,215.20,0.4931,15.06097,43.97802,31.23427,45.12123,50.00,0653:32:59,1,08
16:16:18,0.14575,215.10,0.49495,15.54506,45.39159,31.23427,45.12123,50.00,0653:33:00,1,08
16:16:19,0.14561,215.10,0.49565,15.55181,45.41129,31.23428,45.12125,50.00,0653:33:01,1,08
16:16:20,0.14659,215.10,0.49183,15.53326,45.35711,31.23428,45.12125,50.00,0653:33:02,1,08
16:16:21,0.1451,215.10,0.49493,15.47422,45.18472,31.23429,45.12125,50.00,0653:33:03,1,08
16:16:22,0.14586,215.10,0.49528,15.56193,45.44084,31.23429,45.12125,50.00,0653:33:04,1,08
16:16:23,0.14605,215.00,0.49512,15.57543,45.48024,31.2343,45.12127,50.00,0653:33:05,1,08
16:16:24,0.14679,215.00,0.49205,15.55687,45.42607,31.2343,45.12127,50.00,0653:33:06,1,08
16:16:25,0.14533,215.20,0.4958,15.5282,45.34233,31.23431,45.12128,50.00,0653:33:07,1,08
16:16:26,0.14639,215.30,0.49428,15.60073,45.55412,31.23431,45.12128,50.00,0653:33:08,1,08
16:16:27,0.146,215.30,0.494,15.5535,45.41621,31.23432,45.12128,50.00,0653:33:09,1,08
16:16:28,0.146,215.30,0.494,15.5535,45.41621,31.23432,45.12128,50.00,0653:33:09,1,08
16:16:29,0.1373,215.40,0.4881,14.46048,42.22462,31.23432,45.12128,50.00,0653:33:10,1,08
16:16:30,0.13871,215.40,0.48788,14.5988,42.6285,31.23432,45.12128,50.00,0653:33:11,1,08
16:16:31,0.14574,215.50,0.49442,15.55519,45.42114,31.23433,45.1213,50.00,0653:33:12,1,08
16:16:32,0.1451,215.80,0.49441,15.50627,45.27831,31.23433,45.1213,50.00,0653:33:13,1,08
16:16:33,0.14496,216.00,0.49381,15.48265,45.20935,31.23434,45.1213,50.00,0653:33:14,1,08
16:16:34,0.1453,216.10,0.49136,15.45229,45.1207,31.23434,45.1213,50.00,0653:33:15,1,08
16:16:35,0.14583,216.00,0.49102,15.49446,45.24382,31.23435,45.12132,50.00,0653:33:17,1,08
16:16:36,0.14497,216.10,0.49484,15.52651,45.33741,31.23435,45.12132,50.00,0653:33:18,1,08
16:16:37,0.14502,216.10,0.49414,15.50964,45.28815,31.23436,45.12133,50.00,0653:33:19,1,08
16:16:38,0.14483,216.10,0.49397,15.48771,45.22413,31.23436,45.12133,50.00,0653:33:20,1,08
16:16:39,0.1448,216.10,0.49311,15.45229,45.1207,31.23436,45.12133,50.00,0653:33:21,1,08
16:16:40,0.14559,216.10,0.49261,15.52482,45.33249,31.23437,45.12133,50.00,0653:33:22,1,08
16:16:41,0.14497,216.10,0.4936,15.49109,45.23398,31.23437,45.12133,50.00,0653:33:23,1,08
16:16:42,0.14477,216.10,0.49424,15.4894,45.22905,31.23438,45.12135,50.00,0653:33:24,1,08
16:16:43,0.14555,216.10,0.49315,15.54,45.37681,31.23438,45.12135,50.00,0653:33:25,1,08
16:16:44,0.14445,216.00,0.49487,15.4641,45.15517,31.23439,45.12136,50.00,0653:33:26,1,08
16:16:45,0.14464,215.90,0.49747,15.56193,45.44084,31.23439,45.12136,50.00,0653:33:27,1,08
16:16:46,0.14458,216.00,0.4966,15.52988,45.34726,31.2344,45.12136,50.00,0653:33:28,1,08
16:16:47,0.1445,216.00,0.49746,15.55012,45.40636,31.2344,45.12136,50.00,0653:33:29,1,08
16:16:48,0.14588,216.00,0.49343,15.57543,45.48024,31.23441,45.12138,50.00,0653:33:30,1,08
16:16:49,0.14471,216.00,0.49612,15.53157,45.35218,31.23441,45.12138,50.00,0653:33:31,1,08
16:16:50,0.14532,215.80,0.49468,15.53663,45.36696,31.23441,45.12138,50.00,0653:33:32,1,08
16:16:51,0.14536,215.80,0.49345,15.50458,45.27338,31.23442,45.12138,50.00,0653:33:33,1,08
16:16:52,0.14563,215.90,0.49239,15.5029,45.26846,31.23442,45.1214,50.00,0653:33:34,1,08
16:16:53,0.14681,215.90,0.49006,15.55519,45.42114,31.23443,45.1214,50.00,0653:33:35,1,08
16:16:54,0.14681,215.90,0.49006,15.55519,45.42114,31.23443,45.1214,50.00,0653:33:35,1,08
16:16:55,0.14467,215.90,0.4959,15.5147,45.30293,31.23443,45.1214,50.00,0653:33:37,1,08
16:16:56,0.14469,216.00,0.49461,15.48434,45.21428,31.23444,45.12141,50.00,0653:33:38,1,08
16:16:57,0.144,216.00,0.49653,15.46747,45.16503,31.23444,45.12141,50.00,0653:33:39,1,08
16:16:58,0.14439,215.90,0.49617,15.49446,45.24382,31.23445,45.12141,50.00,0653:33:40,1,08
16:16:59,0.14527,216.00,0.49222,15.46747,45.16503,31.23445,45.12141,50.00,0653:33:41,1,08
16:17:00,0.14469,216.00,0.49488,15.49277,45.2389,31.23446,45.12143,50.00,0653:33:42,1,08
16:17:01,0.1445,216.00,0.49574,15.49952,45.25861,31.23446,45.12143,50.00,0653:33:43,1,08
16:17:02,0.14671,216.00,0.49617,15.74916,45.98755,31.23446,45.12144,50.00,0653:33:44,1,08
16:17:03,0.1373,215.90,0.49012,14.55326,42.49551,31.23447,45.12144,50.00,0653:33:45,1,08
16:17:04,0.14186,215.90,0.49181,15.08795,44.05683,31.23447,45.12144,50.00,0653:33:46,1,08
16:17:05,0.14497,215.90,0.49435,15.49952,45.25861,31.23448,45.12144,50.00,0653:33:47,1,08
16:17:06,0.14481,215.90,0.49467,15.49109,45.23398,31.23448,45.12144,50.00,0653:33:48,1,08
16:17:07,0.14605,215.90,0.49023,15.48097,45.20442,31.23449,45.12146,50.00,0653:33:49,1,08
16:17:08,0.13843,215.90,0.48676,14.56844,42.53984,31.23449,45.12146,50.00,0653:33:50,1,08
16:17:09,0.13736,215.90,0.48926,14.52964,42.42656,31.23449,45.12146,50.00,0653:33:51,1,08
16:17:10,0.14535,215.80,0.49286,15.48434,45.21428,31.2345,45.12146,50.00,0653:33:52,1,08
16:17:11,0.14219,215.80,0.49512,15.21784,44.43608,31.2345,45.12148,50.00,0653:33:53,1,08
16:17:12,0.14255,215.70,0.49408,15.21615,44.43115,31.23451,45.12148,50.00,0653:33:54,1,08
16:17:13,0.14708,215.50,0.49368,15.67494,45.77084,31.23451,45.12149,50.00,0653:33:55,1,08
16:17:14,0.13918,215.40,0.49163,14.76241,43.10625,31.23452,45.12149,50.00,0653:33:56,1,08
16:17:15,0.13787,215.40,0.48996,14.5735,42.55461,31.23452,45.12149,50.00,0653:33:57,1,08
16:17:16,0.14497,214.90,0.49287,15.38314,44.91876,31.23453,45.12149,50.00,0653:33:59,1,08
16:17:17,0.14682,215.30,0.49116,15.55181,45.41129,31.23453,45.12149,50.00,0653:34:00,1,08
16:17:18,0.14668,215.30,0.49147,15.54844,45.40144,31.23453,45.12151,50.00,0653:34:01,1,08
16:17:19,0.1463,215.40,0.4946,15.61422,45.59352,31.23454,45.12151,50.00,0653:34:02,1,08
16:17:20,0.14586,215.60,0.49223,15.5029,45.26846,31.23454,45.12152,50.00,0653:34:03,1,08
16:17:21,0.14586,215.60,0.49223,15.5029,45.26846,31.23454,45.12152,50.00,0653:34:03,1,08
16:17:22,0.14572,215.60,0.49464,15.5653,45.45069,31.23455,45.12152,50.00,0653:34:04,1,08
16:17:23,0.14673,215.60,0.49004,15.52482,45.33249,31.23455,45.12152,50.00,0653:34:05,1,08
16:17:24,0.14674,215.60,0.49095,15.56024,45.43592,31.23456,45.12152,50.00,0653:34:06,1,08
16:17:25,0.14634,215.70,0.49306,15.58723,45.51472,31.23456,45.12154,50.00,0653:34:07,1,08
16:17:26,0.14625,215.70,0.49285,15.57374,45.47532,31.23457,45.12154,50.00,0653:34:08,1,08
16:17:27,0.14046,215.70,0.48472,14.71181,42.95849,31.23457,45.12154,50.00,0653:34:09,1,08
16:17:28,0.14605,215.60,0.49203,15.51808,45.31278,31.23458,45.12154,50.00,0653:34:10,1,08
16:17:29,0.14539,215.90,0.49506,15.56362,45.44577,31.23458,45.12156,50.00,0653:34:11,1,08
16:17:30,0.14469,216.00,0.49343,15.44386,45.09607,31.23458,45.12156,50.00,0653:34:12,1,08
16:17:31,0.14479,215.90,0.49305,15.43543,45.07145,31.23459,45.12156,50.00,0653:34:13,1,08
16:17:32,0.14623,215.80,0.49114,15.52482,45.33249,31.23459,45.12157,50.00,0653:34:14,1,08
16:17:33,0.14611,215.90,0.4945,15.62434,45.62308,31.2346,45.12157,50.00,0653:34:15,1,08
16:17:34,0.14538,215.70,0.49458,15.53157,45.35218,31.2346,45.12157,50.00,0653:34:16,1,08
16:17:35,0.14486,215.80,0.49521,15.50627,45.27831,31.23461,45.12157,50.00,0653:34:17,1,08
16:17:36,0.13655,215.80,0.48851,14.42,42.10641,31.23461,45.12159,50.00,0653:34:18,1,08
16:17:37,0.1466,215.80,0.4885,15.48097,45.20442,31.23462,45.12159,50.00,0653:34:20,1,08
16:17:38,0.14552,215.80,0.49367,15.52482,45.33249,31.23462,45.12159,50.00,0653:34:21,1,08
16:17:39,0.14024,215.70,0.49076,14.87205,43.42639,31.23462,45.12159,50.00,0653:34:22,1,08
16:17:40,0.14588,215.70,0.49395,15.56699,45.45562,31.23463,45.1216,50.00,0653:34:23,1,08
16:17:41,0.14609,215.60,0.49214,15.52651,45.33741,31.23463,45.1216,50.00,0653:34:24,1,08
16:17:42,0.14725,215.60,0.48849,15.53157,45.35218,31.23464,45.12162,50.00,0653:34:25,1,08
16:17:43,0.14516,215.60,0.49354,15.46916,45.16995,31.23464,45.12162,50.00,0653:34:26,1,08
16:17:44,0.14608,215.60,0.49438,15.59229,45.5295,31.23465,45.12162,50.00,0653:34:27,1,08
16:17:45,0.13923,215.60,0.4903,14.74386,43.05206,31.23465,45.12162,50.00,0653:34:28,1,08
16:17:46,0.14626,215.70,0.49434,15.61759,45.60337,31.23466,45.12162,50.00,0653:34:29,1,08
16:17:47,0.14691,215.70,0.48937,15.53663,45.36696,31.23466,45.12164,50.00,0653:34:30,1,08
16:17:48,0.14691,215.70,0.48937,15.53663,45.36696,31.23466,45.12164,50.00,0653:34:30,1,08
16:17:49,0.14431,215.70,0.49859,15.54338,45.38666,31.23466,45.12164,50.00,0653:34:31,1,08
16:17:50,0.14485,215.50,0.49698,15.53494,45.36204,31.23467,45.12165,50.00,0653:34:32,1,08
16:17:51,0.14202,215.50,0.49351,15.12506,44.16519,31.23467,45.12165,50.00,0653:34:33,1,08
16:17:53,0.14637,215.40,0.493,15.56699,45.45562,31.23468,45.12165,50.00,0653:34:34,1,08
16:17:54,0.14581,215.50,0.49373,15.53832,45.37189,31.23468,45.12165,50.00,0653:34:35,1,08
16:17:55,0.15126,215.50,0.49468,16.14892,47.15484,31.23469,45.12167,50.00,0653:34:36,1,08
16:17:56,0.16295,215.40,0.5166,18.16458,53.04058,31.23469,45.12167,50.00,0653:34:37,1,08
16:17:57,0.16316,215.40,0.51107,17.99422,52.54313,31.2347,45.12167,50.00,0653:34:38,1,08
16:17:58,0.16967,215.50,0.53864,19.7282,57.60634,31.2347,45.12167,50.00,0653:34:40,1,08
16:17:59,0.17558,215.50,0.56249,21.31711,62.24598,31.23471,45.12169,50.00,0653:34:41,1,08
16:18:00,0.17503,215.50,0.55549,20.9882,61.28554,31.23472,45.12169,50.00,0653:34:42,1,08
16:18:01,0.17595,215.70,0.55468,21.08097,61.55643,31.23472,45.1217,50.00,0653:34:43,1,08
16:18:02,0.17613,215.60,0.55263,21.02362,61.38897,31.23473,45.1217,50.00,0653:34:44,1,08
16:18:03,0.17752,215.60,0.55461,21.25976,62.07851,31.23473,45.1217,50.00,0653:34:45,1,08
16:18:04,0.17561,215.60,0.55462,21.03374,61.41853,31.23474,45.1217,50.00,0653:34:46,1,08
16:18:05,0.17754,215.60,0.55491,21.27157,62.11299,31.23475,45.12172,50.00,0653:34:47,1,08
16:18:06,0.17603,215.50,0.55526,21.09953,61.61061,31.23475,45.12172,50.00,0653:34:48,1,08
16:18:07,0.16792,215.50,0.55607,20.15663,58.85736,31.23476,45.12173,50.00,0653:34:49,1,08
16:18:08,0.16815,215.70,0.55804,20.27133,59.19229,31.23476,45.12173,50.00,0653:34:50,1,08
16:18:09,0.1761,215.60,0.55408,21.06748,61.51703,31.23477,45.12173,50.00,0653:34:51,1,08
16:18:10,0.17566,215.70,0.55485,21.05398,61.47762,31.23478,45.12173,50.00,0653:34:52,1,08
16:18:11,0.17792,215.60,0.55536,21.33904,62.31,31.23478,45.12173,50.00,0653:34:53,1,08
16:18:12,0.1682,215.70,0.55397,20.1347,58.79333,31.23479,45.12175,50.00,0653:34:54,1,08
16:18:13,0.16848,215.80,0.55539,20.22747,59.06423,31.2348,45.12175,50.00,0653:34:55,1,08
16:18:14,0.1761,215.70,0.55262,21.02868,61.40375,31.2348,45.12175,50.00,0653:34:56,1,08
16:18:15,0.17643,215.80,0.55096,21.01012,61.34956,31.23481,45.12175,50.00,0653:34:57,1,08
16:18:16,0.17643,215.80,0.55096,21.01012,61.34956,31.23481,45.12175,50.00,0653:34:57,1,08
16:18:17,0.17723,215.70,0.54934,21.03205,61.4136,31.23481,45.12177,50.00,0653:34:58,1,08
16:18:18,0.1769,215.70,0.55561,21.23277,61.9997,31.23482,45.12177,50.00,0653:34:59,1,08
16:18:19,0.17607,215.70,0.55216,21.00001,61.32002,31.23483,45.12178,50.00,0653:35:01,1,08
16:18:20,0.17608,215.80,0.55284,21.03711,61.42837,31.23483,45.12178,50.00,0653:35:02,1,08
16:18:21,0.17501,215.50,0.55282,20.88531,60.9851,31.23484,45.12178,50.00,0653:35:03,1,08
16:18:22,0.17768,215.40,0.55474,21.26483,62.09329,31.23484,45.12178,50.00,0653:35:04,1,08
16:18:23,0.17698,215.30,0.5544,21.16024,61.78791,31.23485,45.1218,50.00,0653:35:05,1,08
16:18:24,0.17638,215.30,0.5546,21.09109,61.58599,31.23486,45.1218,50.00,0653:35:06,1,08
16:18:25,0.17613,215.20,0.55563,21.09278,61.59092,31.23486,45.12181,50.00,0653:35:07,1,08
16:18:26,0.17623,215.00,0.55627,21.11133,61.64508,31.23487,45.12181,50.00,0653:35:08,1,08
16:18:27,0.17721,215.00,0.55574,21.20747,61.92582,31.23488,45.12181,50.00,0653:35:09,1,08
16:18:28,0.17603,215.10,0.55643,21.10627,61.63031,31.23488,45.12181,50.00,0653:35:10,1,08
16:18:29,0.17586,215.10,0.5552,21.03543,61.42344,31.23489,45.12183,50.00,0653:35:11,1,08
16:18:30,0.17543,215.10,0.55578,21.00675,61.33972,31.23489,45.12183,50.00,0653:35:12,1,08
16:18:31,0.17075,215.00,0.55775,20.51085,59.89167,31.2349,45.12183,50.00,0653:35:13,1,08
16:18:32,0.17694,215.20,0.5579,21.27494,62.12284,31.23491,45.12183,50.00,0653:35:14,1,08
16:18:33,0.1738,215.20,0.55749,20.88868,60.99495,31.23491,45.12185,50.00,0653:35:15,1,08
16:18:34,0.17647,215.10,0.55527,21.11302,61.65001,31.23492,45.12185,50.00,0653:35:16,1,08
16:18:35,0.17676,215.10,0.55394,21.09953,61.61061,31.23492,45.12186,50.00,0653:35:17,1,08
16:18:36,0.17817,215.20,0.55469,21.30025,62.19672,31.23493,45.12186,50.00,0653:35:18,1,08
16:18:37,0.17621,215.00,0.55289,20.98314,61.27076,31.23494,45.12186,50.00,0653:35:19,1,08
16:18:38,0.17635,215.10,0.55475,21.07422,61.53672,31.23494,45.12186,50.00,0653:35:20,1,08
16:18:39,0.17648,215.10,0.55364,21.04723,61.45792,31.23495,45.12188,50.00,0653:35:22,1,08
16:18:40,0.17735,215.00,0.55703,21.26989,62.10807,31.23495,45.12188,50.00,0653:35:23,1,08
16:18:41,0.17696,214.90,0.55194,21.02362,61.38897,31.23496,45.12188,50.00,0653:35:24,1,08
16:18:42,0.17696,214.90,0.55194,21.02362,61.38897,31.23496,45.12188,50.00,0653:35:24,1,08
16:18:43,0.17707,215.00,0.55274,21.07253,61.5318,31.23497,45.12188,50.00,0653:35:25,1,08
16:18:44,0.1718,215.10,0.55506,20.54121,59.98033,31.23497,45.12189,50.00,0653:35:26,1,08
16:18:45,0.17786,215.00,0.55698,21.33398,62.29522,31.23498,45.12189,50.00,0653:35:27,1,08
16:18:46,0.17477,215.30,0.55272,20.83302,60.83242,31.23499,45.12191,50.00,0653:35:28,1,08
16:18:47,0.17665,215.30,0.55348,21.08772,61.57613,31.23499,45.12191,50.00,0653:35:29,1,08
16:18:48,0.17773,215.50,0.55646,21.34579,62.3297,31.235,45.12191,50.00,0653:35:30,1,08
16:18:49,0.17044,215.60,0.55642,20.4788,59.7981,31.235,45.12191,50.00,0653:35:31,1,08
16:18:50,0.16877,215.70,0.55718,20.3135,59.31542,31.23501,45.12193,50.00,0653:35:32,1,08
16:18:51,0.17711,215.60,0.55715,21.31037,62.22627,31.23502,45.12193,50.00,0653:35:33,1,08
16:18:52,0.17679,215.70,0.55546,21.21928,61.9603,31.23502,45.12194,50.00,0653:35:34,1,08
16:18:53,0.17631,215.90,0.55706,21.24121,62.02433,31.23503,45.12194,50.00,0653:35:35,1,08
16:18:54,0.17712,215.20,0.55605,21.23446,62.00463,31.23503,45.12194,50.00,0653:35:36,1,08
16:18:55,0.17853,215.10,0.55364,21.2935,62.17702,31.23504,45.12194,50.00,0653:35:37,1,08
16:18:56,0.17726,215.10,0.55305,21.11808,61.66478,31.23505,45.12196,50.00,0653:35:38,1,08
16:18:57,0.17729,215.10,0.55302,21.1282,61.69434,31.23505,45.12196,50.00,0653:35:39,1,08
16:18:58,0.17722,215.10,0.55439,21.16531,61.8027,31.23506,45.12196,50.00,0653:35:40,1,08
16:18:59,0.1785,215.50,0.55425,21.35253,62.34939,31.23506,45.12196,50.00,0653:35:41,1,08
16:19:00,0.17784,215.30,0.54832,21.03374,61.41853,31.23507,45.12197,50.00,0653:35:43,1,08
16:19:01,0.17749,215.20,0.55197,21.12145,61.67464,31.23508,45.12197,50.00,0653:35:44,1,08
16:19:02,0.17742,215.10,0.55109,21.06748,61.51703,31.23508,45.12199,50.00,0653:35:45,1,08
16:19:03,0.17179,215.40,0.55511,20.57663,60.08377,31.23509,45.12199,50.00,0653:35:46,1,08
16:19:04,0.16976,215.60,0.55545,20.36073,59.45332,31.2351,45.12199,50.00,0653:35:47,1,08
16:19:05,0.1788,215.50,0.55567,21.44868,62.63015,31.2351,45.12199,50.00,0653:35:48,1,08
16:19:06,0.16807,215.60,0.55429,20.11446,58.73423,31.23511,45.12199,50.00,0653:35:49,1,08
16:19:07,0.16807,215.60,0.55429,20.11446,58.73423,31.23511,45.12199,50.00,0653:35:49,1,08
16:19:08,0.17151,215.80,0.55382,20.53446,59.96064,31.23511,45.12201,50.00,0653:35:50,1,08
16:19:09,0.17624,215.80,0.55673,21.2041,61.91598,31.23512,45.12201,50.00,0653:35:51,1,08
16:19:10,0.17621,215.50,0.55693,21.18723,61.86672,31.23513,45.12202,50.00,0653:35:52,1,08
16:19:11,0.16799,215.60,0.55723,20.21736,59.03468,31.23513,45.12202,50.00,0653:35:53,1,08
16:19:12,0.16775,215.70,0.5573,20.19543,58.97065,31.23514,45.12202,50.00,0653:35:54,1,08
16:19:13,0.17674,215.70,0.55443,21.16868,61.81254,31.23514,45.12202,50.00,0653:35:55,1,08
16:19:14,0.17698,215.50,0.55744,21.29687,62.18687,31.23515,45.12204,50.00,0653:35:56,1,08
16:19:15,0.17731,215.50,0.55469,21.2294,61.98986,31.23516,45.12204,50.00,0653:35:57,1,08
16:19:16,0.17037,215.60,0.55597,20.45687,59.73407,31.23516,45.12204,50.00,0653:35:58,1,08
16:19:17,0.16944,215.80,0.55771,20.42482,59.64049,31.23517,45.12204,50.00,0653:35:59,1,08
16:19:18,0.17617,215.70,0.55646,21.1788,61.8421,31.23517,45.12206,50.00,0653:36:00,1,08
16:19:19,0.17697,215.70,0.55875,21.36772,62.39373,31.23518,45.12206,50.00,0653:36:01,1,08
16:19:20,0.1614,215.60,0.50402,17.5641,51.28717,31.23519,45.12207,50.00,0653:36:03,1,08
16:19:21,0.15481,215.50,0.49167,16.4306,47.97737,31.23519,45.12207,50.00,0653:36:04,1,08
16:19:22,0.14998,215.70,0.49021,15.88579,46.3865,31.23519,45.12207,50.00,0653:36:05,1,08
16:19:23,0.14408,215.80,0.48668,15.16049,44.26862,31.2352,45.12207,50.00,0653:36:06,1,08
16:19:24,0.14747,215.80,0.48735,15.53663,45.36696,31.2352,45.12209,50.00,0653:36:07,1,08
16:19:25,0.14839,215.80,0.48738,15.63446,45.65263,31.23521,45.12209,50.00,0653:36:08,1,08
16:19:26,0.14781,215.80,0.4896,15.64458,45.68218,31.23521,45.1221,50.00,0653:36:09,1,08
16:19:27,0.14731,215.90,0.48825,15.5535,45.41621,31.23522,45.1221,50.00,0653:36:10,1,08
16:19:28,0.14759,215.90,0.48737,15.5535,45.41621,31.23522,45.1221,50.00,0653:36:11,1,08
16:19:29,0.14805,215.80,0.48603,15.55012,45.40636,31.23523,45.1221,50.00,0653:36:12,1,08
16:19:30,0.14889,215.80,0.48254,15.52651,45.33741,31.23523,45.12212,50.00,0653:36:13,1,08
16:19:31,0.14753,215.70,0.48714,15.52651,45.33741,31.23524,45.12212,50.00,0653:36:14,1,08
16:19:32,0.14781,215.80,0.48696,15.55687,45.42607,31.23524,45.12212,50.00,0653:36:15,1,08
16:19:33,0.14781,215.80,0.48696,15.55687,45.42607,31.23524,45.12212,50.00,0653:36:15,1,08
16:19:34,0.14733,215.80,0.4866,15.49446,45.24382,31.23524,45.12212,50.00,0653:36:16,1,08
16:19:35,0.1484,215.80,0.48728,15.63109,45.64278,31.23525,45.12212,50.00,0653:36:17,1,08
16:19:36,0.14719,215.90,0.48712,15.5029,45.26846,31.23525,45.12214,50.00,0653:36:18,1,08
16:19:37,0.14774,215.80,0.48669,15.54169,45.38174,31.23526,45.12214,50.00,0653:36:19,1,08
16:19:38,0.14725,215.90,0.48691,15.5029,45.26846,31.23526,45.12215,50.00,0653:36:20,1,08
16:19:39,0.14615,215.80,0.49103,15.50964,45.28815,31.23527,45.12215,50.00,0653:36:21,1,08
16:19:40,0.14378,215.80,0.49712,15.44892,45.11084,31.23527,45.12215,50.00,0653:36:23,1,08
16:19:41,0.14378,215.70,0.49881,15.49615,45.24875,31.23528,45.12215,50.00,0653:36:24,1,08
16:19:42,0.14444,215.80,0.49805,15.54844,45.40144,31.23528,45.12217,50.00,0653:36:25,1,08
16:19:43,0.1448,215.70,0.49682,15.54,45.37681,31.23529,45.12217,50.00,0653:36:26,1,08
16:19:44,0.1475,215.60,0.48661,15.5029,45.26846,31.23529,45.12218,50.00,0653:36:27,1,08
16:19:45,0.14688,215.70,0.49091,15.57711,45.48517,31.23529,45.12218,50.00,0653:36:28,1,08
16:19:46,0.14516,215.60,0.49182,15.41687,45.01727,31.2353,45.12218,50.00,0653:36:29,1,08
16:19:47,0.14079,215.60,0.48891,14.86699,43.41162,31.2353,45.12218,50.00,0653:36:30,1,08
16:19:49,0.14676,215.70,0.48915,15.50627,45.27831,31.23531,45.1222,50.00,0653:36:31,1,08
16:19:50,0.14831,215.80,0.484,15.51133,45.29308,31.23531,45.1222,50.00,0653:36:32,1,08
16:19:51,0.1471,215.80,0.48673,15.47253,45.1798,31.23532,45.1222,50.00,0653:36:33,1,08
16:19:52,0.14765,215.60,0.48694,15.52988,45.34726,31.23532,45.1222,50.00,0653:36:34,1,08
16:19:53,0.14745,215.80,0.48661,15.50796,45.28323,31.23533,45.1222,50.00,0653:36:35,1,08
16:19:54,0.14514,215.80,0.48194,15.12338,44.16026,31.23533,45.12222,50.00,0653:36:36,1,08
16:19:55,0.14924,215.80,0.48055,15.49952,45.25861,31.23533,45.12222,50.00,0653:36:37,1,08
16:19:56,0.1488,215.70,0.48468,15.5788,45.49009,31.23534,45.12223,50.00,0653:36:38,1,08
16:19:57,0.14875,215.80,0.48311,15.53157,45.35218,31.23534,45.12223,50.00,0653:36:39,1,08
16:19:58,0.14863,215.70,0.48303,15.50796,45.28323,31.23535,45.12223,50.00,0653:36:40,1,08
16:19:59,0.14823,215.70,0.47998,15.36964,44.87935,31.23535,45.12223,50.00,0653:36:41,1,08
16:20:00,0.14823,215.70,0.47998,15.36964,44.87935,31.23535,45.12223,50.00,0653:36:41,1,08
16:20:01,0.14883,215.60,0.48394,15.55519,45.42114,31.23536,45.12225,50.00,0653:36:43,1,08
16:20:02,0.14866,215.70,0.48414,15.54675,45.39651,31.23536,45.12225,50.00,0653:36:44,1,08
16:20:03,0.1493,215.60,0.48483,15.6294,45.63785,31.23537,45.12225,50.00,0653:36:45,1,08
16:20:04,0.14909,215.70,0.48309,15.56024,45.43592,31.23537,45.12225,50.00,0653:36:46,1,08
16:20:05,0.14916,215.70,0.4822,15.53663,45.36696,31.23538,45.12226,50.00,0653:36:47,1,08
16:20:06,0.14762,215.70,0.48583,15.49783,45.25368,31.23538,45.12226,50.00,0653:36:48,1,08
16:20:07,0.14722,215.80,0.48707,15.5029,45.26846,31.23538,45.12228,50.00,0653:36:49,1,08
16:20:08,0.14725,215.80,0.48744,15.51133,45.29308,31.23539,45.12228,50.00,0653:36:50,1,08
16:20:09,0.14817,215.80,0.48551,15.54675,45.39651,31.23539,45.12228,50.00,0653:36:51,1,08
16:20:10,0.14863,215.70,0.48472,15.56699,45.45562,31.2354,45.12228,50.00,0653:36:52,1,08
16:20:11,0.15088,215.80,0.48655,15.86723,46.33232,31.2354,45.1223,50.00,0653:36:53,1,08
16:20:12,0.14815,215.80,0.48625,15.57036,45.46547,31.23541,45.1223,50.00,0653:36:54,1,08
16:20:13,0.14701,215.90,0.48758,15.49952,45.25861,31.23541,45.12231,50.00,0653:36:55,1,08
16:20:14,0.1482,215.80,0.48478,15.53157,45.35218,31.23542,45.12231,50.00,0653:36:56,1,08
16:20:15,0.14104,215.90,0.48214,14.70675,42.94371,31.23542,45.12231,50.00,0653:36:57,1,08
16:20:16,0.13928,216.00,0.48354,14.57181,42.54969,31.23542,45.12231,50.00,0653:36:58,1,08
16:20:17,0.14657,216.00,0.48984,15.52651,45.33741,31.23543,45.12231,50.00,0653:36:59,1,08
16:20:18,0.14808,216.00,0.48568,15.55687,45.42607,31.23543,45.12233,50.00,0653:37:00,1,08
16:20:19,0.14654,215.90,0.48941,15.51133,45.29308,31.23544,45.12233,50.00,0653:37:01,1,08
16:20:20,0.14204,215.90,0.48632,14.93615,43.61356,31.23544,45.12233,50.00,0653:37:02,1,08
16:20:21,0.13912,215.90,0.48402,14.56,42.51521,31.23545,45.12233,50.00,0653:37:04,1,08
16:20:22,0.14668,215.80,0.48941,15.51639,45.30786,31.23545,45.12234,50.00,0653:37:05,1,08
16:20:23,0.1477,215.90,0.48637,15.53326,45.35711,31.23546,45.12234,50.00,0653:37:06,1,08
16:20:24,0.14651,215.90,0.48797,15.45735,45.13547,31.23546,45.12236,50.00,0653:37:07,1,08
16:20:25,0.14651,215.90,0.48797,15.45735,45.13547,31.23546,45.12236,50.00,0653:37:07,1,08
16:20:26,0.14791,215.80,0.48438,15.48434,45.21428,31.23546,45.12236,50.00,0653:37:08,1,08
16:20:27,0.14549,215.80,0.48117,15.13012,44.17996,31.23547,45.12236,50.00,0653:37:09,1,08
16:20:28,0.14057,215.80,0.47946,14.57012,42.54476,31.23547,45.12236,50.00,0653:37:10,1,08
16:20:29,0.14927,215.80,0.48134,15.52988,45.34726,31.23548,45.12238,50.00,0653:37:11,1,08
16:20:30,0.14904,215.90,0.48692,15.69518,45.82994,31.23548,45.12238,50.00,0653:37:12,1,08
16:20:31,0.14805,215.90,0.48572,15.55012,45.40636,31.23549,45.12239,50.00,0653:37:13,1,08
16:20:32,0.14971,215.90,0.485,15.70362,45.85456,31.23549,45.12239,50.00,0653:37:14,1,08
16:20:33,0.14884,215.90,0.48276,15.54169,45.38174,31.2355,45.12239,50.00,0653:37:15,1,08
16:20:34,0.14992,215.80,0.48038,15.56868,45.46054,31.2355,45.12239,50.00,0653:37:16,1,08
16:20:35,0.14837,215.90,0.48496,15.56024,45.43592,31.23551,45.12239,50.00,0653:37:17,1,08
16:20:36,0.1488,215.80,0.48301,15.53494,45.36204,31.23551,45.12241,50.00,0653:37:18,1,08
16:20:37,0.1488,215.90,0.48097,15.47253,45.1798,31.23551,45.12241,50.00,0653:37:19,1,08
16:20:38,0.14968,215.80,0.48212,15.60073,45.55412,31.23552,45.12241,50.00,0653:37:20,1,08
16:20:39,0.14878,215.90,0.48239,15.52314,45.32756,31.23552,45.12241,50.00,0653:37:21,1,08
16:20:40,0.14944,215.90,0.48158,15.56362,45.44577,31.23553,45.12243,50.00,0653:37:22,1,08
16:20:41,0.14912,216.00,0.48154,15.53326,45.35711,31.23553,45.12243,50.00,0653:37:23,1,08
16:20:42,0.14642,215.90,0.47688,15.09976,44.0913,31.23554,45.12244,50.00,0653:37:25,1,08
16:20:43,0.14896,216.00,0.47644,15.35277,44.8301,31.23554,45.12244,50.00,0653:37:26,1,08
16:20:44,0.14915,215.90,0.4807,15.50627,45.27831,31.23555,45.12244,50.00,0653:37:27,1,08
16:20:45,0.14391,215.90,0.47643,14.82988,43.30326,31.23555,45.12244,50.00,0653:37:28,1,08
16:20:46,0.14983,215.90,0.47933,15.52651,45.33741,31.23555,45.12246,50.00,0653:37:29,1,08
16:20:47,0.15121,215.80,0.48163,15.7441,45.97277,31.23556,45.12246,50.00,0653:37:30,1,08
16:20:48,0.15036,215.70,0.47699,15.49109,45.23398,31.23556,45.12247,50.00,0653:37:31,1,08
16:20:49,0.14956,215.70,0.47964,15.49446,45.24382,31.23557,45.12247,50.00,0653:37:32,1,08
16:20:50,0.14864,215.60,0.47977,15.39832,44.96309,31.23557,45.12247,50.00,0653:37:33,1,08
16:20:51,0.14527,215.50,0.47805,14.99012,43.77116,31.23558,45.12247,50.00,0653:37:34,1,08
16:20:52,0.14527,215.50,0.47805,14.99012,43.77116,31.23558,45.12247,50.00,0653:37:34,1,08
16:20:53,0.15009,215.50,0.47907,15.51976,45.31771,31.23558,45.12249,50.00,0653:37:35,1,08
16:20:54,0.14823,215.50,0.47871,15.31904,44.7316,31.23559,45.12249,50.00,0653:37:36,1,08
16:20:55,0.15004,215.40,0.48187,15.60241,45.55905,31.23559,45.12249,50.00,0653:37:37,1,08
16:20:56,0.1507,215.50,0.48128,15.65808,45.72158,31.2356,45.12249,50.00,0653:37:38,1,08
16:20:57,0.14974,215.50,0.48001,15.51302,45.29801,31.2356,45.12251,50.00,0653:37:39,1,08
16:20:58,0.15195,215.40,0.47643,15.61759,45.60337,31.2356,45.12251,50.00,0653:37:40,1,08
16:20:59,0.15042,215.40,0.47994,15.57543,45.48024,31.23561,45.12252,50.00,0653:37:41,1,08
16:21:00,0.14984,215.70,0.48052,15.55856,45.43099,31.23561,45.12252,50.00,0653:37:42,1,08
16:21:01,0.14977,215.80,0.47932,15.51976,45.31771,31.23562,45.12252,50.00,0653:37:43,1,08
16:21:02,0.15075,215.90,0.47744,15.5653,45.45069,31.23562,45.12252,50.00,0653:37:45,1,08
16:21:03,0.15,215.90,0.48055,15.58892,45.51965,31.23563,45.12254,50.00,0653:37:46,1,08
16:21:04,0.14989,215.90,0.48007,15.56024,45.43592,31.23563,45.12254,50.00,0653:37:47,1,08
16:21:05,0.15025,215.90,0.4797,15.58555,45.5098,31.23564,45.12254,50.00,0653:37:48,1,08
16:21:06,0.14919,215.80,0.48065,15.49952,45.25861,31.23564,45.12254,50.00,0653:37:49,1,08
16:21:07,0.15142,215.80,0.47665,15.59904,45.5492,31.23564,45.12255,50.00,0653:37:50,1,08
16:21:08,0.14981,215.70,0.47989,15.53494,45.36204,31.23565,45.12255,50.00,0653:37:51,1,08
16:21:09,0.14968,215.80,0.47935,15.50796,45.28323,31.23565,45.12257,50.00,0653:37:52,1,08
16:21:10,0.14817,215.70,0.47887,15.32916,44.76115,31.23566,45.12257,50.00,0653:37:53,1,08
16:21:11,0.14794,215.70,0.47509,15.18747,44.34742,31.23566,45.12257,50.00,0653:37:54,1,08
16:21:12,0.14527,215.70,0.47372,14.86699,43.41162,31.23567,45.12257,50.00,0653:37:55,1,08
16:21:13,0.14605,215.80,0.48033,15.16049,44.26862,31.23567,45.12259,50.00,0653:37:56,1,08
16:21:14,0.14968,215.80,0.47909,15.49952,45.25861,31.23568,45.12259,50.00,0653:37:57,1,08
16:21:15,0.14971,215.80,0.47915,15.50796,45.28323,31.23568,45.12259,50.00,0653:37:58,1,08
16:21:16,0.1498,215.90,0.47912,15.51976,45.31771,31.23569,45.1226,50.00,0653:37:59,1,08
16:21:17,0.15121,215.70,0.47471,15.51133,45.29308,31.23569,45.1226,50.00,0653:38:00,1,08
16:21:18,0.15121,215.70,0.47471,15.51133,45.29308,31.23569,45.1226,50.00,0653:38:00,1,08
16:21:19,0.14563,215.70,0.47512,14.94627,43.64311,31.23569,45.1226,50.00,0653:38:01,1,08
16:21:20,0.14202,215.70,0.47581,14.5988,42.6285,31.2357,45.1226,50.00,0653:38:02,1,08
16:21:21,0.1491,215.80,0.48006,15.47253,45.1798,31.2357,45.12262,50.00,0653:38:03,1,08
16:21:22,0.15084,215.80,0.4777,15.57205,45.47039,31.23571,45.12262,50.00,0653:38:04,1,08
16:21:23,0.14928,215.80,0.48076,15.51302,45.29801,31.23571,45.12262,50.00,0653:38:06,1,08
16:21:24,0.14502,215.80,0.47783,14.97832,43.73668,31.23572,45.12262,50.00,0653:38:07,1,08
16:21:25,0.14104,215.80,0.47615,14.51278,42.3773,31.23572,45.12263,50.00,0653:38:08,1,08
16:21:26,0.14898,215.80,0.48172,15.51302,45.29801,31.23572,45.12263,50.00,0653:38:09,1,08
16:21:27,0.14945,215.80,0.4799,15.50458,45.27338,31.23573,45.12265,50.00,0653:38:10,1,08
16:21:28,0.14892,215.80,0.48271,15.54,45.37681,31.23573,45.12265,50.00,0653:38:11,1,08
16:21:29,0.14881,215.80,0.48165,15.49277,45.2389,31.23574,45.12265,50.00,0653:38:12,1,08
16:21:30,0.14694,215.80,0.48067,15.26506,44.57399,31.23574,45.12265,50.00,0653:38:13,1,08
16:21:31,0.14143,215.80,0.47401,14.48916,42.30835,31.23575,45.12267,50.00,0653:38:14,1,08
16:21:32,0.15125,215.70,0.48002,15.68506,45.80039,31.23575,45.12267,50.00,0653:38:15,1,08
16:21:33,0.15018,215.60,0.48222,15.64121,45.67233,31.23576,45.12268,50.00,0653:38:16,1,08
16:21:34,0.14647,215.50,0.48917,15.46579,45.1601,31.23576,45.12268,50.00,0653:38:17,1,08
16:21:35,0.14642,215.60,0.49056,15.50964,45.28815,31.23577,45.12268,50.00,0653:38:18,1,08
16:21:36,0.14038,215.80,0.48271,14.64771,42.77132,31.23577,45.12268,50.00,0653:38:19,1,08
16:21:37,0.13514,215.80,0.48072,14.04386,41.00807,31.23577,45.1227,50.00,0653:38:20,1,08
16:21:38,0.14657,215.80,0.48877,15.48434,45.21428,31.23578,45.1227,50.00,0653:38:21,1,08
16:21:39,0.14693,215.80,0.48853,15.51133,45.29308,31.23578,45.1227,50.00,0653:38:22,1,08
16:21:40,0.14633,215.80,0.48981,15.49277,45.2389,31.23579,45.1227,50.00,0653:38:23,1,08
16:21:41,0.14784,215.80,0.4858,15.52651,45.33741,31.23579,45.1227,50.00,0653:38:24,1,08
16:21:42,0.14285,216.00,0.48826,15.08627,44.05191,31.2358,45.12271,50.00,0653:38:25,1,08
16:21:44,0.146,216.00,0.49258,15.55687,45.42607,31.2358,45.12271,50.00,0653:38:27,1,08
16:21:45,0.146,216.00,0.49258,15.55687,45.42607,31.2358,45.12271,50.00,0653:38:27,1,08
16:21:46,0.14357,216.00,0.49023,15.22964,44.47055,31.23581,45.12273,50.00,0653:38:28,1,08
16:21:47,0.14684,216.00,0.488,15.49952,45.25861,31.23581,45.12273,50.00,0653:38:29,1,08
16:21:48,0.14622,215.90,0.49216,15.5653,45.45069,31.23581,45.12273,50.00,0653:38:30,1,08
16:21:49,0.14614,215.90,0.49125,15.52651,45.33741,31.23582,45.12273,50.00,0653:38:31,1,08
16:21:50,0.14207,215.90,0.48776,14.98675,43.76131,31.23582,45.12275,50.00,0653:38:32,1,08
16:21:51,0.14653,215.90,0.48994,15.52314,45.32756,31.23583,45.12275,50.00,0653:38:33,1,08
16:21:52,0.14771,215.90,0.48638,15.53494,45.36204,31.23583,45.12276,50.00,0653:38:34,1,08
16:21:53,0.14626,215.80,0.49008,15.49615,45.24875,31.23584,45.12276,50.00,0653:38:35,1,08
16:21:54,0.14668,215.90,0.49048,15.56193,45.44084,31.23584,45.12276,50.00,0653:38:36,1,08
16:21:55,0.14684,215.90,0.4907,15.58049,45.49502,31.23585,45.12276,50.00,0653:38:37,1,08
16:21:56,0.14785,215.90,0.4885,15.61928,45.6083,31.23585,45.12278,50.00,0653:38:38,1,08
16:21:57,0.14742,215.90,0.48561,15.48097,45.20442,31.23585,45.12278,50.00,0653:38:39,1,08
16:21:58,0.14581,215.80,0.49117,15.48434,45.21428,31.23586,45.12278,50.00,0653:38:40,1,08
16:21:59,0.14351,215.90,0.49125,15.24482,44.51488,31.23586,45.12278,50.00,0653:38:41,1,08
16:22:00,0.1466,215.90,0.49117,15.57036,45.46547,31.23587,45.12278,50.00,0653:38:42,1,08
16:22:01,0.14511,215.80,0.49107,15.40506,44.98278,31.23587,45.1228,50.00,0653:38:43,1,08
16:22:02,0.13928,215.80,0.48117,14.48579,42.2985,31.23588,45.1228,50.00,0653:38:44,1,08
16:22:03,0.14581,215.90,0.49016,15.45229,45.1207,31.23588,45.12281,50.00,0653:38:45,1,08
16:22:04,0.14606,215.90,0.48975,15.46747,45.16503,31.23589,45.12281,50.00,0653:38:47,1,08
16:22:05,0.14558,215.90,0.49095,15.45567,45.13055,31.23589,45.12281,50.00,0653:38:48,1,08
16:22:06,0.14165,215.80,0.48209,14.75904,43.09639,31.23589,45.12281,50.00,0653:38:49,1,08
16:22:07,0.13797,215.70,0.4832,14.40482,42.06208,31.2359,45.12283,50.00,0653:38:50,1,08
16:22:08,0.14609,215.60,0.48957,15.44555,45.10099,31.2359,45.12283,50.00,0653:38:51,1,08
16:22:09,0.14605,215.70,0.4884,15.41181,45.00249,31.23591,45.12284,50.00,0653:38:52,1,08
16:22:10,0.13807,215.70,0.48349,14.42169,42.11134,31.23591,45.12284,50.00,0653:38:53,1,08
16:22:11,0.13823,215.80,0.48295,14.42844,42.13104,31.23592,45.12284,50.00,0653:38:54,1,08
16:22:12,0.13823,215.80,0.48295,14.42844,42.13104,31.23592,45.12284,50.00,0653:38:54,1,08
16:22:13,0.14625,215.70,0.48964,15.47253,45.1798,31.23592,45.12284,50.00,0653:38:55,1,08
16:22:14,0.14571,215.70,0.49234,15.50121,45.26353,31.23593,45.12284,50.00,0653:38:56,1,08
16:22:15,0.14645,216.00,0.49388,15.64964,45.69696,31.23593,45.12286,50.00,0653:38:57,1,08
16:22:16,0.14605,216.00,0.49018,15.4894,45.22905,31.23593,45.12286,50.00,0653:38:58,1,08
16:22:17,0.14904,215.90,0.49152,15.84362,46.26337,31.23594,45.12286,50.00,0653:38:59,1,08
16:22:18,0.14566,215.90,0.49207,15.49615,45.24875,31.23594,45.12286,50.00,0653:39:00,1,08
16:22:19,0.14557,215.80,0.49142,15.4641,45.15517,31.23595,45.12288,50.00,0653:39:01,1,08
16:22:20,0.14595,215.90,0.49049,15.48097,45.20442,31.23595,45.12288,50.00,0653:39:02,1,08
16:22:21,0.14662,215.90,0.4884,15.48771,45.22413,31.23596,45.12289,50.00,0653:39:03,1,08
16:22:22,0.14747,215.90,0.48508,15.46579,45.1601,31.23596,45.12289,50.00,0653:39:04,1,08
16:22:23,0.14294,215.60,0.48492,14.97157,43.71698,31.23597,45.12289,50.00,0653:39:05,1,08
16:22:24,0.13807,215.50,0.48115,14.33735,41.86507,31.23597,45.12289,50.00,0653:39:06,1,08
16:22:25,0.14597,215.40,0.4872,15.34097,44.79562,31.23597,45.12291,50.00,0653:39:08,1,08
16:22:26,0.14702,215.70,0.48657,15.45735,45.13547,31.23598,45.12291,50.00,0653:39:09,1,08
16:22:27,0.1467,215.80,0.48803,15.47253,45.1798,31.23598,45.12291,50.00,0653:39:10,1,08
16:22:28,0.14642,215.80,0.48577,15.37133,44.88428,31.23599,45.12291,50.00,0653:39:11,1,08
16:22:29,0.13632,215.70,0.47881,14.10289,41.18045,31.23599,45.12291,50.00,0653:39:12,1,08
16:22:30,0.14788,215.70,0.48337,15.44555,45.10099,31.236,45.12292,50.00,0653:39:13,1,08
16:22:31,0.14765,215.80,0.48679,15.53663,45.36696,31.236,45.12292,50.00,0653:39:14,1,08
16:22:32,0.14684,215.90,0.48693,15.46241,45.15025,31.23601,45.12294,50.00,0653:39:15,1,08
16:22:33,0.1472,215.90,0.48686,15.49952,45.25861,31.23601,45.12294,50.00,0653:39:16,1,08
16:22:34,0.14714,216.00,0.4858,15.46916,45.16995,31.23601,45.12294,50.00,0653:39:17,1,08
16:22:35,0.14831,216.10,0.48156,15.45735,45.13547,31.23602,45.12294,50.00,0653:39:18,1,08
16:22:36,0.14699,216.10,0.48547,15.44386,45.09607,31.23602,45.12296,50.00,0653:39:19,1,08
16:22:37,0.14671,216.10,0.48629,15.44049,45.08622,31.23603,45.12296,50.00,0653:39:20,1,08
16:22:38,0.14671,216.10,0.48629,15.44049,45.08622,31.23603,45.12296,50.00,0653:39:20,1,08
16:22:39,0.1465,216.10,0.48601,15.41181,45.00249,31.23603,45.12297,50.00,0653:39:21,1,08
16:22:40,0.14719,216.20,0.48714,15.52482,45.33249,31.23604,45.12297,50.00,0653:39:22,1,08
16:22:41,0.14786,216.10,0.48171,15.41518,45.01234,31.23604,45.12297,50.00,0653:39:23,1,08
16:22:42,0.14673,216.10,0.48709,15.46579,45.1601,31.23605,45.12297,50.00,0653:39:24,1,08
16:22:43,0.14823,216.10,0.48633,15.60073,45.55412,31.23605,45.12299,50.00,0653:39:25,1,08
16:22:44,0.14728,216.00,0.48714,15.52482,45.33249,31.23606,45.12299,50.00,0653:39:26,1,08
16:22:45,0.14718,216.00,0.48692,15.50458,45.27338,31.23606,45.12299,50.00,0653:39:28,1,08
16:22:46,0.14864,215.90,0.48457,15.5788,45.49009,31.23606,45.12299,50.00,0653:39:29,1,08
16:22:47,0.14701,216.00,0.48722,15.49446,45.24382,31.23607,45.12299,50.00,0653:39:30,1,08
16:22:48,0.14681,215.90,0.48651,15.44723,45.10592,31.23607,45.123,50.00,0653:39:31,1,08
16:22:49,0.14777,215.90,0.48416,15.47085,45.17487,31.23608,45.123,50.00,0653:39:32,1,08
16:22:50,0.1474,215.80,0.48253,15.37639,44.89906,31.23608,45.12302,50.00,0653:39:33,1,08
16:22:51,0.14532,215.80,0.48556,15.25326,44.53951,31.23609,45.12302,50.00,0653:39:34,1,08
16:22:52,0.14764,215.80,0.48604,15.50964,45.28815,31.23609,45.12302,50.00,0653:39:35,1,08
16:22:53,0.14893,215.70,0.48601,15.64121,45.67233,31.2361,45.12302,50.00,0653:39:36,1,08
16:22:54,0.14857,215.70,0.48439,15.55012,45.40636,31.2361,45.12304,50.00,0653:39:37,1,08
16:22:55,0.14903,215.80,0.4834,15.57374,45.47532,31.2361,45.12304,50.00,0653:39:38,1,08
16:22:56,0.14848,215.90,0.4854,15.58555,45.5098,31.23611,45.12305,50.00,0653:39:39,1,08
16:22:57,0.14813,216.10,0.4859,15.5788,45.49009,31.23611,45.12305,50.00,0653:39:40,1,08
16:22:58,0.14859,216.10,0.48453,15.58555,45.5098,31.23612,45.12305,50.00,0653:39:41,1,08
16:22:59,0.14863,216.10,0.48333,15.54844,45.40144,31.23612,45.12305,50.00,0653:39:42,1,08
16:23:00,0.14886,216.10,0.48351,15.57711,45.48517,31.23613,45.12307,50.00,0653:39:43,1,08
16:23:01,0.14813,216.10,0.48385,15.5147,45.30293,31.23613,45.12307,50.00,0653:39:44,1,08
16:23:02,0.14767,216.10,0.48301,15.44217,45.09114,31.23614,45.12307,50.00,0653:39:45,1,08
16:23:03,0.14777,216.10,0.48492,15.51133,45.29308,31.23614,45.12307,50.00,0653:39:46,1,08
16:23:04,0.14777,216.10,0.48492,15.51133,45.29308,31.23614,45.12307,50.00,0653:39:46,1,08
16:23:05,0.1483,216.10,0.4815,15.45735,45.13547,31.23615,45.12309,50.00,0653:39:48,1,08
16:23:06,0.14878,216.20,0.48256,15.54506,45.39159,31.23615,45.12309,50.00,0653:39:49,1,08
16:23:07,0.14771,216.20,0.4845,15.49615,45.24875,31.23615,45.1231,50.00,0653:39:50,1,08
16:23:08,0.14731,216.10,0.48556,15.48434,45.21428,31.23616,45.1231,50.00,0653:39:51,1,08
16:23:09,0.15007,216.00,0.48166,15.63952,45.6674,31.23616,45.1231,50.00,0653:39:52,1,08
16:23:10,0.14835,216.00,0.48476,15.55687,45.42607,31.23617,45.1231,50.00,0653:39:53,1,08
16:23:11,0.14776,215.90,0.48559,15.51639,45.30786,31.23617,45.12312,50.00,0653:39:54,1,08
16:23:12,0.14761,215.80,0.48552,15.49277,45.2389,31.23618,45.12312,50.00,0653:39:55,1,08
16:23:13,0.14898,215.90,0.48225,15.53326,45.35711,31.23618,45.12312,50.00,0653:39:56,1,08
16:23:14,0.14895,215.90,0.47947,15.44555,45.10099,31.23619,45.12313,50.00,0653:39:57,1,08
16:23:15,0.14764,216.00,0.48416,15.46579,45.1601,31.23619,45.12313,50.00,0653:39:58,1,08
16:23:16,0.14753,216.00,0.48515,15.48097,45.20442,31.2362,45.12313,50.00,0653:39:59,1,08
16:23:17,0.14753,216.00,0.48488,15.47422,45.18472,31.2362,45.12313,50.00,0653:40:00,1,08
16:23:18,0.14713,216.00,0.48691,15.49615,45.24875,31.2362,45.12315,50.00,0653:40:01,1,08
16:23:19,0.15129,216.00,0.48377,15.83687,46.24366,31.23621,45.12315,50.00,0653:40:02,1,08
16:23:20,0.14633,216.10,0.4787,15.16049,44.26862,31.23621,45.12315,50.00,0653:40:03,1,08
16:23:21,0.13946,216.20,0.48045,14.51109,42.37238,31.23622,45.12315,50.00,0653:40:04,1,08
16:23:22,0.1473,216.20,0.48598,15.49952,45.25861,31.23622,45.12317,50.00,0653:40:05,1,08
16:23:23,0.14756,216.30,0.48618,15.54169,45.38174,31.23623,45.12317,50.00,0653:40:06,1,08
16:23:24,0.14898,216.20,0.48149,15.53663,45.36696,31.23623,45.12318,50.00,0653:40:07,1,08
16:23:25,0.14745,216.50,0.48945,15.65302,45.70681,31.23624,45.12318,50.00,0653:40:09,1,08
16:23:26,0.14564,216.40,0.48621,15.34603,44.8104,31.23624,45.12318,50.00,0653:40:10,1,08
16:23:27,0.1384,216.40,0.48364,14.5094,42.36745,31.23624,45.12318,50.00,0653:40:11,1,08
16:23:28,0.14832,216.40,0.48395,15.56362,45.44577,31.23625,45.1232,50.00,0653:40:12,1,08
16:23:29,0.14694,216.50,0.48809,15.55012,45.40636,31.23625,45.1232,50.00,0653:40:13,1,08
16:23:30,0.14694,216.50,0.48809,15.55012,45.40636,31.23625,45.1232,50.00,0653:40:13,1,08
16:23:31,0.14848,216.50,0.48622,15.65639,45.71666,31.23626,45.1232,50.00,0653:40:14,1,08
16:23:32,0.14815,216.40,0.48986,15.73061,45.93337,31.23626,45.1232,50.00,0653:40:15,1,08
16:23:34,0.14406,216.40,0.4919,15.35783,44.84488,31.23627,45.12321,50.00,0653:40:16,1,08
16:23:35,0.1466,216.20,0.4907,15.58049,45.49502,31.23627,45.12321,50.00,0653:40:17,1,08
16:23:36,0.14538,216.20,0.49443,15.56699,45.45562,31.23628,45.12321,50.00,0653:40:18,1,08
16:23:37,0.13998,216.10,0.49209,14.90747,43.52982,31.23628,45.12323,50.00,0653:40:19,1,08
16:23:38,0.14411,215.90,0.49426,15.40506,44.98278,31.23628,45.12323,50.00,0653:40:20,1,08
16:23:39,0.14417,216.00,0.49259,15.36627,44.86951,31.23629,45.12323,50.00,0653:40:21,1,08
16:23:40,0.13891,216.00,0.48613,14.60555,42.6482,31.23629,45.12323,50.00,0653:40:22,1,08
16:23:41,0.1437,215.90,0.49853,15.49109,45.23398,31.2363,45.12325,50.00,0653:40:23,1,08
16:23:42,0.14503,215.90,0.49424,15.49783,45.25368,31.2363,45.12325,50.00,0653:40:24,1,08
16:23:43,0.14508,216.00,0.49258,15.45904,45.1404,31.23631,45.12326,50.00,0653:40:25,1,08
16:23:44,0.14609,216.10,0.49173,15.54675,45.39651,31.23631,45.12326,50.00,0653:40:26,1,08
16:23:45,0.14642,216.00,0.48866,15.48265,45.20935,31.23632,45.12326,50.00,0653:40:27,1,08
16:23:46,0.14056,216.10,0.48863,14.8653,43.40669,31.23632,45.12326,50.00,0653:40:29,1,08
16:23:47,0.14545,216.10,0.4933,15.53326,45.35711,31.23632,45.12326,50.00,0653:40:30,1,08
16:23:48,0.14533,216.10,0.49217,15.48265,45.20935,31.23633,45.12328,50.00,0653:40:31,1,08
16:23:49,0.14539,216.00,0.49088,15.44217,45.09114,31.23633,45.12328,50.00,0653:40:32,1,08
16:23:50,0.1452,215.90,0.49151,15.43543,45.07145,31.23634,45.12328,50.00,0653:40:33,1,08
16:23:51,0.14215,216.00,0.48881,15.03061,43.88937,31.23634,45.12328,50.00,0653:40:34,1,08
16:23:52,0.14542,216.00,0.49319,15.51302,45.29801,31.23635,45.12329,50.00,0653:40:35,1,08
16:23:53,0.14659,216.00,0.49,15.53832,45.37189,31.23635,45.12329,50.00,0653:40:36,1,08
16:23:54,0.14662,216.00,0.49043,15.56024,45.43592,31.23636,45.12331,50.00,0653:40:37,1,08
16:23:55,0.14591,216.10,0.49263,15.55519,45.42114,31.23636,45.12331,50.00,0653:40:38,1,08
16:23:56,0.14591,216.10,0.49263,15.55519,45.42114,31.23636,45.12331,50.00,0653:40:38,1,08
16:23:57,0.14493,216.20,0.4928,15.46747,45.16503,31.23637,45.12331,50.00,0653:40:39,1,08
16:23:58,0.14567,216.20,0.4916,15.50458,45.27338,31.23637,45.12331,50.00,0653:40:40,1,08
16:23:59,0.1464,216.10,0.49037,15.54,45.37681,31.23637,45.12333,50.00,0653:40:41,1,08
16:24:00,0.14598,216.00,0.49092,15.50627,45.27831,31.23638,45.12333,50.00,0653:40:42,1,08
16:24:01,0.14606,216.00,0.49098,15.5147,45.30293,31.23638,45.12334,50.00,0653:40:43,1,08
16:24:02,0.1458,215.90,0.49112,15.48434,45.21428,31.23639,45.12334,50.00,0653:40:44,1,08
16:24:03,0.14135,215.80,0.48741,14.89398,43.49042,31.23639,45.12334,50.00,0653:40:45,1,08
16:24:04,0.13782,215.80,0.48256,14.37783,41.98328,31.2364,45.12334,50.00,0653:40:46,1,08
16:24:05,0.1463,216.00,0.49142,15.55181,45.41129,31.2364,45.12334,50.00,0653:40:47,1,08
16:24:06,0.14657,216.10,0.49304,15.6429,45.67726,31.23641,45.12336,50.00,0653:40:48,1,08
16:24:07,0.13843,216.20,0.4866,14.58362,42.58416,31.23641,45.12336,50.00,0653:40:50,1,08
16:24:08,0.13705,216.20,0.48682,14.45037,42.19507,31.23641,45.12336,50.00,0653:40:51,1,08
16:24:09,0.14617,216.30,0.48903,15.48434,45.21428,31.23642,45.12336,50.00,0653:40:52,1,08
16:24:10,0.14577,216.20,0.49129,15.51133,45.29308,31.23642,45.12337,50.00,0653:40:53,1,08
16:24:11,0.1455,216.20,0.49277,15.52651,45.33741,31.23643,45.12337,50.00,0653:40:54,1,08
16:24:12,0.14019,216.20,0.48905,14.84675,43.35252,31.23643,45.12339,50.00,0653:40:55,1,08
16:24:13,0.13822,216.10,0.48219,14.42844,42.13104,31.23644,45.12339,50.00,0653:40:56,1,08
16:24:14,0.14541,216.00,0.4903,15.42699,45.04682,31.23644,45.12339,50.00,0653:40:57,1,08
16:24:15,0.14453,216.00,0.49196,15.38314,44.91876,31.23644,45.12339,50.00,0653:40:58,1,08
16:24:16,0.1453,215.90,0.49404,15.51976,45.31771,31.23645,45.12339,50.00,0653:40:59,1,08
16:24:17,0.14524,215.90,0.49296,15.48097,45.20442,31.23645,45.12341,50.00,0653:41:00,1,08
16:24:18,0.14226,215.80,0.48535,14.92434,43.57907,31.23646,45.12341,50.00,0653:41:01,1,08
16:24:19,0.13771,215.50,0.48581,14.44193,42.17044,31.23646,45.12342,50.00,0653:41:02,1,08
16:24:20,0.14581,215.50,0.49153,15.47253,45.1798,31.23647,45.12342,50.00,0653:41:03,1,08
16:24:21,0.146,215.50,0.49138,15.48434,45.21428,31.23647,45.12342,50.00,0653:41:04,1,08
16:24:22,0.146,215.50,0.49138,15.48434,45.21428,31.23647,45.12342,50.00,0653:41:04,1,08
16:24:23,0.14802,215.60,0.49356,15.77446,46.06143,31.23648,45.12342,50.00,0653:41:05,1,08
16:24:24,0.14777,215.60,0.48689,15.53832,45.37189,31.23648,45.12344,50.00,0653:41:06,1,08
16:24:25,0.14659,215.60,0.49025,15.51639,45.30786,31.23649,45.12344,50.00,0653:41:07,1,08
16:24:26,0.14682,215.50,0.49132,15.56699,45.45562,31.23649,45.12344,50.00,0653:41:08,1,08
16:24:27,0.14598,215.60,0.49176,15.50121,45.26353,31.23649,45.12344,50.00,0653:41:10,1,08
16:24:28,0.14642,215.70,0.48997,15.49783,45.25368,31.2365,45.12346,50.00,0653:41:11,1,08
16:24:29,0.14232,215.70,0.48359,14.86699,43.41162,31.2365,45.12346,50.00,0653:41:12,1,08
16:24:30,0.14684,215.80,0.49006,15.55181,45.41129,31.23651,45.12346,50.00,0653:41:13,1,08
16:24:31,0.14561,215.70,0.48933,15.39663,44.95816,31.23651,45.12347,50.00,0653:41:14,1,08
16:24:32,0.14085,215.70,0.48708,14.82145,43.27863,31.23652,45.12347,50.00,0653:41:15,1,08
16:24:33,0.14479,215.60,0.48614,15.19928,44.3819,31.23652,45.12347,50.00,0653:41:16,1,08
16:24:34,0.1465,215.60,0.49126,15.54338,45.38666,31.23653,45.12347,50.00,0653:41:17,1,08
16:24:35,0.14708,215.60,0.49251,15.64795,45.69203,31.23653,45.12349,50.00,0653:41:18,1,08
16:24:36,0.14605,215.70,0.49182,15.51808,45.31278,31.23653,45.12349,50.00,0653:41:19,1,08
16:24:37,0.14619,215.60,0.49183,15.52988,45.34726,31.23654,45.12349,50.00,0653:41:20,1,08
16:24:38,0.14528,215.70,0.48898,15.3494,44.82026,31.23654,45.12349,50.00,0653:41:21,1,08
16:24:39,0.14256,215.80,0.49184,15.15374,44.24892,31.23655,45.1235,50.00,0653:41:22,1,08
16:24:40,0.14538,215.80,0.49265,15.47928,45.1995,31.23655,45.1235,50.00,0653:41:23,1,08
16:24:41,0.14622,215.30,0.49107,15.48434,45.21428,31.23656,45.12352,50.00,0653:41:24,1,08
16:24:42,0.14659,215.20,0.49007,15.48097,45.20442,31.23656,45.12352,50.00,0653:41:25,1,08
16:24:43,0.14747,215.20,0.48747,15.49109,45.23398,31.23657,45.12352,50.00,0653:41:26,1,08
16:24:44,0.14693,214.90,0.4895,15.48434,45.21428,31.23657,45.12352,50.00,0653:41:27,1,08
16:24:45,0.14714,215.10,0.48883,15.49615,45.24875,31.23657,45.12352,50.00,0653:41:28,1,08
16:24:46,0.14703,215.20,0.48803,15.46916,45.16995,31.23658,45.12354,50.00,0653:41:29,1,08
16:24:47,0.14803,215.10,0.48673,15.52482,45.33249,31.23658,45.12354,50.00,0653:41:31,1,08
16:24:48,0.14767,215.20,0.48654,15.48434,45.21428,31.23659,45.12355,50.00,0653:41:32,1,08
16:24:49,0.14767,215.20,0.48654,15.48434,45.21428,31.23659,45.12355,50.00,0653:41:32,1,08
16:24:50,0.14724,215.30,0.48837,15.50964,45.28815,31.23659,45.12355,50.00,0653:41:33,1,08
16:24:51,0.14698,215.50,0.4891,15.51808,45.31278,31.2366,45.12355,50.00,0653:41:34,1,08
16:24:52,0.14605,215.90,0.49065,15.49783,45.25368,31.2366,45.12355,50.00,0653:41:35,1,08
16:24:53,0.14642,216.00,0.48791,15.45567,45.13055,31.23661,45.12357,50.00,0653:41:36,1,08
16:24:54,0.1467,216.00,0.49001,15.55012,45.40636,31.23661,45.12357,50.00,0653:41:37,1,08
16:24:55,0.14633,216.00,0.49057,15.53326,45.35711,31.23662,45.12357,50.00,0653:41:38,1,08
16:24:56,0.14595,216.00,0.49241,15.54844,45.40144,31.23662,45.12357,50.00,0653:41:39,1,08
16:24:57,0.14687,215.90,0.48794,15.49615,45.24875,31.23662,45.12358,50.00,0653:41:40,1,08
16:24:58,0.14567,216.00,0.4916,15.49615,45.24875,31.23663,45.12358,50.00,0653:41:41,1,08
16:24:59,0.14583,216.00,0.49187,15.51808,45.31278,31.23663,45.1236,50.00,0653:41:42,1,08
16:25:00,0.14075,216.10,0.48688,14.83157,43.30819,31.23664,45.1236,50.00,0653:41:43,1,08
16:25:01,0.1347,216.20,0.48097,14.02699,40.95881,31.23664,45.1236,50.00,0653:41:44,1,08
16:25:02,0.14423,216.30,0.4844,15.1335,44.18981,31.23665,45.1236,50.00,0653:41:45,1,08
16:25:03,0.14547,216.20,0.49127,15.47928,45.1995,31.23665,45.1236,50.00,0653:41:46,1,08
16:25:04,0.14563,216.20,0.49091,15.48434,45.21428,31.23666,45.12362,50.00,0653:41:47,1,08
16:25:05,0.14503,216.30,0.49189,15.45567,45.13055,31.23666,45.12362,50.00,0653:41:48,1,08
16:25:06,0.14592,216.30,0.49162,15.54,45.37681,31.23666,45.12363,50.00,0653:41:49,1,08
16:25:07,0.14631,216.20,0.48834,15.47253,45.1798,31.23667,45.12363,50.00,0653:41:50,1,08
16:25:08,0.14497,216.10,0.49301,15.47253,45.1798,31.23667,45.12363,50.00,0653:41:52,1,08
16:25:09,0.14467,215.70,0.49288,15.40675,44.98772,31.23668,45.12363,50.00,0653:41:53,1,08
16:25:10,0.1453,215.60,0.49258,15.45398,45.12562,31.23668,45.12365,50.00,0653:41:54,1,08
16:25:11,0.14645,215.50,0.48938,15.47253,45.1798,31.23669,45.12365,50.00,0653:41:55,1,08
16:25:12,0.14791,215.70,0.48427,15.47928,45.1995,31.23669,45.12365,50.00,0653:41:56,1,08
16:25:13,0.14664,215.70,0.48876,15.48265,45.20935,31.2367,45.12365,50.00,0653:41:57,1,08
16:25:14,0.14285,215.80,0.48891,15.09301,44.07161,31.2367,45.12366,50.00,0653:41:58,1,08
16:25:15,0.14285,215.80,0.48891,15.09301,44.07161,31.2367,45.12366,50.00,0653:41:58,1,08
16:25:16,0.14791,215.70,0.48696,15.55856,45.43099,31.2367,45.12366,50.00,0653:41:59,1,08
16:25:17,0.14793,215.60,0.48548,15.50964,45.28815,31.23671,45.12368,50.00,0653:42:00,1,08
16:25:18,0.14708,215.70,0.48859,15.52651,45.33741,31.23671,45.12368,50.00,0653:42:01,1,08
16:25:19,0.14698,215.70,0.48932,15.53663,45.36696,31.23672,45.12368,50.00,0653:42:02,1,08
16:25:20,0.14653,215.60,0.49009,15.50796,45.28323,31.23672,45.12368,50.00,0653:42:03,1,08
16:25:21,0.14703,215.60,0.48725,15.46916,45.16995,31.23673,45.12368,50.00,0653:42:04,1,08
16:25:22,0.14753,215.50,0.48633,15.48771,45.22413,31.23673,45.1237,50.00,0653:42:05,1,08
16:25:23,0.14679,215.50,0.4894,15.5029,45.26846,31.23674,45.1237,50.00,0653:42:06,1,08
16:25:24,0.14671,215.40,0.48993,15.51133,45.29308,31.23674,45.12371,50.00,0653:42:07,1,08
16:25:25,0.14904,215.40,0.49166,15.81157,46.16978,31.23675,45.12371,50.00,0653:42:08,1,08
16:25:27,0.14773,215.30,0.48565,15.47422,45.18472,31.23675,45.12371,50.00,0653:42:09,1,08
16:25:28,0.14713,215.40,0.48783,15.48603,45.2192,31.23675,45.12371,50.00,0653:42:10,1,08
16:25:29,0.14611,215.40,0.48807,15.38314,44.91876,31.23676,45.12373,50.00,0653:42:12,1,08
16:25:30,0.14438,215.40,0.48689,15.16554,44.28339,31.23676,45.12373,50.00,0653:42:13,1,08
16:25:31,0.14957,215.40,0.49153,15.86386,46.32247,31.23677,45.12373,50.00,0653:42:14,1,08
16:25:32,0.14936,215.30,0.48308,15.55856,45.43099,31.23677,45.12373,50.00,0653:42:15,1,08
16:25:33,0.14791,215.50,0.48584,15.50796,45.28323,31.23678,45.12374,50.00,0653:42:16,1,08
16:25:34,0.1477,215.60,0.48757,15.55181,45.41129,31.23678,45.12374,50.00,0653:42:17,1,08
16:25:35,0.14739,215.40,0.48732,15.49446,45.24382,31.23679,45.12376,50.00,0653:42:18,1,08
16:25:36,0.14912,215.30,0.4861,15.63278,45.64771,31.23679,45.12376,50.00,0653:42:19,1,08
16:25:37,0.14904,215.40,0.48358,15.5535,45.41621,31.2368,45.12376,50.00,0653:42:20,1,08
16:25:38,0.14924,215.40,0.48502,15.62097,45.61323,31.2368,45.12376,50.00,0653:42:21,1,08
16:25:39,0.14969,215.40,0.48475,15.65808,45.72158,31.2368,45.12376,50.00,0653:42:22,1,08
16:25:40,0.1486,215.50,0.48485,15.55181,45.41129,31.23681,45.12378,50.00,0653:42:23,1,08
16:25:41,0.15141,215.50,0.48183,15.74916,45.98755,31.23681,45.12378,50.00,0653:42:24,1,08
16:25:42,0.15141,215.50,0.48183,15.74916,45.98755,31.23681,45.12378,50.00,0653:42:24,1,08
16:25:43,0.14892,215.50,0.48856,15.7053,45.85949,31.23682,45.12379,50.00,0653:42:25,1,08
16:25:44,0.14912,215.50,0.48842,15.7188,45.89889,31.23682,45.12379,50.00,0653:42:26,1,08
16:25:45,0.1483,215.60,0.48536,15.54338,45.38666,31.23683,45.12379,50.00,0653:42:27,1,08
16:25:46,0.14813,215.90,0.48689,15.59398,45.53442,31.23683,45.12379,50.00,0653:42:28,1,08
16:25:47,0.14843,215.80,0.4848,15.55181,45.41129,31.23684,45.12381,50.00,0653:42:29,1,08
16:25:48,0.14776,215.70,0.48906,15.61591,45.59845,31.23684,45.12381,50.00,0653:42:30,1,08
16:25:49,0.14713,215.80,0.48918,15.5535,45.41621,31.23685,45.12381,50.00,0653:42:32,1,08
16:25:50,0.14711,215.70,0.48934,15.55687,45.42607,31.23685,45.12381,50.00,0653:42:33,1,08
16:25:51,0.14703,215.80,0.4888,15.53326,45.35711,31.23685,45.12383,50.00,0653:42:34,1,08
16:25:52,0.14912,215.80,0.48833,15.73735,45.95307,31.23686,45.12383,50.00,0653:42:35,1,08
16:25:53,0.1407,215.80,0.48658,14.79615,43.20475,31.23686,45.12384,50.00,0653:42:36,1,08
16:25:54,0.13091,215.60,0.48246,13.64073,39.83092,31.23687,45.12384,50.00,0653:42:37,1,08
16:25:55,0.14197,215.80,0.4889,15.00362,43.81056,31.23687,45.12384,50.00,0653:42:38,1,08
16:25:56,0.14651,215.80,0.48961,15.50458,45.27338,31.23688,45.12384,50.00,0653:42:39,1,08
16:25:57,0.1471,215.80,0.48753,15.50121,45.26353,31.23688,45.12384,50.00,0653:42:40,1,08
16:25:58,0.14536,215.80,0.49162,15.44555,45.10099,31.23689,45.12386,50.00,0653:42:41,1,08
16:25:59,0.14028,215.80,0.48582,14.73205,43.01759,31.23689,45.12386,50.00,0653:42:42,1,08
16:26:00,0.14623,215.70,0.4897,15.47422,45.18472,31.23689,45.12386,50.00,0653:42:43,1,08
16:26:01,0.15001,215.70,0.48808,15.81494,46.17963,31.2369,45.12386,50.00,0653:42:44,1,08
16:26:02,0.14664,215.60,0.48834,15.46579,45.1601,31.2369,45.12387,50.00,0653:42:45,1,08
16:26:03,0.14719,215.60,0.48933,15.55181,45.41129,31.23691,45.12387,50.00,0653:42:46,1,08
16:26:04,0.14754,215.50,0.48946,15.58555,45.5098,31.23691,45.12389,50.00,0653:42:47,1,08
16:26:05,0.14776,215.50,0.48641,15.51302,45.29801,31.23692,45.12389,50.00,0653:42:48,1,08
16:26:06,0.14784,215.50,0.48562,15.49783,45.25368,31.23692,45.12389,50.00,0653:42:49,1,08
16:26:07,0.14784,215.50,0.48562,15.49783,45.25368,31.23692,45.12389,50.00,0653:42:49,1,08
16:26:08,0.14703,215.60,0.48869,15.51808,45.31278,31.23693,45.12389,50.00,0653:42:50,1,08
16:26:09,0.14679,215.70,0.48803,15.47422,45.18472,31.23693,45.12391,50.00,0653:42:52,1,08
16:26:10,0.14705,215.70,0.48822,15.5147,45.30293,31.23693,45.12391,50.00,0653:42:53,1,08
16:26:11,0.14762,215.60,0.48508,15.46072,45.14532,31.23694,45.12392,50.00,0653:42:54,1,08
16:26:12,0.14794,215.70,0.48881,15.62097,45.61323,31.23694,45.12392,50.00,0653:42:55,1,08
16:26:13,0.14731,215.50,0.48849,15.53157,45.35218,31.23695,45.12392,50.00,0653:42:56,1,08
16:26:14,0.14803,215.40,0.48664,15.54506,45.39159,31.23695,45.12392,50.00,0653:42:57,1,08
16:26:15,0.14703,215.60,0.48863,15.51639,45.30786,31.23696,45.12394,50.00,0653:42:58,1,08
16:26:16,0.14817,215.50,0.48634,15.5535,45.41621,31.23696,45.12394,50.00,0653:42:59,1,08
16:26:17,0.1483,215.60,0.48478,15.52314,45.32756,31.23697,45.12394,50.00,0653:43:00,1,08
16:26:18,0.14724,215.60,0.48944,15.56024,45.43592,31.23697,45.12394,50.00,0653:43:01,1,08
16:26:19,0.14667,215.60,0.48956,15.50627,45.27831,31.23698,45.12394,50.00,0653:43:02,1,08
16:26:20,0.14762,215.60,0.48666,15.51133,45.29308,31.23698,45.12395,50.00,0653:43:03,1,08
16:26:21,0.14662,215.40,0.4912,15.54169,45.38174,31.23698,45.12395,50.00,0653:43:04,1,08
16:26:22,0.14754,215.40,0.49094,15.6294,45.63785,31.23699,45.12397,50.00,0653:43:05,1,08
16:26:23,0.14702,215.40,0.49022,15.55012,45.40636,31.23699,45.12397,50.00,0653:43:06,1,08
16:26:24,0.14676,215.50,0.49025,15.5282,45.34233,31.237,45.12397,50.00,0653:43:07,1,08
16:26:25,0.1477,215.50,0.48598,15.49615,45.24875,31.237,45.12397,50.00,0653:43:08,1,08
16:26:26,0.14186,215.60,0.48651,14.90073,43.51012,31.23701,45.12399,50.00,0653:43:09,1,08
16:26:27,0.13466,215.60,0.48283,14.03711,40.98836,31.23701,45.12399,50.00,0653:43:10,1,08
16:26:28,0.14945,215.50,0.49095,15.83518,46.23874,31.23702,45.124,50.00,0653:43:11,1,08
16:26:29,0.14703,215.50,0.48809,15.48771,45.22413,31.23702,45.124,50.00,0653:43:13,1,08
16:26:30,0.14794,215.50,0.485,15.4894,45.22905,31.23702,45.124,50.00,0653:43:14,1,08
16:26:31,0.1469,215.50,0.48883,15.5029,45.26846,31.23703,45.124,50.00,0653:43:15,1,08
16:26:32,0.1477,215.60,0.49091,15.65976,45.72651,31.23703,45.12402,50.00,0653:43:16,1,08
16:26:33,0.1477,215.60,0.49091,15.65976,45.72651,31.23703,45.12402,50.00,0653:43:16,1,08
16:26:34,0.14687,215.60,0.49043,15.5535,45.41621,31.23704,45.12402,50.00,0653:43:17,1,08
16:26:35,0.14718,215.50,0.48922,15.54506,45.39159,31.23704,45.12402,50.00,0653:43:18,1,08
16:26:36,0.14753,215.60,0.48692,15.5147,45.30293,31.23705,45.12402,50.00,0653:43:19,1,08
16:26:37,0.14674,215.60,0.49074,15.54844,45.40144,31.23705,45.12402,50.00,0653:43:20,1,08
16:26:38,0.14645,215.60,0.49173,15.55181,45.41129,31.23706,45.12403,50.00,0653:43:21,1,08
16:26:39,0.14636,215.70,0.49035,15.50964,45.28815,31.23706,45.12403,50.00,0653:43:22,1,08
16:26:40,0.1471,215.70,0.48827,15.51976,45.31771,31.23707,45.12405,50.00,0653:43:23,1,08
16:26:41,0.14615,215.80,0.49124,15.51808,45.31278,31.23707,45.12405,50.00,0653:43:24,1,08
16:26:42,0.14455,215.70,0.49087,15.33253,44.771,31.23707,45.12405,50.00,0653:43:25,1,08
16:26:43,0.14442,215.70,0.48422,15.10988,44.12086,31.23708,45.12405,50.00,0653:43:26,1,08
16:26:44,0.14685,215.70,0.48777,15.47422,45.18472,31.23708,45.12407,50.00,0653:43:27,1,08
16:26:45,0.14216,215.70,0.48621,14.93278,43.60371,31.23709,45.12407,50.00,0653:43:28,1,08
16:26:46,0.14613,215.60,0.49187,15.51976,45.31771,31.23709,45.12408,50.00,0653:43:29,1,08
16:26:47,0.14583,215.50,0.49095,15.45735,45.13547,31.2371,45.12408,50.00,0653:43:30,1,08
16:26:48,0.14528,215.60,0.49231,15.44555,45.10099,31.2371,45.12408,50.00,0653:43:31,1,08
16:26:49,0.14716,215.60,0.48779,15.5029,45.26846,31.23711,45.12408,50.00,0653:43:33,1,08
16:26:50,0.14617,215.70,0.48932,15.44892,45.11084,31.23711,45.12408,50.00,0653:43:34,1,08
16:26:51,0.14313,215.70,0.48931,15.13181,44.18489,31.23711,45.1241,50.00,0653:43:35,1,08
16:26:52,0.14685,215.70,0.49181,15.60073,45.55412,31.23712,45.1241,50.00,0653:43:36,1,08
16:26:53,0.14696,215.70,0.49076,15.58049,45.49502,31.23712,45.1241,50.00,0653:43:37,1,08
16:26:54,0.14823,215.70,0.48704,15.59904,45.5492,31.23713,45.1241,50.00,0653:43:38,1,08
16:26:55,0.14748,215.80,0.49154,15.67157,45.76099,31.23713,45.12411,50.00,0653:43:39,1,08
16:26:56,0.14708,215.80,0.4895,15.56362,45.44577,31.23714,45.12411,50.00,0653:43:40,1,08
16:26:57,0.14682,215.80,0.49091,15.58049,45.49502,31.23714,45.12413,50.00,0653:43:41,1,08
16:26:58,0.14668,215.80,0.49106,15.5653,45.45069,31.23715,45.12413,50.00,0653:43:42,1,08
16:26:59,0.14668,215.80,0.49106,15.5653,45.45069,31.23715,45.12413,50.00,0653:43:42,1,08
16:27:00,0.14682,215.70,0.48883,15.50796,45.28323,31.23715,45.12413,50.00,0653:43:43,1,08
16:27:01,0.1427,215.60,0.48747,15.02386,43.86967,31.23716,45.12413,50.00,0653:43:44,1,08
16:27:02,0.14806,215.70,0.48914,15.64458,45.68218,31.23716,45.12415,50.00,0653:43:45,1,08
16:27:03,0.15534,215.50,0.4918,16.48964,48.14976,31.23716,45.12415,50.00,0653:43:46,1,08
16:27:04,0.1491,215.50,0.4814,15.49615,45.24875,31.23717,45.12415,50.00,0653:43:47,1,08
16:27:05,0.14839,215.50,0.48204,15.44049,45.08622,31.23717,45.12415,50.00,0653:43:48,1,08
16:27:06,0.1417,215.40,0.47815,14.61735,42.68267,31.23718,45.12416,50.00,0653:43:49,1,08
16:27:07,0.13938,215.30,0.4757,14.30024,41.75671,31.23718,45.12416,50.00,0653:43:50,1,08
16:27:08,0.14878,215.50,0.48203,15.47759,45.19457,31.23719,45.12418,50.00,0653:43:51,1,08
16:27:09,0.1483,215.60,0.48141,15.41687,45.01727,31.23719,45.12418,50.00,0653:43:53,1,08
16:27:10,0.14868,215.70,0.48152,15.46916,45.16995,31.2372,45.12418,50.00,0653:43:54,1,08
16:27:11,0.14745,215.70,0.48496,15.44723,45.10592,31.2372,45.12418,50.00,0653:43:55,1,08
16:27:12,0.14351,215.60,0.47823,14.82145,43.27863,31.2372,45.12418,50.00,0653:43:56,1,08
16:27:13,0.15111,215.60,0.48677,15.88747,46.39142,31.23721,45.1242,50.00,0653:43:57,1,08
16:27:14,0.1548,215.70,0.49001,16.38506,47.84439,31.23721,45.1242,50.00,0653:43:58,1,08
16:27:15,0.14811,215.70,0.48435,15.49952,45.25861,31.23722,45.12421,50.00,0653:43:59,1,08
16:27:16,0.14539,215.80,0.4832,15.18241,44.33265,31.23722,45.12421,50.00,0653:44:00,1,08
16:27:17,0.1479,215.70,0.48427,15.47085,45.17487,31.23723,45.12421,50.00,0653:44:01,1,08
16:27:18,0.14868,215.60,0.48282,15.50121,45.26353,31.23723,45.12421,50.00,0653:44:02,1,08
16:27:20,0.14777,215.70,0.48647,15.52988,45.34726,31.23724,45.12423,50.00,0653:44:03,1,08
16:27:21,0.1479,215.60,0.48622,15.5282,45.34233,31.23724,45.12423,50.00,0653:44:04,1,08
16:27:22,0.14794,215.60,0.48786,15.58723,45.51472,31.23725,45.12423,50.00,0653:44:05,1,08
16:27:23,0.14813,215.60,0.4865,15.56362,45.44577,31.23725,45.12423,50.00,0653:44:06,1,08
16:27:24,0.14862,215.60,0.48639,15.61085,45.58368,31.23725,45.12424,50.00,0653:44:07,1,08
16:27:25,0.14831,215.60,0.48388,15.49615,45.24875,31.23726,45.12424,50.00,0653:44:08,1,08
16:27:26,0.14831,215.60,0.48388,15.49615,45.24875,31.23726,45.12424,50.00,0653:44:08,1,08
16:27:27,0.14656,215.50,0.48939,15.48434,45.21428,31.23726,45.12426,50.00,0653:44:09,1,08
16:27:28,0.14609,215.40,0.49133,15.4894,45.22905,31.23727,45.12426,50.00,0653:44:10,1,08
16:27:29,0.14154,215.40,0.4884,14.91422,43.54952,31.23727,45.12426,50.00,0653:44:11,1,08
16:27:30,0.14657,215.50,0.48982,15.49615,45.24875,31.23728,45.12426,50.00,0653:44:12,1,08
16:27:31,0.14555,215.70,0.49211,15.47422,45.18472,31.23728,45.12426,50.00,0653:44:14,1,08
16:27:32,0.1352,215.80,0.49105,14.35253,41.9094,31.23729,45.12428,50.00,0653:44:15,1,08
16:27:33,0.14209,215.90,0.49391,15.17398,44.30803,31.23729,45.12428,50.00,0653:44:16,1,08
16:27:34,0.15037,215.80,0.51033,16.58579,48.4305,31.23729,45.12429,50.00,0653:44:17,1,08
16:27:35,0.15257,215.80,0.51304,16.91976,49.40571,31.2373,45.12429,50.00,0653:44:18,1,08
16:27:36,0.15205,215.90,0.51251,16.85567,49.21854,31.2373,45.12429,50.00,0653:44:19,1,08
16:27:37,0.15239,216.00,0.54312,17.9082,52.29194,31.23731,45.12429,50.00,0653:44:20,1,08
16:27:38,0.15145,216.00,0.54159,17.74627,51.8191,31.23731,45.12431,50.00,0653:44:21,1,08
16:27:39,0.1576,216.00,0.54161,18.46314,53.91236,31.23732,45.12431,50.00,0653:44:22,1,08
16:27:40,0.15808,216.00,0.54133,18.51542,54.06504,31.23733,45.12431,50.00,0653:44:23,1,08
16:27:41,0.15745,216.10,0.54033,18.41591,53.77446,31.23733,45.12431,50.00,0653:44:24,1,08
16:27:42,0.15761,216.10,0.54078,18.45133,53.87788,31.23734,45.12431,50.00,0653:44:25,1,08
16:27:43,0.15464,216.10,0.53845,18.02121,52.62193,31.23734,45.12432,50.00,0653:44:26,1,08
16:27:44,0.15866,216.00,0.53617,18.4041,53.73997,31.23735,45.12432,50.00,0653:44:27,1,08
16:27:45,0.15861,216.00,0.538,18.45976,53.90251,31.23735,45.12434,50.00,0653:44:28,1,08
16:27:46,0.15801,215.90,0.53859,18.40747,53.74983,31.23736,45.12434,50.00,0653:44:29,1,08
16:27:47,0.1582,216.00,0.53912,18.4547,53.88774,31.23736,45.12434,50.00,0653:44:30,1,08
16:27:48,0.1583,216.10,0.54002,18.50362,54.03056,31.23737,45.12434,50.00,0653:44:31,1,08
16:27:49,0.15678,216.20,0.538,18.26916,53.34595,31.23737,45.12436,50.00,0653:44:32,1,08
16:27:50,0.15784,216.20,0.53919,18.42771,53.80892,31.23738,45.12436,50.00,0653:44:34,1,08
16:27:51,0.15776,216.20,0.53905,18.41591,53.77446,31.23738,45.12437,50.00,0653:44:35,1,08
16:27:52,0.15776,216.20,0.53905,18.41591,53.77446,31.23738,45.12437,50.00,0653:44:35,1,08
16:27:53,0.158,216.10,0.54079,18.4935,54.00101,31.23739,45.12437,50.00,0653:44:36,1,08
16:27:54,0.15798,216.10,0.53842,18.41422,53.76953,31.23739,45.12437,50.00,0653:44:37,1,08
16:27:55,0.15917,216.10,0.53872,18.56434,54.20788,31.2374,45.12437,50.00,0653:44:38,1,08
16:27:56,0.15874,216.20,0.53774,18.48169,53.96653,31.23741,45.12437,50.00,0653:44:39,1,08
16:27:57,0.15781,216.10,0.54005,18.44796,53.86804,31.23741,45.12439,50.00,0653:44:40,1,08
16:27:58,0.15841,216.20,0.54288,18.62169,54.37534,31.23742,45.12439,50.00,0653:44:41,1,08
16:27:59,0.15685,216.30,0.5412,18.39061,53.70057,31.23742,45.12439,50.00,0653:44:42,1,08
16:28:00,0.15752,216.40,0.53848,18.38555,53.68579,31.23743,45.12439,50.00,0653:44:43,1,08
16:28:01,0.15667,216.40,0.54228,18.41253,53.7646,31.23743,45.1244,50.00,0653:44:44,1,08
16:28:02,0.15746,216.30,0.53979,18.41928,53.7843,31.23744,45.1244,50.00,0653:44:45,1,08
16:28:03,0.15793,216.30,0.5387,18.43109,53.81878,31.23744,45.12442,50.00,0653:44:46,1,08
16:28:04,0.15891,216.20,0.53798,18.51711,54.06997,31.23745,45.12442,50.00,0653:44:47,1,08
16:28:05,0.15688,216.20,0.53803,18.2776,53.37058,31.23745,45.12442,50.00,0653:44:48,1,08
16:28:06,0.15774,216.30,0.53525,18.28771,53.40013,31.23746,45.12442,50.00,0653:44:49,1,08
16:28:07,0.159,216.00,0.53678,18.46145,53.90743,31.23746,45.12442,50.00,0653:44:50,1,08
16:28:08,0.15827,216.00,0.53635,18.36699,53.63162,31.23747,45.12444,50.00,0653:44:51,1,08
16:28:09,0.15893,216.00,0.53512,18.40241,53.73505,31.23748,45.12444,50.00,0653:44:52,1,08
16:28:10,0.15513,216.20,0.53931,18.11904,52.90759,31.23748,45.12444,50.00,0653:44:53,1,08
16:28:11,0.15113,216.30,0.53786,17.61302,51.43001,31.23749,45.12444,50.00,0653:44:55,1,08
16:28:12,0.15811,216.30,0.53609,18.3653,53.62669,31.23749,45.12445,50.00,0653:44:56,1,08
16:28:13,0.15857,216.30,0.53585,18.40579,53.7449,31.2375,45.12445,50.00,0653:44:57,1,08
16:28:14,0.16573,216.10,0.53695,19.26603,56.25681,31.2375,45.12447,50.00,0653:44:58,1,08
16:28:15,0.16022,216.10,0.53687,18.61663,54.36056,31.23751,45.12447,50.00,0653:44:59,1,08
16:28:16,0.15673,216.20,0.53837,18.27085,53.35088,31.23751,45.12447,50.00,0653:45:00,1,08
16:28:17,0.15066,216.20,0.53882,17.58097,51.33643,31.23752,45.12447,50.00,0653:45:01,1,08
16:28:18,0.15066,216.20,0.53882,17.58097,51.33643,31.23752,45.12447,50.00,0653:45:01,1,08
16:28:19,0.15817,216.30,0.53578,18.36193,53.61684,31.23752,45.12449,50.00,0653:45:02,1,08
16:28:20,0.15888,216.30,0.53744,18.49856,54.01579,31.23753,45.12449,50.00,0653:45:03,1,08
16:28:21,0.15765,216.30,0.53901,18.41084,53.75967,31.23753,45.12449,50.00,0653:45:04,1,08
16:28:22,0.15795,216.20,0.53872,18.42434,53.79908,31.23754,45.1245,50.00,0653:45:05,1,08
16:28:23,0.15711,216.20,0.53937,18.34844,53.57744,31.23754,45.1245,50.00,0653:45:06,1,08
16:28:24,0.15086,216.20,0.53877,17.60458,51.40538,31.23755,45.1245,50.00,0653:45:07,1,08
16:28:25,0.15821,216.30,0.53765,18.42603,53.80401,31.23756,45.1245,50.00,0653:45:08,1,08
16:28:26,0.15781,216.30,0.54129,18.50699,54.04041,31.23756,45.12452,50.00,0653:45:09,1,08
16:28:27,0.15763,216.50,0.54022,18.46314,53.91236,31.23757,45.12452,50.00,0653:45:10,1,08
16:28:28,0.15814,216.50,0.53782,18.44458,53.85817,31.23757,45.12452,50.00,0653:45:11,1,08
16:28:29,0.15181,216.50,0.53807,17.71253,51.7206,31.23758,45.12452,50.00,0653:45:12,1,08
16:28:30,0.15744,216.40,0.54019,18.43278,53.82371,31.23758,45.12453,50.00,0653:45:13,1,08
16:28:31,0.1582,216.40,0.5397,18.50362,54.03056,31.23759,45.12453,50.00,0653:45:14,1,08
16:28:32,0.1576,216.40,0.5403,18.4547,53.88774,31.23759,45.12453,50.00,0653:45:16,1,08
16:28:33,0.1578,216.40,0.53813,18.40241,53.73505,31.2376,45.12455,50.00,0653:45:17,1,08
16:28:34,0.16026,216.40,0.5389,18.71784,54.65608,31.2376,45.12455,50.00,0653:45:18,1,08
16:28:35,0.15774,216.40,0.54005,18.4682,53.92714,31.23761,45.12455,50.00,0653:45:19,1,08
16:28:36,0.15692,216.50,0.53901,18.34,53.55281,31.23761,45.12455,50.00,0653:45:20,1,08
16:28:37,0.15755,216.50,0.53831,18.39398,53.71042,31.23762,45.12457,50.00,0653:45:21,1,08
16:28:38,0.15732,216.60,0.53919,18.4041,53.73997,31.23762,45.12457,50.00,0653:45:22,1,08
16:28:39,0.15783,216.60,0.53714,18.39398,53.71042,31.23763,45.12458,50.00,0653:45:23,1,08
16:28:40,0.15784,216.60,0.53798,18.42266,53.79416,31.23764,45.12458,50.00,0653:45:24,1,08
16:28:41,0.15793,216.60,0.54013,18.50362,54.03056,31.23764,45.12458,50.00,0653:45:25,1,08
16:28:42,0.15787,216.50,0.53868,18.44121,53.84834,31.23765,45.12458,50.00,0653:45:26,1,08
16:28:43,0.15787,216.50,0.53868,18.44121,53.84834,31.23765,45.12458,50.00,0653:45:26,1,08
16:28:44,0.15828,216.50,0.53637,18.40747,53.74983,31.23765,45.12458,50.00,0653:45:27,1,08
16:28:45,0.15908,216.40,0.53787,18.5441,54.14878,31.23766,45.1246,50.00,0653:45:28,1,08
16:28:46,0.15745,216.40,0.54008,18.43446,53.82863,31.23766,45.1246,50.00,0653:45:29,1,08
16:28:47,0.15505,216.40,0.54236,18.22868,53.22774,31.23767,45.1246,50.00,0653:45:30,1,08
16:28:48,0.15703,216.30,0.53946,18.35687,53.60206,31.23767,45.1246,50.00,0653:45:31,1,08
16:28:49,0.15654,216.40,0.54155,18.3788,53.6661,31.23768,45.12461,50.00,0653:45:32,1,08
16:28:50,0.15629,216.30,0.54324,18.39567,53.71535,31.23768,45.12461,50.00,0653:45:33,1,08
16:28:51,0.15156,216.40,0.54225,17.81543,52.02105,31.23769,45.12463,50.00,0653:45:35,1,08
16:28:52,0.15615,216.40,0.54205,18.35013,53.58237,31.23769,45.12463,50.00,0653:45:36,1,08
16:28:53,0.15696,216.40,0.54114,18.41422,53.76953,31.2377,45.12463,50.00,0653:45:37,1,08
16:28:54,0.15844,216.60,0.5369,18.45639,53.89266,31.23771,45.12463,50.00,0653:45:38,1,08
16:28:55,0.1582,216.70,0.53793,18.46651,53.92221,31.23771,45.12463,50.00,0653:45:39,1,08
16:28:56,0.15752,216.70,0.53868,18.41759,53.77938,31.23772,45.12465,50.00,0653:45:40,1,08
16:28:57,0.15699,216.60,0.54062,18.40916,53.75476,31.23772,45.12465,50.00,0653:45:41,1,08
16:28:58,0.15802,216.60,0.53685,18.4041,53.73997,31.23773,45.12466,50.00,0653:45:42,1,08
16:28:59,0.15415,216.50,0.54022,18.05832,52.73029,31.23773,45.12466,50.00,0653:45:43,1,08
16:29:00,0.15497,216.40,0.54253,18.22362,53.21296,31.23774,45.12466,50.00,0653:45:44,1,08
16:29:01,0.1592,216.20,0.53693,18.51374,54.06012,31.23774,45.12466,50.00,0653:45:45,1,08
16:29:02,0.15299,216.20,0.5364,17.77326,51.89791,31.23775,45.12468,50.00,0653:45:46,1,08
16:29:03,0.15456,216.00,0.53747,17.97735,52.49387,31.23775,45.12468,50.00,0653:45:47,1,08
16:29:04,0.15824,216.10,0.53905,18.46314,53.91236,31.23776,45.12468,50.00,0653:45:48,1,08
16:29:05,0.15951,216.10,0.5365,18.52217,54.08475,31.23776,45.12468,50.00,0653:45:49,1,08
16:29:06,0.15839,216.10,0.53901,18.48169,53.96653,31.23777,45.12468,50.00,0653:45:50,1,08
16:29:07,0.15864,216.00,0.5368,18.42771,53.80892,31.23777,45.12469,50.00,0653:45:51,1,08
16:29:08,0.15864,216.00,0.5368,18.42771,53.80892,31.23777,45.12469,50.00,0653:45:51,1,08
16:29:09,0.15968,216.30,0.54232,18.76001,54.77922,31.23778,45.12469,50.00,0653:45:52,1,08
16:29:10,0.15794,216.20,0.539,18.43784,53.83848,31.23779,45.12471,50.00,0653:45:53,1,08
16:29:11,0.15811,216.00,0.53792,18.39904,53.7252,31.23779,45.12471,50.00,0653:45:54,1,08
16:29:12,0.15815,216.00,0.53973,18.46988,53.93206,31.2378,45.12471,50.00,0653:45:56,1,08
16:29:13,0.159,216.00,0.53624,18.44458,53.85817,31.2378,45.12471,50.00,0653:45:57,1,08
16:29:14,0.15478,216.00,0.53757,18.00434,52.57268,31.23781,45.12473,50.00,0653:45:58,1,08
16:29:15,0.15136,216.00,0.54152,17.73277,51.77971,31.23781,45.12473,50.00,0653:45:59,1,08
16:29:16,0.16001,216.00,0.53567,18.54242,54.14386,31.23782,45.12474,50.00,0653:46:00,1,08
16:29:17,0.15866,216.10,0.53655,18.42266,53.79416,31.23782,45.12474,50.00,0653:46:01,1,08
16:29:19,0.15871,216.10,0.53742,18.46145,53.90743,31.23783,45.12474,50.00,0653:46:02,1,08
16:29:20,0.1589,216.10,0.53844,18.52217,54.08475,31.23783,45.12474,50.00,0653:46:03,1,08
16:29:21,0.15708,216.20,0.5365,18.24555,53.277,31.23784,45.12474,50.00,0653:46:04,1,08
16:29:22,0.15103,216.10,0.54039,17.66868,51.59254,31.23784,45.12476,50.00,0653:46:05,1,08
16:29:23,0.15834,216.10,0.54065,18.53061,54.10938,31.23785,45.12476,50.00,0653:46:06,1,08
16:29:24,0.15866,216.20,0.53609,18.41591,53.77446,31.23785,45.12476,50.00,0653:46:07,1,08
16:29:25,0.15846,216.30,0.53838,18.47832,53.95669,31.23786,45.12476,50.00,0653:46:08,1,08
16:29:26,0.15566,216.30,0.53107,17.90482,52.28209,31.23787,45.12477,50.00,0653:46:09,1,08
16:29:27,0.14828,216.00,0.49495,15.88241,46.37665,31.23787,45.12477,50.00,0653:46:10,1,08
16:29:28,0.1475,215.90,0.4908,15.6547,45.71173,31.23787,45.12479,50.00,0653:46:11,1,08
16:29:29,0.14753,215.40,0.48951,15.58386,45.50487,31.23788,45.12479,50.00,0653:46:12,1,08
16:29:30,0.14719,215.30,0.48996,15.5535,45.41621,31.23788,45.12479,50.00,0653:46:13,1,08
16:29:31,0.1473,215.40,0.49082,15.59904,45.5492,31.23789,45.12479,50.00,0653:46:14,1,08
16:29:32,0.14744,215.50,0.48765,15.51976,45.31771,31.23789,45.12481,50.00,0653:46:15,1,08
16:29:33,0.15004,215.50,0.48984,15.86555,46.32739,31.2379,45.12481,50.00,0653:46:17,1,08
16:29:34,0.15598,215.50,0.5002,16.84217,49.17914,31.2379,45.12481,50.00,0653:46:18,1,08
16:29:35,0.15614,215.70,0.4993,16.84048,49.17422,31.23791,45.12481,50.00,0653:46:19,1,08
16:29:36,0.15614,215.70,0.4993,16.84048,49.17422,31.23791,45.12481,50.00,0653:46:19,1,08
16:29:37,0.15259,215.70,0.49135,16.20121,47.30753,31.23791,45.12481,50.00,0653:46:20,1,08
16:29:38,0.15483,215.80,0.49551,16.58073,48.41573,31.23792,45.12482,50.00,0653:46:21,1,08
16:29:39,0.15359,215.80,0.49248,16.34627,47.73111,31.23792,45.12482,50.00,0653:46:22,1,08
16:29:40,0.1488,215.90,0.49481,15.92121,46.48993,31.23793,45.12484,50.00,0653:46:23,1,08
16:29:41,0.15264,216.00,0.49566,16.36988,47.80006,31.23793,45.12484,50.00,0653:46:24,1,08
16:29:42,0.15177,215.90,0.49758,16.33446,47.69662,31.23794,45.12484,50.00,0653:46:25,1,08
16:29:43,0.15294,215.90,0.4947,16.36314,47.78036,31.23794,45.12484,50.00,0653:46:26,1,08
16:29:44,0.15306,215.90,0.49623,16.42555,47.9626,31.23794,45.12486,50.00,0653:46:27,1,08
16:29:45,0.1521,215.90,0.49744,16.35976,47.77051,31.23795,45.12486,50.00,0653:46:28,1,08
16:29:46,0.15036,215.90,0.49471,16.08314,46.96276,31.23795,45.12487,50.00,0653:46:29,1,08
16:29:47,0.15331,215.90,0.49512,16.41374,47.92812,31.23796,45.12487,50.00,0653:46:30,1,08
16:29:48,0.1531,216.00,0.49297,16.32603,47.672,31.23796,45.12487,50.00,0653:46:31,1,08
16:29:49,0.15278,215.90,0.49306,16.29229,47.57349,31.23797,45.12487,50.00,0653:46:32,1,08
16:29:50,0.15276,216.10,0.49332,16.31591,47.64245,31.23797,45.12489,50.00,0653:46:33,1,08
16:29:51,0.15174,216.10,0.49461,16.24506,47.43559,31.23798,45.12489,50.00,0653:46:34,1,08
16:29:52,0.15291,216.00,0.49245,16.29229,47.57349,31.23798,45.12489,50.00,0653:46:35,1,08
16:29:53,0.15316,216.20,0.49206,16.31759,47.64738,31.23799,45.12489,50.00,0653:46:36,1,08
16:29:54,0.15371,216.10,0.49442,16.45253,48.0414,31.23799,45.1249,50.00,0653:46:38,1,08
16:29:55,0.15325,216.20,0.49878,16.55543,48.34185,31.238,45.1249,50.00,0653:46:39,1,08
16:29:56,0.15487,216.10,0.50473,16.91808,49.40078,31.238,45.12492,50.00,0653:46:40,1,08
16:29:57,0.15664,215.70,0.5001,16.92314,49.41556,31.23801,45.12492,50.00,0653:46:41,1,08
16:29:58,0.15576,215.60,0.5016,16.87085,49.26288,31.23801,45.12492,50.00,0653:46:42,1,08
16:29:59,0.15557,215.60,0.50231,16.87591,49.27765,31.23802,45.12492,50.00,0653:46:43,1,08
16:30:00,0.1561,215.50,0.50541,17.03277,49.7357,31.23802,45.12494,50.00,0653:46:44,1,08
16:30:01,0.15824,215.40,0.51423,17.55904,51.2724,31.23803,45.12494,50.00,0653:46:45,1,08
16:30:02,0.15824,215.40,0.51423,17.55904,51.2724,31.23803,45.12494,50.00,0653:46:45,1,08
16:30:03,0.1627,215.40,0.52681,18.49181,53.99609,31.23803,45.12495,50.00,0653:46:46,1,08
16:30:04,0.16284,215.40,0.53077,18.64868,54.45415,31.23804,45.12495,50.00,0653:46:47,1,08
16:30:05,0.16199,215.30,0.53066,18.54073,54.13892,31.23804,45.12495,50.00,0653:46:48,1,08
16:30:06,0.16189,215.30,0.5313,18.55254,54.1734,31.23805,45.12495,50.00,0653:46:49,1,08
16:30:07,0.15712,215.40,0.52692,17.85928,52.14911,31.23805,45.12497,50.00,0653:46:50,1,08
16:30:08,0.15618,215.30,0.52434,17.65687,51.55807,31.23806,45.12497,50.00,0653:46:51,1,08
16:30:09,0.16173,215.30,0.5282,18.41759,53.77938,31.23806,45.12497,50.00,0653:46:52,1,08
16:30:10,0.16181,215.30,0.52693,18.38217,53.67595,31.23807,45.12497,50.00,0653:46:53,1,08
16:30:11,0.16202,215.20,0.52922,18.48338,53.97146,31.23807,45.12497,50.00,0653:46:54,1,08
16:30:12,0.16098,215.30,0.52429,18.20169,53.14894,31.23808,45.12498,50.00,0653:46:55,1,08
16:30:13,0.15573,215.40,0.5245,17.62145,51.45464,31.23809,45.12498,50.00,0653:46:56,1,08
16:30:14,0.16246,215.40,0.52901,18.54579,54.1537,31.23809,45.125,50.00,0653:46:58,1,08
16:30:15,0.16132,215.50,0.52975,18.4429,53.85326,31.2381,45.125,50.00,0653:46:59,1,08
16:30:16,0.16134,215.50,0.53003,18.45639,53.89266,31.2381,45.125,50.00,0653:47:00,1,08
16:30:17,0.16281,215.30,0.52623,18.47832,53.95669,31.23811,45.125,50.00,0653:47:01,1,08
16:30:18,0.16039,215.30,0.5295,18.31639,53.48386,31.23811,45.12502,50.00,0653:47:02,1,08
16:30:19,0.15425,215.30,0.52728,17.54217,51.22315,31.23812,45.12502,50.00,0653:47:03,1,08
16:30:20,0.16259,215.30,0.52506,18.41422,53.76953,31.23812,45.12503,50.00,0653:47:04,1,08
16:30:21,0.1612,215.40,0.52939,18.41084,53.75967,31.23813,45.12503,50.00,0653:47:05,1,08
16:30:22,0.16232,215.30,0.52592,18.41422,53.76953,31.23813,45.12503,50.00,0653:47:06,1,08
16:30:23,0.1615,215.30,0.53099,18.49687,54.01087,31.23814,45.12503,50.00,0653:47:07,1,08
16:30:24,0.1613,215.30,0.52944,18.41422,53.76953,31.23814,45.12505,50.00,0653:47:08,1,08
16:30:25,0.15491,215.20,0.52749,17.60964,51.42015,31.23815,45.12505,50.00,0653:47:09,1,08
16:30:26,0.16175,215.20,0.52893,18.44121,53.84834,31.23815,45.12505,50.00,0653:47:10,1,08
16:30:27,0.16274,215.40,0.52647,18.48507,53.97639,31.23816,45.12505,50.00,0653:47:11,1,08
16:30:28,0.16274,215.40,0.52647,18.48507,53.97639,31.23816,45.12505,50.00,0653:47:11,1,08
16:30:29,0.16189,215.30,0.52623,18.37543,53.65625,31.23817,45.12505,50.00,0653:47:12,1,08
16:30:30,0.1619,215.40,0.53033,18.52386,54.08967,31.23817,45.12506,50.00,0653:47:13,1,08
16:30:31,0.16071,214.80,0.5316,18.38555,53.68579,31.23818,45.12506,50.00,0653:47:14,1,08
16:30:32,0.15548,215.20,0.5299,17.75808,51.85358,31.23818,45.12508,50.00,0653:47:15,1,08
16:30:33,0.16051,215.00,0.52899,18.28266,53.38536,31.23819,45.12508,50.00,0653:47:16,1,08
16:30:34,0.16078,215.00,0.53016,18.35518,53.59714,31.23819,45.12508,50.00,0653:47:18,1,08
16:30:35,0.16226,215.10,0.53107,18.56603,54.2128,31.2382,45.12508,50.00,0653:47:19,1,08
16:30:36,0.15627,215.20,0.531,17.8829,52.21806,31.2382,45.1251,50.00,0653:47:20,1,08
16:30:37,0.15488,215.10,0.52968,17.67205,51.60239,31.23821,45.1251,50.00,0653:47:21,1,08
16:30:38,0.16161,215.10,0.53221,18.53567,54.12415,31.23821,45.1251,50.00,0653:47:22,1,08
16:30:39,0.16063,215.30,0.53166,18.41253,53.7646,31.23822,45.1251,50.00,0653:47:23,1,08
16:30:40,0.16197,215.20,0.53299,18.61157,54.34579,31.23822,45.12511,50.00,0653:47:24,1,08
16:30:41,0.16102,215.30,0.53153,18.45302,53.88281,31.23823,45.12511,50.00,0653:47:25,1,08
16:30:42,0.16132,215.10,0.52945,18.4041,53.73997,31.23823,45.12513,50.00,0653:47:26,1,08
16:30:43,0.16083,215.10,0.53193,18.43109,53.81878,31.23824,45.12513,50.00,0653:47:27,1,08
16:30:44,0.1612,214.90,0.53155,18.44121,53.84834,31.23825,45.12513,50.00,0653:47:28,1,08
16:30:45,0.16074,214.70,0.52893,18.28771,53.40013,31.23825,45.12513,50.00,0653:47:29,1,08
16:30:46,0.16064,214.70,0.52857,18.25566,53.30654,31.23826,45.12513,50.00,0653:47:30,1,08
16:30:47,0.16164,214.70,0.52824,18.36193,53.61684,31.23826,45.12514,50.00,0653:47:31,1,08
16:30:48,0.16107,214.70,0.53204,18.42771,53.80892,31.23827,45.12514,50.00,0653:47:32,1,08
16:30:49,0.1623,214.70,0.53277,18.5947,54.29653,31.23827,45.12516,50.00,0653:47:33,1,08
16:30:50,0.16144,214.70,0.53245,18.48675,53.98131,31.23828,45.12516,50.00,0653:47:34,1,08
16:30:51,0.1622,214.80,0.53026,18.50024,54.02071,31.23828,45.12516,50.00,0653:47:35,1,08
16:30:52,0.16195,214.80,0.52876,18.42266,53.79416,31.23829,45.12516,50.00,0653:47:36,1,08
16:30:53,0.16195,214.80,0.52876,18.42266,53.79416,31.23829,45.12516,50.00,0653:47:36,1,08
16:30:54,0.16132,214.80,0.52998,18.39567,53.71535,31.23829,45.12518,50.00,0653:47:37,1,08
16:30:55,0.16216,214.70,0.53071,18.50868,54.04535,31.2383,45.12518,50.00,0653:47:39,1,08
16:30:56,0.16297,214.80,0.52757,18.49518,54.00594,31.2383,45.12518,50.00,0653:47:40,1,08
16:30:57,0.16174,214.70,0.52885,18.39567,53.71535,31.23831,45.12518,50.00,0653:47:41,1,08
16:30:58,0.16314,214.70,0.53322,18.70603,54.6216,31.23832,45.12519,50.00,0653:47:42,1,08
16:30:59,0.16196,214.70,0.52993,18.45639,53.89266,31.23832,45.12519,50.00,0653:47:43,1,08
16:31:00,0.16122,214.80,0.52966,18.37543,53.65625,31.23833,45.12521,50.00,0653:47:44,1,08
16:31:01,0.15611,215.00,0.52444,17.6282,51.47433,31.23833,45.12521,50.00,0653:47:45,1,08
16:31:02,0.16283,215.10,0.52679,18.47663,53.95176,31.23834,45.12521,50.00,0653:47:46,1,08
16:31:03,0.16292,215.20,0.52589,18.46651,53.92221,31.23834,45.12521,50.00,0653:47:47,1,08
16:31:04,0.16274,215.20,0.52544,18.42771,53.80892,31.23835,45.12523,50.00,0653:47:48,1,08
16:31:05,0.16316,215.20,0.52609,18.50531,54.0355,31.23835,45.12523,50.00,0653:47:49,1,08
16:31:06,0.16305,215.10,0.52632,18.48675,53.98131,31.23836,45.12524,50.00,0653:47:50,1,08
16:31:07,0.16329,215.20,0.5254,18.48844,53.98624,31.23836,45.12524,50.00,0653:47:51,1,08
16:31:08,0.16355,215.00,0.52581,18.52217,54.08475,31.23837,45.12524,50.00,0653:47:52,1,08
16:31:09,0.16326,215.00,0.5285,18.57952,54.2522,31.23837,45.12524,50.00,0653:47:53,1,08
16:31:10,0.16129,214.90,0.5307,18.42771,53.80892,31.23838,45.12524,50.00,0653:47:54,1,08
16:31:11,0.15455,214.80,0.52648,17.50844,51.12464,31.23838,45.12526,50.00,0653:47:55,1,08
16:31:12,0.16234,214.70,0.52841,18.44627,53.86311,31.23839,45.12526,50.00,0653:47:56,1,08
16:31:13,0.16156,214.70,0.52923,18.38217,53.67595,31.2384,45.12526,50.00,0653:47:57,1,08
16:31:14,0.16151,214.70,0.52986,18.40579,53.7449,31.2384,45.12526,50.00,0653:47:58,1,08
16:31:16,0.16132,214.80,0.53174,18.45133,53.87788,31.23841,45.12527,50.00,0653:48:00,1,08
16:31:17,0.1545,214.70,0.53224,17.68049,51.62702,31.23841,45.12527,50.00,0653:48:01,1,08
16:31:18,0.1622,214.70,0.53051,18.50531,54.0355,31.23842,45.12529,50.00,0653:48:02,1,08
16:31:19,0.1623,214.80,0.52879,18.46482,53.91729,31.23842,45.12529,50.00,0653:48:03,1,08
16:31:20,0.16253,214.80,0.52783,18.45976,53.90251,31.23843,45.12529,50.00,0653:48:04,1,08
16:31:21,0.16253,214.80,0.52783,18.45976,53.90251,31.23843,45.12529,50.00,0653:48:04,1,08
16:31:22,0.16396,214.70,0.52277,18.43446,53.82863,31.23843,45.12529,50.00,0653:48:05,1,08
16:31:23,0.16193,214.50,0.52792,18.36868,53.63654,31.23844,45.12531,50.00,0653:48:06,1,08
16:31:24,0.15496,214.60,0.5276,17.57085,51.30687,31.23844,45.12531,50.00,0653:48:07,1,08
16:31:25,0.16216,214.60,0.52778,18.39567,53.71535,31.23845,45.12532,50.00,0653:48:08,1,08
16:31:26,0.16298,214.50,0.5275,18.47326,53.94191,31.23845,45.12532,50.00,0653:48:09,1,08
16:31:27,0.16476,214.50,0.52296,18.51542,54.06504,31.23846,45.12532,50.00,0653:48:10,1,08
16:31:28,0.16375,214.70,0.52381,18.4429,53.85326,31.23846,45.12532,50.00,0653:48:11,1,08
16:31:29,0.16244,214.80,0.52462,18.32988,53.52326,31.23847,45.12534,50.00,0653:48:12,1,08
16:31:30,0.15744,214.70,0.53019,17.95205,52.42,31.23848,45.12534,50.00,0653:48:13,1,08
16:31:31,0.16239,214.80,0.5279,18.44458,53.85817,31.23848,45.12534,50.00,0653:48:14,1,08
16:31:32,0.16352,214.90,0.52411,18.44458,53.85817,31.23849,45.12534,50.00,0653:48:15,1,08
16:31:33,0.16181,214.80,0.52732,18.36024,53.61192,31.23849,45.12534,50.00,0653:48:16,1,08
16:31:34,0.16202,214.70,0.5274,18.3788,53.6661,31.2385,45.12535,50.00,0653:48:17,1,08
16:31:35,0.16224,214.70,0.52959,18.47832,53.95669,31.2385,45.12535,50.00,0653:48:18,1,08
16:31:36,0.16185,214.80,0.52935,18.43446,53.82863,31.23851,45.12537,50.00,0653:48:20,1,08
16:31:37,0.16241,214.70,0.52951,18.49012,53.99116,31.23851,45.12537,50.00,0653:48:21,1,08
16:31:38,0.16301,214.60,0.53086,18.59808,54.30639,31.23852,45.12537,50.00,0653:48:22,1,08
16:31:39,0.1634,214.50,0.52869,18.55928,54.1931,31.23852,45.12537,50.00,0653:48:23,1,08
16:31:40,0.16317,214.70,0.52846,18.54073,54.13892,31.23853,45.12539,50.00,0653:48:24,1,08
16:31:41,0.16387,214.60,0.52494,18.4935,54.00101,31.23853,45.12539,50.00,0653:48:25,1,08
16:31:42,0.16259,214.70,0.53092,18.56434,54.20788,31.23854,45.1254,50.00,0653:48:26,1,08
16:31:43,0.16513,214.80,0.53019,18.83759,55.00577,31.23855,45.1254,50.00,0653:48:27,1,08
16:31:44,0.16195,214.90,0.52952,18.45639,53.89266,31.23855,45.1254,50.00,0653:48:28,1,08
16:31:45,0.16148,214.90,0.52931,18.39735,53.72027,31.23856,45.1254,50.00,0653:48:29,1,08
16:31:46,0.16078,214.80,0.52779,18.26073,53.32132,31.23856,45.12542,50.00,0653:48:30,1,08
16:31:47,0.16078,214.80,0.52779,18.26073,53.32132,31.23856,45.12542,50.00,0653:48:30,1,08
16:31:48,0.15711,214.60,0.53067,17.92,52.32641,31.23857,45.12542,50.00,0653:48:31,1,08
16:31:49,0.16127,214.70,0.53103,18.41759,53.77938,31.23857,45.12542,50.00,0653:48:32,1,08
16:31:50,0.16126,214.60,0.53275,18.46651,53.92221,31.23858,45.12542,50.00,0653:48:33,1,08
16:31:51,0.15581,214.50,0.50978,17.06314,49.82436,31.23858,45.12543,50.00,0653:48:34,1,08
16:31:52,0.14936,214.30,0.48869,15.66651,45.74621,31.23859,45.12543,50.00,0653:48:35,1,08
16:31:53,0.14815,214.60,0.48872,15.56024,45.43592,31.23859,45.12545,50.00,0653:48:36,1,08
16:31:54,0.14735,214.70,0.48818,15.46579,45.1601,31.2386,45.12545,50.00,0653:48:37,1,08
16:31:55,0.14691,215.00,0.49126,15.54338,45.38666,31.2386,45.12545,50.00,0653:48:38,1,08
16:31:56,0.14433,214.90,0.49001,15.22289,44.45085,31.2386,45.12545,50.00,0653:48:40,1,08
16:31:57,0.14075,214.70,0.4878,14.76579,43.1161,31.23861,45.12545,50.00,0653:48:41,1,08
16:31:58,0.14606,214.70,0.49135,15.43205,45.06159,31.23861,45.12547,50.00,0653:48:42,1,08
16:31:59,0.14719,214.80,0.49212,15.58049,45.49502,31.23862,45.12547,50.00,0653:48:43,1,08
16:32:00,0.14757,214.70,0.4898,15.54675,45.39651,31.23862,45.12547,50.00,0653:48:44,1,08
16:32:01,0.1481,214.70,0.48808,15.54506,45.39159,31.23863,45.12547,50.00,0653:48:45,1,08
16:32:02,0.14223,214.70,0.48539,14.84675,43.35252,31.23863,45.12548,50.00,0653:48:46,1,08
16:32:03,0.13736,214.70,0.48355,14.28169,41.70254,31.23864,45.12548,50.00,0653:48:47,1,08
16:32:04,0.14767,214.70,0.48927,15.53494,45.36204,31.23864,45.1255,50.00,0653:48:48,1,08
16:32:05,0.14835,214.70,0.48668,15.52988,45.34726,31.23864,45.1255,50.00,0653:48:49,1,08
16:32:06,0.14744,214.70,0.48569,15.40338,44.97786,31.23865,45.1255,50.00,0653:48:50,1,08
16:32:07,0.14625,214.60,0.49115,15.44217,45.09114,31.23865,45.1255,50.00,0653:48:51,1,08
16:32:08,0.14277,214.50,0.48873,14.99012,43.77116,31.23866,45.1255,50.00,0653:48:52,1,08
16:32:09,0.13718,214.40,0.48316,14.23109,41.55478,31.23866,45.12551,50.00,0653:48:53,1,08
16:32:10,0.14737,214.30,0.48821,15.44217,45.09114,31.23867,45.12551,50.00,0653:48:54,1,08
16:32:11,0.14796,214.30,0.48837,15.50627,45.27831,31.23867,45.12553,50.00,0653:48:55,1,08
16:32:12,0.14796,214.30,0.48837,15.50627,45.27831,31.23867,45.12553,50.00,0653:48:55,1,08
16:32:13,0.14814,214.30,0.49188,15.63952,45.6674,31.23868,45.12553,50.00,0653:48:56,1,08
16:32:14,0.14808,214.40,0.4921,15.64627,45.6871,31.23868,45.12553,50.00,0653:48:57,1,08
16:32:15,0.14479,214.50,0.49181,15.2988,44.67249,31.23868,45.12553,50.00,0653:48:58,1,08
16:32:16,0.1371,214.60,0.48414,14.26651,41.65821,31.23869,45.12555,50.00,0653:49:00,1,08
16:32:17,0.14696,214.60,0.49055,15.49446,45.24382,31.23869,45.12555,50.00,0653:49:01,1,08
16:32:18,0.14637,214.60,0.49287,15.50458,45.27338,31.2387,45.12555,50.00,0653:49:02,1,08
16:32:19,0.1463,214.50,0.49377,15.51976,45.31771,31.2387,45.12555,50.00,0653:49:03,1,08
16:32:20,0.14684,214.50,0.48989,15.45229,45.1207,31.23871,45.12556,50.00,0653:49:04,1,08
16:32:21,0.13688,214.40,0.48502,14.25808,41.63358,31.23871,45.12556,50.00,0653:49:05,1,08
16:32:22,0.14747,214.40,0.48919,15.49446,45.24382,31.23872,45.12556,50.00,0653:49:06,1,08
16:32:23,0.14439,214.50,0.48945,15.18579,44.3425,31.23872,45.12558,50.00,0653:49:07,1,08
16:32:24,0.13938,214.50,0.49099,14.70169,42.92894,31.23872,45.12558,50.00,0653:49:08,1,08
16:32:25,0.14728,214.50,0.49046,15.51639,45.30786,31.23873,45.12558,50.00,0653:49:09,1,08
16:32:26,0.14727,214.50,0.48961,15.49277,45.2389,31.23873,45.12558,50.00,0653:49:10,1,08
16:32:27,0.1383,214.60,0.48604,14.44699,42.18521,31.23874,45.1256,50.00,0653:49:11,1,08
16:32:28,0.14679,214.50,0.49246,15.52988,45.34726,31.23874,45.1256,50.00,0653:49:12,1,08
16:32:29,0.14679,214.60,0.49204,15.52651,45.33741,31.23875,45.12561,50.00,0653:49:13,1,08
16:32:30,0.14742,214.70,0.48899,15.50121,45.26353,31.23875,45.12561,50.00,0653:49:14,1,08
16:32:31,0.1473,214.70,0.48988,15.51808,45.31278,31.23876,45.12561,50.00,0653:49:15,1,08
16:32:32,0.14634,214.70,0.49089,15.44892,45.11084,31.23876,45.12561,50.00,0653:49:16,1,08
16:32:33,0.14637,214.70,0.491,15.45229,45.1207,31.23876,45.12563,50.00,0653:49:17,1,08
16:32:34,0.14685,214.60,0.49134,15.50964,45.28815,31.23877,45.12563,50.00,0653:49:18,1,08
16:32:35,0.14739,214.40,0.48769,15.44049,45.08622,31.23877,45.12563,50.00,0653:49:19,1,08
16:32:36,0.14364,214.40,0.48791,15.04916,43.94355,31.23878,45.12563,50.00,0653:49:20,1,08
16:32:37,0.14373,214.40,0.48934,15.10314,44.10116,31.23878,45.12563,50.00,0653:49:22,1,08
16:32:38,0.14373,214.40,0.48934,15.10314,44.10116,31.23878,45.12563,50.00,0653:49:22,1,08
16:32:39,0.14601,214.40,0.49274,15.45061,45.11578,31.23879,45.12564,50.00,0653:49:23,1,08
16:32:40,0.14188,214.50,0.48938,14.91759,43.55937,31.23879,45.12564,50.00,0653:49:24,1,08
16:32:41,0.14676,214.60,0.49208,15.51976,45.31771,31.2388,45.12566,50.00,0653:49:25,1,08
16:32:42,0.14544,214.60,0.49212,15.3882,44.93353,31.2388,45.12566,50.00,0653:49:26,1,08
16:32:43,0.14057,214.70,0.48672,14.71012,42.95356,31.2388,45.12566,50.00,0653:49:27,1,08
16:32:44,0.14611,214.60,0.49237,15.46579,45.1601,31.23881,45.12566,50.00,0653:49:28,1,08
16:32:45,0.14558,214.70,0.4861,15.21446,44.42623,31.23881,45.12568,50.00,0653:49:29,1,08
16:32:46,0.14945,214.40,0.49406,15.8588,46.30769,31.23882,45.12568,50.00,0653:49:30,1,08
16:32:47,0.14707,214.30,0.49204,15.53494,45.36204,31.23882,45.12569,50.00,0653:49:31,1,08
16:32:48,0.14735,214.40,0.49046,15.51976,45.31771,31.23883,45.12569,50.00,0653:49:32,1,08
16:32:49,0.1473,214.40,0.49024,15.50796,45.28323,31.23883,45.12569,50.00,0653:49:33,1,08
16:32:50,0.14822,214.50,0.4867,15.49615,45.24875,31.23884,45.12569,50.00,0653:49:34,1,08
16:32:51,0.1462,214.50,0.49103,15.42699,45.04682,31.23884,45.12569,50.00,0653:49:35,1,08
16:32:52,0.14716,214.50,0.48938,15.47422,45.18472,31.23885,45.12571,50.00,0653:49:36,1,08
16:32:53,0.14724,214.40,0.49088,15.51976,45.31771,31.23885,45.12571,50.00,0653:49:37,1,08
16:32:54,0.14748,214.40,0.49121,15.5535,45.41621,31.23885,45.12571,50.00,0653:49:38,1,08
16:32:55,0.14887,214.20,0.48654,15.54338,45.38666,31.23886,45.12571,50.00,0653:49:39,1,08
16:32:56,0.14747,214.30,0.49217,15.5788,45.49009,31.23886,45.12572,50.00,0653:49:40,1,08
16:32:57,0.14691,214.40,0.49289,15.55012,45.40636,31.23887,45.12572,50.00,0653:49:41,1,08
16:32:58,0.14679,214.30,0.49267,15.52482,45.33249,31.23887,45.12574,50.00,0653:49:43,1,08
16:32:59,0.14648,214.40,0.49228,15.48771,45.22413,31.23888,45.12574,50.00,0653:49:44,1,08
16:33:00,0.1472,214.40,0.48949,15.47591,45.18965,31.23888,45.12574,50.00,0653:49:45,1,08
16:33:01,0.14705,214.50,0.49461,15.62603,45.628,31.23889,45.12574,50.00,0653:49:46,1,08
16:33:02,0.14665,214.50,0.49101,15.47085,45.17487,31.23889,45.12576,50.00,0653:49:47,1,08
16:33:03,0.14633,214.40,0.49216,15.46747,45.16503,31.23889,45.12576,50.00,0653:49:48,1,08
16:33:04,0.14633,214.40,0.49216,15.46747,45.16503,31.23889,45.12576,50.00,0653:49:48,1,08
16:33:05,0.1467,214.40,0.49117,15.47422,45.18472,31.2389,45.12576,50.00,0653:49:49,1,08
16:33:06,0.14008,214.40,0.48873,14.7,42.92401,31.2389,45.12576,50.00,0653:49:50,1,08
16:33:07,0.13585,214.30,0.48681,14.19735,41.45627,31.23891,45.12576,50.00,0653:49:51,1,08
16:33:08,0.14559,214.20,0.49163,15.35446,44.83503,31.23891,45.12577,50.00,0653:49:52,1,08
16:33:09,0.14619,214.30,0.49038,15.38482,44.92368,31.23892,45.12577,50.00,0653:49:53,1,08
16:33:10,0.14682,214.30,0.48908,15.41518,45.01234,31.23892,45.12579,50.00,0653:49:54,1,08
16:33:11,0.14651,214.40,0.49448,15.55856,45.43099,31.23893,45.12579,50.00,0653:49:55,1,08
16:33:12,0.14342,214.40,0.49162,15.14362,44.21936,31.23893,45.12579,50.00,0653:49:56,1,08
16:33:13,0.13562,214.50,0.48761,14.20747,41.48582,31.23893,45.12579,50.00,0653:49:57,1,08
16:33:15,0.14541,214.60,0.49525,15.48265,45.20935,31.23894,45.1258,50.00,0653:49:58,1,08
16:33:16,0.14547,214.30,0.494,15.42868,45.05174,31.23894,45.1258,50.00,0653:49:59,1,08
16:33:17,0.14588,214.30,0.4958,15.52482,45.33249,31.23895,45.12582,50.00,0653:50:00,1,08
16:33:18,0.14577,214.40,0.49434,15.47591,45.18965,31.23895,45.12582,50.00,0653:50:01,1,08
16:33:19,0.14491,214.40,0.49691,15.46241,45.15025,31.23896,45.12582,50.00,0653:50:03,1,08
16:33:20,0.13572,214.30,0.48778,14.21085,41.49567,31.23896,45.12582,50.00,0653:50:04,1,08
16:33:21,0.14566,214.20,0.49665,15.51976,45.31771,31.23897,45.12582,50.00,0653:50:05,1,08
16:33:22,0.14575,214.40,0.50156,15.69856,45.83979,31.23897,45.12584,50.00,0653:50:06,1,08
16:33:23,0.14457,214.10,0.50011,15.50627,45.27831,31.23897,45.12584,50.00,0653:50:07,1,08
16:33:24,0.14405,214.30,0.49929,15.4388,45.08129,31.23898,45.12584,50.00,0653:50:08,1,08
16:33:25,0.13992,214.50,0.49125,14.76747,43.12103,31.23898,45.12584,50.00,0653:50:09,1,08
16:33:26,0.14855,214.70,0.49498,15.80988,46.16486,31.23899,45.12585,50.00,0653:50:10,1,08
16:33:27,0.1538,214.40,0.50848,16.78988,49.02646,31.23899,45.12585,50.00,0653:50:11,1,08
16:33:28,0.1523,214.50,0.50485,16.51663,48.22856,31.239,45.12587,50.00,0653:50:12,1,08
16:33:29,0.15757,214.40,0.52084,17.62145,51.45464,31.239,45.12587,50.00,0653:50:13,1,08
16:33:30,0.15989,214.30,0.53552,18.38386,53.68087,31.23901,45.12587,50.00,0653:50:14,1,08
16:33:31,0.15989,214.30,0.53552,18.38386,53.68087,31.23901,45.12587,50.00,0653:50:14,1,08
16:33:32,0.15515,214.40,0.53448,17.80699,51.99642,31.23901,45.12587,50.00,0653:50:15,1,08
16:33:33,0.16167,214.70,0.53498,18.60145,54.31624,31.23902,45.12587,50.00,0653:50:16,1,08
16:33:34,0.16046,214.60,0.53453,18.43278,53.82371,31.23902,45.12589,50.00,0653:50:17,1,08
16:33:35,0.16095,214.50,0.53287,18.42771,53.80892,31.23903,45.12589,50.00,0653:50:18,1,08
16:33:36,0.16067,214.70,0.53182,18.3788,53.6661,31.23903,45.1259,50.00,0653:50:19,1,08
16:33:37,0.15581,214.80,0.53437,17.90988,52.29686,31.23904,45.1259,50.00,0653:50:20,1,08
16:33:38,0.1529,214.70,0.53807,17.68892,51.65165,31.23905,45.1259,50.00,0653:50:21,1,08
16:33:39,0.15972,214.70,0.53609,18.41422,53.76953,31.23905,45.1259,50.00,0653:50:23,1,08
16:33:40,0.16109,214.70,0.53189,18.42771,53.80892,31.23906,45.12592,50.00,0653:50:24,1,08
16:33:41,0.16012,214.80,0.53389,18.38892,53.69565,31.23906,45.12592,50.00,0653:50:25,1,08
16:33:42,0.16161,214.80,0.53065,18.4547,53.88774,31.23907,45.12592,50.00,0653:50:26,1,08
16:33:43,0.16402,214.90,0.52972,18.70097,54.60683,31.23907,45.12592,50.00,0653:50:27,1,08
16:33:44,0.16114,215.00,0.53159,18.44796,53.86804,31.23908,45.12593,50.00,0653:50:28,1,08
16:33:45,0.16077,215.00,0.53386,18.48338,53.97146,31.23908,45.12593,50.00,0653:50:29,1,08
16:33:46,0.16066,214.90,0.53507,18.50531,54.0355,31.23909,45.12593,50.00,0653:50:30,1,08
16:33:47,0.16032,214.90,0.53123,18.33494,53.53804,31.23909,45.12595,50.00,0653:50:31,1,08
16:33:48,0.16075,215.00,0.53168,18.40241,53.73505,31.2391,45.12595,50.00,0653:50:32,1,08
16:33:49,0.16512,214.90,0.52729,18.74145,54.72503,31.2391,45.12595,50.00,0653:50:33,1,08
16:33:50,0.1617,214.90,0.53266,18.54242,54.14386,31.23911,45.12595,50.00,0653:50:34,1,08
16:33:51,0.16137,215.00,0.53111,18.45808,53.89758,31.23912,45.12597,50.00,0653:50:35,1,08
16:33:52,0.16682,215.20,0.53599,19.2694,56.26666,31.23912,45.12597,50.00,0653:50:36,1,08
16:33:53,0.16267,215.20,0.52988,18.57615,54.24235,31.23913,45.12598,50.00,0653:50:37,1,08
16:33:54,0.16285,215.00,0.52785,18.51037,54.05027,31.23913,45.12598,50.00,0653:50:38,1,08
16:33:55,0.16251,214.80,0.52996,18.52723,54.09952,31.23914,45.12598,50.00,0653:50:39,1,08
16:33:56,0.16251,214.80,0.52996,18.52723,54.09952,31.23914,45.12598,50.00,0653:50:39,1,08
16:33:57,0.16263,214.70,0.52899,18.49687,54.01087,31.23914,45.12598,50.00,0653:50:40,1,08
16:33:58,0.1623,214.60,0.5294,18.46482,53.91729,31.23915,45.126,50.00,0653:50:41,1,08
16:33:59,0.16305,214.50,0.53005,18.56603,54.2128,31.23915,45.126,50.00,0653:50:42,1,08
16:34:00,0.16312,214.60,0.52597,18.44627,53.86311,31.23916,45.126,50.00,0653:50:44,1,08
16:34:01,0.15985,214.90,0.52898,18.19832,53.13909,31.23916,45.126,50.00,0653:50:45,1,08
16:34:02,0.1535,214.80,0.52957,17.49157,51.07539,31.23917,45.12601,50.00,0653:50:46,1,08
16:34:03,0.16168,214.70,0.53148,18.48338,53.97146,31.23917,45.12601,50.00,0653:50:47,1,08
16:34:04,0.16175,214.70,0.53054,18.45808,53.89758,31.23918,45.12603,50.00,0653:50:48,1,08
16:34:05,0.16349,214.70,0.52625,18.49856,54.01579,31.23918,45.12603,50.00,0653:50:49,1,08
16:34:06,0.16122,214.80,0.53224,18.45976,53.90251,31.23919,45.12603,50.00,0653:50:50,1,08
16:34:07,0.16214,214.80,0.53026,18.50024,54.02071,31.2392,45.12603,50.00,0653:50:51,1,08
16:34:08,0.1606,214.90,0.52986,18.31808,53.48878,31.2392,45.12603,50.00,0653:50:52,1,08
16:34:09,0.16239,215.00,0.52677,18.41928,53.7843,31.23921,45.12605,50.00,0653:50:53,1,08
16:34:10,0.15952,215.00,0.52857,18.15952,53.0258,31.23921,45.12605,50.00,0653:50:54,1,08
16:34:11,0.15427,215.00,0.52924,17.58265,51.34135,31.23922,45.12605,50.00,0653:50:55,1,08
16:34:12,0.16212,214.90,0.52924,18.47157,53.93699,31.23922,45.12605,50.00,0653:50:56,1,08
16:34:13,0.16314,214.80,0.52783,18.52386,54.08967,31.23923,45.12606,50.00,0653:50:57,1,08
16:34:14,0.16361,214.70,0.52613,18.51205,54.05519,31.23923,45.12606,50.00,0653:50:58,1,08
16:34:15,0.16156,214.70,0.53015,18.42097,53.78923,31.23924,45.12608,50.00,0653:50:59,1,08
16:34:16,0.16012,214.80,0.53051,18.27422,53.36073,31.23924,45.12608,50.00,0653:51:00,1,08
16:34:17,0.15481,215.00,0.53441,17.81543,52.02105,31.23925,45.12608,50.00,0653:51:01,1,08
16:34:18,0.16371,215.10,0.53266,18.78868,54.86295,31.23925,45.12608,50.00,0653:51:02,1,08
16:34:19,0.16078,215.10,0.53028,18.37374,53.65132,31.23926,45.12609,50.00,0653:51:03,1,08
16:34:20,0.16101,215.10,0.53145,18.43952,53.84341,31.23927,45.12609,50.00,0653:51:05,1,08
16:34:21,0.16095,215.10,0.53046,18.39061,53.70057,31.23927,45.12611,50.00,0653:51:06,1,08
16:34:22,0.16265,214.90,0.52905,18.52386,54.08967,31.23928,45.12611,50.00,0653:51:07,1,08
16:34:23,0.16265,214.90,0.52905,18.52386,54.08967,31.23928,45.12611,50.00,0653:51:07,1,08
16:34:24,0.15389,215.00,0.5309,17.59278,51.37091,31.23928,45.12611,50.00,0653:51:08,1,08
16:34:25,0.16156,215.00,0.52885,18.39735,53.72027,31.23929,45.12611,50.00,0653:51:09,1,08
16:34:26,0.16063,215.00,0.53393,18.47157,53.93699,31.23929,45.12613,50.00,0653:51:10,1,08
16:34:27,0.16067,215.10,0.53353,18.46651,53.92221,31.2393,45.12613,50.00,0653:51:11,1,08
16:34:28,0.16017,215.10,0.53202,18.35687,53.60206,31.2393,45.12613,50.00,0653:51:12,1,08
16:34:29,0.1605,215.10,0.53219,18.4041,53.73997,31.23931,45.12613,50.00,0653:51:13,1,08
16:34:30,0.16033,215.10,0.5337,18.43278,53.82371,31.23931,45.12613,50.00,0653:51:14,1,08
16:34:31,0.15982,215.00,0.53342,18.36193,53.61684,31.23932,45.12614,50.00,0653:51:15,1,08
16:34:32,0.15971,215.00,0.53393,18.3653,53.62669,31.23932,45.12614,50.00,0653:51:16,1,08
16:34:33,0.16141,215.00,0.53223,18.49687,54.01087,31.23933,45.12616,50.00,0653:51:17,1,08
16:34:34,0.16134,214.90,0.53177,18.46482,53.91729,31.23933,45.12616,50.00,0653:51:18,1,08
16:34:35,0.16097,214.80,0.53175,18.41928,53.7843,31.23934,45.12616,50.00,0653:51:19,1,08
16:34:36,0.16186,215.00,0.53193,18.5441,54.14878,31.23935,45.12616,50.00,0653:51:20,1,08
16:34:37,0.16157,215.00,0.53446,18.59808,54.30639,31.23935,45.12617,50.00,0653:51:21,1,08
16:34:38,0.16116,215.00,0.53159,18.44796,53.86804,31.23936,45.12617,50.00,0653:51:22,1,08
16:34:39,0.16133,215.10,0.53043,18.43784,53.83848,31.23936,45.12619,50.00,0653:51:23,1,08
16:34:40,0.16016,215.10,0.53309,18.39735,53.72027,31.23937,45.12619,50.00,0653:51:24,1,08
16:34:41,0.16077,215.00,0.53157,18.4041,53.73997,31.23937,45.12619,50.00,0653:51:26,1,08
16:34:42,0.1609,215.10,0.53207,18.4429,53.85326,31.23938,45.12619,50.00,0653:51:27,1,08
16:34:43,0.162,215.20,0.53092,18.53567,54.12415,31.23938,45.12621,50.00,0653:51:28,1,08
16:34:44,0.16029,215.30,0.53119,18.35856,53.60699,31.23939,45.12621,50.00,0653:51:29,1,08
16:34:45,0.16156,215.30,0.53133,18.51037,54.05027,31.23939,45.12621,50.00,0653:51:30,1,08
16:34:46,0.16156,215.20,0.5307,18.48338,53.97146,31.2394,45.12621,50.00,0653:51:31,1,08
16:34:47,0.15773,215.20,0.53021,18.02964,52.64656,31.2394,45.12621,50.00,0653:51:32,1,08
16:34:48,0.15984,215.20,0.52516,18.09374,52.83372,31.23941,45.12622,50.00,0653:51:33,1,08
16:34:49,0.16181,215.20,0.52708,18.38555,53.68579,31.23941,45.12622,50.00,0653:51:34,1,08
16:34:50,0.16181,215.20,0.52708,18.38555,53.68579,31.23941,45.12622,50.00,0653:51:34,1,08
16:34:51,0.16125,215.20,0.52844,18.36868,53.63654,31.23942,45.12624,50.00,0653:51:35,1,08
16:34:52,0.1637,215.10,0.5297,18.67904,54.5428,31.23943,45.12624,50.00,0653:51:36,1,08
16:34:53,0.16302,214.90,0.52845,18.54748,54.15863,31.23943,45.12624,50.00,0653:51:37,1,08
16:34:54,0.16256,215.10,0.52976,18.55422,54.17833,31.23944,45.12624,50.00,0653:51:38,1,08
16:34:55,0.16259,215.10,0.52942,18.54579,54.1537,31.23944,45.12626,50.00,0653:51:39,1,08
16:34:56,0.16188,215.00,0.52923,18.44796,53.86804,31.23945,45.12626,50.00,0653:51:40,1,08
16:34:57,0.16226,215.00,0.53051,18.53735,54.12907,31.23945,45.12627,50.00,0653:51:41,1,08
16:34:58,0.1628,214.90,0.5244,18.3788,53.6661,31.23946,45.12627,50.00,0653:51:42,1,08
16:34:59,0.1623,214.90,0.52834,18.45976,53.90251,31.23946,45.12627,50.00,0653:51:43,1,08
16:35:00,0.16244,214.90,0.52755,18.44121,53.84834,31.23947,45.12627,50.00,0653:51:44,1,08
16:35:01,0.16309,214.80,0.52653,18.47663,53.95176,31.23947,45.12629,50.00,0653:51:45,1,08
16:35:02,0.15901,214.90,0.52706,18.03639,52.66626,31.23948,45.12629,50.00,0653:51:47,1,08
16:35:03,0.15537,214.80,0.52407,17.51856,51.15419,31.23948,45.12629,50.00,0653:51:48,1,08
16:35:04,0.16365,214.90,0.52959,18.65374,54.46892,31.23949,45.12629,50.00,0653:51:49,1,08
16:35:05,0.16283,214.90,0.52921,18.54748,54.15863,31.2395,45.1263,50.00,0653:51:50,1,08
16:35:06,0.16228,214.90,0.52757,18.42771,53.80892,31.2395,45.1263,50.00,0653:51:51,1,08
16:35:07,0.16232,215.00,0.52683,18.41422,53.76953,31.23951,45.1263,50.00,0653:51:52,1,08
16:35:08,0.16071,215.10,0.52002,18.0094,52.58745,31.23951,45.12632,50.00,0653:51:53,1,08
16:35:09,0.15554,215.40,0.52619,17.65519,51.55314,31.23952,45.12632,50.00,0653:51:54,1,08
16:35:10,0.16261,215.70,0.52554,18.46482,53.91729,31.23952,45.12632,50.00,0653:51:55,1,08
16:35:11,0.16263,216.10,0.52391,18.44121,53.84834,31.23953,45.12632,50.00,0653:51:56,1,08
16:35:12,0.1648,215.80,0.52197,18.59808,54.30639,31.23953,45.12634,50.00,0653:51:57,1,08
16:35:13,0.16177,215.80,0.52402,18.32482,53.50848,31.23954,45.12634,50.00,0653:51:58,1,08
16:35:15,0.15282,215.80,0.52338,17.29085,50.48927,31.23954,45.12635,50.00,0653:51:59,1,08
16:35:16,0.15282,215.80,0.52338,17.29085,50.48927,31.23954,45.12635,50.00,0653:51:59,1,08
16:35:17,0.16261,215.80,0.52405,18.41591,53.77446,31.23955,45.12635,50.00,0653:52:00,1,08
16:35:18,0.16326,215.70,0.52568,18.54073,54.13892,31.23955,45.12635,50.00,0653:52:01,1,08
16:35:19,0.15302,215.60,0.48678,16.08651,46.97261,31.23956,45.12635,50.00,0653:52:02,1,08
16:35:20,0.15052,215.50,0.48054,15.61591,45.59845,31.23956,45.12637,50.00,0653:52:03,1,08
16:35:21,0.149,215.70,0.47977,15.44049,45.08622,31.23957,45.12637,50.00,0653:52:04,1,08
16:35:22,0.1362,215.70,0.47793,14.0641,41.06717,31.23957,45.12637,50.00,0653:52:05,1,08
16:35:23,0.1483,215.80,0.48479,15.53663,45.36696,31.23958,45.12637,50.00,0653:52:07,1,08
16:35:24,0.14805,215.90,0.48498,15.52482,45.33249,31.23958,45.12638,50.00,0653:52:08,1,08
16:35:25,0.14936,215.80,0.48454,15.64627,45.6871,31.23959,45.12638,50.00,0653:52:09,1,08
16:35:26,0.14886,216.00,0.48492,15.61928,45.6083,31.23959,45.1264,50.00,0653:52:10,1,08
16:35:27,0.14727,216.10,0.48582,15.48771,45.22413,31.23959,45.1264,50.00,0653:52:11,1,08
16:35:28,0.13907,216.10,0.48106,14.47735,42.27387,31.2396,45.1264,50.00,0653:52:12,1,08
16:35:29,0.14822,216.00,0.48359,15.50796,45.28323,31.2396,45.1264,50.00,0653:52:13,1,08
16:35:30,0.14909,216.00,0.48201,15.54506,45.39159,31.23961,45.12642,50.00,0653:52:14,1,08
16:35:31,0.14815,215.90,0.48384,15.49952,45.25861,31.23961,45.12642,50.00,0653:52:15,1,08
16:35:32,0.14511,215.70,0.49203,15.40675,44.98772,31.23962,45.12642,50.00,0653:52:16,1,08
16:35:33,0.13505,215.30,0.48963,14.25639,41.62865,31.23962,45.12642,50.00,0653:52:17,1,08
16:35:34,0.14419,215.30,0.49609,15.42531,45.04189,31.23963,45.12642,50.00,0653:52:18,1,08
16:35:35,0.15784,215.50,0.51758,17.63157,51.48419,31.23963,45.12643,50.00,0653:52:19,1,08
16:35:36,0.16125,215.50,0.52961,18.43109,53.81878,31.23964,45.12643,50.00,0653:52:20,1,08
16:35:37,0.15839,215.50,0.52788,18.04651,52.69581,31.23964,45.12645,50.00,0653:52:21,1,08
16:35:38,0.16755,215.20,0.55791,20.14989,58.83767,31.23965,45.12645,50.00,0653:52:22,1,08
16:35:39,0.16118,215.60,0.56301,19.59326,57.21231,31.23965,45.12645,50.00,0653:52:23,1,08
16:35:40,0.16723,215.50,0.56326,20.33543,59.37945,31.23966,45.12645,50.00,0653:52:24,1,08
16:35:41,0.16723,215.50,0.56326,20.33543,59.37945,31.23966,45.12645,50.00,0653:52:24,1,08
16:35:42,0.16772,215.50,0.56368,20.40965,59.59616,31.23966,45.12646,50.00,0653:52:25,1,08
16:35:43,0.16769,215.40,0.56404,20.41133,59.60109,31.23967,45.12646,50.00,0653:52:26,1,08
16:35:44,0.16816,215.50,0.56436,20.48386,59.81287,31.23968,45.12648,50.00,0653:52:28,1,08
16:35:45,0.16781,215.40,0.56592,20.48892,59.82765,31.23968,45.12648,50.00,0653:52:29,1,08
16:35:46,0.16703,215.50,0.56685,20.43832,59.67989,31.23969,45.12648,50.00,0653:52:30,1,08
16:35:47,0.16745,215.40,0.56605,20.4535,59.72421,31.23969,45.12648,50.00,0653:52:31,1,08
16:35:48,0.16818,215.30,0.56342,20.43832,59.67989,31.2397,45.12648,50.00,0653:52:32,1,08
16:35:49,0.16735,215.40,0.56513,20.40121,59.57153,31.23971,45.1265,50.00,0653:52:33,1,08
16:35:50,0.16714,215.40,0.56577,20.39952,59.5666,31.23971,45.1265,50.00,0653:52:34,1,08
16:35:51,0.16735,215.30,0.56612,20.43494,59.67004,31.23972,45.1265,50.00,0653:52:35,1,08
16:35:52,0.16724,215.60,0.56641,20.45856,59.73899,31.23972,45.1265,50.00,0653:52:36,1,08
16:35:53,0.16752,215.70,0.56477,20.44506,59.69959,31.23973,45.12651,50.00,0653:52:37,1,08
16:35:54,0.16724,215.80,0.56716,20.49904,59.85719,31.23974,45.12651,50.00,0653:52:38,1,08
16:35:55,0.17005,215.70,0.57067,20.9629,61.21166,31.23974,45.12653,50.00,0653:52:39,1,08
16:35:56,0.16768,215.60,0.56863,20.58675,60.11331,31.23975,45.12653,50.00,0653:52:40,1,08
16:35:57,0.16757,215.60,0.56775,20.53952,59.97541,31.23975,45.12653,50.00,0653:52:41,1,08
16:35:58,0.16734,215.60,0.57012,20.59856,60.14779,31.23976,45.12653,50.00,0653:52:42,1,08
16:35:59,0.16711,215.60,0.56847,20.51591,59.90645,31.23977,45.12653,50.00,0653:52:43,1,08
16:36:00,0.16694,215.60,0.56823,20.48049,59.80302,31.23977,45.12654,50.00,0653:52:44,1,08
16:36:01,0.16631,215.60,0.56734,20.37928,59.5075,31.23978,45.12654,50.00,0653:52:45,1,08
16:36:02,0.16712,215.70,0.56383,20.35398,59.43362,31.23978,45.12656,50.00,0653:52:46,1,08
16:36:03,0.16189,215.70,0.5683,19.87326,58.02991,31.23979,45.12656,50.00,0653:52:47,1,08
16:36:04,0.16682,215.80,0.56807,20.48217,59.80795,31.2398,45.12656,50.00,0653:52:49,1,08
16:36:05,0.16694,215.90,0.56845,20.52097,59.92123,31.2398,45.12656,50.00,0653:52:50,1,08
16:36:06,0.16406,216.00,0.57063,20.25109,59.13318,31.23981,45.12658,50.00,0653:52:51,1,08
16:36:07,0.15621,216.10,0.56799,19.20531,56.07949,31.23981,45.12658,50.00,0653:52:52,1,08
16:36:08,0.15621,216.10,0.56799,19.20531,56.07949,31.23981,45.12658,50.00,0653:52:52,1,08
16:36:09,0.16662,216.10,0.56815,20.48723,59.82272,31.23982,45.12658,50.00,0653:52:53,1,08
16:36:10,0.16662,216.10,0.56871,20.50916,59.88676,31.23982,45.12658,50.00,0653:52:54,1,08
16:36:11,0.16583,216.10,0.57036,20.46868,59.76855,31.23983,45.12658,50.00,0653:52:55,1,08
16:36:12,0.1664,216.10,0.57035,20.53952,59.97541,31.23984,45.12659,50.00,0653:52:56,1,08
16:36:13,0.16334,216.00,0.56777,20.06723,58.59632,31.23984,45.12659,50.00,0653:52:57,1,08
16:36:14,0.15516,216.00,0.5701,19.13615,55.87756,31.23985,45.12661,50.00,0653:52:58,1,08
16:36:15,0.16629,216.00,0.56846,20.44844,59.70944,31.23985,45.12661,50.00,0653:52:59,1,08
16:36:16,0.16627,216.20,0.567,20.41133,59.60109,31.23986,45.12661,50.00,0653:53:00,1,08
16:36:17,0.16687,216.10,0.56567,20.4282,59.65033,31.23987,45.12661,50.00,0653:53:01,1,08
16:36:18,0.1664,216.00,0.5698,20.5176,59.91138,31.23987,45.12661,50.00,0653:53:02,1,08
16:36:19,0.16617,216.10,0.56866,20.45181,59.71929,31.23988,45.12663,50.00,0653:53:03,1,08
16:36:20,0.16571,216.00,0.56798,20.3641,59.46318,31.23988,45.12663,50.00,0653:53:04,1,08
16:36:21,0.16608,215.90,0.56711,20.36747,59.47303,31.23989,45.12664,50.00,0653:53:05,1,08
16:36:22,0.16708,215.80,0.56594,20.44,59.68481,31.2399,45.12664,50.00,0653:53:06,1,08
16:36:23,0.16616,215.80,0.56759,20.38265,59.51735,31.2399,45.12664,50.00,0653:53:07,1,08
16:36:24,0.16639,215.90,0.56784,20.42988,59.65526,31.23991,45.12664,50.00,0653:53:08,1,08
16:36:25,0.16542,215.90,0.56744,20.29494,59.26123,31.23991,45.12666,50.00,0653:53:10,1,08
16:36:26,0.16597,215.90,0.56416,20.24434,59.11348,31.23992,45.12666,50.00,0653:53:11,1,08
16:36:27,0.16632,215.90,0.56345,20.26627,59.17751,31.23993,45.12666,50.00,0653:53:12,1,08
16:36:28,0.16523,215.80,0.56716,20.25615,59.14795,31.23993,45.12666,50.00,0653:53:13,1,08
16:36:29,0.16625,215.70,0.56799,20.4029,59.57646,31.23994,45.12666,50.00,0653:53:14,1,08
16:36:30,0.16601,215.80,0.56798,20.37928,59.5075,31.23994,45.12667,50.00,0653:53:15,1,08
16:36:31,0.16668,215.70,0.5642,20.32193,59.34005,31.23995,45.12667,50.00,0653:53:16,1,08
16:36:32,0.16753,215.70,0.56327,20.39109,59.54198,31.23995,45.12669,50.00,0653:53:17,1,08
16:36:33,0.16802,215.80,0.56475,20.50747,59.88182,31.23996,45.12669,50.00,0653:53:18,1,08
16:36:34,0.16802,215.80,0.56475,20.50747,59.88182,31.23996,45.12669,50.00,0653:53:18,1,08
16:36:35,0.16595,215.90,0.56553,20.29157,59.25138,31.23997,45.12669,50.00,0653:53:19,1,08
16:36:36,0.16564,216.00,0.56533,20.25952,59.15781,31.23997,45.12669,50.00,0653:53:20,1,08
16:36:37,0.16237,215.90,0.56634,19.88506,58.06438,31.23998,45.12671,50.00,0653:53:21,1,08
16:36:38,0.16501,216.00,0.56483,20.16169,58.87214,31.23998,45.12671,50.00,0653:53:22,1,08
16:36:39,0.16524,216.10,0.56551,20.2241,59.05437,31.23999,45.12671,50.00,0653:53:23,1,08
16:36:40,0.16513,216.00,0.56741,20.2747,59.20213,31.24,45.12671,50.00,0653:53:24,1,08
16:36:41,0.16573,215.90,0.56352,20.20049,58.98543,31.24,45.12671,50.00,0653:53:25,1,08
16:36:42,0.16516,215.80,0.56591,20.20386,58.99528,31.24001,45.12672,50.00,0653:53:26,1,08
16:36:43,0.15193,215.80,0.56877,18.67904,54.5428,31.24001,45.12672,50.00,0653:53:27,1,08
16:36:44,0.16314,215.80,0.56841,20.04025,58.51752,31.24002,45.12674,50.00,0653:53:28,1,08
16:36:45,0.16515,215.70,0.56626,20.20892,59.01005,31.24003,45.12674,50.00,0653:53:30,1,08
16:36:46,0.16186,215.60,0.56707,19.82434,57.88708,31.24003,45.12674,50.00,0653:53:31,1,08
16:36:47,0.16297,215.70,0.56404,19.86314,58.00037,31.24004,45.12674,50.00,0653:53:32,1,08
16:36:48,0.16468,215.90,0.56371,20.07229,58.6111,31.24004,45.12674,50.00,0653:53:33,1,08
16:36:49,0.16116,215.90,0.56525,19.69784,57.51768,31.24005,45.12675,50.00,0653:53:34,1,08
16:36:50,0.16495,215.80,0.56589,20.18025,58.92632,31.24005,45.12675,50.00,0653:53:35,1,08
16:36:51,0.16674,215.80,0.56408,20.32699,59.35482,31.24006,45.12677,50.00,0653:53:36,1,08
16:36:52,0.16519,215.80,0.56547,20.19205,58.9608,31.24007,45.12677,50.00,0653:53:37,1,08
16:36:53,0.16545,215.80,0.56607,20.24603,59.1184,31.24007,45.12677,50.00,0653:53:38,1,08
16:36:54,0.16619,215.90,0.56628,20.34892,59.41885,31.24008,45.12677,50.00,0653:53:39,1,08
16:36:55,0.16662,215.90,0.56572,20.38603,59.5272,31.24008,45.12679,50.00,0653:53:40,1,08
16:36:56,0.16776,216.00,0.56264,20.42314,59.63557,31.24009,45.12679,50.00,0653:53:41,1,08
16:36:57,0.16395,216.00,0.56521,20.04362,58.52736,31.2401,45.12679,50.00,0653:53:42,1,08
16:36:58,0.16737,216.00,0.56493,20.45687,59.73407,31.2401,45.12679,50.00,0653:53:43,1,08
16:36:59,0.16737,216.00,0.56493,20.45687,59.73407,31.2401,45.12679,50.00,0653:53:43,1,08
16:37:00,0.16655,215.90,0.56513,20.35904,59.44839,31.24011,45.12679,50.00,0653:53:44,1,08
16:37:01,0.15576,215.70,0.56822,19.12097,55.83323,31.24011,45.1268,50.00,0653:53:45,1,08
16:37:02,0.16647,215.60,0.56795,20.41471,59.61094,31.24012,45.1268,50.00,0653:53:46,1,08
16:37:03,0.16609,215.60,0.56787,20.3641,59.46318,31.24012,45.12682,50.00,0653:53:47,1,08
16:37:04,0.16623,215.60,0.56589,20.31013,59.30557,31.24013,45.12682,50.00,0653:53:48,1,08
16:37:05,0.1665,215.80,0.56703,20.40458,59.58139,31.24014,45.12682,50.00,0653:53:49,1,08
16:37:06,0.1641,215.90,0.56473,20.04193,58.52245,31.24014,45.12682,50.00,0653:53:51,1,08
16:37:07,0.15635,216.10,0.56924,19.26266,56.24696,31.24015,45.12683,50.00,0653:53:52,1,08
16:37:08,0.16699,216.10,0.56607,20.46362,59.75377,31.24015,45.12683,50.00,0653:53:53,1,08
16:37:09,0.16647,216.00,0.56635,20.40121,59.57153,31.24016,45.12683,50.00,0653:53:54,1,08
16:37:10,0.16166,216.00,0.56588,19.79229,57.7935,31.24017,45.12685,50.00,0653:53:55,1,08
16:37:11,0.15515,216.00,0.56498,18.96242,55.37025,31.24017,45.12685,50.00,0653:53:56,1,08
16:37:12,0.16638,216.00,0.56552,20.35398,59.43362,31.24018,45.12685,50.00,0653:53:57,1,08
16:37:13,0.16699,216.00,0.56616,20.4535,59.72421,31.24018,45.12685,50.00,0653:53:58,1,08
16:37:15,0.16609,215.90,0.56429,20.26796,59.18244,31.24019,45.12687,50.00,0653:53:59,1,08
16:37:16,0.16586,215.80,0.56191,20.14651,58.82781,31.24019,45.12687,50.00,0653:54:00,1,08
16:37:17,0.16546,215.80,0.56122,20.07061,58.60618,31.2402,45.12687,50.00,0653:54:01,1,08
16:37:18,0.15797,216.00,0.56673,19.36723,56.55232,31.24021,45.12687,50.00,0653:54:02,1,08
16:37:19,0.16692,216.00,0.56077,20.2494,59.12825,31.24021,45.12688,50.00,0653:54:03,1,08
16:37:20,0.16753,215.80,0.56352,20.40965,59.59616,31.24022,45.12688,50.00,0653:54:04,1,08
16:37:21,0.16711,215.80,0.5614,20.28145,59.22184,31.24022,45.12688,50.00,0653:54:05,1,08
16:37:22,0.16659,215.90,0.56292,20.28145,59.22184,31.24023,45.1269,50.00,0653:54:06,1,08
16:37:23,0.15075,216.00,0.55012,17.94024,52.38552,31.24024,45.1269,50.00,0653:54:07,1,08
16:37:24,0.15132,215.90,0.5034,16.47446,48.10543,31.24024,45.1269,50.00,0653:54:08,1,08
16:37:25,0.14835,215.90,0.50216,16.1135,47.05142,31.24024,45.1269,50.00,0653:54:09,1,08
16:37:26,0.1417,215.90,0.50022,15.32916,44.76115,31.24025,45.12691,50.00,0653:54:10,1,08
16:37:27,0.1417,215.90,0.50022,15.32916,44.76115,31.24025,45.12691,50.00,0653:54:10,1,08
16:37:28,0.145,215.90,0.50312,15.77952,46.0762,31.24025,45.12691,50.00,0653:54:12,1,08
16:37:29,0.13917,216.00,0.49916,15.02892,43.88445,31.24026,45.12693,50.00,0653:54:13,1,08
16:37:30,0.1298,216.00,0.49309,13.84988,40.44166,31.24026,45.12693,50.00,0653:54:14,1,08
16:37:31,0.14272,216.10,0.49967,15.4388,45.08129,31.24027,45.12693,50.00,0653:54:15,1,08
16:37:32,0.14342,216.10,0.49995,15.52314,45.32756,31.24027,45.12693,50.00,0653:54:16,1,08
16:37:33,0.14299,216.30,0.50065,15.50796,45.28323,31.24028,45.12693,50.00,0653:54:17,1,08
16:37:34,0.14312,216.20,0.50158,15.54675,45.39651,31.24028,45.12695,50.00,0653:54:18,1,08
16:37:35,0.14296,216.30,0.50098,15.5147,45.30293,31.24028,45.12695,50.00,0653:54:19,1,08
16:37:36,0.14457,216.00,0.49482,15.47591,45.18965,31.24029,45.12695,50.00,0653:54:20,1,08
16:37:37,0.14463,215.90,0.49515,15.48603,45.2192,31.24029,45.12695,50.00,0653:54:21,1,08
16:37:38,0.14533,215.70,0.49334,15.4894,45.22905,31.2403,45.12696,50.00,0653:54:22,1,08
16:37:39,0.14447,215.60,0.49616,15.48097,45.20442,31.2403,45.12696,50.00,0653:54:23,1,08
16:37:40,0.18486,215.60,0.50735,20.25446,59.14304,31.24031,45.12698,50.00,0653:54:24,1,08
16:37:41,0.22036,215.70,0.52796,25.13085,73.38208,31.24032,45.12698,50.00,0653:54:25,1,08
16:37:42,0.17593,215.90,0.51343,19.53591,57.04486,31.24032,45.12698,50.00,0653:54:26,1,08
16:37:43,0.15572,216.00,0.50901,17.14747,50.07063,31.24033,45.12698,50.00,0653:54:27,1,08
16:37:44,0.15515,216.00,0.51151,17.17109,50.13958,31.24033,45.127,50.00,0653:54:28,1,08
16:37:45,0.14605,216.10,0.496,15.67663,45.77576,31.24034,45.127,50.00,0653:54:29,1,08
16:37:46,0.14445,216.30,0.49687,15.54844,45.40144,31.24034,45.12701,50.00,0653:54:30,1,08
16:37:47,0.1396,216.50,0.49532,14.99687,43.79086,31.24035,45.12701,50.00,0653:54:31,1,08
16:37:48,0.14428,216.50,0.49844,15.59735,45.54427,31.24035,45.12701,50.00,0653:54:33,1,08
16:37:49,0.14367,216.40,0.49875,15.53157,45.35218,31.24035,45.12701,50.00,0653:54:34,1,08
16:37:50,0.14485,216.40,0.49404,15.50964,45.28815,31.24036,45.12703,50.00,0653:54:35,1,08
16:37:51,0.14508,216.40,0.49507,15.57036,45.46547,31.24036,45.12703,50.00,0653:54:36,1,08
16:37:52,0.14409,216.50,0.49671,15.51976,45.31771,31.24037,45.12703,50.00,0653:54:37,1,08
16:37:53,0.14409,216.50,0.49671,15.51976,45.31771,31.24037,45.12703,50.00,0653:54:37,1,08
16:37:54,0.144,216.60,0.49838,15.56699,45.45562,31.24037,45.12703,50.00,0653:54:38,1,08
16:37:55,0.1434,216.70,0.50011,15.56362,45.44577,31.24038,45.12703,50.00,0653:54:39,1,08
16:37:56,0.14414,216.70,0.49676,15.54,45.37681,31.24038,45.12704,50.00,0653:54:40,1,08
16:37:57,0.14419,216.60,0.49784,15.57374,45.47532,31.24039,45.12704,50.00,0653:54:41,1,08
16:37:58,0.14357,216.60,0.50087,15.60073,45.55412,31.24039,45.12706,50.00,0653:54:42,1,08
16:37:59,0.14354,216.60,0.5007,15.59398,45.53442,31.24039,45.12706,50.00,0653:54:43,1,08
16:38:00,0.14361,216.60,0.49924,15.55687,45.42607,31.2404,45.12706,50.00,0653:54:44,1,08
16:38:01,0.14586,216.40,0.49354,15.6041,45.56397,31.2404,45.12706,50.00,0653:54:45,1,08
16:38:02,0.14433,216.60,0.49709,15.56193,45.44084,31.24041,45.12708,50.00,0653:54:46,1,08
16:38:03,0.14447,216.60,0.49758,15.59229,45.5295,31.24041,45.12708,50.00,0653:54:47,1,08
16:38:04,0.14427,216.60,0.49811,15.59398,45.53442,31.24042,45.12708,50.00,0653:54:48,1,08
16:38:05,0.14552,216.60,0.49439,15.60747,45.57383,31.24042,45.12708,50.00,0653:54:49,1,08
16:38:06,0.14411,216.50,0.49843,15.57711,45.48517,31.24043,45.12708,50.00,0653:54:50,1,08
16:38:07,0.14545,216.40,0.49305,15.54675,45.39651,31.24043,45.12709,50.00,0653:54:51,1,08
16:38:08,0.1437,216.50,0.49903,15.5535,45.41621,31.24044,45.12709,50.00,0653:54:53,1,08
16:38:09,0.13675,216.50,0.49374,14.64434,42.76148,31.24044,45.12711,50.00,0653:54:54,1,08
16:38:10,0.14496,216.50,0.49394,15.52482,45.33249,31.24044,45.12711,50.00,0653:54:55,1,08
16:38:11,0.14101,216.50,0.4984,15.24145,44.50503,31.24045,45.12711,50.00,0653:54:56,1,08
16:38:12,0.14041,216.60,0.49895,15.19591,44.37205,31.24045,45.12711,50.00,0653:54:57,1,08
16:38:13,0.14316,216.40,0.49951,15.50121,45.26353,31.24046,45.12712,50.00,0653:54:58,1,08
16:38:14,0.14075,216.40,0.49762,15.18073,44.32772,31.24046,45.12712,50.00,0653:54:59,1,08
16:38:15,0.13622,216.30,0.49126,14.49928,42.3379,31.24047,45.12712,50.00,0653:55:00,1,08
16:38:16,0.14379,216.30,0.49702,15.48097,45.20442,31.24047,45.12714,50.00,0653:55:01,1,08
16:38:17,0.14323,216.30,0.49891,15.48097,45.20442,31.24048,45.12714,50.00,0653:55:02,1,08
16:38:18,0.14323,216.30,0.49891,15.48097,45.20442,31.24048,45.12714,50.00,0653:55:02,1,08
16:38:19,0.14367,216.20,0.49821,15.50121,45.26353,31.24048,45.12714,50.00,0653:55:03,1,08
16:38:20,0.14359,216.30,0.49794,15.48771,45.22413,31.24048,45.12714,50.00,0653:55:04,1,08
16:38:21,0.14356,216.40,0.49512,15.40506,44.98278,31.24049,45.12716,50.00,0653:55:05,1,08
16:38:22,0.1307,216.40,0.49309,13.97133,40.79628,31.24049,45.12716,50.00,0653:55:06,1,08
16:38:23,0.14353,216.40,0.50065,15.57711,45.48517,31.2405,45.12716,50.00,0653:55:07,1,08
16:38:24,0.14364,216.40,0.49973,15.55519,45.42114,31.2405,45.12716,50.00,0653:55:08,1,08
16:38:25,0.14381,216.20,0.49989,15.57036,45.46547,31.24051,45.12716,50.00,0653:55:09,1,08
16:38:26,0.14235,216.30,0.50153,15.46579,45.1601,31.24051,45.12717,50.00,0653:55:10,1,08
16:38:27,0.13136,216.20,0.49662,14.12482,41.24448,31.24052,45.12717,50.00,0653:55:11,1,08
16:38:28,0.1431,216.10,0.50158,15.54,45.37681,31.24052,45.12719,50.00,0653:55:13,1,08
16:38:29,0.14351,216.20,0.4994,15.51808,45.31278,31.24052,45.12719,50.00,0653:55:14,1,08
16:38:30,0.14285,216.20,0.49989,15.4641,45.15517,31.24053,45.12719,50.00,0653:55:15,1,08
16:38:31,0.14264,216.30,0.50229,15.52482,45.33249,31.24053,45.12719,50.00,0653:55:16,1,08
16:38:32,0.14245,216.40,0.50377,15.55181,45.41129,31.24054,45.1272,50.00,0653:55:17,1,08
16:38:33,0.1453,216.40,0.50466,15.89253,46.4062,31.24054,45.1272,50.00,0653:55:18,1,08
16:38:34,0.14423,216.50,0.50124,15.67494,45.77084,31.24055,45.1272,50.00,0653:55:19,1,08
16:38:35,0.14307,216.60,0.50179,15.57543,45.48024,31.24055,45.12722,50.00,0653:55:20,1,08
16:38:36,0.14028,216.60,0.49961,15.20772,44.40653,31.24056,45.12722,50.00,0653:55:21,1,08
16:38:37,0.14155,216.60,0.50121,15.39326,44.94831,31.24056,45.12722,50.00,0653:55:22,1,08
16:38:38,0.14173,216.50,0.50455,15.50964,45.28815,31.24057,45.12722,50.00,0653:55:23,1,08
16:38:39,0.13478,216.50,0.4985,14.57012,42.54476,31.24057,45.12724,50.00,0653:55:24,1,08
16:38:40,0.14264,216.50,0.50327,15.56362,45.44577,31.24057,45.12724,50.00,0653:55:25,1,08
16:38:41,0.14209,216.50,0.50498,15.55687,45.42607,31.24058,45.12724,50.00,0653:55:26,1,08
16:38:42,0.14183,216.50,0.50389,15.49783,45.25368,31.24058,45.12724,50.00,0653:55:27,1,08
16:38:43,0.14183,216.50,0.50389,15.49783,45.25368,31.24058,45.12724,50.00,0653:55:27,1,08
16:38:44,0.14299,216.40,0.50103,15.53157,45.35218,31.24059,45.12724,50.00,0653:55:28,1,08
16:38:45,0.13645,216.50,0.49989,14.79109,43.18998,31.24059,45.12725,50.00,0653:55:29,1,08
16:38:46,0.14237,216.50,0.50377,15.55181,45.41129,31.2406,45.12725,50.00,0653:55:30,1,08
16:38:47,0.14067,216.50,0.50271,15.33422,44.77592,31.2406,45.12727,50.00,0653:55:31,1,08
16:38:48,0.13587,216.50,0.50303,14.82314,43.28356,31.24061,45.12727,50.00,0653:55:33,1,08
16:38:49,0.1414,216.50,0.49857,15.28362,44.62817,31.24061,45.12727,50.00,0653:55:34,1,08
16:38:50,0.14216,216.50,0.50241,15.4894,45.22905,31.24061,45.12727,50.00,0653:55:35,1,08
16:38:51,0.13837,216.40,0.50056,15.01036,43.83026,31.24062,45.12729,50.00,0653:55:36,1,08
16:38:52,0.1423,216.20,0.50356,15.51639,45.30786,31.24062,45.12729,50.00,0653:55:37,1,08
16:38:53,0.14266,216.20,0.5036,15.56024,45.43592,31.24063,45.12729,50.00,0653:55:38,1,08
16:38:54,0.14428,216.20,0.49984,15.61759,45.60337,31.24063,45.1273,50.00,0653:55:39,1,08
16:38:55,0.14305,216.20,0.50256,15.56699,45.45562,31.24064,45.1273,50.00,0653:55:40,1,08
16:38:56,0.14283,216.10,0.50251,15.53832,45.37189,31.24064,45.1273,50.00,0653:55:41,1,08
16:38:57,0.14307,216.00,0.50245,15.55012,45.40636,31.24065,45.1273,50.00,0653:55:42,1,08
16:38:58,0.14272,215.90,0.50306,15.52314,45.32756,31.24065,45.12732,50.00,0653:55:43,1,08
16:38:59,0.14386,216.00,0.49864,15.51639,45.30786,31.24065,45.12732,50.00,0653:55:44,1,08
16:39:00,0.14259,216.00,0.5029,15.51302,45.29801,31.24066,45.12732,50.00,0653:55:45,1,08
16:39:01,0.1431,216.20,0.50114,15.52988,45.34726,31.24066,45.12732,50.00,0653:55:46,1,08
16:39:02,0.14242,216.20,0.50164,15.46916,45.16995,31.24067,45.12732,50.00,0653:55:47,1,08
16:39:03,0.14085,216.20,0.5021,15.31567,44.72175,31.24067,45.12733,50.00,0653:55:48,1,08
16:39:04,0.146,216.10,0.50187,15.86217,46.31754,31.24068,45.12733,50.00,0653:55:49,1,08
16:39:05,0.14221,216.20,0.504,15.52314,45.32756,31.24068,45.12735,50.00,0653:55:50,1,08
16:39:06,0.14189,216.30,0.50406,15.49783,45.25368,31.24069,45.12735,50.00,0653:55:51,1,08
16:39:07,0.14197,216.40,0.50351,15.49783,45.25368,31.24069,45.12735,50.00,0653:55:52,1,08
16:39:08,0.14297,216.30,0.50065,15.51133,45.29308,31.2407,45.12735,50.00,0653:55:54,1,08
16:39:09,0.14297,216.30,0.50065,15.51133,45.29308,31.2407,45.12735,50.00,0653:55:54,1,08
16:39:10,0.14209,216.40,0.50422,15.5282,45.34233,31.2407,45.12737,50.00,0653:55:55,1,08
16:39:11,0.14194,216.50,0.50384,15.50458,45.27338,31.2407,45.12737,50.00,0653:55:56,1,08
16:39:12,0.13781,216.50,0.50006,14.94121,43.62833,31.24071,45.12737,50.00,0653:55:57,1,08
16:39:13,0.131,216.40,0.49537,14.06579,41.07209,31.24071,45.12737,50.00,0653:55:58,1,08
16:39:15,0.14245,216.40,0.49951,15.42024,45.02711,31.24072,45.12737,50.00,0653:55:59,1,08
16:39:16,0.14117,216.30,0.50248,15.37133,44.88428,31.24072,45.12738,50.00,0653:56:00,1,08
16:39:17,0.14253,216.30,0.50322,15.54169,45.38174,31.24073,45.12738,50.00,0653:56:01,1,08
16:39:18,0.14196,216.30,0.50296,15.46916,45.16995,31.24073,45.1274,50.00,0653:56:02,1,08
16:39:19,0.14243,216.30,0.50273,15.51133,45.29308,31.24074,45.1274,50.00,0653:56:03,1,08
16:39:20,0.14328,216.40,0.49978,15.51808,45.31278,31.24074,45.1274,50.00,0653:56:04,1,08
16:39:21,0.14262,216.50,0.50218,15.52988,45.34726,31.24074,45.1274,50.00,0653:56:05,1,08
16:39:22,0.14223,216.40,0.50301,15.50458,45.27338,31.24075,45.1274,50.00,0653:56:06,1,08
16:39:23,0.14237,216.40,0.50268,15.51302,45.29801,31.24075,45.12741,50.00,0653:56:07,1,08
16:39:24,0.14289,216.40,0.50114,15.52145,45.32264,31.24076,45.12741,50.00,0653:56:08,1,08
16:39:25,0.14308,216.30,0.49733,15.41518,45.01234,31.24076,45.12743,50.00,0653:56:09,1,08
16:39:26,0.13146,216.20,0.49502,14.09615,41.16075,31.24077,45.12743,50.00,0653:56:10,1,08
16:39:27,0.14258,216.30,0.50139,15.2094,44.41146,31.24077,45.12743,50.00,0653:56:11,1,08
16:39:28,0.13584,216.40,0.50132,14.75735,43.09147,31.24078,45.12743,50.00,0653:56:12,1,08
16:39:29,0.14354,216.40,0.50054,15.57374,45.47532,31.24078,45.12745,50.00,0653:56:13,1,08
16:39:30,0.14247,216.40,0.50213,15.50964,45.28815,31.24078,45.12745,50.00,0653:56:15,1,08
16:39:31,0.13127,216.50,0.49318,14.03711,40.98836,31.24079,45.12745,50.00,0653:56:16,1,08
16:39:32,0.14323,216.50,0.49935,15.50796,45.28323,31.24079,45.12745,50.00,0653:56:17,1,08
16:39:33,0.14305,216.40,0.50092,15.53326,45.35711,31.2408,45.12745,50.00,0653:56:18,1,08
16:39:34,0.14364,216.40,0.50043,15.5788,45.49009,31.2408,45.12746,50.00,0653:56:19,1,08
16:39:35,0.14428,216.30,0.4993,15.60579,45.5689,31.24081,45.12746,50.00,0653:56:20,1,08
16:39:36,0.14361,216.30,0.49886,15.52314,45.32756,31.24081,45.12748,50.00,0653:56:21,1,08
16:39:37,0.1428,216.30,0.50098,15.5029,45.26846,31.24082,45.12748,50.00,0653:56:22,1,08
16:39:38,0.1428,216.30,0.50098,15.5029,45.26846,31.24082,45.12748,50.00,0653:56:22,1,08
16:39:39,0.14354,216.40,0.49772,15.48434,45.21428,31.24082,45.12748,50.00,0653:56:23,1,08
16:39:40,0.14296,216.40,0.49951,15.47591,45.18965,31.24082,45.12748,50.00,0653:56:24,1,08
16:39:41,0.14243,216.30,0.50131,15.47253,45.1798,31.24083,45.12748,50.00,0653:56:25,1,08
16:39:42,0.14253,216.30,0.50049,15.45398,45.12562,31.24083,45.12749,50.00,0653:56:26,1,08
16:39:43,0.14237,216.20,0.50022,15.42024,45.02711,31.24084,45.12749,50.00,0653:56:27,1,08
16:39:44,0.13627,216.20,0.49405,14.57687,42.56446,31.24084,45.12751,50.00,0653:56:28,1,08
16:39:45,0.14304,216.20,0.49913,15.46072,45.14532,31.24085,45.12751,50.00,0653:56:29,1,08
16:39:46,0.14261,216.30,0.50049,15.46241,45.15025,31.24085,45.12751,50.00,0653:56:30,1,08
16:39:47,0.14307,216.20,0.49935,15.47253,45.1798,31.24086,45.12751,50.00,0653:56:31,1,08
16:39:48,0.14324,216.20,0.49913,15.48265,45.20935,31.24086,45.12753,50.00,0653:56:32,1,08
16:39:49,0.14351,216.00,0.49685,15.42868,45.05174,31.24086,45.12753,50.00,0653:56:33,1,08
16:39:50,0.14351,216.00,0.49848,15.47928,45.1995,31.24087,45.12753,50.00,0653:56:34,1,08
16:39:51,0.14375,216.00,0.49691,15.45567,45.13055,31.24087,45.12753,50.00,0653:56:36,1,08
16:39:52,0.14299,216.20,0.49875,15.44217,45.09114,31.24088,45.12753,50.00,0653:56:37,1,08
16:39:53,0.14467,216.30,0.49429,15.49109,45.23398,31.24088,45.12754,50.00,0653:56:38,1,08
16:39:54,0.14346,216.30,0.49919,15.51808,45.31278,31.24089,45.12754,50.00,0653:56:39,1,08
16:39:55,0.14375,216.40,0.49984,15.57374,45.47532,31.24089,45.12756,50.00,0653:56:40,1,08
16:39:56,0.14364,216.50,0.49973,15.5653,45.45069,31.2409,45.12756,50.00,0653:56:41,1,08
16:39:57,0.14302,216.50,0.50043,15.51976,45.31771,31.2409,45.12756,50.00,0653:56:42,1,08
16:39:58,0.14406,216.20,0.49741,15.51976,45.31771,31.24091,45.12756,50.00,0653:56:43,1,08
16:39:59,0.14275,216.00,0.50191,15.50121,45.26353,31.24091,45.12757,50.00,0653:56:44,1,08
16:40:00,0.13959,215.90,0.50061,15.11157,44.12578,31.24091,45.12757,50.00,0653:56:45,1,08
16:40:01,0.14197,215.90,0.50016,15.35615,44.83995,31.24092,45.12757,50.00,0653:56:46,1,08
16:40:02,0.14272,215.90,0.5006,15.45398,45.12562,31.24092,45.12759,50.00,0653:56:47,1,08
16:40:03,0.14357,216.00,0.49723,15.44723,45.10592,31.24093,45.12759,50.00,0653:56:48,1,08
16:40:04,0.14248,216.10,0.50164,15.46916,45.16995,31.24093,45.12759,50.00,0653:56:49,1,08
16:40:05,0.14248,216.10,0.50164,15.46916,45.16995,31.24093,45.12759,50.00,0653:56:49,1,08
16:40:06,0.14302,216.10,0.50109,15.5147,45.30293,31.24094,45.12759,50.00,0653:56:50,1,08
16:40:07,0.1435,216.20,0.50147,15.58049,45.49502,31.24094,45.12761,50.00,0653:56:51,1,08
16:40:08,0.14493,216.10,0.50204,15.75085,45.99247,31.24095,45.12761,50.00,0653:56:52,1,08
16:40:09,0.14452,216.20,0.49709,15.55856,45.43099,31.24095,45.12761,50.00,0653:56:53,1,08
16:40:10,0.14384,216.20,0.49951,15.56024,45.43592,31.24095,45.12761,50.00,0653:56:54,1,08
16:40:11,0.14329,216.30,0.50158,15.57036,45.46547,31.24096,45.12762,50.00,0653:56:55,1,08
16:40:12,0.14304,216.30,0.49924,15.47253,45.1798,31.24096,45.12762,50.00,0653:56:57,1,08
16:40:13,0.14461,216.30,0.49688,15.57036,45.46547,31.24097,45.12762,50.00,0653:56:58,1,08
16:40:14,0.14313,216.50,0.50049,15.53157,45.35218,31.24097,45.12764,50.00,0653:56:59,1,08
16:40:15,0.14329,216.50,0.49973,15.52651,45.33741,31.24098,45.12764,50.00,0653:57:00,1,08
16:40:16,0.14017,216.40,0.49811,15.13687,44.19967,31.24098,45.12764,50.00,0653:57:01,1,08
16:40:17,0.14027,216.40,0.49761,15.13181,44.18489,31.24099,45.12764,50.00,0653:57:02,1,08
16:40:18,0.14318,216.40,0.49842,15.46916,45.16995,31.24099,45.12766,50.00,0653:57:03,1,08
16:40:19,0.1423,216.50,0.50109,15.4641,45.15517,31.241,45.12766,50.00,0653:57:04,1,08
16:40:20,0.14221,216.40,0.50082,15.43543,45.07145,31.241,45.12766,50.00,0653:57:05,1,08
16:40:21,0.14226,216.30,0.50115,15.44386,45.09607,31.241,45.12766,50.00,0653:57:06,1,08
16:40:22,0.14077,216.30,0.49889,15.21615,44.43115,31.24101,45.12766,50.00,0653:57:07,1,08
16:40:23,0.13131,216.20,0.49371,14.04049,40.99822,31.24101,45.12767,50.00,0653:57:08,1,08
16:40:24,0.14224,216.30,0.50082,15.43711,45.07637,31.24102,45.12767,50.00,0653:57:09,1,08
16:40:25,0.14218,216.30,0.50027,15.41181,45.00249,31.24102,45.12769,50.00,0653:57:10,1,08
16:40:26,0.14202,216.30,0.50088,15.4135,45.00742,31.24103,45.12769,50.00,0653:57:11,1,08
16:40:27,0.14275,216.40,0.49973,15.46072,45.14532,31.24103,45.12769,50.00,0653:57:12,1,08
16:40:28,0.14264,216.50,0.49831,15.41012,44.99756,31.24104,45.12769,50.00,0653:57:13,1,08
16:40:29,0.1285,216.50,0.4957,13.81446,40.33823,31.24104,45.1277,50.00,0653:57:14,1,08
16:40:30,0.1421,216.50,0.49962,15.39494,44.95323,31.24104,45.1277,50.00,0653:57:15,1,08
16:40:31,0.1421,216.50,0.49962,15.39494,44.95323,31.24104,45.1277,50.00,0653:57:15,1,08
16:40:32,0.1421,216.40,0.50131,15.4388,45.08129,31.24105,45.1277,50.00,0653:57:16,1,08
16:40:33,0.14245,216.20,0.50038,15.4388,45.08129,31.24105,45.12772,50.00,0653:57:17,1,08
16:40:34,0.14299,216.20,0.49956,15.46916,45.16995,31.24106,45.12772,50.00,0653:57:19,1,08
16:40:35,0.14291,216.20,0.49995,15.47085,45.17487,31.24106,45.12772,50.00,0653:57:20,1,08
16:40:36,0.14207,216.20,0.49901,15.35277,44.8301,31.24107,45.12772,50.00,0653:57:21,1,08
16:40:37,0.14038,216.20,0.49429,15.02723,43.87952,31.24107,45.12774,50.00,0653:57:22,1,08
16:40:38,0.14464,216.20,0.49591,15.53663,45.36696,31.24108,45.12774,50.00,0653:57:23,1,08
16:40:39,0.14417,216.30,0.49806,15.55519,45.42114,31.24108,45.12774,50.00,0653:57:24,1,08
16:40:40,0.14401,216.20,0.4974,15.5147,45.30293,31.24108,45.12774,50.00,0653:57:25,1,08
16:40:41,0.14539,216.20,0.49539,15.59567,45.53934,31.24109,45.12775,50.00,0653:57:26,1,08
16:40:42,0.14617,216.10,0.49334,15.60747,45.57383,31.24109,45.12775,50.00,0653:57:27,1,08
16:40:43,0.14572,216.10,0.49877,15.73061,45.93337,31.2411,45.12775,50.00,0653:57:28,1,08
16:40:44,0.14321,216.00,0.49973,15.48434,45.21428,31.2411,45.12777,50.00,0653:57:29,1,08
16:40:45,0.14146,215.80,0.49983,15.28362,44.62817,31.24111,45.12777,50.00,0653:57:30,1,08
16:40:46,0.14294,215.60,0.49995,15.43205,45.06159,31.24111,45.12777,50.00,0653:57:31,1,08
16:40:47,0.13962,215.50,0.49306,14.86193,43.39684,31.24112,45.12777,50.00,0653:57:32,1,08
16:40:48,0.14428,215.70,0.49735,15.5029,45.26846,31.24112,45.12778,50.00,0653:57:33,1,08
16:40:49,0.14405,215.70,0.4987,15.52314,45.32756,31.24112,45.12778,50.00,0653:57:34,1,08
16:40:50,0.14387,215.80,0.49745,15.46747,45.16503,31.24113,45.1278,50.00,0653:57:35,1,08
16:40:51,0.14422,215.80,0.49767,15.51133,45.29308,31.24113,45.1278,50.00,0653:57:36,1,08
16:40:52,0.14539,215.80,0.49318,15.49952,45.25861,31.24114,45.1278,50.00,0653:57:37,1,08
16:40:53,0.14542,215.90,0.49753,15.64795,45.69203,31.24114,45.1278,50.00,0653:57:38,1,08
16:40:54,0.14419,215.80,0.49805,15.52482,45.33249,31.24115,45.1278,50.00,0653:57:40,1,08
16:40:55,0.14427,215.90,0.49881,15.55856,45.43099,31.24115,45.12782,50.00,0653:57:41,1,08
16:40:56,0.14623,215.90,0.49536,15.66145,45.73144,31.24116,45.12782,50.00,0653:57:42,1,08
16:40:57,0.14387,215.90,0.49908,15.52988,45.34726,31.24116,45.12782,50.00,0653:57:43,1,08
16:40:58,0.14387,215.90,0.49908,15.52988,45.34726,31.24116,45.12782,50.00,0653:57:43,1,08
16:40:59,0.14416,216.00,0.49859,15.54844,45.40144,31.24117,45.12782,50.00,0653:57:44,1,08
16:41:00,0.14502,215.90,0.49774,15.60916,45.57875,31.24117,45.12783,50.00,0653:57:45,1,08
16:41:01,0.1451,215.80,0.49731,15.59567,45.53934,31.24117,45.12783,50.00,0653:57:46,1,08
16:41:02,0.14609,215.80,0.4938,15.59229,45.5295,31.24118,45.12785,50.00,0653:57:47,1,08
16:41:03,0.14479,215.60,0.49849,15.58892,45.51965,31.24118,45.12785,50.00,0653:57:48,1,08
16:41:04,0.1446,215.70,0.49671,15.51302,45.29801,31.24119,45.12785,50.00,0653:57:49,1,08
16:41:05,0.14485,215.80,0.49558,15.51302,45.29801,31.24119,45.12785,50.00,0653:57:50,1,08
16:41:06,0.14544,215.70,0.49581,15.5788,45.49009,31.2412,45.12785,50.00,0653:57:51,1,08
16:41:07,0.14623,215.80,0.49264,15.57205,45.47039,31.2412,45.12786,50.00,0653:57:52,1,08
16:41:08,0.14507,215.90,0.49543,15.53832,45.37189,31.24121,45.12786,50.00,0653:57:53,1,08
16:41:09,0.14541,215.90,0.49667,15.61591,45.59845,31.24121,45.12788,50.00,0653:57:54,1,08
16:41:10,0.1462,215.90,0.49813,15.74916,45.98755,31.24122,45.12788,50.00,0653:57:55,1,08
16:41:11,0.13423,216.00,0.49024,14.23783,41.57448,31.24122,45.12788,50.00,0653:57:56,1,08
16:41:12,0.14606,215.90,0.49247,15.55687,45.42607,31.24122,45.12788,50.00,0653:57:57,1,08
16:41:14,0.14485,215.80,0.49661,15.55012,45.40636,31.24123,45.1279,50.00,0653:57:58,1,08
16:41:15,0.14136,215.80,0.49542,15.13518,44.19474,31.24123,45.1279,50.00,0653:58:00,1,08
16:41:16,0.13283,215.60,0.48965,14.04892,41.02285,31.24124,45.1279,50.00,0653:58:01,1,08
16:41:17,0.14625,215.50,0.49145,15.51302,45.29801,31.24124,45.1279,50.00,0653:58:02,1,08
16:41:18,0.14516,215.50,0.49542,15.51976,45.31771,31.24125,45.1279,50.00,0653:58:03,1,08
16:41:19,0.14469,215.50,0.49698,15.52145,45.32264,31.24125,45.12791,50.00,0653:58:04,1,08
16:41:20,0.14386,215.50,0.4969,15.43037,45.05667,31.24126,45.12791,50.00,0653:58:05,1,08
16:41:21,0.14096,215.50,0.49479,15.05085,43.94847,31.24126,45.12793,50.00,0653:58:06,1,08
16:41:22,0.14516,215.50,0.49429,15.48771,45.22413,31.24126,45.12793,50.00,0653:58:07,1,08
16:41:23,0.14519,215.50,0.49532,15.52314,45.32756,31.24127,45.12793,50.00,0653:58:08,1,08
16:41:24,0.14592,215.60,0.49406,15.56699,45.45562,31.24127,45.12793,50.00,0653:58:09,1,08
16:41:25,0.14592,215.60,0.49406,15.56699,45.45562,31.24127,45.12793,50.00,0653:58:09,1,08
16:41:26,0.14441,215.70,0.49789,15.53326,45.35711,31.24128,45.12794,50.00,0653:58:10,1,08
16:41:27,0.14511,215.70,0.49597,15.55181,45.41129,31.24128,45.12794,50.00,0653:58:11,1,08
16:41:28,0.14458,215.90,0.49396,15.44386,45.09607,31.24129,45.12796,50.00,0653:58:12,1,08
16:41:29,0.14469,216.20,0.49273,15.4388,45.08129,31.24129,45.12796,50.00,0653:58:13,1,08
16:41:30,0.14467,216.20,0.49392,15.47759,45.19457,31.2413,45.12796,50.00,0653:58:14,1,08
16:41:31,0.14362,216.20,0.49691,15.45735,45.13547,31.2413,45.12796,50.00,0653:58:15,1,08
16:41:32,0.145,216.30,0.49307,15.4894,45.22905,31.2413,45.12796,50.00,0653:58:16,1,08
16:41:33,0.14421,216.30,0.49541,15.47928,45.1995,31.24131,45.12798,50.00,0653:58:17,1,08
16:41:34,0.13421,216.30,0.49176,14.30024,41.75671,31.24131,45.12798,50.00,0653:58:18,1,08
16:41:35,0.1445,216.20,0.49439,15.47085,45.17487,31.24132,45.12798,50.00,0653:58:19,1,08
16:41:36,0.14428,216.20,0.4966,15.51976,45.31771,31.24132,45.12798,50.00,0653:58:21,1,08
16:41:37,0.14224,216.40,0.49163,15.15543,44.25384,31.24133,45.12799,50.00,0653:58:22,1,08
16:41:38,0.14431,216.20,0.4953,15.47759,45.19457,31.24133,45.12799,50.00,0653:58:23,1,08
16:41:39,0.13939,216.30,0.4924,14.86868,43.41654,31.24134,45.12801,50.00,0653:58:24,1,08
16:41:40,0.14514,216.40,0.49431,15.54675,45.39651,31.24134,45.12801,50.00,0653:58:25,1,08
16:41:41,0.146,216.40,0.49131,15.54844,45.40144,31.24134,45.12801,50.00,0653:58:26,1,08
16:41:42,0.14507,216.40,0.49464,15.55519,45.42114,31.24135,45.12801,50.00,0653:58:27,1,08
16:41:43,0.14475,216.40,0.49688,15.58892,45.51965,31.24135,45.12801,50.00,0653:58:28,1,08
16:41:44,0.14507,216.40,0.49517,15.56868,45.46054,31.24136,45.12803,50.00,0653:58:29,1,08
16:41:45,0.14435,216.30,0.49709,15.54675,45.39651,31.24136,45.12803,50.00,0653:58:30,1,08
16:41:46,0.14571,215.80,0.49218,15.50121,45.26353,31.24137,45.12803,50.00,0653:58:31,1,08
16:41:47,0.14525,215.90,0.49613,15.58723,45.51472,31.24137,45.12803,50.00,0653:58:32,1,08
16:41:48,0.14433,216.10,0.496,15.49277,45.2389,31.24138,45.12804,50.00,0653:58:33,1,08
16:41:49,0.14513,216.10,0.49635,15.58892,45.51965,31.24138,45.12804,50.00,0653:58:34,1,08
16:41:50,0.14513,216.10,0.49635,15.58892,45.51965,31.24138,45.12804,50.00,0653:58:34,1,08
16:41:51,0.14389,216.20,0.49708,15.48771,45.22413,31.24139,45.12806,50.00,0653:58:35,1,08
16:41:52,0.14077,216.20,0.48971,14.92771,43.58892,31.24139,45.12806,50.00,0653:58:36,1,08
16:41:53,0.14449,216.10,0.49666,15.52988,45.34726,31.24139,45.12806,50.00,0653:58:37,1,08
16:41:54,0.14474,216.10,0.49725,15.58049,45.49502,31.2414,45.12806,50.00,0653:58:38,1,08
16:41:55,0.14511,216.10,0.49587,15.57711,45.48517,31.2414,45.12806,50.00,0653:58:39,1,08
16:41:56,0.1453,216.10,0.49619,15.6041,45.56397,31.24141,45.12807,50.00,0653:58:41,1,08
16:41:57,0.1462,216.00,0.49211,15.56868,45.46054,31.24141,45.12807,50.00,0653:58:42,1,08
16:41:58,0.14488,216.10,0.49618,15.56024,45.43592,31.24142,45.12809,50.00,0653:58:43,1,08
16:41:59,0.14527,216.20,0.49507,15.58723,45.51472,31.24142,45.12809,50.00,0653:58:44,1,08
16:42:00,0.1452,216.20,0.49437,15.54338,45.38666,31.24143,45.12809,50.00,0653:58:45,1,08
16:42:01,0.14631,216.20,0.49398,15.64795,45.69203,31.24143,45.12809,50.00,0653:58:46,1,08
16:42:02,0.14144,216.00,0.49532,15.1588,44.26369,31.24143,45.12811,50.00,0653:58:47,1,08
16:42:03,0.13217,216.00,0.49204,14.07085,41.08687,31.24144,45.12811,50.00,0653:58:48,1,08
16:42:04,0.14508,216.10,0.49603,15.5788,45.49009,31.24144,45.12811,50.00,0653:58:49,1,08
16:42:05,0.14507,216.20,0.49468,15.54169,45.38174,31.24145,45.12811,50.00,0653:58:50,1,08
16:42:06,0.14367,216.20,0.49116,15.28193,44.62324,31.24145,45.12812,50.00,0653:58:51,1,08
16:42:07,0.13278,216.10,0.49055,14.10121,41.17553,31.24146,45.12812,50.00,0653:58:52,1,08
16:42:08,0.14497,216.00,0.4957,15.54675,45.39651,31.24146,45.12812,50.00,0653:58:53,1,08
16:42:09,0.14511,216.00,0.49387,15.5029,45.26846,31.24147,45.12814,50.00,0653:58:54,1,08
16:42:10,0.1448,216.00,0.49645,15.55519,45.42114,31.24147,45.12814,50.00,0653:58:55,1,08
16:42:11,0.14496,216.20,0.49532,15.54675,45.39651,31.24147,45.12814,50.00,0653:58:56,1,08
16:42:12,0.13926,216.30,0.49536,14.94289,43.63326,31.24148,45.12814,50.00,0653:58:57,1,08
16:42:13,0.13401,216.30,0.49274,14.30699,41.77642,31.24148,45.12815,50.00,0653:58:58,1,08
16:42:14,0.14626,216.30,0.49393,15.64964,45.69696,31.24149,45.12815,50.00,0653:58:59,1,08
16:42:15,0.14536,216.30,0.49496,15.58555,45.5098,31.24149,45.12817,50.00,0653:59:00,1,08
16:42:16,0.14525,216.30,0.49502,15.5788,45.49009,31.2415,45.12817,50.00,0653:59:01,1,08
16:42:17,0.14525,216.30,0.49502,15.5788,45.49009,31.2415,45.12817,50.00,0653:59:01,1,08
16:42:18,0.14479,216.30,0.4965,15.57374,45.47532,31.2415,45.12817,50.00,0653:59:03,1,08
16:42:19,0.14474,216.30,0.49661,15.57205,45.47039,31.24151,45.12817,50.00,0653:59:04,1,08
16:42:20,0.14497,216.30,0.49635,15.58723,45.51472,31.24151,45.12817,50.00,0653:59:05,1,08
16:42:21,0.14522,216.30,0.49437,15.55519,45.42114,31.24151,45.12819,50.00,0653:59:06,1,08
16:42:22,0.14513,216.30,0.49683,15.61928,45.6083,31.24152,45.12819,50.00,0653:59:07,1,08
16:42:23,0.14497,216.30,0.49629,15.58386,45.50487,31.24152,45.12819,50.00,0653:59:08,1,08
16:42:24,0.14414,216.30,0.49649,15.50121,45.26353,31.24153,45.12819,50.00,0653:59:09,1,08
16:42:25,0.13845,216.20,0.49122,14.72699,43.00281,31.24153,45.1282,50.00,0653:59:10,1,08
16:42:26,0.1448,216.20,0.4951,15.52314,45.32756,31.24154,45.1282,50.00,0653:59:11,1,08
16:42:27,0.14453,216.20,0.49596,15.52482,45.33249,31.24154,45.12822,50.00,0653:59:12,1,08
16:42:28,0.14416,216.30,0.4966,15.51133,45.29308,31.24155,45.12822,50.00,0653:59:13,1,08
16:42:29,0.14428,216.30,0.49703,15.53832,45.37189,31.24155,45.12822,50.00,0653:59:14,1,08
16:42:30,0.14463,216.40,0.49343,15.46579,45.1601,31.24156,45.12822,50.00,0653:59:15,1,08
16:42:31,0.1383,216.40,0.49533,14.84675,43.35252,31.24156,45.12822,50.00,0653:59:16,1,08
16:42:32,0.14416,216.30,0.49589,15.48603,45.2192,31.24156,45.12823,50.00,0653:59:17,1,08
16:42:33,0.144,216.30,0.49751,15.51976,45.31771,31.24157,45.12823,50.00,0653:59:18,1,08
16:42:34,0.1433,216.20,0.49609,15.39157,44.94339,31.24157,45.12825,50.00,0653:59:19,1,08
16:42:35,0.14586,216.20,0.49455,15.62265,45.61815,31.24158,45.12825,50.00,0653:59:20,1,08
16:42:36,0.14213,216.20,0.49304,15.17904,44.3228,31.24158,45.12825,50.00,0653:59:21,1,08
16:42:37,0.13207,216.20,0.49045,14.02868,40.96374,31.24159,45.12825,50.00,0653:59:23,1,08
16:42:38,0.14445,216.10,0.49649,15.52482,45.33249,31.24159,45.12827,50.00,0653:59:24,1,08
16:42:39,0.14242,216.20,0.4959,15.29542,44.66264,31.2416,45.12827,50.00,0653:59:25,1,08
16:42:40,0.13874,216.20,0.49029,14.72699,43.00281,31.2416,45.12827,50.00,0653:59:26,1,08
16:42:41,0.14435,216.10,0.49768,15.55181,45.41129,31.2416,45.12827,50.00,0653:59:27,1,08
16:42:42,0.1329,216.00,0.49155,14.13494,41.27404,31.24161,45.12827,50.00,0653:59:28,1,08
16:42:43,0.14375,216.00,0.49843,15.50121,45.26353,31.24161,45.12828,50.00,0653:59:29,1,08
16:42:44,0.14375,216.00,0.49843,15.50121,45.26353,31.24161,45.12828,50.00,0653:59:29,1,08
16:42:45,0.14528,215.90,0.49587,15.58049,45.49502,31.24162,45.12828,50.00,0653:59:30,1,08
16:42:46,0.14386,215.90,0.49805,15.49109,45.23398,31.24162,45.1283,50.00,0653:59:31,1,08
16:42:47,0.14422,215.90,0.49903,15.56362,45.44577,31.24163,45.1283,50.00,0653:59:32,1,08
16:42:48,0.14375,215.90,0.49881,15.50458,45.27338,31.24163,45.1283,50.00,0653:59:33,1,08
16:42:49,0.13884,215.80,0.49449,14.83832,43.32788,31.24164,45.1283,50.00,0653:59:34,1,08
16:42:50,0.14555,215.80,0.49308,15.51302,45.29801,31.24164,45.12831,50.00,0653:59:35,1,08
16:42:51,0.14442,216.00,0.4966,15.51639,45.30786,31.24164,45.12831,50.00,0653:59:36,1,08
16:42:52,0.14447,216.20,0.49725,15.55519,45.42114,31.24165,45.12831,50.00,0653:59:37,1,08
16:42:53,0.14611,216.20,0.49931,15.79976,46.13531,31.24165,45.12832,50.00,0653:59:38,1,08
16:42:54,0.14493,216.10,0.49688,15.59061,45.52457,31.24166,45.12832,50.00,0653:59:39,1,08
16:42:55,0.14511,216.10,0.49431,15.52651,45.33741,31.24166,45.12833,50.00,0653:59:40,1,08
16:42:56,0.14395,215.90,0.49734,15.48265,45.20935,31.24167,45.12833,50.00,0653:59:41,1,08
16:42:57,0.14361,215.90,0.49745,15.44892,45.11084,31.24167,45.12835,50.00,0653:59:42,1,08
16:42:58,0.14359,215.90,0.49826,15.47253,45.1798,31.24168,45.12835,50.00,0653:59:44,1,08
16:42:59,0.14383,215.90,0.49772,15.48097,45.20442,31.24168,45.12835,50.00,0653:59:45,1,08
16:43:00,0.14232,215.90,0.49238,15.15205,44.24399,31.24168,45.12835,50.00,0653:59:46,1,08
16:43:01,0.13196,215.90,0.4893,13.96121,40.76672,31.24169,45.12836,50.00,0653:59:47,1,08
16:43:02,0.14417,215.80,0.49562,15.44723,45.10592,31.24169,45.12836,50.00,0653:59:48,1,08
16:43:03,0.14435,216.00,0.49546,15.47422,45.18472,31.2417,45.12836,50.00,0653:59:49,1,08
16:43:05,0.1446,216.00,0.49321,15.43037,45.05667,31.2417,45.12838,50.00,0653:59:50,1,08
16:43:06,0.14106,216.00,0.49453,15.08964,44.06176,31.2417,45.12838,50.00,0653:59:51,1,08
16:43:07,0.13139,216.00,0.48973,13.91904,40.6436,31.2417,45.12838,50.00,0653:59:52,1,08
16:43:08,0.14377,215.90,0.49626,15.43037,45.05667,31.24172,45.12838,50.00,0653:59:53,1,08
16:43:09,0.14547,215.90,0.49405,15.54,45.37681,31.24172,45.1284,50.00,0653:59:54,1,08
16:43:10,0.14096,215.80,0.48965,14.92097,43.56923,31.24172,45.1284,50.00,0653:59:55,1,08
16:43:11,0.14096,215.80,0.48965,14.92097,43.56923,31.24172,45.1284,50.00,0653:59:55,1,08
16:43:12,0.13134,216.00,0.48943,13.90555,40.60419,31.24173,45.1284,50.00,0653:59:56,1,08
16:43:13,0.1443,216.10,0.49406,15.42868,45.05174,31.24173,45.1284,50.00,0653:59:57,1,08
16:43:14,0.14414,216.10,0.49519,15.44892,45.11084,31.24174,45.12841,50.00,0653:59:58,1,08
16:43:15,0.14497,216.10,0.49414,15.50796,45.28323,31.24174,45.12841,50.00,0653:59:59,1,08
16:43:16,0.14421,216.40,0.49482,15.4641,45.15517,31.24174,45.12841,50.00,0654:00:00,1,08
16:43:17,0.14348,216.30,0.4968,15.44386,45.09607,31.24174,45.12843,50.00,0654:00:01,1,08
16:43:18,0.13683,216.20,0.49476,14.6629,42.81565,31.24174,45.12843,50.00,0654:00:02,1,08
16:43:19,0.14392,216.30,0.49675,15.48603,45.2192,31.24176,45.12843,50.00,0654:00:04,1,08
16:43:20,0.14486,216.20,0.4943,15.50964,45.28815,31.24176,45.12843,50.00,0654:00:05,1,08
16:43:21,0.14522,216.30,0.49324,15.51639,45.30786,31.24177,45.12844,50.00,0654:00:06,1,08
16:43:22,0.14578,216.20,0.49167,15.52314,45.32756,31.24177,45.12844,50.00,0654:00:07,1,08
16:43:23,0.14409,216.30,0.49346,15.40169,44.97294,31.24178,45.12846,50.00,0654:00:08,1,08
16:43:24,0.13189,216.40,0.48991,14.00338,40.88987,31.24178,45.12846,50.00,0654:00:09,1,08
16:43:25,0.14564,216.50,0.49461,15.62434,45.62308,31.24179,45.12846,50.00,0654:00:10,1,08
16:43:26,0.14475,216.50,0.49645,15.58555,45.5098,31.24179,45.12846,50.00,0654:00:11,1,08
16:43:27,0.14541,216.50,0.49379,15.57036,45.46547,31.2418,45.12846,50.00,0654:00:12,1,08
16:43:28,0.14547,216.40,0.4924,15.52145,45.32264,31.2418,45.12848,50.00,0654:00:13,1,08
16:43:29,0.13357,216.40,0.48765,14.11976,41.22971,31.2418,45.12848,50.00,0654:00:14,1,08
16:43:30,0.14431,216.40,0.49585,15.51133,45.29308,31.24181,45.12848,50.00,0654:00:15,1,08
16:43:31,0.1445,216.40,0.49424,15.48097,45.20442,31.24181,45.12848,50.00,0654:00:16,1,08
16:43:32,0.14505,216.30,0.49265,15.48434,45.21428,31.24182,45.12849,50.00,0654:00:17,1,08
16:43:33,0.14472,216.30,0.49408,15.49109,45.23398,31.24182,45.12849,50.00,0654:00:18,1,08
16:43:34,0.14499,216.30,0.49189,15.44723,45.10592,31.24183,45.12851,50.00,0654:00:19,1,08
16:43:35,0.14379,216.20,0.49659,15.4641,45.15517,31.24183,45.12851,50.00,0654:00:20,1,08
16:43:36,0.14381,216.20,0.49675,15.47253,45.1798,31.24184,45.12851,50.00,0654:00:21,1,08
16:43:37,0.14381,216.20,0.49675,15.47253,45.1798,31.24184,45.12851,50.00,0654:00:21,1,08
16:43:38,0.1437,216.20,0.49566,15.42362,45.03696,31.24184,45.12851,50.00,0654:00:22,1,08
16:43:39,0.14326,216.10,0.49674,15.40338,44.97786,31.24184,45.12851,50.00,0654:00:23,1,08
16:43:40,0.14474,216.10,0.49359,15.46072,45.14532,31.24185,45.12852,50.00,0654:00:25,1,08
16:43:41,0.14307,216.10,0.49782,15.41518,45.01234,31.24185,45.12852,50.00,0654:00:26,1,08
16:43:42,0.13377,216.00,0.49394,14.29181,41.73208,31.24186,45.12854,50.00,0654:00:27,1,08
16:43:43,0.1414,215.90,0.49801,15.22627,44.46071,31.24186,45.12854,50.00,0654:00:28,1,08
16:43:44,0.14391,215.90,0.49686,15.4641,45.15517,31.24187,45.12854,50.00,0654:00:29,1,08
16:43:45,0.14514,216.00,0.49339,15.49109,45.23398,31.24187,45.12854,50.00,0654:00:30,1,08
16:43:46,0.14354,216.10,0.49685,15.43374,45.06652,31.24188,45.12856,50.00,0654:00:31,1,08
16:43:47,0.13879,216.10,0.49433,14.85181,43.36729,31.24188,45.12856,50.00,0654:00:32,1,08
16:43:48,0.14439,216.10,0.49601,15.5029,45.26846,31.24188,45.12856,50.00,0654:00:33,1,08
16:43:49,0.145,216.10,0.49452,15.51976,45.31771,31.24189,45.12856,50.00,0654:00:34,1,08
16:43:50,0.14405,216.10,0.49654,15.48097,45.20442,31.24189,45.12856,50.00,0654:00:35,1,08
16:43:51,0.14413,216.10,0.49778,15.52988,45.34726,31.2419,45.12857,50.00,0654:00:36,1,08
16:43:52,0.14405,216.10,0.49751,15.51133,45.29308,31.2419,45.12857,50.00,0654:00:37,1,08
16:43:53,0.14209,216.00,0.4932,15.16217,44.27354,31.24191,45.12859,50.00,0654:00:38,1,08
16:43:54,0.14538,216.00,0.49303,15.50796,45.28323,31.24191,45.12859,50.00,0654:00:39,1,08
16:43:55,0.14445,216.10,0.49568,15.49952,45.25861,31.24192,45.12859,50.00,0654:00:40,1,08
16:43:56,0.14425,216.10,0.49589,15.48434,45.21428,31.24192,45.12859,50.00,0654:00:41,1,08
16:43:57,0.1445,216.10,0.49639,15.52482,45.33249,31.24192,45.1286,50.00,0654:00:42,1,08
16:43:58,0.14425,216.10,0.49519,15.46072,45.14532,31.24193,45.1286,50.00,0654:00:43,1,08
16:43:59,0.14328,215.20,0.4923,15.20097,44.38683,31.24193,45.12861,50.00,0654:00:45,1,08
16:44:00,0.14447,215.80,0.49897,15.58217,45.49994,31.24194,45.12861,50.00,0654:00:46,1,08
16:44:01,0.14422,216.00,0.49762,15.5282,45.34233,31.24194,45.12861,50.00,0654:00:47,1,08
16:44:02,0.14422,216.00,0.49762,15.5282,45.34233,31.24194,45.12861,50.00,0654:00:47,1,08
16:44:03,0.14367,216.10,0.49794,15.48603,45.2192,31.24195,45.12862,50.00,0654:00:48,1,08
16:44:04,0.14489,216.10,0.4957,15.54338,45.38666,31.24195,45.12862,50.00,0654:00:49,1,08
16:44:05,0.14439,216.00,0.49579,15.49109,45.23398,31.24196,45.12864,50.00,0654:00:50,1,08
16:44:06,0.14413,216.00,0.49713,15.50121,45.26353,31.24196,45.12864,50.00,0654:00:51,1,08
16:44:07,0.14445,216.00,0.49741,15.54506,45.39159,31.24197,45.12864,50.00,0654:00:52,1,08
16:44:08,0.14255,215.80,0.49392,15.21615,44.43115,31.24197,45.12864,50.00,0654:00:53,1,08
16:44:09,0.14017,215.80,0.49449,14.98169,43.74654,31.24197,45.12865,50.00,0654:00:54,1,08
16:44:10,0.14405,215.70,0.49577,15.42868,45.05174,31.24198,45.12865,50.00,0654:00:55,1,08
16:44:11,0.14497,215.40,0.49525,15.49109,45.23398,31.24198,45.12867,50.00,0654:00:56,1,08
16:44:12,0.14475,215.30,0.49476,15.44386,45.09607,31.24199,45.12867,50.00,0654:00:57,1,08
16:44:13,0.14561,215.30,0.49318,15.48434,45.21428,31.24199,45.12867,50.00,0654:00:58,1,08
16:44:14,0.14192,215.30,0.49273,15.08121,44.03713,31.242,45.12867,50.00,0654:00:59,1,08
16:44:15,0.1317,215.40,0.49021,13.92916,40.67315,31.242,45.12867,50.00,0654:01:00,1,08
16:44:16,0.14441,215.40,0.49545,15.4388,45.08129,31.24201,45.12868,50.00,0654:01:01,1,08
16:44:17,0.14469,215.40,0.49649,15.49952,45.25861,31.24201,45.12868,50.00,0654:01:02,1,08
16:44:18,0.14539,215.40,0.49403,15.49952,45.25861,31.24201,45.12869,50.00,0654:01:03,1,08
16:44:19,0.14513,215.50,0.49833,15.60747,45.57383,31.24202,45.12869,50.00,0654:01:04,1,08
16:44:20,0.14559,215.40,0.49871,15.66651,45.74621,31.24202,45.1287,50.00,0654:01:06,1,08
16:44:21,0.13129,215.40,0.49172,13.92916,40.67315,31.24203,45.1287,50.00,0654:01:07,1,08
16:44:22,0.14447,215.30,0.49848,15.53157,45.35218,31.24203,45.12872,50.00,0654:01:08,1,08
16:44:23,0.14566,215.30,0.49366,15.50627,45.27831,31.24203,45.12872,50.00,0654:01:09,1,08
16:44:24,0.14414,215.20,0.49853,15.49277,45.2389,31.24203,45.12872,50.00,0654:01:10,1,08
16:44:25,0.14449,215.10,0.49816,15.50458,45.27338,31.24205,45.12872,50.00,0654:01:11,1,08
16:44:26,0.14442,215.10,0.49854,15.51302,45.29801,31.24205,45.12872,50.00,0654:01:12,1,08
16:44:27,0.1446,215.10,0.4987,15.53494,45.36204,31.24205,45.12873,50.00,0654:01:13,1,08
16:44:28,0.1455,215.10,0.49403,15.48771,45.22413,31.24206,45.12873,50.00,0654:01:14,1,08
16:44:29,0.1455,215.10,0.49403,15.48771,45.22413,31.24206,45.12873,50.00,0654:01:14,1,08
16:44:30,0.14505,215.20,0.49649,15.52314,45.32756,31.24206,45.12875,50.00,0654:01:15,1,08
16:44:31,0.14481,215.20,0.49735,15.52482,45.33249,31.24207,45.12875,50.00,0654:01:16,1,08
16:44:32,0.14472,215.10,0.49556,15.45229,45.1207,31.24207,45.12875,50.00,0654:01:17,1,08
16:44:33,0.14425,215.00,0.49272,15.30723,44.69712,31.24207,45.12875,50.00,0654:01:18,1,08
16:44:34,0.14422,215.20,0.49588,15.41687,45.01727,31.24207,45.12877,50.00,0654:01:19,1,08
16:44:35,0.14416,215.40,0.49805,15.48771,45.22413,31.24209,45.12877,50.00,0654:01:20,1,08
16:44:36,0.14259,215.40,0.49495,15.22458,44.45578,31.24209,45.12877,50.00,0654:01:21,1,08
16:44:37,0.14289,215.50,0.4953,15.27856,44.61339,31.24209,45.12877,50.00,0654:01:22,1,08
16:44:38,0.14547,215.60,0.49511,15.5535,45.41621,31.2421,45.12877,50.00,0654:01:23,1,08
16:44:39,0.13473,215.80,0.49299,14.35759,41.92418,31.2421,45.12878,50.00,0654:01:24,1,08
16:44:40,0.14386,215.90,0.49848,15.50796,45.28323,31.24211,45.12878,50.00,0654:01:25,1,08
16:44:41,0.14403,215.80,0.49783,15.49952,45.25861,31.24211,45.1288,50.00,0654:01:27,1,08
16:44:42,0.14419,215.80,0.49632,15.46916,45.16995,31.24212,45.1288,50.00,0654:01:28,1,08
16:44:43,0.14223,215.70,0.49429,15.18916,44.35235,31.24212,45.1288,50.00,0654:01:29,1,08
16:44:44,0.14421,215.60,0.4967,15.46747,45.16503,31.24213,45.1288,50.00,0654:01:30,1,08
16:44:45,0.13782,215.60,0.49382,14.69494,42.90924,31.24213,45.1288,50.00,0654:01:31,1,08
16:44:46,0.1445,215.60,0.49659,15.49783,45.25368,31.24213,45.12881,50.00,0654:01:32,1,08
16:44:47,0.1452,215.40,0.49386,15.47253,45.1798,31.24214,45.12881,50.00,0654:01:33,1,08
16:44:48,0.14511,215.30,0.49278,15.42193,45.03204,31.24214,45.12883,50.00,0654:01:34,1,08
16:44:49,0.14458,215.40,0.49719,15.50796,45.28323,31.24215,45.12883,50.00,0654:01:35,1,08
16:44:50,0.14441,215.40,0.49778,15.50964,45.28815,31.24215,45.12883,50.00,0654:01:36,1,08
16:44:51,0.14633,215.10,0.49181,15.50627,45.27831,31.24216,45.12883,50.00,0654:01:37,1,08
16:44:52,0.1462,215.20,0.49336,15.54675,45.39651,31.24216,45.12885,50.00,0654:01:38,1,08
16:44:53,0.14597,215.30,0.49491,15.5788,45.49009,31.24217,45.12885,50.00,0654:01:39,1,08
16:44:54,0.14561,215.40,0.49495,15.55012,45.40636,31.24217,45.12885,50.00,0654:01:40,1,08
16:44:55,0.14561,215.40,0.49495,15.55012,45.40636,31.24217,45.12885,50.00,0654:01:40,1,08
16:44:56,0.14513,215.20,0.49526,15.49446,45.24382,31.24218,45.12885,50.00,0654:01:41,1,08
16:44:57,0.14671,215.10,0.49103,15.51976,45.31771,31.24218,45.12886,50.00,0654:01:42,1,08
16:44:58,0.14595,215.00,0.49528,15.56868,45.46054,31.24218,45.12886,50.00,0654:01:43,1,08
16:44:59,0.14549,214.90,0.49504,15.49952,45.25861,31.24219,45.12886,50.00,0654:01:44,1,08
16:45:00,0.14541,214.90,0.49483,15.4894,45.22905,31.24219,45.12888,50.00,0654:01:45,1,08
16:45:01,0.14488,215.10,0.49406,15.42362,45.03696,31.2422,45.12888,50.00,0654:01:46,1,08
16:45:02,0.14532,215.20,0.49031,15.36121,44.85472,31.2422,45.12888,50.00,0654:01:48,1,08
16:45:03,0.14457,215.00,0.49642,15.45398,45.12562,31.24221,45.12888,50.00,0654:01:49,1,08
16:45:04,0.14353,215.00,0.49629,15.34265,44.80055,31.24221,45.12889,50.00,0654:01:50,1,08
16:45:05,0.14558,214.70,0.49585,15.52145,45.32264,31.24222,45.12889,50.00,0654:01:51,1,08
16:45:06,0.14351,214.70,0.49661,15.32579,44.7513,31.24222,45.12891,50.00,0654:01:52,1,08
16:45:08,0.14191,214.80,0.4916,15.01205,43.83519,31.24222,45.12891,50.00,0654:01:53,1,08
16:45:09,0.14467,214.80,0.49686,15.4641,45.15517,31.24223,45.12891,50.00,0654:01:54,1,08
16:45:10,0.14542,214.90,0.4965,15.54,45.37681,31.24223,45.12891,50.00,0654:01:55,1,08
16:45:11,0.14519,214.90,0.49649,15.5147,45.30293,31.24224,45.12891,50.00,0654:01:56,1,08
16:45:12,0.14483,214.90,0.49767,15.5147,45.30293,31.24224,45.12893,50.00,0654:01:57,1,08
16:45:13,0.13637,215.10,0.49208,14.45543,42.20984,31.24225,45.12893,50.00,0654:01:58,1,08
16:45:14,0.14466,215.10,0.49686,15.48434,45.21428,31.24225,45.12893,50.00,0654:01:59,1,08
16:45:15,0.14516,215.10,0.49595,15.51133,45.29308,31.24226,45.12893,50.00,0654:02:00,1,08
16:45:16,0.14538,215.20,0.49462,15.49783,45.25368,31.24226,45.12894,50.00,0654:02:01,1,08
16:45:17,0.14555,215.10,0.49355,15.47928,45.1995,31.24226,45.12894,50.00,0654:02:02,1,08
16:45:18,0.14226,215.30,0.4961,15.22121,44.44593,31.24227,45.12896,50.00,0654:02:03,1,08
16:45:19,0.13125,215.40,0.49035,13.88193,40.53524,31.24227,45.12896,50.00,0654:02:04,1,08
16:45:20,0.14401,215.30,0.49658,15.42362,45.03696,31.24228,45.12896,50.00,0654:02:05,1,08
16:45:21,0.14401,215.30,0.49658,15.42362,45.03696,31.24228,45.12896,50.00,0654:02:05,1,08
16:45:22,0.14332,215.30,0.49514,15.30049,44.67742,31.24228,45.12896,50.00,0654:02:06,1,08
16:45:23,0.14148,215.20,0.49248,15.01711,43.84997,31.24229,45.12896,50.00,0654:02:08,1,08
16:45:24,0.1458,215.30,0.49683,15.61759,45.60337,31.24229,45.12897,50.00,0654:02:09,1,08
16:45:25,0.14455,215.20,0.49681,15.48097,45.20442,31.2423,45.12897,50.00,0654:02:10,1,08
16:45:26,0.13195,215.20,0.49176,13.9882,40.84554,31.2423,45.12898,50.00,0654:02:11,1,08
16:45:27,0.14567,215.20,0.49565,15.56362,45.44577,31.2423,45.12898,50.00,0654:02:12,1,08
16:45:28,0.14588,215.20,0.49362,15.52145,45.32264,31.24231,45.12899,50.00,0654:02:13,1,08
16:45:29,0.14489,215.30,0.49654,15.51302,45.29801,31.24231,45.12899,50.00,0654:02:14,1,08
16:45:30,0.14528,215.20,0.49537,15.51133,45.29308,31.24232,45.12901,50.00,0654:02:15,1,08
16:45:31,0.14197,215.10,0.49465,15.13181,44.18489,31.24232,45.12901,50.00,0654:02:16,1,08
16:45:32,0.1372,215.00,0.48984,14.47567,42.26895,31.24233,45.12901,50.00,0654:02:17,1,08
16:45:33,0.14583,214.90,0.49425,15.51302,45.29801,31.24233,45.12901,50.00,0654:02:18,1,08
16:45:34,0.14583,214.80,0.4935,15.48434,45.21428,31.24234,45.12901,50.00,0654:02:19,1,08
16:45:35,0.14696,214.80,0.49461,15.63952,45.6674,31.24234,45.12902,50.00,0654:02:20,1,08
16:45:36,0.14469,214.80,0.49344,15.35783,44.84488,31.24234,45.12902,50.00,0654:02:21,1,08
16:45:37,0.13256,214.80,0.48616,13.86506,40.48598,31.24235,45.12904,50.00,0654:02:22,1,08
16:45:38,0.14477,214.80,0.49507,15.42193,45.03204,31.24235,45.12904,50.00,0654:02:23,1,08
16:45:39,0.14409,214.90,0.49744,15.43037,45.05667,31.24236,45.12904,50.00,0654:02:24,1,08
16:45:40,0.14438,214.90,0.49837,15.4894,45.22905,31.24236,45.12904,50.00,0654:02:25,1,08
16:45:41,0.14541,214.80,0.49623,15.52482,45.33249,31.24236,45.12906,50.00,0654:02:26,1,08
16:45:42,0.14466,214.80,0.49691,15.46747,45.16503,31.24236,45.12906,50.00,0654:02:28,1,08
16:45:43,0.14428,214.80,0.49804,15.4641,45.15517,31.24238,45.12906,50.00,0654:02:29,1,08
16:45:44,0.14441,214.80,0.49799,15.47253,45.1798,31.24238,45.12906,50.00,0654:02:30,1,08
16:45:45,0.14365,214.90,0.49956,15.44723,45.10592,31.24238,45.12906,50.00,0654:02:31,1,08
16:45:46,0.14419,215.10,0.49604,15.40675,44.98772,31.24239,45.12907,50.00,0654:02:32,1,08
16:45:47,0.14419,215.10,0.49604,15.40675,44.98772,31.24239,45.12907,50.00,0654:02:32,1,08
16:45:48,0.14452,215.10,0.4974,15.48603,45.2192,31.24239,45.12907,50.00,0654:02:33,1,08
16:45:49,0.14357,215.20,0.49973,15.46241,45.15025,31.2424,45.12909,50.00,0654:02:34,1,08
16:45:50,0.13815,215.20,0.49586,14.76241,43.10625,31.2424,45.12909,50.00,0654:02:35,1,08
16:45:51,0.14377,215.10,0.49766,15.41687,45.01727,31.2424,45.12909,50.00,0654:02:36,1,08
16:45:52,0.14467,215.20,0.49275,15.36627,44.86951,31.2424,45.12909,50.00,0654:02:37,1,08
16:45:53,0.14378,215.20,0.49717,15.41012,44.99756,31.24242,45.1291,50.00,0654:02:38,1,08
16:45:54,0.14414,215.40,0.49718,15.45904,45.1404,31.24242,45.1291,50.00,0654:02:39,1,08
16:45:55,0.14419,215.30,0.49957,15.53663,45.36696,31.24242,45.1291,50.00,0654:02:40,1,08
16:45:56,0.14657,215.30,0.49349,15.59904,45.5492,31.24243,45.12912,50.00,0654:02:41,1,08
16:45:57,0.1448,215.30,0.49595,15.48771,45.22413,31.24243,45.12912,50.00,0654:02:42,1,08
16:45:58,0.14469,215.50,0.49638,15.50458,45.27338,31.24244,45.12912,50.00,0654:02:43,1,08
16:45:59,0.14453,215.30,0.49854,15.54,45.37681,31.24244,45.12912,50.00,0654:02:44,1,08
16:46:00,0.14397,215.20,0.49815,15.46072,45.14532,31.24244,45.12914,50.00,0654:02:45,1,08
16:46:01,0.14525,215.10,0.49337,15.44386,45.09607,31.24244,45.12914,50.00,0654:02:46,1,08
16:46:02,0.14335,215.00,0.49787,15.37133,44.88428,31.24246,45.12914,50.00,0654:02:47,1,08
16:46:03,0.14445,215.10,0.49827,15.50458,45.27338,31.24246,45.12914,50.00,0654:02:49,1,08
16:46:04,0.14436,215.20,0.49761,15.48097,45.20442,31.24247,45.12915,50.00,0654:02:50,1,08
16:46:05,0.14518,215.20,0.49698,15.55181,45.41129,31.24247,45.12915,50.00,0654:02:51,1,08
16:46:06,0.14479,215.20,0.49335,15.39663,44.95816,31.24247,45.12917,50.00,0654:02:52,1,08
16:46:07,0.13115,215.10,0.49254,13.91904,40.6436,31.24248,45.12917,50.00,0654:02:53,1,08
16:46:08,0.14425,215.30,0.49734,15.47085,45.17487,31.24248,45.12917,50.00,0654:02:54,1,08
16:46:09,0.14408,215.20,0.4987,15.48771,45.22413,31.24249,45.12917,50.00,0654:02:55,1,08
16:46:10,0.14032,215.20,0.49548,14.98338,43.75146,31.24249,45.12917,50.00,0654:02:56,1,08
16:46:11,0.13237,215.00,0.48911,13.94265,40.71255,31.2425,45.12918,50.00,0654:02:57,1,08
16:46:12,0.13237,215.00,0.48911,13.94265,40.71255,31.2425,45.12918,50.00,0654:02:57,1,08
16:46:13,0.14427,214.90,0.49745,15.44386,45.09607,31.2425,45.12918,50.00,0654:02:58,1,08
16:46:14,0.1443,214.80,0.4956,15.38482,44.92368,31.2425,45.1292,50.00,0654:02:59,1,08
16:46:15,0.1455,214.80,0.4945,15.47928,45.1995,31.24251,45.1292,50.00,0654:03:00,1,08
16:46:16,0.14291,214.80,0.49254,15.14193,44.21444,31.24251,45.1292,50.00,0654:03:01,1,08
16:46:17,0.13851,214.90,0.4927,14.68988,42.89446,31.24252,45.1292,50.00,0654:03:02,1,08
16:46:18,0.14547,214.90,0.49515,15.50627,45.27831,31.24252,45.1292,50.00,0654:03:03,1,08
16:46:19,0.14538,215.00,0.49526,15.50121,45.26353,31.24253,45.12922,50.00,0654:03:04,1,08
16:46:20,0.14594,214.90,0.49313,15.49277,45.2389,31.24253,45.12922,50.00,0654:03:05,1,08
16:46:21,0.14578,214.90,0.49468,15.52314,45.32756,31.24254,45.12922,50.00,0654:03:06,1,08
16:46:22,0.14511,215.00,0.49563,15.48771,45.22413,31.24254,45.12922,50.00,0654:03:07,1,08
16:46:23,0.14489,215.20,0.49692,15.51808,45.31278,31.24255,45.12923,50.00,0654:03:09,1,08
16:46:24,0.14493,215.10,0.49579,15.48097,45.20442,31.24255,45.12923,50.00,0654:03:10,1,08
16:46:25,0.14527,215.00,0.49423,15.46241,45.15025,31.24255,45.12925,50.00,0654:03:11,1,08
16:46:26,0.14684,215.10,0.49648,15.7053,45.85949,31.24256,45.12925,50.00,0654:03:12,1,08
16:46:27,0.14494,215.20,0.49681,15.52145,45.32264,31.24256,45.12925,50.00,0654:03:13,1,08
16:46:28,0.14439,215.50,0.4961,15.45904,45.1404,31.24257,45.12925,50.00,0654:03:14,1,08
16:46:29,0.13292,215.60,0.49177,14.11639,41.21985,31.24257,45.12925,50.00,0654:03:15,1,08
16:46:30,0.14541,215.60,0.49393,15.51302,45.29801,31.24258,45.12926,50.00,0654:03:16,1,08
16:46:31,0.14312,215.60,0.49602,15.33253,44.771,31.24258,45.12926,50.00,0654:03:17,1,08
16:46:32,0.13665,215.60,0.49726,14.67639,42.85506,31.24259,45.12927,50.00,0654:03:18,1,08
16:46:33,0.14348,215.50,0.49673,15.38651,44.92861,31.24259,45.12927,50.00,0654:03:19,1,08
16:46:34,0.14455,215.50,0.4967,15.49783,45.25368,31.24259,45.12928,50.00,0654:03:20,1,08
16:46:35,0.1451,215.40,0.49386,15.4641,45.15517,31.2426,45.12928,50.00,0654:03:21,1,08
16:46:36,0.14351,215.30,0.49629,15.35952,44.8498,31.2426,45.1293,50.00,0654:03:22,1,08
16:46:37,0.14351,215.30,0.49629,15.35952,44.8498,31.2426,45.1293,50.00,0654:03:22,1,08
16:46:38,0.14348,215.20,0.4964,15.3494,44.82026,31.24261,45.1293,50.00,0654:03:23,1,08
16:46:39,0.14481,215.20,0.49719,15.52145,45.32264,31.24261,45.1293,50.00,0654:03:24,1,08
16:46:40,0.14474,215.40,0.49422,15.42868,45.05174,31.24262,45.1293,50.00,0654:03:25,1,08
16:46:41,0.14494,215.40,0.49563,15.49783,45.25368,31.24262,45.1293,50.00,0654:03:26,1,08
16:46:42,0.1443,215.40,0.49615,15.44892,45.11084,31.24263,45.12931,50.00,0654:03:27,1,08
16:46:43,0.1443,215.50,0.49637,15.46072,45.14532,31.24263,45.12931,50.00,0654:03:29,1,08
16:46:44,0.14457,215.40,0.49611,15.47253,45.1798,31.24263,45.12933,50.00,0654:03:30,1,08
16:46:45,0.14552,215.20,0.49279,15.45904,45.1404,31.24264,45.12933,50.00,0654:03:31,1,08
16:46:46,0.14496,215.30,0.4945,15.45567,45.13055,31.24264,45.12933,50.00,0654:03:32,1,08
16:46:47,0.1443,215.30,0.49604,15.4388,45.08129,31.24265,45.12933,50.00,0654:03:33,1,08
16:46:48,0.14444,215.30,0.49626,15.46072,45.14532,31.24265,45.12934,50.00,0654:03:34,1,08
16:46:49,0.14439,215.50,0.49616,15.46072,45.14532,31.24266,45.12934,50.00,0654:03:35,1,08
16:46:50,0.14536,215.50,0.49167,15.42531,45.04189,31.24266,45.12935,50.00,0654:03:36,1,08
16:46:51,0.14538,215.40,0.49317,15.46916,45.16995,31.24267,45.12935,50.00,0654:03:37,1,08
16:46:52,0.1445,215.30,0.49345,15.37976,44.90891,31.24267,45.12935,50.00,0654:03:38,1,08
16:46:53,0.13445,215.40,0.49151,14.25808,41.63358,31.24267,45.12936,50.00,0654:03:39,1,08
16:46:54,0.14643,215.60,0.4968,15.70699,45.86442,31.24268,45.12936,50.00,0654:03:40,1,08
16:46:55,0.14637,215.70,0.49115,15.53326,45.35711,31.24268,45.12938,50.00,0654:03:41,1,08
16:46:56,0.14483,215.80,0.49607,15.52988,45.34726,31.24269,45.12938,50.00,0654:03:42,1,08
16:46:57,0.14471,215.80,0.49601,15.51133,45.29308,31.24269,45.12938,50.00,0654:03:43,1,08
16:46:58,0.14439,215.60,0.49703,15.49952,45.25861,31.24269,45.12938,50.00,0654:03:44,1,08
16:46:59,0.1462,215.60,0.49193,15.5282,45.34233,31.24269,45.12939,50.00,0654:03:45,1,08
16:47:00,0.145,215.60,0.49515,15.50796,45.28323,31.24271,45.12939,50.00,0654:03:46,1,08
16:47:01,0.14467,215.70,0.49493,15.46747,45.16503,31.24271,45.12941,50.00,0654:03:47,1,08
16:47:02,0.14518,215.70,0.49349,15.47759,45.19457,31.24272,45.12941,50.00,0654:03:48,1,08
16:47:03,0.14536,215.80,0.49468,15.54169,45.38174,31.24272,45.12941,50.00,0654:03:49,1,08
16:47:04,0.14536,215.80,0.49468,15.54169,45.38174,31.24272,45.12941,50.00,0654:03:49,1,08
16:47:05,0.14645,216.00,0.48994,15.52482,45.33249,31.24272,45.12941,50.00,0654:03:51,1,08
16:47:07,0.14474,216.30,0.4922,15.43543,45.07145,31.24273,45.12941,50.00,0654:03:52,1,08
16:47:08,0.14409,216.30,0.49552,15.47253,45.1798,31.24273,45.12943,50.00,0654:03:53,1,08
16:47:09,0.14326,216.40,0.49652,15.42193,45.03204,31.24273,45.12943,50.00,0654:03:54,1,08
16:47:10,0.13412,216.40,0.48991,14.24458,41.59418,31.24273,45.12943,50.00,0654:03:55,1,08
16:47:11,0.14455,216.40,0.49365,15.4641,45.15517,31.24275,45.12943,50.00,0654:03:56,1,08
16:47:12,0.14351,216.40,0.49788,15.48434,45.21428,31.24275,45.12944,50.00,0654:03:57,1,08
16:47:13,0.14493,216.30,0.49334,15.48603,45.2192,31.24276,45.12944,50.00,0654:03:58,1,08
16:47:14,0.14606,216.20,0.49605,15.69181,45.82009,31.24276,45.12946,50.00,0654:03:59,1,08
16:47:15,0.14136,216.00,0.493,15.08121,44.03713,31.24276,45.12946,50.00,0654:04:00,1,08
16:47:16,0.13148,216.10,0.48542,13.81446,40.33823,31.24277,45.12946,50.00,0654:04:01,1,08
16:47:17,0.14508,216.30,0.49227,15.47253,45.1798,31.24277,45.12946,50.00,0654:04:02,1,08
16:47:18,0.14474,216.40,0.49392,15.49277,45.2389,31.24277,45.12946,50.00,0654:04:03,1,08
16:47:19,0.14356,216.50,0.49626,15.44892,45.11084,31.24277,45.12947,50.00,0654:04:04,1,08
16:47:20,0.14369,216.60,0.49264,15.35446,44.83503,31.24279,45.12947,50.00,0654:04:05,1,08
16:47:21,0.13039,216.60,0.4907,13.88024,40.53032,31.24279,45.12949,50.00,0654:04:06,1,08
16:47:22,0.14346,216.70,0.49664,15.4641,45.15517,31.2428,45.12949,50.00,0654:04:07,1,08
16:47:23,0.14312,216.70,0.49772,15.45735,45.13547,31.2428,45.12949,50.00,0654:04:08,1,08
16:47:24,0.14399,216.60,0.49568,15.48265,45.20935,31.2428,45.12949,50.00,0654:04:09,1,08
16:47:25,0.14457,216.50,0.49446,15.49952,45.25861,31.24281,45.12951,50.00,0654:04:11,1,08
16:47:26,0.14361,216.40,0.49724,15.47591,45.18965,31.24281,45.12951,50.00,0654:04:12,1,08
16:47:27,0.13138,216.40,0.49177,14.00675,40.89971,31.24282,45.12951,50.00,0654:04:13,1,08
16:47:28,0.14419,216.40,0.49822,15.57036,45.46547,31.24282,45.12951,50.00,0654:04:14,1,08
16:47:29,0.14588,216.30,0.4952,15.65133,45.70188,31.24283,45.12951,50.00,0654:04:15,1,08
16:47:30,0.1452,216.30,0.49233,15.4894,45.22905,31.24283,45.12952,50.00,0654:04:16,1,08
16:47:31,0.1452,216.30,0.49233,15.4894,45.22905,31.24283,45.12952,50.00,0654:04:16,1,08
16:47:32,0.14467,216.30,0.49602,15.54338,45.38666,31.24284,45.12952,50.00,0654:04:17,1,08
16:47:33,0.14439,216.20,0.49714,15.54675,45.39651,31.24284,45.12954,50.00,0654:04:18,1,08
16:47:34,0.14427,216.30,0.49768,15.55181,45.41129,31.24284,45.12954,50.00,0654:04:19,1,08
16:47:35,0.14508,216.10,0.49388,15.51133,45.29308,31.24285,45.12954,50.00,0654:04:20,1,08
16:47:36,0.14477,216.00,0.49375,15.46747,45.16503,31.24285,45.12954,50.00,0654:04:21,1,08
16:47:37,0.1387,215.90,0.49545,14.86193,43.39684,31.24286,45.12955,50.00,0654:04:22,1,08
16:47:38,0.1433,215.80,0.49494,15.33253,44.771,31.24286,45.12955,50.00,0654:04:23,1,08
16:47:39,0.14431,215.80,0.49562,15.46241,45.15025,31.24287,45.12957,50.00,0654:04:24,1,08
16:47:40,0.13695,216.00,0.48975,14.50771,42.36253,31.24287,45.12957,50.00,0654:04:25,1,08
16:47:41,0.14237,215.70,0.49803,15.31904,44.7316,31.24288,45.12957,50.00,0654:04:26,1,08
16:47:42,0.13672,215.60,0.49811,14.70506,42.93879,31.24288,45.12957,50.00,0654:04:27,1,08
16:47:43,0.14207,215.60,0.49874,15.30386,44.68727,31.24288,45.12957,50.00,0654:04:28,1,08
16:47:44,0.14519,215.70,0.495,15.5282,45.34233,31.24289,45.12959,50.00,0654:04:29,1,08
16:47:45,0.14186,215.80,0.49444,15.16386,44.27847,31.24289,45.12959,50.00,0654:04:30,1,08
16:47:46,0.14283,215.70,0.49645,15.32241,44.74145,31.2429,45.12959,50.00,0654:04:32,1,08
16:47:47,0.14445,215.70,0.49514,15.45229,45.1207,31.2429,45.12959,50.00,0654:04:33,1,08
16:47:48,0.14397,215.70,0.49479,15.39157,44.94339,31.24291,45.1296,50.00,0654:04:34,1,08
16:47:49,0.14589,215.70,0.49293,15.53494,45.36204,31.24291,45.1296,50.00,0654:04:35,1,08
16:47:50,0.14481,215.70,0.49509,15.49109,45.23398,31.24292,45.1296,50.00,0654:04:36,1,08
16:47:51,0.14522,215.80,0.49624,15.57711,45.48517,31.24292,45.12962,50.00,0654:04:37,1,08
16:47:52,0.14508,215.90,0.49516,15.53494,45.36204,31.24292,45.12962,50.00,0654:04:38,1,08
16:47:53,0.1446,216.00,0.49563,15.50458,45.27338,31.24293,45.12962,50.00,0654:04:39,1,08
16:47:54,0.14639,216.00,0.49116,15.55856,45.43099,31.24293,45.12962,50.00,0654:04:40,1,08
16:47:55,0.14566,216.10,0.49369,15.56699,45.45562,31.24294,45.12963,50.00,0654:04:41,1,08
16:47:56,0.14566,216.10,0.49369,15.56699,45.45562,31.24294,45.12963,50.00,0654:04:41,1,08
16:47:57,0.14384,216.20,0.49253,15.34097,44.79562,31.24294,45.12963,50.00,0654:04:42,1,08
16:47:58,0.14127,216.20,0.49399,15.11157,44.12578,31.24295,45.12964,50.00,0654:04:43,1,08
16:47:59,0.14524,216.20,0.49373,15.52988,45.34726,31.24295,45.12964,50.00,0654:04:44,1,08
16:48:00,0.14541,216.20,0.4917,15.48434,45.21428,31.24296,45.12965,50.00,0654:04:45,1,08
16:48:01,0.14422,216.20,0.49514,15.4641,45.15517,31.24296,45.12965,50.00,0654:04:46,1,08
16:48:02,0.14423,216.00,0.49497,15.44723,45.10592,31.24297,45.12967,50.00,0654:04:47,1,08
16:48:03,0.14439,216.10,0.4959,15.49783,45.25368,31.24297,45.12967,50.00,0654:04:48,1,08
16:48:04,0.1455,216.10,0.49068,15.45567,45.13055,31.24297,45.12967,50.00,0654:04:49,1,08
16:48:05,0.14411,216.30,0.49319,15.39832,44.96309,31.24298,45.12967,50.00,0654:04:50,1,08
16:48:06,0.14395,216.30,0.49059,15.30217,44.68234,31.24298,45.12967,50.00,0654:04:51,1,08
16:48:07,0.13974,216.30,0.49393,14.9547,43.66773,31.24298,45.12968,50.00,0654:04:53,1,08
16:48:08,0.14439,216.30,0.49455,15.47085,45.17487,31.24298,45.12968,50.00,0654:04:54,1,08
16:48:09,0.1414,216.30,0.48954,14.9935,43.78101,31.243,45.1297,50.00,0654:04:55,1,08
16:48:10,0.12888,216.30,0.48858,13.64241,39.83585,31.243,45.1297,50.00,0654:04:56,1,08
16:48:11,0.14435,216.30,0.49547,15.49615,45.24875,31.243,45.1297,50.00,0654:04:57,1,08
16:48:12,0.14513,216.30,0.49281,15.49783,45.25368,31.24301,45.1297,50.00,0654:04:58,1,08
16:48:13,0.14525,216.30,0.49148,15.46747,45.16503,31.24301,45.12971,50.00,0654:04:59,1,08
16:48:14,0.14494,216.30,0.49232,15.46241,45.15025,31.24302,45.12971,50.00,0654:05:00,1,08
16:48:15,0.14442,216.40,0.49445,15.47759,45.19457,31.24302,45.12971,50.00,0654:05:01,1,08
16:48:16,0.14574,216.40,0.49103,15.5147,45.30293,31.24302,45.12972,50.00,0654:05:02,1,08
16:48:17,0.14569,216.40,0.49028,15.48265,45.20935,31.24302,45.12972,50.00,0654:05:03,1,08
16:48:18,0.1451,216.30,0.4919,15.45904,45.1404,31.24304,45.12973,50.00,0654:05:04,1,08
16:48:19,0.13094,216.20,0.48566,13.77229,40.2151,31.24304,45.12973,50.00,0654:05:05,1,08
16:48:20,0.14419,216.20,0.49525,15.46579,45.1601,31.24304,45.12975,50.00,0654:05:06,1,08
16:48:21,0.1443,216.20,0.49541,15.47759,45.19457,31.24305,45.12975,50.00,0654:05:07,1,08
16:48:22,0.14422,216.20,0.49638,15.50121,45.26353,31.24305,45.12975,50.00,0654:05:08,1,08
16:48:23,0.14474,216.30,0.49532,15.52988,45.34726,31.24306,45.12975,50.00,0654:05:09,1,08
16:48:24,0.13334,216.30,0.49223,14.22097,41.52523,31.24306,45.12976,50.00,0654:05:10,1,08
16:48:25,0.13334,216.30,0.49223,14.22097,41.52523,31.24306,45.12976,50.00,0654:05:10,1,08
16:48:26,0.14373,216.20,0.49707,15.47253,45.1798,31.24306,45.12976,50.00,0654:05:11,1,08
16:48:27,0.14101,216.20,0.49658,15.16386,44.27847,31.24306,45.12976,50.00,0654:05:12,1,08
16:48:28,0.14417,216.10,0.49551,15.4641,45.15517,31.24308,45.12978,50.00,0654:05:14,1,08
16:48:29,0.14503,216.10,0.49468,15.52988,45.34726,31.24308,45.12978,50.00,0654:05:15,1,08
16:48:30,0.14326,216.10,0.49657,15.39663,44.95816,31.24308,45.12978,50.00,0654:05:16,1,08
16:48:31,0.1335,216.10,0.49136,14.20073,41.46612,31.24309,45.12978,50.00,0654:05:17,1,08
16:48:32,0.14589,216.20,0.4992,15.77109,46.05157,31.24309,45.1298,50.00,0654:05:18,1,08
16:48:33,0.14458,216.30,0.49531,15.51133,45.29308,31.2431,45.1298,50.00,0654:05:19,1,08
16:48:34,0.14441,216.30,0.4952,15.49446,45.24382,31.2431,45.1298,50.00,0654:05:20,1,08
16:48:35,0.14395,216.40,0.49741,15.51976,45.31771,31.2431,45.1298,50.00,0654:05:21,1,08
16:48:36,0.14106,216.50,0.49504,15.14025,44.20952,31.2431,45.12981,50.00,0654:05:22,1,08
16:48:37,0.13037,216.50,0.4892,13.83302,40.39241,31.24312,45.12981,50.00,0654:05:23,1,08
16:48:38,0.14445,216.50,0.49424,15.47928,45.1995,31.24312,45.12981,50.00,0654:05:24,1,08
16:48:39,0.14377,216.70,0.49503,15.44555,45.10099,31.24312,45.12983,50.00,0654:05:25,1,08
16:48:40,0.14299,216.60,0.49804,15.45229,45.1207,31.24313,45.12983,50.00,0654:05:26,1,08
16:48:41,0.14348,216.60,0.49794,15.49783,45.25368,31.24313,45.12983,50.00,0654:05:27,1,08
16:48:42,0.14438,216.50,0.49278,15.42868,45.05174,31.24314,45.12983,50.00,0654:05:28,1,08
16:48:43,0.13358,216.50,0.48643,14.09277,41.1509,31.24314,45.12984,50.00,0654:05:29,1,08
16:48:44,0.14326,216.40,0.49631,15.4135,45.00742,31.24314,45.12984,50.00,0654:05:30,1,08
16:48:45,0.14313,216.40,0.49821,15.45735,45.13547,31.24314,45.12986,50.00,0654:05:31,1,08
16:48:46,0.14377,216.40,0.49724,15.49109,45.23398,31.24316,45.12986,50.00,0654:05:32,1,08
16:48:47,0.14461,216.40,0.4936,15.46916,45.16995,31.24316,45.12986,50.00,0654:05:33,1,08
16:48:48,0.13987,216.40,0.497,15.06603,43.9928,31.24316,45.12986,50.00,0654:05:35,1,08
16:48:49,0.14342,216.40,0.49788,15.47591,45.18965,31.24317,45.12986,50.00,0654:05:36,1,08
16:48:50,0.14329,216.50,0.49848,15.48603,45.2192,31.24317,45.12988,50.00,0654:05:37,1,08
16:48:51,0.14329,216.50,0.49848,15.48603,45.2192,31.24317,45.12988,50.00,0654:05:37,1,08
16:48:52,0.14283,216.40,0.4988,15.4388,45.08129,31.24318,45.12988,50.00,0654:05:38,1,08
16:48:53,0.14464,216.30,0.49542,15.52314,45.32756,31.24318,45.12988,50.00,0654:05:39,1,08
16:48:54,0.14383,216.30,0.49913,15.55519,45.42114,31.24319,45.12988,50.00,0654:05:40,1,08
16:48:55,0.14357,216.50,0.50005,15.5653,45.45069,31.24319,45.12989,50.00,0654:05:41,1,08
16:48:56,0.14348,216.40,0.50005,15.55519,45.42114,31.2432,45.12989,50.00,0654:05:42,1,08
16:48:57,0.14361,216.40,0.49865,15.52314,45.32756,31.2432,45.12991,50.00,0654:05:43,1,08
16:48:59,0.1446,216.30,0.49451,15.48771,45.22413,31.24321,45.12991,50.00,0654:05:44,1,08
16:49:00,0.14342,216.30,0.49924,15.50964,45.28815,31.24321,45.12991,50.00,0654:05:45,1,08
16:49:01,0.14348,216.40,0.49783,15.48265,45.20935,31.24321,45.12991,50.00,0654:05:46,1,08
16:49:02,0.14245,216.50,0.49754,15.37302,44.88921,31.24322,45.12991,50.00,0654:05:47,1,08
16:49:03,0.13917,216.60,0.49978,15.08627,44.05191,31.24322,45.12992,50.00,0654:05:48,1,08
16:49:04,0.14527,216.50,0.49481,15.58892,45.51965,31.24323,45.12992,50.00,0654:05:49,1,08
16:49:05,0.14401,216.40,0.49935,15.59061,45.52457,31.24323,45.12993,50.00,0654:05:50,1,08
16:49:06,0.14384,216.70,0.49789,15.54338,45.38666,31.24324,45.12993,50.00,0654:05:51,1,08
16:49:07,0.14378,216.70,0.49757,15.53157,45.35218,31.24324,45.12994,50.00,0654:05:52,1,08
16:49:08,0.14452,216.90,0.49431,15.52145,45.32264,31.24325,45.12994,50.00,0654:05:53,1,08
16:49:09,0.1428,217.00,0.49984,15.51302,45.29801,31.24325,45.12996,50.00,0654:05:54,1,08
16:49:10,0.1432,217.00,0.49984,15.55687,45.42607,31.24325,45.12996,50.00,0654:05:56,1,08
16:49:11,0.14239,216.90,0.50071,15.49109,45.23398,31.24326,45.12996,50.00,0654:05:57,1,08
16:49:12,0.14286,216.80,0.4987,15.47253,45.1798,31.24326,45.12996,50.00,0654:05:58,1,08
16:49:13,0.14449,216.80,0.49484,15.5282,45.34233,31.24327,45.12996,50.00,0654:05:59,1,08
16:49:14,0.14275,216.90,0.49891,15.47085,45.17487,31.24327,45.12997,50.00,0654:06:00,1,08
16:49:15,0.1431,216.90,0.49767,15.47253,45.1798,31.24328,45.12997,50.00,0654:06:01,1,08
16:49:16,0.14048,216.90,0.49563,15.12338,44.16026,31.24328,45.12999,50.00,0654:06:02,1,08
16:49:17,0.13011,216.90,0.4889,13.81784,40.34808,31.24329,45.12999,50.00,0654:06:03,1,08
16:49:18,0.14392,216.90,0.49428,15.45567,45.13055,31.24329,45.12999,50.00,0654:06:04,1,08
16:49:19,0.14392,216.90,0.49428,15.45567,45.13055,31.24329,45.12999,50.00,0654:06:04,1,08
16:49:20,0.14283,217.00,0.49842,15.47253,45.1798,31.24329,45.12999,50.00,0654:06:05,1,08
16:49:21,0.14332,217.00,0.49643,15.46747,45.16503,31.2433,45.13,50.00,0654:06:06,1,08
16:49:22,0.14354,217.00,0.49557,15.45904,45.1404,31.2433,45.13,50.00,0654:06:07,1,08
16:49:23,0.14272,216.90,0.4957,15.36796,44.87443,31.24331,45.13,50.00,0654:06:08,1,08
16:49:24,0.131,216.70,0.49241,14,40.88001,31.24331,45.13001,50.00,0654:06:09,1,08
16:49:25,0.14288,216.70,0.49967,15.49952,45.25861,31.24331,45.13001,50.00,0654:06:10,1,08
16:49:26,0.14178,216.70,0.49792,15.32579,44.7513,31.24331,45.13002,50.00,0654:06:11,1,08
16:49:27,0.1363,216.70,0.49766,14.72024,42.98311,31.24333,45.13002,50.00,0654:06:12,1,08
16:49:28,0.14383,216.70,0.4967,15.50627,45.27831,31.24333,45.13004,50.00,0654:06:13,1,08
16:49:29,0.13134,216.70,0.4913,14.00338,40.88987,31.24333,45.13004,50.00,0654:06:14,1,08
16:49:30,0.14343,216.60,0.49751,15.48265,45.20935,31.24334,45.13004,50.00,0654:06:16,1,08
16:49:31,0.14328,216.80,0.49734,15.47085,45.17487,31.24334,45.13004,50.00,0654:06:17,1,08
16:49:32,0.14354,216.70,0.49562,15.44386,45.09607,31.24335,45.13004,50.00,0654:06:18,1,08
16:49:33,0.14445,216.70,0.49424,15.49277,45.2389,31.24335,45.13005,50.00,0654:06:19,1,08
16:49:34,0.14442,216.70,0.49656,15.56193,45.44084,31.24335,45.13005,50.00,0654:06:20,1,08
16:49:35,0.14598,216.60,0.50005,15.84024,46.25351,31.24335,45.13007,50.00,0654:06:21,1,08
16:49:36,0.14408,216.60,0.49617,15.51133,45.29308,31.24337,45.13007,50.00,0654:06:22,1,08
16:49:37,0.1446,216.60,0.49511,15.52988,45.34726,31.24337,45.13007,50.00,0654:06:23,1,08
16:49:38,0.14477,216.60,0.49312,15.48434,45.21428,31.24337,45.13007,50.00,0654:06:24,1,08
16:49:39,0.14452,216.60,0.49575,15.54169,45.38174,31.24338,45.13008,50.00,0654:06:25,1,08
16:49:40,0.14392,216.70,0.49638,15.50796,45.28323,31.24338,45.13008,50.00,0654:06:26,1,08
16:49:41,0.13475,216.80,0.49337,14.43856,42.16059,31.24339,45.13009,50.00,0654:06:27,1,08
16:49:42,0.14474,216.50,0.49452,15.52145,45.32264,31.24339,45.13009,50.00,0654:06:28,1,08
16:49:43,0.1445,216.60,0.49505,15.51976,45.31771,31.24339,45.13009,50.00,0654:06:29,1,08
16:49:44,0.14435,216.70,0.49833,15.61085,45.58368,31.24339,45.1301,50.00,0654:06:30,1,08
16:49:45,0.14435,216.70,0.49833,15.61085,45.58368,31.24339,45.1301,50.00,0654:06:30,1,08
16:49:46,0.14413,216.70,0.49666,15.53326,45.35711,31.24341,45.1301,50.00,0654:06:31,1,08
16:49:47,0.14408,216.60,0.49401,15.44555,45.10099,31.24341,45.13012,50.00,0654:06:32,1,08
16:49:48,0.14525,216.60,0.49235,15.51808,45.31278,31.24342,45.13012,50.00,0654:06:33,1,08
16:49:49,0.14453,216.50,0.49456,15.49952,45.25861,31.24342,45.13012,50.00,0654:06:34,1,08
16:49:50,0.14383,216.50,0.49665,15.4894,45.22905,31.24342,45.13012,50.00,0654:06:35,1,08
16:49:51,0.14372,216.50,0.49675,15.48097,45.20442,31.24343,45.13013,50.00,0654:06:36,1,08
16:49:52,0.14436,216.50,0.49321,15.44049,45.08622,31.24343,45.13013,50.00,0654:06:38,1,08
16:49:53,0.14059,216.60,0.49231,15.01543,43.84504,31.24343,45.13015,50.00,0654:06:39,1,08
16:49:54,0.14486,216.60,0.49528,15.56699,45.45562,31.24343,45.13015,50.00,0654:06:40,1,08
16:49:55,0.14449,216.70,0.49543,15.53494,45.36204,31.24345,45.13015,50.00,0654:06:41,1,08
16:49:56,0.1445,216.60,0.49564,15.54,45.37681,31.24345,45.13015,50.00,0654:06:42,1,08
16:49:57,0.14503,216.50,0.49308,15.50627,45.27831,31.24346,45.13015,50.00,0654:06:43,1,08
16:49:58,0.14397,216.50,0.49519,15.45567,45.13055,31.24346,45.13017,50.00,0654:06:44,1,08
16:49:59,0.14211,216.40,0.49507,15.25157,44.53458,31.24346,45.13017,50.00,0654:06:45,1,08
16:50:00,0.14408,216.40,0.49681,15.51639,45.30786,31.24347,45.13017,50.00,0654:06:46,1,08
16:50:01,0.14403,216.40,0.49681,15.51302,45.29801,31.24347,45.13017,50.00,0654:06:47,1,08
16:50:02,0.14502,216.30,0.49238,15.47253,45.1798,31.24347,45.13018,50.00,0654:06:48,1,08
16:50:03,0.14411,216.20,0.49665,15.49783,45.25368,31.24347,45.13018,50.00,0654:06:49,1,08
16:50:04,0.14345,216.20,0.49946,15.51639,45.30786,31.24349,45.1302,50.00,0654:06:50,1,08
16:50:05,0.14356,216.20,0.49799,15.47928,45.1995,31.24349,45.1302,50.00,0654:06:51,1,08
16:50:06,0.14379,216.10,0.4974,15.48265,45.20935,31.2435,45.1302,50.00,0654:06:52,1,08
16:50:07,0.14549,216.30,0.49181,15.49952,45.25861,31.2435,45.1302,50.00,0654:06:53,1,08
16:50:08,0.14408,216.20,0.49519,15.45061,45.11578,31.24351,45.1302,50.00,0654:06:54,1,08
16:50:09,0.14403,216.20,0.49611,15.47591,45.18965,31.24351,45.13021,50.00,0654:06:55,1,08
16:50:10,0.14493,216.30,0.49688,15.59904,45.5492,31.24351,45.13021,50.00,0654:06:56,1,08
16:50:11,0.14427,216.30,0.49514,15.47422,45.18472,31.24352,45.13022,50.00,0654:06:57,1,08
16:50:12,0.14427,216.30,0.49514,15.47422,45.18472,31.24352,45.13022,50.00,0654:06:57,1,08
16:50:13,0.13825,216.50,0.49314,14.78603,43.1752,31.24352,45.13022,50.00,0654:06:59,1,08
16:50:14,0.13594,216.70,0.49291,14.54482,42.47088,31.24353,45.13023,50.00,0654:07:00,1,08
16:50:15,0.13067,216.90,0.48752,13.83976,40.41211,31.24353,45.13023,50.00,0654:07:01,1,08
16:50:16,0.14559,216.80,0.49205,15.56024,45.43592,31.24354,45.13025,50.00,0654:07:02,1,08
16:50:17,0.1462,216.90,0.4897,15.5535,45.41621,31.24354,45.13025,50.00,0654:07:03,1,08
16:50:18,0.1452,216.90,0.49278,15.54844,45.40144,31.24355,45.13025,50.00,0654:07:04,1,08
16:50:19,0.14466,216.80,0.4935,15.50458,45.27338,31.24355,45.13025,50.00,0654:07:05,1,08
16:50:20,0.1445,216.60,0.49338,15.46579,45.1601,31.24355,45.13025,50.00,0654:07:06,1,08
16:50:21,0.14539,216.60,0.49176,15.51133,45.29308,31.24356,45.13026,50.00,0654:07:07,1,08
16:50:22,0.14578,216.50,0.48949,15.47759,45.19457,31.24356,45.13026,50.00,0654:07:08,1,08
16:50:23,0.13655,216.80,0.48771,14.4588,42.21969,31.24357,45.13028,50.00,0654:07:09,1,08
16:50:24,0.14411,216.90,0.49337,15.44555,45.10099,31.24357,45.13028,50.00,0654:07:10,1,08
16:50:25,0.14466,216.60,0.49301,15.47253,45.1798,31.24358,45.13028,50.00,0654:07:11,1,08
16:50:26,0.14536,216.50,0.49246,15.52314,45.32756,31.24358,45.13028,50.00,0654:07:12,1,08
16:50:27,0.14536,216.50,0.49074,15.47085,45.17487,31.24359,45.13029,50.00,0654:07:13,1,08
16:50:28,0.14471,216.50,0.49317,15.47422,45.18472,31.24359,45.13029,50.00,0654:07:14,1,08
16:50:29,0.14489,216.40,0.49264,15.47253,45.1798,31.24359,45.1303,50.00,0654:07:15,1,08
16:50:30,0.14467,216.30,0.49333,15.46579,45.1601,31.2436,45.1303,50.00,0654:07:16,1,08
16:50:31,0.14569,216.30,0.49204,15.53326,45.35711,31.2436,45.13031,50.00,0654:07:17,1,08
16:50:32,0.14469,216.30,0.49198,15.42024,45.02711,31.24361,45.13031,50.00,0654:07:18,1,08
16:50:33,0.13277,216.20,0.48885,14.05398,41.03762,31.24361,45.13031,50.00,0654:07:20,1,08
16:50:34,0.14467,216.20,0.4951,15.50964,45.28815,31.24362,45.13033,50.00,0654:07:21,1,08
16:50:35,0.14524,216.10,0.4927,15.48771,45.22413,31.24362,45.13033,50.00,0654:07:22,1,08
16:50:36,0.1463,216.10,0.4927,15.60579,45.5689,31.24363,45.13033,50.00,0654:07:23,1,08
16:50:37,0.14654,216.10,0.49622,15.73904,45.958,31.24363,45.13033,50.00,0654:07:24,1,08
16:50:38,0.13592,216.10,0.4875,14.34073,41.87492,31.24363,45.13034,50.00,0654:07:25,1,08
16:50:39,0.13592,216.10,0.4875,14.34073,41.87492,31.24363,45.13034,50.00,0654:07:25,1,08
16:50:40,0.14535,216.10,0.49383,15.53663,45.36696,31.24364,45.13034,50.00,0654:07:26,1,08
16:50:41,0.1463,216.00,0.49126,15.55012,45.40636,31.24364,45.13036,50.00,0654:07:27,1,08
16:50:42,0.14539,215.90,0.49335,15.51302,45.29801,31.24364,45.13036,50.00,0654:07:28,1,08
16:50:43,0.14258,216.00,0.49306,15.21277,44.4213,31.24364,45.13036,50.00,0654:07:29,1,08
16:50:44,0.1445,216.10,0.49428,15.46072,45.14532,31.24366,45.13036,50.00,0654:07:30,1,08
16:50:45,0.13736,216.30,0.49025,14.58868,42.59894,31.24366,45.13036,50.00,0654:07:31,1,08
16:50:46,0.14574,216.20,0.49177,15.52145,45.32264,31.24367,45.13037,50.00,0654:07:32,1,08
16:50:47,0.14469,216.20,0.49408,15.48265,45.20935,31.24367,45.13037,50.00,0654:07:33,1,08
16:50:48,0.1423,216.20,0.49365,15.21446,44.42623,31.24367,45.13038,50.00,0654:07:34,1,08
16:50:49,0.13936,216.20,0.49217,14.85181,43.36729,31.24368,45.13038,50.00,0654:07:35,1,08
16:50:50,0.14471,216.20,0.49365,15.46916,45.16995,31.24368,45.13039,50.00,0654:07:36,1,08
16:50:51,0.14104,216.20,0.48713,14.88049,43.45102,31.24368,45.13039,50.00,0654:07:37,1,08
16:50:53,0.14471,216.20,0.4944,15.49277,45.2389,31.24368,45.13041,50.00,0654:07:38,1,08
16:50:54,0.1446,216.20,0.49488,15.49446,45.24382,31.2437,45.13041,50.00,0654:07:40,1,08
16:50:55,0.145,216.10,0.49473,15.52651,45.33741,31.2437,45.13041,50.00,0654:07:41,1,08
16:50:56,0.14425,216.00,0.49811,15.54675,45.39651,31.24371,45.13041,50.00,0654:07:42,1,08
16:50:57,0.14403,216.20,0.49697,15.49615,45.24875,31.24371,45.13042,50.00,0654:07:43,1,08
16:50:58,0.14528,216.30,0.49319,15.52482,45.33249,31.24371,45.13042,50.00,0654:07:44,1,08
16:50:59,0.14481,216.20,0.49113,15.40338,44.97786,31.24372,45.13042,50.00,0654:07:45,1,08
16:51:00,0.14428,216.30,0.49557,15.4894,45.22905,31.24372,45.13044,50.00,0654:07:46,1,08
16:51:01,0.14411,216.30,0.49238,15.3747,44.89413,31.24372,45.13044,50.00,0654:07:47,1,08
16:51:02,0.13637,216.30,0.4972,14.69157,42.89939,31.24372,45.13044,50.00,0654:07:48,1,08
16:51:03,0.1376,216.30,0.49751,14.83326,43.31311,31.24374,45.13044,50.00,0654:07:49,1,08
16:51:04,0.14395,216.50,0.49784,15.54169,45.38174,31.24374,45.13046,50.00,0654:07:50,1,08
16:51:05,0.14477,216.40,0.49301,15.46916,45.16995,31.24375,45.13046,50.00,0654:07:51,1,08
16:51:06,0.14386,216.30,0.49037,15.28699,44.63802,31.24375,45.13046,50.00,0654:07:52,1,08
16:51:07,0.14386,216.30,0.49037,15.28699,44.63802,31.24375,45.13046,50.00,0654:07:52,1,08
16:51:08,0.13042,216.40,0.49016,13.85832,40.46629,31.24375,45.13046,50.00,0654:07:53,1,08
16:51:09,0.1435,216.40,0.49604,15.42868,45.05174,31.24376,45.13046,50.00,0654:07:54,1,08
16:51:10,0.14457,216.40,0.49429,15.48603,45.2192,31.24376,45.13047,50.00,0654:07:55,1,08
16:51:11,0.14447,216.40,0.49429,15.47928,45.1995,31.24376,45.13047,50.00,0654:07:56,1,08
16:51:12,0.14474,216.50,0.49355,15.48771,45.22413,31.24376,45.13049,50.00,0654:07:57,1,08
16:51:13,0.14373,216.70,0.49681,15.49952,45.25861,31.24378,45.13049,50.00,0654:07:58,1,08
16:51:14,0.14457,216.80,0.4964,15.58555,45.5098,31.24378,45.13049,50.00,0654:07:59,1,08
16:51:15,0.14329,216.80,0.4987,15.51808,45.31278,31.24379,45.13049,50.00,0654:08:01,1,08
16:51:16,0.14394,216.90,0.49736,15.55519,45.42114,31.24379,45.1305,50.00,0654:08:02,1,08
16:51:17,0.14409,217.00,0.49564,15.51976,45.31771,31.24379,45.1305,50.00,0654:08:03,1,08
16:51:18,0.14354,217.10,0.4987,15.56362,45.44577,31.2438,45.13052,50.00,0654:08:04,1,08
16:51:19,0.14409,217.10,0.49838,15.61591,45.59845,31.2438,45.13052,50.00,0654:08:05,1,08
16:51:20,0.14323,217.10,0.49708,15.48434,45.21428,31.2438,45.13052,50.00,0654:08:06,1,08
16:51:21,0.14457,217.00,0.49436,15.53494,45.36204,31.2438,45.13052,50.00,0654:08:07,1,08
16:51:22,0.14152,217.10,0.49655,15.27856,44.61339,31.24382,45.13052,50.00,0654:08:08,1,08
16:51:23,0.14338,217.10,0.49984,15.58217,45.49994,31.24382,45.13054,50.00,0654:08:09,1,08
16:51:24,0.14318,217.10,0.49995,15.56868,45.46054,31.24383,45.13054,50.00,0654:08:10,1,08
16:51:25,0.13146,217.10,0.49109,14.03543,40.98344,31.24383,45.13054,50.00,0654:08:11,1,08
16:51:26,0.14328,217.00,0.49626,15.45567,45.13055,31.24384,45.13054,50.00,0654:08:12,1,08
16:51:27,0.1432,216.70,0.49984,15.53663,45.36696,31.24384,45.13055,50.00,0654:08:13,1,08
16:51:28,0.14308,216.70,0.49799,15.46241,45.15025,31.24384,45.13055,50.00,0654:08:14,1,08
16:51:29,0.14401,216.50,0.49919,15.58723,45.51472,31.24384,45.13057,50.00,0654:08:15,1,08
16:51:30,0.14337,216.30,0.49614,15.41012,44.99756,31.24384,45.13057,50.00,0654:08:16,1,08
16:51:31,0.13333,216.50,0.49037,14.17374,41.38732,31.24386,45.13057,50.00,0654:08:17,1,08
16:51:32,0.13333,216.50,0.49037,14.17374,41.38732,31.24386,45.13057,50.00,0654:08:17,1,08
16:51:33,0.14294,216.50,0.49967,15.49109,45.23398,31.24386,45.13057,50.00,0654:08:18,1,08
16:51:34,0.14477,216.50,0.50107,15.72892,45.92844,31.24387,45.13057,50.00,0654:08:20,1,08
16:51:35,0.14354,216.50,0.49805,15.49952,45.25861,31.24387,45.13058,50.00,0654:08:21,1,08
16:51:36,0.14445,216.30,0.49531,15.50458,45.27338,31.24388,45.13058,50.00,0654:08:22,1,08
16:51:37,0.14354,216.30,0.49523,15.39832,44.96309,31.24388,45.13059,50.00,0654:08:23,1,08
16:51:38,0.14179,216.20,0.4961,15.23302,44.4804,31.24388,45.13059,50.00,0654:08:24,1,08
16:51:39,0.14427,216.20,0.49665,15.51808,45.31278,31.24389,45.1306,50.00,0654:08:25,1,08
16:51:40,0.14558,216.30,0.49369,15.57374,45.47532,31.24389,45.1306,50.00,0654:08:26,1,08
16:51:41,0.14639,216.30,0.49915,15.8335,46.23382,31.2439,45.13062,50.00,0654:08:27,1,08
16:51:42,0.14335,216.20,0.49821,15.46747,45.16503,31.2439,45.13062,50.00,0654:08:28,1,08
16:51:43,0.13697,216.30,0.49323,14.63253,42.727,31.24391,45.13062,50.00,0654:08:29,1,08
16:51:44,0.14409,216.20,0.49681,15.50458,45.27338,31.24391,45.13062,50.00,0654:08:30,1,08
16:51:45,0.145,216.50,0.49281,15.49615,45.24875,31.24392,45.13062,50.00,0654:08:31,1,08
16:51:46,0.14435,216.50,0.49321,15.44049,45.08622,31.24392,45.13063,50.00,0654:08:32,1,08
16:51:47,0.13675,216.50,0.49232,14.5988,42.6285,31.24392,45.13063,50.00,0654:08:33,1,08
16:51:48,0.14369,216.50,0.49513,15.42868,45.05174,31.24393,45.13065,50.00,0654:08:34,1,08
16:51:49,0.1384,216.50,0.49078,14.73037,43.01267,31.24393,45.13065,50.00,0654:08:35,1,08
16:51:50,0.14188,216.50,0.4903,15.08795,44.05683,31.24394,45.13065,50.00,0654:08:36,1,08
16:51:51,0.14421,216.80,0.49424,15.47422,45.18472,31.24394,45.13065,50.00,0654:08:37,1,08
16:51:52,0.14392,216.80,0.49428,15.44555,45.10099,31.24395,45.13066,50.00,0654:08:38,1,08
16:51:53,0.14472,216.70,0.49495,15.55012,45.40636,31.24395,45.13066,50.00,0654:08:39,1,08
16:51:54,0.1471,216.60,0.49662,15.85205,46.28799,31.24396,45.13066,50.00,0654:08:41,1,08
16:51:55,0.1463,216.70,0.49102,15.58892,45.51965,31.24396,45.13067,50.00,0654:08:42,1,08
16:51:56,0.14527,216.50,0.49588,15.62265,45.61815,31.24396,45.13067,50.00,0654:08:43,1,08
16:51:57,0.14441,216.50,0.49467,15.4894,45.22905,31.24397,45.13068,50.00,0654:08:44,1,08
16:51:58,0.14539,216.30,0.49518,15.59904,45.5492,31.24397,45.13068,50.00,0654:08:45,1,08
16:51:59,0.14539,216.30,0.49518,15.59904,45.5492,31.24397,45.13068,50.00,0654:08:45,1,08
16:52:00,0.14458,216.30,0.49068,15.36964,44.87935,31.24397,45.1307,50.00,0654:08:46,1,08
16:52:01,0.13285,216.30,0.49267,14.1788,41.40209,31.24397,45.1307,50.00,0654:08:47,1,08
16:52:02,0.13891,216.10,0.49551,14.89567,43.49535,31.24399,45.1307,50.00,0654:08:48,1,08
16:52:03,0.14392,216.00,0.49794,15.50627,45.27831,31.24399,45.1307,50.00,0654:08:49,1,08
16:52:04,0.14542,216.30,0.49588,15.62097,45.61323,31.244,45.13071,50.00,0654:08:50,1,08
16:52:05,0.1451,216.40,0.49276,15.49952,45.25861,31.244,45.13071,50.00,0654:08:51,1,08
16:52:06,0.14269,216.50,0.49689,15.3747,44.89413,31.244,45.13071,50.00,0654:08:52,1,08
16:52:07,0.1298,216.50,0.48927,13.76892,40.20524,31.24401,45.13073,50.00,0654:08:53,1,08
16:52:08,0.14449,216.30,0.49747,15.57374,45.47532,31.24401,45.13073,50.00,0654:08:54,1,08
16:52:09,0.14413,216.40,0.49563,15.48265,45.20935,31.24401,45.13073,50.00,0654:08:55,1,08
16:52:10,0.14307,216.40,0.49097,15.22289,44.45085,31.24401,45.13073,50.00,0654:08:56,1,08
16:52:11,0.12888,216.40,0.48889,13.65422,39.87032,31.24403,45.13074,50.00,0654:08:57,1,08
16:52:12,0.14365,216.20,0.49707,15.4641,45.15517,31.24403,45.13074,50.00,0654:08:58,1,08
16:52:13,0.14464,216.10,0.49758,15.58049,45.49502,31.24404,45.13075,50.00,0654:08:59,1,08
16:52:14,0.14228,216.10,0.49556,15.26338,44.56906,31.24404,45.13075,50.00,0654:09:00,1,08
16:52:15,0.1451,216.20,0.49436,15.53663,45.36696,31.24404,45.13076,50.00,0654:09:01,1,08
16:52:16,0.14403,216.30,0.49708,15.51302,45.29801,31.24405,45.13076,50.00,0654:09:03,1,08
16:52:17,0.14399,216.50,0.49665,15.50458,45.27338,31.24405,45.13076,50.00,0654:09:04,1,08
16:52:18,0.14405,216.40,0.49611,15.48771,45.22413,31.24405,45.13078,50.00,0654:09:05,1,08
16:52:19,0.14441,216.30,0.49466,15.47928,45.1995,31.24405,45.13078,50.00,0654:09:06,1,08
16:52:20,0.14542,216.30,0.49272,15.52651,45.33741,31.24407,45.13078,50.00,0654:09:07,1,08
16:52:21,0.14461,216.40,0.49575,15.53832,45.37189,31.24407,45.13078,50.00,0654:09:08,1,08
16:52:22,0.1323,216.20,0.48876,14.00338,40.88987,31.24408,45.13079,50.00,0654:09:09,1,08
16:52:23,0.14474,216.30,0.49435,15.50458,45.27338,31.24408,45.13079,50.00,0654:09:10,1,08
16:52:24,0.14419,216.50,0.49541,15.48771,45.22413,31.24408,45.13081,50.00,0654:09:11,1,08
16:52:25,0.14313,216.50,0.49745,15.4388,45.08129,31.24409,45.13081,50.00,0654:09:12,1,08
16:52:26,0.14313,216.50,0.49745,15.4388,45.08129,31.24409,45.13081,50.00,0654:09:12,1,08
16:52:27,0.1435,216.50,0.49848,15.50964,45.28815,31.24409,45.13081,50.00,0654:09:13,1,08
16:52:28,0.14296,216.50,0.49853,15.45567,45.13055,31.24409,45.13081,50.00,0654:09:14,1,08
16:52:29,0.13387,216.40,0.49163,14.2682,41.66313,31.24409,45.13081,50.00,0654:09:15,1,08
16:52:30,0.14423,216.40,0.49504,15.47591,45.18965,31.24411,45.13083,50.00,0654:09:16,1,08
16:52:31,0.14353,216.50,0.49821,15.50458,45.27338,31.24411,45.13083,50.00,0654:09:17,1,08
16:52:32,0.14356,216.60,0.49675,15.46916,45.16995,31.24412,45.13083,50.00,0654:09:18,1,08
16:52:33,0.14377,216.60,0.49751,15.5147,45.30293,31.24412,45.13083,50.00,0654:09:19,1,08
16:52:34,0.14391,216.60,0.49508,15.45567,45.13055,31.24412,45.13084,50.00,0654:09:20,1,08
16:52:35,0.14406,216.60,0.49471,15.46072,45.14532,31.24413,45.13084,50.00,0654:09:21,1,08
16:52:36,0.14375,216.50,0.49654,15.48097,45.20442,31.24413,45.13086,50.00,0654:09:23,1,08
16:52:37,0.14384,216.70,0.49616,15.48771,45.22413,31.24413,45.13086,50.00,0654:09:24,1,08
16:52:38,0.14337,216.60,0.49648,15.44555,45.10099,31.24413,45.13086,50.00,0654:09:25,1,08
16:52:39,0.1446,216.60,0.49317,15.47253,45.1798,31.24415,45.13086,50.00,0654:09:26,1,08
16:52:40,0.14399,216.40,0.49497,15.44555,45.10099,31.24415,45.13086,50.00,0654:09:27,1,08
16:52:41,0.14449,216.60,0.49645,15.5653,45.45069,31.24416,45.13087,50.00,0654:09:28,1,08
16:52:42,0.1437,216.90,0.49622,15.48771,45.22413,31.24416,45.13087,50.00,0654:09:29,1,08
16:52:43,0.14555,216.70,0.49487,15.63446,45.65263,31.24417,45.13088,50.00,0654:09:30,1,08
16:52:44,0.14399,216.70,0.49611,15.50627,45.27831,31.24417,45.13088,50.00,0654:09:31,1,08
16:52:45,0.14291,216.60,0.4969,15.40844,44.99264,31.24417,45.13089,50.00,0654:09:32,1,08
16:52:47,0.13939,216.60,0.49459,14.95639,43.67266,31.24417,45.13089,50.00,0654:09:33,1,08
16:52:48,0.14342,216.60,0.49783,15.49277,45.2389,31.24417,45.13091,50.00,0654:09:34,1,08
16:52:49,0.14561,216.60,0.4898,15.47253,45.1798,31.24419,45.13091,50.00,0654:09:35,1,08
16:52:50,0.14455,216.70,0.49172,15.42531,45.04189,31.24419,45.13091,50.00,0654:09:36,1,08
16:52:51,0.14414,216.60,0.49542,15.49446,45.24382,31.2442,45.13091,50.00,0654:09:37,1,08
16:52:52,0.14338,216.50,0.49571,15.41518,45.01234,31.2442,45.13091,50.00,0654:09:38,1,08
16:52:53,0.14338,216.50,0.49571,15.41518,45.01234,31.2442,45.13091,50.00,0654:09:38,1,08
16:52:54,0.14104,216.40,0.49327,15.08289,44.04205,31.24421,45.13092,50.00,0654:09:39,1,08
16:52:55,0.14536,216.40,0.48988,15.43205,45.06159,31.24421,45.13092,50.00,0654:09:40,1,08
16:52:56,0.14442,216.50,0.49332,15.44723,45.10592,31.24421,45.13094,50.00,0654:09:41,1,08
16:52:57,0.14463,216.30,0.49246,15.43374,45.06652,31.24422,45.13094,50.00,0654:09:42,1,08
16:52:58,0.14479,216.30,0.49253,15.45061,45.11578,31.24422,45.13094,50.00,0654:09:44,1,08
16:52:59,0.14395,216.30,0.49378,15.39832,44.96309,31.24423,45.13094,50.00,0654:09:45,1,08
16:53:00,0.14425,216.40,0.49229,15.39157,44.94339,31.24423,45.13095,50.00,0654:09:46,1,08
16:53:01,0.14342,216.40,0.49734,15.46072,45.14532,31.24424,45.13095,50.00,0654:09:47,1,08
16:53:02,0.14286,216.30,0.49809,15.41518,45.01234,31.24424,45.13096,50.00,0654:09:48,1,08
16:53:03,0.14235,216.20,0.49973,15.40506,44.98278,31.24425,45.13096,50.00,0654:09:49,1,08
16:53:04,0.14266,216.30,0.49918,15.42699,45.04682,31.24425,45.13096,50.00,0654:09:50,1,08
16:53:05,0.14266,216.10,0.49934,15.41856,45.02219,31.24426,45.13097,50.00,0654:09:51,1,08
16:53:06,0.14297,216.10,0.49907,15.44723,45.10592,31.24426,45.13097,50.00,0654:09:52,1,08
16:53:07,0.14278,216.20,0.49913,15.43205,45.06159,31.24426,45.13099,50.00,0654:09:53,1,08
16:53:08,0.14183,216.20,0.49583,15.22627,44.46071,31.24426,45.13099,50.00,0654:09:54,1,08
16:53:09,0.12974,216.30,0.488,13.71326,40.04271,31.24426,45.13099,50.00,0654:09:55,1,08
16:53:10,0.14228,216.30,0.49951,15.39832,44.96309,31.24428,45.13099,50.00,0654:09:56,1,08
16:53:11,0.13998,216.20,0.50907,15.43037,45.05667,31.24428,45.131,50.00,0654:09:57,1,08
16:53:12,0.1398,216.20,0.50897,15.40844,44.99264,31.24429,45.131,50.00,0654:09:58,1,08
16:53:13,0.14011,216.10,0.50906,15.44049,45.08622,31.24429,45.131,50.00,0654:09:59,1,08
16:53:14,0.14346,216.30,0.49957,15.52651,45.33741,31.24429,45.13102,50.00,0654:10:00,1,08
16:53:15,0.14324,216.40,0.50152,15.56868,45.46054,31.2443,45.13102,50.00,0654:10:01,1,08
16:53:16,0.14269,216.40,0.50333,15.56362,45.44577,31.2443,45.13102,50.00,0654:10:02,1,08
16:53:17,0.14204,216.40,0.50405,15.52145,45.32264,31.2443,45.13102,50.00,0654:10:03,1,08
16:53:18,0.14262,216.50,0.50147,15.50796,45.28323,31.2443,45.13103,50.00,0654:10:05,1,08
16:53:19,0.14262,216.50,0.50147,15.50796,45.28323,31.2443,45.13103,50.00,0654:10:05,1,08
16:53:20,0.14356,216.50,0.50011,15.56699,45.45562,31.24432,45.13103,50.00,0654:10:06,1,08
16:53:21,0.14323,216.50,0.50103,15.56362,45.44577,31.24432,45.13104,50.00,0654:10:07,1,08
16:53:22,0.14302,216.60,0.50033,15.52314,45.32756,31.24433,45.13104,50.00,0654:10:08,1,08
16:53:23,0.14326,216.60,0.49989,15.53326,45.35711,31.24433,45.13104,50.00,0654:10:09,1,08
16:53:24,0.13416,216.50,0.49043,14.26482,41.65329,31.24434,45.13105,50.00,0654:10:10,1,08
16:53:25,0.14503,216.40,0.49742,15.63952,45.6674,31.24434,45.13105,50.00,0654:10:11,1,08
16:53:26,0.1437,216.20,0.49995,15.55856,45.43099,31.24434,45.13107,50.00,0654:10:12,1,08
16:53:27,0.14351,216.30,0.49924,15.51976,45.31771,31.24434,45.13107,50.00,0654:10:13,1,08
16:53:28,0.14474,216.20,0.49612,15.54844,45.40144,31.24434,45.13107,50.00,0654:10:14,1,08
16:53:29,0.14423,216.00,0.49649,15.49277,45.2389,31.24436,45.13107,50.00,0654:10:15,1,08
16:53:30,0.14362,216.10,0.49826,15.4894,45.22905,31.24436,45.13108,50.00,0654:10:16,1,08
16:53:31,0.14392,216.10,0.49778,15.50627,45.27831,31.24437,45.13108,50.00,0654:10:17,1,08
16:53:32,0.14383,216.00,0.49751,15.48097,45.20442,31.24437,45.1311,50.00,0654:10:18,1,08
16:53:33,0.14467,216.00,0.4958,15.51976,45.31771,31.24438,45.1311,50.00,0654:10:19,1,08
16:53:34,0.14522,215.90,0.49801,15.6429,45.67726,31.24438,45.1311,50.00,0654:10:20,1,08
16:53:35,0.1445,215.90,0.49822,15.56868,45.46054,31.24438,45.1311,50.00,0654:10:21,1,08
16:53:36,0.14345,215.90,0.49831,15.46072,45.14532,31.24438,45.1311,50.00,0654:10:22,1,08
16:53:37,0.13949,216.10,0.49648,14.98844,43.76624,31.24438,45.13111,50.00,0654:10:23,1,08
16:53:38,0.14466,216.00,0.49488,15.49109,45.23398,31.2444,45.13111,50.00,0654:10:24,1,08
16:53:39,0.13736,216.20,0.49302,14.6629,42.81565,31.2444,45.13112,50.00,0654:10:26,1,08
16:53:40,0.14417,216.20,0.49746,15.53326,45.35711,31.24441,45.13112,50.00,0654:10:27,1,08
16:53:41,0.14427,216.30,0.49649,15.51808,45.31278,31.24441,45.13113,50.00,0654:10:28,1,08
16:53:42,0.14508,216.50,0.49255,15.49277,45.2389,31.24442,45.13113,50.00,0654:10:29,1,08
16:53:43,0.14549,216.50,0.49305,15.55687,45.42607,31.24442,45.13115,50.00,0654:10:30,1,08
16:53:44,0.14377,216.40,0.49881,15.54506,45.39159,31.24442,45.13115,50.00,0654:10:31,1,08
16:53:45,0.14405,216.40,0.49892,15.57374,45.47532,31.24442,45.13115,50.00,0654:10:32,1,08
16:53:46,0.14405,216.40,0.49892,15.57374,45.47532,31.24442,45.13115,50.00,0654:10:32,1,08
16:53:47,0.14458,216.30,0.49882,15.62603,45.628,31.24442,45.13115,50.00,0654:10:33,1,08
16:53:48,0.14399,216.30,0.49503,15.44217,45.09114,31.24444,45.13115,50.00,0654:10:34,1,08
16:53:49,0.13338,216.30,0.49311,14.25133,41.61388,31.24444,45.13116,50.00,0654:10:35,1,08
16:53:50,0.14321,216.40,0.50022,15.52482,45.33249,31.24445,45.13116,50.00,0654:10:36,1,08
16:53:51,0.1397,216.30,0.49638,15.02217,43.86474,31.24445,45.13117,50.00,0654:10:37,1,08
16:53:52,0.13938,216.30,0.4967,14.99518,43.78594,31.24446,45.13117,50.00,0654:10:38,1,08
16:53:53,0.14511,216.20,0.49485,15.54844,45.40144,31.24446,45.13118,50.00,0654:10:39,1,08
16:53:54,0.14383,216.40,0.49946,15.56868,45.46054,31.24446,45.13118,50.00,0654:10:40,1,08
16:53:55,0.1435,216.40,0.50011,15.55181,45.41129,31.24446,45.1312,50.00,0654:10:41,1,08
16:53:56,0.14269,216.30,0.50076,15.48097,45.20442,31.24446,45.1312,50.00,0654:10:42,1,08
16:53:57,0.14359,216.20,0.49962,15.53663,45.36696,31.24448,45.1312,50.00,0654:10:43,1,08
16:53:58,0.14435,216.10,0.49725,15.53832,45.37189,31.24448,45.1312,50.00,0654:10:44,1,08
16:53:59,0.14387,216.00,0.49724,15.47759,45.19457,31.24449,45.1312,50.00,0654:10:45,1,08
16:54:00,0.14514,216.00,0.4942,15.51976,45.31771,31.24449,45.13121,50.00,0654:10:47,1,08
16:54:01,0.14591,216.00,0.49161,15.51639,45.30786,31.2445,45.13121,50.00,0654:10:48,1,08
16:54:02,0.14553,215.90,0.49271,15.50627,45.27831,31.2445,45.13123,50.00,0654:10:49,1,08
16:54:03,0.14558,216.00,0.49255,15.51133,45.29308,31.2445,45.13123,50.00,0654:10:50,1,08
16:54:04,0.14544,216.00,0.49582,15.6041,45.56397,31.2445,45.13123,50.00,0654:10:51,1,08
16:54:05,0.14399,216.10,0.49697,15.49109,45.23398,31.24452,45.13123,50.00,0654:10:52,1,08
16:54:06,0.14408,216.20,0.49795,15.53494,45.36204,31.24452,45.13124,50.00,0654:10:53,1,08
16:54:07,0.14264,216.20,0.49694,15.35277,44.8301,31.24452,45.13124,50.00,0654:10:54,1,08
16:54:08,0.14411,216.10,0.49394,15.40844,44.99264,31.24453,45.13124,50.00,0654:10:55,1,08
16:54:09,0.1432,216.00,0.49711,15.40338,44.97786,31.24453,45.13125,50.00,0654:10:56,1,08
16:54:10,0.14389,216.00,0.49789,15.50121,45.26353,31.24454,45.13125,50.00,0654:10:57,1,08
16:54:11,0.14387,216.10,0.49594,15.44555,45.10099,31.24454,45.13126,50.00,0654:10:58,1,08
16:54:12,0.12874,216.10,0.48826,13.60362,39.72256,31.24454,45.13126,50.00,0654:10:59,1,08
16:54:13,0.12874,216.10,0.48826,13.60362,39.72256,31.24454,45.13126,50.00,0654:10:59,1,08
16:54:14,0.14409,216.00,0.49827,15.53663,45.36696,31.24454,45.13128,50.00,0654:11:00,1,08
16:54:15,0.14433,216.00,0.49892,15.58049,45.49502,31.24456,45.13128,50.00,0654:11:01,1,08
16:54:16,0.14444,216.00,0.49779,15.55519,45.42114,31.24456,45.13128,50.00,0654:11:02,1,08
16:54:17,0.14488,215.90,0.49515,15.51302,45.29801,31.24456,45.13128,50.00,0654:11:03,1,08
16:54:18,0.14489,215.90,0.49306,15.45061,45.11578,31.24457,45.13129,50.00,0654:11:04,1,08
16:54:19,0.13042,215.90,0.49031,13.83133,40.38748,31.24457,45.13129,50.00,0654:11:05,1,08
16:54:20,0.14467,216.00,0.49655,15.53832,45.37189,31.24458,45.13129,50.00,0654:11:06,1,08
16:54:21,0.14378,216.10,0.49756,15.48603,45.2192,31.24458,45.13131,50.00,0654:11:07,1,08
16:54:22,0.14405,216.10,0.49497,15.43037,45.05667,31.24459,45.13131,50.00,0654:11:09,1,08
16:54:23,0.14232,216.10,0.49233,15.16554,44.28339,31.24459,45.13131,50.00,0654:11:10,1,08
16:54:24,0.14359,216.20,0.49691,15.45229,45.1207,31.24459,45.13131,50.00,0654:11:11,1,08
16:54:25,0.13302,216.30,0.49263,14.19904,41.4612,31.24459,45.13132,50.00,0654:11:12,1,08
16:54:26,0.14381,216.30,0.4974,15.49952,45.25861,31.24459,45.13132,50.00,0654:11:13,1,08
16:54:27,0.14392,216.40,0.49497,15.44049,45.08622,31.24461,45.13133,50.00,0654:11:14,1,08
16:54:28,0.14421,216.40,0.49536,15.48434,45.21428,31.24461,45.13133,50.00,0654:11:15,1,08
16:54:29,0.14369,216.40,0.498,15.50796,45.28323,31.24462,45.13133,50.00,0654:11:16,1,08
16:54:30,0.1431,216.30,0.49782,15.43205,45.06159,31.24462,45.13134,50.00,0654:11:17,1,08
16:54:31,0.1346,216.10,0.49247,14.34579,41.8897,31.24463,45.13134,50.00,0654:11:18,1,08
16:54:32,0.14444,215.90,0.49363,15.42024,45.02711,31.24463,45.13136,50.00,0654:11:19,1,08
16:54:33,0.14422,215.90,0.49854,15.55181,45.41129,31.24463,45.13136,50.00,0654:11:20,1,08
16:54:34,0.14359,215.90,0.49935,15.50627,45.27831,31.24463,45.13136,50.00,0654:11:21,1,08
16:54:35,0.14278,216.00,0.50033,15.45229,45.1207,31.24463,45.13136,50.00,0654:11:22,1,08
16:54:36,0.13865,215.90,0.49539,14.85181,43.36729,31.24465,45.13137,50.00,0654:11:23,1,08
16:54:37,0.14416,215.60,0.49707,15.47253,45.1798,31.24465,45.13137,50.00,0654:11:24,1,08
16:54:38,0.14204,215.80,0.49923,15.32916,44.76115,31.24466,45.13139,50.00,0654:11:25,1,08
16:54:39,0.14204,215.80,0.49923,15.32916,44.76115,31.24466,45.13139,50.00,0654:11:25,1,08
16:54:40,0.14282,215.90,0.50022,15.44723,45.10592,31.24466,45.13139,50.00,0654:11:26,1,08
16:54:41,0.14421,215.80,0.49827,15.53326,45.35711,31.24467,45.13139,50.00,0654:11:27,1,08
16:54:42,0.14457,215.80,0.49601,15.49783,45.25368,31.24467,45.13139,50.00,0654:11:29,1,08
16:54:43,0.13394,215.80,0.49039,14.19566,41.45134,31.24467,45.13139,50.00,0654:11:30,1,08
16:54:44,0.14452,215.80,0.49552,15.47928,45.1995,31.24467,45.1314,50.00,0654:11:31,1,08
16:54:46,0.14362,215.80,0.49853,15.47422,45.18472,31.24467,45.1314,50.00,0654:11:32,1,08
16:54:47,0.14364,215.80,0.49756,15.44723,45.10592,31.24469,45.13141,50.00,0654:11:33,1,08
16:54:48,0.14493,215.80,0.49467,15.49446,45.24382,31.24469,45.13141,50.00,0654:11:34,1,08
16:54:49,0.14345,215.90,0.49864,15.46579,45.1601,31.2447,45.13142,50.00,0654:11:35,1,08
16:54:50,0.1405,215.80,0.49611,15.06603,43.9928,31.2447,45.13142,50.00,0654:11:36,1,08
16:54:51,0.14578,215.80,0.50037,15.76603,46.0368,31.24471,45.13142,50.00,0654:11:37,1,08
16:54:52,0.14386,215.80,0.49745,15.46579,45.1601,31.24471,45.13144,50.00,0654:11:38,1,08
16:54:53,0.14483,215.70,0.49353,15.44723,45.10592,31.24471,45.13144,50.00,0654:11:39,1,08
16:54:54,0.14389,215.70,0.49602,15.5653,45.45069,31.24471,45.13144,50.00,0654:11:40,1,08
16:54:55,0.14439,215.80,0.49865,15.56193,45.44084,31.24471,45.13144,50.00,0654:11:41,1,08
16:54:56,0.14431,215.70,0.49903,15.55856,45.43099,31.24473,45.13145,50.00,0654:11:42,1,08
16:54:57,0.14505,215.60,0.49483,15.5029,45.26846,31.24473,45.13145,50.00,0654:11:43,1,08
16:54:58,0.14372,215.50,0.49875,15.47422,45.18472,31.24474,45.13147,50.00,0654:11:44,1,08
16:54:59,0.14364,215.50,0.4981,15.44049,45.08622,31.24474,45.13147,50.00,0654:11:45,1,08
16:55:00,0.14302,215.50,0.49852,15.39157,44.94339,31.24475,45.13147,50.00,0654:11:46,1,08
16:55:01,0.14379,215.70,0.49837,15.48097,45.20442,31.24475,45.13147,50.00,0654:11:47,1,08
16:55:02,0.14485,215.80,0.4951,15.49783,45.25368,31.24475,45.13147,50.00,0654:11:48,1,08
16:55:03,0.14338,215.60,0.49956,15.46916,45.16995,31.24475,45.13148,50.00,0654:11:50,1,08
16:55:04,0.14403,215.60,0.49984,15.54506,45.39159,31.24475,45.13148,50.00,0654:11:51,1,08
16:55:05,0.14335,215.60,0.5012,15.51302,45.29801,31.24477,45.13149,50.00,0654:11:52,1,08
16:55:06,0.14335,215.60,0.5012,15.51302,45.29801,31.24477,45.13149,50.00,0654:11:52,1,08
16:55:07,0.14356,215.50,0.49929,15.47422,45.18472,31.24477,45.13149,50.00,0654:11:53,1,08
16:55:08,0.14168,215.50,0.49575,15.16386,44.27847,31.24478,45.1315,50.00,0654:11:54,1,08
16:55:09,0.13685,215.40,0.4964,14.65784,42.80088,31.24478,45.1315,50.00,0654:11:55,1,08
16:55:10,0.14372,215.50,0.50016,15.51133,45.29308,31.24479,45.13152,50.00,0654:11:56,1,08
16:55:11,0.14318,215.50,0.49934,15.43037,45.05667,31.24479,45.13152,50.00,0654:11:57,1,08
16:55:12,0.14413,215.50,0.49642,15.44723,45.10592,31.24479,45.13152,50.00,0654:11:58,1,08
16:55:13,0.14496,215.60,0.49596,15.52314,45.32756,31.24479,45.13152,50.00,0654:11:59,1,08
16:55:14,0.14381,215.60,0.49826,15.47253,45.1798,31.24481,45.13152,50.00,0654:12:00,1,08
16:55:15,0.14391,215.70,0.49962,15.53326,45.35711,31.24481,45.13153,50.00,0654:12:01,1,08
16:55:16,0.14511,215.70,0.49742,15.59567,45.53934,31.24481,45.13153,50.00,0654:12:02,1,08
16:55:17,0.14494,215.70,0.49617,15.53494,45.36204,31.24482,45.13154,50.00,0654:12:03,1,08
16:55:18,0.14409,215.60,0.5,15.55687,45.42607,31.24482,45.13154,50.00,0654:12:04,1,08
16:55:19,0.14395,215.50,0.5006,15.55519,45.42114,31.24483,45.13155,50.00,0654:12:05,1,08
16:55:20,0.13806,215.40,0.49813,14.83832,43.32788,31.24483,45.13155,50.00,0654:12:06,1,08
16:55:21,0.14491,215.30,0.49557,15.4894,45.22905,31.24483,45.13157,50.00,0654:12:07,1,08
16:55:22,0.14558,215.30,0.49345,15.49446,45.24382,31.24483,45.13157,50.00,0654:12:08,1,08
16:55:23,0.13241,215.40,0.48961,13.98314,40.83076,31.24485,45.13157,50.00,0654:12:10,1,08
16:55:24,0.14452,215.50,0.49908,15.5653,45.45069,31.24485,45.13157,50.00,0654:12:11,1,08
16:55:25,0.14405,215.50,0.49929,15.52482,45.33249,31.24485,45.13157,50.00,0654:12:12,1,08
16:55:26,0.14505,215.50,0.4958,15.52314,45.32756,31.24486,45.13158,50.00,0654:12:13,1,08
16:55:27,0.14541,215.50,0.49651,15.58555,45.5098,31.24486,45.13158,50.00,0654:12:14,1,08
16:55:28,0.14457,215.70,0.50065,15.63278,45.64771,31.24487,45.1316,50.00,0654:12:15,1,08
16:55:29,0.14399,215.80,0.50049,15.57543,45.48024,31.24487,45.1316,50.00,0654:12:16,1,08
16:55:30,0.14373,215.80,0.50136,15.57543,45.48024,31.24487,45.1316,50.00,0654:12:17,1,08
16:55:31,0.14373,215.80,0.50136,15.57543,45.48024,31.24487,45.1316,50.00,0654:12:17,1,08
16:55:32,0.14525,215.80,0.49645,15.58555,45.5098,31.24487,45.1316,50.00,0654:12:18,1,08
16:55:33,0.14488,215.70,0.49768,15.58049,45.49502,31.24489,45.13161,50.00,0654:12:19,1,08
16:55:34,0.14395,215.80,0.50092,15.58386,45.50487,31.24489,45.13161,50.00,0654:12:20,1,08
16:55:35,0.14359,215.70,0.50054,15.52651,45.33741,31.2449,45.13162,50.00,0654:12:21,1,08
16:55:36,0.14289,215.60,0.5006,15.44892,45.11084,31.2449,45.13162,50.00,0654:12:22,1,08
16:55:37,0.14403,215.60,0.4994,15.52988,45.34726,31.2449,45.13162,50.00,0654:12:23,1,08
16:55:38,0.14362,215.60,0.50043,15.52145,45.32264,31.24491,45.13163,50.00,0654:12:24,1,08
16:55:39,0.14365,215.90,0.50119,15.56699,45.45562,31.24491,45.13163,50.00,0654:12:25,1,08
16:55:40,0.14294,215.90,0.50175,15.50964,45.28815,31.24492,45.13165,50.00,0654:12:26,1,08
16:55:41,0.13972,215.80,0.4952,14.9547,43.66773,31.24492,45.13165,50.00,0654:12:27,1,08
16:55:42,0.14308,215.60,0.50104,15.48434,45.21428,31.24492,45.13165,50.00,0654:12:28,1,08
16:55:43,0.14461,215.60,0.50556,15.78458,46.09098,31.24492,45.13165,50.00,0654:12:29,1,08
16:55:44,0.14282,215.60,0.50306,15.51808,45.31278,31.24494,45.13166,50.00,0654:12:30,1,08
16:55:45,0.14401,215.60,0.50195,15.60916,45.57875,31.24494,45.13166,50.00,0654:12:32,1,08
16:55:46,0.14439,215.50,0.49778,15.51302,45.29801,31.24494,45.13166,50.00,0654:12:33,1,08
16:55:47,0.13329,215.50,0.49771,14.32049,41.81582,31.24495,45.13168,50.00,0654:12:34,1,08
16:55:48,0.14228,215.40,0.50247,15.42193,45.03204,31.24495,45.13168,50.00,0654:12:35,1,08
16:55:49,0.1428,215.30,0.50356,15.50458,45.27338,31.24496,45.13168,50.00,0654:12:36,1,08
16:55:50,0.14253,215.10,0.50417,15.48097,45.20442,31.24496,45.13168,50.00,0654:12:37,1,08
16:55:51,0.14406,215.10,0.49984,15.5147,45.30293,31.24496,45.13169,50.00,0654:12:38,1,08
16:55:52,0.14359,215.00,0.50278,15.55012,45.40636,31.24496,45.13169,50.00,0654:12:39,1,08
16:55:53,0.14261,215.20,0.50406,15.49446,45.24382,31.24498,45.1317,50.00,0654:12:40,1,08
16:55:54,0.14289,215.40,0.50317,15.50964,45.28815,31.24498,45.1317,50.00,0654:12:41,1,08
16:55:55,0.14318,215.60,0.50235,15.53494,45.36204,31.24499,45.1317,50.00,0654:12:42,1,08
16:55:56,0.14399,215.70,0.49837,15.50627,45.27831,31.24499,45.13171,50.00,0654:12:43,1,08
16:55:57,0.14291,215.70,0.50268,15.52145,45.32264,31.24499,45.13171,50.00,0654:12:44,1,08
16:55:58,0.14291,215.70,0.50268,15.52145,45.32264,31.24499,45.13171,50.00,0654:12:44,1,08
16:55:59,0.14181,215.80,0.50215,15.38988,44.93846,31.245,45.13173,50.00,0654:12:45,1,08
16:56:00,0.14288,215.70,0.50087,15.46241,45.15025,31.245,45.13173,50.00,0654:12:46,1,08
16:56:01,0.14346,215.60,0.49924,15.46579,45.1601,31.245,45.13173,50.00,0654:12:47,1,08
16:56:02,0.14239,215.90,0.50356,15.50458,45.27338,31.245,45.13173,50.00,0654:12:48,1,08
16:56:03,0.14207,216.10,0.50362,15.48265,45.20935,31.24502,45.13174,50.00,0654:12:49,1,08
16:56:04,0.14234,216.20,0.50219,15.47928,45.1995,31.24502,45.13174,50.00,0654:12:50,1,08
16:56:05,0.14229,216.50,0.50142,15.47085,45.17487,31.24503,45.13174,50.00,0654:12:52,1,08
16:56:06,0.14288,216.50,0.49907,15.46579,45.1601,31.24503,45.13176,50.00,0654:12:53,1,08
16:56:07,0.14141,216.60,0.50462,15.47928,45.1995,31.24503,45.13176,50.00,0654:12:54,1,08
16:56:08,0.14057,216.50,0.50337,15.34603,44.8104,31.24504,45.13176,50.00,0654:12:55,1,08
16:56:09,0.12629,216.40,0.49618,13.58338,39.66346,31.24504,45.13176,50.00,0654:12:56,1,08
16:56:10,0.14218,216.40,0.50252,15.4894,45.22905,31.24504,45.13177,50.00,0654:12:57,1,08
16:56:11,0.14256,216.70,0.5006,15.48771,45.22413,31.24504,45.13177,50.00,0654:12:58,1,08
16:56:12,0.14119,216.90,0.50396,15.45735,45.13547,31.24506,45.13178,50.00,0654:12:59,1,08
16:56:13,0.14172,216.90,0.50296,15.48603,45.2192,31.24506,45.13178,50.00,0654:13:00,1,08
16:56:14,0.1412,217.00,0.50352,15.45061,45.11578,31.24507,45.13178,50.00,0654:13:01,1,08
16:56:15,0.12754,217.00,0.49598,13.75205,40.15599,31.24507,45.13179,50.00,0654:13:02,1,08
16:56:16,0.14286,217.00,0.50141,15.57036,45.46547,31.24507,45.13179,50.00,0654:13:03,1,08
16:56:17,0.14154,217.00,0.50526,15.54169,45.38174,31.24508,45.13181,50.00,0654:13:04,1,08
16:56:18,0.14122,217.00,0.5061,15.53157,45.35218,31.24508,45.13181,50.00,0654:13:05,1,08
16:56:19,0.14116,216.80,0.50275,15.41181,45.00249,31.24508,45.13181,50.00,0654:13:06,1,08
16:56:20,0.14202,216.80,0.50312,15.51639,45.30786,31.24508,45.13181,50.00,0654:13:07,1,08
16:56:21,0.14098,216.70,0.50524,15.45735,45.13547,31.2451,45.13181,50.00,0654:13:08,1,08
16:56:22,0.14123,216.60,0.50534,15.48434,45.21428,31.2451,45.13182,50.00,0654:13:09,1,08
16:56:23,0.14069,216.60,0.50536,15.42362,45.03696,31.24511,45.13182,50.00,0654:13:10,1,08
16:56:24,0.14069,216.60,0.50536,15.42362,45.03696,31.24511,45.13182,50.00,0654:13:10,1,08
16:56:25,0.14202,216.90,0.50312,15.51976,45.31771,31.24511,45.13183,50.00,0654:13:12,1,08
16:56:26,0.1412,216.80,0.50402,15.45398,45.12562,31.24511,45.13183,50.00,0654:13:13,1,08
16:56:27,0.13091,216.80,0.49775,14.15181,41.32329,31.24512,45.13184,50.00,0654:13:14,1,08
16:56:28,0.14082,216.90,0.5048,15.44555,45.10099,31.24512,45.13184,50.00,0654:13:15,1,08
16:56:29,0.14157,216.90,0.50389,15.49783,45.25368,31.24512,45.13186,50.00,0654:13:16,1,08
16:56:30,0.1421,217.00,0.50055,15.45567,45.13055,31.24512,45.13186,50.00,0654:13:17,1,08
16:56:31,0.142,216.80,0.5023,15.4894,45.22905,31.24514,45.13186,50.00,0654:13:18,1,08
16:56:32,0.14119,216.80,0.50303,15.42531,45.04189,31.24514,45.13186,50.00,0654:13:19,1,08
16:56:33,0.13306,216.90,0.49947,14.43518,42.15074,31.24515,45.13186,50.00,0654:13:20,1,08
16:56:34,0.14148,217.00,0.50428,15.5029,45.26846,31.24515,45.13187,50.00,0654:13:21,1,08
16:56:35,0.14216,217.00,0.50071,15.47422,45.18472,31.24515,45.13187,50.00,0654:13:22,1,08
16:56:36,0.1413,217.10,0.50258,15.44049,45.08622,31.24516,45.13189,50.00,0654:13:23,1,08
16:56:37,0.14141,217.10,0.504,15.49615,45.24875,31.24516,45.13189,50.00,0654:13:24,1,08
16:56:38,0.14096,217.00,0.50341,15.42531,45.04189,31.24516,45.13189,50.00,0654:13:25,1,08
16:56:39,0.1352,217.10,0.49937,14.68314,42.87476,31.24516,45.13189,50.00,0654:13:26,1,08
16:56:40,0.1416,217.30,0.50279,15.49615,45.24875,31.24518,45.13189,50.00,0654:13:27,1,08
16:56:41,0.14117,217.30,0.50313,15.45904,45.1404,31.24518,45.1319,50.00,0654:13:28,1,08
16:56:42,0.13741,217.30,0.50062,14.97663,43.73176,31.24519,45.1319,50.00,0654:13:29,1,08
16:56:43,0.14109,217.30,0.50417,15.48265,45.20935,31.24519,45.13191,50.00,0654:13:30,1,08
16:56:45,0.13848,217.30,0.49726,14.98844,43.76624,31.24519,45.13191,50.00,0654:13:31,1,08
16:56:46,0.14151,217.30,0.50329,15.5029,45.26846,31.2452,45.13192,50.00,0654:13:33,1,08
16:56:47,0.14237,217.30,0.50397,15.61759,45.60337,31.2452,45.13192,50.00,0654:13:34,1,08
16:56:48,0.14125,217.40,0.50356,15.49109,45.23398,31.2452,45.13192,50.00,0654:13:35,1,08
16:56:49,0.14224,217.40,0.50327,15.59061,45.52457,31.2452,45.13194,50.00,0654:13:36,1,08
16:56:50,0.14224,217.40,0.49989,15.48265,45.20935,31.24522,45.13194,50.00,0654:13:37,1,08
16:56:51,0.14224,217.40,0.49989,15.48265,45.20935,31.24522,45.13194,50.00,0654:13:37,1,08
16:56:52,0.13777,217.30,0.50433,15.12675,44.17011,31.24522,45.13194,50.00,0654:13:38,1,08
16:56:53,0.14067,217.20,0.50606,15.49109,45.23398,31.24523,45.13194,50.00,0654:13:39,1,08
16:56:54,0.14099,217.10,0.50567,15.5029,45.26846,31.24523,45.13195,50.00,0654:13:40,1,08
16:56:55,0.14262,217.10,0.50767,15.7441,45.97277,31.24524,45.13195,50.00,0654:13:41,1,08
16:56:56,0.14308,217.00,0.50271,15.63784,45.66248,31.24524,45.13197,50.00,0654:13:42,1,08
16:56:57,0.14297,217.10,0.50765,15.7829,46.08606,31.24524,45.13197,50.00,0654:13:43,1,08
16:56:58,0.14037,217.20,0.50663,15.46916,45.16995,31.24524,45.13197,50.00,0654:13:44,1,08
16:56:59,0.14154,217.10,0.50592,15.57374,45.47532,31.24524,45.13197,50.00,0654:13:45,1,08
16:57:00,0.14104,217.10,0.50572,15.51302,45.29801,31.24525,45.13197,50.00,0654:13:46,1,08
16:57:01,0.14167,217.20,0.50317,15.50964,45.28815,31.24525,45.13198,50.00,0654:13:47,1,08
16:57:02,0.14144,217.10,0.50669,15.58555,45.5098,31.24527,45.13198,50.00,0654:13:48,1,08
16:57:03,0.14083,217.10,0.50744,15.53832,45.37189,31.24527,45.13199,50.00,0654:13:49,1,08
16:57:04,0.14247,217.10,0.50653,15.69518,45.82994,31.24528,45.13199,50.00,0654:13:50,1,08
16:57:05,0.14269,217.00,0.50283,15.59567,45.53934,31.24528,45.132,50.00,0654:13:51,1,08
16:57:06,0.14135,217.00,0.50434,15.49446,45.24382,31.24529,45.132,50.00,0654:13:52,1,08
16:57:07,0.14146,217.00,0.50625,15.56868,45.46054,31.24529,45.132,50.00,0654:13:54,1,08
16:57:08,0.1416,217.00,0.504,15.50964,45.28815,31.24529,45.13202,50.00,0654:13:55,1,08
16:57:09,0.14239,217.00,0.50202,15.53326,45.35711,31.24529,45.13202,50.00,0654:13:56,1,08
16:57:10,0.14197,217.00,0.50372,15.54506,45.39159,31.24529,45.13202,50.00,0654:13:57,1,08
16:57:11,0.14226,217.10,0.50632,15.66482,45.74128,31.24531,45.13202,50.00,0654:13:58,1,08
16:57:12,0.14184,217.10,0.50662,15.62265,45.61815,31.24531,45.13203,50.00,0654:13:59,1,08
16:57:13,0.14196,217.00,0.50547,15.59735,45.54427,31.24532,45.13203,50.00,0654:14:00,1,08
16:57:14,0.14286,217.00,0.50255,15.60579,45.5689,31.24532,45.13205,50.00,0654:14:01,1,08
16:57:15,0.14219,216.90,0.50404,15.57374,45.47532,31.24533,45.13205,50.00,0654:14:02,1,08
16:57:16,0.14143,216.70,0.50648,15.55012,45.40636,31.24533,45.13205,50.00,0654:14:03,1,08
16:57:17,0.14143,216.70,0.50648,15.55012,45.40636,31.24533,45.13205,50.00,0654:14:03,1,08
16:57:18,0.14157,216.60,0.50615,15.54844,45.40144,31.24533,45.13205,50.00,0654:14:04,1,08
16:57:19,0.14194,216.60,0.50564,15.57036,45.46547,31.24533,45.13205,50.00,0654:14:05,1,08
16:57:20,0.14282,216.70,0.50098,15.52651,45.33741,31.24533,45.13206,50.00,0654:14:06,1,08
16:57:21,0.14237,216.80,0.50311,15.55012,45.40636,31.24535,45.13206,50.00,0654:14:07,1,08
16:57:22,0.14191,216.80,0.50356,15.51639,45.30786,31.24535,45.13207,50.00,0654:14:08,1,08
16:57:23,0.14194,216.70,0.50367,15.51808,45.31278,31.24536,45.13207,50.00,0654:14:09,1,08
16:57:24,0.14219,216.80,0.49951,15.42193,45.03204,31.24536,45.13208,50.00,0654:14:10,1,08
16:57:25,0.13239,216.80,0.49754,14.3053,41.77149,31.24537,45.13208,50.00,0654:14:11,1,08
16:57:26,0.14103,216.80,0.50424,15.44555,45.10099,31.24537,45.13208,50.00,0654:14:12,1,08
16:57:27,0.13994,216.80,0.50455,15.33253,44.771,31.24537,45.1321,50.00,0654:14:14,1,08
16:57:28,0.13443,216.80,0.50295,14.67976,42.86491,31.24537,45.1321,50.00,0654:14:15,1,08
16:57:29,0.1405,216.70,0.49939,15.22627,44.46071,31.24537,45.1321,50.00,0654:14:16,1,08
16:57:30,0.14242,216.60,0.50306,15.54338,45.38666,31.24539,45.1321,50.00,0654:14:17,1,08
16:57:31,0.13545,216.50,0.49472,14.53302,42.43641,31.24539,45.13211,50.00,0654:14:18,1,08
16:57:32,0.14305,216.60,0.5013,15.55687,45.42607,31.2454,45.13211,50.00,0654:14:19,1,08
16:57:33,0.14205,216.60,0.50307,15.50121,45.26353,31.2454,45.13213,50.00,0654:14:20,1,08
16:57:34,0.14387,216.40,0.49762,15.51976,45.31771,31.24541,45.13213,50.00,0654:14:21,1,08
16:57:35,0.14272,216.60,0.50349,15.58723,45.51472,31.24541,45.13213,50.00,0654:14:22,1,08
16:57:36,0.1424,216.60,0.50333,15.55012,45.40636,31.24541,45.13213,50.00,0654:14:23,1,08
16:57:37,0.14229,216.40,0.50427,15.54844,45.40144,31.24541,45.13213,50.00,0654:14:24,1,08
16:57:38,0.14243,216.40,0.50443,15.57374,45.47532,31.24541,45.13214,50.00,0654:14:25,1,08
16:57:39,0.14328,216.70,0.49989,15.54338,45.38666,31.24543,45.13214,50.00,0654:14:26,1,08
16:57:40,0.14173,216.90,0.50455,15.53663,45.36696,31.24543,45.13215,50.00,0654:14:27,1,08
16:57:41,0.142,217.10,0.50486,15.58892,45.51965,31.24544,45.13215,50.00,0654:14:28,1,08
16:57:42,0.142,217.10,0.50486,15.58892,45.51965,31.24544,45.13215,50.00,0654:14:28,1,08
16:57:43,0.14191,217.20,0.50361,15.54506,45.39159,31.24544,45.13216,50.00,0654:14:29,1,08
16:57:44,0.14323,217.00,0.50005,15.5653,45.45069,31.24545,45.13216,50.00,0654:14:30,1,08
16:57:45,0.14197,217.10,0.50344,15.54506,45.39159,31.24545,45.13216,50.00,0654:14:31,1,08
16:57:46,0.14155,217.20,0.50186,15.45735,45.13547,31.24545,45.13218,50.00,0654:14:32,1,08
16:57:47,0.13075,217.30,0.49644,14.12651,41.2494,31.24545,45.13218,50.00,0654:14:34,1,08
16:57:48,0.14168,217.30,0.50273,15.5029,45.26846,31.24545,45.13218,50.00,0654:14:35,1,08
16:57:49,0.14016,217.30,0.49978,15.24314,44.50996,31.24547,45.13218,50.00,0654:14:36,1,08
16:57:50,0.14159,217.20,0.50246,15.47422,45.18472,31.24547,45.13219,50.00,0654:14:37,1,08
16:57:51,0.14191,217.10,0.50312,15.52651,45.33741,31.24548,45.13219,50.00,0654:14:38,1,08
16:57:52,0.14116,217.20,0.50703,15.57374,45.47532,31.24548,45.1322,50.00,0654:14:39,1,08
16:57:53,0.14427,217.10,0.50468,15.83012,46.22396,31.24549,45.1322,50.00,0654:14:40,1,08
16:57:54,0.14285,217.20,0.49962,15.5282,45.34233,31.24549,45.1322,50.00,0654:14:41,1,08
16:57:55,0.14209,217.20,0.50388,15.57205,45.47039,31.24549,45.13221,50.00,0654:14:42,1,08
16:57:56,0.14183,217.10,0.50454,15.56024,45.43592,31.24549,45.13221,50.00,0654:14:43,1,08
16:57:57,0.14146,217.10,0.50307,15.47253,45.1798,31.24551,45.13223,50.00,0654:14:44,1,08
16:57:58,0.14255,217.00,0.50071,15.51133,45.29308,31.24551,45.13223,50.00,0654:14:45,1,08
16:57:59,0.14372,217.00,0.50151,15.66145,45.73144,31.24551,45.13223,50.00,0654:14:46,1,08
16:58:00,0.14106,217.00,0.50286,15.41856,45.02219,31.24552,45.13223,50.00,0654:14:47,1,08
16:58:01,0.14149,217.00,0.50066,15.39832,44.96309,31.24552,45.13224,50.00,0654:14:48,1,08
16:58:02,0.14114,216.90,0.50269,15.41687,45.01727,31.24553,45.13224,50.00,0654:14:49,1,08
16:58:03,0.14183,216.80,0.50099,15.43205,45.06159,31.24553,45.13224,50.00,0654:14:50,1,08
16:58:04,0.14183,216.80,0.50066,15.41518,45.01234,31.24553,45.13226,50.00,0654:14:51,1,08
16:58:05,0.14085,216.70,0.50364,15.39832,44.96309,31.24553,45.13226,50.00,0654:14:52,1,08
16:58:06,0.14103,216.70,0.50413,15.43374,45.06652,31.24554,45.13226,50.00,0654:14:53,1,08
16:58:07,0.14167,216.80,0.50071,15.40506,44.98278,31.24554,45.13226,50.00,0654:14:55,1,08
16:58:08,0.14167,216.80,0.50071,15.40506,44.98278,31.24554,45.13226,50.00,0654:14:55,1,08
16:58:09,0.14149,216.90,0.50263,15.45229,45.1207,31.24554,45.13227,50.00,0654:14:56,1,08
16:58:10,0.14117,217.10,0.50462,15.4894,45.22905,31.24556,45.13227,50.00,0654:14:57,1,08
16:58:11,0.12726,217.20,0.49683,13.75711,40.17076,31.24556,45.13228,50.00,0654:14:58,1,08
16:58:12,0.14075,217.30,0.50429,15.44892,45.11084,31.24557,45.13228,50.00,0654:14:59,1,08
16:58:13,0.14173,217.20,0.50016,15.42193,45.03204,31.24557,45.13228,50.00,0654:15:00,1,08
16:58:14,0.14088,217.20,0.50281,15.40844,44.99264,31.24557,45.13229,50.00,0654:15:01,1,08
16:58:15,0.1407,217.20,0.50496,15.45567,45.13055,31.24557,45.13229,50.00,0654:15:02,1,08
16:58:16,0.14098,217.10,0.50242,15.40506,44.98278,31.24558,45.13231,50.00,0654:15:03,1,08
16:58:17,0.12915,217.10,0.4976,13.9747,40.80613,31.24558,45.13231,50.00,0654:15:04,1,08
16:58:18,0.1421,217.20,0.49847,15.4135,45.00742,31.24558,45.13231,50.00,0654:15:05,1,08
16:58:19,0.14053,217.20,0.50436,15.41856,45.02219,31.2456,45.13231,50.00,0654:15:06,1,08
16:58:20,0.14079,217.10,0.50419,15.43374,45.06652,31.2456,45.13231,50.00,0654:15:07,1,08
16:58:21,0.14057,217.00,0.50552,15.44723,45.10592,31.24561,45.13232,50.00,0654:15:08,1,08
16:58:22,0.14092,216.90,0.50435,15.44217,45.09114,31.24561,45.13232,50.00,0654:15:09,1,08
16:58:23,0.13307,217.00,0.49464,14.30868,41.78133,31.24562,45.13234,50.00,0654:15:10,1,08
16:58:24,0.14122,217.30,0.5051,15.52314,45.32756,31.24562,45.13234,50.00,0654:15:11,1,08
16:58:25,0.14144,217.30,0.50383,15.51302,45.29801,31.24562,45.13234,50.00,0654:15:12,1,08
16:58:26,0.14144,217.20,0.50384,15.50121,45.26353,31.24562,45.13234,50.00,0654:15:13,1,08
16:58:27,0.1428,217.20,0.50027,15.54338,45.38666,31.24562,45.13235,50.00,0654:15:15,1,08
16:58:28,0.13273,217.30,0.5,14.44193,42.17044,31.24564,45.13235,50.00,0654:15:16,1,08
16:58:29,0.14104,217.20,0.50649,15.54,45.37681,31.24564,45.13235,50.00,0654:15:17,1,08
16:58:30,0.14066,217.30,0.50782,15.54506,45.39159,31.24565,45.13236,50.00,0654:15:18,1,08
16:58:31,0.14178,217.30,0.50557,15.6041,45.56397,31.24565,45.13236,50.00,0654:15:19,1,08
16:58:32,0.14258,217.30,0.50223,15.58892,45.51965,31.24566,45.13237,50.00,0654:15:20,1,08
16:58:33,0.14258,217.30,0.50223,15.58892,45.51965,31.24566,45.13237,50.00,0654:15:20,1,08
16:58:34,0.14172,217.30,0.50279,15.50964,45.28815,31.24566,45.13237,50.00,0654:15:21,1,08
16:58:35,0.14125,217.40,0.50483,15.52651,45.33741,31.24566,45.13239,50.00,0654:15:22,1,08
16:58:36,0.1412,217.40,0.50554,15.54338,45.38666,31.24566,45.13239,50.00,0654:15:23,1,08
16:58:37,0.14155,217.40,0.50328,15.5147,45.30293,31.24566,45.13239,50.00,0654:15:24,1,08
16:58:38,0.14191,217.40,0.50169,15.50121,45.26353,31.24568,45.13239,50.00,0654:15:25,1,08
16:58:39,0.14178,217.40,0.50361,15.54506,45.39159,31.24568,45.13239,50.00,0654:15:26,1,08
16:58:40,0.14125,217.40,0.5051,15.53157,45.35218,31.24569,45.1324,50.00,0654:15:27,1,08
16:58:42,0.14128,217.30,0.50527,15.53663,45.36696,31.24569,45.1324,50.00,0654:15:28,1,08
16:58:43,0.14189,217.30,0.50208,15.50458,45.27338,31.2457,45.13242,50.00,0654:15:29,1,08
16:58:44,0.14234,217.30,0.50131,15.52988,45.34726,31.2457,45.13242,50.00,0654:15:30,1,08
16:58:45,0.14178,217.30,0.50301,15.52314,45.32756,31.2457,45.13242,50.00,0654:15:31,1,08
16:58:46,0.1416,217.40,0.50394,15.54,45.37681,31.2457,45.13242,50.00,0654:15:32,1,08
16:58:47,0.14096,217.50,0.50111,15.26675,44.57891,31.24572,45.13243,50.00,0654:15:33,1,08
16:58:48,0.1423,217.20,0.50044,15.49277,45.2389,31.24572,45.13243,50.00,0654:15:35,1,08
16:58:49,0.14111,217.30,0.50494,15.50458,45.27338,31.24572,45.13243,50.00,0654:15:36,1,08
16:58:50,0.14085,217.30,0.50413,15.45229,45.1207,31.24573,45.13244,50.00,0654:15:37,1,08
16:58:51,0.14088,217.20,0.50726,15.55012,45.40636,31.24573,45.13244,50.00,0654:15:38,1,08
16:58:52,0.14154,217.30,0.50427,15.53326,45.35711,31.24574,45.13245,50.00,0654:15:39,1,08
16:58:53,0.14135,217.30,0.50241,15.45567,45.13055,31.24574,45.13245,50.00,0654:15:40,1,08
16:58:54,0.14162,217.40,0.5029,15.50627,45.27831,31.24574,45.13247,50.00,0654:15:41,1,08
16:58:55,0.14136,217.30,0.50367,15.49615,45.24875,31.24574,45.13247,50.00,0654:15:42,1,08
16:58:56,0.14117,217.20,0.50456,15.49615,45.24875,31.24576,45.13247,50.00,0654:15:43,1,08
16:58:57,0.14242,217.20,0.50082,15.5147,45.30293,31.24576,45.13247,50.00,0654:15:44,1,08
16:58:58,0.14151,217.20,0.50225,15.46072,45.14532,31.24577,45.13247,50.00,0654:15:45,1,08
16:58:59,0.14151,217.20,0.50225,15.46072,45.14532,31.24577,45.13247,50.00,0654:15:45,1,08
16:59:00,0.14122,217.20,0.50412,15.48771,45.22413,31.24577,45.13248,50.00,0654:15:46,1,08
16:59:01,0.14082,217.30,0.50589,15.5029,45.26846,31.24577,45.13248,50.00,0654:15:47,1,08
16:59:02,0.14151,217.20,0.50685,15.6041,45.56397,31.24578,45.13249,50.00,0654:15:48,1,08
16:59:03,0.14234,217.10,0.50311,15.57374,45.47532,31.24578,45.13249,50.00,0654:15:49,1,08
16:59:04,0.12611,217.10,0.49785,13.65591,39.87524,31.24578,45.1325,50.00,0654:15:50,1,08
16:59:05,0.14122,217.10,0.50566,15.53157,45.35218,31.24578,45.1325,50.00,0654:15:51,1,08
16:59:06,0.14165,217.30,0.50695,15.62772,45.63293,31.2458,45.1325,50.00,0654:15:52,1,08
16:59:07,0.14075,217.20,0.50512,15.46579,45.1601,31.2458,45.13251,50.00,0654:15:53,1,08
16:59:08,0.14205,217.10,0.50164,15.49615,45.24875,31.24581,45.13251,50.00,0654:15:54,1,08
16:59:09,0.12577,217.00,0.49926,13.64916,39.85555,31.24581,45.13252,50.00,0654:15:56,1,08
16:59:10,0.14035,216.80,0.50636,15.43543,45.07145,31.24581,45.13252,50.00,0654:15:57,1,08
16:59:11,0.14106,216.90,0.5055,15.4894,45.22905,31.24582,45.13253,50.00,0654:15:58,1,08
16:59:12,0.14272,216.80,0.5018,15.55012,45.40636,31.24582,45.13253,50.00,0654:15:59,1,08
16:59:13,0.14154,216.90,0.50746,15.6041,45.56397,31.24582,45.13255,50.00,0654:16:00,1,08
16:59:14,0.14125,217.00,0.505,15.50458,45.27338,31.24582,45.13255,50.00,0654:16:01,1,08
16:59:15,0.1277,217.10,0.49927,13.86506,40.48598,31.24584,45.13255,50.00,0654:16:02,1,08
16:59:16,0.14098,217.00,0.50589,15.50458,45.27338,31.24584,45.13255,50.00,0654:16:03,1,08
16:59:17,0.14229,217.00,0.49984,15.45904,45.1404,31.24584,45.13255,50.00,0654:16:04,1,08
16:59:18,0.14205,217.00,0.50087,15.4641,45.15517,31.24585,45.13256,50.00,0654:16:05,1,08
16:59:19,0.14162,217.00,0.50493,15.54338,45.38666,31.24585,45.13256,50.00,0654:16:06,1,08
16:59:20,0.14092,217.00,0.50413,15.4388,45.08129,31.24586,45.13257,50.00,0654:16:07,1,08
16:59:21,0.14151,216.90,0.50593,15.55181,45.41129,31.24586,45.13257,50.00,0654:16:08,1,08
16:59:22,0.1425,216.90,0.50114,15.51133,45.29308,31.24586,45.13257,50.00,0654:16:09,1,08
16:59:23,0.14125,216.80,0.50599,15.52145,45.32264,31.24586,45.13258,50.00,0654:16:10,1,08
16:59:24,0.1423,216.70,0.4994,15.42699,45.04682,31.24587,45.13258,50.00,0654:16:11,1,08
16:59:25,0.14308,216.60,0.4987,15.48265,45.20935,31.24587,45.1326,50.00,0654:16:12,1,08
16:59:26,0.14308,216.60,0.4987,15.48265,45.20935,31.24587,45.1326,50.00,0654:16:12,1,08
16:59:27,0.14215,216.60,0.50033,15.43037,45.05667,31.24589,45.1326,50.00,0654:16:13,1,08
16:59:28,0.13372,216.60,0.4964,14.40314,42.05716,31.24589,45.1326,50.00,0654:16:14,1,08
16:59:29,0.14175,216.60,0.50466,15.51808,45.31278,31.24589,45.1326,50.00,0654:16:15,1,08
16:59:30,0.14082,216.50,0.50552,15.4388,45.08129,31.2459,45.13261,50.00,0654:16:17,1,08
16:59:31,0.14218,216.60,0.50366,15.53326,45.35711,31.2459,45.13261,50.00,0654:16:18,1,08
16:59:32,0.14224,216.50,0.5006,15.44386,45.09607,31.2459,45.13261,50.00,0654:16:19,1,08
16:59:33,0.13367,216.60,0.50099,14.52796,42.42163,31.2459,45.13263,50.00,0654:16:20,1,08
16:59:34,0.14283,216.50,0.50338,15.59229,45.5295,31.24591,45.13263,50.00,0654:16:21,1,08
16:59:35,0.14219,216.50,0.50427,15.55012,45.40636,31.24591,45.13263,50.00,0654:16:22,1,08
16:59:36,0.14196,216.40,0.50236,15.46072,45.14532,31.24593,45.13263,50.00,0654:16:23,1,08
16:59:37,0.14316,216.30,0.50201,15.57374,45.47532,31.24593,45.13264,50.00,0654:16:24,1,08
16:59:38,0.14114,216.20,0.50491,15.42868,45.05174,31.24593,45.13264,50.00,0654:16:25,1,08
16:59:39,0.13716,216.10,0.50153,14.89061,43.48057,31.24594,45.13265,50.00,0654:16:26,1,08
16:59:40,0.14096,216.00,0.50586,15.42699,45.04682,31.24594,45.13265,50.00,0654:16:27,1,08
16:59:41,0.1413,216.00,0.50563,15.45904,45.1404,31.24594,45.13265,50.00,0654:16:28,1,08
16:59:42,0.14167,216.00,0.50341,15.43037,45.05667,31.24594,45.13266,50.00,0654:16:29,1,08
16:59:43,0.14165,216.00,0.5055,15.49615,45.24875,31.24595,45.13266,50.00,0654:16:30,1,08
16:59:44,0.14189,216.10,0.50456,15.49446,45.24382,31.24595,45.13268,50.00,0654:16:31,1,08
16:59:45,0.14248,216.20,0.5041,15.5535,45.41621,31.24597,45.13268,50.00,0654:16:32,1,08
16:59:46,0.14237,216.30,0.5023,15.49277,45.2389,31.24597,45.13268,50.00,0654:16:33,1,08
16:59:47,0.1424,216.20,0.5023,15.4894,45.22905,31.24598,45.13268,50.00,0654:16:34,1,08
16:59:48,0.14181,216.00,0.50379,15.45735,45.13547,31.24598,45.13269,50.00,0654:16:35,1,08
16:59:49,0.14262,215.70,0.50334,15.51133,45.29308,31.24598,45.13269,50.00,0654:16:36,1,08
16:59:50,0.1416,215.50,0.50629,15.47253,45.1798,31.24599,45.13269,50.00,0654:16:37,1,08
16:59:51,0.14232,215.40,0.50396,15.47422,45.18472,31.24599,45.13271,50.00,0654:16:39,1,08
16:59:52,0.14232,215.40,0.50901,15.6294,45.63785,31.24599,45.13271,50.00,0654:16:40,1,08
16:59:53,0.14232,215.40,0.50901,15.6294,45.63785,31.24599,45.13271,50.00,0654:16:40,1,08
16:59:54,0.14205,215.40,0.50671,15.52988,45.34726,31.24599,45.13271,50.00,0654:16:41,1,08
16:59:55,0.14215,215.50,0.50709,15.55519,45.42114,31.24601,45.13271,50.00,0654:16:42,1,08
16:59:56,0.14162,215.50,0.50662,15.48603,45.2192,31.24601,45.13272,50.00,0654:16:43,1,08
16:59:57,0.14168,215.60,0.50595,15.48265,45.20935,31.24602,45.13272,50.00,0654:16:44,1,08
16:59:58,0.14141,215.60,0.50569,15.44386,45.09607,31.24602,45.13272,50.00,0654:16:45,1,08
16:59:59,0.1414,215.50,0.50647,15.45904,45.1404,31.24602,45.13273,50.00,0654:16:46,1,08
17:00:00,0.14075,215.50,0.50633,15.38145,44.91383,31.24603,45.13273,50.00,0654:16:47,1,08
17:00:01,0.12699,215.20,0.49667,13.5935,39.69301,31.24603,45.13274,50.00,0654:16:48,1,08
17:00:02,0.14189,215.10,0.50535,15.45229,45.1207,31.24603,45.13274,50.00,0654:16:49,1,08
17:00:03,0.14343,215.30,0.50971,15.76434,46.03188,31.24603,45.13276,50.00,0654:16:50,1,08
17:00:04,0.14239,215.60,0.50708,15.59229,45.5295,31.24605,45.13276,50.00,0654:16:51,1,08
17:00:05,0.14367,216.00,0.50874,15.81157,46.16978,31.24605,45.13276,50.00,0654:16:52,1,08
17:00:06,0.14235,216.20,0.50126,15.45061,45.11578,31.24606,45.13276,50.00,0654:16:53,1,08
17:00:07,0.12834,216.10,0.49794,13.8347,40.39733,31.24606,45.13276,50.00,0654:16:54,1,08
17:00:08,0.14196,215.90,0.50478,15.49783,45.25368,31.24606,45.13277,50.00,0654:16:55,1,08
17:00:09,0.14132,216.00,0.50673,15.49277,45.2389,31.24607,45.13277,50.00,0654:16:56,1,08
17:00:10,0.14125,216.10,0.50563,15.46072,45.14532,31.24607,45.13278,50.00,0654:16:57,1,08
17:00:11,0.14264,216.10,0.50208,15.50458,45.27338,31.24607,45.13278,50.00,0654:16:59,1,08
17:00:12,0.14181,216.20,0.50626,15.54675,45.39651,31.24607,45.13279,50.00,0654:17:00,1,08
17:00:13,0.14085,216.40,0.50746,15.49109,45.23398,31.24609,45.13279,50.00,0654:17:01,1,08
17:00:14,0.14133,216.50,0.50495,15.47253,45.1798,31.24609,45.13279,50.00,0654:17:02,1,08
17:00:15,0.14228,216.40,0.50038,15.43205,45.06159,31.2461,45.1328,50.00,0654:17:03,1,08
17:00:16,0.14315,216.40,0.50022,15.51808,45.31278,31.2461,45.1328,50.00,0654:17:04,1,08
17:00:17,0.14199,216.40,0.50071,15.40844,44.99264,31.2461,45.13281,50.00,0654:17:05,1,08
17:00:18,0.14199,216.40,0.50071,15.40844,44.99264,31.2461,45.13281,50.00,0654:17:05,1,08
17:00:19,0.12713,216.40,0.49945,13.76554,40.19539,31.24611,45.13281,50.00,0654:17:06,1,08
17:00:20,0.14103,216.50,0.50618,15.47928,45.1995,31.24611,45.13282,50.00,0654:17:07,1,08
17:00:21,0.14207,216.50,0.5017,15.45567,45.13055,31.24611,45.13282,50.00,0654:17:08,1,08
17:00:22,0.142,216.40,0.50603,15.57543,45.48024,31.24611,45.13284,50.00,0654:17:09,1,08
17:00:23,0.14149,216.40,0.50627,15.52482,45.33249,31.24613,45.13284,50.00,0654:17:10,1,08
17:00:24,0.1413,216.40,0.50468,15.45567,45.13055,31.24613,45.13284,50.00,0654:17:11,1,08
17:00:25,0.13498,216.40,0.49712,14.54145,42.46103,31.24614,45.13284,50.00,0654:17:12,1,08
17:00:26,0.14316,216.30,0.49913,15.47759,45.19457,31.24614,45.13284,50.00,0654:17:13,1,08
17:00:27,0.14213,216.30,0.5029,15.48603,45.2192,31.24614,45.13285,50.00,0654:17:14,1,08
17:00:28,0.14132,216.20,0.50568,15.47591,45.18965,31.24615,45.13285,50.00,0654:17:15,1,08
17:00:29,0.14204,216.20,0.50433,15.50964,45.28815,31.24615,45.13286,50.00,0654:17:16,1,08
17:00:30,0.14165,216.10,0.50462,15.47085,45.17487,31.24615,45.13286,50.00,0654:17:17,1,08
17:00:31,0.1362,216.10,0.49611,14.62241,42.69745,31.24615,45.13287,50.00,0654:17:18,1,08
17:00:32,0.14196,216.10,0.50445,15.5029,45.26846,31.24617,45.13287,50.00,0654:17:20,1,08
17:00:33,0.14149,216.20,0.50561,15.49277,45.2389,31.24617,45.13287,50.00,0654:17:21,1,08
17:00:34,0.14239,216.30,0.50394,15.54338,45.38666,31.24618,45.13288,50.00,0654:17:22,1,08
17:00:35,0.14379,216.20,0.50032,15.58049,45.49502,31.24618,45.13288,50.00,0654:17:23,1,08
17:00:36,0.14057,216.20,0.50277,15.30386,44.68727,31.24619,45.13289,50.00,0654:17:24,1,08
17:00:37,0.1421,216.10,0.50422,15.50627,45.27831,31.24619,45.13289,50.00,0654:17:25,1,08
17:00:38,0.14275,216.10,0.50366,15.56193,45.44084,31.24619,45.1329,50.00,0654:17:26,1,08
17:00:39,0.14234,216.10,0.50394,15.5282,45.34233,31.24619,45.1329,50.00,0654:17:27,1,08
17:00:41,0.14379,216.10,0.49967,15.55519,45.42114,31.24619,45.13292,50.00,0654:17:28,1,08
17:00:42,0.14143,216.20,0.50435,15.44723,45.10592,31.2462,45.13292,50.00,0654:17:29,1,08
17:00:43,0.13271,216.00,0.49847,14.31543,41.80104,31.2462,45.13292,50.00,0654:17:30,1,08
17:00:44,0.14162,216.00,0.50413,15.44723,45.10592,31.24622,45.13292,50.00,0654:17:31,1,08
17:00:45,0.14162,216.00,0.50413,15.44723,45.10592,31.24622,45.13292,50.00,0654:17:31,1,08
17:00:46,0.14259,216.10,0.50224,15.49952,45.25861,31.24622,45.13292,50.00,0654:17:32,1,08
17:00:47,0.14253,216.10,0.50055,15.44555,45.10099,31.24623,45.13293,50.00,0654:17:33,1,08
17:00:48,0.14202,216.20,0.50252,15.45735,45.13547,31.24623,45.13293,50.00,0654:17:34,1,08
17:00:49,0.1412,216.30,0.5043,15.42531,45.04189,31.24623,45.13294,50.00,0654:17:35,1,08
17:00:50,0.14168,216.30,0.50396,15.46916,45.16995,31.24623,45.13294,50.00,0654:17:36,1,08
17:00:51,0.14223,216.20,0.50159,15.45061,45.11578,31.24623,45.13294,50.00,0654:17:37,1,08
17:00:52,0.14226,216.30,0.50219,15.47928,45.1995,31.24624,45.13295,50.00,0654:17:38,1,08
17:00:53,0.1409,216.60,0.50546,15.44723,45.10592,31.24624,45.13295,50.00,0654:17:40,1,08
17:00:54,0.14135,216.50,0.50539,15.49109,45.23398,31.24626,45.13297,50.00,0654:17:41,1,08
17:00:55,0.14136,216.50,0.50523,15.48771,45.22413,31.24626,45.13297,50.00,0654:17:42,1,08
17:00:56,0.14229,216.70,0.50404,15.5653,45.45069,31.24627,45.13297,50.00,0654:17:43,1,08
17:00:57,0.14098,216.80,0.5065,15.50458,45.27338,31.24627,45.13297,50.00,0654:17:44,1,08
17:00:58,0.14122,216.30,0.50579,15.47759,45.19457,31.24627,45.13298,50.00,0654:17:45,1,08
17:00:59,0.14136,216.80,0.50615,15.53832,45.37189,31.24627,45.13298,50.00,0654:17:46,1,08
17:01:00,0.14183,216.80,0.50192,15.45904,45.1404,31.24627,45.13298,50.00,0654:17:47,1,08
17:01:01,0.1423,216.80,0.50284,15.53832,45.37189,31.24628,45.133,50.00,0654:17:48,1,08
17:01:02,0.14099,216.90,0.50386,15.43205,45.06159,31.24628,45.133,50.00,0654:17:49,1,08
17:01:03,0.14211,216.80,0.50541,15.59904,45.5492,31.2463,45.133,50.00,0654:17:50,1,08
17:01:04,0.14098,216.80,0.50546,15.47085,45.17487,31.2463,45.133,50.00,0654:17:51,1,08
17:01:05,0.14262,216.60,0.5012,15.50964,45.28815,31.24631,45.13301,50.00,0654:17:52,1,08
17:01:06,0.14242,216.70,0.50317,15.55012,45.40636,31.24631,45.13301,50.00,0654:17:53,1,08
17:01:07,0.1417,216.80,0.50312,15.48097,45.20442,31.24632,45.13302,50.00,0654:17:54,1,08
17:01:08,0.14253,216.80,0.50578,15.6547,45.71173,31.24632,45.13302,50.00,0654:17:55,1,08
17:01:09,0.14117,216.90,0.50506,15.48771,45.22413,31.24632,45.13302,50.00,0654:17:56,1,08
17:01:10,0.14117,216.90,0.50506,15.48771,45.22413,31.24632,45.13302,50.00,0654:17:56,1,08
17:01:11,0.14189,216.90,0.50126,15.44892,45.11084,31.24632,45.13303,50.00,0654:17:57,1,08
17:01:12,0.12901,216.90,0.49753,13.94771,40.72733,31.24632,45.13303,50.00,0654:17:58,1,08
17:01:13,0.14152,216.90,0.50576,15.54844,45.40144,31.24634,45.13305,50.00,0654:18:00,1,08
17:01:14,0.14122,216.80,0.50352,15.44386,45.09607,31.24634,45.13305,50.00,0654:18:01,1,08
17:01:15,0.13548,216.70,0.5004,14.71856,42.97819,31.24635,45.13305,50.00,0654:18:02,1,08
17:01:16,0.142,216.50,0.49721,15.31061,44.70698,31.24635,45.13305,50.00,0654:18:03,1,08
17:01:17,0.1421,216.50,0.50235,15.47928,45.1995,31.24636,45.13306,50.00,0654:18:04,1,08
17:01:18,0.1425,216.40,0.50344,15.55181,45.41129,31.24636,45.13306,50.00,0654:18:05,1,08
17:01:19,0.14294,216.40,0.50071,15.51302,45.29801,31.24636,45.13306,50.00,0654:18:06,1,08
17:01:20,0.14313,216.40,0.49668,15.40675,44.98772,31.24636,45.13308,50.00,0654:18:07,1,08
17:01:21,0.14177,216.50,0.50296,15.46241,45.15025,31.24636,45.13308,50.00,0654:18:08,1,08
17:01:22,0.1414,216.50,0.50429,15.46241,45.15025,31.24638,45.13308,50.00,0654:18:09,1,08
17:01:23,0.14235,216.40,0.50366,15.54169,45.38174,31.24638,45.13308,50.00,0654:18:10,1,08
17:01:24,0.14207,216.40,0.50285,15.48265,45.20935,31.24639,45.13309,50.00,0654:18:11,1,08
17:01:25,0.14266,216.40,0.50038,15.47085,45.17487,31.24639,45.13309,50.00,0654:18:12,1,08
17:01:26,0.14181,216.40,0.5045,15.50458,45.27338,31.2464,45.1331,50.00,0654:18:13,1,08
17:01:27,0.14223,216.40,0.50301,15.50796,45.28323,31.2464,45.1331,50.00,0654:18:14,1,08
17:01:28,0.14159,216.40,0.50291,15.43205,45.06159,31.2464,45.1331,50.00,0654:18:15,1,08
17:01:29,0.12722,216.40,0.49394,13.6188,39.7669,31.2464,45.13311,50.00,0654:18:16,1,08
17:01:30,0.14346,216.30,0.50038,15.55181,45.41129,31.2464,45.13311,50.00,0654:18:17,1,08
17:01:31,0.14224,216.40,0.5041,15.54,45.37681,31.24642,45.13313,50.00,0654:18:18,1,08
17:01:32,0.14177,216.30,0.50439,15.49109,45.23398,31.24642,45.13313,50.00,0654:18:19,1,08
17:01:33,0.14213,216.20,0.50526,15.5535,45.41621,31.24643,45.13313,50.00,0654:18:21,1,08
17:01:34,0.14283,216.00,0.50218,15.51976,45.31771,31.24643,45.13313,50.00,0654:18:22,1,08
17:01:35,0.14334,216.10,0.50098,15.54169,45.38174,31.24644,45.13314,50.00,0654:18:23,1,08
17:01:36,0.14447,216.20,0.5028,15.72892,45.92844,31.24644,45.13314,50.00,0654:18:24,1,08
17:01:37,0.14447,216.20,0.5028,15.72892,45.92844,31.24644,45.13314,50.00,0654:18:24,1,08
17:01:38,0.14213,216.10,0.50367,15.49277,45.2389,31.24644,45.13314,50.00,0654:18:25,1,08
17:01:39,0.14329,216.30,0.5025,15.59735,45.54427,31.24644,45.13315,50.00,0654:18:26,1,08
17:01:40,0.14272,216.50,0.50153,15.52314,45.32756,31.24644,45.13315,50.00,0654:18:27,1,08
17:01:41,0.14011,216.50,0.50044,15.20772,44.40653,31.24646,45.13316,50.00,0654:18:28,1,08
17:01:42,0.14219,216.60,0.50284,15.5147,45.30293,31.24646,45.13316,50.00,0654:18:29,1,08
17:01:43,0.14243,216.50,0.5012,15.48265,45.20935,31.24647,45.13317,50.00,0654:18:30,1,08
17:01:44,0.14297,216.50,0.49891,15.46579,45.1601,31.24647,45.13317,50.00,0654:18:31,1,08
17:01:45,0.14316,216.50,0.49946,15.50627,45.27831,31.24648,45.13318,50.00,0654:18:32,1,08
17:01:46,0.14207,216.40,0.50203,15.46072,45.14532,31.24648,45.13318,50.00,0654:18:33,1,08
17:01:47,0.14106,216.30,0.50292,15.37302,44.88921,31.24648,45.13318,50.00,0654:18:34,1,08
17:01:48,0.14226,216.40,0.50301,15.50796,45.28323,31.24648,45.13319,50.00,0654:18:35,1,08
17:01:49,0.14321,216.40,0.5,15.52314,45.32756,31.24648,45.13319,50.00,0654:18:36,1,08
17:01:50,0.14239,216.50,0.50082,15.46747,45.16503,31.2465,45.13321,50.00,0654:18:37,1,08
17:01:51,0.14264,216.60,0.50196,15.53157,45.35218,31.2465,45.13321,50.00,0654:18:38,1,08
17:01:52,0.14192,216.30,0.50444,15.50964,45.28815,31.24651,45.13321,50.00,0654:18:39,1,08
17:01:53,0.1387,216.40,0.50219,15.09976,44.0913,31.24651,45.13321,50.00,0654:18:41,1,08
17:01:54,0.14337,216.30,0.50038,15.54338,45.38666,31.24652,45.13322,50.00,0654:18:42,1,08
17:01:55,0.14247,216.30,0.50404,15.55856,45.43099,31.24652,45.13322,50.00,0654:18:43,1,08
17:01:56,0.14251,216.30,0.50486,15.58723,45.51472,31.24652,45.13322,50.00,0654:18:44,1,08
17:01:57,0.14296,216.30,0.50604,15.67326,45.76591,31.24652,45.13323,50.00,0654:18:45,1,08
17:01:58,0.14196,216.30,0.5045,15.51302,45.29801,31.24653,45.13323,50.00,0654:18:46,1,08
17:01:59,0.1435,216.20,0.50125,15.57711,45.48517,31.24653,45.13324,50.00,0654:18:47,1,08
17:02:00,0.14389,215.90,0.50222,15.6294,45.63785,31.24653,45.13324,50.00,0654:18:48,1,08
17:02:01,0.14381,215.90,0.50125,15.58892,45.51965,31.24655,45.13326,50.00,0654:18:49,1,08
17:02:02,0.14353,215.80,0.50136,15.55519,45.42114,31.24655,45.13326,50.00,0654:18:50,1,08
17:02:03,0.14353,215.80,0.50136,15.55519,45.42114,31.24655,45.13326,50.00,0654:18:50,1,08
17:02:04,0.14421,215.90,0.49697,15.49615,45.24875,31.24656,45.13326,50.00,0654:18:51,1,08
17:02:05,0.14224,215.80,0.50291,15.46579,45.1601,31.24656,45.13326,50.00,0654:18:52,1,08
17:02:06,0.14261,215.80,0.50191,15.47422,45.18472,31.24656,45.13326,50.00,0654:18:53,1,08
17:02:07,0.14275,215.80,0.50301,15.51976,45.31771,31.24656,45.13327,50.00,0654:18:54,1,08
17:02:08,0.1421,215.80,0.50247,15.43037,45.05667,31.24657,45.13327,50.00,0654:18:55,1,08
17:02:09,0.12978,215.80,0.49369,13.8482,40.43673,31.24657,45.13329,50.00,0654:18:56,1,08
17:02:10,0.14369,215.70,0.50185,15.58049,45.49502,31.24657,45.13329,50.00,0654:18:57,1,08
17:02:11,0.14469,215.90,0.50367,15.7576,46.01218,31.24659,45.13329,50.00,0654:18:58,1,08
17:02:12,0.14278,215.80,0.5018,15.4894,45.22905,31.24659,45.13329,50.00,0654:18:59,1,08
17:02:13,0.14471,215.80,0.50356,15.75253,45.9974,31.2466,45.1333,50.00,0654:19:00,1,08
17:02:14,0.14353,215.90,0.50016,15.52482,45.33249,31.2466,45.1333,50.00,0654:19:02,1,08
17:02:15,0.13182,216.00,0.4961,14.14675,41.30851,31.2466,45.1333,50.00,0654:19:03,1,08
17:02:16,0.1427,215.90,0.50235,15.50121,45.26353,31.2466,45.13331,50.00,0654:19:04,1,08
17:02:17,0.1432,216.00,0.50201,15.55181,45.41129,31.24661,45.13331,50.00,0654:19:05,1,08
17:02:18,0.14256,216.10,0.50027,15.4388,45.08129,31.24661,45.13332,50.00,0654:19:06,1,08
17:02:19,0.13863,216.10,0.49843,14.95807,43.67758,31.24661,45.13332,50.00,0654:19:07,1,08
17:02:20,0.14213,216.10,0.50307,15.47928,45.1995,31.24663,45.13334,50.00,0654:19:08,1,08
17:02:21,0.14218,216.30,0.50203,15.46579,45.1601,31.24663,45.13334,50.00,0654:19:09,1,08
17:02:22,0.14328,216.50,0.50179,15.58892,45.51965,31.24664,45.13334,50.00,0654:19:10,1,08
17:02:23,0.14378,216.50,0.50049,15.60747,45.57383,31.24664,45.13334,50.00,0654:19:11,1,08
17:02:24,0.14274,216.70,0.50376,15.60579,45.5689,31.24664,45.13334,50.00,0654:19:12,1,08
17:02:25,0.14232,216.70,0.50268,15.52651,45.33741,31.24664,45.13335,50.00,0654:19:13,1,08
17:02:26,0.13969,216.60,0.4995,15.14025,44.20952,31.24665,45.13335,50.00,0654:19:14,1,08
17:02:27,0.14354,216.50,0.49843,15.5147,45.30293,31.24665,45.13337,50.00,0654:19:15,1,08
17:02:28,0.14354,216.50,0.49843,15.5147,45.30293,31.24665,45.13337,50.00,0654:19:15,1,08
17:02:29,0.1382,216.40,0.49916,14.95133,43.65788,31.24667,45.13337,50.00,0654:19:16,1,08
17:02:30,0.14181,216.40,0.50335,15.46916,45.16995,31.24667,45.13337,50.00,0654:19:17,1,08
17:02:31,0.1433,216.30,0.50147,15.56868,45.46054,31.24667,45.13337,50.00,0654:19:18,1,08
17:02:32,0.14286,216.40,0.50419,15.61253,45.5886,31.24668,45.13338,50.00,0654:19:19,1,08
17:02:33,0.14324,216.40,0.50011,15.52482,45.33249,31.24668,45.13338,50.00,0654:19:20,1,08
17:02:34,0.14307,216.30,0.50158,15.55012,45.40636,31.24669,45.13338,50.00,0654:19:21,1,08
17:02:35,0.14247,216.40,0.50273,15.52314,45.32756,31.24669,45.13339,50.00,0654:19:23,1,08
17:02:36,0.14234,216.30,0.50268,15.49952,45.25861,31.24669,45.13339,50.00,0654:19:24,1,08
17:02:37,0.14247,216.30,0.50208,15.49446,45.24382,31.24669,45.1334,50.00,0654:19:25,1,08
17:02:38,0.14378,216.20,0.49772,15.49783,45.25368,31.24671,45.1334,50.00,0654:19:26,1,08
17:02:40,0.13936,216.20,0.5005,15.10651,44.11101,31.24671,45.13342,50.00,0654:19:27,1,08
17:02:41,0.14229,216.30,0.50284,15.50458,45.27338,31.24671,45.13342,50.00,0654:19:28,1,08
17:02:42,0.14275,216.40,0.50305,15.5653,45.45069,31.24672,45.13342,50.00,0654:19:29,1,08
17:02:43,0.14353,216.50,0.49821,15.50796,45.28323,31.24672,45.13342,50.00,0654:19:30,1,08
17:02:44,0.14215,216.60,0.50235,15.49109,45.23398,31.24673,45.13343,50.00,0654:19:31,1,08
17:02:45,0.1425,216.70,0.50349,15.57205,45.47039,31.24673,45.13343,50.00,0654:19:32,1,08
17:02:46,0.14405,216.60,0.50243,15.70024,45.84472,31.24673,45.13343,50.00,0654:19:33,1,08
17:02:47,0.14274,216.70,0.50201,15.55012,45.40636,31.24673,45.13344,50.00,0654:19:34,1,08
17:02:48,0.1445,216.70,0.49812,15.62265,45.61815,31.24675,45.13344,50.00,0654:19:35,1,08
17:02:49,0.14353,216.80,0.502,15.6429,45.67726,31.24675,45.13345,50.00,0654:19:36,1,08
17:02:50,0.14188,216.70,0.50142,15.44386,45.09607,31.24676,45.13345,50.00,0654:19:37,1,08
17:02:51,0.1433,216.80,0.49816,15.49952,45.25861,31.24676,45.13346,50.00,0654:19:38,1,08
17:02:52,0.14394,216.70,0.49762,15.54844,45.40144,31.24676,45.13346,50.00,0654:19:39,1,08
17:02:53,0.14493,216.60,0.49587,15.59398,45.53442,31.24677,45.13347,50.00,0654:19:40,1,08
17:02:54,0.14486,216.70,0.49582,15.59061,45.52457,31.24677,45.13347,50.00,0654:19:41,1,08
17:02:55,0.14337,216.80,0.5,15.56362,45.44577,31.24677,45.13347,50.00,0654:19:42,1,08
17:02:56,0.14337,216.80,0.5,15.56362,45.44577,31.24677,45.13347,50.00,0654:19:42,1,08
17:02:57,0.14428,216.70,0.5007,15.67832,45.78069,31.24677,45.13348,50.00,0654:19:44,1,08
17:02:58,0.14272,216.70,0.50136,15.53326,45.35711,31.24679,45.13348,50.00,0654:19:45,1,08
17:02:59,0.1435,216.60,0.49859,15.52482,45.33249,31.24679,45.1335,50.00,0654:19:46,1,08
17:03:00,0.1428,216.60,0.50201,15.55519,45.42114,31.2468,45.1335,50.00,0654:19:47,1,08
17:03:01,0.14224,216.60,0.50257,15.50627,45.27831,31.2468,45.1335,50.00,0654:19:48,1,08
17:03:02,0.14324,216.50,0.49995,15.52988,45.34726,31.24681,45.1335,50.00,0654:19:49,1,08
17:03:03,0.1432,216.40,0.49957,15.50796,45.28323,31.24681,45.13351,50.00,0654:19:50,1,08
17:03:04,0.1433,216.50,0.49859,15.49109,45.23398,31.24681,45.13351,50.00,0654:19:51,1,08
17:03:05,0.14312,216.50,0.50125,15.55856,45.43099,31.24681,45.13352,50.00,0654:19:52,1,08
17:03:06,0.14301,216.50,0.49978,15.49783,45.25368,31.24681,45.13352,50.00,0654:19:53,1,08
17:03:07,0.14332,216.50,0.49935,15.52145,45.32264,31.24682,45.13352,50.00,0654:19:54,1,08
17:03:08,0.14417,216.40,0.49757,15.54844,45.40144,31.24682,45.13353,50.00,0654:19:55,1,08
17:03:09,0.14179,216.30,0.49841,15.31398,44.71682,31.24684,45.13353,50.00,0654:19:56,1,08
17:03:10,0.14445,216.40,0.50005,15.65639,45.71666,31.24684,45.13354,50.00,0654:19:57,1,08
17:03:11,0.14445,216.40,0.49914,15.6294,45.63785,31.24685,45.13354,50.00,0654:19:58,1,08
17:03:12,0.14274,216.60,0.49902,15.45061,45.11578,31.24685,45.13355,50.00,0654:19:59,1,08
17:03:13,0.14088,216.60,0.49349,15.08121,44.03713,31.24685,45.13355,50.00,0654:20:00,1,08
17:03:14,0.14519,216.60,0.50327,15.85374,46.29291,31.24685,45.13356,50.00,0654:20:01,1,08
17:03:15,0.14277,216.60,0.50011,15.4894,45.22905,31.24685,45.13356,50.00,0654:20:02,1,08
17:03:16,0.14255,216.50,0.50076,15.48097,45.20442,31.24686,45.13358,50.00,0654:20:04,1,08
17:03:17,0.1434,216.50,0.49908,15.51976,45.31771,31.24686,45.13358,50.00,0654:20:05,1,08
17:03:18,0.1433,216.70,0.4987,15.50796,45.28323,31.24688,45.13358,50.00,0654:20:06,1,08
17:03:19,0.13706,216.70,0.49824,14.82482,43.28849,31.24688,45.13358,50.00,0654:20:07,1,08
17:03:20,0.14248,216.70,0.50098,15.49277,45.2389,31.24689,45.13358,50.00,0654:20:08,1,08
17:03:21,0.14248,216.70,0.50098,15.49277,45.2389,31.24689,45.13358,50.00,0654:20:08,1,08
17:03:22,0.14286,216.70,0.50207,15.56699,45.45562,31.24689,45.13359,50.00,0654:20:09,1,08
17:03:23,0.142,216.60,0.50011,15.41012,44.99756,31.24689,45.13359,50.00,0654:20:10,1,08
17:03:24,0.13643,216.60,0.4955,14.66458,42.82058,31.24689,45.1336,50.00,0654:20:11,1,08
17:03:25,0.14326,216.50,0.50011,15.53832,45.37189,31.24689,45.1336,50.00,0654:20:12,1,08
17:03:26,0.1427,216.50,0.50022,15.47928,45.1995,31.2469,45.13361,50.00,0654:20:13,1,08
17:03:27,0.14308,216.50,0.49739,15.43374,45.06652,31.2469,45.13361,50.00,0654:20:14,1,08
17:03:28,0.14277,216.50,0.49853,15.43711,45.07637,31.24692,45.13361,50.00,0654:20:15,1,08
17:03:29,0.14266,216.60,0.5012,15.51302,45.29801,31.24692,45.13363,50.00,0654:20:16,1,08
17:03:30,0.14283,216.60,0.49891,15.46241,45.15025,31.24693,45.13363,50.00,0654:20:17,1,08
17:03:31,0.13363,216.60,0.49494,14.34748,41.89463,31.24693,45.13363,50.00,0654:20:18,1,08
17:03:32,0.14475,216.50,0.49527,15.55012,45.40636,31.24693,45.13363,50.00,0654:20:19,1,08
17:03:33,0.14359,216.50,0.49718,15.48097,45.20442,31.24693,45.13364,50.00,0654:20:20,1,08
17:03:34,0.14315,216.40,0.49886,15.47928,45.1995,31.24693,45.13364,50.00,0654:20:21,1,08
17:03:35,0.14343,216.40,0.49864,15.50121,45.26353,31.24694,45.13366,50.00,0654:20:22,1,08
17:03:36,0.14357,216.30,0.49864,15.51302,45.29801,31.24694,45.13366,50.00,0654:20:23,1,08
17:03:37,0.14354,216.30,0.49376,15.35615,44.83995,31.24696,45.13366,50.00,0654:20:25,1,08
17:03:38,0.14395,216.20,0.49702,15.49277,45.2389,31.24696,45.13366,50.00,0654:20:26,1,08
17:03:39,0.14357,216.30,0.49913,15.52482,45.33249,31.24697,45.13366,50.00,0654:20:27,1,08
17:03:40,0.14346,216.20,0.49783,15.46747,45.16503,31.24697,45.13367,50.00,0654:20:28,1,08
17:03:41,0.14138,216.10,0.49493,15.14362,44.21936,31.24697,45.13367,50.00,0654:20:29,1,08
17:03:42,0.14445,216.00,0.49304,15.41181,45.00249,31.24697,45.13368,50.00,0654:20:30,1,08
17:03:43,0.14447,216.10,0.49639,15.51976,45.31771,31.24697,45.13368,50.00,0654:20:31,1,08
17:03:44,0.14346,216.30,0.49924,15.51808,45.31278,31.24698,45.13369,50.00,0654:20:32,1,08
17:03:45,0.14103,216.40,0.4989,15.25326,44.53951,31.24698,45.13369,50.00,0654:20:33,1,08
17:03:46,0.14489,216.30,0.49463,15.52482,45.33249,31.247,45.13371,50.00,0654:20:34,1,08
17:03:47,0.14277,216.20,0.49776,15.39157,44.94339,31.247,45.13371,50.00,0654:20:35,1,08
17:03:48,0.14277,216.20,0.49776,15.39157,44.94339,31.247,45.13371,50.00,0654:20:35,1,08
17:03:49,0.12899,216.10,0.49239,13.75037,40.15107,31.24701,45.13371,50.00,0654:20:36,1,08
17:03:50,0.14335,216.00,0.49891,15.47422,45.18472,31.24701,45.13371,50.00,0654:20:37,1,08
17:03:51,0.14392,216.10,0.498,15.51133,45.29308,31.24701,45.13371,50.00,0654:20:38,1,08
17:03:52,0.14461,216.20,0.49192,15.40338,44.97786,31.24701,45.13372,50.00,0654:20:39,1,08
17:03:53,0.12749,216.20,0.48711,13.44675,39.26451,31.24701,45.13372,50.00,0654:20:40,1,08
17:03:54,0.14533,216.20,0.49346,15.52988,45.34726,31.24702,45.13373,50.00,0654:20:41,1,08
17:03:55,0.14494,216.20,0.49398,15.50121,45.26353,31.24702,45.13373,50.00,0654:20:42,1,08
17:03:56,0.14578,216.30,0.49279,15.56362,45.44577,31.24704,45.13374,50.00,0654:20:43,1,08
17:03:57,0.14578,216.20,0.49118,15.5029,45.26846,31.24704,45.13374,50.00,0654:20:45,1,08
17:03:58,0.14518,216.20,0.4919,15.46241,45.15025,31.24705,45.13375,50.00,0654:20:46,1,08
17:03:59,0.14417,216.20,0.49508,15.45398,45.12562,31.24705,45.13375,50.00,0654:20:47,1,08
17:04:00,0.14518,216.10,0.49297,15.49109,45.23398,31.24706,45.13375,50.00,0654:20:48,1,08
17:04:01,0.14514,215.90,0.49479,15.52988,45.34726,31.24706,45.13376,50.00,0654:20:49,1,08
17:04:02,0.14557,215.90,0.49427,15.55856,45.43099,31.24706,45.13376,50.00,0654:20:50,1,08
17:04:03,0.14416,216.00,0.49832,15.54338,45.38666,31.24706,45.13377,50.00,0654:20:51,1,08
17:04:04,0.14513,216.00,0.49447,15.5282,45.34233,31.24706,45.13377,50.00,0654:20:52,1,08
17:04:05,0.14636,216.00,0.49483,15.6682,45.75114,31.24708,45.13379,50.00,0654:20:53,1,08
17:04:06,0.14528,216.10,0.49592,15.59567,45.53934,31.24708,45.13379,50.00,0654:20:54,1,08
17:04:07,0.14545,216.30,0.49416,15.56868,45.46054,31.24709,45.13379,50.00,0654:20:55,1,08
17:04:08,0.14431,216.20,0.49779,15.55856,45.43099,31.24709,45.13379,50.00,0654:20:56,1,08
17:04:09,0.14369,216.40,0.49778,15.50121,45.26353,31.2471,45.1338,50.00,0654:20:57,1,08
17:04:10,0.12897,216.40,0.49137,13.7335,40.10181,31.2471,45.1338,50.00,0654:20:58,1,08
17:04:11,0.14518,216.30,0.49308,15.50964,45.28815,31.2471,45.1338,50.00,0654:20:59,1,08
17:04:12,0.14386,216.30,0.49746,15.50627,45.27831,31.2471,45.13381,50.00,0654:21:00,1,08
17:04:13,0.14299,216.30,0.49962,15.47928,45.1995,31.2471,45.13381,50.00,0654:21:01,1,08
17:04:14,0.14299,216.30,0.49962,15.47928,45.1995,31.2471,45.13381,50.00,0654:21:01,1,08
17:04:15,0.14408,216.40,0.49752,15.53663,45.36696,31.24712,45.13382,50.00,0654:21:02,1,08
17:04:16,0.14533,216.40,0.49561,15.61422,45.59352,31.24712,45.13382,50.00,0654:21:03,1,08
17:04:17,0.14614,216.40,0.4942,15.65302,45.70681,31.24713,45.13383,50.00,0654:21:04,1,08
17:04:18,0.14431,216.40,0.49779,15.57036,45.46547,31.24713,45.13383,50.00,0654:21:06,1,08
17:04:19,0.14477,216.30,0.49774,15.61422,45.59352,31.24714,45.13384,50.00,0654:21:07,1,08
17:04:20,0.14428,216.40,0.49773,15.56362,45.44577,31.24714,45.13384,50.00,0654:21:08,1,08
17:04:21,0.14508,216.30,0.49522,15.56699,45.45562,31.24714,45.13385,50.00,0654:21:09,1,08
17:04:22,0.14518,216.20,0.49388,15.5282,45.34233,31.24714,45.13385,50.00,0654:21:10,1,08
17:04:23,0.14643,216.30,0.49862,15.81832,46.18948,31.24715,45.13387,50.00,0654:21:11,1,08
17:04:24,0.14405,216.20,0.49649,15.48771,45.22413,31.24715,45.13387,50.00,0654:21:12,1,08
17:04:25,0.14359,216.20,0.49702,15.45398,45.12562,31.24715,45.13387,50.00,0654:21:13,1,08
17:04:26,0.14416,216.10,0.49757,15.5282,45.34233,31.24717,45.13387,50.00,0654:21:14,1,08
17:04:27,0.1452,216.20,0.49571,15.58386,45.50487,31.24717,45.13387,50.00,0654:21:15,1,08
17:04:28,0.1428,216.20,0.49924,15.43543,45.07145,31.24718,45.13388,50.00,0654:21:16,1,08
17:04:29,0.13918,215.90,0.49759,14.97832,43.73668,31.24718,45.13388,50.00,0654:21:17,1,08
17:04:30,0.14445,215.80,0.49633,15.49615,45.24875,31.24718,45.13389,50.00,0654:21:18,1,08
17:04:31,0.14409,215.80,0.49556,15.43374,45.06652,31.24718,45.13389,50.00,0654:21:19,1,08
17:04:32,0.13445,215.80,0.49797,14.4706,42.25417,31.24719,45.1339,50.00,0654:21:20,1,08
17:04:33,0.14395,215.90,0.4994,15.54506,45.39159,31.24719,45.1339,50.00,0654:21:21,1,08
17:04:34,0.14442,215.90,0.49589,15.48603,45.2192,31.24719,45.13391,50.00,0654:21:22,1,08
17:04:35,0.14541,215.90,0.49303,15.50121,45.26353,31.24721,45.13391,50.00,0654:21:23,1,08
17:04:37,0.1452,215.80,0.49328,15.48603,45.2192,31.24721,45.13391,50.00,0654:21:24,1,08
17:04:38,0.14422,215.80,0.49313,15.36964,44.87935,31.24722,45.13392,50.00,0654:21:25,1,08
