nohup: 忽略输入
2026-05-26 17:51:51.357 | INFO     | __main__:<module>:136 - Starting fair sampled DFL real server device=cuda:0 dataset=cifar10 model=resnet8 beta=0.1 users=10 train_count=2 seed=1
2026-05-26 17:51:52.518 | INFO     | __main__:<module>:167 - No checkpoint restored for DFL at logs_real/dfl_real_server/checkpoints/dfl_seed1/checkpoint.pt; fresh_start=0
2026-05-26 17:51:52.518 | DEBUG    | utils.ConnectHandler_server:__init__:141 - server boot...
2026-05-26 17:51:52.518 | DEBUG    | utils.ConnectHandler_server:register:120 - waiting clients to connect...
2026-05-26 17:53:53.000 | DEBUG    | utils.ConnectHandler_server:register:125 - client addr:('192.0.2.231', 39368) connected
2026-05-26 17:53:53.002 | INFO     | utils.ConnectHandler_server:receive:71 - 18bytes data to be received from client#('192.0.2.231', 39368)
Files already downloaded and verified
Files already downloaded and verified

═════════════════════════ 数据分配最终审计 ═════════════════════════
✅ ID 0 (Nano  ) | 样本:  2000 | 类别:  5/10 | 不均衡度: 466.3
✅ ID 1 (Nano  ) | 样本:  2000 | 类别:  6/10 | 不均衡度: 235.2
✅ ID 2 (Nano  ) | 样本:  2000 | 类别:  3/10 | 不均衡度: 587.1
✅ ID 3 (Nano  ) | 样本:  2000 | 类别:  5/10 | 不均衡度: 445.1
✅ ID 4 (Nano  ) | 样本:  2000 | 类别:  5/10 | 不均衡度: 567.5
✅ ID 5 (Nano  ) | 样本:  2000 | 类别:  4/10 | 不均衡度: 539.8
✅ ID 6 (Nano  ) | 样本:  2000 | 类别:  4/10 | 不均衡度: 437.7
✅ ID 7 (Xavier) | 样本: 12000 | 类别:  5/10 | 不均衡度: 1819.2
✅ ID 8 (Xavier) | 样本: 14032 | 类别:  6/10 | 不均衡度: 1954.3
✅ ID 9 (Orin  ) | 样本:  9968 | 类别:  7/10 | 不均衡度: 1561.5
Total samples: 50000/50000
══════════════════════════════════════════════════════════════════


  0%|          | 0/18 [00:00<?, ?iteration/s]2026-05-26 17:53:53.007 | INFO     | utils.ConnectHandler_server:receive:80 - receive completed

100%|██████████| 18/18 [00:00<00:00, 47333.84iteration/s]
2026-05-26 17:53:53.007 | INFO     | utils.ConnectHandler_server:register:128 - receive msg from client#2
2026-05-26 17:53:53.007 | DEBUG    | utils.ConnectHandler_server:register:131 - client#2 registered
2026-05-26 17:53:54.614 | DEBUG    | utils.ConnectHandler_server:register:125 - client addr:('192.0.2.243', 33752) connected
2026-05-26 17:53:54.616 | INFO     | utils.ConnectHandler_server:receive:71 - 18bytes data to be received from client#('192.0.2.243', 33752)

  0%|          | 0/18 [00:00<?, ?iteration/s]2026-05-26 17:53:54.617 | INFO     | utils.ConnectHandler_server:receive:80 - receive completed

100%|██████████| 18/18 [00:00<00:00, 39756.44iteration/s]
2026-05-26 17:53:54.618 | INFO     | utils.ConnectHandler_server:register:128 - receive msg from client#7
2026-05-26 17:53:54.618 | DEBUG    | utils.ConnectHandler_server:register:131 - client#7 registered
2026-05-26 17:53:55.372 | DEBUG    | utils.ConnectHandler_server:register:125 - client addr:('192.0.2.161', 41584) connected
2026-05-26 17:53:55.373 | INFO     | utils.ConnectHandler_server:receive:71 - 18bytes data to be received from client#('192.0.2.161', 41584)

  0%|          | 0/18 [00:00<?, ?iteration/s]2026-05-26 17:53:55.375 | INFO     | utils.ConnectHandler_server:receive:80 - receive completed

100%|██████████| 18/18 [00:00<00:00, 36774.22iteration/s]
2026-05-26 17:53:55.375 | INFO     | utils.ConnectHandler_server:register:128 - receive msg from client#4
2026-05-26 17:53:55.376 | DEBUG    | utils.ConnectHandler_server:register:131 - client#4 registered
2026-05-26 17:53:55.501 | DEBUG    | utils.ConnectHandler_server:register:125 - client addr:('192.0.2.7', 36846) connected
2026-05-26 17:53:55.503 | INFO     | utils.ConnectHandler_server:receive:71 - 18bytes data to be received from client#('192.0.2.7', 36846)

  0%|          | 0/18 [00:00<?, ?iteration/s]2026-05-26 17:53:55.504 | INFO     | utils.ConnectHandler_server:receive:80 - receive completed

100%|██████████| 18/18 [00:00<00:00, 34584.27iteration/s]
2026-05-26 17:53:55.505 | INFO     | utils.ConnectHandler_server:register:128 - receive msg from client#3
2026-05-26 17:53:55.505 | DEBUG    | utils.ConnectHandler_server:register:131 - client#3 registered
2026-05-26 17:53:55.756 | DEBUG    | utils.ConnectHandler_server:register:125 - client addr:('192.0.2.121', 52722) connected
2026-05-26 17:53:55.759 | INFO     | utils.ConnectHandler_server:receive:71 - 18bytes data to be received from client#('192.0.2.121', 52722)

  0%|          | 0/18 [00:00<?, ?iteration/s]2026-05-26 17:53:55.760 | INFO     | utils.ConnectHandler_server:receive:80 - receive completed

100%|██████████| 18/18 [00:00<00:00, 20695.58iteration/s]
2026-05-26 17:53:55.761 | INFO     | utils.ConnectHandler_server:register:128 - receive msg from client#0
2026-05-26 17:53:55.761 | DEBUG    | utils.ConnectHandler_server:register:131 - client#0 registered
2026-05-26 17:53:57.975 | DEBUG    | utils.ConnectHandler_server:register:125 - client addr:('192.0.2.19', 50572) connected
2026-05-26 17:53:57.975 | INFO     | utils.ConnectHandler_server:receive:71 - 22bytes data to be received from client#('192.0.2.19', 50572)

  0%|          | 0/22 [00:00<?, ?iteration/s]2026-05-26 17:53:57.976 | INFO     | utils.ConnectHandler_server:receive:80 - receive completed

100%|██████████| 22/22 [00:00<00:00, 46276.17iteration/s]
2026-05-26 17:53:57.977 | INFO     | utils.ConnectHandler_server:register:128 - receive msg from client#9
2026-05-26 17:53:57.977 | DEBUG    | utils.ConnectHandler_server:register:131 - client#9 registered
2026-05-26 17:53:58.428 | DEBUG    | utils.ConnectHandler_server:register:125 - client addr:('192.0.2.239', 51782) connected
2026-05-26 17:53:58.430 | INFO     | utils.ConnectHandler_server:receive:71 - 18bytes data to be received from client#('192.0.2.239', 51782)

  0%|          | 0/18 [00:00<?, ?iteration/s]2026-05-26 17:53:58.431 | INFO     | utils.ConnectHandler_server:receive:80 - receive completed

100%|██████████| 18/18 [00:00<00:00, 37430.58iteration/s]
2026-05-26 17:53:58.432 | INFO     | utils.ConnectHandler_server:register:128 - receive msg from client#5
2026-05-26 17:53:58.432 | DEBUG    | utils.ConnectHandler_server:register:131 - client#5 registered
2026-05-26 17:54:01.360 | DEBUG    | utils.ConnectHandler_server:register:125 - client addr:('192.0.2.142', 33630) connected
2026-05-26 17:54:01.362 | INFO     | utils.ConnectHandler_server:receive:71 - 18bytes data to be received from client#('192.0.2.142', 33630)

  0%|          | 0/18 [00:00<?, ?iteration/s]2026-05-26 17:54:01.363 | INFO     | utils.ConnectHandler_server:receive:80 - receive completed

100%|██████████| 18/18 [00:00<00:00, 36684.87iteration/s]
2026-05-26 17:54:01.364 | INFO     | utils.ConnectHandler_server:register:128 - receive msg from client#6
2026-05-26 17:54:01.364 | DEBUG    | utils.ConnectHandler_server:register:131 - client#6 registered
2026-05-26 17:54:01.722 | DEBUG    | utils.ConnectHandler_server:register:125 - client addr:('192.0.2.198', 59348) connected
2026-05-26 17:54:01.727 | INFO     | utils.ConnectHandler_server:receive:71 - 18bytes data to be received from client#('192.0.2.198', 59348)

  0%|          | 0/18 [00:00<?, ?iteration/s]2026-05-26 17:54:01.729 | INFO     | utils.ConnectHandler_server:receive:80 - receive completed

100%|██████████| 18/18 [00:00<00:00, 13630.16iteration/s]
2026-05-26 17:54:01.730 | INFO     | utils.ConnectHandler_server:register:128 - receive msg from client#8
2026-05-26 17:54:01.730 | DEBUG    | utils.ConnectHandler_server:register:131 - client#8 registered
2026-05-26 17:54:01.859 | DEBUG    | utils.ConnectHandler_server:register:125 - client addr:('192.0.2.237', 49428) connected
2026-05-26 17:54:01.862 | INFO     | utils.ConnectHandler_server:receive:71 - 18bytes data to be received from client#('192.0.2.237', 49428)

  0%|          | 0/18 [00:00<?, ?iteration/s]2026-05-26 17:54:01.863 | INFO     | utils.ConnectHandler_server:receive:80 - receive completed

100%|██████████| 18/18 [00:00<00:00, 30954.27iteration/s]
2026-05-26 17:54:01.864 | INFO     | utils.ConnectHandler_server:register:128 - receive msg from client#1
2026-05-26 17:54:01.864 | DEBUG    | utils.ConnectHandler_server:register:131 - client#1 registered
2026-05-26 17:54:01.865 | DEBUG    | utils.ConnectHandler_server:register:135 - all clients are ready
2026-05-26 17:54:01.865 | INFO     | __main__:<module>:179 - 2026-05-26 17:54:01 ROUND=0 start selected=[0, 1] active_clients=[0, 1, 2, 3, 4, 5, 6, 7, 8, 9] cursor=2
2026-05-26 17:54:01.916 | INFO     | utils.ConnectHandler_server:send:28 - sending data (19699823 bytes) to client#0...
2026-05-26 17:54:03.555 | INFO     | utils.ConnectHandler_server:send:34 - sending data (19699823 bytes) to client#0 completely
2026-05-26 17:54:03.556 | INFO     | __main__:<module>:207 - 2026-05-26 17:54:03 SEND round=0 cid=0 payload_mb=18.787 duration=1.665s
2026-05-26 17:54:03.606 | INFO     | utils.ConnectHandler_server:send:28 - sending data (19699819 bytes) to client#1...
2026-05-26 17:54:05.244 | INFO     | utils.ConnectHandler_server:send:34 - sending data (19699819 bytes) to client#1 completely
2026-05-26 17:54:05.246 | INFO     | __main__:<module>:207 - 2026-05-26 17:54:05 SEND round=0 cid=1 payload_mb=18.787 duration=1.665s
2026-05-26 17:56:17.683 | INFO     | utils.ConnectHandler_server:receive:71 - 19697033bytes data to be received from client#0

  0%|          | 0/19697033 [00:00<?, ?iteration/s]
  5%|▌         | 1019392/19697033 [00:00<00:01, 10168328.89iteration/s]
 11%|█         | 2196616/19697033 [00:00<00:01, 11103368.67iteration/s]
 17%|█▋        | 3372392/19697033 [00:00<00:01, 11399797.39iteration/s]
 23%|██▎       | 4546720/19697033 [00:00<00:01, 11531885.84iteration/s]
 29%|██▉       | 5723944/19697033 [00:00<00:01, 11615455.56iteration/s]
 35%|███▌      | 6906960/19697033 [00:00<00:01, 11674947.59iteration/s]
 41%|████      | 8087080/19697033 [00:00<00:00, 11695463.26iteration/s]
 47%|████▋     | 9265752/19697033 [00:00<00:00, 11713794.99iteration/s]
 53%|█████▎    | 10445872/19697033 [00:00<00:00, 11731992.12iteration/s]
 59%|█████▉    | 11624544/19697033 [00:01<00:00, 11736055.53iteration/s]
 65%|██████▌   | 12807560/19697033 [00:01<00:00, 11742645.22iteration/s]
 71%|███████   | 13984784/19697033 [00:01<00:00, 11749969.55iteration/s]
 77%|███████▋  | 15170696/19697033 [00:01<00:00, 11751537.82iteration/s]
 83%|████████▎ | 16350816/19697033 [00:01<00:00, 11759570.99iteration/s]
 89%|████████▉ | 17530936/19697033 [00:01<00:00, 11756214.18iteration/s]
 95%|█████████▌| 18718296/19697033 [00:01<00:00, 11758709.33iteration/s]2026-05-26 17:56:19.374 | INFO     | utils.ConnectHandler_server:receive:80 - receive completed

100%|██████████| 19697033/19697033 [00:01<00:00, 11605102.59iteration/s]
2026-05-26 17:56:19.395 | INFO     | __main__:<module>:226 - 2026-05-26 17:56:19 RECV round=0 cid=0 train_duration=121.32395195960999 battery=148965.05J
2026-05-26 17:56:19.395 | INFO     | utils.ConnectHandler_server:send:28 - sending data (59 bytes) to client#0...
2026-05-26 17:56:19.395 | INFO     | utils.ConnectHandler_server:send:34 - sending data (59 bytes) to client#0 completely
2026-05-26 17:56:21.219 | INFO     | utils.ConnectHandler_server:receive:71 - 19697035bytes data to be received from client#1

  0%|          | 0/19697035 [00:00<?, ?iteration/s]
  6%|▌         | 1164192/19697035 [00:00<00:01, 11618717.49iteration/s]
 12%|█▏        | 2341416/19697035 [00:00<00:01, 11705824.15iteration/s]
 18%|█▊        | 3517192/19697035 [00:00<00:01, 11727743.81iteration/s]
 24%|██▍       | 4695864/19697035 [00:00<00:01, 11739622.50iteration/s]
 30%|██▉       | 5875984/19697035 [00:00<00:01, 11747089.71iteration/s]
 36%|███▌      | 7053208/19697035 [00:00<00:01, 11754490.66iteration/s]
 42%|████▏     | 8233328/19697035 [00:00<00:00, 11756905.31iteration/s]
 48%|████▊     | 9410552/19697035 [00:00<00:00, 11757568.64iteration/s]
 54%|█████▍    | 10587776/19697035 [00:00<00:00, 11756779.31iteration/s]
 60%|█████▉    | 11770792/19697035 [00:01<00:00, 11757282.29iteration/s]
 66%|██████▌   | 12955256/19697035 [00:01<00:00, 11753839.40iteration/s]
 72%|███████▏  | 14132480/19697035 [00:01<00:00, 11757067.86iteration/s]
 78%|███████▊  | 15321288/19697035 [00:01<00:00, 11763853.16iteration/s]
 84%|████████▍ | 16510096/19697035 [00:01<00:00, 11763748.87iteration/s]
 90%|████████▉ | 17694560/19697035 [00:01<00:00, 11762980.88iteration/s]
 96%|█████████▌| 18880472/19697035 [00:01<00:00, 11758268.03iteration/s]2026-05-26 17:56:22.897 | INFO     | utils.ConnectHandler_server:receive:80 - receive completed

100%|██████████| 19697035/19697035 [00:01<00:00, 11683237.85iteration/s]
2026-05-26 17:56:22.920 | INFO     | __main__:<module>:226 - 2026-05-26 17:56:22 RECV round=0 cid=1 train_duration=122.9008936882019 battery=148951.59J
2026-05-26 17:56:22.921 | INFO     | utils.ConnectHandler_server:send:28 - sending data (59 bytes) to client#1...
2026-05-26 17:56:22.921 | INFO     | utils.ConnectHandler_server:send:34 - sending data (59 bytes) to client#1 completely
2026-05-26 17:56:37.419 | INFO     | __main__:<module>:313 - 2026-05-26 17:56:37 ROUND=0 end avg_acc=11.2440 best_acc=11.2440 duration=155.43s comm_mb=75.138 selected=[0, 1] checkpoint=logs_real/dfl_real_server/checkpoints/dfl_seed1/checkpoint.pt
2026-05-26 17:56:37.419 | INFO     | __main__:<module>:179 - 2026-05-26 17:56:37 ROUND=1 start selected=[2, 3] active_clients=[0, 1, 2, 3, 4, 5, 6, 7, 8, 9] cursor=4
2026-05-26 17:56:37.460 | INFO     | utils.ConnectHandler_server:send:28 - sending data (19699820 bytes) to client#2...
2026-05-26 17:56:39.122 | INFO     | utils.ConnectHandler_server:send:34 - sending data (19699820 bytes) to client#2 completely
2026-05-26 17:56:39.124 | INFO     | __main__:<module>:207 - 2026-05-26 17:56:39 SEND round=1 cid=2 payload_mb=18.787 duration=1.687s
2026-05-26 17:56:39.170 | INFO     | utils.ConnectHandler_server:send:28 - sending data (19699825 bytes) to client#3...
2026-05-26 17:56:40.840 | INFO     | utils.ConnectHandler_server:send:34 - sending data (19699825 bytes) to client#3 completely
2026-05-26 17:56:40.842 | INFO     | __main__:<module>:207 - 2026-05-26 17:56:40 SEND round=1 cid=3 payload_mb=18.787 duration=1.695s
2026-05-26 17:58:20.865 | INFO     | utils.ConnectHandler_server:receive:71 - 19697059bytes data to be received from client#2

  0%|          | 0/19697059 [00:00<?, ?iteration/s]
  6%|▌         | 1145368/19697059 [00:00<00:01, 11453527.08iteration/s]
 12%|█▏        | 2302320/19697059 [00:00<00:01, 11516595.81iteration/s]
 18%|█▊        | 3472304/19697059 [00:00<00:01, 11587943.75iteration/s]
 24%|██▎       | 4649528/19697059 [00:00<00:01, 11647853.36iteration/s]
 30%|██▉       | 5828200/19697059 [00:00<00:01, 11684909.26iteration/s]
 36%|███▌      | 7005424/19697059 [00:00<00:01, 11712740.00iteration/s]
 42%|████▏     | 8184096/19697059 [00:00<00:00, 11730463.34iteration/s]
 48%|████▊     | 9362768/19697059 [00:00<00:00, 11739091.03iteration/s]
 54%|█████▎    | 10539992/19697059 [00:00<00:00, 11740477.48iteration/s]
 60%|█████▉    | 11720112/19697059 [00:01<00:00, 11747535.25iteration/s]
 65%|██████▌   | 12895888/19697059 [00:01<00:00, 11618112.00iteration/s]
 71%|███████▏  | 14061528/19697059 [00:01<00:00, 11532915.76iteration/s]
 77%|███████▋  | 15232960/19697059 [00:01<00:00, 11586132.24iteration/s]
 83%|████████▎ | 16413080/19697059 [00:01<00:00, 11638558.31iteration/s]
 89%|████████▉ | 17590304/19697059 [00:01<00:00, 11669432.34iteration/s]
 95%|█████████▌| 18776216/19697059 [00:01<00:00, 11697231.43iteration/s]2026-05-26 17:58:22.555 | INFO     | utils.ConnectHandler_server:receive:80 - receive completed

100%|██████████| 19697059/19697059 [00:01<00:00, 11616605.79iteration/s]
2026-05-26 17:58:22.573 | INFO     | __main__:<module>:226 - 2026-05-26 17:58:22 RECV round=1 cid=2 train_duration=94.19286179542542 battery=149196.49J
2026-05-26 17:58:22.573 | INFO     | utils.ConnectHandler_server:send:28 - sending data (59 bytes) to client#2...
2026-05-26 17:58:22.573 | INFO     | utils.ConnectHandler_server:send:34 - sending data (59 bytes) to client#2 completely
2026-05-26 17:58:22.573 | INFO     | utils.ConnectHandler_server:receive:71 - 19697033bytes data to be received from client#3

  0%|          | 0/19697033 [00:00<?, ?iteration/s]
  6%|▌         | 1194600/19697033 [00:00<00:01, 11944786.81iteration/s]
 12%|█▏        | 2392096/19697033 [00:00<00:01, 11837848.22iteration/s]
 18%|█▊        | 3576560/19697033 [00:00<00:01, 11795406.45iteration/s]
 24%|██▍       | 4756680/19697033 [00:00<00:01, 11777658.77iteration/s]
 30%|███       | 5936800/19697033 [00:00<00:01, 11777032.03iteration/s]
 36%|███▌      | 7118368/19697033 [00:00<00:01, 11763848.09iteration/s]
 42%|████▏     | 8298488/19697033 [00:00<00:00, 11765793.08iteration/s]
 48%|████▊     | 9475712/19697033 [00:00<00:00, 11761685.01iteration/s]
 54%|█████▍    | 10657280/19697033 [00:00<00:00, 11764216.62iteration/s]
 60%|██████    | 11840296/19697033 [00:01<00:00, 11761729.82iteration/s]
 66%|██████▌   | 13020416/19697033 [00:01<00:00, 11764832.32iteration/s]
 72%|███████▏  | 14207776/19697033 [00:01<00:00, 11758184.12iteration/s]
 78%|███████▊  | 15396584/19697033 [00:01<00:00, 11764153.94iteration/s]
 84%|████████▍ | 16582496/19697033 [00:01<00:00, 11758986.42iteration/s]
 90%|█████████ | 17768408/19697033 [00:01<00:00, 11760588.33iteration/s]
 96%|█████████▌| 18957216/19697033 [00:01<00:00, 11756266.81iteration/s]2026-05-26 17:58:24.247 | INFO     | utils.ConnectHandler_server:receive:80 - receive completed

100%|██████████| 19697033/19697033 [00:01<00:00, 11714038.88iteration/s]
2026-05-26 17:58:24.264 | INFO     | __main__:<module>:226 - 2026-05-26 17:58:24 RECV round=1 cid=3 train_duration=91.55143904685974 battery=149219.02J
2026-05-26 17:58:24.264 | INFO     | utils.ConnectHandler_server:send:28 - sending data (59 bytes) to client#3...
2026-05-26 17:58:24.265 | INFO     | utils.ConnectHandler_server:send:34 - sending data (59 bytes) to client#3 completely
2026-05-26 17:58:38.029 | INFO     | __main__:<module>:313 - 2026-05-26 17:58:37 ROUND=1 end avg_acc=11.6110 best_acc=11.6110 duration=120.37s comm_mb=75.138 selected=[2, 3] checkpoint=logs_real/dfl_real_server/checkpoints/dfl_seed1/checkpoint.pt
2026-05-26 17:58:38.029 | INFO     | __main__:<module>:179 - 2026-05-26 17:58:38 ROUND=2 start selected=[4, 5] active_clients=[0, 1, 2, 3, 4, 5, 6, 7, 8, 9] cursor=6
2026-05-26 17:58:38.054 | INFO     | utils.ConnectHandler_server:send:28 - sending data (19699825 bytes) to client#4...
2026-05-26 17:58:39.716 | INFO     | utils.ConnectHandler_server:send:34 - sending data (19699825 bytes) to client#4 completely
2026-05-26 17:58:39.717 | INFO     | __main__:<module>:207 - 2026-05-26 17:58:39 SEND round=2 cid=4 payload_mb=18.787 duration=1.676s
2026-05-26 17:58:39.735 | INFO     | utils.ConnectHandler_server:send:28 - sending data (19699820 bytes) to client#5...
2026-05-26 17:58:41.400 | INFO     | utils.ConnectHandler_server:send:34 - sending data (19699820 bytes) to client#5 completely
2026-05-26 17:58:41.400 | INFO     | __main__:<module>:207 - 2026-05-26 17:58:41 SEND round=2 cid=5 payload_mb=18.787 duration=1.675s
2026-05-26 18:00:18.609 | INFO     | utils.ConnectHandler_server:receive:71 - 19697031bytes data to be received from client#4

  0%|          | 0/19697031 [00:00<?, ?iteration/s]
  6%|▌         | 1178672/19697031 [00:00<00:01, 11775725.63iteration/s]
 12%|█▏        | 2358792/19697031 [00:00<00:01, 11753833.68iteration/s]
 18%|█▊        | 3536016/19697031 [00:00<00:01, 11761000.63iteration/s]
 24%|██▍       | 4714688/19697031 [00:00<00:01, 11746256.19iteration/s]
 30%|██▉       | 5891912/19697031 [00:00<00:01, 11752998.66iteration/s]
 36%|███▌      | 7070584/19697031 [00:00<00:01, 11750298.63iteration/s]
 42%|████▏     | 8253600/19697031 [00:00<00:00, 11759409.63iteration/s]
 48%|████▊     | 9432272/19697031 [00:00<00:00, 11762449.36iteration/s]
 54%|█████▍    | 10609496/19697031 [00:00<00:00, 11758291.21iteration/s]
 60%|█████▉    | 11792512/19697031 [00:01<00:00, 11754541.47iteration/s]
 66%|██████▌   | 12968288/19697031 [00:01<00:00, 11747346.30iteration/s]
 72%|███████▏  | 14145512/19697031 [00:01<00:00, 11754470.86iteration/s]
 78%|███████▊  | 15328528/19697031 [00:01<00:00, 11750540.35iteration/s]
 84%|████████▍ | 16517336/19697031 [00:01<00:00, 11753634.14iteration/s]
 90%|████████▉ | 17698904/19697031 [00:01<00:00, 11757410.46iteration/s]
 96%|█████████▌| 18887712/19697031 [00:01<00:00, 11756529.78iteration/s]2026-05-26 18:00:20.286 | INFO     | utils.ConnectHandler_server:receive:80 - receive completed

100%|██████████| 19697031/19697031 [00:01<00:00, 11701497.78iteration/s]
2026-05-26 18:00:20.307 | INFO     | __main__:<module>:226 - 2026-05-26 18:00:20 RECV round=2 cid=4 train_duration=91.379314661026 battery=149220.49J
2026-05-26 18:00:20.307 | INFO     | utils.ConnectHandler_server:send:28 - sending data (59 bytes) to client#4...
2026-05-26 18:00:20.307 | INFO     | utils.ConnectHandler_server:send:34 - sending data (59 bytes) to client#4 completely
2026-05-26 18:01:27.900 | INFO     | utils.ConnectHandler_server:receive:71 - 19697023bytes data to be received from client#5

  0%|          | 0/19697023 [00:00<?, ?iteration/s]
  6%|▌         | 1175776/19697023 [00:00<00:01, 11754100.07iteration/s]
 12%|█▏        | 2353000/19697023 [00:00<00:01, 11758625.48iteration/s]
 18%|█▊        | 3530224/19697023 [00:00<00:01, 11752566.54iteration/s]
 24%|██▍       | 4707448/19697023 [00:00<00:01, 11755643.67iteration/s]
 30%|██▉       | 5886120/19697023 [00:00<00:01, 11760308.54iteration/s]
 36%|███▌      | 7064792/19697023 [00:00<00:01, 11753710.59iteration/s]
 42%|████▏     | 8242016/19697023 [00:00<00:00, 11758628.13iteration/s]
 48%|████▊     | 9419240/19697023 [00:00<00:00, 11756791.97iteration/s]
 54%|█████▍    | 10599360/19697023 [00:00<00:00, 11757864.65iteration/s]
 60%|█████▉    | 11782376/19697023 [00:01<00:00, 11766870.26iteration/s]
 66%|██████▌   | 12961048/19697023 [00:01<00:00, 11756745.00iteration/s]
 72%|███████▏  | 14144064/19697023 [00:01<00:00, 11763674.56iteration/s]
 78%|███████▊  | 15332872/19697023 [00:01<00:00, 11761571.62iteration/s]
 84%|████████▍ | 16517336/19697023 [00:01<00:00, 11759347.34iteration/s]
 90%|████████▉ | 17703248/19697023 [00:01<00:00, 11759272.43iteration/s]
 96%|█████████▌| 18880472/19697023 [00:01<00:00, 11756854.62iteration/s]2026-05-26 18:01:29.576 | INFO     | utils.ConnectHandler_server:receive:80 - receive completed

100%|██████████| 19697023/19697023 [00:01<00:00, 11706181.98iteration/s]
2026-05-26 18:01:29.592 | INFO     | __main__:<module>:226 - 2026-05-26 18:01:29 RECV round=2 cid=5 train_duration=156.20472645759583 battery=148667.50J
2026-05-26 18:01:29.592 | INFO     | utils.ConnectHandler_server:send:28 - sending data (59 bytes) to client#5...
2026-05-26 18:01:29.592 | INFO     | utils.ConnectHandler_server:send:34 - sending data (59 bytes) to client#5 completely
2026-05-26 18:01:43.551 | INFO     | __main__:<module>:313 - 2026-05-26 18:01:43 ROUND=2 end avg_acc=11.5800 best_acc=11.6110 duration=185.19s comm_mb=75.138 selected=[4, 5] checkpoint=logs_real/dfl_real_server/checkpoints/dfl_seed1/checkpoint.pt
2026-05-26 18:01:43.551 | INFO     | __main__:<module>:179 - 2026-05-26 18:01:43 ROUND=3 start selected=[6, 7] active_clients=[0, 1, 2, 3, 4, 5, 6, 7, 8, 9] cursor=8
2026-05-26 18:01:43.606 | INFO     | utils.ConnectHandler_server:send:28 - sending data (19699820 bytes) to client#6...
2026-05-26 18:01:45.282 | INFO     | utils.ConnectHandler_server:send:34 - sending data (19699820 bytes) to client#6 completely
2026-05-26 18:01:45.282 | INFO     | __main__:<module>:207 - 2026-05-26 18:01:45 SEND round=3 cid=6 payload_mb=18.787 duration=1.697s
2026-05-26 18:01:45.301 | INFO     | utils.ConnectHandler_server:send:28 - sending data (19729791 bytes) to client#7...
2026-05-26 18:01:46.960 | INFO     | utils.ConnectHandler_server:send:34 - sending data (19729791 bytes) to client#7 completely
2026-05-26 18:01:46.960 | INFO     | __main__:<module>:207 - 2026-05-26 18:01:46 SEND round=3 cid=7 payload_mb=18.816 duration=1.669s
2026-05-26 18:03:55.348 | INFO     | utils.ConnectHandler_server:receive:71 - 19697037bytes data to be received from client#6

  0%|          | 0/19697037 [00:00<?, ?iteration/s]
  6%|▌         | 1178672/19697037 [00:00<00:01, 11764824.54iteration/s]
 12%|█▏        | 2355896/19697037 [00:00<00:01, 11766370.17iteration/s]
 18%|█▊        | 3536016/19697037 [00:00<00:01, 11763672.59iteration/s]
 24%|██▍       | 4714688/19697037 [00:00<00:01, 11758063.62iteration/s]
 30%|██▉       | 5891912/19697037 [00:00<00:01, 11752841.18iteration/s]
 36%|███▌      | 7067688/19697037 [00:00<00:01, 11742683.13iteration/s]
 42%|████▏     | 8244912/19697037 [00:00<00:00, 11749644.64iteration/s]
 48%|████▊     | 9425032/19697037 [00:00<00:00, 11757402.94iteration/s]
 54%|█████▍    | 10606600/19697037 [00:00<00:00, 11751092.66iteration/s]
 60%|█████▉    | 11789616/19697037 [00:01<00:00, 11760878.27iteration/s]
 66%|██████▌   | 12971184/19697037 [00:01<00:00, 11767847.06iteration/s]
 72%|███████▏  | 14152752/19697037 [00:01<00:00, 11757330.06iteration/s]
 78%|███████▊  | 15329976/19697037 [00:01<00:00, 11758221.15iteration/s]
 84%|████████▍ | 16515888/19697037 [00:01<00:00, 11762398.20iteration/s]
 90%|████████▉ | 17701800/19697037 [00:01<00:00, 11758494.12iteration/s]
 96%|█████████▌| 18890608/19697037 [00:01<00:00, 11766437.32iteration/s]2026-05-26 18:03:57.026 | INFO     | utils.ConnectHandler_server:receive:80 - receive completed

100%|██████████| 19697037/19697037 [00:01<00:00, 11699806.09iteration/s]
2026-05-26 18:03:57.052 | INFO     | __main__:<module>:226 - 2026-05-26 18:03:57 RECV round=3 cid=6 train_duration=118.0876202583313 battery=148992.65J
2026-05-26 18:03:57.052 | INFO     | utils.ConnectHandler_server:send:28 - sending data (59 bytes) to client#6...
2026-05-26 18:03:57.052 | INFO     | utils.ConnectHandler_server:send:34 - sending data (59 bytes) to client#6 completely
2026-05-26 18:04:11.057 | INFO     | utils.ConnectHandler_server:receive:71 - 19697437bytes data to be received from client#7

  0%|          | 0/19697437 [00:00<?, ?iteration/s]
  6%|▌         | 1174328/19697437 [00:00<00:01, 11722553.21iteration/s]
 12%|█▏        | 2348656/19697437 [00:00<00:01, 11731504.26iteration/s]
 18%|█▊        | 3522984/19697437 [00:00<00:01, 11721273.04iteration/s]
 24%|██▍       | 4697312/19697437 [00:00<00:01, 11713931.44iteration/s]
 30%|██▉       | 5870192/19697437 [00:00<00:01, 11716301.66iteration/s]
 36%|███▌      | 7048864/19697437 [00:00<00:01, 11725901.98iteration/s]
 42%|████▏     | 8230432/19697437 [00:00<00:00, 11735272.81iteration/s]
 48%|████▊     | 9406208/19697437 [00:00<00:00, 11736286.41iteration/s]
 54%|█████▎    | 10586328/19697437 [00:00<00:00, 11750905.56iteration/s]
 60%|█████▉    | 11765000/19697437 [00:01<00:00, 11736066.85iteration/s]
 66%|██████▌   | 12942224/19697437 [00:01<00:00, 11740088.61iteration/s]
 72%|███████▏  | 14122344/19697437 [00:01<00:00, 11740230.15iteration/s]
 78%|███████▊  | 15305360/19697437 [00:01<00:00, 11735416.41iteration/s]
 84%|████████▎ | 16486928/19697437 [00:01<00:00, 11738173.47iteration/s]
 90%|████████▉ | 17667048/19697437 [00:01<00:00, 11733288.48iteration/s]
 96%|█████████▌| 18854408/19697437 [00:01<00:00, 11732428.96iteration/s]2026-05-26 18:04:12.738 | INFO     | utils.ConnectHandler_server:receive:80 - receive completed

100%|██████████| 19697437/19697437 [00:01<00:00, 11674290.43iteration/s]
2026-05-26 18:04:12.754 | INFO     | __main__:<module>:226 - 2026-05-26 18:04:12 RECV round=3 cid=7 train_duration=140.229346036911 battery=147841.77J
2026-05-26 18:04:12.755 | INFO     | utils.ConnectHandler_server:send:28 - sending data (59 bytes) to client#7...
2026-05-26 18:04:12.755 | INFO     | utils.ConnectHandler_server:send:34 - sending data (59 bytes) to client#7 completely
2026-05-26 18:04:26.658 | INFO     | __main__:<module>:313 - 2026-05-26 18:04:26 ROUND=3 end avg_acc=12.6620 best_acc=12.6620 duration=162.79s comm_mb=75.167 selected=[6, 7] checkpoint=logs_real/dfl_real_server/checkpoints/dfl_seed1/checkpoint.pt
2026-05-26 18:04:26.659 | INFO     | __main__:<module>:179 - 2026-05-26 18:04:26 ROUND=4 start selected=[8, 9] active_clients=[0, 1, 2, 3, 4, 5, 6, 7, 8, 9] cursor=0
2026-05-26 18:04:26.707 | INFO     | utils.ConnectHandler_server:send:28 - sending data (19735888 bytes) to client#8...
2026-05-26 18:04:28.354 | INFO     | utils.ConnectHandler_server:send:34 - sending data (19735888 bytes) to client#8 completely
2026-05-26 18:04:28.354 | INFO     | __main__:<module>:207 - 2026-05-26 18:04:28 SEND round=4 cid=8 payload_mb=18.822 duration=1.662s
2026-05-26 18:04:28.371 | INFO     | utils.ConnectHandler_server:send:28 - sending data (19723703 bytes) to client#9...
2026-05-26 18:04:30.043 | INFO     | utils.ConnectHandler_server:send:34 - sending data (19723703 bytes) to client#9 completely
2026-05-26 18:04:30.043 | INFO     | __main__:<module>:207 - 2026-05-26 18:04:30 SEND round=4 cid=9 payload_mb=18.810 duration=1.681s
2026-05-26 18:06:22.411 | INFO     | utils.ConnectHandler_server:receive:71 - 19694064bytes data to be received from client#9

  0%|          | 0/19694064 [00:00<?, ?iteration/s]
  6%|▌         | 1182104/19694064 [00:00<00:01, 11810238.67iteration/s]
 12%|█▏        | 2364208/19694064 [00:00<00:01, 11770968.23iteration/s]
 18%|█▊        | 3544898/19694064 [00:00<00:01, 11763717.54iteration/s]
 24%|██▍       | 4721346/19694064 [00:00<00:01, 11742646.80iteration/s]
 30%|██▉       | 5897794/19694064 [00:00<00:01, 11748285.90iteration/s]
 36%|███▌      | 7074242/19694064 [00:00<00:01, 11751255.90iteration/s]
 42%|████▏     | 8252104/19694064 [00:00<00:00, 11739406.39iteration/s]
 48%|████▊     | 9428552/19694064 [00:00<00:00, 11746458.20iteration/s]
 54%|█████▍    | 10605000/19694064 [00:00<00:00, 11740964.36iteration/s]
 60%|█████▉    | 11784276/19694064 [00:01<00:00, 11749367.77iteration/s]
 66%|██████▌   | 12962138/19694064 [00:01<00:00, 11741578.52iteration/s]
 72%|███████▏  | 14141414/19694064 [00:01<00:00, 11743027.32iteration/s]
 78%|███████▊  | 15326346/19694064 [00:01<00:00, 11745626.12iteration/s]
 84%|████████▍ | 16511278/19694064 [00:01<00:00, 11739309.18iteration/s]
 90%|████████▉ | 17690554/19694064 [00:01<00:00, 11743563.76iteration/s]
 96%|█████████▌| 18869830/19694064 [00:01<00:00, 11740483.23iteration/s]2026-05-26 18:06:24.089 | INFO     | utils.ConnectHandler_server:receive:80 - receive completed

100%|██████████| 19694064/19694064 [00:01<00:00, 11694948.02iteration/s]
2026-05-26 18:06:24.113 | INFO     | __main__:<module>:226 - 2026-05-26 18:06:24 RECV round=4 cid=9 train_duration=111.85539293289185 battery=148115.55J
2026-05-26 18:06:24.113 | INFO     | utils.ConnectHandler_server:send:28 - sending data (59 bytes) to client#9...
2026-05-26 18:06:24.113 | INFO     | utils.ConnectHandler_server:send:34 - sending data (59 bytes) to client#9 completely
2026-05-26 18:08:26.328 | INFO     | utils.ConnectHandler_server:receive:71 - 19697437bytes data to be received from client#8

  0%|          | 0/19697437 [00:00<?, ?iteration/s]
  6%|▌         | 1165640/19697437 [00:00<00:01, 11642310.33iteration/s]
 12%|█▏        | 2337072/19697437 [00:00<00:01, 11680135.52iteration/s]
 18%|█▊        | 3508504/19697437 [00:00<00:01, 11690386.98iteration/s]
 24%|██▍       | 4681384/19697437 [00:00<00:01, 11693008.04iteration/s]
 30%|██▉       | 5852816/19697437 [00:00<00:01, 11697785.76iteration/s]
 36%|███▌      | 7030040/19697437 [00:00<00:01, 11703697.44iteration/s]
 42%|████▏     | 8213056/19697437 [00:00<00:00, 11724802.97iteration/s]
 48%|████▊     | 9391728/19697437 [00:00<00:00, 11733463.48iteration/s]
 54%|█████▎    | 10571848/19697437 [00:00<00:00, 11736240.42iteration/s]
 60%|█████▉    | 11753416/19697437 [00:01<00:00, 11741052.14iteration/s]
 66%|██████▌   | 12930640/19697437 [00:01<00:00, 11750230.23iteration/s]
 72%|███████▏  | 14109312/19697437 [00:01<00:00, 11735498.15iteration/s]
 78%|███████▊  | 15290880/19697437 [00:01<00:00, 11733121.51iteration/s]
 84%|████████▎ | 16468104/19697437 [00:01<00:00, 11735205.81iteration/s]
 90%|████████▉ | 17646776/19697437 [00:01<00:00, 11732667.19iteration/s]
 96%|█████████▌| 18831240/19697437 [00:01<00:00, 11726639.29iteration/s]2026-05-26 18:08:28.011 | INFO     | utils.ConnectHandler_server:receive:80 - receive completed

100%|██████████| 19697437/19697437 [00:01<00:00, 11663585.79iteration/s]
2026-05-26 18:08:28.029 | INFO     | __main__:<module>:226 - 2026-05-26 18:08:28 RECV round=4 cid=8 train_duration=231.28173542022705 battery=146440.41J
2026-05-26 18:08:28.029 | INFO     | utils.ConnectHandler_server:send:28 - sending data (59 bytes) to client#8...
2026-05-26 18:08:28.029 | INFO     | utils.ConnectHandler_server:send:34 - sending data (59 bytes) to client#8 completely
2026-05-26 18:08:42.221 | INFO     | __main__:<module>:313 - 2026-05-26 18:08:41 ROUND=4 end avg_acc=12.8840 best_acc=12.8840 duration=255.32s comm_mb=75.195 selected=[8, 9] checkpoint=logs_real/dfl_real_server/checkpoints/dfl_seed1/checkpoint.pt
2026-05-26 18:08:42.221 | INFO     | __main__:<module>:179 - 2026-05-26 18:08:42 ROUND=5 start selected=[0, 1] active_clients=[0, 1, 2, 3, 4, 5, 6, 7, 8, 9] cursor=2
2026-05-26 18:08:42.245 | INFO     | utils.ConnectHandler_server:send:28 - sending data (19699823 bytes) to client#0...
2026-05-26 18:08:43.875 | INFO     | utils.ConnectHandler_server:send:34 - sending data (19699823 bytes) to client#0 completely
2026-05-26 18:08:43.875 | INFO     | __main__:<module>:207 - 2026-05-26 18:08:43 SEND round=5 cid=0 payload_mb=18.787 duration=1.641s
2026-05-26 18:08:43.894 | INFO     | utils.ConnectHandler_server:send:28 - sending data (19699819 bytes) to client#1...
2026-05-26 18:08:45.554 | INFO     | utils.ConnectHandler_server:send:34 - sending data (19699819 bytes) to client#1 completely
2026-05-26 18:08:45.554 | INFO     | __main__:<module>:207 - 2026-05-26 18:08:45 SEND round=5 cid=1 payload_mb=18.787 duration=1.669s
2026-05-26 18:10:33.409 | INFO     | utils.ConnectHandler_server:receive:71 - 19696953bytes data to be received from client#0

  0%|          | 0/19696953 [00:00<?, ?iteration/s]
  6%|▌         | 1171432/19696953 [00:00<00:01, 11701497.83iteration/s]
 12%|█▏        | 2350104/19696953 [00:00<00:01, 11738382.50iteration/s]
 18%|█▊        | 3527328/19696953 [00:00<00:01, 11752543.26iteration/s]
 24%|██▍       | 4703104/19696953 [00:00<00:01, 11744441.84iteration/s]
 30%|██▉       | 5881776/19696953 [00:00<00:01, 11755376.08iteration/s]
 36%|███▌      | 7061896/19696953 [00:00<00:01, 11755741.14iteration/s]
 42%|████▏     | 8246360/19696953 [00:00<00:00, 11763734.73iteration/s]
 48%|████▊     | 9425032/19696953 [00:00<00:00, 11756419.86iteration/s]
 54%|█████▍    | 10609496/19696953 [00:00<00:00, 11759759.36iteration/s]
 60%|█████▉    | 11792512/19696953 [00:01<00:00, 11758220.77iteration/s]
 66%|██████▌   | 12974080/19696953 [00:01<00:00, 11751676.80iteration/s]
 72%|███████▏  | 14157096/19696953 [00:01<00:00, 11760483.53iteration/s]
 78%|███████▊  | 15344456/19696953 [00:01<00:00, 11762624.34iteration/s]
 84%|████████▍ | 16524576/19696953 [00:01<00:00, 11759204.07iteration/s]
 90%|████████▉ | 17713384/19696953 [00:01<00:00, 11757276.23iteration/s]
 96%|█████████▌| 18903640/19696953 [00:01<00:00, 11764558.69iteration/s]2026-05-26 18:10:35.087 | INFO     | utils.ConnectHandler_server:receive:80 - receive completed

100%|██████████| 19696953/19696953 [00:01<00:00, 11696794.42iteration/s]
2026-05-26 18:10:35.102 | INFO     | __main__:<module>:226 - 2026-05-26 18:10:35 RECV round=5 cid=0 train_duration=108.55670976638794 battery=148039.00J
2026-05-26 18:10:35.102 | INFO     | utils.ConnectHandler_server:send:28 - sending data (59 bytes) to client#0...
2026-05-26 18:10:35.102 | INFO     | utils.ConnectHandler_server:send:34 - sending data (59 bytes) to client#0 completely
2026-05-26 18:10:36.620 | INFO     | utils.ConnectHandler_server:receive:71 - 19696947bytes data to be received from client#1

  0%|          | 0/19696947 [00:00<?, ?iteration/s]
  6%|▌         | 1169984/19696947 [00:00<00:01, 11690486.06iteration/s]
 12%|█▏        | 2345760/19696947 [00:00<00:01, 11726435.61iteration/s]
 18%|█▊        | 3525880/19696947 [00:00<00:01, 11748510.87iteration/s]
 24%|██▍       | 4703104/19696947 [00:00<00:01, 11748119.47iteration/s]
 30%|██▉       | 5883224/19696947 [00:00<00:01, 11754897.50iteration/s]
 36%|███▌      | 7059000/19696947 [00:00<00:01, 11753808.52iteration/s]
 42%|████▏     | 8236224/19696947 [00:00<00:00, 11755858.93iteration/s]
 48%|████▊     | 9416344/19696947 [00:00<00:00, 11753447.47iteration/s]
 54%|█████▍    | 10595016/19696947 [00:00<00:00, 11763354.02iteration/s]
 60%|█████▉    | 11776584/19696947 [00:01<00:00, 11758986.60iteration/s]
 66%|██████▌   | 12959600/19696947 [00:01<00:00, 11763040.07iteration/s]
 72%|███████▏  | 14144064/19696947 [00:01<00:00, 11755061.95iteration/s]
 78%|███████▊  | 15329976/19696947 [00:01<00:00, 11753065.14iteration/s]
 84%|████████▍ | 16511544/19696947 [00:01<00:00, 11757103.75iteration/s]
 90%|████████▉ | 17697456/19696947 [00:01<00:00, 11758168.08iteration/s]
 96%|█████████▌| 18880472/19696947 [00:01<00:00, 11756176.79iteration/s]2026-05-26 18:10:38.296 | INFO     | utils.ConnectHandler_server:receive:80 - receive completed

100%|██████████| 19696947/19696947 [00:01<00:00, 11701553.96iteration/s]
2026-05-26 18:10:38.313 | INFO     | __main__:<module>:226 - 2026-05-26 18:10:38 RECV round=5 cid=1 train_duration=110.01310610771179 battery=148013.13J
2026-05-26 18:10:38.313 | INFO     | utils.ConnectHandler_server:send:28 - sending data (59 bytes) to client#1...
2026-05-26 18:10:38.313 | INFO     | utils.ConnectHandler_server:send:34 - sending data (59 bytes) to client#1 completely
2026-05-26 18:10:52.471 | INFO     | __main__:<module>:313 - 2026-05-26 18:10:52 ROUND=5 end avg_acc=12.4290 best_acc=12.8840 duration=130.00s comm_mb=75.138 selected=[0, 1] checkpoint=logs_real/dfl_real_server/checkpoints/dfl_seed1/checkpoint.pt
2026-05-26 18:10:52.471 | INFO     | __main__:<module>:179 - 2026-05-26 18:10:52 ROUND=6 start selected=[2, 3] active_clients=[0, 1, 2, 3, 4, 5, 6, 7, 8, 9] cursor=4
2026-05-26 18:10:52.510 | INFO     | utils.ConnectHandler_server:send:28 - sending data (19699820 bytes) to client#2...
2026-05-26 18:10:54.176 | INFO     | utils.ConnectHandler_server:send:34 - sending data (19699820 bytes) to client#2 completely
2026-05-26 18:10:54.176 | INFO     | __main__:<module>:207 - 2026-05-26 18:10:54 SEND round=6 cid=2 payload_mb=18.787 duration=1.684s
2026-05-26 18:10:54.195 | INFO     | utils.ConnectHandler_server:send:28 - sending data (19699825 bytes) to client#3...
2026-05-26 18:10:55.844 | INFO     | utils.ConnectHandler_server:send:34 - sending data (19699825 bytes) to client#3 completely
2026-05-26 18:10:55.844 | INFO     | __main__:<module>:207 - 2026-05-26 18:10:55 SEND round=6 cid=3 payload_mb=18.787 duration=1.660s
2026-05-26 18:12:20.061 | INFO     | utils.ConnectHandler_server:receive:71 - 19696959bytes data to be received from client#3

  0%|          | 0/19696959 [00:00<?, ?iteration/s]
  6%|▌         | 1156952/19696959 [00:00<00:01, 11553994.58iteration/s]
 12%|█▏        | 2334176/19696959 [00:00<00:01, 11674324.29iteration/s]
 18%|█▊        | 3511400/19696959 [00:00<00:01, 11709735.39iteration/s]
 24%|██▍       | 4685728/19696959 [00:00<00:01, 11719940.16iteration/s]
 30%|██▉       | 5860056/19696959 [00:00<00:01, 11719524.43iteration/s]
 36%|███▌      | 7037280/19696959 [00:00<00:01, 11734564.10iteration/s]
 42%|████▏     | 8213056/19696959 [00:00<00:00, 11740535.53iteration/s]
 48%|████▊     | 9391728/19696959 [00:00<00:00, 11745432.41iteration/s]
 54%|█████▎    | 10571848/19696959 [00:00<00:00, 11757923.03iteration/s]
 60%|█████▉    | 11751968/19696959 [00:01<00:00, 11756456.68iteration/s]
 66%|██████▌   | 12933536/19696959 [00:01<00:00, 11753577.84iteration/s]
 72%|███████▏  | 14110760/19696959 [00:01<00:00, 11756548.50iteration/s]
 78%|███████▊  | 15301016/19696959 [00:01<00:00, 11763566.16iteration/s]
 84%|████████▎ | 16491272/19696959 [00:01<00:00, 11760725.42iteration/s]
 90%|████████▉ | 17671392/19696959 [00:01<00:00, 11755073.39iteration/s]
 96%|█████████▌| 18852960/19696959 [00:01<00:00, 11763748.19iteration/s]2026-05-26 18:12:21.740 | INFO     | utils.ConnectHandler_server:receive:80 - receive completed

100%|██████████| 19696959/19696959 [00:01<00:00, 11690465.35iteration/s]
2026-05-26 18:12:21.756 | INFO     | __main__:<module>:226 - 2026-05-26 18:12:21 RECV round=6 cid=3 train_duration=83.56576800346375 battery=148506.16J
2026-05-26 18:12:21.756 | INFO     | utils.ConnectHandler_server:send:28 - sending data (59 bytes) to client#3...
2026-05-26 18:12:21.756 | INFO     | utils.ConnectHandler_server:send:34 - sending data (59 bytes) to client#3 completely
2026-05-26 18:12:23.516 | INFO     | utils.ConnectHandler_server:receive:71 - 19697059bytes data to be received from client#2

  0%|          | 0/19697059 [00:00<?, ?iteration/s]
  6%|▌         | 1175776/19697059 [00:00<00:01, 11734438.31iteration/s]
 12%|█▏        | 2351552/19697059 [00:00<00:01, 11747246.93iteration/s]
 18%|█▊        | 3528776/19697059 [00:00<00:01, 11742750.54iteration/s]
 24%|██▍       | 4703104/19697059 [00:00<00:01, 11736376.11iteration/s]
 30%|██▉       | 5880328/19697059 [00:00<00:01, 11743459.47iteration/s]
 36%|███▌      | 7059000/19697059 [00:00<00:01, 11752741.38iteration/s]
 42%|████▏     | 8236224/19697059 [00:00<00:00, 11745074.92iteration/s]
 48%|████▊     | 9413448/19697059 [00:00<00:00, 11750000.19iteration/s]
 54%|█████▍    | 10592120/19697059 [00:00<00:00, 11750429.76iteration/s]
 60%|█████▉    | 11767896/19697059 [00:01<00:00, 11751647.75iteration/s]
 66%|██████▌   | 12943672/19697059 [00:01<00:00, 11751609.67iteration/s]
 72%|███████▏  | 14120896/19697059 [00:01<00:00, 11756741.86iteration/s]
 78%|███████▊  | 15299568/19697059 [00:01<00:00, 11743960.07iteration/s]
 84%|████████▎ | 16486928/19697059 [00:01<00:00, 11752931.77iteration/s]
 90%|████████▉ | 17669944/19697059 [00:01<00:00, 11756357.24iteration/s]
 96%|█████████▌| 18857304/19697059 [00:01<00:00, 11758011.28iteration/s]2026-05-26 18:12:25.194 | INFO     | utils.ConnectHandler_server:receive:80 - receive completed

100%|██████████| 19697059/19697059 [00:01<00:00, 11695350.55iteration/s]
2026-05-26 18:12:25.209 | INFO     | __main__:<module>:226 - 2026-05-26 18:12:25 RECV round=6 cid=2 train_duration=88.58312273025513 battery=148440.83J
2026-05-26 18:12:25.210 | INFO     | utils.ConnectHandler_server:send:28 - sending data (59 bytes) to client#2...
2026-05-26 18:12:25.210 | INFO     | utils.ConnectHandler_server:send:34 - sending data (59 bytes) to client#2 completely
2026-05-26 18:12:39.184 | INFO     | __main__:<module>:313 - 2026-05-26 18:12:38 ROUND=6 end avg_acc=12.1710 best_acc=12.8840 duration=106.37s comm_mb=75.138 selected=[2, 3] checkpoint=logs_real/dfl_real_server/checkpoints/dfl_seed1/checkpoint.pt
2026-05-26 18:12:39.185 | INFO     | __main__:<module>:179 - 2026-05-26 18:12:39 ROUND=7 start selected=[4, 5] active_clients=[0, 1, 2, 3, 4, 5, 6, 7, 8, 9] cursor=6
2026-05-26 18:12:39.236 | INFO     | utils.ConnectHandler_server:send:28 - sending data (19699825 bytes) to client#4...
2026-05-26 18:12:40.868 | INFO     | utils.ConnectHandler_server:send:34 - sending data (19699825 bytes) to client#4 completely
2026-05-26 18:12:40.868 | INFO     | __main__:<module>:207 - 2026-05-26 18:12:40 SEND round=7 cid=4 payload_mb=18.787 duration=1.647s
2026-05-26 18:12:40.887 | INFO     | utils.ConnectHandler_server:send:28 - sending data (19699820 bytes) to client#5...
2026-05-26 18:12:42.547 | INFO     | utils.ConnectHandler_server:send:34 - sending data (19699820 bytes) to client#5 completely
2026-05-26 18:12:42.547 | INFO     | __main__:<module>:207 - 2026-05-26 18:12:42 SEND round=7 cid=5 payload_mb=18.787 duration=1.670s
2026-05-26 18:14:07.865 | INFO     | utils.ConnectHandler_server:receive:71 - 19696955bytes data to be received from client#4

  0%|          | 0/19696955 [00:00<?, ?iteration/s]
  6%|▌         | 1177224/19696955 [00:00<00:01, 11760754.89iteration/s]
 12%|█▏        | 2354448/19696955 [00:00<00:01, 11764364.66iteration/s]
 18%|█▊        | 3531672/19696955 [00:00<00:01, 11762165.91iteration/s]
 24%|██▍       | 4710344/19696955 [00:00<00:01, 11752786.40iteration/s]
 30%|██▉       | 5890464/19696955 [00:00<00:01, 11759613.38iteration/s]
 36%|███▌      | 7067688/19696955 [00:00<00:01, 11761438.18iteration/s]
 42%|████▏     | 8249256/19696955 [00:00<00:00, 11757651.81iteration/s]
 48%|████▊     | 9429376/19696955 [00:00<00:00, 11756574.59iteration/s]
 54%|█████▍    | 10609496/19696955 [00:00<00:00, 11755242.77iteration/s]
 60%|█████▉    | 11795408/19696955 [00:01<00:00, 11763475.49iteration/s]
 66%|██████▌   | 12974080/19696955 [00:01<00:00, 11762100.44iteration/s]
 72%|███████▏  | 14151304/19696955 [00:01<00:00, 11763333.70iteration/s]
 78%|███████▊  | 15335768/19696955 [00:01<00:00, 11761222.35iteration/s]
 84%|████████▍ | 16521680/19696955 [00:01<00:00, 11754088.87iteration/s]
 90%|████████▉ | 17710488/19696955 [00:01<00:00, 11761291.71iteration/s]
 96%|█████████▌| 18896400/19696955 [00:01<00:00, 11761343.20iteration/s]2026-05-26 18:14:09.542 | INFO     | utils.ConnectHandler_server:receive:80 - receive completed

100%|██████████| 19696955/19696955 [00:01<00:00, 11706116.69iteration/s]
2026-05-26 18:14:09.557 | INFO     | __main__:<module>:226 - 2026-05-26 18:14:09 RECV round=7 cid=4 train_duration=86.22649955749512 battery=148484.93J
2026-05-26 18:14:09.557 | INFO     | utils.ConnectHandler_server:send:28 - sending data (59 bytes) to client#4...
2026-05-26 18:14:09.557 | INFO     | utils.ConnectHandler_server:send:34 - sending data (59 bytes) to client#4 completely
2026-05-26 18:15:16.256 | INFO     | utils.ConnectHandler_server:receive:71 - 19696951bytes data to be received from client#5

  0%|          | 0/19696951 [00:00<?, ?iteration/s]
  6%|▌         | 1177224/19696951 [00:00<00:01, 11745256.43iteration/s]
 12%|█▏        | 2354448/19696951 [00:00<00:01, 11754417.60iteration/s]
 18%|█▊        | 3530224/19696951 [00:00<00:01, 11750093.77iteration/s]
 24%|██▍       | 4710344/19696951 [00:00<00:01, 11750112.35iteration/s]
 30%|██▉       | 5891912/19696951 [00:00<00:01, 11757967.83iteration/s]
 36%|███▌      | 7072032/19696951 [00:00<00:01, 11759607.71iteration/s]
 42%|████▏     | 8252152/19696951 [00:00<00:00, 11744422.86iteration/s]
 48%|████▊     | 9435168/19696951 [00:00<00:00, 11751878.31iteration/s]
 54%|█████▍    | 10616736/19696951 [00:00<00:00, 11758248.73iteration/s]
 60%|█████▉    | 11798304/19696951 [00:01<00:00, 11759110.67iteration/s]
 66%|██████▌   | 12978424/19696951 [00:01<00:00, 11760475.08iteration/s]
 72%|███████▏  | 14164336/19696951 [00:01<00:00, 11762040.69iteration/s]
 78%|███████▊  | 15351696/19696951 [00:01<00:00, 11762357.76iteration/s]
 84%|████████▍ | 16528920/19696951 [00:01<00:00, 11761757.47iteration/s]
 90%|████████▉ | 17719176/19696951 [00:01<00:00, 11764523.89iteration/s]
 96%|█████████▌| 18896400/19696951 [00:01<00:00, 11764023.99iteration/s]2026-05-26 18:15:17.932 | INFO     | utils.ConnectHandler_server:receive:80 - receive completed

100%|██████████| 19696951/19696951 [00:01<00:00, 11705467.45iteration/s]
2026-05-26 18:15:17.948 | INFO     | __main__:<module>:226 - 2026-05-26 18:15:17 RECV round=7 cid=5 train_duration=153.01432251930237 battery=147362.21J
2026-05-26 18:15:17.948 | INFO     | utils.ConnectHandler_server:send:28 - sending data (59 bytes) to client#5...
2026-05-26 18:15:17.948 | INFO     | utils.ConnectHandler_server:send:34 - sending data (59 bytes) to client#5 completely
2026-05-26 18:15:32.236 | INFO     | __main__:<module>:313 - 2026-05-26 18:15:31 ROUND=7 end avg_acc=12.1280 best_acc=12.8840 duration=172.71s comm_mb=75.138 selected=[4, 5] checkpoint=logs_real/dfl_real_server/checkpoints/dfl_seed1/checkpoint.pt
2026-05-26 18:15:32.236 | INFO     | __main__:<module>:179 - 2026-05-26 18:15:32 ROUND=8 start selected=[6, 7] active_clients=[0, 1, 2, 3, 4, 5, 6, 7, 8, 9] cursor=8
2026-05-26 18:15:32.277 | INFO     | utils.ConnectHandler_server:send:28 - sending data (19699820 bytes) to client#6...
2026-05-26 18:15:33.925 | INFO     | utils.ConnectHandler_server:send:34 - sending data (19699820 bytes) to client#6 completely
2026-05-26 18:15:33.925 | INFO     | __main__:<module>:207 - 2026-05-26 18:15:33 SEND round=8 cid=6 payload_mb=18.787 duration=1.661s
2026-05-26 18:15:33.942 | INFO     | utils.ConnectHandler_server:send:28 - sending data (19729791 bytes) to client#7...
2026-05-26 18:15:35.615 | INFO     | utils.ConnectHandler_server:send:34 - sending data (19729791 bytes) to client#7 completely
2026-05-26 18:15:35.615 | INFO     | __main__:<module>:207 - 2026-05-26 18:15:35 SEND round=8 cid=7 payload_mb=18.816 duration=1.682s
2026-05-26 18:17:14.722 | INFO     | utils.ConnectHandler_server:receive:71 - 19696929bytes data to be received from client#6

  0%|          | 0/19696929 [00:00<?, ?iteration/s]
  6%|▌         | 1169984/19696929 [00:00<00:01, 11686365.71iteration/s]
 12%|█▏        | 2345760/19696929 [00:00<00:01, 11724782.44iteration/s]
 18%|█▊        | 3520088/19696929 [00:00<00:01, 11725765.70iteration/s]
 24%|██▍       | 4692968/19696929 [00:00<00:01, 11723592.75iteration/s]
 30%|██▉       | 5873088/19696929 [00:00<00:01, 11742565.87iteration/s]
 36%|███▌      | 7050312/19696929 [00:00<00:01, 11733321.17iteration/s]
 42%|████▏     | 8230432/19696929 [00:00<00:00, 11742494.39iteration/s]
 48%|████▊     | 9410552/19696929 [00:00<00:00, 11744709.02iteration/s]
 54%|█████▍    | 10595016/19696929 [00:00<00:00, 11754282.52iteration/s]
 60%|█████▉    | 11778032/19696929 [00:01<00:00, 11758347.42iteration/s]
 66%|██████▌   | 12956704/19696929 [00:01<00:00, 11755403.53iteration/s]
 72%|███████▏  | 14135376/19696929 [00:01<00:00, 11756956.32iteration/s]
 78%|███████▊  | 15315496/19696929 [00:01<00:00, 11755558.70iteration/s]
 84%|████████▍ | 16502856/19696929 [00:01<00:00, 11756299.84iteration/s]
 90%|████████▉ | 17688768/19696929 [00:01<00:00, 11760580.05iteration/s]
 96%|█████████▌| 18867440/19696929 [00:01<00:00, 11756471.95iteration/s]2026-05-26 18:17:16.400 | INFO     | utils.ConnectHandler_server:receive:80 - receive completed

100%|██████████| 19696929/19696929 [00:01<00:00, 11693298.53iteration/s]
2026-05-26 18:17:16.420 | INFO     | __main__:<module>:226 - 2026-05-26 18:17:16 RECV round=8 cid=6 train_duration=100.09113025665283 battery=148138.83J
2026-05-26 18:17:16.421 | INFO     | utils.ConnectHandler_server:send:28 - sending data (59 bytes) to client#6...
2026-05-26 18:17:16.421 | INFO     | utils.ConnectHandler_server:send:34 - sending data (59 bytes) to client#6 completely
2026-05-26 18:17:31.934 | INFO     | utils.ConnectHandler_server:receive:71 - 19697437bytes data to be received from client#7

  0%|          | 0/19697437 [00:00<?, ?iteration/s]
  6%|▌         | 1169984/19697437 [00:00<00:01, 11691823.01iteration/s]
 12%|█▏        | 2339968/19697437 [00:00<00:01, 11687957.17iteration/s]
 18%|█▊        | 3511400/19697437 [00:00<00:01, 11666405.51iteration/s]
 24%|██▍       | 4681384/19697437 [00:00<00:01, 11647428.21iteration/s]
 30%|██▉       | 5855712/19697437 [00:00<00:01, 11677676.59iteration/s]
 36%|███▌      | 7030040/19697437 [00:00<00:01, 11690753.75iteration/s]
 42%|████▏     | 8211608/19697437 [00:00<00:00, 11714447.83iteration/s]
 48%|████▊     | 9387384/19697437 [00:00<00:00, 11724913.11iteration/s]
 54%|█████▎    | 10570400/19697437 [00:00<00:00, 11739547.91iteration/s]
 60%|█████▉    | 11749072/19697437 [00:01<00:00, 11745084.68iteration/s]
 66%|██████▌   | 12924848/19697437 [00:01<00:00, 11735304.79iteration/s]
 72%|███████▏  | 14106416/19697437 [00:01<00:00, 11740875.73iteration/s]
 78%|███████▊  | 15280744/19697437 [00:01<00:00, 11740024.16iteration/s]
 84%|████████▎ | 16457968/19697437 [00:01<00:00, 11725401.50iteration/s]
 90%|████████▉ | 17635192/19697437 [00:01<00:00, 11727121.10iteration/s]
 96%|█████████▌| 18815312/19697437 [00:01<00:00, 11733943.10iteration/s]2026-05-26 18:17:33.617 | INFO     | utils.ConnectHandler_server:receive:80 - receive completed

100%|██████████| 19697437/19697437 [00:01<00:00, 11660351.07iteration/s]
2026-05-26 18:17:33.633 | INFO     | __main__:<module>:226 - 2026-05-26 18:17:33 RECV round=8 cid=7 train_duration=115.96184515953064 battery=146057.04J
2026-05-26 18:17:33.633 | INFO     | utils.ConnectHandler_server:send:28 - sending data (59 bytes) to client#7...
2026-05-26 18:17:33.633 | INFO     | utils.ConnectHandler_server:send:34 - sending data (59 bytes) to client#7 completely
2026-05-26 18:17:47.860 | INFO     | __main__:<module>:313 - 2026-05-26 18:17:47 ROUND=8 end avg_acc=13.2370 best_acc=13.2370 duration=135.38s comm_mb=75.167 selected=[6, 7] checkpoint=logs_real/dfl_real_server/checkpoints/dfl_seed1/checkpoint.pt
2026-05-26 18:17:47.860 | INFO     | __main__:<module>:179 - 2026-05-26 18:17:47 ROUND=9 start selected=[8, 9] active_clients=[0, 1, 2, 3, 4, 5, 6, 7, 8, 9] cursor=0
2026-05-26 18:17:47.883 | INFO     | utils.ConnectHandler_server:send:28 - sending data (19735888 bytes) to client#8...
2026-05-26 18:17:49.497 | INFO     | utils.ConnectHandler_server:send:34 - sending data (19735888 bytes) to client#8 completely
2026-05-26 18:17:49.497 | INFO     | __main__:<module>:207 - 2026-05-26 18:17:49 SEND round=9 cid=8 payload_mb=18.822 duration=1.628s
2026-05-26 18:17:49.517 | INFO     | utils.ConnectHandler_server:send:28 - sending data (19723703 bytes) to client#9...
2026-05-26 18:17:51.202 | INFO     | utils.ConnectHandler_server:send:34 - sending data (19723703 bytes) to client#9 completely
2026-05-26 18:17:51.202 | INFO     | __main__:<module>:207 - 2026-05-26 18:17:51 SEND round=9 cid=9 payload_mb=18.810 duration=1.695s
2026-05-26 18:19:41.973 | INFO     | utils.ConnectHandler_server:receive:71 - 19694056bytes data to be received from client#9

  0%|          | 0/19694056 [00:00<?, ?iteration/s]
  6%|▌         | 1180690/19694056 [00:00<00:01, 11800159.15iteration/s]
 12%|█▏        | 2364208/19694056 [00:00<00:01, 11773646.97iteration/s]
 18%|█▊        | 3543484/19694056 [00:00<00:01, 11760388.57iteration/s]
 24%|██▍       | 4721346/19694056 [00:00<00:01, 11744537.66iteration/s]
 30%|██▉       | 5900622/19694056 [00:00<00:01, 11750840.21iteration/s]
 36%|███▌      | 7079898/19694056 [00:00<00:01, 11740075.66iteration/s]
 42%|████▏     | 8263416/19694056 [00:00<00:00, 11747615.02iteration/s]
 48%|████▊     | 9438450/19694056 [00:00<00:00, 11737855.96iteration/s]
 54%|█████▍    | 10621968/19694056 [00:00<00:00, 11743636.22iteration/s]
 60%|█████▉    | 11804072/19694056 [00:01<00:00, 11742157.21iteration/s]
 66%|██████▌   | 12986176/19694056 [00:01<00:00, 11738735.26iteration/s]
 72%|███████▏  | 14169694/19694056 [00:01<00:00, 11747471.65iteration/s]
 78%|███████▊  | 15347556/19694056 [00:01<00:00, 11739394.38iteration/s]
 84%|████████▍ | 16526832/19694056 [00:01<00:00, 11741211.51iteration/s]
 90%|████████▉ | 17713178/19694056 [00:01<00:00, 11749258.37iteration/s]
 96%|█████████▌| 18898110/19694056 [00:01<00:00, 11742984.59iteration/s]2026-05-26 18:19:43.652 | INFO     | utils.ConnectHandler_server:receive:80 - receive completed

100%|██████████| 19694056/19694056 [00:01<00:00, 11691376.16iteration/s]
2026-05-26 18:19:43.673 | INFO     | __main__:<module>:226 - 2026-05-26 18:19:43 RECV round=9 cid=9 train_duration=110.35610032081604 battery=146256.36J
2026-05-26 18:19:43.673 | INFO     | utils.ConnectHandler_server:send:28 - sending data (59 bytes) to client#9...
2026-05-26 18:19:43.673 | INFO     | utils.ConnectHandler_server:send:34 - sending data (59 bytes) to client#9 completely
2026-05-26 18:21:36.184 | INFO     | utils.ConnectHandler_server:receive:71 - 19697437bytes data to be received from client#8

  0%|          | 0/19697437 [00:00<?, ?iteration/s]
  6%|▌         | 1167088/19697437 [00:00<00:01, 11644516.55iteration/s]
 12%|█▏        | 2335624/19697437 [00:00<00:01, 11657908.81iteration/s]
 18%|█▊        | 3502712/19697437 [00:00<00:01, 11637946.89iteration/s]
 24%|██▎       | 4666904/19697437 [00:00<00:01, 11631693.02iteration/s]
 30%|██▉       | 5845576/19697437 [00:00<00:01, 11672519.21iteration/s]
 36%|███▌      | 7027144/19697437 [00:00<00:01, 11704512.24iteration/s]
 42%|████▏     | 8204368/19697437 [00:00<00:00, 11714218.01iteration/s]
 48%|████▊     | 9378696/19697437 [00:00<00:00, 11720390.41iteration/s]
 54%|█████▎    | 10555920/19697437 [00:00<00:00, 11728921.33iteration/s]
 60%|█████▉    | 11734592/19697437 [00:01<00:00, 11728364.58iteration/s]
 66%|██████▌   | 12907472/19697437 [00:01<00:00, 11728133.79iteration/s]
 72%|███████▏  | 14086144/19697437 [00:01<00:00, 11739700.18iteration/s]
 78%|███████▊  | 15269160/19697437 [00:01<00:00, 11740724.92iteration/s]
 83%|████████▎ | 16443488/19697437 [00:01<00:00, 11731117.00iteration/s]
 89%|████████▉ | 17625056/19697437 [00:01<00:00, 11732701.96iteration/s]
 95%|█████████▌| 18802280/19697437 [00:01<00:00, 11724120.48iteration/s]2026-05-26 18:21:37.868 | INFO     | utils.ConnectHandler_server:receive:80 - receive completed

100%|██████████| 19697437/19697437 [00:01<00:00, 11653472.77iteration/s]
2026-05-26 18:21:37.883 | INFO     | __main__:<module>:226 - 2026-05-26 18:21:37 RECV round=9 cid=8 train_duration=225.97044157981873 battery=142962.57J
2026-05-26 18:21:37.883 | INFO     | utils.ConnectHandler_server:send:28 - sending data (59 bytes) to client#8...
2026-05-26 18:21:37.883 | INFO     | utils.ConnectHandler_server:send:34 - sending data (59 bytes) to client#8 completely
2026-05-26 18:21:52.153 | INFO     | __main__:<module>:313 - 2026-05-26 18:21:51 ROUND=9 end avg_acc=12.9700 best_acc=13.2370 duration=243.95s comm_mb=75.195 selected=[8, 9] checkpoint=logs_real/dfl_real_server/checkpoints/dfl_seed1/checkpoint.pt
2026-05-26 18:21:52.154 | INFO     | __main__:<module>:179 - 2026-05-26 18:21:52 ROUND=10 start selected=[0, 1] active_clients=[0, 1, 2, 3, 4, 5, 6, 7, 8, 9] cursor=2
2026-05-26 18:21:52.190 | INFO     | utils.ConnectHandler_server:send:28 - sending data (19699823 bytes) to client#0...
2026-05-26 18:21:53.800 | INFO     | utils.ConnectHandler_server:send:34 - sending data (19699823 bytes) to client#0 completely
2026-05-26 18:21:53.800 | INFO     | __main__:<module>:207 - 2026-05-26 18:21:53 SEND round=10 cid=0 payload_mb=18.787 duration=1.624s
2026-05-26 18:21:53.818 | INFO     | utils.ConnectHandler_server:send:28 - sending data (19699819 bytes) to client#1...
2026-05-26 18:21:55.524 | INFO     | utils.ConnectHandler_server:send:34 - sending data (19699819 bytes) to client#1 completely
2026-05-26 18:21:55.524 | INFO     | __main__:<module>:207 - 2026-05-26 18:21:55 SEND round=10 cid=1 payload_mb=18.787 duration=1.715s
2026-05-26 18:23:43.281 | INFO     | utils.ConnectHandler_server:receive:71 - 19696965bytes data to be received from client#0

  0%|          | 0/19696965 [00:00<?, ?iteration/s]
  6%|▌         | 1171432/19696965 [00:00<00:01, 11687747.21iteration/s]
 12%|█▏        | 2350104/19696965 [00:00<00:01, 11729172.03iteration/s]
 18%|█▊        | 3527328/19696965 [00:00<00:01, 11742306.43iteration/s]
 24%|██▍       | 4704552/19696965 [00:00<00:01, 11743725.10iteration/s]
 30%|██▉       | 5884672/19696965 [00:00<00:01, 11754759.16iteration/s]
 36%|███▌      | 7063344/19696965 [00:00<00:01, 11748657.29iteration/s]
 42%|████▏     | 8240568/19696965 [00:00<00:00, 11755981.05iteration/s]
 48%|████▊     | 9423584/19696965 [00:00<00:00, 11758498.04iteration/s]
 54%|█████▍    | 10606600/19696965 [00:00<00:00, 11757883.67iteration/s]
 60%|█████▉    | 11786720/19696965 [00:01<00:00, 11754536.49iteration/s]
 66%|██████▌   | 12965392/19696965 [00:01<00:00, 11760501.89iteration/s]
 72%|███████▏  | 14142616/19696965 [00:01<00:00, 11761591.26iteration/s]
 78%|███████▊  | 15324184/19696965 [00:01<00:00, 11756040.86iteration/s]
 84%|████████▍ | 16512992/19696965 [00:01<00:00, 11762215.53iteration/s]
 90%|████████▉ | 17700352/19696965 [00:01<00:00, 11758372.99iteration/s]
 96%|█████████▌| 18884816/19696965 [00:01<00:00, 11756535.00iteration/s]2026-05-26 18:23:44.958 | INFO     | utils.ConnectHandler_server:receive:80 - receive completed

100%|██████████| 19696965/19696965 [00:01<00:00, 11529229.73iteration/s]
2026-05-26 18:23:44.999 | INFO     | __main__:<module>:226 - 2026-05-26 18:23:44 RECV round=10 cid=0 train_duration=108.50215291976929 battery=147113.43J
2026-05-26 18:23:44.999 | INFO     | utils.ConnectHandler_server:send:28 - sending data (59 bytes) to client#0...
2026-05-26 18:23:44.999 | INFO     | utils.ConnectHandler_server:send:34 - sending data (59 bytes) to client#0 completely
2026-05-26 18:23:46.570 | INFO     | utils.ConnectHandler_server:receive:71 - 19696971bytes data to be received from client#1

  0%|          | 0/19696971 [00:00<?, ?iteration/s]
  6%|▌         | 1169984/19696971 [00:00<00:01, 11692101.58iteration/s]
 12%|█▏        | 2348656/19696971 [00:00<00:01, 11732666.11iteration/s]
 18%|█▊        | 3524432/19696971 [00:00<00:01, 11742038.03iteration/s]
 24%|██▍       | 4700208/19696971 [00:00<00:01, 11739069.10iteration/s]
 30%|██▉       | 5881776/19696971 [00:00<00:01, 11755910.22iteration/s]
 36%|███▌      | 7060448/19696971 [00:00<00:01, 11751895.03iteration/s]
 42%|████▏     | 8242016/19696971 [00:00<00:00, 11754295.63iteration/s]
 48%|████▊     | 9420688/19696971 [00:00<00:00, 11760777.92iteration/s]
 54%|█████▍    | 10605152/19696971 [00:00<00:00, 11760081.34iteration/s]
 60%|█████▉    | 11786720/19696971 [00:01<00:00, 11758964.01iteration/s]
 66%|██████▌   | 12966840/19696971 [00:01<00:00, 11761954.89iteration/s]
 72%|███████▏  | 14144064/19696971 [00:01<00:00, 11755215.03iteration/s]
 78%|███████▊  | 15324184/19696971 [00:01<00:00, 11757289.33iteration/s]
 84%|████████▍ | 16499960/19696971 [00:01<00:00, 11752216.85iteration/s]
 90%|████████▉ | 17681528/19696971 [00:01<00:00, 11756454.42iteration/s]
 96%|█████████▌| 18870336/19696971 [00:01<00:00, 11760821.55iteration/s]2026-05-26 18:23:48.247 | INFO     | utils.ConnectHandler_server:receive:80 - receive completed

100%|██████████| 19696971/19696971 [00:01<00:00, 11702385.37iteration/s]
2026-05-26 18:23:48.263 | INFO     | __main__:<module>:226 - 2026-05-26 18:23:48 RECV round=10 cid=1 train_duration=110.11551451683044 battery=147073.79J
2026-05-26 18:23:48.263 | INFO     | utils.ConnectHandler_server:send:28 - sending data (59 bytes) to client#1...
2026-05-26 18:23:48.263 | INFO     | utils.ConnectHandler_server:send:34 - sending data (59 bytes) to client#1 completely
2026-05-26 18:24:02.529 | INFO     | __main__:<module>:313 - 2026-05-26 18:24:02 ROUND=10 end avg_acc=12.8730 best_acc=13.2370 duration=130.03s comm_mb=75.138 selected=[0, 1] checkpoint=logs_real/dfl_real_server/checkpoints/dfl_seed1/checkpoint.pt
2026-05-26 18:24:02.530 | INFO     | __main__:<module>:179 - 2026-05-26 18:24:02 ROUND=11 start selected=[2, 3] active_clients=[0, 1, 2, 3, 4, 5, 6, 7, 8, 9] cursor=4
2026-05-26 18:24:02.583 | INFO     | utils.ConnectHandler_server:send:28 - sending data (19699820 bytes) to client#2...
2026-05-26 18:24:04.233 | INFO     | utils.ConnectHandler_server:send:34 - sending data (19699820 bytes) to client#2 completely
2026-05-26 18:24:04.233 | INFO     | __main__:<module>:207 - 2026-05-26 18:24:04 SEND round=11 cid=2 payload_mb=18.787 duration=1.666s
2026-05-26 18:24:04.252 | INFO     | utils.ConnectHandler_server:send:28 - sending data (19699825 bytes) to client#3...
2026-05-26 18:24:05.932 | INFO     | utils.ConnectHandler_server:send:34 - sending data (19699825 bytes) to client#3 completely
2026-05-26 18:24:05.932 | INFO     | __main__:<module>:207 - 2026-05-26 18:24:05 SEND round=11 cid=3 payload_mb=18.787 duration=1.690s
2026-05-26 18:25:30.384 | INFO     | utils.ConnectHandler_server:receive:71 - 19696973bytes data to be received from client#3

  0%|          | 0/19696973 [00:00<?, ?iteration/s]
  6%|▌         | 1143920/19696973 [00:00<00:01, 11434167.59iteration/s]
 12%|█▏        | 2303768/19696973 [00:00<00:01, 11521521.44iteration/s]
 18%|█▊        | 3480992/19696973 [00:00<00:01, 11630329.76iteration/s]
 24%|██▎       | 4656768/19696973 [00:00<00:01, 11675734.71iteration/s]
 30%|██▉       | 5833992/19696973 [00:00<00:01, 11704914.66iteration/s]
 36%|███▌      | 7012664/19696973 [00:00<00:01, 11720094.62iteration/s]
 42%|████▏     | 8192784/19696973 [00:00<00:00, 11734796.26iteration/s]
 48%|████▊     | 9371456/19696973 [00:00<00:00, 11745145.13iteration/s]
 54%|█████▎    | 10554472/19696973 [00:00<00:00, 11752243.58iteration/s]
 60%|█████▉    | 11730248/19696973 [00:01<00:00, 11748889.60iteration/s]
 66%|██████▌   | 12913264/19696973 [00:01<00:00, 11753944.93iteration/s]
 72%|███████▏  | 14093384/19696973 [00:01<00:00, 11755768.60iteration/s]
 78%|███████▊  | 15272056/19696973 [00:01<00:00, 11752280.21iteration/s]
 84%|████████▎ | 16460864/19696973 [00:01<00:00, 11757178.75iteration/s]
 90%|████████▉ | 17645328/19696973 [00:01<00:00, 11755864.81iteration/s]
 96%|█████████▌| 18831240/19696973 [00:01<00:00, 11765049.01iteration/s]2026-05-26 18:25:32.066 | INFO     | utils.ConnectHandler_server:receive:80 - receive completed

100%|██████████| 19696973/19696973 [00:01<00:00, 11670766.60iteration/s]
2026-05-26 18:25:32.082 | INFO     | __main__:<module>:226 - 2026-05-26 18:25:32 RECV round=11 cid=3 train_duration=83.83266186714172 battery=147791.03J
2026-05-26 18:25:32.082 | INFO     | utils.ConnectHandler_server:send:28 - sending data (59 bytes) to client#3...
2026-05-26 18:25:32.082 | INFO     | utils.ConnectHandler_server:send:34 - sending data (59 bytes) to client#3 completely
2026-05-26 18:25:33.367 | INFO     | utils.ConnectHandler_server:receive:71 - 19697059bytes data to be received from client#2

  0%|          | 0/19697059 [00:00<?, ?iteration/s]
  6%|▌         | 1175776/19697059 [00:00<00:01, 11733433.21iteration/s]
 12%|█▏        | 2353000/19697059 [00:00<00:01, 11748855.84iteration/s]
 18%|█▊        | 3528776/19697059 [00:00<00:01, 11731751.81iteration/s]
 24%|██▍       | 4704552/19697059 [00:00<00:01, 11733384.95iteration/s]
 30%|██▉       | 5880328/19697059 [00:00<00:01, 11738679.00iteration/s]
 36%|███▌      | 7059000/19697059 [00:00<00:01, 11748709.78iteration/s]
 42%|████▏     | 8237672/19697059 [00:00<00:00, 11748603.51iteration/s]
 48%|████▊     | 9417792/19697059 [00:00<00:00, 11758722.58iteration/s]
 54%|█████▍    | 10602256/19697059 [00:00<00:00, 11752212.73iteration/s]
 60%|█████▉    | 11782376/19697059 [00:01<00:00, 11759036.42iteration/s]
 66%|██████▌   | 12959600/19697059 [00:01<00:00, 11759261.91iteration/s]
 72%|███████▏  | 14139720/19697059 [00:01<00:00, 11758830.42iteration/s]
 78%|███████▊  | 15316944/19697059 [00:01<00:00, 11756185.45iteration/s]
 84%|████████▍ | 16501408/19697059 [00:01<00:00, 11762995.00iteration/s]
 90%|████████▉ | 17681528/19697059 [00:01<00:00, 11759017.30iteration/s]
 96%|█████████▌| 18871784/19697059 [00:01<00:00, 11757620.45iteration/s]2026-05-26 18:25:35.044 | INFO     | utils.ConnectHandler_server:receive:80 - receive completed

100%|██████████| 19697059/19697059 [00:01<00:00, 11701308.91iteration/s]
2026-05-26 18:25:35.059 | INFO     | __main__:<module>:226 - 2026-05-26 18:25:35 RECV round=11 cid=2 train_duration=88.4097511768341 battery=147686.65J
2026-05-26 18:25:35.059 | INFO     | utils.ConnectHandler_server:send:28 - sending data (59 bytes) to client#2...
2026-05-26 18:25:35.059 | INFO     | utils.ConnectHandler_server:send:34 - sending data (59 bytes) to client#2 completely
2026-05-26 18:25:48.735 | INFO     | __main__:<module>:313 - 2026-05-26 18:25:48 ROUND=11 end avg_acc=12.9390 best_acc=13.2370 duration=105.96s comm_mb=75.138 selected=[2, 3] checkpoint=logs_real/dfl_real_server/checkpoints/dfl_seed1/checkpoint.pt
2026-05-26 18:25:48.735 | INFO     | __main__:<module>:179 - 2026-05-26 18:25:48 ROUND=12 start selected=[4, 5] active_clients=[0, 1, 2, 3, 4, 5, 6, 7, 8, 9] cursor=6
2026-05-26 18:25:48.752 | INFO     | utils.ConnectHandler_server:send:28 - sending data (19699825 bytes) to client#4...
2026-05-26 18:25:50.399 | INFO     | utils.ConnectHandler_server:send:34 - sending data (19699825 bytes) to client#4 completely
2026-05-26 18:25:50.399 | INFO     | __main__:<module>:207 - 2026-05-26 18:25:50 SEND round=12 cid=4 payload_mb=18.787 duration=1.655s
2026-05-26 18:25:50.416 | INFO     | utils.ConnectHandler_server:send:28 - sending data (19699820 bytes) to client#5...
2026-05-26 18:25:52.106 | INFO     | utils.ConnectHandler_server:send:34 - sending data (19699820 bytes) to client#5 completely
2026-05-26 18:25:52.107 | INFO     | __main__:<module>:207 - 2026-05-26 18:25:52 SEND round=12 cid=5 payload_mb=18.787 duration=1.699s
2026-05-26 18:27:17.477 | INFO     | utils.ConnectHandler_server:receive:71 - 19696983bytes data to be received from client#4

  0%|          | 0/19696983 [00:00<?, ?iteration/s]
  6%|▌         | 1178672/19696983 [00:00<00:01, 11755061.55iteration/s]
 12%|█▏        | 2357344/19696983 [00:00<00:01, 11756919.76iteration/s]
 18%|█▊        | 3534568/19696983 [00:00<00:01, 11760484.24iteration/s]
 24%|██▍       | 4711792/19696983 [00:00<00:01, 11753520.59iteration/s]
 30%|██▉       | 5889016/19696983 [00:00<00:01, 11746579.27iteration/s]
 36%|███▌      | 7069136/19696983 [00:00<00:01, 11750668.99iteration/s]
 42%|████▏     | 8252152/19696983 [00:00<00:00, 11763075.89iteration/s]
 48%|████▊     | 9435168/19696983 [00:00<00:00, 11762634.66iteration/s]
 54%|█████▍    | 10616736/19696983 [00:00<00:00, 11756795.44iteration/s]
 60%|█████▉    | 11792512/19696983 [00:01<00:00, 11755508.71iteration/s]
 66%|██████▌   | 12975528/19696983 [00:01<00:00, 11757242.19iteration/s]
 72%|███████▏  | 14158544/19696983 [00:01<00:00, 11756000.52iteration/s]
 78%|███████▊  | 15340112/19696983 [00:01<00:00, 11761585.12iteration/s]
 84%|████████▍ | 16524576/19696983 [00:01<00:00, 11752056.62iteration/s]
 90%|████████▉ | 17710488/19696983 [00:01<00:00, 11757523.42iteration/s]
 96%|█████████▌| 18896400/19696983 [00:01<00:00, 11752102.89iteration/s]2026-05-26 18:27:19.154 | INFO     | utils.ConnectHandler_server:receive:80 - receive completed

100%|██████████| 19696983/19696983 [00:01<00:00, 11698340.98iteration/s]
2026-05-26 18:27:19.170 | INFO     | __main__:<module>:226 - 2026-05-26 18:27:19 RECV round=12 cid=4 train_duration=86.33539485931396 battery=147748.45J
2026-05-26 18:27:19.170 | INFO     | utils.ConnectHandler_server:send:28 - sending data (59 bytes) to client#4...
2026-05-26 18:27:19.170 | INFO     | utils.ConnectHandler_server:send:34 - sending data (59 bytes) to client#4 completely
2026-05-26 18:28:06.247 | INFO     | utils.ConnectHandler_server:receive:71 - 19696967bytes data to be received from client#5

  0%|          | 0/19696967 [00:00<?, ?iteration/s]
  6%|▌         | 1175776/19696967 [00:00<00:01, 11734326.62iteration/s]
 12%|█▏        | 2353000/19696967 [00:00<00:01, 11751676.55iteration/s]
 18%|█▊        | 3528776/19696967 [00:00<00:01, 11752795.41iteration/s]
 24%|██▍       | 4708896/19696967 [00:00<00:01, 11757299.34iteration/s]
 30%|██▉       | 5889016/19696967 [00:00<00:01, 11761319.18iteration/s]
 36%|███▌      | 7067688/19696967 [00:00<00:01, 11756129.25iteration/s]
 42%|████▏     | 8247808/19696967 [00:00<00:00, 11757220.33iteration/s]
 48%|████▊     | 9425032/19696967 [00:00<00:00, 11761069.48iteration/s]
 54%|█████▍    | 10608048/19696967 [00:00<00:00, 11758862.33iteration/s]
 60%|█████▉    | 11789616/19696967 [00:01<00:00, 11754760.21iteration/s]
 66%|██████▌   | 12975528/19696967 [00:01<00:00, 11760205.51iteration/s]
 72%|███████▏  | 14159992/19696967 [00:01<00:00, 11757727.81iteration/s]
 78%|███████▊  | 15343008/19696967 [00:01<00:00, 11756320.48iteration/s]
 84%|████████▍ | 16520232/19696967 [00:01<00:00, 11759467.44iteration/s]
 90%|████████▉ | 17709040/19696967 [00:01<00:00, 11761136.10iteration/s]
 96%|█████████▌| 18894952/19696967 [00:01<00:00, 11758812.42iteration/s]2026-05-26 18:28:07.924 | INFO     | utils.ConnectHandler_server:receive:80 - receive completed

100%|██████████| 19696967/19696967 [00:01<00:00, 11699569.00iteration/s]
2026-05-26 18:28:07.940 | INFO     | __main__:<module>:226 - 2026-05-26 18:28:07 RECV round=12 cid=5 train_duration=133.51360321044922 battery=146223.27J
2026-05-26 18:28:07.940 | INFO     | utils.ConnectHandler_server:send:28 - sending data (59 bytes) to client#5...
2026-05-26 18:28:07.940 | INFO     | utils.ConnectHandler_server:send:34 - sending data (59 bytes) to client#5 completely
2026-05-26 18:28:22.150 | INFO     | __main__:<module>:313 - 2026-05-26 18:28:21 ROUND=12 end avg_acc=12.9420 best_acc=13.2370 duration=153.17s comm_mb=75.138 selected=[4, 5] checkpoint=logs_real/dfl_real_server/checkpoints/dfl_seed1/checkpoint.pt
2026-05-26 18:28:22.150 | INFO     | __main__:<module>:179 - 2026-05-26 18:28:22 ROUND=13 start selected=[6, 7] active_clients=[0, 1, 2, 3, 4, 5, 6, 7, 8, 9] cursor=8
2026-05-26 18:28:22.173 | INFO     | utils.ConnectHandler_server:send:28 - sending data (19699820 bytes) to client#6...
2026-05-26 18:28:23.812 | INFO     | utils.ConnectHandler_server:send:34 - sending data (19699820 bytes) to client#6 completely
2026-05-26 18:28:23.812 | INFO     | __main__:<module>:207 - 2026-05-26 18:28:23 SEND round=13 cid=6 payload_mb=18.787 duration=1.653s
2026-05-26 18:28:23.831 | INFO     | utils.ConnectHandler_server:send:28 - sending data (19729791 bytes) to client#7...
2026-05-26 18:28:25.506 | INFO     | utils.ConnectHandler_server:send:34 - sending data (19729791 bytes) to client#7 completely
2026-05-26 18:28:25.506 | INFO     | __main__:<module>:207 - 2026-05-26 18:28:25 SEND round=13 cid=7 payload_mb=18.816 duration=1.685s
2026-05-26 18:30:01.657 | INFO     | utils.ConnectHandler_server:receive:71 - 19696959bytes data to be received from client#6

  0%|          | 0/19696959 [00:00<?, ?iteration/s]
  6%|▌         | 1175776/19696959 [00:00<00:01, 11753063.60iteration/s]
 12%|█▏        | 2353000/19696959 [00:00<00:01, 11742843.73iteration/s]
 18%|█▊        | 3530224/19696959 [00:00<00:01, 11753253.59iteration/s]
 24%|██▍       | 4710344/19696959 [00:00<00:01, 11696335.61iteration/s]
 30%|██▉       | 5887568/19696959 [00:00<00:01, 11720976.25iteration/s]
 36%|███▌      | 7063344/19696959 [00:00<00:01, 11725165.91iteration/s]
 42%|████▏     | 8246360/19696959 [00:00<00:00, 11745625.39iteration/s]
 48%|████▊     | 9425032/19696959 [00:00<00:00, 11744682.80iteration/s]
 54%|█████▍    | 10605152/19696959 [00:00<00:00, 11744898.68iteration/s]
 60%|█████▉    | 11791064/19696959 [00:01<00:00, 11757627.71iteration/s]
 66%|██████▌   | 12972632/19696959 [00:01<00:00, 11748953.22iteration/s]
 72%|███████▏  | 14157096/19696959 [00:01<00:00, 11754335.77iteration/s]
 78%|███████▊  | 15341560/19696959 [00:01<00:00, 11756417.41iteration/s]
 84%|████████▍ | 16517336/19696959 [00:01<00:00, 11738047.66iteration/s]
 90%|████████▉ | 17706144/19696959 [00:01<00:00, 11743602.37iteration/s]
 96%|█████████▌| 18894952/19696959 [00:01<00:00, 11752048.96iteration/s]2026-05-26 18:30:03.336 | INFO     | utils.ConnectHandler_server:receive:80 - receive completed

100%|██████████| 19696959/19696959 [00:01<00:00, 11690486.85iteration/s]
2026-05-26 18:30:03.352 | INFO     | __main__:<module>:226 - 2026-05-26 18:30:03 RECV round=13 cid=6 train_duration=97.1676938533783 battery=147309.94J
2026-05-26 18:30:03.352 | INFO     | utils.ConnectHandler_server:send:28 - sending data (59 bytes) to client#6...
2026-05-26 18:30:03.352 | INFO     | utils.ConnectHandler_server:send:34 - sending data (59 bytes) to client#6 completely
2026-05-26 18:30:12.920 | INFO     | utils.ConnectHandler_server:receive:71 - 19697437bytes data to be received from client#7

  0%|          | 0/19697437 [00:00<?, ?iteration/s]
  6%|▌         | 1169984/19697437 [00:00<00:01, 11681302.78iteration/s]
 12%|█▏        | 2338520/19697437 [00:00<00:01, 11664844.17iteration/s]
 18%|█▊        | 3505608/19697437 [00:00<00:01, 11645935.61iteration/s]
 24%|██▎       | 4675592/19697437 [00:00<00:01, 11662031.56iteration/s]
 30%|██▉       | 5851368/19697437 [00:00<00:01, 11681832.97iteration/s]
 36%|███▌      | 7031488/19697437 [00:00<00:01, 11707503.81iteration/s]
 42%|████▏     | 8207264/19697437 [00:00<00:00, 11713507.57iteration/s]
 48%|████▊     | 9390280/19697437 [00:00<00:00, 11735736.15iteration/s]
 54%|█████▎    | 10567504/19697437 [00:00<00:00, 11739818.28iteration/s]
 60%|█████▉    | 11750520/19697437 [00:01<00:00, 11744233.99iteration/s]
 66%|██████▌   | 12927744/19697437 [00:01<00:00, 11745477.49iteration/s]
 72%|███████▏  | 14103520/19697437 [00:01<00:00, 11747389.51iteration/s]
 78%|███████▊  | 15279296/19697437 [00:01<00:00, 11747488.32iteration/s]
 84%|████████▎ | 16466656/19697437 [00:01<00:00, 11738275.48iteration/s]
 90%|████████▉ | 17648224/19697437 [00:01<00:00, 11741196.76iteration/s]
 96%|█████████▌| 18831240/19697437 [00:01<00:00, 11741275.74iteration/s]2026-05-26 18:30:14.603 | INFO     | utils.ConnectHandler_server:receive:80 - receive completed

100%|██████████| 19697437/19697437 [00:01<00:00, 11663908.54iteration/s]
2026-05-26 18:30:14.619 | INFO     | __main__:<module>:226 - 2026-05-26 18:30:14 RECV round=13 cid=7 train_duration=107.06650948524475 battery=144409.21J
2026-05-26 18:30:14.619 | INFO     | utils.ConnectHandler_server:send:28 - sending data (59 bytes) to client#7...
2026-05-26 18:30:14.619 | INFO     | utils.ConnectHandler_server:send:34 - sending data (59 bytes) to client#7 completely
2026-05-26 18:30:28.852 | INFO     | __main__:<module>:313 - 2026-05-26 18:30:28 ROUND=13 end avg_acc=12.7900 best_acc=13.2370 duration=126.40s comm_mb=75.167 selected=[6, 7] checkpoint=logs_real/dfl_real_server/checkpoints/dfl_seed1/checkpoint.pt
2026-05-26 18:30:28.853 | INFO     | __main__:<module>:179 - 2026-05-26 18:30:28 ROUND=14 start selected=[8, 9] active_clients=[0, 1, 2, 3, 4, 5, 6, 7, 8, 9] cursor=0
2026-05-26 18:30:28.888 | INFO     | utils.ConnectHandler_server:send:28 - sending data (19735888 bytes) to client#8...
2026-05-26 18:30:30.495 | INFO     | utils.ConnectHandler_server:send:34 - sending data (19735888 bytes) to client#8 completely
2026-05-26 18:30:30.495 | INFO     | __main__:<module>:207 - 2026-05-26 18:30:30 SEND round=14 cid=8 payload_mb=18.822 duration=1.623s
2026-05-26 18:30:30.515 | INFO     | utils.ConnectHandler_server:send:28 - sending data (19723703 bytes) to client#9...
2026-05-26 18:30:32.201 | INFO     | utils.ConnectHandler_server:send:34 - sending data (19723703 bytes) to client#9 completely
2026-05-26 18:30:32.201 | INFO     | __main__:<module>:207 - 2026-05-26 18:30:32 SEND round=14 cid=9 payload_mb=18.810 duration=1.696s
2026-05-26 18:32:26.567 | INFO     | utils.ConnectHandler_server:receive:71 - 19694064bytes data to be received from client#9

  0%|          | 0/19694064 [00:00<?, ?iteration/s]
  6%|▌         | 1182104/19694064 [00:00<00:01, 11810210.53iteration/s]
 12%|█▏        | 2364208/19694064 [00:00<00:01, 11770660.84iteration/s]
 18%|█▊        | 3543484/19694064 [00:00<00:01, 11755490.85iteration/s]
 24%|██▍       | 4721346/19694064 [00:00<00:01, 11746430.13iteration/s]
 30%|██▉       | 5900622/19694064 [00:00<00:01, 11747895.70iteration/s]
 36%|███▌      | 7081312/19694064 [00:00<00:01, 11750001.10iteration/s]
 42%|████▏     | 8260588/19694064 [00:00<00:00, 11743780.75iteration/s]
 48%|████▊     | 9439864/19694064 [00:00<00:00, 11740176.16iteration/s]
 54%|█████▍    | 10617726/19694064 [00:00<00:00, 11746294.62iteration/s]
 60%|█████▉    | 11795588/19694064 [00:01<00:00, 11741477.20iteration/s]
 66%|██████▌   | 12976278/19694064 [00:01<00:00, 11744492.90iteration/s]
 72%|███████▏  | 14161210/19694064 [00:01<00:00, 11748874.72iteration/s]
 78%|███████▊  | 15343314/19694064 [00:01<00:00, 11748230.61iteration/s]
 84%|████████▍ | 16519762/19694064 [00:01<00:00, 11743738.24iteration/s]
 90%|████████▉ | 17704694/19694064 [00:01<00:00, 11737694.69iteration/s]
 96%|█████████▌| 18886798/19694064 [00:01<00:00, 11741089.82iteration/s]2026-05-26 18:32:28.245 | INFO     | utils.ConnectHandler_server:receive:80 - receive completed

100%|██████████| 19694064/19694064 [00:01<00:00, 11692473.16iteration/s]
2026-05-26 18:32:28.261 | INFO     | __main__:<module>:226 - 2026-05-26 18:32:28 RECV round=14 cid=9 train_duration=113.94846892356873 battery=144336.65J
2026-05-26 18:32:28.261 | INFO     | utils.ConnectHandler_server:send:28 - sending data (59 bytes) to client#9...
2026-05-26 18:32:28.262 | INFO     | utils.ConnectHandler_server:send:34 - sending data (59 bytes) to client#9 completely
2026-05-26 18:34:17.339 | INFO     | utils.ConnectHandler_server:receive:71 - 19697437bytes data to be received from client#8

  0%|          | 0/19697437 [00:00<?, ?iteration/s]
  6%|▌         | 1156952/19697437 [00:00<00:01, 11558095.01iteration/s]
 12%|█▏        | 2328384/19697437 [00:00<00:01, 11639664.83iteration/s]
 18%|█▊        | 3494024/19697437 [00:00<00:01, 11622775.86iteration/s]
 24%|██▎       | 4658216/19697437 [00:00<00:01, 11624678.01iteration/s]
 30%|██▉       | 5826752/19697437 [00:00<00:01, 11642255.72iteration/s]
 36%|███▌      | 7003976/19697437 [00:00<00:01, 11673774.86iteration/s]
 42%|████▏     | 8181200/19697437 [00:00<00:00, 11694980.01iteration/s]
 48%|████▊     | 9362768/19697437 [00:00<00:00, 11722534.38iteration/s]
 54%|█████▎    | 10538544/19697437 [00:00<00:00, 11724100.98iteration/s]
 60%|█████▉    | 11723008/19697437 [00:01<00:00, 11738214.94iteration/s]
 66%|██████▌   | 12903128/19697437 [00:01<00:00, 11733585.41iteration/s]
 72%|███████▏  | 14089040/19697437 [00:01<00:00, 11740639.63iteration/s]
 78%|███████▊  | 15272056/19697437 [00:01<00:00, 11732240.86iteration/s]
 84%|████████▎ | 16450728/19697437 [00:01<00:00, 11725176.63iteration/s]
 90%|████████▉ | 17633744/19697437 [00:01<00:00, 11722666.90iteration/s]
 96%|█████████▌| 18812416/19697437 [00:01<00:00, 11725567.79iteration/s]2026-05-26 18:34:19.024 | INFO     | utils.ConnectHandler_server:receive:80 - receive completed

100%|██████████| 19697437/19697437 [00:01<00:00, 11648819.47iteration/s]
2026-05-26 18:34:19.041 | INFO     | __main__:<module>:226 - 2026-05-26 18:34:19 RECV round=14 cid=8 train_duration=226.16284084320068 battery=139481.76J
2026-05-26 18:34:19.042 | INFO     | utils.ConnectHandler_server:send:28 - sending data (59 bytes) to client#8...
2026-05-26 18:34:19.042 | INFO     | utils.ConnectHandler_server:send:34 - sending data (59 bytes) to client#8 completely
2026-05-26 18:34:32.905 | INFO     | __main__:<module>:313 - 2026-05-26 18:34:32 ROUND=14 end avg_acc=12.7990 best_acc=13.2370 duration=243.81s comm_mb=75.195 selected=[8, 9] checkpoint=logs_real/dfl_real_server/checkpoints/dfl_seed1/checkpoint.pt
2026-05-26 18:34:32.905 | INFO     | __main__:<module>:179 - 2026-05-26 18:34:32 ROUND=15 start selected=[0, 1] active_clients=[0, 1, 2, 3, 4, 5, 6, 7, 8, 9] cursor=2
2026-05-26 18:34:32.924 | INFO     | utils.ConnectHandler_server:send:28 - sending data (19699823 bytes) to client#0...
2026-05-26 18:34:34.552 | INFO     | utils.ConnectHandler_server:send:34 - sending data (19699823 bytes) to client#0 completely
2026-05-26 18:34:34.552 | INFO     | __main__:<module>:207 - 2026-05-26 18:34:34 SEND round=15 cid=0 payload_mb=18.787 duration=1.638s
2026-05-26 18:34:34.571 | INFO     | utils.ConnectHandler_server:send:28 - sending data (19699819 bytes) to client#1...
2026-05-26 18:34:36.237 | INFO     | utils.ConnectHandler_server:send:34 - sending data (19699819 bytes) to client#1 completely
2026-05-26 18:34:36.237 | INFO     | __main__:<module>:207 - 2026-05-26 18:34:36 SEND round=15 cid=1 payload_mb=18.787 duration=1.676s
2026-05-26 18:36:24.164 | INFO     | utils.ConnectHandler_server:receive:71 - 19696967bytes data to be received from client#0

  0%|          | 0/19696967 [00:00<?, ?iteration/s]
  6%|▌         | 1171432/19696967 [00:00<00:01, 11692503.38iteration/s]
 12%|█▏        | 2348656/19696967 [00:00<00:01, 11732192.98iteration/s]
 18%|█▊        | 3525880/19696967 [00:00<00:01, 11739475.01iteration/s]
 24%|██▍       | 4706000/19696967 [00:00<00:01, 11751568.59iteration/s]
 30%|██▉       | 5884672/19696967 [00:00<00:01, 11751568.64iteration/s]
 36%|███▌      | 7063344/19696967 [00:00<00:01, 11752015.25iteration/s]
 42%|████▏     | 8240568/19696967 [00:00<00:00, 11749449.74iteration/s]
 48%|████▊     | 9426480/19696967 [00:00<00:00, 11761831.14iteration/s]
 54%|█████▍    | 10608048/19696967 [00:00<00:00, 11751114.81iteration/s]
 60%|█████▉    | 11789616/19696967 [00:01<00:00, 11754970.82iteration/s]
 66%|██████▌   | 12975528/19696967 [00:01<00:00, 11759086.76iteration/s]
 72%|███████▏  | 14159992/19696967 [00:01<00:00, 11758679.60iteration/s]
 78%|███████▊  | 15347352/19696967 [00:01<00:00, 11765416.85iteration/s]
 84%|████████▍ | 16526024/19696967 [00:01<00:00, 11763384.55iteration/s]
 90%|████████▉ | 17707592/19696967 [00:01<00:00, 11755912.07iteration/s]
 96%|█████████▌| 18896400/19696967 [00:01<00:00, 11761097.56iteration/s]2026-05-26 18:36:25.842 | INFO     | utils.ConnectHandler_server:receive:80 - receive completed

100%|██████████| 19696967/19696967 [00:01<00:00, 11697435.38iteration/s]
2026-05-26 18:36:25.858 | INFO     | __main__:<module>:226 - 2026-05-26 18:36:25 RECV round=15 cid=0 train_duration=108.67175674438477 battery=146186.40J
2026-05-26 18:36:25.859 | INFO     | utils.ConnectHandler_server:send:28 - sending data (59 bytes) to client#0...
2026-05-26 18:36:25.859 | INFO     | utils.ConnectHandler_server:send:34 - sending data (59 bytes) to client#0 completely
2026-05-26 18:36:27.344 | INFO     | utils.ConnectHandler_server:receive:71 - 19696969bytes data to be received from client#1

  0%|          | 0/19696969 [00:00<?, ?iteration/s]
  6%|▌         | 1167088/19696969 [00:00<00:01, 11664522.55iteration/s]
 12%|█▏        | 2345760/19696969 [00:00<00:01, 11723391.45iteration/s]
 18%|█▊        | 3524432/19696969 [00:00<00:01, 11739572.60iteration/s]
 24%|██▍       | 4700208/19696969 [00:00<00:01, 11741626.91iteration/s]
 30%|██▉       | 5878880/19696969 [00:00<00:01, 11745487.43iteration/s]
 36%|███▌      | 7060448/19696969 [00:00<00:01, 11752731.85iteration/s]
 42%|████▏     | 8242016/19696969 [00:00<00:00, 11753570.64iteration/s]
 48%|████▊     | 9426480/19696969 [00:00<00:00, 11763213.12iteration/s]
 54%|█████▍    | 10603704/19696969 [00:00<00:00, 11760357.79iteration/s]
 60%|█████▉    | 11780928/19696969 [00:01<00:00, 11757433.12iteration/s]
 66%|██████▌   | 12965392/19696969 [00:01<00:00, 11760444.36iteration/s]
 72%|███████▏  | 14151304/19696969 [00:01<00:00, 11760458.09iteration/s]
 78%|███████▊  | 15340112/19696969 [00:01<00:00, 11757118.47iteration/s]
 84%|████████▍ | 16524576/19696969 [00:01<00:00, 11756510.76iteration/s]
 90%|████████▉ | 17706144/19696969 [00:01<00:00, 11764156.30iteration/s]
 96%|█████████▌| 18890608/19696969 [00:01<00:00, 11757187.66iteration/s]2026-05-26 18:36:29.021 | INFO     | utils.ConnectHandler_server:receive:80 - receive completed

100%|██████████| 19696969/19696969 [00:01<00:00, 11696204.46iteration/s]
2026-05-26 18:36:29.037 | INFO     | __main__:<module>:226 - 2026-05-26 18:36:29 RECV round=15 cid=1 train_duration=110.1231017112732 battery=146134.38J
2026-05-26 18:36:29.038 | INFO     | utils.ConnectHandler_server:send:28 - sending data (59 bytes) to client#1...
2026-05-26 18:36:29.038 | INFO     | utils.ConnectHandler_server:send:34 - sending data (59 bytes) to client#1 completely
2026-05-26 18:36:43.227 | INFO     | __main__:<module>:313 - 2026-05-26 18:36:42 ROUND=15 end avg_acc=12.8110 best_acc=13.2370 duration=130.08s comm_mb=75.138 selected=[0, 1] checkpoint=logs_real/dfl_real_server/checkpoints/dfl_seed1/checkpoint.pt
2026-05-26 18:36:43.227 | INFO     | __main__:<module>:179 - 2026-05-26 18:36:43 ROUND=16 start selected=[2, 3] active_clients=[0, 1, 2, 3, 4, 5, 6, 7, 8, 9] cursor=4
2026-05-26 18:36:43.249 | INFO     | utils.ConnectHandler_server:send:28 - sending data (19699820 bytes) to client#2...
2026-05-26 18:36:44.916 | INFO     | utils.ConnectHandler_server:send:34 - sending data (19699820 bytes) to client#2 completely
2026-05-26 18:36:44.916 | INFO     | __main__:<module>:207 - 2026-05-26 18:36:44 SEND round=16 cid=2 payload_mb=18.787 duration=1.680s
2026-05-26 18:36:44.935 | INFO     | utils.ConnectHandler_server:send:28 - sending data (19699825 bytes) to client#3...
2026-05-26 18:36:46.563 | INFO     | utils.ConnectHandler_server:send:34 - sending data (19699825 bytes) to client#3 completely
2026-05-26 18:36:46.563 | INFO     | __main__:<module>:207 - 2026-05-26 18:36:46 SEND round=16 cid=3 payload_mb=18.787 duration=1.637s
2026-05-26 18:38:10.908 | INFO     | utils.ConnectHandler_server:receive:71 - 19696969bytes data to be received from client#3

  0%|          | 0/19696969 [00:00<?, ?iteration/s]
  6%|▌         | 1178672/19696969 [00:00<00:01, 11756766.80iteration/s]
 12%|█▏        | 2355896/19696969 [00:00<00:01, 11757827.09iteration/s]
 18%|█▊        | 3534568/19696969 [00:00<00:01, 11757866.44iteration/s]
 24%|██▍       | 4713240/19696969 [00:00<00:01, 11753502.62iteration/s]
 30%|██▉       | 5889016/19696969 [00:00<00:01, 11752346.01iteration/s]
 36%|███▌      | 7067688/19696969 [00:00<00:01, 11756693.29iteration/s]
 42%|████▏     | 8250704/19696969 [00:00<00:00, 11759355.33iteration/s]
 48%|████▊     | 9435168/19696969 [00:00<00:00, 11762006.88iteration/s]
 54%|█████▍    | 10616736/19696969 [00:00<00:00, 11761189.64iteration/s]
 60%|█████▉    | 11801200/19696969 [00:01<00:00, 11753817.52iteration/s]
 66%|██████▌   | 12985664/19696969 [00:01<00:00, 11762801.03iteration/s]
 72%|███████▏  | 14174472/19696969 [00:01<00:00, 11761306.28iteration/s]
 78%|███████▊  | 15354592/19696969 [00:01<00:00, 11758681.81iteration/s]
 84%|████████▍ | 16539056/19696969 [00:01<00:00, 11758820.74iteration/s]
 90%|████████▉ | 17722072/19696969 [00:01<00:00, 11760458.54iteration/s]
 96%|█████████▌| 18906536/19696969 [00:01<00:00, 11755025.13iteration/s]2026-05-26 18:38:12.585 | INFO     | utils.ConnectHandler_server:receive:80 - receive completed

100%|██████████| 19696969/19696969 [00:01<00:00, 11697757.89iteration/s]
2026-05-26 18:38:12.601 | INFO     | __main__:<module>:226 - 2026-05-26 18:38:12 RECV round=16 cid=3 train_duration=83.67427587509155 battery=147077.24J
2026-05-26 18:38:12.601 | INFO     | utils.ConnectHandler_server:send:28 - sending data (59 bytes) to client#3...
2026-05-26 18:38:12.601 | INFO     | utils.ConnectHandler_server:send:34 - sending data (59 bytes) to client#3 completely
2026-05-26 18:38:13.815 | INFO     | utils.ConnectHandler_server:receive:71 - 19697059bytes data to be received from client#2

  0%|          | 0/19697059 [00:00<?, ?iteration/s]
  6%|▌         | 1172880/19697059 [00:00<00:01, 11721265.85iteration/s]
 12%|█▏        | 2350104/19697059 [00:00<00:01, 11745880.47iteration/s]
 18%|█▊        | 3527328/19697059 [00:00<00:01, 11745888.96iteration/s]
 24%|██▍       | 4703104/19697059 [00:00<00:01, 11749029.02iteration/s]
 30%|██▉       | 5880328/19697059 [00:00<00:01, 11751420.42iteration/s]
 36%|███▌      | 7059000/19697059 [00:00<00:01, 11749892.59iteration/s]
 42%|████▏     | 8237672/19697059 [00:00<00:00, 11753795.63iteration/s]
 48%|████▊     | 9416344/19697059 [00:00<00:00, 11757190.65iteration/s]
 54%|█████▍    | 10602256/19697059 [00:00<00:00, 11762950.82iteration/s]
 60%|█████▉    | 11783824/19697059 [00:01<00:00, 11762084.59iteration/s]
 66%|██████▌   | 12968288/19697059 [00:01<00:00, 11759755.80iteration/s]
 72%|███████▏  | 14148408/19697059 [00:01<00:00, 11764636.10iteration/s]
 78%|███████▊  | 15335768/19697059 [00:01<00:00, 11760507.46iteration/s]
 84%|████████▍ | 16521680/19697059 [00:01<00:00, 11757877.95iteration/s]
 90%|████████▉ | 17703248/19697059 [00:01<00:00, 11765064.15iteration/s]
 96%|█████████▌| 18887712/19697059 [00:01<00:00, 11750783.79iteration/s]2026-05-26 18:38:15.492 | INFO     | utils.ConnectHandler_server:receive:80 - receive completed

100%|██████████| 19697059/19697059 [00:01<00:00, 11698775.41iteration/s]
2026-05-26 18:38:15.508 | INFO     | __main__:<module>:226 - 2026-05-26 18:38:15 RECV round=16 cid=2 train_duration=88.20253825187683 battery=146934.24J
2026-05-26 18:38:15.508 | INFO     | utils.ConnectHandler_server:send:28 - sending data (59 bytes) to client#2...
2026-05-26 18:38:15.508 | INFO     | utils.ConnectHandler_server:send:34 - sending data (59 bytes) to client#2 completely
2026-05-26 18:38:29.816 | INFO     | __main__:<module>:313 - 2026-05-26 18:38:29 ROUND=16 end avg_acc=12.7140 best_acc=13.2370 duration=106.22s comm_mb=75.138 selected=[2, 3] checkpoint=logs_real/dfl_real_server/checkpoints/dfl_seed1/checkpoint.pt
2026-05-26 18:38:29.816 | INFO     | __main__:<module>:179 - 2026-05-26 18:38:29 ROUND=17 start selected=[4, 5] active_clients=[0, 1, 2, 3, 4, 5, 6, 7, 8, 9] cursor=6
2026-05-26 18:38:29.863 | INFO     | utils.ConnectHandler_server:send:28 - sending data (19699825 bytes) to client#4...
2026-05-26 18:38:31.517 | INFO     | utils.ConnectHandler_server:send:34 - sending data (19699825 bytes) to client#4 completely
2026-05-26 18:38:31.518 | INFO     | __main__:<module>:207 - 2026-05-26 18:38:31 SEND round=17 cid=4 payload_mb=18.787 duration=1.669s
2026-05-26 18:38:31.537 | INFO     | utils.ConnectHandler_server:send:28 - sending data (19699820 bytes) to client#5...
2026-05-26 18:38:33.190 | INFO     | utils.ConnectHandler_server:send:34 - sending data (19699820 bytes) to client#5 completely
2026-05-26 18:38:33.190 | INFO     | __main__:<module>:207 - 2026-05-26 18:38:33 SEND round=17 cid=5 payload_mb=18.787 duration=1.663s
2026-05-26 18:39:59.006 | INFO     | utils.ConnectHandler_server:receive:71 - 19696969bytes data to be received from client#4

  0%|          | 0/19696969 [00:00<?, ?iteration/s]
  6%|▌         | 1169984/19696969 [00:00<00:01, 11689260.79iteration/s]
 12%|█▏        | 2347208/19696969 [00:00<00:01, 11733306.61iteration/s]
 18%|█▊        | 3524432/19696969 [00:00<00:01, 11746620.83iteration/s]
 24%|██▍       | 4700208/19696969 [00:00<00:01, 11738078.21iteration/s]
 30%|██▉       | 5877432/19696969 [00:00<00:01, 11747583.78iteration/s]
 36%|███▌      | 7054656/19696969 [00:00<00:01, 11755906.66iteration/s]
 42%|████▏     | 8236224/19696969 [00:00<00:00, 11757141.15iteration/s]
 48%|████▊     | 9413448/19696969 [00:00<00:00, 11760152.98iteration/s]
 54%|█████▍    | 10593568/19696969 [00:00<00:00, 11753853.56iteration/s]
 60%|█████▉    | 11773688/19696969 [00:01<00:00, 11750542.15iteration/s]
 66%|██████▌   | 12955256/19696969 [00:01<00:00, 11756663.59iteration/s]
 72%|███████▏  | 14132480/19696969 [00:01<00:00, 11755414.71iteration/s]
 78%|███████▊  | 15314048/19696969 [00:01<00:00, 11758771.23iteration/s]
 84%|████████▍ | 16499960/19696969 [00:01<00:00, 11753134.83iteration/s]
 90%|████████▉ | 17680080/19696969 [00:01<00:00, 11761458.64iteration/s]
 96%|█████████▌| 18868888/19696969 [00:01<00:00, 11763899.25iteration/s]2026-05-26 18:40:00.684 | INFO     | utils.ConnectHandler_server:receive:80 - receive completed

100%|██████████| 19696969/19696969 [00:01<00:00, 11698720.30iteration/s]
2026-05-26 18:40:00.700 | INFO     | __main__:<module>:226 - 2026-05-26 18:40:00 RECV round=17 cid=4 train_duration=86.75997042655945 battery=147008.34J
2026-05-26 18:40:00.700 | INFO     | utils.ConnectHandler_server:send:28 - sending data (59 bytes) to client#4...
2026-05-26 18:40:00.700 | INFO     | utils.ConnectHandler_server:send:34 - sending data (59 bytes) to client#4 completely
2026-05-26 18:40:48.080 | INFO     | utils.ConnectHandler_server:receive:71 - 19696971bytes data to be received from client#5

  0%|          | 0/19696971 [00:00<?, ?iteration/s]
  6%|▌         | 1178672/19696971 [00:00<00:01, 11761241.96iteration/s]
 12%|█▏        | 2358792/19696971 [00:00<00:01, 11759982.03iteration/s]
 18%|█▊        | 3537464/19696971 [00:00<00:01, 11756982.59iteration/s]
 24%|██▍       | 4714688/19696971 [00:00<00:01, 11748340.57iteration/s]
 30%|██▉       | 5894808/19696971 [00:00<00:01, 11759357.37iteration/s]
 36%|███▌      | 7074928/19696971 [00:00<00:01, 11758215.37iteration/s]
 42%|████▏     | 8256496/19696971 [00:00<00:00, 11753772.07iteration/s]
 48%|████▊     | 9440960/19696971 [00:00<00:00, 11765827.93iteration/s]
 54%|█████▍    | 10623976/19696971 [00:00<00:00, 11764088.58iteration/s]
 60%|█████▉    | 11809888/19696971 [00:01<00:00, 11762320.47iteration/s]
 66%|██████▌   | 12988560/19696971 [00:01<00:00, 11761769.16iteration/s]
 72%|███████▏  | 14175920/19696971 [00:01<00:00, 11754146.80iteration/s]
 78%|███████▊  | 15356040/19696971 [00:01<00:00, 11759089.19iteration/s]
 84%|████████▍ | 16544848/19696971 [00:01<00:00, 11762228.77iteration/s]
 90%|█████████ | 17729312/19696971 [00:01<00:00, 11753094.96iteration/s]
 96%|█████████▌| 18909432/19696971 [00:01<00:00, 11754662.97iteration/s]2026-05-26 18:40:49.756 | INFO     | utils.ConnectHandler_server:receive:80 - receive completed

100%|██████████| 19696971/19696971 [00:01<00:00, 11707864.77iteration/s]
2026-05-26 18:40:49.772 | INFO     | __main__:<module>:226 - 2026-05-26 18:40:49 RECV round=17 cid=5 train_duration=134.24154686927795 battery=145078.12J
2026-05-26 18:40:49.772 | INFO     | utils.ConnectHandler_server:send:28 - sending data (59 bytes) to client#5...
2026-05-26 18:40:49.772 | INFO     | utils.ConnectHandler_server:send:34 - sending data (59 bytes) to client#5 completely
2026-05-26 18:41:03.745 | INFO     | __main__:<module>:313 - 2026-05-26 18:41:03 ROUND=17 end avg_acc=12.7220 best_acc=13.2370 duration=153.57s comm_mb=75.138 selected=[4, 5] checkpoint=logs_real/dfl_real_server/checkpoints/dfl_seed1/checkpoint.pt
2026-05-26 18:41:03.746 | INFO     | __main__:<module>:179 - 2026-05-26 18:41:03 ROUND=18 start selected=[6, 7] active_clients=[0, 1, 2, 3, 4, 5, 6, 7, 8, 9] cursor=8
2026-05-26 18:41:03.791 | INFO     | utils.ConnectHandler_server:send:28 - sending data (19699820 bytes) to client#6...
2026-05-26 18:41:05.445 | INFO     | utils.ConnectHandler_server:send:34 - sending data (19699820 bytes) to client#6 completely
2026-05-26 18:41:05.445 | INFO     | __main__:<module>:207 - 2026-05-26 18:41:05 SEND round=18 cid=6 payload_mb=18.787 duration=1.670s
2026-05-26 18:41:05.464 | INFO     | utils.ConnectHandler_server:send:28 - sending data (19729791 bytes) to client#7...
2026-05-26 18:41:07.117 | INFO     | utils.ConnectHandler_server:send:34 - sending data (19729791 bytes) to client#7 completely
2026-05-26 18:41:07.117 | INFO     | __main__:<module>:207 - 2026-05-26 18:41:07 SEND round=18 cid=7 payload_mb=18.816 duration=1.663s
2026-05-26 18:42:43.452 | INFO     | utils.ConnectHandler_server:receive:71 - 19696967bytes data to be received from client#6

  0%|          | 0/19696967 [00:00<?, ?iteration/s]
  6%|▌         | 1175776/19696967 [00:00<00:01, 11742373.40iteration/s]
 12%|█▏        | 2354448/19696967 [00:00<00:01, 11760391.19iteration/s]
 18%|█▊        | 3533120/19696967 [00:00<00:01, 11754098.44iteration/s]
 24%|██▍       | 4710344/19696967 [00:00<00:01, 11751777.43iteration/s]
 30%|██▉       | 5887568/19696967 [00:00<00:01, 11756172.68iteration/s]
 36%|███▌      | 7064792/19696967 [00:00<00:01, 11754647.04iteration/s]
 42%|████▏     | 8244912/19696967 [00:00<00:00, 11757110.85iteration/s]
 48%|████▊     | 9420688/19696967 [00:00<00:00, 11756625.78iteration/s]
 54%|█████▍    | 10600808/19696967 [00:00<00:00, 11761223.10iteration/s]
 60%|█████▉    | 11778032/19696967 [00:01<00:00, 11761891.14iteration/s]
 66%|██████▌   | 12956704/19696967 [00:01<00:00, 11755903.54iteration/s]
 72%|███████▏  | 14133928/19696967 [00:01<00:00, 11756518.46iteration/s]
 78%|███████▊  | 15322736/19696967 [00:01<00:00, 11760306.22iteration/s]
 84%|████████▍ | 16511544/19696967 [00:01<00:00, 11762220.60iteration/s]
 90%|████████▉ | 17694560/19696967 [00:01<00:00, 11758810.80iteration/s]
 96%|█████████▌| 18877576/19696967 [00:01<00:00, 11759426.26iteration/s]2026-05-26 18:42:45.130 | INFO     | utils.ConnectHandler_server:receive:80 - receive completed

100%|██████████| 19696967/19696967 [00:01<00:00, 11699272.44iteration/s]
2026-05-26 18:42:45.145 | INFO     | __main__:<module>:226 - 2026-05-26 18:42:45 RECV round=18 cid=6 train_duration=97.34779191017151 battery=146479.51J
2026-05-26 18:42:45.145 | INFO     | utils.ConnectHandler_server:send:28 - sending data (59 bytes) to client#6...
2026-05-26 18:42:45.145 | INFO     | utils.ConnectHandler_server:send:34 - sending data (59 bytes) to client#6 completely
2026-05-26 18:43:10.057 | INFO     | utils.ConnectHandler_server:receive:71 - 19697437bytes data to be received from client#7

  0%|          | 0/19697437 [00:00<?, ?iteration/s]
  6%|▌         | 1172880/19697437 [00:00<00:01, 11709966.02iteration/s]
 12%|█▏        | 2345760/19697437 [00:00<00:01, 11682044.08iteration/s]
 18%|█▊        | 3515744/19697437 [00:00<00:01, 11658205.25iteration/s]
 24%|██▍       | 4688624/19697437 [00:00<00:01, 11648468.83iteration/s]
 30%|██▉       | 5858608/19697437 [00:00<00:01, 11662819.52iteration/s]
 36%|███▌      | 7034384/19697437 [00:00<00:01, 11677831.57iteration/s]
 42%|████▏     | 8213056/19697437 [00:00<00:00, 11701416.68iteration/s]
 48%|████▊     | 9391728/19697437 [00:00<00:00, 11713687.28iteration/s]
 54%|█████▎    | 10566056/19697437 [00:00<00:00, 11718770.54iteration/s]
 60%|█████▉    | 11741832/19697437 [00:01<00:00, 11718993.11iteration/s]
 66%|██████▌   | 12920504/19697437 [00:01<00:00, 11723759.71iteration/s]
 72%|███████▏  | 14099176/19697437 [00:01<00:00, 11730494.99iteration/s]
 78%|███████▊  | 15279296/19697437 [00:01<00:00, 11736297.80iteration/s]
 84%|████████▎ | 16456520/19697437 [00:01<00:00, 11732609.37iteration/s]
 90%|████████▉ | 17643880/19697437 [00:01<00:00, 11732799.49iteration/s]
 96%|█████████▌| 18822552/19697437 [00:01<00:00, 11725888.61iteration/s]2026-05-26 18:43:11.741 | INFO     | utils.ConnectHandler_server:receive:80 - receive completed

100%|██████████| 19697437/19697437 [00:01<00:00, 11655113.48iteration/s]
2026-05-26 18:43:11.757 | INFO     | __main__:<module>:226 - 2026-05-26 18:43:11 RECV round=18 cid=7 train_duration=122.57793283462524 battery=142522.65J
2026-05-26 18:43:11.757 | INFO     | utils.ConnectHandler_server:send:28 - sending data (59 bytes) to client#7...
2026-05-26 18:43:11.757 | INFO     | utils.ConnectHandler_server:send:34 - sending data (59 bytes) to client#7 completely
2026-05-26 18:43:25.725 | INFO     | __main__:<module>:313 - 2026-05-26 18:43:25 ROUND=18 end avg_acc=12.7800 best_acc=13.2370 duration=141.74s comm_mb=75.167 selected=[6, 7] checkpoint=logs_real/dfl_real_server/checkpoints/dfl_seed1/checkpoint.pt
2026-05-26 18:43:25.725 | INFO     | __main__:<module>:179 - 2026-05-26 18:43:25 ROUND=19 start selected=[8, 9] active_clients=[0, 1, 2, 3, 4, 5, 6, 7, 8, 9] cursor=0
2026-05-26 18:43:25.744 | INFO     | utils.ConnectHandler_server:send:28 - sending data (19735888 bytes) to client#8...
2026-05-26 18:43:27.364 | INFO     | utils.ConnectHandler_server:send:34 - sending data (19735888 bytes) to client#8 completely
2026-05-26 18:43:27.364 | INFO     | __main__:<module>:207 - 2026-05-26 18:43:27 SEND round=19 cid=8 payload_mb=18.822 duration=1.630s
2026-05-26 18:43:27.383 | INFO     | utils.ConnectHandler_server:send:28 - sending data (19723703 bytes) to client#9...
2026-05-26 18:43:29.057 | INFO     | utils.ConnectHandler_server:send:34 - sending data (19723703 bytes) to client#9 completely
2026-05-26 18:43:29.057 | INFO     | __main__:<module>:207 - 2026-05-26 18:43:29 SEND round=19 cid=9 payload_mb=18.810 duration=1.683s
2026-05-26 18:45:23.919 | INFO     | utils.ConnectHandler_server:receive:71 - 19694064bytes data to be received from client#9

  0%|          | 0/19694064 [00:00<?, ?iteration/s]
  6%|▌         | 1183518/19694064 [00:00<00:01, 11813363.20iteration/s]
 12%|█▏        | 2365622/19694064 [00:00<00:01, 11770425.92iteration/s]
 18%|█▊        | 3544898/19694064 [00:00<00:01, 11757686.02iteration/s]
 24%|██▍       | 4721346/19694064 [00:00<00:01, 11726968.07iteration/s]
 30%|██▉       | 5902036/19694064 [00:00<00:01, 11744394.32iteration/s]
 36%|███▌      | 7079898/19694064 [00:00<00:01, 11738600.68iteration/s]
 42%|████▏     | 8257760/19694064 [00:00<00:00, 11741337.85iteration/s]
 48%|████▊     | 9441278/19694064 [00:00<00:00, 11749062.08iteration/s]
 54%|█████▍    | 10619140/19694064 [00:00<00:00, 11746703.80iteration/s]
 60%|█████▉    | 11799830/19694064 [00:01<00:00, 11728506.91iteration/s]
 66%|██████▌   | 12973450/19694064 [00:01<00:00, 11730582.29iteration/s]
 72%|███████▏  | 14159796/19694064 [00:01<00:00, 11742612.44iteration/s]
 78%|███████▊  | 15341900/19694064 [00:01<00:00, 11729133.14iteration/s]
 84%|████████▍ | 16525418/19694064 [00:01<00:00, 11747240.78iteration/s]
 90%|████████▉ | 17708936/19694064 [00:01<00:00, 11741591.70iteration/s]
 96%|█████████▌| 18898110/19694064 [00:01<00:00, 11746137.55iteration/s]2026-05-26 18:45:25.598 | INFO     | utils.ConnectHandler_server:receive:80 - receive completed

100%|██████████| 19694064/19694064 [00:01<00:00, 11683638.43iteration/s]
2026-05-26 18:45:25.620 | INFO     | __main__:<module>:226 - 2026-05-26 18:45:25 RECV round=19 cid=9 train_duration=114.44901943206787 battery=142408.50J
2026-05-26 18:45:25.620 | INFO     | utils.ConnectHandler_server:send:28 - sending data (59 bytes) to client#9...
2026-05-26 18:45:25.620 | INFO     | utils.ConnectHandler_server:send:34 - sending data (59 bytes) to client#9 completely
2026-05-26 18:47:13.526 | INFO     | utils.ConnectHandler_server:receive:71 - 19697437bytes data to be received from client#8

  0%|          | 0/19697437 [00:00<?, ?iteration/s]
  6%|▌         | 1162744/19697437 [00:00<00:01, 11598829.42iteration/s]
 12%|█▏        | 2335624/19697437 [00:00<00:01, 11664719.63iteration/s]
 18%|█▊        | 3504160/19697437 [00:00<00:01, 11663497.44iteration/s]
 24%|██▎       | 4674144/19697437 [00:00<00:01, 11644584.90iteration/s]
 30%|██▉       | 5847024/19697437 [00:00<00:01, 11664526.33iteration/s]
 36%|███▌      | 7022800/19697437 [00:00<00:01, 11683344.08iteration/s]
 42%|████▏     | 8201472/19697437 [00:00<00:00, 11709435.88iteration/s]
 48%|████▊     | 9378696/19697437 [00:00<00:00, 11712234.96iteration/s]
 54%|█████▎    | 10554472/19697437 [00:00<00:00, 11725695.32iteration/s]
 60%|█████▉    | 11730248/19697437 [00:01<00:00, 11730133.65iteration/s]
 66%|██████▌   | 12907472/19697437 [00:01<00:00, 11735317.83iteration/s]
 72%|███████▏  | 14084696/19697437 [00:01<00:00, 11739225.12iteration/s]
 77%|███████▋  | 15260472/19697437 [00:01<00:00, 11730909.62iteration/s]
 83%|████████▎ | 16436248/19697437 [00:01<00:00, 11734512.30iteration/s]
 89%|████████▉ | 17619264/19697437 [00:01<00:00, 11731306.00iteration/s]
 95%|█████████▌| 18797936/19697437 [00:01<00:00, 11723446.01iteration/s]2026-05-26 18:47:15.210 | INFO     | utils.ConnectHandler_server:receive:80 - receive completed

100%|██████████| 19697437/19697437 [00:01<00:00, 11653847.56iteration/s]
2026-05-26 18:47:15.228 | INFO     | __main__:<module>:226 - 2026-05-26 18:47:15 RECV round=19 cid=8 train_duration=225.51810836791992 battery=136010.88J
2026-05-26 18:47:15.228 | INFO     | utils.ConnectHandler_server:send:28 - sending data (59 bytes) to client#8...
2026-05-26 18:47:15.228 | INFO     | utils.ConnectHandler_server:send:34 - sending data (59 bytes) to client#8 completely
2026-05-26 18:47:29.560 | INFO     | __main__:<module>:313 - 2026-05-26 18:47:29 ROUND=19 end avg_acc=13.0930 best_acc=13.2370 duration=243.47s comm_mb=75.195 selected=[8, 9] checkpoint=logs_real/dfl_real_server/checkpoints/dfl_seed1/checkpoint.pt
2026-05-26 18:47:29.561 | INFO     | __main__:<module>:179 - 2026-05-26 18:47:29 ROUND=20 start selected=[0, 1] active_clients=[0, 1, 2, 3, 4, 5, 6, 7, 8, 9] cursor=2
2026-05-26 18:47:29.596 | INFO     | utils.ConnectHandler_server:send:28 - sending data (19699823 bytes) to client#0...
2026-05-26 18:47:31.200 | INFO     | utils.ConnectHandler_server:send:34 - sending data (19699823 bytes) to client#0 completely
2026-05-26 18:47:31.200 | INFO     | __main__:<module>:207 - 2026-05-26 18:47:31 SEND round=20 cid=0 payload_mb=18.787 duration=1.618s
2026-05-26 18:47:31.219 | INFO     | utils.ConnectHandler_server:send:28 - sending data (19699819 bytes) to client#1...
2026-05-26 18:47:32.904 | INFO     | utils.ConnectHandler_server:send:34 - sending data (19699819 bytes) to client#1 completely
2026-05-26 18:47:32.904 | INFO     | __main__:<module>:207 - 2026-05-26 18:47:32 SEND round=20 cid=1 payload_mb=18.787 duration=1.695s
2026-05-26 18:49:20.713 | INFO     | utils.ConnectHandler_server:receive:71 - 19696987bytes data to be received from client#0

  0%|          | 0/19696987 [00:00<?, ?iteration/s]
  6%|▌         | 1174328/19696987 [00:00<00:01, 11710290.31iteration/s]
 12%|█▏        | 2351552/19696987 [00:00<00:01, 11740692.58iteration/s]
 18%|█▊        | 3530224/19696987 [00:00<00:01, 11749325.13iteration/s]
 24%|██▍       | 4708896/19696987 [00:00<00:01, 11750222.46iteration/s]
 30%|██▉       | 5889016/19696987 [00:00<00:01, 11753477.10iteration/s]
 36%|███▌      | 7067688/19696987 [00:00<00:01, 11755897.44iteration/s]
 42%|████▏     | 8249256/19696987 [00:00<00:00, 11756439.35iteration/s]
 48%|████▊     | 9426480/19696987 [00:00<00:00, 11760250.39iteration/s]
 54%|█████▍    | 10612392/19696987 [00:00<00:00, 11763031.72iteration/s]
 60%|█████▉    | 11796856/19696987 [00:01<00:00, 11752652.83iteration/s]
 66%|██████▌   | 12978424/19696987 [00:01<00:00, 11760791.12iteration/s]
 72%|███████▏  | 14162888/19696987 [00:01<00:00, 11761560.85iteration/s]
 78%|███████▊  | 15348800/19696987 [00:01<00:00, 11762451.16iteration/s]
 84%|████████▍ | 16533264/19696987 [00:01<00:00, 11754840.90iteration/s]
 90%|████████▉ | 17710488/19696987 [00:01<00:00, 11756439.39iteration/s]
 96%|█████████▌| 18889160/19696987 [00:01<00:00, 11762781.74iteration/s]2026-05-26 18:49:22.390 | INFO     | utils.ConnectHandler_server:receive:80 - receive completed

100%|██████████| 19696987/19696987 [00:01<00:00, 11702346.81iteration/s]
2026-05-26 18:49:22.412 | INFO     | __main__:<module>:226 - 2026-05-26 18:49:22 RECV round=20 cid=0 train_duration=108.51671361923218 battery=145260.70J
2026-05-26 18:49:22.412 | INFO     | utils.ConnectHandler_server:send:28 - sending data (59 bytes) to client#0...
2026-05-26 18:49:22.412 | INFO     | utils.ConnectHandler_server:send:34 - sending data (59 bytes) to client#0 completely
2026-05-26 18:49:23.850 | INFO     | utils.ConnectHandler_server:receive:71 - 19696977bytes data to be received from client#1

  0%|          | 0/19696977 [00:00<?, ?iteration/s]
  6%|▌         | 1169984/19696977 [00:00<00:01, 11689762.00iteration/s]
 12%|█▏        | 2348656/19696977 [00:00<00:01, 11737353.54iteration/s]
 18%|█▊        | 3527328/19696977 [00:00<00:01, 11746811.94iteration/s]
 24%|██▍       | 4704552/19696977 [00:00<00:01, 11750822.90iteration/s]
 30%|██▉       | 5881776/19696977 [00:00<00:01, 11751113.95iteration/s]
 36%|███▌      | 7061896/19696977 [00:00<00:01, 11751343.06iteration/s]
 42%|████▏     | 8240568/19696977 [00:00<00:00, 11761712.15iteration/s]
 48%|████▊     | 9419240/19696977 [00:00<00:00, 11753255.13iteration/s]
 54%|█████▍    | 10600808/19696977 [00:00<00:00, 11755674.80iteration/s]
 60%|█████▉    | 11782376/19696977 [00:01<00:00, 11762189.12iteration/s]
 66%|██████▌   | 12959600/19696977 [00:01<00:00, 11759328.78iteration/s]
 72%|███████▏  | 14148408/19696977 [00:01<00:00, 11764274.55iteration/s]
 78%|███████▊  | 15332872/19696977 [00:01<00:00, 11759988.69iteration/s]
 84%|████████▍ | 16512992/19696977 [00:01<00:00, 11756553.99iteration/s]
 90%|████████▉ | 17698904/19696977 [00:01<00:00, 11757893.83iteration/s]
 96%|█████████▌| 18880472/19696977 [00:01<00:00, 11760459.31iteration/s]2026-05-26 18:49:25.527 | INFO     | utils.ConnectHandler_server:receive:80 - receive completed

100%|██████████| 19696977/19696977 [00:01<00:00, 11696099.93iteration/s]
2026-05-26 18:49:25.543 | INFO     | __main__:<module>:226 - 2026-05-26 18:49:25 RECV round=20 cid=1 train_duration=109.97636342048645 battery=145196.23J
2026-05-26 18:49:25.543 | INFO     | utils.ConnectHandler_server:send:28 - sending data (59 bytes) to client#1...
2026-05-26 18:49:25.543 | INFO     | utils.ConnectHandler_server:send:34 - sending data (59 bytes) to client#1 completely
2026-05-26 18:49:39.835 | INFO     | __main__:<module>:313 - 2026-05-26 18:49:39 ROUND=20 end avg_acc=13.6820 best_acc=13.6820 duration=129.91s comm_mb=75.138 selected=[0, 1] checkpoint=logs_real/dfl_real_server/checkpoints/dfl_seed1/checkpoint.pt
2026-05-26 18:49:39.836 | INFO     | __main__:<module>:179 - 2026-05-26 18:49:39 ROUND=21 start selected=[2, 3] active_clients=[0, 1, 2, 3, 4, 5, 6, 7, 8, 9] cursor=4
2026-05-26 18:49:39.888 | INFO     | utils.ConnectHandler_server:send:28 - sending data (19699820 bytes) to client#2...
2026-05-26 18:49:41.507 | INFO     | utils.ConnectHandler_server:send:34 - sending data (19699820 bytes) to client#2 completely
2026-05-26 18:49:41.507 | INFO     | __main__:<module>:207 - 2026-05-26 18:49:41 SEND round=21 cid=2 payload_mb=18.787 duration=1.638s
2026-05-26 18:49:41.525 | INFO     | utils.ConnectHandler_server:send:28 - sending data (19699825 bytes) to client#3...
2026-05-26 18:49:43.197 | INFO     | utils.ConnectHandler_server:send:34 - sending data (19699825 bytes) to client#3 completely
2026-05-26 18:49:43.197 | INFO     | __main__:<module>:207 - 2026-05-26 18:49:43 SEND round=21 cid=3 payload_mb=18.787 duration=1.681s
2026-05-26 18:51:08.528 | INFO     | utils.ConnectHandler_server:receive:71 - 19696953bytes data to be received from client#3

  0%|          | 0/19696953 [00:00<?, ?iteration/s]
  6%|▌         | 1177224/19696953 [00:00<00:01, 11763893.12iteration/s]
 12%|█▏        | 2355896/19696953 [00:00<00:01, 11761756.24iteration/s]
 18%|█▊        | 3533120/19696953 [00:00<00:01, 11762884.99iteration/s]
 24%|██▍       | 4711792/19696953 [00:00<00:01, 11747012.50iteration/s]
 30%|██▉       | 5887568/19696953 [00:00<00:01, 11750068.28iteration/s]
 36%|███▌      | 7067688/19696953 [00:00<00:01, 11760056.28iteration/s]
 42%|████▏     | 8249256/19696953 [00:00<00:00, 11754668.15iteration/s]
 48%|████▊     | 9432272/19696953 [00:00<00:00, 11762919.13iteration/s]
 54%|█████▍    | 10616736/19696953 [00:00<00:00, 11760696.99iteration/s]
 60%|█████▉    | 11801200/19696953 [00:01<00:00, 11756567.27iteration/s]
 66%|██████▌   | 12978424/19696953 [00:01<00:00, 11758203.33iteration/s]
 72%|███████▏  | 14157096/19696953 [00:01<00:00, 11756314.31iteration/s]
 78%|███████▊  | 15334320/19696953 [00:01<00:00, 11740562.74iteration/s]
 84%|████████▍ | 16512992/19696953 [00:01<00:00, 11729741.25iteration/s]
 90%|████████▉ | 17698904/19696953 [00:01<00:00, 11737797.46iteration/s]
 96%|█████████▌| 18890608/19696953 [00:01<00:00, 11751072.43iteration/s]2026-05-26 18:51:10.205 | INFO     | utils.ConnectHandler_server:receive:80 - receive completed

100%|██████████| 19696953/19696953 [00:01<00:00, 11701789.56iteration/s]
2026-05-26 18:51:10.229 | INFO     | __main__:<module>:226 - 2026-05-26 18:51:10 RECV round=21 cid=3 train_duration=84.65983033180237 battery=146355.05J
2026-05-26 18:51:10.229 | INFO     | utils.ConnectHandler_server:send:28 - sending data (59 bytes) to client#3...
2026-05-26 18:51:10.229 | INFO     | utils.ConnectHandler_server:send:34 - sending data (59 bytes) to client#3 completely
2026-05-26 18:51:10.260 | INFO     | utils.ConnectHandler_server:receive:71 - 19697059bytes data to be received from client#2

  0%|          | 0/19697059 [00:00<?, ?iteration/s]
  6%|▌         | 1158400/19697059 [00:00<00:01, 11567518.72iteration/s]
 12%|█▏        | 2334176/19697059 [00:00<00:01, 11676240.40iteration/s]
 18%|█▊        | 3509952/19697059 [00:00<00:01, 11707133.11iteration/s]
 24%|██▍       | 4681384/19697059 [00:00<00:01, 11670681.54iteration/s]
 30%|██▉       | 5861504/19697059 [00:00<00:01, 11710060.26iteration/s]
 36%|███▌      | 7037280/19697059 [00:00<00:01, 11722416.99iteration/s]
 42%|████▏     | 8217400/19697059 [00:00<00:00, 11740761.54iteration/s]
 48%|████▊     | 9397520/19697059 [00:00<00:00, 11742836.30iteration/s]
 54%|█████▎    | 10579088/19697059 [00:00<00:00, 11746430.97iteration/s]
 60%|█████▉    | 11759208/19697059 [00:01<00:00, 11753902.25iteration/s]
 66%|██████▌   | 12937880/19697059 [00:01<00:00, 11756608.59iteration/s]
 72%|███████▏  | 14120896/19697059 [00:01<00:00, 11758430.11iteration/s]
 78%|███████▊  | 15308256/19697059 [00:01<00:00, 11755496.84iteration/s]
 84%|████████▎ | 16491272/19697059 [00:01<00:00, 11760155.08iteration/s]
 90%|████████▉ | 17680080/19697059 [00:01<00:00, 11759038.24iteration/s]
 96%|█████████▌| 18868888/19697059 [00:01<00:00, 11759859.75iteration/s]2026-05-26 18:51:11.939 | INFO     | utils.ConnectHandler_server:receive:80 - receive completed

100%|██████████| 19697059/19697059 [00:01<00:00, 11687476.67iteration/s]
2026-05-26 18:51:11.955 | INFO     | __main__:<module>:226 - 2026-05-26 18:51:11 RECV round=21 cid=2 train_duration=87.98170161247253 battery=146183.71J
2026-05-26 18:51:11.955 | INFO     | utils.ConnectHandler_server:send:28 - sending data (59 bytes) to client#2...
2026-05-26 18:51:11.955 | INFO     | utils.ConnectHandler_server:send:34 - sending data (59 bytes) to client#2 completely
2026-05-26 18:51:25.804 | INFO     | __main__:<module>:313 - 2026-05-26 18:51:25 ROUND=21 end avg_acc=13.6150 best_acc=13.6820 duration=105.72s comm_mb=75.138 selected=[2, 3] checkpoint=logs_real/dfl_real_server/checkpoints/dfl_seed1/checkpoint.pt
2026-05-26 18:51:25.805 | INFO     | __main__:<module>:179 - 2026-05-26 18:51:25 ROUND=22 start selected=[4, 5] active_clients=[0, 1, 2, 3, 4, 5, 6, 7, 8, 9] cursor=6
2026-05-26 18:51:25.831 | INFO     | utils.ConnectHandler_server:send:28 - sending data (19699825 bytes) to client#4...
2026-05-26 18:51:27.453 | INFO     | utils.ConnectHandler_server:send:34 - sending data (19699825 bytes) to client#4 completely
2026-05-26 18:51:27.453 | INFO     | __main__:<module>:207 - 2026-05-26 18:51:27 SEND round=22 cid=4 payload_mb=18.787 duration=1.632s
2026-05-26 18:51:27.471 | INFO     | utils.ConnectHandler_server:send:28 - sending data (19699820 bytes) to client#5...
2026-05-26 18:51:29.149 | INFO     | utils.ConnectHandler_server:send:34 - sending data (19699820 bytes) to client#5 completely
2026-05-26 18:51:29.149 | INFO     | __main__:<module>:207 - 2026-05-26 18:51:29 SEND round=22 cid=5 payload_mb=18.787 duration=1.687s
2026-05-26 18:52:54.374 | INFO     | utils.ConnectHandler_server:receive:71 - 19696991bytes data to be received from client#4

  0%|          | 0/19696991 [00:00<?, ?iteration/s]
  6%|▌         | 1180120/19696991 [00:00<00:01, 11785026.97iteration/s]
 12%|█▏        | 2360240/19696991 [00:00<00:01, 11770075.56iteration/s]
 18%|█▊        | 3538912/19696991 [00:00<00:01, 11762632.17iteration/s]
 24%|██▍       | 4716136/19696991 [00:00<00:01, 11756050.09iteration/s]
 30%|██▉       | 5891912/19696991 [00:00<00:01, 11750406.23iteration/s]
 36%|███▌      | 7069136/19696991 [00:00<00:01, 11756500.21iteration/s]
 42%|████▏     | 8249256/19696991 [00:00<00:00, 11760525.60iteration/s]
 48%|████▊     | 9435168/19696991 [00:00<00:00, 11768343.23iteration/s]
 54%|█████▍    | 10621080/19696991 [00:00<00:00, 11761221.25iteration/s]
 60%|█████▉    | 11802648/19696991 [00:01<00:00, 11755113.68iteration/s]
 66%|██████▌   | 12985664/19696991 [00:01<00:00, 11756163.55iteration/s]
 72%|███████▏  | 14171576/19696991 [00:01<00:00, 11762779.32iteration/s]
 78%|███████▊  | 15350248/19696991 [00:01<00:00, 11755175.71iteration/s]
 84%|████████▍ | 16533264/19696991 [00:01<00:00, 11763243.41iteration/s]
 90%|████████▉ | 17713384/19696991 [00:01<00:00, 11756722.98iteration/s]
 96%|█████████▌| 18899296/19696991 [00:01<00:00, 11763204.15iteration/s]2026-05-26 18:52:56.050 | INFO     | utils.ConnectHandler_server:receive:80 - receive completed

100%|██████████| 19696991/19696991 [00:01<00:00, 11704686.90iteration/s]
2026-05-26 18:52:56.066 | INFO     | __main__:<module>:226 - 2026-05-26 18:52:56 RECV round=22 cid=4 train_duration=86.15147519111633 battery=146273.43J
2026-05-26 18:52:56.066 | INFO     | utils.ConnectHandler_server:send:28 - sending data (59 bytes) to client#4...
2026-05-26 18:52:56.066 | INFO     | utils.ConnectHandler_server:send:34 - sending data (59 bytes) to client#4 completely
2026-05-26 18:53:36.731 | INFO     | utils.ConnectHandler_server:receive:71 - 19696989bytes data to be received from client#5

  0%|          | 0/19696989 [00:00<?, ?iteration/s]
  6%|▌         | 1177224/19696989 [00:00<00:01, 11744809.43iteration/s]
 12%|█▏        | 2354448/19696989 [00:00<00:01, 11757262.61iteration/s]
 18%|█▊        | 3530224/19696989 [00:00<00:01, 11755000.94iteration/s]
 24%|██▍       | 4707448/19696989 [00:00<00:01, 11756819.34iteration/s]
 30%|██▉       | 5884672/19696989 [00:00<00:01, 11753191.02iteration/s]
 36%|███▌      | 7063344/19696989 [00:00<00:01, 11757985.07iteration/s]
 42%|████▏     | 8243464/19696989 [00:00<00:00, 11756905.75iteration/s]
 48%|████▊     | 9420688/19696989 [00:00<00:00, 11755680.89iteration/s]
 54%|█████▍    | 10605152/19696989 [00:00<00:00, 11758836.02iteration/s]
 60%|█████▉    | 11788168/19696989 [00:01<00:00, 11756987.62iteration/s]
 66%|██████▌   | 12971184/19696989 [00:01<00:00, 11761742.67iteration/s]
 72%|███████▏  | 14148408/19696989 [00:01<00:00, 11761901.99iteration/s]
 78%|███████▊  | 15325632/19696989 [00:01<00:00, 11759801.67iteration/s]
 84%|████████▍ | 16515888/19696989 [00:01<00:00, 11763028.51iteration/s]
 90%|████████▉ | 17701800/19696989 [00:01<00:00, 11760648.89iteration/s]
 96%|█████████▌| 18881920/19696989 [00:01<00:00, 11759420.30iteration/s]2026-05-26 18:53:38.408 | INFO     | utils.ConnectHandler_server:receive:80 - receive completed

100%|██████████| 19696989/19696989 [00:01<00:00, 11701560.67iteration/s]
2026-05-26 18:53:38.423 | INFO     | __main__:<module>:226 - 2026-05-26 18:53:38 RECV round=22 cid=5 train_duration=126.94234299659729 battery=143995.24J
2026-05-26 18:53:38.423 | INFO     | utils.ConnectHandler_server:send:28 - sending data (59 bytes) to client#5...
2026-05-26 18:53:38.424 | INFO     | utils.ConnectHandler_server:send:34 - sending data (59 bytes) to client#5 completely
2026-05-26 18:53:52.294 | INFO     | __main__:<module>:313 - 2026-05-26 18:53:52 ROUND=22 end avg_acc=13.6200 best_acc=13.6820 duration=146.23s comm_mb=75.138 selected=[4, 5] checkpoint=logs_real/dfl_real_server/checkpoints/dfl_seed1/checkpoint.pt
2026-05-26 18:53:52.294 | INFO     | __main__:<module>:179 - 2026-05-26 18:53:52 ROUND=23 start selected=[6, 7] active_clients=[0, 1, 2, 3, 4, 5, 6, 7, 8, 9] cursor=8
2026-05-26 18:53:52.323 | INFO     | utils.ConnectHandler_server:send:28 - sending data (19699820 bytes) to client#6...
2026-05-26 18:53:53.932 | INFO     | utils.ConnectHandler_server:send:34 - sending data (19699820 bytes) to client#6 completely
2026-05-26 18:53:53.932 | INFO     | __main__:<module>:207 - 2026-05-26 18:53:53 SEND round=23 cid=6 payload_mb=18.787 duration=1.626s
2026-05-26 18:53:53.949 | INFO     | utils.ConnectHandler_server:send:28 - sending data (19729791 bytes) to client#7...
2026-05-26 18:53:55.643 | INFO     | utils.ConnectHandler_server:send:34 - sending data (19729791 bytes) to client#7 completely
2026-05-26 18:53:55.643 | INFO     | __main__:<module>:207 - 2026-05-26 18:53:55 SEND round=23 cid=7 payload_mb=18.816 duration=1.702s
2026-05-26 18:55:35.023 | INFO     | utils.ConnectHandler_server:receive:71 - 19696965bytes data to be received from client#6

  0%|          | 0/19696965 [00:00<?, ?iteration/s]
  6%|▌         | 1177224/19696965 [00:00<00:01, 11762912.24iteration/s]
 12%|█▏        | 2355896/19696965 [00:00<00:01, 11765388.74iteration/s]
 18%|█▊        | 3533120/19696965 [00:00<00:01, 11763989.57iteration/s]
 24%|██▍       | 4711792/19696965 [00:00<00:01, 11745848.85iteration/s]
 30%|██▉       | 5891912/19696965 [00:00<00:01, 11757300.11iteration/s]
 36%|███▌      | 7069136/19696965 [00:00<00:01, 11756095.92iteration/s]
 42%|████▏     | 8247808/19696965 [00:00<00:00, 11759479.23iteration/s]
 48%|████▊     | 9430824/19696965 [00:00<00:00, 11762250.07iteration/s]
 54%|█████▍    | 10616736/19696965 [00:00<00:00, 11763303.25iteration/s]
 60%|█████▉    | 11795408/19696965 [00:01<00:00, 11751845.44iteration/s]
 66%|██████▌   | 12975528/19696965 [00:01<00:00, 11752032.33iteration/s]
 72%|███████▏  | 14151304/19696965 [00:01<00:00, 11753152.29iteration/s]
 78%|███████▊  | 15337216/19696965 [00:01<00:00, 11757529.50iteration/s]
 84%|████████▍ | 16514440/19696965 [00:01<00:00, 11752412.13iteration/s]
 90%|████████▉ | 17697456/19696965 [00:01<00:00, 11756903.56iteration/s]
 96%|█████████▌| 18877576/19696965 [00:01<00:00, 11762431.83iteration/s]2026-05-26 18:55:36.699 | INFO     | utils.ConnectHandler_server:receive:80 - receive completed

100%|██████████| 19696965/19696965 [00:01<00:00, 11707502.83iteration/s]
2026-05-26 18:55:36.714 | INFO     | __main__:<module>:226 - 2026-05-26 18:55:36 RECV round=23 cid=6 train_duration=100.34149932861328 battery=145623.55J
2026-05-26 18:55:36.714 | INFO     | utils.ConnectHandler_server:send:28 - sending data (59 bytes) to client#6...
2026-05-26 18:55:36.714 | INFO     | utils.ConnectHandler_server:send:34 - sending data (59 bytes) to client#6 completely
2026-05-26 18:55:53.519 | INFO     | utils.ConnectHandler_server:receive:71 - 19697437bytes data to be received from client#7

  0%|          | 0/19697437 [00:00<?, ?iteration/s]
  6%|▌         | 1164192/19697437 [00:00<00:01, 11633416.07iteration/s]
 12%|█▏        | 2329832/19697437 [00:00<00:01, 11643706.15iteration/s]
 18%|█▊        | 3499816/19697437 [00:00<00:01, 11667087.60iteration/s]
 24%|██▎       | 4666904/19697437 [00:00<00:01, 11660918.97iteration/s]
 30%|██▉       | 5836888/19697437 [00:00<00:01, 11668142.18iteration/s]
 36%|███▌      | 7008320/19697437 [00:00<00:01, 11668787.20iteration/s]
 42%|████▏     | 8182648/19697437 [00:00<00:00, 11679810.01iteration/s]
 48%|████▊     | 9361320/19697437 [00:00<00:00, 11703432.30iteration/s]
 53%|█████▎    | 10535648/19697437 [00:00<00:00, 11714807.08iteration/s]
 59%|█████▉    | 11715768/19697437 [00:01<00:00, 11713798.17iteration/s]
 66%|██████▌   | 12904576/19697437 [00:01<00:00, 11737370.31iteration/s]
 71%|███████▏  | 14080352/19697437 [00:01<00:00, 11741467.06iteration/s]
 77%|███████▋  | 15264816/19697437 [00:01<00:00, 11743415.76iteration/s]
 84%|████████▎ | 16447832/19697437 [00:01<00:00, 11736924.56iteration/s]
 90%|████████▉ | 17629400/19697437 [00:01<00:00, 11745544.81iteration/s]
 96%|█████████▌| 18813864/19697437 [00:01<00:00, 11749331.79iteration/s]2026-05-26 18:55:55.203 | INFO     | utils.ConnectHandler_server:receive:80 - receive completed

100%|██████████| 19697437/19697437 [00:01<00:00, 11656211.93iteration/s]
2026-05-26 18:55:55.219 | INFO     | __main__:<module>:226 - 2026-05-26 18:55:55 RECV round=23 cid=7 train_duration=117.50915122032166 battery=140714.10J
2026-05-26 18:55:55.219 | INFO     | utils.ConnectHandler_server:send:28 - sending data (59 bytes) to client#7...
2026-05-26 18:55:55.219 | INFO     | utils.ConnectHandler_server:send:34 - sending data (59 bytes) to client#7 completely
2026-05-26 18:56:09.187 | INFO     | __main__:<module>:313 - 2026-05-26 18:56:08 ROUND=23 end avg_acc=13.7780 best_acc=13.7780 duration=136.54s comm_mb=75.167 selected=[6, 7] checkpoint=logs_real/dfl_real_server/checkpoints/dfl_seed1/checkpoint.pt
2026-05-26 18:56:09.188 | INFO     | __main__:<module>:179 - 2026-05-26 18:56:09 ROUND=24 start selected=[8, 9] active_clients=[0, 1, 2, 3, 4, 5, 6, 7, 8, 9] cursor=0
2026-05-26 18:56:09.230 | INFO     | utils.ConnectHandler_server:send:28 - sending data (19735888 bytes) to client#8...
2026-05-26 18:56:10.823 | INFO     | utils.ConnectHandler_server:send:34 - sending data (19735888 bytes) to client#8 completely
2026-05-26 18:56:10.824 | INFO     | __main__:<module>:207 - 2026-05-26 18:56:10 SEND round=24 cid=8 payload_mb=18.822 duration=1.607s
2026-05-26 18:56:10.842 | INFO     | utils.ConnectHandler_server:send:28 - sending data (19723703 bytes) to client#9...
2026-05-26 18:56:12.540 | INFO     | utils.ConnectHandler_server:send:34 - sending data (19723703 bytes) to client#9 completely
2026-05-26 18:56:12.541 | INFO     | __main__:<module>:207 - 2026-05-26 18:56:12 SEND round=24 cid=9 payload_mb=18.810 duration=1.708s
2026-05-26 18:58:03.691 | INFO     | utils.ConnectHandler_server:receive:71 - 19694062bytes data to be received from client#9

  0%|          | 0/19694062 [00:00<?, ?iteration/s]
  6%|▌         | 1180690/19694062 [00:00<00:01, 11797319.94iteration/s]
 12%|█▏        | 2362794/19694062 [00:00<00:01, 11767801.62iteration/s]
 18%|█▊        | 3542070/19694062 [00:00<00:01, 11758218.11iteration/s]
 24%|██▍       | 4718518/19694062 [00:00<00:01, 11751518.99iteration/s]
 30%|██▉       | 5896380/19694062 [00:00<00:01, 11747124.91iteration/s]
 36%|███▌      | 7075656/19694062 [00:00<00:01, 11745699.72iteration/s]
 42%|████▏     | 8250690/19694062 [00:00<00:00, 11743783.25iteration/s]
 48%|████▊     | 9429966/19694062 [00:00<00:00, 11747921.87iteration/s]
 54%|█████▍    | 10605000/19694062 [00:00<00:00, 11737355.33iteration/s]
 60%|█████▉    | 11787104/19694062 [00:01<00:00, 11739548.16iteration/s]
 66%|██████▌   | 12966380/19694062 [00:01<00:00, 11741028.84iteration/s]
 72%|███████▏  | 14144242/19694062 [00:01<00:00, 11739911.55iteration/s]
 78%|███████▊  | 15329174/19694062 [00:01<00:00, 11748166.25iteration/s]
 84%|████████▍ | 16508450/19694062 [00:01<00:00, 11747892.33iteration/s]
 90%|████████▉ | 17687726/19694062 [00:01<00:00, 11744146.69iteration/s]
 96%|█████████▌| 18862760/19694062 [00:01<00:00, 11742513.95iteration/s]2026-05-26 18:58:05.370 | INFO     | utils.ConnectHandler_server:receive:80 - receive completed

100%|██████████| 19694062/19694062 [00:01<00:00, 11686412.58iteration/s]
2026-05-26 18:58:05.390 | INFO     | __main__:<module>:226 - 2026-05-26 18:58:05 RECV round=24 cid=9 train_duration=110.74336314201355 battery=140542.78J
2026-05-26 18:58:05.390 | INFO     | utils.ConnectHandler_server:send:28 - sending data (59 bytes) to client#9...
2026-05-26 18:58:05.390 | INFO     | utils.ConnectHandler_server:send:34 - sending data (59 bytes) to client#9 completely
2026-05-26 18:59:56.708 | INFO     | utils.ConnectHandler_server:receive:71 - 19697437bytes data to be received from client#8

  0%|          | 0/19697437 [00:00<?, ?iteration/s]
  6%|▌         | 1183016/19697437 [00:00<00:01, 11809898.23iteration/s]
 12%|█▏        | 2366032/19697437 [00:00<00:01, 11745305.67iteration/s]
 18%|█▊        | 3544704/19697437 [00:00<00:01, 11695104.92iteration/s]
 24%|██▍       | 4716136/19697437 [00:00<00:01, 11669816.47iteration/s]
 30%|██▉       | 5886120/19697437 [00:00<00:01, 11679727.88iteration/s]
 36%|███▌      | 7059000/19697437 [00:00<00:01, 11676127.42iteration/s]
 42%|████▏     | 8228984/19697437 [00:00<00:00, 11675948.05iteration/s]
 48%|████▊     | 9403312/19697437 [00:00<00:00, 11697154.89iteration/s]
 54%|█████▎    | 10580536/19697437 [00:00<00:00, 11710957.61iteration/s]
 60%|█████▉    | 11762104/19697437 [00:01<00:00, 11723385.10iteration/s]
 66%|██████▌   | 12936432/19697437 [00:01<00:00, 11724947.52iteration/s]
 72%|███████▏  | 14112208/19697437 [00:01<00:00, 11733485.61iteration/s]
 78%|███████▊  | 15287984/19697437 [00:01<00:00, 11733799.55iteration/s]
 84%|████████▎ | 16471000/19697437 [00:01<00:00, 11749440.48iteration/s]
 90%|████████▉ | 17654016/19697437 [00:01<00:00, 11739884.11iteration/s]
 96%|█████████▌| 18837032/19697437 [00:01<00:00, 11750522.77iteration/s]2026-05-26 18:59:58.396 | INFO     | utils.ConnectHandler_server:receive:80 - receive completed

100%|██████████| 19697437/19697437 [00:01<00:00, 11671313.58iteration/s]
2026-05-26 18:59:58.412 | INFO     | __main__:<module>:226 - 2026-05-26 18:59:58 RECV round=24 cid=8 train_duration=225.17597675323486 battery=132545.27J
2026-05-26 18:59:58.412 | INFO     | utils.ConnectHandler_server:send:28 - sending data (59 bytes) to client#8...
2026-05-26 18:59:58.412 | INFO     | utils.ConnectHandler_server:send:34 - sending data (59 bytes) to client#8 completely
2026-05-26 19:00:12.376 | INFO     | __main__:<module>:313 - 2026-05-26 19:00:12 ROUND=24 end avg_acc=14.1800 best_acc=14.1800 duration=242.95s comm_mb=75.195 selected=[8, 9] checkpoint=logs_real/dfl_real_server/checkpoints/dfl_seed1/checkpoint.pt
2026-05-26 19:00:12.376 | INFO     | __main__:<module>:179 - 2026-05-26 19:00:12 ROUND=25 start selected=[0, 1] active_clients=[0, 1, 2, 3, 4, 5, 6, 7, 8, 9] cursor=2
2026-05-26 19:00:12.393 | INFO     | utils.ConnectHandler_server:send:28 - sending data (19699823 bytes) to client#0...
2026-05-26 19:00:14.019 | INFO     | utils.ConnectHandler_server:send:34 - sending data (19699823 bytes) to client#0 completely
2026-05-26 19:00:14.019 | INFO     | __main__:<module>:207 - 2026-05-26 19:00:14 SEND round=25 cid=0 payload_mb=18.787 duration=1.634s
2026-05-26 19:00:14.036 | INFO     | utils.ConnectHandler_server:send:28 - sending data (19699819 bytes) to client#1...
2026-05-26 19:00:15.709 | INFO     | utils.ConnectHandler_server:send:34 - sending data (19699819 bytes) to client#1 completely
2026-05-26 19:00:15.709 | INFO     | __main__:<module>:207 - 2026-05-26 19:00:15 SEND round=25 cid=1 payload_mb=18.787 duration=1.682s
2026-05-26 19:02:03.526 | INFO     | utils.ConnectHandler_server:receive:71 - 19696983bytes data to be received from client#0

  0%|          | 0/19696983 [00:00<?, ?iteration/s]
  6%|▌         | 1169984/19696983 [00:00<00:01, 11694051.95iteration/s]
 12%|█▏        | 2347208/19696983 [00:00<00:01, 11733230.98iteration/s]
 18%|█▊        | 3524432/19696983 [00:00<00:01, 11748394.42iteration/s]
 24%|██▍       | 4701656/19696983 [00:00<00:01, 11746535.99iteration/s]
 30%|██▉       | 5880328/19696983 [00:00<00:01, 11753052.40iteration/s]
 36%|███▌      | 7057552/19696983 [00:00<00:01, 11755156.40iteration/s]
 42%|████▏     | 8237672/19696983 [00:00<00:00, 11761689.96iteration/s]
 48%|████▊     | 9416344/19696983 [00:00<00:00, 11755971.71iteration/s]
 54%|█████▍    | 10595016/19696983 [00:00<00:00, 11757898.92iteration/s]
 60%|█████▉    | 11775136/19696983 [00:01<00:00, 11756984.48iteration/s]
 66%|██████▌   | 12959600/19696983 [00:01<00:00, 11758492.61iteration/s]
 72%|███████▏  | 14145512/19696983 [00:01<00:00, 11763387.41iteration/s]
 78%|███████▊  | 15329976/19696983 [00:01<00:00, 11757117.49iteration/s]
 84%|████████▍ | 16515888/19696983 [00:01<00:00, 11762335.76iteration/s]
 90%|████████▉ | 17696008/19696983 [00:01<00:00, 11756800.29iteration/s]
 96%|█████████▌| 18880472/19696983 [00:01<00:00, 11758050.63iteration/s]2026-05-26 19:02:05.203 | INFO     | utils.ConnectHandler_server:receive:80 - receive completed

100%|██████████| 19696983/19696983 [00:01<00:00, 11698302.88iteration/s]
2026-05-26 19:02:05.218 | INFO     | __main__:<module>:226 - 2026-05-26 19:02:05 RECV round=25 cid=0 train_duration=108.48638963699341 battery=144335.26J
2026-05-26 19:02:05.218 | INFO     | utils.ConnectHandler_server:send:28 - sending data (59 bytes) to client#0...
2026-05-26 19:02:05.218 | INFO     | utils.ConnectHandler_server:send:34 - sending data (59 bytes) to client#0 completely
2026-05-26 19:02:06.662 | INFO     | utils.ConnectHandler_server:receive:71 - 19696981bytes data to be received from client#1

  0%|          | 0/19696981 [00:00<?, ?iteration/s]
  6%|▌         | 1171432/19696981 [00:00<00:01, 11700188.18iteration/s]
 12%|█▏        | 2348656/19696981 [00:00<00:01, 11735565.65iteration/s]
 18%|█▊        | 3524432/19696981 [00:00<00:01, 11743514.25iteration/s]
 24%|██▍       | 4701656/19696981 [00:00<00:01, 11750774.56iteration/s]
 30%|██▉       | 5880328/19696981 [00:00<00:01, 11751585.87iteration/s]
 36%|███▌      | 7057552/19696981 [00:00<00:01, 11753341.56iteration/s]
 42%|████▏     | 8236224/19696981 [00:00<00:00, 11756419.58iteration/s]
 48%|████▊     | 9416344/19696981 [00:00<00:00, 11755716.49iteration/s]
 54%|█████▍    | 10597912/19696981 [00:00<00:00, 11752388.45iteration/s]
 60%|█████▉    | 11778032/19696981 [00:01<00:00, 11763727.46iteration/s]
 66%|██████▌   | 12959600/19696981 [00:01<00:00, 11758260.61iteration/s]
 72%|███████▏  | 14145512/19696981 [00:01<00:00, 11757142.25iteration/s]
 78%|███████▊  | 15331424/19696981 [00:01<00:00, 11759534.21iteration/s]
 84%|████████▍ | 16511544/19696981 [00:01<00:00, 11759066.76iteration/s]
 90%|████████▉ | 17694560/19696981 [00:01<00:00, 11763280.35iteration/s]
 96%|█████████▌| 18876128/19696981 [00:01<00:00, 11760439.83iteration/s]2026-05-26 19:02:08.339 | INFO     | utils.ConnectHandler_server:receive:80 - receive completed

100%|██████████| 19696981/19696981 [00:01<00:00, 11702396.29iteration/s]
2026-05-26 19:02:08.354 | INFO     | __main__:<module>:226 - 2026-05-26 19:02:08 RECV round=25 cid=1 train_duration=110.01016592979431 battery=144257.79J
2026-05-26 19:02:08.354 | INFO     | utils.ConnectHandler_server:send:28 - sending data (59 bytes) to client#1...
2026-05-26 19:02:08.354 | INFO     | utils.ConnectHandler_server:send:34 - sending data (59 bytes) to client#1 completely
2026-05-26 19:02:22.227 | INFO     | __main__:<module>:313 - 2026-05-26 19:02:21 ROUND=25 end avg_acc=14.4550 best_acc=14.4550 duration=129.61s comm_mb=75.138 selected=[0, 1] checkpoint=logs_real/dfl_real_server/checkpoints/dfl_seed1/checkpoint.pt
2026-05-26 19:02:22.227 | INFO     | __main__:<module>:179 - 2026-05-26 19:02:22 ROUND=26 start selected=[2, 3] active_clients=[0, 1, 2, 3, 4, 5, 6, 7, 8, 9] cursor=4
2026-05-26 19:02:22.250 | INFO     | utils.ConnectHandler_server:send:28 - sending data (19699820 bytes) to client#2...
2026-05-26 19:02:23.870 | INFO     | utils.ConnectHandler_server:send:34 - sending data (19699820 bytes) to client#2 completely
2026-05-26 19:02:23.870 | INFO     | __main__:<module>:207 - 2026-05-26 19:02:23 SEND round=26 cid=2 payload_mb=18.787 duration=1.633s
2026-05-26 19:02:23.887 | INFO     | utils.ConnectHandler_server:send:28 - sending data (19699825 bytes) to client#3...
2026-05-26 19:02:25.578 | INFO     | utils.ConnectHandler_server:send:34 - sending data (19699825 bytes) to client#3 completely
2026-05-26 19:02:25.578 | INFO     | __main__:<module>:207 - 2026-05-26 19:02:25 SEND round=26 cid=3 payload_mb=18.787 duration=1.700s
2026-05-26 19:03:49.975 | INFO     | utils.ConnectHandler_server:receive:71 - 19696971bytes data to be received from client#3

  0%|          | 0/19696971 [00:00<?, ?iteration/s]
  6%|▌         | 1178672/19696971 [00:00<00:01, 11772528.87iteration/s]
 12%|█▏        | 2358792/19696971 [00:00<00:01, 11694818.88iteration/s]
 18%|█▊        | 3530224/19696971 [00:00<00:01, 11698895.28iteration/s]
 24%|██▍       | 4704552/19696971 [00:00<00:01, 11707151.67iteration/s]
 30%|██▉       | 5884672/19696971 [00:00<00:01, 11729126.71iteration/s]
 36%|███▌      | 7061896/19696971 [00:00<00:01, 11729942.69iteration/s]
 42%|████▏     | 8240568/19696971 [00:00<00:00, 11745341.18iteration/s]
 48%|████▊     | 9417792/19696971 [00:00<00:00, 11742415.96iteration/s]
 54%|█████▍    | 10603704/19696971 [00:00<00:00, 11755807.23iteration/s]
 60%|█████▉    | 11780928/19696971 [00:01<00:00, 11754717.84iteration/s]
 66%|██████▌   | 12965392/19696971 [00:01<00:00, 11753206.67iteration/s]
 72%|███████▏  | 14144064/19696971 [00:01<00:00, 11746227.12iteration/s]
 78%|███████▊  | 15332872/19696971 [00:01<00:00, 11755051.85iteration/s]
 84%|████████▍ | 16520232/19696971 [00:01<00:00, 11756802.53iteration/s]
 90%|████████▉ | 17701800/19696971 [00:01<00:00, 11758086.03iteration/s]
 96%|█████████▌| 18884816/19696971 [00:01<00:00, 11761528.16iteration/s]2026-05-26 19:03:51.654 | INFO     | utils.ConnectHandler_server:receive:80 - receive completed

100%|██████████| 19696971/19696971 [00:01<00:00, 11692517.50iteration/s]
2026-05-26 19:03:51.670 | INFO     | __main__:<module>:226 - 2026-05-26 19:03:51 RECV round=26 cid=3 train_duration=83.76023769378662 battery=145640.54J
2026-05-26 19:03:51.670 | INFO     | utils.ConnectHandler_server:send:28 - sending data (59 bytes) to client#3...
2026-05-26 19:03:51.670 | INFO     | utils.ConnectHandler_server:send:34 - sending data (59 bytes) to client#3 completely
2026-05-26 19:03:52.601 | INFO     | utils.ConnectHandler_server:receive:71 - 19697059bytes data to be received from client#2

  0%|          | 0/19697059 [00:00<?, ?iteration/s]
  6%|▌         | 1175776/19697059 [00:00<00:01, 11738907.46iteration/s]
 12%|█▏        | 2351552/19697059 [00:00<00:01, 11703837.42iteration/s]
 18%|█▊        | 3527328/19697059 [00:00<00:01, 11726442.12iteration/s]
 24%|██▍       | 4704552/19697059 [00:00<00:01, 11734749.53iteration/s]
 30%|██▉       | 5880328/19697059 [00:00<00:01, 11736449.48iteration/s]
 36%|███▌      | 7060448/19697059 [00:00<00:01, 11751959.24iteration/s]
 42%|████▏     | 8237672/19697059 [00:00<00:00, 11758108.50iteration/s]
 48%|████▊     | 9416344/19697059 [00:00<00:00, 11748156.38iteration/s]
 54%|█████▍    | 10599360/19697059 [00:00<00:00, 11756859.31iteration/s]
 60%|█████▉    | 11778032/19697059 [00:01<00:00, 11746150.67iteration/s]
 66%|██████▌   | 12958152/19697059 [00:01<00:00, 11758181.94iteration/s]
 72%|███████▏  | 14141168/19697059 [00:01<00:00, 11755905.64iteration/s]
 78%|███████▊  | 15325632/19697059 [00:01<00:00, 11756769.69iteration/s]
 84%|████████▍ | 16511544/19697059 [00:01<00:00, 11757407.63iteration/s]
 90%|████████▉ | 17690216/19697059 [00:01<00:00, 11752492.22iteration/s]
 96%|█████████▌| 18870336/19697059 [00:01<00:00, 11754067.62iteration/s]2026-05-26 19:03:54.278 | INFO     | utils.ConnectHandler_server:receive:80 - receive completed

100%|██████████| 19697059/19697059 [00:01<00:00, 11695820.77iteration/s]
2026-05-26 19:03:54.294 | INFO     | __main__:<module>:226 - 2026-05-26 19:03:54 RECV round=26 cid=2 train_duration=87.95662498474121 battery=145433.40J
2026-05-26 19:03:54.295 | INFO     | utils.ConnectHandler_server:send:28 - sending data (59 bytes) to client#2...
2026-05-26 19:03:54.295 | INFO     | utils.ConnectHandler_server:send:34 - sending data (59 bytes) to client#2 completely
2026-05-26 19:04:08.308 | INFO     | __main__:<module>:313 - 2026-05-26 19:04:07 ROUND=26 end avg_acc=14.6040 best_acc=14.6040 duration=105.72s comm_mb=75.138 selected=[2, 3] checkpoint=logs_real/dfl_real_server/checkpoints/dfl_seed1/checkpoint.pt
2026-05-26 19:04:08.309 | INFO     | __main__:<module>:179 - 2026-05-26 19:04:08 ROUND=27 start selected=[4, 5] active_clients=[0, 1, 2, 3, 4, 5, 6, 7, 8, 9] cursor=6
2026-05-26 19:04:08.354 | INFO     | utils.ConnectHandler_server:send:28 - sending data (19699825 bytes) to client#4...
2026-05-26 19:04:09.967 | INFO     | utils.ConnectHandler_server:send:34 - sending data (19699825 bytes) to client#4 completely
2026-05-26 19:04:09.967 | INFO     | __main__:<module>:207 - 2026-05-26 19:04:09 SEND round=27 cid=4 payload_mb=18.787 duration=1.632s
2026-05-26 19:04:09.984 | INFO     | utils.ConnectHandler_server:send:28 - sending data (19699820 bytes) to client#5...
2026-05-26 19:04:11.677 | INFO     | utils.ConnectHandler_server:send:34 - sending data (19699820 bytes) to client#5 completely
2026-05-26 19:04:11.677 | INFO     | __main__:<module>:207 - 2026-05-26 19:04:11 SEND round=27 cid=5 payload_mb=18.787 duration=1.702s
2026-05-26 19:05:36.922 | INFO     | utils.ConnectHandler_server:receive:71 - 19696983bytes data to be received from client#4

  0%|          | 0/19696983 [00:00<?, ?iteration/s]
  6%|▌         | 1175776/19696983 [00:00<00:01, 11752167.34iteration/s]
 12%|█▏        | 2354448/19696983 [00:00<00:01, 11764065.89iteration/s]
 18%|█▊        | 3534568/19696983 [00:00<00:01, 11762153.46iteration/s]
 24%|██▍       | 4711792/19696983 [00:00<00:01, 11757259.75iteration/s]
 30%|██▉       | 5890464/19696983 [00:00<00:01, 11756718.85iteration/s]
 36%|███▌      | 7067688/19696983 [00:00<00:01, 11756434.73iteration/s]
 42%|████▏     | 8246360/19696983 [00:00<00:00, 11757887.65iteration/s]
 48%|████▊     | 9429376/19696983 [00:00<00:00, 11758648.35iteration/s]
 54%|█████▍    | 10606600/19696983 [00:00<00:00, 11762261.46iteration/s]
 60%|█████▉    | 11788168/19696983 [00:01<00:00, 11756543.59iteration/s]
 66%|██████▌   | 12971184/19696983 [00:01<00:00, 11754116.27iteration/s]
 72%|███████▏  | 14148408/19696983 [00:01<00:00, 11759097.12iteration/s]
 78%|███████▊  | 15334320/19696983 [00:01<00:00, 11764839.73iteration/s]
 84%|████████▍ | 16515888/19696983 [00:01<00:00, 11754674.13iteration/s]
 90%|████████▉ | 17693112/19696983 [00:01<00:00, 11757553.79iteration/s]
 96%|█████████▌| 18873232/19696983 [00:01<00:00, 11759078.82iteration/s]2026-05-26 19:05:38.600 | INFO     | utils.ConnectHandler_server:receive:80 - receive completed

100%|██████████| 19696983/19696983 [00:01<00:00, 11700062.33iteration/s]
2026-05-26 19:05:38.620 | INFO     | __main__:<module>:226 - 2026-05-26 19:05:38 RECV round=27 cid=4 train_duration=86.14073276519775 battery=145538.60J
2026-05-26 19:05:38.621 | INFO     | utils.ConnectHandler_server:send:28 - sending data (59 bytes) to client#4...
2026-05-26 19:05:38.621 | INFO     | utils.ConnectHandler_server:send:34 - sending data (59 bytes) to client#4 completely
2026-05-26 19:06:18.628 | INFO     | utils.ConnectHandler_server:receive:71 - 19696981bytes data to be received from client#5

  0%|          | 0/19696981 [00:00<?, ?iteration/s]
  6%|▌         | 1174328/19696981 [00:00<00:01, 11728722.23iteration/s]
 12%|█▏        | 2351552/19696981 [00:00<00:01, 11750394.32iteration/s]
 18%|█▊        | 3527328/19696981 [00:00<00:01, 11752175.46iteration/s]
 24%|██▍       | 4706000/19696981 [00:00<00:01, 11751162.51iteration/s]
 30%|██▉       | 5886120/19696981 [00:00<00:01, 11753040.93iteration/s]
 36%|███▌      | 7066240/19696981 [00:00<00:01, 11756300.49iteration/s]
 42%|████▏     | 8246360/19696981 [00:00<00:00, 11755700.17iteration/s]
 48%|████▊     | 9425032/19696981 [00:00<00:00, 11751921.81iteration/s]
 54%|█████▍    | 10608048/19696981 [00:00<00:00, 11761337.37iteration/s]
 60%|█████▉    | 11785272/19696981 [00:01<00:00, 11757101.73iteration/s]
 66%|██████▌   | 12968288/19696981 [00:01<00:00, 11764135.63iteration/s]
 72%|███████▏  | 14152752/19696981 [00:01<00:00, 11755143.94iteration/s]
 78%|███████▊  | 15332872/19696981 [00:01<00:00, 11760534.56iteration/s]
 84%|████████▍ | 16511544/19696981 [00:01<00:00, 11758993.05iteration/s]
 90%|████████▉ | 17691664/19696981 [00:01<00:00, 11766186.20iteration/s]
 96%|█████████▌| 18877576/19696981 [00:01<00:00, 11759207.39iteration/s]2026-05-26 19:06:20.305 | INFO     | utils.ConnectHandler_server:receive:80 - receive completed

100%|██████████| 19696981/19696981 [00:01<00:00, 11703986.18iteration/s]
2026-05-26 19:06:20.320 | INFO     | __main__:<module>:226 - 2026-05-26 19:06:20 RECV round=27 cid=5 train_duration=126.30494737625122 battery=142917.80J
2026-05-26 19:06:20.320 | INFO     | utils.ConnectHandler_server:send:28 - sending data (59 bytes) to client#5...
2026-05-26 19:06:20.320 | INFO     | utils.ConnectHandler_server:send:34 - sending data (59 bytes) to client#5 completely
2026-05-26 19:06:34.345 | INFO     | __main__:<module>:313 - 2026-05-26 19:06:33 ROUND=27 end avg_acc=14.6760 best_acc=14.6760 duration=145.67s comm_mb=75.138 selected=[4, 5] checkpoint=logs_real/dfl_real_server/checkpoints/dfl_seed1/checkpoint.pt
2026-05-26 19:06:34.346 | INFO     | __main__:<module>:179 - 2026-05-26 19:06:34 ROUND=28 start selected=[6, 7] active_clients=[0, 1, 2, 3, 4, 5, 6, 7, 8, 9] cursor=8
2026-05-26 19:06:34.390 | INFO     | utils.ConnectHandler_server:send:28 - sending data (19699820 bytes) to client#6...
2026-05-26 19:06:35.993 | INFO     | utils.ConnectHandler_server:send:34 - sending data (19699820 bytes) to client#6 completely
2026-05-26 19:06:35.993 | INFO     | __main__:<module>:207 - 2026-05-26 19:06:35 SEND round=28 cid=6 payload_mb=18.787 duration=1.618s
2026-05-26 19:06:36.013 | INFO     | utils.ConnectHandler_server:send:28 - sending data (19729791 bytes) to client#7...
2026-05-26 19:06:37.714 | INFO     | utils.ConnectHandler_server:send:34 - sending data (19729791 bytes) to client#7 completely
2026-05-26 19:06:37.714 | INFO     | __main__:<module>:207 - 2026-05-26 19:06:37 SEND round=28 cid=7 payload_mb=18.816 duration=1.712s
2026-05-26 19:08:20.273 | INFO     | utils.ConnectHandler_server:receive:71 - 19696963bytes data to be received from client#6

  0%|          | 0/19696963 [00:00<?, ?iteration/s]
  6%|▌         | 1175776/19696963 [00:00<00:01, 11751103.21iteration/s]
 12%|█▏        | 2353000/19696963 [00:00<00:01, 11755035.52iteration/s]
 18%|█▊        | 3530224/19696963 [00:00<00:01, 11758197.03iteration/s]
 24%|██▍       | 4708896/19696963 [00:00<00:01, 11761467.31iteration/s]
 30%|██▉       | 5887568/19696963 [00:00<00:01, 11758347.87iteration/s]
 36%|███▌      | 7066240/19696963 [00:00<00:01, 11752438.54iteration/s]
 42%|████▏     | 8244912/19696963 [00:00<00:00, 11755032.53iteration/s]
 48%|████▊     | 9425032/19696963 [00:00<00:00, 11755447.98iteration/s]
 54%|█████▍    | 10608048/19696963 [00:00<00:00, 11757142.16iteration/s]
 60%|█████▉    | 11789616/19696963 [00:01<00:00, 11757337.87iteration/s]
 66%|██████▌   | 12971184/19696963 [00:01<00:00, 11750540.13iteration/s]
 72%|███████▏  | 14155648/19696963 [00:01<00:00, 11761541.49iteration/s]
 78%|███████▊  | 15343008/19696963 [00:01<00:00, 11762508.42iteration/s]
 84%|████████▍ | 16530368/19696963 [00:01<00:00, 11760975.75iteration/s]
 90%|████████▉ | 17722072/19696963 [00:01<00:00, 11764880.98iteration/s]
 96%|█████████▌| 18906536/19696963 [00:01<00:00, 11762770.13iteration/s]2026-05-26 19:08:21.951 | INFO     | utils.ConnectHandler_server:receive:80 - receive completed

100%|██████████| 19696963/19696963 [00:01<00:00, 11699000.02iteration/s]
2026-05-26 19:08:21.966 | INFO     | __main__:<module>:226 - 2026-05-26 19:08:21 RECV round=28 cid=6 train_duration=103.53197836875916 battery=144740.37J
2026-05-26 19:08:21.966 | INFO     | utils.ConnectHandler_server:send:28 - sending data (59 bytes) to client#6...
2026-05-26 19:08:21.966 | INFO     | utils.ConnectHandler_server:send:34 - sending data (59 bytes) to client#6 completely
2026-05-26 19:08:51.064 | INFO     | utils.ConnectHandler_server:receive:71 - 19697437bytes data to be received from client#7

  0%|          | 0/19697437 [00:00<?, ?iteration/s]
  6%|▌         | 1167088/19697437 [00:00<00:01, 11646178.78iteration/s]
 12%|█▏        | 2332728/19697437 [00:00<00:01, 11645453.19iteration/s]
 18%|█▊        | 3504160/19697437 [00:00<00:01, 11666751.91iteration/s]
 24%|██▎       | 4675592/19697437 [00:00<00:01, 11654142.73iteration/s]
 30%|██▉       | 5845576/19697437 [00:00<00:01, 11667964.56iteration/s]
 36%|███▌      | 7014112/19697437 [00:00<00:01, 11671114.84iteration/s]
 42%|████▏     | 8194232/19697437 [00:00<00:00, 11699247.23iteration/s]
 48%|████▊     | 9375800/19697437 [00:00<00:00, 11714817.12iteration/s]
 54%|█████▎    | 10557368/19697437 [00:00<00:00, 11727701.92iteration/s]
 60%|█████▉    | 11738936/19697437 [00:01<00:00, 11740304.64iteration/s]
 66%|██████▌   | 12920504/19697437 [00:01<00:00, 11743863.13iteration/s]
 72%|███████▏  | 14099176/19697437 [00:01<00:00, 11750508.57iteration/s]
 78%|███████▊  | 15283640/19697437 [00:01<00:00, 11752860.01iteration/s]
 84%|████████▎ | 16462312/19697437 [00:01<00:00, 11750043.76iteration/s]
 90%|████████▉ | 17651120/19697437 [00:01<00:00, 11751996.56iteration/s]
 96%|█████████▌| 18829792/19697437 [00:01<00:00, 11755568.41iteration/s]2026-05-26 19:08:52.746 | INFO     | utils.ConnectHandler_server:receive:80 - receive completed

100%|██████████| 19697437/19697437 [00:01<00:00, 11665713.62iteration/s]
2026-05-26 19:08:52.762 | INFO     | __main__:<module>:226 - 2026-05-26 19:08:52 RECV round=28 cid=7 train_duration=132.99457454681396 battery=138667.22J
2026-05-26 19:08:52.762 | INFO     | utils.ConnectHandler_server:send:28 - sending data (59 bytes) to client#7...
2026-05-26 19:08:52.762 | INFO     | utils.ConnectHandler_server:send:34 - sending data (59 bytes) to client#7 completely
2026-05-26 19:09:06.630 | INFO     | __main__:<module>:313 - 2026-05-26 19:09:06 ROUND=28 end avg_acc=14.9890 best_acc=14.9890 duration=152.04s comm_mb=75.167 selected=[6, 7] checkpoint=logs_real/dfl_real_server/checkpoints/dfl_seed1/checkpoint.pt
2026-05-26 19:09:06.631 | INFO     | __main__:<module>:179 - 2026-05-26 19:09:06 ROUND=29 start selected=[8, 9] active_clients=[0, 1, 2, 3, 4, 5, 6, 7, 8, 9] cursor=0
2026-05-26 19:09:06.654 | INFO     | utils.ConnectHandler_server:send:28 - sending data (19735888 bytes) to client#8...
2026-05-26 19:09:08.240 | INFO     | utils.ConnectHandler_server:send:34 - sending data (19735888 bytes) to client#8 completely
2026-05-26 19:09:08.240 | INFO     | __main__:<module>:207 - 2026-05-26 19:09:08 SEND round=29 cid=8 payload_mb=18.822 duration=1.600s
2026-05-26 19:09:08.259 | INFO     | utils.ConnectHandler_server:send:28 - sending data (19723703 bytes) to client#9...
2026-05-26 19:09:09.974 | INFO     | utils.ConnectHandler_server:send:34 - sending data (19723703 bytes) to client#9 completely
2026-05-26 19:09:09.975 | INFO     | __main__:<module>:207 - 2026-05-26 19:09:09 SEND round=29 cid=9 payload_mb=18.810 duration=1.725s
2026-05-26 19:11:01.776 | INFO     | utils.ConnectHandler_server:receive:71 - 19694064bytes data to be received from client#9

  0%|          | 0/19694064 [00:00<?, ?iteration/s]
  6%|▌         | 1177862/19694064 [00:00<00:01, 11767605.15iteration/s]
 12%|█▏        | 2357138/19694064 [00:00<00:01, 11753764.49iteration/s]
 18%|█▊        | 3533586/19694064 [00:00<00:01, 11750952.73iteration/s]
 24%|██▍       | 4711448/19694064 [00:00<00:01, 11741524.08iteration/s]
 30%|██▉       | 5887896/19694064 [00:00<00:01, 11742213.08iteration/s]
 36%|███▌      | 7065758/19694064 [00:00<00:01, 11741718.09iteration/s]
 42%|████▏     | 8242206/19694064 [00:00<00:00, 11748079.74iteration/s]
 48%|████▊     | 9417240/19694064 [00:00<00:00, 11739556.43iteration/s]
 54%|█████▍    | 10599344/19694064 [00:00<00:00, 11745249.00iteration/s]
 60%|█████▉    | 11778620/19694064 [00:01<00:00, 11745740.52iteration/s]
 66%|██████▌   | 12956482/19694064 [00:01<00:00, 11743310.45iteration/s]
 72%|███████▏  | 14142828/19694064 [00:01<00:00, 11747926.56iteration/s]
 78%|███████▊  | 15322104/19694064 [00:01<00:00, 11734261.76iteration/s]
 84%|████████▍ | 16507036/19694064 [00:01<00:00, 11738904.27iteration/s]
 90%|████████▉ | 17686312/19694064 [00:01<00:00, 11744598.11iteration/s]
 96%|█████████▌| 18864174/19694064 [00:01<00:00, 11738388.93iteration/s]2026-05-26 19:11:03.455 | INFO     | utils.ConnectHandler_server:receive:80 - receive completed

100%|██████████| 19694064/19694064 [00:01<00:00, 11685319.34iteration/s]
2026-05-26 19:11:03.483 | INFO     | __main__:<module>:226 - 2026-05-26 19:11:03 RECV round=29 cid=9 train_duration=111.40649080276489 battery=138665.90J
2026-05-26 19:11:03.483 | INFO     | utils.ConnectHandler_server:send:28 - sending data (59 bytes) to client#9...
2026-05-26 19:11:03.483 | INFO     | utils.ConnectHandler_server:send:34 - sending data (59 bytes) to client#9 completely
2026-05-26 19:12:54.251 | INFO     | utils.ConnectHandler_server:receive:71 - 19697437bytes data to be received from client#8

  0%|          | 0/19697437 [00:00<?, ?iteration/s]
  6%|▌         | 1155504/19697437 [00:00<00:01, 11553646.17iteration/s]
 12%|█▏        | 2319696/19697437 [00:00<00:01, 11601573.47iteration/s]
 18%|█▊        | 3485336/19697437 [00:00<00:01, 11619867.01iteration/s]
 24%|██▎       | 4652424/19697437 [00:00<00:01, 11634648.55iteration/s]
 30%|██▉       | 5822408/19697437 [00:00<00:01, 11653380.74iteration/s]
 36%|███▌      | 6996736/19697437 [00:00<00:01, 11680807.37iteration/s]
 41%|████▏     | 8172512/19697437 [00:00<00:00, 11703956.24iteration/s]
 47%|████▋     | 9355528/19697437 [00:00<00:00, 11729273.66iteration/s]
 53%|█████▎    | 10534200/19697437 [00:00<00:00, 11723737.20iteration/s]
 59%|█████▉    | 11714320/19697437 [00:01<00:00, 11733710.47iteration/s]
 65%|██████▌   | 12897336/19697437 [00:01<00:00, 11735142.56iteration/s]
 71%|███████▏  | 14078904/19697437 [00:01<00:00, 11731985.06iteration/s]
 77%|███████▋  | 15260472/19697437 [00:01<00:00, 11730221.60iteration/s]
 83%|████████▎ | 16446384/19697437 [00:01<00:00, 11734367.07iteration/s]
 89%|████████▉ | 17625056/19697437 [00:01<00:00, 11724996.01iteration/s]
 95%|█████████▌| 18800832/19697437 [00:01<00:00, 11724205.12iteration/s]2026-05-26 19:12:55.936 | INFO     | utils.ConnectHandler_server:receive:80 - receive completed

100%|██████████| 19697437/19697437 [00:01<00:00, 11647727.34iteration/s]
2026-05-26 19:12:55.951 | INFO     | __main__:<module>:226 - 2026-05-26 19:12:55 RECV round=29 cid=8 train_duration=225.29097604751587 battery=129077.88J
2026-05-26 19:12:55.951 | INFO     | utils.ConnectHandler_server:send:28 - sending data (59 bytes) to client#8...
2026-05-26 19:12:55.951 | INFO     | utils.ConnectHandler_server:send:34 - sending data (59 bytes) to client#8 completely
2026-05-26 19:13:09.972 | INFO     | __main__:<module>:313 - 2026-05-26 19:13:09 ROUND=29 end avg_acc=15.2050 best_acc=15.2050 duration=242.97s comm_mb=75.195 selected=[8, 9] checkpoint=logs_real/dfl_real_server/checkpoints/dfl_seed1/checkpoint.pt
2026-05-26 19:13:09.973 | INFO     | __main__:<module>:179 - 2026-05-26 19:13:09 ROUND=30 start selected=[0, 1] active_clients=[0, 1, 2, 3, 4, 5, 6, 7, 8, 9] cursor=2
2026-05-26 19:13:10.014 | INFO     | utils.ConnectHandler_server:send:28 - sending data (19699823 bytes) to client#0...
2026-05-26 19:13:11.561 | INFO     | utils.ConnectHandler_server:send:34 - sending data (19699823 bytes) to client#0 completely
2026-05-26 19:13:11.562 | INFO     | __main__:<module>:207 - 2026-05-26 19:13:11 SEND round=30 cid=0 payload_mb=18.787 duration=1.561s
2026-05-26 19:13:11.578 | INFO     | utils.ConnectHandler_server:send:28 - sending data (19699819 bytes) to client#1...
2026-05-26 19:13:13.315 | INFO     | utils.ConnectHandler_server:send:34 - sending data (19699819 bytes) to client#1 completely
2026-05-26 19:13:13.315 | INFO     | __main__:<module>:207 - 2026-05-26 19:13:13 SEND round=30 cid=1 payload_mb=18.787 duration=1.746s
2026-05-26 19:15:01.181 | INFO     | utils.ConnectHandler_server:receive:71 - 19696969bytes data to be received from client#0

  0%|          | 0/19696969 [00:00<?, ?iteration/s]
  6%|▌         | 1172880/19696969 [00:00<00:01, 11715710.86iteration/s]
 12%|█▏        | 2350104/19696969 [00:00<00:01, 11741268.18iteration/s]
 18%|█▊        | 3527328/19696969 [00:00<00:01, 11753719.08iteration/s]
 24%|██▍       | 4703104/19696969 [00:00<00:01, 11749978.69iteration/s]
 30%|██▉       | 5880328/19696969 [00:00<00:01, 11753481.20iteration/s]
 36%|███▌      | 7056104/19696969 [00:00<00:01, 11753539.20iteration/s]
 42%|████▏     | 8239120/19696969 [00:00<00:00, 11759322.63iteration/s]
 48%|████▊     | 9420688/19696969 [00:00<00:00, 11750941.87iteration/s]
 54%|█████▍    | 10597912/19696969 [00:00<00:00, 11756048.35iteration/s]
 60%|█████▉    | 11783824/19696969 [00:01<00:00, 11763976.40iteration/s]
 66%|██████▌   | 12965392/19696969 [00:01<00:00, 11761914.88iteration/s]
 72%|███████▏  | 14145512/19696969 [00:01<00:00, 11761127.31iteration/s]
 78%|███████▊  | 15331424/19696969 [00:01<00:00, 11759674.66iteration/s]
 84%|████████▍ | 16512992/19696969 [00:01<00:00, 11761384.51iteration/s]
 90%|████████▉ | 17698904/19696969 [00:01<00:00, 11757015.71iteration/s]
 96%|█████████▌| 18876128/19696969 [00:01<00:00, 11757406.36iteration/s]2026-05-26 19:15:02.859 | INFO     | utils.ConnectHandler_server:receive:80 - receive completed

100%|██████████| 19696969/19696969 [00:01<00:00, 11699064.88iteration/s]
2026-05-26 19:15:02.875 | INFO     | __main__:<module>:226 - 2026-05-26 19:15:02 RECV round=30 cid=0 train_duration=108.50653266906738 battery=143409.64J
2026-05-26 19:15:02.875 | INFO     | utils.ConnectHandler_server:send:28 - sending data (59 bytes) to client#0...
2026-05-26 19:15:02.875 | INFO     | utils.ConnectHandler_server:send:34 - sending data (59 bytes) to client#0 completely
2026-05-26 19:15:04.255 | INFO     | utils.ConnectHandler_server:receive:71 - 19696955bytes data to be received from client#1

  0%|          | 0/19696955 [00:00<?, ?iteration/s]
  6%|▌         | 1168536/19696955 [00:00<00:01, 11667178.99iteration/s]
 12%|█▏        | 2345760/19696955 [00:00<00:01, 11722210.47iteration/s]
 18%|█▊        | 3522984/19696955 [00:00<00:01, 11741340.57iteration/s]
 24%|██▍       | 4700208/19696955 [00:00<00:01, 11746067.10iteration/s]
 30%|██▉       | 5875984/19696955 [00:00<00:01, 11747609.96iteration/s]
 36%|███▌      | 7054656/19696955 [00:00<00:01, 11754998.37iteration/s]
 42%|████▏     | 8231880/19696955 [00:00<00:00, 11754683.58iteration/s]
 48%|████▊     | 9416344/19696955 [00:00<00:00, 11761438.80iteration/s]
 54%|█████▍    | 10595016/19696955 [00:00<00:00, 11760730.29iteration/s]
 60%|█████▉    | 11778032/19696955 [00:01<00:00, 11751995.35iteration/s]
 66%|██████▌   | 12961048/19696955 [00:01<00:00, 11751646.47iteration/s]
 72%|███████▏  | 14146960/19696955 [00:01<00:00, 11754707.05iteration/s]
 78%|███████▊  | 15334320/19696955 [00:01<00:00, 11760253.25iteration/s]
 84%|████████▍ | 16514440/19696955 [00:01<00:00, 11758037.24iteration/s]
 90%|████████▉ | 17704696/19696955 [00:01<00:00, 11761666.81iteration/s]
 96%|█████████▌| 18884816/19696955 [00:01<00:00, 11761643.20iteration/s]2026-05-26 19:15:05.932 | INFO     | utils.ConnectHandler_server:receive:80 - receive completed

100%|██████████| 19696955/19696955 [00:01<00:00, 11694093.55iteration/s]
2026-05-26 19:15:05.949 | INFO     | __main__:<module>:226 - 2026-05-26 19:15:05 RECV round=30 cid=1 train_duration=109.99214601516724 battery=143319.50J
2026-05-26 19:15:05.949 | INFO     | utils.ConnectHandler_server:send:28 - sending data (59 bytes) to client#1...
2026-05-26 19:15:05.949 | INFO     | utils.ConnectHandler_server:send:34 - sending data (59 bytes) to client#1 completely
2026-05-26 19:15:20.095 | INFO     | __main__:<module>:313 - 2026-05-26 19:15:19 ROUND=30 end avg_acc=15.6000 best_acc=15.6000 duration=129.88s comm_mb=75.138 selected=[0, 1] checkpoint=logs_real/dfl_real_server/checkpoints/dfl_seed1/checkpoint.pt
2026-05-26 19:15:20.095 | INFO     | __main__:<module>:179 - 2026-05-26 19:15:20 ROUND=31 start selected=[2, 3] active_clients=[0, 1, 2, 3, 4, 5, 6, 7, 8, 9] cursor=4
2026-05-26 19:15:20.113 | INFO     | utils.ConnectHandler_server:send:28 - sending data (19699820 bytes) to client#2...
2026-05-26 19:15:21.754 | INFO     | utils.ConnectHandler_server:send:34 - sending data (19699820 bytes) to client#2 completely
2026-05-26 19:15:21.755 | INFO     | __main__:<module>:207 - 2026-05-26 19:15:21 SEND round=31 cid=2 payload_mb=18.787 duration=1.651s
2026-05-26 19:15:21.773 | INFO     | utils.ConnectHandler_server:send:28 - sending data (19699825 bytes) to client#3...
2026-05-26 19:15:23.425 | INFO     | utils.ConnectHandler_server:send:34 - sending data (19699825 bytes) to client#3 completely
2026-05-26 19:15:23.425 | INFO     | __main__:<module>:207 - 2026-05-26 19:15:23 SEND round=31 cid=3 payload_mb=18.787 duration=1.661s
2026-05-26 19:16:47.890 | INFO     | utils.ConnectHandler_server:receive:71 - 19696965bytes data to be received from client#3

  0%|          | 0/19696965 [00:00<?, ?iteration/s]
  6%|▌         | 1175776/19696965 [00:00<00:01, 11746428.91iteration/s]
 12%|█▏        | 2353000/19696965 [00:00<00:01, 11754888.94iteration/s]
 18%|█▊        | 3530224/19696965 [00:00<00:01, 11747984.53iteration/s]
 24%|██▍       | 4706000/19696965 [00:00<00:01, 11745019.42iteration/s]
 30%|██▉       | 5886120/19696965 [00:00<00:01, 11757082.11iteration/s]
 36%|███▌      | 7064792/19696965 [00:00<00:01, 11751128.36iteration/s]
 42%|████▏     | 8244912/19696965 [00:00<00:00, 11756359.14iteration/s]
 48%|████▊     | 9426480/19696965 [00:00<00:00, 11756294.97iteration/s]
 54%|█████▍    | 10603704/19696965 [00:00<00:00, 11759408.94iteration/s]
 60%|█████▉    | 11786720/19696965 [00:01<00:00, 11755830.20iteration/s]
 66%|██████▌   | 12972632/19696965 [00:01<00:00, 11763844.04iteration/s]
 72%|███████▏  | 14154200/19696965 [00:01<00:00, 11759323.82iteration/s]
 78%|███████▊  | 15337216/19696965 [00:01<00:00, 11759053.29iteration/s]
 84%|████████▍ | 16517336/19696965 [00:01<00:00, 11760610.25iteration/s]
 90%|████████▉ | 17696008/19696965 [00:01<00:00, 11757551.45iteration/s]
 96%|█████████▌| 18884816/19696965 [00:01<00:00, 11765109.44iteration/s]2026-05-26 19:16:49.568 | INFO     | utils.ConnectHandler_server:receive:80 - receive completed

100%|██████████| 19696965/19696965 [00:01<00:00, 11696992.00iteration/s]
2026-05-26 19:16:49.589 | INFO     | __main__:<module>:226 - 2026-05-26 19:16:49 RECV round=31 cid=3 train_duration=83.803218126297 battery=144925.65J
2026-05-26 19:16:49.590 | INFO     | utils.ConnectHandler_server:send:28 - sending data (59 bytes) to client#3...
2026-05-26 19:16:49.590 | INFO     | utils.ConnectHandler_server:send:34 - sending data (59 bytes) to client#3 completely
2026-05-26 19:16:50.560 | INFO     | utils.ConnectHandler_server:receive:71 - 19697059bytes data to be received from client#2

  0%|          | 0/19697059 [00:00<?, ?iteration/s]
  6%|▌         | 1151160/19697059 [00:00<00:01, 11489614.08iteration/s]
 12%|█▏        | 2326936/19697059 [00:00<00:01, 11642595.73iteration/s]
 18%|█▊        | 3504160/19697059 [00:00<00:01, 11699711.65iteration/s]
 24%|██▍       | 4679936/19697059 [00:00<00:01, 11710590.83iteration/s]
 30%|██▉       | 5855712/19697059 [00:00<00:01, 11723590.22iteration/s]
 36%|███▌      | 7035832/19697059 [00:00<00:01, 11732644.92iteration/s]
 42%|████▏     | 8217400/19697059 [00:00<00:00, 11740263.79iteration/s]
 48%|████▊     | 9397520/19697059 [00:00<00:00, 11749355.22iteration/s]
 54%|█████▎    | 10579088/19697059 [00:00<00:00, 11755762.24iteration/s]
 60%|█████▉    | 11759208/19697059 [00:01<00:00, 11749269.21iteration/s]
 66%|██████▌   | 12937880/19697059 [00:01<00:00, 11759641.31iteration/s]
 72%|███████▏  | 14123792/19697059 [00:01<00:00, 11758109.03iteration/s]
 78%|███████▊  | 15309704/19697059 [00:01<00:00, 11755109.49iteration/s]
 84%|████████▎ | 16488376/19697059 [00:01<00:00, 11760100.02iteration/s]
 90%|████████▉ | 17677184/19697059 [00:01<00:00, 11762517.70iteration/s]
 96%|█████████▌| 18865992/19697059 [00:01<00:00, 11761258.97iteration/s]2026-05-26 19:16:52.240 | INFO     | utils.ConnectHandler_server:receive:80 - receive completed

100%|██████████| 19697059/19697059 [00:01<00:00, 11685679.69iteration/s]
2026-05-26 19:16:52.256 | INFO     | __main__:<module>:226 - 2026-05-26 19:16:52 RECV round=31 cid=2 train_duration=88.0602867603302 battery=144682.20J
2026-05-26 19:16:52.256 | INFO     | utils.ConnectHandler_server:send:28 - sending data (59 bytes) to client#2...
2026-05-26 19:16:52.256 | INFO     | utils.ConnectHandler_server:send:34 - sending data (59 bytes) to client#2 completely
2026-05-26 19:17:06.102 | INFO     | __main__:<module>:313 - 2026-05-26 19:17:05 ROUND=31 end avg_acc=15.8000 best_acc=15.8000 duration=105.76s comm_mb=75.138 selected=[2, 3] checkpoint=logs_real/dfl_real_server/checkpoints/dfl_seed1/checkpoint.pt
2026-05-26 19:17:06.102 | INFO     | __main__:<module>:179 - 2026-05-26 19:17:06 ROUND=32 start selected=[4, 5] active_clients=[0, 1, 2, 3, 4, 5, 6, 7, 8, 9] cursor=6
2026-05-26 19:17:06.125 | INFO     | utils.ConnectHandler_server:send:28 - sending data (19699825 bytes) to client#4...
2026-05-26 19:17:07.736 | INFO     | utils.ConnectHandler_server:send:34 - sending data (19699825 bytes) to client#4 completely
2026-05-26 19:17:07.737 | INFO     | __main__:<module>:207 - 2026-05-26 19:17:07 SEND round=32 cid=4 payload_mb=18.787 duration=1.626s
2026-05-26 19:17:07.755 | INFO     | utils.ConnectHandler_server:send:28 - sending data (19699820 bytes) to client#5...
2026-05-26 19:17:09.438 | INFO     | utils.ConnectHandler_server:send:34 - sending data (19699820 bytes) to client#5 completely
2026-05-26 19:17:09.438 | INFO     | __main__:<module>:207 - 2026-05-26 19:17:09 SEND round=32 cid=5 payload_mb=18.787 duration=1.693s
2026-05-26 19:18:34.556 | INFO     | utils.ConnectHandler_server:receive:71 - 19696983bytes data to be received from client#4

  0%|          | 0/19696983 [00:00<?, ?iteration/s]
  6%|▌         | 1174328/19696983 [00:00<00:01, 11743179.21iteration/s]
 12%|█▏        | 2351552/19696983 [00:00<00:01, 11752615.94iteration/s]
 18%|█▊        | 3527328/19696983 [00:00<00:01, 11689858.59iteration/s]
 24%|██▍       | 4704552/19696983 [00:00<00:01, 11718093.70iteration/s]
 30%|██▉       | 5883224/19696983 [00:00<00:01, 11727404.96iteration/s]
 36%|███▌      | 7061896/19696983 [00:00<00:01, 11738678.78iteration/s]
 42%|████▏     | 8239120/19696983 [00:00<00:00, 11745145.12iteration/s]
 48%|████▊     | 9414896/19696983 [00:00<00:00, 11747653.32iteration/s]
 54%|█████▍    | 10600808/19696983 [00:00<00:00, 11760074.28iteration/s]
 60%|█████▉    | 11785272/19696983 [00:01<00:00, 11747553.06iteration/s]
 66%|██████▌   | 12965392/19696983 [00:01<00:00, 11763262.82iteration/s]
 72%|███████▏  | 14142616/19696983 [00:01<00:00, 11762756.60iteration/s]
 78%|███████▊  | 15327080/19696983 [00:01<00:00, 11758757.55iteration/s]
 84%|████████▍ | 16507200/19696983 [00:01<00:00, 11751420.32iteration/s]
 90%|████████▉ | 17687320/19696983 [00:01<00:00, 11766226.22iteration/s]
 96%|█████████▌| 18871784/19696983 [00:01<00:00, 11754372.69iteration/s]2026-05-26 19:18:36.234 | INFO     | utils.ConnectHandler_server:receive:80 - receive completed

100%|██████████| 19696983/19696983 [00:01<00:00, 11696192.90iteration/s]
2026-05-26 19:18:36.262 | INFO     | __main__:<module>:226 - 2026-05-26 19:18:36 RECV round=32 cid=4 train_duration=85.99619650840759 battery=144805.01J
2026-05-26 19:18:36.262 | INFO     | utils.ConnectHandler_server:send:28 - sending data (59 bytes) to client#4...
2026-05-26 19:18:36.262 | INFO     | utils.ConnectHandler_server:send:34 - sending data (59 bytes) to client#4 completely
2026-05-26 19:19:24.322 | INFO     | utils.ConnectHandler_server:receive:71 - 19696977bytes data to be received from client#5

  0%|          | 0/19696977 [00:00<?, ?iteration/s]
  6%|▌         | 1174328/19696977 [00:00<00:01, 11725483.38iteration/s]
 12%|█▏        | 2351552/19696977 [00:00<00:01, 11747230.48iteration/s]
 18%|█▊        | 3527328/19696977 [00:00<00:01, 11746890.05iteration/s]
 24%|██▍       | 4703104/19696977 [00:00<00:01, 11745581.48iteration/s]
 30%|██▉       | 5880328/19696977 [00:00<00:01, 11754060.94iteration/s]
 36%|███▌      | 7059000/19696977 [00:00<00:01, 11749893.36iteration/s]
 42%|████▏     | 8236224/19696977 [00:00<00:00, 11752948.29iteration/s]
 48%|████▊     | 9417792/19696977 [00:00<00:00, 11757479.11iteration/s]
 54%|█████▍    | 10600808/19696977 [00:00<00:00, 11760974.52iteration/s]
 60%|█████▉    | 11778032/19696977 [00:01<00:00, 11755901.01iteration/s]
 66%|██████▌   | 12955256/19696977 [00:01<00:00, 11751353.60iteration/s]
 72%|███████▏  | 14139720/19696977 [00:01<00:00, 11754740.23iteration/s]
 78%|███████▊  | 15324184/19696977 [00:01<00:00, 11754936.06iteration/s]
 84%|████████▍ | 16510096/19696977 [00:01<00:00, 11757374.51iteration/s]
 90%|████████▉ | 17693112/19696977 [00:01<00:00, 11756097.58iteration/s]
 96%|█████████▌| 18881920/19696977 [00:01<00:00, 11763404.34iteration/s]2026-05-26 19:19:25.999 | INFO     | utils.ConnectHandler_server:receive:80 - receive completed

100%|██████████| 19696977/19696977 [00:01<00:00, 11699251.87iteration/s]
2026-05-26 19:19:26.015 | INFO     | __main__:<module>:226 - 2026-05-26 19:19:26 RECV round=32 cid=5 train_duration=134.2003378868103 battery=141773.00J
2026-05-26 19:19:26.016 | INFO     | utils.ConnectHandler_server:send:28 - sending data (59 bytes) to client#5...
2026-05-26 19:19:26.016 | INFO     | utils.ConnectHandler_server:send:34 - sending data (59 bytes) to client#5 completely
2026-05-26 19:19:39.896 | INFO     | __main__:<module>:313 - 2026-05-26 19:19:39 ROUND=32 end avg_acc=15.9630 best_acc=15.9630 duration=153.55s comm_mb=75.138 selected=[4, 5] checkpoint=logs_real/dfl_real_server/checkpoints/dfl_seed1/checkpoint.pt
2026-05-26 19:19:39.896 | INFO     | __main__:<module>:179 - 2026-05-26 19:19:39 ROUND=33 start selected=[6, 7] active_clients=[0, 1, 2, 3, 4, 5, 6, 7, 8, 9] cursor=8
2026-05-26 19:19:39.914 | INFO     | utils.ConnectHandler_server:send:28 - sending data (19699820 bytes) to client#6...
2026-05-26 19:19:41.532 | INFO     | utils.ConnectHandler_server:send:34 - sending data (19699820 bytes) to client#6 completely
2026-05-26 19:19:41.532 | INFO     | __main__:<module>:207 - 2026-05-26 19:19:41 SEND round=33 cid=6 payload_mb=18.787 duration=1.627s
2026-05-26 19:19:41.551 | INFO     | utils.ConnectHandler_server:send:28 - sending data (19729791 bytes) to client#7...
2026-05-26 19:19:43.246 | INFO     | utils.ConnectHandler_server:send:34 - sending data (19729791 bytes) to client#7 completely
2026-05-26 19:19:43.247 | INFO     | __main__:<module>:207 - 2026-05-26 19:19:43 SEND round=33 cid=7 payload_mb=18.816 duration=1.706s
2026-05-26 19:21:25.877 | INFO     | utils.ConnectHandler_server:receive:71 - 19696965bytes data to be received from client#6

  0%|          | 0/19696965 [00:00<?, ?iteration/s]
  6%|▌         | 1169984/19696965 [00:00<00:01, 11688035.77iteration/s]
 12%|█▏        | 2347208/19696965 [00:00<00:01, 11727541.33iteration/s]
 18%|█▊        | 3524432/19696965 [00:00<00:01, 11745540.43iteration/s]
 24%|██▍       | 4700208/19696965 [00:00<00:01, 11738263.63iteration/s]
 30%|██▉       | 5880328/19696965 [00:00<00:01, 11753893.65iteration/s]
 36%|███▌      | 7060448/19696965 [00:00<00:01, 11753841.35iteration/s]
 42%|████▏     | 8240568/19696965 [00:00<00:00, 11754155.33iteration/s]
 48%|████▊     | 9423584/19696965 [00:00<00:00, 11756675.08iteration/s]
 54%|█████▍    | 10605152/19696965 [00:00<00:00, 11759856.15iteration/s]
 60%|█████▉    | 11785272/19696965 [00:01<00:00, 11764799.04iteration/s]
 66%|██████▌   | 12974080/19696965 [00:01<00:00, 11764999.90iteration/s]
 72%|███████▏  | 14158544/19696965 [00:01<00:00, 11751651.26iteration/s]
 78%|███████▊  | 15341560/19696965 [00:01<00:00, 11758081.76iteration/s]
 84%|████████▍ | 16533264/19696965 [00:01<00:00, 11764850.14iteration/s]
 90%|████████▉ | 17714832/19696965 [00:01<00:00, 11758224.51iteration/s]
 96%|█████████▌| 18892056/19696965 [00:01<00:00, 11755115.00iteration/s]2026-05-26 19:21:27.554 | INFO     | utils.ConnectHandler_server:receive:80 - receive completed

100%|██████████| 19696965/19696965 [00:01<00:00, 11692876.36iteration/s]
2026-05-26 19:21:27.570 | INFO     | __main__:<module>:226 - 2026-05-26 19:21:27 RECV round=33 cid=6 train_duration=103.60302877426147 battery=143856.58J
2026-05-26 19:21:27.570 | INFO     | utils.ConnectHandler_server:send:28 - sending data (59 bytes) to client#6...
2026-05-26 19:21:27.570 | INFO     | utils.ConnectHandler_server:send:34 - sending data (59 bytes) to client#6 completely
2026-05-26 19:22:15.224 | INFO     | utils.ConnectHandler_server:receive:71 - 19697437bytes data to be received from client#7

  0%|          | 0/19697437 [00:00<?, ?iteration/s]
  6%|▌         | 1168536/19697437 [00:00<00:01, 11660045.58iteration/s]
 12%|█▏        | 2335624/19697437 [00:00<00:01, 11659019.07iteration/s]
 18%|█▊        | 3504160/19697437 [00:00<00:01, 11667754.81iteration/s]
 24%|██▎       | 4675592/19697437 [00:00<00:01, 11660235.25iteration/s]
 30%|██▉       | 5849920/19697437 [00:00<00:01, 11679856.63iteration/s]
 36%|███▌      | 7027144/19697437 [00:00<00:01, 11701802.41iteration/s]
 42%|████▏     | 8204368/19697437 [00:00<00:00, 11722595.21iteration/s]
 48%|████▊     | 9380144/19697437 [00:00<00:00, 11733351.85iteration/s]
 54%|█████▎    | 10557368/19697437 [00:00<00:00, 11728217.89iteration/s]
 60%|█████▉    | 11734592/19697437 [00:01<00:00, 11732857.32iteration/s]
 66%|██████▌   | 12911816/19697437 [00:01<00:00, 11736583.39iteration/s]
 72%|███████▏  | 14090488/19697437 [00:01<00:00, 11736397.80iteration/s]
 78%|███████▊  | 15266264/19697437 [00:01<00:00, 11741005.86iteration/s]
 84%|████████▎ | 16447832/19697437 [00:01<00:00, 11737914.61iteration/s]
 89%|████████▉ | 17627952/19697437 [00:01<00:00, 11741013.14iteration/s]
 95%|█████████▌| 18805176/19697437 [00:01<00:00, 11739694.59iteration/s]2026-05-26 19:22:16.907 | INFO     | utils.ConnectHandler_server:receive:80 - receive completed

100%|██████████| 19697437/19697437 [00:01<00:00, 11661616.76iteration/s]
2026-05-26 19:22:16.923 | INFO     | __main__:<module>:226 - 2026-05-26 19:22:16 RECV round=33 cid=7 train_duration=151.62074780464172 battery=136333.67J
2026-05-26 19:22:16.923 | INFO     | utils.ConnectHandler_server:send:28 - sending data (59 bytes) to client#7...
2026-05-26 19:22:16.923 | INFO     | utils.ConnectHandler_server:send:34 - sending data (59 bytes) to client#7 completely
2026-05-26 19:22:30.847 | INFO     | __main__:<module>:313 - 2026-05-26 19:22:30 ROUND=33 end avg_acc=16.0940 best_acc=16.0940 duration=170.72s comm_mb=75.167 selected=[6, 7] checkpoint=logs_real/dfl_real_server/checkpoints/dfl_seed1/checkpoint.pt
2026-05-26 19:22:30.847 | INFO     | __main__:<module>:179 - 2026-05-26 19:22:30 ROUND=34 start selected=[8, 9] active_clients=[0, 1, 2, 3, 4, 5, 6, 7, 8, 9] cursor=0
2026-05-26 19:22:30.871 | INFO     | utils.ConnectHandler_server:send:28 - sending data (19735888 bytes) to client#8...
2026-05-26 19:22:32.476 | INFO     | utils.ConnectHandler_server:send:34 - sending data (19735888 bytes) to client#8 completely
2026-05-26 19:22:32.476 | INFO     | __main__:<module>:207 - 2026-05-26 19:22:32 SEND round=34 cid=8 payload_mb=18.822 duration=1.618s
2026-05-26 19:22:32.493 | INFO     | utils.ConnectHandler_server:send:28 - sending data (19723703 bytes) to client#9...
2026-05-26 19:22:34.170 | INFO     | utils.ConnectHandler_server:send:34 - sending data (19723703 bytes) to client#9 completely
2026-05-26 19:22:34.170 | INFO     | __main__:<module>:207 - 2026-05-26 19:22:34 SEND round=34 cid=9 payload_mb=18.810 duration=1.685s
2026-05-26 19:24:29.327 | INFO     | utils.ConnectHandler_server:receive:71 - 19694062bytes data to be received from client#9

  0%|          | 0/19694062 [00:00<?, ?iteration/s]
  6%|▌         | 1179276/19694062 [00:00<00:01, 11783415.98iteration/s]
 12%|█▏        | 2358552/19694062 [00:00<00:01, 11757909.65iteration/s]
 18%|█▊        | 3535000/19694062 [00:00<00:01, 11751713.42iteration/s]
 24%|██▍       | 4711448/19694062 [00:00<00:01, 11745093.39iteration/s]
 30%|██▉       | 5886482/19694062 [00:00<00:01, 11745423.66iteration/s]
 36%|███▌      | 7061516/19694062 [00:00<00:01, 11737763.94iteration/s]
 42%|████▏     | 8240792/19694062 [00:00<00:00, 11737258.51iteration/s]
 48%|████▊     | 9418654/19694062 [00:00<00:00, 11743269.42iteration/s]
 54%|█████▍    | 10600758/19694062 [00:00<00:00, 11738903.63iteration/s]
 60%|█████▉    | 11782862/19694062 [00:01<00:00, 11744417.89iteration/s]
 66%|██████▌   | 12960724/19694062 [00:01<00:00, 11733757.81iteration/s]
 72%|███████▏  | 14145656/19694062 [00:01<00:00, 11739190.95iteration/s]
 78%|███████▊  | 15324932/19694062 [00:01<00:00, 11744651.96iteration/s]
 84%|████████▍ | 16504208/19694062 [00:01<00:00, 11738085.47iteration/s]
 90%|████████▉ | 17683484/19694062 [00:01<00:00, 11742980.84iteration/s]
 96%|█████████▌| 18871244/19694062 [00:01<00:00, 11738693.81iteration/s]2026-05-26 19:24:31.006 | INFO     | utils.ConnectHandler_server:receive:80 - receive completed

100%|██████████| 19694062/19694062 [00:01<00:00, 11687229.39iteration/s]
2026-05-26 19:24:31.022 | INFO     | __main__:<module>:226 - 2026-05-26 19:24:31 RECV round=34 cid=9 train_duration=114.71044659614563 battery=136733.35J
2026-05-26 19:24:31.022 | INFO     | utils.ConnectHandler_server:send:28 - sending data (59 bytes) to client#9...
2026-05-26 19:24:31.022 | INFO     | utils.ConnectHandler_server:send:34 - sending data (59 bytes) to client#9 completely
2026-05-26 19:26:16.493 | INFO     | utils.ConnectHandler_server:receive:71 - 19697437bytes data to be received from client#8

  0%|          | 0/19697437 [00:00<?, ?iteration/s]
  6%|▌         | 1159848/19697437 [00:00<00:01, 11585453.52iteration/s]
 12%|█▏        | 2325488/19697437 [00:00<00:01, 11615857.08iteration/s]
 18%|█▊        | 3489680/19697437 [00:00<00:01, 11625540.59iteration/s]
 24%|██▎       | 4653872/19697437 [00:00<00:01, 11626506.25iteration/s]
 30%|██▉       | 5826752/19697437 [00:00<00:01, 11658344.83iteration/s]
 36%|███▌      | 7002528/19697437 [00:00<00:01, 11687713.30iteration/s]
 42%|████▏     | 8179752/19697437 [00:00<00:00, 11696490.64iteration/s]
 48%|████▊     | 9358424/19697437 [00:00<00:00, 11704630.62iteration/s]
 54%|█████▎    | 10538544/19697437 [00:00<00:00, 11726974.96iteration/s]
 60%|█████▉    | 11723008/19697437 [00:01<00:00, 11736969.18iteration/s]
 66%|██████▌   | 12906024/19697437 [00:01<00:00, 11741584.87iteration/s]
 72%|███████▏  | 14087592/19697437 [00:01<00:00, 11744238.45iteration/s]
 77%|███████▋  | 15264816/19697437 [00:01<00:00, 11745373.99iteration/s]
 84%|████████▎ | 16447832/19697437 [00:01<00:00, 11747193.03iteration/s]
 90%|████████▉ | 17630848/19697437 [00:01<00:00, 11758964.12iteration/s]
 95%|█████████▌| 18808072/19697437 [00:01<00:00, 11746598.86iteration/s]2026-05-26 19:26:18.176 | INFO     | utils.ConnectHandler_server:receive:80 - receive completed

100%|██████████| 19697437/19697437 [00:01<00:00, 11660387.28iteration/s]
2026-05-26 19:26:18.193 | INFO     | __main__:<module>:226 - 2026-05-26 19:26:18 RECV round=34 cid=8 train_duration=223.27710008621216 battery=125641.49J
2026-05-26 19:26:18.193 | INFO     | utils.ConnectHandler_server:send:28 - sending data (59 bytes) to client#8...
2026-05-26 19:26:18.193 | INFO     | utils.ConnectHandler_server:send:34 - sending data (59 bytes) to client#8 completely
2026-05-26 19:26:31.942 | INFO     | __main__:<module>:313 - 2026-05-26 19:26:31 ROUND=34 end avg_acc=16.6230 best_acc=16.6230 duration=240.85s comm_mb=75.195 selected=[8, 9] checkpoint=logs_real/dfl_real_server/checkpoints/dfl_seed1/checkpoint.pt
2026-05-26 19:26:31.943 | INFO     | __main__:<module>:179 - 2026-05-26 19:26:31 ROUND=35 start selected=[0, 1] active_clients=[0, 1, 2, 3, 4, 5, 6, 7, 8, 9] cursor=2
2026-05-26 19:26:31.961 | INFO     | utils.ConnectHandler_server:send:28 - sending data (19699823 bytes) to client#0...
2026-05-26 19:26:33.537 | INFO     | utils.ConnectHandler_server:send:34 - sending data (19699823 bytes) to client#0 completely
2026-05-26 19:26:33.537 | INFO     | __main__:<module>:207 - 2026-05-26 19:26:33 SEND round=35 cid=0 payload_mb=18.787 duration=1.585s
2026-05-26 19:26:33.556 | INFO     | utils.ConnectHandler_server:send:28 - sending data (19699819 bytes) to client#1...
2026-05-26 19:26:35.256 | INFO     | utils.ConnectHandler_server:send:34 - sending data (19699819 bytes) to client#1 completely
2026-05-26 19:26:35.256 | INFO     | __main__:<module>:207 - 2026-05-26 19:26:35 SEND round=35 cid=1 payload_mb=18.787 duration=1.710s
2026-05-26 19:28:23.128 | INFO     | utils.ConnectHandler_server:receive:71 - 19696985bytes data to be received from client#0

  0%|          | 0/19696985 [00:00<?, ?iteration/s]
  6%|▌         | 1169984/19696985 [00:00<00:01, 11692380.17iteration/s]
 12%|█▏        | 2345760/19696985 [00:00<00:01, 11725508.72iteration/s]
 18%|█▊        | 3524432/19696985 [00:00<00:01, 11746882.60iteration/s]
 24%|██▍       | 4703104/19696985 [00:00<00:01, 11746064.05iteration/s]
 30%|██▉       | 5880328/19696985 [00:00<00:01, 11750874.11iteration/s]
 36%|███▌      | 7056104/19696985 [00:00<00:01, 11748165.20iteration/s]
 42%|████▏     | 8233328/19696985 [00:00<00:00, 11743924.26iteration/s]
 48%|████▊     | 9414896/19696985 [00:00<00:00, 11750183.12iteration/s]
 54%|█████▍    | 10593568/19696985 [00:00<00:00, 11751690.60iteration/s]
 60%|█████▉    | 11776584/19696985 [00:01<00:00, 11752406.22iteration/s]
 66%|██████▌   | 12956704/19696985 [00:01<00:00, 11756599.82iteration/s]
 72%|███████▏  | 14141168/19696985 [00:01<00:00, 11754260.94iteration/s]
 78%|███████▊  | 15318392/19696985 [00:01<00:00, 11752197.60iteration/s]
 84%|████████▎ | 16494168/19696985 [00:01<00:00, 11753800.30iteration/s]
 90%|████████▉ | 17677184/19696985 [00:01<00:00, 11757665.70iteration/s]
 96%|█████████▌| 18863096/19696985 [00:01<00:00, 11759038.98iteration/s]2026-05-26 19:28:24.806 | INFO     | utils.ConnectHandler_server:receive:80 - receive completed

100%|██████████| 19696985/19696985 [00:01<00:00, 11693684.31iteration/s]
2026-05-26 19:28:24.822 | INFO     | __main__:<module>:226 - 2026-05-26 19:28:24 RECV round=35 cid=0 train_duration=108.46761989593506 battery=142484.36J
2026-05-26 19:28:24.822 | INFO     | utils.ConnectHandler_server:send:28 - sending data (59 bytes) to client#0...
2026-05-26 19:28:24.822 | INFO     | utils.ConnectHandler_server:send:34 - sending data (59 bytes) to client#0 completely
2026-05-26 19:28:26.330 | INFO     | utils.ConnectHandler_server:receive:71 - 19696965bytes data to be received from client#1

  0%|          | 0/19696965 [00:00<?, ?iteration/s]
  6%|▌         | 1167088/19696965 [00:00<00:01, 11661215.85iteration/s]
 12%|█▏        | 2344312/19696965 [00:00<00:01, 11719098.54iteration/s]
 18%|█▊        | 3521536/19696965 [00:00<00:01, 11737366.57iteration/s]
 24%|██▍       | 4695864/19696965 [00:00<00:01, 11738323.85iteration/s]
 30%|██▉       | 5873088/19696965 [00:00<00:01, 11746797.30iteration/s]
 36%|███▌      | 7051760/19696965 [00:00<00:01, 11751360.91iteration/s]
 42%|████▏     | 8228984/19696965 [00:00<00:00, 11756920.99iteration/s]
 48%|████▊     | 9404760/19696965 [00:00<00:00, 11754436.49iteration/s]
 54%|█████▍    | 10587776/19696965 [00:00<00:00, 11754763.49iteration/s]
 60%|█████▉    | 11773688/19696965 [00:01<00:00, 11761890.90iteration/s]
 66%|██████▌   | 12959600/19696965 [00:01<00:00, 11761460.63iteration/s]
 72%|███████▏  | 14148408/19696965 [00:01<00:00, 11763458.79iteration/s]
 78%|███████▊  | 15334320/19696965 [00:01<00:00, 11760939.10iteration/s]
 84%|████████▍ | 16517336/19696965 [00:01<00:00, 11758382.91iteration/s]
 90%|████████▉ | 17706144/19696965 [00:01<00:00, 11758037.58iteration/s]
 96%|█████████▌| 18889160/19696965 [00:01<00:00, 11755117.05iteration/s]2026-05-26 19:28:28.008 | INFO     | utils.ConnectHandler_server:receive:80 - receive completed

100%|██████████| 19696965/19696965 [00:01<00:00, 11695531.49iteration/s]
2026-05-26 19:28:28.023 | INFO     | __main__:<module>:226 - 2026-05-26 19:28:28 RECV round=35 cid=1 train_duration=110.1047785282135 battery=142380.25J
2026-05-26 19:28:28.023 | INFO     | utils.ConnectHandler_server:send:28 - sending data (59 bytes) to client#1...
2026-05-26 19:28:28.023 | INFO     | utils.ConnectHandler_server:send:34 - sending data (59 bytes) to client#1 completely
2026-05-26 19:28:41.778 | INFO     | __main__:<module>:313 - 2026-05-26 19:28:41 ROUND=35 end avg_acc=17.1900 best_acc=17.1900 duration=129.58s comm_mb=75.138 selected=[0, 1] checkpoint=logs_real/dfl_real_server/checkpoints/dfl_seed1/checkpoint.pt
2026-05-26 19:28:41.778 | INFO     | __main__:<module>:179 - 2026-05-26 19:28:41 ROUND=36 start selected=[2, 3] active_clients=[0, 1, 2, 3, 4, 5, 6, 7, 8, 9] cursor=4
2026-05-26 19:28:41.797 | INFO     | utils.ConnectHandler_server:send:28 - sending data (19699820 bytes) to client#2...
2026-05-26 19:28:43.431 | INFO     | utils.ConnectHandler_server:send:34 - sending data (19699820 bytes) to client#2 completely
2026-05-26 19:28:43.431 | INFO     | __main__:<module>:207 - 2026-05-26 19:28:43 SEND round=36 cid=2 payload_mb=18.787 duration=1.644s
2026-05-26 19:28:43.449 | INFO     | utils.ConnectHandler_server:send:28 - sending data (19699825 bytes) to client#3...
2026-05-26 19:28:45.095 | INFO     | utils.ConnectHandler_server:send:34 - sending data (19699825 bytes) to client#3 completely
2026-05-26 19:28:45.095 | INFO     | __main__:<module>:207 - 2026-05-26 19:28:45 SEND round=36 cid=3 payload_mb=18.787 duration=1.655s
2026-05-26 19:30:09.534 | INFO     | utils.ConnectHandler_server:receive:71 - 19696971bytes data to be received from client#3

  0%|          | 0/19696971 [00:00<?, ?iteration/s]
  6%|▌         | 1177224/19696971 [00:00<00:01, 11755322.98iteration/s]
 12%|█▏        | 2354448/19696971 [00:00<00:01, 11729484.06iteration/s]
 18%|█▊        | 3528776/19696971 [00:00<00:01, 11670057.22iteration/s]
 24%|██▍       | 4706000/19696971 [00:00<00:01, 11705621.66iteration/s]
 30%|██▉       | 5883224/19696971 [00:00<00:01, 11720612.20iteration/s]
 36%|███▌      | 7061896/19696971 [00:00<00:01, 11736429.65iteration/s]
 42%|████▏     | 8239120/19696971 [00:00<00:00, 11744288.18iteration/s]
 48%|████▊     | 9414896/19696971 [00:00<00:00, 11744746.57iteration/s]
 54%|█████▍    | 10600808/19696971 [00:00<00:00, 11755632.52iteration/s]
 60%|█████▉    | 11780928/19696971 [00:01<00:00, 11755979.18iteration/s]
 66%|██████▌   | 12956704/19696971 [00:01<00:00, 11750385.36iteration/s]
 72%|███████▏  | 14141168/19696971 [00:01<00:00, 11737993.30iteration/s]
 78%|███████▊  | 15324184/19696971 [00:01<00:00, 11743925.46iteration/s]
 84%|████████▍ | 16505752/19696971 [00:01<00:00, 11750227.11iteration/s]
 90%|████████▉ | 17691664/19696971 [00:01<00:00, 11750624.69iteration/s]
 96%|█████████▌| 18874680/19696971 [00:01<00:00, 11747478.52iteration/s]2026-05-26 19:30:11.214 | INFO     | utils.ConnectHandler_server:receive:80 - receive completed

100%|██████████| 19696971/19696971 [00:01<00:00, 11681075.54iteration/s]
2026-05-26 19:30:11.229 | INFO     | __main__:<module>:226 - 2026-05-26 19:30:11 RECV round=36 cid=3 train_duration=83.74710059165955 battery=144211.25J
2026-05-26 19:30:11.229 | INFO     | utils.ConnectHandler_server:send:28 - sending data (59 bytes) to client#3...
2026-05-26 19:30:11.229 | INFO     | utils.ConnectHandler_server:send:34 - sending data (59 bytes) to client#3 completely
2026-05-26 19:30:12.244 | INFO     | utils.ConnectHandler_server:receive:71 - 19697059bytes data to be received from client#2

  0%|          | 0/19697059 [00:00<?, ?iteration/s]
  6%|▌         | 1174328/19697059 [00:00<00:01, 11722023.15iteration/s]
 12%|█▏        | 2351552/19697059 [00:00<00:01, 11747826.25iteration/s]
 18%|█▊        | 3528776/19697059 [00:00<00:01, 11743269.63iteration/s]
 24%|██▍       | 4706000/19697059 [00:00<00:01, 11753405.13iteration/s]
 30%|██▉       | 5881776/19697059 [00:00<00:01, 11746370.83iteration/s]
 36%|███▌      | 7059000/19697059 [00:00<00:01, 11751706.72iteration/s]
 42%|████▏     | 8242016/19697059 [00:00<00:00, 11758262.25iteration/s]
 48%|████▊     | 9420688/19697059 [00:00<00:00, 11757679.34iteration/s]
 54%|█████▍    | 10605152/19697059 [00:00<00:00, 11747158.73iteration/s]
 60%|█████▉    | 11780928/19697059 [00:01<00:00, 11746563.63iteration/s]
 66%|██████▌   | 12961048/19697059 [00:01<00:00, 11754485.08iteration/s]
 72%|███████▏  | 14146960/19697059 [00:01<00:00, 11754680.57iteration/s]
 78%|███████▊  | 15332872/19697059 [00:01<00:00, 11754604.69iteration/s]
 84%|████████▍ | 16515888/19697059 [00:01<00:00, 11756383.14iteration/s]
 90%|████████▉ | 17698904/19697059 [00:01<00:00, 11756043.27iteration/s]
 96%|█████████▌| 18881920/19697059 [00:01<00:00, 11760956.29iteration/s]2026-05-26 19:30:13.921 | INFO     | utils.ConnectHandler_server:receive:80 - receive completed

100%|██████████| 19697059/19697059 [00:01<00:00, 11699900.35iteration/s]
2026-05-26 19:30:13.937 | INFO     | __main__:<module>:226 - 2026-05-26 19:30:13 RECV round=36 cid=2 train_duration=88.0383608341217 battery=143931.19J
2026-05-26 19:30:13.937 | INFO     | utils.ConnectHandler_server:send:28 - sending data (59 bytes) to client#2...
2026-05-26 19:30:13.937 | INFO     | utils.ConnectHandler_server:send:34 - sending data (59 bytes) to client#2 completely
2026-05-26 19:30:27.929 | INFO     | __main__:<module>:313 - 2026-05-26 19:30:27 ROUND=36 end avg_acc=17.4270 best_acc=17.4270 duration=105.79s comm_mb=75.138 selected=[2, 3] checkpoint=logs_real/dfl_real_server/checkpoints/dfl_seed1/checkpoint.pt
2026-05-26 19:30:27.930 | INFO     | __main__:<module>:179 - 2026-05-26 19:30:27 ROUND=37 start selected=[4, 5] active_clients=[0, 1, 2, 3, 4, 5, 6, 7, 8, 9] cursor=6
2026-05-26 19:30:27.971 | INFO     | utils.ConnectHandler_server:send:28 - sending data (19699825 bytes) to client#4...
2026-05-26 19:30:29.579 | INFO     | utils.ConnectHandler_server:send:34 - sending data (19699825 bytes) to client#4 completely
2026-05-26 19:30:29.579 | INFO     | __main__:<module>:207 - 2026-05-26 19:30:29 SEND round=37 cid=4 payload_mb=18.787 duration=1.622s
2026-05-26 19:30:29.597 | INFO     | utils.ConnectHandler_server:send:28 - sending data (19699820 bytes) to client#5...
2026-05-26 19:30:31.270 | INFO     | utils.ConnectHandler_server:send:34 - sending data (19699820 bytes) to client#5 completely
2026-05-26 19:30:31.270 | INFO     | __main__:<module>:207 - 2026-05-26 19:30:31 SEND round=37 cid=5 payload_mb=18.787 duration=1.682s
2026-05-26 19:31:56.506 | INFO     | utils.ConnectHandler_server:receive:71 - 19696971bytes data to be received from client#4

  0%|          | 0/19696971 [00:00<?, ?iteration/s]
  6%|▌         | 1178672/19696971 [00:00<00:01, 11758752.23iteration/s]
 12%|█▏        | 2355896/19696971 [00:00<00:01, 11683917.17iteration/s]
 18%|█▊        | 3531672/19696971 [00:00<00:01, 11712440.50iteration/s]
 24%|██▍       | 4708896/19696971 [00:00<00:01, 11726233.81iteration/s]
 30%|██▉       | 5886120/19696971 [00:00<00:01, 11740331.33iteration/s]
 36%|███▌      | 7060448/19696971 [00:00<00:01, 11737783.48iteration/s]
 42%|████▏     | 8240568/19696971 [00:00<00:00, 11748057.39iteration/s]
 48%|████▊     | 9423584/19696971 [00:00<00:00, 11753929.09iteration/s]
 54%|█████▍    | 10603704/19696971 [00:00<00:00, 11751452.27iteration/s]
 60%|█████▉    | 11782376/19696971 [00:01<00:00, 11760727.04iteration/s]
 66%|██████▌   | 12965392/19696971 [00:01<00:00, 11758646.58iteration/s]
 72%|███████▏  | 14148408/19696971 [00:01<00:00, 11758725.37iteration/s]
 78%|███████▊  | 15335768/19696971 [00:01<00:00, 11754944.49iteration/s]
 84%|████████▍ | 16518784/19696971 [00:01<00:00, 11758159.93iteration/s]
 90%|████████▉ | 17704696/19696971 [00:01<00:00, 11759820.10iteration/s]
 96%|█████████▌| 18887712/19696971 [00:01<00:00, 11757566.48iteration/s]2026-05-26 19:31:58.184 | INFO     | utils.ConnectHandler_server:receive:80 - receive completed

100%|██████████| 19696971/19696971 [00:01<00:00, 11695776.79iteration/s]
2026-05-26 19:31:58.200 | INFO     | __main__:<module>:226 - 2026-05-26 19:31:58 RECV round=37 cid=4 train_duration=86.12660431861877 battery=144070.31J
2026-05-26 19:31:58.200 | INFO     | utils.ConnectHandler_server:send:28 - sending data (59 bytes) to client#4...
2026-05-26 19:31:58.200 | INFO     | utils.ConnectHandler_server:send:34 - sending data (59 bytes) to client#4 completely
2026-05-26 19:32:41.780 | INFO     | utils.ConnectHandler_server:receive:71 - 19696971bytes data to be received from client#5

  0%|          | 0/19696971 [00:00<?, ?iteration/s]
  6%|▌         | 1175776/19696971 [00:00<00:01, 11748555.67iteration/s]
 12%|█▏        | 2354448/19696971 [00:00<00:01, 11757504.12iteration/s]
 18%|█▊        | 3531672/19696971 [00:00<00:01, 11755038.63iteration/s]
 24%|██▍       | 4710344/19696971 [00:00<00:01, 11757499.55iteration/s]
 30%|██▉       | 5887568/19696971 [00:00<00:01, 11750350.89iteration/s]
 36%|███▌      | 7067688/19696971 [00:00<00:01, 11750174.87iteration/s]
 42%|████▏     | 8246360/19696971 [00:00<00:00, 11754796.20iteration/s]
 48%|████▊     | 9425032/19696971 [00:00<00:00, 11755414.62iteration/s]
 54%|█████▍    | 10605152/19696971 [00:00<00:00, 11764559.16iteration/s]
 60%|█████▉    | 11785272/19696971 [00:01<00:00, 11759298.73iteration/s]
 66%|██████▌   | 12963944/19696971 [00:01<00:00, 11763026.15iteration/s]
 72%|███████▏  | 14152752/19696971 [00:01<00:00, 11763929.57iteration/s]
 78%|███████▊  | 15340112/19696971 [00:01<00:00, 11754273.90iteration/s]
 84%|████████▍ | 16518784/19696971 [00:01<00:00, 11754250.18iteration/s]
 90%|████████▉ | 17694560/19696971 [00:01<00:00, 11754735.13iteration/s]
 96%|█████████▌| 18873232/19696971 [00:01<00:00, 11756220.29iteration/s]2026-05-26 19:32:43.457 | INFO     | utils.ConnectHandler_server:receive:80 - receive completed

100%|██████████| 19696971/19696971 [00:01<00:00, 11700505.91iteration/s]
2026-05-26 19:32:43.472 | INFO     | __main__:<module>:226 - 2026-05-26 19:32:43 RECV round=37 cid=5 train_duration=129.83733248710632 battery=140665.42J
2026-05-26 19:32:43.472 | INFO     | utils.ConnectHandler_server:send:28 - sending data (59 bytes) to client#5...
2026-05-26 19:32:43.472 | INFO     | utils.ConnectHandler_server:send:34 - sending data (59 bytes) to client#5 completely
2026-05-26 19:32:57.767 | INFO     | __main__:<module>:313 - 2026-05-26 19:32:57 ROUND=37 end avg_acc=17.5340 best_acc=17.5340 duration=149.54s comm_mb=75.138 selected=[4, 5] checkpoint=logs_real/dfl_real_server/checkpoints/dfl_seed1/checkpoint.pt
2026-05-26 19:32:57.768 | INFO     | __main__:<module>:179 - 2026-05-26 19:32:57 ROUND=38 start selected=[6, 7] active_clients=[0, 1, 2, 3, 4, 5, 6, 7, 8, 9] cursor=8
2026-05-26 19:32:57.814 | INFO     | utils.ConnectHandler_server:send:28 - sending data (19699820 bytes) to client#6...
2026-05-26 19:32:59.431 | INFO     | utils.ConnectHandler_server:send:34 - sending data (19699820 bytes) to client#6 completely
2026-05-26 19:32:59.431 | INFO     | __main__:<module>:207 - 2026-05-26 19:32:59 SEND round=38 cid=6 payload_mb=18.787 duration=1.632s
2026-05-26 19:32:59.448 | INFO     | utils.ConnectHandler_server:send:28 - sending data (19729791 bytes) to client#7...
2026-05-26 19:33:01.143 | INFO     | utils.ConnectHandler_server:send:34 - sending data (19729791 bytes) to client#7 completely
2026-05-26 19:33:01.143 | INFO     | __main__:<module>:207 - 2026-05-26 19:33:01 SEND round=38 cid=7 payload_mb=18.816 duration=1.703s
2026-05-26 19:34:41.434 | INFO     | utils.ConnectHandler_server:receive:71 - 19696969bytes data to be received from client#6

  0%|          | 0/19696969 [00:00<?, ?iteration/s]
  6%|▌         | 1174328/19696969 [00:00<00:01, 11741975.43iteration/s]
 12%|█▏        | 2353000/19696969 [00:00<00:01, 11754701.22iteration/s]
 18%|█▊        | 3531672/19696969 [00:00<00:01, 11758788.54iteration/s]
 24%|██▍       | 4708896/19696969 [00:00<00:01, 11753101.49iteration/s]
 30%|██▉       | 5886120/19696969 [00:00<00:01, 11748578.22iteration/s]
 36%|███▌      | 7061896/19696969 [00:00<00:01, 11748637.11iteration/s]
 42%|████▏     | 8240568/19696969 [00:00<00:00, 11752009.50iteration/s]
 48%|████▊     | 9422136/19696969 [00:00<00:00, 11758868.27iteration/s]
 54%|█████▍    | 10600808/19696969 [00:00<00:00, 11756384.45iteration/s]
 60%|█████▉    | 11785272/19696969 [00:01<00:00, 11759108.91iteration/s]
 66%|██████▌   | 12968288/19696969 [00:01<00:00, 11767371.69iteration/s]
 72%|███████▏  | 14146960/19696969 [00:01<00:00, 11763621.32iteration/s]
 78%|███████▊  | 15328528/19696969 [00:01<00:00, 11761188.72iteration/s]
 84%|████████▍ | 16510096/19696969 [00:01<00:00, 11752311.30iteration/s]
 90%|████████▉ | 17690216/19696969 [00:01<00:00, 11763495.76iteration/s]
 96%|█████████▌| 18871784/19696969 [00:01<00:00, 11761032.88iteration/s]2026-05-26 19:34:43.112 | INFO     | utils.ConnectHandler_server:receive:80 - receive completed

100%|██████████| 19696969/19696969 [00:01<00:00, 11694209.46iteration/s]
2026-05-26 19:34:43.134 | INFO     | __main__:<module>:226 - 2026-05-26 19:34:43 RECV round=38 cid=6 train_duration=101.26951909065247 battery=142992.70J
2026-05-26 19:34:43.134 | INFO     | utils.ConnectHandler_server:send:28 - sending data (59 bytes) to client#6...
2026-05-26 19:34:43.134 | INFO     | utils.ConnectHandler_server:send:34 - sending data (59 bytes) to client#6 completely
2026-05-26 19:35:02.897 | INFO     | utils.ConnectHandler_server:receive:71 - 19697437bytes data to be received from client#7

  0%|          | 0/19697437 [00:00<?, ?iteration/s]
  6%|▌         | 1168536/19697437 [00:00<00:01, 11669484.64iteration/s]
 12%|█▏        | 2338520/19697437 [00:00<00:01, 11676224.57iteration/s]
 18%|█▊        | 3508504/19697437 [00:00<00:01, 11663203.38iteration/s]
 24%|██▍       | 4678488/19697437 [00:00<00:01, 11659635.39iteration/s]
 30%|██▉       | 5854264/19697437 [00:00<00:01, 11691218.43iteration/s]
 36%|███▌      | 7031488/19697437 [00:00<00:01, 11706711.90iteration/s]
 42%|████▏     | 8207264/19697437 [00:00<00:00, 11713422.59iteration/s]
 48%|████▊     | 9387384/19697437 [00:00<00:00, 11725844.26iteration/s]
 54%|█████▎    | 10570400/19697437 [00:00<00:00, 11737307.08iteration/s]
 60%|█████▉    | 11750520/19697437 [00:01<00:00, 11736572.58iteration/s]
 66%|██████▌   | 12924848/19697437 [00:01<00:00, 11735574.83iteration/s]
 72%|███████▏  | 14107864/19697437 [00:01<00:00, 11737598.79iteration/s]
 78%|███████▊  | 15285088/19697437 [00:01<00:00, 11735144.69iteration/s]
 84%|████████▎ | 16471000/19697437 [00:01<00:00, 11741165.11iteration/s]
 90%|████████▉ | 17651120/19697437 [00:01<00:00, 11741987.81iteration/s]
 96%|█████████▌| 18826896/19697437 [00:01<00:00, 11734070.12iteration/s]2026-05-26 19:35:04.579 | INFO     | utils.ConnectHandler_server:receive:80 - receive completed

100%|██████████| 19697437/19697437 [00:01<00:00, 11659487.14iteration/s]
2026-05-26 19:35:04.595 | INFO     | __main__:<module>:226 - 2026-05-26 19:35:04 RECV round=38 cid=7 train_duration=121.3772840499878 battery=134465.59J
2026-05-26 19:35:04.595 | INFO     | utils.ConnectHandler_server:send:28 - sending data (59 bytes) to client#7...
2026-05-26 19:35:04.595 | INFO     | utils.ConnectHandler_server:send:34 - sending data (59 bytes) to client#7 completely
2026-05-26 19:35:18.762 | INFO     | __main__:<module>:313 - 2026-05-26 19:35:18 ROUND=38 end avg_acc=17.7120 best_acc=17.7120 duration=140.75s comm_mb=75.167 selected=[6, 7] checkpoint=logs_real/dfl_real_server/checkpoints/dfl_seed1/checkpoint.pt
2026-05-26 19:35:18.762 | INFO     | __main__:<module>:179 - 2026-05-26 19:35:18 ROUND=39 start selected=[8, 9] active_clients=[0, 1, 2, 3, 4, 5, 6, 7, 8, 9] cursor=0
2026-05-26 19:35:18.783 | INFO     | utils.ConnectHandler_server:send:28 - sending data (19735888 bytes) to client#8...
2026-05-26 19:35:20.355 | INFO     | utils.ConnectHandler_server:send:34 - sending data (19735888 bytes) to client#8 completely
2026-05-26 19:35:20.355 | INFO     | __main__:<module>:207 - 2026-05-26 19:35:20 SEND round=39 cid=8 payload_mb=18.822 duration=1.582s
2026-05-26 19:35:20.374 | INFO     | utils.ConnectHandler_server:send:28 - sending data (19723703 bytes) to client#9...
2026-05-26 19:35:22.081 | INFO     | utils.ConnectHandler_server:send:34 - sending data (19723703 bytes) to client#9 completely
2026-05-26 19:35:22.081 | INFO     | __main__:<module>:207 - 2026-05-26 19:35:22 SEND round=39 cid=9 payload_mb=18.810 duration=1.717s
2026-05-26 19:37:13.802 | INFO     | utils.ConnectHandler_server:receive:71 - 19694062bytes data to be received from client#9

  0%|          | 0/19694062 [00:00<?, ?iteration/s]
  6%|▌         | 1179276/19694062 [00:00<00:01, 11779487.27iteration/s]
 12%|█▏        | 2359966/19694062 [00:00<00:01, 11763373.50iteration/s]
 18%|█▊        | 3536414/19694062 [00:00<00:01, 11753319.52iteration/s]
 24%|██▍       | 4715690/19694062 [00:00<00:01, 11749580.00iteration/s]
 30%|██▉       | 5894966/19694062 [00:00<00:01, 11744164.32iteration/s]
 36%|███▌      | 7071414/19694062 [00:00<00:01, 11734785.42iteration/s]
 42%|████▏     | 8249276/19694062 [00:00<00:00, 11741277.73iteration/s]
 48%|████▊     | 9424310/19694062 [00:00<00:00, 11740105.58iteration/s]
 54%|█████▍    | 10600758/19694062 [00:00<00:00, 11744325.00iteration/s]
 60%|█████▉    | 11785690/19694062 [00:01<00:00, 11744222.86iteration/s]
 66%|██████▌   | 12963552/19694062 [00:01<00:00, 11744341.11iteration/s]
 72%|███████▏  | 14142828/19694062 [00:01<00:00, 11741368.75iteration/s]
 78%|███████▊  | 15320690/19694062 [00:01<00:00, 11744343.97iteration/s]
 84%|████████▍ | 16504208/19694062 [00:01<00:00, 11741284.97iteration/s]
 90%|████████▉ | 17690554/19694062 [00:01<00:00, 11738685.68iteration/s]
 96%|█████████▌| 18872658/19694062 [00:01<00:00, 11739204.14iteration/s]2026-05-26 19:37:15.480 | INFO     | utils.ConnectHandler_server:receive:80 - receive completed

100%|██████████| 19694062/19694062 [00:01<00:00, 11691581.61iteration/s]
2026-05-26 19:37:15.496 | INFO     | __main__:<module>:226 - 2026-05-26 19:37:15 RECV round=39 cid=9 train_duration=111.26998043060303 battery=134858.76J
2026-05-26 19:37:15.496 | INFO     | utils.ConnectHandler_server:send:28 - sending data (59 bytes) to client#9...
2026-05-26 19:37:15.496 | INFO     | utils.ConnectHandler_server:send:34 - sending data (59 bytes) to client#9 completely
2026-05-26 19:39:04.623 | INFO     | utils.ConnectHandler_server:receive:71 - 19697437bytes data to be received from client#8

  0%|          | 0/19697437 [00:00<?, ?iteration/s]
  6%|▌         | 1158400/19697437 [00:00<00:01, 11566775.19iteration/s]
 12%|█▏        | 2325488/19697437 [00:00<00:01, 11615413.99iteration/s]
 18%|█▊        | 3494024/19697437 [00:00<00:01, 11636102.42iteration/s]
 24%|██▎       | 4662560/19697437 [00:00<00:01, 11633677.41iteration/s]
 30%|██▉       | 5836888/19697437 [00:00<00:01, 11664690.73iteration/s]
 36%|███▌      | 7012664/19697437 [00:00<00:01, 11688073.16iteration/s]
 42%|████▏     | 8188440/19697437 [00:00<00:00, 11704045.39iteration/s]
 48%|████▊     | 9368560/19697437 [00:00<00:00, 11730388.57iteration/s]
 54%|█████▎    | 10542888/19697437 [00:00<00:00, 11726848.84iteration/s]
 60%|█████▉    | 11721560/19697437 [00:01<00:00, 11733115.78iteration/s]
 65%|██████▌   | 12895888/19697437 [00:01<00:00, 11735446.86iteration/s]
 71%|███████▏  | 14076008/19697437 [00:01<00:00, 11738209.59iteration/s]
 77%|███████▋  | 15257576/19697437 [00:01<00:00, 11740351.53iteration/s]
 83%|████████▎ | 16434800/19697437 [00:01<00:00, 11737332.65iteration/s]
 89%|████████▉ | 17619264/19697437 [00:01<00:00, 11737794.15iteration/s]
 95%|█████████▌| 18800832/19697437 [00:01<00:00, 11741627.58iteration/s]2026-05-26 19:39:06.307 | INFO     | utils.ConnectHandler_server:receive:80 - receive completed

100%|██████████| 19697437/19697437 [00:01<00:00, 11654381.84iteration/s]
2026-05-26 19:39:06.323 | INFO     | __main__:<module>:226 - 2026-05-26 19:39:06 RECV round=39 cid=8 train_duration=223.46489024162292 battery=122202.21J
2026-05-26 19:39:06.323 | INFO     | utils.ConnectHandler_server:send:28 - sending data (59 bytes) to client#8...
2026-05-26 19:39:06.323 | INFO     | utils.ConnectHandler_server:send:34 - sending data (59 bytes) to client#8 completely
2026-05-26 19:39:20.689 | INFO     | __main__:<module>:313 - 2026-05-26 19:39:20 ROUND=39 end avg_acc=18.5270 best_acc=18.5270 duration=241.52s comm_mb=75.195 selected=[8, 9] checkpoint=logs_real/dfl_real_server/checkpoints/dfl_seed1/checkpoint.pt
2026-05-26 19:39:20.690 | INFO     | __main__:<module>:179 - 2026-05-26 19:39:20 ROUND=40 start selected=[0, 1] active_clients=[0, 1, 2, 3, 4, 5, 6, 7, 8, 9] cursor=2
2026-05-26 19:39:20.740 | INFO     | utils.ConnectHandler_server:send:28 - sending data (19699823 bytes) to client#0...
2026-05-26 19:39:22.302 | INFO     | utils.ConnectHandler_server:send:34 - sending data (19699823 bytes) to client#0 completely
2026-05-26 19:39:22.302 | INFO     | __main__:<module>:207 - 2026-05-26 19:39:22 SEND round=40 cid=0 payload_mb=18.787 duration=1.578s
2026-05-26 19:39:22.319 | INFO     | utils.ConnectHandler_server:send:28 - sending data (19699819 bytes) to client#1...
2026-05-26 19:39:24.042 | INFO     | utils.ConnectHandler_server:send:34 - sending data (19699819 bytes) to client#1 completely
2026-05-26 19:39:24.043 | INFO     | __main__:<module>:207 - 2026-05-26 19:39:24 SEND round=40 cid=1 payload_mb=18.787 duration=1.732s
2026-05-26 19:41:11.854 | INFO     | utils.ConnectHandler_server:receive:71 - 19696981bytes data to be received from client#0

  0%|          | 0/19696981 [00:00<?, ?iteration/s]
  6%|▌         | 1172880/19696981 [00:00<00:01, 11715627.16iteration/s]
 12%|█▏        | 2351552/19696981 [00:00<00:01, 11740827.14iteration/s]
 18%|█▊        | 3527328/19696981 [00:00<00:01, 11745643.77iteration/s]
 24%|██▍       | 4703104/19696981 [00:00<00:01, 11748151.69iteration/s]
 30%|██▉       | 5880328/19696981 [00:00<00:01, 11732582.04iteration/s]
 36%|███▌      | 7057552/19696981 [00:00<00:01, 11742007.59iteration/s]
 42%|████▏     | 8240568/19696981 [00:00<00:00, 11750987.76iteration/s]
 48%|████▊     | 9419240/19696981 [00:00<00:00, 11746950.53iteration/s]
 54%|█████▍    | 10599360/19696981 [00:00<00:00, 11756617.48iteration/s]
 60%|█████▉    | 11786720/19696981 [00:01<00:00, 11753681.44iteration/s]
 66%|██████▌   | 12966840/19696981 [00:01<00:00, 11748137.79iteration/s]
 72%|███████▏  | 14149856/19696981 [00:01<00:00, 11746738.12iteration/s]
 78%|███████▊  | 15335768/19696981 [00:01<00:00, 11749806.38iteration/s]
 84%|████████▍ | 16515888/19696981 [00:01<00:00, 11761103.66iteration/s]
 90%|████████▉ | 17704696/19696981 [00:01<00:00, 11756192.12iteration/s]
 96%|█████████▌| 18893504/19696981 [00:01<00:00, 11760408.58iteration/s]2026-05-26 19:41:13.532 | INFO     | utils.ConnectHandler_server:receive:80 - receive completed

100%|██████████| 19696981/19696981 [00:01<00:00, 11695395.29iteration/s]
2026-05-26 19:41:13.548 | INFO     | __main__:<module>:226 - 2026-05-26 19:41:13 RECV round=40 cid=0 train_duration=108.46355700492859 battery=141559.11J
2026-05-26 19:41:13.548 | INFO     | utils.ConnectHandler_server:send:28 - sending data (59 bytes) to client#0...
2026-05-26 19:41:13.548 | INFO     | utils.ConnectHandler_server:send:34 - sending data (59 bytes) to client#0 completely
2026-05-26 19:41:15.061 | INFO     | utils.ConnectHandler_server:receive:71 - 19696959bytes data to be received from client#1

  0%|          | 0/19696959 [00:00<?, ?iteration/s]
  6%|▌         | 1167088/19696959 [00:00<00:01, 11653415.04iteration/s]
 12%|█▏        | 2344312/19696959 [00:00<00:01, 11714967.18iteration/s]
 18%|█▊        | 3518640/19696959 [00:00<00:01, 11722789.98iteration/s]
 24%|██▍       | 4695864/19696959 [00:00<00:01, 11727885.34iteration/s]
 30%|██▉       | 5875984/19696959 [00:00<00:01, 11746225.46iteration/s]
 36%|███▌      | 7054656/19696959 [00:00<00:01, 11747872.42iteration/s]
 42%|████▏     | 8234776/19696959 [00:00<00:00, 11753766.76iteration/s]
 48%|████▊     | 9414896/19696959 [00:00<00:00, 11760067.82iteration/s]
 54%|█████▍    | 10596464/19696959 [00:00<00:00, 11756493.95iteration/s]
 60%|█████▉    | 11773688/19696959 [00:01<00:00, 11754355.76iteration/s]
 66%|██████▌   | 12950912/19696959 [00:01<00:00, 11756080.41iteration/s]
 72%|███████▏  | 14128136/19696959 [00:01<00:00, 11756837.22iteration/s]
 78%|███████▊  | 15306808/19696959 [00:01<00:00, 11745955.19iteration/s]
 84%|████████▎ | 16494168/19696959 [00:01<00:00, 11752515.87iteration/s]
 90%|████████▉ | 17671392/19696959 [00:01<00:00, 11753595.59iteration/s]
 96%|█████████▌| 18851512/19696959 [00:01<00:00, 11750959.40iteration/s]2026-05-26 19:41:16.739 | INFO     | utils.ConnectHandler_server:receive:80 - receive completed

100%|██████████| 19696959/19696959 [00:01<00:00, 11693033.33iteration/s]
2026-05-26 19:41:16.755 | INFO     | __main__:<module>:226 - 2026-05-26 19:41:16 RECV round=40 cid=1 train_duration=110.06272602081299 battery=141441.36J
2026-05-26 19:41:16.755 | INFO     | utils.ConnectHandler_server:send:28 - sending data (59 bytes) to client#1...
2026-05-26 19:41:16.755 | INFO     | utils.ConnectHandler_server:send:34 - sending data (59 bytes) to client#1 completely
2026-05-26 19:41:30.764 | INFO     | __main__:<module>:313 - 2026-05-26 19:41:30 ROUND=40 end avg_acc=18.9610 best_acc=18.9610 duration=129.71s comm_mb=75.138 selected=[0, 1] checkpoint=logs_real/dfl_real_server/checkpoints/dfl_seed1/checkpoint.pt
2026-05-26 19:41:30.764 | INFO     | __main__:<module>:179 - 2026-05-26 19:41:30 ROUND=41 start selected=[2, 3] active_clients=[0, 1, 2, 3, 4, 5, 6, 7, 8, 9] cursor=4
2026-05-26 19:41:30.815 | INFO     | utils.ConnectHandler_server:send:28 - sending data (19699820 bytes) to client#2...
2026-05-26 19:41:32.429 | INFO     | utils.ConnectHandler_server:send:34 - sending data (19699820 bytes) to client#2 completely
2026-05-26 19:41:32.429 | INFO     | __main__:<module>:207 - 2026-05-26 19:41:32 SEND round=41 cid=2 payload_mb=18.787 duration=1.633s
2026-05-26 19:41:32.446 | INFO     | utils.ConnectHandler_server:send:28 - sending data (19699825 bytes) to client#3...
2026-05-26 19:41:34.090 | INFO     | utils.ConnectHandler_server:send:34 - sending data (19699825 bytes) to client#3 completely
2026-05-26 19:41:34.090 | INFO     | __main__:<module>:207 - 2026-05-26 19:41:34 SEND round=41 cid=3 payload_mb=18.787 duration=1.652s
2026-05-26 19:42:58.283 | INFO     | utils.ConnectHandler_server:receive:71 - 19696973bytes data to be received from client#3

  0%|          | 0/19696973 [00:00<?, ?iteration/s]
  6%|▌         | 1161296/19696973 [00:00<00:01, 11593870.48iteration/s]
 12%|█▏        | 2322592/19696973 [00:00<00:01, 11489688.69iteration/s]
 18%|█▊        | 3499816/19696973 [00:00<00:01, 11611869.20iteration/s]
 24%|██▎       | 4671248/19696973 [00:00<00:01, 11644216.59iteration/s]
 30%|██▉       | 5848472/19696973 [00:00<00:01, 11687628.27iteration/s]
 36%|███▌      | 7022800/19696973 [00:00<00:01, 11705738.27iteration/s]
 42%|████▏     | 8202920/19696973 [00:00<00:00, 11723501.69iteration/s]
 48%|████▊     | 9381592/19696973 [00:00<00:00, 11733825.01iteration/s]
 54%|█████▎    | 10564608/19696973 [00:00<00:00, 11747057.71iteration/s]
 60%|█████▉    | 11747624/19696973 [00:01<00:00, 11747605.05iteration/s]
 66%|██████▌   | 12923400/19696973 [00:01<00:00, 11747647.49iteration/s]
 72%|███████▏  | 14109312/19696973 [00:01<00:00, 11759623.15iteration/s]
 78%|███████▊  | 15295224/19696973 [00:01<00:00, 11755748.39iteration/s]
 84%|████████▎ | 16473896/19696973 [00:01<00:00, 11754277.80iteration/s]
 90%|████████▉ | 17656912/19696973 [00:01<00:00, 11754715.73iteration/s]
 96%|█████████▌| 18835584/19696973 [00:01<00:00, 11757952.69iteration/s]2026-05-26 19:42:59.964 | INFO     | utils.ConnectHandler_server:receive:80 - receive completed

100%|██████████| 19696973/19696973 [00:01<00:00, 11672295.14iteration/s]
2026-05-26 19:42:59.979 | INFO     | __main__:<module>:226 - 2026-05-26 19:42:59 RECV round=41 cid=3 train_duration=83.50028491020203 battery=143498.95J
2026-05-26 19:42:59.980 | INFO     | utils.ConnectHandler_server:send:28 - sending data (59 bytes) to client#3...
2026-05-26 19:42:59.980 | INFO     | utils.ConnectHandler_server:send:34 - sending data (59 bytes) to client#3 completely
2026-05-26 19:43:01.172 | INFO     | utils.ConnectHandler_server:receive:71 - 19697059bytes data to be received from client#2

  0%|          | 0/19697059 [00:00<?, ?iteration/s]
  6%|▌         | 1177224/19697059 [00:00<00:01, 11759326.43iteration/s]
 12%|█▏        | 2355896/19697059 [00:00<00:01, 11752917.49iteration/s]
 18%|█▊        | 3533120/19697059 [00:00<00:01, 11757515.74iteration/s]
 24%|██▍       | 4710344/19697059 [00:00<00:01, 11750929.75iteration/s]
 30%|██▉       | 5890464/19697059 [00:00<00:01, 11756530.78iteration/s]
 36%|███▌      | 7070584/19697059 [00:00<00:01, 11761864.70iteration/s]
 42%|████▏     | 8250704/19697059 [00:00<00:00, 11749216.29iteration/s]
 48%|████▊     | 9430824/19697059 [00:00<00:00, 11755625.22iteration/s]
 54%|█████▍    | 10612392/19697059 [00:00<00:00, 11760856.06iteration/s]
 60%|█████▉    | 11795408/19697059 [00:01<00:00, 11753344.34iteration/s]
 66%|██████▌   | 12981320/19697059 [00:01<00:00, 11756627.91iteration/s]
 72%|███████▏  | 14161440/19697059 [00:01<00:00, 11759339.21iteration/s]
 78%|███████▊  | 15345904/19697059 [00:01<00:00, 11759887.30iteration/s]
 84%|████████▍ | 16534712/19697059 [00:01<00:00, 11761834.45iteration/s]
 90%|████████▉ | 17717728/19697059 [00:01<00:00, 11760851.35iteration/s]
 96%|█████████▌| 18900744/19697059 [00:01<00:00, 11758790.32iteration/s]2026-05-26 19:43:02.849 | INFO     | utils.ConnectHandler_server:receive:80 - receive completed

100%|██████████| 19697059/19697059 [00:01<00:00, 11702959.83iteration/s]
2026-05-26 19:43:02.864 | INFO     | __main__:<module>:226 - 2026-05-26 19:43:02 RECV round=41 cid=2 train_duration=87.96536445617676 battery=143180.80J
2026-05-26 19:43:02.864 | INFO     | utils.ConnectHandler_server:send:28 - sending data (59 bytes) to client#2...
2026-05-26 19:43:02.864 | INFO     | utils.ConnectHandler_server:send:34 - sending data (59 bytes) to client#2 completely
2026-05-26 19:43:16.765 | INFO     | __main__:<module>:313 - 2026-05-26 19:43:16 ROUND=41 end avg_acc=19.2580 best_acc=19.2580 duration=105.75s comm_mb=75.138 selected=[2, 3] checkpoint=logs_real/dfl_real_server/checkpoints/dfl_seed1/checkpoint.pt
2026-05-26 19:43:16.765 | INFO     | __main__:<module>:179 - 2026-05-26 19:43:16 ROUND=42 start selected=[4, 5] active_clients=[0, 1, 2, 3, 4, 5, 6, 7, 8, 9] cursor=6
2026-05-26 19:43:16.784 | INFO     | utils.ConnectHandler_server:send:28 - sending data (19699825 bytes) to client#4...
2026-05-26 19:43:18.407 | INFO     | utils.ConnectHandler_server:send:34 - sending data (19699825 bytes) to client#4 completely
2026-05-26 19:43:18.407 | INFO     | __main__:<module>:207 - 2026-05-26 19:43:18 SEND round=42 cid=4 payload_mb=18.787 duration=1.633s
2026-05-26 19:43:18.425 | INFO     | utils.ConnectHandler_server:send:28 - sending data (19699820 bytes) to client#5...
2026-05-26 19:43:20.054 | INFO     | utils.ConnectHandler_server:send:34 - sending data (19699820 bytes) to client#5 completely
2026-05-26 19:43:20.054 | INFO     | __main__:<module>:207 - 2026-05-26 19:43:20 SEND round=42 cid=5 payload_mb=18.787 duration=1.638s
2026-05-26 19:44:45.561 | INFO     | utils.ConnectHandler_server:receive:71 - 19696955bytes data to be received from client#4

  0%|          | 0/19696955 [00:00<?, ?iteration/s]
  6%|▌         | 1169984/19696955 [00:00<00:01, 11675271.93iteration/s]
 12%|█▏        | 2341416/19696955 [00:00<00:01, 11690758.02iteration/s]
 18%|█▊        | 3512848/19696955 [00:00<00:01, 11685598.59iteration/s]
 24%|██▍       | 4690072/19696955 [00:00<00:01, 11713156.68iteration/s]
 30%|██▉       | 5861504/19696955 [00:00<00:01, 11700829.12iteration/s]
 36%|███▌      | 7043072/19696955 [00:00<00:01, 11725511.39iteration/s]
 42%|████▏     | 8223192/19696955 [00:00<00:00, 11734164.56iteration/s]
 48%|████▊     | 9406208/19696955 [00:00<00:00, 11747072.99iteration/s]
 54%|█████▍    | 10587776/19696955 [00:00<00:00, 11746419.39iteration/s]
 60%|█████▉    | 11773688/19696955 [00:01<00:00, 11750740.52iteration/s]
 66%|██████▌   | 12956704/19696955 [00:01<00:00, 11760919.29iteration/s]
 72%|███████▏  | 14139720/19696955 [00:01<00:00, 11762096.55iteration/s]
 78%|███████▊  | 15327080/19696955 [00:01<00:00, 11755749.28iteration/s]
 84%|████████▍ | 16504304/19696955 [00:01<00:00, 11755023.20iteration/s]
 90%|████████▉ | 17685872/19696955 [00:01<00:00, 11755272.71iteration/s]
 96%|█████████▌| 18874680/19696955 [00:01<00:00, 11755113.48iteration/s]2026-05-26 19:44:47.241 | INFO     | utils.ConnectHandler_server:receive:80 - receive completed

100%|██████████| 19696955/19696955 [00:01<00:00, 11687904.39iteration/s]
2026-05-26 19:44:47.256 | INFO     | __main__:<module>:226 - 2026-05-26 19:44:47 RECV round=42 cid=4 train_duration=86.35337519645691 battery=143333.67J
2026-05-26 19:44:47.256 | INFO     | utils.ConnectHandler_server:send:28 - sending data (59 bytes) to client#4...
2026-05-26 19:44:47.256 | INFO     | utils.ConnectHandler_server:send:34 - sending data (59 bytes) to client#4 completely
2026-05-26 19:45:27.852 | INFO     | utils.ConnectHandler_server:receive:71 - 19696967bytes data to be received from client#5

  0%|          | 0/19696967 [00:00<?, ?iteration/s]
  6%|▌         | 1175776/19696967 [00:00<00:01, 11749591.35iteration/s]
 12%|█▏        | 2353000/19696967 [00:00<00:01, 11754281.23iteration/s]
 18%|█▊        | 3530224/19696967 [00:00<00:01, 11759449.73iteration/s]
 24%|██▍       | 4708896/19696967 [00:00<00:01, 11745495.97iteration/s]
 30%|██▉       | 5889016/19696967 [00:00<00:01, 11759548.32iteration/s]
 36%|███▌      | 7069136/19696967 [00:00<00:01, 11755024.48iteration/s]
 42%|████▏     | 8247808/19696967 [00:00<00:00, 11760255.45iteration/s]
 48%|████▊     | 9427928/19696967 [00:00<00:00, 11756248.47iteration/s]
 54%|█████▍    | 10608048/19696967 [00:00<00:00, 11764298.40iteration/s]
 60%|█████▉    | 11785272/19696967 [00:01<00:00, 11755952.79iteration/s]
 66%|██████▌   | 12966840/19696967 [00:01<00:00, 11755160.87iteration/s]
 72%|███████▏  | 14149856/19696967 [00:01<00:00, 11758212.54iteration/s]
 78%|███████▊  | 15335768/19696967 [00:01<00:00, 11761269.94iteration/s]
 84%|████████▍ | 16512992/19696967 [00:01<00:00, 11764355.30iteration/s]
 90%|████████▉ | 17690216/19696967 [00:01<00:00, 11761341.94iteration/s]
 96%|█████████▌| 18879024/19696967 [00:01<00:00, 11763358.08iteration/s]2026-05-26 19:45:29.529 | INFO     | utils.ConnectHandler_server:receive:80 - receive completed

100%|██████████| 19696967/19696967 [00:01<00:00, 11706998.02iteration/s]
2026-05-26 19:45:29.544 | INFO     | __main__:<module>:226 - 2026-05-26 19:45:29 RECV round=42 cid=5 train_duration=127.08263659477234 battery=139581.34J
2026-05-26 19:45:29.544 | INFO     | utils.ConnectHandler_server:send:28 - sending data (59 bytes) to client#5...
2026-05-26 19:45:29.544 | INFO     | utils.ConnectHandler_server:send:34 - sending data (59 bytes) to client#5 completely
2026-05-26 19:45:43.547 | INFO     | __main__:<module>:313 - 2026-05-26 19:45:43 ROUND=42 end avg_acc=19.5540 best_acc=19.5540 duration=146.43s comm_mb=75.138 selected=[4, 5] checkpoint=logs_real/dfl_real_server/checkpoints/dfl_seed1/checkpoint.pt
2026-05-26 19:45:43.548 | INFO     | __main__:<module>:179 - 2026-05-26 19:45:43 ROUND=43 start selected=[6, 7] active_clients=[0, 1, 2, 3, 4, 5, 6, 7, 8, 9] cursor=8
2026-05-26 19:45:43.590 | INFO     | utils.ConnectHandler_server:send:28 - sending data (19699820 bytes) to client#6...
2026-05-26 19:45:45.170 | INFO     | utils.ConnectHandler_server:send:34 - sending data (19699820 bytes) to client#6 completely
2026-05-26 19:45:45.171 | INFO     | __main__:<module>:207 - 2026-05-26 19:45:45 SEND round=43 cid=6 payload_mb=18.787 duration=1.595s
2026-05-26 19:45:45.188 | INFO     | utils.ConnectHandler_server:send:28 - sending data (19729791 bytes) to client#7...
2026-05-26 19:45:46.925 | INFO     | utils.ConnectHandler_server:send:34 - sending data (19729791 bytes) to client#7 completely
2026-05-26 19:45:46.925 | INFO     | __main__:<module>:207 - 2026-05-26 19:45:46 SEND round=43 cid=7 payload_mb=18.816 duration=1.746s
2026-05-26 19:47:29.204 | INFO     | utils.ConnectHandler_server:receive:71 - 19696967bytes data to be received from client#6

  0%|          | 0/19696967 [00:00<?, ?iteration/s]
  6%|▌         | 1178672/19696967 [00:00<00:01, 11759815.13iteration/s]
 12%|█▏        | 2355896/19696967 [00:00<00:01, 11758227.12iteration/s]
 18%|█▊        | 3534568/19696967 [00:00<00:01, 11758620.29iteration/s]
 24%|██▍       | 4713240/19696967 [00:00<00:01, 11752821.91iteration/s]
 30%|██▉       | 5889016/19696967 [00:00<00:01, 11727687.41iteration/s]
 36%|███▌      | 7070584/19696967 [00:00<00:01, 11746760.34iteration/s]
 42%|████▏     | 8250704/19696967 [00:00<00:00, 11750466.42iteration/s]
 48%|████▊     | 9427928/19696967 [00:00<00:00, 11747804.87iteration/s]
 54%|█████▍    | 10608048/19696967 [00:00<00:00, 11748727.59iteration/s]
 60%|█████▉    | 11789616/19696967 [00:01<00:00, 11751308.10iteration/s]
 66%|██████▌   | 12969736/19696967 [00:01<00:00, 11760625.21iteration/s]
 72%|███████▏  | 14148408/19696967 [00:01<00:00, 11759953.75iteration/s]
 78%|███████▊  | 15331424/19696967 [00:01<00:00, 11757926.74iteration/s]
 84%|████████▍ | 16515888/19696967 [00:01<00:00, 11756306.48iteration/s]
 90%|████████▉ | 17704696/19696967 [00:01<00:00, 11756438.13iteration/s]
 96%|█████████▌| 18886264/19696967 [00:01<00:00, 11764776.42iteration/s]2026-05-26 19:47:30.883 | INFO     | utils.ConnectHandler_server:receive:80 - receive completed

100%|██████████| 19696967/19696967 [00:01<00:00, 11692453.89iteration/s]
2026-05-26 19:47:30.898 | INFO     | __main__:<module>:226 - 2026-05-26 19:47:30 RECV round=43 cid=6 train_duration=103.20743322372437 battery=142112.29J
2026-05-26 19:47:30.898 | INFO     | utils.ConnectHandler_server:send:28 - sending data (59 bytes) to client#6...
2026-05-26 19:47:30.898 | INFO     | utils.ConnectHandler_server:send:34 - sending data (59 bytes) to client#6 completely
2026-05-26 19:47:42.200 | INFO     | utils.ConnectHandler_server:receive:71 - 19697437bytes data to be received from client#7

  0%|          | 0/19697437 [00:00<?, ?iteration/s]
  6%|▌         | 1172880/19697437 [00:00<00:01, 11709046.26iteration/s]
 12%|█▏        | 2344312/19697437 [00:00<00:01, 11688612.70iteration/s]
 18%|█▊        | 3515744/19697437 [00:00<00:01, 11687938.36iteration/s]
 24%|██▍       | 4691520/19697437 [00:00<00:01, 11702718.30iteration/s]
 30%|██▉       | 5865848/19697437 [00:00<00:01, 11697214.76iteration/s]
 36%|███▌      | 7041624/19697437 [00:00<00:01, 11707919.10iteration/s]
 42%|████▏     | 8214504/19697437 [00:00<00:00, 11710071.52iteration/s]
 48%|████▊     | 9394624/19697437 [00:00<00:00, 11725931.62iteration/s]
 54%|█████▎    | 10573296/19697437 [00:00<00:00, 11738483.70iteration/s]
 60%|█████▉    | 11751968/19697437 [00:01<00:00, 11741412.83iteration/s]
 66%|██████▌   | 12933536/19697437 [00:01<00:00, 11744361.45iteration/s]
 72%|███████▏  | 14110760/19697437 [00:01<00:00, 11752450.62iteration/s]
 78%|███████▊  | 15295224/19697437 [00:01<00:00, 11747740.00iteration/s]
 84%|████████▎ | 16484032/19697437 [00:01<00:00, 11755812.25iteration/s]
 90%|████████▉ | 17664152/19697437 [00:01<00:00, 11749956.31iteration/s]
 96%|█████████▌| 18839928/19697437 [00:01<00:00, 11743570.23iteration/s]2026-05-26 19:47:43.881 | INFO     | utils.ConnectHandler_server:receive:80 - receive completed

100%|██████████| 19697437/19697437 [00:01<00:00, 11678028.08iteration/s]
2026-05-26 19:47:43.896 | INFO     | __main__:<module>:226 - 2026-05-26 19:47:43 RECV round=43 cid=7 train_duration=114.91268253326416 battery=132697.00J
2026-05-26 19:47:43.896 | INFO     | utils.ConnectHandler_server:send:28 - sending data (59 bytes) to client#7...
2026-05-26 19:47:43.896 | INFO     | utils.ConnectHandler_server:send:34 - sending data (59 bytes) to client#7 completely
2026-05-26 19:47:58.095 | INFO     | __main__:<module>:313 - 2026-05-26 19:47:57 ROUND=43 end avg_acc=19.9900 best_acc=19.9900 duration=134.30s comm_mb=75.167 selected=[6, 7] checkpoint=logs_real/dfl_real_server/checkpoints/dfl_seed1/checkpoint.pt
2026-05-26 19:47:58.096 | INFO     | __main__:<module>:179 - 2026-05-26 19:47:58 ROUND=44 start selected=[8, 9] active_clients=[0, 1, 2, 3, 4, 5, 6, 7, 8, 9] cursor=0
2026-05-26 19:47:58.113 | INFO     | utils.ConnectHandler_server:send:28 - sending data (19735888 bytes) to client#8...
2026-05-26 19:47:59.697 | INFO     | utils.ConnectHandler_server:send:34 - sending data (19735888 bytes) to client#8 completely
2026-05-26 19:47:59.697 | INFO     | __main__:<module>:207 - 2026-05-26 19:47:59 SEND round=44 cid=8 payload_mb=18.822 duration=1.593s
2026-05-26 19:47:59.714 | INFO     | utils.ConnectHandler_server:send:28 - sending data (19723703 bytes) to client#9...
2026-05-26 19:48:01.413 | INFO     | utils.ConnectHandler_server:send:34 - sending data (19723703 bytes) to client#9 completely
2026-05-26 19:48:01.414 | INFO     | __main__:<module>:207 - 2026-05-26 19:48:01 SEND round=44 cid=9 payload_mb=18.810 duration=1.708s
2026-05-26 19:49:56.173 | INFO     | utils.ConnectHandler_server:receive:71 - 19694062bytes data to be received from client#9

  0%|          | 0/19694062 [00:00<?, ?iteration/s]
  6%|▌         | 1159480/19694062 [00:00<00:01, 11591549.96iteration/s]
 12%|█▏        | 2335928/19694062 [00:00<00:01, 11682865.19iteration/s]
 18%|█▊        | 3510962/19694062 [00:00<00:01, 11705576.17iteration/s]
 24%|██▍       | 4687410/19694062 [00:00<00:01, 11721133.84iteration/s]
 30%|██▉       | 5862444/19694062 [00:00<00:01, 11723221.67iteration/s]
 36%|███▌      | 7041720/19694062 [00:00<00:01, 11735990.52iteration/s]
 42%|████▏     | 8218168/19694062 [00:00<00:00, 11735384.27iteration/s]
 48%|████▊     | 9396030/19694062 [00:00<00:00, 11735043.80iteration/s]
 54%|█████▎    | 10572478/19694062 [00:00<00:00, 11743201.60iteration/s]
 60%|█████▉    | 11747512/19694062 [00:01<00:00, 11737157.94iteration/s]
 66%|██████▌   | 12926788/19694062 [00:01<00:00, 11741629.05iteration/s]
 72%|███████▏  | 14110306/19694062 [00:01<00:00, 11744794.93iteration/s]
 78%|███████▊  | 15292410/19694062 [00:01<00:00, 11742298.50iteration/s]
 84%|████████▎ | 16474514/19694062 [00:01<00:00, 11747355.45iteration/s]
 90%|████████▉ | 17660860/19694062 [00:01<00:00, 11738737.30iteration/s]
 96%|█████████▌| 18842964/19694062 [00:01<00:00, 11741900.83iteration/s]2026-05-26 19:49:57.853 | INFO     | utils.ConnectHandler_server:receive:80 - receive completed

100%|██████████| 19694062/19694062 [00:01<00:00, 11677631.57iteration/s]
2026-05-26 19:49:57.869 | INFO     | __main__:<module>:226 - 2026-05-26 19:49:57 RECV round=44 cid=9 train_duration=114.31551718711853 battery=132932.86J
2026-05-26 19:49:57.870 | INFO     | utils.ConnectHandler_server:send:28 - sending data (59 bytes) to client#9...
2026-05-26 19:49:57.870 | INFO     | utils.ConnectHandler_server:send:34 - sending data (59 bytes) to client#9 completely
2026-05-26 19:51:43.797 | INFO     | utils.ConnectHandler_server:receive:71 - 19697437bytes data to be received from client#8

  0%|          | 0/19697437 [00:00<?, ?iteration/s]
  6%|▌         | 1159848/19697437 [00:00<00:01, 11577237.28iteration/s]
 12%|█▏        | 2329832/19697437 [00:00<00:01, 11646142.35iteration/s]
 18%|█▊        | 3499816/19697437 [00:00<00:01, 11664396.27iteration/s]
 24%|██▎       | 4669800/19697437 [00:00<00:01, 11672191.93iteration/s]
 30%|██▉       | 5842680/19697437 [00:00<00:01, 11677395.12iteration/s]
 36%|███▌      | 7021352/19697437 [00:00<00:01, 11702676.90iteration/s]
 42%|████▏     | 8195680/19697437 [00:00<00:00, 11699363.33iteration/s]
 48%|████▊     | 9374352/19697437 [00:00<00:00, 11715255.78iteration/s]
 54%|█████▎    | 10553024/19697437 [00:00<00:00, 11728611.62iteration/s]
 60%|█████▉    | 11731696/19697437 [00:01<00:00, 11734855.51iteration/s]
 66%|██████▌   | 12913264/19697437 [00:01<00:00, 11745662.91iteration/s]
 72%|███████▏  | 14094832/19697437 [00:01<00:00, 11747730.66iteration/s]
 78%|███████▊  | 15276400/19697437 [00:01<00:00, 11741132.16iteration/s]
 84%|████████▎ | 16455072/19697437 [00:01<00:00, 11748710.79iteration/s]
 90%|████████▉ | 17632296/19697437 [00:01<00:00, 11744668.09iteration/s]
 96%|█████████▌| 18813864/19697437 [00:01<00:00, 11739521.64iteration/s]2026-05-26 19:51:45.479 | INFO     | utils.ConnectHandler_server:receive:80 - receive completed

100%|██████████| 19697437/19697437 [00:01<00:00, 11666571.88iteration/s]
2026-05-26 19:51:45.497 | INFO     | __main__:<module>:226 - 2026-05-26 19:51:45 RECV round=44 cid=8 train_duration=223.33470368385315 battery=118764.93J
2026-05-26 19:51:45.497 | INFO     | utils.ConnectHandler_server:send:28 - sending data (59 bytes) to client#8...
2026-05-26 19:51:45.497 | INFO     | utils.ConnectHandler_server:send:34 - sending data (59 bytes) to client#8 completely
2026-05-26 19:51:59.351 | INFO     | __main__:<module>:313 - 2026-05-26 19:51:59 ROUND=44 end avg_acc=20.6190 best_acc=20.6190 duration=241.01s comm_mb=75.195 selected=[8, 9] checkpoint=logs_real/dfl_real_server/checkpoints/dfl_seed1/checkpoint.pt
2026-05-26 19:51:59.351 | INFO     | __main__:<module>:179 - 2026-05-26 19:51:59 ROUND=45 start selected=[0, 1] active_clients=[0, 1, 2, 3, 4, 5, 6, 7, 8, 9] cursor=2
2026-05-26 19:51:59.370 | INFO     | utils.ConnectHandler_server:send:28 - sending data (19699823 bytes) to client#0...
2026-05-26 19:52:00.960 | INFO     | utils.ConnectHandler_server:send:34 - sending data (19699823 bytes) to client#0 completely
2026-05-26 19:52:00.960 | INFO     | __main__:<module>:207 - 2026-05-26 19:52:00 SEND round=45 cid=0 payload_mb=18.787 duration=1.601s
2026-05-26 19:52:00.977 | INFO     | utils.ConnectHandler_server:send:28 - sending data (19699819 bytes) to client#1...
2026-05-26 19:52:02.668 | INFO     | utils.ConnectHandler_server:send:34 - sending data (19699819 bytes) to client#1 completely
2026-05-26 19:52:02.668 | INFO     | __main__:<module>:207 - 2026-05-26 19:52:02 SEND round=45 cid=1 payload_mb=18.787 duration=1.700s
2026-05-26 19:53:50.527 | INFO     | utils.ConnectHandler_server:receive:71 - 19696953bytes data to be received from client#0

  0%|          | 0/19696953 [00:00<?, ?iteration/s]
  6%|▌         | 1172880/19696953 [00:00<00:01, 11712503.10iteration/s]
 12%|█▏        | 2348656/19696953 [00:00<00:01, 11736286.69iteration/s]
 18%|█▊        | 3525880/19696953 [00:00<00:01, 11750438.34iteration/s]
 24%|██▍       | 4701656/19696953 [00:00<00:01, 11739756.87iteration/s]
 30%|██▉       | 5878880/19696953 [00:00<00:01, 11751049.22iteration/s]
 36%|███▌      | 7057552/19696953 [00:00<00:01, 11756649.14iteration/s]
 42%|████▏     | 8234776/19696953 [00:00<00:00, 11759144.73iteration/s]
 48%|████▊     | 9419240/19696953 [00:00<00:00, 11760175.99iteration/s]
 54%|█████▍    | 10597912/19696953 [00:00<00:00, 11759521.30iteration/s]
 60%|█████▉    | 11780928/19696953 [00:01<00:00, 11754564.24iteration/s]
 66%|██████▌   | 12959600/19696953 [00:01<00:00, 11756844.44iteration/s]
 72%|███████▏  | 14139720/19696953 [00:01<00:00, 11757080.67iteration/s]
 78%|███████▊  | 15319840/19696953 [00:01<00:00, 11765863.91iteration/s]
 84%|████████▍ | 16507200/19696953 [00:01<00:00, 11753943.62iteration/s]
 90%|████████▉ | 17696008/19696953 [00:01<00:00, 11761326.06iteration/s]
 96%|█████████▌| 18873232/19696953 [00:01<00:00, 11759954.12iteration/s]2026-05-26 19:53:52.204 | INFO     | utils.ConnectHandler_server:receive:80 - receive completed

100%|██████████| 19696953/19696953 [00:01<00:00, 11700878.02iteration/s]
2026-05-26 19:53:52.219 | INFO     | __main__:<module>:226 - 2026-05-26 19:53:52 RECV round=45 cid=0 train_duration=108.4876024723053 battery=140633.66J
2026-05-26 19:53:52.220 | INFO     | utils.ConnectHandler_server:send:28 - sending data (59 bytes) to client#0...
2026-05-26 19:53:52.220 | INFO     | utils.ConnectHandler_server:send:34 - sending data (59 bytes) to client#0 completely
2026-05-26 19:53:53.602 | INFO     | utils.ConnectHandler_server:receive:71 - 19696989bytes data to be received from client#1

  0%|          | 0/19696989 [00:00<?, ?iteration/s]
  6%|▌         | 1169984/19696989 [00:00<00:01, 11690430.36iteration/s]
 12%|█▏        | 2347208/19696989 [00:00<00:01, 11732458.23iteration/s]
 18%|█▊        | 3524432/19696989 [00:00<00:01, 11744115.35iteration/s]
 24%|██▍       | 4701656/19696989 [00:00<00:01, 11745040.83iteration/s]
 30%|██▉       | 5881776/19696989 [00:00<00:01, 11751902.31iteration/s]
 36%|███▌      | 7061896/19696989 [00:00<00:01, 11750799.07iteration/s]
 42%|████▏     | 8239120/19696989 [00:00<00:00, 11755210.67iteration/s]
 48%|████▊     | 9416344/19696989 [00:00<00:00, 11756635.77iteration/s]
 54%|█████▍    | 10597912/19696989 [00:00<00:00, 11764442.77iteration/s]
 60%|█████▉    | 11778032/19696989 [00:01<00:00, 11763258.47iteration/s]
 66%|██████▌   | 12955256/19696989 [00:01<00:00, 11754832.26iteration/s]
 72%|███████▏  | 14136824/19696989 [00:01<00:00, 11759673.20iteration/s]
 78%|███████▊  | 15322736/19696989 [00:01<00:00, 11761105.05iteration/s]
 84%|████████▍ | 16505752/19696989 [00:01<00:00, 11761046.66iteration/s]
 90%|████████▉ | 17684424/19696989 [00:01<00:00, 11758782.62iteration/s]
 96%|█████████▌| 18864544/19696989 [00:01<00:00, 11761097.62iteration/s]2026-05-26 19:53:55.279 | INFO     | utils.ConnectHandler_server:receive:80 - receive completed

100%|██████████| 19696989/19696989 [00:01<00:00, 11697605.79iteration/s]
2026-05-26 19:53:55.295 | INFO     | __main__:<module>:226 - 2026-05-26 19:53:55 RECV round=45 cid=1 train_duration=109.97548317909241 battery=140503.21J
2026-05-26 19:53:55.295 | INFO     | utils.ConnectHandler_server:send:28 - sending data (59 bytes) to client#1...
2026-05-26 19:53:55.295 | INFO     | utils.ConnectHandler_server:send:34 - sending data (59 bytes) to client#1 completely
2026-05-26 19:54:09.476 | INFO     | __main__:<module>:313 - 2026-05-26 19:54:09 ROUND=45 end avg_acc=20.9830 best_acc=20.9830 duration=129.88s comm_mb=75.138 selected=[0, 1] checkpoint=logs_real/dfl_real_server/checkpoints/dfl_seed1/checkpoint.pt
2026-05-26 19:54:09.476 | INFO     | __main__:<module>:179 - 2026-05-26 19:54:09 ROUND=46 start selected=[2, 3] active_clients=[0, 1, 2, 3, 4, 5, 6, 7, 8, 9] cursor=4
2026-05-26 19:54:09.494 | INFO     | utils.ConnectHandler_server:send:28 - sending data (19699820 bytes) to client#2...
2026-05-26 19:54:11.136 | INFO     | utils.ConnectHandler_server:send:34 - sending data (19699820 bytes) to client#2 completely
2026-05-26 19:54:11.136 | INFO     | __main__:<module>:207 - 2026-05-26 19:54:11 SEND round=46 cid=2 payload_mb=18.787 duration=1.651s
2026-05-26 19:54:11.155 | INFO     | utils.ConnectHandler_server:send:28 - sending data (19699825 bytes) to client#3...
2026-05-26 19:54:12.759 | INFO     | utils.ConnectHandler_server:send:34 - sending data (19699825 bytes) to client#3 completely
2026-05-26 19:54:12.759 | INFO     | __main__:<module>:207 - 2026-05-26 19:54:12 SEND round=46 cid=3 payload_mb=18.787 duration=1.613s
2026-05-26 19:55:37.094 | INFO     | utils.ConnectHandler_server:receive:71 - 19696953bytes data to be received from client#3

  0%|          | 0/19696953 [00:00<?, ?iteration/s]
  6%|▌         | 1174328/19696953 [00:00<00:01, 11736072.10iteration/s]
 12%|█▏        | 2351552/19696953 [00:00<00:01, 11752108.63iteration/s]
 18%|█▊        | 3528776/19696953 [00:00<00:01, 11754535.73iteration/s]
 24%|██▍       | 4707448/19696953 [00:00<00:01, 11749344.51iteration/s]
 30%|██▉       | 5887568/19696953 [00:00<00:01, 11752775.50iteration/s]
 36%|███▌      | 7067688/19696953 [00:00<00:01, 11741196.15iteration/s]
 42%|████▏     | 8249256/19696953 [00:00<00:00, 11748269.43iteration/s]
 48%|████▊     | 9429376/19696953 [00:00<00:00, 11754835.26iteration/s]
 54%|█████▍    | 10608048/19696953 [00:00<00:00, 11751746.06iteration/s]
 60%|█████▉    | 11789616/19696953 [00:01<00:00, 11758039.39iteration/s]
 66%|██████▌   | 12971184/19696953 [00:01<00:00, 11747645.58iteration/s]
 72%|███████▏  | 14148408/19696953 [00:01<00:00, 11752777.53iteration/s]
 78%|███████▊  | 15331424/19696953 [00:01<00:00, 11748511.82iteration/s]
 84%|████████▍ | 16511544/19696953 [00:01<00:00, 11756671.81iteration/s]
 90%|████████▉ | 17697456/19696953 [00:01<00:00, 11752130.30iteration/s]
 96%|█████████▌| 18890608/19696953 [00:01<00:00, 11736180.33iteration/s]2026-05-26 19:55:38.771 | INFO     | utils.ConnectHandler_server:receive:80 - receive completed

100%|██████████| 19696953/19696953 [00:01<00:00, 11701116.67iteration/s]
2026-05-26 19:55:38.787 | INFO     | __main__:<module>:226 - 2026-05-26 19:55:38 RECV round=46 cid=3 train_duration=83.6231427192688 battery=142785.60J
2026-05-26 19:55:38.787 | INFO     | utils.ConnectHandler_server:send:28 - sending data (59 bytes) to client#3...
2026-05-26 19:55:38.787 | INFO     | utils.ConnectHandler_server:send:34 - sending data (59 bytes) to client#3 completely
2026-05-26 19:55:39.955 | INFO     | utils.ConnectHandler_server:receive:71 - 19697059bytes data to be received from client#2

  0%|          | 0/19697059 [00:00<?, ?iteration/s]
  6%|▌         | 1175776/19697059 [00:00<00:01, 11729302.98iteration/s]
 12%|█▏        | 2351552/19697059 [00:00<00:01, 11628548.27iteration/s]
 18%|█▊        | 3528776/19697059 [00:00<00:01, 11685818.10iteration/s]
 24%|██▍       | 4698760/19697059 [00:00<00:01, 11686865.82iteration/s]
 30%|██▉       | 5877432/19697059 [00:00<00:01, 11712643.98iteration/s]
 36%|███▌      | 7056104/19697059 [00:00<00:01, 11733597.25iteration/s]
 42%|████▏     | 8230432/19697059 [00:00<00:00, 11735336.20iteration/s]
 48%|████▊     | 9410552/19697059 [00:00<00:00, 11752867.06iteration/s]
 54%|█████▍    | 10590672/19697059 [00:00<00:00, 11748187.51iteration/s]
 60%|█████▉    | 11767896/19697059 [00:01<00:00, 11742395.41iteration/s]
 66%|██████▌   | 12950912/19697059 [00:01<00:00, 11750387.87iteration/s]
 72%|███████▏  | 14138272/19697059 [00:01<00:00, 11753765.16iteration/s]
 78%|███████▊  | 15318392/19697059 [00:01<00:00, 11742804.29iteration/s]
 84%|████████▎ | 16495616/19697059 [00:01<00:00, 11751459.35iteration/s]
 90%|████████▉ | 17680080/19697059 [00:01<00:00, 11744190.42iteration/s]
 96%|█████████▌| 18863096/19697059 [00:01<00:00, 11750246.08iteration/s]2026-05-26 19:55:41.636 | INFO     | utils.ConnectHandler_server:receive:80 - receive completed

100%|██████████| 19697059/19697059 [00:01<00:00, 11677102.48iteration/s]
2026-05-26 19:55:41.652 | INFO     | __main__:<module>:226 - 2026-05-26 19:55:41 RECV round=46 cid=2 train_duration=88.08913516998291 battery=142429.35J
2026-05-26 19:55:41.652 | INFO     | utils.ConnectHandler_server:send:28 - sending data (59 bytes) to client#2...
2026-05-26 19:55:41.652 | INFO     | utils.ConnectHandler_server:send:34 - sending data (59 bytes) to client#2 completely
2026-05-26 19:55:55.816 | INFO     | __main__:<module>:313 - 2026-05-26 19:55:55 ROUND=46 end avg_acc=21.6120 best_acc=21.6120 duration=106.10s comm_mb=75.138 selected=[2, 3] checkpoint=logs_real/dfl_real_server/checkpoints/dfl_seed1/checkpoint.pt
2026-05-26 19:55:55.817 | INFO     | __main__:<module>:179 - 2026-05-26 19:55:55 ROUND=47 start selected=[4, 5] active_clients=[0, 1, 2, 3, 4, 5, 6, 7, 8, 9] cursor=6
2026-05-26 19:55:55.838 | INFO     | utils.ConnectHandler_server:send:28 - sending data (19699825 bytes) to client#4...
2026-05-26 19:55:57.461 | INFO     | utils.ConnectHandler_server:send:34 - sending data (19699825 bytes) to client#4 completely
2026-05-26 19:55:57.461 | INFO     | __main__:<module>:207 - 2026-05-26 19:55:57 SEND round=47 cid=4 payload_mb=18.787 duration=1.632s
2026-05-26 19:55:57.479 | INFO     | utils.ConnectHandler_server:send:28 - sending data (19699820 bytes) to client#5...
2026-05-26 19:55:59.105 | INFO     | utils.ConnectHandler_server:send:34 - sending data (19699820 bytes) to client#5 completely
2026-05-26 19:55:59.105 | INFO     | __main__:<module>:207 - 2026-05-26 19:55:59 SEND round=47 cid=5 payload_mb=18.787 duration=1.636s
2026-05-26 19:57:24.325 | INFO     | utils.ConnectHandler_server:receive:71 - 19696969bytes data to be received from client#4

  0%|          | 0/19696969 [00:00<?, ?iteration/s]
  6%|▌         | 1142472/19696969 [00:00<00:01, 11394602.83iteration/s]
 12%|█▏        | 2315352/19696969 [00:00<00:01, 11590267.74iteration/s]
 18%|█▊        | 3492576/19696969 [00:00<00:01, 11665621.90iteration/s]
 24%|██▎       | 4666904/19696969 [00:00<00:01, 11695194.09iteration/s]
 30%|██▉       | 5845576/19696969 [00:00<00:01, 11722473.41iteration/s]
 36%|███▌      | 7025696/19696969 [00:00<00:01, 11735261.07iteration/s]
 42%|████▏     | 8205816/19696969 [00:00<00:00, 11743118.70iteration/s]
 48%|████▊     | 9385936/19696969 [00:00<00:00, 11743011.17iteration/s]
 54%|█████▎    | 10568952/19696969 [00:00<00:00, 11751670.56iteration/s]
 60%|█████▉    | 11749072/19696969 [00:01<00:00, 11749087.75iteration/s]
 66%|██████▌   | 12932088/19696969 [00:01<00:00, 11759808.41iteration/s]
 72%|███████▏  | 14118000/19696969 [00:01<00:00, 11758379.04iteration/s]
 78%|███████▊  | 15301016/19696969 [00:01<00:00, 11742877.75iteration/s]
 84%|████████▎ | 16478240/19696969 [00:01<00:00, 11751243.47iteration/s]
 90%|████████▉ | 17667048/19696969 [00:01<00:00, 11752840.77iteration/s]
 96%|█████████▌| 18848616/19696969 [00:01<00:00, 11758156.45iteration/s]2026-05-26 19:57:26.006 | INFO     | utils.ConnectHandler_server:receive:80 - receive completed

100%|██████████| 19696969/19696969 [00:01<00:00, 11672792.47iteration/s]
2026-05-26 19:57:26.022 | INFO     | __main__:<module>:226 - 2026-05-26 19:57:26 RECV round=47 cid=4 train_duration=86.06383085250854 battery=142599.51J
2026-05-26 19:57:26.022 | INFO     | utils.ConnectHandler_server:send:28 - sending data (59 bytes) to client#4...
2026-05-26 19:57:26.022 | INFO     | utils.ConnectHandler_server:send:34 - sending data (59 bytes) to client#4 completely
2026-05-26 19:57:56.823 | INFO     | utils.ConnectHandler_server:receive:71 - 19696957bytes data to be received from client#5

  0%|          | 0/19696957 [00:00<?, ?iteration/s]
  6%|▌         | 1174328/19696957 [00:00<00:01, 11741639.54iteration/s]
 12%|█▏        | 2353000/19696957 [00:00<00:01, 11752488.64iteration/s]
 18%|█▊        | 3528776/19696957 [00:00<00:01, 11753850.47iteration/s]
 24%|██▍       | 4708896/19696957 [00:00<00:01, 11758290.76iteration/s]
 30%|██▉       | 5887568/19696957 [00:00<00:01, 11757498.81iteration/s]
 36%|███▌      | 7063344/19696957 [00:00<00:01, 11749706.02iteration/s]
 42%|████▏     | 8246360/19696957 [00:00<00:00, 11754894.97iteration/s]
 48%|████▊     | 9425032/19696957 [00:00<00:00, 11760474.62iteration/s]
 54%|█████▍    | 10606600/19696957 [00:00<00:00, 11758834.55iteration/s]
 60%|█████▉    | 11792512/19696957 [00:01<00:00, 11761431.95iteration/s]
 66%|██████▌   | 12971184/19696957 [00:01<00:00, 11754368.41iteration/s]
 72%|███████▏  | 14157096/19696957 [00:01<00:00, 11759195.09iteration/s]
 78%|███████▊  | 15335768/19696957 [00:01<00:00, 11758224.26iteration/s]
 84%|████████▍ | 16520232/19696957 [00:01<00:00, 11757634.39iteration/s]
 90%|████████▉ | 17700352/19696957 [00:01<00:00, 11763199.23iteration/s]
 96%|█████████▌| 18890608/19696957 [00:01<00:00, 11758098.51iteration/s]2026-05-26 19:57:58.500 | INFO     | utils.ConnectHandler_server:receive:80 - receive completed

100%|██████████| 19696957/19696957 [00:01<00:00, 11699841.42iteration/s]
2026-05-26 19:57:58.516 | INFO     | __main__:<module>:226 - 2026-05-26 19:57:58 RECV round=47 cid=5 train_duration=117.00490283966064 battery=138583.23J
2026-05-26 19:57:58.516 | INFO     | utils.ConnectHandler_server:send:28 - sending data (59 bytes) to client#5...
2026-05-26 19:57:58.516 | INFO     | utils.ConnectHandler_server:send:34 - sending data (59 bytes) to client#5 completely
2026-05-26 19:58:12.713 | INFO     | __main__:<module>:313 - 2026-05-26 19:58:12 ROUND=47 end avg_acc=22.3140 best_acc=22.3140 duration=136.65s comm_mb=75.138 selected=[4, 5] checkpoint=logs_real/dfl_real_server/checkpoints/dfl_seed1/checkpoint.pt
2026-05-26 19:58:12.713 | INFO     | __main__:<module>:179 - 2026-05-26 19:58:12 ROUND=48 start selected=[6, 7] active_clients=[0, 1, 2, 3, 4, 5, 6, 7, 8, 9] cursor=8
2026-05-26 19:58:12.731 | INFO     | utils.ConnectHandler_server:send:28 - sending data (19699820 bytes) to client#6...
2026-05-26 19:58:14.310 | INFO     | utils.ConnectHandler_server:send:34 - sending data (19699820 bytes) to client#6 completely
2026-05-26 19:58:14.310 | INFO     | __main__:<module>:207 - 2026-05-26 19:58:14 SEND round=48 cid=6 payload_mb=18.787 duration=1.589s
2026-05-26 19:58:14.329 | INFO     | utils.ConnectHandler_server:send:28 - sending data (19729791 bytes) to client#7...
2026-05-26 19:58:16.064 | INFO     | utils.ConnectHandler_server:send:34 - sending data (19729791 bytes) to client#7 completely
2026-05-26 19:58:16.064 | INFO     | __main__:<module>:207 - 2026-05-26 19:58:16 SEND round=48 cid=7 payload_mb=18.816 duration=1.745s
2026-05-26 20:00:01.711 | INFO     | utils.ConnectHandler_server:receive:71 - 19696963bytes data to be received from client#6

  0%|          | 0/19696963 [00:00<?, ?iteration/s]
  6%|▌         | 1177224/19696963 [00:00<00:01, 11761119.06iteration/s]
 12%|█▏        | 2355896/19696963 [00:00<00:01, 11758425.55iteration/s]
 18%|█▊        | 3534568/19696963 [00:00<00:01, 11760222.85iteration/s]
 24%|██▍       | 4713240/19696963 [00:00<00:01, 11757499.76iteration/s]
 30%|██▉       | 5889016/19696963 [00:00<00:01, 11750737.80iteration/s]
 36%|███▌      | 7067688/19696963 [00:00<00:01, 11760826.29iteration/s]
 42%|████▏     | 8244912/19696963 [00:00<00:00, 11758231.11iteration/s]
 48%|████▊     | 9426480/19696963 [00:00<00:00, 11754330.76iteration/s]
 54%|█████▍    | 10608048/19696963 [00:00<00:00, 11748184.74iteration/s]
 60%|█████▉    | 11793960/19696963 [00:01<00:00, 11757950.53iteration/s]
 66%|██████▌   | 12976976/19696963 [00:01<00:00, 11759967.14iteration/s]
 72%|███████▏  | 14155648/19696963 [00:01<00:00, 11757280.26iteration/s]
 78%|███████▊  | 15343008/19696963 [00:01<00:00, 11762084.54iteration/s]
 84%|████████▍ | 16527472/19696963 [00:01<00:00, 11756507.94iteration/s]
 90%|████████▉ | 17716280/19696963 [00:01<00:00, 11751526.25iteration/s]
 96%|█████████▌| 18903640/19696963 [00:01<00:00, 11759014.89iteration/s]2026-05-26 20:00:03.389 | INFO     | utils.ConnectHandler_server:receive:80 - receive completed

100%|██████████| 19696963/19696963 [00:01<00:00, 11696470.82iteration/s]
2026-05-26 20:00:03.405 | INFO     | __main__:<module>:226 - 2026-05-26 20:00:03 RECV round=48 cid=6 train_duration=106.57128119468689 battery=141203.19J
2026-05-26 20:00:03.405 | INFO     | utils.ConnectHandler_server:send:28 - sending data (59 bytes) to client#6...
2026-05-26 20:00:03.405 | INFO     | utils.ConnectHandler_server:send:34 - sending data (59 bytes) to client#6 completely
2026-05-26 20:00:12.308 | INFO     | utils.ConnectHandler_server:receive:71 - 19697437bytes data to be received from client#7

  0%|          | 0/19697437 [00:00<?, ?iteration/s]
  6%|▌         | 1171432/19697437 [00:00<00:01, 11702863.52iteration/s]
 12%|█▏        | 2342864/19697437 [00:00<00:01, 11702896.31iteration/s]
 18%|█▊        | 3514296/19697437 [00:00<00:01, 11671413.16iteration/s]
 24%|██▍       | 4684280/19697437 [00:00<00:01, 11672935.11iteration/s]
 30%|██▉       | 5861504/19697437 [00:00<00:01, 11696775.78iteration/s]
 36%|███▌      | 7031488/19697437 [00:00<00:01, 11694035.00iteration/s]
 42%|████▏     | 8202920/19697437 [00:00<00:00, 11696045.16iteration/s]
 48%|████▊     | 9378696/19697437 [00:00<00:00, 11685076.35iteration/s]
 54%|█████▎    | 10551576/19697437 [00:00<00:00, 11696381.55iteration/s]
 60%|█████▉    | 11724456/19697437 [00:01<00:00, 11695290.74iteration/s]
 65%|██████▌   | 12898784/19697437 [00:01<00:00, 11706200.54iteration/s]
 71%|███████▏  | 14073112/19697437 [00:01<00:00, 11698253.77iteration/s]
 77%|███████▋  | 15244544/19697437 [00:01<00:00, 11696564.05iteration/s]
 83%|████████▎ | 16414528/19697437 [00:01<00:00, 11686652.69iteration/s]
 89%|████████▉ | 17593200/19697437 [00:01<00:00, 11713279.92iteration/s]
 95%|█████████▌| 18771872/19697437 [00:01<00:00, 11725087.03iteration/s]2026-05-26 20:00:13.995 | INFO     | utils.ConnectHandler_server:receive:80 - receive completed

100%|██████████| 19697437/19697437 [00:01<00:00, 11634986.71iteration/s]
2026-05-26 20:00:14.011 | INFO     | __main__:<module>:226 - 2026-05-26 20:00:14 RECV round=48 cid=7 train_duration=115.8730800151825 battery=130913.64J
2026-05-26 20:00:14.011 | INFO     | utils.ConnectHandler_server:send:28 - sending data (59 bytes) to client#7...
2026-05-26 20:00:14.011 | INFO     | utils.ConnectHandler_server:send:34 - sending data (59 bytes) to client#7 completely
2026-05-26 20:00:28.213 | INFO     | __main__:<module>:313 - 2026-05-26 20:00:27 ROUND=48 end avg_acc=22.6690 best_acc=22.6690 duration=135.26s comm_mb=75.167 selected=[6, 7] checkpoint=logs_real/dfl_real_server/checkpoints/dfl_seed1/checkpoint.pt
2026-05-26 20:00:28.213 | INFO     | __main__:<module>:179 - 2026-05-26 20:00:28 ROUND=49 start selected=[8, 9] active_clients=[0, 1, 2, 3, 4, 5, 6, 7, 8, 9] cursor=0
2026-05-26 20:00:28.232 | INFO     | utils.ConnectHandler_server:send:28 - sending data (19735888 bytes) to client#8...
2026-05-26 20:00:29.770 | INFO     | utils.ConnectHandler_server:send:34 - sending data (19735888 bytes) to client#8 completely
2026-05-26 20:00:29.770 | INFO     | __main__:<module>:207 - 2026-05-26 20:00:29 SEND round=49 cid=8 payload_mb=18.822 duration=1.548s
2026-05-26 20:00:29.788 | INFO     | utils.ConnectHandler_server:send:28 - sending data (19723703 bytes) to client#9...
2026-05-26 20:00:31.553 | INFO     | utils.ConnectHandler_server:send:34 - sending data (19723703 bytes) to client#9 completely
2026-05-26 20:00:31.553 | INFO     | __main__:<module>:207 - 2026-05-26 20:00:31 SEND round=49 cid=9 payload_mb=18.810 duration=1.774s
2026-05-26 20:02:25.107 | INFO     | utils.ConnectHandler_server:receive:71 - 19694062bytes data to be received from client#9

  0%|          | 0/19694062 [00:00<?, ?iteration/s]
  6%|▌         | 1180690/19694062 [00:00<00:01, 11792516.08iteration/s]
 12%|█▏        | 2359966/19694062 [00:00<00:01, 11762196.72iteration/s]
 18%|█▊        | 3536414/19694062 [00:00<00:01, 11752640.86iteration/s]
 24%|██▍       | 4714276/19694062 [00:00<00:01, 11745654.70iteration/s]
 30%|██▉       | 5893552/19694062 [00:00<00:01, 11739684.59iteration/s]
 36%|███▌      | 7071414/19694062 [00:00<00:01, 11738399.69iteration/s]
 42%|████▏     | 8250690/19694062 [00:00<00:00, 11740721.73iteration/s]
 48%|████▊     | 9431380/19694062 [00:00<00:00, 11742350.67iteration/s]
 54%|█████▍    | 10612070/19694062 [00:00<00:00, 11739485.95iteration/s]
 60%|█████▉    | 11792760/19694062 [00:01<00:00, 11745962.41iteration/s]
 66%|██████▌   | 12973450/19694062 [00:01<00:00, 11743458.45iteration/s]
 72%|███████▏  | 14158382/19694062 [00:01<00:00, 11745942.20iteration/s]
 78%|███████▊  | 15333416/19694062 [00:01<00:00, 11735936.08iteration/s]
 84%|████████▍ | 16522590/19694062 [00:01<00:00, 11748444.28iteration/s]
 90%|████████▉ | 17699038/19694062 [00:01<00:00, 11747519.28iteration/s]
 96%|█████████▌| 18881142/19694062 [00:01<00:00, 11738038.12iteration/s]2026-05-26 20:02:26.786 | INFO     | utils.ConnectHandler_server:receive:80 - receive completed

100%|██████████| 19694062/19694062 [00:01<00:00, 11683379.45iteration/s]
2026-05-26 20:02:26.803 | INFO     | __main__:<module>:226 - 2026-05-26 20:02:26 RECV round=49 cid=9 train_duration=113.15130066871643 battery=131026.58J
2026-05-26 20:02:26.803 | INFO     | utils.ConnectHandler_server:send:28 - sending data (59 bytes) to client#9...
2026-05-26 20:02:26.811 | INFO     | utils.ConnectHandler_server:send:34 - sending data (59 bytes) to client#9 completely
2026-05-26 20:04:13.964 | INFO     | utils.ConnectHandler_server:receive:71 - 19697437bytes data to be received from client#8

  0%|          | 0/19697437 [00:00<?, ?iteration/s]
  6%|▌         | 1159848/19697437 [00:00<00:01, 11579552.09iteration/s]
 12%|█▏        | 2334176/19697437 [00:00<00:01, 11672336.28iteration/s]
 18%|█▊        | 3504160/19697437 [00:00<00:01, 11664332.62iteration/s]
 24%|██▎       | 4671248/19697437 [00:00<00:01, 11663212.83iteration/s]
 30%|██▉       | 5844128/19697437 [00:00<00:01, 11679269.38iteration/s]
 36%|███▌      | 7017008/19697437 [00:00<00:01, 11689175.64iteration/s]
 42%|████▏     | 8198576/19697437 [00:00<00:00, 11712506.30iteration/s]
 48%|████▊     | 9378696/19697437 [00:00<00:00, 11729754.27iteration/s]
 54%|█████▎    | 10553024/19697437 [00:00<00:00, 11733140.12iteration/s]
 60%|█████▉    | 11734592/19697437 [00:01<00:00, 11743381.14iteration/s]
 66%|██████▌   | 12920504/19697437 [00:01<00:00, 11746905.45iteration/s]
 72%|███████▏  | 14099176/19697437 [00:01<00:00, 11751887.85iteration/s]
 78%|███████▊  | 15277848/19697437 [00:01<00:00, 11746144.12iteration/s]
 84%|████████▎ | 16463760/19697437 [00:01<00:00, 11747603.86iteration/s]
 90%|████████▉ | 17642432/19697437 [00:01<00:00, 11738562.39iteration/s]
 96%|█████████▌| 18818208/19697437 [00:01<00:00, 11725187.13iteration/s]2026-05-26 20:04:15.645 | INFO     | utils.ConnectHandler_server:receive:80 - receive completed

100%|██████████| 19697437/19697437 [00:01<00:00, 11667833.98iteration/s]
2026-05-26 20:04:15.661 | INFO     | __main__:<module>:226 - 2026-05-26 20:04:15 RECV round=49 cid=8 train_duration=223.33909106254578 battery=115327.59J
2026-05-26 20:04:15.661 | INFO     | utils.ConnectHandler_server:send:28 - sending data (59 bytes) to client#8...
2026-05-26 20:04:15.661 | INFO     | utils.ConnectHandler_server:send:34 - sending data (59 bytes) to client#8 completely
2026-05-26 20:04:29.901 | INFO     | __main__:<module>:313 - 2026-05-26 20:04:29 ROUND=49 end avg_acc=22.7530 best_acc=22.7530 duration=241.37s comm_mb=75.195 selected=[8, 9] checkpoint=logs_real/dfl_real_server/checkpoints/dfl_seed1/checkpoint.pt
2026-05-26 20:04:29.902 | INFO     | __main__:<module>:179 - 2026-05-26 20:04:29 ROUND=50 start selected=[0, 1] active_clients=[0, 1, 2, 3, 4, 5, 6, 7, 8, 9] cursor=2
2026-05-26 20:04:29.946 | INFO     | utils.ConnectHandler_server:send:28 - sending data (19699823 bytes) to client#0...
2026-05-26 20:04:31.520 | INFO     | utils.ConnectHandler_server:send:34 - sending data (19699823 bytes) to client#0 completely
2026-05-26 20:04:31.520 | INFO     | __main__:<module>:207 - 2026-05-26 20:04:31 SEND round=50 cid=0 payload_mb=18.787 duration=1.588s
2026-05-26 20:04:31.537 | INFO     | utils.ConnectHandler_server:send:28 - sending data (19699819 bytes) to client#1...
2026-05-26 20:04:33.250 | INFO     | utils.ConnectHandler_server:send:34 - sending data (19699819 bytes) to client#1 completely
2026-05-26 20:04:33.251 | INFO     | __main__:<module>:207 - 2026-05-26 20:04:33 SEND round=50 cid=1 payload_mb=18.787 duration=1.722s
2026-05-26 20:06:21.154 | INFO     | utils.ConnectHandler_server:receive:71 - 19696965bytes data to be received from client#0

  0%|          | 0/19696965 [00:00<?, ?iteration/s]
  6%|▌         | 1169984/19696965 [00:00<00:01, 11689762.00iteration/s]
 12%|█▏        | 2347208/19696965 [00:00<00:01, 11734582.71iteration/s]
 18%|█▊        | 3524432/19696965 [00:00<00:01, 11745577.22iteration/s]
 24%|██▍       | 4701656/19696965 [00:00<00:01, 11747051.40iteration/s]
 30%|██▉       | 5877432/19696965 [00:00<00:01, 11748753.99iteration/s]
 36%|███▌      | 7056104/19696965 [00:00<00:01, 11750520.52iteration/s]
 42%|████▏     | 8237672/19696965 [00:00<00:00, 11754889.64iteration/s]
 48%|████▊     | 9417792/19696965 [00:00<00:00, 11760833.26iteration/s]
 54%|█████▍    | 10596464/19696965 [00:00<00:00, 11759002.44iteration/s]
 60%|█████▉    | 11778032/19696965 [00:01<00:00, 11748900.29iteration/s]
 66%|██████▌   | 12962496/19696965 [00:01<00:00, 11755899.18iteration/s]
 72%|███████▏  | 14142616/19696965 [00:01<00:00, 11766388.91iteration/s]
 78%|███████▊  | 15324184/19696965 [00:01<00:00, 11759285.23iteration/s]
 84%|████████▍ | 16502856/19696965 [00:01<00:00, 11755034.23iteration/s]
 90%|████████▉ | 17694560/19696965 [00:01<00:00, 11766840.26iteration/s]
 96%|█████████▌| 18884816/19696965 [00:01<00:00, 11755096.07iteration/s]2026-05-26 20:06:22.831 | INFO     | utils.ConnectHandler_server:receive:80 - receive completed

100%|██████████| 19696965/19696965 [00:01<00:00, 11701602.77iteration/s]
2026-05-26 20:06:22.847 | INFO     | __main__:<module>:226 - 2026-05-26 20:06:22 RECV round=50 cid=0 train_duration=108.55926275253296 battery=139707.59J
2026-05-26 20:06:22.847 | INFO     | utils.ConnectHandler_server:send:28 - sending data (59 bytes) to client#0...
2026-05-26 20:06:22.847 | INFO     | utils.ConnectHandler_server:send:34 - sending data (59 bytes) to client#0 completely
2026-05-26 20:06:24.393 | INFO     | utils.ConnectHandler_server:receive:71 - 19696971bytes data to be received from client#1

  0%|          | 0/19696971 [00:00<?, ?iteration/s]
  6%|▌         | 1168536/19696971 [00:00<00:01, 11662320.66iteration/s]
 12%|█▏        | 2347208/19696971 [00:00<00:01, 11725929.82iteration/s]
 18%|█▊        | 3525880/19696971 [00:00<00:01, 11741522.95iteration/s]
 24%|██▍       | 4700208/19696971 [00:00<00:01, 11737453.08iteration/s]
 30%|██▉       | 5878880/19696971 [00:00<00:01, 11739939.12iteration/s]
 36%|███▌      | 7057552/19696971 [00:00<00:01, 11749975.44iteration/s]
 42%|████▏     | 8234776/19696971 [00:00<00:00, 11754301.92iteration/s]
 48%|████▊     | 9416344/19696971 [00:00<00:00, 11761678.35iteration/s]
 54%|█████▍    | 10595016/19696971 [00:00<00:00, 11758280.00iteration/s]
 60%|█████▉    | 11778032/19696971 [00:01<00:00, 11760293.49iteration/s]
 66%|██████▌   | 12961048/19696971 [00:01<00:00, 11757347.56iteration/s]
 72%|███████▏  | 14148408/19696971 [00:01<00:00, 11759819.49iteration/s]
 78%|███████▊  | 15335768/19696971 [00:01<00:00, 11753552.25iteration/s]
 84%|████████▍ | 16518784/19696971 [00:01<00:00, 11764538.74iteration/s]
 90%|████████▉ | 17703248/19696971 [00:01<00:00, 11758864.20iteration/s]
 96%|█████████▌| 18887712/19696971 [00:01<00:00, 11759970.09iteration/s]2026-05-26 20:06:26.070 | INFO     | utils.ConnectHandler_server:receive:80 - receive completed

100%|██████████| 19696971/19696971 [00:01<00:00, 11700061.83iteration/s]
2026-05-26 20:06:26.086 | INFO     | __main__:<module>:226 - 2026-05-26 20:06:26 RECV round=50 cid=1 train_duration=110.18759346008301 battery=139563.26J
2026-05-26 20:06:26.086 | INFO     | utils.ConnectHandler_server:send:28 - sending data (59 bytes) to client#1...
2026-05-26 20:06:26.087 | INFO     | utils.ConnectHandler_server:send:34 - sending data (59 bytes) to client#1 completely
2026-05-26 20:06:40.270 | INFO     | __main__:<module>:313 - 2026-05-26 20:06:40 ROUND=50 end avg_acc=23.2170 best_acc=23.2170 duration=130.12s comm_mb=75.138 selected=[0, 1] checkpoint=logs_real/dfl_real_server/checkpoints/dfl_seed1/checkpoint.pt
2026-05-26 20:06:40.270 | INFO     | __main__:<module>:179 - 2026-05-26 20:06:40 ROUND=51 start selected=[2, 3] active_clients=[0, 1, 2, 3, 4, 5, 6, 7, 8, 9] cursor=4
2026-05-26 20:06:40.289 | INFO     | utils.ConnectHandler_server:send:28 - sending data (19699820 bytes) to client#2...
2026-05-26 20:06:41.936 | INFO     | utils.ConnectHandler_server:send:34 - sending data (19699820 bytes) to client#2 completely
2026-05-26 20:06:41.936 | INFO     | __main__:<module>:207 - 2026-05-26 20:06:41 SEND round=51 cid=2 payload_mb=18.787 duration=1.657s
2026-05-26 20:06:41.955 | INFO     | utils.ConnectHandler_server:send:28 - sending data (19699825 bytes) to client#3...
2026-05-26 20:06:43.578 | INFO     | utils.ConnectHandler_server:send:34 - sending data (19699825 bytes) to client#3 completely
2026-05-26 20:06:43.578 | INFO     | __main__:<module>:207 - 2026-05-26 20:06:43 SEND round=51 cid=3 payload_mb=18.787 duration=1.633s
2026-05-26 20:08:07.963 | INFO     | utils.ConnectHandler_server:receive:71 - 19696947bytes data to be received from client#3

  0%|          | 0/19696947 [00:00<?, ?iteration/s]
  6%|▌         | 1167088/19696947 [00:00<00:01, 11649227.45iteration/s]
 12%|█▏        | 2347208/19696947 [00:00<00:01, 11721559.87iteration/s]
 18%|█▊        | 3520088/19696947 [00:00<00:01, 11706613.16iteration/s]
 24%|██▍       | 4692968/19696947 [00:00<00:01, 11696205.32iteration/s]
 30%|██▉       | 5871640/19696947 [00:00<00:01, 11716055.21iteration/s]
 36%|███▌      | 7051760/19696947 [00:00<00:01, 11729225.67iteration/s]
 42%|████▏     | 8234776/19696947 [00:00<00:00, 11749751.53iteration/s]
 48%|████▊     | 9413448/19696947 [00:00<00:00, 11749458.76iteration/s]
 54%|█████▍    | 10590672/19696947 [00:00<00:00, 11755728.51iteration/s]
 60%|█████▉    | 11767896/19696947 [00:01<00:00, 11752271.33iteration/s]
 66%|██████▌   | 12949464/19696947 [00:01<00:00, 11757764.79iteration/s]
 72%|███████▏  | 14131032/19696947 [00:01<00:00, 11753172.23iteration/s]
 78%|███████▊  | 15315496/19696947 [00:01<00:00, 11755610.06iteration/s]
 84%|████████▎ | 16495616/19696947 [00:01<00:00, 11757228.43iteration/s]
 90%|████████▉ | 17681528/19696947 [00:01<00:00, 11761954.67iteration/s]
 96%|█████████▌| 18858752/19696947 [00:01<00:00, 11759476.42iteration/s]2026-05-26 20:08:09.642 | INFO     | utils.ConnectHandler_server:receive:80 - receive completed

100%|██████████| 19696947/19696947 [00:01<00:00, 11685289.29iteration/s]
2026-05-26 20:08:09.658 | INFO     | __main__:<module>:226 - 2026-05-26 20:08:09 RECV round=51 cid=3 train_duration=83.70239543914795 battery=142071.58J
2026-05-26 20:08:09.658 | INFO     | utils.ConnectHandler_server:send:28 - sending data (59 bytes) to client#3...
2026-05-26 20:08:09.658 | INFO     | utils.ConnectHandler_server:send:34 - sending data (59 bytes) to client#3 completely
2026-05-26 20:08:10.524 | INFO     | utils.ConnectHandler_server:receive:71 - 19697059bytes data to be received from client#2

  0%|          | 0/19697059 [00:00<?, ?iteration/s]
  6%|▌         | 1156952/19697059 [00:00<00:01, 11550969.29iteration/s]
 12%|█▏        | 2324040/19697059 [00:00<00:01, 11603981.75iteration/s]
 18%|█▊        | 3501264/19697059 [00:00<00:01, 11673859.20iteration/s]
 24%|██▎       | 4674144/19697059 [00:00<00:01, 11684138.01iteration/s]
 30%|██▉       | 5852816/19697059 [00:00<00:01, 11707665.35iteration/s]
 36%|███▌      | 7035832/19697059 [00:00<00:01, 11733467.60iteration/s]
 42%|████▏     | 8213056/19697059 [00:00<00:00, 11734966.51iteration/s]
 48%|████▊     | 9390280/19697059 [00:00<00:00, 11743191.97iteration/s]
 54%|█████▎    | 10573296/19697059 [00:00<00:00, 11750621.59iteration/s]
 60%|█████▉    | 11753416/19697059 [00:01<00:00, 11750386.85iteration/s]
 66%|██████▌   | 12933536/19697059 [00:01<00:00, 11747092.32iteration/s]
 72%|███████▏  | 14110760/19697059 [00:01<00:00, 11745439.49iteration/s]
 78%|███████▊  | 15289432/19697059 [00:01<00:00, 11751719.20iteration/s]
 84%|████████▎ | 16469552/19697059 [00:01<00:00, 11757933.47iteration/s]
 90%|████████▉ | 17649672/19697059 [00:01<00:00, 11755396.87iteration/s]
 96%|█████████▌| 18826896/19697059 [00:01<00:00, 11760449.79iteration/s]2026-05-26 20:08:12.205 | INFO     | utils.ConnectHandler_server:receive:80 - receive completed

100%|██████████| 19697059/19697059 [00:01<00:00, 11674732.88iteration/s]
2026-05-26 20:08:12.221 | INFO     | __main__:<module>:226 - 2026-05-26 20:08:12 RECV round=51 cid=2 train_duration=87.86990714073181 battery=141679.78J
2026-05-26 20:08:12.221 | INFO     | utils.ConnectHandler_server:send:28 - sending data (59 bytes) to client#2...
2026-05-26 20:08:12.221 | INFO     | utils.ConnectHandler_server:send:34 - sending data (59 bytes) to client#2 completely
2026-05-26 20:08:26.581 | INFO     | __main__:<module>:313 - 2026-05-26 20:08:26 ROUND=51 end avg_acc=23.8320 best_acc=23.8320 duration=105.95s comm_mb=75.138 selected=[2, 3] checkpoint=logs_real/dfl_real_server/checkpoints/dfl_seed1/checkpoint.pt
2026-05-26 20:08:26.582 | INFO     | __main__:<module>:179 - 2026-05-26 20:08:26 ROUND=52 start selected=[4, 5] active_clients=[0, 1, 2, 3, 4, 5, 6, 7, 8, 9] cursor=6
2026-05-26 20:08:26.628 | INFO     | utils.ConnectHandler_server:send:28 - sending data (19699825 bytes) to client#4...
2026-05-26 20:08:28.188 | INFO     | utils.ConnectHandler_server:send:34 - sending data (19699825 bytes) to client#4 completely
2026-05-26 20:08:28.188 | INFO     | __main__:<module>:207 - 2026-05-26 20:08:28 SEND round=52 cid=4 payload_mb=18.787 duration=1.575s
2026-05-26 20:08:28.208 | INFO     | utils.ConnectHandler_server:send:28 - sending data (19699820 bytes) to client#5...
2026-05-26 20:08:29.887 | INFO     | utils.ConnectHandler_server:send:34 - sending data (19699820 bytes) to client#5 completely
2026-05-26 20:08:29.888 | INFO     | __main__:<module>:207 - 2026-05-26 20:08:29 SEND round=52 cid=5 payload_mb=18.787 duration=1.690s
2026-05-26 20:09:55.160 | INFO     | utils.ConnectHandler_server:receive:71 - 19696975bytes data to be received from client#4

  0%|          | 0/19696975 [00:00<?, ?iteration/s]
  6%|▌         | 1169984/19696975 [00:00<00:01, 11692045.87iteration/s]
 12%|█▏        | 2344312/19696975 [00:00<00:01, 11714150.48iteration/s]
 18%|█▊        | 3521536/19696975 [00:00<00:01, 11733070.43iteration/s]
 24%|██▍       | 4700208/19696975 [00:00<00:01, 11739532.15iteration/s]
 30%|██▉       | 5877432/19696975 [00:00<00:01, 11732778.69iteration/s]
 36%|███▌      | 7056104/19696975 [00:00<00:01, 11742015.25iteration/s]
 42%|████▏     | 8234776/19696975 [00:00<00:00, 11739545.50iteration/s]
 48%|████▊     | 9422136/19696975 [00:00<00:00, 11758737.29iteration/s]
 54%|█████▍    | 10606600/19696975 [00:00<00:00, 11760084.74iteration/s]
 60%|█████▉    | 11791064/19696975 [00:01<00:00, 11755887.10iteration/s]
 66%|██████▌   | 12975528/19696975 [00:01<00:00, 11756150.92iteration/s]
 72%|███████▏  | 14157096/19696975 [00:01<00:00, 11755475.06iteration/s]
 78%|███████▊  | 15341560/19696975 [00:01<00:00, 11757877.58iteration/s]
 84%|████████▍ | 16526024/19696975 [00:01<00:00, 11755593.65iteration/s]
 90%|████████▉ | 17716280/19696975 [00:01<00:00, 11762584.29iteration/s]
 96%|█████████▌| 18900744/19696975 [00:01<00:00, 11759655.92iteration/s]2026-05-26 20:09:56.838 | INFO     | utils.ConnectHandler_server:receive:80 - receive completed

100%|██████████| 19696975/19696975 [00:01<00:00, 11695017.56iteration/s]
2026-05-26 20:09:56.854 | INFO     | __main__:<module>:226 - 2026-05-26 20:09:56 RECV round=52 cid=4 train_duration=86.06518054008484 battery=141865.33J
2026-05-26 20:09:56.854 | INFO     | utils.ConnectHandler_server:send:28 - sending data (59 bytes) to client#4...
2026-05-26 20:09:56.854 | INFO     | utils.ConnectHandler_server:send:34 - sending data (59 bytes) to client#4 completely
2026-05-26 20:10:47.876 | INFO     | utils.ConnectHandler_server:receive:71 - 19696957bytes data to be received from client#5

  0%|          | 0/19696957 [00:00<?, ?iteration/s]
  6%|▌         | 1175776/19696957 [00:00<00:01, 11739382.51iteration/s]
 12%|█▏        | 2354448/19696957 [00:00<00:01, 11753988.20iteration/s]
 18%|█▊        | 3533120/19696957 [00:00<00:01, 11758591.53iteration/s]
 24%|██▍       | 4711792/19696957 [00:00<00:01, 11757263.47iteration/s]
 30%|██▉       | 5887568/19696957 [00:00<00:01, 11754408.65iteration/s]
 36%|███▌      | 7066240/19696957 [00:00<00:01, 11760405.92iteration/s]
 42%|████▏     | 8247808/19696957 [00:00<00:00, 11754454.20iteration/s]
 48%|████▊     | 9426480/19696957 [00:00<00:00, 11753428.91iteration/s]
 54%|█████▍    | 10608048/19696957 [00:00<00:00, 11757871.82iteration/s]
 60%|█████▉    | 11786720/19696957 [00:01<00:00, 11759239.31iteration/s]
 66%|██████▌   | 12963944/19696957 [00:01<00:00, 11755919.92iteration/s]
 72%|███████▏  | 14145512/19696957 [00:01<00:00, 11761067.70iteration/s]
 78%|███████▊  | 15332872/19696957 [00:01<00:00, 11756231.47iteration/s]
 84%|████████▍ | 16510096/19696957 [00:01<00:00, 11757787.54iteration/s]
 90%|████████▉ | 17694560/19696957 [00:01<00:00, 11759584.07iteration/s]
 96%|█████████▌| 18873232/19696957 [00:01<00:00, 11763512.51iteration/s]2026-05-26 20:10:49.553 | INFO     | utils.ConnectHandler_server:receive:80 - receive completed

100%|██████████| 19696957/19696957 [00:01<00:00, 11701747.19iteration/s]
2026-05-26 20:10:49.569 | INFO     | __main__:<module>:226 - 2026-05-26 20:10:49 RECV round=52 cid=5 train_duration=137.27953243255615 battery=137412.17J
2026-05-26 20:10:49.569 | INFO     | utils.ConnectHandler_server:send:28 - sending data (59 bytes) to client#5...
2026-05-26 20:10:49.569 | INFO     | utils.ConnectHandler_server:send:34 - sending data (59 bytes) to client#5 completely
2026-05-26 20:11:03.759 | INFO     | __main__:<module>:313 - 2026-05-26 20:11:03 ROUND=52 end avg_acc=24.3350 best_acc=24.3350 duration=156.93s comm_mb=75.138 selected=[4, 5] checkpoint=logs_real/dfl_real_server/checkpoints/dfl_seed1/checkpoint.pt
2026-05-26 20:11:03.759 | INFO     | __main__:<module>:179 - 2026-05-26 20:11:03 ROUND=53 start selected=[6, 7] active_clients=[0, 1, 2, 3, 4, 5, 6, 7, 8, 9] cursor=8
2026-05-26 20:11:03.778 | INFO     | utils.ConnectHandler_server:send:28 - sending data (19699820 bytes) to client#6...
2026-05-26 20:11:05.369 | INFO     | utils.ConnectHandler_server:send:34 - sending data (19699820 bytes) to client#6 completely
2026-05-26 20:11:05.369 | INFO     | __main__:<module>:207 - 2026-05-26 20:11:05 SEND round=53 cid=6 payload_mb=18.787 duration=1.601s
2026-05-26 20:11:05.388 | INFO     | utils.ConnectHandler_server:send:28 - sending data (19729791 bytes) to client#7...
2026-05-26 20:11:07.124 | INFO     | utils.ConnectHandler_server:send:34 - sending data (19729791 bytes) to client#7 completely
2026-05-26 20:11:07.124 | INFO     | __main__:<module>:207 - 2026-05-26 20:11:07 SEND round=53 cid=7 payload_mb=18.816 duration=1.746s
2026-05-26 20:12:53.105 | INFO     | utils.ConnectHandler_server:receive:71 - 19696961bytes data to be received from client#6

  0%|          | 0/19696961 [00:00<?, ?iteration/s]
  6%|▌         | 1177224/19696961 [00:00<00:01, 11758962.36iteration/s]
 12%|█▏        | 2355896/19696961 [00:00<00:01, 11767041.81iteration/s]
 18%|█▊        | 3534568/19696961 [00:00<00:01, 11761477.38iteration/s]
 24%|██▍       | 4713240/19696961 [00:00<00:01, 11755829.68iteration/s]
 30%|██▉       | 5891912/19696961 [00:00<00:01, 11760060.69iteration/s]
 36%|███▌      | 7073480/19696961 [00:00<00:01, 11753365.01iteration/s]
 42%|████▏     | 8250704/19696961 [00:00<00:00, 11758034.17iteration/s]
 48%|████▊     | 9432272/19696961 [00:00<00:00, 11757693.78iteration/s]
 54%|█████▍    | 10610944/19696961 [00:00<00:00, 11752775.77iteration/s]
 60%|█████▉    | 11793960/19696961 [00:01<00:00, 11759023.67iteration/s]
 66%|██████▌   | 12978424/19696961 [00:01<00:00, 11761305.80iteration/s]
 72%|███████▏  | 14162888/19696961 [00:01<00:00, 11753736.52iteration/s]
 78%|███████▊  | 15343008/19696961 [00:01<00:00, 11767312.60iteration/s]
 84%|████████▍ | 16521680/19696961 [00:01<00:00, 11762105.95iteration/s]
 90%|████████▉ | 17706144/19696961 [00:01<00:00, 11758258.89iteration/s]
 96%|█████████▌| 18892056/19696961 [00:01<00:00, 11756483.25iteration/s]2026-05-26 20:12:54.782 | INFO     | utils.ConnectHandler_server:receive:80 - receive completed

100%|██████████| 19696961/19696961 [00:01<00:00, 11700155.30iteration/s]
2026-05-26 20:12:54.798 | INFO     | __main__:<module>:226 - 2026-05-26 20:12:54 RECV round=53 cid=6 train_duration=106.9447283744812 battery=140290.89J
2026-05-26 20:12:54.798 | INFO     | utils.ConnectHandler_server:send:28 - sending data (59 bytes) to client#6...
2026-05-26 20:12:54.798 | INFO     | utils.ConnectHandler_server:send:34 - sending data (59 bytes) to client#6 completely
2026-05-26 20:13:07.379 | INFO     | utils.ConnectHandler_server:receive:71 - 19697437bytes data to be received from client#7

  0%|          | 0/19697437 [00:00<?, ?iteration/s]
  6%|▌         | 1168536/19697437 [00:00<00:01, 11657244.56iteration/s]
 12%|█▏        | 2337072/19697437 [00:00<00:01, 11664996.73iteration/s]
 18%|█▊        | 3505608/19697437 [00:00<00:01, 11661721.72iteration/s]
 24%|██▎       | 4677040/19697437 [00:00<00:01, 11664197.40iteration/s]
 30%|██▉       | 5848472/19697437 [00:00<00:01, 11673667.83iteration/s]
 36%|███▌      | 7019904/19697437 [00:00<00:01, 11677415.32iteration/s]
 42%|████▏     | 8194232/19697437 [00:00<00:00, 11695757.16iteration/s]
 48%|████▊     | 9372904/19697437 [00:00<00:00, 11699910.51iteration/s]
 54%|█████▎    | 10553024/19697437 [00:00<00:00, 11712943.89iteration/s]
 60%|█████▉    | 11730248/19697437 [00:01<00:00, 11724516.17iteration/s]
 66%|██████▌   | 12906024/19697437 [00:01<00:00, 11733372.18iteration/s]
 72%|███████▏  | 14090488/19697437 [00:01<00:00, 11743180.78iteration/s]
 78%|███████▊  | 15267712/19697437 [00:01<00:00, 11741197.18iteration/s]
 83%|████████▎ | 16444936/19697437 [00:01<00:00, 11745137.21iteration/s]
 89%|████████▉ | 17627952/19697437 [00:01<00:00, 11742302.32iteration/s]
 95%|█████████▌| 18809520/19697437 [00:01<00:00, 11750553.94iteration/s]2026-05-26 20:13:09.062 | INFO     | utils.ConnectHandler_server:receive:80 - receive completed

100%|██████████| 19697437/19697437 [00:01<00:00, 11660087.76iteration/s]
2026-05-26 20:13:09.079 | INFO     | __main__:<module>:226 - 2026-05-26 20:13:09 RECV round=53 cid=7 train_duration=119.90463709831238 battery=129068.22J
2026-05-26 20:13:09.079 | INFO     | utils.ConnectHandler_server:send:28 - sending data (59 bytes) to client#7...
2026-05-26 20:13:09.079 | INFO     | utils.ConnectHandler_server:send:34 - sending data (59 bytes) to client#7 completely
2026-05-26 20:13:23.324 | INFO     | __main__:<module>:313 - 2026-05-26 20:13:23 ROUND=53 end avg_acc=24.3710 best_acc=24.3710 duration=139.26s comm_mb=75.167 selected=[6, 7] checkpoint=logs_real/dfl_real_server/checkpoints/dfl_seed1/checkpoint.pt
2026-05-26 20:13:23.324 | INFO     | __main__:<module>:179 - 2026-05-26 20:13:23 ROUND=54 start selected=[8, 9] active_clients=[0, 1, 2, 3, 4, 5, 6, 7, 8, 9] cursor=0
2026-05-26 20:13:23.371 | INFO     | utils.ConnectHandler_server:send:28 - sending data (19735888 bytes) to client#8...
2026-05-26 20:13:24.935 | INFO     | utils.ConnectHandler_server:send:34 - sending data (19735888 bytes) to client#8 completely
2026-05-26 20:13:24.935 | INFO     | __main__:<module>:207 - 2026-05-26 20:13:24 SEND round=54 cid=8 payload_mb=18.822 duration=1.580s
2026-05-26 20:13:24.954 | INFO     | utils.ConnectHandler_server:send:28 - sending data (19723703 bytes) to client#9...
2026-05-26 20:13:26.666 | INFO     | utils.ConnectHandler_server:send:34 - sending data (19723703 bytes) to client#9 completely
2026-05-26 20:13:26.666 | INFO     | __main__:<module>:207 - 2026-05-26 20:13:26 SEND round=54 cid=9 payload_mb=18.810 duration=1.722s
2026-05-26 20:15:21.008 | INFO     | utils.ConnectHandler_server:receive:71 - 19694062bytes data to be received from client#9

  0%|          | 0/19694062 [00:00<?, ?iteration/s]
  6%|▌         | 1182104/19694062 [00:00<00:01, 11806723.20iteration/s]
 12%|█▏        | 2362794/19694062 [00:00<00:01, 11770189.45iteration/s]
 18%|█▊        | 3540656/19694062 [00:00<00:01, 11753590.70iteration/s]
 24%|██▍       | 4717104/19694062 [00:00<00:01, 11745882.66iteration/s]
 30%|██▉       | 5896380/19694062 [00:00<00:01, 11748633.84iteration/s]
 36%|███▌      | 7075656/19694062 [00:00<00:01, 11744703.23iteration/s]
 42%|████▏     | 8250690/19694062 [00:00<00:00, 11738678.02iteration/s]
 48%|████▊     | 9431380/19694062 [00:00<00:00, 11744200.31iteration/s]
 54%|█████▍    | 10607828/19694062 [00:00<00:00, 11748545.13iteration/s]
 60%|█████▉    | 11784276/19694062 [00:01<00:00, 11739538.02iteration/s]
 66%|██████▌   | 12962138/19694062 [00:01<00:00, 11743687.38iteration/s]
 72%|███████▏  | 14145656/19694062 [00:01<00:00, 11743518.56iteration/s]
 78%|███████▊  | 15332002/19694062 [00:01<00:00, 11746632.06iteration/s]
 84%|████████▍ | 16509864/19694062 [00:01<00:00, 11747436.68iteration/s]
 90%|████████▉ | 17693382/19694062 [00:01<00:00, 11741287.68iteration/s]
 96%|█████████▌| 18879728/19694062 [00:01<00:00, 11746272.38iteration/s]2026-05-26 20:15:22.687 | INFO     | utils.ConnectHandler_server:receive:80 - receive completed

100%|██████████| 19694062/19694062 [00:01<00:00, 11686440.68iteration/s]
2026-05-26 20:15:22.703 | INFO     | __main__:<module>:226 - 2026-05-26 20:15:22 RECV round=54 cid=9 train_duration=113.88489031791687 battery=129107.94J
2026-05-26 20:15:22.703 | INFO     | utils.ConnectHandler_server:send:28 - sending data (59 bytes) to client#9...
2026-05-26 20:15:22.703 | INFO     | utils.ConnectHandler_server:send:34 - sending data (59 bytes) to client#9 completely
2026-05-26 20:17:09.025 | INFO     | utils.ConnectHandler_server:receive:71 - 19697437bytes data to be received from client#8

  0%|          | 0/19697437 [00:00<?, ?iteration/s]
  6%|▌         | 1161296/19697437 [00:00<00:01, 11601878.99iteration/s]
 12%|█▏        | 2329832/19697437 [00:00<00:01, 11636616.81iteration/s]
 18%|█▊        | 3504160/19697437 [00:00<00:01, 11674248.81iteration/s]
 24%|██▎       | 4672696/19697437 [00:00<00:01, 11674683.33iteration/s]
 30%|██▉       | 5848472/19697437 [00:00<00:01, 11693528.85iteration/s]
 36%|███▌      | 7019904/19697437 [00:00<00:01, 11699797.23iteration/s]
 42%|████▏     | 8194232/19697437 [00:00<00:00, 11711003.44iteration/s]
 48%|████▊     | 9370008/19697437 [00:00<00:00, 11722093.28iteration/s]
 54%|█████▎    | 10551576/19697437 [00:00<00:00, 11731637.30iteration/s]
 60%|█████▉    | 11736040/19697437 [00:01<00:00, 11744444.80iteration/s]
 66%|██████▌   | 12919056/19697437 [00:01<00:00, 11749484.16iteration/s]
 72%|███████▏  | 14102072/19697437 [00:01<00:00, 11742716.35iteration/s]
 78%|███████▊  | 15276400/19697437 [00:01<00:00, 11740972.40iteration/s]
 84%|████████▎ | 16457968/19697437 [00:01<00:00, 11739224.28iteration/s]
 90%|████████▉ | 17635192/19697437 [00:01<00:00, 11748876.18iteration/s]
 96%|█████████▌| 18812416/19697437 [00:01<00:00, 11736074.92iteration/s]2026-05-26 20:17:10.707 | INFO     | utils.ConnectHandler_server:receive:80 - receive completed

100%|██████████| 19697437/19697437 [00:01<00:00, 11670464.50iteration/s]
2026-05-26 20:17:10.723 | INFO     | __main__:<module>:226 - 2026-05-26 20:17:10 RECV round=54 cid=8 train_duration=223.2899990081787 battery=111891.00J
2026-05-26 20:17:10.723 | INFO     | utils.ConnectHandler_server:send:28 - sending data (59 bytes) to client#8...
2026-05-26 20:17:10.723 | INFO     | utils.ConnectHandler_server:send:34 - sending data (59 bytes) to client#8 completely
2026-05-26 20:17:24.736 | INFO     | __main__:<module>:313 - 2026-05-26 20:17:24 ROUND=54 end avg_acc=25.0910 best_acc=25.0910 duration=241.04s comm_mb=75.195 selected=[8, 9] checkpoint=logs_real/dfl_real_server/checkpoints/dfl_seed1/checkpoint.pt
2026-05-26 20:17:24.737 | INFO     | __main__:<module>:179 - 2026-05-26 20:17:24 ROUND=55 start selected=[0, 1] active_clients=[0, 1, 2, 3, 4, 5, 6, 7, 8, 9] cursor=2
2026-05-26 20:17:24.781 | INFO     | utils.ConnectHandler_server:send:28 - sending data (19699823 bytes) to client#0...
2026-05-26 20:17:26.378 | INFO     | utils.ConnectHandler_server:send:34 - sending data (19699823 bytes) to client#0 completely
2026-05-26 20:17:26.378 | INFO     | __main__:<module>:207 - 2026-05-26 20:17:26 SEND round=55 cid=0 payload_mb=18.787 duration=1.611s
2026-05-26 20:17:26.394 | INFO     | utils.ConnectHandler_server:send:28 - sending data (19699819 bytes) to client#1...
2026-05-26 20:17:28.076 | INFO     | utils.ConnectHandler_server:send:34 - sending data (19699819 bytes) to client#1 completely
2026-05-26 20:17:28.076 | INFO     | __main__:<module>:207 - 2026-05-26 20:17:28 SEND round=55 cid=1 payload_mb=18.787 duration=1.690s
2026-05-26 20:19:15.950 | INFO     | utils.ConnectHandler_server:receive:71 - 19696969bytes data to be received from client#0

  0%|          | 0/19696969 [00:00<?, ?iteration/s]
  6%|▌         | 1174328/19696969 [00:00<00:01, 11728833.94iteration/s]
 12%|█▏        | 2351552/19696969 [00:00<00:01, 11748053.38iteration/s]
 18%|█▊        | 3528776/19696969 [00:00<00:01, 11752459.75iteration/s]
 24%|██▍       | 4704552/19696969 [00:00<00:01, 11749537.75iteration/s]
 30%|██▉       | 5884672/19696969 [00:00<00:01, 11751943.18iteration/s]
 36%|███▌      | 7063344/19696969 [00:00<00:01, 11761764.90iteration/s]
 42%|████▏     | 8243464/19696969 [00:00<00:00, 11752118.60iteration/s]
 48%|████▊     | 9420688/19696969 [00:00<00:00, 11757909.32iteration/s]
 54%|█████▍    | 10600808/19696969 [00:00<00:00, 11757626.76iteration/s]
 60%|█████▉    | 11778032/19696969 [00:01<00:00, 11760716.42iteration/s]
 66%|██████▌   | 12958152/19696969 [00:01<00:00, 11758064.70iteration/s]
 72%|███████▏  | 14138272/19696969 [00:01<00:00, 11756373.76iteration/s]
 78%|███████▊  | 15318392/19696969 [00:01<00:00, 11757378.08iteration/s]
 84%|████████▍ | 16502856/19696969 [00:01<00:00, 11765672.86iteration/s]
 90%|████████▉ | 17688768/19696969 [00:01<00:00, 11760901.65iteration/s]
 96%|█████████▌| 18877576/19696969 [00:01<00:00, 11758915.50iteration/s]2026-05-26 20:19:17.628 | INFO     | utils.ConnectHandler_server:receive:80 - receive completed

100%|██████████| 19696969/19696969 [00:01<00:00, 11699001.92iteration/s]
2026-05-26 20:19:17.644 | INFO     | __main__:<module>:226 - 2026-05-26 20:19:17 RECV round=55 cid=0 train_duration=108.50768423080444 battery=138781.97J
2026-05-26 20:19:17.644 | INFO     | utils.ConnectHandler_server:send:28 - sending data (59 bytes) to client#0...
2026-05-26 20:19:17.644 | INFO     | utils.ConnectHandler_server:send:34 - sending data (59 bytes) to client#0 completely
2026-05-26 20:19:19.055 | INFO     | utils.ConnectHandler_server:receive:71 - 19696959bytes data to be received from client#1

  0%|          | 0/19696959 [00:00<?, ?iteration/s]
  6%|▌         | 1172880/19696959 [00:00<00:01, 11703447.16iteration/s]
 12%|█▏        | 2350104/19696959 [00:00<00:01, 11738571.27iteration/s]
 18%|█▊        | 3527328/19696959 [00:00<00:01, 11747383.03iteration/s]
 24%|██▍       | 4706000/19696959 [00:00<00:01, 11750152.05iteration/s]
 30%|██▉       | 5883224/19696959 [00:00<00:01, 11746471.21iteration/s]
 36%|███▌      | 7064792/19696959 [00:00<00:01, 11752392.03iteration/s]
 42%|████▏     | 8247808/19696959 [00:00<00:00, 11757985.52iteration/s]
 48%|████▊     | 9427928/19696959 [00:00<00:00, 11754935.93iteration/s]
 54%|█████▍    | 10610944/19696959 [00:00<00:00, 11757722.62iteration/s]
 60%|█████▉    | 11788168/19696959 [00:01<00:00, 11757690.49iteration/s]
 66%|██████▌   | 12974080/19696959 [00:01<00:00, 11763418.42iteration/s]
 72%|███████▏  | 14159992/19696959 [00:01<00:00, 11760065.52iteration/s]
 78%|███████▊  | 15347352/19696959 [00:01<00:00, 11760670.12iteration/s]
 84%|████████▍ | 16533264/19696959 [00:01<00:00, 11759447.03iteration/s]
 90%|████████▉ | 17716280/19696959 [00:01<00:00, 11761911.02iteration/s]
 96%|█████████▌| 18903640/19696959 [00:01<00:00, 11763731.02iteration/s]2026-05-26 20:19:20.732 | INFO     | utils.ConnectHandler_server:receive:80 - receive completed

100%|██████████| 19696959/19696959 [00:01<00:00, 11697574.73iteration/s]
2026-05-26 20:19:20.748 | INFO     | __main__:<module>:226 - 2026-05-26 20:19:20 RECV round=55 cid=1 train_duration=110.01783800125122 battery=138624.75J
2026-05-26 20:19:20.748 | INFO     | utils.ConnectHandler_server:send:28 - sending data (59 bytes) to client#1...
2026-05-26 20:19:20.748 | INFO     | utils.ConnectHandler_server:send:34 - sending data (59 bytes) to client#1 completely
2026-05-26 20:19:34.951 | INFO     | __main__:<module>:313 - 2026-05-26 20:19:34 ROUND=55 end avg_acc=25.5660 best_acc=25.5660 duration=129.97s comm_mb=75.138 selected=[0, 1] checkpoint=logs_real/dfl_real_server/checkpoints/dfl_seed1/checkpoint.pt
2026-05-26 20:19:34.951 | INFO     | __main__:<module>:179 - 2026-05-26 20:19:34 ROUND=56 start selected=[2, 3] active_clients=[0, 1, 2, 3, 4, 5, 6, 7, 8, 9] cursor=4
2026-05-26 20:19:34.978 | INFO     | utils.ConnectHandler_server:send:28 - sending data (19699820 bytes) to client#2...
2026-05-26 20:19:36.606 | INFO     | utils.ConnectHandler_server:send:34 - sending data (19699820 bytes) to client#2 completely
2026-05-26 20:19:36.606 | INFO     | __main__:<module>:207 - 2026-05-26 20:19:36 SEND round=56 cid=2 payload_mb=18.787 duration=1.639s
2026-05-26 20:19:36.625 | INFO     | utils.ConnectHandler_server:send:28 - sending data (19699825 bytes) to client#3...
2026-05-26 20:19:38.245 | INFO     | utils.ConnectHandler_server:send:34 - sending data (19699825 bytes) to client#3 completely
2026-05-26 20:19:38.246 | INFO     | __main__:<module>:207 - 2026-05-26 20:19:38 SEND round=56 cid=3 payload_mb=18.787 duration=1.630s
2026-05-26 20:21:02.623 | INFO     | utils.ConnectHandler_server:receive:71 - 19696973bytes data to be received from client#3

  0%|          | 0/19696973 [00:00<?, ?iteration/s]
  6%|▌         | 1143920/19696973 [00:00<00:01, 11437874.68iteration/s]
 12%|█▏        | 2321144/19696973 [00:00<00:01, 11624319.71iteration/s]
 18%|█▊        | 3498368/19696973 [00:00<00:01, 11687497.63iteration/s]
 24%|██▎       | 4674144/19696973 [00:00<00:01, 11711094.69iteration/s]
 30%|██▉       | 5852816/19696973 [00:00<00:01, 11727581.90iteration/s]
 36%|███▌      | 7028592/19696973 [00:00<00:01, 11735963.93iteration/s]
 42%|████▏     | 8210160/19696973 [00:00<00:00, 11749005.54iteration/s]
 48%|████▊     | 9390280/19696973 [00:00<00:00, 11749812.27iteration/s]
 54%|█████▎    | 10566056/19696973 [00:00<00:00, 11746921.02iteration/s]
 60%|█████▉    | 11741832/19696973 [00:01<00:00, 11748961.69iteration/s]
 66%|██████▌   | 12921952/19696973 [00:01<00:00, 11750067.28iteration/s]
 72%|███████▏  | 14109312/19696973 [00:01<00:00, 11761604.22iteration/s]
 78%|███████▊  | 15292328/19696973 [00:01<00:00, 11754911.55iteration/s]
 84%|████████▎ | 16481136/19696973 [00:01<00:00, 11759873.81iteration/s]
 90%|████████▉ | 17665600/19696973 [00:01<00:00, 11761029.83iteration/s]
 96%|█████████▌| 18851512/19696973 [00:01<00:00, 11760950.74iteration/s]2026-05-26 20:21:04.303 | INFO     | utils.ConnectHandler_server:receive:80 - receive completed

100%|██████████| 19696973/19696973 [00:01<00:00, 11680804.22iteration/s]
2026-05-26 20:21:04.319 | INFO     | __main__:<module>:226 - 2026-05-26 20:21:04 RECV round=56 cid=3 train_duration=83.66788458824158 battery=141357.85J
2026-05-26 20:21:04.319 | INFO     | utils.ConnectHandler_server:send:28 - sending data (59 bytes) to client#3...
2026-05-26 20:21:04.319 | INFO     | utils.ConnectHandler_server:send:34 - sending data (59 bytes) to client#3 completely
2026-05-26 20:21:05.818 | INFO     | utils.ConnectHandler_server:receive:71 - 19697059bytes data to be received from client#2

  0%|          | 0/19697059 [00:00<?, ?iteration/s]
  6%|▌         | 1172880/19697059 [00:00<00:01, 11718641.23iteration/s]
 12%|█▏        | 2350104/19697059 [00:00<00:01, 11740782.98iteration/s]
 18%|█▊        | 3527328/19697059 [00:00<00:01, 11753493.41iteration/s]
 24%|██▍       | 4706000/19697059 [00:00<00:01, 11753958.56iteration/s]
 30%|██▉       | 5884672/19697059 [00:00<00:01, 11756293.45iteration/s]
 36%|███▌      | 7060448/19697059 [00:00<00:01, 11750677.70iteration/s]
 42%|████▏     | 8243464/19697059 [00:00<00:00, 11758683.74iteration/s]
 48%|████▊     | 9427928/19697059 [00:00<00:00, 11762101.73iteration/s]
 54%|█████▍    | 10612392/19697059 [00:00<00:00, 11755036.34iteration/s]
 60%|█████▉    | 11798304/19697059 [00:01<00:00, 11753714.37iteration/s]
 66%|██████▌   | 12979872/19697059 [00:01<00:00, 11760337.87iteration/s]
 72%|███████▏  | 14158544/19697059 [00:01<00:00, 11759814.14iteration/s]
 78%|███████▊  | 15344456/19697059 [00:01<00:00, 11758625.97iteration/s]
 84%|████████▍ | 16533264/19697059 [00:01<00:00, 11761551.97iteration/s]
 90%|████████▉ | 17711936/19697059 [00:01<00:00, 11752816.61iteration/s]
 96%|█████████▌| 18899296/19697059 [00:01<00:00, 11755461.35iteration/s]2026-05-26 20:21:07.495 | INFO     | utils.ConnectHandler_server:receive:80 - receive completed

100%|██████████| 19697059/19697059 [00:01<00:00, 11698213.84iteration/s]
2026-05-26 20:21:07.511 | INFO     | __main__:<module>:226 - 2026-05-26 20:21:07 RECV round=56 cid=2 train_duration=88.43377757072449 battery=140925.40J
2026-05-26 20:21:07.511 | INFO     | utils.ConnectHandler_server:send:28 - sending data (59 bytes) to client#2...
2026-05-26 20:21:07.511 | INFO     | utils.ConnectHandler_server:send:34 - sending data (59 bytes) to client#2 completely
2026-05-26 20:21:21.824 | INFO     | __main__:<module>:313 - 2026-05-26 20:21:21 ROUND=56 end avg_acc=26.0380 best_acc=26.0380 duration=106.50s comm_mb=75.138 selected=[2, 3] checkpoint=logs_real/dfl_real_server/checkpoints/dfl_seed1/checkpoint.pt
2026-05-26 20:21:21.825 | INFO     | __main__:<module>:179 - 2026-05-26 20:21:21 ROUND=57 start selected=[4, 5] active_clients=[0, 1, 2, 3, 4, 5, 6, 7, 8, 9] cursor=6
2026-05-26 20:21:21.872 | INFO     | utils.ConnectHandler_server:send:28 - sending data (19699825 bytes) to client#4...
2026-05-26 20:21:23.448 | INFO     | utils.ConnectHandler_server:send:34 - sending data (19699825 bytes) to client#4 completely
2026-05-26 20:21:23.448 | INFO     | __main__:<module>:207 - 2026-05-26 20:21:23 SEND round=57 cid=4 payload_mb=18.787 duration=1.589s
2026-05-26 20:21:23.467 | INFO     | utils.ConnectHandler_server:send:28 - sending data (19699820 bytes) to client#5...
2026-05-26 20:21:25.142 | INFO     | utils.ConnectHandler_server:send:34 - sending data (19699820 bytes) to client#5 completely
2026-05-26 20:21:25.142 | INFO     | __main__:<module>:207 - 2026-05-26 20:21:25 SEND round=57 cid=5 payload_mb=18.787 duration=1.685s
2026-05-26 20:22:50.355 | INFO     | utils.ConnectHandler_server:receive:71 - 19696995bytes data to be received from client#4

  0%|          | 0/19696995 [00:00<?, ?iteration/s]
  6%|▌         | 1168536/19696995 [00:00<00:01, 11683059.21iteration/s]
 12%|█▏        | 2338520/19696995 [00:00<00:01, 11454965.95iteration/s]
 18%|█▊        | 3515744/19696995 [00:00<00:01, 11591732.83iteration/s]
 24%|██▍       | 4691520/19696995 [00:00<00:01, 11652774.12iteration/s]
 30%|██▉       | 5868744/19696995 [00:00<00:01, 11689640.25iteration/s]
 36%|███▌      | 7045968/19696995 [00:00<00:01, 11710648.14iteration/s]
 42%|████▏     | 8226088/19696995 [00:00<00:00, 11729351.38iteration/s]
 48%|████▊     | 9403312/19696995 [00:00<00:00, 11734294.55iteration/s]
 54%|█████▎    | 10586328/19696995 [00:00<00:00, 11742813.54iteration/s]
 60%|█████▉    | 11769344/19696995 [00:01<00:00, 11751627.98iteration/s]
 66%|██████▌   | 12952360/19696995 [00:01<00:00, 11749984.20iteration/s]
 72%|███████▏  | 14132480/19696995 [00:01<00:00, 11753586.11iteration/s]
 78%|███████▊  | 15309704/19696995 [00:01<00:00, 11753806.60iteration/s]
 84%|████████▎ | 16486928/19696995 [00:01<00:00, 11754052.93iteration/s]
 90%|████████▉ | 17671392/19696995 [00:01<00:00, 11756592.42iteration/s]
 96%|█████████▌| 18851512/19696995 [00:01<00:00, 11753709.59iteration/s]2026-05-26 20:22:52.037 | INFO     | utils.ConnectHandler_server:receive:80 - receive completed

100%|██████████| 19696995/19696995 [00:01<00:00, 11671948.68iteration/s]
2026-05-26 20:22:52.052 | INFO     | __main__:<module>:226 - 2026-05-26 20:22:52 RECV round=57 cid=4 train_duration=86.02805399894714 battery=141131.47J
2026-05-26 20:22:52.052 | INFO     | utils.ConnectHandler_server:send:28 - sending data (59 bytes) to client#4...
2026-05-26 20:22:52.052 | INFO     | utils.ConnectHandler_server:send:34 - sending data (59 bytes) to client#4 completely
2026-05-26 20:23:54.401 | INFO     | utils.ConnectHandler_server:receive:71 - 19696969bytes data to be received from client#5

  0%|          | 0/19696969 [00:00<?, ?iteration/s]
  6%|▌         | 1175776/19696969 [00:00<00:01, 11749843.30iteration/s]
 12%|█▏        | 2354448/19696969 [00:00<00:01, 11754445.68iteration/s]
 18%|█▊        | 3533120/19696969 [00:00<00:01, 11757153.71iteration/s]
 24%|██▍       | 4708896/19696969 [00:00<00:01, 11748527.93iteration/s]
 30%|██▉       | 5887568/19696969 [00:00<00:01, 11757642.98iteration/s]
 36%|███▌      | 7067688/19696969 [00:00<00:01, 11755952.65iteration/s]
 42%|████▏     | 8249256/19696969 [00:00<00:00, 11759153.26iteration/s]
 48%|████▊     | 9429376/19696969 [00:00<00:00, 11757713.43iteration/s]
 54%|█████▍    | 10610944/19696969 [00:00<00:00, 11749445.33iteration/s]
 60%|█████▉    | 11798304/19696969 [00:01<00:00, 11766117.73iteration/s]
 66%|██████▌   | 12978424/19696969 [00:01<00:00, 11758471.96iteration/s]
 72%|███████▏  | 14164336/19696969 [00:01<00:00, 11759485.56iteration/s]
 78%|███████▊  | 15353144/19696969 [00:01<00:00, 11763145.61iteration/s]
 84%|████████▍ | 16533264/19696969 [00:01<00:00, 11759056.96iteration/s]
 90%|████████▉ | 17720624/19696969 [00:01<00:00, 11761968.70iteration/s]
 96%|█████████▌| 18903640/19696969 [00:01<00:00, 11752335.19iteration/s]2026-05-26 20:23:56.078 | INFO     | utils.ConnectHandler_server:receive:80 - receive completed

100%|██████████| 19696969/19696969 [00:01<00:00, 11705464.88iteration/s]
2026-05-26 20:23:56.094 | INFO     | __main__:<module>:226 - 2026-05-26 20:23:56 RECV round=57 cid=5 train_duration=148.55109667778015 battery=136144.96J
2026-05-26 20:23:56.094 | INFO     | utils.ConnectHandler_server:send:28 - sending data (59 bytes) to client#5...
2026-05-26 20:23:56.094 | INFO     | utils.ConnectHandler_server:send:34 - sending data (59 bytes) to client#5 completely
2026-05-26 20:24:10.286 | INFO     | __main__:<module>:313 - 2026-05-26 20:24:10 ROUND=57 end avg_acc=26.6380 best_acc=26.6380 duration=168.21s comm_mb=75.138 selected=[4, 5] checkpoint=logs_real/dfl_real_server/checkpoints/dfl_seed1/checkpoint.pt
2026-05-26 20:24:10.286 | INFO     | __main__:<module>:179 - 2026-05-26 20:24:10 ROUND=58 start selected=[6, 7] active_clients=[0, 1, 2, 3, 4, 5, 6, 7, 8, 9] cursor=8
2026-05-26 20:24:10.303 | INFO     | utils.ConnectHandler_server:send:28 - sending data (19699820 bytes) to client#6...
2026-05-26 20:24:11.898 | INFO     | utils.ConnectHandler_server:send:34 - sending data (19699820 bytes) to client#6 completely
2026-05-26 20:24:11.898 | INFO     | __main__:<module>:207 - 2026-05-26 20:24:11 SEND round=58 cid=6 payload_mb=18.787 duration=1.603s
2026-05-26 20:24:11.916 | INFO     | utils.ConnectHandler_server:send:28 - sending data (19729791 bytes) to client#7...
2026-05-26 20:24:13.638 | INFO     | utils.ConnectHandler_server:send:34 - sending data (19729791 bytes) to client#7 completely
2026-05-26 20:24:13.638 | INFO     | __main__:<module>:207 - 2026-05-26 20:24:13 SEND round=58 cid=7 payload_mb=18.816 duration=1.731s
2026-05-26 20:25:54.412 | INFO     | utils.ConnectHandler_server:receive:71 - 19696959bytes data to be received from client#6

  0%|          | 0/19696959 [00:00<?, ?iteration/s]
  6%|▌         | 1171432/19696959 [00:00<00:01, 11710589.86iteration/s]
 12%|█▏        | 2348656/19696959 [00:00<00:01, 11744023.92iteration/s]
 18%|█▊        | 3525880/19696959 [00:00<00:01, 11751103.61iteration/s]
 24%|██▍       | 4701656/19696959 [00:00<00:01, 11749390.39iteration/s]
 30%|██▉       | 5883224/19696959 [00:00<00:01, 11757020.96iteration/s]
 36%|███▌      | 7063344/19696959 [00:00<00:01, 11755105.54iteration/s]
 42%|████▏     | 8243464/19696959 [00:00<00:00, 11756220.78iteration/s]
 48%|████▊     | 9425032/19696959 [00:00<00:00, 11760790.07iteration/s]
 54%|█████▍    | 10608048/19696959 [00:00<00:00, 11760356.83iteration/s]
 60%|█████▉    | 11786720/19696959 [00:01<00:00, 11754430.88iteration/s]
 66%|██████▌   | 12969736/19696959 [00:01<00:00, 11759568.70iteration/s]
 72%|███████▏  | 14154200/19696959 [00:01<00:00, 11753002.14iteration/s]
 78%|███████▊  | 15334320/19696959 [00:01<00:00, 11762369.41iteration/s]
 84%|████████▍ | 16517336/19696959 [00:01<00:00, 11755787.26iteration/s]
 90%|████████▉ | 17706144/19696959 [00:01<00:00, 11752252.04iteration/s]
 96%|█████████▌| 18887712/19696959 [00:01<00:00, 11759377.21iteration/s]2026-05-26 20:25:56.089 | INFO     | utils.ConnectHandler_server:receive:80 - receive completed

100%|██████████| 19696959/19696959 [00:01<00:00, 11699150.06iteration/s]
2026-05-26 20:25:56.111 | INFO     | __main__:<module>:226 - 2026-05-26 20:25:56 RECV round=58 cid=6 train_duration=101.72369503974915 battery=139423.14J
2026-05-26 20:25:56.111 | INFO     | utils.ConnectHandler_server:send:28 - sending data (59 bytes) to client#6...
2026-05-26 20:25:56.111 | INFO     | utils.ConnectHandler_server:send:34 - sending data (59 bytes) to client#6 completely
2026-05-26 20:26:05.943 | INFO     | utils.ConnectHandler_server:receive:71 - 19697437bytes data to be received from client#7

  0%|          | 0/19697437 [00:00<?, ?iteration/s]
  6%|▌         | 1168536/19697437 [00:00<00:01, 11664818.73iteration/s]
 12%|█▏        | 2338520/19697437 [00:00<00:01, 11680532.94iteration/s]
 18%|█▊        | 3508504/19697437 [00:00<00:01, 11659221.30iteration/s]
 24%|██▎       | 4675592/19697437 [00:00<00:01, 11661694.16iteration/s]
 30%|██▉       | 5848472/19697437 [00:00<00:01, 11679306.09iteration/s]
 36%|███▌      | 7021352/19697437 [00:00<00:01, 11675547.87iteration/s]
 42%|████▏     | 8195680/19697437 [00:00<00:00, 11693574.68iteration/s]
 48%|████▊     | 9372904/19697437 [00:00<00:00, 11717319.98iteration/s]
 54%|█████▎    | 10553024/19697437 [00:00<00:00, 11720950.00iteration/s]
 60%|█████▉    | 11731696/19697437 [00:01<00:00, 11738412.34iteration/s]
 66%|██████▌   | 12914712/19697437 [00:01<00:00, 11736405.19iteration/s]
 72%|███████▏  | 14097728/19697437 [00:01<00:00, 11744988.14iteration/s]
 78%|███████▊  | 15274952/19697437 [00:01<00:00, 11739959.42iteration/s]
 84%|████████▎ | 16459416/19697437 [00:01<00:00, 11738322.93iteration/s]
 90%|████████▉ | 17648224/19697437 [00:01<00:00, 11732621.76iteration/s]
 96%|█████████▌| 18837032/19697437 [00:01<00:00, 11746092.77iteration/s]2026-05-26 20:26:07.626 | INFO     | utils.ConnectHandler_server:receive:80 - receive completed

100%|██████████| 19697437/19697437 [00:01<00:00, 11661906.48iteration/s]
2026-05-26 20:26:07.641 | INFO     | __main__:<module>:226 - 2026-05-26 20:26:07 RECV round=58 cid=7 train_duration=111.95012068748474 battery=127345.23J
2026-05-26 20:26:07.642 | INFO     | utils.ConnectHandler_server:send:28 - sending data (59 bytes) to client#7...
2026-05-26 20:26:07.642 | INFO     | utils.ConnectHandler_server:send:34 - sending data (59 bytes) to client#7 completely
2026-05-26 20:26:22.392 | INFO     | __main__:<module>:313 - 2026-05-26 20:26:22 ROUND=58 end avg_acc=27.0680 best_acc=27.0680 duration=131.86s comm_mb=75.167 selected=[6, 7] checkpoint=logs_real/dfl_real_server/checkpoints/dfl_seed1/checkpoint.pt
2026-05-26 20:26:22.393 | INFO     | __main__:<module>:179 - 2026-05-26 20:26:22 ROUND=59 start selected=[8, 9] active_clients=[0, 1, 2, 3, 4, 5, 6, 7, 8, 9] cursor=0
2026-05-26 20:26:22.417 | INFO     | utils.ConnectHandler_server:send:28 - sending data (19735888 bytes) to client#8...
2026-05-26 20:26:23.977 | INFO     | utils.ConnectHandler_server:send:34 - sending data (19735888 bytes) to client#8 completely
2026-05-26 20:26:23.977 | INFO     | __main__:<module>:207 - 2026-05-26 20:26:23 SEND round=59 cid=8 payload_mb=18.822 duration=1.574s
2026-05-26 20:26:23.996 | INFO     | utils.ConnectHandler_server:send:28 - sending data (19723703 bytes) to client#9...
2026-05-26 20:26:25.723 | INFO     | utils.ConnectHandler_server:send:34 - sending data (19723703 bytes) to client#9 completely
2026-05-26 20:26:25.724 | INFO     | __main__:<module>:207 - 2026-05-26 20:26:25 SEND round=59 cid=9 payload_mb=18.810 duration=1.737s
2026-05-26 20:28:20.417 | INFO     | utils.ConnectHandler_server:receive:71 - 19694064bytes data to be received from client#9

  0%|          | 0/19694064 [00:00<?, ?iteration/s]
  6%|▌         | 1183518/19694064 [00:00<00:01, 11807743.20iteration/s]
 12%|█▏        | 2365622/19694064 [00:00<00:01, 11759543.69iteration/s]
 18%|█▊        | 3542070/19694064 [00:00<00:01, 11758401.32iteration/s]
 24%|██▍       | 4718518/19694064 [00:00<00:01, 11742931.45iteration/s]
 30%|██▉       | 5897794/19694064 [00:00<00:01, 11751115.61iteration/s]
 36%|███▌      | 7078484/19694064 [00:00<00:01, 11745864.78iteration/s]
 42%|████▏     | 8256346/19694064 [00:00<00:00, 11747115.02iteration/s]
 48%|████▊     | 9431380/19694064 [00:00<00:00, 11742043.77iteration/s]
 54%|█████▍    | 10613484/19694064 [00:00<00:00, 11744983.22iteration/s]
 60%|█████▉    | 11798416/19694064 [00:01<00:00, 11745881.09iteration/s]
 66%|██████▌   | 12977692/19694064 [00:01<00:00, 11745125.38iteration/s]
 72%|███████▏  | 14158382/19694064 [00:01<00:00, 11737675.24iteration/s]
 78%|███████▊  | 15337658/19694064 [00:01<00:00, 11746508.33iteration/s]
 84%|████████▍ | 16515520/19694064 [00:01<00:00, 11738316.74iteration/s]
 90%|████████▉ | 17701866/19694064 [00:01<00:00, 11740747.63iteration/s]
 96%|█████████▌| 18876900/19694064 [00:01<00:00, 11742509.72iteration/s]2026-05-26 20:28:22.096 | INFO     | utils.ConnectHandler_server:receive:80 - receive completed

100%|██████████| 19694064/19694064 [00:01<00:00, 11687228.93iteration/s]
2026-05-26 20:28:22.119 | INFO     | __main__:<module>:226 - 2026-05-26 20:28:22 RECV round=59 cid=9 train_duration=114.26891207695007 battery=127182.83J
2026-05-26 20:28:22.119 | INFO     | utils.ConnectHandler_server:send:28 - sending data (59 bytes) to client#9...
2026-05-26 20:28:22.119 | INFO     | utils.ConnectHandler_server:send:34 - sending data (59 bytes) to client#9 completely
2026-05-26 20:30:08.301 | INFO     | utils.ConnectHandler_server:receive:71 - 19697437bytes data to be received from client#8

  0%|          | 0/19697437 [00:00<?, ?iteration/s]
  6%|▌         | 1161296/19697437 [00:00<00:01, 11596906.89iteration/s]
 12%|█▏        | 2331280/19697437 [00:00<00:01, 11650797.64iteration/s]
 18%|█▊        | 3501264/19697437 [00:00<00:01, 11670440.00iteration/s]
 24%|██▎       | 4669800/19697437 [00:00<00:01, 11667550.47iteration/s]
 30%|██▉       | 5845576/19697437 [00:00<00:01, 11691059.53iteration/s]
 36%|███▌      | 7017008/19697437 [00:00<00:01, 11697381.78iteration/s]
 42%|████▏     | 8195680/19697437 [00:00<00:00, 11713969.94iteration/s]
 48%|████▊     | 9374352/19697437 [00:00<00:00, 11728115.93iteration/s]
 54%|█████▎    | 10555920/19697437 [00:00<00:00, 11735165.04iteration/s]
 60%|█████▉    | 11734592/19697437 [00:01<00:00, 11741150.54iteration/s]
 66%|██████▌   | 12914712/19697437 [00:01<00:00, 11741360.14iteration/s]
 72%|███████▏  | 14094832/19697437 [00:01<00:00, 11747648.41iteration/s]
 78%|███████▊  | 15279296/19697437 [00:01<00:00, 11744004.99iteration/s]
 84%|████████▎ | 16466656/19697437 [00:01<00:00, 11750171.04iteration/s]
 90%|████████▉ | 17651120/19697437 [00:01<00:00, 11744148.99iteration/s]
 96%|█████████▌| 18826896/19697437 [00:01<00:00, 11734648.06iteration/s]2026-05-26 20:30:09.983 | INFO     | utils.ConnectHandler_server:receive:80 - receive completed

100%|██████████| 19697437/19697437 [00:01<00:00, 11667262.21iteration/s]
2026-05-26 20:30:10.000 | INFO     | __main__:<module>:226 - 2026-05-26 20:30:09 RECV round=59 cid=8 train_duration=223.54792761802673 battery=108450.44J
2026-05-26 20:30:10.000 | INFO     | utils.ConnectHandler_server:send:28 - sending data (59 bytes) to client#8...
2026-05-26 20:30:10.000 | INFO     | utils.ConnectHandler_server:send:34 - sending data (59 bytes) to client#8 completely
2026-05-26 20:30:24.841 | INFO     | __main__:<module>:313 - 2026-05-26 20:30:24 ROUND=59 end avg_acc=27.3020 best_acc=27.3020 duration=242.09s comm_mb=75.195 selected=[8, 9] checkpoint=logs_real/dfl_real_server/checkpoints/dfl_seed1/checkpoint.pt
2026-05-26 20:30:24.842 | INFO     | __main__:<module>:179 - 2026-05-26 20:30:24 ROUND=60 start selected=[0, 1] active_clients=[0, 1, 2, 3, 4, 5, 6, 7, 8, 9] cursor=2
2026-05-26 20:30:24.887 | INFO     | utils.ConnectHandler_server:send:28 - sending data (19699823 bytes) to client#0...
2026-05-26 20:30:26.461 | INFO     | utils.ConnectHandler_server:send:34 - sending data (19699823 bytes) to client#0 completely
2026-05-26 20:30:26.461 | INFO     | __main__:<module>:207 - 2026-05-26 20:30:26 SEND round=60 cid=0 payload_mb=18.787 duration=1.588s
2026-05-26 20:30:26.480 | INFO     | utils.ConnectHandler_server:send:28 - sending data (19699819 bytes) to client#1...
2026-05-26 20:30:28.158 | INFO     | utils.ConnectHandler_server:send:34 - sending data (19699819 bytes) to client#1 completely
2026-05-26 20:30:28.158 | INFO     | __main__:<module>:207 - 2026-05-26 20:30:28 SEND round=60 cid=1 payload_mb=18.787 duration=1.687s
2026-05-26 20:32:16.119 | INFO     | utils.ConnectHandler_server:receive:71 - 19696955bytes data to be received from client#0

  0%|          | 0/19696955 [00:00<?, ?iteration/s]
  6%|▌         | 1172880/19696955 [00:00<00:01, 11714985.47iteration/s]
 12%|█▏        | 2350104/19696955 [00:00<00:01, 11743239.03iteration/s]
 18%|█▊        | 3525880/19696955 [00:00<00:01, 11747672.68iteration/s]
 24%|██▍       | 4703104/19696955 [00:00<00:01, 11746298.27iteration/s]
 30%|██▉       | 5880328/19696955 [00:00<00:01, 11754942.09iteration/s]
 36%|███▌      | 7059000/19696955 [00:00<00:01, 11752500.04iteration/s]
 42%|████▏     | 8239120/19696955 [00:00<00:00, 11761062.79iteration/s]
 48%|████▊     | 9423584/19696955 [00:00<00:00, 11759559.45iteration/s]
 54%|█████▍    | 10603704/19696955 [00:00<00:00, 11755356.70iteration/s]
 60%|█████▉    | 11782376/19696955 [00:01<00:00, 11759931.86iteration/s]
 66%|██████▌   | 12962496/19696955 [00:01<00:00, 11753975.72iteration/s]
 72%|███████▏  | 14145512/19696955 [00:01<00:00, 11761320.48iteration/s]
 78%|███████▊  | 15325632/19696955 [00:01<00:00, 11763018.12iteration/s]
 84%|████████▍ | 16507200/19696955 [00:01<00:00, 11754629.45iteration/s]
 90%|████████▉ | 17690216/19696955 [00:01<00:00, 11755659.00iteration/s]
 96%|█████████▌| 18870336/19696955 [00:01<00:00, 11763366.05iteration/s]2026-05-26 20:32:17.797 | INFO     | utils.ConnectHandler_server:receive:80 - receive completed

100%|██████████| 19696955/19696955 [00:01<00:00, 11699041.65iteration/s]
2026-05-26 20:32:17.819 | INFO     | __main__:<module>:226 - 2026-05-26 20:32:17 RECV round=60 cid=0 train_duration=108.54237580299377 battery=137856.05J
2026-05-26 20:32:17.819 | INFO     | utils.ConnectHandler_server:send:28 - sending data (59 bytes) to client#0...
2026-05-26 20:32:17.819 | INFO     | utils.ConnectHandler_server:send:34 - sending data (59 bytes) to client#0 completely
2026-05-26 20:32:19.364 | INFO     | utils.ConnectHandler_server:receive:71 - 19696965bytes data to be received from client#1

  0%|          | 0/19696965 [00:00<?, ?iteration/s]
  6%|▌         | 1168536/19696965 [00:00<00:01, 11675767.30iteration/s]
 12%|█▏        | 2345760/19696965 [00:00<00:01, 11730661.35iteration/s]
 18%|█▊        | 3521536/19696965 [00:00<00:01, 11739855.38iteration/s]
 24%|██▍       | 4698760/19696965 [00:00<00:01, 11749622.50iteration/s]
 30%|██▉       | 5877432/19696965 [00:00<00:01, 11743701.48iteration/s]
 36%|███▌      | 7056104/19696965 [00:00<00:01, 11749304.67iteration/s]
 42%|████▏     | 8233328/19696965 [00:00<00:00, 11750777.66iteration/s]
 48%|████▊     | 9413448/19696965 [00:00<00:00, 11762532.49iteration/s]
 54%|█████▍    | 10595016/19696965 [00:00<00:00, 11759748.38iteration/s]
 60%|█████▉    | 11779480/19696965 [00:01<00:00, 11758931.25iteration/s]
 66%|██████▌   | 12966840/19696965 [00:01<00:00, 11759660.85iteration/s]
 72%|███████▏  | 14149856/19696965 [00:01<00:00, 11758074.48iteration/s]
 78%|███████▊  | 15331424/19696965 [00:01<00:00, 11746030.87iteration/s]
 84%|████████▍ | 16511544/19696965 [00:01<00:00, 11749196.22iteration/s]
 90%|████████▉ | 17700352/19696965 [00:01<00:00, 11754061.51iteration/s]
 96%|█████████▌| 18880472/19696965 [00:01<00:00, 11757302.19iteration/s]2026-05-26 20:32:21.042 | INFO     | utils.ConnectHandler_server:receive:80 - receive completed

100%|██████████| 19696965/19696965 [00:01<00:00, 11699067.47iteration/s]
2026-05-26 20:32:21.058 | INFO     | __main__:<module>:226 - 2026-05-26 20:32:21 RECV round=60 cid=1 train_duration=110.21671867370605 battery=137684.55J
2026-05-26 20:32:21.058 | INFO     | utils.ConnectHandler_server:send:28 - sending data (59 bytes) to client#1...
2026-05-26 20:32:21.058 | INFO     | utils.ConnectHandler_server:send:34 - sending data (59 bytes) to client#1 completely
2026-05-26 20:32:35.668 | INFO     | __main__:<module>:313 - 2026-05-26 20:32:35 ROUND=60 end avg_acc=27.6130 best_acc=27.6130 duration=130.58s comm_mb=75.138 selected=[0, 1] checkpoint=logs_real/dfl_real_server/checkpoints/dfl_seed1/checkpoint.pt
2026-05-26 20:32:35.668 | INFO     | __main__:<module>:179 - 2026-05-26 20:32:35 ROUND=61 start selected=[2, 3] active_clients=[0, 1, 2, 3, 4, 5, 6, 7, 8, 9] cursor=4
2026-05-26 20:32:35.687 | INFO     | utils.ConnectHandler_server:send:28 - sending data (19699820 bytes) to client#2...
2026-05-26 20:32:37.300 | INFO     | utils.ConnectHandler_server:send:34 - sending data (19699820 bytes) to client#2 completely
2026-05-26 20:32:37.300 | INFO     | __main__:<module>:207 - 2026-05-26 20:32:37 SEND round=61 cid=2 payload_mb=18.787 duration=1.623s
2026-05-26 20:32:37.319 | INFO     | utils.ConnectHandler_server:send:28 - sending data (19699825 bytes) to client#3...
2026-05-26 20:32:38.956 | INFO     | utils.ConnectHandler_server:send:34 - sending data (19699825 bytes) to client#3 completely
2026-05-26 20:32:38.956 | INFO     | __main__:<module>:207 - 2026-05-26 20:32:38 SEND round=61 cid=3 payload_mb=18.787 duration=1.647s
2026-05-26 20:34:03.274 | INFO     | utils.ConnectHandler_server:receive:71 - 19696961bytes data to be received from client#3

  0%|          | 0/19696961 [00:00<?, ?iteration/s]
  6%|▌         | 1178672/19696961 [00:00<00:01, 11773958.78iteration/s]
 12%|█▏        | 2358792/19696961 [00:00<00:01, 11746838.54iteration/s]
 18%|█▊        | 3536016/19696961 [00:00<00:01, 11755990.32iteration/s]
 24%|██▍       | 4711792/19696961 [00:00<00:01, 11750728.58iteration/s]
 30%|██▉       | 5889016/19696961 [00:00<00:01, 11756471.07iteration/s]
 36%|███▌      | 7069136/19696961 [00:00<00:01, 11750599.26iteration/s]
 42%|████▏     | 8246360/19696961 [00:00<00:00, 11753174.99iteration/s]
 48%|████▊     | 9425032/19696961 [00:00<00:00, 11761140.75iteration/s]
 54%|█████▍    | 10606600/19696961 [00:00<00:00, 11754477.29iteration/s]
 60%|█████▉    | 11786720/19696961 [00:01<00:00, 11755491.23iteration/s]
 66%|██████▌   | 12969736/19696961 [00:01<00:00, 11758742.47iteration/s]
 72%|███████▏  | 14149856/19696961 [00:01<00:00, 11765694.64iteration/s]
 78%|███████▊  | 15338664/19696961 [00:01<00:00, 11761100.90iteration/s]
 84%|████████▍ | 16526024/19696961 [00:01<00:00, 11759203.67iteration/s]
 90%|████████▉ | 17709040/19696961 [00:01<00:00, 11757024.09iteration/s]
 96%|█████████▌| 18897848/19696961 [00:01<00:00, 11757298.61iteration/s]2026-05-26 20:34:04.951 | INFO     | utils.ConnectHandler_server:receive:80 - receive completed

100%|██████████| 19696961/19696961 [00:01<00:00, 11703062.42iteration/s]
2026-05-26 20:34:04.972 | INFO     | __main__:<module>:226 - 2026-05-26 20:34:04 RECV round=61 cid=3 train_duration=83.62382102012634 battery=140644.50J
2026-05-26 20:34:04.973 | INFO     | utils.ConnectHandler_server:send:28 - sending data (59 bytes) to client#3...
2026-05-26 20:34:04.973 | INFO     | utils.ConnectHandler_server:send:34 - sending data (59 bytes) to client#3 completely
2026-05-26 20:34:06.194 | INFO     | utils.ConnectHandler_server:receive:71 - 19697059bytes data to be received from client#2

  0%|          | 0/19697059 [00:00<?, ?iteration/s]
  6%|▌         | 1175776/19697059 [00:00<00:01, 11729554.06iteration/s]
 12%|█▏        | 2353000/19697059 [00:00<00:01, 11745067.95iteration/s]
 18%|█▊        | 3530224/19697059 [00:00<00:01, 11753927.17iteration/s]
 24%|██▍       | 4708896/19697059 [00:00<00:01, 11750489.37iteration/s]
 30%|██▉       | 5886120/19697059 [00:00<00:01, 11753300.68iteration/s]
 36%|███▌      | 7066240/19697059 [00:00<00:01, 11757167.22iteration/s]
 42%|████▏     | 8246360/19697059 [00:00<00:00, 11757516.75iteration/s]
 48%|████▊     | 9425032/19697059 [00:00<00:00, 11755667.31iteration/s]
 54%|█████▍    | 10603704/19697059 [00:00<00:00, 11756386.73iteration/s]
 60%|█████▉    | 11782376/19697059 [00:01<00:00, 11755856.80iteration/s]
 66%|██████▌   | 12962496/19697059 [00:01<00:00, 11761060.17iteration/s]
 72%|███████▏  | 14141168/19697059 [00:01<00:00, 11754966.51iteration/s]
 78%|███████▊  | 15324184/19697059 [00:01<00:00, 11754454.00iteration/s]
 84%|████████▍ | 16512992/19697059 [00:01<00:00, 11764721.75iteration/s]
 90%|████████▉ | 17693112/19697059 [00:01<00:00, 11757589.08iteration/s]
 96%|█████████▌| 18880472/19697059 [00:01<00:00, 11754521.15iteration/s]2026-05-26 20:34:07.871 | INFO     | utils.ConnectHandler_server:receive:80 - receive completed

100%|██████████| 19697059/19697059 [00:01<00:00, 11697841.15iteration/s]
2026-05-26 20:34:07.888 | INFO     | __main__:<module>:226 - 2026-05-26 20:34:07 RECV round=61 cid=2 train_duration=88.11145281791687 battery=140173.76J
2026-05-26 20:34:07.888 | INFO     | utils.ConnectHandler_server:send:28 - sending data (59 bytes) to client#2...
2026-05-26 20:34:07.888 | INFO     | utils.ConnectHandler_server:send:34 - sending data (59 bytes) to client#2 completely
2026-05-26 20:34:22.457 | INFO     | __main__:<module>:313 - 2026-05-26 20:34:22 ROUND=61 end avg_acc=28.2050 best_acc=28.2050 duration=106.55s comm_mb=75.138 selected=[2, 3] checkpoint=logs_real/dfl_real_server/checkpoints/dfl_seed1/checkpoint.pt
2026-05-26 20:34:22.457 | INFO     | __main__:<module>:179 - 2026-05-26 20:34:22 ROUND=62 start selected=[4, 5] active_clients=[0, 1, 2, 3, 4, 5, 6, 7, 8, 9] cursor=6
2026-05-26 20:34:22.481 | INFO     | utils.ConnectHandler_server:send:28 - sending data (19699825 bytes) to client#4...
2026-05-26 20:34:24.056 | INFO     | utils.ConnectHandler_server:send:34 - sending data (19699825 bytes) to client#4 completely
2026-05-26 20:34:24.056 | INFO     | __main__:<module>:207 - 2026-05-26 20:34:24 SEND round=62 cid=4 payload_mb=18.787 duration=1.589s
2026-05-26 20:34:24.075 | INFO     | utils.ConnectHandler_server:send:28 - sending data (19699820 bytes) to client#5...
2026-05-26 20:34:25.736 | INFO     | utils.ConnectHandler_server:send:34 - sending data (19699820 bytes) to client#5 completely
2026-05-26 20:34:25.737 | INFO     | __main__:<module>:207 - 2026-05-26 20:34:25 SEND round=62 cid=5 payload_mb=18.787 duration=1.671s
2026-05-26 20:35:51.164 | INFO     | utils.ConnectHandler_server:receive:71 - 19696967bytes data to be received from client#4

  0%|          | 0/19696967 [00:00<?, ?iteration/s]
  6%|▌         | 1180120/19696967 [00:00<00:01, 11786570.42iteration/s]
 12%|█▏        | 2358792/19696967 [00:00<00:01, 11763744.17iteration/s]
 18%|█▊        | 3536016/19696967 [00:00<00:01, 11764451.44iteration/s]
 24%|██▍       | 4716136/19696967 [00:00<00:01, 11731744.70iteration/s]
 30%|██▉       | 5894808/19696967 [00:00<00:01, 11738231.06iteration/s]
 36%|███▌      | 7072032/19696967 [00:00<00:01, 11748369.00iteration/s]
 42%|████▏     | 8247808/19696967 [00:00<00:00, 11740979.18iteration/s]
 48%|████▊     | 9426480/19696967 [00:00<00:00, 11742386.66iteration/s]
 54%|█████▍    | 10605152/19696967 [00:00<00:00, 11752819.70iteration/s]
 60%|█████▉    | 11782376/19696967 [00:01<00:00, 11752832.34iteration/s]
 66%|██████▌   | 12966840/19696967 [00:01<00:00, 11752634.12iteration/s]
 72%|███████▏  | 14152752/19696967 [00:01<00:00, 11756278.00iteration/s]
 78%|███████▊  | 15338664/19696967 [00:01<00:00, 11761879.51iteration/s]
 84%|████████▍ | 16526024/19696967 [00:01<00:00, 11760520.01iteration/s]
 90%|████████▉ | 17711936/19696967 [00:01<00:00, 11760418.47iteration/s]
 96%|█████████▌| 18893504/19696967 [00:01<00:00, 11761913.41iteration/s]2026-05-26 20:35:52.841 | INFO     | utils.ConnectHandler_server:receive:80 - receive completed

100%|██████████| 19696967/19696967 [00:01<00:00, 11698629.65iteration/s]
2026-05-26 20:35:52.863 | INFO     | __main__:<module>:226 - 2026-05-26 20:35:52 RECV round=62 cid=4 train_duration=86.2364387512207 battery=140395.83J
2026-05-26 20:35:52.863 | INFO     | utils.ConnectHandler_server:send:28 - sending data (59 bytes) to client#4...
2026-05-26 20:35:52.863 | INFO     | utils.ConnectHandler_server:send:34 - sending data (59 bytes) to client#4 completely
2026-05-26 20:36:19.924 | INFO     | utils.ConnectHandler_server:receive:71 - 19696957bytes data to be received from client#5

  0%|          | 0/19696957 [00:00<?, ?iteration/s]
  6%|▌         | 1174328/19696957 [00:00<00:01, 11727325.95iteration/s]
 12%|█▏        | 2351552/19696957 [00:00<00:01, 11750048.55iteration/s]
 18%|█▊        | 3528776/19696957 [00:00<00:01, 11752726.09iteration/s]
 24%|██▍       | 4706000/19696957 [00:00<00:01, 11748847.58iteration/s]
 30%|██▉       | 5883224/19696957 [00:00<00:01, 11754209.27iteration/s]
 36%|███▌      | 7063344/19696957 [00:00<00:01, 11760117.92iteration/s]
 42%|████▏     | 8242016/19696957 [00:00<00:00, 11756689.67iteration/s]
 48%|████▊     | 9425032/19696957 [00:00<00:00, 11760323.54iteration/s]
 54%|█████▍    | 10602256/19696957 [00:00<00:00, 11758360.07iteration/s]
 60%|█████▉    | 11786720/19696957 [00:01<00:00, 11754044.04iteration/s]
 66%|██████▌   | 12966840/19696957 [00:01<00:00, 11760136.95iteration/s]
 72%|███████▏  | 14144064/19696957 [00:01<00:00, 11756116.29iteration/s]
 78%|███████▊  | 15328528/19696957 [00:01<00:00, 11761644.18iteration/s]
 84%|████████▍ | 16510096/19696957 [00:01<00:00, 11762338.89iteration/s]
 90%|████████▉ | 17690216/19696957 [00:01<00:00, 11757929.57iteration/s]
 96%|█████████▌| 18867440/19696957 [00:01<00:00, 11760409.94iteration/s]2026-05-26 20:36:21.600 | INFO     | utils.ConnectHandler_server:receive:80 - receive completed

100%|██████████| 19696957/19696957 [00:01<00:00, 11704434.54iteration/s]
2026-05-26 20:36:21.616 | INFO     | __main__:<module>:226 - 2026-05-26 20:36:21 RECV round=62 cid=5 train_duration=113.47015070915222 battery=135177.00J
2026-05-26 20:36:21.616 | INFO     | utils.ConnectHandler_server:send:28 - sending data (59 bytes) to client#5...
2026-05-26 20:36:21.616 | INFO     | utils.ConnectHandler_server:send:34 - sending data (59 bytes) to client#5 completely
2026-05-26 20:36:35.471 | INFO     | __main__:<module>:313 - 2026-05-26 20:36:35 ROUND=62 end avg_acc=28.9300 best_acc=28.9300 duration=132.66s comm_mb=75.138 selected=[4, 5] checkpoint=logs_real/dfl_real_server/checkpoints/dfl_seed1/checkpoint.pt
2026-05-26 20:36:35.471 | INFO     | __main__:<module>:179 - 2026-05-26 20:36:35 ROUND=63 start selected=[6, 7] active_clients=[0, 1, 2, 3, 4, 5, 6, 7, 8, 9] cursor=8
2026-05-26 20:36:35.490 | INFO     | utils.ConnectHandler_server:send:28 - sending data (19699820 bytes) to client#6...
2026-05-26 20:36:37.071 | INFO     | utils.ConnectHandler_server:send:34 - sending data (19699820 bytes) to client#6 completely
2026-05-26 20:36:37.071 | INFO     | __main__:<module>:207 - 2026-05-26 20:36:37 SEND round=63 cid=6 payload_mb=18.787 duration=1.591s
2026-05-26 20:36:37.089 | INFO     | utils.ConnectHandler_server:send:28 - sending data (19729791 bytes) to client#7...
2026-05-26 20:36:38.804 | INFO     | utils.ConnectHandler_server:send:34 - sending data (19729791 bytes) to client#7 completely
2026-05-26 20:36:38.805 | INFO     | __main__:<module>:207 - 2026-05-26 20:36:38 SEND round=63 cid=7 payload_mb=18.816 duration=1.725s
2026-05-26 20:38:29.499 | INFO     | utils.ConnectHandler_server:receive:71 - 19696971bytes data to be received from client#6

  0%|          | 0/19696971 [00:00<?, ?iteration/s]
  6%|▌         | 1177224/19696971 [00:00<00:01, 11760110.64iteration/s]
 12%|█▏        | 2354448/19696971 [00:00<00:01, 11764659.80iteration/s]
 18%|█▊        | 3533120/19696971 [00:00<00:01, 11759875.91iteration/s]
 24%|██▍       | 4713240/19696971 [00:00<00:01, 11759812.68iteration/s]
 30%|██▉       | 5890464/19696971 [00:00<00:01, 11757074.89iteration/s]
 36%|███▌      | 7066240/19696971 [00:00<00:01, 11751812.83iteration/s]
 42%|████▏     | 8246360/19696971 [00:00<00:00, 11758010.76iteration/s]
 48%|████▊     | 9427928/19696971 [00:00<00:00, 11763463.82iteration/s]
 54%|█████▍    | 10605152/19696971 [00:00<00:00, 11763807.87iteration/s]
 60%|█████▉    | 11786720/19696971 [00:01<00:00, 11755850.29iteration/s]
 66%|██████▌   | 12968288/19696971 [00:01<00:00, 11757286.24iteration/s]
 72%|███████▏  | 14145512/19696971 [00:01<00:00, 11761809.77iteration/s]
 78%|███████▊  | 15331424/19696971 [00:01<00:00, 11764428.35iteration/s]
 84%|████████▍ | 16510096/19696971 [00:01<00:00, 11757653.85iteration/s]
 90%|████████▉ | 17693112/19696971 [00:01<00:00, 11759806.59iteration/s]
 96%|█████████▌| 18877576/19696971 [00:01<00:00, 11755510.93iteration/s]2026-05-26 20:38:31.176 | INFO     | utils.ConnectHandler_server:receive:80 - receive completed

100%|██████████| 19696971/19696971 [00:01<00:00, 11705172.52iteration/s]
2026-05-26 20:38:31.199 | INFO     | __main__:<module>:226 - 2026-05-26 20:38:31 RECV round=63 cid=6 train_duration=111.6142988204956 battery=138471.01J
2026-05-26 20:38:31.199 | INFO     | utils.ConnectHandler_server:send:28 - sending data (59 bytes) to client#6...
2026-05-26 20:38:31.199 | INFO     | utils.ConnectHandler_server:send:34 - sending data (59 bytes) to client#6 completely
2026-05-26 20:38:38.390 | INFO     | utils.ConnectHandler_server:receive:71 - 19697437bytes data to be received from client#7

  0%|          | 0/19697437 [00:00<?, ?iteration/s]
  6%|▌         | 1141024/19697437 [00:00<00:01, 11393219.32iteration/s]
 12%|█▏        | 2311008/19697437 [00:00<00:01, 11563658.21iteration/s]
 18%|█▊        | 3478096/19697437 [00:00<00:01, 11609843.51iteration/s]
 24%|██▎       | 4648080/19697437 [00:00<00:01, 11640165.28iteration/s]
 30%|██▉       | 5825304/19697437 [00:00<00:01, 11674954.58iteration/s]
 36%|███▌      | 6996736/19697437 [00:00<00:01, 11681904.58iteration/s]
 42%|████▏     | 8176856/19697437 [00:00<00:00, 11708193.16iteration/s]
 47%|████▋     | 9352632/19697437 [00:00<00:00, 11715446.65iteration/s]
 53%|█████▎    | 10537096/19697437 [00:00<00:00, 11732690.06iteration/s]
 59%|█████▉    | 11714320/19697437 [00:01<00:00, 11744563.29iteration/s]
 65%|██████▌   | 12895888/19697437 [00:01<00:00, 11743036.40iteration/s]
 71%|███████▏  | 14074560/19697437 [00:01<00:00, 11750522.76iteration/s]
 77%|███████▋  | 15251784/19697437 [00:01<00:00, 11746051.95iteration/s]
 83%|████████▎ | 16436248/19697437 [00:01<00:00, 11749486.40iteration/s]
 89%|████████▉ | 17619264/19697437 [00:01<00:00, 11752387.65iteration/s]
 95%|█████████▌| 18796488/19697437 [00:01<00:00, 11753546.35iteration/s]2026-05-26 20:38:40.074 | INFO     | utils.ConnectHandler_server:receive:80 - receive completed

100%|██████████| 19697437/19697437 [00:01<00:00, 11656113.26iteration/s]
2026-05-26 20:38:40.089 | INFO     | __main__:<module>:226 - 2026-05-26 20:38:40 RECV round=63 cid=7 train_duration=119.22155857086182 battery=125510.33J
2026-05-26 20:38:40.090 | INFO     | utils.ConnectHandler_server:send:28 - sending data (59 bytes) to client#7...
2026-05-26 20:38:40.090 | INFO     | utils.ConnectHandler_server:send:34 - sending data (59 bytes) to client#7 completely
2026-05-26 20:38:53.878 | INFO     | __main__:<module>:313 - 2026-05-26 20:38:53 ROUND=63 end avg_acc=29.1040 best_acc=29.1040 duration=138.13s comm_mb=75.167 selected=[6, 7] checkpoint=logs_real/dfl_real_server/checkpoints/dfl_seed1/checkpoint.pt
2026-05-26 20:38:53.878 | INFO     | __main__:<module>:179 - 2026-05-26 20:38:53 ROUND=64 start selected=[8, 9] active_clients=[0, 1, 2, 3, 4, 5, 6, 7, 8, 9] cursor=0
2026-05-26 20:38:53.898 | INFO     | utils.ConnectHandler_server:send:28 - sending data (19735888 bytes) to client#8...
2026-05-26 20:38:55.483 | INFO     | utils.ConnectHandler_server:send:34 - sending data (19735888 bytes) to client#8 completely
2026-05-26 20:38:55.483 | INFO     | __main__:<module>:207 - 2026-05-26 20:38:55 SEND round=64 cid=8 payload_mb=18.822 duration=1.596s
2026-05-26 20:38:55.500 | INFO     | utils.ConnectHandler_server:send:28 - sending data (19723703 bytes) to client#9...
2026-05-26 20:38:57.187 | INFO     | utils.ConnectHandler_server:send:34 - sending data (19723703 bytes) to client#9 completely
2026-05-26 20:38:57.187 | INFO     | __main__:<module>:207 - 2026-05-26 20:38:57 SEND round=64 cid=9 payload_mb=18.810 duration=1.696s
2026-05-26 20:40:48.010 | INFO     | utils.ConnectHandler_server:receive:71 - 19694064bytes data to be received from client#9

  0%|          | 0/19694064 [00:00<?, ?iteration/s]
  6%|▌         | 1179276/19694064 [00:00<00:01, 11787066.42iteration/s]
 12%|█▏        | 2359966/19694064 [00:00<00:01, 11766729.24iteration/s]
 18%|█▊        | 3539242/19694064 [00:00<00:01, 11756622.17iteration/s]
 24%|██▍       | 4715690/19694064 [00:00<00:01, 11749116.93iteration/s]
 30%|██▉       | 5892138/19694064 [00:00<00:01, 11743343.91iteration/s]
 36%|███▌      | 7070000/19694064 [00:00<00:01, 11744647.61iteration/s]
 42%|████▏     | 8246448/19694064 [00:00<00:00, 11739487.22iteration/s]
 48%|████▊     | 9428552/19694064 [00:00<00:00, 11748759.47iteration/s]
 54%|█████▍    | 10609242/19694064 [00:00<00:00, 11740017.00iteration/s]
 60%|█████▉    | 11785690/19694064 [00:01<00:00, 11742543.00iteration/s]
 66%|██████▌   | 12966380/19694064 [00:01<00:00, 11737367.36iteration/s]
 72%|███████▏  | 14145656/19694064 [00:01<00:00, 11746550.01iteration/s]
 78%|███████▊  | 15330588/19694064 [00:01<00:00, 11739490.75iteration/s]
 84%|████████▍ | 16509864/19694064 [00:01<00:00, 11740319.90iteration/s]
 90%|████████▉ | 17694796/19694064 [00:01<00:00, 11745279.92iteration/s]
 96%|█████████▌| 18882556/19694064 [00:01<00:00, 11747418.43iteration/s]2026-05-26 20:40:49.688 | INFO     | utils.ConnectHandler_server:receive:80 - receive completed

100%|██████████| 19694064/19694064 [00:01<00:00, 11693128.60iteration/s]
2026-05-26 20:40:49.703 | INFO     | __main__:<module>:226 - 2026-05-26 20:40:49 RECV round=64 cid=9 train_duration=110.40394949913025 battery=125322.83J
2026-05-26 20:40:49.703 | INFO     | utils.ConnectHandler_server:send:28 - sending data (59 bytes) to client#9...
2026-05-26 20:40:49.703 | INFO     | utils.ConnectHandler_server:send:34 - sending data (59 bytes) to client#9 completely
2026-05-26 20:42:39.550 | INFO     | utils.ConnectHandler_server:receive:71 - 19697437bytes data to be received from client#8

  0%|          | 0/19697437 [00:00<?, ?iteration/s]
  6%|▌         | 1159848/19697437 [00:00<00:01, 11598159.23iteration/s]
 12%|█▏        | 2329832/19697437 [00:00<00:01, 11649465.34iteration/s]
 18%|█▊        | 3502712/19697437 [00:00<00:01, 11677281.99iteration/s]
 24%|██▎       | 4675592/19697437 [00:00<00:01, 11683237.21iteration/s]
 30%|██▉       | 5847024/19697437 [00:00<00:01, 11686749.05iteration/s]
 36%|███▌      | 7025696/19697437 [00:00<00:01, 11712451.03iteration/s]
 42%|████▏     | 8200024/19697437 [00:00<00:00, 11705399.14iteration/s]
 48%|████▊     | 9381592/19697437 [00:00<00:00, 11719526.95iteration/s]
 54%|█████▎    | 10560264/19697437 [00:00<00:00, 11724827.55iteration/s]
 60%|█████▉    | 11738936/19697437 [00:01<00:00, 11732518.81iteration/s]
 66%|██████▌   | 12921952/19697437 [00:01<00:00, 11739422.39iteration/s]
 72%|███████▏  | 14103520/19697437 [00:01<00:00, 11744167.93iteration/s]
 78%|███████▊  | 15285088/19697437 [00:01<00:00, 11743664.79iteration/s]
 84%|████████▎ | 16471000/19697437 [00:01<00:00, 11746454.34iteration/s]
 90%|████████▉ | 17654016/19697437 [00:01<00:00, 11745961.86iteration/s]
 96%|█████████▌| 18837032/19697437 [00:01<00:00, 11744471.62iteration/s]2026-05-26 20:42:41.232 | INFO     | utils.ConnectHandler_server:receive:80 - receive completed

100%|██████████| 19697437/19697437 [00:01<00:00, 11665759.74iteration/s]
2026-05-26 20:42:41.248 | INFO     | __main__:<module>:226 - 2026-05-26 20:42:41 RECV round=64 cid=8 train_duration=223.3720145225525 battery=105012.59J
2026-05-26 20:42:41.248 | INFO     | utils.ConnectHandler_server:send:28 - sending data (59 bytes) to client#8...
2026-05-26 20:42:41.248 | INFO     | utils.ConnectHandler_server:send:34 - sending data (59 bytes) to client#8 completely
2026-05-26 20:42:55.160 | INFO     | __main__:<module>:313 - 2026-05-26 20:42:54 ROUND=64 end avg_acc=29.8820 best_acc=29.8820 duration=241.04s comm_mb=75.195 selected=[8, 9] checkpoint=logs_real/dfl_real_server/checkpoints/dfl_seed1/checkpoint.pt
2026-05-26 20:42:55.160 | INFO     | __main__:<module>:179 - 2026-05-26 20:42:55 ROUND=65 start selected=[0, 1] active_clients=[0, 1, 2, 3, 4, 5, 6, 7, 8, 9] cursor=2
2026-05-26 20:42:55.187 | INFO     | utils.ConnectHandler_server:send:28 - sending data (19699823 bytes) to client#0...
2026-05-26 20:42:56.729 | INFO     | utils.ConnectHandler_server:send:34 - sending data (19699823 bytes) to client#0 completely
2026-05-26 20:42:56.729 | INFO     | __main__:<module>:207 - 2026-05-26 20:42:56 SEND round=65 cid=0 payload_mb=18.787 duration=1.553s
2026-05-26 20:42:56.747 | INFO     | utils.ConnectHandler_server:send:28 - sending data (19699819 bytes) to client#1...
2026-05-26 20:42:58.481 | INFO     | utils.ConnectHandler_server:send:34 - sending data (19699819 bytes) to client#1 completely
2026-05-26 20:42:58.481 | INFO     | __main__:<module>:207 - 2026-05-26 20:42:58 SEND round=65 cid=1 payload_mb=18.787 duration=1.743s
2026-05-26 20:44:46.501 | INFO     | utils.ConnectHandler_server:receive:71 - 19696949bytes data to be received from client#0

  0%|          | 0/19696949 [00:00<?, ?iteration/s]
  6%|▌         | 1174328/19696949 [00:00<00:01, 11720433.24iteration/s]
 12%|█▏        | 2351552/19696949 [00:00<00:01, 11741593.47iteration/s]
 18%|█▊        | 3528776/19696949 [00:00<00:01, 11753752.08iteration/s]
 24%|██▍       | 4704552/19696949 [00:00<00:01, 11752120.85iteration/s]
 30%|██▉       | 5881776/19696949 [00:00<00:01, 11748987.60iteration/s]
 36%|███▌      | 7059000/19696949 [00:00<00:01, 11756680.20iteration/s]
 42%|████▏     | 8237672/19696949 [00:00<00:00, 11759161.27iteration/s]
 48%|████▊     | 9414896/19696949 [00:00<00:00, 11762120.68iteration/s]
 54%|█████▍    | 10596464/19696949 [00:00<00:00, 11759193.28iteration/s]
 60%|█████▉    | 11773688/19696949 [00:01<00:00, 11758629.69iteration/s]
 66%|██████▌   | 12952360/19696949 [00:01<00:00, 11752257.81iteration/s]
 72%|███████▏  | 14135376/19696949 [00:01<00:00, 11758720.25iteration/s]
 78%|███████▊  | 15319840/19696949 [00:01<00:00, 11758975.03iteration/s]
 84%|████████▍ | 16508648/19696949 [00:01<00:00, 11764045.98iteration/s]
 90%|████████▉ | 17697456/19696949 [00:01<00:00, 11758171.34iteration/s]
 96%|█████████▌| 18876128/19696949 [00:01<00:00, 11759066.76iteration/s]2026-05-26 20:44:48.179 | INFO     | utils.ConnectHandler_server:receive:80 - receive completed

100%|██████████| 19696949/19696949 [00:01<00:00, 11699695.83iteration/s]
2026-05-26 20:44:48.194 | INFO     | __main__:<module>:226 - 2026-05-26 20:44:48 RECV round=65 cid=0 train_duration=108.64773154258728 battery=136929.23J
2026-05-26 20:44:48.194 | INFO     | utils.ConnectHandler_server:send:28 - sending data (59 bytes) to client#0...
2026-05-26 20:44:48.194 | INFO     | utils.ConnectHandler_server:send:34 - sending data (59 bytes) to client#0 completely
2026-05-26 20:44:49.542 | INFO     | utils.ConnectHandler_server:receive:71 - 19696971bytes data to be received from client#1

  0%|          | 0/19696971 [00:00<?, ?iteration/s]
  6%|▌         | 1171432/19696971 [00:00<00:01, 11690110.91iteration/s]
 12%|█▏        | 2350104/19696971 [00:00<00:01, 11736898.45iteration/s]
 18%|█▊        | 3525880/19696971 [00:00<00:01, 11743265.71iteration/s]
 24%|██▍       | 4703104/19696971 [00:00<00:01, 11741779.15iteration/s]
 30%|██▉       | 5881776/19696971 [00:00<00:01, 11747367.72iteration/s]
 36%|███▌      | 7061896/19696971 [00:00<00:01, 11762593.00iteration/s]
 42%|████▏     | 8243464/19696971 [00:00<00:00, 11755221.20iteration/s]
 48%|████▊     | 9423584/19696971 [00:00<00:00, 11759686.08iteration/s]
 54%|█████▍    | 10608048/19696971 [00:00<00:00, 11759759.69iteration/s]
 60%|█████▉    | 11791064/19696971 [00:01<00:00, 11753951.06iteration/s]
 66%|██████▌   | 12976976/19696971 [00:01<00:00, 11755427.80iteration/s]
 72%|███████▏  | 14158544/19696971 [00:01<00:00, 11761602.85iteration/s]
 78%|███████▊  | 15341560/19696971 [00:01<00:00, 11761351.24iteration/s]
 84%|████████▍ | 16518784/19696971 [00:01<00:00, 11761281.34iteration/s]
 90%|████████▉ | 17698904/19696971 [00:01<00:00, 11758133.18iteration/s]
 96%|█████████▌| 18881920/19696971 [00:01<00:00, 11759205.74iteration/s]2026-05-26 20:44:51.219 | INFO     | utils.ConnectHandler_server:receive:80 - receive completed

100%|██████████| 19696971/19696971 [00:01<00:00, 11699962.41iteration/s]
2026-05-26 20:44:51.234 | INFO     | __main__:<module>:226 - 2026-05-26 20:44:51 RECV round=65 cid=1 train_duration=110.10542869567871 battery=136745.29J
2026-05-26 20:44:51.234 | INFO     | utils.ConnectHandler_server:send:28 - sending data (59 bytes) to client#1...
2026-05-26 20:44:51.234 | INFO     | utils.ConnectHandler_server:send:34 - sending data (59 bytes) to client#1 completely
2026-05-26 20:45:05.247 | INFO     | __main__:<module>:313 - 2026-05-26 20:45:04 ROUND=65 end avg_acc=30.3310 best_acc=30.3310 duration=129.71s comm_mb=75.138 selected=[0, 1] checkpoint=logs_real/dfl_real_server/checkpoints/dfl_seed1/checkpoint.pt
2026-05-26 20:45:05.247 | INFO     | __main__:<module>:179 - 2026-05-26 20:45:05 ROUND=66 start selected=[2, 3] active_clients=[0, 1, 2, 3, 4, 5, 6, 7, 8, 9] cursor=4
2026-05-26 20:45:05.291 | INFO     | utils.ConnectHandler_server:send:28 - sending data (19699820 bytes) to client#2...
2026-05-26 20:45:06.921 | INFO     | utils.ConnectHandler_server:send:34 - sending data (19699820 bytes) to client#2 completely
2026-05-26 20:45:06.921 | INFO     | __main__:<module>:207 - 2026-05-26 20:45:06 SEND round=66 cid=2 payload_mb=18.787 duration=1.645s
2026-05-26 20:45:06.939 | INFO     | utils.ConnectHandler_server:send:28 - sending data (19699825 bytes) to client#3...
2026-05-26 20:45:08.560 | INFO     | utils.ConnectHandler_server:send:34 - sending data (19699825 bytes) to client#3 completely
2026-05-26 20:45:08.560 | INFO     | __main__:<module>:207 - 2026-05-26 20:45:08 SEND round=66 cid=3 payload_mb=18.787 duration=1.630s
2026-05-26 20:46:32.795 | INFO     | utils.ConnectHandler_server:receive:71 - 19696947bytes data to be received from client#3

  0%|          | 0/19696947 [00:00<?, ?iteration/s]
  6%|▌         | 1130888/19696947 [00:00<00:01, 11296232.58iteration/s]
 12%|█▏        | 2297976/19696947 [00:00<00:01, 11512290.13iteration/s]
 18%|█▊        | 3462168/19696947 [00:00<00:01, 11561596.69iteration/s]
 24%|██▎       | 4630704/19696947 [00:00<00:01, 11598619.82iteration/s]
 29%|██▉       | 5806480/19696947 [00:00<00:01, 11655033.90iteration/s]
 35%|███▌      | 6985152/19696947 [00:00<00:01, 11690665.44iteration/s]
 41%|████▏     | 8162376/19696947 [00:00<00:00, 11716780.04iteration/s]
 47%|████▋     | 9343944/19696947 [00:00<00:00, 11734281.09iteration/s]
 53%|█████▎    | 10524064/19696947 [00:00<00:00, 11745908.97iteration/s]
 59%|█████▉    | 11705632/19696947 [00:01<00:00, 11743012.88iteration/s]
 65%|██████▌   | 12887200/19696947 [00:01<00:00, 11743387.28iteration/s]
 71%|███████▏  | 14070216/19696947 [00:01<00:00, 11758892.72iteration/s]
 77%|███████▋  | 15256128/19696947 [00:01<00:00, 11750884.71iteration/s]
 83%|████████▎ | 16444936/19696947 [00:01<00:00, 11755878.13iteration/s]
 89%|████████▉ | 17627952/19696947 [00:01<00:00, 11755841.67iteration/s]
 96%|█████████▌| 18810968/19696947 [00:01<00:00, 11759563.05iteration/s]2026-05-26 20:46:34.479 | INFO     | utils.ConnectHandler_server:receive:80 - receive completed

100%|██████████| 19696947/19696947 [00:01<00:00, 11656275.55iteration/s]
2026-05-26 20:46:34.500 | INFO     | __main__:<module>:226 - 2026-05-26 20:46:34 RECV round=66 cid=3 train_duration=83.54244351387024 battery=139931.84J
2026-05-26 20:46:34.500 | INFO     | utils.ConnectHandler_server:send:28 - sending data (59 bytes) to client#3...
2026-05-26 20:46:34.500 | INFO     | utils.ConnectHandler_server:send:34 - sending data (59 bytes) to client#3 completely
2026-05-26 20:46:35.752 | INFO     | utils.ConnectHandler_server:receive:71 - 19697059bytes data to be received from client#2

  0%|          | 0/19697059 [00:00<?, ?iteration/s]
  6%|▌         | 1168536/19697059 [00:00<00:01, 11663569.56iteration/s]
 12%|█▏        | 2337072/19697059 [00:00<00:01, 11669270.54iteration/s]
 18%|█▊        | 3511400/19697059 [00:00<00:01, 11701848.00iteration/s]
 24%|██▍       | 4687176/19697059 [00:00<00:01, 11715405.92iteration/s]
 30%|██▉       | 5864400/19697059 [00:00<00:01, 11733166.97iteration/s]
 36%|███▌      | 7045968/19697059 [00:00<00:01, 11747445.68iteration/s]
 42%|████▏     | 8221744/19697059 [00:00<00:00, 11746848.36iteration/s]
 48%|████▊     | 9404760/19697059 [00:00<00:00, 11752245.80iteration/s]
 54%|█████▍    | 10587776/19697059 [00:00<00:00, 11755300.95iteration/s]
 60%|█████▉    | 11766448/19697059 [00:01<00:00, 11758780.71iteration/s]
 66%|██████▌   | 12948016/19697059 [00:01<00:00, 11743583.16iteration/s]
 72%|███████▏  | 14132480/19697059 [00:01<00:00, 11745494.42iteration/s]
 78%|███████▊  | 15308256/19697059 [00:01<00:00, 11744349.31iteration/s]
 84%|████████▎ | 16486928/19697059 [00:01<00:00, 11746704.51iteration/s]
 90%|████████▉ | 17672840/19697059 [00:01<00:00, 11752216.35iteration/s]
 96%|█████████▌| 18851512/19697059 [00:01<00:00, 11750922.02iteration/s]2026-05-26 20:46:37.430 | INFO     | utils.ConnectHandler_server:receive:80 - receive completed

100%|██████████| 19697059/19697059 [00:01<00:00, 11690749.68iteration/s]
2026-05-26 20:46:37.445 | INFO     | __main__:<module>:226 - 2026-05-26 20:46:37 RECV round=66 cid=2 train_duration=88.07263326644897 battery=139422.46J
2026-05-26 20:46:37.445 | INFO     | utils.ConnectHandler_server:send:28 - sending data (59 bytes) to client#2...
2026-05-26 20:46:37.446 | INFO     | utils.ConnectHandler_server:send:34 - sending data (59 bytes) to client#2 completely
2026-05-26 20:46:51.336 | INFO     | __main__:<module>:313 - 2026-05-26 20:46:51 ROUND=66 end avg_acc=30.8570 best_acc=30.8570 duration=105.84s comm_mb=75.138 selected=[2, 3] checkpoint=logs_real/dfl_real_server/checkpoints/dfl_seed1/checkpoint.pt
2026-05-26 20:46:51.336 | INFO     | __main__:<module>:179 - 2026-05-26 20:46:51 ROUND=67 start selected=[4, 5] active_clients=[0, 1, 2, 3, 4, 5, 6, 7, 8, 9] cursor=6
2026-05-26 20:46:51.355 | INFO     | utils.ConnectHandler_server:send:28 - sending data (19699825 bytes) to client#4...
2026-05-26 20:46:52.936 | INFO     | utils.ConnectHandler_server:send:34 - sending data (19699825 bytes) to client#4 completely
2026-05-26 20:46:52.936 | INFO     | __main__:<module>:207 - 2026-05-26 20:46:52 SEND round=67 cid=4 payload_mb=18.787 duration=1.591s
2026-05-26 20:46:52.955 | INFO     | utils.ConnectHandler_server:send:28 - sending data (19699820 bytes) to client#5...
2026-05-26 20:46:54.622 | INFO     | utils.ConnectHandler_server:send:34 - sending data (19699820 bytes) to client#5 completely
2026-05-26 20:46:54.622 | INFO     | __main__:<module>:207 - 2026-05-26 20:46:54 SEND round=67 cid=5 payload_mb=18.787 duration=1.677s
2026-05-26 20:48:19.698 | INFO     | utils.ConnectHandler_server:receive:71 - 19696967bytes data to be received from client#4

  0%|          | 0/19696967 [00:00<?, ?iteration/s]
  6%|▌         | 1164192/19696967 [00:00<00:01, 11633582.37iteration/s]
 12%|█▏        | 2329832/19696967 [00:00<00:01, 11574903.48iteration/s]
 18%|█▊        | 3507056/19696967 [00:00<00:01, 11663179.85iteration/s]
 24%|██▎       | 4674144/19696967 [00:00<00:01, 11646736.56iteration/s]
 30%|██▉       | 5852816/19696967 [00:00<00:01, 11681605.69iteration/s]
 36%|███▌      | 7030040/19696967 [00:00<00:01, 11711296.53iteration/s]
 42%|████▏     | 8207264/19696967 [00:00<00:00, 11721867.88iteration/s]
 48%|████▊     | 9390280/19696967 [00:00<00:00, 11742567.00iteration/s]
 54%|█████▎    | 10568952/19696967 [00:00<00:00, 11738402.51iteration/s]
 60%|█████▉    | 11751968/19696967 [00:01<00:00, 11747963.23iteration/s]
 66%|██████▌   | 12930640/19696967 [00:01<00:00, 11752919.31iteration/s]
 72%|███████▏  | 14116552/19696967 [00:01<00:00, 11756350.21iteration/s]
 78%|███████▊  | 15299568/19696967 [00:01<00:00, 11756068.99iteration/s]
 84%|████████▎ | 16486928/19696967 [00:01<00:00, 11754157.33iteration/s]
 90%|████████▉ | 17671392/19696967 [00:01<00:00, 11757950.98iteration/s]
 96%|█████████▌| 18852960/19696967 [00:01<00:00, 11760666.19iteration/s]2026-05-26 20:48:21.379 | INFO     | utils.ConnectHandler_server:receive:80 - receive completed

100%|██████████| 19696967/19696967 [00:01<00:00, 11679009.03iteration/s]
2026-05-26 20:48:21.405 | INFO     | __main__:<module>:226 - 2026-05-26 20:48:21 RECV round=67 cid=4 train_duration=85.886962890625 battery=139663.17J
2026-05-26 20:48:21.405 | INFO     | utils.ConnectHandler_server:send:28 - sending data (59 bytes) to client#4...
2026-05-26 20:48:21.405 | INFO     | utils.ConnectHandler_server:send:34 - sending data (59 bytes) to client#4 completely
2026-05-26 20:49:41.268 | INFO     | utils.ConnectHandler_server:receive:71 - 19696963bytes data to be received from client#5

  0%|          | 0/19696963 [00:00<?, ?iteration/s]
  6%|▌         | 1174328/19696963 [00:00<00:01, 11733416.14iteration/s]
 12%|█▏        | 2351552/19696963 [00:00<00:01, 11751145.19iteration/s]
 18%|█▊        | 3528776/19696963 [00:00<00:01, 11756531.10iteration/s]
 24%|██▍       | 4706000/19696963 [00:00<00:01, 11755014.99iteration/s]
 30%|██▉       | 5883224/19696963 [00:00<00:01, 11760528.84iteration/s]
 36%|███▌      | 7061896/19696963 [00:00<00:01, 11756631.06iteration/s]
 42%|████▏     | 8240568/19696963 [00:00<00:00, 11753913.97iteration/s]
 48%|████▊     | 9417792/19696963 [00:00<00:00, 11753106.90iteration/s]
 54%|█████▍    | 10596464/19696963 [00:00<00:00, 11753753.19iteration/s]
 60%|█████▉    | 11780928/19696963 [00:01<00:00, 11764221.30iteration/s]
 66%|██████▌   | 12958152/19696963 [00:01<00:00, 11762536.87iteration/s]
 72%|███████▏  | 14144064/19696963 [00:01<00:00, 11764120.45iteration/s]
 78%|███████▊  | 15325632/19696963 [00:01<00:00, 11757884.91iteration/s]
 84%|████████▍ | 16508648/19696963 [00:01<00:00, 11754235.20iteration/s]
 90%|████████▉ | 17693112/19696963 [00:01<00:00, 11758126.72iteration/s]
 96%|█████████▌| 18871784/19696963 [00:01<00:00, 11753646.99iteration/s]2026-05-26 20:49:42.945 | INFO     | utils.ConnectHandler_server:receive:80 - receive completed

100%|██████████| 19696963/19696963 [00:01<00:00, 11701125.92iteration/s]
2026-05-26 20:49:42.960 | INFO     | __main__:<module>:226 - 2026-05-26 20:49:42 RECV round=67 cid=5 train_duration=165.90296030044556 battery=133761.76J
2026-05-26 20:49:42.960 | INFO     | utils.ConnectHandler_server:send:28 - sending data (59 bytes) to client#5...
2026-05-26 20:49:42.960 | INFO     | utils.ConnectHandler_server:send:34 - sending data (59 bytes) to client#5 completely
2026-05-26 20:49:56.857 | INFO     | __main__:<module>:313 - 2026-05-26 20:49:56 ROUND=67 end avg_acc=31.5450 best_acc=31.5450 duration=185.27s comm_mb=75.138 selected=[4, 5] checkpoint=logs_real/dfl_real_server/checkpoints/dfl_seed1/checkpoint.pt
2026-05-26 20:49:56.858 | INFO     | __main__:<module>:179 - 2026-05-26 20:49:56 ROUND=68 start selected=[6, 7] active_clients=[0, 1, 2, 3, 4, 5, 6, 7, 8, 9] cursor=8
2026-05-26 20:49:56.874 | INFO     | utils.ConnectHandler_server:send:28 - sending data (19699820 bytes) to client#6...
2026-05-26 20:49:58.462 | INFO     | utils.ConnectHandler_server:send:34 - sending data (19699820 bytes) to client#6 completely
2026-05-26 20:49:58.462 | INFO     | __main__:<module>:207 - 2026-05-26 20:49:58 SEND round=68 cid=6 payload_mb=18.787 duration=1.597s
2026-05-26 20:49:58.480 | INFO     | utils.ConnectHandler_server:send:28 - sending data (19729791 bytes) to client#7...
2026-05-26 20:50:00.183 | INFO     | utils.ConnectHandler_server:send:34 - sending data (19729791 bytes) to client#7 completely
2026-05-26 20:50:00.183 | INFO     | __main__:<module>:207 - 2026-05-26 20:50:00 SEND round=68 cid=7 payload_mb=18.816 duration=1.712s
2026-05-26 20:51:41.746 | INFO     | utils.ConnectHandler_server:receive:71 - 19696967bytes data to be received from client#6

  0%|          | 0/19696967 [00:00<?, ?iteration/s]
  6%|▌         | 1175776/19696967 [00:00<00:01, 11749283.43iteration/s]
 12%|█▏        | 2353000/19696967 [00:00<00:01, 11754747.30iteration/s]
 18%|█▊        | 3528776/19696967 [00:00<00:01, 11750603.92iteration/s]
 24%|██▍       | 4706000/19696967 [00:00<00:01, 11742399.36iteration/s]
 30%|██▉       | 5883224/19696967 [00:00<00:01, 11749235.90iteration/s]
 36%|███▌      | 7063344/19696967 [00:00<00:01, 11753839.75iteration/s]
 42%|████▏     | 8244912/19696967 [00:00<00:00, 11756133.70iteration/s]
 48%|████▊     | 9427928/19696967 [00:00<00:00, 11762753.66iteration/s]
 54%|█████▍    | 10605152/19696967 [00:00<00:00, 11759839.64iteration/s]
 60%|█████▉    | 11788168/19696967 [00:01<00:00, 11758119.42iteration/s]
 66%|██████▌   | 12966840/19696967 [00:01<00:00, 11763864.40iteration/s]
 72%|███████▏  | 14152752/19696967 [00:01<00:00, 11761237.58iteration/s]
 78%|███████▊  | 15341560/19696967 [00:01<00:00, 11764190.79iteration/s]
 84%|████████▍ | 16524576/19696967 [00:01<00:00, 11761660.29iteration/s]
 90%|████████▉ | 17709040/19696967 [00:01<00:00, 11753365.28iteration/s]
 96%|█████████▌| 18887712/19696967 [00:01<00:00, 11762736.15iteration/s]2026-05-26 20:51:43.422 | INFO     | utils.ConnectHandler_server:receive:80 - receive completed

100%|██████████| 19696967/19696967 [00:01<00:00, 11706181.87iteration/s]
2026-05-26 20:51:43.443 | INFO     | __main__:<module>:226 - 2026-05-26 20:51:43 RECV round=68 cid=6 train_duration=102.49493312835693 battery=137596.68J
2026-05-26 20:51:43.443 | INFO     | utils.ConnectHandler_server:send:28 - sending data (59 bytes) to client#6...
2026-05-26 20:51:43.443 | INFO     | utils.ConnectHandler_server:send:34 - sending data (59 bytes) to client#6 completely
2026-05-26 20:52:48.846 | INFO     | utils.ConnectHandler_server:receive:71 - 19697437bytes data to be received from client#7

  0%|          | 0/19697437 [00:00<?, ?iteration/s]
  6%|▌         | 1168536/19697437 [00:00<00:01, 11661404.97iteration/s]
 12%|█▏        | 2338520/19697437 [00:00<00:01, 11678061.05iteration/s]
 18%|█▊        | 3508504/19697437 [00:00<00:01, 11682500.54iteration/s]
 24%|██▎       | 4677040/19697437 [00:00<00:01, 11649294.08iteration/s]
 30%|██▉       | 5854264/19697437 [00:00<00:01, 11692676.72iteration/s]
 36%|███▌      | 7028592/19697437 [00:00<00:01, 11692663.50iteration/s]
 42%|████▏     | 8202920/19697437 [00:00<00:00, 11705038.11iteration/s]
 48%|████▊     | 9384488/19697437 [00:00<00:00, 11726327.17iteration/s]
 54%|█████▎    | 10560264/19697437 [00:00<00:00, 11729524.07iteration/s]
 60%|█████▉    | 11743280/19697437 [00:01<00:00, 11742337.09iteration/s]
 66%|██████▌   | 12927744/19697437 [00:01<00:00, 11747886.79iteration/s]
 72%|███████▏  | 14103520/19697437 [00:01<00:00, 11742360.21iteration/s]
 78%|███████▊  | 15292328/19697437 [00:01<00:00, 11751843.09iteration/s]
 84%|████████▎ | 16478240/19697437 [00:01<00:00, 11744165.80iteration/s]
 90%|████████▉ | 17661256/19697437 [00:01<00:00, 11755014.41iteration/s]
 96%|█████████▌| 18845720/19697437 [00:01<00:00, 11748393.01iteration/s]2026-05-26 20:52:50.528 | INFO     | utils.ConnectHandler_server:receive:80 - receive completed

100%|██████████| 19697437/19697437 [00:01<00:00, 11666319.83iteration/s]
2026-05-26 20:52:50.544 | INFO     | __main__:<module>:226 - 2026-05-26 20:52:50 RECV round=68 cid=7 train_duration=168.27966904640198 battery=122920.38J
2026-05-26 20:52:50.544 | INFO     | utils.ConnectHandler_server:send:28 - sending data (59 bytes) to client#7...
2026-05-26 20:52:50.544 | INFO     | utils.ConnectHandler_server:send:34 - sending data (59 bytes) to client#7 completely
2026-05-26 20:53:04.909 | INFO     | __main__:<module>:313 - 2026-05-26 20:53:04 ROUND=68 end avg_acc=31.7590 best_acc=31.7590 duration=187.69s comm_mb=75.167 selected=[6, 7] checkpoint=logs_real/dfl_real_server/checkpoints/dfl_seed1/checkpoint.pt
2026-05-26 20:53:04.910 | INFO     | __main__:<module>:179 - 2026-05-26 20:53:04 ROUND=69 start selected=[8, 9] active_clients=[0, 1, 2, 3, 4, 5, 6, 7, 8, 9] cursor=0
2026-05-26 20:53:04.950 | INFO     | utils.ConnectHandler_server:send:28 - sending data (19735888 bytes) to client#8...
2026-05-26 20:53:06.532 | INFO     | utils.ConnectHandler_server:send:34 - sending data (19735888 bytes) to client#8 completely
2026-05-26 20:53:06.532 | INFO     | __main__:<module>:207 - 2026-05-26 20:53:06 SEND round=69 cid=8 payload_mb=18.822 duration=1.596s
2026-05-26 20:53:06.550 | INFO     | utils.ConnectHandler_server:send:28 - sending data (19723703 bytes) to client#9...
2026-05-26 20:53:08.248 | INFO     | utils.ConnectHandler_server:send:34 - sending data (19723703 bytes) to client#9 completely
2026-05-26 20:53:08.248 | INFO     | __main__:<module>:207 - 2026-05-26 20:53:08 SEND round=69 cid=9 payload_mb=18.810 duration=1.708s
2026-05-26 20:55:00.053 | INFO     | utils.ConnectHandler_server:receive:71 - 19694060bytes data to be received from client#9

  0%|          | 0/19694060 [00:00<?, ?iteration/s]
  6%|▌         | 1183518/19694060 [00:00<00:01, 11799715.90iteration/s]
 12%|█▏        | 2365622/19694060 [00:00<00:01, 11767761.77iteration/s]
 18%|█▊        | 3544898/19694060 [00:00<00:01, 11759399.58iteration/s]
 24%|██▍       | 4722760/19694060 [00:00<00:01, 11748091.11iteration/s]
 30%|██▉       | 5899208/19694060 [00:00<00:01, 11745177.35iteration/s]
 36%|███▌      | 7075656/19694060 [00:00<00:01, 11746551.39iteration/s]
 42%|████▏     | 8254932/19694060 [00:00<00:00, 11746810.21iteration/s]
 48%|████▊     | 9431380/19694060 [00:00<00:00, 11740982.21iteration/s]
 54%|█████▍    | 10610656/19694060 [00:00<00:00, 11745065.54iteration/s]
 60%|█████▉    | 11785690/19694060 [00:01<00:00, 11746642.01iteration/s]
 66%|██████▌   | 12969208/19694060 [00:01<00:00, 11741570.30iteration/s]
 72%|███████▏  | 14151312/19694060 [00:01<00:00, 11741927.92iteration/s]
 78%|███████▊  | 15334830/19694060 [00:01<00:00, 11742639.83iteration/s]
 84%|████████▍ | 16518348/19694060 [00:01<00:00, 11748976.84iteration/s]
 90%|████████▉ | 17694796/19694060 [00:01<00:00, 11743329.75iteration/s]
 96%|█████████▌| 18882556/19694060 [00:01<00:00, 11742041.51iteration/s]2026-05-26 20:55:01.731 | INFO     | utils.ConnectHandler_server:receive:80 - receive completed

100%|██████████| 19694060/19694060 [00:01<00:00, 11690144.21iteration/s]
2026-05-26 20:55:01.747 | INFO     | __main__:<module>:226 - 2026-05-26 20:55:01 RECV round=69 cid=9 train_duration=111.3766918182373 battery=123446.45J
2026-05-26 20:55:01.747 | INFO     | utils.ConnectHandler_server:send:28 - sending data (59 bytes) to client#9...
2026-05-26 20:55:01.747 | INFO     | utils.ConnectHandler_server:send:34 - sending data (59 bytes) to client#9 completely
2026-05-26 20:56:50.833 | INFO     | utils.ConnectHandler_server:receive:71 - 19697437bytes data to be received from client#8

  0%|          | 0/19697437 [00:00<?, ?iteration/s]
  6%|▌         | 1162744/19697437 [00:00<00:01, 11614685.26iteration/s]
 12%|█▏        | 2329832/19697437 [00:00<00:01, 11647128.47iteration/s]
 18%|█▊        | 3498368/19697437 [00:00<00:01, 11656099.05iteration/s]
 24%|██▎       | 4668352/19697437 [00:00<00:01, 11653071.10iteration/s]
 30%|██▉       | 5838336/19697437 [00:00<00:01, 11668622.82iteration/s]
 36%|███▌      | 7012664/19697437 [00:00<00:01, 11677624.05iteration/s]
 42%|████▏     | 8189888/19697437 [00:00<00:00, 11699850.44iteration/s]
 48%|████▊     | 9368560/19697437 [00:00<00:00, 11710798.37iteration/s]
 54%|█████▎    | 10545784/19697437 [00:00<00:00, 11723124.47iteration/s]
 60%|█████▉    | 11723008/19697437 [00:01<00:00, 11721547.63iteration/s]
 65%|██████▌   | 12901680/19697437 [00:01<00:00, 11728473.09iteration/s]
 71%|███████▏  | 14080352/19697437 [00:01<00:00, 11744157.11iteration/s]
 77%|███████▋  | 15256128/19697437 [00:01<00:00, 11743532.58iteration/s]
 83%|████████▎ | 16440592/19697437 [00:01<00:00, 11745895.85iteration/s]
 89%|████████▉ | 17623608/19697437 [00:01<00:00, 11742867.17iteration/s]
 95%|█████████▌| 18809520/19697437 [00:01<00:00, 11741943.85iteration/s]2026-05-26 20:56:52.516 | INFO     | utils.ConnectHandler_server:receive:80 - receive completed

100%|██████████| 19697437/19697437 [00:01<00:00, 11658427.55iteration/s]
2026-05-26 20:56:52.532 | INFO     | __main__:<module>:226 - 2026-05-26 20:56:52 RECV round=69 cid=8 train_duration=223.56704902648926 battery=101571.73J
2026-05-26 20:56:52.532 | INFO     | utils.ConnectHandler_server:send:28 - sending data (59 bytes) to client#8...
2026-05-26 20:56:52.532 | INFO     | utils.ConnectHandler_server:send:34 - sending data (59 bytes) to client#8 completely
2026-05-26 20:57:06.900 | INFO     | __main__:<module>:313 - 2026-05-26 20:57:06 ROUND=69 end avg_acc=32.2010 best_acc=32.2010 duration=241.58s comm_mb=75.195 selected=[8, 9] checkpoint=logs_real/dfl_real_server/checkpoints/dfl_seed1/checkpoint.pt
2026-05-26 20:57:06.901 | INFO     | __main__:<module>:179 - 2026-05-26 20:57:06 ROUND=70 start selected=[0, 1] active_clients=[0, 1, 2, 3, 4, 5, 6, 7, 8, 9] cursor=2
2026-05-26 20:57:06.948 | INFO     | utils.ConnectHandler_server:send:28 - sending data (19699823 bytes) to client#0...
2026-05-26 20:57:08.495 | INFO     | utils.ConnectHandler_server:send:34 - sending data (19699823 bytes) to client#0 completely
2026-05-26 20:57:08.495 | INFO     | __main__:<module>:207 - 2026-05-26 20:57:08 SEND round=70 cid=0 payload_mb=18.787 duration=1.562s
2026-05-26 20:57:08.512 | INFO     | utils.ConnectHandler_server:send:28 - sending data (19699819 bytes) to client#1...
2026-05-26 20:57:10.244 | INFO     | utils.ConnectHandler_server:send:34 - sending data (19699819 bytes) to client#1 completely
2026-05-26 20:57:10.244 | INFO     | __main__:<module>:207 - 2026-05-26 20:57:10 SEND round=70 cid=1 payload_mb=18.787 duration=1.741s
2026-05-26 20:58:58.198 | INFO     | utils.ConnectHandler_server:receive:71 - 19696943bytes data to be received from client#0

  0%|          | 0/19696943 [00:00<?, ?iteration/s]
  6%|▌         | 1172880/19696943 [00:00<00:01, 11719869.63iteration/s]
 12%|█▏        | 2350104/19696943 [00:00<00:01, 11745337.27iteration/s]
 18%|█▊        | 3527328/19696943 [00:00<00:01, 11750844.27iteration/s]
 24%|██▍       | 4704552/19696943 [00:00<00:01, 11746914.25iteration/s]
 30%|██▉       | 5883224/19696943 [00:00<00:01, 11754382.53iteration/s]
 36%|███▌      | 7063344/19696943 [00:00<00:01, 11755741.77iteration/s]
 42%|████▏     | 8242016/19696943 [00:00<00:00, 11751681.59iteration/s]
 48%|████▊     | 9419240/19696943 [00:00<00:00, 11755447.96iteration/s]
 54%|█████▍    | 10602256/19696943 [00:00<00:00, 11758138.79iteration/s]
 60%|█████▉    | 11783824/19696943 [00:01<00:00, 11762865.57iteration/s]
 66%|██████▌   | 12966840/19696943 [00:01<00:00, 11761206.79iteration/s]
 72%|███████▏  | 14151304/19696943 [00:01<00:00, 11759338.30iteration/s]
 78%|███████▊  | 15337216/19696943 [00:01<00:00, 11761334.01iteration/s]
 84%|████████▍ | 16520232/19696943 [00:01<00:00, 11763488.57iteration/s]
 90%|████████▉ | 17707592/19696943 [00:01<00:00, 11755303.31iteration/s]
 96%|█████████▌| 18887712/19696943 [00:01<00:00, 11758044.79iteration/s]2026-05-26 20:58:59.874 | INFO     | utils.ConnectHandler_server:receive:80 - receive completed

100%|██████████| 19696943/19696943 [00:01<00:00, 11705041.45iteration/s]
2026-05-26 20:58:59.890 | INFO     | __main__:<module>:226 - 2026-05-26 20:58:59 RECV round=70 cid=0 train_duration=108.54845213890076 battery=136003.25J
2026-05-26 20:58:59.891 | INFO     | utils.ConnectHandler_server:send:28 - sending data (59 bytes) to client#0...
2026-05-26 20:58:59.891 | INFO     | utils.ConnectHandler_server:send:34 - sending data (59 bytes) to client#0 completely
2026-05-26 20:59:01.390 | INFO     | utils.ConnectHandler_server:receive:71 - 19696971bytes data to be received from client#1

  0%|          | 0/19696971 [00:00<?, ?iteration/s]
  6%|▌         | 1168536/19696971 [00:00<00:01, 11676629.61iteration/s]
 12%|█▏        | 2345760/19696971 [00:00<00:01, 11730196.02iteration/s]
 18%|█▊        | 3521536/19696971 [00:00<00:01, 11738491.16iteration/s]
 24%|██▍       | 4698760/19696971 [00:00<00:01, 11740579.73iteration/s]
 30%|██▉       | 5877432/19696971 [00:00<00:01, 11750677.10iteration/s]
 36%|███▌      | 7057552/19696971 [00:00<00:01, 11755827.59iteration/s]
 42%|████▏     | 8239120/19696971 [00:00<00:00, 11757251.53iteration/s]
 48%|████▊     | 9420688/19696971 [00:00<00:00, 11750477.49iteration/s]
 54%|█████▍    | 10602256/19696971 [00:00<00:00, 11764825.94iteration/s]
 60%|█████▉    | 11783824/19696971 [00:01<00:00, 11754450.45iteration/s]
 66%|██████▌   | 12965392/19696971 [00:01<00:00, 11757637.47iteration/s]
 72%|███████▏  | 14151304/19696971 [00:01<00:00, 11760415.80iteration/s]
 78%|███████▊  | 15334320/19696971 [00:01<00:00, 11760202.94iteration/s]
 84%|████████▍ | 16515888/19696971 [00:01<00:00, 11760464.10iteration/s]
 90%|████████▉ | 17696008/19696971 [00:01<00:00, 11766180.30iteration/s]
 96%|█████████▌| 18883368/19696971 [00:01<00:00, 11760705.54iteration/s]2026-05-26 20:59:03.068 | INFO     | utils.ConnectHandler_server:receive:80 - receive completed

100%|██████████| 19696971/19696971 [00:01<00:00, 11695871.17iteration/s]
2026-05-26 20:59:03.083 | INFO     | __main__:<module>:226 - 2026-05-26 20:59:03 RECV round=70 cid=1 train_duration=110.18817353248596 battery=135805.33J
2026-05-26 20:59:03.083 | INFO     | utils.ConnectHandler_server:send:28 - sending data (59 bytes) to client#1...
2026-05-26 20:59:03.083 | INFO     | utils.ConnectHandler_server:send:34 - sending data (59 bytes) to client#1 completely
2026-05-26 20:59:17.087 | INFO     | __main__:<module>:313 - 2026-05-26 20:59:16 ROUND=70 end avg_acc=32.7670 best_acc=32.7670 duration=129.82s comm_mb=75.138 selected=[0, 1] checkpoint=logs_real/dfl_real_server/checkpoints/dfl_seed1/checkpoint.pt
2026-05-26 20:59:17.087 | INFO     | __main__:<module>:179 - 2026-05-26 20:59:17 ROUND=71 start selected=[2, 3] active_clients=[0, 1, 2, 3, 4, 5, 6, 7, 8, 9] cursor=4
2026-05-26 20:59:17.140 | INFO     | utils.ConnectHandler_server:send:28 - sending data (19699820 bytes) to client#2...
2026-05-26 20:59:18.759 | INFO     | utils.ConnectHandler_server:send:34 - sending data (19699820 bytes) to client#2 completely
2026-05-26 20:59:18.759 | INFO     | __main__:<module>:207 - 2026-05-26 20:59:18 SEND round=71 cid=2 payload_mb=18.787 duration=1.638s
2026-05-26 20:59:18.776 | INFO     | utils.ConnectHandler_server:send:28 - sending data (19699825 bytes) to client#3...
2026-05-26 20:59:20.411 | INFO     | utils.ConnectHandler_server:send:34 - sending data (19699825 bytes) to client#3 completely
2026-05-26 20:59:20.411 | INFO     | __main__:<module>:207 - 2026-05-26 20:59:20 SEND round=71 cid=3 payload_mb=18.787 duration=1.643s
2026-05-26 21:00:44.611 | INFO     | utils.ConnectHandler_server:receive:71 - 19696949bytes data to be received from client#3

  0%|          | 0/19696949 [00:00<?, ?iteration/s]
  6%|▌         | 1168536/19696949 [00:00<00:01, 11657799.11iteration/s]
 12%|█▏        | 2342864/19696949 [00:00<00:01, 11702514.07iteration/s]
 18%|█▊        | 3520088/19696949 [00:00<00:01, 11728387.13iteration/s]
 24%|██▍       | 4697312/19696949 [00:00<00:01, 11735580.31iteration/s]
 30%|██▉       | 5878880/19696949 [00:00<00:01, 11748828.53iteration/s]
 36%|███▌      | 7057552/19696949 [00:00<00:01, 11750425.61iteration/s]
 42%|████▏     | 8236224/19696949 [00:00<00:00, 11751941.37iteration/s]
 48%|████▊     | 9417792/19696949 [00:00<00:00, 11755678.11iteration/s]
 54%|█████▍    | 10597912/19696949 [00:00<00:00, 11762026.19iteration/s]
 60%|█████▉    | 11776584/19696949 [00:01<00:00, 11756735.21iteration/s]
 66%|██████▌   | 12953808/19696949 [00:01<00:00, 11753959.49iteration/s]
 72%|███████▏  | 14133928/19696949 [00:01<00:00, 11759197.97iteration/s]
 78%|███████▊  | 15312600/19696949 [00:01<00:00, 11761977.71iteration/s]
 84%|████████▎ | 16495616/19696949 [00:01<00:00, 11759393.21iteration/s]
 90%|████████▉ | 17674288/19696949 [00:01<00:00, 11757439.89iteration/s]
 96%|█████████▌| 18852960/19696949 [00:01<00:00, 11759458.35iteration/s]2026-05-26 21:00:46.289 | INFO     | utils.ConnectHandler_server:receive:80 - receive completed

100%|██████████| 19696949/19696949 [00:01<00:00, 11699125.89iteration/s]
2026-05-26 21:00:46.304 | INFO     | __main__:<module>:226 - 2026-05-26 21:00:46 RECV round=71 cid=3 train_duration=83.49911236763 battery=139219.55J
2026-05-26 21:00:46.304 | INFO     | utils.ConnectHandler_server:send:28 - sending data (59 bytes) to client#3...
2026-05-26 21:00:46.304 | INFO     | utils.ConnectHandler_server:send:34 - sending data (59 bytes) to client#3 completely
2026-05-26 21:00:48.430 | INFO     | utils.ConnectHandler_server:receive:71 - 19697059bytes data to be received from client#2

  0%|          | 0/19697059 [00:00<?, ?iteration/s]
  6%|▌         | 1175776/19697059 [00:00<00:01, 11750991.20iteration/s]
 12%|█▏        | 2353000/19697059 [00:00<00:01, 11754643.54iteration/s]
 18%|█▊        | 3530224/19697059 [00:00<00:01, 11758585.07iteration/s]
 24%|██▍       | 4707448/19697059 [00:00<00:01, 11758468.68iteration/s]
 30%|██▉       | 5889016/19697059 [00:00<00:01, 11741501.17iteration/s]
 36%|███▌      | 7067688/19697059 [00:00<00:01, 11738559.89iteration/s]
 42%|████▏     | 8250704/19697059 [00:00<00:00, 11756428.80iteration/s]
 48%|████▊     | 9432272/19697059 [00:00<00:00, 11753721.71iteration/s]
 54%|█████▍    | 10615288/19697059 [00:00<00:00, 11754855.74iteration/s]
 60%|█████▉    | 11793960/19697059 [00:01<00:00, 11754031.86iteration/s]
 66%|██████▌   | 12976976/19697059 [00:01<00:00, 11753741.31iteration/s]
 72%|███████▏  | 14159992/19697059 [00:01<00:00, 11758706.65iteration/s]
 78%|███████▊  | 15343008/19697059 [00:01<00:00, 11765697.94iteration/s]
 84%|████████▍ | 16530368/19697059 [00:01<00:00, 11759830.61iteration/s]
 90%|████████▉ | 17711936/19697059 [00:01<00:00, 11753754.55iteration/s]
 96%|█████████▌| 18892056/19697059 [00:01<00:00, 11761084.43iteration/s]2026-05-26 21:00:50.107 | INFO     | utils.ConnectHandler_server:receive:80 - receive completed

100%|██████████| 19697059/19697059 [00:01<00:00, 11704259.69iteration/s]
2026-05-26 21:00:50.122 | INFO     | __main__:<module>:226 - 2026-05-26 21:00:50 RECV round=71 cid=2 train_duration=88.88177394866943 battery=138664.25J
2026-05-26 21:00:50.122 | INFO     | utils.ConnectHandler_server:send:28 - sending data (59 bytes) to client#2...
2026-05-26 21:00:50.122 | INFO     | utils.ConnectHandler_server:send:34 - sending data (59 bytes) to client#2 completely
2026-05-26 21:01:03.975 | INFO     | __main__:<module>:313 - 2026-05-26 21:01:03 ROUND=71 end avg_acc=33.3400 best_acc=33.3400 duration=106.65s comm_mb=75.138 selected=[2, 3] checkpoint=logs_real/dfl_real_server/checkpoints/dfl_seed1/checkpoint.pt
2026-05-26 21:01:03.975 | INFO     | __main__:<module>:179 - 2026-05-26 21:01:03 ROUND=72 start selected=[4, 5] active_clients=[0, 1, 2, 3, 4, 5, 6, 7, 8, 9] cursor=6
2026-05-26 21:01:04.012 | INFO     | utils.ConnectHandler_server:send:28 - sending data (19699825 bytes) to client#4...
2026-05-26 21:01:05.595 | INFO     | utils.ConnectHandler_server:send:34 - sending data (19699825 bytes) to client#4 completely
2026-05-26 21:01:05.595 | INFO     | __main__:<module>:207 - 2026-05-26 21:01:05 SEND round=72 cid=4 payload_mb=18.787 duration=1.595s
2026-05-26 21:01:05.613 | INFO     | utils.ConnectHandler_server:send:28 - sending data (19699820 bytes) to client#5...
2026-05-26 21:01:07.261 | INFO     | utils.ConnectHandler_server:send:34 - sending data (19699820 bytes) to client#5 completely
2026-05-26 21:01:07.261 | INFO     | __main__:<module>:207 - 2026-05-26 21:01:07 SEND round=72 cid=5 payload_mb=18.787 duration=1.657s
2026-05-26 21:02:32.972 | INFO     | utils.ConnectHandler_server:receive:71 - 19696959bytes data to be received from client#4

  0%|          | 0/19696959 [00:00<?, ?iteration/s]
  6%|▌         | 1174328/19696959 [00:00<00:01, 11721242.08iteration/s]
 12%|█▏        | 2347208/19696959 [00:00<00:01, 11722421.97iteration/s]
 18%|█▊        | 3522984/19696959 [00:00<00:01, 11738451.76iteration/s]
 24%|██▍       | 4698760/19696959 [00:00<00:01, 11708794.54iteration/s]
 30%|██▉       | 5877432/19696959 [00:00<00:01, 11730134.18iteration/s]
 36%|███▌      | 7057552/19696959 [00:00<00:01, 11734772.09iteration/s]
 42%|████▏     | 8233328/19696959 [00:00<00:00, 11742163.64iteration/s]
 48%|████▊     | 9416344/19696959 [00:00<00:00, 11753293.56iteration/s]
 54%|█████▍    | 10597912/19696959 [00:00<00:00, 11753055.62iteration/s]
 60%|█████▉    | 11778032/19696959 [00:01<00:00, 11760320.45iteration/s]
 66%|██████▌   | 12961048/19696959 [00:01<00:00, 11756631.41iteration/s]
 72%|███████▏  | 14141168/19696959 [00:01<00:00, 11756074.68iteration/s]
 78%|███████▊  | 15318392/19696959 [00:01<00:00, 11752480.54iteration/s]
 84%|████████▎ | 16495616/19696959 [00:01<00:00, 11755869.89iteration/s]
 90%|████████▉ | 17678632/19696959 [00:01<00:00, 11763179.19iteration/s]
 96%|█████████▌| 18865992/19696959 [00:01<00:00, 11752661.17iteration/s]2026-05-26 21:02:34.649 | INFO     | utils.ConnectHandler_server:receive:80 - receive completed

100%|██████████| 19696959/19696959 [00:01<00:00, 11697857.96iteration/s]
2026-05-26 21:02:34.664 | INFO     | __main__:<module>:226 - 2026-05-26 21:02:34 RECV round=72 cid=4 train_duration=86.51165223121643 battery=138925.18J
2026-05-26 21:02:34.664 | INFO     | utils.ConnectHandler_server:send:28 - sending data (59 bytes) to client#4...
2026-05-26 21:02:34.664 | INFO     | utils.ConnectHandler_server:send:34 - sending data (59 bytes) to client#4 completely
2026-05-26 21:02:55.623 | INFO     | utils.ConnectHandler_server:receive:71 - 19696959bytes data to be received from client#5

  0%|          | 0/19696959 [00:00<?, ?iteration/s]
  6%|▌         | 1175776/19696959 [00:00<00:01, 11728996.12iteration/s]
 12%|█▏        | 2354448/19696959 [00:00<00:01, 11749474.57iteration/s]
 18%|█▊        | 3530224/19696959 [00:00<00:01, 11748225.22iteration/s]
 24%|██▍       | 4707448/19696959 [00:00<00:01, 11754573.16iteration/s]
 30%|██▉       | 5884672/19696959 [00:00<00:01, 11752149.35iteration/s]
 36%|███▌      | 7066240/19696959 [00:00<00:01, 11758154.08iteration/s]
 42%|████▏     | 8246360/19696959 [00:00<00:00, 11751996.45iteration/s]
 48%|████▊     | 9425032/19696959 [00:00<00:00, 11753211.95iteration/s]
 54%|█████▍    | 10608048/19696959 [00:00<00:00, 11761395.26iteration/s]
 60%|█████▉    | 11789616/19696959 [00:01<00:00, 11755157.24iteration/s]
 66%|██████▌   | 12978424/19696959 [00:01<00:00, 11766418.79iteration/s]
 72%|███████▏  | 14159992/19696959 [00:01<00:00, 11754047.14iteration/s]
 78%|███████▊  | 15340112/19696959 [00:01<00:00, 11761109.57iteration/s]
 84%|████████▍ | 16523128/19696959 [00:01<00:00, 11766031.54iteration/s]
 90%|████████▉ | 17703248/19696959 [00:01<00:00, 11758568.19iteration/s]
 96%|█████████▌| 18889160/19696959 [00:01<00:00, 11761841.37iteration/s]2026-05-26 21:02:57.300 | INFO     | utils.ConnectHandler_server:receive:80 - receive completed

100%|██████████| 19696959/19696959 [00:01<00:00, 11697657.54iteration/s]
2026-05-26 21:02:57.315 | INFO     | __main__:<module>:226 - 2026-05-26 21:02:57 RECV round=72 cid=5 train_duration=107.64390230178833 battery=132843.51J
2026-05-26 21:02:57.315 | INFO     | utils.ConnectHandler_server:send:28 - sending data (59 bytes) to client#5...
2026-05-26 21:02:57.315 | INFO     | utils.ConnectHandler_server:send:34 - sending data (59 bytes) to client#5 completely
2026-05-26 21:03:11.257 | INFO     | __main__:<module>:313 - 2026-05-26 21:03:10 ROUND=72 end avg_acc=34.0760 best_acc=34.0760 duration=126.96s comm_mb=75.138 selected=[4, 5] checkpoint=logs_real/dfl_real_server/checkpoints/dfl_seed1/checkpoint.pt
2026-05-26 21:03:11.257 | INFO     | __main__:<module>:179 - 2026-05-26 21:03:11 ROUND=73 start selected=[6, 7] active_clients=[0, 1, 2, 3, 4, 5, 6, 7, 8, 9] cursor=8
2026-05-26 21:03:11.316 | INFO     | utils.ConnectHandler_server:send:28 - sending data (19699820 bytes) to client#6...
2026-05-26 21:03:12.911 | INFO     | utils.ConnectHandler_server:send:34 - sending data (19699820 bytes) to client#6 completely
2026-05-26 21:03:12.911 | INFO     | __main__:<module>:207 - 2026-05-26 21:03:12 SEND round=73 cid=6 payload_mb=18.787 duration=1.616s
2026-05-26 21:03:12.927 | INFO     | utils.ConnectHandler_server:send:28 - sending data (19729791 bytes) to client#7...
2026-05-26 21:03:14.643 | INFO     | utils.ConnectHandler_server:send:34 - sending data (19729791 bytes) to client#7 completely
2026-05-26 21:03:14.643 | INFO     | __main__:<module>:207 - 2026-05-26 21:03:14 SEND round=73 cid=7 payload_mb=18.816 duration=1.724s
2026-05-26 21:04:56.268 | INFO     | utils.ConnectHandler_server:receive:71 - 19696967bytes data to be received from client#6

  0%|          | 0/19696967 [00:00<?, ?iteration/s]
  6%|▌         | 1175776/19696967 [00:00<00:01, 11753399.73iteration/s]
 12%|█▏        | 2353000/19696967 [00:00<00:01, 11757842.72iteration/s]
 18%|█▊        | 3530224/19696967 [00:00<00:01, 11761513.91iteration/s]
 24%|██▍       | 4707448/19696967 [00:00<00:01, 11753851.71iteration/s]
 30%|██▉       | 5884672/19696967 [00:00<00:01, 11753060.42iteration/s]
 36%|███▌      | 7064792/19696967 [00:00<00:01, 11761757.33iteration/s]
 42%|████▏     | 8244912/19696967 [00:00<00:00, 11757687.65iteration/s]
 48%|████▊     | 9422136/19696967 [00:00<00:00, 11756481.33iteration/s]
 54%|█████▍    | 10600808/19696967 [00:00<00:00, 11758179.37iteration/s]
 60%|█████▉    | 11778032/19696967 [00:01<00:00, 11758109.93iteration/s]
 66%|██████▌   | 12956704/19696967 [00:01<00:00, 11757912.72iteration/s]
 72%|███████▏  | 14145512/19696967 [00:01<00:00, 11760873.35iteration/s]
 78%|███████▊  | 15322736/19696967 [00:01<00:00, 11760253.50iteration/s]
 84%|████████▍ | 16505752/19696967 [00:01<00:00, 11759719.04iteration/s]
 90%|████████▉ | 17688768/19696967 [00:01<00:00, 11756463.23iteration/s]
 96%|█████████▌| 18870336/19696967 [00:01<00:00, 11736100.76iteration/s]2026-05-26 21:04:57.945 | INFO     | utils.ConnectHandler_server:receive:80 - receive completed

100%|██████████| 19696967/19696967 [00:01<00:00, 11696779.55iteration/s]
2026-05-26 21:04:57.960 | INFO     | __main__:<module>:226 - 2026-05-26 21:04:57 RECV round=73 cid=6 train_duration=102.57323288917542 battery=136721.68J
2026-05-26 21:04:57.960 | INFO     | utils.ConnectHandler_server:send:28 - sending data (59 bytes) to client#6...
2026-05-26 21:04:57.960 | INFO     | utils.ConnectHandler_server:send:34 - sending data (59 bytes) to client#6 completely
2026-05-26 21:05:33.866 | INFO     | utils.ConnectHandler_server:receive:71 - 19697437bytes data to be received from client#7

  0%|          | 0/19697437 [00:00<?, ?iteration/s]
  6%|▌         | 1159848/19697437 [00:00<00:01, 11584929.32iteration/s]
 12%|█▏        | 2328384/19697437 [00:00<00:01, 11632292.87iteration/s]
 18%|█▊        | 3495472/19697437 [00:00<00:01, 11646736.11iteration/s]
 24%|██▎       | 4662560/19697437 [00:00<00:01, 11644918.05iteration/s]
 30%|██▉       | 5835440/19697437 [00:00<00:01, 11666071.37iteration/s]
 36%|███▌      | 7005424/19697437 [00:00<00:01, 11661529.46iteration/s]
 42%|████▏     | 8179752/19697437 [00:00<00:00, 11687176.35iteration/s]
 48%|████▊     | 9359872/19697437 [00:00<00:00, 11710491.37iteration/s]
 54%|█████▎    | 10541440/19697437 [00:00<00:00, 11721040.73iteration/s]
 60%|█████▉    | 11721560/19697437 [00:01<00:00, 11722250.52iteration/s]
 65%|██████▌   | 12894440/19697437 [00:01<00:00, 11722828.13iteration/s]
 71%|███████▏  | 14078904/19697437 [00:01<00:00, 11730932.93iteration/s]
 77%|███████▋  | 15254680/19697437 [00:01<00:00, 11738749.34iteration/s]
 83%|████████▎ | 16439144/19697437 [00:01<00:00, 11738210.35iteration/s]
 89%|████████▉ | 17627952/19697437 [00:01<00:00, 11741498.48iteration/s]
 95%|█████████▌| 18805176/19697437 [00:01<00:00, 11740698.86iteration/s]2026-05-26 21:05:35.550 | INFO     | utils.ConnectHandler_server:receive:80 - receive completed

100%|██████████| 19697437/19697437 [00:01<00:00, 11652802.15iteration/s]
2026-05-26 21:05:35.565 | INFO     | __main__:<module>:226 - 2026-05-26 21:05:35 RECV round=73 cid=7 train_duration=138.85389971733093 battery=120783.33J
2026-05-26 21:05:35.565 | INFO     | utils.ConnectHandler_server:send:28 - sending data (59 bytes) to client#7...
2026-05-26 21:05:35.565 | INFO     | utils.ConnectHandler_server:send:34 - sending data (59 bytes) to client#7 completely
2026-05-26 21:05:49.439 | INFO     | __main__:<module>:313 - 2026-05-26 21:05:49 ROUND=73 end avg_acc=34.1780 best_acc=34.1780 duration=157.93s comm_mb=75.167 selected=[6, 7] checkpoint=logs_real/dfl_real_server/checkpoints/dfl_seed1/checkpoint.pt
2026-05-26 21:05:49.439 | INFO     | __main__:<module>:179 - 2026-05-26 21:05:49 ROUND=74 start selected=[8, 9] active_clients=[0, 1, 2, 3, 4, 5, 6, 7, 8, 9] cursor=0
2026-05-26 21:05:49.466 | INFO     | utils.ConnectHandler_server:send:28 - sending data (19735888 bytes) to client#8...
2026-05-26 21:05:51.043 | INFO     | utils.ConnectHandler_server:send:34 - sending data (19735888 bytes) to client#8 completely
2026-05-26 21:05:51.043 | INFO     | __main__:<module>:207 - 2026-05-26 21:05:51 SEND round=74 cid=8 payload_mb=18.822 duration=1.588s
2026-05-26 21:05:51.062 | INFO     | utils.ConnectHandler_server:send:28 - sending data (19723703 bytes) to client#9...
2026-05-26 21:05:52.760 | INFO     | utils.ConnectHandler_server:send:34 - sending data (19723703 bytes) to client#9 completely
2026-05-26 21:05:52.760 | INFO     | __main__:<module>:207 - 2026-05-26 21:05:52 SEND round=74 cid=9 payload_mb=18.810 duration=1.708s
2026-05-26 21:07:44.468 | INFO     | utils.ConnectHandler_server:receive:71 - 19694064bytes data to be received from client#9

  0%|          | 0/19694064 [00:00<?, ?iteration/s]
  6%|▌         | 1180690/19694064 [00:00<00:01, 11804941.10iteration/s]
 12%|█▏        | 2362794/19694064 [00:00<00:01, 11761570.12iteration/s]
 18%|█▊        | 3539242/19694064 [00:00<00:01, 11754386.39iteration/s]
 24%|██▍       | 4715690/19694064 [00:00<00:01, 11744223.82iteration/s]
 30%|██▉       | 5892138/19694064 [00:00<00:01, 11750338.11iteration/s]
 36%|███▌      | 7070000/19694064 [00:00<00:01, 11750251.88iteration/s]
 42%|████▏     | 8245034/19694064 [00:00<00:00, 11743237.69iteration/s]
 48%|████▊     | 9421482/19694064 [00:00<00:00, 11742998.47iteration/s]
 54%|█████▍    | 10600758/19694064 [00:00<00:00, 11744218.49iteration/s]
 60%|█████▉    | 11782862/19694064 [00:01<00:00, 11749189.23iteration/s]
 66%|██████▌   | 12960724/19694064 [00:01<00:00, 11737782.56iteration/s]
 72%|███████▏  | 14142828/19694064 [00:01<00:00, 11743057.79iteration/s]
 78%|███████▊  | 15322104/19694064 [00:01<00:00, 11743493.76iteration/s]
 84%|████████▍ | 16509864/19694064 [00:01<00:00, 11746444.76iteration/s]
 90%|████████▉ | 17686312/19694064 [00:01<00:00, 11742425.27iteration/s]
 96%|█████████▌| 18865588/19694064 [00:01<00:00, 11738529.94iteration/s]2026-05-26 21:07:46.147 | INFO     | utils.ConnectHandler_server:receive:80 - receive completed

100%|██████████| 19694064/19694064 [00:01<00:00, 11689068.01iteration/s]
2026-05-26 21:07:46.162 | INFO     | __main__:<module>:226 - 2026-05-26 21:07:46 RECV round=74 cid=9 train_duration=111.27336812019348 battery=121571.80J
2026-05-26 21:07:46.162 | INFO     | utils.ConnectHandler_server:send:28 - sending data (59 bytes) to client#9...
2026-05-26 21:07:46.162 | INFO     | utils.ConnectHandler_server:send:34 - sending data (59 bytes) to client#9 completely
2026-05-26 21:09:34.929 | INFO     | utils.ConnectHandler_server:receive:71 - 19697437bytes data to be received from client#8

  0%|          | 0/19697437 [00:00<?, ?iteration/s]
  6%|▌         | 1162744/19697437 [00:00<00:01, 11614906.56iteration/s]
 12%|█▏        | 2332728/19697437 [00:00<00:01, 11660013.50iteration/s]
 18%|█▊        | 3499816/19697437 [00:00<00:01, 11662490.76iteration/s]
 24%|██▎       | 4669800/19697437 [00:00<00:01, 11670404.44iteration/s]
 30%|██▉       | 5841232/19697437 [00:00<00:01, 11679882.20iteration/s]
 36%|███▌      | 7018456/19697437 [00:00<00:01, 11701993.25iteration/s]
 42%|████▏     | 8198576/19697437 [00:00<00:00, 11718728.93iteration/s]
 48%|████▊     | 9377248/19697437 [00:00<00:00, 11724873.87iteration/s]
 54%|█████▎    | 10555920/19697437 [00:00<00:00, 11734169.77iteration/s]
 60%|█████▉    | 11734592/19697437 [00:01<00:00, 11740790.99iteration/s]
 66%|██████▌   | 12916160/19697437 [00:01<00:00, 11741249.70iteration/s]
 72%|███████▏  | 14097728/19697437 [00:01<00:00, 11746628.61iteration/s]
 78%|███████▊  | 15276400/19697437 [00:01<00:00, 11743130.35iteration/s]
 84%|████████▎ | 16460864/19697437 [00:01<00:00, 11748582.74iteration/s]
 90%|████████▉ | 17645328/19697437 [00:01<00:00, 11744485.93iteration/s]
 96%|█████████▌| 18834136/19697437 [00:01<00:00, 11739769.02iteration/s]2026-05-26 21:09:36.610 | INFO     | utils.ConnectHandler_server:receive:80 - receive completed

100%|██████████| 19697437/19697437 [00:01<00:00, 11669648.52iteration/s]
2026-05-26 21:09:36.626 | INFO     | __main__:<module>:226 - 2026-05-26 21:09:36 RECV round=74 cid=8 train_duration=223.13875699043274 battery=98137.47J
2026-05-26 21:09:36.626 | INFO     | utils.ConnectHandler_server:send:28 - sending data (59 bytes) to client#8...
2026-05-26 21:09:36.626 | INFO     | utils.ConnectHandler_server:send:34 - sending data (59 bytes) to client#8 completely
2026-05-26 21:09:50.568 | INFO     | __main__:<module>:313 - 2026-05-26 21:09:50 ROUND=74 end avg_acc=34.7240 best_acc=34.7240 duration=240.88s comm_mb=75.195 selected=[8, 9] checkpoint=logs_real/dfl_real_server/checkpoints/dfl_seed1/checkpoint.pt
2026-05-26 21:09:50.568 | INFO     | __main__:<module>:179 - 2026-05-26 21:09:50 ROUND=75 start selected=[0, 1] active_clients=[0, 1, 2, 3, 4, 5, 6, 7, 8, 9] cursor=2
2026-05-26 21:09:50.594 | INFO     | utils.ConnectHandler_server:send:28 - sending data (19699823 bytes) to client#0...
2026-05-26 21:09:52.136 | INFO     | utils.ConnectHandler_server:send:34 - sending data (19699823 bytes) to client#0 completely
2026-05-26 21:09:52.136 | INFO     | __main__:<module>:207 - 2026-05-26 21:09:52 SEND round=75 cid=0 payload_mb=18.787 duration=1.552s
2026-05-26 21:09:52.155 | INFO     | utils.ConnectHandler_server:send:28 - sending data (19699819 bytes) to client#1...
2026-05-26 21:09:53.882 | INFO     | utils.ConnectHandler_server:send:34 - sending data (19699819 bytes) to client#1 completely
2026-05-26 21:09:53.882 | INFO     | __main__:<module>:207 - 2026-05-26 21:09:53 SEND round=75 cid=1 payload_mb=18.787 duration=1.737s
2026-05-26 21:11:41.964 | INFO     | utils.ConnectHandler_server:receive:71 - 19696953bytes data to be received from client#0

  0%|          | 0/19696953 [00:00<?, ?iteration/s]
  6%|▌         | 1172880/19696953 [00:00<00:01, 11716854.93iteration/s]
 12%|█▏        | 2350104/19696953 [00:00<00:01, 11742233.78iteration/s]
 18%|█▊        | 3527328/19696953 [00:00<00:01, 11750230.60iteration/s]
 24%|██▍       | 4704552/19696953 [00:00<00:01, 11753324.35iteration/s]
 30%|██▉       | 5881776/19696953 [00:00<00:01, 11749091.55iteration/s]
 36%|███▌      | 7063344/19696953 [00:00<00:01, 11754302.49iteration/s]
 42%|████▏     | 8240568/19696953 [00:00<00:00, 11754453.02iteration/s]
 48%|████▊     | 9423584/19696953 [00:00<00:00, 11756087.50iteration/s]
 54%|█████▍    | 10605152/19696953 [00:00<00:00, 11761558.25iteration/s]
 60%|█████▉    | 11788168/19696953 [00:01<00:00, 11757592.40iteration/s]
 66%|██████▌   | 12968288/19696953 [00:01<00:00, 11760942.28iteration/s]
 72%|███████▏  | 14146960/19696953 [00:01<00:00, 11757481.00iteration/s]
 78%|███████▊  | 15332872/19696953 [00:01<00:00, 11764354.85iteration/s]
 84%|████████▍ | 16514440/19696953 [00:01<00:00, 11761701.22iteration/s]
 90%|████████▉ | 17697456/19696953 [00:01<00:00, 11761042.66iteration/s]
 96%|█████████▌| 18881920/19696953 [00:01<00:00, 11756770.20iteration/s]2026-05-26 21:11:43.641 | INFO     | utils.ConnectHandler_server:receive:80 - receive completed

100%|██████████| 19696953/19696953 [00:01<00:00, 11704110.48iteration/s]
2026-05-26 21:11:43.656 | INFO     | __main__:<module>:226 - 2026-05-26 21:11:43 RECV round=75 cid=0 train_duration=108.67920136451721 battery=135076.17J
2026-05-26 21:11:43.656 | INFO     | utils.ConnectHandler_server:send:28 - sending data (59 bytes) to client#0...
2026-05-26 21:11:43.656 | INFO     | utils.ConnectHandler_server:send:34 - sending data (59 bytes) to client#0 completely
2026-05-26 21:11:45.091 | INFO     | utils.ConnectHandler_server:receive:71 - 19696957bytes data to be received from client#1

  0%|          | 0/19696957 [00:00<?, ?iteration/s]
  6%|▌         | 1167088/19696957 [00:00<00:01, 11651362.47iteration/s]
 12%|█▏        | 2341416/19696957 [00:00<00:01, 11703596.62iteration/s]
 18%|█▊        | 3518640/19696957 [00:00<00:01, 11728333.20iteration/s]
 24%|██▍       | 4695864/19696957 [00:00<00:01, 11739035.30iteration/s]
 30%|██▉       | 5871640/19696957 [00:00<00:01, 11731223.27iteration/s]
 36%|███▌      | 7048864/19696957 [00:00<00:01, 11737818.54iteration/s]
 42%|████▏     | 8228984/19696957 [00:00<00:00, 11741123.32iteration/s]
 48%|████▊     | 9406208/19696957 [00:00<00:00, 11746048.80iteration/s]
 54%|█████▍    | 10590672/19696957 [00:00<00:00, 11760913.43iteration/s]
 60%|█████▉    | 11767896/19696957 [00:01<00:00, 11754951.65iteration/s]
 66%|██████▌   | 12948016/19696957 [00:01<00:00, 11755751.96iteration/s]
 72%|███████▏  | 14128136/19696957 [00:01<00:00, 11754289.88iteration/s]
 78%|███████▊  | 15308256/19696957 [00:01<00:00, 11760911.04iteration/s]
 84%|████████▎ | 16492720/19696957 [00:01<00:00, 11764449.33iteration/s]
 90%|████████▉ | 17677184/19696957 [00:01<00:00, 11760028.47iteration/s]
 96%|█████████▌| 18861648/19696957 [00:01<00:00, 11763302.89iteration/s]2026-05-26 21:11:46.769 | INFO     | utils.ConnectHandler_server:receive:80 - receive completed

100%|██████████| 19696957/19696957 [00:01<00:00, 11691013.40iteration/s]
2026-05-26 21:11:46.785 | INFO     | __main__:<module>:226 - 2026-05-26 21:11:46 RECV round=75 cid=1 train_duration=110.18654537200928 battery=134865.39J
2026-05-26 21:11:46.785 | INFO     | utils.ConnectHandler_server:send:28 - sending data (59 bytes) to client#1...
2026-05-26 21:11:46.785 | INFO     | utils.ConnectHandler_server:send:34 - sending data (59 bytes) to client#1 completely
2026-05-26 21:12:01.114 | INFO     | __main__:<module>:313 - 2026-05-26 21:12:00 ROUND=75 end avg_acc=35.0220 best_acc=35.0220 duration=130.18s comm_mb=75.138 selected=[0, 1] checkpoint=logs_real/dfl_real_server/checkpoints/dfl_seed1/checkpoint.pt
2026-05-26 21:12:01.115 | INFO     | __main__:<module>:179 - 2026-05-26 21:12:01 ROUND=76 start selected=[2, 3] active_clients=[0, 1, 2, 3, 4, 5, 6, 7, 8, 9] cursor=4
2026-05-26 21:12:01.169 | INFO     | utils.ConnectHandler_server:send:28 - sending data (19699820 bytes) to client#2...
2026-05-26 21:12:02.813 | INFO     | utils.ConnectHandler_server:send:34 - sending data (19699820 bytes) to client#2 completely
2026-05-26 21:12:02.813 | INFO     | __main__:<module>:207 - 2026-05-26 21:12:02 SEND round=76 cid=2 payload_mb=18.787 duration=1.656s
2026-05-26 21:12:02.832 | INFO     | utils.ConnectHandler_server:send:28 - sending data (19699825 bytes) to client#3...
2026-05-26 21:12:04.453 | INFO     | utils.ConnectHandler_server:send:34 - sending data (19699825 bytes) to client#3 completely
2026-05-26 21:12:04.453 | INFO     | __main__:<module>:207 - 2026-05-26 21:12:04 SEND round=76 cid=3 payload_mb=18.787 duration=1.631s
2026-05-26 21:13:29.069 | INFO     | utils.ConnectHandler_server:receive:71 - 19696959bytes data to be received from client#3

  0%|          | 0/19696959 [00:00<?, ?iteration/s]
  6%|▌         | 1162744/19696959 [00:00<00:01, 11624014.57iteration/s]
 12%|█▏        | 2341416/19696959 [00:00<00:01, 11714593.29iteration/s]
 18%|█▊        | 3518640/19696959 [00:00<00:01, 11731822.16iteration/s]
 24%|██▍       | 4695864/19696959 [00:00<00:01, 11733953.88iteration/s]
 30%|██▉       | 5877432/19696959 [00:00<00:01, 11752232.49iteration/s]
 36%|███▌      | 7056104/19696959 [00:00<00:01, 11747570.22iteration/s]
 42%|████▏     | 8233328/19696959 [00:00<00:00, 11751418.36iteration/s]
 48%|████▊     | 9416344/19696959 [00:00<00:00, 11759385.01iteration/s]
 54%|█████▍    | 10593568/19696959 [00:00<00:00, 11758807.15iteration/s]
 60%|█████▉    | 11778032/19696959 [00:01<00:00, 11758867.60iteration/s]
 66%|██████▌   | 12958152/19696959 [00:01<00:00, 11753505.35iteration/s]
 72%|███████▏  | 14138272/19696959 [00:01<00:00, 11753194.75iteration/s]
 78%|███████▊  | 15327080/19696959 [00:01<00:00, 11762843.15iteration/s]
 84%|████████▍ | 16512992/19696959 [00:01<00:00, 11759842.08iteration/s]
 90%|████████▉ | 17693112/19696959 [00:01<00:00, 11760795.83iteration/s]
 96%|█████████▌| 18871784/19696959 [00:01<00:00, 11754833.37iteration/s]2026-05-26 21:13:30.747 | INFO     | utils.ConnectHandler_server:receive:80 - receive completed

100%|██████████| 19696959/19696959 [00:01<00:00, 11699544.37iteration/s]
2026-05-26 21:13:30.774 | INFO     | __main__:<module>:226 - 2026-05-26 21:13:30 RECV round=76 cid=3 train_duration=83.92403268814087 battery=138503.64J
2026-05-26 21:13:30.775 | INFO     | utils.ConnectHandler_server:send:28 - sending data (59 bytes) to client#3...
2026-05-26 21:13:30.775 | INFO     | utils.ConnectHandler_server:send:34 - sending data (59 bytes) to client#3 completely
2026-05-26 21:13:31.339 | INFO     | utils.ConnectHandler_server:receive:71 - 19697059bytes data to be received from client#2

  0%|          | 0/19697059 [00:00<?, ?iteration/s]
  6%|▌         | 1174328/19697059 [00:00<00:01, 11725818.35iteration/s]
 12%|█▏        | 2353000/19697059 [00:00<00:01, 11749112.12iteration/s]
 18%|█▊        | 3530224/19697059 [00:00<00:01, 11751934.98iteration/s]
 24%|██▍       | 4707448/19697059 [00:00<00:01, 11754001.50iteration/s]
 30%|██▉       | 5884672/19697059 [00:00<00:01, 11757233.61iteration/s]
 36%|███▌      | 7064792/19697059 [00:00<00:01, 11755682.27iteration/s]
 42%|████▏     | 8247808/19697059 [00:00<00:00, 11759908.33iteration/s]
 48%|████▊     | 9427928/19697059 [00:00<00:00, 11754467.16iteration/s]
 54%|█████▍    | 10610944/19697059 [00:00<00:00, 11754810.08iteration/s]
 60%|█████▉    | 11788168/19697059 [00:01<00:00, 11755416.40iteration/s]
 66%|██████▌   | 12971184/19697059 [00:01<00:00, 11759809.59iteration/s]
 72%|███████▏  | 14148408/19697059 [00:01<00:00, 11759382.33iteration/s]
 78%|███████▊  | 15325632/19697059 [00:01<00:00, 11761178.64iteration/s]
 84%|████████▍ | 16504304/19697059 [00:01<00:00, 11761206.22iteration/s]
 90%|████████▉ | 17691664/19697059 [00:01<00:00, 11758292.22iteration/s]
 96%|█████████▌| 18874680/19697059 [00:01<00:00, 11761735.12iteration/s]2026-05-26 21:13:33.016 | INFO     | utils.ConnectHandler_server:receive:80 - receive completed

100%|██████████| 19697059/19697059 [00:01<00:00, 11698999.05iteration/s]
2026-05-26 21:13:33.033 | INFO     | __main__:<module>:226 - 2026-05-26 21:13:33 RECV round=76 cid=2 train_duration=87.79130530357361 battery=137915.35J
2026-05-26 21:13:33.033 | INFO     | utils.ConnectHandler_server:send:28 - sending data (59 bytes) to client#2...
2026-05-26 21:13:33.033 | INFO     | utils.ConnectHandler_server:send:34 - sending data (59 bytes) to client#2 completely
2026-05-26 21:13:47.369 | INFO     | __main__:<module>:313 - 2026-05-26 21:13:47 ROUND=76 end avg_acc=35.4090 best_acc=35.4090 duration=105.94s comm_mb=75.138 selected=[2, 3] checkpoint=logs_real/dfl_real_server/checkpoints/dfl_seed1/checkpoint.pt
2026-05-26 21:13:47.370 | INFO     | __main__:<module>:179 - 2026-05-26 21:13:47 ROUND=77 start selected=[4, 5] active_clients=[0, 1, 2, 3, 4, 5, 6, 7, 8, 9] cursor=6
2026-05-26 21:13:47.419 | INFO     | utils.ConnectHandler_server:send:28 - sending data (19699825 bytes) to client#4...
2026-05-26 21:13:49.003 | INFO     | utils.ConnectHandler_server:send:34 - sending data (19699825 bytes) to client#4 completely
2026-05-26 21:13:49.003 | INFO     | __main__:<module>:207 - 2026-05-26 21:13:49 SEND round=77 cid=4 payload_mb=18.787 duration=1.600s
2026-05-26 21:13:49.022 | INFO     | utils.ConnectHandler_server:send:28 - sending data (19699820 bytes) to client#5...
2026-05-26 21:13:50.669 | INFO     | utils.ConnectHandler_server:send:34 - sending data (19699820 bytes) to client#5 completely
2026-05-26 21:13:50.670 | INFO     | __main__:<module>:207 - 2026-05-26 21:13:50 SEND round=77 cid=5 payload_mb=18.787 duration=1.657s
2026-05-26 21:15:16.105 | INFO     | utils.ConnectHandler_server:receive:71 - 19696961bytes data to be received from client#4

  0%|          | 0/19696961 [00:00<?, ?iteration/s]
  6%|▌         | 1167088/19696961 [00:00<00:01, 11670585.06iteration/s]
 12%|█▏        | 2342864/19696961 [00:00<00:01, 11711227.47iteration/s]
 18%|█▊        | 3520088/19696961 [00:00<00:01, 11734009.35iteration/s]
 24%|██▍       | 4698760/19696961 [00:00<00:01, 11739769.92iteration/s]
 30%|██▉       | 5878880/19696961 [00:00<00:01, 11746960.25iteration/s]
 36%|███▌      | 7054656/19696961 [00:00<00:01, 11742333.70iteration/s]
 42%|████▏     | 8237672/19696961 [00:00<00:00, 11754137.16iteration/s]
 48%|████▊     | 9413448/19696961 [00:00<00:00, 11755193.76iteration/s]
 54%|█████▍    | 10593568/19696961 [00:00<00:00, 11756329.20iteration/s]
 60%|█████▉    | 11779480/19696961 [00:01<00:00, 11761169.85iteration/s]
 66%|██████▌   | 12963944/19696961 [00:01<00:00, 11760872.16iteration/s]
 72%|███████▏  | 14149856/19696961 [00:01<00:00, 11761035.24iteration/s]
 78%|███████▊  | 15328528/19696961 [00:01<00:00, 11755765.92iteration/s]
 84%|████████▍ | 16510096/19696961 [00:01<00:00, 11757796.37iteration/s]
 90%|████████▉ | 17694560/19696961 [00:01<00:00, 11762194.80iteration/s]
 96%|█████████▌| 18874680/19696961 [00:01<00:00, 11759425.59iteration/s]2026-05-26 21:15:17.783 | INFO     | utils.ConnectHandler_server:receive:80 - receive completed

100%|██████████| 19696961/19696961 [00:01<00:00, 11696030.81iteration/s]
2026-05-26 21:15:17.803 | INFO     | __main__:<module>:226 - 2026-05-26 21:15:17 RECV round=77 cid=4 train_duration=86.26087784767151 battery=138189.33J
2026-05-26 21:15:17.804 | INFO     | utils.ConnectHandler_server:send:28 - sending data (59 bytes) to client#4...
2026-05-26 21:15:17.804 | INFO     | utils.ConnectHandler_server:send:34 - sending data (59 bytes) to client#4 completely
2026-05-26 21:15:53.720 | INFO     | utils.ConnectHandler_server:receive:71 - 19696963bytes data to be received from client#5

  0%|          | 0/19696963 [00:00<?, ?iteration/s]
  6%|▌         | 1174328/19696963 [00:00<00:01, 11721688.39iteration/s]
 12%|█▏        | 2351552/19696963 [00:00<00:01, 11747029.71iteration/s]
 18%|█▊        | 3528776/19696963 [00:00<00:01, 11752210.03iteration/s]
 24%|██▍       | 4706000/19696963 [00:00<00:01, 11752676.87iteration/s]
 30%|██▉       | 5884672/19696963 [00:00<00:01, 11754637.11iteration/s]
 36%|███▌      | 7061896/19696963 [00:00<00:01, 11750866.54iteration/s]
 42%|████▏     | 8239120/19696963 [00:00<00:00, 11755542.46iteration/s]
 48%|████▊     | 9414896/19696963 [00:00<00:00, 11755966.01iteration/s]
 54%|█████▍    | 10595016/19696963 [00:00<00:00, 11762942.37iteration/s]
 60%|█████▉    | 11778032/19696963 [00:01<00:00, 11764187.42iteration/s]
 66%|██████▌   | 12959600/19696963 [00:01<00:00, 11757373.51iteration/s]
 72%|███████▏  | 14142616/19696963 [00:01<00:00, 11761840.52iteration/s]
 78%|███████▊  | 15324184/19696963 [00:01<00:00, 11754843.25iteration/s]
 84%|████████▍ | 16504304/19696963 [00:01<00:00, 11765027.09iteration/s]
 90%|████████▉ | 17684424/19696963 [00:01<00:00, 11762803.04iteration/s]
 96%|█████████▌| 18873232/19696963 [00:01<00:00, 11758150.57iteration/s]2026-05-26 21:15:55.397 | INFO     | utils.ConnectHandler_server:receive:80 - receive completed

100%|██████████| 19696963/19696963 [00:01<00:00, 11702110.43iteration/s]
2026-05-26 21:15:55.412 | INFO     | __main__:<module>:226 - 2026-05-26 21:15:55 RECV round=77 cid=5 train_duration=122.30342054367065 battery=131800.20J
2026-05-26 21:15:55.412 | INFO     | utils.ConnectHandler_server:send:28 - sending data (59 bytes) to client#5...
2026-05-26 21:15:55.412 | INFO     | utils.ConnectHandler_server:send:34 - sending data (59 bytes) to client#5 completely
2026-05-26 21:16:09.279 | INFO     | __main__:<module>:313 - 2026-05-26 21:16:09 ROUND=77 end avg_acc=35.9330 best_acc=35.9330 duration=141.66s comm_mb=75.138 selected=[4, 5] checkpoint=logs_real/dfl_real_server/checkpoints/dfl_seed1/checkpoint.pt
2026-05-26 21:16:09.279 | INFO     | __main__:<module>:179 - 2026-05-26 21:16:09 ROUND=78 start selected=[6, 7] active_clients=[0, 1, 2, 3, 4, 5, 6, 7, 8, 9] cursor=8
2026-05-26 21:16:09.297 | INFO     | utils.ConnectHandler_server:send:28 - sending data (19699820 bytes) to client#6...
2026-05-26 21:16:10.872 | INFO     | utils.ConnectHandler_server:send:34 - sending data (19699820 bytes) to client#6 completely
2026-05-26 21:16:10.873 | INFO     | __main__:<module>:207 - 2026-05-26 21:16:10 SEND round=78 cid=6 payload_mb=18.787 duration=1.585s
2026-05-26 21:16:10.891 | INFO     | utils.ConnectHandler_server:send:28 - sending data (19729791 bytes) to client#7...
2026-05-26 21:16:12.626 | INFO     | utils.ConnectHandler_server:send:34 - sending data (19729791 bytes) to client#7 completely
2026-05-26 21:16:12.626 | INFO     | __main__:<module>:207 - 2026-05-26 21:16:12 SEND round=78 cid=7 payload_mb=18.816 duration=1.745s
2026-05-26 21:17:52.425 | INFO     | utils.ConnectHandler_server:receive:71 - 19697437bytes data to be received from client#7

  0%|          | 0/19697437 [00:00<?, ?iteration/s]
  6%|▌         | 1172880/19697437 [00:00<00:01, 11700329.59iteration/s]
 12%|█▏        | 2345760/19697437 [00:00<00:01, 11693703.72iteration/s]
 18%|█▊        | 3522984/19697437 [00:00<00:01, 11722542.31iteration/s]
 24%|██▍       | 4698760/19697437 [00:00<00:01, 11717531.04iteration/s]
 30%|██▉       | 5874536/19697437 [00:00<00:01, 11715386.31iteration/s]
 36%|███▌      | 7048864/19697437 [00:00<00:01, 11713531.18iteration/s]
 42%|████▏     | 8223192/19697437 [00:00<00:00, 11714802.36iteration/s]
 48%|████▊     | 9398968/19697437 [00:00<00:00, 11705276.15iteration/s]
 54%|█████▎    | 10579088/19697437 [00:00<00:00, 11703754.11iteration/s]
 60%|█████▉    | 11759208/19697437 [00:01<00:00, 11658537.60iteration/s]
 66%|██████▌   | 12929192/19697437 [00:01<00:00, 11271135.09iteration/s]
 71%|███████▏  | 14061528/19697437 [00:01<00:00, 11038244.28iteration/s]
 77%|███████▋  | 15231512/19697437 [00:01<00:00, 11207543.68iteration/s]
 83%|████████▎ | 16415976/19697437 [00:01<00:00, 11374643.80iteration/s]
 89%|████████▉ | 17590304/19697437 [00:01<00:00, 11482101.09iteration/s]
 95%|█████████▌| 18780560/19697437 [00:01<00:00, 11565447.25iteration/s]2026-05-26 21:17:54.131 | INFO     | utils.ConnectHandler_server:receive:80 - receive completed

100%|██████████| 19697437/19697437 [00:01<00:00, 11499169.79iteration/s]
2026-05-26 21:17:54.155 | INFO     | __main__:<module>:226 - 2026-05-26 21:17:54 RECV round=78 cid=7 train_duration=99.44001197814941 battery=119252.87J
2026-05-26 21:17:54.155 | INFO     | utils.ConnectHandler_server:send:28 - sending data (59 bytes) to client#7...
2026-05-26 21:17:54.155 | INFO     | utils.ConnectHandler_server:send:34 - sending data (59 bytes) to client#7 completely
2026-05-26 21:17:54.155 | INFO     | utils.ConnectHandler_server:receive:71 - 19696963bytes data to be received from client#6

  0%|          | 0/19696963 [00:00<?, ?iteration/s]
  7%|▋         | 1436416/19696963 [00:00<00:01, 14361605.64iteration/s]
 15%|█▍        | 2872832/19696963 [00:00<00:01, 12595718.13iteration/s]
 21%|██        | 4147072/19696963 [00:00<00:01, 12216082.09iteration/s]
 27%|██▋       | 5377872/19696963 [00:00<00:01, 12040255.81iteration/s]
 33%|███▎      | 6586952/19696963 [00:00<00:01, 11927927.81iteration/s]
 40%|███▉      | 7784448/19696963 [00:00<00:01, 11884787.59iteration/s]
 46%|████▌     | 8974704/19696963 [00:00<00:00, 11842004.49iteration/s]
 52%|█████▏    | 10162064/19696963 [00:00<00:00, 11813502.06iteration/s]
 58%|█████▊    | 11350872/19696963 [00:00<00:00, 11803871.38iteration/s]
 64%|██████▎   | 12539680/19696963 [00:01<00:00, 11780758.92iteration/s]
 70%|██████▉   | 13722696/19696963 [00:01<00:00, 11779075.97iteration/s]
 76%|███████▌  | 14904264/19696963 [00:01<00:00, 11772836.43iteration/s]
 82%|████████▏ | 16082936/19696963 [00:01<00:00, 11765567.20iteration/s]
 88%|████████▊ | 17273192/19696963 [00:01<00:00, 11770585.88iteration/s]
 94%|█████████▎| 18457656/19696963 [00:01<00:00, 11760817.15iteration/s]
100%|█████████▉| 19636328/19696963 [00:01<00:00, 11759587.12iteration/s]2026-05-26 21:17:55.811 | INFO     | utils.ConnectHandler_server:receive:80 - receive completed

100%|██████████| 19696963/19696963 [00:01<00:00, 11846048.17iteration/s]
2026-05-26 21:17:55.830 | INFO     | __main__:<module>:226 - 2026-05-26 21:17:55 RECV round=78 cid=6 train_duration=101.70602107048035 battery=135854.08J
2026-05-26 21:17:55.830 | INFO     | utils.ConnectHandler_server:send:28 - sending data (59 bytes) to client#6...
2026-05-26 21:17:55.830 | INFO     | utils.ConnectHandler_server:send:34 - sending data (59 bytes) to client#6 completely
2026-05-26 21:18:10.453 | INFO     | __main__:<module>:313 - 2026-05-26 21:18:10 ROUND=78 end avg_acc=36.0270 best_acc=36.0270 duration=120.78s comm_mb=75.167 selected=[6, 7] checkpoint=logs_real/dfl_real_server/checkpoints/dfl_seed1/checkpoint.pt
2026-05-26 21:18:10.453 | INFO     | __main__:<module>:179 - 2026-05-26 21:18:10 ROUND=79 start selected=[8, 9] active_clients=[0, 1, 2, 3, 4, 5, 6, 7, 8, 9] cursor=0
2026-05-26 21:18:10.513 | INFO     | utils.ConnectHandler_server:send:28 - sending data (19735888 bytes) to client#8...
2026-05-26 21:18:12.058 | INFO     | utils.ConnectHandler_server:send:34 - sending data (19735888 bytes) to client#8 completely
2026-05-26 21:18:12.058 | INFO     | __main__:<module>:207 - 2026-05-26 21:18:12 SEND round=79 cid=8 payload_mb=18.822 duration=1.565s
2026-05-26 21:18:12.078 | INFO     | utils.ConnectHandler_server:send:28 - sending data (19723703 bytes) to client#9...
2026-05-26 21:18:13.796 | INFO     | utils.ConnectHandler_server:send:34 - sending data (19723703 bytes) to client#9 completely
2026-05-26 21:18:13.796 | INFO     | __main__:<module>:207 - 2026-05-26 21:18:13 SEND round=79 cid=9 payload_mb=18.810 duration=1.728s
2026-05-26 21:20:04.787 | INFO     | utils.ConnectHandler_server:receive:71 - 19694060bytes data to be received from client#9

  0%|          | 0/19694060 [00:00<?, ?iteration/s]
  6%|▌         | 1176448/19694060 [00:00<00:01, 11748301.35iteration/s]
 12%|█▏        | 2352896/19694060 [00:00<00:01, 11750572.42iteration/s]
 18%|█▊        | 3529344/19694060 [00:00<00:01, 11750225.19iteration/s]
 24%|██▍       | 4704378/19694060 [00:00<00:01, 11734249.53iteration/s]
 30%|██▉       | 5885068/19694060 [00:00<00:01, 11744655.45iteration/s]
 36%|███▌      | 7064344/19694060 [00:00<00:01, 11744535.22iteration/s]
 42%|████▏     | 8243620/19694060 [00:00<00:00, 11750135.84iteration/s]
 48%|████▊     | 9421482/19694060 [00:00<00:00, 11743382.18iteration/s]
 54%|█████▍    | 10603586/19694060 [00:00<00:00, 11745831.88iteration/s]
 60%|█████▉    | 11785690/19694060 [00:01<00:00, 11739726.51iteration/s]
 66%|██████▌   | 12967794/19694060 [00:01<00:00, 11746727.05iteration/s]
 72%|███████▏  | 14142828/19694060 [00:01<00:00, 11744252.53iteration/s]
 78%|███████▊  | 15322104/19694060 [00:01<00:00, 11747022.39iteration/s]
 84%|████████▍ | 16504208/19694060 [00:01<00:00, 11746838.96iteration/s]
 90%|████████▉ | 17679242/19694060 [00:01<00:00, 11742619.81iteration/s]
 96%|█████████▌| 18865588/19694060 [00:01<00:00, 11744653.48iteration/s]2026-05-26 21:20:06.465 | INFO     | utils.ConnectHandler_server:receive:80 - receive completed

100%|██████████| 19694060/19694060 [00:01<00:00, 11691504.30iteration/s]
2026-05-26 21:20:06.486 | INFO     | __main__:<module>:226 - 2026-05-26 21:20:06 RECV round=79 cid=9 train_duration=110.53834700584412 battery=119709.54J
2026-05-26 21:20:06.486 | INFO     | utils.ConnectHandler_server:send:28 - sending data (59 bytes) to client#9...
2026-05-26 21:20:06.486 | INFO     | utils.ConnectHandler_server:send:34 - sending data (59 bytes) to client#9 completely
2026-05-26 21:21:56.768 | INFO     | utils.ConnectHandler_server:receive:71 - 19697437bytes data to be received from client#8

  0%|          | 0/19697437 [00:00<?, ?iteration/s]
  6%|▌         | 1168536/19697437 [00:00<00:01, 11656135.62iteration/s]
 12%|█▏        | 2344312/19697437 [00:00<00:01, 11704446.49iteration/s]
 18%|█▊        | 3515744/19697437 [00:00<00:01, 11702515.62iteration/s]
 24%|██▍       | 4687176/19697437 [00:00<00:01, 11697540.17iteration/s]
 30%|██▉       | 5862952/19697437 [00:00<00:01, 11707411.40iteration/s]
 36%|███▌      | 7041624/19697437 [00:00<00:01, 11721181.88iteration/s]
 42%|████▏     | 8217400/19697437 [00:00<00:00, 11718652.38iteration/s]
 48%|████▊     | 9398968/19697437 [00:00<00:00, 11733892.79iteration/s]
 54%|█████▎    | 10580536/19697437 [00:00<00:00, 11734309.85iteration/s]
 60%|█████▉    | 11759208/19697437 [00:01<00:00, 11740734.43iteration/s]
 66%|██████▌   | 12937880/19697437 [00:01<00:00, 11744304.35iteration/s]
 72%|███████▏  | 14116552/19697437 [00:01<00:00, 11743695.08iteration/s]
 78%|███████▊  | 15299568/19697437 [00:01<00:00, 11739893.60iteration/s]
 84%|████████▎ | 16481136/19697437 [00:01<00:00, 11747659.47iteration/s]
 90%|████████▉ | 17658360/19697437 [00:01<00:00, 11736360.45iteration/s]
 96%|█████████▌| 18835584/19697437 [00:01<00:00, 11741751.93iteration/s]2026-05-26 21:21:58.449 | INFO     | utils.ConnectHandler_server:receive:80 - receive completed

100%|██████████| 19697437/19697437 [00:01<00:00, 11672385.40iteration/s]
2026-05-26 21:21:58.464 | INFO     | __main__:<module>:226 - 2026-05-26 21:21:58 RECV round=79 cid=8 train_duration=223.82885098457336 battery=94692.59J
2026-05-26 21:21:58.464 | INFO     | utils.ConnectHandler_server:send:28 - sending data (59 bytes) to client#8...
2026-05-26 21:21:58.464 | INFO     | utils.ConnectHandler_server:send:34 - sending data (59 bytes) to client#8 completely
2026-05-26 21:22:13.015 | INFO     | __main__:<module>:313 - 2026-05-26 21:22:12 ROUND=79 end avg_acc=36.2570 best_acc=36.2570 duration=242.31s comm_mb=75.195 selected=[8, 9] checkpoint=logs_real/dfl_real_server/checkpoints/dfl_seed1/checkpoint.pt
2026-05-26 21:22:13.016 | INFO     | __main__:<module>:179 - 2026-05-26 21:22:13 ROUND=80 start selected=[0, 1] active_clients=[0, 1, 2, 3, 4, 5, 6, 7, 8, 9] cursor=2
2026-05-26 21:22:13.033 | INFO     | utils.ConnectHandler_server:send:28 - sending data (19699823 bytes) to client#0...
2026-05-26 21:22:14.590 | INFO     | utils.ConnectHandler_server:send:34 - sending data (19699823 bytes) to client#0 completely
2026-05-26 21:22:14.590 | INFO     | __main__:<module>:207 - 2026-05-26 21:22:14 SEND round=80 cid=0 payload_mb=18.787 duration=1.566s
2026-05-26 21:22:14.607 | INFO     | utils.ConnectHandler_server:send:28 - sending data (19699819 bytes) to client#1...
2026-05-26 21:22:16.324 | INFO     | utils.ConnectHandler_server:send:34 - sending data (19699819 bytes) to client#1 completely
2026-05-26 21:22:16.324 | INFO     | __main__:<module>:207 - 2026-05-26 21:22:16 SEND round=80 cid=1 payload_mb=18.787 duration=1.726s
2026-05-26 21:24:04.298 | INFO     | utils.ConnectHandler_server:receive:71 - 19696957bytes data to be received from client#0

  0%|          | 0/19696957 [00:00<?, ?iteration/s]
  6%|▌         | 1172880/19696957 [00:00<00:01, 11724422.53iteration/s]
 12%|█▏        | 2350104/19696957 [00:00<00:01, 11748796.49iteration/s]
 18%|█▊        | 3527328/19696957 [00:00<00:01, 11754399.10iteration/s]
 24%|██▍       | 4703104/19696957 [00:00<00:01, 11745132.40iteration/s]
 30%|██▉       | 5883224/19696957 [00:00<00:01, 11755078.24iteration/s]
 36%|███▌      | 7064792/19696957 [00:00<00:01, 11761426.01iteration/s]
 42%|████▏     | 8246360/19696957 [00:00<00:00, 11757773.12iteration/s]
 48%|████▊     | 9423584/19696957 [00:00<00:00, 11750990.39iteration/s]
 54%|█████▍    | 10606600/19696957 [00:00<00:00, 11761029.22iteration/s]
 60%|█████▉    | 11783824/19696957 [00:01<00:00, 11755077.12iteration/s]
 66%|██████▌   | 12961048/19696957 [00:01<00:00, 11756546.84iteration/s]
 72%|███████▏  | 14141168/19696957 [00:01<00:00, 11751536.72iteration/s]
 78%|███████▊  | 15316944/19696957 [00:01<00:00, 11749501.07iteration/s]
 84%|████████▎ | 16494168/19696957 [00:01<00:00, 11742627.11iteration/s]
 90%|████████▉ | 17678632/19696957 [00:01<00:00, 11744728.63iteration/s]
 96%|█████████▌| 18861648/19696957 [00:01<00:00, 11747238.69iteration/s]2026-05-26 21:24:05.976 | INFO     | utils.ConnectHandler_server:receive:80 - receive completed

100%|██████████| 19696957/19696957 [00:01<00:00, 11692692.88iteration/s]
2026-05-26 21:24:05.991 | INFO     | __main__:<module>:226 - 2026-05-26 21:24:05 RECV round=80 cid=0 train_duration=108.57106804847717 battery=134150.00J
2026-05-26 21:24:05.991 | INFO     | utils.ConnectHandler_server:send:28 - sending data (59 bytes) to client#0...
2026-05-26 21:24:05.992 | INFO     | utils.ConnectHandler_server:send:34 - sending data (59 bytes) to client#0 completely
2026-05-26 21:24:07.430 | INFO     | utils.ConnectHandler_server:receive:71 - 19696957bytes data to be received from client#1

  0%|          | 0/19696957 [00:00<?, ?iteration/s]
  6%|▌         | 1167088/19696957 [00:00<00:01, 11670362.47iteration/s]
 12%|█▏        | 2344312/19696957 [00:00<00:01, 11727812.34iteration/s]
 18%|█▊        | 3521536/19696957 [00:00<00:01, 11745224.89iteration/s]
 24%|██▍       | 4697312/19696957 [00:00<00:01, 11739637.64iteration/s]
 30%|██▉       | 5875984/19696957 [00:00<00:01, 11744015.76iteration/s]
 36%|███▌      | 7059000/19696957 [00:00<00:01, 11756758.52iteration/s]
 42%|████▏     | 8240568/19696957 [00:00<00:00, 11756854.09iteration/s]
 48%|████▊     | 9423584/19696957 [00:00<00:00, 11758379.20iteration/s]
 54%|█████▍    | 10606600/19696957 [00:00<00:00, 11763421.80iteration/s]
 60%|█████▉    | 11792512/19696957 [00:01<00:00, 11760344.73iteration/s]
 66%|██████▌   | 12974080/19696957 [00:01<00:00, 11754313.00iteration/s]
 72%|███████▏  | 14157096/19696957 [00:01<00:00, 11756167.79iteration/s]
 78%|███████▊  | 15332872/19696957 [00:01<00:00, 11752906.61iteration/s]
 84%|████████▍ | 16521680/19696957 [00:01<00:00, 11756661.14iteration/s]
 90%|████████▉ | 17710488/19696957 [00:01<00:00, 11758295.41iteration/s]
 96%|█████████▌| 18899296/19696957 [00:01<00:00, 11765728.63iteration/s]2026-05-26 21:24:09.108 | INFO     | utils.ConnectHandler_server:receive:80 - receive completed

100%|██████████| 19696957/19696957 [00:01<00:00, 11694765.17iteration/s]
2026-05-26 21:24:09.123 | INFO     | __main__:<module>:226 - 2026-05-26 21:24:09 RECV round=80 cid=1 train_duration=110.11686396598816 battery=133926.03J
2026-05-26 21:24:09.123 | INFO     | utils.ConnectHandler_server:send:28 - sending data (59 bytes) to client#1...
2026-05-26 21:24:09.123 | INFO     | utils.ConnectHandler_server:send:34 - sending data (59 bytes) to client#1 completely
2026-05-26 21:24:23.765 | INFO     | __main__:<module>:313 - 2026-05-26 21:24:23 ROUND=80 end avg_acc=36.5280 best_acc=36.5280 duration=130.38s comm_mb=75.138 selected=[0, 1] checkpoint=logs_real/dfl_real_server/checkpoints/dfl_seed1/checkpoint.pt
2026-05-26 21:24:23.765 | INFO     | __main__:<module>:179 - 2026-05-26 21:24:23 ROUND=81 start selected=[2, 3] active_clients=[0, 1, 2, 3, 4, 5, 6, 7, 8, 9] cursor=4
2026-05-26 21:24:23.809 | INFO     | utils.ConnectHandler_server:send:28 - sending data (19699820 bytes) to client#2...
2026-05-26 21:24:25.443 | INFO     | utils.ConnectHandler_server:send:34 - sending data (19699820 bytes) to client#2 completely
2026-05-26 21:24:25.443 | INFO     | __main__:<module>:207 - 2026-05-26 21:24:25 SEND round=81 cid=2 payload_mb=18.787 duration=1.648s
2026-05-26 21:24:25.460 | INFO     | utils.ConnectHandler_server:send:28 - sending data (19699825 bytes) to client#3...
2026-05-26 21:24:27.080 | INFO     | utils.ConnectHandler_server:send:34 - sending data (19699825 bytes) to client#3 completely
2026-05-26 21:24:27.080 | INFO     | __main__:<module>:207 - 2026-05-26 21:24:27 SEND round=81 cid=3 payload_mb=18.787 duration=1.629s
2026-05-26 21:25:51.689 | INFO     | utils.ConnectHandler_server:receive:71 - 19696955bytes data to be received from client#3

  0%|          | 0/19696955 [00:00<?, ?iteration/s]
  6%|▌         | 1165640/19696955 [00:00<00:01, 11639039.83iteration/s]
 12%|█▏        | 2342864/19696955 [00:00<00:01, 11710260.88iteration/s]
 18%|█▊        | 3520088/19696955 [00:00<00:01, 11730520.79iteration/s]
 24%|██▍       | 4698760/19696955 [00:00<00:01, 11740018.55iteration/s]
 30%|██▉       | 5875984/19696955 [00:00<00:01, 11749609.90iteration/s]
 36%|███▌      | 7053208/19696955 [00:00<00:01, 11749593.12iteration/s]
 42%|████▏     | 8230432/19696955 [00:00<00:00, 11755555.72iteration/s]
 48%|████▊     | 9412000/19696955 [00:00<00:00, 11757751.06iteration/s]
 54%|█████▍    | 10590672/19696955 [00:00<00:00, 11752400.89iteration/s]
 60%|█████▉    | 11770792/19696955 [00:01<00:00, 11762446.26iteration/s]
 66%|██████▌   | 12949464/19696955 [00:01<00:00, 11760682.12iteration/s]
 72%|███████▏  | 14136824/19696955 [00:01<00:00, 11760397.50iteration/s]
 78%|███████▊  | 15314048/19696955 [00:01<00:00, 11754642.65iteration/s]
 84%|████████▎ | 16489824/19696955 [00:01<00:00, 11751812.62iteration/s]
 90%|████████▉ | 17674288/19696955 [00:01<00:00, 11749639.52iteration/s]
 96%|█████████▌| 18858752/19696955 [00:01<00:00, 11753049.86iteration/s]2026-05-26 21:25:53.367 | INFO     | utils.ConnectHandler_server:receive:80 - receive completed

100%|██████████| 19696955/19696955 [00:01<00:00, 11693275.90iteration/s]
2026-05-26 21:25:53.383 | INFO     | __main__:<module>:226 - 2026-05-26 21:25:53 RECV round=81 cid=3 train_duration=83.90858745574951 battery=137787.85J
2026-05-26 21:25:53.383 | INFO     | utils.ConnectHandler_server:send:28 - sending data (59 bytes) to client#3...
2026-05-26 21:25:53.383 | INFO     | utils.ConnectHandler_server:send:34 - sending data (59 bytes) to client#3 completely
2026-05-26 21:25:54.014 | INFO     | utils.ConnectHandler_server:receive:71 - 19697059bytes data to be received from client#2

  0%|          | 0/19697059 [00:00<?, ?iteration/s]
  6%|▌         | 1175776/19697059 [00:00<00:01, 11737259.06iteration/s]
 12%|█▏        | 2351552/19697059 [00:00<00:01, 11744427.95iteration/s]
 18%|█▊        | 3530224/19697059 [00:00<00:01, 11752275.93iteration/s]
 24%|██▍       | 4707448/19697059 [00:00<00:01, 11750342.52iteration/s]
 30%|██▉       | 5883224/19697059 [00:00<00:01, 11744556.26iteration/s]
 36%|███▌      | 7061896/19697059 [00:00<00:01, 11753320.87iteration/s]
 42%|████▏     | 8243464/19697059 [00:00<00:00, 11757915.20iteration/s]
 48%|████▊     | 9425032/19697059 [00:00<00:00, 11759703.41iteration/s]
 54%|█████▍    | 10603704/19697059 [00:00<00:00, 11757378.99iteration/s]
 60%|█████▉    | 11782376/19697059 [00:01<00:00, 11758605.37iteration/s]
 66%|██████▌   | 12966840/19697059 [00:01<00:00, 11755310.37iteration/s]
 72%|███████▏  | 14145512/19697059 [00:01<00:00, 11757120.46iteration/s]
 78%|███████▊  | 15329976/19697059 [00:01<00:00, 11760963.49iteration/s]
 84%|████████▍ | 16514440/19697059 [00:01<00:00, 11755991.21iteration/s]
 90%|████████▉ | 17697456/19697059 [00:01<00:00, 11758171.95iteration/s]
 96%|█████████▌| 18879024/19697059 [00:01<00:00, 11758463.94iteration/s]2026-05-26 21:25:55.691 | INFO     | utils.ConnectHandler_server:receive:80 - receive completed

100%|██████████| 19697059/19697059 [00:01<00:00, 11699211.11iteration/s]
2026-05-26 21:25:55.706 | INFO     | __main__:<module>:226 - 2026-05-26 21:25:55 RECV round=81 cid=2 train_duration=87.81069135665894 battery=137166.28J
2026-05-26 21:25:55.706 | INFO     | utils.ConnectHandler_server:send:28 - sending data (59 bytes) to client#2...
2026-05-26 21:25:55.706 | INFO     | utils.ConnectHandler_server:send:34 - sending data (59 bytes) to client#2 completely
2026-05-26 21:26:09.951 | INFO     | __main__:<module>:313 - 2026-05-26 21:26:09 ROUND=81 end avg_acc=36.9250 best_acc=36.9250 duration=105.93s comm_mb=75.138 selected=[2, 3] checkpoint=logs_real/dfl_real_server/checkpoints/dfl_seed1/checkpoint.pt
2026-05-26 21:26:09.951 | INFO     | __main__:<module>:179 - 2026-05-26 21:26:09 ROUND=82 start selected=[4, 5] active_clients=[0, 1, 2, 3, 4, 5, 6, 7, 8, 9] cursor=6
2026-05-26 21:26:09.979 | INFO     | utils.ConnectHandler_server:send:28 - sending data (19699825 bytes) to client#4...
2026-05-26 21:26:11.554 | INFO     | utils.ConnectHandler_server:send:34 - sending data (19699825 bytes) to client#4 completely
2026-05-26 21:26:11.554 | INFO     | __main__:<module>:207 - 2026-05-26 21:26:11 SEND round=82 cid=4 payload_mb=18.787 duration=1.585s
2026-05-26 21:26:11.573 | INFO     | utils.ConnectHandler_server:send:28 - sending data (19699820 bytes) to client#5...
2026-05-26 21:26:13.229 | INFO     | utils.ConnectHandler_server:send:34 - sending data (19699820 bytes) to client#5 completely
2026-05-26 21:26:13.229 | INFO     | __main__:<module>:207 - 2026-05-26 21:26:13 SEND round=82 cid=5 payload_mb=18.787 duration=1.666s
2026-05-26 21:27:39.500 | INFO     | utils.ConnectHandler_server:receive:71 - 19696957bytes data to be received from client#4

  0%|          | 0/19696957 [00:00<?, ?iteration/s]
  6%|▌         | 1171432/19696957 [00:00<00:01, 11686218.27iteration/s]
 12%|█▏        | 2348656/19696957 [00:00<00:01, 11720945.07iteration/s]
 18%|█▊        | 3522984/19696957 [00:00<00:01, 11720405.84iteration/s]
 24%|██▍       | 4697312/19696957 [00:00<00:01, 11721330.45iteration/s]
 30%|██▉       | 5877432/19696957 [00:00<00:01, 11739474.55iteration/s]
 36%|███▌      | 7056104/19696957 [00:00<00:01, 11741832.19iteration/s]
 42%|████▏     | 8237672/19696957 [00:00<00:00, 11751306.54iteration/s]
 48%|████▊     | 9419240/19696957 [00:00<00:00, 11753866.46iteration/s]
 54%|█████▍    | 10597912/19696957 [00:00<00:00, 11762637.29iteration/s]
 60%|█████▉    | 11778032/19696957 [00:01<00:00, 11758282.88iteration/s]
 66%|██████▌   | 12956704/19696957 [00:01<00:00, 11759692.71iteration/s]
 72%|███████▏  | 14138272/19696957 [00:01<00:00, 11750063.74iteration/s]
 78%|███████▊  | 15324184/19696957 [00:01<00:00, 11754826.96iteration/s]
 84%|████████▍ | 16505752/19696957 [00:01<00:00, 11756197.39iteration/s]
 90%|████████▉ | 17696008/19696957 [00:01<00:00, 11760234.88iteration/s]
 96%|█████████▌| 18887712/19696957 [00:01<00:00, 11767876.01iteration/s]2026-05-26 21:27:41.179 | INFO     | utils.ConnectHandler_server:receive:80 - receive completed

100%|██████████| 19696957/19696957 [00:01<00:00, 11692436.37iteration/s]
2026-05-26 21:27:41.206 | INFO     | __main__:<module>:226 - 2026-05-26 21:27:41 RECV round=82 cid=4 train_duration=87.07277154922485 battery=137446.56J
2026-05-26 21:27:41.206 | INFO     | utils.ConnectHandler_server:send:28 - sending data (59 bytes) to client#4...
2026-05-26 21:27:41.206 | INFO     | utils.ConnectHandler_server:send:34 - sending data (59 bytes) to client#4 completely
2026-05-26 21:28:12.734 | INFO     | utils.ConnectHandler_server:receive:71 - 19696987bytes data to be received from client#5

  0%|          | 0/19696987 [00:00<?, ?iteration/s]
  6%|▌         | 1175776/19696987 [00:00<00:01, 11748107.87iteration/s]
 12%|█▏        | 2353000/19696987 [00:00<00:01, 11756667.95iteration/s]
 18%|█▊        | 3530224/19696987 [00:00<00:01, 11753331.16iteration/s]
 24%|██▍       | 4706000/19696987 [00:00<00:01, 11755027.35iteration/s]
 30%|██▉       | 5883224/19696987 [00:00<00:01, 11756436.53iteration/s]
 36%|███▌      | 7061896/19696987 [00:00<00:01, 11756377.66iteration/s]
 42%|████▏     | 8243464/19696987 [00:00<00:00, 11756122.86iteration/s]
 48%|████▊     | 9426480/19696987 [00:00<00:00, 11756735.07iteration/s]
 54%|█████▍    | 10602256/19696987 [00:00<00:00, 11755668.61iteration/s]
 60%|█████▉    | 11786720/19696987 [00:01<00:00, 11758217.98iteration/s]
 66%|██████▌   | 12965392/19696987 [00:01<00:00, 11765191.03iteration/s]
 72%|███████▏  | 14144064/19696987 [00:01<00:00, 11759898.68iteration/s]
 78%|███████▊  | 15328528/19696987 [00:01<00:00, 11762163.94iteration/s]
 84%|████████▍ | 16515888/19696987 [00:01<00:00, 11761171.31iteration/s]
 90%|████████▉ | 17706144/19696987 [00:01<00:00, 11762200.14iteration/s]
 96%|█████████▌| 18884816/19696987 [00:01<00:00, 11758104.63iteration/s]2026-05-26 21:28:14.410 | INFO     | utils.ConnectHandler_server:receive:80 - receive completed

100%|██████████| 19696987/19696987 [00:01<00:00, 11705803.97iteration/s]
2026-05-26 21:28:14.426 | INFO     | __main__:<module>:226 - 2026-05-26 21:28:14 RECV round=82 cid=5 train_duration=118.783118724823 battery=130786.92J
2026-05-26 21:28:14.426 | INFO     | utils.ConnectHandler_server:send:28 - sending data (59 bytes) to client#5...
2026-05-26 21:28:14.426 | INFO     | utils.ConnectHandler_server:send:34 - sending data (59 bytes) to client#5 completely
2026-05-26 21:28:28.943 | INFO     | __main__:<module>:313 - 2026-05-26 21:28:28 ROUND=82 end avg_acc=37.4610 best_acc=37.4610 duration=138.73s comm_mb=75.138 selected=[4, 5] checkpoint=logs_real/dfl_real_server/checkpoints/dfl_seed1/checkpoint.pt
2026-05-26 21:28:28.943 | INFO     | __main__:<module>:179 - 2026-05-26 21:28:28 ROUND=83 start selected=[6, 7] active_clients=[0, 1, 2, 3, 4, 5, 6, 7, 8, 9] cursor=8
2026-05-26 21:28:28.960 | INFO     | utils.ConnectHandler_server:send:28 - sending data (19699820 bytes) to client#6...
2026-05-26 21:28:30.568 | INFO     | utils.ConnectHandler_server:send:34 - sending data (19699820 bytes) to client#6 completely
2026-05-26 21:28:30.568 | INFO     | __main__:<module>:207 - 2026-05-26 21:28:30 SEND round=83 cid=6 payload_mb=18.787 duration=1.617s
2026-05-26 21:28:30.586 | INFO     | utils.ConnectHandler_server:send:28 - sending data (19729791 bytes) to client#7...
2026-05-26 21:28:32.305 | INFO     | utils.ConnectHandler_server:send:34 - sending data (19729791 bytes) to client#7 completely
2026-05-26 21:28:32.305 | INFO     | __main__:<module>:207 - 2026-05-26 21:28:32 SEND round=83 cid=7 payload_mb=18.816 duration=1.729s
2026-05-26 21:30:13.822 | INFO     | utils.ConnectHandler_server:receive:71 - 19696973bytes data to be received from client#6

  0%|          | 0/19696973 [00:00<?, ?iteration/s]
  6%|▌         | 1178672/19696973 [00:00<00:01, 11769473.95iteration/s]
 12%|█▏        | 2355896/19696973 [00:00<00:01, 11762434.79iteration/s]
 18%|█▊        | 3533120/19696973 [00:00<00:01, 11758842.05iteration/s]
 24%|██▍       | 4713240/19696973 [00:00<00:01, 11762667.22iteration/s]
 30%|██▉       | 5891912/19696973 [00:00<00:01, 11755586.92iteration/s]
 36%|███▌      | 7067688/19696973 [00:00<00:01, 11755928.75iteration/s]
 42%|████▏     | 8244912/19696973 [00:00<00:00, 11739132.43iteration/s]
 48%|████▊     | 9426480/19696973 [00:00<00:00, 11743858.31iteration/s]
 54%|█████▍    | 10602256/19696973 [00:00<00:00, 11084711.37iteration/s]
 60%|█████▉    | 11785272/19696973 [00:01<00:00, 11285240.97iteration/s]
 66%|██████▌   | 12966840/19696973 [00:01<00:00, 11429661.28iteration/s]
 72%|███████▏  | 14138272/19696973 [00:01<00:00, 11511774.73iteration/s]
 78%|███████▊  | 15318392/19696973 [00:01<00:00, 11582551.34iteration/s]
 84%|████████▎ | 16494168/19696973 [00:01<00:00, 11632950.07iteration/s]
 90%|████████▉ | 17668496/19696973 [00:01<00:00, 11646914.78iteration/s]
 96%|█████████▌| 18851512/19696973 [00:01<00:00, 11686213.11iteration/s]2026-05-26 21:30:15.519 | INFO     | utils.ConnectHandler_server:receive:80 - receive completed

100%|██████████| 19696973/19696973 [00:01<00:00, 11563204.13iteration/s]
2026-05-26 21:30:15.535 | INFO     | __main__:<module>:226 - 2026-05-26 21:30:15 RECV round=83 cid=6 train_duration=102.48761892318726 battery=134979.81J
2026-05-26 21:30:15.535 | INFO     | utils.ConnectHandler_server:send:28 - sending data (59 bytes) to client#6...
2026-05-26 21:30:15.535 | INFO     | utils.ConnectHandler_server:send:34 - sending data (59 bytes) to client#6 completely
2026-05-26 21:30:25.588 | INFO     | utils.ConnectHandler_server:receive:71 - 19697437bytes data to be received from client#7

  0%|          | 0/19697437 [00:00<?, ?iteration/s]
  6%|▌         | 1174328/19697437 [00:00<00:01, 11735848.39iteration/s]
 12%|█▏        | 2351552/19697437 [00:00<00:01, 11755113.60iteration/s]
 18%|█▊        | 3528776/19697437 [00:00<00:01, 11752997.69iteration/s]
 24%|██▍       | 4706000/19697437 [00:00<00:01, 11727081.99iteration/s]
 30%|██▉       | 5883224/19697437 [00:00<00:01, 11727016.89iteration/s]
 36%|███▌      | 7057552/19697437 [00:00<00:01, 11722100.03iteration/s]
 42%|████▏     | 8234776/19697437 [00:00<00:00, 11729929.69iteration/s]
 48%|████▊     | 9414896/19697437 [00:00<00:00, 11720588.59iteration/s]
 54%|█████▍    | 10587776/19697437 [00:00<00:00, 11709875.47iteration/s]
 60%|█████▉    | 11766448/19697437 [00:01<00:00, 11705733.71iteration/s]
 66%|██████▌   | 12939328/19697437 [00:01<00:00, 11711110.02iteration/s]
 72%|███████▏  | 14115104/19697437 [00:01<00:00, 11704794.56iteration/s]
 78%|███████▊  | 15295224/19697437 [00:01<00:00, 11704315.39iteration/s]
 84%|████████▎ | 16471000/19697437 [00:01<00:00, 11703104.99iteration/s]
 90%|████████▉ | 17651120/19697437 [00:01<00:00, 11696898.83iteration/s]
 96%|█████████▌| 18834136/19697437 [00:01<00:00, 11700362.64iteration/s]2026-05-26 21:30:27.272 | INFO     | utils.ConnectHandler_server:receive:80 - receive completed

100%|██████████| 19697437/19697437 [00:01<00:00, 11654485.42iteration/s]
2026-05-26 21:30:27.288 | INFO     | __main__:<module>:226 - 2026-05-26 21:30:27 RECV round=83 cid=7 train_duration=112.95345902442932 battery=117514.44J
2026-05-26 21:30:27.288 | INFO     | utils.ConnectHandler_server:send:28 - sending data (59 bytes) to client#7...
2026-05-26 21:30:27.288 | INFO     | utils.ConnectHandler_server:send:34 - sending data (59 bytes) to client#7 completely
2026-05-26 21:30:41.939 | INFO     | __main__:<module>:313 - 2026-05-26 21:30:41 ROUND=83 end avg_acc=37.5720 best_acc=37.5720 duration=132.59s comm_mb=75.167 selected=[6, 7] checkpoint=logs_real/dfl_real_server/checkpoints/dfl_seed1/checkpoint.pt
2026-05-26 21:30:41.940 | INFO     | __main__:<module>:179 - 2026-05-26 21:30:41 ROUND=84 start selected=[8, 9] active_clients=[0, 1, 2, 3, 4, 5, 6, 7, 8, 9] cursor=0
2026-05-26 21:30:41.990 | INFO     | utils.ConnectHandler_server:send:28 - sending data (19735888 bytes) to client#8...
2026-05-26 21:30:43.566 | INFO     | utils.ConnectHandler_server:send:34 - sending data (19735888 bytes) to client#8 completely
2026-05-26 21:30:43.566 | INFO     | __main__:<module>:207 - 2026-05-26 21:30:43 SEND round=84 cid=8 payload_mb=18.822 duration=1.592s
2026-05-26 21:30:43.586 | INFO     | utils.ConnectHandler_server:send:28 - sending data (19723703 bytes) to client#9...
2026-05-26 21:30:45.292 | INFO     | utils.ConnectHandler_server:send:34 - sending data (19723703 bytes) to client#9 completely
2026-05-26 21:30:45.292 | INFO     | __main__:<module>:207 - 2026-05-26 21:30:45 SEND round=84 cid=9 payload_mb=18.810 duration=1.716s
2026-05-26 21:32:38.509 | INFO     | utils.ConnectHandler_server:receive:71 - 19694062bytes data to be received from client#9

  0%|          | 0/19694062 [00:00<?, ?iteration/s]
  6%|▌         | 1182104/19694062 [00:00<00:01, 11805851.69iteration/s]
 12%|█▏        | 2362794/19694062 [00:00<00:01, 11772119.10iteration/s]
 18%|█▊        | 3542070/19694062 [00:00<00:01, 11762665.86iteration/s]
 24%|██▍       | 4719932/19694062 [00:00<00:01, 11739635.55iteration/s]
 30%|██▉       | 5899208/19694062 [00:00<00:01, 11751426.88iteration/s]
 36%|███▌      | 7075656/19694062 [00:00<00:01, 11747773.26iteration/s]
 42%|████▏     | 8253518/19694062 [00:00<00:00, 11744357.00iteration/s]
 48%|████▊     | 9432794/19694062 [00:00<00:00, 11742323.43iteration/s]
 54%|█████▍    | 10609242/19694062 [00:00<00:00, 11742784.31iteration/s]
 60%|█████▉    | 11791346/19694062 [00:01<00:00, 11744820.69iteration/s]
 66%|██████▌   | 12966380/19694062 [00:01<00:00, 11740289.35iteration/s]
 72%|███████▏  | 14145656/19694062 [00:01<00:00, 11746052.47iteration/s]
 78%|███████▊  | 15327760/19694062 [00:01<00:00, 11740926.99iteration/s]
 84%|████████▍ | 16509864/19694062 [00:01<00:00, 11743874.40iteration/s]
 90%|████████▉ | 17689140/19694062 [00:01<00:00, 11743642.06iteration/s]
 96%|█████████▌| 18874072/19694062 [00:01<00:00, 11748257.50iteration/s]2026-05-26 21:32:40.188 | INFO     | utils.ConnectHandler_server:receive:80 - receive completed

100%|██████████| 19694062/19694062 [00:01<00:00, 11691477.36iteration/s]
2026-05-26 21:32:40.204 | INFO     | __main__:<module>:226 - 2026-05-26 21:32:40 RECV round=84 cid=9 train_duration=112.79488348960876 battery=117809.26J
2026-05-26 21:32:40.204 | INFO     | utils.ConnectHandler_server:send:28 - sending data (59 bytes) to client#9...
2026-05-26 21:32:40.204 | INFO     | utils.ConnectHandler_server:send:34 - sending data (59 bytes) to client#9 completely
2026-05-26 21:34:27.023 | INFO     | utils.ConnectHandler_server:receive:71 - 19697437bytes data to be received from client#8

  0%|          | 0/19697437 [00:00<?, ?iteration/s]
  6%|▌         | 1165640/19697437 [00:00<00:01, 11648440.53iteration/s]
 12%|█▏        | 2339968/19697437 [00:00<00:01, 11699167.19iteration/s]
 18%|█▊        | 3512848/19697437 [00:00<00:01, 11710263.97iteration/s]
 24%|██▍       | 4685728/19697437 [00:00<00:01, 11694531.19iteration/s]
 30%|██▉       | 5858608/19697437 [00:00<00:01, 11706452.31iteration/s]
 36%|███▌      | 7034384/19697437 [00:00<00:01, 11708750.16iteration/s]
 42%|████▏     | 8213056/19697437 [00:00<00:00, 11714685.39iteration/s]
 48%|████▊     | 9391728/19697437 [00:00<00:00, 11726336.76iteration/s]
 54%|█████▎    | 10577640/19697437 [00:00<00:00, 11745895.16iteration/s]
 60%|█████▉    | 11753416/19697437 [00:01<00:00, 11749353.00iteration/s]
 66%|██████▌   | 12934984/19697437 [00:01<00:00, 11746647.13iteration/s]
 72%|███████▏  | 14118000/19697437 [00:01<00:00, 11754073.34iteration/s]
 78%|███████▊  | 15301016/19697437 [00:01<00:00, 11746268.18iteration/s]
 84%|████████▎ | 16482584/19697437 [00:01<00:00, 11739408.07iteration/s]
 90%|████████▉ | 17665600/19697437 [00:01<00:00, 11743707.34iteration/s]
 96%|█████████▌| 18844272/19697437 [00:01<00:00, 11743880.10iteration/s]2026-05-26 21:34:28.703 | INFO     | utils.ConnectHandler_server:receive:80 - receive completed

100%|██████████| 19697437/19697437 [00:01<00:00, 11682318.19iteration/s]
2026-05-26 21:34:28.719 | INFO     | __main__:<module>:226 - 2026-05-26 21:34:28 RECV round=84 cid=8 train_duration=222.70527052879333 battery=91265.00J
2026-05-26 21:34:28.719 | INFO     | utils.ConnectHandler_server:send:28 - sending data (59 bytes) to client#8...
2026-05-26 21:34:28.719 | INFO     | utils.ConnectHandler_server:send:34 - sending data (59 bytes) to client#8 completely
2026-05-26 21:34:42.495 | INFO     | __main__:<module>:313 - 2026-05-26 21:34:42 ROUND=84 end avg_acc=37.9530 best_acc=37.9530 duration=240.32s comm_mb=75.195 selected=[8, 9] checkpoint=logs_real/dfl_real_server/checkpoints/dfl_seed1/checkpoint.pt
2026-05-26 21:34:42.495 | INFO     | __main__:<module>:179 - 2026-05-26 21:34:42 ROUND=85 start selected=[0, 1] active_clients=[0, 1, 2, 3, 4, 5, 6, 7, 8, 9] cursor=2
2026-05-26 21:34:42.512 | INFO     | utils.ConnectHandler_server:send:28 - sending data (19699823 bytes) to client#0...
2026-05-26 21:34:44.098 | INFO     | utils.ConnectHandler_server:send:34 - sending data (19699823 bytes) to client#0 completely
2026-05-26 21:34:44.099 | INFO     | __main__:<module>:207 - 2026-05-26 21:34:44 SEND round=85 cid=0 payload_mb=18.787 duration=1.595s
2026-05-26 21:34:44.115 | INFO     | utils.ConnectHandler_server:send:28 - sending data (19699819 bytes) to client#1...
2026-05-26 21:34:45.794 | INFO     | utils.ConnectHandler_server:send:34 - sending data (19699819 bytes) to client#1 completely
2026-05-26 21:34:45.794 | INFO     | __main__:<module>:207 - 2026-05-26 21:34:45 SEND round=85 cid=1 payload_mb=18.787 duration=1.687s
2026-05-26 21:36:33.825 | INFO     | utils.ConnectHandler_server:receive:71 - 19696957bytes data to be received from client#0

  0%|          | 0/19696957 [00:00<?, ?iteration/s]
  6%|▌         | 1172880/19696957 [00:00<00:01, 11716352.63iteration/s]
 12%|█▏        | 2350104/19696957 [00:00<00:01, 11746371.04iteration/s]
 18%|█▊        | 3525880/19696957 [00:00<00:01, 11747164.17iteration/s]
 24%|██▍       | 4704552/19696957 [00:00<00:01, 11745969.32iteration/s]
 30%|██▉       | 5884672/19696957 [00:00<00:01, 11760129.96iteration/s]
 36%|███▌      | 7064792/19696957 [00:00<00:01, 11759171.14iteration/s]
 42%|████▏     | 8247808/19696957 [00:00<00:00, 11760079.54iteration/s]
 48%|████▊     | 9429376/19696957 [00:00<00:00, 11757514.25iteration/s]
 54%|█████▍    | 10612392/19696957 [00:00<00:00, 11760287.73iteration/s]
 60%|█████▉    | 11793960/19696957 [00:01<00:00, 11750214.55iteration/s]
 66%|██████▌   | 12976976/19696957 [00:01<00:00, 11758583.39iteration/s]
 72%|███████▏  | 14162888/19696957 [00:01<00:00, 11759791.83iteration/s]
 78%|███████▊  | 15351696/19696957 [00:01<00:00, 11763603.32iteration/s]
 84%|████████▍ | 16537608/19696957 [00:01<00:00, 11758384.30iteration/s]
 90%|████████▉ | 17722072/19696957 [00:01<00:00, 11757790.69iteration/s]
 96%|█████████▌| 18910880/19696957 [00:01<00:00, 11759975.46iteration/s]2026-05-26 21:36:35.502 | INFO     | utils.ConnectHandler_server:receive:80 - receive completed

100%|██████████| 19696957/19696957 [00:01<00:00, 11703144.59iteration/s]
2026-05-26 21:36:35.518 | INFO     | __main__:<module>:226 - 2026-05-26 21:36:35 RECV round=85 cid=0 train_duration=108.67242336273193 battery=133222.97J
2026-05-26 21:36:35.518 | INFO     | utils.ConnectHandler_server:send:28 - sending data (59 bytes) to client#0...
2026-05-26 21:36:35.518 | INFO     | utils.ConnectHandler_server:send:34 - sending data (59 bytes) to client#0 completely
2026-05-26 21:36:36.819 | INFO     | utils.ConnectHandler_server:receive:71 - 19696979bytes data to be received from client#1

  0%|          | 0/19696979 [00:00<?, ?iteration/s]
  6%|▌         | 1169984/19696979 [00:00<00:01, 11695250.35iteration/s]
 12%|█▏        | 2347208/19696979 [00:00<00:01, 11734827.76iteration/s]
 18%|█▊        | 3522984/19696979 [00:00<00:01, 11742680.75iteration/s]
 24%|██▍       | 4700208/19696979 [00:00<00:01, 11743080.46iteration/s]
 30%|██▉       | 5880328/19696979 [00:00<00:01, 11748765.28iteration/s]
 36%|███▌      | 7059000/19696979 [00:00<00:01, 11757325.15iteration/s]
 42%|████▏     | 8234776/19696979 [00:00<00:00, 11751185.80iteration/s]
 48%|████▊     | 9417792/19696979 [00:00<00:00, 11757280.18iteration/s]
 54%|█████▍    | 10596464/19696979 [00:00<00:00, 11761744.57iteration/s]
 60%|█████▉    | 11776584/19696979 [00:01<00:00, 11762456.11iteration/s]
 66%|██████▌   | 12953808/19696979 [00:01<00:00, 11754592.20iteration/s]
 72%|███████▏  | 14138272/19696979 [00:01<00:00, 11754350.33iteration/s]
 78%|███████▊  | 15324184/19696979 [00:01<00:00, 11758529.65iteration/s]
 84%|████████▍ | 16512992/19696979 [00:01<00:00, 11764869.03iteration/s]
 90%|████████▉ | 17697456/19696979 [00:01<00:00, 11759909.54iteration/s]
 96%|█████████▌| 18880472/19696979 [00:01<00:00, 11759096.09iteration/s]2026-05-26 21:36:38.496 | INFO     | utils.ConnectHandler_server:receive:80 - receive completed

100%|██████████| 19696979/19696979 [00:01<00:00, 11701904.46iteration/s]
2026-05-26 21:36:38.512 | INFO     | __main__:<module>:226 - 2026-05-26 21:36:38 RECV round=85 cid=1 train_duration=110.04822587966919 battery=132987.27J
2026-05-26 21:36:38.512 | INFO     | utils.ConnectHandler_server:send:28 - sending data (59 bytes) to client#1...
2026-05-26 21:36:38.512 | INFO     | utils.ConnectHandler_server:send:34 - sending data (59 bytes) to client#1 completely
2026-05-26 21:36:52.293 | INFO     | __main__:<module>:313 - 2026-05-26 21:36:52 ROUND=85 end avg_acc=38.1720 best_acc=38.1720 duration=129.52s comm_mb=75.138 selected=[0, 1] checkpoint=logs_real/dfl_real_server/checkpoints/dfl_seed1/checkpoint.pt
2026-05-26 21:36:52.293 | INFO     | __main__:<module>:179 - 2026-05-26 21:36:52 ROUND=86 start selected=[2, 3] active_clients=[0, 1, 2, 3, 4, 5, 6, 7, 8, 9] cursor=4
2026-05-26 21:36:52.320 | INFO     | utils.ConnectHandler_server:send:28 - sending data (19699820 bytes) to client#2...
2026-05-26 21:36:53.961 | INFO     | utils.ConnectHandler_server:send:34 - sending data (19699820 bytes) to client#2 completely
2026-05-26 21:36:53.961 | INFO     | __main__:<module>:207 - 2026-05-26 21:36:53 SEND round=86 cid=2 payload_mb=18.787 duration=1.651s
2026-05-26 21:36:53.979 | INFO     | utils.ConnectHandler_server:send:28 - sending data (19699825 bytes) to client#3...
2026-05-26 21:36:55.597 | INFO     | utils.ConnectHandler_server:send:34 - sending data (19699825 bytes) to client#3 completely
2026-05-26 21:36:55.597 | INFO     | __main__:<module>:207 - 2026-05-26 21:36:55 SEND round=86 cid=3 payload_mb=18.787 duration=1.628s
2026-05-26 21:38:20.017 | INFO     | utils.ConnectHandler_server:receive:71 - 19696951bytes data to be received from client#3

  0%|          | 0/19696951 [00:00<?, ?iteration/s]
  6%|▌         | 1159848/19696951 [00:00<00:01, 11575997.59iteration/s]
 12%|█▏        | 2335624/19696951 [00:00<00:01, 11676472.66iteration/s]
 18%|█▊        | 3511400/19696951 [00:00<00:01, 11713007.50iteration/s]
 24%|██▍       | 4688624/19696951 [00:00<00:01, 11725761.73iteration/s]
 30%|██▉       | 5864400/19696951 [00:00<00:01, 11709242.03iteration/s]
 36%|███▌      | 7041624/19696951 [00:00<00:01, 11723497.33iteration/s]
 42%|████▏     | 8224640/19696951 [00:00<00:00, 11739510.29iteration/s]
 48%|████▊     | 9398968/19696951 [00:00<00:00, 11740168.83iteration/s]
 54%|█████▎    | 10576192/19696951 [00:00<00:00, 11745226.31iteration/s]
 60%|█████▉    | 11759208/19696951 [00:01<00:00, 11755894.62iteration/s]
 66%|██████▌   | 12943672/19696951 [00:01<00:00, 11750581.20iteration/s]
 72%|███████▏  | 14128136/19696951 [00:01<00:00, 11755555.89iteration/s]
 78%|███████▊  | 15308256/19696951 [00:01<00:00, 11759477.37iteration/s]
 84%|████████▎ | 16485480/19696951 [00:01<00:00, 11758486.79iteration/s]
 90%|████████▉ | 17664152/19696951 [00:01<00:00, 11752101.04iteration/s]
 96%|█████████▌| 18847168/19696951 [00:01<00:00, 11757823.40iteration/s]2026-05-26 21:38:21.697 | INFO     | utils.ConnectHandler_server:receive:80 - receive completed

100%|██████████| 19696951/19696951 [00:01<00:00, 11683850.60iteration/s]
2026-05-26 21:38:21.712 | INFO     | __main__:<module>:226 - 2026-05-26 21:38:21 RECV round=86 cid=3 train_duration=83.72154641151428 battery=137073.67J
2026-05-26 21:38:21.712 | INFO     | utils.ConnectHandler_server:send:28 - sending data (59 bytes) to client#3...
2026-05-26 21:38:21.712 | INFO     | utils.ConnectHandler_server:send:34 - sending data (59 bytes) to client#3 completely
2026-05-26 21:38:22.540 | INFO     | utils.ConnectHandler_server:receive:71 - 19697059bytes data to be received from client#2

  0%|          | 0/19697059 [00:00<?, ?iteration/s]
  6%|▌         | 1175776/19697059 [00:00<00:01, 11741926.07iteration/s]
 12%|█▏        | 2351552/19697059 [00:00<00:01, 11710500.95iteration/s]
 18%|█▊        | 3522984/19697059 [00:00<00:01, 11710388.84iteration/s]
 24%|██▍       | 4700208/19697059 [00:00<00:01, 11730542.83iteration/s]
 30%|██▉       | 5875984/19697059 [00:00<00:01, 11739906.78iteration/s]
 36%|███▌      | 7054656/19697059 [00:00<00:01, 11744969.51iteration/s]
 42%|████▏     | 8234776/19697059 [00:00<00:00, 11742792.22iteration/s]
 48%|████▊     | 9413448/19697059 [00:00<00:00, 11738337.46iteration/s]
 54%|█████▍    | 10590672/19697059 [00:00<00:00, 11735973.06iteration/s]
 60%|█████▉    | 11775136/19697059 [00:01<00:00, 11742980.52iteration/s]
 66%|██████▌   | 12961048/19697059 [00:01<00:00, 11749631.30iteration/s]
 72%|███████▏  | 14139720/19697059 [00:01<00:00, 11753858.99iteration/s]
 78%|███████▊  | 15316944/19697059 [00:01<00:00, 11754665.26iteration/s]
 84%|████████▎ | 16495616/19697059 [00:01<00:00, 11748350.95iteration/s]
 90%|████████▉ | 17681528/19697059 [00:01<00:00, 11758208.30iteration/s]
 96%|█████████▌| 18867440/19697059 [00:01<00:00, 11761707.93iteration/s]2026-05-26 21:38:24.218 | INFO     | utils.ConnectHandler_server:receive:80 - receive completed

100%|██████████| 19697059/19697059 [00:01<00:00, 11693739.83iteration/s]
2026-05-26 21:38:24.233 | INFO     | __main__:<module>:226 - 2026-05-26 21:38:24 RECV round=86 cid=2 train_duration=87.8438868522644 battery=136416.93J
2026-05-26 21:38:24.233 | INFO     | utils.ConnectHandler_server:send:28 - sending data (59 bytes) to client#2...
2026-05-26 21:38:24.233 | INFO     | utils.ConnectHandler_server:send:34 - sending data (59 bytes) to client#2 completely
2026-05-26 21:38:37.978 | INFO     | __main__:<module>:313 - 2026-05-26 21:38:37 ROUND=86 end avg_acc=38.3760 best_acc=38.3760 duration=105.44s comm_mb=75.138 selected=[2, 3] checkpoint=logs_real/dfl_real_server/checkpoints/dfl_seed1/checkpoint.pt
2026-05-26 21:38:37.978 | INFO     | __main__:<module>:179 - 2026-05-26 21:38:37 ROUND=87 start selected=[4, 5] active_clients=[0, 1, 2, 3, 4, 5, 6, 7, 8, 9] cursor=6
2026-05-26 21:38:37.996 | INFO     | utils.ConnectHandler_server:send:28 - sending data (19699825 bytes) to client#4...
2026-05-26 21:38:39.580 | INFO     | utils.ConnectHandler_server:send:34 - sending data (19699825 bytes) to client#4 completely
2026-05-26 21:38:39.580 | INFO     | __main__:<module>:207 - 2026-05-26 21:38:39 SEND round=87 cid=4 payload_mb=18.787 duration=1.593s
2026-05-26 21:38:39.598 | INFO     | utils.ConnectHandler_server:send:28 - sending data (19699820 bytes) to client#5...
2026-05-26 21:38:41.235 | INFO     | utils.ConnectHandler_server:send:34 - sending data (19699820 bytes) to client#5 completely
2026-05-26 21:38:41.235 | INFO     | __main__:<module>:207 - 2026-05-26 21:38:41 SEND round=87 cid=5 payload_mb=18.787 duration=1.646s
2026-05-26 21:40:06.420 | INFO     | utils.ConnectHandler_server:receive:71 - 19696973bytes data to be received from client#4

  0%|          | 0/19696973 [00:00<?, ?iteration/s]
  6%|▌         | 1171432/19696973 [00:00<00:01, 11695397.92iteration/s]
 12%|█▏        | 2342864/19696973 [00:00<00:01, 11698788.70iteration/s]
 18%|█▊        | 3518640/19696973 [00:00<00:01, 11723163.99iteration/s]
 24%|██▍       | 4694416/19696973 [00:00<00:01, 11728279.25iteration/s]
 30%|██▉       | 5868744/19696973 [00:00<00:01, 11732377.96iteration/s]
 36%|███▌      | 7048864/19696973 [00:00<00:01, 11742733.92iteration/s]
 42%|████▏     | 8230432/19696973 [00:00<00:00, 11753874.54iteration/s]
 48%|████▊     | 9413448/19696973 [00:00<00:00, 11750680.61iteration/s]
 54%|█████▍    | 10595016/19696973 [00:00<00:00, 11757630.09iteration/s]
 60%|█████▉    | 11775136/19696973 [00:01<00:00, 11759558.83iteration/s]
 66%|██████▌   | 12956704/19696973 [00:01<00:00, 11755492.63iteration/s]
 72%|███████▏  | 14142616/19696973 [00:01<00:00, 11757356.19iteration/s]
 78%|███████▊  | 15324184/19696973 [00:01<00:00, 11758513.79iteration/s]
 84%|████████▍ | 16505752/19696973 [00:01<00:00, 11755907.31iteration/s]
 90%|████████▉ | 17685872/19696973 [00:01<00:00, 11759930.47iteration/s]
 96%|█████████▌| 18870336/19696973 [00:01<00:00, 11761136.50iteration/s]2026-05-26 21:40:08.099 | INFO     | utils.ConnectHandler_server:receive:80 - receive completed

100%|██████████| 19696973/19696973 [00:01<00:00, 11693443.82iteration/s]
2026-05-26 21:40:08.115 | INFO     | __main__:<module>:226 - 2026-05-26 21:40:08 RECV round=87 cid=4 train_duration=85.99238967895508 battery=136713.00J
2026-05-26 21:40:08.115 | INFO     | utils.ConnectHandler_server:send:28 - sending data (59 bytes) to client#4...
2026-05-26 21:40:08.115 | INFO     | utils.ConnectHandler_server:send:34 - sending data (59 bytes) to client#4 completely
2026-05-26 21:40:43.488 | INFO     | utils.ConnectHandler_server:receive:71 - 19696959bytes data to be received from client#5

  0%|          | 0/19696959 [00:00<?, ?iteration/s]
  6%|▌         | 1175776/19696959 [00:00<00:01, 11755164.75iteration/s]
 12%|█▏        | 2353000/19696959 [00:00<00:01, 11752458.49iteration/s]
 18%|█▊        | 3530224/19696959 [00:00<00:01, 11759635.34iteration/s]
 24%|██▍       | 4711792/19696959 [00:00<00:01, 11742657.98iteration/s]
 30%|██▉       | 5887568/19696959 [00:00<00:01, 11743189.74iteration/s]
 36%|███▌      | 7063344/19696959 [00:00<00:01, 11747634.35iteration/s]
 42%|████▏     | 8244912/19696959 [00:00<00:00, 11747048.95iteration/s]
 48%|████▊     | 9423584/19696959 [00:00<00:00, 11747163.25iteration/s]
 54%|█████▍    | 10605152/19696959 [00:00<00:00, 11755398.78iteration/s]
 60%|█████▉    | 11785272/19696959 [00:01<00:00, 11756835.21iteration/s]
 66%|██████▌   | 12968288/19696959 [00:01<00:00, 11759042.05iteration/s]
 72%|███████▏  | 14152752/19696959 [00:01<00:00, 11747305.73iteration/s]
 78%|███████▊  | 15328528/19696959 [00:01<00:00, 11748248.98iteration/s]
 84%|████████▍ | 16511544/19696959 [00:01<00:00, 11750031.47iteration/s]
 90%|████████▉ | 17700352/19696959 [00:01<00:00, 11760355.95iteration/s]
 96%|█████████▌| 18886264/19696959 [00:01<00:00, 11755837.90iteration/s]2026-05-26 21:40:45.166 | INFO     | utils.ConnectHandler_server:receive:80 - receive completed

100%|██████████| 19696959/19696959 [00:01<00:00, 11693374.27iteration/s]
2026-05-26 21:40:45.182 | INFO     | __main__:<module>:226 - 2026-05-26 21:40:45 RECV round=87 cid=5 train_duration=121.50403594970703 battery=129750.43J
2026-05-26 21:40:45.182 | INFO     | utils.ConnectHandler_server:send:28 - sending data (59 bytes) to client#5...
2026-05-26 21:40:45.182 | INFO     | utils.ConnectHandler_server:send:34 - sending data (59 bytes) to client#5 completely
2026-05-26 21:40:59.417 | INFO     | __main__:<module>:313 - 2026-05-26 21:40:59 ROUND=87 end avg_acc=38.7860 best_acc=38.7860 duration=141.19s comm_mb=75.138 selected=[4, 5] checkpoint=logs_real/dfl_real_server/checkpoints/dfl_seed1/checkpoint.pt
2026-05-26 21:40:59.417 | INFO     | __main__:<module>:179 - 2026-05-26 21:40:59 ROUND=88 start selected=[6, 7] active_clients=[0, 1, 2, 3, 4, 5, 6, 7, 8, 9] cursor=8
2026-05-26 21:40:59.436 | INFO     | utils.ConnectHandler_server:send:28 - sending data (19699820 bytes) to client#6...
2026-05-26 21:41:01.029 | INFO     | utils.ConnectHandler_server:send:34 - sending data (19699820 bytes) to client#6 completely
2026-05-26 21:41:01.029 | INFO     | __main__:<module>:207 - 2026-05-26 21:41:01 SEND round=88 cid=6 payload_mb=18.787 duration=1.603s
2026-05-26 21:41:01.049 | INFO     | utils.ConnectHandler_server:send:28 - sending data (19729791 bytes) to client#7...
2026-05-26 21:41:02.756 | INFO     | utils.ConnectHandler_server:send:34 - sending data (19729791 bytes) to client#7 completely
2026-05-26 21:41:02.756 | INFO     | __main__:<module>:207 - 2026-05-26 21:41:02 SEND round=88 cid=7 payload_mb=18.816 duration=1.717s
2026-05-26 21:42:44.127 | INFO     | utils.ConnectHandler_server:receive:71 - 19696977bytes data to be received from client#6

  0%|          | 0/19696977 [00:00<?, ?iteration/s]
  6%|▌         | 1175776/19696977 [00:00<00:01, 11750711.20iteration/s]
 12%|█▏        | 2351552/19696977 [00:00<00:01, 11741281.44iteration/s]
 18%|█▊        | 3528776/19696977 [00:00<00:01, 11748382.91iteration/s]
 24%|██▍       | 4706000/19696977 [00:00<00:01, 11724618.70iteration/s]
 30%|██▉       | 5883224/19696977 [00:00<00:01, 11740959.68iteration/s]
 36%|███▌      | 7060448/19696977 [00:00<00:01, 11749347.29iteration/s]
 42%|████▏     | 8240568/19696977 [00:00<00:00, 11753591.04iteration/s]
 48%|████▊     | 9423584/19696977 [00:00<00:00, 11757314.76iteration/s]
 54%|█████▍    | 10599360/19696977 [00:00<00:00, 11749785.49iteration/s]
 60%|█████▉    | 11785272/19696977 [00:01<00:00, 11758529.90iteration/s]
 66%|██████▌   | 12974080/19696977 [00:01<00:00, 11762073.75iteration/s]
 72%|███████▏  | 14152752/19696977 [00:01<00:00, 11755660.82iteration/s]
 78%|███████▊  | 15334320/19696977 [00:01<00:00, 11760686.96iteration/s]
 84%|████████▍ | 16515888/19696977 [00:01<00:00, 11756024.68iteration/s]
 90%|████████▉ | 17704696/19696977 [00:01<00:00, 11762394.87iteration/s]
 96%|█████████▌| 18892056/19696977 [00:01<00:00, 11761664.38iteration/s]2026-05-26 21:42:45.805 | INFO     | utils.ConnectHandler_server:receive:80 - receive completed

100%|██████████| 19696977/19696977 [00:01<00:00, 11699442.40iteration/s]
2026-05-26 21:42:45.832 | INFO     | __main__:<module>:226 - 2026-05-26 21:42:45 RECV round=88 cid=6 train_duration=102.30213761329651 battery=134107.12J
2026-05-26 21:42:45.832 | INFO     | utils.ConnectHandler_server:send:28 - sending data (59 bytes) to client#6...
2026-05-26 21:42:45.832 | INFO     | utils.ConnectHandler_server:send:34 - sending data (59 bytes) to client#6 completely
2026-05-26 21:43:01.639 | INFO     | utils.ConnectHandler_server:receive:71 - 19697437bytes data to be received from client#7

  0%|          | 0/19697437 [00:00<?, ?iteration/s]
  6%|▌         | 1168536/19697437 [00:00<00:01, 11665679.42iteration/s]
 12%|█▏        | 2341416/19697437 [00:00<00:01, 11689045.40iteration/s]
 18%|█▊        | 3514296/19697437 [00:00<00:01, 11695393.87iteration/s]
 24%|██▍       | 4688624/19697437 [00:00<00:01, 11691681.88iteration/s]
 30%|██▉       | 5860056/19697437 [00:00<00:01, 11681831.13iteration/s]
 36%|███▌      | 7034384/19697437 [00:00<00:01, 11687140.02iteration/s]
 42%|████▏     | 8207264/19697437 [00:00<00:00, 11687162.73iteration/s]
 48%|████▊     | 9380144/19697437 [00:00<00:00, 11687911.27iteration/s]
 54%|█████▎    | 10557368/19697437 [00:00<00:00, 11711792.15iteration/s]
 60%|█████▉    | 11736040/19697437 [00:01<00:00, 11723403.68iteration/s]
 66%|██████▌   | 12920504/19697437 [00:01<00:00, 11732294.83iteration/s]
 72%|███████▏  | 14099176/19697437 [00:01<00:00, 11741384.46iteration/s]
 78%|███████▊  | 15282192/19697437 [00:01<00:00, 11752777.47iteration/s]
 84%|████████▎ | 16469552/19697437 [00:01<00:00, 11754698.77iteration/s]
 90%|████████▉ | 17648224/19697437 [00:01<00:00, 11757389.67iteration/s]
 96%|█████████▌| 18826896/19697437 [00:01<00:00, 11749819.64iteration/s]2026-05-26 21:43:03.321 | INFO     | utils.ConnectHandler_server:receive:80 - receive completed

100%|██████████| 19697437/19697437 [00:01<00:00, 11666812.42iteration/s]
2026-05-26 21:43:03.336 | INFO     | __main__:<module>:226 - 2026-05-26 21:43:03 RECV round=88 cid=7 train_duration=118.50488185882568 battery=115690.57J
2026-05-26 21:43:03.336 | INFO     | utils.ConnectHandler_server:send:28 - sending data (59 bytes) to client#7...
2026-05-26 21:43:03.337 | INFO     | utils.ConnectHandler_server:send:34 - sending data (59 bytes) to client#7 completely
2026-05-26 21:43:17.588 | INFO     | __main__:<module>:313 - 2026-05-26 21:43:17 ROUND=88 end avg_acc=38.8940 best_acc=38.8940 duration=137.92s comm_mb=75.167 selected=[6, 7] checkpoint=logs_real/dfl_real_server/checkpoints/dfl_seed1/checkpoint.pt
2026-05-26 21:43:17.588 | INFO     | __main__:<module>:179 - 2026-05-26 21:43:17 ROUND=89 start selected=[8, 9] active_clients=[0, 1, 2, 3, 4, 5, 6, 7, 8, 9] cursor=0
2026-05-26 21:43:17.605 | INFO     | utils.ConnectHandler_server:send:28 - sending data (19735888 bytes) to client#8...
2026-05-26 21:43:19.160 | INFO     | utils.ConnectHandler_server:send:34 - sending data (19735888 bytes) to client#8 completely
2026-05-26 21:43:19.160 | INFO     | __main__:<module>:207 - 2026-05-26 21:43:19 SEND round=89 cid=8 payload_mb=18.822 duration=1.563s
2026-05-26 21:43:19.177 | INFO     | utils.ConnectHandler_server:send:28 - sending data (19723703 bytes) to client#9...
2026-05-26 21:43:20.887 | INFO     | utils.ConnectHandler_server:send:34 - sending data (19723703 bytes) to client#9 completely
2026-05-26 21:43:20.887 | INFO     | __main__:<module>:207 - 2026-05-26 21:43:20 SEND round=89 cid=9 payload_mb=18.810 duration=1.719s
2026-05-26 21:45:11.901 | INFO     | utils.ConnectHandler_server:receive:71 - 19694062bytes data to be received from client#9

  0%|          | 0/19694062 [00:00<?, ?iteration/s]
  6%|▌         | 1183518/19694062 [00:00<00:01, 11806900.67iteration/s]
 12%|█▏        | 2367036/19694062 [00:00<00:01, 11772525.54iteration/s]
 18%|█▊        | 3546312/19694062 [00:00<00:01, 11758640.00iteration/s]
 24%|██▍       | 4722760/19694062 [00:00<00:01, 11753177.94iteration/s]
 30%|██▉       | 5902036/19694062 [00:00<00:01, 11745921.84iteration/s]
 36%|███▌      | 7079898/19694062 [00:00<00:01, 11743436.92iteration/s]
 42%|████▏     | 8256346/19694062 [00:00<00:00, 11746749.72iteration/s]
 48%|████▊     | 9432794/19694062 [00:00<00:00, 11746380.44iteration/s]
 54%|█████▍    | 10612070/19694062 [00:00<00:00, 11743530.92iteration/s]
 60%|█████▉    | 11791346/19694062 [00:01<00:00, 11743123.16iteration/s]
 66%|██████▌   | 12973450/19694062 [00:01<00:00, 11743586.93iteration/s]
 72%|███████▏  | 14151312/19694062 [00:01<00:00, 11744398.28iteration/s]
 78%|███████▊  | 15334830/19694062 [00:01<00:00, 11732085.33iteration/s]
 84%|████████▍ | 16516934/19694062 [00:01<00:00, 11745182.08iteration/s]
 90%|████████▉ | 17691968/19694062 [00:01<00:00, 11734980.53iteration/s]
 96%|█████████▌| 18879728/19694062 [00:01<00:00, 11741464.33iteration/s]2026-05-26 21:45:13.579 | INFO     | utils.ConnectHandler_server:receive:80 - receive completed

100%|██████████| 19694062/19694062 [00:01<00:00, 11693640.57iteration/s]
2026-05-26 21:45:13.594 | INFO     | __main__:<module>:226 - 2026-05-26 21:45:13 RECV round=89 cid=9 train_duration=110.55348801612854 battery=115946.74J
2026-05-26 21:45:13.594 | INFO     | utils.ConnectHandler_server:send:28 - sending data (59 bytes) to client#9...
2026-05-26 21:45:13.594 | INFO     | utils.ConnectHandler_server:send:34 - sending data (59 bytes) to client#9 completely
2026-05-26 21:47:02.809 | INFO     | utils.ConnectHandler_server:receive:71 - 19697437bytes data to be received from client#8

  0%|          | 0/19697437 [00:00<?, ?iteration/s]
  6%|▌         | 1152608/19697437 [00:00<00:01, 11518648.62iteration/s]
 12%|█▏        | 2319696/19697437 [00:00<00:01, 11603363.60iteration/s]
 18%|█▊        | 3488232/19697437 [00:00<00:01, 11639238.12iteration/s]
 24%|██▎       | 4661112/19697437 [00:00<00:01, 11670065.56iteration/s]
 30%|██▉       | 5836888/19697437 [00:00<00:01, 11691641.40iteration/s]
 36%|███▌      | 7009768/19697437 [00:00<00:01, 11701311.40iteration/s]
 42%|████▏     | 8185544/19697437 [00:00<00:00, 11715403.15iteration/s]
 48%|████▊     | 9359872/19697437 [00:00<00:00, 11723145.42iteration/s]
 53%|█████▎    | 10537096/19697437 [00:00<00:00, 11737674.44iteration/s]
 59%|█████▉    | 11715768/19697437 [00:01<00:00, 11748188.22iteration/s]
 65%|██████▌   | 12898784/19697437 [00:01<00:00, 11749803.66iteration/s]
 71%|███████▏  | 14081800/19697437 [00:01<00:00, 11745330.44iteration/s]
 77%|███████▋  | 15257576/19697437 [00:01<00:00, 11745696.26iteration/s]
 83%|████████▎ | 16442040/19697437 [00:01<00:00, 11753847.22iteration/s]
 89%|████████▉ | 17622160/19697437 [00:01<00:00, 11750610.60iteration/s]
 95%|█████████▌| 18802280/19697437 [00:01<00:00, 11739321.50iteration/s]2026-05-26 21:47:04.490 | INFO     | utils.ConnectHandler_server:receive:80 - receive completed

100%|██████████| 19697437/19697437 [00:01<00:00, 11666782.76iteration/s]
2026-05-26 21:47:04.505 | INFO     | __main__:<module>:226 - 2026-05-26 21:47:04 RECV round=89 cid=8 train_duration=222.8840093612671 battery=87834.66J
2026-05-26 21:47:04.505 | INFO     | utils.ConnectHandler_server:send:28 - sending data (59 bytes) to client#8...
2026-05-26 21:47:04.506 | INFO     | utils.ConnectHandler_server:send:34 - sending data (59 bytes) to client#8 completely
2026-05-26 21:47:18.411 | INFO     | __main__:<module>:313 - 2026-05-26 21:47:18 ROUND=89 end avg_acc=39.0040 best_acc=39.0040 duration=240.57s comm_mb=75.195 selected=[8, 9] checkpoint=logs_real/dfl_real_server/checkpoints/dfl_seed1/checkpoint.pt
2026-05-26 21:47:18.411 | INFO     | __main__:<module>:179 - 2026-05-26 21:47:18 ROUND=90 start selected=[0, 1] active_clients=[0, 1, 2, 3, 4, 5, 6, 7, 8, 9] cursor=2
2026-05-26 21:47:18.430 | INFO     | utils.ConnectHandler_server:send:28 - sending data (19699823 bytes) to client#0...
2026-05-26 21:47:20.008 | INFO     | utils.ConnectHandler_server:send:34 - sending data (19699823 bytes) to client#0 completely
2026-05-26 21:47:20.008 | INFO     | __main__:<module>:207 - 2026-05-26 21:47:20 SEND round=90 cid=0 payload_mb=18.787 duration=1.588s
2026-05-26 21:47:20.026 | INFO     | utils.ConnectHandler_server:send:28 - sending data (19699819 bytes) to client#1...
2026-05-26 21:47:21.687 | INFO     | utils.ConnectHandler_server:send:34 - sending data (19699819 bytes) to client#1 completely
2026-05-26 21:47:21.687 | INFO     | __main__:<module>:207 - 2026-05-26 21:47:21 SEND round=90 cid=1 payload_mb=18.787 duration=1.670s
2026-05-26 21:49:09.580 | INFO     | utils.ConnectHandler_server:receive:71 - 19696965bytes data to be received from client#0

  0%|          | 0/19696965 [00:00<?, ?iteration/s]
  6%|▌         | 1171432/19696965 [00:00<00:01, 11695175.21iteration/s]
 12%|█▏        | 2348656/19696965 [00:00<00:01, 11734612.17iteration/s]
 18%|█▊        | 3524432/19696965 [00:00<00:01, 11711541.78iteration/s]
 24%|██▍       | 4701656/19696965 [00:00<00:01, 11721553.33iteration/s]
 30%|██▉       | 5881776/19696965 [00:00<00:01, 11735467.75iteration/s]
 36%|███▌      | 7061896/19696965 [00:00<00:01, 11741408.02iteration/s]
 42%|████▏     | 8246360/19696965 [00:00<00:00, 11754377.28iteration/s]
 48%|████▊     | 9423584/19696965 [00:00<00:00, 11752241.78iteration/s]
 54%|█████▍    | 10600808/19696965 [00:00<00:00, 11752758.16iteration/s]
 60%|█████▉    | 11786720/19696965 [00:01<00:00, 11760608.28iteration/s]
 66%|██████▌   | 12968288/19696965 [00:01<00:00, 11760518.37iteration/s]
 72%|███████▏  | 14157096/19696965 [00:01<00:00, 11766571.91iteration/s]
 78%|███████▊  | 15344456/19696965 [00:01<00:00, 11760484.90iteration/s]
 84%|████████▍ | 16523128/19696965 [00:01<00:00, 11751389.79iteration/s]
 90%|████████▉ | 17709040/19696965 [00:01<00:00, 11761622.78iteration/s]
 96%|█████████▌| 18893504/19696965 [00:01<00:00, 11759157.05iteration/s]2026-05-26 21:49:11.258 | INFO     | utils.ConnectHandler_server:receive:80 - receive completed

100%|██████████| 19696965/19696965 [00:01<00:00, 11694662.32iteration/s]
2026-05-26 21:49:11.274 | INFO     | __main__:<module>:226 - 2026-05-26 21:49:11 RECV round=90 cid=0 train_duration=108.52312898635864 battery=132297.21J
2026-05-26 21:49:11.274 | INFO     | utils.ConnectHandler_server:send:28 - sending data (59 bytes) to client#0...
2026-05-26 21:49:11.274 | INFO     | utils.ConnectHandler_server:send:34 - sending data (59 bytes) to client#0 completely
2026-05-26 21:49:12.748 | INFO     | utils.ConnectHandler_server:receive:71 - 19696967bytes data to be received from client#1

  0%|          | 0/19696967 [00:00<?, ?iteration/s]
  6%|▌         | 1171432/19696967 [00:00<00:01, 11700216.04iteration/s]
 12%|█▏        | 2347208/19696967 [00:00<00:01, 11733644.02iteration/s]
 18%|█▊        | 3524432/19696967 [00:00<00:01, 11748531.46iteration/s]
 24%|██▍       | 4700208/19696967 [00:00<00:01, 11744000.65iteration/s]
 30%|██▉       | 5878880/19696967 [00:00<00:01, 11748739.84iteration/s]
 36%|███▌      | 7060448/19696967 [00:00<00:01, 11757598.07iteration/s]
 42%|████▏     | 8242016/19696967 [00:00<00:00, 11757939.44iteration/s]
 48%|████▊     | 9422136/19696967 [00:00<00:00, 11752929.89iteration/s]
 54%|█████▍    | 10603704/19696967 [00:00<00:00, 11754114.46iteration/s]
 60%|█████▉    | 11782376/19696967 [00:01<00:00, 11758407.67iteration/s]
 66%|██████▌   | 12962496/19696967 [00:01<00:00, 11748384.87iteration/s]
 72%|███████▏  | 14141168/19696967 [00:01<00:00, 11751704.42iteration/s]
 78%|███████▊  | 15327080/19696967 [00:01<00:00, 11748886.71iteration/s]
 84%|████████▍ | 16505752/19696967 [00:01<00:00, 11750436.44iteration/s]
 90%|████████▉ | 17684424/19696967 [00:01<00:00, 11756582.76iteration/s]
 96%|█████████▌| 18868888/19696967 [00:01<00:00, 11735085.26iteration/s]2026-05-26 21:49:14.425 | INFO     | utils.ConnectHandler_server:receive:80 - receive completed

100%|██████████| 19696967/19696967 [00:01<00:00, 11697511.57iteration/s]
2026-05-26 21:49:14.442 | INFO     | __main__:<module>:226 - 2026-05-26 21:49:14 RECV round=90 cid=1 train_duration=110.0676863193512 battery=132048.34J
2026-05-26 21:49:14.442 | INFO     | utils.ConnectHandler_server:send:28 - sending data (59 bytes) to client#1...
2026-05-26 21:49:14.442 | INFO     | utils.ConnectHandler_server:send:34 - sending data (59 bytes) to client#1 completely
2026-05-26 21:49:28.626 | INFO     | __main__:<module>:313 - 2026-05-26 21:49:28 ROUND=90 end avg_acc=39.2560 best_acc=39.2560 duration=129.96s comm_mb=75.138 selected=[0, 1] checkpoint=logs_real/dfl_real_server/checkpoints/dfl_seed1/checkpoint.pt
2026-05-26 21:49:28.627 | INFO     | __main__:<module>:179 - 2026-05-26 21:49:28 ROUND=91 start selected=[2, 3] active_clients=[0, 1, 2, 3, 4, 5, 6, 7, 8, 9] cursor=4
2026-05-26 21:49:28.648 | INFO     | utils.ConnectHandler_server:send:28 - sending data (19699820 bytes) to client#2...
2026-05-26 21:49:30.257 | INFO     | utils.ConnectHandler_server:send:34 - sending data (19699820 bytes) to client#2 completely
2026-05-26 21:49:30.257 | INFO     | __main__:<module>:207 - 2026-05-26 21:49:30 SEND round=91 cid=2 payload_mb=18.787 duration=1.622s
2026-05-26 21:49:30.274 | INFO     | utils.ConnectHandler_server:send:28 - sending data (19699825 bytes) to client#3...
2026-05-26 21:49:31.923 | INFO     | utils.ConnectHandler_server:send:34 - sending data (19699825 bytes) to client#3 completely
2026-05-26 21:49:31.923 | INFO     | __main__:<module>:207 - 2026-05-26 21:49:31 SEND round=91 cid=3 payload_mb=18.787 duration=1.658s
2026-05-26 21:50:56.213 | INFO     | utils.ConnectHandler_server:receive:71 - 19696961bytes data to be received from client#3

  0%|          | 0/19696961 [00:00<?, ?iteration/s]
  6%|▌         | 1178672/19696961 [00:00<00:01, 11767232.81iteration/s]
 12%|█▏        | 2355896/19696961 [00:00<00:01, 11764247.24iteration/s]
 18%|█▊        | 3534568/19696961 [00:00<00:01, 11761774.83iteration/s]
 24%|██▍       | 4713240/19696961 [00:00<00:01, 11738813.24iteration/s]
 30%|██▉       | 5889016/19696961 [00:00<00:01, 11729798.36iteration/s]
 36%|███▌      | 7067688/19696961 [00:00<00:01, 11744064.56iteration/s]
 42%|████▏     | 8247808/19696961 [00:00<00:00, 11741118.66iteration/s]
 48%|████▊     | 9429376/19696961 [00:00<00:00, 11752972.58iteration/s]
 54%|█████▍    | 10606600/19696961 [00:00<00:00, 11755269.99iteration/s]
 60%|█████▉    | 11785272/19696961 [00:01<00:00, 11760808.21iteration/s]
 66%|██████▌   | 12966840/19696961 [00:01<00:00, 11751415.52iteration/s]
 72%|███████▏  | 14145512/19696961 [00:01<00:00, 11759433.92iteration/s]
 78%|███████▊  | 15327080/19696961 [00:01<00:00, 11753559.12iteration/s]
 84%|████████▍ | 16505752/19696961 [00:01<00:00, 11757125.62iteration/s]
 90%|████████▉ | 17687320/19696961 [00:01<00:00, 11765467.25iteration/s]
 96%|█████████▌| 18874680/19696961 [00:01<00:00, 11754456.41iteration/s]2026-05-26 21:50:57.891 | INFO     | utils.ConnectHandler_server:receive:80 - receive completed

100%|██████████| 19696961/19696961 [00:01<00:00, 11701142.96iteration/s]
2026-05-26 21:50:57.913 | INFO     | __main__:<module>:226 - 2026-05-26 21:50:57 RECV round=91 cid=3 train_duration=83.58180451393127 battery=136360.67J
2026-05-26 21:50:57.913 | INFO     | utils.ConnectHandler_server:send:28 - sending data (59 bytes) to client#3...
2026-05-26 21:50:57.913 | INFO     | utils.ConnectHandler_server:send:34 - sending data (59 bytes) to client#3 completely
2026-05-26 21:50:58.876 | INFO     | utils.ConnectHandler_server:receive:71 - 19697059bytes data to be received from client#2

  0%|          | 0/19697059 [00:00<?, ?iteration/s]
  6%|▌         | 1177224/19697059 [00:00<00:01, 11746821.21iteration/s]
 12%|█▏        | 2353000/19697059 [00:00<00:01, 11748531.99iteration/s]
 18%|█▊        | 3531672/19697059 [00:00<00:01, 11753150.43iteration/s]
 24%|██▍       | 4710344/19697059 [00:00<00:01, 11749678.66iteration/s]
 30%|██▉       | 5886120/19697059 [00:00<00:01, 11748588.58iteration/s]
 36%|███▌      | 7064792/19697059 [00:00<00:01, 11744672.72iteration/s]
 42%|████▏     | 8243464/19697059 [00:00<00:00, 11757629.08iteration/s]
 48%|████▊     | 9425032/19697059 [00:00<00:00, 11755282.55iteration/s]
 54%|█████▍    | 10603704/19697059 [00:00<00:00, 11748037.05iteration/s]
 60%|█████▉    | 11780928/19697059 [00:01<00:00, 11751887.30iteration/s]
 66%|██████▌   | 12956704/19697059 [00:01<00:00, 11751279.75iteration/s]
 72%|███████▏  | 14139720/19697059 [00:01<00:00, 11752246.52iteration/s]
 78%|███████▊  | 15318392/19697059 [00:01<00:00, 11759702.55iteration/s]
 84%|████████▍ | 16508648/19697059 [00:01<00:00, 11760744.14iteration/s]
 90%|████████▉ | 17685872/19697059 [00:01<00:00, 11757465.40iteration/s]
 96%|█████████▌| 18873232/19697059 [00:01<00:00, 11762175.23iteration/s]2026-05-26 21:51:00.554 | INFO     | utils.ConnectHandler_server:receive:80 - receive completed

100%|██████████| 19697059/19697059 [00:01<00:00, 11698010.10iteration/s]
2026-05-26 21:51:00.569 | INFO     | __main__:<module>:226 - 2026-05-26 21:51:00 RECV round=91 cid=2 train_duration=87.81073260307312 battery=135667.86J
2026-05-26 21:51:00.569 | INFO     | utils.ConnectHandler_server:send:28 - sending data (59 bytes) to client#2...
2026-05-26 21:51:00.569 | INFO     | utils.ConnectHandler_server:send:34 - sending data (59 bytes) to client#2 completely
2026-05-26 21:51:14.787 | INFO     | __main__:<module>:313 - 2026-05-26 21:51:14 ROUND=91 end avg_acc=39.7410 best_acc=39.7410 duration=105.91s comm_mb=75.138 selected=[2, 3] checkpoint=logs_real/dfl_real_server/checkpoints/dfl_seed1/checkpoint.pt
2026-05-26 21:51:14.787 | INFO     | __main__:<module>:179 - 2026-05-26 21:51:14 ROUND=92 start selected=[4, 5] active_clients=[0, 1, 2, 3, 4, 5, 6, 7, 8, 9] cursor=6
2026-05-26 21:51:14.806 | INFO     | utils.ConnectHandler_server:send:28 - sending data (19699825 bytes) to client#4...
2026-05-26 21:51:16.396 | INFO     | utils.ConnectHandler_server:send:34 - sending data (19699825 bytes) to client#4 completely
2026-05-26 21:51:16.396 | INFO     | __main__:<module>:207 - 2026-05-26 21:51:16 SEND round=92 cid=4 payload_mb=18.787 duration=1.600s
2026-05-26 21:51:16.416 | INFO     | utils.ConnectHandler_server:send:28 - sending data (19699820 bytes) to client#5...
2026-05-26 21:51:18.072 | INFO     | utils.ConnectHandler_server:send:34 - sending data (19699820 bytes) to client#5 completely
2026-05-26 21:51:18.072 | INFO     | __main__:<module>:207 - 2026-05-26 21:51:18 SEND round=92 cid=5 payload_mb=18.787 duration=1.666s
2026-05-26 21:52:43.325 | INFO     | utils.ConnectHandler_server:receive:71 - 19696973bytes data to be received from client#4

  0%|          | 0/19696973 [00:00<?, ?iteration/s]
  6%|▌         | 1161296/19696973 [00:00<00:01, 11607353.23iteration/s]
 12%|█▏        | 2339968/19696973 [00:00<00:01, 11702576.54iteration/s]
 18%|█▊        | 3517192/19696973 [00:00<00:01, 11725531.72iteration/s]
 24%|██▍       | 4694416/19696973 [00:00<00:01, 11733676.14iteration/s]
 30%|██▉       | 5870192/19696973 [00:00<00:01, 11727409.03iteration/s]
 36%|███▌      | 7047416/19696973 [00:00<00:01, 11735716.83iteration/s]
 42%|████▏     | 8227536/19696973 [00:00<00:00, 11743049.62iteration/s]
 48%|████▊     | 9410552/19696973 [00:00<00:00, 11749272.90iteration/s]
 54%|█████▍    | 10595016/19696973 [00:00<00:00, 11755513.64iteration/s]
 60%|█████▉    | 11778032/19696973 [00:01<00:00, 11756587.64iteration/s]
 66%|██████▌   | 12961048/19696973 [00:01<00:00, 11756870.78iteration/s]
 72%|███████▏  | 14141168/19696973 [00:01<00:00, 11761368.84iteration/s]
 78%|███████▊  | 15328528/19696973 [00:01<00:00, 11758699.10iteration/s]
 84%|████████▍ | 16508648/19696973 [00:01<00:00, 11759881.65iteration/s]
 90%|████████▉ | 17693112/19696973 [00:01<00:00, 11750029.63iteration/s]
 96%|█████████▌| 18871784/19696973 [00:01<00:00, 11759689.39iteration/s]2026-05-26 21:52:45.003 | INFO     | utils.ConnectHandler_server:receive:80 - receive completed

100%|██████████| 19696973/19696973 [00:01<00:00, 11695440.21iteration/s]
2026-05-26 21:52:45.019 | INFO     | __main__:<module>:226 - 2026-05-26 21:52:45 RECV round=92 cid=4 train_duration=86.05911827087402 battery=135978.87J
2026-05-26 21:52:45.019 | INFO     | utils.ConnectHandler_server:send:28 - sending data (59 bytes) to client#4...
2026-05-26 21:52:45.019 | INFO     | utils.ConnectHandler_server:send:34 - sending data (59 bytes) to client#4 completely
2026-05-26 21:53:01.777 | INFO     | utils.ConnectHandler_server:receive:71 - 19696971bytes data to be received from client#5

  0%|          | 0/19696971 [00:00<?, ?iteration/s]
  6%|▌         | 1174328/19696971 [00:00<00:01, 11730398.19iteration/s]
 12%|█▏        | 2353000/19696971 [00:00<00:01, 11752531.44iteration/s]
 18%|█▊        | 3530224/19696971 [00:00<00:01, 11757346.72iteration/s]
 24%|██▍       | 4711792/19696971 [00:00<00:01, 11758984.65iteration/s]
 30%|██▉       | 5893360/19696971 [00:00<00:01, 11747083.15iteration/s]
 36%|███▌      | 7073480/19696971 [00:00<00:01, 11755741.80iteration/s]
 42%|████▏     | 8253600/19696971 [00:00<00:00, 11761790.79iteration/s]
 48%|████▊     | 9435168/19696971 [00:00<00:00, 11761035.78iteration/s]
 54%|█████▍    | 10615288/19696971 [00:00<00:00, 11760666.91iteration/s]
 60%|█████▉    | 11801200/19696971 [00:01<00:00, 11754414.35iteration/s]
 66%|██████▌   | 12984216/19696971 [00:01<00:00, 11755004.57iteration/s]
 72%|███████▏  | 14162888/19696971 [00:01<00:00, 11761694.40iteration/s]
 78%|███████▊  | 15348800/19696971 [00:01<00:00, 11756202.74iteration/s]
 84%|████████▍ | 16531816/19696971 [00:01<00:00, 11754890.16iteration/s]
 90%|████████▉ | 17714832/19696971 [00:01<00:00, 11754698.16iteration/s]
 96%|█████████▌| 18902192/19696971 [00:01<00:00, 11765686.41iteration/s]2026-05-26 21:53:03.453 | INFO     | utils.ConnectHandler_server:receive:80 - receive completed

100%|██████████| 19696971/19696971 [00:01<00:00, 11705801.10iteration/s]
2026-05-26 21:53:03.468 | INFO     | __main__:<module>:226 - 2026-05-26 21:53:03 RECV round=92 cid=5 train_duration=102.95257186889648 battery=128872.19J
2026-05-26 21:53:03.468 | INFO     | utils.ConnectHandler_server:send:28 - sending data (59 bytes) to client#5...
2026-05-26 21:53:03.469 | INFO     | utils.ConnectHandler_server:send:34 - sending data (59 bytes) to client#5 completely
2026-05-26 21:53:17.822 | INFO     | __main__:<module>:313 - 2026-05-26 21:53:17 ROUND=92 end avg_acc=40.2580 best_acc=40.2580 duration=122.64s comm_mb=75.138 selected=[4, 5] checkpoint=logs_real/dfl_real_server/checkpoints/dfl_seed1/checkpoint.pt
2026-05-26 21:53:17.823 | INFO     | __main__:<module>:179 - 2026-05-26 21:53:17 ROUND=93 start selected=[6, 7] active_clients=[0, 1, 2, 3, 4, 5, 6, 7, 8, 9] cursor=8
2026-05-26 21:53:17.883 | INFO     | utils.ConnectHandler_server:send:28 - sending data (19699820 bytes) to client#6...
2026-05-26 21:53:19.478 | INFO     | utils.ConnectHandler_server:send:34 - sending data (19699820 bytes) to client#6 completely
2026-05-26 21:53:19.478 | INFO     | __main__:<module>:207 - 2026-05-26 21:53:19 SEND round=93 cid=6 payload_mb=18.787 duration=1.608s
2026-05-26 21:53:19.497 | INFO     | utils.ConnectHandler_server:send:28 - sending data (19729791 bytes) to client#7...
2026-05-26 21:53:21.214 | INFO     | utils.ConnectHandler_server:send:34 - sending data (19729791 bytes) to client#7 completely
2026-05-26 21:53:21.215 | INFO     | __main__:<module>:207 - 2026-05-26 21:53:21 SEND round=93 cid=7 payload_mb=18.816 duration=1.727s
2026-05-26 21:55:01.332 | INFO     | utils.ConnectHandler_server:receive:71 - 19696961bytes data to be received from client#6

  0%|          | 0/19696961 [00:00<?, ?iteration/s]
  6%|▌         | 1178672/19696961 [00:00<00:01, 11760346.66iteration/s]
 12%|█▏        | 2355896/19696961 [00:00<00:01, 11764721.87iteration/s]
 18%|█▊        | 3534568/19696961 [00:00<00:01, 11764142.13iteration/s]
 24%|██▍       | 4716136/19696961 [00:00<00:01, 11748678.06iteration/s]
 30%|██▉       | 5894808/19696961 [00:00<00:01, 11748813.98iteration/s]
 36%|███▌      | 7073480/19696961 [00:00<00:01, 11755381.51iteration/s]
 42%|████▏     | 8249256/19696961 [00:00<00:00, 11754606.76iteration/s]
 48%|████▊     | 9430824/19696961 [00:00<00:00, 11763165.92iteration/s]
 54%|█████▍    | 10609496/19696961 [00:00<00:00, 11757799.48iteration/s]
 60%|█████▉    | 11791064/19696961 [00:01<00:00, 11754265.55iteration/s]
 66%|██████▌   | 12978424/19696961 [00:01<00:00, 11763172.98iteration/s]
 72%|███████▏  | 14157096/19696961 [00:01<00:00, 11763113.48iteration/s]
 78%|███████▊  | 15335768/19696961 [00:01<00:00, 11761565.27iteration/s]
 84%|████████▍ | 16523128/19696961 [00:01<00:00, 11754018.77iteration/s]
 90%|████████▉ | 17710488/19696961 [00:01<00:00, 11752706.76iteration/s]
 96%|█████████▌| 18899296/19696961 [00:01<00:00, 11760485.33iteration/s]2026-05-26 21:55:03.009 | INFO     | utils.ConnectHandler_server:receive:80 - receive completed

100%|██████████| 19696961/19696961 [00:01<00:00, 11702309.81iteration/s]
2026-05-26 21:55:03.024 | INFO     | __main__:<module>:226 - 2026-05-26 21:55:03 RECV round=93 cid=6 train_duration=101.07683992385864 battery=133244.88J
2026-05-26 21:55:03.024 | INFO     | utils.ConnectHandler_server:send:28 - sending data (59 bytes) to client#6...
2026-05-26 21:55:03.025 | INFO     | utils.ConnectHandler_server:send:34 - sending data (59 bytes) to client#6 completely
2026-05-26 21:55:17.240 | INFO     | utils.ConnectHandler_server:receive:71 - 19697437bytes data to be received from client#7

  0%|          | 0/19697437 [00:00<?, ?iteration/s]
  6%|▌         | 1172880/19697437 [00:00<00:01, 11703252.26iteration/s]
 12%|█▏        | 2344312/19697437 [00:00<00:01, 11702384.57iteration/s]
 18%|█▊        | 3518640/19697437 [00:00<00:01, 11710653.30iteration/s]
 24%|██▍       | 4691520/19697437 [00:00<00:01, 11703651.44iteration/s]
 30%|██▉       | 5865848/19697437 [00:00<00:01, 11711460.22iteration/s]
 36%|███▌      | 7037280/19697437 [00:00<00:01, 11706123.50iteration/s]
 42%|████▏     | 8211608/19697437 [00:00<00:00, 11701088.86iteration/s]
 48%|████▊     | 9390280/19697437 [00:00<00:00, 11696101.79iteration/s]
 54%|█████▎    | 10567504/19697437 [00:00<00:00, 11692163.87iteration/s]
 60%|█████▉    | 11744728/19697437 [00:01<00:00, 11686383.07iteration/s]
 66%|██████▌   | 12919056/19697437 [00:01<00:00, 11686437.83iteration/s]
 72%|███████▏  | 14093384/19697437 [00:01<00:00, 11691855.67iteration/s]
 78%|███████▊  | 15270608/19697437 [00:01<00:00, 11690429.10iteration/s]
 83%|████████▎ | 16444936/19697437 [00:01<00:00, 11685303.39iteration/s]
 89%|████████▉ | 17625056/19697437 [00:01<00:00, 11682880.42iteration/s]
 95%|█████████▌| 18796488/19697437 [00:01<00:00, 11688059.69iteration/s]2026-05-26 21:55:18.925 | INFO     | utils.ConnectHandler_server:receive:80 - receive completed

100%|██████████| 19697437/19697437 [00:01<00:00, 11640306.27iteration/s]
2026-05-26 21:55:18.942 | INFO     | __main__:<module>:226 - 2026-05-26 21:55:18 RECV round=93 cid=7 train_duration=115.66582036018372 battery=113910.39J
2026-05-26 21:55:18.942 | INFO     | utils.ConnectHandler_server:send:28 - sending data (59 bytes) to client#7...
2026-05-26 21:55:18.942 | INFO     | utils.ConnectHandler_server:send:34 - sending data (59 bytes) to client#7 completely
2026-05-26 21:55:33.277 | INFO     | __main__:<module>:313 - 2026-05-26 21:55:32 ROUND=93 end avg_acc=40.3090 best_acc=40.3090 duration=135.09s comm_mb=75.167 selected=[6, 7] checkpoint=logs_real/dfl_real_server/checkpoints/dfl_seed1/checkpoint.pt
2026-05-26 21:55:33.277 | INFO     | __main__:<module>:179 - 2026-05-26 21:55:33 ROUND=94 start selected=[8, 9] active_clients=[0, 1, 2, 3, 4, 5, 6, 7, 8, 9] cursor=0
2026-05-26 21:55:33.322 | INFO     | utils.ConnectHandler_server:send:28 - sending data (19735888 bytes) to client#8...
2026-05-26 21:55:34.891 | INFO     | utils.ConnectHandler_server:send:34 - sending data (19735888 bytes) to client#8 completely
2026-05-26 21:55:34.891 | INFO     | __main__:<module>:207 - 2026-05-26 21:55:34 SEND round=94 cid=8 payload_mb=18.822 duration=1.583s
2026-05-26 21:55:34.909 | INFO     | utils.ConnectHandler_server:send:28 - sending data (19723703 bytes) to client#9...
2026-05-26 21:55:36.614 | INFO     | utils.ConnectHandler_server:send:34 - sending data (19723703 bytes) to client#9 completely
2026-05-26 21:55:36.614 | INFO     | __main__:<module>:207 - 2026-05-26 21:55:36 SEND round=94 cid=9 payload_mb=18.810 duration=1.714s
2026-05-26 21:57:29.380 | INFO     | utils.ConnectHandler_server:receive:71 - 19694056bytes data to be received from client#9

  0%|          | 0/19694056 [00:00<?, ?iteration/s]
  6%|▌         | 1180690/19694056 [00:00<00:01, 11796814.09iteration/s]
 12%|█▏        | 2362794/19694056 [00:00<00:01, 11766033.19iteration/s]
 18%|█▊        | 3542070/19694056 [00:00<00:01, 11753638.52iteration/s]
 24%|██▍       | 4719932/19694056 [00:00<00:01, 11749427.13iteration/s]
 30%|██▉       | 5894966/19694056 [00:00<00:01, 11742226.66iteration/s]
 36%|███▌      | 7075656/19694056 [00:00<00:01, 11746945.75iteration/s]
 42%|████▏     | 8250690/19694056 [00:00<00:00, 11741765.54iteration/s]
 48%|████▊     | 9428552/19694056 [00:00<00:00, 11741231.42iteration/s]
 54%|█████▍    | 10606414/19694056 [00:00<00:00, 11746486.04iteration/s]
 60%|█████▉    | 11781448/19694056 [00:01<00:00, 11745183.25iteration/s]
 66%|██████▌   | 12956482/19694056 [00:01<00:00, 11740192.76iteration/s]
 72%|███████▏  | 14134344/19694056 [00:01<00:00, 11750814.78iteration/s]
 78%|███████▊  | 15320690/19694056 [00:01<00:00, 11741650.51iteration/s]
 84%|████████▍ | 16501380/19694056 [00:01<00:00, 11738102.73iteration/s]
 90%|████████▉ | 17690554/19694056 [00:01<00:00, 11748939.58iteration/s]
 96%|█████████▌| 18869830/19694056 [00:01<00:00, 11739447.47iteration/s]2026-05-26 21:57:31.059 | INFO     | utils.ConnectHandler_server:receive:80 - receive completed

100%|██████████| 19694056/19694056 [00:01<00:00, 11688972.28iteration/s]
2026-05-26 21:57:31.075 | INFO     | __main__:<module>:226 - 2026-05-26 21:57:31 RECV round=94 cid=9 train_duration=112.31942367553711 battery=114054.48J
2026-05-26 21:57:31.075 | INFO     | utils.ConnectHandler_server:send:28 - sending data (59 bytes) to client#9...
2026-05-26 21:57:31.076 | INFO     | utils.ConnectHandler_server:send:34 - sending data (59 bytes) to client#9 completely
2026-05-26 21:59:18.403 | INFO     | utils.ConnectHandler_server:receive:71 - 19697437bytes data to be received from client#8

  0%|          | 0/19697437 [00:00<?, ?iteration/s]
  6%|▌         | 1161296/19697437 [00:00<00:01, 11603067.40iteration/s]
 12%|█▏        | 2332728/19697437 [00:00<00:01, 11658262.00iteration/s]
 18%|█▊        | 3501264/19697437 [00:00<00:01, 11659533.04iteration/s]
 24%|██▎       | 4675592/19697437 [00:00<00:01, 11681165.89iteration/s]
 30%|██▉       | 5847024/19697437 [00:00<00:01, 11687962.00iteration/s]
 36%|███▌      | 7024248/19697437 [00:00<00:01, 11700028.28iteration/s]
 42%|████▏     | 8198576/19697437 [00:00<00:00, 11705312.97iteration/s]
 48%|████▊     | 9378696/19697437 [00:00<00:00, 11714638.21iteration/s]
 54%|█████▎    | 10555920/19697437 [00:00<00:00, 11725770.37iteration/s]
 60%|█████▉    | 11734592/19697437 [00:01<00:00, 11727693.18iteration/s]
 66%|██████▌   | 12920504/19697437 [00:01<00:00, 11747948.80iteration/s]
 72%|███████▏  | 14103520/19697437 [00:01<00:00, 11736451.05iteration/s]
 78%|███████▊  | 15280744/19697437 [00:01<00:00, 11737373.81iteration/s]
 84%|████████▎ | 16462312/19697437 [00:01<00:00, 11746936.41iteration/s]
 90%|████████▉ | 17640984/19697437 [00:01<00:00, 11743893.34iteration/s]
 96%|█████████▌| 18819656/19697437 [00:01<00:00, 11734065.77iteration/s]2026-05-26 21:59:20.085 | INFO     | utils.ConnectHandler_server:receive:80 - receive completed

100%|██████████| 19697437/19697437 [00:01<00:00, 11664643.02iteration/s]
2026-05-26 21:59:20.101 | INFO     | __main__:<module>:226 - 2026-05-26 21:59:20 RECV round=94 cid=8 train_duration=222.72320461273193 battery=84406.79J
2026-05-26 21:59:20.101 | INFO     | utils.ConnectHandler_server:send:28 - sending data (59 bytes) to client#8...
2026-05-26 21:59:20.102 | INFO     | utils.ConnectHandler_server:send:34 - sending data (59 bytes) to client#8 completely
2026-05-26 21:59:34.283 | INFO     | __main__:<module>:313 - 2026-05-26 21:59:34 ROUND=94 end avg_acc=40.7570 best_acc=40.7570 duration=240.76s comm_mb=75.195 selected=[8, 9] checkpoint=logs_real/dfl_real_server/checkpoints/dfl_seed1/checkpoint.pt
2026-05-26 21:59:34.283 | INFO     | __main__:<module>:179 - 2026-05-26 21:59:34 ROUND=95 start selected=[0, 1] active_clients=[0, 1, 2, 3, 4, 5, 6, 7, 8, 9] cursor=2
2026-05-26 21:59:34.310 | INFO     | utils.ConnectHandler_server:send:28 - sending data (19699823 bytes) to client#0...
2026-05-26 21:59:35.887 | INFO     | utils.ConnectHandler_server:send:34 - sending data (19699823 bytes) to client#0 completely
2026-05-26 21:59:35.887 | INFO     | __main__:<module>:207 - 2026-05-26 21:59:35 SEND round=95 cid=0 payload_mb=18.787 duration=1.588s
2026-05-26 21:59:35.907 | INFO     | utils.ConnectHandler_server:send:28 - sending data (19699819 bytes) to client#1...
2026-05-26 21:59:37.561 | INFO     | utils.ConnectHandler_server:send:34 - sending data (19699819 bytes) to client#1 completely
2026-05-26 21:59:37.561 | INFO     | __main__:<module>:207 - 2026-05-26 21:59:37 SEND round=95 cid=1 payload_mb=18.787 duration=1.664s
2026-05-26 22:01:25.527 | INFO     | utils.ConnectHandler_server:receive:71 - 19696965bytes data to be received from client#0

  0%|          | 0/19696965 [00:00<?, ?iteration/s]
  6%|▌         | 1169984/19696965 [00:00<00:01, 11687590.38iteration/s]
 12%|█▏        | 2347208/19696965 [00:00<00:01, 11734227.48iteration/s]
 18%|█▊        | 3525880/19696965 [00:00<00:01, 11746585.45iteration/s]
 24%|██▍       | 4703104/19696965 [00:00<00:01, 11741470.95iteration/s]
 30%|██▉       | 5883224/19696965 [00:00<00:01, 11751310.89iteration/s]
 36%|███▌      | 7064792/19696965 [00:00<00:01, 11755953.86iteration/s]
 42%|████▏     | 8240568/19696965 [00:00<00:00, 11755641.50iteration/s]
 48%|████▊     | 9422136/19696965 [00:00<00:00, 11761582.35iteration/s]
 54%|█████▍    | 10599360/19696965 [00:00<00:00, 11756864.14iteration/s]
 60%|█████▉    | 11782376/19696965 [00:01<00:00, 11751660.69iteration/s]
 66%|██████▌   | 12963944/19696965 [00:01<00:00, 11757471.30iteration/s]
 72%|███████▏  | 14142616/19696965 [00:01<00:00, 11762221.73iteration/s]
 78%|███████▊  | 15321288/19696965 [00:01<00:00, 11760468.28iteration/s]
 84%|████████▍ | 16499960/19696965 [00:01<00:00, 11758286.67iteration/s]
 90%|████████▉ | 17688768/19696965 [00:01<00:00, 11756162.77iteration/s]
 96%|█████████▌| 18868888/19696965 [00:01<00:00, 11762446.97iteration/s]2026-05-26 22:01:27.204 | INFO     | utils.ConnectHandler_server:receive:80 - receive completed

100%|██████████| 19696965/19696965 [00:01<00:00, 11700510.63iteration/s]
2026-05-26 22:01:27.220 | INFO     | __main__:<module>:226 - 2026-05-26 22:01:27 RECV round=95 cid=0 train_duration=108.52970314025879 battery=131371.40J
2026-05-26 22:01:27.220 | INFO     | utils.ConnectHandler_server:send:28 - sending data (59 bytes) to client#0...
2026-05-26 22:01:27.220 | INFO     | utils.ConnectHandler_server:send:34 - sending data (59 bytes) to client#0 completely
2026-05-26 22:01:28.606 | INFO     | utils.ConnectHandler_server:receive:71 - 19696963bytes data to be received from client#1

  0%|          | 0/19696963 [00:00<?, ?iteration/s]
  6%|▌         | 1168536/19696963 [00:00<00:01, 11676546.16iteration/s]
 12%|█▏        | 2344312/19696963 [00:00<00:01, 11723456.03iteration/s]
 18%|█▊        | 3520088/19696963 [00:00<00:01, 11738546.84iteration/s]
 24%|██▍       | 4698760/19696963 [00:00<00:01, 11746909.46iteration/s]
 30%|██▉       | 5874536/19696963 [00:00<00:01, 11744678.39iteration/s]
 36%|███▌      | 7056104/19696963 [00:00<00:01, 11752525.59iteration/s]
 42%|████▏     | 8237672/19696963 [00:00<00:00, 11756355.37iteration/s]
 48%|████▊     | 9419240/19696963 [00:00<00:00, 11752639.24iteration/s]
 54%|█████▍    | 10603704/19696963 [00:00<00:00, 11759778.85iteration/s]
 60%|█████▉    | 11780928/19696963 [00:01<00:00, 11757569.68iteration/s]
 66%|██████▌   | 12968288/19696963 [00:01<00:00, 11763507.33iteration/s]
 72%|███████▏  | 14152752/19696963 [00:01<00:00, 11762737.01iteration/s]
 78%|███████▊  | 15332872/19696963 [00:01<00:00, 11754701.97iteration/s]
 84%|████████▍ | 16518784/19696963 [00:01<00:00, 11763018.35iteration/s]
 90%|████████▉ | 17703248/19696963 [00:01<00:00, 11754520.15iteration/s]
 96%|█████████▌| 18881920/19696963 [00:01<00:00, 11757333.88iteration/s]2026-05-26 22:01:30.284 | INFO     | utils.ConnectHandler_server:receive:80 - receive completed

100%|██████████| 19696963/19696963 [00:01<00:00, 11695697.53iteration/s]
2026-05-26 22:01:30.300 | INFO     | __main__:<module>:226 - 2026-05-26 22:01:30 RECV round=95 cid=1 train_duration=110.0230929851532 battery=131109.78J
2026-05-26 22:01:30.301 | INFO     | utils.ConnectHandler_server:send:28 - sending data (59 bytes) to client#1...
2026-05-26 22:01:30.301 | INFO     | utils.ConnectHandler_server:send:34 - sending data (59 bytes) to client#1 completely
2026-05-26 22:01:44.528 | INFO     | __main__:<module>:313 - 2026-05-26 22:01:44 ROUND=95 end avg_acc=41.0280 best_acc=41.0280 duration=129.99s comm_mb=75.138 selected=[0, 1] checkpoint=logs_real/dfl_real_server/checkpoints/dfl_seed1/checkpoint.pt
2026-05-26 22:01:44.528 | INFO     | __main__:<module>:179 - 2026-05-26 22:01:44 ROUND=96 start selected=[2, 3] active_clients=[0, 1, 2, 3, 4, 5, 6, 7, 8, 9] cursor=4
2026-05-26 22:01:44.547 | INFO     | utils.ConnectHandler_server:send:28 - sending data (19699820 bytes) to client#2...
2026-05-26 22:01:46.151 | INFO     | utils.ConnectHandler_server:send:34 - sending data (19699820 bytes) to client#2 completely
2026-05-26 22:01:46.151 | INFO     | __main__:<module>:207 - 2026-05-26 22:01:46 SEND round=96 cid=2 payload_mb=18.787 duration=1.613s
2026-05-26 22:01:46.170 | INFO     | utils.ConnectHandler_server:send:28 - sending data (19699825 bytes) to client#3...
2026-05-26 22:01:47.824 | INFO     | utils.ConnectHandler_server:send:34 - sending data (19699825 bytes) to client#3 completely
2026-05-26 22:01:47.824 | INFO     | __main__:<module>:207 - 2026-05-26 22:01:47 SEND round=96 cid=3 payload_mb=18.787 duration=1.664s
2026-05-26 22:03:12.071 | INFO     | utils.ConnectHandler_server:receive:71 - 19696945bytes data to be received from client#3

  0%|          | 0/19696945 [00:00<?, ?iteration/s]
  6%|▌         | 1154056/19696945 [00:00<00:01, 11522055.72iteration/s]
 12%|█▏        | 2326936/19696945 [00:00<00:01, 11636501.76iteration/s]
 18%|█▊        | 3504160/19696945 [00:00<00:01, 11694361.08iteration/s]
 24%|██▍       | 4679936/19696945 [00:00<00:01, 11707496.18iteration/s]
 30%|██▉       | 5861504/19696945 [00:00<00:01, 11731599.37iteration/s]
 36%|███▌      | 7038728/19696945 [00:00<00:01, 11743318.32iteration/s]
 42%|████▏     | 8220296/19696945 [00:00<00:00, 11730183.90iteration/s]
 48%|████▊     | 9396072/19696945 [00:00<00:00, 11738301.17iteration/s]
 54%|█████▎    | 10573296/19696945 [00:00<00:00, 11743206.49iteration/s]
 60%|█████▉    | 11756312/19696945 [00:01<00:00, 11754228.40iteration/s]
 66%|██████▌   | 12936432/19696945 [00:01<00:00, 11753172.85iteration/s]
 72%|███████▏  | 14119448/19696945 [00:01<00:00, 11757467.29iteration/s]
 78%|███████▊  | 15299568/19696945 [00:01<00:00, 11760195.81iteration/s]
 84%|████████▎ | 16485480/19696945 [00:01<00:00, 11756132.25iteration/s]
 90%|████████▉ | 17668496/19696945 [00:01<00:00, 11760607.58iteration/s]
 96%|█████████▌| 18858752/19696945 [00:01<00:00, 11760791.84iteration/s]2026-05-26 22:03:13.750 | INFO     | utils.ConnectHandler_server:receive:80 - receive completed

100%|██████████| 19696945/19696945 [00:01<00:00, 11688862.55iteration/s]
2026-05-26 22:03:13.765 | INFO     | __main__:<module>:226 - 2026-05-26 22:03:13 RECV round=96 cid=3 train_duration=83.55272579193115 battery=135647.93J
2026-05-26 22:03:13.765 | INFO     | utils.ConnectHandler_server:send:28 - sending data (59 bytes) to client#3...
2026-05-26 22:03:13.765 | INFO     | utils.ConnectHandler_server:send:34 - sending data (59 bytes) to client#3 completely
2026-05-26 22:03:14.816 | INFO     | utils.ConnectHandler_server:receive:71 - 19697059bytes data to be received from client#2

  0%|          | 0/19697059 [00:00<?, ?iteration/s]
  6%|▌         | 1171432/19697059 [00:00<00:01, 11692392.08iteration/s]
 12%|█▏        | 2342864/19697059 [00:00<00:01, 11680325.37iteration/s]
 18%|█▊        | 3518640/19697059 [00:00<00:01, 11714219.58iteration/s]
 24%|██▍       | 4694416/19697059 [00:00<00:01, 11721454.21iteration/s]
 30%|██▉       | 5867296/19697059 [00:00<00:01, 11722000.22iteration/s]
 36%|███▌      | 7050312/19697059 [00:00<00:01, 11742653.66iteration/s]
 42%|████▏     | 8227536/19697059 [00:00<00:00, 11741933.99iteration/s]
 48%|████▊     | 9409104/19697059 [00:00<00:00, 11749288.09iteration/s]
 54%|█████▍    | 10592120/19697059 [00:00<00:00, 11755233.04iteration/s]
 60%|█████▉    | 11773688/19697059 [00:01<00:00, 11753683.69iteration/s]
 66%|██████▌   | 12950912/19697059 [00:01<00:00, 11749587.59iteration/s]
 72%|███████▏  | 14136824/19697059 [00:01<00:00, 11755874.86iteration/s]
 78%|███████▊  | 15315496/19697059 [00:01<00:00, 11752594.49iteration/s]
 84%|████████▎ | 16495616/19697059 [00:01<00:00, 11755359.40iteration/s]
 90%|████████▉ | 17675736/19697059 [00:01<00:00, 11750018.99iteration/s]
 96%|█████████▌| 18855856/19697059 [00:01<00:00, 11761937.68iteration/s]2026-05-26 22:03:16.495 | INFO     | utils.ConnectHandler_server:receive:80 - receive completed

100%|██████████| 19697059/19697059 [00:01<00:00, 11687056.72iteration/s]
2026-05-26 22:03:16.510 | INFO     | __main__:<module>:226 - 2026-05-26 22:03:16 RECV round=96 cid=2 train_duration=87.85583519935608 battery=134918.40J
2026-05-26 22:03:16.510 | INFO     | utils.ConnectHandler_server:send:28 - sending data (59 bytes) to client#2...
2026-05-26 22:03:16.510 | INFO     | utils.ConnectHandler_server:send:34 - sending data (59 bytes) to client#2 completely
2026-05-26 22:03:30.505 | INFO     | __main__:<module>:313 - 2026-05-26 22:03:30 ROUND=96 end avg_acc=41.3460 best_acc=41.3460 duration=105.60s comm_mb=75.138 selected=[2, 3] checkpoint=logs_real/dfl_real_server/checkpoints/dfl_seed1/checkpoint.pt
2026-05-26 22:03:30.505 | INFO     | __main__:<module>:179 - 2026-05-26 22:03:30 ROUND=97 start selected=[4, 5] active_clients=[0, 1, 2, 3, 4, 5, 6, 7, 8, 9] cursor=6
2026-05-26 22:03:30.542 | INFO     | utils.ConnectHandler_server:send:28 - sending data (19699825 bytes) to client#4...
2026-05-26 22:03:32.138 | INFO     | utils.ConnectHandler_server:send:34 - sending data (19699825 bytes) to client#4 completely
2026-05-26 22:03:32.138 | INFO     | __main__:<module>:207 - 2026-05-26 22:03:32 SEND round=97 cid=4 payload_mb=18.787 duration=1.609s
2026-05-26 22:03:32.154 | INFO     | utils.ConnectHandler_server:send:28 - sending data (19699820 bytes) to client#5...
2026-05-26 22:03:33.805 | INFO     | utils.ConnectHandler_server:send:34 - sending data (19699820 bytes) to client#5 completely
2026-05-26 22:03:33.805 | INFO     | __main__:<module>:207 - 2026-05-26 22:03:33 SEND round=97 cid=5 payload_mb=18.787 duration=1.659s
2026-05-26 22:04:59.065 | INFO     | utils.ConnectHandler_server:receive:71 - 19696949bytes data to be received from client#4

  0%|          | 0/19696949 [00:00<?, ?iteration/s]
  6%|▌         | 1165640/19696949 [00:00<00:01, 11645693.62iteration/s]
 12%|█▏        | 2342864/19696949 [00:00<00:01, 11714658.58iteration/s]
 18%|█▊        | 3520088/19696949 [00:00<00:01, 11734291.93iteration/s]
 24%|██▍       | 4694416/19696949 [00:00<00:01, 11719146.15iteration/s]
 30%|██▉       | 5868744/19696949 [00:00<00:01, 11726924.52iteration/s]
 36%|███▌      | 7048864/19696949 [00:00<00:01, 11742771.17iteration/s]
 42%|████▏     | 8227536/19696949 [00:00<00:00, 11746435.30iteration/s]
 48%|████▊     | 9410552/19696949 [00:00<00:00, 11757940.46iteration/s]
 54%|█████▍    | 10595016/19696949 [00:00<00:00, 11753283.38iteration/s]
 60%|█████▉    | 11778032/19696949 [00:01<00:00, 11754960.46iteration/s]
 66%|██████▌   | 12956704/19696949 [00:01<00:00, 11756238.39iteration/s]
 72%|███████▏  | 14136824/19696949 [00:01<00:00, 11758196.17iteration/s]
 78%|███████▊  | 15318392/19696949 [00:01<00:00, 11756360.71iteration/s]
 84%|████████▍ | 16501408/19696949 [00:01<00:00, 11754746.20iteration/s]
 90%|████████▉ | 17690216/19696949 [00:01<00:00, 11754645.44iteration/s]
 96%|█████████▌| 18871784/19696949 [00:01<00:00, 11765142.21iteration/s]2026-05-26 22:05:00.744 | INFO     | utils.ConnectHandler_server:receive:80 - receive completed

100%|██████████| 19696949/19696949 [00:01<00:00, 11693358.40iteration/s]
2026-05-26 22:05:00.760 | INFO     | __main__:<module>:226 - 2026-05-26 22:05:00 RECV round=97 cid=4 train_duration=86.06649804115295 battery=135244.68J
2026-05-26 22:05:00.760 | INFO     | utils.ConnectHandler_server:send:28 - sending data (59 bytes) to client#4...
2026-05-26 22:05:00.760 | INFO     | utils.ConnectHandler_server:send:34 - sending data (59 bytes) to client#4 completely
2026-05-26 22:05:21.790 | INFO     | utils.ConnectHandler_server:receive:71 - 19696967bytes data to be received from client#5

  0%|          | 0/19696967 [00:00<?, ?iteration/s]
  6%|▌         | 1175776/19696967 [00:00<00:01, 11746093.17iteration/s]
 12%|█▏        | 2353000/19696967 [00:00<00:01, 11756875.53iteration/s]
 18%|█▊        | 3528776/19696967 [00:00<00:01, 11754483.07iteration/s]
 24%|██▍       | 4706000/19696967 [00:00<00:01, 11757158.61iteration/s]
 30%|██▉       | 5881776/19696967 [00:00<00:01, 11755318.66iteration/s]
 36%|███▌      | 7060448/19696967 [00:00<00:01, 11749771.39iteration/s]
 42%|████▏     | 8240568/19696967 [00:00<00:00, 11755494.29iteration/s]
 48%|████▊     | 9420688/19696967 [00:00<00:00, 11762716.71iteration/s]
 54%|█████▍    | 10605152/19696967 [00:00<00:00, 11753486.95iteration/s]
 60%|█████▉    | 11785272/19696967 [00:01<00:00, 11755770.72iteration/s]
 66%|██████▌   | 12965392/19696967 [00:01<00:00, 11760986.79iteration/s]
 72%|███████▏  | 14144064/19696967 [00:01<00:00, 11763045.97iteration/s]
 78%|███████▊  | 15329976/19696967 [00:01<00:00, 11762826.71iteration/s]
 84%|████████▍ | 16518784/19696967 [00:01<00:00, 11765786.78iteration/s]
 90%|████████▉ | 17700352/19696967 [00:01<00:00, 11753438.92iteration/s]
 96%|█████████▌| 18892056/19696967 [00:01<00:00, 11762430.70iteration/s]2026-05-26 22:05:23.466 | INFO     | utils.ConnectHandler_server:receive:80 - receive completed

100%|██████████| 19696967/19696967 [00:01<00:00, 11704239.84iteration/s]
2026-05-26 22:05:23.482 | INFO     | __main__:<module>:226 - 2026-05-26 22:05:23 RECV round=97 cid=5 train_duration=107.27354311943054 battery=127957.09J
2026-05-26 22:05:23.482 | INFO     | utils.ConnectHandler_server:send:28 - sending data (59 bytes) to client#5...
2026-05-26 22:05:23.482 | INFO     | utils.ConnectHandler_server:send:34 - sending data (59 bytes) to client#5 completely
2026-05-26 22:05:37.315 | INFO     | __main__:<module>:313 - 2026-05-26 22:05:37 ROUND=97 end avg_acc=41.6060 best_acc=41.6060 duration=126.56s comm_mb=75.138 selected=[4, 5] checkpoint=logs_real/dfl_real_server/checkpoints/dfl_seed1/checkpoint.pt
2026-05-26 22:05:37.315 | INFO     | __main__:<module>:179 - 2026-05-26 22:05:37 ROUND=98 start selected=[6, 7] active_clients=[0, 1, 2, 3, 4, 5, 6, 7, 8, 9] cursor=8
2026-05-26 22:05:37.334 | INFO     | utils.ConnectHandler_server:send:28 - sending data (19699820 bytes) to client#6...
2026-05-26 22:05:38.922 | INFO     | utils.ConnectHandler_server:send:34 - sending data (19699820 bytes) to client#6 completely
2026-05-26 22:05:38.922 | INFO     | __main__:<module>:207 - 2026-05-26 22:05:38 SEND round=98 cid=6 payload_mb=18.787 duration=1.598s
2026-05-26 22:05:38.941 | INFO     | utils.ConnectHandler_server:send:28 - sending data (19729791 bytes) to client#7...
2026-05-26 22:05:40.663 | INFO     | utils.ConnectHandler_server:send:34 - sending data (19729791 bytes) to client#7 completely
2026-05-26 22:05:40.664 | INFO     | __main__:<module>:207 - 2026-05-26 22:05:40 SEND round=98 cid=7 payload_mb=18.816 duration=1.732s
2026-05-26 22:07:22.274 | INFO     | utils.ConnectHandler_server:receive:71 - 19696955bytes data to be received from client#6

  0%|          | 0/19696955 [00:00<?, ?iteration/s]
  6%|▌         | 1178672/19696955 [00:00<00:01, 11764124.64iteration/s]
 12%|█▏        | 2355896/19696955 [00:00<00:01, 11760710.19iteration/s]
 18%|█▊        | 3533120/19696955 [00:00<00:01, 11761242.12iteration/s]
 24%|██▍       | 4710344/19696955 [00:00<00:01, 11752375.88iteration/s]
 30%|██▉       | 5889016/19696955 [00:00<00:01, 11755503.08iteration/s]
 36%|███▌      | 7069136/19696955 [00:00<00:01, 11762824.50iteration/s]
 42%|████▏     | 8246360/19696955 [00:00<00:00, 11759641.05iteration/s]
 48%|████▊     | 9425032/19696955 [00:00<00:00, 11761460.50iteration/s]
 54%|█████▍    | 10602256/19696955 [00:00<00:00, 11757311.63iteration/s]
 60%|█████▉    | 11780928/19696955 [00:01<00:00, 11754907.17iteration/s]
 66%|██████▌   | 12963944/19696955 [00:01<00:00, 11761214.10iteration/s]
 72%|███████▏  | 14141168/19696955 [00:01<00:00, 11764471.01iteration/s]
 78%|███████▊  | 15318392/19696955 [00:01<00:00, 11756675.28iteration/s]
 84%|████████▍ | 16501408/19696955 [00:01<00:00, 11756954.00iteration/s]
 90%|████████▉ | 17687320/19696955 [00:01<00:00, 11760638.86iteration/s]
 96%|█████████▌| 18868888/19696955 [00:01<00:00, 11758844.70iteration/s]2026-05-26 22:07:23.951 | INFO     | utils.ConnectHandler_server:receive:80 - receive completed

100%|██████████| 19696955/19696955 [00:01<00:00, 11702425.59iteration/s]
2026-05-26 22:07:23.967 | INFO     | __main__:<module>:226 - 2026-05-26 22:07:23 RECV round=98 cid=6 train_duration=102.56935667991638 battery=132369.91J
2026-05-26 22:07:23.967 | INFO     | utils.ConnectHandler_server:send:28 - sending data (59 bytes) to client#6...
2026-05-26 22:07:23.967 | INFO     | utils.ConnectHandler_server:send:34 - sending data (59 bytes) to client#6 completely
2026-05-26 22:08:00.240 | INFO     | utils.ConnectHandler_server:receive:71 - 19697437bytes data to be received from client#7

  0%|          | 0/19697437 [00:00<?, ?iteration/s]
  6%|▌         | 1171432/19697437 [00:00<00:01, 11696650.80iteration/s]
 12%|█▏        | 2345760/19697437 [00:00<00:01, 11719749.15iteration/s]
 18%|█▊        | 3520088/19697437 [00:00<00:01, 11724000.00iteration/s]
 24%|██▍       | 4697312/19697437 [00:00<00:01, 11722758.24iteration/s]
 30%|██▉       | 5871640/19697437 [00:00<00:01, 11717095.39iteration/s]
 36%|███▌      | 7045968/19697437 [00:00<00:01, 11717339.04iteration/s]
 42%|████▏     | 8224640/19697437 [00:00<00:00, 11710817.28iteration/s]
 48%|████▊     | 9396072/19697437 [00:00<00:00, 11710293.10iteration/s]
 54%|█████▎    | 10567504/19697437 [00:00<00:00, 11705171.08iteration/s]
 60%|█████▉    | 11743280/19697437 [00:01<00:00, 11714469.34iteration/s]
 66%|██████▌   | 12919056/19697437 [00:01<00:00, 11708474.84iteration/s]
 72%|███████▏  | 14094832/19697437 [00:01<00:00, 11712562.76iteration/s]
 78%|███████▊  | 15269160/19697437 [00:01<00:00, 11710162.95iteration/s]
 83%|████████▎ | 16444936/19697437 [00:01<00:00, 11711484.26iteration/s]
 89%|████████▉ | 17620712/19697437 [00:01<00:00, 11700329.47iteration/s]
 95%|█████████▌| 18796488/19697437 [00:01<00:00, 11703766.88iteration/s]2026-05-26 22:08:01.925 | INFO     | utils.ConnectHandler_server:receive:80 - receive completed

100%|██████████| 19697437/19697437 [00:01<00:00, 11639940.54iteration/s]
2026-05-26 22:08:01.942 | INFO     | __main__:<module>:226 - 2026-05-26 22:08:01 RECV round=98 cid=7 train_duration=139.22449159622192 battery=111767.63J
2026-05-26 22:08:01.942 | INFO     | utils.ConnectHandler_server:send:28 - sending data (59 bytes) to client#7...
2026-05-26 22:08:01.942 | INFO     | utils.ConnectHandler_server:send:34 - sending data (59 bytes) to client#7 completely
2026-05-26 22:08:16.154 | INFO     | __main__:<module>:313 - 2026-05-26 22:08:15 ROUND=98 end avg_acc=41.7550 best_acc=41.7550 duration=158.59s comm_mb=75.167 selected=[6, 7] checkpoint=logs_real/dfl_real_server/checkpoints/dfl_seed1/checkpoint.pt
2026-05-26 22:08:16.155 | INFO     | __main__:<module>:179 - 2026-05-26 22:08:16 ROUND=99 start selected=[8, 9] active_clients=[0, 1, 2, 3, 4, 5, 6, 7, 8, 9] cursor=0
2026-05-26 22:08:16.174 | INFO     | utils.ConnectHandler_server:send:28 - sending data (19735888 bytes) to client#8...
2026-05-26 22:08:17.722 | INFO     | utils.ConnectHandler_server:send:34 - sending data (19735888 bytes) to client#8 completely
2026-05-26 22:08:17.723 | INFO     | __main__:<module>:207 - 2026-05-26 22:08:17 SEND round=99 cid=8 payload_mb=18.822 duration=1.558s
2026-05-26 22:08:17.742 | INFO     | utils.ConnectHandler_server:send:28 - sending data (19723703 bytes) to client#9...
2026-05-26 22:08:19.471 | INFO     | utils.ConnectHandler_server:send:34 - sending data (19723703 bytes) to client#9 completely
2026-05-26 22:08:19.471 | INFO     | __main__:<module>:207 - 2026-05-26 22:08:19 SEND round=99 cid=9 payload_mb=18.810 duration=1.739s
2026-05-26 22:10:10.286 | INFO     | utils.ConnectHandler_server:receive:71 - 19694062bytes data to be received from client#9

  0%|          | 0/19694062 [00:00<?, ?iteration/s]
  6%|▌         | 1183518/19694062 [00:00<00:01, 11805693.24iteration/s]
 12%|█▏        | 2365622/19694062 [00:00<00:01, 11772050.95iteration/s]
 18%|█▊        | 3544898/19694062 [00:00<00:01, 11757306.70iteration/s]
 24%|██▍       | 4724174/19694062 [00:00<00:01, 11751579.41iteration/s]
 30%|██▉       | 5900622/19694062 [00:00<00:01, 11741877.59iteration/s]
 36%|███▌      | 7079898/19694062 [00:00<00:01, 11744437.09iteration/s]
 42%|████▏     | 8256346/19694062 [00:00<00:00, 11741875.35iteration/s]
 48%|████▊     | 9435622/19694062 [00:00<00:00, 11747036.83iteration/s]
 54%|█████▍    | 10617726/19694062 [00:00<00:00, 11747443.99iteration/s]
 60%|█████▉    | 11792760/19694062 [00:01<00:00, 11742332.20iteration/s]
 66%|██████▌   | 12969208/19694062 [00:01<00:00, 11747746.79iteration/s]
 72%|███████▏  | 14152726/19694062 [00:01<00:00, 11739952.94iteration/s]
 78%|███████▊  | 15329174/19694062 [00:01<00:00, 11745442.94iteration/s]
 84%|████████▍ | 16504208/19694062 [00:01<00:00, 11742088.20iteration/s]
 90%|████████▉ | 17680656/19694062 [00:01<00:00, 11738875.66iteration/s]
 96%|█████████▌| 18859932/19694062 [00:01<00:00, 11745568.68iteration/s]2026-05-26 22:10:11.965 | INFO     | utils.ConnectHandler_server:receive:80 - receive completed

100%|██████████| 19694062/19694062 [00:01<00:00, 11691513.76iteration/s]
2026-05-26 22:10:11.981 | INFO     | __main__:<module>:226 - 2026-05-26 22:10:11 RECV round=99 cid=9 train_duration=110.38382411003113 battery=112194.82J
2026-05-26 22:10:11.981 | INFO     | utils.ConnectHandler_server:send:28 - sending data (59 bytes) to client#9...
2026-05-26 22:10:11.981 | INFO     | utils.ConnectHandler_server:send:34 - sending data (59 bytes) to client#9 completely
2026-05-26 22:12:01.503 | INFO     | utils.ConnectHandler_server:receive:71 - 19697437bytes data to be received from client#8

  0%|          | 0/19697437 [00:00<?, ?iteration/s]
  6%|▌         | 1161296/19697437 [00:00<00:01, 11609538.84iteration/s]
 12%|█▏        | 2329832/19697437 [00:00<00:01, 11639369.41iteration/s]
 18%|█▊        | 3502712/19697437 [00:00<00:01, 11667804.08iteration/s]
 24%|██▎       | 4674144/19697437 [00:00<00:01, 11660760.48iteration/s]
 30%|██▉       | 5849920/19697437 [00:00<00:01, 11684091.82iteration/s]
 36%|███▌      | 7022800/19697437 [00:00<00:01, 11691991.88iteration/s]
 42%|████▏     | 8198576/19697437 [00:00<00:00, 11700603.81iteration/s]
 48%|████▊     | 9378696/19697437 [00:00<00:00, 11719040.26iteration/s]
 54%|█████▎    | 10557368/19697437 [00:00<00:00, 11736830.30iteration/s]
 60%|█████▉    | 11737488/19697437 [00:01<00:00, 11744987.14iteration/s]
 66%|██████▌   | 12920504/19697437 [00:01<00:00, 11736339.08iteration/s]
 72%|███████▏  | 14104968/19697437 [00:01<00:00, 11746744.45iteration/s]
 78%|███████▊  | 15290880/19697437 [00:01<00:00, 11743878.47iteration/s]
 84%|████████▎ | 16469552/19697437 [00:01<00:00, 11748382.47iteration/s]
 90%|████████▉ | 17649672/19697437 [00:01<00:00, 11749231.28iteration/s]
 96%|█████████▌| 18826896/19697437 [00:01<00:00, 11748339.42iteration/s]2026-05-26 22:12:03.185 | INFO     | utils.ConnectHandler_server:receive:80 - receive completed

100%|██████████| 19697437/19697437 [00:01<00:00, 11668831.00iteration/s]
2026-05-26 22:12:03.201 | INFO     | __main__:<module>:226 - 2026-05-26 22:12:03 RECV round=99 cid=8 train_duration=222.95784449577332 battery=80975.31J
2026-05-26 22:12:03.201 | INFO     | utils.ConnectHandler_server:send:28 - sending data (59 bytes) to client#8...
2026-05-26 22:12:03.202 | INFO     | utils.ConnectHandler_server:send:34 - sending data (59 bytes) to client#8 completely
2026-05-26 22:12:17.506 | INFO     | __main__:<module>:313 - 2026-05-26 22:12:17 ROUND=99 end avg_acc=41.7140 best_acc=41.7550 duration=241.01s comm_mb=75.195 selected=[8, 9] checkpoint=logs_real/dfl_real_server/checkpoints/dfl_seed1/checkpoint.pt
2026-05-26 22:12:17.507 | INFO     | utils.ConnectHandler_server:send:28 - sending data (29 bytes) to client#0...
2026-05-26 22:12:17.507 | INFO     | utils.ConnectHandler_server:send:34 - sending data (29 bytes) to client#0 completely
2026-05-26 22:12:17.507 | INFO     | utils.ConnectHandler_server:send:28 - sending data (29 bytes) to client#1...
2026-05-26 22:12:17.508 | INFO     | utils.ConnectHandler_server:send:34 - sending data (29 bytes) to client#1 completely
2026-05-26 22:12:17.508 | INFO     | utils.ConnectHandler_server:send:28 - sending data (29 bytes) to client#2...
2026-05-26 22:12:17.508 | INFO     | utils.ConnectHandler_server:send:34 - sending data (29 bytes) to client#2 completely
2026-05-26 22:12:17.509 | INFO     | utils.ConnectHandler_server:send:28 - sending data (29 bytes) to client#3...
2026-05-26 22:12:17.509 | INFO     | utils.ConnectHandler_server:send:34 - sending data (29 bytes) to client#3 completely
2026-05-26 22:12:17.509 | INFO     | utils.ConnectHandler_server:send:28 - sending data (29 bytes) to client#4...
2026-05-26 22:12:17.509 | INFO     | utils.ConnectHandler_server:send:34 - sending data (29 bytes) to client#4 completely
2026-05-26 22:12:17.510 | INFO     | utils.ConnectHandler_server:send:28 - sending data (29 bytes) to client#5...
2026-05-26 22:12:17.510 | INFO     | utils.ConnectHandler_server:send:34 - sending data (29 bytes) to client#5 completely
2026-05-26 22:12:17.510 | INFO     | utils.ConnectHandler_server:send:28 - sending data (29 bytes) to client#6...
2026-05-26 22:12:17.511 | INFO     | utils.ConnectHandler_server:send:34 - sending data (29 bytes) to client#6 completely
2026-05-26 22:12:17.511 | INFO     | utils.ConnectHandler_server:send:28 - sending data (29 bytes) to client#7...
2026-05-26 22:12:17.511 | INFO     | utils.ConnectHandler_server:send:34 - sending data (29 bytes) to client#7 completely
2026-05-26 22:12:17.511 | INFO     | utils.ConnectHandler_server:send:28 - sending data (29 bytes) to client#8...
2026-05-26 22:12:17.512 | INFO     | utils.ConnectHandler_server:send:34 - sending data (29 bytes) to client#8 completely
2026-05-26 22:12:17.512 | INFO     | utils.ConnectHandler_server:send:28 - sending data (29 bytes) to client#9...
2026-05-26 22:12:17.512 | INFO     | utils.ConnectHandler_server:send:34 - sending data (29 bytes) to client#9 completely
2026-05-26 22:12:17.521 | INFO     | __main__:<module>:347 - Saved summary to logs_real/dfl_real_server/summary_seed1_20260526_175151.json
